tree
version=v4
num_class=1
num_tree_per_iteration=1
label_index=0
max_feature_idx=9
objective=binary sigmoid:1
feature_names=Column_0 Column_1 Column_2 Column_3 Column_4 Column_5 Column_6 Column_7 Column_8 Column_9
feature_infos=[-0.17182731628417969:0.16494844853878021] [-0.08395802229642868:0.17783504724502563] [-0.17182731628417969:0.096050076186656952] [-0.14332248270511627:0] [0:0.1527777761220932] [0.076923079788684845:0.96153843402862549] [0:0.080699555575847626] [-0.077128373086452484:0.059466946870088577] [-0.085211902856826782:0.14155580103397369] [-0.90143281221389771:2.0523834228515625]
tree_sizes=1814 1832 1827 1829 1836 1835 1832 1829 1827 1830 1831 1834 1832 1831 1824 1822 1825 1837 1827 1833 1837 1813 1837 1829 1837 1823 1834 1831 1821 1832 1810 1815 1814 1834 1819 1816 1828 1822 1817 1821 1830 1826 1835 1816 1828 1810 1802 1815 1821 1816 1815 1835 1809 1800 1810 1802 1795 1786 1808 1820 1813 1806 1802 1803 1808 1792 1831 1817 1810 1777 1810 1817 1774 1806 1809 1822 1791 1825 1811 1818 1767 1766 1805 1811 1796 1779 1804 1783 1796 1815 1813 1792 1799 1812 1822 1799 1789 1784 1815 1787 1826 1788 1780 1792 1800 1779 1804 1802 1821 1790 1813 1801 1797 1807 1771 1799 1788 1810 1793 1806 1801 1793 1774 1761 1831 1828 1838 1808 1762 1807 1770 1780 1794 1837 1789 1790 1808 1778 1803 1789 1808 1768 1792 1833 1790 1796 1791 1813 1789 1806 1764 1802 1805 1817 1781 1830 1777 1773 1811 1766 1831 1802 1819 1788 1778 1810 1804 1804 1790 1803 1817 1758 1792 1794 1798 1800 1793 1809 1832 1786 1802 1798 1777 1797 1794 1809 1817 1783 1787 1791 1777 1791 1766 1798 1793 1813 1819 1797 1811 1758

Tree=0
num_leaves=15
num_cat=0
split_feature=9 0 3 2 5 5 2 9 9 9 9 9 9 9
split_gain=768.932 444.266 283.747 165.298 163.015 147.403 105.083 114.266 101.094 97.0497 93.1462 67.821 80.8029 66.7415
threshold=0.0030556262936443095 -0.021824548952281472 -0.010616284795105456 -0.011467990465462206 0.59615385532379161 0.82692307233810436 -0.068305220454931245 0.041613588109612472 -0.00074787970515899349 -0.013098375406116245 1.0000000180025095e-35 0.027922209352254871 0.0053634871728718289 0.020283118821680549
decision_type=2 2 2 2 2 2 2 2 2 2 2 2 2 2
left_child=1 -1 6 -3 -4 8 7 -2 9 -5 -10 12 -8 -6
right_child=2 3 4 5 13 -7 11 -9 10 -11 -12 -13 -14 -15
leaf_value=-0.0036856978523046209 -0.047413876423155338 0.0064315989637050795 0.0066201976564903234 0.0086726952137685196 -0.00041355455618719613 0.0059951954282139591 0.0032486868586114079 0.019298538920868302 0.0031543641401556885 0.014975299571011878 0.011391192534976729 0.0069637584286798152 -0.0057472095026106732 0.0095241396660320464
leaf_weight=6006.9348357915878 254.74723646044731 20777.274604737759 30344.670816063881 7452.919149518013 16196.324299633503 10352.887690186501 3212.9651452302933 85.249075204133987 4511.7010563313961 33864.632630944252 14337.344466149807 1648.2321197092533 11202.628472059965 1885.7295432984829
leaf_count=24028 1019 83110 121380 29812 64786 41412 12852 341 18047 135460 57350 6593 44811 7543
internal_value=0.0066739 0.00948451 0.00245551 0.0103512 0.0043808 0.011506 -0.00322779 -0.0306985 0.0124542 0.0138385 0.00941955 -0.00264408 -0.00374256 0.000622927
internal_weight=162134 97303.7 64830.5 91296.8 48426.7 70519.5 16403.8 339.996 60166.6 41317.6 18849 16063.8 14415.6 18082.1
internal_count=648544 389219 259325 365191 193709 282081 65616 1360 240669 165272 75397 64256 57663 72329
is_linear=0
shrinkage=1


Tree=1
num_leaves=15
num_cat=0
split_feature=9 0 4 5 5 2 2 9 9 9 9 2 9 9
split_gain=725.359 427.626 272.45 159.818 150.674 116.2 107.898 102.85 102.524 93.3421 86.5762 82.4815 73.3123 65.8825
threshold=0.0030556262936443095 -0.020091827027499672 0.011480425484478475 0.55769231915473949 0.82692307233810436 -0.011467990465462206 -0.068305220454931245 0.041613588109612472 -0.00065157795324921597 -0.00020562387362588194 0.027922209352254871 -0.0087250666692852957 -0.013098375406116245 0.0016769809299148621
decision_type=2 2 2 2 2 2 2 2 2 2 2 2 2 2
left_child=1 13 3 -2 5 -3 7 -4 12 -10 -8 -5 -7 -1
right_child=2 4 6 11 -6 8 10 -9 9 -11 -12 -13 -14 -15
leaf_value=-0.010439192746818045 0.00012643857150182702 0.00080200950381056945 -0.053747554996706304 -0.0013139430384138625 -0.00095271885206648385 0.0025199462729678115 -0.010662391848806796 0.0093918874901124261 -0.0076414962264838076 0.0037718377657930098 0.0018713625808610486 -0.0079077867864591894 0.0079875459302493537 0.0072558832579611224
leaf_weight=6518.470892816782 29278.431457161903 15707.838025331497 253.85729432106018 7294.7204699665308 14374.365410119295 7473.1096862703562 12897.409306392074 85.991993188858032 2009.9949681758881 16408.280707895756 1542.2313338965178 13557.458299160004 34164.104301661253 571.49735656380653
leaf_count=26074 117115 62832 1016 29179 57498 29893 51590 344 8040 65635 6169 54230 136664 2286
internal_value=7.79107e-05 0.00281043 -0.00401507 -0.00225609 0.00374044 0.00463087 -0.00998078 -0.0377907 0.00563229 0.00252595 -0.00932368 -0.00560124 0.0070063 -0.00901203
internal_weight=162138 97227.7 64910.1 50130.6 90137.7 75763.3 14779.5 339.849 60055.5 18418.3 14439.6 20852.2 41637.2 7089.97
internal_count=648565 388922 259643 200524 360562 303064 59119 1360 240232 73675 57759 83409 166557 28360
is_linear=0
shrinkage=0.05


Tree=2
num_leaves=15
num_cat=0
split_feature=9 0 3 5 5 1 4 0 9 9 9 4 9 9
split_gain=660.425 379.191 260.081 125.814 117.771 117.239 115.514 84.8402 79.2261 73.3287 98.7288 64.2824 64.1776 63.9808
threshold=0.0028867633081972603 -0.020091827027499672 -0.0089981672354042513 0.82692307233810436 0.59615385532379161 0.0032502346439287071 0.053373176604509361 -0.0070893161464482537 -0.014873661100864409 0.0053634871728718289 0.027922209352254871 0.020931360311806205 0.0017576928948983552 0.020283118821680549
decision_type=2 2 2 2 2 2 2 2 2 2 2 2 2 2
left_child=1 12 6 7 -4 -6 9 8 -3 -2 11 -11 -1 -7
right_child=2 3 4 -5 5 13 -8 -9 -10 10 -12 -13 -14 -15
leaf_value=-0.0097952230787404053 -0.0024255692278029365 -0.0091501935072130468 0.00017438061443807433 -0.00079099028697898169 0.0010135729694095172 -0.0092782427383630538 -0.042112491759098793 0.0052199278493725246 0.0023180259864793678 -0.0094316451354563187 0.0010244962223955139 -0.017847700385269557 0.0097075689509769844 0.002805192369207901
leaf_weight=6566.4700686335564 4429.1540777236223 1684.4721932709217 29041.161659196019 14167.905209928751 5339.2158420681953 10120.838534533978 251.98186440765858 58971.61139601469 14140.457831844687 11028.677303895354 1886.6555002182722 2858.2946488559246 449.99498490989208 1227.9941203594208
leaf_count=26267 17717 6738 116166 56672 21357 40484 1009 235907 56564 44117 7547 11435 1800 4912
internal_value=-2.97284e-06 0.00264666 -0.00384549 0.00352927 -0.00174913 -0.00509631 -0.00853184 0.00434761 0.0010968 -0.00811094 -0.0097071 -0.011165 -0.00854322 -0.00797063
internal_weight=162165 95980.9 66184 88964.4 45729.2 16688 20454.8 74796.5 15824.9 20202.8 15773.6 13887 7016.47 11348.8
internal_count=648692 383948 264744 355881 182919 66753 81825 299209 63302 80816 63099 55552 28067 45396
is_linear=0
shrinkage=0.05


Tree=3
num_leaves=15
num_cat=0
split_feature=3 5 3 2 2 6 2 5 1 1 1 6 1 6
split_gain=433.396 211.697 158.606 108.704 84.3565 49.648 65.0397 69.0569 43.9232 41.8318 39.4189 37.0769 35.7992 35.0456
threshold=-0.019974213093519207 0.90384614467620861 -0.0055152780842036 -0.068305220454931245 -0.01175830466672778 0.0021004242589697246 -0.0042803375981748095 0.25000000745058065 -0.0065195031929761163 0.027869404293596748 -0.0016326375771313904 0.00083278308738954376 0.0039133289828896531 0.0038527714787051086
decision_type=2 2 2 2 2 2 2 2 2 2 2 2 2 2
left_child=3 2 4 -1 -2 6 8 12 -4 -7 -10 -9 -8 -11
right_child=1 -3 5 -5 -6 9 7 11 10 13 -12 -13 -14 -15
leaf_value=-0.031706572194694291 -0.0033692510078592226 -0.0059103774826893898 -0.0025826439035954592 -0.0084405691809062624 0.00060838825478885025 0.0039352711033520098 -0.0010699828046902367 -0.02247657987426302 0.0095943205309268753 -0.0069779490738799731 0.0027100415235235559 -0.0027590769940919486 0.0057792980610890925 0.0022254373501459897
leaf_weight=525.7348138988018 21143.301763236523 11458.636015087366 1971.4353694021702 10786.958096444607 36063.278604894876 47609.737931668758 3296.918871447444 242.47477185726166 3678.4792017936707 1625.6201021969318 4784.0771123021841 11538.809753969312 4525.8266121000051 2840.0521646291018
leaf_count=2107 84578 45836 7886 43154 144267 190454 13189 970 14715 6503 19138 46160 18105 11361
internal_value=-8.6106e-05 0.000622102 0.00115942 -0.00952452 -0.000861763 0.00256752 0.000948673 -0.000748713 0.00413759 0.00350126 0.00570326 -0.00316676 0.00289288 -0.00112565
internal_weight=162091 150779 139320 11312.7 57206.6 82113.4 30038 19604 10434 52075.4 8462.56 11781.3 7822.75 4465.67
internal_count=648423 603162 557326 45261 228845 328481 120163 78424 41739 208318 33853 47130 31294 17864
is_linear=0
shrinkage=0.05


Tree=4
num_leaves=15
num_cat=0
split_feature=9 0 4 5 5 2 4 2 9 9 9 9 9 4
split_gain=533.758 337.087 215.195 123.421 120.573 113.11 79.491 75.6309 68.7697 100.158 68.4601 56.6798 78.1326 68.5352
threshold=0.0027977317804470663 -0.020091827027499672 0.01058586221188307 0.51923078298568737 0.82692307233810436 -0.011467990465462206 0.053373176604509361 -0.0087250666692852957 -0.00074787970515899349 1.0000000180025095e-35 -0.013098375406116245 0.030197517015039924 0.0083364178426563757 0.024179974570870403
decision_type=2 2 2 2 2 2 2 2 2 2 2 2 2 2
left_child=1 -1 3 -2 5 -3 11 -5 10 -10 -7 12 13 -4
right_child=2 4 6 7 -6 8 -8 -9 9 -11 -12 -13 -14 -15
leaf_value=-0.0081787619481539491 0.00046584535740239901 0.00021737553394549463 -0.0029765502045107171 -0.00048385420687053555 -0.0010307776038282069 0.0017954118049615384 -0.035957027940584967 -0.0066142855845287511 -0.0040291132843982315 0.0046183274518596792 0.0070985286316452558 0.0015065796865469903 -0.012106814717078689 -0.017644905963238807
leaf_weight=6994.8058281987906 27317.56430131197 15440.584983989596 6052.782559171319 7608.8584698140621 14011.686610609293 7423.657829746604 255.3569368571043 14849.864237293601 4496.1061397790909 13110.634833022952 33788.201995253563 1461.6649870276451 8209.2139762192965 916.09051135182381
leaf_count=27985 109273 61764 24214 30436 56047 29697 1025 59403 17985 52449 135183 5847 32847 3666
internal_value=-1.5344e-05 0.00238608 -0.00344669 -0.00179165 0.00322335 0.00402605 -0.00832234 -0.00453745 0.00502585 0.00240999 0.00614332 -0.00789611 -0.00880164 -0.00490703
internal_weight=161937 95265.7 66671.4 49776.3 88270.9 74259.2 16895.1 22458.7 58818.6 17606.7 41211.9 16639.8 15178.1 6968.87
internal_count=647821 381110 266711 199112 353125 297078 67599 89839 235314 70434 164880 66574 60727 27880
is_linear=0
shrinkage=0.05


Tree=5
num_leaves=15
num_cat=0
split_feature=9 0 4 5 5 2 9 9 2 9 1 9 9 9
split_gain=495.81 285.106 184.572 143.791 113.245 109.149 93.0923 73.5456 80.4622 72.1372 70.8566 70.1147 62.4967 55.2329
threshold=0.0027977317804470663 -0.020091827027499672 0.020931360311806205 0.51923078298568737 0.82692307233810436 -0.011467990465462206 0.025094754062592987 0.030197517015039924 -0.068305220454931245 -0.00074787970515899349 -0.0019901659106835719 -0.013098375406116245 1.0000000180025095e-35 0.0017576928948983552
decision_type=2 2 2 2 2 2 2 2 2 2 2 2 2 2
left_child=1 13 3 -2 5 -3 10 8 -4 11 -5 -7 -11 -1
right_child=2 4 7 6 -6 9 -8 -9 -10 12 -12 -13 -14 -15
leaf_value=-0.0085803885689123126 -0.00027772793630041949 0.00010662721351062458 -0.045357334636783583 -0.00041452890769866119 -0.0010472102090555782 0.0015841540769796344 0.0050442825221926006 0.0011360205461923981 -0.01405267009639544 -0.0029307002250498846 -0.0070141300900893773 0.0069395380274404868 0.0038935804739389256 0.0098979399539154307
leaf_weight=6537.9408428966999 32105.370475977659 15467.819894075394 216.97576111555099 4937.9390750527382 14070.943085506558 7462.5329005718231 2107.6381550729275 765.42277705669403 3595.8136466741562 4506.1681910455227 23064.254862248898 33782.467011705041 13123.897601097822 430.24465468525887
leaf_count=26161 128429 61873 875 19754 56284 29853 8431 3063 14393 18025 92269 135176 52505 1721
internal_value=-1.50308e-05 0.00229846 -0.00331871 -0.0026056 0.00306591 0.00384441 -0.00508765 -0.0130068 -0.0158456 0.00482639 -0.00585041 0.00597064 0.00214926 -0.0074382
internal_weight=162175 95382 66793.4 62215.2 88413.8 74342.9 30109.8 4578.21 3812.79 58875.1 28002.2 41245 17630.1 6968.19
internal_count=648812 381598 267214 248883 353716 297432 120454 18331 15268 235559 112023 165029 70530 27882
is_linear=0
shrinkage=0.05


Tree=6
num_leaves=15
num_cat=0
split_feature=9 0 4 5 4 9 5 1 9 9 9 4 0 1
split_gain=484.879 276.83 179.345 92.0866 79.181 67.1768 66.9816 76.5313 65.475 100.175 82.5601 59.9482 55.2748 73.1022
threshold=0.0030556262936443095 -0.020091827027499672 0.0071558302734047183 0.90384614467620861 0.020107891410589222 0.030197517015039924 0.59615385532379161 0.0033425465226173405 -0.00074787970515899349 -0.013098375406116245 -0.00029636744875460858 0.053373176604509361 -0.0056197147350758305 -0.0055181852076202622
decision_type=2 2 2 2 2 2 2 2 2 2 2 2 2 2
left_child=1 -1 6 8 -4 11 -2 -8 9 12 -10 -6 13 -3
right_child=2 3 4 -5 5 -7 7 -9 10 -11 -12 -13 -14 -15
leaf_value=-0.0073412471558473753 0.00020055680174225295 0.0070923308502800963 -0.0053282230812538023 -0.0025974195789110078 -0.013696250023645301 0.00093857274833228149 0.0013724234639335424 -0.0066311193969997287 -0.0070157542458637971 0.0053292846019425792 0.0022374258961875533 -0.04459576219009663 0.0020528832178884761 -0.011183888099519021
leaf_weight=7109.7205590903759 25568.325929000974 756.23827336728573 20420.624848663807 7007.9646887481213 4003.1254086643457 795.92967729270458 4355.3288991749287 9502.9718800336123 2696.460337176919 46402.003416791558 22669.942963257432 162.62537409365177 8560.894279807806 1972.4491139054298
leaf_count=28453 102276 3025 81699 28032 16033 3185 17422 38020 10786 185674 90693 657 34247 7890
internal_value=-7.74912e-05 0.00215653 -0.0034272 0.00290635 -0.00670525 -0.0123704 -0.00131672 -0.00411588 0.00337075 0.00430161 0.00125357 -0.0149129 7.76151e-05 -0.00611801
internal_weight=161985 97175.7 64808.9 90066 25382.3 4961.68 39426.6 13858.3 83058 57691.6 25366.4 4165.75 11289.6 2728.69
internal_count=648092 388800 259292 360347 101574 19875 157718 55442 332315 230836 101479 16690 45162 10915
is_linear=0
shrinkage=0.05


Tree=7
num_leaves=15
num_cat=0
split_feature=9 0 4 5 5 9 9 2 2 1 9 2 1 9
split_gain=424.112 228.827 165.378 117.661 95.8023 76.198 84.552 84.4391 71.7124 64.0262 60.9651 66.8933 60.6165 54.9849
threshold=0.0027977317804470663 -0.020091827027499672 0.019737682305276397 0.55769231915473949 0.90384614467620861 -0.00074787970515899349 -0.00029636744875460858 -0.012343329377472399 -0.022604571655392643 -0.011756773106753824 0.025094754062592987 0.0048141791485250005 0.017537609674036506 -0.013098375406116245
decision_type=2 2 2 2 2 2 2 2 2 2 2 2 2 2
left_child=1 -1 3 -2 5 7 -7 -3 -8 -10 11 -5 -13 -9
right_child=2 4 -4 10 -6 6 8 13 9 -11 -12 12 -14 -15
leaf_value=-0.0066482012099034126 -0.0004652432085464716 0.00034808428721773746 -0.011623866382531482 -0.004602579944673996 -0.002909204946269651 -0.007448663773068848 0.023936669818638789 0.0015055657652189927 -0.036511964011807264 0.0017367287594496602 0.0038265416175087123 -0.029952693511517109 -0.0096417192589481129 0.0059730391045273029
leaf_weight=6988.0860190093517 34399.843429282308 11351.889530748129 5282.7328514754772 22350.005267217755 6894.4299365580082 2717.1816779375076 362.4863605350256 8420.0027218461037 108.99567869305611 20669.013919204473 1873.8960209935904 433.36212395131588 2396.3881747126579 37859.936620086432
leaf_count=27971 137609 45410 21171 89423 27578 10869 1450 33684 436 82691 7496 1734 9589 151522
internal_value=-7.80926e-05 0.00206123 -0.00313536 -0.00240549 0.00274991 0.00322873 0.000852347 0.00421244 0.00191958 0.00153434 -0.00487248 -0.00551999 -0.0127617 0.00516029
internal_weight=162108 95372 66736.2 61453.5 88383.9 81489.5 23857.7 57631.8 21140.5 20778 27053.7 25179.8 2829.75 46279.9
internal_count=648633 381611 267022 245851 353640 326062 95446 230616 84577 83127 108242 100746 11323 185206
is_linear=0
shrinkage=0.05


Tree=8
num_leaves=15
num_cat=0
split_feature=9 0 3 2 4 9 9 9 2 9 2 1 1 0
split_gain=374.334 238.242 159.112 111.47 78.5782 77.2163 66.6291 77.3677 65.5584 55.3515 107.004 61.057 57.9341 78.0834
threshold=0.0027129113441333179 -0.026461692526936528 -0.0089138960465788824 -0.011467990465462206 0.053373176604509361 0.020283118821680549 -0.00065157795324921597 -0.00020562387362588194 0.0062472503632307061 0.0091610192321240919 0.0060056620277464398 0.012543915770947935 0.031173381954431537 0.014987056143581869
decision_type=2 2 2 2 2 2 2 2 2 2 2 2 2 2
left_child=1 -1 4 -3 -2 9 -5 8 -8 -4 12 -12 13 -11
right_child=2 3 5 6 -6 -7 7 -9 -10 10 11 -13 -14 -15
leaf_value=-0.010284679456685675 -0.0060979871080320538 -0.00049401370065189497 -0.00051977165752108048 0.0045647698573364204 -0.03397100579007261 0.004797411794273297 -0.0044565815458247901 0.0022853100541491375 -0.031383346695558444 -0.0034408041225675065 0.018066533977144732 -0.017362116395224263 -0.02556141642013179 0.009938685551093283
leaf_weight=3752.2602909058332 20657.82330943644 22366.485460206866 26688.935187458992 48704.758416429162 255.04442992806435 4829.0861403644085 2146.6024938225746 17325.855253264308 251.7310488820076 11389.040698215365 129.24533261358738 1875.0400273501873 269.16403776407242 1204.9745102971792
leaf_count=15023 82691 89480 106771 194927 1032 19317 8587 69319 1007 45561 517 7502 1077 4821
internal_value=3.13165e-05 0.00206004 -0.00281884 0.00257032 -0.00643952 -0.00118635 0.00357191 0.00112013 -0.00729474 -0.00188179 -0.00432659 -0.0150696 -0.00265162 -0.00215999
internal_weight=161846 94547.7 67298.4 90795.4 20912.9 46385.5 68428.9 19724.2 2398.33 41556.4 14867.5 2004.29 12863.2 12594
internal_count=647632 378343 269289 363320 83723 185566 273840 78913 9594 166249 59478 8019 51459 50382
is_linear=0
shrinkage=0.05


Tree=9
num_leaves=15
num_cat=0
split_feature=9 0 3 2 9 9 9 9 9 1 2 2 2 1
split_gain=327.131 215.857 145.706 69.6073 110.352 60.4686 94.5754 68.4136 56.2625 54.0078 53.5303 52.1747 48.6767 47.9232
threshold=0.0028867633081972603 -0.019573427736759182 -0.0067113747354596845 -0.068305220454931245 0.041613588109612472 -0.00074787970515899349 -0.00029636744875460858 -0.013098375406116245 0.020283118821680549 -0.024139321409165856 -0.015314235351979731 -0.01282987743616104 -0.028285232372581955 0.0078456075862050074
decision_type=2 2 2 2 2 2 2 2 2 2 2 2 2 2
left_child=1 -1 3 4 -2 7 10 -3 13 -6 -7 -9 -8 -4
right_child=2 5 8 -5 9 6 12 11 -10 -11 -12 -13 -14 -15
leaf_value=-0.0064182665042158962 -0.04438232932618659 -4.780812474524371e-05 0.00014057138834978062 -0.0053085209778022903 0.042311809668011367 -0.03003917426648944 0.03429581963229298 0.00060594215211610806 0.0047326408335487576 -0.042842948575817018 -0.0059376061971396533 0.0048708311699790976 0.0013589918350660141 -0.0036044149674736448
leaf_weight=7406.0453653335571 258.64524050056934 12159.769856989384 19777.96618309617 26820.558743521571 67.197142601013184 251.24476720392704 111.71910090744495 8671.8208875507116 4073.769530236721 24.708440259099007 2671.8934142589569 41444.450244531035 23348.603615507483 15036.424986228347
leaf_count=29653 1053 48646 79118 107354 269 1005 447 34689 16296 99 10689 165900 93414 60161
internal_value=-8.0811e-05 0.00178165 -0.00278925 -0.00559847 -0.0277045 0.00246669 0.000460495 0.00331659 -0.000826357 0.0192036 -0.00801871 0.00413289 0.00151729 -0.00147695
internal_weight=162125 96065.5 66059.3 27171.1 350.551 88659.5 26383.5 62276 38888.2 91.9056 2923.14 50116.3 23460.3 34814.4
internal_count=648793 384443 264350 108775 1421 354790 105555 249235 155575 368 11694 200589 93861 139279
is_linear=0
shrinkage=0.05


Tree=10
num_leaves=15
num_cat=0
split_feature=9 0 4 2 9 4 9 9 2 1 9 1 2 0
split_gain=311.053 207.718 168.779 65.3263 63.7888 60.9858 61.7547 60.3206 60.2273 57.7346 74.55 101.43 67.2645 65.1293
threshold=0.0030556262936443095 -0.021824548952281472 0.009234595578163864 -0.011467990465462206 0.020283118821680549 0.020931360311806205 0.030197517015039924 -0.00065157795324921597 -0.068305220454931245 0.0034394330577924852 0.0066902458202093848 0.0037203985266387467 0.0057992844376713046 0.014987056143581869
decision_type=2 2 2 2 2 2 2 2 2 2 2 2 2 2
left_child=1 -1 4 -3 9 -4 8 -5 -7 -2 11 -11 13 -12
right_child=2 3 5 7 -6 6 -8 -9 -10 10 12 -13 -14 -15
leaf_value=-0.0071485196602042618 0.000729934102181367 -2.4583454612861365e-06 -0.0049539118582593257 0.0041651691016789116 0.0044673793431437327 -0.040878453291398345 0.0012874486669875052 0.00099299480869168249 -0.012730472420161535 -0.033599793187307679 -0.0055711851092977238 0.00085902092236147132 -0.012178499161314089 0.0041755295519007819
leaf_weight=5989.7891933619976 16245.766048431396 20750.520196139812 15109.931187704206 48741.818996578455 4893.8664645254612 200.15073898434639 771.4130325615406 21640.426667779684 3524.5781795233488 217.21166306734085 8905.6725541502237 10002.501973479986 2965.0210957825184 2121.5967544615269
leaf_count=23991 64986 83011 60479 195116 19577 823 3089 86584 14137 869 35631 40020 11865 8489
internal_value=7.88187e-05 0.00187015 -0.00259951 0.00246298 -0.00092369 -0.00647566 -0.0115875 0.00318985 -0.0142536 -0.0015759 -0.00312304 0.000123411 -0.00549402 -0.00369575
internal_weight=162080 97122.6 64957.7 91132.8 45351.6 19606.1 4496.14 70382.2 3724.73 40457.8 24212 10219.7 13992.3 11027.3
internal_count=648667 388702 259965 364711 181437 78528 18049 281700 14960 161860 96874 40889 55985 44120
is_linear=0
shrinkage=0.05


Tree=11
num_leaves=15
num_cat=0
split_feature=9 2 3 5 2 9 3 9 9 1 2 6 9 5
split_gain=270.713 154.609 126.545 77.6888 71.3434 56.5872 54.1659 52.5672 81.2344 79.5923 53.3902 52.1056 66.0706 50.6523
threshold=0.0027977317804470663 -0.01282987743616104 -0.0067113747354596845 0.82692307233810436 -0.05689458176493644 0.020283118821680549 -0.021723535843193528 -0.00056088442215695966 1.0000000180025095e-35 0.014398825354874136 0.014360440894961359 0.0023581811692565684 0.0053634871728718289 0.51923078298568737
decision_type=2 2 2 2 2 2 2 2 2 2 2 2 2 2
left_child=1 4 6 7 -1 13 -2 -3 9 -9 -11 -8 -13 -4
right_child=2 3 5 -5 -6 -7 11 8 -10 10 -12 12 -14 -15
leaf_value=-0.019630752308183202 -0.010323003383102741 0.0044761544006040157 0.00039923606859822256 -0.0010583624059634492 -0.0014044561181869957 0.005002370151594885 -0.0082516958627627639 -0.0092735802401295933 0.0030653508145742215 0.010691668978719067 -0.028184610030013452 0.0029350131211599477 -0.0043959569571952002 -0.0034273784834052954
leaf_weight=549.09297241270542 4100.5262322872877 43990.74431180954 20165.397683665156 10729.257726550102 22411.112887874246 4042.9817417263985 5692.5387584716082 2922.1858169585466 13684.958266675472 919.34283101558685 96.727887541055679 3962.0895732045174 13693.040444299579 15139.865329682827
leaf_count=2201 16477 176132 80664 42920 89685 16174 22783 11690 54760 3678 387 15854 54812 60584
internal_value=2.28887e-05 0.00173351 -0.00241777 0.00286805 -0.00184117 -0.000600083 -0.00502339 0.00355179 0.00124428 -0.00508289 0.00696665 -0.00409223 -0.0027507 -0.00124177
internal_weight=162100 95303.4 66796.4 72343.2 22960.2 39348.2 27448.2 61614 17623.2 3938.26 1016.07 23347.7 17655.1 35305.3
internal_count=648801 381453 267348 289567 91886 157422 109926 246647 70515 15755 4065 93449 70666 141248
is_linear=0
shrinkage=0.05


Tree=12
num_leaves=15
num_cat=0
split_feature=9 0 5 5 1 0 2 5 2 0 2 0 1 9
split_gain=275.248 182.948 135.845 91.285 77.3095 70.5986 67.1402 57.721 55.3305 47.6198 47.5121 51.7293 46.9624 45.9625
threshold=0.0027129113441333179 -0.026461692526936528 0.51923078298568737 0.90384614467620861 -0.0019901659106835719 -0.010529686231166123 -0.011467990465462206 0.44230769574642187 -0.02176778111606836 -0.008863765746355055 -0.015109774190932511 -0.0074015066493302575 0.0032502346439287071 0.027922209352254871
decision_type=2 2 2 2 2 2 2 2 2 2 2 2 2 2
left_child=1 -1 9 6 10 -6 7 -3 13 -2 11 -4 -10 -7
right_child=2 3 4 -5 5 8 -8 -9 12 -11 -12 -13 -14 -15
leaf_value=-0.009145646319387456 -0.0036356175847457001 -0.0033826497114658642 -0.0032696401752169688 -0.0032895067298063644 -0.012806869572631647 0.0020608568970310139 0.0033873581525809965 0.0021412839517686768 -0.00042487281635458519 0.00077522554479449559 0.0085621993022677537 0.018811858709826712 -0.0063132797810804943 0.039551936924670308
leaf_weight=3746.8585779666901 8015.2135464996099 7544.7276835739613 4731.664795294404 7166.2360286414623 3275.0540060847998 255.86389860510826 63606.199861004949 12668.104368269444 4104.5454943627119 25854.482145696878 1340.3655137717724 279.98405183851719 19346.878755673766 119.21582895517349
leaf_count=15017 32097 30186 18962 28667 13136 1024 254644 50684 16422 103432 5362 1120 77449 477
internal_value=-5.65073e-05 0.00168062 -0.00250085 0.00212655 -0.00476072 -0.00592434 0.00258964 7.93316e-05 -0.00497781 -0.00026867 0.000204117 -0.00203251 -0.00528273 0.0140506
internal_weight=162055 94732.1 67323.3 90985.3 33453.6 27101.6 83819 20212.8 23826.5 33869.7 6352.01 5011.65 23451.4 375.08
internal_count=648679 379198 269481 364181 133952 108508 335514 80870 95372 135529 25444 20082 93871 1501
is_linear=0
shrinkage=0.05


Tree=13
num_leaves=15
num_cat=0
split_feature=4 5 4 3 6 1 1 8 1 7 8 6 0 6
split_gain=192.653 114.339 62.4794 58.4061 44.6129 50.1187 43.6442 34.9861 33.5674 31.5868 30.7974 51.8253 30.5695 29.6711
threshold=0.015083578880876304 0.82692307233810436 0.0040870748925954112 -0.052881149575114243 0.0021367511944845323 -0.0016326375771313904 0.049988374114036567 0.011275785975158216 -0.0065195031929761163 0.0019720406271517281 -0.0093070548027753813 0.0061282857786864051 -0.013143151067197321 0.012913099490106108
decision_type=2 2 2 2 2 2 2 2 2 2 2 2 2 2
left_child=1 2 4 6 5 8 -2 10 -1 -7 11 -5 -4 -12
right_child=3 -3 12 7 -6 9 -8 -9 -10 -11 13 -13 -14 -15
leaf_value=-0.00062915736766025931 -0.025817534067944077 -0.0027815407906993336 -0.0026988343914434408 -0.011289099324806866 0.0033381937255683052 -0.0015332398263922307 0.023873840440235838 -0.021224596883545551 0.0081002222186643373 0.0032880135560060409 -0.0025062008726395948 -0.00059429445275046839 0.00050236398646205801 -0.02235871714231448
leaf_weight=1663.6313155591488 464.83884800970554 21021.013421073556 8871.8050488382578 3039.3101286441088 39030.585721775889 15623.916059240699 48.039153695106506 291.83212077617645 3256.0219947695732 4340.1187612861395 15575.865337595344 1805.6019457429647 46758.518085688353 189.53133271634579
leaf_count=6656 1887 84117 35506 12178 156217 62542 193 1172 13033 17372 62404 7237 187160 760
internal_value=-5.40088e-05 0.000619049 0.00121704 -0.0044717 0.00228345 0.000628989 -0.0211257 -0.00406207 0.00514876 -0.000485002 -0.00381804 -0.0073043 -8.19563e-06 -0.00274627
internal_weight=161981 140566 119545 21415 63914.3 24883.7 512.878 20902.1 4919.65 19964 20610.3 4844.91 55630.3 15765.4
internal_count=648434 562603 478486 85831 255820 99603 2080 83751 19689 79914 82579 19415 222666 63164
is_linear=0
shrinkage=0.05


Tree=14
num_leaves=15
num_cat=0
split_feature=9 0 5 5 1 4 2 9 6 9 4 4 2 2
split_gain=237.542 138.751 105.942 67.9087 54.6654 51.5011 48.9926 59.0571 45.2616 48.4219 47.6237 44.8559 42.1468 38.2298
threshold=0.0028867633081972603 -0.026461692526936528 0.55769231915473949 0.94230768084526073 -0.00066011628950946022 0.0019851727411150937 -0.015109774190932511 0.021082832477986816 0.0019934632582589988 0.012578178662806751 0.024924014694988731 0.053373176604509361 0.0033154254779219632 -0.068305220454931245
decision_type=2 2 2 2 2 2 2 2 2 2 2 2 2 2
left_child=1 -1 11 5 6 -3 13 -8 9 -6 -10 -2 -11 -4
right_child=2 3 4 -5 8 -7 7 -9 10 12 -12 -13 -14 -15
leaf_value=-0.0077690206822253298 -0.00034547963894301882 0.0040430609034986823 -0.02503107302891976 -0.0047674813440260339 -0.0079317554425596803 0.0014591594904182525 0.0048780388160406581 0.056604239934481708 -0.0038202372972491096 -0.017163462989649252 -0.014081552959204047 -0.034988022256015799 -0.052530683768342593 -0.0022088904410505496
leaf_weight=3772.4707643538713 35844.21822886169 28329.517609119415 189.76291944086552 3549.8672355264425 4102.1924600601196 60400.644089102745 1762.1699935346842 55.980773583054543 17238.955950126052 563.46407960355282 1209.3125742524862 92.685831755399704 98.571935042738914 4828.7169873267412
leaf_count=15130 143433 113421 777 14201 16424 241774 7050 224 69026 2256 4866 381 395 19338
internal_value=4.1878e-05 0.0016286 -0.00226782 0.00201286 -0.00445872 0.00228418 -0.000529007 0.00650093 -0.00561605 -0.00996054 -0.00449361 -0.000435798 -0.0225006 -0.00307668
internal_weight=162039 96052.5 65986 92280 30049.1 88730.2 6836.63 1818.15 23212.5 4764.23 18448.3 35936.9 662.036 5018.48
internal_count=648696 384526 264170 369396 120356 355195 27389 7274 92967 19075 73892 143814 2651 20115
is_linear=0
shrinkage=0.05


Tree=15
num_leaves=15
num_cat=0
split_feature=4 2 5 5 2 6 2 5 6 1 6 1 3 2
split_gain=167.879 99.0805 64.7552 62.7763 57.9009 42.5698 60.575 37.6489 35.3376 34.8967 40.3825 34.3937 33.5887 23.2845
threshold=0.0063808958511799583 -0.068305220454931245 0.90384614467620861 0.82692307233810436 -0.013139909133315085 0.0021367511944845323 -0.0041981304530054322 0.25000000745058065 0.00083278308738954376 -0.018114853650331494 0.015405554324388506 0.00906195677816868 -0.052881149575114243 0.011980047449469568
decision_type=2 2 2 2 2 2 2 2 2 2 2 2 2 2
left_child=3 9 4 5 12 6 -1 -8 -9 -2 -11 -5 -3 -7
right_child=1 2 -4 11 -6 13 7 8 -10 10 -12 -13 -14 -15
leaf_value=0.0033344704950293113 -0.013119280191367908 -0.023157701159004451 -0.0062813384205398608 0.00054757674463902549 0.00010984273345033048 0.0029693521860381673 0.001288803008720139 -0.023123027565178568 -0.0027982704964199367 -0.047609082715189682 0.014966643658410795 -0.0047365382807802812 -0.0028906019744955364 -0.0017748457465433119
leaf_weight=10959.539478585124 359.44940239191055 205.2005984634161 6974.0629134625196 6490.1797501295805 35131.387496829033 49766.693742543459 8042.6921678334475 217.12488099932671 10997.665493175387 180.76899684965611 29.564181715250015 5858.5118897557259 24154.65039755404 2727.4587721526623
leaf_count=43869 1462 829 27928 25968 140646 199205 32195 869 44029 743 121 23447 96743 10918
internal_value=1.45023e-05 -0.00190164 -0.00172348 0.00136575 -0.00118907 0.00186222 0.000367111 -0.00132171 -0.0031938 -0.0226448 -0.0387843 -0.00195951 -0.00306227 0.00272283
internal_weight=162095 67035.1 66465.3 95059.9 59491.2 82711.2 30217 19257.5 11214.8 569.783 210.333 12348.7 24359.9 52494.2
internal_count=648972 268472 266146 380500 238218 331085 120962 77093 44898 2326 864 49415 97572 210123
is_linear=0
shrinkage=0.05


Tree=16
num_leaves=15
num_cat=0
split_feature=9 0 4 5 9 9 9 0 9 9 0 9 0 6
split_gain=208.451 114.377 104.502 63.0208 56.6061 53.6448 51.6966 64.7146 47.164 51.849 45.6754 45.4845 46.671 40.6683
threshold=0.0053634871728718289 -0.013143151067197321 0.0082384818233549612 0.90384614467620861 -0.014873661100864409 0.027922209352254871 0.020283118821680549 0.027818324044346813 0.0052576074376702317 -0.00074787970515899349 0.024876864627003673 -0.00029636744875460858 0.010814911685884001 0.001562239427585155
decision_type=2 2 2 2 2 2 2 2 2 2 2 2 2 2
left_child=1 4 6 8 -1 -4 7 -2 9 -3 -10 -11 -13 -14
right_child=2 3 5 -5 -6 -7 -8 -9 10 11 -12 12 13 -15
leaf_value=-0.0096003230315777482 -0.0012572699364599444 0.003123700875093921 -0.0068114755980058315 -0.0025922605110275626 -0.0014222987459085656 0.001704814270635048 0.0039358045133252566 -0.012438392747895176 0.020615394991788598 -0.0057949828523309252 -0.055267979204098344 0.00020518776585161424 0.017689594705714292 0.0036978756988031874
leaf_weight=2494.8158701956272 25847.422405034304 52908.073839306831 15492.427986696362 7371.2925696223974 13906.189020052552 2099.3240252584219 4558.3861519992352 1361.3452958464622 480.32694518566132 2537.8231710940599 19.74023012816906 26328.047096997499 566.99414391815662 6078.8195168226957
leaf_count=9999 103425 211880 62140 29492 55692 8408 18238 5451 1922 10153 79 105354 2269 24327
internal_value=5.95746e-06 0.00119277 -0.00270364 0.00185018 -0.0026668 -0.00579514 -0.000991527 -0.00181714 0.00221847 0.00213176 0.0175156 0.00065385 0.00115034 0.00489407
internal_weight=162051 112692 49358.9 96291.1 16401 17591.8 31767.2 27208.8 88919.8 88419.8 500.067 35511.7 32973.9 6645.81
internal_count=648829 451167 197662 385476 65691 70548 127114 108876 355984 353983 2001 142103 131950 26596
is_linear=0
shrinkage=0.05


Tree=17
num_leaves=15
num_cat=0
split_feature=4 2 2 5 5 3 6 8 0 0 0 6 2 2
split_gain=162.114 86.8306 57.4459 51.1184 45.361 35.5518 34.803 36.3082 30.8558 27.2327 25.2066 25.0821 44.3725 47.9119
threshold=0.0052298326045274743 -0.068305220454931245 -0.01175830466672778 0.78846153616905224 0.78846153616905224 -0.052881149575114243 0.0071105430833995351 -0.0093070548027753813 -0.0010958279017359016 -0.059566779062151902 -0.048217911273241036 0.0021367511944845323 -0.0041981304530054322 -0.00044590604375116522
decision_type=2 2 2 2 2 2 2 2 2 2 2 2 2 2
left_child=3 9 5 11 -4 -3 7 -7 -5 -2 -8 12 -1 -14
right_child=1 2 4 8 -6 6 10 -9 -10 -11 -12 -13 13 -15
leaf_value=0.0036387867140627028 -0.015102660523107962 -0.021989952847281516 0.00054544976047754101 0.0032332310693897284 -0.003192261314923197 -0.0082025972985265896 0.019646458964509141 -0.0028448869060468101 -0.0025724190192972251 -0.041208199113313214 0.00092481094129575551 0.0027593279630001343 -0.0039319482334501865 0.001437459681315559
leaf_weight=9147.3868980407715 447.43101158738136 246.74164099991322 33713.166761532426 2917.0126552134752 10690.477092728019 3607.1601008176804 190.82827696204185 25610.480847746134 10610.919790372252 128.60505138337612 2867.1387426555157 44469.48681871593 6817.5094105899334 10633.228598237038
leaf_count=36620 1834 999 134982 11671 42800 14460 766 102566 42472 526 11487 178023 27292 42571
internal_value=-1.68311e-05 -0.00166882 -0.00152385 0.00149664 -0.000354481 -0.00312036 -0.00297543 -0.0035066 -0.00132041 -0.0209923 0.00209915 0.00203288 0.00081827 -0.000660321
internal_weight=162098 77502 76926 84595.5 44403.6 32522.3 32275.6 29217.6 13527.9 576.036 3057.97 71067.6 26598.1 17450.7
internal_count=649069 310420 308060 338649 177782 130278 129279 117026 54143 2360 12253 284506 106483 69863
is_linear=0
shrinkage=0.05


Tree=18
num_leaves=15
num_cat=0
split_feature=9 0 5 1 2 9 5 1 2 9 1 2 1 9
split_gain=195.726 105.262 75.4804 73.1768 53.957 50.688 46.3166 47.9457 81.4337 84.3977 68.9998 54.8754 44.1055 45.9958
threshold=0.0030556262936443095 -0.026461692526936528 0.51923078298568737 -0.00066011628950946022 -0.015109774190932511 0.021082832477986816 0.82692307233810436 0.004295722348615528 -0.004109364701434969 -0.014351846650242804 0.0051049459725618371 -0.037662921473383897 0.0027671501738950614 -0.0018418424297124145
decision_type=2 2 2 2 2 2 2 2 2 2 2 2 2 2
left_child=1 -1 -2 4 -4 -6 7 8 9 11 -9 -3 -11 -14
right_child=2 6 3 -5 5 -7 -8 10 -10 12 -12 -13 13 -15
leaf_value=-0.0067532822056394536 -0.00045827455747596627 0.032575974301399503 -0.0020790911776795472 -0.0051665390036115047 0.0060845735907634835 0.050704872874269113 -0.00082512054568961062 0.010604992254228561 -0.0046741067338042282 0.00206641031339616 0.0027713489022438576 -0.0076844708591952502 0.014159959246739941 0.0010280266031202237
leaf_weight=3807.7548625916243 32678.534765914083 86.42554347217083 5413.7370366901159 24856.966264456511 1908.8158573359251 64.87249855697155 14933.499233350158 3018.123958915472 5641.74986808002 23388.020659118891 40813.078029975295 2677.7917885035276 1619.6454049050808 1133.2432890534401
leaf_count=15291 130789 346 21715 99593 7637 260 59746 12086 22593 93634 163448 10717 6488 4536
internal_value=-2.64495e-05 0.00139432 -0.0021518 -0.00386805 0.000501154 0.00757612 0.00172687 0.00221311 0.000820128 0.00189263 0.00331099 -0.00641437 0.00277124 0.00875646
internal_weight=162042 97119.3 64922.9 32244.4 7387.43 1973.69 93311.6 78378.1 34546.9 28905.1 43831.2 2764.22 26140.9 2752.89
internal_count=648879 388885 259994 129205 29612 7897 373594 313848 138314 115721 175534 11063 104658 11024
is_linear=0
shrinkage=0.05


Tree=19
num_leaves=15
num_cat=0
split_feature=9 0 4 9 1 9 5 9 2 1 9 9 2 1
split_gain=195.842 93.4066 71.2778 58.7435 55.4144 60.8773 52.4534 43.0014 45.9723 58.1421 42.8762 66.1778 54.4499 53.9594
threshold=0.0027977317804470663 -0.020091827027499672 0.014162568841129543 0.0017576928948983552 -0.0038207513280212875 0.027922209352254871 0.51923078298568737 0.05140319652855397 0.0050013153813779363 0.017537609674036506 -0.00074787970515899349 -0.00029636744875460858 -0.022604571655392643 -0.011756773106753824
decision_type=2 2 2 2 2 2 2 2 2 2 2 2 2 2
left_child=1 3 6 -1 -4 -6 -2 8 -8 -10 -3 -12 -13 -14
right_child=2 10 4 -5 5 -7 7 -9 9 -11 11 12 13 -15
leaf_value=-0.0052675736745543787 9.3670299161460608e-05 0.002630219364291011 0.00082867547628783064 0.013473381903073784 -0.0093229006770164762 0.0041677667912253732 -0.002428035705077092 0.014776106603824935 -0.025024457907795689 -0.0060004965918888462 -0.0068523703952028149 0.019072605595683266 -0.034639369948691261 0.00095383479904855625
leaf_weight=6563.3117846697569 29854.370889350772 62521.088828653097 2429.0359492897987 445.63556514680386 7256.8186306059361 944.5556707829237 22757.78632722795 335.89902971684933 474.13436026871204 2604.5102914571762 2939.2954469323158 413.5128011405468 105.99034880101681 22400.281985908747
leaf_count=26337 119441 250384 9779 1784 29153 3785 91118 1344 1901 10436 11760 1655 424 89646
internal_value=2.83076e-05 0.00148134 -0.00205104 -0.00407425 -0.00580444 -0.00776886 -0.00133878 -0.0029727 -0.00320401 -0.0089375 0.00192197 0.000209547 0.00111545 0.000784682
internal_weight=162046 95389.1 66657.1 7008.95 10630.4 8201.37 56026.7 26172.3 25836.4 3078.64 88380.2 25859.1 22919.8 22506.3
internal_count=648947 381990 266957 28121 42717 32938 224240 104799 103455 12337 353869 103485 91725 90070
is_linear=0
shrinkage=0.05


Tree=20
num_leaves=15
num_cat=0
split_feature=9 2 5 1 9 1 9 2 9 9 5 9 2 9
split_gain=158.889 102.79 94.4812 57.4932 57.3621 50.4531 47.5913 46.6563 45.6773 90.8739 74.1852 56.5109 87.2359 51.6081
threshold=-0.00065157795324921597 -0.023038412444293496 0.55769231915473949 0.039873948320746429 -0.00084878288907930244 -0.0019901659106835719 -0.013098375406116245 -0.015109774190932511 1.0000000180025095e-35 -1.0000000180025095e-35 0.3269230872392655 -0.00020562387362588194 0.0029921293025836353 0.0028867633081972603
decision_type=2 2 2 2 2 2 2 2 2 2 2 2 2 2
left_child=1 3 8 4 -1 7 -3 -4 9 11 -11 -2 -13 -10
right_child=2 6 5 -5 -6 -7 -8 -9 13 10 -12 12 -14 -15
leaf_value=-0.0049931404199391651 -0.0047851717091495979 -0.00045732961695380594 -0.0015701205887633631 0.053435246665344549 0.034156568265270131 -0.0039126464016144844 0.0031112697045941424 0.0076831416487785206 0.0034166356954678408 -0.029110398883851446 -0.0032951606530822416 0.0040442610146980123 0.051254100011146199 -0.00043635504962878202
leaf_weight=6580.3858273774385 1676.6068525463343 11477.611429020762 5894.7651549726725 42.19807793200016 93.926380008459091 34824.059184461832 50220.82447847724 1770.6108221709728 11459.522278040648 600.77918501198292 518.24338701367378 558.10676121711731 117.71090459823608 35960.795400694013
leaf_count=26396 6709 45936 23640 169 377 139516 201179 7085 45873 2404 2074 2233 471 143938
internal_value=-2.26049e-05 0.00180796 -0.00136375 -0.00406566 -0.00443716 -0.00310431 0.00244742 0.000567996 8.94676e-05 -0.00544603 -0.0171684 0.000135104 0.0123306 0.000494805
internal_weight=161796 68414.9 93381.2 6716.51 6674.31 42489.4 61698.4 7665.38 50891.8 3471.45 1119.02 2352.42 675.818 47420.3
internal_count=648000 274057 373943 26942 26773 170241 247115 30725 203702 13891 4478 9413 2704 189811
is_linear=0
shrinkage=0.05


Tree=21
num_leaves=15
num_cat=0
split_feature=9 2 3 9 2 1 5 9 2 9 1 1 1 0
split_gain=130.361 82.7013 66.0338 72.1495 80.4984 53.5479 49.1779 48.8527 99.9469 58.8833 48.3928 43.4857 42.6732 46.8849
threshold=0.0063423670362681159 -0.011320619843900202 -0.0081804180517792684 0.027922209352254871 -0.068305220454931245 0.049988374114036567 0.78846153616905224 0.020283118821680549 0.0053595420904457578 0.011341324541717769 0.012543915770947935 -0.029626567848026749 0.022152070887386802 0.020269618369638923
decision_type=2 2 2 2 2 2 2 2 2 2 2 2 2 2
left_child=1 5 3 4 -2 -1 -3 8 -4 12 -11 -5 -10 -14
right_child=2 6 7 11 -6 -7 -8 -9 9 10 -12 -13 13 -15
leaf_value=-0.0013858222118917115 -0.039471444122709504 0.0022420688824121341 -0.00049838855937767916 0.031848430710239982 -0.0057975451182293294 0.039151920282981291 -0.0008459954477986186 0.0038499353234640573 -0.011128614903641462 0.016060836516892173 -0.020248389737547511 0.001870820429744317 0.040669622247382124 0.00042785225180897362
leaf_weight=32666.395307540894 178.8627612143755 69636.803175508976 20088.01089438796 127.89424362778664 13573.572639301419 80.668173477053642 15821.107854679227 4566.8922032266855 969.87707762420177 97.992319658398628 1302.3779765963554 1971.8449464291334 79.14657336473465 747.16127450764179
leaf_count=130825 755 278926 80390 514 54467 323 63325 18274 3883 392 5218 7897 317 2993
internal_value=-1.10029e-05 0.000851679 -0.00234426 -0.00492032 -0.00623834 -0.00128477 0.00167036 -0.000877924 -0.00180534 -0.0100159 -0.017698 0.00371104 -0.00402011 0.00432685
internal_weight=161909 118205 43703.6 15852.2 13752.4 32747.1 85457.9 27851.5 23284.6 3196.56 1400.37 2099.74 1796.18 826.308
internal_count=648499 473399 175100 63633 55222 131148 342251 111467 93193 12803 5610 8411 7193 3310
is_linear=0
shrinkage=0.05


Tree=22
num_leaves=15
num_cat=0
split_feature=9 2 3 2 9 2 9 2 9 1 9 9 0 2
split_gain=126.375 68.91 60.4315 52.4533 50.693 74.5782 50.1963 81.0018 52.3938 48.5646 44.0152 52.5182 47.6807 55.1697
threshold=0.0063423670362681159 -0.011171708814799784 -0.0073033040389418593 -0.05689458176493644 0.027922209352254871 -0.068305220454931245 0.020283118821680549 0.0053595420904457578 0.011341324541717769 0.012543915770947935 -0.00065157795324921597 -0.00020562387362588194 0.0094335186295211333 -0.0044493661262094966
decision_type=2 2 2 2 2 2 2 2 2 2 2 2 2 2
left_child=1 3 4 -1 5 -2 7 -4 -9 -10 -3 -12 13 -13
right_child=2 10 6 -5 -6 -7 -8 8 9 -11 11 12 -14 -15
leaf_value=-0.015444994523813189 -0.038522613914252095 0.002588888375332706 -0.00052330742796771344 -0.00081799853577947223 0.0025045797836200042 -0.0052282297938901646 0.0041622611863213052 -0.0035322162611270977 0.016205175813412683 -0.019454020549072609 -0.0069087244159413141 0.0022293574288458416 0.003822604480759011 -0.0024793678895769205
leaf_weight=623.67973537743092 169.10836835205555 48137.368081599474 18751.643197074533 32567.094985261559 2207.8122572749853 15170.166600599885 4286.2313374727964 1728.677297025919 102.72392164170742 1236.1360868513584 2367.6402598470449 11354.91002291441 9411.7490791380405 13755.021731466055
leaf_count=2523 720 192888 75041 130404 8843 60875 17152 6923 411 4956 9474 45449 37677 55054
internal_value=-1.01373e-05 0.000838812 -0.00230919 -0.00109331 -0.00457823 -0.00559777 -0.0007839 -0.00175569 -0.00928651 -0.016708 0.00159303 0.000293494 0.000787638 -0.000350041
internal_weight=161870 118217 43652.5 33190.8 17547.1 15339.3 26105.4 21819.2 3067.54 1338.86 85026.7 36889.3 34521.7 25109.9
internal_count=648390 473469 174921 132927 70438 61595 104483 87331 12290 5367 340542 147654 138180 100503
is_linear=0
shrinkage=0.05


Tree=23
num_leaves=15
num_cat=0
split_feature=9 2 5 9 4 9 1 6 6 1 5 1 2 1
split_gain=142.378 69.8339 69.6955 43.229 51.229 46.2739 42.7553 47.2321 54.7791 35.5198 34.9519 46.7271 80.0852 69.939
threshold=0.0027129113441333179 -0.011467990465462206 0.51923078298568737 0.025094754062592987 0.027505201287567619 0.012578178662806751 0.001398623804561794 0.0021946650231257085 0.0016440835897810759 -0.015236723702400921 0.78846153616905224 0.004295722348615528 -0.0044493661262094966 0.0068997689522802838
decision_type=2 2 2 2 2 2 2 2 2 2 2 2 2 2
left_child=1 9 -2 4 5 -4 -7 8 -8 -1 11 12 -3 -13
right_child=2 10 3 -5 -6 6 7 -9 -10 -11 -12 13 -14 -15
leaf_value=-0.0073307464205423977 -0.00015025933279652525 0.0028730669005841772 -0.0024339571690528842 0.0026251020358465135 -0.014437185477548934 -0.001017957217298736 0.0011351314856110158 -0.0073881261287363862 -0.027801375096509442 -0.00040863602856892499 -0.00026272182083796492 0.0079304130878528091 -0.0041770629646002934 0.0025590974519228344
leaf_weight=2006.5641965419054 33864.07062600553 12319.329306870699 22818.72858838737 2759.9787644147873 1112.2221033573151 2004.4074984639883 220.0649566501379 3900.8354278802872 635.06080861389637 24111.40602761507 12758.398599430919 7605.9786357879639 5983.7938651144505 29817.773992657661
leaf_count=8057 135559 49374 91435 11059 4523 8037 883 15648 2548 96535 51055 30480 23969 119480
internal_value=8.37304e-06 0.00125905 -0.00174929 -0.003368 -0.00390701 -0.00351058 -0.00714369 -0.00972463 -0.020362 -0.000940701 0.00209796 0.00263843 0.000568083 0.00365094
internal_weight=161919 94603.2 67315.4 33451.3 30691.3 29579.1 6760.37 4755.96 855.126 26118 68485.3 55726.9 18303.1 37423.8
internal_count=648642 378950 269692 134133 123074 118551 27116 19079 3431 104592 274358 223303 73343 149960
is_linear=0
shrinkage=0.05


Tree=24
num_leaves=15
num_cat=0
split_feature=9 3 1 9 9 1 1 8 6 9 9 9 6 0
split_gain=116.899 68.6173 62.7253 57.6075 51.3321 56.5623 46.9625 46.8183 41.9024 40.2696 69.0281 42.0726 65.6414 47.8182
threshold=0.0053634871728718289 -0.0089981672354042513 -0.015236723702400921 0.0052576074376702317 0.027922209352254871 -0.029626567848026749 0.0011027211439795794 -0.0093070548027753813 0.010093757882714273 -0.00065157795324921597 -0.00029636744875460858 -0.014873661100864409 0.002158465795218945 -0.0057540247216820708
decision_type=2 2 2 2 2 2 2 2 2 2 2 2 2 2
left_child=2 4 -1 7 -2 -6 -5 -4 -7 11 -11 12 -9 -14
right_child=1 -3 3 6 5 8 -8 9 -10 10 -12 -13 13 -15
leaf_value=-0.0074220974885892844 -0.0058855108851124877 -0.00081413297111546795 -0.0038547820367544651 0.034360074543303934 0.034431953277130382 0.0037060300396769214 0.0057792801976794886 -0.011009855310370254 -0.016999091734656104 -0.0083849021531231163 0.00041363369356072101 0.0024656138253949184 -0.0054178029205151973 0.0029484758628259486
leaf_weight=2261.6596690267324 13872.183479681611 33306.092184916139 4939.8019567877054 224.80324368178844 130.28430190682411 1561.3968045115471 396.84599184989929 1424.7882129997015 288.65889792144299 2363.5797422677279 38928.617486998439 53756.750393599272 2377.5159110873938 6056.8742777258158
leaf_count=9086 55772 133321 19799 900 523 6250 1589 5703 1159 9460 155829 215417 9525 24246
internal_value=-6.83351e-05 -0.00210295 0.00081891 0.000987696 -0.00481054 0.00271873 0.0161534 0.000901724 0.000468031 0.00112573 -9.01884e-05 0.00191495 -0.00108746 0.000589797
internal_weight=161890 49158.6 112731 110470 15852.5 1980.34 621.649 109848 1850.06 104908 41292.2 63615.9 9859.18 8434.39
internal_count=648579 197025 451554 442468 63704 7932 2489 439979 7409 420180 165289 254891 39474 33771
is_linear=0
shrinkage=0.05


Tree=25
num_leaves=15
num_cat=0
split_feature=9 3 2 9 1 1 9 1 9 3 2 0 9 9
split_gain=101.799 54.6259 54.4163 72.8999 52.627 57.581 48.1989 45.849 41.8433 41.8328 41.2824 52.9521 40.6392 66.5991
threshold=0.0063423670362681159 -0.001967393327504396 -0.068305220454931245 0.041613588109612472 0.0083948415704071539 0.0097536239773035067 0.0066902458202093848 -0.015236723702400921 0.0073002337012439975 -0.0148062277585268 -0.035842016339302056 -0.018672095611691471 0.020283118821680549 0.011341324541717769
decision_type=2 2 2 2 2 2 2 2 2 2 2 2 2 2
left_child=1 7 3 -2 8 6 -6 -1 10 -7 -4 -12 13 -11
right_child=2 -3 4 -5 5 9 -8 -9 -10 12 11 -13 -14 -15
leaf_value=-0.0074977611069637394 -0.039016843060631294 0.0024205015497229957 -0.03967807545883887 0.012288785573810697 0.02578674179730412 -0.008938401291595708 -0.014142935674143514 0.00026582790849008823 0.00038208900463480031 7.2892067789431057e-05 0.015507468957609417 -0.0069906517461721497 0.0031220203704967124 -0.0078066345189651129
leaf_weight=1946.7984253019094 215.68560692667961 35852.229587510228 86.514217421412468 101.16800560057163 78.141624271869659 2507.6952655166388 1725.4259593337774 80373.587120816112 21845.322099715471 6148.8964443951845 288.29341475665569 2729.7799692898989 3101.7822549194098 4754.7900094985962
leaf_count=7831 922 143618 348 406 313 10090 6915 321928 87527 24631 1158 10929 12415 19061
internal_value=2.98323e-05 0.000791585 -0.00203556 -0.0226484 -0.00188409 -0.00391922 -0.0123996 8.21376e-05 -0.000389921 -0.00299229 -0.00582051 -0.00483715 -0.00192707 -0.00336355
internal_weight=161756 118173 43583.5 316.854 43266.6 18316.7 1803.57 82320.4 24949.9 16513.2 3104.59 3018.07 14005.5 10903.7
internal_count=648092 473377 174715 1328 173387 73425 7228 329759 99962 66197 12435 12087 56107 43692
is_linear=0
shrinkage=0.05


Tree=26
num_leaves=15
num_cat=0
split_feature=9 5 9 1 6 9 9 5 1 1 5 6 9 6
split_gain=109.331 79.7047 60.1387 49.1456 50.4176 45.7195 83.7901 75.4386 47.9275 45.0727 41.4904 40.993 38.2942 36.8415
threshold=-0.00065157795324921597 0.55769231915473949 -0.014873661100864409 -0.029626567848026749 0.0023353918222710495 1.0000000180025095e-35 -1.0000000180025095e-35 0.3269230872392655 0.014050723053514959 -0.0019901659106835719 0.90384614467620861 0.0019934632582589988 -0.00029636744875460858 0.005359211005270482
decision_type=2 2 2 2 2 2 2 2 2 2 2 2 2 2
left_child=2 5 3 -1 -5 6 12 8 13 -3 -4 -11 -2 -8
right_child=1 9 10 4 -6 -7 7 -9 -10 11 -12 -13 -14 -15
leaf_value=-0.034899218936858163 -0.0055737957212042616 0.00065012243958850996 0.0024799078883409758 -0.0090469683735565666 -7.888561084472196e-05 0.00052688612926288746 -0.039787876370231824 -0.0026655800890300818 0.0056703729336153924 -0.0065842119125390499 -0.0024875198129935745 -0.0025982949617051128 0.0072903824189486655 -0.0019667388506993378
leaf_weight=110.65539056062698 1342.9856878370047 7693.5284063965082 52417.553840920329 1877.1874115020037 9464.9710563123226 47428.81243224442 444.33940793573856 523.16841703653336 87.233006849884987 8555.3812246620655 4569.3346163630486 26221.244186162949 1014.7142549157143 75.396635934710503
leaf_count=447 5376 30862 210116 7514 37915 189898 1778 2094 349 34275 18286 105135 4061 302
internal_value=-0.000100978 -0.00121354 0.00141713 -0.00188892 -0.00156382 0.000120542 -0.00540364 -0.0165906 -0.028569 -0.00281292 0.00208157 -0.00357903 -3.6527e-05 -0.0343156
internal_weight=161827 93386.8 68439.7 11452.8 11342.2 50916.6 3487.84 1130.14 606.969 42470.2 56986.9 34776.6 2357.7 519.736
internal_count=648408 374130 274278 45876 45429 203858 13960 4523 2429 170272 228402 139410 9437 2080
is_linear=0
shrinkage=0.05


Tree=27
num_leaves=15
num_cat=0
split_feature=9 1 9 9 5 9 1 1 9 9 1 6 9 1
split_gain=87.7681 54.4864 68.7359 54.7147 50.938 46.0197 44.3396 61.6718 54.4489 51.2589 43.7686 42.3916 42.0298 57.2779
threshold=0.0083364178426563757 0.0083948415704071539 0.0084838322363793867 0.020283118821680549 0.90384614467620861 0.0079240985214710253 0.004295722348615528 0.0045627732761204251 0.0066902458202093848 -0.014351846650242804 0.028653648681938652 0.0066809835843741902 -0.0022281075362116094 0.0034394330577924852
decision_type=2 2 2 2 2 2 2 2 2 2 2 2 2 2
left_child=4 -2 10 -4 5 6 9 -8 -9 -1 -3 -5 -11 -14
right_child=1 2 3 11 -6 -7 7 8 -10 12 -12 -13 13 -15
leaf_value=-0.0056929196879604623 -0.00048556893618077811 -0.023523142989857707 -0.0061423346831954865 0.0034679693232877403 -0.0027600891603901234 0.0090093523672734981 0.011873107534517032 0.0017831558607569237 -0.0051734335914669031 0.0019934860825401167 -0.089686444581913077 -0.0078383401668346685 -0.00034615731430128686 -0.0083240315734624953
leaf_weight=4026.839043840766 19113.690609872341 185.23328401148319 10082.245296791196 3231.965935215354 10243.589211970568 1729.4536404162645 1451.6532856076956 58769.035753682256 2953.22061188519 19274.281524837017 28.194538682699203 1113.9640043079853 27293.771212920547 2450.9717980772257
leaf_count=16142 76639 742 40451 12946 41025 6929 5817 235467 11835 77248 113 4468 109299 9814
internal_value=2.45001e-05 -0.00224382 -0.00453891 -0.00412098 0.000621799 0.000915528 0.000795008 0.00168991 0.00145023 -0.000270774 -0.032641 0.00056876 0.000174754 -0.00100379
internal_weight=161948 33755.3 14641.6 14428.2 128193 117949 116220 63173.9 61722.3 53045.9 213.428 4345.93 49019 29744.7
internal_count=648935 135359 58720 57865 513576 472551 465622 253119 247302 212503 855 17414 196361 119113
is_linear=0
shrinkage=0.05


Tree=28
num_leaves=15
num_cat=0
split_feature=3 9 9 9 5 2 5 2 9 1 1 9 2 9
split_gain=98.4054 63.3718 52.6583 61.0472 50.0597 43.345 41.8175 43.8824 41.5839 42.0245 42.9552 41.3195 40.8 54.0663
threshold=-0.0063283764757215968 0.0083364178426563757 -0.001576875685714185 -0.0018418424297124145 0.94230768084526073 -0.027592835947871205 0.71153846383094799 0.0034599911887198691 0.027922209352254871 0.0083948415704071539 0.010493104811757805 0.017820331268012527 -0.068305220454931245 0.018907665275037292
decision_type=2 2 2 2 2 2 2 2 2 2 2 2 2 2
left_child=1 4 3 -2 -1 -4 -7 -8 9 12 -11 -9 13 -3
right_child=2 8 5 -5 -6 6 7 11 -10 10 -12 -13 -14 -15
leaf_value=-0.00028319038744736521 0.0021206228093722974 -0.0086240789537636014 0.010915507791842537 0.013625022384436348 -0.0073170315281055392 0.00065554797190178554 -0.0012453365204934622 -0.011200313760924016 0.0018050094147293888 -0.019998450240418408 -0.0070306420398460849 0.01047702709453599 -0.0027094246177227365 -0.075809277619758919
leaf_weight=48575.876065179706 35100.058100342751 94.309303641319275 906.87866346538067 1191.3481669574976 2667.5137252658606 44027.001355394721 11428.722007274628 2026.4481109082699 2382.3690807372332 749.09659618139267 4316.458308339119 245.771629601717 8129.3961945027113 43.087504148483276
leaf_count=194657 140704 411 3630 4777 10691 176234 45764 8130 9542 3015 17354 985 32633 187
internal_value=-3.3545e-05 -0.00150134 0.0010018 0.00249865 -0.000649478 7.53115e-05 -9.5169e-05 -0.00250742 -0.00427891 -0.00536611 -0.0089519 -0.00885204 -0.00316806 -0.0300888
internal_weight=161884 66958.1 94926.2 36291.4 51243.4 58634.8 57727.9 13700.9 15714.7 13332.3 5065.55 2272.22 8266.79 137.397
internal_count=648714 268490 380224 145481 205348 234743 231113 54879 63142 53600 20369 9115 33231 598
is_linear=0
shrinkage=0.05


Tree=29
num_leaves=15
num_cat=0
split_feature=9 2 3 1 9 9 9 2 9 1 3 9 1 1
split_gain=75.0871 72.2143 58.708 48.7677 46.8227 36.3113 40.1241 64.9589 53.8476 49.59 36.2174 40.901 35.3873 34.2601
threshold=-0.00074787970515899349 -0.023038412444293496 -0.0036581823369488116 0.039873948320746429 -0.013098375406116245 -0.00093863313668407489 -0.010582643095403908 0.0082741575315594691 -0.011149765923619269 0.015295536722987892 -0.024023623205721375 0.030197517015039924 -0.024139321409165856 0.0027671501738950614
decision_type=2 2 2 2 2 2 2 2 2 2 2 2 2 2
left_child=1 3 10 -1 -3 6 7 -6 -9 13 11 -2 -13 -8
right_child=2 4 -4 -5 5 -7 9 8 -10 -11 -12 12 -14 -15
leaf_value=-0.0040560797834253608 -0.0088878328242444782 -0.0010970486472472584 0.00052047928862122177 0.048977730170446182 0.0049457056513623459 0.011006806385378799 0.00078929655372779429 0.038159789275193819 -0.0064517581909112392 -0.0018311869527290244 -0.0016512700870414333 0.032197568887365885 -0.00015968340949928836 0.0038978613465567137
leaf_weight=6600.6219632029533 3259.7416560798883 11487.340706154704 39732.000876277685 42.639210909605026 4190.3890999406576 1207.2538873404264 15631.830615699291 270.29767562448978 89.759114965796471 7856.3746713250875 50422.647962927818 100.53531537950039 503.50148555636406 20472.045295834541
leaf_count=26500 13220 45986 159056 171 16798 4839 62634 1084 360 31501 202021 404 2020 82094
internal_value=-2.51475e-05 0.00124252 -0.000939967 -0.00370837 0.00177995 0.00244469 0.00223138 0.00670039 0.0270514 0.00176864 -0.00200885 -0.00667368 0.00527014 0.00255201
internal_weight=161867 67848.6 94018.4 6643.26 61205.3 49718 48510.7 4550.45 360.057 43960.3 54286.4 3863.78 604.037 36103.9
internal_count=648688 271967 376721 26671 245296 199310 194471 18242 1444 176229 217665 15644 2424 144728
is_linear=0
shrinkage=0.05


Tree=30
num_leaves=15
num_cat=0
split_feature=2 9 9 2 4 9 9 1 1 2 2 2 1 6
split_gain=84.2918 84.1618 63.8156 54.6068 52.8747 44.2272 47.7366 43.8899 42.2382 43.6224 39.5365 40.2077 37.7317 36.2669
threshold=-0.068305220454931245 -0.00065157795324921597 -0.00029636744875460858 -0.01282987743616104 0.0038867921102792029 0.041613588109612472 0.018907665275037292 -0.024139321409165856 0.049988374114036567 -0.017028059810400006 -0.017977409996092316 0.0062472503632307061 0.0019600669620558624 0.0023707026848569517
decision_type=2 2 2 2 2 2 2 2 2 2 2 2 2 2
left_child=5 3 10 8 -4 6 -1 -7 -2 -10 12 -12 -3 -6
right_child=1 2 4 -5 13 7 -8 -9 9 -11 11 -13 -14 -15
leaf_value=-0.017463676618735567 -0.0011698932071215213 -0.01941578885563202 0.00069323798915930587 0.0022369749091928309 -0.0038573251212295359 0.032160328148076484 -0.057520523513574832 -0.038869023740153212 0.065543662337859715 -0.029092439575769291 -0.0046559088281280135 -0.027704188508955133 -0.073976986745324422 -0.00090301379153075265
leaf_weight=403.40797065198421 17124.996966615319 189.00091658532619 39464.769048437476 51033.368884131312 14522.105015769601 72.153671607375145 90.719378158450127 29.999092310667038 44.338727235794067 15.985163956880568 2014.4661163240671 207.93506698310375 37.426971286535263 36489.367312133312
leaf_count=1685 68604 758 157987 204613 58182 289 390 121 178 64 8064 833 150 146308
internal_value=1.29694e-05 8.24609e-05 -0.000896588 0.00141608 -0.000680972 -0.0187357 -0.0249192 0.0111266 -0.00102163 0.0404007 -0.00885937 -0.00682387 -0.02872 -0.00174412
internal_weight=161740 161144 92925.1 68218.7 90476.2 596.28 494.127 102.153 17185.3 60.3239 2448.83 2222.4 226.428 51011.5
internal_count=648226 645741 372282 273459 362477 2485 2075 410 68846 242 9805 8897 908 204490
is_linear=0
shrinkage=0.05


Tree=31
num_leaves=15
num_cat=0
split_feature=2 5 9 9 9 1 9 0 9 1 2 1 4 8
split_gain=76.3062 68.2922 57.4717 53.507 47.8766 61.2492 84.1381 46.4336 59.9013 44.1294 41.1197 66.6095 44.6985 39.3579
threshold=-0.068305220454931245 0.90384614467620861 0.0097986925393342989 0.041613588109612472 0.020283118821680549 0.023392654955387119 0.010668890085071327 -0.0072443911340087644 -0.014873661100864409 -0.0016326375771313904 -0.037662921473383897 -0.018114853650331494 0.044264547526836402 -0.016733493655920025
decision_type=2 2 2 2 2 2 2 2 2 2 2 2 2 2
left_child=3 2 7 -1 5 -4 -7 8 10 -9 11 -2 -13 -6
right_child=1 -3 4 -5 13 6 -8 9 -10 -11 -12 12 -14 -15
leaf_value=-0.024636476610203382 -0.016954389501560255 -0.0033835033007176014 -0.0021534299415290475 0.014911658179779699 -0.017209422683915201 0.013495574701793701 -0.016065259156089359 0.0057618821457432632 -4.6776489448512367e-05 0.0011658357307520381 -0.0099275342993430868 0.029509721733744932 -0.009041774189682163 0.002223782980497468
leaf_weight=492.84072306752205 217.46342803537846 12842.815474331379 15943.095791965723 102.73657812178135 268.97224617004395 282.12233570218086 1612.9330277442932 5564.8308231681585 29290.338196322322 84754.43931132555 2612.5490908771753 251.77691259980202 106.46598669886589 7465.9126957952976
leaf_count=2079 877 51478 63922 413 1081 1132 6481 22294 117359 339614 10469 1012 430 29908
internal_value=4.81322e-05 0.000114183 0.000416959 -0.0178009 -0.00173939 -0.00316393 -0.0116597 0.000866035 -0.000755319 0.00144907 -0.00726261 0.00482703 0.0180593 0.00154588
internal_weight=161809 161214 148371 595.577 25573 17838.2 1895.06 122798 32478.6 90319.3 3188.26 575.706 358.243 7734.88
internal_count=648549 646057 594579 2492 102524 71535 7613 492055 130147 361908 12788 2319 1442 30989
is_linear=0
shrinkage=0.05


Tree=32
num_leaves=15
num_cat=0
split_feature=2 4 2 1 5 1 2 1 2 2 1 5 2 1
split_gain=70.1614 54.4921 46.8123 75.8772 52.2504 40.6469 34.2958 38.1855 37.5979 34.8025 33.0235 31.9087 32.5006 30.0827
threshold=-0.068305220454931245 0.004856658400967718 -0.0046308089513331643 0.004200112074613572 0.55769231915473949 -0.024139321409165856 -0.02902796026319265 -0.0027821296826004978 -0.011621824465692042 -0.04190170764923095 0.028653648681938652 0.17307692766189578 -0.004109364701434969 0.0040010882075876006
decision_type=2 2 2 2 2 2 2 2 2 2 2 2 2 2
left_child=5 2 6 11 -5 -1 7 -2 -8 -9 -10 -4 13 -13
right_child=1 -3 3 4 -6 -7 8 9 10 -11 -12 12 -14 -15
leaf_value=-0.0043040256459851199 0.0070377873125032388 -0.00072059806159087739 -0.00068187333713227386 0.0025183736439203992 -0.0012194472690811619 -0.030450485184712547 -3.7818768181279596e-05 -0.015288834204179237 0.003814515376315403 0.041596256833959011 -0.014179974864860251 0.0043797864465987746 -0.0084774077335565117 -0.047112425199542764
leaf_weight=306.9258429557085 915.45463880896568 80561.936913594604 3960.4334173947573 24220.702210009098 15226.576032176614 287.93280068039894 11175.255164027214 31.962555423378944 19759.320517495275 154.55186858773232 257.34029465913773 775.44075475633144 4160.3829326629639 28.442385450005531
leaf_count=1276 3667 322971 15861 97060 61031 1227 44722 128 79176 619 1031 3107 16661 114
internal_value=0.000135914 0.000199205 0.00111782 0.000133642 0.00107559 -0.0169897 0.00259194 0.0112571 0.00228546 0.0318184 0.00358248 -0.00402942 -0.00669938 0.00250166
internal_weight=161823 161228 80665.9 48372 39447.3 594.859 32293.9 1101.97 31191.9 186.514 20016.7 8924.7 4964.27 803.883
internal_count=648651 646148 323177 193834 158091 2503 129343 4414 124929 747 80207 35743 19882 3221
is_linear=0
shrinkage=0.05


Tree=33
num_leaves=15
num_cat=0
split_feature=2 5 9 9 1 1 9 2 1 1 2 2 1 9
split_gain=65.7299 58.0316 43.0904 43.2277 57.2584 77.0274 50.7965 54.0542 43.0429 65.8947 55.4839 55.9157 43.6022 50.6434
threshold=-0.068305220454931245 0.90384614467620861 0.0066902458202093848 0.020283118821680549 0.0083948415704071539 0.0097536239773035067 0.011341324541717769 0.0053595420904457578 -0.0073532618116587392 -0.0019901659106835719 -0.0067632638383656732 -0.0056818656157702199 -0.018114853650331494 0.0084838322363793867
decision_type=2 2 2 2 2 2 2 2 2 2 2 2 2 2
left_child=-1 2 -2 4 8 -6 -7 -8 12 -10 -11 -12 13 -4
right_child=1 -3 3 -5 5 6 7 -9 9 10 11 -13 -14 -15
leaf_value=-0.016744628394571578 0.00083682255432925067 -0.0031662918243564966 -0.023576905619985208 0.0022394963128585473 -0.016041845932026275 4.3810559068164573e-07 -0.0032938378735989423 -0.014334726126111556 0.0064240372838380369 -0.0043173306167221771 0.015122630220977581 0.00055989177637328128 -0.0085090904850693531 0.017711579940092936
leaf_weight=583.26784048974514 110185.08261103928 12854.989060014486 94.084646597504616 7674.3148111104965 1317.3205449879169 5698.915632635355 3409.1545095294714 1642.3624953478575 3933.288928180933 6152.7584277838469 766.26311099529266 4678.7946693450212 2397.0960062891245 339.17515563964844
leaf_count=2462 441542 51534 377 30748 5286 22850 13687 6602 15757 24685 3068 18727 9604 1360
internal_value=-4.46752e-06 5.62279e-05 0.000335604 -0.00111377 -0.00195951 -0.00463473 -0.00323558 -0.00688561 -0.000201114 0.000832432 -0.0010643 0.00261165 -0.00587082 0.00871192
internal_weight=161727 161144 148289 38103.5 30429.2 12067.8 10750.4 5051.52 18361.5 15531.1 11597.8 5445.06 2830.36 433.26
internal_count=648289 645827 594293 152751 122003 48425 43139 20289 73578 62237 46480 21795 11341 1737
is_linear=0
shrinkage=0.05


Tree=34
num_leaves=15
num_cat=0
split_feature=2 9 9 2 9 9 1 9 9 2 2 2 1 2
split_gain=53.2557 48.4313 54.2182 44.3275 42.0493 87.9104 81.6106 46.184 69.9186 59.7963 56.0576 54.6281 43.455 45.0457
threshold=-0.068305220454931245 -0.00065157795324921597 -0.00029636744875460858 -0.01282987743616104 -0.0044065767433494321 -0.0046203839592635623 -0.0017487485893070696 -0.0054442693945020429 -0.0055640032514929763 -0.003287799889221787 0.0079665305092930811 -0.0024915890535339709 0.001872911583632231 -0.0088471947237849218
decision_type=2 2 2 2 2 2 2 2 2 2 2 2 2 2
left_child=-1 3 -3 -2 5 7 -7 8 -5 -10 -11 -9 -6 -14
right_child=1 2 -4 4 12 6 -8 11 9 10 -12 -13 13 -15
leaf_value=-0.014955149086086132 -0.0011033476190507846 -0.008014372968644776 -0.00046377745428289024 0.00083665463070846261 -0.0005342821745761018 0.028582082358050473 -0.018773363807125729 0.013080539000200521 0.0025333620913564892 -0.043605204384308725 0.014597186949536572 0.00038419974261778812 0.014249395320404449 0.004170266493115405
leaf_weight=590.03609783947468 17197.566364884377 2440.771676287055 90354.119216889143 26790.674344971776 4678.5360844880342 100.4355653077364 889.88858561217785 1681.2758400589228 199.42610459029675 230.56750094890594 49.85216136276722 1706.9289989173412 1206.7763881534338 13525.706134915352
leaf_count=2497 68903 9776 362043 107411 18767 403 3570 6745 800 925 200 6848 4837 54262
internal_value=2.61953e-05 8.11738e-05 -0.000662464 0.00109213 0.0018316 0.000707847 -0.0139467 0.00118165 0.000497511 -0.0183999 -0.0332431 0.00668631 0.0036637 0.00499679
internal_weight=161643 161053 92794.9 68257.6 51060.1 31649 990.324 30658.7 27270.5 479.846 280.42 3388.2 19411 14732.5
internal_count=647987 645490 371819 273671 204768 126902 3973 122929 109336 1925 1125 13593 77866 59099
is_linear=0
shrinkage=0.05


Tree=35
num_leaves=15
num_cat=0
split_feature=4 8 9 9 9 2 4 1 2 9 2 0 2 1
split_gain=60.4455 42.9973 35.3824 39.9456 45.0878 38.0905 35.8224 31.9257 55.7657 50.1326 50.7132 51.9212 42.9478 44.6423
threshold=0.01902811881154776 0.011275785975158216 0.0037528884131461386 0.0043069953098893174 0.0049825813621282586 0.0070409565232694158 0.01679688319563866 -0.0019901659106835719 -0.015314235351979731 0.0096438424661755579 -0.034351140260696404 -0.028626896440982815 -0.026197784580290314 0.015295536722987892
decision_type=2 2 2 2 2 2 2 2 2 2 2 2 2 2
left_child=2 -2 -1 6 5 -5 -4 8 9 10 11 -6 13 -9
right_child=1 -3 3 4 7 -7 -8 12 -10 -11 -12 -13 -14 -15
leaf_value=0.00087115018761294005 -0.0028975508941476817 -0.024400663614739429 -0.0066287072541993067 0.0031850292152559613 0.0037953764169995708 0.020574921163924474 0.027671273372074996 0.029085449818616407 0.0065247374978735957 -0.0046618252541989471 0.0070635532809557788 -0.04673610111710897 -0.0016365104060748221 -0.020045249430380847
leaf_weight=94543.776354640722 12547.073134735227 235.88923138380051 3450.4010455310345 3799.2728965580463 112.37042035162449 342.4268384873867 76.868831619620323 210.52077914774418 3737.2333804816008 3887.1585030853748 2055.6800069510937 91.622187703847885 36660.931871563196 58.398541331291199
leaf_count=378881 50558 974 13812 15209 451 1371 308 844 14955 15575 8234 367 146918 234
internal_value=3.26333e-06 -0.00329623 0.000286302 -0.000728577 -0.000372319 0.00462741 -0.00587359 -0.000814742 0.00170905 -0.00121945 0.00470168 -0.0190178 -0.00149025 0.0183815
internal_weight=161810 12783 149027 54482.9 50955.6 4141.7 3527.27 46813.9 9884.06 6146.83 2259.67 203.993 36929.9 268.919
internal_count=648691 51532 597159 218278 204158 16580 14120 187578 39582 24627 9052 818 147996 1078
is_linear=0
shrinkage=0.05


Tree=36
num_leaves=15
num_cat=0
split_feature=5 8 6 0 1 1 6 5 1 1 1 0 0 1
split_gain=57.43 46.6981 24.9809 40.1456 28.8001 23.5687 36.4436 29.6793 25.0848 21.7149 47.3966 31.5702 25.9533 25.0401
threshold=0.90384614467620861 -0.0093070548027753813 0.0023353918222710495 -0.026461692526936528 0.021085012704133991 -0.015236723702400921 0.004581260960549117 0.55769231915473949 -0.012440655846148728 -0.0016326375771313904 -0.0010215194779448209 -0.0072443911340087644 -0.021824548952281472 -0.013163506519049404
decision_type=2 2 2 2 2 2 2 2 2 2 2 2 2 2
left_child=1 -1 9 4 -4 6 -5 -8 -7 11 -11 12 -3 -14
right_child=-2 2 3 5 -6 8 7 -9 -10 10 -12 -13 13 -15
leaf_value=-0.0035072617442549105 -0.0032225113980188722 0.0090682795442545722 -0.0035485561605539256 -0.015890019310088703 -0.057103026476161528 0.0099014483695921401 -0.001613660369947238 0.036618858167903286 0.0011893367945368907 -0.010106785527086486 -0.00063689252768308246 0.0053347154171467341 -0.013348958792960969 -0.0005169336742264246
leaf_weight=7828.994448184967 12933.253998577595 662.60817864537239 4058.7766424715519 489.59680993855 24.265503078699112 833.46331633627415 271.19102810323238 61.428830742835999 84013.970000907779 1366.8116538077593 38852.167695790529 3667.8742574453354 404.07732266187668 6186.5683732032776
leaf_count=31476 51875 2659 16398 1961 100 3337 1086 246 336694 5475 155707 14703 1617 24768
internal_value=-2.68543e-05 0.000251069 0.000459931 0.000962486 -0.00388073 0.00119336 -0.00722622 0.00553579 0.00127503 -0.000422072 -0.000958963 0.00155503 -0.000356775 -0.00130558
internal_weight=161655 148722 140893 89752.7 4083.04 85669.6 822.217 332.62 84847.4 51140.1 40219 10921.1 7253.25 6590.65
internal_count=648102 596227 564751 359822 16498 343324 3293 1332 340031 204929 161182 43747 29044 26385
is_linear=0
shrinkage=0.05


Tree=37
num_leaves=15
num_cat=0
split_feature=4 9 1 6 9 1 1 4 2 9 2 1 1 1
split_gain=57.4889 38.3248 38.0734 38.3549 40.4853 37.54 34.9396 33.5157 32.1351 30.7298 33.2209 64.0787 42.6821 35.5906
threshold=0.0031240487005561595 0.0097986925393342989 0.0088368887081742304 0.010093757882714273 0.020283118821680549 0.0054981736466288575 0.0097536239773035067 0.053373176604509361 -0.02902796026319265 0.032616043463349349 -0.015109774190932511 -0.0016326375771313904 -0.0012463933671824632 0.0035326032666489486
decision_type=2 2 2 2 2 2 2 2 2 2 2 2 2 2
left_child=8 -2 5 4 6 7 -4 9 -1 10 -3 -12 -13 -14
right_child=1 2 3 -5 -6 -7 -8 -9 -10 -11 11 12 13 -15
leaf_value=0.010746467493827032 -0.00026270553888528309 -0.0056486223744943954 -0.022739025323124423 -0.019977177329650139 0.00041605748170669873 0.0060048243479117894 -0.0062230112837286019 -0.032488480557030172 0.001074730692395202 0.0064823505606640824 0.012236428074029844 -0.03107609636783067 0.0024194724264156951 -0.010064853953792278
leaf_weight=870.1225862801075 81418.051786154509 4643.2843596190214 346.28036668896675 432.84239354729652 2520.650290876627 1661.4090662747622 4142.7058039605618 89.160139158368111 60979.082327574492 986.44845700263977 907.20115496218204 128.89502346515656 1728.9787741005421 851.09228265285492
leaf_count=3487 326372 18690 1395 1747 10106 6676 16669 394 244354 3950 3631 516 6927 3412
internal_value=1.30787e-05 -0.000728872 -0.00278713 -0.00554861 -0.00465493 -0.000917807 -0.00750184 -0.00215037 0.00121097 -0.00185434 -0.00285067 0.000742559 -0.0031097 -0.00170106
internal_weight=161706 99857 18438.9 7442.48 7009.64 10996.5 4488.99 9335.06 61849.2 9245.9 8259.45 3616.17 2708.97 2580.07
internal_count=648326 400485 74113 29917 28170 44196 18064 37520 247841 37126 33176 14486 10855 10339
is_linear=0
shrinkage=0.05


Tree=38
num_leaves=15
num_cat=0
split_feature=9 2 1 1 2 2 1 2 0 1 1 1 9 2
split_gain=56.0234 35.5448 38.5674 35.3052 44.2581 53.414 37.7705 35.1556 51.6163 34.8657 31.8429 41.1455 31.5731 31.3647
threshold=0.0027977317804470663 -0.01282987743616104 0.033487042412161834 0.024352884851396087 0.0048141791485250005 0.0057992844376713046 0.032218432053923614 -0.013326520100235937 -0.0074015066493302575 0.019012885168194774 0.015495418570935728 0.013889558613300325 -0.0065246468875557176 -0.068305220454931245
decision_type=2 2 2 2 2 2 2 2 2 2 2 2 2 2
left_child=1 2 7 -3 -5 -6 -7 9 -9 10 11 -1 -4 -2
right_child=13 3 12 4 5 6 -8 8 -10 -11 -12 -13 -14 -15
leaf_value=-0.00035873182115403143 -0.015972675991625555 0.0017310498186467666 0.013656477383531672 -0.0075575354334914248 0.024507149381323534 -0.0054711509317687639 0.0038767370329335794 -0.0012791950530177182 -0.023511011070306075 -0.014716422571157031 0.015862855160021293 -0.024906449983781481 0.073973601858593377 -0.00098472659082238841
leaf_weight=20761.877477392554 349.91153660416603 65360.43378393352 130.00353570282459 2372.5549619495869 225.87539784610271 1982.0327091962099 2373.5542194992304 685.57486048340797 420.78217242658138 428.61199508607388 298.35852468013763 171.11831340193748 25.225861445069313 66225.812833115458
leaf_count=83215 1522 262036 522 9506 905 7945 9511 2743 1684 1718 1196 686 101 265484
internal_value=4.89884e-05 0.000826856 -0.000888843 0.00137069 -0.00201611 0.000854589 -0.000377348 -0.00105869 -0.00974825 -0.000614415 -0.000329049 -0.000560579 0.0238692 -0.00106374
internal_weight=161812 95236 22921.6 72314.5 6954.02 4581.46 4355.59 22766.3 1106.36 21660 21231.4 20933 155.229 66575.7
internal_count=648774 381768 91865 289903 27867 18361 17456 91242 4427 86815 85097 83901 623 267006
is_linear=0
shrinkage=0.05


Tree=39
num_leaves=15
num_cat=0
split_feature=5 3 9 2 1 9 1 2 2 4 2 9 9 5
split_gain=53.8615 32.3046 29.0687 28.3587 55.6058 38.7726 42.5876 39.4328 50.5379 38.298 33.9484 40.0008 33.6111 31.818
threshold=0.82692307233810436 -0.005569144617766141 0.00090333298430778097 -0.0046308089513331643 0.004200112074613572 0.0066902458202093848 0.0056111700832843789 -0.0024036240065470334 -0.0033780572703108187 0.0014077521627768876 -0.0048252556007355443 0.013419365510344507 0.006450941553339363 0.36538462340831762
decision_type=2 2 2 2 2 2 2 2 2 2 2 2 2 2
left_child=1 -1 -2 10 -5 6 7 8 -6 -9 13 -12 -8 -3
right_child=2 3 -4 4 5 -7 12 9 -10 -11 11 -13 -14 -15
leaf_value=-0.00041048031425228344 -0.0003454924835394745 0.00017456463049027673 -0.0036708203604635722 -0.0031594884561747718 0.011364593587917063 -0.0016910009105473873 0.0012966446365885215 0.0043147874076410412 -0.014271151709488629 0.018205953734626325 0.010014364225414046 0.058642253139161861 0.019218015409063583 0.0034823485025733251
leaf_weight=58640.265591591597 13207.648632362485 12656.941658228636 13080.365995317698 8996.3041079342365 378.67419797182083 8752.1606849581003 25499.100641831756 932.06511427462101 388.46450437605381 1061.9490848332644 668.52435153722763 44.224086716771126 263.34436963498592 17081.040732815862
leaf_count=235258 52887 50710 52545 36033 1519 35056 102248 3739 1558 4259 2681 177 1054 68435
internal_value=7.08262e-05 0.000473036 -0.00200018 0.00114832 0.000368486 0.00122001 0.00211324 0.00801357 -0.00161854 0.0117182 0.00233327 0.0131095 0.00148058 0.00207456
internal_weight=161651 135363 26288 76722.8 46272.1 37275.8 28523.6 2761.15 767.139 1994.01 30450.7 712.748 25762.4 29738
internal_count=648159 542727 105432 307469 185466 149433 114377 11075 3077 7998 122003 2858 103302 119145
is_linear=0
shrinkage=0.05


Tree=40
num_leaves=15
num_cat=0
split_feature=5 8 2 0 9 9 2 9 0 2 2 0 9 2
split_gain=43.3969 33.6015 34.0268 31.9797 28.5701 25.9367 43.0196 30.6197 60.5128 56.0777 44.7355 42.1162 47.9158 40.5537
threshold=0.82692307233810436 -0.0093070548027753813 -0.068305220454931245 -0.059566779062151902 0.0028867633081972603 0.020283118821680549 -0.049562523141503327 0.012578178662806751 0.01438380964100361 0.005580227356404067 -0.035842016339302056 0.016935198567807678 0.014016129542142155 -0.0016536426846869288
decision_type=2 2 2 2 2 2 2 2 2 2 2 2 2 2
left_child=1 -1 3 -3 -4 6 -6 8 10 -9 -8 -11 -13 -12
right_child=-2 2 4 -5 5 -7 7 9 -10 11 13 12 -14 -15
leaf_value=-0.0027629892506943515 -0.0017301630885675019 -0.0040788272868925229 0.0013364399613474197 -0.039491943830141873 0.024801046027841622 0.0028409666731788732 -0.018280055725226459 -0.0018051866731610155 0.0051283244758821463 -0.0020570364764067053 0.00047512967336006814 -0.043548636895078083 -0.013519774813174215 -0.0035160509833793
leaf_weight=7496.4952601790428 26271.949698254466 177.78133727610111 75921.141640380025 98.625812768936157 165.06610943377018 6220.0501474738121 363.14721716940403 7600.9680279195309 4872.0858894884586 460.61187918484211 22504.084785461426 181.8000498265028 492.13743428885937 8873.2877431362867
leaf_count=30146 105377 760 304413 416 667 24917 1462 30480 19513 1851 90135 732 1981 35529
internal_value=0.000129538 0.000490317 0.000680975 -0.0168115 0.000718983 -0.000187176 -0.00060107 -0.000694077 -5.94173e-05 -0.00335378 -0.000855858 -0.0137179 -0.0216728 -0.000653623
internal_weight=161699 135427 127931 276.407 127654 51733.2 45513.2 45348.1 36612.6 8735.52 31740.5 1134.55 673.937 31377.4
internal_count=648379 543002 512856 1176 511680 207267 182350 181683 146639 35044 127126 4564 2713 125664
is_linear=0
shrinkage=0.05


Tree=41
num_leaves=15
num_cat=0
split_feature=3 2 1 5 5 2 6 1 1 2 0 2 8 2
split_gain=42.9713 39.1049 57.3606 59.0151 38.0883 34.9893 41.8536 77.9304 35.5162 34.6485 31.5357 35.3317 31.4569 30.3439
threshold=-0.0055152780842036 -0.0046308089513331643 0.004200112074613572 0.59615385532379161 0.25000000745058065 -0.0048252556007355443 0.0024754396872594957 0.0051967096514999875 0.010493104811757805 -0.004109364701434969 0.002876171725802124 -0.00013518080959329379 0.0018586917431093755 -0.028285232372581955
decision_type=2 2 2 2 2 2 2 2 2 2 2 2 2 2
left_child=13 5 4 -4 -3 8 7 -7 12 -6 11 -5 -2 -1
right_child=1 2 3 10 9 6 -8 -9 -10 -11 -12 -13 -14 -15
leaf_value=-0.003765804216307022 0.0038356541353118155 -0.00088938879530649532 0.0020384680669826463 0.0027334505410594994 0.0025974210032240642 0.013420357807370798 0.02562242317071424 -0.036484275933137952 -0.0029580695391001562 -0.0094825079799949735 -0.0024466297383044073 0.028961325846745951 0.00064364173346332732 -0.00052648169247890752
leaf_weight=8114.8655913025141 16483.534575015306 5360.452855527401 27565.667635038495 795.73743495345116 722.6321911662817 354.73876437544823 340.75429920852184 99.284570828080177 3520.2640520334244 3313.8674957901239 14112.800254896283 152.17383201420307 14515.144496545196 66194.290656164289
leaf_count=32809 66039 21469 110510 3190 2896 1423 1367 398 14106 13271 56587 610 58151 265378
internal_value=3.51972e-06 0.000755482 -0.000116207 0.000663341 -0.00365208 0.0020396 0.0124054 0.00245115 0.00180058 -0.0073198 -0.00185353 0.00697005 0.00234106 -0.000880275
internal_weight=161646 87337.1 52023.3 42626.4 9396.95 35313.7 794.778 454.023 34518.9 4036.5 15060.7 947.911 30998.7 74309.2
internal_count=648204 350017 208533 170897 37636 141484 3188 1821 138296 16167 60387 3800 124190 298187
is_linear=0
shrinkage=0.05


Tree=42
num_leaves=15
num_cat=0
split_feature=3 6 9 9 9 1 3 3 1 1 2 1 3 8
split_gain=45.6434 40.2639 76.1499 66.6695 79.486 35.8622 31.3171 31.1546 37.3353 69.6327 34.3971 37.4821 30.748 30.6291
threshold=-0.015778554603457447 0.0023353918222710495 -0.015916204079985615 -0.00047292468661908055 -0.00029636744875460858 -0.0039645412471145383 -0.012287775520235298 -0.0036581823369488116 0.0032502346439287071 0.0037203985266387467 -0.011621824465692042 -0.018114853650331494 -0.0097057684324681742 0.012504285201430322
decision_type=2 2 2 2 2 2 2 2 2 2 2 2 2 2
left_child=13 2 6 -4 5 -5 -2 8 10 -10 11 -6 -11 -1
right_child=1 -3 3 4 7 -7 -8 -9 9 12 -12 -13 -14 -15
leaf_value=-0.0020933149923379676 0.022686665339281528 0.00095599241835232014 0.0016102782217439688 -0.061480404165523528 0.029801461154721529 -0.016743952820337665 -0.01347887847339176 -0.00024348390730176439 -0.02730096590635438 0.0018477425593468131 0.0020481793041530259 -0.0055736980127142864 -0.0070245257617630704 -0.020312927979264248
leaf_weight=18996.002649515867 61.616561233997345 86559.395417079329 22663.231511220336 48.466905206441879 75.622858211398125 498.99603697657585 1417.0023531168699 17871.648812785745 372.52910485863686 1266.0904829502106 4027.4238107204437 3327.2206071913242 4263.6189714074135 232.52445587515831
leaf_count=76484 247 346921 90901 194 303 1999 5673 71568 1493 5081 16124 13330 17091 965
internal_value=-2.81436e-05 0.000280512 -0.00076557 -0.000461237 -0.00193982 -0.0208093 -0.0119575 -0.00160811 -0.00343717 -0.00640553 -0.0010787 -0.00477902 -0.00499315 -0.00231468
internal_weight=161681 142453 55893.5 54414.8 31751.6 547.463 1478.62 31204.2 13332.5 5902.24 7430.27 3402.84 5529.71 19228.5
internal_count=648374 570925 224004 218084 127183 2193 5920 124990 53422 23665 29757 13633 22172 77449
is_linear=0
shrinkage=0.05


Tree=43
num_leaves=15
num_cat=0
split_feature=5 3 2 2 2 0 1 2 5 5 5 1 1 1
split_gain=40.2065 33.2246 26.2516 38.7877 35.7941 44.9674 27.309 46.9078 38.3158 36.4158 27.1819 26.2856 30.9145 25.4456
threshold=0.90384614467620861 -0.052881149575114243 -0.011621824465692042 -0.0062578564975410691 -0.006869993405416607 -0.0032545581925660367 0.0041080906521528968 -0.004109364701434969 0.48076923191547399 0.2115384638309479 0.40384615957736975 0.019859408959746364 0.012872248888015749 0.023858632892370227
decision_type=2 2 2 2 2 2 2 2 2 2 2 2 2 2
left_child=1 -1 10 4 -4 -6 7 -5 -8 -9 -3 12 -7 -13
right_child=-2 2 3 6 5 11 8 9 -10 -11 -12 13 -14 -15
leaf_value=-0.013688814799982305 -0.0026736166356080286 -0.0026283599853203251 0.0016376379690782436 0.0014083621968734141 0.00085011633755601151 0.013016000082765364 0.0017837797626707231 -0.0011829645514021506 -0.00063525165683043323 -0.0078555837993760785 0.00010342726546547801 0.060255713103911292 -0.0087564575016415829 0.014522797683648636
leaf_weight=426.08094373345375 12894.480873584747 13556.245162069798 23331.701413944364 6350.1085401624441 1563.1497083157301 1560.8213398307562 32773.77468124032 4357.9311304986477 32702.502458333969 3851.8739995658398 27733.949688121676 53.383588835597038 181.34407863020897 70.985282361507416
leaf_count=1800 51745 54336 93531 25460 6268 6258 131390 17453 131147 15425 111261 214 727 285
internal_value=4.43364e-06 0.000236968 0.000277127 0.00069106 0.0023389 0.00710763 0.000140056 -0.00181846 0.000575589 -0.0043142 -0.000793505 0.0123448 0.010746 0.0344771
internal_weight=161408 148514 148088 106798 26761.4 3429.68 80036.2 14559.9 65476.3 8209.81 41290.2 1866.53 1742.17 124.369
internal_count=647300 595555 593755 428158 107283 13752 320875 58338 262537 32878 165597 7484 6985 499
is_linear=0
shrinkage=0.05


Tree=44
num_leaves=15
num_cat=0
split_feature=9 9 0 9 2 0 9 0 0 4 9 4 2 9
split_gain=47.1652 48.0929 37.4353 34.6622 34.1206 33.9747 32.6625 33.1681 32.3996 68.0597 32.1968 46.8249 38.0739 68.443
threshold=0.0083364178426563757 0.0079240985214710253 -0.0072443911340087644 -0.014873661100864409 -0.037662921473383897 0.024115149863064293 0.0029769128886982803 -0.027510260231792923 -0.035578817129135125 0.017833072692155841 0.023946670815348629 0.0099697229452431219 0.0057992844376713046 0.017820331268012527
decision_type=2 2 2 2 2 2 2 2 2 2 2 2 2 2
left_child=1 2 3 4 8 -3 7 -5 9 -1 11 12 -2 -14
right_child=10 5 -4 6 -6 -7 -8 -9 -10 -11 -12 -13 13 -15
leaf_value=-0.041701443368428709 -0.00021291118939696028 0.0070375590155567951 0.00083781267832843623 -0.0050225543606268429 -0.0082826603414306258 0.042525813857931909 -0.0033228853222324281 0.0011044723817517207 0.01777986821144667 0.0050521888985947264 0.001623317138444987 -0.0056306903428752723 -0.010654888379730379 0.0093516787424827771
leaf_weight=95.072551101446152 17009.113611921668 1816.2143671959639 92396.957529962063 2484.5378629416227 2828.8916645944118 69.100509971380234 7873.7854601740837 19839.52463953197 263.32062135636806 409.32884572446346 6092.5407829731703 7948.3433871418238 2129.1424575746059 533.9901310801506
leaf_count=386 68126 7281 370382 10016 11344 277 31610 79448 1059 1666 24438 32122 8560 2143
internal_value=-2.5449e-06 0.000435453 0.000316992 -0.00110696 -0.00574624 0.00836013 -0.000554241 0.000422376 0.00359854 -0.00382529 -0.00166647 -0.00239216 -0.00108345 -0.00664133
internal_weight=161790 128077 126191 33794.5 3596.61 1885.31 30197.8 22324.1 767.722 504.401 33713.1 27620.6 19672.2 2663.13
internal_count=648858 513469 505911 135529 14455 7558 121074 89464 3111 2052 135389 110951 78829 10703
is_linear=0
shrinkage=0.05


Tree=45
num_leaves=15
num_cat=0
split_feature=9 1 1 9 6 9 1 1 1 9 1 1 9 2
split_gain=48.0548 37.137 53.6148 41.9269 37.2032 35.7118 55.1752 49.3617 42.642 70.6168 45.391 51.4602 45.4104 36.8341
threshold=0.0063423670362681159 0.0083948415704071539 0.0097536239773035067 0.0066902458202093848 0.0027109090005978946 0.0069224771577864894 -0.0038207513280212875 -0.0057431128807365886 -0.0073532618116587392 0.0071681039407849321 -0.0016326375771313904 -0.0013685677549801765 0.0096438424661755579 -0.068305220454931245
decision_type=2 2 2 2 2 2 2 2 2 2 2 2 2 2
left_child=-1 5 3 -3 -5 6 7 -2 9 -7 13 12 -12 -10
right_child=1 2 -4 4 -6 8 -8 -9 10 -11 11 -13 -14 -15
leaf_value=0.00048908502429336853 -0.0021306508438860908 0.023611106984854066 -0.0022691424666732552 -0.021386895292263321 -0.006590137515985574 -0.047494459127469066 -0.01141435034439485 0.03422196397323115 -0.05553599142668042 -0.0031658137412198199 0.012516132629434594 0.0003008323624522259 -0.032095408139445607 0.0055892394958958385
leaf_weight=118132.51446440816 315.5687907487154 81.147093921899796 16532.503090500832 746.29621167480946 987.50421132147312 90.750222116708755 1476.4044304639101 131.56417137384415 23.769941046833992 4338.1935388445854 76.092523649334908 13327.726387232542 221.53654477000237 5250.9261649847031
leaf_count=473609 1266 325 66402 2997 3975 364 5917 527 111 17472 305 53461 888 21048
internal_value=-3.45137e-05 -0.00145316 -0.00316506 -0.0113203 -0.0129679 -0.000209291 -0.00675565 0.00861822 0.00033074 -0.00408464 0.00136558 -0.000159088 -0.0206862 0.00530331
internal_weight=161732 43600 18347.5 1814.95 1733.8 25252.5 1923.54 447.133 23329 4428.94 18900.1 13625.4 297.629 5274.7
internal_count=648667 175058 73699 7297 6972 101359 7710 1793 93649 17836 75813 54654 1193 21159
is_linear=0
shrinkage=0.05


Tree=46
num_leaves=15
num_cat=0
split_feature=4 2 8 6 9 9 0 6 0 9 9 9 6 8
split_gain=45.3371 36.052 30.1172 42.4516 24.3704 25.5918 23.8358 20.954 38.4819 22.7749 20.5447 28.0771 25.2518 29.1976
threshold=0.004856658400967718 -0.02902796026319265 -0.015088988468050955 0.0051286497619003066 0.026292044669389728 0.023946670815348629 -0.0054765488021075717 0.0091213942505419272 -0.0027606841176748271 -0.0054442693945020429 0.0083364178426563757 0.025094754062592987 0.0021946650231257085 0.005382596282288433
decision_type=2 2 2 2 2 2 2 2 2 2 2 2 2 2
left_child=1 4 3 -2 5 7 -6 8 -1 -9 -4 12 -12 -14
right_child=2 -3 10 -5 6 -7 -8 9 -10 -11 11 -13 13 -15
leaf_value=0.0073077455091770027 -0.014510583284614291 0.00076894298469073401 -0.0001702946660235824 -0.001161726866766719 0.015090360791580749 -0.037932799469471173 0.053831029460030058 -0.02857222378200678 0.045027200368266455 0.012212136523074677 -0.0075959445294922923 0.0021892774716536674 -0.0014289125370990502 -0.01142553057264478
leaf_weight=687.39224335551262 947.44330283999443 79415.743931159377 60832.226675897837 1601.4116671979427 155.48006410896778 30.688488706946373 52.959232196211815 74.786002144217491 74.088947713375092 61.632413655519485 2509.1535979658365 3124.7769353091717 11208.04198423028 780.4013355076313
leaf_count=2754 3815 318330 243886 6482 623 123 213 301 297 247 10083 12537 45120 3169
internal_value=5.5646e-05 0.000895577 -0.000779612 -0.00612742 0.00973187 0.00624912 0.0251434 0.00779969 0.0110319 -0.0101915 -0.000605795 -0.00210904 -0.00303558 -0.00208055
internal_weight=161556 80552.8 81003.5 2548.85 1137.03 928.588 208.439 897.9 761.481 136.418 78454.6 17622.4 14497.6 11988.4
internal_count=647980 322888 325092 10297 4558 3722 836 3599 3051 548 314795 70909 58372 48289
is_linear=0
shrinkage=0.05


Tree=47
num_leaves=15
num_cat=0
split_feature=9 1 5 1 9 1 0 1 1 9 1 9 1 1
split_gain=43.8427 41.9194 28.083 44.5009 30.2383 32.1601 30.7266 28.0818 24.7903 40.3034 47.8059 43.3544 25.1169 36.1703
threshold=0.0027977317804470663 -0.015236723702400921 0.48076923191547399 -0.0023824766976758833 0.025094754062592987 0.0086045311763882654 -0.012421316001564263 0.0082728285342454928 0.011197067797183992 0.011341324541717769 0.011795645579695703 0.014663514681160452 0.025449499487876896 0.015495418570935728
decision_type=2 2 2 2 2 2 2 2 2 2 2 2 2 2
left_child=1 -1 8 -4 6 7 -5 -6 -2 -10 -11 12 13 -12
right_child=2 -3 3 4 5 -7 -8 -9 9 10 11 -13 -14 -15
leaf_value=-0.0064928526194307284 -0.00074652506192527572 0.00083828918368134778 0.0018246734960394449 -0.0084565646693898263 0.010112922112423272 -0.00098095794453532622 -0.0026887677856270958 0.06479357215855297 0.0054111490574648953 0.025914873229973469 -0.021528314986792765 0.00070180432175301767 -0.026395881039685418 0.001472323142666967
leaf_weight=1990.6121100187302 22376.886348977685 93109.735537737608 6433.3659664392471 2548.5409420579672 623.31679767370224 1626.337580576539 24514.233145564795 23.451120138168335 4826.5451343506575 149.71248617768288 275.9792922437191 2403.9095036387444 226.82086002826691 446.11208137869835
leaf_count=8026 89643 373323 25886 10325 2499 6521 98398 94 19322 600 1106 9637 912 1790
internal_value=-3.83218e-06 0.000684769 -0.00098895 -0.00194111 -0.00276698 0.00277102 -0.00323222 0.0121925 0.000120241 0.0024487 -0.00163397 -0.00287146 -0.0119149 -0.00733601
internal_weight=161576 95100.3 66475.2 35769.2 29335.9 2273.11 27062.8 646.768 30706 8329.08 3502.53 3352.82 948.912 722.091
internal_count=648082 381349 266733 143723 117837 9114 108723 2593 123010 33367 14045 13445 3808 2896
is_linear=0
shrinkage=0.05


Tree=48
num_leaves=15
num_cat=0
split_feature=3 2 9 9 1 2 6 9 9 1 1 2 9 4
split_gain=34.4469 29.02 33.71 41.399 30.2992 26.5033 26.3411 36.2818 41.8667 42.4514 81.2891 51.7255 41.8445 40.1484
threshold=-0.0020074388012289997 -0.068305220454931245 0.041613588109612472 0.018907665275037292 -0.024139321409165856 -0.02902796026319265 0.0023353918222710495 -0.00047292468661908055 -0.00038324977504089469 0.0032502346439287071 0.0037203985266387467 -0.011621824465692042 -0.014873661100864409 0.0096824788488447684
decision_type=2 2 2 2 2 2 2 2 2 2 2 2 2 2
left_child=1 2 3 -1 -4 -2 7 12 -9 11 -11 -10 -3 -12
right_child=5 6 4 -5 -6 -7 -8 8 9 10 13 -13 -14 -15
leaf_value=-0.010534424720942502 0.010741155703631369 -0.0095638288017263103 0.033557207935846246 -0.050151512200181117 -0.031147203999889801 0.00093437129396597713 4.6297629863837479e-05 -0.029334062920048948 -0.0046728212247779399 -0.023778441230016586 -0.0059153808782360044 0.0024263750896321209 0.00098069656452567521 0.0025973490093104731
leaf_weight=377.28878457844257 697.98780502378941 1009.2078650444746 65.15740379691124 79.149911224842072 24.017646744847298 48019.388874992728 78255.746506944299 149.14865313470364 4543.5176587402821 560.63032069802284 6582.1307253539562 5892.0258095562458 13704.346610307693 1753.502185061574
leaf_count=1630 2800 4042 261 364 99 192503 313920 598 18218 2249 26390 23591 54956 7046
internal_value=-3.62707e-05 -0.000515433 -0.0120082 -0.0174989 0.0159781 0.00107509 -0.000459563 -0.00161722 -0.00303259 -0.00282817 -0.00536562 -0.000664686 0.000256843 -0.00412453
internal_weight=161713 112996 545.614 456.439 89.1751 48717.4 112450 34194.5 19481 19331.8 8896.26 10435.5 14713.6 8335.63
internal_count=648667 453364 2354 1994 360 195303 451010 137090 78092 77494 35685 41809 58998 33436
is_linear=0
shrinkage=0.05


Tree=49
num_leaves=15
num_cat=0
split_feature=5 3 9 6 9 9 9 9 6 0 6 0 0 0
split_gain=42.4851 30.091 31.319 56.57 25.0332 47.4551 35.2522 34.2853 37.108 38.8156 41.5321 29.5688 41.2587 34.9692
threshold=0.90384614467620861 -0.052881149575114243 -0.0089280698448419554 0.010726655367761852 -0.00074787970515899349 -0.00084878288907930244 -0.00029636744875460858 -0.014873661100864409 0.0028297605458647017 -0.0078661041334271414 0.0069563190918415794 -0.0060344673693180076 -0.031483849510550492 -0.0019227245938964186
decision_type=2 2 2 2 2 2 2 2 2 2 2 2 2 2
left_child=1 2 3 -1 5 7 11 8 -3 10 -10 12 -6 -13
right_child=-2 4 -4 -5 6 -7 -8 -9 9 -11 -12 13 -14 -15
leaf_value=-0.020582124152329691 -0.0027091646608821116 -0.0067926575565467554 -0.022875954534861073 0.041995231837766683 0.032929630236725661 0.01508048854577948 -4.503006388223115e-05 0.0014808706741443586 -0.009034325319238503 0.0024888339493554772 0.0055717151585056033 0.010249198564707631 -0.017051715498139341 -0.0058863307720628134
leaf_weight=85.244778752326965 12902.496701255441 2636.2644798606634 276.90874564647675 61.158528983592987 42.914518371224403 598.838358938694 83345.21449187398 51116.938483789563 1805.5019267648458 5290.4972448348999 665.40225984156132 419.64677828550339 712.92604076862335 1664.0576699823141
leaf_count=350 51798 10559 1201 251 173 2404 334131 205153 7251 21192 2680 1680 2857 6664
internal_value=4.29556e-05 0.000281735 -0.0130144 0.0056665 0.000319776 0.00108498 -0.000231714 0.000948494 -0.00166867 7.24177e-05 -0.00510033 -0.00570924 -0.0141742 -0.00263337
internal_weight=161624 148722 423.312 146.403 148298 62113.4 86184.8 61514.6 10397.7 7761.4 2470.9 2839.55 755.841 2083.7
internal_count=648344 596546 1802 601 594744 249239 345505 246835 41682 31123 9931 11374 3030 8344
is_linear=0
shrinkage=0.05


Tree=50
num_leaves=15
num_cat=0
split_feature=8 2 1 5 2 4 2 7 2 1 2 1 2 1
split_gain=27.19 28.0765 32.7561 22.2988 18.6129 18.6604 19.5879 18.353 17.9802 40.5792 41.0742 35.7285 32.6629 34.5875
threshold=-0.0093070548027753813 -0.068305220454931245 -0.018114853650331494 0.94230768084526073 0.023755831643939022 0.01902811881154776 0.029783169738948349 -0.0071804746985435477 -0.0046308089513331643 0.02597021218389273 -0.0050279097631573668 0.0041080906521528968 -0.011621824465692042 0.022960918955504898
decision_type=2 2 2 2 2 2 2 2 2 2 2 2 2 2
left_child=-1 2 -2 4 8 -6 -7 -5 9 12 -11 -10 -3 -14
right_child=1 3 -4 7 5 6 -8 -9 11 10 -12 -13 13 -15
leaf_value=-0.0027093100857079559 -0.0020665573285102456 -1.0040922363049505e-05 -0.032506748400671803 -0.031155900174530224 0.0086360155311638598 0.016944173104816034 -0.032558999072701815 -0.0024462852718785473 -0.0030362504625994274 -0.0064638905686411792 -0.049707860959218822 0.00021384112908137692 0.0019479626410841334 0.020069898590985936
leaf_weight=8301.4588475674391 238.3836452960968 38451.616594612598 139.5829381942749 55.197482109069824 1041.2606488317251 29.862810671329498 56.467285022139549 5991.3462319672108 9837.4345660954714 1003.809672832489 57.131745636463165 60177.634646326303 36100.252980142832 264.24704350531101
leaf_count=33429 1015 154164 622 222 4177 120 227 24043 39406 4030 229 241350 144766 1060
internal_value=7.7639e-05 0.000228432 -0.0133642 0.000262083 0.000384478 0.00678089 -0.0154372 -0.00271348 0.000334995 0.000868192 -0.0088372 -0.000242848 0.00100594 0.0020802
internal_weight=161746 153444 377.967 153066 147020 1127.59 86.3301 6046.54 145892 75877.1 1060.94 70015.1 74816.1 36364.5
internal_count=648860 615431 1637 613794 589529 4524 347 24265 585005 304249 4259 280756 299990 145826
is_linear=0
shrinkage=0.05


Tree=51
num_leaves=15
num_cat=0
split_feature=5 9 1 1 9 9 9 3 1 1 9 5 9 9
split_gain=26.9822 26.4532 37.8699 51.1128 54.469 86.6436 64.79 49.5911 47.4294 46.9889 68.2726 50.8159 39.7934 69.3444
threshold=0.94230768084526073 -0.00065157795324921597 0.0025820549344643955 0.0071036943700164565 -0.0042838132940232745 -0.0089280698448419554 -0.0096724135801196081 -0.043933885172009461 0.0073203539941459903 0.0020524127176031475 -0.0071463745553046456 0.67307692766189586 -0.0046203839592635623 -0.0054442693945020429
decision_type=2 2 2 2 2 2 2 2 2 2 2 2 2 2
left_child=1 2 9 -4 5 6 8 -6 -5 11 -11 -1 13 -7
right_child=-2 -3 3 4 7 12 -8 -9 -10 10 -12 -13 -14 -15
leaf_value=-0.0014668871383965521 -0.0031377012275496138 -0.00036509186040001849 0.0045368117336719938 -0.026257040563486312 -0.081139194746184515 -0.0063563785605083014 0.013713515022700174 0.0040874606792912598 0.0012266391932392502 -0.022905827143696888 -0.00077386319092334361 0.0038757964117523179 -0.015927579413736521 0.0050128389953918179
leaf_weight=16806.162563458085 6324.6332037746906 89626.490398898721 12564.635992437601 158.36742374300957 16.102827250957489 5600.5663123726845 1070.7051583826542 9041.4682659357786 10470.912654951215 564.30528692901134 908.57401010394096 6052.6613886207342 722.11616569757462 1762.5790174752474
leaf_count=67441 25400 359455 50443 635 65 22480 4298 36302 41981 2262 3644 24279 2897 7077
internal_value=6.33403e-05 0.000193668 0.000955455 0.00187536 0.000715855 -0.000754314 0.00199621 0.003927 0.000814724 -0.000610048 -0.00926309 -5.21199e-05 -0.00473428 -0.00363452
internal_weight=161690 155366 65739.2 41407.5 28842.8 19785.2 11700 9057.57 10629.3 24331.7 1472.88 22858.8 8085.26 7363.15
internal_count=648659 623259 263804 166178 115735 79368 46914 36367 42616 97626 5906 91720 32454 29557
is_linear=0
shrinkage=0.05


Tree=52
num_leaves=15
num_cat=0
split_feature=9 9 9 2 1 1 9 1 2 1 2 2 6 3
split_gain=30.3345 49.3037 39.4828 43.8358 72.9426 71.8401 49.5086 42.3332 75.5751 39.3509 49.4918 47.635 38.4656 37.9923
threshold=-0.00065157795324921597 -0.00029636744875460858 -1.0000000180025095e-35 0.0029921293025836353 0.0035326032666489486 0.025449499487876896 -0.00020562387362588194 -0.00076940652797929932 -0.010527648497372864 0.0056111700832843789 -0.01175830466672778 -0.0020124225411564107 0.0021004242589697246 -0.0014377353945747016
decision_type=2 2 2 2 2 2 2 2 2 2 2 2 2 2
left_child=-1 -2 3 4 7 6 -5 8 -3 10 -6 -11 -4 -10
right_child=1 2 12 5 9 -7 -8 -9 13 11 -12 -13 -14 -15
leaf_value=0.00081795847459500146 -0.0075414884735147489 0.014487012495052682 -0.0022067975474339462 0.0011803897266823222 0.064036588308827719 -0.021117999250331719 0.056534352296685644 0.024566768804621039 -0.068097002170107918 0.012440390940684047 -0.036048928327551848 -0.015425349606862138 0.00011528560191927098 -0.0036260677236007927
leaf_weight=68428.820129096508 2466.7446072846651 283.62200525403023 24688.705789208412 56.733799234032631 12.488693550229071 61.177859768271446 139.63285234570503 444.99297891557217 47.469810321927071 311.32069337368011 157.64728625118732 300.34136548638344 64230.087116345763 43.457949534058571
leaf_count=274596 9887 1136 98937 227 50 245 560 1781 190 1246 631 1202 257750 174
internal_value=1.84789e-05 -0.000568234 -0.000378665 0.00683136 0.00374444 0.0259362 0.0406286 0.014159 0.00176133 -0.00717707 -0.028371 -0.00124523 -0.000529469 -0.0376584
internal_weight=161673 93244.4 90777.7 1858.89 1601.34 257.545 196.367 819.543 374.55 781.798 170.136 611.662 88918.8 90.9278
internal_count=648612 374016 364129 7442 6410 1032 787 3281 1500 3129 681 2448 356687 364
is_linear=0
shrinkage=0.05


Tree=53
num_leaves=15
num_cat=0
split_feature=9 9 5 3 9 6 6 9 9 0 0 3 6 0
split_gain=31.1023 42.6945 26.2925 24.5622 60.0164 31.5504 28.5213 51.4347 25.3384 23.8757 23.8477 45.0908 40.2719 27.9048
threshold=0.0083364178426563757 0.0079240985214710253 0.94230768084526073 -0.0098001542501151544 0.030197517015039924 0.015405554324388506 0.010726655367761852 0.010130255948752167 0.0086382222361862677 0.024115149863064293 0.0098193269222974795 -0.005462963366881012 0.0037586690159514551 -0.018672095611691471
decision_type=2 2 2 2 2 2 2 2 2 2 2 2 2 2
left_child=1 2 -1 4 6 -6 8 -8 -2 10 11 -3 -12 -13
right_child=3 9 -4 -5 5 -7 7 -9 -10 -11 12 13 -14 -15
leaf_value=0.00035485188606282944 -0.01937805078567767 0.0010687507744635524 -0.0033667625774560154 -0.0004693018023863841 0.0072354405320633405 -0.021546621805215129 0.039552235665101979 -0.027852832822146137 -0.0039747257827091728 0.037114247869777586 -0.018749693258503754 -0.052335722195706195 0.020707800856794554 0.019774669626547559
leaf_weight=121157.44938009977 274.79572802782059 791.17408592998981 4938.2669092565775 22974.596674457192 1530.0871128290892 100.56864412128925 30.924762532114983 255.69560892879963 8441.8349968343973 66.140251874923706 202.36246453225613 12.745924860239027 93.871391922235489 698.69290214776993
leaf_count=485865 1107 3177 19808 92078 6138 407 128 1075 34122 265 811 51 376 2797
internal_value=-3.5349e-05 0.000320181 0.000209077 -0.00138896 -0.00337565 0.00544823 -0.00497424 -0.020468 -0.00446249 0.00782797 0.00673114 0.00928659 -0.00621869 0.0184111
internal_weight=161569 127961 126096 33608.5 10633.9 1630.66 9003.25 286.62 8716.63 1864.99 1798.85 1502.61 296.234 711.439
internal_count=648205 513150 505673 135055 42977 6545 36432 1203 35229 7477 7212 6025 1187 2848
is_linear=0
shrinkage=0.05


Tree=54
num_leaves=15
num_cat=0
split_feature=4 2 1 2 6 6 1 2 1 2 6 2 6 0
split_gain=30.5888 37.9867 30.1912 34.8153 27.6852 24.0764 43.3383 46.6705 33.5277 24.2187 65.7092 25.5266 30.5853 23.511
threshold=0.0063808958511799583 -0.02902796026319265 -0.0027821296826004978 -0.04190170764923095 0.0043653137981891641 0.0021004242589697246 -0.0016326375771313904 -0.012053247075527905 -0.015236723702400921 0.011980047449469568 0.0044668992049992093 0.020417290739715103 0.0030269902199506764 0.023353282362222675
decision_type=2 2 2 2 2 2 2 2 2 2 2 2 2 2
left_child=1 2 -1 -4 -5 6 7 -3 -7 -10 11 13 -13 -11
right_child=-2 5 3 4 -6 8 -8 -9 9 10 -12 12 -14 -15
leaf_value=0.0054804024578899626 -0.00084396333321809329 -0.0028154522497156921 -0.014849832603906718 -0.035160483176911846 0.039991876501160109 -0.014954669680886414 -0.0014972204839487138 0.00591450102143278 0.0013735592744403267 -0.0033746460772267027 0.0058672974043951776 0.024154398863613494 -0.0069039902572788558 -0.016472363440760789
leaf_weight=1166.9757148176432 66740.62177580595 2317.2077776044607 43.070874482393265 12.434828221797941 172.17042972147465 324.63731628656387 27697.597007602453 4508.0354593396187 55544.823225408792 526.45393843948841 1219.0623200088739 114.10078904032707 253.69872605800629 983.52458462119102
leaf_count=4679 268056 9275 173 50 693 1300 111045 18083 222677 2112 4891 458 1018 3948
internal_value=-2.38109e-05 0.000553082 0.00874113 0.0253572 0.0347675 0.000430842 -0.000617805 0.00295066 0.00104479 0.00113362 -0.00316905 -0.00903548 0.00277048 -0.0119111
internal_weight=161624 94883.8 1394.65 227.676 184.605 93489.1 34522.8 6825.24 58966.3 58641.7 3096.84 1877.78 367.8 1509.98
internal_count=648458 380402 5595 916 743 374807 138403 27358 236404 235104 12427 7536 1476 6060
is_linear=0
shrinkage=0.05


Tree=55
num_leaves=15
num_cat=0
split_feature=5 3 9 4 0 1 1 4 9 3 1 1 1 8
split_gain=26.1271 23.3928 26.3694 20.1241 18.1296 21.4235 17.7269 16.793 17.4725 28.9704 15.629 15.2384 22.8737 17.7252
threshold=0.82692307233810436 -0.052881149575114243 -0.0089280698448419554 0.0023380359634757046 -0.025504024699330326 0.019012885168194774 -0.029626567848026749 0.025722033344209198 -0.030149869620800015 -0.011762303765863178 0.011948236264288427 0.022533345967531208 0.045770019292831428 -0.00061768552404828359
decision_type=2 2 2 2 2 2 2 2 2 2 2 2 2 2
left_child=1 2 4 -3 5 -1 -4 8 9 10 -2 13 -13 -10
right_child=7 3 6 -5 -6 -7 -8 -9 11 -11 -12 12 -14 -15
leaf_value=0.0082579102720040948 0.0097439099562176001 0.0011679138170177738 0.012477745987123277 -0.00011607745104843895 0.048842935119562114 -0.050284751106027349 -0.02804739310257072 -0.0064764407797304122 0.0008416035915991062 0.018670965707069821 -0.023139326310288859 -0.0063147318031294272 0.0058793028700200433 -0.0020712171752529309
leaf_weight=84.566647484898567 62.962261363863945 46619.648204267025 30.637663245201111 88342.392723470926 19.671537920832634 18.121812701225281 197.80999709665775 1548.9707966297865 9227.1625693440437 270.9357862919569 82.443865194916725 2660.9987742751837 448.70617958903313 12032.558158040047
leaf_count=349 253 186941 132 354408 79 74 871 6300 37015 1085 330 10680 1802 48243
internal_value=1.34583e-05 0.000293892 -0.0125825 0.000327454 0.00611807 -0.00245865 -0.0225818 -0.00142742 -0.00111163 0.00903267 -0.00893127 -0.00128531 -0.0045539 -0.000807012
internal_weight=161648 135313 350.808 134962 122.36 102.688 228.448 26334.7 24785.8 416.342 145.406 24369.4 3109.7 21259.7
internal_count=648562 542854 1505 541349 502 423 1003 105708 99408 1668 583 97740 12482 85258
is_linear=0
shrinkage=0.05


Tree=56
num_leaves=15
num_cat=0
split_feature=2 9 9 9 9 1 1 2 9 2 2 9 9 2
split_gain=31.0203 36.1473 44.8296 25.404 48.4926 46.0882 43.8857 46.9299 44.5303 41.1968 44.4855 39.7852 39.1328 38.4221
threshold=-0.068305220454931245 0.041613588109612472 0.018907665275037292 -0.00074787970515899349 -0.00084878288907930244 0.025449499487876896 -0.018114853650331494 -0.039388114586472504 -0.0020300432806834574 -0.023038412444293496 -0.02176778111606836 -0.0028366964543238278 -0.0042838132940232745 -0.017483618110418316
decision_type=2 2 2 2 2 2 2 2 2 2 2 2 2 2
left_child=1 2 -1 4 6 13 -2 8 11 -9 12 -8 -11 -6
right_child=3 -3 -4 -5 5 -7 7 9 -10 10 -12 -13 -14 -15
leaf_value=-0.010038435081529039 -0.010147947025860743 0.01527685529378673 -0.049787053145326332 -0.0004484038484234972 0.048658076764553838 -0.04571177985693 0.012368176013802034 -0.0038844961879534756 -0.033112760196231189 0.0062112049527252994 0.00087901946993421392 0.060671015273957157 0.031890583753249567 0.012316488742818071
leaf_weight=386.46735575795174 920.06694149971008 102.45157009363174 86.117264226078987 93503.648585140705 83.123008370399475 29.604099273681641 796.69938269257545 4582.4138018488884 50.139276012778282 559.17549027502537 59761.950343623757 44.144098848104477 201.28136779367924 548.4067123234272
leaf_count=1682 3709 415 405 374939 333 119 3210 18400 202 2240 239775 178 806 2204
internal_value=4.39837e-05 -0.0115383 -0.0173715 8.54021e-05 0.000824004 0.0142887 0.00069076 0.000842017 0.012233 0.000685941 0.00103205 0.0149731 0.0130411 0.0171692
internal_weight=161656 575.036 472.585 161081 67577 661.134 66915.9 65995.8 890.983 65104.8 60522.4 840.843 760.457 631.53
internal_count=648617 2502 2087 646115 271176 2656 268520 264811 3590 261221 242821 3388 3046 2537
is_linear=0
shrinkage=0.05


Tree=57
num_leaves=15
num_cat=0
split_feature=3 9 9 2 6 1 1 9 9 1 1 6 8 9
split_gain=27.3928 20.8427 30.8063 61.8215 28.0582 33.5202 31.5161 37.7884 38.8447 39.4361 35.2166 25.4087 28.2183 26.3812
threshold=-0.021723535843193528 0.030197517015039924 0.018907665275037292 -0.05689458176493644 0.012913099490106108 -0.020422806963324543 -0.002651913207955658 0.032616043463349349 0.041613588109612472 -0.01061399234458804 -0.00033949159842450166 0.0061282857786864051 -0.012210030574351547 -0.048088205978274338
decision_type=2 2 2 2 2 2 2 2 2 2 2 2 2 2
left_child=1 2 11 -4 5 -3 7 -7 -9 -10 -8 12 -1 -13
right_child=-2 4 3 -5 -6 6 10 8 9 -11 -12 13 -14 -15
leaf_value=-0.013243257086303667 7.0078863723244526e-05 0.036299205171856461 -0.058557241990271694 -0.008500603843715062 -0.018717610157934311 -0.088015849170012886 0.057227781599026417 0.023745815050708614 0.0067890444927467351 -0.071954111872127788 0.0066245017446852203 0.017946314147524966 -0.0030399134384561446 -6.6081276825867316e-05
leaf_weight=797.3788021504879 152433.45418336987 97.461575597524643 69.261431232094765 509.85787673294544 101.26646864414215 15.206753656268118 37.405634894967079 55.364356324076653 30.963330447673794 31.346274301409725 332.25465726852417 222.69339033961296 4487.823602989316 2227.3350607156754
leaf_count=3226 611267 395 331 2070 413 62 150 224 124 127 1333 899 18108 9090
internal_value=-8.8319e-05 -0.00276617 -0.00346449 -0.0145779 0.00550633 0.00961911 0.00438303 -0.0164212 -0.00650547 -0.0333353 0.0118856 -0.00263068 -0.00458151 0.0015778
internal_weight=161449 9015.62 8314.35 579.119 701.269 600.003 502.541 132.881 117.674 62.3096 369.66 7735.23 5285.2 2450.03
internal_count=647819 36552 33724 2401 2828 2415 2020 537 475 251 1483 31323 21334 9989
is_linear=0
shrinkage=0.05


Tree=58
num_leaves=15
num_cat=0
split_feature=6 9 9 4 9 1 3 9 1 1 2 9 6 9
split_gain=21.6665 42.6528 51.1519 37.2518 35.7483 32.6627 31.2511 30.4622 39.813 34.9242 31.4211 29.5907 39.3001 38.3455
threshold=0.0023353918222710495 -0.015916204079985615 0.0014130827621556821 0.011969830375164749 0.0016769809299148621 -0.018114853650331494 -0.015778554603457447 0.0015811147750355305 0.0076375056523829707 0.0067956668790429839 0.0020373514853417878 0.027922209352254871 0.015405554324388506 0.018907665275037292
decision_type=2 2 2 2 2 2 2 2 2 2 2 2 2 2
left_child=1 3 -3 -1 7 -6 11 8 9 -4 -10 13 -13 -2
right_child=6 2 4 -5 5 -7 -8 -9 10 -11 -12 12 -14 -15
leaf_value=-0.01144387245348031 -0.0014411529827293278 0.00086992660267603368 2.4762551361228966e-05 0.015114675720107044 0.020216861711930083 -0.0019611630407037994 0.00083101296306067581 -0.024989421585675829 -0.043563577677251691 0.058385550139916365 -0.0033628765375807584 0.0087400967240009557 -0.02672979740176681 -0.011793113027566081
leaf_weight=1403.1249220818281 15219.389898911119 29982.972867459059 340.09443941712379 144.8736996948719 166.12611238658428 25111.162884995341 86595.639971539378 300.43288750946522 96.668096214532852 26.724261432886124 97.12303514778614 1083.8530526459217 83.186226323246956 949.46446411311626
leaf_count=5618 61376 120270 1362 582 666 100672 347211 1203 387 107 389 4363 339 3897
internal_value=1.18196e-05 -0.000765393 -0.000539476 -0.00895016 -0.00215616 -0.00181461 0.000443081 -0.012169 -0.0052663 0.00442376 -0.0235367 -0.00149464 0.00619109 -0.00204973
internal_weight=161601 57669.3 56121.3 1548 26138.3 25277.3 103932 861.043 560.61 366.819 193.791 17335.9 1167.04 16168.9
internal_count=648442 231256 225056 6200 104786 101338 417186 3448 2245 1469 776 69975 4702 65273
is_linear=0
shrinkage=0.05


Tree=59
num_leaves=15
num_cat=0
split_feature=4 3 6 6 0 6 5 1 1 1 1 8 1 8
split_gain=22.531 17.0224 35.5529 18.5979 44.2781 26.5418 41.5658 51.3892 52.4586 38.7047 31.0833 26.1051 23.007 22.8657
threshold=0.0031240487005561595 -0.052881149575114243 0.012913099490106108 0.0023353918222710495 0.0030045870225876574 0.0016128106508404019 0.36538462340831762 -0.0012463933671824632 -0.00013152421888662499 -0.0079453457146882994 0.0064078201539814481 -0.0012913731043227015 1.0000000180025095e-35 1.0000000180025095e-35
decision_type=2 2 2 2 2 2 2 2 2 2 2 2 2 2
left_child=-1 2 -2 4 5 6 -3 9 -9 -8 12 -6 -10 -14
right_child=1 3 -4 -5 11 -7 7 8 10 -11 -12 -13 13 -15
leaf_value=0.00070510340031072283 -0.016608633276436392 -0.0027097138236585423 0.016648868862675283 -3.2533848315673352e-05 -0.0025476317059534527 -0.0017810050613366445 -0.0092201898399130525 -0.017531735773755289 0.028896117331168866 0.016892916821584288 0.014618711352232215 -0.0098629727621880325 0.0033587162271402761 -0.0081729143920132412
leaf_weight=61790.312872052193 390.30688241124153 2965.5039953589439 100.26365095376968 71036.794162124395 2696.8519366830587 15983.038430079818 162.44994024932384 322.99321453273296 71.349854812026024 1090.9183502346277 529.1802826821804 2226.7471297085285 1585.9941707700491 588.57769279181957
leaf_count=247770 1681 11889 433 285141 10821 64106 651 1295 286 4372 2123 8937 6360 2360
internal_value=-4.51586e-05 -0.000509908 -0.00979137 -0.000463938 -0.00154971 -0.000639229 0.00185475 0.00496532 0.00150777 0.0135037 0.00372929 -0.0058574 0.00115817 0.0002352
internal_weight=161541 99751 490.571 99260.4 28223.6 23300 7316.97 4351.46 3098.1 1253.37 2775.1 4923.6 2245.92 2174.57
internal_count=648225 400455 2114 398341 113200 93442 29336 17447 12424 5023 11129 19758 9006 8720
is_linear=0
shrinkage=0.05


Tree=60
num_leaves=15
num_cat=0
split_feature=5 9 9 6 0 2 1 2 2 1 2 0 5 6
split_gain=23.9394 23.0499 30.768 45.1778 37.7341 35.0677 50.4012 35.3961 32.2365 48.9591 32.6339 35.1334 27.6049 26.8442
threshold=0.94230768084526073 0.0027129113441333179 -0.014873661100864409 0.002158465795218945 -0.0042647894006222478 0.00068373218527995061 0.0074428196530789146 0.0014265778008848431 -0.037662921473383897 -0.029626567848026749 -0.026857295073568817 -0.028626896440982815 0.2115384638309479 0.0076745098922401675
decision_type=2 2 2 2 2 2 2 2 2 2 2 2 2 2
left_child=1 2 3 5 8 6 -1 -7 9 -5 11 -10 -9 -12
right_child=-2 -3 -4 4 -6 7 -8 12 10 -11 13 -13 -14 -15
leaf_value=-0.0092428292430231773 -0.0030054065400341723 -0.00059023376908713459 0.00098750629549639122 -0.028025613579970549 0.0019216781990034938 -0.060435339701171147 0.021452335931955197 -0.0050113802245440615 0.00079476944970675769 0.010167548809344082 -0.0058018930809445443 -0.023074415287721233 -0.028510957585835373 0.011604772830696108
leaf_weight=791.4845577776432 6324.7884337455034 64506.573017671704 79816.574781447649 96.147537112236023 5866.6122602671385 48.230771780014038 159.90844881534576 270.09840324521065 219.31132623553276 615.59615385532379 1936.7741844505072 517.46701353788376 232.42627382278442 249.13834337890148
leaf_count=3172 25416 258918 320207 396 23507 193 640 1081 887 2492 7759 2080 930 998
internal_value=9.68977e-06 0.000132481 0.000645805 -0.00183274 -0.000558393 -0.00988725 -0.00406653 -0.0199165 -0.00456109 0.00497606 -0.00688451 -0.015978 -0.0159154 -0.00381358
internal_weight=161651 155326 90819.8 11003.2 9501.05 1502.15 951.393 550.755 3634.43 711.744 2922.69 736.778 502.525 2185.91
internal_count=648676 623260 364342 44135 38119 6016 3812 2204 14612 2888 11724 2967 2011 8757
is_linear=0
shrinkage=0.05


Tree=61
num_leaves=15
num_cat=0
split_feature=4 2 1 2 6 1 2 2 6 1 1 2 5 5
split_gain=23.8395 23.1031 29.6914 29.8313 28.3451 20.7155 19.654 34.6978 19.7792 28.5593 27.7126 34.0234 41.4002 25.9471
threshold=0.0063808958511799583 -0.02902796026319265 -0.0027821296826004978 -0.04190170764923095 0.0043970958795398482 0.0078456075862050074 0.023755831643939022 0.014360440894961359 0.0020766501547768716 -0.015236723702400921 -0.0016326375771313904 -0.012053247075527905 0.28846155107021337 0.25000000745058065
decision_type=2 2 2 2 2 2 2 2 2 2 2 2 2 2
left_child=1 2 -1 5 -5 -4 7 8 10 -10 11 -3 -13 -12
right_child=-2 6 3 4 -6 -7 -8 -9 9 -11 13 12 -14 -15
leaf_value=0.0037488247229179629 -0.00067837618530740957 -0.0025321527811948299 0.021109634958148958 -0.036401853679891315 0.038354989282025326 -0.045709084011203979 0.0088222419846831455 -0.0062100315694753076 -0.013398679807994472 0.0011838183891496878 0.0012280465876828277 0.00083940947767595711 0.010624583136365565 -0.0021807870927155414
leaf_weight=1164.243161469698 66677.713136956096 2270.5716650038958 22.157621085643768 12.950532108545302 165.28922547399998 22.383725807070732 696.43964642286301 1944.3650630563498 336.73874180018902 57351.9872071594 7977.7736945599318 2544.9630288481712 1878.3075840473175 18586.459458395839
leaf_count=4670 267881 9089 89 52 667 90 2795 7803 1349 229960 31979 10212 7538 74531
internal_value=4.62887e-05 0.000555047 0.00695844 0.02364 0.0327505 -0.0127357 0.000460072 0.000397283 0.000538609 0.00109847 -0.000432513 0.00244248 0.00499607 -0.00115704
internal_weight=161652 94974.6 1387.02 222.781 178.24 44.5413 93587.6 92891.2 90946.8 57688.7 33258.1 6693.84 4423.27 26564.2
internal_count=648705 380824 5568 898 719 179 375256 372461 364658 231309 133349 26839 17750 106510
is_linear=0
shrinkage=0.05


Tree=62
num_leaves=15
num_cat=0
split_feature=2 0 5 8 2 3 0 0 6 6 2 6 5 3
split_gain=23.9848 22.7142 22.5789 17.1625 14.1854 13.7134 32.1903 15.6662 15.7874 28.1899 12.6936 33.5103 17.5078 22.0524
threshold=-0.068305220454931245 -0.048217911273241036 0.94230768084526073 -0.0093070548027753813 0.023755831643939022 -0.052881149575114243 -0.025504024699330326 -0.048217911273241036 0.0064420069102197894 0.0051286497619003066 0.011980047449469568 0.0044313808903098115 0.25000000745058065 -0.003046807367354631
decision_type=2 2 2 2 2 2 2 2 2 2 2 2 2 2
left_child=1 -1 3 -2 5 6 -5 8 9 -7 -9 12 -12 -14
right_child=2 -3 -4 4 -6 7 -8 10 -10 -11 11 -13 13 -15
leaf_value=-0.0063629557309006213 -0.0021476574333941403 -0.035915874024688065 -0.0029304562342661275 -0.03335036558833776 0.0058342619929334866 0.017322984260834399 0.02987325853699499 0.00028234063671200919 0.024829831539236531 -0.019659114349843323 0.00072075971218699695 0.0036975217258217587 -0.0033313814086962917 -0.013369965658374139
leaf_weight=495.26920993626118 7839.7677540183067 73.980413466691971 6262.9834390729666 79.813500836491585 1128.7930437475443 128.18705870211124 25.95058462023735 140768.88528126478 126.75015152990818 84.733538568019867 848.52839413285255 1513.6387935727835 1252.8725206553936 971.39896278083324
leaf_count=2186 31532 317 25160 331 4531 517 106 564585 511 342 3403 6074 5029 3900
internal_value=-2.37664e-05 -0.0102599 1.2482e-05 0.000131591 0.000253219 0.000209971 -0.0177031 0.000223096 0.0109328 0.00258255 0.000197994 -0.0023903 -0.00538934 -0.00771954
internal_weight=161602 569.25 161032 154769 146930 145801 105.764 145695 339.671 212.921 145355 4586.44 3072.8 2224.27
internal_count=648524 2503 646021 620861 589329 584798 437 584361 1370 859 582991 18406 12332 8929
is_linear=0
shrinkage=0.05


Tree=63
num_leaves=15
num_cat=0
split_feature=9 9 1 1 1 9 1 1 1 9 1 1 6 9
split_gain=27.6413 41.6054 47.1171 57.6401 38.7632 70.2498 48.0571 46.5065 44.7102 44.5876 39.287 35.9647 32.5848 36.9954
threshold=0.0083364178426563757 0.0079240985214710253 -0.016574551351368424 -0.0036979741416871543 0.0083948415704071539 0.0084838322363793867 0.0097536239773035067 0.0098798735998570936 0.02710268180817366 0.010299944318830969 0.010919930413365366 0.0081588122993707674 0.0068100923672318467 0.0093135125935077685
decision_type=2 2 2 2 2 2 2 2 2 2 2 2 2 2
left_child=1 -1 -3 -4 11 8 9 -8 10 -7 -6 -2 -9 -14
right_child=4 2 3 -5 5 6 7 12 -10 -11 -12 -13 13 -15
leaf_value=0.00018219355271954248 -6.8496846635781057e-05 -0.049273172981896679 0.030974922621125219 0.0052532090013129376 -0.061811590234706608 -0.028294044992882069 0.027278042142998168 -0.0011852220390661161 -0.08628028066202191 -0.0067884855075908733 -0.0085126953645628597 0.020479605357989372 0.021885931850358833 -0.010039550512521126
leaf_weight=126082.0833915621 18882.301776602864 34.622035920619965 251.73917846381664 1580.8205835968256 45.321696192026138 314.19980348646641 134.10135644674301 11032.757811829448 30.982021540403366 1028.6118897944689 137.99278362095356 214.37631133198738 94.808378130197525 1740.3064284622669
leaf_count=505736 75900 139 1009 6340 182 1264 539 44352 125 4149 554 860 381 7015
internal_value=-4.34325e-05 0.000291946 0.00769893 0.00880157 -0.00131841 -0.00326172 -0.00283603 -0.0019055 -0.0316115 -0.0118378 -0.0219539 0.000163233 -0.00221173 -0.00837915
internal_weight=161605 127949 1867.18 1832.56 33655.8 14559.1 14344.8 13002 214.297 1342.81 183.314 19096.7 12867.9 1835.11
internal_count=648545 513224 7488 7349 135321 58561 57700 52287 861 5413 736 76760 51748 7396
is_linear=0
shrinkage=0.05


Tree=64
num_leaves=15
num_cat=0
split_feature=8 6 9 9 0 5 6 3 9 9 5 6 9 6
split_gain=24.804 29.5263 23.892 29.8725 57.3721 24.5824 21.5534 19.4932 18.8905 15.0604 26.4843 32.5073 29.8055 22.4071
threshold=-0.012210030574351547 0.0057812852319329986 0.0063423670362681159 0.006450941553339363 0.021348678506910804 0.90384614467620861 0.0036467709578573708 -0.015175585635006426 0.027922209352254871 0.023946670815348629 0.25000000745058065 0.0024276697076857094 0.027922209352254871 0.0014897705987095835
decision_type=2 2 2 2 2 2 2 2 2 2 2 2 2 2
left_child=1 7 -2 4 6 9 -4 8 -1 -5 -11 12 -12 -14
right_child=2 -3 3 5 -6 -7 -8 -9 -10 10 11 -13 13 -15
leaf_value=-0.011398678212987694 0.00053063255477319002 0.00080711296094018552 -0.020257131229500062 -0.00072698138524023969 0.053315452373658506 -0.0047899751984709187 0.0017796383878051368 -0.00019290857822440999 0.011792640436740651 -0.0048536712696491237 0.035663563534892556 0.0028622952032584578 -0.056856924545347499 0.0099521169548457914
leaf_weight=1646.2194868475199 115187.45816087723 2041.6911835968494 463.55114237964153 32814.124590680003 31.398535907268524 3367.9387121498585 145.57602062821388 682.26932947337627 91.966140612959862 1058.6537202745676 148.54957523941994 3810.6019832789898 13.487229794263838 92.885648041963577
leaf_count=6647 461980 8279 1859 131787 126 13602 585 2738 369 4240 596 15301 54 372
internal_value=5.41795e-05 -0.00362142 0.000158578 -0.000863086 -0.0115697 -0.000696785 -0.0149963 -0.00735575 -0.0101656 -0.000333299 0.00218741 0.00402163 0.0212726 0.00103063
internal_weight=161596 4462.15 157134 41946.8 640.526 41306.2 609.127 2420.45 1738.19 37938.3 5124.18 4065.52 254.922 106.373
internal_count=648535 18033 630502 168522 2570 165952 2444 9754 7016 152350 20563 16323 1022 426
is_linear=0
shrinkage=0.05


Tree=65
num_leaves=15
num_cat=0
split_feature=9 1 9 9 1 1 9 9 9 2 9 9 3 1
split_gain=20.0762 20.5036 40.9145 52.6726 76.1105 30.6371 24.4005 29.8996 77.5057 35.4719 38.7977 55.9009 34.7939 28.4295
threshold=0.0097986925393342989 -0.015236723702400921 0.0096438424661755579 0.0087859798222780245 -0.029626567848026749 -0.01061399234458804 0.0080603035166859644 0.0013182981056161227 0.0010620372486300769 -0.049562523141503327 0.0036661485210061078 0.0057895150966942319 -0.031154937110841271 -0.024139321409165856
decision_type=2 2 2 2 2 2 2 2 2 2 2 2 2 2
left_child=1 2 3 6 -5 -3 7 8 -1 12 -11 13 -9 -12
right_child=-2 5 -4 4 -6 -7 -8 9 -10 10 11 -13 -14 -15
leaf_value=-0.0057325339870859769 -0.0012462529239508585 0.0054607086248888324 -0.087277820326026892 -0.06242037223190286 0.062171801672617932 0.00020086380607537053 -0.031843518283903159 0.00076233249822806439 -0.07501984906361292 0.015785653187563958 0.019388982430380713 0.006710602385927928 0.049324948025130155 -0.044138559313196934
leaf_weight=1782.7486581206322 28010.512134552002 2828.7430984675884 13.709446355700491 14.472605660557745 60.118485972285271 127897.91820605099 80.136819258332253 69.317786872386932 40.30744194984436 206.80601482093334 19.954350724816322 178.59955443441868 77.906834676861763 122.53212648630142
leaf_count=7206 112668 11346 55 60 248 512974 324 299 162 829 80 717 315 491
internal_value=-2.93639e-05 0.000226171 -0.00411331 -0.00365082 0.0374917 0.00031472 -0.00485516 -0.00397702 -0.00730475 0.00500655 -0.00106009 -0.0119255 0.0266196 -0.0351688
internal_weight=161404 133393 2666.61 2652.9 74.5911 130727 2578.31 2498.17 1823.06 675.117 527.892 321.086 147.225 142.486
internal_count=647774 535106 10786 10731 308 524320 10423 10099 7368 2731 2117 1288 614 571
is_linear=0
shrinkage=0.05


Tree=66
num_leaves=15
num_cat=0
split_feature=4 6 2 5 9 2 0 5 3 4 2 8 9 9
split_gain=21.4832 26.6202 45.754 41.0853 47.656 35.5306 32.5779 31.4979 28.0893 26.3495 51.9853 42.9253 26.1247 36.4654
threshold=0.001808293105568737 0.0028842425672337417 0.009006246458739044 0.36538462340831762 0.00056589400628581654 -0.010527648497372864 -0.022433374077081677 0.51923078298568737 -0.021254369057714936 0.006823065225034953 -0.0047289619687944642 1.0000000180025095e-35 0.0012212943984195592 0.0014130827621556821
decision_type=2 2 2 2 2 2 2 2 2 2 2 2 2 2
left_child=-1 2 3 -2 -5 -3 8 -4 -6 10 11 -8 -11 -14
right_child=1 5 7 4 6 -7 9 -9 -10 12 -12 -13 13 -15
leaf_value=0.00086535486300164241 -0.0036178131137098338 -0.0010201312142087413 -0.00069347392603722943 0.0014884669681261382 -0.0042403063106376572 0.0014199518770633566 0.0074752452392974934 -0.014781586313816299 0.014284684346050817 -0.013397879378499112 -0.0038250139879409889 -0.0016556831667001938 0.018546203587467402 -0.0038908857725992508
leaf_weight=46072.421008750796 11367.177693516016 27248.918296277523 646.3256426602602 20618.492089927197 321.37197349965572 32967.333798289299 2666.1260925382376 1026.8787545859814 560.49169826507568 708.51746805012226 5823.957647845149 2487.0807052701712 183.87642316520214 8891.1240690499544
leaf_count=184780 45578 109669 2592 82684 1301 132265 10677 4124 2251 2836 23360 9960 736 35722
internal_value=-4.75188e-05 -0.000411609 -0.00120363 -0.000949498 -0.000231719 0.000315773 -0.0018705 -0.00934329 0.00753658 -0.00227044 -0.000588677 0.00306894 -0.00415713 -0.00343428
internal_weight=161590 115518 55301.4 53628.2 42261 60216.3 21642.5 1673.2 881.864 20760.7 10977.2 5153.21 9783.52 9075
internal_count=648535 463755 221821 215105 169527 241934 86843 6716 3552 83291 43997 20637 39294 36458
is_linear=0
shrinkage=0.05


Tree=67
num_leaves=15
num_cat=0
split_feature=5 4 6 6 0 2 3 0 8 5 6 2 6 6
split_gain=26.6859 21.9097 20.8176 19.7345 18.7934 40.716 34.8725 31.6075 19.5367 25.7313 24.0799 18.0531 17.3929 21.5553
threshold=0.90384614467620861 0.044264547526836402 0.0021004242589697246 0.012913099490106108 -0.026461692526936528 -0.039388114586472504 -0.014611624646931885 -0.042447328567504876 0.019460854120552543 0.59615385532379161 0.0048777011688798675 0.023755831643939022 0.0066809835843741902 0.0039266860112547883
decision_type=2 2 2 2 2 2 2 2 2 2 2 2 2 2
left_child=1 2 -1 4 7 6 -6 -4 11 -10 -11 -7 13 -9
right_child=-2 -3 3 -5 5 8 -8 12 9 10 -12 -13 -14 -15
leaf_value=-0.0007567398319123735 -0.0022198396544373549 -0.0077656855669716411 0.0058199350851719824 -0.0062605677922691451 -0.0092768063970337378 0.00072452863214905955 0.027826387572088523 -0.0017172236158090005 -0.0031210925184874398 0.019275637763558676 -0.036959534842560447 0.0076693574595180017 0.0026018195744225933 -0.0098746553234778413
leaf_weight=41179.756899088621 12891.073637917638 867.72453670203686 947.89462615549564 1047.0168137550354 84.716666117310524 98496.642541453242 245.05849625170231 1575.9975004941225 762.24429316818714 22.444039970636368 107.15008899569511 943.75541231036186 735.68632511794567 1665.8599133044481
leaf_count=165151 51807 3651 3867 4217 341 395064 983 6351 3057 90 430 3789 2968 6719
internal_value=-3.76486e-05 0.000151566 0.000198096 0.000566835 0.000634594 0.000782158 0.0182956 -0.00238072 0.000724412 -0.00663887 -0.0271473 0.000790516 -0.00433601 -0.00591075
internal_weight=161573 148682 147814 106634 105587 100662 329.775 4925.44 100332 891.838 129.594 99440.4 3977.54 3241.86
internal_count=648485 596678 593027 427876 423659 403754 1324 19905 402430 3577 520 398853 16038 13070
is_linear=0
shrinkage=0.05


Tree=68
num_leaves=15
num_cat=0
split_feature=2 9 9 1 4 2 5 6 9 9 9 0 2 9
split_gain=21.2175 30.1985 34.9746 25.9399 17.4659 30.7961 23.6903 30.5772 42.9611 27.833 27.6657 21.6727 19.2038 34.3197
threshold=-0.068305220454931245 0.041613588109612472 0.018907665275037292 -0.024139321409165856 0.0023380359634757046 -0.029947168193757531 0.17307692766189578 0.0011889854795299473 -0.017739444039762017 0.032616043463349349 -0.0073278776835650197 -0.018255665898323056 0.0076385636348277339 0.0069224771577864894
decision_type=2 2 2 2 2 2 2 2 2 2 2 2 2 2
left_child=1 2 -1 -3 5 11 9 8 -8 -7 -10 -2 -9 -14
right_child=4 3 -4 -5 -6 6 7 12 10 -11 -12 -13 13 -15
leaf_value=-0.008681413895574636 0.0016801454122749374 0.030761901679994014 -0.044546744194278731 -0.024130739013063805 -0.00035409775412102121 0.0028550771890879321 -0.072251431256359147 0.0006856710718118103 0.016569385856702167 -0.018397937800930939 -0.0073745572404730403 0.020342624020873168 5.1550024126777703e-05 -0.010782311535951071
leaf_weight=383.90622025728226 287.94253224134445 72.754618361592293 81.812660545110703 29.534079313278198 108413.66969065368 11789.048150703311 23.484870225191116 34903.482733681798 129.78018234670162 155.10357727110386 1563.8067317605019 337.88132835924625 2425.5133765637875 1045.3412362933159
leaf_count=1688 1155 292 402 124 435072 47279 94 139975 521 621 6270 1359 9732 4204
internal_value=-2.52715e-05 -0.00966339 -0.0150638 0.0148324 8.77567e-06 0.000755814 0.000623095 4.07615e-05 -0.00648511 0.00257757 -0.00553103 0.0117724 0.000332925 -0.00321352
internal_weight=161643 568.008 465.719 102.289 161075 52661.4 52035.6 40091.4 1717.07 11944.2 1693.59 625.824 38374.3 3470.85
internal_count=648788 2506 2090 416 646282 211210 208696 160796 6885 47900 6791 2514 153911 13936
is_linear=0
shrinkage=0.05


Tree=69
num_leaves=15
num_cat=0
split_feature=3 9 6 9 6 1 1 1 9 1 1 9 1 6
split_gain=25.7444 22.0775 36.4631 20.7601 27.398 24.6933 31.0053 39.7606 27.954 38.2121 25.6082 24.3202 60.8113 33.7943
threshold=-0.021723535843193528 -0.048088205978274338 0.010726655367761852 0.030197517015039924 0.012913099490106108 -0.020422806963324543 -0.0053030394483357659 -0.01061399234458804 0.041613588109612472 0.039873948320746429 -0.002651913207955658 0.018907665275037292 -0.016574551351368424 0.010726655367761852
decision_type=2 2 2 2 2 2 2 2 2 2 2 2 2 2
left_child=1 2 -1 11 5 -5 7 -7 9 -8 -10 -3 -13 -14
right_child=-2 3 -4 4 -6 6 8 -9 10 -11 -12 12 13 -15
leaf_value=0.001269858820139833 0.00015721648753856232 -0.0030222969641968064 0.042127374169358175 0.031882574543373315 -0.018656125624815868 0.0043101836014569949 0.034318393575435056 -0.059034221276627746 -0.068300556360630427 -0.040467810069317059 0.0036413339727795683 -0.062271097313280302 -0.0041107175259320434 -0.04780452368006529
leaf_weight=243.76140822470188 152584.8230881989 7411.0679714530706 69.396478340029716 99.053138166666031 102.52837853133678 65.729319721460342 153.87600810825825 38.637299165129662 12.107658371329306 18.351441830396652 218.69332286715508 56.961569562554359 469.73967003822327 47.888152077794075
leaf_count=985 612020 30056 280 403 421 265 617 158 50 74 878 254 1928 219
internal_value=3.86994e-06 -0.00259343 0.0104293 -0.00306362 0.00513098 0.0091766 0.00468998 -0.0194781 0.0109812 0.0261621 -0.000411058 -0.00379169 -0.0136929 -0.00823742
internal_weight=161593 9007.79 313.158 8694.63 708.977 606.448 507.395 104.367 403.028 172.227 230.801 7985.66 574.589 517.628
internal_count=648608 36588 1265 35323 2866 2445 2042 423 1619 691 928 32457 2401 2147
is_linear=0
shrinkage=0.05


Tree=70
num_leaves=15
num_cat=0
split_feature=2 1 1 2 2 2 2 0 5 1 1 1 1 1
split_gain=25.1987 33.5538 49.8665 31.8875 31.4949 27.0243 37.3699 49.6067 28.428 36.0625 26.0293 25.7026 37.384 24.6923
threshold=-0.01175830466672778 0.049988374114036567 0.022960918955504898 -0.014215213712304829 -0.026197784580290314 -0.0062578564975410691 -0.006869993405416607 -0.0024013723013922568 0.55769231915473949 0.004295722348615528 0.019859408959746364 0.013368073385208847 0.013727261684834959 0.0098798735998570936
decision_type=2 2 2 2 2 2 2 2 2 2 2 2 2 2
left_child=1 2 -1 4 -4 6 13 -8 9 -7 11 -9 -13 -2
right_child=5 -3 3 -5 -6 8 7 10 -10 -11 -12 12 -14 -15
leaf_value=-0.0009268477710517517 0.0015651610830372303 0.025210142073603233 -0.02950206546274256 -0.034691668869631292 -0.00053822236502265618 -0.001713575112841271 0.00075927379732553554 0.012646143105760014 -0.0012064221994064557 0.0013959401199922666 0.032857820566725163 -0.074505997432629201 0.00035265366875662714 -0.0029696983030271596
leaf_weight=44984.172187894583 22565.184242501855 120.30706687271595 129.01581710577011 155.69141629338264 337.62361548841 12306.106771185994 1937.7961497753859 1483.5307280272245 35215.123655334115 38469.839727967978 140.93718391656876 17.689173012971878 154.89023213088512 3461.3627312928438
leaf_count=180797 90507 487 532 625 1357 49323 7776 5954 141333 154329 566 71 621 13895
internal_value=-5.79162e-05 -0.00105166 -0.00112149 -0.0151667 -0.00859207 0.000334658 0.00163325 0.00630967 -0.000114798 0.000642296 0.012291 0.010522 -0.00770529 0.000961963
internal_weight=161479 45726.8 45606.5 622.331 466.639 115752 29761.4 3734.84 85991.1 50775.9 1797.05 1656.11 172.579 26026.5
internal_count=648173 183798 183311 2514 1889 464375 119390 14988 344985 203652 7212 6646 692 104402
is_linear=0
shrinkage=0.05


Tree=71
num_leaves=15
num_cat=0
split_feature=2 1 1 1 2 2 1 9 1 1 6 5 9 9
split_gain=19.4544 35.058 27.1569 45.7025 32.7524 29.94 26.0548 45.8509 43.4654 40.0356 45.042 39.8523 38.451 30.7631
threshold=-0.011621824465692042 -0.002651913207955658 0.049988374114036567 0.020413299091160301 -0.012503792997449635 -0.026197784580290314 -0.0010215194779448209 -0.015916204079985615 -0.0016326375771313904 -0.0022541886428371067 0.0026474774349480872 0.59615385532379161 0.00090333298430778097 0.018907665275037292
decision_type=2 2 2 2 2 2 2 2 2 2 2 2 2 2
left_child=2 -2 3 -1 5 -5 7 -3 9 -9 13 -8 -13 -11
right_child=1 6 -4 4 -6 -7 11 8 -10 10 -12 12 -14 -15
leaf_value=-0.00065336770504072282 0.0046091612770543444 -0.034078931541709975 0.023085361007975629 -0.027182569331063135 -0.039825115795068422 -0.0036926392783457017 0.0011688271497854849 -0.0066677137686243313 -0.0087197264557668103 0.0099905716447202079 -0.0079472165245827679 0.00066646987404137513 -0.0023385711188071054 0.061013439580367916
leaf_weight=45274.420030832291 4742.1403391510248 118.64349941909313 117.56429775059223 171.9273356795311 93.959798946976662 631.31830364465714 63549.182650998235 938.73995240032673 1761.968483492732 1148.0574532300234 408.00883933901787 21698.400644943118 20895.193062633276 29.373317748308182
leaf_count=181961 19032 475 476 706 377 2537 254900 3767 7063 4607 1637 87005 83928 118
internal_value=5.22387e-05 0.00039988 -0.0008136 -0.000874952 -0.0120433 -0.00874799 0.000219275 -0.00354838 -0.00269552 0.00151139 0.00635539 0.00037566 -0.000807737 0.0113141
internal_weight=161579 115290 46289.2 46171.6 897.205 803.246 110548 4404.79 4286.15 2524.18 1585.44 106143 42593.6 1177.43
internal_count=648589 462532 186057 185581 3620 3243 443500 17667 17192 10129 6362 425833 170933 4725
is_linear=0
shrinkage=0.05


Tree=72
num_leaves=15
num_cat=0
split_feature=9 9 0 0 6 3 0 0 3 0 6 6 2 6
split_gain=19.1636 41.2099 24.2029 23.2618 49.049 33.0055 34.4821 30.6356 25.6755 25.069 35.3326 36.5781 29.1432 29.7931
threshold=0.0083364178426563757 0.0079240985214710253 0.024115149863064293 0.010814911685884001 0.0029680714942514901 -0.005684774136170744 -0.019104239530861374 -0.010918211191892622 -1.0000000180025095e-35 -0.016761450096964833 0.0061282857786864051 0.0020415280014276509 -0.0015628372784703968 0.0014503105776384475
decision_type=2 2 2 2 2 2 2 2 2 2 2 2 2 2
left_child=1 -1 3 5 8 9 -7 -8 -5 10 11 -3 13 -11
right_child=-2 2 -4 4 -6 6 7 -9 -10 12 -12 -13 -14 -15
leaf_value=7.466596426376682e-05 -0.0011580381216007845 -0.03786026174475194 0.037395262439960004 -0.049975030532689049 0.013073999031926395 -0.058545872247118637 0.055652222813220686 0.014936380159715016 -0.0026539143072921052 0.036787703848837228 -0.027660601151518985 0.039572412898753004 0.016421446083661952 -0.012539720336029833
leaf_weight=126102.97046583891 33590.959532573819 16.671337082982063 64.627393662929535 70.231367632746696 134.27418537437916 14.193487346172331 48.673272088170052 700.25508365035057 48.164752751588821 31.933873042464256 32.395699068903923 118.74469403922558 145.06845952570438 439.99546882510185
leaf_count=505920 135135 67 259 282 538 57 195 2805 193 128 131 479 582 1766
internal_value=-9.5181e-05 0.00018382 0.00755944 0.0064684 -0.00757556 0.00876422 0.0161612 0.0176532 -0.0309078 0.00156025 0.018635 0.0298319 -0.00310639 -0.00913117
internal_weight=161559 127968 1865.23 1800.6 252.67 1547.93 763.122 748.928 118.396 784.81 167.812 135.416 616.998 471.929
internal_count=648537 513402 7482 7223 1013 6210 3057 3000 475 3153 677 546 2476 1894
is_linear=0
shrinkage=0.05


Tree=73
num_leaves=15
num_cat=0
split_feature=8 2 9 9 1 6 9 9 2 1 5 6 9 9
split_gain=17.0789 21.2336 28.7291 26.082 20.3043 19.8012 43.472 50.436 27.2172 34.3733 30.6399 29.0823 25.2268 26.9178
threshold=-0.0093070548027753813 -0.068305220454931245 0.041613588109612472 0.018907665275037292 -0.024139321409165856 0.002264169394038618 -0.015916204079985615 0.0014130827621556821 -0.00033911237551365042 0.0074428196530789146 0.2115384638309479 0.0013800867600366475 0.0016769809299148621 0.0015811147750355305
decision_type=2 2 2 2 2 2 2 2 2 2 2 2 2 2
left_child=-1 2 3 -2 -4 6 8 -8 9 -3 -10 -12 13 -9
right_child=1 5 4 -5 -6 -7 7 12 10 -11 11 -13 -14 -15
leaf_value=-0.0020950777844996405 -0.011013656700091114 -0.0078596447795374561 0.037158503440199428 -0.048280071968727072 -0.021645913336872446 0.00067934418832854408 0.0011648341449682134 -0.0038766472118538392 -0.0053686048768963757 0.020786953391169788 -0.07516446682372982 -0.023347468813052816 -0.0016663702247029406 -0.02304559482762979
leaf_weight=8281.7831422686577 248.22374530136585 661.82532355189323 44.252242177724838 57.207843095064163 20.935777917504311 99905.269247561693 27758.654956504703 515.55003701150417 266.59318062663078 123.38325548171997 29.470919474959373 269.31411069631577 23089.528302595019 283.48502030968666
leaf_count=33412 1095 2652 178 289 88 400886 111372 2065 1067 494 118 1078 92599 1135
internal_value=0.000116408 0.000235914 -0.0117014 -0.0181285 0.0182312 0.000264925 -0.000516289 -0.000284629 -0.00936833 -0.00333757 -0.0177233 -0.0286922 -0.00196889 -0.0106978
internal_weight=161555 153274 370.62 305.432 65.188 152903 52997.8 51647.2 1350.59 785.209 565.378 298.785 23888.6 799.035
internal_count=648528 615116 1650 1384 266 613466 212580 207171 5409 3146 2263 1196 95799 3200
is_linear=0
shrinkage=0.05


Tree=74
num_leaves=15
num_cat=0
split_feature=8 2 6 1 6 7 7 3 6 2 1 1 2 2
split_gain=19.2985 18.5757 16.6278 16.4907 18.0897 16.1718 12.5929 13.2552 23.7921 23.2339 28.5727 29.5982 16.8966 16.4848
threshold=-0.0093070548027753813 -0.068305220454931245 0.0038766972720623021 -0.018114853650331494 0.015405554324388506 0.0022203335538506512 -0.0045392096508294335 -0.0033726141555234786 0.012913099490106108 -0.02902796026319265 -0.0027821296826004978 0.010919930413365366 -0.04190170764923095 -0.034351140260696404
decision_type=2 2 2 2 2 2 2 2 2 2 2 2 2 2
left_child=2 3 5 -2 -5 -1 -3 8 -8 10 13 -12 -13 -9
right_child=1 6 -4 4 -6 -7 7 9 -10 -11 11 12 -14 -15
leaf_value=-0.0048278100990553968 -0.0030032038895494457 0.0024836535944459314 -0.00060872373071687007 -0.033103117997860219 0.0164617299289706 -0.03609989293382506 -0.00027535766159322725 0.01121030057852654 -0.014122842661049415 0.0005176405984979568 0.043817937590696902 -0.050544853814825777 0.013278259410631099 -0.0041481347086775458
leaf_weight=3003.9150374382734 230.96708038449287 5726.1598318815231 5205.3581304103136 111.56179916858673 21.371994972229004 40.947230488061905 81931.445746719837 392.35106246173382 310.37168325483799 64101.363626942039 102.27371555566788 12.220331966876982 47.101790025830269 313.59558230638504
leaf_count=12084 1006 22976 21039 528 95 165 328783 1575 1249 257120 415 49 191 1257
internal_value=2.97317e-05 0.000156514 -0.0023258 -0.0111113 -0.0250711 -0.00526007 0.000183397 9.39065e-05 -0.000327788 0.000627711 0.00875067 0.0276497 -0.000489235 0.00439156
internal_weight=161551 153301 8250.22 363.901 132.934 3044.86 152937 147211 82241.8 64968.9 867.542 161.596 59.3221 705.947
internal_count=648532 615244 33288 1629 623 12249 613615 590639 330032 260607 3487 655 240 2832
is_linear=0
shrinkage=0.05


Tree=75
num_leaves=15
num_cat=0
split_feature=2 0 6 1 1 6 1 2 1 8 8 2 2 2
split_gain=11.4351 22.0298 12.8792 11.2305 10.7048 31.9023 28.4484 49.7074 29.7294 24.0807 24.7394 23.9574 25.442 53.4819
threshold=-0.068305220454931245 -0.059566779062151902 0.008424345403909685 -0.020422806963324543 0.0083948415704071539 0.007891997694969179 0.004295722348615528 -0.0037275343202054496 0.0047363366466015586 -0.008709516376256941 0.0052660647779703149 -0.033194135874509804 -0.02140919771045446 -0.023038412444293496
decision_type=2 2 2 2 2 2 2 2 2 2 2 2 2 2
left_child=1 -1 3 -3 5 6 7 9 -8 -2 -11 -6 13 -13
right_child=4 2 -4 -5 11 -7 8 -9 -10 10 -12 12 -14 -15
leaf_value=-0.0011879566474897142 -0.0035464702421235828 0.028496142994431817 -0.031185570633363576 -0.032716446312185697 -0.012351410582675394 0.0059045586080610155 0.0062428474617627619 -0.0040653898903937934 0.0010042895199703957 0.00076670032251580566 -0.0026522267332235372 0.00070333262570884529 -0.0005276962162302553 0.027692820372583044
leaf_weight=410.20267924666405 4093.8650459647179 18.758735433220867 116.49247744679451 11.090313553810118 421.30551199615002 2519.9609955251217 3082.8659197837114 7837.6344612538815 22246.681046590209 52256.670326516032 5886.24962644279 709.46457552909851 61747.848908439279 246.63936738669872
leaf_count=1830 16483 83 521 51 1721 10127 12376 31401 89278 209601 23603 2864 247842 993
internal_value=7.07683e-07 -0.00714753 -0.0237311 0.00542952 2.54544e-05 0.000352746 0.000206042 -0.000313059 0.0016421 0.000159539 0.000420537 -0.000482259 -0.000402314 0.00768728
internal_weight=161606 556.544 146.342 29.849 161049 97923.9 95404 70074.4 25329.5 62236.8 58142.9 63125.3 62704 956.104
internal_count=648774 2485 655 134 646289 392869 382742 281088 101654 249687 233204 253420 251699 3857
is_linear=0
shrinkage=0.05


Tree=76
num_leaves=15
num_cat=0
split_feature=1 1 2 3 2 9 1 9 9 2 9 2 2 2
split_gain=17.9872 41.8315 35.586 24.3864 22.4042 21.2648 43.692 32.6589 32.5379 31.1525 29.8711 25.7027 24.6596 23.2449
threshold=0.036311125382781036 0.027869404293596748 -0.0091947503387927992 -0.023354231379926201 0.0050013153813779363 0.023946670815348629 0.06886612251400949 0.0094584459438920038 0.0091610192321240919 -0.017028059810400006 0.0097986925393342989 0.013412682339549066 0.023755831643939022 -0.0045420485548675052
decision_type=2 2 2 2 2 2 2 2 2 2 2 2 2 2
left_child=1 -1 -3 4 -4 7 -7 8 9 -2 -9 -8 -13 -12
right_child=5 2 3 -5 -6 6 11 10 -10 -11 13 12 -14 -15
leaf_value=0.00015835872089108805 0.032937718571051759 -0.020777465021258615 -0.030300202035319579 -0.0026970908764199068 0.016622932926306837 0.016299903334390419 0.028523678545748717 -0.052301476795772711 0.047172111401810234 0.0025518235778713679 -0.033722272200017327 -0.060363216971675175 -0.0097451690953234069 -0.0026411463441550851
leaf_weight=151686.28585582972 85.639362797141075 314.59154006838799 140.30790811777115 4411.5608273744583 30.34666320681572 635.70497532188892 28.023585692048073 33.794483527541161 41.920726031064987 3209.7996233254671 64.160423070192337 32.604012593626976 86.554263591766357 786.58123522996902
leaf_count=608930 347 1273 565 17708 122 2555 113 136 169 12876 260 131 347 3181
internal_value=0.000105831 1.15092e-05 -0.00453649 -0.00341718 -0.0219079 0.00305624 0.0106194 0.00165159 0.00391562 0.00335122 -0.00688541 -0.0138601 -0.0239823 -0.00502203
internal_weight=161588 156583 4896.81 4582.22 170.655 5004.78 782.887 4221.9 3337.36 3295.44 884.536 147.182 119.158 850.742
internal_count=648713 628598 19668 18395 687 20115 3146 16969 13392 13223 3577 591 478 3441
is_linear=0
shrinkage=0.05


Tree=77
num_leaves=15
num_cat=0
split_feature=4 2 5 6 1 5 1 1 1 1 6 1 1 5
split_gain=14.733 24.7841 24.9755 18.7186 24.1095 19.9707 20.9239 28.7387 18.8706 22.2145 18.3869 28.643 64.812 38.9004
threshold=0.0025215937057510023 -0.031893284991383546 0.51923078298568737 0.0013800867600366475 -0.015236723702400921 0.17307692766189578 -0.00013152421888662499 0.0011027211439795794 0.00071523452061228465 0.00013477585889631885 0.002897002850659192 0.0082728285342454928 0.0093991840258240717 0.36538462340831762
decision_type=2 2 2 2 2 2 2 2 2 2 2 2 2 2
left_child=1 2 -1 5 -5 -3 -7 8 9 -8 11 13 -13 -2
right_child=10 3 -4 4 -6 6 7 -9 -10 -11 -12 12 -14 -15
leaf_value=0.00064993999975723543 -0.0032385612384168054 0.00020070438704439055 0.022346231634969668 -0.013803959290609878 0.0010900774927102526 0.0027003077845931846 -0.03639670583206963 -0.0049669505635477479 -0.042312015831715732 0.0011793822288624549 0.00027284983522581259 -0.011186792030816531 -0.0015478068898331478 0.00059780096204270473
leaf_weight=267.40486308932304 8657.8702110350132 6565.0975675284863 262.32045827805996 272.40110215544701 43996.362302750349 769.35834331810474 62.16479979455471 2343.5894764810801 82.127473473548889 104.08862283825874 56553.729044675827 2050.4366737604141 11638.03291362524 27894.187733918428
leaf_count=1076 34717 26328 1057 1091 176500 3087 249 9399 329 417 227342 8232 46726 111894
internal_value=-3.67819e-06 0.000663405 0.0114158 0.000558098 0.00099812 -0.00140417 -0.00453781 -0.00668646 -0.0228259 -0.0130045 -0.000345517 -0.00104158 -0.00299237 -0.000310959
internal_weight=161519 54724.9 529.725 54195.2 44268.8 9926.43 3361.33 2591.97 248.381 166.253 106794 50240.5 13688.5 36552.1
internal_count=648444 219533 2133 217400 177591 39809 13481 10394 995 666 428911 201569 54958 146611
is_linear=0
shrinkage=0.05


Tree=78
num_leaves=15
num_cat=0
split_feature=2 2 1 1 8 6 1 5 1 6 1 1 1 2
split_gain=15.4954 21.9945 38.1067 35.8005 32.4508 26.858 31.4202 25.5743 30.0171 23.4326 26.5036 40.2725 30.2323 24.6219
threshold=-0.01175830466672778 -0.010271782986819742 0.011197067797183992 0.012249407824128868 -0.0030816710786893959 0.010726655367761852 0.022152070887386802 0.51923078298568737 -0.004336659098044037 0.0028152331942692403 0.0098798735998570936 0.011051546782255174 -0.0012463933671824632 -0.003287799889221787
decision_type=2 2 2 2 2 2 2 2 2 2 2 2 2 2
left_child=-1 2 4 -4 -2 6 -5 -6 -9 -3 12 -12 -11 -13
right_child=1 9 3 5 7 -7 -8 8 -10 10 11 13 -14 -15
leaf_value=-0.00075758742004664481 -0.0017217237942153711 -0.00048389940154330304 -0.03702632499970096 0.00052908143344541382 0.0021659281613149528 0.051782792089207691 -0.0301088412772967 0.032443113125567934 0.0083512778014162656 -0.0057290733590444629 -0.0068748560584051023 -0.002498230846457099 0.0031641947544551541 0.0012974157340391406
leaf_weight=45789.408408910036 1703.8516087681055 61924.979964509606 94.298957571387291 392.9902365654707 2062.0712062269449 19.963683992624283 105.30966034531593 135.54729710519314 2489.5503296256065 1017.7617077827454 1925.0966695994139 5239.4009672403336 15441.738747313619 23134.147675797343
leaf_count=184096 6832 248448 379 1578 8270 80 423 544 9985 4084 7724 21032 61957 92845
internal_value=2.0936e-05 0.000329084 0.00304473 -0.00885879 0.00418686 -0.00367222 -0.00599321 0.00633462 0.00960714 0.00015406 0.000998945 0.000121537 0.00261397 0.000596456
internal_weight=161476 115687 7003.58 612.563 6391.02 518.264 498.3 4687.17 2625.1 108683 46758.1 30298.6 16459.5 28373.5
internal_count=648277 464181 28091 2460 25631 2081 2001 18799 10529 436090 187642 121601 66041 113877
is_linear=0
shrinkage=0.05


Tree=79
num_leaves=15
num_cat=0
split_feature=2 9 9 9 1 9 2 9 1 9 1 1 2 9
split_gain=17.8441 19.7408 31.0342 16.4266 30.5974 22.5496 38.2708 55.8271 37.8329 35.2524 43.6313 40.7509 40.5296 47.6913
threshold=-0.068305220454931245 0.041613588109612472 0.018907665275037292 0.0091610192321240919 -0.018114853650331494 0.020283118821680549 0.0060056620277464398 0.011114325374364855 0.012543915770947935 0.017284310422837738 -0.0073532618116587392 0.031173381954431537 -0.00033911237551365042 0.017820331268012527
decision_type=2 2 2 2 2 2 2 2 2 2 2 2 2 2
left_child=1 2 -1 -2 -5 6 9 -8 -9 10 -6 -12 -11 -14
right_child=3 -3 -4 4 5 -7 7 8 -10 12 11 -13 13 -15
leaf_value=-0.0073203462856882111 0.00021413482433201437 0.010840512129424017 -0.041379126668965927 0.0090889922919472396 -0.0087538285064526263 0.00093929698052220309 0.0037432250819425792 0.019264187654333704 -0.014656290249564203 -0.0097767964914749692 0.00061765947526533816 -0.018084722380442758 -0.028584596417521996 0.013091583263868077
leaf_weight=371.28783340752125 130767.05306774378 101.44505985081196 80.764338403940201 721.23235505819321 1478.1453101783991 7997.7667933255434 706.08560012280941 85.723320066928864 1631.3368585854769 2134.858948841691 14700.187101408839 296.14921990036964 81.441666975617409 409.92749656736851
leaf_count=1648 524607 416 420 2896 5937 32099 2838 343 6595 8588 59079 1197 327 1647
internal_value=-5.95768e-05 -0.00901367 -0.0134832 -2.87399e-05 -0.00107888 -0.00132759 -0.00216991 -0.00808803 -0.0129526 -0.00141874 -0.000560938 0.000247142 -0.00679756 0.00613997
internal_weight=161563 553.497 452.052 161010 30242.9 29521.6 21523.9 2423.15 1717.06 19100.7 16474.5 14996.3 2626.23 491.369
internal_count=648637 2484 2068 646153 121546 118650 86551 9776 6938 76775 66213 60276 10562 1974
is_linear=0
shrinkage=0.05


Tree=80
num_leaves=15
num_cat=0
split_feature=2 9 9 6 9 5 3 1 2 9 1 3 2 3
split_gain=16.8651 21.1808 26.7107 22.7408 15.08 12.1375 11.7648 18.7408 16.2428 24.1018 65.9926 39.7685 45.4078 29.5632
threshold=-0.068305220454931245 0.041613588109612472 0.018907665275037292 0.0076745098922401675 0.030197517015039924 0.78846153616905224 -0.052881149575114243 0.049988374114036567 -0.039388114586472504 -0.027262407355010506 -0.029626567848026749 -0.016435551457107064 -0.04190170764923095 -0.031154937110841271
decision_type=2 2 2 2 2 2 2 2 2 2 2 2 2 2
left_child=1 2 -1 -3 -4 -5 7 -2 9 10 -8 13 -13 -12
right_child=6 3 4 5 -6 -7 8 -9 -10 -11 11 12 -14 -15
leaf_value=-0.0078063203784073032 -0.016672792144488038 0.061160934305417386 -0.058729145589812862 0.011476161205346069 -0.013093318117833938 -0.034192365878767145 -0.042793427332826629 0.018044301706701512 -6.2903797342878182e-05 0.0020916366442570024 0.020046399449224928 -0.019143659976946448 0.059151630126351634 0.060491514266837992
leaf_weight=377.21839725971222 217.88203682005405 18.240489780902863 44.263171404600143 58.942892849445343 31.358259737491608 18.212275385856628 40.091729134321213 46.402342468500137 157756.45169487596 2636.0963312387466 99.603904739022255 76.32863062620163 23.349278420209885 84.078659251332283
leaf_count=1678 911 74 256 242 143 75 164 189 633014 10634 401 307 94 339
internal_value=-4.12533e-05 -0.00878798 -0.0132964 0.0125293 -0.040223 0.000396662 -1.1411e-05 -0.0105322 5.95505e-06 0.0036752 0.0165349 0.02505 -0.000397838 0.038787
internal_weight=161529 548.235 452.84 95.3957 75.6214 77.1552 160980 264.284 160716 2959.55 323.452 283.36 99.6779 183.683
internal_count=648521 2468 2077 391 399 317 646053 1100 644953 11939 1305 1141 401 740
is_linear=0
shrinkage=0.05


Tree=81
num_leaves=15
num_cat=0
split_feature=5 3 6 1 1 1 1 1 6 2 2 4 6 0
split_gain=13.391 16.2897 42.2199 14.1219 35.3306 12.9399 12.7001 15.4808 16.6789 11.0472 28.856 23.0101 27.6296 16.3976
threshold=0.90384614467620861 -0.052881149575114243 0.010726655367761852 -0.029626567848026749 -0.0082276077009737474 -0.018114853650331494 0.019012885168194774 0.004923115950077773 0.015405554324388506 0.016469906084239486 0.014360440894961359 0.014334910083562137 0.010093757882714273 0.020775289274752144
decision_type=2 2 2 2 2 2 2 2 2 2 2 2 2 2
left_child=1 2 5 -4 -5 -1 7 8 -6 10 -3 -12 13 -13
right_child=-2 9 3 4 6 -7 -8 -9 -10 -11 11 12 -14 -15
leaf_value=-0.00081934223244822162 -0.0015704237533995351 0.00014002333147985254 0.054655559254101628 -0.050254884681724621 -0.01823191133832738 -0.029348855520383473 -0.003635123358705502 0.050104591968857908 0.048138265554474452 0.00320956645202481 -0.0098250686262871378 0.013831403558800302 -0.049066428751742538 0.06646823308993853
leaf_weight=50.366961076855659 12880.040510982275 144123.98651134968 14.517445743083952 23.780802026391029 25.682128310203552 188.50126874446869 54.713181033730507 37.86041122674942 13.686295375227926 2869.0645229667425 1064.6484980136156 54.518249958753586 12.609700247645376 19.713587403297424
leaf_count=224 51791 578414 65 111 124 821 234 168 60 11522 4274 219 51 79
internal_value=-2.3943e-05 0.000110151 -0.00984107 0.00915571 0.00459225 -0.0233617 0.0147814 0.0277083 0.00546235 0.000137698 7.70097e-05 -0.00780324 0.0168134 0.0285078
internal_weight=161434 148554 409.108 170.24 155.723 238.868 131.942 77.2288 39.3684 148145 145275 1151.49 86.8415 74.2318
internal_count=648157 596366 1807 762 697 1045 586 352 184 594559 583037 4623 349 298
is_linear=0
shrinkage=0.05


Tree=82
num_leaves=15
num_cat=0
split_feature=9 9 0 3 0 9 8 9 5 9 9 9 5 0
split_gain=15.4475 41.6196 39.1071 18.7904 25.7455 32.2505 19.5951 16.4933 18.8939 16.2148 47.3473 31.107 28.0631 23.4279
threshold=0.0053634871728718289 0.0052576074376702317 0.024876864627003673 -0.0098001542501151544 -0.015752736479043957 0.0061035223770886668 0.0095319366082549113 0.041613588109612472 0.78846153616905224 0.032616043463349349 0.020283118821680549 0.041613588109612472 0.40384615957736975 -0.009575756732374428
decision_type=2 2 2 2 2 2 2 2 2 2 2 2 2 2
left_child=1 -1 -3 4 6 -6 -2 8 -8 10 -5 -11 -13 -12
right_child=3 2 -4 9 5 -7 7 -9 -10 11 13 12 -14 -15
leaf_value=0.00028211694592891008 0.00087472070263898633 0.015544416054932326 -0.047762844050027231 -0.00048290835413003811 -0.01429918389721972 -0.0030451034547351562 -0.038242262803641069 0.019700789519374443 0.0062886795948233548 -0.012820097799010104 0.016419165734042517 -0.0083517335002586245 0.0088798779648064131 0.0041226127575979613
leaf_weight=111859.92117896676 5476.9052645564079 615.81060181558132 24.444833531975746 29638.33733189106 690.93796893954277 7975.9088118821383 83.370607167482376 23.332123354077339 32.835611760616302 709.02826182544231 444.24100494384766 433.8512364178896 516.43767237663269 2991.1207665801048
leaf_count=448825 22291 2468 98 118832 2776 32165 377 95 151 2841 1780 1738 2071 11981
internal_value=3.21714e-05 0.000354934 0.0130566 -0.000708612 -0.00223514 -0.00394385 0.00040183 -0.0180334 -0.0257132 -8.08099e-05 0.000161234 -0.00490244 0.00101233 0.00571705
internal_weight=161516 112500 640.255 49016.3 14283.3 8666.85 5616.44 139.538 116.206 34733 33073.7 1659.32 950.289 3435.36
internal_count=648489 451391 2566 197098 57855 34941 22914 623 528 139243 132593 6650 3809 13761
is_linear=0
shrinkage=0.05


Tree=83
num_leaves=15
num_cat=0
split_feature=2 9 0 2 2 1 1 9 1 1 1 6 5 2
split_gain=12.8496 32.9197 29.2083 51.9943 25.0064 22.3314 58.4199 34.1671 26.1478 23.4505 51.4605 24.8067 25.9143 24.1482
threshold=-0.01175830466672778 0.025094754062592987 -0.016084081493318077 -0.013139909133315085 -0.012981880456209181 0.020413299091160301 0.033487042412161834 0.010130255948752167 0.017049982212483886 0.0086045311763882654 0.0084915705956518667 0.007891997694969179 0.40384615957736975 -0.068305220454931245
decision_type=2 2 2 2 2 2 2 2 2 2 2 2 2 2
left_child=1 5 -3 -4 -5 8 -7 -8 9 10 11 12 -1 -13
right_child=-2 2 3 4 -6 6 7 -9 -10 -11 -12 13 -14 -15
leaf_value=-0.0032145267923731481 0.00021979446388752634 -8.2246944650474392e-05 0.015427584080941399 -0.060123403390020196 -0.0063489063993232564 -0.017716626249257003 0.019825714642928802 -0.034845526183529138 0.011183143127245282 -0.0055852708186103616 0.04121881920190007 -0.0097320122263377159 -0.00029026284310356684 0.0066808582458273719
leaf_weight=10601.534341961145 115786.1290384531 1377.485034301877 948.04523302614689 24.213484913110733 154.00822100043297 582.50582300126553 197.60574245452881 32.446644470095634 439.42492584884167 2682.9621390104294 71.889743164181709 256.1005682721734 26542.338398694992 1750.063563361764
leaf_count=42528 464617 5589 3806 97 617 2348 798 134 1774 10825 289 1167 106598 7036
internal_value=-6.03252e-05 -0.000770641 0.00480209 0.0107707 -0.0139495 -0.00109405 -0.00929954 0.0119974 -0.000936374 -0.00106373 -0.000754297 -0.000832422 -0.00112496 0.00458184
internal_weight=161447 45660.6 2503.75 1126.27 178.222 43156.9 812.558 230.052 42344.3 41904.9 39221.9 39150 37143.9 2006.16
internal_count=648223 183606 10109 4520 714 173497 3280 932 170217 168443 157618 157329 149126 8203
is_linear=0
shrinkage=0.05


Tree=84
num_leaves=15
num_cat=0
split_feature=9 5 6 6 4 0 1 1 9 1 1 4 6 1
split_gain=16.0204 30.3391 33.473 32.6023 42.0332 23.134 30.8674 35.7742 22.5326 31.0864 45.7506 31.5795 22.4393 27.2146
threshold=-0.014873661100864409 0.51923078298568737 0.0068100923672318467 0.0021367511944845323 0.012640496250241997 -0.0057540247216820708 -0.0055181852076202622 -0.0057431128807365886 -0.013906391337513922 -0.004336659098044037 -0.0013685677549801765 0.01679688319563866 0.0017754976288415494 0.0044672533404082069
decision_type=2 2 2 2 2 2 2 2 2 2 2 2 2 2
left_child=1 2 5 4 -3 6 7 -1 9 11 -11 -2 -12 -14
right_child=8 3 -4 -5 -6 -7 -8 -9 -10 10 12 -13 13 -15
leaf_value=-0.0062286055238604116 -0.0044350292122246329 -0.014988494755524799 0.0023590310136414466 0.002134164948334012 0.035708366627569092 -0.00394647320770764 -0.018970752354159414 0.055209445858424015 0.00020501794163180662 0.047948362354080051 0.026110037346997003 -0.066782305665004746 -0.011432279483130395 0.0090149360275537244
leaf_weight=625.91797092556953 140.3639622926712 492.80575144290924 1445.1956614851952 5157.9889519661665 43.630289375782013 2967.0726518332958 715.31549264490604 23.628845557570457 148833.50602794439 72.508270993828773 134.73550096154213 22.781053841114044 210.34972257912159 707.26778243482113
leaf_count=2523 563 1974 5807 20715 175 11894 2870 95 597612 291 540 92 843 2836
internal_value=0.000124402 -0.00167648 -0.00422904 0.000913435 -0.0108064 -0.00642695 -0.0118124 -0.00391222 0.000262027 0.00684429 0.00980355 -0.0134948 0.00713231 0.00432038
internal_weight=161593 11471.6 5777.13 5694.42 536.436 4331.93 1364.86 649.547 150122 1288.01 1124.86 163.145 1052.35 917.618
internal_count=648830 46053 23189 22864 2149 17382 5488 2618 602777 5165 4510 655 4219 3679
is_linear=0
shrinkage=0.05


Tree=85
num_leaves=15
num_cat=0
split_feature=4 2 1 2 9 6 2 5 9 9 2 2 1 9
split_gain=13.1114 19.1787 19.0917 25.6256 17.5003 18.7226 16.9424 27.5372 41.5562 40.7161 31.951 31.4138 26.7069 23.3952
threshold=0.0035907514393329625 -0.02902796026319265 -0.0027821296826004978 -0.045166904106736176 -0.048088205978274338 0.0045429901219904431 0.009818274527788164 0.2115384638309479 0.017820331268012527 0.0093135125935077685 0.012587340548634531 0.020417290739715103 0.031173381954431537 0.036263292655348785
decision_type=2 2 2 2 2 2 2 2 2 2 2 2 2 2
left_child=1 2 -1 -4 -5 -6 13 -8 9 -9 12 -11 -10 -3
right_child=-2 6 3 4 5 -7 7 8 10 11 -12 -13 -14 -15
leaf_value=0.0041590549407166267 -0.00048247978294665246 0.00062755079850661526 -0.019995432414232153 -0.012539287981470896 -0.017519935732189094 0.045039497553123697 0.0028666969881104552 -0.0049031631878633953 0.0036056230698992978 -0.028638937110391262 0.0049095186127939396 0.0091379162481836518 0.079763021394129469 -0.010309603622552512
leaf_weight=751.27256692945957 94341.809949286282 61518.36483182013 28.516631513834 19.105042234063148 12.888383105397223 109.06443499028683 1444.6004079580307 2108.5289604067802 19.158684760332108 329.91719813644886 227.96952590346336 65.512349933385849 28.217582508921623 491.86193060874939
leaf_count=3018 379042 246770 116 78 52 446 5798 8461 77 1336 915 265 113 1970
internal_value=-0.00010238 0.000431598 0.00759385 0.0226975 0.0314085 0.0383393 0.000331909 -0.00273173 -0.00564161 -0.00766987 0.0127641 -0.022373 0.0496766 0.000540633
internal_weight=161497 67155 920.847 169.574 141.058 121.953 66234.1 4223.9 2779.3 2503.96 275.346 395.43 47.3763 62010.2
internal_count=648457 269415 3710 692 576 498 265705 16965 11167 10062 1105 1601 190 248740
is_linear=0
shrinkage=0.05


Tree=86
num_leaves=15
num_cat=0
split_feature=5 8 4 1 1 2 0 2 2 2 2 2 1 1
split_gain=17.2258 11.1385 12.0215 11.7515 32.3898 36.7536 24.3104 23.9361 22.1321 21.6144 18.9908 19.8515 18.8539 20.1432
threshold=0.94230768084526073 0.019460854120552543 0.01902811881154776 0.036311125382781036 0.027869404293596748 -0.0091947503387927992 0.0038915463956072931 -0.02176778111606836 -0.018514946103096005 -0.028285232372581955 -0.012503792997449635 -0.023984714411199089 0.017537609674036506 0.0083948415704071539
decision_type=2 2 2 2 2 2 2 2 2 2 2 2 2 2
left_child=1 3 -3 4 12 10 -7 9 -9 -5 11 -6 13 -1
right_child=-2 2 -4 7 5 6 -8 8 -10 -11 -12 -13 -14 -15
leaf_value=0.00041823722414776324 -0.0025128542734001516 -0.0034053523098381993 -0.025887355732790704 0.0050851761922547263 -0.040743087746869681 -0.028479713622014565 -0.0024291540888806131 -0.049856007075854386 0.0024877615997888356 0.056477814228298173 -0.046491524312186283 -0.0040476580094287191 0.0018788624929864596 -0.00098789139551220791
leaf_weight=94775.036770999432 6345.6389142870903 1210.3832317143679 61.574153944849968 43.512913778424263 50.723665103316307 90.551804929971695 4136.3890500813723 19.293760687112808 4204.344900265336 37.984887450933456 62.670014023780823 129.13706466555595 15625.248096928 34828.024911880493
leaf_count=380470 25534 4861 276 182 213 365 16607 78 16899 154 252 519 62728 139827
internal_value=4.03671e-05 0.000144725 -0.00451316 0.000183225 0.000109147 -0.00408278 -0.00299383 0.00275845 0.00223691 0.0294328 -0.0229714 -0.0145644 0.000238183 4.03658e-05
internal_weight=161621 155275 1271.96 154003 149698 4469.47 4226.94 4305.14 4223.64 81.4978 242.531 179.861 145228 129603
internal_count=648965 623431 5137 618294 600981 17956 16972 17313 16977 336 984 732 583025 520297
is_linear=0
shrinkage=0.05


Tree=87
num_leaves=15
num_cat=0
split_feature=8 6 9 2 4 2 6 4 4 2 9 2 2 9
split_gain=13.7666 19.9443 17.119 17.0508 16.0919 12.0427 11.2671 15.7064 25.3306 14.1214 28.1568 28.0068 15.5387 13.5575
threshold=-0.012210030574351547 0.0071105430833995351 -0.015333101619035004 0.029783169738948349 0.020505895838141445 -0.04190170764923095 0.012913099490106108 0.018410398624837402 0.053373176604509361 -0.031893284991383546 0.05140319652855397 -0.02176778111606836 -0.028285232372581955 -0.0089280698448419554
decision_type=2 2 2 2 2 2 2 2 2 2 2 2 2 2
left_child=1 2 -1 -3 5 -4 -2 9 -9 10 -8 12 -11 -10
right_child=6 3 4 -5 -6 -7 7 8 13 11 -12 -13 -14 -15
leaf_value=-0.01534687096862461 0.00011829536877637638 0.0029345919703188447 0.031678133625336793 -0.036242742313480361 -0.0082452833981412118 -0.00098887091136546658 -0.025951054384296415 -0.023883160152593185 0.05524512358208597 -0.0031760341260705927 0.029109160110187899 -0.0026448689827880279 0.043610953852843852 -0.001916160709853293
leaf_weight=353.37548539042473 156175.82895743847 1394.6804682314396 27.737467899918556 27.339555561542511 1114.3585170954466 1544.3939119428396 116.8829297721386 200.07008767127991 14.545378237962721 25.556233361363411 28.03155905008316 432.46239387989044 56.125590175390244 30.986855328083038
leaf_count=1428 626907 5687 112 110 4529 6208 475 822 60 103 113 1735 225 145
internal_value=8.24873e-06 -0.00273012 -0.00501596 0.00215643 -0.00365184 -0.000392749 8.60491e-05 -0.00547475 -0.0162394 -0.00144471 -0.015174 0.0024469 0.0291111 0.017139
internal_weight=161542 4461.89 3039.87 1422.02 2686.49 1572.13 157080 904.661 245.602 659.059 144.914 514.144 81.6818 45.5322
internal_count=648659 18074 12277 5797 10849 6320 630585 3678 1027 2651 588 2063 328 205
is_linear=0
shrinkage=0.05


Tree=88
num_leaves=15
num_cat=0
split_feature=9 9 1 9 1 9 1 1 6 6 9 4 6 1
split_gain=15.3509 42.5676 34.5536 31.7313 26.741 45.5133 39.0997 25.4818 51.2007 38.9579 29.5054 34.5581 25.0368 22.9466
threshold=-0.00065157795324921597 -0.00029636744875460858 -0.018114853650331494 -0.00084878288907930244 0.023392654955387119 -0.00038324977504089469 0.022152070887386802 -0.0038207513280212875 0.0036268369294703011 0.0064420069102197894 -0.00047292468661908055 0.0061369829345494517 0.0015440883580595257 -0.0093673234805464727
decision_type=2 2 2 2 2 2 2 2 2 2 2 2 2 2
left_child=2 4 3 -1 6 -6 7 8 10 -9 11 12 -2 -12
right_child=1 -3 -4 -5 5 -7 -8 9 -10 -11 13 -13 -14 -15
leaf_value=-0.0094420425673656799 -0.033493060062469458 -0.00022874191023008997 0.00072459230468805368 0.059431518782121377 -0.047213119474152368 0.013440653621975574 0.051379021319687773 -0.0030467556895424461 0.012358340048610954 -0.043085174436166232 0.010255443456334007 -0.044207057875673569 0.037015589143056575 -0.061451535581385192
leaf_weight=1048.3228930532932 18.237460613250732 90790.197032310069 67265.340099453926 16.009337097406387 96.266330718994141 44.804895728826523 28.702145889401436 1904.8066049814224 85.050981119275093 61.767971396446228 12.431997612118719 50.021286457777023 35.718113407492638 89.190778508782387
leaf_count=4256 73 364541 270094 65 386 180 115 7634 342 248 50 201 143 358
internal_value=1.38212e-05 -0.000403473 0.000583103 -0.00835125 -0.0069371 -0.0279902 -0.00562618 -0.00637347 -0.0201674 -0.00432558 -0.0336171 -0.0146764 0.0130073 -0.0526648
internal_weight=161547 93217.2 68329.7 1064.33 2427 141.071 2285.93 2257.23 290.651 1966.57 205.6 103.977 53.9556 101.623
internal_count=648686 374271 274415 4321 9730 566 9164 9049 1167 7882 825 417 216 408
is_linear=0
shrinkage=0.05


Tree=89
num_leaves=15
num_cat=0
split_feature=6 9 9 9 9 2 0 1 1 1 3 9 2 6
split_gain=15.6274 25 31.0103 30.5178 29.2671 37.3476 45.1094 41.9241 38.7473 44.1608 29.0515 31.9267 28.7407 36.9097
threshold=0.0021946650231257085 -0.018736532889306542 -0.02343944180756807 -0.00056088442215695966 -0.00029636744875460858 0.0062472503632307061 0.0073974537663161763 0.0078456075862050074 -0.0039645412471145383 -0.0027821296826004978 -0.01691353507339954 -0.0019307092297822235 -0.0042803375981748095 0.0006652883894275875
decision_type=2 2 2 2 2 2 2 2 2 2 2 2 2 2
left_child=1 2 -1 10 5 6 7 8 -5 -10 11 -3 -4 -14
right_child=-2 3 12 4 -6 -7 -8 -9 9 -11 -12 -13 13 -15
leaf_value=-0.00020220853179118232 0.00022004530794839149 0.0069142358180370195 -0.0049723796603127896 -0.044273052689205623 -0.0014793445250637013 -0.045206650954319333 0.024927911351754917 -0.057435808694697811 0.047087804547719006 -0.0083162911461231934 0.00050859877456085249 0.041610104005033198 -0.0020841077325052522 -0.045301822789127699
leaf_weight=458.57952529191971 111242.42521759123 331.99842131137848 195.97904849052429 66.608632326126099 28145.584761813283 72.900709375739098 90.542062178254128 47.332384958863258 38.138496980071068 443.44546502828598 20178.177362799644 82.036585003137589 73.466278731822968 150.46202574670315
leaf_count=1840 446872 1332 786 268 112866 293 363 190 153 1779 81010 329 294 603
internal_value=-0.000110814 -0.000841432 -0.00919751 -0.000692942 -0.00174083 -0.0114232 -0.00777288 -0.0127781 -0.00882465 -0.00384014 0.00077796 0.0138725 -0.0189974 -0.0311953
internal_weight=161618 50375.3 878.487 49496.8 28904.6 758.968 686.067 595.525 548.193 481.584 20592.2 414.035 419.907 223.928
internal_count=648978 202106 3523 198583 115912 3046 2753 2390 2200 1932 82671 1661 1683 897
is_linear=0
shrinkage=0.05


Tree=90
num_leaves=15
num_cat=0
split_feature=3 9 9 1 1 0 1 1 9 9 1 9 9 9
split_gain=12.215 17.1325 62.4591 71.2012 52.2084 49.068 46.6659 39.9437 37.0973 35.5176 30.3173 38.5848 31.5591 96.4039
threshold=-0.0032333349809050556 -0.0022281075362116094 -0.0028366964543238278 -0.0041467011906206599 0.0025820549344643955 0.0049541727639734754 -0.002651913207955658 0.0020524127176031475 -0.0023930124007165428 -0.019742297939956185 0.0029611118370667104 -0.033777330070734017 -0.0083455229178071005 -0.010835906025022267
decision_type=2 2 2 2 2 2 2 2 2 2 2 2 2 2
left_child=1 2 4 8 7 10 -5 -1 -4 -9 11 -6 13 -12
right_child=-2 -3 3 6 5 -7 -8 9 -10 -11 12 -13 -14 -15
leaf_value=-0.0017831223967263684 0.00062971235711143693 -0.00075640314340046132 0.017404111926965549 -0.030404515618578754 0.091265811055653623 -0.0016635594583081571 0.0063453109355128771 -0.052932565759941833 0.05247550798784624 -0.010795920410506074 0.0016687864703173736 0.012749949202127124 0.00043221809814792636 0.015754914131904357
leaf_weight=12234.251430138946 63354.231471538544 62827.770452432334 220.46389313042164 88.977255076169968 15.171223044395445 7190.0874938368797 2172.7383981794119 53.374223843216896 114.95890861749649 640.05203369259834 4434.332070633769 520.08895321190357 6047.8944890797138 1672.037075906992
leaf_count=49147 254194 252532 884 357 61 28845 8722 214 461 2566 17796 2087 24283 6713
internal_value=8.83986e-05 -0.000260721 0.0006189 0.00808145 2.79103e-05 0.00163635 0.00488675 -0.00244541 0.0295443 -0.0141108 0.00350611 0.0151414 0.0029925 0.00552778
internal_weight=161586 98232.2 35404.4 2597.14 32807.3 19879.6 2261.72 12927.7 335.423 693.426 12689.5 535.26 12154.3 6106.37
internal_count=648862 394668 142136 10424 131712 79785 9079 51927 1345 2780 50940 2148 48792 24509
is_linear=0
shrinkage=0.05


Tree=91
num_leaves=15
num_cat=0
split_feature=4 9 2 1 9 9 1 1 2 1 2 9 9 2
split_gain=15.8585 15.8969 26.0767 32.7139 65.8629 34.084 32.7384 28.9781 34.7063 26.3484 26.2749 36.4049 24.9676 42.3356
threshold=0.0024754934711381797 0.025094754062592987 -0.0075119885150343171 0.013026006985455753 0.027922209352254871 0.066848751157522215 0.0093991840258240717 -0.0073532618116587392 -0.028285232372581955 0.006317735882475973 -0.030822924338281151 0.032616043463349349 0.017284310422837738 -0.003287799889221787
decision_type=2 2 2 2 2 2 2 2 2 2 2 2 2 2
left_child=-1 12 7 4 9 6 -6 8 -3 -4 11 -9 -2 -14
right_child=1 2 3 -5 5 -7 -8 10 -10 -11 -12 -13 13 -15
leaf_value=0.00069070073546559873 -0.00031619876428697004 0.003496249414410648 -0.010683998689493674 0.0017216223637723897 -0.019932350342490163 0.038576842753767812 -0.058609881941055514 -0.032530303666971037 -0.022362945252104114 0.035987923866473565 0.013035525839280332 0.0072156580895063067 -0.0076672159038503511 0.0028986457749290914
leaf_weight=54220.502670243382 98951.052374958992 657.18319742381573 54.198546662926674 1233.1764210164547 146.6303069293499 16.243838950991631 87.95832322537899 78.255960486829281 160.61971044540405 66.389309674501419 1290.7829401791096 210.07893627882004 2893.2499788030982 1409.2456432878971
leaf_count=217558 397376 2671 217 4942 587 65 352 335 643 266 5178 853 11722 5670
internal_value=-6.19852e-06 -0.000358504 0.00273323 -0.00219918 -0.0151866 -0.0297469 -0.0346216 0.00603473 -0.00160371 0.0150958 0.00998908 -0.0036468 -0.000478347 -0.00420659
internal_weight=161476 107255 4001.52 1604.6 371.42 250.832 234.589 2396.92 817.803 120.588 1579.12 288.335 103254 4302.5
internal_count=648435 430877 16109 6429 1487 1004 939 9680 3314 483 6366 1188 414768 17392
is_linear=0
shrinkage=0.05


Tree=92
num_leaves=15
num_cat=0
split_feature=4 2 2 2 5 9 2 2 9 9 9 0 0 6
split_gain=12.3398 20.8038 29.2294 32.1294 24.3687 21.7353 32.381 20.4146 62.1308 32.8733 20.4493 23.9229 23.1647 23.1471
threshold=0.0033076374093070631 -0.019348941743373867 -0.018514946103096005 -0.018258982338011261 0.55769231915473949 0.027922209352254871 -0.022604571655392643 -0.017483618110418316 0.0063423670362681159 0.0058964532800018796 0.027922209352254871 0.026721064001321796 0.0090862568467855471 0.0058624101802706727
decision_type=2 2 2 2 2 2 2 2 2 2 2 2 2 2
left_child=1 4 -3 -4 -1 -6 -7 8 9 -5 -9 12 -12 -13
right_child=-2 2 3 7 5 6 -8 10 -10 -11 11 13 -14 -15
leaf_value=0.00039221920024645209 -0.00036928631652690329 -0.012858439760517091 0.025700327145362863 -0.01756375015348156 0.0076783312445854682 0.046438614737099863 -0.021327252760322699 0.000561465449761616 0.022434933857658091 -0.090718308196702749 -0.0024210653822068695 0.018712307435110109 -0.020863613901510685 -0.0086584887361298001
leaf_weight=1598.5455881953239 97713.560673005879 416.57535044848919 124.38068950176239 312.10943119227886 1284.4818103313446 79.175353214144707 21.95301678776741 58870.373934179544 107.41163344681263 15.241738691926001 331.51566128432751 151.81000097095966 349.6919591575861 155.33161590993404
leaf_count=6414 392610 1668 498 1250 5153 322 88 236224 430 61 1328 608 1400 622
internal_value=-1.61114e-05 0.000524637 0.000324658 0.000415765 0.00459991 0.00945043 0.0316632 0.00036318 -0.0104199 -0.0212358 0.000441671 -0.00668713 -0.0119051 0.00488682
internal_weight=161532 63818.6 60834.4 60417.9 2984.16 1385.61 101.128 60293.5 434.763 327.351 59858.7 988.349 681.208 307.142
internal_count=648676 256066 244089 242421 11977 5563 410 241923 1741 1311 240182 3958 2728 1230
is_linear=0
shrinkage=0.05


Tree=93
num_leaves=15
num_cat=0
split_feature=9 1 9 2 9 2 2 1 2 9 1 1 1 9
split_gain=12.4015 27.6291 26.1388 26.6445 29.5865 43.265 43.8724 44.9607 40.0455 34.6411 31.4917 46.1305 53.203 67.1832
threshold=0.0091610192321240919 -0.018114853650331494 0.020283118821680549 0.010807255748659374 0.017284310422837738 -0.0010903811198659239 -0.015515203587710856 -0.015236723702400921 -0.015718277543783184 0.017820331268012527 -0.0073532618116587392 -0.0019901659106835719 -0.0012463933671824632 0.0096438424661755579
decision_type=2 2 2 2 2 2 2 2 2 2 2 2 2 2
left_child=-1 -2 3 4 10 6 7 -6 -9 -7 -3 -12 13 -13
right_child=1 2 -4 -5 5 9 -8 8 -10 -11 11 12 -14 -15
leaf_value=0.00016357717261829624 0.0076963440547383162 -0.0078845128189435603 0.0012136469411632468 -0.0093599982597332744 -0.051939819084147736 -0.020914735765304327 -0.015419057937913148 0.0011855431881291835 0.07973517895028337 0.0088961697607876002 0.0059899043741201002 0.04201116610745767 -0.00083087725491951903 -0.023235966747752763
leaf_weight=131016.70602211356 894.30567827820778 1493.2129815220833 8034.3727139979601 1201.6983432024717 38.201580822467804 115.32280944287777 1357.7515311688185 635.5334153175354 15.651925921440123 600.33410659432411 2468.9282915592194 42.320191949605942 13072.521115362644 450.16062122583389
leaf_count=525805 3680 6014 32305 4862 158 464 5460 2580 63 2413 9913 170 52609 1808
internal_value=-4.75909e-05 -0.000957042 -0.00121939 -0.00212897 -0.00170026 -0.00650833 -0.0102065 6.70046e-05 0.00319293 0.00406988 -0.00094204 -0.000295048 -0.00143931 -0.0175553
internal_weight=161437 30420.3 29526 21491.6 20289.9 2762.8 2047.14 689.387 651.185 715.657 17527.1 16033.9 13565 492.481
internal_count=648304 122499 118819 86514 81652 11138 8261 2801 2643 2877 70514 64500 54587 1978
is_linear=0
shrinkage=0.05


Tree=94
num_leaves=15
num_cat=0
split_feature=5 1 9 1 9 2 9 9 9 2 9 9 9 9
split_gain=13.1147 12.1188 34.1156 45.0752 33.4534 85.2438 72.9604 45.4421 44.8006 43.7403 39.2201 39.2454 36.556 31.5464
threshold=0.94230768084526073 0.0083948415704071539 0.0066902458202093848 0.0097536239773035067 -0.0042838132940232745 -0.034351140260696404 -0.0089280698448419554 -0.0035246149636805053 -0.0037218857323750849 0.010807255748659374 -0.0033296248875558372 -0.0032286819769069548 -0.0098988357931375486 0.0061035223770886668
decision_type=2 2 2 2 2 2 2 2 2 2 2 2 2 2
left_child=1 -1 4 -4 6 -6 12 8 -7 -10 -9 -12 -3 -13
right_child=-2 2 3 -5 5 7 -8 10 9 -11 11 13 -14 -15
leaf_value=0.00041940568227102378 -0.0022582932225033744 0.00015850789701855035 -0.010229757186021858 -0.0015451621787847189 -0.054160043145374363 0.0046856465994036976 -0.0053684277246376167 -0.01406080270031717 0.019708871514454371 0.085302996691244665 0.022265496390493553 0.00068994919904303979 0.0095158091407760159 0.0092707246078302663
leaf_weight=94858.399762831628 6308.2563672959805 9423.8213341385126 1657.5603175610304 15074.128063738346 67.862474247813225 1073.3582438081503 7050.9429986029863 422.26144251227379 379.9904520958662 26.387202486395836 220.0173868983984 22536.952051699162 1172.7582939714193 1123.5811318457127
leaf_count=380880 25390 37818 6690 60658 283 4313 28314 1697 1527 106 884 90375 4715 4507
internal_value=-2.36899e-05 6.72173e-05 -0.000487458 -0.00240608 0.000250587 0.00139625 -0.00142758 0.00154457 0.0100485 0.024167 0.0010264 0.00129375 0.00119491 0.0010978
internal_weight=161396 155088 60229.6 16731.7 43497.9 25850.4 17647.5 25782.5 1479.74 406.378 24302.8 23880.6 10596.6 23660.5
internal_count=648157 622767 241887 67348 174539 103692 70847 103409 5946 1633 97463 95766 42533 94882
is_linear=0
shrinkage=0.05


Tree=95
num_leaves=15
num_cat=0
split_feature=9 9 1 1 1 2 1 0 2 6 2 2 2 4
split_gain=16.0784 28.222 40.7826 38.0745 32.4147 44.6555 40.7884 32.6013 32.3133 29.6816 36.354 30.2399 48.4687 30.9545
threshold=-0.014873661100864409 -0.025125470943748947 -0.029626567848026749 -0.010122164618223904 0.0074428196530789146 0.00079642943455837678 0.0086045311763882654 0.020269618369638923 -0.015515203587710856 0.0021477157715708022 0.0050013153813779363 0.015260808169841768 0.018147492781281475 0.012362303677946331
decision_type=2 2 2 2 2 2 2 2 2 2 2 2 2 2
left_child=1 2 -1 -4 -3 6 8 -8 -6 10 -7 13 -13 -11
right_child=-2 4 3 -5 5 9 7 -9 -10 11 -12 12 -14 -15
leaf_value=-0.035319806987104269 0.00016337081252689974 -0.0073749350780824138 0.016497496703616128 0.00046137133460015663 -0.020596918564054434 -0.037365723755059643 -0.00091277793294514045 0.020512920850845426 0.028920842484775378 -0.003204517906831076 -0.0044783933430423452 -0.053987324322480462 -0.0022653043272144509 0.020957002121121667
leaf_weight=73.629015773534775 150013.02596945316 3286.9995187968016 407.19398000836372 3972.0594202876091 37.351664558053017 154.6736996024847 1456.684216722846 201.17565527558327 243.27904045581818 1094.2288406938314 183.26848109066486 71.140521958470345 121.96802566945553 149.8147130459547
leaf_count=308 602451 13203 1647 15946 150 620 5842 807 975 4387 734 285 489 600
internal_value=2.55011e-05 -0.00178012 0.00133173 0.00195588 -0.00375939 -0.000558037 0.00468757 0.00169796 0.0222803 -0.00628591 -0.0195965 -0.00314451 -0.0214995 -0.000280357
internal_weight=161466 11453.5 4452.88 4379.25 7000.58 3713.58 1938.49 1657.86 280.631 1775.09 337.942 1437.15 193.109 1244.04
internal_count=648444 45993 17901 17593 28092 14889 7774 6649 1125 7115 1354 5761 774 4987
is_linear=0
shrinkage=0.05


Tree=96
num_leaves=15
num_cat=0
split_feature=4 2 2 2 2 9 1 6 1 2 5 1 9 9
split_gain=13.754 15.5473 20.5971 25.8095 25.6226 38.6978 17.0458 16.4398 25.3178 19.4062 16.5927 16.5821 16.1308 24.3497
threshold=0.0025215937057510023 -0.019348941743373867 -0.018514946103096005 -0.018258982338011261 -0.017483618110418316 0.021082832477986816 0.0024057003902271394 0.0055548495147377261 -0.029626567848026749 -0.019615366123616692 0.28846155107021337 0.020413299091160301 0.0063423670362681159 0.0058964532800018796
decision_type=2 2 2 2 2 2 2 2 2 2 2 2 2 2
left_child=1 7 -3 6 5 12 -4 9 -9 -1 -10 -12 13 -5
right_child=-2 2 3 4 -6 -7 -8 8 10 -11 11 -13 -14 -15
leaf_value=0.00071881321101257764 -0.00025293966807319094 -0.011473834703276627 0.014951355069811642 -0.017953830518025116 0.00066058200371032876 0.060779537191482061 0.065105529188848182 -0.027049781389348649 0.0025991453034770033 0.025379493524063875 0.021875680357334223 -0.0052779728569355821 0.0052339474721825726 -0.085346607171378874
leaf_weight=1712.0500276982784 106660.59104005247 353.66193799674511 85.360323622822762 269.22426049411297 51326.213995024562 16.206997528672218 20.463064432144165 41.478332340717316 264.261041238904 82.678696393966675 414.55251550674438 64.622698187828064 70.702322617173195 13.213894978165625
leaf_count=6863 428519 1416 342 1078 205964 65 82 169 1060 331 1674 261 283 53
internal_value=7.77107e-05 0.000722037 0.000534579 0.000616783 0.000566039 -0.0125384 0.0251683 0.00451037 0.0105413 0.00186837 0.0126721 0.0182103 -0.0160653 -0.0213968
internal_weight=161395 54734.7 52155 51801.4 51695.6 369.347 105.823 2579.64 784.915 1794.73 743.436 479.175 353.14 282.438
internal_count=648160 219641 209283 207867 207443 1479 424 10358 3164 7194 2995 1935 1414 1131
is_linear=0
shrinkage=0.05


Tree=97
num_leaves=15
num_cat=0
split_feature=5 9 5 6 4 6 3 3 2 9 4 0 6 2
split_gain=13.1726 12.95 27.3438 25.7987 30.4693 24.3786 46.6567 35.4564 27.7572 20.2946 24.5886 27.2915 25.2049 38.2634
threshold=0.94230768084526073 -0.014873661100864409 0.51923078298568737 0.0068100923672318467 0.01902811881154776 0.0021004242589697246 -0.012827598955482243 -0.0042517078109085551 0.009818274527788164 -0.013906391337513922 0.019737682305276397 -0.029992044903337952 0.0046203793026506909 0.013412682339549066
decision_type=2 2 2 2 2 2 2 2 2 2 2 2 2 2
left_child=1 2 3 4 -1 6 -4 -7 -9 10 12 -12 -3 -14
right_child=-2 9 5 -5 -6 7 -8 8 -10 -11 11 -13 13 -15
leaf_value=-0.0046827969795197287 -0.002212401188732286 0.0084542099588776742 0.043538938781517773 0.0018685992410323211 -0.021025627073308181 -0.00070072331557908174 -0.01479467763511268 0.011362502714716598 -0.0093399462511021686 0.00018773010175250821 -0.01489082654505872 0.040661332241237726 -0.014219780427671372 0.062953799813895719
leaf_weight=4013.2148394733667 6315.8098503798246 849.72306643426418 36.39103701710701 1446.1166975945234 306.15988007187843 3321.1759973019361 414.99982436001301 1253.5329992622137 185.1344458013773 143002.44150026888 28.236115306615829 94.025936931371689 246.47713230550289 16.192597344517708
leaf_count=16100 25425 3408 146 5814 1238 13347 1664 5030 742 574258 115 377 989 65
internal_value=2.5781e-05 0.000116869 -0.0015386 -0.00391085 -0.00584579 0.00108621 -0.010006 0.00214 0.00869378 0.000242863 0.0066232 0.027815 0.00427114 -0.0092416
internal_weight=161530 155214 10976.7 5765.49 4319.37 5211.23 451.391 4759.84 1438.67 144237 1234.65 122.262 1112.39 262.67
internal_count=648718 623293 44081 23152 17338 20929 1810 19119 5772 579212 4954 492 4462 1054
is_linear=0
shrinkage=0.05


Tree=98
num_leaves=15
num_cat=0
split_feature=2 1 1 5 6 9 9 9 1 1 9 1 3 9
split_gain=12.2915 28.4444 27.6341 28.1381 27.0606 39.6353 47.2195 45.1898 44.8328 73.6403 46.1573 45.7332 41.3552 37.0127
threshold=-0.01175830466672778 0.049988374114036567 -0.002651913207955658 0.44230769574642187 0.002158465795218945 -0.015333101619035004 -0.0078412750735878927 -0.0065246468875557176 0.0025820549344643955 0.001872911583632231 -0.013906391337513922 0.0068997689522802838 -0.011890287511050699 -0.012075935024768112
decision_type=2 2 2 2 2 2 2 2 2 2 2 2 2 2
left_child=1 -1 3 -2 5 12 8 -8 9 10 -7 13 -4 -10
right_child=2 -3 4 -5 -6 6 7 -9 11 -11 -12 -13 -14 -15
leaf_value=-0.00073499368194927979 0.0019561050034234521 0.023658766440439537 0.030687652512718322 0.011084075405942284 0.00069420208003009723 0.036963360050913593 -0.010108894374852368 -0.00088292001467319119 -0.00055686807476565718 -0.036249122558061564 -0.0025468422918874453 0.0028397425908653893 -0.012804821418410998 0.02164474397117018
leaf_weight=45643.663047417998 3847.0184204429388 118.81759572029114 56.849306300282478 1080.8972735404968 73164.76381893456 81.547602355480194 1384.4893248975277 31590.313916504383 246.66869825124741 152.69611874222755 706.39677077531815 1604.7896834909916 1008.5962925255299 783.9328139424324
leaf_count=183606 15445 484 228 4343 293680 327 5559 126741 990 612 2837 6444 4042 3151
internal_value=2.25191e-05 -0.000671142 0.000296863 0.00396009 0.000133876 -0.000955964 -0.000678716 -0.00127058 0.00477772 -0.00458959 0.0015839 0.00812162 -0.0104576 0.0163355
internal_weight=161471 45762.5 115709 4927.92 110781 37616.3 36550.8 32974.8 3576.03 940.64 787.944 2635.39 1065.45 1030.6
internal_count=648489 184090 464399 19788 444611 150931 146661 132300 14361 3776 3164 10585 4270 4141
is_linear=0
shrinkage=0.05


Tree=99
num_leaves=15
num_cat=0
split_feature=1 1 6 2 2 2 2 2 9 6 1 2 9 9
split_gain=12.575 35.1258 29.5675 24.4205 23.2449 23.0729 23.7758 19.8131 18.1301 17.4803 22.3575 20.4914 19.3413 24.0062
threshold=0.036311125382781036 0.027869404293596748 0.0076745098922401675 -0.0024036240065470334 -0.005487847374752163 -0.0070736093912273637 -0.012981880456209181 -0.015938224270939823 0.030197517015039924 0.0048291231505572805 0.033487042412161834 -0.023984714411199089 0.030197517015039924 0.0083364178426563757
decision_type=2 2 2 2 2 2 2 2 2 2 2 2 2 2
left_child=1 -1 9 4 5 6 -4 -2 -5 -3 11 -11 13 -12
right_child=7 2 3 8 -6 -7 -8 -9 -10 10 12 -13 -14 -15
leaf_value=3.568766643305271e-05 0.018857893134349418 -0.0049913836682430081 -0.014532371654718025 -0.009757336863067045 -0.061226329567084639 0.024636841820129166 -0.056625426127450751 0.0018446608784817107 0.033351411575743249 -0.056322929801701518 0.017542963623955833 -0.0011153707368687048 0.050518627738499904 -0.011753490790345844
leaf_weight=151605.79795633256 176.45444230735302 3048.2072908580303 118.07808881998062 280.55309055745602 41.266923099756241 24.429541066288948 46.483393877744675 4814.6674068719149 25.726446107029915 16.107432097196579 235.82838688790798 963.65942081809044 29.570230528712273 98.406495168805122
leaf_count=608829 724 12246 487 1126 166 98 187 19355 103 66 946 3870 119 397
internal_value=-2.0584e-05 -9.93678e-05 -0.00425313 -0.0153225 -0.0275908 -0.0199628 -0.0266925 0.0024498 -0.00603959 -0.00289762 0.00185276 -0.00207949 0.0124194 0.00890808
internal_weight=161525 156534 4928.32 536.537 230.258 188.991 164.561 4991.12 306.28 4391.78 1343.57 979.767 363.805 334.235
internal_count=648719 628640 19811 2167 938 772 674 20079 1229 17644 5398 3936 1462 1343
is_linear=0
shrinkage=0.05


Tree=100
num_leaves=15
num_cat=0
split_feature=5 6 2 2 2 5 3 5 0 5 6 2 6 2
split_gain=10.1791 11.7936 13.2822 28.7966 32.1271 41.8356 25.2475 29.4876 25.8076 22.0199 30.4599 22.5389 21.2406 31.7208
threshold=0.90384614467620861 0.0020649427315220241 -0.0043645077385008326 -0.0072905998677015296 -0.007613835157826542 0.25000000745058065 -0.0085002598352730257 0.25000000745058065 0.011456268839538099 0.3269230872392655 0.0016757530393078925 -0.021008808165788647 0.00083278308738954376 -0.003287799889221787
decision_type=2 2 2 2 2 2 2 2 2 2 2 2 2 2
left_child=1 2 3 4 9 -6 -4 8 -8 -1 -11 -12 13 -9
right_child=-2 -3 6 -5 5 -7 7 12 -10 10 11 -13 -14 -15
leaf_value=-0.0036127587275760023 -0.0013360396375723899 0.00039805143635259096 0.0066128239261933957 0.0033287314944128372 0.0099261485672564754 -0.020406907603409557 -0.00073789352603331998 0.023611740984210712 0.0065736168128713683 0.0051957349690903527 0.010464515922303061 -0.0024091445520288417 -0.0029702629933592195 -0.025327787432623417
leaf_weight=3593.8802121579647 12863.660799980164 109110.25629375875 935.53639835119247 5723.7341417074203 153.65973708033562 430.31310659646988 6711.6968900412321 38.448520869016647 1470.4780337661505 2865.1175628751516 368.76874426007271 4222.8772289007902 12788.932463347912 210.23013643920422
leaf_count=14423 51750 438286 3758 22975 617 1727 26912 154 5901 11496 1482 16941 51314 843
internal_value=1.32282e-05 0.000130018 -0.000610102 0.000425545 -0.00100286 -0.0124221 -0.0014215 -0.00177601 0.000576754 -0.000398341 0.00115116 -0.00137317 -0.00325249 -0.0176969
internal_weight=161488 148624 39513.7 17358.4 11634.6 583.973 22155.3 21219.8 8182.17 11050.6 7456.76 4591.65 13037.6 248.679
internal_count=648579 596829 158543 69661 46686 2344 88882 85124 32813 44342 29919 18423 52311 997
is_linear=0
shrinkage=0.05


Tree=101
num_leaves=15
num_cat=0
split_feature=9 9 2 2 2 6 6 3 5 5 2 0 4 9
split_gain=10.0507 26.0077 34.7076 31.4834 59.6461 29.4774 26.5036 31.2508 26.6778 26.0059 23.8611 32.4425 27.9428 31.9256
threshold=-0.014873661100864409 -0.025125470943748947 -0.026857295073568817 0.015260808169841768 0.018147492781281475 0.010726655367761852 0.002158465795218945 -0.013732780236750839 0.2115384638309479 0.51923078298568737 -0.037662921473383897 -0.035578817129135125 0.039313154295086868 -0.020877634175121781
decision_type=2 2 2 2 2 2 2 2 2 2 2 2 2 2
left_child=1 9 10 6 -5 -6 7 -4 -9 -1 11 12 13 -3
right_child=-2 2 3 4 5 -7 -8 8 -10 -11 -12 -13 -14 -15
leaf_value=-0.0022626834129010217 8.756870053219795e-05 -0.075875803549434087 0.028005823316242746 -0.050134663362794235 0.0088323349333673268 -0.061775012985362532 0.0001433830698833938 -0.00042180294919233019 -0.016588364090128468 0.005385069701560977 -0.021108778103007222 0.019614010595695962 0.0095636817069939956 -0.014818561705636195
leaf_weight=2235.833863735199 149954.50826184452 27.974415510892868 55.197730422019958 96.16828241944313 126.75049452483654 15.716174617409704 4893.2242255359888 419.30854387581348 651.16633352637291 2208.8456378281116 434.45904478430748 104.25661291182041 69.852669656276703 84.751774117350578
leaf_count=8988 602247 115 222 385 508 63 19618 1680 2613 8885 1757 420 288 346
internal_value=-2.13447e-05 -0.00145092 -0.00335466 -0.00215639 -0.0199295 0.000667007 -0.00144854 -0.0083625 -0.0102622 0.00153833 -0.0137327 -0.00252595 -0.0152063 -0.0305046
internal_weight=161378 11423.5 6978.83 6257.53 238.635 142.467 6018.9 1125.67 1070.47 4444.68 721.295 286.835 182.579 112.726
internal_count=648135 45888 28015 25089 956 571 24133 4515 4293 17873 2926 1169 749 461
is_linear=0
shrinkage=0.05


Tree=102
num_leaves=15
num_cat=0
split_feature=9 6 9 2 2 2 9 2 9 2 2 9 5 9
split_gain=10.9181 21.6247 23.1474 24.1675 34.883 48.8483 39.632 33.0386 41.9361 30.1208 28.9272 39.073 28.7823 27.3991
threshold=0.0097986925393342989 0.012913099490106108 0.023946670815348629 -0.013139909133315085 0.015260808169841768 0.012587340548634531 0.027922209352254871 -0.019348941743373867 0.05140319652855397 -0.0058890560176223508 0.0070409565232694158 0.05140319652855397 0.59615385532379161 0.030197517015039924
decision_type=2 2 2 2 2 2 2 2 2 2 2 2 2 2
left_child=-1 2 -2 7 5 6 9 -4 -9 -5 -8 -12 -7 -14
right_child=1 -3 3 4 -6 12 10 8 -10 -11 11 -13 13 -15
leaf_value=0.00019515706740699565 -0.0014548593466765947 -0.011317785617352579 0.0026117413551481547 -0.0048261396306314465 0.012838021645927653 -0.056060762018001746 -0.0079589913888634227 0.022042624376603908 -0.015180143781257144 0.012944755140574127 0.00091787797390784857 0.052511464151213209 -0.043562307829987518 0.032295759879087942
leaf_weight=133540.06976915896 21713.60391920805 487.5764185115695 1775.974226847291 369.81319390237331 424.050028860569 64.928869143128395 1626.174397289753 492.03209893405437 88.654874503612518 668.0577385276556 195.01091547310352 44.21331761777401 21.965438112616539 23.726055443286896
leaf_count=536008 87473 2009 7190 1485 1699 260 6511 1974 355 2680 781 177 88 95
internal_value=6.9426e-06 -0.000890817 -0.000705596 0.00210182 -0.000571817 -0.00246219 -0.00121385 0.00600075 0.0163434 0.0066141 -0.00557037 0.0106323 -0.0349211 -0.00432372
internal_weight=161536 27995.8 27508.2 5794.6 3437.94 3013.89 2903.27 2356.66 580.687 1037.87 1865.4 239.224 110.62 45.6915
internal_count=648785 112777 110768 23295 13776 12077 11634 9519 2329 4165 7469 958 443 183
is_linear=0
shrinkage=0.05


Tree=103
num_leaves=15
num_cat=0
split_feature=5 1 1 8 9 0 1 1 9 3 7 9 4 9
split_gain=10.0015 14.3159 26.2478 10.7389 10.7344 12.9037 10.1705 25.9254 34.933 33.2236 20.0542 18.0849 17.971 26.8933
threshold=0.82692307233810436 0.02710268180817366 0.030239962041378025 -0.00078294851118698705 0.0071681039407849321 -0.035578817129135125 0.033487042412161834 0.032218432053923614 0.0019349917420186105 -0.0057959279511123887 -0.0032147977035492654 0.0024473813828080897 0.014711620751768352 0.05140319652855397
decision_type=2 2 2 2 2 2 2 2 2 2 2 2 2 2
left_child=6 4 3 -3 -2 -6 7 -1 9 10 -9 -10 13 -8
right_child=1 2 -4 -5 5 -7 12 8 11 -11 -12 -13 -14 -15
leaf_value=0.00013487934770941158 6.1753956397355141e-05 -0.022314246258101193 -0.0017538108269434033 -0.0080387920869911447 0.0090611513321874598 -0.0029551452114283368 0.0031939936049637284 -0.018674762751315781 -0.08053641154830396 -0.013149183972492871 0.036508844520428275 -0.022288808167287563 -0.003515411144742229 0.025612736588298754
leaf_weight=129983.904288508 18337.888112366199 234.44971948862076 1854.2379790693521 303.29563380777836 232.27773809432983 5306.7668271809816 3639.657565549016 20.449005827307701 13.484311342239378 153.24121600389481 73.569329902529716 203.95520979911089 1000.2881710082293 137.90801239013672
leaf_count=521946 73563 944 7465 1220 987 21416 14627 82 54 615 295 824 4037 553
internal_value=2.25801e-06 -0.000890477 -0.00457746 -0.0142926 -0.000520939 -0.0024497 0.000175685 9.26894e-05 -0.0116835 0.00118319 0.0244362 -0.0262531 0.00244119 0.004019
internal_weight=161495 26268.9 2391.98 537.745 23876.9 5539.04 135226 130449 464.699 247.26 94.0183 217.44 4777.85 3777.57
internal_count=648628 105595 9629 2164 95966 22403 543033 523816 1870 992 377 878 19217 15180
is_linear=0
shrinkage=0.05


Tree=104
num_leaves=15
num_cat=0
split_feature=5 1 2 1 9 9 9 3 1 9 4 2 0 2
split_gain=12.5948 10.5972 22.5075 28.6806 34.3197 86.8012 47.2162 49.2202 33.5584 63.2989 32.3671 31.3819 26.8324 65.264
threshold=0.94230768084526073 0.036311125382781036 0.020417290739715103 0.024352884851396087 0.011838578153401615 0.016319690272212032 0.0021059405989944939 -0.0092580495402216894 0.029383405111730102 0.036263292655348785 0.015673120506107811 0.015260808169841768 0.021951483562588695 0.0070409565232694158
decision_type=2 2 2 2 2 2 2 2 2 2 2 2 2 2
left_child=1 2 3 -1 6 -6 12 -8 9 -7 11 -10 13 -5
right_child=-2 -3 -4 4 5 8 7 -9 10 -11 -12 -13 -14 -15
leaf_value=0.0001452219945015545 -0.002194409421666192 0.0024200305543628895 0.013050123810869405 -0.0084160196715028258 -0.027657768528368334 0.01395483619748978 -0.0083830359626327674 0.0089811107987540027 -0.01010145220224011 -0.029115587084038993 -0.031592288048417204 0.026905356855107462 -0.0077241627688452389 0.011872694080343985
leaf_weight=142206.72366001457 6307.461734354496 4709.1384808272123 329.25642757117748 893.66030831634998 465.23735082149506 479.9605904519558 542.94094637036324 1634.4300896078348 328.36908662319183 102.73000372946262 139.75627154111862 68.363067418336868 2479.9493918418884 710.67961841821671
leaf_count=571060 25398 18946 1322 3587 1887 1933 2187 6556 1319 412 573 275 9951 2849
internal_value=-4.39512e-06 8.4685e-05 1.15392e-05 -1.71578e-05 -0.00295986 -0.00953138 -0.00129579 0.00464939 -0.00197836 0.00632453 -0.0109913 -0.00367299 -0.00446558 0.000573134
internal_weight=161399 155091 150382 150053 7846.08 1584.42 6261.66 2177.37 1119.18 582.691 536.488 396.732 4084.29 1604.34
internal_count=648255 622857 603911 602589 31529 6399 25130 8743 4512 2345 2167 1594 16387 6436
is_linear=0
shrinkage=0.05


Tree=105
num_leaves=15
num_cat=0
split_feature=5 8 4 5 5 2 6 1 1 6 6 2 1 2
split_gain=10.7212 12.078 21.2292 12.7111 18.779 14.9457 16.9869 13.5852 12.1931 28.0172 29.203 20.1976 18.663 66.1349
threshold=0.86538460850715648 0.015463388524949552 0.01902811881154776 0.78846153616905224 0.59615385532379161 -0.033194135874509804 0.0049254926852881917 0.06886612251400949 0.033487042412161834 0.0045040096156299123 0.007891997694969179 -0.02176778111606836 0.032218432053923614 0.01028304034844041
decision_type=2 2 2 2 2 2 2 2 2 2 2 2 2 2
left_child=1 8 3 4 -3 -6 -7 -8 12 -10 -11 -12 -1 -14
right_child=-2 2 -4 -5 5 6 7 -9 9 10 11 -13 13 -15
leaf_value=0.00019114219802687202 -0.001066569348735539 -0.0014458227946019739 -0.026337482873833713 0.021076304794016777 0.020895194983316642 -0.0013807220066542137 -0.037878928719551667 0.011459903509152346 -0.0026163193866558343 0.0094507657438388602 0.025919900805265402 -0.0026579354237829251 -0.02702037682634327 0.011631637027985474
leaf_weight=134637.16515691578 19565.54046946764 2038.8174013644457 95.237935841083527 55.420104622840881 22.843020558357239 70.528665378689766 112.94370496273041 15.439383685588835 1557.5501455664635 1867.1338362693787 64.872168749570847 1006.1572976112366 250.54088844358921 196.82496458292007
leaf_count=540608 78685 8188 423 223 93 283 454 62 6261 7506 270 4048 1010 791
internal_value=3.06723e-05 0.000181872 -0.00332596 -0.00236872 -0.00295257 -0.0167369 -0.0211415 -0.0319027 0.000242492 0.00280384 0.00567704 -0.000904414 0.000157229 -0.0100269
internal_weight=161557 141991 2411.23 2315.99 2260.57 221.755 198.912 128.383 139580 4495.71 2938.16 1071.03 135085 447.366
internal_count=648905 570220 9726 9303 9080 892 799 516 560494 18085 11824 4318 542409 1801
is_linear=0
shrinkage=0.05


Tree=106
num_leaves=15
num_cat=0
split_feature=8 6 5 6 8 5 5 7 9 0 6 9 9 5
split_gain=10.5048 25.6044 12.3902 16.2094 18.5339 12.2153 17.2516 17.9197 12.9006 11.8774 11.4778 25.7058 30.8352 39.557
threshold=-0.015088988468050955 0.005236939527094365 0.86538460850715648 0.0039266860112547883 -0.019084872677922245 0.36538462340831762 0.2115384638309479 -0.0042380711529403916 0.0053634871728718289 -0.012655078433454035 0.0021004242589697246 -0.018736532889306542 0.0014130827621556821 0.48076923191547399
decision_type=2 2 2 2 2 2 2 2 2 2 2 2 2 2
left_child=1 2 -1 -4 -5 6 7 -3 -7 -8 11 -2 -13 -14
right_child=10 5 3 4 -6 8 9 -9 -10 -11 -12 12 13 -15
leaf_value=-0.0077003216395166441 -0.009722590526356694 0.0068849187543610557 -0.05054166769939359 -0.035030941701444628 0.023090980606605745 0.0010841116920031677 0.016096232349849839 -0.011909407492686786 -0.014761805051105116 0.00048245382557224087 0.00029086770459105525 0.0007101639328198333 0.00043108135770794724 -0.0040041938224808175
leaf_weight=888.45211160182953 766.70799970626831 249.64664815366268 39.811072081327438 28.892676591873169 24.416994720697403 314.29098129272461 328.26246520876884 255.82003682851791 216.0686908364296 193.40841847658157 113738.75475768745 24179.008793666959 9417.7279280424118 10781.761749714613
leaf_count=3599 3079 1012 162 118 100 1277 1339 1032 914 778 456882 97044 37718 43319
internal_value=-2.78699e-05 -0.00321791 -0.00953822 -0.0268052 -0.00847483 0.000768863 0.00394965 -0.00263175 -0.00538715 0.0103195 2.3129e-05 -0.000651403 -0.000494468 -0.00193639
internal_weight=161423 2539.07 981.573 93.1207 53.3097 1557.5 1027.14 505.467 530.36 521.671 158884 45145.2 44378.5 20199.5
internal_count=648373 10331 3979 380 218 6352 4161 2044 2191 2117 638042 181160 178081 81037
is_linear=0
shrinkage=0.05


Tree=107
num_leaves=15
num_cat=0
split_feature=6 9 9 1 1 9 3 0 9 1 9 6 9 0
split_gain=10.1423 28.6557 37.0435 33.3718 57.7085 29.1874 22.7959 19.8175 44.2985 34.9836 29.2352 31.509 32.4493 20.6133
threshold=0.0021004242589697246 -0.00056088442215695966 -0.00029636744875460858 -0.0039645412471145383 -0.002116284216754138 -0.015916204079985615 -0.01009731227532029 0.010814911685884001 0.0062294299714267263 0.029383405111730102 0.0061035223770886668 0.0016757530393078925 0.0058964532800018796 0.021951483562588695
decision_type=2 2 2 2 2 2 2 2 2 2 2 2 2 2
left_child=1 5 3 -3 -5 6 -1 -4 9 10 11 12 -9 -10
right_child=-2 2 7 4 -6 -7 -8 8 13 -11 -12 -13 -14 -15
leaf_value=0.012562297801616086 0.00015184298963132558 -0.048197056265027294 -0.002032375290100457 0.033455416040077693 -0.015322338845911613 0.0012206290379847367 -0.0092744998113810928 0.016647722904320133 -0.0078987177432072696 -0.029723591342000713 0.068084670584457788 0.0013708862879323164 -0.04163140206946863 0.0080598142417008887
leaf_weight=133.72625111043453 116116.39365182072 61.686337113380432 22191.252825722098 67.402828574180603 536.24401140213013 18213.068123072386 1065.1764804273844 803.96890154480934 1043.5069822669029 60.588868364691734 19.453318327665329 887.17921841144562 23.68466217815876 250.10802346467972
leaf_count=540 466558 249 88997 270 2154 73140 4276 3223 4198 243 78 3556 95 1009
internal_value=-9.58223e-05 -0.000729848 -0.0018169 -0.0134538 -0.00982952 0.000723065 -0.00683037 -0.00151011 0.00224191 0.00732387 0.00863454 0.00792084 0.0149317 -0.00480945
internal_weight=161473 45357 25945.1 665.333 603.647 19412 1198.9 25279.7 3088.49 1794.87 1734.29 1714.83 827.654 1293.62
internal_count=648586 182028 104072 2673 2424 77956 4816 101399 12402 7195 6952 6874 3318 5207
is_linear=0
shrinkage=0.05


Tree=108
num_leaves=15
num_cat=0
split_feature=8 6 2 1 2 6 1 1 1 1 1 2 5 2
split_gain=10.8739 27.0793 15.4733 13.5969 11.2159 9.70215 17.8047 37.4885 26.9776 18.4376 21.2657 18.5818 25.2752 20.8399
threshold=-0.015088988468050955 0.0069563190918415794 0.029783169738948349 -0.024139321409165856 0.023755831643939022 0.0020649427315220241 -0.0016326375771313904 -0.00089898874284699548 -0.0022541886428371067 -0.002651913207955658 -0.0025108668487519021 -0.011621824465692042 0.13461538776755336 -0.02176778111606836
decision_type=2 2 2 2 2 2 2 2 2 2 2 2 2 2
left_child=1 3 -3 -1 5 6 8 -8 9 11 -11 13 -13 -2
right_child=4 2 -4 -5 -6 -7 7 -9 -10 10 -12 12 -14 -15
leaf_value=0.016832621840142604 0.0067301293843513082 0.0036571093513668588 -0.041487656660234212 -0.0086264439237980668 0.0048444261726688842 0.00031649799993809831 -0.0090507839680789969 -0.00075013019363951881 0.0083469054561399053 -0.019357874186389429 -0.0010797206687873792 -0.0011177467719963071 0.008001303171561969 -0.0025285804634952208
leaf_weight=53.599064782261848 725.64198112487793 1046.2389477193356 18.335006520152092 1388.2503218799829 1241.7659108191729 114606.36019001156 1418.9418999254704 32358.011124670506 1203.371375054121 242.41964083909988 459.93086989223957 1344.6042381227016 1745.6368349045515 3714.3564835041761
leaf_count=222 2918 4279 74 5627 4992 460354 5689 129868 4833 973 1845 5401 7017 14884
internal_value=6.15284e-05 -0.0032055 0.00284138 -0.00766902 0.000113029 7.57703e-05 -0.000562664 -0.00109909 0.00135744 0.000334894 -0.00740707 0.00105788 0.00403441 -0.00101423
internal_weight=161567 2506.42 1064.57 1441.85 159061 157819 43212.9 33777 9435.96 8232.59 702.351 7530.24 3090.24 4440
internal_count=648976 10202 4353 5849 638774 633782 173428 135557 37871 33038 2818 30220 12418 17802
is_linear=0
shrinkage=0.05


Tree=109
num_leaves=15
num_cat=0
split_feature=2 0 9 9 8 9 9 5 4 9 2 2 2 1
split_gain=9.38671 20.023 17.3323 34.513 14.5066 10.821 10.0088 19.4682 18.9583 24.4327 23.5232 48.2968 54.2042 40.599
threshold=-0.068305220454931245 -0.059566779062151902 0.041613588109612472 0.015860060229897503 0.0029986557783558969 0.030197517015039924 0.020283118821680549 0.25000000745058065 0.010065463837236168 0.025094754062592987 -0.014391312841325997 -0.01904042903333902 -0.019615366123616692 0.0035326032666489486
decision_type=2 2 2 2 2 2 2 2 2 2 2 2 2 2
left_child=1 2 3 -1 -4 -5 -2 -8 10 -10 11 12 13 -9
right_child=6 -3 4 5 -6 -7 7 8 9 -11 -12 -13 -14 -15
leaf_value=0.0012189090916231472 -0.00015105884656102034 -0.023023208415920704 0.0094632469687421523 -0.061872126839672761 0.064461170999494055 -0.015679840925572647 -0.0030125455621905594 0.0011892218957579963 -0.0066725801719442757 0.0031072229039797107 0.0028577868966884563 0.029209926432511808 -0.059915464594511483 0.031018274751069136
leaf_weight=275.09940108656883 152545.94662624598 137.88813963532448 60.053301110863686 30.001060046255589 14.136077731847761 22.945802137255669 1780.9559106379747 518.00441171228886 962.12681801617146 1894.5163395702839 2755.7563632279634 284.08372044563293 29.971443012356758 145.31694734096527
leaf_count=1226 612467 636 247 181 58 105 7143 2082 3899 7608 11040 1139 120 587
internal_value=-8.07903e-05 -0.00665509 -0.00100084 -0.00594758 0.0206605 -0.0425153 -5.86822e-05 0.00162458 0.00287808 -0.000187829 0.00522358 0.0118843 0.0047531 0.00776087
internal_weight=161457 540.124 402.236 328.046 74.1894 52.9469 160917 8370.73 6589.78 2856.64 3733.13 977.377 693.293 663.321
internal_count=648538 2453 1817 1512 305 286 646085 33618 26475 11507 14968 3928 2789 2669
is_linear=0
shrinkage=0.05


Tree=110
num_leaves=15
num_cat=0
split_feature=1 1 6 1 9 6 9 6 0 1 9 9 9 9
split_gain=10.3027 25.9514 30.535 24.576 32.6574 21.8993 17.852 36.8492 21.2884 17.4392 33.5595 73.1749 34.9618 47.4931
threshold=0.023858632892370227 0.036311125382781036 0.007891997694969179 0.017537609674036506 -0.06296867877244948 0.0025732999201864008 0.036263292655348785 0.0039788219146430501 0.0075626450125128039 0.0088368887081742304 0.00090333298430778097 0.00082335202023386966 -0.0042838132940232745 -0.0046203839592635623
decision_type=2 2 2 2 2 2 2 2 2 2 2 2 2 2
left_child=3 2 -2 9 -5 -6 -7 -8 -9 -1 11 12 13 -11
right_child=1 -3 -4 4 5 6 7 8 -10 10 -12 -13 -14 -15
leaf_value=0.00029131257574497113 -0.0019381573037807376 0.0016516477167756657 -0.012194321808278752 0.035892313010462626 -0.001302550220427956 0.0037550782975126194 -0.05807322513630158 0.019392654760663496 -0.016050930873232741 -0.0010223950298475389 -0.0026185671912323403 0.039716572921414076 0.0027896794202914321 -0.018714489715964847
leaf_weight=100777.46673429757 8476.5548330545425 5002.8995809927583 792.74802269786596 70.897225946187973 3421.3104393482208 8648.5828780829906 33.730882585048676 70.417968302965164 103.15506283938885 9184.4194429367781 16680.210772939026 117.2872908115387 7589.9116805493832 394.67548869550228
leaf_count=404776 34060 20134 3201 285 13741 34733 135 283 413 36879 67014 470 30477 1583
internal_value=3.22803e-05 -0.00125027 -0.00281653 0.000156733 0.00229158 0.00209464 0.00340708 -0.0110595 -0.00164288 -3.89228e-05 -0.0010187 0.000525136 0.000255109 -0.00175322
internal_weight=161364 14272.2 9269.3 147092 12348.1 12277.2 8855.89 207.304 173.573 134744 33966.5 17286.3 17169 9579.09
internal_count=648184 57395 37261 590789 49590 49305 35564 831 696 541199 136423 69409 68939 38462
is_linear=0
shrinkage=0.05


Tree=111
num_leaves=15
num_cat=0
split_feature=5 8 1 9 9 6 9 1 1 2 3 1 9 5
split_gain=12.6798 27.6605 20.2818 17.3867 30.396 23.1715 21.8472 21.7479 16.6173 16.559 16.9375 22.9676 16.0888 14.725
threshold=0.78846153616905224 0.008583845570683481 0.00906195677816868 0.00090333298430778097 -1.0000000180025095e-35 0.0038304125191643838 0.0011457629734650256 0.024352884851396087 0.010781278833746912 -0.00033911237551365042 -0.003002218902111053 0.0082728285342454928 0.032616043463349349 0.94230768084526073
decision_type=2 2 2 2 2 2 2 2 2 2 2 2 2 2
left_child=-1 2 9 4 -4 7 8 -6 -5 12 11 -11 -2 -3
right_child=1 13 3 6 5 -7 -8 -9 -10 10 -12 -13 -14 -15
leaf_value=0.0002480453639222121 -0.00045080651823871252 0.01131681722696079 -0.0019188954647367672 0.024721277494209732 0.0092700685320933115 0.031393333873091366 -0.0039325637732197253 -0.017072797698837898 -0.029258469633648324 0.029057081824114164 0.0001322305717828694 -0.0034458314449743407 0.011832790074821742 -0.0043641842114665362
leaf_weight=128517.78722290695 17775.78091711551 686.35881407558918 6116.3378901779652 15.234056219458578 524.80437110364437 98.304442837834358 6608.2465369403362 91.124183997511864 130.08232405781746 163.51795572042465 266.94998256862164 80.874652564525604 269.63001394271851 190.81000204384327
leaf_count=516136 71436 2782 24513 61 2101 394 26664 365 521 656 1071 325 1086 774
internal_value=2.3508e-05 -0.000850451 -0.00108963 -0.00255756 -0.00077868 0.00897459 -0.00435635 0.00535139 -0.0234693 -1.49729e-05 0.00884899 0.018331 -0.000266623 0.00790465
internal_weight=161536 33018.1 32140.9 13584.1 6830.57 714.233 6753.56 615.929 145.316 18556.8 511.343 244.393 18045.4 877.169
internal_count=648885 132749 129193 54619 27373 2860 27246 2466 582 74574 2052 981 72522 3556
is_linear=0
shrinkage=0.05


Tree=112
num_leaves=15
num_cat=0
split_feature=8 6 3 5 5 2 6 5 8 1 1 1 0 2
split_gain=11.421 19.7995 19.5356 18.887 24.7638 13.0316 9.60462 9.98664 9.85272 9.20602 12.4465 13.9517 12.1099 10.7869
threshold=-0.0093070548027753813 0.0071105430833995351 -0.015175585635006426 0.25000000745058065 0.51923078298568737 0.029783169738948349 0.0029109431197866802 0.71153846383094799 -0.010052301920950411 -0.011101994197815655 0.0011989679769612851 0.00081765599315986048 -0.048217911273241036 -0.05689458176493644
decision_type=2 2 2 2 2 2 2 2 2 2 2 2 2 2
left_child=1 2 9 -4 -5 -3 8 -8 -6 13 11 12 -11 -1
right_child=-2 5 3 4 6 -7 7 -9 -10 10 -12 -13 -14 -15
leaf_value=-0.015336591619099924 6.0882904936153252e-05 0.0032096376235379483 -0.0037308439627262817 0.0093449713986767172 -0.031750368359560042 -0.02547781519526195 -0.010006407207411042 0.0076926652340820389 -0.00054621812404188484 -0.040038910802644122 -0.0042904762651591244 -0.03885744249835351 -0.0088230087997546482 0.0058848958357806168
leaf_weight=73.79234766960144 152947.04188668728 1873.9680011868477 1627.5076349675655 844.12640097737312 59.446103051304817 39.449584946036339 158.58482824265957 158.23320513963699 43.564928874373436 31.160369947552681 1977.0650361478329 42.159882292151451 1008.457394272089 299.49467466771603
leaf_count=313 614188 7627 6535 3387 239 159 637 636 175 128 7989 170 4081 1215
internal_value=-3.67956e-05 -0.0018503 -0.00319866 -0.000170615 0.00441297 0.00260518 -0.00550217 -0.0011703 -0.0186858 -0.0057489 -0.0066533 -0.0109637 -0.00979622 0.00166001
internal_weight=161184 8237.01 6323.59 2891.46 1263.96 1913.42 419.829 316.818 103.011 3432.13 3058.84 1081.78 1039.62 373.287
internal_count=647479 33291 25505 11609 5074 7786 1687 1273 414 13896 12368 4379 4209 1528
is_linear=0
shrinkage=0.05


Tree=113
num_leaves=15
num_cat=0
split_feature=3 6 2 1 0 2 0 2 6 2 1 1 0 2
split_gain=7.91148 28.0296 11.9141 22.5793 11.7529 16.9765 10.9864 16.5476 35.0474 45.0421 41.723 37.3467 35.8405 30.0692
threshold=-0.052881149575114243 0.012913099490106108 -0.04190170764923095 0.013195487670600416 -0.042447328567504876 -0.068305220454931245 -0.027510260231792923 -0.02140919771045446 0.0050238918047398337 -0.023038412444293496 0.0098798735998570936 0.011357583105564119 -0.0031284338328987356 -0.017483618110418316
decision_type=2 2 2 2 2 2 2 2 2 2 2 2 2 2
left_child=1 -1 3 -3 -2 -6 -7 8 -8 10 12 -12 -10 -9
right_child=4 2 -4 -5 5 6 7 13 9 -11 11 -13 -14 -15
leaf_value=-0.012851841187444302 0.0044754313188876309 0.013786418886913674 -0.0071402836853292255 0.084944131120475941 -0.027940380745135576 -0.0025487853710500687 -9.2534410440555748e-05 -0.0030682316076439077 0.0044356342657496271 0.019078705958896124 -0.040144802675841362 -0.0035114228199647269 0.025763502492500642 2.8117089888457943e-05
leaf_weight=376.48960105329752 1424.4875023514032 57.481892339885235 36.131300538778305 13.006494276225565 53.67838191986084 4365.4044005423784 7708.0897139161825 8321.7002373337746 2377.7509783953428 545.62656846642494 80.409575805068016 480.24723781645298 213.86304324865341 135428.08837404847
leaf_count=1671 5876 265 149 55 237 17639 30969 33384 9553 2190 325 1943 868 543566
internal_value=-6.36678e-05 -0.00644594 0.0160835 0.027921 -4.44767e-05 -8.48526e-05 -7.53042e-05 -5.69533e-06 0.00182734 0.00582817 0.00352931 -0.00882751 0.00620489 -0.000151151
internal_weight=161482 483.109 106.62 70.4884 160999 159575 159521 155156 11406 3697.9 3152.27 560.657 2591.61 143750
internal_count=648690 2140 469 320 646550 640674 640437 622798 45848 14879 12689 2268 10421 576950
is_linear=0
shrinkage=0.05


Tree=114
num_leaves=15
num_cat=0
split_feature=5 1 9 2 2 9 2 9 9 2 9 9 9 9
split_gain=13.0466 13.2074 21.8307 20.3048 29.3056 18.4591 16.5759 21.7708 20.3056 14.3997 46.9547 23.6361 101.094 37.6792
threshold=0.82692307233810436 0.06886612251400949 0.0094584459438920038 -0.00083216693019494403 0.0086416294798254984 0.012326356023550035 0.029783169738948349 -0.033777330070734017 0.005163047695532442 0.023755831643939022 -0.06296867877244948 -0.010835906025022267 -0.0096724135801196081 -0.0393416229635477
decision_type=2 2 2 2 2 2 2 2 2 2 2 2 2 2
left_child=1 9 3 -3 -5 -4 7 -6 -8 -1 -11 13 -13 -12
right_child=-2 2 5 4 6 -7 8 -9 -10 10 11 12 -14 -15
leaf_value=6.7463678439911307e-05 -0.0011385427937161416 0.03471343307748944 -0.072961464002742879 -0.055174968329180452 0.053200520076180119 -0.016793419714264915 -0.022629075844073993 0.0017848917076536354 0.029369575145577129 -0.062491606343115895 -0.011419913119235707 -0.10087747038620612 0.0075730141200448815 0.035926644749631913
leaf_weight=133885.98221059889 26248.781138256192 36.310623243451118 15.232118785381315 24.903201058506966 26.890715822577477 164.12931658327579 91.328302159905434 78.919416233897209 22.651979193091393 22.894848465919495 57.240988329052925 21.303000539541245 588.14462094008923 152.96620163321495
leaf_count=537721 105552 147 62 100 108 661 367 317 91 92 230 86 2364 616
internal_value=-0.000118489 7.95751e-05 -0.00836569 0.000346676 -0.00487361 -0.0219415 0.00104983 0.0152275 -0.0121295 0.000108494 0.00662069 0.00862496 0.00362313 0.0230408
internal_weight=161438 135189 460.366 281.004 244.694 179.361 219.79 105.81 113.98 134729 842.55 819.655 609.448 210.207
internal_count=648514 542962 1853 1130 983 723 883 425 458 541109 3388 3296 2450 846
is_linear=0
shrinkage=0.05


Tree=115
num_leaves=15
num_cat=0
split_feature=8 6 5 6 8 1 8 6 1 6 6 1 1 1
split_gain=10.5113 20.1954 12.6164 18.1891 12.2032 10.5627 8.95229 12.1117 15.0343 14.6702 10.1036 26.8403 36.8163 36.2389
threshold=-0.015088988468050955 0.005236939527094365 0.82692307233810436 0.0039266860112547883 -0.023488578386604782 0.06886612251400949 0.015463388524949552 0.0031365622999146585 0.011948236264288427 0.00041730428347364073 0.004581260960549117 0.033487042412161834 0.023392654955387119 0.024847012944519523
decision_type=2 2 2 2 2 2 2 2 2 2 2 2 2 2
left_child=1 2 -1 -4 -5 -3 10 8 -8 -10 -2 12 -12 -14
right_child=6 5 3 4 -6 -7 7 -9 9 -11 11 -13 13 -15
leaf_value=-0.0067616269451448441 -0.00012190745575263298 0.00099580952559530952 -0.046555225680252513 -0.04298223910168289 0.0057640993413918783 -0.024389964308606505 -0.013976836088487356 -0.0043642601024910712 -0.0055228132854779873 0.018909766438471115 0.0010893920347022374 0.0052721916070062446 -0.017016106010735384 -0.0022947057295909798
leaf_weight=860.5005878508091 130410.17857605219 1510.341720238328 50.429277554154396 16.246385231614113 49.528004035353661 41.118456214666367 76.064962446689606 2152.3450189232826 90.485823050141335 187.93727096915245 20166.139295175672 3164.590394705534 518.22195868194103 2147.4082297310233
leaf_count=3493 523473 6163 207 67 203 167 305 8697 363 754 81194 12736 2080 8637
internal_value=-4.08988e-05 -0.00323891 -0.00886719 -0.0242684 -0.00673971 0.000307731 9.99874e-06 -0.0029537 0.005599 0.010978 5.75185e-05 0.000957575 0.000359344 -0.00516198
internal_weight=161442 2528.16 976.704 116.204 65.7744 1551.46 158913 2506.83 354.488 278.423 156407 25996.4 22831.8 2665.63
internal_count=648539 10300 3970 477 270 6330 638239 10119 1422 1117 628120 104647 91911 10717
is_linear=0
shrinkage=0.05


Tree=116
num_leaves=15
num_cat=0
split_feature=1 9 9 1 9 9 2 9 2 1 9 9 9 9
split_gain=7.9674 34.1889 37.6136 22.3542 39.123 60.7256 45.5783 39.5918 22.0742 37.6224 46.652 35.4569 30.2072 47.9582
threshold=-0.015236723702400921 0.032616043463349349 0.022777641192078594 -0.011101994197815655 0.032616043463349349 0.021082832477986816 -0.05689458176493644 0.020283118821680549 -0.031893284991383546 -0.016574551351368424 -0.0052075474523007861 -0.025125470943748947 0.017820331268012527 0.01543990056961775
decision_type=2 2 2 2 2 2 2 2 2 2 2 2 2 2
left_child=1 2 8 4 5 7 -6 -2 12 10 11 -10 13 -1
right_child=3 -3 -4 -5 6 -7 -8 -9 9 -11 -12 -13 -14 -15
leaf_value=0.00065211980474275772 0.0042348455564585061 0.011973381926166033 -0.023378797010505332 -4.1231503993453883e-05 0.051894111088314487 0.034023395107506876 -0.032026485592085242 -0.054663511271989179 0.027989612639136099 -0.021548970268833061 0.0069659264188041319 -0.028427661540414758 0.027844869432436539 -0.040649304124635521
leaf_weight=2000.5509732812643 2846.2041331976652 379.39287900924683 228.50063815712929 154507.44603550434 17.652309387922287 173.53542323410511 124.78179378807545 27.825161352753639 31.658463552594185 356.21920967102051 491.13801930844784 194.32236281037331 95.321052864193916 71.845044508576393
leaf_count=8172 11442 1536 945 620480 71 698 500 112 128 1431 1970 783 405 289
internal_value=-1.05454e-05 -0.00225786 -0.00381703 4.43191e-05 0.00418667 0.00538617 -0.0213367 0.0036458 -0.0024311 -0.00829159 -0.00168532 -0.0204355 0.000473182 -0.000798617
internal_weight=161546 3848.95 3469.56 157697 3190 3047.56 142.434 2874.03 3241.06 1073.34 717.119 225.981 2167.72 2072.4
internal_count=648962 15659 14123 633303 12823 12252 571 11554 13178 4312 2881 911 8866 8461
is_linear=0
shrinkage=0.05


Tree=117
num_leaves=15
num_cat=0
split_feature=2 2 5 9 9 9 5 1 0 1 4 9 2 9
split_gain=10.7232 21.7329 20.7868 22.3468 29.9371 29.6485 24.0292 20.1324 22.0951 21.2767 19.6632 20.5898 19.2745 22.3499
threshold=-0.011621824465692042 -0.010271782986819742 0.63461539149284374 0.0053634871728718289 0.0055743090342730292 0.0046730416361242541 0.94230768084526073 -0.0067839692346751681 -0.01542483316734433 -0.0038207513280212875 0.028626702725887302 0.0042185771744698295 -0.018784416839480397 0.0065800629090517768
decision_type=2 2 2 2 2 2 2 2 2 2 2 2 2 2
left_child=2 -2 -1 5 -5 6 10 -7 -9 -10 -4 -12 -6 -14
right_child=1 -3 3 4 12 7 -8 8 9 -11 11 -13 13 -15
leaf_value=-0.0016036021516156473 0.0030732516947072582 7.1232773039613115e-05 0.0026940357159698936 -0.02597163605040256 0.0010435059256535604 0.035894130897346596 -0.0047201666201065369 -0.0081391065078211377 -0.018324195215012742 0.02241045136940463 -0.0055047468280766294 0.043091654792931304 -0.015472864201579194 -0.0026497951380176884
leaf_weight=25898.95839830488 6382.2362787127495 108579.61982290447 10435.413237437606 124.49336647987366 3801.4857995659113 84.34581895172596 1484.6075315624475 126.57897613942623 36.206327319145203 240.00264187157154 1029.083353087306 21.276418954133987 389.20311014354229 2636.7666832208633
leaf_count=104122 25618 435895 41838 501 15492 340 5979 511 145 963 4182 88 1565 10623
internal_value=-2.08488e-05 0.000237919 -0.000663237 0.000530077 -0.00177169 0.00171918 0.00126381 0.0138164 0.00911573 0.017024 0.00203762 -0.00448031 -0.00132668 -0.00430368
internal_weight=161270 114962 46308.4 20409.5 6951.95 13457.5 12970.4 487.134 402.788 276.209 11485.8 1050.36 6827.46 3025.97
internal_count=647862 461513 186349 82227 28181 54046 52087 1959 1619 1108 46108 4270 27680 12188
is_linear=0
shrinkage=0.05


Tree=118
num_leaves=15
num_cat=0
split_feature=8 1 6 2 9 6 2 1 6 9 9 2 9 1
split_gain=12.4936 11.0489 27.3682 25.9704 37.2149 23.3413 25.903 21.1809 30.6862 20.3514 29.6191 32.6987 27.2729 21.5362
threshold=0.019460854120552543 0.036311125382781036 0.0043970958795398482 0.0044304821640253076 0.025094754062592987 0.0027109090005978946 0.011980047449469568 0.027869404293596748 0.011636431328952314 0.027922209352254871 0.0049825813621282586 0.0067617981694638738 0.0016769809299148621 0.056999616324901588
decision_type=2 2 2 2 2 2 2 2 2 2 2 2 2 2
left_child=1 7 3 4 -3 6 -5 -1 -9 10 11 -7 13 -13
right_child=-2 2 -4 5 -6 9 -8 8 -10 -11 -12 12 -14 -15
leaf_value=-4.3826289636826523e-05 -0.0050446384821945453 -0.026256990423812507 0.0049852862578284593 0.047390430347289229 0.046947028428395002 0.038691970334977226 0.0053622792282355305 -0.00281937182222112 -0.029812420771597622 0.029132712751562973 -0.015648240269381355 -0.0038033889564462599 0.024603194894502439 -0.046851705889183096
leaf_weight=150773.3998824358 1274.4891606941819 189.62315973639488 3114.2664239108562 44.956466436386108 18.188053742051125 54.0606489777565 182.92559780180454 4654.3389907926321 106.74133063107729 43.659249946475029 405.56762772798538 388.53716051578522 80.315334871411324 30.425992205739021
leaf_count=605597 5157 761 12538 181 73 217 737 18720 436 175 1639 1559 322 122
internal_value=-0.000115721 -7.64497e-05 0.00235122 -0.00335182 -0.0196559 -0.000584488 0.0138244 -0.000147523 -0.00343068 -0.00387012 -0.00540153 0.00212343 -0.00190555 -0.00703377
internal_weight=161361 160087 4552.53 1438.26 207.811 1230.45 227.882 155534 4761.08 1002.57 958.907 553.339 499.278 418.963
internal_count=648234 643077 18324 5786 834 4952 918 624753 19156 4034 3859 2220 2003 1681
is_linear=0
shrinkage=0.05


Tree=119
num_leaves=15
num_cat=0
split_feature=2 1 1 1 2 1 2 1 1 9 9 9 1 0
split_gain=10.6889 28.3942 26.9006 58.0801 53.0019 33.9829 27.2636 33.4967 28.4482 26.5906 25.1614 24.139 47.0331 60.9976
threshold=-0.011621824465692042 -0.002651913207955658 0.010781278833746912 0.010919930413365366 -0.012202159501612185 0.010631919372826816 -0.02902796026319265 0.011497208848595621 0.049988374114036567 -1.0000000180025095e-35 -0.048088205978274338 0.036263292655348785 0.030239962041378025 0.0094335186295211333
decision_type=2 2 2 2 2 2 2 2 2 2 2 2 2 2
left_child=2 -2 5 -4 6 -1 7 -5 10 -6 -8 -3 13 -13
right_child=1 11 3 4 9 -7 8 -9 -10 -11 -12 12 -14 -15
leaf_value=-0.00034821278144579385 0.0040542301113815687 0.00018664308328732919 -0.053039213247233263 -0.056117424033663744 -0.007183565930447275 0.034795113521175529 -0.025580523821530948 -0.0090454437913707851 0.02923189658882468 -0.041474252676144241 -4.6327867987809265e-05 -0.0025450390393858091 0.0043973515061482647 -0.034110025187087549
leaf_weight=42892.111621521413 4764.0457436293364 109292.26648449898 60.723849937319756 40.317480817437172 98.289654970169067 67.898948684334755 99.687849834561348 452.81743633002043 78.79117226600647 133.678178191185 2307.7523464858532 350.66466738283634 487.5596464574337 270.8366667330265
leaf_count=172534 19142 438749 245 167 394 273 400 1876 322 540 9294 1404 1957 1084
internal_value=1.74312e-05 0.00027524 -0.000624771 -0.00499425 -0.00406953 -0.00029186 -0.0022728 -0.0129997 -0.000140783 -0.0270378 -0.00111384 0.000112134 -0.00722392 -0.0163331
internal_weight=161397 115165 46232.1 3272.06 3211.33 42960 2979.37 493.135 2486.23 231.968 2407.44 110401 1109.06 621.501
internal_count=648381 462336 186045 13238 12993 172807 12059 2043 10016 934 9694 443194 4445 2488
is_linear=0
shrinkage=0.05


Tree=120
num_leaves=15
num_cat=0
split_feature=1 2 1 6 1 2 4 2 2 1 1 3 6 1
split_gain=8.49895 23.6569 34.7709 24.353 19.1187 18.4544 17.7327 20.8822 16.6483 19.7589 50.1262 27.7851 24.5606 22.9616
threshold=-0.015236723702400921 -0.031893284991383546 -0.018114853650331494 0.0032173327635973696 -0.012440655846148728 -0.033194135874509804 0.010687066707760097 -0.025043557398021218 -0.034351140260696404 0.0078456075862050074 0.0043760198168456563 -0.035667691379785531 0.008424345403909685 0.003049827530048788
decision_type=2 2 2 2 2 2 2 2 2 2 2 2 2 2
left_child=1 -1 3 -3 5 -2 7 -4 9 10 12 -12 -6 -14
right_child=4 2 6 -5 8 -7 -8 -9 -10 -11 11 -13 13 -15
leaf_value=0.00029937361026299066 0.013325824323546443 0.011628656710106908 -0.027900048804448713 -0.012666741496910799 -0.0067412792144286833 0.0021882049746410398 0.0037857540156307611 -0.0088510377301466003 0.00016406403568654837 -0.013687542661362248 0.037203753111733288 -0.0089896523280212116 0.0097076302092572245 -0.035294912819477289
leaf_weight=2711.5569267421961 503.48790821433067 276.89844258129597 300.97870194911957 163.05189688503742 1683.7742131501436 1417.4669682681561 101.93291683495045 277.35300488770008 152903.37875048816 424.22638779878616 118.75114893913269 44.243140831589699 405.12489411234856 29.495781928300858
leaf_count=11093 2041 1112 1210 656 6823 5684 412 1113 613835 1786 487 181 1691 128
internal_value=9.98739e-05 -0.00222648 -0.00833531 0.00261613 0.000156474 0.00511282 -0.0154114 -0.0187957 9.52568e-05 -0.00379189 -0.0019466 0.0246867 -0.00400651 0.0065795
internal_weight=161362 3831.77 1120.21 439.95 157530 1920.95 680.265 578.332 155609 2705.62 2281.39 162.994 2118.39 434.621
internal_count=648252 15596 4503 1768 632656 7725 2735 2323 624931 11096 9310 668 8642 1819
is_linear=0
shrinkage=0.05


Tree=121
num_leaves=15
num_cat=0
split_feature=5 1 1 4 9 2 1 1 1 9 5 2 2 1
split_gain=8.69244 10.2771 12.6144 10.1612 16.5853 24.4188 18.2195 14.9137 19.8137 10.6019 18.2378 21.7011 34.3961 32.6436
threshold=0.82692307233810436 0.00906195677816868 0.0091851190663874167 0.044264547526836402 -0.010835906025022267 -0.0081349215470254404 0.021085012704133991 0.015694364905357364 0.017537609674036506 0.020283118821680549 0.25000000745058065 -0.014391312841325997 -0.015718277543783184 -0.0016326375771313904
decision_type=2 2 2 2 2 2 2 2 2 2 2 2 2 2
left_child=3 -2 -3 9 -5 6 7 -6 -9 -1 -11 12 -12 -13
right_child=1 2 -4 4 5 -7 -8 8 -10 10 11 13 -14 -15
leaf_value=0.00017971540318784603 0.00011566582832648665 -0.018784833467502607 -0.0017160057226857036 0.0053665693685910065 -0.01277667605520367 0.030037936902790514 -0.038492798751496596 0.064853559044387901 -0.012434587685137324 -0.002183371290052423 0.0060086120463014644 0.029401370177228665 0.031719952351760769 0.00028640358301844446
leaf_weight=127534.74227356911 15000.896782666445 108.31283089518547 11181.246323660016 229.67729921638966 356.65530852973461 32.962703481316566 63.977354846894741 14.020331993699076 17.925288572907448 1776.3835748285055 1794.5537623912096 98.325450465083122 139.34500388801098 3133.5873416215181
leaf_count=512039 60322 436 44978 945 1579 134 277 59 76 7127 7253 396 560 12566
internal_value=8.98984e-05 -0.000741953 -0.00188141 0.000251671 -0.00568807 -0.0109176 -0.0139601 -0.00983276 0.0224246 0.000283303 0.00218601 0.00368865 0.00787665 0.001181
internal_weight=161483 26290.5 11289.6 135192 715.218 485.541 452.578 388.601 31.9456 134477 6942.2 5165.81 1933.9 3231.91
internal_count=648747 105736 45414 543011 3070 2125 1991 1714 135 539941 27902 20775 7813 12962
is_linear=0
shrinkage=0.05


Tree=122
num_leaves=15
num_cat=0
split_feature=0 2 2 3 2 9 9 1 1 9 2 9 1 9
split_gain=10.7314 25.8379 31.5351 27.1215 47.693 30.7493 33.923 47.7622 39.3316 38.2808 35.1126 35.0633 26.5773 24.566
threshold=-0.013143151067197321 -0.02140919771045446 -0.021008808165788647 -0.016203987412154671 -0.023505750112235543 0.041613588109612472 0.013161337468773128 0.004295722348615528 0.014931465499103071 0.030197517015039924 -0.031893284991383546 -0.0032286819769069548 0.024847012944519523 -0.0013072981964796779
decision_type=2 2 2 2 2 2 2 2 2 2 2 2 2 2
left_child=-1 3 13 4 12 6 11 -8 10 -10 -9 -5 -2 -3
right_child=1 2 -4 5 -6 -7 7 8 9 -11 -12 -13 -14 -15
leaf_value=-0.00092682292638342125 -0.039933012764382991 -0.04697726359431996 0.00012475543237250436 0.0017090009634922296 0.032098802839670024 0.029829222571569249 -0.019746481775763242 -0.036825252765729705 -0.045309671753759329 0.046239740294091961 0.049214385036886112 0.015813928754852626 0.0094381437710582463 -0.0077018186699233764
leaf_weight=25497.473656281829 104.81492519378662 58.919217959046364 133470.540180251 947.32990361750126 43.495262578129768 134.25861516594887 273.97233527898788 13.276729106903074 37.137533128261566 15.37691819667816 75.515332952141762 823.16877534985542 36.268880948424339 120.16873340308666
leaf_count=102922 423 236 535725 3807 175 545 1101 56 150 62 304 3303 148 482
internal_value=1.45577e-05 0.000190855 9.65445e-05 0.00522132 -0.0131778 0.00669018 0.0052559 -0.00759241 0.0159457 -0.0181397 0.0360824 0.00827212 -0.0272639 -0.0208124
internal_weight=161652 136154 133650 2504.62 184.579 2320.04 2185.78 415.279 141.307 52.5145 88.7921 1770.5 141.084 179.088
internal_count=649439 546517 536443 10074 746 9328 8783 1673 572 212 360 7110 571 718
is_linear=0
shrinkage=0.05


Tree=123
num_leaves=15
num_cat=0
split_feature=3 6 9 6 1 6 2 9 1 1 2 9 9 1
split_gain=10.1288 19.3607 30.6314 20.5405 10.3539 13.8813 20.8784 11.1127 10.176 11.9939 17.4008 11.5221 18.6529 10.1306
threshold=-0.052881149575114243 0.010726655367761852 -0.014873661100864409 0.0048777011688798675 -0.0082276077009737474 0.015405554324388506 -0.039388114586472504 0.0027129113441333179 0.049988374114036567 0.023392654955387119 -0.045166904106736176 0.0080603035166859644 -0.0023930124007165428 0.019012885168194774
decision_type=2 2 2 2 2 2 2 2 2 2 2 2 2 2
left_child=1 3 13 -1 7 -6 -7 -4 9 10 11 12 -5 -3
right_child=-2 2 4 8 5 6 -8 -9 -10 -11 -12 -13 -14 -15
leaf_value=0.024765496190692488 8.5275646007845741e-05 0.06072521157857752 -0.068531802044267356 -0.016395161769225827 -0.012877484517875418 0.051884609379627904 -0.023857923104323522 -0.0088086146593384183 0.02398402335974566 -0.053804633938846616 0.030073153672286371 -0.0041440386910094953 -0.054357661206420375 0.012058994775817301
leaf_weight=28.136342257261276 160743.91702215374 25.957024842500687 11.123309835791586 94.735640451312065 60.881630547344685 24.553831532597542 13.391227483749388 22.790524378418922 11.982308551669119 25.399311795830727 16.614032000303268 64.119994111359119 49.275560021400452 18.722155183553696
leaf_count=124 645598 107 48 402 297 110 55 112 49 110 70 308 218 78
internal_value=6.38758e-05 -0.0072758 0.00571704 -0.0152099 -0.00639124 0.00185948 0.025228 -0.0297989 -0.0195786 -0.0217525 -0.0179079 -0.0218634 -0.0296699 0.0410428
internal_weight=161212 467.683 177.42 290.263 132.741 98.8267 37.9451 33.9138 262.127 250.145 224.745 208.131 144.011 44.6792
internal_count=647686 2088 807 1281 622 462 165 160 1157 1108 998 928 620 185
is_linear=0
shrinkage=0.05


Tree=124
num_leaves=15
num_cat=0
split_feature=1 5 1 2 0 2 1 2 1 0 6 3 1 1
split_gain=9.10593 25.8474 27.0842 29.634 40.4623 32.1764 25.1087 51.4022 32.0628 33.5617 41.6054 38.8907 30.4184 40.0617
threshold=0.0083948415704071539 0.48076923191547399 0.0092948661185801047 -0.0015628372784703968 0.0067880060523748407 -0.002116821706295013 0.004295722348615528 -0.003821770078502595 0.0045627732761204251 -0.0018075896077789364 0.0021701348014175896 -0.039105381816625588 0.0073203539941459903 0.0072056746575981387
decision_type=2 2 2 2 2 2 2 2 2 2 2 2 2 2
left_child=6 -2 3 5 -5 -3 7 -1 -8 11 -11 -10 13 -13
right_child=1 2 -4 4 -6 -7 8 -9 9 10 -12 12 -14 -15
leaf_value=0.0002208513318943923 0.00069331865476128431 -0.0043145487498669295 -0.00099855438003429681 -0.020927231229514509 0.0018632192994586056 0.022020215600548038 0.007871778187153556 -0.0040085160197057606 0.024374497892357242 -0.00052784789942499847 0.0044476410559980452 -0.0034260202357347318 0.0040238211867430597 -0.030333166583431562
leaf_weight=64397.985618054867 25301.447717577219 1704.837960600853 35063.855428151786 607.3248185813427 286.23789808154106 123.46223518252373 1867.9991341978312 8085.1339191496372 137.40997469425201 7488.1239435970783 9571.7050724625587 5194.4557193219662 1448.934479996562 141.14471037685871
leaf_count=258786 101589 6869 140978 2441 1149 496 7509 32401 563 30055 38434 20863 5821 567
internal_value=-7.46198e-05 -0.000543463 -0.00137161 -0.00617534 -0.0136328 -0.00252514 0.000226177 -0.000250962 0.00156404 0.00107241 0.00226383 -0.00186387 -0.0023988 -0.00414336
internal_weight=161420 63087.2 37785.7 2721.86 893.563 1828.3 98332.9 72483.1 25849.8 23981.8 17059.8 6921.94 6784.53 5335.6
internal_count=648521 253522 151933 10955 3590 7365 394999 291187 103812 96303 68489 27814 27251 21430
is_linear=0
shrinkage=0.05


Tree=125
num_leaves=15
num_cat=0
split_feature=2 2 6 1 2 1 1 1 3 0 2 2 2 6
split_gain=9.43623 27.3037 19.1552 20.2765 27.4571 25.0404 23.769 49.36 23.406 21.1357 22.8143 20.2731 31.4459 23.8433
threshold=-0.011621824465692042 -0.0099110980518162233 0.0027497863629832868 0.0098798735998570936 -0.003287799889221787 -0.0012463933671824632 0.019859408959746364 0.024352884851396087 -0.0038096852367743845 0.0027626082301139836 -0.0074055197183042756 -0.0059781803283840409 -0.0061664620880037537 0.0057812852319329986
decision_type=2 2 2 2 2 2 2 2 2 2 2 2 2 2
left_child=-1 -2 -3 5 6 8 9 -8 -4 -5 -11 12 -12 -13
right_child=1 2 3 4 -6 -7 7 -9 -10 10 11 13 -14 -15
leaf_value=-0.00067744176612255882 0.0029416886543901753 -0.00065006719533376115 -0.016279616123274457 -0.00071614807534614794 0.00066239398278920402 0.0025685194372166847 0.011972190759096146 -0.0052520817957404644 1.4265078360165727e-05 -0.016489435649149137 -0.0028397689854409731 -0.0060267167365719082 0.0281193019165841 -0.025448353626059281
leaf_weight=46365.199125558138 8233.1548804789782 58934.39498360455 339.16930791735649 1659.4436549395323 25133.963091492653 15876.765137419105 707.08385357260704 1007.220135435462 626.00399172306061 599.40509289503098 446.88509984314442 1257.6064899116755 99.422170281410217 179.96804659068584
leaf_count=186615 33054 236575 1360 6670 100933 63739 2840 4049 2514 2405 1793 5047 399 722
internal_value=-7.5207e-05 0.000167391 -4.63687e-05 0.000695887 -6.10076e-05 0.00209307 -0.00311279 0.0018551 -0.00572245 -0.00512006 -0.00794766 -0.00535986 0.00283554 -0.00847409
internal_weight=161466 115100 106867 47932.9 31091 16841.9 5957.03 1714.3 965.173 4242.73 2583.29 1983.88 546.307 1437.57
internal_count=648715 462100 429046 192471 124858 67613 23925 6889 3874 17036 10366 7961 2192 5769
is_linear=0
shrinkage=0.05


Tree=126
num_leaves=15
num_cat=0
split_feature=4 6 1 5 1 1 1 1 6 6 5 0 1 1
split_gain=9.54008 11.1248 22.8164 42.7405 22.8037 20.7427 40.4336 32.3389 28.4321 27.9167 24.3015 23.7046 22.2543 18.4668
threshold=0.0013627255102619531 0.0028704117285087709 -0.002651913207955658 0.40384615957736975 -0.003077991539612412 -0.00089898874284699548 -0.0016326375771313904 1.0000000180025095e-35 0.0020649427315220241 0.0015440883580595257 0.40384615957736975 -0.0069388728588819495 0.00054242691840045165 -0.0038207513280212875
decision_type=2 2 2 2 2 2 2 2 2 2 2 2 2 2
left_child=-1 2 3 13 -5 6 9 8 -7 10 -4 -11 -9 -2
right_child=1 -3 5 4 -6 7 -8 12 -10 11 -12 -13 -14 -15
leaf_value=0.00070350475644916576 -0.0045685276972675217 0.00028168972042369992 -0.0012545476202492677 0.0028020747847844274 0.012738420602999387 -0.00032398784513143193 -0.010181078375164484 -0.0070206730320544588 0.0097654493099931187 -0.0073141554665028825 0.01910549322196374 0.0045394273512898899 -0.00095005804836601935 0.0040312726558490155
leaf_weight=40625.979765355587 3098.3165412247181 62390.983730792999 285.16444140672684 6426.6077684164047 633.57962174713612 1502.7440500855446 1797.7675947695971 1569.9988089650869 1303.2135414779186 1241.6526028364897 300.27978141605854 637.64558352530003 38709.930404722691 780.8575617223978
leaf_count=163089 12439 251004 1145 25784 2543 6028 7211 6299 5229 4981 1206 2560 155426 3135
internal_value=4.07857e-05 -0.00018232 -0.00067899 0.001379 0.00369544 -0.00115449 -0.00448132 -0.000825264 0.00436381 -0.000321517 0.00920308 -0.00329196 -0.00118684 -0.00283684
internal_weight=161305 120679 58287.8 10939.4 7060.19 47348.4 4262.51 43085.9 2805.96 2464.74 585.444 1879.3 40279.9 3879.17
internal_count=648079 484990 233986 43901 28327 190085 17103 172982 11257 9892 2351 7541 161725 15574
is_linear=0
shrinkage=0.05


Tree=127
num_leaves=15
num_cat=0
split_feature=2 2 9 1 1 9 9 6 3 9 2 9 2 1
split_gain=9.66811 33.5177 45.6637 45.1037 58.436 57.5675 47.6222 52.66 36.7595 32.6432 31.5146 42.7909 42.7444 34.9578
threshold=-0.00063837229390628625 -0.0012713922187685964 -0.020877634175121781 0.0099987750872969645 0.0065064842347055682 -0.0047555991914123288 0.0054654201958328494 0.0018675865721888842 -0.0075133135542273513 -0.018736532889306542 0.0033154254779219632 -0.048088205978274338 0.0040921950712800035 0.049988374114036567
decision_type=2 2 2 2 2 2 2 2 2 2 2 2 2 2
left_child=1 -1 8 4 -4 9 -7 -8 -3 -5 11 -2 13 -12
right_child=10 2 3 5 -6 6 7 -9 -10 -11 12 -13 -14 -15
leaf_value=-8.5680577038882463e-05 0.046800402697761978 0.0050946972276523896 -0.001752461702477664 0.040103736917831236 -0.016987143829399653 0.015830019553795482 -0.053063053552470874 0.0012739050708546252 -0.058005594109135465 -0.019322480511570723 -0.0056086321631123488 0.0018711180559855961 0.00016342329463807484 -0.06758979010397545
leaf_weight=109442.69706113636 52.12495157122612 34.198130190372467 1586.0230090171099 23.94383704662323 1042.9021880030632 747.87248586118221 48.186395674943924 476.63332940638065 69.041341945528984 325.52037261426449 3119.580316349864 21944.37986689806 22457.558417350054 21.925899103283882
leaf_count=439825 209 137 6362 96 4187 3000 194 1915 277 1307 12523 88084 90230 88
internal_value=-6.58826e-06 -0.000256863 -0.0045584 -0.00375576 -0.00780027 0.00279967 0.00773589 -0.00380648 -0.0372552 -0.015148 0.00059179 0.00197971 -0.000600838 -0.0060626
internal_weight=161393 113797 4354.32 4251.08 2628.93 1622.16 1272.69 524.82 103.239 349.464 47595.6 21996.5 25599.1 3141.51
internal_count=648434 457300 17475 17061 10549 6512 5109 2109 414 1403 191134 88293 102841 12611
is_linear=0
shrinkage=0.05


Tree=128
num_leaves=15
num_cat=0
split_feature=2 9 9 9 1 9 6 7 9 4 9 9 4 9
split_gain=9.93621 13.7142 17.5152 24.3741 13.4814 13.1223 10.6667 14.174 10.628 40.7275 11.8075 16.5809 15.4997 13.9615
threshold=-0.068305220454931245 0.05140319652855397 0.018907665275037292 0.030197517015039924 -0.024139321409165856 -0.027262407355010506 0.0063387923873960981 0.00017345451487926769 -0.01705721020698547 0.044264547526836402 0.014663514681160452 0.0094584459438920038 0.044264547526836402 -0.012411925476044415
decision_type=2 2 2 2 2 2 2 2 2 2 2 2 2 2
left_child=1 2 5 -4 -5 -1 7 -7 9 -8 11 13 -12 -10
right_child=-2 -3 3 4 -6 6 8 -9 10 -11 12 -13 -14 -15
leaf_value=-0.025383892060552721 3.9052877637165617e-05 0.013171844604714517 -0.056542960888621686 0.0088199003500068866 -0.046451649345559072 -0.0019860184645258258 -0.028664604199522156 0.053486372287677497 -0.036784032583954428 0.090242310964573594 0.067908322758030132 -0.044904807735663285 -0.0068803497203204266 0.00044422537631342196
leaf_weight=63.748873740434647 160782.77430084348 73.795193821191788 42.642353340983391 39.979754269123077 14.1198243945837 27.33441124856472 15.495138972997665 18.81212106347084 29.470579460263252 11.909705609083176 10.24066047370434 31.621417790651321 17.634543731808662 145.02583861351013
leaf_count=273 645686 303 268 170 69 125 67 84 126 50 49 159 95 648
internal_value=1.62528e-05 -0.00673705 -0.00989748 -0.0287346 -0.00618704 -0.00492541 -0.000616177 0.0212827 -0.00454853 0.0243682 -0.00802449 -0.012171 0.0219954 -0.006017
internal_weight=161325 541.83 468.035 96.7419 54.0996 371.293 307.544 46.1465 261.398 27.4048 233.993 206.118 27.8752 174.496
internal_count=648172 2486 2183 507 239 1676 1403 209 1194 117 1077 933 144 774
is_linear=0
shrinkage=0.05


Tree=129
num_leaves=15
num_cat=0
split_feature=8 5 1 1 1 6 2 3 1 6 2 1 6 5
split_gain=7.88054 19.2589 14.599 13.7357 15.7899 18.6974 13.5661 11.5021 11.0092 24.8269 20.6111 20.3759 17.7993 16.872
threshold=0.0028741512214764957 0.25000000745058065 0.0043760198168456563 0.033487042412161834 0.030239962041378025 0.0025363566819578414 0.0051507039461284885 -0.019974213093519207 0.022533345967531208 0.0034074623836204414 0.0086416294798254984 0.036311125382781036 0.0076745098922401675 0.59615385532379161
decision_type=2 2 2 2 2 2 2 2 2 2 2 2 2 2
left_child=8 2 -2 4 -3 6 -6 -7 -1 -10 11 12 -11 -13
right_child=1 3 -4 -5 5 7 -8 -9 9 10 -12 13 -14 -15
leaf_value=0.00035867224145802722 -0.0013531862826710169 -0.0013925422115478431 0.0024009149474354449 0.0025306925894480851 -0.019196240402750944 -0.050790282814213154 0.030609829252509699 -0.011154355231407969 -0.0050933541313858514 -0.0025209984983180257 0.0035077655421914323 0.01544508395507483 -0.013555370411645215 0.00022105207727825604
leaf_weight=110698.35900086164 3900.4901684373617 26577.18826200068 7702.129899263382 2201.7293730005622 18.671931609511375 18.073283590376377 44.92463044822216 523.55938263237476 3094.3877533227205 2433.1290761381388 2884.4872526973486 249.64887045323849 429.23289158195257 664.49108177423477
leaf_count=444678 15648 106831 30931 8868 75 78 181 2104 12440 9785 11596 1008 1739 2678
internal_value=1.29895e-05 -0.000585869 0.00113888 -0.00126692 -0.0015746 -0.00955371 0.015916 -0.0125681 0.000216766 -0.00139338 0.00032597 -0.00210457 -0.00417984 0.00439102
internal_weight=161441 40986.8 11602.6 29384.1 27182.4 605.229 63.5966 541.633 120454 9755.38 6660.99 3776.5 2862.36 914.14
internal_count=648640 164716 46579 118137 109269 2438 256 2182 483924 39246 26806 15210 11524 3686
is_linear=0
shrinkage=0.05


Tree=130
num_leaves=15
num_cat=0
split_feature=0 9 9 9 6 0 9 9 9 9 9 9 9 9
split_gain=7.81771 19.3272 45.5181 32.5697 25.5548 28.8898 20.6327 20.3991 19.0604 17.8845 17.6761 40.7333 21.3983 16.7502
threshold=0.049613658338785178 0.0073002337012439975 0.003586878534406424 0.002277044928632677 0.0049254926852881917 0.060727361589670188 0.0084838322363793867 -0.00038324977504089469 -0.010582643095403908 0.05140319652855397 0.0094584459438920038 0.015062558930367233 0.021912581287324432 -0.0089280698448419554
decision_type=2 2 2 2 2 2 2 2 2 2 2 2 2 2
left_child=-1 2 3 7 6 9 -3 8 -2 -6 -7 -12 -13 -10
right_child=1 4 -4 -5 5 10 -8 -9 13 -11 11 12 -14 -15
leaf_value=5.3117947941863168e-05 0.0093191316816204645 -0.062911030128404419 0.041728920330473943 -0.042110076616034504 0.0097259254611165163 0.032751681691758565 -0.012411470896173324 0.029370728492179345 -0.061264592546766861 0.048964097921452447 -0.051237943084642947 0.033270393753794196 -0.010415190222295484 -0.0062443287160047888
leaf_weight=160194.72697009891 361.28080080449581 25.090341106057167 93.533016115427017 34.411097213625908 144.36269573867321 22.126711964607239 93.423959270119667 87.66992948949337 14.672142028808592 35.607423976063728 52.163715466856956 35.016478210687637 125.43808455765247 120.76957559585571
leaf_count=643630 1456 101 375 138 581 89 377 352 59 143 212 142 504 486
internal_value=8.3811e-05 0.0040281 0.00941144 0.00446716 -0.00316761 0.00269675 -0.0235395 0.00727704 0.0033264 0.0177169 -0.00884496 -0.0133069 -0.000734537 -0.0126099
internal_weight=161440 1245.57 712.337 618.804 533.229 414.715 118.514 584.392 496.723 179.97 234.745 212.618 160.455 135.442
internal_count=648645 5015 2866 2491 2149 1671 478 2353 2001 724 947 858 646 545
is_linear=0
shrinkage=0.05


Tree=131
num_leaves=15
num_cat=0
split_feature=2 0 2 9 1 2 3 3 0 1 0 6 1 9
split_gain=8.95332 17.6163 10.608 21.1019 55.3033 36.603 46.27 54.3056 22.9647 24.2842 18.213 33.0499 33.674 32.6766
threshold=-0.068305220454931245 -0.048217911273241036 -0.039388114586472504 -0.027262407355010506 -0.029626567848026749 -0.04190170764923095 -0.016435551457107064 -0.031154937110841271 -0.025504024699330326 -0.0053030394483357659 -0.027510260231792923 0.0036467709578573708 -0.0048891073092818252 -0.027262407355010506
decision_type=2 2 2 2 2 2 2 2 2 2 2 2 2 2
left_child=1 -1 3 4 -2 6 7 -6 -8 -10 11 12 -4 -13
right_child=2 -3 10 -5 5 -7 8 -9 9 -11 -12 13 -14 -15
leaf_value=-0.0027908562514206443 -0.039509461141380445 -0.029062035318017734 0.0064541017009404761 0.0014506160968890494 0.0055590731615835429 0.056821661358855705 -0.052405495889939729 0.061151256682337313 0.027064680015944271 -0.05088309725311585 7.1866165174595931e-05 0.01435432238313838 -0.011404622146721281 -0.010610304276607386
leaf_weight=466.06147257238626 41.350987255573273 72.987774364650249 1035.1023710519075 2797.2326278239489 116.644386947155 58.315569773316383 30.454978093504906 69.689273059368134 31.57250565290451 13.417149469256399 154587.72878018022 142.32541663944721 353.21158538758755 1548.816064581275
leaf_count=2143 172 336 4174 11334 472 235 123 280 127 54 620608 578 1435 6275
internal_value=3.1911e-05 -0.00639523 5.34928e-05 0.00292201 0.0142737 0.0213231 0.013229 0.0265661 -0.0196278 0.00321758 -3.99269e-06 -0.00381087 0.00190559 -0.00850206
internal_weight=161365 539.049 160826 3158.68 361.445 320.094 261.778 186.334 75.4446 44.9897 157667 3079.46 1388.31 1691.14
internal_count=648346 2479 645867 12797 1463 1291 1056 752 304 181 633070 12462 5609 6853
is_linear=0
shrinkage=0.05


Tree=132
num_leaves=15
num_cat=0
split_feature=9 5 6 6 9 6 1 2 2 9 1 6 2 2
split_gain=10.5022 22.7831 20.6748 19.766 20.4706 40.6119 26.7133 22.8823 45.3032 34.5454 29.5485 24.8995 23.6251 22.6851
threshold=-0.014873661100864409 0.44230769574642187 0.0068100923672318467 0.0011889854795299473 -0.016485468484461304 0.005236939527094365 -0.016574551351368424 -0.026197784580290314 -0.037662921473383897 -0.018736532889306542 0.031173381954431537 0.0042651847470551738 -0.05689458176493644 -0.031893284991383546
decision_type=2 2 2 2 2 2 2 2 2 2 2 2 2 2
left_child=1 2 -1 -3 7 6 -6 8 9 12 11 13 -5 -10
right_child=-2 3 -4 4 5 -7 -8 -9 10 -11 -12 -13 -14 -15
leaf_value=-0.0059553018571271649 0.00017996641059053818 -0.045500644208007451 0.0014732431126123233 -0.0059420922644460245 -0.073812723178803732 0.01930704000893016 -0.0082058210244135964 0.0034904068165203563 0.025117503428824725 -0.032485496640747645 0.044335371642131458 -0.024236938165033719 0.018140391237331365 -0.013052139574042408
leaf_weight=3560.4765389561653 149962.49353970587 22.260777398943901 1270.4105941802263 149.64355604350567 14.797590643167494 141.67006698250771 936.16877698898315 4452.0853468626738 54.627033427357674 51.274591907858849 19.694338440895081 360.26568718254566 315.11486189067364 128.67617407441139
leaf_count=14302 602517 90 5110 627 60 573 3755 17858 221 209 81 1455 1275 520
internal_value=6.83971e-05 -0.00138927 -0.00400187 0.000510021 0.00067149 -0.00557934 -0.00930317 0.00190703 -0.00462158 0.00607532 -0.0144149 -0.0166211 0.0103902 -0.00160246
internal_weight=161440 11477.2 4830.89 6646.28 6624.02 1092.64 950.966 5531.38 1079.3 516.033 563.263 543.569 464.758 183.303
internal_count=648653 46136 19412 26724 26634 4388 3815 22246 4388 2111 2277 2196 1902 741
is_linear=0
shrinkage=0.05


Tree=133
num_leaves=15
num_cat=0
split_feature=8 5 1 2 3 1 1 1 3 1 2 2 1 6
split_gain=7.11227 17.1261 16.6197 12.3143 27.1123 23.7993 26.4262 22.1381 23.6677 20.5177 41.543 18.1278 22.6288 28.5804
threshold=0.0029986557783558969 0.25000000745058065 0.0016886364901438358 -0.0046308089513331643 -0.0048193146940320722 0.004200112074613572 0.0060191571246832618 0.003049827530048788 -0.00094527058536186803 0.0062270478811115035 -0.003287799889221787 -0.0024036240065470334 0.0043760198168456563 0.0017194433021359148
decision_type=2 2 2 2 2 2 2 2 2 2 2 2 2 2
left_child=3 2 -2 4 -1 7 11 -5 -9 10 -8 -7 -13 -14
right_child=1 -3 -4 5 -6 6 9 8 -10 -11 -12 12 13 -15
leaf_value=3.553349229404111e-06 -0.0024427132364664749 -0.0012445877018832569 0.0020989740047804369 -0.0011171095834688037 0.0022341483961258058 -0.0004196031450512212 -0.039070885487311559 -0.009108027542915802 0.0023891384039707851 -0.00019418884017305499 -0.0033694637427018094 0.020451619757979572 -0.00067958701248593139 0.0094715157278493292
leaf_weight=47584.009275540709 2615.8122043758631 28275.858743548393 8748.974110558629 6175.6522712260485 19086.15984967351 1771.0011655092239 99.174115091562271 2050.3429497480392 572.10307586193085 40768.325256437063 437.96970866620541 246.11017525196075 1318.4962371885777 1461.2575893551111
leaf_count=191425 10494 113693 35134 24746 76603 7109 398 8223 2294 163716 1758 989 5294 5871
internal_value=-4.1411e-06 -0.000585727 0.0010535 0.0001855 0.000642146 -0.000369044 8.57512e-05 -0.00275193 -0.00659989 -0.000322224 -0.0100215 0.00359813 0.00594902 0.00465812
internal_weight=161211 39640.6 11364.8 121571 66670.2 54900.4 46102.3 8798.1 2622.45 41305.5 537.144 4796.87 3025.86 2779.75
internal_count=647747 159321 45628 488426 268028 220398 185135 35263 10517 165872 2156 19263 12154 11165
is_linear=0
shrinkage=0.05


Tree=134
num_leaves=15
num_cat=0
split_feature=9 9 0 2 0 2 4 0 2 9 9 0 2 4
split_gain=9.40679 23.3541 50.9955 43.8143 28.7157 27.9361 49.7304 21.4164 20.7221 50.6711 56.8067 42.4918 44.583 40.3643
threshold=0.0063423670362681159 0.006450941553339363 0.021348678506910804 -0.0047289619687944642 -0.0060344673693180076 -0.019950586371123787 0.033235380426049239 -0.029992044903337952 0.0057992844376713046 0.017820331268012527 0.011341324541717769 0.014987056143581869 0.0073483006563037643 0.0057863409165292987
decision_type=2 2 2 2 2 2 2 2 2 2 2 2 2 2
left_child=-1 2 3 4 5 6 7 -2 -3 10 -10 -12 -13 -11
right_child=1 8 -4 -5 -6 -7 -8 -9 9 13 11 12 -14 -15
leaf_value=0.00022839696549315132 0.0017573665278252217 -8.5818540977313317e-05 0.049344404096732505 -0.02650089104748132 0.016651298786411511 -0.025587552814691262 -0.062950974875326512 0.082488249155997617 -0.0016024054980508834 0.010830368706520229 -0.001391998622167971 -0.050641968241871109 -0.016716781660051847 -0.0045179084208107822
leaf_weight=118072.36523401737 13.570795565843577 37762.94114998728 33.397236287593842 310.57452037930489 140.98264683783054 127.8461305052042 12.351462706923483 19.989228650927547 1953.8517066687346 894.1046639084816 411.61098092794418 108.59600795805454 859.12226985394955 820.71357342600822
leaf_count=474034 55 152052 134 1246 565 514 52 81 7855 3588 1664 440 3494 3300
internal_value=-3.11176e-06 -0.000631927 -0.00996779 -0.0132093 -5.12394e-05 -0.013621 0.0195364 0.0508382 -0.000488051 -0.00349645 -0.00708883 -0.0148537 -0.0205722 0.00348632
internal_weight=161542 43469.7 658.712 625.315 314.74 173.758 45.9115 33.56 42810.9 5048 3333.18 1379.33 967.718 1714.82
internal_count=649074 175040 2647 2513 1267 702 188 136 172393 20341 13453 5598 3934 6888
is_linear=0
shrinkage=0.05


Tree=135
num_leaves=15
num_cat=0
split_feature=9 9 9 2 2 0 2 3 5 6 2 0 4 0
split_gain=9.41743 25.3838 23.8859 103.791 44.6614 33.0925 30.5586 22.7004 21.4414 26.9934 20.9177 18.5811 18.4593 25.1438
threshold=-0.014873661100864409 -0.013906391337513922 -0.013494529295712708 -0.016796416603028771 0.0042409200686961421 0.03917519003152848 0.011380907148122789 -0.017183487303555008 0.48076923191547399 0.0068100923672318467 0.0079665305092930811 -0.0080306162126362306 0.020505895838141445 -0.028626896440982815
decision_type=2 2 2 2 2 2 2 2 2 2 2 2 2 2
left_child=8 12 3 7 -5 6 10 -3 9 11 -6 -1 13 -2
right_child=1 2 -4 4 5 -7 -8 -9 -10 -11 -12 -13 -14 -15
leaf_value=-0.011692627667839775 -0.043659730375726277 -0.00036405209602703118 -1.8023798303701925e-05 -0.027867923323986039 0.024287214544771455 -0.063573827219628384 0.062322990686496042 0.04255742200711389 0.00052300373446284413 0.0022371536066254196 -0.036128965403863719 -0.0038724255965522656 0.02598197071535692 0.0062017169324239743
leaf_weight=1029.1868451237679 24.866682723164558 45.92631684243679 148024.60644001514 397.48144508898258 34.142179563641548 12.397516727447508 28.428695261478424 92.45903043448925 6138.2675395458937 1364.7476133406162 23.187637463212013 2899.0369773060083 115.54500238597393 1141.9364846497774
leaf_count=4160 101 186 594762 1594 137 50 114 371 24687 5490 93 11621 466 4583
internal_value=-0.00010456 9.09331e-07 -5.95357e-05 -0.00973599 -0.0204231 0.00970172 0.0209053 0.0284125 -0.00148786 -0.00381951 -0.000349198 -0.00592376 0.0070027 0.0051026
internal_weight=161372 149941 148659 634.023 495.637 98.156 85.7585 138.385 11431.2 5292.97 57.3298 3928.22 1282.35 1166.8
internal_count=648415 602457 597307 2545 1988 394 344 557 45958 21271 230 15781 5150 4684
is_linear=0
shrinkage=0.05


Tree=136
num_leaves=15
num_cat=0
split_feature=9 9 2 3 9 2 1 1 1 9 2 4 6 6
split_gain=11.3768 35.6461 38.1444 48.6739 33.4314 31.5763 45.0247 62.8184 37.7648 37.2826 28.9927 32.0112 27.1237 29.0797
threshold=-0.00074787970515899349 -0.00084878288907930244 -0.017483618110418316 -0.026392911560833451 -0.00029636744875460858 -0.0088471947237849218 0.0064078201539814481 0.0041080906521528968 -0.00066011628950946022 -0.00047292468661908055 -0.003205085988156497 0.011124349199235441 0.0018938102293759587 0.0063387923873960981
decision_type=2 2 2 2 2 2 2 2 2 2 2 2 2 2
left_child=1 -1 3 -3 5 -2 7 8 9 -7 11 -9 -8 -14
right_child=4 2 -4 -5 -6 6 12 10 -10 -11 -12 -13 13 -15
leaf_value=0.00030897331631110408 -0.013128746747648485 -0.032646446742194184 0.0072774493287111235 0.060904378131363318 -0.00025396890292876738 0.036517472558940403 -0.022908462496843203 0.04684348339409726 -0.010789456884883959 -0.013403922204400925 0.0071915484395200764 -0.018102928690052776 -0.0024923772565127512 -0.039454006049369703
leaf_weight=66987.368051618338 949.05590264499187 16.617830529808998 568.06472629308701 69.88228851556778 90652.714436464012 98.355638638138771 251.39586578309536 148.05359409749508 426.76893745362759 59.301627159118652 129.51414823532104 21.203592702746391 949.47165004909039 55.387292250990868
leaf_count=269211 3812 68 2287 280 364228 394 1010 593 1712 238 519 85 3805 222
internal_value=-7.16779e-05 0.000422525 0.0120251 0.0427643 -0.000428286 -0.00554305 -0.00217349 0.00647297 -0.00306692 0.0177738 0.0250819 0.0386488 -0.00825261 -0.00456688
internal_weight=161383 67641.9 654.565 86.5001 93741.2 3088.51 2139.45 883.198 584.426 157.657 298.771 169.257 1256.25 1004.86
internal_count=648464 271846 2635 348 376618 12390 8578 3541 2344 632 1197 678 5037 4027
is_linear=0
shrinkage=0.05


Tree=137
num_leaves=15
num_cat=0
split_feature=9 9 2 1 3 3 1 1 1 1 1 1 2 4
split_gain=7.94253 32.5452 36.4411 30.4508 28.6504 28.4165 27.0024 28.5131 25.2178 23.5835 46.6102 31.2101 27.4349 29.9494
threshold=-0.00074787970515899349 -0.00084878288907930244 -0.017483618110418316 -0.018114853650331494 -0.0148062277585268 -0.026392911560833451 1.0000000180025095e-35 -0.0036979741416871543 -0.0027821296826004978 0.0074428196530789146 0.0082728285342454928 0.0056111700832843789 0.0014265778008848431 0.0094110998325049895
decision_type=2 2 2 2 2 2 2 2 2 2 2 2 2 2
left_child=1 3 5 -1 -4 -3 7 -6 -9 11 -11 -8 13 -12
right_child=-2 2 4 -5 6 -7 9 8 -10 10 12 -13 -14 -15
leaf_value=-0.0081151335036446087 -0.00027138712227332286 -0.022041328784314435 -0.034946151410175021 0.00046482255721441625 0.017193680855742601 0.053550991180041176 0.017003427924298951 -0.0895844472783075 -0.015735487163152494 -0.060971290808469594 0.048720821152169094 0.063648418001113358 -0.0054811401582555742 -0.017648302124570903
leaf_weight=1049.5923679322004 93763.117373354733 14.327257409691809 37.366447478532791 65938.697554290295 44.185459062457085 73.979151278734207 171.10926096141338 14.878385111689566 44.719900622963905 23.793261587619781 66.524041160941124 44.831096217036247 104.92640471458435 22.132485702633858
leaf_count=4277 376718 59 150 264942 178 297 689 60 180 96 268 181 423 89
internal_value=2.65319e-05 0.00043944 0.0114564 0.00033027 0.00682418 0.0411771 0.00978972 -0.0130266 -0.0353456 0.0152719 0.00361442 0.0269361 0.0118252 0.0321402
internal_weight=161414 67651.1 662.773 66988.3 574.467 88.3064 537.1 103.784 59.5983 433.317 217.376 215.94 193.583 88.6565
internal_count=648607 271889 2670 269219 2314 356 2164 418 240 1746 876 870 780 357
is_linear=0
shrinkage=0.05


Tree=138
num_leaves=15
num_cat=0
split_feature=6 9 9 9 9 1 1 9 1 1 5 6 1 9
split_gain=9.31131 16.6181 28.3463 23.783 42.6543 35.4167 55.7528 77.3308 32.0744 82.337 32.0398 30.3682 24.0611 23.9086
threshold=0.0023353918222710495 -0.015916204079985615 -0.01705721020698547 -0.0078412750735878927 -0.0059731954243034116 -0.0025108668487519021 -0.0073532618116587392 -0.006225867196917533 0.0025820549344643955 0.001872911583632231 0.28846155107021337 0.0019572487799450759 -0.0016326375771313904 -0.0098988357931375486
decision_type=2 2 2 2 2 2 2 2 2 2 2 2 2 2
left_child=1 2 -1 8 5 6 -5 10 9 12 -8 -12 -3 -10
right_child=-2 3 -4 4 -6 -7 7 -9 13 -11 11 -13 -14 -15
leaf_value=-0.0024360635697316278 0.00029370738806893521 0.0062986800423940103 -0.020018474709273534 -0.020797549252759538 -0.00033494829181109293 -0.0088036647921235361 0.0054374627044424572 -0.035960897437399032 0.0021116254308076779 -0.033430141580570491 0.062809471636266295 0.020147850852755968 -0.0048587073241975042 0.01056462699977021
leaf_weight=1276.8746613711119 103797.3267596066 1020.0524421334267 278.49520719051361 131.63731044530869 47604.239583745599 2525.9295946508646 93.017649829387665 54.419324517250061 1940.4680220633745 189.51197065412998 85.52632050216198 83.218426212668419 916.34509529173374 1470.2337135672569
leaf_count=5132 417306 4099 1118 528 191091 10140 375 219 7795 759 344 334 3677 5911
internal_value=1.06895e-05 -0.000498697 -0.0055951 -0.000357339 -0.000697924 -0.00650643 0.00644191 0.0178124 0.00275354 -0.00206622 0.029086 0.042013 0.00101898 0.00575745
internal_weight=161467 57670 1555.37 56114.6 50578 2973.75 447.819 316.182 5536.61 2125.91 261.762 168.745 1936.4 3410.7
internal_count=648828 231522 6250 225272 203031 11940 1800 1272 22241 8535 1053 678 7776 13706
is_linear=0
shrinkage=0.05


Tree=139
num_leaves=15
num_cat=0
split_feature=2 2 6 6 0 2 9 9 2 9 6 1 2 0
split_gain=7.41178 25.4645 25.3241 29.4425 29.8113 22.1441 21.7749 60.0718 39.7522 39.4309 35.3499 34.092 40.2792 45.1341
threshold=0.016469906084239486 0.014360440894961359 0.0042651847470551738 0.0025606809649616484 0.032234203070402152 0.020417290739715103 0.0037528884131461386 0.0027129113441333179 0.015260808169841768 0.0071681039407849321 0.0024632788263261323 0.026519041508436206 0.015260808169841768 0.030501651577651504
decision_type=2 2 2 2 2 2 2 2 2 2 2 2 2 2
left_child=1 -1 3 -2 5 -5 7 8 -3 -8 -11 -12 13 -13
right_child=2 6 -4 4 -6 -7 9 -9 -10 10 11 12 -14 -15
leaf_value=-9.6350448053310508e-06 0.0067723623304800536 0.0075497904335049409 0.0064620559516761662 -0.0069756610460674443 -0.017970953664275691 0.016986630412791092 -0.036768043733146842 0.063152696468738612 -0.017139468448490174 0.019733460522195968 -0.04402511718757484 0.014815202598959918 0.014285515516184621 -0.049640832885487582
leaf_weight=157100.8559589088 515.47611530125141 330.21506491303444 1711.9933746010065 299.85961611568928 413.61325226724148 140.88444390892982 145.86708521842957 33.432305678725243 320.22311864793301 96.732434153556824 74.399153560400009 41.863688975572586 124.20136500895023 74.39038111269474
leaf_count=631268 2073 1325 6889 1206 1664 566 585 134 1285 391 299 169 503 301
internal_value=-1.87469e-05 -6.60205e-05 0.00240937 -0.00265662 -0.00834686 0.000705032 -0.00719636 -0.00121263 -0.00461285 -0.0145217 -0.00656758 -0.0146849 -0.00546205 -0.0265015
internal_weight=161424 158342 3081.83 1369.83 854.357 440.744 1241.32 683.87 650.438 557.454 411.587 314.855 240.455 116.254
internal_count=648658 636260 12398 5509 3436 1772 4992 2744 2610 2248 1663 1272 973 470
is_linear=0
shrinkage=0.05


Tree=140
num_leaves=15
num_cat=0
split_feature=1 1 2 0 9 1 6 9 3 2 9 9 9 9
split_gain=7.81174 26.5749 33.0121 25.9395 31.6717 26.9889 25.8905 24.1236 54.2442 31.9146 26.8118 54.9008 39.3474 34.6364
threshold=0.023858632892370227 0.017537609674036506 0.0082741575315594691 0.017294463701546196 0.006808964768424631 0.036311125382781036 0.0054217779543250808 0.0053634871728718289 -0.0056274952366948119 0.009006246458739044 -0.0011254737619310615 -0.0057025735732167951 -0.0044065767433494321 -0.0022281075362116094
decision_type=2 2 2 2 2 2 2 2 2 2 2 2 2 2
left_child=1 -1 -3 4 -2 -6 -7 10 -9 -10 11 -4 -13 -14
right_child=3 2 7 -5 5 6 -8 8 9 -11 -12 12 13 -15
leaf_value=-0.00013651051782328217 -0.0015943866754875838 0.0036201229861702634 0.0047281605598477371 -0.00017012380260941428 -0.017239960858149071 0.045041558515083291 -0.0049277425284088641 0.010390732617352424 -0.046754784360605026 -0.013490320275900268 0.0071785594154997294 -0.044992325803254705 0.0017473771064445633 -0.031227889674925693
leaf_weight=134731.49044015259 1617.3987423479557 9781.2013594955206 627.04708506166935 11696.728565305471 742.12054863572121 32.081270411610603 119.08393588662148 223.58577094972134 85.481263771653175 444.74096791446209 814.92704707384109 103.81985533237457 223.70202545821667 122.56676588952541
leaf_count=541322 6504 39295 2519 47029 3023 131 492 900 344 1788 3269 417 900 493
internal_value=-4.05387e-05 6.75586e-05 0.00227986 -0.00116012 -0.0057704 -0.0133213 0.00590338 -0.00267428 -0.0102317 -0.0189311 0.000340458 -0.00483489 -0.0181387 -0.009981
internal_weight=161366 147159 12427.1 14207.4 2510.68 893.286 151.165 2645.87 753.808 530.222 1892.06 1077.14 450.089 346.269
internal_count=648426 591247 49925 57179 10150 3646 623 10630 3032 2132 7598 4329 1810 1393
is_linear=0
shrinkage=0.05


Tree=141
num_leaves=15
num_cat=0
split_feature=2 0 9 9 1 9 9 5 8 8 9 0 1 9
split_gain=7.71259 15.8136 14.458 25.6877 13.3756 11.5831 9.36506 11.1535 14.9857 9.34929 8.56062 8.3808 8.08713 11.3554
threshold=-0.068305220454931245 -0.059566779062151902 0.041613588109612472 0.015860060229897503 -0.024139321409165856 0.030197517015039924 0.066848751157522215 0.78846153616905224 0.010744282975792887 0.0080504133366048353 -0.0021309845615178342 -0.048217911273241036 -0.029626567848026749 0.00082335202023386966
decision_type=2 2 2 2 2 2 2 2 2 2 2 2 2 2
left_child=1 2 3 9 -4 -5 7 10 11 12 -3 -9 -1 -14
right_child=-2 6 4 5 -6 -7 -8 8 -10 -11 -12 -13 13 -15
leaf_value=-0.0072460198116063969 8.8426410934431933e-05 -0.017375952869508739 0.030506050915452831 -0.058474634735332681 -0.021700691965442467 -0.01169552767338978 0.014630859850655513 0.0026185618844414421 0.035321447031554092 -0.022072701910355749 -0.052018535295315749 -0.046526736638537375 -0.00093794629218454982 0.026540150234391099
leaf_weight=90.290107324719429 160773.49570189416 33.263938844203949 56.236142635345459 27.794503405690193 14.838703319430349 25.634161651134491 16.224446445703506 15.803825870156283 14.284512504935263 37.245892345905304 41.452641002833843 17.961533367633823 82.261644050478935 68.147589579224586
leaf_count=396 645736 146 229 182 64 119 66 76 70 172 208 89 354 327
internal_value=6.83453e-05 -0.00588366 -0.000846448 -0.00524661 0.0194567 -0.036658 -0.0203587 -0.0250636 -0.00608249 0.000901296 -0.0370288 -0.0241107 0.00453291 0.0116049
internal_weight=161315 541.44 402.449 331.374 71.0748 53.4287 138.991 122.766 48.0499 277.945 74.7166 33.7654 240.699 150.409
internal_count=648234 2498 1843 1550 293 301 655 589 235 1249 354 165 1077 681
is_linear=0
shrinkage=0.05


Tree=142
num_leaves=15
num_cat=0
split_feature=7 2 2 9 2 3 3 9 3 9 1 9 9 9
split_gain=9.68114 10.3461 12.5167 19.1993 38.2156 41.8884 32.3831 21.4351 21.0199 35.2827 47.598 37.0525 34.7949 29.8854
threshold=0.012914034537971021 -0.068305220454931245 -0.039388114586472504 -0.027262407355010506 -0.04190170764923095 -0.013732780236750839 -0.031154937110841271 -0.0393416229635477 -0.017183487303555008 0.010130255948752167 -0.018114853650331494 -0.0020300432806834574 -0.0028366964543238278 0.020283118821680549
decision_type=2 2 2 2 2 2 2 2 2 2 2 2 2 2
left_child=1 -1 3 4 5 6 -3 -7 9 10 -5 12 -12 -11
right_child=-2 2 -4 8 -6 7 -8 -9 -10 13 11 -13 -14 -15
leaf_value=-0.0069491734242016325 -0.0062514007251979614 0.0017350138890322763 5.1359071669964079e-05 -0.024119072725528913 0.049473254166132109 -0.040806715114758162 0.042507006435411707 0.012104125282354536 0.0084148175717603732 0.020667378368660866 0.0044342159183452965 -0.010828138895985774 0.050458001963555758 -0.0012533868379147831
leaf_weight=519.21273443847895 602.99264881759882 115.49283723533154 157175.97410930693 276.22197902202606 62.326789498329163 55.526172444224358 83.322809621691704 28.370773807168007 847.78180958330631 283.6964567899704 491.92719267308712 479.42160998284817 43.83761490881443 342.34801688790321
leaf_count=2405 2440 467 631175 1118 252 226 337 116 3414 1163 1989 1955 176 1389
internal_value=6.6945e-05 9.06765e-05 0.000113524 0.00325396 0.0143575 0.00646882 0.0189496 -0.0229825 0.00186379 -0.00103556 -0.00575689 -0.000741901 0.00828699 0.00869728
internal_weight=161408 160805 160286 3110.27 345.039 282.713 198.816 83.8969 2765.23 1917.45 1291.41 1015.19 535.765 626.044
internal_count=648622 646182 643777 12602 1398 1146 804 342 11204 7790 5238 4120 2165 2552
is_linear=0
shrinkage=0.05


Tree=143
num_leaves=15
num_cat=0
split_feature=1 1 2 2 2 2 2 9 9 1 1 9 9 2
split_gain=8.75457 32.2122 43.9288 32.0238 27.7723 34.1305 33.6866 30.5292 64.153 26.9965 49.566 43.4048 33.2671 57.8049
threshold=0.0078456075862050074 0.004295722348615528 -0.004109364701434969 -0.033194135874509804 -0.00033911237551365042 -0.0013701962307095525 0.00079642943455837678 1.0000000180025095e-35 -1.0000000180025095e-35 0.0073203539941459903 0.0060191571246832618 -0.06296867877244948 0.013419365510344507 -0.035842016339302056
decision_type=2 2 2 2 2 2 2 2 2 2 2 2 2 2
left_child=1 2 -1 -2 5 9 -6 8 -8 10 11 -3 13 -13
right_child=3 4 -4 -5 6 -7 7 -9 -10 -11 -12 12 -14 -15
leaf_value=0.00020843163671890134 -0.013419448405919385 -0.051938798103157248 -0.0035453683134559801 -0.00039240903010210129 0.010714089982660727 -0.0055573224310802782 -0.00092118791821967885 0.0073752948513013577 -0.057683207719702589 0.0073880251193395655 -0.0027157334975654573 0.053952390146978384 -0.0066108402524733953 0.0041363871592882216
leaf_weight=63641.881285279989 474.16810651123524 34.372020304203033 8880.3811932951212 65820.597374230623 1792.716016754508 1781.7971899956465 1501.4834297597408 1400.4816009253263 50.486721470952034 1865.4008450210094 5518.0681074857712 57.673764050006866 734.5252915173769 7893.4598494470119
leaf_count=255818 1998 138 35590 264456 7201 7155 6047 5610 202 7492 22163 235 2960 31704
internal_value=-4.46833e-05 0.000262643 -0.000251265 -0.000485785 0.00190947 0.00100712 0.00530963 0.00202555 -0.00280365 0.00173375 0.000992492 0.00333911 0.00356382 0.00450447
internal_weight=161447 95152.7 72522.3 66294.8 22630.5 17885.3 4745.17 2952.45 1551.97 16103.5 14238.1 8720.03 8685.66 7951.13
internal_count=648769 382315 291408 266454 90907 71847 19060 11859 6249 64692 57200 35037 34899 31939
is_linear=0
shrinkage=0.05


Tree=144
num_leaves=15
num_cat=0
split_feature=1 2 2 5 6 4 2 2 2 1 2 1 2 2
split_gain=8.23415 14.5948 23.5431 13.8863 12.1644 13.8574 11.2983 16.2766 11.6199 9.43273 16.149 22.144 24.231 22.9618
threshold=0.06886612251400949 -0.00083216693019494403 0.0050013153813779363 0.86538460850715648 0.004974411567673088 0.022381360642611984 0.016469906084239486 0.012587340548634531 0.018147492781281475 0.036311125382781036 0.020417290739715103 0.027869404293596748 -0.0091947503387927992 -0.0062578564975410691
decision_type=2 2 2 2 2 2 2 2 2 2 2 2 2 2
left_child=9 -2 -3 4 -4 6 7 -6 -8 10 11 -1 -13 -14
right_child=1 2 3 -5 5 -7 8 -9 -10 -11 -12 12 13 -15
leaf_value=6.8267841557620074e-05 0.013145688897038505 -0.050937902682412911 -0.035439313300084506 0.011764539927188898 -0.0011846902024849485 -0.026375212519442599 0.040109219370821486 -0.055040432218133387 -0.00057829195130036821 0.0023419560325215099 0.010989234204579363 -0.016976031450601378 0.016363819744531785 -0.0031890455106826122
leaf_weight=151344.78918169439 86.6995869576931 30.336915731430054 41.507982492446899 87.435506373643875 37.020310878753662 73.574040874838829 18.102211728692055 21.634996771812439 215.32026895880699 4373.6385323554277 331.86651657521725 308.08694041520357 154.82739469408989 4132.0168694257736
leaf_count=608093 352 122 167 352 149 298 73 87 866 17618 1334 1265 624 16617
internal_value=2.99617e-05 -0.0057557 -0.00889658 -0.00622032 -0.0101018 -0.00713677 -0.00221717 -0.021639 0.00273471 5.20255e-05 -1.20784e-05 -3.55614e-05 -0.00345469 -0.00247921
internal_weight=161257 611.632 524.932 494.595 407.16 365.652 292.078 58.6553 233.422 160645 156272 155940 4594.93 4286.84
internal_count=648017 2466 2114 1992 1640 1473 1175 236 939 645551 627933 626599 18506 17241
is_linear=0
shrinkage=0.05


Tree=145
num_leaves=15
num_cat=0
split_feature=2 2 5 9 9 9 1 1 1 9 9 1 5 1
split_gain=8.84625 49.3484 28.9931 31.7023 54.6773 34.0632 34.9566 27.2836 31.9316 36.7028 34.1739 32.5667 31.6669 28.2163
threshold=0.0033154254779219632 0.0040921950712800035 0.48076923191547399 -0.010582643095403908 -0.012771864421665667 -0.0098988357931375486 0.039873948320746429 0.049988374114036567 0.015295536722987892 -0.010348815470933912 -0.014873661100864409 0.015694364905357364 0.2115384638309479 0.012387110851705076
decision_type=2 2 2 2 2 2 2 2 2 2 2 2 2 2
left_child=-1 7 -3 4 -4 6 -5 8 9 12 -10 -12 -2 -11
right_child=1 2 3 5 -6 -7 -8 -9 10 13 11 -13 -14 -15
leaf_value=0.00025403287479847624 -0.0072000817187568671 0.0017560983221171932 0.00054887482981780722 -0.015694104758056295 0.02548580663473346 -0.002638374008016536 -0.082711707529818504 -0.062295254153387283 0.032452353062227289 -0.003992326774196346 0.030558743503553185 -0.0042761794374808811 -0.054535055745664709 -0.017953517251654266
leaf_weight=135828.51329029351 61.498010814189911 11886.634066075087 1347.8159667402506 99.1668381690979 261.66421765089035 8840.2837125062943 23.436818033456802 20.870325729250908 74.232093065977097 1144.0343891531229 70.21978722512722 1158.4573169797659 83.154888853430748 528.92739202082157
leaf_count=545830 247 47738 5408 398 1052 35575 94 84 298 4591 282 4652 334 2123
internal_value=9.33426e-05 -0.000759211 6.19119e-05 -0.00184287 0.00461635 -0.00300314 -0.0290707 -0.00662788 -0.00623574 -0.0105161 -0.000260909 -0.00226211 -0.0345986 -0.00841442
internal_weight=161429 25600.4 22459 10572.4 1609.48 8962.89 122.604 3141.39 3120.52 1817.61 1302.91 1228.68 144.653 1672.96
internal_count=648706 102876 90265 42527 6460 36067 492 12611 12527 7295 5232 4934 581 6714
is_linear=0
shrinkage=0.05


Tree=146
num_leaves=15
num_cat=0
split_feature=8 6 7 9 1 1 1 6 1 1 1 1 1 3
split_gain=8.99984 12.4323 15.1426 12.3759 13.8058 14.9472 15.8838 13.5323 14.1898 13.1124 11.3633 11.1753 16.9293 15.6289
threshold=-0.008709516376256941 0.003371867118403316 0.001787684625014663 0.030197517015039924 -0.024139321409165856 -0.0073532618116587392 -0.00066011628950946022 0.0041451244615018376 0.004295722348615528 -0.010122164618223904 -0.0032238160492852326 0.02710268180817366 0.029383405111730102 -0.015977420844137665
decision_type=2 2 2 2 2 2 2 2 2 2 2 2 2 2
left_child=1 2 -1 11 -5 9 10 -8 -9 -6 -7 -3 -13 -14
right_child=-2 3 -4 4 5 6 7 8 -10 -11 -12 12 13 -15
leaf_value=-0.0038567026991444282 0.00010760310806513122 -0.00011303798336025203 -0.036995762382723028 0.029209559901728428 -0.0045663818332347924 0.0097138935287579657 0.040789357393594482 -0.0312579626898788 0.0049335248767028916 -0.054673295907290288 0.057686704448068886 -0.025965668190695179 -0.0092858744906759907 0.0070776339287397282
leaf_weight=2775.3752088099718 151928.94698274136 5449.4497644230723 33.921848505735397 62.457567721605301 55.5483578145504 24.623387426137924 21.970796123147011 29.602091431617737 234.58025270700455 16.15633462369442 24.774342074990273 97.403918370604515 425.8378773778677 220.83500741422176
leaf_count=11182 610303 22074 137 255 224 102 88 119 945 65 100 394 1730 888
internal_value=1.43711e-05 -0.00148082 -0.00426987 -0.000304459 0.00751145 0.00412039 0.0085526 0.00397922 0.000775625 -0.0164531 0.0344408 -0.00089833 -0.00664176 -0.00369553
internal_weight=161401 9472.54 2809.3 6663.24 469.713 407.256 335.551 286.153 264.182 71.7047 49.3977 6193.53 744.077 646.673
internal_count=648606 38303 11319 26984 1898 1643 1354 1152 1064 289 202 25086 3012 2618
is_linear=0
shrinkage=0.05


Tree=147
num_leaves=15
num_cat=0
split_feature=4 2 2 2 9 9 1 2 9 9 9 0 2 9
split_gain=8.28729 11.87 27.2917 26.9137 43.2425 55.7148 26.7419 25.7697 24.8264 28.1755 23.5436 23.2931 22.4229 21.7688
threshold=0.001808293105568737 -0.00054899806855246414 0.0033154254779219632 -0.0012713922187685964 0.0054654201958328494 -0.0041646789759397498 0.015495418570935728 -0.00083216693019494403 0.0084838322363793867 0.0089922095648944395 -0.00029636744875460858 0.0044114855118095883 0.0040921950712800035 -0.010348815470933912
decision_type=2 2 2 2 2 2 2 2 2 2 2 2 2 2
left_child=1 3 -3 -1 5 11 8 -8 -6 -10 -7 -5 13 -4
right_child=-2 2 12 4 6 10 7 -9 9 -11 -12 -13 -14 -15
leaf_value=0.00031070716147425022 -0.00025715260933661596 0.0035913148475788057 -0.025358031015586903 0.0020238394134371282 -0.037103671467396966 0.016983132440079783 -0.016332094217100853 0.030938228498528109 0.047585600382573146 -0.017551679827799659 0.00020384174351106797 -0.02204464849995999 0.00065629871083563009 -0.0041830339968319972
leaf_weight=25766.562886357307 115336.47967767715 8530.0809077769518 134.66912637650967 142.76687397062778 187.29309231042862 321.59690418839455 67.804858699440956 48.644023224711418 16.964599058032036 224.70737560093403 594.06289908289909 337.47062894701958 8533.0743931829929 1159.2481016516685
leaf_count=103433 463659 34246 541 573 751 1293 272 195 68 901 2380 1356 34302 4652
internal_value=-3.07276e-05 0.000536184 0.00152222 -0.000117118 -0.00579278 -0.00112428 -0.0177171 0.00350936 -0.0234741 -0.012802 0.00610914 -0.0149001 -0.000273989 -0.00640478
internal_weight=161401 46064.9 18357.1 27707.9 1941.31 1395.9 545.414 116.449 428.965 241.672 915.66 480.238 9826.99 1293.92
internal_count=648622 184963 73741 111222 7789 5602 2187 467 1720 969 3673 1929 39495 5193
is_linear=0
shrinkage=0.05


Tree=148
num_leaves=15
num_cat=0
split_feature=4 2 2 6 1 6 6 1 1 5 6 2 0 2
split_gain=5.9108 15.4223 20.1622 13.8187 19.3661 17.3608 12.735 13.1303 12.6094 12.4486 22.1262 27.2449 17.4937 13.4752
threshold=0.0016742319567129018 -0.031893284991383546 -0.05689458176493644 0.015405554324388506 -0.018114853650331494 0.0047851721756160268 0.0038527714787051086 -0.020422806963324543 0.00071523452061228465 0.2115384638309479 0.0011889854795299473 -0.012202159501612185 -0.022433374077081677 0.011980047449469568
decision_type=2 2 2 2 2 2 2 2 2 2 2 2 2 2
left_child=1 2 -1 4 6 -6 7 -4 -7 -3 11 -11 -12 -13
right_child=-2 9 3 -5 5 8 -8 -9 -10 10 12 13 -14 -15
leaf_value=-0.018002299580582869 -5.2202518591150653e-05 0.0018024460427488913 -0.0012394203133026692 -0.026710493659064201 0.052095173845318088 0.0083089711225493666 0.015005194504693179 -0.053397786941108139 0.040765074515640543 -0.058295833515500134 0.065613492780130345 -0.0048793013063455279 0.00022873803120589928 -0.051513072747273875
leaf_weight=56.476874142885208 116855.10022506118 13374.961360484362 62.197972491383553 19.249614089727402 49.632403075695038 103.30974893271923 111.33914889395237 13.985376492142676 41.556973591446877 23.928071662783623 9.2333941459655744 1212.5026783049107 29307.040811404586 14.705323353409765
leaf_count=233 469743 53698 250 78 200 419 448 56 172 96 37 4868 117671 59
internal_value=0.000134396 0.000625486 0.00974568 0.0136861 0.0157861 0.0267993 0.00428148 -0.0113822 0.0178351 0.000530262 -2.64314e-05 -0.00653545 0.000251569 -0.00547959
internal_weight=161255 44400.1 457.748 401.271 382.022 194.499 187.522 76.1833 144.867 43942.4 30567.4 1251.14 29316.3 1227.21
internal_count=648028 178285 1856 1623 1545 791 754 306 591 176429 122731 5023 117708 4927
is_linear=0
shrinkage=0.05


Tree=149
num_leaves=15
num_cat=0
split_feature=5 7 8 7 3 7 8 9 8 6 9 6 2 2
split_gain=7.90813 9.20677 9.85385 22.8287 11.5963 9.70538 11.4373 9.06392 8.94679 12.4363 13.055 9.87584 14.0311 53.0673
threshold=0.90384614467620861 -0.012536544818431137 -0.011560053564608095 -0.0029977713711559768 -0.039105381816625588 0.0010719652054831388 -0.0063181649893522254 0.011838578153401615 0.017117318697273735 0.0031365622999146585 -0.0047555991914123288 0.0046203793026506909 -0.02140919771045446 -0.023038412444293496
decision_type=2 2 2 2 2 2 2 2 2 2 2 2 2 2
left_child=8 -2 3 -3 -5 -4 -7 -6 11 10 -10 -1 13 -13
right_child=1 2 5 4 7 6 -8 -9 9 -11 -12 12 -14 -15
leaf_value=-0.00014718076956319833 0.027214902124741792 0.0014050609575016833 -0.0020369777313166185 0.0071731271132721465 -0.045136602824592573 -0.017280218385765232 0.0014650173749983025 -0.0028767423523697721 -0.010937728897836134 -0.0050420615853248437 0.014752834008652602 0.0014713078087944531 0.00023408507477134228 0.016722357740330422
leaf_weight=120427.74295112491 27.266729399561882 146.02069345116615 9002.2048708051443 17.49374170601368 67.016634121537209 82.299536183476448 3523.8667143881321 15.772383973002432 69.190812647342682 1603.4240655228496 167.25565609335899 6258.7088622748852 19387.119288474321 626.61133280396461
leaf_count=483486 112 597 36232 73 273 335 14193 65 278 6493 671 25526 77864 2516
internal_value=-0.000102097 -0.00129043 -0.00135301 -0.0112374 -0.0294782 -0.00115904 0.00103254 -0.037216 9.67334e-07 -0.00346308 0.00722066 4.44357e-05 0.000922741 0.00286148
internal_weight=161422 12881.9 12854.7 246.303 100.283 12608.4 3606.17 82.789 148540 1839.87 236.446 146700 26272.4 6885.32
internal_count=648714 51880 51768 1008 411 50760 14528 338 596834 7442 949 589392 105906 28042
is_linear=0
shrinkage=0.05


Tree=150
num_leaves=15
num_cat=0
split_feature=8 0 9 9 9 9 1 2 9 1 1 3 1 3
split_gain=7.95843 7.423 19.4711 21.9893 63.9093 49.7684 20.59 38.0254 18.6997 16.6285 34.4329 15.6233 14.7745 14.0383
threshold=0.015463388524949552 -0.042447328567504876 0.066848751157522215 0.021082832477986816 0.030197517015039924 0.013419365510344507 -0.029626567848026749 -0.05689458176493644 0.041613588109612472 -0.016574551351368424 -0.008964762091636656 -0.01667927764356136 -0.020422806963324543 -0.0062110763974487773
decision_type=2 2 2 2 2 2 2 2 2 2 2 2 2 2
left_child=1 2 3 5 9 13 8 -8 11 -5 -11 -6 -9 -1
right_child=-2 -3 -4 4 6 -7 7 12 -10 10 -12 -13 -14 -15
leaf_value=0.00093117047519173128 -0.0027160024812641213 7.8856413849542125e-05 0.029865271998537276 -0.057210935702376932 0.017158221372015482 0.032293566297628876 -0.044251993056492536 0.052142064872256338 0.042197291322424425 0.056350803538940189 -0.048952698669070711 -0.04698265783615993 -0.0010672421169696678 0.041444669107800348
leaf_weight=1202.4516927301884 2521.3756836503744 157265.76037564874 65.678059190511703 65.459628313779831 31.484764590859413 147.64007084071636 43.351602390408516 18.969213172793388 53.452229246497154 10.866793125867842 21.572801418602467 12.415499866008757 37.517703726887703 20.770851001143456
leaf_count=4994 10192 631633 269 300 133 654 187 76 217 44 110 50 151 85
internal_value=7.05108e-05 0.000114716 0.00336954 0.00230769 -0.0100517 0.00497355 0.00636912 -0.00954515 0.0226209 -0.0428569 -0.0130473 -0.00162393 0.0173975 0.0016524
internal_weight=161519 158997 1731.63 1665.95 295.09 1370.86 197.191 99.8385 97.3525 97.8992 32.4396 43.9003 56.4869 1223.22
internal_count=649095 638903 7270 7001 1268 5733 814 414 400 454 154 183 227 5079
is_linear=0
shrinkage=0.05


Tree=151
num_leaves=15
num_cat=0
split_feature=1 1 9 9 9 9 2 9 1 2 2 1 5 6
split_gain=6.89954 25.9227 36.0165 25.1797 38.0621 51.8503 48.7749 36.1201 45.3566 67.4669 40.4659 36.0698 35.4314 35.9705
threshold=0.017537609674036506 0.024352884851396087 -0.06296867877244948 0.013419365510344507 -0.0011254737619310615 -0.0013072981964796779 -0.025043557398021218 0.00082335202023386966 0.019012885168194774 0.0046089973766356715 -0.001728588482365012 0.021085012704133991 0.51923078298568737 0.0028842425672337417
decision_type=2 2 2 2 2 2 2 2 2 2 2 2 2 2
left_child=-1 2 -2 4 5 -4 -6 10 9 -9 -8 -7 -10 -14
right_child=1 -3 3 -5 6 11 7 8 12 -11 -12 -13 13 -15
leaf_value=-0.00010285373324990917 0.038147394062180706 -0.00074664892484665286 0.00059992570464594474 -0.0034094936126870161 -0.047761466489968117 -0.009035382598063281 -0.0051248141530388135 0.019655755953822747 0.0071194924363998137 -0.0027712410324118356 0.01886959865909732 -0.069801897083694428 -0.010198712771838397 0.0033000760579552295
leaf_weight=134742.99763439596 69.009791374206543 13576.218252919614 5017.7993301749229 1737.9600237309933 41.286147490143776 55.981655061244965 217.56873089075089 936.39131258428097 1417.6617352813482 521.78085400164127 904.40289776027203 42.799353033304214 955.98707649111748 1018.2505856305361
leaf_count=541416 278 54655 20162 6995 172 225 873 3759 5684 2094 3629 172 3845 4090
internal_value=4.2225e-05 0.00077951 0.00238103 0.00218626 0.00306028 -0.000109666 0.00575707 0.00613499 0.004263 0.0116343 0.0142163 -0.0357997 0.00109161 -0.00323831
internal_weight=161256 26513.1 12936.9 12867.9 11129.9 5116.58 6013.33 5972.04 4850.07 1458.17 1121.97 98.781 3391.9 1974.24
internal_count=648049 106633 51978 51700 44705 20559 24146 23974 19472 5853 4502 397 13619 7935
is_linear=0
shrinkage=0.05


Tree=152
num_leaves=15
num_cat=0
split_feature=6 2 2 1 0 5 0 1 1 3 3 2 1 6
split_gain=7.75955 12.1924 34.6081 31.7595 29.1175 27.1673 24.0167 19.8934 19.1775 23.5714 18.5047 18.3865 20.9617 16.4169
threshold=0.0023353918222710495 0.0033154254779219632 0.0040921950712800035 0.013727261684834959 0.0055044649634510287 0.44230769574642187 0.03917519003152848 0.015295536722987892 0.015694364905357364 -0.014058317989110945 -0.0066505733411759129 0.009006246458739044 0.033487042412161834 0.0017047753208316865
decision_type=2 2 2 2 2 2 2 2 2 2 2 2 2 2
left_child=1 3 4 -1 -3 -4 11 -6 -5 -10 -11 12 -7 -9
right_child=-2 2 5 8 7 6 -8 13 9 10 -12 -13 -14 -15
leaf_value=-0.00049705993290396209 0.00020810093649299829 0.0018563042242717037 0.0020764963620686946 0.010977290568715103 -0.018856014482748266 -0.0024898972958411897 0.054626038182295847 0.016914218195955521 -0.02094538037674662 0.025923731154159576 0.0019789869706658288 -0.010466524821564372 0.060188912765043213 -0.010159496199243348
leaf_weight=46934.732328936458 103652.28828775883 398.28074032068253 3722.3468735069036 944.39049161970615 682.10311210155487 2384.4777071475983 16.301765695214272 74.184623971581459 104.86094106733799 85.60279169678688 1184.9707891494036 915.98796866834164 12.415243893861769 218.58370922505856
leaf_count=188407 416770 1599 14949 3793 2738 9588 66 298 423 344 4756 3691 50 878
internal_value=-5.05706e-05 -0.000515411 -0.00227302 -0.000214742 -0.00953212 -0.000858299 -0.00413932 -0.014182 0.00549486 0.00172532 0.00361134 -0.00444489 -0.00214027 -0.00326506
internal_weight=161332 57679.2 8424.68 49254.6 1373.15 7051.53 3329.18 974.871 2319.83 1375.43 1270.57 3312.88 2396.89 292.768
internal_count=648350 231580 33857 197723 5513 28344 13395 3914 9316 5523 5100 13329 9638 1176
is_linear=0
shrinkage=0.05


Tree=153
num_leaves=15
num_cat=0
split_feature=3 8 9 6 8 9 5 6 9 3 9 6 3 2
split_gain=6.23987 10.3875 14.4184 11.9774 17.9167 14.527 16.1451 17.6295 11.7422 20.3769 16.0524 14.5943 12.8151 12.332
threshold=-0.0018354924977757035 0.0028741512214764957 0.0070432075299322614 0.0037144600646570329 0.0095319366082549113 0.017820331268012527 0.63461539149284374 0.0033339906949549918 -0.006225867196917533 -0.039105381816625588 -0.007646664045751094 0.0019572487799450759 -0.039105381816625588 0.0060056620277464398
decision_type=2 2 2 2 2 2 2 2 2 2 2 2 2 2
left_child=1 -1 8 5 -5 6 -4 -8 10 -10 11 -3 -13 -12
right_child=-2 2 3 4 -6 -7 7 -9 9 -11 13 12 -14 -15
leaf_value=0.00014702992872336659 0.00064759601817281336 0.02149382737407976 -0.01138150608529943 0.00060383168131197037 -0.008854788589366943 -0.016287260314945939 0.0033534603807986786 -0.017084935237377596 -0.026778760337555069 0.0011949205163158006 -0.0078234670262549762 0.019944065094421898 -0.0021753271509363506 -0.031519163837194206
leaf_weight=99719.439682751894 46536.745785996318 68.174862012267113 526.34715610742569 2089.9259644001722 657.33270623534918 337.96908858418465 639.92134992778301 125.29952205717564 64.714815855026245 6966.6848291754723 451.14426393806934 65.87219263613224 3160.2216791808605 61.762858748435974
leaf_count=400776 186874 274 2110 8444 2714 1359 2580 506 278 27961 1812 275 12703 248
internal_value=0.000159133 -3.86476e-05 -0.00125548 -0.00367724 -0.00166172 -0.00707215 -0.00465006 -1.11127e-05 -0.000277285 0.000933688 -0.00251347 -0.0012309 -0.00171764 -0.0107326
internal_weight=161472 114935 15215.4 4376.8 2747.26 1629.54 1291.57 765.221 10838.6 7031.4 3807.18 3294.27 3226.09 512.907
internal_count=648914 462040 61264 17713 11158 6555 5196 3086 43551 28239 15312 13252 12978 2060
is_linear=0
shrinkage=0.05


Tree=154
num_leaves=15
num_cat=0
split_feature=9 6 9 9 4 0 3 3 6 6 0 0 3 0
split_gain=8.97956 28.8621 18.8176 30.8122 35.4418 28.7141 31.5555 24.2706 31.5372 20.4563 17.6838 15.4758 22.9253 18.2314
threshold=0.020283118821680549 0.012913099490106108 0.017284310422837738 0.017820331268012527 0.020931360311806205 -0.035578817129135125 -0.033050207421183579 -0.0022733443183824416 0.0021946650231257085 0.0044668992049992093 -0.031483849510550492 -0.022433374077081677 -0.011275135912001131 0.0049541727639734754
decision_type=2 2 2 2 2 2 2 2 2 2 2 2 2 2
left_child=2 -2 -1 4 10 6 -5 8 11 -6 -4 -7 -13 -14
right_child=1 -3 3 5 9 7 -8 -9 -10 -11 -12 12 13 -15
leaf_value=1.3473147433430867e-05 0.0021852509656684351 -0.012847111780316556 -0.063956927934595009 -0.016485144353738015 0.047531009204068747 0.026982251330922132 0.062213696353529836 0.0053677963506301597 -0.0027382785308810741 -0.014498902568180339 -0.015788739908011169 -0.057051302759576365 -0.011245726798950677 -0.059792503278562295
leaf_weight=149858.22569923103 8204.555527292192 331.25125056505203 18.871526256203651 19.257670901715755 34.178856462240219 14.098645284771917 34.702177748084068 729.99435365200043 1412.3318951427937 20.752993866801262 555.01297536492348 45.345212548971176 156.16618603467941 21.218295499682426
leaf_count=602056 33067 1368 76 95 140 57 141 2928 5706 85 2236 185 628 86
internal_value=2.22795e-05 0.00160045 -6.58218e-05 -0.00394544 -0.0138024 -0.00139338 0.034338 -0.00221787 -0.00557685 0.0242562 -0.0174812 -0.022422 -0.0256559 -0.0173554
internal_weight=161456 8535.81 152920 3061.93 628.816 2433.11 53.9598 2379.15 1649.16 54.9319 573.885 236.828 222.73 177.384
internal_count=648854 34435 614419 12363 2537 9826 236 9590 6662 225 2312 956 899 714
is_linear=0
shrinkage=0.05


Tree=155
num_leaves=15
num_cat=0
split_feature=4 8 1 0 7 6 5 1 1 1 4 0 1 0
split_gain=8.76599 12.9461 15.5233 19.4519 25.0009 18.2844 14.7231 18.8836 29.3295 44.4252 22.022 21.4389 19.7196 22.8559
threshold=0.0024754934711381797 -7.5633211963577182e-05 0.017537609674036506 0.0052244234830141076 -0.0013233536155894397 0.0091213942505419272 0.25000000745058065 0.0078456075862050074 0.0073203539941459903 0.0072056746575981387 0.0063808958511799583 -0.028626896440982815 0.0075368518009781846 -0.013412092812359331
decision_type=2 2 2 2 2 2 2 2 2 2 2 2 2 2
left_child=-1 6 3 -3 -5 -4 -2 8 9 10 -8 -10 -13 -14
right_child=1 2 5 4 -6 -7 7 -9 11 -11 -12 12 13 -15
leaf_value=0.0006114583583721649 -0.0013094167064520105 -0.00091017890258070829 0.0023506829917310616 0.0012980395092101449 -0.0072447183259348492 -0.0064984813108854471 0.0032066631093644661 -0.00051564268419667509 0.052726152830036323 -0.021606530117932232 0.0003618154346772763 0.016226384169080781 -0.030306668268717935 0.0052405771234575946
leaf_weight=54063.540606841445 12944.575711637735 25376.491423688829 5298.0193843245506 1230.942168623209 2812.042698353529 655.03126727044582 9568.2155178338289 24239.790868386626 26.664221778512001 214.21330413222313 23530.813971891999 446.18919365108013 47.845472633838654 609.16080690920353
leaf_count=217096 51986 102049 21306 4940 11291 2657 38386 97491 109 860 94697 1791 193 2445
internal_value=9.25312e-05 -0.000169669 -0.000952281 -0.00142345 -0.00464408 0.00137606 0.000216825 0.000553507 0.00130593 0.00103708 0.00118427 0.00922497 0.00812674 0.00260978
internal_weight=161064 107000 35372.5 29419.5 4042.98 5953.05 71627.5 58682.9 34443.1 33313.2 33099 1129.86 1103.2 657.006
internal_count=647297 430201 142243 118280 16231 23963 287958 235972 138481 133943 133083 4538 4429 2638
is_linear=0
shrinkage=0.05


Tree=156
num_leaves=15
num_cat=0
split_feature=9 9 0 2 5 9 2 2 0 3 2 0 2 2
split_gain=8.89415 33.5395 46.1917 26.466 20.8523 18.849 78.5615 44.2097 29.2933 26.6154 25.0257 22.859 26.3604 22.4392
threshold=-0.014351846650242804 -0.013906391337513922 0.01930105593055487 0.0086416294798254984 0.48076923191547399 -0.013494529295712708 -0.01904042903333902 0.0017872828175313773 -0.0032545581925660367 -0.0017026408459059892 -0.031893284991383546 0.03643798083066941 0.010807255748659374 -0.0042803375981748095
decision_type=2 2 2 2 2 2 2 2 2 2 2 2 2 2
left_child=4 2 -2 -4 -1 6 10 8 -8 -10 -3 12 -9 -11
right_child=1 5 3 -5 -6 -7 7 11 9 13 -12 -13 -14 -15
leaf_value=-0.0035889213840028349 0.016237795680293265 -0.0013441331281240374 -0.053853230323256673 0.012753789592415177 0.00057931775155525562 5.5471990203149644e-05 -0.0072016388022689386 0.0011492372368281749 -0.049245849647861092 -0.046920801594775297 0.049809170943961756 -0.047624332699349008 0.053698436605758897 0.0027346935280955142
leaf_weight=5568.8411044031382 557.08831883966923 37.50745515525341 38.653403624892235 23.385398417711258 6503.8118006438017 147972.33747904003 144.32271684706211 85.758545055985451 144.70797039568424 34.64875690639019 64.704646080732346 15.162596940994261 32.091050684452057 62.606571972370148
leaf_count=22387 2238 152 155 94 26159 594674 578 344 580 139 260 61 129 251
internal_value=-3.82442e-05 6.73736e-05 0.0116713 -0.0289418 -0.00134353 1.8947e-05 -0.00866323 -0.0165557 -0.0250998 -0.0357018 0.0312069 0.00825978 0.0157901 -0.0152534
internal_weight=161286 149213 619.127 62.0388 12072.7 148594 621.51 519.298 386.286 241.963 102.212 133.012 117.85 97.2553
internal_count=648201 599655 2487 249 48546 597168 2494 2082 1548 970 412 534 473 390
is_linear=0
shrinkage=0.05


Tree=157
num_leaves=15
num_cat=0
split_feature=9 0 9 2 5 2 2 2 9 2 2 2 9 0
split_gain=8.91588 23.9117 27.9441 22.1076 20.3668 18.2022 30.8545 27.8645 39.152 33.5284 22.8829 36.0614 41.1891 34.8703
threshold=0.020283118821680549 0.018864353187382225 0.021082832477986816 0.0094024715945124644 0.2115384638309479 -0.0027600165922194715 -0.02176778111606836 0.00047153526975307619 0.026292044669389728 0.0044304821640253076 0.012587340548634531 0.015260808169841768 0.066848751157522215 0.03917519003152848
decision_type=2 2 2 2 2 2 2 2 2 2 2 2 2 2
left_child=-1 3 -3 4 -2 6 -4 8 -7 -9 13 -12 -13 -11
right_child=1 2 5 -5 -6 7 -8 9 -10 10 11 12 -14 -15
leaf_value=-2.124863763824108e-05 -0.0052047251565986328 0.040467010146918343 0.037055685578917912 -0.016679983599615214 0.0020820062470132436 0.080376506274350973 -0.012855063072156142 -0.014216991896208175 0.012810549931010743 0.01207591837341726 -0.020545727444153384 0.016058157718927692 -0.022263442377939729 0.051282498335715215
leaf_weight=152904.52600321919 1156.1019825935364 59.564643904566765 34.822614759206772 184.11107413470745 5599.3067143857479 29.905493021011353 228.1689260751009 172.2170330286026 71.641524538397789 314.35104528069496 122.37721917033195 416.45502755045891 83.365337952971458 68.504081189632416
leaf_count=614378 4644 239 141 740 22645 120 915 690 287 1261 491 1672 336 275
internal_value=6.65735e-05 0.00163864 0.00714395 0.000367383 0.000834389 0.00583118 -0.00613107 0.00829411 0.0332984 0.0061109 0.00960478 0.00367527 0.00963478 0.0192065
internal_weight=161445 8540.89 1601.37 6939.52 6755.41 1541.81 262.992 1278.82 101.547 1177.27 1005.05 622.198 499.82 382.855
internal_count=648834 34456 6427 28029 27289 6188 1056 5132 407 4725 4035 2499 2008 1536
is_linear=0
shrinkage=0.05


Tree=158
num_leaves=15
num_cat=0
split_feature=8 4 1 2 0 1 2 9 9 1 2 9 3 2
split_gain=7.79345 19.6484 10.9167 18.9613 14.7567 18.8359 14.0381 13.9411 12.5701 11.927 13.7337 13.0443 11.0521 12.8266
threshold=0.0056295539252460012 0.011124349199235441 -0.029626567848026749 -0.034351140260696404 0.0080574662424623984 0.0091851190663874167 -0.068305220454931245 0.0066902458202093848 -0.012075935024768112 -0.01061399234458804 -0.010776859242469071 0.0076579675078392037 -0.0040031711105257264 -0.029947168193757531
decision_type=2 2 2 2 2 2 2 2 2 2 2 2 2 2
left_child=-1 2 8 6 7 -6 -4 -5 -2 -9 12 -12 -11 -14
right_child=1 -3 3 4 5 -7 -8 9 -10 10 11 -13 13 -15
leaf_value=8.7377716883596689e-05 -0.04833064376336272 -0.0061819868318204463 -0.034682224962218587 -0.001034758514489809 0.0099483455069258736 7.1194857944318721e-05 0.012025281789372318 -0.021478989888750803 -0.0049039139980147708 -0.0096303028781368465 -0.023842194846942891 -0.006864025135184324 0.04132698469078197 0.0012306038305447383
leaf_weight=141147.94873587787 24.180580526590347 1654.4023330062628 15.815191134810446 5478.3643833845854 506.10628499090672 10022.657449930906 397.38102452456951 114.53359398245811 50.046798259019852 259.94548515975475 130.62992453575134 819.13909085094929 19.526439249515533 707.91997283697128
leaf_count=567169 102 6793 67 21996 2033 40266 1606 459 202 1043 523 3281 80 2836
internal_value=-4.40858e-05 -0.000962619 -0.000496722 -0.000419287 -0.000661853 0.000546879 0.0101581 -0.00235179 -0.0195052 -0.00586626 -0.00493256 -0.0092218 -0.000801594 0.00236214
internal_weight=161349 20200.6 18546.2 18472 18058.8 10528.8 413.196 7530.06 74.2274 2051.69 1937.16 949.769 987.392 727.446
internal_count=648456 81287 74494 74190 72517 42299 1673 30218 304 8222 7763 3804 3959 2916
is_linear=0
shrinkage=0.05


Tree=159
num_leaves=15
num_cat=0
split_feature=2 2 6 0 8 0 2 2 1 1 0 8 1 1
split_gain=9.85747 17.2616 15.3213 26.3782 21.089 15.2125 13.5639 13.4285 13.7295 22.5003 15.8813 12.8101 10.9308 30.139
threshold=-0.039388114586472504 -0.05689458176493644 0.0081476992927491682 -0.014512397348880766 0.015463388524949552 -0.020091827027499672 -0.04190170764923095 -0.045166904106736176 0.0067023737356066712 0.0015964680351316931 -0.027510260231792923 -0.00028711765480693424 0.0025820549344643955 0.001398623804561794
decision_type=2 2 2 2 2 2 2 2 2 2 2 2 2 2
left_child=1 -1 5 7 6 12 -5 -4 9 10 -9 -7 13 -3
right_child=-2 2 3 4 -6 11 -8 8 -10 -11 -12 -13 -14 -15
leaf_value=-0.0025881313133022787 -6.4637307896592619e-05 0.0018835660924737597 0.0093031124740022703 -0.048218971546332791 0.022081167045445785 0.055649148248986507 0.0030704920471742816 0.015254392921684561 -0.0016200350658035136 0.084978729670968728 0.05095700269132411 0.012140199741809004 -0.011543468567466334 0.04987162015225996
leaf_weight=1132.3544439524412 157721.1109932214 1703.8291481584311 285.97801394760609 37.351535797119141 26.820981651544571 20.755318686366081 19.244567662477493 110.41914558410645 36.826698735356331 17.122988983988762 43.221580699086189 80.242209374904633 142.70424821972847 32.362924665212631
leaf_count=4927 633434 6881 1159 151 109 84 78 445 153 69 174 326 588 132
internal_value=-4.86985e-06 0.00254962 0.00482507 0.0119879 -0.0138928 0.00273267 -0.0310283 0.0163812 0.0260406 0.0319806 0.0255627 0.0215394 0.00171083 0.00280627
internal_weight=161410 3689.23 2556.88 576.986 83.4171 1979.89 56.5961 493.568 207.59 170.764 153.641 100.998 1878.9 1736.19
internal_count=648710 15276 10349 2338 338 8011 229 2000 841 688 619 410 7601 7013
is_linear=0
shrinkage=0.05


Tree=160
num_leaves=15
num_cat=0
split_feature=8 5 2 1 2 2 1 2 1 2 0 0 0 3
split_gain=8.90286 16.792 13.7779 13.9919 13.4692 35.1332 19.5131 32.5729 14.6173 20.0712 17.5226 37.1433 14.9981 14.7006
threshold=-0.00053506108815781761 0.25000000745058065 0.0060056620277464398 0.032218432053923614 -0.0061664620880037537 -0.006869993405416607 0.0041080906521528968 -0.0040051983669400206 0.0051967096514999875 -0.0059781803283840409 0.0031255371868610386 0.0011935053626075389 -0.003001094912178814 -0.010834884829819201
decision_type=2 2 2 2 2 2 2 2 2 2 2 2 2 2
left_child=-1 2 3 -2 5 -3 7 -6 9 -8 11 -11 -10 -14
right_child=1 4 -4 -5 6 -7 8 -9 12 10 -12 -13 13 -15
leaf_value=0.00039212832943912463 0.0004624544279120721 -0.00037526986478705286 0.0039540716451436806 -0.021501726801559068 -0.00053780405339807894 0.0067214159463359902 0.038130943189303629 -0.0092442766315982226 -0.014666160393166157 -0.0016419743005879177 -0.0030563556844646158 0.018576710815388288 0.0033037895768994008 -0.001382586701275332
leaf_weight=73292.538376569748 15269.1836040169 31264.106113575399 3222.6876034289598 71.854488223791122 2346.5842087715864 1846.026897802949 40.009557723999023 1980.5123467892408 204.35457684099674 512.9575579315424 731.69122649729252 406.47455495595932 1776.7646712213755 28522.911519959569
leaf_count=294634 61301 125735 12952 289 9419 7417 161 7940 821 2060 2940 1633 7149 114568
internal_value=-1.51165e-05 -0.000353545 0.000982614 0.000358184 -0.000709768 2.05908e-05 -0.00137188 -0.00452397 -0.0009481 0.00357537 0.00271546 0.00730704 -0.00119899 -0.00110768
internal_weight=161489 88196.1 18563.7 15341 69632.4 33110.1 36522.3 4327.1 32195.2 1691.13 1651.12 919.432 30504 30299.7
internal_count=649019 354385 74542 61590 279843 133152 146691 17359 129332 6794 6633 3693 122538 121717
is_linear=0
shrinkage=0.05


Tree=161
num_leaves=15
num_cat=0
split_feature=1 1 0 9 9 1 6 9 9 6 9 1 3 6
split_gain=11.0147 21.1518 34.4971 35.8469 49.9501 49.1076 34.4888 33.0049 28.6892 23.0749 25.0365 33.0655 52.2685 28.814
threshold=0.017537609674036506 0.023392654955387119 0.017294463701546196 0.010130255948752167 0.016319690272212032 0.024847012944519523 0.0042032087221741685 -0.06296867877244948 0.016794471070170406 0.0027109090005978946 -0.0033296248875558372 0.021085012704133991 -0.011762303765863178 0.0036467709578573708
decision_type=2 2 2 2 2 2 2 2 2 2 2 2 2 2
left_child=-1 7 3 -3 -5 6 -6 -2 -7 -9 11 -11 -13 -14
right_child=1 2 -4 4 5 8 -8 9 -10 10 -12 12 13 -15
leaf_value=-0.00019962009248469012 0.037391252324625777 -0.0018050677054168034 0.00081670618878166602 -0.034090992097581027 0.0070155980134109343 0.044723161308339823 -0.055064985095458145 -0.00093349804027901 -0.0026708837054033783 -0.0041205203932028539 0.0057578379844576448 0.031549825345592836 0.01370353733713865 -0.0083924369542519184
leaf_weight=134761.18001215905 66.402167558670044 1990.58595302701 12052.05304838717 227.83153362572193 31.497542694211006 33.597698837518692 74.501325830817223 3742.7558837980032 413.32615304738283 1739.058987557888 5382.3302862793207 183.11562465131283 257.51345992088318 342.72172819077969
leaf_count=541514 268 8011 48466 934 127 138 300 15041 1698 6990 21626 735 1035 1378
internal_value=-1.62661e-05 0.000914811 -0.000340049 -0.00536905 -0.0144417 -0.00629833 -0.0367246 0.00250267 0.000983876 0.00230058 0.00383179 -0.000278689 0.00824465 0.00109422
internal_weight=161298 26537.3 14823.4 2771.34 780.754 552.923 105.999 11713.9 446.924 11647.5 7904.74 2522.41 783.351 600.235
internal_count=648261 106747 59674 11208 3197 2263 427 47073 1836 46805 31764 10138 3148 2413
is_linear=0
shrinkage=0.05


Tree=162
num_leaves=15
num_cat=0
split_feature=2 2 2 0 2 1 1 6 7 1 1 1 1 1
split_gain=7.31873 20.3635 19.474 30.4268 21.4746 68.4944 30.0861 21.3067 19.0966 19.0289 18.5594 39.0094 18.0211 47.7429
threshold=-0.01175830466672778 -0.0058890560176223508 -0.006869993405416607 -0.0033749355934560295 -0.0062578564975410691 0.016828870400786403 0.019859408959746364 0.0030269902199506764 -0.0014077820233069358 0.02597021218389273 0.0017807211843319239 0.0016886364901438358 0.00054242691840045165 0.0027671501738950614
decision_type=2 2 2 2 2 2 2 2 2 2 2 2 2 2
left_child=12 2 -2 -4 6 10 7 -5 -3 -8 11 -6 -1 -14
right_child=1 8 3 4 5 -7 9 -9 -10 -11 -12 -13 13 -15
leaf_value=0.00010338561109966458 0.00065285321529845594 0.0011481583579092522 -0.000354907994279764 0.012557667252236863 -0.00035789481653368001 -0.026568805618847932 0.04743325728799009 0.0018131106170192403 -0.00064009533376189142 0.010116875877242235 0.0093760608616276012 -0.081640274615212602 -0.006626555637818091 -0.00019050460036905919
leaf_weight=31687.019297875464 26014.164533078671 19475.117710620165 2622.2420829087496 1190.0515206158161 330.53889681398869 180.91620524227619 83.191033765673637 753.80097742378712 63948.025639593601 58.615406811237335 1044.543225467205 14.451465830206869 4050.3717489242554 9978.3801498115063
leaf_count=127524 104452 78206 10531 4782 1327 727 335 3030 256825 236 4196 58 16279 40298
internal_value=-2.15496e-05 0.000190058 0.00125612 0.00375526 0.00670245 0.0022843 0.0100265 0.00839414 -0.000222619 0.0321875 0.00605736 -0.00398889 -0.000557163 -0.00204906
internal_weight=161431 115716 32292.5 6278.35 3656.11 1570.45 2085.66 1943.85 83423.1 141.806 1389.53 344.99 45715.8 14028.8
internal_count=648806 464705 129674 25222 14691 6308 8383 7812 335031 571 5581 1385 184101 56577
is_linear=0
shrinkage=0.05


Tree=163
num_leaves=15
num_cat=0
split_feature=5 6 9 9 3 4 6 9 0 9 9 9 9 6
split_gain=6.69853 14.0373 12.026 11.0185 10.0039 9.00567 35.2318 19.7823 11.0224 22.4165 17.964 53.2414 44.1256 17.8937
threshold=0.90384614467620861 0.0012967328075319531 -0.030149869620800015 0.0062294299714267263 -0.052881149575114243 0.053373176604509361 0.012913099490106108 -0.0089280698448419554 -0.042447328567504876 0.066848751157522215 0.021082832477986816 0.030197517015039924 0.013419365510344507 0.0076745098922401675
decision_type=2 2 2 2 2 2 2 2 2 2 2 2 2 2
left_child=5 3 -3 -2 -4 8 -7 -8 9 10 12 -12 -1 -13
right_child=1 2 4 -5 -6 6 7 -9 -10 -11 11 13 -14 -15
leaf_value=0.0026354031380236773 0.010715000725991131 0.0090851652380389732 0.018985750368852566 -0.011889111445591268 -0.0018156181987267592 -0.015943877088071774 0.048659175722816805 0.0017791605855578332 -4.2242360151971741e-06 0.037250792470590939 -0.04252138922935244 0.022670983394603814 0.037085143334365009 -0.011757712816258842
leaf_weight=894.70763953030109 382.49140557646751 262.29680091142654 57.084315665066242 61.881601646542549 12085.143100336194 300.42530278861523 34.083396956324577 62.978454276919365 146791.06158756465 49.675046607851982 78.139717310667038 87.313264071941376 102.75560455024242 65.065539687871933
leaf_count=3682 1534 1057 253 250 48662 1367 140 289 589500 202 354 355 431 269
internal_value=-7.89518e-05 -0.00117413 -0.00148716 0.00754762 -0.00171627 1.58368e-05 -0.00749066 0.0185695 3.60383e-05 0.00465822 0.00331053 -0.00924229 0.0062179 0.00798917
internal_weight=161315 12848.9 12404.5 444.373 12142.2 148466 397.487 97.0619 148069 1277.66 1227.98 230.519 997.463 152.379
internal_count=648345 51756 49972 1784 48915 596589 1796 429 594793 5293 5091 978 4113 624
is_linear=0
shrinkage=0.05


Tree=164
num_leaves=15
num_cat=0
split_feature=2 4 6 2 0 1 8 4 6 1 3 2 2 3
split_gain=5.43592 18.7403 15.7396 13.2215 14.0073 37.1047 19.4187 17.0093 14.3693 20.9862 21.3759 16.867 48.1435 30.2172
threshold=0.023755831643939022 0.021395744755864147 0.005945163546130062 0.012587340548634531 0.032234203070402152 0.042343012988567359 -0.0096457414329051954 0.027505201287567619 0.0041174539364874372 0.042343012988567359 -0.001967393327504396 0.020417290739715103 0.016469906084239486 -0.015562776941806076
decision_type=2 2 2 2 2 2 2 2 2 2 2 2 2 2
left_child=3 -2 -3 -1 5 -5 -7 8 9 10 -6 12 -10 -13
right_child=1 2 -4 4 7 6 -8 -9 11 -11 -12 13 -14 -15
leaf_value=7.9189862150650896e-05 0.0051620558651918362 -0.060595740696588962 -0.0082324512607674146 -0.0021661072671548052 -0.038942302038028627 -0.0047130254523496222 0.034957032145181664 -0.06363387796292351 -0.011214278081463401 0.0019232263966525187 -0.011797850430303458 0.050317885410045907 0.019706847910296029 -0.020706585780330612
leaf_weight=155813.39066582918 1155.2121106237173 16.105988278985023 92.045165419578552 2962.6453315764666 102.78573670983315 43.252351522445679 104.71578314900398 12.252690821886061 276.83555179834366 160.82389281690121 245.81425578892231 15.432359293103216 229.19666467607021 173.45908452570438
leaf_count=626207 4652 65 372 11917 414 174 421 50 1115 648 991 62 922 698
internal_value=2.92536e-05 0.00329485 -0.0165142 3.47055e-06 -0.0027224 -0.000942478 0.0234073 -0.00726882 -0.00664306 -0.0130133 -0.01989 -0.00196126 0.00280204 -0.0146695
internal_weight=161404 1263.36 108.151 160141 4327.21 3110.61 147.968 1216.6 1204.35 509.424 348.6 694.924 506.032 188.891
internal_count=648708 5089 437 643619 17412 12512 595 4900 4850 2053 1405 2797 2037 760
is_linear=0
shrinkage=0.05


Tree=165
num_leaves=15
num_cat=0
split_feature=2 2 6 2 9 1 1 9 9 0 1 2 9 9
split_gain=6.97723 21.7261 19.4984 21.6905 29.5848 20.3667 41.5902 29.7537 31.6947 26.5314 23.8284 25.1424 27.8395 24.6177
threshold=-0.011621824465692042 -0.010271782986819742 0.0024158558808267121 -0.010527648497372864 -0.0098988357931375486 -0.0023824766976758833 -0.00055490049999207247 -0.0071463745553046456 -0.0030185142531991001 -0.0069388728588819495 -1.0000000180025095e-35 -0.011041326913982628 0.013161337468773128 0.0071681039407849321
decision_type=2 2 2 2 2 2 2 2 2 2 2 2 2 2
left_child=-1 2 -2 5 -5 -4 7 -7 9 -9 -8 12 13 -12
right_child=1 -3 3 4 -6 6 10 8 -10 -11 11 -13 -14 -15
leaf_value=-0.00062909341132613857 0.0063087761920094469 -6.7734618094668654e-05 0.0085136868406525176 -0.014395143721831847 0.013099379653822907 -0.048706053852919984 0.02196308357176676 -0.011506839683987448 -0.019050393985683728 0.056866486136773781 0.003861037005273286 -0.0069713433399076728 0.02381970676276875 -0.019876524908016974
leaf_weight=46180.167477317154 2561.8892838954926 108686.59771069884 462.90947206318378 116.37238924205303 590.4470881819725 65.000862017273903 113.42443758249283 28.152122497558594 257.97359101474285 27.044244676828384 809.69868099689484 1049.472752019763 149.73654015362263 125.23096057772636
leaf_count=185968 10289 436492 1859 467 2371 261 455 113 1034 109 3251 4214 602 503
internal_value=-0.000109941 9.84573e-05 0.00293927 0.000663836 0.00855868 -0.00114504 -0.00285044 -0.0181682 -0.011695 0.0224094 -0.000266165 -0.00145733 0.00387928 0.000663623
internal_weight=161224 115044 6357.35 3795.46 706.819 3088.64 2625.73 378.171 313.17 55.1964 2247.56 2134.14 1084.67 934.93
internal_count=647988 462020 25528 15239 2838 12401 10542 1517 1256 222 9025 8570 4356 3754
is_linear=0
shrinkage=0.05


Tree=166
num_leaves=15
num_cat=0
split_feature=8 5 5 9 4 5 2 0 6 8 2 6 9 9
split_gain=8.05697 16.3232 19.2376 35.0243 13.1852 8.22976 8.02126 7.87663 7.55531 21.2302 19.2295 22.7216 25.2228 33.2024
threshold=0.015463388524949552 0.78846153616905224 0.59615385532379161 -0.0022281075362116094 0.00024273023882415148 0.94230768084526073 -0.049562523141503327 0.021348678506910804 0.0049254926852881917 -0.015088988468050955 0.011980047449469568 0.0023707026848569517 0.0049825813621282586 0.0028867633081972603
decision_type=2 2 2 2 2 2 2 2 2 2 2 2 2 2
left_child=5 2 -2 -4 7 8 -3 -5 9 -1 -11 -12 13 -13
right_child=1 6 3 4 -6 -7 -8 -9 -10 10 11 12 -14 -15
leaf_value=-0.0080074345556542612 -0.0022906373324256906 0.038982272050488251 0.0048876839581355616 0.0042830749854917121 -0.046488746213564663 -0.0017687340973467026 0.0077952285005127662 -0.028990522104948447 0.00092066110064881765 8.7518970131995717e-05 0.0024599729760490189 -0.0047641465284634053 -0.012121771313844334 0.01724441209164123
leaf_weight=836.04524719715118 2097.9341221302748 23.537254653871059 109.79106599092484 27.739782184362411 77.26490418612957 6290.7804153114557 134.74346958100796 47.443444222211838 22581.068342067301 125297.83993636072 1118.6608693450689 1448.2793013900518 1037.2640529721975 193.35899220407009
leaf_count=3404 8445 107 445 112 341 25365 544 191 91107 503043 4501 5813 4192 775
internal_value=-4.10997e-05 -0.00284643 -0.00389049 -0.0166321 -0.0320613 3.40765e-06 0.0126485 -0.0168187 7.65154e-05 -7.01964e-05 -1.87318e-05 -0.0035235 -0.00602207 -0.00216297
internal_weight=161322 2518.45 2360.17 262.239 152.448 158803 158.281 75.1832 152513 129931 129095 3797.56 2678.9 1641.64
internal_count=648385 10185 9534 1089 644 638200 651 303 612835 521728 518324 15281 10780 6588
is_linear=0
shrinkage=0.05


Tree=167
num_leaves=15
num_cat=0
split_feature=5 7 6 7 8 3 6 1 1 1 9 9 9 9
split_gain=9.06129 22.0319 18.5629 20.7385 14.6634 19.9493 13.7162 16.9831 14.4073 17.3801 23.3795 26.5007 22.0527 21.08
threshold=0.78846153616905224 0.0032354352297261362 0.007891997694969179 -0.0042380711529403916 0.01326683769002557 -0.014419577550143002 0.0048777011688798675 0.056999616324901588 -0.013163506519049404 -0.011101994197815655 0.0037528884131461386 0.036263292655348785 0.0040228252764791259 0.003586878534406424
decision_type=2 2 2 2 2 2 2 2 2 2 2 2 2 2
left_child=4 2 -2 -4 6 -6 7 8 -1 10 13 12 -12 -10
right_child=1 -3 3 -5 5 -7 -8 -9 9 -11 11 -13 -14 -15
leaf_value=-0.0037221598216891695 -0.00091960702943377033 0.0043669330540038924 0.0046244001418794803 -0.019995495340172614 -0.020415361178008566 -0.0021725023689295629 0.0014781335814539427 -0.025024711156904578 0.0014762460788620517 9.4299225997003825e-05 0.076191351059780588 -0.042144458768858611 0.014458199198494129 -0.053029160397009702
leaf_weight=2439.2407530546188 30574.990472942591 1991.3898618966341 126.78981394320726 259.83777985721827 155.9078820720315 3348.1973598301411 20315.528269216418 66.439160406589508 658.66555353999138 100985.81457534432 13.981330960988997 19.218555927276611 488.37066824734211 17.229262635111809
leaf_count=9822 122929 8047 531 1083 685 13458 81881 268 2642 405446 56 77 1960 69
internal_value=1.01166e-05 -0.000729559 -0.00105749 -0.0119306 0.000199793 -0.00298977 0.000289226 5.84992e-05 7.4667e-05 0.000165337 0.00615113 0.0140933 0.0163243 1.05573e-05
internal_weight=161462 32953 30961.6 386.628 128509 3504.11 125004 104689 104623 102183 1197.47 521.571 502.352 675.895
internal_count=648954 132590 124543 1614 516364 14143 502221 420340 420072 410250 4804 2093 2016 2711
is_linear=0
shrinkage=0.05


Tree=168
num_leaves=15
num_cat=0
split_feature=9 9 2 2 2 6 1 2 1 3 9 2 1 1
split_gain=6.88835 33.5189 68.6445 60.1796 43.3554 45.7063 38.171 32.3866 28.2387 30.0364 26.291 27.7176 29.0352 23.9923
threshold=-0.00065157795324921597 -0.00038324977504089469 0.005580227356404067 -0.015314235351979731 0.0050013153813779363 0.0024045113241299991 -0.0057431128807365886 0.0048141791485250005 0.023392654955387119 -0.0039550457149744025 -0.00056088442215695966 0.0018969235825352373 0.020733339712023739 0.020733339712023739
decision_type=2 2 2 2 2 2 2 2 2 2 2 2 2 2
left_child=-1 2 3 6 7 -6 -2 10 9 -4 13 -12 -13 -5
right_child=1 -3 8 4 5 -7 -8 -9 -10 -11 11 12 -14 -15
leaf_value=0.00032329299386588307 -0.0026150800785206306 -0.00020342565739314358 0.024694143709041674 0.0068581933936099669 -0.022303664914697766 0.075369495895285299 -0.04700474506611909 -0.076314546421125271 -0.064621048020418514 -0.034728025665632788 -0.008995536036068473 0.029609898563762234 -0.034544256379377671 0.072905173707862078
leaf_weight=68381.85375995934 80.668570294976234 91210.486701190472 26.132747575640678 421.58680090308189 17.212536096572876 35.724518343806267 120.64680621027946 13.470935016870497 57.8001619130373 100.43639701604843 826.22153802216053 91.022648870944977 20.930094137787819 13.232498884201048
leaf_count=274881 325 366583 105 1689 69 143 487 54 233 404 3316 365 84 53
internal_value=-5.76881e-05 -0.000337712 -0.00704504 -0.00378412 -0.000195025 0.0437863 -0.0293183 -0.00190464 -0.0358872 -0.0223617 -0.00111956 -0.00582861 0.0174163 0.00903082
internal_weight=161417 93035.6 1825.09 1640.72 1439.4 52.9371 201.315 1386.46 184.369 126.569 1372.99 938.174 111.953 434.819
internal_count=648791 373910 7327 6585 5773 212 812 5561 742 509 5507 3765 449 1742
is_linear=0
shrinkage=0.05


Tree=169
num_leaves=15
num_cat=0
split_feature=2 2 6 9 9 2 2 9 1 1 1 2 0 2
split_gain=7.12538 31.1022 58.0567 28.0251 40.5145 33.6259 41.3184 30.6277 24.9795 24.9151 25.999 24.4025 38.0505 33.3843
threshold=-0.02140919771045446 -0.023038412444293496 0.0061282857786864051 -0.0032286819769069548 -0.003424099180847406 -0.037662921473383897 -0.028285232372581955 -0.0031254579080268736 0.039873948320746429 0.0084915705956518667 0.010781278833746912 -0.017483618110418316 -0.01542483316734433 -0.017736057750880715
decision_type=2 2 2 2 2 2 2 2 2 2 2 2 2 2
left_child=1 3 9 4 8 -6 -7 -5 -1 -3 -11 12 -2 -14
right_child=11 2 -4 7 5 6 -8 -9 -10 10 -12 -13 13 -15
leaf_value=-0.0025314287959008414 0.00063352259299045391 0.0018103731061068868 0.025810754203832043 0.037276295967541076 -0.080853031555059574 0.049459290066149235 -0.039659283267366528 0.0014636079645630562 0.036266874172073742 0.048623791351422009 0.0053001958462499214 2.4434727884261833e-05 -0.0046846815593288346 -0.019962182914098209
leaf_weight=5365.1773720830679 4138.281021669507 2139.9551824629307 322.05067133903503 59.080023393034935 27.553525671362877 17.058368116617203 45.850827544927597 9514.2248710244894 40.812301248311996 58.516732111573219 83.487595304846764 135395.21752996743 3786.6824972629547 394.05760696530342
leaf_count=21698 16626 8591 1293 240 112 69 184 38690 171 236 337 543668 15183 1580
internal_value=-2.05645e-05 0.000926785 0.00597151 5.47331e-05 -0.00279061 -0.0357911 -0.0150982 0.00168849 -0.00223187 0.00316154 0.023368 -0.000137074 -0.00276537 -0.0061291
internal_weight=161388 17673.8 2604.01 15069.8 5496.45 90.4627 62.9092 9573.3 5405.99 2281.96 142.004 143714 8319.02 4180.74
internal_count=648678 71621 10457 61164 22234 365 253 38930 21869 9164 573 577057 33389 16763
is_linear=0
shrinkage=0.05


Tree=170
num_leaves=15
num_cat=0
split_feature=5 7 6 6 2 1 2 5 1 7 7 0 6 4
split_gain=5.18817 10.6339 12.7427 9.27943 9.02562 8.70039 10.3728 8.25263 40.9479 23.8559 16.7701 14.3691 17.3683 27.8687
threshold=0.86538460850715648 -0.012536544818431137 0.0063387923873960981 0.007891997694969179 0.011380907148122789 0.022533345967531208 0.029783169738948349 0.71153846383094799 0.0078456075862050074 0.0020496711367741231 -0.0028616110794246192 -0.0072443911340087644 0.0087437876500189322 0.044264547526836402
decision_type=2 2 2 2 2 2 2 2 2 2 2 2 2 2
left_child=7 2 -2 5 -5 -3 -7 11 -9 10 -10 12 13 -1
right_child=1 3 -4 4 -6 6 -8 8 9 -11 -12 -13 -14 -15
leaf_value=-0.0011231946296277131 -0.012918218909452696 -0.00024450260866884857 0.045546605327811747 -0.013067476186192537 0.01222268463811583 -0.0039037819366253019 0.018358666265479391 0.0027290413924957596 0.0039221547261770401 0.0042490735291434937 -0.0027258603594954526 0.00028839479845421738 0.0039275752040456016 -0.018854018073604779
leaf_weight=28999.637471973896 13.890778705477713 16757.250271141529 25.226844243705273 253.99325023591518 40.136439755558968 2416.6179075837135 52.504591032862663 14471.558514289558 1051.5423198640347 1735.57357326895 9616.7210341244936 83955.434545576572 1707.7177681624889 222.32634045183659
leaf_count=116501 57 67399 104 1068 162 9744 211 58183 4236 6992 38662 337118 7021 947
internal_value=2.81817e-05 -0.000735158 0.0249811 -0.000787969 -0.0095867 -0.000652872 -0.00342314 0.000133509 0.000922248 -0.00118579 -0.00207028 -5.10091e-05 -0.000972266 -0.00125873
internal_weight=161320 19559.6 39.1176 19520.5 294.13 19226.4 2469.12 141761 26875.4 12403.8 10668.3 114885 30929.7 29222
internal_count=648405 78745 161 78584 1230 77354 9955 569660 108073 49890 42898 461587 124469 117448
is_linear=0
shrinkage=0.05


Tree=171
num_leaves=15
num_cat=0
split_feature=1 9 9 9 0 4 2 2 2 9 2 3 9 9
split_gain=7.36626 23.6456 25.7983 24.4992 18.7389 14.9238 14.105 13.5647 12.5054 20.4304 14.6418 13.0085 11.2433 12.2989
threshold=0.06886612251400949 0.0094584459438920038 0.014663514681160452 0.021912581287324432 0.060727361589670188 0.017303020693361763 0.013412682339549066 -0.010033237747848032 0.0086416294798254984 -0.025125470943748947 -0.00013518080959329379 -0.0027181747136637564 -0.013098375406116245 0.002277044928632677
decision_type=2 2 2 2 2 2 2 2 2 2 2 2 2 2
left_child=-1 4 -3 -4 5 -2 -5 -6 9 -9 -11 -10 -7 -14
right_child=1 2 3 6 7 12 -8 8 11 10 -12 -13 13 -15
leaf_value=-5.6976327345428356e-05 -0.061216272517199258 -0.04975993076668217 0.027650158245994677 0.013510590056968636 0.046405665305936233 -0.03174686260126372 -0.025054917530290502 -0.066341352265266773 0.020744917291493688 0.038598895261774901 -0.024681942712719021 -0.0037381115924429182 0.033213309599030155 -0.024952134330000712
leaf_weight=160791.52576881647 15.672256261110304 48.99228923022747 35.45774120092392 28.464744746685028 20.593694493174553 26.858693614602089 126.21147601306438 13.962228909134863 125.70066510140896 15.37489904463291 19.705445721745491 94.423365965485573 21.915283128619194 14.146165356039999
leaf_count=646287 63 202 144 115 85 108 509 56 505 62 79 380 88 57
internal_value=-7.77561e-05 -0.00556875 -0.0177771 -0.00931872 0.00238329 -0.0191209 -0.0179166 0.00826161 0.00518228 -0.0174174 0.00335369 0.0102734 -0.00784202 0.0103386
internal_weight=161399 607.479 239.126 190.134 368.353 78.5924 154.676 289.76 269.167 49.0426 35.0803 220.124 62.9201 36.0614
internal_count=648740 2453 970 768 1483 316 624 1167 1082 197 141 885 253 145
is_linear=0
shrinkage=0.05


Tree=172
num_leaves=15
num_cat=0
split_feature=9 1 9 1 1 1 9 6 0 5 0 1 6 4
split_gain=6.44926 28.4651 24.584 41.948 34.4458 71.5177 34.7956 29.6589 29.4834 22.9446 20.8549 20.7196 18.1886 17.6243
threshold=-0.013098375406116245 -0.029626567848026749 -0.010582643095403908 0.0025820549344643955 -0.020422806963324543 -0.011756773106753824 -0.011748491320759056 0.0026346035301685338 -0.0027606841176748271 0.51923078298568737 0.043025994673371322 0.0026726062642410402 0.007891997694969179 0.0031240487005561595
decision_type=2 2 2 2 2 2 2 2 2 2 2 2 2 2
left_child=1 -1 3 4 6 7 -2 13 -7 -3 11 -5 -13 -6
right_child=2 9 -4 10 5 8 -8 -9 -10 -11 -12 12 -14 -15
leaf_value=-0.025693600657642503 -0.0011515034806734495 -0.0028362059786016737 -2.0086293031677516e-05 0.043564291566121932 0.038195255778426668 0.0019519402907944669 0.066887769712128703 -0.054770041226721668 -0.016110388467076416 0.0012318653329031011 0.035639324121918441 0.0065815843542712336 -0.013007475829019018 -0.035843559895331972
leaf_weight=114.94737805426121 40.775182723999023 6978.7674046605825 142303.4350021705 35.831569343805313 15.484077528119089 1230.2222785800695 33.7993483543396 92.70664644241333 275.71149891614914 6884.5194264799356 60.610941722989082 3102.3510319292545 122.29864130914211 14.689654156565664
leaf_count=490 165 28042 571959 144 62 4939 137 373 1108 27681 246 12478 493 59
internal_value=3.90429e-06 -0.00102245 0.00010129 0.00353823 -0.00283984 -0.00436843 0.0301629 -0.0408868 -0.00136347 -0.000816055 0.00680941 0.00626271 0.00583484 0.00215696
internal_weight=161306 13978.2 147328 5024.48 1703.39 1628.81 74.5745 122.88 1505.93 13863.3 3321.09 3260.48 3224.65 30.1737
internal_count=648376 56213 592163 20204 6843 6541 302 494 6047 55723 13361 13115 12971 121
is_linear=0
shrinkage=0.05


Tree=173
num_leaves=15
num_cat=0
split_feature=8 6 6 2 6 9 9 1 1 9 1 9 2 2
split_gain=6.67629 11.6774 8.82759 19.9326 23.2785 25.2252 22.8237 22.1913 36.2793 35.6661 25.8113 42.9869 37.07 38.4814
threshold=0.015463388524949552 0.0042341512162238368 0.0048777011688798675 0.016469906084239486 0.0072751666884869346 0.066848751157522215 -0.06296867877244948 0.0098798735998570936 0.011051546782255174 0.012077849358320238 0.0038075648481026296 0.026292044669389728 -0.014215213712304829 -0.045166904106736176
decision_type=2 2 2 2 2 2 2 2 2 2 2 2 2 2
left_child=2 -2 -1 7 6 -6 -5 10 9 -9 -4 -12 13 -13
right_child=1 -3 3 4 5 -7 -8 8 -10 -11 11 12 -14 -15
leaf_value=-8.9361980213678401e-05 0.0033718924897827699 -0.0044997368897032345 0.00059288044711230221 -0.04009578071807085 0.002159717815346701 -0.042148373823845994 0.014616539098206592 -0.0066863326248853957 -0.00034884799137191436 -0.036302366551029759 0.0042641237815103086 -0.035466201617188019 0.0025167260176786783 0.054088593892426609
leaf_weight=135136.40671640635 627.44582541286945 1882.9770259782672 8665.1538434997201 18.666628509759903 530.21145814657211 33.190107882022858 685.32799057662487 491.82168707251549 9576.0926193669438 127.37525273859501 3275.5532141625881 12.725160256028174 88.413690254092216 112.40076811611652
leaf_count=542731 2519 7639 35079 75 2136 134 2760 1978 38578 517 13196 59 354 453
internal_value=2.60443e-05 -0.00253177 6.65076e-05 0.000958361 0.00705568 -0.000520535 0.013111 0.000612295 -0.0011079 -0.0128274 0.00205521 0.00568568 0.0273699 0.044772
internal_weight=161264 2510.42 158753 23616.9 1267.4 563.402 703.995 22349.5 10195.3 619.197 12154.2 3489.09 213.54 125.126
internal_count=648208 10158 638050 95319 5105 2270 2835 90214 41073 2495 49141 14062 866 512
is_linear=0
shrinkage=0.05


Tree=174
num_leaves=15
num_cat=0
split_feature=1 1 9 9 1 9 0 1 9 9 0 9 9 9
split_gain=8.58567 19.8388 33.6814 36.5621 25.5357 35.8524 33.1186 35.8269 34.0465 73.558 33.1334 32.1874 53.7334 26.0692
threshold=0.017537609674036506 0.020733339712023739 -0.06296867877244948 -0.0031254579080268736 0.020413299091160301 -0.013494529295712708 -0.018255665898323056 0.019267629832029346 -0.0063734247814863912 -0.0071463745553046456 0.0096229203045368212 -0.0044065767433494321 -0.0046203839592635623 -0.010348815470933912
decision_type=2 2 2 2 2 2 2 2 2 2 2 2 2 2
left_child=-1 2 -2 4 6 -6 -4 8 9 -8 -10 12 -9 -7
right_child=1 -3 3 -5 5 13 7 11 10 -11 -12 -13 -14 -15
leaf_value=-0.0002949595772114269 0.052829694148034047 -0.00015558579598835872 0.046203902332875579 0.0051537062144571266 -0.050723406373776453 0.04596609066450151 -0.0060712351442197649 0.0059625345510944429 -0.045158041379457899 0.038707971322207685 -0.010956935265144387 0.034193044084327003 -0.06543079591549994 -0.014064351052191405
leaf_weight=134603.42099171132 32.630375549197197 19168.453853525221 35.846234545111656 4887.6176158189774 61.769934460520744 20.164226815104485 842.10123117268085 666.09335850179195 89.22961300611496 101.90459786355495 334.34482374787331 93.969496175646782 26.441540271043777 123.69413655996323
leaf_count=540932 132 77166 147 19642 248 81 3383 2675 358 409 1344 378 106 497
internal_value=-0.000133042 0.000689866 0.00290479 0.00267389 -0.00238567 -0.0191881 -0.000799934 -0.0016032 -0.00649168 -0.00120151 -0.0182511 0.00689436 0.00314627 -0.00539082
internal_weight=161088 26484.3 7315.81 7283.18 2395.56 205.628 2189.93 2154.08 1367.58 944.006 423.574 786.504 692.535 143.858
internal_count=647498 106566 29400 29268 9626 826 8800 8653 5494 3792 1702 3159 2781 578
is_linear=0
shrinkage=0.05


Tree=175
num_leaves=15
num_cat=0
split_feature=1 1 4 2 2 1 5 1 2 4 6 6 0 1
split_gain=9.98054 28.0325 27.505 15.843 30.1503 30.1133 19.2526 15.8783 15.7074 42.3428 34.1156 25.2229 24.1085 20.6267
threshold=0.033487042412161834 0.027869404293596748 0.024179974570870403 0.016469906084239486 0.015260808169841768 0.02710268180817366 0.36538462340831762 0.017537609674036506 0.009006246458739044 0.0030273967422544961 0.0036467709578573708 0.0047851721756160268 -0.0077031548134982577 0.02710268180817366
decision_type=2 2 2 2 2 2 2 2 2 2 2 2 2 2
left_child=1 3 -3 4 7 6 -6 -1 11 -10 -11 -9 -13 -12
right_child=-2 2 -4 -5 5 -7 -8 8 9 10 13 12 -14 -15
leaf_value=-0.00019420918754656927 0.001919296313754984 -0.0034455349034127692 -0.023235643998131491 0.010480476168524799 -0.013657306600596376 0.031090090659498665 -0.045962243234255989 0.0035408931800564886 -0.0082332548137503247 -0.001577287425596912 0.010788013720207892 0.011527542242364786 -0.0027042402458864038 0.045956635817365997
leaf_weight=134746.36712819338 6211.4283831939101 3480.7722766548395 183.95178039371967 357.36998066306114 146.16246353089809 27.164791867136955 67.344841182231903 9601.9516267776489 1380.096112087369 1064.6466633081436 514.23543021082878 326.83859100937843 3223.3363141715527 44.541850119829178
leaf_count=541499 25045 14005 762 1436 587 109 271 38575 5551 4280 2065 1333 12952 179
internal_value=-4.58363e-05 -0.000124515 -0.00444497 -1.9976e-05 -4.4873e-05 -0.0176912 -0.0240138 -1.66119e-05 0.00146456 -0.00179744 0.00367545 0.00220957 -0.00139115 0.0136685
internal_weight=161376 155165 3664.72 151500 151143 240.672 213.507 150902 16155.6 3003.52 1623.42 13152.1 3550.17 558.777
internal_count=648649 623604 14767 608837 607401 967 858 606434 64935 12075 6524 52860 14285 2244
is_linear=0
shrinkage=0.05


Tree=176
num_leaves=15
num_cat=0
split_feature=2 2 9 9 9 9 9 9 6 2 3 1 2 6
split_gain=7.18059 60.3783 33.7571 35.48 32.7218 70.4402 67.217 46.4508 32.7163 29.0268 24.3792 23.5546 21.9525 24.0886
threshold=-0.017483618110418316 -0.018784416839480397 0.025094754062592987 0.036263292655348785 -0.006225867196917533 -0.0078412750735878927 -0.0057025735732167951 -0.0080061550252139551 0.0029528614832088356 -0.05689458176493644 -0.033050207421183579 0.039873948320746429 -0.02140919771045446 0.0037586690159514551
decision_type=2 2 2 2 2 2 2 2 2 2 2 2 2 2
left_child=1 4 -3 -4 5 7 8 11 -6 -10 -7 -1 -11 -14
right_child=-2 2 3 -5 6 10 -8 -9 9 12 -12 -13 13 -15
leaf_value=-0.0018370118484832304 9.5743476733086718e-05 -0.0082529884734123295 0.044515873509554306 -0.012828968132612587 -0.0025822298409584215 0.012581696507655985 0.00080422721654360273 0.039878497224952229 -0.029722677218460399 0.048770541624218844 -0.019660689652357143 0.034545940414081551 0.060518705356038351 -0.019876417401246238
leaf_weight=5131.7769825160503 135414.18598793447 3059.2263379395008 61.932675898075104 46.577001422643661 78.179346889257431 63.148305982351303 16437.895623452961 67.651238471269608 15.256200507283209 156.59391076862812 719.98301446437836 43.876277029514313 12.985698804259298 26.981694221496582
leaf_count=20732 543763 12278 249 187 314 258 66526 272 63 630 2892 185 52 108
internal_value=-5.02024e-05 -0.000812583 -0.00727889 0.0200086 8.79017e-05 -0.00307078 0.00122597 -0.000980296 0.0250467 0.0352085 -0.0170481 -0.00152196 0.0403731 0.00708418
internal_weight=161336 25922.1 3167.74 108.51 22754.3 6026.44 16727.9 5243.3 289.997 211.818 783.131 5175.65 196.561 39.9674
internal_count=648509 104746 12714 436 92032 24339 67693 21189 1167 853 3150 20917 790 160
is_linear=0
shrinkage=0.05


Tree=177
num_leaves=15
num_cat=0
split_feature=3 8 2 2 9 9 9 1 9 2 1 9 1 3
split_gain=6.50326 12.4729 12.2462 28.4222 18.9778 19.7615 18.289 32.4312 28.1688 20.1625 12.4234 21.443 23.172 25.793
threshold=-0.002861062996089458 -0.00016589078586548564 -0.021008808165788647 -0.023984714411199089 0.020283118821680549 0.027922209352254871 0.015062558930367233 -0.0076346143614500752 0.013161337468773128 -0.02176778111606836 0.017537609674036506 -0.00074787970515899349 0.0083948415704071539 -0.010937387123703955
decision_type=2 2 2 2 2 2 2 2 2 2 2 2 2 2
left_child=1 -1 3 -3 6 -6 8 -8 -5 -10 11 -4 -13 -14
right_child=-2 2 10 4 5 -7 7 -9 9 -11 -12 12 13 -15
leaf_value=0.00021350663571245265 0.00048684935853201926 -0.00081944066448911299 -7.4945080850802271e-05 0.0091423958491014083 -0.029743995576289969 0.010870010832818669 -0.033215574770602746 0.05460263250748261 0.010242807962189111 -0.058810574630841522 0.00074420204294024426 -0.0018455699314649009 0.0010707261791390961 -0.0086134142675932217
leaf_weight=68817.303835786879 58972.591014683247 4632.3709832727909 9149.5302277952433 1194.1125075221062 66.320044308900833 53.224490433931351 12.705422550439833 47.3081174492836 17.047136127948761 25.75245326757431 5394.5497146248817 9107.8460061848164 886.96251945197582 3054.4681250751019
leaf_count=276726 236835 18843 36727 4790 267 214 51 191 69 104 21701 36528 3577 12268
internal_value=6.85502e-05 -0.000172213 -0.000961209 0.00107615 0.00727161 -0.0117214 0.00902997 0.035771 0.00770468 -0.0317006 -0.00140785 -0.00193083 -0.00323198 -0.00643442
internal_weight=161432 102460 33642.2 6048.84 1416.47 119.545 1296.93 60.0135 1236.91 42.7996 27593.4 22198.8 13049.3 3941.43
internal_count=648891 412056 135330 24529 5686 481 5205 242 4963 173 110801 89100 52373 15845
is_linear=0
shrinkage=0.05


Tree=178
num_leaves=15
num_cat=0
split_feature=8 2 3 0 9 9 9 2 9 0 2 2 2 9
split_gain=8.02689 13.1758 29.3182 20.5662 16.9747 37.8882 42.7232 34.3416 33.1835 53.8553 33.2101 39.4852 31.2919 28.4969
threshold=0.0028741512214764957 -0.0046308089513331643 -0.0059106273110955945 0.0080574662424623984 0.0073002337012439975 0.0096438424661755579 0.011341324541717769 -0.0072905998677015296 -0.0029268063372001048 0.0021559151355177168 -0.02028305176645517 -0.017483618110418316 -0.011171708814799784 0.00047899252967908984
decision_type=2 2 2 2 2 2 2 2 2 2 2 2 2 2
left_child=1 2 -1 4 8 7 -7 12 -4 10 -10 -12 -6 -13
right_child=-2 -3 3 -5 5 6 -8 -9 9 -11 11 13 -14 -15
leaf_value=-0.00013406490141464424 -0.00064728104974443328 -0.00041434423403601846 0.0045007270518933615 -0.0034536438385793355 0.014617866101825772 -0.0079045659505122268 0.0053369178667950134 0.024176181902436516 0.011171821582690906 0.010355574363164961 -0.017034284083716267 -0.0053167236789281704 -0.0031936455478820194 0.00087447910777971284
leaf_weight=43097.712306469679 40949.284505330026 54294.477327108383 6549.6962169408798 1568.1676863580942 574.4904657304287 795.4384893476963 2590.0544108003378 408.5472689718008 501.08129435777664 1105.4170477390289 417.67770649492741 2857.0512228310108 430.93158802390099 5314.2806116491556
leaf_count=173502 164679 218047 26349 6296 2301 3186 10385 1637 2009 4436 1673 11482 1727 21296
internal_value=-4.25089e-05 0.000163005 0.000636446 0.00207313 0.00247555 0.00509681 0.00222435 0.011968 0.001724 -6.00691e-05 -0.00132768 -0.00205812 0.00698813 -0.00129062
internal_weight=161454 120505 66210.5 23112.8 21544.7 4799.46 3385.49 1413.97 16745.2 10195.5 9090.09 8589.01 1005.42 8171.33
internal_count=649005 484326 266279 92777 86481 19236 13571 5665 67245 40896 36460 34451 4028 32778
is_linear=0
shrinkage=0.05


Tree=179
num_leaves=15
num_cat=0
split_feature=9 1 1 3 9 9 2 2 9 6 1 3 6 9
split_gain=8.51695 29.0253 35.6672 30.9806 35.5852 27.8739 23.1029 26.4804 25.0654 21.857 30.5461 25.7042 27.8227 34.455
threshold=-0.019742297939956185 0.033487042412161834 0.024352884851396087 -0.029652628116309639 -0.06296867877244948 -0.025125470943748947 0.020417290739715103 0.016469906084239486 -0.020877634175121781 0.0034453561529517178 0.045770019292831428 -0.014981396961957215 0.0087437876500189322 -0.033777330070734017
decision_type=2 2 2 2 2 2 2 2 2 2 2 2 2 2
left_child=1 2 5 -4 -5 -1 7 8 -6 -3 11 12 13 -11
right_child=-2 9 3 4 6 -7 -8 -9 -10 10 -12 -13 -14 -15
leaf_value=0.0011190129777830574 -1.6217230193482346e-05 -0.015362793158699982 -0.050470656451201204 0.035380461680886412 -0.010510100255483178 -0.0062580143030485707 0.02299355953349044 -0.057434114681233363 -0.055254064413210485 -0.055118232816809734 0.00029826950918140937 0.026831244159560688 0.025819220760930878 0.014440432879920676
leaf_weight=3213.0577912628651 154354.03900818527 107.00935144722462 53.605276212096214 37.652376636862755 422.29211057722569 2127.6469889730215 37.612743049860001 36.933190926909447 32.911074280738831 35.442134022712708 515.14834189414978 285.32773189246655 55.499711394309998 34.160561680793762
leaf_count=12949 620409 429 219 151 1693 8561 151 148 132 142 2079 1146 223 137
internal_value=-9.35517e-05 -0.00179997 -0.00314057 -0.0144722 -0.0109884 -0.00182049 -0.0143446 -0.0172391 -0.0138591 0.00593568 0.00841199 0.0185704 -0.000333965 -0.0212583
internal_weight=161348 6994.3 5961.71 621.007 567.401 5340.7 529.749 492.136 455.203 1032.59 925.578 410.43 125.102 69.6027
internal_count=648569 28160 24004 2494 2275 21510 2124 1973 1825 4156 3727 1648 502 279
is_linear=0
shrinkage=0.05


Tree=180
num_leaves=15
num_cat=0
split_feature=8 2 7 5 9 1 7 4 9 9 2 2 1 9
split_gain=6.7689 12.2893 11.3835 11.1947 10.3423 11.278 10.4452 10.1495 8.21607 43.5297 39.5054 57.4178 57.0349 47.7398
threshold=-0.015088988468050955 0.029783169738948349 -0.0047104391269385806 0.86538460850715648 -0.048088205978274338 -0.024139321409165856 0.0078729297965765017 0.01902811881154776 -0.0054442693945020429 -0.0048643960617482654 -0.0024915890535339709 -0.021008808165788647 -0.012440655846148728 -0.0052075474523007861
decision_type=2 2 2 2 2 2 2 2 2 2 2 2 2 2
left_child=1 3 -2 4 7 -6 -7 -1 -4 10 11 12 -10 -12
right_child=2 -3 8 -5 5 6 -8 -9 9 -11 13 -13 -14 -15
leaf_value=-0.020489757079983736 0.0019192437444699867 -0.037203878468043156 -0.00082868609108193423 -0.014457818873741868 0.01243359232766645 -0.0024716787104171602 -0.027914986808175848 0.021428529057225129 0.026674461038255888 -0.00011201741352200687 0.010861965855667496 0.014350117275966424 -0.024573957160170568 -0.0097107711057020721
leaf_weight=16.612221166491508 6897.3336633741856 24.505172118544579 35068.28797018528 175.56965942680836 124.96351435780525 2075.8765001222491 40.150629840791225 82.865666478872299 73.84024478495121 113914.54747240245 480.38449315726757 1542.6770404726267 197.27739614248276 679.82069158554077
leaf_count=68 27772 100 140954 724 527 8460 167 337 297 457697 1931 6203 793 2732
internal_value=-0.000108246 -0.00266821 -6.72882e-05 -0.0023172 -0.00140069 -0.00210345 -0.00296741 0.0142942 -0.000157469 4.39113e-05 0.00601455 0.0106215 -0.0105695 -0.00119058
internal_weight=161395 2540.54 158854 2516.04 2340.47 2240.99 2116.03 99.4779 151957 116889 2974 1813.79 271.118 1160.21
internal_count=648762 10383 638379 10283 9559 9154 8627 405 610607 469653 11956 7293 1090 4663
is_linear=0
shrinkage=0.05


Tree=181
num_leaves=15
num_cat=0
split_feature=8 5 5 9 2 9 2 2 9 9 1 3 2 1
split_gain=6.86619 9.96464 18.1213 22.2123 12.255 8.32575 15.4312 25.2313 7.74077 31.9446 45.3251 22.5382 26.5161 35.3223
threshold=0.019460854120552543 0.75000000000000011 0.59615385532379161 -0.0019307092297822235 -0.039388114586472504 0.0014130827621556821 -0.00013518080959329379 -0.0029343628557398911 -0.025125470943748947 -0.020877634175121781 -0.015236723702400921 -0.017695456743240353 -0.0082617243751883489 0.00044320510642137384
decision_type=2 2 2 2 2 2 2 2 2 2 2 2 2 2
left_child=8 2 5 -4 -3 -2 7 -7 -1 10 -10 -12 13 -13
right_child=1 4 3 -5 -6 6 -8 -9 9 -11 11 12 -14 -15
leaf_value=0.0021904773067717566 -0.0071981740163555383 0.045536751111332069 0.0033618608752193665 -0.041355192309795036 0.002100704061331257 0.0035618354111129446 -0.0081536442173525837 0.047119380978086794 -0.045655525598230766 0.00011018633593302733 -0.019418268930317163 -0.0062564876491439702 -0.0077739252936042157 0.018401892187765265
leaf_weight=4264.3342522233725 532.84222723543644 20.381079398095608 45.867218509316444 68.843698292970657 67.961889520287514 272.26259114593267 230.96026785671711 36.906289681792259 70.035813704133034 153925.13301926851 232.27242133021355 298.47319324314594 976.85251450538635 281.18036226928234
leaf_count=17177 2148 90 187 301 275 1101 928 148 289 618650 939 1199 3920 1128
internal_value=5.98857e-05 -0.00359188 -0.00479978 -0.0236005 0.0125191 -0.0027697 0.00160427 0.00889656 8.90226e-05 3.1485e-05 -0.00648219 -0.00492379 -0.00274975 0.00571598
internal_weight=161324 1276.03 1187.68 114.711 88.343 1072.97 540.129 309.169 160048 155784 1858.81 1788.78 1556.51 579.654
internal_count=648480 5178 4813 488 365 4325 2177 1249 643302 626125 7475 7186 6247 2327
is_linear=0
shrinkage=0.05


Tree=182
num_leaves=15
num_cat=0
split_feature=1 1 2 9 9 2 9 2 9 2 3 1 2 9
split_gain=10.5814 33.6904 31.7822 27.2189 37.116 28.6283 30.0828 64.5291 30.5082 22.3614 24.5238 22.1115 49.9214 31.3127
threshold=0.004295722348615528 0.0045627732761204251 -0.003821770078502595 0.010130255948752167 0.032616043463349349 -0.035842016339302056 -0.012411925476044415 -0.014391312841325997 -0.022155738435685631 -0.024484707973897454 -0.0011676875874400137 0.0043760198168456563 -0.0023101567057892676 -0.015916204079985615
decision_type=2 2 2 2 2 2 2 2 2 2 2 2 2 2
left_child=2 3 -1 5 -5 -2 7 8 -7 -8 -11 12 -9 -13
right_child=1 -3 -4 4 -6 6 9 11 -10 10 -12 13 -14 -15
leaf_value=1.1750031117792866e-05 0.082013469445127524 0.00031199879581404294 -0.0033172152521825969 -0.01632378994892494 0.049335469538215562 0.0047379541988917572 -0.038364449995406384 -0.095835319926388163 0.081658917656265179 0.015446077316898791 0.00014476403606571291 0.013058891789407485 0.021460254747506208 -0.046656318782980828
leaf_weight=64411.369834557176 12.431911304593084 86972.067867524922 8066.8295225948095 199.53632088005543 23.13624519109726 32.644656345248222 21.601266548037529 28.147382512688637 20.446236863732338 1101.4156417250633 343.46491202712059 45.8758544921875 12.710084587335585 40.515445411205292
leaf_count=258976 50 349642 32332 807 93 131 87 113 82 4428 1383 184 51 163
internal_value=8.95414e-05 0.000455257 -0.000358805 0.00707217 -0.00931156 0.00927516 0.00867662 -0.0105507 0.0353236 0.0110467 0.0118114 -0.0298166 -0.0597056 -0.0151595
internal_weight=161332 88854 72478.2 1881.93 222.673 1659.25 1646.82 180.34 53.0909 1466.48 1444.88 127.249 40.8575 86.3913
internal_count=648522 357214 291308 7572 900 6672 6622 724 213 5898 5811 511 164 347
is_linear=0
shrinkage=0.05


Tree=183
num_leaves=15
num_cat=0
split_feature=9 1 1 9 6 3 1 1 6 1 1 9 9 9
split_gain=5.76182 17.4341 47.355 27.1891 31.9399 34.3014 29.2413 30.7425 49.1498 26.9431 49.977 34.3196 110.996 32.7029
threshold=0.0066902458202093848 0.0083948415704071539 0.0097536239773035067 0.025094754062592987 0.0032015539472922687 -0.0048193146940320722 0.0084915705956518667 0.00906195677816868 0.002264169394038618 -0.0073532618116587392 -0.011101994197815655 0.021912581287324432 0.030197517015039924 0.0069224771577864894
decision_type=2 2 2 2 2 2 2 2 2 2 2 2 2 2
left_child=-1 9 3 6 -5 -6 -3 8 -8 10 -2 -12 -13 -11
right_child=1 2 -4 4 5 -7 7 -9 -10 13 11 12 -14 -15
leaf_value=0.00023212429362634798 0.0014130373507612092 -0.035649594920578474 -0.0007903071376786961 -0.021333814559062355 0.048250618271022234 -0.010654446577452159 -0.023001434857088179 -0.016312563329593407 0.0067772800935413493 -0.0097880767256981298 -0.012490090741173661 0.035915184429024298 -0.020983602914918333 0.0016092643560180996
leaf_weight=119809.42351561785 2602.8898422718048 115.09327961504459 15835.27286952734 52.137655913829803 65.011490255594254 39.010097995400429 193.11187823116779 779.60491728782654 483.24984961748123 650.14321431517601 1532.6132342517376 156.6003041267395 186.942830696702 18848.178598865867
leaf_count=481196 10604 464 63862 209 268 157 781 3153 1957 2609 6163 633 751 75773
internal_value=5.61889e-05 -0.000451238 -0.00164806 -0.00950697 0.010341 0.026269 -0.0114851 -0.00955178 -0.00174642 0.000425418 -0.00307118 -0.00928982 0.00498204 0.00122875
internal_weight=161349 41539.9 17562.5 1727.22 156.159 104.022 1571.06 1455.97 676.362 23977.4 4479.05 1876.16 343.543 19498.3
internal_count=648580 167384 70851 6989 634 425 6355 5891 2738 96533 18151 7547 1384 78382
is_linear=0
shrinkage=0.05


Tree=184
num_leaves=15
num_cat=0
split_feature=8 1 2 7 0 6 2 1 1 1 1 7 6 4
split_gain=5.74265 12.2105 11.3596 9.58582 7.67063 22.9323 19.3422 12.0454 10.0809 10.2045 15.4488 9.38455 12.0935 6.9232
threshold=-0.0093070548027753813 -0.024139321409165856 -0.05689458176493644 -0.0045392096508294335 -0.048217911273241036 0.015405554324388506 -0.04190170764923095 -0.0027821296826004978 -0.018114853650331494 -0.011101994197815655 -0.014063136652112005 0.005372613202780486 0.0068100923672318467 0.0094110998325049895
decision_type=2 2 2 2 2 2 2 2 2 2 2 2 2 2
left_child=1 2 -1 -2 5 -3 8 -7 -6 10 -10 13 -13 -8
right_child=3 4 -4 -5 6 7 11 -9 9 -11 -12 12 -14 -15
leaf_value=0.00039388381679261264 0.0020551993106132449 -0.014139710685944036 0.021212074897606906 -3.0014615209048843e-05 -0.0094465411280949419 -0.0027708354930253802 -0.019117485091977016 0.066178623181845683 0.015336715564684853 0.0095217966219946146 0.068553081107564459 -0.041531636879295605 -0.0069304986823900258 -0.0014327781002141655
leaf_weight=155.41166586428881 5724.651597827673 258.73031624406576 112.34358984231949 147342.06121412665 44.670488804578781 11.277243033051493 54.777685105800629 13.228844836354254 41.057578817009926 154.51901960372925 20.054595306515694 30.619533821940422 128.41894714534283 7207.3462882339954
leaf_count=667 23032 1113 455 592035 181 50 220 57 166 631 81 124 518 29075
internal_value=-2.12075e-05 -0.00130755 0.00917512 4.79847e-05 -0.00166107 -0.00972741 -0.00136241 0.0355847 0.0120082 0.0164759 0.0336228 -0.00183295 -0.0138101 -0.00156879
internal_weight=161299 8232.46 267.755 153067 7964.7 283.236 7681.46 24.5061 260.302 215.631 61.1122 7421.16 159.038 7262.12
internal_count=648405 33338 1122 615067 32216 1220 30996 107 1059 878 247 29937 642 29295
is_linear=0
shrinkage=0.05


Tree=185
num_leaves=15
num_cat=0
split_feature=9 9 2 6 2 2 2 9 9 3 2 4 2 9
split_gain=8.25283 29.8048 39.4042 43.8638 36.6817 35.5248 36.2148 33.4029 29.386 41.3517 27.5396 24.3301 24.1129 21.7528
threshold=-0.001576875685714185 -0.0018418424297124145 -0.011621824465692042 0.0047016304451972255 -0.0090801883488893492 -0.0014671848621219394 -0.001728588482365012 -0.0016609031008556483 -0.0013909313711337743 -0.0086681330576539022 -0.0075119885150343171 0.0074976375326514253 -0.0010903811198659239 -0.0022281075362116094
decision_type=2 2 2 2 2 2 2 2 2 2 2 2 2 2
left_child=1 13 3 -3 -4 6 11 -5 9 10 -2 -6 -7 -1
right_child=8 2 4 7 5 12 -8 -9 -10 -11 -12 -13 -14 -15
leaf_value=0.00045167851591604064 0.021178843588263704 -0.012492996045010999 0.035877119663882136 0.04926619174424593 0.0081150287402310863 0.053479958008686337 -0.052285759035343049 -0.035195328473323233 -0.00019001003630032316 -0.013023451805545431 -0.0096030556298623785 -0.014171866294116847 0.014411273034638673 -0.0043044871696793531
leaf_weight=57529.828751087189 172.97579215466976 393.80142582952976 130.18808187544346 52.578663632273674 542.10844586789608 41.799707412719727 29.820566415786743 14.197274342179297 98166.251942954957 946.84761866927147 123.99081483483315 157.13865776360035 545.12776567041874 2507.8733089566231
leaf_count=231303 694 1580 524 211 2183 168 120 57 394579 3806 498 631 2195 10082
internal_value=-4.54564e-06 0.000448447 0.00660104 -0.00612575 0.0106557 0.00813524 0.000759853 0.0310544 -0.000286816 -0.00792081 0.00833755 0.00309351 0.0172799 0.000252937
internal_weight=161355 61944.5 1906.76 460.577 1446.18 1316 729.068 66.7759 99410.1 1243.81 296.967 699.247 586.927 60037.7
internal_count=648631 249054 7669 1848 5821 5297 2934 268 399577 4998 1192 2814 2363 241385
is_linear=0
shrinkage=0.05


Tree=186
num_leaves=15
num_cat=0
split_feature=4 8 6 4 2 9 2 2 2 2 2 6 2 2
split_gain=7.25937 11.8086 17.8157 31.0268 19.8062 18.8631 15.5237 15.1488 17.0609 12.9498 33.706 16.558 16.5181 19.4946
threshold=0.0016742319567129018 0.00028361348086036747 0.0021824482828378682 0.011840393766760828 0.00068373218527995061 0.0096438424661755579 -0.020611031912267205 -0.0069711240939795962 -0.01904042903333902 -0.011621824465692042 -0.010397875215858219 0.0012290667509660127 -0.019950586371123787 -0.017243870534002777
decision_type=2 2 2 2 2 2 2 2 2 2 2 2 2 2
left_child=-1 -2 3 4 5 9 -7 8 -5 11 -11 -3 -13 -14
right_child=1 2 -4 7 -6 6 -8 -9 -10 10 -12 12 13 -15
leaf_value=0.00057777557073776368 0.00016966183844921049 0.039141233337828256 -0.00036997750489288169 0.020278584528092919 -0.0095892555190124802 -0.045444990957584058 -0.0092924222106286532 0.03119877192373352 -0.0015133313446865308 0.015644266062109752 -0.0017123117991036719 0.01014984791783087 -0.025539392710229421 -0.0063441752420156832
leaf_weight=44449.385851353407 79780.131409309804 18.470203891396523 29821.995617300272 132.08689631521702 1283.6257110089064 30.537000298500061 537.08389136195183 66.327244475483894 275.85839779675007 302.60594837367535 3553.9548428952694 117.85734154284 159.09089788794518 768.63962358236313
leaf_count=178532 320776 74 119993 532 5165 123 2161 267 1111 1216 14269 473 638 3081
internal_value=3.39271e-05 -0.000172957 -0.000910347 -0.00313392 -0.00400012 -0.00269139 -0.0113139 0.00921653 0.00557492 -0.00169464 -0.000346721 -0.00657512 -0.00741932 -0.0096598
internal_weight=161298 116848 37068.1 7246.14 6771.87 5488.24 567.621 474.273 407.945 4920.62 3856.56 1064.06 1045.59 927.731
internal_count=648411 469879 149103 29110 27200 22035 2284 1910 1643 19751 15485 4266 4192 3719
is_linear=0
shrinkage=0.05


Tree=187
num_leaves=15
num_cat=0
split_feature=9 9 0 2 2 3 2 2 2 2 5 2 9 3
split_gain=6.11 18.6128 64.2617 45.9572 33.0551 31.5509 25.664 32.05 34.661 31.0866 29.1501 28.9461 27.3914 24.5596
threshold=0.0097986925393342989 0.010299944318830969 0.0089102271012961882 -0.00091794031322933723 0.00047153526975307619 -0.017429742030799385 -0.027592835947871205 -0.011467990465462206 -0.014739484060555695 -0.020611031912267205 0.78846153616905224 -0.0025889363605529066 0.010130255948752167 -0.0095177078619599325
decision_type=2 2 2 2 2 2 2 2 2 2 2 2 2 2
left_child=-1 2 3 5 -5 -2 12 8 9 10 -8 -9 -7 -4
right_child=1 -3 13 4 -6 6 7 11 -10 -11 -12 -13 -14 -15
leaf_value=4.2080189295707829e-05 -0.029837397192667911 -0.00042448400874387643 0.045797867643062234 -0.061379644915858705 -0.018865865940245016 -0.069642761259527494 0.0052142622078231076 -0.014129994221916846 0.02953576147364901 -0.013862474556028926 0.069379118565826667 0.020022094201116114 0.0045940598610867715 0.0063327313921325281
leaf_weight=133382.92778110504 135.54028084874153 26016.372027538717 42.189365237951279 66.924517795443535 144.48034463822842 28.879658162593842 69.411948561668396 508.42803806066513 129.78819006681442 179.87443308532238 22.84623683989048 69.758194953203201 21.070817396044731 458.99685238301754
leaf_count=535773 557 104999 171 269 581 116 279 2040 521 723 92 280 85 1844
internal_value=-9.86603e-05 -0.000771614 -0.00557722 -0.011155 -0.0325501 -0.00725002 -0.00425181 -0.00245065 0.00838164 -0.00177859 0.0216772 -0.00998209 -0.0388516 0.00973945
internal_weight=161277 27894.6 1878.19 1377 211.405 1165.6 1030.06 980.107 401.921 272.133 92.2582 578.186 49.9505 501.186
internal_count=648330 112557 7558 5543 850 4693 4136 3935 1615 1094 371 2320 201 2015
is_linear=0
shrinkage=0.05


Tree=188
num_leaves=15
num_cat=0
split_feature=9 6 1 9 1 1 2 2 2 2 9 3 1 1
split_gain=5.44988 20.1108 22.4974 21.8849 54.5666 25.5892 20.5128 33.088 60.8931 29.0766 22.6831 21.8918 20.4275 44.8828
threshold=-0.014873661100864409 0.0068100923672318467 -0.029626567848026749 -0.016485468484461304 -0.016574551351368424 0.025449499487876896 -0.0044493661262094966 0.0013298945850692692 0.003153536701574922 -0.02176778111606836 -0.015916204079985615 -0.014611624646931885 0.0088368887081742304 0.012543915770947935
decision_type=2 2 2 2 2 2 2 2 2 2 2 2 2 2
left_child=1 2 -1 -4 -5 6 9 -8 -9 10 11 -6 -11 -14
right_child=-2 -3 3 4 5 -7 7 8 -10 12 -12 -13 13 -15
leaf_value=-0.03790624360256592 2.861019586335498e-05 0.0032219252232535108 -0.0007862192322730709 -0.074682451056149124 -0.037705867564669898 -0.025067514924365004 0.014239665005169542 -0.035619638376156969 0.0098005286133770846 -0.0087343390370630044 0.023842753193935758 0.029819130111899506 -0.053813578491490488 0.0018410200912847463
leaf_weight=42.72238777577877 149861.8603304252 2172.5122254192829 7477.7898436933756 28.324018970131874 35.946728765964508 156.41576510667801 321.07221655547619 123.64948225021362 180.084482178092 594.75841324031353 106.4109083712101 16.899585455656052 82.112991973757744 64.100591450929642
leaf_count=182 602411 8784 30051 116 146 627 1287 496 722 2385 431 68 329 257
internal_value=-5.15707e-05 -0.00110526 -0.00212398 -0.00195349 -0.00705514 -0.00587225 -0.00388834 0.00306957 -0.00874614 -0.00871554 0.010618 -0.0159595 -0.0128796 -0.0295676
internal_weight=161265 11402.8 9230.29 9187.57 1709.78 1681.45 1525.04 624.806 303.734 900.229 159.257 52.8463 740.972 146.214
internal_count=648292 45881 37097 36915 6864 6748 6121 2505 1218 3616 645 214 2971 586
is_linear=0
shrinkage=0.05


Tree=189
num_leaves=15
num_cat=0
split_feature=8 8 5 9 0 2 9 2 9 4 2 9 9 5
split_gain=7.78703 10.4434 18.0446 20.8677 20.0711 28.2568 19.7188 18.334 29.464 16.4432 19.4299 16.9287 13.7407 13.5909
threshold=-0.0093070548027753813 -0.00053506108815781761 0.25000000745058065 0.05140319652855397 0.029098741710186008 -0.027592835947871205 0.032616043463349349 0.015260808169841768 0.066848751157522215 0.0034028078662231569 -0.045166904106736176 0.066848751157522215 -0.0393416229635477 0.36538462340831762
decision_type=2 2 2 2 2 2 2 2 2 2 2 2 2 2
left_child=-1 12 6 -4 5 9 -3 -6 -9 -5 -11 -12 -2 -14
right_child=1 2 3 4 7 -7 -8 8 -10 10 11 -13 13 -15
leaf_value=-0.0014984626456470511 -0.0071067664074450981 0.0013286959196200346 -0.00072060452047836355 0.042430130711586245 0.044171485363257185 -0.0079992519310871282 -0.010953819742579097 0.055802887568751715 -0.021122769952859402 0.028791050873401086 0.02414452715821051 -0.031441397125030759 -0.00045374688725352563 0.0011143456961301825
leaf_weight=8262.167430408299 578.55221852660179 18218.760616913438 69130.778351418674 51.607203796505928 67.81721131503582 218.40097898244858 331.74812379479408 17.841601386666298 35.71803542971611 58.222867414355278 20.366582423448563 37.506356939673424 20054.267871662974 44431.079604886472
leaf_count=33462 2332 73170 277896 213 273 876 1331 72 144 237 82 151 80471 178583
internal_value=-3.33197e-06 7.72829e-05 -0.000277244 -0.000646384 0.0094457 0.0038423 0.00110846 0.0270933 0.00505555 0.0192196 0.00862781 -0.0118018 0.000557811 0.000626686
internal_weight=161515 153253 88188.8 69638.3 507.481 386.104 18550.5 121.377 53.5596 167.703 116.096 57.8729 65063.9 64485.3
internal_count=649293 615831 354445 279944 2048 1559 74501 489 216 683 470 233 261386 259054
is_linear=0
shrinkage=0.05


Tree=190
num_leaves=15
num_cat=0
split_feature=9 9 2 3 1 1 1 1 2 2 2 2 9 1
split_gain=7.15317 23.8971 45.0251 29.2264 28.4467 24.2441 67.401 58.139 38.5615 41.1481 36.8464 36.2642 44.0717 41.9827
threshold=0.0027129113441333179 0.0023619027342647318 -0.020611031912267205 -0.017695456743240353 -0.0076346143614500752 0.018753374926745895 0.0098798735998570936 0.0092948661185801047 -0.014215213712304829 -0.0019030744442716239 0.018147492781281475 0.00026704993797466164 0.0024473813828080897 0.0075368518009781846
decision_type=2 2 2 2 2 2 2 2 2 2 2 2 2 2
left_child=1 -1 3 4 -3 6 7 8 -4 -10 -7 -11 -13 -14
right_child=-2 2 5 -5 -6 10 -8 -9 9 11 -12 12 13 -15
leaf_value=0.00020266709983667657 -0.00033996525213726269 -0.046379820196393778 -0.012075820528269408 0.041580883171891493 0.020207439995749733 0.024966630115011046 -0.014303708526708942 0.05190684310482821 0.01356423418173474 -0.024140772877287539 -0.032442427803468503 0.061046765788715908 0.017822869859662534 -0.045297750385443397
leaf_weight=91836.119514748454 67013.955100394785 20.266857132315636 285.77256760001183 131.24740037322044 64.310227751731873 219.66372637450695 518.38838590681553 66.386456742882729 919.37246513366699 158.21382285654545 31.127844825387001 32.158682659268379 73.81244982779026 39.67241059243679
leaf_count=368999 269608 82 1144 526 258 881 2078 266 3685 634 125 129 296 159
internal_value=5.50788e-05 0.000335529 0.00509908 0.026899 0.0038959 0.00308172 0.00131826 0.00646455 0.00443233 0.00829569 0.0177406 -0.00763738 0.0103328 -0.00444597
internal_weight=161410 94396.5 2560.39 215.824 84.5771 2344.57 2093.78 1575.39 1509 1223.23 250.792 303.857 145.644 113.485
internal_count=648870 379262 10263 866 340 9397 8391 6313 6047 4903 1006 1218 584 455
is_linear=0
shrinkage=0.05


Tree=191
num_leaves=15
num_cat=0
split_feature=7 5 5 7 1 2 9 9 0 8 9 6 6 1
split_gain=7.8585 11.2263 12.267 11.6209 9.41469 8.76361 15.5747 36.3453 12.8893 9.2042 8.88955 12.7886 8.35176 10.2175
threshold=-0.00043306448787916446 0.13461538776755336 0.096153847873210921 -0.00081609064363874484 0.020413299091160301 0.023755831643939022 -0.0393416229635477 -0.02343944180756807 0.060727361589670188 0.0064811997581273326 0.016794471070170406 0.0074638386722654113 0.0035844721132889394 0.06886612251400949
decision_type=2 2 2 2 2 2 2 2 2 2 2 2 2 2
left_child=1 2 -1 4 -4 -2 8 -8 9 -7 11 -9 -12 -14
right_child=5 -3 3 -5 -6 6 7 10 -10 -11 12 -13 13 -15
leaf_value=0.00061560394287102837 -0.00036543094970314125 0.00058848050961806417 -0.0054417730418529044 0.0066665031727007017 0.0074994093048319239 -0.0431311315348296 0.04519469119717659 0.0046216674605918306 0.011551467925090606 0.00055931787418124956 -0.0095975661379969594 -0.016614055422226184 0.028229370100543077 0.0013711691945580053
leaf_weight=2993.9960875362158 93345.149527668953 61213.286221936345 2697.0695756226778 240.1245728880167 147.41326044499874 36.850696861743927 57.933502048254013 316.85299061238766 29.093470394611359 17.650547742843628 32.530096516013145 90.250653117895126 92.999496191740036 56.982835829257965
leaf_count=12024 375182 246174 10834 964 593 148 234 1278 117 71 131 365 375 229
internal_value=-2.75953e-05 0.000384964 -0.00166427 -0.00387665 -0.00476871 -0.000322696 0.00512632 0.00775221 -0.0150658 -0.0292266 0.00400296 -0.000115247 0.0131394 0.0181018
internal_weight=161368 67291.9 6078.6 3084.61 2844.48 94076.3 731.144 647.55 83.5947 54.5012 589.616 407.104 182.512 149.982
internal_count=648719 270589 24415 12391 11427 378130 2948 2612 336 219 2378 1643 735 604
is_linear=0
shrinkage=0.05


Tree=192
num_leaves=15
num_cat=0
split_feature=0 1 9 9 9 9 0 2 9 9 2 9 9 9
split_gain=7.50656 21.6893 10.4677 43.121 29.8087 20.8624 22.9855 35.9108 17.0533 25.5218 15.7579 15.3619 23.2888 26.4586
threshold=0.049613658338785178 0.06886612251400949 0.0073002337012439975 0.003586878534406424 0.002277044928632677 0.0084838322363793867 0.060727361589670188 0.029783169738948349 0.0039244473446160564 0.0054654201958328494 0.018147492781281475 -0.00038324977504089469 -0.011149765923619269 -0.013098375406116245
decision_type=2 2 2 2 2 2 2 2 2 2 2 2 2 2
left_child=1 -1 3 4 11 -4 7 -7 -5 -10 -8 12 13 -2
right_child=2 -3 5 8 -6 6 10 -9 9 -11 -12 -13 -14 -15
leaf_value=-2.8905153426881302e-05 0.0053423629945543848 -0.030866180216003382 -0.03144321482135503 0.080619750238557816 -0.041390065200072212 0.0024169183304415202 -0.02430177475890526 0.050215928071720088 -0.0092115120718155082 0.052788843764646737 0.0014099730917687923 0.025621512254719949 -0.014372154212952041 0.055321604127244565
leaf_weight=160052.63771665096 329.4957427829504 56.041244611144066 51.331330165266991 19.699708983302116 34.391258522868156 166.12723092734814 95.58906301856041 50.513221502304077 27.403826028108597 40.106188803911209 155.29957164824009 83.264476954936981 143.9974560290575 27.828626498579979
leaf_count=643399 1332 227 207 79 138 671 390 204 110 161 628 335 580 114
internal_value=-1.00467e-05 -3.98915e-05 0.0038874 0.00784488 0.00317864 -0.00150359 0.00184366 0.0137415 0.0405523 0.0278544 -0.00844384 0.00586682 0.0025413 0.0093783
internal_weight=161334 160109 1225.05 706.187 618.978 518.86 467.529 216.64 87.2097 67.51 250.889 584.586 501.322 357.324
internal_count=648575 643626 4949 2849 2499 2100 1893 875 350 271 1018 2361 2026 1446
is_linear=0
shrinkage=0.05


Tree=193
num_leaves=15
num_cat=0
split_feature=0 1 1 3 6 2 6 6 3 6 1 1 1 1
split_gain=8.42995 15.954 42.5519 38.9285 26.6648 22.9999 29.9995 25.1498 17.295 15.4226 15.4169 16.2897 31.7916 18.0365
threshold=-0.027510260231792923 -0.0093673234805464727 -0.0085679939948022348 -0.024023623205721375 0.0038527714787051086 -0.035842016339302056 0.0017622374580241742 0.015405554324388506 -0.052881149575114243 0.0047431443817913541 -0.0082276077009737474 -0.0065195031929761163 -0.0053030394483357659 0.00013477585889631885
decision_type=2 2 2 2 2 2 2 2 2 2 2 2 2 2
left_child=1 -1 3 -3 -5 7 -7 8 -4 -10 -11 -12 -13 -14
right_child=-2 2 5 4 -6 6 -8 -9 9 10 11 12 13 -15
leaf_value=0.00030263188090612261 3.1844796599522181e-05 -0.057901772782431332 -0.012127878883029193 0.024843410544785085 -0.031901284288049191 0.042144379608999333 -0.0094924308842509533 0.034065250963173116 -0.0057216070013006983 -0.048310774217715742 0.03132901334036093 -0.031082121981311425 0.019883284021782424 0.00086302442564282112
leaf_weight=3615.053978331387 155068.19243100286 68.985167145729065 237.85781744867563 35.95924773812294 46.146673142910004 27.855343908071518 1156.0679191797972 55.470160491764545 338.28807826340199 11.165882453322409 68.826131701469421 52.225230664014816 228.78328442573547 272.60217816382647
leaf_count=14816 622860 284 1083 145 187 113 4698 237 1374 45 282 213 929 1115
internal_value=-4.05303e-05 -0.00184597 -0.00483209 -0.0304956 -0.00704939 -0.00323707 -0.00824298 0.00145 -7.23953e-05 0.00288746 0.00748572 0.00856254 0.00568077 0.00956431
internal_weight=161283 6215.29 2600.23 151.091 82.1059 2449.14 1183.92 1265.22 1209.75 971.891 633.603 622.437 553.611 501.385
internal_count=648381 25521 10705 616 332 10089 4811 5278 5041 3958 2584 2539 2257 2044
is_linear=0
shrinkage=0.05


Tree=194
num_leaves=15
num_cat=0
split_feature=9 9 2 4 2 6 9 2 2 9 2 2 6 0
split_gain=8.28821 26.2312 27.1654 18.7596 36.9143 31.369 18.4938 33.3612 43.0795 33.5886 32.708 41.73 35.5204 31.6997
threshold=-0.00074787970515899349 -0.00093863313668407489 0.010807255748659374 0.015472741331905128 -0.019615366123616692 0.0047851721756160268 -0.00038324977504089469 -0.012202159501612185 0.005580227356404067 -0.00065157795324921597 0.0050013153813779363 0.0048141791485250005 0.0021701348014175896 0.016935198567807678
decision_type=2 2 2 2 2 2 2 2 2 2 2 2 2 2
left_child=1 -1 3 4 -3 -5 7 -2 10 -10 11 -9 -12 -11
right_child=6 2 -4 5 -6 -7 -8 8 9 13 12 -13 -14 -15
leaf_value=0.00025675584139301456 -0.01611349154865864 0.044057263274918324 0.053823522790665074 0.0023740332157074443 0.0061546920639881271 -0.052034524412256117 -0.00021617303073532439 0.00045044088291430908 0.020660945294270316 -0.0085180040181031154 -0.027084693945715357 -0.079096970503646946 0.058505367104783157 -0.050463633335239746
leaf_weight=66254.253723308444 500.84227937459946 67.413521215319633 29.798208653926849 110.52998298406601 1065.1961616277695 33.809570476412773 91277.092452816665 1655.0969223380089 36.698562234640121 83.455270409584045 15.701753273606299 15.652584880590437 45.687897056341171 98.10331754386425
leaf_count=266393 2017 271 120 444 4291 138 366916 6637 147 336 63 63 183 397
internal_value=-2.69897e-05 0.000395175 0.00740767 0.00628327 0.00844755 -0.0106408 -0.000331294 -0.00461624 -0.00165711 -0.022538 0.000985458 -0.000341675 0.0365306 -0.0313352
internal_weight=161289 67561 1306.75 1276.95 1132.61 144.34 93728.3 2451.24 1950.4 218.257 1732.14 1670.75 61.3897 181.559
internal_count=648416 271657 5264 5144 4562 582 376759 9843 7826 880 6946 6700 246 733
is_linear=0
shrinkage=0.05


Tree=195
num_leaves=15
num_cat=0
split_feature=4 2 0 1 6 6 2 2 8 1 1 1 2 1
split_gain=9.42406 21.4714 18.5901 25.836 15.5636 15.3607 21.0085 46.8875 27.4517 16.786 46.7251 22.5459 18.0977 18.015
threshold=0.004856658400967718 -0.02902796026319265 -0.0045280531048774711 0.02597021218389273 0.0016283963341265919 0.0023818236077204351 -0.018784416839480397 -0.016563375480473038 -0.0022896281443536277 -0.00089898874284699548 -0.00013152421888662499 -0.00024213499273173508 -0.015938224270939823 -0.0016326375771313904
decision_type=2 2 2 2 2 2 2 2 2 2 2 2 2 2
left_child=1 2 -1 -4 -2 6 -6 8 -8 13 11 -11 -12 -9
right_child=4 -3 3 -5 5 -7 7 9 -10 10 12 -13 -14 -15
leaf_value=0.0043079582386047512 0.0021697088219219196 0.00033724405889939052 0.027519940630663087 -0.029228215625256317 0.0032303362286266075 -0.0001510288314005028 -0.0037744791942672324 -0.0035278355874626792 -0.021875442156140901 0.0086023398593298907 0.026797586049112854 0.035376643531258876 -0.0018836838985065143 -0.01472086450398149
leaf_weight=920.96625575423241 5780.7798545360565 79395.834103882313 176.35006450116634 21.790421470999718 1773.0057518333197 59124.866576477885 374.43256284296513 1860.8504459708929 475.8478074669838 431.67243386805058 54.295428022742271 95.468144506216049 10436.609795764089 444.89818832278252
leaf_count=3716 23220 318820 730 90 7135 238094 1505 7461 1912 1732 219 383 41941 1785
internal_value=5.13288e-05 0.00043423 0.00730853 0.0211637 -0.000329973 -0.000522483 -0.00189958 -0.00254145 -0.0139182 -0.00181443 -0.00100232 0.0135091 -0.0017327 -0.005693
internal_weight=161368 80514.9 1119.11 198.14 80852.7 75071.9 15947.1 14174.1 850.28 13323.8 11018 527.141 10490.9 2305.75
internal_count=648743 323356 4536 820 325387 302167 64073 56938 3417 53521 44275 2115 42160 9246
is_linear=0
shrinkage=0.05


Tree=196
num_leaves=15
num_cat=0
split_feature=1 5 6 1 9 1 1 9 6 3 9 9 1 9
split_gain=7.50349 37.4079 32.1409 36.1447 44.6321 30.9615 45.2914 34.942 30.3309 29.4591 24.4199 35.3375 32.6665 27.7544
threshold=-0.0019901659106835719 0.44230769574642187 0.0033174910349771385 -0.002116284216754138 0.00022342881857184696 -0.00089898874284699548 -1.0000000180025095e-35 0.030197517015039924 0.0016440835897810759 -0.0048193146940320722 0.021912581287324432 0.018907665275037292 -0.0016326375771313904 0.0096438424661755579
decision_type=2 2 2 2 2 2 2 2 2 2 2 2 2 2
left_child=1 -1 -3 -4 -5 7 8 10 9 -7 11 13 -12 -2
right_child=5 2 3 4 -6 6 -8 -9 -10 -11 12 -13 -14 -15
leaf_value=-0.0010492288094311893 -0.0028687591505461344 0.0039650755455940536 -0.0011447749985707687 0.063839420748549522 -0.0086217695208908925 -0.015787521215748567 -0.00016571412705178811 0.028868697390880622 0.0067007171326175438 0.0023474509185505334 0.011302278505582465 0.034133065063375788 -0.055620959661762059 -0.013579442239949439
leaf_weight=15474.034480974078 4871.3102291077375 10874.659801125526 5662.7949191704392 46.627870202064514 37.988511919975281 306.49315443634987 118310.8581988439 80.159636497497559 3972.4549746662378 823.37490011751652 27.926918655633926 59.790022596716881 49.995657816529274 689.76110498607159
leaf_count=62218 19550 43653 23001 187 153 1230 475523 323 15954 3301 113 240 201 2776
internal_value=3.5694e-05 0.000719896 0.0023668 -0.000657466 0.0315872 -0.000134291 3.32188e-05 -0.00371097 0.00464513 -0.00258153 -0.00417422 -0.0037857 -0.0317968 -0.00419945
internal_weight=161288 32096.1 16622.1 5747.41 84.6164 129192 123413 5778.94 5102.32 1129.87 5698.78 5620.86 77.9226 5561.07
internal_count=648423 129212 66994 23341 340 519211 496008 23203 20485 4531 22880 22566 314 22326
is_linear=0
shrinkage=0.05


Tree=197
num_leaves=15
num_cat=0
split_feature=7 2 0 2 2 3 9 9 9 0 5 4 9 9
split_gain=7.68466 10.2354 22.2792 15.1436 21.071 16.8836 24.9195 35.1146 19.5575 21.0523 16.5859 15.4095 13.288 36.3512
threshold=-0.00037162633088883007 -0.02140919771045446 0.0014299326576292517 -0.017483618110418316 -0.018258982338011261 -0.014419577550143002 -0.00084878288907930244 -0.016485468484461304 0.021082832477986816 0.01332116359844804 0.82692307233810436 0.013209225609898569 -0.006225867196917533 -0.0066938430536538354
decision_type=2 2 2 2 2 2 2 2 2 2 2 2 2 2
left_child=-1 2 12 4 -3 6 7 -6 9 11 -9 -7 13 -2
right_child=1 3 -4 -5 5 8 -8 10 -10 -11 -12 -13 -14 -15
leaf_value=0.00035872700370764583 -0.0011909594122506599 -0.0014610362434463221 0.012856628839958218 -0.00035216420040353505 -0.038937621432529546 -0.010919072279797196 -0.010892030760908191 0.053220592114073345 0.025477027968699013 -0.055242682317626281 -0.002801366210780829 -0.04152374128135107 0.0018838950530082417 -0.032165575332618344
leaf_weight=69097.22136182338 2295.4391176849604 3532.3600577265024 393.68104249238968 78143.050523504615 17.15674589574337 727.92074009776115 130.69806770980358 51.975317925214767 31.261042028665543 29.295136362314224 17.472822234034538 42.781366735696793 6540.3309940695763 97.803231507539749
leaf_count=277852 9284 14174 1603 313843 69 2918 528 208 126 118 70 172 26511 393
internal_value=-3.97933e-05 -0.000338939 0.00123114 -0.000515981 -0.00330974 -0.00953025 0.00286844 0.0235221 -0.012771 -0.0142955 0.039286 -0.0126695 0.000717455 -0.00246969
internal_weight=161148 92051.2 9327.25 82724 4580.92 1048.56 217.303 86.6049 831.258 799.997 69.4481 770.702 8933.57 2393.24
internal_count=647869 370017 37791 332226 18383 4209 875 347 3334 3208 278 3090 36188 9677
is_linear=0
shrinkage=0.05


Tree=198
num_leaves=15
num_cat=0
split_feature=8 5 6 9 0 9 9 9 9 9 0 2 6 1
split_gain=7.41379 15.0693 25.7676 15.6965 15.8497 23.0242 18.4944 15.5596 15.315 15.2471 22.0775 23.5817 21.3378 20.7307
threshold=-0.00016589078586548564 0.25000000745058065 0.00083278308738954376 0.027922209352254871 0.0016695389640517535 -0.0040523917414247981 -0.0046203839592635623 -0.0045229063834995023 -0.0011254737619310615 0.05140319652855397 0.029098741710186008 0.015260808169841768 0.0064420069102197894 -0.013163506519049404
decision_type=2 2 2 2 2 2 2 2 2 2 2 2 2 2
left_child=-1 3 8 4 -2 6 -6 -8 -3 -4 13 -12 -13 -11
right_child=1 2 9 -5 5 -7 7 -9 -10 10 11 12 -14 -15
leaf_value=0.00022702305926591872 -0.00096456302536762509 0.0020299749809503365 -0.00081668142891854183 -0.0083606227300917317 -0.00031154686723657932 0.0036537143748590658 -0.040862481112291946 -0.0083767117622717633 -0.027691997738642057 0.02638820154361321 0.044765983193687853 0.041443924439172636 -0.024599509313124452 -0.0039047607096383296
leaf_weight=78972.29038476944 6135.2169161140919 62.369696199893951 63911.312074549496 450.98785080015659 3045.8277236670256 7924.3289444297552 45.772010862827301 177.87034909427166 140.09781439602375 68.815219670534134 71.119106739759445 18.552306309342384 31.657799199223518 294.71605269610882
leaf_count=317553 24624 250 256959 1809 12266 31814 184 717 563 280 287 75 128 1190
internal_value=-0.000119133 -0.000450975 -0.000805757 0.000837997 0.00107786 0.00219728 -0.00133277 -0.0151778 -0.0185712 -0.000749613 0.00807441 0.0264486 0.000135881 0.00188625
internal_weight=161351 82378.6 64598.6 17780 17329 11193.8 3269.47 223.642 202.468 64396.2 484.86 121.329 50.2101 363.531
internal_count=648699 331146 259732 71414 69605 44981 13167 901 813 258919 1960 490 203 1470
is_linear=0
shrinkage=0.05


Tree=199
num_leaves=15
num_cat=0
split_feature=1 9 0 9 6 9 9 6 4 6 9 6 6 9
split_gain=6.95754 16.4616 20.9132 19.6838 18.9499 14.2735 21.8515 17.3641 11.426 11.7961 9.92212 13.4912 9.85942 8.40054
threshold=0.06886612251400949 0.0094584459438920038 0.060727361589670188 0.014350834768265487 0.0045429901219904431 0.0036661485210061078 0.0019349917420186105 0.0068100923672318467 0.017303020693361763 0.015405554324388506 0.021912581287324432 0.0074638386722654113 0.0069563190918415794 0.05140319652855397
decision_type=2 2 2 2 2 2 2 2 2 2 2 2 2 2
left_child=13 2 8 -3 -4 6 12 -7 -2 -10 11 -5 -6 -1
right_child=1 3 4 10 5 7 -8 -9 9 -11 -12 -13 -14 -15
leaf_value=7.7721022205660132e-05 -0.05897842151533305 -0.046858602913056498 -0.033749484652731733 0.047885944123014577 0.033011653841172543 -0.0081844235166399666 -0.055918724664971747 0.054455208248403247 -0.0011509831440150609 -0.05080157724963992 -0.014720124701131938 -0.0091827040051815634 0.0046902038585899331 0.0044455429235738296
leaf_weight=159447.63435635716 14.69246795773506 40.400133192539215 24.316747322678566 15.561756014823912 36.724789410829544 15.67229028046131 12.442121952772139 34.787104904651642 57.11474147439003 14.148531958460806 154.99199821054935 26.965517282485962 168.32911156117916 1107.4766988307238
leaf_count=641007 59 169 98 63 148 63 50 140 230 57 627 110 681 4469
internal_value=8.75102e-05 -0.0052112 0.0012758 -0.015486 0.00765771 0.0115269 0.00589429 0.0352189 -0.0202629 -0.0115752 -0.00886536 0.0123205 0.00989812 0.000107877
internal_weight=161171 616.147 378.228 237.919 292.272 267.955 217.496 50.4594 85.9557 71.2633 197.519 42.5273 205.054 160555
internal_count=647971 2495 1526 969 1180 1082 879 203 346 287 800 173 829 645476
is_linear=0
shrinkage=0.05


end of trees

feature_importances:
Column_9=723
Column_1=582
Column_2=556
Column_6=255
Column_0=182
Column_5=172
Column_3=125
Column_4=105
Column_8=74
Column_7=26

parameters:
[boosting: gbdt]
[objective: binary]
[metric: binary_logloss]
[tree_learner: serial]
[device_type: cpu]
[data_sample_strategy: bagging]
[data: ]
[valid: ]
[num_iterations: 200]
[learning_rate: 0.05]
[num_leaves: 15]
[num_threads: 2]
[seed: 0]
[deterministic: 0]
[force_col_wise: 0]
[force_row_wise: 0]
[histogram_pool_size: -1]
[max_depth: -1]
[min_data_in_leaf: 50]
[min_sum_hessian_in_leaf: 0.001]
[bagging_fraction: 0.8]
[pos_bagging_fraction: 1]
[neg_bagging_fraction: 1]
[bagging_freq: 1]
[bagging_seed: 3]
[bagging_by_query: 0]
[feature_fraction: 0.8]
[feature_fraction_bynode: 1]
[feature_fraction_seed: 2]
[extra_trees: 0]
[extra_seed: 6]
[early_stopping_round: 0]
[early_stopping_min_delta: 0]
[first_metric_only: 0]
[max_delta_step: 0]
[lambda_l1: 0]
[lambda_l2: 1]
[linear_lambda: 0]
[min_gain_to_split: 0]
[drop_rate: 0.1]
[max_drop: 50]
[skip_drop: 0.5]
[xgboost_dart_mode: 0]
[uniform_drop: 0]
[drop_seed: 4]
[top_rate: 0.2]
[other_rate: 0.1]
[min_data_per_group: 100]
[max_cat_threshold: 32]
[cat_l2: 10]
[cat_smooth: 10]
[max_cat_to_onehot: 4]
[top_k: 20]
[monotone_constraints: ]
[monotone_constraints_method: basic]
[monotone_penalty: 0]
[feature_contri: ]
[forcedsplits_filename: ]
[refit_decay_rate: 0.9]
[cegb_tradeoff: 1]
[cegb_penalty_split: 0]
[cegb_penalty_feature_lazy: ]
[cegb_penalty_feature_coupled: ]
[path_smooth: 0]
[interaction_constraints: ]
[verbosity: -1]
[saved_feature_importance_type: 0]
[use_quantized_grad: 0]
[num_grad_quant_bins: 4]
[quant_train_renew_leaf: 0]
[stochastic_rounding: 1]
[linear_tree: 0]
[max_bin: 255]
[max_bin_by_feature: ]
[min_data_in_bin: 3]
[bin_construct_sample_cnt: 200000]
[data_random_seed: 1]
[is_enable_sparse: 1]
[enable_bundle: 1]
[use_missing: 1]
[zero_as_missing: 0]
[feature_pre_filter: 1]
[pre_partition: 0]
[two_round: 0]
[header: 0]
[label_column: ]
[weight_column: ]
[group_column: ]
[ignore_column: ]
[categorical_feature: ]
[forcedbins_filename: ]
[precise_float_parser: 0]
[parser_config_file: ]
[objective_seed: 5]
[num_class: 1]
[is_unbalance: 0]
[scale_pos_weight: 1]
[sigmoid: 1]
[boost_from_average: 1]
[reg_sqrt: 0]
[alpha: 0.9]
[fair_c: 1]
[poisson_max_delta_step: 0.7]
[tweedie_variance_power: 1.5]
[lambdarank_truncation_level: 30]
[lambdarank_norm: 1]
[label_gain: ]
[lambdarank_position_bias_regularization: 0]
[eval_at: ]
[multi_error_top_k: 1]
[auc_mu_weights: ]
[num_machines: 1]
[local_listen_port: 12400]
[time_out: 120]
[machine_list_filename: ]
[machines: ]
[gpu_platform_id: -1]
[gpu_device_id: -1]
[gpu_device_id_list: ]
[gpu_use_dp: 0]
[num_gpu: 1]

end of parameters

pandas_categorical:null
