ticker,date,title,summary,url
MFC.TO,2018-01-04,NextCapital Raises $30 Million In Series C Financing,PR Newswire,https://news.google.com/rss/articles/CBMiqwFBVV95cUxQWGhoV25GZzZycFo4dEJwWTFuWTRlTlFLRFZlendYN0VxSTluVDRKdjZBUFNxeHlMcnpIOGNGa2plSDFQU3BURmg3YkFNZno2MGlMLWVneFR6eEVheEppbGxMaFRUZmdRSHJ4YWNWY21ZdFBlNU5vRlN5dXBLUWZrY0dMUFoxby00Uk1iU0pWTUJPLVVDWVlJVm1oWFZ3Smxrb0c2S3hiSV9zOG8?oc=5
MFC.TO,2018-02-03,Technical Analysis of Manulife Financial Corporation (TSX:MFC),TradingView,https://news.google.com/rss/articles/CBMiZkFVX3lxTE9sdmFmREIxa0kzWlRSalBlLUNDQkJ2ZXFIYzZsVXZrX2tmSDk3U3hMUWtOczBaNnN3TlM5dlZva0pJWTgxbjl5U0c4MDRtbS0tTUEwWkxKM3I5WURuMU9YbmdWWjRiZw?oc=5
MFC.TO,2018-02-13,Financial Advisers Share: Biggest Misconceptions Singaporeans Have About Critical Illness Policies,DollarsAndSense.sg,https://news.google.com/rss/articles/CBMitAFBVV95cUxNdGNHelpBYVN3N1hIdXZfWWVqdnRLTzRTYWJfcklVd3I3Y3JPWWhzNjdCVFFiRTlwcDFiSGVfNGp2M1dMSEFJYkN2TUc4NDhOajB4Z2RBVmhLWVkzaHk1aThZdml4Z2JtV3M1RzJXc1F0ajhySnVvaWM2MUtfRjlSeldPTjJ4WDJpNW9Gdld3RzM1SjJqOHVHVVpWX1Ita2lSQjlnaHIzX3ZnU05MeGl1aXUzYWw?oc=5
MFC.TO,2018-03-14,Top Canada Manager Adds U.S. Industrials in Manulife Stock Fund,Bloomberg.com,https://news.google.com/rss/articles/CBMiswFBVV95cUxQaTh3OUFsNjhCR0ljTGc4bHh5M2V0T1JRSE1QYU8zZVBzenVoNXV4VGlTZ3E2aUZyVWxIcnh6b2h5MjNxZ25fbnJuUjlFU3RCY3Q1dnloVGNxdU1oVDktSjJGNlB0OXVmeEJzalpVTXBtTkJrQ0VIdVIwcjZlR2FDdlZ4VzlzV01xX0VUa3NBQXJwaUo2MjBOdzZpdEs2Umx5Y3BiNlVON3ZxZmFLWUE3Y2lwYw?oc=5
MFC.TO,2018-03-23,Manulife mix-up: $170K retirement nest egg transferred from account without warning,CTV News,https://news.google.com/rss/articles/CBMivwFBVV95cUxPSFFSYlZwVzVKUW9HS3RFTVlZQjVoNzBCLWtWMWVXSUY2R1poejdUeWw0cG15bFI4VmNhQjFOVGlpZm5FeXQ3SzROSVJvV1MzNkRROW1teExHMnNhTnl5VzQwTTlLd1g3enpWTWZhTzc0cUFDcmhoUjBCYnNHWU5Gb2liUzZ2dHhuR3FvQ09FMkkxVk9Qa2t3Ykk0WXpheHlrU19LcTdaWFktOExnSE1Nd0JWZ3lHY3pGckQzaGlrUQ?oc=5
MFC.TO,2018-03-27,MANULIFE PERFORMANCE EXPOSURE TO INDONESIAN MANAGEMENT ASSETS,ANTARA Foto,https://news.google.com/rss/articles/CBMiogFBVV95cUxOWUVGZ1BzSzA3cGR3MU94UERPb00wbmlyQmxiZTVmR3BNSDBlOEx6SzRDOHdoQVUxRDFvYWowQUlld2VkTC0zUlcySXhUUllzaFJBTkhGTWN1QTdoQm1jQmhfaDdiS3UzQ09BU0JRVGM2cXNYajB5RlRLNWNHOWp1SUVBOGp5RHRyQjBkMUxUbUMxYjltaV9zMlJuUlppSk5lNWfSAacBQVVfeXFMTlQxSzdkcmtJaWMtSHMwOHdwZDVDZzVSTWJ2SUpINExmelpvUWt1T1NOQlV5Si04X0tkLVpJcjU0ZmFQRUxINW9lNzhkN1k2V3hPZWJ1Sm1QcmJRRS1xMnhGOGVFcV9iNm5GakVxVnV6MGhYZHB4QkprV29SUW94MnVjOS1WcFBxbVBRcnJTNWRSNUVubWFhdERCYXVJaDVxWldWeWtWVGc?oc=5
MFC.TO,2018-04-10,"Canopy Tops BCE, Manulife as Marijuana Stock Trading Ramps Up",Bloomberg.com,https://news.google.com/rss/articles/CBMisAFBVV95cUxNSUdPUGhWRDdJTTJ1d29kMG9QWWk3blczQjM4bEFrU01NTW1jUW13eVdEbTBRV01mSUZ2bTR1NmoxVDZQR3Y4dloyUGFVLTFraFNmMms4WWhqX2pxT1djdFctX0Y5a09GbGR1ZmItT2xKNHgwQjVZa25rS2RpZ0lCRlUwdzktdGloOGR4Y01uMzlPaFgtdURadjBTYklrUFJQckp4WS1Dc3JiSnAxRUZ3bw?oc=5
MFC.TO,2018-04-20,Entrepreneur Michael Lee-Chin files lawsuit in Caribbean garbage-to-gold project,The Globe and Mail,https://news.google.com/rss/articles/CBMirwFBVV95cUxQTHZzMHRWR080a1BvcWJtSFprZlh1VWVlLXFNWC15ZnB6aEZIOVNSX0IxM0hZM29KcDhjanVjb3FablFLUXFSd3QxeFFjdmRMaVFuZmRxdXRlb3FnLXFrZURHY1psVzh5alVlXy1XMldmZUJUbmh1bjgtNkk4WWxPcm05b3FaVHI5VkhYTVRHYkhEeWVQNG9ablFzbF8td1lzQnhJeVRYTV84X2VRVVJN?oc=5
MFC.TO,2018-04-29,Indonesia's worst route since 2013 ignites age-old debate,The ASEAN Post,https://news.google.com/rss/articles/CBMiiwFBVV95cUxPdEwyYm9aYTRuZ0lfZ0dQZDJpaTRjUlhhV3RET0FCc3lWcVpLMXdiNEwzcWVaZkRqQ0VkdnNPRDVHV2o5bDFKR0g2U1N2dkpQa0JSZ1cwYjNwT0haV0xSRk1KWjdYaVhhT0NyQ3VDTDJaZGZlQVh5QXQ5RmhCbG5LNnpqcjhLWERCVi130gGQAUFVX3lxTFBlRlRzM0lhTHZQN2hpVGFMbGNLYTVvVlg5QS1mR2Q4MzlRQ04zbXNNc3ZMYzFZYmpRNmE0UVBEaEg2Mk10clhPdzBOMk11ZnNfSDZlOFVreUhyWEtfNEVVbERwU0NsUnRjM1gtdjh1ZWZ5eXRMeG9pN25Wd2gyTnJiYll5TkFJNkJOTVRVaWJzag?oc=5
MFC.TO,2018-05-16,Would Investors Buy a Canada Post IPO?,Yahoo! Finance Canada,https://news.google.com/rss/articles/CBMihAFBVV95cUxNTzU0R3JybGZIV2R1cUdvdUZPam5pdFRkaDRmRUVLZUI4V3BGeXhCTFBkdUVYQkNKRkxhQUZ4SjB3LU84Vm1najFENnhRX01lSHRvWFdScFdjNlBuNmJ5T3RDRDd0RGRiNDJtellmQ01vOW9yMktlVEtZckgzaXNFUnhzSHE?oc=5
MFC.TO,2018-06-22,Why mortgage protection plans aren't for everyone,Yahoo! Finance Canada,https://news.google.com/rss/articles/CBMitgFBVV95cUxOa3UzTmJ5aktBWlUxZE5adlR2Qnk5YXZ4bmh6SzdJOTJnTG1ZQnRsb1hBNFBsYWNUR1pQaDlsMkxJMjRkWEFma1doSFBoWF9mNzRPU2hwbUl2X25ueEpoc293TEZ3Mm5DSWFKaHF0X1kySV96dmVsYUUwcG43V05QMUlkWkd6Z2dtNGhEVGh4Tmp0S3pFWVNEM3AtRDNRVVhFc18wQ2V6bmdtU0drNldyUlBaMVFSdw?oc=5
MFC.TO,2018-06-27,Manulife CEO Roy Gori unveils a new policy for unlocking value,The Globe and Mail,https://news.google.com/rss/articles/CBMisgFBVV95cUxORkx0OUVkYnhDWUNvWFB1MFRRNnNiSkJBVUpucGNjNC1iOFZMeE5sU0g0U0RKeExnNlgta2xYSnNwdnhGTEwteURfRmtUZ1FGVkFOU25PWmFZR3FYclBKdm9OTXRRY2R0b1NGS0NKTm0teUtwV3RkYVRpeDJCRlNXVTFJY05aS3M4dzZETUw5T0diTk5pbnZwSmZjN25RUVJVU1d1VDV3VjJ3UUszOU9ZYkdB?oc=5
MFC.TO,2018-08-01,"After playing it cool with shareholders for years, Enercare board finally discloses its preferred selling price",Financial Post,https://news.google.com/rss/articles/CBMi5AFBVV95cUxQNm54NWFQb2xaVkhoLVpGeWYyS1E0aTFzbTgtMnhWUU9zd01oQW1Tc21fdHBhY1FfTGFlN19NTFM3LWZMUkgweTYtR3c3bDg0MTVIU1ZUWWlWWlU0aUVkaDJ4RVBsaHZtcVNJQUpnWXYtejkweW8ydk5Fd3Y3OWlFdGxtTkYyb2I1Y3hycERZbzFGVzF3S190WFc0OXlFZzNvT0FSMlFtRW8xN21kWkp6ajluRXo1QmZLWVJlSVdvQ1ZKYzhpYnZGdWtuRTJDY2lHRWdpRS1hWkNVUlkxTWNZWjI1Smk?oc=5
MFC.TO,2018-08-03,China Dethroned by Japan as World's Second-Biggest Stock Market,Bloomberg.com,https://news.google.com/rss/articles/CBMitAFBVV95cUxNSkQ0dkhWSmZhbF9kWEpPcENyV3dIMENpdl9rOXg2RENWbkoyZFkzWU5SbXJHOTJCQ3ZwamNCSTdNLTR3TXc1b1FVVTZkNUl2Y3ZvUTNvZF9xY3dqTlpwcmF1U0NUM0c3alhidGtFV1ZiUVFSaXdXUlhNdTlKZHNabFRjaXlCZFNOaFdDb0xFYTdxck1EYktYRkQzTzJDeUo0Nm8tY0luU05seFJBc3dDRHF3NGg?oc=5
MFC.TO,2018-08-06,Time to buy,business.inquirer.net,https://news.google.com/rss/articles/CBMiXEFVX3lxTE1UYWRJTTRQU3FfWmxMTFBudktQU2V5MXVjeTVTLXBCSHZJQUZyUzNFNUpGRGs5M3ROajVad2xucWJZUkkzd3FMVTJ0dVZSZExteXlrVDl3VFotdG0x0gFiQVVfeXFMTndpNE5fcEFEaGlOTzctRnUtZ3owZjhiV0dxb1FXOEJVZ2pUeDZpQ0FiX1Y3dERUN0JZNTdsTUVyalc0aDh3Q1A1ZDJIanpoR2p3ZElRU1ViUEZZNnJkNTFSV2c?oc=5
MFC.TO,2018-09-03,Robot Trading System On The Stock Market,International Adviser,https://news.google.com/rss/articles/CBMitgFBVV95cUxQTDZVMXo1bW9KeFVlZWRIOFFJMXp3b20ybjJ0T0d0eTB0TlZnRURhSGM4Q0locFpmelVkSEY1N0pGRWo1UkRyR3NMYUNuU1EzQUl3YjgwYlVKelg0QmluZm1RdlN1ZWMzRFQtT0JFSXNvU2xmay1zUXF1VktEZWo3WXUyZUQxeVJDbmNocHctdU1XS0lIYzdNTXpTNjdWSTEyYXkyZWZtMGhhZERxbG5VWlZpQ3EwUQ?oc=5
MFC.TO,2018-09-19,"John Hancock 'reinventing' life insurance to get people healthier, living longer: CEO",CNBC,https://news.google.com/rss/articles/CBMipwFBVV95cUxOdWViTWxpQVQ1b2FGMzdPR05tdVNZeVRvN0k3cGRsWWlsTUd5cXlPZzVmRHA3YU9Bb1U1SWRYS0wzZFJuUkhnbU56NkozdG9JVmJrYzl2R1NrR2VmbjFEMV9VeG9aNk10ZTJuTGZJY3R1ajJQb21RUGRsOE01Yjl3SmNkOGUwbm5CbWNJMTJmNUNVaEtna2lUNVNibjZpVS1wWW9XZm9zY9IBrAFBVV95cUxQQzZDSVNVemJwNTlqbUZQYl90MWRMMDBHNE1IcE1BUlpNWkMxa3dObUFIZTFPdWJteFhYMUdvMFQ4TUlpcWN6VGVkaWRZM1NxZzAxLTR1cF9Bd1hMUEpTWkVwWDhkLWIzZW9nT19EQ3NHQy1TVnp3eWtQY2lCaEZ2WGNWeUdrSjZnMW50YThSWUh2VkN2VE1uRlRuaWdOZmotUlJvRHN6RlVhUExv?oc=5
MFC.TO,2018-09-26,"Manulife Launches ""game-changer"" Goals-based Investing",PR Newswire Canada,https://news.google.com/rss/articles/CBMiqAFBVV95cUxQdElJVE5BZ3NaVGZuUmQwQnJYZkZFRWxCVWQ2ZWozOEdmOE9ERnlkWDZHTVN4RjdVT1ZxUE8zcXJ3VFBLNlZYYWpBd3l2ck9lMlVySmN3N3Vlc1RLUmFqLTBueWdNU1dqV3UzS0pMeXA1djBaLXU4YVM5WVVVVklzcU10WmZoWkdXVDBEUk9maDhSbWRuYS1nejE4VmlvemNUMmFyS0lTSHk?oc=5
MFC.TO,2018-10-04,TSX falls 0.41 percent,sg.news.yahoo.com,https://news.google.com/rss/articles/CBMilwFBVV95cUxNMTlGQmdsUXVCOTdvZ001bmJWdmY0QlFpc0F2VE1wR0hYbGJIVFB4dlJ5MUdjd0dqU05mak9NY1NHTzVNRjEzYTJoWFdCV1pjVHV3RTJXMHVNcXNHRHZwRndKdmdyMDRCTVBtZk1fR3hjRklnODMzR1B1SzJMMzhzUFJ0aHM5clZCQlhlUURqVks1T0JOSU1B?oc=5
MFC.TO,2018-10-23,Manulife Bank Premium Isa Series F (CADFUNDS: MIP601.CF) Quote,The Globe and Mail,https://news.google.com/rss/articles/CBMidEFVX3lxTE93SGVtTWpqX3RXMUxuQm5EMjVHV0pReTFUN1BqZThMem1obVJyekZPUTNSRmhzNlAwekJTOWpMVWtqWGVnQUs3STF1UVdpc1liTF9RMzRfZDdsRDVzVUVYNWp3Z1h1QUJibU5CN09LX3FHV1Vq?oc=5
MFC.TO,2018-11-08,Manulife CEO Scorns Fund’s Claims as ‘Commercially Absurd’,Bloomberg.com,https://news.google.com/rss/articles/CBMisAFBVV95cUxNbldiRVpYR3J3bm50YzFtZHk1OTNESm1hdlJ5Yl9zWnlzNGoxQTRGN3lNVTFpR1JZaml1RTRmRDNtaGVlaDNnem9HWXZhNTJxS2VZT2Y5T0V1dlJWNFZIdmdTN3I3dlA0ck9xVU1ucXQzcWZ5aE03MGU3X0FlWm9vNnJXWE9SQTZqREY5azZOYV9haUJqZTNVQVlQeWZ3Z181UmJYTXdMVGlJalgxaWt6dw?oc=5
MFC.TO,2018-11-26,"Manulife updates global brand, marking significant milestone in its business transformation",PR Newswire Canada,https://news.google.com/rss/articles/CBMi2wFBVV95cUxQYkwwRGxTN05IQU02anZyWnhYdy13M2N4NGxxS29xVmFmdW5ZclRzaTlqSmJUWW92ZEVUYXNqM3VxZHFfRFc0RUE0QVhIaXc2LWpEc3R0R2FyMUVqejVDLXJMVnpMdjRGWWRaYjdKUTc2UU5MMElaclJkTDU3c3BYclNEamsxZTBHdmZMSzE3dmxQU3RvdGF6QjZBdy1uZnlfM2ZMbEVwd3Z2UEk1ajUwcWtZZW96V2U4NGdyY3Q2blJnTWhTT3dPbkhRR1k3cjZ4VVMyTlk0TmFZUlE?oc=5
MFC.TO,2018-12-09,The Better Buy: A Bank Stock or Insurance Companies?,Yahoo! Finance Canada,https://news.google.com/rss/articles/CBMihwFBVV95cUxPUGh2ZFMyb3B4TkVoV1ZHNHUxQnNuVHdkWWVxTko5MkdpbFNJYzRMaTZzTVFlbk4yR2FxUmNQakR2LXNWUEVGb2tnZ1RITU15UUkxcFRKcVBlUUY0S0lOWjE3UFd2SWRjaVNMM0ZsVXB2NGpoSmlIUDAxQS1IeEs4VXVUQzI2YjA?oc=5
MFC.TO,2018-12-13,"AltaGas shares soar after it cuts dividend, announces new round of asset sales",CBC,https://news.google.com/rss/articles/CBMiowFBVV95cUxQREptMHdob3BEd3R1Q2p0eDhXelhBMmdId3ZXMHJQV1hmZmJORk9sRVBmX2k1WlRUYVdTYnhtUjZBT2VGSlZOaVRYUTVWOVZrM1BPNmtRdTBPc0dkN0I1ZVNoWWx6dG1fNWsxaVhkZE1NcGlpWVpzemlabXlYRC1BR0MtN1NZc0VoRlJhSjBxWENrRy1YaXJ0eU5Bdlg4Yk03ejJJ?oc=5
MFC.TO,2019-01-03,"Shui On Announces $1 Billion JV With Manulife, China Life",Mingtiandi,https://news.google.com/rss/articles/CBMiZkFVX3lxTE12cTU0TXdHNnMtUm9jajhZYlhMYUI0MldiV0EyanRTX2NNZ1c3andCQ01GbHI0UUdwWmthdi1uc0ZZSGkyYXZtTGZMb0tzTll6ZVpyeUc4Wmhral9GV2p4SUxRMUwxZw?oc=5
MFC.TO,2019-01-09,US stocks rise on optimism over trade talks,PressReader,https://news.google.com/rss/articles/CBMiiwFBVV95cUxQSUJpTkFMZzlrRjN1WlhYWm1WQWpiSm1OUmp2d3ZueUFwMlNiYjVFQVNiV09QbVplanN4WVZwY1B0eEVwY3JFZTV4aVhWUng0UlRGck1VaHdtbGwzTUd4MC1FSTlpSUN3bXB3NEJrU3FBaHYwaDBVTm95bzRycU1YMVJGU09scjhwY3VF?oc=5
MFC.TO,2019-01-16,A Farmer Found a Trojan Horse Inside an Insurance Contract. Now He Might Bring Down the Canadian Insurance Industry.,institutionalinvestor.com,https://news.google.com/rss/articles/CBMiogJBVV95cUxPYVEwTS1yLU9zT0hzRXVrWlhQLWsyZmF1MXVWUE5iRHltdWRWUERINEY4WGNNczhVTVI3MHdkenFvZU1hRXpXeXkwX3NGUzhBaTd5Sl9JUEpZZldvRGRfNFBGck56V3pnNFdtSk1sSzY4d1I2c0VJOEQ5dWFJc0xfaHdhN0tPbWZwMFctNUtPSkVVUkdzalhCUEJlMm14b1I3SXpEZkc2ekxmbnhrT05SdzJ4MUJ1UU83U2tNZUhQTUFkV2V0ZVRPRkhoU1c5ZnlxOGUzdFYtelNOdl9CQXNfdllkaUNuaW5WTmQ0M2pqdm41TDJQWklOZUotWU1CMHc1eG5nSFdrbmZNR3llZy1VcjJGZGV2VHFTLWQ1TlJxVHRqUQ?oc=5
MFC.TO,2019-01-18,Manulife’s Thirith Vireak receives elite CAMS’ Anti-Money Laundering credential,Khmer Times,https://news.google.com/rss/articles/CBMitwFBVV95cUxPNDBvc0pRU0hwU1dKcnluay1lRzF2bHFaQ0VnZkptWUgxc01qczZsRjVVMThCSFhXUWNkY2JlcE1DRlVsYXVlc3U4cXFvaWV0dnRWampoSmdScDBWaUduT1BxUzhKN0ZjdXdUdU1HbDVlSW01ZWdXWmxoWlFZTGZmWHp3MDVZU1h2RVVLamhTVExjaEtnWXFacm1NOWRLc0RSVFlUUUhQS21nMXEwN3V6eVJzQ2pkQm8?oc=5
MFC.TO,2019-01-18,Now is the time to buy Malaysian equities - Manulife,theedgemalaysia.com,https://news.google.com/rss/articles/CBMiggFBVV95cUxQUG9uYjg0QmFTd1hxczFBdUVfWHpqWW1ncGpfckI4NGdJb3lfTlpTemU3NUxjdWNFTFFOTnR0YWJieW8tTjk4b2VyVEUtcDJmSl8wRUZpd2sxaHhXTG9LRmRJNk9xdXNCMzc0OVRPR0diVV8tRFREUU9oUXFoMDNvRUFB?oc=5
MFC.TO,2019-01-18,Will Health Insurers Subsidize the Apple Watch?,The Motley Fool,https://news.google.com/rss/articles/CBMimAFBVV95cUxQZFZib0c4d0JONFhJWTlwUktJNXV1bUJkdTlaaWhxdUs0NDFKeThZVFZzY2x5MmdQVjlJN1djTUwwa1B2Nk5aNTV2YlNremVHQTRSMm5WTzkzc21oOXNtQ05YOXl3dlVHOGF3RTNDMGMtQVVJTDVZQ1dmeC1jSi1CaUM4WnJPYk5tdGhJeUVLWXhyb3FuempOTQ?oc=5
MFC.TO,2019-01-18,‘I feel good about the progress we’ve made’: How CEO Roy Gori is working to reinvigorate Manulife,Financial Post,https://news.google.com/rss/articles/CBMizwFBVV95cUxOZEZ1M01fb204eDI4ZVpKdmQ2VzE3Q1JlNHVTVV9Oc1JJcUpVNE84QnNmMHFzWWJUcFplRnF6VWR3TGNyZUJyWlJlQmtab1A2Sk11Nm1KSFpRVFhQOGFJaVVTRHdvM1pYUkk1NkRzWnpJOWFZRTJLMXRpbmpzTjF4dUUxVE1vTVRLOHcwTzF0OTEwR0JBSU4xREVWUUc5TGtnWURoY1NCcjFLWHB6bFhWSHhVdUNlQ3U1Y3RXUW55bGk3N3RaejNWM0tCdXF2Y2M?oc=5
MFC.TO,2019-01-20,Manulife offers pioneering variable insurance product,Philstar.com,https://news.google.com/rss/articles/CBMiqgFBVV95cUxNUFBieEhnM2VTX2RXT3BHRVJwb01GN1pra0JIVzlqLUp1SEh3Q1dLTGNoZ05GN3Z5MjRzQWlEZjlTeTZTemxxYUdXdWZBczJRdFQ1STYzdV9JRk9KX0g2TXE4TVktZXhxME5WTnVYUHVuYmpKek11aGFjc0VJQV90Xzg1VS1laUJZX2Zmb3ZUNVNDXzAyYVd3S0FEOUFYUnFyTnQzSlNHMFVUZ9IBsAFBVV95cUxORFVVRkVLVU5YY3pMcFZ6cVVGX2t5RmRUR2trTEdQMzlrVHhqcVhPMV9ESWVFYWdTWWdvLUZFVU9rMThIb1pBN0hTVE12bTV6UlY5SzNRVm5RdGh6Y2UyZzFvdkw1ZVlvOThLWGpQMF9yR1hxZGpWQnlUSGY4S3lRbWVTbXBRWWFZLUZBNzhqNWRRWXFaUzhTSWpDNEJPOGlSQ3BFeFB0SjNSUG9BRlR3RQ?oc=5
MFC.TO,2019-01-21,50 top Canadian stock picks for 2019 as chosen by the pros,MoneySense,https://news.google.com/rss/articles/CBMiqwFBVV95cUxQemM4bjRaZzlrellOQ2UzbGxheW1sM2lNaDcxenJCal96U2tueFVhX3ZmLXpIM2xjNDJraHU3S19NX3F4ZlhkSG42R3owcXdiRjNVQzVSenMyQUs2M0Y1UlFNU2s1cEUtb2JVeEI5d1B0VjctTlFBSHJuNnZ0U2NCZlZSNUtCczlKMVBiYkxjbTVFMWJNVGctYUMtQWJTY25peE92ektFZUtFcHM?oc=5
MFC.TO,2019-01-29,"SEC, OSC examine short-sellers’ tactics",The Globe and Mail,https://news.google.com/rss/articles/CBMiswFBVV95cUxNb3dFU1RURnVSUGdzUlR0VTZYVnNJTXNUa3Q2M3J5UWI4eENkdGJzMVJNaVZ0VUpiZV9VU1lhSVFvcExNNk5lcnpESUdWUm1iQ2haQW1jeDUyY0VSRFNtT1JpbTdwYm1WTXpQTnM1UmNBenpOdElLU3N1UUZpTDFveXJNUDY4WFphSnVnN2JQS0oxYy1Fb3l3S3I5QnpWc09NenhLV3JSNGI5RUlkZ2dxdG9nMA?oc=5
MFC.TO,2019-02-18,Uphill battle likely for PCA Life: industry watchers,Taipei Times,https://news.google.com/rss/articles/CBMidkFVX3lxTE92NFhIR0U4emNMd3NPMllHSmVzYWhsQ0JpeDRjeWJKUHV0MmFVdDJJWHd1aTFlZHBibTR6WlNVWFNjUTd4LXZSNTFtZzExNURqLW5VbUdla0FqVEFFNWdObXh5X1MtdXNtR3NLVG9SSkNlaldhTVE?oc=5
MFC.TO,2019-03-29,MassMutual Financial Group vs Prudential,comparably.com,https://news.google.com/rss/articles/CBMickFVX3lxTE0ybTdFblhVem02N1dEMDRJMHR5TG5SRjJ3N1F4WmY5SDl2TlRhVUZFU213b1VIQkRDS0x5S015SUNYdC1jUnBmNUMxN0Rab3Jkb0FnblpzaXAxdEtKZGVvdjd0aENLd2RKUmttWUV2cnpHZw?oc=5
MFC.TO,2019-04-01,Hang Seng Industry Classification System to revamp stock classification,Hong Kong Business,https://news.google.com/rss/articles/CBMiuwFBVV95cUxOY2xmeWFnSXBHZE1Md01JZ0JRWWRuT2I1Y2FTRjdkcmotdFlhNDFiUWk2VkQyMUJDcWZzUTFRUkNBTVF5a2s2c25aSUluSlVJbnZYcHkxNWNXNnlGUU9VV29sMFBuRkpJXzVtMXJoT3YwTHQyNURFRkxJMWkxdkphbEFvM29mNU9aam1qRk5pUW9fUGRqQm5kTDlydnFpRnpkX1BmSk9fUGd2dUhjWklFNEg0RHRPVF9ZQlhr?oc=5
MFC.TO,2019-04-07,Manulife launches infotech company,Philstar.com,https://news.google.com/rss/articles/CBMikAFBVV95cUxPNW5PRFlJcEZzWFNkS29iaXZSQnZpZDFQb2lSNERBczY4QkNtLU1IOHFZVzNsY0o3TUlBTlBBTmxZTFh6RUtqVkFwWUZxeW1XbU5mQS03elNmWXdFM3dYVU1FUENvNEZpb2hLaFZra18yR1pvYzBRcnZyYno5SjR0bk1PYU55SXNhbkN0TDhUZDHSAZcBQVVfeXFMUEs3eTVORnR4NHgwMnpQSWU3S1FUYjI3c0FBUWVfVUt2X3RxMU44ejlodElRdlNOZTB6NkZaTFRTTlVrVUlVZ1J4MmZzal9WbWNmQllBTmRqVHNyd1Y4WVlZUGFRc3Mtd0kwb29ObmdPa1UtOHFMZENpVEdYaFcxMTFQbzZNRkhmSjNHaUdBV3FtNDJsdm5WWQ?oc=5
MFC.TO,2019-04-25,"Daniel Lascano’s Lomas Capital Management’s Return, AUM, and Holdings",finance.yahoo.com,https://news.google.com/rss/articles/CBMijgFBVV95cUxNUk01LXpCVlpOc3FMMkFfSF8xMk80dVE5N3dIM0VnbVRfNUJHaHdyclhTbHFrVFE2RFZoTE5ZTnhRbk1qNGk5T2FWVVM5TThEZXB2QjZOdkhpVTliMFVnZzZqNlVhSmxIUzV1RldoS3BFT1F1d1BDcy1zdkZFY1dJYjluaW9YeW5HcHlLckNn?oc=5
MFC.TO,2019-05-07,Introducing Manulife Investment Management,PR Newswire,https://news.google.com/rss/articles/CBMinwFBVV95cUxPREJsa1BtNzdzZFV4QUYwY2VvUUo4VHdnQWJraTVMdlVzZDNPY0wzS25VQ0ZCQTczNEdIRGdqMjI1TzN3WThYRjJobDhUYVowcER3WnVhMi1McWtmdUVHSUVVVkZYdVNmN3dCcGtlbV8tMUlPVXAzY0l5RXpTYlZDZjVuN2VoUnhFaHVhRmZyZzFfM0V2QkhqZVFva3F3ajA?oc=5
MFC.TO,2019-05-08,Rbc vs Manulife,comparably.com,https://news.google.com/rss/articles/CBMiaEFVX3lxTE5xUzlCazIySnR0NTlvSzBuQlI1UDVfdDZiaDJlOWtxRGtMZnJmRUNEVVoyOWNyWl9YMDBfWFNCS19IVXk4R1pzUVE2c0hEdDN6WWNsM1VxNXFlZUNBSm04WVg5eGF5U2pT?oc=5
MFC.TO,2019-05-08,China could soften economic impact if trade war intensifies,The Malaysian Reserve,https://news.google.com/rss/articles/CBMipgFBVV95cUxOTFd0QWtOczdRWUREYUk2Vm5vTWw0aVkwWnFIZnRSbVZvemZZeThjaEc5TzFCb3NQSmZIWjl0RmpiVHJCcEZwWmtKakRxNXhiZF93Z09CMFQtdzlYdnNLNWdPeGNpM3dZMUQwV21JTW5zTTVydVFHaVdTYlkyZml6bFJkNjNQWHZ4Y1lOWjVxZjlNYTUxb2cwdzFFVXNWbmRBdkw1S0FB?oc=5
MFC.TO,2019-06-20,Shopify Is Now More Valuable Than Two of Canada’s Oldest Companies,Bloomberg.com,https://news.google.com/rss/articles/CBMitAFBVV95cUxOTWJ2bzRYMWNjYWlaaDdZd0RUcnlMVDRkdDQ0QTlGcFE0ZzJzdzBIdUxuZFdzTjk1MVlSQm53TVVGYzVxcmRLU0RzZWp5UFlJenNzN0I5Tk5NNjVoelY3Y0Rrd091RnU4Unh1cjVQNWstTU11WnZtOGxZTENsbHJIMEhPVEpLNnRnXzFUZzZJRlg1dm1NMVVmN0JDakNMTDZUMXFnUnBXRHJ1ajNNUEVQLVlLX00?oc=5
MFC.TO,2019-06-21,"Mahindra Finance, Manulife in 51:49 JV for Mahindra AMC",Moneycontrol.com,https://news.google.com/rss/articles/CBMirgFBVV95cUxNVlg3N2lmb1lFSURMa2Vwb19YSDA3Zlhaa29ESWZ1UE1fU1J2bEtJaGhDQmhaV3dza19ERXViMmpVRzgxb1dMdFY3UE9aYzRkZ0lKLW13YzVHaDVuNk9oSVNZY1F6VXRHZWNfeVd0U0FqTDNNZGpFWFAxS3JZU3djR1BJZHFUODc5SHczWEwyeTJxOTItejRlbE9sU3JMWl9seUhIaVJlV3F3LUowd3fSAbMBQVVfeXFMUFI3dFhxT1VLN1duWU1jdFl3dGQ0M0FwUGs5Z1JNa0RDRm9ZX1plM1IxTXp6cTlfelVaTTBBN2o3MUV4aTB1VzBkS0wtMjZzZUVrRmdiQnNsSkY5YVcwQm9uS3FER0diWlZKVExnbUpuVWhNTDJHVUpMMUdYSHQydHRKMGVSNG5xa0c3cGx1b3F3MjNiMGxaQVFWbUZpWFRwSGtrQU44WktOV3Fzbk1PRnA1VVE?oc=5
MFC.TO,2019-06-22,Canada's Manulife to acquire 49% stake for $35 million in Mahindra AMC,Business Standard,https://news.google.com/rss/articles/CBMi1AFBVV95cUxNNlo1Yzl3eVZaRmpJWHd5bGttYkthN3c2WG5YQTk2ODFESmVhdHU2RU5DRExqc2tFRmtfbEZ5V0VvNEkzN3ZkRjVUWGFPMWExR3JRLW1FSDlBbFJZLWw1NlJJSWY0cjZKM3E5VVN3T0NmTzlNaWRBTFNsZkNpS3h3RFEwZDBjejJ1TTZSY1JmNWFRdTNSY05fMEtjTGdyVHFoMEpNWm16RUVEdS1PQWdhY2ZMTUVNNTY5VnFSb2FSRXBtZi1vcGRGWTE3LU5GUFNvcHBSZtIB2gFBVV95cUxQRTlpeTdDampONEdrcEhELTNPcnYwU3djOS1DcnZXREJRMWVFaENIcUR6dnRxYlU3NkxpdS1EU2JQQlFYalF5R2s3V25xMXk5MDZ0WGEtWDRRaXpjUkRycEpyRUF0U3NoSGtreWYtTzJrV2V6d3ZnRUhkZWhLcE5WSmVmemdHeWd0XzlES2RvcHp6aUI3YzMtZnJEOWF2NEJuUkJ1WDJzZ2U3NVQydU9uT3ZqM0J1MUNnMVQzbnM4ZmlTMF9YT0xldnNfSV9FcHdGWnhZSEpiamJOQQ?oc=5
MFC.TO,2019-07-26,Indonesian stock market still attractive amid global dynamics,ANTARA News,https://news.google.com/rss/articles/CBMioAFBVV95cUxPYk5ldG1wSTNQWnJpVG1oa19od3B4Z2hkaFFaVkN5UDI4a0dnV04wM0hIYXI2N1d1a1dXX3NwVUZ6X1R2X0RsbXVpUHR3NUV0LVdTa3FoaG5sbUJ5cmxaMDNWMnExdDB6TUZhLVV3akxsRk9EYnRqRmpLLW9XSXhxUEFLbDYwcU1kM3hFME4za3F4a0tFN0sxUXFRWl9xRXQ20gGmAUFVX3lxTE1rUTlSMEk2VTBFcnVKUW8yMzAwUWVKWFE1eGxvUEdiTVd1YlRCaHJiZUJqVG5FQnZTQ3lHNDdxSTdHWFNjdE5MSHh2Rk9UU0FudmtaYWM4OVNTS2p0b1NrVnV1d3phWnd0d2ppNUU3OTBHVXdfeklZTzZzb0xMa3ZXZkFLUWpkUnBTRFo2c0Z4RE9xMUp4NWd4MkllUXU4SjlSTkVjTGc?oc=5
MFC.TO,2019-08-07,Blockchain Healthcare Stalwart Welcomes New Regional President for Asia Pacific,FF News,https://news.google.com/rss/articles/CBMipgFBVV95cUxPY3FoQ1lGcHdCWl9GWTVoTkZENjdWR1NaTnBnMUt3VEV0Q2NVYXExZG0wSU5UZmN1djBkbWJNZHZPQ01mNkFDZ09lMjAyMTN4bWQtd1FjRUFFWk5rYWlSNVZ0RXR1TFlOaXJQZnJZSkMwZm5xU0VkT2NScW5kTkc2T1c4eVVDRmo3cDRfZGFuTGFKSUVpbzhIT3VYb2Z3WWpnN2xGbmdR?oc=5
MFC.TO,2019-08-07,"Canada's Stingray is taking on the music streaming giants — and its chief executive is worth a listen, too",Financial Post,https://news.google.com/rss/articles/CBMi1gFBVV95cUxPZF9sc3I4andkdTZtU0R0bkY0Y0VPVVhQYVc5U0lLNTFNQW5OR0hVT2dDbU1ub01FQm5GOHN2NmRfMHF5S3Q4T0lLN0ZTSnpZNnVJV2ZKWTVZak5MRlNYYU5oNG1FYktCckk2X2ZlbFE2YXk3VEdsWDhvMHdPdXJLdnlRdTI5SDJFQVlwbzloVGR1VV9vbGExbkVDY1pyU3VQZl9JOE0xYkVGVXVkSEpkMndxcWdKUklmSlVsel9tSFpsOXQwTU5DMUQ5ejVzaE50b1VkZEZB?oc=5
MFC.TO,2019-10-23,"GFL launches waste management IPO, hoping to raise US$2.4-billion",The Globe and Mail,https://news.google.com/rss/articles/CBMitwFBVV95cUxNbTFWNWRDOTdtel9uZHoxYmRGUHlpMDFDajhSZEdlQlVwU3hVeWRUbHAwNkZmZGNPVTdRckxzUEZPcHZ6V1U0ckZuX2UwY3YwZDZDcW16eWFFTVgtY0lhYTZ3dHZyUXNpU2dyXzlkUkFYNGFrc1U0LVNnLUZZb3FiNnFaeV9DMWZXaTQ5MjVCTEF5Q2RfZllPUG9sdDZIcWkwNEpKVFNRYlVXaGNHUXY5T29ieWlEMUU?oc=5
MFC.TO,2019-10-25,How much are Canada’s top CEOs paid? Here’s the full breakdown,The Globe and Mail,https://news.google.com/rss/articles/CBMivwFBVV95cUxONDE4cU44NURkdGhSMjNuYXRNQkdmNXJwMWYwT2dwT1dVWFpNOWFULUtoR1BqZDZmUk1NNFB1TXgtOVlnSU4tTGp5aVp1UmNXQ2Z6azJfOF9xOU5yWk5vSk1TRjNJZm1vTm14LXQ3eFBibm9TeGpHQjBHWVJDZE1HcHdVRnhydlF5eVFielhQcjZkanBuQXpzdkl3cDVkWVpiaUlIZmcwblRJb0tOYnFkcU9XSkJrRDNpbXZqNWgxQQ?oc=5
MFC.TO,2019-10-31,Hockey Pro Turned Garbage Tycoon Plans Canada’s Largest IPO,Bloomberg.com,https://news.google.com/rss/articles/CBMirwFBVV95cUxPWUYxdkIxQU4xQ2JJZjUyTUV1Y1h6ai1TNjRDb3kxblBvcVZ5T280WGZGSUg1aDBZQlNjQjR2OU5mc1hGVUhJSWp1aktJZ3RWNl9iLU5HYTZhaXVuMld2c25rX1BpdVFIV2RiVm5URFBRSGZtaUFpS0tTdlgwWkYyeWs5ZmtYN2dJTENYSmNLd3dWRzhzSVBTdXBnR3diN21sUndhc1VsTFVrMjBGV0Ew?oc=5
MFC.TO,2019-11-04,Affin Bank names Agil Natt as new chairman,theedgemalaysia.com,https://news.google.com/rss/articles/CBMigAFBVV95cUxOWUVkNWt1Qm5XWDh2Y1cydk9QbGRhVElmcmxuOEMxNi0tb3FhZmp2T0tJMllwUktodkk5akpnZFNCRXpURHVyN3NpRmxHT2JOQmZOSDJjZUdkX19sSmFpb0tfZ1F1NEliS2JNM0JoVE9pNFBJcXlLOXNRczlMc2F5Vw?oc=5
MFC.TO,2019-11-05,Canada's GFL Environmental scraps IPO plans,Reuters,https://news.google.com/rss/articles/CBMipwFBVV95cUxPX2xBVjlFd0N5Yk1KU2tDSUtlbVc0b1lObmNLV2dYTE56YWMzR3lZNjdlSDA3VWc2SGZJYUNuTkdybzZMMl91NDVtR3BKWkdKekczUnkyalVwenAtYXZhcnowQ2p6OU9NNExneXh2anpmVjMxbFU0cnY0blVUWC1NNVBVdlZDU1Vwc2Fsdmd2RF9NQ2t6NXpfSGNZX0RMeFlfNEdFT2xCWQ?oc=5
MFC.TO,2019-11-06,"Barrick Gold beats forecasts, raises dividend",Yahoo! Finance Canada,https://news.google.com/rss/articles/CBMiiAFBVV95cUxPQVNlVHFfNUs3NjhGcTA5OWlBWU84SWt3cEtsYnpSNmNFYWlvMUo2M1FjcUFINFc2Y2F3VVZvSVZNRUF1NGF4WlVGcC1xUnRBWGZFM1N5REZPbWhYU1FaNnQ0SUZEWXdLajYxckR2d3NtSFJXQ0pTOGg1NDZtR25zTVZZdmdIZVls?oc=5
MFC.TO,2019-11-20,Manulife Investment Management's Frances Donald and Catherine Milum Named Top 100 Most Powerful Women in Canada,PR Newswire Canada,https://news.google.com/rss/articles/CBMi9wFBVV95cUxNWU5DX2JyX3Bfd0RIWDc5LTZtb29mc1VIUlNBRW5IeENDeUhrS3A4WlMxOV84WHRka1FKcnV6SnhGaHh0ek1hMUdZaHRmUTNwRWF2UFY5Y3lvTk9xMHdSWnRPYkJRVV9Qc2NvbEoyRmx4cVdkcTRLc1N6X1NwUlVUT3lfTEwwSE1mMGlQZVp0NHVpRVNhaGFUWFBiSDFNLVZkM0YzMDRZNkNTOWNPV1BkNEo5Q0NiQ3NsaVRzRnV0REYxNDZHOU5kUlRRd29OTms0NjZ6bkk3eFZFb1NjemxOQ1EyUjZxXzNHdUdGa002cEJaY0tINVF3?oc=5
MFC.TO,2019-11-28,"Couples, Read This Before You Open a Joint Bank Account",VICE,https://news.google.com/rss/articles/CBMihwFBVV95cUxNYm00OXpUZnNIMk1RMVEzLXB0OV92ZFotYXc1ZFJRRjlrQXRMTEFySnBZYnZHQlZEc0FhLVNYTkNGb0NHTGo2VGdBSDhNMV85V1UySXVFU0JTX205OTJ4RzB5VEVjLV9Wdm8xT3RWclplYnhWRExwZ1RxSDBxcnRld05JSk43QzQ?oc=5
MFC.TO,2019-12-02,First National to Provide Mortgage Underwriting Processing Services to Manulife Bank,PR Newswire Canada,https://news.google.com/rss/articles/CBMi0wFBVV95cUxNajRXaFNJZUFLT0Vuend3cHkxU1kyWlZDcFJSZ2ZGeEYxU2tqMUUyMGU1WEY5VGFBS21XYWxnQ1dNdmRWWEZWcWZXbnNHanpRQ1Z6Q25rc2F4X1RuMGZ3YmE0OEVaRXJlYU1uZV9nTXB4N0Y4WkRzV2EwUGFyOG5YUWhuU3VpYzE1QmFjZWwyZTdONlVLX0V2amdjSV9GczN0LXZCVHJMQThnWllTbDNFbFNKdFA4Nk9DNnpEbXl2anROcWNjdWZMZlZzZ1NKc0ZuQ01J?oc=5
MFC.TO,2019-12-04,John Hancock Retirement Offers New Stable Value Guaranteed Income Fund,PR Newswire,https://news.google.com/rss/articles/CBMixAFBVV95cUxNU2NDMkFlLWFtb00xNUgwV2F5OXFMWGRoMnp2SDJveFRUNy1xN05CcUhTR3FWWmhEaTh0M0VPemdweEhxemVEZ2tJV0tmX0JzNDFVd2Z5dmZMOXEtamFId2ZyakNuVVU5ZEctVThMVFEwYVlBY1JrektZanhBYnhLVXZxNEh2SnVkRXMyM2I0bHZRX3lSVEhTZWF3UXRXcENyUU11UkRKM1cyeXNic283V1lMbGdBbDI4ODZXQ1pxRmNEWU5s?oc=5
MFC.TO,2019-12-18,Equity: International Mutual Funds in India (September 2026),Value Research,https://news.google.com/rss/articles/CBMijgFBVV95cUxQWjdPM1hkX0tPdVE3S2JYbnNqRVV0UDJRYWd1NmNSOE1xbjFHM3h0cXQ0Tzd6eWNtd19idFNZX2EyeGdKMVNJdHJ6TWF6d2JXS2VveDVjUEROemFld0VmU1BuSjBGVTY5ZUdjbk41MmNtR2luSlhiYVktTEVGVGQwZUxpblpKbUxvM3RXUUxB?oc=5
MFC.TO,2019-12-19,Manulife Investment Management closes $1.2 Billion U.S. Real Estate Joint Venture with Harel Insurance Investments & Financial Services Ltd.,PR Newswire Canada,https://news.google.com/rss/articles/CBMingJBVV95cUxPTTVZRE1QU1NBckFZRGhzWFB5emU4alB5TFFOVTMyR2RuMkd0OF9CZ202aDlIWW9WOTV1WFRFZF9rOEMwMWJIcjkxVndxc1Jnc0JfRTVKOU9JWUZLODI0NXMyMFZkZXJxNEVTYmoyOWZIUWxKR0FfNHhFWmRZR0hVQl9xbDBFWXAzUWR4bm1OeVpHY0g5bzhDNWN0UGFxWk1idFdESkpIcjljM0pudTZQUVZDeUJka0VkUnRZQmt1Y29RSDREWjJrLVNPS0RBeFhudkI2WkFURDB5dzd1X3c0NWtyOFR1aXJ6QnpMTWFyV0lUVnVadkN6b2lkd293M3o3T3pnSHVJaENZTW1RdGFRYnRiNWgzZDJPRzNuamVn?oc=5
MFC.TO,2019-12-20,Canada’s top 3 mutual funds of the decade,Morningstar,https://news.google.com/rss/articles/CBMiiwFBVV95cUxQOWh0SGlDOGlwbzBYdnVkbDg2MnA2WDBLdlpyUjN3M1RqR3J0VnYxbThYWEZDamlVNzBaNmUtdVJaYXZ4S3dfcVFUTmMxTGFiTUZEM2dpOE5ReDhGd3FCUnlHWmd5M0JEQ0NMNUtFMGJ0UDRvWXFCT2tWTTFQUDdmcW1mQ2hvUjhmeWVj?oc=5
MFC.TO,2019-12-29,Debt: Liquid Mutual Funds in India (September 2026),Value Research,https://news.google.com/rss/articles/CBMiggFBVV95cUxPMFY4RDhicFdSaGNSSUNIS19Yc3ZpcWFmdEZpa3dBaHBhSllPRG9OTGVFMU10U1ZyY2NKaFU2N3RVbDBhSzZKRE91Nko3YS1laDU5Y3BNWDhUc3BLc0pFZXJaMVdBempvc250ZTlyZlBkNWlpNTN2ZXhubmRTSzlpVnJn?oc=5
MFC.TO,2020-01-09,Manulife Investment Management Closes $1.5 billion Private Equity Fund,PR Newswire,https://news.google.com/rss/articles/CBMiwwFBVV95cUxQUVZ2WlJFeFhNemdnZUxkR3RHY3BNLWR5RU5ETjVSeGNVQlhETDlYNGRzdllDYVBFdC1WVWdqUVhVTC1waGFjNEJVaWdhd0M2NFVQS1hyZWdycFRQS21saEpGYnJRU0tDSS01anhXYmNYNno2NjlwZGxHRjRXUVpFZ2VrZmU3NS1kcW5wOWpvYjVjNllrMExUckIxcEF2TlV5YktCVk9ab0NkUjB4MVJBakFXMGRhQ3c0VmlUdUF5dHc2WXc?oc=5
MFC.TO,2020-02-18,Manulife & Prime Led Singapore’s USD Stocks in Early 2020,Singapore Exchange (SGX),https://news.google.com/rss/articles/CBMitAFBVV95cUxNYzV0ZDJtMTcwSGhYNlpCUnd6bHZpXy1TWUNLT3IzZ0k2eU9iZER2OXJLS0FwNDVnVWhPTlNVcHZNVGFPLVpYenRxUGdtcUZsT3VibWNkTDFZd2FUQlZmb2JEY09uQjZjcmtPMjZXcGg2c2dfMktMOGs2SWJWeFlhTi1Ma1RTOVBCMHQybzgtMmJjbkJpTDBaMklDcEF6d091TVptVy1RTUhvMl9xZ011RlhQeGY?oc=5
MFC.TO,2020-02-26,No-code application development startup Unqork raises an additional $51M,siliconangle.com,https://news.google.com/rss/articles/CBMiqAFBVV95cUxQZDhFMVhCUXJmYm5CUEsyeE1ISGRHUW1iYnBtNkdSLXJqWGxyZmNJTlczSEtCdEtUTUZKeDU5LWdEQTVaeURwdHVwajMwWUlWYkpDUUlnWUxzc2RGUHN6Zk1IU2NENDBrQjItNWZ6Q2RGRDZHTmRsMm9RakhicFFhaG5mQVB6TXBnMFY4Szc2djczdkZ2c2Q0TDJ6RTJGclFXTUFzY0Q0TXQ?oc=5
MFC.TO,2020-03-16,North American stock markets sink amid falling crude prices and spreading virus,St. Albert Gazette,https://news.google.com/rss/articles/CBMi0wFBVV95cUxNejNDTDdTWEViREJkSjlBWUhRVG1rMHVrSmpJMHRWMXN1cm02eVJFb0pRZ1FNXzFqM1JueFZjM1BBN3YtYlZMUy1qNmVYWEVaY3Z6a0hpdXIyNXZhNmRDWEZtak55M2NPLVBucVBuaE9YeDlEYVJKOVN1VTh5SS1LN3FiMTY4dzIteTdUcFJ4T05aeXJGVUtSVExET1pXU0VwLXlkYTZmMTRidnIwQ1k2M25IUUw5M2QtcEI1eEJPaVF5ZDU0RE8xaXFZWTZ5MFNkV0JF?oc=5
MFC.TO,2020-03-16,The Dow posts its biggest one-day point loss ever as nothing can stem the coronavirus panic on Wall Street,Fortune,https://news.google.com/rss/articles/CBMiiwFBVV95cUxOUHFVTXBIbGdyLXJIZzNPSllhR2VnZUYxR01XanFQWXppX2VKdm9kSy1WX05XalY0eUt3d0F1aWFoalExdjBKQlJkazE3cC16S3JBTGlKQTFseDRMcjY3Yy1GeHNjR1k3VXJ5YTdwZzhVNmQyUUFSLVdobHdQY3l4dW9UM1hVOVp1TkFn?oc=5
MFC.TO,2020-03-16,North American stocks fall again as businesses look to hit pause,CityNews Toronto,https://news.google.com/rss/articles/CBMigAFBVV95cUxOaHg4dDNvN2pLandVc1V0SlFjcTBabWlVN2pVYWc5TllNdnNWV2tkMXcya0xKVm84SmtEZi1peDZVV0VZZkRIbW5DZEp4eldlcGxDM3liY3hIQk5aOE9vbHdpVXRDcWJEQUJCSTJjZ3NEVGY3eUJpOC1VSGhLNU9MTw?oc=5
MFC.TO,2020-03-24,"Manulife to offer mortgage, credit card relief to those affected by COVID-19",Financial Post,https://news.google.com/rss/articles/CBMijwFBVV95cUxOUU9tdGY0TVhMeHdfZEI1U2puNmFoNExidkR3THFBRnNfa2FpOVotQnB2ME1fRjV2MjNjQzg2NDdDUExKdFlmM2d2YjFjN2t0LVZ4X0V0V0NHU3AyWVhBdUNmSlREUnByUzBZRnk4dVVQMUR1MlEycnFfb1Y5bVVXQVlvNnZrRVNZM2VvYlZEUQ?oc=5
MFC.TO,2020-04-01,"Executive compensation up at Manulife, down at Sun Life",The Globe and Mail,https://news.google.com/rss/articles/CBMipwFBVV95cUxPOFlOTllLVnVlWmJ6R1hhWjNrcXVmX3c1enZTVEl1eFF0ZVlXcVVQNms1V3FDMHRmWWgwS2o3ekg4WkVBSmoyMGh4dnZiM243dHE2VFN1NDBPYW5ZaUw3T3kxZE9wc2tHQk9VNzJmUk9qOGtmVUNJRGFidmhZWWFJNU9MempKSWVXMmJSZTA1WklEWUxrUnVpX0ZKTG1XQzNUT19vSkgzOA?oc=5
MFC.TO,2020-04-29,Manulife Investment Management acquires 49 percent in Mahindra Asset Management Company,PR Newswire Canada,https://news.google.com/rss/articles/CBMi1wFBVV95cUxPYVFZU3ZKUlh3QkpTNDJLTGlsWEVuWEtsVEZMUTM1NjZOdmF3TkRoblJEejRzTjJQcV9VQnFrNy1KMUFCcEd5alBaSDE2Q0JHczhCVkFSNm1MVDRodVBMdUV1azhLUTFaY1FLcXRURzVHQmRTbnJYOU5FMmVSVXY2SFE3ZHpVNzlSdUpxQzM5MU95OWkwbHJSRmRKeEtZMl92QzdIek1OdklBR1pkWnZlU0hwUGMwM04zQ3pkelpxcXhFYzJ1cDN0NWI2THNTQ19fQzNsX2NZZw?oc=5
MFC.TO,2020-05-14,How COVID-19 is shifting global CRE investment strategies,RENX,https://news.google.com/rss/articles/CBMif0FVX3lxTE9PMHRjMElkZmNGT2pwbnpaMHNnT09IOUxpbjViMnF4T0FmVDRqZzJvVVIzMDFyNVlWS21pVjhqR0IwQVVtb0FTcGFvUERYdkdEMk9wdkZJdnJqOG9YeHJEQ0pLVmJCT0Jyb05telFrZWg1OWVlZ2pIbEpUeXlaY1U?oc=5
MFC.TO,2020-05-19,Barb Zvan to Review AIMCo's Vol Blowup,Pension Pulse blog,https://news.google.com/rss/articles/CBMiiwFBVV95cUxQUDMzdXJlTDVMdzh1OUtpLVR6WXZ6bkFoYlZsZkZncXB5ZU5PU04tTlRwZ1hYdEFkeG1LdFJUcnBGR01Ncm9faHlxOGVabzVmeTc5V015UGNFVFRRSGdwOTlUOU53eDdQLUlCeFp5OU9lS2Q4TUVGTUpDSVA2bll1SzB2QXZRa1lIUk1Z?oc=5
MFC.TO,2020-05-22,It’s time for our financial statements to reflect the vital value of nature,Corporate Knights,https://news.google.com/rss/articles/CBMiZkFVX3lxTFBUbTJiR3RkYjd0N01IVnRSWVlkbXJZakVFWXZ4bzYyaFRUc0FRWEZaNHBuSGxWSGVxUFhQTUVrYzNRaHRRZ1piUmlKM3pjODQ4SmpSWE9Xam5ETXRzZjVnYVgtWWZsdw?oc=5
MFC.TO,2020-05-27,Shui On Buys Qingpu Site for Panlong Tiandi,Mingtiandi,https://news.google.com/rss/articles/CBMilwFBVV95cUxQc0x3WWd2MkhxYnhwVEQ1Wm4tLXZQZlJpTGhnSjU1Nkp4VHJhMkFwanZlS0J5WjFfa0pMNTZENUhHenVRSVZCLTlYV1VRdE81bGRTNURnaGpOZ0M5X3JPV0ZqSmRiREFFX2lSOFAySkFmSU1QeTVpeGFjQmRhOTNIa0hfX05MQ3JnX2RfNThBT0pfeE9zMjI4?oc=5
MFC.TO,2020-06-01,Asia’s pension reforms call for a multi-pillar approach,theedgemalaysia.com,https://news.google.com/rss/articles/CBMioAFBVV95cUxNNm9jMFh5UjZxY1JLMDVwRXJYem5fSENnbzNUTXpLcm5sVlRIZWFNZ3MtUGx4bEZOUkZiMnhUVXhuOW53bktxUEZqSFlPeXNxRWx2cXV0QklDaURCNUdMdFlFb3ZTTG5RbFQzU0RHVXVCYllKbDBPRUM4TjJFYkdYdTAwQ3hfT1dnaXF1SDdJUmgzZUdlaWhKVlFvUWo1V0l2?oc=5
MFC.TO,2020-06-10,Nicole Arnaboldi Appointed to Manulife's Board of Directors,PR Newswire,https://news.google.com/rss/articles/CBMitAFBVV95cUxNa05SVXlFdHRneEtIWnYxaWYyYXpKZU5Jcmx1d1pFMnBqVUNQQzJZdjZxNEZOWFdEdTJwcXgwN3JveHpPZ0tzcHdGaDhoSS01eWRodnBiM1F2NlNqbVlKOXY1NGpNTGkyMDVPWnZCMUVpem1WbU5UbXByZEJ6TEQ5Ym5KUktsUWo3SGVQcWQ5ZjlmRGNfcHN5dm9lNWNnRFJ0ZmVUWjZrVHZDVHVjTmZ5RnVFNmQ?oc=5
MFC.TO,2020-06-15,"Alpha, Manulife, MMP Set Up Indonesia Logistics JV",Mingtiandi,https://news.google.com/rss/articles/CBMinwFBVV95cUxOMUc1bVFpbFAyS1RsX2NXeWJkekVtRzdfb25PNS1rOWtkYS0xU2EwZ3ZlR3Zseld4TjA0WE8xSXFJYUtYb3p1aE5nYUpaUG5QNkFkVWRwT2pWNUdIZzh5bXpGWXhIZjNWUlpkRjczU2ZNeEpSWU5paWpmRVhKNElZY3pjUUF1Qm1uaVNtUUdKQ25FSzVEOEJycHItdFpOdGM?oc=5
MFC.TO,2020-06-15,Manulife pays out first maturity benefit in Cambodia,Khmer Times,https://news.google.com/rss/articles/CBMilgFBVV95cUxNVXNGT3puUFhuVHVTSW9yeVN3MENqT2tDWU81SlFSbW1xVVZvVGNMNC1sUk5GbVRWcDlzcnRDTlN0aFYzM0p2NDU4YUlJVTQ1Q1NvUDZ4bVk3U1FFU19mWVdxMTBFQzdsZFNiU244NkQyTGs5RV9GbEtXVlJQbFpmMG1GMUZ4NW12OGtLQXJxYVlNaXR4Z2c?oc=5
MFC.TO,2020-06-29,Mahindra Manulife Mutual Fund,Value Research,https://news.google.com/rss/articles/CBMinwFBVV95cUxQME1jdVV0c3FDbW4tZzZtZzJORG1zTW1NWmdoYTN2dDVRUmUtSU1fRWNXOWlwY3B5NHhQcVkwbGdCb0d1UDhqUFlocGg3Q0xlUlc3M191dG1OYVRZZ2lSaWdKRmZJVm5OLUNqalJQUzVxVnQtNWtsa2p2MF9Kd1k5LWdMOUE4eXo2NTR5bjh5NmdSSWtKYUVYbTVUaGhKd2s?oc=5
MFC.TO,2020-07-15,"Beyond Meat to sell plant-based patties Brazil, world's No. 3 beef consumer",Yahoo! Finance Canada,https://news.google.com/rss/articles/CBMigwFBVV95cUxQeWlPbGNYc1BBMDlFbFdTcmM1eGc1bXpxaEFCRmF2aGVnNmFGbjVOTDdUQWRRTEZTTDdUODVBaFQwQ3VwX1BjQzNlRDE4Q0hsTXVMcXlhYm1ZSGJjZTVOWldEaXZKcUpVSEZWN3ZCb3NDZlVqOFV2T3Z5bmQxSjlNelF6Yw?oc=5
MFC.TO,2020-07-17,"Manulife commits to boost diversity of its leadership, workforce",Financial Post,https://news.google.com/rss/articles/CBMipwFBVV95cUxQYVB3YTVnT09FakJERHg3TThkY0U4SmtwNVhxXzFPMmpmRWh3OTFzam9SaE1kRE1Sb2J2ZEhMdWVQeHc5ZzZBRXdtdnMzU01odkFvZE1fUlR3dEtqeDI4UXJrNUw2RTJYTUdsXzI0N1RNeF9MZnZSRFdpVkNUQmlNN214dUgwRkY2YWxPNmpnQXptaThfNVh0b1A0dzhWVWFBY0pNV1duYw?oc=5
MFC.TO,2020-07-27,"Manulife Makes Strides to Advance its Diversity, Equity and Inclusion Efforts",lifehealth.com,https://news.google.com/rss/articles/CBMimAFBVV95cUxOQnZlNGE0aUJuZl91blhDVkdNV01GTFQtajRjbEpYeFlrNDdDUTZIYUlKMkVyT2VQU1ZLS1ZRVnBpb0Y5UmhBbFFxZDdLZndDVFYxZ1A3eHg4Nm95ZHR2bnJoWEFtbWQ2cjJ2STRNLUdwWnRhQVNzMTZ0SnRHR2ZGbDhfVGl3RFBWcW01bTRzbWNzQmdPSDZRUw?oc=5
MFC.TO,2020-08-06,Manulife records U.S. profits on falling long-term care costs during COVID-19 pandemic,The Globe and Mail,https://news.google.com/rss/articles/CBMitwFBVV95cUxPZzh1X2IxclBXZXRPdXpPd1BtX3ZBRmFDaFRVOFVaNV9MTDBBWG9ueExkU0lOSzk5VGVlV3JuVXktVkJoOFA2R0FkbXFNM2s1SVlUU1VFRW1Dc05IX0NubmFmMm9ZS2tmZUZrc0NMMmlGR2h2QzlFS2tCV0lNcEtvdzJqd3F4UDk0Mjlta3lNSHpCRWF1dk9zcl9NNllVeHpoWXdrNy1kQzJDRmx0QUFlSGlkT2xwZTQ?oc=5
MFC.TO,2020-08-06,Is Manulife (TSX:MFC) Stock Still a Buy in August?,The Motley Fool Canada,https://news.google.com/rss/articles/CBMihAFBVV95cUxOOE9VS2xONWlYWmhFN3dkSDgyUm1iUl82SFIxSlJXZlhhRURZZ2tyaHJyemNkN3JkYk9iWG5QQkt4M3F3SVlSczJPZHRaTkpXRzZfUjZmaE12VEVHa190MGdpSXVtUW1HdE9ray1ldVhKVnpmZWJCZkJMa1ZOTFNTUWhzOUo?oc=5
MFC.TO,2020-08-07,Sun Life eases investor concerns as earnings exceed expectations,The Globe and Mail,https://news.google.com/rss/articles/CBMitAFBVV95cUxNcjBUVzFQRGRrYm1nb3cydFpSTGtseDVhWFhDaTQ3UG5HR3BZbE5kMlRYTUVPM3JQYy01d1ZWczhrd0NZNHVsZGxaS3Q5TkdfQVN0U29HczR6a2dZMmhpdnJkRTlESUl4cUhzTUVGNDRnNzd5N3ZyNmhMa21mbTV1LThDanJMbWNucUh6RVdxUlVEUHRteG1CVnZtaFh1bFlLblpYUC1tZUliX3BuMDFQY0lMQjM?oc=5
MFC.TO,2020-08-09,Royal Bank Of Canada (RY) Short Interest & Short Float | Updated Sep 2026 $RY,MarketBeat,https://news.google.com/rss/articles/CBMiaEFVX3lxTE1tWGhvYmk1SjA1anE2V1N0TXVrdFpoSHlIdE9rNzZXWFctT3dHanlWX2NyUHYxWW1JNFlNVjZXSUhkbUFNWGVVbEJra2lNUHM2SnozbThnU1pOY1BYaVJZQk5UeGQtVENr?oc=5
MFC.TO,2020-08-13,MetLife (MET) Short Interest & Short Float | Updated Sep 2026 $MET,MarketBeat,https://news.google.com/rss/articles/CBMiakFVX3lxTFBQZ2VhMkN1QjEwWkxzTV9kcTVsMzY0Q1dDYTBjOE5iMl9YbmtJMjJKT2FDalVuUy0xQmh1NExrV0hSMHoybjZNMUFtekRvcU9JOGQ3R0h0Yk9STno0RjBsU09ITC1iQ05rbmc?oc=5
MFC.TO,2020-08-18,Power Corporation of Canada: Shareholders Board Members Managers and Company Profile | CA7392391016,marketscreener.com,https://news.google.com/rss/articles/CBMijgFBVV95cUxORUw1dmlyMmxoNDhsN2hwNXJDZ0ZwS1NxVl9Qd040dEtoNlZDMWl3Z212aUpIX29oWnhWdnNIWlpsemR5TlNlY1dyM3diRlpGekZpNEFjR3dpeUxXQU9vRm5IaGV0OTBoUXZiR1Y0WGFfR042bFoxLS1oTXZ0SHI1Vy1fM2RpaHlrdmFQdUNn?oc=5
MFC.TO,2020-08-18,Manulife Financial Corporation: Shareholders Board Members Managers and Company Profile | CA56501R1064,marketscreener.com,https://news.google.com/rss/articles/CBMijgFBVV95cUxOZDRqUkU0YkY0V2NuaUlpSGN6WWRDdnFQYmVUWXg3Y2hpdjJIc192Q1NtN19qb0tDeWZPMEtxeXVvbnpSXzNXOFJ0OVhnSGotMlJDUkRrejlvU2x1RzJ3YVRMb05jRFd6cENuOGRKc3dsbEpRQnlhR3FGeUxGYUxBMkNNY2FqSEhmQ1hvVWxB?oc=5
MFC.TO,2020-08-18,Athene Holding Ltd.: Shareholders Board Members Managers and Company Profile | BMG0684D1074,marketscreener.com,https://news.google.com/rss/articles/CBMihgFBVV95cUxPWjFMMGNRbGluaTlsTVItU0tvbV94NHlZLWN0RkxQa0tZY0JIQ0ExUE9iUEZqOEJxN2tNaEFYY1JRNjJtV3J2YlB0czM3R0R1aVdNcTFweEN6Q1RtR0NaVXJjUFBsM2RxOUhfdkVLMURIUHAtc3N4dVNDWVFUS3JzTHF1ME5Ddw?oc=5
MFC.TO,2020-08-18,Aegon N.V.: Target Price Consensus and Analysts Recommendations | AGN | NL0000303709,marketscreener.com,https://news.google.com/rss/articles/CBMid0FVX3lxTE95dDFLS2FUcGJGb19XVnZXODN1QUVMZno4WE51VTM4Y2ZpUWxRc1lkQ0poUHE4UDZpSFB0MnZXU19wUklpRjJiSGN4Y1BmcGZRV0NNZHNDSzJQMS1wZkdYLTFOdG5HcDRkd1N6cUFTRWtVblZhNWpv?oc=5
MFC.TO,2020-08-18,Prudential plc: Target Price Consensus and Analysts Recommendations | PRU | GB0007099541,marketscreener.com,https://news.google.com/rss/articles/CBMiggFBVV95cUxQaThtQzBja210eXdZR0hGS2M0RHpQU1c0YVF1S084amJuYjNlemVDVlhubWFqSUpsSkNtU2ppQzRxRU1Cc21uRkswdF9jdWpKWlZJZm5sLThKeUtaeFluRG5OUVVQdk1zUDVrbnZDeFllLUR0aGdfbTN2cEpYNGNiVjh3?oc=5
MFC.TO,2020-08-18,Aviva plc: Target Price Consensus and Analysts Recommendations | AV. | GB00BPQY8M80,marketscreener.com,https://news.google.com/rss/articles/CBMie0FVX3lxTFA5TVROWUtyOExhaUQ2VjRXd3FlUUE4NnFuZUNyazRpVzRuczdBeXJlbG0zaVBWSHFpMHQ2WFcxVWd4bG5nak5NcXhMS1BPUEYzYmZyQmUxVFhEakdaa1pfV2lRZnlOR0NtVU03dndTcHlLcTZydEcxZjFDMA?oc=5
MFC.TO,2020-08-19,"MetLife, Inc.: Target Price Consensus and Analysts Recommendations | MET | US59156R1086",marketscreener.com,https://news.google.com/rss/articles/CBMie0FVX3lxTE1TTXV0VlN3WXNITzc4cThFTVdEM1o2X2F0Rzlocks4WDlzTmdHcVEzSWc1R0VhVnNiYUJBVTdxcEpsclZVQkdsVUFxVTg2aWU5cFItT21mLU50Z3VBOG1qM0xSbFNvY21xZmNhRElVSnlucXl2YVdyYkVmbw?oc=5
MFC.TO,2020-08-20,Why Manulife Critical SelectCare is a Valuable Insurance Plan for Those Above 40,Tatler Asia,https://news.google.com/rss/articles/CBMixwFBVV95cUxOY0RYckdLVkR4WTNaa2ZSY1VjejN5RkY3WTRaN0UxVnhFR3JaTlZRSm5GdUV3V1Y1N1l5SnpQa3RfV3hGcDlISi1RcWVXWGk0elVKYW0xVXRha19HQVlhRnZLdjBtZDRUYWtuaVdGMVR6SWg1MGNiUFhuVmEteUZZS0p3WFR4NEpDWnVlVVdpV0ZrY2FON3hvNDNqUUtsbzBXRzI1TUo3NnF2akRJMC1SWHZOUEhxUm5MRmNwUGV3QkNyV2RoRVpR?oc=5
MFC.TO,2020-08-31,Whitecap offers to buy oil and gas producer NAL Resources from Manulife for $155M in shares,Global News,https://news.google.com/rss/articles/CBMif0FVX3lxTE9wMXdjb1lGM2hWZzAwa0dNaVpCSE4wbHF3VkIwbXRCRHBadV8yWkU4TEEwSWRCNHVzZmlmdmZLcnd4aVB6MDVrd0hld3A0Y3o3a3VFZXBDRktRRVh2UVVjRmktSmVCSUhwZEY2am1lNDZmYTY1LVNKRVFzdjV6czA?oc=5
MFC.TO,2020-09-30,Vibha Coburn takes over as Manulife CEO,theedgemalaysia.com,https://news.google.com/rss/articles/CBMifEFVX3lxTE9ZTU9Nc29jbDhLTXF0YW9IcHZPbTRzbTVKYmx1c1hBcTRPZnFvUktBSWQ0WDZpZXpXRk5YX3pwUzI0aVJoamRoRkhESlVyU21HQlRGM3BTRHpJMTNMbTJTNk5uampZd3R5OVdEMjJFdnl3TjBURFQ5dnkxdmc?oc=5
MFC.TO,2020-10-02,Manulife future-proofs risk models on Azure using Azure SQL Database and saves a bundle,Microsoft,https://news.google.com/rss/articles/CBMikwFBVV95cUxOUVltMVBJY00tc0MwQWhCRndkNk9UTE14VnNfSC1IdkNMOHVCYzNld1RncTlkYWZfSktnRVN4YW01cW0tdXREbVFRdFVPalpPeVdOekZ1V1JvbXV4bzNTMHU0Y2pPRE13YXpXemdMcERYUnJlVm9FZzU5RGtfZXJqY1gySl9PNXZQcjFXMHN5N2Rickk?oc=5
MFC.TO,2020-10-16,Jenny McCarthy hits GRAMMY Awards with electric blue hair: Photos,Yahoo! Finance Canada,https://news.google.com/rss/articles/CBMiigFBVV95cUxQUV8yaXFuYmNtTi1fMmttdV9SR0MyWkVLZGZkTmtXQnBUdjdhMTJOMXNGdVJadDZheVFIdm16bFJ0d1RZZ1pyX3Vhb3NhQmRVdnpYTjR2UEpJTG9sUzkyNTFMYTI1WThSQjlReHVCRk1jQmRBSDhyYTFycTl5UXRIaThFZUNnUjFUM1E?oc=5
MFC.TO,2020-11-03,Manulife Cambodia opens new head office at TK Central,Khmer Times,https://news.google.com/rss/articles/CBMilwFBVV95cUxQa1pnR3VqT0FVU3l6aWNwSi1hNEtwUG9aR1FwTmJtdkpCdGF6cVJ3XzNiRXRmSXIzNnJJRlF0aDgyU3FLVVY4eXN2eXR2UmpQbFduVDIzdHAwQTdYZi1neFYxZjJhdzRBenFoV0hPa3JSMVNDX2NyRzVrVWJidUMyZTFLRFVZTmM5elJzZTRDUGpBbjN0UlN3?oc=5
MFC.TO,2020-11-12,"Manulife profit beats forecasts on growth in Asia, asset management",Reuters,https://news.google.com/rss/articles/CBMipAFBVV95cUxPeVIyVTRySnpPT3hTSnVVQzA1ck5EcDdqRWVMLXdncGhKX1dTN2poZmhGTzU3R09XZkRwYlVOZTEwdGFZdmJvdlNMdnBzeHEwQ1R0bkxPVFp0MExpN1d6Q0toUW1HcGFyb2JDVUlQVUFvQUhsdUJBOWlGcDdMRDU5enRuMTRNRXFZRF9ZTHdZSzdtcE9fbTRWc0FHSFFYX0hPOVhZeA?oc=5
MFC.TO,2020-11-13,"Healthcare Pulls Up TSX Composite, Trillium Therapeutics Top Gainer",Kalkine Media,https://news.google.com/rss/articles/CBMitAFBVV95cUxNVUdzTFFyLUlCM0Q4ZzhrSURkeUg5RTlfejFjV1c0YXAzUVFjVFVzR0xibDBjN0pySVpvMFc4VXp3LXFxRlB3QXBQUmRKSTVhZGFNTE1Td20wSXBYQVJpLXZRUVNuVGNUbHpOWWliaU9iUHJVN2EwV2ZuRS1nQ3F2OUY1NW5RQnpLYlNZSzZ0M3pGa2FmbGRWSDVxQWNlaUJuYVlYWXlsU3dGN3QwT3V5SGhzTnA?oc=5
MFC.TO,2020-11-13,MEQ Stock Price and Chart — TSX:MEQ,TradingView,https://news.google.com/rss/articles/CBMiV0FVX3lxTE9DVm8yeVAxbUpoeF9WWUpKZGhvSEs3eDg5V3RGeE1wNlR1ZWdoTXFRSk93bkF2M0dKcDh4dzV6b0lIM3IteFpoLVBBcHNIbkNyMFdyamx3OA?oc=5
MFC.TO,2020-11-17,Manulife enhances benefits in North America to support well-being of employees and their families,PR Newswire,https://news.google.com/rss/articles/CBMi6AFBVV95cUxNcVVWOVZrRVlmNHlYLWdYMFJpaTFtYUg2dkFRRVJCSUJnenlBNzRVTlVfZjJocUJfdkV3cVBDd1RZd3FpOHpWM3YzS3Q4Z2NVVFY3MEZqY00tQkh3RzFFaGc2a1pEcXJIakx5RTBCX2MwMHIwRlQ1dlVXMEpHS096NVZBTGZZTWNzbWVybTJBU2o4Tl9RSGN6UG1nbFIxSnZ5Nm9nYnZDVkhvWGRqUHIzUnBKNFNQZVhGbEFwZGRRWFZZQ1R1Mjh4MWhPU3Zxcl9uOHpudTNfMGNOT1hQVjlDUkc1MkVWV2VB?oc=5
MFC.TO,2020-11-26,Manulife ousts HSBC as Hong Kong’s biggest MPF provider with Allianz tie-up,asiaasset.com,https://news.google.com/rss/articles/CBMitgFBVV95cUxQX0ZROFE2alVOeGQ0dFlwRFVXcHpUTHJJZ2F1VkN2b1hXOE43YnJTSjhIYWtKdC1xZVpXWThsTmVMN3NnS2ZIaEkxeGs4c3YzSmxUVzFVSFg3QnM4NnNWc0l4b19BYWZqUUFGaUpEcTFRX2pWZlN1NUYyLUhnX2FZY2hNeXpmYm9nQVl5M1NpNVBnMS1Rd1paajBweEtabFBJVkpUd0QzUDg0UWdOS2NDekhtY2Ffdw?oc=5
MFC.TO,2020-12-08,Mental health startup MindBeacon files for public offering on TSX,BetaKit,https://news.google.com/rss/articles/CBMijwFBVV95cUxOQUw2OWNBM1FsU2NOVzlSdmNoOTdGaE9sMm1RbU51OTQyMWNfTnRBaEVKdXBjdDdWdG14UE5ROTFvZlR5aXVKMUJFQUNPZUozc25LaVBfZDAxU2hHUm52T2NIaEFxXzJadGF5LTBNMk01akprRzhGQUlGcVl5c1dUc2d3ZFpkLWQ2MG9fM0g3VQ?oc=5
MFC.TO,2020-12-09,"Whitecap buys TORC Oil & Gas for $550M to grow production to 100,000 boe/d",CBC,https://news.google.com/rss/articles/CBMixAFBVV95cUxOem1LV3RDTTZoeEgtOGRDS2tnbWwzUlNidC1ZdjYxLXVYQ2NyTFFBR2JtUk9fbU5DbEMyd1pDSllUWnZ6TFF5Y3NpeWxPS2xPZW1LTllFdHY3UklxSVV2QzAxNkUyc2prTTVmTk91eTJRS2xidExGSWkwVk1pMHV5RUpKNG5QXy16UXFHYlFOS3lyNWpEdDBPNlE4RVN1azc2c09uWkhVdFZLRWd3cGhTOXM2M0hoN0pINzFvU0FuTUw3aE5F?oc=5
MFC.TO,2020-12-09,Canadian oil producer Whitecap to buy TORC Oil & Gas for $430 mln,ET EnergyWorld,https://news.google.com/rss/articles/CBMizAFBVV95cUxNTG9zVE1UVnAwSHNFVUc5S3RaZmtRWTNtNkNGTXNycXZjUDB4bk91S281ZGNBdFgtNm55N3pvNU9OaWdIT01ELWtwOW1zZ3ZZaFRUbUVSdmpvYzlhN1NsSkVWcUhXeF8wVUlqM08zV2Zad25NZ2lJM2lwRG5CN1FWYnZTVkVCakFGWlBfVG00ZktNQzZ5UzBLRUthSUpRMENTalRCLWlmc1dQM2Y5Z3RCdi1Cc3FzZXpONXIwc2c3V3V1ZlE1M1JBUnZvUFnSAdIBQVVfeXFMT25YZXplYnRXSWNfS3BOZkVqZEUwRHFJbEl3elFyVXEyZGp1a2dEdHl0NXlObFZJUV9LQlhpU1J1V2taX3RUak9SZDAtYV82RWIydEFlVld2M3VpamRqYlNvVEFEenlTdGQ1c3lQN090SFRCYzdwalF0SzJKdmV3dU5Zc2RSTEFVb3JXVTZVRXYzOFcwUDluT0xtUVY3Q3pTTzFaYkVROVo0Z2JMZC1KYTNJWHBjZmlYckJuaWRVeEVCRTdydjRhWEp0bURGcTFpQUhn?oc=5
MFC.TO,2020-12-14,VietinBank and Manulife announce exclusive 16-year bancassurance partnership,PR Newswire Canada,https://news.google.com/rss/articles/CBMiyAFBVV95cUxQRVA3QkZFLS1PNnlVdnoyYUlsamFfbkJ0Q2JTa0VRMDl3QjRzYXR1WU9iTUNqX3VwSHo2b1JFeEIyM3dQMVZ0UkZ1a19FaElHaUI2b3NRTlItakZ5bmVTeUtDeVQzTVJWWDAxZGMwdWk4TFlYSGFWQkpHM1pjSF9CcW9uaUx5LVBsU3poLVFyNkppNEV2Wi1SYXo2UkdjdWcxZ0xrWE5Qa2lSMHp6cHNBOVpqOWZIcDVWUW9yNjVxekJtME1kUDBtSg?oc=5
MFC.TO,2020-12-16,VietinBank and Manulife announce Exclusive 16-year Bancassurance Partnership,Hubbis,https://news.google.com/rss/articles/CBMipwFBVV95cUxOcHpsT1gyNFdIWTdVbkNXV2QyWmxlUWNXN1V3ODRSNEU2eEVXRTNMU25EazEtcTVBcm5VUHlONFlHckJOWDVkOEVjNkpqM3gxbGlJNHlIRU9WU0xETG04WnpMTEZTZ2R6T0RhOTlLWi1IMzlsaUdzd0NEYm85S0FHYXIwblFBTExtdHJpcm9zaTFQeFRQUm1YMlp6N1psVlJnR3k2S1BiQQ?oc=5
MFC.TO,2020-12-24,Banking partnerships maintain rapid pace,Vietnam Investment Review - VIR,https://news.google.com/rss/articles/CBMiekFVX3lxTE55RU5xUHAwb3N5WERNcU1qTVRlRkJyMmlEaW10UXZreS00bEtVZUl5S3FvZ3Mza1FHZWRqVmNWNC1Vb25SaVc3WmE5ODRLbEdHb1FxSXE4RmRpOHppbDdab25fUlE1ZW1FRGRGeFBWM1o0RmRhQXdvQVdR?oc=5
MFC.TO,2020-12-25,How Manulife CEO Roy Gori unintentionally prepared for a pandemic,The Globe and Mail,https://news.google.com/rss/articles/CBMiugFBVV95cUxQbVFwc3M4WVhGbnp6WUI5RXRRd04wdGxMNmRwaTRBNHI3Y2F5THRNR2s3N2RVZ3BfV1J4dUZpMkNyMkxQUFctUlhwTG9sakJoUHFMMlM2c2JhZ2JVMUd0Ymh4SXdXNkRhcG9CcmJyQ3BzR29LRkZTdF9DeS1Hd1JIeENfdmg2Y2drRldXUTJjM0lWUHV1MkFYRlM4UjA2NmdnY3Zpc2l1bWlVejlYekRwM3BFck01MkJPSkE?oc=5
MFC.TO,2021-01-15,Bernard Letendre takes on global responsibilities at Manulife,insurance-portal.ca,https://news.google.com/rss/articles/CBMinwFBVV95cUxNWUtGMVlpemF4d1NaenU0MU1OV1JOelRndURzc3Y3anNxY00zMnJjT2oxNUgzbGFMeHZjcWxjak5VX2hNcXhuRm13R085STJqdXFuOW9Ubk9JY3p3Ykd5Y3JSOW4tM05QeE10RGhYcHdoWmtvUzg3NXh3c1dNVUxhZHdwdGczaHhoZjNUanRKS3dCQUo5UU5sd2NiT0VOZkE?oc=5
MFC.TO,2021-01-21,‘They’re gambling’: Canada’s rookie day traders are betting on these stocks,Yahoo! Finance Canada,https://news.google.com/rss/articles/CBMihgFBVV95cUxPQVdwNHpBQUpUV1RUYWZlQmdRS0pYdWdicDV3VzZtQUN2RE52TEFuTWktUl9uaGdzOFVfYzdyNjZxUkJwTXNSWklDbF9NQklGRDA0MllOMlN0UlR3SlduNGtrOWdCYVE0VFVNdTlEVDRzY3hla2pXWVQ0ZERVbDRlTzYzNndJdw?oc=5
MFC.TO,2021-02-05,Insurance segment sits in good stead,Vietnam Investment Review - VIR,https://news.google.com/rss/articles/CBMidEFVX3lxTE90VVRwaVNGdnpTMUZTeWEzTTA1b0MzVERicU1DTGZEQzAyeUJXaVpwb3EwUWxFdTRxdUJzbjVHZDZGejRHSFJ3ZlplYXhRLTZjUm84YktDdlNGMUd1aDFHSU1iWFQyQ2hRcGluakpaWDdXRTB6?oc=5
MFC.TO,2021-02-11,Big Pot Firms Push Up TSX Healthcare Sector's Market Cap | CA NEWS 11 FEB,Kalkine Media,https://news.google.com/rss/articles/CBMipwFBVV95cUxNaThwTWxJRlJPM3YwMU9oTFVjcGVVc2hOQnl3cVY1UGJRdnZVYU1HQi1tZ29wNEl4S0doTTdwR1BjQ0RZTDVSQkU4VXVIWGZYdFlIT2xocXlMTDhHVmZicHFHVkZNdTdfZ0xXRGZnSmZSQjc0X0FrX0xvVTJjUFNBMlhFc05jSFJUUUZWdUdnQ0o4NlpGeV9BMlFDb2l5dmxpWGhhSlYyTQ?oc=5
MFC.TO,2021-03-16,Manulife Hong Kong teams up with Christian Family Service Centre to launch market's first business-sponsored health voucher charity program - PR Newswire APAC,PR Newswire Asia,https://news.google.com/rss/articles/CBMimAJBVV95cUxPMlcyX2locE15c2VNV1RpU0ZHb0Nab0VldVNKdWdlaXZ3aDQ1RHN0by1yVjJZa1NhYWtldFlEQ2ZUVXNhNW5oNV9pYzdobDkzcFRNMTB6c3N1OVVkeENRQnFhUE9odml1U3AxYWhfR0lSbE5oY0dSaVJlcWRHZWs5aTRuRHRvandtSDZPSHVmYkg5bTNmemZqYXBwVTZxaVp4dGxsbVd6UEJKV0JOazAyaExkY084TFp3bzVqd3RlNm51ZnpFenRxQ2toaFljSjhJVTJDcmg1NzljU0dBd2VfWnhGOUJFUm5NU2ZnSGJYTHZvY1RuZE1zUGFFanloeFhLSWU1OUZvaEVZQkcyaDJuQ3J5MGdfbXVS?oc=5
MFC.TO,2021-04-16,Manulife Investment Management appoints head of high-net-worth strategy for private markets,PR Newswire Canada,https://news.google.com/rss/articles/CBMi3AFBVV95cUxNeEtxR1hSSm5nX3ZnRWhEcEctNDVBbm1wNDRjTGtBcFZtdGNDYnNTZTU2OW1GbUx4dTZHbTNyX2luNVBpX2pBRkJZczF4SXNwODRVLTVaNWJKZmRrMmFZMERSQmZJQXBxdHhxUUVCUUpJUmRILUFBSnlSc2dnNzhyWFhtRnhIY3lNYWhDQk4zVkR6OUFyZnBKV3dOd3RPZks3a3lZbkZZX3BORmw3Njk3RGtUaTZnaDI5eDhHdG95UDdIdUVHRlJyNnZfdGltb1BUdVgzdEFVRGUta3Ba?oc=5
MFC.TO,2021-04-28,APEXA: Membership growing despite hurdles,insurance-portal.ca,https://news.google.com/rss/articles/CBMigwFBVV95cUxNblNrMVNwWV8tQnV0RkxCaHlnYk1QNWtLamx1elBnN2l3Q2hEZFlGeFJUME11NWFqNjc2aHNVZ24tSEhpUHhvaFhoaFlMT3A4bi1sYkd6Wk00U2NnekFjUllNNVAwYl81Rk5LVEdmSlF0bFZIUTdfcUQ2b3ZxZUxEMWt4cw?oc=5
MFC.TO,2021-05-04,Manulife Investment Management offers funds tackling climate change,PR Newswire Canada,https://news.google.com/rss/articles/CBMivAFBVV95cUxOU1JUWWNJMk5JYUlWZnZKLUVKVUVkY05ZYXAzd1kxLVo4YzlaYWRoZ19FX0lNNEROUjB0U3NkQ0w0bklvS3NXTzZ2YkY3ZjRBZGo1Ny05TkYzSzRsZUhfbkNjQXo2eGJSYXFNbGlkRG9PMlNLeXp5S2hpSDVrSUE2cmZ6bWN5RGtwdFhGa2lqREd5NkpFcGhnTS1ZNDVPRkYwR3B1VW9vUmdCZFFKampTVmtsVTktQUt5SjNoNA?oc=5
MFC.TO,2021-05-07,SCAC.U IPO News - Financials SPAC Serendipity Capital Acquisition files for a $250 million IPO,renaissancecapital.com,https://news.google.com/rss/articles/CBMizAFBVV95cUxOZnpua203cHIzbUNVdnRnQ0tTNnhZbXRnUWpTQi1Ed2k5TzAzWlJfTFBWZGJzb3lDaFBFdDFMS2ZIZzRoN0d0U09maC1US2oxSnhLMDdrU3ZEQUwyM2pDN0RublplZ3RJTnJGaFVXM3RmMnhyVC1xRGw0Vlh2R0NVeks4Ni1rTUxHdThNS0Q2eFYtLWxYTnFlVU9LX1pINUV1aWMwLWtGbDNjVnRYMzNLVjV2cXhlVWxGSklVbTF1b2QwY0ZGdFpfMDd6dkU?oc=5
MFC.TO,2021-06-07,Manulife Investment Management aligns emerging market fixed-income capability under new CIO,PR Newswire Canada,https://news.google.com/rss/articles/CBMi3AFBVV95cUxPTW9EUUlPQW9wbVNMZDhXQ3JBWjZZNXNKN3dKMkpuOVdlTjF1bktiMEd3RzhkZlU3M200amhoT3B5NmxvQlY1MjZYdzNDNEF0NnhXR0ZyODNoXzh4dFlHNDd5RXRGOGpybmpUcVlIZFlUZzg2TWpRaWZGVW5oYkM5Vk9ISjdNSmhsY25DRkk0TDBhNjFEbkhKTW9Eem1Sc0Z0czlENzNRTjRzR09GaVVWQ0VOV3BBN1pCOEV2RVMzMFNnaHpVRE9jQXBzNWNYdmVVRGZGc3IxSmhLRDRX?oc=5
MFC.TO,2021-06-08,"When times are uncertain, look at non-traditional assets to enhance portfolio yield",The Straits Times,https://news.google.com/rss/articles/CBMiwwFBVV95cUxQU1pKanJMWFhJc0txQjFXNDhRRFdId0J1cjZnaUdRREVfb3dyUnVKa3BUNXNudnNXVzJFdjdhME81bWNwTDVNVnhwN1ptODYxVFhvYVpGbkwxajV3TVE3OHRfWk5ZX3N6Q0dBcHRocWRnZ1hSUnlHcEt2OWdZdXhYd09ISHVWSlRMeG9XTEg5TTBOeEVBaHBLQjZOMjRNZVFaUVN0VXhVRzUtVWFTUG9Lb1o3M1FVako3dlA5LVNJZ1dPV0U?oc=5
MFC.TO,2021-06-10,"Business leader, mentor and volunteer Donald Guloien receives honorary degree",University of Toronto,https://news.google.com/rss/articles/CBMiqAFBVV95cUxNbmFRVmRIeVg5SlMtdjRJUXlIZm5maVl1LTFSSC02RFQwdzBiSnVOd084Q1lrUk9aY2hFLUdoWFBQelZZcUFlRUFsMkZzVEhFTVhvSEdtSU9nMW5xeWpMR1YyUy1iVGh2akVaUTlYb1lwc2R6aE9Ca2lSdTdJeXpNdi13UXRKN1hyUDl2R1VmQnMxem1VeklRQXZBU2xTQ19RNEVpcDBMbE0?oc=5
MFC.TO,2021-07-01,Speaker Bio: Christoph Schumacher of Manulife,Mingtiandi,https://news.google.com/rss/articles/CBMijAFBVV95cUxPTUpuakdUdWZuVlY3QmNaUXFFbTlSeFFiWnZ5eXlzWVhmczZLdXl6QnpOQWxRalpFSmdCbUNpUWRGYmdOS0Jqc2pSRllEVXBCM29mbmZkbTRkZldwSEUzejEycVQ4U2lvbkVPVDBWS2J3bHpDOGg1LVltTFJKdW9GSFZfbFB6X3BRa2tIQg?oc=5
MFC.TO,2021-07-05,Korea’s NPS Buys Melbourne Quarter Tower From Lendlease,Mingtiandi,https://news.google.com/rss/articles/CBMipAFBVV95cUxORlV2RFBvYjZidHRoWDNOS0VvMGlDVHZvZkVPWnlFUjNXeVkxTWppODQxcGtZTlZNMFlHa0NTNVZFRW5JU3QtXzhmVXNGU0JKS1Z3d2R1WkF2Vk1NZHlXMVNZLVZMTVJVZUtmU2l0VFZic1AxX09SNGwzMFNLNWQ4dkhhUUNMX2VOYUxhUllzU01PcllpX2VaSlp1RjN2LWdXNmpfOA?oc=5
MFC.TO,2021-07-10,Top 10 prestigious insurance companies in Vietnam in 2021 announced,Vietnam Investment Review - VIR,https://news.google.com/rss/articles/CBMingFBVV95cUxNRWdhdkxEbjJnNndJbEtaSmVsWHhKdGpPWVZIRzFFUUd3eWFSQ0tFZ3lCbG9Wa0tpNUlYelFOWm9fNHpzdlpxSGhTbThYUEJhZGhqcGM3Mm9HQ0J4RjlzQWZjeTNGYzRxR1U4aVRsNm1PTDduZ29TRXd2OG5Mb2JGaUQzbzZxY3JLU2gyMVRtTXhrdklnbUJMTkJYNndTUQ?oc=5
MFC.TO,2021-07-21,Canada's Great-West Lifeco buys Prudential's retirement business for $3.5 bln,Reuters,https://news.google.com/rss/articles/CBMiywFBVV95cUxOYXhBX05HTGtxOW5Lb2dwYVNkU2ZJdGlqU09LMV94RXZ0ZFhsaXBuZ3VMUEhrN09HU2s4R0prWUM1dUR1RXUwWGl4TzRnSkVZdjJjSWd2REE2YlRfS2JtS1VvTVFCVUQ4Qjd4N3BYd3I0ekVKLVRRX2x0UXBQNWlyZDRvYVdKQjhhcDlIcTh5cU5OS05MNUtOcnFNWHFjZUE5eWV5cEpIWE4wNm1hMTVNcEpWRUdhMWdHQ3REUGhHbFd2OVFfODEtMTV4RQ?oc=5
MFC.TO,2021-07-23,U.S. dollar on track for second week of gains; Fed meeting in focus,Yahoo! Finance Canada,https://news.google.com/rss/articles/CBMihwFBVV95cUxQS2xBblgzVTVHY1pBUHM4SVFQT0xDbjExSzU4NFFwQTAwTlc1STZGYVI1WTFlVUMyY2NPd2NtZGJhWjZfQVpKOEl5cDFSRmxaVEpiS0V3cjNlTld2MEZfdkxjbi1TV0ZySG5RYXRJUDNBYlRyX0pvdlJ3WTdQQmpDVzFtV3dPS1k?oc=5
MFC.TO,2021-07-26,Manulife Hong Kong joins hands with Hong Kong Baptist Hospital to strengthen health solutions offering,PR Newswire Asia,https://news.google.com/rss/articles/CBMi7wFBVV95cUxPVmtKZklWaU1rTXR6bHhxbEtYWG5HcExMLXVpTDdCZGoxTWZ0M0dsd3hqR0FrZDhua1FOblNKcU1ScF9meGVmdkc2VnRWT3dXSnpDbFczSDdDQ1R6YWk4U013TFVfVjJmTGRhaW9KV2paQUdKYkZ3bndaN01obXhiX3JnTkFVUGlDemFhbVZZNHlDUGVGdTZVa0NWQ3VmSFBZVEZ1RTQtMng5MlFFTlB6WnkzOFQxcXFfTWJCMjFKOENJM29WNGRNZzNKUXVISVEyM2hyWHFESDlfWDJ6emlhUVRZdF96bExwdklEbmNEVQ?oc=5
MFC.TO,2021-07-27,Manulife IM launches global REIT feeder fund,BusinessWorld - BusinessWorld Online,https://news.google.com/rss/articles/CBMipwFBVV95cUxPb0s0Zl9RNDdkbmlUTlJybV9HSnFKRXNDMURIVmJ1RUtoRzZUYlVEZDVnVkxONXktLXNDVFFWcUc4TllRNTRCNmJWdzRNd043b0xzRUNDMHJUWEFNdlFHVFRiYkY0NllqZW50bEtLUWpPV0JTbHM1aFRDSDYxTF82STJxR21aT2hYcGtyMWVVdjdNdFk4R2d1VUpZU1dfT0pJVzRKZWV2OA?oc=5
MFC.TO,2021-08-09,List: 12 Trusted Life Insurance Providers in the Philippines,Philippine Primer,https://news.google.com/rss/articles/CBMilwFBVV95cUxNdjhfWUFBdmZTeEV4dmRLQkJMaE12T1B2cTBhbzgtd042ejJqSFpCVmF2c051aHVIRmNScWpvaG9kVlhwS0VBdGc2X3hpYkpEUXk2bDZfRzk0WktKYVR2SE1MMGxCVXZuRHIwQlAxNnl3eGFFeEdrejJONkpmb2Y4eFVBUlBqLUdXdlBhZXUzRndjVU9UOXZZ?oc=5
MFC.TO,2021-08-23,"Manulife returns to the black in 2Q versus a year ago, but earnings lower q-o-q",theedgemalaysia.com,https://news.google.com/rss/articles/CBMinAFBVV95cUxPRFpsVmhmZHdhQV9Sa3VzUTIzSmUydk9Oekg1V3pyZUJoMW13SjhCOGloT21sUkVQUGVtenNxdjVUT0MzZ3FzS0NfWEZhc0hGNVVKMnB4TTdIT2VVbmZkcGtqSUpnZ0t2dmdpaEY5eC1Tb0JxZEt1SGs0LXpLX2xjSnloRUoyZFVKbnFaT0liMFhmelEzVFdKdE92Zno?oc=5
MFC.TO,2021-08-31,"Manulife launches ""Fuel Up Fridays"" well-being initiative and announces 5 extra personal days in 2022",PR Newswire,https://news.google.com/rss/articles/CBMi6wFBVV95cUxNbjFDelNlZjY0VG9ET1JmTEk3d1dsQmw3VklCY0ZLcjBKdGx0cWc1M1Z2QUU1ZXdQRnhRRTdEWkVRT1UybC1KMWJLTzhiZXdZOXB1ZEFZUkd3Ym12emJKZHl1aGpjQTlaZ0gtU0NIMUtvVnhVMDljdWRDZHRXWWdNX0E2UVAzcms5aUVMcXpYNXpFZ0U0ck9CQTBDOEtycWVhVXNWaHJIWTVPZklsZWVxekw2TVVpTlN6Ylc5OC1Wc3p1WEs3MjJGYWxwbV8xYVNReThza29tcU85VlJFTGg1TTdRa3lqZHN1eG80?oc=5
MFC.TO,2021-09-03,Manulife giving extra days off to help employees recharge,Benefits Canada.com,https://news.google.com/rss/articles/CBMiowFBVV95cUxNUTRiM3ZKS1FnSVlydzZmd3QycWc2d2tWb1NQM0Z6UWFzTnVoem9qWTQyN1d2ZGs3S3JRamdxODdhZENlQ1h4Zmw5V09KM0NzTzhXM2ZnQ2wyS0ZoeU9qQ0ZCaE91bEs4ZFJRSXJuZHExQ0ZuQURld21CdzNiOEMtR2dZZmdfMlQtX0g1LTRpY2IzQS03aWllXzVxQ05fbjczd1Vz?oc=5
MFC.TO,2021-09-19,Toronto-Based Fashion Retailer ‘Studio D’ Relocates from Lawrence Park to Bloor-Yorkville,retail-insider.com,https://news.google.com/rss/articles/CBMi1AFBVV95cUxPdlNsWW4zb0RGZ0dUZVZjVkNVZ2I3UW1Cb1V4THNQTzB4akd0SjkxU19sVV9lS01fU1p3ZklGMFNjaUtvNHBycnhxamlGRTIweGJxUTBtSTJtNmdLQ0FjMGtnRUVYR2E1Vzg0czdLRGcxM1JyaEtSaWxCTXBkakc5SkpZSmFUOXM3dmdzYVY5SlhkSUlQQk1IVWlkLW96RDJaTFpITU5JNWE0aUZOTWd2dE1iOXJQQ05janNldjRSVlludGZELUtQRmNkdnUzM3FDclhUdA?oc=5
MFC.TO,2021-09-24,U.S. equity portfolio manager explains seven-step investment process,Wealth Professional,https://news.google.com/rss/articles/CBMizAFBVV95cUxOZ2twUndLMHQzRVZWMGZNMHR6NWh0VGpTaEc1NEVST3lnbWRuOFFYbWJDRnV5Q1h2dWJuZDlwM21ySTBEVktLbE9LeS1YQ01nQUpPWHYwSWYyTnZTaWtHZF9tVTR0b0tHQzVxeFh2ZWtTXzFZREp4d3h0OW5QNExYWGFieGJfbGFVenpKVC05MjVtdlNJYXZLYWJoTkRtUlUzU3JWNVhPLUJqSFg4aE1BcEh2aHdINzlnaUszSl8xMzdLTU1uVjd5bGk5dnE?oc=5
MFC.TO,2021-09-24,Mahindra Manulife and PGIM are launching REIT fund of funds: Should you invest?,Moneycontrol.com,https://news.google.com/rss/articles/CBMi5AFBVV95cUxQTjkxajBUZUpuYmIxN0VKZ3ZEUnVROWRPcnplYTgzMWhtWnBaMFBqd09aWjgxOE9wNTlCQkZzRmpVZW1SOGo3SFhVZEpVM3hMZjVUODZOay05dHVwZzU4Znh2RTc3cmhNVkNDRmZubGcyN0loVENqQ0FGZWRrXzFwZmE5bkltNGEtbW1nM0c5R0FKbEZYQzl2a0QyaEY1QW1kYl83amtlYjloYVJveF82Vzk4RVBiYUVsQjVTQWlqdW1Gb0VqN2ZudDhYREJnWGwtNVJQNmN2M2pPY2hxV1dJSWRpc1rSAeoBQVVfeXFMT2llZ1gtZVVSYkRGUnRrdVJNUkNKT21xaDRnaG5NVW0tdm51bDEtTWxWV0xydGJpbHZnei1GNXZXZ1JpZlMtQzJmU0l3azdwUW91U0tzWVBpOUttcFBTYTJYQ3lMR1RmME8yQjNsZlhqQjZQQV9vY3dQblQyZ09MbHo3OFdYWFZQb1lZdUVWbnczYnk5MmpDVXd2SW43Q0J0ZVlvMlkyRnRkWVh5VGJQYmd5X3phWUIwR2I4dHJuNEdBemQ3SjNvYXNObmNia1VYeC0wMWVVRU9MY0swSXI1ZVVJcHRPZk5hNC1B?oc=5
MFC.TO,2021-09-25,"Mahindra Manulife Asia Pacific REITs FoF - Regular Plan: Overview, Performance, Portfolio | Mutual Fund",Value Research,https://news.google.com/rss/articles/CBMipAFBVV95cUxPT1F3TmxrUGZGSmRlTUlkZ2hCei1CZXJCYTVIa3FFN2pzWHM5eV9SQ3JQTkhHZ2RvVXNWMktyUGtGRHkwQVFSSVVkZlFRSnN5VVpRTVNtY1J2Y2h5LTdXMnpwUnE2U0c3ZVNVb1dMQ3JvZDZxdU1pcXd3OExBblJTaWdlb3dLYmRVT19SOFhhLUQ3R1NESnFVWVVjd2ZCVkVKTkhuRA?oc=5
MFC.TO,2021-10-01,Chagani becomes chief actuary at Oceanview Re,Royal Gazette | Bermuda,https://news.google.com/rss/articles/CBMitAFBVV95cUxQcFdZdzZlZ084aGYzQ1d3bDdNeHRxUmtTWUk5Vnp4ZndwOEdlakg1OWZTbzFFaW1pRDFUOTdBblJXbVBUUWJ4aGFrdElZWi1HM0d3b251alZUVFZmRU93aklyZjd3ak1qTXhIVWVMaUliNldOWURFX3E5VThiSjNwSkpHUlR0Ykt0RHo5TXFVSk43ME9Sd3U3b3NuTGJYbXF5eHIyLVo1amFPSkE2b0x0QkNqZXA?oc=5
MFC.TO,2021-10-08,"Techcombank, Manulife Vietnam strengthen bancassurance partnership",VnExpress International,https://news.google.com/rss/articles/CBMitwFBVV95cUxPbzhNMldKOGVjSEhfTXg3R1l6cE55cUdZSHZiTGxOeEEyS2U5TWR2dFZfTGlYeDQzZGI5b3JwdC1GWXhmdmZnR2J3QUh6TFhidnhFVlhKNnVUdlc5YTVFTnRBbVgtMExveUItSFFyaFlSdWYwN1REYWJzaElONUN1Q0lrODl2TWdfTFhZeWt5QUZpNThuM09fanpDdUJmMGdBOFJxWFZiTlNIM09naHFRRk9zajhiaUk?oc=5
MFC.TO,2021-10-19,PSE All Shares Index Today — PSE:ALL Index Chart,TradingView,https://news.google.com/rss/articles/CBMiV0FVX3lxTFA5UmJkSVg3RHhVVy1oSnNkSWI1SHg5M3lDYm1UUk92NlRUclBqVlNWVlc3TnR1WXRxYVdTV1oxWTVrUXhyVWUydjUweldpclBQMUxEYzU0dw?oc=5
MFC.TO,2021-10-25,Manulife Investment Management appoints Kevin Headland and Macan Nia as Co-Chief Investment Strategists,PR Newswire Canada,https://news.google.com/rss/articles/CBMi7AFBVV95cUxQUlFDNkdVemhpSTFmQjAtc0hhWlZLamI5WTF3T092UGU5LTV6dlpYY3dEX1BSTElXSS1XX2Q0bU9tdGJhSWk2Z3NfaUtXWVZhNDlsa3JFRTRIWGg3TllzSURndjRrZF8zd1Rib08yMS16QlgwQjJMTzY2ZnFfYzFTcUpza1BDakhsX2NEWC1NVmZBNzhsd1gzQkZadmJqR3gwdE1YcV85T0JlNGd1a0NKWWhYd25TYllENUdIQUN6cy1zemg3TmFibjJqd25rSXZmd3dGVTY3X1dVWUJIeGZiWG5md1dNbVU3SGNsNQ?oc=5
MFC.TO,2021-10-28,"PR News | Manulife's Goodall Shifts to DXC Technology - Thu., Oct. 28, 2021",O'Dwyer's PR,https://news.google.com/rss/articles/CBMioAFBVV95cUxQazZpOE1vek85Y203TVJKVWhlWUFOUm5Ra1BGWnY3RjZMU2NfNGhxbkdsZTk5UHItY0dmUjFLQjNTeFh2V09Nay04RS1Zcm1NUk4xRlY2a0x2dmRZbGdnTG9uN2x3TjFDU3JMX2RRWlVIb3drUUpackxodzVacDZWUEd2X21MOTVqT3M4RHlvcFAzYXdCM0pPd1k5V25RaXdT?oc=5
MFC.TO,2021-11-04,"Manulife, Sun Life warn of more COVID-19 hurdles in Asia",Reuters,https://news.google.com/rss/articles/CBMiogFBVV95cUxQQ19jZm1SRG5BaHVnQlJtYkZNZ1BjQ1UtenFVelMzZWV2WWx0ZExRU2FoU0FvTzY3eTl2eTcwSmFhYndWTnRHVmpFVHhLZW9XeGlodzNIQ2ZNc1hyWVQ4Q1Y1REdWNk4xbkNVeUVEbFdrOTBfRXBxSnpmVHlKLURqS2VESGNYcWROWTFEbUxTTENCZGhoNnNjWEVUdUVyOE5ZRlE?oc=5
MFC.TO,2021-11-08,Manulife wins five accolades at the Hong Kong Insurance Awards 2021,media-outreach.com,https://news.google.com/rss/articles/CBMizAFBVV95cUxOVlBMWm5YRUlEcVBlR1RDSlR1OS1pSk1Ga0VlaE5aZFh4VEJja2Y1bFZhdlZzMFQyOHg1Rk0waU9tM1ZNVkl2REtRTDBHeTVSTXlFcTMwVE8wV0oya0Z6aENZNEhEVWJnZnAyTkZjeVY5SFdkeGo0Q2ppVmk3cnlqdUVzRjlLQ1dqNXFYWGI5WjdLbUsxbUdOV1BLemVleDJITGwzbTRXZlk1dWh2bEJkR1VpS1h6UHJuWWQ5UTZtVFVOTHZtRGQ0eE41RHM?oc=5
MFC.TO,2021-11-09,Manulife Hong Kong reports strong growth for third quarter and first nine months of 2021,media-outreach.com,https://news.google.com/rss/articles/CBMi6AFBVV95cUxNU2J6YVVpTnIwQnVIR016WlFLSlJzeUxwZWdJTUV3LW1xZjlQVTMtY1FhNWdhQUMwdTkwdUtwRGhpODllSkgyNzlUT2JxQmRzMjBCT3M1aFRqNGd0em1fSmJTbkdoU2t3emVzVzQ1SWRMbjhfaEdDQlZBUHUwZkpZRTlheTR5X3BVRGtBZUVoZXBVLTlOYk00YnZIWWlfZUlDNlVYOXE1amFEQjFSbjk2YlBuMFUtWkxpVEgtS3dabnBvTVRWS0V3Z3ZRQlluVXZNNHp0RnN6c0piaGdzdEd6YlRhZnZmMGRT?oc=5
MFC.TO,2021-11-16,"Manulife sheds bulk of U.S. annuity business, sets stage for more stock buybacks",The Globe and Mail,https://news.google.com/rss/articles/CBMiugFBVV95cUxPM2d0Ri1tR0d0TWkzWGVzb21VLUlZeU96ZGZpUHhhVVRtOVNSNjlEbGI2TlhrekY5cUJ2blZyOE56YU02bHZYQVlSNXpnWU04eHI5RXQzU3ktb0d6Y2Vxc3VWZU5ETGs0RmpNRl9GVEZsb2dPYTFTZng4VkNfQWFkZ1JFbEQ3aHNCc0pEZXRhVExGNkdUS0xNWncwSmI0dlZsSy1iXzRaUmJZLW5kMzRQa2pyYmJKYjFhTWc?oc=5
MFC.TO,2021-11-22,DFY Stock Price and Chart — TSX:DFY,TradingView,https://news.google.com/rss/articles/CBMiV0FVX3lxTE4wb0tidk9PTk94TXd3T2FWTVBhWWw5QWdkTVpDejdKdk1iS0ZQS0o0dS1KejB3NHo1Mmc2NUhUckVnckNHRnhzblFJOFRHN05xVmtfQmVLOA?oc=5
MFC.TO,2021-11-23,"Toronto Bankers Trickle Back Downtown, Echoing Wall Street Peers",Bloomberg.com,https://news.google.com/rss/articles/CBMitAFBVV95cUxNc2xoLXNjVEVoWEhXWUVFRWVZdzBpRWZPUTVNbkxMYUcyZ3p0TDBHS2Vwd0JhWld3OElNWXhZN2lOUFp3MDBQa3dsZS1MUmNGVnN6UEw2dTBhR1ZRQUFaRmE1dV9UeWJwLTFNQXY3WGh0ZHRkdkpkLW5RdFdnUWpjWHpYWjVHWXhyQ2Vmd3dfVHkwampTcWZhNkhIS1VaS2d3a1UzNWxKZEd6ZlM3Z2lveTU0bzc?oc=5
MFC.TO,2021-11-26,"Company holiday parties are making a comeback, but many employers have a plan B",CityNews Vancouver,https://news.google.com/rss/articles/CBMic0FVX3lxTFA3b1htRGFVa2g1Qm11NnB5YzFhQVFyUVo3VzVxOU40RS11Q3c1cXJ0VXYzOWxrTDN2U1FUZFZUdXJENlFfb01XTE00aHlnWFk5ZGlzVHNDTWdITGhicWYxWDhIUTF5VUNCMUZjU0R6ZVNBcnM?oc=5
MFC.TO,2021-11-29,Manulife fund that helps protect capital and provides income,Wealth Professional,https://news.google.com/rss/articles/CBMixAFBVV95cUxPOHdDek9tWmdGUEU4Ylo0dkdtU2l2a183eW1DVFBxT0IyeXcyVG1VWlpmTjdmVXd3aWlzUjREUE9zRHVFOGVDN2VUbkF1eU53cDkydWw1RHVUQ1NTRHF1eHNuZlhVQ2taTmJ3SFQ4VUdlLUpvODVNTDBZNm9FYVY2ajNGdDBqRUk1Z0RJaEFDRmRQUXBDdnV3SS1PU0FTNndHQzlXWVpraU1nczBaUFlHZFVYaURBZFRmY3BQYzZzLV9TYlpY?oc=5
MFC.TO,2021-11-30,Manulife Investment Management closes US$4.65 billion infrastructure fund,PR Newswire,https://news.google.com/rss/articles/CBMixwFBVV95cUxOZVBSbVI5M0VLa3czV3hmN2dHRnN5R295NUJiX2NpYTE1RjJoUUN3VGpRWklIYmxTRFB5M0MtRzZaa21sOVFoS3RDbFBqRUZfc25WcXkyTU95QTJhRlBHdXl2OHpScjBQQmtDa0FNS2kzUS03Q3EtS0ozOHRDdGI5YU0wSDJQM3lqb1hpVnpFVHpHUnEyLTBVNEN5aW1TbnZxejdOU0dYREt6dE5Ba1BaVXlGV3Vnd2RmY2FNaG9VampXUVBCUy1v?oc=5
MFC.TO,2021-12-13,Hong Kong's International Trade Tower Now Manulife Place,Mingtiandi,https://news.google.com/rss/articles/CBMipgFBVV95cUxPay1UNk1kdVpreWJ6TS16cEdLTkowalJkMGxjSDByS0RoUDd1eGN5Sy1oSUVQYzUtN08tMkwtR3duUGkyb0RrZnV3NDJ0eU9jZGthSUxIbTBNUWJyaVNBd25YOXh5d3lDYTlILTZyQlBmSWFWNWE5QjN0bzQ0NzlzSGhBcHlOZy0tNDJ5ZC1QWDVZaUZRREpNdGNMZmpPa0J0ekN0YUh3?oc=5
MFC.TO,2021-12-14,Canadian financial firms rethink return-to-office amid Omicron concerns,Reuters,https://news.google.com/rss/articles/CBMinwFBVV95cUxOQmlYUl9VSzlBMDhENlYtaDR5X0J4T0dicjRMRGpaQm5hVThxNHZFYW1WWXU1TlA4aWluRmVOZGZLSDJWZWVhTWtsejhQTFdaM3VaVWNfdVNiaW1fU2REdTAtX0ZqZkxpMGVPU1c3eUd6eGlxYzZQUnUwU3JTYnlfc051SDdpQTNPRHUwcHM3YUlLTDFEXzVLR054Tzk4dFE?oc=5
MFC.TO,2021-12-21,NFO review: Mahindra Manulife Balanced Advantage Yojana,Value Research,https://news.google.com/rss/articles/CBMiqAFBVV95cUxQTUkzdHhScHI0ckd5bjZJcld0dE5sbFNrRzZtcWt6WmtKc3pha2dlVDNISTZCQUUyVlpPdURvMEJzRV8xaEJqQmpRLUJVVUtBdE1FUmRXZU5UQ19NenExZndobHNqY1FjWGYxY29aRXdaZG1XanFwaUVrRTJoZVYxT0FFeDliWlk4WWJGMk5ldFJGbU1EdWUyYVFHQnZjck52Y0JCaWc1VEk?oc=5
MFC.TO,2022-01-13,The TSX’s Largest IPO in 2021 Could Be the #1 Insurance Stock This Year,Yahoo! Finance Canada,https://news.google.com/rss/articles/CBMigAFBVV95cUxPWjRJbDg4cU8wWTlWWnBIek5INUo2QWRuWXdmM1J2ZWI4bE02d0VCazRPWVlCUjhQM3RHZVpEZHQ2X1p6SUhvM2ZrQkl0US1NYjRDTVpnQ0l1S0tDQnczYm52dmstVk9mWllDNEkxRnQ3bGlsT2dFaWgwSE51T2luaA?oc=5
MFC.TO,2022-01-24,IG’s new investment strategist has a plan for inflation,Investment Executive,https://news.google.com/rss/articles/CBMiqAFBVV95cUxNX1FwellkUUlzYURSazVJZzhpQjk3d2NYc1NQUkVwMVFOazhCOWJ6SkZZeTZSNE9BaU9TZW5ya0l6NE5tdG9tMmwxUDBDY0poYlpiOGVaUXRXaEZDSUpGZ2lqVmZIWDZvZ1U5bFhfYlRFekI3OTQ4UmtiOEtZTW51R2swc0dNV1pVYUV1ekJKalNGMTJsVXR4dzlvLUFhTkxkMVZwNXVTSzU?oc=5
MFC.TO,2022-02-02,"John Heinzl’s model dividend growth portfolio as of Jan. 31, 2022",The Globe and Mail,https://news.google.com/rss/articles/CBMiygFBVV95cUxPX3FLQ0cyajBfZWpJMGlVb0ZlN0N5Zlg1SGtOazN1R0x0ZEVJLWtVbFZ0V2toNXhjVWFldlVuUm9odS0zSkYzR1FLNmVEUjA0cDBZeU5SZ012TTB5VlRIdmtlMk1hUXNyT1JMNE5USTZBaEdidGdtRVFKcjdFNG81cVZ2Z29tTlg3cWtCbVNLWkRla01LQUhMVHk2Q005T1dhTldkcDZNWWx4ejY3Q0RLS1lPQi0yQkJzcmRMYm5lM1ZYZVF4bF9Md1N3?oc=5
MFC.TO,2022-02-02,3 Canadian Dividend ETFs: Which Is the Best?,The Motley Fool Canada,https://news.google.com/rss/articles/CBMif0FVX3lxTFBPQXhfSUZlNXZUQzhqbmUtMXBENDVfa3c3d2JvZjRxWXQxUkZjWDlxRldwNlk5Qm1VMWhqV1VZRW5yY09nSDZlX2JsWHo0MkI1bXlGM2FCV3EwbG80a2I0LXBWOTlBeHdHUkZIVVp3eHhndHRUem4xM1hTRnpETVE?oc=5
MFC.TO,2022-02-07,Can you buy GoFundMe stock?,Kalkine Media,https://news.google.com/rss/articles/CBMie0FVX3lxTFBxU3FUNlZXQVNWcFVVb3hoQkNsdUlCdHdzd0x3VUJQNXY4TkV1dHJ3MW9IeW1YLTNsVXAxYXV1aXRTZG14aURVQ0N3VkxCNnRSeHFoelNibHlhQkpLNDNBVHY5Vm54VDc2a2dPQTNKQjBURk9nZDlncG8wcw?oc=5
MFC.TO,2022-02-16,Border reopening between Macau and mainland helped double life insurance business in 2021 - Manulife,Macau Business,https://news.google.com/rss/articles/CBMiwwFBVV95cUxQOFQwLUozdW9FQjAxR09SaVR4ZVVtWjQ4UVZqaThOY3ozbG1RTkV6QmRMcnRiTWlhek5zcWZFSENTa0hHWFRIZEwwWFhGUDFrRzFZOGdQWDNFZWhlSUZHVTRsb0NYZkU5UFV2SEZKc0IweFFqaWhNbTBZMmN4ZmI5ajJnXzhrRkRiMW1wNzhlUDhxbVZGN3JQUUZ6WTY5Q3JqMVVycWNZVUJHMElXR3dEOGNCQTRYRDNIc2p3cEhsTjlVam8?oc=5
MFC.TO,2022-02-16,Manulife Investment Management hires Marc Feliciano as global head of real estate for private markets,PR Newswire Canada,https://news.google.com/rss/articles/CBMi6gFBVV95cUxOaWQyZ2U5bkNicWRqUGMyb3hOM2Z4QTREWHZwTWpubEV6T3B0NUVDUWNSNGFhQWJkdjdmTGpUbE80QTRMYlNWTVAxSFhURzZOR3llbUwxT2FtQUhndlpzaU01c0w0VjdtaUZxTTBmeGVfTjlrV2xsWko5MG12b0tLYzRIRHNXMHU5dkdfUHpYU0MyOGVXNC1EWkk5Z1R0dVFEOUJ4RDh5bkZHTWZmd1UxSFlBMlVHTV91bXRhS2JxZmxYRG1QQS1IMl9MUFg2TzZvSUhKb29ILV9jMzVqWVF3WXJCalE0LWRpQWc?oc=5
MFC.TO,2022-02-23,"Manulife Investment Management announces acquisition of mixed-use property in Squamish, BC",PR Newswire Canada,https://news.google.com/rss/articles/CBMi2gFBVV95cUxPaFhoY3RHQkNMMDUwcEZtS0NucFV3QWR5SVUtSkFOMEJTV0NBUEVRZDdObzBRSmtkaXNRNVBqVW1ENkE1OFVmQ3AwX3RpZW1qVy11YVZCRTRHN3FfS3M3WmdOd3Nqclp2U3YyLUtRcU5ySUtPWnd1cm5hbFpKUUFuYTBSTHVHa2xxb05yY1V2MHV3eW9qZFlTWU9VNzZ3UXJhZi10T3psaG53dTdmUEJReHF5R1MzV3dRMkZaYUVvWTl1TUs3YXNQc1lMamE5R0FMWUFsb2M0OHFYZw?oc=5
MFC.TO,2022-02-28,SCAC.U IPO News - Financials-focused SPAC Serendipity Capital Acquisition withdraws $250 million IPO,renaissancecapital.com,https://news.google.com/rss/articles/CBMizAFBVV95cUxPTzJHQkFDQ1ExM1YtcHgzc1FUcmRoUTNHa2doU1BEWHFiWmViLUFVZVJDR2p5cHJ6bWF4LVk2TlJpcHRDVjljRDdFRTdLMWphTVJtRGF4VVBrUFFqLTBhcXp3UDhJVGMxVWMxR1BiOGhwVFAwQU1reHExN2tiZUpjbDlvRVhuXzVGRGE1dDZ1bXQyQzg5cXNuUHdrNW5zc0JJV1ozOTF5eHZBUDMxczFqS19CUXJRV0h3WXAxSUtORG9DLVo2bDZUd1JUcWk?oc=5
MFC.TO,2022-03-02,"Canadian banks, insurance companies have poured millions into Russian oil and gas",Canada's National Observer,https://news.google.com/rss/articles/CBMitwFBVV95cUxQMkhfNVdIUnJyWUF0WFdLMktkWFhDNUpyZmZtTEhuTWIwbXVkdzhsSHZmSTQtWF9NTkthalRCYXV3R1FhTXRHTXhXTVNsMk53eWtmaG9UQWc3Z2I3eXFCSUp6bHJ5YVFweDEzcFNfREw4YmZXbGpZX1p3enZ3aGhYQ1lmbzI0b0hTVFhCNTRGQXNZbVJhZWtoLXJRT2I4TVpwaGtTQ0ItV3hGWnhBS3NGSzdSMW0teWs?oc=5
MFC.TO,2022-03-14,Michelson Tower Sees $28M Decline in Valuation,Orange County Business Journal,https://news.google.com/rss/articles/CBMiiAFBVV95cUxOc2NnMUFZa0IzRV8zQnFPaGNia3YzX0Q0eXhJaUxqZFRIb2hqS1JPc3JUQ3lmTzRzSEtYb0pzUnp2XzgzaUhXV2hHZXR2OE1xOFk3UDJNUGh2NHFTZFl5RTAyeGxIY0pTN2huc0JZeHJHUzhhOVhaNHpXV1M2eHNvbDdRVnQ3THVr?oc=5
MFC.TO,2022-03-17,3 TSX Stocks at 52-Week Lows You Should Buy Again and Again,Yahoo! Finance Canada,https://news.google.com/rss/articles/CBMieEFVX3lxTE9YaFBwbGNyaWdyWTZ5cUNSV0FtbFQyUW9pUGlxcTUyQVZtdWQzU1Q4dEVCZG0wRzBJajJoSl94X2Q3aFlTb001cVhteTd3WVRNWnNJUjQyUU42Tm5PVXdwVVdDZDJjQldDSWFELTZ0aE1KSWJjaFFrdA?oc=5
MFC.TO,2022-03-21,Green Shield seeking to become the main care provider in Canada,insurance-portal.ca,https://news.google.com/rss/articles/CBMiogFBVV95cUxPMmJhZ0ZrY0I3eV9iWkRGaDRjWTczQUVEZ2R3V1ZBU0dvZlpvcEtSSmFFRjRlV1FMeVFtZktJUnNOWmYxSkRnR0FZWlY4dV9Vd1JmWGFCQ21rZzNHYUFZTDNSVTZsTm9DSHptalBFdVZRaGZITF8zNmFSWVFCR1VuVWN0dW9ob09qa00wQ1F1RFRuMnp1TkVXMGFfR05aY3pVYXc?oc=5
MFC.TO,2022-03-30,Successful Filipinas give tips for handling money,BusinessWorld - BusinessWorld Online,https://news.google.com/rss/articles/CBMirgFBVV95cUxQdEM3TEEzX0FSQ01Oemd5V1Azc3JwNXpEc19XNUxCWWFWay1fUl82VENSeF8wdHFyOHg5V25Ea3dCZmhWMzhCUnNLVDI1VmpZZExDZHpwR1gxTGM1V3p1cjRMYkh0b2N0N3R3QUM2RGtyaGJtTDhnanctNDVEdUZCajNqZ3hka0R1OXJLVXZScExIUHdmNl9MRmMzRmRidm5GaHZIOUVMOVdja0xCeWc?oc=5
MFC.TO,2022-04-20,ZEB vs. XFN: Which Financial Sector ETF Is the Better Buy for Canadian Investors?,The Motley Fool Canada,https://news.google.com/rss/articles/CBMirwFBVV95cUxOTHZCeGlWT1NxelNQNlVpdElYVzU5S1p0aUVnSUlXSVRlaERRLUlOR01pakgxeDlUZ1FMdzhwMWcwUjRndVBOd0pMNUhRRV9pX0tBMjhwa1ZUcC1KTWNpU1hJZFlrLVE4UFpOWTBzOFcwUVNKSzZRZy1QY19fVGVReWhRczdxWUgyaVF5VDM0bmN3VlhSYjhNRElMNnA5M0kzc250d0FOMkZmU2Y4SEI4?oc=5
MFC.TO,2022-05-12,Manulife Vietnam reimagines workplace for new normal,vietnamnews.vn,https://news.google.com/rss/articles/CBMinAFBVV95cUxOTTVMYy1rMXVTdVNzcFpaVEFFUVVVdmZxR1B6UldjR1VOUnVOMk95WTBLbV9fVnp3UUgwYml1ZndOQTF4OGlhQmFuYTFfcVlPMWFuc196NlpyQ2RYc3FLdmxBV0pyV01BRkVrcTZaVFloS2ZVRE5jbWk2SFBfbDROUUlxU3NubWRsT2pjbWpnaVd6UFdpdTljeWU4X3Q?oc=5
MFC.TO,2022-05-17,"125 years: how Hong Kong and Manulife, the city’s longest-continuous insurer, are entwined",scmp.com,https://news.google.com/rss/articles/CBMiswFBVV95cUxOaXh0aEJYNjF0VEZ6VEZaOFhFNTJDR3cyTFc5dHplMmduT0ktQy04aGFTazBPRENsTV9DaXk4Y3ljZFp4X2EwRzNzT2RpMXdVRUZEZ21RZ0tCNi1hMnVCTDRGSmp3SWVSSmxqXzJrWnktUnBnMkNFQi16NUV1VTE5eGIwUTYzM2FXUm5UcHF4NnRlcWZRNVEwcHluV0M5X0FsRkxqZjZRTG1jWnhSSk5PQ0c3WQ?oc=5
MFC.TO,2022-05-23,Manulife's Kenny Lam Joining Hong Kong's Link REIT,Mingtiandi,https://news.google.com/rss/articles/CBMixwFBVV95cUxNTzJMeGFMdnN6VWJGRDVieXp5aERJWTEtbno4SUc1ZGM4RnNjMHFZNlNZVkxTVzRmTGhadVFNTHA0NndEbWxfMjRtYmdVYjh2c2lrT1JJY3VkTjFDLWdKX2s1UnVCb1d4WVhxSzJ4ZWFpcE9NOFRPT3d5RW1Fb005UHNMekRqdElJTmdONjRjc1NQMzlMaVNnZ2NfcjdlTWF2Szk5MW5WQ3cxZWhHTFhnSWtpalpMLXZXRlE0b1RSOXdqeTdNYVdV?oc=5
MFC.TO,2022-05-24,Manulife Investment Management announces Aimee DeCamillo as new Global Head of Retirement,PR Newswire Canada,https://news.google.com/rss/articles/CBMi2gFBVV95cUxNTFdKZzlzWW40LWxQSjc0amVfZTFBWTE3V2FvMmt4V01nQkJPTS1EeHlKbUZONWdncGR4a1hnZTZmS3lleGpLTHdhcUQ3Mm9Td2lOM1NRTUhTdno1XzRDcjUxN2F0enRQb3M3X2xWRExhOW42Y2htdUxnVy1FMlYtcFB6dDdoc1A5Xzh2ZlBFbHNZald3cF9DWlJFNHFjS0RkbFRpMVlHQkR4bmNNbXBnQ2lqWGhrRDV3QXhNQlExRzZRdk1KckpjaDFNRzVpRjFaek14S0Z0VXg1dw?oc=5
MFC.TO,2022-06-11,Manulife Vietnam teams up with MoMo for digital health insurance solutions,vietnamnews.vn,https://news.google.com/rss/articles/CBMiugFBVV95cUxOQktXcm5KYmJwOXdaWGNwMUZ4bTIwS2dTMTZlRXRHbGgwcC04NTFrZy1lWDlPR3diel9pcmtVQ2ZiU2loVnJwdTRjQXJRemljMEJrY2JubHVHa08zdGFhOTZCRlVsS0U0QVZMeTR2LVc0dENfUDBaRkhIWC1tVEUxNmxlSFFqWEo0Y1dEeFNSS0d2blhvNDRWUkxXVlF6YmlWVmJId1VjY1NlNmdYcmp1RnhVZ0lLbVM5VlE?oc=5
MFC.TO,2022-06-22,"Insurance for transgender, non-binary clients still based on male and female pricing tables",The Globe and Mail,https://news.google.com/rss/articles/CBMi2wFBVV95cUxQa0tNYW95d1VGakc0MVI3eTI4bnBHVnBnTFRpc0c1eEdZMDRCY05HQnQ1RFN3R2dmMFF3UkRSSlZhUklCMFBGdUNOX2xMSlp0dWpuYVpDWmFMUVB6dGpWdmJqQktwN2JkSmZlRWtjVkVpWi1CZmRVcXR1T3ZvTU1DLXIxNFhNVFNGR0ZyeTRNcmhBWThrQjFHUF84ak9YTThDZ1FranRabnVfRTJ6bXk1MXpCR281UmhDSGxVUWx4UlY3cElTUW94SzIybTlJenh0UHRIUFphTThQSk0?oc=5
MFC.TO,2022-06-22,Nifty Next50 a favourite hunting ground for active fund managers. Check out their top picks,Moneycontrol.com,https://news.google.com/rss/articles/CBMipgJBVV95cUxOMlhGdUkyWm9vRnEzc2Vqc25OdkVhXzZwYTlHQVlYbjdlUnhaMDJMcTZLRHRzbXhkRTI1NTdpZURqYUVuOFVLcGdKaXZXU2w5MnpNYzVlVmcxc2pNUEVsMTc2YmRyWFZNTU5aSkdVbGcxWFMtVF9BWWFLakthMldMNmo3SnFoeDBPRUVBR3lnU2NiakVPR1VzRTZycVd0bzlDZVhzdFd2dGZ6MXBrV3pXMUpZMnBoR2Y3dVhCVDJmS3VoV0VpcTNaeWlpYXlab0RZeWozbXJTRHcwb01OYmhhekJLclJycVpKN1p0VWRrM3ZtRzdoZ25QX1NJakNlcEczSkExQk0yX1Fza0lxbzFGNjUxc1UwaUZWV2c4QlRNY3Z1cXoxbFHSAasCQVVfeXFMTTJNR0x4NTZnZXc5VmxfU1FWdGUwa3FSODNnUzQyZXYyODJzUFAtblVsZ0lZRC1WOEtfYzU4VHNIanBGSlFHMHhJTFNZRGhTUEJSbERfMVJOVU9YaWpoYXRXWTFRc3BMVmVPdU81QjZkZGNZRVBhM19jUmdKMkJoM0plandoZnQ1VHRqeDN4ckEtZVVKRUI4UEJZR3Zrb0ZpdW5GaTFkX0tBMkp1RmsyNHZQSlVrbjNHRWRhYnFycHVUVlJNOHlTQ3FpRERTYS1sMkR3NVRacUJkMGQzSWJGQm9vWEw0ZWhoUnEzT1Q1a0ZKd1RMb19sRkNQRmtwWWo3V3lZQlJ1cU9ERjRYS0VVSzNGY0MwOERkaUF0VElZbEM5dDhuRFhDZGxNcGM?oc=5
MFC.TO,2022-06-29,"Manulife bids for full control of China joint venture, lured by $3.8-trillion funds market, sources say",The Globe and Mail,https://news.google.com/rss/articles/CBMi8gFBVV95cUxPeWpJbm5xelpSSFFFNTVlVUgtUC0teEU1T3lzcmt4Z1BwLXVOY2pHWFUwbHpNalFCZXI4ZnliRTNyNnFvSTh2U2dOTlJIbm5kVlhSSTlFZ0VkYzkwZzVsUjB4MFVsbFZaUmVQSlc5NnhWOUduMkpsNUUzVXBvUUlJQ1J1d2tMMlVMcEhPTmF2N00zUk9xQWRsMlBpQWZUTDc5OHpDZXpxbzFMdzQwRU42a3VRZ1JDR1VJOTZmanJyc291TGliM29yQXdlR2hpMUdqZUtDT1VZM1BqMzZYNFlPVnFHTHlsZW5ZM1MwaUpucEx4UQ?oc=5
MFC.TO,2022-06-30,How to Trade the Canadian Financial Sector with ETFs,Investing News Network,https://news.google.com/rss/articles/CBMidkFVX3lxTE1MX1hhUXg0ZHpLMllEYVBXX0Zhb0NnYkxjQ1g4RDBSbXVRZk14WWctVmFLWktFRzZ2YTNYSTh5VV9XM2c1ZzBtc0plUzlHSWNsSzNaYlFidXlHbXM0MVhxeGNKQmtxXzNLTW1kZWlzN0gxdVN1S2c?oc=5
MFC.TO,2022-07-05,ETF trading under Stock Connect kicks off,Hong Kong Business,https://news.google.com/rss/articles/CBMiigFBVV95cUxNMGZ2Vi1VeGVESXRmQVhXTjd0aGc1T2dRS3Y1d1JVYUFlbHlUQURKVVZOVzJRVU8yYXNPN2NnbjJtRXZBRG1OZlQxWmNRb1BRUmNyQnlqcjFmbmZRcUVDVDk2djJvV3hWM0p2aFlDWGNvQWowZk9GbjduN0hZbGtYM2x0dFl6bVFOY0E?oc=5
MFC.TO,2022-07-13,Twin deficits may cause drag on Philippine recovery,Philstar.com,https://news.google.com/rss/articles/CBMiowFBVV95cUxOYW1mT3BiME5qTnRpdk1JS3QxVU56YzNhTFhZRE5iQWFSZkl5TG9sV1Qwd0huRVlvRzA1SlJ0YjJrTTlnOS0yQzZyeU5lcmZNVEh2N2hGdnU5WTJvYkdINDNWdUNmMlo3TWdZdjdqemxreWpxZFNFbndhSC1oRFA4TTBvVThnbzNLV01qLWwwRVloakdzZlhYc3pXQjRaR3hHa2tF0gGqAUFVX3lxTE9hS3lueXdwSVBZbXFXTGxaU3VEUmwwaVZWZXpVV1N0bks2UzZXQkJkSF9WZ0RVQWJvOVdydC1ISkkySWU4XzVocmZpNjJTLU5RbnZPX2hiTHRwNktkMUxvVVY3N1RJMW9Vbnl2RVR1YUlMTDl6UjhmbWVBZE90dFl6azY1T0ZxRk9fX0h0elBWMXdFQWJQU1kxS0tya0tDc21NVmc0aVRuejVB?oc=5
MFC.TO,2022-07-15,"Biosensors Market: Focus on Drug Discovery and Development - Distribution by Type of Biosensor, Type of End User and Key Geographies – Industry Trends and Global Forecasts, 2022-2035",finance.yahoo.com,https://news.google.com/rss/articles/CBMijAFBVV95cUxPOVRxc0UtWl9JX2syTmFHT0Q2VkVDUzRwblphX1kzLXlaMkR0U25qOE5QSjJSbV9ERU50X055OUJvSkYtVjNZNUQyS2dHVkYxVnQtZUhWUDFKSmRlZ21LVHk4RTM3WFBVTkt6amx2RklDWkZvaGZSUkc3SXlZY1VEa3BNa044SUlBalM1bw?oc=5
MFC.TO,2022-07-19,Contra Guys: What should you do while markets are unsavoury?,The Globe and Mail,https://news.google.com/rss/articles/CBMi0AFBVV95cUxNS0RmT01mcEc0MFhtU0x6OTlBU0s5dHZOMEM4bTFNempfcE5wbXJnZnFyS0xpbDhPSlBuQlpDdHprcVFsaGdtMDFZcjRKMGRidmM5b3kteUVUTGpQN2JwOFFIMjBrUUhxUmpJQmhQVDJBZGxiLUI4cG5ZdlVQVWl5TkNFTl8wM3BvVGlOOVltZFFZLXV6MDlZZEdpa2NNZ2pHSk9BaXhfeWRhOHF5WEttSzFWemNkOGJpdEszd1FlYlVvYzNndzB2RG5xN3duaUFa?oc=5
MFC.TO,2022-07-21,Which 2 Top TSX Stocks To Explore?,Kalkine Media,https://news.google.com/rss/articles/CBMidkFVX3lxTE1xQ0NwN0Fxa3l5aS01dVhJWEpvWV9OMG1fT3Ridzh2alBLTnZpcHl2QVRpMkgycEpralA3S0dzb2xSUWoyZldzMWFubmlrUS1mdENVYmJwMTNTZncwX2hEOFdZOEw0YkdxZFJXckNfVF9MaERqbXc?oc=5
MFC.TO,2022-07-27,Rethinking insurance: How prevention is better than a claim,Financial Post,https://news.google.com/rss/articles/CBMiqAFBVV95cUxNLTF4UkktT1JXMlhIcm4wVWhYU3VNYmd5TGN5S24zYXF1Qjk2d29aaFpnSThHX0JWLTlaR2hHR2o3RjhBcjdfS01fMVdpOXcyalNQZjNKbS1zeFVIT2NkWHpJT0FFMDNYM2I2QnlpMGJaZmxyejAwLWRmQnNucFRBenZlM2lIU2pmMVI1WjJqWThGUXVJNFRSQkUxQVJ4VWFBY3l2NGNGdUk?oc=5
MFC.TO,2022-07-28,Auto stocks hitch a ride on demand surge to be mutual fund favourites,Moneycontrol.com,https://news.google.com/rss/articles/CBMi3wFBVV95cUxQOGtocEhvLXpoQTRBY1FZY2NsbXh2dWI1NDh1b3FxdENBRDRlTGNyTE5jVE9HWkRXck1ZU1VEcmNBTVNIck43YnAwWDJMNUlJNl93NGV5LUs2a01RMGkxZVJ0bUFEY3MyWFo5U25ZYnVwYU1jbDVDTEY5NjNRdGJ2TnZONTctOTRIcklaVHhqUlJBemNCSkNEYUJJOXBneVF0SFdtdEpOSHU3X1dNRElEbDdDSVVrMGlmSkZGNnFGd3RXdjhYejZEZFB2RThfQWxXNmpUWFRla19tZU5DN2t30gHkAUFVX3lxTE5Kejk5VWdQUzdtcEx2V0pYWU9rRXZhbjNZNFNmQWpsSXZhdFozVGVYYy1lMGpiTFBHajhNYWFPZi1CUmFSZF9GM194TUltRkFkVHVfbUh1c25yRVB6Zk5OZ0p2cTBLRFJzUmNKX1FLbG9xaGRiN2Y3bm5DSF9zYmxXamJVLUNXVVI5SkV5bXZwUjVqLTY1b2NyQTJXSHV5TE1OWEtSWmtRNVU5WGVPTE5JS2FmM1JCMlpGWC04dGQ5UDJDX1lzbVROTU13RDdHSE1RVUZraWFuaEYtangtR1o5QUhMQg?oc=5
MFC.TO,2022-08-13,": Overview, Performance, Portfolio | Mutual Fund",Value Research,https://news.google.com/rss/articles/CBMieEFVX3lxTE1ydlgtbU96SzN5eEVKTV9EaVducWh6eXRrRFo5OWxWZTF0Wl9EUHNUUFkwOWxKc192azM0Nl9qei1FRG5DejJpVUZ1clpxV2tydXBBVDc3bmc5ZHhXRkNuYTBwS2s5RnE0bzYzZ2pPUUp3SUVpVVFiSw?oc=5
MFC.TO,2022-08-18,Which Shares Of Dividend 15 Split Corp. Should You Buy?,Seeking Alpha,https://news.google.com/rss/articles/CBMimgFBVV95cUxOWnZQT0gyOGthWEVmSHdLUVpjbnFRQlBMS3M3OS1odkU1UHZfX1hUbmxfMXlDS2RlYjBGNmo5OEdNLTU5YjktNjRHVDlGUDk4ZExyUWx4R2tPVmVDbHR5WFI2VG1kYzk2WTcyX1MyMUt2NHVxdktGaUJRR3JuRUhJTDZCdmlVQ3E2bVpZNkZQOG4zeTdOeURpR2VB?oc=5
MFC.TO,2022-09-01,"Tiger Brokers (Singapore) launches TradingFront, a platform bringing financial advisory services to Tiger Brokers’ customers - Tiger Brokers",Tiger Brokers,https://news.google.com/rss/articles/CBMiUkFVX3lxTFBCSHhyVVctWFV5VWYyTzY2a09idmk3TmZvVFltVVFNVXJLM01Za05hNXhNQVNicG03dkVWWVoyUWJkMG5ySGZ6MWQya0VaMVpFbVE?oc=5
MFC.TO,2022-09-06,Manulife Singapore unveils IBF-certified training programme for financial professionals,Insurance Asia,https://news.google.com/rss/articles/CBMiwgFBVV95cUxOWDBJbWMtR3pYcmlDeEFDdEV6MktGT1g1azhobE91QjFsQXRPWVJSTUJVNDBlM0hMaEp3a002VTlhOWZUTzRGdWdOSU1YMENzRUNzaE9Xa2FneTcyaVhFb0JSbXUtaWo1QkNxQUhReHJMVkJoT0VnZXRxLXNLSmd2LVdwZU4zcWdpZVZOSGNsVWdualpiRm9rdnAtRkZEY2hWOUlwemRhRFkxeTk4dUVnLXNNZDNIelZ1a3h4NVRGZzdqdw?oc=5
MFC.TO,2022-09-11,FHIS ETF Price and Chart — TSX:FHIS,TradingView,https://news.google.com/rss/articles/CBMiWEFVX3lxTFBkS2UtQUZpb0x5SThpRmNUSUJfUWt6VlV5RDJaQThka01MMWtVTGR5LXVabDQ4ODEta3h2REl6OFFQNmpjUDVJNXBVTE5ZNWJmUnQ0UnFXTUk?oc=5
MFC.TO,2022-09-14,Sun Life Finl: Top 10 Undervalued Insurance Industry Stocks on TSE (SLF),The Globe and Mail,https://news.google.com/rss/articles/CBMi7AFBVV95cUxPMjFTTC05V29pUElWd1hkTVpMaUE2WmNFN0RzcFRIa3lDN3JXTDN0bzB4cnVPVGhmMktkMEFUM3UwbDBwU2NDaloxdjBKeEpfYjZNemtuV0Y0QTR4bkdodDFUVXJNdTNfckJGMDhQTXJqeFc2TFRacEJmeWhoZWFfT2RRMUVWTkJmazJtNGt2SVk5T2pXcUFrRS1wNFNEeWgza21tNldIbTVhcEVKUkx4elJmWTk1LTFjUTRidWVNVC1kTkNrOS1jQ1Q5eXVwS3FKdE9DQ29KMHdBY3lfMUs5ZTBCZzRfSXJaRVB2bA?oc=5
MFC.TO,2022-09-20,Fairfax Finl Hldgs: Top 10 Undervalued Financial Services Stocks on TSE (FFH),The Globe and Mail,https://news.google.com/rss/articles/CBMi8wFBVV95cUxQVENZWlE2emZVMEVCQ1E3TFBBXzNidVk0WFdiOXVPVV9faWl2cUE1aUJWb1g4V3plTEQzWkdvZXZELTl1REhNWm1CUDVrQnlUQXZzbU1ucnlVREowX05XWm05REtKNEhkWUZuOFZxZUFxN21tRVFBQmY1LV9rdVNSRUlIMld4NWtmVnlBMVlwcVo1VkRHQV9GSWZ0VTVnTzhHNGlGRV85dzMxRE0tdFBtVkdMbWVsMlhybkpCQ3c4X2JPWXhDTkdSdDB3RnZiallxLTFSNlZZS3NMbmw1ZzR1VHM1WUpPcFdQOVFSLVp2R21wM0k?oc=5
MFC.TO,2022-09-20,Top Canadian stocks to buy and hold – forever,My Own Advisor,https://news.google.com/rss/articles/CBMifEFVX3lxTFAySmJxWE5DaDFldWJlMXNtNnhNajJwRElRTU5QRV9NenFzS3NRX3c5LXFmU2M0bWs0TFdDbEtpM3NiVUpsS1BZdEFXYXhVNDBCa2NNZG9CcXMwcVg5SHIyN2d6OU9GbWRrYkY3ZnRaSlB3dTJ3Z3B1dHVpOEs?oc=5
MFC.TO,2022-09-26,People: DRC Savills IM Hires Steve Willingham,Mingtiandi,https://news.google.com/rss/articles/CBMilgFBVV95cUxQQWRYRThfb015TzM5R1lCUkdULUQyRGUtS0V4MG94RlZCV1J6OGJ0UGFITzlCdV9QQVdPTlRDdkUzeGhIREJ6SzVjQ0VjX2VWazdXdmJOOEhfWDF3QWl3OUJwcTRuNl9SYjk0SE5sRVJxMVlKNUlKbm1DZEQzYVdjbVppSEpkSW95UlIwVTMtbVI5TEtMVXc?oc=5
MFC.TO,2022-09-26,Canada's 10 largest insurance companies ranked,Insurance Business,https://news.google.com/rss/articles/CBMitwFBVV95cUxOWlFOeGVrQnhKNVo1Q0VNWVl4azVSZG1md09RN3l6NDV6T2RaSmRndFNuQVlocGxlaC1Wa29xM1g4ZElSbUJUZ3oyeUVLeTQyZ2VzRExjdkJFeVh3S1F4YVVBRTFzME5UN2FSZ2o2aHVKMHlNM3hFZmdtaVdRSWNHeWZsS1RpQnQ0UHNhWlk5cUJ6elJLeEIxa0dTYklSLVNLWDBDV0Q2QnFvWWtpQ1dmVFpWMUlQWGs?oc=5
MFC.TO,2022-09-26,Manulife joins hands with St. James’ Settlement to help improve primary school students’ financial literacy,media-outreach.com,https://news.google.com/rss/articles/CBMi_gFBVV95cUxOVDFJb1piY3NmR2dtbjNCNkZOWlZoODlIQ2Z1cGNTaGJ1c0FqT2tLTEIwcEZOcU4waFlLb2ZnVHRlQVBWdTNTZ0cwbk05MnRLWkI3blRSMUtiUjRDOUtnTzVPZFJxZE9qY0pCNzVQN2JlNlJDcVNfR2QwNlo4WmpGTE5MaGFwU3NkNy1OUk9jQlpGNy1oU3hleE1UYnpMOC1LWWJmQ3B2Z3J3YjVsTmNyb2NqbDgyMlRWZ0tHWUx6QXZvN0dVRUdQYXdfM2VlU1ZLVThEWTBNb052UjYwSHNHajNHQ2xvczhsTTVsMVA5eGV2dmlmYVhaTnIybXU5UQ?oc=5
MFC.TO,2022-09-27,An 'exceptional environment' for fixed income investors going forward,Wealth Professional,https://news.google.com/rss/articles/CBMizgFBVV95cUxONTBzQWZnYTZzbExpUDVDb2xnZWJZN1AyR3ctLXQyTTNxcW53Tkk1YktlZF9YUFJRLUJBcUJHRklXRTRQUlp0TVB6Z05SSV9kbEFzWk5LeDlnVklnMGx5V2JjZEhHT0xwV0s3aWdEcjlGX2d3cTdBbDQxcGx2R3BnU0xMQnFLZ1hOQ291dUNqQXBZS1E4S0VFcWM3YlJhMmV4UlZ6QWt6QndfcmIxQng3OUhKWGEtWVZScXc5QXlYSVJMZTNUZTQ5ZjhacUdSZw?oc=5
MFC.TO,2022-09-30,Here's Why Haemonetics (HAE) is a Strong Growth Stock,Yahoo Lifestyle Canada,https://news.google.com/rss/articles/CBMihwFBVV95cUxQeGs3R2g5SnBEbG15OTZSNmdmOTVvSHI5Y0pzR1BWU1lEbkRXZXFwUnQ5SE0zdTJBNGRVclBKR2UtdDR0Z0hfYnhJdm5RZ0J6aWhoa0tBLWZucno3cnlIT0tPWXdnb2VzZ0VLYjR2Y0JXdTdZdWp2SXpkODNtOFhQejVxQ0gzS0k?oc=5
MFC.TO,2022-10-11,Ensuring growth: Ottawa insurtech firm Global IQX joins forces with U.S.-based software giant,Ottawa Business Journal,https://news.google.com/rss/articles/CBMiqwFBVV95cUxOeEZUSzdmdTI1dXk1ZFBXbDhpWldiX3Q3N2RQN29JR1BBczRGRE1LYTFUUGFJLW80RTFYdWRTejNGeUNyaVBPS01MbmdRckJITlpOU0dIMnZLRjFtNnJiRGxZamZETnFXaWptamlJSUZGal9MT0JXQUxGVUFqYnN2Q0V4YUJPbWNaR1BlUFVXajI0SVczUkxFRHludU05VDBEbkxCdlRhcWtnZ00?oc=5
MFC.TO,2022-10-28,Canada’s Top Wealth Advisors 2022,The Globe and Mail,https://news.google.com/rss/articles/CBMimwFBVV95cUxPS2F0eXVzekVZdjd3cVZWaXNudEpoMGhtQkpSTlVaaXllTWdBUGZvRDVPdzI5eEVyTGxhZXlkVk5mY2pBdm4wX1NWWlFrRW53VGxaWlFhQUtRckJ3MTNYTWZDOVZHYWlmd0kyUmxNd1J6cU1WVGZtYUsySkRyYUJNalFKZ29SRHpZTkp0RGJFczRkN296QU43Q0x3RQ?oc=5
MFC.TO,2022-10-31,Top 15 Life Insurance Companies In The World,finance.yahoo.com,https://news.google.com/rss/articles/CBMigwFBVV95cUxQbkhHYkd0dll4YXBWMDVGeEVoSjhBMUV2X09qNmtfZWlWRkVYaHZreDdzMDB1dU9FQ0dyUWlkdkZhUzZqVm1LWWZwdmhsWW9ScXBPLUxUYjhqeHRYVFZ5LXVzZGJoR0FMYUFGUWlDeDJNaW03dDQ3bUJQRG9pd1I0Z08zUQ?oc=5
MFC.TO,2022-11-06,15 Biggest Insurance Companies in the World,finance.yahoo.com,https://news.google.com/rss/articles/CBMiigFBVV95cUxPekVhZGM0bE52aEp5V3RhZDU4OC1xZG0weGRfM2JiMlJteDgtd1Q3RjF3bWo1ZW1XSjI0dHl5Tk1HcEdkSDJVVWhjdVo5dHJScW9qUlVZQXNEOUlDQWRLVEZLWDJCa0k1SDlydG1UT3ZhYm12d0U4c0ZWX0ZxLThLdE9OSHBLM2dDVmc?oc=5
MFC.TO,2022-11-09,Canada’s Top Wealth Advisors: Best in Province 2022,The Globe and Mail,https://news.google.com/rss/articles/CBMisgFBVV95cUxNRExscFFKMnU0Z25VN1lMZjJlTE1xdWlsN05nSERkVVNVR2VsUDdRME1QQ3RBSDA2VmlvTm1kTXBMbW1LRFhDekRhX1NEdERNV0VhakktbTFuQU5oYWdpVVNXUWNxNEpsanpxM0hfYVFwVUZBVUpncTNWWEFJNjZUcWJ4QU1DWVBVcldsWXhYdTRwY2NXcEREQjNTTDVSMXpHd1p3X2tXSGhpWjVLWVBIQ0p3?oc=5
MFC.TO,2022-11-11,Manulife Appoints Don Lindsay as Vice Chair of the Board of Directors,PR Newswire Canada,https://news.google.com/rss/articles/CBMivwFBVV95cUxNYzZVejN2bG1kOURERld1R0JfdXZ2Q3VTOGFORGlPQVRRc2FkVnZuZ0FEUWwxTVY1QlV5UDJNVmlaWGcwTzhyRE1CUFk2RmtOemN2Znh5Zno3cXNqUzdBeWVyVzlnamFuTWNURUlaa0JxZklpM19qYzJmaWUtOXlfT1hLNVRtZ2tudzJ0MlNiTi0wMUN4ZzhPSlZHcWUwa1d6Sk82WV9BVUo0LXQ2bmFBYU9GbnJFUWNsLUU0NkZQaw?oc=5
MFC.TO,2022-11-16,25 Classic American Brands Now Owned by Foreign Companies,24/7 Wall St.,https://news.google.com/rss/articles/CBMiqgFBVV95cUxOWXJvczRZRktSdmhMUzd2MDBGT1ZlNVJuRlg0OGpqV19tY21DLVc0VC16RkhvbVk4aWx2clBUeXFDQVZQbGZlU0RJM19LTzhXVVdMS1ZaMWN3TjF3MV8zeWxxT0tEa0VBVHhpOC02ZmJpeDZBS2l2cFNCQVYyN3AzdC1LcUxobjBpYUpGLUxoUWVUb2JacDQ3NnJ1RnV0T19oNFVQWWphbTFjQQ?oc=5
MFC.TO,2022-11-16,Navigating volatile markets with ETFs,Benefits Canada.com,https://news.google.com/rss/articles/CBMijgFBVV95cUxNalpLeVc1dVFqSVBlZFY0SnNGbGFBSGJ5TXZQNnJJTmEtUUNHN0VIMndwY0VBRzVzVzR5N1hjTS1zLWhXaVdNUGJJa3RXYnVVdE9JQjhqeFNwcHQzWnMxZERDcEVndnpZQVA2VmFUWG9iS1N1RVh0U2hXc0g2NXBvZHRiOE5PYVh0X0FQZlJn?oc=5
MFC.TO,2022-11-21,Mahindra Manulife Mutual Fund launches Small Cap Fund,Indiablooms,https://news.google.com/rss/articles/CBMingFBVV95cUxPeEVrTUJoQ3RacVRYb2hHVTJRb05VRjJUbGdNaWRYVWpoNkNRNDVJV1RjM1REUzNBekJGbG9zZC1nMjZxYWNfRFYyUENnYmdoRUJiZlRLUnZMNGh5UmtwY0x6SmtGT2x2VGRfR1BqOHZiN0V5NTlKdzRKcEpXdTFQWGhqblFHTDZ2SXV4RVI3NFV4RVdtYzRKS2xCSkRoQQ?oc=5
MFC.TO,2022-11-25,Neuberger Berman gets Chinese regulatory nod to conduct mutual fund business,Reuters,https://news.google.com/rss/articles/CBMiywFBVV95cUxPcER3UHFYMVlFeGhpVEg3OHBIakt1SWtBeWxYZEl1cGQwcnJydFNTSWY2U0pzbm11UW5TR2JLemtDMjl5dzdCT3Nsc0dmZ0hVLUdobUltN3I5QjNkVlBtV2hTeUttRUR6N0RkTkdpMUgzSW8yZ1NEUlppQ29ELUZfZm1ZQkhiNTFlTlB0WmI1enR0SUhWeU5xR0h2QldJSV9kZVVKQU1ZbFJCbjFxa2dMU1Fnd3pTNTA1Mm5Wemp3UFlxZHEtaUd2eUZrUQ?oc=5
MFC.TO,2022-11-25,Manulife US REIT Hires Citi Unit for Strategic Review,Mingtiandi,https://news.google.com/rss/articles/CBMisgFBVV95cUxOUHc5YkwyUTNEQXIzRjltaURIRkRyQ3dnLWtNMEVMeHVZeVJrdy1WUzhmRDRiM2VmRnZOME9IOVE1QlQtTG5MWC1hNGtaYVByZ3VLbWxlbE5lS3plRUdQempiczdqQVEzU29mTml6eEQ1dERZWUpJZVFUZkxncWtsV3dyQ0paVERteHVhUHJJNlIxcktQdDJCZlkzT3BBeVFPM3lXcWRMZk5ncXcxQ3diS0hR?oc=5
MFC.TO,2022-11-30,Foreign AMCs see opportunity in China,China Daily,https://news.google.com/rss/articles/CBMifkFVX3lxTE5lRVhqZmpiR3BuOUNOUlJ4ZnhBQUlxQlZldmlJbURZNjN0YVFOX3NGNmVycE9NWUVYdXlpakxham9FQmNCemZEX1hlWWZGZHFGSDhfR2QtVGRpaFhmd2NxWjJDYllVZFQ3Vk1iU3A2bGc1MUVVMllVTkQyS0dFdw?oc=5
MFC.TO,2022-12-12,Building recession-ready portfolios for wealthy clients,Investment Executive,https://news.google.com/rss/articles/CBMiwgFBVV95cUxNZmgyaS1VSjBrQk5yQ2xwVE5TOTFsQTNRekEzLU5MOGZPanBESjlfemVDQ3g0aEpxZDNGcFpJaGFCaXp6LXRtSHVzaTlPcnl5SDR2eC1yX3pTZ25COHNCYU5hUnVBUy1BTEM0ZzU2dDR1b0UxS25jb2pJWEdtdkZkX29UY1dIZmdNUFVFRGtoT1g3NGx3LTM3SFRyaDFpUzRDeGttUnA0N19CMmdid3V1T2hOTy1pSUx0SlZHbnVDUXB0dw?oc=5
MFC.TO,2022-12-13,Most actively traded companies on the Toronto Stock Exchange,CityNews Kitchener,https://news.google.com/rss/articles/CBMirwFBVV95cUxNYTVScEpHMnQxUXFaaHpKS2hMaUowTjFROF9ucTBHZ0hoNndHZG1GVzVYak56SGxMS0NGVUU1VGw3M29RejdqYjB5Y0RoWTM5QlI3cVZZd1RreENlTkdDdE5SZG1PTUY2MmtKRFQ1cFdodGRodHN4ZXR0QTJuWkQ4ZnFhY2RuMk9mSUFjRWNSWUF3WEdTQWY2NUF4bEloTTgxNW9KWFZrTnp4dTRjT0dj?oc=5
MFC.TO,2022-12-17,EXPLAINER: How mutual funds and UITFs make investing beginner-friendly,Rappler,https://news.google.com/rss/articles/CBMitgFBVV95cUxNZ2ZyZUw4SGFFR0R0MGZROHNZUllyU2ViLUNMNG9jdmtRMzZKMlZQZUI5TGQ0alA4WlotSjZIM0N2MUxuLUJVaVBrNDV1SDVCRFlDVXFISVNwYlVLSWdQU3hkXzFsQ0F4WFlRcVRJVjc5UlVnYVZBM01Fbno1NmtmUjlGY1N2T3dzSGdBQ0dXNmFRUWEtWWF1M0xhSVBqWjl3MUVya2NKZXF0M0JuYW9tN3h5RFd0Zw?oc=5
MFC.TO,2022-12-19,Economic outlook to create ‘stiff headwinds’ for insurers but dividends are sustainable,The Globe and Mail,https://news.google.com/rss/articles/CBMi4wFBVV95cUxONy1seDlDajRSWGZFUFVSOHNfN3lCaGVnakYwTWV4ZTN5akZvWHlGb0hjUmwxMUlCTjdlZ1oyX0FLWTZsVmF6SGdoSU92MjFtalVUdjVJRUVwYjFsWVBsV1JzRGpCYkU5eFY4VmUzaVRoellvS0xoS01NUUFmTjRWY0otTm9rVTdTQjhfbDNpa1JhRkVEaHBPbWE1eFE2ZVplZ1BFdTBSeWdMR3M3cVNiYTBSWFZZUzdBYW13dmQ1ZEx4NXhMRjRrNGFmSFY0QnEwTVg3V3Q3bGpKLWFRZEdZT1dZcw?oc=5
MFC.TO,2022-12-30,"Mahindra Manulife Small Cap Fund - Regular Plan: Overview, Performance, Portfolio | Mutual Fund",Value Research,https://news.google.com/rss/articles/CBMimgFBVV95cUxPX0prbEFFbTVUb3duNm85LXZNYmJrT3ZBMGUxZTBRanRpYk1qOEEzemJxenJraU1tTjRLeWhVV1pjZG9qUk9OcjUyOFNWU1pnaTF1U1RzQS01RlNmc2lXZ3FEbXhEUTNzaEVOWTVrX3htc1hOcjlTQ3hEczV6cWNoekNEQ21na3loRWFqdzRBbEhqajRGVFpMQTBB?oc=5
MFC.TO,2023-01-12,"PAG, Mapletree Confirm $713M Buy of Hong Kong’s Goldin Financial Global Centre",Mingtiandi,https://news.google.com/rss/articles/CBMimwFBVV95cUxNQUxGNlBraHB1QVhlWVplWG5OcHd6eld6XzNubmRfZDhTckVCRm9QX2NTRXdHZ2JEdGNyTVdMNTE4dWJLYXZiOW1VNHluSFgwSTdLM0JaQkUwejM5QTlxQnJVekdwR3VkVVVYME16aENzWHFkY1VKNlppcEFOS3pCRUN2ZjdMYXNGcXNlOEpTZDJNRVFUdndJX1REdw?oc=5
MFC.TO,2023-01-14,Schroders gets nod to set up China fund unit as Beijing speeds up approvals,Reuters,https://news.google.com/rss/articles/CBMivwFBVV95cUxNSDNTT0dIYWNyazZESG1zZUNNLW5qeUFFOVVyTk1HcVFVRlByUmZpYjdjb0Y3Qnhtc1MtaGphWXdBMHZpdl9FSFE0RTZLRjcxX3JQUHdLTC1nUU9pREVKdXZZUjVoZGZldFRiWGc4bHUwaDdTTXBabWFSMXlMZ3FGdGI2N2FrcU9nWkduTGlhdzlnUEdTSzR5dTF2YlpVMjFaNTVQUlkzWmxldzFxYXp0WUx1SENSZ0RVZG5jQUJMSQ?oc=5
MFC.TO,2023-01-23,XEI:CA ETF: Diversified Dividend Income With High Yield,Seeking Alpha,https://news.google.com/rss/articles/CBMijgFBVV95cUxOSnFNVzhUcUlEVkNkc245RUVEUkRWdmpxU1JtU3VNSktaXzZaaVBTWk5XV1JZZmQzRjNiZnJOaU1SRTVGc2ZqR1FJbkgtZjlLZF9aM2Y3VWxTLUM4dXM0V2FDQmpJRFFVRVpjdEdiMTlyVVlQazlWLTZiVkRoRFpHNFRtM293cl9HOGxGbUFn?oc=5
MFC.TO,2023-01-24,Singapore Business Review’s Insurance Rankings sees slow growth amongst top 50 insurers,Insurance Asia,https://news.google.com/rss/articles/CBMizAFBVV95cUxNUUxZYTdBZWtxWkgwXzhVTk5XYXNnUVlBaFhsb2VvaV9rYnVQNmtUTHlzR2p3dVJ4cnBpYTJFWGZpdEhCSVBXYVYwTnZuWTlMUndaMm1HWFFHMTMzd1k1elZ0NjhLTVZRbUVGZ2pzRHRkdDVHU2YxWFdNYVhOM2x0S1ZzZ3BWb1hCS3owM3Fzbm05QnpFQWxXb2J4RGluSXplekpLb0VkUmxqV0RzYlI3b0tLVVlhbmc4bjlyb3RTaFNTNDVoYWhSc2hoNno?oc=5
MFC.TO,2023-01-26,Manulife Announces Cleveland Clinic Canada as New Medical Director,Cleveland Clinic,https://news.google.com/rss/articles/CBMitAFBVV95cUxPVzBPMlFfcV93eDR5aWdRUlN5T1RpX3NUTEpPNmdqWU8xMnNxRXhFREUzX19IakVjeHVUV0VxUVFpMEMtYlVpX3JXaWVUcmN1VGR3U0VCOE53bHlyTnU1ZDR6Y1BPM3J1TEM5bndpel8xNHQ0QkVlWFZVbjc1cm1mN1lrWlZOOEZjeEZ3aDZaVUFpMTBOOTdEcHhIWVhtSTVNVXpIczZEV1RBOE1yLVdwaUpMOTQ?oc=5
MFC.TO,2023-01-26,Former Insight Global headquarters sells to small buyer,The Business Journals,https://news.google.com/rss/articles/CBMijgFBVV95cUxOM0hzWkw4Unc0SWh6cEF3amtESnBXYnAzRHNQRmF6MGxOS3JkMENWMkI4T0c1NjJjLXltTW9ORVdtVGhGbEtYMTJidUJfWUFYS1VFRjVHMWxTVmFIR3A1ajd1S1ZpQUNzSlFVYWZDd1VBMVRvcWxWa0MtVFA2OHFORnI1VFRkZ1RQaXdxVHRR?oc=5
MFC.TO,2023-01-31,The Canadian Wide Moat Portfolio Continues To Shine,Seeking Alpha,https://news.google.com/rss/articles/CBMilwFBVV95cUxOTmtSSFZ2MmVLYllrMnIxbGF3WWF3QnV1XzdqenE1VmhRZkVZS3ZZb1BtdVZzWk5HVDEwZTZiN3ZGTzZxVFBDMzdsQThuc3BhU01HRG5GRE9YcnozVXl4LTJ1UU56VVcwb3FRUm0yTTV1bkVndFIwZGhQRFVkaE8yVlprSnVJSmdNa0tIaTFxTGVLaDY0dWs4?oc=5
MFC.TO,2023-02-09,Manulife launches single-pay variable life insurance,Manila Bulletin,https://news.google.com/rss/articles/CBMihgFBVV95cUxPd0J4c09paF9XbXpzOVF0YlY1WVE2YnhPcDFUU2cwWmtCSzRlN2FNQXBuY2xpY2ZRQUV3azBLYXh2Ylo3THZZakNCSnlUVjZPNVZrUmpwd04ydUxaM2NPYWI5aGlGRjN1VF9xVEg2MnpQbHNaaVZIcl93LU0xODdqQlNNYno2dw?oc=5
MFC.TO,2023-02-28,Few Fund Names are to be changed in Mahindra Manulife Mutual Fund,Value Research,https://news.google.com/rss/articles/CBMitwFBVV95cUxOZjllQ1FzaG1SMThPUk03RzFmSjdXUV9aLWtneHhQbHBlVEo5RFB4d1NZOXE2cWMzaTdMSkxrR3lwd0xtdUZ4MWlCWTlLOEZCeE1WUV90anppeWZ0eEZrbno2VTNGZmY3Vkd4TDVSWXcwejRjWWVRelBaOV9LWkEwcThQNDdrLTg1enJma1hjZUl4SVVzaUR5RXhreW14dTZtNTJ3c3BFMjE0cXJnMmtIQjhETzJGSjA?oc=5
MFC.TO,2023-03-06,Price Drops for Airport Area High-Rise Offices,Orange County Business Journal,https://news.google.com/rss/articles/CBMiiwFBVV95cUxPRm9BcmFiX3g2U3VVSUpHa2M1Q0tJSmNDQVpoaUljTUNEbzlsTHdmc2E2QzNXMTBHdEJfZUV6ME80M3c5LVBWaENDay13RHlOUGdwalh1ZzhSeDdfczR6VHFkSU5LVGRiUmZyVWtOdkdSWDBMbld0R3AzYVJIdURRQU9GdVJfRmdhWU44?oc=5
MFC.TO,2023-03-09,"Manulife Financial Corp. stock falls Thursday, underperforms market",MarketWatch,https://news.google.com/rss/articles/CBMiwgFBVV95cUxQb3pfdFNRTzkyelZNOFpVenFJZzhKLUVscjNZVUp6M1RIVW12QktqWkpDMVFvalo0d19RNlFhN1VDS1lMbG5RQ2F0YmpybmhGVTE1X0RTUTYzUzFYWFdrbEg2V0tCOGloZm8ybE54aFM3NHNOenEyYUJJMmd0X1dCLWt1dkJ6bEZSdFZpQXdIN0p5VzIxdDhGWXU4TENhdV9KcE5uc1NVcTdKQ3lRNGF5ai1Nd1c5Zm53dGRpYy1TUmJXQQ?oc=5
MFC.TO,2023-03-13,Manulife appoints Carrie Tong as Chief Operations Officer for Hong Kong and Macau,PR Newswire Asia,https://news.google.com/rss/articles/CBMi0wFBVV95cUxOSC1RU1RJNjl2dGp4NV9tWWpIMkg2ek5rSEtPOThRTXdQUmNCN2tRV2QzT25PbTBjbjhnVmk0Sm1ibzgzdmNkWkpRUFhvS2FIZWJXZmk5Yk5uN0pXSl95aWFzaVJCZ2M0eGN5SE01TjFQU0N6WkpwcENUTC0xbkpfMklnVW9fZ1pBclFSdUtNTVd6SFhrb0g1ZUo1VFkyLTRSVGNTVVgxTjZKd2FJQW8wYnE3eW1DdmRqTmZlMHEwckJhT2h6LXRaUTI5NEk3aE5lQ1cw?oc=5
MFC.TO,2023-03-13,12 Best Dental Insurance In Canada Options (2026),Wealth Awesome,https://news.google.com/rss/articles/CBMiaEFVX3lxTFA3aF9YMEQwbzlSbDJPNVBSUHcxQkZBY2RJZWcwZlVZTktKWUhCdWxXeWh2OHJDVUtTMFR5dUN0WDExSzk0cGNKaVJ6QjNxWHBIR0lSRHNvbTJUQnR5cXMzMkRRTE04cUpS?oc=5
MFC.TO,2023-03-14,Prudential plc joins Shanghai-Hong Kong Stock Connect programme,Hong Kong Business,https://news.google.com/rss/articles/CBMiqgFBVV95cUxOUHVNeEFBRGk1Z3N0a1VIU2drVFhLb1B6RzBFWFQySHpXVkxhNlZHSHEwQmQ2S3M0RUhqYllNSVB0SG8zd05nRVVfVmpvZ3pmQnNTeDExVzJTclRJM1E4Wm9HTm55NHpoVHVvQ2N2bnEtazVBZng2bmpLNTUxUjhUWXNydnZHOWo0YXF5WEhhTmI1SjlLRlJha25CU21JWG8td3h4LTVvRjVUUQ?oc=5
MFC.TO,2023-03-16,"TSX Today: What to Watch for in Stocks on Thursday, March 16",The Motley Fool Canada,https://news.google.com/rss/articles/CBMilAFBVV95cUxOdFFxU1pPby1NSEpHRHpPdGM1RmxTWFJoYmd4dEdCU0tWQ2tLbzVfeG5oeFR4Si15N1hsVE1vNDBmOGpxb0NVVFNVZHdRRDdpOTRxdGV2MGQyZGhBVkl0dHJiUzFVQ0VVUFBlT1NrY0h6ZEVGZXc4U1AySWJWMUFXUVVBeTNZS01Yay1lSmdaQnlRWFlL?oc=5
MFC.TO,2023-03-18,"Top Stock Market Highlights of the Week: GIC and Temasek, Manulife US REIT and Credit Suisse",The Smart Investor,https://news.google.com/rss/articles/CBMiwAFBVV95cUxOYks0T3FFd2xHOThPbmlYVWZqZ0dhRXk1RzQ1bzA0bGhNOVAtRUc0XzRJWndNV0xNRzUwTzlISGdCTE9Wel9PYzI1TFNxck5hQ1BLYzRtZHpfbG1XZm9aVnJUaUh0QUVRUUNkdEFhTFo2M2p4RWxpeFFRV2g2UmlBRnlMLW5hQnZGa3c4V0JOSzVWVW1FMUNVaEVCRDRDd05JQlNQWV9KRGZPeWFwMUUybTVUUnViUWwwUWV3dDUyVnA?oc=5
MFC.TO,2023-03-29,Hongkongers predict over 20 years of poor health in retirement highlighting need to plan for the future – Manulife Asia Care Survey,media-outreach.com,https://news.google.com/rss/articles/CBMinwJBVV95cUxQbU1pZnpCY1BheTJ5U1dIc0g0dXhmM3V1cnZPeWZ2WVdrdHpzTkhhZmxuSDdxVDZFbWtWLWtJc2ZHRnpUQzZ0N2lhUlNjTzhwVUF1TThGVWwtb09DRXRiMjlnRVFHaDJfMlJXTy1nckdVa1BkNjYtTFBKRHJFbFRfNDlpNDZ0bERsdFk1RDNjRGx0WURKeDM1MGJBYjRYUzE1ZVpjeDdLNmM4LVhpRGJOb1dobVU4LUxydExQS3JCeXU3N1RDc0tYVnBHR1hkUVBwNU1LZUlLNDBaaVR1ZFJ6SURDUExLMHdkQzlJUVo0Y004LUtQSV9DYXpqRHY2bmE5Yk9EWGphUmU1NlliYVpRNXI4LVFEbVFjMWYtR2dRVQ?oc=5
MFC.TO,2023-04-05,Sonoco sells 55K acres of timberlands in South Carolina,Recycling Today,https://news.google.com/rss/articles/CBMirwFBVV95cUxQNXd1Nl9HY0x3a01iaDFuLXZTMkZnMUZjRml0WUYwNF8wckRyWWo1bDFjYW1JdS1pYW8wZURrTFVKTklVMkNqTkU1a1J3ZC1tdkQ5MG5pR1Y5SERDWlc5RGZyZGFlclIxamF4SmNCdG1sOXA0WFZDUi1mSXNQTVduT0l2ZlRYNFVYNWRsMlA0eTRPS05iQU5hSDQyd1VPQWZoNWc1bDRNVlRWRFd3ZVNR?oc=5
MFC.TO,2023-04-06,Battle of the Balanced Funds: Mawer vs. Manulife,Morningstar,https://news.google.com/rss/articles/CBMikwFBVV95cUxPNWJuc0VxQXQ0cnVQWDR5SUFRbHBVdExpTERFR2Q2Uzk0dE1Ua21vWFdxajJoM25QRWRYSkJXUG14ZGVtM0ZleVFBdFhkYzJpSUFzb213cW5Oakg5aUtOTGZOa2xRTGh0dHdEN3QxZGx2QlAtbmcwY29zUlVuXzZuVU5pWmNSMlB3VHZYOEJrcW1TU0U?oc=5
MFC.TO,2023-04-06,Manulife Investment Management announces updates to its target-date funds suite,PR Newswire Canada,https://news.google.com/rss/articles/CBMizAFBVV95cUxOTlRqczBJTGJhbmpCR1ZqNW5RME1UOXZxOC1kTDVDNEpKVkx2b1FwWl9mRFVoY1o4cWx3cGo0WW1GYlZfUGhOYzNxTU5jU2pMNk9IQmhydWJWR2hvV0xMRzJydExnN2FUTEFxOWpxSFdHYzUyaHBmd3pvb0JrVVRtLXJINGQ1Z2E2d1F4WTFVT2xDLXRKSlpvOG1IWkpKSmZmdFUzNGU3aGl1N2ZIVlJyZzBrNjBfemRaNFFIZWpGeExNWXQxRlBGNkx2VUY?oc=5
MFC.TO,2023-04-11,Insurer Manulife records $236 mln loss after 25 years in Vietnam,Theinvestor,https://news.google.com/rss/articles/CBMingFBVV95cUxOSXpGZGc2R2duZ1Q5UGUzR09uRkNHeFhKYm96S0x2MmpGaG5xYTdKMmx0NGRzYXFjVGNmeDlmQVVCSkpSMjBmSGFwNG1TQ0F6RTZLcFRtWnFVSG9IQjBCQlFIUll0aTFtcWFaMDU1NVhvcGFrQUQ5dnBWeXFiR1kxcWpaRERQOTFCbnRTb3Z4UDB2bUg3UlZQbkFBa1kzUQ?oc=5
MFC.TO,2023-04-13,The 10 largest insurance companies in Canada based on total assets,Insurance Business,https://news.google.com/rss/articles/CBMiwwFBVV95cUxON0xuV1NWXy1GN1Bfck1JdEZuVUtYWWJhUHQwV2s1M3J1QjVFN0hXRTNPTndCblNVajVtSUdTU2tEbGRSdl9sOUFPWFV5TG1Dd0VhNUlMSW95YmJjV0NMSXUzcG9oX0pRR3JybWxuQ0ZyZ1BJUUxqam1vbk9nVGVJUW1RN0lOZUcyUFNERVFsbElFYXVjWXowbUEwVzZzMWNRa2VTRDBVWkY1bmdnV3ZUMHZhVWZYR0tteE1HTWlhNjd5Wms?oc=5
MFC.TO,2023-04-17,"Life Insurance Is Profitable Again, but Too Late for Many Insurers",programbusiness.com,https://news.google.com/rss/articles/CBMioAFBVV95cUxOU3hVRjZoSFd4YTVHcEZZTEpHRUg3T0M3N0s4ZVJKVV9FemV6aWVtbFNOU0hyZmlmbUdxZEdpQ0FLUy13OWNSbnN3TnJrdm1nX2l5ZFpndXBtcXFUS2FZSkdSa2VKdXVYakMyUmhZOUJBN2xQcUFkZ1VOSHBOdXFtb2h6Z2xtenhYTlhDRnlEeHpSVWdPQk9KWGsxbmx3MGtB?oc=5
MFC.TO,2023-04-26,Manulife to meet customers with complaints related to SCB,SGGP English Edition,https://news.google.com/rss/articles/CBMinAFBVV95cUxObGVwMU1UaUo2WU9PNk1qNXJWY29vZmZ4aDVGd29RZVFObmxNcF9XeUMxd1N1Sno1Qm1Zdy0wNjNIZE9EOW14blFNbzgwcUtJVDJoekpZUjAxRHlFdjJubktKbFZvRlg4T2ZCWGFWeEdnU293UXR0NU84YldOeFNhcTltSGVkLVZYcHFKNVdGN0x1N2RqdExueXJpWDU?oc=5
MFC.TO,2023-04-26,Manulife considering move from Bermuda to Asia,Royal Gazette | Bermuda,https://news.google.com/rss/articles/CBMitgFBVV95cUxQUlJWb0RSTlRUdDhpaEctUE9NS1BFbGYyMm9LcWgzdjcyMmNOWkRQd09KM1FWQU5BWEw5WkhmSGlUdHBoRTZQMk5SR3N6TFVQNTVmMmdMdnoydVl2X1JCNGxIdmtaR1VBdThiR0pVWDM5ZjhhaXRSOW5oVHRBU1cxeW9RT1BmNVdRN1pncVFOUmdldkJaSWFvVm1GeWxqbEdQYTBZNVZHU1Qtdk1CNmk2Y3pqZDN2dw?oc=5
MFC.TO,2023-05-11,TSX Today: Canadian Stock Market Overview & Analysis,The Motley Fool Canada,https://news.google.com/rss/articles/CBMiQkFVX3lxTE1hbjdxVVRQSUJsZEotWnE1ZGpIMjZjdDJCcTdLRkFvZmJsa2RvRWZkeUUwUUt0bFVlazdVQ1l5VXlCQQ?oc=5
MFC.TO,2023-05-19,Manulife Investment Management signs definitive agreement to acquire a controlling interest in data center platform Serverfarm,PR Newswire,https://news.google.com/rss/articles/CBMijwJBVV95cUxQYkV2VGhXN0U0bDFiaGt3N3EtcHdPdmVfUGpPckt6aTBlRUF6MjI4MkF5VmVKQUJIRGpkaVE1S095SFE5TVNUQXdUR0FRN1FqYUFfRndHOWJka2g1WnJGTWNIWHlVaHhUUnUtc2JtRFFjTThaSzRZellOU0ttVXZuTFF4UHY1TjZic3pFQUc5c0lFY3ZiRVZyTXNnNGxFZWI0OHotbVdoN1BDWFhQcWtFOVR3MndxclVzeVV2NW9Nc3RXYzMzQWhVV0poSVpFLWVsZXg1TmV5RjI4NHFscUpkRVBsUjh0eDM1UlAyWWxvNFROakpDUWJCNWtSN2kwMGs4N0ZqcVlNVE1wZk5LakZV?oc=5
MFC.TO,2023-05-21,Manulife buys control of Israeli data centers co Serverfarm,Globes - Israel Business News,https://news.google.com/rss/articles/CBMiqAFBVV95cUxON08wek00aXZvQkdZOVBpSVpCWGVTMnV4QzZsZTlTR01nVEFjOU41WWhLTFg0X0pKOE1WMmIzTEN3SFBpZXdlRzkzSkhMTlYxcjBHVGFOaHU1LWNoZGtyWHFnNHlHRGxsbmVkQjUtWnNsMlkxckFzc2JscHA1cnA3NXh5WldtQWd0ZXItZ2xXclhyRXBVbVAtczItNVVrSUZYQk9GV3p3RU4?oc=5
MFC.TO,2023-05-24,Manulife US REIT Proposes Sale of Atlanta Office,Mingtiandi,https://news.google.com/rss/articles/CBMixwFBVV95cUxOZ2ZqWHNzZUY1bm4wRDdzNGFNWS10aXRPZHgtckNsbl8zQkpZUzlkckNodnJMcFFlUEZrN2FhM0I2bmFFb2REcE9RREdNZjZyeUdmSEREX2Z1LTJ3bVkzSXJwd0NNVGFZV3hrUmtWNlZWUVJMOXF0b2RDdVh5NjR2SThVZ3lvQjlRSzZjWW82OUpjTE5Qa28tY3hVdktpUlZ6SWtiNjg0TlFIWFFaaTZuajZuaFVmNXIyMEpOT1NwdDlPcEIyZ25F?oc=5
MFC.TO,2023-05-24,Lee-Chin steps away from boards to focus on personal matters,Trinidad Express Newspapers,https://news.google.com/rss/articles/CBMi6AFBVV95cUxOVzBKc2xoSk9tVHpDUXp2NE9ueUQzNUcwU2hEbzZpU2M1eURTRXVOMWZieVVEbGVSRVZQOW8tb0NvQUdBb2lkanJZS2doX2Nxd2Y5R0tPZ2g5QjJGeXhWQktOd0pDMk9iX2FUNm9xNkJRclB1ZDl4ZGxKTDlqRl9fZ2tlbXhCR2UxMHhLdC1QajVxZHR3cGgyekUwRm5WS09JOUcyY21pWkFhTFVpNF9oUWE2Q2lYU29ObkxMbWNIbXNIZGFFRkxrazVidnhKN3Z0RTlEeG9jekJIUG5icjFjUlhuTUhoNWVy0gHuAUFVX3lxTE1GOXZyckxfY2FGdmo5bllWSWZsQjd0a2xlRDVYQTYxRDNBMHgzekU3MV9KZUFyU1hnVXJhQ0pKT3p2VWZyeVlrdlBWWHJ5WGdmbEJ0d2hjNnVDZmZoMGU0dmxzUnpQZ0x5RjFrcm5FNWNsNmJJeE93aVRUQTFmSi1mbTF5RFdIWVd5bFpCYzZOT2ZGT0t1TlNjS2QtMHdBTC1TLW9iNG9BSFFYLXJ5TUdhcXNtbkprVWZpYVhhNXVLMUZwNnJFM2V6WGIwZGJEcnF4SGVkVjF4VWhkdXpXMEt2M3lIbGVZci1kNlZiUmc?oc=5
MFC.TO,2023-05-31,Manulife Securities continues to advance technology platform through enhanced portfolio management capabilities creating efficiencies for advisors and clients,PR Newswire Canada,https://news.google.com/rss/articles/CBMitgJBVV95cUxQSjdRSFh3WTloLWdIR2lPd3BqUVB4VzdXb0xSU1pOQVZTcU1JY01yRXVOZWhQUk1OU1cyVHU0Y3BackpncG5TeGYwbDY5M3hSajBoTGd1WDEzZEs1akdpQ2dKVU5DQVVjUHpEdVY0RjhXQm1OMko4TEtsOW0teFI5UTBTSEV5TWQxRzRtVnY1cFlyZlV4bUZoNTBGazU4Y09KZUIwQzdyS1p6VFJpNkZxUkszeWlDcTJvWVk2dzdURVNxYk41UHhGWVVrZkJMdGVjZGtsLXk1c09ycmxZWUhFNTFrdDFMYklIalJoNjY2VnIxa1JwLW5ld3ZYTjBIQnozdjlTcWpnSGJac18xcGtQYTRPUnVMM0VRU2pzMkVVclVfZUVXTUxFX09UQzdDaWZwSnczTlFR?oc=5
MFC.TO,2023-06-08,John Hancock Investment Management expands alternatives availability and reach for investors,PR Newswire,https://news.google.com/rss/articles/CBMi4gFBVV95cUxQY3Z5LUdIZ1ZQY2s3bnFVcGc4V2tOY3dxYnpJSHlONUdBYmZXRHlXLV9mdkt0UGU0RWJLN3NLR3JCYjBFRHdYTXFrM1V1WkVadUktZXg1QXg4UzIxVnR0NS1sQThzWXJQWGxOc2pSSlpJdVdwUmRDei0xVllvZDZ3ekM2SktHeFZ2REVzQ3JyRVpHbzhpOVU4YlJFdGpvalZYVGx1Nkd1UUphMDBUZUcySTBPUGs0Y0ppci1maXhYYnRqX3hXLWpWRlI2X0MtdExsUTJrNDdXbHhuZ2xEWG5zZmZR?oc=5
MFC.TO,2023-06-12,Prudential opens first Macau branch to capture Greater Bay Area clients,scmp.com,https://news.google.com/rss/articles/CBMi7gFBVV95cUxOUXJBdjhCZS12Nkp3aHNqMjZlc1dieThfbjZuU1dZNnNZTzMtcEdmSGFPVDZySUtQUlNUUzRERENlT0I1UzE5YmlrM1pRcmtvbkhrNzI5NHpDeXF3V29fQmdzZl9RLUN6VC1nRGlTWjZIUVNIV1JrWUpaOEZidElRRWFsbS1YUFhjS2FEX3BvaUlwUUVHdi1JemkwZTZUT1RYZk9mTDNIbUNQSXlROGNyRDNrWWQ1TVduS29zb3Nlb1VOaGJveldWdVlCQXdyNC1RaVBPSGFaa1ZmcFVYSEVfOFVSLXRzOHlRaG1fS1ln0gHuAUFVX3lxTFBHX24tdGtDSmk0Y2UyT0ZNUGJsOHNOcDNJRTJvSFM4UHZubFFSYkVaN2VXUnF2VHpMM2g0cXFGdnUtbTRkNk9yUWtmQUJROFZKSHloZHdxcVhWQi1CYVlrRDVFZi1MMHpQUjAxUE1xZ0V5ZzVnSGEzeGh5eGJPYUowYjB3VEowdXowTTZKMUtyN1ZOVk9qQlBuaFIwcEZSUTNHTk5zdFZqQ0VqbGx0dTRQQ09jTkJxVUtaNVFpYndNSTBpRExGLUFTQ2V3d2pvTXpNTUhGSWlWT1prU01oV0MwNU1VMDJKV2l1M1VLRlE?oc=5
MFC.TO,2023-06-12,Predicting the next decade: The future of private debt,pei-privatecredit.com,https://news.google.com/rss/articles/CBMilAFBVV95cUxNbVU1bGl2SG5XcllNQms0WjR1UUNKWDN3SEFHYU40TVJBcFF4aHJ5ZEhOelNlYll6SUFyWFVGZEZxaUV5RDJzbmVINGpjR1ljVjI5MUZEdTNBMS1VVEVrMjVUV2ZXRlpHRkJnSURKR2F6TTZ0eDVXODZjemJ2TUpmSGtnWmc0ZUN3REJveGxfakp0TWZY?oc=5
MFC.TO,2023-06-15,S&P/TSX Canadian Dividend Aristocrats Index components,Yahoo! Finance Canada,https://news.google.com/rss/articles/CBMiowFBVV95cUxQMWptTWR6V3pWemEtTWlzbldZOHJ3U2tIODNBSUthYVFMcEZuc19xR21jY0ZGcExaN2J0RUViTV9pY1lzbC1Qd1BPQ1YycUtQUFRWdENQS1NhOXhiZGxIcVhQSnJFZFdOblNiaThFdkZTaG1CMWpLdUsxMEk0a1B4OFJLSF9SREdRSVZtQm03YWRfTDBxdU9CMjhZSHUzNUhMN0NB?oc=5
MFC.TO,2023-06-17,"Share Investing | Share Prices, Performance & Recommendations",intelligentinvestor.com.au,https://news.google.com/rss/articles/CBMimgFBVV95cUxNejlnOVdxNlA4MFNuN1M0cnJVdEY4UkZrUG9XREw2ZmFRWHp2ekI1eE5QUjV5dlVPekI0UkVVdnRZMDBRMjRaVWZBN0tnZkx1MlFTczlnSVBMeFV3VEJiZ2pqQ3otNk5Kd3B0dVhaU0hVSjdMVEtudHI1RXY3LXRXSWhMQnBUQ2R1MjZXUXJYTFNUS0hXdGc3RjRR?oc=5
MFC.TO,2023-06-21,Manulife Hong Kong Expands its Designated China Hospital Network,PR Newswire,https://news.google.com/rss/articles/CBMiwwFBVV95cUxNdzlYMU54eWNtT2RkMUtCMXNuTVVUVWF6MXFVVV9iUkhyOUhfQ2czMkFGaVRvbjRJdjMwYXJUSjRrd3FuU0xoM1BCd2gyS2ZvRnZqUjBrUjRHRFVvTUROMmJIak1zM0U4TDJCZUxjTE9UR1FwYTJIUGVrM1BpQXRxbG9najFyRVdTMHlVR3JBemR1UC1vSm5ZcjFnTVpUeGVnWlJ2ejZBWWNSaXNXZnFRYjkzUDZzbWVJLU4xM0FHVGtaSGM?oc=5
MFC.TO,2023-06-22,"Bulk deals: Sansera Engineering, Craftsman Automation, Delhivery sees large buying and selling; details here",Livemint,https://news.google.com/rss/articles/CBMihAJBVV95cUxNNEt2cjJOV014V0FtTUxCN1lNOFBjMUdLS3lKQVl2LXdNemEyTzJicUZIN0ppUVllMVQ4dE1RVjRpVWZLM3BCaW5uV3U0ZHNzQWx3Mk5BRmtLbW55WTFWeDY0RVdxT3pVQnFVa3pjTGNJWlVnbEptdnAxQUtwaVhOdXFld0RPd0JZMndVSUhUczR6X3UxQUJNRVdtYXpFbHNnV2FtNVlOV0NRS2kzOU9sSERJSjQyb05wZXhFZm9zd04ySHZTQmZ6TUdwSkJMY3lBMDY2MWRDYU1FXzlScXVhcG5QLWo4TkZxNHViRkUxQTN0SWNnT3NhNGlYS1Y5aDYteDNBVtIBigJBVV95cUxPU0plSkxyN3E2OURfQzE1ZWJsMC1fVXhXMmxWY2dVeVhUSFI4NGxucHE5MUxEVDRfRGJFLTZpWUYxYWZseExucXpXRmlTUnVmNTNLTm1fcW1hOWlkREc0MkNBUmlYc0dxbUNyNjBMUzJPMHBiaC12RnZlQU9TU25ZVmxCQ2htV0JYT19CaktzS2VUUmZBQlo4R213bzIzTVNkbkJudno2X2hmMzdRWkJTOERGR3VfWWFMNkxVbkdmcnRBU3N0M2FQaHVsT2Vna3ZrUnNsVHZRVHhMMjQwc1R1QmZVOTJRV0hkT3lzaWhqZGN1YmNpai10eGYwZUxvR0Z0NXBnSFhsRjhDdw?oc=5
MFC.TO,2023-06-23,Vietnam Report reveals Top 10 insurance companies in Vietnam in 2023,Vietnam Investment Review - VIR,https://news.google.com/rss/articles/CBMioAFBVV95cUxNeG9wZFRMazZ5czhWME44ODJTaGZkS2NiUnJDbXotY3FiRW1TZVJ1VnRDSmhtSVEybEw2aW16YXh4X1A3dnYxSnVsWjUta3JXT1dfcU5KTmxQZGEyOXJWX3dzTGp5OXRSSDROZ2ljRS1DSzk2VDc4RmIyb09vOW1fSXlwVGFzeElIbnRyUVJjNklUTFFMUFk4SFZHS3BTVVBu?oc=5
MFC.TO,2023-06-23,"Goldman Sachs, Axis MF emerge top buyers in the Craftsman Automation block deal",CNBC TV18,https://news.google.com/rss/articles/CBMi2wFBVV95cUxNQ0pxTWdyV19MZW9uSUZMTVoxOFEyakJ4NWVxYU5JNWdPcGVvd1ZiaF9yRVdNSjFVcXRWNDNFSy01V0tjWXVNNnJqcllOcGVPSl9EeUtNc2w0ZFBJT3ZnNVlpVHdWcUpLa2M3UWVIdUVPbW5abTlBd2hITnJ2eEEyUGxndkkzM3Q5TkwydzBLOFJIRnF1RU55dDMzMW5ZOE9QMmNMOVF2cHRuWDcxQmI1eU81RG1oNGRxeGx2T1dnWlFrTlVBTk1RRV9aenlkTjdlc0FlOFdIaDQybFnSAeABQVVfeXFMTXVrRlgzSVlyYnVYRGZpSE80dF8zQWdRZ2swMXR6N1pwWDlsYUFvTGNEV1hIallvd2lLUVhpZ2ZLN1U2ZW9UUTFLQ2l3YjNOblk3cmI0WGM2UWxJQ1RvRjNkbkVSRTBIVnRiS1UyLWx3UmRldU14TUZRdzRVWXlIZVZhTE0ySllYWVRkdlFrZjdBNFRMQ3FnY1FQbVkyam9EUGt4YXBXc0taUnRnRWtyRGljcFloSU9jOE9vOW00ZlNQT1NiWHZseW9EdkJDV1hXZ0ZQX1VFeks1QlphZ0NoVzk?oc=5
MFC.TO,2023-06-30,Spotlight: Simcoe Wealth Manulife Securities Incorporated in Barrie is committed to giving back to their community,Barrie News,https://news.google.com/rss/articles/CBMi0gFBVV95cUxPdnVEYWtCSFVxaTV0OHVKakFkWEFNSU4wWVlESFRMSGI1bFMxdDdWS2RwN0hwaW1ISV9fZERYVlpSRURIWXVaYk4xMGZBeTVrOExUSUxYNGRMM01iXzVfdnBPQWdIa3RVRXFRVDVleFNwMEI0eThER3JkWE1BUGduUV9jblp6QncwS2lWUTdUTkpiY0RmRmN5U3duWTlhcHZkMHJtcDY2TERtTHlLa0xaOWtLR0MxSTVKZkpVSnlhVFV0WmsyaGd5M21PWTBDeVpMQ0E?oc=5
MFC.TO,2023-07-10,"Manulife Philippines appoints new CFO, CRO",Manila Bulletin,https://news.google.com/rss/articles/CBMieEFVX3lxTE5BU1NYdU5sNU5UTE1XVmVIYndFNi0yaFl1bzBzd09LWjYyOV95Zk8yUDQydm1PUWtLamdOZlZSVlp4MGljQy0tby1tcWwzMlBDbUd5eE1qdjJYUThLZUcydjZiZlk5RG9ZQVE5dUF6dGVVelQ5Qk1iaA?oc=5
MFC.TO,2023-07-12,Union Investment Marketing Visioncrest Building in Singapore,Mingtiandi,https://news.google.com/rss/articles/CBMiswFBVV95cUxORExqRDV2c3B0TjFMWlUxQ2o1WWZCNmtUa0ZBNWhveE5WcUlTUk55b0NZUkplQnlneHdxSDJVZ3pjV3o5RTZOOENNQURkVi1rS0x1eGljZjFUQnpaTW5mdDN3RkZZaktCQnhQS2Y2VmtyeDFqSGo3ZDVDTXBnX2dXMnRfM3hNMXhOQnVYeEhrTXo5d3d4VnVwbmJsY0pfWTBvVWpoa3Z5MWgwT0R5R2w1b3R6MA?oc=5
MFC.TO,2023-07-18,12 Best Dividend Stocks Under $25,finance.yahoo.com,https://news.google.com/rss/articles/CBMigAFBVV95cUxPXzdDSE1tTmFRaFMydlRvY2Q3OF83T2Q3RzRrMGgtZWI1LUdIQkxUSVBNTy1FYmVibVZuN3RUekJjVktYRXk3OHNWZnkwT1ZqZVM0bjR0Zk1uWWlVcnBTREd5RklHNUxKT2w0b2JrX2tNMDNUVmpVVjhHcHJ6X1FEWg?oc=5
MFC.TO,2023-07-18,Hold on to your jaw: Here’s how much Canada’s CEOs actually make,Daily Hive,https://news.google.com/rss/articles/CBMiXEFVX3lxTE5zMFF5eDdPcGNQbVdtdUhmX1FQSEpadlh6dHdIdlhCYzhGRlIwS3hHRUdhZzF1NU5UMFdlcTNjREVZNEJXRzJBbWtER1hyTkJfbmplVzFPeEVNTGVI?oc=5
MFC.TO,2023-07-18,Manulife Vietnam appoints new CEO Tina Nguyen,vietnamnews.vn,https://news.google.com/rss/articles/CBMikwFBVV95cUxPVFhwQXA2MGRWSHVtb0Y0bmNLeXNTckFKZHNqdEhYMmRwdWo0UDZXSHlFRGtIUmlHcGxfaVFQNTBrWGZqdjVKY2RPV0ZoM2Nnc0ZiT2dGX1o2NFdHdzZncUhieFQ0SGkxQWI1QURjdnlhSlZJaDdXMnpZYjgxOEFKdTB5Mnl2WjNibXFzdFkzZzFyNjQ?oc=5
MFC.TO,2023-07-19,Hot stock: Sakae Holdings hits five-year high following news of Douglas Foo's proposed share sale,The Business Times,https://news.google.com/rss/articles/CBMizAFBVV95cUxQemtlOGFRelFWemhiN0YwbnQ3ZEVuWENFdS1BVHMtS3BMYTJJOUUzMVpPeGFvYnh3VnZqdlREdTFpVTNiY2pCQzlEZTBNb1NJTlVjZHcyQm0weGhHZ2JvZEo2MWN3N0l2ZkJyX0FWem1JMGhTUkRtUTNXb25qdFZCTnBoM0ltbFhhTDQ0X3Q5SnZkVVpWSi04TW5Icm1rQmFFWGN0OFJLMjg4OW5QRkN4eFlGaVBJNnVDajktMTY0dmpXb0dxVURiZk13dzg?oc=5
MFC.TO,2023-07-31,Lessons from Manulife US Reit’s troubles,The Business Times,https://news.google.com/rss/articles/CBMijAFBVV95cUxPSFdEZ2VHc1QtTkxKeGswa3AtZnF2OHFYWmRMUl9XaVdMLXNKUkFvQzU4ZWw5MmJRdlFybEtva3VCeEUzYnZoNnZmWUU1VXBOQTZVZTRnX2U3RC04clEtaEthOEVMVlRpSzY2blZlSG13elpZREpLWGJQVTBmZ2Q4Z3VhNjJzU2Nhb3ctMA?oc=5
MFC.TO,2023-08-02,Manulife Investment Management Builds Real Estate Team with New Hires to Transform its Capabilities for Investors,PR Newswire,https://news.google.com/rss/articles/CBMi_gFBVV95cUxOYzN6STkzSzR1WnFuTjZ4RnBWU01qZEY5bldycUpjNmV5dlI4UEJweVl0THBNZFZScUlEY0syenpFMTg2UzFMaE5tUGVqWkVoQ2tmb3ZtYUp0cFgzTU1zU3NDM2d1SzI1bURTR3FCNDhYbzVlVWUzY0lGY2NRUFM5QlFwMTdrZ2F4WWhuZHlLVGlHZUU5ZHdmbkcwbFZyR0kxQi04WnNJbk5vZHYzYnBybmpOclExTXlieHFVWmRFYVFYaGVUUmR4Snd2SkU5VjljWUsyVVN1cDFBUXhSMzhLc041V2ZXMmlWRFpSamtVNlhsZWFCRlNQQmZrSXl5UQ?oc=5
MFC.TO,2023-08-15,Jordy Chilcott joins Manulife Investment Management,Advisor.ca,https://news.google.com/rss/articles/CBMinwFBVV95cUxQZEhNRnEwa3FhZjRCV21JNzZsOEM2YnNTMHVHV1FqemlOWUNVZThtTGpMRmFxQlVVbVlNeDYxMnF6aTRsa2lHN1FJUkdWLXNGSDhfRkFsN0dicFFTelhaekIyRzVabndUaEIxZkNtb0NnTHBIaTVZaUpRU2YxRTBOcTFiNUhDOXp2Y0J5eVVLanlGTWNhZVo4OWc1YjM2M0U?oc=5
MFC.TO,2023-08-15,The Chrysler 300 roars into the great car history books after a final Dream Cruise,Yahoo! Finance Canada,https://news.google.com/rss/articles/CBMigwFBVV95cUxOajVITjNUeHhyckRZRVhXQnlYRVJEOVctcXdkYXF5M09ldVhxWHNQdkFRSGNsUUE0VnZrOXR4Vl9ZbW9YTGthZFNtc1lsMkFiRk03MGx5b2x6dHNObFpoZDVZTWJjTWhLSVhxYmFfRlpjV2FidjNGTVZ3bzZnUFhaT3k1NA?oc=5
MFC.TO,2023-08-15,Manulife Vietnam honoured as one of the best companies to work for in Asia for the 5th consecutive year,vietnamnews.vn,https://news.google.com/rss/articles/CBMi4AFBVV95cUxPcE9XWGR6MkNhQzRudU9IZXRkT2JWdDdLUkE3cEhNdGlaQmhGSU5fVEFtSVltSUlZMVh6aDhHbFJRSmhCNEhfOUk0UkVmbEQ3QVFoR05kV1BsZ2k3NDk3TXpVQTd6OTlGMzgzcU5HU1ZOYVZDZ2lwdDRkbDY5U2g0dXBhOGQtd0VnSlpzajh6T2Rra21jMjVBMzhNelI2eXp2VTNSNUVWVGJycktFUkdrU1hXRm0zcW54MmZubjdzWldfQWU1bjVobUhzTTlwek9sSjVEZ2g0V29tdHVkdVM5Vw?oc=5
MFC.TO,2023-08-15,Manulife says MPF members switched funds more frequently in pandemic-led market,scmp.com,https://news.google.com/rss/articles/CBMi3gFBVV95cUxNUmRBMWQ3SU1DQzMxXzZiYy1fOGwyYnJfRXRQY0FLSVRXSVA3WUhRZFBKS2pfa3o4ZGRHZVpvc2tYdzFkcUpMSW5ON0syWVFTQlM1cTdrcklYVWIwVnpwaUpTWU5oaE9rRS1QRjlYOTJDRDkxcDdScl9tVnNMUzZIalF6d3Z4ZHlILVBwTHRWb0tzVG9yeVpMOGlFeXlrUUZsS2ZEa1FlSlAyU1BoN2ZsV0FzZ1VDaV9PclF2VlFaN0hEaS1UVDAtaWxoRS1ta2tDWm9EYVVkTXRqUGpvRUHSAd4BQVVfeXFMTk9KbE9kM0VhZ1VWX2Nhc0xGRGUyRjZQZDR2MnBKNGFiTGtlYzdnbjZzRzZTcEFTbjVpNmFOR25OTVVKdzBTNTdHT1g0d01XT0haV3RJbnRYZ05ZRVRRSG92MmtpMkEtaDBONWRwVE91RnFDUmRwQ2ZPSGFXMWJnN21LS0F5MFdrSHhydGhyOXZncXdnNm44NVFlQUNEb1lnRGFZOHBNQVBmeE54X3BCVEFHZkh2TTY3YUpHeEtzLUwwTGpPejVvUlNuNE93RTFKbk1RUjVfTmlpR0ZncDV3?oc=5
MFC.TO,2023-08-17,Real estate investing vs. equities investing: which is better?,Investment Executive,https://news.google.com/rss/articles/CBMirgFBVV95cUxQMWttazYzSWxBZHhpN2dOZzI0ZlNWRHpJWE9xbU1fUzFLX2RVck9uUXVYRnNmMURpXzJfT2s2eVJUOUlZTFRQRk9sNFhmVER4VFh0X3VSejhrRDdIeXNjUV8wWXdfMlJ3Mi1BMHluLW1xSXdaMzVLYWpVaXB3a2htNGh0RG9RdzJCYUFJUDhFT3VZbDZzaUJFNDFzSzhIbF80a2gtQWVITUtfaVBVUlE?oc=5
MFC.TO,2023-08-18,BT Best Fund Manager: Gopal Agarwal’s HDFC AMC fund tops large- and mid-cap category with 30% return in 3 years,Business Today,https://news.google.com/rss/articles/CBMigwJBVV95cUxNSlVWWWtCVGNpQk5WN1JIVWVqeDExcUpwNUlsRVNwTUVGZTVIRk5SVDBMUG91VHozUUVVVF9NT05TMlNDdlRIS2lxbVc0MUdlVnNkMmpyeGx3U2xpTU9DZjNWQXNfaDFGN05QSmxIejFiaklfdWtKQ1RkN1RRZ0RqZnVNeUpDQkJCX2owMzA0Rjk2Q0s1WWlhNUQtNmFscVpxV3B3UXBTRVVudVVHcE1JRVFWeVRiWGJDeWthakhIdlZWZnBtYk51M2pmVWtuZkxhUGdobjFDSjhFbU1tYTFiTFpDZDNxRmh3MUg1T1UyaVo2Qk5fTDEtbkhQcTdLampIMGRn0gGIAkFVX3lxTE5iRmxfQ1dkcmIzWEVmeGw2UVg2QWRZSlBNSmw5bWlvOENqMUhhZjdHSXVmRlEzcHowcGdpTEdUdF9SZzlNZFJnaUU4NDhnS3pTU0JmeWxyNUVIeFNuRmoyNFQxa3FHY2podHByRjh3YlVKc1ZCM3VZV05HQ3BIOF9QUVl2clJ4RjIzM1JoOVpEMmhOVFJfT25ENU52Q2tBSGN4MlV3VzFUR0IwZzZpVmhhNHFNcXdSX2hobHcxLWtaT0MzWmNkUHFDNTBjQmhvelR3Sjk0WUNvcjFJNDVybnpOak1rdzB1X0V6V3Z2NHRsZEpkdkhqN3B0MFJKOW9vc2xnaW1ydm5NNA?oc=5
MFC.TO,2023-08-21,Launch of Mahindra Manulife Business Cycle Fund,Passionate In Marketing,https://news.google.com/rss/articles/CBMixAFBVV95cUxPV1JjM2FZNFR5RGY5MWtlZ0VVVVB6eTRVcWdpRUFuN0paWXpJV3ZmTnVob2VFeWl3dHRHUUlxTGZFSXNNLWw0MmJhMGNSZ1hVS3pSUXBKVTZIQ29XRFNLazRxVWxYMWN6VHRMa1JyZ3hGTjFxTTBzVkdPU0xTYnVVQ1VFRXIwSkpyenNLQ1dHcThqVFU5ZU5odEZWNWViX1gtWGt1emYtMVRoYXpUenBkS3NMd0dFWUlsako3c1Bhc2VyZzkw?oc=5
MFC.TO,2023-08-23,Manulife US REIT halts distributions. What's next for the US office REIT?,Beansprout,https://news.google.com/rss/articles/CBMifEFVX3lxTFBVcVlxRTJZcmlhenhoNmRkWTB1RXVQclM2YjNhUFRmcjhycGNKekVMRVNIeGgzRlFnekMwVlBtMEtKWlpTNmVpVlU4WFQ4UHYySjFtN2JGOHhRa1NPQko4RWVvMkxjV3ZLM2hKWFdTbDVxbjMxZEhnRWNHZjM?oc=5
MFC.TO,2023-08-28,"Manulife Financial Corp. stock rises Monday, still underperforms market",MarketWatch,https://news.google.com/rss/articles/CBMiyAFBVV95cUxPWmlGMFo3UDdtbHRHY3dPTGd0WnktQ2V2UkJrX19menBYejdyYzBwSkpqTlNoSVp0ZUNQdE1SRkxTT1p0VWVqcUZjVjJ2c2lJVU1TSkNhekp1c2g4TEZJR0tnRGQzTE1JdnZHUElDVHhYN3VrOWNZLWJQOEhuNjhUZ29sQzVvQ3dqempiWFdsVWZsQ2xaYU56X04wTl9oMERUWWNsZy1PaGJKcE5wbTI5YWRval9xMFJQYzJpcHU2TlVMZlVRdVhFcQ?oc=5
MFC.TO,2023-08-28,Owner Slashes Value Of Michelson Tower,Orange County Business Journal,https://news.google.com/rss/articles/CBMifEFVX3lxTE1iSlBxREZ0SVJxWS1OLXlCOVZRYU9NR1Nxbk55ZS1ndFBhaTlsT21pRVM2ekI1VXlRTEF1cUF4VFh2cG1uelctZlB0dG93WFdSVHpxX2c2elE1Wks2VkEzQjE2UUl5R3BkU3dPbFFhNS1DQXJHOGx4VE9UWVY?oc=5
MFC.TO,2023-09-04,3 REITs in Trouble: How To Spot Future REIT Traps?,drwealth.com,https://news.google.com/rss/articles/CBMiUkFVX3lxTE5ZdzBDSFJCZWQ4cnAyRUV2cF83R1c5OUVRMkxPYVQ3TGhCZ3BOSkZELUFJZGxZMURyeTd1MkJTUVZnUGJsRlBIU1d1VzlBUzR1Vnc?oc=5
MFC.TO,2023-09-07,Manulife Appoints Maryscott Greenwood as Global Head of Government Relations,PR Newswire,https://news.google.com/rss/articles/CBMizAFBVV95cUxQQk14T2tFemg2cnNaVU0tb1dkQ0JCV0hrdHdxS19aWFhNVXJTMENJTWtVZUFZY1dNbHQzSkQyVlVabnp0c2FJN20xZ2d6U2t2NXRuUVpic0hUSWlCZTBMOEZFNG5HLWo3ZlNMY2x2TXBuOW9kVjZacnkwNGJrWjNSXzFfWmYtX0w5Tm5nMXg0YTUtaFpXU2VCblpReTdOeW5QYnhqS2Fjc09YVVdmazNnSTVHTC1ROG1QM3Jma2xiWDFYTTBfNFowcHA4WXI?oc=5
MFC.TO,2023-09-07,Manulife Investment Management Completes Acquisition of Serverfarm,PR Newswire,https://news.google.com/rss/articles/CBMivwFBVV95cUxQbHJ4OTEwQ0JrRXYxNW5BaGk3ampMeDhsZFVROFl2VjU0dWE2SE14ZkJIX1ZNMFU0RUVqYnVaVXRoWFlVRGtHcURhTURJbHI5ZTNXajJ2emVNeUlHWncycWY4dlNDd2FjWWtfQW1BcmRFcVZmcWoxcm5qSldUbHhXOXNLekRmTFBFcDNkNWNGZldoSWt0OC1pT2JLWlhjSzVzRk5DM2JjVEUzeF9OMDlqcG5vOU02LXpoQnJRVUlxZw?oc=5
MFC.TO,2023-09-11,Link REIT CIO Kenny Lam Resigns,Mingtiandi,https://news.google.com/rss/articles/CBMihAFBVV95cUxNT3dhcjZvRTl1T3h0ZjM2dGs4RHkwODFQc1lsZTNXdGx5SExBSVRTWUpWOV8xdzBxR21BaXVpeW5CaEFadWtOTG1YRU9NM0FUd09aRXFhMHVLdVhJUW5fMlBwd1FFY1pTZnhnVkYyR2VBLU1penllODhtWXpHUG45X2ZFN2Y?oc=5
MFC.TO,2023-09-13,Keppel Pacific Oak US REIT share price at all-time low. Here's why it may be different from Manulife US REIT,Beansprout,https://news.google.com/rss/articles/CBMilwFBVV95cUxPRllsUDJZOUxqNDZXUlBBTTFoaHNGRXNrY25lcXRVeHNUTUlpeV9zcTdPTGJERlR5R1ZGMUhwYkF5cHVpUmVTWUpWYm1zTjdPdmZqcXk1UGpaLWxnWXBSX2hnQWtld3EySGRsTnM5YVhPRm1FbW1IVVRnX2pLdHMwVThyRVYzbzVhTjdWRHEwdi1Udkl5bDhz?oc=5
MFC.TO,2023-09-13,Unique Stocks: These 10 counters held by only one MF scheme surged up to 140% in FY24 so far,The Economic Times,https://news.google.com/rss/articles/CBMiswJBVV95cUxNbmdFNXlXNXdkLTFBcUFMRmRoWFI2SDB6Q0FNM25MOTVGV0s3Qk1XV0w5UF9zcFdkQ2p4bURVc2pybFhpdlhoVl9jY0Z5RTl0cjcyeDRQQWtKN051cmkxYkRDMEJmUTJDTGpQbzQta1ZoR1N2TVNGTXFiSVR1VFdmM082ekhNSGJFY19fM2FTU29jSy05SDAtZUxyUWtnZHNUSUxsUVZfT1RUR01iUktJVzQyQjhiTUs1Nl9pSkwtOXgydlBrdy02eXJlY0ViZXZHSmVUMmpScGl4alMxS2xMbDlrSnhfQWdSTS10Sk5HTGhER3JJQVV3ZzZnN2V5R1l4WkRmbnhCU2xEcVRUWnRCRWFNX1Zxbk9lak1QVm9MVThYeGE1OEFaTzdhOWpRbVUxZDcw?oc=5
MFC.TO,2023-09-29,Money After Marriage: How You Can Manage Your Personal Finances After Getting Married,DollarsAndSense.sg,https://news.google.com/rss/articles/CBMidEFVX3lxTE1mT203TXpJV0hEUTNUSEN1Vmg0cENSa0VzNU95ald5NTdlQV9NWGl1ZDBCWEY0Z0F1TU9ZbmR0Q1FxZWM3S1p3X3I3bHB4Ul84aGNVVVZDa0E3RlBOcDlSSjBpNzU1RVBYN2Q1bG1LcDMtM3F1?oc=5
MFC.TO,2023-10-02,Portfolios to consider for dividend and value investors,The Globe and Mail,https://news.google.com/rss/articles/CBMizAFBVV95cUxPbmdPVG5hb3NCN041TW5JVU80dkkzZnNXMXMxbnFJRXNhQm9fbUV1R3Q1VUNtTU96b3M0X0dKSjhGV3BCYVhqb3RzLWxCeEJkZ2ljNGV6SE1fNVg1VlJKcFlac3RHY2tOLVRJa3VhdUQyNk4zNDY4Yl9YQWs4c3o2dFB2bkI0TE5MRmdldlVhamt5RGN5WnFnUTY0WExZc3V3QjhudXhER3d1Y185cm53d3dxWHl4SzFCeVpjOEdNeU10NGpIZmJPQnFYY3k?oc=5
MFC.TO,2023-10-11,September 2023 Passive Income Update,Seeking Alpha,https://news.google.com/rss/articles/CBMigwFBVV95cUxQYjNaTHN1OWxKOHdmckNGYTk2bmRnbGR3N3owcXhMWG5oMGhfeEFyUm9OaDQwVGNobWM4QXphUVlGYXoycGFySG1fQjdfLXpqUlptazNSWmZpRFFiVGRtWnc4OUJJS1VfNzN6LVh6NEVNZEN1clcwY1VyREFVQ2lNQVVxRQ?oc=5
MFC.TO,2023-10-12,"Invest through SIP, stay in diversified funds like flexi or multi cap: Anthony Heredia of Mahindra Manulif",The Economic Times,https://news.google.com/rss/articles/CBMihAJBVV95cUxQZkgzUmVQaENGcjlRWU9HLVNYQjMzWHB4RGotRTliWURaQzlRZ2ZZZ1U1X09xUUIzajQ3VWZ2RVphS0hsV3d6cDlfLVRUQk85QlFFUDFZbk9TcElFLUZPTlBQbzJZeHI4bDBnLURVQzE2bzhadndIN1A5ekJYcWo3cHEtSWpvZGVlODJmMzVrT2dlblp3U3cyYUlzTk9JZVJnWU05YUR1ZWxVVWVxemU2VkFjOTE0QUtKLVRJeVY0STV1U21TRkRsWnk1dWJYVUpNREdXT1FWY00zdGJQRTFOV00wOF8zWUY2Q0N4bXphZUZlQ21aNDNmdncyNHVLYXl6bUJET9IBigJBVV95cUxOVF9TZ0htWlppM2c2aXdXUkVRRDBXZURJSnotYVJNbWp3UEhzMWtoZ09Ld29CNGRQcVNXNFhZVF8xZTlwdEg4cW1pM05iLTNuRVMwTUpUbDBRSUVMREFpSWVvSzRkSlNOZmtqSFZtc1FKdENmaGo5elptRlYtUEN0dFF1Y0ozQnVRYkhyLWRUTU1kOWtYV0RwRkREMXRDX1lEb0docmZBbV83cEw4VkF3dWJaZmxIT3pJd3Bxb1dNNGNRZWhQaUY1cFlCNmJEMGk4bnZwRHNDV196aktYZ0xGa3ZlVWU3SWx2QUJ4LVN4MTJQRGM5UnRaaFY3OUwxdXFNdkJQVlNxcEdEZw?oc=5
MFC.TO,2023-10-15,Best Financial Advisor in Canada 2026,Million Dollar Journey,https://news.google.com/rss/articles/CBMidkFVX3lxTE83NlVJY3VoX0d1T1F2cV95OG00SlRhMzRNRjNfa0thTU1IQXJmbHdXenVhNnBOU2kwVVdWcXBWWUVuWkdlVE1KaVpLcS1OUFJfRGhZVW1ydU5SbkZNeUVuMjdqc25kb2tGT3Bqc0Uzb21MWG95RlE?oc=5
MFC.TO,2023-10-19,CWB national headquarters moving to Edmonton's Manulife Place,PR Newswire Canada,https://news.google.com/rss/articles/CBMitAFBVV95cUxPMWU4a24yU192QW5QWTQ2djZibTFxakxyYnFITkdaSUdWY3R6dHJZVkhXZ2pfTEFTQmtoZnN5VFlrX3RHZGpOTjhKOU1FY1Q4RlBBOTBQYjFTc3prakZyTFVxMjgwOHFLa2RFcG9KWmZDSXN5V2ZpdG52bW9WTFNLem1jUkFSUDZiLUFjZUJYa2dRZnFfQkZIdnFOdjdfQUxINnQwY25qMkxaUUxabUMxMzhvbms?oc=5
MFC.TO,2023-10-23,3 Dividend Stocks on Sale That You'll Want to Hold for the Long Term,Kalkine Media,https://news.google.com/rss/articles/CBMisAFBVV95cUxQUmwyNWNEVTN0QjMwVEp0VlZxZUk3ZW1oaEdqNllhdklydmVYNWRVY2VhSWJobnFZWjlhcGE4aUNRM1g3ay0xMjF1NmpGUW1ueW8tVzhqUTVSQVROT0tXVDctYm04bzNGdGM5S2NhSUFyYjBsMm5FSDU3RVcyTkllYlZGOHpBNW9KQTJQX2tlOGFobERCc1V5QTQ0dTFoSU0teVhFSWFhRmR1Wll2Y01pXw?oc=5
MFC.TO,2023-10-30,Financial services leaders honoured by Women’s Executive Network,Investment Executive,https://news.google.com/rss/articles/CBMisgFBVV95cUxNZm5jRElrSUVSR3kyNTVvdkhTZXhHSDM5a0J5MWUxVnZjUlIzVHdieUNSckprbER1OGFIZnREMkxwbFNzVm1SMVJDa09kM0lmenVQN1FKZVl2c3Z1LV9mR0FxakJsU1hjMVJnYW94R0pWU0NrVS1NMDlmdkdqV3ZkMDd6ZDdiY1FxbHBZZTdyam5OTzlHWFFJdUw3UHdoTmV0ZkU5aXNINzM0X0s2QXBSNlFn?oc=5
MFC.TO,2023-10-30,Better Buy: Enbridge Stock or Pembina Pipeline?,Yahoo! Finance Canada,https://news.google.com/rss/articles/CBMiigFBVV95cUxPaDZrMktOWE5IejBxeTQ4ZU1oUEpQV1dseDhDLXpCUDdJa2p4M0FEME5EaFlGVDVEV1hVZ1IxYURoSTF5QXV2Yk5PWjdjQnFxZVUzeXJDd3JSd1FXUHRzSFpmYXFmT2VLTE9FTlVGY2t6S2QxV0RXWWltWXcwYmJQZmlBMWFGOUxYamc?oc=5
MFC.TO,2023-10-30,John Hancock Brings its Signature Sign Home to Headquarters at 200 Berkeley Street,PR Newswire,https://news.google.com/rss/articles/CBMi1AFBVV95cUxQTGd2X1haX01qNk9Zc2lIRktUbEZJVHJvN3ZDX0ctLVI5SHYydmZWUlB4ZW5yS3BIYjV0NllYd1RQWUV6N2NiNHR4YmU5T3poVkprQXhyVXJpZHpLWGJxS2l3VjhCcTZ4WFNLdXJFRks2SzZHeXRrcTBDN3dldEc0VFNfOFJXcFdKRmRnYi0zYndiX3hSRnYzeWQ5Rjh4dTdlbnI5bE1Gbmhjai1NXzI3MUdGbGVFVF95bFgtcFhmX3h2cHZfNS1PZXlUMUk0S0Z1ajhHZA?oc=5
MFC.TO,2023-11-14,Manulife cuts 250 jobs in investment management division,Investment Executive,https://news.google.com/rss/articles/CBMiqwFBVV95cUxNUkwzT3ZVTVM3LVY5RmJXMmI5ckZSNUl3WThfTVZmX1A3d2VCeVFVS3VJQUY2N3ZfWU82ZkJ2R3RTQTBpOEtsU2E1NERqM2YtMTh2R1d0WC1YeVBRVU9BYmNFN0plWDVHQ0IyZS1aN2JOUVJlRFFVczBnYmxJU3RCc2xEVDcwU2RzWG16NVpPMC1ZekFraFJrY1YtbnBxQVViVTdydjdHNGxmNW8?oc=5
MFC.TO,2023-11-16,Cashed-up billionaire’s plans for a new hedge fund,The Australian,https://news.google.com/rss/articles/CBMihAJBVV95cUxOWlVwc3dDU0RaNkk0N0paSmJvZ1ZhS1dVVHhLVnV5T2VJeDh1VTFJSFVtSmsybVNoRlk5c3ZnaGtRcTc4bmpUS09tenJVMS1XRXhMY2lndDhNZ0ptUXdhYjJFal85aVFwLWE0Z2lNWFJxU3NuWGdSWU14SGxlQlU3c1hOajdweEFKSWE1NVlNRHUxLTFmVFVLMnY3VUtaUHlFVXBjSk9tY29XdTlLNFBmcEFwV0V2cHltdE8tNC1JNzNFNjZjRlNQS014S1hxSDNFMUtEQjNOVGVBYmZlLWxCbU5XUkl5dGd1TmliWnljMXNqRWE3VVRYc1dEUUM5WFpyWmFfcg?oc=5
MFC.TO,2023-11-17,"How are pandemic reverberations affecting disability management programs, workplace accommodations?",Benefits Canada.com,https://news.google.com/rss/articles/CBMi9gFBVV95cUxQdi16TFRDdlZuNlk0TDA4Z1RNdjRjZG5ndUFWb1ljbEF1RC0wZmU4QUwtLW5QWmptcWQwcy1DZEU4MTVNbXRvUXdOMEVrNlpqTllJSGpwbWNLOF9VMmlIOFV5aExNQnk0Q0NfY3dGQzdJM01fSmxjTEdtd3h0N3QwOUw4RzJhSlhSOWFVT1dTSWVCeHpyb2dLU2t1T0l5akZMLTFydnZHVC1fTzc0STVXQmc2aHJVNnFlVnotTmd2QURsWldpSDhnUkdrdTd2YmNRMTNjNnpqLURKQkpPdDlBNFV0ZzgyYk4wc1ljb2tBbk81Yk9sOEE?oc=5
MFC.TO,2023-11-20,Product news: Manulife offering annuities again,Advisor.ca,https://news.google.com/rss/articles/CBMijgFBVV95cUxPQlRXb3YyWC1XQ3JFaWcxQ2xEZ3dOcnBzQkZ1VWxtVVcxUmQ5S0l1eXNOTFpMczVud1o1UkM4dUtQQ1BIWWIyWFBUTU9MWktpSS1JcEwxcXd3eWFjR2ZGZ0tGckZKV01WOXVxWmZIeTNZb01Lc3dFNzVkTE5jc1V0SF8tTlIyNWs3TmxOc2V3?oc=5
MFC.TO,2023-11-21,Searching for bargains with Manulife’s dividend-focused Prakash Chaudhari,The Globe and Mail,https://news.google.com/rss/articles/CBMiqwFBVV95cUxQWDd5dlRKN1ZYYTlYcXAtaGQxb1FQdWJNTFF4VWN0ZXRtVUl4cGkyVHZ1X2Y4MkI2MmlSQ0JVb0p6Uk9xenh3VTlSTWJsSFpHcldaaHBNRHd3dW9rREJyS3p6dEUyTnM5alFsR2VBZ3g5U0JFX2ZJZ2tKNkpic0Yzb0dtLWlWbDM4bnI0dExxejYtM1UwX0RPUlo4Skx5Z2xtMTRQczRJMUUtTkE?oc=5
MFC.TO,2023-11-26,"Manulife Annuities Return, Delivering Robust Retirement Income Solutions For Advisors And Clients",lifehealth.com,https://news.google.com/rss/articles/CBMiwgFBVV95cUxPVFU4WjlNV0hGdS1KYnV3bDhhNTM4SGszcHRaaHNfRklNQ0c2YUt1d0NsMW1UR0JHTnAzZ3FRTGJGYkdFVThRY19ETm1fMnZ5TDFxZjF5YzYwcjIza0FpX3lIX05TR0VQS3J6Q2hyand6MF9oWUdLaUs0VkxZd3FhMGZFQ3l5V1g4czcyQ3hXbkJ3S2k0akhSRWNrVWdRNWNId3Ywc21nSXRNRGdndmtWOHFlT241czZXZkdsSWJXQ0xXdw?oc=5
MFC.TO,2023-11-27,Canada cultivating a resilient future in collaboration with European allies,Kalkine Media,https://news.google.com/rss/articles/CBMirgFBVV95cUxNeVNLb0YyY3BCemxBTEpkYUdjdHFDeXh5eklxOXlPOF9xTHVFQ2Y3XzR4WkFCeXhHLWxOQVp3RUJWTDR1amV4d19FbFhpQ0lNWlZ5T2FaVFFwN2ZkbjBSNVlROVpjT1hOaVNub1hUdXAwQ2pueEFDWE5SS3Vmc2xjM0ZWZ0xGa0pTdUEwZ2NVb0tJdFdnSWxjd3hOMEwwLW5Vc3BLS3JqZEw1d01XSkE?oc=5
MFC.TO,2023-11-29,Short sales on the TSX: What bearish investors are betting against,The Globe and Mail,https://news.google.com/rss/articles/CBMi3gFBVV95cUxOR2lrdl9oRXRRcjdKZW9QZjRoSUx6VkdkTGM2U3FGckc2UGlKbkdIWUxhNVcxaTZlZk5rV2hqS1U3aGxqS2ZXT3lJekx4cFpLVEZTLThONVJxaVNvV0o3TWNpY3hCTmRlbEM0SlNVcTg1VXJXR25GbUlEcUU2ZVBWRzhuM3ZRbVFwZHpuLTNRMXByc2Y5SHFnZlNyaFVabG80UzBQMmlNZVlxYkxPbUZoV1lYaTU5Ry1nbzItUU9iOUVZM2xtUFdWWUJqRXNEaFdqN1gyM3RUcGhER3VuMHc?oc=5
MFC.TO,2023-12-01,Top 10 insurance companies in Indonesia,Indonesia Business Post,https://news.google.com/rss/articles/CBMijwFBVV95cUxOMVVYVS1Fdm1uWFVuZ2tITjlBQnNqRngwdFBJNUVTVDVvYWZqMFZHcmdiUUNOTkpzdER0WlNoS1FiUFllMGFCRUFOT1hGS1lBUXhTc3N6UllHV1UxTGdsdnJnTllWYzAzNThadzdSN01GVlh5QVU0RWRjT2htU0o5OVp4R1VRb3A0N2R0LV9LTQ?oc=5
MFC.TO,2023-12-05,Manulife Investment Management Announces $1.2 Billion Industrial Recapitalization with Scannell Properties and StepStone Real Estate,PR Newswire,https://news.google.com/rss/articles/CBMilgJBVV95cUxNandsRF9FeUQ0eTJZdk5VTUd1RFRGYTBYNUo1VVZOUzd6Zkk5Sm4ydGJGQllWam1HcmhBNnlFSDdiNHlOSk9ieWFBTG5nN3JUeTNYWWlqN3IzY1dLMGxoZ1U0S2tKbUF1TDZWN21HNUJpalV4WkVxMEl6S1NwWWczOEhrNkxGTlhuN0E3NG9nMzZqUU9FV3Y0X2w0ZVB1bVVoeERIUjFNcUkzMGRad0dTZmxpRk5QQURnblREc0lTSmw2OHBlbXpIMkY4Z0JSTE1NUUV6b0haX1gyWDF0c0dsUmZHSlZlRWcwc05vZ0dQQkpBZzVtcXhJdkF1ZHg0RGRDTExORWs5N2hzNU42Sjh5V0lucVFiUQ?oc=5
MFC.TO,2023-12-08,"Manulife Financial Corp. stock rises Friday, still underperforms market",MarketWatch,https://news.google.com/rss/articles/CBMiyAFBVV95cUxPZ2t3NzNHM29ZVUQzSTBpRE10ZnNIQ3BLNWNhR1gxc1NmOFY0MzczSzZIUXVvT2lWZHUzZmRwSlI4UTcwdTF1d2g5X0w1alBSaXl1QWp4Q2Rlei1BU3RSQjI0NEc5ckhFREF6cDZ2ckNuM3pUUzNKdVdQOFhXWHE3NlV2TG9Ydnl2bDdWUk56cXotT1FXWFFxNW56ZkNNNVRwUFpyV2xhdnJPbFZERzRyTWJHcVJUU0lEQklSZXlPMG9FMkVxZkRCbw?oc=5
MFC.TO,2023-12-11,Global Atlantic in $10bn reinsurance deal with Manulife,Royal Gazette | Bermuda,https://news.google.com/rss/articles/CBMivwFBVV95cUxNR1hyMmhoT0xOajl0czA4c0FWRjRrSEJMMkF5ZmJXQjBFV1NtN202Rkt6bEdSUVNsV01ITmhpaVluZk9PNkFoOVltSHRrUTQ2cVY1a1VOeUlYTV84UzAydWdxRk1oWi1Vbzd1cHFhcVRuVTh4Rzk2WU5DQkkzek8wM3BSNzZ2Wlhfajh3U2FxWFp4eHpQNERJWmp4Q2VaVEFoWjh3NDhaZm1jMzFTUWdjQkVIMGpfTlVBS0FucXhCdw?oc=5
MFC.TO,2023-12-11,"Manulife announces $13 billion reinsurance deal, including $6 billion of long-term care, with Global Atlantic",PR Newswire,https://news.google.com/rss/articles/CBMi8wFBVV95cUxOQlN5NGNBUS02Z1M0R1Exb2RsaU1sVXFZRHg3MGNGdTh5TTJmNnlqRUNFTVVJU09yY245OV9VTG0tYkJ3OWZJaVRtc1U1Ui1qYnZ6dTdzSDZIZkpVM2tfbnBheXljMEdfRlhiUXVKT1R5QmZUODRCbFZ1WVNncmNXUUIwbUVuellyTVRCd3EzM1c3Ry14MGhRMS1rOFFtajltbFpIV3ZDYWRXcy1RZ05nWTFoUkNYdlBJdUJOTFBYVmU2YXZ3aE12WEhwd3k4ZEFFbmRlSWVHMWJ2ZWpOc29zdkVIN3RzeFUzV3BRUkt2cnNjQWM?oc=5
MFC.TO,2023-12-12,Toronto market skids as oil prices tumble,Reuters,https://news.google.com/rss/articles/CBMingFBVV95cUxOYktGZjVVZ01jU2RuWDF2a3hiTk5CMmlfTXlGLWNZYkwtMFpkdlZTSEpaRmJyeFBwWDFLMFQ1Y0xzdGgtT3U2TDBLdUZRSnVpa1c5Z0dPdmt2V2xGSFBkV2hDbVhtUHN5bF9WblhrLWNfaXpXdHd2dTBDaWpITVF1SXBacU9VRGQ5RDdWSzlUdE93WHZPSWFDeTJobjhGZw?oc=5
MFC.TO,2023-12-18,Canada's Top 100 employers ranked by turnover,Canadian HR Reporter,https://news.google.com/rss/articles/CBMiqAFBVV95cUxQbmRGTjFmYW1WUl9NeVF4TUwzR3dwMlNMOTNZMG1TZHFPbWFjVF9hSUhYdElrY2tPVE8xczc3NHlyY0s0ci14TVhHMnA2cnVkeXFfclI4djJJTF90WFcyS2k3aHRhZXlBNnE5MjdiOGVRMzMxbnRZY1ZjQzJwUS1CQks0aXhKR2lLODVSdXF6NmVfbmlRODBObEJ0TGY1b3lKOWhBMS1IcmQ?oc=5
MFC.TO,2023-12-18,The Top 100 HR Leaders marshalling Canada's biggest public companies,Canadian HR Reporter,https://news.google.com/rss/articles/CBMixwFBVV95cUxOc1V1TFlfNWpET2RtQWRvMjJsREkwanBUVnNFMm5VR0xzSGRyWGxzVldwSzNfajh2a0t5b0N3THU4R2QzMEtEUHgxSnJfS2lpVkx4RVNTdXNYUzc2cmlhUDMtM01ySDRIWEtHeEtDbHVRYy12MnRxX0xSenBPemNkVmdmTVBmQ2VlTmhRenVJZ3VvUE4wZ2lnUzM3eGhmQzd2Y211MWY0THg1WHNCYW40S0hUVklTX18tRTVCQ3YtbHZYc0hneEFJ?oc=5
MFC.TO,2023-12-19,Rayonier (RYN) Completes the Oregon Timberland Divestiture,finance.yahoo.com,https://news.google.com/rss/articles/CBMijwFBVV95cUxPd25lWTR4OUhOYWs4UWJwVDJVTUI0dDhtX3BRdEhqbWdULTZodTBkR1l6SDdQMjEwQzBpYlhDTWQxYzU4bUMtSXduQ2hYS3lXOEZQSk9qNDR0NENrLVFra282SFlLWGRPUm1xZnNBLTFpWDc5MTlBclZwU1lfdVhmNm82VEdFeXNjenZpMWcxYw?oc=5
MFC.TO,2023-12-22,Understanding Investment-Linked Policies: 11 Financial Terms You Should Know Before Investing,DollarsAndSense.sg,https://news.google.com/rss/articles/CBMijAFBVV95cUxOVmVNNGRsdmZaOTRpODRzNTZNalNabXRKMDcxQU93bU1PWnJQNFRYaTFyVmhXamRsc2dRM2J5bXRESE5ydFpkSVowaWR0VkN0eXpGT2ZwMkh0emJLSThNbHFiR0ZtVXVmblJqNGRhWGh5TDBtLUEwMTJobTZQMXJrV0dxVloxUEFKWmlUcQ?oc=5
MFC.TO,2024-01-02,Best and Worst Singapore Stocks of 2023,drwealth.com,https://news.google.com/rss/articles/CBMibkFVX3lxTE9vWURRQlpESmZVVUhfem1YckZ2c2RpLVhzcGtrTlAxbDNOZTZHcVZRUDI0d2xWeWVZcUg2blFTX1BNNEJlRF8yTWJSSENtcTk1Ti0tQkR4VHM4cG9XMVdMdFJrQ1ZrYVdvMlVTM0x3?oc=5
MFC.TO,2024-01-03,Canada's highest-paid CEOs – what drove change at the top?,Insurance Business,https://news.google.com/rss/articles/CBMiwwFBVV95cUxQd2k2OVRsN1I2Z2IwRWVLYmx2eUt2OXk2Vk5sYUN1RXZuZGpQNHVEdlVUSy05VVdfZWhMeFVBVHZmUzZXdmNEZmVJRFd4R1JGQWVIZ1FlYnVUeEx2cXptT29HVUFSS3JqZy1hU3E2X3dGX2VCWVNrRkdaTWtmNUpPTkw4V0wzaks0em9rcXRJOWV5VFpNR25wSHBUSHl3TGxrYmRuc21BMVIyaWpuREpGNmVXaThvRHZjS1pYd1FwMmgydFE?oc=5
MFC.TO,2024-01-08,The most oversold and overbought stocks on the TSX,The Globe and Mail,https://news.google.com/rss/articles/CBMi0gFBVV95cUxON3k4RW1DZnZ5eHBEbXVueV9XREN4dy0xN3ZEYlRQYXJYZHpRV21ESUxHTUV6VUNWcnpObm5lMWI2SHRuRzREa2lIUHViZEpQUkdsa2lWRExUNmFuOTJoSHVLa2hWOGVwMUdlTFB1RFNmR0FIUzduNldyLU96UFgzZHEySzBoWU5hNHN1cG5xdFYzS0F5eVh3V09MeGR5R2NUNlp4U09wZkI0TmE0S3VLR0JZQWVzMXl0Q2NZZWR5Z3Z0VnhvTW9NbGJDN3hoMk5KcHc?oc=5
MFC.TO,2024-01-10,Bullish on Manulife Financial Corp.,The Globe and Mail,https://news.google.com/rss/articles/CBMipAFBVV95cUxOUjRWWmdHTmRWN3VkT0lWdkh6cWNkRDJvSUtZRzZ1WXFDVmtWd1RKUUR6Rnh6MlU3VDRMS3RQaEJiN3F3OUFjMXN2Wld5V01oQmpoMzJtMVRJV2xNUHppVy1WbG1raWVTaTI0RnZHNF93TzdKaVV2LTFicHFYQlZ0UzhJV1NjeFB2MldlUHd5Qm5xU3hYQ1BVMk42T2YtQUlyTkdoNw?oc=5
MFC.TO,2024-01-15,Dividend stocks should recover this year. Here are some ways to profit,The Globe and Mail,https://news.google.com/rss/articles/CBMi3wFBVV95cUxOV3ZHZWtBRkhlQjg5MHU3eXFDYWFQVmtZU1phQUd2YTZCejlwQVFwZFJSSmtOUFFWUlhpWmRXTUxyR2hiTEhwODVwcG1SV3lWLTVuelZwOHlPemRwWnQyRl9ZOFJCRGlTZEFrcVlyTHhjcURid2ZtRUQyUU1BRzJaMzZ1NWZRUk54RTNvbzgzcTlaY3JPRHdVWEVlZWpuZ3VRVEktVXZ4cW1KbWNDRG13QmZqMkJnck45azRyT2JPc2hPRTFWWVdRT0VtNENNek9CX1hLYzlBcV81eG5sR0FF?oc=5
MFC.TO,2024-01-23,"Soaring to New Heights: Manulife and Aeroplan Partner to Give Millions of Canadians Access to Rewards in New, First-of-its-Kind Canadian Partnership",PR Newswire Canada,https://news.google.com/rss/articles/CBMipgJBVV95cUxPdjJpcnplXzF2MzFlX1ZCTTRrd2t2NFE4M0JNQ1Z0UTV1dDZ2cUpxOE1EOW9rSnAwaUZtREQ3XzlteE42Mk1KWHdlOXREQTVnTUJiajAwYzZkMmZ3VWdxMnVXd0tHVTk2R1dHZnhCWkd0Ql9lMU9jQktZWjRBaHpTZVJFYUtESk1nang1LXptdEUwUG5jY1RtQzNwWndxZHhYM0xseks0QWc0bnp2bkxmY241aUVkSEtibnZ4RHN6eElwVDB2cmxLdnNVRENCMk1GTU1jUENveFREVC00YjN6OXZhUmFyTW5waGZvRDlsZVlWdHNxTnZZWkpWV0tRa1F4eXkzblh6WTJSZk5SSFNubjd1TlZVaF9vejZUT0RqMmdPeFE1SlE?oc=5
MFC.TO,2024-01-23,Wall Street titans are betting big on insurers. What could go wrong?,The Economist,https://news.google.com/rss/articles/CBMiwwFBVV95cUxQTWhva1NJZTh6dkg3OUltV0RQYm1sNVhVb0JGNU52RU00cWJUd2FUUmR5Q0hTVk9rQkxIYngtUFFfWW9xVDlHNFdFM0FBbTlmZlJtQ1E0UEFOTFRibXZsNU5qb2tBNFFYa0V1UjRfNzJoaTRYT29CZHhVSXNjZXUwRTZUaWdTLTV5Tk1DNFh0MWQya2l3dWZTMEN2ZnVpeGxLM0lUMFItT1JUWGpwWldkVXdrdG5wMlhOVTdweWM0OFRtazg?oc=5
MFC.TO,2024-01-24,GuarantCo provides a USD70 million bond guarantee to CamGSM (Cellcard) to finance telecom infrastructure in Cambodia,Khmer Times,https://news.google.com/rss/articles/CBMi6gFBVV95cUxNNTRvLUFVcnhxZF9YblFaWjljRHQwOHlkZHRickhYWmlTWWtINUYtWXA3dzJsR1lJQkFxaG9oWTlRQ19CWElQOW5jQzZTNnllUmdHZzdzTXdRb2lNTzBVUTdOamU4WE1fV1ZNQmdZR2dWSEY2VmpMNVI3M3g1X3NzRERjODR5Mno5VXI0X1FSaUEzRzVrQXVzX1Y4OXVCbzJrMWx6UldmY0JoWXByVGxHbFhuNDJGZTRRTlc2a095Ql9rdndna3k2ODVNUWZuMHYwMGdzTkJpQ2pnYnQ5VE9KSjhlWldCcDJLR3c?oc=5
MFC.TO,2024-02-02,Interview with Krishna Sanghavi of Mahindra Manulife Mutual Fund,Value Research,https://news.google.com/rss/articles/CBMi1AFBVV95cUxPVDhMUVNBMTRSek9lLUQxeXZhMEduV0FzdVp4azdhNC1fV0k1SjhTYUsyNWlIdGdUYVBrLXF6RmM4dHBkOEZaYmdVUnliZVkwZEZoM1AzejZwS2gtb0pieDdlMzh6dVYtS2xGeVhpRVF5N1FKUm1QbGF2LVd6dWNTRmRXQkRmSjlsZV9BQ01reEJWVE1hVFhzT2hsTjJ4NVBkcGloNEMxWXhrT3FfSUJfMDFaVzFVakd5bS15U1ZaNERfLVoyN0xNenFkM3J3dXRmcXpCeg?oc=5
MFC.TO,2024-02-05,Top headlines: Manulife backs down on Loblaw specialty drugs deal after backlash,Financial Post,https://news.google.com/rss/articles/CBMigwFBVV95cUxPSnhLbUYyWGZRdzl6Z1hHcC1xUmF1akdpRG5ZcWNsQzJPQ3FYWkpOaUszUWVyUTBFZ2RVTW1sbDdzSHBXWTRIb3JJLUpvRFFyR3ctT1FKR2FsNThSWTRNMnBJeXVMM2toY2s3VXFLWi1mMU1Eb29qZVdxLVo2WTNxTFNCZw?oc=5
MFC.TO,2024-02-05,Manulife will cover specialty drugs at any pharmacy after Loblaw deal backlash,Global News,https://news.google.com/rss/articles/CBMijgFBVV95cUxNSkx0MUJPY1NwTVB0RlpTWE5vUW1VUVlBU0FGSUtINktTbnAyTDc1NWY2ZDBrM1NBOTFndFlWZDdGdGMzRUI1QnBEOUVmRXUwY091TzJtMUxDdHdfY2I0b2FWLVVxekU2TUM0S1JQMTFvUHZ4Z2o1YkoyQ3pPbzJZVmEwRFkyS2RGZnJDd1VB?oc=5
MFC.TO,2024-02-05,Managing General Agency bets on share ownership to win advisors,insurance-portal.ca,https://news.google.com/rss/articles/CBMiiwFBVV95cUxPWEM5UjRqWDU4cW9Ua3FVVS1oZWtSTWFDQWh5UExaTlRkMFZiZ2pRUXpyRU80RjdOUHpjamxEcmtXZF8teVlFbVhETEtTcU9Za2lFTGxyR0FWN0R6Q1k4eEVuX3JmNWVwOTNGNUxXTnBVcHNfQzB1eE5LNFRxV3otOHFFNWRBeFIxZWlj?oc=5
MFC.TO,2024-02-06,"Manulife, INA Reveal Indonesia Real Assets Tie-Up",Mingtiandi,https://news.google.com/rss/articles/CBMinAFBVV95cUxNNVNFTnY2RTRsdDBraWwybGhtaTVSeGxfSXFERGE4SGFOR2FkdnNESHg3RDRqRGlpTDRyUkI2WWxheUY2Qzg4VlRTNHNZZFVaVDVKMUZaWk95N2p4cnBZb1ZPSE5MT0paM2N2TFVRSC11UG5vZTFzVGtoeF8yNmIteURHTkx6aTA0MFdjTU9wYlczbHNRQmRYUTcyUGw?oc=5
MFC.TO,2024-02-08,Short-seller Muddy Waters alleges accounting manipulation by Fairfax Financial,The Globe and Mail,https://news.google.com/rss/articles/CBMiugFBVV95cUxQOXY2bmNPVFRzZ2hkYnRvTVRnVTNlT28xSDlDNWVDamJrRWNlcEtCdjFTZ0pwdERuNWNxYklVWXlZbG5Yamx4RjBKZ1ZsUlpUSHRGdlR1NFctTEVYWnROTHpSWVh0ZjlQV25GUUJRcEVsX29kcGtYZjY3MjRfdGdYbVdJd3ZnSV8zejVJTXNvUVpfRU9sTkFmMURZUHhSRTNOMkZqUjRhSjlkM3E3QnZ6cnZKak9uV0RzM1E?oc=5
MFC.TO,2024-02-15,TSX posts biggest gain in two months as resource shares jump,Reuters,https://news.google.com/rss/articles/CBMikwFBVV95cUxOV3BkOUtjRnc0cU95MUR0Q2FMLTdOTjdJS1NldHA3TlJGODZnOUxuVFJNenkxWTdKYi0wb3B5SEo5bW83LTdwS2dTU09xbFQwN0xFaGp4Y3EyZG5IWllEU0NIMWZNNDQ0blNBQnlNbmxWR05GTGZwaEZycGVGLS1RcHZWT3h0UG44eUEzMkZaOTVYc28?oc=5
MFC.TO,2024-02-15,What every Canadian investor needs to know today,The Globe and Mail,https://news.google.com/rss/articles/CBMi3gFBVV95cUxOa25CX3ZQSUVDb25YR25Za21remcySXJLNmtsMlIwMkRIdlg2ZllEYmhNNDlPVV9sT09PU1hrMlhvVXFzSFRRMThoRE5lZTkxSkl1Ynh3Qjg0OV9OSlZGcVBQZmpUb0NTQTRiN1diWk5yOTh1QXlPbmRZQ0Z3V2F1T0JmRVBodHltZ3daT0NRdE9mb2g1Qkg5a09PTHZ0MXQ1MmxYanhqLXQ0SG0yRWRZV1NFZTZrOVZ6RFZFNWRfSnBVbER0Vk1reWJJUnJTdTVxalNyd1NBTUJVYmFGaVE?oc=5
MFC.TO,2024-02-16,BMO chief strategist Brian Belski likes these ‘YARP’ stocks – yield at a reasonable price,The Globe and Mail,https://news.google.com/rss/articles/CBMi3gFBVV95cUxPRzI0Nk1oQ1ZBcDMzUnV1Y0J4TFdkeUNHMTdzWEVmc3FiR2Z4cWU3U3hZRzQ1YW8xSkFHT0g5NGxSd0p5Z0s2T1ZWRDFzdW90Y2ppYXhfc2QzMml3STZvMUpIMHhLUEJBWXAyS192WTN4cFY5S3FZcUZNZE94a3NrLU40R1BNbDNFN3JTMHhzeEZFcE51VG1nVnBkVlV5OE5ZTnVJYXZIeXdSOGNaYUEtQ09JNnpKRVl6VjR3U0lJMFU5M0FrMF9SRU80NlFPTjZYN0ZaQ280cU1hd01BVHc?oc=5
MFC.TO,2024-02-22,Global Atlantic and Manulife close $10 billion reinsurance transaction,Reinsurance News,https://news.google.com/rss/articles/CBMioAFBVV95cUxOYXdSRWlNZU94NVNaamR5M1MzZkRkdGlMZWhoTndMNWRpbTNxb1VlOVY0QWVYYXJkQWFQQ0tNeWNNUm5Lb1lSQlNfZ1BReGFmbXQ1TmJucEhUZVNZcUdOck1XajQ4YjByWUlZWGlDYWhQTzR3Smp0elZIOFlPMEhvUjJHckNUdXZ0MlRweklISEJsMFg0cnJjLWZGSVpaV0Q3?oc=5
MFC.TO,2024-02-23,21 Upcoming Dividend Increases Including 2 Kings,Seeking Alpha,https://news.google.com/rss/articles/CBMilgFBVV95cUxPNEVZbTZRRkMzV2ljbV9oTFlEdk5DdTZFcEVES2VyczBzWjZTUDNCYXpXcDZxaktaRDJYVUNVQ2ZIelEtczVucHJTV0tjbXdOSTdmbjlzYWdSdmY0R2ZtR1lEdlc0enJNMWRVUnJSazloSFdqNFNlNW5XR0p1NDVyTXNXQk5qMDFOTXl5cGxUN21lM0loVEE?oc=5
MFC.TO,2024-02-23,Global Atlantic closes $10bn deal with Manulife,Royal Gazette | Bermuda,https://news.google.com/rss/articles/CBMitAFBVV95cUxOQlliNzMtUUJ1V2pMdFEteDkwbFNLT2QxYkFrRGtWa0hJOTlXRkVsM2lHXzlreW5fVUpZbW5UVTFUc0lGNk8zbW5QcXJuODRJWTA2Q3hNZXZPMk1mMEU2ckw4TjYyQzdRT2hfc29SdzFJM3ZlbDhackNwM2NURC0tdXZZejBYam5iYnF4alBNekJMalc3ZlJRemZzbUxGbEdnVFhlcVVrOGUtZmJDY3h3REJGT0I?oc=5
MFC.TO,2024-03-05,News | The Children’s Place Opts To Remain at Its North Jersey Headquarters,costar.com,https://news.google.com/rss/articles/CBMirgFBVV95cUxNWmZKVmo2bmgzUWQtV0RtaVE3OG96S1lhb3FOYklCMXhsQUd4ZzFtVjRRaTBuQzF6aFZjdmF3QWswcTFWd0tCZjVIUTZGQy1GX2R0alc5TnBDWmItZTQ1Qnd6S1JQQWxWZG1aOU5NZXpTRVpRWTIzakJ2OTg3RWgxbGlhMHJQcnhyanRkMnlBWGhsWmhDT0hrcnRLa0tXcVkzcGJsRXpibi1HNkRmSWc?oc=5
MFC.TO,2024-03-07,"PPI adjusts executive team, aiming to attract more advisors",Investment Executive,https://news.google.com/rss/articles/CBMiqwFBVV95cUxPQkZrV1hnVGtiTnBlMHhOdnFnWUxieUZtRmwxSFJOeHRTNFY5OVh1cDFreDJJNG50RF9qYmZLVnVSZS1vU0JnUDV4VGFhWGtEb0l0ZkdUYnRZNTRKaGxBOW0xdW9sWTJjb0duN1dhczF1VmRHY0JqYm9PbkdVbmtFMlg3X3N1ZnBOR0dJV09HbDJhUzE2TkMxQTJrX3N6NGRoRWkwWGl3M25oRzA?oc=5
MFC.TO,2024-03-07,Hong Kong finance firms eager to tap rich clients in cash-for-residency scheme,scmp.com,https://news.google.com/rss/articles/CBMi7wFBVV95cUxPNmRvNG5SNjVmNkNRRnl6TDZEUkVJYzVQRGYwT0ZoZUJlcDVPMlJuMzE3bTdkOWc4MmhwcnpvMTQxWWVRMGJ0RmlQMXVha05KZ2xCOGRZUGtIOURkYnNmcGppeDMyV09HSy01cjQzQjYtV3c0S2RTNjNfRzVKTER6TzJhUHJoV2dLVWJvZzZZZWFxNXNfcnR2ZkxvLUw5WFlwdUNVVnBSbzY2cjFrLXF3b3JIUG5qQkV3di16bVpra3FZQVE0T1hBU3I0dWZOWHd2Tk11WVpGQjQxb2wwc21DMkZFUEVxWENFcFd0YlFKc9IB7wFBVV95cUxOdVZQYVMwQXRlNGNELTZFcWZWcnNZVHNuX1ZWWWZFWUZfT2daXzNxdlg2TUZtU29rN3RmUTRBbGRiVnR2QV9wemM3bXJnN2RHWHR5UXB1T09FQlkyY0tXMEcyRmtFLVUzT0x1Z0ZFbUlfc0ZINzVFQ3p2TzFpTUVJMTg0V1lKSGpDTEpNMWFkaV9KS25aV1lzQlNXUVBSY0NXX0pzbVo3b2ZseS0yYjJxLU1JbGktNG0wTVQtSXVENmZkVUVvbWx1NGhINE84Uk10Qmlhc0RzYmJMQXc3bVNRNzM0WXZBTXJXelBrRXdHMA?oc=5
MFC.TO,2024-03-08,The Women To Watch In BC's Real Estate And Housing Industry,storeys.com,https://news.google.com/rss/articles/CBMiaEFVX3lxTE5kR2U2TUFqVlFUNlFNeUZ1NFVVZjg3SVV6ZjdNNUdTNjlXSUhsU1RFN3FSbnZBSVQxazhCMVhrTVYtcnl3V3BaTWZxWTE2cGljclpLdkRBQ2VsT0FTN1dwQlM0ZnMwamdq?oc=5
MFC.TO,2024-03-11,Seg funds struggled through another difficult year,Investment Executive,https://news.google.com/rss/articles/CBMipAFBVV95cUxQcmJsWWxvY2N2dWRhNkxRUlB5SWRCZ1JpYlFvOUZadmdVei1RYmFoZTY3cDRPNmF6bFhFa0ljTVZneHNJRmJwcDF4eExvODlrck1heDRZTlN3RVdOTWRoVzY1dGVEV1VnZ2ZEbDRFTUdsYzNiM050TmNfZVA0V2pCakZGeVZTYjA5LW1ram1BOWl6Q3h4eHA0TW9VT0lENFdEYXAyLQ?oc=5
MFC.TO,2024-03-12,Top five funds with an overweight to TSMC,fundselectorasia.com,https://news.google.com/rss/articles/CBMie0FVX3lxTE5oVS00dnF3ZEpZTVVtYzJnbC1TSmVaOFpORVBVTDRHdFVQMHluaU5TNzhnc21acS03T2ZyYXdhTjdjbFFZMGJveGNoN1Z2V2xBNEtlQzZoTERZY3c0Vzk2R1NxdjlGYjZYckhjNzJFcGlBNTFNbGZnQWVFMA?oc=5
MFC.TO,2024-03-12,Dividend 15 Split Corp. Extends Termination Date,finance.yahoo.com,https://news.google.com/rss/articles/CBMiggFBVV95cUxPNVJZUDVQRDRoZi10LVhvTkxOWjh5WnZzdXQyX0FxZ1RsN1lWMW4tWlFDbmpiRkRrRGNQMU5mM05wN3VlbVdmYnVMeVVJNF9zTG5VZjBCd1pQcWJiUkZHWE9wUWplNEtHel9JR2IzUk1UTlJHUFpKUnM3eWpBM1FFTEd3?oc=5
MFC.TO,2024-03-19,Manulife Investment Management Limited Announces Changes to Mutual Fund Offering,PR Newswire Canada,https://news.google.com/rss/articles/CBMizgFBVV95cUxPRHFubUw2SE96YlZ5X3VrU1ptMXE3MnBJd20xMHE4YTFBWDVCT2pHelJLRVZhdk9UR1kyNVlfckNpVEJUZXlYUDZiY0VmRlRseWFPdHk4QnpSSnVLS250Rk9mU25keXpiNWRtb29LR1I2V0VKZEtYdDdBQmp5RmQzV2RXQTlpTTl2enozQmVkSVdrbkRrdXMtWmxidlVjQXhMWWFUOU51SE9CZlowMDVoNDlkbEFocW9tQW5Yb2M0N21wOVZFOWs2cU11akExZw?oc=5
MFC.TO,2024-03-25,Winners list,theedgemalaysia.com,https://news.google.com/rss/articles/CBMiUEFVX3lxTE5SanM5d3Qyekd4N1Nla0tVYmcxMmc4NU5GaUVCU3Jtd0tMVFlOQy03Q2FrNXdFeGdsZVdhZ0hZbktjU2s5Y3BsT3hNSk1CU2ls?oc=5
MFC.TO,2024-04-03,Manulife Investment Management Completes Acquisition of CQS,PR Newswire,https://news.google.com/rss/articles/CBMitgFBVV95cUxOZzhtc2dLdTE1MWdFOUNBRGpMY3hwb1B2WlZOUGNnZS1wT3g5VTJ6VHRBQzVReV9oYkRiMTN6TzV3VXotRTZKOWhiSHF0ekVOa0J6cTF0emFwdjhvUjU4dHRGNFFqcWRSWnhyaVBtaXBPOUJYX0hBVnV5cjk3M1FZeHZCa1M2Q2lvczJrWDBMMkxsVzRqUWdzTEhTT0NFbWItdlVfUjk1T0ZOazNlUE8xRE1hc0tUQQ?oc=5
MFC.TO,2024-04-05,BHP appoints new Director,Mining Magazine Australia,https://news.google.com/rss/articles/CBMiZ0FVX3lxTE90VEtmdkZ6V3YwMVVvWGlsLXZRd01XblBKV1k2M210VTBVLVpDVTg5cExyVWxFd3d6LWV6QnJGZG4xTTItNWlPcVZpZTFBbkZNQjhpNktwZVFRbjl4VFgzZTZtaDRzTEk?oc=5
MFC.TO,2024-04-05,How much big four insurance CEOs made in 2023,Investment Executive,https://news.google.com/rss/articles/CBMikAFBVV95cUxOaF9wUnpVMzNDOXpxRXBRTUd5dElRM1prSVFfQTFDM0t2X2VxQ0lBYjRVNFBFS2FZUUdyNFMzRVlmeXczdm9aaHpYWVJYeTlkeDBVVGhpVkYtUUVmNm0tMUc1UmVWTTI4NzFLT1YxdFY1T215ZEZQSHc2dVpWenh2VDZsYmtfRGt3dENQZllXa20?oc=5
MFC.TO,2024-04-19,"The ""Accelerators"": Dividend Stocks in Canada With Rapidly Growing Payouts",moomoo.com,https://news.google.com/rss/articles/CBMiwgFBVV95cUxNUzM4ZF9NZHdQekZRQVp2cnNMNE1YSGRLYkUtbnRETVBEWGstVHlFZ245MzE5UFZDM0d6dXVGM0E3NGF3Q0NjbnpzSDFFWEZNWUkwcWtiZWJpaGE5N0NRd24xR3VyQ0JOSzhYR2tKYmw3YVlVVlhlVmhLdzB5NlAxdFBvaDZsRThUQzA4ajBxclpUU3UyQTM0cG1jQXdibE9WaTVEVU5GYmdIRHNhbklnUHpDSXNqYVRZNWFseGpaSW9OUQ?oc=5
MFC.TO,2024-04-23,Manulife Launches Genesis Plan with Market-first Features and Unique Offerings,PR Newswire,https://news.google.com/rss/articles/CBMi1gFBVV95cUxNWndtel81T1h0MnRVa2N5TjRtMmhwbkFONHRISmlEWEw4ZzdZZk1vTEoxeTZPeU9zODZITG9aTzhUODFvYTA4ZjlvWkJiV01WMW03VkhfX1FZSGMxMG1GV0FENi00M0JYR1NzbS1BVTVqVU5rYVE0OFBKcWNOOUpEdlJPRUdKMjNfTFJvajFBbXhtR3NtajVKTlp2WTBQV2hGbGpfdl9WT2tnQ2syeS1zR2tDdTRtcFdIY1NaZEdrbHcxbFg1T1VYVklVMFE0bE0zSThTRnRR?oc=5
MFC.TO,2024-04-25,Opinion: The pay for Manulife’s CEO is head and shoulders above peers,The Globe and Mail,https://news.google.com/rss/articles/CBMivAFBVV95cUxOSE9WbHVoREFGcTdpRDZzMXI2cXNMT1RsRFlnQ292aHptWExFa0NYc2sxR3oxdndaazZ6dWszU0xHVHpGSnk1VEFnQ1RFamk4Z3lYSG5UbnRNRE5iYVZleW9XV0w1VjQ5R0hrU1d0bVA3YlNqaHp3WGJ6aXduOV9oNG5EQXhZUE9IRnhnVzZDTl9aOWNzSDRFeDJtYXUtVXk2SjdUWEQ3RFFXb1VacGlEd3pmdjdxS3UwQnEtbA?oc=5
MFC.TO,2024-04-26,Friday’s analyst upgrades and downgrades,The Globe and Mail,https://news.google.com/rss/articles/CBMiyAFBVV95cUxNZEIzeWwzSkJ6aEhJSmIxYUlPV3R0c3pzZC1vT0dKamZjeTd6WGRrb0Fqbl9ZUDVPbXNYOVFVd3Z5MFU1SmhCTzNENzB1UDJ6TWJydWpFV1N3RjNQN0V0dTdKVFNZLUV5WHB5YVdoTktfeEdwQnBzMUZka0hTS2JWVkk3cm95b1lSMzdUaTNnTjkzMjUtdHFHTHFwRm1vX0ZteVFGaHUyYUE1Nll4dmZIUW03clZlTXB4bXZhamdwQ2FMNE9ETGRJMA?oc=5
MFC.TO,2024-04-29,Manulife and Standard Chartered Hong Kong Announce Distribution Partnership for Private Banking,PR Newswire,https://news.google.com/rss/articles/CBMi7AFBVV95cUxNeHNMWXlYbXlEYVAwUHNrWU5JY05QYlU5b1UzdVZkakpMa2dzcE1fdWI0cDVWUXJQb1Q3V01TTEV6dVNTc1IyWE1QdE5DQkZHMmY2MEoxaUlYaXZCT2h1dTB0SXpoNHJYWEw0dDFseTViS01ybk9ma1EzWDRJN0NNRXRaZWxVSGRkdmtMV3V1WGVDWDU0bFd1M251YkxOcm4tM2xzaExnZ0lPM0R6bHBKamRWQUw5dl9GSDkwNDVaTU1mNGRja1F4RGszTTRfOHlwRUxhLW05VW9PakUwWUlmYzFhcHk0azhacWE0dA?oc=5
MFC.TO,2024-04-29,The power of stock buybacks for creating shareholder value,Manulife John Hancock Investments,https://news.google.com/rss/articles/CBMisgFBVV95cUxQdEgyQ1pveVVaeTdTYlg5TWlna2FUdTNuOGRJN0V6T1NnYlotNlkyUUtxZUdrWFNXaEFOeDgyaF9hcGdZSzVtcVd1QmM1c1lFcDdfNXptUW03UXhmZ3Fia0RucVVvQjk2RkJjX0VHdHNwWUkxZENNd1VYeHloRFJ5R1lCMS1mZmswSkZnSC1tcVRoZW14V3E2UE9QSnJCaVFnaVhKWG1ELXZWY2psWlByeEZB?oc=5
MFC.TO,2024-04-29,Is Shopify Stock a Buy Before its Q1 Earnings?,Yahoo! Finance Canada,https://news.google.com/rss/articles/CBMihAFBVV95cUxOMHl1cnZwLXdYN1lfZ1c1NV90Z2hrV25OZjNEcnNOb0h2Tms1b09uS21SQkhYbVFEa09BNHhsdFQ2eXdzbE1wRTEzcU1pbkt6c1FKRnpiRE1XNm04c0tNTEdzdS1uSTJqWEctTG5iUGYtT0NMS2EzcG1pX1hlNWlySzQyU18?oc=5
MFC.TO,2024-05-01,"Bandhan, Mahindra Manulife and Quant: 3 small cap funds you should track this month",Business Today,https://news.google.com/rss/articles/CBMi8AFBVV95cUxNS1Nya21sM2wtUVRmYkRiYWN3MTFJNUt2VG5sbzZoR3UwaVk5VWlzNDhUQkV2S211M0RIenB3SjNiZjFOcmtmUHhzeW1UdjEwWE9XQlN0MUZTaTVENDJ0TldMMkRDTVd3TXF4UzZNaGp4akZPRUxhUmI4MHJCNUxhejJuZm9kNFlFTS10eWdQNFgzZHJUWmJkd3JhRE9WTnZ3d2lHTE1fenJhYjVMODd2LTZrc3BDWEFieFdnTW9zTDFkMXg5b3d5RlZRaFQtLXpPYmFpaWhteHlweUd4R0dZM1RwaWJOdFEyajlHNlVxa1nSAfABQVVfeXFMTUtTcmttbDNsLVFUZmJEYmFjdzExSTVLdlRubG82aEd1MGlZOVVpczQ4VEJFdkttdTNESHpwd0ozYmYxTnJrZlB4c3ltVHYxMFhPV0JTdDFGU2k1RDQydE5XTDJEQ01Xd01xeFM2TWhqeGpGT0VMYVJiODByQjVMYXoybmZvZDRZRU0tdHlnUDRYM2RyVFpiZHdyYURPVk52d3dpR0xNX3pyYWI1TDg3di02a3NwQ1hBYnhXZ01vc0wxZDF4OW93eUZWUWhULS16T2JhaWlobXh5cHlHeEdHWTNUcGliTnRRMmo5RzZVcWtZ?oc=5
MFC.TO,2024-05-08,Syfe partners with Manulife to co-create innovative new digital MPF advisory tool,Syfe,https://news.google.com/rss/articles/CBMitgFBVV95cUxPWjlIcW5Jd01lekFacm9kcXFPUnAxWHpJYkp1RWJidUxlRm5tUGc2OWtXWm5YcTdHalRIUXdtcEYyMno1UlZVNUNRY1JGdFdhUjNMUFk2VmxYV2dtZW42ekFuMlRyU3BpVGpBYmhsN1NmekRFczJUS2ZMVjA0UFF0QlJucWt2WVFPa3RkdFN4ZVpFQWZPeUJQSzR4SUJDNzVjTlFRODhMQUViTWRxalVJcEFGRUZlUQ?oc=5
MFC.TO,2024-05-10,Sun Life shares slump with U.S. dental biz recovering only in 2025,Reuters,https://news.google.com/rss/articles/CBMixgFBVV95cUxQZTN2ZmE1azlTNG9qOXNsWi1yYjlGYWx6WV9lMnRWR3Rnd0lpMDczM3hUM0pvR0xHWnZVWkE1a3VrUG5PWTcyenE5T0RiSm5wcUhqVzd6VWk5MEk1a2xoMmlNMXNxSUFwLVVsdzJ6UTVzS05DM0Q2REVlT1hhcm80NjdWY2xuRXUyN0ZJcm0wU3BIMXMwV0ljRjVqV0lnbXdhUUE4M2loTzdERjRfM3p2dEFqZ1QteE1UbkRWd0NuaWdvby1zR2c?oc=5
MFC.TO,2024-05-10,Sun Life shares tumble after falling short of quarterly expectations,The Globe and Mail,https://news.google.com/rss/articles/CBMiugFBVV95cUxNR1VPZjk5WlEta0xta0RJX0t0R2FhS3Z4VXYzQmtrTGtzWkg3X0RIb1RiOVFtcVN4WmRaZDBueDJXeEpmZm9DU0FZejdnNDI2NmhYWFNaUEkyRkV2YWc5Sk1zMHNHTHowNUw3Sk1EUDg0Mk92ZW9UTFRDMllQOVh5YXNBMW1vQjNPZU9wcHdtcG1sSDJOZkNLR0ZDMjg0ajVRNzhTU3p2bEN0aTBEY0ZDNHBBalkzanB5cXc?oc=5
MFC.TO,2024-05-11,Mahindra Manulife Mid Cap Fund - These 10 equity mutual funds deliver over 15% CAGR in five years,The Economic Times,https://news.google.com/rss/articles/CBMi7wFBVV95cUxPbVl4OGVDOHlNV1R3eC1GeUNHQ0xhMkZobDJxUVZtNXM5UHRmZE9UbGVZalFIczJNUHBBN0NxVHlnTDY4Xzl5V3UxRUJyalF3YjU4YXJQeUNWUm9Ga05JZ19JcmdBcmdEcU5JWHlSc1pQTzZ3YmdOTTZEblpiU2pJUUdTR2xIOFpyOVdWUVo4REJlX2lNeHpkLWl3SnFVbnFSekZQaExkVWNONVVSNTJETjZRLS1BY3RNY0M0ZUtwN1d0WWR4VmVIaGNWcHExX1g4TUVSaWZmTk9pdnF6UTlreU1WVWV3MHlkRThrSlVCWQ?oc=5
MFC.TO,2024-05-14,"Manulife Expands Presence in Macau with Lease of Over 64,000 Sq Ft at YOHO Group's Prime Property",PR Newswire,https://news.google.com/rss/articles/CBMi7gFBVV95cUxOSnZoU3g2T214a3pCU2NEczZWeF9vdzI4dE03OWhtMGZtb3BJWW9kcmdESXZXQTZtQlZ6VWFxRHJ6Q0RNd25VT0pfVUNrWjNZUnRrTHVhZ2JhTjhJTWZvY2dKTmMzV1NuSTgyWTFhU18tWHNGZ1NYRXJ5NXFfMmtVb2NXdm9va3VGY0V5QW9fbXRZQk9uWW9XaExnMEtfZ1g3dUUySG9jXzhiUWQyNWliNnJnR3NLNVp4VXlzbURmeTlNMnVDekhVUTlfbG5kNU1TV0I5eTdvdUxGRlRGTFBaTUotZ0NDTXp6U2FOX0R3?oc=5
MFC.TO,2024-05-16,This fund has been blowing its rivals out of the water. The fund manager explains why.,Value Research,https://news.google.com/rss/articles/CBMi0gFBVV95cUxNMkJrQmdsc016b2lkNUhKSjh1Nnk0OUd4MjF6a2h5UHVIcFg2M0xUMUtWNVdJQm84Ny0tUlBuWkpGbUdMc1lQVVJ0SVJ2TUZ4WURBODhTdllDWk5rQWlZd3JxdzF2WjNyS3JpNmhqODBuUUsyODYxSzB6dlRPNHotUDRzNWEzMDVhRngtLVhaYjJla1ZqLXZlcUwxbHRzazJ3Q1R3dFdWZm5MM3VUa09ucGlfaGg5ajY3Q01uVTN4MF9YVWVnMnR3Qkt4dHRHb3hVbWc?oc=5
MFC.TO,2024-05-16,INCM ETF Price and Chart — TSX:INCM,TradingView,https://news.google.com/rss/articles/CBMiWEFVX3lxTE1aZDVFc0lNRG5PUjM0VjNDbXNVelZ2TVZUZURLM2RERUo0QTdPMDR4XzlZM25fTlNmdWxReXpDMm1TLTVOUHpWdTBKM1hQeUpfZ3ZRRjlJVU4?oc=5
MFC.TO,2024-05-23,Manulife Launches a Two-Year Strategic Charity Partnership with Mind HK,PR Newswire,https://news.google.com/rss/articles/CBMizAFBVV95cUxQUUV2dC1XdGVib0Rqc0J1YS11ZVprRHRtNFcyZm1sRVZWYU9YQUpNRi1vOEJwUXdtclpQWXlzYVRUamJ1VHYybEZKVEE5TTdYN182Q0FYTGpDSERVWGNScjZtNmlrZ1FUMW1zX1RCcEdRWnB3cGsxMHpjdS1LWDNEeDdMMEZYZDdhTFY5ZnFPR2gwc3lqeFFKRVNDcnN2aE12TzM4WHhzd3A1d2pDQUxzYUg5VGhtQXB0ZnpGQll1WTQxTEl5SlNkY09iQzQ?oc=5
MFC.TO,2024-05-28,Mahindra Manulife Mutual Fund launches manufacturing fund,The Economic Times,https://news.google.com/rss/articles/CBMivwFBVV95cUxPdlZEQl9KYTV0NGxkLTlGWEpfWllodmljWEI0MnZLdDkwN1c2RWl3bGs0Q2Z5b0lDbUxKcEM2Nkx6LWV3RzE0eHl2Z2ZwTndsc204ckNyblVxTnZPaVVVY3pONGI4U0x1bnhOSndweERxa0hSZV9haE5PZWJvc2VGQmY4LVQzdDVhT2RBSUZHS0dfOXB5LTNPOWhfa1hVdi1RMUNkMlpWeGJ5X0c0SGlDYnE2QlJCUm9ZWUpUNUNmMNIBxAFBVV95cUxPVmwwYjAxRFF6UVdBRnZnX1FlbzZjNnlZUURTcGJ0aWkxZEV2VDJnSnJVMjJwU1NZdUFPeC1wWHhySzhZS0NncWpRXzFPcjNZc1hoUHc3NmlKV201azVBdGVvX0dvODZXNUdjemN4Y21iUWlWVEt5cmNYUVFuMXFBUm1reDJpMTVfNkdMeW9ZNDZCUXhUdThzRHIyT0JiSklLR0dFZXgwMEdrdHVVX01vQU95MkVKZFNPV1pRYVd4VEJvLUlj?oc=5
MFC.TO,2024-05-31,Mahindra Manulife Mutual Fund launches Mahindra Manulife Manufacturing Fund – details inside,Upstox,https://news.google.com/rss/articles/CBMiyAFBVV95cUxOYkV6bS1CSzk5UVlIb2dIUnZ1dTZGcEd4QUVlNy1kR283dVBEVkNsbnFSNndFMDB3aUFLZDN2Smtua0dheEktUlBubkQ1WXBqMGtSXzZJMnVRZzdtNWxHSk9PMmtiSGNEeHR4OGpLTm93NHdiWWIyX08zeUpQRl80QXRmX1JUaFNRN0dlM08yaHRLc0Z1ZTRxcEpUSGpFVlV3UWJydW9FYUx2VGlRNVhFdVFJa2lqR3R2Z0lxbk96bG55OWJRTTZ1UQ?oc=5
MFC.TO,2024-06-17,Manulife and World Economic Forum Launch the Prospering in Longevity Challenge to Drive Health and Financial Resiliency,PR Newswire,https://news.google.com/rss/articles/CBMihgJBVV95cUxOQUlzbHZRMjM2U0FkLTdEM2lsbXJ0YTNqU05sZ2hhT1RvSkFlaTJXb1dxVEkzRXRPb0pJOTIyUExQMlZYdlhEV0VnLS1GWXNJSlBpRThzT0ZMY2RSSU9NWm0ya0dYYmJMYnlqU2ZBX1pxbk05T1pHNUt2d3FPV2NtZ1RPRW9TQlBDOUE0TXRZZTFRVFBaSlhLaVdSWGJRanFaMjFEQTlnUmhxT1kzNk91NlJCVkloTGlaWUtmd3A4RjNKZ1JlQXAxRGVFWTdZNWxZd3JlQmdZTTdPRTduMzN6VEFMLVFVWXlIeDg2LU9jTVY2cVd3QnV0Wm5WRUozUWZHRnZ2S19R?oc=5
MFC.TO,2024-06-18,"Manulife Financial Corp. stock rises Tuesday, outperforms market",MarketWatch,https://news.google.com/rss/articles/CBMivwFBVV95cUxNVEdJZjROVTZteU1hSFZ5RlBFeHcweGExNUNiT284WGtKcUszeGVlOExkQW41QThmSmZaZUg1WDU2Ulc2VHhwdDNPMUh1YzAtV1JEWldrM2NiMXU4WFlrUk5qWGE5ZFRDcFhYWUFhTGVKWGZkT042ekNsRkRoUTB1c3Q3TFk2WURLYm9oSlFaeUZDYWdMSmRRdzBWWElQLTBxSl9YcXl1SVZud01jd0Y2U1Z4VlBNUFphZVlUSkhqdw?oc=5
MFC.TO,2024-06-21,1 Magnificent Canadian Stock Down 4 Percent to Buy and Hold Forever,Yahoo! Finance Canada,https://news.google.com/rss/articles/CBMiigFBVV95cUxQTEpCd3FWMkZ0Um9wa2Y3WDFJQ1FjYjRKYUpuYkUzYlo3RmFHRHNLVEV2eGFjNWtSbGdsWU1tajI4QWpVTXVZak9WX1JWWEFvRmNPZTd1SG5kemZoZzBCd3owOUwxQ0lRaHZobHhwM2hkaVBYSzBQWk1NTk5pNUF2M1pZVFA2V1JKdFE?oc=5
MFC.TO,2024-06-25,2024 Half-Year Recap | 10 Dividend-Monster Stocks in Canadian Market,moomoo.com,https://news.google.com/rss/articles/CBMisgFBVV95cUxNWTB4MFdmLTQzMmVKdXRnQW1xdkgwcnFjckN4OG1FVWhWa2tkWHZhXzEyb3BDM1hrdU5tekV3Zkw4ZkJ2ZmNTUWpqZVZ5Nk1vb2RmTUNLTGphVVc3d1pxSlpURkZHQ19KRk4tVFRvT1FiT3BLeU8yNkFSTWdrbzkyS0h0Y0dvcVFSakJud2I5Q3g4V20waExXbVNoTXNuZnAtWU90cDZyc3JJa2ZvN2FwVU5R?oc=5
MFC.TO,2024-06-26,Manulife CFO discusses the insurer's business outlook and new financial targets,CNBC,https://news.google.com/rss/articles/CBMiowFBVV95cUxNMDB5Wk5xZWZKcXRZQmRmRVZsaXFaYXhtMXZCT1lKRlYwcTlSOXRHZ3BBVjQwdG1aVzlhSGlBeVloLWhQXzJPV2E4STUyLVE3ekVWdUZZS08yWXdHSHNKWkFFNVpGSDZfb1JWQ19jZkpaVW1UYXRfUkY4M2NNVVFOdFdkV3N6VHY2aU9WLUdjVzBydXI4eGI5SF81ZDcyU3dWVXA4?oc=5
MFC.TO,2024-07-02,Many income stocks were hammered in the first half. But these three were big winners,The Globe and Mail,https://news.google.com/rss/articles/CBMi2wFBVV95cUxOdEtuNXh4Q3ltQVJXd05wT3JGWGZZdlNWZ3JmVmJ1czgwcGhGZXZfcjFxbTBwT1hJMDVWak5LUktJSXg5SjZDT3BrckNEQzJRT0NuVDFYbXRGaUxFZW84c2I0THdDTE9tZTdNdW5oOWdaQ3lvMkZPVFBXeWU2TWRJeWJLYTRqS2VnX1REeXlIdjFPWW50ZGdTOE1PNENrYWk5WHl4NEZpRmF4T1pTWkVGQUE0WGtTVDVLeXBOMDZhcjBFb2lhdXpVOFdhc3hGbGpqbHhoMEhfNGVfeFU?oc=5
MFC.TO,2024-07-05,"Manulife Financial Corp. stock falls Friday, underperforms market",MarketWatch,https://news.google.com/rss/articles/CBMiwAFBVV95cUxNSjlReXQzeDZpRmxkVmNibXFGS0VTYi00Z29JMm15YjFqOUNUa2xXMFJ5VW9jU1FBYTBLd19zVFRxa3BsLXZpaFdRUmF6U19OUXQ0NFctakxETGZkUnpzLVRZcDZYamw1SktBU2hUWURWOXNVQVNka0M4SU5yX25Bc0xKY2pqS291eDVWMzlnVDBKQkZzVzBPQ0RXaDAxWDJFaU80WGoyaGFkUWpZOUlBQVRmRXQzVGJSVlJhRHFmUVY?oc=5
MFC.TO,2024-07-05,India’s Swiggy trials UPI payment integration,finance.yahoo.com,https://news.google.com/rss/articles/CBMigwFBVV95cUxQZTlWT1pGVUZkV0NHT05QLUt2NXpVTmdRSFhXSVBMcFd2UlN6REtrT2dONjhtTlpRbm1FRUJDMTUycWQ0RVBzWE9CQmRXYnRHeTRSUk1TZ1FKMjlockNvNUd4ZUdMZVdnbGo2MFZsUjk0NE9idTgtMlliYXJJb0pTY1NJUQ?oc=5
MFC.TO,2024-07-08,Former Lehigh University football player Hector Martinez named head of insurance for John Hancock,WFMZ.com,https://news.google.com/rss/articles/CBMimwJBVV95cUxPSkptV1ZkTzRicmc3czRNR0FEM3MxdUV3elBwZVdzdTlnelFrekJJZnBwVnIzbEs0Nko1WUxrZ1k4QlEtcVpnVlZTSzZRUVdac0JOUWVadHVIVXE0LWRUUUN4RjJmdTRmdV9PRHVWX0E2Y2RnYmVTdmNEWVBEQ1haXzdKVEJZNHkzbk1PelNwSE51UTVyMEVUNkZac1o2THVrUkxpdzVxRmRFUnlmcEhrZ1hWUFIxRUVBMHJ2S3Q0S2tCdUtBdk5mSXN5NXEzRXpXampRbG5hQ1B6NDdqanpYN2hqWHhwSUI3TUJ4VC1BSEt0aXRNaTc0TWRXcFl2VmpYV3RWaVlKX3B5bEFmLVVNS2FJSnR6TkUta1Zn?oc=5
MFC.TO,2024-07-10,James’s Take: Insurers’ Liquidity Drive Could Be the Ticket for Secondary Buyers,wsj.com,https://news.google.com/rss/articles/CBMitgFBVV95cUxQejl2MTljekZJN1RmU0h6LWpvUEt6NGRrTjg3eXl6bDZMdHQ0TEoza01XLUc3eW8xLVNnbG1lLWJNaW5EYzJzUWhobXhnb05hczIyUXFjOHRHTjlEOVFVdWVVYVB4RHpJR2NTMk1zM3d6MzlwLTNUQzgyZVBnWUpCTzFkXzQ4YmNQV0FxNkdlQUNHTWVLTV9uSnVXRU9tZXZtMTUxb0dnUnlZQmpKaklmRUpDOG9aQQ?oc=5
MFC.TO,2024-07-15,Investment Advisers Have Election Jitters,planadviser,https://news.google.com/rss/articles/CBMic0FVX3lxTE1mWmFjbHBpYVEtRXNEd29ZOEZtUUxKbjFXNG1RSXFva2plR25STUtnbkVBbXJBR0xRdWtGZjNFQUk1d1dZR1YzSlFQZVVYMWlNdnoydnZQaWRSTUVncVZ1eFNhZ2JOaHM2STV4QU95aExzNXc?oc=5
MFC.TO,2024-07-16,"Flexibility, versatility of life insurance makes it crucial puzzle piece in legacy planning: Manulife",The Business Times,https://news.google.com/rss/articles/CBMi7wFBVV95cUxOemk5aWRrZkg0eWNpeGRzRmVwT05hbzZOdnBYMHl6b3J4YmxkUDliWmhheWpfR1AyMktzT0FzVHNNakVMeW83a1pIZGFxNVo1U1hLY1R1cEVyOXh1T05zQ19uc2dmc0JURFFrM0VWUkMyaVNQUmN6ZDY3YlNaemRpbFNGdzhyWk5jYjJRQjczWFRWLW1mX2RFc1ZENFZFZWNXdm41UDNyNTUwUEFoYjh5dWdPM1d3NEFZVzFsZmlMVE5ZdVM5WDUzWWltOUpsR0Z0Nmo1WGpuSkVWT2xzN3ZLUlFkckhubUd0NzFsR1RuZw?oc=5
MFC.TO,2024-07-22,2 Canadian ETFs to Buy and Hold Forever in Your TFSA,Yahoo! Finance Canada,https://news.google.com/rss/articles/CBMifkFVX3lxTFBBT0xTRDQyemlTZEpIVnhmVjUxZWNMNzN5TmpvU09aVzhaX2hId3Y2OEZWRmQ5TmtBejVYN1Vkay0wTFBhR1NUaGNlRENvVXJIdzhEVVhVQ0stZVREcTBfYkNKZTMweE5scmdFQS1WVEFpa0cxa2Z1NG54LTZrZw?oc=5
MFC.TO,2024-08-02,Market cap- vs. equal-weighted indexes in the Magnificent Seven era,Manulife John Hancock Investments,https://news.google.com/rss/articles/CBMiwAFBVV95cUxQRWtacWxaSnViaExJYnl5VmNrbGdsOVNwYWJ2Z3lFNFl6cWNkWmNDd2dBbW12a2xDSW1KaUdlTmc5MVRxd1YwN2oxSXlyWm9kYUdZd0VQck5BVkFfY2VqVFdFZTJ0TmFEMTk0d1M2T3h5aXp1Y1FGMVN5SktkeUJ3ZzhvMXZZWkVvLXpXT1E4dFJ6cWNyZTRxeGRkWkJIWmt5eVJxTF9zdmdpZ09YSU5ITjl1SWlrWkVLSUlJbFc0ckU?oc=5
MFC.TO,2024-08-08,Why Japan’s stock market went on a rollercoaster ride,Euromoney,https://news.google.com/rss/articles/CBMiwwFBVV95cUxNUE9mTzlSRjduT2JCYWNyb3MxQXN0aHRScnUwU21FUzVmd3J1N1IzRTZDcXBLbFJpRmNjUnpHZktFRWM0dGJhMVBWcUJkSm01aXJyeXdCTmJSSmdyaERLa2tyRDhvT0VnQmctbm5wQjZxUjV5ZmprbTFOeEp3alFkNXpEdGtVLVluV3hqcEh1dVViS20xT3EyNGtSTUNOZzBhTnZERklaZy1uSjFQU2FzdWFmS3FCWDFYcHVZMkJINl9ONTA?oc=5
MFC.TO,2024-08-08,Manulife reports Q2 net income of $1.04B,BNN Bloomberg,https://news.google.com/rss/articles/CBMiogFBVV95cUxQaXhYSmtOS1h5bDVOVkdnaDlvM0pmdnZ0ZEd5N0REYmV5UGFwZWV4TXNGOEpCZmlQSzBOQTJHR0p2eDRGbjRneXg1MFFwdXJYYUxOSjZ3UUZza2t0V0hVTVY3UXQtYm5Kdms4RlpEb3VoNUhvaFV2bExGcUhfanctY21COXBCUmotZDBmY3RYdXNHaWY1cldQYUJHZy1ScW5HeHc?oc=5
MFC.TO,2024-08-09,"S&P/TSX composite up Friday, U.S. stock markets also rise to end volatile week",CityNews Ottawa,https://news.google.com/rss/articles/CBMiugFBVV95cUxPdG1LN2V5QkZKUXhjaE1fYkdOM0hHZ293UmdlVHB5Q0RocXY3Nll5N1BUdFRnVVN5MU4tR1NhX1NRR1hqSVpacjFvalFFLVpJdUJPaERCWjlsdjRENmxMdHJVLUxEdTU5d2VTZmh2LTB4YjJmU3F4VEVUYXkzNXVPZXJZM2UtVGZPay1VZ0hkY2RLSVFqSnlzTmRzMEkxRy04RjNWMVIwUUVodUFWUmQtWlczbHFBUFdYeGc?oc=5
MFC.TO,2024-08-14,Olaplex CEO tries to win back customers,Fortune,https://news.google.com/rss/articles/CBMifEFVX3lxTE9ZRkF2c184QU0zLWdDbmdady1LNlpiLVZPQUxmaU1ITVkzMmtwckhwdEdOdDNlRm9hZXhiaWNGbVZRNnZzMjdWWjFyNzJjZk5GSzhaaHhaUUctQi1PZVE2LU1hTFlCQnhoTFRxdUpBQXZQT3ppN00yamRHMDY?oc=5
MFC.TO,2024-08-20,Manulife-Kenedix JV Buys 9 Japan Multi-Family Assets for $160M,Mingtiandi,https://news.google.com/rss/articles/CBMirgFBVV95cUxNWVdnTTdleHp3cG92U3laZVI2b08xNGNBWlNza3kwbEZFWEgxTHFfM3I5OWg2RTkzSW82dU5aZzFUN2s3TVk2cWpObFFPV2VMX3ZnY1B1ODJUaXUxb05zN0JDbTFkRERQQ2tmX0NzczdjNW5oUmREaXJnZ0w5SV9fb0tzVHZSaEYtTm1lQnRiUDJxbXJSazU2T0JnbFJ0MjJia0FKVVdkMTNhVlc0RlE?oc=5
MFC.TO,2024-08-20,3 Blue-Chip Stocks Every Canadian Should Own,Yahoo! Finance Canada,https://news.google.com/rss/articles/CBMifkFVX3lxTE1UZUZNUW0tdUNpczJla3M4MDk3QlNocWlQSGZWMVBYemlEeEdMUUozdjI1X2FUTDFBZkVKOXRZQV84UWtmNFY1QUZydUZOc1ZvbGp1UXk0SndldTBreDI2Tm1nSVkwRG5WbFZJZWxJZW9obTBKQWFTUTdDOUpnQQ?oc=5
MFC.TO,2024-08-22,Scotia Canadian Dividend Fund's Strategic Moves: A Deep Dive int,GuruFocus,https://news.google.com/rss/articles/CBMiwgFBVV95cUxQblJXZ0JFcjFFRUZub3hrU0lFSFV5MGU5VHlfT1JCNi1DLTM2QWR6RVF3LU1Edkdkd2dfTlYwVGhXR3ZKZ2szWUFUTm14aEo5ZUhNWUhEOTJ2TzNIM1FjZXo3OEgxTUZsZ0xJNHh5Ulc4RkFiY3N0ZTh3M2pVeGpVYmdkek0xVGI2aXhMRERtcXJjRDRtYXQxUGUwVjNaelNkUk9CQlFxdkdwQWdXdk1BZmZBVElxVWxKVnlzT1ktaXE5dw?oc=5
MFC.TO,2024-08-26,Understanding the correlation between stocks and bonds,Manulife John Hancock Investments,https://news.google.com/rss/articles/CBMimgFBVV95cUxOQjJWTWJlMDBhWUpucnM3alBCV0wxTzJTdS01MnhyaHBJNXVIa25QLU5pVFNPbXdXNG1UMXlEVXhzdW51Y1V6WUNBNVZrM0tYVlE5dGZqdGVTT1pYZlVtZTF1Qk5EbXBFbmZRb09DUlpRUThadnMxa1UtVHRCeGpSa0MtTXJmVUNETGVlazMtQnN5ZzlIeVUxQ1Zn?oc=5
MFC.TO,2024-08-26,3 TSX Stocks That Can Turn Retirement Dreams Into Reality,The Motley Fool Canada,https://news.google.com/rss/articles/CBMilgFBVV95cUxOTFNBOVI1UmtYc0YyQnlwcTM1UGpBcC11dHowSDkyZnhyNm5ZUG9PdGZXa0M3dWtzcVp1UDR3a002c291WGhsVkNLTlhzWENpSURHQXBHTko1MWNzR25xZVVuRnQwbDhXN3d3YXowYUdKQ0hUaF9ZcFRzeVlfaVJQRWJHVDVMUW9ldktrYWdnOFlzdXY5Z1E?oc=5
MFC.TO,2024-08-29,AM Best Affirms Global Atlantic’s Ratings,Bernews,https://news.google.com/rss/articles/CBMieEFVX3lxTE1vSFpfeVFMLU1WenV4ODhvVHM3TE1NZGNoVDgzSzIxQ096Yk5GTy1kRElwaUZRci13WFItZncyV3doQzJGYlBkZHZlRXVRZTZrcmpTUjdwTnA3cDBmNS05NGItMWs0aDZjd3F3YTAwbGJydXdvcS1Rcw?oc=5
MFC.TO,2024-09-03,"S&P/TSX composite closes down more than 300 points, U.S. stock markets also fall",The Albertan,https://news.google.com/rss/articles/CBMiyAFBVV95cUxPUS12YXNBd0lIWFFMZG1jVXhUTGhnV0hBMkNESFpRbDh6ZE9tcWNVLTVSSmk2M21rYlkwQ1lGRTFNU0M0c0xIcDJJT2RhcW9jcXoxa0M1emVUdlBmRmVhTmRiVkhqd2U4UURqN0N5ZWRrend3bGxfN2lncHJvUzF0NTZjTUU2NTMxYjRZTjBqNVA5cGhndHIyQWdxMjFyOHZvQUw5SFowOGlMSzBIMS1IOTI3bGZ3NWR4OVBxZVVTSlptZ29IRktHNw?oc=5
MFC.TO,2024-09-09,"TSX Today: What to Watch for in Stocks on Monday, September 9",The Motley Fool Canada,https://news.google.com/rss/articles/CBMilgFBVV95cUxQWE9ETkcxR1J5X2VwbE40SEpHVDgtYnM1dGNXaWdJcjVqQ3YyX3BOSmM4MV9wOUR3d1hFLU1tamNkdV8wVmZRU2YzaE9sWFpPdDNpdUt1LVRGcVZ3SDlKajAzQWswRGI2WFN2VkFLMXRENjJSRjlzd0xsWlpjYl9sa1BaN1YyYVpGUkVaQUdacXdleW9nR2c?oc=5
MFC.TO,2024-09-10,"DBS is said to tap Goldman Sachs to help find insurance partner in India, Taiwan",The Economic Times,https://news.google.com/rss/articles/CBMi-AFBVV95cUxORHp0ZDdaUW5uQ2tqMmtyamxPbWQ0dThoazBuMzF2Yk1aekROWkpESTY3R1M1Ql9JalBrVEJOUHp3bzBBSlpRU2dQSmJ6RFNoR3RuNlFGVHZSTmkyMGdVRl90WjhQcmU4MUxFaVdwdkhFcXJ6ekFyWUtCZzJmLWZLRjdTOUhFd3FKQ203dm5uV3loNDQzaUFSRDJiSmV6d1JRSnlnWHhKSnNSNHd6U29WeHRtN0FvSEhPdjkwNVVTMG9WT0I2SnN1U0FZTGplUkQzblZDNHlMeEY4ajhnQTlmRXZ5QXZpZmRIanFMb2ZyM2lwd0FQTUZ6ddIB_gFBVV95cUxPbG9wQ293QkxsWkI2VTk0QjU5SUZwVTRGVHFaU1BJd0t3em5iTm93akFnLUljNFlLNk53SHZ5YUNoVzUzTjNNQWdsN1ZBN25sdE5BMVQyOEJpcWNES01ZLWs2YkxKdDVONWx5ZmxlZV9RTmRlZ1JkXzRKMXFobTBHWUlheHZ0emRzdVVhdHczQ00xV2N6Rm50X2JqZXJKRWpxLXEyejBwSmZBaVRrOVB6MDk0NExrSzFPS0lHUmRLZE5qd2hRRmJ3WVBLdHVrV3EzMmo2RmxVd3ZTV0tObGk0ZDQxZ0NuSG9vWGVMSFBqMGFkSWxPRDBCY29pXzlVUQ?oc=5
MFC.TO,2024-09-11,Manulife-backed Serverfarm acquires two data centers providing over 500MW of new potential capacity in the Houston market,PR Newswire Canada,https://news.google.com/rss/articles/CBMihAJBVV95cUxQMFpLTXZEa082MGE5YXpPTVlKLW1NX1FIeDU3X19PY21EenI5VGUzZFM1M2lobjNHUVBlRHhHR3JtMldGNTZPdXVfNFdJMzhJVV8zQ2tyX3h1S3NQNm56OG9fb0g0bC15aHJ5cUw1RmFFSFFIa1RMSkR2TlpwVlFRV2hCSWhFZDNBMWVwcTZhVVNVZUdlZ05yc3k3SXZqcG43a2pVWnd0bzNGQ2oxLV94ZElJODJRT1dpNm9IMm94SUpzWFRXX2xtQ3FLOURDYUc1Tm1GaDBJblg5UjMxNVAzM3UteUxUSVJtNkhsM2FmVWxxMWREVmRDN2Q1UDJrQ0xoTWxxTA?oc=5
MFC.TO,2024-09-12,Mid-career switches made possible with IBF’s programmes,The Edge Singapore,https://news.google.com/rss/articles/CBMisAFBVV95cUxNTGl5MzJSX0l4Nk9YQldtUVltdjkwWm9IXzY0QU85c0R1QXRQYWlOSVdrUDIwUklDUDl3Mk94WHZwV3V1VnN5Z20xRVl2MWExWlZYQVF5WW9uMVVjcDhqczR6aVBST0p6VlJybW5WMHhQM3RHTzI2TGplM1ZvbTA2dF9uejNHUE5DaC0xWDhWWmtaY2RTTWhKSmszRUNvMGREMV9pd0REQnJrN0Y3Vk1fcNIBtgFBVV95cUxQV1RrdEFtQ3FqY3FVQ1VfczRWS0E5Vmp6dldZX1ZRX3Z4eVlIRG9SSlhCRU9PYkRNTVUwb202OXdCWnViWGptZ2JpQUUwbXB2d0k0dF83ZU92REZ3dlhYSHRuLUYwcmQ5dE5pNEVmRUIyUkJoRDR5R2laeWNjVElnU3NobDlYUjdJdzJNRkUwYUFkVVFsMmgzYzFzWHlabU0xWlFwTTB3N3ZtTlp4aWNMck5RUFNTUQ?oc=5
MFC.TO,2024-09-13,Canadian ETF Comparison Series: CIF vs. ZGI,The Globe and Mail,https://news.google.com/rss/articles/CBMiwwFBVV95cUxNNDNSb2VFSGVCVVVXS2x0bFRSZzhVQzNvZnFoVjk4LUhIdndOd1NVeVJGanNXcTBJSlBtWWdqUzgxZ2dhd1dYVXNveVQ1cE5LdVdqT3ZTcUE3ZHhtUF9IRV9TbThmWWJVMmJtTmp1QTdkZ2QtbXhkLWlRc1U3Ukh2ZWhXZkw5a0Zrb1ZiRS0tdUFwSjVWSEFXNnJobHJDdHpJLVc1SHRxdTJhWEYyX0theEVUcDg1Zkd0eFhoU2tPUVUzZ1k?oc=5
MFC.TO,2024-09-13,3 Great Global Stock Funds From Canada,Morningstar,https://news.google.com/rss/articles/CBMiiAFBVV95cUxON3V6UWY1dVQxN0lVWk1pVnpqQXY3Mms2Y01weUl0d2xMSjY5SmZCUl84Qi1EY1FfVTAtUXVtRXgtaV9SQWJURTVTX0YxOXl4SmRpV2UtcGxBR2hSLUx5a25tQzk4NTE3Tmpodjc0LVZxQlpOUFU5Nkw2SG5EaVNNTmp1cTNyTGht?oc=5
MFC.TO,2024-09-14,Why have Mahindra Manulife's equity funds done so well? Its fund manager explains.,Value Research,https://news.google.com/rss/articles/CBMi4AFBVV95cUxQZmFUdjVTV2hud2V2WktIbHI2M2MtRGZQZUxiM2p4elI3Y1FBS3BjVktIWDdYRFVJT2FOQnU2bi11RkJBV3Q1NzYxX2V1MkgtSmxxWFJ6eUl2T0hQd0g0bnFRTF9LSEpzTnRSZ0pxYmpoSGZXTG5Wd1V0ZDlPc0JZVTYtc2hqSHJTTGZSdHg4NGx0Vm5uWGNjYUpUWE5aMlFNYU1YUzRfalhXeEZVa2lHd3kteHNJcG10MDgzREZvRl94cWp0YTVvaWJHenVSVTdPd1JKUTVNREN1dmJDYkwzeQ?oc=5
MFC.TO,2024-09-14,Interview with Manish Lodha of Mahindra Manulife AMC,Value Research,https://news.google.com/rss/articles/CBMi2gFBVV95cUxOV20yX0Fjc3NZRFNLNUUtTXo1bHRaMmhFRGVsME5RbEtjS0tva2pjbnV3eE9XcG8tYllTb1FvaXpfWnB0S2VBTXZoT1k1MWNHNmkyaWJnM2c4MGd3WWc2eW9KUU55OFpEV1lHelk2T0ZPc20yUjl3TWNCbksyX3UwQWgwMW0wQVNDTDQ2d1hobFRfcGdFZ1N5b0F6eHJMUWxSeXZvNkN6aTl6VW44dGFITWwxdGludE5SSEtjeENJSDViOW44ZTdoOWJQZW1kR1JhMXAzQTRweS1zQQ?oc=5
MFC.TO,2024-09-16,"Greg Newman’s Top Picks for September 16, 2024",BNN Bloomberg,https://news.google.com/rss/articles/CBMimgFBVV95cUxPVERnTlFucElwMlhaOV91TmxSXzZvSGVKU3BJWHZPcG5fdTFWZjZGR1JMTmM4YVFhNUtJcEhHSnNITC0tY090dUxSa3I5cFlrMW9XV05Sa2hwTi1zWGZsSURqc1YzUElJdVpZZWhZRWhsb3N1OVJSR1hEeXU4WXlVR1BISmloTFh1bDZIdUYydEdjbVp6bzRUcHNn?oc=5
MFC.TO,2024-09-17,"Want the Maximum $2,100 CPP? Here’s the Salary You Need",Yahoo! Finance Canada,https://news.google.com/rss/articles/CBMie0FVX3lxTFA5SjNMZ0RXNDBMdGZwejh4dVFEQzkyQ0wwTDJheVV0U3FzclpBUjZHcEtobmJHTXVoalVtNU14MW5vWVdEenJhN1FyWXBUVUhNbkxuaVhhWmhmTk83WnozYXE5R1g3Y0hHVEJYSldYWGdwbXREUkQwVlltQQ?oc=5
MFC.TO,2024-09-17,The close: TSX winning streak ends as industrial shares fall,The Globe and Mail,https://news.google.com/rss/articles/CBMi7AFBVV95cUxOTEROdXM0ZkE5dFVLbVBVdDM4M2Fqbl9PTTNraU5iMWVtZTVLazZoYjVZUWUyLVBfbl9mRnQ1RFhxQnFHSU9EamxtYW9obzBnRGlMcFJCelVaS2psOHN6VHpGTFpzcEs2N0U4WVVWYVM1bHFqNWl6ZXh1X1JyYnFYQURKc0o0T3I4ekNxU3ktSUs4c0ctMi1zWFRWVWVfc3JoOVNCZm1QLWF1OGVNWDJVNmFENTRlMU9CVEp1eVhURDF5TF83dm4tZEhVVmJEZHNWXzBVUkcza1FsVWlfamtXSVBLNm56MzJNOTZjNg?oc=5
MFC.TO,2024-09-18,US SEC votes to allow half-penny stock pricing,Yahoo! Finance Canada,https://news.google.com/rss/articles/CBMifkFVX3lxTE0tc0VuMnotZHNJamxhck5nbklLY0syckJic2VGdnBzbnF1YS15bjFsUDNaLUNWMm02RXdVMVpKcXRFY09mTXlCOWxUeGdLT2RzZmV2RVo5SHkxdmNvQmM4ejk1ZUVYT21kTGlDUkY1RHF0Rk5iMzZzbjd2c3ZEZw?oc=5
MFC.TO,2024-09-25,3 John Hancock Mutual Funds for Impressive Returns,finance.yahoo.com,https://news.google.com/rss/articles/CBMifkFVX3lxTE5KVjJOYXRLMVZIc09pNk9GTUZNTURRSmx3MnJkcV9RdTc4THlXY3UybUNzUHNFbmpOdklZOGQxaFNNS0pUSjhvSzNIaDdWRGx2dDRsYktLcExNX1lLMmRSTm9SNlNKNkwtcjMxZS14Z1NmZTJEWW5nNktSOUd0dw?oc=5
MFC.TO,2024-09-30,News | Singapore REIT has deal to sell downtown Sacramento’s tallest office building,costar.com,https://news.google.com/rss/articles/CBMitwFBVV95cUxPS2xiVzZhZzRCQ0VSbHY4NE5IcHJXa1BfSWxjbGY0eGpyOFExaXR3SU4yOTdEYTlxRzEtakd0UW5qcjk0ZjN1OE41WGt0ZV9GWUV5RnZoQTlOaVYzWFBRcjRDNWZhRlpRSzItSHVnb2FqMTlCT3lvUDBHMG5EWkNVN1VtLWtwYy1jUUJZODNKSDEtT3NXUWYxZlBVN3A4MHZMa2laLVhyRklpemVCeXFJeUVFMm5MWkU?oc=5
MFC.TO,2024-10-04,Manulife celebrates silver anniversary of historic IPO,Insurance Business,https://news.google.com/rss/articles/CBMixAFBVV95cUxPX2tsYlJLcHN5bkQwSG0wck9qRU1VYzJoX1gwNTBYU3NNWEpGRVlFaEJKbEtfdDVEWFZ0SnlLaHVoa1pZVUFMb0hUZXg1aEVDd1cxTlhieEdrQzFuSllzTmtuRXQ1UzVrRVdWdkpEcFJOWEpUMlNsYXcxOGVFTk42Zk9TdmdvOUdLWWtrdVBrd0N3bnZRQ1habUlRRUlUX3ZiemtXTmdQR0lfdnYtX0MzTkk5Q3EzbGMtVG94MHp4cFFSbzNF?oc=5
MFC.TO,2024-10-04,"Manulife Financial Corp. stock rises Friday, outperforms market",MarketWatch,https://news.google.com/rss/articles/CBMivgFBVV95cUxONTRtQVhUN2ZCVjdJQk83WWxvRVBZQk42U1pBVER0VnVpeXRfb3JDbUVhTUFEaVA5VEZKOVk2SHo4U2dBVlFScV9hekpiLXgxcTVtLUI1WUpBNW12QkU4QTRFQy12VlZnVldTZE5SeUQwVldPU0s3RFZsOTlFcC13UXpmOHh6Z2g3STZXTnA5NWdIS25VLTVvMVlpSHVhQ3ZJU1BkX0U0T3ZuYXhkLS15WDEzVm1EQ1FaVHF6eWJR?oc=5
MFC.TO,2024-10-09,Manulife or Sun Life: Which Finance Stock Is the Better Buy?,Yahoo! Finance Canada,https://news.google.com/rss/articles/CBMihwFBVV95cUxOeVhYY0JjNDRkbVJXOUNhQmdlb2xUNG1nSFJjX2tVZncySlpwRXZVUkJTY3VHM1NpeUtONGxscXVCbnJyR3lTMnJMSG9xQkxlYnZjUW1QQzlMNDBEVy1lVzRRaGxLbmswRWtkWk4wYjRuT21uQ2lwYVdpVmNnRVVEYm5tZ2tYbkU?oc=5
MFC.TO,2024-10-12,Canadian Tire Corp: Stocks Overvalued by Analyst Consensus on TSX (CTC),The Globe and Mail,https://news.google.com/rss/articles/CBMi6wFBVV95cUxNc3ZwVGlfUW9KcDdSQ2JlTmgxVzdLX015QTBfVHJCQmtTSVhkOTQyWGZYZUZfT1hSenlHUE1rMjNodFlXNmZwUnliNmh0MG9OOGVKb2ZCY2FyM2stTU1SblpZSmQtT2UydFc5aURVYVlZcHVnTzNYMXRaVU5LaUtWRDVjODdLWURtZ1ZIZmIzUXJ3V0NEeXhjb1p4bWFhRnlXNk5OWEhuSHZ1ZkN4emtLZlFVanNzSkF0bEg3ay1wakgtVzVRRkRRZUtwRWNvTlJOVnhoTEZBbUJTMmtwdzZLaUFETWtLZ1hJOUtz?oc=5
MFC.TO,2024-10-16,Manulife Financial: Jefferies Raises Target as Earnings Approach,The Globe and Mail,https://news.google.com/rss/articles/CBMi4gFBVV95cUxQd3BiUXdpcHpLLVZmUUZ1WnkxMmVvd21vMWRZRTJZS0dyWk03QmVzUnJIRGtfMG84ZGlGYmQ3QVh1NmlmalVvLTFyanlrNFZ4UEx6dzNiT0VCUFNmMnE2MXFIbjFSMVUzTVZNN1dLUGlMRGNKNmwtbkI0MXg0M1lRNERqSDQybkl2U0hqLWlBMV9BN1hjWG9UY3VKeWdUQlJsRE94aUtoLUlsQTJfWUFOeF9KdDhBLU56UU9yVHRLdUVnd1FaNXU5SG44dVdrekZuRk5nd01Jbkg3RW9kSFE1VGZ3?oc=5
MFC.TO,2024-10-17,"John Hancock Retirement Announces New Role Dedicated to Enhancing Engagement, Savings, and Financial Wellness Outcomes for Participants",PR Newswire,https://news.google.com/rss/articles/CBMimAJBVV95cUxNeDRaT1Y4bnVIRVRNZkJVRkVkOGpDQTV3bHZPaEZXVkx6M1RpX0NlM056UzdXZ1dEQ3kwbzhZN09RcHJsX2tEcWx3YWdfYzRNMGdzNDNTVVJtU3NneDZkQ0J4UXkwcDhqR3c0bzNPYzdtWENKVWc3T2hzYTlPV0ZVVFNIMm12RE96TUtRSDBQV3lvdG8wbXM4RE9RRk5NUFFnNVBYV2VxWXQ5ckRuNHNYekdYaVpkNmFUZkZyUmpqM3pjYzBMSG85OWZyOEpvMkFsR1BjYnMxc2g3NFdRVTFZZ0lVc01ITmJyb2NDRVNNQUE3elNrNFFUNGhBblRUY2JMMzdGWkJ3Z3ViUFlPcGVqUWxXdDFRQU53?oc=5
MFC.TO,2024-10-21,Manulife Celebrates 25th Anniversary of Initial Public Offering with Closing Gong Ceremony at HKEX,PR Newswire,https://news.google.com/rss/articles/CBMi8AFBVV95cUxPczFodU83SUZGSUZpQmR1U2oxY2xEd3VaSFc2Y0xhdlNpaUhyZ0ZBUUE4TXhmVXdqTWJVY05ESFRtcEROeUtDTXFmeFFteGo0M244ZWpwN1VsbW0wd3M2ODc0ZlNUa3QxYm1DdkhYSjA3VllrUExDZ3BuZ29wVXVramgzSktfNjNlMHg1WFRmVno1WVN2alB2NjRTSGJlcDczR0I4Z3ctZGEzLWRXRDlGQnlqWFFYNUlBeFl6bkY3dUFTVTJneVUxUExOWDBuZk1IZ0dRRDNGaUdidWx2anNRSUhFVnh1VG5rVDFuTTR2YW4?oc=5
MFC.TO,2024-10-24,How to Boost Your Portfolio with Top Finance Stocks Set to Beat Earnings,finance.yahoo.com,https://news.google.com/rss/articles/CBMihwFBVV95cUxQa0ZmOFdqMXJweGphOHpEcXZpNlBaUEdudWl2dUg5QVlCNUZmNkdrbnRBRUtMc3hMSXltZzB6WEo5OGUxQXBTWkt2TFh6d2IySVVNSUFWQ2RLSnRlN3hqcl9sX3pGNUlYOXRfdXRLWUFtdzNkNThLY1lIX3FHTnVKOWdFd2NlX0U?oc=5
MFC.TO,2024-10-24,Pre-need industry posts lower premium income,BusinessWorld - BusinessWorld Online,https://news.google.com/rss/articles/CBMipwFBVV95cUxOMnBYVXZHYXZhRDF0Y1RlUlA5VDIyOVNnY2h4d2R6Y1FUU2ttSjNJb3JOUTkyd0dJV3Nkbnp4Tk82dkNYN2p0cnVZM3dKZzRWODZ5UnYwYlhDNmdHQVVJQ2lWRlk2Ul9TRkdhQzRfQ09xQzlxNVc4bkVWTU5wZkxjY1pwNk1FYl9mV21xbE9VU1JVYVFvcF92aUlUNEJONjRIYUF3SU5fYw?oc=5
MFC.TO,2024-11-07,Manulife Financial Beats on Q3: Analysts Bullish While Fundamental Analysis is Bearish,The Globe and Mail,https://news.google.com/rss/articles/CBMi_wFBVV95cUxNZ3E3dkpyVG1vM1ppX29oZVlfX280emNacG9sR3ZZYTA0OG8wcDE4X2ZwZWFLV0cyOFktNXAteF9Hd1lyTGlpc2dCRWtGRlNHRWxSdWxPdTlvM2ZtNEFSdmNzMG5uMFpvVmJLS1hhMG9RQnRqWnRXUjdvcUpCeE14YUp0VVlnQUhUU2ZoREd4XzdDekdpWDdYd2s1bVZSZm1DQlo4OEtrZWpEbXBGbURkNGtjYWVSVENWN1l6a2ppRFBiSURLN3Z0dWNxYkhra3FWSDZ1TXlVVUZlTXBHZEF5ZDNLalhHbVZfZFAtT3BYSWVxZndYeWp6M1ZBZlkwZkk?oc=5
MFC.TO,2024-11-11,Manulife enhances ‘Live Well Every Day’ health insurance to address evolving customer needs,vietnamnews.vn,https://news.google.com/rss/articles/CBMizgFBVV95cUxOc1NGQzNOTDVNdlpGUmtCWGpVWDJWbXREYU9TemNTcHdveUtkMlR2VjNTTXhXNzI1Tmp5TFR2YVJRSWEwdGQ3M0tmc0ZwdTNlYUFHM2MySkdKSFNPaFhCNktSNmpab0N0TWNtbEJwSU1DT1ZwUENOTTZadWp1TFBtVFNWdndESnpoc1RfVzMxcHFsXzVtWE1zZE1jTkQwWGlKZ09qcW5mOVB3bDZwWGR3SC1wZW1uMGZ2NGVGSjZma2hUa2ZwY1lKcXRtRjR4Zw?oc=5
MFC.TO,2024-11-14,"Insurance Showdown: Better Buy, Great-West Life or Manulife Stock?",Yahoo! Finance Canada,https://news.google.com/rss/articles/CBMijAFBVV95cUxNaEkzMTltSXBubm1XU1VhQWhqVDl2YW1rSG5NTnRvMVlaY2NxenZvRnFpMzJyME02aUNQVFgtczRXRTNBS2RLdGNXcGxNWGFKeTlsQ3JBLVZObTJYd3R6T0dVMGU2X2lOeVFQdVRKeU1GZUVpWS1kdUxVYlJ6dlhOR0ltMVRrLVotN1BoRQ?oc=5
MFC.TO,2024-11-18,"Canadian insurer Manulife names insider Witherington as CEO, Gori to retire",Reuters,https://news.google.com/rss/articles/CBMilAFBVV95cUxNV0E3SjBkRWU0T2pNaWxGVE1IY2Q1ZElyUnM0Njk4UFFFVUhteTEyRDVEQ2pKb1FYTFFrbzNPZU1oLXk4TEM5VG15SnZCZ2toZlpHRTlieExkNGJpVU5tU1dyc3htTkx4dk9nelpWQllWVTBKeDcyQ0FQWFZiazIzQThWU3JvcG0wX1dDdC03TldOMFlW?oc=5
MFC.TO,2024-11-18,Manulife CEO Roy Gori to retire in May,BNN Bloomberg,https://news.google.com/rss/articles/CBMizgFBVV95cUxNY3hQc3JuZkk3aUpzSmNTRW5lUkpUSU5VeGNuVWFxU2tENGZPNE5zNU9DaHFiT0o5c3BuV3Z6dWNuSUQxVWxOTktsM3R5OGpsTnEzNHByQTRrYmNlUjY2SWFCWG5TUWR4RTJ6Y0lhYUVPQWl1RnZ1SkpEdGhUQmptSzdjdTdQdHUxNUN4WFMtNzB2RnVRcV9welFBd1k2YVlRa3dOd1RiLUF5Q2pMaUFUS2szRzdvVG5MVTI3aEdOQW9TTndiVm8yYlgyUmJMUQ?oc=5
MFC.TO,2024-11-18,Manulife CEO Roy Gori plans to retire next year in surprise announcement,The Globe and Mail,https://news.google.com/rss/articles/CBMirgFBVV95cUxOUGtUcE8yUWJEQVBxMURHWUxabW9Ndy02bEdMaFVqUDVWQndSMnNRT0dSYWIzcl9SbmtZSTkteDREWkFKUDJJLWFLQXg1WmhaQV9DeGN1V2lYNnNDdW5qN1RFVEJFTDZIR3UwX1pzNEtFbXN3QXQyWW5WMFFxdU84Mkx0S3VYeU44VW1wM1owLUpQbmp0dDhOYVpGbkFWYTlQbUd3Y0syVjZETWRqbXc?oc=5
MFC.TO,2024-11-19,Manulife promotes Asia insurance head Phil Witherington to group CEO,scmp.com,https://news.google.com/rss/articles/CBMi2gFBVV95cUxNVmFoRWluTTIzUTJkWmtsQ1cwQVBVUU1TRHFROUY1S0pRYUp5NFlrTzVNc0twWlI1cVMxM3pHZWF2WmgxX1NSMjd3NnFBTlRxUUJRWUxMTlFQbjZvQzFCd0lxeWdBdEdEZFRkcVgxczY0SkV5Q0dDMmd1bG1fRDI5TzlDdlNRcnZnemxNNHJCcGRSSmhWQm1KcnV6a3RKM1hrMFVhbHlYak9UZGs0N29jWFdxM1Rzd1E5LWFiZmthMGtoVV9OalljdTd6aThucFlXd0tObVFwWTdCZ9IB2gFBVV95cUxQMW1JNExKcElzX3ZFRU9uT2hnUEdNSVo4SU1HXzdvU3ExSFdpMGpRWmRhSzFILXBfNGg2RHNKck4wY3ZnenNlc2YtbERtWk1tM1Jud2xQb1Z6VmJobi1lcnQzRWhGMXNva0NXTzc2aHdpOU84SHpCUlJDRXVReE5ReEF0eEh5YnRaUHFmMS1ScWUtUHdRcDlPQVJoekJHS3FGVFZxbnp1N3lPamdITld1eEl1RVU5UEVBWU1USVRLWmlBYXQydVE1QmNJTWlBMWNCUnZFcTNxUm4zQQ?oc=5
MFC.TO,2024-11-21,Manulife CEO Roy Gori retires with more people asking why than ‘why not’,The Globe and Mail,https://news.google.com/rss/articles/CBMivAFBVV95cUxNSW15VUVsdkZuV21mLWtRSHFnVHhoemxqYjdBSmlFYW9vbEhxbExGaW9NUktXeXpmbGw3NEVQS1VzZHZqLTNrR3lDcjdrMTZYZ21EdGp4SW03dEt2Tm5mTUF4M3ZOT1kxZmxCWjVva2dOMjRkNzlfODNxOU9IdTNNTElPQVFsUmNkdGJEVkQ1MU5mLWQ2MVplczRNeEY3SkdDN3lCVTRWV0ZsTVhNSS1PbzFRcmtoaUQwQmxVdw?oc=5
MFC.TO,2024-11-21,"Techs, Energy Propel TSX to New High",Baystreet.ca,https://news.google.com/rss/articles/CBMihwFBVV95cUxOZVdacERnbkxGUkZ6ejFOeGJvODJxSzdlZ2Jackl0VEh0eXRtMzVVbm1HUXBUTmVzbGQ0a293aHVYNFZOdzNhaFVjVjhsX0l0dWstVVZjWGJUTXkzVC1wX2NveHhXM3NRR2luT2ppbE5hODdCUS1SUFA0SjdUYmM2cWJQV1hxRjDSAX5BVV95cUxNRjFfaUNjblZ1Y0I0Z2FEaGV0VEZ0Rlp5WDRBaHhHTl9wRU9BS0pjcGh0ZVJfeEVvbnIyc0pOZlE0d0k2TWptZkNkV0dLcXpJMkR6MXlrQTFfSjZYZS1fbEcycll2ak9GWnFXR3Z3NXphMVRMclhRYmE1THY5VGc?oc=5
MFC.TO,2024-11-21,Market movers: Stocks that saw action on Thursday - and why,The Globe and Mail,https://news.google.com/rss/articles/CBMi2wFBVV95cUxQYXFNd3JmUTFnMXJJVHJDVnhMTzIzeFN4SXVQdDFBSTAtb0F5Y0ZaUndJcDVIVTlfb1l0cm95cWZGY3JxS252N1B6dWVTZXFnN3VMbTRmU25GYmJERDhjbVVVSlR1RHM3Z1pYaWdQa0l0MzNvQTVYd1JTbVR5NlNnR3Q3Z1A0aFBXci1kdmRuMjVYMnJYc3Y3YXptRFNXV3VoVjhHa3NySmR6TVVXUEpsdEFSUUQ3Tl9ja2VsMEpLcHZ1cE16UjgyUi1UNmhZcmpXOEFpNjFRWk53ZDQ?oc=5
MFC.TO,2024-11-28,Manulife Stock Dividend Insights: How to Buy Manulife Financial Stock in Canada?,moomoo.com,https://news.google.com/rss/articles/CBMihgFBVV95cUxNdl9QekU1YWJpVU44dEFMbnVBeXYtR3JraEdBTUpvbHFuYmRRblFnUy1UbVo0TEwxbjl0QUhOUGQ1UGxFWjhMZHU0ZnRMV05EWlBhcGFRUE4ycm5VNFFfa0dtdXFaOGs3RE9PaTNSeGp6eVRuZW1NbWhWcnVLdE5fMGlVX0NDUQ?oc=5
MFC.TO,2024-11-29,Manulife IM launches new feeder fund for dollar fixed-income issues,BusinessWorld - BusinessWorld Online,https://news.google.com/rss/articles/CBMixgFBVV95cUxNZXJWNGRTZHFKdi1PWlJJRUg3WktQRkRudGVwdFlEc0cyZ0JqaHVKd0w2ZGtYMGk2MUNib2dIWXJoMDFfUy1Ib3Y2Zkt6WGdkU2tjV2dLY2FpbFdmNnpodW1fMUZsRTNOeGhmYjU5TkxzZVhmYlJPYktQbno3NDhwSEtRaEZrbTI3UDFJVTFSdWpQZkV0UV82X2s5bmtDbWpyUWdaSldSNEdQeGs5U3hZREtQb0gxcXlRZjdhNm44MVRIVmhjUlE?oc=5
MFC.TO,2024-12-02,'Large caps attractive after recent market correction',Value Research,https://news.google.com/rss/articles/CBMisgFBVV95cUxQcGlVRjJRcW5jVVdBa3AyS2dFWU50eWNKVXpRQlhId0lQdkNvNE55Y1dLVGlMZmstdWVpTndkX0JxTUJRX0Jpd3VmWWhSQ24tLW9tdVFOcHJmRkxDemVIU04yVGxFRzF6RFJJdkpKbDN3Y0dYenoyZjh6aUQtQmNRMFNsZ09MTWk1ajMtRFhZckx6VVY0bjM3cW5XdzJmeXRYS0dMa2g4V3lBUHZWUHFIcy13?oc=5
MFC.TO,2024-12-02,"Is Manulife Stock a Buy, Sell, or Hold for 2025?",Yahoo! Finance Canada,https://news.google.com/rss/articles/CBMigwFBVV95cUxQeE05WmxLck9RNnJBZFFMSW9jMG45cDlJSC1HSzJRWkNHNmNNSnl5QW9DWkh0VmNyZ0dscWwwSGhpV0lCNGdlUWg1UnIxckx1cERTdDk1TERzMEY4eUZvNjRIeHFZZUt4eFZFU3NUNkl0WkFUX0ZJSjhaaUxqQVdCdkZtVQ?oc=5
MFC.TO,2024-12-02,A Canadian Dividend Stock ETF Outperforming Over the Longer Term,Morningstar,https://news.google.com/rss/articles/CBMiogFBVV95cUxPUURxaDE0Y2dHZjBlLTNqNnBDWGFSWWZiY0dTYlBYZTM0U3pYU2oyenVwVl9jQmpLRTdNcDZ0RkNJalp6UlZvWXh4Uy1ELVJLOGNKcnJ4NXk0ZUF1UFF1MDRyTENxVkh3dURQWGw2aW9zazI5SllnZjUtZGdoTkZYZ2xkT0xiTWV0blU4MWhfRGQ1V3cxaU9nVk5oQkZVcWdjbWc?oc=5
MFC.TO,2024-12-02,Going Long on Permanent Crops – Long-term Demand Fundamentals of Almonds & Pistachios,Global AgInvesting,https://news.google.com/rss/articles/CBMisgFBVV95cUxPZzhrYS0tOUlob19Sb20tdXNlQzdfWlgxWEZ0SGJjczFnZW1WclVKalFNMWNXSXNKYUdrZWJrc084S1VFSVRnMXlzWmkwRWVOaEZDT0d3bFFObzltUmNxX0RmTktnaGRMOXh5aTNuRG5TeTViMHJUVlg0cVhRZ2tJZmNtVDdUZS1ZY3NBTWFZTTJicnN0MDZqX3Q0MS1MYllobWd0eXRNZTdTWmRFUTh3MnRn?oc=5
MFC.TO,2024-12-03,How this financial planning platform’s investment in AI has led to rapid expansion,The Globe and Mail,https://news.google.com/rss/articles/CBMi2wFBVV95cUxNVDVXUFozanlkVVpGcERja2pXRGI2TG9fMkJjV25OV1puTkpjYW5jYWZXNGZ4ZzR4bmFlb3pkNlVlTUZpTlJPUUZGaU9hQ2xXVjVpUFllRHg5cXJkXy1GNkpMNHZLTXBRQlhqRmZsYkdYVTI1LXFldEF3Nmh2LVVqdm5TT2RVWDVyQURTbUxWR3Z5b0FYelBSXzVsRWFvaUVBVWo0S1hYM19PU0Y2bkp0RTg4Y1VnUkx4TTdleERZdXNpbmU4VmowQmxtYzJmeU56MFJISHMteDN1cFU?oc=5
MFC.TO,2024-12-04,Top 50 list shows worsening dip in Singapore’s insurance premiums,Insurance Asia,https://news.google.com/rss/articles/CBMirwFBVV95cUxOWXc2RGFqOEVfTUhFSGJIZ3hUNWJHN3JMV3NhSlg5WVdYYmJOcE5oLW1fRGlWR3EyZGdkTlY1TVBIV1U2S2pvbUhZNkMxSC1WNVFTVkF0WnpmeHlsRGtkdmlIbzZsVG9QQmRvaHNYWWY2b0QtZFY2bEt6UW9CeTJXc3NRSXd5YnZJUFhpNHV6SENoZlIweS0zdE82a2UxZWRjcnlWVEV1YUhIYW1wVTRF?oc=5
MFC.TO,2024-12-10,Rolling returns: a better approach to evaluating investment performance?,Manulife John Hancock Investments,https://news.google.com/rss/articles/CBMiwAFBVV95cUxONlNKY290YWNhZVlWZ2Y3U1lra2J1eHlmQkJLbU1rV1dtVmRFRFhOejFFeW1nQXZQUEVmVzNHdC1IRmVqT3lWVXdvZ2UyUUJYYU4xTkg4ZVIzMlBUTDFyTVBGWkRWazA5MWwxdDZ4TW92UDB5dC1MV0Z5SUxJYUJxVHlRZ2hkekpJSFh6VFhmVHFoMFVqWW1fdFBiQ1F1b0ZiQlVNV1h0TW1mUjh6TWo4VHRnQlozV1ZpNEVFbXJETTc?oc=5
MFC.TO,2024-12-12,Manulife Hong Kong Partners with New Frontier Group to Enhance Cross-Border Healthcare Services,PR Newswire,https://news.google.com/rss/articles/CBMi7AFBVV95cUxPS18wZlYzUGpxb2VPQk5UQVhtc0w5bmZ4UWxQRjBKSXRqQkNSZmk1TFBJbUxwTkJWaDhJRjRKRFk4MGltUUIyRjBlWllXT3gyeTdGUThmbkxQYlZtRE9IbEdxSTE5QnE4b1FkNE1qTDFMYWxlanFhUjg4WWdKREtZTGFRMjFrUHlrY05VUzNqQW5vbkNGSWdSOVJJMVlKaHRvSmh3MU1haHh2Y0tJelBpck9OQzNOWGxqOWdzaUoxQmlZbndleElkQlJYQlFrbl83alFMMDAwa0VnOXlUY1BFV1VNRWVKM0Fhd3pnaw?oc=5
MFC.TO,2024-12-15,Interview with Krishna Sanghavi of Mahindra Manulife MF,Value Research,https://news.google.com/rss/articles/CBMirAFBVV95cUxNSlhSZW9jZFVKZUdFUDR0X2xOUm1LSm1qa2FuMFlqSmRqODVOTngxc1RRNXFLU3J2Ny1CU0NGbmhzb0s2cU5zN3J3ZzRacGhSR1k1SUNuWHNhelFEMS1KekpObTZHb1E4U05xc0YwN3NxWExfYU00ck9Jd0dGdExLbjVhV3E3VW9JNGp5dUNuT0d3Q2FsbENaSWFNQ1JiRE5FMmVsSm05bm9TYThz?oc=5
MFC.TO,2024-12-17,CORRECTION - Canadian Life Companies Split Corp.: Class A Stock Split,GlobeNewswire,https://news.google.com/rss/articles/CBMi0wFBVV95cUxNV3dTSnRnZVl1bUgyeF8wQURvaTdxTlhTV2FTbkZFVVRQRm1UWnRuc1owZEZRWXFHU3dIUG5nNVJrQkZ6eUJFR01MbXllQUJ2VlhMZDYzYU9CNXFDVnp1RXozdnRGYm9PTkRUd0JJMmhmcWs5RHhHT19iUnEtbElXY25CeFBkUVp5SWdyMldKVVQ5S2ViWVduWUh1SWJIZ3lZV3hiWVlYUThOTWhLVU53OTBOYl9QYlAtZ3JEZjJGb3JvNHpVNGxNVnJmcG5ublVHQS1J?oc=5
MFC.TO,2024-12-18,Top 50 list shows recovery in Hong Kong’s insurance premiums,Asian Business Review,https://news.google.com/rss/articles/CBMisAFBVV95cUxObWFKcHVmcVctYUxoelVXUFIwek8tVGZyZlpnWHdXdHFncl81RmV4bDBWUkQweHVUQ2cxdk1Pb2s0ZHV1SEJmQ19WSzRSU1FiU2t4SVNDUkZJbzh3TndyYWVXZ1kxUHVvTnBMZktCaWZWOEdPcHdjQjdrSTN1WWxDWV9sYTFkcVB3V3plVldTclNEUnZUdFd1NDJOTklTS2VRS1l1SG1INnhPcS0tdkxrZw?oc=5
MFC.TO,2024-12-19,Senores Pharmaceuticals IPO raises ₹261 crore from anchor investors ahead of public issue,Livemint,https://news.google.com/rss/articles/CBMi4AFBVV95cUxPNzduQzJ0SlpETFhzcmlRNXZrRTk2VjhaMXd3U0d5RWR1bGxDNWsybDNjZmR1Y1FJNDlYaldld1YzSE02ZW1zQ0hEZTQwNy1UMkhPQW5tVUd1R3E4akhScW9tX0hVdDRQLUVkaXk3VXBCdl9PXzBkWnFMcWRNVjFJemtQd1hUTWtTVF9CR25WdTU4MElDd2tsci00ZmJOOUpuX3FrcEV0ZmVXOW9oYTN0MmMzMU1aX0lRa0hvOE9CMUtMcm1BRE1pSkxqa3oyWndxeDU3YnViMzgySk1NX2taMtIB5gFBVV95cUxQR1lGdjg5NTVtSkx5YmtsMU1tNWt1M2c1VXItbExCeE9kNUc4dEZGREFxZnAxbUlRblcxY3FiaEVFVHhRa0JhdlpVLTFhZmN6YU0zc0JHd3NOakFYUE1SNGRodVRtRHZlQ0w5ZldWR3I0c0M5VWhpWk8tS3NIYV93YnlHcGd3Yk5XVjNGZk8tVk5SbEl3NGJkOHdzUnlOQU9oQk1rNFBCZ2JwRk1xZ1dURHJNUVFVLXJ0NFVyVmxneGtLa0h6blhZNm1BSFJBc0pJaEY5WFcxVlVuclJiYXpIZTYwSzk2Zw?oc=5
MFC.TO,2024-12-19,3 TSX Stocks With No Signs of Slowing Down,Yahoo! Finance Canada,https://news.google.com/rss/articles/CBMiekFVX3lxTE5fdnUwaEI1MmtfaU85NkdOVFM3Wk1VNmhyZnVGYUEyTEVTX0FEQURMWlhqY2tSNzlWT2N6TmI2QmpqZFR0Z3FsMWl0MVJtRUZQTExfdHB3bWRRVi1yR3hTR3hDVlluRGE1R3EtUXNfR052dnF2Q0N2bExR?oc=5
MFC.TO,2024-12-19,"TD, Canoe, Capital Power, Brompton Energy announces over $1.8 billion in offerings",canadianlawyermag.com,https://news.google.com/rss/articles/CBMiywFBVV95cUxPaDFvdVk1LVJmbWxGaWJ1UnhhOF9WLUlsc2NoWTdGLWdGVFBUZExrV2lwdjlnUFJHRVpCTUM0NnNqSEpCcVhFYWx6bjBoS1NXUVg0Sng0Vk9haG9JNGVENmRxbDBuUkpCMEt4YTA2c0l2M1E2bFFUcEx0dmNyb05tTW0wSGM0VHNrbmlnNUp5dXZiQ2w3Y0tqd0w4VEgzUUhyODZDUXh5Z2lGUmx3RTFJeUFicG9NTVZLU19BT0pLQjhPNnBDTzBXNTNhSQ?oc=5
MFC.TO,2024-12-20,Avoiding pitfalls as important as generating alpha: Kotak AMC's Head of Equity Research,Value Research,https://news.google.com/rss/articles/CBMinAFBVV95cUxQVGxVTktzOHNrNldfS1M2VDV2TXF0SmhvY0lMNjJoSnJ4M1h4bkJYSTBGSUFaWW1mTGhwWkJMdGViZERoUXVIeWZCVjNzdnA0NmhibHgtOV9ON0NNd00wcnRXSGRLWlVqRjZwMGdmQ000Z3NkZU1qZ05Fd19DOWVyek5jaXUxa1h1LUFic2FTODRwWklyM1JvNUI0N0U?oc=5
MFC.TO,2024-12-30,Fund Manager Talk | Mahindra Manulife CIO Krishna Sanghavi on which mutual funds to invest in 2025,The Economic Times,https://news.google.com/rss/articles/CBMi_wFBVV95cUxPSHdUUDJ4ZEluVjFrWlFRMHdFZXBxVmhFN0xZUHp6czlhcDlxSjBjaUZKVTlvbVNLeWd4eVVTbjNwVjZURGdUMWhDeC0zbUNNNHZBWHFyR1h3SjFQaU55VWNhS1ZZaWxkNTRzQzR0QzJJNktYNUgzaDZKdzFXZHRadXYyUFBTZlUtT2dicEtzd1JrdkJ1RFFsT3hpTFhWTm9QMUhXRUxEdjIyeG1reWxDZGJPdGF4U3VwRW5JWk9RNld3VkpBMWN2a2ZFY2RFaFkwQUg4QmNNVmVSQ0FJR2w5a1hibHNBaF9za2hUajEtYmpUci1kNlNwUE5hWmZzMEnSAYQCQVVfeXFMTjIzem1Rc0gwTGV4UlIyY2kybjZZZFV1NUNkQk9TdUNHNWM1MjRfaGRPWkVVVFRGYllNVmp3Uk9VdDAtVVNlb01sYWR3d0twS3E4RFZUOTdDdTFQZTNoVkhCaXRVM05ONVNDWTNMVGt5Y2lEOG1rd084dERuYmRzRkdzTDNnbUo1MFJxVDJpWTV6S1ZnTzF4S0NDUUdreGVmMnVyUHVHZEdQTllOS19paVQ3YU1HOE9RZmRSX3VVSWI4SEpYWjQ3anRvbU9ZWktaRE4yWWdjYWxIYnJ2aWtKbDBxXzA0cFkxcm1mRVN4UmNYQXY1M0E2bkMxdmJWN0FNS0hDN2I?oc=5
MFC.TO,2025-01-02,Canada’s 100 highest-paid CEOs earned $13.2 million on average in 2023: report,Investment Executive,https://news.google.com/rss/articles/CBMixAFBVV95cUxOMVRmbWdEQnhDbHU1VEZPc0pfTFJGY1I3Sm9sbFIwY3hqdEM5bmxmcm96NXQzTWtZZHduS2EzbkdSLTloZ0NfLWd4MXN6UzFYbURXR3VOQWtWUTRWX2RHY1RhdFBlQmo5cXJhcTZsZmswV243d1Y5SklmSVE0bnFHaFc4dmJ2NFdwSVl3NFg5OWhmdkRJQmdEQWhsVEtld0t3UUhkUWt2aWZQYTJnckpraEZxeVk5THp1QnIwVG9NTUpKQ1RU?oc=5
MFC.TO,2025-01-03,Revealed – the world's biggest insurance firms in 2025,Insurance Business,https://news.google.com/rss/articles/CBMiwAFBVV95cUxQOEQxOHE1ZE8wVmppeVVoNXhrVHd3LU1mV2lRTjdMZFZMVkpkWG9McEMxbDdFaTVjMXRMNFNBT1FSUEljaW5hZ1dWOFZMY080QW5EUl9HSkxNdzBuQVZTaWl3Z2tKMDl4dWRZSkYyUXBFdXo0ZER1RDZUTUttMC16OUdoaVF2NUFHbVNOVEE4a3lsWmw4dXRPUnVyeG5RNFEyRmdsWGE4SlVQc2tDWHQzbUNycXJwaU1iVHFHaUo4cXE?oc=5
MFC.TO,2025-01-03,Why this money manager is buying Canadian Natural Resources and trimming Manulife,The Globe and Mail,https://news.google.com/rss/articles/CBMi2gFBVV95cUxPMjY4SktSckpPNDh1emFHeUNLdjNrdU1ZNmNHSjgtRTV6U1NTVzl1NmxoRnBFbjd1dlJHQXdVM05RQS1xOTBhRExmcHNSd1Blay02WWhwSHVBSm9HUk1CYkU4MVdxLS1vQTc4X1ZXMnh4ZGluZ3AxSmIzdXhTenl4ZXUtUXg4cnZGUkhEZzVWN3JXLUVYbzBiUURQWkNfOWRGTFpiYzJoS3BuU2dhOGU3ckVDeGNMOVVBS1FkWEY2M0VTTmU5Z29UWXZVTVRaXzRXbTg1Y09jbmYtZw?oc=5
MFC.TO,2025-01-08,"Tech stocks help lift S&P/TSX composite, U.S. stock markets mixed",CityNews Halifax,https://news.google.com/rss/articles/CBMiowFBVV95cUxNc3V3eEloTjZtNXBGc2hRT3lmRUxQS2NPT01zbEx3UnAzZkE2Sk5FMnhKWExyc3BUd2FpbXJZdTBCWlk5RE1ZbDVUcU96bU5VY2JSblV0SkFJZm1Wb1F1d00xZ0tDOXRDOUhlcmc0UVY2RENUWFFkVUFXMXNydzZlZXAzR2gySlROUDFOcUt3NENTX25uZ0JReF9iclYzUHh4Slow?oc=5
MFC.TO,2025-01-15,Prediction: These Could Be the Best-Performing Value Stocks Through 2030,Yahoo! Finance Canada,https://news.google.com/rss/articles/CBMikAFBVV95cUxNNVhsNjItOFBUQzU2YVRFZUdYb0ZqdmRBOGhCT0wxWHBlemZzMks4dzcyeFJmRVZ5MzNhSDF1UFRMMEFEWUljX2E5ZDVmazVDRkpfZ2lqSW5BTlI5bGYyMmhsTHc1aXJXR0xMUGpiWkRHNTlGdUg0bG1MZjdxLTJUNlE3MGpaWlp3RVZKV0JOb3k?oc=5
MFC.TO,2025-01-22,2025 Global 100 list: World's most sustainable companies are still betting on a greener world,Corporate Knights,https://news.google.com/rss/articles/CBMivAFBVV95cUxPWWJBX1pXRmxTX0F3SU1Bd3pjYkp0bFB0RDNXZDJBYXpMNW9JeXhQX3pLQzlQY3FmSXhiSl9UWnRjcHBRUUtxcDlRNlRldGJyRm43ZWdxSGwzd0VsSndOTFpDZ2RXeVZ1Um5kSENrQ3F4aDYwUE1XeUx4aVZWclViQThJZ2hsdS1QQm5XamxocS1PWUlYYXFyN0Z1SWRmWHkyakpIZTlqeWhhUEdGa0ozVndfaG9mSE85SWVCMQ?oc=5
MFC.TO,2025-01-23,Three reasons to revisit a U.S. mid-cap equity allocation,Manulife John Hancock Investments,https://news.google.com/rss/articles/CBMirgFBVV95cUxNU1lzODJwNjBSWEswZDZ1cVAzSENoUUdsUmszeW5BN3I1YW9YNUYxNnpjU2twSXJfOWJxV1l3RE1xdUhoa3V1X3p6WjV3Tm1ieHp2d3dVb3JhRnFWODlNRUhXaVdodXNrWU9nbUVQVmFVVFVMbmNxT0NuU3QtZXhLbVpmcWEwV1QxMFYydVYxdzk0TlR0QkxoWGtMal8xTUNfUXVORVgxcTljNHE0Q0E?oc=5
MFC.TO,2025-01-23,NU Forecast — Price Prediction for 2026. Should I Buy NU?,Intellectia AI,https://news.google.com/rss/articles/CBMiUkFVX3lxTE83aGl6TmczLUZkOHRVajl2ajc5YU45T1hwYWtmRmtuQ1NwZXNlYUxBQlVEbHlnTjJzMWZiU0h0V3dyblpnTlVxQ2VFLVBBVk4xN1E?oc=5
MFC.TO,2025-02-03,Five reasons why 2025 could be another strong year for U.S. regional banks,Manulife John Hancock Investments,https://news.google.com/rss/articles/CBMixAFBVV95cUxOV2tQRDZJT0xIRnRBMXowSjkwT2ZCM0ctZHJRZTlIWTE0WDhhM25jT0FtS01MRWJYUFRKN3lxMXJrR19JbXBKUTFMbjA1R2tUQkR5bVllMUVjSlpDenhCcGk0WWYxVnVwdUpmSHBTNVZsdkNZTldsMkc0SmVEN29kcHV1bWpiNl9Cd1IzNGNOc1JTdzFFdlBZTFhfZHBUMmxlV2VaV0hQUnRkMWpkNENFREFYYzhHMzB2ZmRRbk9WMTh5UG0t?oc=5
MFC.TO,2025-02-05,Better Insurance Stock: Manulife Vs Sun Life?,moomoo.com,https://news.google.com/rss/articles/CBMijgFBVV95cUxOWWVQMHdEb2xrdEJCaS1yaHA4cmMzUlU0TWlzOUFYaGZ4VWVmSVl0TXNOdHNoWXNVNm5sQXkwTk5SOXh0bE9FQmJQUW9GOVlHXy00WThSd1VHWHliakhWWEh1X2NzaklsYVB0QmNuMGt0VFVSYTQ5RXRxZS01cDh6NmhPck1YNm11aGZTalV3?oc=5
MFC.TO,2025-02-10,Best Stock to Buy Right Now: Manulife vs Sun Life?,Yahoo! Finance Canada,https://news.google.com/rss/articles/CBMiggFBVV95cUxNVk5zYnZpcUVCbGphWENVYm4xbXIwVmwwLVQ3T29DS2xLTVg3NTJYUi12OWN2Nk0yX1dMVHAyQzJuV3BVVWR3cWtnRzh1Z0NnM0VLVTRZcGZJRGRNYzNrUzYwdDZXQUczY0ZLal9WU2pxNFFQY2Fxbk5HT01wcE44bXJB?oc=5
MFC.TO,2025-02-18,Manulife Investment Management Limited Announces Changes to Fund Platform,PR Newswire Canada,https://news.google.com/rss/articles/CBMixAFBVV95cUxOcmNOR0tOZUZVQzJNSDhDaXotQWRUck9YWWQ2SGNCMElNX2ZOVW5LUlFfd3Q2QjBRb2hkYnplbVQ1YjU1Qkh0ekNDNEdTb01Oak9ndWFENXFhU2lzajVVb0tpTDBoNzFFV2I0bjY1UTJQVy1NZ0o2WEZfbzdlZFZ1WlFJUUk1MTBZcUNVRmlQbHpMTHJPcjNBdF9PLTVINHVBQ0p4X2RwUUttN21BdmpwWkctdk5yTUY4cXVFclRWVExRcTFf?oc=5
MFC.TO,2025-02-20,2024: Manulife delivers 8 pct y-o-y earnings surge,Macau Business,https://news.google.com/rss/articles/CBMiggFBVV95cUxPUWxrRzJyR3RwZ3BSc3ZLYzZvM3M1T202OEZMM2FqZ25PM3J6MW9lckxGdU1jY1JIUHlPRk5pWlB6MkcyZzMxNGJKVzI2ZkdNcGV5NExXM0JZa2J1aU1fR1ZCd25mTHZXOTdzZW5KalVmNENjTXRiMlNlOTlYMjJ3YlJn?oc=5
MFC.TO,2025-02-20,Manulife Shares Gain Most in a Year as Earnings Beat Estimates,Bloomberg.com,https://news.google.com/rss/articles/CBMiswFBVV95cUxPemJmTS1YZzUzX3hBNWZLdXhJZ094bVZ5eW1xTTl3N1A3V0x4UWNISVBDaWtodnBYaTRfVXByZFhFRlJiYmw1QncwdHpuY3g5UzV0cTVlWl9BbjJzUEJHYkliZ0NzNnExOEIzTHlvUUltTExveUhJaFJkb2NHMlc4OWVQeXNucUNkQ0xvV21UdE1uekx5bTJ3UnMyM0tVSnJNMHhGeGxVQjhXTktRVE9oSHdZQQ?oc=5
MFC.TO,2025-02-20,Manulife posts $1.6B Q4 net income,Investment Executive,https://news.google.com/rss/articles/CBMijAFBVV95cUxNZmNWREtzcm9xM1JERk91YU5iVXZGajlpX0ViaDBXWnFOZXFta2JBUWF1X3h5V2t5SmJGWWxKMjRLOXh2eXpFRk1aa3RFUmRYbW9OU1U4OERsanU3b1RTUFpTV29QX0NMVlNEQlYtaVVXVVZTSEozLUJ2NnR4YUY4QUk4bEgxd2ktTFc4Mw?oc=5
MFC.TO,2025-02-21,Manulife earnings soar to record C$7.2b,The Standard (HK),https://news.google.com/rss/articles/CBMilAFBVV95cUxOQnFuTExWX1B2U2N6bDJWc0U0d1pCU1ZHYmM3S08xWWdUS0U5elNMNm5lcDUxWFJ5TGVhNmpGRW5JVXJfZ2EzM3JoSGlmQXpnaHp3SWdka3o1VWNPbm5HdGFfQjh0emNzU0h5dDFmNDFPUE5XRERIQmFGN1prcmdwMUMtTWJXdDFVM1JuNzB3a0phWTAy?oc=5
MFC.TO,2025-02-24,Manulife announces Automatic Share Repurchase Plan,PR Newswire,https://news.google.com/rss/articles/CBMiqgFBVV95cUxQYVJMMTRwdnNOYmpfdjZVcVNZWDljWmJ6SGJDbWRETEhHUTFVWEVOUlM0eWNqUjZzUzdNMnZDcFdOVHRfalhBVnJrVWNta3pFc0xoRUpyeHQycWRJRjFKaG9WR21iQ1FKM2p3ZDczbmVidERDZ3RSNThlc1RnUjdoSGpzQUlURzlHNU1uaU03dnhZRGE5OTlMWlFxWHBFdmNBcEZNdDJ6RzhvQQ?oc=5
MFC.TO,2025-02-27,Manulife Wealth Simplifies Due Diligence with Advisor Workstation,Morningstar,https://news.google.com/rss/articles/CBMipAFBVV95cUxNdlhSajBGV3o0YjdQS0hZcHA3MXp5Z2pfSGVEaEwxMjUxNEF4SFBWOWdwUHpSNGJTNDBrVG5xQnRnbjY1bHg0VTJocmhVMElydUhmNUI3WUxKR1FWcXBrTHctWTRrVVJuRmxQQzRtMjZua200SlN5aGVDellIWWlTR3l2ZDFmN200MWlTemxlOGtoQ3l1ZTNUaF9RazJXdXJIaXNLcQ?oc=5
MFC.TO,2025-03-07,"Chinabank, Manulife Philippines renew bancassurance partnership for 15 years",BusinessWorld - BusinessWorld Online,https://news.google.com/rss/articles/CBMi0AFBVV95cUxOYlJneDFPWkxmcklxWEhqb1hIVXNIa1g4ZlBoYVJ0RkNoMmFXd3BOSk1HQXJtLUhROFp0Rk1kTFdkR0hxdGl0bE9fTzBaR0VaRG1IVHhOTXpsUVZNSUlkdXpNZ1dLd2lGb3BJUWRaTl9CNk1ZcnVEYzBjQTRsZ3Nyc21iMk5oZk5JMmVfam9UM1U4Snp6eGVVMUxHV1dEUk9iZUFUUVhiNEJPTGl2M2lIT054enJlbTRwZ0ZpeFJzNFAyaEcxcV8tZTBQWmNEQWEz?oc=5
MFC.TO,2025-03-07,"Manulife Extends Strategic Partnership with CUHK Medical Centre to Include Histotripsy in its Holistic ""Medical Professional Support Service""",PR Newswire,https://news.google.com/rss/articles/CBMipwJBVV95cUxQTzNtWFRsRWlabERWTVlzRTBqYnFTZ3o1dGNHVlhjaHJmamphUFAzSHpOQnN6bTR4amE5QU5Fd2NwbzEyamxqbkU3ZmVheFo2U2g4UVpFaEo2TEt4akJHTFJPb0RZdlpnNWQxbTRZUkJPUEpWYWx6RWRjeUEwQ2F5ck5yMk5nVHpTYVJJQUNsa1dLM2F5QmU1NDBsbi1pZXZEZzRnLWV0bTk5Sm9EMzJKcU9Lc2hOMEczSXZWR3E4MlhYR2hCZUp1VjF1bURpMHlLSXNUUHViYU9uajdxOUR6ZWFRWk5Ib3I1cUFuZWpVaXhaVGVlR3d5WUF4UktwVWhQMlFwQjlNTUsxTEZFcHBpWlJreDhCWDMwZm0wTTJBOXNoYnhlbk9F?oc=5
MFC.TO,2025-03-18,Manulife picks its chief actuary Steve Finch as Asia CEO to lead its biggest profit centre,finance.yahoo.com,https://news.google.com/rss/articles/CBMihwFBVV95cUxOTlJBZzU3d1FQVnJfSVRXZmNKYnFEZUVhUjB5UGw3SlcxdTNCOUpFTnBPVjBEdWZFNTZKYzZyVGxLX0dQdTR3SFRoTy1HY2FoMWdtd0xQenFnekxFSkVLZnNwaXU5UWxFeEQwSkJlbm9GMzcyc0RvQmRZOVBHNnBpMXp3OUhSQnc?oc=5
MFC.TO,2025-03-19,John Hancock Retirement Introduces FutureChoice™,lifehealth.com,https://news.google.com/rss/articles/CBMigAFBVV95cUxQRWFGQXRRSWE5WXQ3SUl5bEVsQ3VtZi11VTNGQVMwUm5mMDM4V1Bza1hWV1hPVF9kanhMQlVVNlNraGZ2bEZfSWFDT2ZPdHptVkRJU3d6ZDR3VHNpMzU0UmgxNU02UnA3Qk1BOTJmbWc0dldkOWprS2VGUHpCblRfbw?oc=5
MFC.TO,2025-03-19,"Manulife Asia Names New CEO, President",Wealth Briefing Asia,https://news.google.com/rss/articles/CBMikAFBVV95cUxQdDNYRmUtQXdTQ3lCRDBCSGhpazNYdjVhUlo5THZWemtyMGZ3aGFYYzViWlY3LTVsemN0V1NXeVU2U0YwbHFoNm9mWDMtV2tfZGVGZ1JSUGgtSXRIQ19zelFOU0RzVlR4bG4wbWQyeHZ5SlVqT3FSM3FieVZUaXp4SjZNTmJZWXo1X1V3OURRYU4?oc=5
MFC.TO,2025-03-21,Manulife board sets incoming CEO’s pay package at around US$10M,Investment Executive,https://news.google.com/rss/articles/CBMipgFBVV95cUxPaXN1RGl6akVSdWpZWDhkM1dWTXMydjNydWpfUVZLcGRvb2lRUjdaV2Z5b09lZS0wankzcE83UXJDV1JCdWFuVjl2Mk9QLV9PQ3U1ZFVBMXBDa3dUVXdNTXIwZVV1czJ6b2NNVGlBNlg5cXRZM1dmRnNiSTdVTWxVS3JwVnZzZFB2UmE3bGdGTEx3eEd4cE83MFBWTFdFV1FxaklZZ3J3?oc=5
MFC.TO,2025-03-26,"Manulife Financial: Buy, Sell, or Hold in 2025?",The Motley Fool Canada,https://news.google.com/rss/articles/CBMigAFBVV95cUxQRVpMSUJqczRoZ0poSTRZMWdVeFVEUG1WaWRFa2hsbFBNYnM4dk5ySGtpS3JHMk54SUEwZXVKNURzd0NMaUFqSndSd09lSkpEVW1PVDFSQ3VaTVJaZ1gtUDA4MTZoRW05SUFVOXlSVy0zM0w3UVV0WkN1enRNVDNaWQ?oc=5
MFC.TO,2025-03-27,AIA Group: A Great Growth Play In The Insurance Sector (OTCMKTS:AAGIY),Seeking Alpha,https://news.google.com/rss/articles/CBMikgFBVV95cUxNMnZ6Ym81aFRlRmNkOF9MODF0Qnk0Mmh3X19SaHpIYW54NmJhWldNUHN3MFZ2dHlSTDFEQU5maTJkdDVIbExBYlFLdW1sdW40bFBMa0pjcG4yMUJPX3c2QXY0MmZNUk53SVpIU0pxUnFxMFdKZ2VrcWZ5M1d6bE1MOUI4a01qNC1raDlzSUh1OTdZdw?oc=5
MFC.TO,2025-03-27,Top 10 performing mutual funds in Canada to look at now,Wealth Professional,https://news.google.com/rss/articles/CBMivgFBVV95cUxPSGFrTTVjd2xtbGw3dTNMRms3MmVmQUlteHFkSVVfcm4zdUV6UHFjMUNqTm52LTlBNG9wTjhLLU9FbGs1eUNnZVF2STFwenkyRnlQTzhiTW01elRuYzJCZzNQQUYwWGs0NFp1TmxzN1VqdFZyaGxBNFVjSURyelJyR3hFX09ROEJBVzE2bzVLZml2ZjZTcDk4Y0FZcWl4M05wUEZyMGZ5ajFRRVdSakI4UzJWR3RxMEtEWjNyMGxR?oc=5
MFC.TO,2025-03-28,Go Global: 10 Non-U.S. Stocks To Buy Now,Seeking Alpha,https://news.google.com/rss/articles/CBMihAFBVV95cUxQSUVGSTNhRXVCa0ZLb1FvdGdNVV9Oa050bHlJT2JfbzE2bzRqcmgtNmIzUXZienNrWFo1Zk9OX1k1N3NOb1Eya3VDTXMydGszUEZPTG9aejNVSnAwUldlS1pPcDNLTl9FQTNoQUtnQlZZWHZsMW4wNkgtdmJkNDBOMTBZMi0?oc=5
MFC.TO,2025-04-01,Manulife Renews Exclusive Sponsorship of Angkor Wat International Half Marathon,Kiripost,https://news.google.com/rss/articles/CBMirAFBVV95cUxNRHgwWTE0UFpBZXRlbVBYd0Q4OUFCNnNuckx5cEQ5QXd4Z1R4amVpQ2N1MU5JZUMwVUdETUVSanp3aWxyZzRZMUpmdUE0RVR5emZVYzl2TlNLYk9SZ29CNnVHTHJ2WHB0SndBbVpVN1RpRlU5cnByWXBlYzZHTjFTc2ZRLTgzTWIyRU5YN2FWcnFURGlteFBKM1ZSZXk2am9JMm8yaDJWTkZRV1R5?oc=5
MFC.TO,2025-04-01,BANK ETF Holdings List — TSX:BANK,TradingView,https://news.google.com/rss/articles/CBMiZEFVX3lxTE1yQU03aEpyc1p5MHRjNVBHYzFoRnZxY2RLajg5dTEwdV9XT1d5dG1wOGEyNm9KcHdyYVhJRm9PdFo3bWFwR2xNRjI0djFVTDQzckFxaF96VDVFal9XWGdrY2VfTU4?oc=5
MFC.TO,2025-04-01,PDIV ETF Holdings List — TSX:PDIV,TradingView,https://news.google.com/rss/articles/CBMiZEFVX3lxTE5KU2ViekZEMTN3ekpVMjVyYzNTUzNyZjczMUhVVHY4REo0YnJWSV95QXJGVUg1WDlHeTJMTHRmcDNrRGw0QlphTnE5TzVQSWREYWNzT1RKQWd2Y0puNENXV2J4djk?oc=5
MFC.TO,2025-04-01,Manulife Investment Management Acquires Cold Storage Facility to Increase Alternative Exposure in Client Portfolios,PR Newswire,https://news.google.com/rss/articles/CBMigAJBVV95cUxOSjVNZ0gyMlJlRlhZMlc5ZlRRZjN0XzR5clIxTU1KSW1PQjZ2ZDd2LXNOOHlfWjduVllsSmJKcXFRNWNKZ3QtQVVfWlJxUVJfLVJnQWFpVW9OdERKVjJtZmpEOFhsb2doYm81OVBSMlB0NDlaT3BvdklIZFhSMUtNQU5rYVg1MkxRRlFxeW5mVVdOVWhTVmo5cUtWb21TYXZxUEMzVFVtb2RKa25VcnJfRVZvVy16YlQtc0hhQTEwTWtKVWx2UkF5TkV1VWZObFJOSFZUazNWVGsxYXRFd29SQlR1NlZSSDlOb1pITFkwZkxkakNkeHpvb3FwazJCNVAt?oc=5
MFC.TO,2025-04-02,John Hancock modernizes Mainframe to Azure and enhances the customer experience,Microsoft,https://news.google.com/rss/articles/CBMikgFBVV95cUxNRXl6Q2N2RFd2T1VNOUVFSlpwVFdlZlN3dnA2dTcyaUMxMHpqQmRmY2EtdXU0eFVYbEFCN0ZDUUUyRWdBeFBwdUo1OERFTThRTTZMWm1qU19BZDREeUJqNzJOTTZKWk1lOUc1M1B0R0pvMU9hbXVsLUFuOXpPay04M0RZOEQxVzBNSWU3RnBfMUVEZw?oc=5
MFC.TO,2025-04-03,Manulife cautions investors regarding New York Stock and Bond LLC offer for shares,PR Newswire,https://news.google.com/rss/articles/CBMi1AFBVV95cUxPamFEV3Z0Ri1WR1U1SDRtdlF1TEE4VVV2RjU3dWNjalFseUFqaWdVWTdGTkJ1ZVp0R2JlZF9yMzZQZlozQS02VGpmUnhsVE9sYklGNGw1aVd0cnZkeXhHOGRjNkZCeW1oU3V0Y2M5ZkstVDdhQjV1bHptM09ZNTVVRU01ZXhHZnRVUTJkUEdYcVN2aVFRSW9KdUthNThlcjRjZlN5X0VlcUFheDQ0VTlfbnRVMVo1aTQ3X0drYmUzV243MEdSSE5fcU9kR1p4dE4zZjNZbw?oc=5
MFC.TO,2025-04-04,Manulife Philippines Appoints Amy Gochuico as Manulife China Bank Life President and CEO,The Digital Banker,https://news.google.com/rss/articles/CBMiugFBVV95cUxPcUxydUk0dmR2YlppYUJLcVdpa3VMdHBONDV1Q2xvT0U5ZGxOSkN1ZDVUY1FQQXZ2b1RMU1NvbEpEdGVWWjdWMU13eUNBazF2cExRbHFoaW4wWjNZdVl3LTJRQkdnSlBtdkkwSE9JRUpyTUl3aVJuWGZNbTZZT0w1OTNOQ3c2RFJpTXdmS01pSVBrcjVGcmJQbG9pV0NZMDhHSC03RmxxUjdQOXN6elZsVUl6Zmdhbi15cXc?oc=5
MFC.TO,2025-04-04,CDIV ETF Holdings List — TSX:CDIV,TradingView,https://news.google.com/rss/articles/CBMiZEFVX3lxTE84WF9ja29xMVNrTnRwSDBJNFBsTHZaNnU5eldJcWtZdVY5YkszMnJrUDgyX3N2cWpGb3piZGJVcVl3eGtiNlpsWFc5WTNSeWwwZjRoRy1fMWZmd2lNM2Q2d2NaQWw?oc=5
MFC.TO,2025-04-09,Stock markets in Canada and U.S. soar after Trump pauses some tariffs,CityNews Kitchener,https://news.google.com/rss/articles/CBMiwwFBVV95cUxNUnJLS3o3QUdhX05URkQ2QjJaeGFvbXhBLTYwTlUzdEhkY2VVMkJla20yTDZOR1I0SV8zd0w1cHNkM2ZaN2ZhNG0xUG5DaHRMSE9adUxFUmxWVFZEaXV5QldnMVUxYXM1ZlZvOW15RXhQbW1aRWF4bG1zeVBGV1dmYkF6NHg5WVltX3pjV09wYnc4SmZXaUpmVHZzRXFkUzBRcjl5QURKcHVSYkx5MTJWakJnbFdxeVNuOVVUSzdZd25aU0U?oc=5
MFC.TO,2025-04-10,"Manulife Vietnam sees solid profits in 2024, fuelled by strong financial investments and cost management",vietnamnews.vn,https://news.google.com/rss/articles/CBMi4AFBVV95cUxOZDh5UnlNT2lQTVgwdEsyYmF4OG0yZGc2TEt5VF9mYVRDVmV2ZU1odWtCeENvSmZyUHhmeWExVDd4YUgwSnRJWVNUWHZFRkh1NklLdER4aFZkdjJ1YzgxUVk3V2lMR0I1bW1VbnBvdTNBaVJkaFpOUEdhUDRKbUpXR0dqUnZPblQ4ZnRBRlFUcFA2U25kWV9mdllfYlFXdzhsT1NXRUswR1F2YzYzY0Jiay1manF2ZlhLY1dHNU1rUXFWU0NfR1ljZ3E3SkpJZ085ckRWNDNXcXNXeUljaEtTSA?oc=5
MFC.TO,2025-04-11,Deals: CDPQ takes minority stake in P&C insurance brokerage,Investment Executive,https://news.google.com/rss/articles/CBMivAFBVV95cUxQazVpUUJmWGRDd2lGd3RETDFDTDc1UERkdWZ3Vkx6VnlNQTV4azNLc3otWkJIWEhBSE1pMkNjWmR3ZmE1TGlHQ09QcU14ZGhaQ1BDa3N4eXFMZWRRelcxbjduVjZ3Z1ZONVJtb1E2REs0QkhodWpiS0NUSWFRSlI0TFZ4QTdFdWdQTFpfaXIydjNVU0JIcVpHUVI5UjJINlF5aFNxbUNTYThLeFFOUlgyems5dHBLSlA5Nk1SSQ?oc=5
MFC.TO,2025-04-14,"Manulife IM Buys Sydney Logistics Park From KKR, Centennial for $35M",Mingtiandi,https://news.google.com/rss/articles/CBMirAFBVV95cUxPUm5fb19jdTRBVURVX2x6SC1aVWljSjJlWDZYcTFpcTVpSXgxenY1ZENZa0RjQ0xsZjBTWjlkRXZVc0VqcmlZbWJjZ0hweWtLM1Y4bkNTc3E2SDJMdW9ZYmREaGlpMTU2UGtjVV9HNDd6Z2VCRllLVTE5V1BJV2tYdmdldUMwU1JpZnlMc2JnNzZ6dWQ5TV9zalJHS1JnZWNxdS1kMkIwWmh5Q3FJ?oc=5
MFC.TO,2025-04-14,Manulife Wealth Launches New Apex Unified Managed Account (UMA) Program: A Streamlined Investment Solution to Boost Investment Advisor Efficiencies and Client Relationships,Yahoo! Finance Canada,https://news.google.com/rss/articles/CBMijwFBVV95cUxNRmdjS2J0Q1FGNDVUWVR1Mk41Wkp2U0JmX1RjQ0txcTh4Qmp1aGVxSUFlYUQta1BoR0lhVnZSTUI4ajNwYks0Ylo0YXdsTThCYS1BajBxUlFtcExiR1BYeFNWRTZFMGtqMEgzbHZRcUd0WHJtMk5ULVdNSkdBenIxWWNaNFVvMlpNTHVSS3U5Yw?oc=5
MFC.TO,2025-04-14,Manulife Investment Management Closes Manulife Private Equity Partners III in partnership with Ardian,PR Newswire,https://news.google.com/rss/articles/CBMi7gFBVV95cUxOaWkwMGswSkpZVzJCZzg1WEhYa2NoUmZkalpEZXZySmExMlZ6ZFhHbExTZllJbXNzLXJ5U1ZtVDk4UnViU0tGMlFDUjlLSW94YUxQVWFVaVg3ZV9mTkNmOW9RRkV5ZFdTaG9wbXRHTU9nR3JHU0gzYlEtaW1iRkRhcWFJclp4NXlhbzh6SzR6NkZtc0VES3ZiRkdheFJiNVJObm5tM2s3U0dkai1Dc2J5YjlkOVItSjVZbnBuUDkyQkZmYlotMXNwZUdvMEFDbHBzdElBNVBEQlZQTU5JVkZPWjhCYVR2VGJoQldSOERR?oc=5
MFC.TO,2025-04-15,Unpacking the U.S. dollar’s correlation with value and growth equity style rotations,Manulife John Hancock Investments,https://news.google.com/rss/articles/CBMi0AFBVV95cUxQaWNlQWk1WDVyakk4ZmVKNzVxNkQwTDV0MUQxZWlMQWFiOEN5VXVxUnRBN25hc1BVdVdsN002dFJVdV9mVG1GQ3lYUkFkTUJ6SFhfQ2dLeG9XWTFsMi1Ca0FUdVJwbnhFdmN1bC1jR2pxMnhMbGlVVE1ZYWEyeUMySWFWRXo2QU1RNWtLOEJUZ1BwSGs0OExnQ1dFenRza25lUl9GUm1fTEdhNnVKeHh3Mk9aQnEteWx0QUhRZnM2cUEzQ3pfZEY1V2U0a2lUQ05t?oc=5
MFC.TO,2025-04-17,Manulife Investment Management Limited Announces Results of Securityholder Meetings,PR Newswire Canada,https://news.google.com/rss/articles/CBMi0gFBVV95cUxNNmRhVkhIS0JYYlhBX0tHSWJoajJQVzhGa0hxVHNLaDdRTjIxQlJaVXFwRzlDQWNhVkhLU0hERUFoM19haDRqb0dGdHVOVDhHVmJ2SVM2dXA4Y1BPX3BncnFJXzdmc2lnR052ZThPbXE4bUFwNlJvUFh5bzVDcjludmRTVi0yWWpfYzFQMERSUXJjMWtoVVlDYzZhLXlreFJEcm5UYUh2TjV2WVF2bXUzSkZZMS1NM0UzZGJ2cVBVYzRyMVo2RzI1MVF2YnhuMUlQWlE?oc=5
MFC.TO,2025-04-17,What’s with the mini-tenders for insurer stocks?,Investment Executive,https://news.google.com/rss/articles/CBMikgFBVV95cUxNZlBPWkNVMkhiR1BQX2R2Z3dVOTRsVm1fWVE2RUI5WWRLNzFCWnN4UmVKNkpyZTN1UEFqWU9PZXRobXptSW4yZ09VYlRXMTNFakEzV21xZGpnQkcxS3p5S3MyYTlQTWpjd1BYaE5Wb2hndzRDUUQ1MC1fYjR1Zy1qWG9xOUJqVlAwVURHNmVSU3VtUQ?oc=5
MFC.TO,2025-04-23,Prediction: Here Are 2025’s Most Promising Canadian Stocks,Yahoo! Finance Canada,https://news.google.com/rss/articles/CBMikgFBVV95cUxPVzdEQ3hzNHA0NjhNTEdVbEhQUTdmdzdJMFVnc0diUTNFVS1qQjhkOEdka2NEeWtLcm9jcTJJS01VdUQxdEg3Q0JKSlU4V0Y0TXcyeGQ4WmNscEtqbFdyb1pRUnl1ZERZVG0xLVlTVTFidjRZMWkxVVhIT3JvWEFmZW1TdExyRW11elpGY2tPLXhQQQ?oc=5
MFC.TO,2025-04-25,3 Canadian Insurance Stocks to Buy and Hold in Your TFSA for Financial Sector Exposure,Yahoo! Finance Canada,https://news.google.com/rss/articles/CBMihwFBVV95cUxOZm5WLWtjejVKSzAzMHhkZjFHNks3WWhwbnJKeUFfeW5wWHZHMjFEU2FRQTJMdlo3SU5oQTRvUDluX1h4bzJtT01FaHQzclp3a0poLXIzUXkxNG5PZW01NWYyV0l0cVRGd0EwbUd1bVhkU0dnOXlGWVhHTGEyVjQ5R1NYYUJ4NkU?oc=5
MFC.TO,2025-04-27,Better TSX Dividend Stock to Own: Manulife or Sun Life?,Yahoo! Finance Canada,https://news.google.com/rss/articles/CBMihAFBVV95cUxQZXlKMkxhcUNoZ0x1MmpHVU5NTXd6MHRqMUpOcGF5OVJSV3dNWXZkSTZaX29SbENqc1ZGUDRERlhwNThoX1NkQy1VLWg0X2FHZHB6aXhrNDRJeEpnUDJfZEo1X1JZeG1lTV84LTA5cWxVYXlqTFFNRjg4eTFWMXAyVXJjanQ?oc=5
MFC.TO,2025-04-28,Manulife Launches Two New Critical Illness Plans: IncomeGuard and IncomeShield Offer Market-Leading Annual Critical Illness Payouts for Potential Income Loss During Long-term Treatments,PR Newswire,https://news.google.com/rss/articles/CBMi4wJBVV95cUxOY0ZWWi1uZ2F4OVNIRF9Ea2Jsd2hlYUwzTUVuRUdoX3BUZFQ4LWFxazIyYjhzcGhyTXRhdERuVWE5dTF2V2dCdUlxN2hKejhhLXdjTWlmVldzTUFCVHVOdGpORk10SDgxVExPY0NDaVhscmdvQWdGVHlmRElXTmRGeEtIVmdqdzQ1TTVPRjQ1ZlNmdWxHb0otellQYWhPeG9xQWItS3FUa0lFRW5wUDZsSWFKM0x1N0lkZW9xSkJWXzNRVlpab3c1d0lNeEJMbmhVTXVfWkZpNi1EOFlGY1k4SDVuaHNxUGdnRmFBcDUydDJJX0FZcmxOZmc0MFMwZ2ZWcEJsZWdiVW1KX2ZJV3VHaDd6M3J3eV9nc2F1QWw0R0Zkank5dXROV2VUcW1Bck05OFR1dTFWTHkzTjlQX1M2SndMRFhxNDlxNVYtSHFkN1NudGRQdE1NTWxhVFNfUlNmRm5v?oc=5
MFC.TO,2025-04-29,"Manulife vs Sun Life: Where I’d Invest $10,000 for Financial Sector Income Potential",Yahoo! Finance Canada,https://news.google.com/rss/articles/CBMigAFBVV95cUxOYS1iN2RKcExuMmR5QlZ4eVRVUnI5ZlpoM0FmWU1vb0dIcFNacDFRTVkzZ2ZOZm5uUFdIQVB2WUxKbW83bG9QQ2Q4NzQzWHA0ek9teXc2aVhVbUoySGJCZV9YN3hqQ2E5cVhLanFiZmRMMk5kdmpBWWJvYllMNVZqZw?oc=5
MFC.TO,2025-05-08,"Manulife Q1 Earnings Miss Expectations, NBV Sales Rise Y/Y",Zacks Investment Research,https://news.google.com/rss/articles/CBMingFBVV95cUxNNm05RHBRN255MmItWFVEOWpKQWtOdy1WWUs3ZlIxMzIxSHNCV2J4bHhHVE0tWUQ5TFp0NGpRc1A1LXk2WXBQeU02eG1FeFBwWE8xemIzVUROemdBRlRqTlB6OWdQVV82dEFuVjlGQ0w0TV85blFGNmd5YUZaUXdzMHRXOGwyb0pLNk45b09kUi10NUxJMmZkbnE3M24ydw?oc=5
MFC.TO,2025-05-08,Manulife declares common share dividend,Kalkine,https://news.google.com/rss/articles/CBMif0FVX3lxTE5KSFBsQ3pMRG1aYTR3UnZrX3d5c001d25Lbi1wWlB6WjFmNjU0UWhfRHUtaXV1WVZidnZMYTdhWDBGWWFDQmY0aTl0MFVwOFVlRlNYUkFfN3kyZmdUbWRjVzNyTWVMRHBnVW9HenVpdUFCMUZPcXB5NUxtZ0RBT2c?oc=5
MFC.TO,2025-05-12,Sun Life Earnings: Strong All-Around Results as Dividend Is Increased by 5%,Morningstar,https://news.google.com/rss/articles/CBMitAFBVV95cUxNQ29XYW1kcDJTazFad1dqNi1ZOGZvU01IXzM1YjZJZDZ0RjByR2g5QmpEdmY5d2E1VE1ENVVNQ1dDZnRpTkIyX3RVN1FRdWZCS2JCN0R5UUNycmFKODA1Y2RCaGdlRHp4cHFwc0ZnQ09YQkktNDhnVW1taVV0ck1Hc2xlQ0l4OVdET3hRNEpQc0JrTS1hN2dTSlBlRmdSTXF2S2ZHWDFBY3hDX1kzODJZYWNQekk?oc=5
MFC.TO,2025-05-19,"When riding the market whiplash, structured notes can smooth the journey",Financial Post,https://news.google.com/rss/articles/CBMid0FVX3lxTE9IYWVDRmx1QklpcmIwdTRtTkM1bG1McjZuVkhWYWhiaDl0UjBqV2VrUWN5UTZWdmcwSzVrVVhaSUhPSVBOXzQwNWlweXNYQWZLUVRVOTJNVnJ0X3Ntang1bzQzdnZMLVBGRk1kWDFkc2RTaGRzZF9V?oc=5
MFC.TO,2025-05-19,Manulife Supports Cambodian Children's Dreams with New Education Insurance “Manulife បរិញ្ញា (Manulife Pak Rinha)”,Kiripost,https://news.google.com/rss/articles/CBMizwFBVV95cUxPX2ZuVFJ0bi12elVQaFJXaTN0d0lyM1ltTmMtbzM3VV8wTXEzSjBTZll0WDdnUnIzd1hMbWdpLTZPNWFrMVNGZGhqU29Xek5oM2hIWjVEMGQ3clpmRWQ1VmdrcDI2aUluVGNVY004em1rQ2FVMV9NeHdfelpab0ZyLVFkZTNjbXJEaW90eXVWUDhLRkZtellxdjZJM1B6WjFPekYtbTY3VkFBYXppVWN3VVdqLWtxVUdMMUVzU1JhbHpKTThGUDVaTGVjWkUydXM?oc=5
MFC.TO,2025-05-19,Bulk and Block Deals: Kotak Mahindra Mutual Fund buys 1.65% stake in Ami Organics,Moneycontrol.com,https://news.google.com/rss/articles/CBMi3AFBVV95cUxNTXdmSGhwbVZYNTc1ekl1UFY5aFRaOGNYQmFYTmZlcDhfMTJSNm03NGZsT0M5MVVLMjM3MDNpRlNEbkcwWTFuT2lodHF2ZnM2dDFVT3dPamJCX3Aybm1XWUZyTnQzMWpIVFV1MFBneW4zODJVa3JQbnJPU1pBdlI0SnpWYmpuUW1NNXVSMlpsbUhpOVIyZ2doN1BjSmJMWnBGZlJCSnhjNzE0WUV4cXpkQUhieFVIcjhwMDc1RDFNdWUyUG01NWtoNzV2a0dVVDBBTkJ4YTdRbGVEamZz0gHiAUFVX3lxTFBIY3BCWTFiQ1BtbmpfQ0JrajMzT1VZdkw4WmFlVm1TTklZeWd2aVJnbFppY2ZMVDI2cFJfOTZyTmNUby1Ecld0M0JSWkZwYUxrYWpQdjQ0RFp6cEluQUNOTFBhUjFTeWV2akhMeHdGcHZrbHJORHBaZXlTUWhZMU1veGZXYVpwV3NDTnFDWlFVbzd6V0NkaVhSZEdYMFJSMlU5ckpqelBtb2xJSEtmck1KZ3RtUUJoVkpaaTk1azBRa3JwT0NFU0hzcXRhUzVqaUNoTWJhak42dkkxcGZqNmN2Y1E?oc=5
MFC.TO,2025-05-27,Best Financial Advisors in Canada | 5-Star Advisors,Wealth Professional,https://news.google.com/rss/articles/CBMiqAFBVV95cUxQR0M0NVRPaW41MXMtYjNvSEw4bkx0aEpQUHoxempKVDZkNFpuaVJ1OE9WTG5JUUtUS0Y2TlBpbGZOSXVTMEJLWklBd29obTVhcElZcGdmS1NFVzNUQXlTZ1ZHbUlIY0tfeHNyRGpuNEZIUkgzUEdWM0Zkb2tFckFXTkl1bGNKbXNhWk1hWTVKd293NC10U3d5R2VlWHc1UWpJYmxEXzFtdWc?oc=5
MFC.TO,2025-05-28,Recession-Resistant Portfolio: 3 Dividend Stocks to Hold During a Recession,Yahoo! Finance Canada,https://news.google.com/rss/articles/CBMikwFBVV95cUxQR0kzZlZhaFFyODgxSnFiUTNTN09uVTR0YjRpNFFQVHRZSE9JZGFvdExQb255QmIzTUxPV3ZUcGN2SDNUbmo2QjMxaVB5MDNKck80WHdzQ1JPM0NsdnFhZUpjcG51UHV6VVZDSnhpRFEzeEQyOEY3TC11OHlGaUtiWUtDemxpYmhpUlh6aHlMNzBnNFU?oc=5
MFC.TO,2025-05-30,EVTV Forecast — Price Prediction for 2026. Should I Buy EVTV?,Intellectia AI,https://news.google.com/rss/articles/CBMiVEFVX3lxTE5fYW9KcmJzVDB4dFVhRmlDazhCNHh5MnJQOWx3dEhLS0lxbGFZZ0I2eVIxTXpkaXd4Nk1DSEpEcUFYS0Z2clhuY2l2ZWZGYlhxZjJzMQ?oc=5
MFC.TO,2025-06-08,Alpha Picks Weekly Market Recap,Seeking Alpha,https://news.google.com/rss/articles/CBMifEFVX3lxTFB3Vkc1LTJ5QWVSenJ5dmlLMWlJQnZ1Y1hsUU5wVi1Jd3VjUjFmbkdRUzJBcjJNdUpxLW0tWVhMT0lBaXV5TEdGcXJtVlRFOXg0LTdfWVNoSEMtb0hRMmEtV1BtdjlOMmMxQThwMzdSSmF6MFg5QkFYa09mazA?oc=5
MFC.TO,2025-06-09,Best Stock to Buy Right Now: Manulife Financial vs Sun Life Financial?,Yahoo! Finance Canada,https://news.google.com/rss/articles/CBMiggFBVV95cUxPOGxsTDg0VmZIdE1aN2RLM3U2LThqVGFFVW5peV9HaHN0Wk1XREd2U2xuVU80aTZOZ0M3V2p1cUdrQjBKNDhUTEZCNmlzWHhxOGlNZmdpT0xCR1FfYlBzX1NIYUVGVGpaUGluSURfX3hLWDkxTVVfLXc3cTVzdS1scjRB?oc=5
MFC.TO,2025-06-09,Is Toronto-Dominion Bank's TSX Presence Signaling New Momentum In Canadian Financials?,Kalkine Media,https://news.google.com/rss/articles/CBMiyAFBVV95cUxPS1pIbWMwNEhZYWxMRjN4ajhtb1FoMFp4bm00bTZfUy1aNXVnbkxJeWhtbkJzSE1LNTk2RmR4ZnJEQ2d3TXRQWnVXRmd6UmRsOVktWlNsenBQelkwN1FvS05yZUJtaXpiVndFOHR4V2pUa0tZbXNwTFFVWXhDYnkteGM1T0VpTHhMQjNrbnRHM2hOOWtSOFFQLVUxd0RlaWU1eWE4dTc5YkJkMTY1dDgtU293NTNsMTJFRXY2X3R2VXQtTWJVWGVITQ?oc=5
MFC.TO,2025-06-09,How a growing network is helping deliver life insurance and wellness solutions to underserved Canadians,Advisor.ca,https://news.google.com/rss/articles/CBMilgJBVV95cUxPUVRoN2hhWUJOUGNtcExITFgzTVJZUnNvWHRyaTJyWkdEdnczd3NYZVlqYXBXb29WeEdUcWN6czBGWkM0NEZLTFJYUDdoYnd3UEo1c1NmU25ZcWxoQjBZN1dhNDllQndzdjBrb0hSY3g0V1dYQ2lNWEhGbEhqMU85QmN2Um9BeEplRHhULXJheU1pdGlwSmN0TUxHMXJFdXVFY1hpMTg5aHlzcVVtcGJheEdPRU85Z1R3anRWVHB4cWpfeVFoSGJvbkhKQkVtbS1xcWN4ZXZ0M1VjN0QwZ3lWbGxCU1hicHlyNDlpa1Q0U2JxQzJiNVFwVUxEa0VubHh1SHltWkxtcUh6UEVWVC0wRUdlaXM5dw?oc=5
MFC.TO,2025-06-10,Manulife Wealth fee changes hit some advisors harder than others,Investment Executive,https://news.google.com/rss/articles/CBMirAFBVV95cUxNWmQ4SEI1LTl4d2lRdTRNY3RRYzZEZ3ZoOTVUZHhibjdYQ3pXMFpTWkg5YWFwYzNCeHdrNDB3TjlQT0RiR1hzUjhaNm1laEROV29TbGxqNzNZejdsc0tvcHZ3RzE4VVBsQzBISEd2WUgtcGVKOEhCRGthdkZpUjNPSnJEd0dnYjU4LXJDSDR2bzB2MHpOcDl2RkxXYXNsem9qQ1BaNF9fOUdJX2Yz?oc=5
MFC.TO,2025-06-12,Insurers show strongest financial performance in a decade,InsuranceNewsNet,https://news.google.com/rss/articles/CBMingFBVV95cUxQVVJlQkdCMW1pT3EyWUJzNnR1dUhiUUJRZHdia1d6eGxVWWNWb1BHQllYN1d5M3oyMFQ5dmRJeXZEeWlrR3RNcENVZzZmbkt0RkhMQUtWdFdaTUt5THMzTmo1dklxLVlCQ3lfWDdaWDNmOW1pOG9ROEItdmZEOV9pWThYM2E2VkFxRWhOR1JzUWdBSV9KV2REYUE5TGNfQQ?oc=5
MFC.TO,2025-06-12,Manulife Climate Action: A Solid Choice for Climate-Conscious Investors,Morningstar,https://news.google.com/rss/articles/CBMiqwFBVV95cUxNWEZOeUlLYjNRRERKRkZ5eVNLemxxeUdrMDhDYWZfOTNreE9Rd08xWjAyZGRkcnltNlNMd3NhTmdvTFVaelFPUW1pUWlSX0xYNnJRWEhnSFJXSzhpalptU3VnNTZibjVWSnVtbnhBV08wWUNmTE5pUUdzNzJMd1ZXRGZXUHpEN3pxSTk4cmhNUjcyckxreU5CdEpUTnZNUUxGSmVDSWc1YnJGQzQ?oc=5
MFC.TO,2025-06-16,Manulife Investment Management Announces Updates to U.S. Core Value Equity Team,PR Newswire Canada,https://news.google.com/rss/articles/CBMiywFBVV95cUxPSVp1eTBHSXJtTFI3Z3RlTGJOcnhpaXhVdE5QNlNpdjN3NU8tdnp1b2x4VGQtcFh2a3FuTDVQLXE5ZVJ0QmFaaGp0ZFJWSlpHZUxfTTMzVjZVMDc5WnU5VDdpYmRBeExtblhNWVlpcUtJRW1TSnE3NDQxWXJGaUVMZmd4cXQ4S1VNWTl1amhqV0NmSWVscGNaTHR3VVNIMENfd0lWdkYwakltWm5MMG9nRHpiVXAtMWZSb18tMnVsZGpaYUgxN2VhY1k0TQ?oc=5
MFC.TO,2025-06-23,"Manulife (International)'s re-domicile to HK shows confidence in city, says CEO",The Standard (HK),https://news.google.com/rss/articles/CBMiyAFBVV95cUxPdXhUakcyQjByY3FYMFhlRFRrQTJOZzl3VnhlSldrRk1rZFhlWU9jZnVfRldNZ2VGUk9Wb2tGVTczeXlBMEgtZ05nR3A1VF9xSmlrTTZpUHhMU1hSYmNFTW9ZdGg3RUZodDBsblpxUW9GVWZWWG1nS05Lc3Q4S2NnSEIzZVVScE85aXYxdWV2dDZNZTRMZzZkUEV1RjUwbEtHQWczSENwc1ZRLXIxS2lPZGFsTHZKZUZrT0taRjJydGZBaEdfUWFPVg?oc=5
MFC.TO,2025-06-23,Conquest Planning Raises $100M to Expand AI-Powered Financial Planning Platform,Fintech.ca |,https://news.google.com/rss/articles/CBMickFVX3lxTFB0UUlfSTlXaWRMV19QSHlIUVV0VjI3ZVpITkJzcWlRajVRakNvOEl5UkRXNGtDRWYxb3ZLM04xdFZ1dlIzWXNVWGV6MlpNeklISFVIOWhjeTFHY1J1UWRtUjB1d01FamtLR3lkYWxVNUpQUQ?oc=5
MFC.TO,2025-06-23,Manulife Named #1 Life Insurance Company for AI Maturity by Evident,PR Newswire,https://news.google.com/rss/articles/CBMivwFBVV95cUxQVnBidnV5RXdoOG1EOHByX2prOTE4S1hWb0lPUlRDcG4xU3N0R3ZQTjk0ME5XSG9TR3I5cWMyZXRlamhoY3ZxNjJjdlpETjZlNVBWUzFGTDE0cnZPMktJVWRoNVctQXhFQTFDRGJiSlpkdzdZWmdGZ184SWVhaXUwMm5RRjlLeUNMODF3a1Bfb3drZDQyMVJPMkxGOG01RGI1b20zRmtYVFN6QXM3M3ZXOG00UTk0T1RlT01YbloyVQ?oc=5
MFC.TO,2025-06-23,"Mahindra Manulife Banking & Financial Services Fund - Regular Plan: Overview, Performance, Portfolio | Mutual Fund",Value Research,https://news.google.com/rss/articles/CBMisAFBVV95cUxQQkVoN051aUZJb2RJRUljUmN1d2dDZ21KOV9FTlFwTEdBTDhWaTNIYTFCR0h2Z2NudzFkNkI4YUZraVk4VFBQRnNrQXkyRzlHSENkQi1sUVJVbHNSYnBnT1hvWEFhc1FpNmg4V1JobHdMRk1KWEQ3TzhyWWM2WEpaNWI0NWNGR3FFUXVRQmNZeHdyS2ExRVdHU2FYWTNWbnBwYjVvOVZFNVI1RU5aRnlveg?oc=5
MFC.TO,2025-06-24,SGX’s Hidden Gems? 8 Quick Things You Should Know Before Investing,The Smart Investor,https://news.google.com/rss/articles/CBMingFBVV95cUxQVm5sNGZzcVN1TWpSemJ6anJUTHROTjlVRUItYjNNdjhldWU4b25wMUdWTjdKcnVNamlqMmFjSzlNUDBmQTA3dzVNTk5BNDdjaVhoMEkxZ0hOSWx6bmp1QTNPVmcyMHg3c2FNYU9VWlNfZy1XTDFDTUFaOEk2TWJBOHprYkMzMWYzZTZiRGJlMDE3d295S3N4LWdQaGY5Zw?oc=5
MFC.TO,2025-06-25,Only 6% of Singapore consumers want to live longer: Manulife,Yahoo Finance Singapore,https://news.google.com/rss/articles/CBMihwFBVV95cUxPQUw5TW5QMXR6UzY2YTM1Q0dwN2taeUUxcURsT3NncW5CTjNsR2syMUgyWXhTVnVlYTFFSUMzblF0Q1dQTi1semY2ZGUyMUpUSWVsU05lTGZnZ19VbVlYUmpnSnAwMWxVX1VCZjRPMXlaeXRCUmhMWEUxNFBRaHVDd3RGQ0pvOTA?oc=5
MFC.TO,2025-06-26,NFO Update: Mahindra Manulife Mutual Fund launches banking and financial services fund,The Economic Times,https://news.google.com/rss/articles/CBMi5AFBVV95cUxORWgyWTlITzBsY2ZOSVktVThNSnUyZXNfamJKaDBBLWNHbkkxS3NHcEVHcnE5WHBvRVROeFRyWTlyR1NWVmJqa0U0OHpZWWxWZFdIdG15V1phMWdWNGdjaGhEMGpLeHVPRXRKa3hUMUhVSlN2SVZYN2dOM1M4UmhiVFNJajZzdDFZbVFNZmRBTTFxa3V0Ti1jaG95a0Y3UU5tLVBlSFp6YzBNSWZJbDNmNmtFaFpmWVpOZ2lhck9IT0VXX1ZCTk1YMDl1MEphaGFiMVBaT29mb0lhQ0RTNFVtM01USTbSAeoBQVVfeXFMUFFNbTlPanNUVUkxTGZ2YmVIY3k1U3BKYVBnYTNzLVR4Z3V2dWMxSGN3WnRJY0FRUy1Zb09Hd29Ta0ktNVZSamhEaE9tZWh0YkFBdWR1UVUwUkg2dFJPUjc3b2h4dy1qUHp6Qm1ob1FHbmtGbURxVWFxRVZFVUR5RDBIbmQyTTh1NG4xbzhoZHdDRUpGbC1HTUVld1U2R002VjFhOFhnOG9uVFFta0cyaEJhNU1mZHFyUTc4WVJ3aGxLaERtZzZWMDF4eGtHSS1mYVBjRmtfY1JGOFNrZVJaR3EzUHh5dFdxR1pn?oc=5
MFC.TO,2025-06-27,"UltraTech, JK Lakshmi, Shree Cement, ACC rally up to 6% on positive outlook",Business Standard,https://news.google.com/rss/articles/CBMi1AFBVV95cUxQbElsT09uRGZDMHJDQmJNRDNudUdGSGdnNVp6aFZlbTM4YzhvNjFFdDNhVTB5QzJSNk40OVZPTVlpdHN3N1A0aTdDWDA3Y1RVWFlqbk1tUGpsaW9mNldNUFJXSmFMUThHQWszYUdjbzZZNkRFNUhFcmJjc0ZQZEJ1Zll2bi1yMVdxTW5LY1p4OHB4V1ZaZkJQaHRoTUpPY1lhS180N3BHZFpfQ0NZb3dvU2tDSExhZlJSNjhFa2pEdVAyOFA4dUNPVEF2V1RSVG02MGNDU9IB2gFBVV95cUxOdmZwa2xmN0ROWnh0bFJ0QjRXZGVIS1B1UnBOSjU4d08tMFM5M3ZlZ3c1a1ZfdWZxc1ljcmc5REVDeDNrMTRhbEE3YU5EckNKNngzeXdfQUU0ZmIyckJ2eGp1eGUzVWVuX3k1a2ZqRHNMWkhab2VzUEoyQTdXM3JpZkM5b2tMZHg1ZWVFMHdLNHZvZGdDcm1uTDJNUUJOYV94ZW1oc0RZSGpUeVlSak11dU56eDk5N1RYYjRYY2NhLVp4OGdJbEtKZWxOTjJ2WVNDd3A5Qy1ZdzRkdw?oc=5
MFC.TO,2025-06-27,"TVS Motor hits new peak, surpasses Sep 2024 high; is it good time to buy?",Business Standard,https://news.google.com/rss/articles/CBMi0wFBVV95cUxQcTktR0RVRzR3TTZVa1QweHR3M1VJRkJiM3pJeGIyU285eVZxQW02S2I5T1htTW9TXzFZYzBhaUV0ZHE2SXFXcExMbHcwUl9PQUJzM2ZEUE1rcHlrMDIweDVSVlRtakJOS1ItaC1PUk51LWJWMG4zVGp0MzdISHNtR0pCeTRNYVlEcUlEcUNtU2dXWTBvd1lQVXRmU1loMVhHcjA2eHJ3YTBMem1TckZNXzNoemFaLXlTUXJPNnluRTZ6MDRDZHNKbjZoMnMyb2hjVGdz0gHYAUFVX3lxTE85SWZIS2dqbndUeVhDOWdXMDhCdTROWnlIZTJ4d2ZFN21hYk42RU1ERzJUZFpESHNhaVV6QWRkM3NNZmk2UzhJRlYyNUdKN3VFYlo0NHdrcWdlLWpjcE8tLUFTZTU3MkpDa3NxY1k0MmxHUmd6cTU0Nl80N25xYVJVdHFSTzAxSXR2WE5ielJLcU5PbG9Eb1BDMTY0Z2licm5TWmxrWWprUVVnZjRjNDI3Z3VnTkhlUXdqV1R1aHdUNmpGOTVMQWszb3V4T1pqcDdFWVRfdEc2LQ?oc=5
MFC.TO,2025-06-30,"Manulife expands in Hưng Yên, unlocking new opportunities for local community",vietnamnews.vn,https://news.google.com/rss/articles/CBMivAFBVV95cUxQNGtpaE9laTZPb2lCNFA3NjhzWWJwaFlQY2dkczhIc3d4MkVsY2FaSW9FZ2RDQkVuUG9rSXZfSG94Wnc4ZWRBcF96ZDdVNUMxOVJ2TnhFdmdNaVdFZTNfTDNKenFCWmZHUWxVSmpfTk1LR0V4NE15TDQ5U2t4ZWk2OVdqTHJUd1lJVlp5ejRPbmw2SjBIVVJWcTRieW00cjVHUTJQaFlnU2FjWk5pLVhROHhTUkhKNVVaVDVlRA?oc=5
MFC.TO,2025-07-01,Tax deadline to train ticket cost: Key financial changes from July,Business Standard,https://news.google.com/rss/articles/CBMi3AFBVV95cUxNakt6WmRTZEdoWTRxR2Nyc0QwZTdfSV9ubFlIUm54d0pYTDAyQ2Y3NV9MSUpQdXc0ZTh5U0VfNTFYdXB6YTctUldiajVKNE5TVE9NV0tHb3hUUFZBOXFqS0E0bUVDS1V1M1dqamV0bUZrQUVNTnktczdRSnJHZ1NqUi1UalB4bTVmMDNqNDBHcEw5dzczb2VYMS1yUDRleFI5Mzl2TFRtaGpuMWlmRzlXZ1N6QUZWdXNkQXc4aHVabVNSNzBpM2l5dlA2WThSVHdyWXhVSzdSNUNIZVNK0gHiAUFVX3lxTE5tQmpVZmtqWGpkZVJjMUc0cU1WNnF2TU1TV09PU1dIZG9jenhsSmJPRkJBS3FVYlF1YXFUMXQ4UU5VLTRQZlkxWHBrU3UwTUxuWjdraDBnd0k2RFRKeWxacXVVTVRZb1JkdmlqUUJVNW9KVldtSkIxcDE0cFRLMWxzMkpPdGNsMDR2TFhESHdzeGpsVkR3YjVIWTJSSi1jWHUwaHVlQVJBOEYzOU94V2lWTUduSkw0cHFDZWN4U1pjNkIwVFo2UXdodWx6ZkQxNXN4M3FncHBRSHBVek9nOFU3VFE?oc=5
MFC.TO,2025-07-03,BMO’s Top 15 North American income stock list sees four changes,The Globe and Mail,https://news.google.com/rss/articles/CBMi1gFBVV95cUxOY2tOc1FvNnF6Q2JPaHo4ZHdabFduRHZzQUlwOVp2TzVDN095SndEWS1KVGNLZ0gyZV9qdDlDdk1DZXdENnZPR2hkVDZZa3ZMOTZva3c1NmE4UEVXWkIwTFMyaDFUb1NXc21SNkZ4MHROeWE2UzlmM2U5LTREWUZoYzdYMjVLNjU5MkQ4VWJVUHBWMGkwMDZkRG1OaUZIc05IdXYxQ09KNGxLdkgyUUNjRnNRWTlvOEMxNi1fRzIyRFo0Qlp4YWlMMURNVUhqRmVmeS0zd0F3?oc=5
MFC.TO,2025-07-08,ETFs Investing in SiriusXM Holdings Inc. Stocks,TradingView,https://news.google.com/rss/articles/CBMiY0FVX3lxTE9EVHhva2Rzd3ZfS3E5ekg4cThVcWNGS0tIQnE5MjhSaldkanhybzZJVWNGUFVmT05ER04tTkFyN2dHUVRDQldwMDdwMmFhZGJZVDVOTnNOX3JmTHBseVRvYV9TVQ?oc=5
MFC.TO,2025-07-08,Manulife Investment Management Announces Global Equity Portfolio Management Team Transition,PR Newswire Canada,https://news.google.com/rss/articles/CBMi3AFBVV95cUxNdWJSNFA4MmRCOGg1RWRxRmRxVkVxcWVsZUM5U1BmN2JnTWhxVXk1RjJ1SkNnb3VMM3BSTkFTUVJOcTNZc3NaV0M4ZUNTbTh6Z3BBNzI2TUFPb1RobnotbkZhS3VJVWJiTHJENjBsQ2lvTXFJTGRpemo5T2ZIekxsTm1PZndqOThVcnpJdTdVam8xU0hvZnh2NEFTUXdGX1N3WHJwVjNoSjZkTkFuelRKSjhIQUNDaEptZFRlNWQtYnRpaWRmeVNfVzlaVndDUkVCS3p1YUljbUZKazct?oc=5
MFC.TO,2025-07-09,ETFs Investing in Jollibee Foods Corp. Stocks,TradingView,https://news.google.com/rss/articles/CBMiXkFVX3lxTFBJSkJFT05yTFFGUWFaZVRpbU9CbDk5SFZmTzgyakZqLVQtbFBiWU9qY1RxZm04VFctVHpjYmVtNkFPelI2N1hJMXBURUlTVTUwNklOU0FwWlBQU0YxNmc?oc=5
MFC.TO,2025-07-09,ETFs Investing in Open Text Corporation Stocks,TradingView,https://news.google.com/rss/articles/CBMiX0FVX3lxTE5qRTZ1T0w2MW9CY0w1UXY5OVVzMFF2N2pMYkR5d2dhWVR0NXpMZE9lM2J6bExVM3hCcG9CRkExNnBiaEwxNVI3MjR4c3NXMGo2TEFDR0FkQjc2eW5fTHJj?oc=5
MFC.TO,2025-07-09,Life and health insurance: Financial results of insurers operating in Canada in 2024,insurance-portal.ca,https://news.google.com/rss/articles/CBMiuwFBVV95cUxQeVBfRGFFSDloclc5U3QtbW9mLTFjUFowMVducGVwM3czNzlFSTFiMTRCNk54Q0ZvcUl4YTZlTXdYdEFDOHRRRG15MHo2MFQyOGJjRkpQajRaQnROZVFTaDhndkh5c2RrRlNDTVJvMGpVbjl1UTZyQzB4MU84QmlmMDY2S0w1aVlIOTUwemNCMTdWeTBJYW5WOHVscXRxZ1I3S0ltblZFVDI1eGx6LU1hTFY5cXdPLTZpRU5z?oc=5
MFC.TO,2025-07-11,ETFs Investing in Pembina Pipeline Corporation Stocks,TradingView,https://news.google.com/rss/articles/CBMiXkFVX3lxTFBzQTVjektWSDBrdHhzNGp4d2pMR0VWSllEeG9QbmdmMFlCR3JkNGJGeHRIRkpIeVNnNnFmME1YaGtfZ2VuZS12TDhEemxjbm82ZVhaUDFlQ1ZRNFNSTWc?oc=5
MFC.TO,2025-07-13,ETFs Investing in BOK Financial Corporation Stocks,TradingView,https://news.google.com/rss/articles/CBMiY0FVX3lxTE1DSXdfSGpSelh4QUlXblBzdVg3TUxvN3VrQkdCem5wUmpLVjJUWUJkUjNmVTVWZVRqMXI0ZVpJTndJNnhaVmpocV9EM2NIM3BWaW9nZmlvUmdBWlhPeVFRVEEyZw?oc=5
MFC.TO,2025-07-14,"NTT DC REIT is different from other S-REITs with US assets, says CEO and CFO of manager",PressReader,https://news.google.com/rss/articles/CBMiiAFBVV95cUxQMzlNV3Yzc2NwNm9JUWx3SlpYd2FuZkxCZktvdFdLdnVSOE41UmNqUDNOblduRktrbWhuT3k2WFVxSEdkbGhHd1lSZUZJRy1XQ3I2MFdGX1hSdXU2cl9pXzROYjNhc0xSazFkd0ExSlFoQmIwNVA0SXlZNzB6MEw2ZEtDcHFHTGFh?oc=5
MFC.TO,2025-07-15,These 10 TSX stocks bought back the most shares last month – and four look like good buys,The Globe and Mail,https://news.google.com/rss/articles/CBMi3AFBVV95cUxNZG01dFdvS3MySlByUGlIU05OdERXWEZCVzBPQ2FNenFLZVdLWGxHUjc3c2FiUGlpT3l6Q1lwLTNDakx2dEFmUnNKeFlNb0ZKUUEtejlwZElrRU5uN0UxNGhLdW43LVNiQk40YUlJbzhlNkRyUHJzZndRWU16d1FRampwejhQVTFFWHl3NmxDWl8zaURWX2t1QmMySVZhbVIxRXg3amRLdXpBV2ZuUG9KY21OMkk1TE45Mno1blcySDJPLXZWSi1uUE5wVS1zWmhYNU9TeUUzNlczSW1B?oc=5
MFC.TO,2025-07-17,Manulife Survey Reveals Hongkongers' New Perspective on Longevity--Prioritizing Living Well on Their Own Terms Over Simply Living Longer,PR Newswire,https://news.google.com/rss/articles/CBMinwJBVV95cUxOOUh0MDQwSVBYbkthYkI3QmZvc1RXN1R2dFRLdUpxNlB3bmJqUDl2SUtsNlF5MTk3TXhRaWFKSW1VRHZCUTl3XzJ6OUlFbTd3QmxISzdsU0Ftb3R2M2JYME1SazhtN0V2eGZCTlZMYnVYTDdIV0ZPREQzR1FzSnpCX1R1bWRzb3dWbTFCYjV0M1Z5bFYxOW9WRWZXTi1ub0pMbGh0WjNpRmRmNlRLeVlDZkIxV2VwSVJqQjAzN1hlTFRuS2tyY2pXMkxvN2xQeHpQSF9jeXF4V0NxcVRZYjAyT2xuTHZTbklDbks1NkQyN0ExNlNIYzZ2RkNJS2dKbWtpb3pScDFJd2xiQnMxUU9SMl9hV1FsTXNiWFBybUYxbw?oc=5
MFC.TO,2025-07-18,AI will mainly hit 'white collar' over 'blue collar' jobs: Hull,BNN Bloomberg,https://news.google.com/rss/articles/CBMixAFBVV95cUxPN19ac2U1d1pvY3ZkYUd5MTlVVFNpMEZuOG0zRjhBclNyYkF2SU5CeHNleDFzUldfYkM4M2VrMW5oVVVpdkhjRGFDdHAzN1h3V2FBUWJGbWVScUd5WGdCclhqbVNIMWFSNGJLUk9WeGZYVmNHbGdFUFJkSWZVMW8ybWstUGUwTm9HZTNXcGZNNjJTSUo0VXp5RXNfTzdNY1BTdmtBQXZsZjhnWE11OW42YnFnaWtoVVpUS3NNQ1Y1SXZ6Sl96?oc=5
MFC.TO,2025-07-21,"Here’s How Many Shares of Manulife Financial You Should Own to Get $5,400 in Yearly Dividends",Yahoo! Finance Canada,https://news.google.com/rss/articles/CBMiiwFBVV95cUxQckhIMGJPRGowS1IxU0xMOHJYdnItamtVbXdwTmFlSWZtcWFZb0c4UHdpeWFreGlVUVdXSW1JSkVzdHh2Y19PQlE5VHNxbUl5ZHlXQUxvOXJDRFV3bm9WamtxRnY1LUtsUm1IQzJFWm1CNVp0VzM0b29TNnd4bFNfY2NiQ3NUcnA2S3pJ?oc=5
MFC.TO,2025-07-22,Manulife Looking To Sell 22-Acre Cherry Lane Shopping Centre In Penticton,storeys.com,https://news.google.com/rss/articles/CBMidEFVX3lxTE5taEF1TS1wSkVEVktHRXhCejc2R2tWSkkyLWtRMlNyeEtxbmhkcTN5Ym1TYU1yaF9WR2ZSNHFDclRLZkRja2tmaXQzay1wM1J6TzNYMG5QcGlzN0hfN25nMUZFazc4bEkyTTFvSmtnVXRDeVAy?oc=5
MFC.TO,2025-07-24,"Remembering Stephen Brown, the ‘Wizard of Oz’ who took John Hancock public",The Boston Globe,https://news.google.com/rss/articles/CBMihgFBVV95cUxNTmhITTM3X0RWLVdEY2txT1JlMndXVE03ZGFwbmJYelN4NzFjcFlESTFUZTJvMGd0S2ZsNWFRRHJ4d3Jrbi1LQlhzRWlQc2FYMjdUZ19rdnhGN0ZRaUlQME53RmNDQjB4X19hUmZmdnNPbVBPWVd4ZzgzeEh3TXBMYndjUlBmZw?oc=5
MFC.TO,2025-07-24,Want Decades of Passive Income? 3 Stocks to Buy Right Now,Yahoo! Finance Canada,https://news.google.com/rss/articles/CBMihAFBVV95cUxOME9Ba0JDUnltQjlCTXI5V00zM3M3VmVNZU83V3RuNWtzSG5vTkZQcHVLbW1CNy1IeVpGV1NsVm54d2pfTVVjeWxfYkFkQ1ZWYjhLM01nWlp2bkNHaUF6Y2lFNjdVbVluZWo5Tlo5TnplNnlXV3ZUMlBxSzltTE1EQXUzdlM?oc=5
MFC.TO,2025-07-27,"ETFs Investing in American Financial Group, Inc. Stocks",TradingView,https://news.google.com/rss/articles/CBMiX0FVX3lxTE9DaWlPcWJJWW5NeVhxNjJ5QTdDTDBqQldncE9mQWFRRjE1SHY2ZUpubnhYRFRxY3ZNSUVFYnpWZXVBSW1ZQUowX3ZvNW9qMHA4MXNGeUdSVmdQX3NLY1E0?oc=5
MFC.TO,2025-07-28,Want to retire rich? These mutual funds are delivering up to 30% returns,Business Standard,https://news.google.com/rss/articles/CBMi4wFBVV95cUxPZndXcUhkMWNiWWw3NTVsS2tDcjR4QzRVMzFCOWdhcDBTVFRwamFZQTFkZHNkNHphcTNyY19kdnM5Sy0xVDJWSmJ0NHQ0MHQ0OTBGZUNLem05SGl2OFNBLXJGaVIwWV80UTNVdnAwT0dkRG81OFBJUGhtZlZXR3BtXzU2TlRuOThpbk1iaEdfNlMwR1Y1RGNad3phSFNhVWRYVGpSZ0xGaXB6eEdMQjRaUU9jbG05cGxXVGdMRGplNG1jYWVXam5NT1Q0d3RNYXliWllPcnp3dVNvZVh2SEthZmxvWdIB6AFBVV95cUxPT0d0d3RlNEY4cnhHazZiTktyeEZGcUdUMHZ5Nkl2WGRjUjI0dnlkZFZZbU9JZ0RpUWxRcFo2NE1ZNW9JajRrb05vREhNaEVBSkNjQXV4LWdmYzFBUjgtand6bGFSallabF9EOTMtTktBQVJXSk9CdDRsZE5pWFBRT1lmekJ1eUdGMlBPS1Y0ZDJ5ZkpIOW1EamphRWR4OUVrX2VfajBfbzk0THV5a2hHaWxZSFYxVllpWG1rUXJSTDNKVmxTdTlWQVdNY3FWMjBZVUlCUGdhMXJ4THYyNkZvUG9nRURsSkhw?oc=5
MFC.TO,2025-07-29,Sri Lotus Developers IPO to open on July 30; raises ₹237 crore worth shares via anchor book,Livemint,https://news.google.com/rss/articles/CBMi4gFBVV95cUxPTDlEMDdfMnJmd1pnb3VGWTZna0hpcjhRVndEaUFYM0k1bktWNWhYTUJGMVpTT0hzb3FQMEtIdTU5RmZ4NlJieWtMZGxnOHNvckJJQ0tieWt1VTVvdG9fa29aODNEUzhYakJwZ21HSlc4TTNDMDBneGdsQ3piZDZGeVJfM0RPWVdGaHhSeWltNzdkVVpNX3d1N1RmVU9CdGlOelFwWHNNckpvc3VxeUJsNFdudVFRM0ZVMUVqRFhabVgtbThKMFhTVU42MEJiM0szR1VCRG9Lb3NMUFFsdG9fWmxR0gHnAUFVX3lxTFBVcGNmSXZ1MGZFVWQxNThDMVpKNlRpMklHZzhpM1hCTDd2TzZiRVVJY1NBNGdqS1AxbXVNYTY3S2tkWVVQcXFFeEYyQnk5WFRGTnhwRHNTSGY5NHBsbjNpUkFnQ281Zmp3MWQ2d1FBbHRMcUhJcFM4RThzQUVSMjZ2ZENLZm1pbUNFNy1IQ1VWUEtSN09KT1JlRzV4d29nMWdhcG5rVHA2RmlFd3ktRHZOc3VfMGhLUFJDcWpiMFZqc1ZuQkNORUpOdkhZaVdhTHdadWlzQi1YQ2FsU1p4S0FsdVNFQWFSWQ?oc=5
MFC.TO,2025-07-29,Sri Lotus Developers raises ₹237 crore from anchor investors for IPO,Business Standard,https://news.google.com/rss/articles/CBMiywFBVV95cUxOTHNSWGtWWkxxMnl4bnM0XzNIX2ExU2lWWjMtRmdxSFdBQmkwMUZOd3k0bTZucU53SlVuMzN4Q3VRczJhdDBqVGt1SC1IY2ZMb0w5SGczUXVEOFk5aE10YnNxYzFxQjhNdlBtRTFxREdQbVhPWF9pWmh6R1E2ZnMxbEJvNDV4bF9lcGtvOTNNYUdia1NIazZsRjREaTRJTGU0cnl0MC0xMUduT1VoYU5iWWRodF9lRE5mdmI3V3FBWlF0TnVSazYwWU1BRdIB0AFBVV95cUxQUk5UR2xuVUVfX3RHOXFDeW1TOEF3UHloSmhUNm52bkxRX3VxdklMSDE3eXNreGg5ek1ISGttc3JwaUZldU1aRmR5T1NTM0duN1FhMU1GNUpMaDVpU1kyMWw2enZtU1B2el9nM0Exb013a3RfUk9NLWpPOG05WGljUUEycTZlZUlWQlE4QVVjMUV2alZZLWFYSWtFTEFMM2w2Q25CWFpERGtUMGF6SUJXOXBaYkVxUVJaS1otckU4ZjMtQkp4MVI1QzFjdF8zSmZh?oc=5
MFC.TO,2025-07-30,MetLife Names Adrienne O’Neill as Chief Accounting Officer,Business Wire,https://news.google.com/rss/articles/CBMitAFBVV95cUxNeFgtLXBkTVZ1bnRURnhrTjRIeGFPSF9fMHJSamFoaGxxVkhsaDJtOFhObEgzMHRGRklpWjN2a0pBZXF2eFc0WEloUVV6YUFpenJVRXloa2RxUWV0VlNNdHVlWmItNW5fOHQwWkJsSFpZaU9PZU9MQ2s0SF9uQnFOM2tQaUxVWFVIbXZiY3E3LW9RazRLT1dBR3hydzZoVld4ajdqTlZwUWk0cnZiVVd0dGNuRVE?oc=5
MFC.TO,2025-08-05,Blue chip stocks: Help your clients choose the best!,Wealth Professional,https://news.google.com/rss/articles/CBMirwFBVV95cUxNbWI5N2tEb0VsZHdLTzRpZXcwMVZJYkdBYXpnRlNwb1NENWpFUTMtdFZwWDB2OXpBekhqWXZMWmRnNElxWWNyY1Rfdk83YjlLTHI5bktITEpPdzdkTVhJOXRuZmlvV2xVbmktYVI4Y3Q5dlFUZjhiTjdzWm9jQkdEdWdwQ3RTYWZDTnRUZThCeEJJSlZUZWQ2WXNoeldUcEc2SXNROS1VUDMxWlRON3FZ?oc=5
MFC.TO,2025-08-06,"Manulife to Acquire Comvest Credit Partners, Creating a Leading Private Credit Platform",PR Newswire,https://news.google.com/rss/articles/CBMi2gFBVV95cUxNRnBGVlNEb1d6bE53Z1VLMkRzeUw0S0ZydEZEWDlKbFhNMm1MaUkxRHBRUnZLZWJQcHBzb1dHcHdoaDEtcG5kMF9sY0J0MDhTRllDMXlxZXRULXdxWTl2bU5HcG1xZko4N1l2bjRfTGc3dVFDZHM4ZlRvMm14bTIwWXphZ3lHbjN3VzdRVU1xb0xzSHhDSzJEZHJEc21wV3lwOHVLTndZV180Q0ZneHhwX3luNlFPaWhqU09TLXRnQk5rYlRkb0lpS2N5VU9PRHRvWVh5MklIRXJEUQ?oc=5
MFC.TO,2025-08-07,Sun Life Announces Appointment of David Healy as incoming President of Sun Life U.S.,PR Newswire,https://news.google.com/rss/articles/CBMi1AFBVV95cUxQOEpSNWhpNWEzemMwNWFrRUJEdWRITWx5d2xfU1BpaXpBOGxsUzlEYW5TRjRvMEg4Z3ptRXlLN3hkaU5xZV9JRGNrUDlfS2Rzd2NLQ3V2REZncjlwQlk4Y3h1VEprMmlJNkFOZTdwaDRqQ2R2WkN0SEFxNjBxS3N1RjJEa0lWVWRFel96dGwtVEY3VTNWNFlDODEzUTZndXNLRk5tLXNvLUlqa1NiLVVfcDhScGYwckxrUDF2ZVF1VjFrbEFaZXlfSWhNNTFKMm5wUHRxYg?oc=5
MFC.TO,2025-08-07,Manulife first-half profit expands 16pc to C$2.3B,The Standard (HK),https://news.google.com/rss/articles/CBMiowFBVV95cUxOSHlVdURMLXlPTjhBcWQtNVA0OWhHU3ZIczF6U0FBeXluOUsta0tZTXJfVzB0SDBsbU94bHBKa25QeXpYVnFyVmY3V1FvS1BXN1d1SzNuT05sOUtBc3RET0NZRk03cVRnMl9xVmZDcXJGN25GRnZ2cl94UEpTdnpRYmFtMHJVczE3V0lJcTJvcTRKcUFmaHphcTZGVlFkc1VQcG84?oc=5
MFC.TO,2025-08-07,Manulife to acquire private credit firm Comvest Credit Partners,Pensions & Investments,https://news.google.com/rss/articles/CBMisgFBVV95cUxNV09PMGs3QzRZMEd2YXFVam1vdnBvbXh5TkxCOWoxMWpCLW5fdlEwdVF6eElta1RBV3UweEMzenJ3dE1ST1A5UkZObGhhS2pvUURjRmhpMGZxOGl0YVRCM0gwdFJLOHAwMnJIdTI3eEFIZkpQSzI1X042eWVaa3Y4ZmlNQWUyYVd3ajZWYkZ3RlJ5WERvM2VXbHlmVWhUMjdJV3BvQ3RoZnZQUmxuY1dySl9n?oc=5
MFC.TO,2025-08-08,'Buy-and-hold' stock picks: CIBC bullish on Canada's 'wanna be' oligopolies,Yahoo! Finance Canada,https://news.google.com/rss/articles/CBMiugFBVV95cUxPTTB4UllxMUdWZDUtSDNBWWRFdVhudkE2STlQQWdZbzB6dnhFcWtnZHM2cU94dVV6MDZMMTNBOEN4MjloWlQwbnZWUmRUUEVUWEtuQ0lFYkVTS0FpSE9KRTZ4SXBMOV9nYkxQZFBseTZ0ajFNaGNKSlo1UGxkSzJnXzR0ZjBVWkkyM2V3bkhzbmQ1ajZCNWZMb1FNRXozeENVZzQ0S0s0bmloRXBJTzZrR0lYVE4yUGVGZUE?oc=5
MFC.TO,2025-08-08,Sun Life shares plunge as Medicaid uncertainty prompts US dental forecast revision,Reuters,https://news.google.com/rss/articles/CBMi5gFBVV95cUxQb0tFSFY2bVRqU3Npc0FaanQwY2xaU0ZlVVlOdndUcHc5bUxfWVk2N3p0SllRVk85MHZnWGJSQUJHc2ZrR1BROENhTUtyQzljX09idk9ZNHQ4aE44ZXpsaHh4aF9mMFM4OTV5cjUtWjdnbS1vbEV3SVdXS0Z1bURWakZUUEJhbHA5M0lXOGNQNFI1bmw4OFpSZGNTQzA5cTM4WFF0MHRWdFN5M2s3Z01oNFhtSlFuZHpoV05lOWotcWJ0M2FyM3ZvRGxKUmxHTTdoX3VmRDNZYW1OYWZzVXFFNXdQblUyUQ?oc=5
MFC.TO,2025-08-11,Indexed life plans rise as Singapore heirs shun family firms,Insurance Asia,https://news.google.com/rss/articles/CBMipgFBVV95cUxQdThGME1WelRRZkh5MFNwUDJSSk9vMTh2TnRrRVlLUWxMTDdsRWVvOTFkYnBRRFc2YmhrLVdzbFhoMVRocDhyLXhBZlpwTS15eDlqbGVJQ01LRkxTWXM1ZFkycmtiNS1lZzFfbFd4d2tjYWcyMm5nSXVQVENWN0dwVWxyLUhZSE44blFhMlFQaUNHUHpfN0dYMnZKOG0tUUtKMWo1TVdn?oc=5
MFC.TO,2025-08-11,‘More bang for their buck’: Financial planner outlines ways couples can save on taxes,BNN Bloomberg,https://news.google.com/rss/articles/CBMi2AFBVV95cUxPWjhFTHo0U3JtNExUTFpSUGlhX1VmVHVBaDhzNFpyOWF1ZGJUY1V2azdyVVBvNE1YMkh1M2Zqenl5cVN1TUtDd1E2NVZQbFdyTjUxbk9XQ2hybWctUWJkMzgzMzNCTWR4LXNoUU5paUVJRkNENW44ZXNkcHQ1XzRQTkJpN2tYUkgyc3FCR0pMdUVqemcyQTl1QkJGbnJZTXJ0aFFGQmY2cHlpVWUzWTYyU0RvX05Qd3JMMWh4cTU0Mm1sdTZRUEdHcklCNnk1S25LRmtFd1JHajk?oc=5
MFC.TO,2025-08-11,Manulife Investments Launches Manulife CQS Multi Asset Credit Fund to provide global income and growth opportunities for investors,PR Newswire Canada,https://news.google.com/rss/articles/CBMikAJBVV95cUxNUUtIT25uUWhqSWZxczZWX3Rxa0xGMmhBaWRMeXZYdnFXbEZfclA1blM4UDVfVi1MVERjeDJzbGJDOVV1eVFTcjhsNm1OWUxsU2wxaXBqQjFhMi0zVEFvbGdBem5mSlNCTVg2c0k0VS1Gdnljc1Y1YThLaHk3QnpNUUxxV3FTR3ZSbmYzVnF3U1ZzdzBHVDRMUG54MjNURGE2S3B2QkVaUWQtMFBQNGxjWGJ2cy0xMnRDMVV5amZBUTI1Y21ucG5Hb184ZlFCVHAzbC1ueG9iWlRrVEo3dDV2VWsySnJQY0Rlb0h3cjc3TllNWXAxVkYxNHlkX1p1aURsM2Ewbkp1ZGtrYzJ5VjZfZQ?oc=5
MFC.TO,2025-08-11,"Posthaste: Canadians are overlooking 'wonderful buy-and-hold stocks that are in plain sight,' says CIBC",Financial Post,https://news.google.com/rss/articles/CBMigwFBVV95cUxPTEhVdFAwQnZTZm1oTDlNMEVhcGE1bjZVMy0ycUhyTUtvVl8zbkJGdVpWaUQ5QXpMTEwwTThsOFJaR0NyandQbUs1TnZUZ1pUaWo3Qkx6NlpvblVPSFdXUFFmV0VlMzNEeGFMTlNlT25wcGdINTh1Z0ZXckRPUzRHMG1vVQ?oc=5
MFC.TO,2025-08-12,Should You Buy Manulife While It’s Below $46?,Yahoo! Finance Canada,https://news.google.com/rss/articles/CBMiggFBVV95cUxQNGp3RDN1UkZ5NERERUM2UWNpXzNvQUxqekk3OXp2Xy1nSVpDSHpRdlNndTRNaF9zMjhzUlM5UFB4NVJHMGVYZmpXRTQ4WV9BcDV6ZFZ3aEtNN2p1SUdyQ29rRDlLaHBhREU1cE13OTBIU19GY0lMSnM5emFBSW9pc1RR?oc=5
MFC.TO,2025-08-12,Less than P2 from P1 trillion: Razon’s ICTSI to cement lead as PSE’s top blue chip,InsiderPH,https://news.google.com/rss/articles/CBMiowFBVV95cUxPeTg0bXFLcWpGdXd2UmlNelFFM1B5a0JSRERPb25DUFgxNFdGMGlWUGI5R1VlYjFsTlVobFMya2JoSkhlQU42Zkg0MVJXQUJkM2NhX1Zza2NDc0tMMVhzakpRLS1XcXg2d09QdWVPVzhRYzZpVTk0bkxtVU5qc0d1Q1VyazJ2enIzYzVjNHdFMUR3NjdZbEpHNy0yeEpHdFB3ZzZ3?oc=5
MFC.TO,2025-08-15,10 best long-term stocks for steady growth,Wealth Professional,https://news.google.com/rss/articles/CBMipAFBVV95cUxOODUwNUUtdzFrd2NjYU1OVjlsTlU3dEh6WmU1RFVVZ09Gdy1NQWctb084Q05ZYzhadF9sUktjaDBjU2EyQm9RbVRVOEl3RzlvUVBIWXczSGJ2aFkwcE5uWUlCOVY3YUxuRlpjdEs1M2pnRlBFUmJ2ZkFYejVReVoxN1p6Wmlfek9Hek9RTEFRSEduWFZ5OU54cVBLLVo4YlJkTmowZg?oc=5
MFC.TO,2025-08-18,Why We Downgraded Mawer Global Equity,Morningstar,https://news.google.com/rss/articles/CBMihwFBVV95cUxNZ0xXM0FIY21ta0lIRHlzZERTMkt5UExCS2JQcjlLSTBLdXUtdjd3akpQektlUlFJUDlBNXlubU5rMHVaLXNoZXhtUUdmZnZyd3hIamRUZllBTVBacDRFb2VKMS1MUXhYVkx5NGpUZWJqUVVHbmM4aFQzZjdTalpEZVFFdzhUWTQ?oc=5
MFC.TO,2025-08-18,3 Canadian Dividend Stocks That Reliably Beat Inflation,Yahoo! Finance Canada,https://news.google.com/rss/articles/CBMijAFBVV95cUxPSFhac1pLWWpUVHJCUW1IdEJBV29Nb1p1SFNfb1I2anZnSl9TdWJsVGRNdjRsb0RBRndRQVZMMGhaTGdnTXRPU3R0SGRhOWhXcHdOT19FMkJyYVlQcmozRFd1bWpCWkU5MkE3ZGI4bkJORzYxVnl2UXl2aVJ1Qk01VWpPem82NzN6U0ZZUQ?oc=5
MFC.TO,2025-08-20,Manulife's 2Q net profit more than doubles on stronger life insurance contribution,theedgemalaysia.com,https://news.google.com/rss/articles/CBMiUEFVX3lxTE5nUk9JUW5LUDJpVGRIT1VVRHlnbTV2Zk93eGk3U2o2NDhyb1Z1TnB2ZlBzQmxoQ2E1cXNjOFRBSmVvUERUUDJNbEZMYUFhY3FH?oc=5
MFC.TO,2025-08-21,Canada’s Manulife lines up former JPMorgan lawyer as next general counsel,The Global Legal Post,https://news.google.com/rss/articles/CBMivAFBVV95cUxOTlk0WWsyWkk5dHhCZ2toUjh1aDgwaTZZM05melRLMG55QzJXZ0U4aWk2LWlXMlR6Q3NQa05mRVRaQXVhRXhLbjVkTFlNTG9hekNvS0Nla2ljRU1YRjQ4R1BzTVYyVHNzVjQ2STM5S1lENGpFYmlyVlQ0LW1LUnF6OHBock5wdUN3Q3ZDN0xKM1NLTGgwVi16dG1HZWlXMTFXcTI3VTZEQ1BkZWMzUzlVc0RDQ2ZhcUhyMzlCNw?oc=5
MFC.TO,2025-08-21,Manulife Appoints Mike Coyne General Counsel,PR Newswire,https://news.google.com/rss/articles/CBMiogFBVV95cUxOOFV3cURJbTFVMVdWQXpzdG9zUk93Ukx4Y0pDcUhRTk8yNkRCMUo5QVFiTUJGcU5CQVBwcnptUjd3c0dhMzhBYWhQOE53UkdVTzEwaG9ZU0RQcWl0Wl81Y1lHWjlDOGh2S3pralBWVmFYb3V6WWg5ZXBzcV9pVTFNMWpERGxaU3RLU3N2MVA0cWh6RkYtTEQyaU4ydVhMNGJkS3c?oc=5
MFC.TO,2025-08-25,"Manulife Hong Kong and Macau Strengthens Leadership Team to Advance Health, Product, and Strategy",The Manila Times,https://news.google.com/rss/articles/CBMi-wFBVV95cUxNZmc1ckVjQ3p4R0dubHU3bndlc1Bja25laWdjeDNlbGpnSWJtSGdfX2NtT3VROFhxU2pyTENBY3QtbVJaMXRJOURKbHNQYVRsN3RheUVlMDNsSTFWbjd2VXBmTHFvTGFjVTNIUXZwcWNTdk03cVJFby1nRjhMVzlpQ21tdDFkTW13Uml1X3pRanBuRUYteTFqaWh6M183YTN0Q1VKemx5NlRlMWpiaTNmV0RhRWtSam1hc0tqcHhiZHhVUFdOUUZvUE9NSlR0VjRsSkFVeWp1Q0FrdWN4WVNxVzlVSUJWY0kyN3UyT3lCbTd5aUZLQ1VhZjBETdIBgAJBVV95cUxNQmItczhZUk1uM3N5c25YYUZERmpWVzFISUNrSlZHSzVCMy1TM3dLM1F3eHZCak5QOVVtV0dRdkZnODg4Y0lUbjRFbzBrajZFY2ZaWjFwR19GbUIwNEhGeTQwOWMwWWFrWTE4QjU2LVdzbWl3R2xGUjVKdUZ5TmREZHk2aXYyNzVLaXpDYVZ5RHNUMXdyaklWRE9qUW9wS2M5RExfYVZwcmdITmNNU3d3bGRIMU9ER2xLLUdkelB1N3kxbmRpRFU2MzVGOVAycE9ISDB1eHcyeFM0SUdxU05EMEdsdWJ4bDZQV3RnQjgzb3U3WURXVnhuaEQxY2J0VHFZ?oc=5
MFC.TO,2025-08-26,Manulife Celebrates 100 Years of the Iconic South Tower in Toronto,PR Newswire Canada,https://news.google.com/rss/articles/CBMiuwFBVV95cUxQTFJEa0drOXZlRXNyNEhQNV9BZTJKeGNGdFV5V2VuSnVNVUtDVDJlRFg3emdKOEJGVEVJRnlRVk5tMU1ieFhGSXQwN21uenBFa3ZueG0tS2g1NHlfblZaMDYwUW4wZkRhWHhubEU2N2NIbm5MNHhscXhWUFJhcjZwbnFaRzFiN2k4cTdDQmJtYmhtaFRwbHVIQ1R2Y3liUWNzeEFHTDhPb0pFckJ5V0p6ODZPLUx6UXVnbkRJ?oc=5
MFC.TO,2025-08-27,3 No-Brainer Canadian Stocks to Buy With $500 Right Now,Yahoo! Finance Canada,https://news.google.com/rss/articles/CBMigwFBVV95cUxNQ0xIRS1QMzMydFN3cEYwZzJTWmswQmpMX09HNGx1czNOM21lZUhwdkVNZ19tOXJKalJDNGhCNXluVFlmMHhtazRMU0l3V0h6T1VMZU0xZ09LaGx0NHhkRjliR1Nzb1J3UTh0aVdKMkJEeFhEcGF2UDRLRU1kb2tCcHlPQQ?oc=5
MFC.TO,2025-08-28,"5 aggressive hybrid funds that turned a Rs 10,000 monthly SIP to over Rs 9 lakh in five years",Value Research,https://news.google.com/rss/articles/CBMivgFBVV95cUxNMjhKcURVeHM5alMzd19IMnVTbWFPSzVNdXZzYnJPWmg4dGxNTkZ1OVBlQjl0aVhXWWZETzRuSmh3bUl0TEYzMEZjZTlEMFU0aFVLWWExYkZBNW5rYmxsdmZrXzdpcUZ0dFBtUTJ6OE9SdHYzcXdIRk4wbVhGZlEwQWxjcG5QSUUzc05URlJoSUJUbHFVeFVEMlRaYzhTZzUtQnNCR0VMbnh3TEZnRDg4Wnp1UlhkcjJ0dDl4ZkNR?oc=5
MFC.TO,2025-09-01,'India in a favourable position despite elevated valuations',Value Research,https://news.google.com/rss/articles/CBMi7gFBVV95cUxPSE1WUXdDak9pRlp5NVdfMk1mSDFDcEV6MEVxMm5JWEpTMmVQUk1kTlZLcUpUUjRBYXBKQ1F4d1JMaXVDYmduQXQ1a1Znd21VU1JNQ0lLZ1pKNG5RMkwyTUVHTk0wSkhhOWNweGVzaEoyZkppV2ZESExnbV9rTUFyblg1ZUxITEI3YU14N2ZHZW1oaE03OWRyTVdOWnNsMUJlZ3VKeDMtaHNwdjF6OU4wM3Q2QXhqaWlyTDBqYmVsLUFEY0hzQmcxYU9SbG1TV0dZZjRBZW9WMlg1V0NKNTFGR1E2TGdTcXM5S3RXUHlR?oc=5
MFC.TO,2025-09-02,"Turn Your TFSA Into a $1,000/Month Dividend Machine",Yahoo! Finance Canada,https://news.google.com/rss/articles/CBMiekFVX3lxTE9RMUlrRDhTU0U5Z0NxNWpaclNBWUp1ZUE0c3l1TmVydi1hZl9ZREtvZ1dhdl9NcElUWGp6NWZibkI2MmZnMEdnOWd2Nm5Edy1pdTFEQXFUOENTNVk2bHVSTEFQQ2VpQXhQcXFqR2xVSk5RLW5wMnV3Mjdn?oc=5
MFC.TO,2025-09-05,CCDIE and Manulife Cambodia Partner to Extend Insurance and Financial Literacy to Informal Economy,Cambodia Investment Review,https://news.google.com/rss/articles/CBMi4AFBVV95cUxOb3RBbzZZaENxSi1famZjQ3Z4ZXZqN3d1b2VBNGdGRV9tTWNVWExTQ0NTLUlySE9wVmVGRWRlMFc2RGsyTEJHdnprSWp0SHpCNnBMM0hfLVhKYklYYi1Nc21kTml4d0U3YjJJd3NuVDRGeDBnTUVaVUk0eGY0NE83RGlmMTZnMWR5eXRsQzUybEgzbUlEVnZvQUhoVkdPcWFzUUtLbmFLN0hOZkpGNGVmbVFMdUN1alZ5N05zbmdFUmRDZ1RsTDBwVDdORkw3RWt6b3dEYjlrX1RpRnczSlhXYw?oc=5
MFC.TO,2025-09-09,Manulife Investment Management and TruAmerica Launch $1 Billion Affordable Housing Joint Venture with Initial Acquisition of 51 Properties,PR Newswire,https://news.google.com/rss/articles/CBMingJBVV95cUxOcUZFU05kWVJ4Rl9jQWd4V1RSUF9ESEo1VW5ycUdOYjl3NV96V0dnU1FrTjlMakZydDZSa1h0QmU2aU1MX1UxZjg4TWVYRUVGd2xYbTBxNVVNcW1sUjBtNk9GQzdodnVvbllhWGFBdnZmd0JISTJ1blJqaGtMTHZMOTZQWmE3OHlhQk1udEFfdTZhekxYdGZuSkF2dE1GNzNFd05RRncyaDI4NmhycjREbUhlOW4zRi0zZTVnRDdGSGVZWVh1SEFTUkFJT2RxeVRTTWNpYlFUakdxcm1VdjlmaEJFUTRPX2VHMkQ1VU5iVndZZzRTei0zbjJaQ0ppZk9XZ293MHFKZnd5aXdRTmVUSDN4WVVoZU5oVlp3aHdB?oc=5
MFC.TO,2025-09-09,Corebridge Financial names new CEO to succeed longtime leader Kevin Hogan (free to read),The Business Journals,https://news.google.com/rss/articles/CBMiowFBVV95cUxPOGxxb041bFZjS28xZzVuQ09kRGIwUzdzc09SQXhEeVprNmNUWVpaVTFEYmlVODVVQURQdWF2aURfT2RManJQQXpYQm1qaVJ3Y3FkWFh6STNTSTM1V1ByR0xmZjdmRXFBV1Z6bU9YdG1hbURIekV6LVVhUVlqeWcxeGgyS1FsYno0SEVtUGY0di00MktkLTV3VS1oOGtvU25ERnlZ?oc=5
MFC.TO,2025-09-09,"Manulife, MCBL launch new plan with investment fund options",BusinessWorld - BusinessWorld Online,https://news.google.com/rss/articles/CBMiugFBVV95cUxOcWtHNjlSdVo0YktCYXFBVWFTSUI2Q2t6MjZhRW5iNjByRFVSZUVUYmd4c0FLRHltc2NDOFJQSTlENVdvMGVTeWxQU09UZW9Kb3drdy1JeFd6X2ZSbGZjTDJ1YVQ3Y3hJQnlVMkx1S3U3VjNrdlFLU0dmZFBKN0l6MTNCS3U5NFEzSXRGTndVQkJXdjlKa29PWjR6a2pOVjVjaDh0Ty1WVmRvRmVNMWpQS0NQVkF6ZVdMemc?oc=5
MFC.TO,2025-09-10,Manulife Bank consolidates lending products,Investment Executive,https://news.google.com/rss/articles/CBMimgFBVV95cUxPQkZEaWJRZDlVRHp5UHpoNVFHbXhxbmtrcndtV1RSS0N3RFZPcjR5WXRxbjZxdlJrMVJHOHdQZlZFczA3TTNWejJ6Q2VLYjAwRzA0X1puZHZoQnNCazlrejgyZmhGTVYxYlZWMnNsTjItZXoyU1BndWNDS2xzNTJzM1JsVVgwU05RdWhCMk5PVDB4TVJBaDlKRGt3?oc=5
MFC.TO,2025-09-11,TruAmerica and Manulife IM Launch $1 Billion Affordable Housing Venture,Affordable Housing Finance,https://news.google.com/rss/articles/CBMiqgFBVV95cUxOeUdoM2QxX3VHclVidkFJMUQwQlRQZGJNWmtwQ21KS0wzczdyRkFGRk1jZElhTHdEaTllcEQ5dF9JeGpPd3ZMbDJuZHNJUjJRWG9TTVotWjFCSU9yb2NmVXp5X19TYnhDb2Z1VFg1YkVGdHB2YWlfYXJTMnY2bVBxeEcwM2dhN3hWQ3Z0RldDU04tUWhacTQyWUp1RTdNWVRSNjY0UVZNYXM2Zw?oc=5
MFC.TO,2025-09-11,The Steady Dividend Stock That Could Outlast Any Recession,Yahoo! Finance Canada,https://news.google.com/rss/articles/CBMijAFBVV95cUxOSzFsc2dXWDhxd0hqWGpndWlTNlowNXdaVkFCUFVxam1tbmYzYzU5cy1lb1pLVDZFSld3YjhscVEwV21NWjcweDk0ZFBzRXZVLUljUjZabll5UG9ncHlOQlhxVThScWE3VVNweHpGZFJvaTlYWm9nSmJwNkZ5U1I4Vk9vRndFMlhYdk5WVg?oc=5
MFC.TO,2025-09-12,3 Hidden Dividend Gems With Rock-Solid Payments,Yahoo! Finance Canada,https://news.google.com/rss/articles/CBMiggFBVV95cUxOMW4tZXZIZWgzN2luUy1BX0NWVXM0MlplSHBBUkhuSkdIVkJBamppUG5lUm5aWEZUSEx6d0UzYUMxZkZKQVNKOFR2a1RfNE5pVTRwaTdHbU5kZHQ3Q1dGWFJjTjRtVkg0Ym1lU2cxOFZ2eVowS1d4WkE4aFJFdmt5YUdB?oc=5
MFC.TO,2025-09-22,Investors can tap into juicy yields in overlooked companies’ debt and equity,MoneyWeek,https://news.google.com/rss/articles/CBMixgFBVV95cUxOcWpKNGZubTl0TXJXZDJFR01NWkxwaEV0czZqZlFSdjN3Vl96RXg2YndUZ1ItOE1IQWp1Q2pCN2U2MzdZVEZBbGwwZlN2NTd6UFFpVmV5ZFJaX2h2UVB5dGFjX1VTQlVhbzNYdnhKOEx2OTM0V0VhSWpNcDNIczBZT0pGMFk0R1EtbExHQjBmSl9Ld2FwMmJhUkhERURhN0FwazBsdUZ2U0pCdnBjak1YQkNNSWxUNjFqUW1aQWt0aURUaHl4V0E?oc=5
MFC.TO,2025-09-23,ETFs Investing in Canadian Natural Resources Limited Stocks,TradingView,https://news.google.com/rss/articles/CBMiXkFVX3lxTE04djBPVFdaejQ3UkRrc3ZLR28yVUk0Ml95Qm04cWtaV2dTbHZtTHFtMHJGTXJuNEJYU1QtU1poMXN4ZGpjblpvZ3JVZVJhVWlEZ2NvUFFZSDhJYWFpVEE?oc=5
MFC.TO,2025-09-23,ETFs Investing in Lithium Americas Corp Stocks,TradingView,https://news.google.com/rss/articles/CBMiX0FVX3lxTFBLRkFCSVBod1hXYy1FOXRGS0Z5QU1lOFZhMXdVakRzdmxQd1RwMUxoTWw0RHBSaC1tNFE4QjNjZ3IwdGNuQzhvMEdsY3VXX0JfOC16WFEzMTI1UnFWWjVZ?oc=5
MFC.TO,2025-09-24,Manulife buying the Indonesian business of Schroder Investment Management,Investment Executive,https://news.google.com/rss/articles/CBMiwgFBVV95cUxOWjVJV180TmVPeVBpOUJNSTBUM0xLekZMeXViVG1NNmJjU21hS29zUjg1ZGdCX2tKZTlKVmFxVGJNWmR5T3FUS3UweDJqMDZLQjNVa3lGTERMcUtldnZVX3E2ZzVxdUlnN09Sdkk0M0xwQWtPMlQtWHhQZURQaml4bEN1VFFNYmZ3YW8yWmNXWFVrX2xYc0Fzd0s0eGNER01mT25aQWdZRG12Y3ZzRzR0bEttNVJTMnl2X2FnSGhNUzRMZw?oc=5
MFC.TO,2025-09-25,"Malaysians prioritise quality of life over longer lifespans, says Manulife survey",theedgemalaysia.com,https://news.google.com/rss/articles/CBMiUEFVX3lxTE4tUjFuaGF4c1hJSXlWU2FyZkkyaVhqMjhqcWd6eUFRenc4VEFOb3poMy1LazJuT2xqcTdTOEduRlM5dkt6QTZxSXdBaU9fYUFP?oc=5
MFC.TO,2025-09-27,"Manulife Financial Insiders Sell CA$4.3m Of Stock, Possibly Signalling Caution",simplywall.st,https://news.google.com/rss/articles/CBMi2AFBVV95cUxQd3NnNy1fRmFsYXc5UExBeHpLWGZrb3Bfdnd1b0NTb293Q0JjQTRFdzRCQTA2YmI5UFlyZE83YWZwTVJtR000YlFzMlpZWXk1LVE4aGlxUmFZLUFCaDJRSVRDLXFJZHVid051YnlVanVVUlFIUkRnejl1NmtkVGhPZXZsbEZTOExDZkl2MnNtZ1JhUTVwUFIyVXM5b3dPdXJweks0RVlDX2lkN2ZvOEpscjN2bnlKWUJrWjBpMWZrUy1DdkRONDZoS0o4bDl4SUNnWUNGdEhMWlDSAd4BQVVfeXFMTjJjU3hHZzM3ZlFROFBqYTE0TGU4SUZrN004RzVGYVNmT04xbXlmSndlcWRkZjdWQWF0bEJrcVdFMXNiT0pYM0tNWkYzSGU1STBWUDFSN2wxc2J4cWNQb0dZRkl0Mk50QjRxalhqRWZSYzlSWHZJZnJCamxJaEdESnJ2aWsyR2pJYlZjRjExUWhqWlZpOVdmdGMxaTFxN29ETzlXV3Vqd3FWeDVXVjAzOFlrd2FiVkl0TDhWZzdFUDFOaE1uYlVYa3NFMVF2WjV4VHk5NVRHbW5jbGdpeTVB?oc=5
MFC.TO,2025-09-30,What makes ETFs tax efficient?,Manulife John Hancock Investments,https://news.google.com/rss/articles/CBMikAFBVV95cUxPcmxhb1JRVlFxS0NPdElOWEt3ZVF2REhveDIwRWVKekE5ZU9rM1REbktNU0d1SlNCUnBuQlIyX2gxQUVFenBPdXQ0bzZVS2JkMkpDRUY0MkhwcDNNOTN1OWkySUpmRnZ4SnlCcVh0cWkxVFUzbFZNZ3o3RnhEc25kbVd3eVZRbVJ1am1YMTB2V24?oc=5
MFC.TO,2025-09-30,"Youth health awareness high, but action lacking–Manulife study",business.inquirer.net,https://news.google.com/rss/articles/CBMinwFBVV95cUxQSFJPSDl6Z3FGSGo4UzgyVy1rZVlaaWlLYUZVel92QTF3eThsMy1LUkxDR3JxOWc3cERFVEFkM3dYRUhqSkRCY0xqNzItXzhGQ2hoY3U3ak5uUTJzZ2QzdFM3OUlkLUF1bDZCaDJSVUo2bkJhRkVROU56WUJFd2FZeUJIRmtyY0VFclFSUkZpTEotVUkxd1hxbXhBYXluaVHSAaQBQVVfeXFMTk1fZld3YnFKR0VoZkRDcjdlZEZBWWpKbkVZdWMxRDk5WHdsMnhMY1hwNGlJZHk5eXgyOGJGckF3WEQ2cE0wdF96cXRVZDZQcU82c3FCTzVZYkJ4d3NBY2xocFFqZ1FrRExIRWNmOVB3SGt1MHFGNmppdHBaZkJNa21fREswdHpEV0syYTRVMWozU0xobDRtbi1LcFJ0U3lNS1JqRXo?oc=5
MFC.TO,2025-10-01,Manulife Wealth & Asset Management Brings Transformative Power of AI to its Investment Teams,PR Newswire,https://news.google.com/rss/articles/CBMi4AFBVV95cUxPQzk3U2U1QmxRelI1VTJvUDE5eXprdmlKT2stOGtLMjl0ODdHZmxGTWxlTU1XMEV5Q2V4NEhyWTNHLTU2MS1jem95SUtMVnl5Q0ZTQ3MzUE9SUmpkamVCckhFSjl3WjI3RWQ1REFEUXZwVGg4UC1VNk5VZVphNTZoNHZwTGoxWkp3blE4NUZqYUxLTExjMl9XYXFZQ091TXRRajdIMHlVd3VqdXhFWUhsckhMQ3lHWGZxc0p4aXljLTM1SGdwbWZRdDJBVm80dnp0WVo0SnNXbDNIWVA0VXB3WA?oc=5
MFC.TO,2025-10-05,3 Top Canadian Stocks I’d Buy for Dividends and Capital Growth,Yahoo! Finance Canada,https://news.google.com/rss/articles/CBMifEFVX3lxTE5Da2ZXcWNDWnREbWdWcGxOSXZrWi1FblpKYzNLMlcyQ21VUDBEV0g5emp5MlowYU1yX3FmQTU2eXM2SVN3OTlPTlUwNExOVkQ5akpBeG1SeDJWWXU4MVZ6R0RHQWxWNUNQV09aWHA2Ry1qTU5wcTVLSVdPQng?oc=5
MFC.TO,2025-10-06,Why Insurers Are Taking Your Money to the Cayman Islands,wsj.com,https://news.google.com/rss/articles/CBMimAFBVV95cUxPQk5FS1p3Rmd1QXdsUXY0Ukg3cm1kZzRPcVdSRUJoWU1VQ3ZuY1dia0VDV3BXclhzX0NRcVdyWi1HSTN3UlQ1a2FHaVZQZ01CRDByV2JEOEQzVzN5UHZPZUtCZ0hSMF9SNUlDSHkzY1hETDR3YmJHZHRocHF3TUxqM3dGOEpwODVRaEhDWVBkSUlSR3lramUzZg?oc=5
MFC.TO,2025-10-06,Manulife Celebrates 30 Years of the Angkor Wat International Half Marathon with the Theme ‘Run for Longevity’,Kiripost,https://news.google.com/rss/articles/CBMi0gFBVV95cUxNaWpiMUxLTkNVX3RlbkdWM0hJYXdfMUJKMWlFNHRfRlVFN3E1aDh5d2lZT05TWDFHNzFleXFJY3hWZzVVNnZtUGJleW9Ock1wOExiblJrN2hjZ2ZDQ3JXcUFFNk9QUWZnYWxyZ1MyVXhSdTJ2NWNRMWdVY0VVVUwwbXZtZ1h0WENsRjVKNXNRcFNwT3l2Vlo0MDE4c2pQZ1ZlRU5VMGU1bGNITTRCRjJGTXJpV0VPSUFUdGs1cmVmaXd1V01kMHNHR0JDWnZqTTRCcGc?oc=5
MFC.TO,2025-10-08,Manulife Investment Management's Infrastructure Fund III Reaches US $5.5 billion in an Oversubscribed Close,PR Newswire,https://news.google.com/rss/articles/CBMi8wFBVV95cUxONm94QjNVRmhWVjEwcnluVkVXN3BjRmVYR2dPUGlqbnJBaWRaaUFXNzhXVEhaUV9QSEpRd25TVnZjWl9nTzRxSm1DM2FSWmN6ck5famlHNmMxUzN2cEN0TjFWdDVuRVoteldhNkZxUEx3RFIzcFhxbjVLNGdrTnNiMGxkNHROQ0RVclhJb3F2NmVUQ0tJc2dYRXZXclE0bmtEZnA4MzdCdUhvNkhlSHY2Mlh5eFgycVRyV2hxQVFsYWJnRDhWQUJUc2dVb3NSbTdZMnBHbkFGOW5YZmJjeDdWZFV1MlR0ZjZWRDBwS0dfd3d0M2c?oc=5
MFC.TO,2025-10-08,6 equity funds just got a ratings upgrade. Own any?,Value Research,https://news.google.com/rss/articles/CBMilAFBVV95cUxNTmdqbk1NaWRxRGlPSVNoN29ZYkJwNFVsMFp2R1ZodEJJSXlIQ1RnMXVfTGdNdGNCdm84eWotRkhZaTRUX0UwY1Z3TGVaWEp5N21VWTg3dUVDU2VFbklfVXE5U3dpOHBPZS0tbUx0TExLeG5tcUhzY2J3UmNGR0ZtcWQ0RWFJTjVUNUVGMWdGa0tobjBQ?oc=5
MFC.TO,2025-10-13,Former BSP exec’s ₱5-trillion loss claim slammed by PSE as ‘malicious’,Manila Bulletin,https://news.google.com/rss/articles/CBMimwFBVV95cUxON0E0S1dVUm1ZTlhBWWZTVVctcE1ERlh4bi1qOTJLeGxxd1VjY3lkQmhFSDgtNFNrdFZtRER6VUdSUE5MVzdfbFRlVzhfSVFadGNUUXF5bDRjdG5HTzN6YTZvNndJcklWNlExTmpfbnFwWXAxNGRPaHB3WjVId2hHdHJ5MTZEYTJYUF82TE95RjBGTXBuWkV4OGhEZw?oc=5
MFC.TO,2025-10-13,False claims on market losses aimed at shaking investor confidence – PSE,Philstar.com,https://news.google.com/rss/articles/CBMiuAFBVV95cUxPbG91aExSZUJDTUd0NnR5ZUVUOTJfTi16TEMyTjV0c1lEaEFHeGdmckNlM1JZZTMxNE10T1NGQkpGMno5akt5OWJ1dDF6TlZrdF95b0Y2ZGpLTHZmcV92alNFWVpjdlJFYlU5ZU1ZLUxNN1E3UXljUUlHdXRnWksxV2ktZjVXVlpTU2pPanBBTUZMVnBCTFJKYWNrbHhxR3FUdXVBalpnWnhqMUF4UWxFbmNTVElDbnBE0gG_AUFVX3lxTE90S251MUdoc2RpRlhrRG1yazB3WGRyaFZ1M2wwZE50WDc3YUo1LWlqS0Zfd1Y5T0Ytdml6TkljQ3dua3d5LWdPUG95b1duVS1QRXROV3ZMNFRWUGxmbi1sX3JEWUFyajBuckUxYldPci1IM1JjLUJ5QjA1S1kzUTV6X2s2YzgtZ3ZNYW5LY28yNDEwd3dfX0RnbXdLeS1IRzgwOFYxVG1RYzc3djNRNC15dzhlUWxIVl80MDZRQ3RB?oc=5
MFC.TO,2025-10-13,"PSE concedes tough year for stocks, warns ‘preposterous fake news’ is making it worse",InsiderPH,https://news.google.com/rss/articles/CBMipwFBVV95cUxPMC1hNHZaaWVRTlY3aW5Xb2NMcEdPd2xRZWFPZWE3cGZneHVfeGQxaWp5ekVkU25EcGFZbmNJc2k4ckxuTnd2TExEVmR5VmlJVWEtYlptWVVSZ1BOYnZYeUpJWDZ1eGNsUkpJa2xLU0J6TlJ3Yk5vNnV1RG9Lc3VKMlRkTFZaSi0wdmR2VWFBbU5YMi1BTnpGUGc1TFpPUDh2ZzU0Y2xMWQ?oc=5
MFC.TO,2025-10-15,3 Canadian Stocks You Can Buy Today and Hold Forever,Yahoo! Finance Canada,https://news.google.com/rss/articles/CBMiggFBVV95cUxQcHRNNlQwMEVfTkVfbDgzdUttUk9xYk51SjJ5UXFCQW56VW5jdG8yd2pCN29rLWNvdkFxT3puaHhVb3BIN2NZUlY2YXNUbEcxSUNtbWkySzlqOGZ2T1ZsQ3JGa29wbVFVMmFhN2tFT0tNcHFVUTQ0UGFiZDVvTkFtRWNR?oc=5
MFC.TO,2025-10-16,Why active ETFs are gaining ground in Canada — and how advisors can use them,Yahoo! Finance Canada,https://news.google.com/rss/articles/CBMiwAFBVV95cUxPVF9QMGVhaG90TFcyWW81X0Fob0llaWtiM3NuSlJ0cHlwSW1IVTc4X2J2UHpLUV95N09oZkg3Q0l4V1gzVTdZUGNtRnlyQzFvcGQyeGZ1NHh4S1VCemNZRWhpSkFiWTY0X2M3U3hWYVBtaVY0VXBqYjlEOVU2NzN5cmdKRkYtYURmbjRPRTc4eHRqdUtUamJWZjNqcDBSUks1UnlDUjRrWGlwZ19LV2hGbi1MOEFwODZZaDRrcGo4aFE?oc=5
MFC.TO,2025-10-17,This 5% Dividend Stock Is Built for Bear Markets,Yahoo! Finance Canada,https://news.google.com/rss/articles/CBMiggFBVV95cUxOMVhsUXFZZno2eDZZU2h3SDdBMV9td2QxTE1HMkFZWDY5elhpSENxYzVGME50Y2ptR1ZBdU5mYkZXTWxsbGR1S0RIek15NnpHNkJVa3hFLVlHZ3hnOFhiMlB2TVg2a05UR1dsWVFBcXE2YWFDR3ZqQmt3WlFaUE1lZ3dn?oc=5
MFC.TO,2025-10-18,"Manulife Hong Kong and JUST FEEL Promote Emotional Well-Being with City's First ""My Flag Day""",Plataforma Media,https://news.google.com/rss/articles/CBMi0wFBVV95cUxPRzVQNlJacUlzbkdRT0dSVUV0cDBjc2tWdXdIdGpxV29rUUFtVEMtVDc5UTZTNFhQRUREMEUzMDg2OUZ4bldfMGswcVgxRVo0OG95SG8xclh4OEhLVVpReDhiQkJ5bWdFSV9lR3A3Ry01NDFUaWh3UGJ4QmtHSEw5Q0lFcEJ4eVhzazlrc3NVWEg5WmVnc21FMW0tMldnZC11SkdaYVVfekhJRDZDLURDamhTZ1VQOTlQTjgxSzJKdmNTcGdGQnlNeWphVGpKbWRwQmNv?oc=5
MFC.TO,2025-10-19,Stocks Buoyed by Earnings as Apple Jumps to Record: Markets Wrap,Bloomberg.com,https://news.google.com/rss/articles/CBMitAFBVV95cUxQbVctUDNTU0JJcldfZFBNQ3NKTERhczNOdGdoeG1yVGw4djh2c0FyR0lPQnNWeEpFeW9FaTY2dUxJTEZRWk9CRFRhaEZGU0NFczVtb1BuYV95eUhKM00wZlUxR0lQRTAxclV5dU1iTXF6OFBNdjhWYW12bDNiMUhvcG9XZmVnWFZndjNNWlBEQWdvNEdvNzlXRHU4aXFMdENlRkpyZXZjSFZWWnhEejBjRHlKenc?oc=5
MFC.TO,2025-10-20,"Product roundup: BlackRock, iCapital expand access to private credit strategy",Investment Executive,https://news.google.com/rss/articles/CBMiuAFBVV95cUxOMWpwSmZON2dLNm5HSjU4ZDJWOFBqZXdNcGNOZzcwYmpkSkJsWk92U3FDZVNvM0FfMXAzOTFCTXlucnRYdXdsYkQxQjlyQ1otVFNBOXUzNnBlampaNlVlT2Q1eVNqbmhWbDVqMXNWb2cxU3JCNHo3YVloTHplOFFhN2xfc3BqemR6TUFJNlNOVGpzZEVpQXJacXVWMkRXQjdIc2pMYTdaYmVfRF9EVXpSdTRCZWVwLW5Q?oc=5
MFC.TO,2025-10-22,Still Hiking its Dividend: 1 Canadian Stock I’d Grab Right Now,Yahoo! Finance Canada,https://news.google.com/rss/articles/CBMiiAFBVV95cUxNTzE0dUFmSVAxZ1F4T085RGZhN3BpdU1NdmU5NFJJOGJVdXZ6S3BJWXpwbXhORU1fb3RJVU5IYTZleHkyTWJDV01KMFdkZkZLUHlaT2JEMzBZYlU0dWFQUUprMjRnbFUxQzFLSFBOcWRnT2d4X2xrRkFkSWFBYTNCY1lUcVRrSHNL?oc=5
MFC.TO,2025-10-24,What does an ETF share class mean for investors?,Manulife John Hancock Investments,https://news.google.com/rss/articles/CBMilAFBVV95cUxPMWZsdFBvRWswbU1WZ19CVVROakdIVlp6X0pQQXppcVg0QVhXeDN6ZDFTNm43T3RHTTJGajUtU3BNZHpzb2dwZlMyT2luMVV1V3ZTSmhsanFxZXlmZU1EX201ZWRIMFBFS3dZb3p4NkoxVGFscXZFM1g3czd2dDQ2TEdvY1JuS2FRV2RXUU5HZUpjelF1?oc=5
MFC.TO,2025-10-28,Canadian National Bets on Automation and Efficiency to Power Its 2026 Outlook,TIKR.com,https://news.google.com/rss/articles/CBMipgFBVV95cUxPblJxNDE0TFM1aHA1QU1XRnZCODZ3UEMxejh0Tnd2eDk4eGpnQ3BZdG95MmEzNlREZGpYSU5HNUhpTVM5MTBBcm5STVU4SUpMd2N4aXVNVkNRWm9ZZlV3cEFOd2dUdkEtdTFZOU5sWFhTNXZtZ1R5VHVpMnpJUzZscmtXNUYzV3oxd1k4ZFpCUVJPMmhfU0xNMG9LTWRqSmRkZEhUbEZB?oc=5
MFC.TO,2025-10-28,"Aviva’s 2025 Results Show Strength, but Can It Hit £2 Billion in Profit by 2026?",TIKR.com,https://news.google.com/rss/articles/CBMipAFBVV95cUxOS0J1Q1NJUUt5dWZKd1h0eUZZVWlRa1RkaXVvN0k4ZDltbXprcGRPdlA2cVBNZ2FONlY5N2gtd0ItbGFvcF92clRGYlh0cDl0XzJVUWI3X2tNZ1ZuWFMzX0V6cFltZE50MnhSdFRnT25lcVJNMkdINllHZUdaRjNnVDhZQmZzWFhja2taR2czRnRrNmZpbHpjQThwc19QY3c2V0cwZA?oc=5
MFC.TO,2025-10-28,Will Constellation’s Cash Flow Strength Offset Slowing Growth in 2026?,TIKR.com,https://news.google.com/rss/articles/CBMimgFBVV95cUxNdTh1NVRTSkJ2Y2JSakJ0NER4TU05RDRYbDlEU3A4UUF6SHIxNGZwNDRINTBBbklabmhtemRoN3FFd0JNR1dLQ3pORFRfWkpFX0NwSDlnaE5tcE1QRzVlR0N3OWgwQXA3YjFnZHlnRTBjVXpFRUZaS0FJcTJwT1ZydVVSaEtKWjBhQjNDV3RXNWlzY09zYzZQVzBR?oc=5
MFC.TO,2025-10-28,Can Manulife Stock Rebound in 2026? What Investors Should Watch Next,TIKR.com,https://news.google.com/rss/articles/CBMimAFBVV95cUxNMzk2WDJLdG5ySXg5Z1UxY0NfTFFZeEFrSmhRNnMyVDRDR0NrTmtTX3JIWVF0WDY0U1hOZ3RWYTgtSkZzdkJvd0FwNXJrYmEwTWZFMjR2b1N3UGdhU29DV19vcDVoN09ySmtXb0RlajN2VHhFbzVqRHdoekItU0daQV8yUmt3ZUFIVThaSUVGWW9NY3ZWdDAzOA?oc=5
MFC.TO,2025-10-28,Roche Stock Outlook: What Investors Should Watch in 2025,TIKR.com,https://news.google.com/rss/articles/CBMiiAFBVV95cUxPZS1NZG9XWF9lZjRzZlFQMHpLbURvMndtX0xRNGIwemItcVZWX05vZlJKVHEtVWEzLVFKdE5NS3N2WFZYVlFUSVRiUGhHdHU0SURIQXdvQzljYmtnOC13Ukc0YXhmcnhsYk5RajlwckxNa3pSNVYtNGlUaWg3a3NUaEJQYmtybXhE?oc=5
MFC.TO,2025-11-01,Manulife Hong Kong Supports 'Water Parade at Victoria Harbour' curated and organized by AllRightsReserved with Spectacular Drone Show Finale,Plataforma Media,https://news.google.com/rss/articles/CBMikwJBVV95cUxQZ2RvRVVwZGc1Rm95YVUtTVNxdlNjMGZxdi02ZEZUbmhJUG1DREJNU2NEbUVtMEp5YmZKXzUwbWFzR3JaNjh5TUhreW9aOV9kbTA5QzJ0emt2bU5BdmJiNHR3ZlIxZUNvQTNYR015WEFUNEVtNHM5TlhGV0t5b3ZtWk84VzZ5QnB3dS1rdUtQV2gxTGVSYmxTM2hTY0dMN3g4VWhDY3laMXFpZXZmZUdWdVgtLS0tMEJ4Q1FCSFZKdDF2a1d0TmFPZ2kyYXZ3QlNtN2JHbFBLeHEwSHJXWjZvMWp3bC1OakZiWUpveW5BMENjYko0V2lfUkM3N1dNZDRwaFh5ZXNheTRpcTlGYUIzdWdkbw?oc=5
MFC.TO,2025-11-03,"Comvest Partners Completes Majority Sale of Comvest Credit Partners to Manulife, Establishes Comvest Private Equity as Independent Firm",Business Wire,https://news.google.com/rss/articles/CBMimwJBVV95cUxQYndHSDRkUDZOMDVJNlFXZzZXWDBIYk5ONC00WHFnemxNRllMREVELUcxcmZVaTVHX2h5eHR6WDJlYlhvbkpmMm9QZ1FCRmxyTS15S2pWZlZCR3hWQ2dqb1Q2b0lMS0xXZXJfTi1jM25HSmdhZUExdFdnMXRlcVROQl9VYlVtM09kMjhXZUJuUTBFYUpCbDNWckY1Q1lZOG56Y3M5MnZxbWw4VXEzSnpUcE1GMTZnZ3VNRkxpbkhjdGFvRm9nZUwtY1M5dkstUWNmMmhaMTBjb1JaSi1ISng0NDA4OUViTDY4V1c5dEVLN19WRzM1SzVXZ1ZPUHBMOHp5aUFrQVk5dFQ0eVJzREpmQ3VLby1WU255SVl3?oc=5
MFC.TO,2025-11-03,Manulife Completes Acquisition of Comvest Credit Partners,PR Newswire,https://news.google.com/rss/articles/CBMiswFBVV95cUxNTTA3bTNib1M3a2d3bV9TQ0NUN2ZTbExpbjFrS3Y5d0o3TEdlNnFfQmZlaWdjM2dOV3c4RXBnaWZiREhudFdYUnJHNDYtemR1ZEV0amxyQnRjOV9sNFdTdEJYaTV5Q3ZjUUtwR2NZeWZhQUMzUEs5YU9oeTdrc2szMUZ4MmZPZmdJSldzOS1hSjJTNHdJWE5YbEUwZWZoamgzMzdSeEF2TldNejJYaERfMTBZMA?oc=5
MFC.TO,2025-11-05,These 6 Canadian Funds Have the Most Exposure to Celestica Stock,Morningstar,https://news.google.com/rss/articles/CBMioAFBVV95cUxOZVJUWFA3eU9UTWc0dlhpbEFGQjlmT29zQ1ZwTkV5d2JiaExqRENGa1FLcWxJaEhxRmk0Y2Q0SXlpSjQ2aGU0UDdEcERobEFzNFdJaFF6Qm5mMXh2UFdIdDZrNWlTUl9zS2wzelNPR0FTNVJ4RzU3cGxJREx4STd3YmFjX3V2YS1acWg3ajBKRXR5Tms1S1dwYTdrUmNZaVdV?oc=5
MFC.TO,2025-11-10,Posthaste: Worried about your stocks? Here are CIBC's top 10 ideas for what could be a wild month,Financial Post,https://news.google.com/rss/articles/CBMifEFVX3lxTE52emgzbm1XN0hob0JyRTRib1oxSkRVbXoyd2x5QUNZZjExWFFlVDhGZjFnanF1aEtWbUk1SkkyaGtPTTZGb1JSQlk1Yk43LXNVOTZYdGdZdnFaWWJkbkdGZVpvMDdNRF82dkNwWW53eFFWNUplUU9uREkxeFQ?oc=5
MFC.TO,2025-11-10,The company has fully turned a leaf from where it was a decade ago: Rohinton on Manulife Financial,BNN Bloomberg,https://news.google.com/rss/articles/CBMi8gFBVV95cUxOemZzM1ZYcVp2YS10ZUdVeEE3YkRWUS1fbjlrZkVSLXljTE42N25KRE53NUxBRmc0czBiN2RhaXBTUkVCRFBrRXZtd2w5MzBZRjdKV3h4Yk5wOUdKX2lUdDdPdW1wUU5vcm1qQlZjdnFhdGo4ZjN1aUZ2bzJTcGxKTUVlQWduLW9OWld1ZlBWVVJaVUtDcDR4VDNleEhBWUtJajZrZDBuNFBaMGE4bDJzOUJSWWJkZTVYano4SUYxazhBOFFSOHQtSHYzQ0J4aGpmSFlNTjQ0emRCUVhxR1MyV3VCTVVvWThfVl95OHFHWTJzQQ?oc=5
MFC.TO,2025-11-11,"Manulife | CQS Investment Management Announces Close of Third Regulatory Capital Vintage, Raising $1.1 Billion",PR Newswire,https://news.google.com/rss/articles/CBMi9gFBVV95cUxNQ1hoNXU3M3JZNmV3WFRQS1dwdC1wMEsxS0NMZTlfaG1IOWMxLUJvVUEzNU9Ncm9OZFZhb2YxelE0alRsY0hwN3ZIYVZhLTd3cDdHSmlxbm5MMzRBbjhzWktOMld1LXZfVWRGeWUxeHgwWnBSQ0p2ZnJQRUR4SXNsYk5fa2JNbF8taDlxU3hCUzlBdl9VWUdBbDZ0VHY5cXJ3UHRXRGlCVm56RmhKeFpKcEs1c08tdExrb3htSDMtbmxuQS1VN2hpdDlxS3FzWUY4QVZuc1Q0M0hhMGJjdmRPMnZ4NENlTmRzNlVfaEd6Y1ZZZy1VeWc?oc=5
MFC.TO,2025-11-12,"Manulife Announces Refreshed Enterprise Strategy to Deliver Sustainable, Long-Term Growth",PR Newswire,https://news.google.com/rss/articles/CBMi3AFBVV95cUxNMVRPNVNFVWxUMkRSVDdkeklTMUE1bDVKMnpKbEVQR3ZQUExzOEFqMU10eFk0LVJTWnlYYlp0VWJUNXBjUlRIUnFuUzNwRWpsamMwSlRFQU01VkhCY1JEUEpuRE1uakNVaFdwcHN0TmVNMVJQWE5qWWFHTWlGaFVxNnFMQkRmUVNRZlo5a0M4U096SmE5OEN3dS1zeU1nbkk1Vm9yUFpFRjJvYjJmMC01cXAtWVFJclo5bW1zRjRjQ1h3Y3JPVU5SN2lTbHktMHNadFZIOW1qRUFiUldm?oc=5
MFC.TO,2025-11-12,"M&M, Manulife enter into agreement to establish 50:50 life insurance joint venture",Upstox,https://news.google.com/rss/articles/CBMi3AFBVV95cUxPZHRIQWJMZGdCOUtRT2RwQ0pEVUNnby03SndWOU85NDZBSEZIYi1VUjhaNnRsZXpNRDU2UDBCVlN1Tk54TnZkMDB2eWdZMElEYmNNeFQxazNySExBT2hOdlhKejhRaVRtZmd5T2dKZzEzRno5dDF3aUtjZWM0aExCOTB0c0ZPeXhmRzhTbDNKTmxRMXVoZkw0NTE4ZWVsZFEzTlM4WC1CQk44RzBOTDZNVW1zZzJWVGQ2SGk1ZU5ZMDVhVTlURHY1ZW1iUVA0clNWNVZYbnJ3b0EzOEwy?oc=5
MFC.TO,2025-11-12,Mahindra and Manulife Form 50:50 Life Insurance Joint Venture in India,scanx.trade,https://news.google.com/rss/articles/CBMi0AFBVV95cUxPbjlFOXJzOVJLd3lsVjBSYXQydFJ0ZlRYUVFocHM4WnlOelRjbFI4OTI3UWJnRVBNUWlqYmZYS1dScTFLZzFDU0dzREVRRlBndmhyUGdkNXhJNHZObmVmS29KX2FDb3hOWVJubU5jODYzb2dNV3ZCVVhDYUE4dkdYN3ZxMUh4R051bW52bkhkN2cyc3pnZVdmT0xnNUd5WllZaEJkUzRDeXRwMjVRVzdhMjU0UzFRQVBydGZRb1ZJNDRtQmdlc1JzQ3dIM2ZFQjNV?oc=5
MFC.TO,2025-11-12,Hai Ling Appointed to Manulife's Board of Directors,PR Newswire,https://news.google.com/rss/articles/CBMiqgFBVV95cUxNai04cGFWZVl2clFmNjVPR1RsVjdNbU1pNTBTOWsyN01SQ0pKM1VkS3I3VExNSFVWdzh1NzB5T0Nnc0VSdVB0TzE2bzR4ZER0bXd5c0diY0xSeE0xMVFONEVvTnF1QWhCdkRtR1pYdXRVOWd5dk5tRU9aUGthdlcwY0xJcVNZUV81eGtKYUJ2WURBX3VCSVhrZmt0WXZvWDkwNVJERXRlMGtnQQ?oc=5
MFC.TO,2025-11-12,Manulife and Mahindra Agree to Establish 50:50 Life Insurance Joint Venture in India,PR Newswire,https://news.google.com/rss/articles/CBMi1gFBVV95cUxNMk0zNmNjUV9xT1ZGY1o0N3IxVGJFc0NDbGN3ZGNGYkhJeThMVnc1X08zQUxzaDBQVmJ2OTQxV3JqQXZFTm15M1BqeEhZZGlmTmdNcTFWdC1JdWowc0F4dmppekVSWHVSeVlqZUE2cHJsU3Z2d25QQWJjSUUxYlpOZS1mVVFoUzhrTzdIcUJHTkNYT25LVW5DLTdfTEFJbFhrMnVOREtJUXd2dWJ0WVJYQVN3eERjTzJhYU9ROENCb2JFdWoxUUlhWlRMa2E3NGZvYWt3QXN3?oc=5
MFC.TO,2025-11-13,"Mahindra Finance dividends to fund life insurance foray, says group head",Livemint,https://news.google.com/rss/articles/CBMi4wFBVV95cUxQeDBxZy15b3dSU3FBeXJOd2JWVF9jUTFDTDFYdGdfMGZfTF8yNmlkMzM3WkJxdG1hVmpDdG51Uk51aFV2azVIMnJUck9qVnVpdVFIemZUQnNFTE14aWNPSUpud3FFV3B1ZjhHM0xCTUd5NE9Ec3FKNWF5NUtpT2M0bzhwQUZpT05VT1ZBNmFIaVptNktycjlZQ243cXJWMHJraWJXZUh0WlJvaW1IN2xPOW1BWVF3WDhfTWk2bXA1UW5uYWRSS0dPb1pRR3VIQlhONW9hTk9wZGFGaWVuRDFKTmNMRdIB6AFBVV95cUxQVTVVbWhYQzlNUjVSak5ac0dTWkhLMl9jUFZWVTdfZ09pZl9SZWJYYzduYnhQQ2JQZlBTb21ZQUNLcU40SjVBUUlrY09YWmlGazhYUnZ2UzlhRFBicExqTlVtWmRYT1hZMWRKRUlJcUlIZEpqU09HSlFLQi1aTnZDc2FQMjBacVBIZHh0ZFB6aVRmY1lDTHNITXdHZy04cVFCOHlValVxR0ZsYXdMTGF3bl9VbzlzUUpSNUNsVW5VMjRidmc2WFRuaWJLMENuUE04SmpqczNMRkh6VktubGRrVDJPWkdXLUtB?oc=5
MFC.TO,2025-11-13,"Mahindra-Manulife to invest Rs 7,200 crore in life insurance JV, eyes Rs 30,000-crore valuation",Moneycontrol.com,https://news.google.com/rss/articles/CBMi6AFBVV95cUxNekp3dFFSRUNENllfazE2ODhNeUFnSVNib2hOZXdKck40UDBoVXFPbDF5RVVKdHRpQkE1ZzdxYWdDUENQM1pEbEllOFRDd3FEQ3p0RkJPcHAtdkRkWlRKRE9uQlpSWUFtdEFSU1p2RmVlR2ZmVUx4bEUwWXRHb2llSC0xT083czdJUE5CV1V5RXZzMldCRmZPSnRpa1I1OG01ZEhUc0ZKd0dDQ0UwSWU2VFdJeXljNzFNSnBER1hiWU42UnlRQ3BnSkhmcExaVHNGYkNIOEJvLUZHa2dCY1ZsN1lFNUpsNmZC0gHuAUFVX3lxTE9yV29wRlgtaXlhdTl1RWVOTEs1dWowTmpKWDZBQWxEdDdydURCVXppT2FjMXd2QjJnS1pUWU42RDlQYWUxREJYZGhQbm5nd2lPeUl2VlZmeTJpNWc4N0ZUVkxEejZVSmE4aXZlY1piQzFKMXA4VW5VQ1hWbnZ6aWlXdXRSU0E2MlBPbThNZGJkbzhsMWJHdDMxb3IxVy1TSmpTOHBzM1M4anVWcFpBUmNOWkNxSVIwNE5ORkZqRGRxakZ4a3YwX1A5OGNlb3lod0lqY1ZVakUxbTRoRzVUazZKUUFoR1htbUgycnBvWnc?oc=5
MFC.TO,2025-11-13,"M&M, Manulife to form life insurance JV with ₹7,200 crore investment",Business Standard,https://news.google.com/rss/articles/CBMirwFBVV95cUxPM1paZFZlbGVPTUJwNVRUVDNNMG1HU21IeHJtd01MZzlFcDNkUDN5aVZSRHAyNHUzcGFTSFh5QnhhbERCU0ZfcU5MYkxqZTdTeUlRMWliVm91bC1PSG8yUDBEb2ZZSGVUNU5qRm95aTQtVF80V3hmSGxfVEpuYlRVV3ViN01vMEs5MFNlX3gyc3htNFpwVlVUdlprQWY0VTB3eEVKbE5pcEh5ODFSYktv0gG0AUFVX3lxTE1lMEU5SVBraWVKOUNmN0diRFVwWC1xazBPbGY3ZXdTaFJOWnY5dGVrbjNXRGxUbzl1ZlloeENJdWNwSGNNSUE1SFFoYTBGUHpzMFZfR3VmN3NJcmtlODRqN3RKRWs4Y3htRm43LW9DVUludFo3UTBteE5EQTdFWGVtTW1hR2IyUHI3WlByaUNuWjFVYkZHS203SVhtSFFuc2dHY2ZycE1XUGl6b0lDZWY4dFRjSg?oc=5
MFC.TO,2025-11-13,"Mahindra, Canada’s Manulife to invest Rs 7,200 crore in life insurance JV",The Statesman,https://news.google.com/rss/articles/CBMiwgFBVV95cUxOWlFpdGJ3NUg4NnJvQTRkVWFoVEJtQVNTbGtzSUVQRVNOdEtyVUJwRmw0NkZLbW5sVHV6U25RSDFwTlI2cHJXQzIwaHRnYnRUUGl5OFB1SjhVSmxzM1kzOThjWVFsMUtNTkg0Ti0za3A2V3gzN05NekdDdGlXWUhPVWlodmNRWVR2OVYtWkM1T3lCS3ROLU1iNlVDY1Y3dVFYNU9wcTkyc2VPcEpLRXVGeWV0Y1FlWVZhbTh1YV8tNmNUZ9IBxwFBVV95cUxOWDdaUzFRVXdJNVpyaWJWek04RlJpUDVocFZOVnBJTTEtdjcyUEs1MFhYaDFHcV9hZENMZFhCVlpFMzdqUkJqZUFLS0JLQThNREcwNGd5WmVFSXN0bWM3MkNnZ1ZNWVVvd09KLVpCajV6N3BTWnFxU0k4WkU0TnVKcmhHbkVkN1ozcURNam1ZYThvcE9MOVY5ekEwU2dzVTRubHQ1bDRNZklWSm9EU0xfSUlMeEVfMjVScXpoQjFEdkJtLWRVX2w4?oc=5
MFC.TO,2025-11-13,"Mahindra, Manulife forms equal JV for life insurance",The New Indian Express,https://news.google.com/rss/articles/CBMiqAFBVV95cUxPbUZsRW84Yk9rWVlXU0hoanpUcmpHV3pQOG5KX3dHZXNZaXBkc0RkYnBNTnh6MXlwSzNLWWFiVVVlLXh0MENsTS1ScjdEZ0VQTmZpZFJDblJiaDNVRGhiVnhiTjVuNDBYVkF1Qlc0X1lJa0VCZERmb2loWEptbVNDYUJzcGdFRVUtZ3dQbkFOajBWSWpLdFpXeE1Gd3FfUW9JRm9yRi0tUnHSAbYBQVVfeXFMTTAyUFhQekFremFmUW1iM1JRTDBWbm41YmJXZWFHTmlmWkdySHNWU0dVNUlvazZYbXBwVk5sZkpkSTM0M0FMTDYwQ1hfZXpsRjNNZjZHd3BCUG95bXZUckpTenpmZGFaUGRpNVJBOGVZRElWcVAyZW1PdUVzaGF0OHMwa1V4WGNGaWhxelVlNl9Wal9MSG13ZnhWbXNYaHlheFN3Z2dWWmFFd21NRnhKMHZQbk01ZWc?oc=5
MFC.TO,2025-11-13,"Mahindra & Mahindra, Manulife Form 50:50 Life Insurance JV; Shares Trade Flat",Equitypandit,https://news.google.com/rss/articles/CBMiZ0FVX3lxTE0tajctYUJxTkRqUlZUNkZ5NmJhRTJaRGM5cWdoQXhlZGVoY3ZiX3RaeUUxQjRzVWZDZzVGa2RscjE2Sk5IRTZhRUNkZElrR1k0dFNsUGpkcU5FMHgyc2tXa3RYdlllakE?oc=5
MFC.TO,2025-11-13,"Manulife’s shares hit record after insurer unveils new expansion strategy, India focus",The Globe and Mail,https://news.google.com/rss/articles/CBMiugFBVV95cUxOd0lMZHdScWdWMHFiZDJpaklxUVlaWGhIaVJUTElfMGlLZVd6ZDhfX3hONEMxM3dDTEd5bmlFVDFaOGVlLW9teEs5NzN3RWdRUHpmb0VUaWk4dGQxY0FMVkszWEpabVdKVGtWZW1SZkFHVkZORUp5bTF0b1RORnN0SU9lUW90V09zWlVQd05McEYzaDMtLVk3bXZQWXVtd2VaVVdHWDJDYkYwRU9HbnBldlItY0V0TW40T1E?oc=5
MFC.TO,2025-11-13,M&M inks life insurance JV agreement with Manulife,The Times of India,https://news.google.com/rss/articles/CBMi0AFBVV95cUxPOHNJX1BWX0JvSVJxcHI5ckYxY3h5ckZ4UE5ic1FNQXQ0b1ByU0Fyam93Q1g2WDBrTnYwQ2I0TC1qT2NCNXpWRjFmR1VnLUVVQWhJNjE3cURfWUR5N1pfdGx1THpJa3Q0STJXV0tXUlVSSEJ3SGJoaTFDVG1UaElHM0VfMHNsX2dwV1NleVVhRHlPbGc4S3lGVTBDRFBzTzd3dWJaUS1uUlRCRG9sbU85di1lNWdQMGJPWXZTOHVLZ3Vxb2V6Z3NwaGRMSlFiYUJp0gHWAUFVX3lxTE95LTJlUXpDZXRKSlVjY3dPcVlmYlpfM0g3N1BqcmY5VldZOUpEZVRnT0lBbmpKQ1JSRnduODVpS0Rac0tXdVhXOEJ6cDN0WmJfUzlubFQ1SGJBMlQ2amlEc2lzc3ZxeENiNU14NWZrdE5oSUx3LWNCLTZrSk9FSDVVTXpfcDhjNDV6VkFKZU9IWWNiRC1NbWxEZlQtdDhwaWQxU0YwUE9PWmVkeUFQQkVhRl96ZGplUWJaZVB6RmhZWlVnN3RYbzJmTkJTa0I0cGl4TVJyNEE?oc=5
MFC.TO,2025-11-14,Investor Outlook: Manulife expands footprint as it accelerates focus on longevity,BNN Bloomberg,https://news.google.com/rss/articles/CBMi4AFBVV95cUxPZWNiY2Ixd0lBT3lEUi02Zk03NW4xOTNaNXFLeVBTY0ZuVklnakUwbE5xZTVYT1hNczZhUjFMbEM3cHY3NTB5cEluZmVCc05nN0lQQzhEbWdPUTFGQ2IwM0NjRzIySlB5U2k4b2JweXF6Nl84cVEwV0MyTHZZRDQ4OWFYbTdyN1NHNEE0OVl3dDZLR3dKUS1NTWhPeHNXRU5Ia3RVS0p3R3p0b2JCeWZpOHNfTEF3S050YjI5RlkzYkN6LWIteVpXNmg1MktDT3RSVzJ0SzY3eENIX01YYm91ag?oc=5
MFC.TO,2025-11-14,Manulife Financial to launch Manulife Longevity Institute as part of expansion strategy,BNN Bloomberg,https://news.google.com/rss/articles/CBMi5AFBVV95cUxQV2FqTEZ6ejRBaGhodGJ4c19qbWxPZkswSUhBX2pmY0FXMVNlWHVXOHJHcUczR00teXBHZ0hycElGQzJ3YVB3bkhhOGdUMmUyc1lhcERNVHc0WjRBbmN2X2RCN3AyVFZ6NEdEWHNyZTR0TUtQWXNQZzUzbXROSDBYdkZvVHZFblVObFUtR0dLQ2dUejd0WHVUX2tFMVZ1SXhzdEJ1Rm1KalM5V2R6NS1nV0IxNE9Pd2FfeEtpQnotck1PalFOci1FSEdDQWR6bDJfejZOVHpVTXNhQU1GcXZ6ZHVxbWE?oc=5
MFC.TO,2025-11-18,Manulife Group Retirement Releases New Report with Insights on Preparation for a 100-Year Life Span and a Better 40-Year Retirement,PR Newswire Canada,https://news.google.com/rss/articles/CBMikgJBVV95cUxQVnpDX3dYX1ZvbE9BR0tQSEhRZkNEN2xHQ0RQMVdWeThXYXNRN0R5QlZadktfRHNFWHMwOGhFU1N1Y193R0Y2d2liQ1FET3hZZ1ZBOXNyU2RNc0RPQmRXUGVRaXR1Q3UwVTE0VnZXSWZvcmtNYWJJR0Q2MzhJRmJKYmJKblZOZ3dPcllsWklLSmhLOTFQV29la2FoR1dwVzlnLXZVOXpWVUU0bFdDeC1PTjZobndOYzFuUzlDclYxc2VTWHd3c0tKeXFaWGRrN0xXWE1pTGpRUWRxSWs3WVhieG80Q0VhVFVXWkZFNEhNYjM3dGFQLWl0dmRubFE3dWpPRnJwSzB3NF9zUldvdUctYThB?oc=5
MFC.TO,2025-11-19,Is Manulife Stock a Good Buy Right Now?,Yahoo! Finance Canada,https://news.google.com/rss/articles/CBMiggFBVV95cUxQTzl6ZnNtRG5nZ3RMQUJ4TzdLS0tUSTQ5RVF2TFl1cFp0WjdwNnZHRkVsU0JvWGtlakw4MWJ2LUw1aHBianA5MGNiZWN4UUQ0VkxBWkpROF9EVEh1cEs4bDFuc0R0Zm9VTjExcTl6QTFCMlVRTXJfRGhEbHFtakRTUlZB?oc=5
MFC.TO,2025-11-22,Is This AI Trend Still Our Friend? Stocks To Hedge Against Inflation And Market Risk,Seeking Alpha,https://news.google.com/rss/articles/CBMiwgFBVV95cUxQZTNiVTF6T0lxVjVVRFlDTWtmb2dtZFowSjQzcElhN2xRbTdtS3dldlVPZ3NfVk5aU0dVNHZBa2VxV1VSZFRUUVN1VlFYNm45OWdxVENxc3VrQUVaUWZSY1RPNFI1MWg0dmR1aFoxZzdwQUl5amRFbXZkNFpORmtvV0dwTVdrNzVnMUI5ZnRnc0pXWDQ2S3RXM2xRWmtnQ0huTnJHcURHaGhyZ295dUVzXzNhU3VhMkRsNncwdnJvbDVhdw?oc=5
MFC.TO,2025-11-25,Canadian Blue-Chip Superstars to Keep on Chugging in 2026,Yahoo! Finance Canada,https://news.google.com/rss/articles/CBMiiwFBVV95cUxNT2I2ZjdkaFlGSEdBcFo4bW5XRV9PQW1lelItbnJWWmUxbFYxVjRBaWZOdHUzU2tTMkNQNHR2X2FsLWlVY0E4VG5Memdha2l2Sk9URG5FZi13YlFQS3psT3ZzVHFfSlVGRGM4U0NIVlJRUkNkWjU3elBSSy1LN3FMRGVIbTk4SVZsMmhr?oc=5
MFC.TO,2025-11-26,3 Top-Performing Canadian Small/Mid Cap Equity ETFs,Morningstar,https://news.google.com/rss/articles/CBMilwFBVV95cUxQMXRQTWpFVjZaNVNwektTanVqRUpBX3hJRldVUmpLZy1qRHRsRHdVMzY4TDNkc1B4blJmSHNXMkdOVmc4czZKUTJhV0ZNQ3dHX3FRWXN4dkh4aU1GRUdBWlduQnM5cWV0cWtZbjJyQlY0a3VQS0drc2k3TnZqZFBIMTI1S0l1bDZjU1cwNEFObWFaODYwNGw0?oc=5
MFC.TO,2025-11-26,Top 5 flexi cap mutual funds offer over 25% CAGR in 5 years,The Economic Times,https://news.google.com/rss/articles/CBMi0wFBVV95cUxNQmlEbVN1SGZMU3dGOVNMQlRZZEY3cEtQU3h2ajlfMThJV24yUGREd2JwaUFkS0VKcGRmeXRGdzRyXzRudEFBWWVncGFUZkpwal9lSTh2TnhaNEthR1BwdHBPakY3aDFaUXVZbHBvM3B2R05DN3hSLVZ2Mml3N3BiU0o1MWp3MWRwaWJYQ1V3dlFtWDZhaTEtQWctbmhaRDBlU3U2MUFRVF9FMnRTeWxNdHF6UjBZVnN1bUJPYnVmQm82WlFKemZmZS1xMmZEVk1ORjNj?oc=5
MFC.TO,2025-11-28,"Manulife S2 Id Di G&I Pf 100 (TSX: 0P0000WV0J) Stock Price, News & Analysis",kalkine.ca,https://news.google.com/rss/articles/CBMiVEFVX3lxTE05THdjUjhUR0xkeW9UMWNSY2RMLWpNWHBiOTJXYi1rbGhCcWNPVzVtQkNabW1pOFVMN3UwZF85SzBUN1VOVTV0YV9WS1JNakpVSWI3Tg?oc=5
MFC.TO,2025-11-28,Manulife taps Ming Lau from HSBC as Asia CFO,asiaasset.com,https://news.google.com/rss/articles/CBMijAFBVV95cUxOdThzS25TRXprSmVFS0N5RnM1eEJvUGZ3elhDZjZPZUhpWlJjLW1IbGFYS2d3d19zQVNqcHF4LWl6T00wdk52NFJhOVk3SEUtZEdQR2d1bU1JY05XOThJY250OU1FYjNFbDNMMGlPdVExbUxhYWNaN2JyMi1EdUk1NE5sVTJ6RU1nZFdVRQ?oc=5
MFC.TO,2025-11-28,"S&P 500 Futures Rise in Premarket Trading; AngloGold Ashanti, Fortis Lag",Barron's,https://news.google.com/rss/articles/CBMisgFBVV95cUxOUGJnQ1RnSThBdU9peWhmYnY3S2FmZlJWaVFqQVNiUmZTV1pESWlsLVJoMEwwN2s1Z0p1T0hUZ250d29sYU5KVVJoV2tKWDJjZWY2bkJNb0NVVWdUaUpOUW5rMHpaMmZmdTI1MzQ1T255NTdjVkxIRHVQWkhZSHFVN0I2RW0xWHJRLUtDekplNWNyTzZUVzNIUUpNZGVTS09UWTJvZ25OOVJ5OTNvR3p5Tlhn?oc=5
MFC.TO,2025-11-29,Manulife Financial: New Strategy For Ambitious Growth (NYSE:MFC),Seeking Alpha,https://news.google.com/rss/articles/CBMimAFBVV95cUxPbm5rLXc0SDN0RHBHN3F0UXMzcEdrZVZFQl9odHhmTW1kXzAtZllRQ3J6YkxibURacVlhNlhQLWo0dE1aR01QbzhvWjhqRk5KQmk5Szc3S2xzRVo1VnZYcEhhNnJxb1FtS2tRTmdzUU9HS3NHU2hmQzY2VFVBNTRDRG9kaXRhYjd6d1NnRkR3bDM5U3hIQl92aw?oc=5
MFC.TO,2025-12-01,News | Manulife US REIT seeks approval to diversify away from offices,costar.com,https://news.google.com/rss/articles/CBMivAFBVV95cUxOaXowbzJUOEJfYW5OWVlOczB6Vk16eW1ad0ZpN0xYUkxNaC1EbzcyNnN3ZWd1Y1ZaYm1oaF9nUVZrQzMzLWhROU95eTR5VzkyMUlQdjZteWt1X2pVZU9zb093NWJZOUw2TFlGSW1qTWxpUHRKbS1LWHlzdjZTWTRSX2dqZFo2WkVvS0NMM3ZxTDlac1lpRzBJcExDaC1ZM1pBR1J0Q1VTYUhKeWNRYzFNSzY1Vjhtb2dQQUw5cA?oc=5
MFC.TO,2025-12-01,Manulife to sell MVI Life to Japan’s Asahi Mutual Life,Vietnam Investment Review - VIR,https://news.google.com/rss/articles/CBMijAFBVV95cUxNQnZVaURpYVBNcms5cEtQcjFHNjVvamtyeTd6OUpqY0N1NktIX0pVcVRjZVlfYW1lU0JsanVZNXIxY19HSUJ1OFhZQ21SRHphT2RQZHAzUU5jVVRFNFRabG43dmY3QzRlR200UTVWa3ZtSVBIa2ZIY3YzMjl2NERLcDZtTEFJRW8wWjhnYg?oc=5
MFC.TO,2025-12-01,CIBC’s chief market technician Sid Mokhtari reveals his Top 10 stock picks for December,The Globe and Mail,https://news.google.com/rss/articles/CBMi3AFBVV95cUxNMW1qeUtYU1VLZzNHS1UyNkNsSkU1RVB3ZFpyVTY3aFhLTXFuSGJGTjVkdkd1d21zLUZVVmJhUVRad2Y5TTJ4S0dEdFNZLUJvY0k2YWR5dkt1LWF4OG1VOUdjVVI5NWVhSGdqZXdaWnRyVXlEV3pMSlJrU2kwZ0hvOTFINnVIdklJelBxN2FGQktFMWpxeXRvdW1JdHJNUlU4LVNOT0Z1dGtwSEdwTzBJeWpsZFEtQllLeERtcTQtekxPOEh2Y3dyZWlyZV9LaWR5Z3REVzBUbnZPbFYt?oc=5
MFC.TO,2025-12-01,Manulife launches seven new seg funds,Investment Executive,https://news.google.com/rss/articles/CBMihgFBVV95cUxOUFV6RlVVZ0E3bW1qRHgyVzBLOUJiNjR2eDFOT3J6cFZNN0F4a0hEXzR3RmVIRzA5N2NYNnlyaDlfMllZWTQzRnRIWGhxVjZHeVRRYzJiOHMwcWVMSVl3SjU3YzFQTzBpRjhRMmVCcHpnX0VlRWhTYVRVaXV3TGxiN2Y3QU9hZw?oc=5
MFC.TO,2025-12-01,RBC analysts make 18 changes to top stock picks portfolio,The Globe and Mail,https://news.google.com/rss/articles/CBMizwFBVV95cUxQZVUzeUo0UTk2T3oyZC11V0xLbXhUYmN3Z2M1bXNOUnpSZ2ctVGZ1ZDYyMUdOOWJWRTl2LVIxd3JfeEM0dmpYdXlieUFnMDhCQ3BLV3RMMnAybmNLOGY0UTljSkZuRUs4c0FseUZQa1VxUHpQM1JqcncwcFdWc09SSVhNS1VSWjJrQ09TN0pKZkdoYXpLSUJwLV9kTGplcTVuVGV3SHF3MzJUT3NtWmZVSjVNbFh1a21LTldSeUYxNW8tbC1zQnNWcmFXY3Uydlk?oc=5
MFC.TO,2025-12-03,Market shares of life and health insurers in Canada in 2024,insurance-portal.ca,https://news.google.com/rss/articles/CBMinAFBVV95cUxPdTN4eUh0UF94Sl93UU4xeFRia2gxbHMycVJJWHdOM3l0NUt5TkYzTE9zc2MwNDhqMkR2RTYwRWQ2VVFjZGhGd3dpcFFUX2NlNllyNzBXa1dsdzlvZ0RBc25MSjBsMXM0YmwxcmpIbDZnRWhLVEFwTmpvOFdrX0FmS1VwQktxQWt2RE9OaTZKcmEwQmhOdUxkRUdKVnM?oc=5
MFC.TO,2025-12-03,Manulife Investment Management launches Singapore all-cap fund strategy under MAS’ EQDP,The Business Times,https://news.google.com/rss/articles/CBMiyAFBVV95cUxOZllFSHdCM29YM080QzNiRVU0NmNndFE1ZE5PS054OExJS084MTQ3UmtwSDhBQXl3N0M3MTRKZUJZSlU4b29RRVZRZ09HTlVMWVZkRy1PODUxd2M2cjBualVYTkRLUEw0QTlSMHE4V1pMcmozeUpHekZ5SllKUVEwblBOZUxyUlNjbV9jSC1YMEtET0FjTVVlY3gzdjZ5ajNLUEJqOEktZm1rS0JvZVotMzhPVnhkUHNBLTM1WmNONHA0RTQxTDItVg?oc=5
MFC.TO,2025-12-05,CRA Just Released New 2026 Tax Brackets,Yahoo! Finance Canada,https://news.google.com/rss/articles/CBMigAFBVV95cUxOWURkNGdEajJMTW5sVVktYWlRbFQwa0Z2eU1pZ2dITnY0Um1ELTUxMWlHcjEtYnJlMlZOUVg1akdyMDlqMjlhUXRIckI0UjkzUW1KVlNBVmtsQUVzU1ZHSi1hZW5MSEx3LWFSNDRMakhkZkxUVFlPYVRPYjRKemtHMw?oc=5
MFC.TO,2025-12-07,Manulife Powers Angkor Wat International Half Marathon for Longevity and Record-Breaking Success,Kiripost,https://news.google.com/rss/articles/CBMiwwFBVV95cUxQdU5uNzlJS2tPdG9HblhPQ2ZiMnVFOEF0UG56cUVmQ1hKaDBRWVUzUXZ2NU54Y2RzdjlGNkRvMHJBOVFHVG9xeTUzcm9GNTBuTDZFamQ1VFFBS0h5U1VNdDc5aUhzb1pjbE1UYmJSTk1lYWlHOV9oUzFpdUpYcHU4TEoxa2ZWZHJTSWNFRjVwT0xWNmNueVNSQXlnRk5FOWJyd3JxSkJDRkcxRllMU1hGREZoU0JzWVNyNVJ3bGhKVTJiaUU?oc=5
MFC.TO,2025-12-08,Industry moves: Manulife Wealth adds team from Richardson,Investment Executive,https://news.google.com/rss/articles/CBMiqwFBVV95cUxObjl2R2I4VlJSVDcwb0NxcGNuRTlUYTV5RUJveXhxbUQ1a1RyUTZhbHdkNFZ6dU5NSjlQSE9FWmxJTFpHX3BBa0hmM19kVDA4akZUV005bEZVNmJLZkoxeUtxb0lXWnNWUjYtNURoT3FjOVJsWUtyM3ZSdWktSmN1TmZSdUJnVlRPRHRJVGFFOUJoY3RmLXlsblRidURmV1NhNE9LRkJ3aWgwalk?oc=5
MFC.TO,2025-12-09,How mental health conditions affect life insurance applications,The Globe and Mail,https://news.google.com/rss/articles/CBMi1AFBVV95cUxPWXF6VG1BQ1lzb0p1a1BrZDgwNjkxdmVxZFFUR3VxVzBuZmZtNGY4Y2tSdDFaVUhpTHU2Nmh0TUVRSXNVWGlaRy15THFJWHlsVUIySG1qZXFCaGlXSG4wR25KQ21US0FfMWdFVDQwOWZXdjhsSjR3RnFPMU9rSTMtUlBTUUtLbTRaZWM0YVFVeXh6a2dwTEJfT3NYVXkwMVhYR2pLSHpEeU1tMFdqTmg1T3FORHpGQjZ3bXU2YUpSazJpN01PU0tGREpYdHNwMVdMT0NLcA?oc=5
MFC.TO,2025-12-11,Turning Disruption into Momentum: Manulife’s AI Flywheel,rbc.com,https://news.google.com/rss/articles/CBMixAFBVV95cUxQWkpCOGlkRmFwRnN3a1B6LW5RNkVjaTg0SjFWWlZnUHYtaVpOS0hZWmhaOThIWXJOX0dvNWNxOUpTbXcyWTB0X3ljcFI4UllwS1pHVnZkVTg2SGhoZl9WU1lqOEw1ZDBhN3lZZ0M1QjlnVmExZVE1eFlOT3F3S1N5X1dROWFBZm1WRG9mU2FCamFRRWlHUkJDanV2ODhyZ0swNVhHOURiM0tqLWZwNkl4N0ZEZHY3ZjJPXzBfYnZHUUtqYy1q?oc=5
MFC.TO,2025-12-12,This TSX stock surged 300 per cent this year and analysts see more upside ahead,Financial Post,https://news.google.com/rss/articles/CBMitgFBVV95cUxNWEtwMW9yTFc0RHBNeDBVLU10czRWYzByX0JoTTVlNEI3cHpyX2ZBQ0NDRHNZWVp5bUlrcGxDd2YxeHk2eTNWeTNwcTZBczltTHoyaUQyLXdIVi1hVjlLTEZaQVM4Z1I0d2ZNQmdSbktORXpaTzQ3Yzg1dVV6enNRWnFySEpNZkdGa0tOSDNobmxhbTN3QjdzekE0MlRjc0Npc3NmUkR2NDktUG5objF0UlBLSlpiUQ?oc=5
MFC.TO,2025-12-15,"Manulife and Bupa Sign MoU for Strategic Collaboration in Hong Kong to Create a More Robust, Integrated Healthcare Network Offering Customers Greater Access and Choice",PR Newswire,https://news.google.com/rss/articles/CBMiywJBVV95cUxPZTRyekQ1ZzF5ci1BRnN5Uk02VnFNcFpPY1dtVTFsU3ExYUNDNUljMXh0ZG9qUTVGMGRrWTJLcExVTEdieGZPMmdrQ1djb2o4ZXFYU3ZQdVRUUGFBSlhCWlZleDhPeGFnN29iYjk2MlBGOVlVbFdSVDRhelZQTzVSRDhVVER2b0pQV0laTlhTd2NKU2tlaTEtWjVDNUsyX1pIekkxVmdybW1ITFZSb0N2U2dfVG5LTUZ2MGZaSmVBbkIxNHlnQ2E0NE84alF5WmVESnUyUUVqVm1EQlk4T0hTR2xlVVdFXzJTTnBDa3YtTHh3NmxMU1ZzX09wSTBZMU12UVRNRzZ1SjdUZUJiR2JtMnZabVhndnUyekFWd25lXzczY1RRQTBvRTRZaXQ0amFaOTRVQkl3RndoanJfd2l2eTVlVFZKUHdnSW9v?oc=5
MFC.TO,2025-12-15,"Is Manulife Stock a Buy, Sell, or Hold in 2026?",Yahoo! Finance Canada,https://news.google.com/rss/articles/CBMigwFBVV95cUxNbVBXSzZwY1ItZ0NUYkgyYkF1UHJVTUhLSzNhMTJRLWgyR1NWTUZJWWtjOE9MVDFTS3ZmWDl2ckM2bXRXalVGa0dvS1VKR0x5RDNVVTVSYTh3T1lRM1NUZVNNQWFQcV8ySzl1eUFzdTZTRFQtS2psYlZSOU03QkJ6ZTZzdw?oc=5
MFC.TO,2025-12-18,Manulife Investments Announces Closure of Manulife Canadian Universe Bond Fund,Yahoo! Finance Canada,https://news.google.com/rss/articles/CBMinAFBVV95cUxQdE5mSWREUFdQTDhIOFpnRHFYR2lsSVV0OVZzRDl1WUJabTdIRXhnaHJISkFfZEh3SmNQemczQWF1dXllRkQ1Qlh4cVJRUnl4em03SEJaWGxOVnVNemM2MzFLMjZoZjhPU0wxa0JWdnlNREdNQXJDSnNDQm8zNVQ0Z3IyN0RQb1U2SHlMRUZPN1pJZHladFZEYmxMR1c?oc=5
MFC.TO,2025-12-18,1 Dividend Stock I’d Buy Over Royal Bank Stock Today,The Motley Fool Canada,https://news.google.com/rss/articles/CBMiiwFBVV95cUxPenptc2ZfUmdhdTZhZDVaaFNiNUtBN0tqVEMzRmlyV2R4WHZ2YnpPdkdlNkR2QkkwRVlvVU1oVm92c2xHYjBNUzc3RmtqOFFaY0haakx2cnZNV19rNDhZNko2MTNTVmM1RzExdFhmN3VlMGxZOWZFcS1IY0Y5NDJqQUFlMFpDdnh3SkpJ?oc=5
MFC.TO,2025-12-22,Manulife Hong Kong Partners with Hong Kong Baptist Hospital to Launch Outpatient Cashless Service for Cancer Day Treatment,PR Newswire,https://news.google.com/rss/articles/CBMikAJBVV95cUxPWHN4R1MwUU1QWTdYRHd0SkpaNThmbDFlNkZPQk45eWZfeHh4cEo2ZXFleWRLWElKcHpaUWxuN2kzZjhPSl80N3ZURlhyOTlxeEtWQnY2R1hiR1ltX1Z2WTdZQlN3Y2tGVWNyZWFTRGl5bGgwbnJ1eTN6LVlCNS1EeEEtYy1rOUR4X1l5RlBlZmtrcGppTDYtdjBEU2hWOGpDS1NCMkx3bEMtNVotdVd2RTQ2eFo5U0dsZU53Z3JvSjlmd0JpcE0yTU1wc2JVT01lcmRRN1QzRHpzOWJfYmhXZjU2YmN3b202MXhTeDROLVN4b3F3YlpMeGg1VGMwOS1nWkwtVE44TndPR0hZaEtKVQ?oc=5
MFC.TO,2025-12-22,Manulife cautions investors regarding Ocehan LLC offer for shares,PR Newswire,https://news.google.com/rss/articles/CBMivgFBVV95cUxNdnBOUHpMc0lVYVFlNUh1NEtybHFmR3JpZnlmM3MyYzZVT19zSmJzTE1SZkx0VU04UktrcUhNMERFRGJhMUVkaS1xaTYzSjR6dU0wdjN5bGJqNmIwU0stcnV6Q2RHbG53X0ZYcXFlRm9DZ20xRE5hZ2lEQm9QYlJ4TzlGTmFzLWxJcU81UDhtV3hKWXhFQVVlaHhreHI0eVRPYTQyM1NreDliTFNBdGZtMTAzc1BmOENYZk52SE9B?oc=5
MFC.TO,2025-12-22,"2 Easy Canadian Stocks to Buy With $1,500 Right Now",The Motley Fool Canada,https://news.google.com/rss/articles/CBMiiAFBVV95cUxOOWlieFlqME5WZzI0LWVRbzM3ckZic09lOUNTZVIyVVNoMFcxcWlWYS1vRm1WUEQ1cEx1M21icXVOMGd2MDh3ejBMYnV4ZWoyaG0tZVdNWURYOEdyY2dVUXprSmJ3TnU3Vkp2ZENqc1huX2NiX013Ym10eVdaejdoeXctdzNMbTJQ?oc=5
MFC.TO,2025-12-22,Manulife Selects Adaptive ML as Reinforcement Learning Engine to Scale Enterprise AI,PR Newswire,https://news.google.com/rss/articles/CBMi1wFBVV95cUxOWk9hM18wbWN6YnJUZTdvTjJQVG9RQzFsTjdBTlBZTnBLbERqMnZ1b0hjZHhoSTlUdkRBQS15WXpzeXBNUGNoM0t3X0VPTlJQcVhWdEhpeTNaUnMxVWVUS0VvMTdxUVNkY1picC11TUU1Ml9hVnN2YjJfMFVSNEpRQ2dOdnlkWWgwMHRDQTJfbnd4OVZWUVpQTndUVUFzTzQtLW0zbU9FQ1d3cHZjU1J2SExwR2lQSnpxa0VTbXplWWFKMEZueThua1NaRldEcDZ5a3FHcVIxbw?oc=5
MFC.TO,2025-12-27,"Top Stock Market Highlights: Alpha Integrated REIT, Manulife REIT, NVIDIA’s US$20 Billion Move",The Smart Investor,https://news.google.com/rss/articles/CBMivwFBVV95cUxOZnd6Z1U4YjRYRGI5cFhnaUNGTXRZN3I1Uk5vX09GcGN4YTBKUXBkUWFzNkIyVlhyRXpHZkROSFVwQ05EYXBySzZlZ0NpZnhhdF9MV3g3NC0xLURUYUE3MGZMUnR4ZHNFMjFyaE13ZGJBR2c5ek1mbW1FQlZOeVN2dF8tc0l4TXBUSExWcENqdUdPY3VjaGVSM25KQ3ZQTzlEbVl2a1BOQ3kyT2JsUnVxUml5bERsdmhQc1FGWjZIcw?oc=5
MFC.TO,2026-01-02,Living the high life: A record-breaking year for CEO pay in Canada,policyalternatives.ca,https://news.google.com/rss/articles/CBMitAFBVV95cUxPRENqRjd6UWNJVGRrbU11MDJMOXFpczlGS3dUX3BMUUI2RmhFSkMtazBKWG1SWVluWTZGMi1uNVA2dER4R1VLMDM2Q2ptRUV0YXZuVHB4OF9HclY2Z1h6eTFsczAyb3JheTVpamttc2diN296VndYWXY1VVBDR0NabEJLYnVpTHpMbjRjaHVvOWg5a2pxai1EN0N0UGdkdDQ0aTIxOVhaRW82T25zT2dlUk5iazM?oc=5
MFC.TO,2026-01-03,Manulife Vs. Sun Life: What Matters Most In 2026,Seeking Alpha,https://news.google.com/rss/articles/CBMikAFBVV95cUxPWTNLQlJ3T3VHSGNTNkZwYTg1S1k3MmZwQm5PV1ExaTBXOGdpRHJRQUh2ekxUTTM2SlVRcW1zbE1ELXFfeVVoaUlTV0xxWlBSSzNiaU9nQmo0dHk3S2JOS2ZVRjhpR3ZQT0RuWktyYXd5SjQ0eWJBek5NZlZIbWVJeVdiV0w5OEFIek5fMjJRZ1I?oc=5
MFC.TO,2026-01-05,Manulife Hong Kong Launches Genesis Centurion Insurance Plan and Prestige Achiever Insurance Plan,PR Newswire Asia,https://news.google.com/rss/articles/CBMi6AFBVV95cUxNbFhVMWtpM2RMTmJXZVNkNW83UHVqUS1DWkZ5cE9USzVBTU5OTGRVM2V1SUNqcmNmamRnRVAtSjAtaUFqOWRzc2NFLS0yOXZSVEQ3RVo4enJRdEhfUWFKOFlyc1NvYWhRamdHa1U0YmtBb1BCaWtWcWx2Y01aanB2eXFaYnJYQUg4cjdRV2EtUHUzZHJ6bFo1N2ZlcWFYYTRHNGg5dWJuWjQzYkw0THBmNWUtXzg3TWN5OEtPOFhuMTlGNkZ1blFEUzZuN3JmVEJPNE94NnR1eEZDV21HLVY5bTV4RGZLdERS?oc=5
MFC.TO,2026-01-06,Berkshire Hathaway overtakes Allianz as world’s largest insurer by assets,Insurance Business,https://news.google.com/rss/articles/CBMi2wFBVV95cUxOVnZvOVg3SDFJcnI3bkpDelh6SWZkTkVkVmc0bE9OYWtYZUFqVWRTTy1XQjNYaVZmYXBhOWY0bzRkY1RRUTlmTXVGOE9VakZadHRmclhsLTNPbWJBa3ZnbTVwNFcxSGxoUWFPQThIaVFJNXBOckZHU2tkQ2daRWlCUFhyNldtb0hFQVFpdlh6bk1TYXBqT2haWnBPWU5zWnlrVWthRXFzUGdCTHB3MzFaRGx3VFlzU3VzbmhYcTUxREcwcy1wdmNpMUNwelNGQWhfd3M1aURjSWxFYm8?oc=5
MFC.TO,2026-01-07,"MFC Hits 52-Week High: Time to Add the Stock for Better Returns? - January 7, 2026",Zacks Investment Research,https://news.google.com/rss/articles/CBMipgFBVV95cUxPS0FrM2JzUDFsLUJNTkJNNlFXTXlaOXRLUVY5OXZZNUo4Z3FOa3VPblhSLUxBUk5MUk5sWEx2NEtuaFJlcDFJRldhUmVvbndpbGlnZHQ4OVBQdFlKVEotSmpjXzJOdEdvakxmeXRrSWdoQW5nVXZRNW1keHFhWm5nZ0dCUmtxc0dZanRMeWk0SXlLUXJtNEJrUlJ6Qmgzak1Dc0UxVlN3?oc=5
MFC.TO,2026-01-09,"This TSX darling rose 120% in 2025, and analysts are hiking their price targets again",Financial Post,https://news.google.com/rss/articles/CBMikAFBVV95cUxOMEstSWY5UlNrMkVVOG5hQlFUTDc5bDlLbm1Pa281SnpYclJlSDRmLS1wS1ZvMGw1Z29QcGNvNlZYSURaYkk3RU9meU9fVS16TjdOWXlDcHJlVFRUa3RESFdwc1ZidFhXVHRKTl9RVFVJR19pWk90WVpSSWp0eW5WSjFQdVNKUHhrWVBBMW1vOGk?oc=5
MFC.TO,2026-01-09,The 5 Big Names in Canadian Insurance,Investopedia,https://news.google.com/rss/articles/CBMimwFBVV95cUxPS2RFTGlpZlFuekxlN3R0LTA1OERIZXMyM0V2SE5abnlYS1FzUF9MaUNhYkJ4WDNGNkJhUnFSRkdHUkc1NzRhRGdWSGk4NFd4U1lYM3d6RXdYLUJzNHNkaFBLMTJEU0xMQmlJYjNhZTlMSUpXS1VmR2JCQkxFekVqYUM4NkJwSktTeE5oOGp5cURyeWtzNUdzZ3hDQQ?oc=5
MFC.TO,2026-01-09,MFC stock holds near 52-week high as investors watch dividend and Asia growth,ad-hoc-news.de,https://news.google.com/rss/articles/CBMiyAFBVV95cUxObnptV1VuNm0wd2I0LVQ3UmxIc0lNcFpSOEs0R1VzMl84ZzFrU0ZMcThjTmh5ZFdDc3F6SGpqeV8xMmN0YkYwMEcyemxram1hb2FPVmFkMm53QVkwMzhSM1hUeVhIdWhFTnlVVFpaVzZSZ1VHVXNadHc2MzdBM3NIcXRXV3NHTVg2ck4zZjRROVRTWi1CSzhaMDR0Qkd4bGdESkRKR1BEMUhEVzg4V1lpTGt4WU1qVnZWT09LelZCLVdqR0JBcGJ2bw?oc=5
MFC.TO,2026-01-13,Here’s the Average TFSA and RRSP at Age 45,Yahoo! Finance Canada,https://news.google.com/rss/articles/CBMifkFVX3lxTE01TklLeXI4LTBsOXBoNDBYMjRkTjZjeVpaNDVKVndtUHl0TG53eGtpWEZtYllfQ1dJTmZfT3laNEdkWnhNcjV2MW1GV2pjZWNYQTc0cGxqbDEyMGR6SVFiU2M3NnE3alF0NFotYUlmUmFISUNKMHhCMUM1Ukd4UQ?oc=5
MFC.TO,2026-01-14,Top 10: FinServ Companies in Canada,fintechmagazine.com,https://news.google.com/rss/articles/CBMihAFBVV95cUxNcC1peE5pdGVjdTZrZWZrUzB2MEdzLTBzbTd1OFFOSTdOYk5OVmdzaWt4anlhMXNsRzlURmdDXzhSa2RuTlRIVWlmOE8wY1FaVEhFTHQ1c3dsVnoxQ0l5S0hYTURkaFpFRFNPckM5ZUJwdnFEVlR4S1A3Y0ZvcDllT25JdXg?oc=5
MFC.TO,2026-01-14,Manulife Financial (TSX:MFC) Smart Forest Reforestation Shift Rising Focus For S&P 60 Markets,Kalkine Media,https://news.google.com/rss/articles/CBMizwFBVV95cUxQYXBmdTBqYTZmc2N0LVR0eGVpLVhZLXpqWGJkWWhTWU1iVjRZOHhENUZWZGtVdG92OE1HOXROaDVPQm91X09XZGxpbTRLa1ZfTEpvalVPdS04NEsyMTdaMGxUazVSWkJKbVZpdUVfRlVOUkszOV9UVHptTDdrSkRBbHZxWUQ0TlFCYmhRWlRWaHBSV3k2cTFUVW9RZWpWRUZBV2w5bmh1enJmc3JjX1F0TTlVMG9kMGh4OHBaLWNteXFrbU5Ra0V5MGZfc2VTNWc?oc=5
MFC.TO,2026-01-14,"3 Canadian Growth Stocks Positioned for a Major 2026 Breakout – MFC, PRL & EDV",kalkine.ca,https://news.google.com/rss/articles/CBMiqAFBVV95cUxQUTNPQTNFVU1NTHRiRkY0R2RjQ3FkWEFNQTN6WENrNjBGMG4xUE9SSzZXTXZMYjgybTlnNVBVdTVfQTlxMXpiVWlWVGhkWjg0Wk1hSmdqcWNqQURnMEdOSG1tZHFvTGxBelNFX25najlueUZmVERJOHpYTjJ4bHV5ZVZsNjhzdDZYVTNpV1dBZXM1Uy03bjdBWTNncWJMZDdQU2xzT1Rmc3E?oc=5
MFC.TO,2026-01-19,Market Outlook: TSX gains may slow after rally led by banks and gold,BNN Bloomberg,https://news.google.com/rss/articles/CBMizAFBVV95cUxOWU9Nbm5qSVIxYXVJRGdKWTZpenpRa0hGM2Q2ajdtTWk4eEluNXpVSC1WeFVoXy1kbG5FVi1VRDNyeVF6NTUxSUJBMXFpVUxqcDl6ZzVDWGpkR2o3MzRQY1VGZmpEZWprcEdtbE9PV1NwZTVZMXVDNjlyeFRkUEVXc01tR000TTQ4UG1QeGtYRGZwT19SbVpZd3UxcVlUM3AzN1VZUG1oYWZfM2VpMnhleHVPSWtncE5JNjl2Sm1yVlpzMGpNQ1ZzXzI3RE4?oc=5
MFC.TO,2026-01-21,"Malaysian equities set for long-term re-rating, says Manulife IM",theedgemalaysia.com,https://news.google.com/rss/articles/CBMiUEFVX3lxTE4zNGJYU2paZjhCYTVHWWFVQThWRHJobEZYWTU5b04xZlB1aWV4QTE5blVqSXh0TDZPOWE5ejlYem1hb1Aya1FoSGdhZEQ0dVRq?oc=5
MFC.TO,2026-01-22,"Manulife and Preface Open Public Voting for ""AI Creativity Competition: Prompt Your Future Career""",PR Newswire,https://news.google.com/rss/articles/CBMi7AFBVV95cUxNVUZjSFRIM1FscjZmeDg2Y1B2RS10ZWZTenpvTU5ocWdjanh2VlpCN0NSVXZuY1pKdUN4b3Q5dXRkekU0VVlDbGVFUzZMWkQ1QThBaG9Ra1ozZW1Qcm42X1laalhOdnp2LThiZGFpZ0hiM2QwV1laWk1PUTdSbzBPeHFGd3ZhRjNkQ0ZJQ084VzVHSUx4eEkzdTR3Z2Ffc3JUODlFT2taa3VEQ1N4bDVYS2JYMkljMllmSzUxRTlwLXEwWGlSamVueVc2eHdhVXFYUUNCZ01rQTVLcThMU0xBRXRGalcyck5oVGpFRg?oc=5
MFC.TO,2026-01-22,"Manulife picks dividend, turnaround stock plays",business.inquirer.net,https://news.google.com/rss/articles/CBMiiwFBVV95cUxPaTBpU29TMTZwMy1ONXg4MmZzVVRlMWhtNG9UMlVCUzZPSG5jdHQwS0VLZ1NTYlJLRTgyVURQNjduVVZpeTh2YlBkMVlGRnFSLUVROG5pd0lXSlZsM1ZGZ2Q2Mkd0cWtnX2dFNjlQNVlfazlVenItT242VVVrUU90OE9JcEh6OTFrcWpn0gGQAUFVX3lxTE5jd25kc2FlUzhXSzFmSHN3Qmt3SFpHWlhYQVBaYU9nd2RCLUswSC1PT2tjUTZhZjJMOXZCaGRpemRzOWVJNjQxSllDTXdkOHBpS3l0ZlY2YTJENTZ6Qk1oa0wzSjlSMUFUcER4cExmWmctd2RfbFliX1hPUTM4dXZvMGdaV0pvUTZKV1JkNkRydQ?oc=5
MFC.TO,2026-01-22,Manulife Investment Management Sees Clearer Global Outlook and Robust Asian Opportunities in 2026,VOI.ID,https://news.google.com/rss/articles/CBMiR0FVX3lxTFBhZFJOS1pMTV83NU0ySC1FTEQzZ1pUMndKX01JaXFfV05BOGJVaEUyenpKcFB1b2I4S1FkWkhWeGRZZjhPaEhZ0gFCQVVfeXFMT3FjdUY1TElVTUd3ZUZaUENxQkJWNnpuVlQ0SDRmd0ZXWWFSd1JBbmRudTVSMUxoMEp1TU13S2xVWGxn?oc=5
MFC.TO,2026-01-23,Manulife Investments Announces January 2026 Cash Distributions for Manulife Exchange Traded Funds and ETF Series of Manulife Funds,Yahoo! Finance Canada,https://news.google.com/rss/articles/CBMilwFBVV95cUxPcGJyQ29qRThFaEVmQlFCSUdjWkxOekNJM0ZjSGwyd3VDVzRKeXdpZFpQM1dzeG5BN2QzbVhpQmJTY1JkU21jSXFSQlZCbkN5bXpqekJMdjNKY0dFV1FEODRWSlhNcXRrTXRZRGt1RWdMeHI4MW0xd0pWN2hYcmxQb2V5b19qdnhkOU9sNHViQUJrOFoySnlj?oc=5
MFC.TO,2026-01-25,1 Incredibly Cheap (and Safe!) Canadian Dividend Stock to Buy Now,Yahoo! Finance Canada,https://news.google.com/rss/articles/CBMiiAFBVV95cUxNdFdWTmF3VlduMXc5eHprRWw3MTNYeVRPWHIzd013MEZOb1hrMFFDSG5rSUpIWC1iRFJEazAtclAyUVJzMV9LSG13VklXXzlrTkpVdktEWG9LSmxPSzlSdWxIdW9jbDAwWXBFdmNZZlAtZVFyX2l6SUNuQml2OVBQdE5kV2ZQb0Zr?oc=5
MFC.TO,2026-01-26,Investor appetite for IPOs may moderate: Mahindra Manulife CEO Anthony Heredia,Livemint,https://news.google.com/rss/articles/CBMiyAFBVV95cUxPeXNaSy1DOGJFNkpTMExhRWM5RkhvU2dfX2dYUGxrM1Y2Z05ZMTdqXzJaMHBld3NTUUhMSFJXVVdWZTg2T3R5dGM3OXMxNFRZSjdUR18yRld3elVWNVhuSU1acUxhSWJQYVg4YWVzVXFtVlhvTnFBcUJ5WDUxNGx4N0EwX0M5SG5UcWg0cUtWS21CRmVtR0ZyOGd5NS0yY29YUldlb29VTUVFaGhoTWxDNVJmQ09RU01KMUxUU2ZBRS1KWjZkUUdGV9IBzgFBVV95cUxOQ3NmQVlCUnN5SXFqeEtJSV82cTZyZDg3bDF0RWJhZ0RFdWNXMVhySnpmVjB2VDA0Snk0Nld5d1hBVXNxaUNGTWMxcmhTdTBZTmJkR3I3cTlZU1RDMm5RYTJnQW9XQnJEMnFUNFR5eTk1S1ZuZzV0UmdkbFZzcm84eE9JN0l3cnlNejlVRlVVcVoyblg1bFJJLWtoMmQ2OU5FUHY0NGJkZlNaYmYyVnF2V0RKQ2lsLXlfVzU1d1A0YWJrYlRIR3BPZnFHS2dZQQ?oc=5
MFC.TO,2026-01-28,3 Top Canadian Stocks to Buy for Dividend Growth,Yahoo! Finance Canada,https://news.google.com/rss/articles/CBMif0FVX3lxTE90d056OG0xQ2I1REhEQ1NZbzViLVlfSkJXTFJfcGdBOVpyeV9rYnQyYkxKYzROdFpZWmNaWUNzMUpPOWpUOVNncWN6Q2hJOVJVUEJxb0NETjBqVnBVdDUxZDBjbzYwMXN1d3l3RkY5ZThyLTU5Q1NuZGJXMm93UVE?oc=5
MFC.TO,2026-01-29,Manulife’s New AI Underwriting Engine Puts Tech Investments In Focus,finance.yahoo.com,https://news.google.com/rss/articles/CBMiigFBVV95cUxQblAwMVl0cVFHTzhEd1hnVWVNWWNvM0JneFBFRmJpQlFhS0Q3Sk1Qd2YtTFlXYkNVclZpZkRESV9mY255QXJFU1dkaUxpUTFLSmpXTXdjbmRKd1R4eV8yNDFWVnJROU9Ob2VQNjl3ajZQMFlRb2tBaTI4Tm9hOXFnNF9YZldEYUNIZXc?oc=5
MFC.TO,2026-02-02,Outlook for Manulife Stock in 2026,Yahoo! Finance Canada,https://news.google.com/rss/articles/CBMiggFBVV95cUxPckJPZmVFQXdQbE1RWFFHSXBYclgyNXZtUE9TZ3YwWmRmY3lYdUI3cjBvLVFjNHpMbHZjRkwxWHVvNzRwVkQ5dWpYa0U1N2VIeWYtSi05V1R4OEVPMjZKTktvYm9CSFh2UmdmTTJBNFcxTlVaVVJTU0NrX0FFOWZBcHRR?oc=5
MFC.TO,2026-02-04,Manulife Financial Corp (NYSE:MFC) Shows High Technical and Setup Ratings for Potential Breakout,ChartMill,https://news.google.com/rss/articles/CBMi3AFBVV95cUxQQXBGVlJWTEhmYVpuM0FRYVJONmowT0RRQ1F4Rnh0RFJNQ2ZrbFFURG5sRnB3ckVlWW9TZ3ZrX1Vib2ppclV3Ukx6MU8yZUdzaDhyUE5fN3VWdDQzUHBkLXdWNlI0VTZlUWxKbktYQ0dhZ0trYUdVY2RqRURmNXQzZ3NRbGVmX21ObFFGdDNWY2tJaTFldWpsNDNKMVZDaXBQU2NyYnI2YXJYcUdlbHcwRmM5NGxhZ21vbTdadl9pYl9xOS11ZC1namY1eEVfR1FVcGpMRmVTa3lsZ1Ez?oc=5
MFC.TO,2026-02-10,'They have this ability as the world's largest publicly traded company to pivot': Hull on Nvidia,BNN Bloomberg,https://news.google.com/rss/articles/CBMi6wFBVV95cUxNZFltU0YwMFFrV3huekVsSnNqRXBLRExMdDladFhCblQ5bmNpVTF1SGVvU3NLTTNRQjRDRXo0amUwVlZ4d0dZLUlIcXM3b3BmZlVkbVNOaHhPUkZ6Vi1hV2tMcWdIRTd0eGs2VG1WNjB1QXp4eFBJZ3hNTmZ5X3pndi0zU3hZbk9pNzJ2NGpjdjBWeDZlV2hURURsdFZkWFhIbVdydmJySS1XWFluVTdVa0lCcjJUQVRYbGprQnNRV0gzTkkweDhsY01VWFNDNVlnZW9sb3pFZkVicWFiUkNJb3M5LXBUT0V6VTBn?oc=5
MFC.TO,2026-02-10,"This top-ranked technical analyst thinks 50,000 is just around the corner for the TSX",The Globe and Mail,https://news.google.com/rss/articles/CBMi2gFBVV95cUxPSHdHTVptYzJHOWdNdnZERE01U1dyeFh5T0lJdnM3amdjTVZfS3RFUTRoTmQ1Sjc3YndKTk56ZVBKUE43RU0wRU50emFGNTJaaFY5ZzlrblRab3o1S0dVRHJ0THZiLUxDN0M3TWF1QVZvdGFTUWpMLUxzU091ZXU1VVdQYmtrX2dZd3JZX2hLc0t3c1NkWXhIdVY0UmpabnVTU2NOaUlHTTg4UTRZeXQwVk9IUEg2a1Y5czhmeDFRTUdpdVNjcE5CdHU5eWpncDdNTktLVHFydC13UQ?oc=5
MFC.TO,2026-02-11,"Manulife raises dividend by 10%, reports $1.5-billion quarterly earnings",The Globe and Mail,https://news.google.com/rss/articles/CBMipAFBVV95cUxOWmIxeENTbkd4TkJIUjN6a2xJb2VBQ2JINERUSWgtdTBYeHVFYUFTVGt5SXNhRlFXdzFpZjVrXzAxS1BKNUd3OHN6dTRpNGUwU01ZRUp0MmF6bmxmMXlYR1FvbExDa01xV1luVnFYZ2dYS0taR1phOVMwRS13M01wUXBlSXhIZWxYY0hLcmQ3akliZlY5RlRwT3Eyb01WWkhLeE1HZQ?oc=5
MFC.TO,2026-02-11,Is Intact Financial (TSX:IFC) Priced Attractive After Recent Insurance Sector Reassessment?,finance.yahoo.com,https://news.google.com/rss/articles/CBMigwFBVV95cUxQM2tkQ2ctYkw0S3YzV2R4clFsdlh3V2gyaURGUjZKWlpQZmNDaTgxeXhlZk9iRTlHSElFVEpTRS0tcGF6NHlNTUhqaGNnU0RvbWN6NF9DbVNHbTlNamNOd3FGc3JrTWgxNV9TQkFaM1pFcnNKaVktMmZvYjZGT19fTy1Ecw?oc=5
MFC.TO,2026-02-12,Manulife Investments Launches ETF-based Mutual Funds and New Global Credit Strategy to Broaden Access for Investors,PR Newswire Canada,https://news.google.com/rss/articles/CBMi_AFBVV95cUxPNF94a3JaMHRJQ0VZbTVkcE1VTEZmakhUYUV4M2Vxd1FkaUpGM1RTcWRZU0UyX19IYWVqMkFxNkpJLVpEbXh4b1RReUVGNGtEY256ZHhBUTU5Q1pOUjRSUl80emVIZjFOZGxSSE9paTVMeTdpVUhheW43bmRpV0xGQ3otc0hvOGJydFRKal9CODJEZmhQR3o0UGdENEVmZVZxR0s2MWtoR2EwTVlCcTM4RFQ0SEdzVjN6VWVhbzVkeXowMExsYWxyR3pXdjRSS28xREdvM3M3ZXBycDV6OXlKeWJYeU1mbHFSV3FGVjltODRxNU5PeXFzYjloUVM?oc=5
MFC.TO,2026-02-12,"Intact Financial Corporation Announces Private Placements of $250 Million Medium Term Notes and $250 Million Limited Recourse Capital Notes and Intention to Redeem 4.125% Subordinated Notes, Series 1",Yahoo! Finance Canada,https://news.google.com/rss/articles/CBMimwFBVV95cUxQZ1BHNzg5akh3dGx6bEZSVHNxTVVQNkUwd2t3VGZDTUVyZWlYZFRrcGJiRHBGS2Y3SXNGc0tHT1drWDRBeC14ZG1VUHljSVJsb1d3QzJXZzJVcDJPNXpBWXgyOVNXQWVSMWdIajBELUVTZkNBUEpkc2x4OVBpdEdnaFVydGFDU3YzVHJ4SnVjbjNZT2NsWTd5el9Kbw?oc=5
MFC.TO,2026-02-12,Manulife to buy back 2.5% of its shares,BNN Bloomberg,https://news.google.com/rss/articles/CBMiqAFBVV95cUxQMTM5WVI5cFRvdEZ1c3NaUHY5WnNSSmttMzhaVmlCRmpIYWwwdV80U1dITWl1M0pIZXpjMWhIb2xrOFFKV3hBaDZ4MXc5OFNzLWJGcUlNdU9YaWpDR3hlQXZRQ0tLdnptSFB6QXNQeDVGVlo3Q3NqNm95Tkh6azlrbGZuTGllWk8tUXNTdVBXdnQ5UjhhcUswMV9Wa2JGREJJNkZPeWZ1ekY?oc=5
MFC.TO,2026-02-12,"Sun Life, Manulife beat forecasts to post strong gains in fourth quarter",The Globe and Mail,https://news.google.com/rss/articles/CBMioAFBVV95cUxNWThnTUdJa1VpeExsaEZBQjZmUnM4UHFPbldGdjBiT3BkSkVHdkZQTy05Wm5WTktZZXdTUVk3elhrTzF3N0t2Vzl2bUZQQU9VN2EyRWN2TFRzU2pTLVp0OVB3SzFKU2s2WFlLWmhLUWw3c3J3QVNQd2lsWi1tdU1jTThFNXdSTUNjRUtOd0FjWUhyNGVicHBxNC01ZW1xNUlY?oc=5
MFC.TO,2026-02-12,The 3 Dividend Stocks All Investors Should Own,Yahoo! Finance Canada,https://news.google.com/rss/articles/CBMihwFBVV95cUxQX191WGlXcFRkYmZpcGswbEFGemlvUHUxVUZudndGakYxWEUxaHo3SEhmN1JEVEd0YmwwWlZBQW5MMjRwYk10WEdkdDVSSTEtR1pyRVMtMHNUdjNtTndkcE1PdmVyMy1QaDB6ektjdkJ1SWhJYnVuUUZaOU9uaXR6M0ZIMWRsSm8?oc=5
MFC.TO,2026-02-12,Manulife Earnings: Continued Strong Growth in Asia Business Segment,Morningstar,https://news.google.com/rss/articles/CBMiugFBVV95cUxNSHl2M3p6cDBrN1ZuaXFqRWRHcGxzWmhuM29HSkczRi1xeEZHZXpRTTNENVdLd3MyUXE4MF9rVVZSdFFWY2Q1QmxSZFY1MldDMkFqclV6ZFNrM3RxMTdIaEM5b1d0TDhlLVpOalljSTVlN3lYNFE5WjlxWlJHeS1fZElIX2pPLXN2Q2YzOERtaE52Qko1aG41VF9qb1JHOGJYa25VTVBGNGJ5XzVOLUVWcnBHZmQzRkZvUWc?oc=5
MFC.TO,2026-02-12,Earnings call transcript: Manulife beats Q4 2025 earnings expectations,Investing.com,https://news.google.com/rss/articles/CBMiwwFBVV95cUxPVHQ0TUl4TEZ5LVVHYVlsbjI5S0VvejZieERXVGlqWEtuMkxDa0NlYVFpRVoxR2NRVmtoR1E2Vm1MUGVwWnhOMGJiWDh4dktFVDlCTjlrMmNKN1ZibG1PaDdhYWdNTi11ZExGa25UUWRTUmN5RUxzRnpQc2U5aGpkVWkwS29FMnYxXzl3RGZJZmZETWhheF9xcG5HWm9rbENKM3EwTnFiZE91eVlQUHNCT1FVbmFoZmxzRVg4Y3EwU3RETnc?oc=5
MFC.TO,2026-02-13,"Stock news for investors: Q4 results from Manulife, Sun Life, Air Canada, and more",MoneySense,https://news.google.com/rss/articles/CBMidEFVX3lxTE16UjQxdUczcTV4bHF1dHE3VVZyQVZsc2NxVGhqQzR4YlJnQ3p5emRtSmZQMUlGVGtHNjY2VTF6bTVtSFhzRnhyX2lLRkMweWY4elhtWEtZODgtODgtODE3cE5za1laMG9GSEJBN2pOeTJFZzhJ?oc=5
MFC.TO,2026-02-13,3 Top TSX Dividend Stocks Yielding Over 3.8%,simplywall.st,https://news.google.com/rss/articles/CBMivwFBVV95cUxPMWJNZ01JaHk4ZXl2ck05d2x0anp5V1M4a29PNXdNUThEbUFhWFRaLXN0aVY2SjdyNmxCalQxMi1FdlZ1MkF0aFl5aXZNMk5UZDJnTEhTV2h0ZlBlME9GTVFPZk9wWGVVMWpQZjc2bUxka0dReFdkVmJSWGtWSzBwakhBWm5SNmRJWmNkZnJvS0FIeXk5R2NzSkhGRmVZbUU5eUlfbllOMG1iYURNXzZfMHd1ZlgwZFYxWGZ5S1BCTQ?oc=5
MFC.TO,2026-02-15,Brookfield: Transition Into An Insurance Play Continues (NYSE:BN),Seeking Alpha,https://news.google.com/rss/articles/CBMimwFBVV95cUxPZWVGUVJ3WkNYTGNPMG5ZRnozVkEtQTNLQlZENlRnUVpubkpUYkVVNS1kejBRYzR5UWRVT1FRNWVQMGxMdlI2YW9nS3VYZmdHeEp2bnRPX0NDT1JIcEZEUWRfS1d1V3BBYVVOZldKZTMtYzFGR2FQeGpvTU53cFZuS0ZvVjBwOWFuNkQ2eTNQUnJfN3dkSkQ5Z3Boaw?oc=5
MFC.TO,2026-02-16,Prudential bounces back after read-across hits shares,Yahoo Finance UK,https://news.google.com/rss/articles/CBMijAFBVV95cUxNM3dGbUtTSWthQ3VBTlU4M1dzS3Y4SW9ZQU1LWDVMelh3UnNGNlVqQ1o1LUU4emVGcXl2X3R4dERPS0thVklDRjdrRFFvZVFNUVJHeHpSWjlselpjUUtJSkpzWFZIcExqSmhoNF9TcDhTT3RwdzlKUXJmaXBwbFB0bEg2d1ZoZ2ViYl91aA?oc=5
MFC.TO,2026-02-17,Portland General to Buy PacifiCorp’s Washington Assets for $1.9 Billion,wsj.com,https://news.google.com/rss/articles/CBMitwFBVV95cUxQcnU1bEJLSHJfcVRFeHVoRXhrVWc4WUxGbE9rVTc3N192VnREVVo4MzlDdHpjRDI4VVFmT0p1Ym9iWGpkcmdFb2ltMHMtMEFMeHE0MVBveEtRd0lFVWZ4ZWhsWl9RUmdCbDg5TzVGcWFqVzliVEFCa3FGUGF0RldLZlVWZlJiZmVsYzdoVWtydHBTcVZMeTkxN0RnMF96a0Y4UVNRLWtIendFWGZxcUd5dnZ1ZlR3NEk?oc=5
MFC.TO,2026-02-17,Better Insurance Stock: Manulife vs. Sun Life?,Yahoo! Finance Canada,https://news.google.com/rss/articles/CBMiiwFBVV95cUxOd053NFNsT2xmbmJmSC1qdTdfWE51RlhqYXdOSmctZzJMTkpJNHA4aVR6U1ExUzM1VzZ1MUxtUVhhQ1dVaXJUR0VrR0pwQU9BSnhZT1VlS3lLSHFQcHprY245R0xpWjlLSnJBVm9wLXdBT01IWlphQmxVT041bVZ1Y2RvZUJUQUNickgw?oc=5
MFC.TO,2026-02-18,Power Corp. names Investors Group parent boss James O’Sullivan as new CEO,The Globe and Mail,https://news.google.com/rss/articles/CBMitAFBVV95cUxNZE43cU8zX0R5djMxaVZseTd2QXpvSnpsNjY2OXBZQlJJcFdFSm1Ib2RrdndSb1VjQ25uQjB6TFhlRjE3QzF4cXJ2ZEw2cnJaS05PX1FiMDhIS0xMV0s3dVNNWUVkNVBLS3FVZmFXU092Uzc0dERfWU83VFI0bWNBQnI5ckNicUs2ZHk3UXdUWEpibWNKYW51RHZGRnluWHZDSktBYVVfRk05NExzWXg3b1ZSNWg?oc=5
MFC.TO,2026-02-19,National Bank updates its 2026 ‘Dividend All-Stars’ portfolio with four additions,The Globe and Mail,https://news.google.com/rss/articles/CBMi3wFBVV95cUxOby03U1JaRlBSUXAxM2s2YU8xLTBDTGNiZ2dBQ0VOLVdpOEludmd1MmRzeTBWQWVLV1NPT0lNUnROaVRQVDZ5UjRfZ3lwemF2ckhhSzI0Sko3ODUwYVZBdFJ5VERXMmlkS0o2YjJDRDlOTmhDYkNqbFZlUzk2c1BxTWJ1bWNia3hHSkRRNGtiUk8ybFppMW5CdG0zSUo4endJNFZZNk1Na2JVZW9OOFJsS2xkUmMtUWdmSXE0cDFzTmpNelZUeHZ5d1dGWGdiSEc3UDlOMldVcEFlYVIwcnF3?oc=5
MFC.TO,2026-02-19,No pension? RRSPs can fill the gap - and here’s a portfolio that’s been generating nearly 10% in annual tax-sheltered returns,The Globe and Mail,https://news.google.com/rss/articles/CBMi2wFBVV95cUxPRHduUmhxT19xdVNUOFRuYTd2bGM4Y0JsNUE4MlJuQVlYVGp5R3hFUDJ4QlFGeTI3OTJDYjlPOVk5NUVGdkpvaWRRVmlyYlA5NTJHQktDVGRmOGdvZmVRcTRKeUJER08xZlNmUkxxTTZPNU9mRFl1Q081WWFsNF9iU08zU1BlMzhDRk9qNzVHRU9kelZIZ3hBS2hrTE1iWFp0ZWR1RFJjaEZpOXZncldrQTMtYjA1YTMtdUM4M3pTcDFfTjBPNkZnNkhzbF83MVI1alA3NzZ0Z0p0MUE?oc=5
MFC.TO,2026-02-19,Midcap MF AUM jumps 2.5x in 3 years; Mahindra Manulife fund beats benchmark on SIP returns should you bet?,Business Today,https://news.google.com/rss/articles/CBMi_gFBVV95cUxQQWJwM3dNbkFhbDdMRG1QM2diUk9BaWw1UTkxTGQtOTdIZm12bU5seGlDT3o5TGV2WVZhVjBLRG9mV1BITm53N0t2d3ZGMGo2TERUMGNJWlJ6TTl1cThyWGpSbmdlTHN2SmhHRTdUR0M3dUhJUmZuWTNmOUdoc3FncTRsT1dnVkJ0OW9mdzc1TkhnZGJ3WWtQNzNfX0NXWDFldVIzUFJ4ZUVYUGFKWFJ3OGdaaGZsWWkybDhKb0RPMlVQdml3b2lFWnc3WXBGRV93V0VWWk85T2NldnB2dm5qdUJLU29hdk5PcDVYcU55U0F1TVM1eVY4VGZuY2hNQQ?oc=5
MFC.TO,2026-02-19,"AI boom may benefit power, metals more than IT, says Manulife’s Rana Gupta",CNBC TV18,https://news.google.com/rss/articles/CBMiugFBVV95cUxQRG9GSGtZdzdGRDVLdWpjTjFRQVNQM1NMUG4zYlAtNnZOZWpOazdiX3FNVjVJYkZWVGJGXy1GX2x4c2tiSWtYT1RXaDVPYk1KMWo5Mk14OGlqaW0tbWZSRHVqYXNIWGVKY1hIWmdHYzNOWWoxVjc3d3IyS1hZUkNXRDV2Rm1ZYVZMZ0xmMUNpeEJNdG5aT0lBNnpGZ0lPZWp1cjlXWkNWNmtvdC1SaDZyTHp4bGU2eHIzN0HSAb8BQVVfeXFMUFhWTHRlc0tvV1NJRzliYmxISGdsNGZ2c0lmelRxb0hieGxJLU1hdkN3Mi1tTC12ZW9zaUlUMGJpcDlyLVprTnNlamdvWUlRcXFkdG1XcE9aQ2NHUTdwWHZJMEl2U0Q3RnB2NUItYVNDMmMwX1doRko1M2tWbkRZNUF2V3JUVGxzRFVPMXowRmhpWTdIWjVuWjVCUm1WTkVmOE51Zm1UeEEtS0VzZXRqQ0hsNEczZTNCZ3V0bURDNGc?oc=5
MFC.TO,2026-02-19,Seven stocks offering buybacks and strong dividends,The Globe and Mail,https://news.google.com/rss/articles/CBMiuwFBVV95cUxQQlJ0UU4wSW13UXhvU0RNcXQ4REFLM3lJQmo3M0lsdkpjX0F0TlJpazZ4X1F0Mk5LbHVsVGVWUHVRZ3RUbGJ5WDVOb1hJUjhQOElyZjI3NVVZOERKU3B0RTJjZG8tQ1J0dmtaNHZPdjhQMVdLaXFxRjk2b1FyLWw0Nk80ZXlPSkVyUUt0QXlPdHUzeThxYlA2WmU0VER4OU5JUHdHVVJxRFE4SDB2eDdNYy0zVWE1RGg5eXR3?oc=5
MFC.TO,2026-02-19,Here’s the Average TFSA and RRSP at Age 40,Yahoo! Finance Canada,https://news.google.com/rss/articles/CBMifkFVX3lxTE5LRlRwQVdsNkFCVVVFOGx4N1dhZDlRWTUzVTExWTVCWnNERklEN21TeUcwWG00eHhzV3g5U2liLW5IREo3dmVVZnd1ejVRUFFjOHc4ZUI1dDI4elNYdFNQTGdHLWRnaWgzQU1YRnVRRVNPQmNwc1hsV25wRy1SUQ?oc=5
MFC.TO,2026-02-20,Manulife is not a cheap stock. But here’s another reason to give it a look,The Globe and Mail,https://news.google.com/rss/articles/CBMi3AFBVV95cUxPZExIWERTUFExUDJ3YU9WYkFhOGktaUVKSk5hdUctZ0ZZQ0dwaWxzUnBpcm5NV0VzV2QxNlcxZWhWQ0VNcG12c2FraUZhRm8yaE53SXZPaXA2Zk53MHJvZi05b2hsR2RFYnBUbVVRUGlNS3I3cC00V09kMFhja2hnbUJYdDJwZFZGbUstYTRvNU1CM1NsM19WajdEZjlsZ3VKU2JEd2Z0dkxOQXJsaGFaeEVxWVNLTFBfaloxZF9XSXB6djM2STRidlE4Y2ItM3lQeFRHM2NkbGFMNnpP?oc=5
MFC.TO,2026-02-20,The Globe’s 20 best dividend-paying stocks of the year,The Globe and Mail,https://news.google.com/rss/articles/CBMizwFBVV95cUxOd196aVU3WGlDS3FZdFJXQU5wUU03RWNuampic3BHTUpERE5tODhqbXZGakp3bTdYczBmTE1wRVVrRzhqSlY0dmlOR29fUEJGS3QxMzFld1c3YUJnVkVra2dJUlFqZkdGdnhSckFleEtMc3V4OWthb0dvWDFtaEx1OXBVd0cyWDQ4d25CalBmVVBBZ3JyYXhyR2hSMFEwRE05Z3ZXQzNVc1dIUkFVU0sxR1VDS25rSXI3MFByUnVDdWM2ZmVhMkp2X0RScHM1eWs?oc=5
MFC.TO,2026-02-20,Manulife Investments Announces February 2026 Cash Distributions for Manulife Exchange Traded Funds and ETF Series of Manulife Funds,Yahoo! Finance Canada,https://news.google.com/rss/articles/CBMimAFBVV95cUxQMzRmbHFucHg3bjFiS2g2OHdqbHhlWVQwTEJId1c1UGxNclBHcVhZdXUyUXJZYVhqYklwOW5ZaEFjcjBaQkwzekpYZ3ladDN3UjNBMHBXT2k0YVlJbXlfSnd5QWdab2JUODhxRHpybjl5S2hsTzhFMzdhcWlJMFMzMno1MWNHNmQ1SHZnc25PRHZfaFRKaDg4MQ?oc=5
MFC.TO,2026-02-23,"M&M, Manulife name Suresh Agarwal MD & CEO designate of life insurance JV",Business Standard,https://news.google.com/rss/articles/CBMi1gFBVV95cUxQNHhlazh1WUdvcUZ2dnlhNlFTUzFMbERkdnRvVzVUM3VoMzVkOFRTaEVhYXZyX2gyWmVXZlVoLUh3MkY0MEh3bW1aWlNveDV4cTluZFBsY3YyVmpPUWh1YmtCanBqQ3NFdm5GelNKMHh2SGt5UVp2SjdhenpYeWs4NWJFQ0pQX1BIQXRpbTZOWGZYS2g3dEVEU1FqZmk2U09JRFppc1RvbE9sQXZXcXZab1VfQmNLZ0M1Qko1anIydWVEOGQxaXlKWGNic1Y1NnJYcE9tMERB0gHbAUFVX3lxTE9HU21sdU1vZEtZZXJFX1NOeXA2c0xRaUp0anlYM2MwNThnMUFXd3ByUEZaMDlRbHc5TlFQUVFzTFhxZ3lCd1NnV3g0ZTVvdEVUWVA2WHNyaVc2ejhiWmZNMjhJR2FPMU91T2VoSXAyQWM3UTFiSmUzbmFESGdqUVRSTGxUVFlFYXZhcWpYLWpNMkZwSkRGaVZiUmxQQjZsaXB0eUZHY2c0UTRsZENWNjhteEZ3NWVqdGFvWlhTTjljSmZOZ1YtYkxDZ3NOOWJ3bE5ubDRhaXpkbGZFOA?oc=5
MFC.TO,2026-02-23,Manulife Sells Life Insurance Policy for a Record $300 Million,Bloomberg.com,https://news.google.com/rss/articles/CBMisgFBVV95cUxPU3dTRkctX1BrV2dKS2xYMjh0dmdETlJ5OWg3cThhYzd0OEx3U3BqYlhVSmN4VXY3TjRaV0xlRDc1RVFJT0F1akNsUkliUHlpcHF6SE1nQ1FNYjFUaGVZaHRMMXdmU3JjQzMtRURVNFd6MG5LdHdpZFlLWWdGcThERUEzQUZTbllURUV4bXg1RHQ1b25LM09sbWU5a0NDd25CMWluaHh1UERUdzBYNHFFOWtB?oc=5
MFC.TO,2026-02-24,Assessing Manulife Financial (TSX:MFC) Valuation After Recent Share Price Pullback,finance.yahoo.com,https://news.google.com/rss/articles/CBMiigFBVV95cUxPSHJjS09LTTB5QjBTdEJyX09jUzItS2NSVWR6QXlKWEdrSWM4MndVLXBOdjlJZmFMVHdjaUZuV2k0TDlENW9OV1dteGVNaDBpTEljZGVSTmtnOEdsLWNrTDZIZzU2WnVQSnZ2ejBGZnVfMDduSHpOZ251akVmTG81dHBsY3BHRnJ0b0E?oc=5
MFC.TO,2026-02-24,Suresh Agarwal appointed as MD & CEO designate of life insurance JV between Mahindra and Manulife,WebWire,https://news.google.com/rss/articles/CBMiYEFVX3lxTE9pLXNqS3U3bmV6WFdzRHdvMlRFdjg0RDFUUC10Tkxld0VzYVVld2hRcG90WUQtTUdDWS1Wa3FRc1NUTTVVWGFKdlZ4bWZZYmpTcEw0QXZtU2hsRDF6MGNaNQ?oc=5
MFC.TO,2026-02-24,Is Manulife Financial (TSX:MFC) Still Attractive After Multi Year Share Price Strength,finance.yahoo.com,https://news.google.com/rss/articles/CBMihAFBVV95cUxPU053a1IyR1hWU3JxTXBQUTRfZnpZOTR2OHM4dzd6R0NNbl8ybUN3WVpGb3ZhX0VWODBBWTF5WmRWQnJDSWhrbXZBc3dyeXJYbTc1SHhsRE1PSnB4dkx5bk5MMnNHYkNoOFA3M3czQld0dl8yVXg0a2lHN1JtcFpZWjlGeFE?oc=5
MFC.TO,2026-02-24,"Markets ‘exhausted’ by tariff talk, with the worst likely behind them, says analyst",BNN Bloomberg,https://news.google.com/rss/articles/CBMiyAFBVV95cUxQT3lYZlRQZlBoeTFlMlhpdVlZZVFyNEg2UURYSGVJQmVCODVIa0xJczJNMzVoMERTanl4dzc4V005VkhfV2pwdE1BR2RWZ211ejlhcW1vbDRvSjBsaUVKVzE2eVhxd0NPcEJIMVFuQzNkVG1DdkpGajJTaGszSUN6djBwd0NzTnV3blJ0Wlh2ZGQtLThpODY1WldibC13OGVHcFoxRkhxTTRuWHhqVVNqYlhOejA1QnBocC0wckt1MElBT3VOcklSOQ?oc=5
MFC.TO,2026-02-24,The Secrets That TFSA Millionaires Know,Yahoo! Finance Canada,https://news.google.com/rss/articles/CBMihgFBVV95cUxNZ0xubnZ6TnJxNWxfdy01NzVhTzlKNmg4VjFWRW9rbEhfbGdlYmI0WlFxUW5RTUFuZUs4UFoyQXdaNllmeHJGR2pSbDBMMU1KeXJfNElaTC1BOHdIQmp0Qld5b1ZrMFdDQV9UZ1FmRmhuZEVUSHdGNTRhR2NIZW05dHhyUkVBdw?oc=5
MFC.TO,2026-02-25,"Manulife Canada Invests $1 Million in one of Halifax's Largest Recreation Centres, Advancing Commitment to Longevity",PR Newswire Canada,https://news.google.com/rss/articles/CBMi-wFBVV95cUxPbGFWa0VDLWY2ajBBbHhoUTl6ZDdzemJpczY3TnpZR2U2SklSQktpMkRxeTFLQXM3NlVQMENBOUlaUWpTam1LOXduNXlOWlI4aV96Ui14RUVUcTFRRjBTQkJ5dl9nUkt5UVNneVZIempFYUJQSmhTX3JuMjZESGwyN2xFV0tjOFprWTZmUG1jZmRaYkJVVnNraThNRGtONHVHTWp4SFFQT1Y0NVg0bEw4YnQyenRJcE1IM1VsSmRJUzdTSEx0c2F4Y2F6T3EwTS1VUDZaRGV6S09ZTk50dUtXU2hWc3ViN0p3Q2pqcExTNHN0ZzZnRXNBREdmZw?oc=5
MFC.TO,2026-02-26,3 Long-Term Buying Opportunities You’ll Kick Yourself for Not Buying in March,Yahoo! Finance Canada,https://news.google.com/rss/articles/CBMiiAFBVV95cUxOSG95d2F4ZjktZXppT2hONTJsUHcwQzVYV2l4M3BFclRId3U3S25KVGY5d3cxMFhra09qcWVIUG51bUkyYTk2ZnVKdjFoUld6cGhyWkh1VEZCeTB6eVBEVWNGSkMwTVNGQWhsN082YVE5ZHhaQjl2cHdBczFvNlpIT2h3NnZyNGVo?oc=5
MFC.TO,2026-02-26,Manulife | Comvest Credit Partners leads recapitalization of AC Milan,PR Newswire,https://news.google.com/rss/articles/CBMiwgFBVV95cUxOakluR0dUOXRPRXVYbEhhUTY5NEh6cHVfTllJWWtmTWJpMlNKaHpMSkZ6U29ZUUg0bjhaclNMOGlxMm1MbGUzd3RMdDNHbGVGUl95M0M1MXRNUGllQ0JYWEExLUNkMkE1SVVsR1d3Y2VvUEl3aHNwbzNtQWVYWlRPYnhjMXhZNFAtdTY3YnRiQmxqamdWOVhDcWYtcXdPeENUM3A1Y1paSkdac0x6TkxJMURveWVOZHU0Z3Y0MTl3WHU0dw?oc=5
MFC.TO,2026-02-27,Worried About a Bear Market in 2026? 3 Stocks for Peace of Mind,Yahoo! Finance Canada,https://news.google.com/rss/articles/CBMigAFBVV95cUxONjN4THJTRTFyaTBfT0Y0ZkVPbkxsODdEejZEcFAwU2NKQ1Q1UDl4WVBGQTNLaVB2M2ctUnJZVzVWbmdZZFB1YkhNMk1IVXFvZGxTdmVnMFhYYVVGRjFWbnVGLXVKazdscnpiOUJCRzNpTDZaaHVodElueHpxYVVNbQ?oc=5
MFC.TO,2026-03-01,Regional war upends Persian Gulf’s reputation as safe haven for investment,The Globe and Mail,https://news.google.com/rss/articles/CBMiuAFBVV95cUxPWnhEYmJvRGREOUNCdUdFNGppM0hSN1BrblRqT1I4RHlLbFNDZ2dDZ1Jyd2FPZ0VUZmJEMFY5aFNreFYxUk8wME5jaExmYTR1WmlHT1JCSExmaEFJSjVGZkxLVjNuQlRVQmRmM0tXOG5oN05IVjNNT1hBbkt1U3Jjd0RYVVZIZ1BqajNUYVZMVGJqODh4UW1iVnktUG14MUJ2bGRGTllidngweWRzZHRrUVVuMDBZNmFX?oc=5
MFC.TO,2026-03-02,Manulife Investments introduces EQDP fund eyeing both income and growth with emphasis on local small and mid caps,Yahoo Finance Singapore,https://news.google.com/rss/articles/CBMilAFBVV95cUxPa0JubDgyQ0Y4a3JtTFh6eDQxOFZTeUk4WFZSd2FfYU82VG9zVWNBdWpSeGthdjdpN2tscHBUcVlDb0o2eFFjQmQ4R1E1ajY1ZkgyWm9Ic1VxaXEwYTFpUFNwclNBVWR1QWNSMlZlOWhXazlQUEVfZFpxcHVmNlhVc19McWxwMEhGR1lLclRsRF85ejcz?oc=5
MFC.TO,2026-03-03,Manulife unveils new equity income and growth strategy under EQDP,The Straits Times,https://news.google.com/rss/articles/CBMipgFBVV95cUxNRnFfSFpBdlI2amlZRGFtLXRrcU0tN1VfSGtqaXEtdm1ndTZWcHROQXU5SnN3WGI5aEw3cEF0ZWN6MWJmNzQ4UVY3XzFodENjM0RkOWs0QldUNmNjYm9YY0xBUzFTZ3RsSTBwSFFTLWVZUGdtckZTaEgtVVNGb0Z6SUx4LWdoZGxhOWNoX1lVdVYxV1FkZ08wMkhLOGp5U08yd3ljZ19R?oc=5
MFC.TO,2026-03-03,"TSX drops amid global selloff, despite energy cushion",Wealth Professional,https://news.google.com/rss/articles/CBMisAFBVV95cUxPQzdFbGNqOUF4dDhCeHNBVHNveXBmZ1BxZmUyMFU0Ri1RZkpvb2xLcWZmUDd2alFlT2d2TmJCNjlxZEJTSjZHVzhiZDN5Y252TnBaV1k1RUJYcTgzMmMzVmlSUzc4SXIzZkc4MlBQbXZsNHluS0h3VS10T2xmMy1qXzIzWEJIc2NPMnlERVNVUklTMXhUVUd3TjVLUGhfYjBIcnREY3hCNVBZMGdFY29WOQ?oc=5
MFC.TO,2026-03-03,Manulife (MFC) Reports Solid 2025 Growth Powered by Strong Asian Earnings and Cash Generation,finance.yahoo.com,https://news.google.com/rss/articles/CBMigwFBVV95cUxOeE11c0swc0xTS1BfcHd5azhMMHdiUEFpZWM0MzlfajNjQl9ZR1ctbWpnaGxENzZVT1d3cWN3MWdqdTJvOGRtdlNrdGpHSHVxRWdQNmRiQmZFWXk4R1lna1E1SUg1T0M0RXNWS2tkNng2TjhTcEpFTEJPOG1QZGh0VXpOTQ?oc=5
MFC.TO,2026-03-04,Manulife Investment Management Limited Announces Fee Reductions to Funds,PR Newswire Canada,https://news.google.com/rss/articles/CBMiwwFBVV95cUxOZkpPdHp3ejNOZUVsVTg4ajlrODN4MGJJSGpZMlJockdTejNfVGdPR3drX0Zyc01FeVVveEtiRDRJY2xwVTdLb3JHOWlfX3RsQUZOcDlGMnJjOWdlYzN0UHl0UElDMEtEMkNMU2QzajNCUHZyelpsRHZVWUg1OVUwNHBvYmNEM3RRZjgzYzRBeEZ4QU1vdWJxZV9jTXJzTVU5TGpjZ1JjUC1ZUFlKS0g1aWRhSG0wcXpqSU4xdDlvanp5c0k?oc=5
MFC.TO,2026-03-05,"TSX Today: What to Watch for in Stocks on Thursday, March 5",The Motley Fool Canada,https://news.google.com/rss/articles/CBMikwFBVV95cUxNY2gxMWFqTnRlZWtfRVlHSE82VnlrcVpPbEhwZVZwU1c2V0V2cFlULXc3NFh2UGZjQ29ac2tJY1RvMUxZRFYxekdUbFRfRVIzS3lHUzNFZmtfZXJLaWtvRGxWd0VZM1REV0JQMmtFN1lZZTZTTFBsLV9PSVJsU19EcXpUTGJVTlhFMXVpYnBPand5UkE?oc=5
MFC.TO,2026-03-10,Manulife Selects Akka to Operationalize Agentic AI within its Enterprise AI Platform,PR Newswire,https://news.google.com/rss/articles/CBMi1wFBVV95cUxPdTk2YU5jNWtEM3YzQjhMUTVoT0lKeUdJWDVPOHFCWnJzTWRWRXV1b2tYZGtrN0tna2Ytc2dNblhSeElIaG1vUzFRTl9Pc1RDTW9INm04Z1U3dFdlNHhzTjlUSkVlMjk2MEhXTWpfQUpZS0FYSFpFbmNoNzhZQnk4OEhCYzlDdElzY0dFcWNReDNjbWJCMFBPbm1aa3FqeDFYQXl4U2stYnhtN29MSGMxakRRM0JJT3EzUDNaQ1NFTURMNk9oT1llSkxnd3VtOWRTbWY5Y0JRNA?oc=5
MFC.TO,2026-03-11,Manulife Financial (TSX:MFC) Strategies Driving S&P 500 TSX Composite Index Performance,Kalkine Media,https://news.google.com/rss/articles/CBMixwFBVV95cUxPcG1OOExJWmVUR0dtVUdoaktGLXdUYjBRMXRaLS1QQTV5dGg2VVpWS3N0cEMxZnVWdzdPbkZkdlIxOVZGejRRVndwcHItRHhLWmNqcUlYUUEydjVLN3hDSEVySjJjd2ZMR2RDTXZhcjQwcHRSWHRFRWdzR3lNVFNHYnRKRUZwOHhuRDlPZkJlR3N2WGdQRUV6eV9IX2RnWXRQQWN4VnpfVGFFNXVDOVZocS1BVW1FQVU4ZEd6a01TcEV1QTkydWRn?oc=5
MFC.TO,2026-03-11,Is Manulife Financial (TSX:MFC) Pricing Reflect Its Value After Recent Share Price Pullback,finance.yahoo.com,https://news.google.com/rss/articles/CBMihwFBVV95cUxPT1VjWWN6SnJmMjZnUFZyWldNWUVESFhDSFQ2QmQwaV9GbzZjNkVCVGZrcmRKZWVlQnFPLUlwMzN4Y05CR2Ywb0lnZ0xXTWR0TU5fOFpQNHJHNnkyakE5c05lb2VSSDVjeThkLTBrSDUycWxuOW11clJmODZjR3JSQmMzc3JsQUk?oc=5
MFC.TO,2026-03-12,"TFSA: 3 Canadian Stocks That Are Perfection With a $7,000 TFSA Investment",The Motley Fool Canada,https://news.google.com/rss/articles/CBMipwFBVV95cUxPbUs4Z1BkNkhMVEdfdHQ0cnRCbzFJSGtwQk9MNmZUZ0VpT3hxd0NqZEo0RWJZVEVCU09fdjlaalRZSnM5eG9wQTFwQ2o2YVlydkVZWWFKaEQ5a0VuOHZGXzdraHA4cHkzUTFQUGNNOHVNSFhjSXBBRlROSnQ3ZVB3dmJHeHBEWVp0TUc1bEhlR0NBbkktMFFmVzBOTU9hajcwV0NFS1NkOA?oc=5
MFC.TO,2026-03-12,Manulife Hong Kong and Macau Strengthens Leadership Team with Appointment of Deputy CEO,PR Newswire,https://news.google.com/rss/articles/CBMi4gFBVV95cUxPUS1kMXp2UFd1d1NGUW5mLXdNV0NSdkhqa0ZZNERZWUFwR3RiblAyWm5VUjQtbG9XSHI5Q0VIWm5zeE5wSmtHbU93Z3FMZDBELVp2bGFEZ1lRQ0ZRWlo4OUJSM2ZWVDlBcTF6SXJzSFhxUGpsSGlwSURXWkphUHBpNDZ0cmJRVGg5X3Y0UGVNWXN1Q0lQVlR1TnVuWVl2T0lLSEZvZVQ3MXpoLXVUZFVxa2ZTTXpzMkxYTElRQWJTcDFPYkI1bjNjZ1J4YkEtNk81dm5GQ3lESzIyQURUQTJGSmNR?oc=5
MFC.TO,2026-03-12,Manulife Sells Downtown Ottawa's EDC HQ To Regional Group For $143.5M,storeys.com,https://news.google.com/rss/articles/CBMiYkFVX3lxTE54Mmx3ZmtMdlhaSVRIQm9Ob0RpbDVNc0s0cmlOcmc4ZVdTMS1seFFkN25Qc0ZWSG9sVDc0UkN3d1E5eHVhMlgxbGt3dmVaQU9ldUJaU241Y2ZnalZDbVNFNldn?oc=5
MFC.TO,2026-03-13,Why Is Manulife (MFC) Down 6.5% Since Last Earnings Report?,finance.yahoo.com,https://news.google.com/rss/articles/CBMieEFVX3lxTE5EY3pJeDlicjdSZWdHbThtcTJjd3pDUGs2b28zOHNKVG54NjdwT21ndy1zdjVOdDhMQTIteURkWF9uNzlYS3U2cjRiOC15VUQ4bnI5eVVYQThCNzR4N3NlMmd6LW1NZEJkTUlmQTFxUEw1WEV4VVJ1OA?oc=5
MFC.TO,2026-03-15,2 Canadian Stocks to Buy and Hold for the Next 5 Years,The Motley Fool Canada,https://news.google.com/rss/articles/CBMijwFBVV95cUxPamZERzVLblR5TElqUEl3akFZbnNacmdZQXVQNGVrNDh3dk5uWWJ1SXItZ0J5YUtKb1VraF9SNklMbmhrWC1Pc1c3cVhfZFR0SHQ5NjVWTjlyRHZqOUNIaHFGRk0yT2FxVUFISUVIcG1Zd1BWalAydHFwSFZBcDZDeDlaU2tLNXhvTlhyWGtuYw?oc=5
MFC.TO,2026-03-16,Portfolios for value investors to consider,The Globe and Mail,https://news.google.com/rss/articles/CBMiuwFBVV95cUxQYXVsMW4zcjVXdHFOdHBKT0t0emNkdHprb3FWdV9nSnpvek5YRVQ4VlNsLTViZC1qZFpkdjI4eUNocXAzcjdjcFdacE10bWtTaG5yTjItZ2pYSUJhMnR3ZUF6TnBOWTNZUHk2dmh3alQ0Z0ZiYmJoQ1dwOTFPNDRfVmNULVVPelBfTUpCRElFMi1wVmVFMHdsR0FIVlIwQVM2TGZpcDdxUTFlRW9UcW14YlpCRHFRRUVvVFJn?oc=5
MFC.TO,2026-03-16,2 Monster Stocks to Hold for the Next 5 Years,The Motley Fool Canada,https://news.google.com/rss/articles/CBMihgFBVV95cUxOdkoydnJ5RWhYbjEtdmJtdkRZMUtNbVNVdTd2bDdNbDJNNzVwTHUtWlNYMmJOZE1KZHdWZE9BU2doWXptWjVLYkNsRlF0VDJtMmJHRXRjaHU5TVFzNFJLT3dLbnNHTXlFNVlHa3pqTlp2V1FVcFg3VDB4S3VvT0V6V2hSTy03QQ?oc=5
MFC.TO,2026-03-18,Manulife Financial Share (TSX:MFC) Trends Across S&P 60 Explained Clearly,Kalkine Media,https://news.google.com/rss/articles/CBMitAFBVV95cUxOWjg1S01qYVdsYnAydGlMOHZZX3hIRmtGeDI3S0RRdzBTZjdSMnVJQWQyLUN5TXhkcy1YaXFGUXNFeGFVLUVoSkVpLU5WVXlCT1lzX0VyOWhLVUk1b3RUM0NsNmlaNlVSUXRBRzJjY1NodG1oRFJYcjFzRUJqYlJieXNFcmY5LVl4cFFwZUxKM2xfd09qVjJ5U3dsbHd6LW5OVDJsQmdSZ0FCcVlQT01fYjRLSmY?oc=5
MFC.TO,2026-03-18,Diabetes Canada launches Aprons in Action presented by Manulife,GlobeNewswire,https://news.google.com/rss/articles/CBMi0AFBVV95cUxOSjRTZ3BxcnY3dzVva3BoQW9NNVNTS3NQTGVIaU1URFZMTldIZmZnR2RwUkpfTGdGbG10SGc3VUtvS080OHJlT1NSeDdxRE5DX0ZtZV9BcVVTenlwelpsekxWcGhrUmM1Qnp0cjMxV2F1UVp3ejVMbVVhYXlCWlh4T3hGTE5nb1I1d0J4R1NsdUwxQm9WdEMwZWhoSWlieDU0eWt6eWM4dW00VzZnVlNhSkJKbHFwR3RVc2FwZmhZbEhORFZLenNHN0FQQ2ZhSVl3?oc=5
MFC.TO,2026-03-19,Manulife US REIT (SGX:BTOU) Revenue Slide Tests Bullish Valuation Narrative,simplywall.st,https://news.google.com/rss/articles/CBMi-gFBVV95cUxQd0NMM2FGOGJTOU9ZY3dQdlRadjJmRkJCNmFDTWpqS1k5Y3BDQVlVYllCWGJwLXJvQ2xnbXFHaERvX2NZR1F5SmRzR2M5cjU1SHNTejJfMDhkZ283SE44dTJyVExWZEVlQVpfWWVZaDJ1dG5HcUozd2FNTFRaU3pPa0VJc0xnSEJoTUs0SFhWeVhGai1lbEd5WERwaE0xZjRReWF6OVpnaG15dWVGVWhZTWZGbDRyQXBYdFZub19zdEpIYW9VVGpFOGRLVnJ2R2ZHcVRheE5yQUM5UHJGejYwdk1HV2dRcDlpNXJYZDZfRE5la1RhNmJ0clZB0gH_AUFVX3lxTE9WTzhQbUotSFlmTWZrQjJlUGJKdE1oWXByc1FWZkZJcjZBaGpPZFppN05QME1Ia1lCN090Zk1DV245eXNmdEZoS01vLWk0cUZpb2tuWjh6VUpMWUR0UFhpNGR6UWd1MHhqZ1pjVVVVV29DMkw1aTBlc0JORUJ5ZEU5RGtINUpaNjVXV2I3V3MwN1JkU284WTRCMkMxN2JyUl9BSWt2LXJabVVOOEpodWFvUS0yWmhSMnd3azh3aHFtUGh2eG9HWmU5YlU4bW83OVlXalVVMmg5QklFdjZ6UUo3NU9oTjJvMThBalRzczBhRm5OLXcxRlJiWl9VYjFPNA?oc=5
MFC.TO,2026-03-20,"Manulife Named ""Asia's Best Insurance Provider for Wealth Management"" by Euromoney",PR Newswire,https://news.google.com/rss/articles/CBMi1wFBVV95cUxORFJhNGlUOGNNZ1BsdnJTVUd5a24yaWRVaEJ5TkNBc21aS0oxX3VTZzBiM1VwVmlJQkU1eEdkYUJTXzZ1b3JVYnBfV1UyYkNJQjdCeVVtNUt2SFB2dnJXSEk5ZE1Qc1FBYk5OdmRGY1R4Z0RHbU13ei1PYU9rZ3BTZVJnTy1ZNTNLMl9DeV9ocG04dE9QS0RYUEFOejQ4akpXZHhvTHg0b3hSUHVlUFNyUTgwQk5veWZTVm40Q2F4UmpGMVhEcnBJY3dhc3lUaXVhNTZtUXJaaw?oc=5
MFC.TO,2026-03-20,"Interest Rates Are on Hold, and That May Not Last. These 2 TSX Dividend Stocks Are Worth Owning Either Way.",The Motley Fool Canada,https://news.google.com/rss/articles/CBMi0gFBVV95cUxPQzcybC1FbXFZeC1LdU9XSHcydG5XaGhMRVpCank0RUNodjJCeTVuV3I5cmRCM2FHUTV3SmlmQmpnRC15TmtxUnV1NzdnX25odHpxWUppdGxaT2FQTkhVS2QxdWZDMVJPYmF5SVFMcVA5S01JbmZLUXNnSmVnUGt6ZUx0bjdnNlhKcjlXdXZCSzVSSFM3WjhITWIwQlNNaHJYV2piZzBGV3JqcDlaYXIxbEhHXzNESVlXYloyeU92eWxIQ0R1WUctTjBJdXJVajdmQXc?oc=5
MFC.TO,2026-03-20,This Canadian Dividend Stock Is Down 10% and Worth Holding Forever,Yahoo! Finance Canada,https://news.google.com/rss/articles/CBMihwFBVV95cUxNNU44TEQtWENTREIwZndDLXhXU2dCUjlMVUtJQ1U5amlKS2FvQ0I3SlBtVEhRNFk5S19NVEVPckIyOElvajM4R3RyUlk5Q0lxSjV3dDMxOWZYV1BrOGw1cDJYSUhVUkgzSGpmM0tieGtnSF9HVmdNSTdCT1QzOTZwYnBXS0ZaOEE?oc=5
MFC.TO,2026-03-23,Timbercreek Financial Corp High Yield Opportunity or Dividend Risk Trap?,kalkine.ca,https://news.google.com/rss/articles/CBMiqAFBVV95cUxOT1lWaDZ2Vy0yTGFobmpNYUdXRkJmUmVZUG9kVHlrVEF3VmExR2hFdm9HVWZUVHpteWhYY1l3dlNJUzl1aUpUZmJyZGJXc2JSUlBsa3d0UktaVDJBSG0wa3pXVl9HZ2RoZl9jdk5qcFJVVlo4YUtrRi14a1MwRUNPU1BOam5lNF9QbnlBQ2puNTdsbThJUzY2TVZkcnhMVHl3WnliMURfbHQ?oc=5
MFC.TO,2026-03-23,3 Canadian Blue-Chip Stocks to Hold Through 2026 and Beyond,The Motley Fool Canada,https://news.google.com/rss/articles/CBMimAFBVV95cUxNczJSWU15MUFES0ZlY3B1dzg4Z0NNVFVjRWlPZkhYZzFZOGdmcW93YXhpRFVDWjAyRzY2MTB6S1lob1dQQ2pRQ3JOSi1JeHBROV9KQzJlU2ktSERGSTRvRm9yQVBBdmFrSG51bWx3UGtoTDhVWWxTeTVBc0ZTeXFZZml1ZlA3aXQ1Sm5uLUVkR050R2RfTDctWQ?oc=5
MFC.TO,2026-03-24,Manulife Investments Announces March 2026 Cash Distributions for Manulife Exchange Traded Funds and ETF Series of Manulife Funds,Yahoo! Finance Canada,https://news.google.com/rss/articles/CBMilAFBVV95cUxNME9fR3UxeHRzNjNyY3dMNUFDYUd2a0NVZ0lPMW43dzJoWkFfRlVXaERpeFhoZXdkcGEydk5QeUtyUllwQWtsR2MxMUd5TnhWXzF1VmpZdDZ2c0tRN0NUMGtabmxWV200YS15LVlPM1F3bVJQSzZYOFdfbk9WamhmLTJScWo5eS03WkJCTWJaMW91aE9t?oc=5
MFC.TO,2026-03-26,2 Canadian Stocks Primed to Surge in 2026,The Motley Fool Canada,https://news.google.com/rss/articles/CBMigAFBVV95cUxNMDU3ZWdvT1F2b0MzWjJ5bmwtWjY1b3BKeEh0Z0VIbDZrcVRvbGlMWnNvT2NIN3J5RENQaHZsRXlNOXF4YWt4djRjbUVuNVZvSHNycUxESHk1TWxJUHRFTTFzYTJUZ09KeE1reVRiWHc5UmtqRHZxS0Y5b19HdmFSVg?oc=5
MFC.TO,2026-03-30,"Stocks to watch: DBS, Sembcorp Industries, Jardine C&C, Manulife US Reit, The Assembly Place",The Business Times,https://news.google.com/rss/articles/CBMiygFBVV95cUxPMFEwbkp2LS1WNmNhQmpJVUVJZ0hKekR5SzViR0NVTmlaZlY5RkJONS1HNFU5NEtqYWZIbXpXRGk4dFA2ZENqZk1wUE5wNkNSaDBZdUhaS21vSTZ6ZkEzSFRHSXUxUUxJM0RrOG5RaVJmdXBDNTNybTVXVFRnYnNmQXgxa2xxbXFaVS16RWV2SXQ5ODIxUV8zQUV5V3RwOTBLcDJuaUw4eVZFMmZWWDBtdHMzSDVmVC0weTNqNk10Z2dRYXBiN2hhVFhB?oc=5
MFC.TO,2026-03-30,"Manulife Financial Corp. stock rises Monday, outperforms market",MarketWatch,https://news.google.com/rss/articles/CBMivgFBVV95cUxOLV84ME9vVnZuMXZCNnVfQWhIZDYxMEdURVdETkpoYkJuV1ZjblI4NG51MzU0SkswN0dSWXczdHVmZEhQNU9nWTRsZ3M2ODBNblNDZDZrQ1ZWWDJEVzJXRUhoUlZjQUl5X0NsanF2emEtcEc0ZHVGcHdFT0szTHZJRU4tcmR4YkQ2N1V2UkpNRjB5UEU3Um5id3YwRTJvRnQ2cGdiUWVLS0p1YnE1aXVja3ZYMENLYzh5NnJjRzZB?oc=5
MFC.TO,2026-03-30,3 Top TSX Dividend Stocks Yielding Up To 7.4%,simplywall.st,https://news.google.com/rss/articles/CBMiwwFBVV95cUxQRFBnVGVRT2J3b1M1Yk9CUkZDVzdGcU1YTXZYZXF3clNsNmhOTHJsV3gySVFUX2V2ODdxNUttZ05hcjlfTXZkdGZRYWtzWE1tT1hxRmlERDNOLUtId0w3UFNGbUZCWk9GNi1pZDM2MEJLRXBLY3lIdHF6d2pIa0xVMGZET25RckZyUHl1elZaLUdVUWc1WVBoQjFDcmNqNHcwVkJUSzN1TG5VNTJnWERpTFpvNWZQRGlxRjJLbHA0YWhOeE3SAcgBQVVfeXFMUHRvaFYzT280NWRGYVhTQXFoa0l3R1dHb3k5T09UOUNEc1ZOZVFzbTBGZi1GYlptbTAxX2tmRDRWMzBTVjE4ZTFlSGFjNVNmS201NlAtRnIxSkRNanhsR3Q3eXR2aVBYdVp6eHluZEliNHRUNWNlVXFIWmt3NHg5VGIxUTdQMFZacktjVU55ak9YTUJ6NG1ZUjZqZUFaYVhIbVdKdHJYRU5Ic1F3azV2Z1N0Q3BLMzFwMGM0ZEFKbEhPSWpjcGZCNWc?oc=5
MFC.TO,2026-03-30,The First 2 Stocks I’m Buying if the Market Crashes,The Motley Fool Canada,https://news.google.com/rss/articles/CBMiigFBVV95cUxPMFVhZHRlaU1NeTJGSXRPbjctdVo2U0ZHeHpTTjVvOVlmUE00bEVGcHdIOE1Bd1J0QVlJSEFQd0VEUElCUENCQk5LZUNxVUgyb1ozTFZ0bmJ0RVRtd3g5Ul9MWjJfeEIzMEdBRWdGcG0wcVRxMU1Gbi1hQnB5SHVYenlmWWk2QVZFTUE?oc=5
MFC.TO,2026-03-31,"Mike Vinokur’s Top Picks for March 31, 2026",BNN Bloomberg,https://news.google.com/rss/articles/CBMikwFBVV95cUxOUWNzZmNiMDVVOEc2d2hYMm1NNGJZd0pYajNaR3k3Wnk1aGhKdDh2TE84WHluRnowcXd0em1TeUFaWHlnSzRseGpiQ3hMWmU4aTlGSDRrSVFCWUJxWUhmMFkteGJvYkxjOHI1UVBhSnFfQ0lVTEUzcE1BUzhpMkZlWkljS0ZaWjVnUFUzTzQtY0V6LW8?oc=5
MFC.TO,2026-03-31,Stock selling pressure has nothing to do with war and is not fundamental: Manulife's Matthew Miskin,cnbc.com,https://news.google.com/rss/articles/CBMi2AFBVV95cUxONngwSmNFb2I3MUd4azI0QXpIMnEzTG1UZEtKaDhHbU9kRlhIZ25uUjNaRnBvb1BfSGsyNEhpTUNBOF94RFFtM3B4MGl5TW9Cc0tybTZ6dnZ1cnJpaW9qSlRIZ0dtcFZnbXYwenhQaVZXY08tVUtJVUFsQ2NGTVFHOGZFTk1WRTdIeDhSZmRJTnZ3M3lrZHpEY2VxdWJJV3V0MVFycWFjSS1JN3NiakQ2QWpnLUJfelBSY05pbWV6OWlramRvTmJrTktuYnZtZzY3TlUyX3plak4?oc=5
MFC.TO,2026-04-03,Is Manulife Financial Corp (MFC) Stock Undervalued Right Now?,finance.yahoo.com,https://news.google.com/rss/articles/CBMinwFBVV95cUxQdzZUZF9pQktqNVktVFZqN1A5cU53UzVZMjdvYk1DRkJ6R19QWmlHdUVqTU5rZW85SHZDTXZxN0tJc08xa1VrQlE5bHVRMmU2cDNrd0pETE0wdGpSLXpLeDgwa01aYUZVY24tUEJsR1IzVGhCb3V4MVJxNHBqUXpEbWZ0WkJyWlFBbnRic3dwMDlrY283cEdYTzFFaG0tS1k?oc=5
MFC.TO,2026-04-04,Manulife Expands Indonesian Scale And Global Reach With L&G Partnership,finance.yahoo.com,https://news.google.com/rss/articles/CBMiqAFBVV95cUxPU1ZZQ1pzQzRvOThzbFF0NWJoUlZaWUZVQjdtUUtpVmxpOTk3d1dzT1lvWWNuRUttcEtULTNTdE1pX3BBUGRlak05R0JJLVhXdndwU0prRWZtMVRBVFQxa3FQSl9rYzNkQWY2SnJoRmVTbTI3dklNamdPRXdya0JyQ1lfRW41U0hmcWZZV1ZoNlVFZGxMekNXQlBNb1JBYzBmTzItWjNMeGU?oc=5
MFC.TO,2026-04-07,Manulife Wealth & Asset Management Announces Leadership Appointments for Canada Wealth and Canada Retirement Businesses,PR Newswire Canada,https://news.google.com/rss/articles/CBMihAJBVV95cUxQeDllQU5EY2JHM1doSzR5VWljVjZpNW1qT0N2SVlub0t1STJrTXdybHRKTzdRZzBGX0ZZZUdmTDRDNFdhbk93RU90eElMazdETXh3M2czY3ppNlE2Y3Z6QlZDNG5Tb01UaTRkbTh2b0JCWU9OZ2g1aVY2NGpOZkdYUUowcWtZd0xOb1N4djJMTGtoZ0JPWFdzbVJyT3dZUElEU1hYbVZ6VXgwT1lLZl9OLWtuTTJlekR3Z3dFUWRSUWJBcmxLejlpSVZnYlZOS0ZVZmZVQlQ0ZFVjSThlNS1ETFBza1dDRkxxZUtWclBmSEIwZjAyUzNpRFFZTnQxU0w4UC1KMg?oc=5
MFC.TO,2026-04-07,Manulife US REIT: To the point of no REITurn?,drwealth.com,https://news.google.com/rss/articles/CBMic0FVX3lxTFBWVFhqZERZa05ZTzR0Zjl5dktsdjhLeVdLUkJwQ3p3M1RsUHJrTWlDWUlTdmNhQXZwcmZGRWdOMlJCa1YzczRybDIzNG1CWUxJaWI2WDc1ek5mM3g0X3M3aHpNeEk5SnNmU3J5bmdyOHlicnM?oc=5
MFC.TO,2026-04-08,Manulife John Hancock Investments Launches New Active Hedged Equity ETF,PR Newswire,https://news.google.com/rss/articles/CBMixgFBVV95cUxOQUpPb2s4dHBmMlR6c0pIYmVjYlBLNVBtWmZ3RENldjQxamNoTXpEQVkwZWh1emttSnl0RmJrblRJakZ0MlctTHFvWFA1WC1TOXdiYVFEb1JmNDJCbk1XcnlveTZsWDFaYWpnS3JWYk5KOWNqVXktVzVtOS1zbjRqSFZrc25raUZEV1pQM2RsNDUzbkdwQ05FNGdyNERycmdMRDB6WllTQTFpeWpiRTdlbHU3SzFNbDhUZE9veHUtZUI2a2NTNFE?oc=5
MFC.TO,2026-04-08,Manulife Vietnam pays over VNĐ9 trillion in insurance claims to customers in 2025,vietnamnews.vn,https://news.google.com/rss/articles/CBMiwwFBVV95cUxNYlNKdkx3Z2FUb1ozSlkwbzhxZnF1ZllsNzBwSWRGUHQ0NTZ5UW9aU1pQQzFaNV9KZV8yOUtZZFFDTV8yVnowQXktbHVjeXR5ZElQYWpHR2RGNm9CUWREUFNZczc2RVZlSjk1YlVpNlFTWFVuUFVjZjAzallrMExUYmZmTUMtNmM3aWVSXzVwcHY4X3pUZFh0MGptNWdqSDFxVHRBamN0a3pJSHF3Z2pZYW9ZRVFMMy1IQnBERTNtS3Vtbms?oc=5
MFC.TO,2026-04-08,Manulife Canada Announces $1 Million Commitment to Power Quebec's First Clinic Dedicated to Personalized Dementia Prevention,finance.yahoo.com,https://news.google.com/rss/articles/CBMipwFBVV95cUxQU0ltSWJDNElRT1BKLWJ5QTBtVGc1SDUwLV9uY01JdVJuMTVmbnRxUF9tNk85ZVg1ZUZDdVdWSXhieHpUY2ZmSVlvQ0Z1VUZleFBSazRpeEVfNzF3SVN4dWtTWk9PTXhaSFFIengwa1hTVEFhUk1EZDMxT3diMkw5LWN1NnM0aThDNWNTbFFFS2NGc0RER0l1NWY2MmFSWmNqQkJiNHkyRQ?oc=5
MFC.TO,2026-04-08,"Private Credit Worries Still Brewing, Insurance Company Investment Strategist Warns",Barron's,https://news.google.com/rss/articles/CBMimwFBVV95cUxQbVUxb1BQTW1lMk95cmhpQlRrOVA3eHJYMWVGX2xRVUZkUGIzM1RQMjZPNkVHbEpZN1JtYkF2enVXUTVheFVPWm50OTFPV3NmcnEtTUlvaGRXQmVKSkh5YW83Yk1nZmhyN1BZM0JLTDBTMzRvRlN4aHpKYmtfUkh1YzlZbkF2NndKMGdBX21RUVFzRkZDd3prSklaZw?oc=5
MFC.TO,2026-04-08,The TSX Stock I’d Most Want to Hold Forever – Especially Inside a TFSA,The Motley Fool Canada,https://news.google.com/rss/articles/CBMioAFBVV95cUxOMHdJbmtiVEp6ellsdW1wN3QxallMU2pRYy1BcWp1c09BS29EZzhCQWxaWmxCLUhuYjRLdUcxUVJMdHloclZnWEplZDVfd0xHNGM0UXdkM2FPckpVLVBtdmpreEFScTgwTnhoMkluS3FnY3cxRzNIeS1aWmhCbVQxNjdmbEFTV1FFOVByd0V6NDh1UnE1V2FDRFBqbWpRT05f?oc=5
MFC.TO,2026-04-09,Manulife Partners with Mind HK to Establish New Wellbeing Consultation Hub in Mong Kok,PR Newswire,https://news.google.com/rss/articles/CBMi4AFBVV95cUxOWWdIVmE3NGRyNUZ1d0JvQ1pVWkt0aUJsSmpveVJNMGNBOGxldW1mbkxlTktxMkdZaXoxdC1TVlB0OXJESEpoZGhhTnFFNjZsei14VXdYa1BvaEJLbGc2ZkVYVlFIS1p4OHNseXVEMzlxR0QzWDUxaUl1eENRVlBTaWlYMU93dlN3X1FNalhEcFprZTE2endhWXZRVkY1cWRQeWE2MElESkxRWDRRM2xReDJxQVhWeWJQaEtmakNqYnZKNFpvWWpXX0VQbWtHekhKY05GeXpjc0NlUTVLUC1qdA?oc=5
MFC.TO,2026-04-09,SLF Stock Near 52-Week High: Time to Add it for Better Returns?,finance.yahoo.com,https://news.google.com/rss/articles/CBMikAFBVV95cUxNeHQ1cENVTWFJak9nWFMxUTNPd2RzZjRmdEx6NmQ4QVh5SWVrd1VoUDJ6UVdfcTN1UVR5TDN2MVhjU09GbExpdFpacjR2d2JxbUxhQnJVMnduWnQwT1VKcEZnNlo5cjZBQ0pJb0daeUdfejNMTi1TSTJVWURZV2ZfbXBwR1hJRXpNeGlFcEpHLXQ?oc=5
MFC.TO,2026-04-10,MFC Stock Trades Near 52-Week High: Time to Add it for Better Returns?,finance.yahoo.com,https://news.google.com/rss/articles/CBMikwFBVV95cUxNdjlneDlVNFdrdkg0TjNUYVAySXFNTi1wMVllVnpGSFRBLUVyeGdpb29CZG82X0FDRlEwVXVuTHd4M205c0k1Ny1GYzJyQ1k1aWpqZnZsSkE0T1hMbmg4Rll0OThkMEs2VEVDVjRXN0g4VzZ6bW1fWDZlbEUyNTJSZll0cWZNVVZCTmp3LW8yNEZjNGM?oc=5
MFC.TO,2026-04-11,Manulife Ties Dementia Clinic Funding And New Leaders To Aging Clients,finance.yahoo.com,https://news.google.com/rss/articles/CBMipAFBVV95cUxNTURsYlVQM01KM0hMdVFoZXRqckxrbUo4cy1HVTFQMjFwc2s5aUFZeXRGaVc5eGlPNHhwWDZuNFotWi1pVjdGNW5ydjRIT2hKcmswSVZFTHVUenlpUjBPZjdhUG4wQndUZnBHc2RSOHlGOXJUOGE0RkVrOUdyXzdKblFRM0JHRE1CNVl4QjVlT0U4TGF0bUc2Y2VVLTk2V3oySXpsYw?oc=5
MFC.TO,2026-04-12,Assessing Manulife Financial (TSX:MFC) Valuation After Recent Share Price Moves,finance.yahoo.com,https://news.google.com/rss/articles/CBMiowFBVV95cUxPRlVQU3c1TENtbDZZdzJXc3drNVVNWWd3VmZzWC1NM2doR2hmcWZpYkh5MW1TQjRGVDdVakJmUnRGWkZSeVc5VXZUQnU0OXRtaEM3aVRGQWNSNGJUQkhpb1A5TEZwTFlpWUw3TFhQa2dOZnI3NlFSMFpSRmxZb0JKaG1pQmhmWFg4N3dGWV8xbjVhYnBfT1BmQmZIM3NsOG5wdGQ4?oc=5
MFC.TO,2026-04-13,Manulife Financial Corporation (TSE:MFC) Analysts Just Slashed This Year's Revenue Estimates By 13%,simplywall.st,https://news.google.com/rss/articles/CBMi1wFBVV95cUxQbmp4b0tBUXo0YjNibnRjd3duVmlYVE42UHJYbDJxSjVxRWtmTVBzNWhRUG5sRjV3RTJncGdGYmVXWDZLNm1URkJlNWhpdzhXQ3BMZzBUMHBobDNJMTNURWdlQWdpRFhBdGtwY0pkRmFKZG52d0VHMnBpZXFnTHJCdG1nTVpGczVoOUM1TTZLODZ0Ml9wM21weFozOEltNVZ6bXM3YmdPNkpDVHJVbXJDbHZ4SW1Wc205eEw1TlpCZmZVS0QzdUx2TEtzU2x2bkh5WUMzWGRpbw?oc=5
MFC.TO,2026-04-13,"Manulife Investment Management eyes Cellnex Swiss business, Reuters’ sources say",BNN Bloomberg,https://news.google.com/rss/articles/CBMixgFBVV95cUxNX0NnTXBrTlpUMjc2bTNtcnpJZG0tWjVpYlg4RDFtaGJfTlRWSnc1a2k2enNuaFpJQXBSazhqWlZhRXUwU3BoZHlSM3hIVkNubGpzRVloZHBBUUxsZXlQeml1Mmt2SEc4alp1TkFfX0E4RnhnRmQwVDdUWlBfZHAtcmRya25CVFRicUlXY2o0d1EyVm4xTTFibWV5WHdZcmVpNG9YOHJSbjJHRm8wQmlOaGUwUEh6YjYtQlBZbnh6NkZKbVdRSEE?oc=5
MFC.TO,2026-04-13,Manulife Financial (TSX:MFC) Navigates New Market Pressures Within S&P 60,Kalkine Media,https://news.google.com/rss/articles/CBMisgFBVV95cUxQYkg0VGFmdmsxa1lDSGwyM0d0N0NnWm5tc0hBTi1fNkYyeGpUOG1ZNUVwRXNNSFpjcXBrbFhRYWhzSmxUTGROMjM5eV82cUI5aHV5ZGIxZVJ6c1NYZDh4alZBOGY3UnpYeXpUVFQ2Tmtua1FBTmJyNzRhVEZva0k0ZUNRY2UyLVQ2MUVrN1kwbUIySXh5aWVhR1U3N2VFSVVxOGVvSXhKNjBUOFFwcHhTcE9R?oc=5
MFC.TO,2026-04-14,"TSX rises to near six-week high, led by financial and technology shares",Livemint,https://news.google.com/rss/articles/CBMivwFBVV95cUxPdWhIeGFEeUNFMmhwaDd4QmIyZmhoSHNIT01oVkNGMGpzVWdxTmNFM3VGX21kSEpSdEZlZWZEVFVoa1plX2pWb0VNYlp2UlpXMXVtWU1RYW1mRWhqVnBaYkpXWFRBX05Demplcm5lcHpkandUVl9tVVNIYkpYUnhpVWxGVElMNllVYklzVWw5cUJXanVDX0x4VEdBUlNLdzZLMm9fLTNWc3V0cjZFdWQ0S1Q0YkZJOHlYcDgxbkhVTdIBxAFBVV95cUxNZ2g1Nm0tRWg3ZGVGOGE1LTVNZUE1WkpMT2otNFNuLVZlMmRRSzFJVWxPNUo0ekt5MWpUdHpjMExXWGI5UGl2M3FaVERlbXdRVXUwTDlfWUVYZWgyb0tuMzh6cWxFY1kydlVIOHdXRWdMY1hNRmFTekozeFczazJwRGNCRE9FTXJWanlrU1BENnpGU1VkOUN2TXZuNzBnOS1jem5KbTF4VmV5ZG1QcU4waTdNOW9SV0YzRnZJb3VFbmNjSlc3?oc=5
MFC.TO,2026-04-14,Oracle accused of targeting employees with stock options in recent layoffs,Communications Today,https://news.google.com/rss/articles/CBMiswFBVV95cUxOTDFoR3RVM0QtSnQ5a0wtNndRSGNzLWszOTd1czBqc2swS2gtazlvQVJsVktKT09qem5zN2dmdWstaG9UaWlpNXl3OWtiME5zZXM1VWtkOW44VzJmZTZaRmhTMTQ1SldOcjh3X01ZM1VNR1JKTHJKODlBcGplSHB6czRncHdHaVQyVWllQVkxSC0tMHJUeTRBLVl0c2Z0b19zaTNfSjJwOUs0RlRveUgtT0xUVQ?oc=5
MFC.TO,2026-04-14,Manulife Financial stock holds steady after negotiations for Cellnex Swiss deal surface,Traders Union,https://news.google.com/rss/articles/CBMimwFBVV95cUxQdmJfUVp1VWpVLTNVRUZFXy1SNl85ZnNpYnlTQVV2TzRrdEdlVTZLOVlIYTMwU2YzZHZuNjg1bFYwUm0ySlFrbTVQcDJ5NHBrYklLSWRiaVlsRWJ3M184REYzTEZjNE93MUN1ZVZWYk9lMEFuSnZiTVJnU1hWXzFxWWVra1BXenhEbWtKSjFiTkc4b1VQUTlUZE85UQ?oc=5
MFC.TO,2026-04-15,Cellnex in talks to sell Swiss unit to Manulife Investment Management – report,BeBeez International,https://news.google.com/rss/articles/CBMiqgFBVV95cUxOU1BlN1JNcW02VDNKYmZ0bnR2ODhrQ2VIc181aDd6ZS0xbWNndFA0WXJkaUhoWUNrS2lvdFJ1MUx4SlJFRmFoa2xfV2JKal94MEZPWU9vN29lQ3hTVnpUeG5OX0ZsVElGYzRxMDBDUE9BeVQ2bTZYNGZkOEFCQXpEZ2lUeGN5N0lqUUdVVm1GWFhna1A5ZnJjbVlvZThjWmtMREpHRWJlRUFQUQ?oc=5
MFC.TO,2026-04-17,Manulife vs. Sun Life: 1 Canadian Insurer I’d Buy and Hold,The Motley Fool Canada,https://news.google.com/rss/articles/CBMikAFBVV95cUxPeWgwYmZBN2ROcUk3ZklzS2lKMHVucUlNY201NVAteG9jRjc2UTg2UUZNbVAzWmxyUUdpbkctYWhKaWFlSUItV2xmRGNvcjJCTGFvXzlxeElKSVJPMzdnUHctd2hUSzJTLVc2Vm5TRTJuejdIMVBfdlBZdDA0Tm11dDJicTZBSlB0Z09SUnVxeDY?oc=5
MFC.TO,2026-04-20,Manulife Launches New Annuity and Accident Protection Solutions,The Malaysian Reserve,https://news.google.com/rss/articles/CBMiqwFBVV95cUxONmtKVWwxOFFHNGh1dGFxdWE0RmgtRXZiOVpwQ3EzeGZsWUdROWNOeGZ4Vld5NHNoR1UxV0N6T2M3UVdOcU9ETDZqZDNXQUtTMHpNUjZpNU02ZlQyb19JSDRrSG12dFJRdDBmQV81SGQ1S0dqZkJLeGVaYTNIUmh4MVo0V25tNjJnNEFUUXF2VzkzaGpoZ0g4anNfUEttbUZyeENlRlhXWEdPLXc?oc=5
MFC.TO,2026-04-21,Manulife Investments Announces Estimated Annual 2026 Cash Distributions for Manulife Corporate Class ETF Series of Manulife Funds,The Malaysian Reserve,https://news.google.com/rss/articles/CBMigwJBVV95cUxNN0RNR1EyWHBtbkpKX0ZmaUNnVVlVR3RRQVNmOVFWc1BJZzlIT3hQYUNMUjlGMDFvOHYyQjNfWWVSVF81N2pqakF3Zm1MOUZFSmVtVUlkT0V1Tk5vbUtqR2IxaXJfa0tiR2Y5dHlBLXo5dUV6YzFLdmlCazV2aHhBVGdQSkJSZXkzY09vVnRFMHcxSk9NWHQ2Y2V1R3BtZjgyUW9EVWZVcVFabmNTX2lGRngySlYzRllBeFFRYldpWUNaUTdNR2dyd2hkeE1CVnRUV0VVcmltclhrWmYtSUpYY0hWSERtNDlrNjM1RmFfejIyaXJvdjhnX1ZrMVVYNVFxV0dF?oc=5
MFC.TO,2026-04-23,Manulife Board to Review Q1 2026 Financial Results in May,TipRanks,https://news.google.com/rss/articles/CBMirgFBVV95cUxPQ0dHXy15dzUtcjJJVF8xTkpoMUh6YmRUaHZZc0JMa3FxN3NLVG05TnpCaWJxSmFZcDlaazhMaEVUOFdwVmtQenlGTFhxQmVYdkkyaHJDTW9wNF9Vc290NzdzV0JUWkVmdW50Z29rNlg4NHU5MjBuU3VoVkp2THpNb3ZYSWphV19NN2tpaEVRcU5VN3BaNWhBd2ptLUV5REk5aWU4VTlGblFWNk8td0E?oc=5
MFC.TO,2026-04-23,Why is Manulife Financial rising in S&P TSX 60 Index today movement?,Kalkine Media,https://news.google.com/rss/articles/CBMisAFBVV95cUxQQVlvdmt3eW45MEd0eWhBVjFVZnJ4c0RMMXFZbEk1cDJkR0JGR0NxTVNLYk1oeGwwRGY1WWtNOE81UDJnY3BkWXZqSjg3RkltX3RvZFdWVEx6UW1mbXdNTm9wa3ZuVmc3a0JRVG1vcTNYSF8wcVNCcllJS3V6WFM3M0I2QkVILWJHUTB2N0tXc25xUkt2MUhUejd0OU1kQXVCZVFkM2JNNXJIU2NoSS1JeQ?oc=5
MFC.TO,2026-04-26,"Expert view: Sector rotation to be a dominant market theme, says Mahindra Manulife CIO",Livemint,https://news.google.com/rss/articles/CBMi6gFBVV95cUxNNmxQT1hTSHpDaDVLMXBSYkgtTmQ2YWJlRGIxdHNvS3l3UFg1YjMzVU8tRXFlVVJyWnJuMnl4WjA0cEdxRFNHUk0tVmZJSzN1aW9JMGNUQmpZSFowaVJlZTA0dk9CeVB5RXhOUnNkcHIxUmVhT1h4YVFLQzJ4M2dFUWw3WGZSMUctUzhIdW5xRjRHYlpqeURzeklYXzhlTUIyRUdwc0VGUzQ2QVVId25TcDZrazNTOTBmYmFUamw2eXhpZVktOFBCcXZhN01tSUFqMmowSWRQeU1weC1XaXlwZEpac21oZDNTTFHSAe8BQVVfeXFMTlJXUTFYc0E3Z0NNeHpFbnZpcUZJM3hmeUVlNGdndW5FcXZ6bDRESE1oLXJCbjc1eXNwS3ZuWEVmTDBMNmFGWVJnQmJQQzVhYUx3bW8zRmI1SGZuUTFxSFgyUFlHVlhEdUQwb2d2RjM5Qm9ORW54QWJEZEZENnBXMWpaeFg0UmZvY1hLcGp0TzA3SWN1b2hxbVdxLU5SbDZCRXBaZ2FMMElZT050NXhiN3ZrREhvMi11WTg5X21kN05JNzQwVS1aMWZRMlRJcDdBODlHczFEdTlQajVsYlVURy1haEVldTJJN2I1UzA3YjQ?oc=5
MFC.TO,2026-04-27,Does Manulife Financial See Ownership Shifts After Earnings Beat?,Kalkine Media,https://news.google.com/rss/articles/CBMirgFBVV95cUxQTFU1di1ZV2tCUGc1N3JGYlh3Y29XLWZ4X2dPa3RkajE3TDh1UmNmcjI3Ui11cjNvYnZDUy1YSE4td0d5Y3RmSnRKdlZjaVQzWnF0QllaYU5PT1N5MUU5ZkhjWl9INnZONzRmR1VZTUt0ZWVEZGpGTkpPMzdkb2RKcWJDM3NYTmdmTG5HTGdvbndsUWpWRGpzMTJGX1lseXNFS1hHNHllajN3WDgyR3c?oc=5
MFC.TO,2026-04-28,This 3.7% Dividend Stock Might Be One of the Hardest-Working Picks in a 2026 TFSA,The Motley Fool Canada,https://news.google.com/rss/articles/CBMisgFBVV95cUxNQncwak12Zml5bUw5UXQ3YzlNNWNIZUliMjZlRVJHZ1piQlcwSFptbVJtUXEtd3p3LUZJamhGMjA4VFVTNS1qRUVZZzJCdGNGU1RUT2hqck5oVmsxbEFUemtOMlFrN2RYRXc5Ul9sOXpvdlVDYTRsTndnRU9TWnVJaVhNcG5UeUhvTk9uYUc1Y2JFSnVsQkc3RHFvTTdmQkZBa19wb2s4bm96dVVjT0ZLLXdn?oc=5
MFC.TO,2026-05-01,Is Manulife Financial Stock a Strong Long-Term Investment in 2026?,kalkine.ca,https://news.google.com/rss/articles/CBMioAFBVV95cUxQR0lsUGN3SkhETk1rZ250ZkhHaWhDYUtzVGNrVjBGOWRjYXluNGNxN0NnWmc3ZHBCa3pGbkxOUm5QS2NTQURJd1Z2alNtMXg2RWxIcjU4QS15QVFIVkFxTzFJcVBDX0kzMGVmTnhYcnFMVUtZZkhwMGJiaVBsTVFER2hrZm9CcGM0aHo0SlBXeEJBdFkyVFVFM1ZLcE84cDZm?oc=5
MFC.TO,2026-05-01,Manulife Investments Closes the Market,newsfilecorp.com,https://news.google.com/rss/articles/CBMiiAFBVV95cUxNNXBNajN0eDdXSVNncmRnVmVCRmUyNkpKTnpNU19lN0VObUpwWm5OYnU1QUgxM0duQzRzdDYtTDJUT3g1SkF5cE9rMFRITS1UQ1I5ZGJMOUVvak9FbWxwemttdTIwYkZRVVJ5cGM0THBtemhlcUlwSExTNEJGYTV0T192ckwtRms5?oc=5
MFC.TO,2026-05-04,Manulife Financial announces Conversion Privileges for its Series 3 and Series 4 Class 1 Preferred Shares,finance.yahoo.com,https://news.google.com/rss/articles/CBMitgFBVV95cUxOQUo5SGJlNlRLT3dEVlh3bjc1YVZlelFmRzU3MWdBRmJtM3kzeUpYMlVXQ2otUlpscWdjSlgtc3hRR216cjRGYkRHc2dUQjUwUndrYWdjVGljdDJweTRBV053bFN1d0trcWhwU3NJMmRhTmlNY3MzZHVYcGhvYjhBaUFmVDFZektnWGpHSHdjRVNTa0VUaHhRb2JIRU9mNXZ2cHBQSk43VzRvWG5KZEJpc1BYbW0wZw?oc=5
MFC.TO,2026-05-05,Assessing Manulife Financial (TSX:MFC) Valuation After Recent Share Price Moves And Comvest Credit Partners Deal,finance.yahoo.com,https://news.google.com/rss/articles/CBMiowFBVV95cUxNczBQLXQxNE1nODRidXI0RHRRRl8yQWlEQk8tU2UtelFwcHY1WFNNQmJIYWtZMUJCREstX2ZLYVVubllybUpUc09Pc1FQWlF2d2VDcUZJRlJ2Y01oX016QVo2NGRYLVF6TGwxT3NDV1JaRGpoUFV1Mzd6TFQ5ZGlIN3F6QTFQYy1WUUk5c2Yxa0VJRVdTWFhvWkVaMXJPdkNvUFMw?oc=5
MFC.TO,2026-05-05,Manulife Gains Focus As S&P/TSX 60 Trend Evolves,Kalkine Media,https://news.google.com/rss/articles/CBMilgFBVV95cUxPcFFBTVBUYkNhYkNEWVFvTGNxTXNZN3NHS05uX0tFeVBJYVBMeEtrLXpvNE9vX2FNVnNBeFBTSTZnRWZyUF8zOE5aWTF3OC1odEpzOGY5dTVKRVZ0WThPTHVCT3lLbUlxTTRiQzhvRTZCbHNJLWpYdV9UVUU2eXZLdk1NdFBnSEVxR25mdThRUy1OU19LbkE?oc=5
MFC.TO,2026-05-06,Manulife Youth Mental Health Push Adds to Case for Undervalued Shares,simplywall.st,https://news.google.com/rss/articles/CBMi2AFBVV95cUxQeVEzbDZmek93YzllRnpCTldmdUtVWFYybFU4Sjg4NzA1ZERCU1ZoQl9aaGxmcFJsUUZTWkVkTjJBYmhlRHNuUmM4eVRGZ2dNZG9hQVB2WUJXMGxtdTh5TWVGTXZUeUlvTkN3cUxzVnFKQjBfS3Q3aWF3Y25qMG9FTTQ1Vy1XREd3WDA1OGFCYTItbERkNDI5a0FPM1F0cEFETTNFRnhVVi0yb1p5U1lFdHFLTzhzdnhnS0I4UWQ3MS11M1NMa1JieTFQOXBuZmZZa01LWklSNnLSAd4BQVVfeXFMTWh1S01qZXZiYUJRaFU0M0Y4cDFUTVRWSFNkaFJMQ0ZuNVJFNlpwTnIwWVQxOTdkNnlrV3NzVjRmLVVQLVoxdTBTaENqTmNON3FybldPMEFEcjhDV2VrTG5CY3JtWGVkdTMtVG9SYnFOby1UU0pKbzZ4bVAxTU1KblNWcjBicXI2OHB1YnRxRWJuWF9ISnNaT3RSaWxfOW5scmZwQXU0MmlfcU5VV09DMjFuWndXbmpjcVY1cnB6UTJLQWdNS1RBWnBfMlY5WTlMRzZSZUg2b3lkTElSQmN3?oc=5
MFC.TO,2026-05-09,MFC stock holds steady as investors wait for next figures,ad-hoc-news.de,https://news.google.com/rss/articles/CBMitwFBVV95cUxOZUlFTHlwLWlWMDMwYTc3eDNpSWU2QXl6WGhldzBWUXJyQWNyY1cyOW1fZUFPM3cxenplcWRUX2o5Z3JWTDlueU52WnR5Wld3dFZzWWxMRGhYQ1hjeWNtT2toelI2RU9fUjhxeTdfUGlIaHVWZUFKWDVndjdwZFNJMUFUaFBSVVRXNUo2RnVNeHlqMkdIZnE3VGhIWjBmNDI1c2xxbXJOR2h0d28zZGZobW40dUpoXzA?oc=5
MFC.TO,2026-05-11,Manulife Turns Longevity into Action Through Volunteerism with First‑Ever Global Impact Week,PR Newswire Canada,https://news.google.com/rss/articles/CBMi3gFBVV95cUxPSWZ5cjNFOFhNU3pSSzV3bldnVlBqYnNhVlFINzFzQURqc0xCdmc4akN2MExMYVFfRlJWY0NSNUVONU11NjhOWUZBYkFaVjFVSm5nNkdjV3B5V3hyclFtdnZlV0RybTBBNFNldzFiYWVzR0g2cVIwNDgwZDhOcmpZbjhDSmRxWDhURkM4ZFhBN1hwV2dhajh3QVEwcHdaVFZPaE5PSkprZnRqV0dqQ3lzQTduWVhKaG91MC0zVFF5bjhSM29QcWNrdUo2VEx1M0xfUkc3aFBVb25TcEN6OGc?oc=5
MFC.TO,2026-05-13,Manulife Reports First Quarter 2026 Results,Yahoo! Finance Canada,https://news.google.com/rss/articles/CBMijAFBVV95cUxQOC1iVDlfQ21QWUdnT0MtWU1SODJ3MERLRG5vd0lHRm9fTlJKMW12enJzQzRRVWdERnkxdnRPY2xTTjlFUFVFaWViZDNjNGdmRU5MbnhvSm9sUmFUWUJ5dTNpU1VFS204ZmJabVVtR1pSdEF5VE04c2xuTmZYMU5iMlVzbmNQYkMwcXd5Qw?oc=5
MFC.TO,2026-05-13,Manulife Releases 2025 Sustainability Report and Public Accountability Statement,PR Newswire,https://news.google.com/rss/articles/CBMi0gFBVV95cUxQUExHb2Y3Rmxjdm5RenBVVEVyR0YwSVNnVmxsZ1RUczlackFyUXFvQkdQZFhNajdwU0E5aGt6bUZLRUJQRkFsODNGeEE4ZVF6cTNoYUdCeC05Y1NoZ1dZYUFJVmlSZUQxVjBaM3E3T1J5VDBUZVJ4a2ozZWhLNHpUWllZVWROVGlPVXd6ZlhacFZ3RnYwbHJnLXBqWFN1VVB4OFJGN3lCY0Y5eGdPRDZsY3Y2RE4zeWVPU05STFBYOFNFaEJaVS1wSDM3b0N6MVN1bGc?oc=5
MFC.TO,2026-05-13,Manulife declares quarterly preferred share dividends,Investing.com,https://news.google.com/rss/articles/CBMirwFBVV95cUxQWEgzZHdDUHo0dXg5SmdvcTA4Mm5ZQ19Tcjk3NGRjQTRGbVRsZjY2SUtza0pRN0QtZXcwenkyWWFYSkZzUHRuSjhuZ2s2WTdtX0tUSUdMdkl2VmJUOWUyemxCcFlrZGNpSjZfeDgxdGxlZTMzTEdlc29KREdQXzVnUnpyd3hxTHBIZnltdFY2R3JvbThKUnVfdUQ0SXNaOUY4a1NnSkJuemM1ZnZkUk9j?oc=5
MFC.TO,2026-05-14,Manulife Financial Corporation 2026 Q1 - Results - Earnings Call Presentation (TSX:MFC:CA) 2026-05-14,Seeking Alpha,https://news.google.com/rss/articles/CBMitAFBVV95cUxNOHBNbEFiVWFwMDJRQ0NTS0FUbGwtOUNQcHFEYlpKVk9pR3YxNC1tQ3NxVUVpWUdFZkF1d3paVHpTMnMzMDdlQjQ4TFNEZEVUQWV3bk41MUdGb1A0LUM5YTQ0U2E5cGhUcFVHanF1R1otQ2VVMWtmaVZZcW9YYkxKZTZNTkpQdVY1cklFWG4xcS14WEEwLUl5SnhiVnJpUEktcVdqN1o3a1lQcXAzdnc5a1RUYUE?oc=5
MFC.TO,2026-05-14,Manulife Financial Corp Stock (MFC) Moved Down by 5.83% on May 14: A Full Analysis,tradingkey.com,https://news.google.com/rss/articles/CBMiigFBVV95cUxPa0JsS3FKUF9kZERjbVl1QkNYWDhtWlNJX21KazhCZjVBaVFWQ0RXcjBvSnVMZDRoM2c4Sm95NUhzOFRyRkVDcy1qbDB3TVRMTjlpbGhMMkZQS3hQWnZYaU9DU0JqVDRQZHFqVHRUbWpqT19pd3pOcERUODZ2aUdKSkowX2E5WXIzSlE?oc=5
MFC.TO,2026-05-14,"Manulife Shares Down as Softer Canada, U.S. Drag on 1Q Results",marketscreener.com,https://news.google.com/rss/articles/CBMiswFBVV95cUxNRHg0ZWxfWllPLVdiaS1WemR4TmJoal83aWlGb0E3Vk50TGY2cW9JemJwem9rdzh0dTBPdENPdDdBSU9pRE9Ec2hVTkJrazRmVk1LeF80VXpBRjB1ajFVLTFyRUFyLS05aEN1dUVGUUMyZGtOMWRGRFFGWlBfY3JjX0tZRkhDN3Y4SFVnUmRIQ1JodXZVS0I2emFRUGptTEhVanhsRS1qV09CSnl4U2c5VUpfUQ?oc=5
MFC.TO,2026-05-14,Manulife Q1 core earnings hit C$1.8b as Asia outpaces group,Insurance Business,https://news.google.com/rss/articles/CBMiyAFBVV95cUxPT0VtQVluNzh2dGduZ090TGw1ODNtSEV2WkxXV1U4VThJel91bTBxUTN2cklWX1JueTByS2tfb1hEdXhTblJhU05hUnNJM0FrV29QU1pIRnJhQ0hxZ0tpMGUyRTcwOWZIbGRZWUtYZWRoZ0JxSE5rY2ttT3JDYk5GT2x3Z0VpS1ZXU2phWV90SFFwR3Q3ODhTR1pLTEZrMHlnRFRlZ2lfTVpmekd3Qm1tYU9Hb1J3cDNMNFJXamMxLWNqWHhCWkJZZg?oc=5
MFC.TO,2026-05-14,Manulife Financial slides after Q1 core EPS misses expectations as Canada and U.S. results soften,Quiver Quantitative,https://news.google.com/rss/articles/CBMiygFBVV95cUxPbnQxNlRjZjNRUVJhenBwX2R2Y1B1eklKbkNKcGZscExDMFVJT2U1NFZnU1lSZUlyVEZMTmFhclF2ZDNpbndYQ1FuQTR4dTdOSUowY25NOXNtS1FmSURvMWFTa3BMX201dUx2bTh4Y2I2VEl2dTBKLXJ3STFxSmNPbi1TTWMxb0QzczdQVXdVNTVSVDYwZnJMckU5RHNxNnlCRGVpRlc5NXRNVGR5ZTZkOFBHR0lTMDVyYVQ1ekR5bDlWWk1jZzB2UEdn?oc=5
MFC.TO,2026-05-14,"Manulife Financial Q1 Earnings Miss Expectations, APE Sales Rise Y/Y",finance.yahoo.com,https://news.google.com/rss/articles/CBMiogFBVV95cUxOd25ROTZ5VTZhZWxnMzYyMDBlQzUxNGJUbjVlSHVZZ0kxMXJ2eC1jU2ViaVlFZFRrbklkWjkydktaTWJienY3MlZLdmxYNHFMempqWjV1cW1kR1ZvSUVoaEJ6R184Tlo5OEZhX2x5cmhJU3YyRndHaTZlV1pPLWlUS2RwUklickdEeHgzeEJIZ29VeTllMkJoM2ZuZ3B4NWI0ZFE?oc=5
MFC.TO,2026-05-15,Manulife Investment Management Limited Announces Updates to its Investment Offerings,PR Newswire Canada,https://news.google.com/rss/articles/CBMi0wFBVV95cUxPTkdmRUR0UVlKSTBIX1N6Ti03VHFZTzlsbkd6dTQtNzhydUxheVRwNVJDbG1yaFNmOHl6V1l6N0tBVjRQS3JWbFJ5b1VybEM1Y0FZNGtyZHhEelpYT1ByWFgtblA2V2NKNlkzTUtuc0VPRVBzWnA0THFEbTl2VGZnYkRvMjBzSnA4OE0yRkxyVjVYUkpFU1Z2U0NwZWF2cVBic0FZb0ppVTdYY1U5S2MyMTVvaHpZV3RfY2tBUGVGb2FSdzNyeVVJQ2VKaFVmcllaR2RR?oc=5
MFC.TO,2026-05-15,1 Undervalued Dividend Stock Canadians Can Buy for 2026,Yahoo! Finance Canada,https://news.google.com/rss/articles/CBMikAFBVV95cUxPVFFWY0g5WjJ3aVJtVWlJci1weGFmbkhRM0FaY1hzaWZMYTg4V01zOHNtLUZwRTVhUENqd2hIM3lGWjllOUV6ODBMaldITzdZd2Z4VklWR3h4NjUxbEY2NHhmdmtPdnZlU0N3Zm9CV1lyQnR1dG1IWEIySmpaYmtpUzlBb1JsYlVQOUZERG1pVEs?oc=5
MFC.TO,2026-05-15,Manulife Financial Q1 Earnings Call Highlights,finance.yahoo.com,https://news.google.com/rss/articles/CBMiogFBVV95cUxNNlp5bFQ3ZTNqUkhjLUk0Y1NaS25KZEFEY3pzMk9jeHY3RS0zUlh2aGFGSFV0WWpLS1U0V1hhUkM2bEdiMnJZR2FZS0pNOEJ0aU13V1JxQzRtTF95M1BxX2I1OUhVV2s0TVU2eDV2SElfdXlUNEJDaDJOOVc0VnBSdGxEM3dLM3ZVbnRYYkNVT19vWjlsel9iSWRjVzZQV29LZGc?oc=5
MFC.TO,2026-05-15,Manulife: The Market Is Underestimating The Risk After Q1 2026 (NYSE:MFC),Seeking Alpha,https://news.google.com/rss/articles/CBMipAFBVV95cUxQSFpTNDVSSlV0SlhfdnV5V2w0OTdXR1I1Z19BY1dsOGNBVkZ0MW9MckE2dmo3cnBfZU9rWW1hcTUxbGEwRWp5TkZqTGNwMWROM1hhNzBGUnliWVJiODA1ZjduZkpINnJ3RUY4Z0VkVTBRTmVWTDc0SEZoNTdiak5SWEhQYU1vWElZS1NFbDAxZ01vVW5mUUZLRUY4UWhieVZIamRtWg?oc=5
MFC.TO,2026-05-15,Manulife stock price forecast: C$50.50–C$52.80 range holds as MFC trades sideways,Traders Union,https://news.google.com/rss/articles/CBMinwFBVV95cUxPTG41V0pDaUd1N3ozaWlJYXpTX2JaVzE2aTh6Z3hDQWc3djJFdzNnTHhyRTlrWnZpS0RkT3BGQmI1UVhRU3RGUW1tSzJlR1NoSmd6NXpDdHpCUVJydWhURzFFbzZLaWZoQW9RYXlnNFVCTkNWajU5SWlETXFSWE1OR1JBQ19SRGp3MXZYYVU2d3QtMndxbkUtSUk0amNTUXc?oc=5
MFC.TO,2026-05-16,What the Average Canadian TFSA Balance Looks Like at Age 50,Yahoo! Finance Canada,https://news.google.com/rss/articles/CBMijAFBVV95cUxQRWo4a08yWi1mZFYxX2dMNlNoNWJldWZrejVrWENack1laUVRdzc5cGFhVG4wcnNIbzhGa1M0WmJIS2RFclFOUW5mM2dMaldreDRRb2xzZ05BYXNBVGZGeHNkM2VVUjBkUHNZRjF6YTZwY1BWR2NxQXFIZi1ld2JFZS1TZVVyLW0wUTJwWg?oc=5
MFC.TO,2026-05-18,Manulife Earnings: Headwinds from Canada and Investment Management Businesses,Morningstar,https://news.google.com/rss/articles/CBMisAFBVV95cUxOUWVCVkRPeVBrbEgxS01FSkhPMWJRRFNyWHE3b1RreXVISDR0VVQwQ0ZwaWxoa0pCOGdRYlZvRVo5aC1UamRsOGZkTnhvQ0RJSHp4a19jeFJXS1U1RFB3b0Vwbm5KcEp5NUg3UVJMRjhoLXZJMTRoX1ZIOUdrdWdaYjVvd05zMU5RdHdGUnlNT1JSR3NVZGhVdE1oV3JoLTBscW9hekQ1bDdYYmxUeVJYVQ?oc=5
MFC.TO,2026-05-18,Manulife’s Asia Expansion Lifts S&P/TSX Composite Index Spotlight,Kalkine Media,https://news.google.com/rss/articles/CBMiqwFBVV95cUxPVjhhQTktWEg2UkctQmtKRzczUVE4OHFHajhTaXJOYVk2OHB3YnRyRVFlcmVVZ0lJcjhvZGhNTmVkd01YdzBoUVJMRHlHd2FCTDZnTV85b0F1eUhnS3lDOFc3c2Q1SUNfTFVJSU5YQVN5eEliejhaZ2lyRlNpWjBpbERZNUhjOGRBa1dBc19kN1hRRHpIUkNaMUZ0TWR4YjZGM3VZLTJjR2UzdEk?oc=5
MFC.TO,2026-05-19,How to Leverage a TFSA to Effectively Double Your Contribution,Yahoo! Finance Canada,https://news.google.com/rss/articles/CBMimgFBVV95cUxQVHpOTTVYTUpvMnhJbHhXaU9wWTZSRERWNi1CWUtyUUFpT3ZOOXh4YktiOFFCUm9ocEZuNDlicnBHLUtfLVpMUUlMRVlwYWJqN2tESnAxRl82OTQwOU5xYUpJQ1VObFNLbV9NbFFvZkQxeVpMM2lUN2twOEZ3QUtFd0lNVzJrVndMRjhqVFppR2w3YzE4WEFfS3ZR?oc=5
MFC.TO,2026-05-19,Manulife Wealth & Asset Management Appoints Jeff Kellogg as Head of Global Investment Products,PR Newswire,https://news.google.com/rss/articles/CBMi4wFBVV95cUxPMFJmUGhMSXBKOGY4Ql9oekR3UFEzTk43ajFkT2dkRDBOR09fMUtLUXVQZXdnMWFfZ01GblN0TFMyUXhUTmQ0RmJOSWZhbC1MNDd2QzR6MU96Ym5UR0ZfMkYxVUZES19fQ3NiVDZteWYtYjNVWThRR29SeWx2Y3BUaVZuaGFUdWVhRW15aXpoeWNDRmtIemJvRS02R2ZEbFRrZldYTjBpc29TMDhnN2t5LWNveVp4dVdHdV9yQ2pxUWZTeDd0V3lWS1RnVjlvS3VIX0dIR0c1YXcxNWVJdGJTbktSUQ?oc=5
MFC.TO,2026-05-19,Manulife Wealth & Asset Management Appoints Fraser Wiswell as New Head of Canada Retirement,PR Newswire Canada,https://news.google.com/rss/articles/CBMi3wFBVV95cUxQVXNFWV9XN0x0RTIzUlRicUhVWXZPS3lIeXp3RnJncll1TGk0cGdpcnZZTzRRbENWTDVzV3QxUGxpYWlRVDVBaERGcERjMV9oZUdrYVN6MS11dDhPeWE0RWRJWE5LREdmN0RCeW5JSENjZDlfclNUS3poWHhNT2VzSkhDSVBaWjZtMU4xY3Z1WHZVYkpiVXJROEF3ZUhyOXlDekpGUEYwTi04SE9yVENXSlVOVURORGs1RnprQlNuOUpiQVdUZHRRUUhHbHpjcE92S0pUQzl3UEowd01ZdGg4?oc=5
MFC.TO,2026-05-20,Manulife Wealth & Asset Management Continues to Build Its AI Leadership and Impact with AI-Powered Tools Enabling Better Advisor and Customer Experiences,PR Newswire Canada,https://news.google.com/rss/articles/CBMisgJBVV95cUxQNjZUYnJ4elAzN0ZudGFOSktEdEhVRFp2UU1wSVJWaHN4QmMzY0tFN3ExQ3N6Qmo2RkQtRjJzRmo2MkhMaVZnTi1lZU5tRHhtc3VnbGZtajFiRlBRZng5X2MyU1Zhd1prd0JDQVpQNERtd3Y2N3hROW9ZRzhPdXYtWmhqZGJlRUFOek10Q1NVNVgwT0ZEbVdUZmx3aDE0REMyQS0wTWFmcjNWWXFENmU3Ry1LaXQzQW5MMU5pSUw1WlNDOWUxVlNldXpsd2p4ZUhIRDlncjF6ZWNmeHQ3ek8xRk1jY2c0SU9fc0tmczdpMGFSdFpSSzVYMEZOdmVscVkxTGFZcHhqR0VpTDQ4clBnUndsM0hzbE5mQUNhQU9uV05RMVRfRTVlZjV6TnN0ZTZFcUE?oc=5
MFC.TO,2026-05-20,BHF Trades Above 200-Day SMA: Time to Buy or Hold the Stock?,TradingView,https://news.google.com/rss/articles/CBMitAFBVV95cUxQMmVTZzcxcmMyTzlfN1pWa2d3NkdVaVhBLXEtOUNacVB0OVEtM3VyX1ppRGo4ZjlzTEMtZXBEX3hVZ2xyQ2FTY3o5QTdfMkVfbmZpOVVGSHcyTEFfc2J1R0hlUXhLMjhDYzVnSElOUzE3MWFmcEp0LVhFTzczODcwSk9tSlA5VzhEZUtweUlfVnZTQmpoa0ViNFFqS2FEZ1NZb0lYVWF1WU4tT0hsazVDVEJqVDI?oc=5
MFC.TO,2026-05-21,Manulife Announces Executive Leadership Team Changes,PR Newswire,https://news.google.com/rss/articles/CBMirAFBVV95cUxQcklpeS1pVGJibGlYN0xzZmQwWC00VC1hY2ZzQUZUTC1YQ0thQV9hNVdNbE01a0JDZmZ4dkFSdlY1RThCRzhlVXN0WVYySF9BX0lmeGFEd1A2R1dpVkNNcEJYZDFQUW01dUFwaWJmOGlfMEhZTlNGRThsUEllTHZDbkZFdDNoNW1RWlRPbzduZDhac3RjUEU4VUpra0QxVmZnY0dacGdndWdJc1RN?oc=5
MFC.TO,2026-05-21,Manulife Financial Corporation announces Dividend Rates on Non-cumulative Rate Reset Class 1 Shares Series 3 and Non-cumulative Floating Rate Class 1 Shares Series 4,Yahoo! Finance Canada,https://news.google.com/rss/articles/CBMinwFBVV95cUxNVVFGblZBdlV3bDh4Q0s4c0xjQ2p4WklUMFhjZ25OejI0ZDE0X2l2OEN6NTFLQkxDd0RYeTlKdmZ4MS05d0ROaFh0R0FjeGM5NVhKeDZSbldWVlE3RGJnYmhxYTVkbm16bjVpMmRGZDFUekFvWUhHSlhHaDNGaEs1cmtwMm56T3ZzVFM4cHlsa1FlR19KLWt6dmFRTkFGMVk?oc=5
MFC.TO,2026-05-22,A Retooled US Stock Fund Looks to Turn Around Recent Struggles,Morningstar,https://news.google.com/rss/articles/CBMiogFBVV95cUxPSmc5b1Q3XzBjVF9WXzZwaTMzaHF4ZHZ2WE5ZclFrRXQwbWFpWUJXQjQ4YzV5bzdXb1l2LTVwZTlXYzNSVjBWTjRnZUlVS2RuTkFqejBLWl9FU1lJZjFPNEtMbEVud2JVZ19CQTU0allMdk1KSzY0ZDZ2eE9ZQ2R1eThuSnJCaVlKQWdibVBuQmdWZ2FKanZ2NGJIY1lyM1VzU3c?oc=5
MFC.TO,2026-05-22,Manulife Investments Announces May 2026 Cash Distributions for Manulife Exchange Traded Funds and ETF Series of Manulife Funds,PR Newswire Canada,https://news.google.com/rss/articles/CBMiiwJBVV95cUxPVXptMDRNYS1raUxmbFdqVlI2eTVGVkxpRDNqT0pWUnQ3d2RtQWJkbHBrcFl3Ym5raFloTW91VHg0OE1hSmo3VC1pMGJ2dWExWEY1eWlDN0VKNnFjd192U0Y0aWhsWUowYjZINzMzZnNMWlpLVnRaUnd5VWhtMlowdnVfblk4SjMyWGVMYkd4MFo0a3dTcjRZMHlGOGprSlNDUlpwNmhVRWNPeGxnMDRqWmk3V2tidkF0bWx3bkxNNWp5RnpWT2NhYjBFeEE5ZU9MRnBXLTFDYkZlbmZWSmdFZUNkZ1NWSkJaNmNTN1IwRGphc0pPZjBYSmdFQ2NZMXlwcVZnT2VmR0U1Wkk?oc=5
MFC.TO,2026-05-22,Manulife Hong Kong and Macau Announces CEO Succession,PR Newswire,https://news.google.com/rss/articles/CBMitAFBVV95cUxNRWd4clRmR0FIb3NCU0hveTRrUEFpWnNnSmkxY3ktUEV2bm1DY09GVTBfSGd0WnFVUGxfSGRCRHpxOVU3RnRvR0c0blFVc1ZyWFhlMXFLSGU5Q3RIWVFweGhNOVZlX1V5TWhZaFEtY2pfZUtxTkUtTzBlalJVNjJySHV5Z3duWlU5ZXFvdmYtNWhDcWlqS1llUk94WTVJMTlHc0hXNzhYMUZGdy1nLXZvbEtkZy0?oc=5
MFC.TO,2026-05-25,Manulife vs Sun Life Financial – Who Wins?,Stocktrades,https://news.google.com/rss/articles/CBMidkFVX3lxTE1uNnpZeXRmc2hFMEVGWktVRTlVZm1wNUhGX25fWl9GbHNVSC1sOWFaWmF6dU5XS0pfRWNybWZhT1VWV21FeHctYU5mOWhhQTBMcXhMSEotUHAxbkFhQVRRSmt1d0JLaExIUUhiTmRoVF9xRW4tNUE?oc=5
MFC.TO,2026-05-25,Top TSX Dividend Stocks To Consider In May 2026,simplywall.st,https://news.google.com/rss/articles/CBMizwFBVV95cUxQeGZfMG5jb3RMaF9UcGc4ZDh3X2RXTnlCdHVJWVpNdGVHaGYyUko2T3NpQ0NIQzd6VU43aDBOWXQyMEFRVzJ4S00tM04yNzVVQy0xd2Y3UGdyWk12d3lhSWRxdW5Hb2hyMHhzWjdjME8tdll0VXlxZU1DcXgwV3FPTzFYZmFkclRrZ0tmU21vVnpfdFZmTXo2ODlBZ2d3NDlsYkg0d0JfMm94Q011WUhRaVVKU2RiQm5JSE04Z3JIY1JXZE8wN2oxX09SM21FaU3SAdQBQVVfeXFMUHdOc0JCYnBNTmFxUVZUNGR6LWFhVXdDYXEyMmdWcGR5WkllSGZRbC1DTmRtQVZBeUJqTXRrS0pkUk1GNHlJSU4ySjdRMXhReVhSMDV6bzhOandkUElmcXVoeDFBQjU4OGRNbmJEQzl6RWE5N1RQdjk3NEhJaXFHMElHWWIyQXJiUE55OFMzSmVCdThVYmdMS3Q3RlNVNjhFbmY2RDRWY0c5bHRBb2FhTDRTWEhRU1ZTLVEtck4xaWxheGV1VXZJcEdNOXVrTWxPOURlSVk?oc=5
MFC.TO,2026-05-26,2 Canadian Dividend Giants to Buy With Rates on Hold,The Motley Fool Canada,https://news.google.com/rss/articles/CBMijwFBVV95cUxOajg2QmdtWlNENkZWYVhlaTVYLU1lZ1hjekRjYXdlY2lkVXptSUt5YS1oVFdNSy1mQUlIaEhMTkExdkd6LW8zekw4YmhsMGp1UEhtWFQzNWxrdHQ0NXdiaGlqTmI0SWpxTWZFSTVZejM2VXVSc0dBWW4yVUZIQnpxVTFZSWlfeGNxSWIwcjZvWQ?oc=5
MFC.TO,2026-05-26,Manulife Financial Corporation to Issue S$500 million 2.880% Subordinated Notes Due 2036,Yahoo Finance,https://news.google.com/rss/articles/CBMiqAFBVV95cUxNd0NhS25LRGQzOGtSU0Vua0FuVVlYTnlna09NMVNXSWFYeFFDUUlJRGVkR2hYaTQzNGVESUt1eS1pNmVCclNfQWRqSm1iU2RPUjFjUVp6MUV4Q0wyMmdYd3ZFRUh0Ukg2ZUpOcWRDYWRNbnJqeFpyQzhqVnIyNXJ1WHFJYjNFTThtYTFtQUJSZWVjQkhwTjg0R25XR3FacUp5WEFHb1MxaUk?oc=5
MFC.TO,2026-05-26,Mental fatigue and burnout drive productivity losses equivalent to 46 working days per employee every year: Manulife Canada report,Yahoo! Finance Canada,https://news.google.com/rss/articles/CBMilAFBVV95cUxQLVFoMlJNVEl3eTI1dndGa1p1MzBWcE5YcXkwSmlUYWlwems4bHlTSE54M25fbTRFeUpTakhRRlY2T21nX0VZMnFvSjNUdnRuRVY3UVl5cHZmeUg1dkx1V1ZscTF3MlEyRGwxVGN5cnM5aFRVbUF3UTNqRlRPeTNfd0hJMUNySG1pTzlocml1UEdZZGJk?oc=5
MFC.TO,2026-05-27,Manulife: The Market Punished The Wrong Q1 (NYSE:MFC),Seeking Alpha,https://news.google.com/rss/articles/CBMiigFBVV95cUxQdW1kZnZ2QkJSY0FtWlZOdlA5QXhMVHA5Y05mTE9BQ1l0U3NjQUxFdzJ3a3VkWXNZVVp4el9ORk5adEgwem41Tm9DUUs4UGc2NkRwVVBqaXRLY2d3V0p3ckgxbDZVR2VVR25aQlRzNTVIbHZtc3pUQ3A4ZmwzU2I2dkF6c0FmWEx6UUE?oc=5
MFC.TO,2026-05-27,India seeks deeper Canada investment ties as CEPA talks gather pace,Business Standard,https://news.google.com/rss/articles/CBMi0AFBVV95cUxNWk1wckRtTlViekNJRWQ2WG1ub25UWTVoTndKanRXWnZLZk5YRm5wTE43QWk3dnNrRThjUi0xUlF1Tkc4bGFZUE9MZWtIelY0NHBtNFo2UUhtTW1jR0lzdjU5NUxLUDZtQWxITlMtMEpTc1hZLVhhZENmX3VTcDdZdGhyeGM0YmR5bHdSa2JtTWpiV3VteDhxcGxPYTVGazY4RTFxN3VOc3cwOXNLQXdNeDdfRXZ3ZUZlZTUyNk1GRkxmMWhIMjI0TXFKc2pFczlz0gHWAUFVX3lxTE00NG9yRWd5WGo3Z2QtUHY5bnhKNHdYaXVpYXMyTTFfYjdpMGQ3Y0VDZzJ1RnRVM09NeUVodkpHbUEyVW41STA5Vl9CanVhSDY3aTN0RlJJSnBwbG8wTEpoRjF2Z1VxRGJFZllvTjZsREpoS0Vld2ZMaDFINzRGdXR4a29pdG0tSktLLVZvdXI0YXJlcUE0VHF0YkdOWHNINjFvTm95X3IyZEhVSno1YnJsWWE2OU9UZkpSSTQtNGZ0dlVPeDRJV3R6NkUzd3hVU0JaVE5DREE?oc=5
MFC.TO,2026-05-27,Manulife Investments Launches New Mutual Funds from Existing Manulife All-in-One ETFs,PR Newswire Canada,https://news.google.com/rss/articles/CBMi1AFBVV95cUxQSDZSaEZsTTAteTV5OEM3VHhpYnp5d0c0YzMycUt6RjJxVERQdnREa1Q2V0lpc0N2SENRczVZRzFBLTcta1l0ckVHaklOcjBURUZ3a2w4dlJsY0RkTzRWVGVSOHVTYmtwQWRVeS1JeXZrQ0RzeDllTnRkc2I0VXdIaWhZN3VfaVFkVnBRTml3eEZ6NEoxMjJoeW5ITGpoODN1d191aENjNEdVanI1d3VuakdfNXl1N245dFFZdU1lNG82bWNIVGNjSEIyekRtdWhuXzBrMw?oc=5
MFC.TO,2026-05-28,Manulife Financial (MFC) Edges Lower Amid Consolidation Near Key Levels - MFI Divergence,dars.gov.et,https://news.google.com/rss/articles/CBMisgFBVV95cUxPUlBBSnVBVUJaaDE3OFN5cEFYM0h4LW43STRMRWc2TXl4TXQzbjR5ZlhLU1NrWW95dmtBS2Q1RFlYUVJXeDRKQ1BBVHZNb2F3cWo5Q0paVEhMYWdYZ1JXNnJCRjl3N3AtQ3JsMjVxNVJVX1BxcWpRY283QUlVaTNnYVNFNnNwN2FuQ0FTZUVnYWxTNXNXNGl2SjF6bUhYdXRnVHdiOTFKSm1KYy1UU0pCVTN3?oc=5
MFC.TO,2026-05-28,"Greg Newman's Past Picks: Brookfield Corp, Manulife Financial & Citigroup",BNN Bloomberg,https://news.google.com/rss/articles/CBMizAFBVV95cUxOajI5YmxyUlB2Yno1TW1UWW1RU2xGYmRYRVgwczlEb2tDTi1WUFFfWGtNUjEtX05KeTJEMTlaRG9UUVJGRFV0UmxRLU9UTm5kYWF0MW4zazdkNERmWHJ4di1maVY3YnNndTdxQ0JaV09FV256ektjTzdscWZzV0tXbV9NLU9Od1g5SjhGV1VQWFNWWDdaTDRpb2laZmN0Y3VuZ3JYV05XZXJ1Qm1TWTRuaHNYX3ZGeEtTaFBLSUc5S3B0dFU5dGdiNENORGo?oc=5
MFC.TO,2026-05-28,"Greg Newman’s Top Picks for May 28, 2026",BNN Bloomberg,https://news.google.com/rss/articles/CBMijwFBVV95cUxOQzFDWENsUldTaE1DN1kzaWlTQThKTEFibS1jazhIZWI4WWRDTF9rSjBlSGZsVjdaSTdDclBUZ2E2OUt4bWJMTzBqVV9oeXhISExjb1JfTnB0LUpVcG95OC1tUFN2Rjd5U2RWaWNSM2w0V05kOTIyaktxd2JtMTdtQzA4NG9pTGxCR1llb19Ycw?oc=5
MFC.TO,2026-05-30,Mahindra and Manulife incorporate JV - Mahindra Manulife Insurance,Business Standard,https://news.google.com/rss/articles/CBMi3wFBVV95cUxPemltd3VJNWtWOTdsNFZoUEN2QW8tOWZjWmgxV2VWb1BqRU44RFFMTmRKaUs0WHNiRXBOeElOWXNQOHVORHJmTFBJS1ZrMUhpMmtqdUFnTVgxTEJ5RnFnRzYzOXM1QkJReHdnWXZTXzQ0Q2FjNXB5eTF1Q09icm1TSS1rNzY0M1FDdlJxOUVmakR4NGdOc1YxWGlwSjNSYXhsREVOQUJKZjFrYjh3RGNFaUY5NnpmTUJyOFA1WTBkLUl1VExlZzVzdGI1TV8tb0FTZ254RE8zQmRudmpkbFVZ0gHkAUFVX3lxTFBqRmZMYmdlRG1SUEFBUkZvRmpoWUxUWUdlOHJ3X3E4c0FDa04xNUtvYzRjaWJJbTh0RVZZVGpUZ2hRNVF2MUNxYjctakVBYlVnMDlhTjJ0LTlCdURnTVJHYUhIeDYxZ21LOEhNU3c4QlRjbklnMnJsbVA3OEEyTHVEZXJZaDltWG02N2IxYzhMTUFuaGhwNWkwbXh1UUF6eTJSNUF2dzNwVmhaUGUwUF80MjQwY2t2Ml9hUzUxcjljSUtTRWY3NDVZT1ZKWUtOblBDYlZRTmZBVjl2OEYtZ3BKOERzVw?oc=5
MFC.TO,2026-06-01,Mahindra and Manulife insurance JV gets Corporate Affairs Ministry's nod,Business Standard,https://news.google.com/rss/articles/CBMi2AFBVV95cUxPLTZCMjJBQ2dPcm1KM01SMjVWVnpIdDFjMjB1MUpJQktocTQ3NlQya0lsWjBhcGktMTVhLTVpbUZRXzJCZ0tLSFEyb2hFOUNsMWpKTE9tOEVRckdVS2lyRmZ5V1BhdTR4S1lydnBkbjUyTkFMaUlwRmNiNF9hUUJBLTB2WkZlejZ0THdPN0pNWGhJTVFxTTJCempEbkJxWmJmc3BNaTFHYTVqTEpoNVMyY0NRV1BxSkZxeF9CRG1mOEMzd25ZZDRfSklVTUhyYk9BTkd4WGxLVXbSAd4BQVVfeXFMT0xlSDRHb0R2UEVGcDE0N3FlcWw4dUJsZmxYUzI1RGFHWU9taGU2Z1ZtRTF0YnlYTURTY2hhYk9tclNjUHlLYXhGVW5FOWxIRi1KNEwwU3kyYTBRLUQ2QVpqWVlIMGIxN2dSTFYydHl4Q282eFZPSy1Ed2F4UmdZQ1BSQ2dqamIxaGtIUGg1eHlDVkFqcjZMYjZsTFBoc056MHR4Umlka1VWS3BRSVVYWkxmam4xR0c5NkFURUg0YlJ0TVAxOXVMTVBuNEhkaXdfZkZOeTBlYlg2NzliN2NB?oc=5
MFC.TO,2026-06-02,Manulife Hong Kong and Alibaba Cloud Sign Strategic Partnership to Accelerate and Scale AI Innovation,Yahoo Finance,https://news.google.com/rss/articles/CBMiowFBVV95cUxNY21nTXctWGE0TXIyTkhRQ0U5aEVzeEtpczdscmtJNGtrTFVFOFR1RXdXRVBHWXpmLXk2X2w1V0o1TnhNcHRaX3RrOTk1LVJlTGZBal9WUXZ0b3VSUmw1M0FjVExyYXY1d3RVbUNmTnA4cXhrbW1lbEU1YlpCSVBJQ1A2dDJKUC1jMmlDUDE4MU4zQ3VfLWpvSTJ1TUR4M0RTek84?oc=5
MFC.TO,2026-06-02,Manulife Wealth & Asset Management Expands Exclusive Health and Wellness Offers to Retirement Plan Members and Wealth Clients in Canada,PR Newswire Canada,https://news.google.com/rss/articles/CBMimgJBVV95cUxOSmx3ckMxU3VxMWphY3B3QWxyVkJCTWwwaVdYVk9PTnVnN1B6d3RNNHN0ZDRvc1N6a25wX2NLbFh4VXM4V1dtTGVMakJ5aVdPeHFHaGVCZjdDdzMtMUNBYUctWEUwNjIzdHhWajNEMkZfZmRfc2pNa3RFbF9LZ1hFM0l0VHR5LW1STlBObnh3TUp1ZlV1dUJuTGpKa001Y0hfODM5SldwclduOUFBVE1MVVBRa1BHYks1ZW91YjA4YXE3ejFWQWNpRWZDelFMMVRqNk5qNnA1b3RMbkVpTU16Q3ZTN3JJdEtObnRDbG5XYXV6U21wT3V1aW5SZ2pweW9fY2Q4TWhkTHcwMXA4ZTNRQkVXZ2gzOFhVM3c?oc=5
MFC.TO,2026-06-04,MFC Expands AI-Powered Insurance Capabilities With Alibaba Cloud Deal,Yahoo Finance,https://news.google.com/rss/articles/CBMiowFBVV95cUxQTXFZVnVxd0Q0aG9sTUxvdXVMc1BvRUhVMmJ0SndWWnRtdmRUSHo4R19wVDVmRXhLZUhEclZoTlFZRTVVTVZickR4bG9OUGxaa09xVnZ5c1JJV0VlV19Sd0RzejZzOGRRbWRya1RsZnBKYi1EaW9wb0NzMHJSSGVxYjQ4WDVQdnRpS094akhGRmg0czUxRUFSMnBaeG5FWkx3NDBR?oc=5
MFC.TO,2026-06-05,Manulife Investments Announces Estimated Reinvested Capital Gains Distributions for ETF Series of Manulife Corporate Class Funds,Yahoo Finance,https://news.google.com/rss/articles/CBMitwFBVV95cUxOWTRRRmx3Nlp5NGEzazRXbVlCcjRWQzM2bFhjN29xdzg2Z0piZDQ0a3ZENHNyZ1doQzJqYzdJS2xkVTB2Mk4tcDVfNlVjaklhN0JiNHZQdnpyeURfRmJyTmxyQ0hudGhUQ0ZZRjRWRlBvTmhpS2NQMF9TaUNwcF9NN0tDb2xmOXdnZk8xZDI0bHgxdGxGcXhjR2NNSC1iUTFnTHhGNDJPY3RJc3hyMGxWNmtHckVxWjQ?oc=5
MFC.TO,2026-06-05,"Manulife Financial Corporation announces results of Conversion Privileges of Class 1 Preferred Shares, Series 3 and Series 4",Yahoo Finance,https://news.google.com/rss/articles/CBMiswFBVV95cUxPTGI5dkx4U0lDaE5ScUJxcVZaaUlzdmdnWjh0MWpkd3ZSeEE3aUxQeEU5anJacEJ5dnVBcUowREhUM2RqUmZuTFhIZWpORG5Oa1FBdHd2NldvamRTUE9PaVRNS09uVUE4M2JnSjREazF1UkpjRjduZTZvUkttQ0xGSFJTOFhQeFo2QTRJMmJKRFI2ZE1CbU9XMlRwRWdSc2FsMUlaa0J0SFhUUzZMWE91NURfcw?oc=5
MFC.TO,2026-06-05,Is S&P/TSX Composite Index Driving Canada’s Value Stock Focus?,Kalkine Media,https://news.google.com/rss/articles/CBMioAFBVV95cUxOamg1UDFzWXpIYjFHQk94UjdXMGJBbVV0VThITEhIQ0FGSnZkazBCUlJVQzBWcVV5RURXZ1J1V0VUUEowVVEyaElsWDl0aTVlM1pGanhDSlRVRHA3Qkg2YXJ1SjR2c1paaHliSEtib09SQl9QTjVxTVk3cDE1R3FGM0xweVQzclJzX3BicGJIbVhRR2NQem1WQnNCSzVETllG?oc=5
MFC.TO,2026-06-08,Stock Picks From Seeking Alpha's May 2026 New Analysts,Seeking Alpha,https://news.google.com/rss/articles/CBMimgFBVV95cUxPLXVvVjBUREFqTEpCaTF0MFFwSy1Gajh3aWtVMEhFendUelNVdllJOVpsWjEzRDVlZWxCTE9VYXNYaEkxRG9MTFlIV00yUjRtaGpFbTdqMGVaZTZ2OHo4OWtfZnVsZV9zdl9rVWE0WVVoR2ZNQnNTNTdUSnF0OVRzTWZ0VUJ6ejJBcGxpVlZiMk9IYjR3Ti1FX293?oc=5
MFC.TO,2026-06-09,Tech roundup: Manulife adds three new AI wealth tools,Investment Executive,https://news.google.com/rss/articles/CBMipgFBVV95cUxNcFlNWEhJX2lzcEFXUzFIZVpmT21JQWdBOFlpdU83Mk5UUDdVc3dERWI5ZDlOel9CMUdUM0lzcnJLb21MQmkzdjlRZkxDampYb1JwUlUyZnktUjhVMC1lLTFpUWxWbjJpWjg0VlJwcnVWeE5fZmRsRXRCeWRYanBBbjJMZnZwa3VhWXN3czRBb3BsTExYX1NOOGk3RXdyWHZsXzYzVnpR?oc=5
MFC.TO,2026-06-11,Wall Street Strategist: Stock Market Just Became a “Buyer’s Dream” After Recent Pull-Back,24/7 Wall St.,https://news.google.com/rss/articles/CBMiyAFBVV95cUxPeWVvUFBZSklqanZSTlpWdDI2YVMyQlQ3cFh1Mm5Rd1ZfOVloaFlsdjczeWxXZ0d0aFNHbnE2dkdVZE5mUHp1UE81VW5kMVp4VzV6ZnNvbDIwaHpXMl9ESVlJektrdi1IcXlsSktMYm1MR2RESVlJSHZwMTBFUUZRV0wwZEhlel8tUWxBN1R1Qk9yWlRIVm1ReUsyc01HR3pHdEo2R3dKMVVXMjdVRDNILU5vdHU1SVZnN0tiVmpCb2t5WEpzUkRKbA?oc=5
MFC.TO,2026-06-12,Why Is Manulife (MFC) Up 6% Since Last Earnings Report?,easternprogress.com,https://news.google.com/rss/articles/CBMizgFBVV95cUxNZlI0c3NVVlFkQzU4RFNrVnp2ZVVvc2g5aUYxOFktbDFMd3VUaW8wdkJYUG14UXZ2Qkwyamc3aFR3aThYNjlYUGRuVVpjV0dCMTRGVzdfLS1MUjRrRjg3MkZUMDJzUVF4d1pSa1h4MGZXTkZ2SGMzeV90TEZ5T0hONnRhM0JDSTl4X2lsakMtbUpqTDhYWVNsUUt2UkowQi1ISS1Xc2hObldyTGRHZUMyQ2x2NEVNaXhxdWdjZFllaVJiUXdWdHgzTHdOYVM1Zw?oc=5
MFC.TO,2026-06-15,Manulife Hong Kong Named Core Participating Insurer in Insurance Authority's AI Cohort Programme,Plataforma Media,https://news.google.com/rss/articles/CBMi2gFBVV95cUxPMEc4T3J2QkZBUEFFcWRvX1VpT0dQRHRwclpXbEl5S2ZSbjRkaVRyUG1DMGZ3bzZYVUpjeUYzRmJmcTlPV19fczZDeThKNUJpNHVuVEliOWRiZTZVTkNOUVE1eXZKS3d6Z0gtV1Z2ZDBtYjBSaFNJQUFDcjNoRVVtcnVCUnRPcEUxZG0wR1BlbWhFYUxUR2U1bm4wT0YzNzZGaklkSnZWQWxXcFNRQktFc3YwNU8tRkZzSGRkbkloNjNad3QzSnYyS0JSVnlubEdmUEVVNEh0QkhuZw?oc=5
MFC.TO,2026-06-16,3 Canadian Dividend Stocks Quietly Raising Payouts,The Motley Fool Canada,https://news.google.com/rss/articles/CBMiigFBVV95cUxObHJmSEhrYW1qSkFTbFNzLXd2R3NJelk0Uk5YM0hSVEw4elh0bHl1bDVIM2JBMk1tZEZlQ1BNR2dRY2JMWkUxM2lHbWdOTGxZSmNEWV9CXzBoSlVsOW9zMlJyX1ZUSENfZk5MY2FpMmFrQkwxWW1iekpXZDNXZjJldzEwbTZWVnpIc0E?oc=5
MFC.TO,2026-06-16,Manulife Pulls Loan Product for Rich HK Clients After Scrutiny,Bloomberg.com,https://news.google.com/rss/articles/CBMisgFBVV95cUxQWDBnaWpRaUFrUUU1N1JWZjByeXhHZXUtbWlUSlVRNkFrNEwtVzByUGxWa1pnenRyVV9aT1N2NThvcDBBZTE0TkQ0OWY0UkFGVUdIYjdYeVVJaUVwX3VKVllXQ0VERm9IS1R3Qm5iNV92T3p3bWwwV3NJcFJHSjJMb2Fvc19NY3VOWFZpRWZFbXZjOWM1TzlhZzYzdGd3a1RXV25OcDFFLWlIcDZUUkUzSlpn?oc=5
MFC.TO,2026-06-16,"AIA, Prudential Chase Asia's Wealth Insurance Boom",TradingView,https://news.google.com/rss/articles/CBMirgFBVV95cUxNM0ppRHJoSVhSbU41cWI4Nmw2eTVMQUJESXRibGZvaUg4VWJCLTc1Q3lUaG13NUhCMFdMY3A0bXdpR1V1OXJWd0ROSDlzSlhSM2ZQMnpDOTgtY1pBLWRVMjZDMjkwdjI0T1FjRXZHOFZvbnRWOU40U0MzMHpPWTZGNFl6eXBMWm4zZlhkTGpBTnlpSDV2bWFMQUpWT1UyY0hLSTJIcEphOTB3UzlRYWc?oc=5
MFC.TO,2026-06-16,Manulife Named #1 Life Insurer for AI Maturity for Second Consecutive Year by Evident,PR Newswire,https://news.google.com/rss/articles/CBMi1wFBVV95cUxNZ3Rfb05CcVM0NkQ4QngxOVFCSjBENmxfLVJaLWpCWU5sSkxPV3BUVUNrZkZmMUpubno0VHBrUG4tTUV6WU9oSmFoOC1WalFXREtuaFNOdFdLVUw0WlMwNExSdG5NQTFPTWNWX2VDUGZ6Y2h5UjJ0c280WE9vTXVBUDlFSjJyRFNGV3JBSHp6Vi1YX29NSGFBRnp1YmR3QkkyckhDOWc4dFBCTV9jckU2Q3V1RHB4QlVQWWRRV3ltdEU2ZTVWeW1lOER0TFBSX2J3b0RlTGlVYw?oc=5
MFC.TO,2026-06-16,Why Is the S&P/TSX 60 Watching Manulife’s Expanding Global Reach?,Kalkine Media,https://news.google.com/rss/articles/CBMipAFBVV95cUxOcGZQOTJTQV9lZUt2eDFtNUZqWFo4emMzb2ZfNG1JelN1WTFoWXJBaXNicDVFd215UHRYOGxzdGxPemEyblI0TG5lc0ZvTUNEZk1TcVp1WDVHeW91NllwN19lX3NycnNZMGhIVTFWZWJ2MkFBSWdnSmFSMlpnR3o4ZjV1M2hpRHNETG5hcF81aWVBNGxHN1d3ZW9rX3JtbGFQMHc4Tw?oc=5
MFC.TO,2026-06-18,Manulife Financial Corporation announces interest rate reset on Limited Recourse Capital Notes Series 1,TradingView,https://news.google.com/rss/articles/CBMi9wFBVV95cUxOQV9oSzVtMlNpcFRHLVZLY3RHN3V3TXY3SzJ0aW5KS3pEZ3NKWldVRFNNU0tZTUVrTnl0aDA3bUZqZnBVc0RiMnNwaVZ4bXpKT2FwQVZaVEZaN2N0NVg3dFBvY24yUGw3czJiRUozSmJab2hOQkpFRDRiY3E5c0g2c2FGWmh5bkVlN2ZLS0hOeGVveHhlVFYxV2wwejVtc244ZmhzNU9BeU83Y1JUUWlzVWVYc0FPZERwT1BIeXBCSUI1em01V2ZlaWU4UjlDNS1XNVZiZWZETy1zeWllbGlTNVA3RGhuWmppcFNhbVZVRVE1Rl9qeXRF?oc=5
MFC.TO,2026-06-19,Manulife Faces Scrutiny in Hong Kong — What MFC Investors Need to Know Now,kalkine.ca,https://news.google.com/rss/articles/CBMiqgFBVV95cUxPMWViUkNoendaOHp0WC1BVUtoMGNmUmJ1UjR5bmhjSkpQdjk1NGF2UWc4UWd4aThKRWQtalpsQm5nVG1NaG45MXdUTDItOGpFYTJfMnVGbld0d2pRS2xHcll1Sm9scnRaclJkWUZIejlXOFJYSWNHRlV4RlNxQmVDaHljNFlHVkcyeEFUQ2NTVVRCei1kY2pPSkhoMGt2b3NtUTJRQTJmYnY0Zw?oc=5
MFC.TO,2026-06-22,Manulife Investments Announces Final Reinvested Capital Gains Distributions for ETF Series of Manulife Corporate Class Funds,Yahoo! Finance Canada,https://news.google.com/rss/articles/CBMinAFBVV95cUxPMHhsVFBoZ0hlTFdRdDY5cmpib09ZdDI4dF9aVWlSOHNJS1pjME9td2RzVnVEMFk4Tm1jRUVuWjF5a0JxQ3I2bXFDZFd5b21tVE9Xclk0RE1IN01UN0xrWWhmaVlsNmZ0d0xXZ01lN1V5Vi1BZV8yR1p2ekZpaXdvMWgyUEw4RW9LMXQzT2RxNXBYS2cycHBjZWctZTY?oc=5
MFC.TO,2026-06-23,Manulife Financial (TSX:MFC) Shapes Canada Financial Sector View,Kalkine Media,https://news.google.com/rss/articles/CBMiqgFBVV95cUxNU1llS2FsZmVuN0xzaFBOZmJkNFU1TEROaTBJR1BFODZPTGU1ZDBKX3M4d0ZKaGtOdW9NWlYzNzcyaGdsVklYZTFzMUFFM1RUVnJFUG1qQkRUZFU4bEhsM05lRzhmMFA2TFlmbnpGLTgxcFZDUkhkREpmM2hYYWdmREZBODlCOENVcGl3M0sxTExJMXlZSXp2cnB4NlF4YXROcWRaSDFScGhVQQ?oc=5
MFC.TO,2026-06-23,Manulife Financial (TSX:MFC) Stock Draws Fresh Price Target Split After Analyst Fine Tuning,Yahoo Finance,https://news.google.com/rss/articles/CBMingFBVV95cUxPc2dCQlNwVDBQTFVKRUlFMEwtVGJDQUI3U3BBN0haZjZNcGhaRks2TEtKUjgzaDNrZ3d0LUJaUkpnUzNDWWNOMEtZWWlCclFQZGhHLUtIRUdvbldOeEl4alJQSE9DcVhUeHR1STl5d2RMd3V4VkhPcGYzZ1R1N1BTZ212LWRRakRWR2paMG5rNTZfaWU2VDB3WjA3NUp4Zw?oc=5
MFC.TO,2026-06-23,Manulife Investments Announces June 2026 Cash Distributions for Manulife Exchange Traded Funds and ETF Series of Manulife Funds,PR Newswire Canada,https://news.google.com/rss/articles/CBMijAJBVV95cUxNaGo0eTlDWi00ZFBwNlFWRzFLd0N3RWcxYUFYWnVIcHpRZWxvSkZnbzBTREI0VkxIeUtTbnVZSjhlTTZoSXlqMDNhYVA4Y3pNTVVWU0cyOVVVTHFyYWZLLWVFckpySnBsUUJ0eWNHb2RCa3RZOXhYd3RTNGg1Y2RXYUxkY1hkZjA3MUFLZDRiaE9hUmdteENlSVU4SkRBMTNWUDVGZ084cVlFQk5md0FxdnN0MGtmelp0M3BHSkN0ZXA2TkswM0dqTmRTQjVfTFphaXp3TWNBcUF6bHUtdFNIN2oycVY4WDJ3eXlqOXlwRThJYXJYczJmUFNWRkhVR0NyVV9XU01XZDU4VkRh?oc=5
MFC.TO,2026-06-29,Why Manulife Financial (TSX) Capital Update Is Drawing Attention Today,Kalkine Media,https://news.google.com/rss/articles/CBMiswFBVV95cUxNRW05QWl3QkVkcVQtUTZLRlY3MDB0MmctQXRCYmtUY2stT3RYTFpSRXFKQ1RPV19ObjNWZ2dsWE1SVUdObTgzOVZWLUZKYTVwMDBtTVNpS0I5b0NpTk1tZHZHNXFreVhhQlg0UkhsdGlLcVlBU1dIWldXbUVPRzgtbi1SMUJSVjVoMGVuZllXbklwQlBaZzdQUWsxUm5jS2lHcW9qVjZkR1p1OThzUDZrTG5QMA?oc=5
MFC.TO,2026-07-02,AIA Group Stock Climbs 1.9% in Hong Kong,moomoo.com,https://news.google.com/rss/articles/CBMiiAFBVV95cUxQaFpsR1hSaGwxSV9hcGptZE1UbG96ZmstRUhHTkJKNWNkekFCVUZ5Q3BkVlFCQU14LU5tbFFmUWplSVozbzFYeWZoY1ZtR09iQkliSW1ONEZmZ2RCWHp4T2xNeFc0TG94UFpvM01vUVNBMnZXRlZ2cHkwa0h0dnhIaG1lLTZpMGpF?oc=5
MFC.TO,2026-07-02,Manulife Financial (TSX:MFC) Expands Retirement Planning Vision,Kalkine Media,https://news.google.com/rss/articles/CBMirAFBVV95cUxPV1ZsTnZyQnJpbkJaeHR6dXg0RjA5YUJiU3gwSU9ucU1jSVgzS25ZRkJvYzE4WFVJdHRFdTlIckVRYUszTGk2TkE3dXRjeWVuMFBkU1lBYS1wMzRGYVExZmxVN2JNaXJHODlLRjdSb0VjREE1Tktxdk9BMldid21kVmFFU29Fd04tLXFQNVNlR2tqdGlrT0VIQzlCZXBWM0t2T3hBcE5WYXZPR2Ew?oc=5
MFC.TO,2026-07-06,Morgan Stanley Adjusts Price Target on Manulife Financial to CA$58 From CA$52,moomoo.com,https://news.google.com/rss/articles/CBMiqAFBVV95cUxPbHY4UWVsYUZsQ2s0cUhrX240X0FvUnRwQ2p5ZUVpUjdNVlZBZWR5ajN1dGJ5U3JHb2g2cDExQ1ZlMWNwUWhNenhQRnVMd0VHOHljR2N5dHRWTjE5TXBHMk81RFVtY1ZmOHhOMzNJajBHdmZlektkcWs2RjFhSnlRblI5SXo3aXRhWVdNV0N2ZWJQNWZVWUtWNU5KZ3Y5S05wMlkxdzJkYTM?oc=5
MFC.TO,2026-07-06,"Air Canada, Great-West, Manulife at 52-Week Highs on News",Baystreet.ca,https://news.google.com/rss/articles/CBMipgFBVV95cUxQYVlqaGVHVkRRay16eFRxRjJlM0tLU3Z0c0JNQVRuYWplSWNGZFg4UE9LQ2hhX2Uxd3N3emxoSEZQVTZGVGktaEVjN0VEUmJtRVpFX2dnZWl1QkhwOHY1THhNNE5ySkNWNkpvTUROV0hYVThsaFc3WWU5WlpkN0Jjd0Rxd2NxYnRWUmo5eWRneFJ4dTVvdkpHV1hIN1Y5SHlOUmFGY2h30gF-QVVfeXFMT0g2R2R3czM1ZG82Nk5iLVRJdkJGcU8tdm9iTHlDcXZjZ2w4dlc3V2VFMWhYUVJKNnhPb2lDNGd4S1JrVjVJWEoxLVo2S3l6VHNDbl9uX0ROb3N2UndvMGllc0ZyMUVwcFRfNkpia080WUN2SUZVYjJsbEhRdm93?oc=5
MFC.TO,2026-07-06,"Manulife Financial Corporation Stock 12‑Month Price Target Raised to $40.04, Implies 3% Downside",TradingView,https://news.google.com/rss/articles/CBMi6wFBVV95cUxNbXRDMUNHTFZuTGpuMzFLS0EzcEJ6Vm9TZm1QelZXMzNWOU4zaEp0azFzRG1aRHoyRFc0UUhabWwwTENfTkxtLU5OcHJaeWcxdmRPNkc4RDlXZkl2RmNuZjFKeEphOHpvY1REVGQ5S2lSUVJrc2dRSEdyWGNFbkdGUTdKdVN0d1dWa3VxVzZ2anNKNW5GQ2RkbFVoVk5fclItVG9GNm9jWVMyVEJ3LUZJR1A5VTZHRzBXTlZZMTZEbENYeTIzblh3QldqM2NiMnI5S1JITFREYTBaMnc4bEJqb3R3UTlBX19PRDhz?oc=5
MFC.TO,2026-07-06,Manulife Financial (TSX:MFC) Advances Asia Strategy With AI Transformation,Kalkine Media,https://news.google.com/rss/articles/CBMitwFBVV95cUxOcU9vNUljSEJjZTZQUk1ZS0JfV2xmRE5MSWNfaUNzanNKNjVMOGtlLWg1X3NsVWpPTTBuOTcwUzhVcl9PM2pEaDJwY0RnMlc1bHFucE9sOFRzWGdWZk5ZSEExN2pOeG1FS3A5M0FYSHhKdHNKT0k2elJkTmFNNU1vcXdKTzgyUUJ6dHBqc0R4YjN5Vm9yRHQxSUJDM3c4bmV4WFVPS2VMY3dZT041UnRUekRfNlYwM28?oc=5
MFC.TO,2026-07-06,Manulife Financial: Insurance and Wealth Stock Draws Fresh Market Attention,kalkine.ca,https://news.google.com/rss/articles/CBMisAFBVV95cUxPY3VPcko2TjloeWg5RmhTYi1IeVhNYUM5b1hzSVZwenQ5SEw5TnVKbFpNZURlMTZnUjVLSTVycFVfOWl5Qll6UjNGdFlSeGl6a0lPTXY1aDdqYVN1RmE1Q1AyTUpmNWFYQmF2NGNTQUZ1UGcxOUZjYnIzR1ktV01fbm4tMjI4blh0VTdDTExLSUFPVmdJVEZabDR3eDQtRzhJd3d0Znd4LURQNnVWamREUg?oc=5
MFC.TO,2026-07-07,Manulife Financial Adds Strength To Retirement Planning Portfolios,Kalkine Media,https://news.google.com/rss/articles/CBMitAFBVV95cUxPMWlWNkl5UjdDckJlZEplOWFpMTFoOWRPYmM1eXBTVnZaMmtJMHVtbFJ4N19mQW1fSUFHN0VVUHRFeU0wdkRDUEluWWx0NWcwV1RYcE9pb0VnQzR4OGhuYnpBeFplSVBxOXBvdEd4UFRaZHJSSDlRNkxDNXBiOWJud3dNZ2FKUUtLRUh2R285eDhLMG9VN09vZkRRT0h3S0huNWxaUmhLV3lNbVFUbWhWbFdpa1U?oc=5
MFC.TO,2026-07-07,"Barclays Maintains Manulife Financial(MFC.US) With Hold Rating, Raises Target Price to $56",moomoo.com,https://news.google.com/rss/articles/CBMitwFBVV95cUxNY3Zja0dIQjg5WDJFbVYzdmFmU0hYcUljSU9uMjZ6eUx0WlRkY094T3g3dVlReWhoQkxZdU45XzNVVzlBZVphYmotSkRJbW02ZW10bk9hcjRCQmYxbnVvNmxUT2xrX3RJdlpiQi1MdmRnQktJbHZ1X1hMeXRZYjkyMGt1bHV6WjFid1JsempfQWt6MmhyeGdROXFaZlY0U2pVdXBObmgwWlo5cnFGTUs5YjJPTXY3N2c?oc=5
MFC.TO,2026-07-07,"3 Dividend Stocks to Reach That $109,000 TFSA Milestone",moomoo.com,https://news.google.com/rss/articles/CBMimwFBVV95cUxObTZjc2UzNHdSTFpGRHptaFBhYXdNRmNheUJ4cDRBSjVqdXhVWEMtdDktdlcwQ29OR3ViWmxvT293SW5UTGV2Z2xVZkU2bGFra3hJbUdIZnFJSlNqcVJHbkNvTzk3UzFvZ3U0MGFzX2JKQnBiWThFbm9RUzMyaHI5d0psZWpNbEVoak9jenVGazBhbXBuRnJ6NVIzOA?oc=5
MFC.TO,2026-07-07,AIA Group Stock Slides 1.9% in Hong Kong,moomoo.com,https://news.google.com/rss/articles/CBMiiAFBVV95cUxQbjRBYm0zWmdkMnlzRklIc0R2NEdvZVBXVVUwaVU2VDEteXktVEEzbHhDQ0x5TGdndVVHbGxoSVhTV1Q1WmcxbGdnVHpWTUZfQXE3ejRmd3RFMC1oLXZkMUc2cmN1XzFUWHF2emhVakZWVkNjRnBlMGcyTXJLSjNCNzh5OWlub3R1?oc=5
MFC.TO,2026-07-09,Meet the 3.2% Yielding Dividend Stock That Could Climb in 2026,The Motley Fool Canada,https://news.google.com/rss/articles/CBMimAFBVV95cUxONXVqb01tcGtORHBZV3pMTncxTi1jTi04emI2SHd6ejlwcjBvSWlZSl9tdV92Z0NpU3Bab0paSkRaR3Uxb3FJSGVfMll6SFloQ0k5Q0VYWWNUZ3lDWmloV3lLTGs5MHpMN2doMkhrT1VFMEpnUXFYOFFJZ2tFMG1jQTVhcEMzOXRQX1AyR2lYVWtTazlxM2J6bQ?oc=5
MFC.TO,2026-07-10,"IT services stocks offer value despite AI concerns, says Mahindra Manulife Investment",CNBC TV18,https://news.google.com/rss/articles/CBMi_AFBVV95cUxNcFVVTUN6emdyZXZMalMtTU1TXzgweTIwYlBzdVB6WnZ4MnJZbWpaMF9WSFA0NG9oUmRxX3FGX3pzbVhlTW40MmpkS042VUZGU1hLakg1U1Y2ZmU0ZUxOTmFYa2ozWVdXNVZHanNxYnhGVDR3Tk43TVBzemFSa0tneUtGY2xrNDZNUUx3Vmhhb2tGcWgzNFFsMHV6bFhzazNxdWVNUmRkaWhRVUYyVG5LaHZyYnJKQ0Z0dm1sQndzam9TbE9tcGs3LWxTdGZGTEFrOFpLS2JjRVkwR0Z1Z0RPUndTbEJGMkx1WDRkSEtkdE1HQTVlWk1xY2xKeFfSAYICQVVfeXFMUHRLMG1YbWhOSHYzYUxZYnkzSE5YZ0Y1ejU5b1laNERkUTJ2NVljVWlJNUZ4eFlsZE9LT1QtYWg2d3F0bW9aWlRVeVBQQ3pXOG5mWjJnY3VuNlNxYTdaUGVWYXJlT20wT2hGbTFDMzlSSVl6dTVyQnFzTElsSUp6aUZ6cmpFamViVTRBWHpyazY0X2NJc3VIQ2tUbTdYQUF3TEFMcmQyam5uNzRDcmpiNERTOWtQOXhsNnU3V29PMm0xOElaMlVKTk1kY2U4b3I3Ylo3SWg3X3RQcDE5c0plM2ZwVFdaQVJ0RnlnYnZvOVhlQ1FGR2N1al9jNW9yRWZBUEZB?oc=5
MFC.TO,2026-07-10,"Manulife Has a Diversified Footprint in Canada, the US, and Asia",Morningstar,https://news.google.com/rss/articles/CBMitAFBVV95cUxPWnFkU2Q4aXhadXZWam54aEY0RDBWQVlHV0lSWlpGQ2wzTnYyaVNINUxKTEtFRG9lbm5SYzdBUTRvOXR5MF92dGJfWkhSVHVLUzhhWnpNRU1ZdUVpekFfTURzWkJMR0Y3WnFSVmVweXJTU1p4b0dXVWktUlFET2dOalhpVTk1WjliYldNaTRLVjNOdzFfZFV1X0s1enJMaURDT1BabWdWdDJCalJ0X3FnMlV6ZVQ?oc=5
MFC.TO,2026-07-13,Market Appreciation Has Been a Tailwind for the Canadian Life Insurers in Recent Quarters,Morningstar,https://news.google.com/rss/articles/CBMivAFBVV95cUxPbUZicllKRXFIUjctZVEtcFNYX1ppOWJJRVA0NmRzLTZSM05aa0JWelVkWm1tLVV1c1VfYzlBZzFrLUZjWkVPaWNxVkxrS3Y4N0RBTzlUY0xYZ3NtTTAxS1R2bjRaa3Rmb1hSaEpZeVdOd2VvQTFHb1FRZFdDRHFMbWFvYjRZX25ScXFDOEZ1b0FsamVjdkdUS2R3bU5ncUdSbGdDWnlYQWpGelhtNXFVcjR5aURvSmVKV1JFQg?oc=5
MFC.TO,2026-07-13,Manulife Financial Corp. stock outperforms market despite losses on the day,MarketWatch,https://news.google.com/rss/articles/CBMizwFBVV95cUxNN1czQjZ2RFI2ZVVFZnZ3SW1uUEZWNVQ5QXFjWVkxS1BHUVlTTDNGYXFfNmFaelVtcllBR0dKbzlNY1dNZ1IwblV5THV2X2xYbk92QkVYYjJsT3BZNXMtR3hqZlRGM21hbUlkSm41TlBjOVQ3QXBtd0xJTlpBX2J1VDNCeC0zbTN6bkpDcV81ZGszM3N3MXhkd1FzMDd6elJTUXpJQ3hIcHQ3cE1yOXFBdjg0djl5OHdPaGg5MG1VVWVTdzFWenRPTG9RU1NVMEU?oc=5
MFC.TO,2026-07-14,"MFC Outperforms Industry, Hits 52-Week High: How to Play the Stock",Yahoo Finance,https://news.google.com/rss/articles/CBMingFBVV95cUxPQ2RnWmV6c1o2Y3RZZThxYTZUOFJvOUZBX0J6LVZBZ2kxVnFlaFhIclBHaVJPMFU0cS1KZ0hZSlBHeE1BWEhGdUFPRW53bU82X2NGamJjaWhOUzV5Wk92Um05eGJEYS1JcmcwQWhHT0RlOHIzUTZwQS05UTNCM2tvbjd6SVVla1FKbld6MGhyV25ZV0ZlUG00c3RXcVo2dw?oc=5
MFC.TO,2026-07-14,Why Is Manulife Financial (TSX:MFC) Turning Heads Again?,Kalkine Media,https://news.google.com/rss/articles/CBMingFBVV95cUxPZ0JGN3dzWVliSWw3REVVQ2h1S1U2MjZ1Ri1pWTllUmdOcVNtQ2E4SEZTQW9EcUxBRHdUYi1EVzNiVlllc3hpMWxSQ2VfbzZmYzc3RXBIYVVEdUVmOVdNek1JSHlGQmVBYXh5aHhYdV9BeXZfMGRtZGVySURCV0E0cFozSU95NE1maEN5MDVXR3gzOEtsMnJSdFg3SDdmQQ?oc=5
MFC.TO,2026-07-15,"Manulife, Alaris, IGM at 52-Week High on News",Baystreet.ca,https://news.google.com/rss/articles/CBMijAFBVV95cUxNcW1sUlJmSmVQRWZoY1IxY1BfOTNadHpaaXBxalc5eXphUEdlNnhrYlphOHRSVTQ2Nm9uTUJQQW5WeWIyemVmbUw5QW1aaEtQWU81Z09Ic2NGRV9sZ09IakVUSExWa1RxWDQ2VExaZjhja2duOHFOcTFCYTA1eVEwOGx0N2NnN09uUHFuWdIBekFVX3lxTE1nUEdqbXVFMjFIVW95NnY0T1hpUHpQNVYtQXpQZHRrcTU2b3dqaWY3em5vN1ZqN1owam5tekdiMHR2ay0zTE5VYjNLOXF5OHY4c29DNmlmbEhyZGplYVY3cFkyUW50aldLSWZBOFlUY0x1WHBackNmbU5R?oc=5
MFC.TO,2026-07-15,The TFSA Balance Canadians May Need to Retire Comfortably,The Globe and Mail,https://news.google.com/rss/articles/CBMi2wFBVV95cUxQX2JZTHNtQ0hQd3Yybld1SjFlSFBVOW5GYUctdmxhNm5iM2pUQ3ZmRjloYUxGa3Jhd3FuS194aGF2cklZRFFfRkRLeWl0cmRoOUs2MExablkxSmV4Ync2OG9hN2hPREI3UnZDcFkzdUlLUGxYN0RLRnhPX3BhTmVCLUlTUWNvWjlVbFZ1X3pQVkhmX0I2eG43MHdaNmJwd1RwV3c1TEtHdHV4Mk1RNC0zQmFrc09oS3YyWFBjV3BZQTBINndfRHVWaXE1SXFXRFpIWUdzY0NnNlNGWlU?oc=5
MFC.TO,2026-07-15,Manulife John Hancock Investments Launches New Active Large Cap Opportunities ETF,PR Newswire,https://news.google.com/rss/articles/CBMi0wFBVV95cUxPMG03eV9ORS16TjJuZlUzSGg3NlVMRjg3QmotUnNMUVdiXzNuaEVhcFFfMjhhRmJTRmlqcW9xRzVuVE5zYTg0TmNmMUNYUWt4MlI5UTd3Yy05MFBoWWpQOUxWN1BpYjNSblNaT3c4aHpSdWZ4S0oyUlRReFozMHBoRkRoNEc4NVA2V1ZVNFhfcFQxZy1QdnNjcGxzNmR2M2xDdHJNbS1oa0N5RTlheV9Yc3M3TU5YV1d2T2FibWt6Z2hYc0FfdmdHRDdZMTBHRFlhYnFJ?oc=5
MFC.TO,2026-07-15,Manulife Financial (TSX:MFC) Strengthens AI Leadership With Digital Focus,Kalkine Media,https://news.google.com/rss/articles/CBMitgFBVV95cUxPbFFMT1NYa2ptZ0ZoTk9JQ3p1ekVaaDZuMW5oeFptUXc3cDk0UmcxeHZ6MWNHX1JEeXFzMFJDUndiQmo3WjJJSFZvampmRWpfZng2Yi1PZERwWVJ5aUxoQkdaa3hIUDdWclh2VElTTUh4R001YVFSOUpfa29pQ1U5THYwYVdiUEtHWnRaZjFWVkI3NHB0T0tLREQyckZFaEFuZVU1N0JXM3VZd2FYNk90dDY2d1BDZw?oc=5
MFC.TO,2026-07-15,"Canadians: Here’s the TFSA Amount You Need to Retire, Plus 3 Stocks to Get There",The Motley Fool Canada,https://news.google.com/rss/articles/CBMisAFBVV95cUxQSnlrcmlZU1BTMmtRLUcwLVVUT1FVZUV0T3JDdkZSNjUwbmVSaFhzaWgxcEQ1X3NQTTA2SXplU0lIb2VudlBTUXRNbTBjSzg3VElnUlpVX1hLZzVNSHBIaU0wcklTY05KNVFVbGp4X0xJOGpqaDlvcXlXNTRBRE5UTmlWNU5MNFllSXJaMFZreTRpS0xHUlpCYnZfWUpWX1hBblNhMDZiMGhrVnpNdGZnNg?oc=5
MFC.TO,2026-07-16,Manulife Financial (TSX:MFC) Supports Smarter Canadian Retirement Planning,Kalkine Media,https://news.google.com/rss/articles/CBMiuwFBVV95cUxQSndoa2VHMHFidk9IRlh0cjJ5TW1DYjROM1dFcTRJSmVBUkJVV280RVQtcF9SaUxCb1N3R1Q4QmFwWWhjZy04WDFJamx0SHVsa2RrSUJDT2psWTlHQ3ZJYWZrUE96TEJoRkFQcF9tVE4yN0g2LUZGQzdUNU4zNXJaMFl0bTMweTNwQ1RaakdmRXozZFVJOXpsZnlRY3phQTV4UzBGZ1NHak1DWnZaQmFHbkNtMXB2ZlNMUkpR?oc=5
MFC.TO,2026-07-16,"The Dividend Stock I’d Pick Over Enbridge Stock, and Why I Keep Coming Back",The Motley Fool Canada,https://news.google.com/rss/articles/CBMiqwFBVV95cUxPdXZuRE5ucjBXbzRnWFpjWTc2Q2RtUVRNTUNCRDZTVkJsN09UaDN6QmoyWmpiY2RjZ2pEUFhRSWxYOGwtNmFoYWRBWEFMQjhBWUE1V1FEeUdTSDFlRDQzcW41UVQyVDZ4TW9DekxsdU5QdzlUVTFBbE10cXFrdEU1VWxRb3p3NVhDY2ZDcXVLQ0xYVUpUeGdrLVlQX21oNFBQV2ZXdzYzYm9Hejg?oc=5
MFC.TO,2026-07-17,Manulife’s New AI Leadership: How Central Is Technology To Its Long-Term Strategy (TSX:MFC)?,simplywall.st,https://news.google.com/rss/articles/CBMi2AFBVV95cUxQTEszbk9fb3pITGdKcWdESmczZVRMOVhoQS1seHhHX0FQTHNwVzR3Mm8xUElDdEV5VnU2eXVPZm04aTJiMVRsZ1UxWWJLUXl6dUxaTkQzYzNCeUV1TkdTT3BWYkxIaU1GZXNDV1pEUTlEV1JmTHd4ZUZSeGdkdTR5bS14U0tfemlfRk02UU9uaTlaNFNPWmtkcEppOTFXZV9ta1EzWWdFbFB0cDZuTnlUa05TRklTUC01V1ZjT3ZHQkxxVi1EQ3k5Wm13YlRQT0hpYjI4czFlc2vSAd4BQVVfeXFMTmc1dUxnU21KVEU0bU5MVmFpWWgxRW42TGhMWHlDNVBTa0Z5bXpNa1RiT3lBdFZuaVEyNmJOcnl3RDVfVXZkNXFwWFdCWURCUTRISEFhd1ZmeWl6bnhJWDN5ZFZLVjVROUNpaEk1cENhelRBNWp6TkJmV1lKQzJwMFB2d2FNZmVtTjR3N2J4Mmh0MnVpTW9mR1ZlMkp6U1lFLTB1SmhId0dYVk53bVkxeDhVeGJLbXgtdzF5OHZqNlJvZVg4QTBEZ1o3Q0RyNjktc0dRTnRydGlES001U0Zn?oc=5
MFC.TO,2026-07-17,Manulife (TSX:MFC) Extends Rally Across Bluechip Stocks,Kalkine Media,https://news.google.com/rss/articles/CBMinAFBVV95cUxNT1ZTcF9jUjJOMDN3R2dVbnNYZ3VjWW5fbmFwR0pxeGc0UENXSGZLZ1ZCQ00xT2laczdKdXdHTWplZGQ1eFBQd1lRakM2QW9UeUhZNGlSbHplazNRdGdKa2JQQnNia3lIUjJkUEVrSDJ1OXlLMlVJTWNETTZfeWFzWW1Kb2p4VlpwSEJlWkRwWnBUa04xYXJqSVoyOTU?oc=5
MFC.TO,2026-07-17,Just Released: 5 Top Stocks to Buy in August,The Motley Fool Canada,https://news.google.com/rss/articles/CBMigAFBVV95cUxNemlyLUlCamc1NlVaeVdqVW4zamk1bFJ0WDlzdjdqYm5FejBJWk5PYlZmd0NXRFFSU2xYMkJuZFhRUjI2Ul80T09TZTJYVjkxVlU4VFdaaUVQdzBLMnFZaFRyWlNEclN2YmUwNUtVODJIUV95cGliSWM1MkpTUXBaZA?oc=5
MFC.TO,2026-07-20,Manulife (TSX:MFC) Digital Expansion Elevates Bluechip Stocks Presence,Kalkine Media,https://news.google.com/rss/articles/CBMisAFBVV95cUxNUjhxODIzOGIzMC1HVnhyZGFvNDVWNkRvSDlLSHBaV2xyQmllS01qM1p0eWlVUjdJZEpxSS1LMEdaVDVTcFdOakhST0E2QU9FOGNkb2s3NmltaFk5QWMtMHl3ajFvTTg4ZHZ1SlBwczdqZHhwY2d4dmk1aVMzc2Jlci1TWkRHWkRCTTloZkV5cUlBTHFEMWszU3BCa1ZjN090U1EwY0RFU3NNR1dsMlN5Uw?oc=5
MFC.TO,2026-07-21,"Manulife Financial (MFC) to Release Q2 Earnings on August 5, 202",GuruFocus,https://news.google.com/rss/articles/CBMiowFBVV95cUxQbi0zMFNtNVgwdWZWSHlnRTdiUWhhOC14QlBvbzQ5MXVaRDVxOXBoTGpIUElTNWdEZldKbGI2a3JTSHZnRUk2MEtkbm9QaUkxSkhTVHZTdEI1bzMxeVFpNUJXaDhxd0Jtc3h5Zm9HMXdOcjFsZFZjNFNiNDVINjNjd29KYXZUNVVhRzRLQTRJcFc0N3BPZTZIYzQ3a21jYzNLQzdJ?oc=5
MFC.TO,2026-07-21,CNOOC Stock And Two High Yield Shares Worth A Closer Look,simplywall.st,https://news.google.com/rss/articles/CBMivwFBVV95cUxQOVhCdk5nTmh0NFpkTzFmaHFOTzdQRnVfTng3RFF4TVdLY01wOWFzRWRjbzlOMlFKeDNXUFBjaU5IbUVHQjZlRHowU1huM2c1TER4d0Uxc0t0dlo1RXg2aG5lckJFX3VPRGxUdDZIcTZEUDk3OS04LTdiTG5UaGtVU2JhZHJZU1N3T3NBbDJiTzFvNTlqLV9vRUVkNzN2RlJEUy1SbUlFMEFVTlhfUUcxU2F4WlF2V1NhcHBfTmM2c9IBxAFBVV95cUxPZEM4OEpNbmY2UG1FMjFRUkdKR0xhbmU4ZVFLTnNXbDhYbjhUdjg0cXk1OHZmbjIyMVFXLTlpWERDNUpNc3lmOFhfQWpCVndTQTNweDhDYUMwOG9GcThXZHZMZGM4X1oydXZXVm9pZ2pDbzVzcy1UNWNvN0tyaEoyZV9kLUh1QkhEeUE0MlJsVTdUU1I1OWVVZDZoWjhxVFVHSDJ1LWF2dXRXQk9QYlhVQ19MWnNtQjY2U2J0a2c1eDh2TjhP?oc=5
MFC.TO,2026-07-21,Manulife sets Aug. 6 webcast to discuss second-quarter results,Stock Titan,https://news.google.com/rss/articles/CBMimAFBVV95cUxQQW02YVo4bkRGZjJ4NzhFZEZfRF80bmZUeDJsMjRnWEVKUmMzMWFxVUpEcUpLMnY4b19BUG1hX2RNM0RsMFE1SGlFbmYtaFdlSlJONGcycWZnWmR0Zm1USy1vTXZ1UFAwbjAwd1lsZ25KYWxUd0ZtQzkxVG5YTDI0RW0wYXg5OGp2RlV1VWFlLUF6S3ZpX19mUQ?oc=5
MFC.TO,2026-07-21,Manulife to Release Second Quarter 2026 Results,Yahoo! Finance Canada,https://news.google.com/rss/articles/CBMijgFBVV95cUxQSEJfUUlSaDBvMGVfS2ViLW94THp3ZXJ2OVJoMURhQkpKWm15M0FHTTFsWHBtOHl3M2N1Zzl2c0trVlRvcFdDY1RZUlRVdHFTSTR3OGZMQjF0dmRLejJBQ1FFZDZxY3duMkt5S0Ntc0szWW5vdVpQTk43V3pOMjl6SkNfRWtSNm4zNXFtOFZn?oc=5
MFC.TO,2026-07-22,Manulife (TSX:MFC) Nears Peak Valuation After Strong Multi-Year Run,Kalkine Media,https://news.google.com/rss/articles/CBMirgFBVV95cUxOOVhPM09VWE9MSzJzQVhSdUt5RVZNY1RQQ29VRVV2SF9PMXhHbGl0YjM3MnF6RlBxcnNJV2dDa2hLdkJHbUZYODU5bjBvQzVKRnctZ1Q0OTdXM2ZNcFlESGFOZ2UyN29Qbks0VnZveTNUTlNRTzRDblh6LXZzejR1SFY2bGZ6ODc2b2M0RVA2TFllSHJrSmtDdHZscFJlWGw0N0FsZ0Y2S2hRdllTUFE?oc=5
MFC.TO,2026-07-22,Manulife (TSX:MFC) Stock Looks Fully Priced On Its 52 Week High,Yahoo Finance,https://news.google.com/rss/articles/CBMimAFBVV95cUxPVFlBdTZ4MDZBTUZ2dklVMktNOTNMVjVTS0I3SjhBNmFuVGZqZmVJQWdtd2hBSWRLaHNGS0FxdlliTUo4eXRjRmlWeGdTRVNJMnJMUXU2UTlOdGRia3NKbkl1WmdvelpFX3R0bTliN1VFd0s2Q3AzVXFwSW9Yelo4SzcweVpONmI0UnQ5NzRrbHVXY1M1SklUWA?oc=5
MFC.TO,2026-07-22,Manulife Financial (TSX:MFC) Could Be 102% Undervalued After AI Leadership Change,Yahoo Finance,https://news.google.com/rss/articles/CBMingFBVV95cUxORUVrMjNheFhxMmhCQlVpMnVrVUdFRmVibEplUlNWckNaVmk0UGZJdHBZUzJ6N1g2QzExSmtLdGZZUjk0anRXNHQyOVJNZ2ZqZ0xOcXhxek5XaFNBOUhiLWVsVzRkTXlHUUJCRXRqQ3cyaHA1LWdybEwwd19wQ3JWOWlhaWZ6VDNkVm9ySi15SWhSdjB6dWRQWEg5d2dsUQ?oc=5
MFC.TO,2026-07-22,Manulife (TSX:MFC) Names Global AI Chief,Yahoo Finance,https://news.google.com/rss/articles/CBMimAFBVV95cUxOUmlKTlhpamRQRlVUektMSENRRkF1aGg4VkV3S2MyQVlhSXhGbHhScDhsbDc1UXVjMHNwWGVBUy1DYUdhNXJqOU1talY3bVd4aEN2WkRfRWYxQURNcmZwYk8yUnBvck4wZjl3eW5SVjItcnRRWV9uZ1hReWo3Z19wWkhFMUVpclJ3eENZcS1fdmJqTTBkSFJBSA?oc=5
MFC.TO,2026-07-22,Correction: Manulife Financial Seals 5-Year Deal With Microsoft to Expand AI Use,moomoo.com,https://news.google.com/rss/articles/CBMiqwFBVV95cUxOSnpydGdtbHc4NkVrY1RjaTdwWmd0ZXdVYjN3WHgtZlRMWHR3Z2FlYUZwdXExMzVvNmwtSk9KMjFaM3FEQk9HdGV4WTZSU2YxOUNRYUVPOGFBYWdJTkRsWTg3WXYwR1hsR0dKLV9kR3h6T3o4RzJpa2VxakNMQ240YjNaQV9zbko4U0NhYmhsUWNtWFo1UEQxT2JkeWxmNVo4alhVcWJZRjdGZG8?oc=5
MFC.TO,2026-07-22,Manulife Expands Partnership with Microsoft to Accelerate Enterprise AI Governance and Innovation,Microsoft Source,https://news.google.com/rss/articles/CBMi5AFBVV95cUxPRm1uUE1XTHZzc3hpbjNuYlU2QnREc0Zjc2hubXFhLTcxSjNmeHNDZU1ESFl6SG05Y1pRV09ORlBEN01SV3NBMGFEME15TGZBOF9OVkViaDhrY3M0a2NRSFVuMnktMHVkdlo3Wm9IYW1nVlNOWDF5YU0wRktmTUF6N3dnS01LR1ZPVDQtbm55R2hpWS1RTVROVmZjVUZpcjRQb3UzS2ZwS1N4LW1KTjdFeFM5Sy1zYV8xUjRNYW15NzhjR2Q1ZkhNbjJ3VXZ5UVhfUDB2OHB6WXR6bjNmNU13UnJqaGk?oc=5
MFC.TO,2026-07-23,Is Manulife (TSX:MFC) Still Attracting Attention After Reaching A New High?,Kalkine Media,https://news.google.com/rss/articles/CBMitwFBVV95cUxOakktZDM3Z3ExWW0wa2ZFNlNqRDVhaTlianJZZk9KdnlWZlZrVkFFRGtqRnVHdEVKNHl0UGp2N0pNa19TSy1tZWJwcXc4TG5LT29HMWhrLS10TXYtclFRd0xwUlNoLXR5STZYUU9GMnNodktDVUpuZUdlTk53NkVoZU5DV0M2OGhxdFl3YnFFRExqRkxTeldHczhyTFg5TjlCQ1F5U0ZqYzBpWjhPcHl6Vlo1TWlHUGs?oc=5
MFC.TO,2026-07-23,AIA Group Stock Advances 2.2% in Hong Kong,moomoo.com,https://news.google.com/rss/articles/CBMiiwFBVV95cUxPT1dpMDJ0eE5yVnR5N2lFYVVBZUFFZElmWnJkLXQwTHUzek91TXF6ZzM0aUhpcEJWNW9ZYndHdXdnaXhhNHV2d1htLVVvbDlPZjlhQkFrSXgtSmV3TkNSS2ZBVUpCdmNUM0J5bDlfMEpaZElzcmhhTC1OODJJWTBid25jTWRGTExGbnY0?oc=5
MFC.TO,2026-07-23,Bank of Nova Scotia (TSX:BNS) Enters The Value Stocks Spotlight,Kalkine Media,https://news.google.com/rss/articles/CBMiowFBVV95cUxQWVNlMWgyT1c4bmFsWXJ6XzUtd0FVa0NZZkxvajZsRi1zX3QzTVNOb05ZQ09tbHQ0bzdfMlNQeG9YdW54TS04RWVsN3p5RC1kZmFYNkpQazhBVHgxRGVEdlNpYWxpU3BpQ19WV1A3R2ZyLWZ2cTBMelBUM3h3T2Vkb3lIbS1iMk55ellNb2pvOEZ4Yll4YlhvWVJzSHNkbTlyNmp3?oc=5
MFC.TO,2026-07-24,Manulife Investments Announces July 2026 Cash Distributions for Manulife Exchange Traded Funds and ETF Series of Manulife Funds,Yahoo Finance,https://news.google.com/rss/articles/CBMiqAFBVV95cUxNOE52SHpDc29IT1g1aVpsSktULW5aeldvaWpCUkpJMVlvM1h2eFNobDNyVm9keC0wZlFCSkRYY1BKNUJRamJfQzZrUUhKcTV2VzFMNUFsSGNvT0FJYTVMb2xiaEdScTdaN19WNFhMWi1zLVNwZnAxRDRKY01VMEFXUkU2ZnRQMnFiN1VEdU5PZjhXQjhlNmhNWXNYa2tYYldISUd6TWJDcDk?oc=5
MFC.TO,2026-07-24,REG - Manulife Financial CQS New City HighYld NextEnergy Solar Fnd - Form 8.3 - NextEnergy Solar Fund Limited,TradingView,https://news.google.com/rss/articles/CBMiiwJBVV95cUxPNjZDSmxvbnBtd1VTal85ZGR4ZlpaQXdwTmMzYW9hRmt0UmE2WF9nN2szdzhkOFAyZ3ZxLUJpQkhHVkNNdS01dnVURGhtVU1YM3kwaFNlQlpNUVl5SEJCS3FBdXNSTDJpeS1lZGFzZFVmSnN6UXhZRDJoLURDcGFlMHVSNjE0SGdqU0lYaUVZaWZkTnBENE5RbTFyYkVxdkVIb1BqWE1CbU5zVlREUUpMV2RTdEV3WlBGYTBFUi02U0pTYmFjeHAxZnppNEZDVktYRHAweFpyT0U5X3FFNUI5Y0lJMTNlM0ZGNEN6VmNvaUt6RDhFYUtXaW5WQjFTZkRMbGd0V05FWEVyWmM?oc=5
MFC.TO,2026-07-26,Manulife Financial Number of Employees 2026 | Employee Count & Headcount Data,Revelio Labs,https://news.google.com/rss/articles/CBMidEFVX3lxTE80RDVDRFVZaWhXVV9Kd3JiM0dsS3VqNDBSVmZPT25aWWtTaUFNNFRMdEFrczRlNWRDTWVqRzF0WEx2NzhweVNFcC0wSVdkR0VkZnJYdDZYaVNoM3k4XzNLY3djZTVJS2c5QnFPZ3o5TkNxVTRQ?oc=5
MFC.TO,2026-07-27,Manulife (TSX:MFC) Builds Asia Momentum Ahead of Results,Kalkine Media,https://news.google.com/rss/articles/CBMinwFBVV95cUxPVzlKZ2w3VkNpYUNsY0RVWFM0X2E0WkMzNTBCRmtqTExuOUEzNTlrdE1LZE9BeThfQ3lkYXVCcldCZWRZU0ZKM0pDWE0zOVFMNzlHRTg4dTdBZUY4MVRHQjNZaGJiSEtPa3N4Ny1KLXE2bmhpd2lmcGtwQmE3eW1OR1NtMEVDN2IzMjRHNG9wSnJNalJZeXg0SkNLaWM1dzQ?oc=5
MFC.TO,2026-07-29,Manulife Financial (MFC) Reports Next Week: Wall Street Expects Earnings Growth,Yahoo Finance,https://news.google.com/rss/articles/CBMiogFBVV95cUxPR3NxUVBaYVEzNUxTZWxSSzd1cGUxRGhnQTRxVHpONkxNcTU3Mi1uLUMzMFFSVlp6a1h3Q291WWw5aG80bWZiRWNuYm1PYXE0YkJndkd2Y21tSFI2SncycTRVSWVsR2tyTE1GRURHQndVTVczTUZVblN2dnJ4TDI0bUNkOWlTYklLbnJkVVdJNWlkUlRBWkt6S1ZyUUdxXzNQYmc?oc=5
MFC.TO,2026-07-30,Value Stocks: Why Manulife Financial (TSX:MFC) Leads TSX Value Focus,Kalkine Media,https://news.google.com/rss/articles/CBMiqAFBVV95cUxQUDhQVEhXQUlKSEdGM1V5ajNqc1VJNUFDRTFhN2tnZ1NmaW5qaEJ4NG04TTROLUJzTjFOb0R4OVB3WERYLVA0MHhBTm0wYTdmcXJ5bGIzX29zNFFBOXF6YzZFZTc4YVZEV3BSWTBxYUplSXBwMkRxMU93YXY1aElneWtMeFVlSjkxc1VtMnE0cWJoUXA4Z3oxQkdoTFg3QnJrd2djaW9jano?oc=5
MFC.TO,2026-07-31,Could Manulife Financial (TSX:MFC) Extend Financial Stocks Rally?,Kalkine Media,https://news.google.com/rss/articles/CBMiqgFBVV95cUxQT1M4dU45OHRBd0FUVDFmUlAzTVZRbW9hZ2ZSZmMzTk5oNEdUR1U4X29zbTZ2cEQ1REt1SUZkWV9DaGFCUFBKNV9mdXdramtMSU1EMXBMWmgxM3V0NXFseWYzV1I5LTBfUy1xN0NYNkhlSGxYdi1xLWpScW1pX1otUWhfNXFWNXV4ckUybGh6eGR6RERJczRPdEhKME9QTzlCR0I3NUl2bXRDQQ?oc=5
MFC.TO,2026-08-04,"Paytm Block Deals: Elevation Capital-backed entities sell 2.3% stake to 19 investors including Morgan Stanley, Goldman Sachs, Manulife",Moneycontrol.com,https://news.google.com/rss/articles/CBMioAJBVV95cUxPT3pSOF9kcEJYb244SElodFkzVUVKeFpyUExUZkxqdmtlclY5SXhvLVh0UktTYkdIVEEwX1J5cmZiLWU2amJHZjdQX09hbzNaTU4yZUdoTThFdTQ2bXVVWXpBbUxNUFY3Y3IwNXZiYU1oUHExa29vbHVnejdBbk9PQ2xDVzZLYmxxd01HeS03NVhVN0dtQVpuWEtjcW9uZEdxaFpTMFNlbktXVzJ4S2VTOVVvdldfdkZmQTBoMEl1WDNxdVZmQWZ3Rk9PZnpsNWQ5bWZyeGNJVzM4TzNnTThkZzU5VF92WXIxMnVZYVAtU01BR1d0UDZiaDRRdEVMbzQ4dHdMMXdEZllaRVlaNVFqUG90NFFmdld2SWFQMFRyOV8?oc=5
MFC.TO,2026-08-04,2 Dividend Stocks Worth Holding for the Next 7 Years,The Motley Fool Canada,https://news.google.com/rss/articles/CBMijwFBVV95cUxOQTJGbjc1T2tzQ3RQTXdiNUZ4T1NmNDBMZmhWbVN6MzFJUFdrN1FJVHVHa0RFbVF1M0wzaWl4YmQxWkp1VndhRnN3ZnpZOERHazZET083QmZUbnBKSnRnT1BvazZaMUZLQ2VhMVVNOVZqbWpnLXljblVyWWJmVXJyRFlCUGFOSm5FUWNEUGxPZw?oc=5
MFC.TO,2026-08-04,CIBC’s chief market technician Sid Mokhtari reveals his Top 10 stock picks for August,The Globe and Mail,https://news.google.com/rss/articles/CBMi3wFBVV95cUxPeDhROUx6VV9pWlc3TGdMVk1vU2ZDVVNjRWJlSzZlcmxyR1E5X0p1eWdJbWd6VUpfOTJOQm9ZMGFFelN3U3RkV3NPUURuYm9IQnhvUGJyRDZKVGZQcUFsMXJDVlAxSkl5UUpiMWhZWHM3UzYxOXpSMl9GeHdyY1dVTlQzUkN5MFo0alF2R0RxOTlESUlPRDJVVTF2dUU0a1ZUTFlKX2t5andrLWhIN296TWZTOXhkM1diYzg1ZmtZZEpZOWFPRWlMSW5mRFVHRXJFdFhnRVZUcFZ4T2d0Z0lV?oc=5
MFC.TO,2026-08-05,Manulife announces $3.2 billion long-term care reinsurance transaction with Munich Re,Yahoo Finance,https://news.google.com/rss/articles/CBMilgFBVV95cUxOV25RZEIxS2Z1V2NOQ0VldlUxS285eFplUUl5T0UyTWVRa2h2WEw5OUhHbTdqdGVhcVZHcVBnd0lTMDA0OEI4WnRKU2sycUtlRlFqVWtzcHRzT0ZsejhDZXRGMTU4eVNMVVRvRW1idEtOaTdSX0l4bTdCTmdwMjNVTldEbHBDbjFLVldaT2tSY05iOXRVeUE?oc=5
MFC.TO,2026-08-05,Manulife Financial (MFC) Earnings Date and Reports 2026 $MFC,MarketBeat,https://news.google.com/rss/articles/CBMiYEFVX3lxTE5US0hXM3ZoYURzRHNKYXFxVERtUWtxQ3VTRGo4WUZKTWdYbHptVl81VHo2X1RGSHdRRW55cFNyRDNtVVdLRmR2bXNsUnRyVWNwc05NcXF0M3ZOWm1YTGhNVg?oc=5
MFC.TO,2026-08-06,"Manulife Earnings: Headwinds From Canada Continued, Risk Transfer Deal Announced",Morningstar,https://news.google.com/rss/articles/CBMiygFBVV95cUxPd0VOSzYwVE55bDI4UHl3NWM5Yk5HMjJxZzBaVUlHa3dYZ29LRjRLX3pvbmZURUlPX29FSlYwYTJrRmpKSWtield1LUh4X3Q2eXRiS2pMXzFiYXN2Ty1MQ0hvME9nTWRJRU43UmFId2xjN185alpoRVZiY0Q2WGNESU1Xdkh1c3Rna20wN3ZLeXFFMXpYTFVlWkJLMjFvbTdKT19RWWtsM2FIVHpSOF9jTXF6UmlIYk5xU3Bvc2hwSjBYdkQxT0ZyMWhn?oc=5
MFC.TO,2026-08-06,Watch CNBC's full interview with Manulife's Matthew Miskin,cnbc.com,https://news.google.com/rss/articles/CBMioAFBVV95cUxPNnlLeTI2SDBuY3ZBeUw1LW9EdzRFTDF5Qk91dWNha2lXVnotX2tzRjdIZmI1LUxTXzA3YlFWWWtuZFJ2eWZmcWZ5Yl90a0M5enJZV29CMTRiVTUxbm5JM0l2eHg4Y1luRjNJcnV3U1lFbFl3TTRnQ2NMNmo1am5fTGU3QW5idENHWFgtT3E1bUVNZ3B4cGxCYi1mLTJhVVFr?oc=5
MFC.TO,2026-08-07,Manulife Financial Corp. Price Target Raised to C$67.00/Share From C$61.00 by Scotia,moomoo.com,https://news.google.com/rss/articles/CBMinAFBVV95cUxQV1UtY3hZNWd5c3g5M3VBUlkwZ2pPb1YzaG5XT0doZl9hV1JhdjRmVmxsV3AyaGd5MGFSc3psYUJaV25PM3k3bVJpYmZtYnRYeTZ1RWF3VzNuLWtsd29Ua0FGU2w5dHFEcldNWlVUVWxVblk5RUxLVkpVUVZiWUZiSFhvejhicXdRSURyZUFDc1pVX3N0a2RoWUg0QTU?oc=5
MFC.TO,2026-08-07,Manulife Financial Corp. Price Target Raised to C$70.00/Share From C$67.00 by BMO,moomoo.com,https://news.google.com/rss/articles/CBMinAFBVV95cUxNLWdNdy1FX3pnd3NYZVMtdWpQbDkwR3ZCd19Uak82RG82WjlmamtVamtrc25yRHdIeWdGNldhMHF5ZDBULWJLMlRhdHZOdVlNejhPMTBJS0JIOTRYcURaZ2IwQkxaY1hJbmg2R2dvWGJFUW5xejByNlRVempRNEczcWdsbldGZnZQSjZWZ1RSVXgwTFlKeWpudlIwNHU?oc=5
MFC.TO,2026-08-07,Manulife Financial Corp (MFC) Stock News Today,tradingkey.com,https://news.google.com/rss/articles/CBMiX0FVX3lxTE1aQ3lfaDk5bEhOaC1BeHV5ZXZ3RkhGODBUbVU5OWo1WlNjVmY4d1VOdmhoeEpnOHlVQ0J4UHJYdE1NSFk3N0ItVzhxV1ZEbGtCWmc2NUZGLU1Wb1Ntbzk4?oc=5
MFC.TO,2026-08-07,"A Quick Look at Today's Ratings for Manulife Financial(MFC.US), With a Forecast Between $47.81 to $49.95",moomoo.com,https://news.google.com/rss/articles/CBMinAFBVV95cUxOcDgwTXpvNk54bDJpaFRPc3Bqbjc3TU5pbkRKeGFzTUxESFR4QlJYNEJrQk9Ud3hlZmRjbXNvekhhNmtjLW51cmlqc1RzRW9CZnpWcFM5N2I4ZzNtSmRVc2gzRkJyZGthS2JCdjJMc0E2WFc5bnNzQTBBdnF3UGZGRU9QbW55UXZIRjhVSWR0SGplaHVrVEMta3hGVU0?oc=5
MFC.TO,2026-08-08,Manulife Financial (TSX:MFC) Signs $3.2 Billion Long Term Care Reinsurance Deal,Yahoo Finance,https://news.google.com/rss/articles/CBMimAFBVV95cUxOMUducFhwRG5GWEdaNmFuOXpPVWM2UDhVN2pTNU14LUZLUkk3cDNmSXBKc3ZyekpZWTFsLWlkQ1kxVk95S2ZxYi1helBLWS0yWkhVcWFhVXdtcnZmNzgzVm16cFVjYVY3VWY0cXRTVEJJdGZYZE9GcFVUTGxwYkpsSHJleWlkblRicEdiT3NqVTZicmZPRHFiVw?oc=5
MFC.TO,2026-08-08,"BMO Capital Maintains Manulife Financial(MFC.US) With Buy Rating, Raises Target Price to $50.16",moomoo.com,https://news.google.com/rss/articles/CBMisAFBVV95cUxNendiNU1SRlVUN01tbjI5VllZZWNxdDU3TWt1blFab0xuSnBabTdPQ0ZIZ0NqT3dYUGdlODNHV1huMVpKd3Nhb2M0VGtaYUFaeWJXc2MtcWpqRThZSThIVEVIU3QxTzNZU2c4djJHRXhqa3FHaHRCVk13QkNhYUx3UGJ3dnJ6cmdPTy1oWEUtbXowVWNCNGVfcGhtWG14VG9ncXRtZnhwQ1ZkQ3JxZDd2eQ?oc=5
MFC.TO,2026-08-10,Manulife Financial Stock Under Pressure: Is Weak Sentiment Signaling a Deeper Correction?,kalkine.ca,https://news.google.com/rss/articles/CBMivgFBVV95cUxOSkh4c1g1dWZqbU1rTDU3Q0x2YjJ1a2hIOE1vMnNGSjRRQTQ2Mjh2M3lNUUVHdE1uZDIwcTBuU1lzVXo3dlpnSzQtZUk4bTR3eU1rVndnN0xxUDg5bmtyeEN4S214X0FCNm40VTJRMlNKY3lGa204Zi11WWdKMi1DWndndkNzVDkzVlRlMVUwTXFIY0lGaEZ3NUNvdXZqNzR1U3l6SUdsWHNlT2JFTk43SVZxcFNic0w2QmpDdlRR?oc=5
MFC.TO,2026-08-10,"Manulife Appoints Jeremy Young as Chief Distribution Officer, International Brokerage, Global High-Net-Worth to Advance Growth Strategy Across Key Markets",Yahoo Finance,https://news.google.com/rss/articles/CBMiowFBVV95cUxNbU5TQnVfemI0YWd5dWwtS3BuUFJUWERpaUZYZGIyWXlDTHJRbThsNktNc1ducUczeWRJVmRFczVKeDFsY2dFcHZUS3NVWUxXTzU3cTMtSlhVZjE4RlJ1ckdKNVZrNGo2d2lkUWIxeGJQQjY2ajVwUTE3bENVbmlONFhLMi0ybkxncm5qR2E3eE16emFjeEFzTTNCY3RqcWwxeE5R?oc=5
MFC.TO,2026-08-10,Could Manulife (TSX:MFC) Make Value Stocks Interesting Again Now?,Kalkine Media,https://news.google.com/rss/articles/CBMipAFBVV95cUxOajNqQkhZVElBMlZQb0x5b1BYQ2NjblktVElCaDBGM241SnFtM05qUkEzZXRoMjY1aTdoVjZ3NDNaNjhmMkkzbUM1NTh5cFA5TkZ3RlFtczVmQ2U3M0xPeUcwVm1XMlRYMVNacHBkSHJWQ3lQRXQxTEQ3THpJNG5qRlBqRkIydEt0bXR2eGhwWXUyRlhtWV9iNzl0dGh4ejNRQ0xGbA?oc=5
MFC.TO,2026-08-12,Can Manulife (TSX:MFC) Keep Its Financial Momentum?,Kalkine Media,https://news.google.com/rss/articles/CBMilwFBVV95cUxQYjNoQ28xTHBpTml3ak9SOTlOV2FKMTRUU3BpUHgteWwzMS1SQmp5Vnl1bmtZRGliZk1TRUMwR1hWdGVUWU90ZzFGc19IOVdsaW5rWFEtbVdQWDFlSGZYSUtGc0NtVEtNQ2NQMXZPZG5LejFEek9VMUhuSXd1a0N6SEt4d05wOFpWM1daNkRwOV9hbmxPS3Zz?oc=5
MFC.TO,2026-08-12,Expanded Microsoft AI tools deployment limits Manulife Financial stock price near C$61.92 resistance,Traders Union,https://news.google.com/rss/articles/CBMikAFBVV95cUxNMFFiVnprSGFSNE5CZlYzdU0xRmI1Y0dEdzNrZ1h3WGJKcnBVREhFSTZBRXM1ekJPZzBWWVJJNHJjcUpEdWc4cXk4NFIzZzR5NENINnVmUFpBZHQ0aVVsQ3h6LUI4R3RudEY5eFNFYW9ld09XYm16T0pCbTRiQm1YcjF2S29SMEZDWjlQdUt5SDM?oc=5
MFC.TO,2026-08-14,Manulife Financial (MFC) Advances 1.23% to $44.46 as Insurance Sector Strength Buoys Sentiment - FRAMA Signal,dars.gov.et,https://news.google.com/rss/articles/CBMiygFBVV95cUxQWTd5QUtIcFhKcTZYYnk0X2Y2RGZ3azJmejBZMGozTE9QT3dzVUxsUXhYOUJyQmREazBtcTFQVXNkNFdrbkJfc043MG9yYVpNVVNJa1VFWXlnbXpYb3BwbEMtZVlXMFZwMUg3ZkZYX29xaUgteHdDamR0OWM5cU1IX01YMk9PUl9tZk12R0t1N1BlVXdpRGpuazFGd05SSUszWW9DWFVBVDVnMmpIY0hjQ2NiREpQQTFpdjZKeVVOcXkySjAyUTB3a1NR?oc=5
MFC.TO,2026-08-17,"Indian equities may stay rangebound for another 6-9 months, says Mahindra Manulife MF CEO",Livemint,https://news.google.com/rss/articles/CBMi2gFBVV95cUxQVngwN1ZMN0VLY3VuRjdaU2diM3UtMjZJTVpEb213STdrM0pWN1pJMXQ4Q01NUmlHWFdIbkdvMEFPMHB6TTR5VG44OHhPOERfTGs0bExNeVk1bVlvVUlzRHFraWh2TTFfbWJXb0o1SXJUck1IWkdlS2N4TlBmTWhBaHVNazRsalFKTnZsZGh4NnZ0aDQ4YVlCV0FqZWd4ZnRYcWNCMW5sSkVCWno5Mzh4dmJzeTh2emxaaGc5LVpLWkQ5bWZ1RWJRdzFlWTVtTW91OHRnYTJuNWhEQdIB3wFBVV95cUxOTzFZaHhnd0FmeXNORlRRMjhrYUJPdnhQTE1HUF9rcTRPTHdGWkxZbzFKN3I4WEJtcm9wWlNCdTVGaGdTalpNN21GUVlxbDVnTE5hdnVFZWxhMzNWY1FPUTFjYnpDb0xEZGRneHI4WDJYODlycVo5ZEtaQWdwQk5pRFhNMnV0T2NZako4QWhnTjdwWGRHbXVkUEp5OWxoYVFnd0dCQmJpNmhJdDlIT2FEWjVXemt0ek85MzAtendxSmhsZXRmcjh0djI3ZU5ReFRNZGpmZXpqbm5FaGJ6X2Rn?oc=5
MFC.TO,2026-08-17,"Goodbye BCE, hello Manulife: It’s time for some tweaks to my Buy and Hold Portfolio",The Globe and Mail,https://news.google.com/rss/articles/CBMi4AFBVV95cUxQd3JQcU44MXE0THlHMjNiOFVsQVdCT1NRUjRMQXVmMG1tWHlna1d2YTk3RHp2R0YxWUZlWU9GeVAtdVF0eE1INllUNmowRE9nVUo3TkV5Y1prb3phNEtnNFF4TURUbEZRcF9TUlBiSnVrUmJTVFhxTUplRk9QVkp6Ul9wZ1JpeE10RkIyU0ViLU9LSlZZa0NwWFJFaVluZEtjSUZza0pLSnF3UEJxUjJoSDFVWGx3bDIzYWxNSDV0VTRzMEJpSmtwYnEzb1lUV0JmRmxySEdSZWg0cGVkWnF4MQ?oc=5
MFC.TO,2026-08-17,Manulife Stock: The Asia Engine Keeps Firing as Core Earnings Jump,kalkine.ca,https://news.google.com/rss/articles/CBMioAFBVV95cUxOOXZfdXk5dDVoN0lqVXpPZC1iVGRGZTB2bjJOamxqQUhaaUJlMGU0bVo4VmFJZjBsSE1zQjAzalY0SlRYV0pDZUs0MXVIQ01EcnYzSHJSdm5WanNfWWxNb2dsVlk3cllMSFVxSUJ1UWJ3TV8wYXJCbDF6Y2RWb1M4VGxEUWxOd0RobUQyOEM5V0NvQjFuLUUtNzJsQjhhZXU0?oc=5
MFC.TO,2026-08-22,Korea Investment CORP Purchases New Holdings in Manulife Financial Corp $MFC,MarketBeat,https://news.google.com/rss/articles/CBMi0gFBVV95cUxOS2o4TVhxYXN6NXA0VnZwQVNVSmNnclY4TU5pREt5M2VaLUJ6LWt4Y1QzOTRaZWwyd0g0R29TZW4xeWQtRlNCNWRZaWt4d212SGRQUGVFQnpZSEtCb3ppX0tXOE5kNDFud1cxM2wxZ2Q1MDBCTnlIUnNORXBrWjJVNHAzMUVlTzdGM21Wemt1dHVpU2tLVzduUXpBWUgxVVViTEo5bHZ3TEt3anl0TUg3d2IzaWFyNjZ2eHBXdnlaN0F2SDVjUThjRl80aTRDdkxZcmc?oc=5
MFC.TO,2026-08-24,Osmosis Investment Management UK Ltd Purchases New Shares in Manulife Financial Corp $MFC,MarketBeat,https://news.google.com/rss/articles/CBMi4wFBVV95cUxPeE5wWTVXOTFoLU1Ya2RlTm9tZk40NTd2aTJDN0hkTldrSTIwY29KMzJhYU45ZWtUTjZfSE83Sm5UZXZ6U2lVOHBMYkZWc04taFUzNGxwVXRnUW9XTlhJX3VIWHE3LWJxT3R6MG5obk1ULXl4ZWxJMV96UGVqTlNkT1lSeDZ0bHllSFlMSW56b1dwRkw1OWhkVml6WmxhOEM1X0VuR29Uckg2dTR0Q3Y3cFJudTk5b1MzaEdNd0I3WkM5NVRTTWU5Nks4SEZnOTJDUUlPTGtRZGN1WXNzUEtjQk1wYw?oc=5
MFC.TO,2026-08-26,Polar Asset Management Partners Inc. Purchases New Stake in Manulife Financial Corp $MFC,MarketBeat,https://news.google.com/rss/articles/CBMi4AFBVV95cUxNYmpFVE50NUVaa1VJS0IxTVRhRXVBaG82T0lkdTVXakx4a1hHR3NNTVV2VUpiRVRhYXdLVnk4WlZvSXA4VFRvLVV3Si1XRXZBYl9IeWNyVVpWbHpmOGoxZm1fQWJOc2RzSVp0WmdDQkxybGJsS3FlVll0UTJBbzNLaFJ2ckt5aGlybC16QV9KeVhja1pLc0NNN2lkVF9pVXZSX3RrSzMtb0xtdGlKVnNpdXljQWc5cW9YaTB5cnQzTlEtU2JtWU56YTVKdDJFcXJNbzFaR1Fqa1dSTDV4cVNaWg?oc=5
MFC.TO,2026-08-26,"Bank of New York Mellon Corp Acquires 110,063 Shares of Manulife Financial Corp $MFC",MarketBeat,https://news.google.com/rss/articles/CBMi2wFBVV95cUxNUE5vbWE2UmVrckxObndUWEQwMWJhOEU4azdLQ3c3V0FLbW1qV0ItaDdDT05ZQlEtZnRZaUw2RmxSaGcxN05aUzgtVVpldnQxMjk4aVo2MDEwZ0JyTUpqVG9sRzBGdU04X196Q2I0OWJ3TWt4ZG9NRHFmTlhYdkVIOHljaGhfbUg4eVJ6LThpd0ppeEF3bTlJdk9feHVDc1FVSjZlVXphOW1sZWNRdE9xRFp1eHd4TXpiQnhDeTdTWTlYVE45SkhpRk9HN0RTMkE0YmhqUmJOYlV0a1U?oc=5
MFC.TO,2026-08-26,Invst LLC Invests $1.46 Million in Manulife Financial Corp $MFC,MarketBeat,https://news.google.com/rss/articles/CBMivgFBVV95cUxNNnVPdG5sellSb3RZZ0R2Y01XMUdSeHhSUjhFdG9rU3F4OW5vTmwwaVJZZ2V1aGhlVldVTTRBNkZwaTJWM1RGd0d3SFFTOWRDLS1uc0Zuem40MDU3Zkdxc3NOdHVkVDh0ZjlVdmlyc2FpM0pkR2ZnY20zLWN4R3NIWXl0akJiMDlvWGllb1FwUXA4MmV1OHBFWTM4UGJqSDlmRi1XNXMwQlRYY01yQzlnMTVlSUxnc1hVWFpYTXVR?oc=5
MFC.TO,2026-08-26,The Manufacturers Life Insurance Company Invests $92.76 Million in Manulife Financial Corp $MFC,MarketBeat,https://news.google.com/rss/articles/CBMi6AFBVV95cUxQUkloWXE3MlVCemF0bnFheGpyUnl5NW5zOWFVaDhxLXo4WUplUGFOdzkyazZzZGRfWkVsaEV6SDJHWjdYZ1IyZGxuZU43OTlyTXpUS3doeHdqS2xWeWpwZ1BTQ2g5eHJaSktESkRDdEROb1VzQWVKWFZCOGd5Tnd3T2F3N2p4b0hVQkpwV3dFUXplanB6cUlGZGlKNUZOWlZxRWRPcUJWTXlwOGRyV1ViaFFzZXZqLVlrRXdUaVU5ZnV3VEpZamQtcHAzWUZrRGwyTVBSeGhodm9MVjZ2ZDhDQ3gxc01TT1Nu?oc=5
MFC.TO,2026-08-26,Legal & General Group Plc Invests $430.04 Million in Manulife Financial Corp $MFC,MarketBeat,https://news.google.com/rss/articles/CBMi0wFBVV95cUxOY1F5ZC1KYm03NkRvQ0MwazBjSGl6VkliSkxTNERaVi1MNlVvN1NvMG4tNlh2NGtpcWxjYl9vR0l5dk04bG5TT0JKTXp2VmF1Q1c0TEVBZ2ppVHY5QnUzb3JOMzdVa09mUUctMkkxVUJYYllRMUttd0plaUZ0V3FGdUhUUUN6enVFcEdNeURESTlCMl9XT0Y5eGctb3B2Z0tGZG51UExiRDYtUGJYZEpKaUtDeVRSOHNXYmw1eGgxOF9Rc1lrMmllMGczUWJBNWx3Vkkw?oc=5
MFC.TO,2026-08-27,Caisse de depot et placement du Quebec Invests $181.09 Million in Manulife Financial Corp $MFC,MarketBeat,https://news.google.com/rss/articles/CBMi5wFBVV95cUxNTDN2MFZtVmlNTG5MbXU5am5EVjZ6SWpFaFpwcklSNDBGMFFKRUU1WDdPLU1xNWdqOWRzeVhzMUpyNFVXMmlJaTE2cmZGODBHb19UUHNmbE95S05SWElySE5fZGhCVm8xa09yWmY4cnk1bVk0VTRSZVh5YW94aUxhS2MzZFFkTHhFc0lkcHJSNDFLdUYyd0F0NXZGQm1VV3ZoSFlBaERzLWNzYnhkelZnT0Eyd0cxWWlSSVh0S1k4QmdGOHoycDN4VlV0UUdQcXFfZDlPUXV1Wjh3QmtobkhlTF9HQTZwTWs?oc=5
MFC.TO,2026-08-28,Manulife and Sun Life stocks surge past 2027 ta...,Pluang,https://news.google.com/rss/articles/CBMikgFBVV95cUxQNjJiWDUySWVDZUtvZ0IzQWVsMk5UYTFCbDNueElZQ0dKRmVTWHozclZEam4xUGlsWTY0RExOU1JsN3NUT0NGZG1TaXh5NEtwZDU5WHhYVlpsaXl4Y3VHTXVTeGhwNjd5Q0ppM3J3ZWl0aGZiZE5sclhBOVd1ZzZ6dFFsMmY5ZHBubHVxd1lNdV9IQQ?oc=5
MFC.TO,2026-08-28,What's Going On With Manulife Canadian Equity Class Stock Friday?,Wealth Awesome,https://news.google.com/rss/articles/CBMipAFBVV95cUxOOHpkT2tPRVZ6QWc4WE5jY1NBa0xQZnlqN0h2TmVTMmFBWVNRMi0zaHJFUVJ3bmtXUGh5LVN0T0N4ZjdBeUktQkRwdWp3TFNwS3liOEtNSW5qTnUyc0V1cWRpeWdNbjV4Q19oWC1zVk5QbkY1YVBBbnp6VUVUYzhIcGNXZ2RVV1p3QnFGU3ZQMEFsak1mdXpKRUgxR3dwdVNoWHdBWg?oc=5
MFC.TO,2026-08-28,"Manulife Vs. Sun Life: Good Businesses, But More Expensive (Rating Downgrade)",Seeking Alpha,https://news.google.com/rss/articles/CBMinAFBVV95cUxPbWF5amIxdHBfdE5kTTFDTTdfY1dFXy1iZVpBdFJQZE04eEh4T2xJUl8teFhYcW9wRWZVNmFxZFl1SmVyQS1kZ2w1dERsb1Fsa2RrZUNmcXQ5M1JHcVpmRnNSc3pUMXZuUkpaOXZfVGY4Z2tjU0VXYVl4RnQ2cjV0ZkpUQjhYNkpCT0VnQkJNNzFNazdGZ0tXclJTdHU?oc=5
MFC.TO,2026-08-30,Kingsview Wealth Management LLC Makes New $1.96 Million Investment in Manulife Financial Corp $MFC,MarketBeat,https://news.google.com/rss/articles/CBMi7AFBVV95cUxOVzdqNVF3VXBSRnRHWjBtM1J6R0xFdWpuVktoaFBUb3VMUjNralFNZjlQeXVLdG91cm44UzkzOXZ1cFJ0cjFodVN3OFVQX0IyMC1xdmlhUVpzcjR0c3FaWVJ4SDF2VS0xbEZmb3VEZk03YnlINnJ0YjJZbllCbTQ0TXVkXzZnWVdmT1U0WmtXcmdjV0s1YkRHLW13TWxPR1NOYnVLdy1MX0JkR2FWUWlldW9kR2c2VloxcC1CZGRILU5aRG9OckRLckJyTm01NVpaZlpMaFVQSk8yUGlWT2oxN0NOclhXR09NdXN2Rw?oc=5
MFC.TO,2026-08-30,Van ECK Associates Corp Boosts Stake in Manulife Financial Corp $MFC,MarketBeat,https://news.google.com/rss/articles/CBMixwFBVV95cUxNeWtUSS1OMlFKbFliMjdlV0dheVdYbDU4RjI3N3BnTWQta3AwMDc4U0xCZEZyT0xHeG94cVR1eHNjNEtacFpCWjRuSEEzQ0N1U2FpYzh4RnkzTk9YTjNkWExxRUZueXoySEwzbmJEWC1ESVhKYUNBQ3U2ODNCdXF3QjhSWmh2aWp0dW9SU0wtcTVoXzFEOFdoc3dBX1l5bWRmaW1JRjZXNWtsRXkzeGdNLWJtem9RazlnemRyNVlJUTJ5cDhLWXc0?oc=5
MFC.TO,2026-08-31,Manulife reaches $69-million securities settlement,Investment Executive,https://news.google.com/rss/articles/CBMiogFBVV95cUxNbWhnb29FWkVGVDF0T0V0aGtpbEV5MzRfNGFNd3VJSlkxWEpOcWtSUmxrbzg0S1JwVlRQLTZJRUR1OVY3NzJzdngwVzFnZUgtMTFZamkzd1NtOEJWNlFNLVo2Vm42QXNqdE1LRlY1NzR4bXNaQmNSU3M5RUZnWGNXT2F2SXdxV3I2QzhDRVhJUlBIMkUzdUVPQjlBRHE2ZW5FUHc?oc=5
MFC.TO,2026-08-31,Jupiter Topco LLC Takes $7.27 Million Position in Manulife Financial Corp $MFC,MarketBeat,https://news.google.com/rss/articles/CBMi0gFBVV95cUxNTjdFQ0dOYUpTb1ZOdzZOOU5wb3dWLUYxSkxzZ3pwdnRwb2x4MzJkamJFWDV5YlVmcFlnZFBEdE5UV3J4MTk3THByUzB2RWREUkpHZDk1NlpPYmV3QXVqU1VrSDZ0cHQ0ekR2SERkY19VWDJ5bEs0MnJqUlQ0R29QMlFaaUZiakFSYkZBelRZb3hMWTRac0xXOXhCM1VEaUNsMEhRYmJYUFBQOUE3ZzdLbG00RkNQd3JhMjA4TUJNS1ZxcEZsVnk4MW5YejZTV3M4Wnc?oc=5
MFC.TO,2026-08-31,Manulife Financial (TSX:MFC) Dividend Outlook: Earnings Growth and Capital Strength Support a Sustainable 3.26% Yield,kalkine.ca,https://news.google.com/rss/articles/CBMi5gFBVV95cUxOQ1ZlYUpMZTFnUjFQSTFnaHdUMXpnWnMtT0tvaFRnWGZicVhzd0RsMXA0WUxqMUpuN0pJSHdvQmRyNnhBcEF6c0N2UUJKMENnNmpOb3dQWVhtMmpQWTYzU0ZNRU5tMkJtZHdQTnVtRkpXX29vZHBtVUVNbVZFVlFXeXhFTm52SEtWdXZLX0U4Wk1qVGowM1lHMXJraVh3LXpINENkbm9ZR0RtUUlQMVBVVGhheXRtVnF0VXI3WXRGWlpnTmppbU85QmFWdE9QckZKSkdRYmpwY3Y0elRvQXItQnVGd2lIZw?oc=5
MFC.TO,2026-08-31,Manulife Financial stock stalls near C$59.64 resistance as weak momentum persists,Traders Union,https://news.google.com/rss/articles/CBMilwFBVV95cUxObzU1a3dybHluelZoZDl6R1VKVWkxM3h3V0xkY0JpV1VZQ1JTdXVMX0hWdGo1UEFBSk10cVJaeUd2MWJPZG5LNkNiNmNCdmFjNEl3MEpRMG1qVno4M203TW9oUVNxZmFrQ3VZTWM5RzNIZS1Ocm9nNkNIZUlaZEhNQWRQZmxDUDJURlNNczZVZTRnY0tqSTNN?oc=5
MFC.TO,2026-08-31,"Addenda Capital Inc. Purchases 188,964 Shares of Manulife Financial Corp $MFC",MarketBeat,https://news.google.com/rss/articles/CBMi0AFBVV95cUxPaTBrdVpYeFdVamxtM1A3QU1KVzkwMkRrc0htbDlyWjFsaHZtTTNkREJBYnh5aDhyT3B2X0JpV3RSc2NNbUp5bUU2VEhTMjUwcEZCZ1ZyQW9paHQ5d1NyMXJ3VlRuNWdEMjdlTWhpMUFTaVJvcFBSbnlMZDJELWx6VmlpUjFsN2dWS2FLQ01KcWxDMk9ES2N1MXNyYUI2SS1paS01b2dqOVQ4aURFWlRTb3R6VkttZUhHb0ZRM2lGSHlsVDBzLTIyLUNyNDU0WU1l?oc=5
MFC.TO,2026-09-01,Manulife Financial stock holds near C$57.72 support as trading remains in a tight range,Traders Union,https://news.google.com/rss/articles/CBMikgFBVV95cUxNOU9ZVmJNcGh0UlktLWd1SHlJVlVCeGJ3Z3ZDdHBnNWJqVDhqVzNTWnBBRXdyYXBLdGNuMGtQRHZvZUhvbFBOODBNcXJyUnlCWmh6QnVxbk92Nzl4cml3N1RvNUpDenp1Sjd5RTlIdEVaSVFZWVBvOGl3Z2RhRlBSem5aZFdPYjh1d0VWc2FnbG1uUQ?oc=5
MFC.TO,2026-09-01,"Mufg Securities Canada LTD. Sells 126,376 Shares of Manulife Financial Corp $MFC",MarketBeat,https://news.google.com/rss/articles/CBMi1AFBVV95cUxPOVRsWXFsRGJEb1VTWXdJV3pSV2ZWeFZhSVM1b2VOTVpsaEEyaHhlSUpJRF9YSDh3MzVvZW5sTWowU0Q2cC1TTk4zTzFMY2g3UG0wRDRhVXllNVozRi1kNDY5VndhYkxpVkxMUXZDYTZjc1dzMDVGcFNCWE5ySktiX2gtX3lzRl9NYVNhVk05VzBvTmxORkEyVlVNd0JHVmVzeVI4MnlaTy1STjdJektDOTBTck9XallSazFqS2oxcmRaRFhQck16ekFwY1JHUDJtejE0bw?oc=5
MFC.TO,2026-09-01,Manulife Financial Corporation Prices U.S. Public Offering of Subordinated Notes,PR Newswire,https://news.google.com/rss/articles/CBMizwFBVV95cUxPQXQ1LVMzbm9panRmR25MX24wdkptYTdVejYxNzJVcnBUR3RSNVRrWUMtcVdpazE2U3pZSmJLNFR1VnhkY3hEbl9FUzlEY1lsbHhNMlZMSndoYWdEbWZBX3NxSFVxTzJDZklZaV82VGR3MXdabVdZWHl4Z2xRUE51a3VnRWxaSnFnU2hyY21ya1RSRTFJN3cwRXNYbkNfeXh1MnRmRTZCX3lFOS00a1ViaEJ3dDRPMmxQdU9qaFhFeWRRSHBWR0hHZFFBZnBFRFk?oc=5
MFC.TO,2026-09-02,MFC stock prices new subordinated notes as shares hover near 52-week high,ad-hoc-news.de,https://news.google.com/rss/articles/CBMizAFBVV95cUxNN08zSzVHeTBCQVVqaDhQSVRPUHlHMGlDbVhVNDJRVGZGR3VabzdIaFdyd0o4aDFzaG5kb0JTbmFLQmYyTVV0LTNWTkFMSDRDdEsyLWRlT1AwT2V0R3RWbWZFOVp0Q1l5TUk2NWNXVG55OEVjUi15TU9kMTNkLTVHNEY5TkRNbVljUTVlckw5S2syaE9QZ05tTHlwbXJ4ZHozbDhHeGhqREhEeGY5QnZDdGdzU1NOSzR3SENqZHZvSkF2LTFlRkpuNWhLS2E?oc=5
MFC.TO,2026-09-02,Manulife Financial (NYSE: MFC) prices $750M subordinated notes,Stock Titan,https://news.google.com/rss/articles/CBMiugFBVV95cUxPandQS3VTNGVqaWZ5XzFkSkR2M3gwZ1N0MFV3XzI4V0hjUWVoNFJfdVcwMDFKQVBJZWJNakRKMkZEOW9kbVFxYnpoaUxUbHFWVWxiNy0wMFg0VkRlWDAzSllVcjlxWTJFSUo2YnhsVVExMGRuMWlvNUlDUlM2VzRjOV9NNFNSR29zTHBCcjJ5c0JhNnNtNXpQRWhEMERhdUVFQ3dwZUJtVFZ6V3hCSC1WN0tnRldUckNYSXc?oc=5
MFC.TO,2026-09-02,Manulife Financial is a dividend heavyweight—but can its reliable income and growth strategy keep long-term investors rewarded?,kalkine.ca,https://news.google.com/rss/articles/CBMi8AFBVV95cUxOaUxWX3czN3E5VFM5N3hUcFRPWmxXNTZ1anN6Zy1lY1lYVUFDNG00YmJiSmoxenhtZ1R0OTdyWU5OMVVVY0poZURkVUZqZktvcV9QNGRrNGJUeVRyTDh0RHQtVkF5Wnh4Um82T1lNQkw4bUJhNVhzMVhRbFdUSHpYUTl0R3gyVmdtYkZNWkNNeWlJc3hnX3NNQWd0Zy0zSUhhQWtHWEZFV2IwRHp5VHJmSlRhMHJzR01ralppM1pxRTliTVJBMVdOSHI2UkdBZXROb2dLbGlVRVlicWwwYWFEemt6SGV5d29rMEtMOENzbXI?oc=5
MFC.TO,2026-09-02,Corient Private Wealth LP Invests $3.56 Million in Manulife Financial Corp $MFC,MarketBeat,https://news.google.com/rss/articles/CBMi0wFBVV95cUxQYl9jUjM4M2picXdCQ0N0b0RHNU5tNmwxUDdoX0J5b0g1SHdYWlhIZURpakpuTlB1Yl9MUncxaEZrM000eEROcVgyQ2kxODNjM05Rb3RPZXp0RWVOM0VvdlVXelVTRlJqbGZlQ3FBMUtKc0l4X1I3QlZSZXVMVnJvNnAwZHJqY0xpUlpFX1FSb25sS2hQeTg4bDQtZWYtYUtLd0FVUlRsUHhqcXBmX1Y2R2dMQ0kyTkZZNHNfblpUbHlmb0lPYlh5dTlOYk5NaXo2QnlJ?oc=5
MFC.TO,2026-09-03,"Manulife Financial Corp. stock rises Thursday, outperforms market",MarketWatch,https://news.google.com/rss/articles/CBMiwAFBVV95cUxNVVk1WENaTTJvWGdtSnV2NFVsWnNTY2hpcDhSUlhVTURGS3liRE1lZU1KZFQtaUVrRmZBNUMxM2dZZzFhNVpVYlhfVFh6T3c5M1A4WTZJUHpPQXpJVW53d0xqdWZJUHFESzlJTjRUbVQzdllZRHY2aGRIcFFMTU5HdWI2TVdTTHhsU09XN0s3YzNSOVNvbHIxR19wVDh1UmhiYkFvUzVCMU1VQzM3d042VjNlTVJlWHg0aW5UblpJSWo?oc=5
MFC.TO,2026-09-03,Manulife (NYSE: MFC) lines up 6.146% debt running to 2041,Stock Titan,https://news.google.com/rss/articles/CBMiugFBVV95cUxORG5TRVliQzR6TWUtUUktT202VXRlUWFiVEFnalRvY2tCZnZ5RVVadkZmWDhfUk9qM3ZMckI2NmxQSjJQX2g3U21iSG1YbzFNN3o5VWs2R0pLTkJPcTlUNmtvYjVnVUk0OGtQSkJOS0g3UEI5VUl0YjJsX3NSX3h4UDd1UEhKdm5MTkNRYTQ4NXVac05vS2k2UWdBczRCSl9tVURualMxZVpneGJncXVXbUNhaXdKQ2hPY1E?oc=5
MFC.TO,2026-09-03,Manulife Financial stock breakout attempt: Key levels to watch,Traders Union,https://news.google.com/rss/articles/CBMimgFBVV95cUxPWHdPT3B4MXJ5eWFDRmRuSHFQa2FGUThqMEprUXZ2eWE3VXZTUkREUGdzeGhpcGJlaS1XTWVnMFFfd3dZdEpQbW1EQkNPTGxSdU9mT0RzZThHQXZwMHhxQWp1bmtoOXhnOVlwT3VJSHY5LUJ2RHd6UkJZVi1CVWVESnlkdjZsNnpsSTFHQzBaZGphSzFwSEk0NXhB?oc=5
MFC.TO,2026-09-03,What's behind Manulife Financial's latest 2.2% stock surge?,Traders Union,https://news.google.com/rss/articles/CBMimAFBVV95cUxNWXBlZXZvODhVYlFjYXlzLUdsdkpLcUxSRzFyeExUanVoVGZ4YWc4Mm9zQ1FTdGptOXRXd1AtemNDX1hEN1E3cTFrUUx2Z0EzMlR5N0ppZ1JKN01HTllZM1pkWnBpejZ3Z0FLT0J2QWJ1LTVfdGNiU0JPa3NyTEJZMGVkN0o1X2F3NjNmMEU2TFM0TUxwQ2ZXbg?oc=5
MFC.TO,2026-09-03,"Manulife Financial Stock Rises 2.13% as Wealth Management Growth, Capital Strength and Asia Exposure Support Sentiment",kalkine.ca,https://news.google.com/rss/articles/CBMi4wFBVV95cUxQbDgxeEpNcmp5NmdMdjlnQlVtanlyanNGNkFwSllNTmRwSloxNzlnXy1PV1k3eGNGcU5kYUdDS2JwSWJ2VEQ5a2ZzZG82ZHdfaDNMX011NmgzQ18zcU84VmVXRGhIS0JXQTQ1MGdnQW9rSXk2TUFIUnhoeWMxVEJreV9FcHQ0bjQ3REpjQ2pfeWg4SVhfaFB4UFMzTGRhWUxCY0tEd0ZBLVl0cjFOS0tSazVZWFlzV19PU3hZVVA1YVJNTHJNVC1XWmNKQTFkRUZfckpBYzlzV0pNbHhwTl9RVHk3SQ?oc=5
MFC.TO,2026-09-04,Manulife Financial (TSE:MFC) Stock Price Passes Above Two Hundred Day Moving Average - Here's Why,MarketBeat,https://news.google.com/rss/articles/CBMi5wFBVV95cUxNLXVCS2l1NkN6VmxhUVo3WFhoR0s2Yk9lYW9oVENnbW1EamRSS0JreF9SbjNaUTE3LS00ekp2bnNmSWRLMHZfcmJMVUVyN1NIQzdrQjdFSjlndGItQWdqNEJpcTY0X1hVX3ljckdXdFRURkQzdlE5eXExMmdQRjdjOHNvVElmSS1tdWoyQ0NlQ1hPYWx3U0JyeUpfd3VxSEpIeEdRQUVzc25MWUp1cW5qRzlYS2lnRk1TY1dpNHFkR3l3WUdZTU9RdDRobVhUamVkOHBIcXI3TVdoczR2bXRYS3dscXhwYkk?oc=5
MFC.TO,2026-09-04,What Could Keep Manulife Financial (TSX:MFC) In Focus?,Kalkine Media,https://news.google.com/rss/articles/CBMimwFBVV95cUxPRGNqbGJqVHhWbWRMWUEzRnRaVnhyWEdTdEdfU2NCQTl3RVYweFBMdFRFbUNVSU9MRlc3NUtoV2lRdnJJMUFmaTFWUmVNS1dOeFhNcXF6YjNLSm10RlpTMWVHemZBc2szMXdCRGc3V3NQVUhJT2wyU2pkckNpMVRaYjZFSDNvamtHaWVRZ3d2N2NiY2pocGxfa01POA?oc=5
MFC.TO,2026-09-04,TD Waterhouse Canada Inc. Increases Holdings in Manulife Financial Corp $MFC,MarketBeat,https://news.google.com/rss/articles/CBMi0AFBVV95cUxNTjFMS2FDZzF3OGdwNFhpUWZzQ3dEc0xFbC1PTklpMU1kZjBzYi0zLVlhcjFab3FEUkV2ZDZHWVFuVjBPWV9qOWlzclpEZDZ4ZzdFSzZXaXkzSjZzQ0hKbWl0Z3lZU0NQTUM1aTVQRkEzdEV4bURjYk5uak9YNzdfQWhrVnM5aDJMQjNpWUZmbVo0TE5zZmJLTXJXU2RuVFZCZnB6YmtLZ3k4UlNIb0ZwbmZEWlVqc2kzVlRwc2lrLS1vWEdrWm53dWp6d19wSThK?oc=5
MFC.TO,2026-09-05,Nykredit A S Invests $12.75 Million in Manulife Financial Corp $MFC,MarketBeat,https://news.google.com/rss/articles/CBMiwwFBVV95cUxQQWJrVnU1bXNrbzc4QWQ4M1REVFBzNGttRmkza25WcWZEV0FsTmVfNjA0WmVsX1dKZ0J3VldsNGVfZkJTdk5adDB6Yjd6bzl4Vnc2X0dIX1hCLWtiUFlCeEtPUl9pMzdVT2RfZUNGUEIwT0huT3JVQ3BGaENpSDNWdTB1ZjBOblNvVnoxUS03bkNwc3ZNaEdDT2dLOE03eXRGdkQ3MFdEZXQyLTJiQzdWV0dfZnFfLXhfRnBJa3Z4WnZxaVk?oc=5
MFC.TO,2026-09-05,Wellington Management Group LLP Purchases New Holdings in Manulife Financial Corp $MFC,MarketBeat,https://news.google.com/rss/articles/CBMi3wFBVV95cUxON1hYMmhkb0xybk9zeW13SEg5dU5YSHZMRzV0UXRTbjlYMVljTUktVWJUQkxraXVwQlFCVmViZ1MyN2Y1MHp3c0lDZnNReFJMeDllTklRcE9OT19XelZFR3hnYzg0c0k5b0Y5M2lqWldubUpCTHZBN3RINGtHeGlrdXNSLU4xckNWanhPbEw5SmhwYWNxSnRDZm5QaXR2RlhEbkZPazdUUGcxamhuRElvVXJneVhfWjhkTVBuNHR4cW5WMi1qbWJkamljS1YwSVpvTEdFM2hsMDg1R05lVFNF?oc=5
MFC.TO,2026-09-08,Income Meets Opportunity: Why Manulife Financial Corporation (TSX:MFC) and Its 3.1% Yield Could Draw Attention,kalkine.ca,https://news.google.com/rss/articles/CBMi1AFBVV95cUxQM1F0Mkhxb0FPSE9pYnotSUN3c3M5aE9pLWNMZ3k0QUg4ZzBXRFVjT3NTQ1ZpZjVkNlI4UE16SmVyOUtMRE9kTkxiT2lLQjNycS1ZN1dBR1Z1enZkUmRlS1lxWExLMnBsaTVXZVJhYmVBOTY2Qm41R1pNU1ctZndmWDIwbzlnTWVIRnQ3TEJ2QmJMMjY4LTNKQ0pNdUh2Y0xOc3NOemtSUi1QQTVTRXNrVkxCdGduc2N5RWU4NFJjOGt5b0w4MGFlNG9xMjhlcVpvM1B1Qw?oc=5
MFC.TO,2026-09-08,"Manulife Financial Corp. stock falls Tuesday, underperforms market",MarketWatch,https://news.google.com/rss/articles/CBMi2gFBVV95cUxOZF9fY2FPYzk1SzRHR05maFplUEQ3TTh0T2JNVTU4SUZlOGQ3MVlQQ1BibVRtWmh0d0daNzN5ZHBWbm9vaUd5SWxoaEoyUjZTU2Z4WGtjazVNdGltLUlVa1BlVmdJVlRPSjlPZmVfTW84RVhZRWU0NUlzR0YwVkM1ajhnN25MVEJ1dUEtOExsZ3pVcmtYS0wwQU02V2xsbTFmeXRfQXlwM3JZYWJQM0tTWWdQWmNla0JaRW95d3NNcjR1N1hoR2ltWndET0lUMUJrRGdkV3FmZFRKZw?oc=5
MFC.TO,2026-09-09,"Amundi Buys 154,723 Shares of Manulife Financial Corp $MFC",MarketBeat,https://news.google.com/rss/articles/CBMiuAFBVV95cUxNNC03WE9KRHk1OUU1aUQ1THBhdzkxTktZMWRqWHl5Sm1GX1BJWkllck44X1FSR1JzNzdFcE5EcTdITEVMZU1HVWNaSzFKTFJ5UF9NS29HaFNsemdtWG5pNEJkQVJXTV9rNFJvNkd2YkJkelE4SWdqZzlpSlhTRWFKdXlVV3MtM0tyU0hiMWFJSzZLODZFSF9abHdOblF4V1BUV21EYUg3NDFNN2Eza3BrdTU5dTJKNFlE?oc=5
MFC.TO,2026-09-09,Why Did Manulife Financial Corporation (TSX:MFC) Stock Suffer a 2.48% Drop on 8 September 2026?,kalkine.ca,https://news.google.com/rss/articles/CBMiwAFBVV95cUxORG9pUDZLeUpfTmpTRzQ4dUd3SU5JZ3BDcWh1dHNrQWM4QmZDdF9ZSHdVVmg2Qjl1ZWxZM2xXYk1YR1U4SjZTWXotN2RIY1hOazNxVy1rQkI0WlhRakdlekpMVTFEeW1vRzNBLXN6QUthV2FFMk1faFhzN05jV1dIck1GNUhDNmljbGxhT2ZtVm1lUjcyUFdaU0s5dXhVY1hKV1o5X2ZGakRHRFE3TElHdERBeGpRb3dNV1dLM0pRS0g?oc=5
MFC.TO,2026-09-09,"Manulife Financial Corp. stock falls Wednesday, underperforms market",MarketWatch,https://news.google.com/rss/articles/CBMi3AFBVV95cUxNaDBpR1kxeTVaM3dHSHRxUzViT0xTcFg4YXdPaWVaNWdGQVFBcUxmakZuLU4yb3hsRllSRGR3b0FpNVZrNi1adVlaeWwzX0xNUE9zMXpFNlV5MkR5TW5nRVlKM1kyTWxodW85WmhHN0JKZ29rU3lXdjYwVXhCemk2UWhhdUZZWHgwTGIyWUJfRENvdmw1Q29WM09wTjhwVlVmZUo1dlZ3XzF1S2FGaDh4Y0NQQkg5VWtITm1yWG1KY3F5bHBoN0k2YmVra2lyUGxxcWRqd1R3SG1FX2NF?oc=5
MFC.TO,2026-09-09,Wealth Guarantee Plus product launch supports Manulife Financial stock near C$53.31,Traders Union,https://news.google.com/rss/articles/CBMimAFBVV95cUxNaFlXY2dvLUJjeVBzRVFmQUpRVTdIb18xRlVKdHJwUzlMdTdQaTFmcFA1cndmX1ZDWFd2OXJSVVJaV1hDQVJYYVZoMzNlTnFQVWVpVnZsNVZTa1psMlFpbTdPeURvb1FwZ0FkVlZTbTkydFZkcWRwck4wMmFsZy1NaUFLa1dxa1ZjQ2EyM2d5QThmbHZPU0JqSg?oc=5
MFC.TO,2026-09-09,Cidel Asset Management Inc. Raises Stock Holdings in Manulife Financial Corp $MFC,MarketBeat,https://news.google.com/rss/articles/CBMi1wFBVV95cUxPWXVtcXBwY2I0aExhRzVDaGttUmxLTnNZVmxIU2hZZVFPOV92S0VVeDJSU3hpNE5PTmcyN01rbmJNLU5yODZVYUFHekpIQTRRcm41bzhlMDYydWxDZ29GZXR4UTB2R3ZuN2JWSEY5QUFtU2VlQ2hDSU04bHJnV28xR3pGYzV6dG1oZFNTXzJwUVRqRDV4eWMzZGtTU0ZvdGwySm51Ny1EYkNsWWcwQ3dwWFpiU1dVY091aGx1SnJtbWtyX0h2WnZNbkVYakpRNk92cjA5c01UUQ?oc=5
MFC.TO,2026-09-09,Allianz Asset Management GmbH Has $14.44 Million Position in Manulife Financial Corp $MFC,MarketBeat,https://news.google.com/rss/articles/CBMi4AFBVV95cUxQcWFEczRtRWdtLWNFQWpfdUFVa09VZ0JMaWVwdGpWSFhHTmF1WDFpUnRfaWVwVlJkRGROUnNhbDVqajRFM0UteTZReGY2SC1GbW4zZ3E5RVozNXZmUWtxc3U3dUstYjJuZEVuU2NZTW90dFdXRTA2Wk9PbkJKejdkZmlBSGxub1pTVHhvZ0VUNTFOLUJyc0JMOWpZRUQ5UFJfT3hpaXNxd1R2TlNhbEdlSnJaMk1nQThubzd1bjI0dmdTaGFUOGYxZmM5T0hGbnQtbFNMM0NxT0lSaC1xeEV4SA?oc=5
MFC.TO,2026-09-10,Manulife Stock in September 2026: Is This Canadian Financial Giant Undervalued?,kalkine.ca,https://news.google.com/rss/articles/CBMisAFBVV95cUxNcWs0WFJLQm5OV0R0eEE4M1U1a0VWdm1GLU1BcjI3OURGeGcxazJZLU04cUtWOV90ZVZRN2l0UFJPZTdZRHkxVXhBWHNIWkJPQ2pNaDZxZnhjamtXRWZfS054QklqSlRpTkdpS3JTcXFEa21nZ2FtOWpqN2pieXdudEJaaHIydDdRTG1CUkFVbDN1UzBXeXZ1Ul93YUxGNVlJbXJzclFvZDR6R1RHVmk0Qw?oc=5
MFC.TO,2026-09-11,Is Manulife Financial (TSX:MFC) Reshaping Dividend Stock Expectations?,Kalkine Media,https://news.google.com/rss/articles/CBMirwFBVV95cUxOYnE4XzRQRk5mNUJyRl9vWWJWRE9Ob1poMXFyWVRKbGZnUERmVXEtWEJZYXdibmxzZUhXX0dPZnV3YUVfdldJRlRFWHRxRXNlSnlRYnVBWmZBM09KdjBTbmhZdGNSWXgteF9neW1KUVIxdFAwamw0WkVka3djZmFraFVVS2pPNUVBdFhPdlNxdlRQQkFmaWZUQ3ZXN0c5akthQURzVEVodGZPYkdzN09Z?oc=5
MFC.TO,2026-09-11,"Manulife Financial Corporation (TSX:MFC) Advances as Insurance Strength, Wealth Growth and Global Expansion Support Investor Confidence",kalkine.ca,https://news.google.com/rss/articles/CBMi-AFBVV95cUxQang0Rzd4OFNUUlRTbWF1TlItYWxuLXRuTVRDUjZzVlQ1REh2QXc1Vl9CZ2pVcE91TzA1UE9ReVh5ak02V1h3TmFkbFNNb1RWeUtqc254STUzVlBCZmpQME44ZThGTmFJVnBqdHVTVzRoU1Z5Nm5SZ3d5VElhclBXNkpocTJqSWo4Q3hlZGtUczNieWt5N0ViNE1qNXNuYmE0dzU1bmpvN2FaUFhzdzFnRjA0M2N3VmtzelBLQ0tJVmotTGF6NzlVamhrWEVPTzdici1zdEJiTWdvbVhMb2VJajlieWhMc1hRVmt5Z2ZuTWhJQWZzLUZrUw?oc=5
MFC.TO,2026-09-11,"Manulife (NYSE: MFC) sets 6.146% debt maturing 2041, with the rate resetting in 2036",Stock Titan,https://news.google.com/rss/articles/CBMiugFBVV95cUxOLVd4bjgwdWY0WDFEYXY2YTRkRXM0alhrWmt6Q1lLRjNHbmVGNmkxeC1YZlh4RHlMcEc2OFN1VE1DRG9zbk1KMlcxb0RpV01Qdi1rdFlLZnQ5RXBFLU5tdEUyNWRwQjhTZGVxV014enRBZ05wQW9LOHBDandGVktxUVVpbm9EQzVHLWpkekxBQmpZb2hINkRQLWU0SHkzM3E2eU1sc0NqOTlqMUdfMWFld3pBS0Zlc010eXc?oc=5
MFC.TO,2026-09-12,The Manufacturers Life Insurance Company Boosts Position in Manulife Financial Corp $MFC,MarketBeat,https://news.google.com/rss/articles/CBMi4gFBVV95cUxNc2NRX3R5R0tVOHZBUUk0OEdiaW16NHdpa1QyV3E5VVdIejNtM2lTcGJxN3U1eXhfQWFEdlNTTXd6aVQ3elVyWWFIanp5R2xuZl9BWmJhR2pLZXZzWG1JanRNNy13OXpoSHFQRTh1am90WFE4c1NwUDJySWVBWnRRbEwzSEFRdFBwNXIxWndtSURha3VtWHVLcEVwRUtMb05ROVRZZDJBdUh4QUxqc2l2WWxNTGVraUtUc0dXdFZpdFJ6MnMyZDZfSW4tY3dyeGJtdDI3MXlpZER2SUxMTzh5LWd3?oc=5
MFC.TO,2026-09-12,ETFs Investing in Manulife Financial Corporation Non Cum Conv Pfd Registered Shs 1 Series 9 Stocks,TradingView,https://news.google.com/rss/articles/CBMiZEFVX3lxTE1sYXY3WUxOLWhTR2E3R3NlR0FZcDMyMTB0S21rblFGWGR0M2dTWURqRFFsY204eDdXQzJubzNySWtjR2U3UFpTZ1NENjY5QUQ3U3h5RmU3VGpWMHd3YWdpR0xOZWU?oc=5
MFC.TO,2026-09-14,Manulife Financial stock trades near C$61.18 resistance as buyer support persists,Traders Union,https://news.google.com/rss/articles/CBMilAFBVV95cUxOUDhQczhQcldCbTVrTEkxOE5JbkZjdXVndTFmRFVDeGJBNkgyc1ZrMXlEbUZSMTB6MjBLNXY0MEtMbEhfVllpNjRwRmJ6MkxVRTlwWlBuUTY4bmd5N2VjSV9SMEVtZzVmOGpxd0NtbG1qZnJWbXBLRGVDdVdDRDdnRFVDYXQzVFNrZkdYUWE4QWxwYm91?oc=5
MFC.TO,2026-09-14,Trend Tracker for (MFC) (MFC:CA),news.stocktradersdaily.com,https://news.google.com/rss/articles/CBMihwFBVV95cUxQdWU1UEw2Q0x3Q1F5RGllQ3pVQlZVQjVaUERIdVhnVWszVVh2cUhiTWtJZlNMQnBOXzhWeFU1ZTZ6SnhxT0VLV0JLSmZWTi1QYXg1NHJLT19KQUhQZVVncEthSWNmQ2tPX2hTQ1JEOVVvMkw4LXVYZG5zNm5WRDlTTjk1YVRTdm8?oc=5
MFC.TO,2026-09-14,Manulife Financial (TSX:MFC): What Is Shaping the Current Story?,Kalkine Media,https://news.google.com/rss/articles/CBMipwFBVV95cUxNMjNzN21pcWl1M3VwMEJOT21tNTZPaW9IdjIzc1BsWVlzODYyT1NvanVMVmVUTTZtZ21tRGc3SU1ydE5rM2FQTDlmZm5VR3hWelJ1b2puSDJhVGZHY2t4ZldzYWttRXZCdmNXMTNCc0sxa2lnSktUVTR1aU5NNzJlelFjVHo4MExWclBQMUFGakdhdFlsZzB3RmJybUs0aER2amN6bERhcw?oc=5
MFC.TO,2026-09-14,Why Did Manulife Financial (TSX:MFC) Stock Slip 0.233% on 11 September 2026?,kalkine.ca,https://news.google.com/rss/articles/CBMipwFBVV95cUxNU0dvZ2ZheVY1SzNuMEtGc3RsTzVpNkpZWmxMV3BGanJBMmRZZmU3WlBfNm5IRHJ5XzB0WG9vNFV5ZkVMN2xNd2ctZ3dOdXE5ZHJ0ZE1PSW1NdGdUbjQweU15UzdMNUtuZEZWbUNWTkpZYkd1NktqSzljLV92dHZHMWFoV0FHaHV0LTVGZHVlX1kwRERhd1FlblpNckMwQTh0aTVIQWtUMA?oc=5
MFC.TO,2026-09-15,"Manulife Financial Corp (NYSE:MFC) Receives Consensus Recommendation of ""Buy"" from Brokerages",MarketBeat,https://news.google.com/rss/articles/CBMi6AFBVV95cUxPQ0tTMkdFLUNvQmVOR0xQVllqTzNTY2hoclVnSVJ4ck1sMDhmSDZKN0RRRk5aX0lCaS1YYXM3a1RsZGRFeDZ2QlhVdzVENVMwSF9XbXl2eFd2eWFMcHdXY3lPVXpDREoyRG9SVXFkcTNRaWRLVDIyTTZsVVRlVkFTVm5zTW9ka01yVzFlSG04Z0lkTjVXWlR1c2lvVTUxOUc3MjJZcmpRMGtFREgyb2pNSTdJQWFwdXlJMUxfR1lMbWZQa2U1bkc2bmpmMkJHbG9pVW5MeFFkalljT0swcVYxSEhrOHZYZTZa?oc=5
MFC.TO,2026-09-15,Manulife Financial stock consolidation near C$61.39 resistance: Technical outlook,Traders Union,https://news.google.com/rss/articles/CBMikwFBVV95cUxOcHc1N3hSUVVjOFpGalVWU1A3SHd6a1drLWRPSm81LXlSb0I4UUppYU40dXUyb3VqVktGN3V0X1JNTWpTUTBDQUxqYXVNcTVrOVNxN3FrNnRxdlNLdVdSSEZZZUtpMWI1c3pXb3Q0TW9Sc2dGbFVacE5HSkE2OHFYaF9FUWJzMUVwZUpsbUZiTl85V3c?oc=5
MFC.TO,2026-09-15,Manulife Financial (TSE:MFC) Shares Cross Above 200-Day Moving Average - What's Next?,MarketBeat,https://news.google.com/rss/articles/CBMi1gFBVV95cUxPdW51MlBwTUtQa2dNdndCdDFrS29xUlFQcGVQTHF3NjhTeVFKeGp2YVpVOFRQcksxRWt5WXdsbEhmME1sWGwwa3N0cC1BeGYzSnAxYzlZVmxIbWs1UHZHbjFONXZyYUlOSzBhTTAybWdVUm4zbEtGelJJcGxTS080eXpDQUJ0SG1hSVNBdlFQVnJqaEVpVjNBUmNlbzRHcFNzWnQ3azdHN1VrMmdZMGJNUVdGRGpDcFlvWHhEaE1ZQUtwVTlnRnRNR2dqSkM3NXpvMzFKT0FR?oc=5
MFC.TO,2026-09-15,Manulife Financial (TSX:MFC): Why Did Shares Just Clear A Key Trend Line?,Kalkine Media,https://news.google.com/rss/articles/CBMiswFBVV95cUxNNjV3UTh5cjlFTzF1THZFRkNWZWliZzNLSzlpNVhRTzZ5UzE1ZmdWTm5OdW5abWhTYlp3Y0dPbHNndzVlRU1mZXdfZWlQX2FaNGk3MUJiV3N6ZGRvYnpNQzd5TnBTM2xaNjd5S05ISzE2VFFUZ0pKN2d3RUotbUdIYktNMWZTZlNvZUxjZUJjNHV4cXhpNzR4a2Y1d3hnbmlkWERjbFhmOWRCZGlHQi1XeU04VQ?oc=5
