ticker,date,title,summary,url
NTES,2018-01-04,"Nintendo shares are up 200% since the launch of 'Pokemon Go,' but that's not the main reason why",CNBC,https://news.google.com/rss/articles/CBMilgFBVV95cUxQRWVkUWNxWnQ3NkNRYlQ5eW44cDlScWsxOXFNaTQ2dVBvU3duSTctTGxsT2RVTV9pMzFMTWN4VHVTMWVkb1JnR0R6LWY2YjQyS0dkMXVLSk9ZX0JQeDNjbUpfZFluVXNMeVh3d01FenJlNnYxTG9WS3RnV2xGRDB4dGI0MTJEbzNPdGNMcTlGQ0xPNnBKQUHSAZsBQVVfeXFMTXhEQkcyNUMtcEZHbUt0SEtGZnVhSHlLMVBPZFlrQU1OdHVxU2puU0lvNWhCNkJTQlh2Y1k2NS1WSDh6VW8yT01LUkc5U3BiYlBmWm0zeFBHTV9YM25LVUpEbWJJMXFFOXZXVDRzT3JaWHM0SjFVNmpmNUlfMktHU21KalNzZVJ1Nzl0cVZ2bGVsR3hkS2llMTNyX1k?oc=5
NTES,2018-02-02,"Technical Analysis of NetEase, Inc. (NASDAQ:NTES)",TradingView,https://news.google.com/rss/articles/CBMia0FVX3lxTE10WGtqVlJ2eFd3YTZpcWVQQWR4V3FwbzdxeGdMdXVYN3hMS09temhKekRlaF9CT29wS0syczk2TXpNSHlkSjVZdWxITDRacGt0UUlqdFJySzM2a3N1blh6SC1HR2NzM0kybWN3?oc=5
NTES,2018-03-22,China tech stocks gutted as Trump calls for tariffs on at least $50 billion of goods,MarketWatch,https://news.google.com/rss/articles/CBMinwFBVV95cUxNeGVzVEVMbDgtTzNnWFk5RXdHU055ZWJGWm1xTFEwcEhORG05M2lGTXVNSWVqVm8wV0J3aHRhRHNQdjg3MHVCUkZwT3VEeDllb3otS3VsMHRrc3NlUURwY0x4LTBBSFZhVFZDczJnalFZOExvdVVMaGQxYjZHeFAxUXNMVEd3S2dLdmpJTTZjWmRIaFZ5SzlMazM3ZjhYekk?oc=5
NTES,2018-04-10,5 Things to Know About Chinese Depositary Receipts,Caixin Global,https://news.google.com/rss/articles/CBMiqAFBVV95cUxNeHJvb1NUR21iWlhsdVRfYlM4cUl0LVUzVjdESzREbHdxNDRZdWZkb1NCc0J6QktlWU5NMUZNQ0FuVjN0Ry1MUmczR2QySkRJQTZLZjVmNUdLUDF4MmVLT2tESFNtRjlOWUx1YWg2a2x0dld6a05NQUN5dkVZQ1JFOTJabDJ5RkVpVzdRSlAwUG5LeGdmLWpNU0ViVmxoaGRuc05WTEFveDY?oc=5
NTES,2018-06-06,2 of Tencent's Biggest Games Aren't Getting Along,fool.com,https://news.google.com/rss/articles/CBMimgFBVV95cUxOVThRejliTjl6N0lxOWQyeENab2xNOFY1VUpocG1wM2VMOHpQY21TeFc5eGd0bzFRZURfcThJclhnbTd1VEIxd1FuNkZiUndKWDg3U3lackFrZ0RjbjZIZjI1RzdEcF9EaDBMUGRCeGYwQ01rVkdFWXo3OF9jX0tIVzFDWDU2enBjd1kzWW5DeE16TWRvMnF0NGx3?oc=5
NTES,2018-06-06,"Be inspired by Kathy Xu, founder and president of Capital Today, in her journey of investments (1/3)",KrASIA,https://news.google.com/rss/articles/CBMitwFBVV95cUxPLWxueGoyQVluWVo5bXItVGF0ZlhvSnBxVEVpUWQ1NXctZkRlYXpadkNYTXJEUXFia1laV1V3aUJURGxJdWRTQUNBQkc1dWpPMWFqY2xiTm1kSWJhaEFzLU95MW51QjJiSFk5b2twelFDOGk3STFGbEwtMHV0c0U2cVluaEVfbC1RQnB5UkF2OTl6TW8tWVhFUHFYTFBIMFFKWUVoY3Q1LU5GT3ZSWUdxT3dOX3FBR0XSAbwBQVVfeXFMUFZWQWlIcnhyd214Y2g3b0V1Wl85NHNmM3pfaWRRd2ZSZ3JsRHU5LWltb25mLXVSeHktcU14M3RMSTVYZ3BFR2pJYnpCd3BQSS03SWpYVFdta2thMG92VW04enRkdW4zRTFHR0QwN2tkdmVQWmswSVpqRVA4SWJlVUNzUzR1NXptMmd5RWl4OEdJa3d5c1dCbWZRNHJOQlctRnAzaGk2c3dWbzBZdkZLcXpaNWV2THZ4S3B1NUE?oc=5
NTES,2018-06-07,"Be inspired by Kathy Xu, founder and president of Capital Today, in her journey of investments (2/3)",KrASIA,https://news.google.com/rss/articles/CBMitwFBVV95cUxOaHYzVm82NGotMWlOUUNXWjR3ZjdETzdpUE5ER2FUeG5EX25MMXNPTlR5aUFKWVhZbmtXQU1mbnVmbWwwS2lMSXRKczNZWUNGamt6WkdtaS0zMkdnb3FBWVhndW0wSUthS1pmNlBUVWc0ckxwRVhtbmgyUGJYT3RyWW93TVRUb2kzdWE5RUVNNDdMX3N2UTYtem5DZHVacUxlaVE1WTdrekE4Nko2eGNVLVVNVnBQZXPSAbwBQVVfeXFMTWd2Z1JxS2Z5QlNvVXVXcHhxb01pYjU1aXBuMlVFSzNvQ19IS21neGwtVEFpSXNEbEtOb3g1VXhBSHl0NHlyUjNWdjh2SmIyakV0Q1FVNDRYSXVrYWZ0YThMNDNoSWlBUEFldmNTRXAtb28xcGFtQm9xRklqSWNQdXZzUnFTWU1NWWphUEtuTGRTRThOZlIzOFNZV1BKM0syN2FRaDE3bDU4bVdiLUZBZ2d5cTM4TW93UUdScnk?oc=5
NTES,2018-06-10,"Be inspired by Kathy Xu, founder and president of Capital Today, in her journey of investments (3/3)",KrASIA,https://news.google.com/rss/articles/CBMitwFBVV95cUxPWlRDSkg0UHBXbGdVRFplMGxneEtMN2w1Uy1VSHZScm1BUEh6WElhN0wwSHZZNG5hb2NFWGR1elJpMG5PNXRVVlA0c25JaHQ2R3JVd3RjdEtHVzZFMUJUSTFNc2xHSTVoTG1abVBhcl96UmpkUWlOM1ZveE9mYWRLVzhrQjhBSWN4Sk1TbXpQTDcyd1dSU2lvQnY5eldfdEFneFZPczFTMnUyaGV4YzBoZ3ExeGZHMVnSAbwBQVVfeXFMUEVFUWhsU0xJb082SWtER3lQbF9sekJlR3FaRVhnUk8xRnlENkN0TktxRm1iby1DNldEQ0hCTmNwWk95aTJoWGphMnh1b0l4ZC1adVRQQUZMOHVLeHFsY1lHeFBLWnVLTkVCMFE0YnhXSWZjMWE0TVM0dmVFTDdUODJ2REhtR0RUblVUM2xoUmNHWnNic2ZaVldRSlZTeUU2UHBERUh5bmo4VGVsbm5jZnZ0Y0cwSERrWVhJcno?oc=5
NTES,2018-07-19,NetEase Counters PUBG Corp.'s Lawsuit by Claiming That They Can't Monopolize One Genre,Wccftech,https://news.google.com/rss/articles/CBMiZ0FVX3lxTFBoMFZvWHpYc0U2Zkp0a3IwWktFcngzSnBMdGZCSFlVQldWM0Z6SUJDWlpPcmRpMmFZRFlGbUNCb21keVJ0bXd1NUVTa3BsQk9UNEkwT3BybXRCZWJhTFh3TU5BSVZIOUU?oc=5
NTES,2018-07-19,Chinese Publisher Netease To Counter PUBG Corp’s Lawsuit,gameranx.com,https://news.google.com/rss/articles/CBMipgFBVV95cUxQcHZOdWlDTnhRQ2FnbC1HQlA5N3gyUGpqR21mNkpxNnZpVFJNaVNFSmFoQi1CSEhrQ1FqajhlQXlndy1PUjQxOFc2R2JWYi1CRjRqQkUwSFdMV1R5bnJJMlM0a19EYWl0WFY4eE93TVFPbi14eVpoVk5YNHY1aWU5am82M3JPcFJKeU1VZVdxTEJ2TGhTVTNNUE5zM1lBcE41d2NrWWNB?oc=5
NTES,2018-08-03,How To Trade Stocks: What Is A Base? And How To Use Stock Charts To Win Big,Investor's Business Daily,https://news.google.com/rss/articles/CBMimwFBVV95cUxQc1cyZC1EWDY4eGdsYjBWeVdHV1FyMEJZOFhYMTFnM1MwWTZaUld4TDFENExXNzdPNkJoRlJ2ai1vMXRCOGltNWhZMlRZdmNGQ2tueTlVTDM3N3p6TWV1UmdJZ3dTUGZqQVBsUEtOZTZGaFp0LWJKaHhhYml5VThONkc4dzhzTkZORk9mVW1iVlFLQjdFZU9DMURORQ?oc=5
NTES,2018-08-20,Why Investors Should Look Beyond NetEase’s Painful Transition,fool.com,https://news.google.com/rss/articles/CBMinAFBVV95cUxPMndTX0N6M3o4NzJiWk9qNDVpTXYtVF9kN3J4ZmRKUFAzRnlTNHFyeWxsUVBCWDlqUzFXX1JCQmpYUUc3OFVLaVRsWENQY212TUpWNlFtYlFjell6STdKNjc4c3FvczJIMWdtS2J2NnBJSVBxRkVmRk4tNkJjYzJpQ2hXSnZfQ1NvM1lvSDdTRjloRDVYeFhFVXhxZVA?oc=5
NTES,2018-11-07,Pocket Gamer speaks: Will Diablo Immortal be worth playing?,Pocket Gamer,https://news.google.com/rss/articles/CBMipAFBVV95cUxQVVhITFh6RnA0X1QzN016NGtLTlptaHo3QlhfOTYyUmJhREh6cjljeEhxY0VZb05mUkZoY3JiLXk3QUpEVGpmOHBaYk0wQWRzQUIwUmc2V1JRZ2N2cDh1QmlwVlI2Z0dlcFo1YmFvVHlERlEtY0tYWU5xc0lLdERQLWVxS28ybDQ3d2wxTzEwWFhpeC1ZQmVDeTlac28zbFp4ajAweg?oc=5
NTES,2018-11-09,Developers Discuss 'Diablo: Immortal' And How It Fits In Blizzard's Plans,Forbes,https://news.google.com/rss/articles/CBMiugFBVV95cUxOZWw0TUZqS01QOTdIendCOVhGa2EzVlN4THZlbmcxcU45TWxEcU1NX25BcHUydVdXNGxQQk1HSDlfSWdjYm1uc0ZBd1RfNWwtdWZwMk1OVjhJcDJfVHM3Z2c1ZGR5ZklQLTJBRnMzc214UlVCVDh1Z1Njc2w5SlJ0QzBiekNUSTdPZGVVREl4TTl2NGNtYm5RdUEyTkM2MV9hcDJyaFBYYVRaaEo5YUg0ZUJvTTBvX2p6emc?oc=5
NTES,2018-11-29,"2018 a good year for Bilibili, but challenges lie ahead",news.cgtn.com,https://news.google.com/rss/articles/CBMiekFVX3lxTE5zdnNGYjk1VEV1cmNyWjdSbVlpVGtnZFJpQl9UUVotMkdEaVd3VHJETzdJRk5SVk9LSlFLSTVYS281eDhoVEV5Z05qRUZfczRhYXo3eTFxTWtVQ05ZM2VPQzBxdl9Xb01YNzBvVXRPZDY1MzBYbzhaYzln?oc=5
NTES,2018-12-13,Bilibili to Buy Major Assets From NetEase Comics,Caixin Global,https://news.google.com/rss/articles/CBMipgFBVV95cUxNTlQ0dWdIWkFjZkl5aHhFYXpUV21qdWp5U0FqXzBXTmxmNTlHTXpuR1pKMFhpWXlRZEVYVnBqS3lUcDFzZ29MY1BDTGtDX2R4ZFRYcm1RNWNnamZsdERyWGFkamdhbV9CSnNBT0M1Z3ZTQVhIR1VWSjVEelEtTW9pekhCOFBhX2tMcTFxWVNaMHpMaXVycFg5VkxMdHFJY1BrTGpJZzV3?oc=5
NTES,2018-12-13,From Social Entertainment to Licensing & Data Challenges: What You Need to Know About Tencent Music’s IPO,Billboard,https://news.google.com/rss/articles/CBMijgFBVV95cUxPRjBONDdyeGtXOVlodVpxbzlwTy1zbDVSUXQzUEc3LXNiWlQ0SWkyUXpVb3gyYlUzelJJMmZKSFBmQ1FYOVJQMUwtZ3B4bEJCM3pVOUlvakpIZnBQOG5SYkdMcGg2VlM0ckNpUkFfV1dRZF9DSlVUOHJ4WGRkbDY1WkZhenFFc1ppLTNJcENR?oc=5
NTES,2018-12-20,Meituan Dianping Reports ‘Normal’ Job Cuts,Caixin Global,https://news.google.com/rss/articles/CBMimwFBVV95cUxPSm5tTzlaZlM0VFNibFN0MmxaNUVzdzZaWEJxWEpEYmUzSVVmY1hCMmlGV1pGQ1dfQ2dkT3k0Y09DcW15Rng5eXA0WThyMUVyMDBrWDFVeHJiZFVhbVE0MFQxTlFKc2R6dWUxN2lpWi1saV9iNVBMbTJmQmpnQ0hFZlFTbk1qZVpqU0h3RmRQOFhuOWlNQlFVNllhcw?oc=5
NTES,2018-12-31,China restarts gaming approvals but Tencent and NetEase miss out,South China Morning Post,https://news.google.com/rss/articles/CBMiugFBVV95cUxOaW1OcGdHQ0JENGwyQWQ5eExqbl8zUGtseG9kcTlCOGZQNlREVDNNUkQzWkRrV2NzZlRQUmswa2d4RFBXNG84M01MOEo3N0tkVG9CcFk0c01ONTFtcDR4V0JtM251MTZyVmEzLUFnQWJESE41a1RWX1lqRUN0blVVUlFzVlIwTHV6THhzeGlsamRzd01OVHB1NzNtb3MwUnVMRVNEak54SnFuc3cybFE0MTlmbFZ0YUFwc3fSAboBQVVfeXFMT0dUWVgzX2UzRGI4RkdEZ2ZmOHJYaElRTzcyc0Vzdk0xSFRScWxjNTBwSzY2ajZGU3pldFdYUVluRWRlakZGR3B5TzgzWUx3TVZnOXhoYmViMVVzcWJXZEJzLV9jRkd6Qy0yWkNXMnpFUGkwRGNFUzliSnlQd21xaVhxTmpHNTY2ZzRpZVRzQldXTGdUTW1OeVNUUjlsYzI3S0I0ZTR6d0Z3OVlpYVFZQ0lZMjBmRXY2ejhn?oc=5
NTES,2019-01-29,Can WeChat defend its social media predominance by blocking rivals?,South China Morning Post,https://news.google.com/rss/articles/CBMitAFBVV95cUxQNUlkTWVtcEZJRjNhUjZsQUdpVW50dmRNY0h0VXF4MVNFY1Q3cHJTRGI1Uk5rLXVnSjU2NWlaRjl5SGRWOUFzNzlVUjQxR2ttNHFVUDhyVDFyNHV3Qkh2RURsMmVNanNyMmViWEpJalFVUElPY25yR0NVRk9VRk1PQ2EwT3JlUndzbXF4UEQwLVFRSDRQMFBKNnJuTkMxbDc3dkc2bk9TTUdMREwwX2taMWdEQ0rSAbQBQVVfeXFMUGdPbWIyc20xeXEzRFFZUzBTUjRuTUVxR25ZSVFSSm1FY2hBZnJyWVg0NUNBQnhFanIxNkY5eGNGSHc2ekZmekVzTXd2c1pPRVBodFdvQ0U2ZWpUcWhYUGg2UURLbnlwejhsSkJsUF9WMEFvWmtaTjU2NmlOMkdVU1lGRUEzc2QyRFJQSy1FdDNwYXZwZ0hVb3dQalVYT2NUUTduU1d1enc2enZ5MmlHUHpLRHpi?oc=5
NTES,2019-02-28,JD.com shares take off despite slowing revenue growth,TechCrunch,https://news.google.com/rss/articles/CBMiaEFVX3lxTE95dmdzTWlTV0ZUTGFfTUdGS0oxVUo4YU1jUFJJR3dxbXJDZjI4bV9FdkNMWWtoa1pnU1hrU2lFUU9qdW53aUhnNjN5UTFsREliMTczUUU3X2M4bFBZYkNYa01rLTU3NGhk?oc=5
NTES,2019-03-08,"China regulator approves 95 new video games, including from Tencent, NetEase",CNBC,https://news.google.com/rss/articles/CBMipgFBVV95cUxObFdwZWo3bVpaOFRaVnFldkRURy0wNVhoaTFodENybUhXMVNzU015TnpURWVjbWI2MzdxT3daY08wOVVIMGFyVW5KYW1pQWJ0cndVRXd0TG5ZTVItSWxDajlpTDhuRTQxUG96VXhEZlhOWkd2dUdncDBXU2lKSHp0ZjRoUnhobm5zUEk2alBGTXdIV2dEeE4ydGNYbU43aFl2RDZxc3FR0gGrAUFVX3lxTFBwYXFtVzZFd1JzS0V4X0lJT196QVNjaUttakpjbDBWa1BkdWQ1VGlJTE9IWTliMmxjLWw0dkVVbzA4UmczazE2N0NCeGhkckpTakppM25NS21rcnlBQUk2clNoYUdZaXhOOUZVWXVpLTV6MkJSTGpLNjBSSF9tNXM0MVkzWi1jckpSQ0NOdW9pTXVxVFBWTlJjQTFzYlc1cDBVVHdOdlFMcDVSRQ?oc=5
NTES,2019-04-04,CX Daily: New Zealand's Top China Priorities For 2019,Caixin Global,https://news.google.com/rss/articles/CBMiqgFBVV95cUxPQzVJTzQ4cWI0YmFVbTdkV1BpbVRneU1pWE1YdklaREVhbzFwVHNEa1FkQzV3eVVCVzlkY1NJYXduM3B3SXFZOVpWeW14c3hfdWo1Q2pSNi1LSDMwR040dTVOSnhKZjVBYnhHWTc2UzFGY1BvT3NXM2ZBQjJCd0ZxYkkxei1NNHNpZWd4REg4UURXNWRLY1VnUUFhbHhkZm9BSmdoRm54U1FLdw?oc=5
NTES,2019-04-09,Kabam partnering with NetEase to bring Marvel: Contest of Champions to China,Yahoo Finance,https://news.google.com/rss/articles/CBMiiwFBVV95cUxQcFRyLWc5WGNBOTVrQjd1UlliR1RuRjJlNWRxUUdLTkxxbFRZdkFzMVJXX1U0bU80dnFLQTROQW1KSFlfSkMxTm5leThQWFYtOXB2Vjh5Wmtsd1ktbDlkcVpPUUZUSTduYjJxbEVxWmN5V1BLcG9ZNTBzbjhrZHRKNnAyVlN1eWZGYTNz?oc=5
NTES,2019-04-18,Amazon’s E-Commerce Adventure in China Proved Too Much of a Jungle,WSJ,https://news.google.com/rss/articles/CBMipwFBVV95cUxQNDZBbG9lN0hReGtUZUp5ZE9obGZaQnVxN0ljcEdYNDdfR0JkR0xrUTBqMUJRMmJoZHlzUlVvNm9WelZXanVyYTVxemQ0MVZCcEZiU0cwdXRJMDNNYmZEQU5vc095RWhLaW5rby1Wb3VPTDFsVXFfQ3MwOXZjLW1JNHl4LVFwRWdBd0xOY0phRlFnYnlEcU1qQlNLZDZEZ0ZRWWJRbFNlQQ?oc=5
NTES,2019-05-10,Tencent Kills One of Its Top Games in China. Here's Why That's Good News.,fool.com,https://news.google.com/rss/articles/CBMinAFBVV95cUxOZ051REFjUWx5NDRDbGJVOHVBY2dQQTFiZ0UwZklMS0JMYUV3VkR6UGJyUVMyVjhwVG9IUnNrQ3dvRHdVUFlOdU1LSndaV3JPNUNpQzAxWDJHOFJEaXV2d3BmaHJscFZBdzVtaUFKbjRJRlNuZUxSTnZDRHdvbVV6clp4T0ZZWF9pbDQ0bnRVakVNZE1seG1IeDlsRk4?oc=5
NTES,2019-08-09,Chinese fans review bomb Total War after NetEase becomes publisher,South China Morning Post,https://news.google.com/rss/articles/CBMitgFBVV95cUxPdGxRSjI5Q2tJVVh5X1dyYUkxMC1Tbk5Ec21UeWppbllwaXhaLXlkaHEwbGc3VkNabUo0TjdTOVFmV1NnZGhGbkpweElYdHVfZHFSYTNFTVZPTkFKT3JFMWh3RGJuXzlIMFpreldqODhjNEN5MlhaMElHUG83RXpDOHJCeHlJZmM0dlZnTmtJN05UYnJsb2o0MlotT19Sd0hnYmxVNjZjQ0tOOHdXdDlTVTVCZFkxd9IBtgFBVV95cUxOUXVLWkl0ZTBGN0tHVnJTbl9qOHM5RThuSTY3aVZ4ZXhWMUtCenlnNlJzRElWc0w5NHpvWnc1M3pKck5PZkg4bkpLQXhlaFFycC1nTGRJZktUdEtJS2VmcElzamZrYkNZaDNGSFh5Ym5wcUhRNWp0ZzhSZGlYSFpWZEdlNHpyTEwwWnhya0xFRG1qQWdsdnZfQUhsR2Foc2ViOWJGaU5ob2xSb29xbkJmTGRSRXQ0UQ?oc=5
NTES,2019-08-28,Why Aren't the Bulls More Excited About Bilibili?,fool.com,https://news.google.com/rss/articles/CBMimgFBVV95cUxNMHdnSFU1X2Z0U3U5b2FFb18yLXh1QXJXMnRvMWVhSU9ORlBxSUFPS0RkcFlMQ2RscjFJWkRQM0NoZHFnSnpPT01CUjBHTlF4a0tzZkcyQTFURnZVVEtTQXNRWGRtbXo1cjRhLVdOTU1yQjIwWXp2UUplYnBYWGtnLUxLSi1hQ3EwRjBEZEh0TTFQQ1J2T2pnajFn?oc=5
NTES,2019-09-06,Alibaba pays NetEase $2bn for luxury e-commerce site Kaola,Al Jazeera,https://news.google.com/rss/articles/CBMiogFBVV95cUxQOUFNV2wtSmlDTjF4UWozSDZhU21LNnVfUkdjTW56YndKYTZ5TW5SZWVObWk0VHhDdVBITUU2M1NsSUNuMUpycWw2VklyeUZmSjFEQlZSNUdLOW53U09CN0JQRHAyVk5zdVRCNzdtOU1od29nb2tvb0pJZGFPakhKclJ1a3dHQTdqMWlXVEtYYnZvazNIV0lJc3RHeG1PZVEtOFHSAacBQVVfeXFMTWt4Wm5DSTdoREVKVVhXRnY0c0FqZUJQNGlZeWNZZUpNNTBEMTA4ZjBJbThaMTRsOUxDb3pBVDlGT290V2o2VEZjQ09nX1ZNX0luTzhKcHBrSzl2UmdRNTdzS0lBaFd3Vy1vNEFfeTNtenYyOFNhaW12WHdZSFVLYzJMUndWUFlwNVRONGRtYWoyeUY0UXhOSXhUNUFQWjFoUDNQSERPeVE?oc=5
NTES,2019-10-03,NetEase’s Youdao Unit Files for $300 Million IPO in New York,Caixin Global,https://news.google.com/rss/articles/CBMiswFBVV95cUxPdktLbXM1OTB4ZXR3X1I1OUhqLWxZSnVvMWxva0JnV25lTU9MUS1wb1FFSVNicHBHNlJucmNmeDRlRUtpeTd4VVNnMlQtVDN4WVQ4aXNpUU5idE1URk1tS0hFNnF3TE1hRk5oN0tFYWhHOGxnNlVnb04xTV85RmdlUWFReWJIU0xWSHh0YnpBaHN4UUI2d3dEWnlLMm5RazQ5dGxSaGYxRERZQ3lONFgzZ2hsbw?oc=5
NTES,2019-10-26,NetEase Youdao Raises More Than $200 Million in NYSE Listing,Pandaily,https://news.google.com/rss/articles/CBMihwFBVV95cUxOaDB6QktTdTVEQ1FBZFAxd1dHTWRsZlhXRW42MUJGUzFEcGNvZm9wVlN2akdiZ19XOE9qMC1HM21BRXpTdnNKNjRlSko3MWU4cEt6UWRXUU1zalozOGlKR0FCN1pSV2JaMXRzZTRMTVd2ZDdwSnhEckVRV01Fc3dOYkFfdUdBTzg?oc=5
NTES,2019-11-11,"Travis Kalanick, controversial ex-Uber CEO, cashes in $547m of shares",The Guardian,https://news.google.com/rss/articles/CBMiigFBVV95cUxNN2hJUkhqaGZodWtFY29aeXB3Wm5xdkIxNjMtV29zVEhHMElDQnpjUUc4MVJNeG1zYk9oSk1iUzRzdllhNUNZZ0V4YzRWcGpqa1ZJS3BZVUFaR0xFRUNvMTVITktvdGprdUl4OVJNU21MNEk0a3FQa1N5ck1tR2cwbXBkOGVIdXUwNnc?oc=5
NTES,2019-11-20,Bilibili Posts Its Strongest Revenue Growth in Five Quarters,fool.com,https://news.google.com/rss/articles/CBMingFBVV95cUxQbmY2VnlDcXdfYjBxNnZBeTl6bENqd0EzUnhOeUNrOUs3c3RKRnp3NHVGMWtLVnNUOW5mZ2JXdHRVUXZVMTdMeU1hUXVtakRNci05RmNUdXlYNWhtSFp0YWlSMUpMZ2R6TTVUZUMtMld0X1ZJV0phUC12UHFiS1VHOUgwT3ZkV3VPSlltRC1zb3NLTXNFaTVDWHRQYlZKUQ?oc=5
NTES,2020-01-03,"Hong Kong bourse discusses new listings with Ctrip, Netease",Gulf Times,https://news.google.com/rss/articles/CBMinwFBVV95cUxOMUprOGMxWkZnamdTVE16Y09DcDJOclhQbHBoQjNLRjJjWHVWRk5SUEwwd1hFSzIwZmhmbmwxbjhpMlAwdDFHaVZSTVhxLUs1anUzRzItMWJKWnJGbkJTeG84YXdyRFdaZ1NhNGZGd00tNmY3ZDBac0pwRi1jQ2l0V3ZOQ1hGT2kzQUF2UWplQU5CRnNyWDVUQkxJWEdESGs?oc=5
NTES,2020-02-27,"NetEase tops EA, Activision with $6.67 billion in revenue for 2019",GameDaily.biz,https://news.google.com/rss/articles/CBMilgFBVV95cUxPU2pWU09lal91dzdGT0FYSjJSOERVVHZhdzZmM1FMaHBEZkJ3NVA0a1NObGlRS0NGMS1LSXlFdi16M3hwTzM3QTVNUFMwZ2RzWnh0SVlZX29KRkE5TFhOaks2VXhxQi1GRk9xY2ZVekZuUzRfYlNJeHFoRW5MZTlUM0RBOU5hbjVzbW1xa0loWXh0Um1CWWc?oc=5
NTES,2020-05-29,Chinese Gaming Firm NetEase to Launch $2.5 Billion Hong Kong Stock Sale,Caixin Global,https://news.google.com/rss/articles/CBMiwgFBVV95cUxNMjZYTTk5U1MwOG44aWlOd0xEVzlEOWJBYUYzRVRVd1IyS0p6ZzdzcDgxSEQxQThJM2NWYmVTN0pPNllTN19lcGxfNHJ3R1BrMlVrcHBrVnZLN0RnZldERzJJUHZHelY5ZzRud0FmRXdrWVJIQ0kzVkN1SnJBdlZnRWxxSHNwNVpxYXhwMWV2ZVZXZkF3dW1aUlZ6SG5jVWtFdUY1V0J1NXBrWG1KS3NYMDBaM3FxQURyS3dZbzNwVFU4Zw?oc=5
NTES,2020-06-01,NetEase aims to raise up to US$3 billion in Hong Kong listing,South China Morning Post,https://news.google.com/rss/articles/CBMiuAFBVV95cUxPUGtfVDN2TmJybkViMURlamFYMURQOTd4eXBPNHVTWkUwYVFqeXM5Mk81TDVOWFhsam9ibmFENXo1R3dPV0l1dnpWNFEzZTRURGhGV2N3cnR5eWFzWlRTV1RyOW4xUHNkcnowNTZteEgtcWwyQ2FiVGNsZk1BdWViSmRNTTN5dE9mMGpQdnpxcENLcFViM2prNWtQVmduYzI3M1lIMmJnMU8yYVlETjdrWDM2TUNHbmtW0gG4AUFVX3lxTE5BeHphX1dfbGQwUkVlQXpZQkUtbVhmTEJTMWFMS1JWb0dveXlPNGVYVk9yWmE0YXo5QmJKSC1UNnNrRE9LZjdhVEdHZDNTdnJuZ2JZQVdfM2c0ZE5Lb3lWYWt3REFydVRhLVlHSW1qNndLSW10Mi1YN3NYdDRsZHVxUHh4azZoTVpjeXdkT0lhbWJCSVlqN3J3S2R3c1N2V3pHVEFvYjRDRVZiZjctbkFfUktXdXRtajk?oc=5
NTES,2020-06-01,NetEase to open secondary listing on Hong Kong stock exchange,GamesIndustry.biz,https://news.google.com/rss/articles/CBMilgFBVV95cUxNTjFlb29KUzR1WU5WTlhFQXBnd2tvdnR2aWpOc1ZGb1dJN05jUWVsZ1ljd2xZS1RxWTQ5RUU1NE9UUTk4M0tLRWl3b09aN1NPeTd0eGtCS3d3S1dHQjk5cnFZSHBxTEx3UmM5WWJSZFNVOGxPN2FJRHpqV0FGWE54aFdQMlhYb2ZMb1U0VExFbk9NTGxvWmc?oc=5
NTES,2020-06-01,Netease aims to raise $2-$3 billion in Hong Kong listing,news.cgtn.com,https://news.google.com/rss/articles/CBMitAFBVV95cUxNS0pzNGlURjVpZmFCakd0LUUwdVZ3cEpDeUlLcF9DWWlkMmVPdFhZendsZGlvNTlCV1JBdm1xbnBscHdpUExIWTNsMkcwOE1MeTA2N19qSEh5c3B0LVNfSnd5clExMnR3MlVKMm9odk4xVmNNbFJYeE1LY3AyNktNN2NHM3RvUWJaQWpIeGJnLVF0RTV1WTdqYUh5SGxaWktHaEhEOG85VGc0OHlYZFhKeDhjeGHSAboBQVVfeXFMTUZyZ3hCVnFQN3RDZDZWdGhlaHI4ZDRrZFJzc1J4ZUV3ME9ua3YxbnR2V191aTBaOU9qVjQ2SHplSi12ZFF5NG9zMURaSUt4dnZrZFBBRTFiY0RibzlpWk41aVpRdHV3SE1HS29PWERQakswR1RUZDJTdjZlUUxtYWFnbW0xQ2VGeGRsUTQyZlJtd1lvNGpralkzaUN0cEZuZ3RoM2xNS0xkX2FfUFdsYVk2U3RvenBOTVJn?oc=5
NTES,2020-06-02,China’s NetEase Kicks Off $3.2 Billion Hong Kong Offering,Forbes,https://news.google.com/rss/articles/CBMiowFBVV95cUxQSlppaWM1aGhsS2IyMWhtOTg5Y1BwMHVsS3ZLR3BaMzRRb1NTVkNTa1ZkdXNTQXJaRFZFSV9VaHYwQmFOOC16MjNlc2hzNzM4RF9idGg5S2NIM0FtXzdtWlAzV0JhYVVkV0FUc1RXam9SekNrRHJZTV81SmtteXRiUERnWWxOTHlvaVQwQ0VwZjZPbnpUTV9qaF9RQ0UxNHFZVzg0?oc=5
NTES,2020-06-04,NetEase Is Said to Raise $2.7 Billion in Hong Kong Listing,Bloomberg.com,https://news.google.com/rss/articles/CBMitgFBVV95cUxOamlGeXZ3TGZUOUF5TkFYSk1McWtHa1hqOXlxZ0YzdFpUcTJKNVMxR0RhQS1zeXZSaUFFcUdCaTloVThCcmdyVlhVVTZuTlpZVjVuc1I3U0xDTnEtZGJKX0xTU3ZJSnd4SjlMNU9hM3AtRm91aGxUWmp1ZEo3VEpIYkpyUDRVT3dUY3VnTjUxZ01vWEJCaS01OEZXbV9vZnJ2UFNHX2dITkEwbjR5UEtEQ3FwOVBlZw?oc=5
NTES,2020-06-11,Gaming giant NetEase soars in Hong Kong IPO as Chinese firms seek U.S. alternative,Fortune,https://news.google.com/rss/articles/CBMiY0FVX3lxTE5rYUkwd2tJUkhXZFNkQndIdDM3azVGUVRjTE10VEsyem01cDBxTTdORzVnbXY2M29iWWRFS1VaM0JxcV9Bcjh6TWJzMVdFUWxMaDd2VEgtSWRLNjlaLWFkM3RBSQ?oc=5
NTES,2020-06-11,"What you need to know about NetEase, the Chinese tech giant that raised $2.7 billion in Hong Kong",CNBC,https://news.google.com/rss/articles/CBMiqAFBVV95cUxNUVZKU3hlZ1RYbWZORW9HQ2xEWG1EYXJBbEVSbWlyZFZ5NllUenZmNTk2aTJKaG4wOGxmTVJrUmRXX3daSzV5SFVycnU2S2NJaFBMekFoLU82bGZTTVhnakt4QXpCVnFrd3BsVnBCQ1pQMzVfX2NWSE50T3RGb0xnVS16eFMtN3VMOVpwRkNxcjBWYmVqRlZuVzBGZlRGOExURThiX3BFZEbSAa4BQVVfeXFMUHNWdEZLdm5sMDFwMk5hN1ZIYXlwM1N6YnZ6aUlZeDdhT1FUNkJJOXo2bHFTVFE2bWItbXB3bXhDVGtMVmV1ejRyQ2t5MV9oT1Y3ZUV2WTMzWXRRNklnU28tRzZ4UTNrejRJd2pJaVVXSnVLc2t1amRCOWVkcXVpWnBtWWtTemcya3lHeDdYQUlXaFNQZjQwcWI0ajI3SFdud2JRcWxwa0dYYlFwNGJB?oc=5
NTES,2020-06-12,"JD.com’s Hong Kong public offer 179 times oversubscribed, sources say",South China Morning Post,https://news.google.com/rss/articles/CBMitgFBVV95cUxOclJnZjJQYlVoSUFNRnlOTmlTMFlBQVdiV0RyX1d4SHh3RzBwcS1OeG1tUGZjb3lkVXBEa1BVcGo5ZE9fZ1l1c09mNTI1RWlCYmZGSHVvSy01ZmdwN2JxUElkbTFLazdkZmRkai1vREt5eGYwYlhNQnhWaUY0VG5qVzRLOE53R2ZfRDBiRDJrTXA5N2RfNXhuc0dfaGtXTXdJczBaNkdpZGRNbWkxMzJpR0NCVkppZ9IBtgFBVV95cUxNZUFoMTJrRDVHRThRSkZqR3Y5ZmstTmxqY29ucWdfWDdoWHBjOVdkRm1UWXpkUm9ULUxxNjUwb2Q0eGR0MGRHakE2S1l5ZVV3QkRVWHR6bUg3WkRtM0xqSlBrR1FMYThjRnB1LVJ0ZmYyWGxSNEZxOTc5VTB4S1ZaUVRQVEw3c3JMVHZNQWhvVVlEUDkwa2wwNWNhaUlmYVRWVmR2RHUycnBKQjgtaU9ic09xQkVyZw?oc=5
NTES,2020-06-20,Yum China Files for $2 Billion Hong Kong Listing,Caixin Global,https://news.google.com/rss/articles/CBMipAFBVV95cUxOUkJoV09GTkdWanNBeE5TTmkwTU83VXFTcDR1X3h6VW9IZnE2VkJ0ZnRfWlE0aXE5Tk9hcnlSbk0taEhiZHlFalhBYWlMbzVqemFhYXdMQ05uV1lOU3ZabVpYVWxDQy1BUEt3VzRDV3ROZ201Z2NDLU9mM0dEUXdONDE4a0ZSLThiNGpYNGx0ZkhJQmtGeUw4YlRJUGJ0dThmalU4Mg?oc=5
NTES,2020-06-22,Chinese Gaming Billionaire Buys Elon Musk’s LA Mansion for $29 Million,Caixin Global,https://news.google.com/rss/articles/CBMiwAFBVV95cUxNU2hsc08wTlFwMnFFUW1IZHRUTEdiQ3J4MmZlSzVCd3NjSE0yRnlMWFpDTmFiLVZWZzRLaDg5ZE5rbXE0VGN6TlZ0XzMwNDM2X3hkUWRCekVkX1Bsb2V0b3JkdXRrUUhTN01OUUZnR19tTXdoa0ViYzVRQ2g1dk9Rdk1JMkpsbmxLV3lpZThEZTRKcjBkRVpkWVBsc2NFOWxTbFFzNXRjMnJEbFdHaHk5LUxWalgyX05jbG1wd2lPUEk?oc=5
NTES,2020-08-06,Yum China Is Said to Target September for Hong Kong Listing,Bloomberg.com,https://news.google.com/rss/articles/CBMirwFBVV95cUxOMVhFM2RnS0I2LWFUSTIzYXZGYXJMdmxPeEpDQWhqdHNCbGRIX2ZDb1BVUHBVc3RTN0tIRlZfdm5fTVdKaUstWFM2UERsVmRNRzRMeVBJeHpvQ2VUV29KYmh3R0JpQ0FSN2E2MGhFVFJId0ZRS2k4TU1nenU1NzdvMVpWcDRaWndNVVJveXM4ZkYwY3l6clgxa05lY3p6dngyRVhCdG0zTGdDZ2V3dDVJ?oc=5
NTES,2020-08-11,Universal Music Inks Licensing Deal with Chinese Giant Tencent,Digital Music News,https://news.google.com/rss/articles/CBMif0FVX3lxTE1ydlZmNjRSNTNJZ18wOFNEOUhmekxYZTlfc2RuQ0ZEaTNlbEh5M0RuUm9WZEVMaUJ0NkM1a0FsM2wyY2VReUpFWFhfWFFwaXNRNjQwVlJ0cEtYc0ZlOHo0RXdYeEtPcG83LVIwM3BoTEMwTTR6dnV2R1NPcS1KMFk?oc=5
NTES,2020-08-25,Best Buy Smashes Second-Quarter Targets As Consumers Shelter In Place,Investor's Business Daily,https://news.google.com/rss/articles/CBMijAFBVV95cUxNNmVXUnpFTUdpYnJ5emhueExDWm5Hbkk3R182ejdGRVlhZEJ6cHNxZmpuZG9FQ2V1U3BfWG5KdVhNQ2FBRDdFanF6UUdKU2QtcDZzdGhsQ09GT0YxYmNORGp5TVMwSzBnZnJEZFdjQ2RmdXpSWnpPTzdFVGdGM0R0MV9UQnRTcXdzWnd3Yw?oc=5
NTES,2020-09-04,KFC operator Yum China to raise US$2.2 billion in Hong Kong listing,South China Morning Post,https://news.google.com/rss/articles/CBMisgFBVV95cUxQYWdiaFVzMVdlTXNYbEZCUW50bzh2c1Zib2VFX2RyTktPSkZkYVZkeXhIdjM1MkpTTktiUlpmeEtkV3I5OVNPcGNKQ243b05JR2Z1SThweGg1UjVQMjZvekZyR3FXYzA3ZXBxQ0dnRlNyMU5qX1M1V0JBM1Y4bmFxbzlzTlFXMFVwQ1huVTlXT2tpU1NIQVdQZ1U2M2tSV0Y2dDNmVmlFaGNxZDhUXzdWaUln0gGyAUFVX3lxTE9jaW12UlN1MDA5c0o2QzhQdEJQbkJ2Q2U1dEZ6OUNvcWhzbUlmRTcxeTJJY29ZQ2F5allpNldzR3U2T0dONUE5NGplNl9LRWlmazFDT1hab3pZZGZyNnlaUUkwRU1leWZ6ZERuaEhzQnJnd1R4TnZ2WEpPTnljUkVQOXhRWVJSakZ3ZVBBUllZUk04SVpDSlRYbWNiRnFfQVVJb01za25sdzNIU1dMQjNjWGc?oc=5
NTES,2020-09-09,KFC Operator Yum China’s Hong Kong IPO Oversubscribed Dozens of Times,Caixin Global,https://news.google.com/rss/articles/CBMiwAFBVV95cUxQeGpqbXVUQWZlUkljQU1Qb2ZNdFA3LTAtNTg1b1F4TDdxYmxEWVV2UHV4clVZZktyeGFMZldUdThmck83Wl9jd0tiMWtST21jajczNjZrNHp0UlNHUmE2ZVZyTmx3YXc0Z3UxN2NqYUtPeDQxWkpkZXFKRWJJT1VkaXA4OFdrUVU0eVhoUTdTMDlzbXlnVjJhbC1NNDV3VEJNbThtdy1QbUFGeG9MbEw2eHJnM1oyMnk3Y3FiTVV0TE0?oc=5
NTES,2020-12-02,"House Passes China Delisting Bill, Sending to Trump for Approval. What That Means for Investors.",Barron's,https://news.google.com/rss/articles/CBMiwAFBVV95cUxPdXJJVzQ3eDJ4OGVBQkFyTXA2ZEFuZXUtZW92MHF6Zzl0LUkyZkh2MnFNMW9wRUc3UDFzbGNyOTVsSlFHVnlrUlBaSGxEWm1kN0lsU0x0bGhsdUt2MzNjM04zRzdjckdwTDdjVGVOemlrRlY5d0RLLU9VTTNoYTB3d1kzNzZia1l3NVBEczdhblFQd0pjQS1HU0VKTENJUExhMTBYRUVaejhMZnE3eTJFUkhQWGtWR0VVNURyUGJXODk?oc=5
NTES,2020-12-03,JD.com's digital health-care unit raises $3.5 billion in Hong Kong IPO,CNBC,https://news.google.com/rss/articles/CBMiiwFBVV95cUxNVHd0VDlEVUhiLW00NkpIU0hiNWxYaTJUR2kzM0VldEUtdFNFb0tqWU1iMUhlUXRlYXIxODVRWGVTVXZWQWRQNE9tWG52SjR1S1NINjQwQjFjSGlGUFF2d000cEo5eVIzX09OaTFMZllNQTdpX0V2ZVlZbFRpY0xWZm82dDBmWHUwcmNB0gGQAUFVX3lxTE9RTjBVX2xOZTJORUY0OHRFZS1SSVJUUDVPSlpQMTRMakZ1YldER1l5YzVzeEtmS25ldVhkYzVuTjdzOEpGT0Y5WHJJc29qdVh4bW9SS0JnbGtDRU42dHgzYm1YVjRRY0oxUFp0QWtUaF8wMkJyMUtjYThNTDVCcm1qMV9WbHg5cno2NXVSdU96RQ?oc=5
NTES,2020-12-08,JD Health shares jump 60% after becoming Hong Kong’s largest IPO of 2020,Fortune,https://news.google.com/rss/articles/CBMigAFBVV95cUxPWDlHX0FxTmpjTHV5S3FEbFUzUjVZV2tjTVE2d1hNbVhpcDNmSm9qa2g3bzhTMnJsVmptcUdqNHhiVWc1bFJQZW1JSmhjY1Y5TFFzdXBQUjlvUWt6bjZrTTJLYkpZMXU2dXRuRFZEX1h5QjlXYm94dVJyMEdQOWdxNg?oc=5
NTES,2020-12-23,The 5 biggest Chinese IPOs of 2020—and what to watch for in 2021,Fortune,https://news.google.com/rss/articles/CBMinAFBVV95cUxPV0pVUF8xR190cUpTeHBhREx6UmxiZElyVzdUZkhheWhuR3R1TE0xM0p5SkV2T09FOGlWeTJoZVNRbm5zcDktendtUF8tZmdWaS1aLVdGT3FjUHoxY1R1WjRtRkFPYzVPQk1QcHJrMVB0dnFPM1ZxanoxT01vdHIzb2MxSUE3ekdVQng5dkRBdGxlSUZjWklMbjRDajA?oc=5
NTES,2020-12-29,China’s young gaming tycoons suffer investigations and misfortune in 2020,South China Morning Post,https://news.google.com/rss/articles/CBMiuAFBVV95cUxNVWoxNVkxT21hZy1NN1dsU0VqZ3V0UUlzNnlBaGUxSmxfcm9GZmxKRmZPZHd4MGdaUXY1WWNpRGJCb01zM3VtNmtxTUtzTVV2X2tYZ2cxNG04OWxPLU5GMkRTQW9QQzNINS1zQkp5aVBTR1ByQkJLYXBRbmZpMk5Dd3NocDBLeF9MZDliRGFXb3B1dkhvT2ZTSXFhTkx2V2czdVpoUmlTTVpGcGlwb3JDN0RtcE9qNVlD0gG4AUFVX3lxTE1GV3lwbGV4NGx1V0lhdjlQTVlFeXJKS3VhT2pIcUxFTXZxRlM2R0NfYUUtMHowMnZCblJTckR1TE9MSVU5M3ZlNmVVSUdiX05UUnNoQUx6bV9KQTZKZnJQZVJrNUhDWTFPV1dxZDdJcFRwNFB4V3pWZ2F6N3hyaHdvR1hNWHg0akpCTklQdklBZ3RHSkphVDA5VFNGSEU0UVd3M0xRUGFkR2E4N2ltTFlseGFIVGd2YTE?oc=5
NTES,2021-01-05,Alibaba to Shutter Its Xiami Music App Next Month,Variety,https://news.google.com/rss/articles/CBMilgFBVV95cUxPdHdWQldaZE5HYzU5UWsyZnd1bzBjbm01d0h2YUlpVTBYWF9INWtCZGNQWlJNYUE1d2FTREo0b2wxWnJXQUhfM3RxbThZWVFIQzZaR3NuMldwYlZCNDJfQ2xIMzVBNGVvQl9VNHp6anZ5dmNqbE5GTTZHNGJfcXR3YUZlU1UwRmU0dXdZZExxMmlzUDVXOEE?oc=5
NTES,2021-01-12,Nasdaq-listed Chinese video platform Bilibili files for Hong Kong listing to raise over $2 billion,CNBC,https://news.google.com/rss/articles/CBMinAFBVV95cUxPdnBOSTZTX2tvSmRzU2gwYWpWX2l5cDlpbnMtU3hINVR4aU01NUlaSVZsWnlQT1E5Z0lQaGdSZzhsODdnX2tXOEw0dE5SanhTSzY0Zm81SHoyQm1wU0RvMUJqN2lyeEkwMzJCV0pfY0RYTXJZRVAzd1FtcGFmU0NQUmM3aWcxVXJuckN4OUNtYlVtRlpNZFBLMjZyaEbSAaIBQVVfeXFMTV9PbmgyYVA3MG5fSnJBQ2J4THFqbFZiRnBkMU1uN2w0Wm9xR2d0LVJrVzJUQzYzcjU1ZVhNNlNVdlVEZUVGNWZBN3B4TXdNM3N5ZlhRN1JfR1ZjRUpSRk9sSTJ1QmJwZVpjTFktUHhic3FfLVkzVEpPeGdtaE5SWTlRUmlJbHVPRWlrS1BLT29ocWRveUsyZF9VeUh0Q0dqdE9n?oc=5
NTES,2021-02-04,Is Mattel Stock a Buy?,fool.com,https://news.google.com/rss/articles/CBMickFVX3lxTE1TZVRJYllUbUx6TFpHTlJabUlMQ29JWXhZaEhRMXMxZnd3QVFfaVM1N1dGbnNWYXFQS2x0amg3b1RtWW5aUXM4NVBuMVc4VWdGMkluRENwSENZT3JVRFQ3Zlp6VVZwZjZHTkZwZ1hEVFNnZw?oc=5
NTES,2021-02-07,Why the Hong Kong stock market is making a massive comeback,South China Morning Post,https://news.google.com/rss/articles/CBMitwFBVV95cUxNdUxQSkFOaU5EcG5SNTBaS2hhaS1fM01mQk5MOGFkaVV3QXpfWGRLS0MxdVJCb2VzVTRSZGJRUEdJeXlzRjI2VXVMNjRhVTE0U2FEcTktUVlKUVRTX3NrM09sSVB4S2VoRDVDV1lZUUxpSWN2SHAxVjcyNzM0cjU4Vl93cW9oNVBYZ1U3aFVFYk4xTUJicV9pZFhpYVpsSXlPUVloZGVnNzRvRjlacnU4QUpfYnNVYlXSAbcBQVVfeXFMTTg4RzZ1QVBsR1VZUVppWkI2Q1RRNFd0V1ZvWHhsbi1YT0U3T3FvTzZydkFaOWstZHBTbFlHeUtJN0ZVX0g2aDAteTJERTFqWG5RWkJIV1FPa1NITU81b2hLN0FmOXhqeFRDbnFMN3cxWTJZcnF6TVlGMGhMWU4tdzc3UzZIV011VlBjMnlwMHdVQ253MFhTTmRoY1RKLWl2bW9vNUxHbFRtWFdlYVFqNjZBdC1FSXp3?oc=5
NTES,2021-03-17,Bilibili Wins Approval for Hong Kong Secondary Listing,Caixin Global,https://news.google.com/rss/articles/CBMirgFBVV95cUxOYmFwNFdxcDBDdjRpR204Z2lIRGZ4VURsbzliZmZtSk5yX0IwaDlNRHFOWEZtd0hhdFpNNThXcm1CWlJRQjJpV0drM2Y0Z3ZuWElkYW11dDZQZlhmRU9qZXgyX2l3Qjd6RmpDUkRhVV9ackFCb1B1RjU5R1J6azJTeWE5X0w1NkcxT0I4X05UcHRQUDNUTExOLVBPMS1CUXc3MkVMeEROQ08xdzJjalE?oc=5
NTES,2021-03-23,Bilibili poised to raise $2.6b in Hong Kong listing,The Malaysian Reserve,https://news.google.com/rss/articles/CBMimgFBVV95cUxNaE5KR3cyS0I3VVI4YlpPVzAyV1BoOVhMTHlXT2hRQ0ktc3dVUUx4NmVBYy0tdHdnemkyQmdjd0JJQWNWOFFlTnJXdTMzb3NGZWxiR3FmQmoySWo3ejJfWVJlT0QxamJ1VmV0ejlsUm5fZTRkWC03RWRTRzdUS2ozMnU5TGdIMDN2TDdSVk9ubDRYLTBQelRXY1lR?oc=5
NTES,2021-03-24,US Moves To Enforce Law That Could Delist Chinese Companies Listed in The US,Seedly,https://news.google.com/rss/articles/CBMiakFVX3lxTE93RVBRaXdSUlNXemZxSjNLcWlSS1lCU3JlZGdCZXhjWHhxNXBORTNYVlB3S1hUQzlCc2xUSHhKWGxGSE5ITTBzMFY0UGNma1ZaR1NfNXNDaDRWRGpCX011VlhSOURCLXhzYnc?oc=5
NTES,2021-03-24,Chinese tech stocks hammered as U.S. law threatens to delist firms from American exchanges,CNBC,https://news.google.com/rss/articles/CBMiowFBVV95cUxPbS0wd3VlRThHX19wRVpSUEtLbWVQMnJGZm0wODc5NEtQMllSa01FaDJ2SExBZE5sa0FjTlp0YnllNkdoTFZhcVE4NFVwdER6UGRZSTlTbXlzbW90anJwMVpKYWQ2WUZXNXdndUtJWExxU3Nfdjh0WlRkS0pRLUFRaWQwUlo5S3VzaUdabkJpcnIyaTgzbEY3WEloUXZWQUhrQzJ30gGoAUFVX3lxTE1GZmVocklmR3psaFJDLVhVbnZEOFpJWTFmZkMwWVVqRWh6WnpkMndkVENRR3NoVU9jNWpGWGFnMmROMnhZMWpjSVlPTkVNN1NQUTVVYjJYUURWR2RlSUczcXVuQWNJajdPa3RxdzlzdlJ1YmZFbWdLeUpjRU9iMnFKRGNzZEl6YzNRZWdUck5zc2w1Zm9aaXVKSVFEbV96M3BITW5kek9YbQ?oc=5
NTES,2021-03-26,"NetEase, Inc. Financial Statements – NASDAQ:NTES",TradingView,https://news.google.com/rss/articles/CBMid0FVX3lxTE1FRTV1a2dyZEZneEQ4VklnYWRYd0J0ZXZMd28wZzZEeURPcDl4aUR3WHpYSEtNeHdzeVh3ZjlRNHRScDk4ekp1VjRKbExrSDNSZjBvbTBKRjBuemlGbTRqSXkzNVl0VW1OMUs4UVdoVXp1TjNnSGo4?oc=5
NTES,2021-05-26,NetEase to spin off music streaming operator in Hong Kong IPO,South China Morning Post,https://news.google.com/rss/articles/CBMitwFBVV95cUxNWUZaNzZ6dmdSWVVuWjV4bXZVampGc1hoNkFvbUFuYlJ4eHlTUE0zZ192M2Z6djdaelBpU1FnZHVITnRxRnM1SmtKbHh3ODUzeGdTdzgzcXpBN2twOXBPbTBUUTBQN1g2ODR1enM4VWpUaEswbTVzZkpYWHJIQVdLMXlPZmFlX1dJdHBRMkl0TTNGWGZXY3VyUmNwMFVYY2dubDJ4SUFuMnRuaS1sa0J2cmZOc2JHYzDSAbcBQVVfeXFMTU1KdFAxekxVNGNIWG1LNThUNkdzcUVNOThnbm9NeEhXWkVrN1BFR0RoRW9QVnJBVmIxNVZ4NkRFN1FicGpwNUxRSEJIQkQ2TmdGTmVqRDVyUFhGUnJ0dnEtR2cybTcyMnhhQ3JsbXVqUzlCTnM2WlFYY0VaUTB1SnlOQ2FncDFRa0JCMTVSZFNlS29hSFRpb25BRzVSX3ItZ0x1WjFuRnFqdk5hTzVnSmRZOWlIY3U0?oc=5
NTES,2021-05-26,NetEase’s Music App Files for $1 Billion Hong Kong IPO,Bloomberg.com,https://news.google.com/rss/articles/CBMipwFBVV95cUxPUndjTEpjVmJadHYtSEhoMmFEZEZwOUloLVliQ2VWX2JXaERYVExXT1hRTE5pbm9KeFhzRlAwU0JPWS1xRWJkanhlZ0o5aTV3SGhYNjJ5TnJ4RzR1VWQ0TXctTjNsYjVXSGp2a3FZZS1ERmcxalprem5BZ21aWDRJT2VibnpJd3RhRVpmejNsSDJjYnc2aXZpVDFHaEFaRUdMYTF0UFptOA?oc=5
NTES,2021-05-28,China’s NetEase to Spin Off Music Streaming Division,Variety,https://news.google.com/rss/articles/CBMikwFBVV95cUxPbjl3QTVhSXJybTdBVTRYZ1U4Q3Ftdk1kdlNkVTFBbk1qYVNGeHFiYkZwbGlNMUVFOS1zV0U4TG93RHo3Tk5zUm5IZ0xyZWZpb0RCbjFVZ0hpa0gzaklvaW1QVElfRGtaZXJ2VklEYjhiLUNDMFZuVWRaY1NxY3NESkxvNEYzR0FWS3QxWU52ZG9VYVE?oc=5
NTES,2021-06-02,"Alibaba-backed Nice Tuan regulated, IPOs and earnings: Retailheads",TechNode,https://news.google.com/rss/articles/CBMingFBVV95cUxONmRqTGxTVnVVWFN5ZTI5SDVGN3BhTWFlR19yTnFhLW5SVlJZZUNBOEZabklCY004V3A4SVJXQnJWVWZoV0EtNFNYZ2tfY2R5QXNFYVRCNkxPUU9EWV95cDU2UmtLaWwzVmIxR1hNcHF4UElVZUFnekJuTHlzTW44YkwxMVZQMjlCOEdCWllxbTB5QkFUUmFwVzJaU0JSdw?oc=5
NTES,2021-07-08,NetEase Cloud Music provides a supportive outlet for China’s post-00s,Dao Insights,https://news.google.com/rss/articles/CBMioAFBVV95cUxQY1FSdVlzTXJPN3ptVGRVMFp6SDJUa2VsQW8wc1JXa2hnX0wzSkpmc1pZY1VJTnptYVNWUTM1cXJDQ090Tlk0dG0zOUNYREVCdGVQaDg4aVlCaWVLcndyNW9LNy1yU2I1U1pXX3B3M29jQ1Axc2hySzg0Y1NYV2M1T3Q3UXQ1a1RjSUdvNnVSYUE3OEtXY1RXR0d1b1hwMHc1?oc=5
NTES,2021-07-26,China Regulator Orders Tencent Music to End Exclusive Licensing Deals With Labels,Billboard,https://news.google.com/rss/articles/CBMinwFBVV95cUxNbl9fbG9ZOFBRLTBnTUtqZ0pUX0pScVJndjZMbDBfc3E4aFMxZVZmOFBzQTAtM2V5QkJIQXJ2OGl6cGh5LVp4cmZCT1lKUmJobnN6bTVVbWpyMjFWcUdIV253RXVqRk1LQWRQdXpNaDNKV1RsNTBCdTdYOFhjdmxVcWxOUWRKLVVhZk9iSUg3VkZjLXVMMHZxb3RUazN3ck0?oc=5
NTES,2021-07-28,Tencent forced to give up exclusive music rights: Did it really lose out?,The Low Down - Momentum Works,https://news.google.com/rss/articles/CBMiqAFBVV95cUxNUlB4SXlOT2VNeGk5MXc2NF9PdVBNV1VKMW9vYU9uZnEyem1IUEViZlZOQkx5dW9fZjY4clFJbWxzY0pFVUhkM0xpb1o2TGl1VE44OW16SXZWbE9LSGE0ODQ5SFUtcmFiWUxSMVJsOUFIUFRRaDZnbTdaalluTVQyeVk3eDRJVzl1Z1JvYWwzZFpPclZQQ1NnZE5vQnZhV21oOFpHMDR2YjI?oc=5
NTES,2021-08-02,NetEase Cloud Music Gets Approval for Spin-Off,Billboard,https://news.google.com/rss/articles/CBMid0FVX3lxTE9sdWJvdlJsSlJFM1dTNDUyU3RTS1J6RDV1b2czazNFUTQyN3pQZC1feUNOV2FkdVNIeW85WFdpY1NUamRZUEl5a3pRR1hqalZteXVSeHFmTnZkLTF6elhHLUlfemh0bDk1Vi1jUE4yR3cyYWVHbjFr?oc=5
NTES,2021-08-02,"Tencent Stock Crashes ~6% After Chinese Government Calls Gaming ""Spiritual Opium""",MMOs.com,https://news.google.com/rss/articles/CBMioAFBVV95cUxQQnJ2TEhMM2FQZnd2YldoakJLTTJfUm5CbVFXUXRYakN2a0d1MUZsREI0Y1FyaVBzam5OelBqS2hEdER1V3FBWXB6UWJrTlpiM3A5Zk5nZjMyTXZHODNHRWJGQUdWeXVvUTRwcnVaUVFrSUwyMDBET3FKS1ctVm5fYTVkbzRMa1pZVkxIczhOZXRLWjVocW9Rc1FMVjhyREwy?oc=5
NTES,2021-08-02,Tencent stock falls after Chinese media calls online games 'spiritual opium',Shacknews,https://news.google.com/rss/articles/CBMitgFBVV95cUxQMmt6UTBiTWViVm9zOFN4SHdzcHh1ejZqbTZybHJHdTdfZXNpd0F2cmt3WTdPN2VvcWQ4Z1FHeVJ6aVhhN2pJdVRkOXdQUTk4YWtTUFJEWmUxTVlUSm9BYWJNcjNjRDY5WFJaZ21DZ1p0T1R1cmpqR2FCZXZtVmhEZkRXQ1R0OV9EOVUyVFRYSHRHVVZvclFpSXl0RzhQZEF5aGZxbHJGUU9mcEpEbDcxMGR4SWNvQdIBwgFBVV95cUxQeHBSTGZDcGV0Ym5pb0pRaDR0WF9POVptSVlVMWJ4bW03ZVlQVFdjQ0RqQ3VzQ1lBamt6c25tY2ZpNC1Hb2F1UXBTVVRSTnFEZ2xWeXRDVDFycUFyWldHbGFYMU5nM1Eza1htbUNjUHl2RDV1djRIdVE0bUdYM0pEbzVWLUFVZm1iZzlvUmZsaGxONXQyWDlOcUZEVkdfRzRMU3o2YnExMW1OcER4SXhTMXY4SHRSTlpZOG5CR1hNZWVRdw?oc=5
NTES,2021-08-02,Will Cloud Village’s IPO perk up Hong Kong’s dawdling stock market?,South China Morning Post,https://news.google.com/rss/articles/CBMivAFBVV95cUxPREV0Ym9YVlU3NGJ5a2M4RGtjdUJkM1ZaUXZWTC0xN3plV3dWZXYwRk93TERxWDdyZUxnU2NxQjdtLTJyOVloOUg2RXJoSnhzTFN4YndwWVVKMzh1VnBKalBEQnBzZDM1OEpReE1CWUR4WURveTJPY3ljT3RNdXdnWEJkMnVKU210T3lqRDl4VWl5bUpJSjF2OHIwazlhNXBBVUhnWnZpXzl6Ri1PMU54SENidERYZUp2WHBsUtIBvAFBVV95cUxPWUZNZ3h5blpvRFg5cE5YTnVSSTZkSENsT050QXNDMFJFaUYwQzJCODBkbFcwYkd3ZDBrQmZWZ0FzVHhUR0w2RnNPUHV6dF83SUNlMHdSWHZZOVFjVUJtdC1LT0dTcDNUQllsMGNaSmRlR2l4N2xjRmhmenNWdW1HVDNUd3NDTW9yNmRXR2hPOHJEM29KbTlQMzRoU05iTHZ0VEx1Y1luUnVQeTNPaFphMVJ6TU1lQXU4ck9fUA?oc=5
NTES,2021-08-03,Hong Kong stocks skid on Tencent setback as state media slams gaming ‘opium’,South China Morning Post,https://news.google.com/rss/articles/CBMiuAFBVV95cUxPbHAwN1JIbnJHTGJyRlhjRWNqcHRBNF9YazhBNTUyQTNtSko1YjI1WWVkRlhnMlFiNEUwZURUVkoxUjJaY1VaOG9DWjNCMjU3R1Njc3FOVHVVMHZxQnJIWHluVlJNaHZ1NHlEUVVCbjZLUWZLSHl2V0lDZVExaXpGSmlFbjhQeVdIMkxrY2hPT1JIS29FbFNJYVE2Mldia05ITWlCdFBWQmNfM3VSdkxJaWptc1VPcFZk0gG4AUFVX3lxTE1tcVZaaC1TQ3NIdmpScHpRdmRQb29qVHZhbmI2UDc4djI5UG1MV1dHZHdMQjVmVm93LXMySkNlUUhkbmtZN3V4aG9UTWhuMEdmcHBQN0hvb2JkeVdVT29NdU1sX21wcV9ydk1POHBYNXVlazRMdTY2YS1qZWxjcDhIWGRHT2EzVEpFb0k1WkdBRHNqMDFNVjYyMHV5d0JLb0QtcDQ5Y05EUWg1bTRPaE93bTZpQ1U1NXI?oc=5
NTES,2021-08-03,China’s gaming stocks on wild ride on state media’s broadside,South China Morning Post,https://news.google.com/rss/articles/CBMisgFBVV95cUxPeWRPX1NKTFhubWZleHFFWUx0T1N0TklmYkFrMFFkV19wRmpPeEdlRkg4T3lzMHlhRnExblZGa1RwOEMzU19Pc3JKOXVqLTB0X3dkMzVHdmloeEdnem9rOXNlY2tvUlVyVjdkY3J1aXk1NmpMT1VubXA0SXA2OVk0YWxMVFdyTnpsbkN4bFFlM2VKUnRXYloyWjU2MG9nR3JCNjBzTHNSblVVQkZINWg2OEtR0gGyAUFVX3lxTE9uMFRsQ2hGQ0txRnZJeE5SRVp5akNja2Y2YUlsblltY1NNeGpSZFVNTlZaMEl3RHVVbG9XaEhUT2NlaTFsOFpfMFFkUWJ5QUpvTzJHc25IcXRJY21MOHFiSnB3aTNueDAzTFNHTnNuN3hBdUpZVkhvOGZoQlB1RV92dWhmSm1lY2NMOHFyZV9NQWNrYUQxVC1zY2xXTHlaemdyZXdPdFA2T2pIbXYxcVRvbkE?oc=5
NTES,2021-08-09,Cloudtail India to shut down in May 2022,economictimes.com,https://news.google.com/rss/articles/CBMivgFBVV95cUxPR0JrMFlCRU5scElpTVhSdFRBUmdaUEVGR25fY1hDWUNxUG1KaGRpdFZOd0NjZURKZGZ0dEZ4Q0N4RC1QdEtEeUt0QnNMYmNVcEFZbkRDN3FtR3NpZ3c1SGNtY3VJUlFPeVBEZTFVS0laTVZQZTdBRHRYaEt4aUQxNWdJWVNiUFZqc2laU0QtcUtCTjlQT2NZWXpOR2JSY0ptQVNlazBGYzdrb1FwTjVwOXlHVzlwT0xFMjAtNW9B0gHDAUFVX3lxTE45N3JiUUIzS0ZlNEFmUzl0OUN6RG4ta3hQa1JMNFBPQUlZQ05sT18zbmtzeUZRay1VUU4zcFVlcFMwM0RwSUEwZ3BMa2V2Q3A2Skx5Zl8xOVhRWGN5ZVRVdnFydW94dE1oM1hCUG5yLVdvd0hITlpqU0E0dm96VDNMUnBOWXRwQ2ozTTYtRXZVX3hrNDhELW1ocDM4blBWR3NSNHhJRkpURThCY0plMklHc2p5eWNzbC1pUUFKSmgyTmRlQQ?oc=5
NTES,2021-08-10,Chinese gaming giant NetEase pushes for major overseas growth with new battle royale title,CNBC,https://news.google.com/rss/articles/CBMipwFBVV95cUxOUkxQVHhtUXpmVTlVY1djWVZ2VGRLYVpZa29yTHg4TEhiNGFFMWE5YXYxNlJsaHgxU2pOR2E1TWhKUXJhemlZc1JfRklnenVya0lfVFYwMzVRTEg2cG0xLVpCd0ZmR1M4R1YtdGZmZFJaRWFldGtDMllrTV9KZkRyX2RUbWZneTVIUVFLS1RPY3dkVzVCc1hNYXUxd2R6SENpOEgtaGFvVdIBrAFBVV95cUxPZWlOcERlM1ZQeHF3Y3hOREd6MmVhY3Rud0xxakRHZEZQOGwtVE5fYzc5ZWpSemRvNU9MUjhwZFduY2xoYTdXMl83Z2lzT01LQTJ2TWF5bXVIcE9seWllMG4wT0VsLXhkRVZ5UkVHUmptdVc5TlRxcU9fNFphUXBIVEFPVTJWTkh3VlZIUml5TlFuNUI3S0FDUF9tX3YwMjFTMlFHWWU1Si0zX0xS?oc=5
NTES,2021-08-30,China bans children from playing video games for more than 3 hours a week amid crackdown on tech giants,ABC News & Headlines – Australian Broadcasting Corporation,https://news.google.com/rss/articles/CBMiqgFBVV95cUxOZUw1YTJEUzVHMlhKa3NGVjlnWnpuTjRad1V6eVU1MUdLWTRJR1k3Tmt4Q3I4Q0dJOVFuVkxiVXFUT1FLS1psUF9LY3RzY3JYLVR4SHVLaHdpNUc2eVlUdWdlNlozZzU5bkdxRm9aWXRJTHJoYWRUNlJtQlZrVHpvLWlHNTdpdTRya29FQnMzakJNNDIyWDZVRGgtaktMRUdQVk1ZbmZGWXdrZw?oc=5
NTES,2021-08-30,China limits online gaming time for children to 3 hours a week,cbsnews.com,https://news.google.com/rss/articles/CBMihAFBVV95cUxOam5MYXpJRjNVLUx4VWk5SlBFb0VhbzI3SGlOS2tfZ1JGRkd4N0Vxc1RFblZESGVKQUVfeDFhYV85MGw5d3p1aWQyNl83MzZ5RzdWSjdMVks2NXQ5NGhoMnNmMjQ3ZjNTY1NUN1hmWXRtc21NcWdReWdZZ0xyc1RkUWI1R0zSAYoBQVVfeXFMTXRkcVBMbXRLLU1LMUdLQ1ZJUFdGT200bFh4R1ZibDRnNUFBMVRFaHh1eGNFWmtxb2dIbUxIM0Nva1c2enltelZybHdCbEd3OWp3ZU1NYk5HM1l6QnItTHBZT2hfbUstYUZZTzVucVc3ekY5cWFsY2pua0g3dUQ0RFU3RlpzcTg2SEV3?oc=5
NTES,2021-08-30,China Limits Minors to Gaming at Most 3 Hours a Week,Sixth Tone,https://news.google.com/rss/articles/CBMiT0FVX3lxTE1UdUFUanBaTWwtaTFuYWlIa01XVVRnM1hnRGdHaFVqOGpLUjJTLW5vakcxUGR0MFpTbVFKdlNSVXJMR2Q2SzVnc1pIZTN4Y1k?oc=5
NTES,2021-08-31,Tencent and NetEase shares pare losses after China tightens gaming rules for kids,CNBC,https://news.google.com/rss/articles/CBMiogFBVV95cUxNSWdRZWxzWFBpSTF0TlJ3MFVsaElHZjNSU19BcUMzb08wQUpmV29mcjVfYXZhUERyQUtVdjJ3UGt4SEhuVURNS2YxaVZ0NzcwdlNBVThVckxuQ2lSM1JGODZuYVhWRHA0bjRqU1FsTGVRMGNMdktrNEFPTGVlaUZsZVJ6aWowaFZia3MzVGF3VFdYRW1wSU0tMEtTSVAyOWhRY0HSAacBQVVfeXFMT0NVbDdscGJ1d0NiMHhyV0Z4NmJvcVNEdGtXTG5XbDZCVEhJeU9WNUdWV016ZGtiaUdnc0x0a05jekxiMWxTMmp2NEhBZXQyWUQyd0xERzkyZXFXUXF6MWhvanlwQlpqdDJlNmRkSnJyeGlaX1p3anFlaDc3ZGlHay1xQXVITDBsT2I0Qi1qYVZKUU1yRTl0U2l5ckVFUlo0Y08xZVlUa28?oc=5
NTES,2021-09-09,"Tencent, NetEase shares dive after Chinese regulators summon firms; report of game approval freezes",CNBC,https://news.google.com/rss/articles/CBMiowFBVV95cUxPR05WX2JUNEFkX3Q1cHIwUVRJeFRTZUpYMXZRa0sxaUxOTnlTbFRtbXpDYWQ2bUhuQVdaUy1OdmRDWXBBLVFGVHgtdjFDRUF0eFI4d2pNSjNnZ0FHcF9Kb1VKUWtYR3FjaXRjREIteEFFZEhONUxWUmtOUWZqMURzWGJkckVSZ0tKbUNsUHM3SUNPYjdyeXlWX3VYQ1dZeWhKbTBz0gGoAUFVX3lxTE9DUUpiVENxcU5mZThydDN1eGpQS1lHRWtXVllIVUNyUVdRYTNLTDlGZGtKSmI4ZDg4OUdlOEdNNEh5b0Vrc0FvbXdEUVNYQlJKZ2NSVEFHdTllcGdsMzZKTnpDNFEzOXBIVHZCU2Y0bkdieXdKaEpXVjJRZXdGclJ2QjNMMTZQbHBBWXo4UUtMdU4tLU1aQTc5NXNVbUhzbi0yOXAydGFEMA?oc=5
NTES,2021-09-09,Gaming giants Tencent and NetEase stocks dive overnight after threat of further Chinese regulation,TechSpot,https://news.google.com/rss/articles/CBMinwFBVV95cUxQaE9XaUdMRkNwd2V6ZzRHSVFON0F3UjlYa0JXY1BYUTlqX3FCOWRoSG1DYUFnQk1MUmtsTk5icTFRYXRrM0FBa000dlNjSmJvWk5fNldybWs0NVhjUFZEUVJsMjBSLThTSnhHMkc4SF8tVHdZbk45NzdmZ3VTSW1adHMxLWQ0MUxub3VvVlNXbV8yYkJiWnAzQ3RfV01mNDg?oc=5
NTES,2021-09-10,"Tencent, NetEase Shares Lose $60 Billion Amid Gaming Crackdown",Caixin Global,https://news.google.com/rss/articles/CBMitgFBVV95cUxOeFNFbTdXNW1UaGhwcmZXRDdtdkk1X2VzNzRpUlI4U05KZ3VUZC0zSTdha042Wk14SGdVT3RFT0hocENKSE9yVVNlX2VfX1JGeHE4QlRTSk8yZjRCZEx4QndFc3hXQXR2ek1IUGM0aWRzMEM5dmlfbktmc3dIOEUxVFdlbi10d3d4VGFDS0NrUUJ6NGhLR1h0Wmt1bDcxdEtaYlJtWTRIVHhhMXZQV2JIRzFoQkpCZw?oc=5
NTES,2021-09-27,"Alchemist simulator Potion Craft sales 100,000 copies in three days",Game World Observer,https://news.google.com/rss/articles/CBMiqwFBVV95cUxQd19odHlNbjluaVdLand2WWI2SDlETXRGazRZNXFMTlhYYWhKYTJRNG1ac1dnR2FhcGt5Z2xrbHZEV0t0Ym9wLWJxa2x3XzNsblRhMGpLRTczSVhVejBMTDFsTzZ2eldIejZKcURiVUdodm10UFNzbVhYWVlDa3pKQ3B5Z1p3cS1CdTFhRWdJc0x0MGNpTU90TzdUZ3JIbkpDSVFmTFRQdkFRRDg?oc=5
NTES,2021-09-29,Wang Jing and Xinwei expelled from Shanghai Stock Exchange,Confidencial Nicaragua,https://news.google.com/rss/articles/CBMinAFBVV95cUxPWTd1SEZGS2pXZFY2RzJZYXBmTEQzazNjYzlveWlxamIwMDVPUWNPVGdhV1NoZEhUelY3VkdkbDNKbTJMZVRIQi16Zmw0RE9HOGxIWnRsQVVKVGszaW9JLWwxdzFCWnFSNVY0T0lNR0FnZ2dibWlzZnZhMmE5VWFLNk5NN1hBaFh3MTNibk11dkVuTlV6SmhCaERBTmk?oc=5
NTES,2021-10-08,Tencent’s League of Legends mobile game released in China amid crackdown,South China Morning Post,https://news.google.com/rss/articles/CBMiswFBVV95cUxQNEpiRmxRaVRscEQ3alNjNXFuYTlEVmZaU0wtcVR2UDA3T0NieGlPWkdqTks1WTdETFZjNTROekoycWR1QU5hajFWeV9QbmVTd1g3LWkzaTdTeThSRFRsZU9hODZnWWZybzltUVZKbVgtRks2NU9zY2tJWHFIM2Z6d2h3LXFaOHlhS19qbk5jeFBpVkk2UWItUWctM2k3TFp3Y0Rpd3R3MVE1WlJpaXNLSHdDMNIBswFBVV95cUxONThPOW5qTzUwRFFYMXpsU21fYUJaZ0NtWUxQMHZMVUhfQVZLZXk3ckYzMFpybDhuZDB0Zi0xQ1FjY0ZmSEtDaEtkNzRsM3ZDcmktcEFBU2NYeTAzYllNanpQVndmTEZ1UTBISTRHYjVpbXZSRWpGZVBiRFFJWHZCaXJ0T2J3c1l5RWJkaVVYcnRFeXY3eHJNb1hIV0RuRDdzY2hud0RIZVdLaVByc0lTV2V5OA?oc=5
NTES,2021-10-08,Sega confirms exit of Yakuza and Super Monkey Ball creator,Metro.co.uk,https://news.google.com/rss/articles/CBMirAFBVV95cUxQVXh1UFRpNHNyaWh0V0xKZW5HY3FRWEVkamR2RHphSWdDTndld1JRQ0IxZVZWbzhNTEFYaWRDUnJMR0tsYmI5VEtsNnhMYlpPQ25uSlBHQ3N2Nmpsc1paalpQekYwZjVZVWdqZFdYTU5nTTlmUjhnbkNKY1l5NENOTk1wTXRRcW9vT0RHeFRLSkR3c3EyTUtqUm1xVEVWVVhEV3NFZ1ZPRVg5UGtK0gGyAUFVX3lxTE53R1RLclJZNUpDUDFBaHg1YjJnS3dhb0NmT2pBQWk2dUFrbnRBT3N3UXN2amxPa1J0aWp1czd1OWhNcUEwMG5YY05XN05BQmI1SHNWbmRTd2lJWUtWV2ppaEVUWTdXXzVLTWN2WkI1MXlLY05CWWxlejNVUHpfZXZGMVpKOGJ0LThSdkc5TjJlRVk0X1oxZGxKWTVnWlRueEpoVVdMTG1CcmMyLVVlbVJPSWc?oc=5
NTES,2021-11-17,Chinese tech giant NetEase revives Hong Kong IPO of its music streaming arm,CNBC,https://news.google.com/rss/articles/CBMiogFBVV95cUxNSlE5cFM0TXprTzhKYXdMSVhaNWRHcDNIeHU0WS0tRzN2MFp3N3EzR2pBalgyMG1SbUd0OE1oSHdQdTRoSmRZa1Yzc0pvVjdEVnROS1pHSDN6Vm1ORm5TR0tYUUltQmt0U29FNlItcmFfNHZqb0pmVlBEUTVHZndvamVpcDJER3BrWmJrb3BmaUtTenNkV1plX0dCN04wQkJJY1HSAacBQVVfeXFMT2V5d2lnS05WelpfM09ReFB4TlNlMEVUYXF5bF9DQURfT3dhOEdQZU1BYURmTktYakdFbWVmVGIyRktJdDNCS1B6WTJ2VTFVMUxSdXM3QzV1R05jcEdWRXlPVTQ0dGNoWFEzWExzVXhsaFZjczEwUG1LaTA2VnZJUHItUzhEZVVLemQzbVNHUlpIbVNtanJVSkg2Ny0wZklfTjRFalJJU2s?oc=5
NTES,2021-11-17,NetEase’s Music App Cloud Village Revives Delayed Hong Kong IPO,Caixin Global,https://news.google.com/rss/articles/CBMiuAFBVV95cUxNTktjM1RZOTluSHVuSkNBZ3kxdGQxTHpFOUNGR2x2dGVnZ00xeVJxUl9BT0swd1lyWmR1Uk1mM0JkLU9RZkhWRHBESFhwVWJQU0V6WVVjbUprcmlleE1QNTdMSFFFRXdKNWdzU3FtNzk3bWZycDBPaFA1R0lfTHpOeHZTdjdjV29MWFE0YXZwTGVuWVNpeWhDQnVuSHp5V1hDRWJwdmRxeXBOeGRLWFZUV3hBbW9wTlFP?oc=5
NTES,2021-11-18,China's NetEase revives listing plan for music streaming app,ET CIO,https://news.google.com/rss/articles/CBMiyAFBVV95cUxNRHlRWlhOWWRGUGQwQjhreEZmTGE2RFZLcHpZSlBidUNZMzJJVWctQ3B3QWhuV01yMDV4ZjhXMFNVSDRhTVBTdndMdlY5NC1Md0MyYVFRNExJZHJ1OENkNWV2VjJGOVNtQ2JlbUVDdWRhNUE5dWlCdXItb0s0clhwWGw3d1Y0eUZ4RnRLX1VMcGRnRHhMUlpMTkx0Y0VtRGdjRm1TUmpKVG14RklTZ25CVld6c3h0M19RcGpoNEEwbEVXTmwzOWU5VdIBzgFBVV95cUxQNm95NHltQ0tuOWUxdkU5c2RGcER0YURxM2U1QWM3VUhxNG5LUjdNcWtHSTltWUdoYUhJcTdyWjdtT2U4RXlMWDFNc3BsYWdybHdEQW1kZkNIcVBmbjB2ZmtQdmJXZlVpU3c3bmZSdUt6VkwzRG9IYXZtZ3FOZW5VYzc3Z3VyYTVxREZSU2VObXBCeHlfei1sQS1Od2ZaZV82VkdQOGdOQndBNHp0WV9QNHhXWHdnR1RFeDMzRWRteTUtNmxTMjc0bE5QQUZ0Zw?oc=5
NTES,2021-11-22,Bilibili loses some shine as ‘growth-at-all costs’ model is questioned,South China Morning Post,https://news.google.com/rss/articles/CBMitAFBVV95cUxQRWtZRkptU0F5MElEN2FGREc2dFdTc1U3TkFxcDAzQ3pLWkFsOXM5NGVlNTcwRzFDQXpDUGt0dWFWZXoxVV80ZjZUVmF6c2VuZGx0Xzd0WThJQjVCSVFVSGJmVnV1TUV0RFJINndhaEY1YWw5VEVxRy0xWnVEcWUtOERtQlJRcDJ2V2lnSS02cjk5WWlzZDNPT1ZaUHhrMWg2WjZ6bXhvWWtaN05kU0U0LTE0UjPSAbQBQVVfeXFMT3lESXZfMEQwclQ3RDJHaWFSTzZkVUF3bWFoeVdFRDdkYXRCaDFsSHByY0RhQTR3RmFJNHlzUGF2TWVlNG95WU1yR3p6Y2txVEFMOFZBNVBCWTdqUGpjTUxlRDBtVFgzQ0pQTmRxSUF2NW4yLW5XM004ZzhfZEYyaGVaZGhGNnVfZ19VU2tidmpodTkxaTM2WHpnclRxUVRYQ0o4RnZoSHRnYi1mdmU5RkFkSUI1?oc=5
NTES,2021-11-29,Two Chinese internet firms race to raise US$1 billion in Hong Kong IPOs,South China Morning Post,https://news.google.com/rss/articles/CBMiuwFBVV95cUxQcHNjTm0yQkY2VEI0WjlMbzlpRkNYQldaTVZLVGhCZmRDb3FtN0hMNnpXUmQzdFdFUl9YUWZ5QzhfLVE2Smx4UkUzRFo0MzBkSjVINVV4TVB6X3gzTkJHUkZjVTFLWHFjSmhCLTBDRUJmQVk1eWdHd2luRGNiWDN1cC1SejZFTlY0WmdjdXViVldTdWpLcVlfUU11VVQ3dk04LUNRMzBzOF9aczZTbjZ5Y0hUSEZFb1g4UVVj0gG7AUFVX3lxTFBpN240bkRWZlMxWnNDaE1CMWFJQjBLWmIxTTQ4SlkzVnFCc0dfOWk1aUFRTzAzUjBqckJsZzZ6dzU0UXB6X21IYV9JNlN6cU1lV25fZkUtc3A1aVEwQXdjSm5LTE4zTVFxY0x4eWdDVkY3bGx6b0ctZEg0Y2VSN2lxMXFnNlp5UGRvUmZRWlVHTTJmaEEzMzJOTlktQkhLU1NCZzlUUHBZZHJRSVhhZG1fY1FjU01LbFE2T0E?oc=5
NTES,2021-11-30,"NetEase Cloud Music Obtains More Music Copyright, Reaching Cooperation with Fenghua Qiushi",Pandaily,https://news.google.com/rss/articles/CBMirwFBVV95cUxNelJKWGstSXBLZkc2SGpJOXg2MzlXM3p1b3o0QzZXNFREd1ZHOGxVOXUyWEhnUjJYWnQ1MUVZWmtieTZpa3FnZ0ViNldWTE9ZVUdESG8ya0hmdmdjdk9pT2RGRFdaR296QlRicHY5UG9uSk9KMm90akNkWW5VTmRrMVVscEtheFhkRkFJc3RBcVo3clM3c0QxSTAwZ2hBb0o0TGtyQ0FfWHpzaUxpam84?oc=5
NTES,2021-12-01,NetEase's Cloud Village shares slip in Hong Kong debut,reuters.com,https://news.google.com/rss/articles/CBMinwFBVV95cUxPZG13VG1iRmN5SWxfNWZwR0VZUVZkYW05ZmU0blpVUk1Od2p3ZXowdDNQVlNxYmZubFJEUW5iT1ktTDNtcWwxMUxXVm4yZGpaekV0SG4wNG9BOG1jczB4d2U0S1JLNm9BWU9oQzNrSXBEak0wRzd3Umk2RUU5MDZ5blJmcmdwQkk0Nkp5ZzVXY19pTnJxeUJPc0Uwa1F3TmM?oc=5
NTES,2021-12-02,NetEase Cloud Village Stock Slips 2.5% Following Hong Kong IPO,Billboard,https://news.google.com/rss/articles/CBMifEFVX3lxTFBjQlV4bmgydEx2eTR1b3pDRVBQZ2kwdy1EM0R4UGxIUk55T0NKbHBVMXRpa2NnYVJvWGdkZGJDWGhSbDdYNVM0YURxTlVuZnptVHdlc1ZTdFNNUkpxMmlyeDlzWTZrNlMzTkF5dTNILW5QZ1NTQ09wcTZPekI?oc=5
NTES,2021-12-02,NetEase Cloud Music Officially Debuts on Hong Kong Stock Exchange,Pandaily,https://news.google.com/rss/articles/CBMijwFBVV95cUxOQlRpZUQwaFAwZDM2amNqOGFWdy1lVTB3MlhJX3gxVzNoQTlrMFAzZFdaRVhqdm02RFpSTVJHeURxM2hTSjk1UGVmTXRXdW9wMUVjU0pkRmYxejNoTGxMQ3hoUjJSbk55VVIxLS00R1U3LWViNGtfVDZRb0UxdVctMWVPYk81ZEV6ZndOemU5aw?oc=5
NTES,2021-12-03,MSCI Now Tracks Hong Kong Shares of JD.Com and NetEase. That’s a Shift in Liquidity From U.S. for Chinese Stocks.,Barron's,https://news.google.com/rss/articles/CBMi6gFBVV95cUxNMVhCY2lBTHNJRXZKbER4QnVQbnFFZnpjSmJ4ajlkdlFVRER6YndTMGtGTEE0eE52NmJ4MzlXT2NSQlFyR2RwLTNUS0hNV0VYOFliVThEWElKaVI3OThZbGFkWGRLXzlPRi0tM0RiRURGd25XeGxENVcxSmdkMFdLdGdSejRaRXAwR1Z3SkNpOHM5QUJwTmR1RlVONG9mS0ttMzlvUXRYcXA3X29CVnk1WGhSM3FsTkR3MXE3blY5SnpIcFYwV0xFWTZvdGRsMGY1dDdjeW4xWTdKelRWSHVseTZFT1ZDeW5VUEE?oc=5
NTES,2021-12-20,"Hong Kong IPOs hit by China’s regulatory crackdown, earnings misses",South China Morning Post,https://news.google.com/rss/articles/CBMitwFBVV95cUxOUlkxTFZoUndPb0JGZVczSXN3QkpJMVVfWnBuU3hJc3JiQTRsdXhJVzluWjluX2NybTFieUpXUGV5QVpfMi1tNUt6d3AyTGNNTXItbmVxUjlkME9kMFFUbWdyTmI1bWZoUUF0TjN1TU9OV1hvRE9aMUpNMWVPNHBaQy1MYXFqWko5WjVmLUVESDZOcXNBYWJzeTlpUmVWbnRwQS1SMEkwX0hwTVdKZGFOWkxYU3RUYmvSAbcBQVVfeXFMTktmRlQyWXNYX3IwajA3MUVQVEpfTWFMYWQzTWJTQlIzb3ZIRi1ycFo3Mm1Bck5iSEtya2hUM193SVNzREFXWEQyd0lwUHNibmRTX3Jya3A5YTVoMExKVF9EcVZlWXBoRHZfOGxiT084eGY3ajB5akdJNDhwRDVxRERTaWo1ZThEbmVrXzB5MWpDUG12YUhONmRZdk5vS25jeV8tMzBfa0pLWnhHNG1TMXhUdXpxa1NN?oc=5
NTES,2021-12-21,"NetEase Cloud Music Tests Trading Platform for Beats, Offering Behind-the-Scenes Support for Music Creators",Pandaily,https://news.google.com/rss/articles/CBMixgFBVV95cUxPbG1FR25kOXA2Y0NqMm5SYTM1MzloV0lvNDFYZXU5TjdibXpwbzZPUVRtOXhYb05nSDZIcXloYkwzeUEtaEl5eUMyNlg3ZmFiakltZHdhNzl5Mk1lb2pRSVoycVZENlhubFZXYmpWdXRuOG5uSmJfVFNaZHg4SHUtSTRGUnZXZlVGQUZxV01HN0hzZGhVQmNqUU1pbTRKWjVvaUNRRGV2cG5STWxVLUF0ejNwRVBrT21HNVJ3NERRZF9qMEF6bFE?oc=5
NTES,2021-12-22,Hang Seng rises for second day on tech rebound as China seeks steady growth,South China Morning Post,https://news.google.com/rss/articles/CBMiuAFBVV95cUxPYjM0c0QzaVZ6NW8tM09KWlVRVVJkY3ZLUFVuTlZLTTcta3BuYmE0RDJueEFPNjNGYlRqcXA1WWg1U0pDdEoxNG4wQzlvaUMweUFuWkhqUi1fZVRFZkNpZHZpTXJyNXE3SXdmT3hkOUJhVHR3WVprNF9fdTFva1hNWV82NGE4Q09jQzNWYmh5b3ZDYkZXZHFSRDZsTUNzb3Q3ODdzN3NWS001RjNzVGJhWFdHRHo5U0pz0gG4AUFVX3lxTE9qV2h0eG1iSDhtVTVkbFJMT3VRWWdPYUZ6SW1sSjFfRl9MZ2VxTHRQenJwNFdWX1J4WUEtTHF3T21TdmVhTmdXN3UwTFpPWFlhTk5nUFNuUXNvOFlGSUdHbmdyLTVkRXF5VnV3enk0ZVVUVmltTFZ4aS1PWUxyNVdkRC1kcWlsWk1jaGJhZ0kwdGV4RFBiY3I5OGF3VE0wbi12cWdBR3JWeTNDN3lZNUloZFlqMG00dEY?oc=5
NTES,2021-12-29,Intel's redesigned stock cooler for Alder Lake CPUs is surprisingly capable,TechSpot,https://news.google.com/rss/articles/CBMioAFBVV95cUxQZW5NbUN0bEg2US14YXV1dk0zWmxkOFJrTExzakhkdjdpeWZDd1I5eDEtd3JuLU5Ha2tIUnBLY3JSYlRPV3R6S2dEdVVHUXZ6LS15UkVKeVh4QUdUUWNNX2lROGRiTlpWUjFLS1NRdVpxSTYyU2hYTW5YcXgxNTVtbktnMTNTUGNETDFydWhEcTFpbFkzQ3FXR1l2R0o0WEI0?oc=5
NTES,2021-12-29,Intel's New Stock Alder Lake Heatsink Is Surprisingly Capable,Tom's Hardware,https://news.google.com/rss/articles/CBMiekFVX3lxTE9RV1ZPX0pUZmowR0lGdnRjdXE2NlMxdGlNZDdJUHBENTRxa0lRbmJoOGZXZXVSUERSX2Y0WGtfSl80MDNWM2lHRVZHUU5GMW1ZVmtWektuUkljUmRzUFVaN1lHaTBwUFJrMVRyZlo5SFVQdVp1UmNtdEFB?oc=5
NTES,2021-12-30,Reviewers share Intel RM1 Alder Lake boxed cooler test results,Club386,https://news.google.com/rss/articles/CBMikAFBVV95cUxPV1piMTlBMDFhQi1STG0xbDNBckJOR29yS2dkTjN2RDIydlh2OUZCZ1RHMHF1UjN6ZFpZR1F2NHNTWXdkOTVoZGV0dVBiZmhkd2tGVEVYc0lETU9OU1BUd2FWRFJRZUl0NnVuZ19FMDBsNXFjNm5pNXI5UHRXRGtBcjVzeFN6Q05EVDlfMG5Oblk?oc=5
NTES,2021-12-30,More assets frozen for the man who was once a top gaming tycoon in China,South China Morning Post,https://news.google.com/rss/articles/CBMitAFBVV95cUxON2ZTUW1pXzhRdks5bjI1VktoUzVQa2VTRUprOG5EM0NLUlZNdGZ1LU0wNXQwSGR6QXRsSGZ4WnE2TFF2SVYyLWpGY2pwNUpsNEF6MzAyNWJyV0wwWjdDYXdHRDM5SXFwYm14MXZLS2VTckNZb2g1UHEzMEFMdHhUdS1FTkg3bWkwLWtxNFJhZDZrLXhOeFZ0ZnNEVXhVNzRPQ2NJbjYtZldMZG9sYkhsbWlONUHSAbQBQVVfeXFMT0FzaHI0R29pTmpqYmp3eEQ3MnlFblYxRXZkYWJwU1VwMHhZSEUza2RYQWJQWG5uUDZoVEsxZ0tkT0JvanF2aWhGUDJrRTlqVm9QR2hpU1NuM1hwOUFHUmJyV1NpSGxzVjM5c2VCeUc1UnhSVzMtUGR2MnYxYVNEOUxkeERwLVlNRlpNbDhjS29PbjRhSXNkOEpvMWxLMjBLX0lHQ19QbVA2UmkzdW9GcU9XdEJ2?oc=5
NTES,2021-12-31,"Alibaba, JD.com aid Hong Kong stock rally as manufacturing in China expands",South China Morning Post,https://news.google.com/rss/articles/CBMitwFBVV95cUxQeFlmRDR2QXhqd2JFb01HU1BnOERLd2t2YjFJOUF1THlfMnZfVnRWUmNvaENjcjV1Y2ZCTEVQUXdLb1J2RHZPU1NuTUhSdnZIYXNtZkdJQ3ZwaXNVN1R3UVhOY1VQNWxlNk1heFVYcnU1Tm9nR2RzMDVNX0tsV0tBZzdwOFU2b2JyLUh6Y1g0SEl2UG1hVFl4WjBVLWRlOHpTek44azlzT0dBekNEZ0gwLTg3clZRVmPSAbcBQVVfeXFMTnNkdVJpMkdMYWh5QkRHTmZyTTNBRXhRMTM2TGl1QWwtZW94Yk1JTjNJaFBvSXVQUjJ5WDVwQTVnVUc1cDU4ZWNiQ2QyQTBZZUp2ZThfbjkxcGQxZ0pDcU5NcTRpY0k0V2lvQ1BHTllwTHdYX2o1d2xTT0VsLVp6eDhPWDZkLUFZS0dYSVItY2x3T21OT0U4NFY3ZDJzY21UcDlZTDhMVTltSWFaMWdXaFNONUVYcFRF?oc=5
NTES,2022-01-20,Stocks to Buy: 16 Gaming Picks After Microsoft's Activision Blizzard Bid,Business Insider,https://news.google.com/rss/articles/CBMitAFBVV95cUxPUTY0Ny1oSGM4b0JPbzdJWGppXzNVdy1oTnZCaThmTm5PNEtUbFY3aFI5em1qLVVYdjBrREpXV2hONnlBbjFfTmx3S1M5NnpVS0tiajFLTURBSVBsalBHSXFjeTRyaXpfU2tDbVJPRE9EZTVyZUNXT1JScEVfbHNGbmJVT25ESE41UEdwRldrd1lOX1ROa0VaU25LVmdlaERrR1RTbFFIVExBT2VZZGp2ZUxKWGE?oc=5
NTES,2022-01-24,NetEase Games,neteasegames.com,https://news.google.com/rss/articles/CBMic0FVX3lxTE5LVWJ6MTVSMms5S2p4RnJMMHdBM3huc2FTQUlNX0JuVGhiY1ZVRVZVZ0xNaXlRRTI0ckNYOFFHSmdTbzR1LU81MjFTZTBPeFBhRUF4WE5Ec0JtRlIwOTlNc0xoZkxkbEdDdEl0Q0FqU3FtOFE?oc=5
NTES,2022-01-24,Identity V is celebrating the Chinese New Year with a massive content update,Pocket Gamer,https://news.google.com/rss/articles/CBMicEFVX3lxTE1ySHJkRWdBZEFMckt1b0xPNkVTdTQ5Ym5IM3JYS19PbGt2cTc2b0RETVJuamxjU0t1UktWQlNnTVp0Qm4waWNXLTVYZHVDRWxMZHpCN3lEXzZ6RnpucVBZdnpXTEFhd0xEWXJoc2IyOGY?oc=5
NTES,2022-02-18,"Tencent, NetEase are front runners in global metaverse race, CS says",South China Morning Post,https://news.google.com/rss/articles/CBMitgFBVV95cUxPSXR3VG90dm1WUlI5S0JkYV8wMVB0OENqRVhSTXA0NllWWUI2RkpfR3hUemFVYnNPN3BiQ1hwZ1NKbXBzN24taVBubU1wZEtCY3B5cDB0bUxnQi1vUnVsTVRObHhGaGlHODR4RlBGSjJqTGhuVmw0N2NPYWFGNnhLank4akp3eW1VT3lKSFdqZExUZ1JJQ2lfMDZ3Qk1sTW05ZFZhMG4wZHNCNmZRU0ROb2IzbTRRd9IBtgFBVV95cUxPNWl4MExEX0JyOXg1LWN6aUwzMHpJbXpaUmFQcm1mN3JuMWlENFZ6UDFRMGVSV1Ewekw2RXl4OXZ0Wl85MXBSSmk4Ym8zN2FfTUdWRUFOdm9FNWlDRERGM1JUWnBJa2tFN3R5NUtwcGh0ckdOOGV4MWxxNXk4ekpkUnlyZTdMblduQjVUdEl0ZkdPQW9aREJDcmFvRm4zM1BLNUl2S2FBUXZZQUJWTHF1RkJpS0dvZw?oc=5
NTES,2022-03-07,NetEase Cloud Music Announces Inclusion of Shares in Hong Kong Stock Connect Program,Pandaily,https://news.google.com/rss/articles/CBMiqAFBVV95cUxOVS1naXRYMXNpVG9IUEVnRl94X0pXRms4b216M3ZJZWRBNFBLcXpIVmMxc3lraE1sXzdDdzBwSVhoaXR2RlBMSWRncEJRR1ZQZFRnTEJjdkdXQUE5YUoteEJlMHJlWTF2dE1kZGdlTDlycWo1dUZrbldhMXlCQTlDSk5walhFZTRxNE1GQVMtTnBYdFkxeUJRTFd4YlY2ZGttQUFvRkdjc3A?oc=5
NTES,2022-03-30,Top Tech Stocks on the Hong Kong Stock Exchange,Selfwealth by Syfe,https://news.google.com/rss/articles/CBMiigFBVV95cUxQQzM1dDJWVUo1RGlPbFR4OTdJdjNTLWREazlmSmVPUXA1YVhCWXE1bUdOX250aDh0ZFJTOWJmT3ptcUVORVQ3MmhEc0FBaFdEd19QbWRqMW5WbXFTSVBJbGlxcWxKeERyMDd0X3VnbVlVSFRzM0FlS0NnVUZYb3ZOQzlJVUtsYmJBZmc?oc=5
NTES,2022-04-05,2 Charts You Need to See If You Own Microsoft,fool.com,https://news.google.com/rss/articles/CBMikgFBVV95cUxPVTZOTE5OZW50aThlSkJrTHJlNF91ZG9rYkRnT2RQN012ZnhYMFhiYm1WVnpaa3BCQ0JKcjJSRXFGVlg1UnhWcndnTEpUZ0lyZnhUZ1ZSd3YybUkzSXJ4cXJGYXlVYkdOYlM1cFkyVm5tSkx3Ym1fYVpnd0w1b1pLUWFzVGEtd0pVTnhlY2pLSWp3Zw?oc=5
NTES,2022-04-11,The Chinese Gaming Industry Is About To Start Moving Again After Devastating Nine-Month Freeze,Kotaku,https://news.google.com/rss/articles/CBMijgFBVV95cUxQNmNZVVQ1aDJxWFNzOS15SFFzdXJRNGVmSmJScG9oSDBCb19TUVJlb016RU1waWViWlBkMlk5b1AwM0RMV1VtOU1UY0Uxa3BLQmlfSVFoTUdrVWFiM0d4OUtFanZKZV9idFFOVkJaQVhFMjdLZkNYQWVITmFtcm1iQlZaTjRXQVZROVZuUm1n?oc=5
NTES,2022-04-12,Hong Kong stocks climb from 4-week low as China ends freeze on online games,South China Morning Post,https://news.google.com/rss/articles/CBMiuwFBVV95cUxPX25tOWtyWm1INGQ0dzdtemZDTkVTUGlfSTNQVHlPWjdVblRxaFBxOHUybkNLRVhWdmhiY29EZVFfV1prUTFrVGpfektLb29uWndldHBXZjF3STRickFIUjg1aG1jay1JN1p3NFlsZWc1dzA5UGJEWkw1c19Hd1NVOGt1U05IVFBtS2hCN0lzZXNZbHJ3cVdQdGxmeHZ4V2JfMFJtREZnaTU5a1VUblZxOTVNZ2ViX0tPN01Z0gG7AUFVX3lxTFA3Q0ZQM3FYaHV2dTB3d3JrV3g5TkVGNDhsX2ZsUDAxdmdtOFpZczlxMDA1amg3SGR1RlZwR1M3djJCblBnbGJaaUhMVW9ZdkFqMEp3TVNpR21DT0JZYV9ackZGZXVGUXFabGR5X1d0bG1SMTdscUFFekpkcWZpWU4teENmWlNSdU1PU0ZsZTRxbVY5dlJIQkRvbmEtZlBFUC14S0ZZMEVfUHRCeUd4M3ZOd3dKaElDcFZOcm8?oc=5
NTES,2022-05-05,Chinese tech giant NetEase launches first gaming studio in U.S. in international push,CNBC,https://news.google.com/rss/articles/CBMinwFBVV95cUxPQVZBa2FnVDhjQWdXQjFPUl9JMFZuc0xFQTVnVGYtNFduUEVtQ0U0ejk0MXYtcUxEVkNvNFN1ZkFpcTl6cE1Yd251SW1KLTJiRXp2a3hoUnZZUElaODR1SnBNcW8xMExGaVVtUEljLTF3LW5sdVJkTDM5dVlfcDNlVmZYRjNjZUVmNmRJc1BUcXBKaEJhb09QRElPa0J4WGfSAaQBQVVfeXFMTkRMOURuRHdZTzRZX2hSTERDeVU5WFVuOG13SHF0ejJQY1JITDQzTUhoLUs5eEl2eC1VeW83c0drS0QwWkxmc3E1ekMtczlQZUY5VDBnS3BZYmlMN1RiNGdfNlpMOUJ0X0dUblY1THVnbDlkRGwybGM4Nzg2YlhKM3l6UWJMTFRpVnVvV1ltaUNzLW9lRElFaTRzZS1iUm1rVjI2SFE?oc=5
NTES,2022-05-05,"NetEase Games opens Jackalope Games, its first US studio",GamesIndustry.biz,https://news.google.com/rss/articles/CBMijgFBVV95cUxQLW0yRVEwbUN3OFpBUnpBa1g2SzhkRERjWG14M0ptNVhnUVpNWTBWcS1WWmt4TGhzS0ZrYmp4YWQ1WEdjRHlNenJSa2ZtanI0MWhvUlVwZWp6LWNlMXdBSzdTVDN2TElMTU1GNUUybUR1YUtpQ3I2VXJQdElnRmZnd2FDNW9KZFcyQ2RuTHBn?oc=5
NTES,2022-05-05,NetEase launches first US video games studio in Texas,South China Morning Post,https://news.google.com/rss/articles/CBMiuAFBVV95cUxPVW0xSWMyUFVJS0R3UTVWUTVkYnp3WnM5enVhaDM2bktfRnljbEVFVWFJdGptSmVTOHgxNzJXWUNsYzF5UGpNeGNSRnpLVzFNRXFkTHdTSVdwTGNIQ3J6QWdWdWtCN0dETWZNaUxUVmZRU2tWRDktQktuOWYxTHRtcmpza3JfTnFIUnh0Tk56YnNyMHdQclFaZ0RNUHY4cjlTbnFEdVpOTmNfMjFET1B0NWd1MlhSSmdo0gG4AUFVX3lxTFA2MjNTdzhOOVo5R0tqUkE4MHJ3dzR2cE9tcFA3d2pHS3hoY2Y3QWRqQU1aOEVPRXViUTJlQjVwWk9FNTJMZ3c0Z2cyaHFRZS0xM3Q1eUxOa3RwZHNxbzVnczNjVFNkUG5oWWVZMnEwTHVmU2pDU01EVGFpMTFCajlVMlM3azZBUUlRZjhBQlhTUnZuN1U4Q2hMYUtDTHFmQTBpT3FXdWZfUFVuR01USGRZRWo1ZnluZU4?oc=5
NTES,2022-05-05,SEC adds more than 80 Chinese firms to list liable under auditing law,South China Morning Post,https://news.google.com/rss/articles/CBMivAFBVV95cUxOVFJKSTk5ZHlsTFIzaWcwS2loUVRTMFl5dHBHXzQwQW9jYjc5OFp5SWZSM0owTFJILU1BM3BINWNyTVdNUlVIN29BMWtLOHB4VVlHdW5sV09MNzVWYjNFYlpZRDVEbHN0M2xaWGZvOUFscHhEY2RaZ25CSG9LY3Bza2FqSGw3WklrVHBLQm56OUZITEg5RThCOU8xSXVYOVBDQ2JKMWRwek8xUmVvZmFYUmd3bHIxdDlEcHRiNdIBvAFBVV95cUxPWkpFSUFKT0xLWElvbmhfTmtNekg2ZmhCaXZ0NVUyaV96eDhRRmZKOE9wTnpobHhGTDRDUFhuQ3ZTWGYybmV0dXd0ZXd1bUtSOU1sYWdqNTEza0ZtZ1pZY05QU1lVdlI2YXpEeUVVRXN0bnFCSlBHVTllYUJNODFCc2xMcTV6NXNlbG9LakdJTGRzMVVJVXBLUnZNdnZwTmV1cE55XzhSbi1ENWlFSENVbXA1bi1oLVJpZ3FBdA?oc=5
NTES,2022-05-11,Chinese tech giants lift Hong Kong stocks from two-month low,South China Morning Post,https://news.google.com/rss/articles/CBMiuwFBVV95cUxOaXY0S0QtN2VtcTlpTVg5ekg3bWVXajREa0k5UUdyZXpPczM3LXNOTWE3bVJxb0dyc01BaHFtUjJoSkpzblU3bnFEbDhXMnJPRzFLZ1pjYVBHYUN3N0dzNk1GUGlnb1lQV0NWbDl4VTM2Uk9rMmlCSVI5RFl6UkYyYzMwUElhNXpMUW1vZDRjVkNoQUVqdzBObTZ3c1dlX2ZfbGFJTDk4WWhWVXl3bkZiaURacFp1dmdiUkpB0gG7AUFVX3lxTE4wd2JwVS1sZXpyUXFsaFo3M0NBS1ZybTBXQThtd0I4SFNFTFhXLVJfTHJraVlMblZhRDlKb3N2TkJVWXk5REtvVEFIc2RoSDdQTE9ZSjdmM2g2T0VrX01UeXlEQkpvb2xsMmJqYlpnOFlRZHpiVzVFR0thTDdURU5YRjRXQnZKWVVqM3VPZzN4NnRfX2RNeGlaa3lIZU0zMWt1QzVQb1dTaXZTY0NFcFB5Sm4zdTVxUmd1WWc?oc=5
NTES,2022-05-12,What should you do if you own US-listed Chinese stocks ordered by SEC to delist?,Dr Wealth,https://news.google.com/rss/articles/CBMiowFBVV95cUxOMHFiaVpCbUZvUHhvZjFTM0V3LWdUT01kMnJVeHZMNkxRTkdQaG1pclRDeTZ0Tm9lLU9pbU9KZE4zQlFwaW1XelZRZjcyZktLWWxWQmF6a3J4MHJPenpocmtsVGFGc2NtUXVmeVRKY2IxOVdycUw2MVNMYzdCMTIwMEp6MzhYb0NjU1k2NjJJT1hNMFJ1RkF0STNnTjlWaERYWk1Z?oc=5
NTES,2022-05-16,JPMorgan Analysts Behind ‘Uninvestable’ Call Upgrade China Tech,Bloomberg.com,https://news.google.com/rss/articles/CBMirgFBVV95cUxQYUxKdHRrWEFzdUtjcEw5cVFDS1c5NHJuNlc5YmZ4UUhfaUl4ZmFxSWZwS0tnYlFFNmlDMm5jRDV2c1dvQm5wRzk2VE9MaEtkTGtPdnRlVlQ3UmxDSFp2VnE2TDhmbk9QSjd6SXlmNVNDZm1obnp0bF9ualFPRk13RThGODhDVzZnTGtzWk1LbFBYNllfd3lCNkFYOUxLODVfNmRucW9UNGNHUGJId2c?oc=5
NTES,2022-05-19,Is China “uninvestible”?,The Economist,https://news.google.com/rss/articles/CBMihwFBVV95cUxQaEd5NXdTc2dkVHlXYXZLLWV4dlAycFg1RVF4cXZ2V0ZpUEgxMEtOZTlZaFdNUWw5UFdxdjV0QWpDZmFKSkFacGNQT0R3a0YxQnhmNVNISjhHWGp3eGQwMzItYlhtQWphTmdUVERPTzFlXzRNalZqN1VGeTM2THVuR1YyejR3Qk0?oc=5
NTES,2022-05-24,Tencent Music and NetEase Cloud Music both added more paying music users than Spotify in Q1,Music Business Worldwide,https://news.google.com/rss/articles/CBMixgFBVV95cUxPVTBwQ25EV2NqMUM3Q2Q2VlBJRGl1dVktd2ZiWEp6NFFwMGhHc1FBVVRDTzNZeFNMNkgyb3czVzFLTXRnZk5KTkp1N2RPLWwtWk9UdnRMZlVfU2RUZGF2dmItTzNyaE42LThNRHlqXy1vZE1LQVU2TTBPTnlxa3ZsN053M0ZsaFRuQnJGcFNrbVdKQTlNRVhyY1FIMkRhbnBvNkdVZl9mOWNYOHBLV0N2VWhQeUp6eWM1VEJKYXFyZUl2Z2lFcGc?oc=5
NTES,2022-06-20,NetEase stock falls on delay of Diablo Immortal game release in China,South China Morning Post,https://news.google.com/rss/articles/CBMivAFBVV95cUxQUG1kd3NDSXZSRThWZXJqcGRWMmpEbloxaW5nRUczT3FRM1BEcjZFc0dTcjZwa2hGY0R5MDJXS1g5eEZTdnZjX2NwUGJzU1JTd1RuQkVzQ2pLV3FwemQ0R2FzaEFiNHRTZEZMT1oyeUQwbS1GNWpfSzc1UmVQMDBHSHJJYXdzaDc0VFBfZ0xYaVVNYlNnMWJ1UEI3SENIVzRSbkloU1djYnBHY1NjU3Z6dUpSbUFkVWhqeFlZNtIBvAFBVV95cUxQQVpfVHp3VVIzX21aOHBCcnlYUjhBZ0M2NTVzR2Z4Q2pTZEM1dDg0NTQwbjlwREZMTUdxaktmWEhzZk9yREZrWUhoaEtfSk8tVjRSZXU1LUh0NFNDZXNucThoS01YNWlzZjBNNlJnQUJTZW5NQTNiS3lCbUJYblpHVjE1U1M3dGxUVm8tNEFzM0paRDZtYnRCeldRaWRhWnB4RGdpdU94MXVmcVJiOG50cVZDUW9Idy1BZ3FGZQ?oc=5
NTES,2022-06-23,"Hang Seng gains as Alibaba, Geely advance on China policy stimulus bets",South China Morning Post,https://news.google.com/rss/articles/CBMiuwFBVV95cUxNYjNWUW9EaTJrd1RuSXV3b3A4bXY2OGxiSU45aEtjNDFER2dHU0c1djhBSXYxM21pcDRZX2syNGN2STJhZXprSDM4cjdyMWhtRm1IRzBHRDZsQUVzTEhFeHY4SktmVlZGbFRVNDV6aXFWWE9yTUowZ3lWVlRjbGd1cnN2YVBfYVduc2l0RndXU1NWQzUybHNsNjNON2ZfTHgxOXMxOThxU1N1a3dnQUY1ZTNxQ0Q1Sjd6MDhJ0gG7AUFVX3lxTFBYY1FEcmI2dzBXenFrclZnRngxX0x3ZlFNN1pSRGRoQWRLX3R5MHZ4bU1GMkhhbmtpcm1TRUNnOGlWc2xoOG9aal9OSGxrX3Y3Z0RUX1dXVkxXSk5fSTRkRDNXSmFzbVQxLWhXUTZIdWthbmVIV3BKa3VzcFozNzBJcmtTYldzQ00tMm9nR01qYXZia200VHRfQWRZMHFsQl9qWERKUWUtLVhkbUs5RHdTLW52U3VFa1VxRFk?oc=5
NTES,2022-06-29,"Hong Kong stocks slip on recession fears while EV makers tumble, Nio slumps",South China Morning Post,https://news.google.com/rss/articles/CBMiugFBVV95cUxOX01OblpxalhGTlk2U2dZYWZ0eVczX25pS2RGTEhxMFd3Y0lGZHZoVjRzY3c1Qlo0WTFyMlEtczdYVVc2NlhEakotY0RrWFI4M0ZhaHAtejFjUDdkVEg2NFFZNmRMbXlPd0txWlE3NTkwdi1uN0x4U2FzYWtZam11QjRRNGtkZDBMRENHeVZsc1U5Q3c4Y096alRDYkducHlFNzk2XzhtZUNzaVhKT2FsWEhlTjNzNnRTU1HSAboBQVVfeXFMUFVYUGRhTlJMbnhzRi1CSGJXT0VDMDBCUDZCdmJ0empKemJ1UUszdW5QN1dCeDBXajV4cXQ0Zk5IcHdSbmF6bTV6eDhRd1dCVXJiNUNqSGp1akJOdUNjNzNQN051ejZYMGpMM0lRZFA5M0t2d3VBeUx2dzVTMWo4MllUU1pJb2lDcmtXWW9JY0J4TmNwTzZNd0ozaVJITDhPOTllSzN3UlE0Z19EcFpjY2FoWkZWeUNrRTJR?oc=5
NTES,2022-07-13,Chinese gaming stocks jump after Beijing approves new titles in a sign scrutiny is easing,CNBC,https://news.google.com/rss/articles/CBMinAFBVV95cUxPaEsydGpBTDV1dWlGTGxJdGxXZ054c05OOHZGNHFjdmdHZHFRUThGYmpibTYzMVNraTd2aER2T3Bhb09JZkM2Y1RwbnRGNGFnbm5mQUdoc0JQNUE0OW1UM0lhMUNsS0xkTndYeTMtRUZpZkwtbTlabXE1cGxmanViRGdtQnVGMnQzbVcxdWVWYzVGck9GOFZ3QWxmM1nSAaIBQVVfeXFMT0JmREl3Zk5mUERtMUtqeS1mVW94eHFMTXVSWl9Dd3oyaWgxVi1LcW9HZTZkb1FvWXFYRjZfdmwtOHBsT1dCbGJSc1RYSTZxbTQ4b3dvZ0dVZzk3OFVvRXBGOVFhM3NSZWlXa2ZUNTVOd2UtbkdfSnR2Z3BlX1N5UjhvSXR2c1ppVGYxVFlNV25XbHc3dU9pTk44YkFQajFndlhB?oc=5
NTES,2022-07-22,Diablo Immortal set to launch July 25 in China after bizarre delay,Massively Overpowered,https://news.google.com/rss/articles/CBMipAFBVV95cUxOZ2NVcnJ1MkV6ZXVQUU5BRTdTVFhzNE1ZSXZuZ0lsOFY3RTZmOWZDaEVqeHczWWduelQta2FBQUk3SFlrdTdjeS10WjJzYXRHVmk2bE9FVHNmU2FZcEZmbFlTN1g0OTVUclpsUW4tcFdTWWlaVGdnRHNrSDliWmFUWVREdkRZb3dRU3BCR3hCTm9aMzIwb3l2bVRGVmVNVmNuazU5dw?oc=5
NTES,2022-07-29,"Stocks enter correction mode on Alibaba drag, China’s slow-drip stimulus",South China Morning Post,https://news.google.com/rss/articles/CBMivAFBVV95cUxNUlQxMktLWXFOeUNQcnlRMHE5QnM1RzFjQXpENVozZ1dwenl2cjE0aFNvaVhRdXdYbk5SbzY3Tjh5eU5QTG5xTFVXMEtxa19lbnJFbkNIRUtweTVRcHh4OHRBcnFaeWxScmIzVGMzNDVENmVqTUdEeld3NG9vY3NzUGxxQ1pQMWNlTHg0Skg2a2w5blRheXFtT0VhUE1KRUFqSU9ablRNRnRNVlhRbGR0WTRtb25TOHR4dXRyVNIBvAFBVV95cUxOcEo0QV9PSS1NdTJxbEE2eHd1TVU2eVpDWTl1c0RUdFlJMXZKSHkybVFWX2JSdG9mRzZMeFllLXVBTV9GOENLdENHLXFSQnBxSVplbjNTUU9hU191bkFBUkI0d01ONzV5Vm9KRFVqY3dvWlRGSk1Zb04wSlJEYWNwTDZQSm8tTFdEZzRlOW9NQm4xRi03all6YUNyc2RmS29fdkpZXzJpOFBwRkx6ZHQ1TEJQWVIweUUxaXhhUg?oc=5
NTES,2022-08-18,"Stocks slip as Geely, Galaxy add to earnings blues while Meituan rebounds",South China Morning Post,https://news.google.com/rss/articles/CBMiswFBVV95cUxNNmhXN2oycHpUdkVwR0luNnJGSnM5U1VhSzQtMGh5Njc0OHdVSXQ2cWtTdUk1SEYySUwzeS1vMkVGYmMwQTgxeGdtTzZpT1FsM1lQem1VZWd5RldqNUJIYXRVSUNMODhxMkR0aHRZbFI2NDFXRlJWdVBrVGN3dFVQeURzQmhITWtQaElQM09MWE14Yy1VS3hRcjZySVdVOFFGalZPUWZsY3AyMHhzMWJLemRUUdIBswFBVV95cUxPcVVrd0pibjVwVHJESU5vLTdnWTdheTB0b1JfazlEaHlPVUY3aDV0Z3VVZlR5NzU5a0pMUDlCcnMyUi1SeGJTYlFQYVRPOW1hU2FsQnlaUXNPcmoyS1h4NzVuNTA1elhmMTJOT3M0S3BpWndYTWNzOVlCQmFIVkIxWVBOYmJDa0cweHkyVU9sbWxJNDFNYlRPVGlxYnFwams2dVV5SWVOVWlrOFdrVEFiYU5VZw?oc=5
NTES,2022-08-31,"Chinese tech giant NetEase buys Star Wars game maker, marking its first major push into Europe",CNBC,https://news.google.com/rss/articles/CBMipgFBVV95cUxORGh0YmpwMFNZb24zT1FDRkNlVHMzMjBpcUNCYmd3YUxwUkhVYmZzSnA0REt2NUgxNC00UlRaQnhiZkJ2dUJOaVVnS1ZtaTVpVkszYndfbGctMlhremhfZ2FTZzJDSzB6aGE5d21NSF9iN3BJejNIZUVTTEQyZWExUHY2bGRsMXl4eEY4bmw3Q2ZOaGR2TmhnNDdJcENPdXNpLTF1VjJB0gGrAUFVX3lxTFBxN2lVeWxuTzlVa3NQUTdRYVpnLXF6dHN4MVl4LWoydkxmdjdkV0l6S2tseTV6WW41dUtsRnNmVzhMLUV1LTFCTjdEYVdIZFp6bFdIWUtQZFZkVHVSMVcyTy1aMlI5LXZWT2FHZmtUSG5rVmY0Wk5rVktNZ204ZFBJbWVBN0VJYzVWT3hYb3ZYaFR5ekJFRHVsOENGYnM1bTZVME9qSVpPcXRKaw?oc=5
NTES,2022-09-05,Asia's video game giants continue acquisition hunt to expand into new formats and markets,CNBC,https://news.google.com/rss/articles/CBMiqgFBVV95cUxPVW0zVFptbmdNZUN0YlhrTWVJQ19TUm95dGVQNEFWU1VaUHJ2MDFOX0NmVmZodnpLcDZoSzlSVHZyQmZqeGR2bFFMUnU4RS1PMzRleXRNQ1JZTFR4NmNPYThaTklwZEE3a0s4QldnTHVobVM5NTZybWxVLVRTNDViOHlLVzR2NzQ0R0RCWHBEMVE0M2RXeU5sMmpnaE5Mamd5cWtCOEh6b1lIUdIBrwFBVV95cUxObWNMSFpMbnpyMkMtcHhVRGNYWG9WR3JDLVU0N1JVdXJyWF9wRmhGNHNOZWZ4NVVMT1E5M0JqY1dvUkEyeThKZ1J3bkhSMENfa2YxWnM1Z1E4N3VpT3oxNHBpb2Rpc2JWY0NjMnBHYzBwNTZjc2tBVFJYY1VyRkpjdVVkQXlNRktzLTVpS2lPVVFPTFJLUTNHUExRTENadEEzdkN3UTU0NlhjcXNFbDkw?oc=5
NTES,2022-09-13,"NetEase, Inc. Earnings and Revenue – NASDAQ:NTES",TradingView,https://news.google.com/rss/articles/CBMid0FVX3lxTE5SRFVndnY4T0F5dkctcXRMcmVlOTBWZDJlR21raFJqQ2U4WXhBRTJZbkl6bGozRHVmVF9kTFkyUkV3QWFEYWhscFVQNjh1bHA2cjZrOGdWekYySU5qaThSdWFvcGo1TVdWVThBbGVOSjlYLUZVWDlj?oc=5
NTES,2022-09-27,NetEase Cloud Music's First Social Music App Starts Registration,Pandaily,https://news.google.com/rss/articles/CBMijAFBVV95cUxQRU1ZTzQwdTNPQTQyUlpzUnFfR1NQZjdRYnVmbHFaclRza2ZSMy00ZXpidzh5Wm5vZkl3QlE3OUM4MFZXVmx0cFF0bFdWMF9zbng0RjJsRmc5TWFwX3cySEU0MVRnczdfeE5MRHBjUUNZR2NNTmRVcjJzbmx1YWpqNWswaDFiZUtNM2RuRQ?oc=5
NTES,2022-11-17,"In candid email, Blizzard head details suspension of game sales in China",The Washington Post,https://news.google.com/rss/articles/CBMijAFBVV95cUxQTEFIY0F3cmJOU2JlSkFHMl9mZTlXaThENGFMTE1VSG5JZWdoTFNSZVhxMXRIMWNSaDVCd2piTzFOZTZLb2ttVDcyLVAwTUt2cVBmUGRaMEF2NkVwSUhlSDJoTDY1NG1za0xON3BtVUwzalZjMjUyMEYyeEJzOEhXbUNPenR5Y0xxSmRFVg?oc=5
NTES,2022-11-17,World of Warcraft to go offline in China as Activision Blizzard and NetEase end 14-year deal,CNBC,https://news.google.com/rss/articles/CBMimwFBVV95cUxOR1I5S3FRNzVUQmI0WEdJUkZUdkxIRExzaWduMGpsTmZhSTZCT2J6ZnhDeW01cW1WSm9BV2NHTC1BdDZJaDA1SzA4U2xKaU5JUS1kSUdqM3Y5S0Z0cjZubGFnZlY4LVVsUTlrN3VVUFdVU0dMXzZrTUFjaUt6MGItUXdtT3ZsR1hfampnZE5rQ1FPb2lhdDNyNHFNY9IBoAFBVV95cUxQQ1dZYmwwSUdTNWFiTXlQbDZONHRlTlhQX2J2UzBBdXJEQk1KWHZvcG9nOEZ2UVlSUFhielBZVDhZQ3BZdjVpM2JQc2VNVkUwakdlTmVqUnZrZlJTdkt2OU11WTFqaGMzVEdMUFlVbVdwQ2c1cllaN0RMclltMXIyemE5cm44emlodDRGcmpCakNjckZUZlhLYVRhWXNZVE92?oc=5
NTES,2022-11-17,NetEase Announces Non-Renewal of Licenses with Blizzard,neteasegames.com,https://news.google.com/rss/articles/CBMibkFVX3lxTE5teUtnMk8xb0FnZXB5eFZMc0g3NUxfYlhZWWUyUnRmcXNrS052UkZfcXU0RGxncHZGVFpQS19nVG1MVU1SdFF0OW5UTGc3eTNIT1pJUXpRTURrYnVNMDJ0Rl80S2ViNGNXMXpJTG1B?oc=5
NTES,2022-11-17,"Activision Blizzard to End Most Game Services in China, NetEase Partnership",WSJ,https://news.google.com/rss/articles/CBMitgFBVV95cUxPYndwa1gxdGt6UjE3RVY2cU5fLTJLYmVSLTdsZFhIa1BQWkV0Ql9MWVNsX3V0aGE3dFY2dWlURV9mOUpFS1hVOTFpNFhiZ3dJOUJlTFRYdkYyUGVpTFNkY1ZhYU9VYlAxbEhnWkhkRHlRbEcyaldwd1E0dkF5NFJYUXFqRHlxb05UdHNtUWFQQUNHQ3c2M1lQT05JODN4MlprNlk3dUkzX2FsSGJDaEk1ZmVjaTlLZw?oc=5
NTES,2022-11-17,Blizzard to pull popular games from China after license spat,Tech Xplore,https://news.google.com/rss/articles/CBMif0FVX3lxTE94YWRhbV9zUjRpMDVXUzd6S2QtSXdaSkdtSS1JQWQ3Sjc4R280XzRoaVQ1cERqalc4RnRTWnYzUXFFTDJ2aW1FQzd3VTR1ZkpETjV2VzZSTFg1cjF2SEZQcDBEajh0TWw4SVc4SExYMjJTeXFBZDVGam1GS2o4bzA?oc=5
NTES,2022-11-17,Blizzard and NetEase licensing deal expired: what this means for WoW in China and NetEase revenue,Game World Observer,https://news.google.com/rss/articles/CBMirgFBVV95cUxPQ21YY25ST0U5ZS1zaXVBVF9tQnRtV3FMY0pvcUtVVU4zU3ZFcW1DSXhBSy1nQ01rU0xJRUI1blh3Z0JVaFc1MHdmVUN1ZmwxZ0hnU01oWVRMQ0VVNXFLWmhHWnM3b090T3VPQ2M3WFFQU3QzVlZad2FGMERxbGI5UXhmS0JWMVVTdWhBeGdTd2pBYUlkemRLSlgySkFVMTZqMFY5cV9mRnBGbFNUeEE?oc=5
NTES,2022-11-22,China is showing signs its intense crackdown on the video game sector is easing,CNBC,https://news.google.com/rss/articles/CBMiqwFBVV95cUxPMGxldHdTV1JZbm5VZy1sSHk4NXozcHctTTVteE0yRWJzTkx1WXFJX3Z3VEVOcUNJcVIzNS1JUjdQUVJqMlUyMUdRRDk3b2V2LWZoQzVMcFg2MXZQakNDZm9lSUhsdkUxWldhOWtuUzljdE1RNWg5Z0w2cjBBU2l4LTNwWDhQbFhGTDkzVFpXRGRzOWJFR1lkZnF0U283SUFuSEdtVWhLaF9DM3PSAbABQVVfeXFMT0otZExwQU9YN05QbGllVlczNVB1R05pRnVnMUlmNlpyU2I5YVlsTGMwaWlwNENqdTB5YWNlNUJJWEk1STR0RWl6QllKTWhNcXRHanJiNkpDa1dmLWdkcVZ4OVI4bEhQZWYxNXJ3UWlJSkNKRlNzYTJEa2NReFBkOU1KMUFRMXdNWG5VbDdGamJjaENTMW1CdHJzMXFpQWZsSU1RUUIyODNOam5WaU5xS1g?oc=5
NTES,2022-12-01,Why the end of Blizzard and NetEase’s licensing deal was a shock to gamers in China,automaton-media.com,https://news.google.com/rss/articles/CBMiYEFVX3lxTE44cFF5a3ZXM0puOURTc3VFQ0Z4bHhCYVA5VUZnalpCMVpOSXlqSkpaUDNTc2d6WUpvSDZDdk9GQVJiNGtsZzJPcFUxb0tYN2hqLXdkV0s2NWEzZWlVT2pTMg?oc=5
NTES,2022-12-10,"Rivian, Warner Bros Discovery to be added to Nasdaq 100",The Business Times,https://news.google.com/rss/articles/CBMioAFBVV95cUxPLXI1V1E3VVphSExBazlRd3ZLak9FRldNVlBfLVB5VzRNSS01bGJuODVZb0I4Sm9oQ19xWmljWi1sT2NucFozSlFJSTdfai1lVk1QVWlPLXhzcC00aklnUVYwNzBBMG5JYlZ5S2lwdDNsX3FWelhKYXlzdUQyYmd1dEhzY1FqMFpVZmxxWXpVZTlaV3h0RUlYUUNmY2xZamF0?oc=5
NTES,2022-12-13,Blizzard seeks new partners to continue offering World of Warcraft in China,CNBC,https://news.google.com/rss/articles/CBMimwFBVV95cUxNTVBGOVFNb3I3T1FpYlVCUjFUaDVWLUp6N1R5T25JZXFlTzFfSG9iQ1RmNFl2V2x5cmhqaDEwTHVmeEdfU21YUWFSUzI0bjZ1ZHFlMU5tR19kT2cyaWd1MTRmR0hWN1pYTDRlRWp5LUMzNzJrUW04S3djd0ZIdGptcXRiVC1ZQl9pS21DMl9tdlR1eHZiZlQ0Y1ljONIBoAFBVV95cUxORlFuNjh4RGRaS1liRTNIaVpOb2I1ZEV3eDh2LVZJVThsQnFXemVfRGRKc0lFT0pka2JCUjRySVRnVXVkQ1l3cHU3TndJNkEyWXJfa1R1SUxvbWRVeFNKM051MG9hRmZFdlg2Q3Jfekx3SmpmU3p4OVhnbnM5bVhvdlk4TFRzN1N1OXlBSko0cmc3WU5OSVdtWThvMzZEYmRw?oc=5
NTES,2023-01-06,China's NetEase buys gaming studio involved in major titles including Halo Infinite and Minecraft,CNBC,https://news.google.com/rss/articles/CBMirAFBVV95cUxPaFV3eFlKZEMteUdSenZEdndkdDBlN3RXUkR0a00wWFhzQ1ZjZXVtZHh5b1lITjNGVnAzSV9CQnN6V1BaX3FMQ0o1S2s2MEd3ZUk4UXM2d1QtdDE1cTdSQkVrNlN4ZmJLYTlaZUNVN2xKWlFvR3RTUXdqT1VITTU0cmNqQW1laUh0anE1YXMzOWhvTmRoc09TbXNTOFZfX2ZZQ3VJSk0yT21DR3pl0gGyAUFVX3lxTE05VUc3eVNlSkhZOV9rb2NtMTBFYjZNR0hPd1RtUHRVd3pJd180QXlqS3NwdEFaNHVDa3BxZ2dzcUhkdEpPR2JWNG5hRjE4RWxmYVRlU3lrbEdsdWgwQTdXUzg0SnBvTUFpVVQ3dnBmNTlraWpTT052eHJGOER3QV9iTm8tV1d3TlY0cEVpMEl3UHhQQ3h5TmQxbV80QjNfMGNSYW9PRlFYMFVfRDJaUGZNZVE?oc=5
NTES,2023-01-17,"Tencent, NetEase shares rise as China gaming crackdown eases",reuters.com,https://news.google.com/rss/articles/CBMipAFBVV95cUxOUnI1NzBZNFkwOTlfYnpOSFplaFIySkxMRWhYOERqbXFrd0pXQ2FLYXBKMTQzRlZvSW55S0ZPdkk3N2FmMUlySkVTU2VYc05Kekt2VlhqTUJmVWV3aXI1aktLaU1RY0VYVzU4bFpzUndONXh1UlpnZXZwNEZrcGxxbENFLVBHNE9kd0UyMHU4cGRWOFNQeE1uWFBGcHZiMWJ5X3Ffcw?oc=5
NTES,2023-01-19,China’s video game makers come in from the cold as crackdown eases,reuters.com,https://news.google.com/rss/articles/CBMingFBVV95cUxNQjdLUlcwWVlJWEdfMThVQ1AzaHdVVHpLTGJHd2VFX3hRamh4VmRzd0p1amdITHpsbUhCd2FUSUhENHphUGZ0SGoxNk4wY3VVX2dyUDBWcGhJcjYyQTd5ZlFGNHVDbmxhbXY0bGZLaUJmczZzenY5S3ZLcXAtOHlOczRrZGc0RzZhTnpRbXA1dmRSSUFneGQ2bVdFTDdiZw?oc=5
NTES,2023-01-26,Blizzard games have gone offline in China. What does it mean for esports?,Esports Insider,https://news.google.com/rss/articles/CBMijAFBVV95cUxQamZOM2pWRzVBN2JTX3pyTHlPbGJPV292TlR3UlRhQnQteFY5YUljVGFzb29MSDZBQXNkREZUclo4U1JHaWFrUDN1WjdSSFJqQmN0d2NmaHd5VnM3aVZDbkFrRjFNNVVSTXlVMTBsRWVRRlgya3BCcjlGOF96S0hRRDlISC0xWlY0QjlJSA?oc=5
NTES,2023-02-09,6 Undervalued Video Game Stocks,Morningstar,https://news.google.com/rss/articles/CBMidEFVX3lxTFBONG9ULVRJNTJhWG4tVVhkVHVwV2VVVEduRDBPOC0wMTNUSTlWVHphOVFkbjQzVGM1WExabEpDQXlPcVZRYXg1Zk9FQzJXdTEwSXhISWVtX1JMTmNVUWhrd3AwemJ6cEs2akhkQ3Z0M1U3d19N?oc=5
NTES,2023-02-14,Hong Kong stocks drop amid capital flight as traders await US inflation data,South China Morning Post,https://news.google.com/rss/articles/CBMi5gFBVV95cUxNUldHc3hLcTd0UkRPYUpPVjJPMUFsX0p2YldxeFZmNEMxTFpIUks5U2wyNVJ5T0paZkdsZlRzRjRqNU9fYkRNOXZnaE5uLXAycDVCTWVTQXhaNWZaZ3d5WVZSYTlwQ2FZaDQ3TnF6UUVTSmNpb19qa3oxU25oVG5ZVm94TFYxQmwyeVlIaXRCSHFCVDZZRDRUTVFVQUozaVlJMkFHT2pqQUFpV0lRSlJrZzRtTkdpN2FQeUd2ZXZlZzhyZERpck5uLTk2ckgxZG8wdjRhR3BoX3h2Si0zY2wyd2lpTnRMUdIB5gFBVV95cUxNdTFETkdhRXluYXJqbTM0bjJvLTljMHEtdTRRTU93a2ZTNWEtZVpZYmpZZTlxaExxUWs5OXZHbUNLLVlWZVY0cmFWb0t1dFlIb3Z0NWpFUS0yUmM0TGhaTDcwRDFwazhDbUNhX1dQam4xS3l1by1Od2xFUWEyOXl4OFNSMGw4cE9WNTdIcVNxeUp0VWczWmphbTY5bnNTdDUzbGEwOElRUzZ2SUhCT3V1ZFI0Q0ZYUFFSQTBLMmZDNW00UXB1aUNSUUNPTHI4RXFjTUtfLUhnc0k3WGVzWEJHaTFhSS1MQQ?oc=5
NTES,2023-02-19,"China’s tech regulator meets Big Tech bosses, including Didi CEO",South China Morning Post,https://news.google.com/rss/articles/CBMi4AFBVV95cUxNazBYN21FNktabXpIMzlvaEJ4b1ZUSUN2N1JTUzVFcWt2bXJXTVBmYUVRWHh6SWhmNEZkc1Rydm5qYldHeFhtQkxwTUtSVU9ZRktHVUlLN0E1eUdmdTAyb1lYXzJ5XzhtOC1mYWdxMjd1U1ZBOW1pcV9hbVZIajdxOWhJUjNoRFRzVi1laG1JcXBiUG9FcjFrWEsteVJ6Q2JYWFlWWl9oc0NoMXJxQ09Nd0E2SjFFTUVZa0hrbW0yb0lXTHZRYlMzUmpTbFpVamVBOWhQWEh2Q2FMQ3BGQy1Mb9IB4AFBVV95cUxPM1dNRmdxRnVTU3VxLWM5MUo0VjA3dEp0N1M5ZE9kNTVpcVF6RFhoT29zWW54RjRjd1VjSDE4X1Z5T19IUUd5Q09obVk5clZjNVQxbzFMdkJXaGhld1NPeWdiSmF0MEx4VGpiejBydXFoVEliS0x2ZnBjQmw0NjAzOVlhRkdFUGFwTFhISFdMWXJyOW1UTENtX2lTTWR1Q1d0cXR1VzF4ZTcwamZhenJNc0xCN3Z5Qm5EaC1zQjltaWpJbGR4aHp0QVBybHBuc1kzZkFqemV5S2RaYnB3VFg4WA?oc=5
NTES,2023-02-23,NetEase Fourth-Quarter Net Profit Fell as Operating Expenses Rose,WSJ,https://news.google.com/rss/articles/CBMipgFBVV95cUxQc3J1b1FYdEZoMFZNYVVZNW12VkdUZG5wS01NUFVhWHAxTlVZdGhQekZDdzhlRGRNaHRpcDN3TGM2REc4elUwUDYtRFp2QVpXcmkzYmVoWG0tMXNtLTZBZTluSXpDRmhZUmFLOTBOa0hXRnFkZmVITV83dGpZODZsclQ2WmlaRGJGLUxoVlNwQXBjbG1aVkV4NzEwbzNEbHpWMWZrajlB?oc=5
NTES,2023-02-24,China’s No 2 video games studio does not expect any overseas titles until 2025,South China Morning Post,https://news.google.com/rss/articles/CBMi4wFBVV95cUxNc0l5OENsMTZVVEFjZWt1UVpKQXZqNGlJS1BvdV9JeWRzYnhnV1I3WDZ4ZWpaYkVZZjM5enRiT3ZUZUd6RGZYRmhmb1phb1piOV8xR2E5SFRfLTlWbWRST1UyVm85bTBLMnJiTUFZclBmdGtXZHk1ZV9faVFwVkJCbkVMbW9idkVsZWJrWFVqNE0wZmJEMzc4VjF4bGtCR0NZVGtTZG5sQXBkcXkwNFIydGVDaldQV3dkamQyenFiekdEXzlXaWYwWmU4aGcwV0RudEZ1d2xEWGZrbzZuMmpnYzA0NNIB4wFBVV95cUxPZ3ZuMlBPb3FIT1J6YnBmT016N3pPSVFKamo2dGFkNFdrSlBVSjFSNWM1LWlXRWN0eHFvLV9OV29ZS3ZCWjAtaEZDQ0NXUWZieDI0ZndWU3ZlNTVUa21VSnA1eWE4cElfVzVmcEY4dzhvblhYSDFCdHFXSXlyQkhlVHg5TUZrSUx1NDhPS3pCWTgtVkVrdm9TRmNwUmdWYWN1Nm9ZTE9TcGNMcUJ5a0ZicGR6a3VtMUJTbVBtNmstaFpiVk1GRndEU1hEWTQ5T1ZlSXFCMHR5Vm1mX3hFVlNnLVJLdw?oc=5
NTES,2023-02-27,Tokyo-based Studio Flare established with BlazBlue series’ Toshimichi Mori as development producer,Gematsu,https://news.google.com/rss/articles/CBMi0AFBVV95cUxOM0RZM3pXNm9Udl80NXdINzQ0OVJtRE4ybGJaNUhfZ0xnVHRsSHJyXzJzZWpFOGRRUlBuamRDU0VwV0JUajUtZlpkZDd2UUFVMkd1UGEtdVQ4SmhEUmI2allEeWhrSk0xMExhMnlMRWxtR3pfejVMMk9vWlR5UUFIeXByN3NtbE1xeWhxc2g0eGdnZW9ZY1IwRk5sUmg4ODgxaENldHBMR0JqZkR5dmtodXp2UHpYS3k5Mk15YzNZanl6LXV1YWZvOWhPOUJOZHlH?oc=5
NTES,2023-03-25,Ace Racer: Best Cars Tier List,GameSkinny,https://news.google.com/rss/articles/CBMib0FVX3lxTE9zblR4SmwtN2tSbTdTd205clNaUlB2VmRRc20ybzFnc2E5SE52TU1zV0I5RkVVZnhISUZNSGNpOHkxelFFU0RPMjhRanI0a3dLdUE5cEtpRFBPTVdNOGZOWDJCWTRLdUt1cW93enJHYw?oc=5
NTES,2023-03-27,China stock bets doubted as empty containers pile up at ports amid export slump,South China Morning Post,https://news.google.com/rss/articles/CBMi7gFBVV95cUxOSTgydjlqRW5PVHhRSi1RMlVQM0tLWDJRSS1oNl9ENnZIRE9ybXlOSy11eHl1VUxoa01FQkRhZVNETnV3Zk1ZekZJQlZxdU92bVNWMThjcU1tbFJwU0pkcTdJZEh3cXNjcTVpTWhQTmdxTVA2Wkk0a2lQY1BTRS1hRG91ZFo2TklFZ2IwazQ4VDFhQm0xTXgwbl80bWlpSW9MbUFPQlBobndmYW90eHhORzBwM2VPTVFVNDBWNlI1X0I5RVBTUktVaHgxVFRTMjFPTi1MeDJDMUIxZzFqYjJ6eU4yNjNTNU1DbUpZNS130gHuAUFVX3lxTFAya3pEVlNzNDhXTVdFY0pUTWxYbTY4dHJuenpQSjgtSG9UX2ozTmxfYmhYOHVnemR0b2Y0bVlOYlhjRklVUmE3czhiTGJyQllaVV8zOE9scUdpNVNsQmcxdjFPRmt3OTBsUS1hZU9JV29KbDB3eTJHamoyTHNZbTdjaktfMHVWZlYzSjI4TzRISDVMQV93RmE1YUNLRnBqWU8yREhLNHAxTnFQNkFjSC1ZZVZ6UnR1cmFpM0NXdnU0REJpRE1DWUhOYkJZczRLSjZRWmRVQmFhdl9FYnJUS3FRaVAxLTI4a0VNXy0xX0E?oc=5
NTES,2023-03-29,Rift Between Gaming Giants Shows Toll of China’s Economic Crackdown (Published 2023),The New York Times,https://news.google.com/rss/articles/CBMiiwFBVV95cUxNM19tWkpFUWJXS1VkRTAtWHlSWnREMzZDN3dHQTFxM3E3WjJIOVdOZ24zV2p5eHBkaFlkNzJmYXpFRkFUUnVEa3VsS2NTRXJwam1XYzR1OHkxSzV3V3FqUmZqbk8yUG5XQld0UXVLZ3pfWVdXMFlXSjhEaE5Oc0N1NDNFRFdGWE1tajhV?oc=5
NTES,2023-03-29,Activision-Blizzard and NetEase’s breakup was caused by long-brewing disputes and alleged threats,Massively Overpowered,https://news.google.com/rss/articles/CBMiwAFBVV95cUxNcGJldm9xeVRwWk5MWEg5c29DMGpsY0YyQUt0bHRMdGozcFZqZjJRSWZCdHloSFV6SFZGQ0JqcHA3aTc3NnVWOHRYWUxKamF6ZENSTzB4QkZPLXBnYTZISmtwRDl3aUlMTjdHT3cxdnBJZHlybWlGYU1VRXpEdXk3TVBOSVFMZlMwekV6RmZqX084UDZwRWs1cU9SZDh5bEpmUTFOMlVUeDZ1TzZWQ0JqTTNVU1NPV1ZIM3hSdTlKczg?oc=5
NTES,2023-05-16,"Chinese tech stocks sink despite strong results from Baidu, iQiyi (BIDU)",Seeking Alpha,https://news.google.com/rss/articles/CBMinwFBVV95cUxPYUVZenJpOTcyXzVjS29EWXh3ajZjSkFINXAycnJ0a2JrYThnbFlYZ0xhaTNIRnpoY0FReF9NSTZLbXE5YTRSbmJKTDQwcWs0RFZNU28zVG5HSVpWXzBvNWFPN0lqeFhIUVphV25feEFPc0ZTVEtYbmRSTTZXa0R4ckI4blJDTEp6dkVNTWt2cEpoZlNVcWozRVlaOGR4aE0?oc=5
NTES,2023-05-22,Monday Payload: What’s wrong with the Shanghai Dragons?,esports.gg,https://news.google.com/rss/articles/CBMigwFBVV95cUxQQWtjMnR4bnpJeldMQzNQckRRdUVRaUVTQ3BYT3FWMkJyNWdPZDhYZ2U1elV3bEs5SzcxVkVtWXZNM2ZmMUw4TmNudU9MZEsxYnhFMXlpYkxmcmU5a3R5d21HblY1Q2xNRFlrS3BiSUMtd29DV0hvZi1hSFZpZlV2TTh5Zw?oc=5
NTES,2023-06-30,tinyBuild moving away from third-party publishing as its shares plunge nearly 80% on bad H1 performance,Game World Observer,https://news.google.com/rss/articles/CBMikgFBVV95cUxOdUN2SWd4SjBINnBsVndXdEpLN1AtVUNsemtFd1NSWFQ4aWVpVEk1cEtDdWxnbkVjVTlJUnNxRnM3NWh2Q1VlUkRYVTE2a0tIbE9POWdfVkZRQVBtcVFOMXpwZ0phOGxKdEdGMTBod0lOUWhWVEFLRWp6bV83eWtzVXdDcDIxTE9BZExJcnZQWHFXUQ?oc=5
NTES,2023-07-04,Most Hong Kong stocks advance as BYD rises while chip curbs unsettle AI firms,South China Morning Post,https://news.google.com/rss/articles/CBMi7wFBVV95cUxNVnFVY0pMaXhhbDNtdG12Y1hHSExQSXliTXVxSlFiUEg4NEtXQWZCSDVmNW5LZjl4UDZsYkdNMW5fSjJHY3lJeXk2NDJPTjZkVEhkblJhYmpnRG9nUXRjZnI5UGV2ekZYVmpLZUlXeDlNc2ZyVUFQd09XTE5USmFueVFVZlZybDB3YkJHTEtnb0RQSjNCX1RDUFpNeGdDckxjd1ZJMXR6QnlXdlVvckkwY05GdVlkRHZBMHRyRkZyVjlrWE9jTkJyQmlqVjNEalFVZWhRSmpiZE1sYXZwVDFrQWxFLUV0d3EwWEtLTHJHa9IB7wFBVV95cUxQQWQwWjRqR1FYOElUN3o2TS1vb1kzYjlYVkdibHVRY1hxdDhPVVlyUzRqOGlXUDdQaXpFZFV2UnprMXp1QkgzQU5BbkVfZ3c5YUpfS1dtRGNYT1dOMndGR18yclB5VDR5MEEzaXVzMjJYSnJKQW9uSnZRMlYxQVFsVTZoUDJnVUZQdXIzTS1BUTcwRzR0eWZyVHN2MmhrOFBzaFZhOXRFcjVMTTJzTjhQWVItNHF1WW94d2lhMUlEN0VKMDhFOHBPTG1sVHVXRDcyWjhVb05ESUJ4R0hQLXVqVzNEekIyd2JqZWlSQWxmaw?oc=5
NTES,2023-07-05,"NetEase shares surge 85% over past nine months, thanks to success of AI-powered MMO game Justice Mobile",Game World Observer,https://news.google.com/rss/articles/CBMikgFBVV95cUxPMkltTmE5dWZnVnhZOXd6WU53QWhFTjV6ckkwYk1rZXNZZjFYU1FIaEJWclFTZ19TOXo4YWxFWXpxX2ZnX3YxZGNXcUNPT2ZvUjI4M1lfUGowLWtWOXVVbGtRaEQwSWdYTG93SkFfejJhcE5QdDd6b3NMT0ZYUXd3VUNUWnlJZkFlOXQtVGRWRkZvZw?oc=5
NTES,2023-07-20,Hong Kong stocks erase gain as Sunny Optical sinks 13 per cent on profit alarm,South China Morning Post,https://news.google.com/rss/articles/CBMi5AFBVV95cUxQaUJDbjQ2ekt0eWZiMUtkZW9SMUFxM3pwX21TQ1RuN3lCMEg1bnY0SHY2Q210bkJLQlVpcU1JTGpNMlI1ak9Jb1VxQkc1VEo0VW1jRlB4UWo2WTd5bkRZMTU5QU1IX0M3UUdEQlN3VXU4M05MZHBiMVZvd2xJS0JvQi1zLWpXamdrR2kzMzJQa0JoemdkYVlIMWdDc2tCT29Zb0RmbW5uSEY0UV9oZE14RzBTX0NjSFNteUdMdnBYbktzQktLcFNJWjV3U0lvWVVOVUd4YXpxblhZUG5fdUsySjhkaDTSAeQBQVVfeXFMTURKU29QbENsOXFjOEI3T0l2bVFsMXBVLXhDbGxZdi1tUEU0cjBuUFhMWWl1ZzFmUC1yR0k1WXV5SU1jRGNSaFVuUS11NkNNdU5xeTUtcWJNNldmcGxYMHBfd2R2d3ZiQnhoRlhmb29jUHZfNmU4ZWJub2NsUy1OTTN0ZUlxRFNEdGdudV8wcDgzMzA5cWdrVGotdklKZ3VwTXBmb0VKOUxULXZmQjVtTEp6bTVYd1V6Vld2X0tHV3NKWDd1WERQNWNGZ29DSVdBalBDb215eXpocG9mTTVXTTIzaWdH?oc=5
NTES,2023-07-24,Eggy Party's success intensified NetEase & Tencent's war for casual supremacy,Pocket Gamer.biz,https://news.google.com/rss/articles/CBMiqgFBVV95cUxQLWJ6V2FWYkwwLWxKcm1hdzR1QTZKczkwS1RpeG5CVk8zd1kwdjc0QkpoSEgtMjJPSjE0QndiRjh0YmdpQXpHUFhWcENyUUkzNDFfWUViNFlmNFBkcnhDYWVTX090YkMzRlZaS3ZMWEdGWFlBWjkwT3FBVmd2NjJ6R2ZMcThaY0N3LWdETXJNLW1ndWFweEZPaUNTcUpoQTRnR1ZiZGF1cVJFUQ?oc=5
NTES,2023-08-15,Dalio’s Bridgewater dumps a third of China stocks but loads up on consumer plays,South China Morning Post,https://news.google.com/rss/articles/CBMi5AFBVV95cUxQX3U2elh3Z2pTUUl0Qmt6anV3RUtOR19WeGhYTzJrVVM5cTZqV3FpWHRudUNVQzhSeFd2VjFiVWZja3J2OFZPclAwaFlndllQZ19BenpoRnp6SF93N21Rc2p0WGs3TjBwSlFQZXdrLTRqZHZjcDRoVllUTm9NY0NQVmdILUFJQkhpNDJ2WlhxTjcxREIwR1hvcHVaSWlhVDNtYXlfUVo3QzM3c3kxdE1uanBfMHQxejV3d0h3U1BqNDNnVTVHMHUzYnpuclF0eXZxdm11NkxDZjFJYl9MSDljZDQzWHbSAeQBQVVfeXFMTWs3TFdQSUtBWWtYQXJhRE1nT2JJemlERVhqTXA4NEtXVlpvd2hFRXhVc3c5dEhjZjFmZC1wNUNSRUZ6bXZycGdITkpfbnZvRnNkc0xjRVBmcnN4VGNNM0wwNktSekNCS2VmX3djdzl6WlN0MjNSeE03djZlY1pGU19FUlhRdS1TZnNoYWZnMjM1MlY4bThlU0JkNGc0UjBtU2w1Q1dGX205YWI4RjAzZV9Hb2dDcElKb01aa2tBb01JX2p6RHU5d2trR054LWt6cDRNTHBWeE05aFQ4ajREOHVOclFE?oc=5
NTES,2023-08-25,"Stocks falter in Hong Kong on mixed earnings, Fed hawkish tilt",South China Morning Post,https://news.google.com/rss/articles/CBMi7AFBVV95cUxOTVVGUjdaZFZaWUlqQVZNRGVTdEE4VE1SSHBkOGRiMnVpb2hfR25TeWlxYUJvOWR4TUNpNWZ1QUVKeGpiSEw3djRkXy1SV0RuM3NCNlgydGFfNzFPQXhLa1VOTm40azhEVGJLTkkwbHhrcldhdWJpNVBKMVJrdlZOZ0FKMkRXdzVXaEJEMG1iSXRka0VybDBtMjJ3el9NVjJKRFNzdXh3WlNBdlp1bnBEZGxTYVFmRkdVeE1iTHhzRnRFejh6eWhySkZPOFJrMjEzdUZROWtzaUpIQXJNU3RiRjMzMFNWTXRwS0FkSNIB7AFBVV95cUxPdU1hMmxMOUo0V1owNmhhXzdwNnNfaFpNUWFrbDl4UFJVRkFGa1ViRVB0bkRuUWVDQjBBcXE2ckU3eFNFRVBzTkFWZ2h5RFljQk9sOS1obmMtWXk3bnI1c1FyamkxTFBVQzFoR0pCc0p1VE8zNDFPQjdNeTM5Q21iSzhaSXc5RkROT202eVhVWkRfNTI1Ujc0NExBTzNLVUFsclFzTXlURXpidkZTbHE4SFNHRDB4VGM0am5qQjF2NjNPa3RINUJJWEhWOVNsaVpqVHdQLTFJS3FOa3B6dlVVXzRnU0FZZmF1ckdTQw?oc=5
NTES,2023-09-05,"NetEase Games, creator of ""Wilderness Action"" and ""Fifth Personality,"" to exhibit at Tokyo Game Show for the first time! 13 titles including unannounced titles",Saiga NAK,https://news.google.com/rss/articles/CBMiW0FVX3lxTE96RFVzVFZaUWVZUUxQbG56c3JsaTU3UHUySEVUemdhU1kzV0xBb3FZQmo1eWgwcHNNUDdUb2M3MGtoU3A2VTkwai1QNjNMZWt3SzFPYUxSSGN2aHPSAWBBVV95cUxPOUxHMXFaaDUycDZoSFdjaUkzQ1otYXBQVGhlNG82UHJJckUyQnR5dUh2S3VkUlpOc0FGQ3lDZU1sTEdrTG9mcU5PWHI2UkZMNXdub29Rc29kbTNCUGdLQkw?oc=5
NTES,2023-09-07,China is in Trouble. Are Chinese Stocks Investable?,TipRanks,https://news.google.com/rss/articles/CBMikAFBVV95cUxNYm5wcjZ4RXNHemd2RXltR3ZobFl4dGVoT0w4VlBBSTVMUExHSWhwMTBPRG1aRDhKR05zc3hodmtnalNQeTc5SmdTbTB1OW5lcnM5d0dySnhSMTJoZnRxVzBhWV9VTmFFSjZOZWVkeVJEdk1MN3Fhblp2dzVINGltZVdEdDVFaWZSZndCdU1RZzY?oc=5
NTES,2023-10-09,PAR Technology (PAR) to Provide POS Solution to Burger King,Yahoo Finance,https://news.google.com/rss/articles/CBMigwFBVV95cUxQNWZ5ZmRvaG9kZDZqaEE1Nm96eEpyM3oxZ3FTYzBDbnBuV3E0WEMtblF4LTVTZU5WZ1Bzb2tDWW1qZExiSW1keTlfVEFKT3Y3ZmxkcXlET1cxMVp0QUoxR1hPdUFkY1BLYUF0a0tMNmZxa2hFdzY0VVhHQXlQRnF5QS1tNA?oc=5
NTES,2023-11-07,"DISH Network (DISH) Q3 Earnings Miss, Revenues Decline Y/Y",Yahoo Finance,https://news.google.com/rss/articles/CBMigAFBVV95cUxNMy1wSlNMSHp5bllIV1ZfNVVYakhjbjI3RkJNUUtLWjJMNjltcHVXTnF4MFl1Q2FZdElyRlppeVVUQmhKdm54eVMtSXgxWEhld2NOQ2tUVmNiYzJPMXNCYmptRTlMbElDQ3F6ci1OcXFHa3d1ZW9zOG5oX2ZuTDFqMw?oc=5
NTES,2023-11-14,Stocks related to Huawei HarmonyOS soar,China Daily,https://news.google.com/rss/articles/CBMifkFVX3lxTE96UGJGOHRzQ0hLYXhzWTJsbnhtMmFieHppM2tiZDJHdlA3RHRvWkczNFg2Wml5TVEwNzExdHNsSndPU0xRd20tOHlsaFBLYXFRS2cwMzNWM3F0MWlVcUNreG81MWhCdjRWczlvc2d5RC1lZ3l0R3BSeGhhRS1RZw?oc=5
NTES,2023-11-16,"NetEase’s Quarterly Profit Rises on Higher Sales, Moderated Costs",WSJ,https://news.google.com/rss/articles/CBMirwFBVV95cUxOb19yVVd5WXJUd1VHaWFvOTJXYUFkMW12eVc3a0F5QVhLV0g5b0VkYzlIcnRGWjIzTlQtcmhsb1ZEWTR2MmhqckxGUWtuOWZtUlRhZkhNeGRYd1BMOWY5SXNTMmM1SzdWekpuaUFjakxEdnRfQk9CamNuc2NGQWdhNnZGcFZrazdiWlVKekk3SktVcUduZ0laTkgwTjQ2YnA4ZUR4ZF9lOVgzczB3RlpZ?oc=5
NTES,2023-12-14,"NetEase Surpasses Meituan, Becoming the Fourth Largest Internet Company in China by Market Value",Pandaily,https://news.google.com/rss/articles/CBMitwFBVV95cUxOMmhHYmpVZXZiN2tBQ2IyMkVBeG9OSE4zNGoxVHJqUXVEazhuNzhXaXVIaFdGcmF0SU1wak9aSURHMjBBM3ZwaXB4TnlucEJZTzIzU0ZqOVlubmRfRktRcUl3cFBhYTdrUU8zMm5KdW9KR05RN2xONUtEZXhENVN2WEt2MVRtNmQ3cHl6UklFOVBGcWp0cEFRTy1zd21ENFZycXdYVFJkNFZyQXpQUl8tWUZKczdFNWc?oc=5
NTES,2023-12-15,3 Wealth Building Internet Stocks to Buy as 2024 Approaches,Zacks Investment Research,https://news.google.com/rss/articles/CBMiogFBVV95cUxOU2ljVUJqcC0wdVZwOFlURVd2SW1qbmlRLVdvQ3ZFQi1fTEJyYkZJeWZ1LTc4bURUUmlDQWVKaS1HbkhMeTdMQk1DaTg2Uk9Pakc1bjZJekVlS25HRkRjRHJMTFVwZUpBdU5aVnA0LUVhalQtSnBPZE5qekZBUnpka1pSSVNaTGJnZm15RlZjQS1GV0dUaDJTOE1qQ2VES0VJa1E?oc=5
NTES,2023-12-15,"China Dominates in 7 out of 10 Sectors, Companies Ramp Up Acquisitions",Growth Dragons,https://news.google.com/rss/articles/CBMihAFBVV95cUxPaEpLdHdrMzg0MXpUaVFLT0l2NWdpeG9DYS04R1VLd2laVGVtblRRLWVDMld0MlZZVW0yYi1CR3puOVBsSmF4dy0yTXRRTkpZOUFtdDZrODJGWHZ3TGF3dFotTmJmSFVSSUF6UFdBZ05GVDM5djNUZ3RWcEFWSUpzTm1aeHM?oc=5
NTES,2023-12-22,Tencent loses over $43 billion in market value after China proposes new online gaming rules,CNBC,https://news.google.com/rss/articles/CBMiqAFBVV95cUxNSGxvQjg4Vy1odVI0OE5qWkdxaUJtZHlReHJqSlUtRjRnQUZ6TWFVSWgya0dZSmdRYndaU1FKRFVyYjF2SkI4QW9JNDhzTElpdms2SVZwaTJGczItamVhS1JwTHpJWjd6TDROeF9PTTVTRVFid0pEbzVfUVRTODVsSDVTTXpUa2oxYllrY29zMFRjS1hCQ3lVY1Y2Y0FXZXFoWm5wVG0wMHjSAa4BQVVfeXFMT1BDTncwdkJSQ2ljYTZIdlpxM1Y5cTg1LWFrTmFDUzNodEJXTTdHTWRuR0ZHeDA0MFB4bjlwMXBxd3Q0TTZjWDRtdjJ5X0tKX2Z1Q19FUm1NMFdVakYzWVN5TnEtTGFpZ29mTTdFanktWW00YURXMnVlQWpUeDhDYTluSG5DeWtyVFBXeWtMRnpKVEN2a1pUcW52akw4V1NHc2VKRmxtVE9VQWZER1ZB?oc=5
NTES,2023-12-22,Shares Of Tencent And NetEase Nosedive After China Proposes New Online Gaming Restrictions,Forbes,https://news.google.com/rss/articles/CBMi3AFBVV95cUxOQ0d3WVQ4WWM1Y2dHZWFCNGphVEl6ZEQ3WW0zN3Fic0g1T3NhdjhOV01xSXh5TUk1YTk1aUpYRHFYeXptYXJMNHRKLXFoT3MwOExHYnVlcDhsUjJVckdyelFTTHVCQndDajZPdDVLYS04SnhHM2M0c2NoRWtvZDNPNXduLXJFdXZqcjltMkNvSDJyRUlJYmxtTVNoVk11TG43NVl3cWNvOHZsOFJKbXpQR3U3VGpZUFdrVF9sYlJRcWZab2JtVUR2UUJlUkNDelhUNFR3eEpmalFlVXVx?oc=5
NTES,2023-12-22,China to curb excess spending on video games in blow for world’s biggest market,South China Morning Post,https://news.google.com/rss/articles/CBMi0wFBVV95cUxPS2VQRF9jcXZudFR5bHRydHNpTXdGVTNScXhWbnd4VEtLMks2djJZalRzRzhoX052aDhjQmFXak9OVEZzZkVEWW9MRWtPXzBMUTR5dWkzdXl3QzRUV1R2LXFMNFFDYmZIRXphNDNtZlRnUUZPSkQxbVhwVkVuRl9QZGxRZzAxOUlIOURIbURXZlM5RDN2TnhxMERHbjctdFZEZnZpT2stTmRucXpZb3o0bDZ1MnZ2b3ExVnpKVFpJYUtVVGJmOUNQaU1fWmpDX0EtU0dv0gHTAUFVX3lxTFBaTnhlOGlXV1h6ODF0QTNjNWZfNVJ0OHh6UkFaUHEzNHA2N2JWdkUtRVB2anQ2aDNEQlpKZjNOWVpKYk5CUTJSd2ZyWTY4TTREY0lWaDNfOWZBU1BtVnQ1engwZXo1WjZXLWI1RFRreUVZbHVJMW9ZR2Y3SU83RnFLb2h2d0tDVnVVUEdlcF9sUGFFak5PVG84V1dKaFhJamhITEtDcUtsMmpfREJUV3VmWGhHTnpwMGJNVmg3alhtY1FyU1dzLXhSWGRKUWt1T0dBMDg?oc=5
NTES,2023-12-25,China Approves 105 Online Games After Draft Curbs Trigger Losses,VOA - Voice of America English News,https://news.google.com/rss/articles/CBMipwFBVV95cUxOdWdhNkdIeEZUMW0zeHJoY0M0b3l1UWF0QS1BX3Axc0kwYjFsN2RpZlY2NHJtM1hzRkRqZG1ncUtZYXRCQ2JtYl9xUDY5dVZDdG5QOVREWTdqSmlobEpjZHh1SVlsWDRJclZ2NzNTeEdOc1MxaUg0WFMwWFJzZWpZaHhpc2VCTjJscFVBSDdUajRIUUxLMElQVG5XVnM1R3VEQ0ZycWZqQdIBqgFBVV95cUxQRDg5NFpzT3NUbEFkZllXdE4xOTNSR08wWHhGMWpGSldwU1JJM09uMnhqNjR3THh4dHJzMFgxQUpJVUd4SXV0TzVoY1JkUUR5OWhIQTJoajhhNlo0Y19OOUI1Z2FtMXMtbjdheTAtYXJzZ0NRSWZITjduOFZ5U25NZ0xyZ2lQeUtMUTYzX25BNHVXU2JKQmx5S3V4VEdKNVRzb2o2TjE5bmFfZw?oc=5
NTES,2023-12-25,China is in damage-control mode after its crackdown on video games sparked an $80 billion market meltdown,Business Insider,https://news.google.com/rss/articles/CBMiqwFBVV95cUxOamx3dDVTVGw1WE1SRkxYYXhibzZxNGdITzNqMC05bFAwVVJja0VrdDY0TTBCT0ZQQV95aC13aDlDUVprTXdubFBfUF93djZ6NFVFWmI1emdVVGdnT05CSzE4LVZRakpmNFNkSnVZNVdPNHB0eW01c1FZSnRpZTJvTjdwQjBIcTZfeTlybkttSXQtaU1OUVJlS2ROWnEtRjdpTThXQVJXYUVraG8?oc=5
NTES,2023-12-27,Will China Ease Its New Video Game Controls? Investors Think So. (Published 2023),The New York Times,https://news.google.com/rss/articles/CBMiiwFBVV95cUxNWnRfbGZMaEhEOS1PQUhqQzFhTnRRTkhFYWVVamNNQnU3VVdRR2RVT2REV19VLUNUX2hGZXBsQW5hZmdrSWltUjN3cTFGMUc2cUF1alNaM2d2dFU1RUpDZFEwR3gxNV9Bb1RGRFY2QnloaUVFYm5neThSV3hhWngxalBFQUtNYWZkWFBj?oc=5
NTES,2023-12-27,Chinese gaming sector in turmoil as regulators announce new proposals,The Guardian,https://news.google.com/rss/articles/CBMirgFBVV95cUxORjBOcXdtZzhJc1hEM1pBSEdBQXZ3RXYyUTdwaDg1YUlCUmtqeTk1SjlfT0hlX0tmNHpZWk9mdGZEZnladm9FclQ1MmM2Qy1VZDBIMHF5OEIyTTZicGV0TC1yVk5xU1Itay04dEluUTFxZXF6R2h3OWZIT05lelpRbWtybHR0eHdQV05pVXZQNU41SlYybE5xT1FDM0RHQjlDbkN5X0hfZkc0a2tvTnc?oc=5
NTES,2024-01-02,"Exclusive | Chinese video gaming official steps down after stock market rout, sources say",South China Morning Post,https://news.google.com/rss/articles/CBMi4gFBVV95cUxObncybE10OVpmOHdqQ2wtZ3lBb0xvNFR3QmhhRmlTWW11LXRvMEFsQjRoVXY2cWtCQ3F6OEVhbzJhd0VGbjdMcmtVOWR0RUN5UjM4VXRyNWFPc3o1OWhObkJnUnNtY3lJOG9CUmgzT3VXcERodUFDekZWdnBEb0tvSmR5bEZmbmI2R2l3WkxVV2hDVC1TeThIc1Z0bDdKZWFCZU1peG1xeV9NTEhUN0NfN0F5dDZVbkx3VDJmY0NaTjF0WXBucUppRF8xLTlwZmwtSGU4bUtEQ1lLQUFSamlITGxn0gHiAUFVX3lxTE56d2J2LU5ibHRWTUpiemZhZW5tVDFNU2l5Z0RpMFJmeERqOTJOdnBOcWVINFRFX0FPZWpnQWtwWlB4Rk02ZDN6MV8xeUVGXzJRUjhjcWRsNE51c3JBMG9uVWc3RWZwSlR5cFFnT1dzWG13SFIwS2VVT3FvZnZVWHZhTGRRQWFfMnNtcjhQNmZDemVYd0lhT3d3alpxY0VMZXJoY0VQeHQxcG9abm42dVRqbE5XdjRZSDZSNXlqa1lxN2J5dXo0eHdRSkw4WHozQ1BUMy12TmpDdFVNUmxrNEJGaFE?oc=5
NTES,2024-01-03,China Reportedly Ousts Official Who Proposed New Gaming Restrictions,Forbes,https://news.google.com/rss/articles/CBMiggJBVV95cUxQemRLX2E1VDFfTDM1MlVNb1pGZTEwZmNjZ3g0cjhmbGV3NFc3MUg0S3FsaVY2eDhYaHVfSjVoTzh6S2czOC1PRUtlWnNPVVF3WmNGMVRnLXVKSGxNM1ZlRUE3Si1odjNuN0ZpTm5uWU1FQ0V5bExHWHB3cGppTUpXQU01SWYwNFY5aUtVSmdBa3J0U0JIQzMxeG44R1ZNekNUMkFOUmFxZ05yWm9OdERnSk1vWXJQb21KZ21vTl9Lenh0REV0WGFrV2RVMGJuRzFmVGdqRG1MUWNMZ1h0WkNRa3lWcHJSNVJ6dG1PbGtsclY0SjZkcmJaT243TEUtMXQ5cmc?oc=5
NTES,2024-01-23,Chinese regulators retract gaming rule proposal after stock market turmoil,South China Morning Post,https://news.google.com/rss/articles/CBMiwAFBVV95cUxPYXlsdzdtZmtMelF4RWliRFYtWUN5MjFranc4VDhOSU8xenJBejFYeGtndHVrMnRVU2hXcWVlZU5YQ25rM3c1NlJMTkNCbE13QTY5bUw3YkJselgtSDBpRTcwTDBSeG5WRlRKWDJNdTNveXNvZkJjNEZzRm1lLXNweEhEUktwMnNRRjQ5dWtTWkgtajd0OEV0Z3ltT2ZIOVFacDk5YWFqVm90cml3ZDY1OG1GeDBiSmtwN0MwUGdyYzLSAcABQVVfeXFMTzBxb0NrYnlQaVhudktmVzZwLWoyWFdIQlF0UVljbjEtYUgweHk1NmtEdmQxX0FRLVpPNWVLSmNUZjFSaDBTNWUzV2gzM1Z4T19pcWVZVXR4cUtMakpJZGNkTnBnUE8xRGVLSzV1ZW5OSW5HMEFIZndySnNLVFNKd2NIZmxENGxUR2dWalZWemZZU2x0MUdlLVg5Vjdpak5tOUFfQUVXVzBhbEFUMWVGMEgyRUVOVDMxS3RNSjR3T1p5?oc=5
NTES,2024-01-26,"China approves 115 video games for January, signalling support after market rout",South China Morning Post,https://news.google.com/rss/articles/CBMi4AFBVV95cUxPdlNkYVVMWjRMbXVYMGdUUXVfcGMzUXhHRjJvdi1JQm85SExFVDlwQ1RLV21JX1Vka2hONmpjbm4wdkJCSjdLWWFXUjd3MndrdXpURkpnVnFmZWhkQ2U2aE5RT01vWGZ5VkhNa3psU2VWQm8yV1BXZUdkS2Q0UTJ0QzVzTkZHcVJMSGpsbHFjelNScXBJRl96MDlLVkJDRHRrLWxnVTlNdThGZDZpQzVGc01VVU1CMm1TT2p2bHNvcXQxeXljNHh4VEtVX294SHlkVElwZWRoMXVveUFPTWx5edIB4AFBVV95cUxQT1h2MExTWmxGc3JhS0JtbUFfTHljSWhFWlV0cHk0dDlfbThKZWZTekFsZ1VkbWV2b3A1T3E5aUpoOXNjbktLazZWWlFvdmdhaGtaM21ZQVJmZ0tJczVwbXNrSnFLV3JWUEo2dWtGQzlIUXV6aU85RGM4dGJIam14ek9aTEgzNFpVdVZzRENCMmNzSHhfNzN3NDIxLTB6Tlg0SEFuRHJUUnJoNDVtbjJuRm9YaGo5Z25ZaVlfMjR1RXlHN2g1NlpEN0tMN25FM1ZjZWk1Q0dKVGlTbkFfekNOSg?oc=5
NTES,2024-01-30,NetEase layoff rumors: staff churn or a bigger restructuring?,thebambooworks.com,https://news.google.com/rss/articles/CBMi0wFBVV95cUxQLVFGaG53SjJ6a3pZT1V3cGxFMGxDTXZNUUowZEhUc29sR01CSFNBdjdCSndDM2d6bGZsRUU4T2N3QXFtUVNFQzlvQWJsdTRsMDh1ckdSeWFLSnRpejg0SnBVRVljVF9UZDZuSzBlaWxzcmR3VGNUUUtJT0czc2NFbm5iRW1Rb2FNWWtTSUJTbDVNOW1lUk5lbkdXN1FYUHhpdmJjalZBTFlsTkRKUTlEWVFzcU5JbVh0MEZlUTdOU2lTZVhkOXF3TWNiTUxIWHl3U0VV?oc=5
NTES,2024-02-02,"Beijing approves Dungeon & Fighter Mobile, giving Tencent a boost",South China Morning Post,https://news.google.com/rss/articles/CBMi3wFBVV95cUxQRXhfYktwdHlwN29uUVpYMExtUWw1R0trZ0NwbFdQcF82cUlLalJjMzVsQ3p5cUVzNHJ4YkxPbzhsa2dSczVNVTZRSzIyaDlQOVRndkozeW1jUjBDMmhOc3N6QW5Ld0ZCWkZtdTRaNHd0Mk1YLTJOUUp2TDF5MlZ6S2JpZmE2NS1DOXh6eU0yRTlNWnVnckZESzFKS1paVnNLZ21HZThQVDdiYmExOURtUjROMjM3QWNET0JxREVBdHdEa2hlbVZZdmRoenRGRHZLNjZSdW9lWlN2MGJUVEhv0gHfAUFVX3lxTE9hOElBcElha2VkQUljcWtNSVY3bkRWcnRRQWlfdUtZYkY1THZ4dlZaemI2emVmRHE3SFhDT21ZcnNxelE3eHBic3h1Qmk1R1dBb0Q5cmRod296d3J2T0x6UGNUV29obG1HRW1zNE5sVGJSTjZ3ZWV6VUJVajJMNEpNU3hPWjdQUGJ2NERTTEdJWENUNXZrLWVIWS1INUQ3emVIMXJlc1owQVFKc3dLZ1dyQ3QzMXdKX0tTYjBxVldJSkZ5T0gzaklmaXZuR19YRlJfdHlZXzI4Q1R0bXVxVFk?oc=5
NTES,2024-02-08,"There's 'no chance' China's property market rebounds to what it was, researcher says",Business Insider,https://news.google.com/rss/articles/CBMitAFBVV95cUxNdU9yTFVrM2dUZGlZTWxVT3ZVWEJFUFVyWHRHZG5rLWRmeDAzY1RUVERETFNWUkR5NG0zQ0hCbncyTEU4eWlIVk00WG5ySzV5NktFVk55UkpSNDY3eUpkN0NGSjltOTN4aDIzUkNoSVh5WE5vQ2RMSGduWUdzajJfb3M3SWJFdzh0dEdTMWN6SDhhMW43a3paYTFIVzhSekNEaTFEZ1ZxZ0NGU0lrQVhBZU52aks?oc=5
NTES,2024-02-28,Black Myth: Wukong among China’s latest batch of approved video games,South China Morning Post,https://news.google.com/rss/articles/CBMizAFBVV95cUxNY0pTeEt6NWRSekt0UUlzZlZSaWpSbFhJVEtPTlgzV3JPWjRxYXo3aDB6TlJxN1ZXUVI0WTJvTmZKdk5mWG5oZ3hJRlBVTUc2SGFnT2x5aWlyVDN0QW55QzBHNm1XLW1nakxuekJLeG0yN2EzZkEzbnE2RFZCMmh1ZGpQM3NMWS1XeGJiU1lwQy1BT3A0LUJKNUJPTG5TaWRGN0NDcUU4c2R6aWRoUWhwcjdxRXNjQVhvbVlEcVB1dmdXb0Z4d2JJWElPWDfSAcwBQVVfeXFMT3c0dnZKQnozdE04N1J6ZTVSZHNIVzhFZzN4QmxjMW4tb1VaV0IwVlFkYVhIRlFXLXo0ZlZSdUVqVG5pQzh6UE1DRk1VdzNORTRsQVVCRC1KdjV5QVI3c3hTQUg1UHdhRFFybzk2aEhtYS1HazdMcGhBUjhEck1sOFZZMTZMUHVWODA5aHBXcXhsYmFYeE9CRThBbXhzNXFZSDBmUDZkT1FRYXMtUWRURTdOX2thbmx4SzFZMjd4NWVhZnpGVWhPeTZMS3Vr?oc=5
NTES,2024-03-01,"NetEase's gaming division generated $11.5 billion in 2023, with Eggy Party hitting 500 million registered players",WN Hub,https://news.google.com/rss/articles/CBMiT0FVX3lxTE02M2tTaGZMUXZROG05ZURwdzhlaXZmVW5pY0VIdGVuaUhWOGFFdmRTMjNIZkpUWFZIMWxWNjVFZ2NnZ2NYdnpNejhtU21MVWM?oc=5
NTES,2024-03-17,11 Best Esports Stocks to Buy Now,Yahoo Finance,https://news.google.com/rss/articles/CBMifEFVX3lxTE5Jd1VGX2JxLWFJMUVWVWJrR0l3YXNMTmpWMWpXeDItOUwyVDNUaTZTa3JLaUh0SVpnNWdaaWpyamdwd04xSl93XzMyTUhwSUpJeHhMUk1BUmxhRXRsQkJqM3oyMkhfUTJZZTg4SHYzU3V3UlV6NEJ1b0M1Yks?oc=5
NTES,2024-03-27,Marvel Rivals is a new team-based hero PVP game from Netease that looks a lot like Overwatch,TweakTown,https://news.google.com/rss/articles/CBMi0gFBVV95cUxOeXpRcVo5TUM2d2tHYmFkbk9xZDlBbk9jU1czbFpicjRMRGdWWWFSOVB5dU9IeVlJc09qaXJXdEI1VldOTmtfMjVxVWhUSXdsd3l1YWgta1VkNkhudmFBTGdiUVJ4Y3BhdnRRbmJSelpLTnY5UHdMOEJhbnMzQ19kOW96cmMwMnkwSHg2N3VqM1AzcmZfMy1Bdi1VbFBSMkZ4RDZ0YUhtdHZIbGFkc2NkUWdZXzMtLVJ1M0g1Tmt2T3gyUm5MQjlCRlF0MXJPRnJNRnc?oc=5
NTES,2024-04-09,"Microsoft, NetEase to re-launch Warcraft and other games in China",reuters.com,https://news.google.com/rss/articles/CBMipwFBVV95cUxPc01ieG9Sdjk4TXNHYW1nQUhJb1VxRWt4TTRxUzNqUldOSnB0bURGZTM3M1R4YWJnS0lDM19qaVdHZHpweHhZTVhpRkhfYUtfNzdPUG55Nmd4X1NnMjA1VGRwYUhBZkZuRTlEU0UwOXprTERIbElUS3VyWFJaanA5aGlBbVBxVGwzaHpQVnhEUFZRZEFNMFZtRkE1VktIV1gzRHBEM3FWRQ?oc=5
NTES,2024-04-09,"Microsoft and NetEase to re-launch Warcraft game in China, ending feud",CNBC,https://news.google.com/rss/articles/CBMiqgFBVV95cUxObVBWWDF1alNXb1VNSlRUbUJpOXZzZXhFQTRpZmh3MWRZV1lwLUhCQnZoUWJZa1U2OTFrdG1hb2liV2JHNTJkRGpKeFR3SFgwNHJ1T1QxMWhERDhmd29BRTZFck1pNGJoRXhGTUlqNWVkWjB2Zl9ndmJqYUZ2S3AxLVFKSjdtSTBsalppRlNYdzZhSTA1S3J6NTdpM19hV3RJcWY1MUhpOW04d9IBrwFBVV95cUxQT0QxRTBGUU1ISGpYTFZra3IxNkg3Nm9hYVNDb2ZUZ09ZM3ppWmtkb3dGUWJrSkJpQTBrYTdURnFXeEhzU3hHVHhnQXUtZjJvamJMaUNwVGdTMU9FYU94UVlwWGhnLVBhSDhKdS1leFY1Y0U4eVczV0lQcDBjZklCd2h4bklBbU9kYk91MXFhSmR2TExqLXBZNHBKRXRHMUxPMGY4TVRDdmVGaVZxc2xN?oc=5
NTES,2024-04-09,Blizzard Videogames to Return to China in New Deal With NetEase,WSJ,https://news.google.com/rss/articles/CBMingFBVV95cUxOZHF1YkdJNVE0UXhLTVlmazVxNzhibGRGTjRvUUlobEF2TUJSazVIVG83Wi1Bb2ItZDJMQm1HRnFPYzByRjJVSWZoaVg3d2NwaDAwbWZjVTBjYjlZWFplX0FmMm9HajRGcldOQl84bHB0el9XR1dUX05QaGFJMXdoNDZGeUpDUzBQcm5sZ25uSUV5ZEo5M3RvdDZmVXNKdw?oc=5
NTES,2024-04-10,Blizzard bringing WoW and other games back to China after renewing its agreement with NetEase,Game World Observer,https://news.google.com/rss/articles/CBMijwFBVV95cUxOQ2gwNy1BRHJTTW5BUlBaS3B2SE9pOFVVWEhHU054dnlUS2wyWUFOSnNhZlRCcFlxN3dRY2E1TFZGcVJ4SjJOdXBqby0xNFNjMW13WlBDaWx6UGVObWwtUzhTd2Vtek1oQmk2STBUSUtHUzhQRVo0V0FxZ3VUZlE1Q3RPVDBuNTdhbXJReEExMA?oc=5
NTES,2024-04-11,Blizzard and NetEase deal to bring big games back to China,ONE Esports,https://news.google.com/rss/articles/CBMiekFVX3lxTE9fbjkxYVlkLXhUZmRZOGZEUGUzM1ItdTFpNUw5YkI2NXVOWFlxRTZXcUV1eEhRUUs0bW9oekxwbFhEcFZzTVIxRTNaWEt1a21kaDItVU5DM0tpN1JCV2o4Y2E4cW8tR1NXMFRScVgxQ2RQdXVoVllKUXRR?oc=5
NTES,2024-04-12,‘Warcraft’ return to NetEase signals extension of China’s gaming relaxation,thebambooworks.com,https://news.google.com/rss/articles/CBMiogFBVV95cUxON1dINlJaM0xnc1lfQlBEbER1ZnhMVndEYlJlcGwtTVRMMTd2N19uSzVxWFc5Tkw5Y3huaFhjRi1zSlp3d3NUM0lPVmlTS0pXRHNyX00xNXNka3BtLVRpbGFIUUIydFlrNU80MzhxOF94a1gxLUJuQTUyVkZfeVRNMmxtLTdKRDBGZFNLc3lCYjVKLWZrVnJPQ0plVld1VVlpaXc?oc=5
NTES,2024-04-17,Hong Kong stocks gyrate as Fed chair Powell strikes hawkish tone on inflation,South China Morning Post,https://news.google.com/rss/articles/CBMiwwFBVV95cUxQUTljbEgxRUxsaEh3Z1ZnRTR1MTZES05JSnI3SWU4N25mU1c2QmxYNkwwS3ZaeXVvQWtmdGJZTDhZeXEtNmpPcE41c1dWcS1MOWhmbnJ5eUgzMjgxbmdEZlFuaFdrV1V3cTdjT1Bhd0hOaFJvaXRuTkplUEtudkRSUjhPZ1JCUFJtU0hlcFhXT1B6WEtFS1dMcFV0QnhGekJ4aVh3MFhQRnBPcVNzU25PcEhzamFNTnhWcW16S0tVMlVqS0HSAcMBQVVfeXFMTjkzYVZyMDlzcmxBOW1rbk9rYklPaThGbGY2Wl9CYm4yUnhHcmpWTG9jR1V4Ylh6RDRwdzFiMThSdHFIVHNRdnhEQ2wyc05hTEREeDBNZkdZak5Jc0JzcVVVdjVkNFM5Tm1KalZxN1lTTUh5OG5PU0VxYWNMNGlYc1JPUlVuTjQtX2U3VHBKeGtGUEF6bWpqQ1pUcFVmTi01Z3hQbXNOd3hERV9Mekx0cmxMR004eDBnNk01QVhOcW9VY184?oc=5
NTES,2024-04-25,"Goldman Sachs likes these 2 mobile gaming stocks set for 'blockbuster' launches, gives one 40% upside",CNBC,https://news.google.com/rss/articles/CBMijgFBVV95cUxPamZwZFliUWZQekZodG12QndzQlp6RlpVNXg1a25mdExDME9adkNaUVhUc3NHTHllQk1MX1NLR1NOUWR1UnVaMlBGREV6UFd4TFZnMWFKTDlfNXZXN0tPSWtSZkVla25xU2UxRGxSU2JObnIyVXp2TWMwSk8xOWZoWE5VX09QSi1xcGpER2V3?oc=5
NTES,2024-05-03,"Q1 2024 saw $2.4 billion in games industry investments, while M&As are up for the first time since 2022",Pocket Gamer.biz,https://news.google.com/rss/articles/CBMiywFBVV95cUxQRk9mMVBsbURja3BvOFVyTGJubXNscWFiRk5ybDcwOTBsTWdkcWJMdDd3R3FvRUxUeTE4TXZpTm9wZ3ZYZ0Nvc0hMVDh0VUFJRkNYLXdPM1o3M3dYMGVGOXBfWTg2c1lodTBYU3k4UTRlbGFZSnhWcTJaLURselp2SFJ1bEd2YlYyUnB2Tm1iZ2lzeVFGV0I4Q1o1a1NGRGpGQk5xbDVyTGZpZHFYbzRXWV9KbjRDU1ZxbWpmUnpOMjdpVDZldkFPSWc2SQ?oc=5
NTES,2024-05-07,Hong Kong stocks’ best streak in 6 years ends as traders cash in on bull run,South China Morning Post,https://news.google.com/rss/articles/CBMiwgFBVV95cUxOT2pDLUVSQ3ZqclVqS2pITjYxdFM5UXBwNmZROEpfaGliR2ZxamFHUnYyM2VxUlpkVy1rLUJBX1d1Mk9wc2Q2dnpaYm9YOW1KSDNFR3NmbjZhUGRQb0luRUxtUTB0MlBkbUNZaEZNSEg3c3FOd3dGcWVFWklQNzk1SlN3ZG1mTzR1NEIwSTc1ay0wLXh0cnhsQ3p1UHJHSmM2YzIzNjFQejlXSXRYVmpVYWphTjB4dDk1TFFLN1BSZ3B5QdIBwgFBVV95cUxPRUwzb3pEVjg5eHBkUngtTE9BWURMdHBpTWdpX0pEalIxNy1YVVl6dVRPYkdXdUpKMXl0cWVqZkdrQy1BaDVZQWpGcndsdGlMYnNDQUJpZHgwYk5FVmxCSFBfaUtkcGhnYWZlYnl1SjhqNktIdVBJMm9mUXJaaVZKOE1mcmJvaTNfcVRfTHN3ZFN0dVcxOWpxb2thQTVPNHpxU2trSkY1MEx6Uk9lZHUzV1E1MDZ5eFdJN1IxNFdZUzhvZw?oc=5
NTES,2024-05-09,The Best Gaming Stocks to Buy,Morningstar,https://news.google.com/rss/articles/CBMiaEFVX3lxTFBPQUcxWlcwQjhvOEd0VF9QRVZaZVBjeG5hSkwwc2ExN0hDampzWGpGa3RHMVdfZmRLZjdhVUQ4TjlEWTBOOVlvSkVrX1lEVlFJU0tfQ1dDZndZSC1YMjNjenFONzc0S0wt?oc=5
NTES,2024-05-15,3 Chinese Gaming Stocks with High Upside Potential,Morningstar,https://news.google.com/rss/articles/CBMimgFBVV95cUxNd243SGFIanJsd3ZlblNRQjFJNzhfWjhtRFd4d0hGRnQ4cTZDa3FYcS1MRXA2V0JmTkU2WHB5RHhiUTN3a1R0WXRKUFFETWhvamtCSm1ad0o1eXdmLXBOSE1pNjVRbjI0Rk1zaWIxeUtBaUZfN0ZYcDRGNjlUQkdPYzFIdzI0YTdPX2tRc3pPejFLSTFtTERvNl93?oc=5
NTES,2024-05-23,"NTES Stock Earnings: NetEase Beats EPS, Misses Revenue for Q1 2024",InvestorPlace,https://news.google.com/rss/articles/CBMimAFBVV95cUxOUDNEbnlQN194X2xBaklBaG1ocjY5Q1JTVDBEcFlCTDZySVpEUzhGMHZZbUtrZG5CVFVuXy1oUXBWZExaVEE0aDdKbXAyUnlrT2hmeEQyTktCdzU5MmVXTEhHNGx1WmpMSnp0TWt2emRNTnJLaF9fOUtqaTBTVHQzTTFwcXFtQncxLVhPTjE2SHZoYmwxbXdqUw?oc=5
NTES,2024-06-03,"ByteDance plans to focus on “fun games”, as its gaming business enters second phase after turbulent restructuring",Game World Observer,https://news.google.com/rss/articles/CBMilgFBVV95cUxPd3pXU05PV01rdUNKVXFBWDhlUkFkY2p0NGMwbW8yZllFYkRmRWJiT1ZYVjFYNjFqWHlkbjBpMllaSHgyTk9nQUJLcVN4bkVOVkwzQzE3Slh5TzNPeWtFeEZKQzRzUDhucW9jc0NTc0hCUGh1V01lZW1IOHp4WjVzQ0stVFprQmZaN2cwd29aYjhCQ0lsYmc?oc=5
NTES,2024-07-24,"Naraka: Bladepoint Mobile to generate $880 million in China alone in its first year, analysts expect",Game World Observer,https://news.google.com/rss/articles/CBMimgFBVV95cUxPaGF5SDV6U0hTV2tMT0xWWXpxaGhpcnI5WmItLTh2M196a2plTHdhRDNpbm5IeUFtYi04V05KdkhIZlVjTWVubDNsYkVQa3l0X3BOOV9lNHpaN3YwV1lrTWZpdGhROHN4QjY3SmhLRWlXUlcyQ1h4NkxwMFRGSTMwcDhaaHVZd2lnd2t2VDFxXzRWUXk0MENDX3Bn?oc=5
NTES,2024-08-08,"NetEase Inc (NTES:UW): Stock Price, Quote and News",BNN Bloomberg,https://news.google.com/rss/articles/CBMiVEFVX3lxTE9sVDl1ZUgzcnNkMl9MWHMyQ2RPM0N0ZldsY0w0ZXI5YWpWUzM1TzFVbFY3YjYwSy13cXJGTnp1Z2NQc1RvZTRoaUdCcjZHN2sySldVTA?oc=5
NTES,2024-08-13,Hong Kong stocks cap best winning streak in 3 months amid regional recovery,South China Morning Post,https://news.google.com/rss/articles/CBMiwwFBVV95cUxORS1OLWdvYXJPeTNhMEI5My1CeU5tYl83Z3l5ZnY3VFlYNFkxaWh5aFYtSkdBTzIzYkpJZkdYZnp6ZVdPZWhsT1AzYzVFdWd1VjVFMl8tZkFUMWI5cFIybUVzZWpFeHNBbFBxaDZLdEM4dDhfMHlsTGh6VE1mUjlpTUdYa3VZR3RrNXBMd05sWDY1Z3JXNmUwbmdJYWtHdTU4MVhzRFhKdC1KZmNpYjhPSDl4S0JqWGxhZFVtZ29UUzVkaVnSAcMBQVVfeXFMTS1tMjNjMkk1YnBjNWZDTlVwY0VqRG5IX1JMSkJqQS01RmNLcFFuaktJRlZLQ05FUEs3a2VNYW5uNUZybktMbzJyb0xxMnRQN3BGRlBVZHpwUFZfeFFKdEI5cTJ0dnNwZlEyZmhiNEdmRi1PYURvSWc3NDhHMF90UVFOV09YRUN4MGNDSjNKbmgxclVKalVsUWZ0WDV0V2E5NzkxYVJPRzVPWmotZk81bFlkY0o2bWlrLUVYSXByYWRSN1hZ?oc=5
NTES,2024-08-14,Hong Kong stocks slip from 2-week high amid weak China data,South China Morning Post,https://news.google.com/rss/articles/CBMizAFBVV95cUxNQ3Z3QWpwbTRyOVhhQVVqa0RLUU9TNi1FTEE4V2FINWNhb05IcXl3cnJWZU82ZWpLNUh5enByLUtrdEtTaWswb3dxWllNelpUekxuQU45WVRKaTEyRDVOVlJOWnJ4UmJiaUFYMEROUEVKbEcyMmNMWFlCM0I0MWxxcmhSMUYxU2w4ZHlqUEljbXRnVm9BMHdGem0yY2gwQmNTVktPMWpPTnBPSEs0cTUtTzVfTlQ5OWVmTERWMmVPRFRiWFFVa080WFZ6T2PSAcwBQVVfeXFMUFUyOXJTTDRwYW91ay1kaGhDVzNXblozLUt5ZDc2cW9BVmpFdktYTGRwbkdPRTlXV3BMcGp4RDdzQnhzb2tFbG5xeV9aVy1KUFZWZWlRZ0t4U0FYREs1VjN2NGRDOTQ1SmF1YnJvYVNGUmdNNGZSODVFZEtXSkc4LXNaaXRMOFJWdUNUU1g3dDYtb3BDN2ZGTXI2dTU1UVY0bFBaREszdkhUUE5zV1J3SDVMUUZqNU90TzZCZ0g2bkhicjZHTEc3dHBSclpz?oc=5
NTES,2024-08-23,Hong Kong stocks end third straight week on a high,South China Morning Post,https://news.google.com/rss/articles/CBMiwwFBVV95cUxNT1VFVTlSZUNKYkFhWmQ2Q05FVVRNaVVVYnhlbWNULW8xWjNXa2Q0LVdDZGx0eGYzSWJzUmdnYmc1THlMN2I2QWNpQlctOG1NUnNzTVdHTmotTHBDWWM0dDU3UjM0b25DTjlfVDNubTNwV0tCaGtWZ21HVHlnalZXMzd2dWNDc0J5U0FSQ3NaeFpmdzBXR1pnWGMtbjZRMEJLNVdGVDRfUVh2SUVuNWFNbDdpdWhFbHh2amhpRHZ0cnlIMHPSAcMBQVVfeXFMUGktampCbFhicXBMdjBSUnM1R25SYS1PSVdBMEVkRURzdzlvaHVFbEFyaHJZblI4UDU3WWZnaU5QWnY2YmoyWmZnQ2dEM05iQkFIRFk4U0V6YlBmTDMtR3d1UC1zLUVzejBQWHJqLTF2OTJGVnlpeHQtREZSUjlzN3lrMXhvUWRRUE53NzkzdHFZM1dyRHI0SExVT0tMa1M0RER0UUZTWDFld0Zydjlod05xSExrUEkxazVKQWFOQ1oyclFn?oc=5
NTES,2024-08-25,Tencent-backed ‘Wukong’ video game sells 10 mil copies in three days,theedgesingapore.com,https://news.google.com/rss/articles/CBMiswFBVV95cUxOWllKYWQxekVXWlpPUFlLQi1NN2R0Y0h4aXk3eW5TbFRfel80SFFhcldOSmo4Z1N2NXhfRnNSa3JvZGMwNW9FODJFR3lKaVBrbVdkMTZReXJ2aEVUOUVqMW1qcFRaSkZKTFNMNHNORGFwZ2hFV0lldDZtT0NEdnN4LTI2TmFwZnhXNy1DbEJ3eHVjZF84Tlh4MUtRYzNwRHlRaGNLdE5WM04wRDlOZ05iY2hJQQ?oc=5
NTES,2024-09-10,"Alibaba rally, China export surprise lift Hong Kong stocks",South China Morning Post,https://news.google.com/rss/articles/CBMiuAFBVV95cUxQbGFtTzBqdm45QTVkd2JIdklvTzh4QWhuRUdhczVBeDNRM2kwLWhVeG9UUS1RdVBtZnBsak1FUDRRVlV5NUN0ci1xVlJabUpjOHBHN2lhaGpxOVFxQk9Ma3pzeUx5amFKbkVtUmt1YnlfUnY3THpnWUxuemc4bVpOcHBzUFdRNWdSc2tDZ1A0N3VCZW5JWkVRN2RWQ1BVWmtWNlVwU3Z1c1QyM0E2Yy1MM0RqMUtaMG940gG4AUFVX3lxTFBXT2h0VzhEczBsWjVCcnB5ajlielY1RnVlbjJFdjFrM3hMTXBfNk9MOW5nT2MzNVh4TWc5ZWloM1dVbTV4alhHbkJOd3Y0TmVHV3FkZHFNcWNhUDBtNk5vZjVwaGdHczhZY1BLRk9TYXdhNnVpMXNrNDQ1b29hcFRpYmlZMXB2bjlLMTNXOW9lUWEzYUpLQUdrSjRjRmRDVnFlalZ1S2VMRWFBbC1DNzlpTTktcVJIUEU?oc=5
NTES,2024-09-24,"Value investment guru Duan Yongping: Building a US stock empire worth hundreds of billions, with Apple as the global leader",Binance,https://news.google.com/rss/articles/CBMiY0FVX3lxTE5qdk1FMEYtQnpWa0hTcnU4QkpQZkdPYld1YkVqYWpual9nUnFOOWJqajFtNmJ6R1RHaGtrdUFTaGJfaFY1TGxQcDVkSXJ4dTFRWWhhQ0ZPR0NzekRxZlctdXJ5SQ?oc=5
NTES,2024-10-11,"Equinix Inc. stock rises Friday, still underperforms market",MarketWatch,https://news.google.com/rss/articles/CBMiuAFBVV95cUxPaFVhVlZaY192ZkdKb0dSMm9WOG83OGR2Ri1WWGVzQlk3OGIzaUVseHNpVzAyZHRieFpuN2hDUVUycU90cldzdjBoY2JfVHFmdHBfa1NFUDNuZmpuSVJacE8wbkdUNjNiSUVLcF82dXZJWHNXZ0k4RTAwY2JTQUpyOEk4blJhRmlqTE5KdDY5d2lXR1JpUW5CWGhYQVhqNXZTS1EwaDNXUXlkS0J3SGpvNHVFbTFQZTZl?oc=5
NTES,2024-10-24,NetEase Cloud Music inks deal to give its subscribers in China 30-day exclusive access to releases from K-Pop firm Kakao Entertainment,Music Business Worldwide,https://news.google.com/rss/articles/CBMihAJBVV95cUxQdlRCRmtOci1nTjYwaXdaQkJqZTdxaTNuMElGMmpXQ3R4alA2enVkZnJTQW5zWXoweG5zb0o2dkV6SEktcF9NUkJLUFFDeHUtRHdEbnJYaUloRURFTnVDYlZYZHV4NWY2VXZSenNBNHVRM2h1ZC00Z2F0UE83ZHk2YmNFZWR0Y1E5MmdxbFlrbWF1UWN3XzhDRlNCY3ZjU0pTbE4zQ3N2dVAzVkNnMGx4ckFaQzBxM21BcGs0YmN4V2lIUGoxbVl0MV9oSkNrbk5DWVJHaV83dUg2VlJyNVZ6aHNrU2dTbUZZbnpxcEh6ZnFmRUNKcEhiblc5WjctczV6TUlpVg?oc=5
NTES,2024-10-25,Frostpunk: Beyond the Ice Confirms Release For Next Week,Bleeding Cool News,https://news.google.com/rss/articles/CBMikAFBVV95cUxOMVhBMVZwY1dZcmFfM04zMmtTSG5xRDVvekJ0T2ViQ3FZQmE5bG15NGZxS2I0RURIaGF5MFdiQmJpenFWQjhKRUxEQW81QVJrWEpOOHVGbWVBLXljYVdkcHZPaE81cjYyXzFVamRYeThyS21WZjZRX1hSVU9Mc2RjV3V3UGJZeXBSazZyR19BR3g?oc=5
NTES,2024-10-28,"Mirae Asset Hang Seng Tech - Live Mirae Asset Hang Seng Tech Share Price, Returns & More.",Upstox,https://news.google.com/rss/articles/CBMidkFVX3lxTFBEbXNNTnptT09OclBQbVE3R0ZVVlh6ek1LdUtOVmVFcExGTnRId2xwOUJoZWV3S05udXdEb21MTl9FTjFPY1VpR2ZWbmxnVV8yZDNZbGQyMEh4ZG9SUG9zald4WEZSemlFMHloTFNlNWExeGRfb1E?oc=5
NTES,2024-11-08,NetEase (NTES) Stock Drops Amid Corruption Investigation Rumors,GuruFocus,https://news.google.com/rss/articles/CBMiogFBVV95cUxOa1JOR3RmU2t5VWJycUtxb29odzRvNkV4Qm5pbXU5ZFpfOFFHV01IWmxEVEdxQnVhaWJJeXRxcXF3ODBTaV9vMEwwZVliVEh0TURxWm1ZQnQ5WkJidDFYVTQ4Sjl5MUlTY0ZlQ05nSUZ4U2Uyb3ZocUM4MHQxOXpCVUh3WHVaWmt1elMwNEV1SzYzS1BwQmh3aXBYRTlVbi1kSnc?oc=5
NTES,2024-11-08,Report: NetEase execs and employees arrested over alleged money laundering,gamedeveloper.com,https://news.google.com/rss/articles/CBMisgFBVV95cUxPRW5SV3ZfSV9iQkxqZ1c5RHRvdDlkSGR3eVVpZjI5SWRidjVkRVBwTkh3MDR6UlR6eEpLeHFLYjhyckhzR1VqbTBadXlMb0pjQkw0NHRWeDJ4Yy1rSVBka0ljWl9TaUJTLTNSTnExRHdqZFBjNVRYb2YtOEhQZVJmUDBIRUk5Tzk2eHdHbm1BREFrSXo1VmZzQ2dyV2E3Q2ZUSE1lNVZsTlhfbVNvMXB5dGpn?oc=5
NTES,2024-11-11,NetEase execs arrested for alleged money laundering and bribery,GamesIndustry.biz,https://news.google.com/rss/articles/CBMimAFBVV95cUxPUmdaWDlJcGk2U2pCaVk4T3BidW9jODlzU0lwNkZSU28xRC1SNEl2SXZnZHpidGVwbksyOU1lcC1ENWhiN05nbUpkZjI2OFg5Q0ZTcmFjcURpZnNnZGxQQnVBTXhyTUNnV1dCWVdvYjZyRUd6Qm1fLXRaSGFZWVMwTUNfNUN4dkszcm1iVkl4bXFkUjFZTUswZA?oc=5
NTES,2024-11-14,NetEase’s Profit Falls on Weaker Gaming Revenue,WSJ,https://news.google.com/rss/articles/CBMimAFBVV95cUxOeWVra0I0TXgwdGZjQlktSnp3ODAxeWgwMERkTld1NDI1a0N1dlUzV291RFZMWHVwVWV2b0JaVjJyTkQ2TDNXd0U4aUI5b1lVVDZLeFE3bGxfOVlrNTh0YUdPY0hqM3dBUmREbFE1YjQ0UmdISTRZRkJja0FnZ3hKc2FNM0JpVmMxWlZCSmY4MkNMdjh2alRCag?oc=5
NTES,2024-12-18,"Disney's Marvel Rivals Game Hits 20 Million Players, Proves Superhero Power Still Reigns",Yahoo Finance,https://news.google.com/rss/articles/CBMigwFBVV95cUxPZk9tNy00M2c2WEVBbC11SEZ0d2pMaHhkbER1MzhJdnJMWUhhcVN4M3lsNmZ5Z2tBMU9vTFp1N0s2bUVobTNOdkZCUFdpLUZ3a2V3RlVibmdrQ1RsYlQyTVRMeFBqR3dCalAxbE5nZmZPVHAwV3RYd3h5dFFWZFVjQll1dw?oc=5
NTES,2024-12-18,Disney’s Stock Gains as it Scores a Massive Gaming Hit with Marvel Rivals,Tokenist,https://news.google.com/rss/articles/CBMimgFBVV95cUxOODdCNDJYNjNaek1qSGtMUTdjbmwwN3MyTGNYZ243TVRWcWJ1aVJGZ1FzWm4tOVdxcmlOS2xwckQ5OGNGRkFINTJiTjBvTkktYjFxc3RubmViaWp6eHFZd1VoWVFTQWRlU1JBUWI0YUhHeWszT3k0UXdHbG5nQzlwdndmN3l2YVNncWZoRklIM252QWhjQ3hoRjhR?oc=5
NTES,2024-12-26,"Marvel Rivals marketing analysis by SocialPeta | Games Industry Network | Türkiye, Europe, MENA & Asia",Mobidictum,https://news.google.com/rss/articles/CBMiekFVX3lxTFBJVVFrVVJCYlpVWEZ5Tkk4YUhtUDBBTjA1UnVvbzREUF90VUtyOXpIMFZka1RZNl9fbkpJQy1ZV3dTNnlQeWY1VU9mOXAwSG5LV3U5dlNhLUJTNlkyMTZmazRRZ1dYT3AzUDIyMl9xcGdqanpma01ocWV3?oc=5
NTES,2025-01-06,7 New 4-Star Stocks,Morningstar,https://news.google.com/rss/articles/CBMiZ0FVX3lxTE0zVTlhYlcwZEYzUm1CQ3l6cWMzQWxOQ3VvcHZaSUgweDRMRVJXNnY2alZKVjZveFVVSnZEUDNmd0M5X0VoekwtS2t6WWJDRGc1YXplRUtsRkNjUDNiZmFMS1JIdkhuUjA?oc=5
NTES,2025-01-29,Investing in China: stocks and ETFs to watch,CMC Markets,https://news.google.com/rss/articles/CBMiowFBVV95cUxPeFVlVTFIMWpUUldLMkVfVktzYnQtQ0RSYS1qWFlZRjBEQjQ0aDQtLUxrQTduNE5YOVNQNkloYTBTcWhXSWNBelRzM3NlNWc5cE5sZUpfcEJqT2ZlUHhvT2p6UVNmWkpPN1ZidkRTZWtCTEpyMEExQVl5RGVOdUlGbVY3bE4yYWxYUzRIRklxd1FiU3dobEhsLUkwempXR001Nnlv?oc=5
NTES,2025-01-29,7 Best Esports Stocks to Buy,US News Money,https://news.google.com/rss/articles/CBMiekFVX3lxTE1KdDNXVDJzd1EyeGNOalJzTzZqblZuN3VidWU2bmVBY1VaVHdjMDdBeVI0Mi1fdHFodFdVekE5aEI2ckRUbVVIYkRBWnd5T1UwS3NjQ25oVGFWQVVrZXdxNklmZl8wTGNlUWl5b3hGMEJQWVV0OXp6a3R3?oc=5
NTES,2025-02-05,Seek and Deploy: China’s Tech Giants Race to Adopt DeepSeek AI,Sixth Tone,https://news.google.com/rss/articles/CBMiT0FVX3lxTE9KMmRMeURwanowb2c5NmxMTVBpYThlZFBIamVXTlVHbFMtVEZWRldySDFnTU50UjhUbVNjLVpOSm1RcHdxd0lOUEhzUXMtOGM?oc=5
NTES,2025-02-19,"NetEase raises fears it is unloading its overseas game properties, hurting U.S. gaming",GamesBeat,https://news.google.com/rss/articles/CBMilgFBVV95cUxQN3c2YlpkZFNadWhBOTZ2MmNpdTRJZXE2V0l4d0dkYXA2Q0hBQURIZDBoSE9FQzZWNEZYZ1BacGFKTl9vUVlYV1pWMHE4WDZGS090U0JEZXJrZXZVdmNfaUhCMi05Z3Vlb0kyQkU1YkwwTW9CWXFJZnF1aUpGbmdZd25xM1lqNnBCU0FsNXNyb1k0amE2UEE?oc=5
NTES,2025-02-21,NetEase’s Billionaire CEO Slashes Jobs and Games in Profit Push,Yahoo Finance,https://news.google.com/rss/articles/CBMiigFBVV95cUxQakNzQ0JibFo2Wm4xeWR6ZkstemQ2OG02aUZFZ1BNVXQ0U085ZUZIa3ZuR29QaWlfSmI4Tm5LTVBQQ0N4YzRXSG9TX3hfeXA0TXZDMloyVHliSVZmTzFUcDR1V2lhekwtOE1LeWtRMjhkb1BDRHlOVm1NUXpBQkYyU0h4b0hkcUt2N0E?oc=5
NTES,2025-02-24,Blood of Dawnwalker is 'fully funded' and isn't affected by NetEase layoffs,TweakTown,https://news.google.com/rss/articles/CBMivgFBVV95cUxOOGRvV1VnZWRlNkdLU2VVQ3NFdGY3WlU2MGRxdlp4dGFKa3B3dGxOZ29FZU1UMVNCaXpfZGROSFhua0dITmZvY1ZKNzQ4bVVvS3hvUGIzQnlmcHk5VFY5OENXMy05UVBvSFJZQUtnRkVndW41OVNaalJHQ3BTMU9wS19xX0JIWW5RTWxuX0d3NUo5LXJFY1RTUVZxN0NDOFN5YWVYUUI5Z1hMTHFKTG85czJhb1hNS25VQnJLZVhR?oc=5
NTES,2025-03-07,Alibaba’s Sudden ADR Discount Shows Fear of US-China Decoupling,Bloomberg.com,https://news.google.com/rss/articles/CBMitAFBVV95cUxNSFZKa0tuNlJwYzZkZWpQZzh0dlFFa2kzRXhXa3hzbDRJRWsxUkk2V0g5VDExVE41a1dBNlN3WVRoUEw2Wmt4UHpxTU5oVHFmLWM0TU45bVI1R1hVaFpPZzhVZklVaUJ4WVdnMVhYVmIyYTEyRlN5NVlYYTliN0IyS3RweWxZd3A2VDQ0WjhiLWJub3hUclhKSEdRTFY5VHM3WW9kQTdPNzNRemdCVERmZWhxTnc?oc=5
NTES,2025-03-07,"miHoYo enters top 50 most valuable Chinese companies, with estimated market cap of $24.2 billion",Game World Observer,https://news.google.com/rss/articles/CBMimgFBVV95cUxQcTZud1BCaWxjMUlOUGNNSjFOcm5XbkZfMXZKbFVHWHVFUS1OTlpPLVlGczZvcWg4dzdRN3ZsSjdqNUJoVmNtNU9Ya281Uk8zUTctM3ptaDlYbGVSQ3BMejc1REczVVdRTWRtZi1MS0NacjY1WExqVzZEOVhPWnVwQUZFMWFadkVnTVZHVHp0UXUzZmhIQUs0SEtR?oc=5
NTES,2025-03-10,NetEase Games introduces new Report Player feature in Marvel Rivals to combat match abandonment,The Times of India,https://news.google.com/rss/articles/CBMiiAJBVV95cUxQVkdiVmNZZDJlUXNxZ1lMUFl4YWhwRVBPZGp6dnltd2tFX255N0VUb2dkT1QweGhhY3BFLWpfMzZZbFdCaDhLazZPR25oaXVtQkNOOWxkSkJibnc0aHU1WnkxR1l0aUc0TmhwTUdLWmEycWRGdC14MGR1NWhmTVl1b0VxdUw1NldmS05lRk1aU1ZDU0kxbDRLV1RNRFl3REozSTJkdXBsaVhYTjBPUHZGWnM5Z0xBNXpPZmZVOHQ4R3dLRGdULWs2ZGdldms2amtsNUg4MzFQMThFa1p3bzJ4UlV2OUZuZmtCT3ZSd3ZqdXpWUTBfUjlYWlJRMERxSVd6R2lRUy1aVDTSAY4CQVVfeXFMTmxtWG5EUEM5Y0hYUmNHV01FLW9aQzljNVhNbURsVHdDTU9MbE1aVTRNRnFnWEtELS13czByVDg4QVpuMXlfcGpRbngxMU5NdjZMNzNzbjM3clZXSWtmb2hSWkpBSlVfSEZ4b1c4WllMOHh0NWh4RnZJRkM5b1BZOUE5OVdTOTRFdEpjSzBfek9mRHhCQk1WWEdkR1ExVXZXRXNWOGppSU9CVkZqVGZBb1NGTFVVNl9ndUlXWVNKRG1pQ3c4RzFid3d3dl9YOU1ZSTdCLW9kX0JaQ3NoYW10eklxLV9qM0tYSGdab29vMGZjSTluaGFnRHFWcDg3QTQ2RjEyaWNIbXlTYkJDRWhR?oc=5
NTES,2025-03-13,"China’s stock rerating spurs widening premiums in ADRs for Alibaba, Li Auto",South China Morning Post,https://news.google.com/rss/articles/CBMixgFBVV95cUxOWHYyZk5DejlWczk4RHlvc2tnZDA5SnNXTGlZb3ZLQ3plc2NadmhlaTVlMl92bG9YcGtYdlNJSjREV05PMkRxdmJuaUpJMU9OLU1MQlRWUmNBQjhYVTBPRFRjRlhqUWRsR2ROYzFpMGRKSXFYSDhwTWhOcWlBczRkbGNrOS1UUXI3bk5PQnpReGxIa0xNYmhEeDFJVEhpUzJpSTdpMFh3U0hOTG4ta2RxOUpCTmZGU1VHOW5SeGp0NVBRcU43a0HSAcYBQVVfeXFMTlptcXljYUx6TVpHWi00MnZvanhVTDdka2E4c2pEWWZ4QWVhTFdYTERaTFZmWHpwVVJBQUlWN0wwMUF1WjVObUYyNVVvQmM5R19XMzNVdHh6T3Axb1NxZG9NeUJUTVNhMGtVR29rZURuUFRjOHM2TFFQeW5STUstOWhCWmhVSktqclpMSmQxckE4dHRtWk1DQXBXMkZrV2hEMUNfQnptckZvcDQ3RXVyWkdZa3F5MldwUTJUNXF6aEdZYTg0UHBR?oc=5
NTES,2025-03-14,"Marvel Rivals developer NetEase sued by State of Decay co-creator for $900 million following claims of ""false and defamatory statements""",Yahoo Finance,https://news.google.com/rss/articles/CBMiigFBVV95cUxNUE95WXc5R3VwYlNKdE10SmppVG1aUWsweGc4TVNjSzI3cjQ3WmpQMWhmOUtUWGdjWkZrNGZzSGVFWktuMzlKTEFLRzc3Qk5Pb3d3bDBNcFZaVERHSEMySXJuZDlhRjJuQ3RuZlloajJQSzFEdy02eXdNdVlLYVBneDdENmxnY2xnLUE?oc=5
NTES,2025-03-28,"Marvel Rivals Pick-Up Bundle: New Hyper Orange Venom skin, Costume Coin, how to unlock, and more",The Times of India,https://news.google.com/rss/articles/CBMihAJBVV95cUxNdi1BYm5MYWdjamxldWRQeFc5R1Q1LThtNnhxdElxTGJuejhhYzFqNEY4eDBtUTgzbmpleERDZ0xINmQ3UDNpQUtQNm9UVFVkMll4cExkSVhqRjRzbFA4QkVFX3ZZNUNaR2k1ejlLMEFPb0RxUmYwLTNhNktWMHRuSTFjMFFGMWZWUmJES1RYOXRiYzVnRWdQTVVDa083QlphNEhwd19UOUtIaUI3dldESlpqRFRCU2xTYWE4Y09BN3BKRERjcDFsTlE1aHlCcnNrcXNLZENjLWw5OU1mS0N3MUNQODdHTGxMWVlubzloODludjNxRTZrT2ZuYkRkYUkwRUZxedIBigJBVV95cUxQTkZYQXRnV0l3LTNCVV9NR0FWdTg4WnhBTEdXV01JN0lyMHk3Z3RFNjM4YUJieTdYd0pNUTRSNXN5VDl5YjI4Yl9uclRNN052Z2xuTHItZ1ViRzJSd3dUQU5QMUY5ekVCYUxEMzdKWGJvclZEV0hpV0w1QThmVDBheHFTUW4zeTliLUxKbWVHWmlaY2JjWGczTnMzOFRwc19tdXhJbzd3UFoybFBYc1JNYXoxNmpEb190czg2NENwMzVlcnZwWHJFelBrM2lPZXhVUDByYXcyUWFjMnp2ajVtRVV2WmlXbm54NWJ6djV0Q0ViWGVYZ1FrVEQzYTYydjVXX2FDRkFGdXdDdw?oc=5
NTES,2025-03-29,NetEase Games implements stricter ban system for game abandonment in Marvel Rivals,The Times of India,https://news.google.com/rss/articles/CBMi9wFBVV95cUxPc3lFTjRzelNaQjI2NEs1ZWxUd1ZVQ1lvYnVhRVl2eXd4NnJuOGpfWndHV21BdjhKVUV6dzlaU2oxLXF2TVF2XzNoUkpwajQwS1huaVFTczlwLWNpMkpiMDVwZjV5ZmFFVXBWN1UyOVFPbFNzSlpXM2Q4NWpjd1NxU3ZKVnJiMzdzbkU1T1EydHBRanRNZHhkUVR4al81ZzdFY2JlNkc0U0RjLVktdTBkZ2gwMmVyY3F1bzVBZy10MWpmc3haeHplNU9SOWdyLXpSb1BQWGdmQVVfcklzTk1mVEVjczB2VFdEakt3VVBZTk84TGt3d2Zj0gH8AUFVX3lxTFA2WXhlNDV4ZXY0RGZrOWFCd1I4ZDdhSVdERDFoZGlNYm9oWXpnN2xtT05ocmFPWDh4OV8xa0dNeE9xQ3ZKT05xRzJLSFBLejV5N3N3VUxUdTVPdXo1Z1JaT0tQMjdKb2U5TEtDUnZlUEx3WUxtaUk3Y24xY0U4dHNSRjFyY3hrWG4zeW4tcUFWYzNCbUhwZjNTWjVlWW9td3piLWVvUlV6WFNlQk5DTWdrSmxMSTV1UU0yUUdfU2Zua2VmRkRpMldSeHRiOTlDZ09EZGRqMGRJVVRIUlgzb2hZcWhRTjlLc1cycnpkSTNZQmFGMmF1UUY3QktzWQ?oc=5
NTES,2025-04-11,US delisting of Chinese stocks may make Hong Kong great again,South China Morning Post,https://news.google.com/rss/articles/CBMixgFBVV95cUxPNlN0NktZenEzckdZT0xnelQ1djdveWJseWZzRDdheG93ejIzRnJmQ25SckptYkdJMk1HRExucGZieURRSzNwQU1hYXhvRkVRcXI5UU9BX2phV1huSEJaYzEyQnRMU0tPdDNQYlVBSUVEZUc5Mm5EZW1DdzZFYU1BX1RSWUZ4aFQyU0NOakppaXpONFMweUFjc2ZWMDNuaTF4RHNBbzVYdW5MOXZMMno0UExsdW13ekZ0VThVRmg4dFF1UFZDWkHSAcYBQVVfeXFMTS1ZdTdYa3VHWDJzRTJOUEhGSmtybXNPRGJjWHpDUlUzb0dIZmpJSUtfMTlMQXRSTWQ1RncxQlBYMV92MjhQVmdVT3R2cUlmOExyOE9meUpYOWJERnYzbHpJNEVpNTlhVENPRnhYWTFuMXY1OXNZanllOTNEVEtIMzU0Mnp1WFZuZ2lNdXAwZWQ5aDhvc3lGWEYtUDQwdmtpY3YxdnRiZENWczMwUGdmT1JNekRuSDNMMTV4a2NBdUNuejRsRkZB?oc=5
NTES,2025-04-15,"NetEase Inc (9999.HK) Stock Price, News & Analyst Forecast",eToro,https://news.google.com/rss/articles/CBMiTkFVX3lxTE9ybkk0dVg2V0M1cU1xc2VJb3Q4WWVSSFNqQVg4blNKcTZGR3U4eGVaX1c4YUYtN1d3YmwyUHRoTXpCOTRtM0lQTy1Na2dEUQ?oc=5
NTES,2025-04-22,"Marvel Rivals Giant-Size Brain Blast game mode: How does it work, free emote, all rewards, and more",The Times of India,https://news.google.com/rss/articles/CBMiiAJBVV95cUxPMFYzT002NmVuMi0yWDNhN0pwUll2bHJDRE9VLVNvUW9SWW5MQk9sSjl5Y09KcmZmX2lHWFdpbGxadlJWaTE2MDdEOWQxbWxLbVR1a2dHNE5ZQ0JMSXpCMlpldUt1V01KVlpfZC04TXBJMmIyT2lpMlNNbEV3anpic2NDQXYtT1dqLTB4ckVjZUszaFpEbjhlcEhJQTBPaVlKYnFMNGRSTWxGMllCSkxBaEZDb1hRMUptank2Qmd2azE3SkZBQ21XQS1sNFM1YXJqM3hlZVJZNmV3cnZBV0t0eGhpNUtYUDFPMjNySnd0TzRBVlZlZld6MDBIRkRuZEZJdW9mMFR4RUTSAY4CQVVfeXFMT1dzVWNvcWlTNXpjSEhobHdzcy05QWJFWVRvVzBPMTVXWXJ6VzNSYkxaU2dlX09VWElrLWxnU01XdmV5T2RIVW1hbzlNMmZwbFo1ejRIR3hyaFB5a2pJQk9teWJuTjNVVC1yTHF0SUdkWUctLTZXekE3Nl9wbWhCaWg4a1BYbWx1R3J6UFFIVXhEcGFnc3JJQWdPZlVkQjdDNGNqSU15RUE0ZUpWZFpIMC11M1NfQW5iR2ZXX3dFZ3NDa3ZiLW5VUm42Q214ZXVKMWdEdXN0b1NaY2F3OGRfOV9hVDNFV1E1Q3IwWFRndVd6UVV4UlRNRl92M2dUNWN3b0JGak4zZ3NtU25Gb21R?oc=5
NTES,2025-05-02,The Best US Communication Services Stocks to Buy,Morningstar,https://news.google.com/rss/articles/CBMijgFBVV95cUxQaTRuLTd6R1JLY0pFdDh4OHB4a1UyMmg4TGpqWWp0bDh0LXJvcU0xYXk1WllDUHlFZWhtMjBrOTZRbTMzbFprOXZielFORzRHQ2c4MVdTSjZfdC1jWlhVaGVEaGR1RkNuRVhncFZDVlE0MEExSy1lNWc5NEZqeG5LLVVRQlVWRUxBMEFFRzF3?oc=5
NTES,2025-05-09,China’s video gaming firms bet on overseas revenue growth amid weak home market,South China Morning Post,https://news.google.com/rss/articles/CBMixAFBVV95cUxOMUJXRmFKV29CZ0FJaWZXY3JVeGwwSmlOU3RGTWtLUE9wSEVjXzE5Rm1QdHBWbWVnbjVvWF9oOHpxSkxzZ2hIcHlSM25udURSSklmdTJ2U3FQc2xaRllUeUlmazBwRGtvSjVJbUMwVEw0U3JFbTZhN0lmTE9jOG56ZWkteFRxOF9lWWpUcXVWNnBzT2RmTnVNSGQ5MFJJMGFaNC14Rm1sMm51dml2NGdZb3BzV3ZYVVZJa01zVW1sby14bUc10gHEAUFVX3lxTE9TQWJfSWI2eXpyU2VRTDJnR2NONGlqLU11M2E4ZElVX2dmRzdJUEhCQng1OFA5MGl3THRXZjd3bGJpQjRISngyaXo4MU1TdFN2N21nSlM3U3pPUm9Ibm1NeVJnVDZvZTVndF9FcmlBYWU2UzlGTjA2UGlXYnZ5b3ZrMVhORGdnSDNrVUdPYXZNSV9qTFhtalRlVVpEX2laNzEwWlo3Y09SUVh6OGlmYmxSUTJVNWZnOEp0LUVMX1Zyc2V5RHI?oc=5
NTES,2025-05-12,Ranked: Top 30 Chinese Companies Listed in the U.S.,Visual Capitalist,https://news.google.com/rss/articles/CBMiiwFBVV95cUxQM0p5ZWJLS2tySWRzbWZhdlZERXVDWVYtcmVScHdIWm9UUzdfOE1tSUZjTGdkTlV4MkpQUHFpUHF5RlMwU3hIT3ppckJJdWJ5NEV6TVduN3FvaUpjZkRQNlpxaXVqWXZ5Rm9DeXhValF6QjFLenU5aGhhMFV1SVZfcWgxazZnVVZON3BZ?oc=5
NTES,2025-05-16,NetEase Profit Jumps as Chinese Videogame Industry Bounces Back,WSJ,https://news.google.com/rss/articles/CBMiswFBVV95cUxPRnUwdGpycU9wTlBVZnlvUTJsNHNXTzdUYVlwQzk1QTRyV2U4SlNVRmt2cl9YMGM2Z2p6X3NLZ1VndV9kRmNTdlh3b0ZUNkR6eGxsMXNrTWhrQ0NTOE1qSGZSVU1ZYVhHRUVDenhPQUVRa2ZybVdhV0JaR1dGWGhBcHQwVllOWGFGTmsxNkkzU2hiYlpFY2E3bWVsbU9FdWdhRzE1aXhJRkl3M0hxR3FrNUdkRQ?oc=5
NTES,2025-05-17,📊 PRO: This Week in Visuals,appeconomyinsights.com,https://news.google.com/rss/articles/CBMic0FVX3lxTE9DYXlaZ0NPU3M5VWJlVnVJdEhJdEtRU1JEMUpmVFlKNHZCbFJ3eFdjTUF3NzFZT3JxaEF0UGVsVjkyVzZuQlRXMXlMSkk2cnlMQ2kyWXZza1A0bWtRd0ZOb1hSTHB6S1gxR0VLdUIzVjNxUlU?oc=5
NTES,2025-05-18,Chinese esports giant NIP sets global targets with Abu Dhabi expansion,South China Morning Post,https://news.google.com/rss/articles/CBMiugFBVV95cUxNc0pEdnpLRk5BOXZWVG91MnNlaEVFamdYWmZScTFBeHBTc2dZZm1WM0Jjc2N0NVY2U21OZFdhNUhDMVlKTmd6RDVXWjQ2bGtnNnVhVmUyN09RTzFGUHhRUTRmSmJxdHlyTUxxTnNzRENuNU1NWXBXdDFDZVNBcXltelVwZEI3anVtcTZURnRyRGV2YnRfdlhndHNaYjNYRGhqRjZnYTRIT3VEajBSTFBvRkxYeWpiSDZzV3fSAboBQVVfeXFMTm90Xzk3ZXRZNkdVQXRPanZTNEZmeWVVZFp4N3dUaVJCMldaLUM5ZjRiYnllMzQzT0xUd2FnaGFndm9hUUZ5dm1Yd0ZsRnlqV25aZkxKaF82STZxNERaamFZc3V2RXQ4aTlLQVVxa3BrVm5KZkRvYV93d291S2NrYm5TcklLVjdCaV9fQVJ4N3hKRGMyT0tXLVNzVGFoZ2NGY05GenBiZGJJdE1iX1hqcWc5ZGN3STZDamN3?oc=5
NTES,2025-05-23,"SM Entertainment, Cloud Music Lead Music Stocks to Small Gain as Markets Tumble",Billboard,https://news.google.com/rss/articles/CBMikgFBVV95cUxQZFlBZ25rNWxzazR2RGtKaTRhTVRGek9YLWhaS0pHYV8yTXlmaUZSejlVODhaektyUHRISzZ2YTZNc0Roc1poVUNsdFBDOEFuaG1iNUNaTmxHUmxublE3U3hNSk1MaExNekVzeUptVzJ0ZXp0Yk5oMDlOdnYyTl9YVFpNR1NNTG1ncXBKbGV0b1l6QQ?oc=5
NTES,2025-05-29,NetEase shares near record high as China’s Gen Z embraces games,Fortune,https://news.google.com/rss/articles/CBMiiAFBVV95cUxQMU1CdERxNlRmSWlvOUpTWFlWSldnYTlLbUZXQzQ2UWJwQkVnRG1EcWllLVVQUEpZZU1sYlBjTzZrSXpsWmJrU3djUl9adzJ5Yl9BZURhUllxWXlmdGk0aVlkMnREQzIyMzFfZzVUay1UV0VEUFN6Mm82RWV5cnhXdW4tZDBrLS1I?oc=5
NTES,2025-06-10,Spiffy-Pop: What Does It Mean?,fool.com,https://news.google.com/rss/articles/CBMiUkFVX3lxTE1XR0dvNmR2TndUTGxXLUN3cUh4aTlOZ3FaMDRucS1nLTk0R3U2aXhpZFFxS3lhejh5bXFucS1ldU9QMVU0eGZKVzlrUVpvOHRtNmc?oc=5
NTES,2025-06-10,"Tencent Music to buy Ximalaya, an audio app used by 300 million users",South China Morning Post,https://news.google.com/rss/articles/CBMirwFBVV95cUxPQlpfRmMwMVZ5MFc4NDNVWUVLS2xvT3dGYUhvQTRjOWVvSnJ4NjZjMGpuNXpZblBWbDNvcUxaeDIwRHEyUmdGV3o2X0J6d0FlMjI3dGxRTkp1bDQ5WGtrT0h2TlpfOWRzSUFkR3UwRDVYUjgxSnBZaGQtRy13SV93ODlxQkczOHlBajkybUlyQlhRZEV0bVZqY3BNOU9EN3JRTnpDaXRZNjVMRkRYN1Vr0gGvAUFVX3lxTE9LdEQxX3I4QXkwcVJaMmtrRzZDWGUwUU85dmFON0MtSnFGRW5XU0ZYcXZsazhzOTY5bjRqT01yY3dRbmljRmYxT2Uxc2s5LWFfTTE3ZTRhYTN4d3ZHdGdaMENCLWFBRFdnaG9LN05RaEF4ei1pRnlQd0xPQVYtU3lqcm9HVWZ0QjlzdkFCZl9kLTZjMmJ5SUM5d0FmT0JuQzdRVjZleHVKd2hGUXBHZ2s?oc=5
NTES,2025-06-12,Congressmen responsible for national security rake in cash from assets linked to the CCP,Washington Examiner,https://news.google.com/rss/articles/CBMiswFBVV95cUxNamZfcGV3VmVBU05pQThOTHFneUh6cFg0ZGdqNXdpMEZfU3RJVFI1SmktTUJnek8zMmVNSFlCVUw5ZUhXVkd2ZXVNbk9WcEVqVDczcHdwRGhXaDN2a2d6WXhVUzNVNW9mSjkxcjNOQ3JjS1p1VVBwWk1OOVFWRDd3MFJPOWgxejBKVTlrWmhlVzNDWEVLcVNLM2M5V2x2WTZCOVQ5VldZS1VETFZkR2kzT3FuWQ?oc=5
NTES,2025-06-18,"Beijing’s reform could bring Alibaba, Tencent listings to Shenzhen: HSBC",South China Morning Post,https://news.google.com/rss/articles/CBMi0gFBVV95cUxQamc4M0ZNWkg1Z3Q4d05ubERBRW9yOUtBSk00TU44RURYSVJ4QjduRlN2RllGVG5wZzd4N2F5SUFLM21PZkVtV1YzTU0yVmhBZ2V0aUljUnNqaUNyWEpYaEZ6bHppbU03eTZNZGxiOEdyNE55VnNQenZyOWNuVWhFR2R4Zi1xYVZTcTBVbHZONEplTnJvOVVieFBGVFQtTm5jUlNWNklpam81OHhPd2drckhwYUhlVk5JTnN2bW1IVmppNUJvRzh2VGxadGtNbEtHVEHSAdIBQVVfeXFMTzY0ZWJuMU1pYUZUMHNnWkh2WmU4SlkwRG1CSGFJRFFhM3ZNUGFTcS03YWk2M3ZsajQ0SDFJQk9kWEJHSzVGT1FBN09XNjdHQjlzOGRwSFFhblVfU3JiSW5ya3JiNkdscE9VNFlybDZIZnRsRU5UcVJKWTYwQ2Fmd0g5bWxlZU5neW5SV1IwOU1UVXhHM2NuU2ZZS1VLaTlaTV9NbFB5ZW9WSDdjVEtmWE9hNmZxclI3dVR6QTItRDNzRkU2UnZZZ1R5bTN1cXJ0b3RR?oc=5
NTES,2025-06-23,"Move over, Magnificent 7: Goldman Sachs proposes the ‘Prom 10,’ China’s top stocks including Tencent, Alibaba and BYD",Yahoo Finance,https://news.google.com/rss/articles/CBMigwFBVV95cUxNMTlNR1NZX1drVkdqd1V4QkFidm5lUmpYN3N1QXBKRU5vbmIzaEtUeVlhNFBrbFBTRFlpS05ud0ZleFpHam1IdThFV05CYkIzeWFhdHFiaHN3RVY5QUJoRHA2Znd6Vnd1QVY4V1RPblZBQXBUUElWazEwRFdibWtxZE1YNA?oc=5
NTES,2025-06-26,"The 10 Golden Rules of Investment from 'The God of Investment in China' Duan Yongping, Worth Reading 10 Times",Binance,https://news.google.com/rss/articles/CBMiY0FVX3lxTFBKR1d2ZlFhT3hyQ3g2cmVORjU2c0pQbEtqdER5WnJMdUZlU1psaEZ4WUFaczRMdk5haVNkanE0RjlQZTR5TzZDTkw5dFlEc1pLRGQxVXZMZVlYcTJheHdFa2RRWQ?oc=5
NTES,2025-06-30,Marvel Rivals Dwindling Player Count Peak On Track to Reach Overwatch 2,FandomWire,https://news.google.com/rss/articles/CBMimwFBVV95cUxQdjhlTjRnQTNwTXV0LU9VVmtmWHU0ZEJvNVU2aDVudThoeHk1OW8yc1VVM0gxNVM3UzNwYm5mNWJ2eTI4ZFhnazhpT0pISnVMLXdydXlyTC1xclMwUE5rcFpad2N2czRFOGZ1dFFDREJhOEV5Xzd1N28tVWh6cmw0WUJsWWJOdWlDNzBzQ2g5SGtUNU1LYXFUb0FVTQ?oc=5
NTES,2025-07-02,"Music Stocks Surged 46.7% in First Half of 2025, Far Outperforming Major Financial Indexes",Billboard,https://news.google.com/rss/articles/CBMigwFBVV95cUxQYjhtVmY2blN0WXluWmhONTZINF9yUHI2cXF0Y2JuQnJjMTZ1LTN2SE5Xa2Y5cG4tVElSVHowejJGWG9BbDVYeE8xMnBrQ2ItNzQ5VFJiUXk0TFFyMExobFc2WUd0V19JVl9UTlpGQmU3UEpWclR4X3IzZndiUURWX1A3MA?oc=5
NTES,2025-07-04,China slammed 'blind box' addiction — but that shouldn't faze Labubu-maker Pop Mart,CNBC,https://news.google.com/rss/articles/CBMipAFBVV95cUxOOGNGb0lDMnp3UWQya0h2cXFXTWJVV1MxZlBFVG5rVVpXVExvcGdmWmhyVktzYVlXakt2M1YxaF9kVll0TE9LOGt0R2NFQktXT1E5TTV0bjkwMTdkeWRDN0k3ak1WdW5aQUQ3aW9TcEJtUXZyUl9JWGJBLXAyb3ZBUjNieUZacFU4emd5S1YyM1FOeDVMSXN3RTM1UmN6ajBycVFHcNIBqgFBVV95cUxPc0JEbTBrUzJHUFF3YjFTRmU3dGZxYUtfTXRJaHpzeXVTYVhzb2NSOGNiNnh1MzBqdUZ2SmNYNGI5WlJnMkJORi1BX0lkbDlLWG1yR3hxVGgxWjBHMFRUV0tNNlgyQXc3d19aeGk2N0lMZkZFcS1aZFJ0a0hQZmNUdmtCcXV3dDM2ZEtBX3RrcDVCdEtXUGJ4aDNnZ3BhcGNYMFZkc3dCWnFNZw?oc=5
NTES,2025-07-10,Hong Kong stocks rebound as investors await details on policy support from Beijing,South China Morning Post,https://news.google.com/rss/articles/CBMiygFBVV95cUxOTVFwZWtFdEVlc0FOcDhHNmNROEVXV3pmZHlUcWxrbVhsc3FGQVJrZDI3V2lNclZkSk4xVkVKVHNOVmRSNXlxakEtdU1CWm9zQktQMWxnRndZSTMxeXA3SEZvQUMtYXZXR1ZSWlBHQ05NMlZDRDNXZUNEYTdHR0VMVHFaRXZyd2FzYlBMQUFHY01PRTRTWFhCVGN3VF9hRExlLWRqSUdKU1NLdzZaVWxaSVZFWWYwTFVTdHJLNWxMOW1WMDZIVWsxSEJ30gHKAUFVX3lxTE1zVkQ0WVdwdDN4d2x6YXdZU0c2VGtaVW9sdk9hVTFDanh5TzBmX056VWloS1lfbTc4X1E3cWhia2pKSkhDLUhfMHl0M1dyQUgxbFgxNGdhWEx3TG5TbVVsZng0RTZBbzFwejY0N0lILWwyblBZcEl2TW5iWnpwTVN6eHNxMjI1VmV2NmxFZkNPZ0JuX0dHTEM0TnQ5T1MwQ2VZX1RrT2E4Ym82YnNKOTh0WXFTWlFWdW9JNW5CLXk1VU9JOXFuZFVrckE?oc=5
NTES,2025-07-18,Top China Tech Stocks to Add to Your Portfolio for Impressive Returns,Yahoo Finance,https://news.google.com/rss/articles/CBMie0FVX3lxTFBQczRPa3BSRXdMdDExZGN5WFdmZ0c5WGQ2Mk5CNkVHUUpyMFdHZ0FKLU5HYXhpbXl2ajk0TmFfNVl5cDB0eGlwSlptNEd3akp0SVhsNlVfTDhwT3hCNzRsdnI3bVEzeW9oaTJIcThNV1F4bHBVWUtfN1VCVQ?oc=5
NTES,2025-08-11,Hong Kong stocks rise in subdued trading as US-China tariff deadline looms,South China Morning Post,https://news.google.com/rss/articles/CBMizwFBVV95cUxQcTRaeE9FQnpvNlNfM3VfMzNJV21obldnSExWZmE1TzloQU5qNXdRWWtXRHZPYjkxVXVHS3JLd0JxSnNMWTFvS0REVDJhNXJORmphRmlFd3hiRHV5bFREX0o0THMyRWRpUGt4REJ6Tmh3WW14Nnh3bnYyRkZWQW9fUFdtX1U2djBmTF95SXFqMGhYNVowMzlrTDY5Q2pMWHpGX3V4c1h4V0U3MEpLckhYVHJNazhFNUlKWElZSmhocDZDSFVWd2N2WjdFZkY4MWPSAc8BQVVfeXFMTVh4Mkg1N2d6dkppbEN5SFNsY0pZaHBvTFJKd1ZvLUwzcnhKUzJ3Q0Z2LUVSeHhnaUdpLVZ0RkFaTXJUOEVQLTRpZ1hVNDAtb1BmZHhmVVBhVUlCM2s5cTlGNmU2RGNzMmpsbDZRZGtoU01JQzAyM1VCVWtDQk5XOElKYmFra2hwNmJhUWNBWUh2TkhsVUQ1Z0NvRmxydGlWc0FPT2RGVkxVV2lEMU5VWGxpWjc4RkxMSENuemZZRjdNUDNubmlYWXdwOUhEUDJ3?oc=5
NTES,2025-08-14,NetEase Strengthens Governance: Hong Kong Investment Chief Joins Board With 40 Years Experience,Stock Titan,https://news.google.com/rss/articles/CBMirgFBVV95cUxOYVB6Q01pc09rMVpudkpMYlNGRUM0amlaLXcyYXlhQXlZck9yQTlDNlpOYVBIbHJHVERRaHpnaDdISTJzMVFYbWt6R2owZE5GM0RkV3o2NlJrbFJUZUdFaUZXQXgzM0x1WnE2MWZ1YmItTU0tMklBZDctSHRWcmdGYUIzbkVDb29UOXZsTHdNaFdtRzNiUWpsQlViZERBdUtFWjVxQ2twbnBFR3pDUUE?oc=5
NTES,2025-08-14,"Netease Cloud Music sees 15.2% YoY growth in subscription streaming revenue in H1, amid focus on indie artists, in-house music",Music Business Worldwide,https://news.google.com/rss/articles/CBMieEFVX3lxTE9Yc0QzUnNDUVBsSHRROWtPMUJiZWd5VVBkWnZPVHM5SXBPZWREdXFBTU82dGo3bkNraXpXdEZ6eVBTdHNFeHdUMkp4bUdoT1pXQ2Vfb215NkZOeVZHSWlMaGZWbzQ3X1VKOEJxb1hLZDloRXVpOTJWTw?oc=5
NTES,2025-08-15,"Temasek cuts Chinese tech stocks, goes long on consumer companies",South China Morning Post,https://news.google.com/rss/articles/CBMi2wFBVV95cUxObWtoV3dwNy1VRE5Qc2djTms0eG5ZbmIxRGJ4LXZCVmhtN1JMOVZEY3J6SmlZYks0SGRhRXZ0SGRVbGRDTlZpWTdSNDVHQlhRLUdlaXBHN1VOVFFiaFpLNGRiQVpYSTRYeHlYZVBGc2lPb1ZMME9scHBpSl9vcE9xd1RzMks2ajh3ZUZGb0NIa2Zzbm1vV21ha0R0R09WMHoyU011ZFFZdVd3clJZdUh0c2VacGlUcU5LOGtpNjhnSmR3Y0VUY1E0SXNqR28wY2Rwa1lELVJrV1FKVkXSAdsBQVVfeXFMTjZwak9MTkFUOGFBNVNESEplUkhsSDdJV2ZLamdDaHdkVzVzRXNYRV91UV9Hbmk1S0w5Rk9Ya2lSNThvR0FhcWRNR3VheVViLVl4RGN4VWNBeURPRXVwdnhOV1l3THZBTnZpQkNBVUxNd3B1Qkc2MGNQSlJpYWRNNTFDd0NVdmlENGNGcnhRdXltX3JNZjFjcExmU3ZNZFJGWWd2QUJqcFlnUzhjYjlBMTY2VzhVM1hpTU1wM1RkdFd4RzlKRWNXbzNTeUtVTm5WT3FJSXlySWxkbzg4?oc=5
NTES,2025-08-17,Temasek slashes Chinese tech stakes as others exit stocks,Tech in Asia,https://news.google.com/rss/articles/CBMikwFBVV95cUxOeVgwU3F3ZmY1YnJLTS02WEdQWW9qTzlVZHI5MUo0Mm9GM1I1TjVBRzlfY05zZnQyUWk5cnp2UzU2Q25BMWZnanhMZFIxczM3MXp6SmZveUpXZjg1Rk9rdHlSaktoRlRhRU1TQWlRdHVNbUhuVjIyRW1MdHBJZFBfRG1WYkdPS1RYT2FHVFVSZFNUTFk?oc=5
NTES,2025-08-18,Marvel Rivals May Add Original Marvel Characters Soon and Fans Aren’t Happy,ComicBook.com,https://news.google.com/rss/articles/CBMigwFBVV95cUxNWXNfT2dpWVI0R2lWNDVZOTBHR0JGcjZ6NzFTVi1wR0F1RVBFWFVBUWtwYW1JejVYZVVITW1EMm1OWlM4Z2tYelh3aWdweWVBRW9RbndpM1hNOXpHZkRKQXdPelVkcHRod0Z4WlhiaU02YkcxeVF5TnJnRU1CVnFHR0U1MA?oc=5
NTES,2025-08-19,Here's Why New York Times Co. (NYT) is a Strong Growth Stock,Yahoo Finance,https://news.google.com/rss/articles/CBMieEFVX3lxTE5oNXprU2d2WTlfLXhYczZGUjRBRzJzSjBzUzhjUmFPZTF1X2RMUTlJZVVUdVpvTXhoSHJyQTBXNVdOOFRMT1BmSnUxMThGNmJCZzgtWkdaYWlJUFlxY1RzLTFLR0ZxcldOZzEtMTBJR3pETkNFalRrag?oc=5
NTES,2025-08-21,How to claim the free Doctor Strange skin in Marvel Rivals (NVIDIA users guide),The Times of India,https://news.google.com/rss/articles/CBMi6gFBVV95cUxNbk9MMFBySlVsQ0dPOEYtRmhUUUtITnM0RHhfTGdDamRmcnF1SHE4cUJIR3FjMjlvY0lHVmRTY015RTZIM1ZrUndvbUU2NDdKd1d5ZzNneWZUYUFCcS1HLTItTjViUHQ3UGFHQm5KcUhsSE1uMDgtVzlRYVlpZHNQSHpOTmxMU01pTGJVRGlBT0gwaEwtc25yaUIwd3BYTnBqMWNfYmF2Zmd2bEFYYzQxNXdxTm96aU1zM2hOVUZHd3RpUWl0dnZNdURiTUZ2VkhNWXZfZXdITHlsNmJmZkpzOGoyaWllOXMzSXfSAe8BQVVfeXFMUDZ2WGFqSFdnV1VuUlJWUkFZSGR3cWdvaUNheGhpTXJDbUNHVWFLanNKYkNLNHo2OTdVLThZNkRhc1VQNnI2anNZeVo4MjBUTGRKcU5OTFdBdUNnbno5akppSnpndFVmaUc2OXVtS2tSZEJxWlo1eUlfd3pMZFBCenN6X0JPTWdPNDc5LWZTOEJZY1VEcDd0ZTFnbGxhWXBxRlBSeEprRVdjSXJOTmZ0a2xmT2FkWVF0NjMyVHpiTXdQRFlieUMydmpsYzdvSkNtZk0zbm10ZHFvQndMWVhHQmROMTZCS2RlY2dqa251d3c?oc=5
NTES,2025-08-29,Chinese Gaming Regulations Largely Failed to Achieve Their Goals,Cato Institute,https://news.google.com/rss/articles/CBMiYkFVX3lxTE5KbXdoNGgwTDNGa3JkNDlsRGJTMFpqMUIwZXpzUi1sZ1JQaEMzQ01wTnB6LTZLcUs2cmtwUHhnVGRhREhtdzJsc2JTUnVrN2lLRGNTVHFRZEw5NWlUQVNKaDhR?oc=5
NTES,2025-08-31,"NetEase closes third Western game studio due to budget cuts, T-Minus Zero gets shut down",TweakTown,https://news.google.com/rss/articles/CBMi0gFBVV95cUxQZUFnX3pUNktNMllSM09xZzJRSVdqTUtKTmthbGZINUVJTjc0clBoZDJlYWt3VTc4dHRaNXNYOGxHcXQ5bk13ODdWeVN0NHBwaHBpLVk0V3NhRFE0eUt4dENuRVBtTHMwT1NteXFMT2ppWldhSkxjVTVYMERTZ1d1YVR0UER4Wm1JMS1aU1pNR0stcVVvQV9kVkNqMDU2T0d2Xzc4c1dkcTBsZU5fRXJUdGROWHFKY0RwUHduX0tyal9kT0FhbFg1bExZYS0tMEZBOVE?oc=5
NTES,2025-08-31,Tencent Music Stock Outshines Spotify as China’s Music Giant,MarketBeat,https://news.google.com/rss/articles/CBMinAFBVV95cUxOZmFmd255aklCeGxVNWpIbV9RS08zYVpJZWw5dVd1MXFORE9DdE1FNHBscW9TM1ZoenNoZ0pPVFJ4dklGWTJUZGlhOTBqY1d1YWxhWW5LMVF4cy1jUGxueGd3MVllR054eFU4MnhQQmJxTm4tZDFIMnhBQmJRR1lUaUhnWnZNZmdFS0dXYlZNUUctQzhlZUFJRGpkNnM?oc=5
NTES,2025-09-01,The rise of China’s ‘affordable MUJIs’ and what it means for the original,ThinkChina,https://news.google.com/rss/articles/CBMikwFBVV95cUxNaVJRanpITFZubzFUTmpvSEo5QzF0Ymx2aWM5VGlPN0xsVEFRZGZPc0EzSWtVQkRTU05BNDdVZU14Ti1qWU9GbmtfMHRsTWxaOWIwdHAzNGQtS3lDak1PUUk2QlBXVDlLSUFuZDFQQ2IxVE9CZlg4anU1X1c4SnJyNXNKZDZLUUtYd0Y5OWlNSUVKdGs?oc=5
NTES,2025-09-13,Uncharted Meets Ghost of Tsushima In Stunning New Single-Player Adventure,GAMINGbible,https://news.google.com/rss/articles/CBMingFBVV95cUxNVDBfdWFFMDMxWEdIclU4VEFRaVJiQThQb2szQVA3VHllbDlSdElmdUF4R2J0V1phSEJEYmpibjhEQTJmZmJnWUNpSGxQOWtpcGYzSXpYTEszUC1fYVp0UDNzcFFQNHBNdlE3LUJidGtJOV9wa1JSSmh0MDB0M19UdXkyLWlodnNkc2ctVXFqSi1ZSEF3WTAtNW1UVlVsQQ?oc=5
NTES,2025-09-14,"Investment Reading Notes: 'The Great Way: Duan Yongping's Investment Q&A', Do the right thing, do things right!",Binance,https://news.google.com/rss/articles/CBMiY0FVX3lxTE02MEgtaGhyTWVfaC1TOUMxY1pVeGRocUotM0FjTEc0WDc5NnpjWGFzSlkyYlVZQThDU29rVUpqbWl1ZDVSSmNsdkVFU05obFhwQWhKRWdIVWNuMGFvdUs5d29Gaw?oc=5
NTES,2025-09-15,Hong Kong stocks hit 4-year high as weak China signals spark stimulus bets,South China Morning Post,https://news.google.com/rss/articles/CBMi2AFBVV95cUxNV1FHdEQ4ZmU1QUR3X2lLSmJZMEhoaGJTMWJLczZCVnFrZ2lEOWNsRnNseVlHLXFJT2VlUnhMVVo4N1hzMzZpU1E4TmhkNk12eTdWSTJKY3Boa0ttdkZvQlFjakF4X29aZHhqaS1lQTFaMlFKTks4Y2ZxeWYzN3h5ZnFaYVBjNHBTUG82THVsYlFDTEIzamJyaU1IYWdLZ0ZsZ0RaR0pUZmU3WHNmN20xby1MZ0tLbDNMcFJMdGhsaklSXzRtdEp1Y2J6SWIwU1JFUXJ0VXVtN03SAdgBQVVfeXFMTzRudGRqdS0xb1hVQk9XeWFtUTJmM20xb1ZRbXBXZU9obHdfdFVjOWhoOHJuUW9xMmdGVGlpZHpKZEJtZ3hfVWxhcGxJc2ZUQlhvbVdlSFlxZ0hpVDVFaE5CbTVpNU0ybWtOaTkzUV9vblJHQzJBc0huenp3ZXlVNDhsc0R4cFM5RDRZWVI1Q3ZSSnhyYW13b1FMTm9HTGlkeG8tZ1E3ay1rYTdab0R3ODdja2J5V1ZMbTB2a25GYmNGa3pob0tjRnhMWHk2bV9nMTZmODFTUlp1?oc=5
NTES,2025-09-18,Hong Kong stocks drop after Fed fails to signal aggressive rate road map,South China Morning Post,https://news.google.com/rss/articles/CBMixAFBVV95cUxPa0dCZGVuRVAtQ2pON1FxRUpSeU5mUXpWN0hJVW5TR1hscVZzR2R0MjZIX01qY0hZZVp2ck5QSUF6bDV0dGwyYTBYbDUxOW1ZUTFFWDNNS2xGaEFIZW90dG1KRTgxZ0V6MHZrbndGdWszNnNlTEU1aXRmb25WNF9WdnpVc1dNNVFPRVdxS1ZJamZRc1RMZ3otVi1hclJsRk50bnoxZTRpTEloMTROcE85ZHB1Q0xva1FUY1RPUXFfZ2toN19Y0gHEAUFVX3lxTE9jQktHRVZoVTR6REJjWWpuR01nR1R6X3NzelNTVFFOam9LVmNtT3BULTVtbnlRZkxEVFUwSDBQQ1NWblEyMUN5aVRYZmRKT3RUMWtlMkhmdl9oYWMxaTRnY19ORFpkY192Z1dEWDd3YmQtT0M3NnZFY0swejFEZ0Naems3ai04R3NqM2h6TkpNNGMzVnN4QzVVT1A3OEgwTlRzUGtSYXF5MTkxSXN3U0lxNkJvbWtfUUl3emNoWkZ3QVN6WlA?oc=5
NTES,2025-09-23,Hong Kong stocks drop after PBOC dashes hopes of China stimulus moves,South China Morning Post,https://news.google.com/rss/articles/CBMixAFBVV95cUxNMTE4VG1Yb3Z3aGlCelBnSlNzbVhiNFdTOThnWGlOTXNleWtUUEtNakhWWWZSeHpQTE9LR0ZIRmdWalN1emRiMlE5WHZhV2hRZHBZdGJHS3hnaFNLSXVzcGdJUVdTWVZSRVd5R1BUOTloN1dVNFFlNk5NeTRTM2x2V3FqTm5jWEVJS1ZEZHE0RldtOHcxWElpNW91WHkwTUxTdTRNMF9RRzNseXFBUVprMXZ3QURra1JBY3NHUmVkLTQwbUpo0gHEAUFVX3lxTFBpYzU0ZXZYSGhKYTlhSS10eXRWQjJWc0dDSGU1akR5a2sybFNQU3A0NENSd05OUkxUa1pmMjcwa1d6TjRSVmdEaU9WSHVZSFZlS1FNMTdpcFJpZEw1WWJTSlZGWmNKT3o4akplUDV5bFExMlRIOC0xcjFmLVRybVJtaVRmU0U0U05sNDhPNzVadjRMMWRJNml2M1V4NWpCcG5mSDhuMUFUWDQ1a09Uc1NJNzFUTVJsU2VVel9MMDdyNUlvZEo?oc=5
NTES,2025-10-03,Hong Kong stock rally takes a pause as investors gather profits,South China Morning Post,https://news.google.com/rss/articles/CBMiuwFBVV95cUxQYVlacGVGdWZ4SEx2bEpOZ2YwOTBXUzFEcHQyWFVSVlh6NzlZVVl3eG9iLXJYTTRwOVc3cjRZMFNYRWxvMjNlUUlRR0FMbUF2bmxDVlkxRFliOWNKdEkxdWRSQ2txTm9NZTQ5NU9Xc3VLOFduQkp6cUpKUV9JTVFIVERockNGQk0wT0JpTHlwS1dTODJlVktZdkpDS1VzMW9zU3lCT0VLX0wzZXB5VXVjQmlRbWZ1OW81enpF0gG7AUFVX3lxTE1kTE5SY1pvR25VQngwRGVaMUFZRGlLWV94eHR3R0pOMnFqVHZlT0NhU1VuNTJRQnB5akZlc2djdGNIa1VSdXJiY0dkTkRuMmVQOFgwNXpWRy1MQjIzRHJqQS1lSVRXbW1iN0ZObHhoTklCRnJndWVCU2xYRk1rbnduMU9kX2x5TGo4dDVmU1cwdHpfSUlNQ0RNR0ZTRUNPVlpab3I3emZqYXQ3dXZtd0p4MVdPb1BDRm1HM2c?oc=5
NTES,2025-10-03,KraneShares CSI China Internet ETF (KWEB) Top 25 Holdings,TIKR.com,https://news.google.com/rss/articles/CBMiiAFBVV95cUxPUm5BbTFqX2FRX2xCNzg4a0ZXQU1DZ3p0dm5ScTZ6cHd0NUNUSWg3aGVCdW1ockxSS1lROHdOS3lhdThsN1VrRlQ5ck4zd3o1WnhSNXZJWW9Ib3Z1amFoREdfbEQ3QzhDbmxTM29WcUNsMGtGSVNLQjNzVUdJa1lVaF9PU082QXdW?oc=5
NTES,2025-10-21,"Hong Kong's Hang Seng Index closes above the 26,000-point mark on Tuesday",The Standard (HK),https://news.google.com/rss/articles/CBMiwwFBVV95cUxOM24yYm55SDNpUXJNZXlZUkJLN0FvYTJoLU8wTUVWTktlaXZsdkRFTzI3Tk1VZXg0VzZQMTJCdTJleTl0TWxKU3FzNElLQlQwVWI2ZlM3UXluYnRjb1NwY0s0TDBxQngtT01oc1RQNUtodjk3cndRZDRSMUU1c1hZZVRPYjlhZHl6dG5kdHBlVGxQVDJSMi1fWEp6TGhMbzJySmZLbTNUZTh1bFlMTGdZMEJqMVZOVWVja0hwMGRoM1pqNDg?oc=5
NTES,2025-10-21,Best Gaming Stocks to Buy in 2025 for Growth,EBC Financial Group,https://news.google.com/rss/articles/CBMidEFVX3lxTE5LZkpENjd2Q0phNGY0YVJTNXExNzBZTk9GRTlMcEI0Rnl1OVh6S2wxOHlhY3FyTEhBX29ib1FlWUxPbnE0aGFQMkJfOEVnN0dseHNUM2U2aXdWS3luVVZ6QWJjNlhXUHZUNW1YZHJ5V0RheFNS?oc=5
NTES,2025-10-22,Hong Kong stocks mirror Wall Street slide as gold and silver extend retreat,South China Morning Post,https://news.google.com/rss/articles/CBMizgFBVV95cUxOZ3h1cHFGQnpEZGZQenloYUZmYjJ2ZW1idkVQRC1MOHd4ckdEdUxtODJtM2gySGZKVDhVSG9JajhzRjNfclhxYWpmU3JxMU11YkJSWGVROEZET00zdzFDS0ltRmZoRGxLME9VX3lKOWt1cFEwS2pYR1hXTklMSGNSOFRSYzhEdkgwb0NRZ2JzOExrOVNnckYxUDRPQmdIVEhONENUdzBtaUxuVV9PWGZFV3BDZkRSVER0bEZ1aFU5MEpUMUxuMDA1OHJiN1ZiZ9IBzgFBVV95cUxNYTJBeDZfSHZtakxTRkZHZUF3NjZjYkhVcWxJclVVQ2Nqc3djMkNaOFBWeHdtOUMwR3oxalE3OUtIejVDM295R3Jkd1NrQ0UwTDBza2tRR2hQeGZmRnFjUmdVRVlTRTFMTHoyYzF5NHMzbDZKdkhBWHdJajQwWndMRjNVMU44bXpWb0xVWkx4MWtHME9ieDNEVWlwbWRzYnp3SlllcEk2eTFFQjVROG5lcGtKUGphTC0yRDRJUUJvSEY2NlpEOXg5LXB1RXV5dw?oc=5
NTES,2025-10-23,Hong Kong stocks advance as investors look for signs of easing global tensions,South China Morning Post,https://news.google.com/rss/articles/CBMixAFBVV95cUxQc0VkMGM2OWVBV2VfdXQzaXNiRFFIRTJjdFlVSkZkaHNnejVwdjh6OFltOE9iSllqS1ZhSkgzbjBlWnZqQmp3SnRHWjNoSTZXTjFqNHB6Y1Ewanl1ajRUblBGT0JHOW9sVDMyV2ItLUpYb2hTVTVmR0tXOTU4V3hRYU93MG91Sjd2ejVESVN1X3Q3d0c4NkJRWU5NSWdTNGlReUFkUUt0NTlPSW03LThyNkE1MzJSVTMzOUpsSHJjMjBrQTlf0gHEAUFVX3lxTFBjZTQ5NlRGRHNmRVBZamtyOXowWGloOVNkRTNBTUppYnNvWEJYTG1veVVYX1lacU5kd21laV8ya0x0cUk4NlZKX2NHbkJWN0FEWndLRTNkM2FaZDJQVzRLa2JZMVZYT2ljTWd2aEZRRi1MN1VCVEIzU2FwSWY3S3Zkc0F4RWtvS3NyQWtTS3FWQ3RUOG9hN2tacER0MjBKdjZucnMwWjVVZmRnWFhnaUNkdVdyNkVwVlp0WWlnMnVpcWFleTA?oc=5
NTES,2025-10-27,Hong Kong stocks rise as China-US trade progress boosts sentiment,South China Morning Post,https://news.google.com/rss/articles/CBMiygFBVV95cUxPNUM0d0ZuQnJTajh2dWZGYWJod29JZ05mWDZVcWxTMDJ1SWVwaUpXWTFjWWJlSGJmOFFHMkI1Q0hfVC01d2hhdDQwajlzUTk5MDN6eFRzdXRCLUEyS000eUlUakR4Q2Fkd25pTEVOb3ZsazkwLWxiVE5ZUG0yNTVCS0hZRXA1QVFsXy1QcllRVzNSOXJpc1I1U3ptdWp3NDBLS2Q0aDJDR1lTdWpXV29vblVNcllhQXFQNDF5TkRtUGhrVHpHSHVMV1hn0gHKAUFVX3lxTE9hUFRqclMxdXh3SUhyWUNBdFB4dXZ2YWhxblc3MnNGeFJhODlYNHdJb1lmOHpSMWlNMGQyWmpZb3NjcXRCY2dGNG9PQ0swOWM1M1RTRmlJdzF2YXA3dlFZc3kzZXJiTTBENVB4LXVxX0pOZFduY3ZQSXpWQXJ0bkNzdy1YZnBQamRoRm5IenNVYzFsQjJ5MmtGLXMzSDFaeWJyMF93OS0tMWl1SHNabVppcHB3bEFyNDR0cjg4eEdUMmpOeWt2LTlfMWc?oc=5
NTES,2025-10-28,"Valve Update Crashes Counter-Strike 2 Virtual Economy, Wiping Billions Overnight",citynewsservice.cn,https://news.google.com/rss/articles/CBMi4AFBVV95cUxPeFVzSzFXZlptZ0o4V2ZndEEybWpxUk1uT29OV2RrZmxCZUthSVZMRS1qcEN0UnVOUkl0d3M5a0tFSXpxQkxVYlBhNTRaOTV2NlA4R293NnlxZmU0UlBaekZzdU4yQzhneVFHc3RyY3UzeDRGLWlLSVVqVXFYZnNDaEZOR08wUkwwY0dzbGRWckwwREZyOElFZTJacE5SWDdOVjRqVGxlTDJkVWVTVnZKQVV6c1ZyQlIwZl9lMmJqN3FDQ1FhZ0Y3eTY3Z2ZJdVM1Umh1amhGS0xIR3ZEQm96Tg?oc=5
NTES,2025-11-10,7 Chinese tech stocks to watch in 2026: top growth companies,CMC Markets,https://news.google.com/rss/articles/CBMia0FVX3lxTFBLMm9ydFpiUGdhNW5wYUFXTGpTMXpmNVAxaG05WUlsZ1d3eldPdUdfaF83NjJVZC1sdW1hLUtUSVFoSTJTQmhjTHlaRGZLa1JVRXFGYlBqMm12aFZPOUF4SnF3aXdjdC1fOHBj?oc=5
NTES,2025-11-18,"Hong Kong stock decline deepens on AI valuation concerns, Fed rate outlook",South China Morning Post,https://news.google.com/rss/articles/CBMi4gFBVV95cUxQbF9TZnhPOFlBUlZ1cGUydmFrbFFqM0syajlsTVYzNlBUMlBjQWNjR08tZjRuWGFVZ1NyeFRKTE95bVBQYVJZUUpvaFZBbWNkdlVhN0RjU3BxUzFfVGdGd0ZqWGJPSmdKVVdLaEY5WkMzakxZOHZRMlhPeGpqYWJMdzVmZTlNd0xfb01hOXRvNDFIU01ZamUzVWxSZ1R1S1hSSGRRSEYxUjFsN1FMTEJTLXhKR2ZJc0Z0YWFWdVJ0TWNoTUdjQWloVzZlUWJPZWtHcGp3QVlIVGh4djdvWlEzOFhR0gHiAUFVX3lxTFBVeVJ2M0xzeFNUQWJqWDh0YmprQlNTbW54dmxIQTlHYjlZa1dtQ09UYU9qQTdLNEVKcWhPcHJ6QkdKSXdsQzBFaVQzekFibkhjMktWUXEwZ0twc2xVZWhkR3kzUWJnLVBBM3lhSEwyODdGWkgyWUJYSmpXb1c2WHVaWnBWNENQQlNXOFNZemZPOFQ2Q09wOWlFM0JKaGduOVFENzl5VTRrd2VhSjdVR2JTal91cHl2S3M2dHc4QlE3NUExd1pTV1hCdWlYRVFmVEV2WnZIWFBpNUhHcHYwLUJvWFE?oc=5
NTES,2025-11-18,Where Winds Meet Cash Shop Guide: Best Uses For Your Hard-Earned Currencies,The Nerd Stash,https://news.google.com/rss/articles/CBMiogFBVV95cUxPRlEzUVNtcnVtVmRMekNlVHhTSlZ3bTN0bFJ3S3dIMTNqUENyNEUyZVE5V3B5RUl0Zmg3cWZqZmZfLWlGMHNMUVlsaXB6TFFNcTJSNEU4LWhLam1ZcGZDS1RVXzI3dDMxUWFiamt4SFg1d2N6Y1pZelNsQ1B2b1RvdXV4ajBrVW82NlJIc3A4UEtNMTlTaEdMdnRMVGN4enA3YUE?oc=5
NTES,2025-11-19,CNBC's The China Connection newsletter: China’s homegrown games capture overseas players as its cultural influence expands,CNBC,https://news.google.com/rss/articles/CBMiwAFBVV95cUxQbDRFR3FaVVVMdXRZazdNMDBqSEpEMGNYMnBSVDdpOE40cjNSRTNkU2ZjRkNSNFN5VlJ3UDlCM1Utd0I5RnBPSS1COU56NXpfZE5QSzR2SmFHTFZHLXlDY0daTFBsTkxVQ1RmSHJ4NnN2YzR4UFN0QW9FLWRLbk5WZ2p5X0tQZFRXdUR6WWFMVmE2TTU5QlI5NWZldUpkT3c4VjRoNnJQQ2Uzd2JOaHhaZzdmT0oybjZXQW9LVG9tME7SAcYBQVVfeXFMUHpVdTRNekh4Q0NmT3BkcHhub0FINFJ1d3YxTWRpbVBDZzh1WWZzcEtMMEgtMmNfMHM2VGVrbF9Wa1ZLS2UtajdkT2JBcF9sVjhOVy1pU1l5bGxqRFNwMGVxeGd4d1lNb2tkdnNzX0lfVTk2ZndJY3NRZXpoTXFIR2ctTC14SnVtc19IZlJHdWlQTXR1NlRXRGQzYkFobWQwRVNQVWQyN1k4SjQyanBhQkl4NWdDZVkySm9BaU56Z1VVLS1MdkdB?oc=5
NTES,2025-11-19,"Hong Kong stocks fall for fourth day on AI valuations, uncertain Fed policy path",South China Morning Post,https://news.google.com/rss/articles/CBMiygFBVV95cUxPdGs0WmdTNEJtdUtKWHRybUttZ0ZQUXlDRzFXdzFtZ3JlNWd4ckVteER0OWZfdlFYTFpRcnctaFNNZUo5VWRVWnM5UFAxaDh0M0VWUTVpejRfRlZQMGJBQkhYXzRzcm1NeEZBQVZLQXNoVzRwWHFEaDdPaWlqUjhaQnRmSmxpS2JGWE45QUctRjM5WldORVh4NFBmdC1LelRTMEhFTUpyT0ZLZFhSUHlKbVdNUmM3My1OSE4zdHZ3RzBUanZSN2F6S2930gHKAUFVX3lxTE12b2VLWEs0YXVNalBYSkxBZ2lGS3JfZXpwVmsta05qZFkweENSTEhBNDNHTlB0WHlTVmlHTlRNd3l2UHZlTkR6OGNCalBEaVJkTEdpTFVrRTFMTFBlbVlFaDh2U1RFdm1tbWFLZjlib0RQRW45QUdsN2Jld19sS0V3VDV6alRzaThPRERSMWlNMWMzZGpHekM3VDhueW5NTkRRcGViUVNuVTVFT1I3Z0hmN2hneFNEakV3ZFBQQV82TTUtcTdKRjZoNXc?oc=5
NTES,2025-11-21,Hang Seng Index sinks 2.4% to cap worst week since April on AI bubble fears,South China Morning Post,https://news.google.com/rss/articles/CBMiuAFBVV95cUxPbGFEd0pVV0F1VlZJRzB2U2xaMDl2LU1EMWlCNWtOOVhORTNvY1FUYmdnVzR1Tng4bWFsNGtfal9HN0hZeElLRkpXRjNMZ05yZm1TWnIxU1pfY01XWDVpMFhFZGQxNHJBeTlTaURrZUtwZUhHMmx4SUVaUml2TlUwUU5qUVEzZXV2cDhuWGw5X2ZaVzhMSlc3NHhoRzJXeDd5UHlzeThIWF9FdXpnNE45U1p6MHJfRnhq0gG4AUFVX3lxTE96T3pQc0RudHJKX0dNNGRBTkV6QUY3amJRd2ZUc3ZNSHJERk1BNTJFTlE0SFk3aFVYS2NjNndnZWswTVotY0RsUkdxUl80ckJKME1zclBvVy1nVFdLSU9nX3Z2UDVPd3JuOTctUDdoTXdlVjRYYWF5Y1NMUjBHWDhwNWlQTTV4bmhySXVKQWtDdkU3bXpQeEhFN1p1S2NQZ0J1R1ZHdHQ3QlI4WW5ZeU9BdDNDT21HYno?oc=5
NTES,2025-11-22,How to get Lingering Melody in Where Winds Meet,Sportskeeda,https://news.google.com/rss/articles/CBMigwFBVV95cUxQNDVzcXB3T2hLX0tYWGttVHF6cThrRlI0Z1VXblFLb2tYS3pBYXJfSWZ5OGpTMkJEZ0xuRkEyNDhjODJzR25KM0FSaVk1aDM5WDVNX3JiNWtoZGJMbFE0Zm5fWXZHRUpZVzhFZGlqUWpFLXAzQk1zZnRlMldnWDM3blNnTQ?oc=5
NTES,2025-11-24,"Hong Kong stocks rebound as investors await Alibaba earnings, US data",South China Morning Post,https://news.google.com/rss/articles/CBMiwwFBVV95cUxPdHNUODF6cER1TDh3cTZqUG0td0ZkODZkY1kxN0wwNFhoaHBzdzRaTzZjdEtxYWJOS0VoREI0VHpYWkE0OVR2UUNEYUppUVRwcHVKR2MwNkZuX0lBcndqdzdvZkJuNjRBOWYwMjNrdmN3elNwcmJSeWNQa1JVLTZMOGFHNXlzcm45cmJTQVFCS1B1MUVRaGUzaEt3TElGa3VVMDl1REZZTmE3a3dYYVBFQlk1OWNfY1FMLTlTbGRfQXB6M2vSAcMBQVVfeXFMTmJKVUFReWxGZ1JoTjBBUmZUcHFhdkVlOWFnMG1RZk85LXN2TmJ6T1U2WUVYODVFZHlJUnpvUnpXcXctT0ZKR3pweElVZnFGdDJZQVFJQ05sazFRZ3Q5M0Nud1ZOQjV1cElidjlwS24yTW1GVV9OMmVORDltWmFZbzRxVTZnQXR4WjdxR1J1LWF4ZEMtNzBVb3l3aGpSQWdRb2xhMW9yMHkwNVJkQ3FicXZFRmRQcjRiSDNKcXh6TE1UdVpN?oc=5
NTES,2025-11-29,"Nasdaq 100: Who's In And Who's Out Of QQQ. Walmart, Strategy, Lululemon?",Investor's Business Daily,https://news.google.com/rss/articles/CBMinAFBVV95cUxPVDlHQ2htY0xmMjQxSXBiTGVDM3NWMVFCaDgxamZ3NmJhRXBNem9MR0ZmZVNnMjBzV2VzNUhLMER4bUxVUzA3UFI3OGQ5czFLLVBxOXdBYXFfaHNFZzdHQVpKU1doanFsSFk4SkxocExzNFpleDYxNnZxblloaTZFb3ltaFhfX0p5eE5uOFNvcjlfQ2Frd2VDNVl6ZEo?oc=5
NTES,2025-12-01,Tech firms lead Hong Kong stock advance with rate cut ‘locked in’,South China Morning Post,https://news.google.com/rss/articles/CBMiwAFBVV95cUxOLUZqcUNhVXN1bnRYWFMyWUM1dnFjdXl1V1lQZmEzWV9IeFhkdUIyN2tPbV9RY19JZ3I0WUMwQUVaN0lFZHlXX0pMb3A3Q2Z4OGxkOUhyalJkMUI4VHRFZU9UZExvS0Ria0VzZmhKQkNhcFBGWkxFVjJsckJNaVRYYVl2ZEF1TnBQMF9OYmlFcmdUWl9hZ2JOMTBfVnNfVW9xSjRvR2NpaWZ6ZW1MS1FyMjNEUGdnQWI3cGJUMExYbnXSAcABQVVfeXFMUHQtUEZnRzFkRTVpMmtaZnJ5amRNMlllTllVTUxlS1RQZjM1UVF2Mi1lX3VxYkFqbmRlTzhtR2o2M1lWVmNMcnA1OG9GbzV1WWVkSUM3eHFwOTJ5NHl3TzN6YWJiVWpvbU13MzViY2g3TFZoYXNZbGUtTGdEQmtDRHlTRW5ZaTdKVjBZZFRaY3RXWHRQajB5bTN4UTBBNVNBY3JzMmViR2JjV2k3X0dQRTJYb2VGQlJZRTN2THNpbkto?oc=5
NTES,2025-12-03,Hong Kong stocks stumble after 2 days of gains as investors await policy signals,South China Morning Post,https://news.google.com/rss/articles/CBMi0AFBVV95cUxNT21KeTNYdGpiU2VtOTRXdkExb0dKLUxYTWVxNFBPWlhicE9iMm14d0FTMk1yLUtEMU5XeGZCeEFlU1NWN3NZalkwSGJxdWgzbWRIRzlKUEJHOUpScURBemdQU29KNmJDMWF6cWd2NU5aV2VDR2dfLUFpX0hoX1U2VzBhc0VlU2M2VWxSOUpIN2pWNjJ3WlFSR1JDRC0xaHVLWUhUSTUyTEdLbFNWdjlSaGdKR0FwX0pGRDZ4aDhKTzhyWG4yRVQyNVpqZ0NHR2Rj0gHQAUFVX3lxTE1ISVJTVW9PNmVjWGIxT2gxWjhtZUNXY3NMRUFKWU9uUjNwd2FVV2x2NnFrZWpQWnFPdHlBVFRoVWtfUmRMTTZ5SnktZmRUbllTOEtVbFJydjdVTV94a1p1U1V5WndWbmFsQWxrS2dQQ0tHRDVyMW5xWVhCcS1OQnNIV0xrd3p6Y0EzV1FkX1AxNXJnWW1KbUxOVUx4NEJ1WlRuVnY3aG45SzJyXzRKZWtGS294eFZ4RUlKcVR2QlZKekUxb2Z1NVZpcnlvZk93NXc?oc=5
NTES,2025-12-08,Does SE's Heavy Free Fire Dependence Pose a Risk to Garena's Growth?,TradingView,https://news.google.com/rss/articles/CBMiwAFBVV95cUxQWGxtNmItMHBKcU9DQjJtRlQ4M2VkM3IxUE5fOElwTWhoRUpzQk9BMkZxdy0xMVVLTGJtR3Q2ZTc5ajZQc2RXbnBmVmtfM1dheExBX2dFajRsWjJRcDhjYk5sN29IRmVJRmFFMkJIaEVWUWpHZWZ6UmpTb0lPTWZza1lNLWVvN0VvcHZPLVJYOWRoX0Z6ZWVFY3JfSGlqbExfdkJ0Zk95c2ZOZ1BqZmdiTEJ1c29QUXQ2NWJIcFo3RnY?oc=5
NTES,2025-12-09,Tencent (TCEHY) is an Incredible Growth Stock: 3 Reasons Why,Yahoo Finance,https://news.google.com/rss/articles/CBMiiwFBVV95cUxNVUV3MEg1WTFkZnlfU2VpejRvZldYU2dJVGJxVGdxdHNheDAxUm84SV8wRkR6bmY5QXpRTFBOaDJZU2NrNUNuZWFRczlMVWtzMDJoZzhLYktpcXRIU00tQUo4TlR1TGlzWnd2VWFCRmlNZjk2RnNxMldydkJWVDZEaFVIcUpVS2hNdVRN?oc=5
NTES,2025-12-10,Hong Kong stocks end higher as China stimulus hopes spark property rally,South China Morning Post,https://news.google.com/rss/articles/CBMixwFBVV95cUxQdDhmcjN0X1hpbUc0U282d2xLOW1CdU4xRXlyYlJERm9mOUw1ZTB1Vmt4RjNNdHhlRHBkNTE0dVlvVEpIckl1ckRMbk9PQ3c5ZFVvVnVMVldKYmg5cFNSYUdHRTE0bnlYNXBMdnZoVnRqbzk3ZWhEQUkwTUJtTTBCWlhoWk44aU9ibnVHcUFsbEZ3TTYtdnVWWFVicUdmdHpUX2YyRUJ6Q2lqa194Zlk5UnR4d2Q5dXJzdDJrMzFfbVZ6TTlWQTlN0gHHAUFVX3lxTE1aRzJlTnE5d2JXaFdhbkFwdm9hSVpxMC02OXJfOUV5VXBaQ3ZTdmdJVVFvMUJoRG1lejl2enZjTGt3TXFCSHlUTExuVWNhYjJEaF9kdzZJRzV6eHJ4SWV1MERrTE9XQld5R0ZxR1B5eTVBZndpTGNXYTdDQ3NwWGZsZFF6SjN6SU9ZWHNrNFlWWXN0U19iTjZ0T1ItanlIa1VVN2h6NHdEZTR6RmFaQlNZU3FuakF1RFBNTkpzMFJOV3kwNFhFMjg?oc=5
NTES,2025-12-12,Hong Kong stocks advance as traders position for additional growth measures,South China Morning Post,https://news.google.com/rss/articles/CBMiyAFBVV95cUxQUzROWmtxaDFBMU55MGtYbWlfbUhDMkNYQTYzRjNoYWU5SE5kNzUyNTVQYzNRck9tTHRaWkQya0hoSUtsa1pqSFgwRGMxMzBsV1dEUnhGMHc2NS05RjFWM0VYcTRST2Z6aUtCb1pMZE5sVFNIQnJTbzhZX2kybk9PaG5TY2hNd1VFM0NVRTVjQUdyRHN5Nl9oRkVTNS14cm5fMGZMWDJzQWFJUFRWckptSFNySi1lcXhURjl1YmVDWTFSeVhEa3NIdtIByAFBVV95cUxOVDVYRGRBOWtfbUpkRGJpM0p5NkVuZkwxMWl5U3VTS0xQdTAyZU1LMm9aaFB0elQ3b0hXSE0zdzBjMVVsdGZIY0E4UFE2dnNTaVNJN1N3WFlzY1p4WEJMZGg2dENEbVhheHBpV2J6X2dVSkNrdjBFamxmLTI5Z2dYUThRNnJxR2NiLU0yV1luRGl6alc3NVg5MkFfU3B3bTliTFNTODVmX19OQUVHMTFRNTZfNFRaSnFFcDVfU0NiRUFWX1k4bG0wUA?oc=5
NTES,2025-12-29,"Railways jumps into action to combat train delays due to fog, rolls out 5-step plan",The Indian Express,https://news.google.com/rss/articles/CBMipwFBVV95cUxNdDJSV3dNME5rM3JMV2lBb0owU3M4RU5XT1BTLVJjakFlUm5ZaWNWc3g0eTBTdTZkWHU3RW1Yb25kd05vamJyWUhmcEtVTWh1VG1mMVU1RTlIQWNJR1R4TnZZTTFUOHNzSzRiOXo2amJLWXZ6SFQ2VVRpckJ0ZzRTQlVmZFFSdFNtWXVTUU9qZWVFWWdmaWNiMkZOTU9MZG1KYjYwQU8tTdIBrgFBVV95cUxNaTUzZk1EOURobnB6aGdTcUhQampqWDgzc18ta21QZHNtMy1ndU55ejZ5cVhHMmw2ZVJKTk55SmItRVQycERRLUJFUkJuNnEzYkZnTUM0WkVJcFRWeVhRZGZqVm1ZMEFqOWVJdWhrZnB2LXM4V0RYUVh4RFZFbHdMZE1zNzUxQnJXTUVrRHhOSG1oVllYYWdYY2w2WFM1cldYOElzNjBkTS1YMkdSaVE?oc=5
NTES,2025-12-29,"'Grand Theft Auto' Game Publisher Is A Steal, Analyst Says",Investor's Business Daily,https://news.google.com/rss/articles/CBMimAFBVV95cUxNMDl4c1E5dlJXTnBJcWFlcTlTckFEQ0JyQ2NZUGpCWXlORTFVXzZGVmxwby1wYzVtbWl0eHZlU2tzeC1kaUxyeDRvaTI3Xy1TY3dSMjM0ZW5UaE85cWRmODRTQ0ZnN0pFYzdjVC04b0NzTFkzX05OQ1kycGpXU25raDJyYUlHcDZES3hmNXJuYzhsd29NRVozRw?oc=5
NTES,2026-01-01,DiDi Global: From Uninvestable to Ownable Again,TradingView,https://news.google.com/rss/articles/CBMiqgFBVV95cUxQYmRsYldYbTM2RS1LeGx5RjFCTVl4aVpVcXFEeGxReUtibGN4NHF3a2xiSTJSbVdfRTZ5UXVZRGEyUWJpdTNpTnBFVGZlSUstSGdjVXNDb2dtTUt3M3hSelZSSU92ZmxIS1hkSHlCc2sxZ0Q3QXZzSXRjbjhMMFdxVEJxZng4STUzY2cxMFdPX0JGR3pxRGRfSHNaRUpaSTk3M2RCMTVHck5Idw?oc=5
NTES,2026-01-02,Hong Kong stocks jump into 2026 with biggest surge since May,South China Morning Post,https://news.google.com/rss/articles/CBMivAFBVV95cUxQUUk4RWtoWFN3d0lIenhGdVk4Z25hTmNRTEFFOXFnS3c3Y3Jpc0hxWFlJc21sVVNNSTdUUURWZ3RvMGhXMlBQLWEtQjhnWUNnbWZwYUticWt5UFl0Z19uRnB6Z3RZZ1VRSkJweEpsdDNWU0M5bjNZTkhhVFg0SFNpMHYzRVNOUC14Tkl0T2V6YWJiWm44akltNldmczhuXzlMTDB2V1N3Y2tGc19XSXY4emIxeGcybmdoVGxPVNIBvAFBVV95cUxOTEVSa1Y1LXhpLXgtR25mSUhkeVBNek8yaHpZNjFNRi1qUEhjbzZKUTdpdkVQVmtBZ2dpQnNBY0JidzJsSHdUR1dtaFVqWmxxc25VaUVmZ1hkOVhvMEhiWWUyNHBBRkVvVlQ3MmwzX29JUHlxNFBvSW5IaTlrajB0d09ySFMxQ0hXNnF3Y1d0dWpOX0dfN1BfN3NfWU9UMVpzMWpTM0xrT1I3NnlyNUd5RnJUdTNUaEZuZ0xZQw?oc=5
NTES,2026-01-06,Hong Kong stocks hit 7-week high as investors diversify into Chinese tech names,South China Morning Post,https://news.google.com/rss/articles/CBMiyAFBVV95cUxOVVdMZ2o4WEJMT2FPSlJKaG40eTFSd3V6bWRrQzN4UWR3NVVWRThzbTZFeS1RVXhSdTdoR3hoUzdqYUZwY2I1cHV1OXFyS1lCcEpZSFQwSTdZOFAwTEpOX09LU3VoMEJjT21OSFRLQlh4aXREc3BqVHMwVFVzVjJ0Z2NHeEhiRENDNXdJbmM1b1JLb2NTclRqTGhqY2w3SUtMNUFGaEs1UE4zNWpfOHNHRlltLUlyaDNBQ2tkYXlPY2RWWU9ZTTNvedIByAFBVV95cUxQRnBSdkJVSE51VC1yZXFZODBuSEFZazg0VU9hRmdTSjVJc0ptaEpwSmc1WkNJYm9ONnNMSXNTMWhTV0lCN3FSelZUa0xxWTNlWHFKaUlOTEN0MzkyUDVUY2ZtV0JqLWNGM2FzQV93cnAtQU1jRElrbEp2QVVDVlotY1liMEZ6d0dLRUVYVEVSRmFJYVdrUDhkZG1zREZQN1FRUmRPa1ppYTJMSlRLaWRZRjVUdVV2N3dwTGpmS1E3QVpVclFwWk5XRA?oc=5
NTES,2026-01-07,The #1 ETF To Bet On The Explosive Growth of Esports,24/7 Wall St.,https://news.google.com/rss/articles/CBMimwFBVV95cUxNNjBQSlk2c0R0cjBGckpFamh5ZWdZems2SjNZbFRmbTh1TW9VcThYSXZNZU9OdERoc3JTa1lRSHk4Z2ZTWC1BUlhJQ2wzUDlQX1JVZF9ZNFhoUnQwdHpkN0RlQ1diR1p6d2FHXzFZdjVteXNFMFR3bUlnbV8zTTN3NEVDd194RVZuOS1FNmo4NW5jQjVaaTdEa2tzUQ?oc=5
NTES,2026-01-08,Chinese Stock Charts Reach a Turning Point. What to Watch.,Barron's,https://news.google.com/rss/articles/CBMiqAFBVV95cUxOLXJLVS0zcHI5QWx2X3Rrd0ZibGdGOWFlZkZDVWNVWlNKZHNDSXcxYVY0QUIyRFhuTVBLcUZEZUg5WkQ0R050bmtycXpjSDAtd2NnQ1VQaWZLWHdzV084TXhQY2ZhRVRPYlZ0aHlkQ0d2UElwMFQ5RHg0WDhCVzdnOU9HcWU4b0NnVE5PcGtPRW96dHBTOXk4MDdhc3d1NnA0OXNYa0VVZFk?oc=5
NTES,2026-01-15,Hong Kong stocks snap 4-day winning streak as Chinese tech giants falter,South China Morning Post,https://news.google.com/rss/articles/CBMixwFBVV95cUxQWWFPWThOZ0NpeEFpWHZXR1ZwV0pyMVRDODlHMjdLVDFkS3EtVVloLWNUXzJjb0ZkVk83S1FNbk9HSTBJcS1ONXpEazlwNmoyMkpFTXVDX3pNejdzNXQwNlVHc2JJblVlS1FhRmNNRmU0TExxV2pVU1NFWS1UUGlEN3F2YWRRWHFxbVRMQ1gyM05JbWdyTmxya0kxa0RySldVWVc1WkxndjVSVEpzbDRxeGM1d1ExdUlGUnJVSVg3RWwtSnlld0c00gHHAUFVX3lxTFBDMmMwVmRqQVI3a0dxRWtHNTV0SkJkQ0xPZlF2WVBFd0Q2cFA3T2R1bllTOW5GVy10ejZ0R1N3dFBFYXJvZXMzSmV5NTdjbVhNMzBtbmd6d3hDSW1jNGJ0NGtrZi1kUDJ4S3l3b3EzYWg3c1YxanBPVTFnMHdFbVI1TnROc0ZtSFFRNDV5bFM1bk5zM25xelo3aVFvQm4wRFZlQXdHMWo2cHBnNTJiQjVDNjlSWGZ1Yl9zYWZkczNSWmNyaW1XRXM?oc=5
NTES,2026-01-19,"Over 80,000 Game Companies Established in a Year: Veterans from NetEase, ByteDance, and Alibaba Start Their Own Businesses",eu.36kr.com,https://news.google.com/rss/articles/CBMiU0FVX3lxTE9iUURVanJHTU9Vd3I2V0VqQmh5b1djdGJUdk9DbEpYeWZueS1PbHNZZzFlWWdPM1lnNGNSQ2ZPUDk3RTVuUEduNDFtaUx0d1dmb3RR?oc=5
NTES,2026-01-21,18 of the Best Stocks and ETFs to Buy Based on 2026 Expert Forecasts,Morningstar,https://news.google.com/rss/articles/CBMijwFBVV95cUxQa29BcVUxckhHWklPY1BsdlgzZnluTDNqbmlQQnRSNExWRXVCLWhVT2Z3bURjTEFMSGJaaG1EbC1HcnduWXJISEo5andKM0lCNkhpSmJRZXRTOF9ISzczZU02T3RLNldIV1Jod1pCWHpRS0FFeVRhZmxkdlBMTjlRU2xkNzJlNTM2MHBKMVJ5WQ?oc=5
NTES,2026-01-27,"Yuanbao: High-Growth AI Insurtech Trading Like A Value Stock, Top Pick 2026 (NASDAQ:YB)",Seeking Alpha,https://news.google.com/rss/articles/CBMitAFBVV95cUxORnE4T0Z0UHpoc20wZGlwekFzSjNsSjF6bjNmV2NiZnZpbC1Rc3lRdGluVTVRNm00dFVpbG5xQWxVRG9xNlJnNjBncDU2S19ZRXRMdFM0MGJnbU5MMGgxVXV3aVFiRG1ERE9rSHdXb1g4M2d2dFZCOXAwXzB6VXd4QlpOaWgwNE44YkdGRlFUMnpQQ2wtbHNCWkh1bHpNVXhKMFlzUlhzVHhjY0tJWElVZ2haMEU?oc=5
NTES,2026-02-04,"Hong Kong stocks gain as tax worries abate, solar sector rallies on Musk plans",South China Morning Post,https://news.google.com/rss/articles/CBMiygFBVV95cUxPN2ZEa1hkZWxqUzJxajNsQzlFbjJqdFdrZGhDOGpQUV9tY2FRVmFkbVpBdmRSd1dOTXcxdk5lTEw5ZkNycDIyS2tmamp2LUEtS0dyTWVWQ1RSTGM4SE5Ra0xyNXlvRE93b3VnRkZxaVI4cWhCeHFpcVhjUlhwT3Yzc3F3eHVjaF9FMVkzYzZ6NlBMTEstWWNLaHNPM1l0VmVrNktDVmluX3VJMGhsaEtoTDdZTjFPQWpxTER1Y3VRRW00QjIxbko3VV9R0gHKAUFVX3lxTE81RTQ3QlM1ZzVrWjRrdm41eDkyQmFHTDRMZWNZQjF6OVNVU1hVU2QxUGI4cHV1UWZ6U3l3N0lmZzNkaG84NUtlODBwZ3ZuV3hKWFE2ajlYdHFGLXJ2Q0stZE9XMFFLdVZIWC1Kbjg2OV9YY3pYWUZlRVlBOFpFd3R1ZXlZYTkxM1ZWRW1zMUd5d1VBWmdBM3AzSGxWRGUzUUFWbldUcEpXS2ZOS05lVVYxczVob2RUTzJuYWNCUW5Ta1d0TTdOd2t0MXc?oc=5
NTES,2026-02-04,The Best Communication-Services Stocks to Buy,Morningstar,https://news.google.com/rss/articles/CBMifkFVX3lxTE5mV3lVVE14TTg1Y0JmeHVoMVlaLU1zOHZ2T1FudGdwTkVFWTJ0RXpTbXdQd1FIMHJCUU10NUNVUHJWcVlGX0FHWEdlUTZMRGFhMjZ5YVNweHduYVFTU1BLbTlsUkVoT2NFZHlkcjNsQU01cGFGY0dnYTkxdmduQQ?oc=5
NTES,2026-02-05,Hang Seng index on edge as China tech stocks dive amid AI jitters,TradingView,https://news.google.com/rss/articles/CBMivwFBVV95cUxNa0hWNUJTZXZfT2JmTXNlLV9pUWlEUGVELUpVUjcxQ0pmaGdYUnMzcUd3MWkyVl9FMnJQcFAxYlp2azFqc1Bfa0hoSURDUzAtWVBya0xKUWR5c19UblRYanpic3RjdjRrb19wUVNvbHZobmYtaXctQks2aXlValoyLVVxdnU4X09HdTdlUlljWWQ4S05seXY2QXptVlc0bGFIN2dFc1BmT2ZuZzdHRWtWNWg3dXpNZGlzeEtUNDVIbw?oc=5
NTES,2026-02-06,Where Winds Meet Coffin Master boss guide,Sportskeeda,https://news.google.com/rss/articles/CBMigwFBVV95cUxNMVE3RVRpQ1JYYWZJN3RLY1B1V09xMkxITmRxVXZpSmJwTUprODJhUWxWVkE5VEtYRXhrOUU2dzRhZXZDNmltU0xuaUhEcExrX0tBWjdxWHozZmVmejFvUlNTeXF0VTVfTDVjLXZMQ2JpVWxJcTJDMGVlOXN0REhncnR1VQ?oc=5
NTES,2026-02-10,Mattel Stock Tumbles on Lower Fourth Quarter Earnings,The Hollywood Reporter,https://news.google.com/rss/articles/CBMioAFBVV95cUxQVnpSVXVvWnlpYm5OWm5Ld0lIY0MxOWkydWpBR1psLUpuOS1MVDByZ3dUVHdiemFxNmFjYVR0Yl8ySmhJeE1fTzZvaEotMmVyb0J2VEM3RXV6V3BQQkl1RmNsbTI4VEpvWWhhTmhkQ3QtQVVWZngzMFlmWFVmS0ZjZ1ZsUFo2Y21pME1xRktNRDdQODdKZHhhWEdqVVU5aVdO?oc=5
NTES,2026-02-11,Hong Kong stocks rise as positive holiday bias sets in ahead of Lunar New Year,South China Morning Post,https://news.google.com/rss/articles/CBMiygFBVV95cUxQeWhZQXhWbDE2T0hEQ2tKZEQ4VEs3SVRpa2xGYUo0QnAwQU5tWlpFeURuZm5RYS1KcFBSbkxKUmxDX1NDcnZYNWhMRE4tUC04N2g4U2s4VDV4WTlrR21XMndYU1VrRnJJbEdKdm9LZElnd0lIQ3UwUEJGQVhrb0tucUZyU3h2cVNJMV80S0RUUllwRjdBLVFBVUJCNm5IcUNNdUpGQ1NIYXJQUU83ZUFuLXJyQk5fcWg4aXljZUMxa2NlXzlzSndMMXBR0gHKAUFVX3lxTE9ZdnRSZmR5eUVqWTBKZmxaUEQ5RFpuQ1NHTm44bWtHWEtsdUlTc3oxbGpyR25mNGY3YWJTMnpMMnM1RGl0VkNOZ0V5WTN4azN6UlkydW5fa2FLcmc0eDdfOHNkT0hEckN2c3ZIN1VUcmdFM0YzSFR3b2RfSGpLYnp5Nlc1QmhSQWlxY1RvWUNGQXRleEdobGRaUTFEQzduck43d25nYkxRaDdta0NfTVpGZjhLdHRVLVhmREVudmxHXzg3dE9BeEVHTFE?oc=5
NTES,2026-02-11,"NetEase Profit Falls on Base Effect, Slower Revenue Growth",WSJ,https://news.google.com/rss/articles/CBMimgFBVV95cUxOV0h6VjdzQXFzeUlpMnZ5Ykp1SjN2NmdxQlI0ZFJBTmxSZEFVSFVTbnBzRzJRTi1iVHFzYV9SRUR5SW5ldlFrdFl0WTJ4X0lXY28tTF8zdmlXZ0FTaHBSNS1QYldHOGt4NlJKZHpLM25WbGtBN3V1MWt2Q2l0UDllWnlhX0xuRG01aUk4WDdoU3MxNXk3d3ZaSGhR?oc=5
NTES,2026-02-12,Hong Kong stocks slip as regulator summons tech firms over train tickets,South China Morning Post,https://news.google.com/rss/articles/CBMi0gFBVV95cUxPTzljN0tMeGhPUEpGei1IUTQwZXUwMHJSRFFIXzlGZF93aE9zc0hvN1hBQ0hHMU1BVTAySXk2Qjc3VnZ4T0s0WnRtRVBxT1FVUUlVUEpQVEppMi1idDd6bVZsZWFtMHZPWjduZmJPTlZLZGtRZUtXSFIzN093alB6bDRMaXg5d19RMU90NzVxb1drXzRicFlTQlBGRG5xS2lQS2FBYXF4TlZDTW1zTnkwTTdiNTA5NkhKT3BxeXdZdVZZLWlLV1g4dEh5d3M3SHZIVXfSAdIBQVVfeXFMUFRWUUNuYmV6YThVTmgzRVJST3BmLWFGdnh2S3kyTHA1M3h0M29jN0tpU21CXzJzV0hFNkZiSkVmVjhEYXdlRHNnTmFOVUJnM1RQdWt5VDBfSVhLOF9tRlNGWklVbE9QT085Vk5ieGtXbml6VG1ySXRIYlVndnJrd2gtTHF4MTI2N2NDeE5UbWRncmlpVGgxOHo3Vl9ULTBhZnh5Q0hrS0tuYmNJblpkYzRqUTFmT0w1cVBUS0NabGlxOVloWWt4dWZVQkt3RHlKek5n?oc=5
NTES,2026-02-14,09999 Technical Analysis & Stock Price Forecast,Intellectia AI,https://news.google.com/rss/articles/CBMiW0FVX3lxTE1LX1VVTkF1UnZqQThLaWktV0RCbWxweE1kUlBkbEVnSWhYMXB3aXVLN3VnUk9lNEVONEFveWluQU10aHRTV250WHJGVUswVGE5MTBCUnpVS2w0TG8?oc=5
NTES,2026-02-16,Hong Kong stocks rise to wrap up best lunar-year performance in eight years,South China Morning Post,https://news.google.com/rss/articles/CBMi0AFBVV95cUxOdUhHWDFQeUlkcFZZSkJ2bTVyVUlfNThjTTd2bU9iQ3RBMDNlc2Z3NGdNN3hjVUFkWUk0VzZkcWlHMmdjWDUyZlBQdVNqNzhrb2VfQU15QkVlbGdqb21aR1dVb0xXZ0xpWU9NT0ktRmh5ZmdtMHdEQWY5S2Y1UVF4MGJROWpOS0Y4bGVrbXhNMm4zT21SUF9XZmZVYmRueVdfeG42bUp6OGdSai1zWmk4eC1zRHRmVHpzbHRRdmdmRHFNQmZLM3BVbzViOEE1QWtZ0gHQAUFVX3lxTE1uYkdLRjhrTzlfZXQ2Z3oydEhGSjVrRXNHZl9oZmtmOGVMZi1LZUkzMHFyQV9aRWxSWDhEcFg3Y1Z6REFxVC1US1A5MVVWNDRia2hzNFN2ZmxMdVJ5MXZBUVpBaWhrVDZXRko3eUZLbGxPU2gtbDFCYUVvYWNBQWxRRjNrTXVPcFo4RW9HWGRqaFJmYUVkWDJmZnRfZlZvUjVnalNGVnhaN2dIV3F0Y0hLZzV6cVJsaXNIRDJITndhWGQ3TzhNVlVZcmFDLS1ZRTE?oc=5
NTES,2026-02-20,Hang Seng Index slumps nearly 300 points on first trading day after CNY,The Standard (HK),https://news.google.com/rss/articles/CBMiwwFBVV95cUxQdEkwWkEwT01vb1RMYi1tZGNuYnFJS0ozY2N6d08xRk03MHVLOVJVdVFLVmE2NnBranowV01HOEtlaHlJeWVucFdGQUk1Mk50aWd5WVlXN1JkaHg1SWxUQl9fQjR6ajdTOWE4NHZHM2hzSjJiTFUwaTJEUk8zamNCQ2JLQkhIcVNhUkR3Yl9DcF84MWRDNWdXaUdhekp2Ym9BSnJ2aDVFbVZXU01OaWtEbmxNQS1UcnQzN01WNE14dC1HS1U?oc=5
NTES,2026-02-23,Hong Kong stocks gain by most in nearly a month on China export optimism,South China Morning Post,https://news.google.com/rss/articles/CBMi0wFBVV95cUxPaE95dkhqWjNlQUJFMktrTjFETXBjZU85Nk9lei1oMHhCNEtZRjVRMm5RbDlEb01LTTJVcDZLMjVlckhKZFA1N2M3UWY1SUgyYWpKa1ZGRzhmdUxNSWwzcXg3SlJ1Z1k3Wm1VWkRkZVJuUGFRUFVQWHJmU1dVZmxUaDdUdnREUHpUTHZTdnRqbE1MelBkTlVVTmozbGtkcVRiRFROUkhnXzNkNUR1dEltTTB5QWp5VEhHajRibTJuaWxRSlQxR016aVN2T1FjVEdDeDBR0gHTAUFVX3lxTFBGWUo2Ql9janBvb0U1RFMyMWtFNjQyd192RWUtc001MmdZZXoxZUVIbDB2T2l5VHV1MV83a29GQVYzYi16VjNVODNkeTI3dWtWejlvMDlFTmRoaXp3RzZYV2QtVnBfdWljRHNQY1lzdktiMGNnT3JWM3FLd2ZUMm5hYzYtbDN3LUpGMFFJU1N3d0hQay1EVXRmcWlnRlA5dlVUWVBMR0pQbHVFc2FQZFU0b3RmUUNVUkhZalJVS1FqejF4R21wY0E1RVNzZmk2dkhqeDg?oc=5
NTES,2026-02-23,Hong Kong stocks open higher after court blocks Trump tariffs,The Standard (HK),https://news.google.com/rss/articles/CBMitgFBVV95cUxPTmY0OHdScDM5aGpScEFIdVBjTW9RZ1dVSzE4amQxdXZCSkpBT3JnWDcyMkZ3TDlYVmRWYmtuQnFXb0wtSVF5cTJqaWxWbTFBdWMzRkpZYjhsOTBTR21hRWs3azMxcUdOckdSWVd1Mk56ZFVFcnp3eTRTVkc4elFqbFFFeGY0aWlHR1FvN3UweWZkYW9yeXR1dWxIQWc0ejlwQ3FBTmszZkJCc1k4ZTVnT0phOGFvZw?oc=5
NTES,2026-03-02,How To Get Lattice in Marvel Rivals,TalkEsport,https://news.google.com/rss/articles/CBMidkFVX3lxTE1VeGRHQndXQzNJZVNfdjJuUjRacTNBcFhMN0kxVlU5WTRVdkJ4N1ZqTlpQdks2TTRjTXI4TFJWV0dKc2NYSVowRVlubU1oZWpaSHIwTTNKWHFJSmJ2V3A5N0Y0dGtjSkdxRTRGSFJrZUllbnJYX0E?oc=5
NTES,2026-03-03,Asia Markets Fall as Hong Kong Stocks Slip Again on US-Iran War Fears,Asia Business Outlook,https://news.google.com/rss/articles/CBMiwwFBVV95cUxNV2dnTjhCYUtCMDlXLVB6bEJ5TTU1S18yRW9CTUR1RU9nYTI2MkdTaThuTUZRN2kybXVGMGc0aGpNOHY2dkZvVm9kRWZsNkRpZUJGMmhqUER6UmxwX2JibmdNcmV3aTVOeThUVVVsV28ydDFOcUZwRHZ2ZEFfMEhKYlF5elJNdHl3SHBGTnhmWmVqa2FHY1YwMEd2S0JlX1I1Y0R2b2xqUjV1SW9PUTRZMjlaVHQ2ZXZXc01WS0FQMi1Edkk?oc=5
NTES,2026-03-05,Oversold Chinese stocks: Alibaba leads low-RSI pack as Beijing targets 4.5-5% growth (BABA:NYSE),Seeking Alpha,https://news.google.com/rss/articles/CBMiuwFBVV95cUxPT1J0TjZkREpqMzFoSXNxeHJ6Z0V6RDdqeS1DZHViOVJKYkxXRnVOM09rZ0N5X2N5X29GZUVqTkg4Y1VEYmlVS2ZOVV9GMll1cGZpeWZvUVZzeHpvaEFmU3RsVnFTdmJfaEQtQlNBVmlsS1NMN2xRY0JyZHQ2QktxbjNaUGROVnAxNmYtQ0JON2dKVHNxTWF2ZHlBc3pQRDFHREhKNnpLM2FyUklxTTVXWUYwVmo4RUJDWU9F?oc=5
NTES,2026-03-06,Chinese Stocks May Be Bottoming. Alibaba and NetEase Look Attractive.,Barron's,https://news.google.com/rss/articles/CBMihgFBVV95cUxPbDdZRUhsZzBvZk85bXVtVlBRTVVSdmtzMnFLWWJ1a0pKTHd1SkJGeEIwLUlGMkxhTEt0OTMydmRZTTBFdjk1N3dkNVYzbEViVi04b08tWnFpYnY4YVpCU001WGlZV2tOOVVRLV9YSVh4T29uSDdMRW5KaVZudmF0enR4bUhEUQ?oc=5
NTES,2026-03-09,5 New 5-Star Stocks This Week,Morningstar,https://news.google.com/rss/articles/CBMidEFVX3lxTE9WYTVJT0lpeEVURFJxeEI1OExmSFp5MEZwekN6ZFhHTVp1T1ZhVUZBRVRaSDR2OTNwakxqUjU5dm83eFpjcFlzVEF6aW4tTzhVZkxmQXBGb0pncmdPeWZUOE9qZmh2N1JNYkd3YjlwMDhxTGpu?oc=5
NTES,2026-03-13,Mainland China’s top 5 billionaires have $260B in wealth,VnExpress International,https://news.google.com/rss/articles/CBMiuwFBVV95cUxPZG9hU1g1ZVdVTUNsQ1Vubm56bmxjN09DeDRKVlo5YXpHbm1PZk9IeTdDc0NSVkFhYTFzUVZRUEdrRUdHUlFoY0luNE51VUF4QkJkUk00emtrWHpyT2xVX1lHTGliMXVEblRoQjZOLW81VGlIaHNkYzVKWHhHV3psdHY0Mm5vb0dvR0pmMHZvOS1Vb2VuQkV5NVpBcEFCQ1pzbXZTM1laTFVlbHBpR2NrTWVnUlNfR1JBUTc4?oc=5
NTES,2026-03-16,Hong Kong stocks advance as tech sector lifts sentiment amid prolonged conflict,South China Morning Post,https://news.google.com/rss/articles/CBMiuwFBVV95cUxNY19IbWlJbmpzdVRNUGhBa1dUeEdkYWloMW4xSHlONmNOR0lRcDdydFBIUGdFOWtTS0tScXVhQW1QMmpWNHRtZUg5T0JrRDRqa3VaZ2RGbE0wcnpXRjlrWGVJRGFkNXlrakFVSjNROGdlb1NmVzBmLTg1eWg3SUNvQlZ4ZXdzWlRvWEUza3FFODNGbEcxRkIxWGdaZmxWQnhsNkxoTy1OSVlBLVBHZDlJdEJGMVV2Y2ZudDNj0gG7AUFVX3lxTFAySktVc2JTY2dIeVlVS0p4YWlxdnI0TFdtQjNqRm5tamozOUFXay00aFl5R0tER1RoYW9aTWlaLUFPWW9CYmRycjhTWVJ0ZnRvcm54WWRzelNpRktvbDBRb3BVUHY2Qm5SdUZXRzNhajctNnQzRm9UOGw2cnhGNm5UTTRodjFaNjQtdGpldC1VUkZ3dUVxcVhpTERtRjZNQ2xvVmRfTnJMbXVnM05QYUpwdm5QajhfN1h4Q0k?oc=5
NTES,2026-03-23,Is There Now an Opportunity in NetEase (SEHK:9999) After This Year’s 23.2% Share Price Fall?,Yahoo Finance,https://news.google.com/rss/articles/CBMinwFBVV95cUxNZmFnV3RLY3hYRHNBa3U0UG90aWozckhRd0FyTlJmOGZwNHNSNnNpQnIxcmZhSlBDSmxIUS1JMnJGSlZ2Y0thZEMxNUl4eXFKakt6VTV2QmNISWtkSl93V3JlYWhSM2hueFVfOVVTSndXbTRGY0hvYm1CQTB6ZlRRZHJPcFp0T0F1amh6OE4zbkhwX3pEamhUQ2kyNlRHalk?oc=5
NTES,2026-03-25,Mattel Stock Dropped 25% Last Year. Does the Math Signals a Recovery in 2026?,TIKR.com,https://news.google.com/rss/articles/CBMiogFBVV95cUxOM1FvaEVyY2NURms5NWxSNl9FbTMtLU9fWjJ2VWtoMVdoQnFXc0M1ZWVtSFN5X0g5TExWcVdaVF9xdEZzT0kyVVY4R0tKc0RIR3hzNHJHa2FrRUFDaWRwR20tV2RVSEUwU3ZBdVB1eThRempfYUs0aFZqVFZreXhuUk9fZjlvUU5NUC1SbTlxSVM5UVNabU5nQ3htUkctWFV6T1E?oc=5
NTES,2026-03-30,"Racing Master Has A Initial D Collaboration, Now Live",Gamer Matters,https://news.google.com/rss/articles/CBMihAFBVV95cUxQbklMbFNDbDNkMkhWMk1rS25sVzBIMzZsRkJpRTJGQ3R3cUtFOE1rUGx1MzdlNklmZEhtODc1X01wOE1FbmRIcGg5SjBqeGpGdU10OU4yMURETXZFaXNyR2J4TnJwazlLeHJVT29VSlktdjB5SU03Y0t1WmxQbGE5WU9kaWM?oc=5
NTES,2026-04-02,Hang Seng Index top movers in Q1 revealed: best and top laggards,Invezz,https://news.google.com/rss/articles/CBMioAFBVV95cUxNQy14S1ZjRlhqb0RlNU5mU3NHZVplZkJMYlpSTWNtUUJzUnlGQklaY2FJbzB2ZkN4ZlRyYXcxN0h1UnlIUG9LY25McDlVYVVPVnh4N3RpRkw2VU9OV091NmpBQS1kNV8xM1Q1YVFrVkJpVExLMkc3VDBjbkFyUW02QXppTk55WG1nSURzR0YwaXRxNnphbDJxQUgxYWFZRUxi?oc=5
NTES,2026-04-06,Assessing Swire Pacific (SEHK:19) Valuation After Its Strong Recent Share Price Run,Yahoo Finance,https://news.google.com/rss/articles/CBMinAFBVV95cUxQVmxmQ2Q0czRWemt4aFNBUzJBNVRkS2YxdWY4dVYxRVV0WGtETlRRZjBRdjJ4U1VWWDFMeUxwWWxuNUpDcmJqbkx6YTQtQ0kwOHJ4U0pvdF94c2dfN1l1cmRfc0ZNSDhmQ0ExZjJUS2dKSHVsdE1wa1pCQWtSQVJTdWwxYnllcWRoaGlpc2loX3VFQXZBRldqVVJlREc?oc=5
NTES,2026-04-09,Tencent: Not A Bargain Despite YTD Share Price Weakness (OTCMKTS:TCEHY),Seeking Alpha,https://news.google.com/rss/articles/CBMimwFBVV95cUxPS01yd1BScDNHVFl0Zk1qV1Z2STVtZTU1eU40UW1IQjRpYlZ5UWRBY0JLOHNzRHcydHcwSXZmX0ZtMTM1UVBUTVV3aDA2djNWR3A0UDJETUp6X3pPUEFJb1hmcHhzcFQ0a3hFU1YxcVhkZjMyZ1lhNmlReXNHVy1xRVlzUl9veDJteTZTTjBfejNKQlpNRTB6UDhfVQ?oc=5
NTES,2026-04-10,China stocks advance as ceasefire hopes lift Shanghai and Hong Kong benchmarks,South China Morning Post,https://news.google.com/rss/articles/CBMizAFBVV95cUxNU0FrYTBEci1XQ21iSVoyNHJyY0ZWdDR6WW4xTnZiel8tbERvTURmQTE5YjM1UWhGVDR0SHg4UUo2Y1lqbE9FdUduSDZSMFVremhpZ2RQRTJacFdaR3gyX1JUUGpKa2gtNVlQOU13SWV2aG1QaEdKZFRIek0xS1dMc2FfdzR6SFJoRzNobEhfY1hVS3hXQW5RZm1RUmFOV3U1TERvODNqSmhsRkx3THdfRU5HZ01Bd3RMWGs2bm5FU2otSjZVdHI3YlNDclXSAcwBQVVfeXFMUHFPazZfZkwzNGdkckF6VTcxMFl6ZjNHN19jRkFDVXkwRExtTVBjeUJBRXFRMUc0UVM3bWxWZzlJMmxXZ1NuRkxHVk96OEwtRDI0bXZ6UndzX3VNYTUzeGRjMGtkcm1yaURmNFJ2N0EwdDFyTHk5aWFwand4M09VRENlZTh5RTNlajQ1MjEzS3dJa1hJRUh2RXI2Yy1fRTJlTzZFTEhsQjE5emZQSnpEV3p6NFlMTkRabWphcElXaXV2YVdHLWE4b3lnMzVR?oc=5
NTES,2026-04-13,NCS Multistage (NCSM) is an Incredible Growth Stock: 3 Reasons Why,Yahoo Finance,https://news.google.com/rss/articles/CBMipAFBVV95cUxNXzQ1OEN6SGJSVzB6WUJ1RGZtdHU4bm5kYl8yOXpNTEVSbzFvMTJBRFJNRU1yTWV0QXM5RkR3REx6eGRkaW41WVl5aVdYWjE5cWU4eHlvSXdWVnpCbk9NMG5VOGYtc3VqVjFkR1RIYVh1dTdJSmZOeFFYWFd6ck1oQXhTLW5YdTM0dnVHOFctc2NnRHMwVElCcGVMWjF3T0k2RlNFMw?oc=5
NTES,2026-04-14,Marvel Rivals Season 7.5 Introduces New PvE Mode: Blood Hunt,Insider Gaming,https://news.google.com/rss/articles/CBMikAFBVV95cUxNMW1EY2Q0bEpsZlNIc2F3enczMnB6MXY3czRxMFZhZ3Q4SU5URXdCY1ZpYVhtcnpEVGd1bEZ4UTRwa3ppZkxyUXBSQ3llQjFZTXA5U1RpTXJaU19VWUphdGgzVGx1VGtleERuMHpIeENzVXl5MXFOdElXdnNXSjFFeFRESWV4SGM1Nnl5czNEaGM?oc=5
NTES,2026-04-15,"NetEase, Inc. Announces Filing of Annual Report on Form 20-F for Fiscal Year 2025",Yahoo Finance,https://news.google.com/rss/articles/CBMiogFBVV95cUxNejhENWVLYVRVUjAxMFJSZjRQSnQ3dmVlOWhnQU8zTXVYSlg4Wm1VSjdhWW5HTGNWQnJkUDZmb2FNMEMzVVJPREVqbE5hWk9TcFZUNmM3dXRVUWg4d2tDRWNUOWNyRkNlYU1DYjZCR084NWY4TGRfalZGa2VxNDRYUHAtLWJpWFE4X29LWXJVNXhRNWhwa0gtN0xfVjRSNGFjT1E?oc=5
NTES,2026-04-17,Hong Kong stocks opened flat on Friday,The Standard (HK),https://news.google.com/rss/articles/CBMilwFBVV95cUxNRVl0anFER0xqTnB4dE1jRGZjNzdHMUFpNE5pVDRwdGl0bTRoT05aMzFDQWZ0WDQ3X1M3SF9DcTIzR0FPejMzVEpXLUd0YUhkX2tlUVlOR0dweUdaWXVDb1hhTHY0c1RxNWxublhWLXdmRE9VR0p5R1c5VFNRVk52c184N0xSaVpGbDZnc1ZKdkRJWEVPSXdJ?oc=5
NTES,2026-04-21,NetEase Is Finally Unlocking Its Potential For A New Era (NASDAQ:NTES),Seeking Alpha,https://news.google.com/rss/articles/CBMingFBVV95cUxONmtTOUtDNEVqLUNnSXF3UDJjVjJ0bmhIVFJRLURwWW9TN1pIT3BHb0VhY0IwWTk4TEhib081LWZCekxnXzR2a2tIN1J1dFRNZ0JQM1dJLWpsd3JUY2toN3BTeGtTdVo2NjdhNlV3dnJ0U3BEeFFwS3M4TW9mazRPUkVTQ2dSRHdLcTFTSnlmeDNrODlsSmtuQ1BKbDVVZw?oc=5
NTES,2026-05-05,Roblox's 20% Stock Crash Explained,Baystreet.ca,https://news.google.com/rss/articles/CBMif0FVX3lxTE5TRjRZM2MyUGthajY1a0VIbmZ6VGwyLVpzMFJkdkJyazhYVWo2TjFjVjJsMGNiekprVjMta3piNTh2M0dzTVlnYmVNTnRjWGRQZTlGSndINlZhRTdfR1kwOVNicnVLYlRPMWxLSDZQbFpSalFRLTRjc0ZHMjZSeFU?oc=5
NTES,2026-05-06,GAMR Soars as AMD & AI Chips Power Gaming Rally,ETF Trends,https://news.google.com/rss/articles/CBMipgFBVV95cUxPc2I5VWZEUzRUUG5TWWFXTmxLMThyRk5kbTVmT0k3UXJRSnhQYVp1b3JRc1VfMXZOVF9ORVBNak16X0YtVjROd3doYXdTRFVwUGRTLUtmVkZoTFY3STByeFQtYzNyd0VTd2xlZndQUUpZdXluV3BSQmdfUVBsaTZ0Y0F1cEcyN2NxUG5ManoyQ3JveDgtOS1ZTmlVNnlBN0luNVg1ZVJn0gGrAUFVX3lxTFBzUTFCRlFqcmVxeDZWalJRbVZ4SGx0eGtUdG0zemRiWTVId2ZwVnRtNmwtNWgtMU95MnFDbnlhWHg0a3N5cVRZek5zVFp2b0QtNVIzQVZzUnJjWDUxa0Zxd3J2UXB5X1NvWWd3N250QUprVlFuRHh0U0xTQnBjMl9pRTItbndBQ0l2UjhESXpramJsbWdiVFp2Q0Q2blJ3SkR1NVJnYjFYcklEbw?oc=5
NTES,2026-05-06,Chinese AI stocks are surging. So why is Hong Kong’s tech index still falling?,South China Morning Post,https://news.google.com/rss/articles/CBMivgFBVV95cUxQbXU1Mnl1Mk51TER0NXp2Z0M5Q2tidktBR3h1M3FkNWRUZmpmckY2SVVPVldrdVVSSjBrRlV3SHRjNFR3WFVfNXhmal9JR3VkZGQ5VkJNbjVKQVA5VXRIV0NqRkhpMTZOUzYwMVI1SjA0ZktERUdwUkVsTU92QXFsamhRQ3YwMjBJaDFlbVFBN0RFR0lkX0RIbHZEWmZOX0JjZmtOWl9XcnozZmMwZTRFcU1DaGFtMUNCSllfNzZR0gG-AUFVX3lxTE44RTJPQURpMjR1RlRzRUh1c0JXdnJrUUFRM0pEOWRhdmNnX3V1cC1xSkJ1aVZNNDFERFVwc0F4S3VXZzlaOUJjVUJKdFIxUTFlOVd2dFJONnF1YmpFWlFabEpxcjBYckxWTko2QXJmR2RUOXNTaUlVcDdUQWE2ZXYtZ1ZsWDcyWjdRUy1WZzlNOEpZekQxMTNOaFZJTVh6US1jYmJwRGc1Y00xU0VXYkl1UUJMT2pSZk9XSUxXaHc?oc=5
NTES,2026-05-06,"Hong Kong stocks gains on Wednesday open, Mid-East tension ease",The Standard (HK),https://news.google.com/rss/articles/CBMitwFBVV95cUxQTkU1OHlva2JONVFkLUhGcE8weFlmVlR5U01ENlFYX1dwY1ZUbWZuWmZYenktd1BKNFNtRW5qNmM4VFRoMG56Z1pRNExfcl8zaEhseXFTYzNJVmF2V2hxOEtCRmlCV2JrSkJrUkpLMzlKZXNtdk01OERETG9CQU5WSHRhNEQ3MEMtTzZmTE5RdVNUZmlVR3kzUUF5LVpaYUZUZWQxdFhoVWRSOWp4Mmc4VmR2Qk10OU0?oc=5
NTES,2026-05-12,Can You Buy Valve in 2026? Details & Alternatives,fool.com,https://news.google.com/rss/articles/CBMiiAFBVV95cUxPcWcxRHJzT0s4NGdPVnhoeGV1V3BGSklBMDFMRmJVbXp0OEV5SUpkdlNzMnYtT2p5dkpjMWxtZTZ4anE2b2dvOHlVUm5JbG5TLS1lQ01WcXJrMzdWOG9uaTdPVDhnSzBrZkhySDFWdjYxZFFtRklZNDRSNnFZODVRWWJ4SnBGdmdp?oc=5
NTES,2026-05-13,"Tencent Music investors see ByteDance’s Soda as a major threat. What is it, and why are they so worried?",Music Business Worldwide,https://news.google.com/rss/articles/CBMi1wFBVV95cUxNT0h1V2h4ekdpaFI1dTRIdjZmcGdPTlpZRk5PaEJQN0ZFOUZ2ekNqVkRIWTJVNThrZGpRS2hOSFlWMy1rd2tMclJWRE9UcUh6MnQ0YTZMMDRwb0hnSFpJeWsyV3FCQ2hUT3ZsSVFDUThMVndsRGpWMzU4U2ZockEtaFBvRTBYcm0wcnpYZVlYNlZjNW9CU2NHODd4Nzd5enhlT01kUjBmZW9oelNJMmxDaW4wU1prUThpTlVlT214LXdyODd1VXE4VVVtemVrOHVqa01aalRYUQ?oc=5
NTES,2026-05-14,Cardinal Health Was Supposed to Beat UnitedHealth. Did It? Will It?,24/7 Wall St.,https://news.google.com/rss/articles/CBMirAFBVV95cUxOYTJhbE1ncEJiZTBoOGs5NGdKcHdMODZMNFY0R1hGaVU4Qk0xM0NwcUd6X3ppZWFrM0dFb0FiSlpUZFJiLVVONHpOZml6SEE5QkRhZTc4RjYzTmRXTDhsUHppcnJZUmFPZmN5bEU1bkNpVFJRNE5DemxWNHNpaHlSLURpZl9RdDZtUHRxNGxybHJ6LThsd3o0UXA5b0NSVHlRS21HaFhuWUo1QVZ3?oc=5
NTES,2026-05-18,Prediction: Alibaba Stock May Be Entering a New Era,24/7 Wall St.,https://news.google.com/rss/articles/CBMimgFBVV95cUxQdHNYWWhzNnQ5bW5mYnNEMmRCaklQa1hueWw3S3JfNDI3OXdEak1aaHlXS0FjejlTMGs5c3IteFFQTUNnUnNTYmJuay1PX1hadlFtcWZCSjllejA4dnNtRHRndXk2aU1iTFF3YzhkYTlCWjRHZUpGOHJvUzRNUVQweERkc1RZUEF4RFBBWXgwNzRHVllFZnlTN1B3?oc=5
NTES,2026-05-20,Duan Yongping's latest U.S. equity holdings revealed! He invested $1.2 billion to heavily position in Tesla and significantly increased stakes in NVIDIA and PDD Holdings.,富途牛牛,https://news.google.com/rss/articles/CBMipgFBVV95cUxPUHVxaFpBZ3Q0M2J5UmNUYnk5dFh3MmQ2aW42X0lNUk5GVnA1eFpzdEVCdzQtREthNWFGMWoxNkpPRWd6SHBZcVdmbzhrNmVOWTNyX0lMclJndTdWMnFteU9FdWVMTXY3MFZXUGtkMVZtUnNBYzlSUllUVDBLSzZSSHVVV1VVRHBfb3cyY2RWS3VxZV90UnFIaDlzOGlEUHBZR255N0Zn?oc=5
NTES,2026-05-20,"Kathy Xu, China’s ‘VC queen’, is backing ByteDance",Startupbusiness.it,https://news.google.com/rss/articles/CBMikAFBVV95cUxQaGNQT1hGRDFjSFFXcjliSnJ1VjR5R3kxUDBDdE9CRFNReVYxUzlpQ3NCc2dZTlpEZXpTYWprSTJ0Z0t5SE8tY3Z2ZW9wdEhxbFRUUUZieURMTFVRZFRXOVRjbnpGRnBNTFBUVm5xeFZMMWZVVHIyZTFWZW1BNWloSFFCSFo2dHdqdDZJdmd2TEM?oc=5
NTES,2026-05-21,NetEase shares slide ~5% after Q1 results as investors focus on near-term revenue mix and costs | NTES Stock News,Quiver Quantitative,https://news.google.com/rss/articles/CBMiygFBVV95cUxQRFM4Z05YYnVhVzNTZDg3OHQ0Vmk2TlVROTNXRlY2YzlmR1RfaThtUFIwZGtWd19la3lxWEVwcUdDWTFCTkg2VEpGM0RlOUZLdW9wd3o3WGxrSzluYlkxcWJ6c2Y2cVYwVkdmN1ZHS3RQTGFOUHRSY1pDRlJLdTB0ZGtpcEVxekVLWE9TSTZHMmZBR1NpTHFEOTdWckx6ZUluSzNqNDRKVG1FMExSeHg2anhVd1pIZGFhdXJpMjdYOC1fN2dfdGliZDN3?oc=5
NTES,2026-05-21,"Earnings call transcript: NetEase Q1 2026 beats earnings forecast, stock declines",Investing.com,https://news.google.com/rss/articles/CBMi2wFBVV95cUxObEJJX2E5YzJmRnZvSEllbnd2SGZyTkNNMVhOd2hMWVkzalVLVWlqWDZ1am9qd2dQT09na3l3d0xGWGpJZjJjZWJlX0FIQzhoMGRWQXo4X1hldG1FZEpQWjVlUWFXMUJoWHQtbTdXYUpGT3RJLWVaSE91ZG9YN20yQUhmWnBhRF8zdjV3LVpxb3lnVGNTMkU2cUZnX0oxUExaNHVhZzU3WUpSVXB5MWN1cVlTVjZGOFdrRXRJY3FWTHMyQThLdXRTenk0dTZWWnpLVHBRM2NfX1VMNGM?oc=5
NTES,2026-05-21,NETEASE ($NTES) Releases Q1 2026 Earnings,Quiver Quantitative,https://news.google.com/rss/articles/CBMihwFBVV95cUxOLTZ6X0pSM0EwQnRpN3Q2MlFvVEk3ZmdQWGYtaEhBaXVHRkdEeGdQa29nZjhRd0NnRzdiZEZLTjdRM2YtaHdtbFZVTmdZZ1FzbDV4TlJFdmtfWTJOYUtFRkFrTVZtVkNfNkctLUxKc2daOUNWNE5FbFRHeHhlSHQ0Z3hsSlJpcmM?oc=5
NTES,2026-05-21,NetEase Stock Declines On Flat Earnings,Investor's Business Daily,https://news.google.com/rss/articles/CBMihAFBVV95cUxOeng5aXJiZUNqUURrYTBlV2hCQ1JMdndfV05tc0dna3NUOVk0Snh5NEFiV0pnRmdYNXpsbEYxOWh0WDBlNTVqcXg0MGw0ZjVvZmg3Y3R3NHVYR3VlYTBVTkwzMFNoWVllcm40b2l0aWdiZUI2Yi1QNlVCOE80Rmg3VkIwSGI?oc=5
NTES,2026-05-21,NetEase shares slip despite first-quarter earnings and revenue beat (NTES),Yahoo Finance,https://news.google.com/rss/articles/CBMinwFBVV95cUxNbFdtcG5jakFzeXlNb2VEdS1WMDN1bFFaSFNPYkg1NjNBeG9kVzU3N2cydWlKUGxNOHZvdzdNdkNfUGRmd1JJdmJQcHdvSVM3WDVlN045SzZMTlJubEk0dnFleDg1d1pOVExJc2VWcFVGenpkY0tTekJrZ0tEczZBTVpiYlZ6eWNycUNlaC1waGJJVnJXaVJjRzMyWmpCM2M?oc=5
NTES,2026-05-25,Hang Seng Index review to boost market capitalisation by 4.5%: analysts,South China Morning Post,https://news.google.com/rss/articles/CBMizgFBVV95cUxOVzZseTJvSkhUNEdEYVpEYUdJOHBYS24wczFjYjlMdzQ1OVhEeWcxVWNldzhGZEpEdUxlbmdzZFA1TU85eU8td18zZ3pNUzd6M09WUVhZRnBZSlBNQ2IwTXRKZVd4SFpqRF9lSE5rNk1IcnJINk5kbGw1RndRN3k1VUd2ZUp5dllab1N4R1JvYXNpbGgzTG5icTVNSGh4REpsR2NGMmVxMmU0YkxoTGhOVkFmSTc4ZkVFTUZxNEhpMGZiWWRwcXFLbC15czFTd9IBzgFBVV95cUxQX0VadExCOE5CY2F3LUNpQm1lbDBER3ViQWR4ZWxpdVVoZmxkYXQ3aF95OXhvM2JJX0c0dmVhMXp5bVZFZDRja2RHVV9rREJsenpYMXIzTDNjYmNIQkc4VDJnZ2phald2c0hzcXRNdFdReVlvcDQ0bE5LSTFPS0JtNndxWTFfRG1JR3Z4VElSa3ZqdzNSVmJfMHBwRE5hQ3lub2FSUVJscG1DTUgwV2xGWmtOVks0RlRuRWZmTDNnUUxsQnJGT1hGMjJEcnRrUQ?oc=5
NTES,2026-05-27,"NetEase: Fairly Valued, But China Re-Rating Could Unlock Upside (Rating Downgrade)",Seeking Alpha,https://news.google.com/rss/articles/CBMiuwFBVV95cUxOUlhqMkIzN2JoMlJwOUN1QXFlWHoweGo2UEJVOGNQRllnVU9aeFZ3RUFmZGJnajluc256Wkt3Ynhfa0g3MFhVMkpkdDI3cmpKakpUTWg3dUdjekloMEkyWEl3MFNlZE9hQnlqTDNCTklsWjBvZ1pQb0hsMUtjUFprcTZSZGZSSlM1RV9pQ1VkTi1qUWhGUkdRREVWQW0wWndWWHVaakhRSXAtS3NFLVJYR3Fjd0N2VlN3NjlN?oc=5
NTES,2026-05-30,NetEase Q1 2026 Earnings: Gaming Revenue Surges 6.9% to Over $3.7B | Outlook Respawn,Outlook Respawn,https://news.google.com/rss/articles/CBMiswFBVV95cUxQUEZGMnQ0dUtMeFNBVVJJRnpCNUtLZ2MwZW0xOWN1MFAwNy1wV3Vxb2REYUlRXzg0bEJFWXNhSUlyMEp2dFJsWTU0UHlBWVZ0dEVZZ1BKQXhwZWs5WkMydS1uVlBnRzBrejN4cTlkVzA5dTBhaUx4WlR1eFlCU1ZtazA1eVNvU1lkalpGelM1NjFKejBhNzI4NHp6UGlhQ1Nud1FaaHpNUlhHTjFKTmMyUjkxNNIBwAFBVV95cUxOUXR1a0tvUEJNd0RvQ2VGWW9FLUM3SnRjemJ0bVc4eGhRRlNQZ2pMUHlhSENjYTY0bm8ydE9lNWp5eE5YaHRoQ3l2akloRVY0RTBrU0JIUUJPVmM3TGNuVlR2UDJVajJLSUtNYmRHdFVtSFpxOVF3UGJSbDduc24tRzdGc2FWZzV5RG9aSjZiakZEZ2l5eDhteTFITlkxU0RnTmVVblpKT0diTVcxVHFJZ2tuUnd1MWhNa3VtY2NKWUw?oc=5
NTES,2026-06-05,"Morgan Stanley Lifts PT on NetEase, Inc. (NTES)",Yahoo Finance,https://news.google.com/rss/articles/CBMinAFBVV95cUxNc0FNSUNaRENPQWVrclBqYjZtRWdWQ1poanFlMThUZ0hoUkxFdi0taUkzeFBualUxVUR2TEZWWFR4ODB2eHhwZGVKcmFSblNyMHd0REgycEdiMEk0emFBM2dYRXBXNEdTc2dVcENnX1JnTklLblNNM25TaDNPTTlXRlFBeXlLbUhnb19HcnVNaUFUd0hwaDF2b3ljZUE?oc=5
NTES,2026-06-08,NetEase Inc-ADR (NASDAQ:NTES) Passes the Peter Lynch GARP Screen with a PEG of 0.65,ChartMill,https://news.google.com/rss/articles/CBMiywFBVV95cUxNY2txNlNvU3BheUFDSEM5YkJ0RTgzWmRZeHF2czU2OW9GaXI0Wk1jZk5fMDJVSjFLb3hudGZQYzdKVjBoc05xei01VDlZQ3lXeC1nVERHOTAwcURYb3RjNnJhZ1c5QlBQbUVkaXFQWWlCM3ZjQkpuempoUVh2VEdxS2lHUDVFSWNFcXBBdFBDVndIandfaXdVTU0zV0pjaGl1d0cxUDN3ODA4Y3FBMU5HaUtxTHNqU0t0bXpHb0FuRkppaHcwNTl4X3B4bw?oc=5
NTES,2026-06-08,Daiwa: Visibility into AI monetization for Chinese tech stocks has improved; prefers Tencent (0700.HK) and NetEase (9999.HK),富途牛牛,https://news.google.com/rss/articles/CBMiqgFBVV95cUxQZ2Ftd1BSZ2U4TGJyTENRb2RiT2pXTmh5UWplSnRHWjg3YXVHa1IxaktSbm1JOW4wV3Z4MHJGdkpOTWRYVGdzclJ1Sm1wcnBzTFF1eTlzSmY4RkR4UkJRQUNpOHUxWmNfRXFvS2J1X0U3SFNEcmlTSHgzTDR1bEtENkFEWFZpVmwwcnVVa3FsR0pZTUZfRHlUSjJoRzNtdVNQSnU5dEVLaUpUdw?oc=5
NTES,2026-06-09,NTES vs. TYL: Which Stock Should Value Investors Buy Now?,Yahoo Finance,https://news.google.com/rss/articles/CBMikgFBVV95cUxPLVRXZlAwZnh1MHVpQ3RpZ2hBRzVkUTE5QjJPc0lETXdGT1Q5bHNDMTA4OXloXzJxdEFiOWw5ZTRLVVVObE11cTZDWXdFNnRvNWI4TENiY09GaUlNcFNGUVU1VGxXS21JY3pydE0wSTVnUHpRaXFHbzNyeldLRWZjaHpDM0EySW00UXFtbVZxNDlodw?oc=5
NTES,2026-06-09,NetEase (NTES) Upgraded to Strong Buy: Here's What You Should Know,Yahoo Finance,https://news.google.com/rss/articles/CBMingFBVV95cUxOdV9ZVmp2U1huSDltcS16aVZfdGxJTFNSNEFrZFVPWFgzRVR4U1dyd1RRaXdGaHZ4UjFwcXhzeDNUZmZhR3k3V2VhRlBwS3phdF9LN3U4bnVpS2t6ZEJTX1BwMDRQS281VDZyVi11RXZza0pkM212aWJGakhkbFRES3BBMlJZSGFIWm1HcVNVOXJna1VGcGR3ZUN0SzUwQQ?oc=5
NTES,2026-06-10,"Marvel Rivals is giving away 2,500 free Units during summer event",FRVR,https://news.google.com/rss/articles/CBMiekFVX3lxTE0teXNlOENLellGOHN6Qk1OU0tiZUtMOU83dE1FRGRHVXBvRjNsMUF5YXRpbkFhazdyWWhwXzE2NE10LUctdFJoWkZZMkpuVy03WUlUME4xTW9XLU9xUFpYeEJ0a243dkVwSmgwU0dtQXFMcXFEcFZFaXRn?oc=5
NTES,2026-06-12,Earnings Estimates Rising for NetEase (NTES): Will It Gain?,Yahoo Finance,https://news.google.com/rss/articles/CBMipgFBVV95cUxQNFpLTXZHNkkxLU5fUFJhTlJWcmlrYWNudzVENHUza3JsUVpreTBKNEljVFNyZXM2MjF1LTRnUkZNXzBDT3dqVW9xYTNlN3lCdllZZmF3WDhkRGx0TkZmeXN6aloxeDdJVE5RMHZOSEVaUkVDbDdyWEgxSXBfU2YxaFJPb2JmWXo1RGU1S1RXeWNHeGh2a1lySzd4eHpkdExtUnp0Z0l3?oc=5
NTES,2026-06-12,The Death Cross Is Lying: Why Wall Street Is Still Loading Up on Hershey and Vertex,24/7 Wall St.,https://news.google.com/rss/articles/CBMixAFBVV95cUxQeUVIWEVWTFVLNWlzMWNvNjgzWUI4dEl6QUxLX203eER6UlF2SXBUSGR0WGRBUTh4ZjZEaW4wVFZyMElqZXVWbGlmd2hPWkc0WjNVMFVhcTdtbU1BU2VUMmdDOWQxeXkyMV9feWlhV2NKV0x5eEtzU0NSeUZmNFhqaWIxUkoxdVQ0YXN3VWtZRXZEWDk3eXI4ZjZueEtHc190NUlXTk13LVFNZ1gzUDdPMzAzOEprWWZ1WDdTNWEwTTBWS3Fu?oc=5
NTES,2026-06-15,Looking for a Growth Stock? 3 Reasons Why NetEase (NTES) is a Solid Choice,Yahoo Finance,https://news.google.com/rss/articles/CBMimwFBVV95cUxObkxyZlBaTktWWlpzbnR5R1hscTN4dkhRTXNaelREVWxUOFVlTHh5akRGU1YzS2swTnRwZ1pJZHphbVFRYzZHa1VUVXVRSTBtZEVzWFk4NlNjM2NidjV5SDl5MXhjRmxFdlpmeGN1Qk0ydFBRVm51MGVOT1lqSlNKX3VQcjlPV1lPQUFHaHNSOVpkekhhTWI3YlJvZw?oc=5
NTES,2026-06-16,"Best Chinese Stocks to Buy in 2026, According to Goldman Sachs",TipRanks,https://news.google.com/rss/articles/CBMilgFBVV95cUxQUUcxTVpVU19mdVhsTlRJa0tNdkhPa1R6X3Z4V0IzdzhQMFZwTmlYU3E1MGVHSmFGalhmWl9zdDhuczRWM3BDQXdfdml4NGtvZEdJTDBXMll3QXRwakRaRkUxWDBpTFlSaHdsOEIwMW9Oa2pVZVNyN1ZScXIxdjVMMmF2c2V0bEpkY3p5SWs2TXY3SnVkVkE?oc=5
NTES,2026-06-18,Benchmark Reiterates Its Call on NetEase Inc (NTES) Stock. Here’s Why,Yahoo Finance,https://news.google.com/rss/articles/CBMipAFBVV95cUxQSFhVdDFWVVhSUHJnNGJzOWxTaksyUTZjLWh6dGVNa1RMbWw2NHNxd3BubkRXZEF6YS1xM2dLWnFYYXdvM1VQOWxVYkRRYWdnRzdubGlhUDg0UGtBcjZDUm43SGtSejd0aGxDalprQ2lRVGJwVDJ5ZXZCMUVjQ0R6UjdXcmlXekpmejFyY3RjczROZDdMaXZFLWNLVC1MM3h6SWZJMQ?oc=5
NTES,2026-06-23,NetEase: Multiples Will Rise As International Business Expands (NASDAQ:NTES),Seeking Alpha,https://news.google.com/rss/articles/CBMipAFBVV95cUxQT3o0eENuaXBzTG1uekhZUEphV2ZHdlprbVNVRjBxbkZtTmJJc3N1dVNyX2ZBRDZWWmtKSWdkaUNobFpKYldyeFRZdEx5VFBZWHkxSzQ5Q3JmYlR4M0h0RnZfQm9mcmU2SVIwcDF2RWJlUmV1TXpOR1RRaDlxT1hCYjJEWUQybFNIUmFreHptYkVQU0hra3Qzc292a1FTUGhnaENQOA?oc=5
NTES,2026-06-25,NTES vs. TYL: Which Stock Is the Better Value Option?,Yahoo Finance,https://news.google.com/rss/articles/CBMikwFBVV95cUxNWXh5ODg4clo0UER1V2E2VWFGYVZIWHBQdHVERHQ5RG9sQmhrblE4ZFdVczc1dnBadUpGb1dmYTVfNklJbG02cF9tdmlZSWZhS0pwemlrblNlZHF4aWtxZXJaYmlhajVpNXVQUVZiRmVVSjhieGMtczloaURCWTYwajlXdjhXR0xDYjhHbHB5MF9DSmc?oc=5
NTES,2026-06-26,NTES Rises As NetEase Moves Deeper Into AI And Gaming,timothysykes.com,https://news.google.com/rss/articles/CBMib0FVX3lxTE5nbzJRRnQ3U3Y3ZjVtOHhFNXhqakFmcE5zb0kwMExTMzZtN2w0UDVLM1N6V3NWMmZJVWJIc2RfdkpLclNQSllWVDZack9EdUQzZGNWZXBKNmszbUNmSFdtbG5EWmxQdVRhQWwzb2hnWQ?oc=5
NTES,2026-06-26,"U.S. Markets Close | Concerns over AI valuations intensify, dragging down the Nasdaq as chip stocks decline; semiconductor index plunges 5%. Popular Chinese ADRs rise against the trend, with NetEase up over 7%. Gold and silver advance, while crude oil",富途牛牛,https://news.google.com/rss/articles/CBMirgFBVV95cUxPU29KS2lqSE5nZEE5dTF5LXBwMnREWVh5b2J6ZGxXY2V1OXdMVUdYUlJiUVc2UVU1LW9rQWJiRkVMWl9HZnZKdWVXSndMOHVpVHVrODJRNXRrY2xyQ1NnU3puZUYyTHJURklZLWJLckxfWHJwdXlmSUVSZWFRWDBGcDIwRExrRHMtaUNaRnVUOWlTZ3pJXy1YcTE5Sk1GZ0ZGcG9PdXppM0JZYkdkSUE?oc=5
NTES,2026-06-26,"NetEase stock rises on Hong Kong listing, game launch ahead",Investing.com,https://news.google.com/rss/articles/CBMivAFBVV95cUxNUUVYeEMzMTRLTDlFUldNTDNoUUt4YU5WU0dOUTlHOWpUN0NRNHpMaFdqdmFWcW1DaUxkcGh5djdONGYzTmpNVXZfaTBCMHNFYXlUblExdENWakN3VzNTTWIxSDdzUmhHYTVNX0djVm9BZHNSOFZaenlaeUd6TGJCem9Da0Nzd21jN3NRN25QeVZFVlJFV003YzJsQm9mRkxPenozMGE2OFJFb2RXTUp4MGZJTHdVSE01V3k2NA?oc=5
NTES,2026-06-27,Citi says these beaten-down China internet stocks are worth buying on the dip,Investing.com,https://news.google.com/rss/articles/CBMizgFBVV95cUxNbWdseUZOR2I0LXJWVGV5cm8xdjVCRHp0M2NDdktzRHNXSGFja3VyVFpHV2lYeXI1UTZqaVFMLTMtUGFmYjFsVmN0YTVsSHhLQkptU190OEZ3R3pfeTJCX3F1RUlaS2pKeVIzNmtvNzBHRjBqTzlUUFp0Mng2Yl9tOV9CbTFYRVdGV0Y4V21xTk0xYy1Ud3RIeUV6ZDJvaHN5QUlwa0xHX2xBVjM2RUhnZlZaLTVnQmxWa0V6N3I5d2QzVHgwZGJnUDA1emh5Zw?oc=5
NTES,2026-06-28,Goldman Sachs reiterates NetEase stock Buy rating on game pipeline,Investing.com,https://news.google.com/rss/articles/CBMixAFBVV95cUxOYUJHTTVIOW8wM3lVQ1F6dDExNTRyci1JNFIzeWhmMmJGTk84d283VGJNQTRLRmZjc1hCWGJWOWNEcS14aEt2OWFqTDNMY2ZmSE5TdVNoTlQyaVNmYWdGcmlVSzJhS2xXTXJxYnNKajI2UGlhaVJ5RHNyMkM0UnlOMFFpV0VpQW94MzAta2oxZEt3ZHFkU0RiSG9xYU9NQU9PNHlPVnNLUlhBWm5nNjRPcDRNMDN4QnBTa0I2X0tpdE5QbEpI?oc=5
NTES,2026-06-29,BofA Survey: Chinese Internet Stocks Plagued by 'Helplessness' as ByteDance Threat and AI Chaos Deepen Dilemma,finance.biggo.com,https://news.google.com/rss/articles/CBMidkFVX3lxTE1jNFVKWG5VdS1mX2YwTDg3TmtkV1ViSGtoeU9JcVVnZ3NGbWlndUNZajMyLWN2bUdvRTBvQmpVdlBrUXQ0ODJ0WVVxZXZzckpUWkVnc1d6U2pQWHhQTDFsbzBuZFhYLTVJTjJJMU5lQlJHZjlpWkE?oc=5
NTES,2026-06-29,Higher tech stocks lift HSI at the opening,The Standard (HK),https://news.google.com/rss/articles/CBMinAFBVV95cUxPRGtfOEd6em4xS1VsWlp1U0VYVG9kanhOTHRqbUN1cEJDa1VLZ00tRkp2LTVpVE8tekZwQ3dpb09DX2pTTUNXRFJrYUNBRUJPN1Uyb2pLUEdWUWNaY3R0TXdVREs0OFRMRnI4eXB2RmNsaUFSNHo1RkdCVUw1MUFtOG43a2pjdTRFdnpyZEN2SlQ2YjdKZFVVclN0TFY?oc=5
NTES,2026-06-29,"Hong Kong stocks close higher, led by tech and healthcare shares",The Standard (HK),https://news.google.com/rss/articles/CBMiuAFBVV95cUxObUowNHBVbnYxSkRpTUNIYlJZQWkxRFBYcDRNVF9CMk1PbWNOT3NvdTBwU210TF8xUWdsZXQzbklGeWxaTkJjYzVGSkZHTU52SjVlVjdCcWcxMnRSckRmUGs1ampIcS1uaGtLNFFyR2h6bThyN0RPdkNYdi0zXzc2aFZuNXp2ckhmMXpfZTJWVmNNLUF6ai1LU0wyNjVJMVp5OVVSZ21ma0tsWEpTa0N1c0VZaHFMbnB2?oc=5
NTES,2026-06-30,CICC: Maintains Outperform rating on NetEase (09999.HK) with a target price of HK$265,Moomoo,https://news.google.com/rss/articles/CBMiowFBVV95cUxNZElTZWRRM3IwdmlOU0dodTdhYmNYeEZuM0VOUk51TU5WRFBRNjB5djU1cnZpQTdITU45VW1hSDVyV3NabWFxMGZVdHozd2h2VUUtNVJYaS10VTNRWEl6RkZIVDZRUmNGTThiOEFGWGxZYS1EN1FwdU1uQWZ4ZXFGN0tNbm9idHk2Q3BMZy01a29iWHJ2Q3JOaTBIS2lqZXZZZ3VJ?oc=5
NTES,2026-06-30,Griffin Gaming Partners acquired a stake in tinyBuild,Game World Observer,https://news.google.com/rss/articles/CBMimgFBVV95cUxOZzIxajEwRDhOQjRfQ3lPOTh4bUNtMm52dUw2NktfYWVTbF85LWdFeEpJeVU0OTE4Wk9lS1JmdnJFVzBKTnRnVmFVMFEta1lFSW8xX1U4NjdDYkVpcWV0Y2JWdHBkVl9DaDJlSkt4bUttUkRGUXprT1BmSDdoYkxoNXR4cGZQY2c0MlFFYVViOS1XMklUQzg2d0dn?oc=5
NTES,2026-06-30,Equinix Inc. stock underperforms Tuesday when compared to competitors,MarketWatch,https://news.google.com/rss/articles/CBMixwFBVV95cUxQUFJYUDlXNV9jVkM0OXJZRkw5WWpsSUFkaERKY2FCS2NHZUpfMHJRdmRzbzU4dGQ0bkpiZ2lYczJVcXcxdmF0MmVuczVrU0QybUw0cThRWXVqb2JlcUxZY2hLb1ZjbXEzMlpmRk9HaXk5Y1pXVWVBSGNreFRvd2ktU0c3Rm5URmxMUk9ScjJNTGMxYy1nR1hobmdiMm9aTEpqLURCX21lODdKSi1IYVpxYVZPVFVVZUNXc3F5YU1oNFdxMWpRWnBJ?oc=5
NTES,2026-06-30,"Insider Sale: General Counsel of $NTES Sells 10,000 Shares",Quiver Quantitative,https://news.google.com/rss/articles/CBMingFBVV95cUxOdmozV25pYVo5M2hVNWlsLTd0OHFham9mXzR0WHhjcWVfSUptSnhqeWIzWFZGWWhFU1NkMmRhMUhvdGhIYkw1dFdhaWcwTXFZZGlhbGhoMXlPYkZYNEhhdnJBNzgwYjFJZkJxLUVwc09MZkZna0dDX2NWSjFuQ0c2c2tWQjhVS29SZEhzblJZaHFnLWFZZUw0d2pma3I1QQ?oc=5
NTES,2026-07-02,"US Stock Market Close | June Nonfarm Payrolls Unexpectedly Miss Expectations! Dow Jones Rises Nearly 600 Points to a Record High, Nasdaq Falls 0.8% as Storage Chips Continue to Plunge",Bitget,https://news.google.com/rss/articles/CBMihgFBVV95cUxQT29zMkxISWVSRVp1WmNlNUU0YjhKOGNseFhtamdKemFVbm1RcklQZlhydThoLUJTay1VaWFESjRUMU9FZ3RwSHVIQnhfNDFCdkxzcFBIRkYySFB1QWpqZkFzdlVnQzVWMWpBZFVUZFVlaTFHNmMxeHdISWdGT3cxUVJUcGp0Z9IBY0FVX3lxTE9kOS11TGdEckhCWG94Y3dkWXFsVnhMQzQ5cnB1YTV1bnRJRGl6M2JmYmFYbXk1Qi1ITEhNUTJ4NjB4UUw1a0pGSzhTR1VpR184TjlSMWotaWxWWkVFYzVpNmprRQ?oc=5
NTES,2026-07-02,"Hong Kong Market Midday Review | All three major indices rose, with the Hang Seng Tech Index up 2.02%. Xiaomi and NetEase gained more than 3%. Robotics, PCB, and innovative drug-related stocks performed strongly, with Estun surging over 21%, Kings",富途牛牛,https://news.google.com/rss/articles/CBMiogFBVV95cUxNZ1lSanp2dC1qZGRmMHVwMWtwZkFxWGl2VTlZeUIwMHB1QnR6MnF5dEtRXzBTNjlDelFnalVQWnlXNm5MWnZBWnh2bXVGM3J6aVZ0V1hnQWZWVXg2bk9SSVNrRjRkTGkzaUl5ckc0cFZfU0I4aURGaTlPV1dtcTdaNHJIZjhTNXdtdkd6bVctUkxqSkh3b3lPclRHTEY3aGxLZ2c?oc=5
NTES,2026-07-03,JPMorgan names 2 Strong Buy picks for the rest of 2026,thestreet.com,https://news.google.com/rss/articles/CBMilAFBVV95cUxPRE1XaGtuQ3pzdHNqVGlCY0lBRi15U05kT0o3VnJUUk8zdE9HMHBub3RvVHRycGtkQnFvckt1UktncmtuSWx2QWh3YnNHTFBOTDFDMDJ2T254SGstSFJZY2N0bWNVVWhqSjlUZVRxTDlZREhheC0zUGpVenlHOXlMd3hmNV91TXpOeURDMmx2ZkFuUFlH?oc=5
NTES,2026-07-05,Goldman Sachs says these undervalued stocks are 'well positioned' to outperform,CNBC,https://news.google.com/rss/articles/CBMipAFBVV95cUxOelBsaWM4VHRSRk0wNVc1ZjRKcDY1cW5JaTlOZkNMV2docmE3bTloM0U0OFYyUVhZcmpTc25TMXBmYTRnZW16ZjF1UllqR3o3ekJNVVlvVkJsRFpzS2RVLWJua3RBUFdETHRiVExiTnBRdkdPMDBieXNLWXg4SktLQU51ODU1RXpsdWJUMHhyTk5BbDkwMEhhcXd0WndMYXJGZjRTdA?oc=5
NTES,2026-07-05,Goldman Sachs Names Top Undervalued Stocks to Buy Today,Benzinga,https://news.google.com/rss/articles/CBMisgFBVV95cUxQMUNoaEdaNGV4TFctM3FiUjhRd1RObzVkVllRbjU3YVNuNUt4ZXNaTVBBTGdNVmF2NTJ4cnlTNXZGakxxcDhIbU9TbGtBcXBmU2ZhZlNsYUNpVVNLWGNZOWpKc0hlYk51WU9rdkFkaU94OEhCNkh1WjBjX2hUSURLYm92ZlVhaTZVVVdjRGxjUDUxazBjaWNhZXl3SElLUmdIUVgzWXh2NWktSnMtSmgtd1hR?oc=5
NTES,2026-07-07,"NTES Q1 2026 Earnings: EPS Surges Past Estimates, Stock Gains - Fiscal Year Earnings",dars.gov.et,https://news.google.com/rss/articles/CBMipAFBVV95cUxQcmxUakhCM3hUdHBWcHBHTXVQa0JDck9yUkVmWjBFT2tZNmZHWjFTY0Q3V3IxVmhHRFk2UG1La3ZFcHhaSE1ockVodUZBMUZiZU1RdG1wOGczRHpRX3Q1RW0yZVB3OG9oUHRZSkdfeWVxZVM0Ni02U25YUVNTV2xsMEhxeHZZcUdwNk1iRUFkTVVmdkVMTzUyR200dmljXzNydEs3aA?oc=5
NTES,2026-07-08,"Hang Seng Index once surged 800 points, closing at 24,199, Alibaba rose 12 percent",The Standard (HK),https://news.google.com/rss/articles/CBMizgFBVV95cUxOaGMzTHZzNVpabkRwYzBweXpqUXlMcmVvM2d6c25zNlJHbmE2RlFOXzllYVJpYnJEcnQ3QlhBcExiSWtCVGwwRzJ3WW1FMm9KdDQ2UmJ0NzRWVXJET0I4R2sxZmViNS1ibHNFUzVDTHRpWV9LUXo1VEE5T3pLTTgtU1Z1b1J1bVFWclJuQW9EbHhteHdxNjBJM1hSbzB1QXlJVlgycWRwUXJEMFNsaUhmdFJidWV1cXBfNGhtWXMwaDN4clNOZk9HaGZOSGZxUQ?oc=5
NTES,2026-07-10,"HSI closes up 144 points, CK Hutchison leads the gain, MiniMax and Zhipu AI drag",The Standard (HK),https://news.google.com/rss/articles/CBMiywFBVV95cUxPSWpRejVNOWpPTV9kUzRnYVh1QVM4YUNIYW9MallwQmJEeFNSd1hBdDZzMlRpNTdWdTBkb1JpX0RaMU1Qclo2NmlhMkkzQzB0a3FvRmpoX1h5a0NmckVhTGU4eGdyM1lzekhTVlY4YnUteVhQSEpUS1NJZklCTVVvckxkV2l5OHl5anJBNGUzTTFUaXItcHB4b25Vdy1oYjhyNGl2ZHpCZlFaNVoweHlnYmtUbm1zMnBMamhFUkdLdFA2WTNZY0ZrOUxjaw?oc=5
NTES,2026-07-13,NTES or TYL: Which Is the Better Value Stock Right Now?,Yahoo Finance,https://news.google.com/rss/articles/CBMilwFBVV95cUxOMWN0YUh3SWFZRVZRZ05vcEVickV4Tk1JTzJxbmFBMXlwd3NjeEVCenVVWmpwUEdKWFVzLXlvcjFYVTFFemRjVDRLc1M3WnlVYl80RHk0V1F4WTZUc1BGZHVuWHdrbUN4Tm5LSG9kd0VLQWpmRGE2V3JGSGlFZ1BoVFFSUWZHY2YtMVRWT2FhdU1nNWhwaFEw?oc=5
NTES,2026-07-13,Top China Tech Plays Worth Adding to Your Portfolio in 2H26,TradingView,https://news.google.com/rss/articles/CBMitgFBVV95cUxNNkhFQUhNWDktdnZzZnFpTTlEY3VtcUhlSnJxWUdRU1VTOTltdjVhTmhmcTFGNGl6YUgwVmdQUGVCVGxyNFJieldvZVgxTTNRdzVoN1pRRFA2Q3FUM0t5YUZmRU5CeGhSNWRZRjJuNUhkZWx0bEJJaEVaTWhjOWhKTHctSWpYWmFxNW9GdTBncUpRYXVWTzJ4azJNLWRQcGh5bFhTUDFDS1lFX0VmQUh0cEN1N1ZMZw?oc=5
NTES,2026-07-14,"Daily Brief TMT/Internet: SK Hynix, TSMC (Taiwan Semiconductor Manufacturing), Micron Technology, Softbank Group, Money Forward , NetEase, NTT (Nippon Telegraph & Telephone) and more",Smartkarma,https://news.google.com/rss/articles/CBMiugJBVV95cUxONWFMbU1ZZjdlT29XV1AwVTdLY2lPNzBEX0piRDlZdF9oY1JiSFpkUU9mZnR2MmJ5M2xmOUZBTVZzWHAzM2ZhS1Njcmt5UWg1anlOdnN2bnN6VzFBZmpOWTk5R044Z3piV2xiUlRkM2JtMlg5M3dRd2VhNnRQQUpBNkphUXR6aFZuTF9WY1NZV19lZjh3LXdfdzh3UzhTT2ZHbVdBa21HeXc1UWxUOFlhUUpKd0hiNVN2QVlGYm9OXzZoU0dBMDJndmJGZFJVaHI2bGZFOG83aWpBY09lOVk1S0t0Wk5lSlZWcm5RSVdaTTdIeG5IWFJDNHFpYmY3OC1fbGJaRUd5ZUFrOGNkaEJJQXl2VHozQW9Eczc2Tzg1NUlkajl6TUl3QXh0R3hrX3dlMDRPLXlzdG9oZw?oc=5
NTES,2026-07-14,Southbound capital recorded a net purchase of HK$10.997 billion,富途牛牛,https://news.google.com/rss/articles/CBMisAFBVV95cUxPR2xienBfRXdKS2JQb0EyOUpoMVVXNnlsWHdpOXBCOHBvMUU5QXBxOEZtZ1BUb25EeGw4NTA1cUhhelZLd1Z2dnNuMVptYVI5bzFPaW1pU1VBVVlyUXZsY1psUnMzQjhFMFVoTFBwaEJrWExlanlVZ0NVSmFvRHgyVlhySXlKTDRGM0wzU0hOWE9kTE1fZWNFQVg1OHktdm8xYTlkdFVwT09qdkR0emx0Ug?oc=5
NTES,2026-07-14,"U.S. stock indexes closed higher across the board, driven by easing inflation and strong bank earnings reports, with memory chip stocks surging.",富途牛牛,https://news.google.com/rss/articles/CBMinwFBVV95cUxNLXZnUlhIVk1vYmJKOVJXVnQxVVNUY3ozLUZDZ3UtcVA1VE0yM01fblRYZ3JYc2k1N2RlTFhDSGpWOFNwdmplVG85dlRnd0VrTEFPaTZIV1EzT1RnRm9NRUVsWEpIbmRzeV95R0FpUnhoOFc2aS1wUFRjYW5jRmNTMW8yc2xGMFI5NUpIT05GNkFrTl9sUHhqaDVqUWpHWFk?oc=5
NTES,2026-07-14,"Fund Flows | Southbound capital recorded net purchases of nearly HK$11 billion in Hong Kong-listed stocks, significantly increasing positions in Zhipu AI, NetEase, and Kuaishou",富途牛牛,https://news.google.com/rss/articles/CBMiqgFBVV95cUxOcEFjSTRpQUtZLUVIclJ5R1ZkTmlkZ0d3V0gweHdnSlRKQjhCOXZoX2c2dXltb0YyVk56REZRU2RYdEItQ0NQVDRPWVN4bFh5LTYxMTZpTU1uemVzT0dlSmtfaDd1bzdpMGFxLVMtWGdoZHZhV3duMmxnSzR6ZjI3REFjTTBpWWg4VlBycEZPZ0o2cWFIeTBNZm1yVkdoUjNVLTVaRmZTclVFZw?oc=5
NTES,2026-07-16,"Baidu Initiates Hong Kong Dual Primary Listing Conversion, Eyes September Inclusion in Stock Connect",finance.biggo.com,https://news.google.com/rss/articles/CBMidkFVX3lxTE9TTW43TXhLcUg2S3NSNVNrY19kZWYxdmhUbWJURmtGQnRaOURWU3ZpbTV2X09kR1pHRjVCcXo3N3lGbFNTajVEcHE0MWFQUVp4U1oxX1p0bXBsWmJoSW5ZNFk3WExRbG1xYnlDeGgzRUdhX05OWEE?oc=5
NTES,2026-07-16,Baidu Stock Rises 3.2% as Dual-Primary Listing Opens Path to China Investors,TradingView,https://news.google.com/rss/articles/CBMi0AFBVV95cUxNSmswajRoWVdvZnJmVE5Mb21OMEtPTXdmLVZ1akN0UmJ3SGxEa2ZMV3hIRUh3UW9MdnltRFh2eXFPRzJGV0h2Z05IZldFN2diUHpfek5jWDZNaXhzdE1QRXVlemtjRmpDTjlmcHR6ODJ3aDByamhQSnd3NDVyV3NqUjhkMnJyeS1BSXlXbHRSY0hBbDNaMi1Lek5RZC1RZGc0MVlIM1VYR0JrNWhKRnJxbENKNldOMGJsT3VlcXl4V1ZQNzBWRUdjWW1WZmZtWVZL?oc=5
NTES,2026-07-16,NetEase Masters Live-Service Games in China While Betting on Lean Globalization,Morningstar,https://news.google.com/rss/articles/CBMiywFBVV95cUxQVHoyTDM4MHUzOFBQMmhpUkRxU0NzSW1EYjU2NDJ4WVhXRXl6UVpDQmdJX3huNlJZVm5UdE1DTnZVSllLTEtpY3l4VEJsVmZEVnlETXZZQUE4UDJ2bkJaM0VpS2NIMnpSLXE5dW9iWUdpa1NHQjhZb0xqVVRTcFRDU1llcDBwOFlIRm1kWGJMaTg2c2lXYkhma1JNQjE3aGoxLUZ4YTBsQnVzTmpqSkJUQmZpaUQtVGVTWTkzbUF5VEk5Yno3cHhYcEZOMA?oc=5
NTES,2026-07-17,"NetEase (SEHK:9999) Margins Improve As Valuation Debate Builds, Is The Stock Still Cheap?",Yahoo Finance,https://news.google.com/rss/articles/CBMinwFBVV95cUxNRDFiRFV1VklLN1FEYXViVkU4U2RTM1FIY05DbGxvcExsMU5JQWtWRENGaTZqRW9Gd3REX2RlbjMxNmdoRHJOaF9SVDZCajNlSWwxSFhTRGZnYTA2QjcwWVRVYUdiQ0lpMnZzYVpaSzJvYVpjVjJvR1kwNTVyVkV6bTBORnU2aUc5MDFVYldHLXZLc1FwVGo5MUxiQnpnSHc?oc=5
NTES,2026-07-17,Michael Burry says it's a 'good time' to hunt for Hong Kong stock bargains (JD:NASDAQ),Seeking Alpha,https://news.google.com/rss/articles/CBMirgFBVV95cUxPWVBPdDRheDVtRFY5MW4wSW9jQUJDem4wUjJYVml0NFYyR0Ywd2VITF9uS01oNXlYTHJLMk1PRzhBS3k5YWtIN00wcFdvNlJQaEFIZXVFcm9RVTR2R1haQk9oMWFhQi1aeElvQkNTRnAxNi1WUTBmcEN0d2lfWm1ZODVLZFotWmhRX3U5VW9OREFqZ0FkN1FEelRlZW8wdnNNQ3FHSTZDc3RTZF9OOXc?oc=5
NTES,2026-07-17,Is NetEase (SEHK:9999) Undervalued Despite Richer Earnings Pricing?,Yahoo Finance,https://news.google.com/rss/articles/CBMipAFBVV95cUxQQldLUTVKMjBnRUM1bllOTHpGRVFlenVyR2EtM0pNbmVpQWFjYTRydFYzOFVjZDRpajVieVF5cWJuS2lMdlRwZDlFTlVwRVVTNkM3bVlxeGVhTkJKR3lRSEswVWVOTXJSRFM0b0JQNExUb1VGNTZLQWNWZjNHUkdmLTBRalhHcEI5dXAwb244ZjhXY2N2bXU5RmdBMzJSUmxTZy1CRA?oc=5
NTES,2026-07-17,NetEase Cloud Music renews licensing deal with Warner Music,thebambooworks.com,https://news.google.com/rss/articles/CBMikAFBVV95cUxOSUFNZEZQUWJDWm5idkFRVEo3REVTS1RIUU9aaXJ1X2d3djd4Vnp0ZzFZU21sMDMxUHU3MDBEVThBclY4YzN4c0F4dXVPMmR4bDZmbnRXZmoyUUprUDZHSWI1aXlXLTBPanpNSWVSU2F2TExqbTJxdUVXUVdOYVFXVmxhVVBiVnBmOU0yTVNFNno?oc=5
NTES,2026-07-20,Will GM or 3M Crush Earnings? Wall Street Favors This One,24/7 Wall St.,https://news.google.com/rss/articles/CBMiogFBVV95cUxQZThqUkZMQ1RWREpLVS1MajlWdzY3b3ZKeXRsWGU5ZmFxTG5rRkNNMnVDcldSVkFNdFVoRzBrU3JuSnB5VVJ6bUhacWNCRDRPLVNhaS1HSS1sa1lxNlhEakdlS05NTVhoSHhiMGlQRFZSU2tQMWZoX25YRWdscGhzSldTMXI2clBmUDBlSko5SHJrTFdTd2NmRk51NUMwRGJrZlE?oc=5
NTES,2026-07-20,Have China-based internet giants hit bottom? Bernstein: AI costs are being overly pessimistically interpreted; focus on Tencent.,Moomoo,https://news.google.com/rss/articles/CBMipwFBVV95cUxOYllzNDAwNERkOElEQ0JWMzcxMFlvZk1IVXlzS0J4R0ZUdlhFekUycXRGc3hTMlBDQ3RST0lkYTB0aVFiVElwdVQtNFN5enE5c3RHTndneUJpWkthc2JLNHVndS1xNk5wVmE0MnlNcjdCbHUyTEljdzhYZC1WM3ZCbTFaeHhWcXFxT2xjOC02WWNkRnRXZmtEOGppS1hjTGd0bkRqck1ZWQ?oc=5
NTES,2026-07-20,"Bernstein Says China Internet ""AI Cost Panic"" Is Grossly Overblown, Sets Tencent Target at HK$780",finance.biggo.com,https://news.google.com/rss/articles/CBMidkFVX3lxTE5qVlZqZk5iR3VuUjA1UUZQY3BFYkZEeWd6MGh1bXhwRUVYNG9OQV9scTE3QjROYUZvOGdrX01tZ1dRaC1KbUhXS1NuYjhJN0xmWk1adktmeEdsZ29aQm1aSi1YMFBLS01Tdm9TbHU1alNVUFA0Z3c?oc=5
NTES,2026-07-20,"US Stocks Open Slightly Higher; SK Hynix Leads Chip and Memory Sector Rebound, Surges Over 4%",finance.biggo.com,https://news.google.com/rss/articles/CBMidkFVX3lxTE5fV21lMzM4T3JPLUFsczlqbFl1TGx1RmVINU5OT0c4d3pUTFBGVF9yUzE0OHQybVB4NExBSzF3S05SWk83VkJxVF9JOENRdEhGbUd0NDJJTGYwYVd5ZVRucmNQOFp6YlJHeTJPb1NZUUpySGlRT2c?oc=5
NTES,2026-07-21,CSX or GE Vernova? Wall Street Has Already Picked Its Earnings Winner,24/7 Wall St.,https://news.google.com/rss/articles/CBMisgFBVV95cUxQdW0tWnBDMHBrSVJzZjJMM0RfOEw3bjY5UkpOcHAxY0s5cVZnOExRN3NITXFaMElDbWYwSDFxQXpIQWhxZHFXU1ZHWDJKbmxvWjJubFMzYmh5Um8yUTNCZWhucHNKc1ZkblNxOTZhVHNZQWtBWGo0NW1DQkRrcENKRkF3YVItN2dFN3NmejVPeHc1U2tnUlNjRzl0RUh5WkpmTk5jdmpzLVk4eFJwS2YtblNB?oc=5
NTES,2026-07-21,Texas Instruments or ServiceNow: One Stock Has the Analyst Conviction to Soar After Earnings,24/7 Wall St.,https://news.google.com/rss/articles/CBMi0AFBVV95cUxOeE5xcTdBRjZQb3ZGRGs4VWdHNHZVVC1LRUVNeWZ5X1d1cUttdEZ0UGVlOXRYM3gzbGFsc0RORU5JeVZfTjdna24zTVo0bXY5SVZ1Q21DRDZ1U3k5end6YWhSVVdkVkkwbTdBTThnaVE2bzQyV2Zpejg0d1hsVUhNRG9mN0ZSSTFtU2NmQ25qREt0OGJIVFR6S2hmSGJEVjVhdDl4Q1R4X0Q4aDd6MHB4TkV6SDlxTlRhUXNXSzgtYmNRWkhMcWtCajlFRlFHZTN0?oc=5
NTES,2026-07-22,NetEase Inc Stock (NTES) Moved Down by 6.64% on Jul 22: A Full Analysis,TradingKey,https://news.google.com/rss/articles/CBMiiwFBVV95cUxOV2ZRV18xZDFZZ0dkdFBGOFoyXzVndlVVYTRBbkpQSEpvQWp5Tk9mTkQwRGtRc0hQYl93Yl9DajhmRFZDUXZLcldtaWVjUnB4Njc0ZERRcU1TaTVvY01yTUVQZk9UWTduT192UlM0ZDhDVFZSWFlnYVlaV19IMlA3OHJTX0kwS3VBQ0o0?oc=5
NTES,2026-07-22,"Tencent Slides Most in Over a Year, Leading China Gaming Selloff",Bloomberg.com,https://news.google.com/rss/articles/CBMitAFBVV95cUxQT2pmYmFhTUNfb2RmdERFSHRLVk4zbXhmZV80VG45UkNBNGNrXzZwaWdqZURtZklFR3NEcDE2MHpMbVFOeVFJYkM2UVNmdUxSSjhTa1A3aEFRZDVzbUNFNnlMYldrS01FTzlVQlBtTEJXLVdaYk5pOExfZTZ1eVhuc0F6S1J5dnVKR1BIR3RUc2ViLTUxMjdTWlpJcHBwZ3k4N1JOVVRpQTRwZHhsc0NiMHBoTEQ?oc=5
NTES,2026-07-22,Sharp decline in Tencent stock leads sell-off of Chinese e-gaming stocks,jawlah.co,https://news.google.com/rss/articles/CBMiP0FVX3lxTE5hLVpoSDRrN3BvTEIzejRlWWpWYWF0Q3N0Q2Q4NEEzWTBXYmNwNnQzQkpZUWZ0MDF2ZFF2dzM4SQ?oc=5
NTES,2026-07-22,Tencent (HKG:0700) tumbles 7% as gaming concerns and buyback halt weigh on shares,ts2.tech,https://news.google.com/rss/articles/CBMinwFBVV95cUxOUkJDUUdUeEF3eUFRLVBUUHgtZ1pZTmVuMkRNc2dfNmd0ZG5vd3hGQ2hKeDJScVRmWnRrZWFaMU9xUThpeG05VGdta0pHMTBCbVFTcGpfVFdZcHpMcHpPY1NQOUo2QnRyMHhSamw2eTFEaklYQ0R1LUJZcjZoUXg2WGhPUzYzaDh1VkR5U0JGcXVjRWhoMDdiZC1oSmVnUG8?oc=5
NTES,2026-07-22,Tencent Plunges Over 7% on Heavy Volume as Game Revenue Concerns and Mutual Fund Selling Rock Market,finance.biggo.com,https://news.google.com/rss/articles/CBMidkFVX3lxTE9LMzlVV3I2V083OGJxWDFDNzFTbWo3Umx4RXpldDNNcjM2SHROZEZjVEJselBRZUVXMG4tMWo0Z2ZXVFp2MkxGaHRYeXZGU0Mxa1FnNW5ONy1CQmVmTF9HZkstLV9UaHdTQ3NPbFk5QlhpNnNYcWc?oc=5
NTES,2026-07-22,"Hang Seng Tech Index Plunges Over 3%; Tencent, NetEase Tumble More Than 7%; Gold Miners Surge Over 15%",finance.biggo.com,https://news.google.com/rss/articles/CBMidkFVX3lxTFBSZTQ1YmxrRi1WMXNwR0NWcFVydXNMVkJJQnNjZXRoTUM1LWE2ckp5QlNxZmUwZnBQRFZ4dTUxX1FhNnNXcC1CMFFDWTN1SzdzSUctTkVBQTNBQkhHUXQzNzdlSDdBY3dLWFRndlJVNkFjVGNRZ3c?oc=5
NTES,2026-07-22,NetEase slides as China gaming stocks sell off,Quiver Quantitative,https://news.google.com/rss/articles/CBMihgFBVV95cUxOVFpZYVZXNkNGUWJEbkYwOFlrdkwzQTlrNWxoQk9Rd24wT29wc0VLb2pybi1VNjV6RmVWZmhkVG9jaUNYeG1ITmtFaW9CYzlhZkc3VEVXUS1rcU5FMUU0N2J6Y21IVEU1Tk51Q0RBdWliRkN4WV9yWF9vZ2pMMHZPWHhUTklCdw?oc=5
NTES,2026-07-22,"Tencent slides most in over a year, leading China gaming sell-off",The Straits Times,https://news.google.com/rss/articles/CBMipAFBVV95cUxPamt1SXRTN3NBbDNHN0lMTkE5WEswOERjTkZPUE1rT1Zpd0UzMGt6OUdjVUdlODJqMG9TcG1EenNyb19sc1lKdTlraE5TN2RZaU1GblppX1BRR05ra1N3akJ6UGtCUVVKNmFLM003TnN6MjlOSTZFR011MFNQeHFCOWpSS2xaaFpTYlpxWW1RU2s3c2dVQ1o3RDAtazZOR25EMTdBTA?oc=5
NTES,2026-07-22,"Tencent slides most in over a year, leading China gaming selloff",news24.com,https://news.google.com/rss/articles/CBMiuwFBVV95cUxOdnBwblVydGo3eEtIVEtQVTk4RHRITGZTSFc0VHgyR052SEZXYU83cGQ0R0hUVllXX05vTVpLcjhaSkRFdUZYdjl1andrRVI5X2llRERqSWRISmhOekFEa2VydVdua0IxN2RxbG5EdUlmWXQzbE9sQ09iRmdTcUlhMW9hVHE4Qm81M0c5Ul9yOEcyOU01aW9kazBEbWJaZHF6b3VfUlJiN2t2bHhkQkJzMVFHSkdJT2J6R3B3?oc=5
NTES,2026-07-22,Tencent stock falls 7% as gaming fears and an AI rotation hammer China tech,Startup Fortune,https://news.google.com/rss/articles/CBMipAFBVV95cUxNZ2FBc1h5SjlzajdndEZ6bnpaYTNMcVBFOWpqQUprQWM0X1Q0MGQ5ZmdCR2ZjbUdwWDh3RkpGd0V1Z0IyQi1zdXEzTUhqVm02VHlrOU9KMjNKUno2cVhSdldiTU9ITUpIMUw1UkNkc29TZ3V0RW1uMHdhZWV6a0RXS1l6X2xNWFFEeENMTnEyMkExNGZoaVo4RDZHWGVQY21VZnBVVQ?oc=5
NTES,2026-07-23,Will American Express or Verizon Come Out as an Earnings Winner?,24/7 Wall St.,https://news.google.com/rss/articles/CBMiqwFBVV95cUxNT3hkWG5remZNS0gxRjdhc3Zlb1hPbnVPZlc1eFF2Ui10Z1J1VzFjVC1xMEVIcEQ3ZHFQdFBhRzRGOEdPQ1hONWhBVXFHRnNzd2p5cFNmczBXZl9ua0ZnMUo1cWd5LUZuaEowNW93VVZaWWY0ZDJiVXFXWFFjbS1IdjFPMUFvdVBJbHg3MTNGSWpBYzRXMnhab1RYQzhNOTZHQUFwTXdFOFU1SVE?oc=5
NTES,2026-07-25,Tencent Shares Fall Over 7% Amid Gaming Revenue and AI Concerns | Outlook Respawn,Outlook Respawn,https://news.google.com/rss/articles/CBMitAFBVV95cUxPMTUzODhRdzVZWmNxaGd2T3piZ2NfNVVNRlA5YTdQVUowN3dqRmszMDc1RnU1MldTRjZjdURiZmZaTDgySDBscGM1UUhHa21sUm1KTVU3SExkck5VTTF6aWlGS3VtSGxLb0tSMjNiUm1ITV9DU3N1Q1ZnT0xTQzJNemxoY3NDcGJOSFZWOXgwTldSWnROTmxGMk9vSkx0b3VLM3Z1WDRQWXhZb0FPNmRVTVFDcm_SAcIBQVVfeXFMTTNzeC1QSHQyMDhmOGhqWDJjd1JfaTVzM2VHZWNscW84ZFNveVRBSE1PTzlVbl9ZTjk1NGkwczVBb3F0aFFTRTUxaDdLTGZpRmViVDJVVHRVN1JNR3VSdl9TbWl2blpXRXRjLUhEOEZmMUhuZEVmQTZkbVlSUmJyQXZFT3FyWkprYmpoVEVBcmRXVzhZbVI2VE00cFNjS3Jjdkl1Vlc0eUFabnpIWHNqU2VxZGE0WnpXeG45WFNPTXgxVGc?oc=5
NTES,2026-07-26,Tencent (HKG:0700) Drops 5.8% as Share Buybacks Halted Ahead of Results,ts2.tech,https://news.google.com/rss/articles/CBMikgFBVV95cUxQdmxHS3VqdXBKdEJ0Z2p6WFZRTDk5UDItT2xETXR5NHQ5S2lrMkVSZWJTUVZ3QkdpSTNMRVM0UVliOVNpV3d1eWgzUFF4VGRRdUR0eXNxU1lmdDVkb1AtbVZiWUdaM3JUcTR2dGJkb1BES01HX2pYY1NDRmFQZHBhMXdZLXZOTTR2ejRsRUwyZHdQUQ?oc=5
NTES,2026-07-27,"Hong Kong Single Stock Options Weekly July 20–24: Tencent Drives Option Activity, Materials Surge",Smartkarma,https://news.google.com/rss/articles/CBMiywFBVV95cUxNbDlPMUswb1pYV3EyVldFRFZsc1ZzVHFZRFVwZGEzU2NyRXRuZEJqU3REcy1YOUd1Zjc1MUVJeFNYOVVGS2dleklGMFhjV2N6TmE1cFVGSldod3dNVVVMV1d3RWtzblpFclBLLWtUR2lqT1VtQXd5T0JvN25MU1pHVlVSOGl1VjAxZDZUZ1VpcktKRHVOZmNBcERQNTNlcWVnSHp1LWhNUWk2Q3hscGtfbjAxcUNwMG95Nkctc2hUSUVYQkliRkk1bElfRQ?oc=5
NTES,2026-07-28,"Broadcom Leads 3 AI Stocks Quietly Raising Their Dividends, One by 161%",Yahoo Finance,https://news.google.com/rss/articles/CBMilgFBVV95cUxPVnZPU1JXOXl0NXRDSDVuT1V4NWdfNzU3X2I4TWhiU3ZoRExMMjJxTm5pYkoyYnJVbW1kaUUxcEMyVEVWdzBfanJ1RzF0N0toaDYwYTVCQ09iNEdxeWtVbDN5bHVNSFFQZlpqZTRGOVpseV84cGFVZm9qd2YyZUxFcUJrQjNYNDZVcGpvaXBmWVo2YUNOS2c?oc=5
NTES,2026-07-28,Xiaohongshu’s Hong Kong IPO plans face scrutiny after complaint about corporate structure,The Straits Times,https://news.google.com/rss/articles/CBMixAFBVV95cUxQRVRiYm5JVTZGMi1VaGZRaGxNd0cxTWNZN0hBT2RPT09xUzJQTkQ0X1pFSzJhWlhNdVF6cm9VQmdjWlI1SWJZbF80MVpSLWdsdzQ4R2tQTkt6UFlaSXlSeS1qVGtkcm54S1p6WUJGb0hEaWxJT2NiWUt0ZUxzTk52cWNDdTU0NFlCaEtMNlFEMXpvaHF0TzZLWFVsNjV6OWV1YVoxR2dreWFYSE1XTDFscF81U3YxSmpHeHV5T28yOHBUV1Bp?oc=5
NTES,2026-07-28,CXMT Rockets To Become The Largest Mainland-Listed Company,Seeking Alpha,https://news.google.com/rss/articles/CBMimwFBVV95cUxNOElET09qMlBtTGJZbWIyVGxGTmI0aVQ0cDV0d0ZWVktvd3ZYY3N0MjZnM0VRd1lXamN1S1NUME9kQVdjLTFleDY3eVh5T2dRLUwzNDkxZTdqTGN2WGdFSXRFd0JPNlptTUktMnRJWjczc2RlQzBpTnJmbEZkcml4dUtUUUZkY1J0eFpLLVR5X2ZLUGp1NWxyaFMzTQ?oc=5
NTES,2026-07-29,NTES Q1 2026 Earnings: Strong EPS Beat Drives Nearly 3% Stock Gain - Core Business Growth,careplusvn.com,https://news.google.com/rss/articles/CBMirgFBVV95cUxPUjFKZ2hlSXdqWkxjMGtBQ1BTVHdNTURuQ3VVb3ZpSEdLbWZaaUMtaUVXSnY1M09mTFh4dU9uZkc1Rjg0bmhDSG1GUXF3WHFtampQOVd4VU8wVkc4X0RabWczckF1bldRSWk4ekIwNkx0ZXZkb3BVdWRqSWkwWGhkVlFWTzB5cS10Q0NwaUJta3dtdnVoOEYxRmZkV2ZUUVRIcEs3YjVfLTF0QWg0QVE?oc=5
NTES,2026-07-29,PDD Holdings Gains 3.3% as a Chinese Internet Rebound Appears to Lift Shares | PDD Stock News,Quiver Quantitative,https://news.google.com/rss/articles/CBMisAFBVV95cUxNT1J3MzJmcm1nSFV5RVhUZEhVcU1uM19UVFBVc0lPU3ZxWDZXcWdndFBOMEpQc0pmenJGZ3lrVGl5NWtWTFVGOUFtcUVaQ1F4MEJLRWhFNVZ1V0xNTUNHbmJpelhnaUVvUHFHWHp3S3RwSldnUDZPUnd6U05SMHhlLXhxdjJucWxKVlV6VnRMMzNiWEpnYUlfOG4yVzhpRXpaeWs1LXQ5d2JYdklEb1pfTA?oc=5
NTES,2026-07-29,"Fund Update: 7,212 NETEASE (NTES) shares added to Guinness Asset Management LTD portfolio",Quiver Quantitative,https://news.google.com/rss/articles/CBMiygFBVV95cUxPclV3RWpzb1JnSmZGMnp6Q0F1T1NuSXZ4YmNnbENHT0JwVnh5emstLTlkMHVEMTV6S3lqa25TdWpNbldKTW9DM1BGM281ZlZzb014b2E5N1lmU1RtR2lpdTJQYnphX1A5VzhHbzEycklvdGZ6VGczbEhKTzVuLVhEZDJfUjBuQVFrSkNoNkptVDhfcU4xT3dkQ0RWZmlsWlB1bmZuZlZQVlliaC1OY3lxVTRMS3RrdTdLeF9mUGQzdFMtLTlJZFBYLW1R?oc=5
NTES,2026-08-03,JD.com and NetEase Charts Point to More Upside in Chinese Tech,Barron's,https://news.google.com/rss/articles/CBMihwFBVV95cUxPM2RBWTJ3alJxWkVRMndqc0FCakx2YmJyc01Sakl6UFp3dzFmaUhlb05UNVdaSEoyNURmaWFnbmMzUldSd3pGU2w1bi1JcEJCdi1QUE9vNVh3WWhzT1Z4cGZkWURMYXlSQ05GTC1jc0RzT3FKcHVPVHRQbDFCS1RCUTU2eVhBOG8?oc=5
NTES,2026-08-04,Amazon (AMZN) Gets a Buy from CMB International Securities,The Globe and Mail,https://news.google.com/rss/articles/CBMi2AFBVV95cUxOYnBzbHlRRWtoVDF5Y0FZaTM3UXVGUUYwVnpWUDczem5tYjQxc1RQdEltZ3otLVFwWXZ4dFA4dFdwQ0Vlal9tbGlRTWV3YWVHdVN4cmhBdGtibVBzWGFINTNsQWtKaUdfZ2YzMjVCWjVpXy1OSFc5U3BHRTJTYkxWekhuSGJhZmNRYVZVdkc5N3FJcklxRjdRbm1fQkRfc2g3ZHA0N0M3VVhpTVhPZjh3bXg2dHBlUTRlWFpxUVNIZ05sQ0Z5OXlIbFhpLU9KVHh0akRFTE9XLTg?oc=5
NTES,2026-08-05,Mainland investors dodge AI tumult by extending buying spree in Hong Kong,South China Morning Post,https://news.google.com/rss/articles/CBMi0wFBVV95cUxQLVF5azhRdUFYNmNyNnB5Mi1JOTJNZExnOVJ3dEF3QmtaekZRZV8tY1JxTDhlRjlmYkdESnh0WXJod2ppV1B6Tk0zbXVLaUtaZ25qX2M2XzNkVTZOOE05M1JJQ0RCQkZZakYxQjVWcTRUWDJEbGdYcXQ1TnF5eDNUVEJoMHA0dG5wQUxfS0NISnJucGV4c3BJR2doVzJWY0I2ZmNiXzhCcjd0T180YllxMDhCTkhCUTNOLWJXd1VNRUxQZm5ldkNrQ1htYU1fZkFYVFpr0gHTAUFVX3lxTE5SenJmOU8weGIyMXdMa19sa2F3MlZmNHN5VjZENGZ5MGdlbzV0YmlUU3lrU0RFZXVySldGN1RJaXhVczF2QjJEMXRDWkQ0QWJGZmUxbnJyMHV5a01QRUY3UTlfSklnNUZoaWk0U1d5bXZJODNyVjd2WjVQaUs0cFFqZGRWZHRseGVWd1BJMTJ1SWowUlhkWHQ3eWg1NGJSTkNhb0FTV3B1OXgtZk9qTDFRdjRpc29HdXdQN3hnUTZZYjM1VENJamZqOTgwSGoxOVlULVk?oc=5
NTES,2026-08-06,"NetEase Cloud Music Inc. to Report First Half 2026 Financial Results on August 20, 2026",Yahoo Finance,https://news.google.com/rss/articles/CBMimwFBVV95cUxQUVctbGIyWmlOLTlpdE0wNDFoYlJiTmZnYUNBRlg1cHV2cFRUc3JXZnd2WEFwTHMtSDE1ZXJUV2NQZFFlQ1BMbkRIRzFLb2h1anRnVF9ZVGg4YmVwYTEwVHE2eDR3MzBkS0lVSnlpZ1pmeEF6WHRqekdjTURXVUNWSVgxRlFzbW1VZWVISDdtUm9Td0FhQlg1R0djNA?oc=5
NTES,2026-08-07,Is Digital Turbine (APPS) Stock Outpacing Its Computer and Technology Peers This Year?,Yahoo Finance,https://news.google.com/rss/articles/CBMiowFBVV95cUxOVGd6NzNES0xWa0RzQVNHdUZ1WUVmRm9CR01Pc1dkMzFMdlBYQnlSZnB2emxFOWNFZlQyUGhRUEVpOVZlSUNFR0szME1Sd3Q3RWloRGc5S3V6emhHa0F6cExuNEoyU21PcXZ0SmFsVnRwVUNVdzk2cVY1TTRQemc0VE1VMWRPQXpmenZIdHNXUV9jUWVUejJRNGtoSGZRaTEzVzZ3?oc=5
NTES,2026-08-11,Cisco or Coherent: Which Stock Is Poised to Soar After Earnings?,24/7 Wall St.,https://news.google.com/rss/articles/CBMiqgFBVV95cUxQTkVMekZFZ2J3LThKdGx6VllWSHBiU0N1N1J4ODJFVU5GdTBiMWF1Zm1CazcweHV4RVoweEF4TjJmZFo0NzZVZ3BUU0RSMThVU01wektHaGVuOW1ySHBBbjZBY3pZTWhsNXNOZC1lVnVKUWdBVlN0ekFuNkRLX1FsUTE2M04xR0ktWlRWOG03TTd4UFkyVExCeU9lMUFCa3NfY29KYllhZnlxQQ?oc=5
NTES,2026-08-12,"Hong Kong stocks close lower, led by tech losses",The Standard (HK),https://news.google.com/rss/articles/CBMiowFBVV95cUxQb0o5V29kM190ZENtc0ZOQXVVSHRSbUpqRVl4OVlpQXRDOEZHVmZYZnVaWnptSXlZUWNWdE9WM0xITE5SRWt0aGdtUWJleTN4eVVuNWJFQmpPLXV4bnJGeUQyR2lPWm9jWE1HNEt4SHhyTXFhb2hIam1FbnNHQWpzc3FnMmdrWE0ya1k0U0ppVks5T2V3bkN2THVLZTZnMlVRbHV3?oc=5
NTES,2026-08-15,Netease Inc (9999) Receives a Buy from CLSA,The Globe and Mail,https://news.google.com/rss/articles/CBMixAFBVV95cUxQbXQxRVptT3Vpd1N3Z3VGdzZPSVJvZ3FmaWZsTXRJYlFzbGVoV3Q4bFdkdnlHTTdVRWd1WTNkUVRXQ3lYb2hna0l4RV9OTU16WnFHM0dpZDhkZlU1OHh0bDFsQVRQMEw2ZHhmblZZWUZlV0xDa19CWmRGeHdxa2NUY2puMUY1ZXRmX3MxVXFBM0ZoSThqOEp5TXNONzZHSkdPN2t4d0ozZFZmQW5JbDE3Q0xaSVZxRFVSd29PYjctX3NJMWNj?oc=5
NTES,2026-08-17,Ranked: Top Public Video Game Stocks by Market Cap,Value The Markets,https://news.google.com/rss/articles/CBMipAFBVV95cUxQelZKa2RVTklOM2hzTHZ4TGN3TXZUUU9wUk5pck8zS3BDWHFadkt6RFZVMW92QVoweXVHR0VVYXBXbUpEMDYzaVRsTWxhUFR6U3ZXWTZhZTJEbjI2eU92M3c2Ylk3YjJ1Z01CbGNpT0RDQm5DLVR0akpUS2RIRGIzQW9ndkRGajRKVG4xSHp2OGhKLTJPM0Q4ZFRwQjd3UkpMT2pYNg?oc=5
NTES,2026-08-18,Target or Lowe’s: Which Stock Is Poised to Soar After Earnings?,24/7 Wall St.,https://news.google.com/rss/articles/CBMipwFBVV95cUxQY0xIbWdOX09HWmdXSjY4ajlaMnFiZ3plRkxMVVZWWDlSTE5lVTMwZGNCMUg2S2hiUXZOdXJVMXNnS1JaSWZEaFVhQS1ScmdSM3UybGVQSi1FYXJqNUtLemRsWlhsMUo5QlA2SFlHSlBLUzN5ei1pMExaY0V3a0RsRmRlRG1ob2tFNTg0MndWeVBiQmdFTmVNaURmSkdDUEc1ZkFtY1lxTQ?oc=5
NTES,2026-08-19,Is the Options Market Predicting a Spike in Extreme Networks Stock?,Yahoo Finance,https://news.google.com/rss/articles/CBMiqAFBVV95cUxPZlZEWDU4ZXd6bXNXWjQtT3U3dzRtYU9LSklYTjN2MHlGS09OeV9RczFhT2MtVlBFNTNaMzl6QmV6WEw4NDRUU3BDNVItbFMwVTVpTVBaOW5WU294R3NFangwX0FkdHE0eXpKZ2RUUkJ2T3RXWnNRVjdIVzIwMFFCNmN5TXhGS2pIRXAtM3pKa0pDM1d1RzZaMmlmNEZ6X1RDMk01TmFaYVY?oc=5
NTES,2026-08-19,Here’s Why Investors May Want To Own NetEase Before August 20th,24/7 Wall St.,https://news.google.com/rss/articles/CBMiqgFBVV95cUxOUkpSdzlfb0tZNEpYWlJQZjVCa1pIal9QckEwR1VNUlJuUGtDUG42NmNOSWN4ZW1Rb3JEaFVaaUxmLUlvbktfQUM1UENnbUZCblE5Slg1RzQ0TkdZLVJCU1poR3MzM00zWWxhMlRxVjMwQXFabjFTLTg5RWdsb2F0eEpESWx6Y0FBeFNjTTFhTFhBWTFZLTZLQ3Z2dHRqZFN2U0d5TVlaeWViQQ?oc=5
NTES,2026-08-19,Alibaba or NetEase: Which Stock Could Soar After Earnings?,24/7 Wall St.,https://news.google.com/rss/articles/CBMiogFBVV95cUxPUFZXUVRPcE5ERWdDRDhadmNCMlI4NFluUkFVc3ZrWWs5RnNhQlBfcDltTE5kTEN1WFRIdjRZQmpYaFkwd1ItejZLazR4Q0Ftc1RWdVpzWVluMGltTjBENmhSQUV5SjBGei12bXJqVXBTMnNBbG5zeDk2OF9aRjdfbmQydEU2YkR0dFVoUEZpekdCTkxyTXJuaFI2QWI0TV9tbkE?oc=5
NTES,2026-08-20,"NetEase: Avoiding Cash-Burning Operations, Sustaining Growth via Established Legacy Gains, Unshakable Solid Capital Accumulation",eu.36kr.com,https://news.google.com/rss/articles/CBMiU0FVX3lxTE02NkZVcTdYbXBFSmdsS0RuMzdLTXNFbXh6NkpZQmVPSU05emtrVTNRM2lnM1NhZHdDTUp4dFNyTzYyWHYyMWs0WTl4UnNrQ2huWXlV?oc=5
NTES,2026-08-20,A Look at NetEase Inc (NTES) After 5.8% Decline -- GF Value $122,GuruFocus,https://news.google.com/rss/articles/CBMisgFBVV95cUxNbTdHNFRoTC1jZUdxZVdfRDNTdW9ZQ0MyUjR5ekxYNTJiV3hWam54ZVR4UjA3VGxGTUlFY2Uwc3E2SkxDZDI3ODUzdVBneG00dURmTmRzVUFud1Ewd3kwQmswWHo0aFQzRE00ckNuQTNtN2xyd19IcGZuTFFVM2JoWlpWYnlqS2puN09VSHNQQlVWTUliSnlKZmNrSXhmbUUzVTJIaDB4cnBCbGotMDhXTl9n?oc=5
NTES,2026-08-20,NetEase (SEHK:9999) Could Be 23% Undervalued Following Q2 2026 Earnings,Yahoo Finance,https://news.google.com/rss/articles/CBMilgFBVV95cUxOazFIelh4WExmaEhtSnRoRzJobDg0cVNTeXg2NlpwQm0ydGlPNllmQy02QXJnSTZNalptd3VGbFpyTlRqUWpsQnNXMDdOa2g4a2F5RzQzbjQxRmR3dnZKYXFINTJNemdkdjZxNW5ibjd1YzFhNnk5SEkzM0Y5Z3ByMThOdmNRaXNpYng5Yk9fVEx2LS0tZEE?oc=5
NTES,2026-08-20,What Will NetEase (NASDAQ:NTES) Results Reveal About Growth Trends?,Kalkine Media,https://news.google.com/rss/articles/CBMiqAFBVV95cUxPdXJGVko0LXFjakEta3hYZ0J1MUlTaWRva2ZBMGl5aVZUTFVtYUJNS2UtS0s2VHBlYWRWdUVzN2M3cndMY1h3VXdIY0E2MDNldDQ2RmFWSU10ZlFIekdRM1FNYVBCRU9nUEZ6c21McHJIUUNCM2Q0LUlaY2FleXdGTk95cFJGalB4dEkyQUZKNjBtXzBLUWp3RzE2TnhDRVA2aXk2Q0tvT0Q?oc=5
NTES,2026-08-20,NetEase Announces Second Quarter and Interim 2026 Unaudited Financial Results,Yahoo Finance,https://news.google.com/rss/articles/CBMiqAFBVV95cUxPaGQ0U0I1aDBrX2xfQ0R4bnFpOVJXbXZPQXJCczFYTVFrMDR6UmtweUxTbDVZU1o4ajJCVTZVY0wxMmxkQ3RYNUNGM1k2YnBaUzlPeTdsRXlNaklXNTU2UzRzM3NBMjh4SmFwaHlUZnJqYUVLRHVsS2stQ1o0MWs2bHFaUEJ0TEJ6djNTWHJmMzJpSUE2ZEpNUVR0eVRSRm9ZWUFsWUxGMEk?oc=5
NTES,2026-08-20,NetEase shares fall as Q2 earnings miss overshadows stronger revenue,Yahoo Finance,https://news.google.com/rss/articles/CBMinAFBVV95cUxQTXlNMGQ4Mnp4TTdNRm1lSEVudGhRWDh2Q1ZqcnJrQXZOSG4xS29aT3dWQ0JUMkJ4RHYzd2dEc3dud0lORmdsTWN6VGlJN0ppU0xTLVkwajBTZnNLZE1IR2o0OWx3QU91d082YXNVaGNXdTRfck9rd0pfa2lURGMtM2F5VEFUTGdtUWd5WlhqZC1mcmVTek45SjNpanc?oc=5
NTES,2026-08-20,NetEase Q2 Review: The Company Needs Another Big Hit Post-Marvel Rivals Slump (NTES),Seeking Alpha,https://news.google.com/rss/articles/CBMiuAFBVV95cUxQZXNmVHFLTGdHZGpKSEJUc25UaWFsb2V3YzhPeXpzUzZlaDVBUEVzN2RFR3QyUUpNZmRmWVhoU2FEN0R6U1ZvdThuVnlpdkQwQ1pDUEE4czRTajIyY3N4Q0ZvcFpSLXBTUmFVeHExRlZRSTJudkFTYi1NbGNRUlJtTTlOTWFxd29XNEtiSHFSNGM0NkRHd3BicGk3T1lGUi1mM3ZSVGc3OWJmeTVUSEJ3c1QwNmxhdzNa?oc=5
NTES,2026-08-20,NTES Stock Falls After Missing Q2 Earnings Estimates As Higher R&D Expenses Weigh On Profits,Yahoo Finance,https://news.google.com/rss/articles/CBMilwFBVV95cUxPUmlnd3ZzVWdUYmJkY0V1VFRBeVo0NVc4Z1M0OHVpRjljcm9qbjNGMEI5WlZUSHRnVHp6Wlc1TlRXcUc2ckplWVJaRXlVNnNZNUtlSGRGMVI2QzFHUXE0ZmhTcUIzX29vMFFXbWpKd0pYZmF3cFVRNVhpOTVZQXBMTUZ0U0xoSU9ENXk5NVNJMlNJY1o2Wmdz?oc=5
NTES,2026-08-20,NetEase Shares Slide After Second-Quarter Profit Misses Estimates,finance.biggo.com,https://news.google.com/rss/articles/CBMidkFVX3lxTFBxbmZaNGRwWkFtMEZtelI2Z2I5QXB5TTlUMmpSR3VBUzRLMWY5RzNyWUFiWjhDUzl0eEtSMXotaThta2tDb1ZmOW1udFFGand3dGFiQ25JdzhFbG53LS1kRUpseGdsN1ozS1pwWjF5a2VjR2VxSEE?oc=5
NTES,2026-08-20,"NetEase, Inc. 2026 Q2 - Results - Earnings Call Presentation (NASDAQ:NTES) 2026-08-20",Seeking Alpha,https://news.google.com/rss/articles/CBMimwFBVV95cUxOa3pHbnFtVHA4cjRfMzNUYy1NeFJ4NWFiR3RHMzJ2U0dQY2VXNklzUmZ1bFhyVVp6aFpldTgtdklKOHd5Q29hTFBjN0FpQlRqeG41RGV3MmVMTi1EYVYxdjNlX09xanlzYjhtWmVHcXFDb1dVMlNpQmZqZ2hJXzlIQzdLQ2NjdW1FRG0tck8xaTlNc1QxTHd0bVBKbw?oc=5
NTES,2026-08-20,NetEase Cloud Music Inc. Reports First Half 2026 Financial Results,Yahoo Finance,https://news.google.com/rss/articles/CBMioAFBVV95cUxNSF8yckJmd0w0T3VxTC1Na1l1QzVBOGlQZHpsQ2kxOFA4bTRmMWo1aTJvYlJUSFphRzV4R3c2QkhxQVBwYTh0Ukw3NUsydVhSSGk4X0JFZ3RXemswcXVmOS1iam9KeDZMWHRXY1h0cTZFVWV4OW1zTmlvLUFjSFBFVWFhUFdNRHctNmlGY1FQUlQtS0h0WDNjLWF6SnBPS2dn?oc=5
NTES,2026-08-21,"US Stock Market Movement | NetEase (NTES.US) rises 7%, Q2 gaming revenue exceeds expectations",Bitget,https://news.google.com/rss/articles/CBMiY0FVX3lxTE9OZ2xkNW16U0RneHpWQlplTWkwcG03amxfNGJwSFVQVDVjeDZQdnlnLTBuTzFZdXBoYmlSaXJteDZsSS1lMTVwREpaUGYyaGZzRVVoU1BMYkI0dE53ZGt6dHZIZ9IBY0FVX3lxTE9OZ2xkNW16U0RneHpWQlplTWkwcG03amxfNGJwSFVQVDVjeDZQdnlnLTBuTzFZdXBoYmlSaXJteDZsSS1lMTVwREpaUGYyaGZzRVVoU1BMYkI0dE53ZGt6dHZIZw?oc=5
NTES,2026-08-21,Why is NetEase HK stock rising today?,Investing.com,https://news.google.com/rss/articles/CBMinwFBVV95cUxNYzRTcF9SZWs4UTZ4YTZKUElvbmc5cVpxaWVFY0lmaTlqRXA1blZXZ1NzODdmSGlHLXZuUUZFQmU5aFl5SzJHNTV0NlEySVV6Ymx4U1U3SUYtbG1XVlpfVi1pY0pBV1BoZnBYWXphTlMyOEdRWUhUTDZGWFZpdm1Qdk1vTnFhLWx0N0Jqb2k1NWpLMWJrLXl5WjBBeG43N1E?oc=5
NTES,2026-08-21,Bernstein raises NetEase stock price target on margin strength,Investing.com,https://news.google.com/rss/articles/CBMivwFBVV95cUxQYWVWcFJRcGhURkJOSHBPcUFROGxUeHQ4azZoZWR6WURHemNudnV5SnhNM0w3YS11cVBETUduNEhzMzJxR2VaVHg4Qlk4enJLeERSQVI2dXAxeGRCR05zZm5ldEhiM3hRM3JXSXhtTExBUlk4aE9IT0szMlpmSjBsenlnRS1ZWWt2ZzBudFFPLTI0bmVFNDUzNmt0V0p1N3RyMF9MU1N3QjNqMWFFSFpxaXJmZ3JHZFRvNmsycEVaZw?oc=5
NTES,2026-08-21,"HK Market Quick Look | All three major indices rose, with the tech index up 1.4%; most internet and technology stocks gained, with Xiaomi and NetEase rising over 4%; stocks related to gold, AI applications, and optical communications mostly advanced, with",富途牛牛,https://news.google.com/rss/articles/CBMimwFBVV95cUxOWGViNnNNa1Q3OUlUcjRlS090SXVraDBzYmhNc3pBTFZHYjZ4OEpyb05KRms0UWUxT0JXY0laV2d1Yi1DdTZyR0I2T1RPdHo3TUVPNy1hb0ktM3JBbVY3NjZUbFQ0a3MtUVVjNFpNM0pBRDFjV2xpamFpalNWdTk1YWZ0a2MwdU9HaWJTMTlWS0hnTUhSTkNBb1diVQ?oc=5
NTES,2026-08-21,NetEase (SEHK:9999) Stock May Trade At A 38% Discount To Fair Value,Yahoo Finance,https://news.google.com/rss/articles/CBMilwFBVV95cUxPZlVUOXV4bHZFdzRFb3dFNS1Jb1hwRlgwY1BkVWd5djlGRmZvSUp5SG9JWW81MGozY2JjNTBMbFpHNmxfYldFUDRBOU1YUTRHQUFDVURFVHg3Y0RWVU5KbmV3N3BwOVVfUFF2X2x4Yk1IWlVDTzBSYm5iZ2REYzJZRnM4SndxUFR1VEJFSjNYNV9KOEtwYkpV?oc=5
NTES,2026-08-21,"Alibaba, NetEase, J&T Express get 'Buy' calls; Nomura flags China growth concerns, AI-cloud upside",Moneycontrol.com,https://news.google.com/rss/articles/CBMi7AFBVV95cUxPTnpKcnJ3dXlxTEVuN2g4aHdQa0tWdTZfSGpxREpydmFyVUIyaW9DWVBTM0x3UWZkb2Zvd190NW1WZWxWNFZaWW5LY0tVeVViUzF5akthcVNpTVdSc21wUU5vY1d1OFg2MTNCWGpCVnJXUDFJZVVQQUluZ2FEM2p2UUw2WXcxUTJ0aFRTdzZXdXFUdm5jN2Y0RzVrek91Smt4WWtQMXRXN1g4aXZnNXpSR1l6LWpESGZXZlVfQzJrbGhnS0N5QmNXOHU0bk1KTjA3dTQyaVNmeHVvOUhHVENPemZ2Q3Y5TWpNTDRvNdIB8gFBVV95cUxPLVU5aldRaUlBRVhyOEFJcTlDLUx4cVM0SzYxNkFpd1lqZUJpQXdtVkhqVzh2QllOT2p0Mk80WGxwWGZnY3l3SklqV2hlZ2V2NEpUQms4MlJMelVVZnNmU0w1eEN4b3gwZU9nVUFUS2hyQ25tbldrOUZ0WGg3cVZSRk5xTFA0SnlaM3o0UlJrd2lzYXVNUHM4SDMtOTVaRHVidk1YVXhnSG9vSUNpc3VnV1d0dlp2M3lHMk5uRVVPX3dfaFhPQmt1eWJuaGVUbC1qdTBydFkxMTZPNmN1RUpSendVRzdOWE1yX05heW1jUVhGZw?oc=5
NTES,2026-08-21,NetEase Stock Drops As EPS Miss Follows Revenue Beat,StocksToTrade,https://news.google.com/rss/articles/CBMic0FVX3lxTE9CdWlkcUV1TVZ3S3dNTTE5cC1lS203R2liT3pKOVdHdDRtWDdGazhneXhJRnJmWmpiVHU1bDcybjhxUWhfZExfQ3hoeG1hRV9CVFhfTTR3R0tiSUxQUkVTMG9Oa0oyU3czZTRqdWxLcXBGbzA?oc=5
NTES,2026-08-23,CICC Keeps Their Buy Rating on Netease Inc (9999),The Globe and Mail,https://news.google.com/rss/articles/CBMizAFBVV95cUxOckUwa2llT0lZSldDQ1pBYURld1FPSk5aSGpRNU5keXJYXzVNOWRjSFdhM3pnY21odDZ0a3hXeUl6MHVQT1ZWbDhYUTlZNU9oQnJNY3Y0QkdZbkNJb0N0eGFUaGJ1QUNRd1RfbzNNbzFfNFk4ZkNDSTRDSkZMZ3lxSnFrMmxnbFNzS3hZQ2VMQUtDOWRsWk1sTVhJVk1zSHRXNHlNY1IzSGY0RkFoTlRBcDdEOEpfQW1lWFhKNDdmbWFsS05Qem5ULWpZeHE?oc=5
NTES,2026-08-24,NetEase: An Interesting Idea For Long-Term Dividend Growth Investors,Seeking Alpha,https://news.google.com/rss/articles/CBMiqwFBVV95cUxQLXhEdWtCcnM2UDkwZTZ1VU5wMFRUNmVjdC1zLUhWQml2TU44X2hiNEtLS2JCaV9EaFRYVEVKYWNaWnQ2c09MLWdtb1FJOTJIU1dOMWZSRENYaGNHSGx4YzltcF8tMDRySmxfTjJQcDVWaVZMMWMza2VJZzBSQ0JQS2lpR2lVNno5dXJCRlFwbVBIc280cTVJaVd2RzQwcWUzaUtQNmV3R3ZGVzg?oc=5
NTES,2026-08-26,Salesforce vs CrowdStrike: One Stock Has the Clearer Path to Outperformance,24/7 Wall St.,https://news.google.com/rss/articles/CBMiugFBVV95cUxPWjNicDJHNWpNallDTjJSdVVkRC0zTWNpMGpaSEVDN2lNNFNDMnJZSDVHOVZzd0lPQnA5emVkUnpiemtGc0VNUHZSNUpxVkhJTS00N3dSR01IN19veWRWZTFyajZqcjFucEhLRVV6VmNYOWJuRFdnS3hrZHNlMWZoMVF5eExzMHoyUzJyMHpNY3pWeThrN2FOT05QaVhWcVlYMnZteV9ROGdPcGotc3MzWHVjaktUUC1IRnc?oc=5
NTES,2026-08-26,Memory chip stocks turn lower premarket; XPeng Group surges nearly 8% in Hong Kong,finance.biggo.com,https://news.google.com/rss/articles/CBMidkFVX3lxTFB6S0lkaUhqSXpaV2pGUnBqV1EyamIyWmVSaUh2eG5QOFZtVXFNbU5UWk9RdG00Nlg5QWdCMTFpMUF1ajhnTWpHaWg3X0YtSk5OcEFtNEtjLTNKS1BpQVRLdXp1RU9xdmpjRk01ZHBSZTlMZTl3S3c?oc=5
NTES,2026-08-26,"The Dow Jones opened down 0.06%, the Nasdaq fell 0.2%, and the S&P 500 declined 0.14%. Leading tech stock Meta Platforms rose 3.55%, Tesla dropped 1.42%, and Super Micro Computer fell 0.86%. The Nasdaq Golden Dragon China Index decreased 0.",Bitget,https://news.google.com/rss/articles/CBMiY0FVX3lxTE5xRkRfMkZlWHVpMmxqYUMxQi13NjRQby03ZFdGbUxhcnB3N3lDNjdma0dreEtEbFlBTGNVYVhaMzRnQ2ZwWW8zZFZzNzF2THF1ZG9TbFlyYW5XcFV4cGFFRjhiSdIBY0FVX3lxTE5xRkRfMkZlWHVpMmxqYUMxQi13NjRQby03ZFdGbUxhcnB3N3lDNjdma0dreEtEbFlBTGNVYVhaMzRnQ2ZwWW8zZFZzNzF2THF1ZG9TbFlyYW5XcFV4cGFFRjhiSQ?oc=5
NTES,2026-08-26,Best Buy or Dollar General: Why One Earnings Report Matters Far More Than the Other,24/7 Wall St.,https://news.google.com/rss/articles/CBMixAFBVV95cUxNdnZsa3R1SjBMdFRhUE9xYVZlTlpxbnEyS3c3V2ptdG1NRENCNDh4MjFYTkMwTG9Va3VkUHdONFc2bzJCd2lmNzl4NXNyNzN6YTQwbUpnT0NYbkxyVjZtWmwtSHU2WDB1c05VdmFVU0JkQ1hDVGVaem9XR2ZVMXduOEJXWU5UZk5ZM3dOdEE2NDhOMTlZYzZIQUhVQ3VCenZ2YkJKZlkteGtMNEhBRTlHY2hVcno1SFlvXzJCTnhTVG1fQjFl?oc=5
NTES,2026-08-27,NetEase’s (NTES) Old Hits Are Still Doing The Heavy Lifting,Yahoo Finance,https://news.google.com/rss/articles/CBMilwFBVV95cUxPVmlBc3pTc1pYOHF4aXNaYkZTU1pwQjVSNTlQd1JzTy1VZ2pFbmRMazVoUzktVmp0dG50bkNhLUVnQUd4cEQ4RGQ4YkFhMzhSUUNQX0xmeTVDZUhHMEljQlhHMHFRcXZmVGc4cDFSeC13RzZkWVU2Ylk1MUZyUTRiVU1hRGU3bElVOGhVbHpZSG1yZ0d5SldN?oc=5
NTES,2026-08-29,Noble Corporation stock holds in the mid-$40s as offshore drilling earnings stay strong,AD HOC NEWS,https://news.google.com/rss/articles/CBMiwgFBVV95cUxOWE1TT2xCN0VYQjk2d0tCZDhHVGpIRDdyd2l2QV9hZXpEX2ZJQUNxd2JMZktUM2VjRTE1VHBCbXBuMWpqZi1VMmZPcVlJa0VfVDhTdzdUdTN5Ul9BUnE2SWYzekVPZ096ZHZweTgtU2U4Z2NmZHBIRF82dnU2QzlmWVQ5UUF0elhsd2tzVmlRNDNnT3IweFpUUkgwNkM1Y1FGb3JqQmVrb0lFMy1BdFFKY0xrX2hWTnlIOUNXTWhLMVlSZw?oc=5
NTES,2026-09-01,NetEase finance VP plans sale of 716 ADS | NTES SEC Filing - Form 144,Stock Titan,https://news.google.com/rss/articles/CBMikwFBVV95cUxPWmFHNUZ5WEduV3FEVlNubUZ1d0N3Q1dVT2NpNlRzTVFQTmNsaVFscHpFNEZLV0JSQ3V6cTlPWGpTWnFtMG1TaGhhZHhUR0ItTVhPRkVLU3lXeEJCYmtWN1JFcjdQU19DTEVzU2w0bTdSWXd5eUhlcnVZS2R1YkZmR2RLRmxTU0hKMndHUE1DMFBsa3M?oc=5
NTES,2026-09-02,Samsara or UiPath: Which Stock Has a Clear Path to Profits?,24/7 Wall St.,https://news.google.com/rss/articles/CBMiowFBVV95cUxOZkxEYk5VckRiejh6WW5EcDZYMFA5WWEwUDI3U21Ickd1ZDEwZjRBOGdyYjVraXpqWVNYSXpObFM4Y1l5dnZPR2Q2S3ZGaTIyb2s2R0FkOUJobXMySjV4cVFCNV9BTWpzRS1UZ2g5Z2JLZXFFLTV6SVdZWXJ3REpXS0tzcU5PX3RRWlhtRUZsUGN5WVc3ZXpZdmhLd3plRWFLblhz?oc=5
NTES,2026-09-04,"[6-K] NetEase, Inc. Current Report (Foreign Issuer)",Stock Titan,https://news.google.com/rss/articles/CBMirAFBVV95cUxOa0xueS1uYkZaTEVBdlF6Tm56R0J1RjBrVWo1NFlTaHQ0eXlrYTM5NzNLQkctdDBVeWpHRmFLblIzc0hzdTl3Tjk5bGxjaGRheGVNbjI1bG1hNjBFanoybmZvMkMwR3VkS1Z4WUpnc2c0MXBXc2l6d01aWkpjdFEzdjU5dGJTVE1TN1J5bHVQTGJRaXhraVRVSU1KMmtUNzNtckxpQ1RCYW9MV0Vi?oc=5
NTES,2026-09-04,Insider Sale: Vice President of $NTES Sells 716 Shares,Quiver Quantitative,https://news.google.com/rss/articles/CBMilgFBVV95cUxPemF2NEw5RlZZcktscUdSeFNHTW9fc1R0MGxWWjRoc0tFWXFQVENlX1hDdXRFZlJUVm5udTVTY3NZWk5sSTFha24ybjZ0aDdac1JHcUpuWDJ4Z0FwV2RXeTFTSmswNEdqMUhDNUVhbHNDZGM4MWJmRHZLLUJRbVhyMXVqcld0QzluNU5VNkhPVmdUS1NfOXc?oc=5
NTES,2026-09-04,NetEase (NASDAQ: NTES) finance VP cashes out 716 ADS in $86K sale,Stock Titan,https://news.google.com/rss/articles/CBMiqgFBVV95cUxOZThLRENEVmwydW0xdHJVODNDY2FxMExlYjNiR3FUZ3VxLUc0aGVkU2dISFNLNldIZVYzU1hsVjAtOHRkOFllNG85VHlhTm9qSnQ0cmZZZ2hyallNSDdhVHpkUGhXdG9xYVRCWlpRZEV6a1hlY3BFeFJoam5DYV9zVnVub3ZYTnNHMEdrYk9zYzNhS0gxU1hZQWtBR2NfLVpyUkRPdDJRZzBiUQ?oc=5
NTES,2026-09-05,NetEase Confirms Stable Share Capital and Public Float in August 2026 Hong Kong Filing,The Globe and Mail,https://news.google.com/rss/articles/CBMi-wFBVV95cUxOSC1BOXUtT1BxMHV3ckE4TnA4ME1YTHRDNk1odG8tc2RsV3J6cHFKeFh5djJjMWV5ZXJxckcyQXJrR3FOTUQ5czJSblIxeXJCQklfTWk1cGthMkhTY3NEU21rNHFSQW5SY3FGQTlfcUtXbVg2aVBVeHdfOUxVRXcxVEUwN3J6WkI4MEtHckRqWG5Jbkx1Qm1ub1BacnYtVHdNb0g5OXNhdlA3eE5rS2ZlaW1zSUZCbnIxbnh4SGh1YnAyQ1JiWHBlSGtObUZvaFN4bEcwa0xRMjRoMjlGc094MkdiNzlkMDRsZHVCRWRmN2pxaDBwMDlJdHhrTQ?oc=5
NTES,2026-09-05,NTES News | NETEASE INC-ADR (NASDAQ:NTES),ChartMill,https://news.google.com/rss/articles/CBMiW0FVX3lxTFBUZ0t3YjFXMzdvbzVxMkVrX2JhZTZyS28yY09RVTlVaFVXQkhNMnJCY202WnMwak12ZG4yT3l6YkIwS0FGQmpXQXZHcVRteFJOaHhPYlJaWXFEMzQ?oc=5
NTES,2026-09-05,NetEase Stock (NTES) Opinions on Q2 Earnings and Game Developments,Quiver Quantitative,https://news.google.com/rss/articles/CBMioAFBVV95cUxOLUhnZ2oxYnJaSzFkelVDZU5lLVg0ajl1bTl4X0pWVUhaT0Z1Y3ZEZ0R2blhCdEN5NElGaE5YcXFITHIyTFBjSXRpdVRuYkdIRTdBX25qUVgxZVVFWFRtcVBhLTU5LXV4dXFZbGtaQW1uNEpOX1JJS2tOc2VjelRGYzBaX2hsOVhDX0EzSU1lbXY4am1kTjVHS3FwazV4RXc2?oc=5
NTES,2026-09-09,$NTES stock is down 3% today. Here's what we see in our data.,Quiver Quantitative,https://news.google.com/rss/articles/CBMiogFBVV95cUxOeXZ2d2wwZ1ZVVGxUYllVV3lDdnczSjhqbmdPc18yVTRwOWNQY0F5SElHeGdUQUQ1NkFUVEZ2RU55R1Y3Wnh1cU9KX280Ykc3RjNnR0RyVU5ZcUtYdHdmdlR6RUJvM0ZoU0RjVzJReGl5ZzRBTEhpZGlDbTcwNEZZSWJpNkZmVkZZYTZBTEJuWFNlaG9KUjI1QVg2X01fc3Jpcmc?oc=5
NTES,2026-09-09,NetEase Inc (NTES) Shares Fall 3.0% -- What GF Score of 96 Tells Investors,GuruFocus,https://news.google.com/rss/articles/CBMiqgFBVV95cUxNcnhuNHlkU1VaRlBBNmZXLXJhTjZUT2oyQkI1elhuUVlEczNtSU80bVhMb3dpSF9LdVg3cmRZZmhJZXBlRHByRVdTc3RUNWpKWHV0cjNmVjRleVhJVmhvU2JQVnM3OWQzLVhOdmZHSlk2U25DU2QxSWtEamIwMUhwUjZQM1FoMVNSR3N4Umw2Wmljd3BhUDJaMXFJU2pNSVJhMmFZbXZ2MG1nQQ?oc=5
NTES,2026-09-11,Do Options Traders Know Something About Netflix Stock We Don't?,Yahoo Finance,https://news.google.com/rss/articles/CBMipwFBVV95cUxQRHp2RFRSLVg4bnFndWo4aVBvVUtDaWYtdmVfNUY4U0dEWXVLSWVRY0lLbWZKdUdzd0hPOGc1dk5IdFh5Y1BGaEZBMEJldHZUWDJ2VTcxUnA5R2E2LTJudTQxUzY1UF9nVkNMakU2OEhjTktOZXRtZlB0YnMtQWw3ZmVGeDBoQmNfRWRnbjFiYXI0VlJNa1NxdXhzWVMzYkJiQnl2dlJBTQ?oc=5
NTES,2026-09-13,Intuitive Surgical stock gains after strong first-quarter revenue growth,AD HOC NEWS,https://news.google.com/rss/articles/CBMi0AFBVV95cUxOZFdmR3B6Mi1SSHpYTDAwc2FuTFM3Q0JqV0w0UzdrQndVRkRWeEVrYklyRGFnb2VoX3BiUjhTWWEzV1FRWkpHaVk3OTZOX0NucWdsS0xBS2gxLTZ2eEJaSDNGWi1SVWxuN1hycXp4d29SdHVPSjVBc3NXRERGZ0JjZTJ1d1hHR2o2eWd6RzJ2cEl0a05FOGhTaWZpUUNOSzN5M3FpVmNTTTBNVk5ySlZteTB6cE9HbjV3V3BYUldOM1JhcVZVeHJ3Yk9nLVNTM0pO?oc=5
NTES,2026-09-15,"Turning Playlists Into Communities, NetEase Cloud Music Builds Its Edge in China",Morningstar,https://news.google.com/rss/articles/CBMiywFBVV95cUxOOUs4Rk42WTFabWtNSzA0RUJfbEsyRUFRWDlnY0M1OUNOWWl4SE0xN25iU0tCd3h2Y24yWE5rV2ZWbWtuQnU1ZDd0WmRobzAyT2FJblRId0JSbmJGTmRSMjduTmpnckFNMzRWYTBqUFJHQ2RjYkRXTHU3SjVvVVVsNmxYVTBHTW5UOVdRUDUzbkw5Umg0UjVIazREMnhTbHprSXN3MkZfMHU3R0J3Q1pLTE5mUEVXbGtnNHVLOXNqYUlIUloyLXNjWVI2MA?oc=5
NTES,2026-09-16,Top Music Stocks To Follow Now - September 16th,MarketBeat,https://news.google.com/rss/articles/CBMipwFBVV95cUxQbUZSMGJ2M3FGMEU3OEc3OUNOX0hnRGNqZThyQlFrc21NSGxhRnJvd05DbDFRVmplc1l5c3RoZHFGRVdNa3VhQVhldWFuXzc0dy1kODBCbEFRemVrWHpXM05Rcm5GLVBERy1XTTluaHZhcXBxVTFsRXROdkswcnV5SE9ZcDBrR1ZXMzRiZkNtT0c3ZFZza2tsUzFmRmN6ZXJXcHZia1VxNA?oc=5
NTES,2026-09-17,Barclays Sticks to Their Buy Rating for KKR & Co (KKR),The Globe and Mail,https://news.google.com/rss/articles/CBMiywFBVV95cUxPMDc2dHV5TjQ3MGlVMERGeURYUjR0SjkyZ1VmUjhuUmpoODFZTGlmSzg0VFAyZnRQbWhOUE9HWG1EaTRCTS01cy15ckl2SHVNd3paOVJhN283M1dkdW5WbWhSanNrZ3VQcUl5cElMazAxLXp2ZWphSU9OOU1EMlFnMXIyeTlZNDdMRlYxMXJRU2ZHSjRTZ3VKLXBTdHExSHoxUzJvbjl4OEJlYWxrUWcwNVNlLWVWaUhFWVhnc090a01ENFd3M3Ywekg3cw?oc=5
NTES,2026-09-17,Promising Music Stocks To Keep An Eye On - September 17th,MarketBeat,https://news.google.com/rss/articles/CBMitAFBVV95cUxPYkFHSkRCYVJ6SVI0d01CRU43OUNwRTE4QVY5NjE1TTZmVko1Y0RyS2lRQU84NUwtWUxwbjdDMDRfRW50Rm1ldkRPTllJNTByaG9TRmdnVXpUS0x1ZWR6eGw5X3YwTjB1ajZONlRCeFFNSUtwcjUxSTM0Qk42dmQ4UVZNVmNoeW00UFo3MXhGV0lpVEJsMUFEdUhPRFJYUXB0d3paS2NEOG01U0R2ZG83LURWQm4?oc=5
NTES,2026-09-19,Music Stocks To Watch Today - September 19th,MarketBeat,https://news.google.com/rss/articles/CBMiowFBVV95cUxOSnNBeWZ1b2pXUEJpU0N5YU4xV2lZTHlrRHA1Y0E0S3gwUHBhQ3h4cGV2MTBoTXhza3pBQnVGZHJZbU1CR3FGRUJMUi1sMS1vYmNiTkU0TUZ5Y0NKNnY2VDVlS3pNelFqb0JnRV8xd2JNZF9MYm92TlBDaXZsNW5UMk41WkFuaF9LQmdISzJjQ0R6T29IV1NHUHc2TFdraGNMMTUw?oc=5
NTES,2026-09-19,ETFs Investing in Netease Inc Stocks,TradingView,https://news.google.com/rss/articles/CBMiYkFVX3lxTE1FZmw1eHl3eERaMTBLeDV5VDJrdHFNUEUwbzZXWDRIMTF1TEtvRWlIMTl4MWtDd2EzZHA0dzBkZ3FPNVZ0ZlpENFBDR3Q3ZER4c0V1TzdEbk14dDRWRGVTUjhR?oc=5
NTES,2026-09-20,"DeepSeek Eyes $7.4B Funding Round At Up To $59B Valuation - JD.com (NASDAQ:JD), NetEase (NASDAQ:NTES)",Benzinga,https://news.google.com/rss/articles/CBMiS0FVX3lxTE52Q2FVT2lkX190dU9DdGlRODduSVI5ZnQybk5tTDdRY3lfc3RuYWNqaXZtNEpCSG9xdHBNSnlfOXFpaU5JQzExeVI2WQ?oc=5
NTES,2026-09-20,Porsche AG stock falls after Volkswagen profit warning and Porsche goodwill impairment,AD HOC NEWS,https://news.google.com/rss/articles/CBMiyAFBVV95cUxOTWFlZ28yd09SYVhuT2F3TXRmWlJ1Tk9UZGQzX2dUM0hnaEF2R3ZyTGdYYkl0OTRaWHMwQWFIX3pIQUxCa0wzY3dvQ0x5OUd3cDJOUFVfQWl4VkZpZm9IVlplcXNGV0xHZFRnNHlyLUhCZTlUYmM3NFYzSVQtNC1HMVNJbzRtX09UeTQ5X3lNS2hJLUJmSHR4WkxQeC1ZalZZRGxzRXdyckNFbTFuNUI5M2o0NU1La2hFSnRpSERtRjJyQURzclo3WA?oc=5
NTES,2026-09-21,Streaming Stocks To Keep An Eye On - September 21st,MarketBeat,https://news.google.com/rss/articles/CBMirAFBVV95cUxNNDJhUUppenJJSGZsaXV0U1k1N1c3RXlWcnVUV29FWl9iOHB0X0ZzbmtfRW5lMVFMaEJSX1NjelJLaHRCSHlWbDY2dW1BNjlzbE5oeUozbkQ3MlBtVzhzR3FfSkZMVGZST0lYNG1kVzdzZC0wYmR1ZG40bjNINUswVEFiTmdCZExZbzZuU21RZk1ycEk2c2I5TnRSZERDTUdVSmpnMVB6UFNycE04?oc=5
NTES,2026-09-22,Discipline and Rules-Based Execution in NTES Response,Stock Traders Daily,https://news.google.com/rss/articles/CBMizAFBVV95cUxNRlRkRXo5Q2VhTUV2cUpmcjNNVWItd3otOS1sbjczdnFnZERsdHNDbmRZX1RrNk00SlI3M0trZVdnSTZKcWo0Tk5pVXF3WjVubVBlTWplVTdmSVhlY3dXY01kQkNwZWY4RmszYWFSM1BZRkZUVjh3V0U1MG5TbVZ1bk1QZFd2VlVod1JVS2VPcmpZZGV1V3lDMG9NYmJEWGJtc3RHRGtSTDh5T1RnTWxKLXJPb19XZ01pMmRBQ2pNQWRIanJvakpzQUd6clE?oc=5
NTES,2026-09-22,3 Video Game Stocks Investors May Revisit After Microsoft’s Xbox Reset,simplywall.st,https://news.google.com/rss/articles/CBMixAFBVV95cUxObDhRYndMbjhVbzktb3kzaEh0OUwwQUVUSER0YkZqLXpPcnFQcjlOZHZBY3R2RUxOQWFZZ05iMThoN09rUmljM1JDcGpBOFRRU0pBVVd1UWlZeDh6Y2dhY3gtcDRkNFMxaDh3RUV0QUs4V0xMeWxxRmlmaklaRTJoLUJzekhpRXpzeDhjWlZDTUJUSkJqOGZaMUowbjgwMEdmYm1zRlpGS2I4Z2w1ZnQwWUJrWXdzd1JrY1VsTGJDQnN6WUQz0gHKAUFVX3lxTE5aVkgxbkRuUG5fMW96QTJoUnc3c2l6UEw5a3NrVHFEc0VzNkVIb0Q0U0xuTTQ0YW1IeHJ2d3dhQ2dCYm5TNE1MaVBaQzh3VlhCVkNtaVZwNmdsRnJ6YkRKQjRxM2NPWktxUk1oOUUyY1FFa2FjdXBjc1dQaV9INHhKMlROcDBiNklUa0VTQVN4SHlsZW9idzdudEFSSWlWdEtIVEJVbkhUdlJvTDhQNlUxSnpVeVZrVl95bGVtYlRvemYtZEowMnVhbUE?oc=5
NTES,2026-09-22,BNP Paribas Initiates Netease at Outperform With $180 Price Target,Yahoo Finance,https://news.google.com/rss/articles/CBMiqAFBVV95cUxNaFJTU0VuMG9qbkZsMlZlOWE4WlE4cU1wU1pXZkk2ZDRHVDY5T0l6cFkybHZZcEdfLWxHWFhpWGFYWjl2R0JOeTc3X3JwWWVrVThvOW9WdVJDUTF2WnloeUhFbHRNNXA2Y3ZMdnd6Tm1ZdTZpR09YZHA3ZXRDXzIybUlFbEpvZTRpdS13Rm9zSmdJbDRjcTg4X1JDRF8zT3NrLU9SREF5WkE?oc=5
NTES,2026-09-22,Noble Corporation stock holds at USD 44.20 as targets point higher,AD HOC NEWS,https://news.google.com/rss/articles/CBMiwwFBVV95cUxOLU94WHpkMTN0S3NVY1ZzelVmV19CTUFwTXJMZVJCaU9MYzBZTWdlSmNSaWoyNHBYS29IX2ZUcnpDQXFiQU9aNS1HcXNOYnlDZGdOSkhIdVhyTlRoMzBwZUM4ZDJwcms1SVJmbHF5cnR5c1d3NDZMWEZ5TEswRk8xWUxKVTdzZzh6eHZRWThKUTRXamptcnJyYlpheHJsOE1qNWZ3d0JVNGEzU2c2Z2VyR1E3S2p5RFd2R2JXdFZ5VWh0UUE?oc=5
NTES,2026-09-23,3 High-Yield Stocks Near Their 52-Week Lows That Dividend Income Investors Are Sleeping On,The Motley Fool,https://news.google.com/rss/articles/CBMilAFBVV95cUxNRWViQVk2cXhpTVRXTHJhd3Y4Ni1pTFIzWEZpWWgwZ25SV0ZBSmVWZzN0ZG5wZjNBMXlaSEktNVhfcHVwaVRiUjJfcDN0WVZWcU5GcEVDcWlBYkoxa2tTLUhiaThza2FTd05mOEd2NFRlYS02RU42b2d4X2FldEtFNUw0bzQ0YS1PRG1tNE5NTlZ2bGR2?oc=5
NTES,2026-09-23,Noble Corporation stock gains as analysts lift targets,AD HOC NEWS,https://news.google.com/rss/articles/CBMiswFBVV95cUxObzFBd05ZenA3Zmt2WGhkWTlhb2FXQzcwN1d1Ui13ZWdBbVhqWnZQUjZHd1NKSjFfSGxKWWxzN3pmUTFaa2dybEMya21JaFFSRzlqU2dnTDI1RnVKYkNZREc2VzJHajVfdVpqYXQ1WGJ0SUx3WWpzWENPbGNlRkdCV3M0dm5hSE96Uldlei1tSFRPQ2RjU0I1cm5FUnB4YVV3eEg3elVaVDRCWTI0TVV0YW1ESQ?oc=5
NTES,2026-09-24,Hong Kong shares close subdued amid Trump-Xi summit,thestandard.com.hk,https://news.google.com/rss/articles/CBMiqAFBVV95cUxNd3BEVVBjRzZKRzdLY1BURnVzMTdlWXZiaXFueS1pb1lsRlNmSGlXVzlLdG1kZVVmZFJCQVVqMUNNUVhCby1QSXhleUZQU21YZ2hfb3ZoT1BRRm9mSVdZVEdESHE2bktia2gwQTh6b1pNRmRISndDSlo2alhTNk45Wmk1MzhrdHBVbnhNc0tkT2FTeVlocXFIZnQ4UFNPbEFsT3FVMTE0WEM?oc=5
NTES,2026-09-24,"Brokers seek pre-opening session revival, margin net-off to ease liquidity pressure",The Business Standard,https://news.google.com/rss/articles/CBMivwFBVV95cUxQSHdNUFlOUlVmcUxyOTNkLUdvZ2ZudVJxeDAtVzA0LUdVSk5xdjRlREhuU3hBSngxOE9Jd0E0Zi1nZzVGU3NQVm81ajduTVdva1VjSTZTUlllSDhHckVMd1hhcTN0eFEtZ19IbG5uTElLeVhSUy1pSlBKeTB6QWxseVpXTkZfaHJmNjlpM3RWSUt3alV4eEo3SE96eGh0YU1tRW5VTnpkMGd5S3RIT21zQnhrUnZKY2VhLTVRbW5tSQ?oc=5
NTES,2026-09-24,NetEase Files 2026 Interim Report with U.S. SEC,TipRanks,https://news.google.com/rss/articles/CBMinwFBVV95cUxOYmlWUkRKTGsyZG9QbEdFcXlHcnE1Z1habU45emhiZ1FGM0wtUUFSMHlWOUJ4dTY5cXJLYVEyUEs5Sm1LdEZsTTZjOTcwdWVOMm45LVFBcVJDRUpPeDV2Q3paSVB5ZkdISGtpVThoODVqT1JiNzIwWTRvZjAzTlFDSC1hNXJjaWV0d2h3VjBvdWdHYmp6aUVRY0FKWnhHMFk?oc=5
NTES,2026-09-24,NetEase (NTES) makes its first-half 2026 interim report available,Stock Titan,https://news.google.com/rss/articles/CBMirAFBVV95cUxOU3dTblZial9WYWd0R29FS09BSEwwdDVZak9fTFpJcTFKZWlQZmxuWHRPLXBYNWpOazB2R3FWbS1fZmpvbE9YaHpPVmRVWTgzMjBvRmlFT1ZVbk9TcmNld05jZWRvbTdIVzJiTzJLdGlMVERvLTFYSi1CNS1wUzhDLWc0dmJaX1RHMVlxanpZOXlVMzVXd0lwSDFCRUZBekNOdVFOd1o5ZUlGdmZy?oc=5
NTES,2026-09-24,"Hong Kong Stock Exchange Today: Hang Seng Index Slips 0.29% to 24,761 as Oil Majors Cushion Tech Losses During Trump-Xi Summit",bbntimes.com,https://news.google.com/rss/articles/CBMi8AFBVV95cUxNcmhDeXd6bHdadnctd0J1QUhKcFZEWk5rNWJNY3ZUVFVSN0p1UlBiVjg5Q01DOG1CU0taSE9feUlKU2hySWw2Q0EtekhwekZjaWJuLVdzMWtoZldNYW5Ga3laZHFPeFdUb3NLSVZweVMxbVpRYTdOOGZ3ZzZ2M2V0QUYzeW5fX0dza1VFejRMMENLckpWejVESXAwZTdhN3pjdnliNm1jdGZLbXFuRnFocWgwa19KZ2lKTlQydXFtaEc2bzg1NkxRbVplZERMTkFQMmNkV1Nkbk5sLTFEMUZMaC1iU1lwZkdhWFJadXExd1Q?oc=5
NTES,2026-09-26,"Hong Kong Stocks Drop 1% As Tech, Insurers Drag",BusinessToday Malaysia,https://news.google.com/rss/articles/CBMilAFBVV95cUxPZGVXYlV0RFZLV0Y2NVN1c3dIZXdwcGNsanZnRFpUNW5CbzBCVG44N2FyQzAxdWxnQXFvLWhsVmdsNHJmS0FlS1ljYW9kaWNpTmRJZGJEeW9hUVRMLVRDWW9nUmtWTTY1SW91djVBWkIwQjU4MU1nZzVZX05hajUxWVJCeVZ2Y09BQVNwLUZiTDJOampO?oc=5
