ticker,date,title,summary,url
MRK,2018-01-05,Bull/Bear Outlook Disney: Will 2018 Be the Return of the Mouse?,24/7 Wall St.,https://news.google.com/rss/articles/CBMiowFBVV95cUxNeWNzOTdaVlFtTjFjS01KREtfbXp5U2pSSzUtRkZQOWx3OXJXQWhwR3hnS1hOcFV4aE81NGpIVVhFNzhzQ0lxSXZlanBkRVJPT1lwZHpQWWRRTXdTX0JyS1JOenhBdXY5Zm1CQWg1NEFVSkVzUWdMUkU5b0tzanhpbW5PM2xVSWhYYXQ5aG4ybFFUaEhtSUlOLURHLUtVSVY4b25F?oc=5
MRK,2018-01-15,LIC sells over 2 pc stake in Merck Ltd; stock surges over 19%,India.com,https://news.google.com/rss/articles/CBMimwFBVV95cUxNSm1OTHFaOC1tVkRGRjhzOHowckNDUERtWW9YWEk1SXNneEJQUUZOQjhKUnNvZnBxbXYyY1ZVVGxiY2pWZjlQa2dTVjRpT2J3NW5PRXBWT2xXX2xrRUZrRHAzTHN1Y1h0bG9UUTZxZGZ5SXp6SmtrWkk2bU40bjN1Z2VmbVc3cWpvdzJPeEcyclZQeE5NRXBCeER5ONIBoAFBVV95cUxNelplMjd5M3VfWVFzRktOemNXUEVZdDhobHlOZWljRzlobUo0YVM1YXZvTEhuZzVERi1aaFhIS0l0MEFTS3VPWC1BaXhkWWpDYTRmQlJMc0FfbEtzVG1oSl9sOXU1SXJOOWJPV0Vka0Juc0VaMUtyR2phdV9OLVN1VzJkd1NTMFdxODVEeE9nQjV5OWVtX2dfY0lUbjhTeEJL?oc=5
MRK,2018-01-15,Lupin forays into OTC segment; eyes Rs 3-bn turnover in 5 years,Business Standard,https://news.google.com/rss/articles/CBMizwFBVV95cUxPMk9FUEwxMWdmRktEWnBVQ3VjcTR4cUdPekxGVkZqTzg5bDRQdnRKX0FObk9iR05RQXNSbGUwRzd2SUNWTkE2cVlvRzVkalUtYmtNb29XdlJwV3psRjNDQ1RuWHdpVHA2SV94ZVpUZjlSTk1adUxkUHFVcE4wV2RSVmE5bWw2QXd5VE1Iclg0c215UlZUNzNXamtWX013djFoUG52SFcwZ2JMVDNLdFpUNVR6MkZVRE5nZVhDZnFIdnZuVVhZY3ZVWDdTZkNldVXSAdQBQVVfeXFMTmhHbzg0N3pfNVN6d3pqb1VDdXl4MkNJcGtQc0RtVUptZHMzUlp1Z3huRG95NXJWQ1lHTl95UmZBcVduY2VEV2c2YVVKZGkxTlluTld5bjhub2FoMDFiRE5sYjRydHBKNjdURUl4cVE4RTFGZlJEVTlPc2t2SDhpUF9ma1l6QXRUY0g2NEVLQkV6Y3FsRlo1TmhIX0U3Q3pLR3ZhMFAyUXh2Zlk5QVFydUplZVBkaWR6amhXYWxaREVTRTlDWTlxbmZ2N3VOd2JXOHAyemM?oc=5
MRK,2018-01-15,"Lexus LS 500 Hybrid lands in India, prices starting at Rs 17.7 mn",Business Standard,https://news.google.com/rss/articles/CBMi0gFBVV95cUxOWHBPN2ZUOG1ST21RWm9oelE5MzZncTY1aDRCcC02Vkt2ZXJmY0EydjF3R2Zpdk8tOVAxa0hCNFRpZVV4a09mZnlIX084a3lEQnp5YUxjR3BreUZWZXFXbnIzTUFvZjdvRmpYZTM1c1pvcl83alAyVVRJQnlhczNwcC05LWJucnJ6SkVwQW45WEdtWktjMlg5NDJvRWIwRWlMRXlMQm9RZTNrbDJXRTdEYVlNNTZSVVJMbmlDSmN3VU9PUVZUNXByOHNvdkg5d1p4LXfSAdcBQVVfeXFMTnY3TUppQllfa1Q0RG1EZnpFUF9yMG5LSzYyYnlCajQ5dXJzeTU5Y0pnaVNWRVBRcFBZUV92TUtURHRhS0plUG9kWW95N0tndF9ZMEZBSTA4M1g4OGlPZDNXaHlQUlF5b01SRTlrT2FIMk0xWkw4cVZWU1NpREI0bkZ0VllmNzktV2JLdzJqcUhOdi1lbjhVZVg5YnhqdEk4dnBETEVyeFZKOWJFeGhEaEh1STdkVkIwMW84R0NGVm1tel80Tk15aWN5TVVTQUYyWDAyTjJFbjQ?oc=5
MRK,2018-01-16,"Dow Jones tops 26,000 for first time as stock market boom continues",theguardian.com,https://news.google.com/rss/articles/CBMitgFBVV95cUxOQ2M2OFdmaGNKY21vTnR0cE0yQndTWE5HU2Ixb0RrRUpNdWZITlgxbE1aOFNFczJWZmNnOEdCbjdNYlNZdXpObEVwdnd3TmFYQ1JOMWZXem1TRVhCR0pxQnNzMmVvTFZfaFRUcVhkMm1tQzQySWxxMVQtMEdNNk45M2p5Z1B6T0xORDhpb1p4b2dBZTRIWURabDVmbXJNbXFfSWVtSFE3YzBBVGRUeV8yQ0lDaWtVQQ?oc=5
MRK,2018-01-30,Trump's top health official traded tobacco stock while leading anti-smoking efforts,Politico,https://news.google.com/rss/articles/CBMimgFBVV95cUxOS19zN1BMdmNsUkV3UFlvR2RCRVJMRXNPOW1xamdPcmFUQlFjYkEzWXZQdWRBUno2VHJZRFJHcXRiR3NsUEo3OWhkRk13eHh2YzNoMTBaWUJ0VlNGX3dEekJfb3hnd2VYOTM0UVg5SmdZaW9DVXdfR3IxZzBnNFVXd3BGLVVTS3ZUNUdFTy1HaXhlOW9yM0V2RzlR?oc=5
MRK,2018-01-31,CDC chief quits over financial conflicts,unionleader.com,https://news.google.com/rss/articles/CBMijwFBVV95cUxPa1JOWXo1dS0yVmtRYjZzUUZ2ZXM1MWxJRnlwWHhseGlZX04wZ21VQ2laVlZ2WHhIUmFQUmRqS1pXZVgweGhuZDI5Tm1nMl8xeG14WFdIOHdXbFQ0WGRIaG15X1pGQmhQa3pqcE14MGpSdGdpLUpDUVBTN1hJVk5GeS1paUhiOFczbWZRaE1lYw?oc=5
MRK,2018-02-01,"Technical Analysis of Merck & Company, Inc. (NYSE:MRK)",TradingView,https://news.google.com/rss/articles/CBMiZ0FVX3lxTFBPTUlmc0loYUpqMHROa2FTWEt4MzhiSG1iN3I3RUFMY0U5S21lV0VnM2tBbmRlbDNlaHViVEdNU3dkU000dXByS1ZJbTZMZmNKcnBjVHVDTjBTelI4U1NGUmt0dlRFLXc?oc=5
MRK,2018-02-02,"Stocks making the biggest moves premarket: MRK, EL, AMZN, GOOGL, AAPL, V & more",CNBC,https://news.google.com/rss/articles/CBMirAFBVV95cUxOcGdIMk9pMUk4MkdzVFRpWEEzTTFOLWNFZkF5MTV2OVNnU3FnaHlRekc4VmxMQkRta0c2TWNNMWZDSjNPZld1Y081YktIX2VWdjFOQnpkUTNfVkZSS2xrV1ZURFhLZk10QUZGZzFhX1VEWDV6Q1htUGJuQnVGajRsWnBiN3k0WkNBek51TmVvWkRQaWFhdDZwTXlBTHM4N0J3UWtPUmlud1UxWmkz0gGyAUFVX3lxTE9TMDB6a21iY1FmQU9YVnQzeTQ0UFhuOGVkbVNubzVmcHVrTTI5dEpBRmNubEF4SjdLTzE2b2JfRkpqaVNudm1ldDEzZW1RYUctOW1ncUJGQ3lpNlp6WXZidXhZUDhBbU9jYzVKRGxHN1oyNnBJT0JYeVhrYkFJd2ZBRzVST2VFbTExZ09sWFB6bGxYb3JvX09lbFdnQ2EwT1p3MVF3TzVwbE5VbXF4WXRqV0E?oc=5
MRK,2018-02-17,Boeing Remains Dow’s Top Stock,24/7 Wall St.,https://news.google.com/rss/articles/CBMiiAFBVV95cUxPa0t5OEdTSTEySm5EaUQ3THVyY2tvR25Bclpid3hJTUtwQ1hvVTc1dVg5OGhoSXRPaTc2WlV2bjlsS3BUQnMwUEpoaGRsWS1veGJMWmVXOGE5cFV5TXBXMXhkXzJVMldndElEeThhUVFHRlRjTnBTZ3FBWDdRLVZndlJ1OE9ReW12?oc=5
MRK,2018-02-21,"Pfizer Inc. (0Q1N.L) stock price, news, quote and history",uk.finance.yahoo.com,https://news.google.com/rss/articles/CBMiVEFVX3lxTE1GdElTelJEUEphcWJZajg4YUVhaFF5dGhhV1p0UklPOVNJcGRGZm1sTk1CeGlmZ2psUjJ4NXRqNDVaTG04TWVyd0xpeDNRak1KbEVWeA?oc=5
MRK,2018-02-25,Longtime Philadelphia lawyer named general counsel at General Electric,The Business Journals,https://news.google.com/rss/articles/CBMisgFBVV95cUxPc0JiWGttSGlKc1hobUl4XzR4RTRUUW5VT2daSFNqZ2F1WHJ3TVhncDkzdzRwTGVrMUpCNERpZG1uTVdRdGxLMkFhaEpnc1ZBYlZyVmtWM1NtZ3BwUTZTUWNUcUxxXzhnNWV4ck54dUhYNk9rTm5DZjdHMnhRVWZVQkRHX3RyMGZYX0pyV3FSZ3A1N3pVQXM3YU9vTGpSd3dnUm5OQVdQSkZTOXhMbXFKcUxn?oc=5
MRK,2018-03-09,Technical Analysis of PT Merck Tbk (IDX:MERK),TradingView,https://news.google.com/rss/articles/CBMiZ0FVX3lxTE0zZUE4eWpKNFl3V3gtc3lyRHFYNDBONG92OWVHelRKU180TjJya0tscDNsenViWkFkSjA5cWRDSnVET1RwUV9INms0TkVjSktxTlBTZ29pZ2VQTzREcXNndERoVEotM0E?oc=5
MRK,2018-03-19,GlaxoSmithKline's Shingrix launch gets a jump-start with CVS move to stock thousands of pharmacies,fiercepharma.com,https://news.google.com/rss/articles/CBMinAFBVV95cUxOdUpDSTQxUFFmMGpUbWdVcmI5bmRNUHhQWEo1eGZ3WWRwMzFRMi04X0hHZmdfTVJkeDFob3dFWElrS3I2VVVBN1VHX01vOEY1b2RqWkpsUzRTcjdUOHlGMGp1cDU2RlRZZ0dHSFhhbjUxM1B1VGFvRkJ0TFVETnlrOVdxekFWT1VpNDZrajJRVV9NZ2V5d2lSTWpaSVo?oc=5
MRK,2018-03-26,10 Biggest Product Recalls of All Time,Kiplinger,https://news.google.com/rss/articles/CBMiqAFBVV95cUxPS3o4QUp0azFobndZekZWS2U3SXFfdmhKaHhaMUgyUHF4SXZieE41bTdwNENEeEllMTZibGloalJUVjI2ekJJN1MyeFRIS3d4Snc4UUVkVHRMSHpWQlRIZno3VUU5UEhVV3BITnNwN29ibXlkSHBES2VlMXZMYk1YY2d4cXdaYVlFazd4Y1RJN1I2NDlfMll3NDQ3RTJTZzBUMkVTY3QyNzA?oc=5
MRK,2018-03-28,When Will They Learn? 4 Huge Biotech Blowups,The Motley Fool,https://news.google.com/rss/articles/CBMilAFBVV95cUxPX2NiWENybHp5NUJjazE2M1A2WjUzTXNLY1BkVnlPYXhUcWYwUWxacERvYUVvOEEzV0I1Uy1lQ1k5SVA3d3p2RDVFbFFMUzhybkZfcGhuaXk0OW51bThDY1hTRzFIcWU5bVhwbGJlZ3dqa2oycVRwOHd3WFBoTVJSVWVOUXkwTXZiOEo5OVdDWWNNV1JS?oc=5
MRK,2018-03-28,"Bristol-Myers CEO Giovanni Caforio nets $18.7M in 2017 pay, a 10% raise",fiercepharma.com,https://news.google.com/rss/articles/CBMimwFBVV95cUxNN09YWjhmMXpjS2lWMDltTDVLTVQ1cVRJTWJyMVZ1UXNxR29abV9oOWRwSDhTdDhKa1hhVG9TdGo2RWlmc0NtQmdmd2xVOWxHcmVQX0VFTFNwMXlmbFVBcHF5ajVyM19fR1NWY3cyWTF0amtxWkpMSFFhWDZiemYzdVJYY3JQTHFhX21LQW9raUZoeUtuUl92YTRFOA?oc=5
MRK,2018-04-05,HCL Tech to acquire Merck unit C3i Solutions for $60 mn,VCCircle,https://news.google.com/rss/articles/CBMihgFBVV95cUxOaktQNVJkWUlRRFhHSVRGYkF0d0FZYzJlREJVTXlYbHZGRFZ5ZFRsUmxrdTNZb0ZBb28tVm80VEpad3BZZHpVOHNfRG5reDZELU00R29od1dxN1ZKeURLUGxFRUJZdGNmRlJYSUNDdldrcDZpVE15dElUZkxWZmNZZEpCTWQ2QQ?oc=5
MRK,2018-04-06,What Happened in the Stock Market Today,The Motley Fool,https://news.google.com/rss/articles/CBMijwFBVV95cUxPRG9FOUYxcFYxR0NXdko0RTUtTFZORzhzYml3N215SkZfYVFObFFNMmlQNU9sNVNCQ215N2FfcG05SVVaY2VOLUQ5RTV1WDBxQXE3R1luYkp5QUoxZTZRbTMwbmtLN1B3WUlva085UUxfOUtfTFFQa1JaZ2F4SEs1Zm9hby16LWtnMkhEcmFVdw?oc=5
MRK,2018-04-09,"Why Alcoa, Merck, and Agios Pharmaceuticals Jumped Today",The Motley Fool,https://news.google.com/rss/articles/CBMingFBVV95cUxPUXl1a0VadU4wcVdfQVdTYVNOTEI1aHBwQzJPbkwyU2l6SGZxSUU4RDdwTjJDR3RVYlJTTElSWGM4QXVsSVdWQkhJLUlxRnNOdmI2ZVlwbjdQVkhPS0VSTjh1ZG12bFVhWGJBUDE0eUVIMFN1SVNjMkthd1Q0LVFITFlFQ2N1Rk1MXzlNMGRQU1VEZXhXOXRRUW50MXczUQ?oc=5
MRK,2018-04-11,What Zostavax? GSK's Shingrix eclipses Merck shingles shot with massive market-share steal,fiercepharma.com,https://news.google.com/rss/articles/CBMiuAFBVV95cUxOYVNUQV9XREZMeW5LWjNwNFFEdWFwdjBBSjFQNms5QU83TzRBYmFZRkN1aVhZYXdQYjVsN1VtNFJrb3FNLVVyOTc5bXEyMDBWNHFFcUpNN2xvTS1PVzlORS1QMGZMTFhsZ2l5aDNMVHdnUnZYdlpMMzBYSWFkUmhqcmRNTzBOenRyX0VTU2lnd3dyUnF4TDV4ODkyMWExbjFEYjRaUUJlSVE2bjdvaXlDbzZmYXlVT2xG?oc=5
MRK,2018-04-13,"Merck, Incyte IDO inhibitor fails late-stage trial",cen.acs.org,https://news.google.com/rss/articles/CBMikAFBVV95cUxPNkFRbENRQUxoZWFhTEJXWDc4VF8xTUlVekNLRDV2c0dxajg0SDVvOXdhRm0tVEtNSjBwUVlpUlJud3VLRzNwTXdoa19DZzlQd1gzUW0tWlhYTlV1TTB0M0FtNS1tQTZ3VE85YWh5SUoyOWF6dm5QTHYwaV9JYXczdEhIOFFLT3h1aFF1TWxLYU0?oc=5
MRK,2018-04-19,"P&G to acquire 51.8% stake in Merck in India for ₹ 1,290 crore",The Hindu,https://news.google.com/rss/articles/CBMirwFBVV95cUxNc2dRNGVDUzMtVzZ4ejR1N2VLSXdIbmkybXNPZ1JlMm9wQWxBeFhsbVNCdExXUlZISU5paFc0TVRQR2xrYzd4SEhMRl94M1NzUFlCMmJnREhBNHVYc0tsaGNRZW1sWGZILVFabzRjTHR4NWc5LTVCOEI0VUFoUjl5N2pjX3hNUGpDU0dVeXdvU0FwRmk2SFozcVB0dUpDYndDdXFkU2ZmdTlOM1Iwb3hr?oc=5
MRK,2018-04-19,"P&G to acquire 51.8% stake in Merck India for Rs 1,290 cr; to make tender offer to minority shareholders",Firstpost,https://news.google.com/rss/articles/CBMi5wFBVV95cUxNTFgyazBMb1B3RXJDRjVwVDR0ZVZLYzRBck1VbFFqNkdKTzdINmludzJYc1ZBT1hGTmFxbmhWZlBLd1JMa2o3TThEbkNNQzI1UzNyeGh2Q0J2c25yZ3lMN29HUWtUYVZXZXczNzRSNFpwZzNXMEo2OC1PNlpjM0t3Y3JKOV9XQll1ay15TlZmVTNxWFFrQzJQTC01VmJDS0I2b1lXalFiTDFLMHZxYWVqSDRRdGY5NXRLM1F6QzE4QjhjQmtBM0YyUjk2cUp3d3NPeE9ncTBxSXlENEZ2dlVMWmNqdndTNHc?oc=5
MRK,2018-04-19,Merck shares zoom nearly 19 pc; mcap rises Rs 459 cr,India.com,https://news.google.com/rss/articles/CBMikAFBVV95cUxOVnE1SU9yVFVCN0R4Um44NmI0ZGlGeWpIUTdxYkRCcVJjNS05M0Z6Rld1SVhKamFWOGE0T1pjLWJwLTdQYWk3UndYVUVrT3JseGIwNi1QdjJMTXQzclk5TDlaMTMwOEpTSkotZWQ4TkFRRnN3ZWFOeVE0SjNYWlpsMHFhUVRCWGdwbmJxdjlXMXXSAZYBQVVfeXFMUGQwbk9RTjUzbXRrM1MtQ2hxNTE4RHhwRzY0YkdyXzRCT0Jqbm55YnMyVDIyOFM1aHNhamJjRmwxTGNacEdNTW01TVliR2FLWlZ2NkZPc05ycTEtek9zWDlDR2Ytc3NfbEZuT2lmRkRaNGRsVndHelBWYjB3X3ItMFgzLUQyTVdPVEl0bmVJclhWWDJvdmxB?oc=5
MRK,2018-04-19,P&G agrees to make $4.2 billion purchase,WCPO 9 News,https://news.google.com/rss/articles/CBMixAFBVV95cUxOSE1XSE9MbWxoUm1RRmdfbjB2azltcUtVblU5ZlhsTTluWGZwZDR2Z0xhdnVJaG9PNXZkUUpTenN1V0NJS1JSY1JUWGJEZnF4dy01LVE0blB4TFQ3TFpYLXNXTDlaSmZSQ2pjOXJjOTdLOTJiRlg4VlVNYTF1THJzUzkzVEZFRVNZYnk3RHRqUDBwMld1VjBWWGQwbnJQUDRGYlFyUHY0N1BhVXZmZXR1MTRzR2hJNXRLOVU2dWFaUEM3cmhn?oc=5
MRK,2018-04-19,P&G absorbs German Merck’s consumer business for $4B,BioPharma Dive,https://news.google.com/rss/articles/CBMikwFBVV95cUxQT3d3YXZoeTZDV25PanczQzl0czBaTkpsQXMxMWZaZ25kVG1IUFYwaWVyRFEzXzRuWjBZUm1mbUJWXzQyRVBJUW9kWktuMDE4T1V2ajBWWXVPNWowLXNib0pJN2tZWHVtNExuekdRcFlLd2pqM0VkakhEZVVNY3oydERPekhDRUtUbWNVMVphQjhJYzA?oc=5
MRK,2018-04-19,P&G Vows More Change Coming After $4.2 Billion Acquisition,Bloomberg.com,https://news.google.com/rss/articles/CBMirgFBVV95cUxOQTVMZFptMFpRbjhXZEdELXpEOFdTTTdpWVJZX2ZpTkRRZUl0LVJtdTdaNU9hQjBfYW9ueF9WNGduZjg3b0JiSXRyY2NCeGFNSWxNejFqRmlDUTR0VklVR21IckNTcnNDY184a3BkNHp1Q25FRFA5OTRfcE9wVmZNZEM0OXRMa3BGWlJJbmc0bHdCZ29PYWpsTHcyWjgwYXRnM2FMYTRLY2hxS1kzRnc?oc=5
MRK,2018-04-20,"P&G to acquire Merck India business for Rs1,300 crore",livemint.com,https://news.google.com/rss/articles/CBMiugFBVV95cUxNLUFrT2MzaTJNN0NGb3dOUmcwNnZ1VEhXVUdnZDM2VFRBYVR4U3RyVy1XSGlEOGRyZEtGMHR1TUxISWJIZjd5NEZNcTNjYVJnNHlkVEF4V1ZGdGlNU2pvR0kzdEFLZVNhdFd2MnROYjZNZzRPQVBmNGplQ194VW1OQk4yalNnLUU3Vkk4eFRYUUVRQ2RST1ZnZ2VfUTFJYWd3bzR6Z0hDNVJHRjNXbUhyN2taVms4b0lvVGfSAccBQVVfeXFMTnExS0Z1Vmx1N0Zka3ktQjBMTDNnV1RtMWRFRUp0UFlHWDNZSm9aTktiX19SbjFldFNWM2EybFJJQVVJbDgxZ0RlZW1oNE9wUVRfazRhVjJSM2ZkYWZDSUp2ckU1ZUp2Y2dzWm5ZYlF2cFBwTkYxcUxKc3BUdUxXYnVNR1A1QkdoT3VhQlNrSnpndzFNakQwQ1dUWUd0MGZUcTBnVk9DTWlvZjQ5cTROR0ZxcUxUbkpvZ3JWZWlmRVhGV2VjYnNKUQ?oc=5
MRK,2018-04-20,"P&G to acquire 52% in Merck India for Rs 1,300cr",The Times of India,https://news.google.com/rss/articles/CBMiygFBVV95cUxNeTgzLUVCSlVOTU1fMUszbzY4Yk1pR1BBMEw5UTlhQTVfaGZMenlZeVRrbDRhOVZhTElqTjhuVGVmQ2d5OVRuRVRNSmFLbXpwcm5TOG5Wbk00ZzZLbHVxVjBtdVZwTUxGZnEzaHNIQWZTLWFERElYc05PTHY0UFFRcXM0N3F3czJfQmdOOGZpZ2EwbXAtRG8ySlNrUHQ2NEtfOUJsWXp3R09FSm5QQWVBd19ZY3dJSzFqYzdIT0RuVHh5RGU3dnUxZ2VR?oc=5
MRK,2018-04-27,"Merck to transfer certain businesses to Merck Life Science for 1,052 crore",India.com,https://news.google.com/rss/articles/CBMirgFBVV95cUxQcXBHYlZEQy1NNGtsWElzM05hcFAxZUNrdnYxS3RocGpOOXdMTncxLUp1cDhnMk1sRXVZUDBqblV2YWwxZkl4VWptUGJiVXU1QlVSTkNDeklGUmJsc0xENGY2THhtemRoVG1JT0QwN2JjRnJzd2w4cDdWc0hHSHowXzZOc0dmR1JQTC1DNE9JRS1ETW9URTdXT1EzcXF6T1pkV3d4VlMyRDdCc1RXQlHSAbMBQVVfeXFMTzhyTEcxck5GblhHNkRob0MzMDFUZVV2WW9rWE9QS2o0Z29wSDFFM2tOdXNQSnZGSWU3OFZfbFpub0ZWZGhkbDItYlMyLXN4cExnMGMtMlE3ZlVTV1hlYWVSeVEzNGtSV0RIVFpEQV9tUE1NSHFxUUNTVGZGSTRfM1RVS0d4cFBxMlZzNXpyWEdJeHF2d1Nka0dYNUVsTFVwMWo4REZZODFDSnVZeVU0RjJWNWs?oc=5
MRK,2018-05-23,"With global supplies running short, stepped-up Chinese demand paralyzes Gardasil market in Hong Kong",fiercepharma.com,https://news.google.com/rss/articles/CBMiqwFBVV95cUxOYUlvZGpDNEFUN1ZzWW9GWVlCS05NUkdWLW1YVlNhYzdCbUdfb1NtdDZOMnUtWXZPOTZ0WkVfbktSTUFFckdhZEFFRUdBZ04ydkNZWk5yeU90UFBabEdoLU5acjR4VTdycXJDSlRzSnljc0w0b1RwSHM4amllOTJISHJQRWhuSFlWYnp5Y1dhUHdlY3E4YmZaSXZtWm1ON0p0QmtLS3FPYlc0RFU?oc=5
MRK,2018-05-24,"Target, Kraft Heinz, and 10 Other Safe and Solid Dividend Stock Picks",Barron's,https://news.google.com/rss/articles/CBMidEFVX3lxTE5fUldhVlhyRnRfUFhXZWRhZUdVbjJWQlpka3RuVkZVd0pjZUhhcG9fUU1sTEdCVE5YTm9LRWNRQXVpVzRTNTlDaDVQbGlBMVRBME53NXRFTEtveWIyd0VUR2R4U2YzcUJnWWo3MDFPUUJaZjhs?oc=5
MRK,2018-05-31,"Meet the Gardasil billionaires, spawned from Merck vaccine's advance into China market",fiercepharma.com,https://news.google.com/rss/articles/CBMingFBVV95cUxNcG05QjlIdEhTS2Jrcm5aRGRHM2pNaDhhRUY3RFFyZjM1QzRHRWRNSWdvWDJaT09jbUtjZmZrLVlRdkpTay1FczFTUnZ5RU1KcjZwN192UGt5d2o0R2NwS1R0eTRaaFRDSnF5VlBQLWVWSnVnQkk1SVh2Q01kTC0zR3hqR0NFMk9XcUJiNHIyRXdpNUhtWmltSVppdVp6UQ?oc=5
MRK,2018-06-06,"Ovid CEO Jeremy Levin chides pharma for using tax savings for buybacks, not R&D",fiercepharma.com,https://news.google.com/rss/articles/CBMiswFBVV95cUxOU2FKcXBZWFZwMkRjUHNkMkNoYjZhXzdYcTVucUpKSTVXY0tha0lJX3RtblI1RENYUE9fVnQ5cEJJTmVOWGxhbG5lUmZVZHBqbzZLSndmdFdmcl9oaGFMWjdwZGE1c0hHN3F4a1dlQzBWc2VhdXZPcXZBSFdrR29mZF9rak5vMGtxZzU0NEJZMVBpZ0IyQXNfZThWRWp1M1VZTzdvamNFMnQxdHJ2V09XUXdfYw?oc=5
MRK,2018-06-22,Nerve stimulation device maker electroCore goes public with $78M IPO,fiercebiotech.com,https://news.google.com/rss/articles/CBMioAFBVV95cUxNRlBWVG5PWHZlS0hTWHZvNmdlYkRrWU11LWFFZkNUYlVLVEd4aHBIamVxVXAzdFUyVUdvT2RhMlFNMkFPR2NSVXNXOWtsc3dQS2FXSWJpaUVIYjFldU1rNWtSYmtyNGsyc0hvM3VaVEpYcUZPdzV2MUV6cHBrdHZpeThjMW1pdTJrVExoTWdTSEFjdkdWdHVRdXBKQkUwOU9C?oc=5
MRK,2018-06-29,Former Guns N’ Roses Manager Merck Mercuriadis Raises $260 Million for Hipgnosis Songs IPO,Variety,https://news.google.com/rss/articles/CBMizwFBVV95cUxQQ2p5ZGdnNmdnR0g1N0hQZXNreXNCaWFic0xrY2t2Y0hKY01FMHJnVzBaQVAyVVpPam8yTFFRS1FjOWJ6QklYMmVkMElrYTJpejhHUG9Ua3h1d2JVZ2JqdUJJN2R2cGRHb0hiZHM0M0FQNnQxekpQbWFIYUZmcl9GX011NHRYNHNDcDE1dHUzTWoxM2pmYWt1Rkl0ZVlsVkI4NDFLLVJuNGVJVFc2bWFKV1Q5Wl9nd09qUi1wZUJBangwMUNrOUg2cXpnd25SS2M?oc=5
MRK,2018-06-29,Former Beyoncé Manager Merck Mercuriadis Raises $260 Million In IPO for Hipgnosis Songs,Billboard,https://news.google.com/rss/articles/CBMikAFBVV95cUxNeXZ6ZWJFMXZoclNxeXNrZlk3N1hTazI3UVI4c0VqNXkyb0lSTnJmUVEyb2R4RjdNODRTUGNvTkxTTUQtaVNaY3lGUzVqQ2NZMlNxNlhBM0lvN3hqckhQbDhkNFNOTE5qWm5vREpzQXVyZzRHQVR4Nl9Bc3RVUGh1YVN1X0FZZ1UtWGRfQ09kcDM?oc=5
MRK,2018-07-11,"Hipgnosis Songs floats on London Stock Exchange, confirms catalogue acquisition",MusicWeek.com,https://news.google.com/rss/articles/CBMixgFBVV95cUxPcDlTM09TWUM4a1BoWmp2WndVQ3RBdHB5SVlNcF80dERPMGVZYVBsOEVIVGtVcmhlbDRFeWsxLWR6NkcwMUZ6MzZtN0JRS2Q2SExaMUg3VUpabkVlSkhIaGpFbGhBR2dfOWFUcWg5RUtzdWFTS1FzTUtBdkltWjBjR1JnbktoSEl2V1M4YXZNcThOQURfZG1MSGlnTXlSNHV4UDQ1Z1E0WEFfajBBR3FmYU1wQVJ0cFlUWVFqZmFBbzg4TEZLT3c?oc=5
MRK,2018-07-11,Merck Mercuriadis fund pays $23m to buy 75% stake in The-Dream catalog,Music Business Worldwide,https://news.google.com/rss/articles/CBMitAFBVV95cUxQdVQ4bU9JaUN1T0FFa3NxOHpQa3FpS3F1NHVlMGhoaEtlQ0Q5ZFRrd25sVy1NRnNXSDNaNmd4ZXZtbFhkbFlHUUs2andPaVpJZkg4Umo3c0pBcjBHOFhFLXF0QktzT0U4MVQwajV2OGpTaVVDUUxrUmJoc1V4VWdaVUUxSGlEVXNGWmMwSGtKdGVudEZySGlIdHA1dmQya25kd05ybWUwV2J2WXg5XzJtZTB6bHU?oc=5
MRK,2018-07-11,Investment fund backed by song royalties signs up hits from major stars,CNBC,https://news.google.com/rss/articles/CBMiqwFBVV95cUxPZXpKU0hQV1hqeU1RdHFpUlRZNk1xdU1yUUFvdWRkaEozRHhaZDdtTEJCa3hIV1V5d1h5R3VweE9HbVhMbmUwdmd3Vmd1cnJDSGNnODVBT2gyMF9rVTRxMXpFU2N1ZzV2di1ieUltYXFZQ01qYlZsTUxiV1pLdVc4MHdHTVZMS0RfUDNkTTF2OW1KSDY2eXk1SGNrNV9xTjEtZ1RhYTM0RTZtYknSAbABQVVfeXFMTU1ZUHFwMVFoeXdvTF9TZzdZQ1FYMk42UlVrRmxVNVJ1cEtPR1VUaVYzZURxTXZYeURpLWpiRU9xblAtdXM1S09OVXllZ0tMSjdIbERKTm5oUHNHWl9OZ21CcTBnRWtDTlVKLWFSV2tyZzJsbXBzRGlmcXAyLTl3ZFhlZWRjUmU4dWhWbXRMQm1RS3NvMXlyWWhLaXVJRDdBNXdOR2Q3djNSZnF6aTE3cko?oc=5
MRK,2018-07-11,"Hipgnosis Songs Pays $23 Million for Stake in The-Dream Catalog, Lists on London Stock Exchange",Variety,https://news.google.com/rss/articles/CBMi1gFBVV95cUxQclVSSFRkSjVFVnlfZVhMM0dtRGxCRkN3SFZCcElIbjcxeDFPUUhfSzluLTdLR3JkeDUtcFhnR3loYzJlYjNObXlpSi1qNGNtUmVhTEd6VUlKVlZNM2N2SmJtME5BeVJfOVdyaEFSUkhqWV8zYmVQSjdEcEFnYWlhM1BtMGNhajAtWFdSM2pCODV4bzZCNm1JQlJkbWtvRXN6eUJCNEZxTHFPMTFTRFFKNDBieXdYelNLYjNPbjJkVTVoeFFaS0RRcGUtY0ZLQ0xGaWdUdjV3?oc=5
MRK,2018-07-12,"California-based Unicom Global to buy former Merck headquarters in Readington, New Jersey",Central New Jersey News,https://news.google.com/rss/articles/CBMi4wFBVV95cUxQb284UjlrYXBuR0g0SnpWbVJIZzUwb3d1bTd3VkNzVWZJT2dvRW5LeE9FUllsQnpRNVE0aDFlN2ZEcFJoclktZzVyYVdlLVAxQ3FYcWpDNEJBQ0duTW5jYzVVVVM3SnY3dzhPazFHckxuRDFKMXo0VjBmWkhicHNlTDctZFlFZ2NxRlZpck11Y1ppd2JWMEI0UjNFOHNGS203NDJkd3JnUmhmSlBHMWJqVUlPZ0tCTEVjczFnU1JQanJ3Uk9jcDBDTjlNeFVkYlBNaWdOeUZ1OXJIbE9qRjN2dl9hRQ?oc=5
MRK,2018-07-16,Startup Producing Cell-Grown Meat Raises New Funding,WSJ,https://news.google.com/rss/articles/CBMilwFBVV95cUxQeF9NcUdTUGNoZ1R0RTZfdllPRk1peVB6WVlBOGpsUE1nbGRZQVY4VFNhOE9kek1wMk1mckVDOWNfZVBEbWNFQkkxMllSemVFaW1sVDFVVmhLQ0U2TE1ZV3FqSXN2ak1SSHp6NUMzSExBamJmcVRHdUs2WExGem5qVk1YbVJJb2V5QVhFZ21ja3h6ZWR6VGZB?oc=5
MRK,2018-08-08,Merck’s 60% price cut for hepatitis C drug nets company a big sales opportunity,MarketWatch,https://news.google.com/rss/articles/CBMivwFBVV95cUxPWnFDdy1XX2gxdk91TDFOdXdkdzFtaExGY041eWJ1WU1zZ3hGX1lQdjZXQ1VnQ05zRXg5Rko3ZEFOYjFnMHgyb1dUdVZMa0h4UkVMQV9Fd2xKZ0E1dG9SRF9pbjNLQWMzaDZER1JuellGZzR5REY5WDRxT1gwNlVxcGJoeFpEZlphZXZCRTZXMVhtT3ZGYzZxb1pDd0xtYldnZ19xQllmNUphT0F3SnRxemF4UUFsX1Q1SkhwYXpDMA?oc=5
MRK,2018-08-17,EpiPen and Epinephrine History As It Now Faces Competition Between Mylan and Teva,Business Insider,https://news.google.com/rss/articles/CBMihwFBVV95cUxNOEg1YWJ3aFhQRjNVcGRLbnByYUpoaWJtZEp3TGZ2QW8zTDdLOFdIV0FnbUxOSVNGX0ROWkM0Tlh3OEh5VU1hLS1vZy1OOFVIbmNBbXpia1gxMllNeXNCanBBVzMyZHdUd1Vod2cwd3VrWmREUTZ0SkRrOTBzM3NmM3J3LVRCVFk?oc=5
MRK,2018-08-28,Buffett to Jhunjhunwala: 15 most successful investors of all time,Business Today,https://news.google.com/rss/articles/CBMi1AFBVV95cUxNVmh6eXd4bmJaOG1BdlNKaS1iaDlEZEFrYkVPYUkzcHo2aFpqbHNnODBFWnlWUnNYR0JidWpHRXBHdmhHVXFCQTh6YmdIQ2NvQlp2eWxFYTBVLWt1aTZxV1NNNUxBQjJqNGxpVm5WYjQzdkRJaFFvR01JRkF5NFExOUxjSFljV3hrSV84TjExWlRVYXRwdllDXy00dVBDclhpcG9WcDcwUlJ1RGVvbllUTUxaNmVzNXdmS2ZUV2VfOGp3d0xPVlhjeGNZaGRFU1JOWTZmNtIB2gFBVV95cUxQaHp0aHVWNUdZckZVcFc4aFhHX1lwZkxRZDZQaUR3aEF0WmROODRxRlZ2SWs5bmU4TW5wU0E3NXJWWGdHZGx0SHBDZVMzS2R4STUzaVJQT0hzb2llR2k0ZUZQRHY5WUdGNzFHTmlON0RfVS0xNndiaU55RFB5cG02UUQxM251WTNfTy1TVU1EU096b0pGTWtvUXdodk1WaDRDa1lhWWdzVXI1bUxoY3piZ3FmcWd3X0RtUzhoa1ZNNTZ4VXNPRk9MelNzTDI1cmVxSmNrV0JTa21hZw?oc=5
MRK,2018-09-06,"P&G open to more acquisitions, CFO says",The Business Journals,https://news.google.com/rss/articles/CBMinwFBVV95cUxPdHREa0ZUa2JFVnFfMFJlcXNvVHJFMjBpeDdjb3dOMER6UWN4NmI1VHRCWDhTLV95ZDlCS19aSDZGOEZMdWprRkl6V3dPNC1VTVpfODBNT0NIMm0tZlVVZ0l0Vkx1Nkxocnpob1RHeENnUDdtWlZhb2tUTTcyaDdoTkh1RlV6anJ3R1VfWUNqNkV2b2g2UmlYVXU1Wnpjbms?oc=5
MRK,2018-10-01,Elastic | ESTC Stock | Search Software Firm Looking To Raise $193 Million In IPO,warriortradingnews.com,https://news.google.com/rss/articles/CBMiugFBVV95cUxNLXQycTJISVRMUDNBWGFFdmJfNG5OaXpldXRsc1dVR0tRSWZCOXJFMVljaHBxU1REVndEZmczanVPMU8yR0RFM2lhbUtpc2Y2WGJGSnloV0lQb1YySE5zOTVQQVRmY1VXU3g5WVIwYTJRelJ4YmlZRWxtdmNkemFLbkNTYXl2LWFURjUxYUpFWXJNd3VlSEVYSVZfNUFTdXJ3ZVJFeTlDa0FSd01CV2lFNTkwT2Fua3owcFHSAcIBQVVfeXFMUHVOcmpEcVBfa1NELVJ2NnRCWF9qWVFtUklveTRwWFdPdUp1Ymhxc2RadG83WTRxcEl3TnAydk52Ykp4aklEaVNoUmhNZXR1R3U1RGNvU0JCQ2x0RkZpY3ZWQjRBZWhZVjYzdHAtdkFTZ1dyTkRQS1Jfd180b2FyUTZLd2ltY2d2YTV4UGFXcWdaY3hzZ2VVUlZBcDhjV0Fab1JrenJpakItVXYwM1lGdXlKcXhhRF9YT1NKODlQUk1JTXc?oc=5
MRK,2018-10-02,Memorial Sloan Kettering’s Chief Executive Resigns From Merck’s Board of Directors,ProPublica,https://news.google.com/rss/articles/CBMitAFBVV95cUxOdUJkS2NVRDdid0plQ2JSS2wySWw5N0EyQm85WkpTTV9obEhEZEp4dV9mTHRvN2drVmNkWTFXTEU4UUdhSzZxNHV0cGstb3VWRlNwNVJPV1Z2bndYbGwwekJrdnZxY25KT3hYRnZzOE9WcjVrcU81LWxSSmlVRVBMMk55RkdQSmZaUXFZUmRNbU5vbEpPbEVuZEFDNG9Ib3lTSFFUVDFEellHeE5JVE04OTRHR24?oc=5
MRK,2018-10-03,"Merck runs out of Parkinson’s disease drug Sinemet as manufacturing issues, forecasting miss lead to shortage",fiercepharma.com,https://news.google.com/rss/articles/CBMiwwFBVV95cUxOeUFPekMzczFOWHVqRzk1UjQ5UHNULXRVRUpEQm1la2psM1pVZFVaTktjT25oMkxfbUMzS29qUXdKX3k0OUxZczNvc09XR2xvNTBtc1dlZ1JWZ1h1RjZrc3IwUnpQX0lGWUtLNmhYdkx6dGZOY0pJSXY2cHUxTHB3dHZSVDlOTnl2RUFwWHFzQ0FKSGJaWEp5XzRqVFUwZXc4eU1Ha1ZnZUUydU5Lc3JMUzcyS1FEblBfWkdLbThvSVc2aFk?oc=5
MRK,2018-10-10,Board of Vedanta approves payment of dividend on preference shares,Business Standard,https://news.google.com/rss/articles/CBMi0gFBVV95cUxQaEtvdXg2dkdySE9zeTl0Qi1mMkxyTERPeS0zbERPTW9hZlBRdUtxUWhjelhJQWliTE5LaWRYaWlwazd3ek9UUXdMdE96cmU3OTR6ZTFIamNjZ0VJQ3NWWUFnckRnSlhveGdPTi1zR0dleUVlcTVhNFBHSklrQm1jTXlHa1IzcF9NTGNLTHRRSkhoZUpaR3cybW5rdmVMQ3Z1T1ZVcTVsZ1F2NGV3ZUpYUFpIWm90UHNGS1Z2c3Vja2xxeE11N1FlcHRTUExxTDRfekHSAdcBQVVfeXFMTmNQMU1xMXlDZ2lJZmpMUzJUNGkxb1FTWnozY3h2Wk14c3ZySll4djFlWEVHc1laUUhrelVULWw4VlJZWUVfZ004blBvT3RuUVloVjUxS2U5cWxkZXlzbDk2NlJqV0wxcV9CcEZBVUwxbU5IOXNUNXd5dFhEemxVM1AzMG04eXVaaWpiMG1RMnhPWHRtamRMM3FwbWpSLTEzczR1Uk5MQ2IwdEhCVUppbDNRRllCbXk0UDZiMW44bGtJMEl0THBmbi1BcE5kZWxwTEdfcVJ1TlE?oc=5
MRK,2018-10-12,Sloan Kettering Researchers Correct the Record by Revealing Company Ties (Published 2018),The New York Times,https://news.google.com/rss/articles/CBMikwFBVV95cUxQaUJ0V2lPbnp0azd5WkMzSDNOVVVOdy1Yd3p1YkRzVER4R1l4dHM5R3VyZnRHMkc3aGxTS1g0d3g4VjUzWnV2MmpoclpwV0V0Mk80QWQ3SFc2VzNBY21oWndIRjlJcVo5UF82U3ZsMndSSkxMQVM5VkYxYklGZHd6OFBoVjhnTEd5SW5WX1ZaUlpuYXc?oc=5
MRK,2018-10-15,Is Your Retirement Plan Robbing You Blind?,The Motley Fool,https://news.google.com/rss/articles/CBMikwFBVV95cUxPc3dSVTBtZXlISU5IenFFMjByNnEwa0dKYVJvbDU1RW54NmVKYkNMa2ctekc0STkyQnY4WnNNRks1enNXRHBjRGNOZUJwLXBVelFyTi1hUDFPTXVuN21sbnVZY0ttRHM1YkJpbDNWbEZnM212cE1zQW9PLU9leV9iNFgzWlhqRFdXLWhSbmNVc2dLMlU?oc=5
MRK,2018-10-19,Nike CIO departs to join pharma giant Merck,CIO Dive,https://news.google.com/rss/articles/CBMihwFBVV95cUxQcmo4dlJFaDF3SDA4Z2hBaWdhYy1VVHZsOWpRaHpIUFNLal9UUGQtTVFpaGdhdU90TVJtVE41OG1rdkNzVWlJTUQwVTdnNThkS1hranNGR0NZcTYxYjhRQ0RGajg2OWowaGFmRmFuUGZ6R0xRQmNQanJ2dC1URENKa21LTHJicDA?oc=5
MRK,2018-10-23,Celgene Brings in Merck KGaA Vet as Part of an Effort to Fix Clinical Development Woes,BioSpace,https://news.google.com/rss/articles/CBMisAFBVV95cUxOZGRlejF2WXNCM2gtSzBWY1FsaXNlYXVOWGJWM3Rqb1NrN0hKaW5wV0g1a0RIaVFVWVdsQ2o2QWdoOGt2ampxVTZYY2g4REJTYWtaVG9BRW1Vd3ZsRDRyTWJUcnN4ekFfcC12QkhwT2pIQldxdlh1ZEpPX1lxR0lkdXNIaGI0OWQ3NVMwWVpadGptc0JkTVF4VklzYmJ2UWZvcVZEbFhDY0g1djhaeEZNOQ?oc=5
MRK,2018-10-30,Merck Q3 net profit surges 65% to Rs 52.33 cr,India.com,https://news.google.com/rss/articles/CBMihwFBVV95cUxPTXFpV2pBckdlTXpWcldQQWFtY1hEQnY5NF9seHlWZ1NXZS1KRzhOR3h4NVpXeld4NkxOb1otLXM1aHhIWVJJYWlmbGN0anM5ejhnQ2lJSUtKWlltLS1tMDAtdVdxUm8wRXl4eGN1R2ZUZVA1X0F1NkU0MnkzekU2R0FaLTZKRVXSAYwBQVVfeXFMT3lSVzJJUzVKcWp2dnJLTFJKMHZYc29mb2dUdXFhbGNJVW43bnd5TUIzeG0zNHlaeTBpZGphMWhQTWJxLWU2QmhZMWp0TEZxYTRqMGxETnM3MGFoRW1QejlqUVlzcVJTcjVIYW44RlJCTzBtNG5nNFdKRGlLVWV6eUZyN3A5aEt1M0l4ZS0?oc=5
MRK,2018-11-11,Moderna Stock Offered in Planned IPO,Nanalyze,https://news.google.com/rss/articles/CBMiYEFVX3lxTE41S3VFTDc1TFhpUXh0SDVnM2xieXd6UExuVzc2UExfRS1TZ0s2VlRaNld1UUhNOS1XbWFRT0VqLU4yTUlHUVVsdXgyQ2xoOHR0NGhCQWhaTGxONGJGMmQxdA?oc=5
MRK,2018-11-14,Daniel Loeb Purchases 7 Stocks In Third Quarter,Forbes,https://news.google.com/rss/articles/CBMinAFBVV95cUxNa2F4dFJEY2JuR083RkNvd09QOW9KcVVPTHJvOERXRGpwQUtWYlVLdTV0Mk9FaTRRU00ydHJrUk1wdTU0ZkpJd2lfbjdWSkEzajFoSHl2UFcyWi1paHBIbDByOTVINDZtU2pzNzJ5bkVkSUxPOUxMYzg3UFhJQWdPSHVmaWlhTjRhZ0RnZzBneUJXRmpreUVGZWpERXM?oc=5
MRK,2018-11-29,Who are the 22 pharma board members who also lead healthcare nonprofits?,BioPharma Dive,https://news.google.com/rss/articles/CBMitAFBVV95cUxPSHMtYWdoaHlkeTloTWg5WExIYk1lVkxsVlNIaTlJbmswUFNmQ3V2TGFfbVNYZ1dFR2FQY0dON2F5dkIzWnYzODZLTVVjTXFlUDAxbDdhbmE4Ujc1dEpzREk5cHlUZzNVcHZIX181MkIwU09vbW9LYmRQMWJFdnBWT2NZakFaeW9MeXFNcElCT0pEZjNvbjhGX2Q5R1BYdVJHVTZ5ZVBUd0E0UTI2V2p6enVHX1A?oc=5
MRK,2018-12-08,Doctors and Disclosures (Published 2018),The New York Times,https://news.google.com/rss/articles/CBMikgFBVV95cUxNc2tQSVZKVUgwc0RSbFB5S1VsWU9nUTFoVHJZb2MwaVFzTHJySnBwaEt5b0xCRFlEZ1BVRE1EaWFtODdMc2gwUFM3b2hJRXRUSEh6dUZXMl9GR3FLdTRjWkZqNFVZNGZ6YzR5UF9zUExUVExxbExkb3J2LXZOZGFCb2M5RGI4S3RqcnpmWXVGS2FDUQ?oc=5
MRK,2018-12-27,No post-Christmas rally for German stocks,DW.com,https://news.google.com/rss/articles/CBMic0FVX3lxTFBSQkxmbmxkXzBIcWFqZTdsUDNOcXVGSnNoblFiTGN1V3pQdGUwMUhzSXhJd3ZWUWp5RjFrbjM2c3UxSHIxREdsZklqTFRaR2FDdTNETmQ3LUtBVEZuazc5Z3owY1E0MzFFRVZHampqR1R0VlXSAXNBVV95cUxQYVBfZHZoVmE0MktCTGl5dWppdktQVnZKazhGT3pnb2NXdjJ6cEdNV05kc1Fic1ptc3o1aXZpUlgtZmFqd01oaGFtdkF0VjNQSEtPcEp1QWZhb2RWMjR4UzF5UGtrdGRuOUJ6S0x3N1BiaENV?oc=5
MRK,2018-12-28,"Only 5 stocks gave multibagger returns in 2018, will 2019 turn the tables?",Moneycontrol.com,https://news.google.com/rss/articles/CBMi0gFBVV95cUxPVm5laGNsQ241Y3BTcVMyQW5zVXI2RWtWaEw0WVRxMUV1RWVSVHFXMWg4NmppX1JLd2p4VG1Da0FWNElMb0M1MFhxeGpqVlloRjRKN0NFcUJ5cWhBbHYyTGZFRFpKVWt6OF9TczAzWXhvZGlidXR6QzFJVGhkMmFUWV9zS1hqZ0dWZzF5ZWVvYUZEMGlpMkFKUm04NENqZEZyMzk4bUZnTk0zdTQxQWN2WkROUlc0SFE3a0ppRzRYX2cxVU9NNzBndzhHMmE4NVBlWkHSAdcBQVVfeXFMTS1jbk9jS2Fja2hndnRzZnVZc19KWDBsUXF3cW9Vb2V6ZElTMjVSYUpadHlTZkpNbERyVjdZMkFXMEplVzhGS1lvSDlqZWVDdzNxeC1wQ3VGQnU3Wnp2Nk51V0xVaFVQRFJiMTdONXV2dW0yMlJFd3YwcHdRMmF6cmxOQldaYlNlNjhQM0V2MUJWT3dGaWc0alZsaW52Ml9uWGJ4eERTdHhpVnQ1cHh5VVA5LVN5WW5aekQyVnJBYTA1ZG85UXNGczBFZkpab0F4UUJkVC11R2c?oc=5
MRK,2018-12-30,Stock Market Power Rankings: Dreaming of an Amazon Christmas,The Motley Fool,https://news.google.com/rss/articles/CBMinAFBVV95cUxNT3VFbEpydkE3WTFsUDItblh4SW1EbC1Cc0lpS1lvTzdGbTd2VkRsSUpralRQRl9Qd29TMnVfYkhxM0Q1alJISGwwV0prTG0wNWw1U2p6VjcxamNQQnJEN19BRzBBME5xajF2eUVENHFWSmVsX0pzWm9fUFhDUk5taHNhRVJNZDcta0ZmX05YeEgzOEtZZkxsMkY2SDA?oc=5
MRK,2018-12-31,Pfizer Stock Withstood a Health Care Sector Stumble to Be a 2018 Winner,Barron's,https://news.google.com/rss/articles/CBMib0FVX3lxTE80c3BfMVpIUFhxdVRyUDRNenV2SXNHRHd4M1pKV2kybkxEWFNxcER2LU96VkpYWno5NE1KRFphVHBKTi10ckNpUW9NTlBrc05QNkpZWkw3Y1RSWlhvV0pFdHF1bEhPMEs4Vko3b003VQ?oc=5
MRK,2018-12-31,US stocks post worst year in a decade as the S&P 500 falls more than 6% in 2018,CNBC,https://news.google.com/rss/articles/CBMimAFBVV95cUxOOS1yWW4wal9Lenp2eE9menBwUkVjN3FIQTF3cjZCbUhBZzZ6U2hZV1dMcGZIMzhvVWh1VFVMNWJ6RG5NVDNBRVpZZmFlNmh6bmZNdUUzNVg2R3FhMmt0SzZuVlk3NmVfaXNiOEM0enJjY1oxbFBwbU5JZHFZWXZVaXlfOFJsbUxrOXBGaEtSLW9SRjN2d2dOM9IBngFBVV95cUxQd2RSOGxVcnZ6SVluRWo5ZV9EYmZnSkdhWmxSVUF4UDZyS2dLR2JiVWZjeFpoUEVZallJZ2gzd2dmekxaMjBpZHJ6M1ZQRlJwc0IxcXRoWTctanlmUDEzWUxvTW9PLWluVl92dVRMbjZXdF9sS0xSZ2lmNkIydHhXbVhwamZ3UmNLeTlUUTVoWGYyN3lKcEdvdXI2RlVmZw?oc=5
MRK,2019-01-03,Bristol-Myers Squibb's $74 billion acquisition of Celgene would combine two troubled companies,CNBC,https://news.google.com/rss/articles/CBMipgFBVV95cUxNY1pfWi1aanVyb1Rldjc5Z0M0Z2g2dXhUNTdSRWg3a0xtX1FIWnVoR0FoaEY1NmozX3VfclNGdlIzTUp1UC14dzJIVTI2TEdjemsxcjhRSXJnUW9NVldWWnBRLXZoLVFpZHBJREFuV0s0SjRTOHZEVmc4c3AyWjQzVDJQZUR3dkV4dFJGVWNrdHhaZWNQQUc3LW9TQ2huOHozX3BjcGNB0gGrAUFVX3lxTE5ZZlUxbEdHMy1ZU09LT2pha29QRk1TOWpvYnc5M1huS0RqaVVvWnFqTGRuT0h0SUVQTU42NnZkSDE0TGdsMWRZR3pGSG9NbjRxc245TmRYNXJFb09BakZzR2xFMVVhdnFJWnNRSW51STdMLUluaEhLdHFXTW1tR2o0aXlMUHh2RjVYQW5LQmlzdWlOZkN6bUZpOHgwUjE0LW4wOHBHdFNfMlVYNA?oc=5
MRK,2019-01-03,The best and worst stocks of 2018,MarketWatch,https://news.google.com/rss/articles/CBMitwFBVV95cUxORDRGNHBHTFc3UmRLMF93dUhMZDhHTTA1N1kyd0VUb1pZRHhXcHhBdi1oV1BRbmpvemNibl9SNDVsNmVvUTRUQk8xdURMQ0dSN2hSVUlZN1Vpa2RLem5fNlBZSXlORDhhb0l1bTlqWDczS185eHl2WUhkb3Q0SFN5bXFJaVRYMTNURDJ0Uy1RbUptU2Vkem16Q0RocVNfZjJzbmFSLS16NVBWQjRwTkcxdzRSY0FpOHc?oc=5
MRK,2019-01-09,Merck: There’s more to us than Keytruda. Really,STAT,https://news.google.com/rss/articles/CBMiiAFBVV95cUxOSVRVVno2ZGliOTlPWG1Fd1NZQU5lYnM0LXBPaXpXZHRmd1dCeWNrcmExbWY5cGkzTjhVN2g1R0w0a1BvVkpjVmQzWk1mcV9EbThsNFFyM1pTYm82MzVZcDVQb1NFWUJEUjk1ZmhIOGRwcGl1QTRhelZabkJuLVo5SWZHTU5HSnBQ?oc=5
MRK,2019-02-01,"Dow rises after strong jobs report, posts 6-week winning streak",CNBC,https://news.google.com/rss/articles/CBMiigFBVV95cUxPLXNXY0c1UTk5TTRnck43X1lpMjVNMzdlcnp0dkdLckNZeDhZNm1OQTJ5cTRHQmYtVGI4VFBHWnVXamJFV3NfeU16MnZ6OW8xcGZZTFJOWXVXWjRZVkY1c1FYMVYyaWhSUHZiVTZONU1DN2FDcXFVN1RXQ1J4VXJueTJDbjZHSzRjUmfSAY8BQVVfeXFMUDk1SVdDMWRzLXlCTmEtcHFyZ2FZcmVyaXNLZWVLZGdwbGo2WFZxVHR0YmEwTTZIVjJQUXJEUnZBRVkzMElWa2VtakxHOF9laFRyQ2RFcy1kRGd0ampOM0VmYUljaFZPUUg1MkZlMzRvekxHaEVJakhGMVNHMU5NcUpheU51SXd1amFmdEJXMlk?oc=5
MRK,2019-02-02,"Oil earnings fuel rally after Exxon, Chevron results",MarketWatch,https://news.google.com/rss/articles/CBMinAFBVV95cUxQMHhfOWFMYlE0dWl2ZkpyN2JDYUM4cUxVSm9SS0dublFPYUVfZWpEVGtkZ0FMYWE0WXJQRHBydTlQNXltd1d2Q3dMREFCQy1RNEJ4M0RwN2lOREdVeE5IeTd6ZFlkSHRzaUdtdGVFb3p1QW91N3VOSHJpaC1CVVFrS180a1N3eFdfb0tWSGdFeWJCZUJjWWdqUkZOSkM?oc=5
MRK,2019-02-06,GlaxoSmithKline and Merck KGaA strike immunotherapy deal worth up to $4 billion,MarketWatch,https://news.google.com/rss/articles/CBMiwAFBVV95cUxNQU5XQjZGZXNHdktKbWFOVWJGcXZGOGdMOHpDUEwwSmNaYjZmejFGSjdKR18xNzVKTF9nby15QVJ5c3liMF9sQUZMcUl0MzBnd0UwNFNFVGoxVFZLMFdLaXpQT0EtQUJ6ak44TlNrYUgtX1VoYnN4MExKLVVRdlJEZ2xGMUE3ZmtHRTRwN1UtMnJlUHkwSEtwYVdMSWFhQ0ZQNFZMaFZiUU1XcWFtck9zOTdzTlg5YUlBSVpOTV9Fdmk?oc=5
MRK,2019-02-26,Opinion | How High Drug Prices Inflate C.E.O.s’ Pay (Published 2019),The New York Times,https://news.google.com/rss/articles/CBMigAFBVV95cUxPZ01hZGU1MXZUZFlSMHNweTBZUG1oc2RCNUFIbkg2U29IUEJVbVpNM1JTQl9QdE11ZmVybVQ0NFlNZXlwVjY3aG5Ea2ZWTUJPNzhyTEpITlBRRmljT21RZDR6OXVEdUkzYkJTcXhfVzdCSjZDWHF2bWVtVTBscGszWg?oc=5
MRK,2019-02-27,Germany's Merck makes $5.9 billion countrebid for Versum,Yahoo News Singapore,https://news.google.com/rss/articles/CBMimwFBVV95cUxOMmdFQ21YUHpIMXJhQ0FLN3loUVNqVUxGcmxPRXozWlhyYXVxTFJkcDdGTWdXNTdJdk9raFpJT1Y3T3o1QnhrYUF2eTNwNzF4b19XMVNXRHdiM09HZkRzSzhHc2hYczVCUUpXZmdBSVVrUmxKVDdOOWZtX0EtZVAzNkFkV29oRzl1MHZQemN5cE9iQmNkY2NjaUNmbw?oc=5
MRK,2019-02-27,Tempe's Versum Materials receives $5.9B purchase offer from German company Merck,azcentral.com,https://news.google.com/rss/articles/CBMitwFBVV95cUxNNmJYOW9QV0Y4MFBmWnFqUDNkbFFxckNrSmRqdk1ydWdFLWNTUEpUQ3NEc3F6OWhEV3lpazViaFhzV2pIZlYxVGRrMjNrdmJCcVVwUWxra1ZTWTY2aWJCRFpjc0ZCWFNPN2x4dGROLVQwWEZZQ25uZWNMdlNxY1ZDaXFJV2h6d3h1QnRKTGVGbUppRFQ1OHhONlUyQUJsMDBKWFhvQ2hfR3JQUXpsMXRsaFpyOC05NHM?oc=5
MRK,2019-02-27,Versum Sticks With Merger Plan as German Merck Barges In,Bloomberg.com,https://news.google.com/rss/articles/CBMiswFBVV95cUxQb2p2UEgwQ3doc1NkMW1hUlhTdzZMZzRtQ2d3bkhwN0o2aU81ZDRscnlqTXEzZnVONC1uZHFJZG5XY1JOUUhPUVBnVEJMWTdsSmVBeEhIRUJCc0VINGFoM2h4dGhhV3V6S2NwYm9SdkdJdUFsVXFuNmZydVhnUlN3aGN0YkhUZDhFZllYMXZGQk9zQWtrbEtzUEdPZFpFby13TWp5eVB6LWhsOTRFV3pBc3FFSQ?oc=5
MRK,2019-03-13,Merck’s $2.4bn acquisition of Antelliq,MergerSight Group,https://news.google.com/rss/articles/CBMiekFVX3lxTFBBY0tTajVoUnpyb0N5NjliamhWZk53cGxBbVN0RnpTV0cwdG9IZXpVa0dzMlI1MkdWZXBPbmFPSEM0Z21sM29Lb1FXdkJSakhhU0R0eVZBWjVkU243S0hrT3NQRE01Sm1mSXNRYWVFZWEtRWpFVzl6SWlB?oc=5
MRK,2019-03-15,Is Celgene and Bristol-Myers a Match Made in Heaven or Doomed to Fail?,The Motley Fool,https://news.google.com/rss/articles/CBMingFBVV95cUxPS0pDODZkaHBIYXR6Z0lkMWpMV0M0dXhGdk5LYnVPOWJQaHk3ZTk2enItcWJELVZzUUdsT01CelZqWktWZm1QZ3FBZl84ZDJVOTJkVXpxUlhNOVhWU0NqOEN2cExJZ2N5cHlUZFB0WDFXSUtlNjIyRVRXLW1GUG9FMElzVTZmbHo3eHUxSlItTmYzVmpZQW5xTjB3NDlZQQ?oc=5
MRK,2019-03-21,"Merck Mercuriadis buys 3 new song catalogs, including No.1 hits by Usher, Beyoncé and Mariah Carey",Music Business Worldwide,https://news.google.com/rss/articles/CBMi0gFBVV95cUxOQ0tIblNBdmFkdHExSDd3cEpHUVdtUHhyeGJGbXd4d3hRd1NlaTR0SS1ra2dON1VoSmlrMWJwTzFPLUwzVFdtNVRUTHk1WUdXLTYzdEFYYlpBdnQ5TDQwOVZna1pRVUQwM2RBd0VkOGJfWGltaFItTkt0Q3B0UFYzVFN2ZDFIeDFCRHhaN2lROW05TDlNWnR1V1NLdlN5Q2hjdm5wTnptOXhxS3lsbDVpRnd1VVpicmpsZE8yREJrSnhqZjM4LWJqckQ0QklPQW1LWEE?oc=5
MRK,2019-03-26,Merck KGaA goes hostile in $5.9 billion Versum takeover battle,Reuters,https://news.google.com/rss/articles/CBMiswFBVV95cUxPeVdvTlRLc3lPSGZfOHd5Nmk2NXhnbXhuVGFCOTMxcW9NNEowM2VXcjNqNWdSTVFZaDZ2dE1NMkVZaFkxNWo4c2k0aE5NaG05X0QyQ0l5VGIyT3Q1SThxNVFVNjR5OHA1TmR1NS1UTFVKMXN6SHFkaDhlNEtzZjFPZGU5YlBNYWZYM043bDVrdTY3bWo0MEg2d2dmVzYtbTdWQkxXNlZzRXh6ckI1bVJHYm9Wcw?oc=5
MRK,2019-04-08,Merck KGaA wins Versum's support for sweetened $6.5 billion offer,Yahoo News UK,https://news.google.com/rss/articles/CBMimgFBVV95cUxQcWsyY0ZCQkhTMHV4SV9zdmItbklIYzFqX0hoM25fQnNPN0ZqY0JzeEdPMm5nWEhXV2wwM25vVGxFb1dOb1A1eUFLbTc0eGZnLXhWemFTU3p2R3JrTXhvbUdsNGVUemhyNjVqY3F0aTBZTmFLZS10cjU5bE9Vb1Nzbzd4SUgyVG5Ed0lqNFVMZkFsSXJfQm4tR3ZR?oc=5
MRK,2019-04-08,Versum accepts sweetened deal from Merck KGaA,cen.acs.org,https://news.google.com/rss/articles/CBMipAFBVV95cUxQN1Rsb01qazRoT3JNbXBtSFUyMjhzTDN0ZDVNT1J5NDRoclhSOVVGT09hdThuMnJhaDlVanBlVXA1NHFYOWpzZGJpSExiczBTNXJiellZTFlNUkxicW14T1VEMFR1eUZNQVBfWVF4WV82a1pTZjQ0X0RiSWFzZ29YVHRiczh1SFgxM2FEbUVkNHdDNmJJbDN1Mkg0STNqWndndmgtdA?oc=5
MRK,2019-04-08,Tempe's Versum Materials OKs $6.5 billion purchase bid from German company,azcentral.com,https://news.google.com/rss/articles/CBMiyAFBVV95cUxOSURCWWVjOHExbldtcFItYXVGQU5MbjhBNlRuM1J3eTd3M2Jfdjl4Y0V1d3g3QVdTNkFCMjVxMVBIcXZTNVh1bHVQUUp1eDhkUmhFY05yd05mY1VyTE9GSjNIUngxN1FBTmh3SEkyYW42MHBPTGd4VHV6OXltNVlGYjhiQW9rbzREQWhNenNmREdfWWJOQWJibVZRbjBnZm8ycUV4UmtLZVFYQ0phOEUxNnRJbVU1X1k3OXZBeFJxUkNVbmZyUnBJZQ?oc=5
MRK,2019-04-12,Merck KGaA clinches $6.5 billion Versum takeover in bet on electrochemicals,Yahoo News UK,https://news.google.com/rss/articles/CBMimAFBVV95cUxQOUNlSzQ4QzVKSW5BRnExbFZla0htaUJEQVpKUmdiaDc2UWo5bkhETG1Na1ZXWEp6bk5iRG00VWd0Wk4zeFFxekJKNEpQVFhLN0ZzMDdvNWl1RGhVWFI0Y3JjRjZKTGp6bGxROEx5TDFqTHhPZ01ER3EyOGRFSnZBbUJnamh5TnIwRFh1dVlaNnNkb2xOZWJUOA?oc=5
MRK,2019-04-12,Germany’s Merck to Acquire Versum in $6.56 Billion Cash Deal,WSJ,https://news.google.com/rss/articles/CBMioAFBVV95cUxOX0ZUVFcxeUoyaU1xZWdpVTZqd1g0eDFNOG02LVhISVZvYmNUR2sycnV6eDZENDgyTzctMkpoRlkyRG4zV2FxTGtpMFV2cFpJRkEwOVhrQzI2WF9maHRZZGdPUC1pbHhRLW9wRzVaRWRHenpTcld6aGloSzBXaUNGTzd2SGV6RjBleWR0b0pqZlp5NGlFWjJzbUNhYkQtQVFN?oc=5
MRK,2019-04-15,"J&J, Merck and Pfizer spent tax savings on investor payouts, not R&D: Oxfam",fiercepharma.com,https://news.google.com/rss/articles/CBMipgFBVV95cUxOU0N5T1RtaHA5OVlUd0czQTA5S0lRNWhaVHg4QS1GZ0pPd2tOeHk0ZjRaM1V3TmdqdUJmSW9iaGxaLXpyMHplN1FaTFZuUUxoQU9SQWVqWGc3NEFNOU1ITjZ6NW9BdzdGSl9yQzR0MmxEX1BUMkpFQWxGZlJiSGNFZzlzMmowY1ZsZWRGWWxfU2xnN1ExdUhGT0dkeWI4XzBrYkZJRVp3?oc=5
MRK,2019-04-17,‘People will try to stop you’: Merck CEO Kenneth Frazier shares the inside story of how a janitor’s son rose to graduate from Harvard Law and lead the $210 billion US pharma giant Merck,Business Insider,https://news.google.com/rss/articles/CBMie0FVX3lxTE54U2FWaG16M2l0UXE1eEpmNkt3V1RRN2hGS1JndXNYYzBuU2c3aEZPREF3NG40VzB6VnVhak1tSjJseXZMam53ejFmMXpWZXNBX0xqU0REVC1WQXVaSXRhQ2dyT0J4eEI2ejRTNU10Yk43OWJFWEwwZ00zQQ?oc=5
MRK,2019-04-18,"Merck & Co Inc (MRK) Stock Price, Trades & News",GuruFocus,https://news.google.com/rss/articles/CBMiVkFVX3lxTE0zdG5ydjkxdFk5RFVsWGZnODNmOGZ1QkVpR0U3dlJhaUJPOWFBQ1FjOVp3alQ5WEl4bkNoV3lNcjh3dGlvaTk3Y0lRSE9QNkxHT1lLa1N3?oc=5
MRK,2019-04-22,Healthcare CEOs make as much as $26 million a year. Here's what the industry's top executives earned in 2018.,Business Insider,https://news.google.com/rss/articles/CBMiigFBVV95cUxNVGw2cVduNldSRWt3QzFvWXFGYXF0ekdwdmprTEQ4NDhoT2d0bEFpR2tLc2lnX2RMNldielZzN3UzSXBtMEhrbm5jWXpXMzVYVVIyX1RCSjVZM2ppX2g1RWxyRzdBNFNZOXdxUnBhcktXSGd6ODctUkxLUlFiRHRvazk5djRwT0M5OVE?oc=5
MRK,2019-04-29,20 famous events that tanked companies' stock prices,Stacker,https://news.google.com/rss/articles/CBMilgFBVV95cUxQbTVxMWtTcDVZTnpnaVJOUHFvejd4aVRlbnE0dGZLN2E2UktEWnJmSHFHeVZLQmtDdGdtZ1dlcV83eEk3M0hNUHhKM3YtRDVRbkxyNEdwNVdvMXE0MmNOSXE4STBkVlV2UHNrYXAyWWRFaFpoaXYxT1JDYVlycUVndXh3VW01VGtUbmZXWHNNRU5kbWN3a0E?oc=5
MRK,2019-04-30,"Here's a breakdown of Big Pharma earnings from Merck, Pfizer, Eli Lilly",CNBC,https://news.google.com/rss/articles/CBMisAFBVV95cUxPNEo3S0VUNlhzSTdZbnFUaTVDVHpoMVVmbDZVQm1NaUw2bTdES3NYdzkwbDRuZS1uUW80YXYtT3dIa2pIeFRQZ1NzcnVIWnQ3UjNHU084eHczcDI5cXItQ2VaekdGNFUyYjA2VjZZMlozZ1d6eWVqcnJ5THpHVlExV0VHZTBOUjV1LUlEZXdVWUlZenh6T0dpVG1ZUjZObTJ4UnlYNTRuam00MDBGRFEzZg?oc=5
MRK,2019-05-07,Drug firm Merck Ltd renamed as Procter & Gamble Health Ltd,Moneycontrol.com,https://news.google.com/rss/articles/CBMivwFBVV95cUxPUEROVVIyWTc0MTlGazRaTm5FN3ZBQW91Ui1wWm8zTUdaQzJUa1d4eGtHOHVjSU1sR1R6UGF1cTlZNjBweVRzai1rYy1QajMxR2lDRHdLVTNqQ043dzJicFY0dXF1Y3hxVm5RTE5aaE5zYVEydnoyR3JweFNuaDJ6VWdEMjE3eUNFSUdDTWxlY0plX3R5eFg1aWdmVVppLWFRU3A4RG1vRzhjdjNmRDNma0JnWEFWQy1IVnZaMHpzc9IBxAFBVV95cUxOOTlGNUw3aHNFZ215WUZCOEhHdHJDS1dpLW1vaDJpbWo2ZWl4dGotZ0JZV2xmN1c4TXgtMmRkVWZFYThsVTBfbng1WGR2UUpwVGlMWFFGTkc1RXZuRlgzc19QMlBLYmJaT0NlUnlETlVSVnF4bm5jQjZERDc4aXlzWXl3TGdkNTlVQ205bU5XaVN6OTMzOTdONUFmYzRTQWg2MW9HU0l0cS1CYlBsaFo0M2RFYVVPd2h5a0hUWW9zY3FoRTBU?oc=5
MRK,2019-05-12,"C3J Therapeutics and AmpliPhi Biosciences Announce Successful Completion of Merger and Formation of Bacteriophage Company Armata Pharmaceuticals, Inc.",SynBioBeta,https://news.google.com/rss/articles/CBMijAJBVV95cUxQeXI2SmxLcjhDUmhQdzFIR1BQX1hzbHN3S1VhUXd2ZE1tTHhSeDRjWDZQTFlYVFZyQnhZcE9MSUFQNlo1and2bDZlTDVXNDA5ZkdBdjQ5bjhrMDJmTG1fU0dhdlJ4LTFPM3ZVRDlqSVlGa29RYlpCSHJlUV9ZOFFyU0RhOXdkVW96a1JZVHBGZXZiTGZoX3VZRERBQ2tTMlBhRFNDMmxvd2dVZGg1TnNUVHpxQ3ZsWUtndDhhR19zajFIVXpRYkFSOWJhYjA2QUNhUVNEXzd4b0lPMjlCdTN1bTFkVndFOVZUakRZNjYycXFSaWFLLWcxaVBoVVRLWEpWRkxkcGxWdTFJYTEw?oc=5
MRK,2019-05-21,"Merck puts $1B more into oncology, with kidney cancer a focus",BioPharma Dive,https://news.google.com/rss/articles/CBMikAFBVV95cUxQSmZ1dWx1dV9ZMjJBd3ViRmxobDd6V1Zlb3Bnd1d6dzl3V180MzBoUG9Kb0UxeFFNajRpV19jZVhHUXZHZEh1T2NHQjcteldWY0dfQkgtZHN1T0haNDBGeWpGUzBfQ3plakdRWDMzVzlRN2ZpcFlNN2NRd1ItM2lzaUdGMnNLaUxVWW1xeXJ5ZWc?oc=5
MRK,2019-05-21,Merck to Buy Cancer Drug Maker Peloton Therapeutics,WSJ,https://news.google.com/rss/articles/CBMilwFBVV95cUxNTDc2SHREb2tPMzJwMzUtV2J5bVctdVE0WXowbVhZSW9rY1FuY2Q1SDc4cFBRYVV5aXhlVlEwV0JWTmNzUUg3ZmxIZ0xFVFFfV3ZCZTFGbjVqZXNBcWVpM08tOWpwWHNYX2Q5RW5hei1JMngzdmZZbS1Qbkl0LW9yTHZLQkw3bGVLby1rd3RiVjRPclJNRWdn?oc=5
MRK,2019-05-21,Merck Buys Peloton Therapeutics in $2.2 Billion Deal,BioSpace,https://news.google.com/rss/articles/CBMiggFBVV95cUxPVzFtaExxSlhqUVB5LW1RNWVUUmdIdFVDZWd3Q0tSWkFjSGw4UmlBMU5QcUJFTEpTZjcwQVNkcnMtQVJfNXdMbHNfWlM5WmtCZ0ZSYk9qemE1bzBjNFBCbWJ1QTBxTW5tQjBJem84cHFGRlUtakQtSjRENUF6X2owc2VR?oc=5
MRK,2019-05-22,Dallas’ Peloton Therapeutics Exits to Merck in $2.2B Deal,Dallas Innovates,https://news.google.com/rss/articles/CBMijAFBVV95cUxNUDRwWWNwRVAtaHd3WG1KS2dYN25aQUYtcDd3eXZTV2xoMUt3VWoycXBLZng3TzYtcllmYzZrOHE2em9vYURLN1BWaTdBdmlnWldIcmNJN3BGT0YzVG1kNFJDV3prVU1fbWVQS002dkt3a0Y4d1ZuMzVCLThBTjQ5QlhtVmk2TERTQW1xOA?oc=5
MRK,2019-06-05,Oncolytics Biotech Inc. - Shareholder/Analyst Call Transcript,GuruFocus,https://news.google.com/rss/articles/CBMibkFVX3lxTE5BRktic2Z6WEJJajlCWi12NHlwUldIUUxBVjdpVG43WGc4ZWJzZ3FfZzNpcHRaMUFmWEZHX1laWmtDR05rWmpacXpVV1RDbkRzNGZrYW9JNGhuVUJOcnZMZnFpUzdGa2FXNjZ6WEdn?oc=5
MRK,2019-06-17,Array BioPharma spikes more than 50% after Pfizer shells out $11 billion for the cancer-drug developer,Business Insider,https://news.google.com/rss/articles/CBMipAFBVV95cUxQSFl2elN3QjFNTXY0YlJDSXAxYktuYkhYZWQ5dmV1NkoxM1BPVk0yc2tOYmNYbTNWRXdQaTBNd0JrRmJWSzdyQjFoN3UwaUQtZWs0aEdZQjUxR1BaOUlKMmxhZ2I1bGpHZFBKamVKUFRzakFvVUcxNW9xWURBbDNEQlozdzdPMlF4UG5JNFotQXI3ZmRpMWJQbWtNa0hMZVdTWjZwVw?oc=5
MRK,2019-06-20,Merck's Strategy Past Keytruda Revealed at First Investor Day in Years,Business Insider,https://news.google.com/rss/articles/CBMilwFBVV95cUxQdEd0aVE5VjBybDBQTWVuTWxsRTIxU1pnejZBNnYxLWtvNEhTS1V4ZUE0alhEVWpNMnhDa2pHTGxEUjJ5VmtvOEdURmpoQjJoU1FheU1kYlVVbV9KVHdtRTNkRjJhSlNGck5ReEJJbld1OXA5MjZnTklmTFVjcDFOekg1c1BYWnk0X3pyazdZcUpjUHQxdVdr?oc=5
MRK,2019-06-28,Investors in Livongo Initial Public Offering: General Catalyst,Business Insider,https://news.google.com/rss/articles/CBMiqwFBVV95cUxQeG1lT2YzQzZ1dG84SWpXREkxanFudjVlal9CNl9mYTZ2ek5tRk55TV9GX1pqNGFab193T090aTB0N1BhaHNkMFo1QkxIelBXMHVqZERkd1R1aDcwLUlmVE9BaWxSd2RkOGo1RVY2U09GUnlud1VTM0U1R0FWRndnd0dvYnQ4QWNDQkpfT0lMVTRSRHoyVk9JTHN4djJycVM3eENlakw2NUZiMFE?oc=5
MRK,2019-07-09,"Stocks making the biggest moves midday: DaVita, AMD, 3M, Acacia Communications and more",CNBC,https://news.google.com/rss/articles/CBMivAFBVV95cUxNZzAyZnRQNm9oOXZKbkQtc0czazdBVkpyaUlDeUNhRVM1UlJ6QTBQVzEyZmg1QnBkTE01OGxYdmR2aTFvcGJZZ0E1WjUtZU9JTHpkZ21oVXNBMUl5Q3NEQk13dDFoV0VRS2M1MmVlUjBRblhadDR3bGlfbkRjVWhfdWRUUWRmRWZOcGhZek91R1lMSVFSVmJNcFVLQy1YV2VJNDhwTEJ5NmF3eG0taDlrR05MY2R5ZVV0Q3dMS9IBwgFBVV95cUxPZVpGV1F3N2tVOTkxNExmaG9iN1V6ZmlZaFd3SlM5QUoxVU40TjBxRUFnRVAxUG1xem5HSHFsYW4ySElaZ1ItTHhRVjVZMkdVX2JTVDVWeGF5Um5VVG5tRnNFVHVQc1hrcndlOWg2ZUFVOHBFY2hnWk5uWlZrcXlQcmJzemROMFRRdTJIUlZZWE5xTVJCQ2lhUEd0OHVHZ2Ztd3VzcWpUTnY4SWNSWWlGanl6bVR3eVM1NDJNUll2SkxrQQ?oc=5
MRK,2019-07-30,US measles outbreak helps boost Merck's vaccine sales in second quarter,CNBC,https://news.google.com/rss/articles/CBMiogFBVV95cUxOZGoycFZHbkFpbFFSQl9LVFBZVmItMWxCaXBPWnFrZmZwRGRPUHQ2QTFRbDZOeDIxREhLNDcyV3hmRUxhd2tkazBVVnRVMnd0NmNjS2MwNURyV1FGN0JKNXdnQXEyX2RPT2hLRFFmaFl3RlFETmMxVUJtSkxwMG5hVlRWNXM0SnVmMWN5c0xScDRvOFkybTY2OVowc2djT2VrdGfSAacBQVVfeXFMTUFRYkpnRVBvNnQyZTc2bkVZc2Jma0lwNlRXdm1XNElzNFVxZkEtbnJnd01KQ0trdF9LOXlkV0F4YzJUWVdiS2RoOVlIek10MFZRbTRDZENpZ2dzSHJwMmpJSGdrZmxOODNwelA1MnhVekJYd09qSURXR2p6WHRHY1VaN2dYY1NVQWpKZ29Pd2owbExwanJrNzd5c3BtckpxTjJfLVgySXM?oc=5
MRK,2019-08-01,"Set 'Big, Hairy, Audacious' Goals Like George W. Merck Did",Investor's Business Daily,https://news.google.com/rss/articles/CBMitgFBVV95cUxOcDBuRG8tWlg1M0FDYXJKSGVMN21DdmlkNnNYVjJubWpraEZXOThOVlhkXzBtc29SQ2JLSnk4aUVTSXBfVzJpQmEzOU94STk4V1VZUnVyZWIyOGozS0V6aTJFVUplc3hhSnE0TjdSYm1RV2hpT2F4bUNsNC04Y2hSaGNaNGNTQ3pyT3NldE1Ja0ZxQUhBOWtEVjN1UHAtOTRyekhtNkZQRVROYlpDSWFSNGwyZldzQQ?oc=5
MRK,2019-08-27,Hipgnosis Songs Raises Another $63 Million,Variety,https://news.google.com/rss/articles/CBMikAFBVV95cUxQbVQ3bTFhWmZ6T3ZnSWsyOVpDbW5Ud01TbkxBT2N5dUpLbHJIVEZkTzBwa2l1VzFydjlDaWdoX0o3VVQ0UXRBRjhUdEQzWXNqWlJRNmowMGhKUWxhTUtnLURqSW9NeHdDQ3NtcGtoeEd2cC13Qm9qS3ltLVNNWFZ6cWtlXy1YQXJkaWg5bDJGTy0?oc=5
MRK,2019-08-27,Why Jim Cramer's Negative Take on Pfizer Is Flat-Out Wrong,The Motley Fool,https://news.google.com/rss/articles/CBMingFBVV95cUxQLUl4SVBOX2M4SUxaWDR6dGtRR0RNTmVMbVduNTc5XzhDSHJ0Y3RCS2E0STdvOEY3NW5qU0lnVUVKS0xhNVFFbjBIQTE2ODJWbDhoNk5XdFhxNGpMeXlsYVd4MEppaklCUHBfOEZERFlyTjJYX0ZFbEg1QnZCY0k4LVNGZ0FhY2M2ekRwaFZMTjkwdFN4NnpTRnlGYUlkUQ?oc=5
MRK,2019-09-12,Short Sellers Can’t Make Up Their Minds on Big Pharma,24/7 Wall St.,https://news.google.com/rss/articles/CBMi2gFBVV95cUxOUUtUWHAtbmxHMFI2YlZPMnlHUlpxSjdZNzNSUGp1azRGQlhMNms5S0VNcDUyZFAzWFhCekI2Yk5reWRlMVI2Y2xFSjh1cmh6V3J4cE5Id2tDd3hITHhoUk1WaUxjRFl6eFZSbFNrNUxnM0wtM3ZLRUt2TWdwc0RBM1pTblg2aUZuX05oNTl6T0NlY0ttT25OU2s3emZLMEFoay15ZUZUTk9UdnJLNGNpYm1UVHJuSTJnVm55UXVGbzRrcWJETExaOGNzUXJZbWxQQXYwZWdSeUN1UQ?oc=5
MRK,2019-09-30,Ovarian Cancer Study Suffers Big Setback,24/7 Wall St.,https://news.google.com/rss/articles/CBMimgFBVV95cUxOeU5HYldvUk0tcE5KWHlJd1Z5NTRxbGxoSUNkT09tZFlJNGt5dFFpS0hfbEE2QTF0Tk1tYlV2YmJaUll5eV9nZEV3RDV2YVRxRE8xNjc0YkZ3Uzg2dU9hMGVfSDgxSXN6YVNsak0tUmd6SW9DRmtkSlJESnB2UXplR3lXWUFMOU5ET2NxeUttRXpRTjYtTkdSWWFn?oc=5
MRK,2019-10-04,"Merck’s Keytruda Will Become Best-Selling Drug Worldwide, Research Group Says",Barron's,https://news.google.com/rss/articles/CBMivAFBVV95cUxQa05OM2E1TnFzMVZ6ckw0M3p4OURKeHE3clVuYTFzUUhOMDMwenJmZTVfNEg1Q3Z4S2M0YWVxY3ZDSVVZdUp2QUdZaW9Hdmo0LW9SZ2lzM1pjdDF5ZjNwbGtDbVlVV0tkZHZCZWdRd0NqYmFyTUJSSDdKdDVuSEt2aVpzQUV5M0YwTS1PZlc4LU55Q080ZkZhQWNnN3FzZXRLSFZldkxKTGFCaXFvSlplVHlQbHoxUVZkUkYzXw?oc=5
MRK,2019-10-07,Versum Closing- News - Merck Global,Merck Group,https://news.google.com/rss/articles/CBMic0FVX3lxTE4zeTZlQnkyUWs2SE51VFR3eXFZcTBhczFlUGdkUHhPNFp6YkNRUzFvSDJtZEpvRkFNNWpXVmhWSkJhMXd0M25zQ1ZMUU0wSElEUkcwTHJoZjdVY0pUbHR3c1A2RXozQ3N2eTBUNF9wM0JidTA?oc=5
MRK,2019-10-08,Merck KGaA Closes €5.8 Billion Versum Buy,CHEManager,https://news.google.com/rss/articles/CBMihAFBVV95cUxPTmNnaWFsdlgtTWFDMVY4SWI0bXpFWDNIeTRaNnUyZ1Q5V1hkLUd4M2RPREhJcHpZNFpFTXdDTU9vVWhuUGtpMm5XMkNZYmJqU2NhSDVuaVl5VVg2aGlVdkhzRWhfR3pEREZneGotNmtpdVBpODJad2EwLW44djdRNmk5TDY?oc=5
MRK,2019-10-08,Merck taps 4D pharma for bacterial vaccine R&D project,fiercebiotech.com,https://news.google.com/rss/articles/CBMilwFBVV95cUxPTDY4ZkE1RS1iODU4Xy1Qang2NzdiZzhmWkg1Nk1NNEp6NUVvbkNQUnRWcFdDUS1YLW12YmlLYjFRM1lUN2xrY0N4TkF0UnFvSmdEeGtUWjg3eVI3blZ0d1VEVEZyRnVYSXdXcTZ0X3I0WU1NTEJTak50bzZsV0xaR3N6SUNSZjU4QlNSVjdCbU1iTHdZWl9R?oc=5
MRK,2019-10-15,German company Merck completes acquisition of Versum,Times News Online,https://news.google.com/rss/articles/CBMikAFBVV95cUxQbWRIQU1hQlpYRGtXUmhBQ3Q4SENUVnRtam5wVWpMMVNVZEQzYkIyaTFDXzRXMEhSRFRWcEZhbTY2WEtSRGFic2ZneDQ4N0gycU41dVoyZ0xmc0VVR1BsVnpfOHBaZzRJWmtVa3cwWnRYdl95TzVnZTdsTi1fRUxnVG9Kal81YXNKc1ZycHFaanY?oc=5
MRK,2019-10-18,Merck to lay off 500 US-based commercial employees,BioPharma Dive,https://news.google.com/rss/articles/CBMingFBVV95cUxNeHVFWmFmbDl0UzVfSnhQQlhNcHFZZDJZQTg2LUhWc3RCU295am5seHdKcGh1eDNoSkZrNXdRbVZxR0pqaHFLVmNlNXBVcnNuc0ZJUFA0UkNWVG8yQjFWbEpoQnBNcDl5d2t4bzZmOFlFWjhpSzFZdHQtR2VrbFhZbWItLXl1OVdvRXMtTGg4Y2VWZmJBY2xnU0dNU3lQUQ?oc=5
MRK,2019-10-26,Merck’s Earnings Are on Tuesday. Here’s What to Expect.,Barron's,https://news.google.com/rss/articles/CBMinAFBVV95cUxNZWFBa0hfR1g3c2xZZTU4NXZPVjJyYWFPLXJRSFFqaWhJS2NFSk9NbHhFUVhqX2wyX1FqNWxlZGhrcUFCV0x1UEFxLVJoVHhON1pQZWJvU3E2TUZLdHJRWDZ5NVN0cG4zc0ZrNzcxdjNubGN4NHFmeGxheFdjVG5ZOTdfUU42Q05wT2NvN0VFMTdScFU4NFFpUm1aX0Q?oc=5
MRK,2019-10-29,Merck: Too Much of a Good Thing,WSJ,https://news.google.com/rss/articles/CBMie0FVX3lxTE1JZnVzVjhQSGtXcDRuZVRIZkRYaEdUS1RxWElRTGVMT3lFR0xiZnlmc0JhOHRueXdWb25WZEpvbVJsNnFWdG9Ra0tyNEtMQ2M0ZExTVkpiM3UxM0hNT1JfclRxaVZIQVh1cVhrdS1DRmhWeFAwYzBnVWFxdw?oc=5
MRK,2019-12-09,Shares of cancer treatment company ArQule surge 100 percent on Merck acquisition,New York Post,https://news.google.com/rss/articles/CBMisAFBVV95cUxOTDFPS3BxRlZNMjl0Nk1Hc1pCYVZBbG05dVVlN2ZWRHB0dGw3U1JWWmwwOFJFNHZZVE9scFpfVXAtWWNELU91YmgxYVBxb2NZQnlxOEttT2FFRWNaeWY2Z0drc05GSnZsLTVOQWt4SEZtRUYteFpueVdCZll0VHpDWmY1WGhfbHp5QlRXZW5OZnRVRk5uV255dTFCalRWem5QdmRPRXFjaURlRWRfTkxWYw?oc=5
MRK,2020-01-06,These Dow stocks hold up the most during rough times for the market,CNBC,https://news.google.com/rss/articles/CBMipwFBVV95cUxNbl9LbXVrOWg4WVpJT2VlQzdGYV9Lb1JCS3REM2NUYnVTVDI1TnR3SHJwRDBpUFNVU0NhWUttdHZGSFBEakZWUnRHWHpzYkdLYUFQUkNNQXc2X0ZybnZkR0YydWRhaWdOQzNHVmN1ZUIzVUZxTkVoaXhfQVc5bldWUXpqRnE2dE03WG15WWdWUWVXdmZiM1FCUm50U2VmRnBITHFCck1hUQ?oc=5
MRK,2020-01-22,Procter & Gamble: Buy at the High?,The Motley Fool,https://news.google.com/rss/articles/CBMigwFBVV95cUxPbmlacVp0UlprQTNFdlVodElncjNaeExFWUZqNnhJODlWYUlGdjRuVTJsQjJ5U0tuRkh5VWRBOF9fNkFMWTFZcEs1QzNidGRKV05mWWJPSUtEYmtSVEFscVZPVUg5ZjRZOEZ5cFBmdEprLWtsRXdkZTcweVlqUkszUjQ3bw?oc=5
MRK,2020-01-28,Pfizer Stock Could Test 2019 Low,Investopedia,https://news.google.com/rss/articles/CBMieEFVX3lxTE5VRTFsQTctSmtGZHNIUFE5ZWMxNDVPTmpQX09aSjNPRFdOS0NPSXAySjVJa0FuU254cU0teXB2allMZU00YllmSWpKbVh4OUo3U0RqX1E0aHlkNVNyVmVmM3UyMHBPYnJUQkpIdW52UmNGS2U1THhaTQ?oc=5
MRK,2020-02-04,Merck Reports Earnings Tomorrow. Here’s What to Expect.,Barron's,https://news.google.com/rss/articles/CBMidkFVX3lxTE9DXzRReVdDd2wzdHp4YzJtd1pXYkF1NkVma21UU0NHZ2p5bjRjSVB5bk52dm93UUc0R0lOeW1sOHdPUWV0UmFJOW15cFdqaG9CX2FfN1liNFRONk13RTgxaFFzTTZXdmRlcEFtUTBWWHAwdmxNNFE?oc=5
MRK,2020-02-05,"Merck to spin off women's health and biosimilar drugs, focus on Keytruda",CNBC,https://news.google.com/rss/articles/CBMisgFBVV95cUxOT3BabmJpRE5UUWMtSFhvLUVWUmJNUWpheXhBVk1WY2JDbHhZZDlNSmFqY1gtcWphR1VLUmZKcEpiSWJ0Zm5EbGh3S2t1YUhwSXdhd0E1b1pqUE5zSmZmckVtUWREX2s1b2h2aDZ5RWE1dFBqYUQwM2xtTWJ4S3B5TTFHQVQ1TFNISWVYQkRyemp4OS1pYWd6YlgxMmpfUDdOT2lIaE05OW9Db3FqaDdGdGNR0gG3AUFVX3lxTFBaYkwtWVNDMGZvOUQ4OHRuUVBpbW13c213cG5zVVBYSU9hWHBpdHBTVmdiamJjR3VKU0V0QjB5MXc2RDhXR3p1U2g1MkNyNHZJR01XMUhzN3BSaHhDUkdjZlB6a0pBcHJOaTZYV05DYmp0bVYzQnozN0R4TVJXNG9OanM3NXJSVDUwdU1kOS12OFhaU2lUNFV5U3BqWnRDV3BDaUtWa1pBdUZaZXBubWUyU2xmZWxoOA?oc=5
MRK,2020-02-05,"Merck Is Spinning Off 3 Divisions to Focus on ‘Key Growth Drivers,’ CEO Ken Frazier Said",Barron's,https://news.google.com/rss/articles/CBMipAFBVV95cUxQclkxY3hPdW9NQm9tdzdxTkZHR1gwRlktSWpSRGJRdzlrX1pEQXlZUWFDdThCVUxGUFdWSU9USmNiRXFuMUZUaXZHQXc0bFRkR1g5bFljUElTTnZ5VE82d0VFRmJNaEJXcHpSTXZqdElCQmQ2RE8xbmVDbzQwTVVSV0ZIeXBqRHVNak5DSzJrUm9sSFEzMmgzdTJkZW1zLUFmaGlnQw?oc=5
MRK,2020-03-02,"Amid Terrible End of Month for Stock Market, GenomeWeb Index Drops 7 Percent in February",Genome Web,https://news.google.com/rss/articles/CBMiuAFBVV95cUxNbHZNWnF6TzV4bGdtSFlJOHZLMGxoeWtvQmwyV0pjZFpzX3JMVlBUY3VsNE1RUS1tNHZKamVSam5UOHpjSWJuTEdoM2VhVTNBWTkxWmk5QXJidFB2a2VrUThMSzlveUNiOGZpMG9hNUpoc3pVV0Q1bVpLZFRyS3dNVXBvaUF4ZktrMVp3UjBRUFdfemJ4TzN3RjAxY21IS2FRYjNVWWExQmlUS3dlNEE5MjdyR09xYm9M?oc=5
MRK,2020-03-02,Gilead Stock Is Rising Because a Deal Will Expand Its Cancer-Drug Pipeline,Barron's,https://news.google.com/rss/articles/CBMiqAFBVV95cUxOdzgzVEl3YndUQU9TT1FJaEdaejJJazRCbVYzektoMzFrSnp0ZTRiSlRXVm5lZURubnMya2E3aW16Y3dxUHk1eW1BRm83WTlHVTV6MU9NMVlJZEdFWHVjWlZVV0Q2eG1OVWotRllxUmtGaFk4U2Rubm5odC1kQnB6SFlndXc0c3pIUGh0R1NtVkFsQ3FuZ1VCNG1PM2d4amxrLVVlejkzbnQ?oc=5
MRK,2020-03-02,Here's Why Clovis Oncology Has Upside Potential in 2020,The Motley Fool,https://news.google.com/rss/articles/CBMinAFBVV95cUxNVFp4TEVYWVlTNjM3dXFqSjRlNGNiRVVpZGRKWndSYXdtNldTaG1pbF9RWkw3bTl0SmdIX216SndUdUtWcjVvam95anFlUTlGNk9BYng0eFJjXzF0QnJKMm5xbWNLOXpjQjFUWmRNWHN3MXlONmlYdmI0cG1JbVJTbWJISTl4VHZZLWUtUVZrYVBSdkd0dDFYN2oySVo?oc=5
MRK,2020-03-07,LDS Church discloses the $37.8 billion stock portfolio of its biggest investment fund,The Salt Lake Tribune,https://news.google.com/rss/articles/CBMickFVX3lxTE54N3FFNDlEM3pvX1FBQTlIcmcyQ3NERzlYcXBEY0pXN3BxOUZQOUVVMFdZcGdveGR1UEsteEwwOFJfeU0wazlXVllYUERycjlDWlVNSkREQVlnVXF5Q00zV3VTRGFNaTc5TTBXMnhtelhfdw?oc=5
MRK,2020-03-09,Merck tells Montco employees to work from home amid coronavirus concerns,The Business Journals,https://news.google.com/rss/articles/CBMirAFBVV95cUxPNFNVY0dqaWU3WmY5MG5FR0d6UXZEOG01RmRvc3pOTWRMZjMwamt0d29idkhIRFdydmlwRDNrWkZXRmVkZkpxVjhqUFZIX2FVSDN2QWxTMDZ6bWZYTkx6bTJ6Vm9zX00tQjBrd0FIOWF1emo4aV9NMU5ycmtyUkdlQzRXTFlicjNvUlk5QXZQR2Fza3FzRVZGUEFjNVo5aTAzcEZjaXNtajZENmZk?oc=5
MRK,2020-03-25,The value of music: Hipgnosis’ share price is now HIGHER than it was pre-COVID-19,Music Business Worldwide,https://news.google.com/rss/articles/CBMiuwFBVV95cUxNTGQxOTFDTE9lRF9IS1pIZ0RhSzNvbWNrVFZLQ01HUi15VTVxOHN0VGlvc1Z5LU9WWGFFWWVvRUxPaVZ2ekw1YWJ3VDI5dkotaFhaVl9nN05Xdzg2eWsyNjlMb20tRDJHbVFCRm1ZMkQ4b1RxNDFmY2JveklEd0ExTkFNQnlIUmozTXA3LTZ1QjY0NWNyY1RjTUVXSGJjZTFNVWJnT1Y5T1NUdC1DZFZMV01IcGhwWEpBOGZN?oc=5
MRK,2020-03-30,Dow pops nearly 700 points as Wall Street nears the end of a historically bad quarter,The Washington Post,https://news.google.com/rss/articles/CBMijwFBVV95cUxNQ3hXOTJ0MERGYnUwckdjcTJpdVRWUVJNbkNjMXVvbzZPMG41el8tNm1aUmp0V21aLUNDUU5QRFVOWVZfUmlDZzE3TlNmQjNWVzR5OE9aTGhvakIwakY5SHFLYzloeHV3cllRNk1RMmFzRkhPcXBBazlTR21kWndTMk15a21UTE9UVFdwUnZYdw?oc=5
MRK,2020-03-30,Bon Jovi’s Richie Sambora Is the Latest Victory for Merck Mercuriadis,Rolling Stone,https://news.google.com/rss/articles/CBMikAFBVV95cUxOZEZuVlVjU3BVRTlwMUdKRk5tWlhzbVo3Y3RvWW1BeHFaWVZBcVd0SkNwM3VIVGJLRkR1RmFuUDA5eWNwZUhLVDAzUGdUa3lqazl5djAzaUNqQkRkb0ZkN0pNeU9pMVRPa18xdmo1SDZiNWJlek1GbE94NEg5NHUwVUdoYkRCVUJuLVhhN2ExTXY?oc=5
MRK,2020-03-30,Merck Mercuriadis’ Hipgnosis Songs Fund acquires music catalog from Bon Jovi’s Richie Sambora,Music Business Worldwide,https://news.google.com/rss/articles/CBMiywFBVV95cUxOYnByNmdzQnZEMm43Y0lHaU5jTGU3NnhuZTNrN2V0T0pkRmpBeWR3OWJOS2tUQlhvX3ZLbWVnMXpjOFB2bWNZVEM5MGFFcGNYcHpFNWR3SVlrcHNMTTA3MHJZdVJPcjBSdGFCbzEtYmNOMWZYYlJKRHY1Znl2UDlycUw4cFpxcWJVQTQ1b29UdWZjdGRxSEpNVlRHU2FCMkFxRnRkeVNIN1Z4MUNmX1R3YmVsb0x2Uk5YLWR3aE01RjBmeElsSzduQ2ZXUQ?oc=5
MRK,2020-04-21,"Stock market live Tuesday: Stocks fall for a second day, S&P 500 off 3%, oil drops below $12",CNBC,https://news.google.com/rss/articles/CBMibEFVX3lxTE1GYmg5T1F2dHV6R0VLLUxFUHBJUV9xRDlCMjJlcEpyLWZEWnZhUmZPNC1UX1VaUUo3Tk9oNUdDQUlkdTN2RUNnVk9acUp0WjNnaW9naUZMYU5YamJuV01UR1ZreXl5Q05sWHlWM9IBckFVX3lxTFBTMmJTekdKeGs4Vzg3bmQxLUpMaFQ2Q1RIN0VPcVFxN0hMekxvLV9Jak1kWnJSOUtkVFVVckN5UjR3WktNUU9rWllrdEpCXzRJbFBxVGJLY0s2U3JSX180RDNfc3BSeXFMdjJNRlhZV2ZpZw?oc=5
MRK,2020-04-28,5 things to know before the stock market opens Tuesday,CNBC,https://news.google.com/rss/articles/CBMingFBVV95cUxOeGtHY24wTHJ2ZUVpcDAzOGl2Zk9ybWR6aElBUUFDbVVmNndRbEd6QTlPTjYwRXh4dm9rcWhyaVdQblM1Zmk1UlJlLVR2dm1PWW93dzhnUGxIUXBuWFB0MmdTMm9yZDdBV0h5SkRzT0ZoMm82VTNrNHdPaXB6MmdPXzRVVUpmU1NjRVZFWmM0NEo3OTFBN1dEbW91UkpZd9IBowFBVV95cUxPVXFuRDhESFg3QlQ5NlZfS1VkblM5RTkyMXBoMkpCZmp4VUl6dEQ2LTd5UnhHY3l2VmgxX244bjRua1k0VzdQbzRZbXpmaHVUbDBNbTdxNjhESW5QUzM3dGZDcUhWT3dTQ3pDaFR5RW5OTWJrVW8xR0tpMjBOeDNNTVB2N0hzX0pFSUVyNFYtckJXV2dwZnBpZmxIM3Ftc1RkUERZ?oc=5
MRK,2020-05-04,"Merck Beats on Earnings, Stock Stays Below 200-Day SMA",Investopedia,https://news.google.com/rss/articles/CBMilAFBVV95cUxPNnNFbFNUWWw3Mnd3WmIzT2hmT1ZUNnlVSEgwYTNzSmxOWTZzN2doek5rVXRza2hlX0Vnazl6dTk5ODRwX190bHllcWtoOXRTeVNhdXJZcnYwVk95MkszWlA3dVBMU1JNeVcyODF2em5IdGZ2eVBhbWdmekNHdGNFR3pVWUlKT0ZWU2lOXzU1QmlPdlZM?oc=5
MRK,2020-05-26,Dow Jones surges 529 points as NYSE reopens trading floor,upi.com,https://news.google.com/rss/articles/CBMitgFBVV95cUxQM0dzdjZPWFhuMlhxMlVRWmx3Vm1SMHI0aWJHalFIRGc5bFFnMkJwLTRnODJnaE5UekpZOGp6T0xKTnBRYTNZZ2pfS3RUWUloV1BzaDFIZlZ5a3dINGNTRWluRUhWQ3laNU45M0xfUmZfamN6emc0cXFINjhoWDBJZFNyS2liZ3RhRmlycGlWVm80OW9QTVhwWlk3Zjg4d05lTUxOZFptNW9meFBhVGNid2NDS3o1QdIBuwFBVV95cUxQWGZKRlFHOWZhRTh3TU55ZFV2b3BwdW0xQmZGaWpkUEZXdUN1VERsVUlaRktvMF9UQnFOZ05MbnA0SmlXSUN1RWRmV0xBd2EtYnZ4cW03SFlIczVTLW84TG9YeXFKR2xiT3BMQlQ5NUpaQTVhTmZIM1NMTGR0cHJUQ0lKM0FQTVktcFlkSkVfTTlmc3FNSlBqTmoyak95dmJrcnprdm01RDVadkhkMndVWEJ5WHZiUXVtQWtr?oc=5
MRK,2020-05-29,Dispensed: The untold story of Moderna — Building a new future for medicine — Startups poised to take off,Business Insider,https://news.google.com/rss/articles/CBMipAFBVV95cUxNeF9rMTF1OHVYZ3hSM00tZkdpa08xY1B3UmlkM1RTWVNUQ01WY1BZRkt3M19BSFZXTDlxY01LbmZVUVU3ZDIxWmJobzdRTDBELXMydUswSkF2aGlWMVJfaWZxT2UtdnBFQVlJV1lETEZRUHNVLXNnNVUzWWtFUjNKT1gzQUdPaktYMm9kZldpeHhVeVlSNUFpUENIRDA1dHFVME05MA?oc=5
MRK,2020-06-14,Is Merck A Great Dividend Stock?,The Motley Fool,https://news.google.com/rss/articles/CBMihAFBVV95cUxOT1RtbXNmanBOb0tlVjc5LWlPYVdBZEw3OUhKR0NrTmIzQmhsN1VwTlM4cUZNWXBJSkZKZ0RudHhiUC1vSjg5ekxKMFhsYW5ZS1M2ajdlN0FfX21qdWYzNDRxYnpDX0NyRkE1V2doTWV1TUJySDlPOUI3RHlMbEZRWEVZbEY?oc=5
MRK,2020-06-23,"Stock market live Tuesday: Stocks rise, Nasdaq new record, Navarro gives overnight scare",CNBC,https://news.google.com/rss/articles/CBMibEFVX3lxTE5uMm5naHpsQXIzNkVST3Z2c19xYlRBdHNFTFl1UkJCZWZYcHBVZVVUUTQ2OExzWTB4cWhvNFJDTmRJclVTSnJVcVZiTGkyVWZ5SHllVndEY1RQc2hCR3V1RzllaEVTSlBWV1dUUNIBckFVX3lxTFBlWVhtYnpnODJpdkhBLTNNOTRhRDhGUWhZWXc0ZzBBOU5sRDh5VHhUM19udWxZWjY1OHVyb3Bxclplb3kwXzRKQl9ZTHpEcGhyYkRSTFFqOHQzQnRlN2c1YlF2N1l5Q0ZVNi10WUZVYmljZw?oc=5
MRK,2020-07-06,Bellus shares plummet as cough drug fails Phase 2 test,BioPharma Dive,https://news.google.com/rss/articles/CBMid0FVX3lxTE95UkFGUjItUXp0NnBqV0ZrUXNXdUc1STc4ZXgtcmJyYnpfdE1DeXNqc2tXZjVtaWYwQ2kzQVN3R0JFU2pUb0RKazdjejJnSHJqT0JxMGY3MU1Vc0czb3JIVHpKRV9wTmlTaWhndEhuLVVNbmNTV1FB?oc=5
MRK,2020-07-06,Hipgnosis market cap tops $900m as share price hits all time high,Music Business Worldwide,https://news.google.com/rss/articles/CBMipwFBVV95cUxNOW9QVDFreXhSbDlKMnJGSU1iRHhIakxkaGRCbEtHQVNSSzNZaHVrTGk0ZHA0ajJtTDltckhOZjR6azJMT0hoMGpoQVQ3RjVUdXdmczZVTXJGdkxKc1VNcHFjUW5WdEtaQnF1NlIyNlBvaTJUYkhBUVpaLWxucU1OZ055ajBObURtOHhEN2V4d0FPbW8xM3dnTy1yUnBFUW5nU2xaM0dUTQ?oc=5
MRK,2020-07-07,Novavax skyrockets 41% after US government grants $1.6 billion for coronavirus vaccine creation,markets.businessinsider.com,https://news.google.com/rss/articles/CBMi3gFBVV95cUxPNzEyVHBHMUF5elN1aHJUMFlFbDVxb1g2LUp0NE9BYzdFbXVtX2pUNkVERnl4OWlGVVF5cDhsdFU1RTNoc1lnOGRHRDhLUW5MQ2VYNDRzWHhER2VZSGNDTldyNnVzNjBhaVhSZGE1RGlWX1dvUU1LdkIyb2tTdUY3Q3pqdHZ6OUtpQkVLVDJHNGh4c0c4ajZickpBMjFnWHZURVMyb3U5V1pLTTRvMlRNRXl0YVJTT2pmaUMzLWhpVFk5bVB1LUZPZTNDSmZUU1VEMHRqb1o3di1hNTdEOFE?oc=5
MRK,2020-07-07,CanSino's COVID-19 Vaccine Was Just Approved for Limited Use in China. Here's What Investors Should Know.,The Motley Fool,https://news.google.com/rss/articles/CBMingFBVV95cUxOZWFZZWRrZWswS1pOM2Noa0RLbTBmMjUwNnBkVjd6Q200U2tNU2UwWFFSZ3FXdlFfRU92Z045eHotWGZFclZuOFQ1azlDVVhCUnBZd1N6clVzd19saE0wTEJLZVdEYktNNWZOSndxSlFXVDJuMnppU255Y1dLTzBZT2IwdjZkUnRoemNXci1NMVEweW1tRnJab1drU0IwUQ?oc=5
MRK,2020-07-14,Fake pharmaceutical ad urges viewers to ‘take the shot’,AFP Fact Check,https://news.google.com/rss/articles/CBMifEFVX3lxTE0zZVZfZGdHTzRmdGh2MTF2ajVaQXJ4aGRaNzlvNWt2TjBaRE11dERETUFKb0g2RkJjSW5nTDNOeXJoeWo3bVFOS3BiTHg5QjJZX3NpOURRcENKaTk2VXRQcG42RU9wN2JrZkhZU2tpUVRhYk5zWU9DWDNGbWY?oc=5
MRK,2020-07-22,Sell Overpriced Novavax Stock While You Still Can,InvestorPlace,https://news.google.com/rss/articles/CBMijgFBVV95cUxNZElTa2dXTFZhdzRjTUZySmN5ck5UcTVKWGVQUHVscjA5ajJuZ0otZnVWbllnbHo0VTVzYzFtOERZMVJSU184LVhGdVlya1U5RkxKUzhFaDdtUFpBU1ZONHpPZVUtTHlxZnBiWV9SWjl2ZmUtZ090SThuRnJkUGV6c2FySF9iRFItTlVoTUxB?oc=5
MRK,2020-07-31,"Stocks making the biggest moves in the premarket: Caterpillar, Merck, Chevron, Under Armour & more",CNBC,https://news.google.com/rss/articles/CBMiyAFBVV95cUxQMVBpXzhubzNoSzlGVzdCR3AzcnBRSjZ4RzljMEppbGFkQkxTLVg5Sk1sSDNsdVB1ZGJUZkdvRU8tZDJ5YnZZQzVWTmhuSVRBVWJwOWcya0YzUy1rYzZZemtBZXZ4VXF6YUFIaFFLclZaUmpqdkNoYzdwS3ZJOTJPRFdVVWpvZUhVeE8yT0NXX2hWVFBzX3RuU04yTG5YVnJ1Y3h6SWg0UEV1TkYtSGxWSkJNcHRhS280NTdSdzR6S3piN3VlQ2s2M9IBzgFBVV95cUxPZFRPYmE5ZXNobVRGbzFzby03anJZYkhud09BV1BxTGZCZm9fbGE4bTFMN2RrVmdKRnhaeWJxNHhGTlFEZm1mZHdKM1dOSUgtc092dHlzUnl3TnpyVUNaOW9jaHY0TUd3N0ljYXVBLUg1SmFOa0hSNVVHWU1tSWtHSkFyTy1KTEx0MkJlV3UyeDZDZVh0bFBQM3plYUtMT1NHWjFWekRxX2pXOWd4bWR0QW55SzZaOG1NYjBqaG5hbmR5aDNTMjFtQWgyNENrdw?oc=5
MRK,2020-08-02,Barry Manilow Sells Song Catalog to Hipgnosis,Variety,https://news.google.com/rss/articles/CBMimwFBVV95cUxOclZOWXFzOEVrYzhVcXVRWVUySjl4UTVqdm5QNElDRTFRTUg4dkxacHFFNlFFb0lFR3EtRkFxbzdaSkxpejM0YVVjcFZLbVY2VjBERDJ3WkhKdGx1Vk5wZWVHZFpScmRrbmFvZXI5VnM1T2lBLTQ1MUJJNi02S2ljMHhqVUkycnR0ektBNTluZy1WNlBMX0xqaVN3NA?oc=5
MRK,2020-08-05,Call Me: Hipgnosis Songs Buys Blondie Catalog,Billboard,https://news.google.com/rss/articles/CBMidkFVX3lxTFBaWWNuN0JKWDdVZVlJNU9ma1JpYjJLanNoZUpBdW9jUWFzSENibXNxdVFqbDFMR2JSZ3R6N1g5US1Za1VCNnh3ZHRWTDk2Q3VxM3hfTnVUVXE3YmVrRVR6Y19EdUlpR3h2aVl5NVB5X25oVWJMdUE?oc=5
MRK,2020-08-06,Half Year 2020 Merck KGaA Earnings Call Transcript,GuruFocus,https://news.google.com/rss/articles/CBMibkFVX3lxTE5vb29ETVlPYUtONGJYUEVnRzcxczAwcW5kanBHQWl1ajZjdnZSQ0JJdU0yZDZ5Qkg0UWhkYThYc1BDRFVfSDhKS0JRa1dKMkxEcnhvbUxnUTdUWERoSlNJNVBuS0ZraUE1VDdvbmp3?oc=5
MRK,2020-08-10,A Pure-Play Protein Engineering Stock,Nanalyze,https://news.google.com/rss/articles/CBMia0FVX3lxTE01N3B4ZXFfVGFCTG01RFVXYWQwRFlTb09vaEdBQkd4VFNDV0xKZ3VhN1FxT2tadVkwb0h5U2hFdFJNUk1NU2V1ZkFoNkdQd0VEQzlmeWo3QXFIMm1pLWJ3bjZQOUdaWEE5MV9v?oc=5
MRK,2020-08-21,An orally available non-nucleotide STING agonist with antitumor activity,Science | AAAS,https://news.google.com/rss/articles/CBMiYEFVX3lxTFAyU2hQVlZlZGhwb0N3blptNHNlRGFRLUF4RVVvekVpdUZJak1neW1GMWlBRWRhMFdmSDlFVnlhc21VazVwaDZkY1hyd1hWVmE1eDgySTlBRmI3SHh0RzB3dg?oc=5
MRK,2020-08-25,"They Pledged to Donate Rights to Their COVID Vaccine, Then Sold Them to Pharma",KFF Health News,https://news.google.com/rss/articles/CBMiuwFBVV95cUxQYmNGM3dqdHJSN2FUc0MzQTRHRFdQbHphbGlnNEluck80R244MXNIUGl1OG1RYTVrdGZrd19QLUJXbjJSNmRTZDZRam5acDhIWDh4Rnlzc1lTVWNiS1Bqd1hlcDhfbmVhc2VueUpWN1Jacm1wYmFXbnlxZnA0M3lTbTVEQzhLMXlLTkl2QTZrUmR5TVRxUWNHYTRHT2htc2dPc3FvNUM5V3J0ODU1TlBnQV9ZQ0dlOV9DSXZz?oc=5
MRK,2020-09-08,Ted Cockle and Amy Thomson join Merck Mercuriadis’ Hipgnosis Songs Fund,Music Business Worldwide,https://news.google.com/rss/articles/CBMirwFBVV95cUxQU3N4azMxS0FaR3haWkk0VlZMUC1mcy1tM0tCSUZaOE56RVRhWTQybzNoWU1BY3lqa08xa2V2QVZhSGxpdjhneU9JaDNKUTRnRFFtWm5qczZTZkZUYlR2VEtmMTVvMHlMUXk0NnQ1VkoySGhOQnUtVDRpa1ZTZkE2aTBpTWJmam5QQzFoZjZRZFdCZnN6WWJfNW9IOTBZV2ZOWWxiTkktS1JSSTZZLWRv?oc=5
MRK,2020-09-08,"How biotech and pharma companies pay their CEOs, and their workers",BioPharma Dive,https://news.google.com/rss/articles/CBMihgFBVV95cUxQWV9hOTRhMGhhX2RPendUYTB0MHY5WGk3Wmpya2JFclliOTVmTE9oU1JSZHgtY2tKd0gwY3MxbFBWR1M0cW1tWk0tNXM0VXF0QkJXZVVGWUxfaFlOaUpjdUgzQmltNy1peW1MMzFTb2JOM3Jpdy1vVEVZZlNSc3dJSHI5UDZqZw?oc=5
MRK,2020-09-09,Hipgnosis Songs Buys Big Deal Music,Billboard,https://news.google.com/rss/articles/CBMibkFVX3lxTE5wQTlLbFVfd080dDZHV0F3LWhVZ2MzOUlNdjRVV3VQUThaemRfUzJJem9ZWEtoV2RLRVhmbWZYY3FpNGlaTGhGNWxiREo2SXppM1NYMXZZUGFLOFdWWTFZUzUwWDZ5eEM3bzRfZFN3?oc=5
MRK,2020-09-14,Merck and Seattle Genetics Ink Two New Strategic Cancer Collaborations,BioSpace,https://news.google.com/rss/articles/CBMimAFBVV95cUxNZ0taZHBtZFdBbDRWLUF2Nl9VUWdlS2hhazM4VWxyU1R4UkNYWUh1U3hOY201X3llV3o5OXdoMUstSHdjM1NwNTdSWUY4R1hFSGFyOWtKUFVLODhnUV9JQ2ZSMTJJRFpmQWpGTWt6Ti1IQjVKSHlSYzNhQnd4RDdUeEtycEM2M1BFci1ESEswX1dOazZTd1RIUw?oc=5
MRK,2020-09-14,Seattle Genetics strikes potential $4.2B deal for breast cancer drug,The Business Journals,https://news.google.com/rss/articles/CBMinwFBVV95cUxQaW1feWZTSzZxVzJpN0EyTE9FYWFCUXZDVU1uR21FaFBaSlBIc2ZOTGhUblVIdGhiaEhTeGRnTWNONnVQc0I5REFBMkp4ZG5QeTFVVFJJU0RJczRQTUQtaFRXMC1UZ3hnUHJmR3ZlOUx4dVFVVHlYMmkyTmE4ZGZkbHFNeVh4S3c4akJkNWlDb3hKcVpxOVNHZnhZVkNOVEE?oc=5
MRK,2020-09-16,Merck & Co. Commits Up to $4.2B toward Seattle Genetics Cancer Partnerships,Genetic Engineering and Biotechnology News,https://news.google.com/rss/articles/CBMipwFBVV95cUxOTDVENWhuOWVPcnBmNi11Z2ZsVWdKSEMxODBCb2x1TVJVU3dFaUx3LUJNd3dmSzhleXlHTWxNc2NfbDJKTHp3SVMzQnBvOFdRang3V3E2ZlAybUZlRmYxRnBLRkJITUY1SFpUZlFYSXEtY3ZZWXpUaWM2cDIwNFMxWGVud1Q4WlB0LVoyb3pERlZQNHJ4M3BrZV9mZTZYT1F5V3BnRThpaw?oc=5
MRK,2020-10-17,"Meet Merck Mercuriadis, the man who has spent $1bn on old hits",BBC,https://news.google.com/rss/articles/CBMiYkFVX3lxTE41MVVrejBBeUVrWXA2bW5xcFM2VU1SeTRDck5oN2tmcjk2MU9IcTJpUng1X2JkTHA0eFE0S0JnUnloU3pqOF9FcnhJTEh1b2czU2hLWFF2SjlDMFJZYzJocmR3?oc=5
MRK,2020-10-19,BTS Owns $108 Million of Big Hit. Every Other Artist Will Be Taking Note,Rolling Stone,https://news.google.com/rss/articles/CBMiwAFBVV95cUxQV29USXhTeGpFXzl0UXlscEt3SlBnXzNETkl3dDZkZ2FPaUxqTHA0dmZiNFdaazE0bTJUM18wMEZpM1QwQzF4bU5MWF9tU2d4R2ZsVjUtejdZTUluVmh4bUgwVmNYcWRMeUd0aEZEMFN3MkgzbUdvYW1FUUVkeUlEMmptZlAzdzRoWE10NnZ0czV1WGRfeENSeG9TazVaV0kxenplTXkwWGdLRmxnZmZGa19nZ2tiUWk1R09RLWNCTTY?oc=5
MRK,2020-10-19,L.A. Reid sells off 100 per cent of future royalties,nme.com,https://news.google.com/rss/articles/CBMilAFBVV95cUxOMzZSYnUtWl8tYWp3TzVXblQ5Vk9VRmh6cTJhamlZdkNtUU1kalRGdDdmdHVLdkdXb3hHSDFlQmJUdlFfSXN3U2ZqNG80elJuNmZaSXFmNHJnaGpUelJXb1g1X0FLUTlvNThrMkhlazd2X08zZnVhNDFzenFUR0hLdGNWd3VUMXhFUjRIVkN4RnlETnZG?oc=5
MRK,2020-10-27,Q3 2020 Merck & Co Inc Earnings Call Transcript,GuruFocus,https://news.google.com/rss/articles/CBMibkFVX3lxTE1ZUTkyY2xOVk1xbjBCaVJ0bnh0cjhyalRKcC1HMDZieHVFNGU5Y0t5TkNSQzRMaXBLdFhLY0lBRDNKUHlQN293YzRiMzdmZXV0SnhYcVBSTzF0NTZzZV9lZDV4azNSb212SWI3eU9B?oc=5
MRK,2020-10-29,Hipgnosis’s Founder and CEO Merck Mercuriadis — Future 25,Rolling Stone,https://news.google.com/rss/articles/CBMikgFBVV95cUxPN0pLdk4wdkpaQllVekl0b1dFaE42dEUxbi1adEJvQmtkYjhZUHFsNEtXdVNrQlVxSV9SZzBiakc4eXFUOWFRSmRIbHFEbWJWa1ZFV1RuSDh2d0hMajdlZmRqZDRZYkRpaUt4UENNWlpESzQ4dTJJa2s5MG9nNnNEZlNYV0g3SFNIRUNYVTdMV1ZNZw?oc=5
MRK,2020-11-02,"All I want for Christmas is... 33,000 songs",BBC,https://news.google.com/rss/articles/CBMiVEFVX3lxTE1KM1pTbHZGZ3d6SEFqdE9vdHJ0ajJqZ2Nhb1QyNnYxYTlMX25JeHlsTkstYmlhY2lXNTRvMXQ0OHNhYk9fNWZBcFVxcEZFdmpsY0lraw?oc=5
MRK,2020-11-04,"Navigating Cancer's founder and former CEO sues its investor Merck, alleging gender bias and interference with acquisition talks",GeekWire,https://news.google.com/rss/articles/CBMi1wFBVV95cUxQckhCWlJFZU82OTFzNXVWUXoyWFRLV1A4NWlIMzJ3cFJFRm85UDE5SGhNMjZpWWs2c0xHdFZ1aFJYTV9XbENlWHVGOVNnYlZ4aml6X002QUtSaWFlQU5QNFFhbmc5ZGlLWU1DOGxRTFR4TERDejBvNUhJZ0tXTkhvX1B0U3cwZFU1WjJGWG5DMThsWkl2TmdVZlBFV1haLVdZNElFdEhPS1p2SzZXNlhXdHVfclRkMkdqdHdTcTlXUldFeUpVRzdMS0dnY0RJSWxvb0Zyenc0QQ?oc=5
MRK,2020-11-16,Warren Buffett's Berkshire invests in four Big Pharma companies,Fox Business,https://news.google.com/rss/articles/CBMiqgFBVV95cUxPTWVLT28tT1ZseDA0UmE4eUU5WTRBd3NaMllBaEh6MnU1dmtEb0RCc0FKdEs5b0ZIaU53cURadXRvdWJ1dHRiQ1BsZkh0UUd5UmMzOTdHZnpEV213S1pmQmV2U1YyeDd4T2hlckV2NUlrZTVCRG5xeXFIT3hfN2kyb0h6RWwxLXRxY0JqOTdLdXowNi00a3pxQTEyTFhjS2RlZkNsZ29nRVl5d9IBrwFBVV95cUxPd0w4VXhUNkZHcUxlVzdvLTBDbldLbWJtSDhFWFI2bnBzdU9qNi1wY3lzQ29ZVDBrT0xHamlMd21NNjVzMU1zYmUxQUJ2ZDJITWplYkZsRXhrcl9RbENwSzl1ZEtnXzMyZFFRdlU5aWVBQWdRa2JKeVdweEJXdVpwWWh1cDBDMU9oZ1RqT29FU3UyTG9YWG9yczhDelEtU09nUWp6Tm9OazhrR1ZQbUhZ?oc=5
MRK,2020-11-16,10 Stocks Warren Buffett Is Buying (And 11 He's Selling),Kiplinger,https://news.google.com/rss/articles/CBMijAFBVV95cUxOdlQyV2tLZVVYNUc1cUF1eloyU0ljZlA3aDgwTzVGcXY1VDMyQlFwUjdxS0VDUlRFNHdSVWFPT2txWllrTV9lbFpaX01URUctWDdfdkVaSjZBMXF1SEloa1UySGU0UDVhQTd6ZE1kNWV3bndOS0s3Y0E5dEJOWnJmcUFVMGFPbnZrbENFRA?oc=5
MRK,2020-11-16,"Warren Buffett's Berkshire Hathaway reveals $6 billion bet on AbbVie, Merck, Pfizer, and other 'big pharma' stocks",markets.businessinsider.com,https://news.google.com/rss/articles/CBMi5AFBVV95cUxNSm5iNmNZNjdMMWRFa1VSOVpMZTFmY3dDbXBjVzFkSmJvRFZXQS1DUzRFMjcxRU9IU3JjcHhJUkJNRkk0M3RBcl9XSnBEX3YxRTdVQVliS2otVzczemdVQXYxbC01SzlrbTA1QVd4Ymw5REF2RDRTNjFXZ3RzX1NnY29rS2RubmFvTzQwbGZMWmZTeUU0ZFZBYUkzRW9JYVktMzJsMjJzU0NSa0c2aHFqZXdWXzZIb1EyLWhLWjNFMnl1M1QwNjktNDNuNm1NVjd0Slc2ZFRqaE5EeGo0dkQzcERwZEE?oc=5
MRK,2020-11-17,"Buffett's Berkshire bets big on AbbVie, Bristol Myers, Merck, Pfizer as COVID-19 drives healthcare investment",fiercepharma.com,https://news.google.com/rss/articles/CBMivgFBVV95cUxOb09RSTdMU0ZlcmJUQ2kxeS14M3h1TWcxd1k3cS15ZHk2VWJ5SVVuUXFHa19JV21Cb05JeVpDYWxTS203dU5EeFc3WjN0OVhqbFJXNGxHUlNtZlBqekktX2l2RlNmcXdVaWZJTlJabV9sZ0VXb3VsX25LNDlKeEZPdGtwMVdvOXc0dVFkQXJZVFNGNE5Ia1ZiLWxudENTU01EZlRfajRyanF0cThVZVNhTlJVZVpHSnFMa3hUbWhB?oc=5
MRK,2020-11-17,Warren Buffett makes big investment in US pharmaceutical firms,theguardian.com,https://news.google.com/rss/articles/CBMisAFBVV95cUxOUjhQNldMNlA0U25qTHVrbGo0WTNwQnYycDY3UVVEVWwxSmFtSFB6QzBHMVNoNm9TQ1JvcVB0UVpGVDdaU1FRaVBvRnN4czFranZWenlWNnd0aWFzSEJxV3BSbDFIV3VIaVpYa3ItY2pHUGFmZEJpc3VaaTNWVWhYUl9PZk9MNVFWNlF0T1BISWJmWUJPUkR5a0lNWF9JRWg5TmRtZEZ4WnRLLXFoWHFsVA?oc=5
MRK,2020-11-17,"Warren Buffett Buys 6 Stocks In 3rd Quarter, Dumps Costco",Forbes,https://news.google.com/rss/articles/CBMiqwFBVV95cUxOd1JsVnZMd1NyU0RvTzFPblIxNWtvUUVOVkRPNk4tcHFmVXNSemZQZkJBMGNZZkozbzNOVHc3WUdsTDJJdEhUbHloZC1kaEVvT25qQno4OXN1TkR2OTdlTnpwLWZyMlh5MkNoa2dYczY5X1YwWkxEeDJMa25ORGRqclF4MXZCcXRuVGl6akkwRnhYT1JDUUpHR0MyazY3UUt3eVpYX0N4TVFlWDA?oc=5
MRK,2020-11-17,"Warren Buffett's Pharma Bet, Apple, Costco Sales Explained: Bill Smead",Business Insider,https://news.google.com/rss/articles/CBMiswFBVV95cUxNLUxHdzhYR2lKdkVwb19veld1aDJRZl9ZTGFTdVBiMzBkZXVPOWNKR0pIakZFZ2VRQi1pU1pySjJCR25xY25KT25fTU1Yb1Z6V1RuMTdNdUdGNGdiNVVUa0t6WGkzaGxDb1c3R0ZLenMya29wclVESWlJWXIyOU5kdzd0MWM5QUNCaTVEdHdiTE85c1piTzhoVWpFZVI5RWFxTEkzcllmWlc2MjRYYU9xdjA4VQ?oc=5
MRK,2020-11-18,Here's Exactly Why Warren Buffett Loaded Up on Big Pharma Stocks,The Motley Fool,https://news.google.com/rss/articles/CBMilwFBVV95cUxQaDBMVHZfUjFlVDhIOG9mZ0hucmdNSDRuTlBWZVdqX2Q2SnN6Y2NKcUVHcGFjUXNGZTlkNGRyUmk1dm4zbTBXaTk3MVZpUzFmaUxqWTRxYkNLSUpkbF9LRTlrMFdzdEpQbkZJV0libkl1VG1USHJFVW5zMENoTl9jVjZsWXhpdFN3Sk1Pb2NjOWpNd29kcXdB?oc=5
MRK,2020-11-19,Merck Manuals Shares 5 Tips to Prevent and Reduce Heartburn,PR Newswire,https://news.google.com/rss/articles/CBMitgFBVV95cUxNcjRTX084cnFqamNNb1dLSkxOTkEzWGN0dy1NbTRUd2pqdlhPNmpFUnVMSWtSaV81eE11b3RoMTEwbkxDTkR5Nm9VcVU3ZWV4MjlPQ1E0a0NvcWp5LUFKVl9mTGYwekRIVWdzMXl5QXQ2TjVGVVBsZzM0c2VRVG54Y0tFMy1NY3dMZ0NoenQ0Y0RpVHJhMTdRd3hvOU5Mal9UemN5SVVVYi1zUGpsaGNuZ3NPSFp3Zw?oc=5
MRK,2020-11-23,Merck Bolsters COVID-19 Pipeline with OncoImmune Acquisition,BioSpace,https://news.google.com/rss/articles/CBMiqAFBVV95cUxOZ1dCekRtY3FXNGp3NlNLTlBGQVg1OGhNZGdWaDl3UVVoWlY4REFnbXluc0dtZ184VEdMOXpyNDk0dHdxLTZUWFp1SFF6MmJBV0pVc1dYTERiSEsxTWdhcTBDalRMUVBoWGprS3FVNXlhNnFzdXdGMVpGUTBpNXB3RGdfX2JkTWVaVjZVOC11MHhpN1lMYWFseWM1ZXlPUmR4ZUNkN0NUQ0o?oc=5
MRK,2020-11-30,"Warren Buffett expert John Longo explains why Berkshire Hathaway plowed billions into pharma stocks, exited Costco, and ramped up share buybacks last quarter",Business Insider,https://news.google.com/rss/articles/CBMitwFBVV95cUxNNy1FSEdfcFBFQVIxYWI5RkI2YTE5S1hzNWRYVHlXV0cwMkxYRk1IdmEtTjllRmo4OUhrTTY1ZkxUM0VMUGpJeUZfOHhUVjBOVHVCV1BJbFlwSUhucDk1SG5mbWg2aUxHM2RoVGpJX0stTXdEdHZvZ0xlYlRxenpvYlA0dlc1R0hJeXlhR3FXVF90Y1dVRy1ORTJ6dkJnQ1pIU0NiV0dCM1pBOEoxUkFGTDhxNTJMNU0?oc=5
MRK,2020-12-02,Merck sells off its Moderna stake after making record gains amid the pandemic,Endpoints News,https://news.google.com/rss/articles/CBMiowFBVV95cUxNa3djck1teF9RUEVkRDd0RXdKbE5GdmJhN0dCTE5DeFY3TzctVVY5bVJQNkY1S0ZJVWhjcURiNzJXS3NZMDhPR2VkV2VMZ1l6MEZNdW1IX3FIY0VmelM4b09HZUhQN3c0dFl0NENIUDJjTG92ZUFtT1dWMHlYMklwTzZOeVR5Q3ctYWpxdmxLTXJ6THhqRWIyVmtub2E5ejYwOURZ?oc=5
MRK,2020-12-05,Is It Too Late to Buy Moderna Stock?,The Motley Fool,https://news.google.com/rss/articles/CBMihAFBVV95cUxNdEJUamFPQ2s0WjNqajBzTkxZWUp0YXBpS0pjUWdDMS1INzN2YklqTHRuTVY5Z3RSTnlnb0RHaXhKaUlJMzJuT3puaDV2MUhMY01fVHdhSm5DZVlXaWJCeXVPR3EtM3FHblRiR2VoaTJMRmZCY3lkTmFmOXhNQkx0REZaZk8?oc=5
MRK,2020-12-08,In vitro synergy of isavuconazole in combination with colistin against Candida auris,Nature,https://news.google.com/rss/articles/CBMiX0FVX3lxTFBuMUxiUUFqYjdvaDl4dGVuc3UzZUR3V25IdkFVWmxHeExEVDkwRG5BOThybDRyeE1XVlozV2l3Z2FBNVZDYWVEMENqN0JKdDJuc2Z0UUZCbFpTSng1Um9J?oc=5
MRK,2020-12-09,Sen. David Perdue is raising big campaign money with DC lobbyists. He also traded stock shares of several of the companies the lobbyists represent.,Business Insider,https://news.google.com/rss/articles/CBMirwFBVV95cUxNekxOMkxyU3ZtMUlXUGhUbTJ6MG9jTmNTZWprUnFxT0h6Slc2c0JfbEhfTldoTXRqNzJjc19WSkNqeHlqQ2piMHhfU1dzN1NISkUtVmszS2RzVXJLdDBQcEtzbkxYVXlUSDhTeldhQUViaXFYVG5sa0l5VTlISDdxY0dHTWZaWHNmZDg3U1VXZXlPVXJ3N3BYTUxpSE9iVHBLYkxOa0YwMzEzTU9yTFZV?oc=5
MRK,2020-12-13,Where Will Moderna Be in 5 Years?,The Motley Fool,https://news.google.com/rss/articles/CBMigAFBVV95cUxOSEVhUmtsVThfanROVnM5bjlUUTd5eW1KT2NjNDVkbmFjSHo1RXlkYUZyTEdMR0VlZnFCdE1fN0hJb2hueHZwbGxOQlFxU29rUm9rUHZwbjBNNmxuUFlscHVqRkpPWjh6Zks5U0V0WXJOZDJPUDFNWl9fS0NQRTJnUA?oc=5
MRK,2020-12-23,This Man Is Betting $1.7 Billion on the Rights to Your Favorite Songs (Published 2020),The New York Times,https://news.google.com/rss/articles/CBMihAFBVV95cUxOM1ZWdVZ6UXEzUnJxWE50OW9va2pnUkZINzlaUmlCNVpNbEdUZ29CMWx2UFJYOEdvZ2J6Qy1MeUpVMVY5Q2JZVVZDSjdnc3VTN3RsT0NHanJXczRkQWp1eG4xSFA5aVFjX0t3YURyV3JsV2tRM2dESHBuWHVNM2d2VzJ3Q2U?oc=5
MRK,2021-01-17,"Ex-Geffen head Neil Jacobson plots $200m US IPO to buy music rights, tech startups",Music Business Worldwide,https://news.google.com/rss/articles/CBMivgFBVV95cUxNMGJ4SzdoU2Nxa3h0bm1rem9PNDk5dWVFN0NUY0JiOXRhYVd3bzg0akJPV2d5WUR2MzkycThnOVV2eDkxYXdKTWlaRC1USTZTMlZ5SWdtLUxlX3hGdkt1MkpkcVdYUWd0TjdxdjJYeVI0Mkw4VTFrazJaMlMzOFdVbU9PTlBCQW5ISW0yaW1ac1lCT3VCN3FIVHJ3Wk9CMmpHY0NpV2JkM0VkbjZIbTlPMnRuRm1VdVQteG53T0dB?oc=5
MRK,2021-01-20,"Merck KGaA, GSK suffer lung cancer drug setback",Reuters,https://news.google.com/rss/articles/CBMiugFBVV95cUxNQVVodFM2SXh5LTVJb3F6c1VsX3dzS0F4MFVpWlBSQVRKWFFtdlZWZkNhRWtVd2ZNUE1hLTQzaGU1MFVyWVZBR0Yzam1PamRkcmFGUmgxcGVUSDBKQWV3ZVZrelFXcVJHTE1Rb0ZqbVFlUXlzMDhyUmtxUFN1MXdOX0gzbnlfYmI5ZV91SldheEphc21tSTF0WTh2RUI5d1FtdVpkNzhIZ0gwV1ZOX3lHQi0yODZ6TW5wUlE?oc=5
MRK,2021-01-25,US STOCKS Nasdaq opens at record high ahead of big-tech earnings,Reuters,https://news.google.com/rss/articles/CBMipgFBVV95cUxQWFVwMWVWY19VbndlUkhfMVluVEZyXzNnU2FQVW1TOUM2RXowa2JHeXA1djBCdEpyWmFoWVItUmstMlJ6eXJBNHF0c3ZHYmpIRUlmQmItWkwwb2k5RGY3bFh2Z21sYklRTjZNcWtBdS1lMVctbG5sNVBxa2FIQ25XNUlkWDdPYmxidmJMTzVTcjNHRTN2SmY5THBzQjV2UlBqeGQ2YmZ3?oc=5
MRK,2021-01-25,Merck Scraps Covid-19 Vaccine Programs,Barron's,https://news.google.com/rss/articles/CBMiiwFBVV95cUxQa1lib21nVWVoWFV2WkZCRzJkVjRLNi15UkF3ZWo2djhCdHNwS0I0dDFkTklfOTJEMHJrbzJwa09YU0IyX21CRVBtMlA3QjM1WW5xVzFPM3ViRGdzTGh2a1gxQUJuZVlBSlNkb05sWVhIRVF6UTBubDhPc0dlY2s5aVFZa243elRuWDRF?oc=5
MRK,2021-02-04,"Merck Announces New CEO, But Reports Earnings Miss",Barron's,https://news.google.com/rss/articles/CBMimgFBVV95cUxQWEVNVGhZa1paMzVlank4bExaV1FGdUxIZWVQZ2M4WHVoYldKaXZWTVhEcHRCMWxVN2JvTXFuSFNGN01YZHF4Skh2T0QyVzI0a0dZTXZSTGxlXzZMZDVRcmcza294OW0tQUJjdlFTZEZKZWVnUjlQZkNXX1I5T01RZ0g4dXM4bVB2S3JmT1djcXZ4b29JVlBETi1B?oc=5
MRK,2021-02-04,Merck’s Kenneth Frazier to Retire as CEO at End of June,WSJ,https://news.google.com/rss/articles/CBMiogFBVV95cUxOa0k4QkYzaTVLTnhtU2xCUFhRUVpiM05xVk5FbWR5eW1iRjJ6SHZqY21VYm5HcW5Wc0JiMXdYOTladEUtaHF6dFNuU1l5WUFvOHZraS03SXdLeVdXYUJsZWZpVGpHTHlOQjBUSWN5b29PSjc4QVZQQ1RJZkowZ0o4Qm96dzBaZXRMbUQxUXFwelMyaTJ2VlNzN294X1lrTy1XY2c?oc=5
MRK,2021-02-04,"Outspoken Merck CEO Kenneth Frazier, who challenged Trump on race issues, to retire this year",CNBC,https://news.google.com/rss/articles/CBMinwFBVV95cUxOX2Y2ZklibUU5d3o5ZDg0eXh4b3pIc01nRXZjMTFXczYwVzE4THdzaDNycDVSOHVwUTlGanlVUXlmRFd1aFB5NzJqNXJYdm1fb0tISUhiWDl3cC01enctWWZFLUFDQWJSRy1CQl9uR3BLZjZ0TGZOczdETzR3VnV6N0JsTDdWT3ZlODg4MzlIc0xJQWl2R0c0M2xRajVZODTSAaQBQVVfeXFMTmRjMy1nd2tsR1pCU1pGd2QxTEpYUjVpNHRwR2N1aFZscUpGM0ZaTUpyM3JnRi1tN1NtNUJmZE0tM0lEc2VPbXBhbnZYR2JiR2tPWmRBSUpjd09pU2YteGZTcEMyXzdHZnZlXzg3andVUnZpVmlIQ3o3WEY5b0dJUU9iWF81R3lMdzRJWlF1bzZWREplRDNmV2VZQTRYd28xNS0xejk?oc=5
MRK,2021-02-06,MRK Stock Price and Chart — XETR:MRK,TradingView,https://news.google.com/rss/articles/CBMiWEFVX3lxTFBqVEhPYmRPSUxnVmlBOThtdDFIWXR6T0tVeU13Ni0wRmxJM1RJbGtod2o5NExsUExaN1NobGQ0enhDam1KQVl5U1BnemFLNUJ2TzlGNUk1a0g?oc=5
MRK,2021-02-16,Warren Buffett’s Berkshire Hathaway Bought Verizon and Chevron. Here’s What Else It Traded.,Barron's,https://news.google.com/rss/articles/CBMiogFBVV95cUxNbFpKQ3p1aHFxQncyLXBfVjd0OGNrSThUclF2Um93RzZMQVZCV2xEOWFBMWczMFZYMUR0dU5YYUZna0dRbXZucHRmZDVlcjF2U2xMaUtTZUt1dTQtaENKdmdOSms2NzVWYjc0WlpiTFh2d3NvRGpEeG1LNmJqQ0lQRTBEMWVkNnRlUmdNYjZsMXpHb080c0t3OV9ZdVozZzZDWVE?oc=5
MRK,2021-02-17,Here's What Caused Royalty Pharma's Mixed Results in Q4,The Motley Fool,https://news.google.com/rss/articles/CBMimAFBVV95cUxOUUJvTjByWkV6RWJDejc5SHBWMXBuSnBaME5nY3FYeU9LbXRvcDVRWnhpc3JxYVhyd08tX1NPX0wzUXliRVJHVTcyMzNVUkhPZlVKcUUwZ2pWUDRNUHpGTEdVYTJIZkpVandORDlCN2JyS1c2VkU4NzhLcXlwcWkyc3BwWWd6UnJPTmhjV0xrUU1tX1FKUnZJNw?oc=5
MRK,2021-02-18,Mercuriadis Rising: Meet the Man Songwriters Love and Publishers Fear,Billboard,https://news.google.com/rss/articles/CBMimwFBVV95cUxNU3dyX1BGbzJEU3RqaHRUMERXNVc2OTNVQkdDbWk5ZW5DT3hITmF4VV83cXppSDA0eFFPa2xxWXVJcktWR0ZOX3F2VFBnQnVrUDlickc5OWFjb2t1Rlo1eTRQY2lFcXBRYlRzTFZzSkIwV2hpbC03LWJpc2hBMWc2MjNoY0ZmU1hJcEZhQmZsTFlxWWV2VnJRNmd0bw?oc=5
MRK,2021-02-18,SLS appointed official distributor for Merck Supelco analytical products,Manufacturing Chemist,https://news.google.com/rss/articles/CBMisgFBVV95cUxPQlFqMkJxbWN1SHltZmtTSWV6djdaZzJ2M0lzVE5yMkx1a2JTZE1WRDJaNkRrQXlhUUdXSDRLNXhmaTBwcFJxSFRLalRDdTV3Y0NmRUpsMzBTSlZPay0td1IxMnZnSF9IeHZtb0VSa1c0dUFBZHlwQmVXQlB3cVUxMnpiXzAzOXZYWDVPbjlOdTl3NWRxMEhrc050Y1JoMkcwMFRXQkFTcy1lV0huYm45NnVB?oc=5
MRK,2021-02-25,Merck (MRK) To Buy Pandion Therapeutics (PAND) In $1.85 Billion Deal,Pulse 2.0,https://news.google.com/rss/articles/CBMiiwFBVV95cUxQWXA2MG9PNGFkNm1uUzNBOGk3b01rVjh5dkRmRGpQS2hFRExoQ1k2SHNhNm9FYmY1X1Q3eXFxYTNpbGxHOWlINmtFeTRCSS1zUFB1WXF1UWVNdHBFb3AwS0xObU5vMWtaUmMxaVBhS3dPVVBiQ01iZHpoUWswTFZRbFlPNlA1Qjc5UUZr0gGQAUFVX3lxTE9LczkySkl4QVVGdU5iVm5vMVBvNGdZLXd2RmJwRjhDM2EtZjlienBqTi1lbE5GVC0wU2I4MGFCb050eVFHbzZRTEF4NFlZRW9rWURsMUkyYVFpaGZyRnc2R1c3dUNFNnhMMEo5YkpDUmhhd2NBMDFCc3gyR0tVQmlaVUw0WE5YQUlBSTFVUDJldg?oc=5
MRK,2021-02-25,Merck to Acquire Pandion Therapeutics,Business Wire,https://news.google.com/rss/articles/CBMimgFBVV95cUxQVXJwZC1LZDlrVlRuSnNFT2Nsbzdub3dzYXFyeTdQLXBjOVN2ZVlKdi10Nk9yaDFPUjNnQkRSLXVsN09zdWVXSUVaMl9HVUk5RkJXREE4dldOTkFaR29hM3dWNGc3OWVhQWdlREpsazE1Sk9uQ0V5U21zX1RVYkFUNTNVaEFQelBXMmNudXp5YUQ1T0dlRElMNTNR?oc=5
MRK,2021-02-25,Merck to buy autoimmune drug developer for $1.85 billion,The Boston Globe,https://news.google.com/rss/articles/CBMinAFBVV95cUxOc081bEJ4QXQtdUpEWnVhWGl1NlBWQ1RqWnZlNEJoakxvV0ljaEJLeVBuOUFIVmp1TU5tZW9vcDE4djliU2ZDamJrMGdveEtsOXh6elkwdnE3Z0EyVjA1N2VDWjVRMl95NExscWJrZUtxX2ozcUMtTFpMalAyRWlaVklmNnZQUGQ3YzdpMzBzR1NiT21HM2Y2X3dyM0E?oc=5
MRK,2021-02-25,"Merck inks $1.9B Pandion takeover to square up against Amgen, Lilly and Roche",fiercebiotech.com,https://news.google.com/rss/articles/CBMiswFBVV95cUxPMldCZ2Y1X3FqWDJFTDR0elB5bEllVkZSOWZzempqTnV6MDlCem1iaXJSWnZHWnlvSXBxNEtKVVp0STA2YjV5d2RMRTk3RlY0RHhoSEpZRk1YLVphczd0VzFGdlBLbGNZN1c1TWNrWGE2Yi1TYXZqWXdONVNyMDJKdW9SOFFvS1NDRFR6SldMUkFZWjhmX0hFRUtDRHJId2l0ZTRzRWctejd3a0dEaklvaGVwSQ?oc=5
MRK,2021-02-26,Merck to Acquire Rahul Kakkar-Led Pandion Therapeutics for $1.85 Billion,INDIA New England News,https://news.google.com/rss/articles/CBMiogFBVV95cUxOckZaYTk0bGJoYTNicXVTWExaRWhEV1NleGprTHFfSDNZRkNlUkZJMlVvNUYtWlh1VUNwN2o4bzNoSlpBS3YzVklVaVRsR3pOS21tOTV6NmFDTmFVVUoyVjQzVjl2OFU0VUxxZ0E4emxMdTJEdzhMTklpZG8tbFd2aWFCYzllUUYzV29UOWJndXJTNFpzLU1tMFh2emxjc1dMY2c?oc=5
MRK,2021-02-27,"Apple is Berkshire Hathaway's biggest equity investment, so why did Warren Buffett sell shares?",Texans Wire,https://news.google.com/rss/articles/CBMirAFBVV95cUxNRmI5Zkl0RlNwdXBrd3F6dTN1cWQtZlhDUWNfcUktQkV5NVg3R0RMS2Z4UVY2cEZTODQyNENqWnFuWnQzdzF6U3ZHREhBUWY5VmFhNGNfWTRWemR4SlhXa19mY0VubFBCVjk1X21FckpqZGRZc1NNMUpIazFsT3Q5RWdqUVIwRmJJaEdnZ3lEZ1JkTEhIeHdCbGlLV3RGTXd1NTVXTi16QkQ0ekVo?oc=5
MRK,2021-03-09,"NC State Veterinary Students, Alumnus Receive Swine Health Honors",NC State University,https://news.google.com/rss/articles/CBMilgFBVV95cUxNbjBwdHN2TjUtTE1XX2Zzd3NBTGV1Sy1QdkEwcGJQT0lua1VpNWpoaGFENFBvdmQxaXhPejFZelpOZjE0b1JTek51S0Z2cmtHckwtaldXSXl4UzZtYXRxLXU2YTV6aWJwOXpDRkNEV2wzZ2t5bzRaZ2hWNERsdmpCLUp1Z1pzRlcxeVlrZzdERDdneGRsckE?oc=5
MRK,2021-03-12,Big Pharma Battled the Pandemic. The Stocks Are Cheap.,Barron's,https://news.google.com/rss/articles/CBMingFBVV95cUxObmNuWi1XQUpjY2NNTGlKNTl2OExEYkY0bWRoUE9VZnRvVzBWQUdXR1oxMzNTaHBNbXViTnNqV2xZYmJsT1hEX0tmZTQybF96dTdqY0ludk5KMzl3SU16OU81ekdxeVBFMHFUMENsR1FpdDQ2b1dGR3JyYXdmTmk5cE1CVnNGVnpkczI2c0gtV041UWJvRjd2ZVBSS0gxdw?oc=5
MRK,2021-03-15,Merck & Co to Discuss Broad HIV Development Program and Newly Announced Collaboration with Gilead Sciences Inc - Conference Call Transcript,GuruFocus,https://news.google.com/rss/articles/CBMibkFVX3lxTFBuQmo3UTlrN0FfcjlIS1lhX3JMWmhVd1VObnhweWJPV1BDWWhPNmNqeG41TEc1SEI3b1BtdGU5YUsxaTdQa1JQUmRYR0tRTXVDUmNZbERMVV9HV0lhSGxSNXpLME5xLWt4UlY1c1V3?oc=5
MRK,2021-03-19,Merck Will Make Its Biosimilars Spinoff a Publicly Traded Company,Center for Biosimilars,https://news.google.com/rss/articles/CBMiqwFBVV95cUxOQUVJblZVLVRMNUJEUHI3ZDBDbHhWTVpMZzdINnNvQzZUQWFsalRfYzJQckNNSGhiVXZDT3JhVVJpYUFULUM5QXBKV29DeTFZbWxvTHRWWkJ0NE5NN29EdjU4QXBhVGhfOExMbHJWSE9uSEw1T25rbWZwa0Z4c3NrRWRfWDZJV1dEUWRSd1ZGa3YtYTVybVVrSER1VmFEZjdCNXBiSUJJMmhYd28?oc=5
MRK,2021-03-20,"Merck & Co. (MRK) Stock Live Price, Chart & News",CoinCodex,https://news.google.com/rss/articles/CBMiR0FVX3lxTE5FalpielV6VG1kSmNMRzV1SkVSVkQ2amFlNlRmWXU1Z3FDTXE2UkJvVVMtUWt5aEhYd3NlU2FSc2xUS250eVk4?oc=5
MRK,2021-03-22,4D Pharma becomes dual-listed company after completing Longevity merger,Proactive Investors,https://news.google.com/rss/articles/CBMi2gFBVV95cUxNTml4SVlaLTYwTVBtTXhaQjZyUjEyN3Fick41ZEltdkFFOGxKU3F6ZHhybUpKWE9mdHlQNVVqM1pDNFozWTdzWmhPQXhqaHVxcV84ZTNFUk1FSzFFQTlfYnlhUmk2LTR2Z2JwNU1iM2h1a29BbV9UMWh3OXloa0FfbG5TOVduZ0NNdlU0SjZxNXBqbzVsREQ3XzlxS1diYWF4UDhUWVA5Z3lQYktmdjBrblh2UjZXWmdDYVRUSGdrUWQtaTRuNkpiZmtSNFJIOFczaThxX1pZbWFkZw?oc=5
MRK,2021-03-23,Sandoz bags rights to generic Proventil from Kindeva,fiercepharma.com,https://news.google.com/rss/articles/CBMimwFBVV95cUxPSjB6VC01OGh4UVpsaTNWN05jRkd4TjBmTlM5NldhVk9mc1RaQTBkYnlueEpZcFJfRWotSEZlNGdqZlJ0REdGOUsybUE2ZEtLQ3IzQmFKQUFFSGZQdVdqZ1ZyY3JuOFVzNnBWR1Zkc2FiX1hmY3pSTE5Na0xwVmxZbTN0ZVNiRkNCXzN4SEFCVms3YXhUaEpHYW12bw?oc=5
MRK,2021-03-25,"Merck & Company, Inc. Financial Statements – NYSE:MRK",TradingView,https://news.google.com/rss/articles/CBMic0FVX3lxTE1rU1Flajg1TlA3SU5SVE1EY2g3Y3RrcWZKdzlFSFRYN1gxRWlNbllMSDZmN3hvNVRxNDh4M1V4TUlDdzRwc05QWkFObEJkTE5DV0RuZHdlQ0NHTW5VeVFxLVhsZmxPekFOV05qLVRvdVFobDQ?oc=5
MRK,2021-04-23,CEO Salaries for the Top 20 Pharma Companies by Market Cap,BioSpace,https://news.google.com/rss/articles/CBMihwFBVV95cUxNcll6enFPRWFDWDZiQlQ1c3FkdjBOb21iYzJOTkJzSFNDZUg5Z0VVWW8wR0FYVHJTSVZhZHFrNmZrTjAzbFZDXzkyS1E1b0l1b3MyRmM1UFluNVVDb2p1UnlvOXZMLTFUOWk0SnNaclRwQ2N2Nl84X3FxVWtWajI2QVF0akR5V1E?oc=5
MRK,2021-04-26,Biden's 100-day stock market performance is the hottest going back to the 1950s,CNBC,https://news.google.com/rss/articles/CBMitgFBVV95cUxPZGFwNEtKSUxpZ3pkeUV5cFdON0JjTDZfQkhwMU9RSmh0cm5MbTlWNFhTdlVUNDdQejlBZlVRMC1pSW12QWpfRy1NbzN1eG9FOFNHRTVtbjdYQ1VaallHUl9QelRoQzZURGZvTDJpZHlSR2hITE90ZEF2Zm1qLWZxNmI3UGd3dVByZ1BPdE54Q3dBVnFTRUQxaTJFb3VmTi1QQ1lVX0dTQ0tEUkhoQVRnMUlfQzAxZ9IBuwFBVV95cUxOdldzaFpuLXl5UHVIS2dKOTQ2WGhfTGtGOVBLLUxUSlgyTjdnSkhnT0x2M1RiSk5qSy1QS2RBTjZuSXhpdF9BMVViWkJIUlJ1c3dhdm1GVURHcG12bi1CZS1hTTJJVzFpTkp5Q3F1MFloSUQwN1dwNG9BMExYbHZtcWluWFJWakFTaDdWYUg3MlJoaF8zUWZsN3hQaVpKM1NyQ1VtNHFxRndQWUxZcWNMOEpXRjA1eDRTTXhV?oc=5
MRK,2021-04-29,Q1 2021 Merck & Co Inc Earnings Call Transcript,GuruFocus,https://news.google.com/rss/articles/CBMibkFVX3lxTE5QVDl4ampibzkwV3dzSEJNLS04TkpMQVY4ekNQMGNHa3FfdU9qYjBWV2lrUW1EdDRMc2FlMkZqRmxLRllQSGZheGVsX3pjZDN2UDRjb3l4azljQVhqY1hPSWRwN2RLUldCaURFYjFB?oc=5
MRK,2021-05-03,3 investing lessons Warren Buffett shared at the 2021 Berkshire Hathaway meeting,CNBC,https://news.google.com/rss/articles/CBMipwFBVV95cUxOT2FlNUh1a0ExYnZ1Ny10TElzWEUxenA1b3FHXzloelNkazM0NUxRT3FScDg1YzZlRFpuRjFHakdsR1lzbzZqRmVDSjJLSEhWMnFJU25xaUFMYWhTZEVfdDRVOENxVE93bUFaUExwNk1iVmxLUkI5MEl6Ym5jZmFCRlFyYzU4OEZ5X2JBZmJnMDNBX09YVWRpZzdGenJtYnpQekpVa1dHONIBrAFBVV95cUxQNkZ6WV9KQUpWS3ozcXY4ZVJmS1hjZlNXQ2Z4bnhwX0dPb3ZFcEMyaUtmU1NpSHlGZi1Fb05HUXFNcHF6NkJwYWdRdVFvV0pLOTBJYThxXzYxNHc3UFcyZWhHSFFIaEMyc0RyWk9wQmZwNnBhN0o4Y29wRFd3Qkh3aUpMN1VuV0F2Mlo2SF8yZ0dXaEtUQkhsbFZ1dUtFWHJzYkNrVFBJSS1KWU80?oc=5
MRK,2021-05-04,Mind Medicine Stock Is Soaring After Its NASDAQ Debut. What's Next?,The Motley Fool,https://news.google.com/rss/articles/CBMimAFBVV95cUxQM18xVTFlNDJZRVlCbFdORkt3N3JMN1F4ZjRNSjIyYUxQYUNaVkJScnhNb2Ixd21xN01NUWVZZjZ2ZW5LWm9XOHY0SGR0R1BGSXJxMlZDYU1VU3NGa2UwS0FhUG84WGt4akJ6QUhrbHZMblRKcEgzZ3Y3ZWo2bUI0czJ0aEV5cDBuU2J0NTZ5TlVhR2UyRV9iNg?oc=5
MRK,2021-05-04,"As Organon charts post-spinoff future, Merck's $9B cash infusion could fund big M&A score",fiercepharma.com,https://news.google.com/rss/articles/CBMixwFBVV95cUxPdW1KbW5zREZvXzdicVNkM19YVnVxZVl1VGZ3NzZYNW1Denk4UEQ3ZWRqU2hPZTdfOU1MQ2VrWGd2UHhqWWFtMHpNckw4N2x3SWk4aG9Oc3g5X1pra2R0WGZjOEw4RUQtVDlhWmVudTdsRW9oaDFYWFZyM1BScmoxeWZ5QTFQNnpoN1ZEU2RDX2ZzUFBmS0xrSnlUU3JJYm5EUlkwVVNWdDFTd3RvUF9CRlMzcUhSYXZFUERoVzdTeDRRMWpQdVRr?oc=5
MRK,2021-05-05,Red Hot Chili Peppers sell song catalog for $140 mn: Billboard,Kuwait Times,https://news.google.com/rss/articles/CBMijgFBVV95cUxPRkVyY0hRYjhuUzJYZ2ZFa1YtUFlUZzlEcEpOMW9vMjRVc0Z6WVptV0hPUFhwQWpvQ0NWd0NpNjNyNlBCMVpXNFpxdFNLZF9ieWVVTzFPY21oUElNb3luTVIyZmhHbmpsUDBDMFNBMGJ3bUtVaUhBeUtkeUJyRlNVRHBzRVhDYnFJNGpYYnpn?oc=5
MRK,2021-05-18,Congress is ready to grill AbbVie’s CEO over drug pricing,STAT,https://news.google.com/rss/articles/CBMib0FVX3lxTFB0dm1Lamo3ZWdSNjRJT3FxOUl6XzJEd0F6ZGFrZ0xfcTBqbnRPLVF0dEFIYzRUQ2cxOHFjdDl6dng0TERJMjVvU0NwZ3V5UElyanZjdUprM0VaTkpfYjVUNTRXLXVXSFNIYlBzaDJjRQ?oc=5
MRK,2021-06-03,Merck Spin-off Organon Launches as a New Global Women’s Health Company,Femtech Insider,https://news.google.com/rss/articles/CBMiVEFVX3lxTE9KaGxxNVU5d2lsRmxyZUtTYnRFV0NCbXBVZVhNOElmX240LWFlaHR1QXhlSEZBMHJsTjhHLW9SLTZkS2Vnd0dIbG52RXAxS1kydGxxbA?oc=5
MRK,2021-06-03,Merck & Co spinoff Organon launches with the aim of 'improving health outcomes for women',PMLiVE,https://news.google.com/rss/articles/CBMiyAFBVV95cUxOR3VLcUp3d0NNSDlwZG1BWmtiWVhGQnRiWmE0Y1hvTlY4OWJEYTBDRWhSLVNSdDFoUnFFSXowN1pLbWl6QUFmNWJQTGVoVEVaRTZlV19Ecy1MTG1jNHBZYnhibjhuQkdvekpoMUU1b05BWXRjODIwcmJFM3pPbi1hdDhpb3h3ems0YXhTVmFBTmJ1RHQzV3otTjJYX0R1N2pJeGdPcFlEWEVseklLVVVuWlZINWEzRFVJdGlFZFY1WnZQYUctQlp3Rw?oc=5
MRK,2021-06-03,Organon spins off from Merck,PRWeek,https://news.google.com/rss/articles/CBMib0FVX3lxTE1JaXd0TUF0dy16Sms0VTN4NFNOdlo4RjV2Um1lTnZBUnVNbUJPRG5MSm9hX3NqV0hCblExQi1BYksxTmJQRXcyUDFGV3ZVX05TZVNXRF9EbGh4Wl9PUlhxOFY0LUVOeFNNOWFBUEJiTQ?oc=5
MRK,2021-06-03,Merck women's health spinoff Organon's promise to women? We'll give you the microphone,fiercepharma.com,https://news.google.com/rss/articles/CBMiwgFBVV95cUxQek55X3ZCNXVnZlBPN2tCRktZOXZDc29LSVAzMlVESnJ1T1lFN2szQWlpaWo4bTVYbV9wVVA1YUs4WExpU2tvUXo3ODBIeFFoajduR2wzWkwwbkRVQlE3cThfN2xZLThLQ2QzR0NBdUk0Y28wQmo5STlIeHBpWnM3TkREelRrZ1F3UDNDT2RpeExlMFVFQV9rZ1pjT0FKVm1DQXUtUTRZQzhvUXN3RzF3cG9jckVQb1c0VDNmdnJVV1NsZw?oc=5
MRK,2021-06-03,Merck Gains Ahead Of Organon Listing Following Hexavalent Vaccine Launch,Investing.com,https://news.google.com/rss/articles/CBMi1gFBVV95cUxNQVJ5a0huX19QWDN3WFV4bFBMYWdoZ1NaN19Pd1gzb2VrTWpreWhYemVNTUM0c2ZkZUNVcXQ2dDJsSG44OFNHQ1lNbC0xdE9KV3ZDWi1icW1HN2kzdEVRbEZzMFRXLVdYdEtzeGNKZ05GVEdIcnRzZUx4YVJIVjhPVHE4blZqX2VRUXFsSEQwWWhJVWdhdVVhV3dBT3I1Um5oaGpuTDc2WU5qVDRzSk40Ty1SZDhiYjJodkhEWnZ3VmUtdXppdVVyVms1aVZjVlBfNFVlcUpR?oc=5
MRK,2021-06-04,Merck announces completion of Organon spinoff,Pharmaceutical Business review -,https://news.google.com/rss/articles/CBMiiAFBVV95cUxOOGZyT2oxTnlpSkdHZ3FYVFI0Sl9lam1MYXBRcXlZQVhJdGtaWGIxd25wZ05zRVFlZVRibEQ2eXVXV0dGcFpTTnBuU2dZQ3RDeVFqWTVyTmE3VEE3LUlUWGZ6Y21NQVpZWGJzR1pha3oyZVBodTNISzdtaHpMc0EyQU1Ta1g3bzFh?oc=5
MRK,2021-06-08,Warren Buffett Makes Biogen Stock Gain As FDA Approves Alzheimer's Drug,markets.businessinsider.com,https://news.google.com/rss/articles/CBMi1AFBVV95cUxQUjd1TGdsRHBCM0NHZVpSdzRKMzZxaDFWbkxkQ3k1ZHFhREYyOUdVbi1jRnc5bFVMbVNtU0ZMdUVvcldULVA1c1pBYTV1OHVuRmZMOEpfTmI5N05oaTlUYWNLZjVwX3FuZlZEX1N2d3NBNjIxR2ZqX29TZG9vMlc3bEttenR0YnMyUEQ3N2o3UWxxRXphOWdvNDBKbVk2X0FidDJyVHV0UFhCS25Ic09tNzkyXzhMOHpiQzhwbWFmMXRmM29FSlJIYWNRV08zUHZ1RW11Yg?oc=5
MRK,2021-06-09,"FDA Approves Pfizer's New Pneumococcal Vaccine, Setting Up Clash With Merck",Barron's,https://news.google.com/rss/articles/CBMijwFBVV95cUxPR242XzVMckUzV1VUVTJKazQ0OTJWd2ZmT2ZOWlpyS1pueXNCVGNqUFpEM1QzSzFYbjNNNEJGMDZYR2hmZzh4UWRqTnZTd2hUUElwS3VQUnlOSWVia1RqOEhYemhtZklGMmpSSkp6U0c0dTBVejVsQ1JISjlHOW1vT0RBbUY3RGFjNGpBeTJ3Yw?oc=5
MRK,2021-06-09,"S&P 500 flirts with record high, ‘meme’ rally rolls on",Reuters,https://news.google.com/rss/articles/CBMimAFBVV95cUxONU5IYTFxUHFLbWl1RFVSa3d4bW9TdGs2M0ZIcnZNWklZcDdfeEZqTnFxMFhxY3pNMmpWOU5LdlpWQXBLYU9ldll0emhKZzRrUkNGMkFpMDRoTHltYkNHVlFxQ2dWYURjbE0weVZXMmxYSmpwcVhZcHZKMDM3bi1JSXRtMkxySS1tOThVYmZHbkN5UEdVVGxSQQ?oc=5
MRK,2021-06-16,3 Reasons Palantir's Future Looks Bright,The Motley Fool,https://news.google.com/rss/articles/CBMiigFBVV95cUxNSVY5U2RuYldwZDZrbmp5Zzk1d0hWWGlpZlh0VmNEcmRYaFFsMFFJSjIwdEUyZ01BSFNzZ2RRU0xVVTh0V3pOLW5wUFZZT3VyR1BqeUM2c2NoRkcxTnBlRU01b2tkRzZnOHFxS1k4azRDZXBCNnZ2cDBId1F5cTQ0SGswYXFSUFlQWGc?oc=5
MRK,2021-07-06,"Hipgnosis Songs Raises Another $215 Million, Spent $1.1 Billion on Catalogs Last Year",Variety,https://news.google.com/rss/articles/CBMilwFBVV95cUxPT05OSkJqUWFLcEp2d1A5YzNQNUtfS013UnU3Unk3aC1hYjFMbGhETVVvTENaRXB5X3kzU0U3S2R6dDNlS1NiOEh5OEpYR3JzdzRpQlFsZWgzM2xPXzJaU0liWmxHdGc4MEw2eHJXakxJenRfWlhVdnBWMmlHUkxReDVnZHlWeHhRVTVSY0w3U0dURktEeUhr?oc=5
MRK,2021-07-07,Ideaya Biosciences Proposes $80M Public Offering of Common Stock,Genome Web,https://news.google.com/rss/articles/CBMiowFBVV95cUxPbHpKZGVRWGFFVWFINmtodkNZNk1rYmIzMUhCX0ZhLTg1bXFUV29fbGVvT0hlWUNxX3BKcExwWjVaNW1wVEMwcGpXdlJvd2U1bmlFd1FJV01CUTZIQk9zalFmZ2M4eXJPRjk5Wnd2aVhqZE1vZENqY0ZYYlpNS3FNcG5SSWhEUVdScnl6ckNFaE5YbnJ4QlN0OVE4YnEyU2xiLTZn?oc=5
MRK,2021-07-15,2 Top Stocks to Buy and Hold in Your RRSP,Yahoo! Finance Canada,https://news.google.com/rss/articles/CBMiekFVX3lxTE56Wkd5SWdEeUxuM0ItMGNSd2xVcTBuUzZrcGtVNWo2alR6QnBGTzVlTk1PYmVVcWRQeUM4TFJvX2hJUXVqWVlrbkI0WVc1OTBGVG1nUC1OZUpZX0gxNGw1aUZPd2VJT245T2Uyd2VDTGpjQVcxQ1B4MlVn?oc=5
MRK,2021-07-16,"Absci prices its shares for coming IPO, expects to raise up to $210M",The Business Journals,https://news.google.com/rss/articles/CBMiiAFBVV95cUxOLXd5VTJxOUttOFpIMGFhNFBSajNKbnhLeXlQRF8xVWtwczNwcjM0dXU3UHRxTU1GWTVUclhoR3F3d3ZUTUNvRVNmVnJNRGVkNml6clU3V1lvRmI2MnMxanRUejdVYXBnYlU5RGdKa0dzdkVKYU84eWdIUkNDdlFBWm0ybGJpWWJq?oc=5
MRK,2021-07-17,What date does Merck & Co.'s (MRK) report Earnings - Earnings Calendar & Announcement,Zacks Investment Research,https://news.google.com/rss/articles/CBMiakFVX3lxTFBqSmVadTl0MWowYTlza0FIMmY2MHdld2hMWjZHV2RKVU1VbmJTY2FFTFJ3MWFNVWRzdTMzYW03dU9xbkV1OHZ0SklSNnNsRENacWhrd01OeVpzTTVUeHI3NzdJUl96ckRFVXc?oc=5
MRK,2021-08-04,Buy Merck and its Organon Spinoff,Yahoo Finance,https://news.google.com/rss/articles/CBMie0FVX3lxTE9SekJjX0V2aVRyeGZiWVhacGljcW1tR0xBemFWNzdCbXA1TWxLY3NXLUp1TThQcXlBYVpWMTRSaERvNElKcVA0cXpBNXZqNUlLQjloMk00aTJyZWROSkVuUFFVUF9qQnpaRzBDLVN3dVNPc2RHX0FMM0FNcw?oc=5
MRK,2021-08-06,Is It Time to Buy the Dow Jones' 3 Worst-Performing Stocks of 2021?,The Motley Fool,https://news.google.com/rss/articles/CBMikAFBVV95cUxQaWdzQXlMSE5TQlk2Nk1MRjg2V1dNcXllS0d4YXNJTlI5UlVzd29VVkN5cVJrSDFsWWNfNXlPUUpaa25SU3JpY0ZQTEtXYkhUTWNYRndiVmJpV3VvRDh2UV9TTU1scHJqNU1oTEpBMTJfdEVUVzhkVGctVm8zLXh0OF9WNUJoUmJhczlnaVJ0YzE?oc=5
MRK,2021-08-12,Merck Spinoff Organon Is Supercheap—and It Just Set a 3.7% Dividend Yield,Barron's,https://news.google.com/rss/articles/CBMiuAFBVV95cUxOSlJuY29seC1mcVlTVW1oMmhoRDN1OG1IUkdGeVRXVUFQWC1ITUJYakJXNTR0dUw1NGduYUFDMWJKSUd5T3kyZy16cjh1ZE8zYTAwMmVyV3lxNjVFamo4LU1mRDE0bWZyeW9zbzUyNThxZ2Z5WFgzRXFvN0dEZDlIb2RHNzdNRjZOV2Y4ZmlWTTVLek5ocXBnemxrczg2VEx3RTZDWEx3X3poYWltcjdpc3Q4VkNyWG1o?oc=5
MRK,2021-08-13,Organon Stock Jumps On Profit Beat In First Post-Spinoff Report,Forbes,https://news.google.com/rss/articles/CBMitgFBVV95cUxOZk5zakxiUHE2RUp4WFFFWHVLWXZWWDhjdm5tU0xyR3NpRmJRNXR2Z0Y4V0otWDl0NlJKM21IQzdRYmF0a0l5a2s1V19OU05mbWNVTlQ3M01lT0Y4Tmo0Q2dreTF0SXdmdVRDT0hLdnNGazdBZm5SazFiUjU1VG5yMEJYV3BoTmE2cFpYQjhubjVCV05QdVVORFltb3hxVFFMbDl2ZmVNd2dILXNJd21Wb0xJb0hQZw?oc=5
MRK,2021-08-15,What Is Warren Buffett Buying Now? A Peek Into Berkshire Hathaway's Stock Moves.,Barron's,https://news.google.com/rss/articles/CBMilAFBVV95cUxQS0UyMWhRVFB4ZGVPVFJOMzlITnhIdXZTb29hSmNjZnRuMVZsd2RTUjlUd2dQdU5aUE82TkQyektSSmpVS3VDaGJDYjk2Z3pfbGo2bUlOc0FUeW9rbWpROUxGTXVvNTA4bXdGcFYyd3BTLUc5X3JWeV92NldiRnFxczhSWTB0SEM4RFZvRXBTWU52NldS?oc=5
MRK,2021-08-16,Warren Buffett's Berkshire Hathaway sold its Biogen stake last quarter — and slashed its pharmaceutical bets,markets.businessinsider.com,https://news.google.com/rss/articles/CBMizAFBVV95cUxQWEdpQWM1aDVNTk5qc0oySUdwdWItMDBEQmg0UExqdzlxR2xRRnQ5ZU5sTnZzSG45RHU3V1dZQ0VtTGU3cjRhb0ZPUHByUmM5Y0hHMTYtT3ZoRHcyNGlPcDBOQzVvNE5IWWVpYWZZTFFKM1FDY05vYVZqdWRuUGlmcm5fVDJwX0JHMUY4Qjk0MFRORXM3a1cyY1ZLMDlCdllSVG1oYjBOUnc0cGJIU25hOU5UcjFycWRMNVBsMmZic2JZNHRvUXdBM1RXMFo?oc=5
MRK,2021-08-17,"Oracle of Organon: Buffett's Berkshire cashes out on Biogen, trims pharma holdings but discloses stake in Merck spinoff",fiercepharma.com,https://news.google.com/rss/articles/CBMiwgFBVV95cUxNajRpZ3hrYmFHZEtULVFZTWxyM2xBRDk4bXBRU1VyS0ZheXQ5Y09XVkNQNDhTd2ZjeXVKNjB0SzB1cGtDSVdSZ1hKR1ZsTnU3Vk0ySzk1UWplRlpzZjRwWUFFaFpnZHlVM2k1LTVvMUR6eTBVcUFmY0M5UFg1dnplSjFobU5FMmU2bEpKU1o3Q2p2M2NSVGMyVFBKY04xMzZqTFJ5bFQwZjkyUnZNdzhEUUlaM0hCelFfMC1SVjJjTVFtZw?oc=5
MRK,2021-08-17,"Buffett's Berkshire Hathaway Eliminates Stakes in Axalta, Biogen, Pares Other Drug Holdings",Carrier Management,https://news.google.com/rss/articles/CBMibEFVX3lxTE1LWVF4YUFQbjdvSF9hdDBESnM2SHNBNnE3UmxWSDFCRTdydzV3WXBQMUVMUVN1XzlzTTBNZjNDV2g2blBnS2pmeFBpVllIWFA5X2Qwc2lDWFZGMFZwdG9wY3B1Z1ZqWFNEMEhoVQ?oc=5
MRK,2021-08-18,Organon: What’s Next for the New Merck & Co. Spin-off?,DCAT Value Chain Insights,https://news.google.com/rss/articles/CBMiiwFBVV95cUxOcXo2aFJ5YVRfS0lvcFRVSDdvX2ZXS1pyWXJMT0NwQkJjRUlrVHYtRTREUnRid0VmTHkwNWxoWmVBQW5TZzd5Tk8tVkI2V2FfV0psU3ZWaHJnc05QMG81MGc5OGxYR3F3bGpHR2c2aHZxZEx2Sk5OekVHaWI1YzNBb2tSN25VelRqdFU4?oc=5
MRK,2021-08-22,"Company behind heart drug could have folded after loss in courts. Instead, it goes all-in with risky new plan",NJ.com,https://news.google.com/rss/articles/CBMi4gFBVV95cUxPOUNGRjZDbVZIOEtQTjdfWFpiZFhoZFRjRkJiU210bGxld09oTW5CT1R2THJCeTd3UkUzS2Q4VGVjYkxCS2hWdWlSbGx3ZVB3RmhLRlVLNHZsV1hXbzRqLU1RQVZmNUxVSUhhd0dFQ2NYVkNVVWpRSWdNcHJsZS1Lajh6X1UtU2l0eG1EZG5PbjRHQ19xd0ZXZE1PeUZ3UmxVXy1OTDdRbVJtQmJxWGNzRGR5d2x4RkM1SG1DV3ZzbzAwbXZXYXZYMTFLeG1UWkhjYlFYYkp2ZEdQVVNMSGZ3NDFn?oc=5
MRK,2021-08-26,Merck donates Rs 1.7 cr to IIT Bombay for COVID-19 research,The Times of India,https://news.google.com/rss/articles/CBMivAFBVV95cUxNejI5SHFMTGhPMzhtMEtFa1RUU2VWNlhIbDFrSUtFSjZLMXlhU0VrNnNQcG9SSkJvQi1YdTQxNVFxSnJOVkVHZk9QMEpndmo3aGV4UEoxOHR6Y0FfdktEaVl3QUFEWmhKeE1YRmlOWENSRU9QVThIQ0R5SThaVFIxNmkwOXB2c0M3c1BzekhST1hmUmMtbmtpMXhSVW9iRzdmdFF5NFI5RjFHcW1lM1QteXdrbWVMU2d1MnViVdIBwgFBVV95cUxQNXJwa1duYzZpSWZFV0VhcWxjMEpRUWR2dnZaeHFVaVdaaDYtLVhXSEQzV3JGY1p5TkpZREF3RHBiMFFhc0FGemZFb1dLTm4wUFBndjhSeVRkNDhmYmY4Y0NnbktEM0lOVDJ0cGxqbDhmOUd1blpUY01kLVBjbVJkcEJOQWhzNnI2X1pMRGxMVWt5LUF1el9uRVVSTUJWYkl6RDNQeE1iVE00R0k5Vjg5bS1vSzM5c2s5ajZqUlVjNkVOdw?oc=5
MRK,2021-09-03,Meet The Richest Black CEOs Of Fortune 500 Companies In America In 2021,AfroTech,https://news.google.com/rss/articles/CBMiUEFVX3lxTE5XbWxjbGxQZmJBSEFrMFEzX0JuTkFCMk5yakFfbTZwTE91NERHWnAyd3Q3amhFSko0SWREVGF5Y3l0RGRTVHRGYmZPbHBIU2Rf?oc=5
MRK,2021-09-07,Wall Street falls on worries over slowing economic recovery,Reuters,https://news.google.com/rss/articles/CBMimwFBVV95cUxOYXJFN0w2RVFnRUREUGVhQUlQNUVta3VzdHNVYnRnUkEzUzBOeEF6d2FmR19qbzJaOVFzbEhjQ2NEME9IMUhDT0NrNk5jbkg2cmNfMS1KeTR6VDU3eFlpZnE0MXFhYUxvSzlWYWtFQlBFaTEyQ0tWUS1vSTQ0WWhuQzB0TUxKeXhUbG04R0pQUE02N0dsZUZBNXlVMA?oc=5
MRK,2021-09-07,"S&P 500 ends down, Big Tech lifts Nasdaq to record",Reuters,https://news.google.com/rss/articles/CBMilAFBVV95cUxPc19EZ25CX3UyUVZsRkdwd1NycU03S21ZQkp5MjZZcHdrTlVkWUN0ZEl6eVRHaEtpbnp6a2xmUTlPMHVObTZGZVRUc0M1Q2dwbjlmNzM3OEZWdGtZU3hXVVQwcGRwVXk0enNqWjhVcDVuZDJ2aHRkbm9NMllTTTkxcFhvS1JwZzhZWldaS1ZTQmM0Nnhv?oc=5
MRK,2021-09-08,Moderna stock extends rally after price target gets a 77% boost at Morgan Stanley,MarketWatch,https://news.google.com/rss/articles/CBMixAFBVV95cUxOeUI1X3VQcVdHR01jVnpQbEd4R25qb2w5QXV3dnIyN2piQ2xjcEFpTE4xQU5YZE5uR3ZkZkd4dEpLV3dRNVVhSXJXeG1Tc09KZVJyZkJYMjZrRmk0Y0J2ZnViODNEc3lKV1BqNGlmNFJ1ckV5OTVocWtjUHByVTNXS0NGMEpLZjh4czdSaU1RTFVFS3R5YjZkY1N5d0ZpTGp6SF9JYlNXNGJkNlQwcGNzVmhrSWQ2TVVtNXl2c1llWlphbTAy?oc=5
MRK,2021-09-20,Germany's bigger DAX-40 gets going,DW.com,https://news.google.com/rss/articles/CBMidEFVX3lxTFBTZjRKQ3JnZGN6VVBEOC1Va09heGlMczN6Ym91RE84YzctSU1QMGtEd2ZTdDdqMTEyaWJYREF6Y3hRTlR2Y0JhU0hWSW9RUWpWcUFwTmFMczFFSEY0cF81RTNXNFRBWHBUalJWNU5FWWFFamdK0gF0QVVfeXFMTjRNa1FaREszTUdyYnRnQ2liV1lhUUdBZi1lRkFGNFIzVXFTZUVsblpVXy1MeVNjeUwzM0RzNjU2WkxMOVREWmh1QnNtR25VMThxYndmMFlMS1A1UDlmUnJJNE54TXkxendFbURXbTVUalI3dGk?oc=5
MRK,2021-09-21,Hipgnosis Songs' Merck Mercuriadis Sounds Off in Open Letter,Variety,https://news.google.com/rss/articles/CBMinwFBVV95cUxPb291MEZGVkpoTDRkMFUzM2RPcGxEb09iSVVaUjNybVN6dGRlb3FaMnprV3dKUjBHbk50cDR1a293d1VyN0FmSFdyWnBwVkdHSTNaZTJLZTJkOHhzNXdkY0RWaFI2bVV4RUpHV0ZLZ2ZwckN5QU5CZEczSnZfbUVDM1JMVnVleHdnQXVhVUJyYVY0eXRlQkVwRnZmaFFrRkk?oc=5
MRK,2021-09-25,Three pharma cos in race to find COVID-19 treatment pill; results likely by 2021-end,Business Today,https://news.google.com/rss/articles/CBMi5wFBVV95cUxNVHFQMkJHUmhram9mVmdWUnpYcTNKckswYXlkVlE4TXg1dW5jYzU3NHJmc2lDQWZDMEIxU1Q0T2RJT2VvTEJLX3ZteTRfZUppQ0dXR2FmcFhEZkh1ZmRWZTRVeDE0RVpSbDM1cEE5V1UydnJHbFBaOGRtM3RKWHcyNklkVWVDaExydkhuZXItWTdJZ2RpU0Frb2xURzB6c2lQU1RIQTQyd283Um81WXNheTk2UVZEeG1mQk1CVTBPaGh6VkR6ZzZWSzFscDFQQVZuZHBiQkV0Y3NSUnJnMmtCNzdaaEhhdzTSAewBQVVfeXFMTlZUVmt6b2tjWmV5TkwyM2dqOHZMa05Xa0NKSW5TQ1NGYXNsQlFWTlNVSzAzVWVtVlZTelp1OHI1akJvY2RDZ0lYMnFZSDRRNGtVUVBRREF2VUQzc3JSNHloREVaU3BDOGpfeW1tYkRrS0NneVZ4clBMVUp0TGpXMVJVcnM4SURGaldXcjlEN3hKcTZHNGZ5NVpfaF9jZzlkLWJtRmo2eG92VUtWZXA4U21mc0VXMmJXQ2pnaVBPSlA2ZmVnSmhKRGd3dzdxOXRxYk81MHJ3YUFvZWxZV1JlLUR4ajRXcy1HcFIxWkg?oc=5
MRK,2021-09-30,Merck to buy Acceleron for about $11.5 billion in rare-disease drugs push,CNBC,https://news.google.com/rss/articles/CBMinAFBVV95cUxQR3otYTBYQ2pMSXJlal9KclZ5X3hWN3A3QmlaQ0lwOHdKZk5IZXVSd0FUTWgzU0RnR3F1MDhuVXVCdE5fNjJwcnN2bGVfMFNjVjNjRkFTS0ZIQ0ltbTAzcDZnWHAtaUtpd1dCdlRwcHAxelEzNjJvY1NEbnVUd1hlNWI5SGZUVEhoUUZKMFdGYXlVcTV4MXV0QkptMEPSAaIBQVVfeXFMTTRSVG00TDZjTVR2al9NZTZ4dVlxZV93VnNLSzZGbXliTWJNbTdZSC02OVQwUU54Q3ZVeDN2RWZvRFBQZHJSS1dNRENSTEVQdkl3ajdCWjZLMHg3bnNPU2FjY0UydW5Dd1o1blk1OUFvNENiYjhleE45YTViRVRhWmdXc1ltVmhjWmVIMFVVclJvZEZuc1BWS1RaNThWTjlHUEFn?oc=5
MRK,2021-09-30,Merck picks up Acceleron for $11.5B,drugdiscoverytrends.com,https://news.google.com/rss/articles/CBMie0FVX3lxTE0yeGtDSS1rOUFNVzVtNFVoZlhzVFpvNzgtcmdWaFZQR0xzamxJV1Fsczc5bXlOLTdDUEZNSkFSSjRoZGZvX25rNmlScEg5djJabEdIczdfWS10MkpfNjJSTk9Pb0kxMXZWeGFnd2QxRU9TWUsxMUw0M0FoMA?oc=5
MRK,2021-09-30,More Than 100 Federal Judges Failed to Recuse When They Owned Stock in a Litigant. What's Their Excuse(s)?,Fix the Court,https://news.google.com/rss/articles/CBMiogFBVV95cUxOYWxnc0lpSmdUblctY1Q2XzlHcVVSZS1HOGhBYVE2VzFuMVBxZGtGUGFhTVV1N1dQOG84dlljR3Vsd3c0bFVyX3hFZk85RE55XzZBLXluZ1BTYjQybUV0M1Q2bDBWYjFlcnI4eF9PQjZ5bF81bUQ1Q3M3NlA1SEdxU3hubU1iOUtzVTRHT2NfY0F3NGdlekJmdGpkZldEWnNTZHc?oc=5
MRK,2021-09-30,"Acceleron provides biggest biopharma deal this year, with $11.5B sale to Merck",BioPharma Dive,https://news.google.com/rss/articles/CBMihwFBVV95cUxOb19rMnRXZEZjQ0d3bTRaZTN2UktRTnFRdWo2U2s3QjdZZzJpeUc4bWxvd05BSHZJLVFydDdnbXBkUGpEbjkxQ2dpUS05NlJTUHdLQXpzWmViaDZ0QUV4bVZ1bko5QWx3VjhQTDZndXlRM1pSRTNFdEhTWk1YM3hHWUo0VEJscTA?oc=5
MRK,2021-09-30,Merck to buy Acceleron for about $11.5 bln in rare disease drug push,Reuters,https://news.google.com/rss/articles/CBMiyAFBVV95cUxNeFJTSnNRWHFVMFJJZzlibko4b0xsMHJPV1AyU1JCQmF4eEh1Rl9SZ2p0UGZscGg0WWtWR09xa0U2TXZaNnR5Z0NPaE1ibks2MWF3eHZaeG50VkNNS1JNd3RfaGdLUE1zazdHYjB0SFpZM2c1SlNuandJSnk1TlY4ME4xZDVQVEs2eGlfUGxqLTY0dmRXaUNHYXFTeVdvSXlCWU1jMGVNVktJUnE0UUozSjBYOXE2WkxJcDV0OHB5ZDFiYjBSX3VlMQ?oc=5
MRK,2021-10-01,"AMC, Bitcoin, Lordstown, Merck: What to Watch When the Stock Market Opens Today",WSJ,https://news.google.com/rss/articles/CBMivwFBVV95cUxNMVFPLUdKQ3hGdWdTOXl2SmFpaXAzMWZuRHd3MmZzVW12MGsxYWdxeEVkN2tVZEVxNVl4cnZyVG9zOE94RXZCcWtETDRNWlVNQzN2QkJ5TVp6b1lhd0ZBRmYzeVN0eEFDQWFsWm5mY01pOW5UeEVxWG9OVXNEcGtVeWtFSTJuQnFhazhDekxHZDVsbHg0aDYyVThIelRJUnFYMGFfSFRxd0RRZGNSWUt1UjdJRHhtLWJhVUR2QmZlaw?oc=5
MRK,2021-10-01,Ridgeback Biotherapeutics co-founders on potential Covid pill supply,CNBC,https://news.google.com/rss/articles/CBMisAFBVV95cUxNMWNPRGpmYmFkUmdQdXRnVzlMb2E4TnhoaEFfTkhCclVPeWxNLTJvclg3TGRwbnBISFBrOEpNS3VTdVowM0s5c1dHVnNnOWZnOFF1bjJGRWVHWE9xMDNSWkFOSXpFVTduWHQ2aXB2RVdWOFg0ZGxMVF9lWDFzX1JoUzdwaW1aMDE5bmlSakJNemEtY3dSQUhmWlczLVNvejUwb043ZHh6X1Ata0Vac1M3Tw?oc=5
MRK,2021-10-01,"Merck COVID-19 pill success slams Moderna shares, shakes up healthcare sector",Reuters,https://news.google.com/rss/articles/CBMi4gFBVV95cUxNUHBSWWxxMWtESFRGVmpjRmx2QmxUM0g3aFlPbmVjLW03bGtCd3pYM3lrRTZHTHJ0RVBjeWwxSlljeTQ3eFBHaE5FVlBnekJTTThlOWw3MEhxQVFHeE8wWU1aaGc4WWl2S01KdmlpSFBOS21XQnFvUkx5ZFhTVlkycGxOeUlwWE94VlV0UXUtZmlfaE5LQmEwTWk5eVdIekRGSGZzR3owNi14NkdDMTNLMVA3cWxXQV9jd1RKbTRBSm5qSllsOGtDY0NoQVl0M1JVYkdTb2FqUnVmRGVTN2g5U1pB?oc=5
MRK,2021-10-01,North American stock markets end losing week by bouncing back to start October,Coast Reporter,https://news.google.com/rss/articles/CBMizwFBVV95cUxQYklwaW91WWM5Wld3WUk5aVR2ckdNQVZoUzVTLWVScDByNFE4MlNoSjZUSXdValhFOXRSaTVZWFBHWDc2d2VCZ1BqUWNuaFJzY041MHJVUy1TSUhwWDYyZ0tiY2RnaXFDaU5aZWp5SU4tcVB4aVhGOE4zNFBSVlJlNnBEYTd1RGZGeXRsaElpMWVoaGRTdHdLSkd1N0xZb1VlZzQtQWxQX2MzRWlSazg5WTdtd21rR2hrNm1ETUdDM2Y3N1JBM19YRC12RmNFR1k?oc=5
MRK,2021-10-01,Merck says experimental drug molnupiravir cuts worst effects of COVID-19,CBC,https://news.google.com/rss/articles/CBMifkFVX3lxTE4zbi1FaXB6dFA3WndfeXhINTJMVk5YR1R5VERSWFhZbXB2MmYyX2VVVXkwelpfMEljNFo1dVlRWks4aTl0eDJkRGI4OFBXU1RnVnZwU3QzMG9HOG42dGJTUHhKTFpRTnFWLTVab1pPa0UwMUlBWUU5QmwwTzlwUQ?oc=5
MRK,2021-10-01,Merck agrees to acquire Acceleron Pharma for $11.5bn,Pharmaceutical Technology,https://news.google.com/rss/articles/CBMiekFVX3lxTFBoRkNJbFlfLU9qLVFXYm1hN3hMcXl2TVhCZDlrUTJyMjBmZmlNVmwzQ1ROMGp5UmdZQVpHeHRDNXpTQmVwd3N4WkVfb2g1QjEtLVhyN0xZcEhnVmtaQXdsN1AtNDl2UDJWbG1tdzFjSWgzblFwRGY5cGFR?oc=5
MRK,2021-10-01,Merck’s Covid-19 Drug Is a Boon for Wall Street and Main Street,WSJ,https://news.google.com/rss/articles/CBMirAFBVV95cUxNbFRHQjZpbThrNkFjdjF6ZmFCRkZYdHNGVllTczBURTZubXBmUDE4aTd4elZnYTk3YnpCcnVxQ3ltb3dsUXNWUHpJemFfcmFGQkI0bTE2bklJOExQQ3dCQnNIREtPejdncUVvLWYzSVlOYW5WcGtadWlPdGlKTXdSZG5xR1Ric0MzcEUxdDVSZ3MzNXFYN3NxNzJ6cHBxYXc3R1pVYnNLZjZjSndX?oc=5
MRK,2021-10-01,"How Merck, a Vaccine Titan, Lost the Covid Race (Published 2021)",The New York Times,https://news.google.com/rss/articles/CBMidEFVX3lxTE41d28xSnJlZEZGWFc2TTZ2VmVYell5N0dRZGxCY2FoR0NBblJMdHRHdEZEME1VLWUtQ2hoVl9XUkpHSjAtSTdTMm0wc2tYZjNVOUhMZmtkdWlKV1hJaEZUdzdRbmlLZ3gwSGp6MmpYVVZGbHI0?oc=5
MRK,2021-10-01,Fauci says FDA will review Merck's new Covid treatment 'as quickly as they possibly can',CNBC,https://news.google.com/rss/articles/CBMiwAFBVV95cUxPM2tNT0xBZW90LWxSTlZLZi1kUkJTWlJVLXN2cmhZZ3VERGZkOEdYUnVDUVpQX2ZkYk1qZDJ5SjBCZllFcThQWC1iOGFTaFp1OVBTXzYwY0xFQ3lKbmNuY3FudGJMOU91NjNTS2J6OWdhZGdMQWdRU01obTQtcTVoTVBISkZJMlpReEgwWHJnUk1rNk9oSmx3b05iXzlIRDdfaVRIWHhQazBSV25DWDgzMmFSTnpleFRUNE5sYmxvelTSAcYBQVVfeXFMUHcwXzhNRndqTzM3NjBkYV9NeWFBRXZxSWpPWXlISWVieDA1akpFMENJTFB3eXdjOWNhekppTlVLX2lyaklSMXB5dC01bXM0cF9QeTVpd21BTFV0cFQyYlNZRzU5TzRDajJBLUQwX3RTSmVsNmhRem9BMVpmNU1hSUphWjc4UzN5dm1pTktfN0FwQjM5UWF3NlBzaFk2ZktBRXk3THRUU0htbzFFTnAwNUwwbEZPYlg2Vm9MUkthSThCbkFqQzZR?oc=5
MRK,2021-10-02,Hong Kong looking to procure world’s first Covid-19 pill,scmp.com,https://news.google.com/rss/articles/CBMitgFBVV95cUxNc3hvRGJOT2JGNnhkZXhkRkNqMFdTSEZVajJORW1CRXB2aDczSFk4RThLNF9DcEpsYVdPOXVhZHQwSk1Pa184VFlPRzRhOUlETlgwOTFtdkk5WE9vdnluTGRVcTdfOXBnWW5id1N2dWIwM2t4NmJBYmc5RDhkLWdpalFIM3lNQnhJSVRWQU1PMENGcVVGd2dHSEtJVm5ET3VjSkJDdHhwdGJ0M2ZhSzBiQ0J1a1JPZ9IBtgFBVV95cUxNZGU5dEt0VExVSC1fSXRhU1FCdXlRT0xyQlJOS0tJazloUHdnNzh5Q3hObVo1N01CV2NPQUtxdm5oQ2gyY0hZQ0lrMzVDQVpMWTE1bnlrSDVBNTNPdUJpVVJzeWdzTUlkSmxlZVFZZ2Y0V0RJSkRCVXlCeUFXQWN1c1lSa0xxLWFqNTZ4Ylp0RnN2SURUNHdkTlFNYlMwRWxDYXJLWnUxZHZWTXRjQ2ZKaGNzSkV0Zw?oc=5
MRK,2021-10-04,Why Divi's labs shares have surged 10% today,livemint.com,https://news.google.com/rss/articles/CBMiugFBVV95cUxOeFJRUjd3dXZaX2pzd1FIdGtCbmxiTjBrYmFGc3RheEo2dXd3YW40V2J6dG0zQ05EVzlRTVpSV3BzUi1PZkRuYUlzdHdSZnNIM0l5bW5CcXNFU1VkczV6WFltcmZudkttb0Q5VEF2U09PNW1xRzJqVHlVYll5Mno2YURaRU9MZzdnaGYyR0xmd1F2eVlIS3l0dXVUS0VUSDBJNFlIT3BrdkhsM3lybHNpdzVGVkM5MF8yOGfSAb8BQVVfeXFMTTVEOVg4bE9MVlF1a01HSlUzM00zRVJaVGFxT0V5UEp5UlJmS0xsLUs5YmFvN3ZYSHR6c1hxaHRvRV9nUGxRQlZRdF9OQkUwTjVrbWNrbE0xcEktdmxwNEVINjNkVEp6b3FEWnVrc2dhNS1KYWhzVl91cHZhVmt2M09iNGVaNmo2c0lFRkhGNjRLSlhBSDF1dUNZLWFLaXRLdEZtcnNVbmpCS1YzbDZKRUliakNxLWJwOThVaXZZWlE?oc=5
MRK,2021-10-04,Why Moderna Stock Is Sliding Again Today,The Motley Fool,https://news.google.com/rss/articles/CBMiiwFBVV95cUxNcXA4LW54RkdTQjRRdHRPSnJyTFBXQUJ3VVF4Wm5fTnV2QVk4NEZzRWxTaVBidmhVYWNuU1ljX1RuN0ZBMUhmVk1FZlJmMEkxdmJBX0xlNEZibWVVQ0kxbEQtLTl2RlBDcWp0YXhsX1NIdmpET1hpNUNGeUo2TVFmb1podTByVGhXUFR3?oc=5
MRK,2021-10-04,"Stocks making the biggest moves midday: Facebook, Ford, General Motors and more",CNBC,https://news.google.com/rss/articles/CBMiowFBVV95cUxOQjc1SHM0ZlhCV1VWUy1WbDg2YzVtUG03Vk92OEkycWRqNm5nVFVvRnM3S01BaGFyOEFWcTNNd2tGbWx2ZkYxQURKMXhsbUphenQ0cGhBWTI5dFQzME5mSDVNT2RvRUl5MWF6Zzh0UGRyRHB0aU5qOVZKc3k2eTVVUWN1ZkVCQ241ZmJ3SlpRRzJXTktwQ0F1ejI1ZlBLelNsRklj0gGoAUFVX3lxTE5DRHVGYXdSNUNZX25uYU1XUGpXbUpfTFY0eVFLM2E2ekpwd2MybUNFUGF1RjlNVFVBeXhXcUp4SFBCSTA5MldINU41c09DN3ROdjVYMmNiYURtcmRyV2NWcDdjWW50YldXSXJFaW1uR2tMcGcwalR0REprWUdObnA0cDZzTHVRa3l2UzJjQlZtaTJtRWY0b0dtLThpOXhSaXUwR0NGTDhrXw?oc=5
MRK,2021-10-04,Wall Street slammed by rotation out of Big Tech,Reuters,https://news.google.com/rss/articles/CBMiswFBVV95cUxQVi16M0lxVEktc2RXQUgyX0RXYTd0R2VUcTBFR2FicjdkZXZqT05GVnJ2TWxoekRuYnBtRk8tU3R5d3M4UFI2LU9tVXdMU19NWkRjVi1XblFKSTlLNlRmc3d2c3U2UkxJbDVWZ2FGQ3NlVTZYalJ5YmRzcmQwbjQ1QTFzU0dha195OFFycUVMd0lWTzZfeXo2OEpGTVBma3JCX0RaX2RKZWNpazVmOVliVnhLVQ?oc=5
MRK,2021-10-05,Merck Sells Federally Financed Covid Pill to U.S. for 40 Times What It Costs to Make,The Intercept,https://news.google.com/rss/articles/CBMiggFBVV95cUxOQm9PZWplTi1ET0hFbDJFS2dUVGVLNGZVNXFYeDJUbmdqcEJUVElQLTJhM3Q1Qk9UNGtJSUJabnlHeG5vTDNnZWZEV09Zd1h0Yi1idGRac01lNWt4aTRUd2xWMnRaYmJOdWt2VFRRejBKV2tLd255U3FrRmRxWmJIZ0NR?oc=5
MRK,2021-10-06,Merck’s Davis Looking to Diversify in Preparation for Keytruda Patent Cliff,BioSpace,https://news.google.com/rss/articles/CBMinwFBVV95cUxNVnk1a3oycDR5eGU0LW9GTjVpRzhUTjRobWFHZEtmbk5VazhhOF93dl9tVVIyOFFHWndyYzJPNE1JUFdIRTVhcTlWaXlZdGVhM3VLemlFTnJfTlhDVnBoWEdZUGh6X2xva183VHdsLWtHbDlBLV9yd2NHTXZMSWJWc0JaQmVUaVpCOUlveUVYUGNQcG9HNkNIejA4T3pGbm8?oc=5
MRK,2021-10-06,Moderna’s vaccine profits propel three new names onto Forbes’s list of the 400 richest Americans. (Published 2021),The New York Times,https://news.google.com/rss/articles/CBMifEFVX3lxTE8yWUMzYTlhNVpkck5NTnVHSEViUzFIQWxhelJjZ1p4UXV5dUkxWjVibTZHcmZ1MzJhdDFNeC1FY1UydUMzYmxULTBDOTUzTmlmLVZLMy0xSkpGMjJkNzRqU3hQUm5VejRGOU5JRWE1QjBRNDVNdzJPVUl3c0E?oc=5
MRK,2021-10-06,Merck says it signed deal to supply Singapore with its Covid-19 antiviral pill,CNBC,https://news.google.com/rss/articles/CBMiqgFBVV95cUxOV1p2NmdYMHFUeVhCSmNBS0JYZ2hseVVwYVJyemo1WDY3ZGpJQldrLXhZR2JqWE94aDFYQVNfOHhKckVCb0gycEFseFAycERLVzlnTWxBaTIzeUFOZDh6aFlqdTVGU21rSEM2WFpTN2t3dGpNZ2NMcE9hNUNCd0ZZejlrWTI0Y1FnTjRPSU1lTVJfbnZJNjNUYVlMYllFc0hfdVhpZi0xZ1Y0d9IBrwFBVV95cUxPVWNjSXZOZ3BVYTdQUWx5Y0R3R3VRb2I5NXZTR3A4UUQ3X2hZSTQySFdFUjJDUC1fY0FaeVg1UHZ3RkxaeUhneEdjS1NXeHRBWmd6MzBIVVB5V0kxdDZIdElmU3BWVTZWc01FUTN4aG0yN2lCcmQwUzA4empURDVoR2dGNmJfMUpDdllNNTlkbVJpNEZtczFEMEU5Z0hmWFUzOUhaamdqNHNiRFVnLVlB?oc=5
MRK,2021-10-07,"If You Invested $1,500 in Novavax in Early 2020, This Is How Much You Would Have Today",The Motley Fool,https://news.google.com/rss/articles/CBMimAFBVV95cUxOeGI4Xy0xYTZ4c0o1VGpmLUFlcEhMeFFPMHdKRy1MOWlVX05Sb1gycm5hWGVNeFowcEhwWGw1UDMxMXJ4aHgyMWl1SnNidGd5NWx5d2hzczRYV1ZMYlpGb184R1FQcGljSTFwaGxjQ2lLbmZBX29iRjE5d2d4d2Q5bzNpdUNwYkJGUjd0dWMtdXMyNkgtMnhrUQ?oc=5
MRK,2021-10-07,Moderna founders debut on Forbes’ list of 400 richest Americans,New York Post,https://news.google.com/rss/articles/CBMikwFBVV95cUxPUFB0S0dpWDl3U2VRRnFPRUswbUV0d0hpOWY2amVsWFJyRTBHUENZd2EyY2xTOUdwS0NrS3ZQcno0QmRDZm85cDlPVjVuZ1l0V3VlWHhOLVVPMlRyTUpzVUotSmF0VUw1dFJXTmt3ZjZPS3dHSVV2WGNiM2pyd19Vd2lDRkswbFpBcmFCRnduTTBrZUU?oc=5
MRK,2021-10-11,Idorsia's Fabry med did what executives were expecting—it just didn't relieve the disease's hallmark burning pain,fiercebiotech.com,https://news.google.com/rss/articles/CBMivAFBVV95cUxQMnlkUjZzclV2cHVsdXBuY0pDNmhVVExvX3BDa3dXRkNSR1FsSEdMLTJuQzNWaDdHUW50eFFBcE5nQ0x3blFjSkZVei05Qld2czdvWDE5X0t0c2RWX2FpM2g1Ny1HMGp3aEhMNEJWMFJkb3gxeGFsU25NTVVlU1BCclBQOU9SZDdjWGFpQUdlX3RUX0ZmTmstWExyeElaZEpuck9RMDZDQjNiUDVaaWlhUldWRG92dEx1YkQyZQ?oc=5
MRK,2021-10-12,Blackstone invests $1bn in music via Hipgnosis. Are billions more on the way?,Music Business Worldwide,https://news.google.com/rss/articles/CBMivAFBVV95cUxPcGxldy1pQmhoZDhZS3o2NGw1aHRkQUt4T1ZxeGRpYmJWWHJJU3k3X3ZFQkx1SGFGamUwMTlCbmk4ZWFFX1ZYZ1pmUFhlZmlNUnlRc2pUY1NGaVhJaFdhcmNZMnU0ako3M05YOWR2cW9xNVd3SlFEUGNTbDcySjZkQVFwVXMxUjVndFZiV2I2ajhDWTFib0UzanFlMTJkQ2c5Tm10b1FRX3d1YjFSR3BJZGRlSVM0YTc1WVpLcw?oc=5
MRK,2021-10-13,Blackstone to spend $1 bn on song rights in new venture,Times of Malta,https://news.google.com/rss/articles/CBMimgFBVV95cUxNcVl1TTR3RG1xaGc1akU0YkZUSS1IWU5yQVJUWWVKTFhvYWlJa0hNZm1ZT3hicUxBWjdFY1JWek1Ib3JwZmlzR3RsT1FZUFF0YUJXYTJ0eUlNYzRobGpNTWxrMUN0REdHZXVsOFIxeDJjZGpGYlpUSE4zbEVyMzhDQnVDSnQ0em95SWdhdDhNb1ZPbHJmdkRLTlpB?oc=5
MRK,2021-10-18,Merck Releases RonaCare Epintegrity to Support Skin's NMF,Cosmetics & Toiletries,https://news.google.com/rss/articles/CBMi4wFBVV95cUxNMXFjbXMwSllUcDNtbGhxM2RsZE5lUTFxMWxXMC14bVZKOGdSQlZWMm9hWGo1VnVGOFRhNFBvZ1pJcENMb3o4aWUwU2tUQW1DWXN6NjlGTWpqSkkzWndudDZrbU5Yc3EyOUp5YTk2UlBrSU92d2hZMFpmNW05dXNOREZzaXZqajRPQXJCS2JKT0RmRExWMHloM2M5TzlQcGtaNngtaHY4UEVLamY3SVZsX25EWEJvSFdGeFJ5T3RXeW8zMWU4Smc0eXNUcl9FYnU3Q050UV9mamlUTThfSURaaEZtNA?oc=5
MRK,2021-10-20,Hedge fund jumps in with Avoro activists in an attempt to derail Merck's $11B Acceleron buyout,Endpoints News,https://news.google.com/rss/articles/CBMitwFBVV95cUxQZVFGYkxVaWJmRjVDS2k0c1hucEdINTBIWnUxZ1lzQ1FmeFVyM0NaVFNhXy1sdmc0SWdocWJrQmRLczFWeXEzZTJWUUt1dGVMUjUyODlIcHZfSTdzdWtqbTB0SjNEVE1XLUpBX1NFZGtvQ2JQVGVIenBDQVkyaGtUSXFrdlhPdEFhMjlfY25nRVBWd2FGRjVzcmFnb3VzSXZha3lTNVBJUl9nbjdodi0tT1phZUM0WXM?oc=5
MRK,2021-10-25,2021 CEO of the Year: Inside Ken Frazier’s Long Game,Chief Executive,https://news.google.com/rss/articles/CBMihAFBVV95cUxQazVFVWJPRS1CY2laUVQ5SEZhOHhFOWVvVndZREMwM0hDZTZVWS14UERWMUY0Y3JVdUZkcVFJQmltQzRaeDMyVXJoZlRWSlRsZnA3TEFCV3N4UlhJNVJ0S3oxYk5uNzZrVGliLTZ6UUxPVTBiTG1hNWt4Zjh6UDYzVDVwUkjSAYoBQVVfeXFMTm5MdE40a0U4ZUJKVkROU3JmMmpJZVdpMnpjOTc4UGxtaEJ4V0I4VFN4SjB0NkN1RkVxdm1qbjJPc1JuQzN3dGlCWm1UeXQxLUdYbnlNcUpWSl91OWYxelo5RzdtcWF6YzFiQzRUSWM0X2xKaVlacHkyMGhzalJtdENrR3JWUGJ0ZjZ3?oc=5
MRK,2021-10-27,"Nasdaq and S&P 500 close at record highs, Ford jumps 8% as strong earnings boost stocks",CNBC,https://news.google.com/rss/articles/CBMingFBVV95cUxNY3RQdnhkSUlHRi0tMmpadDdZODJEbE5SaF9xQUlRUFJkcm8zeXp1Ry0xUzRva25Ub0NQWTUyeTNfa3NyMm5RaHlDNVZPb1B5b05vRTRSYVEwOXlzeWJpeHpXSHV2S0JWOFA2cmYxVVgxZkVyYWU2LUs0QnhCX2NZTkJEdHB2dkVRbTJuS1phekdETUpOTDk0NGt6cTRVd9IBowFBVV95cUxPZlVwbkM0WG11TXVNN3R5QWtKTWFwZWV5OUtaNTE2YTJjSTNxR1BfeS1TenE4ZWdzdElUTWNISUpmT3NYLVJzUWk0M2kwZm5BNjNKbXpLSXIzeTI5NEdXcWh0VUVpYnNDOGE5TXpXZjFWWHJ1WXdwOHV5NkVZdlI0LW5sZEpseEhwLWZPcnNpRW5BOVZENVpQTmlQQlZWZVlWREpn?oc=5
MRK,2021-10-28,Merck projects at least $5B in 2022 sales for molnupiravir,drugdiscoverytrends.com,https://news.google.com/rss/articles/CBMimgFBVV95cUxPYjA2eFlRZ3duX3FUdUptWENNaGoxVmtlZFh1aWhuTVlaejdDZVZMbTg4SGZKX05nMUZyZm9CZzZCWEZRNW1mUUZfX1RRZkpocXh0RndpdFpkbDJscVRyYm5RX3lKUjR3MjVTWFZJWnhzcENXaUkwM0FVQ3MyeU5KU2IzSVNYdVQ1eGNGTUx3cHJiMjhTUGVpLWJR?oc=5
MRK,2021-10-28,Merck Stock Is Gaining. Earnings Came in Strong.,Barron's,https://news.google.com/rss/articles/CBMilgFBVV95cUxNbTg3SVFrb01sUXhQcXZtZVFZNFhua2l4WkVkekJWeVJCdzlXdk9BTnRiRlBNMGZIRUJNbFhFXzNMTS05Wm9nSDV0XzZ4cVgtVFJwUTRmRVlvUDNUUW90ZU4yNEFyZk51dEhJMjB2VEVJNm1HbTQzd05xaE5KT0hMbGdyVnROUks4MTUwUmFXdUZlWjdfbVE?oc=5
MRK,2021-10-28,"What to watch today: Wall Street set to rebound as earnings, economic data take center stage",CNBC,https://news.google.com/rss/articles/CBMixgFBVV95cUxPSEJiQWd5SzIxUTdfb2tNTHJ1dVhweGVUOV9VOEZfUnhySUxwOURicWJlZUw5eTU0V0E4T1prTzhrZ2ZHOEpWanotbHRFZkF2LW1UY21nZ1ZJV19PYnVIMWV6cWdzY0l1eF9KWlFZNjF1RDg4a3JaUDdvUjdIT3ptVnZza0J5NEJGOUozTjdJU1p6RW9YREc4QXJramwxTEp0b3RQOFExcW1nYW1XRGh2bW1wMlZFU0FDVVpvYVpPZ3FGaTlZZWfSAcsBQVVfeXFMTWpaeF9hdk5zMDB0bnV2RHZ4cl9MbTNrQ0JfaFA2M2FIcGRwZjh4N3dOMlBUM3pSTWxEay1jX2tyTkpnTzFXU3FvbWtkMVN2Ykl1ZXg4RlFYTGhvTzZTckJWV2Y0cFRHN0thblVwOHNwZGFrV0JQRHgxR0k0dXJFbVU5MGVnbTFLYXpaejI3RGtpOEliYmxnbVB4ZFZ5ZUN6M09pSkQ1b1hUWUZVX3RDUEdpbktsTmhJUDI0Q3Y4Yy1VRG9EdnlEbm1GNHc?oc=5
MRK,2021-11-03,"The Zacks Analyst Blog Highlights: PayPal, Merck, Caterpillar, Cisco Systems and TJX Companies",Yahoo! Finance Canada,https://news.google.com/rss/articles/CBMijgFBVV95cUxNT01Hdk1rNzROeXJjT2R6aTlta29xQjFjVzhMZEd2NzgydGRvSnVxaHBlQy1yQkh6OTZURUZNY0RpeU5IRXdoamVubkRXZmloa0tjWVpWSGFfcFRrWUZBQktNWktrZjRYQWNrUklSRVF4LWVNWlpaNG5IOTU5Mkl6bW1HREVDc2ZPUmY0dmtR?oc=5
MRK,2021-11-04,Merck Says It Has the First Antiviral Pill Found to Be Effective Against Covid (Published 2021),The New York Times,https://news.google.com/rss/articles/CBMigAFBVV95cUxNYWZiZ0M5WXV4UWpHSTdPOFZwdUZwUTJ4YkNwSTdGX0J6R1NOcURzX3Rpdm12SGxqNVk2UG4xandTRDkzUnFWbmZFWkpWNktGSUxQSktob01JMzhzQW9fZi1wajZVYkVYN2ZDd3Y5UTdlenJQMkRTZDJHd21sTFIxZg?oc=5
MRK,2021-11-04,Covid-19 roundup: Moderna's stock plunges after lower sales forecast is revealed; Regeneron sees $804M in Q3 monoclonal antibody sales,Endpoints News,https://news.google.com/rss/articles/CBMi5wFBVV95cUxQbDV2OWRfWVB4bkNrT3FqMHlZZ2VqZE8zZlJyUElyZ3JLZnNwcXZZMXF0T3V5LXNVcTdORkpMTkJrNHItVG02cklTVHd6Tl9QSlRFSlpRWm1OTWVZNGpnbkgwQnJ0c29tTVRvRVNWRUItTmhObWlFUUE0SXhMVzNZcFN2R2FpMHoxeC1uakFsQ1hOQXp1clI0Q0ptNzZqajh6MGMtQXdacXdzVWx4QlFJelQ2TjEwSG5TTU94ZmJZZ0FiLVAtQjhZRUlUTEY3RUVpN0pqNHFkRXlyZlBWVHpqVGsxMzg4VGM?oc=5
MRK,2021-11-04,U.S. stocks mixed at close of trade; Dow Jones Industrial Average down 0.09%,Investing.com,https://news.google.com/rss/articles/CBMixwFBVV95cUxOLWNoeURqZEVkcHAteEs0ejVsTVhjYjZXVXplU1ZyTkxtblJpZHphY0wydkgxWmhLM3B6aUR4WEw0MkxVMldYWThCMkVCcUhiRE9BTy1iaWp0V3ZHNHB1LU9VTFNVcXlBUHF0cGdORUY3T1NSQVc3YWVvWUtiV0VCcmFIZ1YxLUx1MGhxUjRrZGFVQWIzUjBlUUVQazZlb25zWHZzZnhzcjJMSUJFWEF2QVNGV0FWMzZUMGJ2OW9jZWhtbktDeFZz?oc=5
MRK,2021-11-04,"Merck's Covid pill approved by UK regulator, a potential game changer in fighting the pandemic",CNBC,https://news.google.com/rss/articles/CBMikgFBVV95cUxOdlViNEw3ZkxYOEhqVHJNeGk3VTFsSjB0cGFPREFxVEltY0pxTFlsTFk1NmlfR3hYbWNWQnBPME5vZ041c3dsQjZtcmFya2FQZlNrUTd1SWdyejVTMXlkcWtacW9PeGNnZUJIZkFGQjh4RGh4aTh4bGlMeEdYc2tEaDFMektBSlA5S1lhVkdDX3h5QdIBlwFBVV95cUxPODNqOHdLT1l0Y19sbjVWeGhDZ3pweDRRUG5oV2NMXzROUlBXeHVQLVhBTml5cXFVcENtRVd5RzQ2OHY5M0hUVmlhUDZVTmVjQTQ5V01paUFMNXRPaVRmd2ZlYWFfN21yZTNqaVVGc0NtN1dIemR3MmtiQ2RfTHFyMjFhekRkVUEwc205SEV1Ti12bnllb1Rz?oc=5
MRK,2021-11-09,"Stock Market Investing Strategy, Picks From 99th-Percentile Fund Manager",Business Insider,https://news.google.com/rss/articles/CBMisgFBVV95cUxPNlVyaXo5Q3JFWjBpSzFtdVk3NktJM0MwMFNPeTBOR05aWDVibmlpd3dtNngzeVpnN29UVXBYVHVBa2M0WVRXeHJxX2xpX2J0Q2wxaDBJVzNoZDZ0RWwxRFZIc0VlSXNtMmhwMFJwR0lHajY4c3JINWVBaGMxWTJadm94NGMwYWJFZFdLZkVRQ0QwYnJtdzNCT1VINGZOTDYzRjcwZUZId2xFbjRXRExFNUV3?oc=5
MRK,2021-11-09,Should You Buy Pfizer Stock After the Fantastic COVID-19 Pill News?,The Motley Fool,https://news.google.com/rss/articles/CBMilgFBVV95cUxOS2FjcmlpRm94Z0ktc04wOG9GTDMwYUpYVzNYNjZOUUl1S3EySWY1cVBiQ1dzNFY5LURUMURHeC15a1E3TXRESDdraTB2VWp2UEpXZ2VlVkFXTWZ6OExfTEI5elRlZEo5d1VaWTZERjBKYzRUY1VyRVo2Q1lKV1RkejdjUzRRUFRMeTV3MEZRNm1VU00wWWc?oc=5
MRK,2021-11-12,"J&J plans to split into two companies, separating consumer products and pharmaceutical businesses",CNBC,https://news.google.com/rss/articles/CBMisAFBVV95cUxQTGpXOGJ4aGFWUzNPTEd3ZjhNcWY1Q19mb3ZGcVpfeGxMS0hxd2hCTWljNTdhemhDRi0zRjIxMmRzeF9vVnZpaVpvdllvdm9mOHJ2cldnblpmVVpTalR6MS1BVlNlUTJkQU1iYzN1NTQ3MnJfNUNON1BKVjktRUtlZGYwVXVScllMNjZXVmlBQ1lJY0poTU5xcGlQdzUxY1B6cUYzU2xESGMtYmV4UDdUMNIBtgFBVV95cUxNOHozd1ctc3Z4OUVfV3dXbU1TMC1ZRWlvOXh2R2V4NTZkN011amJESmpmUDJuMmVJalB3bEtLR0ZvYndjT1Q0dG9BZ3NnMWhHR3dUdnZvT2M4bnJRelhYUmo3djZTWENBUnNVbk53Z20tcVNRMWdLdzZrSEJQcEtoR01PMW9JbE5BalhKQ2hSeGo3QkZCVmRhNjZtVkxCczRiWHZwOTAyZmNYMzhpaG9jYjFNbHV3Zw?oc=5
MRK,2021-11-12,The nifty nine: a portfolio of stocks to buy and hold forever,MoneyWeek,https://news.google.com/rss/articles/CBMiuAFBVV95cUxOU090N0ZCaVkyN0ZvRGE0X0NGaDRBc2U3SDFaajZWQ2x2ZmE3V3BVb1JMU2FpU2stSkltMkhkdVc5ajFXYTFMV2FrMEZuVF9sUWdEY25xX3pZSmhLT2ZPSS1WV3dudU13VjVIT1RXTGdYZ1dvZHRXanJJWHlYMDdHdHlVckpFaDExNC1ZSTJFNjFwb21IMG1uX0pPUVlIdkVPYkRYUGlwckZzdUJaSkVDRnNuSDdhRXhC?oc=5
MRK,2021-11-14,How Albert and Bessie Mae Kronkosky changed the face of philanthropy in San Antonio,sanantonioreport.org,https://news.google.com/rss/articles/CBMiswFBVV95cUxObHZuX0xqSTVzVjFuZ3RKZWNnZlMyRm9WcVhKNUxPcWRwd2pNRUhmeTFUeGlkbDdmUjlBNEtDYnltQ2VUMDFpWkxKRFNTWXRHZWp1UnhvQVhnQXhNdXlPaFptcENfQ3gxSDg0LWtPOE5yWWZ6emlaTE00dWVKb1VOdWhsS0hYLXBocWRGYXI3QjRrNUdyOUZDOGJkZkJFVTNiWnhPU2kyZTUxTHJ3MUY4RHdGTQ?oc=5
MRK,2021-11-15,"Buffett's Berkshire cuts U.S. drugmaker stakes, invests in drug royalty company",Reuters,https://news.google.com/rss/articles/CBMixAFBVV95cUxPeE1CVkR0WmJxalR1WFFyTlFGQVVnNlBSVkY4SXpUNmtqWlZVdE4xM0c2eXdfNldnSTExbFQ1N05veUxVNHBFRVFCTUJ1UHlYVnhoMTZqcExObkNSR0oyVzA2ZGR1cGFpYV9fRnNJWkRlbTZBZTFNbFBsZnVBaFY5bWFWQUlYWmVxejBmdy1tS3BfRnAzUGRVZlA1a0xJY3BUTVJWVU9saXZPYWQ1ajZBcldGM0pwZXpMNTRmcUpBcHZ4Z3Jp?oc=5
MRK,2021-11-16,Pfizer to allow generic versions of its Covid-19 pill in 95 countries,CNBC,https://news.google.com/rss/articles/CBMiqgFBVV95cUxPNnNuZEJfUGlPUWtqY1A4aXoxSzFvdE1MMUlXYWtwa2hrNnU3TnNaMER2LXBkei01bFR6OWV4Y1haYUNzX2JiSUZpaExOcWV2dk82WnY0X1lQUXVSQUZDREJycFlzem9TVm1odENPdXQtZmZGT3FkdUV0RlpnZFhabWZra2o1V0ZBWHRKWFd0Wl9MWXllVXlJQXJBc1duWERHbnRjaDlRSjdrQdIBrwFBVV95cUxNUjBsSzN6Q0d2cEFyQWVHYzY1VHR3YWN2ZndNVl85MnA2dktIb0t0SVV2QU93LVJyYjdBZ3l5X096cXhoNjV2RUJzdmcyRVBYOGZmMF9oMnk5Wml2ZGxWSEczSDViQkFORmZEMHpPeEJuS1FWUkV5NmRMQmU1MTVYRGRPMHJYRF9yWjFjVHM5cG10UWRNQjdtd0VqZEFNbmV0dS0tOG5aWDlXb19GU2NZ?oc=5
MRK,2021-11-16,"Warren Buffett’s Berkshire Hathaway Sells Merck Shares, Buys Royalty Pharma Stake",Barron's,https://news.google.com/rss/articles/CBMiqAFBVV95cUxOSVdRMWR6YjZCOHA5N0ktQTdzNndFNnZQZVlESUVrSTNteHBiNElPYUNpTUFmeVk1dy1xc3Q1S3R2NWlvNm4zSmh5OUhUMTBDaVU4d3BMbmhvdjU3NjNGbWdnSFdMRVBDam1vZ0VOVk5mSmN1VXFJbVZ0OC1Rd1JucjhZdm4yalR1VWNFWDRJQ0t2Q1pmdTBJQXBPX3lTWjBoSHJpVi1ucm8?oc=5
MRK,2021-11-17,​How good is the Covid pill? - Pfizer agrees to let other companies make its Covid pill,The Economic Times,https://news.google.com/rss/articles/CBMi9wFBVV95cUxPSUszWE1vV1NFSld3aVdRdk9wdTlzWERzYzYxT203aFFVVU84ZmlqT3dBdTg0eTI0R0MwaGVrd0VRM1RlQkEwX0dYQ09QY1pDM2Y3T0o2Z0ZmNUphc0pKZjQyTllJSzJrcEtsMEQ5VDQ5YWxIYURvTEpKWm9nTUtwTU92V0pBbWlUOHczZTIxeDhmRHF6Zy1pV3d3eTlZTzk2aGF0WmZIcjZDNFNMdC1pTmZjYzFyY2hrWXFZMjQwcTNQem1pb2RYWUxNcGlFcnhxZTlnYmxKeHV2VGpXUGRvOV9meUtjVXpIUzZ0eFhVYWgtNGphWW9F?oc=5
MRK,2021-11-20,Is Merck Stock a Buy?,The Motley Fool,https://news.google.com/rss/articles/CBMicEFVX3lxTE12cmFwM0RneFkyTkQ3TkxFWGVMUjNDQ3ltWXptanBBby02WEVhSWoxYW54R0JqVXRoTUlFS24xRzFJNER4S0VXdGZpNWpqalFmQkFCdkZDeWdKcDg5d01FaWtrZlptcW91WHVVUGJHNXU?oc=5
MRK,2021-11-22,It's a wrap: Merck collects enough Acceleron shares for $11.5B buyout despite activist investor defiance,fiercepharma.com,https://news.google.com/rss/articles/CBMivwFBVV95cUxNM3ZUcDFpYXFMTmpRSGxpN3RIcHI5eERUU2FuVFRMbWdPNVJFc3F6aUVmeHJrSzYtWmhaZlgzZ0hJUlVnblJmQlJGTjdfbUQzU0RTaWJaNGVwQ0pOMTBjTWs2OHlzdWhUTldJcGV6VEUzaW1nRFdmQkpybEh6d1dyWVdsbm1sd05jbXhzeDNXUEFlRHlFZTVNMFAwTE9iQWFIUi1TbGlVd3VWS18zalFuZGVUaHZldVhCTERFUnZXTQ?oc=5
MRK,2021-11-22,Novartis May Have a Suitor for Sandoz; Merck Closes Acceleron Deal,BioSpace,https://news.google.com/rss/articles/CBMitAFBVV95cUxPNmI1YnFZNko2ZDd0dkFvVEpJSkJSOGk4MGdnVnZVZkxiRkZGNWo2UC02VTNhM0FpX2FJdGdLdkthQ3JWREN4aG1IOVd4YnBuWjNhRHVEMU02VDhqTHdYNjVtR1dRR0JGdVZzaHZ5UmpDclVqMXJXaUlPbDRfQ1pabWFXcWFrUW55TlZYWTg0QmZpSE8wci16OGZUY2lQb0ozbEtPY3FqQUpPRUJHdXFlZTg2Zk8?oc=5
MRK,2021-11-26,Stocks close sharply lower with Omicron variant spreading across globe,The Boston Globe,https://news.google.com/rss/articles/CBMirAFBVV95cUxOQkk0SVdKMVpoSjNadWc4RWJOYl92WGJhWDM5X2xfOUxXbGlWanVQLW9kWkRIYzZEYUxNam16UXJIaHNsa3BpdlRJSklVTllENi00WFdFTWhPSUM4VFhmWHRqNk9JRzZrbk4xTHZWeE1WeGZJYW1sODZFaXdvSTN5S3htYnA5RlEySG0ybUtjTlRad0thWEpUT3hQYkdvbmRoUmI3UXd1S0F4TjlM?oc=5
MRK,2021-11-26,Wall Street closes sharply lower on new variant fear,Al Jazeera,https://news.google.com/rss/articles/CBMiaEFVX3lxTE9CdVE3ZmpWeGFaakRYQ0ZJMmVVcXJrY3IyQjl5TXllZGlocGlIWGYxOTIxbUZ3MWlCbWpOWi1KelFCU3V5YXU3Q2ludVJpVEN0bjYzWVpTa0gwdlBBSUp5Ml8wamh6d1Ew0gFuQVVfeXFMT0ZBLTBCRS0yMFU5Z3BNUVVSMk94RFpFMTVveVIycGVsSVA3YkxWLTFkQ3lOeExPZEhLMkxKNmZwLXl2dkF4clhwbEtBMTFPeHNPU1dwc1FZRTQwbWRNZ0ltbUF2U0dwR2d1aXU1TlE?oc=5
MRK,2021-11-26,Stocks sink on new COVID variant; Dow loses 905 points,The Mercury News,https://news.google.com/rss/articles/CBMimAFBVV95cUxNcVQzZDFTNnJxMGFGQ3hXSWNUSUtzTXRjLWNVU0Y3MXk0Q2daTlBhUkVRa0lLRmtoMjlEQlBFZUNvM1QzN3NWXzJWQzZhQnFmbnEyU1VlXzF2UGNRLVpFc0c0SlU4blBNNXNFdGVWcnh1ZGY2Z2lYSHJIbGlwb2pMOUtENzNEUVljNmpXeTBGVm5YNWxXakdCNdIBngFBVV95cUxNNVVMUm1sd0FsQ0JHQlNBOUVMdDFuN1l2TWpLY3VGdkNueTJwMFlNbURfRGxPVXJ4QzBIY3kxV0Fmd1RYbDlIckE4SXI4STVmZnBGaUZLc08xSnl0TUU5SkQ1amthaGVHUGs1bnJkYTdha2hEdVFwSW9yLTkyYml4eEtXaFdrNGdReGs2c194NTVsYUVQa3hJdi1hZkYyZw?oc=5
MRK,2021-11-29,5 Buy-Rated Blue Chip Stocks With Dividends Expected to Rise This Week,24/7 Wall St.,https://news.google.com/rss/articles/CBMitAFBVV95cUxQX09zU2tMeFViNlEwbVNUU25xenJEd1NaVXNNVGhjUm5OUzItY2NfODNzOUJDNzJ4U0x0ZnVZVXpYRXlhY2c3SGJuTmhOMk9VbHNWRnZ1aWpQLWZqZHctOEZka1BlakRWS2JlOEM2aVRadUZDZUU4aXRDU1J1bFl2TzhSLUsycjhJblVmb3RNUVo4eWt3TVNGNHVEZkttWTVvQlgyR1lZQ0xkdmY1cmxvWWFsUTg?oc=5
MRK,2021-11-30,Merck Announces First-Quarter 2022 Dividend,Lelezard,https://news.google.com/rss/articles/CBMilAFBVV95cUxOS2lPaWlsWUlNYjMwazVWMFpwbXJNbzdudnB0VHo3VVBMRVRpTGVnMGtoR2hHa2p3UWtDNjFRbHExSnlLR1NYcklaclplaWxlelQ0d014Q2EzaXhoRWJWdEF4ZWdDWVptT1RwUjlIRm5HUVNDc3k1T2RGS242a19KOFlhb1QtdWtCcUdjdUVrQ1d2QS1G?oc=5
MRK,2021-12-02,Merck’s COVID-19 pill may soon be here. How well will it work?,sciencenews.org,https://news.google.com/rss/articles/CBMihgFBVV95cUxPR1VpbENwSmlzOEJKVWh4aEZLMl9RN2lFZkxNYW1QRVRKUk9Bb3RxaDJKT1ltM2FDQ3Q3Yk1NcmthUUFLblFKQXdxdGRVdjlPYTN3eVFxRlZIUDYwS19ldkJjWmJBcEZXNVVoY2VqRk5HRjNrTWFINXpFanVmLThibTlTRjZlUQ?oc=5
MRK,2021-12-05,Song rights pioneer Hipgnosis faces uphill battle to keep the music playing,The Telegraph,https://news.google.com/rss/articles/CBMirgFBVV95cUxQRXpwNWJRQjFYbmJIdG9rS3A4YXB5Yk5yaTh6dTdicEdNaWdJYmtRRXJXcEhNNkgzZWQ3Tm5HVm9xSEt6M2lWRExmSkhLR1g2Rmt5Z0tWOHlpUEJpQ1ZzS3BQYXhsdVhROFotbFBzRzVQZ0dIZWdnckJndDNhZ05ELUIzZGdFbXprdVJHMERmVzFka21nQzk5WEhycThnUS11LVIybWRFRklnakMyWWc?oc=5
MRK,2021-12-07,Nasdaq soars 3% as US stocks erase nearly all Omicron losses,markets.businessinsider.com,https://news.google.com/rss/articles/CBMitAFBVV95cUxQY1hCODlHeW1JMmRRNUNfVHhGalctTnZ6bXRMY3FrQktSb2ZIQVJ6aEkyYzFnU21CS01FUk1US3htYWxlR0dWR28tSEhsWVFLcVhLdkxWZnp0R1BOZHdSeG1zM2FZVDVJQW5tLVQwZFlVX3BkbGNkcVlONGIxQWVxQnotOERDZEUyczRjTnVLRE5jT1p2ZVBEUGJTTjRrN2lUazhZT2ZCUDFnbE1mYzJ0SmNrdEo?oc=5
MRK,2021-12-13,"Bristol Myers Squibb, after massive Celgene takeover, plots $15B buyback plan",fiercepharma.com,https://news.google.com/rss/articles/CBMipwFBVV95cUxNWVJueUE4RlBrUXNuTTJ3cDRRbkFnSlFNSUs1d1NpVXRoV1dQNkZXMTJGcWEzMEZUVzh4amQwWmJKd3Zwb1pDOGFCbkU4b0hDVWZsLXFqTjhHYU1tdDhpb3QxNzFOSDNuZlc2bWZ6el9NQll1cEs5dEQyQkJFYlJxNDFvQjgyb1AyRkNRTGNDaVhUTXJZQWpZLUdpb1BJSzJiOE5nRUVPaw?oc=5
MRK,2021-12-14,CSL to buy Vifor for $11.7B in biopharma's largest M&A deal this year,fiercepharma.com,https://news.google.com/rss/articles/CBMiqgFBVV95cUxOOVdaR1ZoeEk1RTJzSUhQaXVha2dRTEU5MDN2bS1OcDNVMmZOdjBBdkNiT2x1TDlrbEt1ZDdxbUFZYlVLV1BZYW16U3dJNzN3c2FFbDZwVTBmNURYNkZKVXlXa3o5RVhzNmh2bnJEeDR5OHBhaGU4Tjk1NzQ5Unp6OXhPV0VDWkFhNmduNGMzeHZsNUZZa2dHanZTUHV3QzdyWXJSSVVlTWpqQQ?oc=5
MRK,2021-12-23,"Merck's Covid drug is a massive potential market opportunity, says Guggenheim's Fernandez",CNBC,https://news.google.com/rss/articles/CBMiyAFBVV95cUxONGI5MVQtelg1ekl6V3gyM3VKNXIzYTU5RE40N2VWWlFwYVZZV2hKRXBSaFFyZVhHaUlXQXNkVG40aVB6RU5IOXE0V3pFTF8yQXRHOFpvenJ5YUJJa1Mza3RsS1BHaWgtT3VsYkEzMWpoRWo3YmlKdVdtZkppaC10c1dkMjg3MWliUFBhU2UwWEtPM0hfdHQyWXdjU09YcUhaVzZ6S3B6TVBtSGxGRGxvTmQ4bi1sWGdBdHpSMzZCX1FRc3RQTmdWZw?oc=5
MRK,2021-12-23,Pfizer’s Covid Pill Gets Green Light. Investors Are Starting to Pay Attention to the Stock.,Barron's,https://news.google.com/rss/articles/CBMifEFVX3lxTE42QS1qV29QdThOcm9mcXV5d28ydGlaMmZWOHpqaWVtX2R3NVZqVGhRc1QxV3ZJSXpOdDcyb0toUXUzTnFpRmc2eGdIaEVZWFNFQW1SN29Jc2w0OU5WdDZKUlB4Uy11Si1aVTVBRlNrNUpwNl90aWtuZWx2OVQ?oc=5
MRK,2021-12-27,Top Investing Headlines of 2021,The Motley Fool,https://news.google.com/rss/articles/CBMif0FVX3lxTE5DMkktSkNYbjl2dldxVmpobngtVlBucGhnWUNKZ0wtdE9sN25Lc3l3a20zckhHU214RGFCQ3N4Y2J3VTdKUGlxZEJhT25heS1GeXEybFhNSy1HTmJWQTAza3dhd3VNUXZqQ1NBeWYzemZlR0FqOTNIdFhtRjB4NUE?oc=5
MRK,2021-12-28,"Moderna Slump Hits 50% From Peak, Erasing $98 Billion Value",Bloomberg.com,https://news.google.com/rss/articles/CBMiswFBVV95cUxQMXFNczFRNE94endDaWU0T3dXS0hHWnV1blhxdXZseS12TnJWdy12NEJyOXlfbUFaVFdzX1lzQllJWW1JV2NGc2xVYURFN2R3WHlDX0N2T3JaeklvaDNBUTg2OVRFYTZQTFY5VFR1Vks3bGk4cnB3NVNuRWZyZzNLWHlSUmY0NFBYcEdmSnItckRteENmVVJKX0tfWmwzeVBqbDMta2FUTWZlb0cwbTduVzM5NA?oc=5
MRK,2022-01-18,The top 10 biopharma M&A deals in 2021,fiercepharma.com,https://news.google.com/rss/articles/CBMigAFBVV95cUxQbGJyVEZ2aTlfS1pEbDM0bEdRamk2UFVDSHI4N2lyTGNsSzBfcG5rMkl4aGhWMVdtOEJ1Tm1fNnpOMmp6bm5OZzJUVnBaSGg3dHMxMzByZzlTZmFBcVFLNVlleHFUT0Q1YldyM2EzT0NiS0NJSGNqekVPbHhQQVBldg?oc=5
MRK,2022-01-24,Merck drug for chronic cough rejected by FDA,BioPharma Dive,https://news.google.com/rss/articles/CBMikgFBVV95cUxOY0tmWlZRaUZjSHcyVk03RVVXNVhIRS1FbmNWSDNtajVDVElyNkZleE1LRFlhRjZtSnlJdTMtQ24ydlZRcFlpeDhNLWN1bXZTZ3lpbzlrZGxZRkFPUVNQblh6MExLNlZqZEhZYnlLV3dVQnk2WUEydkxvN2dNRGlidGZqcWtaS0RiekE5Vmw0S255UQ?oc=5
MRK,2022-01-28,Vaccine Apartheid: Straight from the Measles Playbook,In These Times,https://news.google.com/rss/articles/CBMi0AFBVV95cUxNa3VlM3VnTnZtbzE0RUtGRU5tc2RsR3RXUEo0enJ0RFFZNlRWa09JQXFsdHpHQzRzZ0FaY1BnX2FucVNROTQ1UzEzc2J0QTBHOHhuY2M2UjBMUFNOLVVQRWJCSndsNWx1VHpPQVlKY2R1cHpwQ1YtNW41c3RKZDNNb2hfdzk4RFVRdG1Xc042Zzlfb1EwX2l1SF8xU0VreUJiTnM2S2IzaVJKdERNTFJpQng1NUlZWGNYWVFDUXNneDRKVHk4aDVQcXhVZzFDaUdQ?oc=5
MRK,2022-02-14,10 Health Care Stocks Warren Buffett Owns That Offer Safety and Dependable Dividends,24/7 Wall St.,https://news.google.com/rss/articles/CBMixwFBVV95cUxNdVZlQTNxT2hZOVBEZlUzWElmblRoOVlDNUNEN1lVTkZhbnk2QVdPTlUweDhBblBIV2lKM0lGUTd6M19YUzZjSjVhLXdOQ3RKNktWeGNCY1VqZWl0LS1BbEJYeEFlbmVhUzExVjR3UEhuYWN5c00ybFZuaEVETmx1eDZUdk5IUWNrTHFOZnU1R3JoRFFSa01Ydkg0YzNnSlJLX3ZsVTRZQXVPa1E4RUZveXB3NDNnUDNCbXpYYnYzTkNvNFl0RGFF?oc=5
MRK,2022-02-16,"After a year as Merck KGaA healthcare CEO, Guenter reflects on I-O bispecific flop, spots new multiple sclerosis strategy",fiercebiotech.com,https://news.google.com/rss/articles/CBMiwwFBVV95cUxNVDVJRU1pcVltVUFzMHd3SzJGbGNRZ2NiUHlOVllWVnNRN2lHNXhDY2F4VFJQM0NITElRNDl3T2VuSG9QY3I3ZEpBSWQ0Mm9OMXJWSzhrTVppZndQV0piU1hxazl5MFZYWkVoc1hDY3RMWnM2NDh3YXZMaHdVQmpiWVA1bko2TDYtVFZjU084eTdOUWROQlE5cGJDRmp4dDlVeTFqbTVKUkNrWUVfODdTaUl0ZWpTZDRsNnNrWkFXRWxTWWc?oc=5
MRK,2022-02-17,eTheRNA inks mRNA partnership with Merck KGaA,BioProcess International,https://news.google.com/rss/articles/CBMikgFBVV95cUxOSUtEMS04b29wanU2ZU44S3hfc3p5TjJoam4yUHplOUx2SlduazZVYVBmZTV3QkdvS00tWU9lMFVpX0RaZktJM0tsT2lUREJDUjdrWGlpbWJHQ2tfQTU1blAzNTMwNHMxYWRVTkI2UW15Y1Z6RWxkdVZyZFlJcUphVy1jcE55azhSNkN0X19YemNmZw?oc=5
MRK,2022-02-24,"Merck cuts ties to Moderna's early-phase KRAS vaccine, leaving mRNA specialist to mull next steps",fiercebiotech.com,https://news.google.com/rss/articles/CBMixgFBVV95cUxQcHZnNUtQMUk0dHp4YkNiOE1UOU44XzRLb09WaDNIN0FzdUhCNkpsVWsxVmFVVXlqUWxJZDNwdWJmTm5NYjVvYzRjbWtnWmUySkw2VndWV1BaNW5qcmhoNS1MVFk1LW9RMmN5dWQxWlVMR0FzdkRPeU9rVUpKa213S215S2tvWkxFeWZxWHIyMDVkWXhuNGNRMWpRdy1pRlBsZ2JaN1lZRUx0cVFOT3hGUDlhTUo1RzVHVXM5LWNIa0lrbDI4R1E?oc=5
MRK,2022-03-06,Codexis Stock: A Risky Play on Enzymes,Nanalyze,https://news.google.com/rss/articles/CBMiZkFVX3lxTE1OZnBMNjRKMWFpaEFrWjYwbmZXVUFldTBfMnZXWEpDWnktMnNvbTNINjJyZU5zU1c4ajA5Zm93cGk4UlBlemVFOEdQcmdBM2dZbWF1RGZ4Wm0tR1ZyRW5Lc1pvT2lYQQ?oc=5
MRK,2022-03-10,Moderna CEO’s pay jumps 41% to $18.2M as COVID vaccine giant expands globally,fiercepharma.com,https://news.google.com/rss/articles/CBMiugFBVV95cUxNZ05DNEo0dF9CZVFCX1JXWWl5LWVzTVctMzNuWVpMd3lNV2t0UUZjd0Z0bG9WMWdqdEt4a2o5MjBWb2M4b0ZnZmtpOGJRV0xqTUJTaUdBNFdMZm0wZXRMQ3cxSlNFbnB3MVNidExkV1BXb2NMYXF4WXl6NEhMVnFvMjQyc2xNcW1VWk9LaE15R2laNFFqYktWMTI4TG8yc0hZenQzTXphYl85dW1rX3d3UXBjVEprbTR3T2c?oc=5
MRK,2022-03-15,Merck: Could its COVID-19 Pill be a Game Changer?,TipRanks,https://news.google.com/rss/articles/CBMijgFBVV95cUxNbnNuU1B4VXdpSml1LUNTYVRtTTB3VlA4Ri1HSFNtQzVTR0JuRG1HYk9XamJqQlRFcGlwRGRVcEo1NVdhZGpLSk02NkFfYTNhZlZqYTg5bDIwMFRrMkVpTDhrcm9ZUEJJVE9HNFE5aUp1Rkhuam42SWFoT1N4RkhtWGNkWU0yY18tV3FGUFV3?oc=5
MRK,2022-03-25,These Are the Stocks Warren Buffett Bought and Sold in 2021,Yahoo Finance,https://news.google.com/rss/articles/CBMihgFBVV95cUxOVUIyS0xET2NtNGpIU2dlTVZPcWNNRTRUT19rZURwT2thc2pXYkhrRHJ5SlNFXzhHcVN3bzB6OVprLVR1RTVabXRwODNDZTd6SWIxOU5JdnVMM0E4dWZDY2N0NU1OOVJuV1FBQ1owMTQ4LXZ3V2dKNm84d19NdmhsQ3R3SF84QQ?oc=5
MRK,2022-04-13,2 Unbelievable Clues That Biotech Revenue May Soon Rival Big Pharma,The Motley Fool,https://news.google.com/rss/articles/CBMikgFBVV95cUxPdjlnWnVPRGVwaVgtM2Fyd3ZkWDd3ck0tdmtBRlc3UVRRd1BnSXFCMWVpSDd1TEFBVXBsRlR2REsxT0Q0Mzkxbi1NMm5nUGRZODU1Vjk0alUwZWRIR0t3ZG1MeWM5N0s5SHdnd2tZNlYwQWJGZEFocXRTWTl4QmpySUdhYVQzWjhSUDZGbGVsMVpHdw?oc=5
MRK,2022-04-13,Investors flee COVID pill drugmaker on report tying treatment to birth defects,Fortune,https://news.google.com/rss/articles/CBMitwFBVV95cUxNdmNIY2d6NzU5OGkzQkNqTVFHbUdFdDNJRXFJQjdJT0ZKcVVnRTdoWktRTWNYWVlxX1V5eko0N0ZiOW0ya1RfSm56TkJfTW1YTEVBVzBfaVYtNHhDTzZrVXRvRkFmeEtGY2xXanpvbV9rN3dUdVh3VFlmd3E1a0gzY2lVa01VdTVyOG5Lb0tFNlROYXM4NnBDU2dqa0ItTkRSclo2Z0k4Y0FLWklSVUw3bEtfbFNNZGM?oc=5
MRK,2022-04-21,The Role and Recruitment of the Chief Patient Officer,Pharmaceutical Executive,https://news.google.com/rss/articles/CBMijAFBVV95cUxORXpENzMzMEJSVGRYRDV4Yng4OG40WEprNkdoWXFkTDU0bE4yY0VqYjZ5UUhlYVE0bnozY01udXpHWDdBYXMwazQzcDJDUWZobVNKZXRHTXNOWGNXbmVUMzNUTTFKZ05jNFc4WVRvUnYzSndZaGg1TV9kTEotYmVJbUZvQlBrNUxDWG9BSg?oc=5
MRK,2022-04-25,Where Will Vertex Pharmaceuticals Be in 5 Years?,The Motley Fool,https://news.google.com/rss/articles/CBMilAFBVV95cUxPdWhEdVV4Q01CWVJrSUkyMXd3cnBZUm1sd01ETlZlbmJkVjlVUEwzRktfVVoxSkV5Vm9FWGhSY3AwYnRMeWdYNkRZbm5SUkdUWlBlNW10Q2lUTGp2VGNZeF9QSnM5NlpGTWpTQkNvTE03MEVQZWNDclFfbU9EelMxRWZOT2xDN3FOcXpJdUtqNHBVenYy?oc=5
MRK,2022-04-26,Bear Market Looms As ‘Relentless Selling’ Batters Stocks—Not Even Lower Inflation Can Help Now,Forbes,https://news.google.com/rss/articles/CBMi5AFBVV95cUxPVF9ySGE5dm5PSFFfbGg2bXZPRWlabUpwZGpzZmpwZVJuZWhObmhJa1NNenVxUWhwRjd6dTRuanZUZlJER2tFQlRaWkQ0RVo4NnVDTUtFS2o3cmF2dzExZHRMUkM4VDNjXzVCYnRrTFdHeUlyUERkMHJxTVFjS0YyZEVDdnN5WEVtOGY5by1FSkQtcGo1MUc2dlZIWDZBZ29DSHBUYW5BWkpQbW53RHZWZ3NOM0dHcW5mVHJ3UFFyWmJ4R0pyaEVXejlMejMwWGJ4cEd1bUV1b0g1b2pzRTZ0UTNiTHk?oc=5
MRK,2022-04-28,"The Pandemic’s Impact on Merck Is Lessening, CFO Says",Barron's,https://news.google.com/rss/articles/CBMieEFVX3lxTE90SnRKREczRDc5VWNoQXZtNWgwc3NmeEVTNkhldkRFWkV2cURRTFFTa0k3SVlOWGgtd2liOXJCYk1JTEM3aDVpbllsVEZxZGU5aFotdzRPYk0wcjRGUm9KSHZTTzF4Mjd5bXpKakV0dkwwMWF6MG00aw?oc=5
MRK,2022-05-09,The Bear Market Is Here: 7 Safe ‘Strong Buy’ Dividend Blue Chips That Will Survive,24/7 Wall St.,https://news.google.com/rss/articles/CBMiwAFBVV95cUxQbkRLZWY1VFYxa3JZQ2VJRW1GSVhpaGZiSHd6X2k1R0JpMXMwV0hlMjB1LWxrdk5ibElaTERHcEl6eUxqQzZnV0paOUVvMGpnTm85S0p4dTFRcUdSSGhUQ0ZIRjZCb0pDY0g0UmpxenhOV2FSb2xacU5FaXI1VXdNWkpqMU53ZHVTWFJBcktZWjhjLXVreTI1cmRmTGRjQzNFcWN4T25hajdaUjQyODAwM3pTZmhxVVZiNmV6VE9kajI?oc=5
MRK,2022-05-10,"Nasdaq drops 3%, Dow loses 300 points following hot inflation report",CNBC,https://news.google.com/rss/articles/CBMiggFBVV95cUxOTHJ4U0x3N2VDUXFOUW0yWUVaLUF6Qk1leHczdXZPczJpcnR1eEh0UWpJX2plcWxyQmFDLUdNZ3ZGSjhPX2ZEVFBKZExRT0hEU0drT1JVWmgtb1AxXzZfU3NIVDlSamQ5cEJDVU56ZHg4TEg5dlVtc0FrZTAyX05rRlJ30gGHAUFVX3lxTE1OTzByUTIyMzlMMUFzRmlpMTYtMXNDdmVlRTBuS2hrSXJnSF8ybzhUUUstTWxkUHRnWVdMQ1BVbE9uR212ajBReDZTa2o2N0w2Ui1MellGNldNQnNmT2xWbEVqNjAwVzgxLUwzR1U2ZGNYZ3BmMm1pNEJ4bEpEZkJrYTBDUThIVQ?oc=5
MRK,2022-05-13,"GSK, iTeos take stock after Roche's TIGIT setback",pharmaphorum,https://news.google.com/rss/articles/CBMigwFBVV95cUxOLWJ4SS1XaFRPcEdQYWdTamE3cGpwaHh4X3RtTW4xd3dZMFJvN1NoTldhS3pnalhBSElnSzZmNlp2RVRnN3lSSWpiZXR6ZklNdHlwMC1icHdpeGdqNWdwSjQxV0lrVW1fblpyMVBTUVk4NmtoN1dpVWhCNkZBM253d1dGRQ?oc=5
MRK,2022-05-17,Medicaid director owned stock in companies she awarded huge contracts,Ohio Capital Journal,https://news.google.com/rss/articles/CBMisgFBVV95cUxPbHFEc0g5QWlKWjVhT2I4NTlNT25CYW9GYlhjRkVZdDgtMDlsZmpwLXdjaGNYWUVZZV9TZzY3N3lsdmI2VWRHMERYV3Rla0RaS1pGYTE0WVFkU3NyZWVzdnAzaExBcU9NVENtY3Byd0JVazFzQVhfVFplWTM1SDYyRTJqN2w4UUZSQVB6X1VGZDlPbTNUYXNhUmpPN21Cb0Zld0RHVmZkRVN2eU10amVjMmpR?oc=5
MRK,2022-05-17,"Buffett's Berkshire backs out of AbbVie, Bristol Myers Squibb holdings",fiercepharma.com,https://news.google.com/rss/articles/CBMilAFBVV95cUxQeUNlN21COFpDSDMtSkkzYkxCbHdwTHY2bjBsWUhkQjhUWks3Z3ktMm9PZXRRN0pOck5Hc3BrT3BybzYwRlBhZDhReU02VUptR3QxS3doU0lmN3VUdTZyNXJzc3k2U1g0V05QRkFoRHpPQUhodngzZDhpZlJTZV96VmFseVZJMzhSMUZyejhSVE5ZRnFP?oc=5
MRK,2022-05-26,Why Did Warren Buffett Just Sell 1 of His Best Stocks of 2022?,The Motley Fool,https://news.google.com/rss/articles/CBMimAFBVV95cUxOMmRGVlpUVGw3NzFla29hRVBoYk1qbVFLWEFTQlY2VEl5YU1WWXYxZXRDZVN4dEFzdDBEUUZwdmlHcFBQZjQ0d0htdU9kZm52aXlER1AwS0tMVVJjRXY0WDE3bVgxc2NfbU16M2l5V3pOb0Vtbmt5clZjRUswd2dhUzFaVWJReFNxTTJRS3BoaUF3R3Y2Si0yWg?oc=5
MRK,2022-06-03,What Was Kathleen Peterson's Net Worth at the Time of Her Death?,The Cinemaholic,https://news.google.com/rss/articles/CBMiiAFBVV95cUxPS3dpazBnZDhFMzFocnkzNzVVOThpekRacGxaaXRmczBDaFNRWklQQ2oxLU5BOWJlUm9zQUtRdUNIWFM2MXcwRnAtSy1sVzNSanpxZW5iazZfY2toRlZnNHVkSm53Y3FMT1VmS0pUUFFmN2tUSGx1RHdHSHpGWFByZjJneGZXdTdl?oc=5
MRK,2022-06-14,Sriya Reddy shares BTS moments from sets of 'Suzhal- The Vortex',lokmattimes.com,https://news.google.com/rss/articles/CBMipwFBVV95cUxOd1o0c2JIbGgyWEhSQ2pQQ0tJVUZtbzlwd29JSXdsazRuWVhUaUwzWEU2bmJLME5rRTZsblJ4VEJVVjg1c0NzOHdFYlRRTzBhX1pjVXVtNmhCUG5KbTdSM1BXSGQyRVlhUHFUczg2ek5aMDVrWE8zRkZQQlNxV0xFaHduQi1oUm9HSDNpM3kzVzQ2aTFkZGY3cWtBREVtQnZQcXJiaG9lQQ?oc=5
MRK,2022-06-14,Merck Mercuriadis says hit songs are in an asset class all their own,marketplace.org,https://news.google.com/rss/articles/CBMiswFBVV95cUxPbi1mZ0RmclhobWtnS3dWcDgxclFYdGhfeDdDV3RNREQxcXpmYUZxOFNPOUFMVHNOOFEtUHZQTFhINGpLQi1OQ1Axa01pSWJ2NEdaMU94RWt0QUxzUE55U1dsY0ZUazhGemt1WVRYZ0FBMkJkMER2Zzh3VEJ5VTFIODJJeDNIS0dVQTh1NjJEZEFQSkJaSzhXcG1mOUVQemRlVWhVN0N5RlhWUXY4ckd4LTlQOA?oc=5
MRK,2022-06-17,Top 10 Mega-Cap Stocks Last 12 Months – @ycharts,The Acquirer's Multiple,https://news.google.com/rss/articles/CBMijAFBVV95cUxOem5Bby13bDRkMjVVaXdyQjZwTGNOZU1pWVB4XzdNOE5vNHNlZGo4dEdPVWhnZ1Exa3FOejRYeFJzY2JDb0kwcXlLRllQdHFKRnVHdVFVV0VINmJSdHhncFNpLTRxMk5URjNGNW40UzNWc0YtSTJzek1GSG5idXlrZllmTm11X3R2dU5JQw?oc=5
MRK,2022-06-21,"BMS, Pfizer and Merck face steep patent cliffs but all have the financial flexibility for M&A: Moody's",fiercepharma.com,https://news.google.com/rss/articles/CBMivwFBVV95cUxPaG9HZTFxS3Q1RDdqSkpEMW9OY3lvQnVEdEFOQ2JfWWg4VTM1UVV2eDA0VHVRXzUtaTFON09VVTlGelZTR21qSUVRRzdvZS1NQVVJemNoMGU3a3hHLUZjOGt5QTNESWN0QXVRMnhqZXZDMzZOS2g3NWprekNFOEk2X0F2bDBoVnlyUk81VXRuZkdNeUx2MmRBV2pEOFpnMlg4dVVaNVhwZHZwV3ZtOXlPS202Qms5a1BUV1Q2TUt6VQ?oc=5
MRK,2022-06-23,Merck's (MRK) Pneumococcal Vaccine Gets FDA Nod for Kids,Yahoo Finance,https://news.google.com/rss/articles/CBMiigFBVV95cUxOekppM3Z3MEhjb1Y3Q2d1ajhDdnp6TFdGOXlFTEF6eDFmUGpLU3FiZE5BZ0lNZi1yT0JhSDM3R0E5Vk1oZnVXcGVsUjFWODhPdFRxNHpmWTJfN1FIUFhULXBtajktay1PaVE2YnYyazExQzRIMnBrdTZpelVnQUpWVWo5ZHJseFp2UFE?oc=5
MRK,2022-06-27,The 15 highest paid pharma CEOs of 2021,fiercepharma.com,https://news.google.com/rss/articles/CBMihwFBVV95cUxNY1NXU0tZOElxRWJ3dlRlajlpWGdOUGpVT3FnNGdYRUNFT29KZUxBbFNPTkIyVUVZZWxtS1JyX2FIcmhvdURwMDA5d3pQZ1RNN3dFTTc3SXVLakZnMEtrZ2NlemNidi1IRm1wVE9EbVgwOElVbmxIdHhRN1BHR3lhMXprUldDUGM?oc=5
MRK,2022-06-29,Trade to Order Volume Ratios,SEC.gov,https://news.google.com/rss/articles/CBMilAFBVV95cUxNekgwclA0Q3NoZkdGR0NTdW9aay01QktkV0Y5TUJKNFFCZGU1bENFSTRqdF9YbzJFZnZjM3dKM2VKU25ubHlnMFhOQUcybFZzYnBoTkk5T2l6eTFScVFGS1dEU3U5RVJObmdZTUVBcHRKUjc4SXhGX1lBT2FaaE95N1B2TEx5U3VCenFWWnQ5ZmpVVzJk?oc=5
MRK,2022-07-07,Exclusive | Merck Is in Advanced Talks to Buy Seagen for Roughly $40 Billion or More,WSJ,https://news.google.com/rss/articles/CBMijwFBVV95cUxPTS1kSzd0Q2hjMDBfX0o0eDRmRXVIZFBpQkYzQXRiZXN2TXBGUy1fWEtURHRJbWxKdkNPM1FEYXczMDdhSHpjYkZPQTBkZjV0WFVXdW1Cak94UUFpLU1iQ3otazFfUkY5RVE2ajdJZTdBM1ptUnV0TjFJbzJjQ2JKTXl5bkZWQ1hTLUU2c2hnbw?oc=5
MRK,2022-07-07,Merck said to near $40B deal to buy Seagen. But will FTC rain on their parade?,fiercepharma.com,https://news.google.com/rss/articles/CBMinwFBVV95cUxPNW5GU0Vod3I1TWhmUE5ONV9PMURTZzdSUlRoUllocHoyeVpFOGJidldKaWxvMDM5LXVLaHZnbWlBWEtVR1hvQTRhZmh4TUlFT3gwMzRvQXo4TW5uSFFWQ0dZbzF5ZGZXR3pQckMxcXdaVkJiUGNiaWczTUZWejFVczdjZzc1OER5TEZTbkgtdWtBWUlIVjduT1JqRGdNWGc?oc=5
MRK,2022-07-09,"Shell, Merck, Twitter: Stocks That Defined the Week",WSJ,https://news.google.com/rss/articles/CBMimwFBVV95cUxOejZfSERjR2tOazVSM1NJUllzbnFidllCNDlnMUlkbzE1eDdZY2JtOXF1S2ZFdUE1b3V3dFNQVW5zZWdqZ3ZPaGdyX25uUFZOei1mZVozcnBOREx4SzZkaGpyVGNFNUZvcmVpSExVN3RQOW9fZUZETEtoUlFrejVLTVFCbWhrajFMT21VQUJPSC1uYUtQaW5UT3BiSQ?oc=5
MRK,2022-07-18,"Drug deals, launches in focus as pharma earnings begin",BioPharma Dive,https://news.google.com/rss/articles/CBMiogFBVV95cUxOUlVDblJYQl9mZHllaE9jZzJ5MnQyWU9reFFUS1lUM3kwVlJvMDJCYzNYWldKbEpHNjlfWGZWUU5sZUpjd1RPVE1FTUR5TUxkZThnNEF1bS1PdlZCYktZUDlSSV9KM3JwQjR6VmotUnZLNW5CY3F2LUNMMV9kMXp0LWVpbUk0c0VIckFUUEx2bXFkS3FwSGd6LWpCaGt1aDc1RWc?oc=5
MRK,2022-07-24,Sales of COVID-19 antiviral pill Paxlovid to leap frog Merck’s competitor Molnupiravir,Airfinity,https://news.google.com/rss/articles/CBMiqwFBVV95cUxOT0dZQ1NJRkcwNEFxWnJCWUp1X2R0QUZhNGE4NWhBUnRneUwtZEVxa1ozYVphb3dxRGJnc0lQSUU5aXVBWERKRFFHU21Wb0JiUmZOVHVDZUJBOVhUTHhpOWZzWVd0TFVxbjctX3RiNmVKMkJXWkZKX3REb1dmcnhjNVl5Q0doWDBFZG9kZTdxNHdPakp4VmNIZUIyZjJ6MHVwOUZTckluMnllb1U?oc=5
MRK,2022-07-26,Prosecutors say FBI trainee stole tips from lawyer-girlfriend to trade on Merck deal,Reuters,https://news.google.com/rss/articles/CBMixAFBVV95cUxQZHZJUDU3Z3pXaF9lQ2ZRVWlVZHJXdFNzU1NsZE1COWFDOEJWcjZPdEtvUHUyZ3FtZkJhcURTV3NISnJ1Q0M3VTFGTzIwTjRobGlqX1UxTlU1N1hnNVlMcThWNWNpM0toNzktVl93WTZrcDhRMmtheTBmcURrSWZqeDYwLWxqSkJmVVFKMkFYeC1hWVk0UjMxMWpwbV9SUDhISGFLNmpzTkxXZWpnVDl0Wk9xQzU4ajRYQXJrdDBEYnREXzBz?oc=5
MRK,2022-07-26,"Earnings Previews: Comcast, Merck, Southwest Airlines, Tilray, Valero Energy",24/7 Wall St.,https://news.google.com/rss/articles/CBMitgFBVV95cUxNOTVmY1BHU0U5SjR5UERhUXVDNFU5YVF2MUNnU25UZk5rNkJLUkdSUi00OTgtU0NlZkRYV2M3QTFQamtUWVlqdzJQdzVZajk3aUVtN3d5US13LW81SXRDYUFDU1RMbWpwLUhGa1JYZzFzcG1HQVRlZWJIX0Z1Sk1KRkszbHdpMGVfSVZfOEhIVWZ6U3dHdVhUbVp3V1otVFJORVJ3UkFZQV93dEYzSmNVYkNfc1BFZw?oc=5
MRK,2022-07-31,"Inside the lavish life and abrupt fall of Clay Siegall, the state's best-paid CEO",The Seattle Times,https://news.google.com/rss/articles/CBMiygFBVV95cUxPMTlMc2s5X0VLSGlPMDB0SjVIQ0UxU3B0SDVuNVZaejlxUjVUYkM4MnRCcVpYZGQ5Q01oTUh2SG5pX3pnYldpTlluOC1PZEo0VVBBNTJLYWFnellCNExZS19VNGIwLXhWSXpmOVBldG0wUmhMYkx6MFRVVFZKM2x4dW43YlJFN1VhUUdRcjM4UTkwcnRQV29iWU5CaEltakx5bmlTZ0NydmNVamwtRV8yTDUzM1ZFMUtRc1BnNnBfRnN0Z3NRS0trSURB?oc=5
MRK,2022-08-08,"Merck (NYSE:MRK) Stock Valuation, Peer Comparison & Price Targets",Simply Wall Street,https://news.google.com/rss/articles/CBMihwFBVV95cUxQZXA5cHNFQTctMVA2NEJ4WXNCSVVoQU9NSl8zbkVVNlZBejdFdm5KeUdqblB4b0ZOQTBaN3lqNTlFZVVLeHBLVmJkUzc5NlNBX1RyYjVrUlZvNkJJRDdFbklUR1BEQWpCMXlIYW9SMERCMjRTOExqNHduRWt2SzF5ckFUQUlZU0k?oc=5
MRK,2022-08-15,"With Pfizer, AZ and Merck leading the way, Big Pharma weathered the economic storm in Q2",fiercepharma.com,https://news.google.com/rss/articles/CBMitgFBVV95cUxPaVlXaV8wWEtNSXYyQWR1RnE4VmI0aXV4Z2JmU1VMekVRM2Qtb25Mdi1KcVBuOFdsWlVkRHV5WXZ0c1N5SjNmR29IRXNHMXZpTm9wSWJsazJ4djg4ZkpzajRoNGNrRV9xS2lWMi13YS1rSkNxRjVXYkhQcmpQZXpkZ0QxbE5OdW90M3h2TW5Nb0M0dWtXZWFhZmwwZjg5X193d2h0OFhQbHUxZjNXdTkxM2Z2WEg4Zw?oc=5
MRK,2022-08-21,The Rise and Fall of Novavax,The Motley Fool,https://news.google.com/rss/articles/CBMie0FVX3lxTFB3ZzN2SmxSOExKSDdfOENXZl9GcTJzVGhBM1IzV0dndkU1OFhiVDFaa2hoUFJ1emVNMGNwdVBlQVFPU1FIWUNqVzJYY0M1MXVQa3hjRklVeEt2TXRCZGhrdl9lakxicU05TW9iOWRmX3pFMUlBWGpELUxkOA?oc=5
MRK,2022-09-01,"China Expands HPV Vaccines Age, but Supply Concerns Remain",Sixth Tone,https://news.google.com/rss/articles/CBMiT0FVX3lxTE5jd2ktc2hXVEpiMC03NXZyckhuX1h1WEU5VEp6VjhSQ1VNSTQyUjZqenJaLTFsMENIQzVtaFlpc0JjT0tMemRUMjNKSWVyUmc?oc=5
MRK,2022-09-13,These 97 Members of Congress Reported Trades in Companies Influenced by Their Committees (Published 2022),The New York Times,https://news.google.com/rss/articles/CBMioAFBVV95cUxNdXNCcGRxX1JzLW1oVy1sRWREM0VISGZPSWVEUVdpWVBBbk0wNlk4LUpueUdTd0oyUWp1Z3gwQ0dfUk54UE5MZWFCX2ZQS01PbkpPNUtVS05SZzFjanlmeUxFTF9WWnRnakY5UEdhUkd4bEt3bDF6X29XMi1kRjRDdE5ER25zNThvZFRnRVlIWml2d21hVlM1aU5ndVJVQ2d5?oc=5
MRK,2022-09-20,Best Pharmaceutical ETFs,Investopedia,https://news.google.com/rss/articles/CBMidkFVX3lxTE9mRkxYWXZLRFFYLVlIeFdhQ0pXdVYyOVJmT0VxbUJyLW5nTnNlN1pWUVh4ZWZmd210NlMxd0RvQi10MDQ1OEFMcFNMMnZGQVVvRGRCckpIYXpkZWtjNGZ5X2l3eXpOUDdxZFFVSW40UUpjcVJpVWc?oc=5
MRK,2022-09-23,Merck Animal Health acquires Vence,DVM 360,https://news.google.com/rss/articles/CBMib0FVX3lxTFBubTBHZjJVQnE2Y2preTlTb1ozQi1MNGFFRzh3WEoyRHY3REd0Z3l3dnp0UzlMdTczYmh6T1hyWGRlZ1V4bllVMjdhSjJBZnhPZFVONFNLMk9va09XU0d0WGYtQ3RSN0xFQ2VIRTNOTQ?oc=5
MRK,2022-09-26,"Novo Nordisk, Gilead, BMS and AstraZeneca will feel the most pain from Biden's pricing bill: analysts",fiercepharma.com,https://news.google.com/rss/articles/CBMivgFBVV95cUxQODM3cm12MGtTUlNkLXEtc2V4cG5QYkxwUXhwZVVfWlhTRjlTWXMxdGN2V0hWLUV1dzItRW11a0dzbWhxbHQ2bTRLd3p4TjJhbUNORkpURkRlWEVyU3ZkTEF2bXlDcFd1aDRqcmcwWkZFdXBhenRTX3ZMV2l3OEtOXzNXUXNYQTF5WGlKWFlOX2ZvNS1ua2hfTUM3M0s1NkQzdl9HdDJvUHpXemZ4TVZ4bXdIdk5wekhqNjJwMXRR?oc=5
MRK,2022-09-28,Diabetes program offers free education aimed to improve early diagnoses,DVM 360,https://news.google.com/rss/articles/CBMioAFBVV95cUxNaGVPS0g5M09XY0xlT1dtRzEzNmNMZmxoMmNBeWN2eGpQbFRlemlPYThMelN6ZGFleEMyNEhib19KM254MEx3alhxb3hQTDZnWFRXYkVpbFU1dTNhaE1UWXhmenFvajVlY0VJNmlsVjVWa21CSmxWc05maE14cmdFbmhFelJITVdpR180ZVRoRWNoVkE2TG55M3BEQmZBMHhn?oc=5
MRK,2022-10-12,"Stocks making the biggest moves midday: Moderna, Pepsi, Lyft and more",CNBC,https://news.google.com/rss/articles/CBMipgFBVV95cUxPcWttS2JnYVJDS2htMl81c0dTX0RyVjdKM2drcGo1d1VjVUR0endMZjJVVzVPZmhQRVpHd3NsVlh5X0VDMWh3OFFtMFdrTWdiam1lcWN0NlRkUzhwdWtfV1g4Ym5qcXIwNHFhRWgxY1pHcUR1QWgyVjFHcnJOc3BEQTdqSklranZwTU51c2ZsUGRIY2FvenhsVWtoNEkyT042T2JEVDVR0gGrAUFVX3lxTE9LLXdwbHVSWHhtcEl6dnR3X29MOXZnWkJtb0ExUUhaWks2Y2lNdlNsOUlvOFRJWG5wcXV1bnAxUi1UajhnV0dhbzJGd2UxbzhDd2hiSHFCek1KcC1qNHVlYjdUMGtkU1A0d05JTk5FUHhyNDc1MXNlb0RPdWtyVDlMckRjb1Vxb2lFN1FmY2tTOHkxcTB4aldraW51NWtqQk13T2dxcnlScWllWQ?oc=5
MRK,2022-10-12,Moderna and Merck Will Jointly Develop a Cancer Vaccine for High-Risk Melanoma Patients,NBC Los Angeles,https://news.google.com/rss/articles/CBMi6AFBVV95cUxPRHJWZ0xCUUk5N0VER1V2cXY2enQ0NFgzdWx2UkYyczV6VjZ2RExOczdCaHNpX0hXeGZZUnFmVnFGQnhLWVVvb2FFMEJLM09HZjdETVFISkMwczRUNXdPYXUweWh4X2VWa2hZTEt2MDlsWjZYdXNjOFRIUzNqWkptdzcyOXJVekpQWGxISVZ3YnlsZ01XSmlTTm5LYWJEZ0k0VThmX3pwaWthRzB2d3hBejNMQkt6UXRPQk11VjlpLUN3T2trQ1JVa2hXNlBhYjkyT2cydkRpMTNKYjhYOFd6a2JyWkIwSnRF0gHwAUFVX3lxTE1RbjhBY3p3YTBhMkZBNXVaTkVSMXAxcDU5UW1KdW1tbER1VzhfQVpzcGZ0enV4RlQxU2tnYjItRV9sQ3FDb3JXdnJUREh4M0thQnBGaDhicDI5S1JLYTVuMDU1SWZJLTNZTkhVLU5zV3dzbDFSdW1qUi1SV1BvM05XU2hEUlhjamNqeGF6eTZVOHQ0cjJWaEhVUzVtd2o2Sy1YTWhWQnJfZXR4d1RFcXlTbUhmUW1wUzhTckYtdFByUEE1eFZPSTJRamZ0TnRqdHV2ZkFScjk3NG14U1FyVGptMW9mV2txdVFYdWJoanNJTQ?oc=5
MRK,2022-10-12,Moderna to develop a personalized cancer vaccine with Merck,CNBC,https://news.google.com/rss/articles/CBMipAFBVV95cUxPUU56VDFSTHAtakJ3MEpiemhYUmdNM0pjbklBaU82Q0NxeFUyQko3Wnc1N05VMlI1cDZSVGNWRko3cDctSV9Ob3RsSzRTTWVDal9ORmc1ekFNV0JBaWRDcFgzdkpxX1VqRVo0QUVYNTFmOUZYdFZVX1BQZURxbXFoMkx2NTl4Z1BRUGFmV3BScnBBZWg3Wm5lLXJjQm13dnFjNjUzYw?oc=5
MRK,2022-10-17,NGM shares plunge as Merck-partnered eye drug fails Phase 2 test,BioPharma Dive,https://news.google.com/rss/articles/CBMijgFBVV95cUxNSFJyMkN3Tk1GLUJ3T01XM1JXRVk1a2p5SXZ4ZG9ueDM0UV9QZ2ZKNFZ3WmREd0k0WTl6LVN5MFdwREZrS1laWkJNMUxFejNjc21malJIWTZqUUlVVTlYemJZSndFWkJVWjhZNjMxeTVrUF9aMldmTmNaNUNIUkpNUTduRktOQl94V2txcWVn?oc=5
MRK,2022-10-23,"Merck locates frozen batch of undisclosed Ebola vaccine, will donate for testing in Uganda’s outbreak",Science | AAAS,https://news.google.com/rss/articles/CBMisAFBVV95cUxQY1RHSDd0X3J2RFZqcjhPWU5xMW5fYldoUHMtWk9oeXFyQTNfY0g2RnJDVkJrcHdKMVlMNTloVnk3eDE5eVItTmp0Y0NMSTZuLUMwRXU0TUwtUGFFajV3aThNQ25lUW1nTE0tSUxQc29wVjBsaU5IckF1NUwwS1lSYWpFYWJMYXdxQ0JIdnVlekE3a3BzM0FnblNWaTliTUtSbE5mck5tX25mUHlEVWNMVA?oc=5
MRK,2022-10-24,More ‘science fiction’ in store as Moderna grows up,smh.com.au,https://news.google.com/rss/articles/CBMisgFBVV95cUxPdzZWVVdYYjBSUldiM2djc1ZQZW1GLXFCQlljUG4zRkozanotZ18wemNDMDNDdzQ0ekpQVWI4MGdwTlpjd1l0V2duMndKdDM1WTJyZmRweWl4VFJVVEJwMXdWN3cwSUFEd1FLYVc4Ukh6cGdQVHRlTlc1SVZIOTF6QTA0aVdYdUxvR2xTY0VubURuaUZpb05yeDVUMjV4d0g4SXU1R09Tcy14OFVuQ2s5WlJ3?oc=5
MRK,2022-10-27,Merck Lifts Outlook After Quarterly Sales Rise 14%,WSJ,https://news.google.com/rss/articles/CBMilAFBVV95cUxQWS1ZYUdyN3RMZ2k3aEM5bHllcm04cWU1VFlTLXlvdDhPdGlib29WRUFPTWhwR3NtZHF0cDk4R1JMcUR0Nm04bFc5VnloQUpZdVotaG5iNjEwSVljenNYQ1U0bWhKTktOU29pc1JMckVvekM1TE1yejFSdE1ZalVTTnRicFhVNjZNX192UnNOUGNCaFJX?oc=5
MRK,2022-11-09,"Merck Life Science sets up plant in Patalganga, Navi Mumbai",The Indian Express,https://news.google.com/rss/articles/CBMiswFBVV95cUxPdG42aXBJWlNvRXNpOS1zUTdnYUJORGF2UGxEWlRvZ1QtTnZ5SHYybU9RMW03eklwQlBySklMYW82dkE3RHBuSE5JOUZUeXo4ckgyb1ZqNEwteVRsR2QzRDJLbjRhYmJqdUdVWWUwS1I4WkYxSjlpd2VsV1RkZXdhTURSRHVBOXJxUXFkYV8weXlVX2U4MWNQclNzN0JVcG1JSU5PWWMxMEI0LUF1RUFNQ3R2Z9IBugFBVV95cUxNbld2c3ZnSlFXYjNaaGF1clQzZDFyYXNHMWxITXJoWWx0dkVTSTJvM1M4MUlSTWZFbXdORzlmdmF5Zkt6VlpPeHdkUVZ5NVQ5X0VMV0ZTNmpsclg3UHNXZFpmSXlIX2dBdDR5UVp1NWczWENvNzVnSW9uVkJBS2ZYbkRLUFNWYnNkUmd1LTNUNC11MXBsRFJaZTZ4N0dTUV9nRFZTYnFua2p3YVFva3Y0dTY3ZVRRektNWUE?oc=5
MRK,2022-11-15,Twist Bioscience Shares Fall 20 Percent on Short Seller's Allegations of Fraud,Genome Web,https://news.google.com/rss/articles/CBMisgFBVV95cUxNTl9lUFVmNnhEMW1XNFJzZC1qQ3QzZmJLN2p6Wmo4TUpUd052Y0JqNDVQVXJsdmEzbEh0WjluV2N3WkluTDhiQWpXVHJxLUZ2MjhWUDN1QThkT3BieDhzbVh6RU80WWg0amNMSXVIV1AtQURzWUdNUV9RN0VPTjdjV05UVDFHNzNyVW1pV1FXMHhVa1dhbm1mcElJQUM4amJSbElCd1JVajhTcS04VjROb1VB?oc=5
MRK,2022-11-21,Merck Acquires Imago and its LSD1 Inhibitors in $1.3B Deal (Updated),BioSpace,https://news.google.com/rss/articles/CBMiigFBVV95cUxPUGtUa3VubkxCb0EySnhqS25YZE5wM1Fpa3ljb01IMmJPUWJXV2ZoT3g4UlRKTWFtNk5iVDZPQ3oxWFgwaU9oTzFLd3lhd21SYUdsa0dLMEpFZUxldE9fSkItZGMtWnZOMm5MZEVKNW5ORWNVc29RUHlTS29VSUNQdWNvaTd5LW1yN1E?oc=5
MRK,2022-11-21,Imago BioSciences Stock Surges. It’s Being Bought by Merck.,Barron's,https://news.google.com/rss/articles/CBMijwFBVV95cUxNT1R5ejN5YUg0bFRLUl9IeUJBVWxmUWY4SVVwTkZrVTI4ejVvQ3RNQ281WkhIZ3hfWHBsMnhJN0pobWtXbV9tZ0JySFFiQTFkamx2bm9COE9HVi1TNmQzLXVvRndTMmhaaFJHZjR2RnpYR0NSWnRMZktxSThJQWVXUjJZWTJZTktyNEJMVjNEQQ?oc=5
MRK,2022-11-21,"Merck to Acquire Imago BioSciences, Inc.",Business Wire,https://news.google.com/rss/articles/CBMinAFBVV95cUxQbExlN1BEWElfbmgzMHAyX2VSY0FvdWxPMnN0WVgxOGx2Q1Q1Y0xHajlPME5JT2g4TklrVTM2QTIzX1hnR0M5MFBqSkxLcy1sWGIyS3Z0Mkh2VFVUelF0d1ZPWlBCUHNEaC1DSlpONFE1QS16MnRpZXFCZU1DclhOcnpaTk9wVnY1LUoyNEZVX05FMHhSSUxDaFVQNmY?oc=5
MRK,2022-11-21,Merck to buy blood cancer biotech Imago for $1.35B,BioPharma Dive,https://news.google.com/rss/articles/CBMijwFBVV95cUxNbXR6MDRvOGZ1WWJPdjZ5dWYwNzRIb3A2RUJpalM5TlVtYnh6RllYRklIRmJkNWFSbGROTXAydm5wOVY4R2JsSmVHckVlaXpSTG84TW8wQV85emhyQ0pnXzJUeDB2cHp4bzVINmowNllCTlRXQkpIQ29EcC1DdW1Hb0djTnlpbFU2bWF3OVdBQQ?oc=5
MRK,2022-11-21,"Merck & Co. inks $1.4B blood cancer biotech buyout to muscle in on Bristol Myers, Novartis",fiercebiotech.com,https://news.google.com/rss/articles/CBMiwgFBVV95cUxNU3BXcW53MnZTTUdobmw3QUZWMVc1R05YVkFxSF9hRDlodG9JSG5BYkxZVUdPTUEtZXlJc0xSMERaazBUODJqamZiZTh6VWlzZUNMSEFLNE1Cd202T3lBM3pVZHdEUHg1Y2JsOVpMbnd0OVZpWDZSSXRHcHN4VjJ0MGYyY0tpcVpmZGtJNEdVYmZkc09IVkNwTVhZZXktcE9lNGJ2dUVhOEdPbkxKM1NHdU0tbU5KeGhjeUJHNTJSSmsxUQ?oc=5
MRK,2022-11-24,DeepMatter to quit stock exchange after 16 years,businesscloud.co.uk,https://news.google.com/rss/articles/CBMiigFBVV95cUxPQlVJbndHZXFub3lod1hCY0o2MWVkdExrTV82dkw5UTJHa0piMDdpT2hLTUtHX3NkUTNGV0JGd0RfeklYV3E5NW5KdS1FSE1teXJEVjRfSUlfMU85aXNUd3pEM295Mm52aklLTnptajR3VnhKeWhTenpvQ2RsUHhVbEtMNHNXU0ktbnc?oc=5
MRK,2022-12-08,Technical Pulse: US Market Sector Analysis Which sectors could outperform in 2023?,stocksbnb.com,https://news.google.com/rss/articles/CBMitgFBVV95cUxNWS1vaHpCckd3R3ctNG8yc0lYd1lnT1BkRXQ2S1ZZXzVKTDFDU2o2MHFHdDFaYlRFcEF1OTI4OTVJZnBFcUVsMC1wX0t0S19rLW5UZVQydUtYN0N1dkRpUmgwSlMyQWhZTjJuWXNSRTNfei1nNHpXbVRzenpMSGI4OUxHZ19OT3pTM215dHZRZUxBRlZUaUFIVXhTZGktNnltVl9yUlFJWEVGSjRBTFM2RzRSVzBZZw?oc=5
MRK,2022-12-13,"Merck, Moderna detail potential skin cancer vaccine progress",AP News,https://news.google.com/rss/articles/CBMinwFBVV95cUxOQlk4N2RRUGZCY2x6cnpja1lqTXlfMkFsNnBfWUQ2bGo0UXlFQTVNekUzZmwyYkQ3OHhMNkFQclBjS3c4SmZndXFJQndWNjEtWU1GNXJES3RpclZ1WTBUOXZRbGE1RE9wRU5mMXFRdmc4czQ2NC1EUFVKZXV1RHFSMmV3dlQ5Nk1XV1NyT2xHNnJYRHduM3lXZWZiNHlEanc?oc=5
MRK,2022-12-14,J&J and Merck Ebola vaccines produce lasting antibodies in children and adults,Fox Business,https://news.google.com/rss/articles/CBMiqAFBVV95cUxNX0E3REJISFI1YXkxRS1CeW11RnpGNXFoRlVyUlBfNDM5aFhiTmZ5Smk4TFc5VEtGUjhQN2JLLVhfeV9rYW5SRThjaU5aMTl4NGphak5WdzdabVlGVmZhanZIS3JibHVleDhTbnFQVmJFQ2ZVbGNHX1p6ZEhzOXl4WVpzb3hqQ202R0FDRW1KSkZJWVVjQnVFQ0YxRDVYeGVQSmFERU1fVjPSAa4BQVVfeXFMUExxTkluRWRDQVhwaGd0QktyejdUcDdfd0w1WjRZUlJPOWpwQWYyTjlpaURVVzVPaWFNaExQa0tXZUsxR0lGTzlKX1FEYnhYbkNpdjdDOTg2OW1Hc2loN0VweDB6WWZxcDBQMUZhRmIwV0xwMjl2ZXlIMW94eWJUZnVJRFEyUWw3aVhqa1lwTEZBM0NZYnlZVllVUDNfaDlxaXgwRkNNeUh5bk56dHVR?oc=5
MRK,2022-12-20,"Koil Energy Solutions, Inc. (KLNG) Stock Price, News, Quote & History",Yahoo! Finance Canada,https://news.google.com/rss/articles/CBMiUkFVX3lxTE1lWG1wYzl4MXZmX25ZdGRxdVdaa3Rtd3lSdk9RSlhKTFhBTXFnczJ2anFhZXM1bzFWX3hyM3N5T05KWElOR1R1WTRGTjJ4dXd1Zmc?oc=5
MRK,2022-12-21,"On Insider Trading Charges Former FBI Trainee Markin Has Public Funded Lawyer, Basis Sealed",Inner City Press,https://news.google.com/rss/articles/CBMidEFVX3lxTE1zVmN6bk5fUzVSNTZERzZ2MERVTkhPZUIxbi1HQW9pYl9hdXh5RVdSX1RmVFdOQ05YX3pfOU12bEcwUzJHcDhiOFhpUy1KSTY0ZV9hdXIyT2g3d3ZHQk1kV0tSNTRBTW1fb2J3c2wxMWFPbVR5?oc=5
MRK,2022-12-23,My Research,Bespoke Investment Group,https://news.google.com/rss/articles/CBMivwFBVV95cUxOVUFTeW1lUVpWa2lzX2ZTU0czcWluS3RhdGZNYW9yOUFqeHR3WUZzSzExbWg5WlZlV2hnc2Zva1FObVlsOUZ6Q3kyVXJaNE1veEJIcC1lSU1CRnJDVmhUbmVoUnVQNTNMajVqbFhXUEJuWDVJc1dZV1Y1TzBkd3FXWTVPaTVXcmw4eGNHVHhjcU9FLW5hMmMyM2R1M3dVdUxzZEttRFExRGFUWVlpbjJibnZvT1NIYWxLWXhkSlFiNA?oc=5
MRK,2023-01-03,"Lilly, Merck double down on peptide-targeted drug delivery, betting billions in biobucks on PeptiDream pacts",fiercepharma.com,https://news.google.com/rss/articles/CBMixgFBVV95cUxNelZZSHFYQ0NHSDBwYWJwaW93ZlE3UEdKM0VmcTFPWXJwWU1GVUxWV0ZmbjdKR092SkpONTBia1RINWFmeWNTWnBWNVo0YUEyMTJoWTNuZTRNNWpLSmxndDJsSnBpc0RNbVM0R3dLZVl0VExHMGFKNHRMNGRTQkpoR3JBZFBHMUV6REFRcnVscEpucXp1Rk51SGtKa0tvQnZqREdvQktNcnkwQjVvRXpvUHdiRjdPWC1BeGJwTUFEcFY1dXBCZmc?oc=5
MRK,2023-01-03,15 Charts Explaining an Extreme Year for Investors,Morningstar,https://news.google.com/rss/articles/CBMiigFBVV95cUxPWGQ0RVNXM3B6WDI5MDNmWXJ4ajhUSXoyVTVrOVltenc4WGUtOVgyaEJBY2w1NU53amtlcVc1SXJVUml0eGI1WlNHel85WnJPOVFsMjFOSnAwQkFQQVNHVFJZNWxwT1hjcUVlQXVvNTF6OTRRVDJpbEg2RFNWcC1yM0NPLW44M3V4NHc?oc=5
MRK,2023-01-04,"Bank of America upgrades Merck, says pharma giant will outperform even as macro pressures mount",CNBC,https://news.google.com/rss/articles/CBMiywFBVV95cUxNU1NGTENSM25wMnNmSkpqQTRPaExRYU8waTlUZUlNNUdNSTF0T0FWUllfRFdpc1BXNk0zdWdfeEdzbnFEUk5YWllOSlpKcHlnLXZtaVRuZ2tTVmJxWjNBdUIxZGltb0h4ZlVJWC03V3k2N21HLUxxRDZQR2dzN2pjLWR6SEZWUXJTX3AzVmtISWdQZUhlZER2WnpYeDUtU3laTTZlZnpUbS1iNldsc2pLd1VYLUl4cS1XNlNIcEtwdk9kM3VZV05uamVUSQ?oc=5
MRK,2023-01-04,"Stocks making the biggest moves premarket: General Electric, Salesforce, Alibaba and more",CNBC,https://news.google.com/rss/articles/CBMiwAFBVV95cUxOQXlWeVFkdURVdHJQTVJVd0tWNHRpSml5Y2pMSVFDWVFZRk8zajlXTFNqV2QwWGgycGZfNXRjLVBzaGxOdjlPTWVkaXVMdG5HT3k1amozc3RoeHVCODA0bXRSUlFNdjlsaHFwanZadEhJU3RFZTBpQk1UUHlDZGd4Q05FenZzc0t3cElSbXRCQWhCWWVJZnN3R2lPRTBidXV2TnFzSFJEdGRsSGJDdWNqbXBUY0Z5ZTZjdlluZDNSVDfSAcYBQVVfeXFMTjVwN0s1ZFlucXJDRzk3M2dQMFFRSWczZjA3MDhGOW5sbnlWVzQ1OFZUVk5zYUYwUlFZZmNyZmlZUEVPejZjY0ZsblBxcFBMR3RhODdFeWpYRFktMVR2bUZ3UjF3dDVGQkhsUDlTOUNnTnZlNmw2dURFYjlzZ005cHQzaFNVQUZ6eXQwWDU0eV84SFNBMGJXQU9icm9JbG9QU2E3RVlUamdwUE9MeDR4UGNkTlVWb3JDdjVFR1NwV3lvX29ENnh3?oc=5
MRK,2023-01-04,Kelly Evans: The end of FANG,CNBC,https://news.google.com/rss/articles/CBMickFVX3lxTE16OHo0TWhURTNYazZxdFIyc2hjNUh3UFM4Zm5vdFdpZTNPVWhIUDgxakg3aE96dEQ2RFFTZXlYc3M3dHVFekVGdEZIcWJOelMwNzh1cnV3Z3NjaW81RkFmUVgxRllERk5Relo0cTlTaDRuZ9IBd0FVX3lxTE92SXhvVHNrMWlIUWl1MzVpUVhCVU1wZDluQXNSQWp3a01xUEVaVGZSVDg0WDhpalJ1TnM5S2NSZlRndzR6TmVOZ2k3d2RPTTlDTVl1bVdaUjJ3TW9oR2xkcUNnaWJCYUlMN1FUZHYwMGEzZUNBOVFR?oc=5
MRK,2023-01-06,"FDA Approves Biogen's New Alzheimer's Drug, But There's Still A Wild Card",Investor's Business Daily,https://news.google.com/rss/articles/CBMirgFBVV95cUxPaTY1d1BMV3FMNmhBaWZGYk5jTkM0MlNpLXlMMW1lVjd4TklqRFZNZVdCVl9zZXBmUjlVV0hiTFlPNm1nYmdIY2JheTl3dF81eWVETTcxVTlQcVY3OUxmUkJqbi1qQ25takxzSHdNajUxdG1FaG5SUzhESFhVRG9DUWoyTEs0VDd3OVdicExrN1BUYWZobHZWN2N5bkFpNjBtZEdVMXNkcHFuelFwWnc?oc=5
MRK,2023-01-09,"On Insider Trading Charges Former FBI Trainee Markin with Public Funded Lawyer, Aug 3 Hearing",Inner City Press,https://news.google.com/rss/articles/CBMidkFVX3lxTE4tcExwY1EtYUs4Uk9QZERaYnJ5cG1PRUQ3SkM3cjZiNUN3bXN6Ump5MDdjcUhrTWpkNkJ1RXVsajdGSFhsNkJxVGxiZDAwTURFZWJaa3Z4NWMxMTJXM0JMQ0QydXhVRGN2T2F2TU8wakhKQmZYS0E?oc=5
MRK,2023-01-10,Gilead Sciences: Revised Revenue Projections To 2030 - Stock Still A Buy (NASDAQ:GILD),Seeking Alpha,https://news.google.com/rss/articles/CBMimAFBVV95cUxNMl9fb1c1cVFlRktxX1puRjBMNUJWQmQ2eXRjTmpLUmRFRFB3ai1ibmx3Z1FCc0U4VkZ0WndYSmd4dllPX1V4cVRZQ0tkZWZVWXhUYXdKYlQ5OEpab2dKeUg0bHBQeHZibXFxRmN2WmVZb2phd183d083QjNwX29JUzhOY3liaWljUzl5QXlMYW1kc0FZSGV4UQ?oc=5
MRK,2023-01-11,"Another Ebola outbreak, another missed opportunity for preparedness",STAT,https://news.google.com/rss/articles/CBMimwFBVV95cUxPRU0wN0pqQ0lhV2dwcVdZTV9qMjJzb0JxSmFsamhjajFFTXREdl9vaVQwbFFsckV4eEFhbXJLcnVQdVV6VUpidThlRkZJcmc4ZGRlNXV3QVZqY3l5ZU9yTHlOYkdWdzcwRkMzZEtnUXBZalktSGtOSG13Zm5lMWUteEV3VVNqdnpMeDdQWDFQQnNOYk1xNWVmQlRvYw?oc=5
MRK,2023-01-12,11 Undervalued Defensive Stocks for 2023,Morningstar,https://news.google.com/rss/articles/CBMie0FVX3lxTE9UVVJ2MGx4akVoRFhBMHk4SnNORFVhMHQ1ZjA5V3A4WE9vYVZlbkkzTHBmMHpxaGdRMS1IeU5UY25wMk45Ym85S01LZ19NemZLOWFNQXZvdlRlQ1JIZlFic0lDdXQtRzFXRldBVUxsMjFnUlFUeGNZQnlnRQ?oc=5
MRK,2023-01-17,Merck set to remove cancer-causing chemical from top diabetes drugs - Bloomberg News,Reuters,https://news.google.com/rss/articles/CBMi3wFBVV95cUxQYnZ3N2VFOS15UGdDWXhPZ2ZTWklhcHhOWDgwZDRFb3paUVdDbEdXMTJLWUxyaTdCcVBEMGZCZldGTkFZVXo2cXBiN3lKbHB4SkZGS0NZVExndEo2Sm40WHNjZkxwcFhOWFVpTG1mSVN2QktfYW1zeHE1QzhNQnRZZUN3R0o3dDRpN3hZdGlMWm5KajZ6WkFtemtxMTF5R3JWNDR1eUJxNWI2WHVJQW1kWm83eFYxM19jLTFuVGF6TTY3bHhOVEs5ZkJJbjNPNTR2WmNRUmRRTGF2bmJwN2xr?oc=5
MRK,2023-01-17,12 Best DRIP Stocks To Own,Yahoo Finance,https://news.google.com/rss/articles/CBMieEFVX3lxTE5rckk3SnowY2tDSmh1TWJ5OW9ISlFpTnFFT3M2bExIWmVwZHJLdHZ1T1NOczREb0t3SElZWUFaOGRLZ1d3bDk4c1piNUdMSjFUZzlhOEZzeEpaU0IxSG03dnlyYjdvTjlXdVRMdnZmTEl0bjNJM0RYVQ?oc=5
MRK,2023-01-21,‘Holding on by its fingernails.’ The biotech industry in Massachusetts braces for another tough year.,The Boston Globe,https://news.google.com/rss/articles/CBMiugFBVV95cUxQT2cxUlFxNjhYNzFRSUdNYlg2Qjgtd2xWUm1Rc2Rjam1ONmpfNUlPNGJNYmRtYlQ1bWZlM3dxbHgwQUd0djZmR2V3aUdMSWdCMmFfa2RnWFdXTDBEbHQ2cWhtVlFkdGotczNWQ29MTVJWSGNJVkhwa3Q5bUR2dFdxSW9TWXNmbEpZNWQ2OWU1Y2FqNGdkZ0pGNUNvNnpiUURnYVpWa3N2ZEhQVHZHVTFBUHBqelBPVWQxakE?oc=5
MRK,2023-01-22,"Merck & Co Inc (MRK) sentiment score, message volume, participation score and buzz level",Stocktwits,https://news.google.com/rss/articles/CBMiVkFVX3lxTFB2VWwxNVR3akNIV0g3WGZ1WU1lM24xQlhyclJBT2RyOGlPZUdRUEFNUklUU0E1V2JrQms0XzV0Y3p5RjVkOTRrYjVzd3U3aVZWOG5BM2J3?oc=5
MRK,2023-01-26,"How I'd Invest $50,000 for Retirement If I Had to Start From Scratch",The Motley Fool,https://news.google.com/rss/articles/CBMimgFBVV95cUxNXzZBN0d2Vlk5X3BEYTRWYnZlcXpHTEpvUjNsamNJaU0xYmNPVFQ2dGNDNFpzamd0WGY1bEpjWlJsYmpNZF9SbGxpZjNCajlZand1d2pTTm1pTG95a2s1cVlILUlxaHE1YWxjWEFLam9UUXN4X3M5cEFLS2Q0cXBLcUs1cFBtNGI1dU5fakU0MWh4VE14VHlGdXRB?oc=5
MRK,2023-01-27,Will This Billion-Dollar Acquisition Be a Smart Move for Merck?,The Motley Fool,https://news.google.com/rss/articles/CBMimAFBVV95cUxNUXY3bEhOM0prNXV4amVXNERBQ1QzMTBXSzBaLWpXdkxLZERva1BZWUVnMVRhN1l0NEpTb29GbHVyWmZSeGtLc3BJSFRxckVsWjVFWG82R2d6YTlZSWVLRlVUT01GT0cwR2ZNSVYxZWQ3LU1meWxMN2VfZUktQ0FIQ19TdXpNYmlOQnNKa2tBMm1OWndVZkZFZQ?oc=5
MRK,2023-02-01,Maurizio Mian Net Worth: How Rich is Gunther’s Handler?,The Cinemaholic,https://news.google.com/rss/articles/CBMiYEFVX3lxTFAtU0FlLXItejFWZ0I2ZHlFcDk1a1R6bXZKRFpBR04tc0Y5OXozZjNwVERJVEQzaWJNalduYV92YUY5aHlTVzNHaVpXcU1lRU9IdktYWDRQaGpYbG5pUkNoMQ?oc=5
MRK,2023-02-02,Tech Stocks Power the Nasdaq and S&P 500 Higher,Investopedia,https://news.google.com/rss/articles/CBMihwFBVV95cUxONWU3QWRpY0NqT1g1RXpTSUo5c0p1SHcteXpXRkFxV2lCb01yanhzckRhelM2OWF2YTJEc2N1OEtkQnlhdUxab1hUcXZwZVl4LXFIWWlFUG5LQkRlV045bVc1YmR3YmVGQTBHM0VYZlN1cmZrWXktclF0bDN6RnpiVHQzUHNxWW8?oc=5
MRK,2023-02-02,"Nasdaq, S&P 500 post strong gains on Fed relief, Meta surge",Reuters,https://news.google.com/rss/articles/CBMiogFBVV95cUxPVFJJM0h4ei1aTWcxSXRtekk1ZmVVODZlMXJBOWpSLVFxaEFhN25iaEs3MnZGYTJTaS1VRTJIMll0RGRGM3RPZXFZRkE2UzFUME1qUHVFaGFOUEJCVnl2dXRGbnVHMnYtVnpTVTREVkNkenJLMV82aDhTaENMamFKWmlBY3U0TGNwd1lWQlA4bWg1WFVncjM0eThMQk5FOXFUaFE?oc=5
MRK,2023-02-07,The Eyes Have It When Detecting Early Calf Respiratory Disease,Bovine Veterinarian,https://news.google.com/rss/articles/CBMiqAFBVV95cUxOdnh6X19pNjl3Qk12dXBlbFJ6WVhfRW9FSldaQzE2OHVLeUJncEtNcmR2Ry15QmtZUnU3cmg1dzkwbUFaaFdkTGQ2Nm1JTnJpUVpaeEpRZkpQQUIwdlNiQUZ5T2RjNm1JdHNSaXl3OU9yTjBpTmEzTU56ZldXZUZCWWl3cDhSMEZTWXBhTTd0T1R0RHJObW5LcVlhZFFUQTN2WTI5Ymc3Yk4?oc=5
MRK,2023-02-08,Lantheus acquires Cerveau and its tau-spotting PET tracer for Alzheimer’s treatment,fiercebiotech.com,https://news.google.com/rss/articles/CBMitwFBVV95cUxNSXZmSndocmhBaTd2Tk9BZ2ZYUHcxTllQQWF1SG81bmFuMmJMOFBxV0VvbTE4UVZBS0lxWVhKaW4xaWlDZVM1djJDd3QwWlh6YkhaMk5USzR0UDFyZHoxWkxFVXpPNW14WmdYWktxU3h3b2xCLVR6UzZDU2xVWmJUaHVkVGxoeXB5NnEzRlpValI4aDZBNFk1VkNPQ1o5NFhrckdDaUxRRHVqSHJ1TFlHSm9qNEdtMlU?oc=5
MRK,2023-02-16,Mauritian company IBL purchases Kenyan drugs distributor Harley’s,african-markets.com,https://news.google.com/rss/articles/CBMiugFBVV95cUxQNWV2b052QVpTZkoxcXMxOXd1YzhWMVk1TG82YVFLbUpMLVdNT3pDSFRSMDItVjNqbk1tNDIyUWF6NkxpeDFvN0FFaVBhZTNMeFBsWlFzZUlYQlg4RHdlb0o5RmNzbW9BbzlyNGMxVEczZU9LQUNjZUpGdmRkY3p2SjhGc29wY0tSalBab01zblFRbVhPT2p5LXh3TFppSkFrQXgxWnpFbDFMODdRTkRWNVJXc1hOZlA1V2c?oc=5
MRK,2023-02-22,This Recession-Proof Company Has a Best-in-Class Dividend,The Motley Fool,https://news.google.com/rss/articles/CBMimAFBVV95cUxOeDQ0aW9Xc3RSekIzcks3M1ZwOGt3OUtBanI0SjNDejh5Z2dYdkhNVE9tUVBhNmZUeVJwdlZ4aVhNOWhiRjhxZmRBYUV0MVNLQ204X3h5N0gzdUV4SDBvYnhLM01oM0JtekprQk5YaGNVLUxwbFd4QUhzelN2TFFIR3p3NlltUUR2S3g4dVhWTVYxa0JmY0xwaw?oc=5
MRK,2023-02-27,Seagen stock rises as Pfizer reportedly in talks to acquire Seattle-area biotech giant,GeekWire,https://news.google.com/rss/articles/CBMiuAFBVV95cUxQbWxjSnpnRVV5SVdUM3RqcFVhc2k3dVlVTXZoUTYwUGhpWjg3U1NsWURXa241bko5SU9RSExnd01nOGNKSG05V2RjTFZNd0U4N1NacjRwX1R4SlNjdE80LThjTTh3Uy1jU253X1RPTV9XUHN6YkxneUFDa0xLaVFwRlhodEJlR3VFTGxBX2MtMVRDRmN6NzlSNWpKbjJPSkhaTmhEQVlhd1RXLWl6MUlmZ09ZR2FxdGxT?oc=5
MRK,2023-02-27,Could Earlier Initiation of HPV Vaccine Boost Immunization in Adolescents?,MedPage Today,https://news.google.com/rss/articles/CBMiZkFVX3lxTE1ZYm8zeDFwWHdfd000R3hjR3BxTFhJaWVMVHhDMTA4RmhFaEZFT0pMVzNkMlZ4RXlaUXp0eGVZMFFpMS1xanExTEQzbmVyVlZpOXF6MUo1Y2Y4d1dzWUNJU1MxcGhPUQ?oc=5
MRK,2023-02-28,What We’re Reading: Prostate Cancer Study Halted; Nervous System Complications After COVID-19; Health Risks From Erythritol,AJMC,https://news.google.com/rss/articles/CBMi3wFBVV95cUxNMk1tVjRRNHVjYmNkZDZTQ0tRdWJrZzVXOC10VDFPOGJmYU1CZzB5TXdoWEtYMVBlWEFtTExrZjJUbjY2OGpZQmpGcDZGZDU2OFNuV0Q2N1NQeC0zY1d3dUFJblBRZHFBLVhYRjlUSXdRM0Rfd1N2QVZwcnhqTVlaN3pOTjBBbmRET0JLdWx0Tm9oZGJBZEFLSkxrY1dRY2Y2Mms5ZWUwSjVSWXNNeWJnUWRlemtIVTRrYjBxdUFDWUFvUHpjaWMzaEFkSzRIaHlkZnIzTWM5U1NKalRycEZz?oc=5
MRK,2023-03-06,"With a potent new medicine, Merck marks a return to cardiology",STAT,https://news.google.com/rss/articles/CBMinwFBVV95cUxOQVRMSXRkQkZEWW50Y011OGVkWkxIaWF3eEc2cFVjVjB5dDVuRnR1d1RqOXNTNEl3OXo0VEtXTnVyZHJaMS1wUkppdjBQMUlNempERmVvNVdjTWFjWG1pV0dIblMwZnllX2JUN1VjMDRnM0xUR2FaRWp6Wi16dUNQT2MwM0gxTllXbUVSbDhQZE9sSVBPOXJ6WW0tcTB5MFU?oc=5
MRK,2023-03-06,Merck drug data suggest ‘new direction’ for rare blood vessel disease,BioPharma Dive,https://news.google.com/rss/articles/CBMikAFBVV95cUxOV3RrTkFzOEhidi14U3lIN2JLaU5KR3JhVWJSV1JOSmxQcGdQWWFmbm05SGNSWGQwaVRuQkt1aDR6SUM3amtMNU5ZMmVsRVJlSjlrYWdtV2tKQUhkT25TMU5mWUhqYlRuYmFkb09JcmpxbVM1V1JNdHJWWF8wU3hlSEhYUFBRNl90UmFVYUhOWEE?oc=5
MRK,2023-03-07,Could Merck's Next Keytruda-Like Drugs Top $10 Billion In Sales?,Investor's Business Daily,https://news.google.com/rss/articles/CBMinAFBVV95cUxOdkQ0MVVydEdDT2hnaGtCQ09XaGNjYVFNclBsYkRCcFROSzFyQUhnX2dLTGlsbVBFN0FLM0tVQ3hWX0xjQm81WXlsVTFlYXNvQTFNd0lwa3F2NnRreVZKR0paNXl4bmtwMVoxcVllRVN3dU9NOHZRODJqT3VvU2tKYXhLNzhRNVpoMU90OHB2WWlITzUzNkRYRjV0NEE?oc=5
MRK,2023-03-08,"Chasing Moderna, Merck pays $50M to join race to develop cancer-preventing vaccine",fiercebiotech.com,https://news.google.com/rss/articles/CBMisgFBVV95cUxQNC10T2xWUTQ2SmNTaVpkX181WmVuOUtUOUhETUpDOFlodUx5c3psNFZCS1ZYMWRSREhDcnVHb1ZxNmNlRTAydlhIMDVIa0gxeGxNV01EdnZvRmM4N2F6aGVLN0NueDJNMlp1RC1iR0pNSlE5eVA2eFFQQkk4OWhiSV9IbXpwalVuenNVTjlpcW1YRXdrN0J6aVpHZUF2Nm43anJMbnNDdzVKVnBsQkpSV2ZR?oc=5
MRK,2023-03-08,Merck pays $50 million for early-stage Epstein-Barr vaccine,BioPharma Dive,https://news.google.com/rss/articles/CBMihwFBVV95cUxNbjV2QXB3Q2ROOXVQQ1BFdFU0eUE1UV9tcDQ4dFNTeTM0bVpZeXBxSXhmc25tUE4zV3ZVMDZjelNyYUxLMFVDY0l4ajZDT1RacENHVUZGcWRRRHYtXzk0WDFVY2toUmJfNWVwSVhGclFwQl9oc1ZYZndNSjRnajE2TXNIQlRJd2M?oc=5
MRK,2023-03-13,Pfizer looks past COVID with $43 bln deal for cancer drug maker Seagen,Reuters,https://news.google.com/rss/articles/CBMilAFBVV95cUxOaVNpWUhHMld4cXhGcTVBT2U2djVnRksyYUFheW1nQm1EWFRKR0YwTjNOM1NHVTNaNHhQaG9yS1pTalNVYktTSDl4ck1vcTVZOE50eGpyNDl4RUxudUpqN2ZoTHV6TFpHX1EyQmtPM1R2RkRpbHQ3enMzb2Vsd0xKSm9Dc0E3NW1uMTVtd3J6Nlp5N04t?oc=5
MRK,2023-03-13,"With $43B buyout, Pfizer sees cancer specialist Seagen as a 'goose' laying 'golden eggs'",fiercepharma.com,https://news.google.com/rss/articles/CBMiigFBVV95cUxNUExPQ3lKVENXZXIwc19jRGtiT2lOeWJkc3hlNXhUTzdvQlowYVBFSEFMM2pYdUVZYjhaS0xHRFp1ZlRWcGFzS2JiOFB0MnlFNDdRb3J5eGdRU2FxQ2ZEX3JyeC1GZTNYWG9LSDdDaHJuNUxrUEFOSTlSYnNJYThYSEdUb1RSME1KZFE?oc=5
MRK,2023-03-17,The next wave: 10 promising investigational antihypertensive drugs to watch,drugdiscoverytrends.com,https://news.google.com/rss/articles/CBMisAFBVV95cUxOT1lSbkF5b254OE5US3BQd19BMmRPMWVfWlhwQjVEejFCeE1PaFVNMFAyOWY4STl5VkpMTmNSMmhTbk9iSzR6UGRhRXBlTUxhUVB0ZURDdmFDbFQ4QmxLNlFxUHNsTDExLXZCMndGRGktT0xEdFVwM3Axa1FWMWtwYUF1OGtxYWtuMk4wY1N3bjFad0lCTmdVbUkxbURCRTdkcWx2TUtrU2E4VllBMDlEOQ?oc=5
MRK,2023-03-29,Insider trading: How to read an SEC Form 4 filing,The Journalist's Resource,https://news.google.com/rss/articles/CBMieEFVX3lxTE9iSEVjU3A4aWlNZjB3Wi1zRDRZMU5rQ1hGTV9fWTFPV0dnYkk0M2JZMzJ6WWpaZGdjNlhWN3pnQWdNWTAxSXg0RlduX0pUYkMzN2pJVTE5Qko0ZENhZ0pmbDgwZlhvSlE4WHk4dkw5TUV0bUhITnlMaw?oc=5
MRK,2023-03-30,Starter Stock Portfolio: 15 Safe Stocks To Buy,Yahoo Finance,https://news.google.com/rss/articles/CBMigwFBVV95cUxOd2tTejhja290cU13UnhwWWNxdXhqdjFwZHJNRGFac0M5MWktODhPVzk5REF1ODN1M1FId3p2TTJ6aTZVVWRSc2JyWXZfNktvR1EybGtVNjVuMmtTMjI1Z0c5dVJjQ0F0eVFLUkZkNVZua3BQdF9VdkphZk53SU1ON25lOA?oc=5
MRK,2023-04-05,"In a refreshingly transparent disclosure, NGM Bio CEO reveals what led to 33% head count reduction",fiercebiotech.com,https://news.google.com/rss/articles/CBMiwwFBVV95cUxQUHRyMHdTNXFIbWFGNUJldWI5YkZJN2JJQlcxS2FNVHZzcW9DdGJDRVVJTW5GblJGVE9lMHBadHQ4ZXlyelBoR2w4bTFjSjY4cjh5WTFQdEw3Ylo3MHE4RWE5SlZ1Ry1DMVBvTndzUzYtR0tQNUZ6anZCVFFWQ0hXYlgzZHc3Q0dkZTVfVVdxc0k4LUpCelNkbUhtci1DeERsOUJfVzh6RkloV1FzQk1WYlZFV0RSYndhbHVlbVFmWGl1eFE?oc=5
MRK,2023-04-05,"Vaccination against chickenpox is estimated to significantly reduce varicella cases and deaths in both children and adults and would be cost-effective, per a modelling study in Denmark, informing policymakers around routine immunization",EurekAlert! Science News Releases,https://news.google.com/rss/articles/CBMiW0FVX3lxTFA3R0p4dTNjcElCd2o5a0VxRjA4c1hCMENTOC0wR0VlMjJXUHVzTVV1VmZwOExiUW4wWGJ2NXB6MDBpRFlaLU1pdGgtR3VNYVlHa2FnLVRJbTY1OTQ?oc=5
MRK,2023-04-13,Why Is Merck (MRK) Stock Up Today?,InvestorPlace,https://news.google.com/rss/articles/CBMidEFVX3lxTFBUZmV3NVRSX3gwd01rX1hTVkc1c0NfVW1JTGgyUmdISUFLNXk3bk9fUWl5anhwbFBWLUVUN1JXWnZ2ckdHRVUzZXozSlBRN3RIUXU2Q05WS1pCc1BBYUk0ZzF6MnJuekhFUWswc254SHNNdGFX?oc=5
MRK,2023-04-13,10 Best Performing Blue Chip Stocks Over The Last 12 Months,kenyanwallstreet.com,https://news.google.com/rss/articles/CBMieEFVX3lxTFBILS1zZ3ExS3lpbUJwWnNqeGtBa0FRRmgxUXplVzFNUXdvZC1LdnpfWFk3X1M4X0hIVU5tMnIwVF9VRkRRQ0pKbzdvNkd4NHlUMWFiY19obEd3SW5pM2FvWjFwY3hxYXJTZnR2RG5CNXpWS05xOFhkbw?oc=5
MRK,2023-04-16,Merck to buy inflammatory disease drugmaker Prometheus for $10.8B,BioPharma Dive,https://news.google.com/rss/articles/CBMioAFBVV95cUxQVW1nbl82TnNlWEhkR3FvMjVldEw4bmUweUdyeE90Mzd2MDR1Ul9uMzJGLVhERjZRcDdtQTNsM2lyRWZLUzMwdGVZZ3I5b25fYWtkNlNsS0hmQ0M0Y1VvazliRzFWNTg0eDRuM3dveXJHZ2JETFVsZy0wNnBBczBpUUQxU1lkOGlDYmhia1RqamFkaDZsSDFpemZVcDBEcURh?oc=5
MRK,2023-04-16,"Merck to acquire Prometheus Biosciences, maker of autoimmune drugs, for $10.8 billion",STAT,https://news.google.com/rss/articles/CBMiqwFBVV95cUxPTFFHRWVXRGNRS3JJYXhPQnI0STdHWW8tTll1TVRnLXA1OUpLelpiQmRCbUoyc3daazZrY2JDMm1Ud0Y4U2hBbTNUeUFpb1pHRmgzR0dJd3BXQUl5a01HV1NpclFpVFlYNHNMcWlMaC1XZ1NtaGlDOVZIaWJpVzAwd0FBSkJyRXNlQmVreGpJSDBtc3dlZnVzMVF0YVI0WkFNc1Rld3pGVjdEeGs?oc=5
MRK,2023-04-17,Drugmaker Merck acquires Prometheus for nearly $11 bn,Philstar.com,https://news.google.com/rss/articles/CBMiowFBVV95cUxOelEzU0d5Xzk5dkRIVWdjSjdKZmdjYzNDZ1FCSDV1UGJ5c0dzV3JXUVI4Wm01bGxTcnhzZlh0T3dEektfUVJuWW9PZlB4Q18wbm1TWHBVNkZTaDZ3cWRNZTZVOVpERkc5UXRxQ1ZqTV94X3JPeVZxRUR4U3VlVXJGVms3UmladzA4cTdyWnhjNjBSQjJ0TS1obm45UUU5WGt1MkxF0gGqAUFVX3lxTE4zU2VRZFJFTkdRaUcxVFI2cnBLeDZRSHJFNHlBdmZrVXcwUjFKcmhBU3RPR1NOS3FXX1pUbTlZZTFhLU1mQXlya0lqYl8tamhWSmNocjdxNU9Lck5TODhPaFljX1d4WU1RcW53V1M5SjhCYWpLQnVyTUJHSXVnbUZsTkxnRkc2QlVZMGtUTmFMRHhxT0lCZWdrMkRXVDlPNFJRbGh2a1hIQ0Zn?oc=5
MRK,2023-04-17,Merck to acquire San Diego biotech company Prometheus Biosciences for $10.8 billion,The Business Journals,https://news.google.com/rss/articles/CBMirAFBVV95cUxOVWxEeWZSUW4tTGJkSlIzTGM1Sk1EY3ZTNE8wQll2MDR4M09TR19SUzZEM2ZxX0dxVTgwVmpGNGNTR1R2X3dvalpkOGFESDNwNTcwbS1lYTNlOVFFY2VoZW5TamJrT0RPd3JRSGZOZ3dSbS1pX0Z5dGM0eDNiVVQ2VEN3T3ZQamRIa294dDJGVHBxNEFqVHV6c3dwNkV3YXcxY2JIMjVwcU14cXBp?oc=5
MRK,2023-04-17,Merck to acquire Prometheus Biosciences for $10.8B,Fox Business,https://news.google.com/rss/articles/CBMijgFBVV95cUxOS0w2VjRDUTJ3U196QVlBQ1dHUUV0amNGVU5RZlFTTkU5RHhMTUd1Vy1CQnpmRGJ1MmtaRmNUS0RsS2pHaDlIZzlveVdNUUI4bmNNamk2UmNkSW1jVGc4ZmYtSTdoaDJoOXVrSVlXY3NXVW93WVlRTERwVm9Uc2VHMmRsZUhXNTlnNnJpYmVR0gGTAUFVX3lxTFBkTm5kbGhRXzBJenNid2ZfRXdmSi13dzdXZVpHQnlsbW1nZDgwZEhHc3ZPTm5PWF9XMVJaVTN0dmRHc2xsZjJJaFUzYWpOXzNhM2N5RldqeEVrUWl5VXRzaS1iSVdzbGFtY2p2SmJqNWlKQ1RORV9TSXZVMTFWQ0dabFViOFd2TXlhTWpVRmRHR0xUYw?oc=5
MRK,2023-04-17,Merck to Acquire Prometheus Biosciences for $10.8B,Genetic Engineering and Biotechnology News,https://news.google.com/rss/articles/CBMioAFBVV95cUxOOU1oSE92ajMwVnVNa0xLdWdvQjNjSG5SWkNEVlRSNU5SWDEzd215bFlibGV2cU9jTTVSQl8tZGRkNWQtM2VPbDBaMVVPRFV0cVRwc3FBRkhTTWJFamNOZW1yaE5BZ2ZhamxnZHlnalp5bk5kMWlOcVdob3dnUzBGMFA3RGNfNWVuY3NhMTBJNlVfS0Q1aGgxdF9DalZLXzlT?oc=5
MRK,2023-04-17,"In Pfizer's $43B acquisition of Seagen, the biotech's patience paid off",fiercepharma.com,https://news.google.com/rss/articles/CBMikwFBVV95cUxPaUlUd1dmeFZxclc2VGtFNEZhZjRJNGQxdkxWTmoxZENQcXJkNExBUU1vc2FVY3UtN3VpYVVSaDJySDZvQzdPMHU5aDd2NWFtZ01iUFNkYWcxY2tvWmF2cjUzbFZuZGdmOEFlOGRnSjlzNGMzWDE3U3RGZ0ZpUFhfT2dxLTFocFdJZlZVMFpKTmJpZGs?oc=5
MRK,2023-04-17,"Prometheus Biosciences, XPeng, Alphabet, Roblox and other stocks on the move Monday",MarketWatch,https://news.google.com/rss/articles/CBMivgFBVV95cUxOVjl1RERoeVlIODY1TDhrLWU2X2NLeElKNEFHQzFiMmtwcEUzdFZMak9zREdtLWFHTXVzWUJqOHdzc1U0UDVmNXJRcTMxelNjUnR6RG5BRWR4ck5IdS15b2pmd0FucGVaQ3ZKNzVWdElISlkzQmZKY3NRcVFoZ0FsbTJuaFZIZnNYOVNLcFNrNEo2M294akNkS1o3VW90QjI0MTY4c1g5dlEzamdBY3JIOUMybE42cG93QTNnYmNB?oc=5
MRK,2023-04-17,"Merck & Co. inks $11B Prometheus takeover, firing starting gun on race for blockbuster bowel market",fiercebiotech.com,https://news.google.com/rss/articles/CBMiwAFBVV95cUxPaVBEWlA4blNhUEZRRVozNUxiU2FhZUhrVHRVZmt4WHlJcU5UblpXN1BqUVRpSnkxUDJuVTdWVWVTaElMbXA0dUJQVDZETk5Kcm9TQVAwOU43Rk9kNnYwSWd5RVdES2pIV0NmNEZCQ2IxSllNOHBPVVZ1Z0RMYzhyX2tBUW1DZDNILU5ETGwxdlhCRVhZdWlCcGExVHk0b05mVW5CQkZBUmpLMEFyRHZtd2JzZWZMam4wZXJjX0xPUUo?oc=5
MRK,2023-04-17,Why Is Prometheus Biosciences (RXDX) Stock Up 70% Today?,InvestorPlace,https://news.google.com/rss/articles/CBMikAFBVV95cUxPcGVhWFNCSW5oSDlBenNsS3FHLTZETUdKWEZXUUkwanVia29HcmNRYk9NRWU5ZmlDN2RoWTB4N1JJSTRweXJqelFXblF5ZnI4dVVSTU52QTJFUEljdHJFRVhwNTRnQ29hVFpQazVXaHBITmE1RFplanRXbVdIM19yREwtMmRpcUVOUEt3RUFVOVY?oc=5
MRK,2023-04-17,Prometheus (RXDX) Stock Surges 70% on Buyout Offer From Merck,Yahoo Finance,https://news.google.com/rss/articles/CBMigwFBVV95cUxOelMtZXUyLVJKX2hjRzJTNVF4Rm5zUlVCSUpLb0pTemhYaHJWbXlsTm9icDI1Z0pfOVpPNi1NSk1iNmxoelJ6QXRWZ3lHazFWNk1US3p6UkJCUU93X3pqVmpBQmtNR0FEcUJmekNRRmxlbUhKMlRIaE1CNWlTdzJ3a1RNdw?oc=5
MRK,2023-04-17,Merck Finalizes $10.8B Prometheus Buy,BioSpace,https://news.google.com/rss/articles/CBMihAFBVV95cUxOekQxS0xsMnJkVXRrTi1iaUtWdkZqTm5wTE8xZmFLc255OHM4Z2RLMFFlZUlWLTgtT2FrSVJHeGs4VUpnNjV2aDZKVTlNTzBtUjdUNkk2azdPSGVnMjNwQmdjQU05WXdWeW9ocm9RZjBpOXZ1dGVGUkpwNWtFSThJb1dtYlE?oc=5
MRK,2023-04-18,GSK Makes $2B Play to Challenge Merck in Chronic Cough Market,BioSpace,https://news.google.com/rss/articles/CBMikwFBVV95cUxOU1NZaTRWTXFlZnB4b0M4Wk9MUWZCbEkwMk1pUE5aa0R4Zms2QVZCMWYyRXpNcllCaDZYMV9sWmxkRTVHa3JsVkw3TFdPVE9NOFBXUnQ4WVVXUnRXNnpjN3JmdHJudXpOazJ5TDFSREdOWlhkcFd6R1NfZ1Z0dnBNYzZPRjZGdDZxUURqT1NTRy1VMDA?oc=5
MRK,2023-04-18,Merck pays premium prices to acquire Prometheus Biosciences,cen.acs.org,https://news.google.com/rss/articles/CBMiwgFBVV95cUxNV1N3OERROHNMR1hJejNZZk8zaGdMSmtJaHB6Qzdna1lfZVdkSXVXemJRSGZ3SjFlMmxGZW85dWZHQWdFNTRZaGl0dzhZWmlYTG5BbTZmRGZxemg3VUhqUjMydFNZTndyYVZ6UWFFbWVNVGJNTHhUYlNpUE9WZWRtMUJ1VFdSX1V2bDJkWnI3Vm9rTi1ib2NpYWNmc3BldVRXRm5XQWRXRFdfbTlXTUlTWFo3Z3R3VnVzU2ptellkaUl1Zw?oc=5
MRK,2023-04-19,"In a year of turnover, Seagen doled out $126M to a trio of CEOs",fiercepharma.com,https://news.google.com/rss/articles/CBMiuAFBVV95cUxPTHJfYm9JNWE2b29sNWVJQzhLLWxJUXRPQUZ1LVZyeFVBMTdJZjR0ZVlmMGJwdG1pNG9VYkwtRmdEaHFRMU56NnBpOEw2LUZKak9SUldHV0NWR05yTzl5aG5saGtMV3dQT0pOTDJoNDVsN3MySWg4S2lMZmxQRjZyRDhyc3UtVThZd0V5REo5ZlJrRG1aaGZzcEU4djdyT0JEa08xd3J0X1hiOGpuRzBIUm90ZjBhQkFz?oc=5
MRK,2023-04-20,Major acquisition to strengthen Merck’s immunology pipeline,Biostock,https://news.google.com/rss/articles/CBMimAFBVV95cUxNZTVNSWk3UFU3NHo4Nm41aEtvV084Uk9fZzRhal92cDhuVHdJd2xaMkxHM2g1M1hhYWJ0dmt4bkV1dXlOLTdkY2trVVJaZm52bXNyU08tNC1yS3dLR2FkUUlxLUh1VFFicXIyQVZkSndWaVB3MDI3NTgwNk9pOW1OTEpZb0Zsa19ISWM4bHRmNWpTNDZqN3pUOQ?oc=5
MRK,2023-04-20,"Moderna teams up with IBM to put A.I., quantum computing to work on mRNA technology used in vaccines",CNBC,https://news.google.com/rss/articles/CBMingFBVV95cUxORHBVc2E5d3VDR3duVndvYnB4cXVqSllBXzlEdnF6aURzczBidWs5MDN0bU1zMEluVXNFLTQ3Qm9HMVhfRjhuVDVzcVBCRTR1dTctZmNCN1pGRzlpNGZNMUlCVzVXczdLZTlDVUoySVBmRDZKNHh5NEFVWDRLZjBCYmU2S1pvV1l0TDdVVjN4SFZZeGFNOGoxOHJqTGllUdIBowFBVV95cUxNVER1N3lyZDZ3Vmkwd1lqcHhfMjllR2MwTzBvb2lxQklnTW1MS2tzZ2IxdkpPSFNUUlpWQ2cxOGxwdkh3Y1dMVTA1dWFmbjJMa2Fvb3h0b09QV3BFMldMVkhmeVNLVkRRSkxhWW00eFJSbWtvQjluQnJ0TXNOdUczYlBjbmtJam9rTWptb2lNaC1QVVg1aFdidGRfR1ZLMW44VDVB?oc=5
MRK,2023-04-20,Blue Water buys enlarged prostate drug Entadfi from Veru for up to $100M,fiercepharma.com,https://news.google.com/rss/articles/CBMilwFBVV95cUxPbG5WQmJnN2E0bFdONEpDSTBVTFMzd1FsNndSb0ZqNW9uWUZDWWxacFVldmloTG9hV3FXRzRUcWtIOV85S0RGMFZpQUZpZTc3X295YkZob2lsLVRISENzZmY4bWp0YTdGS0NFZXEwaEpHYzZja1VQd0RsYUFfOTdXOWZQZzdyYWRweXFiWENvTXg0X2RHVVBJ?oc=5
MRK,2023-04-22,Pharma M&A trends: Analyzing the surge in biopharma deals,drugdiscoverytrends.com,https://news.google.com/rss/articles/CBMijAFBVV95cUxQelNFVDl4UHNGUTFDU3d4VDI4cUY5dkNlRUpMa2lzM1hCVTRKWVhVaWtGaHFUdml0RG9kdGJNcWYtNTBYWXlGT3ZPa3RuUVhxNHRoN29nYTRoSVhRN0VPU01xVnFSbGw4aFpoXzBSWWU0bzZ1NXJVbDNhNzZnSExPbTllMjkySllMTUJCeQ?oc=5
MRK,2023-04-24,"After massive equity awards, Regeneron's top 2 execs collected smaller pay packages in 2022",fiercepharma.com,https://news.google.com/rss/articles/CBMihAFBVV95cUxONks2XzJqZHdxdVlsc3Q3R1RBa29WR1VpSjJnZm10RDJyb1pUd0NlckpPeklscWdlcVFQWnFEcGJyTXpDbG11eFVkczJmbzBaYmpzVFYzYTlvQlFnY0wzSUNxRXRCRTNTU1E4cGREakRaM2s3czRIVUp4VGZiQ0pEVzZVMW4?oc=5
MRK,2023-04-25,"Merck, Glenmark wrap up Zetia pay-for-delay case after pharmacies take settlement",fiercepharma.com,https://news.google.com/rss/articles/CBMiswFBVV95cUxNQW0tSG1YNGFBcE5GN3BfdkVoMTdtSHpSYnVzbG51NHRVakJ3TGp2bUlVWHhKcXJzYlB6RnByaG53bnVpTFd6cnhPSGkyVG1ERjVrM3prRk45REZIMS1qdGM1ME9wSGVjcjdzRUFtaDV4M3RYY0s0eFo2bVI1bWUxdHBpVm5xQkRjYVAydndzb1lKWkNiR3VTSGJzVkpEenNLU2pPc0tYNEVlZUZwZFlad0Zldw?oc=5
MRK,2023-04-25,"Earnings Previews: AbbVie, Altria, American Airlines, Merck",24/7 Wall St.,https://news.google.com/rss/articles/CBMioAFBVV95cUxQMTFXR2Q3Y29wSmJwcm1fdUVSdW94amw2YnNjOWZlNmk5dFM1LVBzTW1Xc3hoeUxtSnJpcGlCREN0cFRSeEFONGhaV19oUENmX2JuRUVjMEJoU2NSSC04R3RNcnNuRWszSlAtRFRmUE9SeEZOQkFRTlVFMmd4WGIwa2tSU2FIdTFLQS1GRUstMFU0SmFrZWJnT19PZFV1U2Jt?oc=5
MRK,2023-04-25,Top Performing Leveraged/Inverse ETFs: 04/23/2023,ETF Database,https://news.google.com/rss/articles/CBMijAFBVV95cUxNWUlKdTFXU0s3X0pKZUlBaW1PZU5sRjRuUWhkQTVZRnhyekdfd0ZQdlh0VHJicEVsWlZ6THpZd3BNMlY4ZUR5SVg5X3cyb2xiVHgzSmM1Y09vT0xFTTdvMlB3S29jWVRNNWlFVHo5dmhHbzRFWjJCMnpHUkJrdzFPbzdDa0ZENmljS3pmQg?oc=5
MRK,2023-04-27,Merck reveals HIV combo trial is back in the running after FDA partial hold lifted,fiercebiotech.com,https://news.google.com/rss/articles/CBMixwFBVV95cUxORDJ3VjdFbTFsN0lFdklWZnM2cVh0ZG5LY2ZwQW1tUzJ5WlE5ZTEtS1lMT3pIRTMyN0tjcXl6NVJiQ2g2SnFqLTVDVVNLa2o5X0x5anZQUWw0ZnFrWWZGWmp5a2piUFZKVG55bWtidm9pbkZ1b0FGdFJIdWtVNGlkUms1bGlfaFB0SnR6dmxzWVRfdEhzdXlyOU1zWndYZW5uQUVTQmdpdUZGZ2R1MEkyeERRUEdsTGNLSUJ6TXdUQ2NKWkU3OThB?oc=5
MRK,2023-04-27,Merck Makes a Bold Move That Could Transform Its Business,The Motley Fool,https://news.google.com/rss/articles/CBMilgFBVV95cUxQSVlPUGZhRjR3NThPY08xd2E1NDJQUVBvUmVZbkg5VlZCQkVwaUNaU2FpOWJfWndCMU9SMGp2enh3U2pub2p1Nkx5WnVyX3pJUmo2dFhTclN2QTNTSE9UVnUtbUNpV0JIV1c4dnVybFFWUEZXUXh3LUNvSFRpMUJCQ0U5eU1BdDZYbTMwRDRHcENBdjQzeXc?oc=5
MRK,2023-04-27,Merck results beat expectations despite a big drop in sales of Covid antiviral treatment,CNBC,https://news.google.com/rss/articles/CBMiekFVX3lxTE9XTW12NUo2dEx2dHh5N01sNC1FZzBQWndQYUFkOVFoSEhKWm1fQ1Zael9CR3FCemRLcjIwdDZ4R3BRV1lpZ08zNklTTEF6N1dra1Raemg5bDN4M2hYcU14WEpPckliLUhub0hvd1U1VW1EdHV5dHhtQzFR0gF_QVVfeXFMT1JKSkxrVS1hZVdoTjFBQ0dUZ0hxZEEyd1VoNEU3azgycjJhazdjUkZoNE5Ub2Jtcml6RXh3M1ptWW5jU1pNbl9vaEFEUVpxeHBsNWNxRjRtc09vdXktWF9aNWVVQ21GSE5JZTRpUnd6N05GZjFTMC13NVZJNkRtdw?oc=5
MRK,2023-04-28,"Playing catch-up with Merck, Pfizer scores pediatric approval for Prevnar 20",fiercepharma.com,https://news.google.com/rss/articles/CBMioAFBVV95cUxPaXpFbUZaMHhhNTg1X1Qya0tvM2gxNUZBdVFwWGxoV1BaSkloSklFMERKZlVGR21WV1AwSS0zWEdzN3BaTHdvQnQxUXFKMTU0OXYtUnpROFRSVF95aTdCVzZXYlpZZC0yTjh1QzRSTXl5bXVSR05IbHc4MFk0cUxiSlROZFNNTGdvX1JydVhvRjdoT0FFUjV6eDdjS1RDRXQt?oc=5
MRK,2023-05-02,Merck battled 2 other Big Pharmas to the end in pursuit of $11B Prometheus deal,fiercebiotech.com,https://news.google.com/rss/articles/CBMioAFBVV95cUxPcmxvdnRtZEtMVWdTWFZ5S2MteVFURnNUWHpINndqaHc0dFRLa3c1NHFGSUpYTUxmZGYwMkl0Q052dnFfNVA5ZEtvMUhmcDcwQ1NVc2hMaXBRYlVqV09rRHpyZTd3MXNidzhsb1RPNUEyOWlyVi1CRzI1a3BHQTJ1OG82b01fT0pNOGs0U3hoaGFib1plck5lN0FSUktZUmdh?oc=5
MRK,2023-05-05,Should You Buy Novocure Stock Right Now?,The Motley Fool,https://news.google.com/rss/articles/CBMiigFBVV95cUxNQ1NHd1FCRE9yY3hPQTlXQUlDc19wcWNVQm9OeFdKVVhwQ0VmVlEzSzA5REVlaEczSEY5VnZGb3pkQWpzWHVDblRMWDZlZVFDaGtyWDVmY1lvTDcxSFVVWVRzMHFMMDJIU3RsMzktR0YxaHR4MUV6SzVFTFVRMEd6a3E0Snd6aGdkVFE?oc=5
MRK,2023-05-09,Merck & Co Inc (MRK) Fundamental & Financial Data,Stocktwits,https://news.google.com/rss/articles/CBMiWkFVX3lxTE1ubkZhSnkwQVVJMDljLWJPbXpvRWdrazhpTmQ0ZG42Q01aQ2ZDcHVoV1U0dnFINDRxbjBVbDdSSG11Y0t4c1J6MjliNVItekdxdm93cXNVRlFUQQ?oc=5
MRK,2023-05-10,The stocks that may move the most on debt ceiling drama and how to play it with options,CNBC,https://news.google.com/rss/articles/CBMiqgFBVV95cUxNMzJGamdna2lPblAzcm1obmRBTEdpbGtJUUxyUGtaWVRfYlJjMkF3eDI2b094bDJJVkx2LXdtQWtma3d0X3BXVEJibUVJbHYxVkpGMlFBZW9EaHJEOEtKWUhla1RGNVVFdEFoWXB2dmtsZ1dxVzE5VFpibGhzSVF4ME1rV183VXpfQXludXhBa1dSSm12a3FyRy1waVNzQm5KT0ZWdnE4dGFEUQ?oc=5
MRK,2023-05-13,"Koil Energy Solutions, Inc. (KLNG) stock price, news, quote and history",Yahoo Finance Australia,https://news.google.com/rss/articles/CBMiUkFVX3lxTFBhdEVrU2RLSVV5el9wdjRlelExN3p2ZVMtSEpIdzhCUFdacDc1b0NkUHU2TE9CWHlxejFTT2xRUldacjZhckhVMFc2a3VPQWhvMEE?oc=5
MRK,2023-05-17,Could Government Drug-Price Negotiations Sound The Death Knell For Biotech Stocks?,Investor's Business Daily,https://news.google.com/rss/articles/CBMivAFBVV95cUxPYnFBc09lMU1NNEw5ZFctdkVoR284ZTVVVVNsU2QyRkM3ZktyMk84ZG1ZbWRkdldMTFBMLUdzeklRQU56MmM1R3RnZk5kazA4QzdyOUc2OGFDLTZhemNaNjZLekNMazdQeDdhSEF0UDA0dUlnNEZKOXF5TjRZRTRxZWNrZ1Ixb1pWS3d0T3hFNllqejU0WnRvQVFkSGV1ZHMybXhBaXh4ME9SakUtV3J3VXhDUjE5Q25kLXRGbQ?oc=5
MRK,2023-05-17,"Pfizer to raise $31 billion in debt offering to fund Seagen acquisition, SEC filing shows",CNBC,https://news.google.com/rss/articles/CBMinAFBVV95cUxOQVZvNEphRUZ2V3lBTDZFR3hhdDlJWUpaZlJtSnVvbjVtcERDT3NBTnZJQWszTkZ5b1hRMEV5cGR2ZjNweUNWRURMU080cmpVUTFtRndlQXZGM2dJaGphN2RBTU1reFQ5eWI2N0J6WXdpSnNjQWcwYVZlSDRLWG14SGIzVFBIdFZGWVZqdU1iZG1vdjc5XzJ1ODRpcVLSAaIBQVVfeXFMUDBiRlBqWmJkT3UxTk1HLXk3TURlQW92cllZeTdaXzFJUlN1aDZ1NmREaU44bzl4VDB4S2hSQzBaUjJoNnlMMU96bmg2b3FqU2ZQajY3SW1yLVRrQ0V5b19kczVlQXUwbVA0OUc0LWZQZ1ZmNUVJeHVLNlFURHlIUkw1bjJHaE0tN29DNFIyREpiZThqSGtIS2tsbTd2NDgxTjd3?oc=5
MRK,2023-05-22,Making the Case for Covered Call Strategies,Kiplinger,https://news.google.com/rss/articles/CBMid0FVX3lxTE5pdzFKMHhxMGhrR1g4VnFHMGsta3hyYkxVdE8tLUJla1ZsSlB0UkUzbEJsV25QdE83Y0JDbVNJS3RtVGFqNWh2ZXREc2ptWnBOZThWSXVsWmVMbDRQNnhCUlIwS3FkVzJDbmZVdGRNLVJjVFJ3MkRj?oc=5
MRK,2023-05-22,The Ultimate Buy and Hold Portfolio,Morningstar,https://news.google.com/rss/articles/CBMiigFBVV95cUxNYW1qdWxxXzRLcnYxQ3ZFb1Q4YUtiZHVYSTl4aXBHWWFkeDd4SEt1dVBGVkNWcG5wbGlHWjFfY3lFaVRWakVqbThwM3hIdGlNUlRtMkpvSzhRQTBQLUFNbzlGbW1oNHFwb0s4bGY0NkFmYm0zamNfa0hob0ZrUXZtcUExSmg2cklFWHc?oc=5
MRK,2023-05-31,Merck KGaA CEO: Israel has so much talent and ability,Globes - Israel Business News,https://news.google.com/rss/articles/CBMinwFBVV95cUxPTmNQWWIzUXlNM3RXSGV5SFF5RUZsTDAxd1hyemt6VGV0ZlZYZTZMZmZoVkN5bUJpLWpEbzliM093anhCSU1FblY2OUhKSGltUTlBbHFIR19IOW8xSUNDN3FkQ3JtVjNqQ0JZdHNPR0F0TUlTbHhyQTZGQUJEd0pnbHhUd0c2NWZyOVowOVhLalRkQkxLbHRUaWFkWlZvaTQ?oc=5
MRK,2023-06-05,Moderna and Merck cancer vaccine used with Keytruda reduces risk of deadly skin cancer spreading,CNBC,https://news.google.com/rss/articles/CBMipgFBVV95cUxPMDFzWjJkMHh5TzNTbnJFdDlHWWV0N0FTcTdnSnM3cVFvN2cyeDlxWDRxbkxEUWpRb0J4c0RfcmFTNVpNQ0FqQ282SEVEMXBCT3ZjUHpzTUFLM2VwdnpwOEFGMXpiRlB5NERjWjRMQUo0a0ZIaDNKRXVFaXB1WlI4XzhwUzZyTTlyYUFYenB6T1g3MG5hbDRVWm02a2Jsc0diRnlqUURn0gGrAUFVX3lxTE84M3RIX014ZmRfWkQyMWlUMGRzSE03WW0yU215VS0yTV9kWVJxbDlMOXhweUtNQkQtSG9nRmNZNG9FQXRNZF9LdXhaS3M4bUFqV0FITjJja1oxaVFkbzVEdXp6RURnb3dZYVI3LXJmckhmNHl5ZkdWZ014bDZtTW5mbTVMMXJxdE5oaDhHMDZaeHc4eFhzY2hCRHFVTGdjenpDbTZZbEtOdXc3UQ?oc=5
MRK,2023-06-05,Why The Biotech Buying Bonanza Will Likely Continue,Investor's Business Daily,https://news.google.com/rss/articles/CBMirAFBVV95cUxOM3Z4RURROGNUOFhGaG1MenpHMVU1VS1vbzN2ZFhkNGZRUW4xYXZ6RG5aWHBRSnRsRlB1bldiTEZtcmhQNlBkMXpnVjhPbm1Dem9ZN3BELXhiR0hRZUlzbHR0aEEyRTg2NjZ2Z3Y5dUZiemdCSkF5d1lFWk51alg0T05xWjRmaE92QjVvdm9kRzQ1WmpmckN2ckhjYVl5dDlPYWhOMXVGaGQ2VW9V?oc=5
MRK,2023-06-06,Markets Rise Modestly as Semiconductor and Regional Bank Stocks Gain,Investopedia,https://news.google.com/rss/articles/CBMiakFVX3lxTE15RS1qRXRDbjdkeHFtR0xSc0hMbEF6WlNXZDM4N1Ewbk94eEFOVkU4UmpQQ0MyNGxscUtZRkJZUzUwbWdZTGJrOG40bWtmeVc1MEJsSWJSWnZJVjZDdmdDRmdSaTVZYnpwTFE?oc=5
MRK,2023-06-06,Why NovoCure Stock Is Crashing Today,The Motley Fool,https://news.google.com/rss/articles/CBMihgFBVV95cUxQTnJzSTRrZzY3Y1JNUVMzTTNXNHFGUjZwNVhxMWNxY1ZYTnRjR21FWDhySFNPUGZlMXRURGp3LWlrTllPUnlUSWxmMFVkZ2pKeWRpZ2V6RkxiSnA0MFhpYTZ4YnlfM19SYjNFam1WVGtaNTR2NGZhaE9MQ1JKSHVORTF6NVUwQQ?oc=5
MRK,2023-06-07,Stock Market Today: Top 10 things to know before the market opens,Moneycontrol.com,https://news.google.com/rss/articles/CBMizAFBVV95cUxQSU4tNDVWZVZER2VUS1dwWVE4RGw5RXJBaEFncUwzUTFsNlZaZERhTkpiMW4zTlF4OXZob2RScXhBOWdQeTZvNElWNU5WU1ZILVBsTTZ5dTFTVG42OWh5WWVVNlVFaG9DVzVUNGhKeDF2dnV2amhhOWhXS2czUXgzRHJVX0dkREtRdEVXN2JwSVZ5SHA5b2ZjSEZXRklyT2NpSlVLbkhOeGUwck5ZRmZYVkhicWdkRDhLWGxBUGtpWWVMYTRKaU55VFRnMUvSAdIBQVVfeXFMTk80cTg0VER3WkxDMVB3QV9mZFA0akJSYWQ5dWY1QWoyaVFMUlNjQy0zVnFRcnBCTkRDOTJ6LWRxN1NOeUh5d1lhSVg2YmtVRm1wWUxpa3ZFVk1WQ0pBYUxMNzlReUoxaDRrYTdYVTlCSHYwV205NFRiaHZFNUVoajZTZHBYUFhrcnprRy05Xzh6aEJ5a2YwSGlKOWZTZFF6WUFUNzBoTk5ONHBfMGtSYnlLYlVJVHg5WUVKN29yVjdpWW1PeTZtMlFmMFM2ZU1DbmNR?oc=5
MRK,2023-06-07,US Equities Mixed at Midday as Energy Stocks Gain,Investopedia,https://news.google.com/rss/articles/CBMimgFBVV95cUxNZjVJRWc3cW1XVVEwN3NHNzkxS3VjcHpTTURtYnh1eWlSb1pZV3JnTDRhY0lSVUliSmRvN0Fac25MSmpWS1Q1Qm1XQndZS1pmVWlheTlOVTJieEFZSThxV3NiLVF2NGN4Ujk5QV9TdlBQWEpNSU40VjhLczRuX3hxOWc5a19BU0dqQ0FCUl82NzNTd1NNXzBZMVRB?oc=5
MRK,2023-06-12,Merck & Co Inc at Goldman Sachs Healthcare Conference Transcript,GuruFocus,https://news.google.com/rss/articles/CBMibkFVX3lxTFBrdFpBc0ZTLVZoY1p5UWk4TllKMEVhQUtyaWR4X0dxSDhoQUJ3Q1dXamJsQWVCSDZhZUpUMnV2TGZRVGJEYTRUVWtsel9Fa3poTzZnZEt6WHdwWTVYVTFnM2ZTLW5uR3dqb1VOMERR?oc=5
MRK,2023-06-15,Schwab US Dividend Equity ETF Review and Aggregate Rating (SCHD),MarketBeat,https://news.google.com/rss/articles/CBMiZ0FVX3lxTE1tVks4U1Y2cmtNTDNBY3pjMjVCWDJyRmNXaGNjcXN6eHhhOW5KYjVoaVNpVDJTZHhTekpBckJRdkFZTzRaVGZSUGtBZ0NhVmh5aVVCLW1CMlpsd1ZVOWFYa2FWWVBnMWc?oc=5
MRK,2023-06-16,Coherus doubles down on immuno-oncology with latest deal,BioPharma Dive,https://news.google.com/rss/articles/CBMimAFBVV95cUxOTGIzWWRnVnNrUkVDQmZsc1JpU205ME9wdlU3aGdiZ3FzRDkyZ1l4bFBfTEtFajViSVVZVy1rZnlUWWtNaWtLMENxRHloT0pyc2diNzNYb3FGWnd5OU1GY0dyNUM3enVpeF9MUzcxYjl3Y1MzX0Z1TnFMaENvbk54MXdKeXl4M3NURzF0SklCRm85MmI0VzQ3aQ?oc=5
MRK,2023-06-19,Merck finalizes $10.8B Prometheus acquisition,njbiz.com,https://news.google.com/rss/articles/CBMicEFVX3lxTE9jelhFT0hpMmZ0akhJTEdGNHQ0MjhXbDhfMXROTUlvVXVNTWdXaENUaG1RMi1hM1JpWm10YklMQUVzQlBsMFZBclZ1VXhPVDF5SGVRODNmVm5zY3Q5MjVYWVE4NzBia1RKWmljbHJfVXM?oc=5
MRK,2023-06-21,Merck KGaA: Financial Data Forecasts Estimates and Expectations | MRK | DE0006599905,marketscreener.com,https://news.google.com/rss/articles/CBMiekFVX3lxTE5WM2d3OGloemo5bDVpSlhzR0Q4cVFTNG5CMDcxWFVSYVp0QXF2UHY1a2NfRTZiWFF5Yld1WG5xQ09TZEN3empzaDEzTFNSUGpnWWFhLUtKc19oLUkxaFBJOEJrQ3JDS01jSEd1ZUVoWUM1SlFoT19jdkJn?oc=5
MRK,2023-06-22,"Spyre, a new biotech spinout, launches via merger with Aeglea",BioPharma Dive,https://news.google.com/rss/articles/CBMikAFBVV95cUxQaTJORUgwLTFTa3RUa3B5SmZTeWh5OHR2NXFUSzJFeFFCa2VUcTVVQVd0d2xESGtFaDYyTGc2dTdob2MwbDU0OE53OWVXckNfaTB5aFNvNHVZOXZyTHF2dzc1ODJnU0JNcG5WZUplOUhpV2lTUjRQNkx2akhPamxnUzhDNmctRldJSzdSUldFdk8?oc=5
MRK,2023-06-30,M&A activity cools in pharma industry for Q2 2023,drugdiscoverytrends.com,https://news.google.com/rss/articles/CBMimgFBVV95cUxPQmhPbTdyb2tpTWV6RFh6aGF1QnNhNVROV3RTNWZfSkZpMFp0cVhKVFJRUXlEU3pQbFE4NVkxNFJxeGc1MHpnazNoQlhOR2ROS3NhSHNDTFMyZXk3TmMyS0lmMGFDZVVEQmEtM3ZMV0lmMzNJOENjMXFSSWtfNkdCeGRQaDc5U2w5Q2NNLXZqN2Y4dEpGeVNoYk53?oc=5
MRK,2023-07-13,Hipgnosis Songs Fund’s Annual Report Cites Growth in Streaming and Synch Amid Stock ‘Frustration’,Variety,https://news.google.com/rss/articles/CBMioAFBVV95cUxPM2F2bjJNRHZRZ2FxSlF5bTF5NkNSQkxCVUx4Z1ExQU5XZTgxN0FITnJXd044dmFfOGs4SDdINVVfUktobVFwUGFyYzVnOE9peVd2Y05kdmxqRWZERm5MdkRFLTNOc2FITUNpSF9jYnFvSVYtdzB3UGZXMC16d1lIb0xkUHJ0T2wzZTUxZU1Ka1FqdnF1dC1fbGwtOGNSUVVf?oc=5
MRK,2023-07-18,Johnson & Johnson becomes 4th drugmaker to file suit against IRA's drug price negotiations,fiercepharma.com,https://news.google.com/rss/articles/CBMivAFBVV95cUxQMVRzSGJwaEJFVzdCVXMtSWFLcFMwVXB5alVOVnhfUXFFbEJvbXVuUElDcm1sOGVGMENWYWV2aEdZRDVRR2xvanlpVG0xZlJlYWxvemNWWTRuQXQ3Smg4SFRnWDJUbms2NVQxWGZkNnlsQ2xUck5RZ1dlRGlSSUJuN29UeUF5cVZReHNBZmNhRlN4cU9mbU9aZ25mLVR4RXgybXNXdTdqbDcwMWVJc3lURlhKLUtIMDQ2LWkwQQ?oc=5
MRK,2023-07-20,Former Merck VP settles with SEC on insider trading charge,fiercepharma.com,https://news.google.com/rss/articles/CBMimAFBVV95cUxOWlE1ZUVuWTdjUEg0TGlSdXlCYTJ1QjNlTms0RTY3czhNQ0haX2tFSEIwUmFfZkwxNThWQXdmNEhxWVpSMER1NUxZd0tUeVBMVnJaR2k0TlBsU1hFS2pvbzQtTlNfZEtCLUlOZVRiOW95VzcwZExlaGt5Tnd5MlJUM2x0OFhLVEJXLURmaGFOZ1R6akdiNzlXcw?oc=5
MRK,2023-07-24,Top 5 largest US pharma firms’ net earnings topped $81.9 billion last year: watchdog,The Hill,https://news.google.com/rss/articles/CBMixgFBVV95cUxQVEJ2eU1nMHB0ekxLTkJWcGQ3MTlVMUZUa3daY3ZhbFpNQ0tNTlo3azFBREozT0oxQUxpazVsanJLclNWRXJ1SHJMa2Q3c2pfNUtFOGRIOEs3UXdVblF2YzZPQTdGNk5rdXRCVGprdWpnbXlZYURMVE1oU1BFekYwM2FrSkVqUTNvdmlrOG9XZVNnYThvYUlFXzRxeThJaDdtM1o5eUtfbUdPMmw4WlhjeklGUWJpQkY3MDFfelpPemliRFgwdnfSAcsBQVVfeXFMTkVwLVMzU0oxd1FyNUlubEdzczdCZmx3Q0hRb21aVm9pRk9uU2FCNEZubXh1eXFuOTBRZ3BFTnZFME1nTWtoT0JkLXJQSTl0bnFIRW5YTU9vU0ZJd3V2dHpkVmJBQURBNW14NzZWZ1FvU3ZhNnBBU05tSlZSRWZkN0M2SFBOdGNyNzdsWnRzeUpTQVc5TWx6ZWVDbjRpQTZ6bm9ZLXlGOWtsd21PS2NtbGo0LVZGME5HMklXcV9GVGltTVRvdm5XbThydFU?oc=5
MRK,2023-08-01,"Bristol Myers, AstraZeneca settle PD-1, CTLA-4 cancer immunotherapy patent suits for $510M",fiercepharma.com,https://news.google.com/rss/articles/CBMiuwFBVV95cUxOMHFJT2ozQnV4dmkyMTlHUVRyMkhDSGgyWHhud1l1VUFGVHE5V29EeGtmTTRDRmJCdHFTN3NQNTMySUxFOWRTcU42SmFMbHN6Zk1IT0RUWU9PR2V3MVlEcFhlX3RacWZSTXc2bWNRUDNkbWFMQW4xMjZKdTEzSUU1THM1eXZXWEdtclVQZGNZSnBVX21ldExVUE5qdUxibHNfLWN5NHRoU2E0RmdJdU9USW4tUUNIdFBTNHN3?oc=5
MRK,2023-08-01,"Merck beats on revenue boosted by Keytruda sales, but posts quarterly loss due to Prometheus deal",CNBC,https://news.google.com/rss/articles/CBMiekFVX3lxTFBzclFxcmdjVUpQeXlFS3Ztcmc3M1QtQ3BaZ045ZmhqdHAzYWs5VEFRbkptQkhId2t3UlMyTjNVNjBTZjBUdDlhMjNVZFF6WlBRSUlYT09CMnNub294RVdzUXRuR1Zla0hIOVZ0MmZrazc0MkJvbFJXdEt30gF_QVVfeXFMTmtoY2NZeTVtU1hYR1NSdUstckJLc1FkNzVZZW80T2tOTElOMFY3M1cwb0lmdDhUMmNJNlVaT0xSM1lubVpWMGJybmFLMnN0TllmYlZmZHN2YXFyZ0V5TWEyTTlocVlPNmlTYlJPUkktOUIzeTNiQ0t4NXZ6Q2Fabw?oc=5
MRK,2023-08-01,Merck & Co. Inc. stock underperforms Tuesday when compared to competitors,MarketWatch,https://news.google.com/rss/articles/CBMiyAFBVV95cUxOT0NTcWZFaVI1NU9TWnF0OWx0dnFpNzdXaTVuR3Zya0ljMXVlMDVMWGFTSzgwdHJORmNBTlVSSFNsbXA0VWMyMktpYXRlVE1RSzR4WF9oLWNiOVVlQUt3ejd5aHZyVGo5ZWJpOWo0Q2U2X2tvZ0ZxMjNhSkpWMmEtSnhFb3ByTGNYWW5IVTFYUWJ1aHN1WWtPZnExWmlOcThSUnNLRUlWdE1BOU5BM3Q4Y0pscVh4TmFZcmxKUG9UdXRfZXRsd2pQNA?oc=5
MRK,2023-08-07,Anti-venom shortage for black widow spider bites may be ending,The Washington Post,https://news.google.com/rss/articles/CBMilAFBVV95cUxNaTdyVVlRWlRKNWhCMHJ6WG16a25nZHFWUjFCREJ6SVNwdVV0N2JFa1ZSOGxvNVhtNThjU1dzOHdLTlN3ZVM5bzloV25sdGxWR2lXenFOSzdxVUJIbTY0aUR4dTdLRVJTT2RuSUFfTXFxVWo5VDhnNXNCUWwxQm5KZEVxelo5NW9tdFU2ZzZmVXotOEsy?oc=5
MRK,2023-08-11,Buy Merck (MRK) Stock Now to Ride a Wave Higher in Healthcare,InvestorPlace,https://news.google.com/rss/articles/CBMimgFBVV95cUxQLXFTcDJYbXZlQmNYZ1YwRU5tUi13NDhSREJNVUxvQ2hLeGlKWmt1YTFXcFZEdFF1X1pSZGxrcEhFcVhxRjFiRFQ2M2NvbWprejZkTVlqMC1kWi1SeG9TUkwtU1Y0Mnh6M01mNkNlSHJFTmJCWF90MkNEUjFaQ05XYlZUU01JLTR1NEpiTklXYnVHRWtYT2oyV2h3?oc=5
MRK,2023-08-15,Conservative Stock Portfolio: 10 Best Stocks To Buy,Yahoo Finance,https://news.google.com/rss/articles/CBMiigFBVV95cUxNWEV2QUpKRUxHUF82WHhoOUkzaENuWExhNjl1cUk2WEVrWnp1UERxbFp2eVZKMFZBb05Sc1VsOHJqWlZ3cllXZzZ0MDdTcjl0a2MwVURuSWtmMXVkbVhDSXdoRGVIbkcyN2xlWUwwZHdIRUFBZmw3andEWmpsZm4tRHZQNmNmcUJ0MHc?oc=5
MRK,2023-08-23,An Inside Look into the CDC and FNIH,Pharmaceutical Executive,https://news.google.com/rss/articles/CBMidkFVX3lxTE1KVWgwRDdrSjBwd1JPRDVnRkVzX1FQUENGZi1DRGpSN3VPNmVCa1pZdzcwOW1LaFZTc2FlajMydDNIVFRMUm9wNDFaV25heVpPc1NydHRLUUdDMUlFbExiWmJXYjJMUElkQXJ1b2g1WkdlYm1TYmc?oc=5
MRK,2023-08-29,Better Pharma Growth Stock: Eli Lilly vs. Merck,The Motley Fool,https://news.google.com/rss/articles/CBMikgFBVV95cUxQZnVMYkFGeWsxTlZzb250Q2lOSUZ1akt6YnZtaVBNcEc5SG5GS0d5TzN6ZkRmWGZlTUE0bDhhUmxMRFlsWkFtRWs5cGhDbmxqSmVyN1VTSlgyVW16LVYtdGtNQ3Z6MWY3d0F4X29MQ1lBM1NWRm92TTYxQk12TXJjX1hCQ3g1dzROdUpUamxWT1BrUQ?oc=5
MRK,2023-09-05,3 Forever Stocks to Buy With $100,The Motley Fool,https://news.google.com/rss/articles/CBMigAFBVV95cUxQb3I2Z1BNTUJ2QTBiR2pXcUd1amZFcmNYcVlrcy13MEUwQUFaMWtsMllkckc2c3owSnJxVEQ0QjdvWWgyNWk3a3RLbFYtcjZmbWpKRTl6Y0pzeFdaaVQ4V25vWXlwd1dSQUx5MEE2dGVOVWE0RGhpN3ZzWXdmQmg2eg?oc=5
MRK,2023-09-07,"Patent cliffs, divestitures and maturing biotechs all point to more pharma M&A: analysts",fiercepharma.com,https://news.google.com/rss/articles/CBMisgFBVV95cUxNdUFSeUw3TnFMcURYLXVlZkxkYl9FMVlES0hFYXNmN0FlcE5VeFFGaG5YX2tUWnNZUUVXbmhIOFZOc3hmODlibTV1V2FVeG1MMlB4RGhsaWsxd0VnN0JLMTZhX0ZIVzNLd293Z0tuQ1gtM2NJRElPbXBMclZYQ1pvWUlNOElmT3FsLU53S0ZWdnlGeHFDcC1HSGZMUXlWbWpFZWRtNklfa0trSGwxMU1pMjVn?oc=5
MRK,2023-09-14,"Hipgnosis to Sell Nearly $500 Million in Song Catalogs to Elevate Stock, Pay Down Debt",Variety,https://news.google.com/rss/articles/CBMimAFBVV95cUxQOG10SE1IOGUydU5xcTNiMzlSdkQ5Wk1CcWs1OVJQS0Z0OHlpNHNxbGxIb0JaWE9ZRlgwTEJBLUF5LTl6MG9CMXM4c3Q0SEk2dUNObnlndE9pbXpwWGdac2xYQVcyOXBVYktfbHh6UC1CLW1QZVZYMDRSNU9vZmlMRGhvUl9hZk9sTFFWdk5STXk2SzAxa0pQeQ?oc=5
MRK,2023-09-15,Is Moderna Stock a Top Buy?,The Motley Fool,https://news.google.com/rss/articles/CBMieEFVX3lxTE04WGdwYXh3V1pjLWxUcThuVUZVbFdjc3ZDcjNqMjNTSTd4VUxZeE4yWktmUjlZUVk0WGFGbjJfNjJsVk9iaVpDbEJwV19fV2dtOGFpTlQxbEtLVl82b3lSMEh5NUFESkZBeWIteDN5YkcyTHVydUg3SA?oc=5
MRK,2023-09-15,Hipgnosis is selling off Shakira songs to pay down its debt,qz.com,https://news.google.com/rss/articles/CBMihwFBVV95cUxOekxHX2lMbGg3eU5DVDJLRlZwWVlxTHlUQTBlWW1DbjYxbHZudzJXRXB4dUE1cW9Ib2MtMEtmOURiVTJuWFJXdEFpQU9HbXExQ1hFYW9kaHQ4ZklDel9WWUNKaVl6emZRRW5CT0t4MTVvdjQtZkFWXzVDeDk2cUtKUVpBT25KWkE?oc=5
MRK,2023-09-18,Why Shares of Iovance Biotherapeutics Jumped Monday,The Motley Fool,https://news.google.com/rss/articles/CBMimAFBVV95cUxNZHppUjBpeFlob3dONmtpVjMySDRMY3gtZzZBOUpkVHF5Sk5YMTliU0tleE9LXzFOdHJUSjdDeEhvcFRLZVQ5ZWprZDItOFNQZkRiQlpoSGlVVGxpYzVoN25LWDNTNmJ1MGlPUFFZQVR6QTNPYUVQVm5UNV9GcHg4djZhd0Z6bnQyWDZMOVZCNGFqLThIWDZtMw?oc=5
MRK,2023-09-20,"Merck KGaA doubles up on AI partners, tapping BenevolentAI and Exscientia for drug discovery push",fiercebiotech.com,https://news.google.com/rss/articles/CBMiwgFBVV95cUxQSGNRVFVEeGVublpYUUx0Y05QVGRONE9paExranJYUWhUaDBDRXdqOXc0NG9kd01qYm1IU3psS19qR3RFR0E5dmI5dEhDWDh6aXZtb21TaU9EQ1loNUZMR20xRmpSY2k3bkc5cVdHa28weERmZ3JmM2hkcjI1NWJRTThld1ZrYk1kQ2pJX2xfUUFTVUxpWDJER3Fsc1lXUFJMaDNVV2dSeDBEMkEtUGU1VFRxRDhDSElXUUlfdy1wYXhwZw?oc=5
MRK,2023-09-22,Seagen-Merck Bladder Cancer Treatment Shows Positive Results; Seagen Shares Jump,Investopedia,https://news.google.com/rss/articles/CBMitgFBVV95cUxNNDQ5Nk9lZExJTVhjYkNPaXNleXFodVZ5aDFQME10VWw0T1NZVU1Nd2s2bzZTNDYtaDUwY08wQ0hlMGhfQlBBUVFHVUs5U3IxbVZqUEdTbFh1VXBwcVlneF9JeUpvODJMUXZUY0VkZEg3UWtTeU12dFpreFJQLXRvc3ZmNGw2SmtMb1JJQUlZTmlPLU1wM0tkWG9KVml5YkRkbmo2bmVra2xYb3pMOXRLTTI5Ym5IUQ?oc=5
MRK,2023-09-22,Merck Vs. GSK: The Game-Changer Race In Pharma Excellence (GLAXF),Seeking Alpha,https://news.google.com/rss/articles/CBMinAFBVV95cUxPOUk5QUNBSHQwTXM5dy1DSFpLQVpFSGs2OXlDZ0d0SlZUbG11UEJoTEhRM0U5bndEdFVXNHYwMFVkMURkRS1PX3hybEs3Sk9zaGhyM1FZSERiSTM5R0FzRzFmYm9wOExFWUdrd2g0T3liSUhSdEJBSFhmSmE5SndPMUYyWV9BaXZZSUF3Q0xJcXM5bjdsdVJEUWNhaTI?oc=5
MRK,2023-09-22,3 Reasons to Buy Merck Stock,The Motley Fool,https://news.google.com/rss/articles/CBMie0FVX3lxTE1iNmxsV255eTNCSlQxeHFXdlM1TDhyd25CX3lKdEVlSnJrdUJBamVtcXRNSkp6VzhKNFpxdDFDUnlULWpzTF8wRDZoTW1fVzFlTzdSWnc3dlRYMC04Qlh4MGFxM3JXU3d4bzY2M1VKMTJZbHlVcGxhTmNxdw?oc=5
MRK,2023-09-25,"Merck Covid drug linked to virus mutations that can spread between people, new study says",CNBC,https://news.google.com/rss/articles/CBMilgFBVV95cUxNYUplV1ZyY2FkUnYzalRiOVNPS0NvdDk0d1hRcmdUVE5CLXZmTklmOVhsaHFEcmhDTFhfTXROWU1ETmJCQU1YZk85a0hfdG9tRG9kSzlTZFhxd1RZTEwzTTBpck9BeGh0anlyZFFQblJwVlNyVF9NZmZLOURFSjBYdU9nckJ2WEFrZk9zUHAyakU0Y3BzN1HSAZsBQVVfeXFMT3BhZ2w0ZjVRVEVsMEVoZGhMTEMzWVBPa0V6dlgwQjRXOENNWUxXN3lOal9NUmVnQmhPVllUaDA3RHQxZXJCelVpSkk0ZWJjOVRWdEpGNGhjU1FDdzFzcnBFSko5cVZpTGV2eEFqQ1J6NjdfZXBhY1h2MWZGNmhzYjc4bDl2MV9fUUR6dzJZODRjOWNZVGtwS1JyTXM?oc=5
MRK,2023-10-03,"Novo, Lilly, AZ lead pharma growth through 2030, TD Cowen says",fiercepharma.com,https://news.google.com/rss/articles/CBMivgFBVV95cUxNOXpXQm5LUE5RZE92cGhCQ2tRWkROcE5ib19RalgtQ09nc1RtRHJYS29SUUg1QnBxdXhmRTZZOWJ5VUlseUFDaXhTVWFYV3pBMGYzU2k2LVNQTk80c0tlOEhseFQ4S0Q0ZjllZ2stLW9YTF83ZjhPYW4wSS0zSmY1Q0ZqUFd5NzU1SUVrRnVhUjNnNDVza1dfeDhPMTZRRHA0dWZqTXAzVy1CRUVFOFdBY1hLZk9ES3g3R2ZNMXhn?oc=5
MRK,2023-10-07,"12 Stocks to Play the Future of Healthcare, From Our Roundtable Experts",Barron's,https://news.google.com/rss/articles/CBMinAFBVV95cUxQUVFLS3ZMTGd3WW5fWkxDRHI4cUsxREZiU1ZJY3RnTksxV3V1Sl93MnVxUjdtbXd2SVdUQVU4d2pYOHRDX1lNMjJFRkZsSUVHQ2htRThZaWpmMFVYeEFTRjZjcjh1SWNrNklCU3oteldmbXpYcWc5SmRydWxTeU50VEJuWmRwNHFwcGpVd2F0clJ3STNyTnNCU05sZ1o?oc=5
MRK,2023-10-09,MRK Stock Forecast: Will (NYSE: MRK) Surpass Yearly High of $120?,The Coin Republic,https://news.google.com/rss/articles/CBMipgFBVV95cUxPSWdKUVNxVllfSmJ4TzljQldOajZfTnJSUWltWTdqTjM4aExxTGJUaF8tS1dJODM0Y1VwSFdOVDNFUTVDQ1JsMk5zQ2hmaUxQUmlpT3pydW1pOFItdmFybFBlWThfUUE2VUpseDU0ZWo5LXd4Tm9UTjZvUnRWQmUyUWNPTUtJWU5tenRYRGNlTDVfcC1VTlduYl9RTVZpRl8zd19FeWVB0gGrAUFVX3lxTFBtQlVBcDZsY3V2T3VSeUVVOUJmdjE0TlFFSUVqc2Q5WVYxcVNsaTZpcGIyMDNnbzZtR0wxSm5pZlR3eW8xVzVpVGl5Wmx6Sk0tRnktZlJ2el9pSG5KM3R1Yy1pMWtMVDBIMy1MTUVZZEdjWE9zcE5mcjFOYkJjSWp3MWR6cnhKVlNxT2ktaUhEakpVWFdEclRBT0xnNE83R0JuZXJvS3NrTk91Yw?oc=5
MRK,2023-10-12,Buy McKesson Stock. Ozempic Can Lift Drug Distributors Too.,Barron's,https://news.google.com/rss/articles/CBMihAFBVV95cUxOYjB6b0xpTlIxZXBBbWFTOXdFVWgxX25Na1pBQzhGYnl2SlNSdU40ZGd0R2x6ZUplYzI4ZWJtWEp1bEVtYzV4VmZBQmhHeEdaWVhlUmZVVHZtcFV3LTlRdlhOZVM3aldUOWVzM3F0MEg3YVBraW1zd1JXcWlhS2N3SUpQLTE?oc=5
MRK,2023-10-13,"Novo Nordisk hikes outlook on soaring demand for Wegovy, Ozempic",CNBC,https://news.google.com/rss/articles/CBMiogFBVV95cUxQUFFhNEZSTEdZVGxfc3RhNl9TbUhVTnM4YU1VOS1OZjdMZ0FodTFfaGp2R1l4bHBDLWUxbFJydGQxbDZFODQtaURFb0c2Ym1TUl9YZHVTQ1FEeUV0SDJWWXhCeF9OcnNWU3NkbUh0ZXFNeVpORFFUWE5iOWw1alZjakktaHVCeUtFbnlERXBJcnVhQ3AyNWlTWDA5M1I0MEtrQ3fSAacBQVVfeXFMTlVXV0ZibEJsckw0ZWhLaWJTVGNIRnc1d3hFMndrOXZuY0VJbGhaeE9KMEFNMFphM21rUWFMS0ViTE1lWE5iRGoxMDdVT2Z5X1lZZld6M3k3Uzl0QlF0Q1dUX1dqT1FtTHRBUTI0c2N0X1d5eXZBdTJYS09fM3hpenlBSWZHQlRmaklOYXZOdGlQSml0TXZvNlpuZl9GUXQ0M2N3Z01XYjQ?oc=5
MRK,2023-10-16,CHMP Endorses Merck's (MRK) Keytruda Expansion in Gastric Cancer,Yahoo Finance,https://news.google.com/rss/articles/CBMihgFBVV95cUxPMkhMVzgwUjFtbkhFUnd0SjFuSWt5akdGOXZCYktmcVJqZjBPbVZmZ0NzbUI0eWN4bnhKVHFaUDlJcGRsVFgtSnhNTGNQNDBTY3ZHbFlvbU5WdE9ITjk4dnliOXhOZVpUQlJkZVhLalpGU3dEc0cyWnd4RlUxd3RJU3BkM0xrdw?oc=5
MRK,2023-10-20,Merck allies with Daiichi Sankyo in major bet on antibody cancer drugs,BioPharma Dive,https://news.google.com/rss/articles/CBMikgFBVV95cUxOdXJmeGNhUVdENEwzUzJCVktxUkJQa1E2eXVNaXNtZk82c2lBZFNlY3RFTGM5OG9LZ1BWeXNNMzk1OGpzZFA0YkJESEl6YkVQakllNHZFV2xiOWVkM3Y0TnB3aXBkUXpFTVJERVA3OGFCZmVEb0ZfRWY1TDlrcUcxX0JUQ1dLdXBMUVd3Z0xjWGUtUQ?oc=5
MRK,2023-10-21,ESMO: Merck exec sees signs of 'prolonged benefit' from Welireg in kidney cancer,fiercepharma.com,https://news.google.com/rss/articles/CBMikAFBVV95cUxPd2hWbGZIZEwwOVUtRlR1NjBzblMxZUhTLXpuSHh5MlhIMzIzRENCdGlnWlhoOW5ycDExNlFJVW5OenUyRlFxd1VGYVptcW9kLXBjNmpPQUFuNk1ycGdISTVEM0tnMzE4YkxFVTJKbm9RWWtsZzNkNU5TLUlhNnNHdVpBZ056RUtaZXVKSl9DYS0?oc=5
MRK,2023-10-23,"Merck, Daiichi Sankyo Ink Up-to-$22B Cancer ADC Collaboration",Genetic Engineering and Biotechnology News,https://news.google.com/rss/articles/CBMiowFBVV95cUxNcWNGdUttazlDTEZSb0hlaUVmMHh2TVd4QlpnaVo1TmwtaFBlVDRMa25COUpLa1hhX1Z5UXhUOHdsaWdrQmRBMnFWSnhWaU85RXBaT3pkNUtLbkpjQUx0TElXdHQ2emt3M2dvbzFXSnJzcG5odVpuZDFFbGdPcEpmMXpoR1lfMGozclhmSnF2c2l3alVvc0xrenNuT2FLX1dSMzVN?oc=5
MRK,2023-10-24,Staying positive with pulmonary arterial hypertension,Merck.com,https://news.google.com/rss/articles/CBMijAFBVV95cUxOcUFzbWtjd0RXUlpfVVUtVFVmdFFORFpnSGl1bUs5N3JZM1hXMl9DQnE1LW4wMTdwaXlBMTFJaXh2REtLeVhkQXlENm9XUTJoM2RTQmVzTHJwblRjZlZzdW92LWxjSmJ1elhGYVR4ZDNBam5aWVhEdUxValdadTNSYk5ySVZsN2pvR0JIeg?oc=5
MRK,2023-10-27,Sanofi loses $21 billion in market value after dropping 2025 profit target,CNBC,https://news.google.com/rss/articles/CBMisAFBVV95cUxQX1RGTEEzcUlrNzdGclMwbHBqbk5NWFNKbGk4UkcyM0FreG1vazFfMXlTNXdXaEpGVzdDREQ2VVJma1dfckUwNDl2ZUw0V2F6LTd1Mm56a0VjNWF2VEN3QXVFN1dKN2M0RjIyanR3VXlQQWk4dFhoV3FrRkk1WldYd056MWZiR0FNMmgxbEh1bHNhcE1zN2cwOGJfU2pxMXZUejhCYlQ2dVFpMVY2aUZXRdIBtgFBVV95cUxNenFReXBNT0FxOFNGako2cW9pMGNPUmdrcXVDcjFIejZOYTJ1dUxCb3NRVmlWUTRrQnl0YXFlZzRvY3VuZDUxZDlVbHptb3hROU9sU1NPbl9ESXktRDI2Z1dUNllPVGoxVGpwOVBpR1R4UnB4NkdaY3hqM0xwejFqVnZxdlV2d1l2dDE0bFVmMnlsaTRRTi1tQWU1N005UG1ma2h1alpqRDlQc2NfOXF1aUg2SnNMUQ?oc=5
MRK,2023-10-28,Total common shares outstanding of PT Merck Tbk – IDX:MERK,TradingView,https://news.google.com/rss/articles/CBMipgFBVV95cUxOQW1HWTBtUVlFYWt3cHpVaWxwanMxTEJISTRob1A1ZVhGSDIwSzFLeHpoajZkUndGWWphcmFSYTgyQmJCUVQwWDFsYVZJTVBPNWpXZjNpX3gxRFJMRTAxZlU2RW0yX0w1NXNlWjU4V2Z5eXNVdUlDS3NSZEJRclVGSnV0aktfOTVSZDkwTVhqaU03VXQ0d2xQOEg2YlZBZmk0M0w1UWFB?oc=5
MRK,2023-11-07,Top 10 Cancer Therapy Stocks,Securities.io,https://news.google.com/rss/articles/CBMiZkFVX3lxTE01T2lXOUNKSVRNZV9FT1NnN0RnTnZlNnBrdXZfSkxFUkFSbE94QjgzYkg2NTdUN1duZ2RTeDJmVGhVMW9FLUlnTGtWWHlPemFZQWFWRmlQdjU5LXFobHJqYTF1dE9zQQ?oc=5
MRK,2023-11-08,Merck & Co Inc at UBS BioPharma Conference Transcript,GuruFocus,https://news.google.com/rss/articles/CBMibkFVX3lxTE1HeTBDR0NUUndISUFxTnRHb00zakEwdFZ3VmdwNXJzTTVOXzZQYXg1MFU3UUY0M3pOTlBMWmF3VTRQZkFHdzBJSExQRWJzTThVVmtlUnNyX0V3WUI0NUplWXVSUXU4R1lqVTBoRUl3?oc=5
MRK,2023-11-16,US FDA raises concerns on Merck's chronic cough drug gefapixant,livemint.com,https://news.google.com/rss/articles/CBMivwFBVV95cUxQYWRWWWRXbHBmZ0gwTjROeVAzNjlNX2tpakJESHdmV0diNGszMkctNjQ2aWFRaGVQMGFTSnhsZVVwYi1TZ1U2eEJwcm1IWFFMajZnQzBxNmdURjlrNVBScFhfU1I3ZnBoYTdYc3BRZ01GZXEzZ3VHRVJPMzdaMmw1Q1lCQXZ2cjNkQ1lDbHBNQ3dZYnlLREJtWTk0X0JJQUdmQVo3NnZvMzZDbU1ycVlTcDJrQm5jaWRMamxRY2E5VdIBxAFBVV95cUxPTzlWdWdGUUotbE9UVkZac3NxN3pGU3VzNW1RN1c5cWYzbmtjaEtqOXhFYmdLU2VxMkhidlpXZGNvWC1tbEF1SG9BMmtiM0tkMGRCZlU4cDJka0g4NHZ4SVFtYTE5TlVfRC0wNEdiLXZINnRkdnNzTlhqaHY3dlY2NW9FLVF0ZkZ6UUlRNnFZajFqQ1RzOFZuOWNNQldHWGxTMFdqejF1YkJCVktqblpDbVRIdUxmQjd1ZjFSV0haWlBab1l5?oc=5
MRK,2023-11-24,7 Warren Buffett Dividend Stocks That Every Total Return Investor Should Own,24/7 Wall St.,https://news.google.com/rss/articles/CBMixgFBVV95cUxNSXY2bmttb09oTHNqZUZRaHdFeWFtSjJDSGpVbkpUVVFLMjBJRWpFOHJUWDM2WG90MHlLMkRRN2dENC1GdzBFajdlQk44RGd2am5yOVg1a3h6bUtsRGNJUTlRYUlOU1Zza3czRU8waWJvcHJwWElDck44ejhuVmVreGlzZ3QxaFdpd2tmUGx4STJlLS1BalFReGdDS3I1VTItQ3JaNFp6MTZ4MjV0MVZaa1NIY0I4NVJpcE5QVV8wdHJVLUVTNGc?oc=5
MRK,2023-11-29,AWS expands collaborations with Amgen and Merck to advance AI in drug discovery and manufacturing,drugdiscoverytrends.com,https://news.google.com/rss/articles/CBMizwFBVV95cUxQb2NnUGZOOThwTnZSVkpzQllQWFl2Z3Vpbkg0N25YcThaNVJqeW5LY0VNY0NRMXRSYTd3UXR2SldQWGVsOXRXd054NXh6YnNialdrRW5VQldkOHRKNkk3X3VnUFJtWkp4OXRzamtHdVp3TUxTcUZqd19reExFRlgxY21RVnFrelI4VFF4VFBmQ1ZrSmtWX2xxRm42cGw3Q3VDWjJNQ01WMG02OVdTM09Oblg5VEVEQkxjSnJHUGExM0g3Y0dXbTVGa0RHOTBmelE?oc=5
MRK,2023-12-01,Tharimmune's public offering; Culmination Bio raises $10M; Pepper Bio's seed round led by NFX,Endpoints News,https://news.google.com/rss/articles/CBMisgFBVV95cUxOUnA0N2Y2bEZmV01OemZRQ1M3Z1A0YVRGNjlxTV90eDR1enBNSk40a24yWjB4QjN4dEVDaWFFVXpiby1hYllodjZBOGs0UDExUUJIRUEzdXNfcWhIX2pFNlpfQ01lbXNiRTZQVFozOUVWRnY2eThibFRqVmE5bDNYRTZmSGtqM2FhQzYwSTdhRWRiZWRSVGZUMXV4aHBHcl9QTnVBdUQ0ZEV4RTZLR1lVMkpR?oc=5
MRK,2023-12-01,Accenture and AWS are helping redefine pharma R&D at Merck,drugdiscoverytrends.com,https://news.google.com/rss/articles/CBMipwFBVV95cUxQSW0yRjlFMGJzZnBjQXpfbWlqVzkxQk5WR1JsR2sycGNvWmtJMDFGUjNFTUZfZERSaldqejY0Z05GbXMtcTEzV1g1WlBHcFF6dk9aWl9zTDlFUktybC0tTHhUMzdLbUw4bnVJcl9yTWZTUWxiWWlUUUNyNXQyQUI3TWwxaDk3VkhHdk9XM2gyZnZxM2NLam9pVTZDQzU4SmRKWHJ2WTZkZw?oc=5
MRK,2023-12-02,16 Top Stocks to Buy Before a Market Rally in 2024: BMO,Business Insider,https://news.google.com/rss/articles/CBMinwFBVV95cUxPT1BUZWp1NDJfTm1IU19Yc0Z6eE5DaEg4NTFFWTJSRUdHX09iTExTOG1wNEtKNmUzY0t3T2R6OFhYUkw1Rktoek8wUUFZLU96NTlwMGI1ckZSNllOVmM4a0VjVFJUZC1ZQk1IVHQxeGN0dlJUQWZKV1pSRmlqMmNEVlRxVzFxS1lPcEUxd3VyYUdkUUphQ2ZZRlRpOTJLRGs?oc=5
MRK,2023-12-06,German Merck’s MS drug falls short in pair of Phase 3 tests,BioPharma Dive,https://news.google.com/rss/articles/CBMisAFBVV95cUxOX2ZxWWVOSGtfYUJQbjB6THprLXczTlZNTUVwczJjWV9xU01Fdkl4SXdmcUNiUUpKaWtjZXZKX19ocGNGc3dPVHBiM1REekl5RHBHV19IejZXdTY5TG81STREMjc5N3lLUng5c3lsdnVRcGZKZlFBeHd0OC1XZjY1NVRvMWU2YmR3QjNpQnVMYVJfUjducWpOWGtTZWdYaHQ3b0ZCUEhpUXdHMzlDVmdNWg?oc=5
MRK,2023-12-08,Fierce Pharma Asia—WuXi Bio's plunge; Daiichi-Novartis $182M settlement; Merck KGaA's Abbisko deal,fiercepharma.com,https://news.google.com/rss/articles/CBMirAFBVV95cUxPUkRlRmswRmtSeHNNeEdYcXNBdmJLVTVmd3l4RXotYmhxbng5VXpnN1FxMVhYY2otWVUtVUM4UWVWeGxRc0RhdUVOZnhrcGpZME1LZXpidXdqWGlXZ2ZSTFk2SGloZWhZM0ZnOFRxSVNrZTRCQTVSSnBpVndhV1pxVGdKb2pTTWFNWkZmUFp0ck5VNkJIU19aUTZVaE5aZUhzdmE0NjA0WjNLcTlp?oc=5
MRK,2023-12-12,Why Is C4 Therapeutics (CCCC) Stock Up 98% Today?,Moomoo,https://news.google.com/rss/articles/CBMinwFBVV95cUxPdWhrdDVsU1NjU3FUS3lMbUczYVZuWXhpdFlDSUIwRFo2TFNXaXp3RXdzZXRWYUlDekRYYVNLTHp4SF83RFZBeDhLZm9ucnlrUDU1VDJOakY0S2hpQXM2M0M1YVAtRXItZnF3NWxRVktKVll1cFU1T2MzMEVTeXpKbUVQMzdQeTkteDNYdG9zUjB2NkpPVk0yOEY1Q0dKU2M?oc=5
MRK,2023-12-12,Why Is C4 Therapeutics (CCCC) Stock Up 72% Today?,InvestorPlace,https://news.google.com/rss/articles/CBMihwFBVV95cUxNa0w5ZV9LTnQ4OG9xSFRZTXFrRXpuck1ldEphSjNuVDhFSHppQk9oc3JVRVdXdmFLQllzejVSTktRaGFNLWxQTkducHluNy1WZGNxWFVDLTRrWm1oeU1obkUzX21VbjdGV3BUYnZpWmt0ZEVub05DUktmWWdmZ2ZrZE9RVWhsOVE?oc=5
MRK,2023-12-13,"A former CDC head on key R&D areas, public trust and if we learned anything from COVID-19",PharmaVoice,https://news.google.com/rss/articles/CBMiiAFBVV95cUxQYzVDM3ViUC1fb1RuWHdCWG9QTlpPd0tDc1JpTW1JZWU5SWlnZUlJUjI2aWtOS2RFUW81dy1VZFRSOFh3clYtOUV4RS1kMTJ1WHU4QzNzRUwwaXU1QWNWcWw4LURYSWxmbUk3WXd2bFZ1WTNERjB0UkEzb1J1S2t5dnlmNjNmNkFs?oc=5
MRK,2023-12-14,"Moderna-Merck vaccine cuts odds of skin cancer recurrence in half, study finds",CBS News,https://news.google.com/rss/articles/CBMifEFVX3lxTE5VRzVoN3EyMnliZF8wMWVQV2VRZHR4ckRmT2VKM0F0dkowOExZTzJWZHUzV3c3RXRaNDlXWFhHcFpYUlRpMGttQ2V1anpoSjJpd1NFdTc2RzY3UXB0MHVMeHAzcm1mRFg4OXU3TEVwaWpSdEdGWDFOWnVtbDI?oc=5
MRK,2023-12-14,"Moderna, Merck vaccine with Keytruda cuts risk of deadly skin cancer returning in half, data says",CNBC,https://news.google.com/rss/articles/CBMiogFBVV95cUxNUjRmcGU1d2pMZkxZaTRIWjZicy04N2RyeFMzNFBHdkJRY3BLMnJheVlfdUpBUmk0bU5qRUptaWZ1bm0xcFNBS1dLQ1pVVXowb3FNRXFiV1BXNnBvVFJVSVNiLTNGSU05NVFla1NtNTMwMm1NcHhISlVuZWIxbFZ6N1kxMjNjclhWYkpnaXdPbzFraWdWTVhMcnJ6SFk2cm9kMUHSAacBQVVfeXFMTWstUENxSWhtODd4Sjh5YWZxY1VqMHRCb1llbnhGOFI0UFlBVGg2M2RZRUsxY3JHV1VKeEFtUXVNQWRac3dodnlKbTVxY2ZjckY4U3dKcGxFSTlESFBOVTVuSFhlby1EaU9CYjg4NUI4OE9mQ1hDUUdQT3hNcXJNSXAxWFVsMjk5RDk0WUFlSENSY0hueEQ3V3FMZURoSllqUXRNeXZBUDQ?oc=5
MRK,2023-12-15,"Novel Cancer Vaccine Plus Keytruda Cuts Risk of Death, Recurrence by Nearly Half in Phase IIb Trial",Applied Clinical Trials,https://news.google.com/rss/articles/CBMi4AFBVV95cUxNZy1faGFIWk9aVndKd3diWlpMa0NHRUlwd2pvWS1QMWdGTk9Xam1xeGlwS0g1Yk0ycXRjOEtnUC1YUk9xa2RzeWZnTDU2WkV6YlVwQllYa21kRlRjMEJMOWRDQjREZEdYWkg0TmhPRkp5Uk5vSV9EejcyMXVWeW53Q0p4ZW1uZmJSMm5iTzlGUjJFZ2lEWXpSemhBVE5ZV0ZlUlVLQ3ZiSm83V1VwQTFXSmVlWWpxN25pT1N1TmdWOGJCam1paUlIWTRwWDNuV04wUkJtLUVibFBoZlBTZmdUSg?oc=5
MRK,2023-12-15,FDA Approves Belzutifan for Advanced RCC After PD-1 or PD-L1 Inhibition and a VEGF-TKI,AJMC,https://news.google.com/rss/articles/CBMisgFBVV95cUxPdHhTcndYYVZuWS11MnBrZUJ2WGpjNEE3b2c1Z2VjUElLMVNDcGpHMWE4aS10WFAtdjFEMTg2YTRyd0QyYlA5MUZGdWxXLVZCS19ieUwzaG9GcUNiX0hRRWl3Z1hISEZkMEFOeTM2NW5Sd25iel81RjluUXR1dXBub1hhS2EtMmQ2WXZSNlVGRmYtSmlSNHBRVFkxMUU3ejkyMEdjMU9PWnk2MDV5ZWwxTDRn?oc=5
MRK,2023-12-18,StockWatch: Positive Cancer Vaccine Data Wows Moderna Investors,Genetic Engineering and Biotechnology News,https://news.google.com/rss/articles/CBMipwFBVV95cUxNeWlfZXlkN3gyR3lybWtqRGJKTWphckh6SGprMVdYUVdoaTBDd2xEamdSbjBydW92RF9nLVFselRwYnhsVzZBVVRDVlZLM2ZGUW1qRUZEM2VSNFExaU5RZHdoS2d4QmtuSWRaSmZpYWZ2aE5DSlBHNE9uWlA3dUZrdVBVYkI3dWNlY2ZSUm1QbmlnV1NKbVJNLU1FVzBobzZ3cXowMzdXTQ?oc=5
MRK,2023-12-18,"Merck, Astellas and Pfizer bring down the house with Keytruda-Padcev FDA nod in bladder cancer",fiercepharma.com,https://news.google.com/rss/articles/CBMiswFBVV95cUxPUGR0TDNZejVlR1hIZk9mSmJacFhZRk12NWtjNmVUTm82bVoyVXhvSmJzTWw2N2JpMHRqVy1GMHZJTjlrWDdLSlNmc3d3eGVBeEZROWVkT1pMRlBaLVRiYmdlSlB4X2g1dW9wR2x5U3UxOENvWjdwZjZ1UzRKQkdxN0RwT09CX2NubGdIME5fTS03RUpoQTBKTUJwdjh3UEl1b21yQUNkei10eWpvS29ydDRjRQ?oc=5
MRK,2023-12-19,Better Dividend Stock: Bristol Myers Squibb or Merck?,The Motley Fool,https://news.google.com/rss/articles/CBMimAFBVV95cUxPR2FTLWYydW9seGNvazViWkVWX1g1X1I0MVRNaEVwVEpfeGFWYlU2dnNNMWZZT1VzeXhIdkZibTlpZklhQnB4eDNUdlczdmtPSFRNVWhHZzRSeFlKeVc2U09ZMXZqNkJJT2pVdmFweGw1MWFrWkZIYXY3WVdqT3lYVkpTcmk2SVdURXI2U3hreFVGTnBXcmpBVA?oc=5
MRK,2023-12-24,Could Ginkgo Bioworks Stock Help You Become a Millionaire?,The Motley Fool,https://news.google.com/rss/articles/CBMimAFBVV95cUxNOU9QcVVIbTV6dnY4QTNRRE01R1lUMVNPNDdrbWg1QTVCdWo4aWNIVGJWY0FXQm0wdm1laVdhSklQdThTUkg3bHBHMllMcGR2eVRLa0oyOWhFNGI5eHJlQ2xCQnR5SHVKdjc0MFB2b3pNWFNOWVl6SUlkRFdEYS1teVhrSE1iRXRhUEwwQ0w3MG9abElZd2tjTA?oc=5
MRK,2023-12-28,Storied Boerne property secrets reveal much about its era,Texas Public Radio | TPR,https://news.google.com/rss/articles/CBMiqgFBVV95cUxPWktDVWtvbW5KdlVCV01PX1ByMmdvVTIzRlExWWwxUE1xdkJ6UldqT1pxOThIcmdDeE1NczJpdjlRc1JkaUJISTJtb1hJS3ZuWmpXaUFBdHUyNEotTUZNdFNqMkQtXzRabXd6clNJNDl2U3BLNzNHTkZFRmtmejVGRGRoLVNFWUZkQlk2WXlRVUJWb0Z4QlFVRDUzZ0VfY2FWNUg4aEQ5UmlXQQ?oc=5
MRK,2024-01-02,Moderna stock pops after Oppenheimer says Covid shot maker could launch more products over next two years,CNBC,https://news.google.com/rss/articles/CBMipwFBVV95cUxNSmVkVVo1YnQ0TjBsNm1SaklnY2lqbG1zQ1YtRjZISkt6bThieU1kNWZWWG5JX3RSN01JQ2Fpc3RRTmxsZGVDSW1rZWFSNy10Y0psYTdMQXhrWHUyMXFyNlp0X2FmbEx6Z1VvOGdwVEtIWnpkZzVRNXJEY29mMWJBU19ZbVY5NWhvVG5oZ3Z3RHA4SElwQjBOcERqVUpSSjd4WDN5a2dJMNIBrAFBVV95cUxORzdzc3ZaRDhSZUxiQVJGemJUTDg2Wmdsb2xPVHJ4d1ZrMUZSRjZjRklSdWNQQmJXMF9JZFBhSXpWQTlkcTFQSWV2YW5TeFc0eEJRTzZNWkxTQkRXdlJjcHBMNVR4cjZwTE9vWGg0WmR1NE90TGFyVjVGbThfelV2R0oya3JnSDBwQmRITTNRS2lBU01hbHlfRXVIaV9OMU9oN0pzWEtPcGNtOGJ0?oc=5
MRK,2024-01-05,Can 2023′s Blockbuster Stock Market Rally Continue?,Morningstar,https://news.google.com/rss/articles/CBMijgFBVV95cUxONlhWTlNQSUpJaklqV2VaUTdmWng2b1dsT2xkd1NCMGVJcUFXYlZpU1hLTGhfcVg5MUVKanVZb0psS0J5QzkyR3lfaTkyamVlTGZZbkl1WFNTZDR0LXZObHQtaXUzZ2dQUkh4NUJtLVpQOExSMUhHcWRrU1lTNy14Q1lxam92SHFzVTNOaGpn?oc=5
MRK,2024-01-05,Merck settles with insurance companies over $1.4B claim tied to 2017 cyberattack: report,fiercepharma.com,https://news.google.com/rss/articles/CBMipwFBVV95cUxQZWVVWmFCaEVod19seHVTcEdvMlRkQVRvQnkzNkF3X0VLTG56SFp4TE8wWk1qM3k3a2tMbVF1RXhzVGVDSkp5WTdJVHJ2MDJyU3FiaG93Y2NUZEs0eEpkZHBPbVNzME5nSTVVRXF6UFdVc3VKSHdEOGZUWDlsdUVZbTA3TDdsa1dYeEtHejNRYmM3MkNYVFM4N2Iyd3g3dUk5dXlpVUdCZw?oc=5
MRK,2024-01-05,"Merck Launches Pivotal Phase III Trials of Novel Drugs for Oncologic, Hematologic Malignancies",Applied Clinical Trials,https://news.google.com/rss/articles/CBMi2gFBVV95cUxQN294OHpwcnoydjhZTjVoTXdHWE00LUdyNFdRQVVoQ1FYN182bGFrakFTbnZxTlcxdUpaN1lqdnlRZ09pdGhfMkpZNlVUMHdjYXM1SnZOVWpGeDZqQ0h0aHE0aEpqRlQ2d1dBVVhJeGdQbmh6TzZYVkdoRGNfWS1McWwwOHZWMzRsdXlVeVNKTlBZbHl0MEJncVdETGliTkJEM01kcXZaQkM1cFI2RWd0UzRQMjFUZG1hNnNJOTZabkdORTd6NDdCUTgzWUZEYnV2dG5KU1JVUDZsZw?oc=5
MRK,2024-01-08,"Merck inks $680M Harpoon buyout, spearing challenger to Amgen T-cell engager",fiercebiotech.com,https://news.google.com/rss/articles/CBMirgFBVV95cUxPQlN1cUljZGNwaEl0SHl6aTVXUVhaa3FrXzVkZ3kyM1BhZmJhcURNWjhhd2wtUldBRGEtazZJQWY5NUczak1vd3ZZMldTVXV3cUFrejV4dGZHOHNTaEZSSmJmOFhGVTd6VVRtZW9Qa2JJZFN6czYzRW1lTG52d3NFWE5ya1FhTkFrcnRBYlRDNEFFZGZhUDZzZUZCOTJkN05Ja1VlaWUzcm1PMkNORmc?oc=5
MRK,2024-01-08,US stocks trade mixed with Boeing's decline dragging down the Dow,markets.businessinsider.com,https://news.google.com/rss/articles/CBMitwFBVV95cUxQTG55eFZqOU05Sl9tczVDaWdEZ1BnZDZpLVFjZGR3V0VuS2JqUExiMXRlOEFKckxqcGE0Z281Mm1hSkE3UFlyWFhpQ1hvRFVOWDBDUmdTU3F1UVZWcTdSMThSOHY2VDZfckstcG82VHR0NjBkRmVoZkNNRlRRaEhWVUkxZll3dzdZWnlsZV9KaV9rQkJqR1ZWck9fbFpTSFBGNTNhaEpvQnBsUGRfTXhndDNHREFSMTg?oc=5
MRK,2024-01-08,Merck to acquire Harpoon Therapeutics for $680 million,STAT,https://news.google.com/rss/articles/CBMilAFBVV95cUxPcHNaRzRRYlNuTHdUeXoxWGZfWlNVVEQzRGFuZG1vMmZUM1RXaVVfN0VwWnhvclJ3cU4tdTRuU2RLcUJBd1lPblk2Mnh1UW9fWXRkWTBUa2FqZ09QRnFtSnRVdHBsbDhpNG1jVElQejNvNFhCYm80QUVfVTRnVkxnNGkwVnFZNS1RM2NHMUU2MjF6SXps?oc=5
MRK,2024-01-08,Merck pays $680M for struggling cancer biotech Harpoon,BioPharma Dive,https://news.google.com/rss/articles/CBMilwFBVV95cUxQMkZnc1lmWUlCMUZpaHBORUM3aVk4OHE3Rlp4SXlkYjA5LUJ1YjU3elhXdlB3ZVBxRElFZl9UVzRBRmFYY0xIYUdJWXJNLWNSc0o0M1l2WEtUNkxUWV94cXNVM1dHczVxMmVqOFNJaGd1QXd3UHROX3g0bzVsNFNJaWZkLXA4ZE8yakJVNWd4cjNDeVFQS1hZ?oc=5
MRK,2024-01-08,Merck brings Harpoon Therapeutics and its PhI/II T cell engager into the fold for $680M,Endpoints News,https://news.google.com/rss/articles/CBMiekFVX3lxTE1WajNBamVnZHY4MlJPckRfSkJrbUpCSTd6UjRYT3JHVmMtUmFhX0NWZHB6a1hkMnBxdFp1dENZWGlLRU1YYjN0dS1RWGtOOGpJWUdTR2NfN2pmQU5WZ25rcmc1T2NJNWVtczR5TV94RDBPV2FYc2FoSklB?oc=5
MRK,2024-01-08,J&J to acquire cancer drug developer Ambrx Biopharma for $2 billion,CNBC,https://news.google.com/rss/articles/CBMilAFBVV95cUxNZ1gza3RBanc5UVdmcWVjd0x2VTQwaHZiTjhoeXV0cHBLWTFiZ2N6T0tBNERWVGdlWTV0ZjF3bTJOTThSbzhWYl9zRURrb18xVW5NZ19OWmVwQWZjY0RsRjhURllTVldFZ3pZXzZPS2FiTm91b1B3U1dpTG80SzVoaXVMa3lrbjBJa3p3bVIxcUNCRTlF0gGaAUFVX3lxTE1udEhtdTg2eXhZbVV1cmhidUtlZDVnUEhXOUxpV3FDRGp6d3dCcUVhUC0zclI0Mi1uek1rdWFSaDdSZm5RY0NRRVROb0JLQlRmLVNzZEJoNk9BSlJ0MjR1NThfcmFkTHAyRXc2bkJVcmZzZmpfWDltNUdPUnVselROWGV2VE1VcENzTlBFR3FjVmhLSEhKb1dzY1E?oc=5
MRK,2024-01-08,"J&J, Merck, Boston Scientific go on $6.4B buying spree",Fortune,https://news.google.com/rss/articles/CBMi2gFBVV95cUxQWE1qcllObV9FQjFXeUUxQk9ic1VZOVludHNCZzN1SHk2b0lZMXUtandSdHpHd0NOaE1XSEYyRWhabjVvMTQ3VHJhWUFiTjlFTGstcTFsdlF5NlQ4cF9ET0ZTQ0taNDVKX0xMYi1aTEwtUE1aN0JTT0J5VS1hSVBQRjJkZGw2Y0FPX041ZHhONDdhZUZtSDZKWEstSWVHWUhhV1Z0RmtxdVJhVFUzR2xIZDlZeVg5aTc0WE1LbVVidWQxZXpQNmhQOWl4TklnTU1UdFI5OWVDVGdPUQ?oc=5
MRK,2024-01-08,J&J to acquire ADC drug developer Ambrx for $2B,BioPharma Dive,https://news.google.com/rss/articles/CBMirwFBVV95cUxNa2RnQ080R2Q1TUhCM202X1hEN0tfTHVmdjFWbU1iWU5wUk5HWFpGTjBaa2h0SWpwdW5RVE9ER092RERaYTRCWUoxOEJiMkVRdVNzanlNWW1jN3NIa3RvZnhWT3B5eVlEZ1pqR0hZbGRMTTRaUmZ5a0RfbEEtVnBIZEt5bFh2aFFZVnNpQk9lTEI4WUQ4SWJtMnRmdS1YcVJ0cG9YRDc0QXhLampIdFRJ?oc=5
MRK,2024-01-08,Merck to buy Harpoon Therapeutics for $680 million,Reuters,https://news.google.com/rss/articles/CBMilwFBVV95cUxQSGJ1RG1oVXFkQzBxeWZjeHN3aXdPTjJtRDdTNzZNdkVuVHQ1b25xUTM0Q1Qta1FJS09VZlZnXy1sWXhDSmxfR0xjcTA4c1NMd21RcFdCWXZKWmJ5a2J3YlVoemR1a2wtLVhBYzZBNGItSWp3aTk2MWNGUWhUd2VVV2RCMTc1VWYtZ3d6cW1mSEVxUDkycEww?oc=5
MRK,2024-01-08,Merck Buys Harpoon Therapeutics To Expand Its Oncology Portfolio,Investopedia,https://news.google.com/rss/articles/CBMiowFBVV95cUxQNVZvT0pXSzRKY21lOXlyT0VqbUhFYU0xY1BaNHFWQ1lVNG9iX1JVWlRmdEs5a3RVem5pNHVUOWt5dWtZT1FnemtFZ1hEVFl3M3k2NGFrQzIzSW9zSmtCdUZ0NEpFMjZrMHZVWmRVSU41Y2UzVmE0alpnRjkzZ0xWU0lQa0NMVFEwRWdmLWg5YTYtNW1icG04VWhTQUVNM3pUSE93?oc=5
MRK,2024-01-10,C4 Therapeutics cuts 30% of its workforce,The Business Journals,https://news.google.com/rss/articles/CBMilwFBVV95cUxOaDZsRm40VVZMWFJWUGI5dmZFWVZ6OW1ySXJ3QzdwamVUekhjamZIU095THRUVHJSVzRZQTlYSWlQRW1rX1V6Sk4yckZKbXZSLVJSb0RtcUZuNklNZ0ludTBZRUphUmNjQXBpdXRjbzA1b1JHeTdNa1Q5RWEzd1NwQzlSVWozbC1ETExOSGYtQjNOOUpwLWUw?oc=5
MRK,2024-01-17,3 Struggling Businesses Investors Shouldn't Gamble on This Year,The Motley Fool,https://news.google.com/rss/articles/CBMilwFBVV95cUxOb21GZ1Z4b3F5UnVxSjI2Q1FaSmVRYi1RVEtjc2FnSWlhUWpTZTJmaUJVbjMzaTRXZC1oRktrckc2YTEtSFZxU0QwZk9mVHNnYTF3TXpVdS13YTVDRktodlo1a0VySHA3Mjh0VTFGRXNyTmdhZGQtM3M1MEZNTVh5SFVrWFVVOWNYSE1wcjJReER3RGxHREow?oc=5
MRK,2024-01-17,"Moderna, Merck, and Other Stocks That Show Why Healthcare Is Hot in 2024",Barron's,https://news.google.com/rss/articles/CBMikwFBVV95cUxPUjF6RzhaNEhnLU1SMmszYzNRWm5xMU04MnU2d2p6WllQaDNLR3M2VWl3VnpVY2VmeU1ldlZCZ0RwU1c3S1dNZHJIS1YxbDEzb1ktcnFIS3lfV2VXNmhLVTdpWUoxSHFLdXZyaTN5YXNNbXlTZXcwSHNETHhUR0dMZDRsUjBDbTNja1NIcWp6enI3OVE?oc=5
MRK,2024-01-18,7 Best Low-Volatility Stocks to Buy,Kiplinger,https://news.google.com/rss/articles/CBMikAFBVV95cUxNWkpBMjdLUmJUbkl2ak5VQmY2cEM2R3VYeGxtVVVWRTQxVkxYQVowQUtnakEwSnhwMDk5b3ItdzZid2VJN3BSRElMWXlxNVpsZ1hOeHNaQ29aSTJNSEdueV96ZE13Y3o0NmttT3Z1b2w1bWtheEVyOXhVNnFJak1pS0tSeW9QM1ZfTW9SM1NkTWk?oc=5
MRK,2024-01-21,"If You Invested $10,000 in Moderna at the End of 2019, This Is How Much You Would Have Today",The Motley Fool,https://news.google.com/rss/articles/CBMiiwFBVV95cUxNS0t2NkZzQzFSV0trazgtX2xfa1JKVnh1UXFSY0xUVHo2dVNKdExjT3U5QkUxd2xYSGktZWxLNG5rMm8tNjVWQkFOVnZnSVVhdk9UQl9lZzJhMEhXSjkwZUtQS3ByMDV1TjlUbnhCRGxvcVhBMkp0aVBLYVNTbWdoTXIxeVJPWVlMUml3?oc=5
MRK,2024-01-24,TipRanks’ All-Star Analyst – Who is the Best on MRK Stock?,TipRanks,https://news.google.com/rss/articles/CBMilwFBVV95cUxPV0pzMDljTjhxdXVKbDRVeWVaYXVmNUZVdXJrRzE5MWR4cV9mWkxfSGdHd3VnUHJJTEU3Und1SE9PSHpPVzVnQjRQLXE0VVFRNms3RTE0MzNhSGtPQlc3a2ZWeWkwYVNWaXRUSEpfeE1GNjZ1NW9yYno2VWFtbDFhZlNrRWo0RHFtQUc1cldEa0x1TGZHWm9F?oc=5
MRK,2024-01-25,"3 S&P 500 Stocks With 127% to 170% Upside in 2024, According to Select Wall Street Analysts",The Motley Fool,https://news.google.com/rss/articles/CBMimAFBVV95cUxNVzhwV295OGRubGNhNGlIcU5lbTY1WHpnRDRjWkFZMy01eVNLc1JWZmw3NDB0dzhwQ05TckV1ZUxpdUxMWWxiQWxNRkpMbjdaV3lpaHlvMm1hSzhIeGI5Yk5YNzkzVHdwZFNLY0RHb0ZGSm94anZhazhYRXZrWDVPRFRQWUFOU3FpZlNPMUlnc3hXUFI0Zl9LTw?oc=5
MRK,2024-01-28,"Big pharma is at a crossroads, as J&J, Merck and others prepare to lose heaps of revenue from blockbuster drugs",CNBC,https://news.google.com/rss/articles/CBMimgFBVV95cUxQUFR5bkJOZGxzY1pkeXc5TGE4N2VzTnBSZjRWN3JwSWRiaWJwdXZEM0k5UERzU25mUFFKX3ZlVG8tOXJqOXZFeTlRVDhVdHVHa19Yc3R5OFB1LVlJNkpYVUZGcjNCLWFYRTl1blZqWm94cDRSZW9xZjhYVzBvVUlYbEc3THRMSGk5X1RRTEtrNTU3VFpiWkkzckZ30gGfAUFVX3lxTFBNRVZSWjF4MUdqRWNhRGU2RDYzN1RYN0lYUzRCYzJZczhSSGhIem5tY19WMFBTSTR3ZEYtQWRDamdjN3N2Z0thc0t4RXhaanNneWJ2SGk5R0JCZVA5bkFYYlNRaFFpTHJEa2NxbXpDOGxyYjNsYjc0MGdVTmxuUldFVW4xMmhmZllhMWYwQUE5cTRZTml3dWprbExJUDdZTQ?oc=5
MRK,2024-01-29,"Perspective Therapeutics, Inc. (CATX) latest stock news and headlines",uk.finance.yahoo.com,https://news.google.com/rss/articles/CBMiWEFVX3lxTE1wQnQtdXB1U1QwZDNpaDQwSXpwbjFsZjEtQUNCRkxxenJSUkIyS3ctbWhrV21nb0tvNlpiUE1JVlotNVZsSG94VVlhdTh1bzNqVlZaWC0xZks?oc=5
MRK,2024-02-01,"Merck results beat expectations as top drugs Keytruda, Gardasil post strong sales",CNBC,https://news.google.com/rss/articles/CBMiekFVX3lxTE5mdi0yRFYxc3ExS2lRa0lwNjJDQS1sRTlIX3N0WEYxZ08yYy05ZzhzX1BrdE0zYktRdWtnUnZEcS1LVUQzcnNYdEFVOTR5REotTFhCT3N5RlNMRlpoTHdFVUVEUmg1dllHQUJXYUNRaXlZQkEzVDhHWkN30gF_QVVfeXFMT0tMWGNMWW4yeEVxQ3BYMkNrTVRsRS1aenFnbW1feV85SC1oNGNxMWVIWEViUXc1U0p6NXdicXBXYlRIT08wQTJXYV91bjNnLXhCb2N0WVViaHJkYk45M1NlM3FRc2s2NHVNYnI0bUlveVhnejJobTNBSmp0ODdmRQ?oc=5
MRK,2024-02-01,"Merck Stock Hits Record High on Sales of Cancer Drugs, Vaccines",Investopedia,https://news.google.com/rss/articles/CBMiqAFBVV95cUxQLUh0eEVUemNGVTJ1VG9LczE4eVBQNGZINTYtZ2wxMjhUMlpJWFR0ZDVKbjk5bVlZa2lQOW1tSUN5NjA4V00zajhoTkhieVdaZ1ZnTnRFNlRIWFVoekhIenhtUi00RC1RM1FxbUU2cTBOVHV0MnBqSHNCdGl1MGRWNVB5eUVMTVV4RVJkOURZNXlYMWNpZDEtSHZlVEpsSlM2Q2VOV2puNlg?oc=5
MRK,2024-02-01,"Earnings call: Merck & Co. sees robust growth, eyes future innovations",Investing.com,https://news.google.com/rss/articles/CBMixwFBVV95cUxOckppbEMyMDRYT2tRZXc1X2xYcTlEbkhfVlV6Q09TTExfUkU1aGNOZ2QwWmd4YUJQRFVXNkd3aldfTUo2S1RSTVZWM21ZN3lRMmtlOGJPVHUyNUtGNkVGdTgtQ25HQk1rVFdlQ01oRktJY1R4Z0Fhclh3eE5DdGRxLXBMUDd1Q2tqc2JVS29YeGU0ZVFiSWhObFdmdnppM1NLTFpQcFhLMllKcGhmTFlVVEJEaWtGZnJ2VGRHNU9UU2lDNGFXa1VV?oc=5
MRK,2024-02-06,NEWS: HELP Majority Staff Releases Report Revealing Big Pharma’s Business Model,U.S. Senate (.gov),https://news.google.com/rss/articles/CBMiwgFBVV95cUxPNXZVdzBfOWswRzlMNjlla2RuckZJbGdoaHMzQ1lwSXo4Z05yb1A3SFJXXzFzLUlXSnp2amRxWnhEVW9FOVhzSC1zdFZxS1BoT1hBV0NrNjdLQXIwNVp4WGRtNUlHRFVWZ093ZTc1ODNjY1JUbE5qMkhzMXVrTkF5SmlZbnAxc1ZKVWUwWDBTWmhpYzc3QlNKSmFxNmgyenVSbi1mZlV6c1UzbnE0TDZ4UUdXS2ZTNFRIWUJTZ29OdjJCZw?oc=5
MRK,2024-02-06,"With Merck, J&J and BMS CEOs set to testify, Sanders releases scathing report on drug prices",fiercepharma.com,https://news.google.com/rss/articles/CBMiugFBVV95cUxPTFZBM0pxNkI2QkZmbmc5V1VUYmZrODZXLVExZk5hV0ZUa2NyaUlhdERCdFBNY2M3UFY4VHZBVENSNm1qX2VuOE42RHo4MUFpaTZTSk1wVFhaSEtGVTVvaW5saF9ZV0otcmMtdDl5bUVkZHV2aXlHbUh4UTMzOGppUmxQNkpPRS1xYjhZcFo4eW14QWNuWmMzZ3NDTDFOaUdfRmMxMC1qekVSbEhhOVhNOTEwaXVqSV9yZGc?oc=5
MRK,2024-02-08,"J&J, Merck and Bristol Myers CEOs defend high drug prices in Senate hearing, as Biden tries to cut costs",CNBC,https://news.google.com/rss/articles/CBMingFBVV95cUxOcXVkOW5BT1l0cTZ1dmwtU3JEc3IwRHhyUDY0S1ZwTUN2YnVlcnk5WWRkQWRJbVdESmxEekQ3VjFJRng5cHo1ZXpINUpBczdNNkpQTXVHa0M2Sk1nU1VKUHM2TGZMV1JMWDdCVVBNWFFUNF8tdXJjb1Z0WVU0MlQ3T1ZXT3FKMVpoNDBOVlFQUDZZa3dxWEc3Rm8yTDFOQdIBowFBVV95cUxQZmd5elNaUncwdHpGUkNZUDh0a2VpNS1YTnk0VXpzeC0yQVBxd1QtU0xMS3k4UVpvcFBHbmw0UHlrS0s3SlhrNnBBZmhvSnhVcDhyamNGcDRSUzd5RUdGcEEwNnBSdkpLZXFXUkt1MDhpa2VmTngwOVFWQUljRnZsTnNjd19aUlFrNW1WTTVZWFFWWVlOT2FHc01waGdYS0Zsdzd3?oc=5
MRK,2024-02-08,Senators ask CEOs why their drugs cost so much more in the U.S.,Oregon Public Broadcasting - OPB,https://news.google.com/rss/articles/CBMipAFBVV95cUxOcmtWbHlsTFVyRkt0a2lFRDdUT0E0OEJTcVdWYkhzQzMxdFJ1bzd3Q3g0ZlJoRHVFRjVKVE9pQ3JNSWsxcmkxS3hEb09kX3IwMXEzUGwyYXU5UmxZZUYxTDhLM2lLZGFIeU4yYk1FbVRKcGZBd09hTjRFU0pXRDNKai1oUWluX1g4MUdlWjJMY0xMVmFMNlVvT2xvRTUxN0V3czFSMA?oc=5
MRK,2024-02-08,Big Pharma CEOs grilled on Capitol Hill over drug prices: 4 key takeaways,"ABC News - Breaking News, Latest News and Videos",https://news.google.com/rss/articles/CBMimgFBVV95cUxNQlNMT1VxTHpJME5HVXcxOWkxUTJJMkhWdmJWNF94a2VXMFFHZi14ZFAteVpjMU96aEVnVTN5ZW5nNHBjNWdxcjJBOWRmeEN4VGUwUVZDY09FMnlzRDRFdDlUdmpkZmI0WlQyZFZSNU1uaEpldThVN1FJRjk4dnhiWjA1Mk41ZGhuQjNqU3k5Rm1KX0hEWG5DRENR0gGfAUFVX3lxTFBsX0cwSVRQS1dOel9nSGZOMEJoaWozN1A3aVROZWNZQ2I5all6Y1BYR0NzOTQ1cl9aamdSLXBaZmw2VmdIQmF3WjdlYTEteENHWjRoZzM3b2hzdnNEcHo1SVVRV09mQWxPWG1rY3p1VU1zN0E5LVJEcEZrWG40ZzZ4bWZqa1J4RXZsVks0NjVVTVEzQzNxUHA1c0M2ZGl1SQ?oc=5
MRK,2024-02-12,2 Value Stocks With Monster Yields,The Motley Fool,https://news.google.com/rss/articles/CBMigwFBVV95cUxObmtSNmFWVGtnNmtRdWpfa19QMGNFRTdwdUNZUjV4cG54R2s2bFBJcGVkRVFnZGZWT052SUNvRXd4cndiS01EQk5UeGIwSVBTWE9CT2J0ZGhxdl9UQVc3ekU0RWYwb0tPZk5qVjNLN3o1RVJhbjdETDBuNVdEcUEycWI4aw?oc=5
MRK,2024-02-17,Top 10 richest women in finance and investment industries 2024,Business News Nigeria,https://news.google.com/rss/articles/CBMiqwFBVV95cUxPWmV2N3kta20zOG9pc2FoYTVNMmxPQkNqWGNMWVZoOWF6T2FZWWZVLVl1dmdHeE9adXhwUmlpUVpZQTk1WXdqb3RjSkRMRHZ0dWgxVDBfN0piLWlfRGFMbU9na080aUtkUDluRXVIcEpBT0lfYTV5MHZ3a2RoeXBqcWNrVVd6QW05czlzUWlDd0haSTJEOWpLYmRNdXUzS1ZpZVN2VDBNUFB4NG8?oc=5
MRK,2024-02-27,New Life Science Distribution Center in Brazil,Merck Group,https://news.google.com/rss/articles/CBMijAFBVV95cUxNUXZvNmZGb3oxVU9lbmRTV2NhNHJYa3NITFZmNGs2dlFzZ2dxa0RMTE1RczdMeTV5anhacHhVV3JZR3MtRTE0NkZ4ODZsQjFMaHNDZmt6c2g5M2Q3RmcxcWZIdS1zVmQ2RWpBTGNrVEJFYUVORjIxM3dCX3VFa3VlQ3hVd3dMTU1PMEhwQQ?oc=5
MRK,2024-03-03,Where Will Moderna Stock Be in 5 Years?,The Motley Fool,https://news.google.com/rss/articles/CBMiiAFBVV95cUxONUdMVW0yTVRPYVE2Q1lBVTRmUlR2eDVfLThyMndudzZVV01BekZ6S2NaS1NkM0N1MGlRSFFmdEQ5Y1IxNlZpb2E3YlhaWHVMbERGTl94b2wtbXVXdVRXbmNCZTJROXFxN3NXenlYMF9ULTZhV1R6RkFPVFpHNHplWG1vRjFGeWpW?oc=5
MRK,2024-03-04,Berkshire Hathaway has US$168 billion in cash: These stocks should be on Buffett’s buy list,forbes.com.au,https://news.google.com/rss/articles/CBMimwFBVV95cUxPUTZSV0steGw2RUcyS2dXNkxIeGR1dk5vYm1KVlU5OWp3U0g3NVQ4UDZlay1BS2NDZmNSUmFqME14WDJnMlJnQzhQSHZ2NXBJT2Jsd1dCUVdLcU1kZURIT0lNYVpEVnVwNlVDMzVxZjZPcmlLMGw2SjhwZkdjTUdtZVQ1eVNSeG9uakFvVFQyRTlhMmozZmpUTVFTcw?oc=5
MRK,2024-03-04,11 Best Small Cap Pharma Stocks to Invest In,Yahoo Finance,https://news.google.com/rss/articles/CBMiekFVX3lxTE9CcFhocUNCTzVnWWlDN2UxMlZPbTJscVU2TW5sOTkzT1RaRVQySTdwbHBteFhQWjlqckNFRVBXVUJtOFAyVlNBMHd3Q0pDeUxvamZ4MW96OTQ5ckZOLVVvSkNRRE5uM0lRbEFhcFgzMk91S2lwdEphX2d3?oc=5
MRK,2024-03-04,Top 10 global Big Pharma hubs in 2023,drugdiscoverytrends.com,https://news.google.com/rss/articles/CBMiiAFBVV95cUxNcURWOE9EQWRfMUl1UHZkX3RnR3kzcnV6eDM4NG84NW5yaGp6aG1jdjFXUnNaS2NfdDVLQjNOVWVvNE9KZGh6MGNLNjMtdkRidzVoSnpISHAyQWVQUmp5X2xqRFEzZjRfLXZOZTk1emxqd0Uxa3BfSUU1M3N6V3F5TXNOdE1MLVlr?oc=5
MRK,2024-03-05,Hipgnosis stock hits record low as value of music portfolio plummets,nme.com,https://news.google.com/rss/articles/CBMiqwFBVV95cUxNaHFaU2FYbElOUU1vVmVFdDM4Y0FESDJiUERaWEwyV0tTejVlOUpMREYzRGlYM2h5bzlJTVREcHd1TXdZdmhfTjNvV01GNzlyOERoX3pHa0J5bkxDMkN4QWNwaTdsNlFwX1ZoVEhOVHBMU1c5Q29xVnplVUNWTHlqRTMtQTdHUmxlVkR0N0hzX2xCMWstbGhJOTdlWjNIVEhFd3JSSGVycGg5V00?oc=5
MRK,2024-03-06,HIPGNOSIS DEVALUATION COULD BE MUSIC TO MERCK'S EARS,Hits Daily Double,https://news.google.com/rss/articles/CBMioAFBVV95cUxNOXhoTllfVzV2VjY0OWpYMU5Sb2VienYzQnc3d01INkVxS3ViRzRqTXNlMnNSd0ZRRnBzX3JSWms3eGhmV1dCdUJBS210MUtPQzFYRjVaN2VhZ2RYbnZsN2I3bzBuRFZNNzJSY1JlWklrYzEzYnB2cGgtbFphZFlGVkx6dnlPLXlGNVFuOXg4ejNOdHBveU9sY0ZodnoyczRK?oc=5
MRK,2024-03-08,"Big Pharma's R&D ROI: Merck, Pfizer, J&J, AbbVie strategies",drugdiscoverytrends.com,https://news.google.com/rss/articles/CBMiwwFBVV95cUxOQVg3WDJpVWRUelVvOW95Zi05RVhsa2RWemNKNnlNenpQX040WmNmc3RsQWFfSmI4eEdEcGpDdHE2RDdicDh4VHM4bHZhRnVFY1VEa3V3ZXp0ZXZMRTV1b0FhcDFYTkFiNHBVT01UMlhneGZxUFhJSXpBQkNacUIwSzNvU0lsYXNaWVFDc2t1SWtKNVNjMGR2cEJRR2F0OWlhTk5UbEM2YV9KQWRTcXIySUlyYW1jVF9xSjYtNkk0Y0Z0N3M?oc=5
MRK,2024-03-12,Cambridge synthetic biology startup inks $1B collaboration with Merck,The Business Journals,https://news.google.com/rss/articles/CBMiggFBVV95cUxPUFBWWHdnb1hiWWNtVXhJczc4M3ZfaUJ1QkwwOGp0d2VMdng0ZU9QMm4tSHc0Y1M1WEc2M3FGUWhVZ0gxWFdYS1BxRzJLMUNma19JVmRVUEZpWGk4d3AtS3pBN2NhTGM1ekl5cUx0NVFXUndYcjBiMnV6bWZVUXUtT1F3?oc=5
MRK,2024-03-18,SCHD: The Rebalance Is Complete,Seeking Alpha,https://news.google.com/rss/articles/CBMie0FVX3lxTE5kU1E4eTlsWFJLNzJTME85eDRRbi1ZRGR1anktQ3JmZkpPRlJQcVgwQkRxcUVKMVA4aDl4eGVwcDBEUkljOVFxeWtzbFg4R2lZN3oxMG83bTJ3b0JzdnBrc1k2ZEpoXzN6dGk5M2RfWmxBWG90ZHFuM1NnTQ?oc=5
MRK,2024-03-21,Bull Market and Beyond: 2 Stocks to Buy and Hold Forever,The Motley Fool,https://news.google.com/rss/articles/CBMilAFBVV95cUxQQVUwSFB3ZWpncEhQVXQ3WVlIOW90QVdYOXhYbHZ5d1JNZnlHMi1TdU1SX1N6QllNSnYyajhuM2F5anVpN3MzaW85QnZneV9Xb2w3QUJEOHZVc21BanJqNDEyTDBuNllIYzlXdWJlS2p2dWMzNkVxWTJLdUM0STh1LWZkWmo0cHZhdTlpUGlpYzlqRlMt?oc=5
MRK,2024-03-25,"With Merck's key PAH approval on tap, Johnson & Johnson wins nod for combo tablet",fiercepharma.com,https://news.google.com/rss/articles/CBMiqAFBVV95cUxPOU5pcW83MmZjZ1JFQXNSNFNxZGNWcGZDd2FUUTBXb2FrZUI2SnZzOGlwSE9YeXFLcXNsRFRmTUF2Y255LTlVTzlyRHVWT1pqVVEzbjQwSUlyMFRxbjNZNGRGcFlYc2VIVDBiV1VHdDZFUElEcEU5X2tENFJUQXU5d0dNeHUxWWxiV3dOeFBxb28xQVp5VXZ5WFZSYXdyVnVFcmdXc0d1T0k?oc=5
MRK,2024-03-25,"During the pandemic, were great vaccines bad business? A company-by-company review",STAT,https://news.google.com/rss/articles/CBMisAFBVV95cUxONk55LTc3dkNkQUZYeU1jRmhrOFNrOVNpd3BsbksxTEVTbUdZc1o0aUdtRTZkU2ppUTVEQ1oxaWxaYkNCQnpaR3dQZno0WkFTSWlERUp6TmFRRjZpYnZqMy1nNFNQNHRzRHBoZGJHcWw4dllTZzJYZHNVZlc3NWprU0xKbWxaekpUTVEwZXVIZXZRTjdYWHdteFlSdzJuNjB1dWNQalltZ1JLSG1GWlpMVA?oc=5
MRK,2024-03-26,FDA approves Merck’s rare PAH drug at center of $11.5B Acceleron deal,Endpoints News,https://news.google.com/rss/articles/CBMilgFBVV95cUxONGg5cmZBMk1hVWt2UjJzR1BYQWF2WHF3MEdhajZ6TjNrRVNtNVNSVHVPa1pXZDFqSGpybnVkajVub0VSM0tkVHFPU0pBNUhBQnJObFNaTzhHbG9aOUpGX09pSnYxMFdzd2c5QnpZY0g0Z2FzanptbERzbDhqbzlPUHNqbUtzZEpEV1FVYTJGdjFwamxCaWc?oc=5
MRK,2024-03-26,"FDA Approves Sotatercept, First-in-Class Treatment for Adults With PAH",AJMC,https://news.google.com/rss/articles/CBMimwFBVV95cUxNSTF4YWh5OG5wNjlmRVVvS0Z2NWhUalBGUkhZQ1lhZ2oxdUE0U1ZNQTBNNWxGRC1DYThRa0FtR0VidE5NWXhlUjV1bVRSbmotTGpVR2VySUpGUWRYWm1SM3BRazBuSm80RGNaVklhWEVjVEQyV3RiMExWMEExOEwxS05fUml4R0ZYc0lNN1pmbGRVUmJ6Qk9KREVwSQ?oc=5
MRK,2024-03-26,FDA Approves Merck’s Drug for Pulmonary Arterial Hypertension,Managed Healthcare Executive,https://news.google.com/rss/articles/CBMirgFBVV95cUxNTWJzdm9FcjhOWHFzdlJDdDNUVU5mYjk0ZTJ2aVQzUVpoWEd4SGx1UDI1RHJrZVpXNTRPd0lxYk8xblFQbXhpN3FJUkFHSXY2U3Vjd0YwLTBoLWdlRy1JUXoyREZFMXp5T2M4czdacm9UVGJtSVl6VzV0Nl9RRFBBYTNCZ1NaMGFPMlZ5dnJ0b295YW8ycmtNTlhQVzBXUVFzOFdOS05SWjRTUGJreXc?oc=5
MRK,2024-03-27,Merck Stock Hits Record High as FDA Approves Its Cardiovascular Disease Drug,Investopedia,https://news.google.com/rss/articles/CBMiuAFBVV95cUxPdGZEWFA3VnltdG9LeHprNDVUd0YxSjNEN3ctVjZoUGlhbjZCcDRGb0lYTjJ5Q1Z4djgwZ3NXdFdCUHhZWTh6cDk3T20tRVRRZDBvNlkzMEZrVFBYMEdMVFFTRWVMaTBGbWdIbmdZc1J2NWFWLXl5VFhXSU13ekI1T2ktN2EybVlSR2I1R3Z1cUdGVDZURkRsdWktdVhXVmMwQzktZmV1WDc0ODJUMzRvdVNZVEEtRlFN?oc=5
MRK,2024-03-27,"Top Stock Movers Now: Cintas, Merck, GameStop, and More",Investopedia,https://news.google.com/rss/articles/CBMikgFBVV95cUxNUzFibDVNdkZkSGJYUlNPci1NaklMaUlmZ25RWi1BVFRabEJ1TGFNa2VOZlBFc0g2UnNGRk9TTU9fWFRDYXhBdTBFVTd0dmV0XzFsTE5QbmRYTDJ5X3hZdmJZUktheG1seGp4eWhXZi02V0ZQZXZDNlo4WGNBVG1CTFJWanh4MXRFWHVqbWVRSFRVUQ?oc=5
MRK,2024-03-28,US stock market hits record high after three-day lull,Al Jazeera,https://news.google.com/rss/articles/CBMingFBVV95cUxPSmEtdUtQSWtSOHo1cGw4dlhxQlVuaEJhU1dZMkJzSTJzZnEzaHVtSkpyTnotZjl1OWIyMXNRU0V1ZEdDcHNBRE52YXdZNWlQRUJJSWpTdF9fcDFwTllvOThuU01ZVUtzQWtvSThWRlNYTjZ6ak1KSllDUGFYenBoWDd5b2tIMVpuR2swMEM0TmNlUXRVWkg5Zm9VS1hiUdIBowFBVV95cUxPQVlwd2JrTEtMYjVnajRJOWxvTG05U2d3S0xPb0hWUXZSaEhoSHpBd0djMUVra0NMZDZXNFBiN1U1eGpabnpPdWMyTzhveldzc0NqcXRVMVVIakNTSzRRcGRYTUFibmJ5aVM1dEw2OEdEaXQ2ZlZPWUlwV2I5Ym5UaE90Y1lKQ09NeDBmVGVuc1RidG9KR2RzRnNyZWVVMFJHOVY4?oc=5
MRK,2024-04-09,Dhananjay Singh takes over as Merck Life Science India MD,The Economic Times,https://news.google.com/rss/articles/CBMi5AFBVV95cUxNTUxNa3BId2psd1BiVVdZaXVhTFhJN2REdXVfbUZiNkZMTWlWMjl4UFlBU3JCS2hXZE9PbE9jRWxLMXU4RC1PbjBEUjVFcDBkRm1zZzMyZWkzbUUxUDV0Xy1SZWpSNGFpMWFObGJVR1FPTzJrS1RuYVNYNVpSMEVNS2RwQmJKZlU5SkpPTjh2cUhuSHl5dXBrQ3JXMUdLOEhDTFhNdnNCclVlMDBkNy1MX3F0c2RfQUJrQ1Uzdk42alpqcU8tZFEySzQwRHFuRVJaMXRFQnNpRVVSMjNVck4tNWhwUGbSAeoBQVVfeXFMTXV0dExUaGJjenBMT2JFSjN6dkJQM0dOTFZLOXRxT1p0bUNCVjdBV1RpWWNzaVE0S1VxUS1tUEFEQ3BHbGFMaGFLSm5aZXpRQU1sYVZqZWQxYXgtbHVsOEpRZDNxQXp4YXYta1VsNVY4RGtqbTVwZVpjeXlUM3JjUmtvcTExcWlzOXlQLVEtMTQtQnItMDZfS2lmdlVCODRiSDY3SjNPMDZIZVFKM1BhS3BCa0kwdHhULXUwdVk4NG00ZFR2NjhxRDhOdS1IMHc1SFNYVG96WEcwSXNMTkgwOWJiSFVvZW1jd2dB?oc=5
MRK,2024-04-12,"With 78% Ownership of the Shares, Merck & Co., Inc. (NYSE:MRK) Is Heavily Dominated by Institutional Owners",Moomoo,https://news.google.com/rss/articles/CBMilgFBVV95cUxQSGhIUTBMTGtKR3k1WlpaSkpnWFktemduYnBLRzRvdHAtU0NSZXhxRFU3ZFhKY09iVUtyY1Rkcm9fLWc5MHZMSWtlVTRLbkhIWjkzcnExZG1fTzE5c0l5eW1Fc04zeEFObDJ3SjlXZVdDWHg4QldLTjJHQ2xucGZpZExTeFdlaUZ5MXo0VXpyWHJEUGVBdFE?oc=5
MRK,2024-04-14,Merck Paid $208 Million to Stop Its Drugs From Working. Here's Why That's Bullish.,The Motley Fool,https://news.google.com/rss/articles/CBMimAFBVV95cUxPblJlMWE4MXhZU0dEYlhpUWhJT1VNWm5JVGRYRnFPa1RMRjc3WElqSFdyM29MUXQ5THBkcldOSWRtZGpOWXd2NS1jdUFTYVlncGo1aVNCVUpHamM5NF9EVWtBRFlEc1hFZ2lOSUgxU2UwT0V1WDNZR0ZuNzJqYTNSN0lVTlZyeFFGVkpnTXN5ZjFKclRqOXdpTQ?oc=5
MRK,2024-04-15,The top 20 pharma companies by 2023 revenue,fiercepharma.com,https://news.google.com/rss/articles/CBMifEFVX3lxTFA5S29nNV9GTm5aTE04MldqajlwYWlUQkg3NjVVc3RiN2FrTVVEeVNwRW9lcGVCekxsemxhcHlma0dwdnBxSzhsUEFrUEM0S3l4MGhQeGxhSjR6aG1ZeHpldEtLSHd4czhjNEJXaTRPSmVxUVJwNUtlRHVFOXI?oc=5
MRK,2024-04-17,Coming FDA Approvals Could Send These 3 Drug Stocks Soaring,Yahoo Finance,https://news.google.com/rss/articles/CBMigwFBVV95cUxQb24tanZ1dnNVS3NrNXRVQjJQTEFmLUpfeENTTzZLRmZqeXNfZHIxVGZkTmpSODRFdE1pSWtfRzdvQ1VINEM5aFM1c1pFazVqMDlCSWtwX01Ic01KY21rVzAtYlh4WHBZVHNsS1ZZS2wxOHZJc0xldmU3cjRTb203M0NvWQ?oc=5
MRK,2024-04-18,Music Catalog Giant Hipgnosis Agrees to $1.4 Billion Sale to Concord (Published 2024),The New York Times,https://news.google.com/rss/articles/CBMijAFBVV95cUxOWlJGaGpBcjJyQk1FcXBTamQwRmx4OHI2aEJsckJHLUFONjNWeXZzT0FzSDJwWEpSem95dlhoVkV0aDIzTlVoUUg1NHFKTjFxSS1aOFFqaWRObVFrSWcyNE5pTW82T3V5bml6cEV1VlhBdWVGMjVXZmNxaHdyR0NWWHhuRTg1OWVMS0xQSw?oc=5
MRK,2024-04-23,Will Higher Keytruda Sales Drive Merck’s Q1,Trefis,https://news.google.com/rss/articles/CBMiogFBVV95cUxNVFNNdUNpU0lOYXl2YThpM0h5Sll2eXpkdlM2X0IzOEk2R3ZCSDc4eVgtSngyMlZSMGE4NTR1TXg0Q29rWXY2ZS01cENvajh3eVB5c2dQVmREOVg5blFaRjZyaEFlZHJ4X21yWjg3eU1XbTRLdWlJNjk4a2w2TVloZ2RZem9DaWVOa3pnNU12eEw5eWp5RGRiOF84WnhDc2czQ0E?oc=5
MRK,2024-04-25,Merck stock rises on sales of its blockbuster cancer drug Keytruda,qz.com,https://news.google.com/rss/articles/CBMiZEFVX3lxTE1KaHpMaGU1UE1tUzA2dWhVOXljLWs4WEhEZ1NQblN2YzNDN0NhSGtCZkRRUjZCR3NJMjBrYXlZZXV0V1ptaFRSSHlJYzE0Q3pNeGV6WFd1UWF6ZGY2dTBlRHZkQ3c?oc=5
MRK,2024-04-25,"Merck beats earnings expectations, raises outlook on strong Keytruda and vaccine sales",CNBC,https://news.google.com/rss/articles/CBMicEFVX3lxTE9MSXlPN2hEa1RVdTlXYmQydEtoVks0UkRHRWRQY0pQdXN5X0gwOEpoYkRzdXA1TE9lS2VTbDdFVkhVSzZuMmZ2dDB3QVJSenotblB4LWw2eUhGOFVpbGtoSEZ1U05xSG9nQ1hVVFl3aFjSAXZBVV95cUxNYjgwVXotVjVpNE1nNmRXNmVnQVU4aGtZNUNjSG9qcXM0RENnQU1mNHUtMmlWclVlTjdZVlh6eS0ybWhMSG9HWnhKaXZxYTNEbU5nM01oaFBnR2k1d3d3UHptN3Jad0tBQlF5WDhFQjl6WmdHY3BB?oc=5
MRK,2024-04-25,"Stocks Making the Biggest Premarket Moves: Meta Platforms, Honeywell, Merck, Southwest Airlines and More",TradeAlgo,https://news.google.com/rss/articles/CBMiywFBVV95cUxORHprUFdmTHk2RGRkdjZSM1RCWFFYZTRfZUplX3JjQkJLVWkyV1RtWi1qX0dCVjNkMkNPMHZiQ3hjdmJZSUlwUm5sY3JQcDVTUC1rNjZGb3Z2WWQzUndQeV9CbnVMOEw3cFExVU1ja01oRmRXLXZEd0k1bmxPY3RsZ2hZbUFvWWtSYWZXZWxlNUtFMnN6Sk1LLXUyQ2hzOHk3SUx5Q1luNWVwTmE4X1FwZFNLTmF6VC05cmtkaklJUkxNSEo5TnBrcEZKTQ?oc=5
MRK,2024-04-30,Is Merck Stock Fully Valued At $130?,Trefis,https://news.google.com/rss/articles/CBMimgFBVV95cUxPUWdYRXlSVVp4QThKVTRsUlB4YVpZekU2MEozcngwMzNrcGxVRUVkTW9Uam5EVTRKZFdza0FDN1RLNzRoNzhsbTd5NEZyMHJfb1kzR0VodXJETHh1QTRpcmZyZVBmcHJVbkJsRll6WEgyeDVxYVdfeVl0Ukp5bHU2NWtOU2N3ejRmQnVReTFlamFxeERmR2NoNHZn?oc=5
MRK,2024-04-30,Merck KGaA Financially Commits $322 Million Toward Research Center,Pharmaceutical Commerce,https://news.google.com/rss/articles/CBMirgFBVV95cUxPeUpSUTBZbzEyZjEwTVBpRldUUWRaN3NNSFlLdE03dFNaU2xLM2NrSTNWTXhkTEdPUkxFZEo0TmdRNU1ja1VTR0o4RTNvT2RBbUhULUVIeWJHSGJlUzZqcEtZTEZxYl9sVU9Wb0ZzMEpsVUd1aHVaUkU5RFROXzZnbHZRODZKNEg2cWdyLXZVa2xtcDRGRHBDaGszVmRseS0wa2pkNzdsUEJCSEp3QXc?oc=5
MRK,2024-04-30,Rounding up the pharma firms investing the most in 2023,drugdiscoverytrends.com,https://news.google.com/rss/articles/CBMie0FVX3lxTE9KWmc1a2MtNW1EWG4wN3M1YTNDR0phQWtwNGVDRUtTanpuODNfT1FLbGdBSkdTbHJyZmZHekdCN1B2cE83SEtNTUZ5TmRFUXFBanJFczJFbnpBTjZmMXpKMjV2S0NVendxMTN3SG1DdTItVjZrNXRhZklBWQ?oc=5
MRK,2024-05-04,Pharma R&D spend and performance: an inconsistent relationship,drugdiscoverytrends.com,https://news.google.com/rss/articles/CBMilAFBVV95cUxPN0xYanVhVUtLdUxobnFlaEhVTy1HN21EOWxxb0hEQndfelRsaGQzUjBRc3BkUGdEUnVETmMzYXhLT1hudE55cjV5UGxOQnFCd3V4S016NzhReWp4WEg5eFd4MWJkLWpQTFFQUWpQUG92Zm1hb3BIUHBYQmZWR0RXcS1laDU1dVBHX0hJUEw3Rjk3c25V?oc=5
MRK,2024-05-07,Stocks Higher As Disney Dives On Revenue Miss,Investor's Business Daily,https://news.google.com/rss/articles/CBMisgFBVV95cUxOQzZLeFdrTFFhY0FFU0V6ZkdHWW9QVXpURkNJYTlWcExPZm1QMzNWaVRGNDRIbTA5RXJTTlI3Y1R2ekpwcS1iR0oxVEpIbDREQXlJcUg2eEFaaW1uRy05bnNVV3ZWUWJvaGZ2UE5pd056bUozVXMySTNfM3FPdnM0MmpSbDJ0SFZfdXZyRndSaGVIZ0ZzNUxnNU1BSl9lOGVxeE9pMG5DQ25oUlpuUE51NER3?oc=5
MRK,2024-05-09,What did Big Pharma CEOs get paid in 2023?,mmm-online.com,https://news.google.com/rss/articles/CBMiigFBVV95cUxORFhsTlRJeC1MM3JkMERuOURlM3VQeDVsWE9XeU8tNDNYWWVzc2x6YUhJZGhZRDI0bFBpa0YxenlzbDBKeUx0X1ZMYXI2ZFNRWm5IQU1ldDVhYzBxZ1pibWQ1QUtMcG14RGdvV3JfWHk4Um9ybTdlakJBSTFyMlkzNV9Cb1RkelN4LVE?oc=5
MRK,2024-05-14,Is Johnson & Johnson Stock A Better Pick Over Merck?,Forbes,https://news.google.com/rss/articles/CBMirgFBVV95cUxQN2lObDhNcmtMRTQwTndVRGFWcnJUX2lpY3ZTNEdzeE9vcUJLb3RCdVdMbmpZeVIzVUYwalFTLUdDMDBEZTRaN3EycjNSaksyODNCblpDaDZsNURJdWxsMGNORVYxU2d1Zm9uRTF5NzJod21aYUJBcnBqOGJlclJodEo5ZFJQLWdtX0VJZjl2XzE4QjlLSElsVXM0M25PUGxXel9vbFhQTVRlckswcmc?oc=5
MRK,2024-05-14,Merck Halts Dosing of Anti-TIGIT Antibody in KeyVibe-010 Melanoma Study,Dermatology Times,https://news.google.com/rss/articles/CBMirgFBVV95cUxPVGhnNWNQeUw4QWRWNDF3T3hJb19ZQ0hzVDhJVUxzUFlhVXA3WDRoM0xIMElpTlZ3S2VCTWp0SFpnamladTJZVmJhR1otdG1aV195TThzTVhCeF9oTFplUl9JcTB3dDZocGVUeXA2d3J6WW1KTXc0OXNQUkhya2NlNXZQbFkzY1RsOGhwa0F0cE4tcTYySjZmd0c0UWtnc1FDamVNNkRvZzBTbEphZHc?oc=5
MRK,2024-05-15,Should You Pick Home Depot Stock Over Procter & Gamble?,Trefis,https://news.google.com/rss/articles/CBMisAFBVV95cUxQcERsZ0JkRUtLaUJnX0l1R2xpZk1TN2ttZlJVNHRQLXc1SHgteldsWHVTbWtsQmJYa091T2VLRWl4ME1iZHpDcjVXVDNwT0FkTmFZUWZZY0RycFV3ejJFQWZieVlVaG9yWDlMZ0tkQXlzbm55SWdUUExRS3o3ZjdkdmM1Q1owSXZNYlRsZGh5VUxHenlTVTh5cVBYSUM3NmhqMmUxMEdSUHQ1bXZSQkI3ZQ?oc=5
MRK,2024-05-16,"Cramer says these 10 stocks helped the Dow briefly crack 40,000",CNBC,https://news.google.com/rss/articles/CBMioAFBVV95cUxQX1FraFNzdU9WSTJCU1RWT0c4aURmMXNQaXZmZVhvSEhJMVMwNXluTWt2OFV4dVE2RjNGZk9URDVaZUZuM2NLZDd2Z3pWTndqVEtNRXJNQTJxNG1teVR6TTJONmhxSHBrVVJfM3NfdTBBRFViN0xEaHZiNTI3S0dUMG16aG1TbVRlb0xrbTlRZmVpalZlSHgzaUNTUlpCTFg20gGmAUFVX3lxTE5vTndUS3c0SHY2TUJjNTA4VzF0SmRabTh6bWJESHhSOVVHSEVFdXJteV9XOHhRWHR1dHBMUzUxdmZmNDFSczlNNmI2NWh0dE9OMzBIb2FvcnJyYzNQME5tay1aYVRTcTJxTHdvaWlsdW9Nc0VTY0FkaXhSVVNwWUR2VGxJRngtRVdlUFBZLWRLbjN2TzVNdEtmWVBsRk9JTmtFYkRTN0E?oc=5
MRK,2024-05-23,Merck KGaA Set to Acquire Mirus Bio in $600 Million Deal,BioPharm International,https://news.google.com/rss/articles/CBMinwFBVV95cUxOTjdyU1hTVHZDMFZYZjRXQkpzUDZwRC1hZzNtTlBoMUJYektKcjhWSG1xb09SVnZBNWdCVDNXd0RoRENLRXl4S1h6c01JOUtjOWFHQTVoNWtZdk80OF9RTVAzbFdQSk1rdFZpZU4tUFJjMVBQZ0hKcXNTMmNxWWt1dFdUTms4dm1IZ0VGQlJTOUlZb2lKVjF5Z0tUSnFfT28?oc=5
MRK,2024-05-24,Pharma CEO pay vs. performance in 2023,drugdiscoverytrends.com,https://news.google.com/rss/articles/CBMikAFBVV95cUxQOWdsb3dQejZsSW84LW5LTmVHNDgya1BUejhkMjFCR0plUkV0dkhqcXBqWEVqNkhyZEhDaFp6TTlhb1BfLWhBLWM0YVFwWDVfdmFMeWRqQnRCc09LeWMyUWFmcWg2NFY1VWZRQzYwSDk2aFlWOFk4NFdTdjRLTDAxZ2kyNHJ6R1UyZEI3bHVjRmU?oc=5
MRK,2024-05-28,KEYNOTE-522 Trial Results Show Neoadjuvant Keytruda Plus Chemo Improves Overall Survival in Triple-Negative Breast Cancer,Applied Clinical Trials,https://news.google.com/rss/articles/CBMi_wFBVV95cUxPQUZGLW4zN2xBZVJOVy11MTZ5S05tX244RHJ6SWVjNHdLWE9WdnNHOUdwTHI4VmdJY1Ywc1VENDJhLWVfdUFZMnNmX2ZGb0l5REgzV1d0QUJ4QUFmSGZUbXUzcFJrajV2YVItN1Jzd0xIMEJ5N3ZwY3lNclQ4NzdYTldSaEZTX3pTZ2pSVWZUVzZnUkMxUTZPSXpMaHFnWmRMQmhfVEIwTXM0YXkxaUFLTUNMcTFFUG9BRVhsWmlkNXNvRHFZRVJELUdBSkVybS14U2t2WFMtT3VTTjl0UUtQb3NVZ3NMVEJRYnBmQU5ZRUlNWHhrNFkwN2FRRURCTTA?oc=5
MRK,2024-05-29,"Deals in brief: Nvidia co-launches AI accelerator in Singapore, Merck acquires EyeBio, Amazon considering buyout of MX Player, and more",KrASIA,https://news.google.com/rss/articles/CBMi5gFBVV95cUxPTmFCV0J6YTJvLTRxcnQ5R3dvaFpLU0JYYkY4WGNSNU5ISzF1Um8xdzZWNXFuOXdYX2hqU0hhemtEdFVYeUt2MTgwbG1falQxdGZ0dzM2YUZrQU43NlVFM3ZPZ044TXdSOGI4dHBnQTBCNHFmM0tvUzJpZERLQUlFSWVnNEM0UWlSeGtYTU9ZSGNOeXdzN05fTGl2UmkxSEgyN2FydU9CUk1Ebi0wQ1l4NGh1clJiWU5IMzB6R09rdjhLeHBLZmVfc2x0TkMxOHFFZDR1VEpzQThWUzgyNWgzYTV4djFDdw?oc=5
MRK,2024-05-29,"No Memes, Ma’am! Try a Sensible Biotech Bet With CytomX Therapeutics Stock.",InvestorPlace,https://news.google.com/rss/articles/CBMiqgFBVV95cUxNVXRNUnYzYWYyXzVTNkZhOFdmWi1idE9BVjNnMlU3eVNjYWJvQkFVQzFESnBOYVFvSDFzcDFpeXdsUTQyZWtOZDFMbVh2MGxNbVZ2aTZXZ05XQUNDWE80YmRlaXE5WmRxNjkzWlFKVTJEX1AyU3A5VVdDRVNXbFo2c1hiSVhlRnE2NFdKWWdPNWlNNDRTRWNvLTRZQnBLY2gyRU5YbXVTSmE0dw?oc=5
MRK,2024-05-31,"Sichuan Kelun-Biotech Biopharmaceutical Co., Ltd. (6990.HK) stock price, news, quote and history",Yahoo Finance Singapore,https://news.google.com/rss/articles/CBMiVkFVX3lxTE9iZG1NaEFwUmtFZF8tQnAzdzZlU3hUei1mbDdGS1l2MmVBMDk0bVUwbEdnMlRiemtrUnNvOEhBRjFmQzB1SmF1bDBXTUt3WVhfTERTUHp3?oc=5
MRK,2024-05-31,Aurobindo arm TheraNym inks pact with MSD for contract manufacturing of biologics,The Times of India,https://news.google.com/rss/articles/CBMi-wFBVV95cUxNR21Fc3hVS0JrbnptVzUwLTEzRUlUR1EtY0hPTVNYd0Nmd2hBSzZKVV9PZFdTRHhNR1YyMkxLN2VVamMzRHIzeDRpekctZFNnbWVtWjFfYkplOHg0Xzc2S1F1dFhjZWpVWGdLMzdscm1aNFp6RTQxcnZTOEJITDRTbnhYNzE5cUhkT2pZd2laVUVoUVNHV0FCSlJNRGtibHUtZm8wUXl6c2dySnE4Yjgzb2hScnRaOE5PSk9LUmJLRVY4Xy1kMDVZQkVPT0g2bXFZOGJETUgtalNmczd0dGs1ZFRZMkoyb3VUaS13eS1aLWYwalZ5RklqTXkzMNIBgAJBVV95cUxQbDBBXzhvZHpWNjc0TkVjT042YzBmeHNVUmx2X3dxSHBFaGJ3aXRydXVRMlFBSVlWb1RhaEhxbkM2bW9oZ1c2aDN3eUJQYmpIemNTbTluWm9ndl9jRlZvcDhSQ3hicGVJWnBUVmFLRHlRVzExUEloeGNqZlRwdnZDbkNDc0tNSnktQWVlLThSSjMyWXZicUxOYW9jSjNnRTZqVlVwVzk2ZGYzTUR1UDFxdi04Y1Q4R25Ub2ROaEVld3YtQzd5bmFFNzNwTjZfWkp3b3VVWTE0Qm9zd1J6SDllWU5zM1VhWWY2c0VzS3F1VjBTMTJOWFBSV1pDU1VFdmxC?oc=5
MRK,2024-06-01,Merck and Culmination Bio's data alliance to unravel disease biology,drugdiscoverytrends.com,https://news.google.com/rss/articles/CBMi2wFBVV95cUxPNVVnaFdEc2xOai1jXzRxRmU3RWVNUUkxdE9FenpIQnV3LVFNNnpYSnZVUDhuU0FPakl3RDYzTzV0a0ZFX3ctNG1RbldFVHhLUDBSNGc5bGtfOXBJYkh1YzRRNkdXRWhFNmowcXRfZHNnYVlWQUxfN180Szd4SnF1QS05eUo3S0NKN2htc1lzb3h6OXUyVlhNMFFCX0hadkF5ODl2N0szb3NJWmRqeW5sUTJaVER5bHQtVnRqYnI1TDZSVUpKX19fUlBLaEhTVFpSOUhEVzd6cnVJZFE?oc=5
MRK,2024-06-03,What to Invest in During High Inflation,Morningstar,https://news.google.com/rss/articles/CBMieEFVX3lxTFBzZk5TMjZLUHRpNzF0OFU5NXBCNTNpSWlqUFNpWHppeGZ0Q1dTZDdQdndsTmZYOEswbEFWczRhQ1NkU2xXYUVTRkJmYVd5djllVG1hd3Noa0Q4X1l3QXNOVW80NjRtRFFGR0VOR25jLVlBd2RqVnJFdw?oc=5
MRK,2024-06-03,Moderna and Merck Announce New 3-Year Data for mRNA-4157 Combined With Pembrolizumab for High-Risk Stage III/IV Melanoma,Dermatology Times,https://news.google.com/rss/articles/CBMi7wFBVV95cUxQVlM0X2xxVno5RmN4eG5CbFo0TmUxY29ZdjhTOFgyb3Z0TzR3R1pOTWYzMGlSMWxXV3FDVmdzWml6MVVtQUhRWmwxT2h4cmV0U3pSVzdhWlA1ZlhZV2RTS2RrbmlOVldYRTlINTNnUzNEYm9fbnFxT0xCaGZzQVlPaWZBZUN1NXZtRlRtUzV0NFQ1RGlrNERmSHlZRHdYRHYtMFdNRWo1aWRicVhxVktvdlM0RkcyNnBzYnduM0tTQzBMNDdrdlY0Uy03LUVmZkRZekVjdnU1bk5LemdBYzRScGNtQlR4SU5xWEduOWlhbw?oc=5
MRK,2024-06-03,"Moderna, Merck say vaccine improved survival in patients with deadly skin cancer",CNBC,https://news.google.com/rss/articles/CBMiqgFBVV95cUxNZ2dJVm92VDdNOUQ5eUsxTjRhRi1tVHhnYmozUmZLSWQ1c3VTQjR6VEpaNHk4ajM0NEtubjd3MUpzU0lFaUtEb1FwTXk2Nkl0aVpacEFFelhnQzNXWnhRYkx6b1JaR19ET0NUTlByMXp0YUFfNjVmc0h1YnlHSFQzdjBRcFRJcVZNZ2FYN3JsREN3X3B3ZUJmS2Z1Yy1oMjUtQjF1RmtHOGVuZ9IBrwFBVV95cUxPVEdGeHgzbnhmbUMySERxT0dKQkU3V0R2OFlyTDZwbUZWeFVRSFpXM3NNdmpJXzZkVnJVQnBsbl9TTEpGZElreHRCNDU5bG5UMi1UOTJXb0x1QlVwQmtTbXR0aUpZTTY3d2hTdXNvQXJnWWNYdGhJeE5lTU1aUXZVT1ExNl9vdXBvZ1pyMUQ4bzk3OUNZRzNmWWh3aFpDUjB3UUcyUWp2eDNTcEw4WUd3?oc=5
MRK,2024-06-03,"Updated: With a promising new Keytruda contender, Summit prepares to spar with Merck",Endpoints News,https://news.google.com/rss/articles/CBMiqAFBVV95cUxOazFhN1ZmbnJnX1lha29CTzI1bHhweHVtaVpnNnZ0ZlZkVXQ5MVJjcDQ1SGZxUVB6V1pVLVE4akNHSThadFdCa0ZLblFKUWhiTlFSLTAzaTVnejFXYjFKejZQYlZGdk0wTzM5VVVMbGh3Z3RSeXlEV3F1TVh2YWJXVU0ta2tEWU5ILWlVRzJBWlFWZ1RlcWZOLTlPRXVZTnB0UW9rbHU1aFY?oc=5
MRK,2024-06-03,Top 5 highest paid biopharma R&D executives in 2023,fiercebiotech.com,https://news.google.com/rss/articles/CBMijgFBVV95cUxQeFRkRVBUNDB5MmlwWUFic1JycXo2YXNZV1AxNWhLN05feFl0YVdSQ0NrV0NzWDNTVktIUERfd3ZMc3FMU1FIWi1tU0pKeFJGN0tNYU9YRlBGNjFXd0FpaXNVU3dwX3VqNktHR3V1dnVhNm5NSVYzYURCb2Y3YzdEazRaTTdCRmFLUVo5QldB?oc=5
MRK,2024-06-03,Aurobindo Pharma Shares Surged 3% as Arm Signs a Pact with MSD,Equitypandit,https://news.google.com/rss/articles/CBMilgFBVV95cUxNOVNHUUk4d0lxTnoxVTU3TmlxY3d1Ymx6UEFzWXh1UkhqNzg4akcyeVNDZ09VVWRSek1VZnlLY2FSVXVUYXRNOVFpZElhOE96UlM1cnNvejBzSWVoVGhLbHdFcXpibG80Sl9nc1NHYkxzdFFNaVEzajlranVCU2NrTnloQllSdlNaSXhWTF8zMUVVcWxPbnc?oc=5
MRK,2024-06-03,Aurobindo Pharma shares surge nearly 4% after master service agreement with Merck Sharpe,Upstox,https://news.google.com/rss/articles/CBMi2AFBVV95cUxQaGxuOVBOQVV2RkJZV2w0aFc1MllIUHNmMVgzVUNHWGtQelZITVU0NUFfQlNfUmtjeWhpcWt2ZFdBc19OeDNtbUZXR2RLSV95ZUpFaXlORldiV1lZTmFGTnBMN0VsNE9lSU9majdjR1p6Zi1NRnZFNjIxQzlyQnBWM1Q3b0pfMDNiR0ZOV09ka2UzVEJ0Y3YtekNIX1M2cHVOT0E1d1FTSnlsWlU0V0RKT2JjblF0TV9uY3BpZ1ZaZF82eFh0U2tKZ2hDQ1doeEI2UUJ1M3pNREY?oc=5
MRK,2024-06-03,An mRNA Melanoma Vaccine Shows Promise,Time Magazine,https://news.google.com/rss/articles/CBMiZkFVX3lxTE5wNWNKLUJTdjFqRUVublhDNlNTbzdhNUN3bXFWTnNkUGV6VFZ1M29naVNoaTMyTFYxOWF6UnVtSFpPd2diRDItbGhDSGQ1ZUgycUJnODQ0c2xuTWQ0SDNfdmNkREJRZw?oc=5
MRK,2024-06-05,Germany stocks higher at close of trade; DAX up 0.89%,Investing.com,https://news.google.com/rss/articles/CBMiqwFBVV95cUxQMGNHSGRLLTFuWjEyTXVfV2FNU19mclc1NDY5MjctSW9Od3A5czBEVGVqdnVzUld1SXZiTDBaMVk2WVRCZ3l2VUIwcmpNTjZjUzFpMXoxWUF6eGFjVnBYZzdHbnBiQ1dsTnduOEpvYU1SVzc4aUJxWldKcjRwNHdZNTAtVWFveldXR05ieXVFVVNKUlpxVXRIZDg4QUQxMGRtMWdUTWVSZFc3Z1k?oc=5
MRK,2024-06-06,"America’s Top 10 Most Valuable Companies, 1990 to 2024",CEOWORLD magazine,https://news.google.com/rss/articles/CBMijgFBVV95cUxQQkU5LUFaTnhEQkRfQlRxYmtRb3ZzbVN0Q0NQVktFZlJ4bnp3dGdzWjlTdTNVSGc3VzQ3cTZHUk1tdUVSOEFjLXJQdGUyM2QtT2o5R3QycHFNWW5pNnNGb0hTVEkzVnEwOWdKMEFqcU1oTEtYMHZWVUhxYndhVklyMHptUENDR0Y0WXpDQm13?oc=5
MRK,2024-06-07,Top Rated ESG Stocks to Watch in 2024,AlphaSense,https://news.google.com/rss/articles/CBMibkFVX3lxTE93TVFSSWZmQWpnUk45TnZicjl4MHVTOXFWY1Axd2JBMGdLSGhlQk5kLTFEbkVwU1g5SnVPQ1hGcWt1MWxMaTVpOWZ0OHJ6enE0N3BuenVvQlpTUnhHMnZXZF9HdWlmaXFsUzl4aHpR?oc=5
MRK,2024-06-17,Big Pharma's 10 highest-paid CEOs of 2023,fiercepharma.com,https://news.google.com/rss/articles/CBMigwFBVV95cUxQaXhSSlFOZzJ3eWVhSlRkdnZYWHVoUkNyYmlSbVdYNXRQQ1RhYWlqcVF4QktBbEpOOTBnaTFYaHpUY0dqakYzVFAxX0dZMGpTbm9TSFM1dzNONElrRER0aWI4RUFzQlhNc0UwamdlOURSdXRSR0w1Z0N0VUJSb0RmTnp2TQ?oc=5
MRK,2024-06-17,"FDA approves Merck vaccine designed to protect adults from bacteria that can cause pneumonia, serious infections",CNBC,https://news.google.com/rss/articles/CBMipwFBVV95cUxOcm10elVtRVFQVnJaQUV1TElQSTZwbVBxaVpvdlB0M0tZNFZCUHRReEVuM2VKdXhEcFFnOWIyM1FVMTVFY1lqRnU5RzRidlFNTVgtSkJhVGdDODFoTUV0SFlUN1JRVGVScGdEYUZPTWxDSVN6YVd5OGRwbGUySDJ6cnVoeVBvS2RIcTMtYkYxcEhyNG5DRnVIXzBKWldJWk5ZWFdMX1JhWdIBrAFBVV95cUxORmtVV2JkTGgwa1hmaGtsZGxEVDBVUmpJZ2UzWlZoR0wwZjQ2MzI4bDNOa0RtX0xFNjE0R1lxeUJ4QmdYQWFlZk9DNzVheWtWNmViY2IxcHZ0WlNDYVhibW1PVVJFVmRUUkUtemh4VWotSkZFMEx6LUNOejNuTWJwZHdBTHQ2MGNwV3I0ME1Ra0RJWmstbldDbE1FMlAxUDdqemNpNUthMWFYQnRn?oc=5
MRK,2024-06-17,Merck gets shot in the arm with FDA approval for first pneumococcal vaccine designed for adults,fiercepharma.com,https://news.google.com/rss/articles/CBMingFBVV95cUxNSUNkT3lFeEl2dEpuNnNKVlNQVzNWMnlwTVFNZFdTNnRoM1dZSUFLamhidldmN08yUFhOVHU0WTZsdDVMSHJrOV9sY1ZadEhjNEVBZzM1V2JHRDBVUTZBcFhtMU9aaWZMNW5JTkUzOHcxYXROaGFiZ1kteXFZRE9PVzlvQ3ZnNEYtSVFtb184Z2Z2Tkw3VFZQOVF3UVFWZw?oc=5
MRK,2024-06-17,Aerovate's shares plummet as inhaled version of Novartis' Gleevec misses the mark in PAH trial,fiercepharma.com,https://news.google.com/rss/articles/CBMixgFBVV95cUxPRmtqQzhyRFl3Q3d0OW9KQ3A0ekpKeEpENVpUbnllTGhXemRZZkROMjVVZXJ6ajdKTi1lWndENlpNdG52RXc5Vm9jVTZaWnBuRnlJemZ6dFhtUE9YQWJMaHZUZVNqWmxkX3I4cFc3M0ZEaWVyR3VIOE9FYUhyVUR4S2dVb2c0Q0puclowdEpGVDhUNEh1dGJFYlRWVF90MVA5cDAwUlNxVmhtMkp4WERHT1VLSGpUR09ZM1JJX2lLRW8tMFhYdlE?oc=5
MRK,2024-06-17,FDA Approves Pembrolizumab With Chemotherapy in Advanced Endometrial Carcinoma,AJMC,https://news.google.com/rss/articles/CBMipwFBVV95cUxQMzN1MTVIdHNRS3h1TmZrQ3NEY0NPYThPek5tNkZ6alA5S3pHd1kwZ3dJWlp2YjNsT1VOTFdpUlc1X2Jad3hPQVRzUm5SNEs3M085dUt0UGZKZHRad0pQU3pVbFVORk1hUkk1dHBrMUFZaGJsSDBaTC11X211Zy1OeFZnOGNEVE9JNW9NUVdtdFhtQVZPTjgzMEl5UGcyZnVZLXVXYXJnZw?oc=5
MRK,2024-06-18,Merck’s Newly Approved Capvaxive Could Have Edge Over Prevnar 20 In Adults,insights.citeline.com,https://news.google.com/rss/articles/CBMiswFBVV95cUxQbFFZd1ljMXBKa3dWQkF5V19wcnJHMHFuMDVqQ2EtSTY4S28tVHdmV2N5SmtPNDUzd3NqOV9fVUZueUJlZXlzZVdHdzNyMEhxNXZDc2FNd2R3eUtIclJmeVdQeWxUR2ZpNmt3WnJXaUt0TFdyd3ZSeE5xYzlrR0xpVDY1R0RfSHVmckpZTHhyYWlVTWlONkdaR1JhbnF2b0plXzJtdHV5dWM0Q2ZGVlJYRkJDaw?oc=5
MRK,2024-06-18,FDA Approves V116 for Prevention of Invasive Pneumococcal Disease and Pneumonia,Pharmacy Times,https://news.google.com/rss/articles/CBMitAFBVV95cUxNY1U0ck52aXhjRXhBOThWelVSY3lkajlRX01TN2dnRDlyeUwyTVRzXzBYNm5CQ1ozY2FIMXdsWXZFSVBWdkxoSi1qdEQ5aUdjM3Z1YVI5QWNKeDdHSGxkQVg2bXY5dXZBbjFPVndLZXpGb21aR0VldG91MFlqVE9nLVpxT3lzM1YzQkJlMGpaenVBejlCV0xGaEl5Nk1DcllpMDRDSjliQmRwLVd4bWdRdEhfaGg?oc=5
MRK,2024-06-18,10 things to watch in the stock market Tuesday including Nvidia price-target hikes,CNBC,https://news.google.com/rss/articles/CBMiuwFBVV95cUxNeEtTbmNYNXFmMFhqcjRqbGJlM1ZyQjFpaWlZZHlmMG8wN3dHNEpzTlZ2VWRNZE54anA3M3ozU19aZVZjMXA2VTB0TEh5b0Q1d2Jmell6RFh6R3ZleVVHTkZYZVJWZXVGeEI0NG1uWjJnOXBvTkU5VWROaEV6djFqNnFjZ2JLZ29ieTZnRHB5bkdtZzYxR3JwOWxMOVhaOXUzbHUyMVU1Y3ItSmVTZzlUTDMtZlBWUThiSWZF?oc=5
MRK,2024-06-25,Merck KGaA drops xevinapant with phase 3 head and neck cancer trial on course for failure,fiercebiotech.com,https://news.google.com/rss/articles/CBMivgFBVV95cUxPbWhnR3hDZDRmRXRxV3ZUeEV0MWsxNFdqR1FnNF85aEFEUkVMR25vUThKU0kyN1pNTXF0UmpFR3YwV2YtMGgxOHNsYkdHQzVyZ3h6ZGU0SlVSVVpYeU5Vc1RMQ1h6U0tNVFZEM0xRdzlmWTdsTDVzd012eGlfTzZ5d0VWRFlQQnk5ejJfWmV0TGhyMmVaVVJKemN4dEtFTVpkVXhZdmUxU1pQbUJFalIzUEcxVUtNQ3Y3QmpUZmJR?oc=5
MRK,2024-06-25,Merck KGaA abandons Phase III trial for $1.08bn head & neck cancer drug,Clinical Trials Arena,https://news.google.com/rss/articles/CBMirwFBVV95cUxPMk5PNEVBeG1PYjBvMUwtcDlocWpOMHF4bm96Z1I3ekZmdXN2ZFBpM2JETHI2U3FKbjB0UExZaWdaOHVDTG9iT1dzU1dtMzR2UVNzZUlacThNb2hyZkV6MG5YVXdpNjkxU3p5SkpZU1ZxbkItbjM2LTF4WWNrQkNVWjBGaXo0cHM3RkNLUHJ0LUwySEVvaTVBdFBpaWdrMVNwZE5XUjBSMGlidlBjcmxv?oc=5
MRK,2024-06-25,Germany’s Merck Group shares drop 10% after scrapping trial of promising cancer drug,MarketWatch,https://news.google.com/rss/articles/CBMiuAFBVV95cUxNaklUTzNPTURFU2NkUC00Njl5U0w4NUNLUTRORHBka1Buei1MTTZidzBuLXhCZk14cUt2SXFleF9RUlBNQ3VFcUlIWWxHb3UxbzZydDY4WG1Od3Q5UWtvdnFXT2lsejlkYm0yWnA2OEhqUmoycklscjVRX05CdWVObzNNZ3JGSjY5NDVPcFVROGl0TXlkaHR1ODlKQ19OMTJ2Um40S0dMamdxaGZmLXFweWVrUzRIZHRP?oc=5
MRK,2024-06-25,First RNA-particle vaccination for canine influenza receives USDA approval,DVM 360,https://news.google.com/rss/articles/CBMipAFBVV95cUxQX1ZYa2tOVnh2aWE4Tmw1U05wRU04NVZVVENSYkpyal9kLUFsWGVWZzh2VnRFYTdiYkJaR2liZmwzcm9WblhBdVVYcFZpSjA5VEdZc3dsR0ZqdzZXZ0NzSUIxVjA1d3ZWMGVQblp0S2hoaFk2MllEZU9uOWQ4UGhpc0xmUG1fNU8yZk9kVkZhbGc2REFUT2JVTzFuZnR6NGlDay1KQg?oc=5
MRK,2024-06-25,Boeing Reportedly Makes Offer For Parts Supplier Spirit AeroSystems,Investor's Business Daily,https://news.google.com/rss/articles/CBMiiAFBVV95cUxQWF9PZVRHczBzTXUtMlpFUnpucHlEeGNkckQxbE9MUXBiRVdGY1YwR3VOZUU4VFJJZzRiel9zbF8ycXQyckJqXzh5anZCVjExVEVtZk5RNGZ0M085dHFkYXg1SExmY2h6WFRmeXVoOWRLcHJ2MHRSVVNmS2IxOTRCRHhFaEplYy1W?oc=5
MRK,2024-06-26,Merck Didn’t Publicize Results of a Keytruda Cancer Trial,Barron's,https://news.google.com/rss/articles/CBMigAFBVV95cUxQV213Ul9CUFotSVc3LUE3X1pYZ2FxMFoxQlFEMU5sVG5jdFc1UTNRR0ZpRFRYWVZSNUhYdzdLSUtJVzRXazJMRGZib29aMnRmVWFIMzNsNTdycmtZT2lObng1dDJIRHZSN2hOZERyclFtRkdEczV5N0pLbUJ6eTZENA?oc=5
MRK,2024-06-27,Merck breaks with Aqilion,Biostock,https://news.google.com/rss/articles/CBMiZ0FVX3lxTE5QaTctTS05Zzl6ZUVndGVFN1A3MDNwREtUYVJpNmpRZ05xb3NwT0l4bGRVZTBkQzdqT0V3YlJKamNVUG90NUQwRzRtUlNHMmR2MjlDVGszWHZySVdvNllqRFRLSl9aRG8?oc=5
MRK,2024-07-09,New Co-STAR Receptor Shows Promise Treating Cancers in Laboratory Study | Newswise,Newswise,https://news.google.com/rss/articles/CBMiqAFBVV95cUxPWkx1OGZxa3RtWDJvSE5kdWxBSGM4ZTkyVm9jQjVOclo3a3ZJUjhScHJLclg3NlA3akpET294Y1BSZGZKZTNKUkZveDBWeTZIMmk2TXRuQmtiQ2ZSZFVRVEdpX2t6TWJhdkZhU2ZmX0FfZUZ6N3V5Q3BVa3V1RV95TTYtd25laFFGTFRmOGxCX3dWS0JkcjRzX01jaFlGTmsyS0dwTGlUeXnSAagBQVVfeXFMT1pMdThmcWt0bVgyb0hOZHVsQUhjOGU5MlZvY0I1TnJaN2t2SVI4UnByS3JYNzZQN2pKRE9veGNQUmRmSmUzSlJGb3gwVnk2SDJpNk10bkJrYkNmUmRVUVRHaV9rek1iYXZGYVNmZl9BX2VGejd1eUNwVWt1dUVfeU02LXduZWhRRkxUZjhsQl93VktCZHI0c19NY2hZRk5rMktHcExpVHl5?oc=5
MRK,2024-07-10,Three U.S. Pharmaceutical Stocks to Buy,Stock Investor,https://news.google.com/rss/articles/CBMieEFVX3lxTFBGcHQ2bld1bWFyaTRtQjVUOEJvTFEtemwzZ0pSWjdTVlh6LVBUS3UzZ1dQQWY1aFJWUTVBQmQtVEctQmduaU42WnR4UE43bGxOZXNoMlZIRWFILThaV09rNGhDdFdSYnU2MmV0VklsVjVPa1JLa04zOdIBfkFVX3lxTE5pY3NDYU84bllDY0JwVUc2YzZtQWsyS3pIMWl0VWE4VHpHNWtTYWZEV2ZLTld5LXlRRXUtZWl1NGd6ZWVQNm5FT1dHLUxBT0V3Sm1uc2k4RWhVbmZHVklfOUUwc25ENnpfQTVRZk5Xd1lzOTNrVW5WeWtjOWJIZw?oc=5
MRK,2024-07-15,Merck completes acquisition of EyeBio,Ophthalmology Times,https://news.google.com/rss/articles/CBMigwFBVV95cUxNcDY4VzNrZUZ3MXdTWk9CVnhxMDRLZVVqck1Udl91UGtvMk01dzdrTkZENDMzRFRtcXludU5ZYVlMU25aWHBJNV9QZjFnZTFPTGFuVVVEYzlnTVNCaUNhcVU5bUpjNGdHSHFXeTVhMUtyQkdOcDFfM3ZJRlBOekEyYVNLNA?oc=5
MRK,2024-07-16,3 Biotech Stocks to Buy in Case of Another Pandemic,InvestorPlace,https://news.google.com/rss/articles/CBMijwFBVV95cUxORm8tQTdKUUs0ejJSTVdwbDFfSkZSZUFSZ3RRMHNSZUQ0VHJNdG5RZ1dNVVZaY2dhUkU1T21oUlhxSUQ1S282SGQ3THlNLUY3amNKOVVPU2RPcjdHR2piZm9mdGJ4VGpEbHp2YTBPZm1ZUzEtcl9HTGRuSUlBaEVucHhydzcyNGNPRlp1aXR2MA?oc=5
MRK,2024-07-16,Forget Nvidia: Billionaires Are Dumping It and Piling Into These 3 Surprising Value Stocks Instead,The Motley Fool,https://news.google.com/rss/articles/CBMimAFBVV95cUxOa0VFVXFrR2Vwa3YzMFBGQ2dyYkxQOFBVSTZMMmtZVC1PcExVcHBjRE1mUktOME1TaUlTVS13SnVwdk9IZDFvWGwycnpvaWkwcVg1bmRfaTlfT0FPS09HTHRLSUgwWnFxNzBlRXAwU25fN1FHR1BwZmNHMTd5QXUzMnFCekNiVW83ZEF4RUhRODNxeV9MbWstZQ?oc=5
MRK,2024-07-17,"Merck Completes EyeBio Acquisition, Strengthens Eye Disease Portfolio",BioPharm International,https://news.google.com/rss/articles/CBMisAFBVV95cUxQaVlVNE1uMWdXSzlWdTZEQkFHSHJuNGV4OVVoSGlkT0hha2l6MHN1VTRNcnVsUzFiTmZxZnZQSWRsczVJa2l5TF9kX2xpZmx3OUxFanpvcjVrZXNXTDBaUGIzaHZTcE5LZk5JN0pnYmpEWmc4VDdiQnJULTZZSzRNN1l6dHdrdHMtMjF6UmtRNlRBa1JJeWZyd0NTQzF0NkNKR0NnV0VEb3g3V2IxUF9Fdg?oc=5
MRK,2024-07-21,Billionaires Are Buying These 2 Beaten-Down Stocks. Are They Smart Buys for Your Portfolio?,The Motley Fool,https://news.google.com/rss/articles/CBMimAFBVV95cUxQdE0xR0dVRHpIa19JbXdNR0oyTTlrMk8tM3lpbzZRN0JvT3kzVXI5SExvSVliYkNXTVcxQW1PLUZJdmNYRmdCdTdCZ19nQ3A5OWhlSlY2bGF5YlNJS2w3VzI4eTBRLTZHMHZraUtkZk1LelhTZWJCZ2ExM21FNXpSazZydXhBSUEzeExmVnRuRnE4OVdaRHpOTQ?oc=5
MRK,2024-07-22,Why the Hipgnosis Drama Yielded an Unexpected Ending,Variety,https://news.google.com/rss/articles/CBMibkFVX3lxTE1sZ2VFcVNSOGg1R1BGazE1eVJ3SXFQQU4zMmRGQXl1bFBGb2F0Wm1Md0ZoOERUMXI0R2RUcFp6cGs3WmEwQ3F3RXA1UmxKOGNGOW9QazlYNGlqeC11dExpNmJ0a0c2Z2tCSTZQT2Jn?oc=5
MRK,2024-07-23,Billionaires Are Loading Up on This Surging Dow Stock. Should You?,The Motley Fool,https://news.google.com/rss/articles/CBMimAFBVV95cUxQQmtvZjE1YWpOZTIxcEs2dkwzc2xaQ3E1TW5oajhxeC0zeXdPaXNFNnIzTXpiZ293SXgzU01QWmlrNktKemFwSUxjUGF1Z2ZzNElMS2NaYjdBNmx5dC1VOE52dXl6UmluR1lzY3hvTm1mVDdIaXUtUFViR3R2Zng4ZndjaHphNTNOakloNktkaUdKSUN5VFprMQ?oc=5
MRK,2024-07-25,Merck Signs Agreement to Sell Surface Solutions Business Unit to GNMI,Merck Group,https://news.google.com/rss/articles/CBMihwFBVV95cUxNdjhyYVBWSVVZRWNEUHdBN1JOd3ppWnBVa2p1NjBpMHFoLVcyU2RVSTVfWlhuQkx3VnRsc0xnZHJpNTBDTXU5SENyY3M1c2JwRnpzUzJoN1NtR0NWTXJhWkt3YXBQa3FaYmVSaG45bmNvN1h3SGFPQUN4dF9KRFNGbHFQNWhzX3c?oc=5
MRK,2024-07-30,Merck mystified by sudden 'step down' in Gardasil sales in China,fiercepharma.com,https://news.google.com/rss/articles/CBMikwFBVV95cUxNLTBpd2lqMkdtM240MlZ0eHNRR2Q5Y1FuNTFmZ1JJTWdHQ3d0YU84am0teS0zVkVLTWtBZnFsS1pXZXdqQXR3N2QtVGhuR2Z5UDFnajN4R0Y5azgyenJVMWZrenIxQWszSmxTQXdPRVJ3UVlBTG9sTk1sYlhaMk1GOHdXaHpTREt6elBSajNJUVJYY2s?oc=5
MRK,2024-07-30,"S&P 500, Nasdaq stumble on caution ahead of tech earnings",Reuters,https://news.google.com/rss/articles/CBMipAFBVV95cUxOZUtra1VtbWEzUXR5YVlQYjNuTzdGVXlISExwcXZBN2kyV1I0TUZhVzBmTkpXRnZIRGhuUkhpaFdSSTFLX1o0SnIyRkwxQzRqZHhYRTk5Mi1kSjJaS2x2ZElMMkVHWjZ1OENGZXp4dWNDRlFmVDlYMEx6dUtoSmxpeEJtNHZJYzJPbjRDZmhpV1BLQ2NqcjN4M25NalpzYUE2NHFTeA?oc=5
MRK,2024-07-30,Merck Stock Had Its Worst Drop in Years After Earnings. Here’s Why.,Barron's,https://news.google.com/rss/articles/CBMikAFBVV95cUxQMENOVTlWM3RVekJ4SEt1TTlSRHREZlhjenZoWGZMeDQycm1HbnF6RXFDY1ZLMUhJNGphbU5OcXZCQUxHQ1VzemtHb0FwS0JJQkNFTmtCLU1ocGlGYmh1Q052aU12SFJEQ3FDTUh5YTdjZUd5aDlEMnY2NEhpMmNheE1GelRmOXJGT3Z1ZGczVkw?oc=5
MRK,2024-07-30,Merck Stock Slides on Lowered Adjusted EPS Guidance,Investopedia,https://news.google.com/rss/articles/CBMikgFBVV95cUxQUzYxQ3RobTRPZlVaRFRJczFzT3N5Z1ZvMFRyRFRlYmRVTTNFTmRCZjR3dXIwVjUtQWNkallhMklWRTB4Wk1DRHlGY3BrOGROTHM0cFNnZDNhbWlQTXlDbkZsSGd5QUZPWFZ6QV9yeUVGdUppMjFzUTZhU1BVRmJ2YnlPMEdIdzh4aTkxaWRZTlN2UQ?oc=5
MRK,2024-07-30,Merck shares fall after drop in China HPV vaccine sales,STAT,https://news.google.com/rss/articles/CBMibEFVX3lxTE83emgzdEhGTVRXdHlnRklwNlM4X3RaLWZvNlpYUFFiOTl0bzZQSW1vT0pucVFQdWpnTFZUWGdfd3NEbzhOa2RlSEVmeFRwRlBuVEpjdnZvMDFKa1pTLUY1aE01QUR2U25VYkpKYQ?oc=5
MRK,2024-07-31,Merck shares slide as Gardasil sales drop in China,BioPharma Dive,https://news.google.com/rss/articles/CBMif0FVX3lxTE5weWZTaWd1LU9Semd4UnlnaTEtZTgwaUNIVkZycU04elV3SjUzNEwwU0QtWTF0Z29mSnNteUxPV2Rsc1I3bThveWZfeU16MGJmODhVVWNuLTE2MFRKWXZsNTZNYXZuZHpGMzZUemExc0hCbDctVVEwT3k3SHR2cVk?oc=5
MRK,2024-08-01,Merck’s Keytruda Is the World’s Largest Drug. The Race Is On to Replace It.,Barron's,https://news.google.com/rss/articles/CBMigwFBVV95cUxOakluMWdKaWlCb3dFYXdBbDZIWXYxejRvRkJ5ZGtnVmVMTnh5NjNsVFJrNHJ0eVAxbV9sLXNzZGdKNy04bllXcXkyM3hBMmdKNUdBV3pyOGpjNFo1Mm1hMmZwVmgxQVNlYUNTeWt4Q1hSaHp2TGhtcEEyN0U5YzFWN0t5VQ?oc=5
MRK,2024-08-06,Is It Too Late to Buy Vertex Pharmaceuticals Stock?,The Globe and Mail,https://news.google.com/rss/articles/CBMi0AFBVV95cUxPbkFoNzBDZDYxWjgzMk5TZGp1alBCQ0EwRG14eUNkMWktM1g5Z0tHdjk0azZTcDhrSnJ2S1l0Y0xYZlJwR2thRHpYQ1NTQTUzWmtjU3daYXdhVVdIMlJ4LTZ4a2dwdWNLd3Y3dG01ZG5McS1JVDVKVEJodFFPZ3RIalVQY1BOMVI4TkM1S241Z3Nla3pzWldxTTItTHJ3S0JLelphYVcxUUxubXlESFIySFVnUDllRVJwRmVYR0ZabWVPWmxsMVJpbF9fS2dBdmZ0?oc=5
MRK,2024-08-08,Merck Discontinues Phase III Trial of Keytruda Combination for SCLC,Applied Clinical Trials,https://news.google.com/rss/articles/CBMirgFBVV95cUxObjBtd0o0Q1kzN0VWWE52bkh1cmphT0pUcDJBeUZHMjEyMVc4Ri1wSjdkUnFnaFJvTnprOVhpOTh3d3BkbzFORkxyNTJ2WmJrTlQyYVhNeHlONldNU3JETGFCaThVYXdyZmEtdzdNb2FXTWFxRXVqa2FnYWJOMVBwVjByM3dyMFdNaHdvQXJhOWZSRmhNc1FKQ3dZdDZpUWhtRWJJeGpWRndfTXcyUlE?oc=5
MRK,2024-08-09,Merck bets $700M on an antibody drug’s potential in immune diseases,BioPharma Dive,https://news.google.com/rss/articles/CBMimAFBVV95cUxNbG55aGxYQVFEdUE2UlVDNTRJVm5LSDNtcFVaeVNCdlJSRE93N2dHcmVObHNsYmhqT0NhbjhwLVZXcVE3Z3BDcW45Wng2SWN6eXlnelNFZ1FCeVJRZm9rbDJoUURUWlpOeTdqZ1NIRG5JQVZOeEtCb1F0V2l3ckVCelZDLXU3ZDFIN1FFTDhMTUQ1eURTRkZYbg?oc=5
MRK,2024-08-16,A Formidable First: Winrevair,Pharmaceutical Executive,https://news.google.com/rss/articles/CBMia0FVX3lxTE9FUDhSYUQ4VEJldDFZX09xZ1FiLVVuY3R5LUs3a1J5SkJGaW5UdjhMMlk0SFUzdzk2WGx3N05xVDgxbUd6MlpsRmcxa2djR0ctTHh6dmE3ZUJxbS0ydUNRWVpoU08xeDh3YTNF?oc=5
MRK,2024-08-20,Winrevair From Merck,Pharmacy Times,https://news.google.com/rss/articles/CBMiZkFVX3lxTE1jLWE3NHNOZFNtTnhWNUNrZXk1d3oweHNXR2JqVXBhRV9OS1RUdlpWYUc1ZnFvQ19mYkFjNmZ1M0h2WDl3YkI4ZGtJNFdkWHktNXYzanNEdUxmYnFBMjR5TGFsYkxjQQ?oc=5
MRK,2024-08-21,Merck Plans to Acquire Investigational Bispecific Antibody from Curon Biopharmaceutical in $1.3 Billion Deal,BioPharm International,https://news.google.com/rss/articles/CBMi5AFBVV95cUxOZ21walFLRFVMLW5NYnRQSGlqNjlmNm5pQ045ZjFvU1I0QUdwbUphOFZrWFBGa0VZSjFCbUExaVVmQUxOc0hlR3hJcHBiRkltamIzRkxWdFloZzAyZ2NPMHhIUWlheWk3V1E5OU5scW5zblVNRlVQTWxSd1FqWC1JaEtQN1FFcEVjZFU2Y01vZ2lkamNKNVl3cUw5dGRFamdjS0V0OURKYTJ2N0Q1LXlIQk9nLVhmcHAyY0Ffa0lqZXhSU1U0VmY1OVk5ZXg4bWs1NzJPZnhpb25VVVVSellvWndwQy0?oc=5
MRK,2024-08-23,"Sun Pharma launches STARIZO for drug-resistant skin infections, shares at 52-week high",Moneycontrol.com,https://news.google.com/rss/articles/CBMi5AFBVV95cUxQXzBzNXBhYzBhcWdPajg0WC1kSVJiaWRQZ0FZR1RDOTVaeGs0RHlTcDIzdzJOTVAtS2MwOHZxY1p5dTlHLWducDVPTkR2X0ExQXp0Zl9lNjZNc21DYXhERUF0SXhRSEtER05zd0hVNmliS0lQTFRuQlUzY0x1S1lqN01pVE1VR0ZWclAzSFpZQlloVmJYczFhcjQyLWtZeEpiYlJyTlpXWXdjSVJNWHByR1Zta0xlVWhzWHY0X2wzMTFrQkZGeWJobi1iZG02bGlmYVJQVlVIdlB1N2huc3dzTzJIannSAeoBQVVfeXFMT05rLTFuLUQtQ0YxSnR6a2JxSDlPNUNubTZ4VWUxajhQa2dOY2RpYnV2QTVwSHNkUWlvd21ZYVNITWprdHFZYzZSeUJqUE5XNW9wandERzRWUnJtZmlvWXROMkVOZ1Z1dTYtRDM5U2U2SFAtdmRkVlotS2RTU0w3dUZjTU1tajJpdFRpVmtSOEZrT1NOOFNpTl9DTG1IX2xVdzhZNk95QWNSdmtxZjltSUdVTWJFN0Z2SUpQVkxtNXg5UFRtN3N1eTN2QzZ6MmhOZ214c093bkk0aW1URUNHZlFUTUo1SnBDN29R?oc=5
MRK,2024-08-27,Concentration and the rise and fall of large companies,Morningstar Australia,https://news.google.com/rss/articles/CBMipAFBVV95cUxNaDRURGJaUkxTOFJrdVhGa1dKOUtmeDZFQWlvRFI0d0MtSWRHOUZZb1A5YzVDLTljcE1BeWtieTAyZ0E1N3ItWlFwNm5GcHRmT21kV2VlVjdwZHJBOTcxOGNkVjJFZlJRNVJ4bVlDYUdHWkdTbmpzT1FEU1Vra0ZHQnRJdl95UHV1cWRCOE1TQmd1cEpubjJrQUstVXB6cTVObFdGZQ?oc=5
MRK,2024-08-28,"Nvidia results could spur record $300 billion swing in shares, options show",Reuters,https://news.google.com/rss/articles/CBMiuAFBVV95cUxNQ1plVjdCOUxQeUdJd29xa1lBQ0hCTXQ1VW5JQ1Y2bERZNUJlVHlsUWExYjdGMXhjcWxEaFhLaGZIUWF1MUwtRC1JNG4taTJjQ1VtZnMxWFZZNWMwNU50a3gxZWxhWFVVNnppNG16OXpkaG1DRDBGSlIzYWdnX0RtR2hSemZlRHlUbDlwUGw0bXB3azJpZ2UtQ0gxbWtmc1VTX0JjZFhmb2g4SEdCSi1VUWpOeWhveFQ5?oc=5
MRK,2024-09-03,Vaxcyte's 'stunning' 31-valent pneumococcal vaccine win against Pfizer's Prevnar 20 has analysts thinking big,fiercebiotech.com,https://news.google.com/rss/articles/CBMivgFBVV95cUxNa2lHbXRiS1phR2N4NXd0cGxvZDc2OWZQRTQ1dUQxVXlYYl9wZjVON3ZvZmJEc1JrT3ZpekdfZGRMZ3E5UFBxZDVaT19UT0g2SXNzVUVqRkhrbEM4anBBQUJWWk1vNm9NdlRaZTBZWDBFaW1PQ3NYa0t5c3BmQUozQ0U4NHI3VzJjUlp4NmVFRjlJeW9ZQ3JJVkJJRlp3eFBmYkppbFI4RHNXSDBaeVE3bGxnZXdOOTNSNUsyUmlB?oc=5
MRK,2024-09-03,Strong Vaccine Data From Vaxcyte Pose a Threat to Pfizer and Merck. Here’s Why.,Barron's,https://news.google.com/rss/articles/CBMikwFBVV95cUxPbll0QjltaVQyeUJhTnlPWV9JQnZ3QWxVTUVfbWpoVjFaMVo1MS1qRVpqWGxSTjVWdFVueEVOM2Q2WTV5cUhlbUtIa0NJZHgwMHM1bVNPSzA4dVRiMWFJRjRCcE1XYy1OVWw2Rlk4VGxEUm1Kb1k4M2UzQ2F5c0wtZUF6SVZINmREOU1yUnk5WVZ0LVk?oc=5
MRK,2024-09-03,Small Biotech Catapults After Stomping A Pfizer Vaccine In Key Test,Investor's Business Daily,https://news.google.com/rss/articles/CBMimwFBVV95cUxQVkUyQTJTbzJIcElKLTlWWkotYWxXLUZPbUNQRGRzeDNsU2s2WjVid1FvWS1JbFlpTnExMU9nd0FVVUlES2YtcEYxOUZGNkxlQk93WGZKN21HUWJYelZNZ2VNM2gtUXlDa0l2X1dESVdOeGN3SEpoaGhWTXJpcFRlQWJDcC1Bai02Y05CcXU2RnhrVk5vY1VRUW5vQQ?oc=5
MRK,2024-09-06,Vaxcyte: Stunning PCV Data Readout Suggests Vaccine Maker Is A Strong Buy (PCVX),Seeking Alpha,https://news.google.com/rss/articles/CBMiswFBVV95cUxNeWxzRG1iMHNhVHBuQVh0STV6eDNkQmFRbTl0NUFlckFYUzlNWGx0MVI3dDVhMDJoY25NaG0wb3FHRG95em1rZnVsajhtS2VZQXA0YzZjdWZwTHN1bXN0eGt5RXo3UzUzRVNIU1V4QWJJN3FLR1ZTUWxOcHh1Sm1MSEhSV2JFY1YzRXRvV2hyQ1pmUlpBLXJ0U1dwV1NiZGhlWmlHeDA2TGxyT3hZS1B6a194UQ?oc=5
MRK,2024-09-06,Why Did Merck Stock Rise 65%?,Trefis,https://news.google.com/rss/articles/CBMikAFBVV95cUxQT2dubWZ3emJ2R3VVcjhUOHJGdGM1LThCQTk0MXhXRVJLMDRFbE5nVzBKbWtNdG11WVZYVE5sNlR5NWZsUnVDcVRnLWtjbTdpcEtqTHdtTVZRNjNmc2tIdU1YWlRJSG1RSDhDcVZjT2N6Q2Z1V2xxMXo4UzFjUkhNRVBsX1doYWE1eE5yV3lNVU8?oc=5
MRK,2024-09-08,Detailed data show Summit therapy beat Merck blockbuster Keytruda in late-stage lung cancer trial,STAT,https://news.google.com/rss/articles/CBMipgFBVV95cUxOVnRjbHN0YWs2QURUUHFCWUpvRUFkaXBtYmoyWEhzWjZ4TWh4aVgzdjkxVWJTWm1BWC1xOWlOOTN0eTgwemo3WTVrYXRYNDVLZWlocTBsczlQZFJCbk9MSGdPN2hTSEhHVWRtTFNKMFRwRnRJalZlT043TlJvUXNXT3NqWE1PNTJ4ZzZDd0NUWVNSRURQSFFEazdTOWZ2WDhwNlh5ME9B?oc=5
MRK,2024-09-09,Summit shares surge as cancer drug tops Keytruda in head-to-head study,ETPharma.com,https://news.google.com/rss/articles/CBMi6gFBVV95cUxQSTRscU5JOHR1U0NQdjk0Z2F4cF9paWlpOHVsMFhCQzdwazJOYi16N0ZNOTk1UVdkV2Z4Q0c2MTZDbW9qOEI4TFN6WWZsYkJQa3NUaDQ3OC03Q2treWtjMm1jUkZJeFRETHdsNi1NeTM4VmtlZFdZcFU4d2t5RV85V0lwMTlaUzNzNjd1M0g4N0tnQVprUTVDNnhZc19TOWVtTnRkQS1rOV9VVWVEN29kbEdhS3ZrdGJ6cVRUTW9teG9mejFSY2c2cHpmVkJBTl9oNGFjM3lvbDVJZ2U2MXdWQ3llTGpTcXFUX0HSAe8BQVVfeXFMUERKa1VOcU9CVGRXN3oyeG42ZE1DaTJaXzdUYXNHZWNkVm1Lb1JVYW5XSk9wMjJCN25mR3g1NUEtOHdwR3VyZVVKZ29YVXVnRjJjUGZTM2NOSjY3amhsc1RORHk5NW9RWU5oOUhfUDh1VDdZNDNCQ09YenJ3TG1yLW5GOUZPZTFmczZJOVRtTzZxQjV1azhvUnR1ZTN3VVhsbHQ5MlFDUkxXOEg2MjUwX29ybXdCcmE1aUNyVng2Zk56dHFDSFhpalFWcTBabEpJcWYxcGVTY1Q2RGpKckw2bW42aUM3aHgtNjE2ek83V2s?oc=5
MRK,2024-09-09,Merck Stock Falls After Rival Summit Beats Keytruda Cancer Drug in Trial,Barron's,https://news.google.com/rss/articles/CBMiiAFBVV95cUxPaDQ3VU9YYWJ2c1ZTYzlxbTBTejFucU9RRlJkZElnTUlTM0JNaXBQaEpYMXdzcVBnZ08wRXA5UG0xTGZSN1pZbm1VSGFubVY3cG05c0tkZzVsZlN4YUZNUjFaemc3Mnp4YXhrZnJYRUJMc0FDY0NRTHdRZkVxNnZFMXFyZW5TNE5Z?oc=5
MRK,2024-09-09,"Merck & Company, Inc. Bonds — Corporate Bond Rates",TradingView,https://news.google.com/rss/articles/CBMiYEFVX3lxTE1jcjNFUnIwMGVNdlNmUzFCRXdKLTNkNzc2ZFZaTUVDRnh0aTd6Ukc4WmhwTUZyWGJYOF9NUndndUpvSF9BVl9kMTVaeFFOWVBOSDBWQk11a3l6bU5Kc05pUg?oc=5
MRK,2024-09-09,Summit Therapeutics’ stock pops as cancer drug beats Merck blockbuster in trial,MarketWatch,https://news.google.com/rss/articles/CBMi2gFBVV95cUxNTEQ3blhlQThBR3NPNjl5VVdHSFVRX0RLLTlWOURFR3liaUFaT1dCNGV6SnRILVZCSXd0akgxNVQ5bW5qNmJDM1NjQ3MzR0NBaDAwYVRhVkg0T25vQnBqeVNUNm11X1FzSXVwUkR4VFVuZWNBMHdSS0FiQzVEeVhrMDE4bVNGLVZwT05GakxnenlVWldudUI4a19BYjFrUUFjbzFUSFVKbk1qMjdyN3BNb0k1ZE1PUHYwV2xRektfT3dDZ0xublFNQnRxVHo3MU9JMGYzNUZCaFdJZw?oc=5
MRK,2024-09-09,"These Stocks Are Moving the Most Today: Palantir, Dell, Boeing, Nvidia, Apple, Arm, Merck, Tilray, and More",Barron's,https://news.google.com/rss/articles/CBMibkFVX3lxTE9Ld1JvdEhkSmlsWi1aY2ZjMHNrMlZ3NlUtU21LZDFMVTJ6OHpoSTBqNmxCRG8zTGI3UTVTejZacE1GcmYyU181RDlKVThNRFJDdldYdkhKS19vVmpVU2htb2w1VHRyMlZEOEk5Z0FR?oc=5
MRK,2024-09-09,"Top Stock Movers Now: Boeing, Palantir Technologies, Merck, Alphabet, and More",Investopedia,https://news.google.com/rss/articles/CBMirwFBVV95cUxNUGpXcHNxRm9EUHZER09fTFZBR29Rd1dXWVlXSUZZMEFwbjVoVmMtcjlIYmdlTXY4WVBsaXpVeHB6XzVLb29YTkhOSkxWZmVDdlI1NW5HS21ST3hQalJMOGs4c0JBZHcwWnRFVHdaT2RzRFdnSEhYT2JZdXp1U3J1ZnpyN0xPSlNMMllVcU5mYzduQVd4ME1aR1kyVUhHWmtKZ3AwNFNCS054WWJ4SklV?oc=5
MRK,2024-09-10,Summit Therapeutics up 55% as lung cancer drug outperforms Merck's,Mugglehead Investment Magazine,https://news.google.com/rss/articles/CBMikgFBVV95cUxOdG0yeUEySzF4VU9rV1FicHF5R1ZDeHhMQklEVmdQS0s2QUpXU3RkTG5tVU1rRDV3SU1qaTJkT2QyT0hMZXgxQTBYWWUyYjdpVEY1OXREdHYwYWJIaW5RQ1RsWDF1eTJ5Y2lTOGtCVWxKREtNakN6NVFoc0ZzRGFDeTc2MlRRSmFlY2pSWGQ5a2pHdw?oc=5
MRK,2024-09-12,Phase 3 Trial of Bomedemstat in Essential Thrombocythemia Begins Enrollment,Targeted Oncology,https://news.google.com/rss/articles/CBMirAFBVV95cUxNYXIya3hEblZwM1VjX1gxX1pxOHBIRV9nYWNRQ2M3ZmdvR1JvVVZuUTVFal9fM1VzTG1JLXJUSm5kUTFpTzJhaUE5ZmZRY0hhNE52bGRFTzVlVm5pcjNXd0U2dk94QWVMODdGUGYwcmt4TWx4YjF6bGt0Y19zcGJQLUVYNFdsZktHejdwd0JfLXl5c3czWXlaOEFjZXhpZ0hyTlIyNzRRTDFvVTRh?oc=5
MRK,2024-09-12,"Cancer trial data leads Bay Area drug company to $235 million, including a big insider take",The Business Journals,https://news.google.com/rss/articles/CBMirAFBVV95cUxQOXZoMXY3ZUt3Wk5XRFZWSmF5TG1ucVZral80OHQzQnJSdzNhRXB3MG5FVkxKczFfYXBfUGw5NENJVWVIam53ZlA1Nk05VGpGX2NPa21qckRlTjlFemlaUUdLYmhRUUxXdnhCNUs3d0FyaVhzcTFfYjVPTEZvVFRHWG9HS1BhWUdrNmNYemFoQnRMN0cteTlaZ1Y5Yzd6YUF3Y3ZCSVlCWF94MjFn?oc=5
MRK,2024-09-12,"Moderna forecasts lower sales next year, shares near four-year low",Reuters,https://news.google.com/rss/articles/CBMisgFBVV95cUxQSUtiaDI4R0g0U2NLQkI0QVQ3eldzODlIX1FrTlJfTXk2bFhzTW9nTUJVelBEUHpBVWlHTHkxWjN4TVNBeU92VlRlWExTbDBFY2FsRTZDWEhQU19uNXcxU1J3RlJ5a200cnFwODFJUUtxazFWV20wOXpTTFhWQWRNeV9wYmlRbEVXSjJuVFlXYnF3VXdsaVNDYjlLcHBLWDZFMVJJUmJqdHBuUW8zNDM1R2Rn?oc=5
MRK,2024-09-14,Where Will Merck Stock Be in 5 Years?,The Motley Fool,https://news.google.com/rss/articles/CBMihgFBVV95cUxOMHZ5TjIyU3U5YVoxODZUMDg3ZUtiVVdZbjdlc3J3WXFraUFzT19TakhxM3hwdGYzbUxLclQ3alN0bVhCQzI4TWxWTngydzR1bi1KTDJXOVBpUy1tTlBuNF90bEpFWTVzb2xVMUxrbWNFemhPSGIyXzhSMnEzT1huenUxeHpoUQ?oc=5
MRK,2024-09-17,Merck could see double-digit stock price increases in next 5 years: Jacob Sonenshine,Fox Business,https://news.google.com/rss/articles/CBMiW0FVX3lxTE51QVZvd29zU0FhZ0F1UC1DVnJKa3ZiRVhkR2FIZ3Bub1VnWWJQa0lIVVNoa2tzYmhTVnVNeVJJZUc2bDIteDNFaDU1T0x1QlZkbVFvb0JfNDgtY1E?oc=5
MRK,2024-09-18,This Company Generates No Revenue and Its Market Cap Is Over $20 Billion. Here's Why That Valuation May Not Be All That Ridiculous.,The Motley Fool,https://news.google.com/rss/articles/CBMilgFBVV95cUxNSnpPTXVtZ3VjcFJsZVk3bURXVWV0Z0M2NjZQS1lObU5IUkE1NmxPemFRVVVOeVBoRHViUXZfY3JlOTUyMVFMdkZXeTBVX0JwbktabXNRcTNrMTBaZngxaGo0RTFQS0M2TVg4WDRYbFFjMTRhSi1KX2NSZXE4RkdKYU0zeXItRG5UN1RnZjBETG1vMl9ON3c?oc=5
MRK,2024-09-18,"Despite Win Over Keytruda, Summit’s NSCLC Bispecific Still Has Something to Prove",BioSpace,https://news.google.com/rss/articles/CBMivgFBVV95cUxNVHNVdG51dkxOWFZLak1ZQWNYclgxTm1HeVlnR0h5Vnp1aERJZGxLM2kyN2JRREw0TzVZR2MwejgycU1yd3cxZW5xcDY0OUItanhXZUl0TGhEclpUSHhKcHlDbWNDWHhKbTNSRDVMcmFPenJqRUtEWHBNX2JyOWRMQjlUb2dTTGlIc2JfcUNfQnZJMTdOWlh5bkdhSlVodE5RcHhoSjZsR0lnekk1UklWNXhHZXZhZXZWeXJlN1lB?oc=5
MRK,2024-09-18,Keytruda Demonstrates Superior Overall Survival vs. Yervoy in Advanced Melanoma,Pharmaceutical Executive,https://news.google.com/rss/articles/CBMipgFBVV95cUxOeWdPbS11aExBRTIza1ZlZ1lrLTNlQzdaNE04eFJKV3RRN1QwQ2gwUmxmYWJTMkJ0MUxmWmV1c1VTU0t1LUhRMllGdjFDU3BSWWFJeDI5U1ZQMVlBMlM1RThLbTVqTkJxOXgyTFVqQkJRZjZqRzVtQVAyaHdicUZNaGt3c1hHS0Q5b1U3dWM4bTVlWWoyZ1NnX1NEeUNGV296c3gtRGln?oc=5
MRK,2024-09-25,OncoC4 founders take own science under their wing in new biotech merger,fiercebiotech.com,https://news.google.com/rss/articles/CBMiqgFBVV95cUxQNV9jNHNCVWMtdGNDTjhBTi0wQkhyNnU4a0UycEFqRndsUU5rNUJCUWN3dG85SmU3NUp1a1FhQm0tRi1NY0VPeU5ZU01vcWoxaldPMFRfMThUNGJRYlpPQzZMX0psRml3UGN6YnEzS2JPdk9BQlUyLWZkNmo0Sms0bjh5LWxCcUoxTEp1SWhsMWJlVTRpWG5rQkdNMk1MSmhkLWtKem9zUzI4UQ?oc=5
MRK,2024-09-26,"A surfer without a degree is worth $16 billion after his biotech company's stock soared 1,100% in a year",Business Insider,https://news.google.com/rss/articles/CBMiswFBVV95cUxPQVMwaUs4R3JmVVI4Nk5POTIzVy16bjhVZEh1QWROSjVnd3NqLWd5Q3h0UjFmQWIzaW5EMXNlaWVYdW0wVDI2Z3lQVG9PQ054cUhFYmliS1puSXdGalBwVUE1UzBLOWFuM0RBYXhYX0dVb3plbGxaNEtUNDc2RlVCaEh4S2E4ZzdfYUFwdjNPLWh4Sjd0Uk51TV9UV1JVTlFZbTNEUlctUmdYaHNES05ZY2htRQ?oc=5
MRK,2024-09-29,The one sector of the stock market that is cheap with upside today,CNBC,https://news.google.com/rss/articles/CBMipgFBVV95cUxPeWw2LTBWLUtEU2s1X0FZQXpLcEhwQzVKNlQtMTVxb3AyaGtaQ0JBMkEtZURYZmpFc0ZCT1pSNGV4QVhkQUY1aFBKQk0tcWVOb2dmdVpwanJzeVF3VUNWeFlyalNVdTdmVzRzVW5RWjc5Vms3akNtSlBlZTNqd0xFbmJjaHAxb29VdnRSd2htSlNTWnZteHJ5b3U2bURPNUs2djFWZFFB?oc=5
MRK,2024-10-01,Merck & Company Inc receives Investment Bank Analyst Rating Update By Investing.com,Investing.com,https://news.google.com/rss/articles/CBMivwFBVV95cUxQNHNlWE80ckR6Y0JCWUctVlB6UGhkMExyWkVkSGRKbWNQU2tPRW5JQ3hTNnNqQUlMQ0RhZWFFWXVyc2o0UGJlUjcwdzJPcHhiNnY1V0d0c01TalJ6bFI2N0V0Sl9acGFqRHRPeGxkcW96dXB0eGZ0MkRFc21lRnlCSDF5NXV5dVk5bGRfVkpFVGh3WGV6WE5sLTFSOEFZbVpiZlZYSHItamNLeTVIRThWR2xZTkRTWm41dTdvbkZvYw?oc=5
MRK,2024-10-02,Tulisokibart Shows Superior Efficacy in Achieving Clinical Remission for Ulcerative Colitis Patients,Applied Clinical Trials,https://news.google.com/rss/articles/CBMiuAFBVV95cUxNSVRWYTNKUlVwbThxbVJwTmlsQUFDV01NakJ5SWZpcGhsbnZxUzZVbmFiXzViMGxpeng5LVBXOXp5RXVLbnM4Q2RIQnB0MmtBNDE5WS1nWXF1cUUwZ2laaFpjTGhLal9GN19vQ3p5aWNwNjdxQzRPUlNpOFpsU2I1d04xSThqajVPVnBZd202b3hjTllXR0I3anltQkdreXd1REZIQTNmYTgzWVBVTUdaM1JMcWhUaHdr?oc=5
MRK,2024-10-03,How the Top S&P 500 Companies Have Changed Over Time,Visual Capitalist,https://news.google.com/rss/articles/CBMijgFBVV95cUxQZG5Wb200bm5ueWxXUEx4SHNxcTB1ZXNJbXIyb0RXN0RlekZKei1GSHIzWWk1SDZ2a004WE1oYnd4QzFSQ2NXZ3RBN3lhTlJ3bEZHOXBPVms1MmpoTy1HdFd4VEVHbHB4UzBESmhhdEoxV05mM3pibktxSWdqUkNGcGVpUTFNQXZkdHBVRS1n?oc=5
MRK,2024-10-08,Cramer's Lightning Round: ‘I like Target right here',NBC Los Angeles,https://news.google.com/rss/articles/CBMitAFBVV95cUxNemZkOGlaaU1MNV9PRDJxeFZiVE54d0lzTmZOWDBEYWotNXNfVFI2aWpMZUFGbEdKemJzaThrOW1iSUxQaEdDSjJqNUpJQlk4b2I5amxzUHB6Rk9pTmE0RkhFUEI5MXdxb1JfZjdTRE9IcXY5UE5STzRsaHU1N3FtTkgzZGxoZFZVb01wTlpBUGZhQUl3M1FSa3JyMFZGOThvQVRSU3ZDZ3BrR0gzMXlfTHBsQWPSAbwBQVVfeXFMUDI2YVZodDNMZlpGNFNCUHdMZ1ZkVU9RQ0NCc2pQamtaMVJ1OVA4LXNZdHFTY1ZteXlFcjBha3oycWJLSUpiU3NuZ1J1eHRBLVZTMC1HbEVRUE5WeDhxY2NkVzBhdEVaMHVHNHFPX2pieFl6Tnh4bHNnRmJOMmZoNjRidmNkeUxDTktOeHVnc1hRS0lvZkgtUkpYOERsRm1ydHNYU21ZQzZvb0syQWJ6bmpObm5KOF9weGlmLWo?oc=5
MRK,2024-10-14,Is Microsoft Stock Heading To $4 Trillion Valuation After Buyback & Dividend Hike: January 2025 Edition,Forbes,https://news.google.com/rss/articles/CBMiwwFBVV95cUxPdnRUcjh5SkoyRm11Uk1YU1pwTnZOUFM5Rk9BNnRKN0t3WlJWZUZUejhBeWZuVmgyZnZiTDJEd2loTW9CeEdibFdfUkpCVFVSRlRwOGZaRUhnbWdtM2ZvdlVJSzV6VzAySnhrNjgyYWp3WHZIRUg1ODlxQlZtYngtUkZKNUtPQkxRZHlBZndlVHhjTXZwblZCNG9RbndCM2duYWFqRXRGcGpyQnZFZVFNb1JIb1pzMTFGd3V4RGlSSDY5UTg?oc=5
MRK,2024-10-17,"Merck says experimental RSV shot protected infants in trial, paving way for potential approval",CNBC,https://news.google.com/rss/articles/CBMiowFBVV95cUxNMXVKdnlKdm1VbE5IVUhnd0NhVklpXzVGWWJ1LXpDaDBJLXVEc3o1LVl4XzQzUGNzVHczVnVZRWx1ZW5RYU5xQkQ0NmcxZGlmSFBZQlFIdnNSa0ExeDRzb2RVd3pSZzR1TFk0R0lzdFhKakdGZ25Qbm4yMjNwelB2cnVFSllXT3pyaS1MVjE3Ui1icTd6S2tVa0VMWGNweW83cGcw0gGoAUFVX3lxTE90NnllaE9DM052U2ozd3VOdWNNdjhjSXpDaVduLXZUa1ZxNFVXT19DZkJsWjV3ODlTdVMyVVROU3ZDQmhJS3p2WlZLTDdnUjZKVzRWMmE0a2xYN3Y1RVJLQ2JhV3RGSlZMVkNhVU9PMzZudzdCUEdVMFBMcGRxTDdrUHkwN0VUU24zU0ZsSGJjMl9wSnVvTFRHbnFYaG5MNTk5UjRwOTVjYQ?oc=5
MRK,2024-10-17,"IDWeek: Clesrovimab reduces RSV disease, hospitalization in healthy infants",contemporarypediatrics.com,https://news.google.com/rss/articles/CBMiswFBVV95cUxNVFJJcWp4aWhpV3FqYzdBclgzdkphR1BsRVlEV1FjWVdPZk5pS2hTMEhZZVdCTE4zWGIyMGxiNzRTZlE5ZkRveERLclBtUnN5c201Qi12akhJZXQ4d1VtY2llTVVYTGx0enlvekh4TzQ1cEpMWDVGNXhzeEI0Y29veU9RT1BKQVd0cU5JQlljZXlTd2szamhlbk5WWlJ3bEdyd3RFVHhOQ3g4THdxeld4dTF2bw?oc=5
MRK,2024-10-18,Why This Pharma Boss Isn’t Chasing the Obesity Hype,Bloomberg.com,https://news.google.com/rss/articles/CBMiuwFBVV95cUxNaDZSMDVwMExuZGdVdVJzYUdpNmVDTjdZYlNsWWtpaDBDQjk2alBuMmp0YUhnT29lLTVJNzZMS2lURmJ6TG41VHhTU2hIQTZWdFRqX1pJaFM2YUthMlVZc3NRS1ktOHc0RmZkaDZBUGZ1ZWtOaFV3X0JrNlFfZHdYUjVZeG5lX1RRdjREaWFiTXowNmlwTzhDdklyOGVnRUtmYVVtTWsyQ1hfVWk3SzltVVJLWTlXVmxLQTBr?oc=5
MRK,2024-10-18,Merck's RSV antibody for infants effective in reducing some types of infections in study,Reuters,https://news.google.com/rss/articles/CBMi2wFBVV95cUxQbm56WEE2aHRIREhNQVdCSjdQNnlFMF91OXVyNDZRV0VGQnpNUGR3aXpCSFAwT0RMbGtTOWhqcmt3QTBELWxPNHBNeHh3UkI0Qk9NdFBqMkNScmZrUFc3Tm5vVXdpNnY4dVRia2dHMGU5WlJlQmVCbTEtLTdBckVUSFBXQUtfdS12aW1sS0VCUGp1RzkwcVBtYkwwbDc0WHp6Tks5YkREWVJFVXB2dlAxdHlDX05hWjRwejZpOEUzMml5ZXBMX2FJdmpEQTlldTc4bGhOS09mcjFqczA?oc=5
MRK,2024-10-21,Novel Once-Weekly HIV Treatment with Islatravir and Lenacapavir Shows Promising 94% Viral Suppression at 48 Weeks,Applied Clinical Trials,https://news.google.com/rss/articles/CBMipgFBVV95cUxNdGhDTmNSclIydGV2UFVpdko0RTZ6amRnakVyTWtTTTRFOXRBejZZbWNpejNPZi1sRkZhbWZpWnZXRTE3TkFaUXd5MkVzamRrRDJrUWhQZ2N2dGh5YmhjVjJ4YXBmVzVZQ3RWMzRlenpmdnJZYURPbFRPVFhIMzJGZ2RZNDJMcnpJY0FVcXRRNjBmTHdrd3RQUHBBbTBCZnQxZlpyT0x3?oc=5
MRK,2024-10-22,Billionaire Israel Englander Just Quietly Took a Stake in This Potentially Lucrative Pharmaceutical Stock. Should You?,The Motley Fool,https://news.google.com/rss/articles/CBMilgFBVV95cUxOaGl5V2x6U3M0U3hmTGtoQ2gyMVZURFl4blR5MTctUGZIWVZNYWxlcUx1bEYwM3hyUE5RUVdKUVZDc1VHNWJ6RWtnMHN3aUVrenZJcy1NREhuRHRyTDZJSU5QWWdHUmJLcmxhd0FWay1XSExmVHd0ZGt3OEdEaHJ1RUUzWV9GS1NkZFluU3pqMm9NX0VsT2c?oc=5
MRK,2024-10-23,Merck acquires Yale-spinout Modifi Bio in $1.3B deal,Hartford Business Journal,https://news.google.com/rss/articles/CBMikgFBVV95cUxPclg2T2pxVnZPMF92dHR3eE50cHJLZlVsRnhNY2JIdlMyaEl5Mk43cEhxNVh3RjMtbGY1TFFyOHRSSzN6c0ctTEJsd2VkVC1yUFJkaHF1VXdwaUxxWTAzUDgwQWxqUEJfV3BRM0RwMDFKbkh5VUtQdTZoNDc1eGZ2MmZYVm9DMzNCajd4ZVBXdDFhdw?oc=5
MRK,2024-10-23,Seven Stocks I Have Faith In,Kiplinger,https://news.google.com/rss/articles/CBMibEFVX3lxTE8tWU9SWnc0Und5UFJmbUxhLVE0MUNHUl9PTjNNdElhUlN5RTFxV1FVVFNHOGVQWUxZSWtnbllRZjhYNzgyQ2xVNHlpZndRN21GbUEwaGhpRlZwcUNOcmdMWkdRYTdOaEZ2UktHUw?oc=5
MRK,2024-10-24,"Want $300 in Dividends Every Month? Invest $20,000 in Each of These 3 Stocks",The Motley Fool,https://news.google.com/rss/articles/CBMikgFBVV95cUxPNmpZZVdLbWs1Z2hXOEVodGJBSUdCU2ZFblhoRnlBRlVQVUN6bmlSQ0tkdmtRdUxZSVZ3TDdCeWF1REEzeVBHa1Uxdm9HRktSSDhXQzZiWS1yalE5LVBaZWtuRU5jMUJzQ1BuenRUQnFaTlM5Wk1hQXliTUdSVmRpRy0xaVZBSTlhYzZNZGVVWDlEQQ?oc=5
MRK,2024-10-24,"Up Over 600% in 2024, Can Summit Therapeutics Stock Keep Rising?",The Motley Fool,https://news.google.com/rss/articles/CBMilwFBVV95cUxOcXB1NmdzbnNtLWs0cmdNdURrektFdzZJOGk2c2xCLUd1OFItQk1DdjBSdmtINk9tcG8xclFwcHhic0lWdDZnLTZ5bVQyUHlUR1R0UDZ5VUV3U2p1emxSMmpOazEwSldaMXNmS3hGYlVyNUpHbWNqc0syQVkzNkNFZmJHeEJ4UTUxZDRVQlVIcTlNeWpZZXcw?oc=5
MRK,2024-10-24,What Stock Analysts and Investors Are Getting Wrong About the Market,Morningstar,https://news.google.com/rss/articles/CBMinAFBVV95cUxPbW9DaDhKUXUyaUtDekVFLUtHYU8wSE12djU5RFpkUDJQYzZZSDMyVWxYVXVTLXBsRDhncVNOWksySmtqa2pFQVdkUTJvcFRsMnBycWZTelJXMjF3R21sSmhfcXJod2ttZTB0UEFJOWdMWlVpWXNnUlBJWVAtYzAweTBZNm5EdmlWNlZTTFpNY1JLVDlPR1RuWnExVEE?oc=5
MRK,2024-10-25,Where Will Merck Be in 5 Years?,The Motley Fool,https://news.google.com/rss/articles/CBMifkFVX3lxTFBBZk9LcndRZE9ZZUlsaXh1UWdubWJrV3dqNUM4bjlOOEZRc3FFelBkbXlBcTV4YnI0Y1V2RURHWUx5LU56bXZyUnJHZ09hNV9jQzFFa3hKamJQSG92OUJ3WnBHMG93VlVTVmxuYUlHMWNsUU9QTnBqa25OM181UQ?oc=5
MRK,2024-10-29,Merck and Moderna Initiate Phase III Study of mRNA-4157 and Keytruda Combination for Non-Small Cell Lung Cancer,Applied Clinical Trials,https://news.google.com/rss/articles/CBMitAFBVV95cUxNQ0VleHJVVk9sWVAwNzM0ZnNFbTNTTW15QURXelBCZlNIdUhrQ1dTUmtuVGR1cVI1LXRfRU1mZEN5R196c3dzU1dDQ0hjX21DbUFsaTV5cjVZejloLTVvUDZmZjhmV05UVk92eVRObk1YNlpEbFloeGQyTFNhMWFkQjhpVU1hY0I5MFZIcXk2d1RLRUdmdFkwQUlfQ1VlU2tYLTFIdVltTWIza2tRdWlWMFEzSjc?oc=5
MRK,2024-10-30,Is Eli Lilly Stock a Buy?,The Motley Fool,https://news.google.com/rss/articles/CBMidkFVX3lxTFBBT3hCbDVMeW81Unh2M0x3Y1R0NmVFSWFvOVhLdlRaa01jLWJZM2gzLVQ2V3gtNEhUT0wtVXpweU1rZWhILV9nVnEtYndnMUo5YW10MFhUZ0VFLWNjVE85RDBXMmhoN183dDRxTUxxbEllbUNmQmc?oc=5
MRK,2024-10-31,"3 Stocks That Have Generated 1,000% Returns in Just 2 Years",The Motley Fool,https://news.google.com/rss/articles/CBMilwFBVV95cUxOT2pMVUJPYUlxTWZaaFNCbEJ1YktvSHVJSGNSNnl3aVRVMW1sQmdReHVtUGczdEJpU1JNWVZVWnJ1a3gxZE1kalZ4dlJpLW5jbnNUSjdVZG9vQ0hfTjJXbkEyVTAyREFTOFZSaXh2ZUZNanR2LTVpaU0yNWlPd1lRTkt0M1Q1U0pvUlJJZ0dlNmdNc3RLY0M4?oc=5
MRK,2024-10-31,"Merck tops earnings estimates on strong demand for Keytruda, new drugs even as HPV vaccine sales fall",CNBC,https://news.google.com/rss/articles/CBMicEFVX3lxTE9BejBNaFN1akZXbVZzaGJzZERIMzNEcFpZUFRYTWthblZlbmw3eXVsRUFTLXVncDU1eGVJQktTU0ZmdjM1SUNLNGtwQi1QaWRDNW1MTTNlZ0ZNaUl3ZExLblhuS25Ud1ZTVDJDTHZzT3fSAXZBVV95cUxPY3FRZjVPUFcwblFFUmJkeDluZjA2ZDgyU2RnNks2aW1sa0JySFVpYmRnRUl6VDJta2pvNzYzV1NCSnZ2QlhyV2xtN1U2UnNlbEx5RTNjaks1M3F4S0xhOW1EXzNkQkp0eEFxc3N2X18tQWEyXzhn?oc=5
MRK,2024-10-31,Merck CEO Robert Davis on Q3 results: Our portfolio sets us up for a good finish to the year,CNBC,https://news.google.com/rss/articles/CBMizwFBVV95cUxOR0thbGlQZlZGeFc5dUxaaENfTWZYNTZYeDc2cUt0MDFwTFJCeWtBcjNvS01wWVVrbFFTWWxmeHJjVXJEM0tIeXI0ZEJURnNDenZlTjdtR3hzZXJWcHZwalRqSk9tX3g4bkw5Rm1OTW5QcHZyMUk4OTFZd0JfSkEzaVRuUUtDRVV6dmRHZzlxWElxdjVOV1JQeDZISnpTdUI0RWljQU12eGJVamsxS0ludDY4cC16RHV5eFRQZzVaSl9QamVjVVZicU5zSzZ4QzQ?oc=5
MRK,2024-11-03,3 Magnificent Stocks Under $100 to Buy in November,The Motley Fool,https://news.google.com/rss/articles/CBMilwFBVV95cUxNQlJLdm83aThvVXZJbUlzbHlXMlgyQUEwNWtxUjFBbUxQZTJHVXl6cDI3ZGs2Z0RwMllYR0Q2TUl2QkZSZWhoWVRrSGNKVEhCOXdnSkl1aG9jNmhrQUFyZ01pN2hydzl6X2pLNnRIMlpmcTU0Q0YzcUZxZUc2VHJVdWtmNHZ5R0t2eHdhRFd3Y0JySFkyZEtV?oc=5
MRK,2024-11-08,2 Hot Biopharma Stocks to Buy and Hold for 5 Years,The Motley Fool,https://news.google.com/rss/articles/CBMimAFBVV95cUxNQmFzYzFQa2FBWXVtYjhjd3Mzc0EwWjU1RXVzZHkyNTVYNi1vWHJKcWlfbkxBWEdVT3NueWVrRGdiODZRMmZDMXppT3IxNWNneGxLR1FyUXhaZGp1N1N4V2hyNGRYNjhOdU1CX29DUVhtc0tDUFpTY1VCY1BxbkFWd29rYnRMSkZnaXl4Y1FOejlENWY2MHhJVg?oc=5
MRK,2024-11-14,Why Are These 3 Vanguard ETFs Underperforming the S&P 500 Since Election Day?,The Motley Fool,https://news.google.com/rss/articles/CBMiiwFBVV95cUxQWWZXeDhUY0NDQXh0R0VlbF9XZzRIT3lmaTc5WnA5QlhyZ3FTVmd6NTVMQjJVRVhFUjBUdGlIS3NJdWhNRmdfczN3WlNFaDQ2RllKVkQ4Rld2NUtMclAtdzliazRIeE9OQ3pRUWZvSkJMMzBoTTgxRTFXQVNnOElEQUt2NTZtMEVqQWtF?oc=5
MRK,2024-11-19,"Merck: divesting pigments, investing in electronics",European Coatings,https://news.google.com/rss/articles/CBMiqwFBVV95cUxNQWFhVkh4eDI0blZNWjJKZ2x0NWdUWVRldjIwdFF4VkZIYVJLU2RZQnFEUzlPMEtLbWV0WmJtOVhUOVU2V2hhM2ViM1d6MDEyUEFFMldqMTU2WlFPbFpCM0o3MGNXXzFBcjd6aWhOLTlKWEk5SzhNY05xQUp3ZUxfd0I1M1RlNVRVNmRYcll5bkp3cUF2dEs1MnlVUDZxNXhiWWZlQnRPYXRfYVE?oc=5
MRK,2024-11-20,"Johnson & Johnson, Merck lay off workers in China as local headwinds take a toll",fiercepharma.com,https://news.google.com/rss/articles/CBMigAFBVV95cUxNa3ZHd1dVNktBTmwxODZVRzVRZzRUN2E0SUVOeHppNUNuNWt5dDBBR0VMR2RGQTBvazRfYnRLaHJIWXV4TTVxNXp1UWVDc0d1M1dFODlsaDRoSEtWWk1IWThRaGlzeUVRWlFvYkVsWVRMRW42bzRHR2ZQQ2ZrRWNZZA?oc=5
MRK,2024-11-21,Pyxis' shares tumble after early ADC readout in solid tumors fails to spark inspiration: analyst,fiercebiotech.com,https://news.google.com/rss/articles/CBMivwFBVV95cUxNZW5WQmtCQWxxX1dOZW0yYlFQek1CV2lpeUNCT3daVV90NllqSi0tVEl0NkQ1MEc4ZUhkWElrbDJtLWp1aVdfbk5vSEE5YlE1aHUtdUxBSFVhSVI0YVd3eUNuUzVhZVBLRE9Bc0pmNlJKeWRTcFlyZVVkblNsWGdDaERJMTVkblRvTl9naW92ZWlQZFBOV29nWklIM2Rib0NaTk9yTEU3VjlndFN1OHA3TjAtclRrSnB5eVJ3SW9rcw?oc=5
MRK,2024-11-21,2 Beaten-Down Healthcare Stocks to Buy Hand Over Fist,The Motley Fool,https://news.google.com/rss/articles/CBMilgFBVV95cUxPY3ZaNHRlaEY3ZFVySmFrRmo3LUVKcjhHNEFadHhFN1NpLVBqWFR3WFNDNHg3ZmotVTJuRVl0bWNXVGVLZmdIbjl4aVg4d3Z0VVlEYjEzZ0FkUlYtZ2ZReU5nYTQtY19YR0dvSUhUUEZGLVIwSi1XZ1hyMUNpVUNWMTBrNDV3NV9MTThUZ3NJazk3UzdTSWc?oc=5
MRK,2024-11-29,"Why this money manager is betting on U.S. companies, including Merck and Costco",The Globe and Mail,https://news.google.com/rss/articles/CBMi4gFBVV95cUxPZWtzREhaaklxUjNVSWRtRkkyTDN1YloxdXdSSG80RzZKMEE5WHFsdl9pd0FZUk9Scm1rX0pVVlFqX0RNQUlQdV9vVTl1NkZlYXUyX3ZzNDgxSWRJUDVhU0dGdjNqMGxaQjFTMkJjbU15SWZrendYZmk2UEZsdDBXQzhLbEpudDBtVnFjc0xnN0ZxLUpkVVZwNUtWbDdramRvX25fN2FRU25TWXl0cFZmcWI2d1psek5jMExldGJMWDF1aENwTDZpRVEweEhFLW9FYmY2SEY3Y3FRNkp0b0U1amdB?oc=5
MRK,2024-12-02,FDA expands monthly parasiticide label,DVM 360,https://news.google.com/rss/articles/CBMidEFVX3lxTFA0anRRQzhtd2V4X0ZvdVR4ZUVaS3J1TkhPOGd3ZlNsSktIVnlqZ213eldKUUVnb3FmcWY2NlMtTmE4RkZpNW41RjMxVC1tbmlfbkNmZm9VNVBQenpmMTR0WVRaV3RVTi0yREl4b1JnUWkyTnVO?oc=5
MRK,2024-12-02,Biopharma Takes on Deadly Brain Cancer After Decades of Failure,BioSpace,https://news.google.com/rss/articles/CBMiqAFBVV95cUxQa2VXUXdGeU1qbHdlMEFLcjh6RzR1d1dmV0hYMExXbXN5QzNGTlFocUJaWm1RSHA5bkVZV0pKOEtoX2llREl4Y01SNlh4R2MwOXFtRWM3M0N5aGRZUHZkMDN5RU01WThuQ1BjZGNocWFjWGlXb0kzUkhzSVhBN3Nsc1RhMmJOcEZ1czZXQVB4cnNyeHFqTnM2aUl5ZjJKbmZqdVU2eXdaR3A?oc=5
MRK,2024-12-03,Top Value Managers Are Buying These 4 Stocks,Morningstar,https://news.google.com/rss/articles/CBMiiAFBVV95cUxNMDFlTEMtNldRSV9Zb0NGNVFUN2t0U2JQNm9jcm9XWUtBMVVtU2p0cVI4S3cxMEFtNm9MQ1JlVUpTOFVOVW5WUU1nLWszdjd0cHZMWC1COTFaR016QzB1ZU0waFdXeUw3dGdRN05uQ1dlcEdwbFExOFBXbG1QVHppb2xhUmVtQlNm?oc=5
MRK,2024-12-03,FDA Grants Breakthrough Therapy Designation to Sacituzumab Tirumotecan for EGFR+ NSCLC,OncLive,https://news.google.com/rss/articles/CBMitAFBVV95cUxQa3ZIRjBGZHEybkV4a2l3cldFcGxZM1dWTlZrelF4NWJ1SUNNU0drYXNkNDNWNkZ5LWo2emMyRnhJcURnV2tpaEcxRG56WmJtRnRWQm04cVhoTlRXd0Jvc1ZpNmlpVTZEWjU3R3lMZHlLUUJ0eTVrZG1fb2FTRE1aTkdwREFBTDR2UG4tM2w3bnpwdWdJbk54REhCSFFsb1ZYVWpQdkdMR1NOZ2V0akx5amRwTFU?oc=5
MRK,2024-12-04,"Here are Wednesday's biggest analyst calls: Nvidia, Apple, Roku, Salesforce, Marvell, Tesla, Amazon & more",CNBC,https://news.google.com/rss/articles/CBMimAFBVV95cUxPY2VvamZCV19lMTMyWFp4cTRLSzRDTVFSQmZXdm8xQ3hCX3BrN1NPc1kxYkFaQUNTUkNqU25ZWGhxV2pvOW4ySVlMNHdTSlZwY1d5ajRIZDI2ZG9SeEhqcmptMXQ1MjlMYkxQR2pMampUSk5iUnVGVVd1cWlHaHpXOEtEOGN3OHgyTkFoQ3c1azMxenYxX1JHQg?oc=5
MRK,2024-12-04,Revolution Medicines: Risky Buy On Recent Share Price Dip (NASDAQ:RVMD),Seeking Alpha,https://news.google.com/rss/articles/CBMingFBVV95cUxPRDdKR2xJVENha3Q3Wlp0WG1IWDJ0b1hhQXNReXNhdXM2QWJGaFNpSEFwNTlaZk1lLXNQSHFYNG5tX0VpWnA5SXV3djZqRmVkMVVhWmE3dTg0Y2lockd5NE12UmhzeGJyOU1YUnk2d3hhRjE1Q3B2Yjh3MmM4Y0ZWWnJxenUzaGRkTTZiaDVHajBibG55bHN3NEFZNkw5QQ?oc=5
MRK,2024-12-05,"GSK cuts Shingrix deliveries in revised Zhifei China pact, moves closer to RSV vaccine deal",fiercepharma.com,https://news.google.com/rss/articles/CBMiugFBVV95cUxPYWQySFZNMzJhYXZDUFdDQ1AwNTVtUFdyZXdqYW42WkdDaWg3Y01SVlZGUkpzZUFPM3VPbUZuX2pXTXJlYXc4bDN1ZlJUNjJFV2lVX1JWSjE0akxJcGxWRlJFUFc5c0tsTDcwenlUUm0xSXhvV0Zza20xTXV0RHJVd3RodmowbDIyTFdVNmI1M0Uxd0RXNk41RXl5d1MtTklZcHpBRDVtWVIwUG1URVowbTE2MFBoR24wX2c?oc=5
MRK,2024-12-06,Phase III MOVe-NOW Trial to Evaluate New Lagevrio Formulation Targeting High-Risk COVID-19 Patients,Applied Clinical Trials,https://news.google.com/rss/articles/CBMiogFBVV95cUxNd2JCZjY1dkxCVVhEOXB2RHZJTElmbnFVVTFVV0F4RmMtR25LZE9oZ3dDZ1ItMlBPbFQ3NTFaSGV5VGxRdXRkZUE4al9lenF5NUtkcGJ5V2pVejM4Y0l0VHJ5elhGbXByZUhlN2tNNnVSV3luVmtXMHhhODg4a2tRY2pyNVpJbjhla3ZqcDNFbkN3cjYyYU5BMGtlaU9MOTJ5VkE?oc=5
MRK,2024-12-12,Keros shares collapse on ‘unanticipated’ setback for lung disease drug,BioPharma Dive,https://news.google.com/rss/articles/CBMiswFBVV95cUxNTnVhQ05rZlhGdXNnUzlwTFpkX094c1FaWWlQazhNRmdwZ0dEZGd2b0xXZkZKWXZLTG9XZEdkbFVmVFdTSTE3U3dHblBHdHVBaGhyOUNpWkFuSU9BOWNJQ0VkOUN3NVVhLTFCd1FJMzBBcHpxYnZ3dHJVcEV4NmRTRjVwd2hGdXc1V1dKT09QajdoNUc0NjZDNUhIZFprdEoxRmJUZUdyU2lOR1NrS1JCclkwbw?oc=5
MRK,2024-12-12,Keros shares plunge as safety doubts prompt dosing pause in blood pressure drug trial,Reuters,https://news.google.com/rss/articles/CBMi4gFBVV95cUxQUC01Y3RQRU1iWXFWa283dzNUdE0yOU1hR0hPbnFHMjZDWXJQZ1NxNlJLS2hENEpwNFF4TVRLMThxYzRCX2lfbzRLYTRPUnJEb19oVzQ0end4VDhKYXFENUlWODFwU2NwcW03UUNMa0xoVkd6eGo3NFkydnp1RFJpemhEenBpOFQtWkNsaUVWVk9TR0pLVzhyd2RWY2s0OTdYY2lNem9GeXVyU0VGcGMzeWRCN0JDaHlnUDc4TVhqOURiV2xBMXlaRGZWcVF0SGhxX0d3ZkthdUJ5SW81MWxHc0FR?oc=5
MRK,2024-12-12,Top 12 German Companies Operating in Nigeria,Arbiterz,https://news.google.com/rss/articles/CBMidEFVX3lxTE5IeWRydXdFVEdBOFJqSzhVTXVUR1FPR3B0S3lIVWVVMXlEUC0tdTFKOGVpMGlSaGZHNzlkYTQ5RUo5Rjh2TThqdGNUa19uRkpMdFBJRGlJa2V3ZkxXcVZ1bTFRV3lGeG02OGN0T29PelpnYlVT?oc=5
MRK,2024-12-12,"Infection Intel: J&J MedTech, Merck and Ridgeback, MicroLumix, and Evinature Updates",Infection Control Today,https://news.google.com/rss/articles/CBMitgFBVV95cUxOLUZqVURFOUUxaU5oNTJYQnBiMnRmeDZ3Q1otUC05dFhWczVkRl9oSUZ0aXBqRjNiOHRZcVJQbzVIc19zaVBOY3AwVjFTZ3YwVnlCSGN1bXZaRHBTMlpXNGhCaUVoTk5RVkxQVGEyZzJmM1JTaVZham9vdVV6OUphRl9YNlJ3bEVhbnl1OC1YNWlSYWo0QzdqN3NSYmNFTVJrNWU3dk51MUFIYzdSMnFBalNvOFliUQ?oc=5
MRK,2024-12-14,Northwest Biotherapeutics Stock: All Is Not Well With This One (OTCMKTS:NWBO),Seeking Alpha,https://news.google.com/rss/articles/CBMinAFBVV95cUxOQzZzWXpfX3RpaUduQzRUcWdsTHNqczA2bF85cWVjNmxQNlVCd25DbTBSRWtaQ21kaVNiT3FJNjl5MjdtTmpEc2d3ZHI3M0pxOGFOMGJzVFVUQzc3OWJpaGJZMXVpRmo3TVQzSVhEdjNCQmUtdW1Ud1FfQmFxQVcycFNqSWJzd2lmYTdvaFB4OXhEajNKRlIxdHc1NkQ?oc=5
MRK,2024-12-14,"Investing $5,000 in Each of These 3 Stocks at the Start of 2024 Would Have Created a Portfolio Worth More Than $100,000 Today",The Motley Fool,https://news.google.com/rss/articles/CBMiiwFBVV95cUxPZGVTbk1kZV9LLU9RRmpIVWFlTHcwNHhOek1YRFd3dG5SVWhqMEVVZlBWQnRObk5VcWptd01aS3JBRW9UR2NsckZKS3lHTmRUSnhQT2RHejJTRVFkeW1CVjI0bTdsdlJzWkNWdzNrcUpOV1lkYUc2VzlRMmVFazVaU0tmamZNY0VmcXhn?oc=5
MRK,2024-12-16,The 10 Best US Dividend Stocks,Morningstar,https://news.google.com/rss/articles/CBMiekFVX3lxTE0tMk1PNnJxeEV5ekxCQkEyekNQdXNPNVZ4Q0thbTdwYy1RQkxMZV9hZmMxWW54UmNnSUF0V3hnX0IwTkcxS3RkUHM4VllUZXhCRVlSWHVaX2ZUTjM2M1hzd3lrSDc0SW9uSDNhYWRTSjVkTUZ3eFUyNTZB?oc=5
MRK,2024-12-17,Vaccinex Announces Receipt of Delisting Notification from Nasdaq,Taiwan News,https://news.google.com/rss/articles/CBMiVEFVX3lxTFBCUTMydV9BbElmTDV6a3pIaTdjNGlUalNsVmVvLXlhck1LNVNueHNldjlKVTJhM1RkazJoZy1oZXdJU0MtMXh2WHFCN0dpWS02VEpRYg?oc=5
MRK,2024-12-18,Merck Licenses a Weight-Loss Pill. It’s Bad News for Obesity Biotechs.,Barron's,https://news.google.com/rss/articles/CBMikwFBVV95cUxOS0NTTmtaMFc5NmlyTHJZNWJkSlU2RGppR3oyQUJiLTlkYkJaMU9tNE5aRmdrN2xLX2wxbEZ5eVNqSllMYjYzRkhUSFlwc1d5eEt2dUg4bndXdkx0MHdwbFJ0cm5YeGNYWlo3NVJyNXdRVHUtd2I5bnJfQ1VYMnRmRjl4WVVRWUtkLXZvbGpXTEpqeGM?oc=5
MRK,2024-12-18,Merck to develop weight loss pill from Chinese drugmaker in up to $2 billion licensing deal,CNBC,https://news.google.com/rss/articles/CBMikgFBVV95cUxPLVR3cGRnbFNIWXlfY1pBODJTR005Uk0wNThBdTU0MGdaTkRIQ0NqX2treDlQTVRMRFN3SnBnZ2JlSkhEdGVVWlc2TUhVaHJqZFZhZVF6czE3MU5jd3VtUFlHTXlhbXdKbWZBLThOaS1Pc2NGMkhKTjctbF9pa2daMEZscVZOZ2FzRUc0Vk4yR3ZqQdIBlwFBVV95cUxOaldVMU1xa0pZYnhiNENxWDFYYURGcjFmMFZWQlI4cmxXLUcza25DNTUtZFgzazlVRk5BZnFockd4RWhnNm9wTzdiNXFieEhQX1F0RDBXMEplYW9XV3k0VnFMYmp5Z1llemxRZms3Z19HNXJYZlZzSWprWjBDNU9NOTVjLWVRN1JWazVIZmxsR18zVEZIck5z?oc=5
MRK,2024-12-18,Viking Plummets After Merck Inks A $2.01 Billion Obesity Deal — With Someone Else,Investor's Business Daily,https://news.google.com/rss/articles/CBMiowFBVV95cUxNdUdmMjNPVHFROEQ1clZzR3U4aEZrQk9DS0p2S1piVVlGS0w2NmZtdC1haGFXZTBtbi1xWElUNjJBd3pUdEZkeDJ0N1hqVzlBTTQwWklTTlFSR3FvaXNNNDZJbWRBNXk3Sm1PWTVleVBaclBSODhMeDN6U2J6Yk8zUnFObHRsUFZ5anJ1eXh2eC04UVJRV3k3ZlY4RnFuQkhNWHZn?oc=5
MRK,2024-12-19,Personalis Inc share price jumps 50% on deals with Merck and Moderna,Mugglehead Investment Magazine,https://news.google.com/rss/articles/CBMilgFBVV95cUxNQ3ZBUTRPcXJGcWF0d0JHR3RGX25DWkJlT2JuUzJzbU1sRnpzZEVYVXBjY2FNMmUzOWtRLU5GTjRWLW40VGpPek16TXV2c2dmeDdIWS12QUhsaEQ4U1lMa1hTTEJZQmE2Qk5QR3hOVUMyRkZ6OF80YmVEMEJ4OHVyQUxjNjNPMzE1TERZMTZBZmdUdE42SlE?oc=5
MRK,2024-12-20,10 Best Blue-Chip Stocks to Buy for the Long Term,Morningstar,https://news.google.com/rss/articles/CBMiigFBVV95cUxNcnFJUTdVY0FvQ3ItYlktUF9OVng0QUkwN05rRUtGdzhGZTRjQ2ZhTVV5cTZPbXlSLThhcFBlTHNjR2hwa09BNnprUFVKRU5BekVRa0UtUEFiRE1kT1NUVElONVRvQXZxRXMzYi1NNWc1ZXJhREFsM05sUllvbmdETTV5RzF5cXV1SlE?oc=5
MRK,2024-12-20,"3 Stocks That Could Turn $1,000 into $5,000 by 2030",The Motley Fool,https://news.google.com/rss/articles/CBMilAFBVV95cUxOSVFFeU9sdVZ5c043SWgwWktLWll2ampxUE0ydTZGWXVuOTNCTFBrdnFTS0VWNXBMVTUxa2N3NFdsU0hld1VlaGRPVGRxX2RUX3djdTJQbXdhTzUwWTl2c2lNc3E4RFg5Q1pqcHdBV2ZLb0JSVkpTVVdTdFNfOXJYVWgwSld4UjFwSDh5VlhYV29Dd1Ut?oc=5
MRK,2024-12-20,Want to Collect a Dividend Every Month? Invest in These 3 High-Yielding Income Stocks,The Motley Fool,https://news.google.com/rss/articles/CBMilgFBVV95cUxQZ1Z2T0U4MnA5NUc1bGVUM3dOdC0tN0J5YVpJUGQ0MDMta1dVblZQRE5qOGk1d2xqQUNsLVRFUUpTUkJFd184SEtZUXNvRG9oeXdTT1QwTGU5TXJFWTF5NnBSQXY4NjJnQXhpOWNIMldPaWFwZnotRHZpSzFMcW9GVWxnT2NLUWVSR2JRTm9ESm1lUDBrSHc?oc=5
MRK,2024-12-21,Is Recursion Pharmaceuticals Stock a Millionaire Maker?,The Motley Fool,https://news.google.com/rss/articles/CBMilgFBVV95cUxOaU1nUGFWODRaMU1UOVAyQjgxekJsYld0dWtkenNsOXFqY2FrN3lwVC15WEh6M0JVOURIRi0tejZ4RHhGZ3JmYUE0M1hNelYtZTdtbzlOSWJNWV9kU3Z5cXlUeE1pbXN5Q216aDhobmhMNG00TzAyWHU2dEhKQXJraC10YlhDSk9FTlZYSFVVSU1MZks0Smc?oc=5
MRK,2024-12-23,Sanofi's 21-Valent Pneumococcal Vaccine Enters Phase III,Yahoo Finance,https://news.google.com/rss/articles/CBMijAFBVV95cUxObFZ6bUh2WEc2RUhiU3BjRXJjOVRLZUI0Q0laY05rMjBBSDctWHNCZ2U0VkNXeGxHMklwMDM5LU5rbWIwaXhTVWpDSmFtWF8yaExiV3VSOUJxVEpHcGtPT0hIbjJhWU1zZnBiUFhUQ3ZTNTVROThBakh4VGtnbFVEX1JOcUlZTmRCbnczVQ?oc=5
MRK,2024-12-26,2 Reasons to Sell Merck Stock and 1 Reason to Buy,The Motley Fool,https://news.google.com/rss/articles/CBMilwFBVV95cUxOUDU5Y0dxRVNRQzdIMjA4dHg4eDdZUHhtUDRiY0Z3Q0Jkd0EweDJzLUdiLVFaWW5zYnY5UFdBbHhicmczVzBIN0JqWHNfX3oyaXBUNjJpVng4cU9TajBmME5OcWhpcUJNMUx4ZUh2bHRsNmlOd1A2MjlUYTlJcGFjcUZGdjJLOEZRUGQwUVg0WTl4NTFoNnBz?oc=5
MRK,2024-12-29,3 Stocks That Could Be Monster Winners in 2025,The Motley Fool,https://news.google.com/rss/articles/CBMikwFBVV95cUxPWVpKM3BpeUp2MVQ0bHJRSWR2WXIzVFFxcHlGejljdkpUSkMtTTBvdDRLeEpsamJQRm5LTHh3aGszNWNCYk9kVmtxS0lKY1dHbWU5Q3VmZ0I0a1Bvb1I3Zl9jOVJRX2tzZl9QNlE4djRfLXA2aVBZbzlrVEdId0lKQWZfVzl6SWNObVUxYnA1cWRBT0k?oc=5
MRK,2025-01-03,Seven Biopharma Trends to Watch in 2025:,Sage Journals,https://news.google.com/rss/articles/CBMibkFVX3lxTE1jdjhvSXBzM0xaeVp1Y2JSakNsUGYtajhtN3FzZ3BVSTQxWVU3ZlZqRTZLRm9kT21JeDZYUl9hanJnU0R1dUlDVlRlQm5IdlFteC0zY0U5a3I5QWdiYU14VkhsZWZwakEyWm9MeU9R?oc=5
MRK,2025-01-07,China’s WuXi Biologics to sell vaccine facility to Merck for US$500 million,The Business Times,https://news.google.com/rss/articles/CBMizwFBVV95cUxOZmd6QTRjNThTY1BCTXQ4OEVfWE4zcHU0MGhFM1luQ0JTQ2ZmczJQd2xxaDlKcWF0MVU0UVlBbnhVc1NEZERudHVXVHJYZkxwb3hDSWpqMnM5VjdFcTRCYks2RE9RcmhIcjBVS1hvUkJOZ3BaMC1GdlcxUmVmNi1MODJjQ1hnZ2dCbzczWWN2aGFlOG1QMEJOZG1zOExETGIyZHJIdnYyek9JNWEwZXhLU0l0T1o1d2dKcDdtNjNSTGJGYjFxTWJfREtqdTBlTlE?oc=5
MRK,2025-01-08,Nvidia share price sees biggest single-day fall in four months; slumps over 6% after notching record high,livemint.com,https://news.google.com/rss/articles/CBMigwJBVV95cUxNQzVfSlBITDNjYW5XbDFBVDFVbUVqQ0V3cGFfMUluUGFkTnFjNFBzMWE4TDlkQlFZZ3dxWWdpZHZzMExveVdfNkZjSDRIb2RGSktSTEJjUVVwLWFlMlR4cThGajc5Q1JZaW1QS0NpNERFZjM3Snl3Mi11aFJfSDhLaTVBRy13T2VVTU94MmhxOG16ZmZJdjVWUmZIb1ktUzAtVnZIOE1HS054eUgzeU9GZXJ1Zkd4eVlreWZsaXlXZVl5RnFZZGs0NmFDSWFmc0ViVnNnMXpGUTlCQjh4eVRUZG8yV3V2dzd1RlJrck1qanNwTDdUNWxNcmdlVDFGT2ZleVY00gGIAkFVX3lxTE5COVFFOVZ6WUU1NldIaVJvdVlNSmNLUTV1OV9fVF9wY3lPSmVmMnA1Y0N0Rko0dndQTFItLXNpcnpaYkJOOFE0b2dybHM2eFczX0lqcFB1VXl5Y2wtaHVqRWlrUENfNkZXS0w0OHQtOVQ4clpWU0xsU0dBTlgxZ0ZZeEVQRVJDUnpEc1llcUtWUTJDZ2Z0MEk2M2VSMFZqNzF5N081LTJXbmlHbmJOMW50VXlub2FyRndPQVdqcUt4b3ctWUg1ZE9jdFZiU2JSRmV2cjA3ZU1SbFpnZmJ6azliOVpPNTc2emQya2ZhRDd3a1BHVjB6N1JQZXJjNWpRMWdvSm9pRlR4RA?oc=5
MRK,2025-01-10,High Expectations And Data Disappointments Have Driven Daiichi Sankyo Lower (DSKYF),Seeking Alpha,https://news.google.com/rss/articles/CBMivwFBVV95cUxOSmhFRm82c2FrUEN1ZHZSaE8xbm50dEVINTVoTDBfSGcxY3ZScS1MNXpZcjRza3lnYzkxdzZhbGNjYmxqWHdha2x6TjZGSDNGdm9reGF4dmw1NVJYSGlLY3E5YTZXQUN0c1dLMFh4Vlo4dEJWaUlna2l1RXVyQkNBY2MzQjJNR1FwOUFiT1NfdHFteW42ZHFCNHRENFpPM2htNk9oSmQzRVNLUndmYllyMjRPNEpLMjBidTdVRmxLWQ?oc=5
MRK,2025-01-13,The top 10 biopharma M&A deals of 2024,fiercepharma.com,https://news.google.com/rss/articles/CBMidEFVX3lxTFBBeWgyR1RtQnUzT3FsbEFCSlA5U1ZuMFNNSzdmSlRZXzlIaUptWkZXNy1XSmh4a1F6WkdWM2dxS2I0bER5YjZLcU44dDNoeTd5Vm14ZF80V1RUdTJJLUZwTlc5NngxSFE4UUVsV01Lb1JrWUFz?oc=5
MRK,2025-01-13,Tuesday’s big stock stories: What’s likely to move the market in the next trading session,CNBC,https://news.google.com/rss/articles/CBMimwFBVV95cUxNeVl3SllEeU4yV3Nmb3NDd3NxbzY0ckJmX3BZSlI2M0h0RjAydHhoVjRWY0l6MVhZWUNJZld2eXVCeG1rN2p1UmtGaTFmX0JWVy1yUFZYT1ZSVEFTZkd6SVZ0NFFFWlAzLUNQREF3UEQ5aGRQU3BoVWNBekgxRU1UaXc0VzYta3BaM2Q5c1BSZzRqTVhBV0E2RVZ5cw?oc=5
MRK,2025-01-14,"JPM25: Amgen’s defense, Merck’s patent ‘hill’ and Viking’s long-term planning",BioPharma Dive,https://news.google.com/rss/articles/CBMimAFBVV95cUxOUG5IcUNNc1U3T0Nib095bC13MkVJRngxdjVDQTdHM3Jlc1NNZ2hOenFpRVE3VDFVOTE0bkdoQnNQQ3dxYUp5b0RiRm1oSGIwQ0FhcVpnRklTOHIyR2lId2lPVWktQWlWT1pRdnRqSzdSbC1iV2FodFNJbzhmSXVkajl5bERLaGZiNzVPYVl1YTBhMjZyR2FZdQ?oc=5
MRK,2025-01-14,Merck Speeds Up Launch of New Keytruda Version as Patent Expiration Nears,Barron's,https://news.google.com/rss/articles/CBMijwFBVV95cUxPY05maHRoQm9KRWxZNEtHT2Zlc2lNaGEtSGhMeW9rY0JWaV9pQ2pHRG9Lak5UTUpJSFJFWGw0YXBORzlWelRjaS1tMWg3MDdTWXJnM2FDQUx3NDJyWUx4SjBEREhWTzRaM2Z1M3dFbU51UXEwS3ZxMFpkX2RTRng4SFVqT1REQXhpTmNhWExNbw?oc=5
MRK,2025-01-14,Merck CEO Robert Davis goes one-on-one with Jim Cramer,CNBC,https://news.google.com/rss/articles/CBMingFBVV95cUxQVzUzcWZOaHc2OWhwY3BIRFNGSi10NmRZNlZFbnBkMWt1NDFDa1piR1Q3UTJYZzNSci1sMVI3LUNlODdMWXhQa1hyQXlMSjA0ems3SFJJaGtxQk10ZlJ1TTBPUUVNMGo4ZnplNVd5Sm9JRUZ5aHRuYWlpb3ZPTk5mRVVnUlhWQmQxbnJWYndMVVdETXRHZjVQMnl5SVJ4QQ?oc=5
MRK,2025-01-14,Lilly shares on track for worst day since 2021 after downbeat Zepbound sales forecast,Reuters,https://news.google.com/rss/articles/CBMiygFBVV95cUxNS0NqS1RZQmhxMWhMNmdvcHFsTEc5TmtVR2NLN3N4OWx1d1BQQXVTZHdsc21acEM0QnFacGlHYkh5Y0Q4S1VDS3BDZldlQTJWWEZudk9qVjh0MkZjT05BZHNwcjRDRURLRVE0a2F6QUVBX0UzY01iTWpRUVZtX1NHSU95WUVNcTcxUFRmdzJlZXJZVFVBanNGc3lmTHl2WWZRTHZ2NkVqVkFmdzN2SWgtX19MLUJBcUV0MTZyMGpWQ1JxcDNrbHZkdVp3?oc=5
MRK,2025-01-15,Enzo Biochem Gets Notice of Non-Compliance With NY Stock Exchange Listing Requirements,Genome Web,https://news.google.com/rss/articles/CBMiuwFBVV95cUxPTC1ZM1MyOHBJZlpudHJtNUg2YjYxcml0d0FSYm95cEU4RFYyOXRJUUFXUEpnQUVDdkNUdnhMTXZPakRRby00anZMYlFUTWdpT0tTU3JEWXM2WGdvVV9SUlNaR0hyTVYwY3RlODNYVDZOeWwyMXlWU21JdVpsMzRKTlZXN2xPYlhWOUJqYnh3MU5tTjE4aC16NmpsREh2cGR6NjlVWFBUdGtkRXJqaHJzcmdONkZrbGN0R0VZ?oc=5
MRK,2025-01-16,"Merck Falls 9% in 3 Months: Buy, Hold or Sell the Stock?",Yahoo Finance,https://news.google.com/rss/articles/CBMid0FVX3lxTE5NaG1qS0RXTmkybm9LODVlc0tSaHhGYjF0Vmg1c2RxY3JBTWhZMzNXSE9zdzFzRjhQaTZ0ZDMzYks3RnVIcXVyRjU5aVM0RHBmRC1BdG10ZVcwN1ZSV1JmQkwtWHkyX19PT0EwUmhJaTZnOFoxRFR3?oc=5
MRK,2025-01-21,Can the 8 Worst-Performing Dow Jones Stocks in 2024 Beat the S&P 500 in 2025?,The Motley Fool,https://news.google.com/rss/articles/CBMilAFBVV95cUxPNkdrV3ZiMjJNeW1qc25BQkhyQTdtWDlYZDVoVzY1dFJmUEJwZGtlak1mVU5INjJyZ3R1RDA2WXhxTEx6Nm5xbHlmNUo0MUxxRy1iVmtWYkFwOUJYVUVCTVZ5QXJjWjNydDRWNFVqM1QzMmhCdU1HM2J1X0g1QnZBeUpPaGhDZDRDejRKV09iT2N1ZHFV?oc=5
MRK,2025-01-22,Moderna Surges After Larry Ellison Touts AI In Cancer Vaccines,Investor's Business Daily,https://news.google.com/rss/articles/CBMipwFBVV95cUxOZEFTckUybDdtdGJWOWdZWHBpNzJVaTRYaklwd3k3VmVXWTdxQ3hnYVBzbkVtQkhCamxqdW9sOTlMSEZPQ2Vrd1QzRHp6TS02dEl5YkY4ajE4RjVmZ0FDMjNYTVpzSnJ2TnE3NWhfVE1qOVRpR0NZZi1VeXIxLW1PeklxUndmQjhyV2h4OU1SdTUyVEk4eG8wZzNYVnRwUGwyQ3hNYzhfZw?oc=5
MRK,2025-01-27,"Belén Garijo, CEO of Merck: ""Regulation is getting worse and there is a total disconnect between the EU and the States. Europe is at stake""",El Mundo America,https://news.google.com/rss/articles/CBMif0FVX3lxTE5wNFBRQm1wRVREWU5CLUMtcC1ETURUUUxLOGpBTnljU2NkakpYV01lZTJlbnRqbVVxYjBLT0JDbnZzYjZRM3dfN1FJRnlRTEpRSHlnVVpSVm9KOTJwaW1KU2Z3cHJtR1ZCVUtZVVFmWVBsd0VETmwxWUlhVndjREU?oc=5
MRK,2025-01-27,Cramer's Lightning Round: BlackRock is a buy,NBC Los Angeles,https://news.google.com/rss/articles/CBMi5wFBVV95cUxQT3hkU0ZhcFF3dFFCb1pQX1V4ZUxKWE4wOElfMUltQWdjMV9tNTM5dTlMeWZmQjFqRXprci1UMHc2c3RqZXRhWXBicTNyLVM1VFQwOHp5Q2lTcG1Zdk1jZUsxQWpJX1VZd3pfOFRDQ2p6bEQ4anRfRXVXWDVfRnRDT2tyS0MxQ0FFbjBGeGNSekl0MGJsSTg0RGhsT01lanpPSHJVdEVfQXNpNHh0UWduNGRMNVlLV0NST3BTaV9lQzlvYjdqVnNzY0FZaUlyVE45d293MkFKeGZEaEpsZ1R5Sjd5YXVYSkXSAe8BQVVfeXFMTmE5MmJsM19aLThwcG1WOHJRdHhsYmoyZGFKa2EtRHB1WkdxQXdXaHQ3Y0hlaERWb1ViM3B0TE1BX1ZHa25tcFhwME56RGRMTG5mMHFaWHN4NGprY01GWjFVMDhZbHBkV0hqRHhRclExTXp1eE1uUktwVkYtU19NUV9RSGlPeDZPc0RWWmxqaDJ2ajFaekpUSXMtR05ZU0FxQVdPdGxTRnM4SFFVUkw2NUFoWndtX2hMcl93ckUxUG9nckM0TFVFYndMQjdoQ3FBYVR4Nl9pdWxOOXV2dHZUZmg5UGtHUzVRZHlCR0xjUEE?oc=5
MRK,2025-01-28,"Practical management of adverse events in patients receiving tarlatamab, a delta-like ligand 3–targeted bispecific T-cell engager immunotherapy, for previously treated small cell lung cancer",Wiley & Sons,https://news.google.com/rss/articles/CBMiekFVX3lxTFBMNE5IemxvU2ZxT1lqTnRmSTVlc2RfWGdrdm0yZ1E3VkZvbE9xZ3dRSHpWTDl2XzdoR0IxOTFaNS1KQ1BRVXlwcmlpRmhWOVEzWmVzbkFYNjMzWmxma3o4WEs1SjJBdzJNcEUzS1ZETGNFQnJORDVSZWhn?oc=5
MRK,2025-01-30,Merck to stop late-stage HYPERION trial evaluating WINREVAIR (NYSE:MRK),Seeking Alpha,https://news.google.com/rss/articles/CBMinwFBVV95cUxOaEJIYWVLYWlDYVRIbV9pdS1nRzFaRUR2VmZtaC04ZTRFODFEY2JVSEtxeGFRbmMyY2NsLVZmVlpyc282ajJoS1phZlFYTk5zdnpzZERHdzYzTnZQZ1Znb2VjbGIxSTZPUXp3eFctR3pfRnRrdlk4MHBqVWxwTWJTakppb0tLUGh4dGRUaF8tRlBPdU8xdDBNUUdGdHBCTHc?oc=5
MRK,2025-01-30,Merck Stops HYPERION Trial for Winrevair in PAH Following Positive ZENITH Trial Results,Applied Clinical Trials,https://news.google.com/rss/articles/CBMinAFBVV95cUxQMGk5Y2JkZ09FclhpOFN4MWl3VGE2V3I0Mi1iMU9pUlo0ZHJxWDNaRl9kU05KVlRQMENmRzJZSkgzMjFRRUVwenFvaXBLN2ZMZW1KOV8tQnJMa2hIVEkyS2JuSVpNaVhwM05TTWtCM1QxX3JPTWhLVzdBeFU4VXRodHp1Uk5tZ2pmQ2c3OHhKaUxwTDZkdld4QWU4aVc?oc=5
MRK,2025-02-03,Top 10 Takeover Targets of 2025,Genetic Engineering and Biotechnology News,https://news.google.com/rss/articles/CBMifkFVX3lxTE1hODB3M01nSk5TRzFVNUxqX2dhODJDXzkxUXZMcGpRWTZOQV93MGs1d1hTeXdMVDN1R2xRSWtHeV9ZNHQ4eklQN2NoTThTdkNBcVZaZGVmc2k5bmZzVlRBYkJ3RXN2R0lMZ0VZazA2cllOcFV5WUhUaTI2SmNWZw?oc=5
MRK,2025-02-04,Guggenheim Securities' Vamil Divan breaks down Merck's stock drop,CNBC,https://news.google.com/rss/articles/CBMiqgFBVV95cUxNS2ljLXQxU1BqUW9IY1VOS01OcDFpbFVWNFgwRFZiRTBVSlZEcXFydFRCeDFEa2drYldzR2hBcFk3LVBCNTFJcnppb0ZqWFlUbXBEcHcxYWtLUUwtWTNhYXIzM0tmVm9EUFZ3Tm0wS2F6aVRRUTRMTkM4b0xvSDdFUExBVlhsTTNiM2loX3ZCM05hVnpRMHdaWVRtOFJjdks2eTd2bGdGdTNpZw?oc=5
MRK,2025-02-04,"Merck shares plunge as company pauses Gardasil vaccine shipments in China, hurting 2025 outlook",CNBC,https://news.google.com/rss/articles/CBMicEFVX3lxTFA4Q0hGSENHM0FhQ1pTRUctRnViZUwyMzJWZ2ZMbVRWUG81TUZhQjdsclN6Nng1UFRMcFIyd05zcGhycTU0OEN0VW9GQzNOMF9CMWRsZG54Zi02X3dUb3VHRnBuVWdVd1pleTJHbzBYMUfSAXZBVV95cUxNaVZiTWsxdjBQbWFtOUxvWmNjR051YUhCc0tMWkc5RVhkN1VhenFWRWRlcVY1ZU1QTWNpM19DZ201WTdPQ0JOeHVlSVFsYzgtOVZMMzJiaU5ZZlh6TWI1YXBiN0RZM05mYkhNWkJDRkQxQW5EbFJB?oc=5
MRK,2025-02-04,Merck CEO says he’s confident in growth despite Gardasil ‘headwind’,Endpoints News,https://news.google.com/rss/articles/CBMikgFBVV95cUxPcVZDMktIdFdKTHdveDUwSkVKdFhpd08tcDhSXzlRVDUyT1pCR1lqa19XNWdHVldDMkQ4Rm9iNktxczFQdGdyYUVXNTFlQXdGVlpZU3N0TEJoWmFXWG5EclhFWlpnanJFSU1ZU0lWVm9WME1GZG05Yl83eXNIbjR3TkkwRzc3eFdlRjQ1ZXVwNURvUQ?oc=5
MRK,2025-02-04,Merck Group and Versum Materials Create a New Growth Story,FTI Consulting,https://news.google.com/rss/articles/CBMiqwFBVV95cUxPQUJIalB1dEJBZFBGdkxyNmY1dWJxVUNUZGZINnBEbWstaFpiT2t4aFJDYzVtMDZtWFplRUptQ1lCaDlGRGhHRTFNN2hDNFVLLVVfal9hRHA3Mkh1NWdKVzk5eVR3aGpjMFFiSnRUMGVfMEJMZ2ZMRmJRRHljWlNScERlNEpOS2dkeVRiTWRFRGNlU3RldnFDT0VXdGNELXF5eVl5NFpSNDFtYmM?oc=5
MRK,2025-02-04,Merck’s earnings miss focused attention on Gardasil. The real issue is Keytruda,STAT,https://news.google.com/rss/articles/CBMihAFBVV95cUxQY1FuMnc0dTF2QUlWdzh0cGJ3aTg5T2RtalphREZ2NW1nVVJmTjRkem1IVW05bGg5bGJGY3JrWkVfSGFoNWd0UU1sbUV4Z0cwbENKY1ZjNm8wbTNVUENwS0Zod2ZhM3p0enZwYll3SFZxb2JrS1dVb281bTBxZ1R2aHItYVY?oc=5
MRK,2025-02-04,"Merck Stock Slumps as Q4 Profits, 2025 Forecast Fall Short",Investopedia,https://news.google.com/rss/articles/CBMimgFBVV95cUxQOUNYNlFwWHZPc2EtMDBBNzB5SGhIVUhGb21pd0Frb3p6bjVsZk42TzYxaTlrU0Jsby11THlGM00wdmxsNlZ5Tk1kT1VUR2NxM1k1VS05OEY2dU5MVHozT0ltSWhqc2wwWjhIb1dZdDdaeGs0MGstaHc5Rm1LQ3V5cUdiRWktX0pncTN2cWplOHR3akVaTFc4bndR?oc=5
MRK,2025-02-04,Merck touts 20 new ‘blockbuster’ drugs in development with $50 billion potential,Fortune,https://news.google.com/rss/articles/CBMilgFBVV95cUxNd2VBaGRNcFk0Mnc2Ry1TS29DM0NxTW83VVdsY3FNQkl4Z0RjREJ6ODRfckFWZjlFOTBLM3FxZWYzcWNlTG9xb0lKUTFfVk5tcS1XQ1QzbVhqQUtYRWNkVEtZUnZYTHZVT0pRcDB2Tmt6Vlo0bGM0Vndpd0JiU0QwUGM3ZDl3dDIySzRnbVp5ZzVzaFRjWEE?oc=5
MRK,2025-02-04,S&P 500 Gains and Losses Today: Palantir Stock Pops as Results Show AI Strength,Investopedia,https://news.google.com/rss/articles/CBMie0FVX3lxTFB6MW9VeGJwZmpOS1hTZUVkeDRQZ1p6TGtyOTJXVk1VMWlQSTlQMHJTZHhKRG9tTVJicHFFa3pEYnhSYUdCNFlWZlIxVWpJMDFSUHRPaTdPZUw0T280XzMtRGZYSVctZktoMllGQ2t4aFV1YVhudk9DX0pmWQ?oc=5
MRK,2025-02-05,"Merck: Don't Fight The Tape, How Low Can It Go? (NYSE:MRK)",Seeking Alpha,https://news.google.com/rss/articles/CBMijAFBVV95cUxONHgxMmh0N0NLeVFfX3R2aG10a2Q1QjFPdUdkbFdpR085RmlUVTdHNXZxaVJhT1RURWNYWGNVQmhpUmdic0hYN0NHdFZxcno4MlYycDlfOVdpcnMxZm9FSFVFUTBDMU9RN05hRHpfdzJfWlpBcGxsN29zOHNhOGRuYWZteUpMZEMwTm1jaw?oc=5
MRK,2025-02-06,Merck & Co Inc (MRK) Pharmaceutical Stock: Prospects & Analysis,INDODAX,https://news.google.com/rss/articles/CBMickFVX3lxTE9EYkh5NlA0WXJEMnF2dU8yZFhaWkxXYjNZRW16MkVoalZab2tDVVlGMWFaenFmeEVhV2I5ZDV6dkhOSi1RMzRLM1gzOFRRdFJyU3NzeWt5UUJ5UnVtRzhvUENFNERjLUZ4T19idUQ0U3BtZw?oc=5
MRK,2025-02-10,Better High-Yield Dividend Stock: Pfizer vs. Merck,The Motley Fool,https://news.google.com/rss/articles/CBMilgFBVV95cUxNaGhySVJWRVlUV3RfbmdROWF4dk9LclFxUG5sclhyRVdIdk5xQ3BvY09IUy1BcXBmQ3ZOQ0ltM1E1cWFZYmtPekxfVEtraDR5WE14V01fWFZXQ2J4Rzl3aF9SQlAyem0wYlhzQUZrc0o1U0tPMU56eWdYWXFFT0lXSDVlTXF2M1dXeWRmVlczUnQ5aE5FaWc?oc=5
MRK,2025-02-10,EXCLUSIVE: Germany's Merck in advanced talks to acquire US biotech firm SpringWorks,Reuters,https://news.google.com/rss/articles/CBMixAFBVV95cUxQa0JxdDdSNENrYVRkZnRiVGFwYlJMU0xGOWFPOERJZjZ1ZEdVZk1Rb3c5TEZuZ2xyNnNhX29ZNU0tbXBMWmRfOW80di1sUUZTYWV1UjFhakt3eW5aRC1ucXBOU0NHTzdtWmRobm1iRHg4N09OTURoUGhvRkI0eWoxYTg3UlVtMDlFSmdBRUMxRWp5bkxtdWtPLURkaHFoeEJoR0djdS05d2w2RXJOU3ZPQlJNbmR3Z2MxQV8xc0lSc041bXBB?oc=5
MRK,2025-02-10,Merck: 4 No-Brainer Reasons to Buy This Dip,entrepreneur.com,https://news.google.com/rss/articles/CBMijwFBVV95cUxQVkpNVy1wcks1Q1AzamZmdU1CTThyVUxpWGFZeEJ1eTF1WWo2OFh2Yzk1QUJKQXFEU090V2RfaFV6bEYxam1qelNNcURHSEFfVFhTNDhURndNeDhONDZvWWt2c3lBV1U3NS1TbjZwVE9oZFNWd3d1Y0dDYVpHVi13blgwQnlCa2lIWTl5TlVadw?oc=5
MRK,2025-02-10,What Investors Are Missing about Pfizer and Merck,Yale Insights,https://news.google.com/rss/articles/CBMikgFBVV95cUxQanhaTEN3M2I1cElyMkNGdVFoUmFMZERBbV9ndWdxTkFKWFNqVWpwWGJUdmtTZFJOd2tsWkZsbk9IQkFTbkN6dENTRk1nUlUyU292U2g0ZThsemZrYld2amdpaXlMR2E0TzJ3dmRVSldvZGlhSGExR0ZRdHg0bWdBUE8xX1pjYnVnRDltc3dlcGZPUQ?oc=5
MRK,2025-02-12,Neuphoria Therapeutics shares surge on $15M Merck payment By Investing.com,Investing.com UK,https://news.google.com/rss/articles/CBMiuAFBVV95cUxQUlVyNmd5MHlYdlh3cjNjUUI2b2xYUnd4bmt1VU1mS3NjaEl1TXM3dnpGTktaYzNnUVVGQVpqcTdZUTRWUk0ybHNJSm1CVkh4QzR5VUZTRE5hR1dadUFxSnZKSnhCcndsN1J3UHVyY3VnOWlTZEIzU00wSWc3VUhZUF94dklWU0pzRDVyOEMzSkZQSUY2RElVUXVBTGk4N3Jab2Q2NllXS0RjVHZhUzUyVEkxYjJiTnVf?oc=5
MRK,2025-02-18,2024's top 10 clinical trial flops,fiercebiotech.com,https://news.google.com/rss/articles/CBMie0FVX3lxTE1iUVl3S0pYZlpmZWRiSC1nYWZ0QzQ5TkdXX2Y1WkhrUVBBRU9oUEJIU0ZkMHhpTTJiYmxEMTFQNGxaRVE0NC10YjU1Y25tOE9YLVhHNlpCU2xEQlhRR2N3alQtbXNnbmptaVdZV2xlb0hGZzRET2hvUmRsOA?oc=5
MRK,2025-02-19,"Radiance rolls into ROR1 race, paying $15M for ADC rival to Merck’s frontrunner",fiercebiotech.com,https://news.google.com/rss/articles/CBMipAFBVV95cUxQZmhpcHlYVmRRelAwS1N3NmlNUTBVQW5ka2NiSktEX1R6Q2FZUzNDazk1T3RWLTVHYnd4XzVaNkI0czk3RVpYbHZhVTd4RmZLQWVpa0dCaGduRlR0Nzd2ZjZFVENudTdpM2tqTS0xYTV4eVQ1VkQwb1RRcjNXNzFsXzZPdmtmVk93VG9IUWJSU3lJWGxXckYxZ0w0TU1zMndWRTRnOQ?oc=5
MRK,2025-02-19,Gilead Passes on Option for Arcus’ Cancer Drug Despite Strong Early Data,BioSpace,https://news.google.com/rss/articles/CBMiswFBVV95cUxQNElBT2dycXYxaER1S3FNdDlZRndLaHJQbFFyWXlTbGJjbk92UXpqR3EzZVNsSjhaTnFrNmhHdld4SGM5TzVlenZqbHRzWkUxRDFMb2d3Rk80QjJlbWxUckZoSi1vLUZEdG1rM250a1JpWmxadXVQbDNOOTlKV041ZWhISGhvbGF1VW1GMUFZbWxmbGVkcGVCdVduMjB5S1BCT093aE9kTnB3RkFGUzNwNUxrYw?oc=5
MRK,2025-02-21,AbbVie Inc. (ABBV) Stock: Pharmaceutical Sector Investment Option,INDODAX,https://news.google.com/rss/articles/CBMicEFVX3lxTFBLY2x5MGs4RTZZYkFzcXFiTXFxeGtvM1NENU1XdWN3VUUyakp3Nk5kOUxweWtiSmJwaEowNEY2V2dhMHBGeFR3d2hDT1E1ZVhsMlF0YXhEa1RGN3JxUUZqU3NZd0Z6a1hjSkQ4VTdYVDg?oc=5
MRK,2025-02-21,Cramer's Lighting Round: ‘Hold on' to FTAI Aviation,NBC Boston,https://news.google.com/rss/articles/CBMi1wFBVV95cUxPNnZWQVZwQUhhcWNZSFFwNFZ1bDFIc2NvNVJlZHJsS2pBRFhxLXJBUGozbUpvV1J0STdSR3J4VUl4VllFcEFCaVpGS2o5WG1Tam1uS0dobFlFTkwzOFJhR2pma1hLTXdXZmhZQVMySTJCVWlCeENrYkNDdzBQdERxSUtjZ3lnSkFuX1FTN05QQ0J4NFhjUDM5a1RabG1kLTU4cEg1XzhsMnRYaWJrWG45aEFIclg2NUlSTUNkWnI0aWI0MURSMFJSalFxc2daZ3hSOUhtZ0J6d9IBzgFBVV95cUxQSkozZS0zRk1mbVZfRDM3Vmo0eE95elVETVpZSDNJTmhOaHcyUktnMzlEQkJGZ3JSOHlTYTdmVHZaVUxMbmJJVm9qZXRTLUp0Uy1LdkxVZ05mZG55WTN6TGRhZWRWWC1vbnFlUzBuSTFtZHMwblYzQXkza011QTNQb29xcXFLeWhpRGNkZ3JyTzlfbTllay1kbWRYTDQ2b3ktRmdHWFgweDFJSXZ6S2dQQXVwdDEweUdIaFR2eW44V0N1SkFCZWcybmZSQksxQQ?oc=5
MRK,2025-02-24,"Summit partners with Pfizer to study bispecific, ADC combinations",BioPharma Dive,https://news.google.com/rss/articles/CBMinwFBVV95cUxONmpSV3B3ZHMxX1VGazBRMUE0VV80N3FDU3lBWXFTd2xxWE5SN3pCeGRCWTBfekJVV3Z1Wnh3S2pyU01IeWFEcWQtRkRRcFJKMXhtMldzVEFFNlc2bjhwZ3dUN01lQWtUZXRUVGlPRVRqNTF0a29VOTk0eWtpaU9SbVpzQ050ZzFWQnN3ZG1FWWVzVFA5OHo1NnhPaHhkNWM?oc=5
MRK,2025-02-24,Pfizer to test Summit's white-hot bispecific with ADCs,fiercebiotech.com,https://news.google.com/rss/articles/CBMimAFBVV95cUxNTmZ0MGx6VnZHRHRkSlRjcWRDX242VUxTc053UTI5WGpZYlZjajhtSzUzT3Eydmc2NGc1NnBxQ25YeTVxZjBHS1p4QlFMTENPdE41cTYwckhHRUg1T3VrZnhsVXBVOXZnRVVKTDAyUmM1eHlrZHpRa01DVTIta2dCanBVZXhobGt3WG9rNmRjUFBjRmZwLVJqZA?oc=5
MRK,2025-02-25,Candel Therapeutics stock drops despite OS improvement in PDAC trial,Clinical Trials Arena,https://news.google.com/rss/articles/CBMirwFBVV95cUxNTl9kTS1FQlhobXR4eFhBVlVTbk5CY0p4S3JKcEsxOWVTQmhDdkZ0ajBaZFp2cXdJeWxmSGVkMEpXQjk2UzR6Qm1vSFVVM0lQN29zeUlrMm1hem8tblhCaW8zT2k1c0ZFazVsZnMydk9WSFV1Tk9MLXVEUTJGeC11Vm1naldpOHQ5VDZWcW5oU3pNcEVXZXRuMi1uaE1IejFSUnFOQi1GZjFuVzVSTTRV?oc=5
MRK,2025-02-27,MSD opens 1st India tech centre in Hyd,The Times of India,https://news.google.com/rss/articles/CBMitgFBVV95cUxQMS1TWkN6Tklja2ROMzNkUm5IQWlvU2RpWU9DdGFoZU9OaDhaTjdZVGpwNzVkUlFhTTV6ckh5ZWlvd3JiczRCeTVoSjlnY2RBaFIxcnZjdFhZZkpaWEpTY0s3UkFSUFJidW5NRVJaTkF2WjdkcXNfMDJ6bHdoT3VIYWFWcUFVeFJMekFkQnB5TGhrVjdzMlBveXNDU2U0STIwY3JVQ1RNcjAtT1hoeWZ6Tzc2NWpYd9IBuwFBVV95cUxNbXJ4YW5xNnl5YmI3emY0djJWcFB3Wjh4M3JCdFpla0ZkRVJzWHBnWHBvcnBHb1RMd1BwY2EtUG1sd1ViRFZ6UUlDbTVvUUdiQ0trdUM3S0pxaGZCWjJ2YjNzZHdlUmF1eV9IQ2JyTzlRNF84U2g0QU9VcS1UMXp2U3dwWUJYeGpkSTNzQWVPSEUwRld6ZTVXNFdscElxbS1LUm1UenlRR3QycXhqRnVlY2NHNzZqeXEyZFJ3?oc=5
MRK,2025-02-27,Merck mulls new site in Delaware; Granules India buys peptide CDMO,Endpoints News,https://news.google.com/rss/articles/CBMikwFBVV95cUxQZGM5Qk16TkItaHpMd0dIaVpLdG1tdC1RcmtCV2oyQ1BjSUdwUGZaZjEwLXFYTllnRFk3blBwbDN3VTNJQ3JPWFVhUl9RendVU2x6LWtsSnNGTHBmTFBodW5LdTRxcjh0ZTF1bWV3MkNXQWNkYVAyTUtvXzFFb25TSG5BVnA5V3hrTVhUOElaUThBdGM?oc=5
MRK,2025-02-28,Fierce Pharma Asia—Eisai's US restructuring; China investigates former NMPA official; Pfizer-Summit collab,fiercepharma.com,https://news.google.com/rss/articles/CBMiuwFBVV95cUxQcDlmVEYxQUpFVU5mVzNmaG9Vb0FpdHMtZzQybW9KWVQ2RE1mMXRETEZ5M05sdWVMUEZneklUVGNwNWFPa3VkNjUwOUJGNkJNYVhkcXdKRkE2VGxXa3UzaUwwNmc4RGsybmxQc0R4MThSNWRWVDJSa1NXRzFpZTREUnZsYk1BbGlJNjRncEpqQ3Vramh0MGdKNDRCd2ExOFYxblFrRkNfSUNvQ0J6ZFVkNEh1QU5lNGdmX0pB?oc=5
MRK,2025-03-06,European stocks retreat after weak retail sales data; ECB meeting due,Investing.com UK,https://news.google.com/rss/articles/CBMiyAFBVV95cUxPOGNOZ2dGZHFCQjF2OEFFdExENTdLOFdqeVNZdUFFVkdjRUV6WVJ1YkpjQXctTFBDczJDNXhhZ3R3NjJlblFWM0dhdGpWY1dHT0RkS0RYbkYxNFVaUnpmTnduUEhQV1VXSWYzS0FTZHhhbXV5TGF0WEVMU2M0cmctZi1PS0ZVRVFlcWJvcXJsYmp4SWhwTVZuMmlMNklDc0E1dW95VUp2VmNuRVQ2Q2hYU2ZtQ05mWUxRdkNTaGNCQktiQXE0SktjRw?oc=5
MRK,2025-03-06,"In patent clash over injectable Keytruda, Merck and Halozyme dig in for a fight",fiercepharma.com,https://news.google.com/rss/articles/CBMipAFBVV95cUxPdzVsYjhOQms4aUNwYUdHWmZXVV9vYTkzOVJhQ3N2aHQ5VVdkbkdETHJFei1uN2Zma3ZzRDMxZ2owNkxmcjZsbXV5WDljbl83WDl0QWRSZjBwdTRMazRjM2pUTlNmUXJMZnZqWUt6VGRFQ1o3SEd2T0xCcGlTRWczWmZkM24xMzZRdS1oSl82alU3a2F6YUZEaGxJMW8zVWp5eW1qMg?oc=5
MRK,2025-03-11,Merck opens $1 billion addition in north Durham to boost production of popular vaccine,Yahoo! Finance Canada,https://news.google.com/rss/articles/CBMihgFBVV95cUxONEoteFEzVVUyZDVIRFFzcUVxbWtFRkpoY1V3b2Q0ckpoX01UWnd4S0JMc3FzOWI2a0Vvb3RSY1IwU3dvTEQxell0UDRNSnRsd1UtdjVpMmFFaklQenY4ODRrNjFaNzd5WTBkWi1scmNCVTBvTkVYMjBSUmtGYmFxX1ZUVlNHdw?oc=5
MRK,2025-03-13,Cramer's Lightning Round: Nano Nuclear Energy is a sell,NBC Boston,https://news.google.com/rss/articles/CBMixwFBVV95cUxQUUhJOWdnQWpRVlNkNTd0ei1RTk02dFdXN01ESVd0OTZjdzVNVE9sRlJhWmRlXzJOdFB5c0MtUDF0TncxVVEzcFBCOU9KZnNWeS14SDdlSzBhU2c3cl9RX2ZjR3J4ZGVjSk90aTQwTlQtSEItSjRZRVBwSWFwOW9aQmlLSjFubnVRVVJWd3BfcnJLcGMtT0FjY0FVREwwc3ZYRkxxWjREUnhoTDBOYjlWWjVvMU9PT3U4UjdNOVJQLVZRTUswMWtn0gG-AUFVX3lxTE9aWHRpd2hJSjVxci1RX21ENWRKNjQyb0NpZHdlNkMzNXU4bVZDXzREMVB1dVF1cFZoUGRvc2J1VFBjbEkxRjVZbi1qRWxNdFA2aVZ3U2lBTzdxZEd5R1NYbURkSVFlVG0zVVd3amk0ZnpTSi03bWU3ZjcyTkhoSUE4ZG1QWnMtX0M0a0d5UDQ4SlZnaEdMWFlONmVJeUl1d0U1dDkyT3hxdlJWbjZJbm9nMGxzSEdlU3JIS005bkE?oc=5
MRK,2025-03-15,"Down 93%, Is It Finally Time to Buy Moderna?",The Motley Fool,https://news.google.com/rss/articles/CBMijAFBVV95cUxOanlIOEJRRlI5UmpLcU4tUm9fNWo4SWsydmo1clEzMjRFd1kxV2kxLVI3RHFVMFhEY0RTQ3NwdVJPVUFqSGpLbVJ4QzMwd3IyM0FyU09HY0lDWnE5elc2TExkd093UmJGb0xIdEpld3YyT1VXYk9xXzdNc3VFMEhGN3ZzZnJVejgyNDh6Rw?oc=5
MRK,2025-03-21,Reducing CV Risk in Patients With Chronic Kidney Disease,Medscape Reference,https://news.google.com/rss/articles/CBMisgFBVV95cUxQSFJHMmZaMDZDeU81V2Vmb1F3eU9Ja0RCWmhXdk5vNDYxaHlIV3JXd3MwTFpaTzQ0OXc1WHVTc0tWNmtSdHdZM3JKM1o5M0lEb19mazRJYWlHVnRjbzNVQU9nT0RTSE9qeW9ET25FeG4zWlFVblNzejNPRlRkaTRMNGh2M0h3dlhLUmtjQ3FYbEo5aVNFclpWX1NJaE1iTG9zVUE0TlEyX2hkbnAtRWpmUUFB?oc=5
MRK,2025-03-21,Merck Vs. Bristol-Myers Squibb: Which Pharma Stock Should You Buy (NYSE:MRK),Seeking Alpha,https://news.google.com/rss/articles/CBMipwFBVV95cUxPLThxbXRjTXROWkVRZWp0bC1YeHNjU0YzVFljMWhORXBHYTFGZ1E0V2xFR1lsbHV1Wm5COS1XSWpQaDFxMVJrV25lUTlrQW9ScWZHZkNUaE9CR0RTRThKYk9UVlZFQ2dBYm50NTVVQjJHbl9MMW84V09ySF93SldOa1BpeTQzVEZlRHVyd29JakxPVW5VSlR2TFJxUzZEblhHdnpEdnQwSQ?oc=5
MRK,2025-03-24,Merck & Co. sees ratings upgrade to Aa3 by Moody’s Ratings,Investing.com,https://news.google.com/rss/articles/CBMiuAFBVV95cUxQR3JBYU95Q0VMNC1QMFc2V1VmN085ckV0alRtZ2xRdGFPYXJiN0lvVVRyUXdHYkxBemx3Vjg3aE5qanB4RkI0ZjhjQ3luQlAyYUUyaFk3OE1VRmlCNjlYaldpdEJCbnZoOTZleTRVV2FMckhYc2R4UnM1M3NTRjVmejJIZTZOUUFHd210cDdXYkJJN2ZUcFVOMWJaNkFVcDJSaXVwVlBKY1JoRVhuVmV0QUV3NUlodjMz?oc=5
MRK,2025-03-25,"Merck, Hengrui Launch Up-to-$2B+ Cardiometabolic Collaboration",Genetic Engineering and Biotechnology News,https://news.google.com/rss/articles/CBMirgFBVV95cUxNemdKM1Rpb0plTTZpNEdKQWJBcFNrcmNTQWpVakhpQUJITFJSUlhaOWw5SnB5M2NrQ1NQaEUyd3FwcWIzOWM4RWdEMERnSGJjbkVkd0RIamRzMlY5Tl9YZEFYQ25MQVJRRUNENGo3ZFpnQmNHS1hLLU5FU081UGxjRjJiS0xaclRSMU0tbnF0RmtCRjlQb2xDcDB1SGx1MWQtMWR4V2JVR2Vkc3k2cHc?oc=5
MRK,2025-03-25,Merck bets $200M on a new type of heart pill,BioPharma Dive,https://news.google.com/rss/articles/CBMijAFBVV95cUxPalVDdTQ4eEpWYXpoTU5jNzlIM1ZSVGVwb0RtbFJuSmNwMmNPYlBjd1BncjBLdXB6RGRwNDJOTTlBcm1kLWlPS24tdGFLaXlKNmdWVmw5LU5XVGV1RFdZUDRTWGE3MXRmU0NaLVA4ZldhZS14U1RWNGcwSjU0TWZ2RkhSNExFd1dTb1U0Yw?oc=5
MRK,2025-03-25,Merck Reaches Licensing Agreement with Jiangsu Hengrui for Novel Heart Disease Drug,Pharmaceutical Executive,https://news.google.com/rss/articles/CBMingFBVV95cUxORUFtQk9RZXd6YjdybFZhUDRGV1hQeks4REM5RE1QTHZfakNwTk5VdWFRdVJPOFpYeTIyWVRWSmRUcUNEcWllWWNPRmVJVzJMQWpXaGs2Wm1vUVp4X1F0SGxYMHVNaXhvOUpLNms4cVFqd01GRDNnSmw0UDlLN0xUYXRVYjZxelFLUnp1dXN2cnRRTV9JdzhqdDNpcUs1dw?oc=5
MRK,2025-03-25,Why Pharma and Biotech Stocks Got Thrashed on Tuesday,The Motley Fool,https://news.google.com/rss/articles/CBMimAFBVV95cUxPTlZTX2wwdjc0aUJiWDZrenFSNFhRbGRDSnVmQlNYVnhyTy10Q0UyOUxSdHc0X3FKZ2pXUThHLURiT29RR01TRnJtbkxvY2NUVnBfUU53aGE2ZmZTckR3Uk45bGlRS0FSRmdTYThmRWRkdU90VnA5ZHhBbzdtOXBqMzRESWJaVzZGSHJtTU1OY2g0bmYxRWpERA?oc=5
MRK,2025-03-27,Is Merck Stock a Bargain Buy?,The Motley Fool,https://news.google.com/rss/articles/CBMie0FVX3lxTE5Cb2pVRnR4MU9NT0xEem9KMTBPNUllN3ZKTk9DSzBvQU5rVzltRE84YzNHSF92X2ozYVNrYkd4bjFsd2MzdS13eG5LOXlxM0ZHNnI3dDVYS1JYTEgxbko3YUxJR2JKQ3NDT2FFbk56emF0LWZtUnloZmFNZw?oc=5
MRK,2025-03-31,"Chinese Biotech Stocks Advance on Better Earnings, More Deals",Bloomberg.com,https://news.google.com/rss/articles/CBMisAFBVV95cUxOQ2tzYTBrSFlqWFpjMDJtUjUxdFFRa0pzblJCTnIzQlBxOFgzN2xSdXotekNXQ3NadFBWZVluSTF3ZElic2xaUEJhNFRwbVRzRTg0YWpRVFhRbWNQNjBuOWxtaGphOVJlNzI3eTBGWHdOVUN4UHIxTHl6SjBFYlota1IxTHJXb3RNeUdDTEFZZy1pR1BXMWY3di1BSVBhLVZrQXphelFSSmd0Q1JzZnV1Uw?oc=5
MRK,2025-03-31,"Sotatercept Reduces Risk of Death, Transplant, or Hospitalization in Advanced PAH",AJMC,https://news.google.com/rss/articles/CBMiqAFBVV95cUxObEZPUUk4VlVOVVA2V04yeUxMc2piVldiSkNMVU1lcWQtZ1lUMmwxZUoxU1JmeVBuS3VEUklhcnMyVlFPMGltQnJQZ0FOb2d2dTdsTnhEMXBDN0oyaEJMZndob3BqRk5RcEVCYldqX011Wjd2YUNhWkk0S0FDMW44TnJobUxWdEJ5VXZtUW5NVU9PeDdfaFVkck9jb1ZvMm5yVzk3NElDVjg?oc=5
MRK,2025-03-31,Vaxcyte: Shares Tanking On Positive Data? Bad Time To Be A Vaccine Developer (NASDAQ:PCVX),Seeking Alpha,https://news.google.com/rss/articles/CBMitgFBVV95cUxOalFITnl2ZkpLc0RHT25SMTVjeUNWR0RWRlY1MHdhT1hzekQ5MkxwOGNaQUVST3JUTlFlQV9lNVBzYzEwcGx2X1EwaEFJLVp4RzExRUFabXpjbWphTDcwLVgzZzU4Y1hZS1BaTTRlVF9ZakZZclVQTWFZQzAxcE9wZmpTYUlxMmI5SmI5U3BMVDhFbFU3Z0hQVmN1M3p4RjA3NW1BTnRWQkxkbXN2N0NxVnZKWGdqQQ?oc=5
MRK,2025-04-01,J&J shares tumble as judge rejects $10 billion talc settlement,Reuters,https://news.google.com/rss/articles/CBMizgFBVV95cUxQclhYRlZMQ3FLUVhEbkNwVktIbzJlQ01QaDd1a1JDbnZoQWVFSkROU1lqZVduUGoyRTU2MW5TbmNvcm9KS0tFNHI1ZVpmMkhldWxyVU4yVEJfLVh1eXR0U1lveS1uX242eXhWRlJyTEI4Q0RJZ3Vjak1COHZrYXU4OVgxTGZNcko3VE9tQUFtRmI4WmVSUjFXN1RRdjZzREhReXZ6Ykl4QzEtc1lORGFRZ1RyNTNYTDV3UzJ6S2lZbnlGR2c5TS0wbjJPQmJIdw?oc=5
MRK,2025-04-03,Better Beaten-Down Stock to Buy: Pfizer Vs. Moderna,Yahoo Finance,https://news.google.com/rss/articles/CBMif0FVX3lxTE94REhYYm9SOVl4U2piQ01nWWRaVUcwV1FSd3ZDWldnR05yRVAxc0pHdVpkUE5DajJqUDA2aDRuTFV1d1JLbnY1dzNMZDdKck0yTU5SdWpNV2V6WWpNdGI3Ykt3Z0Q1dWtOaEZlS01USHh0YVMxTzFvSlMyNllDVjA?oc=5
MRK,2025-04-05,Pharma 50: The top pharma companies in the world for 2025,drugdiscoverytrends.com,https://news.google.com/rss/articles/CBMirAFBVV95cUxQeUNSWE9fYUNjbWRjWlljaWp4cWdWd1A4c2hzRGt3MkhkTlVWRC0waEtKeFFhenlXVVcyY25HdVkyaDB2MTVNNVJDQ0tPSkNra2I5cmZzMjNzTlk0WWtZaTRYMjZ3RzhReUFUVmRkOVhha2NIRVhObzFHQVFCYW56dUtIanNpSnV3aThOX1BGQ1BSQ1RKbDVKQ1dERmxsYjAzYmgtSFNxTkpqcWxJ?oc=5
MRK,2025-04-08,Biomanufacturing giant Merck KGaA slimming down French in Martillac plant due to CDMO market tensions,BioProcess International,https://news.google.com/rss/articles/CBMitwFBVV95cUxOZ0pOZWo5YmlnWUhEN1F2ZXlqbHJxTHhEWk5CcGNVWFpZX29iODNrbXBCQmIxbHpyYVY3WW1FZEZhd0VDRVp5RDY3d2xSWXo3VUFvQW56SXhrXzR1RkE4VzRqTVdVUjRyTV8wUFBoV0czWk1mMG5rOG1QQnRXdTIyLXFndVpMYXMxYV85dFBjUWdTdnVRWWVhZW5lWnZMUWJYSHNxbFlVb0NNUEdyenBGYzJOY29nM3c?oc=5
MRK,2025-04-09,Global pharma shares plunge as Trump doubles down on tariff threat,Reuters,https://news.google.com/rss/articles/CBMi0gFBVV95cUxNbU1vS2tSVDN0NU5fS2N6YnlORmxxV3VZYnF6dGhVd0ZJUXRzdm5mUHJQVi0yQkN6TkVNN1ZvVDc0cldLSXo1OXVJWHFTb0RKZ05NX0k3Rlc5NkZnS1g5d1czdlZuTDU0YVJmdGZmcXhMRnlMZnJYS1Y5SjFnZmRNbU9fYndpOHlfS1RRZnRsa2xoOXEyUjdQZjR4N3ZpYnc1RjdURWpvbEl5b3NMWUc3cTA3LUdVaXVuM2t2VzRfeVBtck4tY2dBZkhmRWlHQk02RWc?oc=5
MRK,2025-04-09,"Investor Sues Merck Executives, Board Over Misleading Comments",Bloomberg Law News,https://news.google.com/rss/articles/CBMipAFBVV95cUxNLVJoeE1WeUNkYWRlOUw4Nzk5Rk45OWFaUjI0ZmMwTTJGVWdLQXNGQnZDbzgzbTNVME9TV01RcThzWXNQaU0yZDUxLVZDZ0l1OHh0b29GWlBmYTNSUEV3V3pPNEVDa2E5bk5jbEZ1blZiNHpsZnFFNld1RUQxelhRMlJ6NDFLRFdVY1FJa1ZmbU83ZWtsdTlCeHBKZzlnLThIY3k5Wg?oc=5
MRK,2025-04-10,Walser Wealth’s Rebecca Walser likes Alibaba and Merck as stocks protected from tariffs,CNBC,https://news.google.com/rss/articles/CBMiygFBVV95cUxQNWc0ckF6UWxrNXV2TTZHSVBfOVBnaTNJRnhTaHRzdlJpMG1IWVF0dEtqaEhBSkxtbGxtMzdRUGppUWhqNHVOMlV3LU1zVVNCSnlQNk5HNGZXWlE1aEJMczlvZmNxUzE3MVdUcHpiUU1DOHZuZllCQmJwNDFTRnplWk9PdURPV0l2NU5ieGZlMkJCZm5sVE95RkFyY3lXa01STkhlYlA5VnlJdEE5Y2hsUi03T0t2ZzY3SFJydG54QVNwYmltY21NVXJ3?oc=5
MRK,2025-04-12,3 Magnificent Stocks That Could Double or More by 2030,The Motley Fool,https://news.google.com/rss/articles/CBMilwFBVV95cUxNdXc2bWh0clozZG5id1N6SjBnc3B0RjV2TGw5VDlLaktDNWFoTWFheE5OSXVxWnREdV9UaF9qRFZOd0M5SU16ZjB0dkVldURlS1Bzd3J5NlFNb0ZYdkxmYWltcmtFdWdfdWJBUzZ6M09JeVBrZE5wVFZ1eThMRldDWTBzQmE5MkU3MHNuOUlQSG9hVUQ0MEdz?oc=5
MRK,2025-04-14,ABBV vs. MRK: Which Drug Giant is a Better Buy Now?,Yahoo Finance,https://news.google.com/rss/articles/CBMid0FVX3lxTE1SQlRKeWVnRlc3Y3VEUmlOLXp3WWwwdzlzMDFiMUFEcDdXYnFaMUhhWnNlZHFnVU9xZ1hQRTFSbW1XbzI5S3kybDU1T2gwWllVSmxpTElBT3pOeWlzYnhKLXhlVWw2cThJQW40UTFkeXdKcktOR3Bv?oc=5
MRK,2025-04-14,"Greene Bought Market Dip Before Trump Paused Tariffs, Profiting From the Rally (Published 2025)",The New York Times,https://news.google.com/rss/articles/CBMiqwFBVV95cUxNLVVVQXBpcllZcGdRUDRKcjN4WmNDdWFsQUZTbkIwc2VtWE00b2RWdnh4MXA5OXR4c1NIeGNyT0UtTE5ISFA1S3RaVHVrRC1MN0p4ZDFwRnc3NjNQOHJFZlBqWjBZLXhMVVVoZXdFT1FfUHJOSEZpMXZjdHNSeHg4Szd3RXRuOE90eUNWdTJIcE81RWZhbHFoZlZFbTZWRmp2aTNMNHVzY09XSzA?oc=5
MRK,2025-04-15,How the tariff fight likely made Marjorie Taylor Greene a small fortune,MassLive.com,https://news.google.com/rss/articles/CBMiugFBVV95cUxPbUhmNU0xX20tbUtGY2JCRUFGbUxLMzRrSk1wTkVxWW9JanJ0Tkl4N0l4X2Jmams0YzZ1b2xjRC1za0RrR0FHLXhIWkNEMG1seFRhWGpLOVpqMUpLMUhraTFvUVNGbHBjVlZuM1VyWHh6VTNpNlAxeDlBTTZja0ZjVXktUUh3U2dzcGNHQm9zVDdyMnFEQkh1SnhGNEg0eFZjTkNjVHctUHNvOGVOV2o4T1oxdDJHNnpWVkE?oc=5
MRK,2025-04-16,The Rise and Fall of the Stock Market’s Music King,Bloomberg.com,https://news.google.com/rss/articles/CBMiugFBVV95cUxPeVZLYUliZHhRdTQ5dWpHQkxWMDREUUVoLVE3STA1NHNEdXJFZE1jTzBsX1llczJCR08zVjk4OHRlZmk2S1gzZUVuOXN5RUtBZG1qcGFkV0Q4TEJ0Z3FaYjBPenpTSGh2M2xJXzZkNExlOHVackE0WTRQMWtndGwxUWxLT3pRNFhkX1BhQXA5OU9xNzRWZUlqVFNrNHQ5RGRPY1BtdzhMZnNBNkVONTVxOXNUM3QyQ2lKX3c?oc=5
MRK,2025-04-18,Where Will Eli Lilly Be in 5 Years?,The Motley Fool,https://news.google.com/rss/articles/CBMigwFBVV95cUxNdU1HVTg5Y2FtN25IeXE3SE5qSEdQOFo1Uy15clZNUmY5N2lSbElzOGM1cXN2aDFKUTk3bWtuSTlwTXdRbzBkdWtKdzg1LTh6MC01MTRyV1dmQVRFTHlTOFFGY3FsUnFHbFpnWFY3VGdaeHRNNVNIS3I3NVBvOEp5cjRTNA?oc=5
MRK,2025-04-21,The top 20 pharma companies by 2024 revenue,fiercepharma.com,https://news.google.com/rss/articles/CBMiiAFBVV95cUxQVnpIbWMxdzdpeE0tT1BvaUp5b3F0ZHM1VjNZcXNhSExVandfaG53TU5Ld2hOdVhPTTVSWHlPT1ppYWNORVJCQ3RudFlaZFhaNUgybzluTlFNaC1ITGFuTjhuRHg4bVRyR2cwaFViX0wyVHhfc09sM2NES1NQbUpYMGphR3dubGtW?oc=5
MRK,2025-04-23,Cheaper Chinese HPV Vaccines Turn Merck’s Gardasil From Boom to Bust,Bloomberg.com,https://news.google.com/rss/articles/CBMitAFBVV95cUxPYVZzS2NvMFZDcVAzQlR1S0pBbUJ1V1R1dnJ5VElXUzV5cC1fVzIyYkJvRjY1QzIyNEF2cG5VWWNBTm9va0xOd1pkamtiTVdSR1ZYSzdLeE5ZYlFLVWloSGFQV1RfQWRlT0NzTmoyXzgwZHoyTHpfSkRSamFCV3JkdU5OOEtuV3I2N21tTHdtLW1GSHNLNGk3bnhnNlJJMkpHSVZXdy1KQTRYU004UmRwNlRtOEY?oc=5
MRK,2025-04-24,Sales of Merck’s 4-Way Measles Vaccine Take Hit as US Dips Into Stockpile,BioSpace,https://news.google.com/rss/articles/CBMiqgFBVV95cUxNLW51Wkw3QWhFZkluUzE5a0tzWUlhdkwwS0Q3ZjJmMlZHaXZ1cGQybUMyWl9uNENOOHdrX3owUHFNYW9KX2wwakNMXzhwT2VrSmhWQXZHa0VNM2hPNklHWEJiVUk3dXEzS0FsRmoyZUNMclJVTUlINVlidHJPcnRqci16UW1JYkVMVklvVWEtaXowejhHLXU4R2ViSGFVM1BsZTdFUnIyYWZ2UQ?oc=5
MRK,2025-04-24,Merck Faces Lawsuit to Block Launch of Easier-to-Use Keytruda,Bloomberg.com,https://news.google.com/rss/articles/CBMisgFBVV95cUxPdk5ya3JpQkhuZEd3a25laExwTk1lLXp2Slc0TU5vQWljOGcxQUc0dXhtclBXTTFjSlZGYkszMFJkN1NJdm5mX3RoR0FKZERfYWdaYlRfbWVjcm54RzlVOEk0cHgzcWUzN21seVFCYnZSbE14SnFmczc0bk1HOWs3Yzd5UlhrajlIa0J1MnhlSWVveXF4NUp4TWJSQkpzc0JUNzlmeXF2LXk2TkdiN0xaTGJR?oc=5
MRK,2025-04-24,"Merck posts higher profit, puts tariffs cost at $200 million",Reuters,https://news.google.com/rss/articles/CBMixgFBVV95cUxNX2V5LXBwN3g5Vy1QWVZ6QU1rZTd2TkhnNTJwODBJeWFiUnF2U3FNNW1UM1hFMlpLNGdlRlBURGZoR0FJNWdudUtUM3dDMTBpTUp0R2U5Y0RvMUlVZlYzbi1XMElHSjdNRDNwUE9xRGMwTWxNanNyNUVIM1VNLXNlX3p6dDI0U0w0SGZfRkNWbFczd21Ualp5dUtvUzhjRDdRanV5ZGFhQjNBX3A3RFJWUUNjTVA1dGN2NFlGa1JGejN5N3g2aUE?oc=5
MRK,2025-04-24,"Merck lowers profit outlook, partly due to $200 million expected tariff hit",CNBC,https://news.google.com/rss/articles/CBMiekFVX3lxTE1Wa2Ixb1JHa1E1MEdfRDlDQ0hETkczR2liUzh4R195Q3lzOGNwM2xtei1YQjFsQnFFMjI1MVpxLXl3eEpNZXI5cEJIbExkVmxqbFZzOE5yYXV3MER2Vl9kVjRWbTVLRWZxV1dtM1gyWHlsNTZGVHR5Nndn0gF_QVVfeXFMTVY1ZmsySkJ2cXhSOUJqdE5GTV9KTlB3TGVaa0s2bi10Q1FUZ2h2NzlvdkQ2QjFwVnc1V3BXVkZmWEdESGRxdW1vejhzemJOVWtXV2FhZ0N2Tjk0QVBzLUdwc0JyR29GX19WM0hiUThrOWwxM2xueTg4QWVJZG1pOA?oc=5
MRK,2025-04-24,"Merck takes $200M tariff hit, trimming its gross profits",BioPharma Dive,https://news.google.com/rss/articles/CBMikgFBVV95cUxQUU56UlAyQ3d0aTZ3VldTd3JnOGdKMFZHOXpFc2pqc083QWVsUnpMVkVnU3pXWkUzdWt6ZG9JUnBvcFRhNHlsS1ZLd19UdW5rR2NTejBDeUpUQmZhYzUySWloS2pqcnhwM1FPbUJHWDE4Tkt4b3U4RnR4b3lwQW9sajdobU5oMDlKdWhKclAtR3JRQQ?oc=5
MRK,2025-04-25,Summit stock crashes as Akeso shares bispecific's first overall survival data in Keytruda head-to-head trial,fiercepharma.com,https://news.google.com/rss/articles/CBMixwFBVV95cUxOcktGOFgxWFVBLTk3WWJIVWVoTFR4WGlEcldZeVVESlYtSDBZSGVFbk81SDZaLVZ3NXJVWVhOQU93c0pzMW4wWDJDVlJPZHo4OE9YOFhuc2EtVFM2SGgyVnFlVnJiTFFKYzVzbU1oRVVUMzFoSFpfVlBaTmhVWWpCaGotZDJTYmVwS09DQnhDa0NDZFpfZ3gxTS0weFJSRk9PNWZJZ1FncEpYVWVobVQtWDYxdlZXaUZqWkNRZm5MSFpfaVdpWUdR?oc=5
MRK,2025-04-25,ALX Oncology doubles down on lead CD47 inhibitor after asset fails 2 midstage cancer trials,fiercebiotech.com,https://news.google.com/rss/articles/CBMiyAFBVV95cUxONmtnbXhFeFVteVJQVTFHM0tDc2VSNVFGV1JNRW1TOHczZmNObkVORjM5MWVfVWxpLXJXV0s0OE1aRGtjN0xMdjMzWFZsQmh6RlE3OHM3U3lVNVFGdjh5VkgwM2ZQd3RacTlydmlKNDI4NmNta2ZVdl8zSDNWSWJmaEx0NXA2LUswUmU2eTNZRXFZT1E1S2VrXzhOQzFKd3hNN1pnTU13Uldza3VkUHZ4M1hrUXBmaU1OVlpudGJ3RTJqYnNuSFV2Mw?oc=5
MRK,2025-04-25,Akeso wins Chinese approval for cancer drug positioned to rival Merck’s Keytruda,STAT,https://news.google.com/rss/articles/CBMiqwFBVV95cUxOQlp4dWxxcHZtR01xMnF3enJiVTlEdS0yWHM2djNYRHg5a1htenR3amVGNncxd1NwNTYtZEZfQnlMMnlUOGJMeHBSUUVMTG9EY1VqekoyNER4QUhZYlZON1d0cjJmd0kzNEhQRThEc3M4MlQ0alkzRGdFcUtQOFRiTkkxelBMY0NkeU40b1hHdi1ybDlVbU82S1VIcXQ1N084RE91SnRwSTVpLXc?oc=5
MRK,2025-04-27,Merck KGaA in late-stage talks to acquire SpringWorks for USD 3.5 billion,Medical Dialogues,https://news.google.com/rss/articles/CBMixwFBVV95cUxNQmM1ZGM3UzA1T05hcVlaMmUwQjY4YVlMVFRxMTBKcHZoMTROeXJYZlNrN0hoTXhTRmViWUxLT0k5Q0ZRYnJyc2w4UjhtTVdFcFY3UlAwZDFNdUxKZUVLVF90VGV4a3lldjd4d21ubUdJSzg1bVRRQVQ1b3FBMFJ1T1l5YUltdi1NbzF3QzB0TGZzT0tyMDIzdk4zT3FFV0JPX2w5Y2xDdmZ1ZVRFZnFmdlFwbkVadXhDcHJ0RnpXeHpkUG1maDFN0gHMAUFVX3lxTE9uX2FtaXZ5bzBXai1paGZXcXZaNk1fN2pJWDc3YlVadkFzaExyX1huNlhnLWs2aWtqME0wMXFORXljMGstTF9ZS0dqWTAyT25kUjdqR2o5WkV4czVvTkViRGU3SDFkMGNYTEQ4VmtuMlZfbWRObVpDSy02c095czFGM3o0SlF3UGlpNkg3dmJFakZCLXpoeUE5M05ISUJya3U2eVB1R2R0TU9xLVdTdHdENl9GSnUyQmVkWlpENHdFZkp5WktyalJLM1h1aA?oc=5
MRK,2025-04-27,"Pembrolizumab Before, After Surgery Improves Head and Neck Cancer Outcomes: Ravindra Uppaluri, MD, PhD",AJMC,https://news.google.com/rss/articles/CBMiwgFBVV95cUxQTDhXcUE4TS1Va1MxSFZncXdybU9pQ1RIRWQ1VUY1MG00T2VGZm1sX25JRHh4RGhRdFRadEJrMjFpYkhlTk5DV2FIZEFmb3ZUZVZnalh6MVcwZUotNVc3SXdscnFjUktTM1B1TlUxTFZYOGczMU1PcnVrczk2aHgwd2dsQVI3Tl84ZnFRTHRjeHlXdHI4Q2RwMkIwRUx5UnJtT2JBSEZSZ1VsRW1PM1g5UHgyYml5NDhYVXdEeGFMSWFSdw?oc=5
MRK,2025-04-28,Akeso shares slump despite second China approval for lung cancer drug,scmp.com,https://news.google.com/rss/articles/CBMivAFBVV95cUxQM092UHBXUWlDYlhYdkZFWGNCZFQwNElxNS1FZXF2aU5QcHJMSXZENmIwSW9EcldSdlZWRy1jNmVFMGxhR0hfR0lHLUhvcTdLbW13TkxjbHo4ODNYaE50b2ZhWVBUTExGYzFMX2xNa2l6Uk1BbWhNZUJmaUx4YV8xWG90MW95NzJHbURsYjVDclR5aEM1UTdKdU5hUG5XRWRYZklWeGJhaXZGaW05eHItbGJlZjZFNkZWalJnSdIBvAFBVV95cUxQREJQVUlQYUVORlA1Y2xBaDBlWEIxUFk3NVNoem96Ul9weGFGYVFfX09TZmlOS0hMWXp4cjhoNTc3b1lFYjU4RFJUdnZTa2ZMemhQdnhaSFFwNzRDUDRTMnJ1ajFiXzViRWMza1o5M3dRLUQzbm0tX20wM2RsYW5KSkx6d0xlcjlZYXZIUDJONzFzZkMtY3YyaUhQejFWbVBrcFNRMkRGcHBHUHRGMkprSjBXb05keUQ0VG9reQ?oc=5
MRK,2025-04-28,Merck KGaA agrees to pay $3.9B for SpringWorks Therapeutics,Axios,https://news.google.com/rss/articles/CBMipwFBVV95cUxOSUxHRUFIUkdhN1dqUHNiNTZ1cW0yVnZXU2tUemdFd0E4WWRKbS1NZTZYcFNjZHMtTHNNc0F6Ynl6NXUycW44akdNY0M5N3lESm1hdXFzYy1JVWVuQXhIcE04OXA5cWw2c0M2UDdHYmpfUnpoelVMdnJ5Vmp2MWM5N3RVTUVmMm10Q2NUMXlrOHg0SGlHVUVIS0RFSE5uQk9INmtIQndOSQ?oc=5
MRK,2025-04-28,'Deviated from the core': Akeso CEO tries to reset expectations of bispecific's survival readout amid market tumult,fiercepharma.com,https://news.google.com/rss/articles/CBMiwwFBVV95cUxOSmFPWmxYaUlGUDFWRUduS0gtUnBoandXMzFyajBLaVF6bnZCSUUtNGNSVmVXNzNoNjhkODJlN2Q1STlVVUNtZ1VScVlGMkNpZFA0RjhlVlZmM09BZzdYVU1CMHMxUjNDZnQ5anV1bTJFaUxSejBhRmVZR0ticTJja3ZsaExNQ1NtTTRTUHFuZHA0NjljcVVOZXlTcWtuZ19mMi10Q0pSSzQwZHRFdkxud2dWejN0TmZyQlZxSjhVZ2JMdWM?oc=5
MRK,2025-04-28,Germany’s Merck Set to Buy SpringWorks in $3.9 Billion Deal,WSJ,https://news.google.com/rss/articles/CBMiowFBVV95cUxPUldDdlZCQVp5MTFyREMtQmNhMmJWZm5Qd3hqcFV6ajVjeUloVUZHS2ZUVk5QSDRVZUtPeVdpRkRsLUhwOWRlZTdjSlp0b0Nzc0d0MTZJdjlKbEE4RWFwQld2MldOZE5MWlBSQk43Z2wtQ2NXdklJYlp2emZPbVpVQk9KMHowT0s3czViNU1sdFIwekQ1Vm1jaVVIVWdrZWh4OE44?oc=5
MRK,2025-04-28,Merck KGaA to buy biotech SpringWorks for $3.9B,BioPharma Dive,https://news.google.com/rss/articles/CBMilAFBVV95cUxQWFpJOEtwNE9zQ01nczNmMFFZSlpwb2hoOFdjS3FTNTJBTG41NHd0MUQwRDljX1V1cDhQcHRmSEIzR0twVlZkUGtfZTQzbDBpTWJka1o1cXU2YVlQYWNzeVM4X3M0cXBoVDRFTkdtQW9mTHV4ZGF0TVVIVktzUzBXRlBXYkQzbUVFbUlPX1pGVk1aNTlm?oc=5
MRK,2025-04-28,Germany's Merck Agrees to Buy US Biotech SpringWorks Therapeutics for Almost $4B,Investopedia,https://news.google.com/rss/articles/CBMivAFBVV95cUxPTHhiWXI2VEZGOGN4QWkwNzJwU21hWDVrWHBtd1NCY0gxZW1rVDBmbmt3enI5eG5seEhjbHZQbVZkVGN5Ty1obFB3YTYyMWtZeWRrd20tbzEzTEdjOFdQNXAzaEsxMTM3WmVfYVdkZ1haUFRqRnAtZ05aaVRHZFQ4cExrcjBpeXZIc0lKb1J2T1lSM3RpdUZMNzhoQjVNYWJsWHlwcXk3TXBjTUFicFRjemZrWXdid241UGE5dQ?oc=5
MRK,2025-04-28,"Merck KGaA completes acquisition for USD 3,9 billion",Biostock,https://news.google.com/rss/articles/CBMihwFBVV95cUxNREVESU9ybkh5SUhqMEFXbmFKQk1qUmx5UmVBQ0xoLWhaaDdoREFiWU1KWW15eW1vMmxpdmctYTl0WmFtRThEZHNMTHpiVkRobWFDU3NqR0EtY2U0V1ZSN3lEdE45VlJHeDJsSnlxUld6NnVCc21IQzNjYTVhOUVzRVNqLURNTmM?oc=5
MRK,2025-04-29,"Merck KGaA to Acquire SpringWorks for $3.9B, Expanding Rare Cancer Footprint",Genetic Engineering and Biotechnology News,https://news.google.com/rss/articles/CBMitwFBVV95cUxNZl9hQUlaZ0VJa3djV3djZ25BMS10dmhCRVpnLWRQQkxUTjBMajJxdmtWMXV0ZnRrdFJIZ3FqSGs1QWRtSmRiZU4yeTc4UVIwMEFMbVRMNUxqTE1jU2c0NVVoT3NSYlFpOVU0ZF84VUl5UE53d3BrdjJGenkwVXlNbDN0SDc3dGFxY3NWV28wdURiNUttWmxSdE9jaGJxdzN5SHdGVnlWaWZOSmk2OUNCY3ZYdklVQm8?oc=5
MRK,2025-05-05,Merck Begins Construction on $1 Billion Biologics Manufacturing Hub,Pharmaceutical Executive,https://news.google.com/rss/articles/CBMimgFBVV95cUxQVW1waUllbzdLYkw1dVR3dEVfaE5XYnpOMkN1UTVnclhBVXRtZERtbUxfX3E0elZUMlItb1lreFN1S1YtdnFPbHdhQW5CaUFEeXBHYVlBVlA5bUJhTWZTNll5SlY5NTVUdTI1MDE1YzFLT2Y1cnpDZHVRRkNzTW81cTJwckw1TDlUMXY0TnZCMVdOZW94dkp2Q1Fn?oc=5
MRK,2025-05-06,Can Hengrui become a global pharmaceutical giant like Merck after its Hong Kong IPO?,scmp.com,https://news.google.com/rss/articles/CBMi4wFBVV95cUxQbUZzZ1NudG90YkhPYTVDclM0a3c4V3RmTXRKODVkWjNTdzJrcWQ4Q1Bya1N0ZmtiVG5MeVVlNUE4ZTVXQlBMR2VTYkVTMmU3MEtwSVVXMGpmM2x5UHUyaVRRTjJVYzlZcVh2Y0FJRzFTaEFYT2J4SjhNQ3JjazZEdjdUZG1VdmstSHEzZ1ZoSUxiZEl3RkFOOTF0aGRlTkpzS2Y1cGpyOUJCSW9nY3J3dHZGUHNvN0ZUY01sNFRMZTJLNExnZFpld3k0djhrR2tYRlJvRlJoN3ZpR0VTdHdTZVdQZ9IB4wFBVV95cUxPQ28zakV2QXhzMUlwR3VVYnpYMDNrQ3RlNG1EaEhERVAyNTY1OWNjbFZ3ek80aEU5UVRQUWszak03alVTMVAzTUlwWmw4LU02Zlg2ZlNNcGVHOHZQOTYzSVFnZm4zdUppSWNVSGpRWUNuUjRrYXhoSDZHTlF6SXdkeUZ5dk9lYWhBc01qaDZDcndFUVRzX0xOeEpOc2hqUjRsaFU4QzNiSGFDd1Jhbmxra1B6eWtKWEVreWRoU3VlZzZHVG12dnNzeG1YWjAwbUJOZFJsQUJNY0N0Nk15ZXdrY29Ucw?oc=5
MRK,2025-05-06,10 Healthcare Stocks Quietly Powering the Future of Medicine,TIKR.com,https://news.google.com/rss/articles/CBMijwFBVV95cUxQT1daUmdRaGdJNEZpaVdOdGgxV1p2eUg4eVdncFJPU2RKdDRyekdtbDBJZV92WEVGM2xnNWg3MkFFSVhFbE5VRHFwX3FIS2JQdFFfZDA2ZzYzVnFFRG0yZUtaeE1TaVdzaEVlNzEyeFFrR01mTUl2bU5CU1pCMnFIT293c3NBWER5bG9LelExOA?oc=5
MRK,2025-05-07,"Is Merck & Co., Inc. (MRK) the Best Dow Stock?",Yahoo Finance,https://news.google.com/rss/articles/CBMidkFVX3lxTE9NRG5HMkI2czFyTllRQ2t0eTF2SDEzUy02OUxPLURPckx3a1B2anJUOWRreEFadWlXaFUycGZ0b2k5WHNJOGg5dXFKWmVXNlJWdWdCN1p4ei10NzhyWU5KUXhCM0ZBVEpOd25JcDd6SWU3bHlhNEE?oc=5
MRK,2025-05-07,Biotech stocks fall on Vinay Prasad news,STAT,https://news.google.com/rss/articles/CBMiuAFBVV95cUxOeFU0S1pUaW9yVjhZWlBkdHREdHM4dm1kUGxPYWJ3RnlVa3F5dllXRDREQWR3Tm5kd1dlUXBlOWZRd1NFMzd4c3pzX3pjanViNGE3R3lDdDQ5ck9GTUhfWGJ3S1hUZVUxQ0NDekhTMGlKYkN3NVJNZUxXcHRFdFlndHhaSmdfQkxjem9sTEd5Q1B6Ym1uNUdtN0hZVzZVRVp1WGJDRW5WTUcydTM2VWdqOWNEaUppUWNW?oc=5
MRK,2025-05-07,Merck’s New Keytruda Shot Is a Rare Real-Time ‘Product Hop’ (1),Bloomberg Law News,https://news.google.com/rss/articles/CBMimAFBVV95cUxNd3JiaXNicnMxUzZwb2dVanFhb2FYdExJRWx5RDV5dkJmbXBOWUJPME5EUWtWU3B5VGZ0OHhJY2pQT2JtdWFTXzZ3a0ZBenRKZnNZNnlYVjhoXzdYV1ZZbUhLS3l6VTNNRlVqN0JzV1ctV3RtbERmUVRrcGRXQjFocWxCd3VWOFVOeE55RGJjdjdmTW5jNkVkaw?oc=5
MRK,2025-05-12,Pharmaceutical stocks tumble on Trump’s plan to cut US drug prices,The Straits Times,https://news.google.com/rss/articles/CBMinAFBVV95cUxOcS1ZdF9INHZJblo5SGZ5U2g2MWM5bmFldC16RWpyZ3dIcmkwajRXYmJjbEdKZjk4OGtOUHY5LU4wVWNWb3JVTkRyQVNtVWo3LXpMLW5hYkliR2EtbU9hd0lzNUZyMDdYdnJCenpiUC1GN1NjLVZFdDdKVXQyUjB1ZmlwZDRmYVFvYXJoRWhVSG90Vkt1eFJzdF9aWGE?oc=5
MRK,2025-05-12,"Merck & Company, Inc. (MRK) Stock Analysis: Unveiling A Promising 38% Potential Upside",DirectorsTalk Interviews,https://news.google.com/rss/articles/CBMiyAFBVV95cUxNNGFfSGoyWTVUdG90U1B4UU5EVzVia3hTb2RnYl9nMkVSUEtBRXdZWm1uU2NQa3RZYXFlUFJySXRoSlluVEVvS3hHb09GVFE0S1RXT0txTXk2Z0FKQV9XRk5Odl94MzluVlBWakZ0RjdnaE14TGw5bmhoYWdmell2cFF0SjlMb182Rm1fdEgyYW9zSTdwNUtlc1ZiQWFJNGZId09QbkdYNDNwLXIwU1haek5QWG1ZbXBkX0VJS0p0a2J0c2wwbTdnZQ?oc=5
MRK,2025-05-12,"Pfizer, Eli Lilly, Merck Stock Turns Around on Trump Drug Pricing Executive Order. Here’s Why.",Barron's,https://news.google.com/rss/articles/CBMihwFBVV95cUxNZjIxQnRBMy1yejMyWFJkRE56QkkzUEpHY3F1LXdHeGhqbkZZZm9nOGtySlhDRldZQ2R5eTlIUUZXQ2JrU1BmN2hoV3UtMVhndFhIWjN0akZHaFA4STlFOU9SRkI0djFqZkQ1WDZLLVpPck44elhLS1ZnZ0kwRkt1UHFzSlIwdkk?oc=5
MRK,2025-05-13,"Merck, JNJ, Bristol , and Other Big Pharma Stocks Counted on a Price Negotiation Loophole. It May Be Closing.",Barron's,https://news.google.com/rss/articles/CBMijwFBVV95cUxPbzFLLUxoMnczMVhLeFJZajFueDRCTVpxZ0JQclNKNHBOaWZNNm5FcV9LZ0hWVFNxVUJpT0Q3dE1mNUF5UFM2NEc2TFpOTzdLNU5BTjR0Wl9fRExtX29YWkYzUExONXhVWjFzcWRtU2xPaktWbzhvcTJDeGtDX0JqaWVLckRfZkV5TGx5Tm5BMA?oc=5
MRK,2025-05-13,"Hinge Health aims to raise up to $437 million in IPO, pricing at $28 to $32 per share",CNBC,https://news.google.com/rss/articles/CBMidkFVX3lxTE5mYWVjaEFvODh4ZmxkUlVjUnBJcnFObEk1NGh2bDlxaFViWHlqeWMwR05LYzVBdVFEOGFfZFl1aTlubk9yZHdsQURidmpSNGsxMl82Zi1YWDlBNExZbDVKYWw3MnFhMGRSQnItX3EwT2Zqb0djdGfSAXtBVV95cUxNaUNicThEMzhXakdvUFRsOW9qWkt3ZlNPX0VGV19ucEZKRHVQZFAzTWd0SmVxMTU3TTF0RDJqYWZVdXVUN0tnenlYTXhPcmdpMUI2RUlpd0FSUUJvRWFITk4zeUdSZ3ZzV0Vxcm9PbzhVTnVkMHhOdHU0Q0k?oc=5
MRK,2025-05-15,Merck KGaA Becomes Strategic Partner in Peregrine Ventures’ Incentive Incubator,PharmTech.com,https://news.google.com/rss/articles/CBMirgFBVV95cUxQQUdvYlFoVko0cjFPOGgzd0hURkd4TmZySlhyZFpxVk9RejdzWlVWdW9MUVFBRm1VdnN6ak9pd0FWdUU0Y29iNHl3MTdxSTdvekRhVll2cXVaa1pFR3gwZXQyS1FQVUk5MWhENVJ3Wk9TNnZrd1NZNGM1cHU3bVJIOFE1S3M4MUp4dmExdDRLNFkxR1RkTnZub1p1Z1FDVjlmdUVOWFhjMENHZ0ppenc?oc=5
MRK,2025-05-15,Updated: Merck KGaA continues US tariff surcharge but at a 'decreased' rate,Endpoints News,https://news.google.com/rss/articles/CBMimgFBVV95cUxPOXUxZ1JhRDFSbEUyRThIOGpRLXp1M2ZBNm12emNjOTVtdXJ0UVlIaE43dEJWYkN0N1Z2TzNEYm55RDdNTWVCMUNGSHF3S0V3ek9xVkNhVDhISC1UaEJ1NjRtdVdhS1pCOGtocFd0YW1INldaTnZWZkFYSmduM2N5RGtpd29KWkZWd3JJaUJHTjRETUVQXzZLZml3?oc=5
MRK,2025-05-15,"Merck KGaA Shares Slide After Outlook Cut on Tariff, Currency Risks",WSJ,https://news.google.com/rss/articles/CBMilgFBVV95cUxONUItWlVqdkZpSkgxMld3SmdSaHVBY0tiTFFIdnZGdV9XRmJ5T1FaVzM5a3M4Rk0yZUJVbWl4NEpZcVZKaDMwRnd6clhmQnlXOGxYaUpWSmxON1Axd0Z1WVRIcEdScEZxYXdMUGdQWTM4anRQd1Q5NTE1bXpKNUJvb053YXVHQ2dQT2VTZzZUeFQwX05nSXc?oc=5
MRK,2025-05-15,"Merck KGaA cautious on 2025 profit on currency effects, tariff uncertainty",Reuters,https://news.google.com/rss/articles/CBMiwwFBVV95cUxNSzcyeXRpVjQyM0hqc2dNNFktUzJKWUhwcjZzUncyMjBDekxtUGtZaTJOSTFFWGxjVGlHLU5oREM4M2NheXR1YVo4TzZJYXhOS2RFRk5rWkh3LVpkZ3lkQ0RrNTNVX3I5cV9rU1NUblpUTWxFbUFaZlVuVE9aRGtRUmlMenc1R0tvZnM1MWhNZE9xMndyN2NrOXAxazlTQVRtdlNxOXkxVkUwRnRGa3NQc0V3dXh1Vlk5RTBpemRKNTdaTTg?oc=5
MRK,2025-05-19,Merck and Daiichi Sankyo Launch Global Phase III Trial of Novel Antibody Drug Conjugate in Advanced Esophageal Squamous Cell Carcinoma,Applied Clinical Trials,https://news.google.com/rss/articles/CBMixwFBVV95cUxPTjVjUnpjUHBENC12OEluNjNuWkh1WXFpeEpxdFNJQmxiRXVCTWU1ZlVXY0V2WFZ2V3RIdXZNejc4NVJscURyZXpvcDV4S25UTUJWODFrRkttYjR4VHprLVlkQWVPNDJaQXowV2Zzc2kzMXpLTU55MU1zWm9iRkIyMUpLUENlNm5rS0ZVV1hjVmgyVWtoNVRmVG5IYUpaWGhBTmhWVzBQSm9WQVVNU3RZRnlpRzZGdWwxNWJwVGlSWVJZdTdlN0Fz?oc=5
MRK,2025-05-19,PFE vs. MRK: Which Oncology Drug Giant is a Better Buy Now?,Yahoo Finance,https://news.google.com/rss/articles/CBMiekFVX3lxTE50ckxfZHp4UnpQM1FocE0xMUJsaFUzaDE0UEpaLVhPRGM3c19pM1drenl4enB2RHVnQ3JPMWY3eTlqeVRHRC01YTB1NERJZV82UDF6SGMyWDJvTmNpcXZsaV9wQUQ2SW15ZVFzS29FMFF6SldFVzdvZk9B?oc=5
MRK,2025-05-20,Less is More in Clinical Data: The Road to Simpler and Better Trials,Applied Clinical Trials,https://news.google.com/rss/articles/CBMijAFBVV95cUxQWnQ4MWJ0SUhqQWx5QVdTTnZLV1lLYWZiQjR0TE13emdOMG1SODNvWkVnVFpQNVQ0RkRRMzlwSUFCLTV0cG9mOGtoZ3BtdjRPZUhvU1pjSTloV2pwbGVKSktobV9xdUFsb2lsQkg2WURwYkplalVaZ1ZUTTZkQmtyR3h1QkdGQkZGQkYwcA?oc=5
MRK,2025-05-21,"Merck’s Oral TLR7/8 Inhibitor Reduces Disease Activity in Cutaneous, Systemic Lupus",Pharmaceutical Executive,https://news.google.com/rss/articles/CBMirAFBVV95cUxPVTgwck5fZEhXVDllME1XbTg2MVM5d2paakZLOGN0dldUbXRYbnd1LVVvOG1jZExrc0ZZbi1vcUx0dXZ2Z0ZxSHhRTElXUWlPVF9yX3h1SWlRYzRJMk9EMFdMWkQ3bHZwOFk5eWQwLVo0ZnhTdTIwbmF5SjIta00wbkJzVjc4Y3gyMlpxRHJMUnZjS25nYlFNZmZjNUZ0WEl1cExUbG43TUFndGdf?oc=5
MRK,2025-05-22,Samsung Biologics to spin off biosimilar unit Samsung Bioepis,KED Global,https://news.google.com/rss/articles/CBMibkFVX3lxTE1fSlJ2bWVNLXVsVWxqLU00aWdqOVhwQ1NkZ00ydlozZm8wV1had3VONHlOWVJqQ0tmWERPS1BHUkNtOUxQSXljeEVyYWlVV1EyTGd0bEJDWVEzaEU4SG9nTHVkUDFRb0d2TEdrZjF3?oc=5
MRK,2025-05-23,"Merck: Dividend Near A 12-Year High, But I Won't Buy - Here's Why (NYSE:MRK)",Seeking Alpha,https://news.google.com/rss/articles/CBMiogFBVV95cUxNRk1XRHc4TFdxM3kwbHFiVzM0UGh3NjRpajFYYzBmVkJBd2kxb1o0SThxd1Y3X0JIM0JfcUU4b1hFVVFuSFoxM214N2Q1bTM4VzVuNEh2dWVmeUtrTUhSQWxRVmhMc3RhRzc1VVFyU0wwREJZMWxUNTZGbDJQUFd0eV82c2plXzFkQ000c3d4bk9fdTZHSjBRcTF0WjJwbHk5RFE?oc=5
MRK,2025-05-23,"Merus hails 'unprecedented' survival on solid tumor bispecific, sparking stock jump",fiercebiotech.com,https://news.google.com/rss/articles/CBMitgFBVV95cUxQdkU2cGVQQXMxTVNFeVF6cHZRdUR6SVVFMTU2OVg4ck9TRUhzUk1nNzRYVWlFRjhBVmtfTmFWblNZWGw3YnVkS2V3QlhlMkliZzhRZVotTlJxR2ZvSEFIVW9sVmhUWWxwMFNuUGJxWVktdjVZSG1SZDFkQUp1R2tYaW96YTBkdWQ5UWlJeVRtZUs3VWd1N2cyb3ZaRGNHcWFGUDlndDBZMVdrU3RuOV9UNkRYemZzdw?oc=5
MRK,2025-05-26,Should You Buy MRK Stock At $80?,Forbes,https://news.google.com/rss/articles/CBMikwFBVV95cUxQS3prQnlIb3d5ZFV5Wmx6UmJqeHQ4VWNSdkFmSWdYLUFlc0JIc0M4SnJMNnZ3S2lQbzFOcWxfUlpkcVF0N1g3YXNFUC1qbWpWd0F1QWd0WDBkTzJtNWFBc0V3RHQ5X1AzejM3TFdYUUdzUHJYSUplUWROUVI0OXdHV3FZSmhDTFRWUjVTSGNoU1l0d1k?oc=5
MRK,2025-05-27,"23andMe to delist from Nasdaq, deregister with SEC",CNBC,https://news.google.com/rss/articles/CBMiakFVX3lxTFBnb1UzT1hLTEZKdmM1LVB1eUhkRXROdDJBZERJRjR0aDd0WmtwZEJNOGRLYlR1cW1LcWFwM2VJVjByZTkzaHM0UUxuZGh6VnVUOS1haXJVV2tCdnR4ZTM1eTZJeHlqSjJmUlHSAW9BVV95cUxNWUQyTE5qbkd3LWdhRmFpdUxTOGlkXzA3WE8zWGxnZ1pDeWJLN1F6NzNPaUt1U21QMjZocGV5bmtGZVlQcFV3TzJHaXNUQVVOdGw4RTV2aVZIVkF1NFhzLV9WWTlaNTQ1VHJSa0IxM0E?oc=5
MRK,2025-05-27,7 top pharmas posted revenue declines in Q1. The common thread? All are US firms,fiercepharma.com,https://news.google.com/rss/articles/CBMirgFBVV95cUxPUE92dFIta2M4YUVfWE9SZTFHYXVlRjFndVl1dzBRR3BkdHdfcS15eVI2bVkzc2RkdlBfUGEySnpfWnN1Rkp6WDJSOHhHWDJQNG1TNnpSZE4zb0l1WFJxS1NtWmxhM2Z2Uk1PME5kUWN2UDZoOE5LSi1OWmt1MEoxa3RWZVF4YUQydUY4aVY4SEJWTnYweVFuQWJqdFZPUHEtb3J4T1huZlFhTnBlcVE?oc=5
MRK,2025-05-27,"""If Walmart Is Under Pressure to Raise Prices, It's Going to Have Broader Effects on the Economy.""",The Motley Fool,https://news.google.com/rss/articles/CBMimAFBVV95cUxNNnhwY1kwRVk2QTJnRS10Qmh5S0g5MzZjcEVXcTAwdFVwSURSOUs4ZmlPWFpFbWZoeWhENXBTV3UtVEthVEd1LWswa29SajBoV3d5QXBpZm9paFl0WmpjcFk3ZHdOVk1DZnNLLVlXNkNveXZHcE5VZDV1X2owZXlvYjdDc3FkTkZQOVhiMjZJcHlfZ2x6dlR4Yg?oc=5
MRK,2025-05-29,"Post-TIGIT flop, iTeos Therapeutics is shuttering",STAT,https://news.google.com/rss/articles/CBMiugFBVV95cUxOcjZ5MnlnM21sQnZqdS1nZVRSSjJ1T0JJdElqcHhjYnFWQ2dvMmhYVVU0anJNQ0xuWXl1aUU0WDZoX1lGSEVjajNmajRXTE5CR25BS1FlY2RwV2dqeWYyczNZSjlyUDQ1cHVkQXVwdl9SR1hoRWYwU3ZHNTZlNTNjN0U2QXpXclVkakhtU2gxaVlSQVZ4RXJxM0VuS1R6RHN0U2ZtUGRzOE05OW13UzBGQnJ2UXFZekhISUE?oc=5
MRK,2025-05-29,Alzamend Neuro Stock Rockets On Dosing Of First Human Patient With Lithium-Delivery System AL001 In Phase II Study: Retail’s Thrilled,Stocktwits,https://news.google.com/rss/articles/CBMitgFBVV95cUxPSDl3SDNXb0lBdVM4el9BR1BmZ3lHR2VVbVpIdDVpNWpjd1F5S3AteExudTEtMmlaeGY3WnhmcXhWTmdrclFodXB0VWNzNzVJT0NlSU5YeTFBSzZoMXNrMnI0bERzcENoMENuZ3VrMFpZQWozVGRXX0ZkLUNPX0hjZk82OTRvSnlRTDE4OG5QSGx2RkVyTnRyTURCYzl3Z0RULTZRSUJ4OWJoaHhnQ0VpM0d6aWJDdw?oc=5
MRK,2025-05-29,Daiichi Sankyo and Merck Pull Back Patritumab Deruxtecan BLA Based on Phase III HERTHENA-Lung02 Outcomes,Applied Clinical Trials,https://news.google.com/rss/articles/CBMiwwFBVV95cUxPcEtITTdNZ3cxZXVNNzFHSzFtUEVaU01hTDZxLV90ZXgzanlzekFCSnFkWjNJTDJTd1RrZ3lSS3ZoUWtORzdTbmdPajQ1c2VnQXhZemRLQVFESDRLUGQtUlRqTVZwVFM1Q1pieVZ5alhqVTlaV25ETUR4Ykxleml2Z0wxQnRJbGpHM2RwS2lJSFNnSmk4MG1aaWZZNUxxTkxmdW4xT3dGYlYxT2g5OUN6UVRCNVY3VWFsY25Rd1djMGNlYUk?oc=5
MRK,2025-05-30,Investigational MK-1084 Demonstrates Antitumor Activity in Phase I Trial for Colorectal and Non-Small Cell Lung Cancers,Applied Clinical Trials,https://news.google.com/rss/articles/CBMi4wFBVV95cUxORDU2Qm9adW1ZN0hyWGFlbnFLSHN1UWNsX0gzbDJSYXgwZVprZ2lhYVRSQmZFLTN5Z1luYWxFOE51MXEzTEpjQWFxN042ODRwalE1OTQ3V2JMSHhGUnNFX1BCS3ZKcEViTUptVTdPSHdCNEM2OXJHaU9lbjhHNjMyUEJFdEVJNS1HbW51Yll3em01RXNFUXpLNlJhVms0SDFKMkRLSm5fT0E0SHRobG1oSHNHM0VlVndPWmR1ak8yVkVuaHlzOHdjUk84aFZwTUh2cGlfSDFuLUFoTHVrUlExSjhzaw?oc=5
MRK,2025-05-30,"Sotatercept for PAH Maintains Safety, Reduced Mortality in Long-Term Follow-Up",AJMC,https://news.google.com/rss/articles/CBMipgFBVV95cUxQM25ZeFQ2d3Z6dmF2ejZlZl9kdDVaZlJZaVQ0VEtLZWVsdmkzRzFsY3hjZm9ISElUa05pWjNUN2JqbWFGNUx5dHFxRENQRVcwM1Nfel92TFBtOHQxSTh0UEVvNzZQbjNDQ2lmUFdfOU4tbzF0Y1ZWSkZ6WG1OU3hFUXNIT3owLUtDbFFvdTNHZUNpZlc2NW5jZEhXM1hKU00yVXBOdDBn?oc=5
MRK,2025-05-30,Merck CEO Calls Diversity ‘Core’ to Operations as Anti-DEI Measure Is Defeated,BioSpace,https://news.google.com/rss/articles/CBMirwFBVV95cUxPS0ZSZjctN3RmR3dJdVFHTXBpNWdTd0dERjBZWHJ4REc0Q001QVlFWlhhWEdvTlFtbzl3SURPTUFsZ2tYWmljTHZJQ0FleThKVmVkUDR2aTRXaTFDX3dwUFV3a1ZUYUpJbUF4cEQ0NFBoc3EzeDFNVmI3N2tySGE4cjh0WXNRMTVtc2x4R29YV2UtMXJzc2twdVlTUTZOM1FmSmlsVEtRQW9Rd0ItMkZR?oc=5
MRK,2025-06-02,"Merck held talks to buy biotech MoonLake for over $3 billion, FT reports",Reuters,https://news.google.com/rss/articles/CBMi0AFBVV95cUxQRTBCQmRHMHJDbXpGdUdyX2VaS0xxUWRZZVpzWWphS3pYT3JzVUxHWXdJcFAyaTk1V0l6SjkyMFVxVEExU0g5eDNZLWxVR2NHVzFLdGVGSXUxTkxTZEN4a200OGxUeDctcWRYQnB4WU54WWc4ZW4wYXV6TE8waFE4ZUFXQTZ2RjloTTZodkZvLV9SRVJSeVczOGZMREphVUJRY0NScGE5MWd4WTY1X2xRNXZjUzltZS00UXp3dXdYQUE5b3VwWS1Ga05FWmdVOWlM?oc=5
MRK,2025-06-02,"Bristol Myers' new cancer partnership is promising, but doesn't change our stance on the stock yet",CNBC,https://news.google.com/rss/articles/CBMiuAFBVV95cUxQSEdWWVo3b2d0R01jTHpmODFxZGFzcTR4QUdaVTJ4NEUyQkFOQm9nZWhSb1ZPVmlhSXlmbnFQcEJTZC0tbk1jaUNmaWZCelM4Sm9NTUt0aHVPZ0FoaGpwRlB5TjBkckl3VnlEbDRfay1xZXltS2RrVWF1UWtYNk04WHBLMEtYd2lwTUpyNzR2TWhJMDNHR0t6WnJVYS1tOGFoeml5NzJDcFNQWTZSckZZWHU2OWlrNlNR?oc=5
MRK,2025-06-02,5 Top Stock Screeners Inspired by the World’s Greatest Investors Like Buffett and Graham,TIKR.com,https://news.google.com/rss/articles/CBMiswFBVV95cUxNeW5ldkRxWTJSZkxueF9sZFYza0d4bkhGSmZoQk1fellaNFg4LWtJQVRvSUFTMjF6S0VOR1VrVm5LaENUd0Vxenl3dmVwNUFHZE5tbWZudTR4U05tblJuVnRYb0Q3Mk1XY1lVTzd4cm9QWWJfWlJqc1VtbHM1Z1VhMDB6RzZ3TUVGaGgyM09iZGtqcHBOR1R6dzhhV1pZMzB1cUoyVnpiX0FtVUxHbVoxVzZ5Yw?oc=5
MRK,2025-06-03,Merck made $3B-plus offer for MoonLake—and could revive interest in late-phase biotech: FT,fiercebiotech.com,https://news.google.com/rss/articles/CBMiuwFBVV95cUxOcE05ckVXV3NXMlZNd2tjQmUzTGJMWFNCYnE4WWVWeUs0RkpfS1hQd1dnS1QxZFowcFdNMjJmcUtwbFNqMW9HSlRTNFNBNVNaeV9seC04T05FRkxBRlJRZXc2Q2xfZUpya2tDdWN3UWRNNnBhSkFvNXEtUnJJeUlfa3YtTU5FYmVYRWJjWl9mRmtQNmNIbl9DYXdXTlkyS01xQUJtZDhCc1ZwYVZWeDJDTS1BX01WOTRSbWpJ?oc=5
MRK,2025-06-03,Is BioNTech Stock a Buy on Major $11 Billion Cancer-Drug Deal?,The Globe and Mail,https://news.google.com/rss/articles/CBMi3gFBVV95cUxNc1AtOHNKOGRCd3N3ejk5ZExrQ0ZHQTE2YWF5MGQwNWhCc09fSVYxNUY0UHd1Y2MxdkZKN2x5Snh0X3ktQTNJR1ZoYU1IMlNhcGMtdGNWY2p3bnFXajBQdkRyWTNpdFpMQWZKR2szbTk0TmhmX1dBcjF0ZUNXc2k4ZXJ6WXYyelZDQzV3RjNFTVJYdG8za2h4OTVjbV9CenNTUm9ZTzdoOGRQOHRiNmpoMGtZZ0N4aHVZWEowYjdINm11RXdxNjdVMG9SaHR1WHkwWDhHVmNFV0ZjTEdUZHc?oc=5
MRK,2025-06-04,MLTX Stock Gains 18% as Merck Reportedly Eyes Buyout,Yahoo Finance,https://news.google.com/rss/articles/CBMie0FVX3lxTE01OWpndlZYc3Nvdms1bVRib0J1WXdONUw2bXR5Y1FkOU0zZmFGUlRsMkRPYWZ1UHFjekJEWXVZR3JlY05PTHYyQjNtYVlUczBOazlDLXhvRFpweERtUkRGVVV1ckh6Z0xpTUV5VzNiX2pxakRJVGIyOG5qQQ?oc=5
MRK,2025-06-05,Dr Reddy’s–Alvotech deal: Why investors are bullish,The New Indian Express,https://news.google.com/rss/articles/CBMipAFBVV95cUxOR09MYWd2TG16TXdFeEtIWVA2RGxubjMtc2wxX0RsWEpRT1hrWFhtZGJ2bDRKQlVlQ2VMZEN2UzdFWGx6NjdsbDg3cDVoZHZUZmlHMkRJQ0lsTXlPcVozUUx6VHRCY2kwMzhLYVRCNHlmdlJIRFlqRGRiX2xYMTlKQ1V1bDZOY1Z5VEtmbERBbEk0SlBLTGVMU1FRcDgtWHFOeWRFetIBsgFBVV95cUxPYWxSLTdpLXNpS3F3MTdoVXY1YVo3THU3SVRLMEJkNk1BWi1UdHUwVzlGcHZZS1RCcFE5RURBelQxa1JMWWhFQ2VJQ0JaVUlRM3hkZTNYNUlkRWt1TVZKUjR0VUpvQkRnQ2R4aUlRbHRXY1JlSjMwUEtkYWVYb3pBemhnVmc3dWZvMG15bUZQX3d0N3N0VFhsWTg5RnhnclNsdkYweXVxRC1weXpjb08xcW93?oc=5
MRK,2025-06-05,Analyst Says Merck (MRK) is ‘Really Cheap’ But Warns About Potential ‘Bad News’,Yahoo Finance,https://news.google.com/rss/articles/CBMigAFBVV95cUxNaDdfYW8yT1Q1ZXBWaFZOTzE5bGFNNU1OZHhLZUhjbXdnd1JaQmVVTHQtSHlyOVJRUXplRFVDZERlbjhoTVBwTElFNXV4M3pGWF9qVXM2NFZOM2hJdDB5bktKNHRhS3RZQjBnbFdxWTlET0o1b1pwRFNXZnRGaExRZg?oc=5
MRK,2025-06-06,Omada shares rise 21% in Nasdaq debut after health tech company's IPO,CNBC,https://news.google.com/rss/articles/CBMimwFBVV95cUxOUnBvM0ZYSkRuTUJVRW9hdElTeU9nQ3AtN1c3d01xRTZPdkFPdExpUDI0Zjg4Ql93M0E2YUlqMldSZFdkNnBEb0RGMDA2c0o0X2F1UmFqUjhSUExwajBOY24xSms4clRJd1N1OUFMSlliZG1FRWw2ZDNCWXM3dUhjR1lPOWpJckUwemF3LXgtR1BEQ0E0NnJmMGpQTdIBoAFBVV95cUxPOXcyaTd1c1U4UXo3NXdCcnVIZWswR3UyeEhDUFpfcEx1YmRjT2FOMDlSRENURjQ5U2ZneXBOZlhsc1FETk9rZDZ5YkRoeVVkR0dNS0VXMVIyckFNczJwN29DMkRyLUJITHd5VFg1c0w1Wms2SHF1d3hzLTFyb080VDBUZFRtZzdfcm5DbnhUeElxTlVLVnIwUGpYc0RXZDJn?oc=5
MRK,2025-06-08,StockWatch: Report of $3B+ Merck Buyout Offer Propels MoonLake Stock Surge,Genetic Engineering and Biotechnology News,https://news.google.com/rss/articles/CBMivgFBVV95cUxPSWJpQ1hQd0RYbEFxZ3pkT2pmcVNFTWxsamJyY19FTUp0ZjlibV9mMWdZSEF1enEtZ2VQVVNFZGlRWXVFelo4Z093bzlIZ3NsejU2elEtbE1ZaEZDQ1BENzY0SEQtUlJuNkFhc1BuRGZTVDJGdDhZYk16NklRYmNQRW9XUHd5dUZsODR4dlZTT2lJMXFYU1hPU1JjRGxZcG1aaWctQm53ZnNFUEc4M0RBOFZJRHRmUWI1Wnp2elBR?oc=5
MRK,2025-06-09,Merck Pill Lowers Cholesterol Levels. By How Much Is the Critical Point.,Barron's,https://news.google.com/rss/articles/CBMigwFBVV95cUxNMk85QktyNTVodERRYnByU2hlSDRHX0VpY2VVWmRVUTNUUkZMV2xSSWh5eS1mdEhLXzdEZmJRcGV5TFF3QTB3SDZvU2YxUTc5dzJTeW9NNG5UcmZja0lNY05qVVJCaDdnNWZFNDhWa0w1ZTN2MlY0LXduVk0xWFU1d2JIOA?oc=5
MRK,2025-06-09,Merck's potential blockbuster cholesterol pill succeeds in late-stage studies,Reuters,https://news.google.com/rss/articles/CBMiygFBVV95cUxPelp2WVJhYmhISmEzNk1CTDBxMEpEZWNlblNGNGZQZGdwbFR1MzZwUTBXSmllUWJhdmxyNTdrLTFyVS1JQ3lMS2E4NTlPaGZMNU14cFNVemF4NHdRcDdxQ3lnQXV1Z3laWnBVN1FreGRMeG9UZVhmaUkxbEg3ZlBuaXI4aElVelRnVmlrUVpWTHRTT1lGVVBsYWp1bjcwLUZKYV9EdS1sRXJtT0kzV2xNZDFtZ1NjQ0ZYNkgxRUlGNGthcE9ibmdBRVBn?oc=5
MRK,2025-06-09,Phase III Trials Show Merck’s Oral PCSK9 Inhibitor Significantly Reduces LDL-Cholesterol in Hyperlipidemia,Pharmaceutical Executive,https://news.google.com/rss/articles/CBMizAFBVV95cUxPSl9qQVBZdTdUY2QxNkhkVEg3aXVGSDd5Q2FaeEhFTjJnSnFoVk1JSHdZeWp4d2JZVUJBdUVIcDlOUFh2Ri1uSEF4akpGWWg0RHpPS2VFN2poNVpTYWdDVWlPcS00VDlNeWZrTDFMbF9UTWJnaGFDVVkzX1RadUR4QkhwUkVxanNBbWJKMHRROGM3YlZqNXc2WXV0dmtiZmx6OWNCcUJmX05WZnpvcC0yUE1lc3BhTnkyb0RzZGo3VkJQczZILXc5dl9uZXk?oc=5
MRK,2025-06-09,Maharashtra FDA orders closure of Blinkit dark store amid licence issues,Business Standard,https://news.google.com/rss/articles/CBMiwwFBVV95cUxQQ05mdEpQZm9IS3pjcFVHaXlJSl9yMGF5elYzQUJaeS1qUjVIMV9XQmlYYlctRGhwelg2TFBfODBkbGhsX0pqbDVMN2MwOWFoQm1YM3JTX1l1dl9jaTRSOXk2bWV0NFZmMGExcTdVcnVBN1BYX1Y1c1lleW9CTW9xY2pGWWZSS3ZuVkxycHgzb0hNZk9iR2dhRnV0QXdYbDZacGpmbkpXdjREQUNIYzBFaG1pR3VBYnRIZkJXa3p0SVl0cjjSAcgBQVVfeXFMTXVHUUZUQUN3ejlYMm1TY3hNOVNuUGdlSlQ5WjFwNU5wYTY0QkpxaGgwc2NTaVJ6MHo3VlR5TGxtZjJLVWtuRVZMdDBYWkRURkQ0WkpIODF0WHpsckg5dVVRR3Z5UFVCVk1KalRaLVBLeVlkQ2dic0NsTGZVNkdINVB0eFcyazl1U1VfbktiYkVCOENTbE0wVGF5akluYmVwSFJmYUdwal9mRmlmUnA4ZUpBT0dPd2J2NHZCWll2eXAxcHpLaEVxeHY?oc=5
MRK,2025-06-10,Drug companies want wider fast track to get their medicines to market,thepost.co.nz,https://news.google.com/rss/articles/CBMirAFBVV95cUxPQmxDV2hlT2Z0bWJOMndiRHppVmNjbXBkOTdxOEI3WHZ1QURUcXp0NExwRlg1b2s0VWpWcWlQSklmdmVlbW02aE9IeTJQOHl6LVJxT0FUT0h4UUNPQkRpeUp0bm52bk1vU0Q0Mmc4Yk42RkdXQ05KTnFOTmZ0Ty1sa0h4cllYNlVQS0pabGQzQ3h3Ym95NGdUajZsSUJLTmdRdDJkLUZsNkVjeEJG?oc=5
MRK,2025-06-10,3 Reasons Why Merck (MRK) Stock Remains a Top Investment Idea Right Now,TIKR.com,https://news.google.com/rss/articles/CBMimwFBVV95cUxQd2RUdkZLSTJKVTVTQU9KQ3BNVlh1cmhrVnJiMmd3RkRTUWp3WDlUaVdnajh4d2ZrTzZ4Q2g4YzhDc0ZrRnNqSWVvSzBzaXU0eGZSdHhsbGVCb1JzdDJVUzE1YzNSSUh1T1dSRlNfQ0NPVUp0a1g0NXpvNDRveUNNN0VfMWNPa2lwbjloMGZTcUFLMU5FUENDUzRaWQ?oc=5
MRK,2025-06-10,FDA Approves Merck’s Enflonsia to Prevent Respiratory Syncytial Virus,Pharmaceutical Executive,https://news.google.com/rss/articles/CBMimwFBVV95cUxOd2FqMzZJNlNvTTBZV09JQUdyUVlwWWdhZEV3Y1R5YmlKNXYwMU5HUTBHclFRdDh5QU9nVEJmVUxKRndobTl1MzlBWXFaWkNOdjBUZm5rWHNmYU1kOE5xZVZVaTAyemRqb0RJSE9EQllXNFVmOXhLTU1oaXE0QnNabWNpSGdiUUlVTTBEOEZGYWVSd1JET2tjTEUzNA?oc=5
MRK,2025-06-11,Should You Buy the 3 Highest-Paying Dividend Stocks in the Dow Jones?,Yahoo Finance,https://news.google.com/rss/articles/CBMigAFBVV95cUxOblpvMjh3QUktZzdqRm1BWFNlLUhEWnExbG1Uc1ZXWktJbC13X09qYkJMRkN2dkJwVGhidVFhWFpTZ0dQcDVGT3BnRnpiYkRGVE54U19DZHBMNWNtdFhKRFg4VEw1MHJMX3N4TzNCdjNRMFFkZHNKb2M4NGZFMWlxRw?oc=5
MRK,2025-06-12,"Dongjin Semichem, a company specializing in semiconductor and display materials, announced on the 12..",매일경제,https://news.google.com/rss/articles/CBMiT0FVX3lxTFA0NXVmWEI5UkdDUklFVnFQSHJ0SDFtbmlwM1gzVE5fNE5EcFhkLThEQ2VoWEVVQjBULUNPemJMcFlRdnNZakNiQ182LS1xRVU?oc=5
MRK,2025-06-12,Story: India,Merck Group,https://news.google.com/rss/articles/CBMiqAFBVV95cUxNSUJvZE9yWWJ1NmVUSVNvaDh0R3k4MHV0bHlGOGxGeXVwak9YSGJQY1REM1VyQ0xyS0pBVmR3amxtOHg2U2lvX2JRVXdVRnp6c1pTNFpSOVVZSmNxbWhzZHdNbGRxSjRwWmhHSVU4dnFxNEZPYzBTa0xjUEFJd3psT2JHX0NZSl9PRkZrekJHYTJRTDFsWHJfYmRKUWxBbnhXeUFMWGtGUHk?oc=5
MRK,2025-06-12,CureVac stock soars about 30% after BioNTech agrees to acquire co,Yahoo! Finance Canada,https://news.google.com/rss/articles/CBMihwFBVV95cUxQeXA1MGxPQzRUMEF3VzhJTzRSZktweThITnVncG9UNEZyWF9hWHdpWnZCRFpZU3JQdW84V2h2dkhJanFDTEJQcGw0ZVl0YnU1QVlKNEZtQktUb3FnT29paWhnTEw1ZHFhSmJibXBmeWU3dVVZeGFjODFBZml1RHRWdzh2d3BNNzg?oc=5
MRK,2025-06-13,"Jefferies Names Akero Therapeutics, Scholar Rock As Biotech Companies With Takeover Potential, But Retail Isn’t Pleased",Stocktwits,https://news.google.com/rss/articles/CBMi4wFBVV95cUxPeTlKeFlQNTdaT1MwVjYwc0FxNkhNdmpuRGFzWlN3OTJncEgzS1dsdG02V2hpQmxrcXBSZmFVU2UxeC1tX3o3U0k4VmhIQlNmTkFET1JyWHdRRkZnNzBoQmc5NWVSOXRzVGtfY2hKcUhlQURvSm4yRmllRHB4dkpJRml5MTVoLWNWLUZxQXJqeWZxYnFmdWVHajFhOEVmYUpDeXR2Wk0xWUszaHc2bmUteS1ReTJUZnBOLVh4WUxQMWlaNmZWNXRnMm40Qy1aOE43aG1VVUw0Z3llb3VYOG4tNFU1UQ?oc=5
MRK,2025-06-13,"Merck Gets FDA Approval to Expand Use of Its Top-Selling Drug, Keytruda",Investopedia,https://news.google.com/rss/articles/CBMirAFBVV95cUxQS1pWYVRtTjNSdWp1WjdKaHdLYXZPbUFhVS1qVlY5SmVCei1ZTDAzdW9DMTRtLUkyQkhfXzNTRGVsYlluVjhxMEhfa1FZY3RCekZ4d2dob0NucGdBNjhTZkNoRk5CYnFTOEUtejBsR1NQOGhsSk5rS0xJWHJfVnE5OTZSMkdLeE00Q2JjLW95OEo5eVNOZlFGQkEyakZuU3RIekNSbi1waW0wYnNP?oc=5
MRK,2025-06-16,"Merck & Company, Inc. (MRK) Investor Outlook: Healthcare Giant with 24.57% Potential Upside",DirectorsTalk Interviews,https://news.google.com/rss/articles/CBMizwFBVV95cUxPVlV0dkR6R0hLQnp2UnJLTFByNDVoYUZqNVBybkVLWEhSTEZneUdHT05QVXVRVzRpSHhDSUd1bFFFYVhkSXF2OEFSWG9nN1NCeUVIWnpvNGU1NnM2T1VSRFZDaGkzMWNKVW5vNHVlWDAway1ieE9waWMyUXI4LVMtdmpLYlRMc2tqczJqUmYyaW9FNnlKNUkyUGE1amRVbUFpdXNLZ2lnUE1sQklpcFpSNXMybFc3eEJwaGVZRTY2enNlcGZrQkxScUYtV0RpSUE?oc=5
MRK,2025-06-16,The 10 highest-paid Big Pharma CEOs of 2024,fiercepharma.com,https://news.google.com/rss/articles/CBMiigFBVV95cUxQdHpHM0twUGJ6eXJNaHBLOXRRS2p4UnpRbkl5LUtGc3cweEEwLTdKaWkwVTdPbkVRYWllb3F6N2NOV0pZZDZ4eHk2MzA2SDNBcUF6T0ViNXZ1Qjg4VF80T2Y2RERqYmFycDN2U0dEUDhNXzd5b2dIalBCMDhVbFlBRFh0UlVfdV91d0E?oc=5
MRK,2025-06-18,Dividend Growth Remains a Key Priority for Merck,Yahoo Finance,https://news.google.com/rss/articles/CBMiigFBVV95cUxQN1B0dzhGOEhVWlBhRW5hZUpyZVZfa0lhN0NKREhsUVJMZ0s0SWFnRFNmaklpbkFVTmVmcm9tNTlIOGtjY0JZYlRiTEIwZEVoblRNTTk2eWhPZlM0XzB0MGh0MHk5c21yRFlrQ0FZdWVKUnVRXzBsZDN2aTlPTVJIYjNNT2pMWnpBSEE?oc=5
MRK,2025-06-18,Zoetis Stock Is Falling. Why the Animal-Health Company Was Downgraded.,Barron's,https://news.google.com/rss/articles/CBMickFVX3lxTFBNOExyYmR2d1ZxOXd6ZlJfUVdyUExRckowR29VNHFLbFk2LW8ydmNRYzNrMXl5YzFYVkhsRWFZRG9VSFg5ZnFtdWRmdnFhRkNNemp4bE82NnU1UEw3MEIwUG5Ec3A3MUZrNVRtaGJMWnUzdw?oc=5
MRK,2025-06-24,Stock Market Research & Investor Analysis Tools - TIKR,TIKR.com,https://news.google.com/rss/articles/CBMigAFBVV95cUxNVHZQUm1OLXIwZDhRQWtvb3dFeVNKbTh4UGxMdjExdEd6OGVYVXJtTEpDc3I1WnBORW1yVmRZUENpNTFtY3JrQ0RsWk1hUmZVVjdOVDBsck8wMGJDaFkzS2tPQjRRRHBickRXdlRWX0lXeGMxZ3FjSkU5NXd4NzN5Mg?oc=5
MRK,2025-06-24,Lawmakers bet millions on pharma stocks as Trump targets industry,Politico,https://news.google.com/rss/articles/CBMiigFBVV95cUxNUmFYVFV1QkdCZm1zVjdnNUZHak1nMmszN3dmR1M0NDdTcXA3Y3JaZDJpVXVNbDc0NWZDbVRtUHhGMEFfOTQya3NNdjlXR0hHNVQ3YWxrVzkwN0x2UzVtSzhCc2pKVzBhd1oxLXNBUTl0dDVBRjVKRmVzcHAyWDRoNF9MY0xqb0hGMWc?oc=5
MRK,2025-06-26,RFK Jr.'s CDC vaccine panel backs Merck RSV shot for infants,CNBC,https://news.google.com/rss/articles/CBMimgFBVV95cUxObG1maDVnakZLc3ZKeG9nTEZ0MDYzcUpBbUFCRUNRUXVjenNyb0pHenNtVVJLNHFvaVY4b1lwbXo2NVU3YXByOUlJZkZIM1lhVFJmZlBMMnhkUjFlSTNvVVhYX2E3ekVMRTJkZEdRRzk1WkpUUGRXRDk1ZHkxS2dTWXdnUFFtSENDalRGbzVEeUhSNUxJVWZ5X2ln0gGfAUFVX3lxTFBLMmFINUJqbU5uN2J5MFg1N3RDakdjMlFRTUlQUDFySEtYU0xmOExxc253SWMxQ0hFZnRsbEZyQlJkNjFKS3Faemg0RVFDS0JTcVptR1hZQ010NUZjRWVLcGgzMUYyQkYxZjJLaGliLUhHWVpFcGc1dHhKQjR2eFN0em1yQ0duWWg0YkJ6MGxIVGtKZkhqZ0YtTFdhMDdTSQ?oc=5
MRK,2025-06-26,Will MRK's Growing Pipeline Help Navigate the Looming Keytruda LOE?,Yahoo Finance,https://news.google.com/rss/articles/CBMiiAFBVV95cUxPS0FSeG1lWVlZX0pvN0RMcVdzOW9iNjVtZGxqazFxV3JDcGtvbnQ2Rk1RUGRJMkp4dG5FNTY1QWFPem1uMVp2cXdwZE1UcFhSUGhjdUhxS3d1aTR1clFkNGRKd2JfcVdyMXAxN0lFbEt5bjJoaTNkY0NmaTMyeXBiaWRWd0lwY2lt?oc=5
MRK,2025-06-27,Why MRC Global (MRC) Stock Is Up Today,Yahoo Finance,https://news.google.com/rss/articles/CBMiekFVX3lxTE14bWV1RUtueVJQT0hEd2pPLW5fTHA0cER1VlBpaE4zUGY5S3JRakJyZktseEZob3AwbDJkMmEtSVVzbGl1dXhBY1ZQQzJlczd5TWRqLS1wUF84RHpxaUxtOFI3dnUwNlVrNV9yLXc5SXNmMWh6TnFSQzVR?oc=5
MRK,2025-07-01,HDV Is a Popular Dividend ETF for Passive Income. But Is It the Best?,The Motley Fool,https://news.google.com/rss/articles/CBMimAFBVV95cUxPbWRURkNxSEh1bUxJck1vb3BZV25NRXRIaGwzby05bURUVV81MlJfMGFjamdaMlJSWVlmQnJTRWVPdmlKOHhKNUptZXlVRnpOUjRzNEFhQzlMSzg2RG4wcTkyLTQ5Mmx5MF9sWDVJcXRaMmpNdlJYVFVEeFdUUUhTS01PNWhOVlpNNEo4TVVXWFZ1ZmM4aHVENQ?oc=5
MRK,2025-07-01,Merck Completes Acquisition of SpringWorks Therapeutics to Accelerate Sustainable Growth of its Healthcare Business,Merck Group,https://news.google.com/rss/articles/CBMijAFBVV95cUxPYU1iejI4b0xhMzVkVm5pbjZ6RW9aYU9JdnhnbXVNd2htbUN2Tmx4VEhqbkdXSmF4dkxfSERKaXNWZ3FnWU84Ni1Xc29qd29GMXZWWjVMT05US1paSUJwYzhfajFaOG1CRUhoRmpjb2JmdEdPYVZJa1FnSHQ2YnJCSHE5SFE5d1NUbmtYUg?oc=5
MRK,2025-07-01,Merck KGaA Completes Acquisition of SpringWorks Therapeutics in $3.4 Billion Deal,Pharmaceutical Executive,https://news.google.com/rss/articles/CBMiqAFBVV95cUxQa3NBd2xIR0kxbDFWdHRMVGJjQWd6czJkaVd3RVAxOTRrY3gtdDdMSEk3QlVVem1oVkFlVlBJTERZYll0MzlBWEVvWHZ3VDNiX1lvSXgxTUUxOWpfTm92UFRKd3kzS3BQalFEOVRGUHNDdzB0eXNLbmVTaHdIQ2hSeTFzSURia3dPdnFXRXBtd2NsdTJBRDRqMXZudHhhMFhZZl93SE44cGM?oc=5
MRK,2025-07-02,How AbbVie is Engineering Its Next Growth Phase,Trefis,https://news.google.com/rss/articles/CBMirAFBVV95cUxOamRReFdUelFxZEVybk1sOXBMWTRHUXB2TldPYVFhV0VDenRwd0puTFNQLWhrZlN0UTBqM2NKQ0xnNHNqeHlDR25oamJFMElvWWloemVlektVWTE0QTV6YXhUZDZoXy1oRzJvUmdBQnVpNldmUm9TWGhFWUZ2VWR6VGVTLUZPb20teFNjT1V0OUdOX0tYYkg5N2Y3SFJ2NUhUUlVyOGNPMExCTnNp?oc=5
MRK,2025-07-02,FDA Grants Priority Review to Merck’s sBLA for Winrevair After Early Success in ZENITH PAH Trial,Applied Clinical Trials,https://news.google.com/rss/articles/CBMiqwFBVV95cUxOSDhaOEJ0c3BKOGlrYjNJT2RwZlRGNFd4T2hwSl91UmRZLUpxcjBLQ2djWFZhemRTakpTOGNQYVFlcTlDRmVrLU0wbFoyRUVMWHZfbkdPcmlWTURkeld1M2ZSUDJYU0gzQjFsMnlkRTVvcGw0MXFUSldJSFhyVlBad2dxN3F5eVBLbWM3N2xCOGlTamtTLWdhM1g5M21MSjdDcl91Z0FqckVneXc?oc=5
MRK,2025-07-07,The Best Healthcare Stocks to Buy,Morningstar,https://news.google.com/rss/articles/CBMiekFVX3lxTE56SDFINkZFZnBIWHBuYVBqMGR2VVp2akNwOEYwRW16dTdyZzZ3N2w2aERIYXNyeHFmRDhjLVNUY3hnSkIweTRKMWJmcnhaRkpqM1k3a1ZFQjladGg0QzFCbUhrRHVXakFRTmpZWDBGd3JpZ25EU0VFRklR?oc=5
MRK,2025-07-07,Merck & Co.: A Pharma Titan At A Discount (NYSE:MRK),Seeking Alpha,https://news.google.com/rss/articles/CBMiigFBVV95cUxQZmhQTWRUQUFuSjlTVWQ2cF9lU0tvUnd0WUlnM0FTZjdQZUxfM19YQWdsVXNvWDNTNXp3ZDlsdk54ZFA1QjFQM2RjTGtEN2l5R1Nxd2R3VEtlZjdrbllObkRoVWNlZnI3N09tblhJbXlQb0NLVjFRNjlObzR4VEM2TjRlWjZBbHdsREE?oc=5
MRK,2025-07-09,Merck buys Verona for $10 billion,CNBC,https://news.google.com/rss/articles/CBMigAFBVV95cUxQOGNMTHJuRVBMX2E4TGFyQno0S05GdkFzSGNzb3g3MkpzMzNTVHcwYmtlNVZZQWppQWhKUjBSZWVVU0FvV2F3V2pQaEdHYXUxZVV4NXNtNWRyTWJPcG91MDVQbzEzSzhiQ0NGOVFCSmVFNS1zSW1vbTB0ejg4QkIteQ?oc=5
MRK,2025-07-09,Gains for tech stocks push Nasdaq to another record,Los Angeles Times,https://news.google.com/rss/articles/CBMiowFBVV95cUxOT1psUEM4MVZTU3pKU3IyVE5FWGNQblpocHRqYmpDLXBhSHVRNE9JTmtBcE9tMm1LNWRmbm9lVTBsQVZDRXNZUHF3d1E4WEtjNGQwVmcyWmNDZ2o1YjlfUXdZRUlHQTRlX3BIcy1NRjFoLWZnV2ZvcVdOWGNMVVBvTHowOUdyWExFa2hJVTBMbTI5WDk0NXllSE5PRllFcXJIRGVF?oc=5
MRK,2025-07-09,"Merck to Acquire Verona Pharma, Expanding its Portfolio to Include Ohtuvayre® (ensifentrine), a First-In-Class COPD Maintenance Treatment for Adults and Expected to Drive Growth into the Next Decade",Business Wire,https://news.google.com/rss/articles/CBMi6gJBVV95cUxNMGhDd29NTnVMLW9zR1pDVTJGamp2M3ZUN2NCX0NNTTA4dVlSU1d5aHpvbTRZSm4yX24xeVNkelMzN1lkeks4Z1Z6SzN3bmlPMjhxWmJRU09FVEVZbDhwWi1xSklmNlJ2VXFtNnhZTVR3U1NLSFl6dmtnZExLZi1oODZTSE5pMGM3WUltaVFaOUJXTzBTdG9TRWl0SUM1dy1SeFFzVnB3ZjAwcWtndzU1UDQ0SThnNzlES0FWU2dDczAxaW4ta2UzQVJ5R0dja0NkODM4aDVoWTVicC1ocm14LUYzVDFsM2lxdnhzZFIzYm03enpyQlpUQ0FlbG5hQjdZY0h0ZFhQbGg0eW9IMHJzb282V0o2UWhXeVpnTmVoRmpnYWtsQlUzMW13LVdTSEU0MVJOeF9iaGNrZDRGZEozWHNtMUxnMkxOLUdYelk2UGhoZVJrSFhFZE5jeWVWbERrSkRNRVg4dmk1UQ?oc=5
MRK,2025-07-09,Merck shells out $10 billion for Verona in bid to diversify beyond Keytruda,Reuters,https://news.google.com/rss/articles/CBMi1gFBVV95cUxNVkxUbVpJanE1eVNHOTAyR1BRRmpUM0JhcjFfWGtpS3JGV0pmWGV1VGg0RGxrb1VuX1RsTW5NanZZU0JPX2dWQXE0UnlDdUEyV2QxQTV0RTF4YlhPZHRYdXRLSHVqMms0SzRvOS1jNDBzWkFuVWQ0bUQxaFNqXy15UTJoMzdJaVhhaEVYTmNHbHhGNnRFaTdqODJkb01nb25EWlpfMkR1WUw4VnRQc0ZCejVJUDgxVFJKRWlTU1U4YjZFaEExZmU3dDN5SjFKTzRXM2dsTXBR?oc=5
MRK,2025-07-09,Merck to acquire Verona Pharma for $10 billion,Reuters,https://news.google.com/rss/articles/CBMimgFBVV95cUxNMUlYc3Z6aF85TmdtUDAyeHNFWkhBWjRGdjMyR25BZXJQT1dmekRJd3l3c2JOYWtfd3M5U3UtbkNPSmZ1WFF3OEdtR2h2MmNsaXJBR04xRmlpb2ZWTnBuSWFNeElkR0dnTTE1UWViQ3ZfdS1aZTBDRk5SdXFRc3V6VUhYQ2pTU05yQ2ZpV19NWWhmejhSMHFqUFV3?oc=5
MRK,2025-07-09,"Merck & Co. to buy Verona for $10B, gaining fast-launching COPD therapy",FirstWord Pharma,https://news.google.com/rss/articles/CBMiU0FVX3lxTFBuVHFId0ttb2dpbWNxcHdXSWlJTXFOcU5tV3c1MnFEeXRHWnBrN09uSTZDQmkwN3Z3N3lBMDZaU3EtbDZkenZBZWtfbjl4dkdDLV9z?oc=5
MRK,2025-07-09,Stocks edge higher on Wall Street as trade talks press ahead,Chicago Tribune,https://news.google.com/rss/articles/CBMibkFVX3lxTE9EUXBiekxQWXFwU1I2RU51US1sekFhRmswdWFwWXczVHQ4S1FIOEFOTFZodmNrazZUZzZSNnpaUVVuMU9ObkhqNk8xS2ppQ0pRRVRFVkJneUszcEhrMzByNFFUTkpyR183Ty1fcnNB?oc=5
MRK,2025-07-09,Merck Breathes Life Into Its Respiratory Prospects With $10B Deal to Buy Verona Pharma,MedCity News,https://news.google.com/rss/articles/CBMiogFBVV95cUxPUFhiamtFZmp1amJSLTEzNXBsZ3JndkZpX3JHal9ITXdJYXY1bXlOUVJkOThHYmdadE5iTXF1Rkk1NmxpWUNhc0VlUFdIbk0tNmxnMXZfQVZkRXc1b0UxR2RvWTJLRXlTR1FVTG9Eb1RBUFc0ajBlV2I5TktLeGFqdll2Q0ROZkl2Ui1uenNiSWQ1UWtscjlYZmVkc2x4SU1qMEE?oc=5
MRK,2025-07-09,Verona Pharma Stock Soars to All-Time High as Merck Buys Firm for $10B,Investopedia,https://news.google.com/rss/articles/CBMirwFBVV95cUxQcGR3UHd1R0NvY2dRWVJmU1VBODZzMXVZNkpHcU1ZLUFaVHJBc2Y5NGZvaVBSOVlDdUlwV3FGU0F3bTRtMWRJM3pTN3otSk1odlNucGlNRWxLWjQ0NkJ0aTU0UHotbjRQYVlWOV94S2JOVFZ1UXBTaEYzN2RKbVJGc00yR0RKVy04bnBTcGMyTk8zMlF2bXNXcHBlcTUwYS1EaFlpZTVFSmhjNW83NV9r?oc=5
MRK,2025-07-09,Elanco's dog flu vaccine gets USDA nod,Reuters,https://news.google.com/rss/articles/CBMirgFBVV95cUxORmRMZmtud29CcU9IclljcFpRVjJlQzlkTElBSmo3a0U1RlBMVXRFaFk2bnJ5Z0UtYl9MeXhGMjhZN2tSRVBzNVhINkk1aHRuN0hCdkZoX2dQSUhaRU9lOTBOb3hnTDIzdFZXaDE0NUFwR19UWFltX0F0T1NvSW1yOWVVWW1hb3N4NWY3cHQ4MHlmOFZBbmlLblJYMmRwVVJ3SjdCVllPM245YVgzUlE?oc=5
MRK,2025-07-10,Freshfields builds US M&A momentum with lead role on Merck’s $10bn Verona deal,globallegalpost.com,https://news.google.com/rss/articles/CBMivgFBVV95cUxQMndxTlhDaFNDM1BRc2hMQUppWkZYR2Q3ZHhqVmpUODY5LUtQWnlHZDcxaGlCUjBSSWZWLXBNYlV3dnR4S2UwblJfZGw0anJQZW9MZlJCdGdMemJxQlZmbVd2Y1BhSHVlZUlmSmF0YmZvUWF2T0Fsdjc1QlFLVFdxdnpOeXJVOHVrWTBlaWhZdG5iZnNYZVpZRmJzM2F1NUR5dnUwWDJna29QMzRmUUpZNUVHQ1FuZi1FWUJ1cXVB?oc=5
MRK,2025-07-10,These Are The Most Overvalued And Undervalued Mega Cap Stocks,Seeking Alpha,https://news.google.com/rss/articles/CBMipAFBVV95cUxNc0FVSHZfWTV2enNjbFFtdk0tUW5xRGZkNmRwd3NnNXpPRWZabjAtcnFsblA0VkJVa2dRa1lHdGxDcGlySUU3c0Zydk82d3hoWEFrZGt6aDI2cDV6RWJNTUxfRlpwckRSTTliajlHXzVWT1ZEZ0lraUs3UE1yM2lNLUFhZ3RzWFVWT0JPQjJPcE43eXhEMzRlN3BTZVNvWGpQOVRTdg?oc=5
MRK,2025-07-10,"US stock market: Nasdaq closes at record high, S&P 500, Dow Jones rise. Check Nvidia, Microsoft, Meta, Alp",The Economic Times,https://news.google.com/rss/articles/CBMipgJBVV95cUxORWpNdDZXdlU1OGZsVlFPTGl6LXNGUTlGMTFFYzlWSjZtVXNQMkcxTzR6d21MY1BBZmRVYlhNRURIYnU2M0xmbW1faDlaeTBicXJ4UWlzUk82YW5YaXM2bk9aMTZ4Q1Utdlg0QnVnenV3a09xT3A4T0J5dUpqZ1RhOFRXamk5UkVlaXh3T2RUNDRZblZQSW5LR2ljVk5nSXZfLWt2WENvNU9sVDhlUVk1ZXZMT2JZWURxQW1lZGZ6cU15VkREVk1oYTFpdU9CQlNZR3hyQXZyX3B0YVJPdkhval80S0I3c2ZPWnZ1WTR6ZEd1V00tZVlSTGpnS2hlR3U3ZzctNWtydkpWcEJwbW1aNHZrTW5uVGlJOUlvUXlQQzcwVjZKeGfSAasCQVVfeXFMUEtiNWd3bXBWdi1nSTZBdWxMV1RrNjBjNzFuVkFubnY0ckhobjc3S3JTeDhOdFlRZC1KM0Z5Xzd2MnV3Qnhjd2hUc054U2N6Q2ZOVWUweTJySE91T1pmNF9tWEVpazVlLXV2SHBsY1NzQ0xGcnNFNGd3bHNlc3prVkhsdzhtdVBGZ3JHS3dEYjBCUnFJVl9DVFFhbGpIRXFvbllYODItRXBOeEp3MkpIV0VCZ184dmtNYmM5eDRBbDBoNHhyTTU2MnRjZm1GX0pEeXJ2WXZvTDhZQzhmX0FYaVQ2UkxmTU1CUHJzSjJpX0JKTWotWmxvYVZodmNueDYwcEVxVlZKbG1yYndWTGh6MGM2QXJQYnpoLW5FSnFrcUUwWUozdGhoaW9pRkk?oc=5
MRK,2025-07-14,"Building A $100,000 Dividend Portfolio: Maximizing SCHD's Income With July's Top High-Yield Stocks",Seeking Alpha,https://news.google.com/rss/articles/CBMizwFBVV95cUxQaVhMcG5RbHBXbUJ4Rk1OTjJTN0pFQVRXZmxkRUVOLWdSMmRYQTRMSURjQ1hpLVhEX1pEUFZsUEJiR2RSZjhIdmxGWlVQN29MTm1Od2IyM1FCdnZEcGREQ29VYTUwRzVkb3I2bTFCTUhMNENUUmVrdjJ5MkdxVENGc1Vzc3pkM0JhX3FJcnBBSkNubXNQd2RjSjNRZmxmWkl3dDVISkVlRFhuaFU5TzdLMmI0Z3ZlNWRvekFZUEpSQTdNNUtNVzBnVGwzRXVGeUk?oc=5
MRK,2025-07-14,Merck Launches Phase III Trials of Once-Monthly Oral HIV PrEP Candidate MK-8527,Applied Clinical Trials,https://news.google.com/rss/articles/CBMitAFBVV95cUxQQ3FlZXlXZWktZ2ljSEdJMUh1OU9vejhRc0ZOTXBDekhUREZydDBlNmFzZGdWbzhhZGFMTk5pUEk5c2Nmc0NkN0ZQaHlLUTRLbDJPNC1CTUlOSFpIY3JqaWlYa3hCMWkwT1NEUDYwaDB1M1VQaERmNVVLU0QzWG1pTW1zY0k0YlFqcmxZb0RGTEhMTDFYd0FpdHU3Rno3NmZyOTZwT083UGVrcnRqc1RqY3VhMGQ?oc=5
MRK,2025-07-14,Merck Animal Health’s Bravecto Quantum (Fluralaner for Extended-Release Injectable Suspension) Receives FDA Approval,Pharmaceutical Executive,https://news.google.com/rss/articles/CBMijAFBVV95cUxNUnVEVF8tRnhrUVlvbEw5RDQ3eHdQWUFMOFcyemNOT2Rsem9aXzNwcERLWndlcHZxM1d0VVd1RExRdXpidWc0UFFWNkw3OXctc0xKSi11ZTV6ZFR2OGVXT2JTMkh2eXAyNzBCNkRacEFBMEZVcmgwV0M4eEYzV3JQMkVVMzlwc3AzcWJhVw?oc=5
MRK,2025-07-15,A Solid EU Contrarian Play - Sanofi (NASDAQ:SNY),Seeking Alpha,https://news.google.com/rss/articles/CBMihAFBVV95cUxNbG1tS3pWS0hlSlk5VDlJbGw1VXkzZ2h5WjFoVVBOTGpZbnVkOTY4UU5TUzBld2ttdnhtZWpVU3ZkVmJ2R09BZFpQOVd3LV8zLTh2TFdjSFVjN0cxOGNqMjlKMWp6SFU5SDdGd2ZGRGhnOFdHaXItVXYzVHVJcVlfMGNUUC0?oc=5
MRK,2025-07-15,Chinese biotech behind Merck & Co.'s PD-1/VEGF play sold for $951M,FirstWord Pharma,https://news.google.com/rss/articles/CBMiU0FVX3lxTFAtY3dZcUZFNDRhSGl4d2dBZmM0Wm9NeXR6aXlLMmVDdnZlUWI0NmxwVGhpNzFPU25VcHlpUHpkOWpYY05vQTk4THVxbUV5ZndkdzdJ?oc=5
MRK,2025-07-16,How This New Biotech Billionaire Outmaneuvered Merck In China,Forbes,https://news.google.com/rss/articles/CBMitAFBVV95cUxOeDBfTGtBamp0VWJEY2pmcWJCNEx5Vnkzb3cxd0V4Y3gxbHZOYWFUX0Z5RG1INmZvb1lzWkxJYm5WOWlUNVI5aUY3bWZCemFxclNoUzZSajZTQnhxbkMwU1FmbjYyNW1pa25iUWV1T1VnTzYwSjdtUlFBbUttem1aRjJ1a1d1XzYwbUhrcWVLMHBXMFRKNndGclNxeDAxTkI4NnUyX3p3Q3NTd2d5S3Z3X05COEM?oc=5
MRK,2025-07-18,The 10 best US dividend stocks,Morningstar Australia,https://news.google.com/rss/articles/CBMickFVX3lxTE9yRnRpbVlxNzZkZWswQTdmTVoyUHFNVmZ3RC1GZGkyOUYtbElKaS1RaUhYelA2cWFQczI2d2Z1blNCUHV5VHl1VTlPUlNack9pLXVsVW9XcEd1bTFqVldITHkxdmV3UWxtRG1tX3VpeTd6dw?oc=5
MRK,2025-07-19,Got $200? 2 Dividend Stocks to Buy and Hold Forever,The Motley Fool,https://news.google.com/rss/articles/CBMilwFBVV95cUxNLUlwaU1PcmtTUlN4aHJubXNLMnZLaEpGQjlRQU9nblI0X0ViYVhfSENFUV9tRGJlck1OTXBoejVYdll2Z1N6cmYySVQ0SzEwN2tqbEJXNXptWVhuMUxTZDQteHhkTHlodGxJRGtkMHhZVHppM1hWOWZOTWRCUHo0VzJ3V3dZbUxucVBBbG9YSS12ZC1wYURz?oc=5
MRK,2025-07-21,"Veeva Systems Breaks Up With Salesforce, Then Woos Merck",Investor's Business Daily,https://news.google.com/rss/articles/CBMijgFBVV95cUxOckZ6ZzdSRDRGZ0o0Y2dJLWJQZXdKZ2F3REJLRmdaa1YwY3Z0YXNfWG1oVFA4Mkh1Nzk1Rms1X01pX3lvNFEzRVlCOEVfMEhiWXJIY2ZEaFhwWVNfcEFETjFHWW5VaHhrb3p5eDNoZUhxNTBaUFh2YlJPdGFCSkM0Q0RHQjBtMWluQ01WYnN3?oc=5
MRK,2025-07-22,Merck (MRK): A 4% Yield and 47% Upside Make This One of the Best Bargains in Big Pharma,TIKR.com,https://news.google.com/rss/articles/CBMirAFBVV95cUxQblJpRXRucjJqd3U3ajI5TTF3N21UNVlvNXl1R24yZkFDNVp4b0xVaS1kUU5oOXRCd1NmVzQtNmhfemxLTWZZd2FocUtfZF9UV3NFbTNYMHpjRU91OVhZX0wwa0duRFVoS24xOUlSbU4zbks3NFB4R3J5azM4ejNaVHEwWFFQSmY2b2dTMUR3Wngxd1ZOOG51U05XSkdGMGRnT3VqZ1JfRV9BWUh0?oc=5
MRK,2025-07-23,Abivax stock soars on trial data for ulcerative colitis drug,BioPharma Dive,https://news.google.com/rss/articles/CBMilAFBVV95cUxOYVZ1Ni1JRWhNeDZmYkJDOEU3T1B5VU93UDFTS1V4Y2dlVmZhNzN5c2FXMWZ0a3I2ekh4SWc5Mk4wNU1lZmNMaWhob25WQ0tYYmRCaDJoeUpVbXVOWk8zYjZMYWlNdUZJRWE2MV9xOGc3eGxGVWc0M3ROV1QzSnU5SktnVXFDRHpnenJMVzd6dXA4XzI0?oc=5
MRK,2025-07-29,"Rahway-Based Merck Stock Drops, Layoffs Begin In $3B Restructuring Plan",DailyVoice.com,https://news.google.com/rss/articles/CBMiowFBVV95cUxOZWs1ajlIRm82bEtMVDFNX055LUs5TlBWQW9wckJ6LVoxaFlzYnpnMVJiV2dPcUp5SHJIVW1sczBPWjJERU1hc3dpR290cTlEU2FQLVFWQ0h3enNEVUM1NGdXb1ZDdTN5bXU3SFBaM2ZCRjM0VDRhQWRjVGotcDR0UXp2bUpfSEVqeGI3Y0FCSU15NjNLLWdLTTYyU1c3MHMzMUhZ?oc=5
MRK,2025-07-29,"P&G Open to Acquisitions in Consumer Health Care, CEO Says (PG)",Bloomberg.com,https://news.google.com/rss/articles/CBMirAFBVV95cUxNclAxb1hfY09vZ2ZSeE90UWU0djNJVlZFeURnbmNOdG05dHFEQnpaUGlqZGRENk9KaS1GdzBvN1k5X25WTzVtWkVkd0tqWllWWjN4NGhvNlZIWlc1elI4SlFFMGU3Wl9DdzFOWC1NM0JXLXBwR25sSUxZdDZ5dmt4VE4wVURKY2lKbmpxR1RaaVVxLXBGNGpGS3ZXMEd2WmJ5aGRjdG90SkwwZEhz?oc=5
MRK,2025-07-29,Trump's pharmaceutical tariffs could affect some drugmakers more than others,CNBC,https://news.google.com/rss/articles/CBMipgFBVV95cUxPMGxCdko1Vkc0TTA1dmhPeV8xZVhQTE1VUjRGd0NpWHNCdlA4OURWNV9rQ3FjVkUzRE04OGdZeHBrTjN6LWNsU2RhSTYxYjJFblRmSFdnTmFlcWpzR0szY0s1cXlCNXFxSzliY2lXVUZpUllLSklWdjFZeEtLTkx0Zm5iUWUwQkdMZHRrdC04YzdtcTlpeURySWZSNGcycDVacGQwVVBB0gGrAUFVX3lxTE9Zckgxa0tnaFJlZnB6Z2xneEx0bGY4X3ZHd3pLYTJFQm55UUhtTFpTZEtOUWJFUldUcTJRZW8xWVNKMjRxQ1JBVzZiVkxTS1JCemFVa3MweG4zekt3UGxxdGF1Mm00NUJWYUxaUkQ5X213aTJtd2hlN3JsQjREeHBDMlJhaGJaQUs3anJsa3psTW1MRV9uQXFpXzZ2XzRRWTZNZzR5V2hGNWdDcw?oc=5
MRK,2025-07-29,Wall Street edges back from its records as a busy week picks up momentum,Rocky Mountain Outlook,https://news.google.com/rss/articles/CBMiwwFBVV95cUxNNVllbm9sMlZZVU1Ca2s3ajc5MUlkS3hLemFLTFFKVkhXQjZwLVBrbU9QQ2NuQ2NUUkpJQV9sQ1libmtsOW5kUDFvdjQ5aGxsWDc0MTl3a2ZTTnp2eWQ3NlBRTUlmb0h6blB5eTNqVnRMNmlkTnBDUl9aV0ZzWlFZZjJsZWxNUkg3bG1ZV0gwUGVjQk5icW5ydDJQYm01R0hndXRrdTZPMWxJWXY3dUh4ckh1c2h2YWZyUTVtNVBKWmpVd3c?oc=5
MRK,2025-07-29,MSD shares drop 5% amid plans for $3bn cost cutting strategy,Pharmaceutical Technology,https://news.google.com/rss/articles/CBMiqgFBVV95cUxOeFE2OXc4emxFZEJCYWJnd0xVMENKNHhhNzRLVndjREw5ZFFwY3p6ZGZic01FdGtHSWtLTnZONDVRTkw3OUxyVzdaZGNGQXczWUtTMF9HSWtQeGN2R1E4UnM2N3VwTEs0cmljVDdpT0Ribkcta2hPbG5NaHFZZGMwUjZBZnRHcU16cWNhZ2Z1cnBYMU9NenEySzdYbHdyRlh0bU9LQWdpQU9ZZw?oc=5
MRK,2025-07-29,Merck & Co. CEO Robert Davis goes one-on-one with Jim Cramer,CNBC,https://news.google.com/rss/articles/CBMiogFBVV95cUxNdUR3S3FDU0w1TEtWTUxpY2xLQXg5cUxwRHg2VnZ0bUFMcnRxQkwtX05IRTV1c1BkNjRsYy1FQXFTRm41MndaMlgwQjlETGR3WTR2eTZPQkpSNE9JSnMwbTE4V29lNWlwc19vVVhoWFB5QkZCZ3JaZHM0MHd0WE4xd0lGSlVRR3F5TmdfVzFVXzFDVWhkYjdZZUI1ZEppRk5zd0E?oc=5
MRK,2025-07-29,"Merck to Reduce Costs by $3 Billion by 2027, Plans to Reinvest Savings into New Growth Areas",Pharmaceutical Executive,https://news.google.com/rss/articles/CBMimgFBVV95cUxOUjZSTTBObmpDUDVaRnlmVHo2T0FaV0thclBQZ1M1ZTdtOWcwbW9NZ2hWMTNzT3UzVzVITUZHMF9YeWNXUFA1ckFnOWNMZ3hUdERia1hiekpVOGFSdGp3MWZuYVJYRGdLYU1PT3NPYWdGcHEydDJMbGNISXhWMVNlTjVWbzNZc2lhRkFoQV9WTU5CeXVzcllEWk1R?oc=5
MRK,2025-07-29,Merck’s (NYSE:MRK) Q2 Earnings Results: Revenue In Line With Expectations,stockstory.org,https://news.google.com/rss/articles/CBMiwgFBVV95cUxQNXNfQ09MQUItTC1EVHVSQWVWM1J3SlRDRC1QVmQ1Y0RuNWh4Mkhqc1ZlN0kyS09Kd0tVTHZQbXMwcU1UcnMwRm1XbXBoSEozTGRlSUZrZTJHMGwtODJQRkNWeHZ5Zm5CUHNKc3pfMnJhYXVUX3NIV2xPRzRCSWh5aGtrV1dyY1VCZ1pzOWRVaThsSHQ1SVdEVFRGallkM2lXOGRyY1ZxSHhNVldWS1l3S05FYWFrUnAyZ2xpNUxFbjBCdw?oc=5
MRK,2025-07-29,Merck plans spending shift to boost business beyond Keytruda,BioPharma Dive,https://news.google.com/rss/articles/CBMikgFBVV95cUxPQkRlaUhBWEM0Qm5KdkR3QXN2WVBpNXFWaTc5VENBMHNlaE5YWnVwb2x2VUtSMEZhcUExYzFZbk5qc1VjVnQxM19fSTlRVjZCUkdvUHduWkNaUFAtMVlCZWNVNWozQ2ZHYnBzZkZJdGZ0cUNyYXo3ODdtUmlVMnY4ZERFWm9LQWw5S3lIam9iUTNwQQ?oc=5
MRK,2025-07-29,"Merck plans $3 billion cost cuts by end of 2027, narrows full-year outlook",CNBC,https://news.google.com/rss/articles/CBMiekFVX3lxTFBwTkNKSWx3VUtjNW90MnR1VGt3V3hrWHJVMEZBNEtmdThHXy0wV0t2RVNOazFmY1d5cTB1ZExpZC0zXzA4QmxtSFNDRlN5V2taY1hnZDRtak8yWGlMQWdhbm9pU2NEUy1oMDhOdG5iOU5qSVBWMllnY3ln0gF_QVVfeXFMTWt6OG5xdjVUblkwYTkycEszem42S0VPbUR2Y3VzU2VjMkFvMGxDYi1GX1BWb1pxUGxuaXA0aDBGQ2hCR0tUdzE3TWRySzAxVHBMSEN1N0N3UWxtdjJacHRqcmRLU3FEN3gzOUtaT3JHQloybU84MlMxZ3lxa1pJUQ?oc=5
MRK,2025-07-29,"Merck Stock Falls After Layoff Announcement, Gardasil Sales Drop",Investor's Business Daily,https://news.google.com/rss/articles/CBMimAFBVV95cUxNMzNrRUJWR3Q5UW5JamZVRDZFZFBpaTk3YVpHS1FNR0gyTklzUnRfVjB6c3pOT0dEQ0xUX3ltQ0JRaTNsREtYblVuMUJOY2YyS3VBQ1Y5RDBTRFVWbzR5cXhqZ2c2TVY2eTFYcWVVS1c5dURFNll5bllGQXRiMXh5NWRUS29fanpvM0tlbjNOV0Z0SUJnOVQ1Mw?oc=5
MRK,2025-07-29,Merck Mounts $3 Billion Revamp as Keytruda Price Pressure Looms,Bloomberg.com,https://news.google.com/rss/articles/CBMiswFBVV95cUxQYnpVaVdfU1VwYjRUcEhGak55elAteG50dWZnZU11aUN5SnVzZGVYMVQ1eEVTUXpGREN0d0RFRnJvUWtreEthU1hLblkwdDhDeDlNSFRIQ25PdmY2ODQxdlIyb1JVVWdJdUpEZDNkdTBKei01SnltdnhwNVNFTXlQb1pGM0x1OFlPbDNHR1FHLTdRbnpDUWVWMmNXUGxwMGJGSGljNzA1TlBwTzFDd2pxSjYtdw?oc=5
MRK,2025-07-29,Merck Stock Is Almost A Classical Benjamin Graham Investment,Seeking Alpha,https://news.google.com/rss/articles/CBMiowFBVV95cUxQMVBWVU5WSEZzRFAtMzdkVHZ5R0E0aHZ3Ql9zMlpCdE9ZOWFYYVB3ZTc2RmdXWGxOZGNuSGdWZGN5dGdkRl9USmZGcVhwYVJIdERjMExTTEFCRkg4VWlfZHd3MkQwNFhySFVPRHV2aUdZYzNYRTJIdmQwZVBFcTdFWjRMdTFiUld6TE5ha0p3bVNKeVdMS2c1Mzc1b3lqemlZN000?oc=5
MRK,2025-07-29,"Merck extends pause on China Gardasil shipments to year end, shares slip",Reuters,https://news.google.com/rss/articles/CBMiwgFBVV95cUxQSktPbHBnYUJFSnFfdUZEM1RXV1VLb2Eyc210eWJFbTVtSXFCMWNTbTBlWk9BWG5BZGlHMFRYVV9lQVJHZlNvY0tRRm11YzFqUm8zbFpZZUcwNWRjS2R2OWoya19LeUVJOGZYZWZYMF8zQVZIRjlEVmpyN3J0N0FxemJDWDNGZUs0RmxTNzl2UUVxYUV2Wm1OTFdudFZMbXJKMFRXQWVGM1BTU29HbjZlejl3cFl0VWNoV2FTUnBlMjV6Zw?oc=5
MRK,2025-07-29,Merck Earnings Beat Analyst Estimates. Why the Stock Is Dropping.,Barron's,https://news.google.com/rss/articles/CBMid0FVX3lxTE05SnBQMlBWNWYwclJmNkV1dF9sdXVQaUlvX0JoZVFfX0JibHFpU2xBUmozak44N3c5M1lDUXZVTWlYY180b1p5a1lES2dyb3JLaHZxWk9sV185TzAwOTlZeHZzSEc4WmFEQlpia1F6Wjl4QXhEMElR?oc=5
MRK,2025-07-29,Why Merck Stock Slipped Today,The Motley Fool,https://news.google.com/rss/articles/CBMifEFVX3lxTFB6T2k2RF9EZVNzSmZaS0J3UVVFR2tGNUplWnUwMjRfQjc2SzN4b2UwYlRFNDE5Z2luSkNqT2l6ZFlERE93eXdtVzZWNk90Z0NNM3BRRlR5Y2xHbkdleENrc2ljQnIyXy1OSVNMZGZqNzVSTktuN0lJOUJ2MTY?oc=5
MRK,2025-07-30,Dutch biotech says its cholesterol drug shows signs of preventing Alzheimer’s,STAT,https://news.google.com/rss/articles/CBMijgFBVV95cUxPMUVaZFkxcHNFSzNHQ0RVZnl3WGNWUWE4WTVfTWljb0NleHUtcUIxWmgwMWlYTl9oZGFHUlBtYkhDOExWVkFqOVhCQXZvS083WVVvSUZJMUpobTA1aVlsRFFRbDVYUVZQWGZHYzRsaG9BWmd2cnhXdk5OamowaDBTQzdhT3BvTG1tYUszR1R3?oc=5
MRK,2025-07-31,"Investing $2,000 in Each of These 3 Stocks 5 Years Ago Would Have Created a Portfolio Worth Nearly $135,000 Today",The Motley Fool,https://news.google.com/rss/articles/CBMimAFBVV95cUxNRGNhTXA4NXZBM1B5ZXkxSmJxVUo2Q29qbEdXTTBjTVZUNGV2V0R0V3NEcjN5WVNfaDFEZ1Q2WjFwNURKWW1MRHZmTDVmZzJEbEtpMHdYUW15RnplMVJIOU9RRVdkZk03Y3dabEYxRVhTWEZuSS1ESGlYcDdMV3FsUHNBQml2bVRDTDIxTGJiSXhmeGt3RmhQRw?oc=5
MRK,2025-08-01,"Merck to Cut 6,000 Jobs as It Aims for $3 Billion in Cost Savings by 2027",Pharmaceutical Executive,https://news.google.com/rss/articles/CBMihgFBVV95cUxPS1M2Q1c0VmdEcWowMU5yaHZGTmk3alh5SGtTekg4dGZmVjNQMWZjaS0xYW1XQUhlbTZRUHAtaWhja0p3bWVBbFZKY2p4U3BtOTBxbklfZGdQUnU4OVJrZURCVHVyWmhGVG9WSnhteGR5ci1GUE5FRjYtVWdUdmFna0NXOWJoUQ?oc=5
MRK,2025-08-04,What’s Next for Pharma Stocks After Trump’s Drug Price Ultimatum?,Morningstar,https://news.google.com/rss/articles/CBMikgFBVV95cUxPYTJCbUNBZ3dIMDFNMk42QWE5dm92TUppVk4xUjRvTEZwV3VfdVZ1QUlIZHRYNl9XRWpQZFVNVFdQT3VodGZ1Rl9LVXVUeENVOEptbVhHZzBwbDN5dHZfNk9aaU9UY1U5bnU2YnRrdmh5N25MeWdYeWRfZk1td0lHMDdVYVVGb25pdS1lRG53TUJjZw?oc=5
MRK,2025-08-04,Merck completes sale of Surface Solutions to GNMI,European Coatings,https://news.google.com/rss/articles/CBMiqwFBVV95cUxOREhWU3pNVlZ2dUVtTnhzSFJxdEhLWW1qdUtJNTZuSklYMy1TRzVXQ1BwT0FUZlB1aC0zeEJYLTF0MWpwMnRHcHRkNEdOdWw4eHNUOEJWRFQ3MkxtMGRia0VDcUctei1JVE5OU3BzNV9FUDExcGVwbXVnUnVnYk00VnV0cDZnY1M4NC1TdEs4bVN0aGVwamstcEVENmdPSFMyb0ZYUmpjQ3pDaHM?oc=5
MRK,2025-08-07,Q2 2025 results,Merck Group,https://news.google.com/rss/articles/CBMiakFVX3lxTE9hZzNYbGtXQzMwelp1d01aSHQyTWNEYzFjOFJjTlBoUnBrQk5Scnc4T1U4MHo0ZEx5TlVxUVE2YU5UcGpSaE9rSGVabEh2Wmkzek1fRkpwOGNzQUJWbHIydTNFZjY3UHRjUVE?oc=5
MRK,2025-08-07,Struggling US healthcare stocks endure rough 2025 but draw some bargain hunters,Reuters,https://news.google.com/rss/articles/CBMi4AFBVV95cUxPemNMcGMwckphWEMwNmkwUmJUYm9vODBJNXZTUEsyWmVyWHlGcTZ0eng0ZUNTMUFiTFZGM3doQlFhcHhfbkxGSnJ5Q0JjcHVTXzRUOVVyalhuZmR1TnBtMEpzejRFY0pmNFlfcmpPV0Q0OFdpZG41b19kZktmWGRPaElGczlFeXNQVkt2U2wyN1F6cm5nV3ZxdFVTSmtrY05ob3RRWHB0OXZLaEprNTVFZkZoTVI1S2RjRC16Zk45c2d6ZWp3UE5MUDE2UGlKeXh0VGpjWWhkeld3TEgzeDhybQ?oc=5
MRK,2025-08-07,"Germany’s Merck Raises Earnings Growth Guidance, But Turns Cautious on Sales",WSJ,https://news.google.com/rss/articles/CBMivgFBVV95cUxOWmNWYUEyWVltVkE0REY4cno4VEFBOHRJeU5lWG41aFlGZjFDbXpQTkc3d0Q2d040VmFtVks3TkJwRDc1all4RkN3UkJwN21CbF9IMzU4dFNYSlRVR2hLNWdoMlkzRkxWWTR0YVFKLWFTaS1tM1paOXR0bG82RWxqdjFHX0JUMzU1aXFGVlQ0ZmpBT0wwUXRKVlBobVdJcERYOEJ0aFMycXVoam10TkpuMWkxdlZkWEVKcnEzSXBB?oc=5
MRK,2025-08-12,Summit skips routine quarterly investor call as deal rumors swirl,fiercepharma.com,https://news.google.com/rss/articles/CBMingFBVV95cUxNNXd5dkd3NHM2NjdoUnBUbnZXd29rQXNZQ3N5dll3ZHdQX1ltOV9qNS1RZ2xoLXFnSGM5ZFBLQTc4aGJUTlBqZG1DTHpGLUI3YVdEWjQ2YTFUbG40WjF4V01pRnozaEJReFdBOU41ZjA0R0szYnMzNzFOSml2bVZMMVk3YXc2MjBlQTlDWW1lVG9QNExpcXhrS0Y0UjEzQQ?oc=5
MRK,2025-08-12,"IO Biotech's cancer vaccine shows improvement, but narrowly misses study goal",Reuters,https://news.google.com/rss/articles/CBMi2wFBVV95cUxOd1RvaW55T0ZqRFRQSVdCblFHRXNjM1Zjdl9qcFlOVnRqTXRHeDhBcVZxSGRWSGlQSkoxWVo4Nm9qUXJRUzlNZ2hRRUJ1LWJLS2NjMldwTHdGdUZWaGZRcEZVbkxXM0g3OE4yMFlyLXZaM1ZjTjVhVWN6cEFqeVQ0elpHeDhGRzBxV1FlNFhuRUs1c3JMNWpEUVlEa21fR0t4MjlLWHBkQ3dZYU8zSHM0SWdjVWJ6MEdyand5and3SVZtcHl3dWs2c1MwOVQ3eEUyUmw3VVBjQmY1dm8?oc=5
MRK,2025-08-13,"Merck begins 8% workforce purge, laying off 58 at its New Jersey HQ",fiercepharma.com,https://news.google.com/rss/articles/CBMimgFBVV95cUxOUmRaemlhNFJKa1VZMlI1aEhoMi1WczctU01uZkRDOEYyOGlkcko3UDltLVpaMjNCcGFIb1ZaYUtlT0FTOEJoVU5xYmpqYk9QaTA2LVg5OTJrZmxjd0lpY051bkRwU1Vjc2JMdDhfcmROSlljVlB6WU0tNnlYMGRiajdKU0M5VXVuMzMxSXNoUGgwV213X0o5YjdR?oc=5
MRK,2025-08-14,Layoffs Continue Across Biotech Industry as More Companies Restructure and Reprioritize,Pharmaceutical Executive,https://news.google.com/rss/articles/CBMiqgFBVV95cUxNOGZ0azlUZ0Zlam02TnFvZnJuZGtVVzBTUDJ3Z3dObkEwTk1MRGpMYkNHdGVJTUwzWTdFaE11X0VPUXJ2ZkdidE9HVDR3U3ljT0pYYWV6eXpyU3QtNS1UVy02UU54MklrNlA2SURqSEhHVUJZNTA4VDU5clBMekIzSTQwLU1uZGZzSXdSR3E1ampHS0hGOUgzMmVZT0JtMjYzQ3g5TUdKYkl6QQ?oc=5
MRK,2025-08-14,"In a financial fix, Sarepta sells Arrowhead stock",STAT,https://news.google.com/rss/articles/CBMigwFBVV95cUxNbjdqY2FMTUlPNUpQUUJvTmhwcTFoZF9YQnJNVHlRWjZRRV93ZnZVQzVOY3M0OGxZX3RxMDZTWTBiNHFhcnpRVFNqRTZ0aDlzOERtQUxfS2NlQnlTREdWbU80cU1ZMl8tWkI1bFl0NWVEWWZHMk92SGNwYXp3M2RWUTBoRQ?oc=5
MRK,2025-08-16,MoonLake Immunotherapeutics (MLTX): A Bull Case Theory,Finviz,https://news.google.com/rss/articles/CBMiigFBVV95cUxNWXo1MWVUZGU0UXhaMGl4bnZaN0ItckNVeDA4cjJRQkNfbkp3Nmh0OTI5NlJVbl9RU21SX29XNG1LQWplcURTTU16LVV0Q3M5T3pzX0JHQTZ4ZXBNZFlNTVVtNFR3Wlg0SklLS2xndXBzdGUzTnpjT0tEMnhTa1prQTlaVWZfUEdtZFE?oc=5
MRK,2025-08-19,"Skyhawk Therapeutics, Merck KGaA Strike Multi-Billion Dollar Deal to Advance RNA Therapies in Neurology",Pharmaceutical Executive,https://news.google.com/rss/articles/CBMixgFBVV95cUxNcWFpeGp3WnVlUTVNVng2NUx3R2hfRzdsZEpBc0J2bUw1VDBGQ0ZjRkkySUx5eVJxaFF4dkpfMk5fSE9pWEt3bXBIQVB2TVU4Q2xXMHc1ZGtLd2pUTUw5RTd5U2ppRjZDdVNSNnNtVHk3ZEFCNWhfMTNkZGhaMERTSG5BS1IxaXg3Z3V3eERtQ1F2SldCcmtBdEdQMUtEQVAzaWdCXzE2ellXQjFBSUJhd0xxM0UtQTZ0MVhlOVQwQUVhUkwyREE?oc=5
MRK,2025-08-19,Several US pharma giants stage Q2 sales turnaround after subpar results earlier in year,fiercepharma.com,https://news.google.com/rss/articles/CBMilgFBVV95cUxPVlNuZi1EYVB5aHVkTkp1bThiTTFSOTJPOHgzOWhfdEJlSVdPNVphQldJLUFVWGsxazdnRmI4b3hUaEVpSGtKWmY0MkFVWkd4WFU4MDV2bFgxNktMRnJkQ2tTZ0g1N0wzUjFEMjFpS2hBR2NQSkJxNlJhSk44a3R3cWZ4aS1zdEZvdm13ZEJhbm1fc0t5amc?oc=5
MRK,2025-08-19,"CSL to Layoff 15% of Employees, Close 22 US-based Plasma Centers",Pharmaceutical Executive,https://news.google.com/rss/articles/CBMiiAFBVV95cUxPakFBcjJSMkFueS1saUdXdGwwN1F4SlRaUWttdkgwQU5PUnZhV2RwVDFhVDlJMVExOTN3WlN1RjM2OC1TYWZpRzE2RkJiOERzMDR6Nm13VjFrSHpDM25NendmSVB2STdCZ0g3eVNqbE5NZjVIR3JIZTloUV9PWlhLbkc0Z1ZBM3lf?oc=5
MRK,2025-08-20,Kennedy Claims AAP’s Vaccine Recommendations are ‘Corporate Friendly’,Pharmaceutical Executive,https://news.google.com/rss/articles/CBMilwFBVV95cUxOanEzbi1Nb1UzRjJlTnF1YnlJZXZqTUlxYjAwb0lCTS1MUlRwQW0tUkJnRndCY1RCMVcxVUZjZWNMaWdQUVZJN3JNQ0xzZlZ5OUZZbU9GWWVqZkl4alZzcXhOZ1FGTUMyZnNHVXZXZTJvMFc2N202WHRESzRYOU9JczFxUjF5bkMwT0FLQmUxWGYzV1FRTXZ3?oc=5
MRK,2025-08-21,Immunotherapy Drug Shows Exceptional Response Rates in Rare Melanoma,Managed Healthcare Executive,https://news.google.com/rss/articles/CBMitwFBVV95cUxOMGR5U2pVUGZSSXZ5VVBhQlRQT0laYlBKNElHSDRLQkM1WnB5STNRUnJwRnk4dXhwdnVoVjZVaWdKZS1GOHEzMjk4c09IUW5qV0xrakpBSlVxaXNwcWxBRVJRbmEwN3pyREZRWWRyUko5Q0N4ZlkxMzhIM2IzWGtVYm1nYndIenc3V2pka0lLaC1CQ2ltOTBNVTBkYmdLa1dmVkpYbHRhTWxhRjJOelJHODhpbGxnYlk?oc=5
MRK,2025-08-25,Exelixis vs. Merck: Which Oncology Stock Is a Better Pick as of Now?,Yahoo Finance,https://news.google.com/rss/articles/CBMihAFBVV95cUxOU0tXVWJhSXM1bWM4d0xJNlZkRkUyZHBndjVkSHBpS3NRZ0NiUkEzVXJqUUFyOWZOdlIwYzVXeGwtbXBHZ3B5VXlMWkZSWGxBZFh1WEItdU1jN3lnWXE0RW5tUmZYZnRrLTFTNkYwMURWRVM0b0luQVc0VTByNHVvTXRBT2Q?oc=5
MRK,2025-08-25,Zoetis: Why I Decided To Invest In The Stock (NYSE:ZTS),Seeking Alpha,https://news.google.com/rss/articles/CBMihwFBVV95cUxQWHhpc0hjbVFYaklDNG91QW42TnpOUGl0X21zZUtfYVhEY25SX0h1VFF0SjNHUHBhcTRGcjQ3dDFzYXl3VlNaS2lUeUNOdUttaEZ4cFVMMWtUTzlZci0taktlaXNta1JQX0xiRVJfU3lONXd5Uk9DMFNvRjRmbVoxX1pLNFViVjQ?oc=5
MRK,2025-08-27,LLY vs. PFE: Which Pharma Giant Is the Better Pick for Investors?,Yahoo Finance,https://news.google.com/rss/articles/CBMieEFVX3lxTE4zMXZ6TE15dGs1bmJKd3E4Wjc0NjdyczhhZUVTdk9GX3FPS3ExOTJvUC0zZkRESXdPQXMzT1V3SnRXbmdmUDFSaERsQ1dncno2VGJubXZkZ2lKMHlZNkxBVzZ4WTc3Nm5GQjJyLUNkUlkxNmFWNWJGdw?oc=5
MRK,2025-08-28,"Virginia lawmakers endorse development packages for AZ, Lilly manufacturing plants: report",fiercepharma.com,https://news.google.com/rss/articles/CBMixwFBVV95cUxQQWNDMzV3NHdzWFgteGViemZEZHkwd3dmd3k5dXNnekpGNkNjckMtNzhIZzY0VjVLMzdIM3V6VFVZaFFqZDN3N0pfUXRGcjNzWTJfS1prWWNfck85WG50VlZ4XzlaMFVfbVBkWThUYjFOaVY0YjB0R05IRFI0bUQ5RloxZEZiT0N1VlY3M3FvbGZvMW1nSUFGME1jQ2laSlREWE1YNTBlZVQ4TmQ1aFVJdGw5ZW9oLTY2dmZRTm1WZTVPanRCWXNR?oc=5
MRK,2025-08-28,Can Pfizer's Cost Cuts and New Drugs Offset Upcoming Headwinds?,The Globe and Mail,https://news.google.com/rss/articles/CBMi3wFBVV95cUxQUHJSQ2hfY0ZDUDRVRE5LMVIzeExVblVmMTF1eTBrcHRkYlFOQXh4cWJoS3ZBVzRQeWlIZy1RXzF2NVFtNlVfX2trMkhmd3owOGdNanVtNjd0cW04M25COXRYRzlxMDFETUVnaU1yVUtYcm1OLU1KZVVyb3huZUMyM2VsUUlSNkg3OVFCeGtHYVMtTEsxR3VBakl4R2ZfZE4yaUVfRzQ5OTlyVHhKdXFPN1djdlA4d2NPcnZVcElFbWZFUDJ4eVR0MVJFTDdPSWdkdk5nRGpTczdIRTdtQ204?oc=5
MRK,2025-08-28,2 AI Stocks That Could Strengthen a Long-Term Portfolio,The Motley Fool,https://news.google.com/rss/articles/CBMijgFBVV95cUxNeUJDTW15Q2otNzBid3dvLU5KZWpHUE1QVHNsVDFRTnBfNXgzU1JjdV9mZlRLeUxSRzAyRm5zc3c0ekRUbjU2a3BzeV94Y1NLa3NSdTN6UFdkd1REYTUxdHhUbHpwTTZib195SlhFSGJSUG1keXpNY3VfQm9FSkZGZDVKZ181bnVjenVvalRB?oc=5
MRK,2025-08-31,1 of Wall Street’s Favorite Stock for Long-Term Investors and 2 We Turn Down,stockstory.org,https://news.google.com/rss/articles/CBMi0wFBVV95cUxOSURNTjhKTmdRa0F6Mlkyai1ha1FBSHJYWWtaYnhEMkZZRGZPRzdFVjdYeWFMMzhNdFo3VkV0TlgyemtsclJrV1kwNUZlNzd3WFdMWmtGUGd3bVlrVE1FbS05VzYyZUhFVE01WDN6OWQ3bFJTdVNOZDVEZUh4R1NtOHNkZmI2SzMxaGpRYmE1WkRfZm5YT1E3dlVqTEtVSE5Ic0p3QVNPZzNmc3BEbW5QY0U2ZEJmT1AyMy0wTFZEUDlMdS1kZlF3WllQd3R3UDBCUGtn?oc=5
MRK,2025-08-31,5 High-Yield Dividend Stocks With Safe Payout Ratios Below 75%,TIKR.com,https://news.google.com/rss/articles/CBMikAFBVV95cUxOTkdZck1WcnZwWEtQMVRFbzhkQWJndmdqbjcxSE9KSi1DVjNSSldWZ3B4YmZFa29jM1V5V1VYdnZMWFk0QTZWYWxfdnRhajQ5cnhjS1lKZ3B6X282Y3VsaWtoUnNhNG83aDBWLXlwZ0xyVmc1X1RUaGR2MGt4ZUx0dWR1RnZGWU10amhEVkczZGQ?oc=5
MRK,2025-09-02,Merck Taps US Investment-Grade Bond Market for Verona Purchase,Bloomberg.com,https://news.google.com/rss/articles/CBMiswFBVV95cUxOaWZ6Q25xXzZxTkFCRnJueWRNYTZhOVNSN3Y3X09YeTk1UDg5aXduelNJb1BTaDY4VlpoTDRYTDN3bV9WOGNCdTlYUVlmNjN2Z3hHWjlqQnRtYnRqWUkwUm5QUnlDQUJJdENtWE12NnB3d0hZYlNNREtONkExNHl6Y2M3WGlybmtPSUY4d2xGNHkzVXpib0VyenJ2dVlnVWxxT3hkMVhvbXk4c2FRMzhPanN1RQ?oc=5
MRK,2025-09-02,Merck’s Verquvo Fails to Meet Primary Endpoint in Phase III Trial for Chronic Heart Failure and Reduced Ejection Fraction,Applied Clinical Trials,https://news.google.com/rss/articles/CBMi5gFBVV95cUxPLWJvSzZoRUdJZnM1bjNtN1UybnAwQXZjeXp1YmRYWFpCZnNLb0V4Y2NEZjNVX0lXMnd4STV6eXMzU0VvTHNUaWFzeU5FX09KUzFKY0JaR1ZpUW9kbjY0RDdkVjlXYWlWRW41RGtSWUNMakRMZll5ZkExMG9IeTlnTHNSRlZpQ0laTjNHenpHTHpNd2xpd1N4WkVrMmptTlNjVWNLZlhBQmxYeGFpeDNRYzJSaWdhSklOY2pVbUxqX2laNGVsam5ySmdhTGFzcUdqdXRJYW5DWENTaXkzMkJERC1nZzdKUQ?oc=5
MRK,2025-09-03,"Tata Electronics, Merck Sign MoU to Strengthen India’s Semiconductor Sector",Equitypandit,https://news.google.com/rss/articles/CBMipgFBVV95cUxQamgyU0dDSUdfRVp4alRjZHdmejMxZE5NRXJDSW1oQlRXaXR3UnRKUDRHSVNGamJXazY0SDg2azBFVGxPeTlzbk9keXdvY1ZrUHRoOC12S3NMMFIxV1l2R1ZrT2NsY255M0dHdGs5OEFSVXV0UjBNOVc0bklEdHZsWUZMZ1EyVWtzVXRFZ3Y1MkZEbUdOODJoUGVKeEQwbm44WTFEeDVR?oc=5
MRK,2025-09-03,US corporate debt market returns in force after market holiday,Reuters,https://news.google.com/rss/articles/CBMisgFBVV95cUxQSTFJY3FoYU9TS3htZGpWZVFRVGloTG1IRkhxa21yZzRtSVlyZmppM3V3RmtsSmNaRVp1aEZYcDNsQWdxM1pmUEVXdlR3WDYxOFRZaHRBaTRJM3JRdUFTa254TWdTRmRUZ082el9fbldVc3A2MUNPdWJDQUFRTXRDVFYzRmxPS0RIY2RJcU91Tmd0MXQ3R3RtbWdyTGNTMk1rRFZlMFR1eDgzb0kxQkxxQ19n?oc=5
MRK,2025-09-03,Merck’s Oral PCSK9 Inhibitor Demonstrates Efficacy in Hypercholesterolemia,Applied Clinical Trials,https://news.google.com/rss/articles/CBMiugFBVV95cUxPQ3Axa1FieHFiLVNfTmN4bjBYU0pZaF8tMWxqV3VZTFNTeF9uMnp3SXd3dkpfdjBrZVpLcUVMcGU0RWREV3hLRXVPX1dFSnFRNkh2VGpyNWY0bTJpd1ZlWndmOVk3Q1E0M0JhT09LUFNzOVg5NWJtZUg5U3JYdExJMjVhU1dsdGVZY1BxRk9sQ0Q1MWpIWE9ndkRqYy1TM3YzZjA2STJNcWZVNWlNenM5WHNTdEFkQ2hFb0E?oc=5
MRK,2025-09-04,Who Owns Merck? Top Shareholders and Recent Insider Trades,TIKR.com,https://news.google.com/rss/articles/CBMiiwFBVV95cUxNS0NhcXk1Z0FveVl3bmYwY0t3THkxODZIb0J3RjFvc1NGbFVsYjVqckJNbEpyNkZjWFdnaDQxTDRpOWptcFgwTVpuLTU2WWtNMklkM21FNWticHdBYndqU29DbS1OSnI5X1A3eUdZalNDZVBwSkxuTlUzeDRZUVo4Z3FMOUpGZVhmekFn?oc=5
MRK,2025-09-07,Is Pfizer a Millionaire Maker?,The Motley Fool,https://news.google.com/rss/articles/CBMifEFVX3lxTFBGMHFzM2VYTmQ0RGI0XzVrV3FrcDlPd2U3TVoyRWloRmkzOGxpWjRXeTNkNXhneVo2dXZvQTY4dmVyUFlIRHNGZktieXNKTzdMYW5kOWdDZ3BVVFFObHBqNXc5cWgyMFpISm1xNDNMTFhXYmRKSWZlQTF5UFk?oc=5
MRK,2025-09-08,Summit's High-Profile Drug Flops And Shares Crash,Investor's Business Daily,https://news.google.com/rss/articles/CBMiogFBVV95cUxQVmg2ZGtsQ0IzT0ZlaXk4ckhrSmE3OWFGTDJIaEI2SzllYnR4bzB4Y09SWWpLMUNJQmZaNXV2ejk2Y0Q5Nk9STmtxTzVTR0FLTFl2elAxUHA5Q1hEdWRFMjZ5Skg1VHFIZnM3QkpQYjd2bm53cWRhMWNEY1JJTGxELTdLMm0wbnJ3UEJUcE9ET1dicTJxQktYRWtrNHdRR1A0cEE?oc=5
MRK,2025-09-09,"MCL, Merck Forest receive National Endowment for the Arts Big Read Grant",benningtonbanner.com,https://news.google.com/rss/articles/CBMiwAFBVV95cUxOdXluM2FqWG5MbGVCblhrS3JNRGtweTJnR3pBNUpRV0tFWHlGTGF6QVB1emhKUWRfTjRlemhXb1FjNUtodF9yMktkYVUtUkVYMXFFNVJ4VEwtMTRWSm9fckxoWEpVV3M2UFZocnp0eThGVVBDVDUzSGtFMUpXcXlwQWVlSGZNQXNPOEpyR1AwRVN0VTNHSlQwUmIwX0k4YWZuM3dXRkpNcUc1Q0tCQ19jQ0FVVXVEaHBOdmh5anBaQm0?oc=5
MRK,2025-09-09,"Klarna Stock Makes A Strong Debut On NYSE, Shares Surge 33%",Stocktwits,https://news.google.com/rss/articles/CBMiqwFBVV95cUxPRnMxdUFWU0VBOE9UWmx6bkVlVTk2QVY5NjJrMVE2YVZ4MEFOQ1diQzRtMk9odnRwbnpPU1E1Y1ZRSndjZWRMNnRXazhQQ1hGclR0NFk3aVBONEpMVnIzMGQxZVhVUDJHU19XT3J6cHAza0kzMWtxQlZEVWVtTWtwNWxIY0NGWWwtRXRRZVpRUFBPRHJsUm9YbUp2Qm1mYmRqSWQyM2hxRnRlUFU?oc=5
MRK,2025-09-10,Vaccine makers’ stocks continue to spiral as the segment faces fresh pressures,drugdiscoverytrends.com,https://news.google.com/rss/articles/CBMitAFBVV95cUxOV1VVakVzd2Znd29LWDkxMy05VVlnMVE2aTdRUU1VUTJtWTFzRVFMd21KYVVocWtWYVl1NVZDYTRRemtKMDZUeFRqV29OcDlCbEVBd01naHRSSUpya3Z5R1lZZkFvVHdhbXlRYVBTNVJMZXVRX3ZTOGRzOHlTLXZlX3Z1SkZWOGpBSXFxcHAyY3BKblNFWXo4bTlLOU9DWDNSZ0xiQW9XcnBGa1pfdDVwWTVJV0g?oc=5
MRK,2025-09-10,Merck to scrap London drug research centre,Reuters,https://news.google.com/rss/articles/CBMisAFBVV95cUxNa0d4bXBWeGVoZzRlT29Va1h6WWdNMDhZQ05FXzNyOXJtUVAyN3NtVWFCLVJfY1RJQmtUTVpWdFkwVm8yeUlZYWNkRElmb2wxYlNDXzlNUEJyTXB0Vmp6SW5oREVRWVhHN2FGa0xfTkRvQ29nSjZpT1pYb1ZqTHlwRVpCblRMVTYyN2M4ZzFTblhIMU1oYlZqd1VrNHJqOE9SX0hmZHJjc2hHNUtBZ21JaA?oc=5
MRK,2025-09-10,Merck scraps £1bn expansion in the UK over lack of state investment,BBC,https://news.google.com/rss/articles/CBMiXEFVX3lxTE83aEEwUDhYX09FaEo0TzRKV1dpeEFhbnpoN0ZFTUlRcHlWX3J6c3NCNVhQT3VOei1HNFFSZ0VjQWtmUUJNaHRoUFJxaEpPc3RSQ3lhXzRfUXEtSW9J?oc=5
MRK,2025-09-10,"Merck executes its own Brexit, moving all R&D operations out of UK",fiercebiotech.com,https://news.google.com/rss/articles/CBMioAFBVV95cUxQV1FObndSWnpRUWdyWWh5Z0F0ZGU4eDhXSmJJbGlXY3Rab1FNMlZxdVE2YTdBVjR1UmNUWk84aXdFc3huSGpqYjN5b0NPOGFoekdhTXJWbHJVZG5IMHZTR1B2V1JjSEFCRThnTzZCQ3d3SUhvZFgxZFc0UDM4V2JBRjdCOGdBa2ZOZFpLVUEtd3N6anA1dkxkM3JLc3hxbVZK?oc=5
MRK,2025-09-11,Why Did CleanCore Solutions' Stock Rise After Hours?,Stocktwits,https://news.google.com/rss/articles/CBMitgFBVV95cUxPeVllbVpUMGNfTFpMUFBWODYtOTl3cW5sWUVmM2NNcl92anJGWmx1TEVtcjh3TnEwYmYyLWkyVGxJUGNkQ2FLWHg2cVVxYkQtWnhyYmVPWm9ySHh1SGNoTHdMYk0wbVFoS2tjeXg2MXV0cGtHSERKSXctWHp0cHJldGtGNGhiTG1vZHlVelVRdUpHQ3JmWDB2NFd2TnlUa21uRTFQX2MwUTNXbHZYNTFSYURRTjBvZw?oc=5
MRK,2025-09-11,"Why Nasdaq, S&P 500 Futures Are Edging Up Ahead Of CPI Data",Stocktwits,https://news.google.com/rss/articles/CBMiygFBVV95cUxNaE83T2VSQ0VzMExZTGxrbzI4TEppbzd3ZU85cUtXeHJubFh1RWRLT3o3czY3UFVaSlA3QmNrOTJmR0VKc2tMTHVQaXRRTERtdVlBaXVzRFladzk5cDdJcWpvTXhkZDlIVmlDZ2tJQTNZVWZFdDVTTkVNRnZTUWpGTWh6d1hYeGRud2lvNHU1d3BxQXpJWnctd1h0ZDVEU1NiTk5zLXl5SzBOdXd3WTRGZTl2MHRBa0pZZUdGTGotWG9Ld1BrdXFOMktn?oc=5
MRK,2025-09-11,"Merck Abandons $1.3B R&D Center in London, Boots 125 Employees",BioSpace,https://news.google.com/rss/articles/CBMimgFBVV95cUxONW9XeFR0TUVydFFhMW0yeUtDMk81d0J2MEZtbUF4SVA5U1U3d3N4Y2owSTlFc0VDaXg3Mi0yMmlUeW5mX19fUjNfNHc5NEVQYkRjT2RVTlg2YllGbzNNTVFoVWVRd0c1TlJTaXUwbmVyV1dTVEpDaW9BR3NlTkJ0bGNWMGZYbHB3cTBTZU5uWWFQa0FuSW5IVlRR?oc=5
MRK,2025-09-11,Pharma giant ditches £1bn London research hub and says UK ‘is not internationally competitive’,The Independent,https://news.google.com/rss/articles/CBMiugFBVV95cUxOekdZMGRsY1F0VWpsbFJhN1Itc2dMMFVCZ0V6LTQ4TmJBZFROeHdZTzJXbTZiN3UzZVhsT3A5aXVSLU9MdGRqR1Bzekp5eTRvYTUtNWdPa2x3cFFCeUtUbW9xTXBZUkNqOHd3U3RHUlR4V2lxNWRkbklIM1lsRmFOMk5UeENqZU5QVlVxQjNJd1ZTRTE3RS1nVjk2Y0pfZ0JaS085cmVJVzJsVjBRdWNsUEozaWtSTWhrTGc?oc=5
MRK,2025-09-11,"Big pharma will stop investing in UK, top scientist warns after Merck’s £1bn exit | Pharmaceuticals industry",theguardian.com,https://news.google.com/rss/articles/CBMiwwFBVV95cUxNNUZSamhuWGZ0Nmt4VmJuNTNSRTlKV09lY0pHUDBqYWZTeHVmRV9hVmtscDk2NVJCS21rZ3I2TjZ0S05fS1JiTW9jTk94V2ZldDFSeXdwNEVRZEZCUlNuSEVnY2RWMWV5bng3RU9XUS1rVTExQ29VSm9Zc1UyZ3ZzNEdQb2N0dzJ0RFI2aDdWNnV0bXZCOEY4b3ltSVpwLTA3VXh0R0NpSlE2WmdmTWgxZVlWNGZaeVJNcUVlWGdpbjh6X0k?oc=5
MRK,2025-09-12,"Pharma's UK frustrations come to a head as Lilly, Sanofi, AZ pause investments",FirstWord Pharma,https://news.google.com/rss/articles/CBMiU0FVX3lxTE5GWENqNVc0TUliMTZWcHN0VTBCdEZWcWRCUWJVcmxHUXhNOXJhbDdjX3Z0TmQtQnhtVUFEY3VwcGd6eDZwZDNoTVM2Rm1SdnBYaHI0?oc=5
MRK,2025-09-13,Largest Pharmaceutical Companies by Market Cap in 2026,AlphaSense,https://news.google.com/rss/articles/CBMigAFBVV95cUxOWmViVHRZWi1DR05pdGVReHo0SEpoR19YRnl2eWJWRzZfQ0diM0JwRFl4eVRxLWRQLTJVMUJXTUYyVHZQNm1YMUNsXzBrZUVRNlk0c1pQTVdJZ1Y4MnFrazhPVzFycGFYVXdNbHZHRzFYOWM0NjItVkZwTlBOYk1adw?oc=5
MRK,2025-09-15,Merck Reports Strong Phase II Results for Ifinatamab Deruxtecan in Extensive-Stage Small Cell Lung Cancer,Applied Clinical Trials,https://news.google.com/rss/articles/CBMiygFBVV95cUxPOFJsVE9SVnJ2dmctU2N4RWQ2MnVZVTJ5Zzk1ajBrcTY0VUZURklmMzJXYmg4LXhyVTdqOWc3aWtDZ3N1eXl5ZnZnUlZEWXVRdWdYU3l6Y3NhMDZyUDZmS0RlbU5yUng2VDhQcXEtcno2MGl0N1gwX3BOYjA4ZEZrVnBBR1BkNDNnaC04UHZqY2FWb3FPOVR0UnpoWnF5a1g3b19FbmlXc3kwQmptVTBaS2o0MDVHMmpuRm1lMHdIcGtlU3hzSW9OVWVR?oc=5
MRK,2025-09-15,AstraZeneca Stalls its $271 Million Expansion of Discovery Center in Cambridge,Pharmaceutical Executive,https://news.google.com/rss/articles/CBMinwFBVV95cUxNMmhnU1R1NUx4M3R5LUQxNXJES3V6YVRqZVNIWEZ3emw4bEY0QUcyc1JfcUxZU3pMd0h2eEwyNjdRQUk1aVoyaGgyS01JX3dXdDlLR1RmczJHOXhLcUVnV3VlLXhLNkdGVzlhSV8taUg0dWIzOGNzTkNkcnJqU2o3T01oN0owT2JjQkVBQ2ZrMmVTXy1qSUg1VlBud1BNZVk?oc=5
MRK,2025-09-16,Merck: Buy This Dividend Powerhouse While It's Cheap (NYSE:MRK),Seeking Alpha,https://news.google.com/rss/articles/CBMilgFBVV95cUxPMEdBQkZMVklUblF0SGs4Q0lNcUIwcUpQNDJMcVhDRzI0eG9fUDNDaVBKYTh3SkU1M2Q5R0NLY0thMTFkMmtUV3ZWNm9qTk1ZRHFoZV85Qllfb25xQl94QU5hM1NsS0ZNWlU1djBNWnRlSlJtamFia01GNEM4Qlc4dVhjOThoVExFeGFOaEZEbXNNdXEwN2c?oc=5
MRK,2025-09-16,Big pharma firms have paused nearly £2bn in UK investments this year | Pharmaceuticals industry,theguardian.com,https://news.google.com/rss/articles/CBMisAFBVV95cUxOb0tRRFd2RHlfOFc5ZWlVUFlzUjM0d1ZtV2twYVowQTJkSmM5VHlwLWVoYS1GcEd2Zm02cWlaNFF5U1VlNllzY3NiT0ZvYmhrUzFhZDVIRXRwZV9UZ3ltZ0xKUDdVTERteHFuUDcxbUVyXzdLZVR1SFdVeVJKZk9nd21uelpfS3V6b2dOaWd4bmE1LVpUcjN3WnBzS3g5eVh3TjIwczBZd1ZxeXdENjcwTA?oc=5
MRK,2025-09-16,"FDA Grants Breakthrough Therapy Designation to Merck, Daiichi Sankyo’s R-DXd for Platinum-Resistant Ovarian Cancer",Pharmaceutical Executive,https://news.google.com/rss/articles/CBMi0wFBVV95cUxNZW4xS3ZoVkJHbzVwNzZuc25pN1NqWW5CZ29Bc2NVSTMtVjZkNERrM0hHNklvbUNXTVlzcWIzLUpRMHM2QlUzMnkyajRuRXJJYmhhZndOSHNncWFsZVJ4OHpsbmpMTThRTGpSMFg5dy0tU1FGMUduYWV5aTk1eWdaNFdjckg4cVhhTGdwVGVya0Z3N0RkTmpzb2Y0X0s4VTgxNFBsb1R1VjI0eHpkenJSZG5KQXk1RzhfT09JVm94b1V6YjhTd1FFR2JQT0pBVlkySFFj?oc=5
MRK,2025-09-19,"A New Shot for Cancer Is Convenient, but Poised to Keep Prices High (Published 2025)",The New York Times,https://news.google.com/rss/articles/CBMiggFBVV95cUxNakhYSml6eE5wTWpDWWZDRnVGTWhadXZJbXl6OVVYYkNmSjhXX2JuTl9FNWhhV2JkWExSTHliVEF2R1FJSVlqYVVSalVsU0dDdTU4TE50SVpNOHpFblhuRU1mNmlkSXAyc2w4Q0xZS1QzUWhmRXhFTmpqdjBEbFVXell3?oc=5
MRK,2025-09-19,"FDA Approves Use of Subcutaneous Pembrolizumab for NSCLC, Most Solid Tumors",AJMC,https://news.google.com/rss/articles/CBMiigFBVV95cUxNdFN2SmRhNjJ0VUhfU0dzQkRSb1FJVTVrTGMtYzA0Y1BOcnM5aXZkZDFjcGZlTndrNnB0dGRKVWlwYURQeUtiNFJ1Y2hRcXNqRG14WHIwcnA3Q3lVSmsyS1piTG1IYU9uRVhCQjVZYnI0bWlVTXRMVUx5LURNTlRTcGhZcjNKclhqM1E?oc=5
MRK,2025-09-19,FDA Approves Keytruda Qlex Subcutaneous Injection for Adult and Pediatric Patients With Solid Tumors,Pharmacy Times,https://news.google.com/rss/articles/CBMi0AFBVV95cUxQYTdWYXFBSFRTTW1iczZwUzU0aGUxSVJ5OW03WkN4N1ZmTzhOTG1pNlVoZnFEamk0RDFvM2dMYTdSdjFvazhTUHpNNm42WVZ4NEtES0lIODN5WHZsUzFFRWdlRTJPMlNod29CeVMzZDhpMk5CMzAyYUhnV0ZVSTgyNnhkbnRpUUZIYzdMTmp6MlhlNnQyNV9aaG5sLXhJOG8zNGVYTGdfaGZWcnl2ZGRfdDBrUVBHSDlPRllUNlVVUnp3VUR1R2xLX2ctWU43R182?oc=5
MRK,2025-09-19,US FDA approves Merck's injectable version of blockbuster cancer therapy Keytruda,Reuters,https://news.google.com/rss/articles/CBMixAFBVV95cUxPQVMySmE0eFpxcFVHVnpvQ1JaWGVkSzlQSkJfZmlRWl9Ub3M3TXVSSm9wUFl0Q01jUGxWcmlfSGRQQWJrMEZHcWF3NHloYVVMSVI4bTBVbmE4TkFEb3lYanRzT0hTb3R2Ty02WGQ4VXlUWXoxVUJWNGMtNFFWTDZqQU4xckVJM25aT2QzaXBQN29haUlwZlZ0NnhrUFJGSS1VQmtlaDVlWW5MUEdBdlJyZ2JlRlo5TkFyWEptSV9FRWR1ZDZR?oc=5
MRK,2025-09-22,10 Cheap Wide-Moat Stocks for 2025,Morningstar,https://news.google.com/rss/articles/CBMidEFVX3lxTE5XMFNlajR4MWNrZU9uQXdhYWZndFA4ZzBRdjlfaUZocDByUWhLeVM2bG5ERHIzRHppVmhFOVkyLUszSGZLUDFJOUNCcWFKanR5MkVTVlVVQVMxQXVOUEZIb0ZLeFhELUVTQm5sMXBEclloMzdC?oc=5
MRK,2025-09-22,Tylenol maker Kenvue plunges on reports that the White House planned to link the drug to autism,Business Insider,https://news.google.com/rss/articles/CBMiowFBVV95cUxNVXhkWGs4VTBjeDZQOXVfVmU4NWFLbTUxcjFqMGJuZWpiRTU5SWhXZ20tTXkzU1FTWkNEX3hIdGg5d0w2bzV4R0JEbXgwVWU5QjVDYkFMNVpUMDduTjhTSUpvSXU0N0JmQUhCT3BMbGVEQjEtZFI2UmRmdjFQY1NReE1WVjNpWEh2eF9WLUdDNlJwb05BbkdMcjY5Ry1lVnhGWGI4?oc=5
MRK,2025-09-22,3 Dirt-Cheap Stocks to Buy Right Now,The Motley Fool,https://news.google.com/rss/articles/CBMihgFBVV95cUxNcEEtS0pjazlMa2hIVlUzUVJnenFQeXFESlJKWXl6Y2poTkNiN3A0ZjA3VzYwaFpKU3F0R3c3NllEcXpQaWtJYzIyUlNIX0Y3Ty0yN1NSVnNyWFYxYjJHTEtYQzhUT0VaakNvY2JnV3oyeTh2VXA5ZjZTeVRhTlBKYXF1WGJYQQ?oc=5
MRK,2025-09-23,"The Ultimate Dividend King Drug Stock to Buy With $1,000 Right Now",The Motley Fool,https://news.google.com/rss/articles/CBMilwFBVV95cUxNMzhmOVBkWHJPUm1lQXlVVU9GRk5VWHhFQVNBRURmdUpicWpSRVdMakNtX2xZU1E5NlJaTEk3WEVEdENUaGROT012cDVBay1acVJ0T0hyMnJNbjNRUXR2a015T1RVejkyMnFyNHFNc0Y3bHJ6NGphNHFvamJfR2xXa0h5ODdWa0xFSFM3S3NqdzFLQmFJYlhZ?oc=5
MRK,2025-09-23,Is Moderna Stock A Sell In September 2025 Following A Tough Meeting With CDC Advisors?,Investor's Business Daily,https://news.google.com/rss/articles/CBMid0FVX3lxTE9ZMHozSlZPSy02NkJOS2d5d09vX2hoMVZxOXZtMmJfV0diZjlHRGdMVzB5X0xaMHFvWlNIT1hoX3dCY3h4aEdBZ0FKSkxpR3dMNkROODRlNXFyZzlKYmQtZXgzNGdWQXpEQ2h2MUdkS3NwMUI1Z3RJ?oc=5
MRK,2025-09-24,Should You Forget Pfizer and Buy These Unstoppable Stocks Instead?,Yahoo Finance,https://news.google.com/rss/articles/CBMiigFBVV95cUxNS2tmSDc5WmNiS29ZaE5RNGNZdnlWMVhPMmoweUJnekx1RktXaHV2cU1aZGVhZzRiaE5MM09oSHlmdmdMWk1ORWJIOXBVSjZtamZ3cnVLLURoMzdhdEc5LTZPZHQwOVR4bm5oLThnQ01oUXlpbmo4RGZvbjM1M2t6OTl5NHRWNUpnUFE?oc=5
MRK,2025-09-24,"The Smartest Dividend Stock to Buy With $1,000 Right Now",Yahoo Finance,https://news.google.com/rss/articles/CBMigAFBVV95cUxNVlVtU2xESjZ0dlNFaUlUbTdVS00yQklMbmpGcFQwWlNKQUlNVy1WWmQySHNrYktQTV9abU9vU09TY2dRTDJkM1JRN05naUJwQnF0Y0MwYVh0ZmlCNFhKald2RU01R0RQUUM1aEdFWkZHZXMwQzdLdHNFc01UTEJWMQ?oc=5
MRK,2025-09-25,"Germany’s Merck KGaA Names Kai Beckmann as Incoming Chair, CEO",WSJ,https://news.google.com/rss/articles/CBMinwFBVV95cUxNTkNxeV8tTnJ0Q1NsN3cwcmpOWXFPa2xDOUljOTVPZkJaTkdBZHlnYTFhU1lSSUdyTHBqT2dhRVVUN1ZNMmJjbXFYN28zMmxzbGRnWU14enpDOEdXaEFFME9MLU8wRDkzbzBPcl85cGpWbmF2X0RhTWFubklTX3FjUGNzYWF0WFJSN042Z3g4bGl6emE0TFMxMGdmZFRmeFU?oc=5
MRK,2025-09-25,"Merck KGaA, grappling with geopolitical tensions, ⁠reveals CEO transition",fiercepharma.com,https://news.google.com/rss/articles/CBMitAFBVV95cUxPcUpDVFh0a2xXTno4dHZqc21pUjhLOVljZWpTeGUtY1pUc3VlVVZfTFVPUlctRFU1UDl2NHZETHMzN2FjN3RCY29hRzdYWGM0cEx3dXRFdjIzbmVrVDU2Unl4ZV92UWdkdWZUd0tnYkZMTlFnbGpmTDNLNXpGMnpTd0htZWVFNUtrX3MwN0VkZTJ5MFhRbVNiTzJEN0Zvdy1PWjQ1aFR0UkhiQlZUd3pjWndrMmI?oc=5
MRK,2025-09-25,How Merck & Company Inc. (MRK) Affects Rotational Strategy Timing,Stock Traders Daily,https://news.google.com/rss/articles/CBMi2AFBVV95cUxQdF8tZGxKRXhXUnlKYzh5YWRVQ0lWd3VQUDZJbXhiNnZoZlpyTVp4by04ZUhYRGtadGxkVGE0Yk5XT3N0TWtGUGRHc1AxMlVHajlPbExTMUkyVFNZNTVXQVBPY0VCaHo5VndEdUNlVThlam9Gb0VWbkZUdUVQQlVURFZKemRmclZyVlFHN0FOOS01a0hxNlFSbnRMMllDX3hFV2d4QjZMNElIeUNIdHowNWVURGhPcEZ0SnM1QXV3T25UcElKZWVzUlE2X0JjS0V3UkEzcVNYVUs?oc=5
MRK,2025-09-26,"Eli Lilly, Pfizer, Amgen Stocks Rise After Trump’s 100% Pharma Tariff Threat. Here’s Why.",Barron's,https://news.google.com/rss/articles/CBMijgFBVV95cUxOZ1FqRHBWWjJ2c243WUc4U01naDU4YS1mODVNRlVnakJBNlhCczBfQW9XWGxMZ2hkdHZ3OEd0dzdMQWJ2V2U3ZFE4YVRNS3VZUzcyUDlqMG9vQm5WNWNZQVFNVXNlUkhXalJlcGt5V29MT3UzNU4ydlRLd2JtX0praHNUVG8yZVlIdHUyWHRn?oc=5
MRK,2025-09-26,Trump's New 100% Tariff On Patented Drugs Triggers Slide In Asian Pharma Stocks,Forbes,https://news.google.com/rss/articles/CBMi0gFBVV95cUxQbW9BMkpWdXVOQ3JxVDZ6cThrSXhjR2dUTUVsT3FxMXpNOXhuVC1HMWlNWEdnUy1BUEpJVFhIRkRTZDhiZUpDYmV5MW1LRjhXSmp2LUFvZmxCYXpVcm5ONW1ZMDdaVmUzY3AyTHN4S3RUZ0VESkgwMkNvaEc4a2xNdmVaX1psV3Z6cWtGV0pxdDhNanNDY0VUeXcyRUpOYkZ4VDdLakVLekc2eE5kWkswcXNNTWZvTGd4M1VPVjhLMTlYTVZ6dmtTSHVuQzA0RkhkWlE?oc=5
MRK,2025-09-26,Prediction: 2 Stocks That Will Be Worth More Than BigBear.ai 5 Years From Now,The Motley Fool,https://news.google.com/rss/articles/CBMijAFBVV95cUxNMHJ6THVGTlJ1eXJTMktRRmR3dmxzamZQZ1NycWVWZkh3SXlVU0tJeEZveG5taFV1S1VrOFloWEF4WHdNQjVTaXYyc08tWHU0dXJvZWY0NzNXUzBRWXZad0ZYdnNoZGRpQ0QwQmZRQmpzX1VqU1h1Tk81Vk5GWm9ndndBcFBuWFFkUU1GWQ?oc=5
MRK,2025-09-28,Where Will Recursion Pharmaceuticals Be in 5 Years?,The Motley Fool,https://news.google.com/rss/articles/CBMimAFBVV95cUxORUhicEhDS2x1MHM4R2hjZHN6YkdQWU1sOElCbHFkSGhfMGNtbUN2UHhKQ2lSRnU4cmZydEU5eVpEUmtFM1ozTjEtQ090YmZEaFVFa25zNmhROHo1WExSWlQxMmZDZlppaVg4SlJkMlFTSmZOTzFMSGFXMlVpOVAtX0FTRFhWMTFMZDZNa3NUaTFiNWUwbHRPVQ?oc=5
MRK,2025-09-29,MoonLake's stock crashes after high placebo rate eclipses IL-17 drug's phase 3 readouts,fiercebiotech.com,https://news.google.com/rss/articles/CBMivwFBVV95cUxPNW9LVC0ycEsyMTNabUV4RVY1S1BtYmoycXdMb0gxSU9DeFlWMkgxeXUxSU5vQlFTQVBmbGtLMWhlZlJ1eE83Rm16cmgxbk9OQ3ZqVm9mNldrVnh4WDczY1haQTRGdFcxVXNYYVV4ajZaOE5TYTVyeWg5TE5Rb2tPNUttRlFjSGVDMW5UN1ltV0xabEQ0Q0thXzdNdENkWFlqdHVvZzZFZ3RXTHlRTEdRa0xhVy1yRy1NOWtidmpLQQ?oc=5
MRK,2025-09-29,AstraZeneca plots US stock listing amid industry pullback from Britain,fiercepharma.com,https://news.google.com/rss/articles/CBMitgFBVV95cUxOTWV5Zm9XX0lqZGZsZEhrUlR4OWx3TVA2akJsNHYtWjJrc0RWcnNqanNEMGZRNHdUTzlScFVNYUltVkxqODY3RFpZeW1VdjJqM2RNWXhucHY5MTM2azNsdlMzZ3ZHbXpEejhnem5ud2hRaFVydl9IdHhabm5qRE04cHZ2TmtlVi1HbG44TWpGWUxvU0FWeWppbk9yZlR4YzhqajBqQlVYZjQteFBNNWllTURYVUo3QQ?oc=5
MRK,2025-09-29,Moonlake shares crash on mixed study results for immune drug,BioPharma Dive,https://news.google.com/rss/articles/CBMiqwFBVV95cUxPYzQtZXF5enB1b3J3S1V5SXctcnhYcENHYlpMR1JqSVJvMXpmVTRwZnRvZkRBbmYzTjlwRmVJSHJWcFJvTk5yWkl0RE1QLW4xaVJkM2tuMFNRVzRlQ3ZNR2pyemVvU2R0V2ZsRnIwMGhTNGxUT2hkTk52am9ETzFXd3o0b3Z4a2U4QlZsSWViZWhVSjM0alJZNkstbmRPNW1EM2g5bjEtR1A3MG8?oc=5
MRK,2025-09-30,2 Beaten-Down Stocks to Buy and Hold for a Decade,The Motley Fool,https://news.google.com/rss/articles/CBMilwFBVV95cUxORVdaTDBMVkFmMG1UdjM4MS1LSWszSG1MSGUwdEdVeXlxcGlwOG9lbkJpb19KenJvM05PWmYyQ2liMmRScTVfYUFYMkg4Yi1fR24zeHpJTGFjZGZiV0dyN1VjUDhXTmx1UEJuMjhtb2NPaUNWTFRUWkdpV25pRU9OMHZBcFdjRFRXRFpmVHRycm9neFN0aXY0?oc=5
MRK,2025-09-30,S&P 500 Gains and Losses Today: Pfizer and Merck Jump; Payments Stocks Decline,Investopedia,https://news.google.com/rss/articles/CBMiugFBVV95cUxOaVVjWnZFQnNMd2J4bmJ2cG95R3dIMm9wSGlSMURvbXluM2RQV056aTRHdUJPcWd6V1NCWHZHd0hFTllBWVZBdWt2clc1N2dkdE1Ma3dMcUFyUVdTalZnQV9yT1ZnSnlWUV96bUsxc3JFdnZtUm5CYm05YUVReHEwbDBNS0Z6N0NYWFVfazNtMnhrTEUyQ09Qc1hqYVNsQUNfRWt1aUxjYVo3QXZ1RWpQdW9HbEM2azdRWGc?oc=5
MRK,2025-09-30,"Verona Pharma plc (VRNA) Nears $10B Merck Buyout, Ohtuvayre Boosts COPD Portfolio",Yahoo Finance,https://news.google.com/rss/articles/CBMif0FVX3lxTFBFV0kxOFBqMnVHeWVET3ltRTFmTVhSOVkzSl9HYjhuT0VGaE50bmF6R3EtRlJmTS1yOEJKV0h4OG1TWGRINm9Xd0VHMXV2Z3pNVEx3OFJuTnJ5S2I5Z1lsX1I4R0RRM2VJMFB1Y3drLXhsSk9FWlpoYzFwZ2VZUlE?oc=5
MRK,2025-10-01,"US stock market today: Dow, S&P 500, Nasdaq slip as US shutdown collides with ADP’s shock 32,000 job losse",The Economic Times,https://news.google.com/rss/articles/CBMi9gJBVV95cUxPNHkwUGtNU3FLOVF6eDRreFFVY0tfdFpGQXJDOTNpMVVIdmpyLTJyRlpqY2Q3TDVWT0xENTV6SC1xRE5wT19HSWlDTHU1OGpLdW9FaFFWUjc4WU0tWE1uZWpvV0JMcVdaOVdIeHYwNmlWTXlBU2VTYktRaVBlczVMVXV6SUs4NVM0YmhqTGo3Nl94SDUxbkdsUlRtdV80S2Y3eU9CNGRKQjVaSm05RWIzMmJZdDFEV240VWppSk8yLUFRQW5GNWp4T0hDMUsyQjZpRTJ2Zkt0TzRZblA2ZVFSYld1N1JFRDJheUlwWWVCMUFzSzNXbms2QUcyMUpxRDN0S1R4Rm96aWc4YXd0dk1VWmlFcGZUczZhN2o1VUhpbmRBQ0ZPMDhuWkw4Qmw0M0F2cU1Tbkh5Z1NiVmJibmx5ME5TaldPc3R5MlozYUQyZURqMUdsYlBUOHNzZTNjeVc1TzVkM0xubDZwOEV3Mk5qSW94VGFSQdIB-wJBVV95cUxQNWFETXNKYzNIUVFDZE9INGxVeTN5S1VnaUxQVUJFV1hVbUtOUUJVejU5aWJiMkpxcUUwWXAtWU5Ra3d5ay1KemgxbmNrWktmUmZrWTJaYUJUTUNhTlByeUpCaXNpU3hneGFmak1KZ1pmQlA1YlMyV2RSOGxjYW9XRFUyV0UtR1VCNnF4YV9hdVFqT0tPdGt2WVRlQU1VQ0tDaWpuejlBZDlTVWVoRjZyR0h1VXpJNEdHWDQ4eTB3eDJMeXRVdzhQX29BTVdYam8wb2NWQmxkWlM1MVdObUlsRHJlS3RTNjR1N2lURjRobjJZYkY5NXdnbTdYY2ltZjFMRnFEbGZzV29VYy1iUWJlVFd3a0pqTXVZdi1PNjJDZXpFT3lCZ0N5bzQ5dXBoRzIwcVk3NG56TGJueGlVMFhjRmZtREpPQWc5UUpsZVVlUmFtczNoXzZTNUEwakl4SkFtQ0JNZFFTNzdDYXVKb2NMcEtDMTlrVGp3T0tj?oc=5
MRK,2025-10-01,US Pfizer deal powers health stocks as drugmakers court Trump,Reuters,https://news.google.com/rss/articles/CBMi3AFBVV95cUxNaUcxbjlfWGp2MzBmSGdvWThHdkJFMktJNHBPc2JxS0xrREV0M29ZRjFxeW9wRFBvOVVfT2FOUEQ1X2k5ZEIydElRdHJ6RGJ1Qi1vaEMtVlBqdjFQU1FvMkdwcXdoUUFHMXVhaE1lOFFTakpVMkZBdDFGbDhQbEpPenFTYVFfaWF6VllGeUF4ZVBTTU1ESXhmVmxiendLSnY0VnloZ3BSYTZveVB3b3EtbUFRZm9OVnNoaExTaWhoZ3NMdDdfX010b04zQ1ZhMDBqWS1pNnY1RzY3ZS02?oc=5
MRK,2025-10-01,Chart Master: A breakout could signal more upside for beaten-down pharma stocks,CNBC,https://news.google.com/rss/articles/CBMivgFBVV95cUxNT3lvOHc0TmRnSTFnU3lmTHB2amUwaFJyeVZQbmdmWWNXR3AxdmJNb2VmdU9QaTRRS2w5NFROSDZUTkFaUnJ5ZUcyLUV0WU9USHhBQ0E2R19pQzhHYmxMWE9lOHhTZkhFaGw5Tnpxa3IzM0Z1NFQ5cUxOeVVLMEswZndtQUNKQ1J1WndCWFk2R3duaHYzcUdpakNHQklZUkdORFRlRFVnMC15TEdKZDdJYlk0UjM1RVpWX0tJenJB?oc=5
MRK,2025-10-03,MRK Stock Up Nearly 14% So Far This Week: What's Driving It?,The Globe and Mail,https://news.google.com/rss/articles/CBMi2AFBVV95cUxOMkNsUUZ2MENwc3gxRHptVmNBVnJpYjJMVTFGWE5mdEE4M3RqR3BVRXJDSU1xX2hnMjJfVFZRLWJRbFo0bGM0eWZ3OFNnbUl0NVpocm51TmF2UFFRMmJMRGVITDJGUzhFUU1jSFdfZjJyelh4cm1mRS1XT0pKSkp4anBIS3JmN2hwTFA2cGlLU3FyamRnZTl0bFRGYkZsUUUwQjVqcS1PazBjdFJFTDJtbVpZNWhMUFpRN3dreVVoc295ZkhGVHZxR0RLNi1ZaXZneTkzcXVsWjA?oc=5
MRK,2025-10-03,Merck: A Race Against The Keytruda Clock (NYSE:MRK),Seeking Alpha,https://news.google.com/rss/articles/CBMiggFBVV95cUxQOXRZOEFZRFkxc1pwU21fc2JfTDViV2dtVUtkblQ2Sl9QUFVXUktOdTJ0ZTlhT2R5a0t4alNXMnJBdDB6V3NYVms1QWk5TFUzaVZsMnp2VUtlZ05GdVY0RklqclVwVVZQYWoxYWljbkNOQ1VGTHVVMUJlZTFZbFpqcm5B?oc=5
MRK,2025-10-05,1 Monster Stock in the Making to Buy and Hold,The Motley Fool,https://news.google.com/rss/articles/CBMikgFBVV95cUxOVEN2S2E0bGdvX3RDcEhzTlRxMDJXbWhZN19GV0pBcFJvNDBMU1B2NkVfbkFlQXRCd1RMZGlkMzY4T1lpSERzVXdaRmR1VkJ6QVhqTVFRTEg1QTk2MzhuZDFieFcwbzJ5QURkWnNEdHY5Z19FVGQ3VzBmX1lCOURLVk9MU0liMURtb3RxMW5ud0p3QQ?oc=5
MRK,2025-10-08,Merck Completes Acquisition of Verona Pharma,BioSpace,https://news.google.com/rss/articles/CBMijAFBVV95cUxPOUM3UmdIOHlxVmVfNWhMTmV6Uy16MTJfZzlWMHZnMVgxT3FnTzJRTEdoVmg0Q2t0ZThlbGh4U0ZQQXptOHFWZjRKM254UmhlVWUyd3BmN3dlVTFCM3NyOG1NeGhjV2lfWHhSd3hLX3BJdm5IZWRpa1VUYlE4WHMwQ2VzLVMwQ3lHeDhCNA?oc=5
MRK,2025-10-14,"Can $10,000 in Merck Stock Turn Into $50,000 by 2030?",The Motley Fool,https://news.google.com/rss/articles/CBMilgFBVV95cUxNdDVoSUNTTXFMUVU1RjhITHJzdjBoWWhXUjJRUDY0R1NXZnlCNFlLVmtrYWdrMWhJS1VaU28tcXAybjZCNVVNMlFRLXVJc21xd291WXhKQ01BdjJTWnppNV82V3I5NEltSWpFbDdjMFRKSTFRREdoTXRjeDVWMWFaazVGaUZEQmNMeUhwTVRXX3hqNFZ4eUE?oc=5
MRK,2025-10-15,Merck: A Golden Buying Opportunity (NYSE:MRK),Seeking Alpha,https://news.google.com/rss/articles/CBMif0FVX3lxTE1CdlBYR2FWZUJVM2F3b1g1a1BoZDJ2czU0ekFkWVZLSzBFM0xZQ2JqYzhfVWs5S21rcEFjbEVZblF6R3B1dkpHdU1FaFZyY3ZuOEI1YTlLWjZqV2luRm9WZHoxYkRGR2QyanRuNTI2UlE0UjNRRlBNZUtSWTJWWHc?oc=5
MRK,2025-10-15,"Germany's Merck eyes life science deals, but muted 2026 outlook knocks shares",Reuters,https://news.google.com/rss/articles/CBMixgFBVV95cUxNN2NkeUttc2FXUDI5ZkNlWG5YX1lDOUxXZy1IdWNGYkFweWt1dnMxWnF5UFhUMHdFYU95RFRIeURZRTVoZXg2SjNBN3VvVXFzQjJVN0IxeTVEMldvTHpfbXZCcVBqUjRMNDJTNHBpLUc1bEFkR0ZwRkRBeWg5bXRNREVkUFQ3VFJreVVsbDJIczVZbHV0M01EcUtjRUU3QzJCc3FTeG1PVUtCeEhtLVItckViUUZ4bWZKd2czM0pTUHVwOG9yQUE?oc=5
MRK,2025-10-16,"Trump, Merck KGaA announce deal to cut some IVF drug prices",Reuters,https://news.google.com/rss/articles/CBMi5AFBVV95cUxNZHVTeGhacjNyWHdXVjl5eEstbjFlODZNRlRoYzFRTTVoWTJybUZYWndFY3Q0Q1Q2eW5ucFhyWnRuSjRaVjF4YjR4aHo5eDQwNF9CcmhkQkZGMUc5ZDd3MWhsOERlM1BuaDBiN1ZhSUwybGdDTUV2M2szcDZkbUdjQy1xeGdpQjJ5bDV2RzY3enV5T1pTbXhEdkc0OEpjX1RWV0ZDeFBFRHN6ZG1JbDdBYTlsMXgxcWNucEUzWWw2VkpCc2lQQ19hc2VZYXN1UGZfRkx2ajdBRldFVE8tRXpHa1N4X3k?oc=5
MRK,2025-10-16,2 Dow Jones Stocks with Exciting Potential and 1 We Brush Off,stockstory.org,https://news.google.com/rss/articles/CBMivAFBVV95cUxQUDl6a28zNDdVc20tYjlXS2kwNWJoR2ZEalRnWUk1MmdwSTk0REZHdFo2U1FLZ1U4ejVEdGo0MHJGejY4UDFTbXo4UWkxWExjM1QxOW9LOXQyYmdpM3BjN19JbTJfQ3hacWZBZTY0MnVpVmJhV2o0b3QxbmVYUDVnZmF0QjFtaFBLcnBvTTdGNWJSWG0zWkplSE0zQXRhQkFaWU42aW94V1otMFVEdFc0SVYycWQ0amRYUlNWZg?oc=5
MRK,2025-10-17,ESMO: Evaxion hopes cancer vax data attract partner after cash crunch forces smaller phase 2 trial,fiercebiotech.com,https://news.google.com/rss/articles/CBMiugFBVV95cUxNVDlmTXk0dG1tVWlSNmFaVl9SUTh5ejNwRlAwb2ZzTzAwQUV5S1htcGNkejA1VFNkREJGbXpPVjNmaFE5d01OMDh4WUFncm83NU5aQVZzcEFvOUt0cnlQaXZoT2VjbHc5bGt3WEVoc01QVzdxVnQtd2hRU2dSa0EtTG5hWU96czVabDF4ZUo1WlYyNEtwbkxmMGpuUFdBeElWaV9jdXgtXy1RLWNHMk9tUGtva2pCUFFVQmc?oc=5
MRK,2025-10-20,Merck Begins Construction on $3 Billion Pharmaceutical Center of Excellence in Virginia,Pharmaceutical Commerce,https://news.google.com/rss/articles/CBMitAFBVV95cUxOMXNVMXg5WUtka0hTcjlkT0doRjlPcVE4ZW91S0RuNmlTR1g0ZVdoNUstcjB2T3FXS1d3NzBaamctSjlnTkY2cDhlSWlrUDhERno5WE56bnZyVnBJZlBCcmZ5Z042V01iZ3RGS2xOVkN6UjNwaHB2NDExNTFDMHB5MTAtQ3hnTWtNdUk5dE5TUFhOVnhQU1AyT1BVei1iN2JyMWdFYTVEbFE5Q3hjeElFRGtxT1o?oc=5
MRK,2025-10-20,Merck breaks ground on $3B manufacturing plant in Virginia,Fox Business,https://news.google.com/rss/articles/CBMikAFBVV95cUxNWWVxU0NPWGxqaW50TjhEc0tPbE9mZ2o0S3Y3N29YdVJzTkZDamtoWTROVzdMWVpvVnpLZ1NHX1I3V1dlQno5alIxQUpLMWZBUFVsRjdvdXM1N3lvemdDQlp3VXI2Zl9QZkY4MC00VnBGa2hiUGRnVEVTMFFHRTlMaWRlWHVLSnpGX0tRRldVWVnSAZYBQVVfeXFMUDBiU1ZneXdFb2RTNUpiN0RveUR5WmhJNlpvbHh2UlZOZ2d5Q0FiYzQ2M2hRWk91QmVkYVVHQmw3MjcxQzlWdm1QWW40S290eUJqYlZFZkF1dlFlYnE3N3ZTUHhDcW0yM25CUE9EVjl3Y2szMUtNZGItd19IazhhT2NsemQ5d2FZMDhRQi1OYjY1NVRRNzV3?oc=5
MRK,2025-10-22,Prediction: Moderna Will Soar Over the Next 5 Years. Here's 1 Reason Why.,The Motley Fool,https://news.google.com/rss/articles/CBMimAFBVV95cUxOdHNOVzJkbVJ6dVFDWEhSQmhrLV9lMXNWczQxOGdXS0loazZJMjNyRW8yUG1taXVYbml4Z210ZVIxZUJ5Vy15NmZhUE96SlBPZTR0amY2Q1M5cEM1MXMybEl3dmx3OXczOE5SdXdvN19PWk5JTmlTblVqQmRnZC1LbkhzenpJSEluWHpKSWlaZ1ppemllcnAwQg?oc=5
MRK,2025-10-24,Merck Stock Prediction: Where Analysts See the Stock Going by 2027,TIKR.com,https://news.google.com/rss/articles/CBMilgFBVV95cUxNTnZDUkFrSjFOcS1DT3VfZ3YxcU9ZMHBmdldQWi1QUjZlOERMdVdSNERIRlFhMWZHbEJ0UDZwOXA3cDVuYXJnSlBwX29yTVNyQ0J6WmhHRXVCVUZPcVFGRFR0Nl9uRzd4LU9KOHdsS2xyQUk0Z0wzOWI3TGtLR2VaMmNrYWQ1NXFocGRhYlFzbHp5ekdFUXc?oc=5
MRK,2025-10-27,3 Healthcare Stocks to Buy Hand Over Fist in October,The Motley Fool,https://news.google.com/rss/articles/CBMimAFBVV95cUxPYW1OcGFwZkRDRl9YaTIxV3k4UVNEUWZ2LXd5VkZ4ZWptNDhORXNpSG9PUkJ2RGVlNVB5RFJLNlRjRklfY1FBOU02MkY3ZGtWbHJ0MURPT2RFS3BpblpaYnVxS2h3Y0hvZjVDQlotOEg3UnRvTUNTN1lIRnlLMVRaQnFHM3VfWUN0VmMwMk4zOWdVYTRLaUFzUA?oc=5
MRK,2025-10-27,JNJ vs. MRK: Which Blue-Chip Pharma Stock Should Be in Your Portfolio?,Zacks Investment Research,https://news.google.com/rss/articles/CBMirAFBVV95cUxQV2J5LXJVcFpSTEtYSjZXWWVfM3B6RDRiWThBTEoyRW56ejU1S2tZTXVVc1VQcnV5MmRWR3hka280bFFacExlblVFME40cml2VW5za0JzRFhXU1Zac0tEWFVXc1FJQVlBNnRYcnBOb2FoNmxzUGJ0ZWh2MEQ3WUtUTzNFeGlfVlZtRXZPUXYxYklUUlZzQlprM29rWUgyR3ZtS1lteTA5c0ppU0ha?oc=5
MRK,2025-10-27,3 Dividend-Paying Drug Stocks to Buy at a Discount,The Motley Fool,https://news.google.com/rss/articles/CBMimAFBVV95cUxOSHRKeWFzZDZQaUlIVkZNbEg3NDFYNjY3R0ZjNE1rTkUtcW55TzNuNWFCRXJjQnV4a2VYNVpXNUl1X3Z5eDVzV2VqUWYtOXRqMUV0dGFYM2FaeFNyR054UU12bTM0S09aOE9TbnJRVGNGWkpCQ2tWMVY5N1ptOXMyMEx1Vnp4MW4yeGZsSi12T2ZiZVZmVEZJOQ?oc=5
MRK,2025-10-28,FDA Expands Indication for Merck’s Winrevair in Pulmonary Arterial Hypertension,Pharmaceutical Executive,https://news.google.com/rss/articles/CBMiigFBVV95cUxOS1RKSmYzQVI4TDJFOWRSWEtzQ1NQaGl6VzJZajBpR3BRMXpteVE5aklxT1lTTVEyOEoybl9hby0zOVJ0VjZzRHB4LWdfRE8ySnVid1B0T2dNemFUYmNKUTRYTjBPZU9OUlpHODkxZWh3TzgyM0RhMkhMRkRHeFJ3bHMtV0VqcjlTY1E?oc=5
MRK,2025-10-28,"Healthy Returns: What to expect from Eli Lilly, Merck, Gilead and AbbVie third-quarter earnings",CNBC,https://news.google.com/rss/articles/CBMipgFBVV95cUxPNjN5aklGcUJuUVJPSnZMcTZLNXRlY2VYNU94R09rRl90eXR1ZzRxQWQ4Tm1TVElNRjNROUdtMFFLTVFuYzUxRDhvS1I1OE9TQzZWRHl0TGluaWRWQ2JlcEFOcjl3b01SVVp0SktfYXEtRlBlc0hSWlpXN2wydEhkcER5YmNIV1NzeXo5a1lHQkNLOUc0TEU3b3VtVkFhWWp5NTdrc0t30gGrAUFVX3lxTE9vcHl3Ry1WNjdSSmdHSGYwY0NLczQxWVJMa2pSVWhlLUx0TlBmWEo0eWZkaXBBdWctZFRFVGVhNU5BV1NHdElseWlqTjdtdG50TjBmY2E1U2JOZlExYTY1bHk5N2JiNFVLRUh2SVdFLWtxTXhUdzNRWVRTY1pCa1RKVHI0ckF3N1ZUTnhNZ2w3bEN6N1pSSWxCVXhYUEltRlhVSGtxOFZSeTVHSQ?oc=5
MRK,2025-10-30,Merck Stock Falls. Sales of Key Products Missed Estimates.,Barron's,https://news.google.com/rss/articles/CBMiuAFBVV95cUxPUlZuZnMtbDBtX05XdE1yZnMyYWc1a2NGUUxiRFRBWlg1eEFRSGtpTGgyM1RBaTF4OEdrZllWbDhLT0lzOTZva1lRRnpxYnI2MVY0WXZmRDBFTkdmWEhOemNKN1RXSkNMYnB2SEY1cDZaSXZVSEVHYnloZk1nM2hieE5lMHJ5aW1sYmdPZk1qajJhdGVzUjZRRHVwdkdxamN3bzUxWUd2RldtNFdsQUVtV09fc3lBVXZw?oc=5
MRK,2025-10-30,"Merck tops estimates on Keytruda strength and narrows profit outlook, as it lowers estimated tariff hit",CNBC,https://news.google.com/rss/articles/CBMicEFVX3lxTE1wUXkyUjYybTA4U1d0QkthZGVjbHBJV1FGVW03ZkNTNjlXUnZRRzl1c29OUEM2TnpWTDc5bHRZQ3lnamM4b1N4bmFrMFQzSmZWbUJvVkIxODctejdCWWY2eGFvQnktT19VVXhSeVFqcnDSAXZBVV95cUxQMzZXLXpTX1ZPcVk1UmZzM1pSS1p6RlBSZmRQTW9ibktrcVdxdmxLTUZtMC1lMEJDcUFXQzJiTU1Cd0IxRXJrNDRkVm83RXEzc001V2RGUlgzYjZ4VVBDb245YWpVZEt2RXVnVlBWamZLYnlsS0xn?oc=5
MRK,2025-10-30,Merck stock dips after narrowing full-year sales outlook (MRK:NYSE),Seeking Alpha,https://news.google.com/rss/articles/CBMimgFBVV95cUxPT3BEa1MybzBwNExSYUxfY3Z2SWxrREM3Z29CMlQyWHBHWF9YeEg3VHlwMlRyRGt6Sk9zcDRyWEUxU3JfSDQzVExHRm5YZUtkX2FHWDlEM0dLejZrT3hXaUtTNnpRV2FjOGo1MTJ6OHFYbW1qYW40bTdaMXdxZjY3TGFDcFdya2NXSTRUMkMxbm13U3hUdURNbFhn?oc=5
MRK,2025-10-30,"Stocks making the biggest moves premarket: Alphabet, Microsoft, Meta Platforms, Eli Lilly, Merck & more",CNBC,https://news.google.com/rss/articles/CBMipAFBVV95cUxQMU5LZi0zcjdySmpyV1pHWXNmYi10eFQ5eGxFaXBIckJaSUU0eEgzZ0RMMzhMU2xhMkZiQjhOZncxRnQ2UWJKUnVwS2k4YWtycDNxdk1zcHBQZERsTUxFdnZpR0ZxMi1xQnNTb1dkQ1JCT3NwamlOX1BhQWtpRnlpakdIc2Racl9XN2s5ZjVONUlpRm9oN1JXTnZXWThtb284WU54aQ?oc=5
MRK,2025-11-02,"AstraZeneca, Eli Lilly, Merck to invest in Virginia pharmaceutical education center",Augusta Free Press,https://news.google.com/rss/articles/CBMitwFBVV95cUxOTEZuWXZGenFuRUxCbU9KbTdQdzQ0ZkF2VDNoMXByWTc1SjFRcnZqMXd2ZDVMc1JKbmRWdVdUN3lsV3FPRG0yNlVLOTJxTmRQTTFwMGpYQ2RXQlY2d3pOckd3cDUwYXU0MGVfZkt0Mmxnc21PNWxJMzZBNFAydFVyeGdjZ2JxZlNVR3duMWhhYlFEOWFFRFo2RFJVNDRqVG5uQ2ppU2ZHaWFpc3liWGkwUk9Yc2h4eEE?oc=5
MRK,2025-11-04,Merck secures $700 million funding from Blackstone to develop cancer therapy,Reuters,https://news.google.com/rss/articles/CBMi4gFBVV95cUxQQ2lJOTN5Z3FrNVh5UmJKX0o4T190LWs3R3NRb01KMlViYmxnV1pIdmJfUlRUUDZxQXJYWVBtRE5GN0FkVTE1MGtyeWpOX0J0cnJncGRfLTg0bXZrM09XdTlUeHdRUFFzQUpsejlQbXpjTG0td0NPTVNzbnpRZm9kSTVjZV9UWEkwaGpDRWQ5NTVBZmFKWXRPNXo4c183RF9lWmExM1U5bTk4RWlscFRzaVlORXJvVmZYT2Q3TUg3dEh2VlQwOHZwNzBfajNhaWpPbW4zQmlRSnpGRHg3LVJMMXln?oc=5
MRK,2025-11-04,Why Merck Is Sinking This Week,The Motley Fool,https://news.google.com/rss/articles/CBMifkFVX3lxTE05TGpURTh5dnF3SXp2d0h4NU5tZXpZN2RlSWdKN2tKbFlWc0kyY1NoVTdOS3pCNkF6ME9aRGJnMThxVi1jcDA3U3JPaThVR1ZpcXhBX0dwejkzNjVFZGtxSlF2N0FCSHUya2cwZ0dla1lQTmZzVDFnRURHX0NTQQ?oc=5
MRK,2025-11-04,Merck Stock Rises Upon Receipt Of $700M In Funding For Experimental Cancer Drug,Stocktwits,https://news.google.com/rss/articles/CBMi3wFBVV95cUxNZ09SWEJqSl9MQU5OSFhhX1UxT0IwLXpUdXdaNDE2YzdsZ0U2bk52cktOckJ4aUhybzVxTVFFMUVWS0pWTFlfLUtWTnJEdXhISTdiQklSTDJoUURCOTNwTFJsZFA4NFA2X1REYVlqTHd2LWVkLTktdFo0SmJ0ZzhqWlB0ZUlGZEZEQ3l0VlQxMmJiQV9xd0RMNll0dHBxengxTy1xcjEyTW5TQ3ZYOEVjOS1udUxRWHAwS2xOYkE2QVUzNUpkOWZOQWVmU1ZXdm9fWnN3VUxFdXdjQmh6bi1n?oc=5
MRK,2025-11-05,"This Company Now Has the World's No. 1 Drug. Should You Invest $1,000?",Yahoo Finance,https://news.google.com/rss/articles/CBMieEFVX3lxTFBVU1hqM1pyOEdKM2VSaXY3ZExYWlF4a3BSOUM3aWxOTHZfQjRoUTA2UFFZWVJ1akpyMmVDczY2VEY0STk4TWcxSGRGZjRfbkttekZzZENIUEdnSkxOdTdDbG1HbmhhWjZfOXo1cHJDWkIzVWo1TnZNWA?oc=5
MRK,2025-11-06,Merck Stock Forecast 2025–2030 | Future Outlook,Capital.com,https://news.google.com/rss/articles/CBMiZkFVX3lxTFBPdFFLdVg0MkdPSnRvRl9lYWhycW9nYlZlUC1xdVFlQnFhR0tkbU5fYjg0UWVJQTZHQ3YxVVp3Ui1mQ2xEdmlsSVl4T0xrbGR0eUUzRGU4cW1mbmhCRzNjaUw1N1Jidw?oc=5
MRK,2025-11-07,"3 Dirt Cheap Stocks to Buy With $1,000 Right Now",The Motley Fool,https://news.google.com/rss/articles/CBMikwFBVV95cUxNNHhBb1NYVC1Hb3VGTFVrTTJWX3h3WnY1aF9jekJZblEwZUowZW5mWU5aeER2SnF2ZzlyZDlfdzRPRUktdUdLSjZDNEhKNUVlNjAyeWs2TTRxSFY1QXhDV20xV1l5ZWtCbG1USHQ3MUd3ZFpfSWh5Vm9sMW9mUG80UHJ2bGZqY1RTQk5vQTdnUmJndVU?oc=5
MRK,2025-11-10,Merck’s Heart Pill Slashes Cholesterol Levels in Test Patients,Barron's,https://news.google.com/rss/articles/CBMigwFBVV95cUxPWFJsdkU0RDdTUzdGUzlCTGxZVnVURzV5cGlHbDBBX0lVbGIwN1ZPUmJ0QnZIenVmckRNNEk2eXpMNmpSSG5VeHJIMVpPdGNjVEMxR0JPWDNyYzJhdHJKck1rbFRJUnZSWFQ3LURTbkJkRkUtNV9Xa2Nzd3BXd0lLaXh4SQ?oc=5
MRK,2025-11-11,Who's Winning the Intense Battle to Rule the White-Hot GLP-1 Drug Market?,The Motley Fool,https://news.google.com/rss/articles/CBMikwFBVV95cUxPTlBpU2YyQko2R3hZbzE0Zi1VdWJHVGZXZnpjMFFlUmJTLTY2cGtkYWxOMmZDaHpmSU5tbDJRMnNiRUNKZmJVT2FEUW00TzhPV3lRYWZ2b0ptMm9iM05uZnpKOXBTWTE2RkRLVnVzemVRVTBjblBlQm9nUVlzTVFGaEE3alg4a2VCeDNxY3lsaVREcWM?oc=5
MRK,2025-11-12,"Merck KGaA's Q3 profit rises, beats market view",Reuters,https://news.google.com/rss/articles/CBMiuAFBVV95cUxPRlB0UHhJVWFYeTlJTTFYbkM4TTk4T0NBX1FtUnpabjZvUUpjS2daZTBJMTIwYW56bnROU2FOTnpIMjRkRFFkZTNSMEJ6cVlrMGZNR1NlSzIxZFdWdjBEaU5jNUc4cF9ST3V1anVuNEYxLWtfSU1CX2djUW1rczByZWFNYmphTVdZM0ZrcVpqVGhMbkp1bmU1Q29ZRVMzMGp1QjhheUxWbFJQdDk3Y3RLMmpib1BLYzls?oc=5
MRK,2025-11-13,Merck To Buy Cidara In $9.2B Deal To Strengthen Antiviral Portfolio,Stocktwits,https://news.google.com/rss/articles/CBMirwFBVV95cUxPeDdnY3dyZk9LZ2lJY1JpZDRGUDdXMHFvWnpyMFpGS2ZUWG5ZZE5QODBsdWJFYnJuWThKbkhsamU1Q1M0TjFndVJvVTRvaUVxRS1xWE8zNEI4WjdmejZ5VWhiNEJSellNVU1vZHM4b1dzN3R5eV9JcWxvdHZ2YlYxd24zNWdwRGxSVS1NMDNnZEVQN1BXa21USDRveFpUSWlYZDAzWWN0a08xU1JSYS1B?oc=5
MRK,2025-11-13,"Germany’s Merck KGaA Shares Rise After Semiconductor, Pharma Demand Boost Results",WSJ,https://news.google.com/rss/articles/CBMiuwFBVV95cUxQeko4LTZ2QklVeEd5ekxwR2JwQi1HWmZWU0R0alczMXd6NC1mQmpHdFlQcVhRWC1RcXdqOG5ianpib3FmTmlHMERHaEZZSW5Edk9mTTBRc01HakZ3SXhPMHhLVlhGMmM1dG1TVG5vd0cxQ2Z4V0ZsRmNMYU5GengtQ2ZUc1dCQ3NCQ3NESWpOdlQ0LXAzdGhDRWNGQU9iX2YwVlFlY04ydVZOVHI4OW8zQTR3dHFQTlBRS29n?oc=5
MRK,2025-11-13,Should You Forget Pfizer and Buy This Magnificent Drug Stock Instead?,Yahoo Finance,https://news.google.com/rss/articles/CBMihwFBVV95cUxOekxic0ZVZy1uNUduTTNMWHpSS0Z1Rk5LbEFldUF6eVdJdzR6anRaTEd3Y0NjYV82cHJxMVg5N2g5NTRGVVlERE10MkNCVFdtWFdRUkFYb0dKTURZUlRoQkMxUi1ORWd2Um5oVFd1YldWanpuYmhPdWRoRzVrRTZMd2lJVVR4VEk?oc=5
MRK,2025-11-14,"Merck to Acquire Cidara Therapeutics, Inc., Diversifying Its Portfolio to Include Late-Phase Antiviral Agent",Business Wire,https://news.google.com/rss/articles/CBMi9gFBVV95cUxNczdlYTJ2bm1IMDY3eXZvRlpodjJhenNUbmRmcWZOaFd6ZWYya0R3U1VEUFF0bmZ3VDFCZ3ZCbkhscE8tRWxmVEt2d2swNUx5ZjFDS2FlT1FLTE9NQlFCRnc2eEpEbGp3Wk1icG9XYVJvaG9aUUY4WUM2bmlBaW5hRWptSjhlSVdxZzV6VzJUOC1mQ3c1Y1llaG1weThHZG5oS2hUZktEcXFhN1VpbWw0Q1N2N0JoZUFqWFFoX2JnWXlENHFoZk9xYk4zcFpUa2FkcEZoRzVacHJRN3lETlNpRGJMLTZkMkdQTmRvb0lLbm1aOUJQd3c?oc=5
MRK,2025-11-14,Merck's Cidara Buyout Is An Opportunistic Win For Both Parties - Here's Why (NASDAQ:CDTX),Seeking Alpha,https://news.google.com/rss/articles/CBMisAFBVV95cUxPcm9qTXFtSkZsVjBBSzRVYzllaGxLVk00UDBneFRFcUZhMVYzaXBRLXVqWVVKMTNWMGdkODZpRU5xVXFvUDJUS1hueEw4WGk4MUl2alFnLXRxcUhFejJERTBVVWEwejh6RkN3dkcwS29kenYtcW9xVTNtM0toalYxUlRlR0JBYkN1WXR3dmhpYkZ6OXhVdEtNd0ZsUlBfdjdVWHEyTFdCNEVQZ1NXby1LXw?oc=5
MRK,2025-11-14,Why this money manager is buying Merck and selling Alcoa,The Globe and Mail,https://news.google.com/rss/articles/CBMi0AFBVV95cUxNd0Y0RzkwRkJLWlpoRm4yRHRreUJzQkktcjFkc0N3aDcwWlhEUXN6WUtha1hRZmdtb1dQeng1bGNhMzZtd0NKTkhJek1DNmxJUFlFdkMzZUp5UjZ0dHI1YkZaV0E0aDVGNG9EeEdLeF9LRWNXWVJUd2RjbHVJelpYcGVFdUlPTTVFNjZ2SkVMUU9fSTNRb2FfbFhmR0QyaHpWaFFzMXdnRXdLTTVMNEJqTU1GaGsxMmpnNDdHcHhlWktCV2NDSHdWNzdWU3B6aVU1?oc=5
MRK,2025-11-14,Merck agrees $9.2bn deal for flu-prevention biotech Cidara,Financial Times,https://news.google.com/rss/articles/CBMihAFBVV95cUxPQ21EblYxa2JWb0xIU2JvZTFnSDR6ZC1oUHdGVktEMVNzM2NteWRFTFpLajhqLS1zRGY0UDNzRjl3R2xkam5kbzJ1WUtRN05fV0Q0QWJVeE9zQXQ2WEZWT3Q3Qlc2a2xvS2UxSVBCNFZqUEtJc2VVdl9saThtUUg4ODE5Vl8?oc=5
MRK,2025-11-14,This Biotech's Stock Price More Than Doubled on Friday. Here's Why.,Investopedia,https://news.google.com/rss/articles/CBMisgFBVV95cUxQY1oyQzNGa0o0TDYtMnIxQ3BXU1BWdU1vQ1BDMTA0LVFVUndoRllfbnp5N3dFX2l4M3lPMVU4YVFyZ2JnRHBPUUdiV3dYN2pCd0hSREg3OVdCOUVKQXFPQVpULTJoVkE1TnJqY1ZzUWROSWVOTC1zVnFTOW9rcndFeFQ1WjlRaXZDS3NBNVZ3cGRtVVZ6TFBwWFV2SktNMHVXNmowX3dBS3RnUTdnS25Ld21R?oc=5
MRK,2025-11-14,Belén Garijo’s prescription for Germany’s Merck,semafor.com,https://news.google.com/rss/articles/CBMikAFBVV95cUxOcmFhNG5kd0w3MF95amxLVzMwUG9YNUd0S294aG9GTjRoSGFWWU05cURxN2JSR1BaYVFDZlBoX1g3bHVYUDFteVExbGV6UUdXdDlRRkM3Z0o0Z3ZSRC15WS1nTzNVeVYwU2ZvSnhkeE1hWUxhbm5iS2c0LWxTaUY0UGNFLTZ3MjYtVi10NWVwbDY?oc=5
MRK,2025-11-14,"Merck pays $9.2B for Cidara, picking up flu antiviral spurned by J&J",fiercebiotech.com,https://news.google.com/rss/articles/CBMinwFBVV95cUxPTm5acXRwN0JLTEpCR3RVTjR3Q3pwdExza0szTFpSSTdIR0RJM29qN05PenRoNUZWRGtGVVFjbDdVVERXME9TX0s2cUZMb2hKWEExaHBMcUxJdW1zaEV6bVA4UVUzV29QSndNeVNab2NDQVFDMnJXRlhoZzVnQmRQZFNFVGN6MjhSU1ZIaTgyYWtZSWNPREo3aHhYMzVDZzQ?oc=5
MRK,2025-11-14,Merck bets on flu prevention with $9.2 billion deal for Cidara Therapeutics,CNBC,https://news.google.com/rss/articles/CBMifkFVX3lxTE1HemZETzExNjhQazVrZXY1RGFrVUEwbEw4QnhMMWRUdmMxNjBGNzRFQUtsR3hVQks2dmdNZVlCcTJ2Wm53VFdKcHJybFJQYWpBTlMyalphLW11SUowMW5URGxiYmk2Mzg1R3VXQXBHVXBUd1BvYXo0cmo4NTlCQdIBgwFBVV95cUxOdjV1YnlXTXNJNFZvRjRWWlJZbnRHZjdUZUJrckJYb1N6X1lQeEh0WjhUMnpjX0VfWERCT1ZxZXpWMTBYbEtwbFk1cFhyS1BIcUtaWHZsVFU0ZVhlUFJCV3cyakF0RmYxemRrZGxsRzR1aEdPUG9vZ1ZDUmRJd0plekI0QQ?oc=5
MRK,2025-11-15,"Merck to Acquire Cidara for $9.2B, Bolstering Antiviral Pipeline",Genetic Engineering and Biotechnology News,https://news.google.com/rss/articles/CBMiuAFBVV95cUxNSXNvOFNjYTRENW5NNW9VMi1NTlc4S051SWh0ZXlMWng5cE9DUFA1VF8ySmtFRVkxYUdVZlRfWmlEWDh2OVBobTdSbG5vSE1pLTR6djlnSk5scDVWeTQwazd5dm1oNm0wWDU1SU9sWXExRTJfb1FvaHl2S0R3RThkTi1fY01qeklYSTlRa1VFanJpQ1B3SHhHREpYd2t1NFNkTk81VVd2VDF3VjQ0aW5uUFVkUGdpelBl?oc=5
MRK,2025-11-17,Biotech solves for best-in-class ADC formula with $120M fundraise,fiercebiotech.com,https://news.google.com/rss/articles/CBMimAFBVV95cUxPMG1fbzc2Z2xyLVRoRUtpUTRIWXFjM2t0dnpSV2F1Z3N5clJZblg2R00wSXNVQ1pYMm9ZS01JZW1ZVlhRNEt3SHNOOS12MTdHU1FCcDN6TXV2OXg0N3gyaGZLaVpKM2o3TXUwcGIwZ2xNaThBRXJTOGdiY2FoQ1AzUVZzRnNZNnY3S3k2UVo3STVfTnhrOC16aA?oc=5
MRK,2025-11-17,Profit Margins Point to Winners. 30 Stocks to Play Now.,Barron's,https://news.google.com/rss/articles/CBMikgFBVV95cUxNNEVqMUk4ZXNUdEc1dXgwSVBaYi1jQUMtblJDZmNncjBBVGtmcldScE95TlpFUXpOU0Q0QzY5MVRsemRQa3BONTlLZUx3aDU5SHZyeGxTejRHckNvMWN6UTZnaXRmT1ZMY1YtTXVHaU1TZ1BVcXRwYnhRZ1k2X0FmaGVtWHJOUHVJZDJqc3MwQXJ2QQ?oc=5
MRK,2025-11-17,Merck sees over $5 billion opportunity in Cidara's experimental flu drug,Reuters,https://news.google.com/rss/articles/CBMi1wFBVV95cUxPd2trX2ZUME1VcHNYajh3M0ktQUR0S1F5V2oySkd3eXlub0piVDd6Z256azFXRkJvQWlyWnNaekk0eGN6TXhQVnFWdkZ1SFYwZXhTUGc3ek1XNjF3Ty14Q1B6TS1SMndXOHJKNU5Kanc0VkZTalRiOE5VVkY0RjNVaW1OdXZDUG5saVFvWEZGQ3puTFdCLTRhS1RaRlJIUHhVcU1XNjFHMExLcE9vOThuTDAzem45amRDSXlpMjlEOThjcjJjNUticndnZTZOUmNzT0RweUQwNA?oc=5
MRK,2025-11-18,Merck’s blockbuster-to-be cardiovascular drug scores in another heart study,BioPharma Dive,https://news.google.com/rss/articles/CBMilAFBVV95cUxOX0lCVEdDZlBvVDRHQ3htY0VXemIyUTIwOUFXbjlCRU00R001cXNzc0g3VUExNU9Wa3JmMFcxT05HUmt0dTRjdWpKT2R1MHhkaG5COFpIdmlDRlJDdlAxLV9DRU90RmhlRjBZa3NPVDYyOTh6ZzdGMWNGX0lRdE50QVFyMnV0WlFYUE5vVXljWDhBNUVB?oc=5
MRK,2025-11-18,Merck Announces First-Quarter 2026 Dividend,Business Wire,https://news.google.com/rss/articles/CBMiogFBVV95cUxPLUdZMFFTTEptQVotaGx5QnNTRVZHcEZpRnpMalJieWJ5V0xtMFRRNkltcUpreGhqcmpzTmw2SlBsWlZ3Vm5NM2MtYUhWNERjaUF2UTlwT0NFSFgxUEM5RGlxN1NVbnZvZkx6bWtqWGpXTG9UaUFTU3RsVE9LT3E2NGJVMU5EZHpRRnVhdXVqeG9Ta01rUHhQSHhPbTlzVVp5U0E?oc=5
MRK,2025-11-19,Why biotech and drug stocks are rallying even though the rest of the market is hurting,MarketWatch,https://news.google.com/rss/articles/CBMizAFBVV95cUxPaW9WVl9WdHlSaEdtT2tVT0FPY2RHMmlhYUdoRUVZRDIwRW9RZDhXYkdYM0dCRlU3TU5ycFgxVklBZjJTc1hDTVF1OTEwNnVGTUlDSkdEVGdSenFTTDgzMXBJSV8yUEhobE5aUWZBVDhRT1NYR1BkeWFCb3NHakdta0hiOXNtbXlTVElfb0FfSl9jVnJ5TFFUZlVkWjFJUEk4V19VUGJUMzZXR1ZoQTVjQ0hiLVNjS213QzUtbGM5SE1iMENycy1WeUM0OUo?oc=5
MRK,2025-11-19,"Big Pharma Layoff Wave Extends Into Next Year: UNH, Merck, BMS, Novartis File New WARN Notices",Stocktwits,https://news.google.com/rss/articles/CBMi6gFBVV95cUxPTlZ3ZDN3WDlLMHFKOGlTbjFZa2pGR1d4SGVjS0RYbVhmaGVCOFo1VzF3czhUMGEzaVVzMTRGUVllX0plWEhEQzUzazFwSXFsdmdCd3BiSkNhbTdURF9hUDRFMEJpYXhQaUstb08zQ1Z1NVFHemlNdHhUdXNzSWFtanlxeDFLZ2x2UUE3eGdodUJqYWFERGw5aXh1OGxBMnZPVVFjYjlaLVRJM0NEZjZYMEJ2SlFpempuaGVpMzRKSzQxOFdYdUdxcDVwclNLeW51WndRV1hKVXhDcDlyZUxod1ZWZG5qMWpWM1E?oc=5
MRK,2025-11-20,"133-year-old drug company plans layoffs, files WARN notice",thestreet.com,https://news.google.com/rss/articles/CBMiogFBVV95cUxQR1dhbkV3QXl5NnpjNUdCSU1WWkl2RWtaSjFsMjZZVVBtY3ZZSFpJcEdqcG52TVRzN2JXYlRVMzlZMVpLMHlWbTZKTzVQWC1IX0pUcFR5bVJEX096SVI1bnFXS0xLLXN3N1gycWFHTXlKN3VTak5VYlJlLUV4NTI4Si1kSFBSNnNjd1Z5Uk9NZXF2Mk9Sbmp6clY1Z3BqX2lFc1E?oc=5
MRK,2025-11-21,Eli Lilly becomes first drugmaker to hit $1 trillion in market value,BioPharma Dive,https://news.google.com/rss/articles/CBMioAFBVV95cUxPYXR6U1o3NlQ3YzJFbDllOEdIVVpKUnFvQURRY2s2anMyOGxBZFBDZnVRMVd4UmdBQTJqeThoS3VaVVp6X2NOOHM2dXNoOWM5OURMZnhLTDRIRXlpUmEwY2tvS0RQOVY5NWVzVjFDU29nWG9LaV9mYmR1VXJZV1ZVYm5jZUFKMmdkTnpJbVB4OUE0OUpQc0JtT3NscFcwSE1U?oc=5
MRK,2025-11-24,Why Merck (MRK) Stock Is Trading Up Today,Yahoo Finance,https://news.google.com/rss/articles/CBMifkFVX3lxTE9SSklYWGY1dmx0R1Zrb1ljbDZRWkhGT3pTb2ZWOUhaTHhpUU0xdC13ZjdYQUhzSFVpek9lVHJLb2c5bGpwSWZIRmhHbTZ1b1luN2J4N000Y2pGRGlMZlotWmlhUmw0T3V5UnZkc0FBeUpzWGRDZkN4bUItQWpEQQ?oc=5
MRK,2025-11-24,"In Q3, drugmakers saw a marked decline in US vaccine sales as Eli Lilly kicked into higher gear",fiercepharma.com,https://news.google.com/rss/articles/CBMinAFBVV95cUxQb1NQNXZxS1c3bTJQRE9ncGdqbDhBZ2lxVl9td0hYM3VEbjgyVTNUcll2YUdDNUNROUV3aE1BTFRtVFlPY0RRSkxVemNRVWQxZ0czQ0FBaXJJZDNyWU04V016TFphVEQySkJZS01lOWRMbTByRnhxS3ZaX3p5cGgyeGl3UnB4alpMM2ZwSjhPZ1NycE5ZbTk2YS1NN3E?oc=5
MRK,2025-11-25,2 Dividend Stocks to Buy Now for Big Payout Growth Ahead,Yahoo Finance,https://news.google.com/rss/articles/CBMie0FVX3lxTE44M1Z5QTlLN0tadDUwSVhxc2wwR1hDc1RlcEtJQndRTFg3eGVUajNUREtMOUZpeUNtN1NfVGtobzBIVlpkN25LcTZ1andIZzZJdzdkaEJicUpEWTNESFRYSDV2NXdabDVjVnl3UEVLMkxZdklzX1otUU83SQ?oc=5
MRK,2025-11-26,Why Merck Stock Jumped 40%?,Trefis,https://news.google.com/rss/articles/CBMijgFBVV95cUxOWVdhMHJqQUtPQU5sYnJLX3pRWTIwSm05RFlLU2pjUGlfbk02WlcwSHJpanhqajRnQzFhNVYxR3VKS25xMENSbVgwVEpKSHpTaTlWNVBjVTZ6Ynp0M3pvM2E2aVpyd0czdU9ZOVR5NHloM2hUTmlhZ01OQVVZLXdWbGhrV1dHVVBmSEUtR1Rn?oc=5
MRK,2025-11-26,Merck & Co. Stock: Is MRK Outperforming the Healthcare Sector?,Yahoo Finance,https://news.google.com/rss/articles/CBMihAFBVV95cUxQUWdIQWhFaVFfam1VQldxMzVKYy10b0VhQzZ4cmJZajdoNE0xOU1taHF3aFU1dnpTZUZMOTFDRUZKSm9CbXhmYXJMTnlqTl9EeFVmOEl0b0FLTFFycVZQOXdlTFFxWW04Ty1NanJtNXRjZnd1dDdFZkdfNHZ6aXdsdzdwNks?oc=5
MRK,2025-11-26,Merck Stock vs Competition: Who Wins?,Trefis,https://news.google.com/rss/articles/CBMimwFBVV95cUxQeVhGbXVWbWtiR2hnTVNMMjZGSWFvOVVJZURMS014S0FUVHVJX0thVU1TSnpCelUzRkRYbmhIekdoV3NWSEJtWmxXZ0NwMUJMdE1kYmthYVA5Y2hpa3B6d0ZXclRpc25ndEpoUGFkelcxVUlGcThkZlU3SFA2YjhpOG1SVU13WE1WdjBwNHpJSTFGRUxvZnVxdnlMQQ?oc=5
MRK,2025-11-26,Hedge Funds Pile Into Health Stocks Leading Market in Rotation,Bloomberg.com,https://news.google.com/rss/articles/CBMiswFBVV95cUxPbEJfMkFIZTRsUk84UlNHeHlGaFhtMDFQS2RqSVZOSGFDa08zcUVVWVJDbjNVZkJ1OHBxNDNjNmYwZkhJRzc0VGsweDVpa2haRlltcEJnNXRJTXlaYzNMcmJRemRWZDFyekNCcTJMczlTaDBRQm1XelBEMGQxcC1IMnhsbTU4VWZjUDJIR054bTdfYWx2WU9lTEhjU3hDYjdNWTlSODE4UXFCeEhqN0lVbEd5aw?oc=5
MRK,2025-11-27,AstraZeneca or Merck: Which Oncology Giant Has the Edge?,Yahoo Finance,https://news.google.com/rss/articles/CBMiiwFBVV95cUxNX1J2TWlvblFQVHpfSzNFYVI0blB2YlROR1RMSnlVRGF6ZmJqc1BhQ3VYQ3FrTUI0MVFmal8yZmtzMHVPSmpGT0N1WjA0T3Brd1hHRldKVXlVSl9ySVlMNGZFVVRtT2hwbVRWbTNVSE9WZWF0YUtpSk1Bdm1KMWkzSHlyalRwUUZOVFFn?oc=5
MRK,2025-11-29,Impact of Product Recalls on Companies: Financial and Reputational Risks,Investopedia,https://news.google.com/rss/articles/CBMikgFBVV95cUxNamJ3aFk1ZktwZ191YnI2ME0yZWx6eTVqLThUSFBaTlR1aHFxTTR3c2htaVFUbFZZQmEtQ05Hd3VIRVFnQnA2OUtPSWtmYmM5dGR5UlNWTkpsVjlDZDJXcXlzOXdIbHM0N2FNRnJJRVFnbDFSNTdHMm5MR0xWeUVxUDRtUTcyTHR0TWRCaUZEOUM3UQ?oc=5
MRK,2025-11-30,"These Underrated Companies Could Be ""Training-Wheels"" Stocks for Long-Term Wealth Builders",The Motley Fool,https://news.google.com/rss/articles/CBMimAFBVV95cUxPRV9wdHZydjFGc21tS3pKSnVoNlk3akpEMzg4bW1jSkZGUlFhSm5fYXBuX2Fucm1xU0hMcndhMHhFWjZzWEREbGV5XzAycnNxcXBHZURscDE5V3NEWHpsRWJVY3YwUEQ1RHBraUxKd1RzcUhIWnJNaWFxYjFIQ1F6TE0zMHA0MFlkTXpUZXpPU3dNWEN0VkhFcg?oc=5
MRK,2025-11-30,"3 Non-AI Stocks to Buy: MRK, UPS, CVX",The Motley Fool,https://news.google.com/rss/articles/CBMigwFBVV95cUxQbDl5alZCTUViaE5YeWJmMUprVElENW1iVk9iU3ZjeV92VVp3ekxUU3NrVUMybXlkcHZCNHNaZnpORkpBNkczc2Q5bVpIZmszZmFja0dkbmZmZ19PQXpJWDlIS05LMHV0S3RGZXNvSWJqbVNlNkhiOEpRVzIwemNGVGpzQQ?oc=5
MRK,2025-12-01,Here's Why Merck (MRK) is a Strong Momentum Stock,Yahoo Finance,https://news.google.com/rss/articles/CBMifEFVX3lxTFA0TTExbnFvSWpldFNseFZnVUVrRmowTjlUVkQ2WVQ2QWhBdUFtODFQZVY0NklXZFMweG5pUmhrX2hlRGF2QWlBanQ0OHIyUVFWbzNVV0Z2WE56dFFhNjBxVmFDdkhoVUR1WW0zSmlGM2tRakFvdEgzSmtVUDU?oc=5
MRK,2025-12-01,Merck Showcases Data for Alzheimer's Disease Candidates MK-2214 and MK-1167 at CTAD 2025,Yahoo Finance,https://news.google.com/rss/articles/CBMijgFBVV95cUxNRnRrQjdtNTZacVlna19wbmE4YjJFTldGeGFkUGtjbWxkYlFqZHoxZkUydWwxN1hTUGRnXzY3R0lJVlBCdVZDMEVqQVJ2b0RLSWNkYW8zeW5ULWxVdGo1VTFPc3pBSlh5RDZrYmhoRVphcGNKYzhJZFV4cUpHSk9sbzg5cjR0UnVxaHZuU29B?oc=5
MRK,2025-12-01,Top 10 High-Yield Dividend Stocks For December 2025,Seeking Alpha,https://news.google.com/rss/articles/CBMilwFBVV95cUxORmdkUXNZT1FiZkVqODlmZXF6YS1HUTB0SWc4WkhNZE1EaWVMN2x6T0xCZzdZYmNOcWJFNDNSS0pMVXZqbXdjU0tCTGVIOWYxUm1jV21wNjE1Mk9ZdVJTdGstcHk1Y3Vmel9IRlQ5aEZrc1hRUDBUX2xPcGJNdThDR2dRY2pVUjNNbUFDU0UybnBoMGJMaEdj?oc=5
MRK,2025-12-01,Merck Kicks Off US Dollar Bond Sale to Help Fund Cidara Deal,Bloomberg.com,https://news.google.com/rss/articles/CBMisAFBVV95cUxQSE9iWWN3R1prWXVORlRKX0FfTFRtSTdzc185RE1abEF6cEUxN0FFUlNFSUdPZ2hITDg3VnU1R3pheVdSMnlKeGZTMmRMTXZCMTk4VklZbjBhSWM5WVU5OUFGNk4yQVJEWXpBckFCLTJHOGVscHd6N0ljcGVxR0Zhdlhld2Q5d29RblBnMXlrRUhHTmdWSDNacXNsYWc0MFEtSjFFRGJGb0VieFpwMkI0Qw?oc=5
MRK,2025-12-02,2 Monster Stocks in the Making to Buy and Hold,The Motley Fool,https://news.google.com/rss/articles/CBMikwFBVV95cUxNelNuUWRMS216R01rVWFXajVvay04eVdEb1hZZmJIYkZ6SUJmQmlLZlN6TzNDR2poMDhwQTB6cU5xcmQ5d0hpX29MVVdmNlJDcXVuM3lJei1QWU1mV3RIbEtnSmp6aW9QWnNKa0otNkpBUkhBcG0xOVB1cTh0UThwVGhVZmRCLTJoOEw5dEZZVE4ycUk?oc=5
MRK,2025-12-04,3 Top ETFs I Plan to Pile Into in December to Boost My Passive Income in 2026,The Motley Fool,https://news.google.com/rss/articles/CBMimAFBVV95cUxPSENwNlRERTAwV3RZVEdfNGV3UEhtLVdzUVM3QTUwM3kxV2pMaVVabFNkRHpEZzdqb3VsMUxLQW9GR1c2QldjY0xyQ2pjZ25FYmFvY3RZM2NFMXRQT2VmWlp0WEJtQjk2dU9aVEpwbVl0c2VMU3NKOVFDQ2c4Z0pCWDVnTDFBR3dZLVdBTnIxQnFYRGRtLTR4WQ?oc=5
MRK,2025-12-04,Halozyme Granted Injunction Against Merck & Co. in Germany in Keytruda Patent Case,WSJ,https://news.google.com/rss/articles/CBMivwFBVV95cUxOTlRYakl6SlV2ZTRaYTRscHB5MExkU1RaenZIUmhmU0l1VWtEMmFqWHRQVW5JSko4UmRaSjNqVk1Bb3BheTBlbXNQNmhHVTBrMFp4Mk5HcGR5XzY5blJUVkptaGtfX1hiYTh4dEN5S0k0cmVMLUI0cEdnU082Y0tBUnRZVExtekpSdloyak43U05wRFd6YVNVN2FOQ0lsY3k1dXNRbVF6LXlYN3NnM0FiMDFVcTIwZ0lwRksybmVfNA?oc=5
MRK,2025-12-05,"Trading Near Its 52-Week Low, Is Summit Therapeutics a Good Stock to Buy Right Now?",The Motley Fool,https://news.google.com/rss/articles/CBMimAFBVV95cUxPQU03Rk5Ma0NRQ1hIUlJfMzdUUDVheWtSRlZMUFRhcHlJT3g2OFlKR0t1SFhva19BOVEwYWlQaXVId2hvbldUdDNSNTA1SU9oRm5QRzU3VUVkaHhNMFJhRWlKR2NNRXJodVNXNXo0blowYlI5ZG82RUpvUVJCM19sVnRhdmdYV1kxeV83UTZnSU9YQUpvQi0xZQ?oc=5
MRK,2025-12-05,Do These 3 Healthcare Stocks Need a Checkup?,The Motley Fool,https://news.google.com/rss/articles/CBMijwFBVV95cUxPYXRQaDV4TVI5bDNhRWhuT3FpMDliQnEwYUk4aUNQMlVobGwxTzNyQUZRT1Brc0JQdmtfSG1Dand6S0lsVlFNdFdYczBac0UtUFFTdlpqdEI5Z1puc3dTZFZmbExla25DNkotUXFLZXY0cnZmd0RGM3Z2SF9pLTliQkxWQUZMTm9nMno1dUU4WQ?oc=5
MRK,2025-12-05,"With Netflix's 10-for-1 Stock Split Complete, Here Are 3 Growth Stocks to Buy in December That Could Issue Stock Splits in 2026",The Motley Fool,https://news.google.com/rss/articles/CBMiigFBVV95cUxQRHFvWTVQaWdzRXI0aGxNbW5vbkhBY3h2allrZTNMRzFzVHJEbXY4UmllcGY4dnBKOGR2STNYZE1fT0hTTVpLOVpGZDYtMHo3UENub3YycXVPRkZIT0lBX2hwQ1EzalhuX3JsRUFNakZVdm5aWDRqclVrQURLY2RFVWxseW9qNHFDYXc?oc=5
MRK,2025-12-07,"Merck's Stock is Suddenly Soaring, but Is the Struggling Healthcare Giant a Buy?",The Motley Fool,https://news.google.com/rss/articles/CBMimAFBVV95cUxPaDBpMk00NXc1a1VVejUtNy03bFByVjJMVjdnSFgyRjUyaUVPNlZKWnVMdTBQZ1RPME5lX1YxTER2ZlVmdDNLZW53eENWOTlLZHF0c2pUbkp2TThfb2JKSHNWb0IwUWtWZGFIcGExWlJ3WG9uZlFXS1FONlNvMlBTR3RBWTloVXVkU0Q5MnI1S1hRUVBYbHNUMg?oc=5
MRK,2025-12-09,Here's 1 Major Catalyst Behind Merck Stock's Recent 3.8% Bump,The Motley Fool,https://news.google.com/rss/articles/CBMilwFBVV95cUxQSnAyTmhJWlZsWFBncmRCd3pmRUR5YXVUcjMtZ0JsY1ZYakpxQjE5Y2lubWFJZjBWUGQwSW9KdXV6bEc5OVpzQ29mbTBpWU1QbVljSElneVpsdmM2cGxaYnZsVjJTOGUyUEZJTEo4bVJ0OWpMX2IyZmJiQkF0aEN0UzBpWjE5OXk2b0gxNXRiWExIUGxHSTBF?oc=5
MRK,2025-12-09,FDA approves Merck drug for decimated U.S. cattle herds to stop screwworm,CNBC,https://news.google.com/rss/articles/CBMijwFBVV95cUxOZ0RFSkdTdllWaWI3eTN6VklYZldNMFdCQnk2b0RKVzQtVTRESFY2LUx5UEgzYVhNNFo3UW56YjlWZnhtaTJFUlBuYVE2ek5BSC1xT1l1RXh2TzJMZjAweGUzU3Uyb3RnV0hYN1dtREoyYjVPRWJjUTkyRTBXSURNOVlQRmw5YTNfUzlIcHdtWdIBlAFBVV95cUxQR21tQk5oUXo1azRtWFAzemx2V2FBZHBQRkFVdEFVODVCNmtTOTBCcDBfZFRTSk1qa3NhMldQTXNjNE5MdDVFN2RMaWlyV2RXSjNqUWdZQnpfS0NuVHBDMkMwWjFCTzFQZF9JN0doeWdRZ2o3N2ZDYUQ4WFQzTnNRbUV2TUJ1VkRfZmpjSHcxRFlCYnM4?oc=5
MRK,2025-12-09,"FDA now has Merck, AZ and Sanofi RSV shots for infants in its crosshairs: Reuters",fiercepharma.com,https://news.google.com/rss/articles/CBMirAFBVV95cUxPbW4tOUttRmlzRkFlZ1ZLS29mbzRXWmpkNGd6cVItc3dBdlUxdDRCZWxCWjNjcGFmMUpZemlXZmZpanN3ZjVpdEVNa1YzSGhVbk1QVmEySERxSHdScnJ2WDNqSTNQQ3E1bVFNS1F2b2Vwb2RMVkw1aU1RdmFwemdHeWNtWFVhcmpTM19uVGRndy1MdEl1WjRtRGxla2gxRnZaOFVKbl9aR29HWDd6?oc=5
MRK,2025-12-10,2 Pharmaceutical Stocks to Buy at a Discount,The Motley Fool,https://news.google.com/rss/articles/CBMikAFBVV95cUxNVEdUQzRZb0NHbWdJb0tQYjlUaWlkY2tKRlY3U2k3MEJ4NFFRbHBqZDJBejJoOTV2STJFZ2x4UnhUNEhhN1lHcDVPVkdUZmRCeTdBWEtkaTJBcWdabDdYWVBUNUVBekpFMVllVFRGMDNzMlRmdXFHN3k0N2dsTGQtLUpjVEdqZDFGelBTUUQyTm4?oc=5
MRK,2025-12-12,Here Are 2 Affordable Healthcare Stocks to Buy Heading Into 2026,The Motley Fool,https://news.google.com/rss/articles/CBMilAFBVV95cUxPRXIxcTd5elVMVGk3alMzRl9hYnpURVRYWUhVYXd6MnFrcUFEd0ZTWUt0Rml6bjNjRHRwN1NsYWZhOUZROWYwZG16cmtrTC1ySXZwdElSZllLdGUxcS13cnctcF9oclRzODQtN1lfZUMxQWlsSVBTRjlSbFFtN21ieEktOGFMN0MyRVpQVFQ3RVpVRjQ1?oc=5
MRK,2025-12-14,Should You Forget Teva Pharmaceutical and Buy These Unstoppable Stocks Instead?,The Motley Fool,https://news.google.com/rss/articles/CBMimAFBVV95cUxPTDJITGxBYjZzOXBadmx0TTBudnJuQm8zN05VQ2JpbXg3VUlNU0I5aWVCMjZncFlVNkg3T3V4SmtiQUptcC1faWRoUkdjQTdxOTdJZ05rNy1JY1FDQklIZzc2b1FNMkhHUVczUDA3QW1XMUpycnk2LVNISmpiRGR4dDZMLTkzM2JXMTgzQk5QUEh0M0FkTlVwdA?oc=5
MRK,2025-12-15,Why SCHD Is Still the King of Dividend ETFs,24/7 Wall St.,https://news.google.com/rss/articles/CBMikAFBVV95cUxQeUJaSC1yUFJRbE9KMWh4RHdQMUJOUGZUNkx0TU9NODgtaUgwRDgwMjVxQlRMSjRnU0Y2bDlRaHpvbElJSXVTTXNWaklRU1RVUXR2MG1SWnhDb0FmV3h2cFBLeVNJOHFtU0NQVG5yb0IwbTV0NW9FcFlIcklDbW1MbEdtMk93NmJIM2xNSXBDMFY?oc=5
MRK,2025-12-15,"7 Dividend ETFs to Buy With $2,000 and Hold Forever -- Including the Schwab U.S. Dividend Equity ETF (SCHD)",The Motley Fool,https://news.google.com/rss/articles/CBMilwFBVV95cUxQeXlMc01jd1U1WlJrSUFkbjF2ZWpJUGlFVDBxb1NNWTVMY1ZkU0psQnZiWDFVQUNpa1hNS3ZmMEdVZkphQ0tDZUN6d040MXQzUlpBT2l4NjVaRnhXdS1vdGxQckVYcGJQRXN1a0tMT3hiTGJYWHlzY2tjYkFudVVLQndyVHVmaFhzOHdrcUo1WnJneEl5M2c4?oc=5
MRK,2025-12-15,"Immunome’s rare tumor drug passes Phase 3 test, could challenge Merck KGaA",Endpoints News,https://news.google.com/rss/articles/CBMinAFBVV95cUxQa0VqN1FsU25xakc4SkFIZVpldGpuZG1HejRmS2RGZWJlRjFPdEFiLUtVZU1lMi1Lb0RUdEQtMzR1S01QVW9nSzItTXdLZ29WZm12dzFKTmNHdmFMS3JpcDh0a29rWDRVdVRfUVh0ZFdSNXlkNUcwMkJKeTRibjBzMFRxazIzb0ZCcmlCU2dxOHFDcklzZkZiSVhneG4?oc=5
MRK,2025-12-16,"Stock Market Today, Dec. 16: Pfizer Falls After Cutting 2025 Revenue Forecast",The Motley Fool,https://news.google.com/rss/articles/CBMi0AFBVV95cUxON2VhY2dieldaR2plYUhmTTNxNDJiN2xJMmZYS3VNNUU2ZEw4MWpOTE83dC14d0ZQOHU3bTVlSVhiNVFGYXR3VUtYNHhkVlBUMVlpWUZhaUJBRWdRcGZDa2pNeXhJSVF0NjJtQ2RIOUEzb1lmR015eGVKMDZIdXA0S2prOTRtdHpIU2YwMUx3TzNCMlVCc1AwR3pPU2hrc21ybVBNQ0llS1lwdTJEWnpzU2FjWmo3U3FvVjhhd1pfNWZQX1hBLWt3djFnM2tGZEF1?oc=5
MRK,2025-12-16,Pfizer's 2026 Guidance Miss Is 'Not A Major Surprise; Here's Why,Investor's Business Daily,https://news.google.com/rss/articles/CBMiggFBVV95cUxOWXlmWXBFcDJyUjZYRG9RWHZxVy1DYUF6UTNJc0ZmY0dieUVwOUNZNmUyc2hvTTVuTU5rSlJZUlZXRFlsWlpvQ1NPVTNlR3pEWkdrQlhjdml4QllIc0tsMUkxd3NyRlI1RWVqeU5ENWwzV1k5bXM5dFczQ1lzM094dnhR?oc=5
MRK,2025-12-16,Should You Buy the 5 Highest-Paying Dividend Stocks in the Dow Jones Before 2026?,The Motley Fool,https://news.google.com/rss/articles/CBMimAFBVV95cUxPQ2MzS2lXZVcwUlFFaEJIWVBHUk92Y0NnNG5DZFIzYlBBYnJpTlIzVklfZmFhTHBBM3pQN3RFX2FUV1pQWjBHel9EampQTUhxdFdoUG5TelktNFJlWm4tOXN2dnpTejRwZjZWZFZUSDQ5OGg3UndVX1N5VWJuQTJ2QXFUS1BlNnJxTkdxbjByMVhEallsWDZNcg?oc=5
MRK,2025-12-17,EXCLUSIVE: US FDA taps Merck drugs with blockbuster sales potential for national priority vouchers,Reuters,https://news.google.com/rss/articles/CBMi3wFBVV95cUxQZHFSMTB1TWZrSHdRaTFmU2VFS2xzNHZOWUhBeW1vREpXcm1YX1lEcWZYZlZzTXQ0SHVIcFBmVmVvNGxWeU9VUW5PSXFpWURWclc5RFFQY3dqNWR1eUhKNERKcnJWZWlvZzdRTC12dThQV19SVDAxUEc5dExkTWxveHlxMllGcEtFdF9SM1lXbjg4b252REF2MTVjcHBjUEktaWlzcWVZVkRBdFpyV1pVdHNsSm8tSE4xUDZIMF9iS3Rza3NLbGY3UktoaGNzbzV4aGZfTE9fUkNseTQyTXZF?oc=5
MRK,2025-12-18,"Here Are Thursday’s Top Wall Street Analyst Research Calls: Digital Realty, GE Vernova, Micron Technology, Merck & Co., Rivian, United Airlines, and More",24/7 Wall St.,https://news.google.com/rss/articles/CBMilAJBVV95cUxPS1AxVUZ2LU9jaURHWTNZM1ExTVVsQ3lmclhrQUFRSy15ckl2M3dhb0NPX05ZMVpJMzBnZVBCQXV6c041bERpcEI1SmlJVVpaMWNicjRDRkM5dl9NV3dHTWlCdTVrNzNyREo0OHpIQ3FjelBmYWdqNmtkM2d4ZktKYmNuTUhCNW1JSjByTkxfSFZ6bTdEanlMbDc1T3pJZGdncENuN3NfY1QzTlF5eGFucXdOOUtac3RMZjkzRFlWczB3b0lra0tRMEVQTlEwS0pwYnNWMlU2Z0QtMjk5TTlnNml6ZWtoeHFfNzlhUWxIVmx3Mmkwa25WNDZ4ckptMFQybkFVdWFSTXhPQjZOY2tkNjB3Mko?oc=5
MRK,2025-12-19,Better Buy in 2026: Pfizer or Merck?,The Motley Fool,https://news.google.com/rss/articles/CBMigwFBVV95cUxNSGdLWUswZk1IVXlZWktHTy1hUEdmWDQxa3dGQjFOYnR6ODZnLVVhWG9oaWJkT2ZqUGdIb3NtUW5zSGNkVWJhUWRRWEc3Y3JjZjFrQUZjUzRyTlJLbXVTdGM5Nkx0eDVJOTVMdER0aW81QTN3THJXNk5lQURIYVJfVVNiZw?oc=5
MRK,2025-12-26,Quality Stocks Are on Deep Discount. 7 Ideas to Buy.,Barron's,https://news.google.com/rss/articles/CBMijgFBVV95cUxQaXNRTzJQaGtWbGJwMUQ0Z1puTEMxMUxwb0RKNjFIVXVYcnQ5SVV3X0pMRFRHRlduanFwZVRSRDdzY2tMNHlGUzlObFZfU056RDItZm5xV1BUSVpqbmtEMDlqX0dPUVY3a3JESlB6bEhieldWZzU4UEdhcC1Tbmt0OXVCWEZnWmZEMXE4bVdn?oc=5
MRK,2025-12-29,"Merck & Co., Inc. (MRK.TO) Stock Price, News, Quote & History",Yahoo! Finance Canada,https://news.google.com/rss/articles/CBMiVEFVX3lxTFBrdklwaGZRaDA3dDRpVVNBdFNTMkNVQzNZODZ4Vy1lMmt6UzZDZllGdEdBalhtQ0hpb21OVXd4SXlJMXdkVW9EQjRBemFuMTIwemozVQ?oc=5
MRK,2025-12-30,FDA Fast-Tracks Two Merck (MRK) Drugs With Blockbuster Potential,Yahoo Finance,https://news.google.com/rss/articles/CBMie0FVX3lxTE9lR2Zab0RLZ3QtY05pYlZSaEJwS3g2b215V2s4M3FyRHo4WHBzc0FreXVtMDR6cHhxeGJCVjQ0dEU5RWN3dnBhbnJrV3l1M05ybXN0VGxyNWg4VU5fdm1YakFaLTRBU08teXpyTktMaDRmWXZfX2RNdzhZQQ?oc=5
MRK,2026-01-01,Merck: A Pharma Giant Trading At A Decade-Low Valuation While Executing Its Post-Keytruda Playbook,Seeking Alpha,https://news.google.com/rss/articles/CBMi1AFBVV95cUxQRTJSd3lZa0d5bGJ5OWZmNGgxd29wZ1ptaXBGVnNLaXQ4azF3S3F4M1gzcThDWUZleWV1SVFLQVV0dTh3aWJjamNZVS0xRlZtQzFONFBBQklhQkZDcHExR0FjdEt0STdjSlVuZmRyYmRIYy1FeEhEczM5T2xaRFNaTHJIalE2ZmdGMmhMUUg0amdrYnIzX2FwdjJ3djNOMG9sbHdydFBOYlR0M0JvTEo2RWNIVWFUZ0hvcnU2TW5abUc2akdQZVRLOGxYWmpqM01WbkZkMg?oc=5
MRK,2026-01-01,JP Morgan 2026 Preview: Merck Prepares for the Patent Cliff,Pharmaceutical Executive,https://news.google.com/rss/articles/CBMiiAFBVV95cUxORXBoRk9KbG5Dek4wUk51TWl6a2gzTDBxSTd6NnZ2NTNEYTJ1bV9XLTdIRUg0SjFyS3U2N0pvVUhGRXlmMmlHUWtXdEZQRktsNE1KR0Z2RHpyMWJXZGZlSGUyNkpBQXQ1NXoweWpyRktPclJiSzAzVkdPTFFkcjIzRHZQeXZBZjA5?oc=5
MRK,2026-01-02,Cidara Therapeutics (CDTX) Rockets 722% in 2025 on Merck $9.2-Billion Merger,Yahoo Finance,https://news.google.com/rss/articles/CBMiigFBVV95cUxQWjVXNFJKZlFaV3llbzNTbXpianpiakVQRGd3Skdzb1VVUVl1NEJIUjh2c28zeWp6UDlKd1paREUyZkpBTVA3U1hpSlVUSHJzbk9HX2xDR2F4SzFFMFRLRThSa2FPVlJlak1FdFByUUxPZnN3R0ktbFRRZFpsRTR1MkUtbkFyQURmWmc?oc=5
MRK,2026-01-07,Merck to Complete Acquisition of Cidara Therapeutics,Business Wire,https://news.google.com/rss/articles/CBMirgFBVV95cUxNd0pqd3JNOVJxaDB2eUVZazhhZmJwc3REbGRZNUVrTGxqMFJIcFJJV0pzYlM5ODdQSUZiRnFOajRpeXRxS2lYWUJmNFIwLXkxN2hIMjhma0FwZjhhdzBVdlZ1R0RPYkpna2VXLTVDSVB0cmlXRW03Vk52ZTdlZlVMVGFkTTRYU2N3M0I5TnlaNGhKYllBLVBTSFFWWGxJUlJaUXM3X3VvUmNlaWsydEE?oc=5
MRK,2026-01-07,Merck could lose up to $630 million in revenue after CDC changes HPV vaccine recommendation,MarketWatch,https://news.google.com/rss/articles/CBMizgFBVV95cUxQcU1aaTFFLTFuRkpFdGxDeWtQZHFiZy1uMWZPb0poRDU0aVkzMWk5aU1GcnI2bHJNUHJJVjJRSkFzbWlJNnJGQnk2b2drS3B0bHJTbldFeGRyNXB2bzBPV0RRSGRqM3VVNzFZb0VlQmhTb21ZUnMyWnNQekFreG9nZTV6T3BzOFZIaXBBTE5rUk9Nd0VjVVpLV2lrZjNpTnlHdGUxX05lSGxKZGoyVEt5TVpiTllkV0NJUTFnTWFBYUw3VGFTZmNtYnE0Vk4zZw?oc=5
MRK,2026-01-07,3 Drug Stocks to Buy at a Discount,The Motley Fool,https://news.google.com/rss/articles/CBMigwFBVV95cUxOUnlqSWx4M2hrTWJKS0UyMjZZUmF4NjRlTW0tMmlEMnBMV3ZWa1RRZFY2eDJMUDRJYjdPTXpjaFZyX1dGTUV4RjhaVkpWM0piOFdpWGRYdzFtZlJteWwzU2IxN1MwR0RmUU16SHJhTmxuYURGaDZMOTl6RFgyblVMVkxySQ?oc=5
MRK,2026-01-07,Merck completes purchase of biopharma company making experimental flu drug,WFMZ.com,https://news.google.com/rss/articles/CBMi_AFBVV95cUxOU2pyajZfZ1R2ZDhtUFhFZ2xaU09oUVhUU2xfNVZEV0ZhbVA5YkdnX0hHOWwybTBpNTZHUEJqVjhsYXBuWUdkSUpZVVY5TW9BQ2YzVTVjYURMa0hncHVHcnl4U0tXdDhteEFRTDNfT19UWWxvSzlUc3UtOVlHYTNwbHFFbTFnZnBBZEcwaVRXVU03RXYwbENMTUQzd19SeFl0UExHNVNZMFB5TFkxOC1UekdvZnpocFlIV1llUTQ4U21GN1VSX1h3YnJQYk1NOWVjZTZxT0lKUkVXbnVya1dDS3RlQklTcHNYdUNvMkluUC02STdibTBHZG1JMDM?oc=5
MRK,2026-01-08,"Merck in talks to buy biotech Revolution Medicines, FT reports",Yahoo Finance,https://news.google.com/rss/articles/CBMihwFBVV95cUxOMTNUSTRQak5OWF9ETEhhekFNN1AxTkx5SUFvNHdNOHVUY1FNMHhzTlppUkljTkhLWmRWRlRDckhKc0hpWVJZRExlUkVNVVR0aVI1Q0ZPQllmLWpyUnRWcWhRUlhhV2F6aWdYQ0ZSdWNINkxGNi1hbExVY0lZX0xITU51RUszUk0?oc=5
MRK,2026-01-08,Revolution Medicines takeout speculation spotlight shines on Merck & Co.,FirstWord Pharma,https://news.google.com/rss/articles/CBMiU0FVX3lxTE0yRUx3U0RQNFlfVzROdkFaQTh3cThidmh1eDE1NjZOMFBRcVpYeGwwYkJCM3A4VTBkRzBHc09adDMwNTBIVkRoYkRIMTBmQ0FybnBv?oc=5
MRK,2026-01-08,"Merck completes purchase of Calif. company for $9.2 billion, adds flu-prevention drug to portfolio",ROI-NJ,https://news.google.com/rss/articles/CBMi2AFBVV95cUxONkNMdnhnekpMTjJRcUcxTnQ5Z09odWgyM3F4VmRENG9VTFJmYlI2bTdNbGhSN09oaWJfTlBqVG1ha0J1Y3FIMUU5Y3Y3QVdLRlFJXzR3ekR1Z2R4eXRwTFJTazl6dFVsbzNHRlNOV0NlNXBNSTVfWE1DUUR3LTJldDhCSGhzY0NXV2U5WU44Z0ZTSEpSeU1kSU82bDFmbDRmMjhGaVpqUnlBOFdKV3hnbjBPb3k3VzV2ZWtPdU5OM0MtYWhmU0ZuZW5lX1Nzc1ZUd09oWHEtUFE?oc=5
MRK,2026-01-08,Cramer’s Stop Trading: Merck,CNBC,https://news.google.com/rss/articles/CBMiekFVX3lxTE5ENGNSQUFhOWpEWXBOLWUtTENzajR3Sks3ZVMwdWV1Q3JzbUhidEd2TlpaMkpkSm13Y3k1aEk5X2d4ZWg2Nlp4R2wxU2V1OHFWWUYxMjZ0NEVpMWcyZVVLZFlPX0c1MG1JSkRVTnlROTVnSE9fZzNER2h3?oc=5
MRK,2026-01-08,"Merck in talks to buy biotech Revolution in up to $32 billion deal, FT reports",Reuters,https://news.google.com/rss/articles/CBMixgFBVV95cUxOLV9oSWQ2a0VBYTJXMm9lWDI4UllSdzJQc2x5M2c5RHUzbEhRTjZJUzdaOFNWOG9WUjJqVXE5SklvVW5WMGktTE9JMXJBNkk4akxseG5rMV9nYTlHQWpiOG85ZExnLWtlSHVxa2RjQWRiRUlWZHJVRG9rRzNKRVZ1ejE2aUoxVnRFbTN4VEFnOHozdlVONkJHbXVkeWowdXJBTlVSX3pIZWxLWWZYOGNycmFTQXpPSmJ3WVRDZDVZa0tnVm1YQVE?oc=5
MRK,2026-01-09,Revolution Medicines Soars Amid AbbVie Acquisition Talks,StocksToTrade,https://news.google.com/rss/articles/CBMimAFBVV95cUxQdEY2YUFvbC1LeWhLZUZRVWtNaDg5REYwLThkWFNWSUk5aXRRYVBWWXo1Um1ubG9wakNuTXA2MWI2Q0w4NlBtb1FwaXR0Zi1ETGFEaUpJYTNJWURkVUhpYTVGeUhKMVhFWlpWOFVPdmhjMXNtbjZPTjdpNk9VUW9zalZEMHpMU2dHSnVzd01KaEtuSXAwRXVHNQ?oc=5
MRK,2026-01-09,"Merck in Deal Talks With Biotech Revolution Medicines, FT Says",Bloomberg.com,https://news.google.com/rss/articles/CBMisgFBVV95cUxNZ2RJSkRSLXNKY2g0N19mYTZFcHd5NmExV2k5cmlyczN2eUhXNmlfRzNrYVZiLTFyUHZnR2dvRVNqalZLaXZVMHZOM1lvRmRJeXI1SnFzMVRfT29LUWliam5NdjFZZjIxTVdKYVdHR3BIWFFtSGZTZldsbUFKMVA3eldpTnFzLVNaN2pWMG9SVFo3OVNCLTFlTmVfVFd5bTFlRENSS0dCdFltd25hUDlNandB?oc=5
MRK,2026-01-09,Eikon Therapeutics Files for IPO Led By Merck Veterans,Bloomberg.com,https://news.google.com/rss/articles/CBMiqAFBVV95cUxQcUNtRTQxWVpwNHpwSlBPeHd6bnV4OUFsYkcwWDFCdk1id0FZbXVPa2hQWTJBMHctZzFDNnpRME1FbEQyUG03WlZtSEZabDZCVy13OWwyX2tDOEYzbjF3RlFFejA2dDNLdFNpYk1PM1NpcGtxZW11WE1nU0dHMXcwN0dpOGJpNkNnX09WdmYzRGw2NGgzUmljQXZNVmN4Sy1TOW1XajItU2g?oc=5
MRK,2026-01-09,Why Revolution Medicines Stock Surged by 11% Today,The Motley Fool,https://news.google.com/rss/articles/CBMilwFBVV95cUxNalprelNxd1NVanlSTXRVRmdiMjhPSnNfWEhadzlvWk10OU9IZ3lhelNwVlE4SlJFb252UVFJcGJyamFJREVNVjV1cm1nY1lEYnB2NEtud2puZXJWN1dGZTZUQ2szLURZUzhKb1JiWjFxbVc4ZzhfMWEzczkzNGowQ0lMb3VEWTdRZmw1bnZpY2M2SmpzS2ww?oc=5
MRK,2026-01-09,RVMD Stock Soars 11% After Reports Of Near $30B Buyout Talks With Merck,Stocktwits,https://news.google.com/rss/articles/CBMi1AFBVV95cUxPRXRDYzc2dlJsYVZ4QXRmejZyM2tkWXlQSUtyMnJxaFBGbXhQd0pGSDU3cjlGT3czdjJBS1hERWg1bTZQVm53bGJldkUyTDB2NFBMM0ZNNlNfdVJlb05Uc25FVWh5WURSdHc1dkpxOXYyLVp4bWVqdkY4LW9nbHFPVndwd28yZTBKR0loTS13eGhiaFUwTU1IOGR4OEdsR09FV0lMYmJFdnR6QVZjOFJYelIyXzVTdDFjVjlWSi1raWsxOHRMdlhwQXRXbEUwVVB2SFlZTw?oc=5
MRK,2026-01-09,"Revolution Soars Amid Swirling Buyout Rumors With Merck, AbbVie",BioSpace,https://news.google.com/rss/articles/CBMinAFBVV95cUxNd0xCZXEwWHRjWk1BUUFXeDNCdHA3c3gxeWtWZU5OZng2Y3I2bkVoUmdrRzFaVmFUaUNlVU5fbC1sZzdCRGhaTUZONjlObUdmNFAyekcyVHBxR2t4QUhMVnpWNHpBNmg2QUFjNDNVSFpuU0NuSkNIV0ZxT0pacWZOcTdoQldCdkVGNHRnbUVkdkJiWmFSSzRiRDk1ekU?oc=5
MRK,2026-01-09,"Revolution Medicines Stock Jumps. Takeover Buzz Grows, Another Suitor Emerges.",Barron's,https://news.google.com/rss/articles/CBMilAFBVV95cUxPOXhHRHA4OVNBZllGZWVmSWNxX1JmVTNoa3dlRVduVW1LWXUteG11QmdtUHMzVldaeHEtTW5FekUySmtLbnZEYXpwR1BReGpOTEVtVm5oSnFkMzRzVjI4UjJvRFFYOWFHeDJSU3R4MWlldlhqV3d0VFRJQVNKQWd1NlNoRXY5MG42bFpuSkl4ZmZhZjJW?oc=5
MRK,2026-01-09,Merck in Talks to Buy Revolution Medicines Per Financial Times Report,Yahoo Finance,https://news.google.com/rss/articles/CBMiigFBVV95cUxNRlBGS0pPVG9HXzdySU5fejI0ZFNyZ1IxVndMWXduNmFDamF0UWtaOG12Z2xxbjlWWlI4V3FYOGRURW9CQVpZN1NhUjJQVm9Xd21HS1JCUTRxejdpb2RCWGJXcTRMdnVZYW84bTUzaF9sT18ydGl0ZktYMi15RVhVWDRqX3VBeXhkR1E?oc=5
MRK,2026-01-09,Merck in Talks to Buy Revolution Medicines for Around $30 Billion,WSJ,https://news.google.com/rss/articles/CBMiqwFBVV95cUxPRlUtbTI0R3E5MlFLZ0lJU2ptTURNcmdOdW1faWhBSnZjZ05DM0M4ak1XdTVVUjByQ1hjcGFobmEtVk1hUC16cGo0WTR0cmEzVzFWSkxQTWZJSzhaa1dyR1JDR1pNTnRWTGNsYXhnVHdlbjNXMkUxVmZwU1ZsWjBlM3EtWGlFZGZIc2VXdkdrTFdEOC1iSk40X21DaWxNM09ScmhtZXNCakIzclU?oc=5
MRK,2026-01-11,"Eikon, a high-profile startup led by Merck vets, seeks an IPO",BioPharma Dive,https://news.google.com/rss/articles/CBMilAFBVV95cUxQU3ZzT3hRN3h6RUZTVGRPd2tzMkxfYkpfZ1JST1gtc3c4TGRhOFRNNG9fcUd3Y0pIeXp3RTZ2dW5fM082X3ZUM3RzUzZTT1ZkRlNqaUtWcmhKVXg1aWdpVHl0LW1MMVI2d0cyMm9JMjFtSXJnMmdsS2tPUXdYWEJpX3JNaXJMc3JvQUVsc3AzUU53LWxT?oc=5
MRK,2026-01-11,Erasca Stocks Surge Amid Merck Negotiations and AbbVie Interest,timothysykes.com,https://news.google.com/rss/articles/CBMibkFVX3lxTE5ldWd0d1Z6YWNvV01ESmdjQVI1TW9XWjlTZW9oSVpjTUVkaVk0LUljbVc5T0lCdHZCSzVDNl9uM29pOHAwOGxoMENFUVdSWHZYaElPSF9ORUQ1YXhPd2dIRFBjOHdJdkh6OWRCWThR?oc=5
MRK,2026-01-12,3 Dividend Stocks to Hold for the Next 10 Years,The Motley Fool,https://news.google.com/rss/articles/CBMilAFBVV95cUxPTDZUdVp2QnRHVFRodDhuSmwxMDFXa2ViRklMdlA0M0pWY29UQXltX3ZWeWx2Uy1KX0ZKQVB4NFVEbldCTkFNOEtmZTJzdlN5bU5Ka2ppZW9kZGZqNUFRQ3lkcUNmMzg3TW5IbHlBdzZfY1NNcjAtejNNM01FX2x4c0xxRGQxek16SmFydVpfekpPUThD?oc=5
MRK,2026-01-12,Revolution Medicines: Take The Win And Sell Following Large Move Sparked By Buyout Rumors,Seeking Alpha,https://news.google.com/rss/articles/CBMiyAFBVV95cUxPVFl1U3FYMEFvUHBYaF96b0hKeVFXOG04WkFyTEdkUzlYcnRPTFlxN3Myb0FZZFlFdTlLakpmZ1pjNW44WmlNWmNSVTJHSzNwN2lobmpUQ0tyOU5tWDZUWnRfdVZyYmZVU2hUNTJyZFFvQ3BtZkpuaTJNN1pJRGdwVUN1Y29EdlFFZWlTWkYtSkZoczRjTWtVSkR6M2hLbGRMSTNCb042VFBPOXpLa3ZKSmZKRzljWUc1LTJnUWVRdDhCVmxwc1BZLQ?oc=5
MRK,2026-01-13,"JPM26: Biotech’s M&A lift, the ‘new’ Biogen and Merck’s $70B target",BioPharma Dive,https://news.google.com/rss/articles/CBMilAFBVV95cUxNQTFjamFpbHlGbm1ucFZRNHJsR29UMHJKeTZKNkhTUjFvU1N2UVNxMW1uQlZHSzVRWEpCMlU3QUJuQ21TQXpHaU5peDFOOVdOZnQwMjVVLUEzU2RGSkRLSGozcDNpRzdjQUMwRHNNSnVEZHhQUXNPM01fbk9IX0ctNmg4MEdNbENsMEpQQWRXeFNQSFJE?oc=5
MRK,2026-01-13,"Gordon Reid's Past Picks: Goldman Sachs, Merck & PulteGroup",BNN Bloomberg,https://news.google.com/rss/articles/CBMiugFBVV95cUxNbWVHNERlV1RJTC1tckFfdm1ZQWllajJWMG9KT201STgzSkFYVnU1MFJoUGJjaGtoTUV2bktOUURRVXhrYmFQVTlELXJ4TVdCS3V2UndLdVV1QTgtT2hYeVQ3RDVENGdGcGVaRHBfdDJfT2xGWUxmdHNDNXFzczh4c3o1eVFJLTdodWx2M1M2R21Na3VWOFRYcXVxQXhmcmppMGZuS0c5akpQR3Z3bmRDNG1oRTFfWUNrdlE?oc=5
MRK,2026-01-13,JP Morgan 2026: Merck’s De-risking of Future Funding,Pharmaceutical Executive,https://news.google.com/rss/articles/CBMiggFBVV95cUxOSUo4bVp1dDBRYWwxNGdxOHZKU1NwbUxmSy1SbEtsdVpXS0JZUnNsN1A2S2o4WlViV1Q3SGxJZmVpWmpTdnhJVDhGa2VWWWl3OWpjeTl1MFplUTFjU1FUQnlmTW83U3U3TEVfMVlRMnRMdUxKZksyOGFmZVlzRnhOYkp3?oc=5
MRK,2026-01-20,Will Weak Gardasil Sales Continue to Ail MRK Revenues in Q4 Earnings?,The Globe and Mail,https://news.google.com/rss/articles/CBMi6AFBVV95cUxOZmNsalVxd29qcUZSWUdRWEd4eDlBRW1WSUltSmlrS0lsQ3VFUl9HQ25MVjFwUFAzMFlqNUhHNmdVTkYxbkRqSDh5bHNiY1dic01SSHhzSVpCNnlsR042ZWVCWmZKUlQ4QktfVkZIeko2bkNUSkxzZWVQeHc3Z1BxNTNibVJaaVBZRUNxaHVqb2RBRE1DcDZxWGpFb3hsSWF5bEpWLXZad2I0N0JpYjNiaDljS25HWWZoRGtvUHN3ZVlwNFVzZWdidGtUY18xVE5UVVBDOGhWLUZyYS10bUV1c1M0WEJDUnJI?oc=5
MRK,2026-01-21,Why Moderna Stock Surged Today,The Motley Fool,https://news.google.com/rss/articles/CBMifEFVX3lxTE1odHVTSzE1TFF0X3hMcG16dEtfM2t0ZkF0aVMwWC1LQUF0RXRBSFJYTTAxYXJ3ZGhINWE3dTFObVFkdzd1MUZZTmE0YkJJVlFWbWR2bVVUQkhjWFJ0UDBzakVwcUQxNmZmOWRWZ2lVOS1jUG41NXlzOHBUcTc?oc=5
MRK,2026-01-21,"Moderna and Merck pop on cancer vaccine, Lucid-Rockwell partnership",Yahoo Finance,https://news.google.com/rss/articles/CBMihgFBVV95cUxOLVZMXzhuMTJCVml5TTlRZ1MxZTBHSUp4dm9INVVqQU1xMEV6emhvWENoSWp0MFBlZzZZT2QxNTlCSzcyTjNJSUVWVVE0bUd3cEJXM3daN3EzQkFGVXRma2NHa25VOTk0OTNrNFowLUtWeFJXWE90ZmZfUjc0SllBeUt6UFNEZw?oc=5
MRK,2026-01-21,Why Is Moderna (MRNA) Stock Up Today: Merck Partnered Vaccine Cuts Recurrence Risk,Tokenist,https://news.google.com/rss/articles/CBMiowFBVV95cUxOejJVY2ViVGUtNkw0b1RDcE13ZFd6T01hYU54bUU3WmpPQzdvZXQxbGlobWpwVXdhR0s1X1dRRXlhUWVZY2FqZ1ZpTnBFTmZPT2RWd0I0SjgzcFl6YWw5RXlGQkN0dC13RmZYZ25EaTZkellOX2JiVXRTblk0d1dBNURMckt1MkZqYVA3MDJiVHVhSFd5czUtbndqbkx0NDFuTC1B?oc=5
MRK,2026-01-21,Merck Shares Rise On $30M Funding From CEPI To Develop Affordable Ebola Vaccine,Stocktwits,https://news.google.com/rss/articles/CBMi4wFBVV95cUxNODc0VUdicmVvOWxmaVR5TzJwbWs2MkNqSGRnSlFXQUVKWlVtSTVGU3owTjZ3OE9UZXZISUZkQURIdDFpX0ZTZ05Zc0xnSC1Pd25obk92MmZfWWZQOE5oYzhZTHdFeVg0b29MVUdadDFyc0FweHhKU0tLWnByRzBETmlTV3I5UlgtcXBucmNOTTVCejFicnd5YWVuMndteHhXbHh2Q2FjeFcyMWJrbUF2YmE4QUhRb2F6eHJuYjJmY1lyQVVMdktFRmhMS3c1XzFZa3pjREV6d043ZG9GMHZ0bE1Lcw?oc=5
MRK,2026-01-22,Moderna Stock Soars. Why a Cancer Vaccine Study Has Sparked a Rally.,Barron's,https://news.google.com/rss/articles/CBMikgFBVV95cUxPOGc3UVdPNnlZU3BUeXVTOHh1eFVZT3gyNTVPVmhKVkxuMkREdFdYTTRkdExuWllFQkx6bVV0NjgtR3Y4UWdYNjFQSjdfVUM3akprMkRIOGFfbDZVZUtSVWw4NVl6eGdQUlVTcWhwTGE3ZkdVdnhpeXMtRmc4TW5sREFNRWtYYVlsOEtJWENJaTRaQQ?oc=5
MRK,2026-01-23,"AbbVie Dodged a Patent Disaster, and Shares Gained 460%. Merck and Bristol Myers Are Next.",Barron's,https://news.google.com/rss/articles/CBMixwFBVV95cUxNQzZyOE9lNy1LclVhSHQ2dDhlMkJSc0ZNa1VyMkh0cTQ5cVZLc3BRTnBYSnVpMDgyTldEa3J0dmtzcHN1YjktR2tTMFh3RkdBQkU3Tm9JSjhJWU1ydzd3Ti00dTZoVHdUcWZPaGlIR1dNZ1pDMGx2eGFCQnhzakNNSGxNYUZ3WlZDNzRJNFM0S3ZUckU2Z1l3Z2ppcElkSHlMT1FrcEVDZ3kxd2wwM2c4aXBkc3l2LWdBRGp6OEtnSjRVbFRyRW53?oc=5
MRK,2026-01-23,2 Soaring Stocks to Hold for the Next 20 Years,The Motley Fool,https://news.google.com/rss/articles/CBMikwFBVV95cUxQaHdxc1JBNjZ1MG1sbG1jU2xFV1p4VVBiZmVUWW81QjZsV00yTlpvV2RCY0NLeFZ3NE9OVEIxOEJhdzVoZmRQeVU4dzV6NjFjVzRQMVdXY0JQV1c0NEExZUVYQ2tsVW1KNjI4aUc0cDZCd2diSjBTT2o4cHVkRkg0UEZ2RFNOdXI2MnAwdzdUWFF1MXc?oc=5
MRK,2026-01-24,2 Dirt Cheap Stocks to Buy With $200 Right Now,The Motley Fool,https://news.google.com/rss/articles/CBMikgFBVV95cUxNMFlLY2c3cUV5Y3MwdVdTdlhXaGFMQXhxbWF0SVVhVHV1QUsxcHVTTHZlS0xOQ19GNmFmcC1QQ2EwZzhWQjFlZGNSR0hiZ1hvMWxmVkZvMTVfRkE2TVh1Mnpzdzk4OUV5UC1mbmRjQmhRa1FXaElfQ2xiZkotR3JIUnlkMnI4b3lYUTlfMVBjcmF1UQ?oc=5
MRK,2026-01-26,Merck Walks Away: What The Failed Acquisition Means For Revolution Medicines,Seeking Alpha,https://news.google.com/rss/articles/CBMitwFBVV95cUxPR0JHX1NzR2pSTVZZT01UTVdRbVdUVElPM2Jlc3BYekJfYjNaYUhhWWZ0OG9xNXNPN1VCSVp0am5DM1UzNktVbzB6WTNYT3ZhTTFJWTF4LWhqdTRiVkU1NWIwTmtQSTEwRWRLX3FnMjk1XzFKQ1Y5cERyZk43dmV5b0tjNmpjbzhrRW00cXQzSEY5UTZUaTZia2VLNjV2SEZTNXV4ZHpVMml5aERjZHFJRE54eG9Hajg?oc=5
MRK,2026-01-26,Merck Ends Acquisition Talks With Revolution Medicines After Valuation Dispute,Yahoo Finance,https://news.google.com/rss/articles/CBMijgFBVV95cUxQVjNQQkszQWFjc0ZfNDA1YnpYX2hyejZSYkE2RDJUS09xUjZDczlHb1VDQ2diLXFpbVFqQ0FfRnNleGo0ZFZTdDg4NDlDNk9wU0hndnVDb3RwYnJlNk1MOTVWWGo0WEhXbXpFZjZzd3o5ZHBWNlloOHFUc3QyTzRCSVZUUEpndXNLVVNqczVB?oc=5
MRK,2026-01-26,Revolution Medicines Stock Stares At Big Dip After Merck Reportedly Shelves Buyout — But Analyst Flags Opportunity,Stocktwits,https://news.google.com/rss/articles/CBMi7AFBVV95cUxONmRGWG1TNE8wTjNqazZwSHJuQkpneU9ScHh0ZDVkMmdGMDEzYlhlY2drZUtyUDRRN1ZCTUtMNGhyVWJzT3czekdoUXUwTlVZNUdCOGlVZ2JoWmV5a2ZCWTVYZ1JiS1ItMFc5SGFON3RxY2FGNl9PU0NzUzk0a0Y4d0FydVg5T0NoZWNleVBRcDk2ajZRY2Q0M2Jpcm5EbnlMakY1Z05fazhJV1EwdENDaGY5VmxmUmtQdHBXdVdmSC1MN1dSWDZGWThSRk5rM0Rnb2hEb1hsUFd1a0lOeDhNVXcyWlF0LUloeGdlRQ?oc=5
MRK,2026-01-26,Why Revolution Medicines Stock Plummeted by Almost 17% Today,The Motley Fool,https://news.google.com/rss/articles/CBMimAFBVV95cUxNRlE2SlJPQlRORE8ySXZGT0RJc3BGalpPT0ZFd1dQMVVXamlYYjJSRER5c2tqdHNCcFNiSzUzdlB1cTlIWWpDWFRuRkY5ZDJlMS02ZlItWTRKRU4tQjZDa2FZc1YzSHd6RGpneWpqbGlVbGNHakdIdTdqamFWcXdOLXZMZ2ZvejJLSlI2OVdiRC1kTExYU3MycQ?oc=5
MRK,2026-01-27,Merck Stock Slid 2% Last Week. Here’s Why It Could Gain 29% in 2026,TIKR.com,https://news.google.com/rss/articles/CBMikwFBVV95cUxOd0xKZFROMWhPMWNrS0Y2YWlhVm11bVV5ZE82bTd4VGhROFROZ3dKQjNTWVhfT0NVXzJfMUtmdDQyeW12c1R4UEp4dnRKT0hqcTB6VHFqb2xKNmFhZkJfbmo1QUUzTmN0dktGai1Ya0U2UDliRUtGNEhieDc2U2psZFpwdHUwRUQxS2NObDBsSUozUTg?oc=5
MRK,2026-01-27,"Pfizer, Merck, CoreWeave, Zoom: Top Analyst Calls",Yahoo Finance,https://news.google.com/rss/articles/CBMilwFBVV95cUxNWnlJSUxLaDA2VG1iVVpVUUVpal8wRm1CSUw3TFR3VFNVZmg5bVpzdVFxZGV6NTFvb0MxbllwVVVtTkc2bjNBT1VuUkROcUlBWElySDlPbmVQQ3o1N19BMGYzMkNTamJNWWlIa3dlVVFSMzBfbG5BdjNFY0VsWW04aUUtdXlhNUFDYWdxZk5ud0xsYjB2OTdJ?oc=5
MRK,2026-01-27,Pfizer vs. Merck Stock And JNJ,Forbes,https://news.google.com/rss/articles/CBMikgFBVV95cUxOMldFbXlGUWQxRkNzV1F1YkxMU09xTktFemZ1aUE3c2dPNjlKSTdXVWtMWWhqUkxUUm42M3NLN3dqNWp4NGc5dHNqd2JOc1VmZ3lyOTNhLTI2WThkbmliNkNubXd1U0NSWC1VWmFwOWJ5ZnBfSHUyWFdSaEd5LWNOVC10Q0p0ZU8yZEJUcGFzNWxPdw?oc=5
MRK,2026-01-27,2 Pharmaceutical Stocks Set to Rebound in 2026,The Motley Fool,https://news.google.com/rss/articles/CBMikwFBVV95cUxOZmVoWFdHVFJDc2lLcHRmbWg3YXMzajU4VW9iU1NnbUNOaVNQZmFFUGgtUDh4MHhIVDhYXzM3VWFEeXgxcy1hX1NBeGJ3SHJIWGd6YWZsMmhYZ3pjSjlxb0VlSTlFV2gyTWhiY1FQVU42Wm5Oazlhc0hhbG4wdGIwWE4zOThfWlMzZkgyMFNiSFhiNWc?oc=5
MRK,2026-01-28,Merck veteran Perlmutter-led Eikon ‍Therapeutics eyes $908 million valuation in IPO,Reuters,https://news.google.com/rss/articles/CBMixgFBVV95cUxQNk9YWXVvdF92bTRTbDVKX0V1XzlFZTNfeThmNGwzbkRScHZfWnB4UVQ2UWhJbGs2LUdyYlNncndYWTdyc2lEZnVaWWhsTEc4QXlKd0dZcHAwVk53NnNmR08wOEQ0cGpMZll6R25CUW9lWEdpS2dQeF9EOUhaZ295SEVCQVhHZUxQaHdpR3FycWgteWkyUGFZenliTHpnUko5YXFhNDA2QVJidWZHbmZCbFZfaks4TTlkUkllNFpxMVYweVI5Ync?oc=5
MRK,2026-01-28,Pharma Stocks Are Close to Breaking Out. Earnings Could Set Them Free.,Barron's,https://news.google.com/rss/articles/CBMiiwFBVV95cUxPUU13UVhZNWNieTJybTE2OWNJaHF6WG0xd0lFWXZDa1hmZng2ZUdtR3RPcWtmNUpqcEx1QVNUM25xRF9PRzVLcjlIaHVVWDRsWkZpRE1BZVdUM2tEN1FxM3EtOXBUVkNzdGZQOTdVRVVKZ3ZlN0ZQR1pzUEktTzhnSkNQamlsVnlWYkNr?oc=5
MRK,2026-01-30,"Buy, Sell or Hold MRK Stock: Key Factors to Watch Before Q4 Earnings",Finviz,https://news.google.com/rss/articles/CBMingFBVV95cUxQbkwzdVBKUG85c0tLRmVvemxfQkR5dHFTVkg4a0lVQU4walRvTlM1UjBmbGpKdEo5SnBjdXBuYkdtdGw3V3ZvdU1rLU5Iel83THZjTUF5T0w2ZFdkQUplUmZ3a0xYSko5WTh3WFNCLXB3bTdkY29ZOFVwVF9rRGdLNmRhYWt1bnpxREZ2NkNhbXhlaEtwTnJzR1B2VnhlUQ?oc=5
MRK,2026-02-02,Investor Joe Terranova likes Merck despite pharmaceutical firm's move to lower drug price,CNBC,https://news.google.com/rss/articles/CBMirAFBVV95cUxNY3pTNHpjQ1V0WXZHVllJOHdoWUFKcDVXZ2RUb2N4eHMzM0QzRDdRVWdLTWVsb01nQ0FzMkQ0U1FVNEgycWE2dUt6dWlqaHF4MzdtXzAxRVFEWXhoLXFRNTVacEZ0UzJzUm9FNkJwcTRiRXA3Nm5pV01TLUduNmFIcU5XRnNVWm50ZUZneURmYURlMjdOTWlVZjF6WENDb2RrSVJOTlZ5Qi0xTDdy?oc=5
MRK,2026-02-02,Merck Reports Earnings Tuesday Morning After Gaining 13% Over the Past Year,24/7 Wall St.,https://news.google.com/rss/articles/CBMiugFBVV95cUxPbURCSEdGVzZ2RXRVTTRjWXMwN2tDa01oOEVaVVpHdTdrWnYzVFlxZmhMcjdpM2lubDlENnkzTU8wdTFsZXM5Uk5jWnhNQ0J4ZTZaaHd6d1g5SFozNzhqSm9pSTNuVW5aSDhkbUw0TzVGa2IyT0cxRTJ0allIRkhPU1ZTdXl6M2h3b0JPOUstY1JNRXpPZ21zbkg0RWJYNXl5NDhOX0lDVzh0V2NZaUxKTF9pYTZjRElNZXc?oc=5
MRK,2026-02-03,Merck Faces A Keytruda Patent Cliff — Here’s How It’s Preparing,Stocktwits,https://news.google.com/rss/articles/CBMi4AFBVV95cUxNQWVPVUFaOWtzQ0ZzWWY0UlFQWUlwX3FOVUNJbDFwbnNrbmRJRW8yZVRzcVEwRlFFeVE3VUZTRnRPd1RZZ0ZhQjBhTUJTTkw5cnN0M2RCQUdjMkZUdkN2dW81UTRGZG5oaXkzVjBPeV8yLVIzU0dHWXhCMmZzVEYxQlhjMS12aHlvNGE0TldQRE00VnJUWlE4dV9EVlF6X0RHUHpwalV1UlkyUmxEMWxEQzQtLU5TM3A2YTc0SzV5dGpEM3VpNmNaNzdPanpZOEFGSk94dTdTTXNwakhTaGhNMQ?oc=5
MRK,2026-02-03,"Merck Stock Gains as Earnings Top Estimates. ‘Momentum Is Building,’ Says CEO.",Barron's,https://news.google.com/rss/articles/CBMid0FVX3lxTE82MHE3NjJhT25LeWhRbEJwZ3FsMTliUjdrUTNaYUEtbzd2THNXVHZldldpeXNsUTkzUUFvaFBySTAxRjVTaVJDOURwN0w2bFVvemtoXzFDV0FTTF9GTks0VThJR3FLZk9fY01odlI1WjhIajAzQlg4?oc=5
MRK,2026-02-03,"Stocks making the biggest moves premarket: Palantir Technologies, Merck, Pfizer & more",CNBC,https://news.google.com/rss/articles/CBMilgFBVV95cUxNeFM3eGdVNnl3bkM2TDNVNG4zLXdBZThKTVBxWGgyTWV4NG9URTcxN3NjMEhMbG5fX0JhNzU1R0pCT2NSY2ZhTjVVeWtfYUw2b1loWHhxMnBOYS1wOXR5NHlDdm16RDk0d2NudmNZbENiY19ELXdhZzY4c3lVSWFjQk41YjNCWHVvaEdEOHFlT1JJVlFROEE?oc=5
MRK,2026-02-03,Will Merck's Light 2026 Guide Overshadow Its Quarter Beat?,Investor's Business Daily,https://news.google.com/rss/articles/CBMigwFBVV95cUxQMDFXZnVwVk1GdjZ2T2IwZnJOWDFUMXFTSFVRc18tbzZMeEtNUnJfLTVxbFB5Z2VpRHVVWHVsY2hXLWNhSmF1TU51dzlUOE4tYXR4aTV6cUJtckhGWGRpLVBCUkF6UHhxYVFrNXdkSDBfVWNLbGhsTVRTR3FRd04tNFpYVQ?oc=5
MRK,2026-02-03,"These Stocks Are Today’s Movers: Palantir, Pfizer, AMD, PayPal, Novo Nordisk, PepsiCo, Merck, and More",Barron's,https://news.google.com/rss/articles/CBMiZEFVX3lxTFBoRzZDbXpqUWl0Y0tuZFFfMkpfWi1kRzRjeHJlT2FHUWhnWG1ITTVHY1kyaGZqd2JGeGs0VFBoUUJQV1k2TzVKUGpSQllGV1FQVEl3U2ZRRFktN0dzMy10TzFiSjc?oc=5
MRK,2026-02-03,Pharma stocks slump as Pfizer and Merck report earnings,qz.com,https://news.google.com/rss/articles/CBMiMkFVX3lxTE5VOEVSMFlnT1JaOW5vNWR1TlBqWmVZa1l4LWxLZkdUZ2p4ME5FQTdNb3RB?oc=5
MRK,2026-02-03,"Merck tops quarterly estimates, posts modest 2026 guidance as generic competition looms",CNBC,https://news.google.com/rss/articles/CBMicEFVX3lxTE5VaHcwaGhPelZ5TTVrOURld2RoS2RRWjBNMGYyNjZycVFwQ0pScDJvelZWYVItMWVMVzVVRWhvYUUxSDFndDVwcDJBNTkxYVNhZ2NwcFM3RU5xaTI4NWtmajVqZlpKb1JPZUUxVkFlRVDSAXZBVV95cUxQd0c3ektrSnFtb0JpQUVkdGRwSlVsbU9tNnpKRkhlQUN5eTIzNTh2WXltb1NqUXNXQzdHbEZHQnFaWFdwMzVGamJHNjNha1dBZGYzSTFPc1kwUVVYLXZmUW4zNGVrY1BWZ1dFcGZiSWlqR0xjTUpB?oc=5
MRK,2026-02-04,"Earnings roundup: Amgen vs. FDA, Pfizer’s defense and Merck’s $70B-in-sales plan",BioPharma Dive,https://news.google.com/rss/articles/CBMilAFBVV95cUxNOXJjVlRweEFDdlFaZUtScWl2UFJkWWVHNzgzWXhkT3BPX2hjWjJqRGhpZVJuOW4tbUdoWlZWQURCcjY2ZndZakh5M2Y4eDhEVWRvb0NnaWkwV1lWbzNaNmxYNElnQXpVLW5fY0xtdXREbWhNa0JZd19JZnVBblNITzdzWnlEbUpLRTU0RkxWV0g3c0NP?oc=5
MRK,2026-02-05,Merck veteran Perlmutter-led Eikon ‍Therapeutics valued at $860 million in Nasdaq debut,Yahoo Finance,https://news.google.com/rss/articles/CBMihwFBVV95cUxPREpsZXNJemRuWXpOUzhzSVd6NmVubU9RaVFYS243YTNjOG1EV2tPWVZsY25rczdvMm1zVFV1WmJGRFZfMmVyQ3BMWTBTTGJXUGpSZFN6bUpaTGc3M2w1VXBkSWU2anlwNnh1dFBiaGUxUktFYTlYNS1IaTZ1SXhvdzVpMGFqdTQ?oc=5
MRK,2026-02-05,"Final Trades: Merck, Zoom, Palantir and Kinsale Capital Group",CNBC,https://news.google.com/rss/articles/CBMiowFBVV95cUxPN1IxVzB6XzJVcVRVc0dOX2M5cW1GN1VDakRzMC1sYndNdURkOW1ELXBpZEhFZWRmUjgyYV9NUzRmdXNQWno3M0l4TlZZdGo5cFA1MUNRbTVrSzF2a0ZWa1QtWWFYVFhOYzFabl9kN2gzbmxWNWozOUkyTjJwU3hsMFZqaU1wOFJZMFJyTFJGMWdKeVlIRmJLZlBxX3l5M1Zad1FR?oc=5
MRK,2026-02-05,Where Does Merck Stock Rank Among Competitors?,Trefis,https://news.google.com/rss/articles/CBMiqAFBVV95cUxOWEtxdE43SkdGdlphNkRGXzRBQW9fMkZtblFVa0IxYmlpUmdzb1VpTEkzdlBfcy1xN0pvXzVNb0xiYWZMZWF0QTQzSmZGWnljQ1JEY3o5WlRSRHh3dnRxcVVRM1E4Wl9sM2owYU1PME5iT0tYVS1vajh1OFI3MUthX1k2RDRRbmNoNkwzLXQwUlJna3U5eHdSVFJtWWZGQU9qNlprV21PYVg?oc=5
MRK,2026-02-07,"Insider trades: Merck, Intel, Micron among notable names",Seeking Alpha,https://news.google.com/rss/articles/CBMilgFBVV95cUxPUDJWbHdHeENPYXc1X3RLUVA5ZVd0TlZleWNISjVKYVhXNHlfb1N5TkNEX0V4d3NkY3FrUFhaWEwtbjA4UWczc2Z3Nk0tUW9yTWNKUFJYcWN4dmVJSUFGMXF6LTdmRFVBdktqaHJjaDhIMWkzMHFBWUVmUE9iaFl4MWVFVGtSSmxScUxIX2UtRWs1cERUREE?oc=5
MRK,2026-02-08,3 Top Dow Jones Dividend Stocks to Buy for Passive Income in 2026,The Motley Fool,https://news.google.com/rss/articles/CBMimAFBVV95cUxNVUQ4X3UtcHFyRkJJVUgzS3ROQ3VTeEJOeVZlWWFoLUc1dzFmODRFc0RUYXJQMFBrYjFPTmRpM2EwbVBDWUlxVllackc4NVdud0ZZU2ZuN2trNFJFNnJYWUlNZE9WQVdtZ184YmkzS1BHZVo0NWNoNXJjVGZ6eWZYOUhUYXhPTzhpdWtLX09RVjZNay1MdU5rMA?oc=5
MRK,2026-02-08,From Bargain To Balancing Act: Merck’s Next Test Begins (NYSE:MRK),Seeking Alpha,https://news.google.com/rss/articles/CBMioAFBVV95cUxNRS1HZmdNaUxmUDlTU01Bc2VMYy1XdkJPcjFJbzg0TE1yRXFGOXMyYVhXM0t5SDJ2T3pSN3FTX3VnemVCaldIdTB6TjdRT3c0cFp0S0I0U1hSQzRHaXFJY0czR1VoYVltRkJMc3ZSRFpLNndNM1daWUNGVEVZMlQ3ajdNbWtsU0dvU29RQUlZSkpPd2V1cUpDQnk5eWxsUTJ0?oc=5
MRK,2026-02-09,Merck Stock Surged 40% Last Year. Is it Still a Buy in 2026?,TIKR.com,https://news.google.com/rss/articles/CBMiiwFBVV95cUxQMTUxQW5ONldlR0VDYmJmVXVKcXBnVERsU0IzNlctX3pTbkJoQzE3NDlwUU1Kak9qZUIxaEUxdS12bTN6dklmU184QTVkbGwwb3ZLYUdIZFFZeVR0Vjh1c1VJbU53MFdvcDBNNEptcmd5eUszM1RBNE0xenpScThhQUZGRW1nMURIVW5R?oc=5
MRK,2026-02-10,Merck & Co. stock after-hours at EUR 127.25: minus 0.45 percent versus prior close,AD HOC NEWS,https://news.google.com/rss/articles/CBMiyAFBVV95cUxOMG9iY08wWnl2VVVmYWFNN19aTlh5WTdrdll1VWZUeHlSX3VjZkdyUTRjTUQtaVpkdUg3b3ZHZXFrTzEweGNlaTZsZWlzTXc1QjBwYWkxenZDV1RCZ3lILTl6VnpJbGluczh3UFYzbWNQVjJpMFRudWVQSkd5dGhRUG5jR1Jod3A3Ni1FSi00NjNBNGhtTWFqQVFZckl0b2x4VTBXaGMzRnpUMWF1cTV5LXF4QnJjUmw3LWVzcWdCZ2xLd2hBRlVTVA?oc=5
MRK,2026-02-12,Sanofi Shares Fall After CEO Change,WSJ,https://news.google.com/rss/articles/CBMipAFBVV95cUxPZ20xUWVINmN4WFNSU0NXN000N0l1aE4zUlJ6d3lZeG1kSk8xVnFMQng0Q3dfcWpDUFE4SUh5V2dGYjNfRVl6Y3hoWm5jcmpYYnN3Z3hTemxLalgzYjZWLVNsck5Wa2tKT3hlSWx5Y1RBeFltS25uWFZCV1U3eTFDUmVESXhOOFJyRUVrY3FycHVaM18zYXNyYUVlZkpERjYxNEpIUg?oc=5
MRK,2026-02-12,"Sanofi, looking for more ‘rigor,’ swaps CEO Hudson for ex-Merck KGaA chief Garijo",BioPharma Dive,https://news.google.com/rss/articles/CBMihAFBVV95cUxOcUxIZGpNRUIyTnl3SHFUZHZ4VVlJaWhWZ0tHdjI5bnkxeFZGdnlzTzRabVFOeGI3UkZScl9wVGxmZjB6M3hIWHdkRVVXMkZvMU05eDRmVjRIMk85OUFyYkdpY2VQbnZNWHhrUl93N0RYbXpra2U2TzZkcWttV1JHTkV2OTk?oc=5
MRK,2026-02-13,Why Merck Stock Jumped 60%?,Trefis,https://news.google.com/rss/articles/CBMijgFBVV95cUxPbmczSlc1cm9fV1ZyNF9Xb1JLMWsybEV0LTNqczBsdE5CTTI2TjFPaElPN1Vvb2hHYjkzdmZfMGsxMXRPVFYzWnRNbU03LWZPLXd5WF92X3ppZjZuSUFBWEpENTlERWx5NEQwVGpjR1BBS0JiTElDOHpzeVV5VDFLeXZQY01uOHU3aUVOMFJn?oc=5
MRK,2026-02-14,2 Unstoppable Dividend Stocks to Buy If There's a Stock Market Sell-Off,The Motley Fool,https://news.google.com/rss/articles/CBMijwFBVV95cUxPMU9leEU3aUlZcTBELWtRX0U3THNIRkN3dzBwWWROZ1dZWFU5NnRwLVhkMFczUVBVWjlabF9yTWMyQ1N2MVl2cXFscUl2VWo3OTEzdXB2M3NhRkxxZXNJVWx4d1RyNmY2UjY1Nk9mR3BPWDVTUTRSVHFoVWJZSGxRSmFiaktXUlhkbEFhTVlwQQ?oc=5
MRK,2026-02-18,Merck and Mayo Clinic partner on AI-driven drug discovery,Investing.com,https://news.google.com/rss/articles/CBMiswFBVV95cUxPSG42eVlhb19ublA1MjAwN2FnclBaaTQxUzRCVXpHMFN5V1gzcDZnRjlxVEtfVGFHTUVRNVNEcTVqNFVBOUpPYzgyaXVicTRLWDZLNVJ3Vl9ITmpGZXB1QU45WkN1Q3Q4bE5BcnFhbk5Jc0Q3VE1iS3BjNXFncm5CVFBzVXcweUdneU5Xc2Q5MzNtNXNWVWQ3S0djNU5mQjVuUjQxc1NubGN0MV9DNDRHOVVkSQ?oc=5
MRK,2026-02-18,Merck & Company Stock Forecast 2026–2030 | Future Outlook,Capital.com,https://news.google.com/rss/articles/CBMifkFVX3lxTE5MWktOSWJuTjNTbU1EZWVEUHlJeUdBNWc3ak9TN0RIMTFCQVRNZmpZdTRDMXl6aHhobXNoTTc0a0VNWGlhdno3RVlCVzdKazdmV3hxV1l3WTN4Tm9MeDQyY0UwbjJOWUtBUXdKbWtrSFBBZXdMSEF6UmNlQ3pBZw?oc=5
MRK,2026-02-19,Merck Beat Q4 Earnings but Missed 2026 Guidance. Here’s What Investors Need to Know,TIKR.com,https://news.google.com/rss/articles/CBMiqwFBVV95cUxOaV9mUkYtMVNMR3NfeUVpMzV6YzRQaEYzLW90aDJ5QUlmNTViS2NXRFgySG5YQXFBc0VZM0p4a1pZVjc3N25KVUJZaXdSSUpkaElLZkJrZEdaRnc1MTV2bFpDdktTdjRwMjhvTHB4NUJENktLZ2Z5cm1qT1U2R2UtV09FVXdVMzB3ajZITjhVRDNJR29MbExOZjJLdGtSc1ZZdnRvU3A3Z21FdDg?oc=5
MRK,2026-02-20,"Here Are Friday’s Top Wall Street Analyst Research Calls: Amgen, ETSY, Eldorado Gold, GE Aerospace, Merck, Southern Company, Walmart, Yeti, and More",24/7 Wall St.,https://news.google.com/rss/articles/CBMijwJBVV95cUxOTDl6SkxQb2R5dFBqMXktNW1zdlZpTkJMaWU2T1FaMjJGRS1yLWVlekhwQnFwLVRKMG1kaHJtZkhvR2JyMG9ueXdaTWtkbWxOekVMRDlLX2sxelNlREZjd1JIQ3E1bkRBUDE1ZVFlbGw5WUtIdjBBZWdGYlhZQ1VHM1hjcC1tSnVkUkVVNFhSLWVGbkdVTVlYQ1NheUdTTjNUYWlVZjc5NmJtQXV3bzZHcEU0cFB6UFhyMUxmc1ZSTXc4Q1VZMFYwWWlhYnd0UkJPZEdkU1dqUnA3YWlINjFRaF9XQU9aaUVrOG5ielFxRVBIUnRVN19HMy1FRUJaaFdXT0VEbW9FNkJlcC1IcGdn?oc=5
MRK,2026-02-20,Merck vs. Bristol Myers: Which Pharma Stock Is a Better Pick in 2026?,Zacks Investment Research,https://news.google.com/rss/articles/CBMiqwFBVV95cUxPWXVJcG5TV25SX1VrSnVBa0Zna1ZIcy00a19UWUlBd29yWmlfdkVzMTQyWVdFelBsNFBTRTlhUmV4aFliNjBld3NoakttVFJCMXU1dERBd3A4QlhNU3o5WUhSdExrS2NYZ2xZZlF2TlJxZ2wtR25HdHJ5MXJYNEFMVEY4dXBGY1F0cTJkNmxlZlhrakpCTjg0OGpPVF94UW0wSzRFRW1Henpjdlk?oc=5
MRK,2026-02-22,Merck: Why Investors Should Remain Bullish Despite Patent Risks,Seeking Alpha,https://news.google.com/rss/articles/CBMipgFBVV95cUxOU2FndUhobk5xTF9NZktteUFSdG1SZEJOblFfcDlIWk43U1VOMC1Xa1pHT2prR1dhSjRyS0pWNTVEcGNfYVEyN0R2TlNHeDVfMHg2U0EyY2dYS1F2SUgxa3k2RVdtdE9HVUNCUDFvbkVQRTNNQjJtV0YzOGU2UGF1dzNnYkpMVDRKUlBBWmROUnkxZHJnYUhhb203SVZMT3FQYjhaaldn?oc=5
MRK,2026-02-22,Could Merck Stock Quietly Help Turn Steady Dividends Into a Millionaire Retirement?,The Motley Fool,https://news.google.com/rss/articles/CBMimAFBVV95cUxQcnA2eVFzel9JQTZPeEN3VmtIRmEzVS16bG5BYXE5a2hiNDFYeU9SNHl3NHlLaFk0M0p2eC16VmFiWkdIQnlscHBaTV9LN2RqREd6WWdGeUMtM0xZdDc0N3JjQXE1X0dqcmNGdzNOMnpyemtEcWNFN3N4ZEpxOVZ0eGx0RThVMGM3R2oyY0ktYmFFQTljWG1NaA?oc=5
MRK,2026-02-23,"Merck to split cancer, specialty drug businesses in leadership shakeup",BioPharma Dive,https://news.google.com/rss/articles/CBMinAFBVV95cUxQLUZsc0ExQm5Lb2hMQXNYN1NFbGpEUTJmVmJTLVd2UERhaGlGZExQUDc2bXNFSWNEWUVPUnB3Ry0wZzg4RnFkVVJBWUlPMHN0RlhKM290VjVtUHZHQWZwQjhlQlRNb09wNFFrT0wyRVdkQVRDWmJLWjd4RFRLZXNGNC1hUUNaY2hXTkRKcmlXNmZqMWlqNUN0Qm8wY3Q?oc=5
MRK,2026-02-23,Merck to create separate cancer division as Keytruda patent loss looms,CNBC,https://news.google.com/rss/articles/CBMigwFBVV95cUxObVpzVVExWkVDLUpGcmU0NjlYd2RaWDVKMEt5MWNONkhmMkJJajQ4VngtV0xlRWZHQkREVVlrYlpNQkVCa2FUMzRmLXh6OWpBajN4Q3dVOWdzZHFGU0JrZ2hnUGtsMnZSamxIME1GSEVmVjVkRUcxSnYwUlltR193eWp4c9IBiAFBVV95cUxOQ3dTRkFEMk1KX0tRcFlkRl8xTEt4UXRsS2JkYjdxdnRuUm42bXhaVy1kQ3JCcjVXaldJd0hwcVhqbFVJZWFSTEx0VnRrcU1XUDIxN2xLa1k0Q21nZVpINlIwT2F2UlE3S2tHZ2E1X3BKZXRVazJYbmx6UHF5ektrclRnNC1LeW5H?oc=5
MRK,2026-02-23,"Merck Revamps Pharmaceutical Unit, Creating Separate Cancer Business",WSJ,https://news.google.com/rss/articles/CBMiqAFBVV95cUxOeWZSQi1JQTVrS1pYRGZLSU1SX04zSmZoMUZKWjBBbFNhSGJ2eS1ERUdVVHpVRE5xYk9SX1NDdmcwejRhNmhUcXNHM1dYSVVlQ2lZNEhmRkIxdDI2NmdKbWtwNGZub0tTTEp1UFNMMzByNEZjQjdXYjFZR2ZsOF9XYndETF9hNS1adlIyX1ZZbTZpeS1ZSmloR0JzakpNbUxLYzhJdDRyYUM?oc=5
MRK,2026-02-23,"Final Trades: Amazon, Horizon Kinetics Inflation, Merck and PG&E",CNBC,https://news.google.com/rss/articles/CBMipgFBVV95cUxQZDdRVEhHVXVZN2N4YXpsU2E4ZFRNaktxZ2lxUUplWld0ZWFSSUNadmlKeHhibS1DQnlIY2g1dXdsVVJWbUpXbVVlanc2QTYwS2s3M1J1aUh3YXBmWGFUcnZkWDJNQjBpaUp3d3J5U3NKdEQyd0tFU3JhdnlYUFN0cXQtYXJialdHOEhPVFJocVpUWk45eWxYbUhyMnR5ZlNRN1dfTWFB?oc=5
MRK,2026-02-23,"Merck to create separate cancer business to offset Keytruda patent loss, WSJ reports",Yahoo Finance,https://news.google.com/rss/articles/CBMiiwFBVV95cUxNaUlZS2FVWXdDN1ZVN3FFeG9DNHF3LXFaWUdqMEhKRTB1ZHF6UUZ5MVQ5Q1RCdFFoUFVzWmRiY2FEYUxweGNXWl84WlhzQUkyOWxHRDVuT0FQU21SN05uZTFCVzNCQ1RXa2Rtem5tUnVxS3pkOGNvc0t0Sms0Smc0OWw1V1BTNF9GTjJJ?oc=5
MRK,2026-02-23,Merck reportedly ready to the splits as Keytruda patent cliff looms. Market shrugs,Yahoo Finance,https://news.google.com/rss/articles/CBMijAFBVV95cUxPMXdTc19wY0JYMkFnZXNGY0VHdmEzOGltSWNpREgxQ1RERlF3a0VUVGJRQ0x0TXF6MWduOG9uNFlaeTZNY2xyTGRocEhIYlVtYTlFUDh0Q0RjZm9oN3FyWmRRd095MkJmU0c4TGlnM0hCNG83RWFTdXRzU0pCWjU5cVd5S19MS2E5VDZiZA?oc=5
MRK,2026-02-25,Merck Company Inc (NYSE:MRK) Healthcare Strength In Russell 1000 index,kalkinemedia.com,https://news.google.com/rss/articles/CBMiswFBVV95cUxQbFBTTGRuejBfSnllQ2N5X2duZXVvaG80emxRSUlKTWlYWEtlZnlFdWtualVOSTdDeWc2ZVFzNk4wQkJ1Umh6UElSdjhUNFY1c1JNTzhsNUJXWGIyMVRQOHpsQzZhek1pNGVOb25FUmtsRVUya29nVUJUMTlwNjBiTkxvU2g2VWpmbDVVLXFEcVdKVjNHemxqQmxZaVhKRzFDYk1TZzQyajRNNnZHUmFPeHFZMA?oc=5
MRK,2026-02-26,Merck Stock Jumps But Reddit Traders Are Getting Cold Feet,24/7 Wall St.,https://news.google.com/rss/articles/CBMipAFBVV95cUxPNG5QNVJOTVZHNXEtU3ZUZFZmRWJJVGMtcmdjVWp3cUVRS1FBN2xXeVRIR2N3eVlQV2NTYkVTRms4dzl1LXF1QzZNUjZuT3RuSDNYemRvSExwYjA4SEpkSEh5bEhNLVB3RURpRE1MeEZoVEY4MmpGb0tsU1dBUHZSUTVWX2RXaFVqNzh0QmUxT1RXbEJBUzU2OW10ajA3cVZOLW12ZQ?oc=5
MRK,2026-02-27,Merck to lay off around 150 employees at US site amid slump in Gardasil sales,Reuters,https://news.google.com/rss/articles/CBMi1wFBVV95cUxNaktYb1NESXZ6aUxHVHhfZHM0Vy1pVjB0Qkp5Smp1Wk5yTVUtT2cwc1UyRzBiOXN4Z0NISHcyM29vcWQ3UnpiTHBjMUpIYUJtd0NLQ1lCUUxVV0Y0cFJmdXAtS0x1Qm0wUnZ6bUVRVnlfR2xpTUlYaXAyN1lQdDgzRHNmZXY4aWcxamM4VzRNR3FvM0ZYX1JzN1NkYjF3MEJiOEd4b3RPSHp4UXdIV3dQd010Wi1POWhGWmVPa2Y2UzF6VE15LWsxZ05kOGp3N0JuNXFTLWxOQQ?oc=5
MRK,2026-02-27,"Sunrun stock nosedives on outlook, Merck job cuts, Jefferies sinks",Yahoo Finance,https://news.google.com/rss/articles/CBMiiwFBVV95cUxPMlBoVUtmYnU1bm9IajFxaFM4LW5WT0JENEdyV2w1Tnlycl9zS0N0MXdWRWh6LTg4ZFM1RC14ZlJ1ZW15NTB0NWlfOFdhVC0tQXFVTTlYNFR3Q1d3eDhuckpWaHZqSTYwVE9QMThFdC1aVnV4SkdVdU5LRUpiZUd0Sm91SXl1bE5nLThV?oc=5
MRK,2026-02-27,Merck jumps as investors focus on reorganization plan and improving Keytruda patent-cliff outlook | MRK Stock News,Quiver Quantitative,https://news.google.com/rss/articles/CBMiygFBVV95cUxPQ29qWmMzb1V0eEZhZUdGSXdySC1ncXRGdWZUYUJXelczZkIyTjZEVUFVUjNvdEQ1bXVhOE45cUxnajBqRmduUlZVNFE4M1h4eFZjX0NSUUNIdWtVcGNxM2xBYloxRlZCNTkxQlVKSjVmYWt1bkRiZTNNdmZST29IejB0aG5sMlRRbnpSRXFnOTQyQU82UXNYZ3plTDVGQnRmbENuNnpFYnltVkd2dVc1czRsMnU0emxTNXhUQW1GbW1reW1QTEJCbUVB?oc=5
MRK,2026-02-28,3 Reasons Exelixis Stock Could Deliver Market‑Beating Returns Over the Next Decade,The Motley Fool,https://news.google.com/rss/articles/CBMimAFBVV95cUxOZTFuX3ZYVGNOSVRVVHFzaHZSSG5hLVlhMVREZzcyRm10aTVUY01tZ1pKMmp5RV9mN2NNMzlZdnlPOFptUG1uM01Wck5WSlM2OGNpRjVVVmpWUTNyOHRkclZNS2c4ZG9xeHZWc0REaGdUV0xSUGpqSlJoVWk1QVZUTm5IUWgtdldoclBic290Ml9Vd1NXT1Vvdw?oc=5
MRK,2026-02-28,Why Merck Stock Jumped 70%?,Trefis,https://news.google.com/rss/articles/CBMijgFBVV95cUxNZEdZM1A2TUJMbE9ESVgtbVpxMHFRbnBqaWVtcEZrUFcwdG1IRHZoMEE0alFVRXVzRnVySm1nbTBpRHBfc0lwU0RnOUpCaEt4dUtscXF3cVYxMmRHUlRPdjBRZ3plOWJxMnlzdXloQXFleGdJLWl5cHpjT0lLaEEtS18ya3FHdm0zTU5UeEZn?oc=5
MRK,2026-03-02,Merck stock forecast for 2030: Can division overhaul and late-stage surge push MRK to $180?,Traders Union,https://news.google.com/rss/articles/CBMikgFBVV95cUxNc1dhSEpwVENuVkp1TDl5bTZMRzE2SkIwUjlTbS1DRjlCdVBld1o2Q2JQX0luM0l2MGtMeldUYTc5UVYwSmFoa3kwdGtRUVZENWxvV04tR0ZnNTAtMkZJNEw0WW5FaEI5OGVhZ2g0bHY5bDAxd0xXaWNyMGxCdTcwVEpsY2g3NlhEclloZDN1aW5nQQ?oc=5
MRK,2026-03-02,Is It Worth Investing in Merck (MRK) Based on Wall Street's Bullish Views?,Yahoo Finance,https://news.google.com/rss/articles/CBMigwFBVV95cUxNRk43WlhkdUo2N3ZjZkk1YWRmMWczV2hxMmdITlM1YzFvTlJuaVdRenpFOHFWdG9zdHQ4WnAtd0pnMU5nZFFUTm41d0dQaERWa3FWbExxWGhiVG1Wb3hGSDVDWTlBdTlGakpPWmxCNG9ZVlZZVGlCOW50eTNXTjlubTNSNA?oc=5
MRK,2026-03-03,Merck Is Up 42% in the Last 6 Months. Here’s Where the Stock Could Head in 2026,TIKR.com,https://news.google.com/rss/articles/CBMipAFBVV95cUxNTXc1ak9UemF4OWFnYUNBTzd4emRDZllUSWZ6enh4cEY1S3czQ21USjFfZ1FaS01TUG90ZUJpeUVOVmkwaS1HakhWYUd5Tkd4NVMyZ2RjRVY1ejlobmNIUmJsclNCU3NvV2lNUjlJbTlRei1jdnpsbWotLVhrSzdld2QxOExyUUtWZUwzWGtMWWF4cEc2R3VYUERKLVJhTGlTNE81eQ?oc=5
MRK,2026-03-03,Merck’s KEYTRUDA Combo Wins and Pipeline Shuffle Might Change The Case For Investing In Merck (MRK),Yahoo Finance,https://news.google.com/rss/articles/CBMihwFBVV95cUxQTEVCc2dnU2ozVjcwcngxUVZVdEUyUFBueW5HTjZtY09TVFJoVjFTaDM0WTQ1VnhzanVBZl91OFBuNXNVd1pVNEtYMmp4RWVzeVowRmxWZHpzX3ZnRWRMRG95Z1pVMzlLWFZGMEl6Ym85ZHdmZTJxNk9BU25FTEpiUnJYbW5pNm8?oc=5
MRK,2026-03-03,Merck's Keytruda Drives its 2025 Revenue Surge: What's Ahead?,Yahoo Finance,https://news.google.com/rss/articles/CBMiiAFBVV95cUxOUEM2TlMxcUh6LTB4cjRWalM4QnYxZUxlNXFoNko1bTkzdEN3LU41OUhwRWdyN1BxNjFkbnhmUHhMYTJjR2MwcF9jNTI5UTRPbjhYN2dlUU84ZzZVZnJ6WXk1YW5pSTVKZ0tVX3JBTXpVZkpUWVBfbFdQdFhqOFNhRUtPNlpNR3dB?oc=5
MRK,2026-03-03,Merck Stock: Why Expect a 50% Upside After the $70 Billion Pipeline Disclosure,TIKR.com,https://news.google.com/rss/articles/CBMiowFBVV95cUxPWkx4QTZMeV9vZERsMjdKdzhOT3VxeGR2UDhmUFBHbjhlOGNxSHpOTTh4Tmx3blJzWFo1YndJaFl6Uk5iQ1k0b0FnUG1uazVlV093QTNYYlVRQUNjQ3k4Z0htdnBHX3JOdWgtWTRXT3dxX2ZHWTBMUlZPVFJwQmwyN2FyMFJpMVJYYjJ1Uy12Y0VwUWJhYWhCMHkzX1E5OGtMM29J?oc=5
MRK,2026-03-03,Most Retirees Overlook These Dow Dividend Stocks — They Pay More Than You’d Expect,24/7 Wall St.,https://news.google.com/rss/articles/CBMiwAFBVV95cUxOLVMxTksyTHF0SzBqU3BzSWJMdnd3MEVDYWhrU0xxZTBnck1OVWp3c3AtZV9qSkNQamR2QUZyMDBSblAydHpRNFN2OUw0cWJIOUVrZk9RS2c4bkVRekpOQWNtc3hqQ0dlaVR2Tm9jNzBSOC1Fdml1SnBKR0FDdXI0M0NNNExDSG9wbE1sc0Iyblp3blhFX2N0d2JrMm40b2RpOG95RGF6SFh2SE12c05FWDlQMVFyTnhmMDM4ZTRHTnQ?oc=5
MRK,2026-03-05,"Merck Splits Oncology, Specialty Operations To Brace For Keytruda Patent Loss – Overhauls Leadership To Drive Growth",Stocktwits,https://news.google.com/rss/articles/CBMiyAFBVV95cUxNUTEtMVRrQ0s3OFdQeDZHa1FDSWU5MGJQTlZPMkdrMVdWUExZaFhkbThoakpZNkxVSkZDaHQzUlpQd1BCX2xNZ3V1cVNqQ1BiT0ZXQzJIZXloQnhhQTlLVTF6VDh2SDZBR2RWdHhiNHdpWDBVc3d0a0lRbEZZSndrSm4wc1RYU0tfSThzR3lQdUlDU0lEWDhaaE9JRGlZdVoxdWFValRIaFJNYkpobF9PdTFjR0djR09lOEZrbXBfTFdVNld3NFF6Ug?oc=5
MRK,2026-03-05,Merck Looks To Buy Cancer Drugmaker Revolution Medicines As Keytruda Nears Patent Expiry: Report,Stocktwits,https://news.google.com/rss/articles/CBMixgFBVV95cUxObGZRSzFURklCemN1SW5fVUNpOFNEOHYyOURsbjFueUUzOWJmX19yNlNzZlE3cVRUdGtDLVRNcXFwR3AxMnRJVTlfNE56Y0pqU19uVWxpV3lZMkJNRG9GZ1lvYkpqSlFrUzREeHNLRklTNnhnZ2ZuZVNmdFBlN2JTR1R3X1pzYml6cE85Q3p0MGxxSTZ1TFRtWExYTDVVZ3oxSDVxSmo0SjZEVW9FSjlmMlNvcE80bGRidE43RC1aSTZiMmZTSGc?oc=5
MRK,2026-03-05,"Revolution Medicines Dismisses Merck, Abbvie Buyout Talks While Analyst Say It Is Worth More Than $32B",Stocktwits,https://news.google.com/rss/articles/CBMivAFBVV95cUxQUEhkUkZTLVhCNVRIRFhSVHRmQjNsVk1yME9IV0dnaGxYckFkaVZrcTFka0xqVzFWVFBlUU11QXd6c0pIU2RCQ29YbnptM1Fhdzg0LTNYWXZEUzM5YWMya1BJSVJxNHNndDBSYzBnWDFkc3BzMUxLTlRNNExKWmdEbmRjQ2NlNnd5RmpQN3dDbEhTeTZXaDgyWkRuYXN6anRlbGxjU0lic2hzbHUzOTN6N04yeDlIaFY5VUFzSg?oc=5
MRK,2026-03-05,Generic competition and forex headwinds to hit earnings at Merck,Sharecast.com,https://news.google.com/rss/articles/CBMizwFBVV95cUxNX0NtQ1YtZEpCdnlFa0FZWFpDUXh5dXBDVXhHcnE2WUxqYjVfMHRnQXNvN2p1UGZ6TXozajdJSE5uS2ZtN1phRjN6bDV2UnlwN0VMZ3U0RU1ueU1sTVJDZ0x4S1FENFNNR3BDbjBrbjNaejRzM2NiWE5yWDdqYWJ0c1R2RVFIT1dzWUhmWlhsdUE4SW1TZXhUTEtObWY4WGo1VWdpWUJ1S1ZXREtaMGlscHl6eHI1N2h0NmFyMmFKZGQzcmptUlhxWkNPVXRXNXc?oc=5
MRK,2026-03-05,Cidara Therapeutics Stock Soars 42% After-Hours On Merck Buyout Buzz — Retail Traders Eye A Potential Blowout Premium,Stocktwits,https://news.google.com/rss/articles/CBMiywFBVV95cUxOajRua3JDd09JS21UaF9rWE1KWkgyR0dwSmxocHowX0VFcDVaakgwdzJrUTBLTTFKd1N4OG80TWdZdjVDVERaYUZHc2FybW5weVhfV3BjOE45Y0NxVnk4aGgzOHhUMTM1WTlCMU9IVEE5bzNHTjdTbExNUjZyMEw5cW1zSVFrSnJQQUV0a05RVnhDdnl2NTRJQU9TYWJoaDNNRm11ZzREWW43a2N5RnBCXzhVTDFNZVdqMXNIaFZ6THR2UTdxeGxYczBGQQ?oc=5
MRK,2026-03-05,Merck KGaA Q4 Earnings Call Highlights,Yahoo Finance,https://news.google.com/rss/articles/CBMifkFVX3lxTFBaTHF6ZWFRNHp6YmMwQkZ0SmU3QlY2cWZfNjZSS2FsRnVPQXgwRXktQWx6a043NVBLWlZveUZOSVdieWEwWHhaTXJQLXEyWExIZ3hVWmdQaERLaG9HMWNBT0dESG1NSHMzLTVodFRrVlhMT0xYQlNRcUk0QzVVQQ?oc=5
MRK,2026-03-05,IBRX Stokes Retail Chatter — Investors See Anktiva Beat Merck’s Keytruda With Approval In EU,Stocktwits,https://news.google.com/rss/articles/CBMilAFBVV95cUxNQ2tkdEVrTDJ5VlE0T2htblBGOFBEMFZsQ05pYkxPQjQ4T1F6NmRNZDFlOW45ZjVPRTdmM2k4R2FSeGxXbldZRzR2cXhQUERKRUZmaEJlVU5peE1oWGVsQ01VWDB4Mm13Tm05c3ZWSzREM1hMNUR5bUNiaUJYM2RTc1RvNUZFQWk0X2FPNll1dmpUUGFy?oc=5
MRK,2026-03-06,Assessing Merck KGaA (XTRA:MRK) Valuation After Recent Share Price Weakness,Yahoo Finance,https://news.google.com/rss/articles/CBMigAFBVV95cUxNbUdZbXh2Z0hibE5nTFZISEMybE4yS1Z2a2haYVZyaDJ3Um8zZ0doWVg5dUNYcFJUUFRJT01QTlppMGpqeHgxSzZSU3RIUHZJOFpwZkFfT1dGX25UYmVkSi1WMTZvMUJqeHp0NVBJZ2N4aWhGWEg0eGtqVGJIcEFkSg?oc=5
MRK,2026-03-07,"Tempus AI, Inc. (TEM) Announces Strategic Deal with Merck to Fast-Track AI-Driven Precision Medicine",Yahoo Finance,https://news.google.com/rss/articles/CBMifkFVX3lxTFA2UGItU2EyXzZCWFlGZlZXN1dXX29LWFFWTk9wcEtUTDdjeHZTSFg1NllZUHBwOTFwVHdZQVJTb1Z5YlhaME9iTTJBNnEtSTZDMUhLQ0NHSGZka3hvMmJyazdEY0dIZ0I0cmRDNDdhNVlGY19iajd5b2pLQXBTdw?oc=5
MRK,2026-03-08,2 Dow Jones Stocks to Research Further and 1 Facing Headwinds,stockstory.org,https://news.google.com/rss/articles/CBMiuwFBVV95cUxNX0NEVHcwMjlZTWZQUGVuWXpKcTNJZHdKakMyM3M4ckFBOFRScF9JT3ZJNTlIbmM5X1JIT2p4WFVMTU5fRXR2dXg4RU94ZnllT3B1YnZNQkpialkzWFJnOHZjZFV2YXJkV3NxZnZzY09EZnFCV3ZQZ0lWWHd5RkJsVGoxUnEyb0NLNkVWa2s3eV95UXpFSkREb3huN01kdkgzRnY2SGRrUkRGQTBPYUV1b2xFMkpvYU8tWGlz?oc=5
MRK,2026-03-09,Merck & Co. stock gains on FDA approval and higher sales,AD HOC NEWS,https://news.google.com/rss/articles/CBMivAFBVV95cUxNVEVqREc3S2N3ZUFfQzJNSDV3cUJ4U05zR245bXlzZEZJRjBuTGdnM3B3V2ZuUThXc3p0Z1ZoaUx3cXg2RWFMa1BlZFA1UVJKNVVDQnlFVXhlcThOMXJmVlg4eFh1c2JfOEVicmNKY1NJUWhvSzAxY1RhVlhmeGI5VmtiLWFRbUROSktuTDdIMlAwT1U2OWJ3TldCWHR1RUVJeGt5MnBQdFNqVzljU1lMVlNkWllEako0Uld0SQ?oc=5
MRK,2026-03-10,Merck Stock: Here’s Why Street Points to $127 Mean Target,TIKR.com,https://news.google.com/rss/articles/CBMihwFBVV95cUxNcHlDS0pEY014aGhaOTB5b0JHV3hiUkFGYmZoc3FVaXZ5WFoyQnJhMHNZdVdmSFRtLVVzRHJzM3BsYnY2QUtkRmVVekdnYmpZZXR6NXZZaVp6bDJtd0RETjIyNTRpMmRZcHhhRmxfNl9yR2FLN1VhcnRVUnYyRGEwOWFyd3R2cFE?oc=5
MRK,2026-03-12,Merck Price Prediction: Sac-TMT Drug Potential Pushes MRK to $150,24/7 Wall St.,https://news.google.com/rss/articles/CBMiqwFBVV95cUxOYkJPZFR4TTVhaGs5b2FZdzk1WV92X2NGYzhFMkZsOFF1d2NlQUxDVHZiOUdmMW5BMVlfenkxZWJRbExOMmYtWVNhZkdHeGd3aEN4TUUwdFdHVDJyU3BsU2E1VnJ0UF9iaGF2SDl0Z09NMXNFZ3c3XzVXWHUwTm9fMTJ2aVFENzhuTHpvalNaTFlHbnRfM3VKaUlRWFk3a3ZMUHNuWktKTTZtUFk?oc=5
MRK,2026-03-15,"Is Merck & Co., Inc. (MRK) A Good Stock To Buy Now?",Yahoo Finance,https://news.google.com/rss/articles/CBMidkFVX3lxTE9KMWNsX3llUE9uZW5TZEhzTFpLWFJwWEJNVjc4c2pzdkd1WFdXVndFdTl4SWVGMXNHZWdNZXllT2d5TGZxa1ZKWnliek9ldEkzeVdJbXl0YzV5NGRZOE5ocmFuOTk3ZWRyWm85YzRrX3B5MHRZcGc?oc=5
MRK,2026-03-15,Codexis (CDXS) Is Up 30.9% After Merck-Fueled Q4 Profit Beat And 2026 Revenue Guidance - Has The Bull Case Changed?,Simply Wall Street,https://news.google.com/rss/articles/CBMi2AFBVV95cUxQRnlUZk9HQW5WMENOVmdGQlU0Yk4tVi01bFNLZW5Td2xybS12UkdUWVFSUUxzaHNrRThBcFBMckcwaVgyeE1xcGRMM194VGdIUFJlaWZ5ZURsenJaZ1lkeTA5VlRJT291THZCOXlDeTUyaVIxdW9qOWFqLUl4MGMtSUt2RS1uXzZsMkcxZl9NQ1pBcXkwamFZeVMydVFpdnlQV2NuZ1lJTGx2SGRzLVZ4RHRzTDJBY3Y4LWNKVk5IYVRHU0JVU2s4alVYOGl3YlYwcER6aGxjVEHSAd4BQVVfeXFMTkY4eWUzX2Z6UUZrWG5yM1BFNDAzUjU3OFBtN2lWUm04QlpiRDFKN19pQWctVWU2WTZNSEJ5bDBRTFlPdHdiQXFjZjFtRC04WU9BVzNFdFEzXzRSNEtXR0NZdndZajh1R0hkMG1CV0NBSkVyeXJ6d1J4RC1JSWZTa0I2NTJSaV95aHBsNWRWanZyU2Z4WFdPNV9YbGd5R04yLTlCeEwxMzJRY2JfMEJtNlZScHRrc19ncXA3WHVCUUFfT2pXRDVwNjRDeGl2MUUzOVZCSVc2UEdyTGZON3p3?oc=5
MRK,2026-03-19,Pfizer vs Moderna: Which Pharma Stock Has More Upside?,The Motley Fool,https://news.google.com/rss/articles/CBMimAFBVV95cUxOclNDS3JIZHFoTVhUc2xUekdpeFZzNWNYUVVlMEY1SjZ4Nm80SjRGdl9Hdk1ZR3NYMWlMRlV1c1BzMTZKaFgyUVktYU1xaXlaWUpxU2VwY3ZYdTJMc013OGZjNFM5Um5wcTQxX0RkNEFjeVR4WVNqLUF6bU5pRjhDdkdTVXVCYzE0eXZscEtDWFFGWFI1LTlxOQ?oc=5
MRK,2026-03-20,'My Dad Lost Everything': Jim Cramer 'Willing To Expose' His Father For Picking The Wrong Stock — And Mis,Benzinga,https://news.google.com/rss/articles/CBMipgJBVV95cUxPeXpTdk1ReGxCemYtMXNEdWZFU1N1VE55eTYtcW9HclpsWVJoRktiV25wQTNjaEJJT3ZuWkpaa1gwMjI5S1ZpZzVfSjhwbHFrUS1tRHA1QVNndjhZaXZDS0IwTHpRY21mekppb3hneF9hdXk5RzBQM3BnV28yQ0VQVWNrYVBrcVFyeEM3MzdWUjBVSmIxeFMzZnZDZkRQazlYQVphQUpwR0x6NWRLQzhINmV5bjZEcHFDdTNJQ1hLOF9tb0VmQ1R0b190MmVVR0sxQWpORC1MVUtFSG1GVl9TRlJZemxrS0FBWVFwdmhoWGJ1LUJtZjZSQm9YXzNlVEJmSFVSUXFKZUt2MGNsOURTU2czOEtRNXZkcVZhZXluRVFQM0k4Vnc?oc=5
MRK,2026-03-23,Pfizer Receives Unsolicited Mini-Tender Offer for 1 Million Shares from Tutanota: Report,Pharmaceutical Executive,https://news.google.com/rss/articles/CBMirgFBVV95cUxORnVxYlR0UHhnaWE4alF6Vi1QNU5fYzY3TFotRGRIM2t3WTRjcVVKeEFRQ0VRNVBqNjRpN0owd215aFI0TXZjS1ZkRVFfWV92OXlIcnM4LVhqS0NHTHZsbHV2cEp3cGxBZGk5c25uandkcm9UVFN3ZndSVVVWeS0tRk9HeXhjMF96VFJnSk9RT0c1VWVhdm1CV2JBTms0cjlHNUF2d2tMNnNUNzhFOVE?oc=5
MRK,2026-03-25,Merck's Deal For Terns And Its Stellar CML Drug Candidate Looks Like Good Business (MRK),Seeking Alpha,https://news.google.com/rss/articles/CBMivgFBVV95cUxNdERjZktGNGhyZlc4bGVGd2Nhck9wTmpwakVRcHBDMGtpR0lMMjlDSXFnYkMybmJTRklxb1liQ21qWTBIMTFOVlBPVzRPaDRQRW1wT2loWXY1UHBGdklEZ0hNbDU2Q3FsQnktSWlVZ2pzTy1FMXdma09JeUdYNWJLNHZUQ2VXYzh5YXVnNHpuZTV3ZGRrTmtCMXdyOEFQZjhXeWIzSml1dXdlV25OV2pkVVlkVm1TaGpNd2NBenRn?oc=5
MRK,2026-03-25,SLS Vs. TERN: Which Pharma Stock Has More Upside As Merck Eyes $6B Cancer Bet Ahead Of Keytruda Patent Cliff,Stocktwits,https://news.google.com/rss/articles/CBMizwFBVV95cUxNYW9kUll6Q2o4X1ZoNnpBUVZkMVQ1cDlka0JPbW5DMGhvZHF4MC15RzNlVHFoU2NVWVlRelZzUlltWW5fcWRBVVBnOXVJZjFRYzlNcVVRVmpXbmtuWHE3S2ladkQ0dFVzNTVpMnBKX0JKSlIwVVhDTWV5YkY0dnUySWNZTkI1RnB5eTlIOEFJXzBMZk1VTTF3TWlCZkV3YjhWSUcxUjJEc19UUUFBLTJiQVFPc1phaEN1OWJrSzhLUUhVY1NHOGxaek9CbkVrZ2c?oc=5
MRK,2026-03-25,Merck seals $5.7bn biotech deal to boost cancer drug pipeline,Financial Times,https://news.google.com/rss/articles/CBMihAFBVV95cUxPZXUxTGU5MTl5QzF6aEx3WGxpYlVmYnhRazZUWFhnVF9XV0xpT2JVbHB6TDJ6dTFSa1ozdTRJalNxaGc2dE51Nzkzc282MllPbEhOaHE0NXAwUk1jd2FCdlBlbG55c2RWcDlsc2JVeDdnekM4SDlHcklwazdrSElfOWlQelo?oc=5
MRK,2026-03-25,Merck buying Terns in $6.7B deal to bolster its cancer portfolio before key Keytruda patent expires,audacy.com,https://news.google.com/rss/articles/CBMia0FVX3lxTE5QeUJHZVdRNHdxbHo0YS01eFpqWUxBU2NZcmszRkoxbEVuaWZTcmhUMS00RHBONzVPVFYxTHFoLU1WLVlJcUJ5Zl9CNDlXb0lWNnpuNFdqaVFDdnpha0R6T3UyeUN2UWRldk9F?oc=5
MRK,2026-03-25,SLS Stock Jumps After Merck's Tern Deal Sparks Buyout Buzz In Blood-Cancer Space: Retail Bets On This Big Pharma Suitor,Stocktwits,https://news.google.com/rss/articles/CBMi2gFBVV95cUxQdkUwY1Y4MlBHMUtzckF4Q0I3MlZaTkNNNTdaUFZaWHpZNXVad0pVcGRYeFhKdElmTXV6QjVLZDFWSFBtM285THY2UDB3UjFETE1jVzB4MjRzYTJXcU9oMXgzd2pmcWE2c21DX0MtcTJ0WjRHREE0cEE5RzhxN2N1ZUhiM1ltbE15STk0a0lEVVVkQ3RMaThUaC1KdVduVFdrTm9fOVBITlNueXhJQkJ2aXlxT2xKek1DQklzU1p5VWFHWG9PdlRhMC1sLXhKU0otT3JieTFDWGFJdw?oc=5
MRK,2026-03-25,Merck braces for Keytruda patent loss with $6.7 billion Terns bet,Reuters,https://news.google.com/rss/articles/CBMi0wFBVV95cUxPcGFFOGVFOEtYRGRJYWVSc3VxNHF2NFVRYUFNX3lKeTdoaUZyS2Zzc2pzVG1INU4xc0Z6MUYtRS1PTWVzWU1IVS02d1AzeEg3aG9xdi1PbVdOYzZxck4tVV82YkdTNzA0UGVmRFhzd2ZMdjY0UWY3TjQ0dllsRUFCR2MydTFjZzNpWjF1cmkxRS1mbnBZdTlVeEVqclhOTUljX1MyN0lNREJ2MUVtNHF0SHB3b0tBclRjSXMwOFRDUUpzY1Q1R1o2Zk1fZlRidGpBR3BB?oc=5
MRK,2026-03-25,Merck makes a big move into new cancer treatments with a $6.7 billion buyout deal,MarketWatch,https://news.google.com/rss/articles/CBMiwAFBVV95cUxQeVY2U1h4clJ4aUZuQjNVUmRrTHQ0OHQ2UlJ1a3RQNF9jQ0RVODA2MlFuNzBjbkVDaUR5T2NRRWNncnNveHpCeDVUb0tUSy1aM1pCMk5Mc0NqNnJvVkVsSnhWa0lZSGZIaldwdXo1eHIyTEwxcmdERHVLVGlDOW5tb1dkd2VGb2dXSUJEcmRGUE1ET0NyV0tKWTQwMkpRUGlLVjZnZ2dBbnhXbkNlZzVXM1pSR2RzTzRNOU0tSVAyMnE?oc=5
MRK,2026-03-25,Merck boosts cancer portfolio with $6.7 billion buyout of Terns Pharma,Yahoo Finance,https://news.google.com/rss/articles/CBMiogFBVV95cUxQSVNVZ2R0MWdVNGN6aEp5eDFucFNtSUs5YjBMUVVBSllZcy1IUE9kSUFTOXByZVZzUk52SkRid2pqN0ItTFZUMVRwMzBYYlpmaWptTzExa1AyT0lJNkNRNnBhaEtYbjBMdkwzRGRsWlRXdW8tWkxWZlI3RTdJd0lid01LeTJFOGVzVzM3dnE5U0RFNVNleHhWZjVvMy1fOGVRdGc?oc=5
MRK,2026-03-25,Merck to buy Terns Pharmaceuticals for $6.7 billion to boost cancer pipeline,CNBC,https://news.google.com/rss/articles/CBMiogFBVV95cUxQQWZpb2hJZ3VQM0doY08taFRFNTM3TDN2OXRrSWFiTVlFUU03OHNKbEloOUhIcTh0SXp5LWtwS09sQnRCbE5vSE85WElJTUlIeWZrU3ZoWjRsbWQ5RUNTMzRzcUMyWldjdnVJVkU1Z093Z05PdUtFZkU1YUlwdlVxX1BTS0pOWUwxTUlRMUd4WEhDZ2ZUY1Z1VnhpMGIzQ2dud1HSAacBQVVfeXFMTTA3VndQZWRkSHB4elRHVldoUDFiLW9FdWxPejBHZExOaFZ5ZWZXeDhpX1pqSmR0dlhiSFQ4N19vOVVmVXl6eURLelNfVkJEaERHUlRicnQ4LWF6Nm43ZUlOU0N6Y3VqV0EzaGlOS21MdEE5UTd1aWVucUxkRnpxZndWZHNWVGFiQUM2c29XMkk0WlV3OENQcHZSN3FpV2I4bGlZNlBKckU?oc=5
MRK,2026-03-25,Why Merck Might Have A Fight On Its Hands With Its $6.7 Billion Takeover Of Terns,Investor's Business Daily,https://news.google.com/rss/articles/CBMihgFBVV95cUxNelZ1QUo4VkhCMHljbVVQcVVEcTY5bDFCRGs2QjJwNGcySHZxZDRmS1hncm0wLW9FVk5HRXljUVJKTHprYUkxOEJyZWM0bEhkYlhSMDI4eE04blVrSUNwOW1uRkcyV3BQb3MzM0lnSzA3TTBKcldkQ2p3bzNVNm9ybmdDQktHUQ?oc=5
MRK,2026-03-25,TD Cowen downgrades Terns Pharmaceuticals stock rating on Merck acquisition,Investing.com,https://news.google.com/rss/articles/CBMi0AFBVV95cUxPak1rWEFuXzZVd1gzVUMwYlowdE1CaEhJOTlGekcxcXA1N0RSUzdoak5xWDdpenFTWWRLaWN1bHNRVXZzaEVsS1l4UFMtdkpvcUtmSTFHVlAzU3JpSnVyN1RmczVIUjVTdTJOMzBVZUxuUGRoVkFFa0lZWkxtM2xVOGpGV0xXd045X0JSZ1VkSU5FVnpmMVhybGxKVWQzc3VhXzl0WkFxNjQ5MXhxNnpxTnJrVF9Sa0hSYUxwWnFwV1M0UUpMVHJHdEEwN2cwU1Vp?oc=5
MRK,2026-03-26,"Merck to Boost Oncology Pipeline With $6.7B Terns Buyout, Stock Up",Yahoo Finance,https://news.google.com/rss/articles/CBMiogFBVV95cUxQY1FHTTFfd0YtOWVZWUc1Sk5wSW1LUHNFdFZKVWpWNU9jcEdWTGQySnVIcmxIUmp1NFVidDZqbmJDZXBLZnRmdnJjRzQwUGVqV09VY2xzUWRHVEZsMFpZMjNMNTlodjZ1VE5jYUV3MFRZQ1pKOC1FaHBZaHVYUWJuNnR4WjhWbUFQQmpHZ19pemJCMkoxTXJyS3BvcUFueHNPbkE?oc=5
MRK,2026-03-27,"Merck Stock Soars 50% in 6 Months: Buy, Hold, or Take Profits?",Yahoo Finance,https://news.google.com/rss/articles/CBMikAFBVV95cUxPb2dLYWFDX0FiOHdyUWNMT3RfbW1TU3dFazZNSXNMVXhTUTJiMEFOelFKSTVKSkpfZUFyYVFkbDNaUi1XWkZCTFJBbFpYbkdRY1NGaUNncGxXcThzdDN2R3NEUGJBeTBRNGRDbEYyNGZEMGRBLUdCbWI1bFA1OWt4X2VrYWN4dHNsdFBUUXNIQlo?oc=5
MRK,2026-03-27,Merck Stock Is Outperforming In A Volatile Market. This Trade Puts An 11% Return In Sight.,Investor's Business Daily,https://news.google.com/rss/articles/CBMitAFBVV95cUxQbGxfcGNYZVJQMEpmbUdJYzlUZ1FHR3QxcUFBeUpZNUczMUFpQzNQTXFIVjcyRHd0eWxXOU1wTEhYd3NacnNTd0d5ZTRIcjhMeF9IY3h4M0dGYzVYSzgxcWZlRjc1a1RMQlpLb29sc3BfekNZZWZFaFRKdTVicWZhVm1rMm13N2FmWnNfR2swVG9Val9Nc09VSFpnNExxVkxabzJXUi14SnY5ZVB1bU02b0dfRko?oc=5
MRK,2026-03-27,"Jim Cramer on Merck & Co.: “If We’re Really Going Into an Oil Shock-Induced Slowdown, I Think This One’s Likely an Outperformer””",Yahoo Finance,https://news.google.com/rss/articles/CBMilgFBVV95cUxNcGJPTmRJaW8wcFZsMzAtNGQzWmtyUTI3QndjdlFQdUx5aTZyek0tekxudUpiS0xCZ25XQjdnQ0MtR1pQTG1LSEdRTWxPaFFpSVlEUGw4WnN6X2hHSnk0OE1wRVE5UURDdVZPUi1mSEEwa2hQT2RLODFKZ202ZzMyeF9MSDRVVkZGVWRBa20yVEtNS2I0NVE?oc=5
MRK,2026-03-29,Merck Rose After Its $6.7B Terns Deal. Here’s Where MRK Could Go in 2026,TIKR.com,https://news.google.com/rss/articles/CBMimwFBVV95cUxQYURyNEFhYWE5NWg4X29SZDhBNmRRU0dfd2tkT0tBUmwycWlJZERjZWxzVlNCa1hIN1l2akVBc0psYlk0S0FxcFRSM0xHUDdua0l5Qi1QQ09wOG93LXdTWEZSdmJLc1huS0FleklmU01RTFotcHYtOW50bTFRcWJDZXRTd0lWbFlOY3JWM3Y0OHp1R0ZrWnFYM0pBQQ?oc=5
MRK,2026-03-30,"Merck Takes On Regeneron, Amgen With A New Cholesterol Buster",Investor's Business Daily,https://news.google.com/rss/articles/CBMiigFBVV95cUxOa2l3aFJid1pjTWRIYTN4TzVwaTljR1lsY1BvRjJGOVA3enF0R3RTeTJNWE04TWdSeWxRazF4bHA0VHJxTVVaS1l6YmFpSy0tRS1zWUpYV1JtMldxRDUyV3V2STc5bVUwZDRxcWVaOXlVYWtieEJFRTh3dTNSUldiaFNneXRDSEwxNmc?oc=5
MRK,2026-03-31,Merck Just Made a Big Bet on a New Cancer Growth Engine,MarketBeat,https://news.google.com/rss/articles/CBMilwFBVV95cUxPX2xGQUhLeTdrdHhBYjhoVGFOUGx4cjdhbXZpT0FyTF9BeVJiaG1GTEFXSFZiV2ZrakYzRzNmTFpXSC1Vb1ZVOHRXS18xejljX2d6SnZLVlAzODN6T25wUHl1MGhpTkY0VGdSbkdJY1NiZTR4ZzUwRnJVNDJEaTBJMFljSUMzNnk1TDk5ZkhTNEhqUE1sendN?oc=5
MRK,2026-03-31,Merck Enters $838 Million Research & Development Collaboration with Infinimmune,Pharmaceutical Executive,https://news.google.com/rss/articles/CBMipAFBVV95cUxNUXpscUl2YWFRaWltaVd6amFTeFJYRU5ReDJ6MHZDa0xqZ2NIdzNVWTByVExrdEdObFdKc2NmaTRNTEg0NDd4WGxqdTdoWGpSZEN6N2JHMlVkc3RCZWZGU2w1MUxRMElkd3l2c2VWeTNvS0xaNWMxeEVwWlUxV1dMTmx0UWszZXRrSmhUa01JWFkwMlM1aHNzdlc3VmE5bVdJQ2dRRg?oc=5
MRK,2026-03-31,Why is Merck & Co. (MRK) One of the Best Affordable Stocks to Buy With Good Earnings Growth?,Yahoo Finance,https://news.google.com/rss/articles/CBMijgFBVV95cUxQZWZidHJHV2VOXzkyTVRHTXczSVNNRzVJQklRRU1Ld0IyRFJYRjJUT19uRGMxelJkdUo4dVY2b1lRVVhLRGFqcFJWd19sYklRaWx1MEo3cFNOMnBOUTlqVUpwRzlLZjVZa1doUHdaUHZfcnVqY3lOZ2ZRbXIyY3hSaFNlTW80NS1wV1RaWl9B?oc=5
MRK,2026-04-02,Ten-Year Tally: Merck Stock Delivers $92 Bil Gain,Trefis,https://news.google.com/rss/articles/CBMitwFBVV95cUxNNzlZZDkyNVgxUmNSaVZTZTZ1QnQxaDV0NV9odlU0cENYYzZSdjBiWDRWZ3B5TjRMNlkwVExtNjlNNy1uV25Uc1d4UnJybEtmZHlkUWdxYTE0WnBWbTZWcEdyclAtZlFNS0JfQUR5cmlRVU1QM001MnEzc0ZSREZNZnFFai1jRlg1MkZUdm5xQlBJZDhoWWwtU0FuQ3dGR1ltbnMySzJzSTJaNkl2RXcxZmhkeUVjMmM?oc=5
MRK,2026-04-07,Merck (MRK) Stock Declines While Market Improves: Some Information for Investors,Yahoo Finance,https://news.google.com/rss/articles/CBMimwFBVV95cUxNZ3htU2ZvamV2MUtPNWRxbk1KbGl1Z3ZNclkxQlJTZzd6RzdhaUFKNGdnU3JqRFFScllMLU5Gb3YxNkVWLUw5X0xCS3hGR0FkNGdtc1ZfSUxKZTU2NXNMODNXbjNtY05icFBhSFVKUmRnMjdYVER1YUZLYXNsOU5qU2ZZZVZOa01nc1FZTzM2bk0zNnFucnM1cE1Zdw?oc=5
MRK,2026-04-07,"Merck’s Acquisition Ups Competition in Pharmaceuticals, Enliven Shines",timothysykes.com,https://news.google.com/rss/articles/CBMihAFBVV95cUxQWlprTnZpejZ0am5OeWtGWi14VEs0Wk9EWHNJaUZEMlRxa284UUlRY0hicUw5akFrS3BFblR0RlNmV2RkV2cxM3J2Z2tmOGVndmZaeG9VZk1INkxxUWsxeWg2TXBvN0FLUUpLRjREUFNhckNKSXg5RVdya2x3c0txOUU3LWQ?oc=5
MRK,2026-04-07,William Blair downgrades Terns Pharmaceuticals stock rating on Merck deal,Investing.com,https://news.google.com/rss/articles/CBMizgFBVV95cUxNRzR4RjhDdjcwMS1RZmRfQlFIbnVSXzJxRVZsS2hkNXZ2NGNHRE9ZaHBnVDZDX0QwRi1pN0ViRnUyc0RZYklnLVRxVkVpWDN2RHBWcURuYlotU1BpcUVHRXZVY3BQTkYxV0tRTzBhTFNRR0ZQeTJjMU5BbFY0VnhBNDlPY0tsY0NfSndHaVVBZW9XMkhOdXo0aEExRlpySmY0RjRCelVkVzUtSUpmYW8zS2htc0RDNzVzYWdNYVdMcDVuQnVaSkwxVVoxekgyQQ?oc=5
MRK,2026-04-07,Is It Too Late to Buy Costco or Merck? Are These Defensive Stocks Overbought?,24/7 Wall St.,https://news.google.com/rss/articles/CBMiuwFBVV95cUxQa3JvM1VPQlhyVE5TM3FjdkpPVTdMdGNrWFZXZDNiYmY2djFvMVM2N2paUnhvRkNtOVRwUmJxSVJTbU1qT3hRRnlWckNRTzE5Qm9uNkJ2NFZoclVrOFhMa25MMEYyaXdtakdsQWVzNWlSQXFVSVNfbEE3LTh0bTFpckkxS0FCN2ZOZFE3c1gydWIxVW5rMkJqc1VkVE9BNGlyWm5nVHdGX1pYUkZRZ1pVMmxpbWdmYVNLdl9j?oc=5
MRK,2026-04-07,"Merck Begins Tender Offer to Acquire Terns Pharmaceuticals, Inc.",Business Wire,https://news.google.com/rss/articles/CBMivAFBVV95cUxNYl93OG1iZncxZ0FZUkFPQnIxOUlxbVlkUUY1YjN2MVVPb0lrNTdLc1haYjVEbENMTkJmMGpvanh6bjFoVklUT2M3cUVGdkwtLVR1Sm9RMFV3M2xtaF9kSlR5U2ljRXQ1QXlRNW5BUjFwNTFJX2tOVEVfT0YwZTZTNi04cHhjS0s4bF9CWE8zNm5oZzJyYVc0bGYxdm1jSkZSemhMVDMtT2Z4bmZTcXloeGFWTjF1X29lVW5wTg?oc=5
MRK,2026-04-08,Why Terns Pharmaceuticals Stock Rocked the Market in March,The Motley Fool,https://news.google.com/rss/articles/CBMilwFBVV95cUxNeHM2aXp0cVhuWWxlUjJJRXhEVzF1WTRpUTIwQmsxSTlkeEVqR3NxWXE4d2ZOWVVjQ0VMNnphMDNsMHltNDRlOGFTOUJIN1d4bm1EbnIwZWx3RnJuUW5ZeXpQMDdRd2JpYUxwOVVFZWVnZHRvdDRGd2d1dERmejZ1Rnd2bE03VGxxMWl1Rlp0VzZSQ3dxamlN?oc=5
MRK,2026-04-09,AZN vs. MRK: Which Oncology Stock Offers Better Investment Potential?,Zacks Investment Research,https://news.google.com/rss/articles/CBMiqwFBVV95cUxOSnJLd3AtQ0M3d1dNc0pCV1NWWU4yTDhIUmRtbk43OVhSVmlEYlVURUpzN3dFN20yYURNZE9ZRFR5MGNUNVVKTGR4RUV2N1RrWXJtMENFQzh3a1Zlb2dMQnk3eE83RDhYWE1RbHR2dkpqaDltR0poSEI2SHM4bkdnYm1BRVpJUEhPZ2NtQ3pDbzVxSnlSZEphazU4RHkyOWh6ODhfenp6eHE2U0E?oc=5
MRK,2026-04-09,Merck & Co.'s Quarterly Earnings Preview: What You Need to Know,Yahoo Finance,https://news.google.com/rss/articles/CBMipwFBVV95cUxNR3VMOW5sczlNUG40djBHX2VDYTNaN0lDVGd1RTVwVExYNmZSOVdKQTFaNHV5dldvWTRfRHZPdWhIbDhHQmt4TlFMRHFkbUhHdTNycTdpcmF2blZDOHFjel9rNEhmZWh6MTA2R0VCYVltNEhVbnBLakdEUWU4bFZKdzlTcnNFelFqNVFndldvMXRLZTU1Vzhtb3hsWmRmR19iVktjRDFyYw?oc=5
MRK,2026-04-10,"Merck shares are forming a bullish chart pattern, and a breakout could be on the horizon",CNBC,https://news.google.com/rss/articles/CBMitwFBVV95cUxPQ1EzMjEyemJMQXNuSUFkTXl2M1VJTC1jNmZoQXVuTFRUaUQwbWNpRENBWnFmdG1ESFlQZ3lNanlMekhUQXlDaVUzZHFoamVDaEF5X3lHMnFCaFdyWklNR053S2FZSEFhVWoyTmkyWkE2VUxHNm51MktRWEdOZ0NIYkZ3TEJoQTNRYlVMUmw5NnFnYThEOGtjMnlHWjBQRmIwWEk1TlpQUmNzb2dYVDZBcFV5aExvWGs?oc=5
MRK,2026-04-13,1 Profitable Stock for Long-Term Investors and 2 Facing Challenges,The Globe and Mail,https://news.google.com/rss/articles/CBMi5AFBVV95cUxPdkRxSmxkSnRQY2NVdy1lenRaUVZVaWxnSEQtNTUtSFlEbXQ5YWl2WTVUVEhsbkJUTVotN0NpSVRVcTlzZVdCSlZ5clNXa3I3Ni0xZGJfR1hwVnJzTi14djZmUFFZZ05jcW9WaGpFLXlBeFpCNnBxeldVV0o1ZEdaTGRJcnFHRVNDYzVQVHBxbC01Y2FUQjA4T0RoOXZYS29xR21HcWNXdXFHMnFEN3J4TUZJLWdoNnZ5eHpvNFFwN0ZaSl9uZlNGdUZoaFRiWVFzUk5mU2xkRDNyRldnSnRpZXlkeE0?oc=5
MRK,2026-04-13,Merck (MRK) Stock Sinks As Market Gains: Here's Why,Yahoo Finance,https://news.google.com/rss/articles/CBMimAFBVV95cUxOZG9JMVV6ZkFFWm9lZTllT184YVFYTWVMNkNyQXhjRWt2dWIxWXQ4NDcyNmktaHhyX0dLRWhtRHBFaHA0bzNTVDllQ0l4eGdKcEtpSGFhVV9QLUV6LTVPemt6Tm9YVGJySkZSQ3F4enVLbGVBRW96ZUxGUXNoMURqZU12c0pSb1Z1cGJlWVNBbkU3RUhqNHdDVg?oc=5
MRK,2026-04-15,Will Keytruda Continue to Aid Merck's Top Line in Q1 Earnings?,The Globe and Mail,https://news.google.com/rss/articles/CBMi3AFBVV95cUxQWkdHOGppSjhmQzlWMWpWci1xbzJvb3dxSGI0UFptWURhTGZ2VFBRb08tT1RTY1JDR00zcHhESExpTTRabEE2OXRuMExWN2FBanBGX211azNPT19ocjRHalVWVkJXeWRjeGp3NTNDMGt0N2JGb2dRS09KeGt2eGM2NzJOZzJmS20tYmY1TURLOGNJblZIQnRReVh4RmYzR0VLT0s4bHljcmtsREdDV05zUW9tVjU5OTJGNzhIc3p4Q1VNVy1ERXpQTENwbFJicW9iRXFfS2cyYTZfYnds?oc=5
MRK,2026-04-15,Merck & Co. Inc. stock underperforms Wednesday when compared to competitors,MarketWatch,https://news.google.com/rss/articles/CBMiywFBVV95cUxNcWdma2tBNVJGRFpXbTByZ2JhejZJMEVIeTgxb0ktM1lHdlh1XzMtOXFpbV9EYlJrUEh3UkxuLVNjMVRvZnc4VkpTUU9hUllJSjQyS2RJMWdTNjdmd0JhOXR5bTNhXzJPazBwX0ZIT05PRlRsWnZpbE1KLVR2dG5uaU9IODhNaXFsdUZuaTRYOEtwT0UteEZ2dGdUWHViUGNITFZYcnVFaHo2VlI0SkI0eU5pclU2dTNwRWVOd3JwNEZRZC1MclRJRi1TWQ?oc=5
MRK,2026-04-17,Better Pharma Dividend Stock: Novartis vs. Merck,The Motley Fool,https://news.google.com/rss/articles/CBMikwFBVV95cUxOV3FZWV9VM2M3SE9aNUVmZWJWckRTWTRoRFJDODFmTXpzY0dNWUwyRnJsRF92eHlZZTZPa2pnZTkwdEJQbDh2eGRQN1lSd2RzYzJTTklGbFNjOWdrMDROaVdYYkVpc1pJSGNhMmRDUDFBUVppTzBydFNhQnFGSnVZdzZXOGlIb2dFU0wtY1RQUnlfa3c?oc=5
MRK,2026-04-17,UBS Raises Merck (MRK) Price Forecast as Part of Sector Preview,Yahoo Finance,https://news.google.com/rss/articles/CBMimwFBVV95cUxPRHhiSmFFN19VbGdXakVBT2dBUngyVGgxbzdjLUFyeWQ2SE02N0t5elJ2SDgxQXFTUEc0SERTSXZOZE9lR25QTEpFelJ6WGN1c3RfY0ZDS2pFZGtKOE5DcXN5YXcxLW9vbDd5R2FQNl9CWWY3ODFfYmJtQUpaR0VzWWcxUFN0RHU0QXQ4bXBHejFGbjlicHVnRHM3QQ?oc=5
MRK,2026-04-19,3 Reasons We Love Merck (MRK),stockstory.org,https://news.google.com/rss/articles/CBMijwFBVV95cUxQZk0xUXRIR0VCUDJITTB2X3E5SW11Z3B1S2VUU1pVb001eEZuVV9vNGdQM3NseWZnWExqaHY0LVBwakxsZDNpd2NuUkVtLWlfdTNRaXUxa012eXk3TV9OU3hjd2x1YzM5czd5SWRfaHJHZjM0Uy1CODZ1NTllUXVELVNRN0Z4Vkk3UTYtTUl5OA?oc=5
MRK,2026-04-20,Has The 58% One Year Surge In Merck (MRK) Gone Too Far On Valuation?,Yahoo Finance,https://news.google.com/rss/articles/CBMikAFBVV95cUxNVHVhUW1EVTdXRkFpSm1DWE16Szk3TVNyYkFqMDJMV1Z2SFJ4RUx1UXhDQjNiaU44bkdJcTR5alcyNE9oY2ZtNS1uLVF3MEx2ZTFEQnNFSmhRQ3VqWUZmLW9iUEZ1WXNxZExqaTBBbmlQbldCUG5xY2lOZGNfT015ZThRcC1SNEFtLW5MU1F3TFQ?oc=5
MRK,2026-04-20,Merck (MRK) Shares Climb 3% Following FDA Priority Review for KEYTRUDA Bladder Cancer Treatment,Blockonomi,https://news.google.com/rss/articles/CBMitwFBVV95cUxNVDY1Z0tKbFFaeHozNDJfa2YwUS1nNnY3N0N6ZnlPMG1mdno1dmRnMHFLbW5oWFZXZzRzcV80amR4QWRPeHNYNXpKSjRzRjdWTm85Q0loeTYtYl9Oc01IdjZzTjZYekl3U09vQm93VDJiZkFMVEJVWVA4Z0NTWWprcmtEZ1U4aHhlMl9sN25ycDRzeGdGUDFpLWg3NzVMVE9PZnJEcTB4aUtOd2dJclppUVRFWWxJLXc?oc=5
MRK,2026-04-21,Why Dow Jones Stock Merck Skidded 4% — And Boosted A Key Rival,Investor's Business Daily,https://news.google.com/rss/articles/CBMiogFBVV95cUxPb1pzcW84ZkN2aGx1M1dEVEVhbVY1a0VkSVRmTzlaem9OTF80SmJnM3h1NlY2Nnl5dzU0SkVEOTNqUFl0a2lLM0Z3bFpMVlFCTU5xZzhjbnJuYUVVUWt2QjVPQ183dm9NYUNlLU94ZVhOazhsU051OTZFV2dNTGtmME8xYXVkeHpzTWUxTjJYUlg2czNoeUxfTHVPenR4YnI3bGc?oc=5
MRK,2026-04-21,Merck slides 4.1% as investors refocus on softer 2026 outlook and Gardasil China uncertainty | MRK Stock News,Quiver Quantitative,https://news.google.com/rss/articles/CBMixgFBVV95cUxPX2I0ZXRhSjY4Vk4yZnpWNElQMmpidVU4OFYxa3dnOVRrWm5MUUU2LTFsUFI2UU5HWTR2aFpDZ2RkWFhTNWVPVXNXMEFrT0R1Um95bUM5UUtqejNTc0NxZmNkSTV4OV9leHFPeWRFbTU2XzdCaDc1c3o3VzR3a0V2YzVjanZhRTRhTWZmbVpzWDlLZ1Q3ZkZaRks0U2lFR1FxcklqaXVFd2dTbUpYRmFNYmdYak1WbjZ5WktVM0UyS3dTenNtcnc?oc=5
MRK,2026-04-21,Why Merck (MRK) Shares Are Trading Lower Today,Yahoo Finance,https://news.google.com/rss/articles/CBMingFBVV95cUxOa2dWeTZvblFOdXpGRk0wUXhzQ2pIWU05dkYzQTY5em1ab2hsemRxRm1nb1lWdE9FbmJ5bUNHTTVDc2phdXZHTnFsanBiSUlxZTBBd1c3QmhiNzRRcEVacEduUENSS1c0OUtzcmtPX0huTHU3SXR6UVVyS2VvV0d4eFhvTmdvVlFnbUhCWmt2bUJYWXBZdW9kczlTbXFFUQ?oc=5
MRK,2026-04-21,Merck & Co Inc Stock (MRK) Moved Down by 4.19% on Apr 21: A Full Analysis,TradingKey,https://news.google.com/rss/articles/CBMiigFBVV95cUxPZjE3NmRZaUlDSjlWRXpHNFBYMTJ6NTVlWDZDZFdFRFRNejlBQlNkd2xaWFNRNU5JaWU5eG1rZWltWDhsalVyMHZYaUstWFBxMGdUcnQ1U3lSeUtTS3BiMVhiamRoOGZBZlczMDU5RDRlX0x2RUwxUGdwak13bDhsMndJMnRfcU15QXc?oc=5
MRK,2026-04-21,"Merck Rises 11% YTD: Should Investors Buy, Sell or Hold the Stock?",Yahoo Finance,https://news.google.com/rss/articles/CBMimAFBVV95cUxPaGt2bGdfOGoyYkhOc1hLN01IRDV5NkVpUzczdmdnaWozX0tnNW1FNnk1OU1wUG9NYTNIb0hua3ZXOFBYYVJaaF85NzdwVnc0TEpxMmlsc1ZETkdfdXQzaThWM0RIbV9rOVhxZFhNM290azZJcGdFdzZQLVhBR2s1UEdVam1JRnh1NW92MG9Xa3BTbmp0UlV3bA?oc=5
MRK,2026-04-22,Merck partners with Google Cloud in $1 billion AI deal,Investing.com,https://news.google.com/rss/articles/CBMirwFBVV95cUxNOEJXakRTNE5ZM09ZdGxFNVNqZ3o1UmRiQTNjc2dWV1M5UWQ4WGFWMFU4X0IwTWs4dlhnWXZicWdVOWJPZWxGSWl1dEhnNFNpS3VqYjE1ZDFOenJvSVplMzJ6RHF5U2xUY3ItQlJjQ2VUNGZOVTFfTER5UkdIR2VhaUdqY3c5dktUdGg2QnprUXVvQ2FqVDBTdUw4Z05JM2FBNWFxWjBsTTdkV3FSbTZZ?oc=5
MRK,2026-04-23,Merck Shares Fall on Phase 3 Kidney Cancer Trial Setback | 2026 - News and Statistics,IndexBox,https://news.google.com/rss/articles/CBMimAFBVV95cUxOS2ZTdGNDSXZtOXpaZnRtMUYtdDF0d1dQWUVEVS1QbkJUWjFuZlZpc2NfZXVSX0NjS01Rb3NkZklhWktCMWljNU1ublBMcDBpeVU1bi1GOUp0SjVaLUZPRVk5YUVvcndRQkdCcEhLeDdmbWdKX2lNbnZTVjhuNTlDLTlyNVdYVVVFcW96Znl4R3RmZHFIMmRBMQ?oc=5
MRK,2026-04-23,Nektar’s $325M offering; Maze stock rises; Merck deal rumors; BMS layoffs,Endpoints News,https://news.google.com/rss/articles/CBMilwFBVV95cUxNX2J0NFZ4YWlmTjdvS0VGUEYwZ0hYZkNaS3U1NFRiQXNzUkptNk1rN1h6VGNVNlB3R0NkSDdBRTA4TUNhMERUcGhFZ1ZOZXRsZmxOcDFURTc5TFpYSTd3aktqTFoxX3I1V29aZzR3dUxoV2RlcVB2OUNOTmJjd2pTVTdXWEJ4dVZUWjVsa2djaDViRHVHSVBz?oc=5
MRK,2026-04-23,Here is why Merck (MRK) is Among the 8 Best Counter Cyclical Stocks to Buy Right Now,Yahoo Finance,https://news.google.com/rss/articles/CBMilAFBVV95cUxQMkxCekhRcEJTNWtqek5kZlV3SS1NTkEwd2Q4QWoxajZXOVdyMFVqempDMFRUN1FrS1FsdkNEQllUX0FfMjRRa2hYd2U0djQzMWJHUDRoYVYyQnFIY2oxZ0FaMXR3bDFVeXB4QVBJc1RZZmRGQkRDaDg2VmxvTHZ1TEFxdmdlSW8zVmNIU1l6UDlOMkFC?oc=5
MRK,2026-04-23,Analysts Estimate Merck (MRK) to Report a Decline in Earnings: What to Look Out for,Yahoo Finance,https://news.google.com/rss/articles/CBMioAFBVV95cUxPMWF1cW1oVkZuUXBBMUk0SEVOMFVMdkVOSFRrMEFhcjJEWGVoODFjUUJzNXBaZmd3WmR1Z005UWpFN2Ftcm1UdG1PU1RaNVBxenpjMzE4U0I5bW1wTFFnUG1XVFJwR0NVTXZ1ZVY2VTlhMUItWDVWZWJlZHBIak5BYTNMTnQ1R1JOdDNOMDNtYnZtYVhXRjFnSlg3TnR2WjBj?oc=5
MRK,2026-04-23,Q4 Earnings Roundup: Merck (NYSE:MRK) And The Rest Of The Branded Pharmaceuticals Segment,stockstory.org,https://news.google.com/rss/articles/CBMi2AFBVV95cUxNam8td3pzeHJIV19LWUl1QkV1MkhUZzY1bGt6dDVfaHV4OHVja1BxcXY0dUE0emVlTnNrblhmRDJ6RmIzR2lvcE1HTURkbDNOTk5QdllTRTRzN1JWS1JXWjhjSm9JVUFuRGViVXZNT3VrLUI0cy0zaWo0eDZGc2F5LXlxR3E0Zzc4M21obXZWNjRYNlFWS3J4OHpGVktOLW1JWk1tZUNFUFdqelVOTDNzSTBUZmxuWTFCM3RhSWlaSXhfZ21YVXVSTUhJM2FkcGdNaHlMWnBhaHE?oc=5
MRK,2026-04-24,Is Merck & Co. (MRK) One of the Best Bear Market Stocks to Invest in Right Now?,Yahoo Finance,https://news.google.com/rss/articles/CBMijwFBVV95cUxORG52YTVCaHNUXzhDZ2VSWUNxV3Jod2dYYjM3cXExRmJtNU1vZ3dqNGFJcmwzLUJJakg0bUJkbXp2OEdvSVhOaGZhSDZiSUxMS2xSSWd5bV93RW1zbm1aSHBPUzlSV0w3cWtyRzU3bkdZMEZMWXVUMVBWbTliOXhDbGVBQTBPUjc1ckp5UjdpYw?oc=5
MRK,2026-04-24,Jim Cramer Says “Merck Is Terrific”,Yahoo Finance,https://news.google.com/rss/articles/CBMimwFBVV95cUxOOEtyRndGd2o0bnF2aGIzRDlfZHA5T1dvTk1RWmRldV9kSE0zUWJGb3Y3NUZrYW0zTWRTNy05ZmhBZ0V5SWhpcDFfeEVPR3prZVhZZExEenR2ZXA5d25ON2RtbEpyVi0wNWNEdUxFQi1vcy1lYTZWOUI2QVlkU0xqc1Z2UVA5SXpXaWhfWkpQdHhETUlyTmhpYTNpNA?oc=5
MRK,2026-04-26,Branded Pharma Q4 Earnings Review: Merck and Eli Lilly Performance Analysis 2026 - News and Statistics,IndexBox,https://news.google.com/rss/articles/CBMiqAFBVV95cUxOeWh4Y2lkVlNHNE1Tam42NTFvVllTemRrdkR2bER0LUw5X3g2bm56UThzT1FHMEd4YjhRcHd3bVpFUDZjeDNaRXowVUh6c213OEdPXzdGTlhCdVRpaXN5RUY1N0hXb0xMMEVpOWtGdmNpT1lQOHM5dkZ0V0tnLXBDSi1QcmVqZGdJZ2lEejh3OEFwTkxEY3pTcnFYWV9OT3hWRW15Z3R3T0s?oc=5
MRK,2026-04-26,Merck & Co. Inc. (MRK): One of the Best Low Risk High Growth Stocks to Buy Right Now,Yahoo Finance,https://news.google.com/rss/articles/CBMijgFBVV95cUxPUTEyUzBQYzVXbGhCUFUtTEJVU3ZwVEduNm5TQnh1enZRTDJrQ2FsSGVvWlFUZXhLVFBnOVBlaDZ6dnNwdWRGZE9LTlNqbk5ldE81WEtDYnJfdXM1RUxpQ0FnTFpBc3NvWmVHdEhtbVQ3Q3FrcjNFRGd1bzR5VVBDUlVFb1lUOWRkdlhwYjlB?oc=5
MRK,2026-04-27,"Buy, Sell or Hold MRK Stock With Q1 Earnings Around the Corner?",Zacks Investment Research,https://news.google.com/rss/articles/CBMipAFBVV95cUxNODRTeURBb2JTcHBMaThEOHI1VEQzSF9ZcVpsSWN3bzNtSDdwODZOanRNZUZQbHQ4WGdlaWNiQklodTR6WWF3LUZKc3EzYktBWHJMZjlaQjdSekZOalp1bzJWMVEyWm9EbG44X0JPSXRHcWZtSUV4STdiaFNuazlSSHJHOHlPZl84S2tHOHhrQUxLaXRlSnlMcUMtQVVLMlR0aWZWZg?oc=5
MRK,2026-04-27,Guggenheim reiterates Buy on Merck stock ahead of earnings,Investing.com,https://news.google.com/rss/articles/CBMiugFBVV95cUxOakJWYnNxSG1vb3kxdWUxdkVyd1ZEZE9zR1NrNURON0pKc0xOR2pvSnR2RVZ5LTdJRVk4SWNaREVSQl90a0w5N1NtSjR3VS1mUHowZjVqZE1kWFV5Z04wSVdqOFliVkUwQWVyYlBUUEFwSWFiYnhETkhnLXpqS0lYalBDdTlYdGFDeWFqNHNGQTJGV0U0STAyazBrbUw3VGJnYmZBdE4wRThiSTcxQndqR0cxcnZydHNzUFE?oc=5
MRK,2026-04-27,Merck Stock: Bullish Setup Into Q1 Earnings (NYSE:MRK),Seeking Alpha,https://news.google.com/rss/articles/CBMigwFBVV95cUxPVmJTeW5oVjZQTGxoWWIwWk5DSVB3MC1acEhWZnc3ZzdGNkZyM3loUkdEaHRfMGdxZms2OGI4ZjBDTC1tdWZXSmRuNFVab0ZzdDdhUGtfV1dqNU5zS3FuZGs5R1lLQVE0cVlfV0ZVcTllWkVkaVhJR0t2QjE1OGo1Z1Vjcw?oc=5
MRK,2026-04-28,Merck (MRK) Q1 Earnings Report Preview: What To Look For,stockstory.org,https://news.google.com/rss/articles/CBMirgFBVV95cUxQRERHTWUwSmRXV2hKLXpjNDZTMi1rQmhrYmVqY2phWElTZjcwVkhKTExpQmxXV2xqZDNYZVhUWklkaHZ0NldwQ0ZWQzVUVWt4TVNvYWhaYTBiYVV6dm9iYlFZUGt1TkNYdldrLXJWWWRXSjVQSkl0bVRSbmRZY2RnWVRwVVVQVENuY1dYM1A0OHpaMjB5cXhtdllSU2EwWlNobGtYU3A4ZjBEZXlEQ3c?oc=5
MRK,2026-04-28,Assessing Merck (MRK) Valuation After Recent Share Price Pullback And Long Term Gains,Yahoo Finance,https://news.google.com/rss/articles/CBMiowFBVV95cUxNdUhiZUxJZmhzQm1USnExc0Z0bjlLX21iQ25fSXBBcmdhWnU5SWFZS1lTOGtkYmRKTV9MNlFRY0ltd3ZoZmhwZWdhcHEwQkZWNFpIWlk2Y050M3lDNmVOWEVCdmN2QTFXem8wbFh6Mk5XZTMzelVBT1JZX3NsNkNueDN0YUUzT1dScTdGR0VuTC1qZ2ZxQ3R3eWpuVE5zMjJtWGNJ?oc=5
MRK,2026-04-29,How Will Merck Stock React To Its Upcoming Earnings?,Trefis,https://news.google.com/rss/articles/CBMiswFBVV95cUxQX0RkQnZTbVc1NDg3cG1oWDRlRGpTSm8xbW1LLTdWNGZuWUIwTG80XzhRd05rTzRfOEhwY1ZabkFvQTc5SDVjbkxPTFBpcHhuWVg3aS1jYlAxemc0UXU0OG5VTk5yOXUzTFNpQnNVUUthUk1FRnU4Sm5HbmRTcHhSV2dHdFVhZGVPVjhldVpWYnVQME1objg1Y2dZRFJJLWtXU2VORnRYVHJPU2NVN0pQUkVQaw?oc=5
MRK,2026-04-30,Merck (MRK) Q1 2026 Earnings Call Transcript,The Motley Fool,https://news.google.com/rss/articles/CBMiowFBVV95cUxNLWp5V0Y2R1RUbGxqVVRMZlhiWHIzNEc5b1lyVmZpa2NncVl2RHVQTGVqSlZYclo1dk42c1BhMG42czBSTWtJYnhqdWtBZndDN1NDSnZEMC1RV0QxT2F2emRGUjhHekhURU12ZVYzZGgza0xOZWdCN0FmTjd6QkhKTmpEVmR0cTI3VFE0b2JmZjB1dkl1c09hMU5wZXowWW80YXRj?oc=5
MRK,2026-04-30,Merck (NYSE:MRK) Surprises With Q1 CY2026 Sales,stockstory.org,https://news.google.com/rss/articles/CBMiogFBVV95cUxQWlRRY2E2UVRZY2lUMjFKaDRudVQtckp2M1k3WWFBX2l5RkVLZTVmX1VkR1pJaDdza0RNZU5jVzBxQXc2Y3lkazZwOHkwYkh3ZzFQcHV6Vm9QazFDdTR4UnZGUXJZMkRBQ1ZIZUVoNVJQMjFMb05HazBSSTB4akVXQlp5U2VNaTU0RjZIdkQwY3pEM0RYS2ZSZWdzMVA3OHR3VEE?oc=5
MRK,2026-04-30,"Merck posts quarterly loss due to Cidara charge, sales rise 5%",Yahoo Finance,https://news.google.com/rss/articles/CBMioAFBVV95cUxNc0Y1WjNQV3B4TWRvUDBSUHZhWnROaFU2dFg5N1QxSW9PckJxZ0d4X0ZJZUNyME9PLXFlQmx6WnFNaksyV3RCdGV5V3pXclFhX1lGa3BJa01iSlI1akJINktlOHBtcnlJQjJYaGZNVnlpN19SSEdlbkNVSi1Tb2ZvaUh5d19WYk1RT2RNVnJ0bV91c0kydkZGc0lvOTQ1WWdO?oc=5
MRK,2026-04-30,Merck Q1 2026 earnings beat estimates on Keytruda sales,Yahoo Finance,https://news.google.com/rss/articles/CBMinAFBVV95cUxQSnM4YXRLTldtNjYwSkJLOFVHX01lVUVBOTJtYUVrZXYtT05JR01RejFkcjhxcFVWUHlOQTdKWm43UFpNbjZrWm85eld0UWEycTFVM2JCc01aX3dOR2pNT0FuLTJwZkNNem9fTFVOdXR6WHpoelgzOUtOY3A2TGt1ZUJ5dkdXZEMzUDFDaGl5emVhSWl5X2w1ZHY1X1k?oc=5
MRK,2026-04-30,Merck beats estimates with revenues of $16.3 billion,Il Sole 24 ORE,https://news.google.com/rss/articles/CBMiiAFBVV95cUxQRW51X0IzQUU3OXZlVVFibTN5aU54SEZIX0hkbXR2RGFJT1ZZQmZZNXMxUGhXWi1jeUNfWHhyQVotTGJ2SlNtTlowaER3VXo4MnBRdDdsVnFsQlNJSjZzWFFadHNZMWlrMXBtdTRFZy1ld0g4N3ZCc0RTU0Rtek5SSzVFODRUUEFN?oc=5
MRK,2026-04-30,"MRK Stock Soars As Keytruda Delivers Again In Q1, Winrevair Accelerates — CEO Signals Robust Phase 3 Readout Period Ahead",Stocktwits,https://news.google.com/rss/articles/CBMi0AFBVV95cUxPNjlHNUFDamNXVWNOWmR6RmtQVmhJc2VXYldPMHlXNVpFMGh5S3EtbzhuZWduQTZDVDVTZ09qcDl1Z1hZenkxcFllektURjdUMWVJeE1aT0prWko1Z09fLXdhblJhTHJxdG1GR3A4ZlRuMVJXeXktVzhMalJELUJldDljeURaaUhHLWtBbFhZN3JxZndMc3VqYzZIWUE4VUk1Mk9qaUdxaWZLTHJTQzFhaGhkTGpoUXA3bnNxeXVTM0h6R3paeUZuVXRNd05HWFUy?oc=5
MRK,2026-04-30,Merck Stock Falls After Earnings. It’s Working on Ways to Blunt Future Lost Keytruda Sales.,Barron's,https://news.google.com/rss/articles/CBMid0FVX3lxTFBzYUxxRjVVYU1qd014WVhSVGVWWDhTMTF5c2h6SGJITkQtcXVISGo0Zk1HRklBZFdxOUt0UUY3S0lQQVNUNHR5WFBPWXVhaVRvd3BQT2dJMFREVlFIWXJyX280ZXJVUERpMUNnYXhuU2x1VXJ2S1E0?oc=5
MRK,2026-04-30,"Merck (MRK) Reports Q1 Loss, Tops Revenue Estimates",Yahoo Finance,https://news.google.com/rss/articles/CBMimgFBVV95cUxQaVNubkpGZEpUbzgxSHR4cXVWaGFTVEJvdDdKdVdDbGxsMHlmUm9SUE9lR2MwQTl4cTFsTEhQM0UzaWFEVExRbjlQZ0FTaDhLYWVnYTgzSV9sZlJzeDlmVjdMMWY5OFFZSTRuWnRCNHVHRDUtcVVnQ3lSeHhWcTBPdGs4REhEUGtmQjVQdXc2ajUzZUhCbzcta1dR?oc=5
MRK,2026-04-30,"Dow Jones' Merck Tops Forecasts, But Growth Products Come Up Mixed",Investor's Business Daily,https://news.google.com/rss/articles/CBMigwFBVV95cUxNRXNoQ1N5V1ZjdHFUZ2FNVEpwcUEtU2FXaS02cWpGSDREZ3hfR1RraF9GSmNLbEEtSkJpWmQ0cXE3eHZKaG1GQ0NrVEozaFNZaWFBRFkzLUFQM29sdlRNLUlkY3FpQmpxRU40anU2OFRPYjZqVzk5UURiaTVuWFcwSEozRQ?oc=5
MRK,2026-04-30,Merck tops Q1 estimates on strong oncology demand; shares rise,Yahoo Finance,https://news.google.com/rss/articles/CBMioAFBVV95cUxQX2lwbk1od0kta2ljc2IxaTNKNi1kdmEwVHlqbFROVlloQ0pMSDlCVUtUMVRhSmtSMG43c3RzRkFHR3QyclBwaU5sY3BreHFpQUJRRzVTbm5lVVlXQ2RVQ285TTEyVDUtM3dtNnVZa3YtdEhOYjlWM2E4YW5KVEZpU2N3TnUxU0hPbXBiTk1QcVY0aU1EbXg4XzFxcHZ6Vk1Q?oc=5
MRK,2026-05-01,Merck's Biggest Looming Rival In Cancer Just Took A Gut Punch,Investor's Business Daily,https://news.google.com/rss/articles/CBMimwFBVV95cUxPUXNoZkJHLWUyeXNaWE4wNE1qdFJYNjkzN3FsSC13dS1udU9GWmYtUlQ4RGlEX2Vrbi12S09vUk0zek8zTEhjLWhPRnhQS1JZNmE4MVBDUWhPbFhJSERsSjNyTFQzSlk2aHBfWTMydFp6TEhBTzRyUm9mMmpVMG9BMlhoNWJmeWdVd3VnUlozazNuQnJlYkxTUy04MA?oc=5
MRK,2026-05-02,Merck Reports $16.3B Q1 Revenue Despite a $9B One-Time Cidara Charge,TIKR.com,https://news.google.com/rss/articles/CBMilwFBVV95cUxOdzVfdVV0aEJySHJld3czblFha2dldEF6WGhLdGZtckY3bFZ2R0l4V2lLczFlZnEwdjVIRy1XcXhpZ3E2cDBGRFF0TktCWG1LM3BqbllDMl80Rk11dGRERkxWc3BLcUNLNWJta1dKajAtUlRFa19xRTc2TXNUV0Z4b0FMWUpQcVlnN0hBSlNuVWV4dHpiWmhB?oc=5
MRK,2026-05-03,"Merck: ""Strong Buy"" Terns Acquisition And Ability To Counter KEYTRUDA Patent Loss (MRK)",Seeking Alpha,https://news.google.com/rss/articles/CBMixAFBVV95cUxQeksySmpGelFzemVLN0szQWNTbnkxQWNWT1B3VlVOZVEzVVhjU3pnNjFEMFNUSGVhX0szZlVBNjdvUEkzZVAySjdEWmNTTDZZOE9HaEVsai03UWhoS04xNG9ERFRpbWRpT1pOd0JYdGFnak1way1BY2E0SlktQUVuTU1senFPVjRLTTF0cHpuUnpFWFAwQUJLSXNBWDRZRjB6TElkM2txS3YxeFd2M29mZUlWdVUxRm9xb2pDWDJWdGk1NlBz?oc=5
MRK,2026-05-04,What Makes Merck & Co. (MRK) an Investment Bet?,Yahoo Finance,https://news.google.com/rss/articles/CBMinwFBVV95cUxNaGpuMXdrVXl3eEtPVHZTWmVhc3FMV2w5Q3REeWZrY0czOE5SREhVbl9lekdrNE5Gckc1SGJMNWRPU0FScVRWbEV0SE9lOHpDdmdNaTlwZkV0di04U25nUC1YUmNYd2swbUhJcUFVaFlKR3FVck9EcmRXSldZajMzd2JnQmY2U05UQzdCSXVIWWVta2FPRE1tTktyZnB4Ymc?oc=5
MRK,2026-05-04,Do Wall Street Analysts Like Merck & Co. Stock?,Yahoo Finance,https://news.google.com/rss/articles/CBMinwFBVV95cUxOSVNHeVc4OFdHWTlhSFV3MHJFQ01CMkZlNDFoUExTWFRZV0liSE9KRWJKdndGNVNQWHFRN08tWFVDeTJpV1hYRE4xWnRiLUJtLWxLTDNLRWhNR2ZJakthb29wZGpLQTJJemM0eTJhRnNhX2NnZmVUUHNQSFl4LUdvUjF6NnNnZmFGRGNnUlZPVHFMMEtpdmppZmRSUmw5aDQ?oc=5
MRK,2026-05-04,Jim Cramer on Merck & Co.: “The Stock’s Starting to Come Back”,Yahoo Finance,https://news.google.com/rss/articles/CBMilAFBVV95cUxQeFd5UlpjVGkwVm9kaXpweVFVUkwwSkxrSzFnd0tzZzFqNHluTTQzQVlwOERqSU5wVE9fUmxiX3VteTItcFVHOXM4UUxnMEozS1V5b09Ubi13MG5kT05ycXBQcWw3ZUlBQU10azdCVjlXWGdEUGJCbVl3NWJxMjFmRTlOQVl0VU9KVEdMUHRib3BOQnh3?oc=5
MRK,2026-05-05,3 Monster Dividend Stocks That Could Pay You Through the Next Decade of Chaos,The Motley Fool,https://news.google.com/rss/articles/CBMikwFBVV95cUxQbkhaRUh5NG9wQ3RlTTNJRWhhakJOa3JsbEdqb2otTVBHbFNjR2cxNXBKX0ZVOXNIV2FoMUlUaGEzYTluNmxuQlRrNzRUdENTN0lrLXRMNElGOTRJSDFTa1JWTmhLVHZsR3FuZE4wa3JjWHl5WmFXRnVmZGxZdVdQaTlpY05tU1Z0eFRaR2ttZzRRbUU?oc=5
MRK,2026-05-05,Merck Stock Looks Undervalued as KEYTRUDA Growth and Pipeline Offset Near-Term Headwinds,24/7 Wall St.,https://news.google.com/rss/articles/CBMizAFBVV95cUxNZlJaNVRjcVE0TFVMNmtXZmliRDdER1hHTjVIRnRlUFN2ekhIS0xiSWl2Tkl4LWYtLVlHRU95a2ZJUnZmR3RidFdYZEZQNXhPLWRaUVRNUTltZ3F2azYzRHZaUmxFeWpXZzZGSjhCMjNYYkVTX3NQTUZ3TWROdFlRV1V0Q25HZUhLVlJVTlZuNXpUYTBTbUwzeGFPLTNoTE41WUhrbHUwaGpFdGxNdEtWdzFPdzYxRGxFMXNHbWVEc0tMUEdIendJeDl0RmU?oc=5
MRK,2026-05-05,"Merck Completes Acquisition of Terns Pharmaceuticals, Inc.",Business Wire,https://news.google.com/rss/articles/CBMitAFBVV95cUxNSTZWTWdvaHp2Zk16aFZ2TGdGUnBBZHR0TG0xbW1XckRma05aWmFkVFpFTFd5OFU3Tlh3U0JKMXV0Wk9SUlVacWptYUVnVXJ0RFViRnEtcENSdzRCcURmRUFiRURHTEs2NlQtVTFMRjNscmkyeVdaM2R3WGM0SkhJaFFnaUptaDg5VWZTMjJ1VXU0UVRzeUJQRGVVX1d2SDNDTnc5ZWQtaXBYNlZQaGZtdUFiVUQ?oc=5
MRK,2026-05-06,The Top 5 Analyst Questions From Merck’s Q1 Earnings Call,stockstory.org,https://news.google.com/rss/articles/CBMiuAFBVV95cUxQWUtqZWlWZm5jQVp1Z0d0U1h2dU8wbGxxQUlITE1xcFNISFV5cThadXVtZGFILTNuZUNhT1NwbmVQUHBIb3c3em1lc0tVQ1RMSnZfeGtSWllkMU16akszbjNSa2wzOW5mYVA2cWd0c05NdGxOM1hYVk9QUVBCNmQzaDdfRmo2WE5hZ3VENzVic2dzU1dEc2lRVXF2RVJJT2RtTEJwbWlDWVBXaDlIM1RjdG5GWmJpbXJP?oc=5
MRK,2026-05-08,2 Dividend Stocks to Double Up On Right Now,The Motley Fool,https://news.google.com/rss/articles/CBMijwFBVV95cUxQdGpvWFJKQllXUmg4TmcyM0hZMWwtUmFsdGxWcGdfVGVBOWxwNnlqdEVMaTQxVG96dTNGLWlKZDM2RkYzZk9HZ2VlVTRLTUJ0dHBaQ2t0eGdJZmUxRi1OX1VuQjdDUUUtS0RmNmYtOHltRWFZbW9aVWR0TS1peE9CMmk1cXU1Mmx1Mkp2dVJDWQ?oc=5
MRK,2026-05-09,Merck & Co. Inc. (NYSE:MRK): A High Dividend Rating Backed by Strong Profitability and Financial Health,ChartMill,https://news.google.com/rss/articles/CBMi3wFBVV95cUxNSDFRSXdhYk1MOWcxZkJwUWt5ZFBEYzVsRVZEcUZpc2otYVEzR01MaVZkTjJ5cnBCMWFTUTFXenlFM212QVFNb01XUEZQU1VrN0ZFVnEzc3NwdXA5aVJiVzN4TnJudDdtbFVfSGt4MDVZVlRySWpHZ2tJb2FMMUdJZklXODRHT2lMMHR0dlBqM2JIdkN1ZGF1cmt4dmV3OURISmd1QjZmQXZBMTZQTVJxWEtJNjVDMl96V1B5Qlpoa0ktVWRBdEwxLWVxVVhRN0pEVDhpcFU4dlRfUnFQZ1JF?oc=5
MRK,2026-05-11,Erasca stock jumps on Merck cancer drug trial collaboration,Investing.com,https://news.google.com/rss/articles/CBMivgFBVV95cUxPT29LY0FoTGdwXy1mQTEyYlU2X2ZBQ1AzSF92TEpuNUwySTZOLTB2Rk1QRkpGMzFWdEZrSWFvbFZzdWEzU0dRZ19EcW9MakZVQ3d5Q2NmT1MxT1hJeWtCSHY2OW54UnNuZEZNdWdpMnQtRy1nNVpsbUo5T25wRmlvbS16a3RCQ0dSVEpwTTQ5NDVFa0ZXU29UU0RuWVhKS05WWWc2NjhqWlIySE90NmtuM2NjZ0w5bHU5cTNfSFlB?oc=5
MRK,2026-05-11,"Erasca teams up with Merck to test ERAS-0015 with Keytruda, shares jump (MRK:NYSE)",Seeking Alpha,https://news.google.com/rss/articles/CBMinAFBVV95cUxORG1FR3dZTVFWemlMWUI3OUtXd1NySk1Nd0VOaEUyY3pjYm9KRjVheXFWYWhWR2s2dm5NdUZWaDVNLXFjU2FxaExEQTBxd0xwNWs1OTROMXh6b2k2dzFfdF8zd2RwX0h1VFZWcjVtaVFydmx1ZEtHOGhqVU9SVXJYSlZBNG01TUNod1NMTUVHTFIzMmdMUXVJQ3M3WDY?oc=5
MRK,2026-05-11,Merck's (NYSE:MRK) Soft Earnings Don't Show The Whole Picture,Simply Wall Street,https://news.google.com/rss/articles/CBMizAFBVV95cUxQMzNaSHUyVTE5Y3cwWVhSZkM3WkRRZXhWLTFhR20ySjlTMWJJQXFQeEpKa1lkckxJekFLRV8zVEx0ay15V2dKUzlmaHc4NXJDc05ocHcxVDNrWHZxcTI1cXdqdTcwUk1zZ281T2FaTHp6ODVkZmNoc0NDUHpuRWlrM0JoeVB2QWxHU2tzYnhfQ3hoZmVSSEllX3djbUY1dDdXQ1ROdlh5dkRNLVVRZ3RCV2RTeVdmQi1lbjY5NXZNbzlGdUFYMUFVWjdiTXHSAdIBQVVfeXFMT2lUcnZqdHpQWnNPWkdDVHR6UUd0c1JUaXJTS3V6ODBKdU5uQmM2UXpzYTQwSEl5VHItclhnU0xadXZjUWMxM0ZRQkpiUW9ndGlfOHFQUDBsMzZycm03RGUwM0R5YXlVZkNSbkdaQ19NSDh3aGc3YkdDYl9Sc0dIMjZyeHc4bVZBdU16WnVjYVlEQU9GRHNNcXkzYUQ4TXpoc09aU2Nxd1JaTmpWNkFwT0hVSVFLTHlGSDg0bVZlTW5NbFBBWGh1YWdOakgzenpGN3lB?oc=5
MRK,2026-05-11,Merck Stock Down 7% in a Month: Should Investors Hold or Exit?,Yahoo Finance,https://news.google.com/rss/articles/CBMikwFBVV95cUxOYmgxS19JX1NTVEJPUkZ3Qml1dmY4aW1UNlBXVGhsNlBuZWZDVEh4SXVYVXczV21EYWE1M08yZ3NzZE1aOVh6WGdkZXNuWGN6V0hhZEJlQk02bnJfTjdacVozUzEydlhfQzNSelFhdjl4TF9aUDJJQmNGWENLQ2pQN0lDS2JiVVA5SlBxemJqQThkMVU?oc=5
MRK,2026-05-12,"The Zacks Analyst Blog UnitedHealth, Merck & Co., Qualcomm, EVI and Optex",Zacks Investment Research,https://news.google.com/rss/articles/CBMirAFBVV95cUxOYi0zemI0bXktcjNlLUFwVWxyQzAwaklXU1lnYTlKM0podExqQ1BSMUVvQk94OW9GRDQxUm5fU0cxdVJKZF9qbDRWTDNkQmwxQU9GSnQ1MnZKeWRDaTE4aU9Icl9YU005WUZWUFcxSUM5S19kWHhnRkRfSll5UnVETnE2T1prT3NvSjBPZExxTFo2RjVRdkRGcm1UTlFrSWVDc0xPNmo5SURkX1ox?oc=5
MRK,2026-05-12,2 Cash-Producing Stocks to Research Further and 1 Facing Challenges,stockstory.org,https://news.google.com/rss/articles/CBMixAFBVV95cUxNRW1VQTVBZEFxOUwxUEZ5V2o5SlpQLS1md1NkbTl1aWROZC1IS3M2Rk5IWVl0RXJRS3BfTUhxOVFJaW1JVjFETHdqZjVVdTA3dUxJTE5uN2kxLTMxZElBOVdSTV9LM1ZWMXcxTzl2QzJYYTZaM1hOc2UydHAtQkF1WkhPamNGaExVd1MxX1pxMVlBQmQ3UUt5ZVp0aWkxbTY0VFZQMVpaTWNMdFFLdV9qTGxOQm9hMlVHV3I2bW9neFJIT2VO?oc=5
MRK,2026-05-13,"Merck KGaA Lifts FY26 Outlook, Backs Positive Mid-term View, Despite Weak Q1; Stock Gains",rttnews.com,https://news.google.com/rss/articles/CBMiwAFBVV95cUxQQktVZmhIelYyeU1fbUxmNWVaMlNxWW1TRjRpaEFUZ2RWY1hSZmhHNFdSN09HdFBPZ3ZEcmRuODVVNWJKemN3eFV0Mjctbk1ZZWFEbHpXSk1SN3lvOE5pQjJBX2pHclEwNUwwcUdHN1loc1JDdXQ3UWVXUklOZ3lNTXBoQWVZMnltMGRITzVGVmVXTERhMWk1WVBieFRvVVh4MGZrblp6N1JPNlY1QWMxb2NFV0hzRTBvTUp1M3dlSWU?oc=5
MRK,2026-05-13,Shares jump as Merck lifts full-year guidance,Sharecast.com,https://news.google.com/rss/articles/CBMitgFBVV95cUxNRDNkN3lPZEpMdDMyWU5VckZaVXdoenBBUDdMUmlBY2FTeHdHNElhUUR4cjJ3WEJIYk1SQjRucHA1cW1fQ3poV3ZYUkp3bXA4UW9ETEVJOVhIWS1LTVpheW1OQnFsYW4zblVGaUpTUUJ1X1RXMDJOZjNweXhac3ZvSkY2Z0Q1ZU44M1hpNC16dHpfeEtjX1N6V0pXeDdLS3R5MDNzM3l1cW1BdHlwNUFINUQ4eW5kZw?oc=5
MRK,2026-05-13,Merck raises annual guidance after unexpectedly strong start - Shares top DAX,marketscreener.com,https://news.google.com/rss/articles/CBMixwFBVV95cUxPTm5tWFJLb2VHWGhBaExDWWZtdEJJV0FSTjBDNTZRVEk1ZnBNS3JBTkRhVjF0MTFWM3ZLTks4UWc2d2dOSmhWbDBaclRoelh5Q21icHNZQW4tdXBJRmRLQ093UGNJajlkQU9KX0dJaXdaSnlPaGY1REFvdEwtbE4yM3ZDd1dpMndJd2tseHFwQ2thMjlwQ29oVXJ0QTdnRFAteUlNZWlkSEk1OVQtVFBESGRQMVFkNlJjZEpQVEVxeUpyQTZTWHB3?oc=5
MRK,2026-05-13,Merck (MRK) Stock Surges 8% on Strong Q1 Results and Improved 2026 Outlook,Blockonomi,https://news.google.com/rss/articles/CBMimwFBVV95cUxOelRNQjdwMzdoekJsTUNKbkJCbHhNQ1V1RkFMWHpSdU41VmhVbkVjRnZZZjA0ZHNaSUhEdk04S01HS2xJMC1oNGtnZWI5SlV4UklrVkYwakZSWmpIenVEWUZsZ09zZldvbGFyX3FvdTNpTExTZjlKRkZtckgzTVdaWkFlcm9qYXplTGx3b3ljOXNPai1nYVBlS1FNZw?oc=5
MRK,2026-05-14,"Merck & Co., Inc. (MRK) is Attracting Investor Attention: Here is What You Should Know",Yahoo Finance,https://news.google.com/rss/articles/CBMilwFBVV95cUxQTWwxVjdVdGVZbWI5eUNTSlJPUmMzNDRkMVF5dEZvdGxkYnRud1Q5VlpZUXNETUZIN2JDc3NncDJMTENDbkJvcjhkd1lzSDVQRVlRNEFyeFVsaTQ1SU50MU1TQk13Qnk4R1R6clo3Y3BBZWhLTzUwYUFuaksyX0RuaVFSa2s1SnhrNTMtNGd4TVpDZDNvOVM0?oc=5
MRK,2026-05-18,Regeneron Stock Sinks as Key Melanoma Drug Trial Fails to Beat Merck’s Keytruda,Barron's,https://news.google.com/rss/articles/CBMilwFBVV95cUxQaEI4b1dKbDRzN3lKWWdKZTlLUG5YLTNJdFMzcmVTbkZtaS0xMFJJTUZ0VkFwc3l2eVFsb1g5TDFWcHBGYnRJTXV2NmdfLVZMb2piWDFKcW1NY0dEaGg2d01IQzhKdVMtcG1NSExVakF3NWUybnJVR05MMUEyVGdmNy1fUUcwWk4yc08wTHdwUndwdzVxWDJN?oc=5
MRK,2026-05-21,2 Reasons to Watch MRK and 1 to Stay Cautious,Yahoo Finance,https://news.google.com/rss/articles/CBMijwFBVV95cUxQU0pmdlRfX2E3UVZQdnBVNXpSRUFrdC1pWnV6U3N0ZURrZnZZUUJHNEE5VndIYjV1b3JYU3g2aEc5SkcyX0JLOFRDalZEaGFvVjBZY0JCTks2SWRWSkJhOHZ3QkFqcWloZVI5TG1qak1mQl9PSkpscGpVMTU3R3l2MU5oSERxck5NbHJfLUdnbw?oc=5
MRK,2026-05-21,Eli Lilly vs. Merck: Which Pharma Stock Looks Stronger Now?,Zacks Investment Research,https://news.google.com/rss/articles/CBMingFBVV95cUxNRWxTSGdjLW80ZUxOcWNFWXgzRGdJV3p1Z2NBalNSamkzRVpQZE96VUh3Y2VXckZFMUdscTc2UFh0NUU2Umg0NTRLV1FnMmsxdUk4cDA2QVdFczRzcUl0N2NUdHhraW1DRXRhS0M2U09xdXhFSDhkN2NMRXBpYU5mZlpZc3luc1JrR2J4d0h0clNWVEJZMzI2S2xLUVJKdw?oc=5
MRK,2026-05-22,"Research Alert: CFRA Raises Opinion On Shares Of Merck & Co., Inc. To Strong Buy From Buy",Moomoo,https://news.google.com/rss/articles/CBMinwFBVV95cUxNU3RTUDlYUGo4TkR4RG55QV9EWWxTZXF2dVpOTDJJT25GYVNTVVl2LWFINUlQTHVDR181bEZ2ajlFck1feVdaUzBfYTFzR3I1QUVZN00tZURHYXZxd1lITFVFRDlzLWVpLThYbU5xVGtYeHE1dkdwMXVDY3F0T09KSjJSb2MwTnFOenhWZXJycGs1NXdHSHJIN0tUa2tMdlk?oc=5
MRK,2026-05-22,Merck rallies as new Keytruda combo data boosts confidence in post-Keytruda growth runway,Quiver Quantitative,https://news.google.com/rss/articles/CBMivwFBVV95cUxOUnlQakpxNWtsb0tMTTJIYmJZV28wVE1kMW1vLW1kbmlRd3lqdFBReW5ibTdCV0xxVWZBU1R2SnJJTFNUak5GeER3dEN1RlRUSmFLUFEzeGUwRTFWZU1xekxNeU0zZGxfbUp0Ny11SjY0NUF6eldUY19QaFdvOVptQzMxZ1RYRXVhWU4ta1lOaXFZOUhGdVNXVWExZDNZNXhnVlZMMWtfSUVSSFh6OVhuNjZpaW4wYkEwN0d3bnc1TQ?oc=5
MRK,2026-05-22,Pharma Stock Pops On European Seal of Approval,Schaeffer's Investment Research,https://news.google.com/rss/articles/CBMiqAFBVV95cUxPTW5Yd1JxeE52VE5fUUtVSGlNWEgwd3hCeDJIa0E0M1o4THRRd3A1bl9HZ3c3VkFVS0lzRzZmdlRSbEV2M1kzNlFZbnBsVE9PV2t1NFZxLUZIQU8tZWp4UTlWdnNmSml2ck5fdkduUGs4Rnd5OTdtVWU3V1Ytc2JmaEw4TFpXb0NhYlZOZUExdHpvMTgxOUdheTdOdnJiUWJFRXFnZDNrcHI?oc=5
MRK,2026-05-22,Merck stock jumps as Keytruda combo trials boost cancer pipeline,CryptoRank,https://news.google.com/rss/articles/CBMipAFBVV95cUxOZHdDZHJ5RVhBallHWGFxM21SZnBhdl90bDVTcXNJb0cwWUVFNG80T3EzeWVYQ18zdzZjMEowdzFCTFhGMmFacFdSdzNGVzRMUktpVlVXSS1wOHVtU3QySU44M0wtY2JFenU5ZUVISWpqdDV5R3FKZXF4a1RBRVFyQnRUdHpXWjF3clRma095X2tKYURIUlRoMWkya0NPWlNianlMUw?oc=5
MRK,2026-05-22,"Stocks making the biggest moves premarket: IMAX, Merck, Estee Lauder & more",CNBC,https://news.google.com/rss/articles/CBMioAFBVV95cUxQWG56VGJXWnZST18zMVlLVGNHV3V5UXVJR0lJaDNfUDNPMlVUbWZNdGVLNFZnVXhrcElYcVU5VkdoQzBBeUYybXY4NFF0amJYb3dOM1hkUl8xbHVFQzB6eVpQSTlTT1VkWFAzdTl3T3U0TmZtamtKekQ5aGNfN1IzbWo0cVlWV1Z4MTAwSGd4Rnp3MEkzbU1mV2pDT2M2SDhO?oc=5
MRK,2026-05-22,Merck Stock Zooms Closer To A Breakout On 'A New Chapter' In Cancer,Investor's Business Daily,https://news.google.com/rss/articles/CBMirAFBVV95cUxOcFQ4QWZTdEF3QzFxYVZwTllCbElES2xTeXFzTWdpN1B5RVdpMmJPSVFfeWhIR3RoUUlkenUtMGtLcnFaak1XcFlaX3pRakJWZC1YOTFvWncwcGk4STZhVlFhcmE2SkJUOGRNUXRkTUp0akJUcjlBRUdLb3BDVzhHX0d0YTZ5WklJNlNyQmxURk40SDZLUDNqZXAtTUEyM0FKb1VfNldzdkU1b0pm?oc=5
MRK,2026-05-22,Merck Stock Gains On Positive EU Opinion For Cancer Therapy,Yahoo Finance,https://news.google.com/rss/articles/CBMinwFBVV95cUxObnJJTlB6bVhsSXFlZElHSUVUdjluajBJcFlsRXNNdTBabFVwZ19IemxieHoxSk56ZXFUNFJyb3l3ajVJOUlKQVpaazJKRjlwLW5zLWpEY01ROGtGcWEzOWx5dTZuZWdwUzhQRmFTTXpqX1lNb0NBUUR1T3FPWFJnZlZuaDhnOUNLRHhIdzdXcmEyTi1ubm5wOWlkYU9Wck0?oc=5
MRK,2026-05-22,Merck Stock Climbs on Cancer Data. Why the Drugmaker Is More Than a One-Trick Pony.,Barron's,https://news.google.com/rss/articles/CBMihwFBVV95cUxOWFRrbExBdDI5YmZwdmdtcDJCLXZoVFVwcmZNVU1fR252N0lDeDM2c1hJVy1lU19fRHRaZWNUNHpmS1dBaGJKR2FnMWlOSWd4TlBuMGt6RXV3WkM3ZFNPbHR6a0JObjJ4LW1oTW5FX1ROVmptcW9NR3ppbXlyZWgyVk1sSll5RW8?oc=5
MRK,2026-05-23,Merck (MRK) Phase 3 TroFuse-005 Trial for Endometrial Cancer Meets Primary Endpoints,Yahoo Finance,https://news.google.com/rss/articles/CBMimgFBVV95cUxNejVwZ0dwcC02enl6NWw3VEFTVXZ4UU9fMHdnTnI1V09Cd3pDY0FiaW84Ri1PU0tPRzU5U1N1MmZFSXBfQmJTUEJudWxzZWFZS3Y5M1BvRU1GZGlJWVFySmFTcTJhSEViUDliOFVKOHFXVWQwRzR1bWxUVC1mRDVjYVljdVZsaFdSMndCWnhmZjFfc09aRVFvby1n?oc=5
MRK,2026-05-24,Merck Stock Rises 6% as Lung Cancer Treatment Cuts Tumor Progression Risk Significantly,TIKR.com,https://news.google.com/rss/articles/CBMivgFBVV95cUxPWVN6cDdPTTNMdGRvVzlJT3U3cUFWM1FJY3RMOEFQTFhtNDlobUpyU2dGSldhaVNiVjB0ZDJ0Z0lRc1RJaXZBa3hndmlkTjRPQ1cwZmZPZGdQVHd2dnhBWjZCOGp0X0NKeDdWSUdVS1pIY3ZMMVFNdmJPSGQxcWR5d2N4N2ZYcWVKZUVudDhDXzlneUNMNENKc1VhWHBjM0lTUXJ2OEJQTlNOaGlEVG56NnZGMXN2Z2hQaUxteEN3?oc=5
MRK,2026-05-25,Merck’s Next Growth Chapter Is Starting to Outshine Keytruda Risk,Investing.com,https://news.google.com/rss/articles/CBMirgFBVV95cUxONGg0Q0wtSGYtTnVYdXcwMG1YTmtjdUJBNDRoM0U1ZUtiTDczdlRkRmtYUXZJa0Vvc19lV0tsQzVQclJPSEdlclVYaExvQ0ctR3loQTAyVUFwZ3hQMjN4UDNiMnR4Q18zNW1hWVlYcmdDYUw4VzhHYXdWczJ1Q29vSzV1ZElZY2pCT1hCY3JLbThEWUdzTkZoY1ZOenc5Sjd6YkE0WVZOOHVYM0l3cUE?oc=5
MRK,2026-05-26,Merck declares third-quarter dividend of $0.85 per share,grafa.com,https://news.google.com/rss/articles/CBMidEFVX3lxTE9ZRFJtMGxIcWRvMU90N1NmLVYzVEoxWWtWN3VnVUlWU0FqaWxiQ2NwRnhXdFBSakUtZENSTmJ3U09ZWmxXaV9VZ3BndUJqaU5sTmxieGM0OXhSNEZFTXlxa0RXV3RPSFhDa2pmQ3F4aDg4MUg0?oc=5
MRK,2026-05-27,Five-Year Tally: Merck Stock Delivers $47 Bil Gain,Trefis,https://news.google.com/rss/articles/CBMirAFBVV95cUxQQUdPUjZtLV9rWVowSHhQQTlCQ3dTWXE1NmRMMERBazVka2hmTDJkODhNUDQ3dkhCVm1vZDZnelVjN2tGeDIwdUs2RzJWZ1loMng4ZWJfUXFfUXhuZnRDQXJXVXZla1UyWXBScjJvVk5CZnJidXFiYXBhQjhvb1Nmd25vZ3lsTVNWN0hmVEJaU0t6emFKTDNrODZPU2RjOVRUb19lRndkZ3UyZTJr?oc=5
MRK,2026-05-28,Merck Stock After a 60% Rally From Its Lows: Is It Still Worth Buying at $120?,TIKR.com,https://news.google.com/rss/articles/CBMiogFBVV95cUxPblVJMXc5SFdGYlZwZkNEdUl5RlIxTzlqYnFib0tKXzU0UmFxd1h1cEk0VUtJaWI1b2pzRlNUTVZDNlhtNlFReVFBUHpyemFYYmZQM1BuV2ZvVFpqakJsejd5TGhSSW9ncG0xWWRnemtIWmVVOHFqN1RzSzBIWktRSDl0b3J1akxaRFdDX2s3LWVHdTBKY1JDYU5lQk1PWDI0U2c?oc=5
MRK,2026-05-29,Merck Rose 6% This Week. Here’s What Could Drive the Stock in 2026,TIKR.com,https://news.google.com/rss/articles/CBMikwFBVV95cUxNNmswUkJOMHo0YWxtTHB3NnZWV1NvMnMxYmk3SnFRZkNhQzJDbGRPaTZHQ05OWUpVVGduaHREVU90bHcxaTVQaE4zZC1adDNPS2ZFNWxmSFNwcUsyQm8tTEVwdGpwbm9lYzRwV1lLODB5cFZDN19zMzZMMnU3dmNvb2E4Z3VzZTgySmREaXVXOXlrMWc?oc=5
MRK,2026-05-29,Is Merck & Co. Stock Outperforming the S&P 500?,Yahoo Finance,https://news.google.com/rss/articles/CBMimwFBVV95cUxPaTM4U2NwR3FCaWZLYm1vUU5HMG5KSnA1TUljamEyeUcta1E3T21zMW54Zy1SYnFobEhZRXRnb2pRYnhUdzJxdzR6UVczNE5rRUp3anphYThvTkdtd1gtNVJZd195b2pTa053ODBDUjBNbERPcjYzajQ3SHpmdjFSOEM5VFRWWkdJcHQ5ZUdMb2VxcUd3b29Qbm0yQQ?oc=5
MRK,2026-06-01,"Merck's Calderasib Gets FDA's Breakthrough Therapy Tag for NSCLC - June 1, 2026",Zacks Investment Research,https://news.google.com/rss/articles/CBMipgFBVV95cUxPWGNIN2VBYVpvSnAtb1pXSzdmQmhGVWdRQU5aeVlUemxrVE9TWWdxdUJZdTBJMGpINldvV3JvbE0xZy1icUVsSHNoSl8wMFZ5cEpaS285YVBtbEdEQVZnMnJxOU5lRFo4NUp6TDBscjM3RmZ6TlFfYTh2Wk0yLUc2OGFzOU05dnRLZTM4bDlKOGlqX1N4dEY5VEZYclJnb3JiQmhUN1p3?oc=5
MRK,2026-06-01,Precision Trading with Merck & Company Inc. (MRK) Risk Zones,Stock Traders Daily,https://news.google.com/rss/articles/CBMi0gFBVV95cUxPVHREUzB3VDdOY2hmaHk0WWZ3Vlo1RWs5dGw4d0o2S19lTXJhMUlkM3JfX2t0UmhyeWZHWWNCRl9KOVhTZ1BDNWs1cklQOHo4amNWOURFMmVaZGVDaS02a2hpNkhGOFNxNHpleTRvR0kzX0h5WFlWN0ljbUNKY3d1Wk9adThKSm9JZlotZkc5Y1ZZT3RlVDgtaUlqd3ZCRW5od0psbk5tb2ZCS2c2UnNCZzl3VlNXZjdoQmhnQjgtbDVwLW9UbXo0M2d1aTlRSEJBYVE?oc=5
MRK,2026-06-01,Merck exec says company is discussing use of COVID antiviral drug in Ebola response,Yahoo! Finance Canada,https://news.google.com/rss/articles/CBMiiwFBVV95cUxQdl8xZ2ZtNkZyN0JiSXdYX0NqSVNCSTV1M1kxV3ZpUmcyb1Q3Um5WdE42c3MxUmgyOEJxZVFWR2lBT25iWFctSmpZTjJ3SzIyUzc0QWlrRTRyRlRJNjBCQW95OUxoeHc0bWpDcEIxeWFCVmlKQVh1OXdBaWN0c3BtUGFBUm9NRHJIUnlJ?oc=5
MRK,2026-06-01,Merck (MRK) Strengthens Capital Structure With Notes Offering,Yahoo Finance,https://news.google.com/rss/articles/CBMipwFBVV95cUxQR2dHYkwxaVFOUndQRVRnejVaZGgta3BiOU1BdXRYVEU3ZTFjRDJuLVNXSmhGS1AycFU3NGN1dTE0NDk0V3N1c2lneE9hQ3NtNDd6MWppWkJDdGs4NlF2VGpQWmlBNWJhYVNrUzY5bWRqMkZMaHJvTm42WElJOEFtWnU2SkwzVTd1RWpHdWR5cFZWV3d6RVVqeDdFOHJPZkF4SnZnMlJ1WQ?oc=5
MRK,2026-06-01,Merck shares slide as investors weigh kidney-cancer trial setback ahead of a near-term FDA decision | MRK Stock News,Quiver Quantitative,https://news.google.com/rss/articles/CBMizAFBVV95cUxNb2tkQ0VyT3p6bEJFZm9LNVI1cDdvamJjRWpLei1XY3IydERlNUhvY3MyMnkwRXJ1SEJnMVZ2UlF3TEFFVXNGdGV5UzZ6UXIzNWxDMVBxNVNHWVd6TVlzcXZMZm5aSV9OMVV3UU5nZTNHNk1lQVNVX1pEeFFUdVRiNkttX2RFN2lDYVViVmtRRkRNbjN1aS1Oc2M1bkpTQmFzM2VIbHh3OU5BZ2p5dHJzQjl2MXlIYTRkbkthVkFWVHBoYmRsRmEwaXVUbkY?oc=5
MRK,2026-06-01,Jim Cramer Notes “Merck’s Cancer Dominance Has Been Challenged of Late By JNJ”,Yahoo Finance,https://news.google.com/rss/articles/CBMinwFBVV95cUxPOFhUenl3clFDcGhRMzBRT3V5eVU5WVctV1pseXh6Uy1sWHdienBNQVZSalJhaFRBdzNhR1BBNUJ1X05Kdkx0WFBnR3ludlV1RHY4LW9lWERGanFzSUFqWUlzb0JrUE0tZ2RuXzRfbUVCVnh4dHowdXNraTFVY3FDRWNtZUEwWDhKcGlyTi1mV0t6WmFxSHEtS3Q3bkQtQTg?oc=5
MRK,2026-06-01,Merck & Co Inc Stock (MRK) Moved Down by 3.19% on Jun 1: A Full Analysis,TradingKey,https://news.google.com/rss/articles/CBMiigFBVV95cUxOQUNkNUM3MGlXckFmWTBjcHBrdFVaUUlPM0dyMHJjbFNyV2lUeUdFbklaM2xrRnZpX2t5VXBlem9KOENGQUI5VlI0OEUtNGhCSVNHcWZXSnhYZ25fczl3NFViQ2ZjSUVvSm1MNC1WNXd1aG1lY3hoZ0s3VUc1MjM0bU1XMmVtc0djMXc?oc=5
MRK,2026-06-02,Guggenheim reiterates Merck stock rating on oncology pipeline,Investing.com,https://news.google.com/rss/articles/CBMivgFBVV95cUxNa3JHT0VqTGZCMkozZjJuTTdXYjdSd0dwaVBOMkFDV2Fwc2YwQy16a3gtX01ZYWdfd3liNjVqbTVTUjBaSjllQkZDLVlJMkxVSFZVNk5BMklKbEpoaTZjUmY3OXVHdGVDVG5vNGxOQlRTOHlDdlQtNUdDVGg0ZGxEaGZ3SW1pNGsyMThMXzVnMzU1Qmk0cEVqUnVQYkJEdmlBWUJ6OGFjRVRwUmxQRThMLTlaVTh1dGxSbTlIa2NR?oc=5
MRK,2026-06-02,"Cantor Fitzgerald reiterates Neutral on Merck stock, $120 target",Investing.com,https://news.google.com/rss/articles/CBMivwFBVV95cUxQN2RZNWhqVGFtMHRsRXFEY0hjY01sZC1QeFM3SllWRWxaakFuNXJscUxZUjVIeFpwVmM0WXAxNlFjY3JVVks3RmF0MjY1M1VBTTVuclZCSlZINTVzc2g1ZXZUb2VmaHg2ZzNUM0JMZmM3aFgtMzU2SDNXTDQtZ0NDRHp2N1o4eTF4MXd5WEpFbFZLV1JLa1N2T0tBTlZHaFZHai1iRU5qNmoxVVd4NU1RbXZCY3QzM2hTWEwzcVU5dw?oc=5
MRK,2026-06-02,Merck & Co. (MRK) Announces Quarterly Dividend,Yahoo Finance,https://news.google.com/rss/articles/CBMiowFBVV95cUxNRS13bUdtXzlaZ1FydEpWbkJjeFBnRWFoZmJFWFhTTk9NbWRqTk1TdDVmc2JZTDlKaVpYQ3JKMnZPMVRTRFYtTTA0UWlOX2FCTmdIbjlzaDJnYVdpUjFkb3Z3QnY3UVlraE04cnhmX2VlXzlBZy1LSEhVcUNEUVdlLWNJZU5ST3NKbmN1WDNzSFFQdkg3V0ZFZFNzZm9QVmJFOXBV?oc=5
MRK,2026-06-03,"Meet the Biotech Stock That's Trouncing Lilly, Merck, and Pfizer in 2026",The Motley Fool,https://news.google.com/rss/articles/CBMimAFBVV95cUxQRzRaYk5Fa2YzREt0VGdGaDdMRExVX1BqUmtZSjROZkFhRktZMUNFb2xiRWRDWHNWSS1hWlRtajg2NS1MekpoZ0NPekVMWjhWd3ZLRlNwa1M1VWpubXpRWWV4Z0JFWDN5ZVlBTnhGZkFPd2J2YVlzUjg0dUd2MF9zNTlhV3lJMjVDbjdkWGQwaW1yR1gtQlpPYw?oc=5
MRK,2026-06-03,Pfizer vs Merck: Chasing High Yield vs Higher Returns,Yahoo Finance,https://news.google.com/rss/articles/CBMingFBVV95cUxNMEFka3VSU1ZKTk5ya1g2cUxYQmpwTkJEaG15WE0xcTdnRVlDeGlweHI5VlpqRGQzSEZCSEFEdkRabElTOE05TkFUVWdVLWpXdnpfQlF0dU95bjFwYm1WZ00tdEZheVk3ek5UNXdnLW92TXRmdk1GejVmN0FleU03enhPekliSDQ1YzdLaXRhNGhGeHloa3J6WXpzcVgwZw?oc=5
MRK,2026-06-04,Merck: Navigating the Patent Cliff and Future Growth Prospects,The Motley Fool,https://news.google.com/rss/articles/CBMimAFBVV95cUxONzNJU3M1UUNoNllvNEZMM2dPVnRvcDVmT2U0TnlDa0VmclN6NnJHUWNjV0FqVW1xOU4xa3ZnUXNycWRUOEZwWHBCMWd5ZXI0WklNXzd6bnBRUS01YWxlUV82VjllWFFYaGg4Zm5saGl6YlZiUjU1N1Ffc1Vsb2RreDdjcjhhZ0s0c0tvMjBiS2piZ0dOZUxHXw?oc=5
MRK,2026-06-04,Merck & Co Inc Stock (MRK) Moved Up by 3.33% on Jun 4: What Signal Does It Send?,TradingKey,https://news.google.com/rss/articles/CBMiigFBVV95cUxOMUJ3NE5zcjI2V2c2S3VrMS02MzI0N2VrUmFTMHlyQ2FyQnAybVgzYzhWVDNMREVPbzVOU1BEVzczU1NGTFNpRUVUMm1UalY3aHFpcDJ6WnMzUThPSHRMbzhwNWVKX0tzaFBRYlhoNUhjNFZUcnVkWTFuaTltWGc5SGFLMXoyQWpNZkE?oc=5
MRK,2026-06-05,Merck & Co.: Why The Market Is Right To Start Buying Into Post-Keytruda Promise (NYSE:MRK),Seeking Alpha,https://news.google.com/rss/articles/CBMivAFBVV95cUxPdVNnNWNEV1N0X1N6YXJTT0w2SHNXcE1YZTZjbmRDV2RMd1hreG1jaGh3OXFZakplZ3RWY2JxcG1PbGNXQVcySWJ2V1dPRUZLUnpzSGMzcGdNNTlKRlJSWEMzZG1zM2tEdE1BVmVJeXpNOWtzSzVWV3VDTmNSTy1CSV9qRXZqUFozNGdiU3RTd1BiN1NzUXcyYjEzaHl0WWJ1cVV3QS1ydU9UUVF5cm9qejRMaUtLbUtsT284UQ?oc=5
MRK,2026-06-05,Merck (MRK) Recently Broke Out Above the 20-Day Moving Average,Zacks Investment Research,https://news.google.com/rss/articles/CBMiowFBVV95cUxPV1cwcmpCUmNneWdqR09xZUNwNlhaVkZPUUYwWHdja1Rsc2FUaGw1b1UybFVWS1d5T2dfRFNxTG9mOXNRcTh0Z0NLaGN1ZkdjY1NZSnRqQkRwR3FrZnFCVkZybW84SUtQWnpwOVN1YXJlSkhfWGpRNjQzX292MWxqZFRNUDJfbWJubHhoOFJtaFBfX2pIZnpXV1Yyd1VGOUpJZXpJ?oc=5
MRK,2026-06-07,Mizuho Strategist: Healthcare Is Now a Value Sector as Pharma Stocks Underperform Tech,24/7 Wall St.,https://news.google.com/rss/articles/CBMiyAFBVV95cUxOdDlhb1Y3cmhvRVlNZURQT3pnMm1WbktxZkdfV1liQ1NFSTNtQ09fTXJ0V1hPVGVsa29YTWtrNHV1R0RzUFJjZGw0SG1SbS1zektMWTluUDRIc2tlblhBUXV2emhWX1JabnU5cnFXdWQtZmpJbGs3WldoQWswMm5NUExoZU14YnRqMmRpMjBIcUg1RFFxSUd6dWVlMUUyOUVaQTRkdHBqczZwRktDaFZJbkhJTlFQQTF3M29RMnJ5a3RjTVRGQkx5bQ?oc=5
MRK,2026-06-08,Zacks Investment Ideas feature highlights: Eli Lilly and Merck,The Globe and Mail,https://news.google.com/rss/articles/CBMi3gFBVV95cUxNSk9JdnhqRzhtWkJuNk9Nakh6OU1HblRiWWdueGtRaUFPd3M3QmhnRm56dHc5ZVNBOFlpZ3MwbmI5cWJLNC1nQWR5aGl6OXRTbk1QNjZrRE9pODc3NzdxZ1pCNWYzQVdsYVdTRzRJeTZKYjZHYTY2Rml1cUFfbVhQa3NKZE5TeFp5S1F0dEQ0WktSdkxPWThkcWQzOWZIN3FieFdjdlRrTkpWb3NKandObGhTeklQSVB4dW0yVTNlemNBNGd1R2tZQ3EwbVdpaFJITWtxNnhKVW5wRUtMMkE?oc=5
MRK,2026-06-10,"""Targeting Only Cancer Cells""... Company in the Spotlight at the World's Largest Cancer Conference [Click e-Stock]",아시아경제,https://news.google.com/rss/articles/CBMiZEFVX3lxTFBfbHZ2UWNxMmJ2R011TkQwanVOaUhiajlmb2NLVVIzNzlIa0I5MlAwc1FnM0NQb1NMM2I3bkdzSE5oblpia3J1MXoxMFNrVjBCNThUanNENGs1MFViNE1QRHVuVjk?oc=5
MRK,2026-06-10,Merck Stock Moves Above 50-Day SMA: Assessing Its Investment Case,Zacks Investment Research,https://news.google.com/rss/articles/CBMiqAFBVV95cUxQOFFZZ3JfWGVHR3V5ZEpScVNJSktBUUlBUHEwT29VeEVNQ2lwbmRobkptMl85THNRZ0RnMmM3ajVaSWM3ZG9WeExCRk54TFpDXzItdTBhX01EOVVsSFZxWGc0WmZRcGZxRlVNRzMyRW81N3AyNGxzZFpzYTY0Y1NWVjI2cGNvUmdDc0FGMTVpMk5kdnphUjF2X1R2WlJQdkpWRWhHTWFZS18?oc=5
MRK,2026-06-11,Merck Animal Health to Acquire TARGAN,Yahoo Finance,https://news.google.com/rss/articles/CBMipgFBVV95cUxPRU0wMExQOEJhQmNtemo5eXRzbHFZM1lGSHVBZm9CdmVDU3JZNW44WG1nVDZWSjZWcGFVX3VTb043TUZsQkJ1TzU0ZndyNEczcFFvRjhLN3pJVHBPN0MyMGpyZHZZbzg2TmludlZrbmM4NDNnX3drdERzSG93QzFTdUJUZ0ZoSHhOd3E3QVh6TVR0eENFeTgyOFZuWTU4RW94ZDlsWTFn?oc=5
MRK,2026-06-11,Merck TARGAN Deal Highlights Poultry Tech Push And Undervalued Share Price,Yahoo Finance,https://news.google.com/rss/articles/CBMiowFBVV95cUxOdTFZcm8ySWdmUEFUZHprdkNSZF9nVTA5bFRJTHhvRWJhV2Vxb3RqMjRUc0NvbXFyejA4bV9GbWpPMVJVUW41aG1mU0JDRVBMUjlMNjcyUHFObXZDY2NtSGNCaFhpUWZhLVBJLV9BRmlLWE9Wb0hCY0lpQmxfX3FsYW1ObG0tbFdORnk2eFBRSFU0WEZIUVlCZzNxYkU1TW8zRXlz?oc=5
MRK,2026-06-11,"Investors Heavily Search Merck & Co., Inc. (MRK): Here is What You Need to Know",Yahoo Finance,https://news.google.com/rss/articles/CBMinwFBVV95cUxOdmFfSy1OcFlIQzg2djQ2N1kwZDBQY2Rha3NwODdfelZianhHVFdMQ0REdTJqcXhPNDduQXp5T1A2aUF1ZjF3Um0teHR4eVBpcE9fV0RLM1dpOU5WSTIwMlZBSmgwUUV3VVptS1BkTTJza3ZmOGdFaVF2Nk8xdmk1WVNicDBIVTBGQWR2SW9GVXl1VUFENTN4Ym9SaU1RMDg?oc=5
MRK,2026-06-15,Merck & Co Inc Stock (MRK) Moved Down by 3.13% on Jun 15: What Signal Does It Send?,TradingKey,https://news.google.com/rss/articles/CBMiigFBVV95cUxNMzdkY3VMRDE0RXlZRzJmQUh4bEEwYWZaMm44VkFWWXcyX2hGN1FrWHBWSjE0eHM0dWlqd3RwbU1tYU9qczZNbWk0am8wZ05GbHUwSVBBZ1ljOWZtaTV2VURNQ0tXSEgyMzh3OHkwU2FGMkpuOXBBb0FJazkzeTA2Nk9rekZMNmZCaUE?oc=5
MRK,2026-06-16,Merck: Buy The Dip On This Dividend Growth Pharma Leader (NYSE:MRK),Seeking Alpha,https://news.google.com/rss/articles/CBMinwFBVV95cUxOSlIyQnpVaVJRc1FjbjBrWHJzd1Biby1HSnZzZ3Jtazc3RnEyMExzYWNHaEpFdV9IbldGSkhWUXI1SXZIMDlxdzBKZGdGRm1GN09iNjAtZjlwbnFTS2ZicUxUR0NaUkpWYzRLREFwNDQ3Ynh5RTJXQkctUlNyU0JWUkxLR0JaOXY0Z2JxZFlpR1AweU40dXI5b1hMQ3hoRms?oc=5
MRK,2026-06-18,Merck (MRK) Stock Falls Amid Market Uptick: What Investors Need to Know,Yahoo Finance,https://news.google.com/rss/articles/CBMilgFBVV95cUxPeHhfSG9DWG5nXzRXdGh4Q0VFVVg4aFZBV2Z6a2RHTU1EZ0JSWjdxel9xSW5GRElrMkgtbDFzTFV0SGhobXZxTFlJcGluaW5NaGM2MUFraTl0Y1ZZcGZPVG5hUkMyczEwOWFhNFUxQXdYQk1Mc01ETlBmZkFSdnBwYjB0c1NBYmlfWWVtcTgwN1lsd2xFUkE?oc=5
MRK,2026-06-18,Merck wins U.S. label expansion for pneumococcal shot (MRK:NYSE),Seeking Alpha,https://news.google.com/rss/articles/CBMijgFBVV95cUxOYUhjSmx3TmFJZFhtUUYtZ0NnUWlsTFJ2bjR0SDdfUDVEaGNTS3VKUDA4QUpGYXpzZ2xIN0NOSDllbHhnLTY3WHhtbFlnMXNfeEV3TFVKcW5raXV1LVh2LVZRS29oc0NtcHBfbWVoWlJOUUJZVTBxWWNoQUxmdXByYkdVZE5oVUJJWW9FcnRR?oc=5
MRK,2026-06-22,Merck Stock’s New Drugs Were Already Answering The Big Question,Trefis,https://news.google.com/rss/articles/CBMivwFBVV95cUxNZ01nZDVVR3VtUXdvTWt6RVltR1dLYXM3TXZIWjlCaHBUS2N3RWpJMjFNNVZsWFFlMFFWWTh6cWExcWdZM0VxcVZ1ZlpXaHJrVGhjcHJnRWlXNHRRY3kyM0hQbV9IMF85Vl9VZEpHS1lhMVpjSFY1WVFDeUpOQ014VkhBU0stTFFkeG1hRVJYSm0yMjJibTR2TEVwbFo2dl9yeFE2M2FQdHBud1RhaUhqVTNNNUhYZVQ0UkItRlFxOA?oc=5
MRK,2026-06-22,AbbVie and Merck Face-Off: Which Pharma Stock Has the Lead?,Zacks Investment Research,https://news.google.com/rss/articles/CBMinwFBVV95cUxNVjdJRU84NmVtdG05OEM3b2ZQam8yblE1blJaOG5YNnJuRzgyXzVuRW1LYUJMSlByekNPVGxRaFREdnhnREU2Mi1tWnc3VVFIZHNsTGs4bnhZeXJHOElFVWpReGtPRjVRNXF3a3dwMUtyaWdWWE8tZE9WM2dJdWFOeks1c25FZjRWSThDcG5IT0d3bU44SHdld0lkQnRxbnM?oc=5
MRK,2026-06-22,Merck’s Oncology Engine Is Still Accelerating (NYSE:MRK),Seeking Alpha,https://news.google.com/rss/articles/CBMiiAFBVV95cUxPelUxekdCSFJtMVBXanAyektSMndtVlVpYnB4SmtTajY0OTh6NWwtWmFSX2o2VVhCbXhVZEpQdUFadDNXenc5bE4yd3NBQnZUb0FBdF83Tnc5TENBZF9CUU4xdWo5azdCazlhX3ZPVUpzZEtsTlBrdS1fX01PQWg4SGEwMmZLcllW?oc=5
MRK,2026-06-23,The $50B Plan Merck Stock Was Broadcasting,Trefis,https://news.google.com/rss/articles/CBMiowFBVV95cUxQQjA4Z2xnLUhtWFo1aWNYcjExM2c3dFRRcVZTTEdsNENFSFVuTks4a2NTbmZvV2JIekx2NGMyNlJNaVZfNUFuN3A2bUx6dWtvYzJmWjg3MF9xQUtHRDk2S0ZlS19uMmc0U1ZxZl9tb3JMaS12ZV9iN0NaRFNRdU9fQ2FOdWlBek5XTjR0UnFtWnl5R3BjeFcyZElfYTFlczduMmpN?oc=5
MRK,2026-06-23,"AI Rotation? Walmart, P&G, Merck Surge As Defensive Stocks Gain Traction Amid Chip Crash",NDTV Profit,https://news.google.com/rss/articles/CBMixwFBVV95cUxNaWtVeWdqZzRMT012YnR0eGNrVDJFdXhyVnJtUkdZMHpJbU9WRzZMSWNyR0tPdHJ3eUt6U2xJVzV4MDMzRFpGSjZ0NjN1UGFKOXlmeU1kaW4yeEo0SEhoSEkzUmpZS3JITUt3S1Q2SGNjczhFMmxBVlYtTnZiMHJMMnZUeU5KTUx4Nkx6MDBkcXlnZjRuVncxNlMyUTBZUXVYTUVsZk1sS1ZIaDIxaG1qOXFyZ0hGTC1BSUM3T016dzlDRGZmcnFr0gHPAUFVX3lxTFBIbUtLNjIxb2F5ekEwNVpkbERweUhialhYaEppbmFPcm93OFhGM1VtcWdqd0FZLXJTTXRWblMzcENsQ3FzeWtwVzBDVlg2VVdvNzhGbHNvcldfYmZMaURQdHgtamo2OTdKd3lfU0lVNk5INC1kaTgwSl9OWGViMzQ3NnIyUFF1T2JrMHpEZlppb3J6c3JLVWJzTVp3dmFfQjdvOTFKYTJPSkZqcU05TUxjRXp1TzAzN1dXQVJ6RGo4aGhDdVBOdWRuVEFDb181Zw?oc=5
MRK,2026-06-24,"Here Are Wednesday’s Best Wall Street Analyst Research Calls: Devon Energy, Flowserve, Klaviyo, Macerich, Merck, Nucor, Take-Two Interactive Software, Twilio, and More",24/7 Wall St.,https://news.google.com/rss/articles/CBMiqAJBVV95cUxNLVM1OEJKMnU5bHg1aGk5aG5fa3dwd0k0SzROU0VwcEMzcG1YdXRGUTRvTXc0a0VLNk1QVHhoVmVwSnJuVzBZOUQ1SU1xRnF0MUt4TTlUcGdDOGs2bnZBZS1vbmxTRGZMMTZ6QjdEM09lRmJ6MVh5V0xKc2I5VXNXOEk0WXFzZHFYN2ZLU01PWWpJTkRNMnlXNTZ1Z29YbUVRM1ZpbGlpN25jeGxETW1EZl9ydjZjTTFnZ3RTZGxuSTdvaVcxeHZkTkpIT0QxX2t3R0JYazNBRkpRRTBzOWg5MlFWYy16X0pEdklHTTI2U0Z5TXgzaFpRUVkzck9jV2pDb2I3LUk0OUZ4MVJGMElaTWxKaHd6RnpXUEFfblhMV1VTWF9XYXk3Wg?oc=5
MRK,2026-06-25,"Merck acquires Bio-Techne for $11.3 billion, shares surge",Межа. Новини України.,https://news.google.com/rss/articles/CBMib0FVX3lxTE1vMDdackdNVmpJNnRDbUlTbEhzNVBDcFEzSUE2bC1ZRlgtZXdwUVM2Y0ttSHVsc1NXaDJFMWVOc2FiR2dLU1ltYnRMU1Rka3JEUl83dDFRb1VHdmVweldwV21fa1hueUM1NzltclN3cw?oc=5
MRK,2026-06-25,Merck's Bio-Techne buyout put Life Sciences sector in focus: Top quant-rated stocks,Seeking Alpha,https://news.google.com/rss/articles/CBMiuwFBVV95cUxQWURub2pFa0tNR01NVVF4UWJRb056NHQ1R2tNYmFHcWlOWFlaazlYS3h2N2w4QkVveTRISHFzQ0hsS3JiZ1h3QjNORVh0U3RoLWNhU3lLTTJtZ1l3Xy01dVBRczVHZlRQUTI0YncxbXUyc052c2pyOFFpS3NmbmFONmRDWUE5VjFTNFJjWndlTHZPdmluVWpxa0h6STh3WFpuMndKakhLbWtRbC0yMDFSTkhWQlBsZkp4RzVZ?oc=5
MRK,2026-06-25,"Bio-Techne will be sold for $11.3B, one of largest deals in Minnesota history",Star Tribune,https://news.google.com/rss/articles/CBMimwFBVV95cUxNWXBFcVZZdW9IRlNCeUxqY2Z2OEVTVUlSZVdRZHFMZUx0dDNLamFaNHVmM3h6WHNUQ1ZxWHpId2xUYWJQN09OMEFsOFJYUGExTDl6QzFjdy16bWNIU05kYlltV0xVWjRTRkw3WFlUY0FrdWlwdUpueEsyME1ZZE03QWNKaWk0eXFyZEMwX3dVNjYxWC1GLXZzMTRUOA?oc=5
MRK,2026-06-25,Germany's Merck boosts life sciences business with $11 billion Bio-Techne deal,CNBC,https://news.google.com/rss/articles/CBMif0FVX3lxTE9zanI1Q21tdUwycWNDRW9IWFl4TFpITWdpRnZMNXoxeXo3SjZocW9oM0FBX2RyMjV6aDlMZl85WHUyZDRJTHZMdzZBZTlfclFmMVdrSGtqMFJRZnhSTTZLS2gxYW5nUlNIZ09CODZtQWlkOVNGQUlmSGhlSlh0eVnSAYQBQVVfeXFMTWY4QUhnZXc3TGlDRUtCQWs4TXAwUGlwYy15TmlnLTdoNXZJcmRXRGZ6SE5NMDRKaUE1bExOYUR0UDZPU09YenZMNU1QV1dWYll2OC1BWkktLWZmV0FBUXBCcWdkWkJEMnY0MzIwandFU1NTZUp1UjJra29MUG9zNkxxVk4x?oc=5
MRK,2026-06-25,"Stock Market Today, June 25: Bio-Techne Surges After Merck KGaA Announces $73-Per-Share Cash Acquisition Offer",The Motley Fool,https://news.google.com/rss/articles/CBMi_AFBVV95cUxPUnk2dUJjQk5TQ1QwY2h0M3Q4bTVtMDR6d09JVXRFMko0ZVBrOFJIWVVaTVdGTXcxWGx5dTdDVjVlS1E1OGJQQVF4SVZfbWFXRVNEQUNZT2tJdFpkcy1CYnBXcVRiX0pVR3FCS2FzcTVZRWo2TFBDTWtsUEhMdTA1UkQxcVZQRzZLb1dpeTBrb0JjNHRNRnBtQmNMLThxWGt2MFRuSWJ3SXdJc3pyRlBHcE8tSjgxaWNOcWVCUGRMY2dGMThLWmFkUGN1OUZrZFhPaTFGVFhLNlpPbHB1dDRmczdMUzhicVVHOUZCZFU1RUExMXlaYjRnVTdWeGs?oc=5
MRK,2026-06-25,Bio-Techne Is Today’s Top S&P 500 Stock. Germany’s Merck to Buy Company for $11.3 Billion.,Barron's,https://news.google.com/rss/articles/CBMijAFBVV95cUxQTnk1M1d0M0NKMUFQWG4yN2RmdHRwYmJWOEs0ZnU4QVFKQkkwVjBWcGU0eExRMFhOTWM2WjlzaG9LLWFET3I0WjZ5RzlILWlhYi1yX2ZOak9yQmlmdWluMU5ldlJDd2RmdzNTeUdiWU1JZi1KNXdOM3ItWDd3WlZ3V0NwTEMtLWlfV1poQg?oc=5
MRK,2026-06-25,Bio-Techne (TECH) Soars 20% on Merck $11.3B Merger,Yahoo Finance,https://news.google.com/rss/articles/CBMijgFBVV95cUxNWThxTlRzUjNrSUNNQ3YwRXRBYkd3VUdodlgzbXBEWmd0M0I4X3NHcE5RZWw2VVkyMFlRMDN3cTlQMW1uVkgyY2R1emY3ZnpEbEN0SE5MZE1tWkJRejZDOHlqOUhMbWg3a2lhclI1SzlKZl9JMjhraXlkc2xOaUdaUFFBcU5fc25KTWhTdmZB?oc=5
MRK,2026-06-25,Germany's Merck boosts life sciences business with $11 billion bet on Bio-Techne,Reuters,https://news.google.com/rss/articles/CBMitAFBVV95cUxOcWNaOGNZamhRcU9HZTBZWHcxSjN3WFNFcVhBNVNmeE1uYW5DRFJNcVpFQy1GZDZLS1ZfQmRmeUVJVjg3ZWtqVldBOFRuWE1sVEtwRjJ4WVFIYzhSQjJHTVNOM1JndmhmNUF3OFdXVkhtS1NaWUkyMk1zMjZTYlFJbjQ4WURocHdPN3d5NHM5eHhveEFlQjlaeHBKYWNmbXd0TS00UWF0OXVNbnZRMmtKQ3RtXzI?oc=5
MRK,2026-06-25,"Bio-Techne Acquired by Merck for $11.3 Billion at a Premium, Jumps Over 20% Premarket.",TradingKey,https://news.google.com/rss/articles/CBMipwFBVV95cUxPdWhZdUtlRTY0VG05VHdWb3NDYnhqUThFRW9wN0JVdF9VU28zbXBGa21HaTRsNWFsLXU4RlBXc0VRSmU2MHBOdmpSazVvaXMtVW11VURvVjVPWTh4Vy11Z1dXQVNGYW5HWnJuQ19saEY1b3VLTEJCQ09YNlF1X0haSWNiUFdvcDNJR0tzenVUUm5GREU4V2RwRjJ0UGlQOTNTOFh1SHlROA?oc=5
MRK,2026-06-25,Merck & Co Inc Stock (MRK) Moved Up by 4.04% on Jun 25: A Full Analysis,TradingKey,https://news.google.com/rss/articles/CBMiigFBVV95cUxPall5cWs1Z3ZXTmliWDZqb284TUVPOVdWeXFtWFNGZEpFTzhSUmpRYnpZMW96NlNxSXZveUt4MVBtR0lqZGUwMW1JclNVVHVFREZHa0lLV1VPVEVqcVZWUnFMODhzNzRpZkE0aE9kcF9QUFhGWUR5MUJ4Z3RwQy1aZ1A1eHhzaDA5c2c?oc=5
MRK,2026-06-25,"Merck KGaA: Bio-Techne Acquisition Improves Quality, But The Stock Seems Fully Valued (Downgrade)",Seeking Alpha,https://news.google.com/rss/articles/CBMiygFBVV95cUxOVEFUblZJemlJUnd4YVNDSl9xSjRPTUtWOGVvbGoyMWtwUlU2ZlZzR0dmM0k0ZmV0amRWcXd3X1ZxX3hHeldENk1VZzc0aU9PTGozWWhnVmFnUnhpOE02M2ZlUWJVUXpzcFRJdEJpaEJHWHNPdUFRVkR3RmRNNnNiamdKa0wwQW9KUFJEUk05TW9OZm1uWVhCY2s1VXNJZGtDWUFjdlN4X2dYNlRPQUc3MzNmUWNYZVJZLW40T1FvZjRCRDNsdkVGMnNn?oc=5
MRK,2026-06-26,Deutsche Bank cuts Bio-Techne stock rating on Merck acquisition,Investing.com,https://news.google.com/rss/articles/CBMivwFBVV95cUxOSlRHRVJ6aXpaMVpuVVJ1U3NyS3RKajNxNVF3aUJLb1VzS0ZydTF6ejZUM21iT2xKbkprMjhSYS1QYWt4V0tlUGk3YWV2eEhwejVLdi0wRDNORXRSQzUtaDFuUmNlX29XbXpyVEZEX1Z1NUNHSDhZeGlYS2k1bEVFNGUzYXMwcUFQWnkwbExVc09ZeDNNNWtLQU1PQWtkYzVqeG5hSk1zaThucnhhMEZUV29iZVBKTzlBd1VmUy1Law?oc=5
MRK,2026-06-26,Moderna Is Up 14% Today: Is It Outperforming Other Vaccine Stocks Like Merck and Pfizer?,Yahoo Finance,https://news.google.com/rss/articles/CBMiowFBVV95cUxPQXRaMHdNQkdmS3dYNkdqUS1YZGZNVkxJSXlCWVUyMWV5MThWMWFRZVlwQWliazdxQ2lxcnc2Z1Bhc2xGdXFYVTJwQjdUZVdVaWRqdU0zMnEybzBNX0FBWHNlWUtlY2ttSV9HNjNpcVYzS1pnZmFhQ093S29tVzc2eEVSenk3YWZRdVYtLUtYRGdtNjJvVFd2cGEtZ2RFWVhmemxr?oc=5
MRK,2026-06-26,"Qualcomm, Merck, Rockwell Automation: CNBC’s ‘Final Trades’ - Qualcomm (NASDAQ:QCOM), Simon Property Grou",Benzinga,https://news.google.com/rss/articles/CBMi3gFBVV95cUxQell5X3dTRjFWX2dtUDRRVXZkeFFObFVXTUF5RjFzR2k2b1pOSHI1NjFvdzVrdUR1ZmFPWEs3V0hyNkVCTFZXR3RlZURPMUctUGo1SHVncEZkS1dKeXNKN0NSdWdVT0RSVlA3RmFHYVlMcGQxakphOTI1c2pzTkJrMEM4YVFFYTNZMExaRWR4WTF6blBMTTVITThuUnBXTDZmMy1oYUJIMDdseWRJV0JaTWV2dDg0ZmthcHZHREhVZDBmWlFJZFg3NkhuR0F2WDdRTzR4X0FXa2ZpWkk4dHc?oc=5
MRK,2026-06-26,The $11 Billion Reason TECH Stock Is Up Today,Yahoo Finance,https://news.google.com/rss/articles/CBMimAFBVV95cUxNRmI3aS1XZGhDc3o2ekhNSl94dmRmUXJWNk9IMlhVRVZHX05ENVBXb2ZYUlB5ZXUxbzZfSDh2UFdYbmlraUc0QjFRR3Z4aHpsT1Q0SzJlT1l6LW5RaVBHN043SFpuWHdTZi1aSllGVnZjS3cwLXZ0dmpnTkRDTkVqNGltNmMyNjVCWlBPcjVFWlEwMGVNLUVpbQ?oc=5
MRK,2026-06-26,"Merck & Co., Inc. (MRK) Is a Trending Stock: Facts to Know Before Betting on It",Yahoo Finance,https://news.google.com/rss/articles/CBMilAFBVV95cUxOcWtNU0Nxblk5QTFFNThHblZlejRjbGl3aEtLeDZSLXlueVBlZnVKcnVWSHM5OWxiSkpiS0QxUTBCeXVSbGNxaWVEQmxieTNFczFwa09RT1Nvc1p1TjFnUl9hTWFBRGptVWZXNjdfTGVnTC15OGE1c3p3azdfLURWNHVKTEJncWNpNjMySUhCVDlrWkkz?oc=5
MRK,2026-06-26,Why BMO's Siegerman says Merck is a top healthcare stock pick,CNBC,https://news.google.com/rss/articles/CBMipgFBVV95cUxQaWJha0N2RFh0SVZoa0RUMkJaVlNrRE9YNkRtSi01SmhWUlVNemc3UXBHXzhXUVM5dVJHQjduTmRBRVlka3V1Vk1DanVuZU5vY0pGMVl6VGZPWVpycjRVdlZ5NFpHX3hyWnMyRW5GbWhEbzVXSm0yNE9QbDJ5UWt6eWV0TzBNUlJkX215OGJZWlFuMEhGMkNWTENReDVNNzZUNzdZMzF3?oc=5
MRK,2026-06-27,"Merck Stock Surges 13%, With A 5-Day Winning Spree",Trefis,https://news.google.com/rss/articles/CBMiuAFBVV95cUxNUWstUXRORGtGSFRid1Y3UFhVVXdkRFl5Z3pDQzFjOXRIMk9lOXlpX19ITVJwYTlNam0xYkJOWGRQV2tfUGNnU3RmbENkZFo5NzgyczBtNk9lMENjbGxNZFRkWGhhLTNPdWI3MEd4QXo2dUl0dVdoZFVDSUJKNk80V2NSQVpramFkZnhhdldEbzkzV3hDSkRaYllQOENnTjdtb3NZc1N5eDZKYUFmRU5OVkcwT3p4VF9i?oc=5
MRK,2026-06-29,Is Merck (MRK) a Buy as Wall Street Analysts Look Optimistic?,Yahoo Finance,https://news.google.com/rss/articles/CBMilAFBVV95cUxNbDZPeHNYM0FuV3pEZG5PR2x2dEpXNDFsQ092TVJLME1ZWVVuZ2tEY0V4QXM3TDJjalBYNXBuSnZFUF9VS0tfWnF0Z1Nod1lyZzFJc1lBOHRTVVA2OUliWEIxZFV6el95dlJrRndkbDRHN2dlVldZOG4wbDhqLTU1LTJNaXpqYU5pR2c0Rmg4Y3EwbXNk?oc=5
MRK,2026-06-30,"Stocks making the biggest moves premarket: AeroVironment, Strategy, Merck & more",CNBC,https://news.google.com/rss/articles/CBMilwFBVV95cUxQcU9KdDJNNFpxR0dPcDczZml3SGFrZmN6R0tTUU0wZ0o0eHBFOVpzY0NZMWpBaUpualJ6Ql9JWDRUZ0NfdUhfQjNRVGcycVYzbS1LVjA0Z3JhTmJELVlKT2xFV0w5TXZBaWNpc0FXWEtxdVlTUkJveVhrMmdCOWtCUjdnSDBFZE5Dd0QxZjZGUVZOWGRxQ1FN?oc=5
MRK,2026-06-30,BofA raises Merck stock price target to $141 on cancer drug potential,Investing.com,https://news.google.com/rss/articles/CBMixwFBVV95cUxOakNHNVl0QmlWSUZkWjVFSklzS2JDcl9abVF1QkVqYjdnX2stTFlud2ZrSUF5YVpvQXJNd3lrRmUwTEJXNWliWUpNc3JkZUpraTBKUnNzVEJIMGhYTEEydHZMbzZVSXpLNmNXazRzRVc1NUppWlF6U1pCdDVxNjNtbkE4OU9VSlB5SVhLMjFzNkw5dGh2bWZJQU5FZnN2eGd3c0ZGbkNIUEVlMGZ6Z0Y4NXVhUm5vUUloV2xDRGc2S2JqWDFTS0E4?oc=5
MRK,2026-06-30,Scotiabank raises Merck stock price target to $155 on pipeline,Investing.com,https://news.google.com/rss/articles/CBMivgFBVV95cUxPUHZOWXdpNFNjdll5dGxyTk9iVjBuYTB1dlRWWW9sRVhYSk94MEM3V0twdzdFYjZVZ0hqNnNNODZ5cDRKRV9sbHdSRDM5UlAzMUhIdmlWdFlBbUplUXJTZkh3Yzh4R21CNUxwdjRKVlFRSEZqQnJXUjlwVGhJTGRzY19xMWJvQ2g5M1pxZXJhbWQtS09HUzRnWTNGaER1RWFOMDlvanVWWEhtcXhPZ1E3eHJUdHhBcEhGTURnTWlR?oc=5
MRK,2026-06-30,Merck & Company (MRK) Price Forecast: Can Momentum Drive New Highs?,FXEmpire,https://news.google.com/rss/articles/CBMisgFBVV95cUxOd0pNSWhwU215OU44Q0g3RHVTY196LTZiQWlTNUg4UHpBYWFROHI4NlN6WWg4Zm9sQlNBLXk4d01rNEo0RGhqSmNuQmpyTmI5eEdGUzBxYmxZYXVBeE96ajNmV2xLSllncnI2aFRnNEUxS2p6Zng3RUZrdFRnWFpNbEQtRkxHM21hLTRRMEpWUUZpcFlldUk5V3IyZjdOU1lHdS1xRmtUUjN1TEhtcVRfTXRn?oc=5
MRK,2026-06-30,6-Day Rally Sends Merck Stock Up 14%,Trefis,https://news.google.com/rss/articles/CBMimwFBVV95cUxNdHBfN0F3YlFKcVBHUldDS0VJbTdueXRfc2JzUVFTRGFiQkNJY0VPN0piMjJTczR0Ui1BdE9naFJwNGFGd01NR3U2OHhsQzdLYnpKa2pJajZfZlQ5RjY0WVRieFVQVTdJX2RVZ2puQkdsdUJLeXprb1k0ekduNWZ3S1AwcTZqNExCMGZZSHU2TGQ0MVBrQVhIaXBlTQ?oc=5
MRK,2026-07-01,"MRK, NEUP Stocks Drop As Merck Scraps Another Alzheimer’s Drug Trial Under Neuphoria Partnership",Yahoo Finance,https://news.google.com/rss/articles/CBMikAFBVV95cUxQVXZXejNjZ2paa0k2SC1TSTdDdnZHaDlmaUJjRzlaeTBYd0MxakdubFNmSlJQMnNod2pfRE9yeXhHVFJDT3Mwa3hzelByY1NmX0VqV1hRQVJNdjlMeE53NXp1S2xiWWVQdlkyM2t1N3ZhMjljNFcyT2ZyNkhvNTdvRlFScVlPS3VMblhNb0FyczA?oc=5
MRK,2026-07-02,"Merck Stock, JPMorgan And Two Others Hit New Highs",Investor's Business Daily,https://news.google.com/rss/articles/CBMiywFBVV95cUxOS1dNbUt6Z2t4dDFpb1dkTVZiY0ZiYk93X0FJRDNGNXY3X2NtMlFGdmlXbnFmMEJrTUZ1NE16QkhnNnZUWXd0Y19QNnVfcTcyYmJSUmRPREVPa0RIRDI4cEVaWjdvVlZKQW9YSUFpajBkWDJaaF9ZMTg3Q2JZNXBqa2UxMnFQQ1VnRjlzemxod1JmSXVwR2F4R211TzBZRExfUGVCVzRJdU1scUNoZ1FVc21PSVJLeTAtSV9QcFRDT2liLTlzRzlpOEhhSQ?oc=5
MRK,2026-07-02,"Merck's Post-Keytruda Playbook Is Working, But Valuation Has Caught Up (NYSE:MRK)",Seeking Alpha,https://news.google.com/rss/articles/CBMirAFBVV95cUxQVm9YNk0wazFxTU00R19CS0kyX0pFc1BEUElHWXp2eDhBS1Jza3pFbG1GczNLd0ZjUnVGUDVpREszUUxFZUJNajZfdGhDQ1RnRTgyS0dneXYwWnVxQUthaktfaGVTeTl6bEJ4RzF2ZkhvNUVuR0pxbk1qUWRjdnpEd0lpUUtXVEdoNDY3aEJ4dEs1ZVE5eTNPb2xBUXVjS0RUeVllQnZsMGQ1aHRo?oc=5
MRK,2026-07-06,Merck (MRK) Stock Slides as Market Rises: Facts to Know Before You Trade,Yahoo Finance,https://news.google.com/rss/articles/CBMimgFBVV95cUxQMU9iOXNFUHozeFc1Mzd4TmdueFNsVUl2ck1JclQ0THZyMk5BUl9UNjliNEF2MnN5OUlMdmU4N1ZlS3p0Sm1ZZnNUMGZmRk16Z0h2YmJyRW5rUnFvUUlac2RiaGRkUXYweFRnWVpZVTU0dmJlbW5VWVAwa0ZsZV9xdmg2cm1HYk85b0xuLUxCYUt5MERoWjg4VTB3?oc=5
MRK,2026-07-08,"MRK Surpasses 50- & 200-Day SMAs: Buy, Hold or Sell at Current Levels?",The Globe and Mail,https://news.google.com/rss/articles/CBMi4gFBVV95cUxNOXlMZE0xQTB4dW1WU3oyOXNxR2N6ZEgxTmlodmRUQU56cl9jU2NHMExPX3hMUkx6N0g3bER0Q0RJa09IV3lBZUR3Uks3ZFBETWotSmNPekxnQnJmcGlPeFNRbTI4UjE5bldMRklCVHJDc3YzbGlSZUJpWEY3TVJfMWl0NzI3NGNEMG1DODVIRzZxUTI4UWZxMXRlcDhhV2IyTzhrSHBPMFg3NkZfMWZBOGo4amZpelN0Q0YzSVRLWllVQjlhQkFsZnBscjNaN0xTNVVYclk2NG1mdWFXcm85UzFB?oc=5
MRK,2026-07-08,Redwire taps Merck and NASA veterans to push space-made drugs,Stock Titan,https://news.google.com/rss/articles/CBMivgFBVV95cUxNMmhxMUx4UTduR0RPM3BPMUdIRm5VZnJESnoxSlNTeXZzWmd5d2RKbnlTZUpQSWxZLTZ5bXEycWNIQVMxSFF3NUJOOXhiY2JPb19sSlVpbkhNOUJOUEszeVR3UUU3V3I0QWZUZFhncUwtUkpobmcyVG1jUldTaGRmQ3A1bVFZTzhHT1F6aHR3eVRrekJhOHVfajNOWFlPYjZTRWh1THM4LXlMdmVKelY0b2dQNE15SW1aX3RQQ2pn?oc=5
MRK,2026-07-09,This Blue-Chip Dividend Stock Is Outperforming the S&P 500 in 2026,Yahoo Finance,https://news.google.com/rss/articles/CBMipgFBVV95cUxPMkxrNmZ0di1uNUwtZmVVMjJWYzNZRzJvLVZWZkNfTVRSS1p5enhYSzVxaXgxVjB4a01fS3dxdmNnbmhpOW1nbjBxRW1jVF9IaWw5VkRNYWxtbjR2dlRqM0ZpR21BckR1aTZicFpSc1liQ0lKWktMcVk2VjExQ3owN1JyVVR2bDM1YlhPbXBrdE9QOWx5ZVNVSXhUUmpwNV9uY29wRFBB?oc=5
MRK,2026-07-13,Merck (MRK) Stock Looks Like A Bargain At This Price,Yahoo Finance,https://news.google.com/rss/articles/CBMimgFBVV95cUxNcEYtTEEwUmtVQ3NCclZUVXhHV3d5MHBxcEM4SVlCaENtUUhzQ1UzcWZSYm5fMHk4cEE3WnJvbGxMOGhqZWxrLUQtZzB1TnNLbXJtSEludk1iazdfYmZqZ3l4Y3ZjNk96Ylh0aTBMcWVVY0p6UWFGaGhjMGZYYmhYb2RRQVVaRGJCa2t4SXMwSUx0YnJtTHpzcnp3?oc=5
MRK,2026-07-13,Why Merck Stock Is in the Spotlight Today - Merck & Co (NYSE:MRK),Benzinga,https://news.google.com/rss/articles/CBMipAFBVV95cUxNNFZnb044TzJnTUNXc3lFdmwzcVdoeHF0dkR2YkEtb2RrN3lhOTZoYmtzVUhDTTBjLTlxREx3bUhVS2M1T1l1X3B2OFJTNW4wbkw4bzlUU2g3cUdSRTE4M2hrZTRrM21lY2tDaXhyTFhJcjJicUUyRll6SHZ4Wmt5MVNVMXgyQktUYmxUVGRSRy1VdFZXN3RNRnVnb0lIZUVNbFhIbg?oc=5
MRK,2026-07-13,Guggenheim raises Merck stock price target to $145 on pipeline outlook,Investing.com,https://news.google.com/rss/articles/CBMiyAFBVV95cUxOcWdMSmRRX3o3ZlFNXy1xS2ZyMncxYTJ0Rkc2TVlEYndObmh6ZnVuN0tVRmxRR0FwcGN6elYxVmJhTmlsOUJnY2haVnVFLXUxVG9hQVd1WlZvMnU5eUlZaEQ2UUxXekxfNXdPUTJES3pBR1NubjRVTDNEUDcwWmtITENvYnlzSVJ1Wl9TakQwdVE3REw3bHFKbV8zTWRFbERFX1VmaVllTXE5dGVXNDNDWGUwaS1TWk5LNEZadzhjeWJBczRiSnd3MA?oc=5
MRK,2026-07-14,Earnings Preview: What To Expect From Merck & Co.'s Report,Yahoo Finance,https://news.google.com/rss/articles/CBMimAFBVV95cUxPVHBIcDNsQ2lfZ0prbEs0MDg1LTBKaE5hWWZFQVVuNkxvY28wZ2t2RlVaa0RoTmhudFBSaWpIQTZHb3YwOXNhVnc3V0drbWJ0U3Z1cElNRm1iSEFNYW0zVVNyeWpUcXFpMm9VRlJOaUkxNWo1aWc2R2lBX1NsRWlmMGFkbVJPNmZBUVMzYTRJZDN1U1dFZmZnTw?oc=5
MRK,2026-07-15,Merck stock rises on partner’s positive lung cancer study data,Investing.com,https://news.google.com/rss/articles/CBMiwAFBVV95cUxPN2xLU0VMVWU5cnhDLUZheGFGVVZ0MkNDTGFPdjRkY0NjcXZ1amRwXzBlNUlXajJSZWd4WjBPYm1VeHdWaHd2aGFSbkNJTlRhMVQ5emlhUURzZ1pKTUVGOWxiZzZ6VDJ6N1ljYVNCcC1feUQtc0U3REFVTm01RmstZUJrLUdidGwyTF9BTEljaW85YkRBZ2pKMHZXZUE3R1Y0SXliaDNscVJHb05KbzRfUEFvX3VHTmlZN1JJTGg5RGM?oc=5
MRK,2026-07-16,Why Merck & Co. (MRK) Stock Is Up Today,Quiver Quantitative,https://news.google.com/rss/articles/CBMihAFBVV95cUxQcDIzRUpnck1iSHNUV2hZNVlPRVBJR2pEWkxTeW1mZnhDM2hGdjNSblRtQjFuSFR4dHhqekxleXRjcE1DLXgtTlIzaHE5cl84Q3pRYXlJdmdNT1doWWN5ZG1CZFBtTUhZbDZJUWNkTlA5UUFDWnNROXZsZDhLS01MUXQ3bmk?oc=5
MRK,2026-07-16,Merck (MRK) Stock Sees Modest Fair Value Lift As Analysts Raise Targets,Yahoo Finance,https://news.google.com/rss/articles/CBMilwFBVV95cUxQX1hkQlFQWEd4WEg2TTByR1g4elc1ZWU4ZUlmVFV6NVpkZDloMWhja200RGtJbVZ1NmdkUHNfbHhGYWNRYm1Ual8xVTM2OFJCV2ZZTk1lWVBuQV9LZDNXMVFCUDVNLUhHYThnaWxCY0RwdmlhWFR4WThVNFYtUG9XMXRONEtDTV80clNBVUttWWt0UEhNTjZV?oc=5
MRK,2026-07-16,Merck & Co Inc Stock (MRK) Moved Up by 3.24% on Jul 16: Drivers Behind the Movement,TradingKey,https://news.google.com/rss/articles/CBMiigFBVV95cUxQT2lsQnRDdGhvcVJKZDdCZWR5cEJCR1VOYWV0TVNMOVJ2NjJHY0pWeWNadU5Ga3Zad25jRUJDdjU2RmJYM3h6cjBoUTNQREV6V1pjRTBBTFhUVkZwNGI4dmFBdUlKUDJGN3B4bkV1Y2JOSTV1T21CZU5sRGdHT2RMNE1oMnJ3RUxaUkE?oc=5
MRK,2026-07-16,Merck wins FDA approval for first oral cholesterol pill By Investing.com,Investing.com Nigeria,https://news.google.com/rss/articles/CBMitwFBVV95cUxPM2hKNVREN3dpdnpCMkloMHpZUUthUnU0TGloaEVPYzkzZm1zQlZhcEpjcjFvd3RsWFVBSHVhWEVTR2FmTTlfXzl0bl9tS0Nva0NtLXBPaV91YmF1NTMyNjJmWjVUd3lQWW9ENmhmeGVkV1lwZzVFaXMyU0RQUWF0NDRfYTNCSjB3djRGWlBMbmpjUnd1b0pMakxRVHVEWG1FVXhfU09Wd3k1ZkcxX0dHcFVEV1FsQmM?oc=5
MRK,2026-07-16,Why Healthcare Stocks Look Like a Haven in This Market,Barron's,https://news.google.com/rss/articles/CBMiigFBVV95cUxNZHIwdnRnS3FaMEF4TDUtNHV3NzdTOW1WWUxqRGFPZnBWUlBQWnkxWUNvVGZKTUdtS0xlbmh3NVotQXVHS3lkNTVoVU1pRktZVzRGUE01bklKVDQxT3cyZzVnZUVSamlIWGlTNkRuNTVaOTRaU1ZHMlJTQ0ZudVZsakJFNk5FTWR0Nnc?oc=5
MRK,2026-07-16,Merck Stock Rises After U.S. Approval for Powerful Cholesterol-Cutting Pill,Barron's,https://news.google.com/rss/articles/CBMihgFBVV95cUxPYzBhVTZfWGZyVlo0SGR2bWtCRXhQYTJoam8weGVXYUo1a1Bqa3hGUVppNEJnUExScmg2cVZ0YUsyV1dQZlVRMjFWNTY2UDNBMkd0ckxxMGI5SlhPR2tMMGQ1dnc1NTRBeFNYa1dieUZaOGZmb1BXQkxWMkFjUXhHajNJUkVFdw?oc=5
MRK,2026-07-16,"Merck Snags A First-Of-Its-Kind Approval, And Shares Jump",Investor's Business Daily,https://news.google.com/rss/articles/CBMilgFBVV95cUxQVkFQUjFFYlRwRWQySHVVZ1cyNDl4a3oyOEZBMW15TDBIOGFYZGloS3VoX2h5OUdMdWNEZzFvUjk1ZXpoV3BUWjhFaGk0WFhvbWdwTjJ4MWVIb1RFSlhZWFVvSkY2QU5ONEYzc04yOXI3cXc3dWJ5OGVUZ0toMjRVdDAzZkVNTXRKdnBZUkxHQkc2azRtbXc?oc=5
MRK,2026-07-16,FDA approves a first-of-its-kind pill to cut cholesterol in high-risk patients,Hartford Courant,https://news.google.com/rss/articles/CBMikAFBVV95cUxPVGNveFl5ZzBCUHF4NXEyb0tGME5pU19oUUV3YTRDaUVLU1RUcTFtaVZlMFpPNTFnUDZ6VGpxbjM4YlN0QmZhWHdTNTh1UFFoSFdpcENhVjhDVVpkejlRMXdEM3FjRzRMbDZUejZfTDRrZDhGM2U1VVV2R1c2dzBzZmtCWHZEUm9uZjlyM2dRaC0?oc=5
MRK,2026-07-17,MRK Stock Jumps on FDA Nod for Cholesterol-Lowering Pill,Yahoo Finance,https://news.google.com/rss/articles/CBMijAFBVV95cUxPaVRYR0h5VllERHowak5WVU8yUlQ1SEM5aW5WYkRfbTVWUks5T3dKcGFSZDF6QTBQTkNzMlFEY1k4bnBuWTJLTzBHOHpoZ3Z5ajZxRkZ0Zl80TWdweXFDZjU3SFNfZFJ2Vkt3YUZldkF4OXd3WTlxc2hnUjJMZDZUeTdJbFhnc0JRZTJ1Yg?oc=5
MRK,2026-07-17,The Real Question Buried Inside Merck Stock’s Premium Price,Trefis,https://news.google.com/rss/articles/CBMiugFBVV95cUxNRnIzUkR1LUhWQlplZmhxWjVFMndBMDZLQmo2aENVb2JoZmNjd3JKUXRYSWtUSHNlelRjN2UwbFRvZy1xc1BGSjBIV2tONU9Fb0tLSWkwVnU0Mnh5NGFDVkZiOUpoT25zejJpUU5qUnRSQm5XWkVlQ3ZVMG9jQmxIdERDUUNvZnNBMVg0ZXBHanV1X05FMVRfdUI4SHEyN1FvR01neXViWDdsYW00eWwzTjU1ZlhsMjJfTFE?oc=5
MRK,2026-07-17,Merck stock hits 52-week high at 130.34 USD By Investing.com,Investing.com Nigeria,https://news.google.com/rss/articles/CBMipAFBVV95cUxQNDRid2dXSHg3ZzNxM3JTTVNyLXpORzQxc0V3Ulk2T2ZuUFVILTM0aWh2TjBxT3hGb0ZJWDNLTzBnVFppRjRFSEttN2VENzV5cWFJSnRRUUNBTTR6ZDBEdkhTenVfbmhtWkkxaF8weVBpdnRZa2NDY1pjT1hDRmZRTVpZSkFJbXlUb1FNdG9IRVlKQVhGdWxWNzBIaG1JZTAwWUFhaA?oc=5
MRK,2026-07-17,Merck Stock Analysis: FDA Boost Sparks Bullish Rally Outlook,The Cryptonomist,https://news.google.com/rss/articles/CBMimgFBVV95cUxPNk5SeHNaRjh0TGZRUHoxN2lEb3VZc3hta0QwTW1Lc2NOcVNRREp5SFNEQWE5aHV0Q0U5cmR3cFJVekdZcWx4V1V0b0J3cUJKT0dvOFpNYm5hLVIwbW5sSVNySS1PMG5GY3dZV3FQYlQ5b1FORWFPMVBnTjRpSzNIaFVucGpnMVBWVVhZNTI0ZmNKSE1xOUM3eXFR?oc=5
MRK,2026-07-17,MRK Stock Climbs As New Drugs And Targets Fuel Bull Case,StocksToTrade,https://news.google.com/rss/articles/CBMieEFVX3lxTE0ycVhob01pRmNUNUJOcGRVdkM2Ty1NZksteW40Zlo0V3gydWwzSUdJUFJhbWNsai1YYmNOWE42RXRVWHRYWF82MmhJSHJ1LUVfZndXODBuOS1NQzJzcm9zX1BzQUxqS25KZUY3Wm9mSHRDRE9MVC0xRw?oc=5
MRK,2026-07-17,"New Cholesterol Pill, Earnings Growth Boost Merck Shares",Yahoo Finance,https://news.google.com/rss/articles/CBMioAFBVV95cUxPbzBsV1IyMTI4WlRuc2hPZjk0VERUTVdESTl1WVNzN203UGw1N0o5dVVUOVFOakRCZzI0RldaSE5ZaFg5U2t2Nmp5TXMwUTdqb2p5TWVFSnBoM05DZmZFMTNmSDRzQTNjNDEyMG5iRV8wRGpyY0h1NUlaU3NiZlVZNzlaNlJhbXlkcUhYSGFoX3FEZW5idXJWTkdCbHUtSlNB?oc=5
MRK,2026-07-20,"MRK Stock Drops 0.10%, Momentum Weakens: Full Details",JournalArta,https://news.google.com/rss/articles/CBMijgFBVV95cUxQVl84ZU9fRlpyZVIwMHBXZVBrZFRVQUtiaHNtc0RWSkoxelVCMWhnSm91eElTcHV0NFVpbE1vaVRRWVF0WVpnNUxrUjRUc3hlV2FONEhjdGZGRENhV1FzaGw4cHBncnV4TW4tT0VIQ2lnM1Q0Q2VyaEpFalNrblYwb1lEOFpxS0pKdjRXbFRn?oc=5
MRK,2026-07-20,[Key Points on NY Stocks] Merck & Co and Apple Decline; Microsoft Rises (20th),Moomoo,https://news.google.com/rss/articles/CBMilwFBVV95cUxPX3pVanJmVENGM3c3MEFsX01uMzRNdW1mX2lxbnBubnVMdFl6QzFPU0NDUmp1OUUyYjI0Vlh6cHFxeDRucHZsamVsOVZjY2tQVzZnakwxQXVIRFoyb295Z0JLNXcwbFZVQzFGbUEzVUE2cXNNb3A0TTlwOFlGUkk2bnJ0QjB6YjczWTY0eXVhOTJQUjRDTGVr?oc=5
MRK,2026-07-20,Merck (MRK) Declines More Than Market: Some Information for Investors,Yahoo Finance,https://news.google.com/rss/articles/CBMimwFBVV95cUxQNENvSVNLSW1xYUtDMkI2RFY5Y0JrUUtYejVLQWFtakVaaHcyVEdRZkFCSXVyUTRqd2hDOG1sWGVhVlgzdVhIUlFJeHJiazhsS2tmUVNIenhsM2Y1LTc4R0w5bXpHTTVhZllCQ0JBSDBNcXo5WERJcFVOVGRVU3YxRUR6SkxNRFBsLWpyZVhnQnhiZjhWaHBWZlplcw?oc=5
MRK,2026-07-21,Branded Pharmaceuticals Stocks Q1 Results: Benchmarking Merck (NYSE:MRK),Yahoo Finance,https://news.google.com/rss/articles/CBMipAFBVV95cUxOQ1ZyMXo0YTZoc1djb3dBdTVIdlZtMUdsbGlWQWdMVFdYS2ZDVWwwU01ERzBJaDZsVXRkVTlveWRxWDMtcXZ2STNENWJ2VTRnUTBuTjMtNWcyOEhaSGJOY0JfYzUtNF9SWnR3VHo4bWNuTVhpUGRxamdpcnhubU9qQ3FxWEFrQlJ3VUJ3ajNRSmtscmM5RkY1QlFTLS1aWmJ3aTFrMw?oc=5
MRK,2026-07-23,"MRK Stock Gains 0.96% Today, Momentum: Explained",JournalArta,https://news.google.com/rss/articles/CBMiigFBVV95cUxOend0cUp5TDJtVUVfS0EyMlJPT0tRWTdFQ1owSmFDVExpMnJPUHVMWXAyNXRjTEFZZ1N3RFVadWZGQjZ4U3N4aEpjNUtYSnVkZEF2ZE04SnhPZFdxaVIySnVvU1BBT0VHR2pjNzdWQldWX1M2WkktczB3NVhsUFgyUjliS1MzTVhad3c?oc=5
MRK,2026-07-23,Merck (MRK) Could Be 4% Undervalued As LIPFENDRA Approval Tests Its Premium Valuation,Yahoo Finance,https://news.google.com/rss/articles/CBMilAFBVV95cUxPTW9HZmFsS1R4Vl9lRDN2eTI2MXZFRVEyZ0R1cTFxYkp5cTd3UHIwa3dTSUNvbjFmbHdBOVVHYmhSa0tkT2x6TlVlYW8tYlk0b0ZaV1p4bWxuWFJENUtEbGt2Mm5jajZ5Nm1WM0lneWFoZjFzalpjcWV5cDltNElYVUhYR0VZcENjMldHVmVaS05iUlJ4?oc=5
MRK,2026-07-24,Merck's Once-Monthly HIV Prevention Pill Could Reach 129 Countries if Approved,Stock Titan,https://news.google.com/rss/articles/CBMirgFBVV95cUxNRzd5bFpnSGpabjZIcF8yeGt0ajkzeTMwWTl6Q0V3OUZpeGpWR3FCaThwT0gxbEh3QkR0ZXFQdTZTbHAtZTBIUTVZOS0tSnFNQnZfZzZIMG5QeGs4cXZWRzNMOUdHSldvdDl6ckZ1RE93MTNKNFByeXdNOXlxRnFPRnVoR2ItVHdkY3ZJNUt3NWhQMnVqaXVjcUxFUkFFMnExdEVhTXFZT2JsVllQUHc?oc=5
MRK,2026-07-27,Bernstein SocGen raises Merck stock price target on diversifying business,Investing.com,https://news.google.com/rss/articles/CBMizgFBVV95cUxNN1JSZmtMcjBKNm9BTE1ER1dUeWdhTVEwUGtVU0hrN3JvS1d0SlhYZUdCMDdUbDF6Qi04SmFIbktfYWN1Y3FqM3ZnRTh4dFlIQ1c0RloxRWdTMFRoN2tRSkZ1TzBsbFMyNDlOSFcxRDc2MHdOVmc3ejk3cHFWZGVnMWt2WTZPUE43NF8xdDZ5b19SaE5fUDdPUGVGR1pOS3lacnl4WFE4ek4tN3JUS3VqUlZ6TW5QS0RYVEFGMy1rNTBmUkpxYlUwRXF1RGJfUQ?oc=5
MRK,2026-07-27,Merck (MRK) Is Up 5.4% After Expanding HIV PrEP Access And Launching Oral Cholesterol Drug,Yahoo Finance,https://news.google.com/rss/articles/CBMijAFBVV95cUxNSDZobDY4Uzc1eThXaExjckJ0QXphOWdDR0I3WExvNTBCZlhBWENGT29MTDdhU0hwNUpmR1k0S3ZJWlhobHhBWmhIeTdXVmwtbXR0bXN2WjdFM3RaTVEyeWN3RVI4X3o2ZDI0anpBbXRyaWFfY3lkQ2MtU3J3ZWNqckpUVXJDd3VIdk9iQg?oc=5
MRK,2026-07-28,Earnings Preview: Merck (MRK) Q2 Earnings Expected to Decline,Yahoo Finance,https://news.google.com/rss/articles/CBMimgFBVV95cUxOV1dQRHphNzRZRHR4RmRnd04xOE1LNFh5RFZGUDlWNVFtbThMZHF4OW5aSUVyVjdMbERFZFB3VTJrVGUwSTVnQXg1MWlLT3NwU0hJZ2RmeDdNaWRQWEZ3VEJHR2lmN3I3a3Z6ZDhEWExScXNOVGpxMnFKYkloS0dfc01rTTRDRnQ5Q1pjX3VDeDkzNXNIM3A4TTdR?oc=5
MRK,2026-07-28,"Merck (MRK): Company Profile, Stock Price, News, Rankings",Fortune,https://news.google.com/rss/articles/CBMiSkFVX3lxTFBxX0ljWkpFS3QtQlNacUU5bm5FLTVlZFRnQzdQbnhVZXlHMzE1NVp4Y3Y2TllwcGJ6Vi0za0JJOXM3UDlpZE5UU0tB?oc=5
MRK,2026-07-29,"Here is What to Know Beyond Why Merck & Co., Inc. (MRK) is a Trending Stock",Yahoo Finance,https://news.google.com/rss/articles/CBMikwFBVV95cUxQaVhFYWt3R252eTZBOE90X1dpQmNTNTFsMk45dEprMTVuM0c4MWtSV0FaX0JZc0FDbHFMMm5FbWpVT0xLMk5JYnlhUTB6UkxjQUhudjZZSGY1dnRfd01PcGFvdkNmS3J5eE1nTUtSTEplRmRkRGVxekltVGlpUXRBZWh1SHFsRHZ3cDNQTVJtZGkyYm8?oc=5
MRK,2026-07-29,Bacterial Vaginosis: Merck Manuals Shares What Women and Partners Need to Know,PR Newswire,https://news.google.com/rss/articles/CBMizgFBVV95cUxOc1RPZGtMNDFJVlBibG1qX3VtMk5pOWJFTTU1bTdCcXFLcEIxT2d5Y0dTLWJxZi0wU3N4bTRxRWVkMDZtcXZrTFhheEtmelI2bDd4TDg3Q2Q0WEpmOTBtT1FpaFFubnFKXy1lT1pNb2d6bmM4MDM5bnpNSG5DdlBpZ2RDNWp5c2lwWXlEY2tDYWhHRlBuZGc2ajl1enRrWmlwSEx0RlJwUktBNXZRQnZPeUpieGhQdlZUZnhtX0NHNWEzdmlRRjFYejdwTlZtdw?oc=5
MRK,2026-07-29,Merck (MRK) Stock Moves -1.11%: What You Should Know,Yahoo Finance,https://news.google.com/rss/articles/CBMikgFBVV95cUxPdTNsaWk4OWNIY2R5TUE3RHlleXYyY3A1d0syM25SRUppVG1GVE96a2hOSWZJUl8zX3JkS28yMWhFZTVtejNITF92Y1h6LTJ5NHp3VFdlRWZTYkV2T3hHNU12VThvb2c0akpqa1NxQ2tiVnRYc2Jxbjh6eVhjSW5UeURJc0ZnejJKNFdhaUo5TkZLQQ?oc=5
MRK,2026-07-30,"Should You Buy, Sell or Hold Merck Stock Ahead of Q2 Earnings?",Zacks Investment Research,https://news.google.com/rss/articles/CBMiowFBVV95cUxPTVpRTzhMcUFGa1FjaFVUblhPRUo3Nk5wU1ZGVlFwTzM0SXppRTlGdzVPSy1LQllfcHRUcmMwbzVSZ2J2VEVrRjNla0tEbXFneHlFOVhiTW5FdkdSdksta19qY1RXQjFfbTNmc0E4OV9jdXYzZmNNaFBWWWM5VHFLS3ZubDZEdGRNMnEyMUY1SjFxSmhlSEoyYjluOWh3WjhHb0kw?oc=5
MRK,2026-07-30,Merck (MRK) Stock Looks Cheap On Cash Flow But Fair On Earnings,Yahoo Finance,https://news.google.com/rss/articles/CBMilwFBVV95cUxQTnZtMm9NNjBiVWEyOGgtSFFSTk0wLWpZYXNCblNLbThVSzJLa3Q3Zi1tdHJTUlNwdFp2THp6dTBjYXVlakhfU0tFNTV1QXFCR29FcFZ1eWZWYTBiRVVqWGZNWlBYY1ZBOXV3RDNFNG9sUnNxZHZoaVFNN0txeVVpdkZEbXpLTmtwR1hvOHczdk92UENsSU44?oc=5
MRK,2026-07-30,"Exploring Analyst Estimates for Merck (MRK) Q2 Earnings, Beyond Revenue and EPS",Yahoo Finance,https://news.google.com/rss/articles/CBMipAFBVV95cUxPd256NkhWQTlrUldPUzUxcG9RaWFCcG40ODNFTTNpeWJ5MWJEdndyZmx2ajVjc0w1NDFDZkpxSzJmWkF2VXljY0kwU1Bva2lIa1JoRWdDcWRPWEZCRXVQTWUzRGZSWllsd0ctZGZDdGRiMUo2VXdqX2w4TDEwRHg2Z1FMZ1Q2cUhiNVRWdGtjMUlZdHBaQmFhZllLUXplenYtMkxDeg?oc=5
MRK,2026-07-31,"Merck: Heading Into Q2 Earnings, The Keytruda Cliff Looks Increasingly Less Steep",Seeking Alpha,https://news.google.com/rss/articles/CBMivAFBVV95cUxNQ1k4anhFdmZyQl9tN3AycmlOUGtfdnRTYldiVFpVNWNFbFNwQ2tQTklWbm16X3k3NGkxVzJBbndUZElNTURaZUVUaHg0Zk5XVXRZVUJsbElObHhId1cxSHZUdmxPRFUyZldRek1lYnlMQlNtZDJTUmhhSVBYTUMyRHFmOUNsWWJtdGxMYTlMOVlfT0kxSzNQUUl4S3RwUWkxbjVRUHM1M0dRUTZhSTdjZHZlUTFjaUpnd2RlTA?oc=5
MRK,2026-07-31,"Dividend Roundup: Wells Fargo, Merck, Citigroup, Carnival Corp, and more",Seeking Alpha,https://news.google.com/rss/articles/CBMiqAFBVV95cUxPTFBxalJ1d2hRNkgxS281YThmZnhHVERpUHVFdmw3LW5haWpSVUpUYWxzcnkxQVgyT1dCZEwtZDN6M25Qd0VreENueUM4QzJkdkNPUDV6aTZrVHFuczc0bnplZEtCRDQ0WWJUZFJ1UVNETnBvbVozT3Q1aUJsZy1zeDl2WjlnTzVqeTh5c2hCZ19lcGllTVh3elJHRUhoN0lOVHNaNHRfU1I?oc=5
MRK,2026-08-03,Merck & Co. Inc. stock underperforms Monday when compared to competitors,MarketWatch,https://news.google.com/rss/articles/CBMixwFBVV95cUxOdjNrWmlsMV9SYXZmcHZKSUExNnItb2RWWlpRMGd3eFBrRldfbm54ajUzdzRuT2NDRGpUQ243eHo2eFZKNzNOMUZYb2RuRk9ST1B4ZWRVUFRGUFVsMWFNc1dTN0V2dTJsVTJJVjh4bGZxamhXc1Vram5pQl9IdGlyS1NnRVlkZVQ1LVlfT3o2aHM4S3g5NnBzWU4ydlRHdUpMeTI3dXhZR0dVSVc0akxvWHJZNDlpWmQ0UlJ1RXlBVDJEQzN2MEdj?oc=5
MRK,2026-08-03,What To Expect From Merck’s (MRK) Q2 Earnings,Yahoo Finance,https://news.google.com/rss/articles/CBMimAFBVV95cUxQbU1ERUNYWElwc1N4TGNKYllrRWVQQ0dESlp0MG5GRElXTnVkandsT01yVUZxTFdVNUR3czl6ZXFfQ2hrQzc4YlJMVGFsQ1pHeDNKWnFicFhyQWpMeTVfWnJOZnNoaUdib3NnOXlUR0QtSTlFYlFoaW9TYzBLRlhVdnpieEZKT21ybFN4M1Y5Wl9WNFA5NW5DSA?oc=5
MRK,2026-08-03,"MRK Stock Technicals Today: Gains 0.32%, Testing Key Resistance",JournalArta,https://news.google.com/rss/articles/CBMioAFBVV95cUxQVXN5djFEZWZ2MXlkSHB6U2tKSG0tVENXUUVmemt5cnllU21LbTF6UF9PbmZGeGx1a09ma2F5dDlEY2M4cUJNaWVqWFJwT2poNngza0xkNmdYTE9saGJlaVptckdjR1lZSmxtdnptOHNwYzVKbXhiWFZLWERVV200LU1vdW9hWnhDVXhOLUUyUU9vTUdLRFY2Mm9xbUhNZDc4?oc=5
MRK,2026-08-04,Merck posts better-than-expected second-quarter results on Keytruda strength,Yahoo! Finance Canada,https://news.google.com/rss/articles/CBMiiwFBVV95cUxPWXZ0Q0xDQmtaVUdvdnZtcGJ3amI0U0ZaX0V5X1V1OWlIaU9maTNBZURWRkI1QVpJbXRwWWhtZThrajZHZm5QeHBOaE8xUGJrWEU2cFhFa2x2Vlp5cmRVemJIaVhzeVo2R01RbkRMWk0tRG9ubkt6U3YwRVZFUWVkSDlUTi1LdTY0ZDNv?oc=5
MRK,2026-08-04,Why Merck Just Slashed Its Profit Outlook By Nearly 50%,TradingView,https://news.google.com/rss/articles/CBMiswFBVV95cUxPbUMwVjNXRXl1REl4NzJTQ0h6ckdtWDVVeV9UTVFSZGFVVXdocFlNSnhXdW05VzM2M2hlci1Qclp1ZVhqdE1IZmlBaGRqNjRSd0RiUl9XVFdZZXdHZmJWOE16VzZTMmdld2g3WDlUNXRwOWM0RlNoVXBKZ1p2MHBxTHI1NTY2Q0pRYWVxTGlkOTE4LUhUaVFxY0prTUNScTQxdmpzNnpneGZUZEJJeXg4RGZvUQ?oc=5
MRK,2026-08-04,Merck (MRK) Stock Revenue Growth Masks Loss And Margin Compression,Simply Wall Street,https://news.google.com/rss/articles/CBMi0gFBVV95cUxNZHNfeWh2QS1YMG5oSHFNTXN6RUpoeEwzNUthV0t0TmhpbElNbTMzSWtaZFJaTElWTFI1QTJ3TGg3WGtlMkxORUpCUGFlaWdxWXg4dTVjbzJNSVhxNGVrSWEyZ1o3V0dSRFNod0FmUkpHWlRncWY1blZfa0tsNDZfbEo5a1Q5WmZXS29JanJCczVOdUhyenZqbUdSTWdmS2xSNzd3VXh3Y0xGMkJLdEU1c2R1UTJ2OGdTVDlhdWhIVktzc3ZZalA3N0FHc3VNbW10b2fSAdcBQVVfeXFMTnBGTy1WTERSN2V2cGZVMjBDQTZpVUtFRTJGNGxOYm1IOEFTYk1HNjhVM0d6MGdaVFM1OHhUakZ4ci1Ib3o4S1IzYmVNWFJBZzluQnBrQTVnclA3VVVNQndpbUNfUzBvU1dpOWNkaVRiR0Noam10d3JtSWsyV1ZINDMxOHVjbnJJZHl6QWZlcno2YWZaN3RoZnhwc0ZaUHFCZDlxZFFYRDA5MnN4dEJldmZpZ19SV2ZuYlRCeEw1R3RUV0RUQWdNSHZXZ2VTaDV6NHk0aUQzQWc?oc=5
MRK,2026-08-04,Merck (NYSE:MRK) Posts Better-Than-Expected Sales In Q2 CY2026,stockstory.org,https://news.google.com/rss/articles/CBMitgFBVV95cUxNU0xyQS1nRVFJbDhYdUtHeXRKanJpczZ5cHNLY0xRLWdyY3lVS2tseHphZVNabGdfZmF4M3Rjalh5VXpxWmVnMWF1Z1FfNmJOMkt0c2NkQ1paaFc5Xzk1QnJkU2pwQW1fZTBvTWxJNGpsaEwtU2FCOGlJT01nQS1hV0ZZRnpNQ1hmeDNWcXd3Y0hkU3ZrMmtDdkhfMlFIaTNXdVVmY0t2VXRJeE1fNFhKZjFlM2gydw?oc=5
MRK,2026-08-04,"Merck & Co., Inc. Q2 2026 Earnings Call Summary",Yahoo Finance,https://news.google.com/rss/articles/CBMiiAFBVV95cUxPeGVRa2ZOajBhRzc2OEZ5OWdFOU9iVlBtUGhJSUdrYUlrVGVwNXFwMERPd25Ubk9VSjRLbWNjM1RSZHBhRjZFbEEtaVFZZGJ2WG5PY3JaUXZ0Uk5hSDBIMGd4Z2VqZ1BiVzBkdF92TWF0QjJkblBIQUQ1VkhvYl93R0d4NHEyekFp?oc=5
MRK,2026-08-04,The Merck Product That Absolutely Demolished Wall Street's Forecasts,Investor's Business Daily,https://news.google.com/rss/articles/CBMigwFBVV95cUxObFkzc2hwX3BiNHRKVUZ2eU1LQjc5M0Mtd3loaXRWOFFEeFJHNUtwb1BrWkREbVJ0ZnhRTU1IZURIN0d3Z3g4aDUyczJWclFJTzdCZXlHMEh3R2tTSk1CbWd6SEpCMk1PQlJOM2xTb293MkFMZGJfemhGbjJrdkxKNHFtaw?oc=5
MRK,2026-08-04,Merck Stock Rises as Wall Street Looks Past Earnings Guidance Cut to Oncology Strength,Barron's,https://news.google.com/rss/articles/CBMid0FVX3lxTE44NllXTVlVdHV3STV2aHduWm9YTFpFUkhaMkdraWtEOTFYRUkwRkpFTkhCQVNVLXNGUkJyQ2RId2dEMnhEQTU0TTBadjdiSUVQZEJvMER4ZzFNbTR1NVZGY04zLV81M1lDbmcweU9NSnlZRktaOUM4?oc=5
MRK,2026-08-04,"Stocks making the biggest moves premarket: McDonald's, Caterpillar, Palantir, Merck & more",CNBC,https://news.google.com/rss/articles/CBMimwFBVV95cUxNeVlmdy1SelV3c0lIT2c4SWtmNG0yYk5ZbnpFOGVOLTZ3U3lvcmRWZk8wUDJYTDR3V3dWTzRVM1llNlNDUTRFOWttcUJRZEVjaFA3bFo4WVNwVWVILVZJRjdsSmpmMEdhbU54TWlaOHpOU056UnU5LUJ1RVpxZFVta2k0VDl3dGM3b04yMVA2MVpDTVJCT1V4aUhpUQ?oc=5
MRK,2026-08-04,"Merck shares rise on big Q2 earnings beat, adjusted FY outlook",Yahoo Finance,https://news.google.com/rss/articles/CBMikwFBVV95cUxOMmFoOWJsVDlqYWsxMnJaYzVXWVZ0WWF6MTRzM3VFa0puOEhNMC12elpScGxzSmdnVUROdFhTVDEyTXJIeWFnQlVubUlJWV9femhfR1prTC1Wd2gxYUx4UHlYY2JFTGRPRVJRVmlJTmpsMXo3cWpYcks2TzlWYm5lNmpsUGtJUnFwZGFCVzJ3VmZXWTQ?oc=5
MRK,2026-08-06,"Merck raises 2026 profit guidance, beats quarterly estimates",Euronext Markets,https://news.google.com/rss/articles/CBMipgFBVV95cUxOclJGck5meDd1T0VnQnluaUNUakJuNk9xa0dWZHFHNDFWWUV0ODJRTk1weTNhVXl2ZHhFOHh3WmxYSXpWNFZCQkJnYVNWVFZCMWtpLVVOOXVUa2NQcW1OQl9HMklzS3liUy1SbjVGVzQ5RU9xYm5ZLWRXV1VSaEpWRUtKMENIZzBWQ2Y3VWJGUXFETzJKNjRBUkNWcWVEWFB1VmtGVkVR?oc=5
MRK,2026-08-06,Merck (MRK) Is Considered a Good Investment by Brokers: Is That True?,Yahoo Finance,https://news.google.com/rss/articles/CBMiowFBVV95cUxPLVNiQWdaYUktUElReHFsNHBIN0VGVW0xOHVqMFg5OVdRQnJuc2dqWU9LS0RPTXZ6MkdXdGN5bmFzbGZwczVhMkw1OVRkRUh6UjBRdlJzeklTQ1VvMUYxSVpwLVdYU1Nhbk9kZGV0eHFtM1E3eWZaeVBNOVJWQkI1RVVZd1BvY2JPWkJvcDExaFE1M0pLNEtTMHA5SkRFZWtyUFg0?oc=5
MRK,2026-08-06,Merck & Co’s Stock: Analyst Estimates & Ratings,Yahoo Finance,https://news.google.com/rss/articles/CBMingFBVV95cUxNNzhjdnRwSTFvS3ZyWjUyQ2NSNFhGREZJVFdJeG9tNnV2ZTVCSWV0NWdXNGM5Rm5rRUhBNU1rRDh5eHFKUVZBZHQ5cWhQMFJRY3JEZnFzUGxkS21TWkFTWGRBNkh4RElBZkFubGNHOGhYN05nenZMNnJjbEtRc3VEUnFYWnl6Y3hNREhfaGZKYV9QaW9IUnFpdFducDJmZw?oc=5
MRK,2026-08-06,"After Q2 Earnings, Is Pfizer or Merck the Smarter Dividend Play?",24/7 Wall St.,https://news.google.com/rss/articles/CBMiqgFBVV95cUxNNVpxLXZmMHVnYVRLOTg5QVF6cDNTZ1RsV0ZRVDljYVVQaDJBcmt3QmdUbDRmcGY3WHdkNkxWRjFpUEtiaXFMc1J3YVBwRU9lY1ZHdG1qSExvN1AtX0U4bW5jNnJpYXBYZzMzWHVzVTJVeDB1Mmlka3ZrMDdiSk1pYVFvZUhTVVBib1lEQmRMZUVNZDVpYnRvUS0tMDJFX3BNQXRoYjdmQS1QZw?oc=5
MRK,2026-08-07,Merck EVP David Maraldo sells $2.4 million of common stock,Investing.com,https://news.google.com/rss/articles/CBMivgFBVV95cUxQeXFkYWtVTzVLcXdBSmhZWlNHLTliMlMzc21OU21JTXRnTkFTcWkzQXhBYkxOa1hqOU9aR3p3NWQyTEo5RzBJRkRUclBlZ3VaZkszRmFIZTRhMm9sWkVLcklWTGE2elBDQVU0MHFBR242ZTVmdUtMMlN4SENjUDZCUVdKUzJGUV94eFhHOHFLQllycFNZdF9RWkl0cDhvSGpIZ1RsWnMyLVFTV2hHc3BVREZhczM0cUdvX0w0dW1B?oc=5
MRK,2026-08-08,"Merck & Co Inc (MRK) EVP Chirfi Guindo Sells 15,000 Shares",GuruFocus,https://news.google.com/rss/articles/CBMilwFBVV95cUxPS3BYNFp5aXJMYkxoOGhERjRRMWhEeVFaSVVDazdCQ3pONW1RSUFJX2NIeDhPaTVzd0VMUHBKeDZ2UFVnSk15ZS1icTFleEItRHNkRUFNZlZqeFlBUWh5blVmSkF2YjM3TlRrZlJ1dGVoWXhySGFSU3RUeEdTS01pekVtaFJFb0s5TWMtTmYtbDdXX1RRUHMw?oc=5
MRK,2026-08-08,Merck KGaA (XTRA:MRK) Stock Run Meets Profit Margin Drift,Simply Wall Street,https://news.google.com/rss/articles/CBMi2AFBVV95cUxPZXMyeXNtVUlmbXpPRmlmS3lzMjNaVFRLa3ZLWkpVbXJucEEwNnlJWWRZcFBUNXdCTGg5X00tb3ltUGxhdDhQTkM4RGtEeGw1amg5RmRFUXlLeGpFbFZ3LWphWTd2dVl6d1plNlFVZmt5V3ZTeVM1SzNubnpMLU05QVBSczhBYkFGVVdWMGdhZ09mTVZpUWlYWFRMOFNXWWZ4Ui0yWkpobDh6VmNqeGhZYlJWWkZpSV9jcmNDbUFDVGtVa1RNVExKRlhTYWpQaF9XMnNudlloZ2jSAd4BQVVfeXFMUHhwQ0o5V3BST1p2S2o0djY5RjZoYklxRVo3bjVmbl9YYWpWZlJtSVJ4dVdZakFRS3VnaDRGX2VWMmdlUzh5SU9MZ002YTl5TmFwSkYxODNsWDg1OXNzVElSc2ZCX0k3R3dqNUVFZlVDQzk2cEhnVE9uTS1udjBIeG11X2QwWGNtWDhnd1ZGUW9MdFFDamZmOWctYTM0T3VLZW9Ia1BsdHAzM2VPWjJoTWZzTjVzNzVSYnJ3ZGFvbUFVekpDNDAxTllhaHdTUUd3dlQ3SUN2dFFFdFQ5Rml3?oc=5
MRK,2026-08-10,Scientist Whose Research Led to Sugammadex Joins Eikon Board,Stock Titan,https://news.google.com/rss/articles/CBMivAFBVV95cUxQaFBJM0h3dlFDVUJCWk1pT2V0UkRxYTV3OG5LVHJVbnVhYTlaZXFJMkUyUTFUMG5KMll3WW11eG1xV2dNOS1mTEVFR0FwQi1SMWcxQWxXSFlLZUlfR281RTU5VUdfb0s1MkhSWF9RUUpYR2dTVm9haUhYU0libml0UTFkSHgtMUtWNV9wYlgtYjViSjlIODlubzVBdFdJSkZWc2JRTnI0WDZVUkNuaUNBcXVlRmFOUUlIUzU1dw?oc=5
MRK,2026-08-10,"Merck & Co. Insider Sold Shares Worth $788,773, According to a Recent SEC Filing",marketscreener.com,https://news.google.com/rss/articles/CBMixwFBVV95cUxQaEFBSWlKYUFSMzRNV2ZyZk01MnI5Nl93V25ld09sX3ZXZ3pncmc3cEZHd3QzSnBzbnpSeTFyVDB2OHJWTXRlOHd5Z256T1BBWndKYVRpejFTT1h2RXZBTjItZVhMaldENU42LU9iU0ZTSGV2MmxRc3ZxMnpVTThUZkZudWtmcjhIVGVHTDFGek1mVE1Pa0k0R2ZnTVA2aUhxSzJ1OU93eFFKVjFzRktLVmhWM2MtQlJUV21IeC1uTWJXOGZ5aHVr?oc=5
MRK,2026-08-10,"Merck (MRK) animal health chief DeLuca sells 6,050 shares",Stock Titan,https://news.google.com/rss/articles/CBMiqAFBVV95cUxQQ1VZTk41Q3dENUdSMlBzSUV3N0cza3FsOHJRQXU3WWxxYW45RkRyTm8xcEVXWUI2NXRGSG5IQmFxRDhiUHZvc2tHTEs2VlRtU1lfQm9kQ3d0RW9rdm9UTmFjNzBoMkx3cW9JSjE1QzlMT3oycDFWeVl5aHhLeUNER0xxVWdJNGhZNnNQcTRqUVlaLTJUVjRXbEVPekgxNVhBMEZhUERxT00?oc=5
MRK,2026-08-11,Argus raises Merck stock price target to $145 on portfolio strength,Investing.com,https://news.google.com/rss/articles/CBMixAFBVV95cUxOdEZIamxtVVV2WnEzeUUtUTRuNzV2RTJQbnNLV01feUJzT1g5SDBfTTVZaXFUMEZ6OXlBeFc0RXNvNnR1X214MlNsdE9IMVF0YUQzTUJRUExfRjRQNTVERW8xY2c1ZzIybldKTDdjMFM5Z0ZGbzNMVENiQ0hqMUY2QUdNd0J3aDNMZ3JnN0tTRFpabmtkWEZWSHN4TGt0MkFJOHY2LWwzeUJURE1SV2RBUE94NGcxa3dVbzF2VDVRWkR6b29P?oc=5
MRK,2026-08-11,"MRK Stock Up 5.6% in a Month as Estimates Fall: Buy, Hold or Sell?",Yahoo Finance,https://news.google.com/rss/articles/CBMijAFBVV95cUxQWmxfR25CSFBEZVhURDZNdVJmTW9QaTZvOGJta05rbnlKZ2tPY3FqUmswcjRFdEl0eGJIOE04bHhfRVdyYmwtWk9rVnYwM2FiRVRhbjg3WHRqLU9uV2dYMHlkbHNBQ2N5SXQyZW54OTJyYS0wMmp0NGt2WnlxTTF4QjFadkFVNUFjRkQ1Qw?oc=5
MRK,2026-08-12,5 Insightful Analyst Questions From Merck’s Q2 Earnings Call,Yahoo Finance,https://news.google.com/rss/articles/CBMingFBVV95cUxNel9LQkc0Mzd6ekM5eXBFaV9kNmlURlh1dkZ5QjhCejZWSnozYVRlVXN2YkdFZ2tDWG5kRXdHdG1WOWYwajB6TnhuUXFBcW1aOHNRT241UUVjN3hlV1VoeUtQd3RsOW1fRmprdFhMWFM2V3JSQnV4Tk9xTnNGZVljNTJpODNrakNhQW1oRnBwMk1sUWJOODlzb0JJeFRndw?oc=5
MRK,2026-08-12,Merck names Bart Gourley as chief AI officer,Investing.com,https://news.google.com/rss/articles/CBMiqgFBVV95cUxQRFlkQTF6N0hPTWpMaVd2a0tGYVp2elBtTGNOQWZRcUZwa1FEVGMyMlB0eEEteEtvREtCYWxVMHNicVNqcFVadkhRbmdiZ1hobXd0M1BySVBNX1dRYVQybDJGNVZCeWRMTVZ0SDVMck5za3FYZ1RsVDVJVTB6Y3pxc3RtYlRFNkJpMFBOam5lMGNUSmk5UkZGT0MzenRNcmZQdUctWm5HRDhBZw?oc=5
MRK,2026-08-12,Merck Shares Rise After Daiwa Upgrade,marketscreener.com,https://news.google.com/rss/articles/CBMilAFBVV95cUxOOW9XSFBFbXMxeGxRZlgtRzN5S2hvTW53RllmdTJkMDlDcy1FQllkbkg3bmhtSmlpUlpHMG1NV1V5ZHJlTlNFdmxya1JBQWIyQlFZTkVjeVFhSnYwNHhvUnJuRnBKZHNUQ1dWMEJ4N1pROVMzb19OallaNlFXOTZtQ1pLcVFmOUpfS09xV2xJR0FyQW5N?oc=5
MRK,2026-08-13,Merck (MRK) Stock Looks Fully Valued Following Raised Revenue Outlook,Yahoo Finance,https://news.google.com/rss/articles/CBMilwFBVV95cUxPU042bldGWFFKSW9sSEN1ZV80YXViT3FqSTVhdnRuZGUxTkZXRWNicGxTN1k5N1ZqeHY5M3VwOGJIbDJDbnlpS1RtUGpWQnBoUURNeHY1YTBadElXdWhTNmpVTU1hTlMtQnlnNWd5eFpnRTNUTFQtekpSbGR2OTh0NXF3RmhPUXVNRVNwV3dLanM2MUZfU2Jj?oc=5
MRK,2026-08-13,Merck (MRK) Stock Fair Value Edges Higher After Analysts Back Pipeline Progress,Yahoo Finance,https://news.google.com/rss/articles/CBMilgFBVV95cUxQRmJUYlhKeG1tVUtWeEJyRTRJZE81SURjTnlNRmFjMlMtYTM0X3lVQWtnY094dzh5bTZ1Snk4VzZoUWNWcW1yZ2paWXJ0T0ZON0E3VHpkVEttb1dma1pmUUl2MlltaF9EVzBFOGpJWTRTMzI1MEpGRS1JREQ0dGdVVUZjRGN0ZWR1by1EVVBoNXlOeC1nb1E?oc=5
MRK,2026-08-13,"MRK Stock Gains 1.92%, Testing Key: Explained",JournalArta,https://news.google.com/rss/articles/CBMilgFBVV95cUxNc3R3M19yV2VaaGY4LVFmdGVCUDFqNzlnTUlTV1B2THRMckZ2bzB1Ql93cEdwdUNIUWpSblVBQW5LRHg3VDZKT3pjczZad0hYSUpZc0ttdWp1SWNFYVVBQWZTMVB2X2VFNXlieG9ETkVhMVlhZHY1SXFwLTBPS21HRzBIOVhadEMyYTFXZlRDVjJ6OWJkUnc?oc=5
MRK,2026-08-13,Merck stock hits all-time high at 135.11 USD,Investing.com,https://news.google.com/rss/articles/CBMioAFBVV95cUxQdEpTUXBKRW9IOEpRX3FJeUY4ZFdHSzR6LTdQZDJiblJfLS16UF9BZ0VMTjNhQ19ld2RuTnJFckpGNzJPcjRqTU1PLUdGNm5KYURVbUdUZXpVdlRvREpLdG42Q2E3dmFsTnlpZXkzQ0R3V3ZTaWllajc2WVNpLTFvOVl4eFhxUGZZZ2hmTms4OC1WMldTekVfWnpFR3NzOTR5?oc=5
MRK,2026-08-13,Merck Insiders Sold Shares Worth Over $12M,TradingView,https://news.google.com/rss/articles/CBMipgFBVV95cUxOVHFibVVBNzhULTdWamlRQ2lWTjJVUlJkUzFSVk5ILU0xTUdpZmxOaWtsWjh2Yk5iZ2FBd04wOFVlaHlmZ2tlMEVxaW9JX29LckhZTlRNaEtVWWU1Q2VCSnNQUG5mZ2tyVWt3WjdhdlIxQzlHOUxQdHpDV082c05CZFNoUWdFSktJMFRyQ2VJUXlLM19rY0JCTVdfbE5zUTBWdmZTaGh3?oc=5
MRK,2026-08-14,"Testing Key Resistance, MRK Stock Gains: What to Know",JournalArta,https://news.google.com/rss/articles/CBMikgFBVV95cUxNRzVzZlBseUxqcTZVeEM3YUNhSnhRSTV5ZFNlNlk0MVk0TlI2NXFxMWlLT1NYUWZTdG9wZG1TMFZ6T2FLNnpEcFZiMlJ0LXNha3pQVXFGdXVmVW1EaWw2ZzhYaDJ3eWY1MmZtNlN4OGVfc3VCck1JV3JRc1VSMnh1WkYxOG9COWNYNEFHT29vTGg3Zw?oc=5
MRK,2026-08-14,Merck stock climbs after a $16.61 billion quarter,AD HOC NEWS,https://news.google.com/rss/articles/CBMisAFBVV95cUxOay1GZmQ0R3hwYUNpODl3eTVCZjhkUjNTY1h4MUFvTWRJUTllOXMyQ1A1bGRzZFJwQkdLZ0tIVjlKOWlIUVMwaFEyVTB2SUpzVkpvMnJaaUZfWDRQU1VxUk1DY21DclNKN1NlQmZOdldvSDZmU1lUXzRSbjdOdHU4Y081NVZhU3MtVlVXN0hPZXFET1lwaEd2cmxPcnNnOTZnOU1xUkpPQ0Z2SzRkSkRVVw?oc=5
MRK,2026-08-14,"Merck EVP, general counsel Jennifer Zachary sells $10.7m in stock",Investing.com,https://news.google.com/rss/articles/CBMixgFBVV95cUxNeXVOTUlXbEtyOGRPc1dxd3NmWlY5dW1YUnRSLWVtZEVGQk82T1pDeXA2NUI4RS1EZWVvaXQwdWNNSXdZTFJOTGhZc3BtZTQ2bkItLWN5LTVhcTJpOFc3ZVdSSjZEd2JBN3d2cWcxWlUwOGpKa0M0eDNmeVRMWGpObGNraV84RVRSSVRKSjlmOEt3TjRKRUJUZlR6bEE2cklCQTRUQ0xTcm5fTFkyTHFTQk14TXZ2ZnlqSjVHOTk1SWhOLU5YSVE?oc=5
MRK,2026-08-15,Merck EVP DeLuca sells $5.9m in stock By Investing.com,Investing.com Nigeria,https://news.google.com/rss/articles/CBMinAFBVV95cUxPSWpRY0N6RW84TFlLMGhIUF9NcjJXOTRXX0JPMDFpNEM0dU5sdHAtV1JpeE0yeUU0c0t3QlFlcUdvMmdWVThNSWNQVkJIU0REcUhfcDRSR0tFejFkNHRNamdsOHJzTW9yRXdXaHptU3djZzNxODBLZXc5LUt5Sk8xTUJDYy04UnZmeHh6N1VaSGRRLWhPVlZ2dEFfTWg?oc=5
MRK,2026-08-17,Merck stock trades close to its 12-month high as Q2 2026 growth and Keytruda momentum support the ou,AD HOC NEWS,https://news.google.com/rss/articles/CBMiygFBVV95cUxOTy1kNHZuTVdHM2ZSSWdwQWNheUdmcXhhbnJORmZlblFodVp2YTFWV1BwNVdGNVBUYzdkcDRhdVVqSXFXYmxhMlNmT0poUXdFSHA4MzJkM20zNExva05nS1lMUlRzQ3BmbDZUcS1xcjFOYy1NSkthOWNUQnBPODljdkxGcXFNT2p0LXdkQk5CemowbHZnX2ZlXzNJaDJDVGo4MHhtYng5NG1HOWlqRnZkaUpkRVN0eE5xV2RkX3M5dXdabGVNWXZ3Vjdn?oc=5
MRK,2026-08-17,Merck KGaA (XTRA:MRK) Stock May Be Below Fair Value Despite Fresh Drug Pipeline Funding,Yahoo Finance,https://news.google.com/rss/articles/CBMilAFBVV95cUxPa01mRDlGdVNUWEEzNWhncDFCU1pGQkRWRHdMa3hxRE1EUUJVSlhEWUQ2a0xpN0hZMThpM1ZVb0lnVURTNkdGbjJ2a1ZuQzQ0a3d5OUR6dS16T0JvZjhNQVhqbHJRREp0cWhlVUFFMUFoaUlPbElJSG56TW45SjNnM01LekhOTlBueTFRRGwyeXdrQzFj?oc=5
MRK,2026-08-17,9 New 4-Star Stocks This Week,Morningstar,https://news.google.com/rss/articles/CBMidEFVX3lxTE1lTnluTG10dUtaSEJUcGdYbk9JYXNuYmc4ZnV1SEJ3alJWTDlnbGVmbU14ZkhmOXZBNVJGNWl3dTF3V3lZbWxtSE1fa2hRcjFzYWFDeGdfNWM1UUVVUGxKU0F0bTBvU0JLNnBMbVBqcW9XZ0tD?oc=5
MRK,2026-08-17,Resilient Merck stock trades at a 12-month high as fresh FDA approvals and Q2 2026 growth support th,AD HOC NEWS,https://news.google.com/rss/articles/CBMi0wFBVV95cUxPNkFBczBNS0I1ZDVUQUZBeG5UZzNNdTJLY0FYNXpwaW1Ta2wyZFlrczJpaUtWODRPLUpaOWJwbnZvNExydHUxNGd4VnE0MmNTajFfQk9ZN2VpdktYNDc5RVJFRVFNcTd0dkZUVUhnbUsxZEEtWmtWN2l2aklaa0pYQkYxMWFRSTVaclFPT0czbWdGdVhkOEh2OHM5dEVzSUszS3gzLWVYZHNEbXMzdHlCTV9MMWxFWUV5YTBhMGphYnoxU1h1ZFVxZFZGRWdvUHJaeDY4?oc=5
MRK,2026-08-18,Merck stock hits a record high. Investors track valuation and growth,AD HOC NEWS,https://news.google.com/rss/articles/CBMiygFBVV95cUxObGY4ZkVPZ01yT1JDbFBwbDRBY3Z3T251NVE1SmJKMlZzTWVRUFJSWVpBZVFCZFlhb0R4am02MllRRlJmOEtCQmZmZTlwSktXT3JING83MmE3QXdYZmIyZzVEWDFUQnRuMVQ4TjlpQ1J1cEZrNUNMZW9td0xVc1BDUXhyYmpjYXk5OG5LcGVleXVDNWQzVHVDa1libHpIU0ItemZ4OWNxeXROYjUtdlBfOGlfU3FQRWRUNGE1aTRXYUQwcV92S2ppSmlR?oc=5
MRK,2026-08-18,2 Dividend Stocks That Are No-Brainer Buys in August,The Motley Fool,https://news.google.com/rss/articles/CBMimAFBVV95cUxOQkxka3pxbFZjZFdiWUVBXzBQOVo2N1hzM0tVYV9KbkZEZ1JNMi1vTUt5MW1nT1JYSWY1b2FQX3JDcUtOVXd1VXFjejNWSXA1aHVTRWp0bndWcHhJRTNudUNMOXFSZV9MV0pTN0xTc1QzRFdwb3JaY0txM2Iyc3RuYUpLVktvZ0hJSzhZUDlSUFlnUHFZTVdFcg?oc=5
MRK,2026-08-18,Resilient Merck stock holds close to a 12-month high on oncology strength,AD HOC NEWS,https://news.google.com/rss/articles/CBMi0gFBVV95cUxNbjZhTjNjdUxFSzE3ZmNjR3EzNTZSdDQ2cGNfb0hKNlhFOE0wTlM0WHJkLVdiUHZhRG9VRm9iYjdzcEp6VVlKY2V3QTc2dGttODQ3Z2dENElXcEltc0hmRWJrQWJWSGNsYmZJOUFPbHJ0VmU3bzBJVE4tMzFqaW5tNlh5OW5GRWpJMFNuaHNnb3FUMjBmT01wQmxXbU1FMWpOanctTVhTcThueXdFUkhha3J1eVV2M3RZb2Z0T29QRF9hTFNTUUstb3pfVVM5enlMMFE?oc=5
MRK,2026-08-18,"Merck & Co. Inc. Takes $161.64 Million Position in Moderna, Inc. $MRNA",MarketBeat,https://news.google.com/rss/articles/CBMirAFBVV95cUxPYkszbWgxdWJWV0dLaWJvNmtTQXdCVWgwdHdHdzJfQ2pfNjBFQ3dRbHRMaXhkVnZRSWstZTdLU3pxRHgwQ0pjT1h1S21jR3MwaWFjOFNtcjFUZDhEQ1RHMS0yd3ZfNERlLTdMZ282a0JVbnhKOXZ2NzdBUW1jbm9FZjhfRFdYVmFqaXh4OW1WWldzOTZJajlmNWszdVQ1VXh0cjFMNWpFSnphNWtX?oc=5
MRK,2026-08-18,"Why Did ROKU, MRK, SCHW Stocks Jump To 52-Week Highs?",Stocktwits,https://news.google.com/rss/articles/CBMitAFBVV95cUxNdDQ5eUo5RmRlWGhDZVJmY1dMb2ExOVdDejdIdFBqOFp2VFRGbFZsdGVhcmJFRVhEZFAybmo1amh5X3JUV2VXbXlhZF8tNTJVMDhtUlBoS0loWUN5NWFVdFdhV0FSODh1OHhIU0ExQWVIWFNJNF9GYnFmODhPNG1udU0xem9SMnJ1M3ktRm1sUDM0aHg1M2hKeDhhSU16QVpQbkhIWTdhOGFheGJjOUR3S3B1Y3c?oc=5
MRK,2026-08-19,Moderna's Cancer Vaccine Win Is Merck's Story Too,Benzinga,https://news.google.com/rss/articles/CBMirAFBVV95cUxOQkF5NWNCc0dZZU1OR2NicTFqczVVSWJTT3BWc3NwNUs1NDVXdDdxQkxyOGs2THE5UDlfM3dib0I5VE12VkZRenVrdHJiLXFKQzZDVVg0NEhMOTdDSHRxMHpXYmhPWklZOWhFU09keUNUWVZuM1JuOEN4U05WOTVKWUZpYTZoMlQ4ak1pVWpjTUtURS1hV3VUUnhTenlNLVpaYTNvdG0tbEVHQmJW?oc=5
MRK,2026-08-19,Bernstein's Courtney Breen talks the massive rally in Moderna stock,CNBC,https://news.google.com/rss/articles/CBMirgFBVV95cUxQSHo1cFc1eE1mUWxIdVpzejU2ODVKYWt3YTZNMmZLTjFkcGpqS2s3UWc2WEZyNHJ1VVh4VExXSmZrczh1OGZ6cFQ4ZjJndlZxVE56czVQWk9Id21fOXdqY2dUd01wX21MMkNKcVNDX0J2b0V1b2prbDlabWVOWHVPdTZFa2IySXJ6LVpycHV6MVZsRHQzdnM1TEl1bXFJekJYZTlkM09nZTAzNEI5akE?oc=5
MRK,2026-08-19,"Healthcare Stocks After Hours: Moderna, Merck Cool Following Cancer Trial Gains - Pfizer (NYSE:PFE), Mode",Benzinga,https://news.google.com/rss/articles/CBMiswFBVV95cUxPR2plNGlscG1pMzZ4SURnekZFWkhDYnV2VU9XSWpGWkhsejc4S3B3ZXVSSFJSNnRRaEEtQldVd2V5TU92bVFHR2xETlducFc0bHI2NmZ5d2ZRazVVREw4dzFUOVJFVk5hLUdCRlJMTnpwM19kaFNIdnBWTW1mLVpZa1lpM0xfcmxidFlobFlQOXF5LUtORVBEaUNSc3NiM2JpRzRqR3Q2RW9rN0ZXVTROd1NCMA?oc=5
MRK,2026-08-19,Moderna's and Merck's personalized mRNA vaccine shows real promise against skin cancer melanoma,Fortune,https://news.google.com/rss/articles/CBMirgFBVV95cUxOSXUtTHIySUdNYmxOSHotLVdCdHZtMWYzUDYwbWZfNWNxU09NT3hoWW42bTZUV1VtNFprbEdveTNEaWVHNHN1NFJjQU16NnJsNlJTcFBPc2dsM3oxSWlFWjRzTVByRlN2cXE1TGVYNEtjb0ozd0pLRlBrLUVJSEl1Y0JKMVByRWc3eEM4NVZlMGlsb0dnWFdOb2lDY2hiV0t1OEl2VnJMbUlOSWZJR3c?oc=5
MRK,2026-08-19,Moderna Shares More Than Double on Success of mRNA Cancer Vaccine,WSJ,https://news.google.com/rss/articles/CBMisAFBVV95cUxPRTk3NVU2azE5bE52RjBLSHlDdTdrQmM5QXUxSjZ6dVFrMTd5MUFoVUQ4c3ViYVBTbWhfSERUSl9CVEpXSmVzZ0puV1BmUkk0QXpCN3VKQy15dVVlOG9XVmFSeUdGLWktVUgxc0hudWFOTnJ2MXI3aFFqSi1yXzVxNk1GdmlPbzQ3NmNnVnpJNk5hb015VTdfdl9DS0Myejl5bWJqMGRBZm5ITURFc25iYw?oc=5
MRK,2026-08-19,Cancer vaccine shows promise in late-stage melanoma trial,NewsNation,https://news.google.com/rss/articles/CBMihAFBVV95cUxNeXlURDNxUVRzbk1Sck12RFF4akdRQlhKNXV3c3RySlV1UTV3R2Y1NlpSMG11U0txeEhQbmxCdTdQc1FCa1AyVXJBUVp1NmVyY0hmWndWY0tkU254aS1HakpsLVRvTjJGVzVSMzNBVzRLODNPajV1SjlaOXFFalhOR2oycVTSAYoBQVVfeXFMT0NwbW9DakxobG1Wa0I3cVhLZ2tDNHZabEt6Wm51MDd6ZENqcVRVdV9MMUlIVzhmSjE1dTU5cjNQVW90ZlZQR0o2R2Y4TEV4V1BjQ3BwWE1qZ240ajNqdWd5UTQzd0FtSmRnQXJZMUQ2NWNVWmdIWV9KcWI5cm56MC1XMThZdFJxQ25n?oc=5
MRK,2026-08-19,"Moderna Is Now S&P 500’s No. 2 Stock This Year — Wall Street, Jim Cramer And Elon Musk Cheer Cancer Vaccine Breakthrough",Yahoo Finance,https://news.google.com/rss/articles/CBMijgFBVV95cUxQTndyNlZmUFhXVnZsZWxlWVo4MU50MjZRbVdyOGt4Y1lIYUJ4VVZmQVNjbmtHU2Q0UkszZlhMV0J1a1NkczNyQmx4X2E5eE4yNWpwV0E2cUVyRmRtUnQ3cWRRblljQVdHUDM0MU42THRub09ib0tXbjJWRXdSNEd5VXRGaVNkWXhQQklDTlpB?oc=5
MRK,2026-08-19,Why is Merck stock surging today? By Investing.com,Investing.com UK,https://news.google.com/rss/articles/CBMimAFBVV95cUxPc29zdnJqeWNPTS1NaFF0SWJGR0pWaHk0akFmWHJvTTJ2SVNzcDBFRGFUeW8tOFRZS3UxU0dROXBrOUdha3RuRjRpS2tDQU1kU0RHdVBvVURnck16eHYwcTdQMTJiSDR4aG5SZG1neHl4b2xnMnhTMVlQLUFYUkpLaVF0N3R1UWc5QlNiUzdyUzFfdUlFZnpPWg?oc=5
MRK,2026-08-19,"Biotechs hit a post-pandemic high after mRNA trial win for Moderna, Merck",Seeking Alpha,https://news.google.com/rss/articles/CBMimgFBVV95cUxQdDlEMXpnRWlzWllhMDVxcVZjWnNTa2VreXUxZDJNM1c1d0d3bUE3YkFZUFBZQU9sTGJPSGp6ZUdRMXRnV2piaFZxUmxCNWdNbWNUeFpxUVdvSTg2VGtCdlJocmdyOXZiMVJkZUVtVlBpLTlpeVJwLXdtdjBuNTMzdVI5Q1NvTlFKbERZbXA4b0l3TS1RY3hla2Zn?oc=5
MRK,2026-08-19,"4 stocks to watch on Wednesday: MRK, TGT, MRVL, and DUOL",Seeking Alpha,https://news.google.com/rss/articles/CBMilAFBVV95cUxPQlVabHA1eEVlMG5GSUU4VFVYU29LekVlN3JVWU1MRUYxT0VzU19vc3pTNUp4ZUNHYWxOS1puR0FPMEpIaE10Yl9vQVJ2YW5WZ2o0QkViTmsycWJ5Yk82dHZYQUZaR0xwTlZXV3praWdXQ09QeUV3anh6bng0QmxfUVBGdlEwR2dnekxNdWlTaXZqZEw5?oc=5
MRK,2026-08-19,"Moderna’s experimental vaccine prevents cancer recurrence, in ‘historic’ win for personalized medicine. Its stock soared.",MarketWatch,https://news.google.com/rss/articles/CBMiowFBVV95cUxOWE1Udkk0ZjRFQVFqRTFtRUNIeTlKcGtpdDh1TkduS2Q5bk1BMzJoNnExX2lrbktQeXM0X1JFQWxxUnp1aGh4MFhhMjB3R2lWMUJPczB6Tk00TklSV1pmczhnNFU2UUZ3NEVEZ1hudjFaclNRR1Q5YzIyZ29kQkpETkw1cTJaaWEtd2g5bXBBSGZidEJmSzNteXZudXozWklLTmY0?oc=5
MRK,2026-08-19,"Moderna, Merck vaccine cuts recurrence and spread of melanoma, raising new treatment hope",Reuters,https://news.google.com/rss/articles/CBMiwAFBVV95cUxOV1VaQ05TQmRfMmJzTUkwU2puSHBUcE9FdzY2OW5SaXVFc2FpR25rclJEY1NHS1lrYWdaWE5OUVdhZ2VfTGVHak45akZnYm0wbEZVdXpOYjJEYkpVc3VXaDRrQnZBMDlJbWJLZUY2M2dFc0lycDc1LUtiSmxEWnlsVThSY1RRRG5WM050bEZLR1puWlhDMGlJczRZM0tXb2lHYzlSSmxTRFlQdm52THFDbG1zZlBWLUNUZG9qVjFoQlI?oc=5
MRK,2026-08-19,"Moderna, Merck cancer vaccine data 'a great result, but not entirely unexpected', says Simon Baker",CNBC,https://news.google.com/rss/articles/CBMi0gFBVV95cUxNTmpZckc3WTNwTm9vS2NDbE5vSzlqelZtT19uWjNRdjRoUk51NEJiM21OZjZ5ZG1CUWNpbm5Oa1NYNHgtZExqVUp0WmJBYml4b0txbjJIUk1wSzR2N2Y3dUc0WmhUTk52RU1NdDQ4aUlNZ0EtSDFNVGRuWk9VcU1wNWN6akxJYjNvbFBFQm1qUV81NThQTFl5RWY1QjFlLTB2aUVkYjhWWGdtd3JheVpZTUVTQjJDaFg2djBDNG9kVHJNMGJuOFE0Y2xKRjB2Rjg0WXc?oc=5
MRK,2026-08-19,Can Cancer Finally Be Beaten? Moderna-Merck Vaccine Success Sends Moderna Stock Soaring,ascendants.in,https://news.google.com/rss/articles/CBMimwFBVV95cUxNV2JPdFhWZGU5cTdHYzYyTGc5REZDYUFlV0ZSS3RnQzNoeV9VcF9VeU8xTlJoeXhuNEVWMXM5c0JuandCaFFsZmhIUjF2V1R1M1h3NkJobFZHRm5tSTlTbEtlTGhpSTNtemFTYk5LRFpwSWRsLUVoS1hFTmt2ZEctdDF4VFhOWVFpcHoxeHVZNVIzUjE2Vlo5S1l5Yw?oc=5
MRK,2026-08-19,'An increased ability to be disease-free': Moderna CEO & Merck's Dr. Li on skin cancer vaccine trial,CNBC,https://news.google.com/rss/articles/CBMizgFBVV95cUxPZ3pWaDV2TU9LalEyMVpxamFyWmVoQVBUU3JWLVpZblh0THh4aUFxekg5S1p2VTQzNTZDa1dLbFUzbHFzb1B1Mlh5OTIzazV6U1g1NTdtcEYxNVp2MWNxNjJJSElLQkpKMjVvbWRERGNJMk1KSEpmc3RvaG00eWhyOFd0Q2Z3ckxjSVl1ZVAzTk5WQk9QMU9FMlBidk5ORGhHMWpLa3RMWUhMbXl3NDZVbllIWXBJUWhMeVc5dmFfczdaY1lQLVZxMzVkNlNTZw?oc=5
MRK,2026-08-19,Moderna's personalized cancer vaccine shows success in Phase 3 trial,The Business Journals,https://news.google.com/rss/articles/CBMijwFBVV95cUxNdWhySjBlR09feGUwTXBJMDNlbDNBeWhMS1E5dFJCdmFLeHhmdzN2cmJjY2dRUUhob1EwcHl6WXJmRW13UGU4c092dWZmSWFMWTFLb0haeHVZdzV2VlRDWXBYak5aQi14aFZ4NzdjUGdwbFBjbDYzcVU4blNhVkJhQ3ljbUdRTTVtMDFRNTN4SQ?oc=5
MRK,2026-08-19,'Breakthrough' mRNA cancer drug curbs melanoma in large trial,France 24,https://news.google.com/rss/articles/CBMivwFBVV95cUxONzZJVGRiM3hPZklaOHc4bU9YNERZNTRqVnBpYmlzWHZPLXhHSFEwSEJvRnNzdVB5bWRMQ0d5bmExemJPLUI5UXZKV3FPU3lsTlJ1Nl9SOXAtOVpobWNDX1pJeGpHZEdKSklPMEJCWHZqQS1oYXNLclM0MlExN3Z5YUVwdlFDand0VDdPNnZBR25Bd1E4ZXNyUXN0UjYtUU12TlRPRjA2dFYxTHh5czRsdEdoZVVjTmNGa1pETlJjOA?oc=5
MRK,2026-08-19,"Cancer vaccine from Moderna, Merck shows promise in late-stage trial; both stocks soar",CNBC,https://news.google.com/rss/articles/CBMipwFBVV95cUxOUlktR2pLY0JiWFdHWWtNb2ozX2ltdUZPV0F3SlNud0o5aUF0Nk16bEZjTU9yWW1sd044bnlwYWxrM0pGaDE5TGRQS2hlWGNtbVJIOF8zNVpQOWF5S1FMUXdCeV85Y1oxOG9Dck9ydjZGcGN2czgxOE5aeFY5Y3BVVExITTZpY1JUbG9sMHYtZmpCRzZGa1dGNUJBR0JvTl9TRmZ6R0NxSdIBrAFBVV95cUxNSDhhdThuTXRTbkNHRzIzVklfb3M0S1pjWWFSNTBhal9GQlVWZzBZVkpDeEVlREc2eEYyNTRNSkdvSzZ3cVBQanc3S012LWZocFVoTXJNMHVJaHFNSFBlZG1vMFZ3eTk0NzhSUEdXSGR4QXY5N1o5Q1FPN3czNTFHOURrektERU02MFQxRmMtTDJrNFhDeEE5OHBFVHBHRzRCeGZZNjBjV3BNZmVY?oc=5
MRK,2026-08-19,Moderna shares climb over 150% as mRNA vaccine with Merck succeeds in large trial for skin cancer,livemint.com,https://news.google.com/rss/articles/CBMi_AFBVV95cUxNclZNeWxJTnJzbm1Nd2lERkxwcXFtVmZtZ1A1bU52dmd1SFN6a2I3VnZfVDdweDhoOGNjaF9SVWduMFh4N01ENFl1eUNCTDFxancwcWFvWHpxTUdaaTFTZVUxUG5IMUFTY2RoWC1vZ2ZoOTVLQTZCakI4M3BKX00wd3FTNXo5OFROeF9WMGZFN2dVYUotMVlpa1F2M1V1eTBKWmg0eEE0UkdZaFhPUEh3ZTNwdGhtWVdxenBaZmFuQmxwdThZRzNPdHY1NTlxdXMwOEQ4MXFPSEREY1NLUVRveko2M2k5TlN0cVhqNWgydmFzZm9mRW16V1JHWTfSAYICQVVfeXFMT040NkFWMFZiazAxM3FPRUpwRjJ5amVCVndJanBGQ21XNDJ2TEkzLVVvR1l1d3FwMEZyeEtCUXpqbHNyX2taLTNJYVdfS3RzNExWNlVaOU1IVmFwNm9GaWQyMzh5c0I0RVlpc3MycGZjWUI4VmRIcjljTW52alJnSEh0aVFoQTRPQ3F6dUtFdmFyN1VTem5kSGxPeGMzNnh2NE9zeXFMTFZJU204ei1zR21ZSXI0RmhGMnNQYk9Gb2ptRUlRUVZKZ2JLd24xTXBncnlPOGZjcmJuaGV3TG9iNmFUUkxtS1BlLXFpREVkVXc5SldwLUtCX1psNExHd1NscUR3?oc=5
MRK,2026-08-19,Tempus AI (TEM) Stock Rockets 24% Following Merck-Moderna Cancer Vaccine Breakthrough,Blockonomi,https://news.google.com/rss/articles/CBMiqgFBVV95cUxNZjB4VmJJc25zUzZ1bGZuMWFWN1ZtR3FlTm1ONDJWTmpwakVoMVd1X3RtMTB1Vzhxbk1qSVo5YWFLYjZheDdNU2FKOEZLQ1ViV0FkanFWUzV1WHRTSF9IdnpPU2p5VlJLREVZYUNBZF9HanVPWEF3eHMzOTN0MmpFZ3pQaXU3M2ZISG1IXzBPOUo3T1FILVcteTJJSlIxOTNzVHRSNEh3UFNtZw?oc=5
MRK,2026-08-19,"Dow jumps over 200 points, S&P 500 and Nasdaq gain as Treasury yields fall",CNBC TV18,https://news.google.com/rss/articles/CBMiqgFBVV95cUxPc0lTR1FpVXJxTm0xQUtsWTVidmthQVMxN1ZGNGZCV2RSZUJSWDRjX2tDZ3lZSEQyUmhBb1ZQLUJhUjhCT1AxUFNZa0hHOVZveTlGcW1VNG5UV3M5WmlOQ01wdGpzbjg3U2pYZERvNDBVN3lCdUxnYVhFakxMdW5qMDNCOGNTNy0taHZlV09kT2xWSHEzdTBqQ05IdFlJN0s0dDhleEpGRDN2UdIBrwFBVV95cUxPdDNCY21wNU1nRVhIVzVaalh0OWhXNFZNbHdFeUF2Q0kydkhSQllkbEQwTXRzcko5OWJQM0tpNmpSUzI2NmxjbERYZ2JPalJNOEp0RUJxQ3NmQjBkSnBYV1MwQ29YWTlFd1pjWXhKMjlRVnhqVjBBbDdfX2d5VWlFWlZmcjR4cWdiNkUwVDhQRlJGekVOOU1kekRwUjYxZmxfNWVpcVQxVkdoamtjT3Jz?oc=5
MRK,2026-08-19,"Moderna, Merck cancer vaccine shows promise in late-stage trial; Moderna stock soars 120%",Moneycontrol.com,https://news.google.com/rss/articles/CBMi2gFBVV95cUxPeUg2Rk9UUzdpaEVYOTRkVllPdnZWNkNfancxZTE2Ulg2Wmg2cDktVDE1MlZVTWZnM3UyVGV6NUdVX29RNGRIWlpYNWhzS2pyUkFBdFhIOTR2eEVjZUVZV0d3eTFKcGpIYVdSNEI5M0IydDE1UWt5QXZBZHJyamUxYTFpUmlHdWJBcWFLWHE3QWNWWS1jSVVlQTZManpUTFdZUWZsWEdSMWNIZkxfRGlSUU4xNHVRSlNUY1J2RzJJamczVl9EM0owZ2FIZk1fNzctQ1hGSEVtOU5pZ9IB3wFBVV95cUxNQnNQaHpvQzZLR1FtbEhmSGVHNTA4WUFhTVdEZVpwRnc4WWR5T211Qk9SSUExdUV2TmhidUhkVUdXUUpwQTlZOUx3WjVaZDF0amRXeFRNNE9UMWE4MFpLZXEteGlTZFJETzR5OWY3YW4yaXFtYzdoeW02Zy1rREs1TkRVaXN3OE80VzBKOFlGSUJ1SmFLWk9TVGtLaURROWZnQUlpSlBYS3VxLVEyWGk2cHo3SDg4VEhiSGVEaklMLWZjeXVxdURFWmFUQVpPT1NnODVVZGRlRGhIZm9zX0RJ?oc=5
MRK,2026-08-19,Merck stock holds firm as Q2 sales hit $16.61 billion,AD HOC NEWS,https://news.google.com/rss/articles/CBMitgFBVV95cUxONnRrSFdOeS1uVWRrSGNTRlJmdGVSWFBEQzdndUF1UHlIRGdadGRzNTdxZzY2dUxwVk50b0JBNjduOVlJVDBjR3ZzNjcwbV80T0tTd0t6bkZDN2Q3aWlvdzdPcGlSN2JabW1ZYWJKQ1R2TVlMdHljdlhVamw1Z2pHLVhYU0lLM1FxRU9sWVpHdDdKTUc5cHl0dlR3M0toX1lKMXhGTmhEZ2U5WmczRm00SFBJNWwxUQ?oc=5
MRK,2026-08-19,"Moderna, Merck Report Positive Phase 3 Trial Results of Melanoma Drug; Moderna Shares Jump Over 100%",marketscreener.com,https://news.google.com/rss/articles/CBMi5AFBVV95cUxPNkFrY25xcEhXVDdIcmNJRFdJNXB4MjdJeGMwQzkxNGQ4SWtnLUpvLWZZT2lUeWNLdDlIYXlqeHhGeHg2VEVSRmJndnI0ZDNMUTlZbjFIdHFmd1d1RVlKM0NhMDA3RDhRQkZNSnhlN3E2QUlrTmFuQ00teUNpSTJqQV9FN1lWRi1CU0VZajlPUDhBcVBYZ0NaMEI2V3JVMEVvd2M5Yk44SlIzMFNjOWdGSmpxV04wdU1fUzVzNUZwWFYyY2lJQ0tKeTlmVW1CeXZSTi1YSVJ2VGs5UG9RdmhJRV9mNkk?oc=5
MRK,2026-08-19,Moderna Stock Soars 177% as Cancer Vaccine Delivers a Landmark Phase 3 Win,Markets.com,https://news.google.com/rss/articles/CBMipAFBVV95cUxOMTRNRG10dWJSU0xwWk5LTDZkOFJRMDJrbnl4MWZ5X2ZCU3dmdGljbVRhcEJiNHZyQ0FidjhHeTFfQTdsWVlCZFRWb1BGTjFWSFZONUk2dEpTdkd0dFVMTU5HR2lja1J3ckdwMGM2ejAxbFNHcVVWeVBma24zU0JqQ1ZNbzlQWDdVQjh0V2JLNktfWUxkbERSa2FkeTc3cldIMGlseA?oc=5
MRK,2026-08-19,Why Is Moderna Stock Up 177%? MRNA and Merck Surge on Phase 3 Cancer Vaccine Results | MEXC Crypto Pulse,MEXC,https://news.google.com/rss/articles/CBMiywFBVV95cUxQVVd2VUhkWnZEZ05wSjdBdDNmWFUzVXd3TTc0Y2VFbmh5bUlaaVMyNWx5ZkVBN3dtS2o0cmMxV3FKUXJycXdHdzcxMHdPS2RPS3NkanczMnhDVEZEODZ1YU02cldralM4dk9DQV9WRU0tTV9oTGZldFRCaHlXOW5wanBvcFpxendGeDNKcTBIMkFnWklGNmV5eERmb1ZFcm81QkxPWG9OTUI2WVVzUEszT1NjYi1WUEl1RV9GdTdnVmpNQ3VkMU5vSDAxNA?oc=5
MRK,2026-08-19,Moderna and Merck say melanoma vaccine succeeded in large trial,Yahoo Finance Singapore,https://news.google.com/rss/articles/CBMijwFBVV95cUxQbkRPdUNvd3hfYkVGZzVhUm5nWEdyVlJwcEdZSjNZMnNXY3lmeS1VeVp1dTBzLWo4U2xuRmNFQk9uMEVzVnZsSXg4QVYxU0hnN2V1Nnl1ckh1NXFtNUlseDAyRkdfUndQZ3pjUUtfMWdvQ3RrVS1qRHNMQWtwNjBKemlkX09uUVpLTmhCVWVnUQ?oc=5
MRK,2026-08-19,"Moderna, Merck Melanoma Vaccine Hits Phase 3 Goals, Sending Biotech Stocks Soaring",finance.biggo.com,https://news.google.com/rss/articles/CBMidkFVX3lxTFBTcThyc0FFMmdsa29IcmRSemd4QWp3NC1ldTcyZWhic2dBc05kTWV5V01CLTQ3WldkcldhYkxGRl9lQmp4ZHI2QXRkNl9RV09naXYyUzhjZ0hQZUxNYXIydlZaeGlJQUR2WlJzblp3M1NsQXl3R2c?oc=5
MRK,2026-08-19,Moderna shares surge after it says its experimental mRNA cancer treatment passed a key test,AP News,https://news.google.com/rss/articles/CBMitAFBVV95cUxPWlFsYXNZV0ROTlQ3QlFuUWt0bFFXTVJCcDFGcGtqY3l4TmhSMmlOekVpaGFDOHlfWnJXbDNtbmlLX2xibVBZUmtPaFpacDN3ZVRCd2ZGcnNlYi14UHV0RFZFeGpmb2pJRnRCTGFJSVl5QmJvRDlJeGZaSVFxTVVBV01DS3NlclI2cGM5eVdTWjIzVExFTVpQMm05SWs5bkQ3VGpudnFpcWJLNElzRFNIR2ZRSWY?oc=5
MRK,2026-08-19,Merck stock hits a new 52-week high on melanoma data,AD HOC NEWS,https://news.google.com/rss/articles/CBMitgFBVV95cUxQMlJDR19tVF9ZWHZFTzg2UGRwVTQwR1ZOdEFYcGZmYVpfeUN6NEs4ZWFONE9RdUMzaWl0UzY2Qk5BX3lsd01KbWFSbllkdVFWM09ZS2JjbFZBNkxBSklldDZ5VUNCM2pUUWZOVW4teDdEUHFnZXdCUHRnZGxNSFF2YU81T3lIYm4xQno2d3cxNEpiMTFXNC1OQWVmcWw5SF9ITGxUNGxfSkdsTW9vcXRMMjlzT20wUQ?oc=5
MRK,2026-08-19,Moderna and Merck Revive mRNA Hopes With Melanoma Success,Bloomberg.com,https://news.google.com/rss/articles/CBMiugFBVV95cUxQd20xaU5VWlNmQmgwVVJ0R0FxS2kxWUhPYmhJMzZ2NzJ6WTVKWG4xcGxjSHdRSlEtZHlRZUd0dUt6R0lHQldrYTNERkM0Qmd3ZHJlVW9ZQWNYN29vQU9iaTNaVk9wNEg3di1WZGQ1YnU1Z1N3XzI5SklTMTBrdEI0ZUN6c3hyblBYcmloeXVSbk1FaEJhT2ZHYXltOGRCdEdkSkVhRmRFY1UzbEJ2ZVg5Z3d1enkzVGMtRnc?oc=5
MRK,2026-08-19,"Moderna, Merck stocks surge after promising mRNA melanoma vaccine testing",CBC,https://news.google.com/rss/articles/CBMiWkFVX3lxTE9lWE15WFdhQkdsTGpIZ1NZb1FwVmNQY3d0U21jd3BkdGs5V05sbkoxZXNJblZoY3Y1YWhfVGx5X1JpY1ZNNjhBY3dqWHRUeS03TmtvLUI0UDJ4UQ?oc=5
MRK,2026-08-19,"TEM, BNTX, MRVI, RGEN, NVAX Stock Rallies As Moderna-Merck Cancer Vaccine Clears Late-stage Trial",Stocktwits,https://news.google.com/rss/articles/CBMi7gFBVV95cUxPQWR1TXFMNGdKNmtVME1sSVZzTGlKZ2oyNnhLb1p0SWhYclRsZTU3NnNBSXNNZEVHdjRCc0lTY25Zbk1nZnNJQ3oxZHNmb1M4VF84S1VDNlQ3SXc3bmJ2WFRtYTBJRkZpV2tpckhSREI0dDlMa0I0bFU0Z0ZmYl9SdDA2aHNJczc4YVZDclQ5Q0daa3hrZHJaZkN3S0wzMlBrbGdZOHpDUTE3N1VuYjBSSldSMDFmc0RVLWlhdnBkWWZQQU85MTgyQm42QXozb0RQR0NfTk1TRXhvU2VHaUkyMzQ2OGFpUkZ1aEJpWmJR?oc=5
MRK,2026-08-19,Moderna Stock's Best Day Ever After Cancer Trial Win - Moderna (NASDAQ:MRNA),Benzinga,https://news.google.com/rss/articles/CBMiswFBVV95cUxOekJKVnBHSENlLU1PcTJvdUdEOWRfTmhOT0gwM3RYQS1paEpBeXNzcWNUWkx4NVlZVWVNb0x4X1NlMk15cGtwZkdud3puTk9IQU9jNEVDc1VKWmsyNHlnbF9selVrZUsta1Nkc0VYX1U3MVhndHJnWWVpdGlaNWNVVzhsb1dndTJEY2xqUWtOS3pTRmxUbHNuUlR3MHVwRHdPY3U0MGZOWFdiUU9LNzBHNHBuUQ?oc=5
MRK,2026-08-19,"Merck, Moderna claim encouraging melanoma vaccine trial results",scmp.com,https://news.google.com/rss/articles/CBMiywFBVV95cUxOc1hvbGZfbTE3REFOQktxUWRPOWlYNVJ0a3RjSWVNVkVzWUVaMjBCWkh4Q210V0VuZUFRSGdIRHoweE1rNFJQUzBFQzIyelpnZE5mYWJFNGlWYmw2MFl5R0hUQWYzbkdCZFlEWkM2ZmZQODMtdlRRQ1lBekNnUlN3TUtaa1V5ZnhSVUt5cFBRT0hvcjM3eEphc0dGemo4X2JaN1ZQMmVmT1o1MVNXSkpEVEpNSS1jZ0FXSkczN29sSko4am5FeV9nbW41d9IBywFBVV95cUxPTl81MGVYckhGZXd3SFo0YWk3RlMwZ2syMWxFemFIZGdXQk5COUpMcDl1Y0YwVVhZVmZCMjRLOUVlcnQtMGRHQS1YcE44TFdqU1Z1SGNaNkUtbDBvTTdhTjMtTEducm9jM1E3NHgxeVd2UDFhWFUtY1JSVWNMU3EwNEllaXdRRXZGbjgwaG9Ib252SUluM2IzS0xnR3QtMUtJX0ZYVUZ4RWtNVGp0NENXMGxTNlhMZURmT3oxb1F6UmZhZkpwNnVCb2NMcw?oc=5
MRK,2026-08-19,Moderna & Merck shares soar on cancer vaccine,LiveNOW from FOX,https://news.google.com/rss/articles/CBMiY0FVX3lxTFBjTlJ4RXNIaGtzT1pmbDBiRXpRWnpza1R5UUVXbTh2TWxmSjhmdXdwejlKQWkzU2Y2NzBDMm1KcXFNbnd4cV9KZ1NGMGVmUnp2VVc4N0VrczUwVTdHVGZTQ01vUdIBaEFVX3lxTE5fbzltb3AxcVpMN00zbG5fSUd3SjNORkFCdFAza28yVmxTcS1sTVRNczJEdHEyLVl5ejlYTmNiVVo2ZHJrRmliZXk4R21wVDh1MXBzcC1uWmEyekgzOWFILVRxZGp3WER0?oc=5
MRK,2026-08-19,Why Moderna Stock Skyrocketed Today,The Motley Fool,https://news.google.com/rss/articles/CBMihAFBVV95cUxOUG90S0NBUDlSal9ncXNiekY0bnN3cW52TndsenRNeV8zcUlNejhaa0hkNk0zbmZYWHdveW5fTW5oeDV2dTBhWTV0N3RpbWxwcTFpWUdnSDNWRE1NWE1xTzlIWUlZV3NlbDhQUUVzRWpVUHl2Y19IeTRYMGJjeFdRRU5EUHo?oc=5
MRK,2026-08-19,"Moderna stock more than doubles after melanoma vaccine trial shows ""landmark moment""",CBS News,https://news.google.com/rss/articles/CBMidkFVX3lxTFBldlA4RnVRMmo0N0FTakZzM0ZEQ2pDQ25lQVVlTWFnUjdnc1haU203cUI1U2FGcmExVWJsNDVZS1RxUVBnSW9pckRjc092MzZLU1dIVlRIdkxZZFNWREdiZW04Rm96cXUxRFJPRTduTENzVlZPcUE?oc=5
MRK,2026-08-19,Morgan Stanley upgrades Merck stock rating on drug pipeline strength,Investing.com,https://news.google.com/rss/articles/CBMixwFBVV95cUxOa3JMMUY2Ml9qYzNXSDcxMWVoRDdmNHhDNkdGR2E0MDVITUI1ME9SS19RcWc3VFc1Z3cyOGNIaExnNWRXUEFNUnExMTVOUUVmX3NxSUlrTG5ISWRhejFPZnEzbzZCaHFZN1RIMDE3dE1NVHpQNmd1S19waG1TTDhUbWJMQ3hoR0hlZnJsZy1keDkzU2N1bXlRZ2RaRXBnMFM2Z2pqdmNPTWNpUXZLZ2QyZXpSWmlUU2ZEdzJoQzZvZWNCNHZVNDQw?oc=5
MRK,2026-08-19,The Open Questions On MRK Stock,Trefis,https://news.google.com/rss/articles/CBMiogFBVV95cUxPN2t4Qm1ma0pRdDMtX2xjd0o2b2pBYXdETjFldXlvR2tOSW1lYzF6QzhyLTNDSXR0WDlZelp6YUlSZDJRWlBnalFxV1M4Q0VlWjMwNThKSGFEOVE4aHV6d2cxT3NGSWZibUV6MENPdHpycFdlRE9CRUZyRHVvWUYySjVjZV9KQk5IYVoyUlZpWTFmbk1JbWNaTGhvNmJ1RzFEVFE?oc=5
MRK,2026-08-19,Moderna stock nearly doubles as Merck-partnered mRNA cancer vaccine meets Phase 3 goal,BioSpace,https://news.google.com/rss/articles/CBMixwFBVV95cUxPY2pBcUVGVElRdDU3MjRnZDE0TEZsalhCeVFXT293ZERfaDBBTEhfYzZyQXU0U2dSNmk3RWxMaDJ2NFNNT3k4N29Ud1Rra3hsLUtuMnAxc1BJT2ZZYkxFU3JfaGVNQ0J0UlpmTTlWSm92RnZXaEpSTS1XbXl0N2twc05VVzZNeXdtalVzUndRemhtTlpfcmJnblBmc2t0S04yQ0VJa3FFdXpySms4U1VqN0liYXk5ME5mVjJicXU3dVo3ZTdwVm9R?oc=5
MRK,2026-08-19,"Moderna Rockets 93%, Merck Jumps 7% as Melanoma Therapy Meets Primary Goal in Phase 3 Trial",Yahoo Finance,https://news.google.com/rss/articles/CBMilgFBVV95cUxOLW9ZWTY2Zl9yQThkWDlRUkVYTUxBZTlUWm1FeEpXVTE5bGN4QlJOX284ejdNeWtmUk1ZTWVWdEZoNjU2YS1sVnRrSGFMdVlRb0ZQdFowT1lLbHhtemFrRV80TjZIc3l2aEEwSmRONE84SExTS0pTYWx1ME9wWUNoQWgyU3VYUkRMUUZWZTBBUHBVQjByeGc?oc=5
MRK,2026-08-19,"Why Did MRNA, MRK, TGT Stocks Jump To 52-Week Highs Today?",Yahoo Finance,https://news.google.com/rss/articles/CBMijgFBVV95cUxNcHhIR0YzSUNxak1wS2JsOURjdDNPNFJnUzZDU3FpOFVnUDRmQjZLNDZ4bDVGczE5c29ud2dNaVMwNGdkbklORGZkZmhGZmVkdE9FVE9QMFZhdFlTbFQ3dUFLOW9PNWxDQ2hJSXFrMHRvSVV0bzd5Y1Z3UVEzNzBFUnJGZzIyVXBRWWxHZmR3?oc=5
MRK,2026-08-19,"Which Drugmaker Stock Has Dominated in 2026: Merck, Pfizer, or Amgen?",Yahoo Finance,https://news.google.com/rss/articles/CBMingFBVV95cUxQNmFudWo4dkdGaHlldnJMSFRLdXFnd3BsSmJobUJVekE5Wjg3bVZpZEdZbTVGVHRCWTdpVjdjUFRBbkYzTTZ4UmZwUEZWeUZScEpiX3htT1J0Z1hGbUJYVWkwS0paTFFFQ1YwdmhPNjBsV1NJbWJaRjdwOHYtU2hvdWVEdE5YcTFQMkpSS192LVZXU21ycFU1UnAxbnY3dw?oc=5
MRK,2026-08-19,"Moderna, Merck, Micron, Marvell, Estée Lauder, Honeywell Aerospace, and More Stocks That Explain Today’s Market",Barron's,https://news.google.com/rss/articles/CBMiZEFVX3lxTE5YbTRhdFZJUVFkMEVzd05yNFA5NndDQ01NYmhVR2VJdWpiRWNkc3p3anpId2VTUl82WXF4NkJFdm1BOC1rNW5yZXM1NGhXREduUnNYYjV5NGw3SDYtUXFQenNlR0c?oc=5
MRK,2026-08-19,"Eli Lilly, Novo Nordisk and Merck: Buy, Sell or Hold?",24/7 Wall St.,https://news.google.com/rss/articles/CBMimAFBVV95cUxPZlFTdXkxbTVidkRTLVNSVDJuQ1dkVnhsQ1U5Q2F3LVNidTgxUFF4UEtlUnk4dGQxVkhHbUExeHFMai1kb2RNZ3YxNnhqeEQ1VVpRYm1ZZ2o1Z2tVM25yaVRHaWJxa1VtLWRkQnFHQTdYblczODhhQ3R0UXdfWlowYWZ5M045M2VQWUJFNkFsZGkxMkhEUmQ2OA?oc=5
MRK,2026-08-19,Merck Stock Climbs As Analysts Hike Price Targets And Pipeline Delivers,StocksToTrade,https://news.google.com/rss/articles/CBMieEFVX3lxTE14RUJSbzZCT3kyaHY5emRjUkJRc1FENExIWGtFNllJZDBnYzlhQllnNE5GYXVRVlk5SG5iaVRqMG45R1RmZklET1dCdnBSRGxFdm9pQnZFQ2dTT2RqbmdLbGFkcS1zUDlETUxCbFMtTEpiVE9TakRCMg?oc=5
MRK,2026-08-19,"Watch Merck, Moderna Stocks Soar After Melanoma Trial Success",Bloomberg.com,https://news.google.com/rss/articles/CBMirgFBVV95cUxQZ05BcDBQNXllek1HZ0E4TlFYSzRIbnppZFhzY0JqNmxBY3otQlJPUVZHOHdZRTg0VFFXREgwXzRDX1VSUm4wVFI1RmFZZ0N1TjY1dFA4QlVIYjdSd3FJeFVFMkhqaEQ1UzNlbGFtT24zd29EQ25jTHVhak1NV214RzZLMzJSSWw3NDFxcWwxMDZOYnZSX2VmSVJtZUljVFV5Y29jbnhyc3JPOWNWckE?oc=5
MRK,2026-08-19,Merck: Why Consolidation Looks Like The Next Move (Rating Downgrade) (NYSE:MRK),Seeking Alpha,https://news.google.com/rss/articles/CBMiqgFBVV95cUxQRkpRLUZXQ1JkUmRLMjgySzVJcXlFNzZKalh5RmQ1U0phV2Jrclg2NTVCdUFReHZsTFZDOXl5N2xnYk5TVnpER0tFS1VsUDc2LWo0cDBDZks1SklXbjctb2FqTWFYeHplc0VraTd1RjNyd183UXpoTkhSSElmVGxaSjJLbTJHZ3h1bjkxNy1mTUc4YXkxai1WcFV0S2J2UmQ1eW9vdFNFOXBXZw?oc=5
MRK,2026-08-19,Moderna or Merck: Which Soaring Cancer Vaccine Stock Is the Better Buy?,Zacks Investment Research,https://news.google.com/rss/articles/CBMirwFBVV95cUxQOU1hWUJLNlF3WFI4R1otRjVBTjE5c0ZSbHBjT2dVeHU2TnBITVdvdHBmOFk3R0c2elZTRU4xZFJfaDFpNzh1amlXUHJLemJJSk15NWlTYVVLeVBuRmloYS13eGlkblhxWURjZ3J3c2FBX0ZQNmJaV09ReWtlRVpDTi1Dckd6TkZCU2E0cEtodmdveG1jSTlTQU55Nk43Y3YzT1JrR1lXZXpTbU1CRWFV?oc=5
MRK,2026-08-19,Moderna and Merck: Intismeran's Positive Phase 3 Readout Confirms mRNA Potential in Oncology,Morningstar,https://news.google.com/rss/articles/CBMixgFBVV95cUxNczJaLWN5RnJXenlNZFZOdVB2SFRkX0gycTNVN2E5eDQtOVJpbTNXV0FfQ08wQWVuemdaYWRxc2V2T2xDUU9KTTNfeUY5ZFUyeG5xN1lJeXAxeHplbW9qNkZnNUFfVHNTT2hxcGNsTThEN19iVUNoTzBNVE1yOXVid3Axckd1VWg1M3lNVW5CRTFiNXNpeElNZVNldy1NNWNYUmwybnBkZU5wUDhWaUtXZndjRlV5aWY4TGhVcndWX0JJak1rZVE?oc=5
MRK,2026-08-19,Moderna and Merck shares surge,CNBC,https://news.google.com/rss/articles/CBMifkFVX3lxTE11SnkwX240dlNKRm9NZ29NaG9oTVpoa3Jpc3NnS184RG1mb1p1MG5WVFd5QW1fQ1lhbzNoX0lyNkFEeG9kd1NjbV9VaUZaczJDQWhYUVZ2RDN5d1p2bHl6MVp6WFpydWhHMWYwR05ST0ZGV2ZmRjZkQ3Q5T3VRZw?oc=5
MRK,2026-08-19,"Merck (MRK) Stock Trades Up, Here Is Why",Yahoo Finance,https://news.google.com/rss/articles/CBMilgFBVV95cUxNdzdqNnRWZmV4cElmVmFacXBuQ0p6VDc2Vlp2VEhjT0NyTkg5ZWs2MXpxeUU1b2JranBfTm9xT3l0U0ZsMURVU05iNWk4WnJBSjE0XzlYYlBRbGlzaEY0SVhPQ0t3V0lFbTl6QkRiWkhmV29sOXY3ejRzX01ZcXpmeTFlVHFIalFULVFPUmVXNEU5MHNwMWc?oc=5
MRK,2026-08-19,Moderna Stock Rockets Higher After Positive Cancer Vaccine Trial Data,Investopedia,https://news.google.com/rss/articles/CBMiqwFBVV95cUxPQTM0dFR6b2dtV0Nwb1lQSXkwTW9MekNPMEo2UTljTGxtTC1fTE9iOWwxSmZTVTR0Ul9MWGVlN2ZEcEhFa0MzcVlxM0hvbU9wa3M1RWxkajA2cV9NU1JBZkdTUnhmSlVyR29wcjUxLW92VFVWVEpGN2RHS3B3UURlQkszOVRUanBKMGpWb1VsR3I1N21TQXFiQ2JFcGItR3hkUFl6Vm5TM1NFRFE?oc=5
MRK,2026-08-19,Merck & Co Inc Stock (MRK) Opened Up by 8.82% on Aug 19: Key Drivers Unveiled,TradingKey,https://news.google.com/rss/articles/CBMiigFBVV95cUxNWlhKQ2JoaC1DWE01b2dOQlhsTWhXRjJXcHB5eXRKbWhtbGpVaTdhY3pScE1oN2FrN25qVy1WTjVQNzlpX29IQmZVLXlUQ24yMDkzbVZMMDI4THduSlRKLXlhcndWTjBKT1lCYzdZYWtXb0E2Vk9MZlo3VndFYmt2RmFLeHJrQkd1ZkE?oc=5
MRK,2026-08-19,Moderna and Merck Just Made History With the First mRNA Cancer Vaccine to Succeed in a Phase 3 Trial. Here's What That Means for Investors.,The Motley Fool,https://news.google.com/rss/articles/CBMiiwJBVV95cUxNbEoxMjJtb3dGUWJkN0VGVVphSGdsazcxX1FGUFZrOHVjeVI0ckROclNwVHg2SU83MWtPWm1jcGM1bkZnc2JYS3U0YWhIN1hXTkFpVjEtM1pSVkw5SGNCUFdURlFxa1BQME52aHF4RUlUM2QycklCRUNRclBGSUJIbmZhQVZfQmozR3NEb1Z6WWI2WjREUkhwYXFzaGFQWjZWY2FFWEtUZ2M0Y2dGbGN2RTF3elZYSkNIOWpDYUVfcFVqYzBHWHJ0eXlWTGY1dWtObW93WV9FYkYtWGZwdkRuLURYcWNfZzhGLTV6R3pscjUwYW1PT0JBTmR2MXNsdXZZNXdqdXVvbV9INnc?oc=5
MRK,2026-08-19,Merck & Co Inc (MRK) Stock Up 12.6% but GF Value Says Overvalued -- GF Score: 72/100,GuruFocus,https://news.google.com/rss/articles/CBMisgFBVV95cUxQSDFoc0FDc0lqUHAzbEg1cURVOGlkdUh5cnAzcU9lR3Q0aER4SWRjUHhGUUEtZzJTSlptZ2l5aXQyUEE1bzlNSE44bEgtUDdWUVBIaDNBSHp4QlNxaG9oeDd2Q3A4eVRTdHh2LWE3N1RJR1JGb3dFWjNMX1pQZExBOWloMUt3SFRKU2JRcFpzWk1zaG1vRTRfT0llbU92dkw3TzljRmp3MmF5N2tyMlJDenRB?oc=5
MRK,2026-08-19,"Merck and Moderna Release Landmark Personalized Cancer Therapy Trial Success, Stocks Soar",Benzinga,https://news.google.com/rss/articles/CBMi4wFBVV95cUxPMGpnSHVjZHh4dHp3SnZFZnQyNDc0cjZwclhRUm8ycWNtN2YwSVU5ckNBREVMSlhLRl9RWUkyN0ZtRkFyQnRnVVpYMFlYMkJxQUpJMF9GSDhtUExBV3o4NVZuZC1Oc2V1QnNlYkhaZTJYTGs4NGNSclA2RGRJbjh5QVBxclRkVnZoeGxaUEN2UThQYVgzX3BXUGJMU3IwQ3VFVFg1U2ZYTHNuYVRfcTdndE9Rdld3UEJQN3hjT1ZqX2l6c1hQT0JETWZ4cUMtV3hfaTJqbms3dElIX3F6VUdtMmdtaw?oc=5
MRK,2026-08-19,"Merck Soars On Cancer Vaccine Trial Win With Moderna, More Upside Ahead (NYSE:MRK)",Seeking Alpha,https://news.google.com/rss/articles/CBMisAFBVV95cUxNYThlcHFWR0NscXo3QkZtdVY1cVI3QW4wNmNqbnlLOWdNR2luOFIxa1VhM1p0ejI2NGlXbnVIbGRWRklIek9IS1NvMC11WGE2NDJJeW1yb1R5aVhGSU9vcUJiNWg5RWF4YjBEaTFlUThTTjhjTDlDUGpQZW50WlRTV0hsXzVmc21uZjZ6NkNQOHkyVUg2ckVBb2cxdUQ2ZkdsdURuZkpiaVpkVFNTQk8xQQ?oc=5
MRK,2026-08-19,Moderna shares double as cancer vaccine data rekindles investor hopes,Reuters,https://news.google.com/rss/articles/CBMi3gFBVV95cUxOdGJPaGVZV1B5YXpJY1ZQM3h6X1ZtZmZMQ1k5NTZGX2NUSkdFZU80bHVXY3Z0Uk1kV2xWckJoc3VaTTB2MTd4dnhwaVp4SHk1U0RYMzBRQUtYRW45SFJKQ1hRN3pZd0pIblo1ZGN6aV9KVHZwYkNVUmpKNWhxdlRDTW9wTEtXWUxVdUZuMUJKUHJMeVpIZ1djS3kxeWhnbmNmSzJZUWVGYkwtNm5qWml4TUhzenpyUmlIRjNqa3czTmVORXQyTEY0eHdfdlpiQmFyNXdUcW5rbjJ0MjIwcmc?oc=5
MRK,2026-08-19,Merck Stock Jumps 13% as a $44 Billion Gain Outruns Cancer-Vaccine Forecasts,TechStock²,https://news.google.com/rss/articles/CBMimwFBVV95cUxOQkk4cGtzWmpVX3dJV2pDdE5YUFg5UHIzOVBudk9TUTFQSFdONjhPbTZyUmYtbUZGRHFmZnpmVjhKVkVZLWVtTTVvd2ZXdV96RnV5ZlRJNHlsTDRteElaZkhUTHVHRXBaalZVNU9udmMyVEFiWUcteGlMTnNNRlh6R3pVR1ZhQnFvTkJnTTYwQ056UVp0QmttWEpYWQ?oc=5
MRK,2026-08-19,Moderna and Merck shares soar on mRNA cancer vaccine,Axios,https://news.google.com/rss/articles/CBMidEFVX3lxTFBGNlNiU25IZnZsZkNFSFR6cVp0dmhNSWtWTjMtVXBBU2VIWWo4U0hPM3dEM1Z3aU93a0puX0drSU5QRloxWThVWEJWVnNiOE1XMkpuTVpvUWZXV3RCMTAtaFRFbmtiaHV0bm45NFk1RDhidDdy?oc=5
MRK,2026-08-19,Merck Stock Jumps on Phase 3 Cancer Vaccine Win as Keytruda Risk Eases,TradingKey,https://news.google.com/rss/articles/CBMiyAFBVV95cUxPaTFjUkU4SjlwSXE4Um94Sjdvc1NkM3JTUnlHZmdkZEhTdjdSUTlXeVB5eGl5V0prVERCSjRkNDRQQnlCd2ppMHR2a1htRWhHZkNHOUZlLXFNOHR6VXAxbTZUNFFqUm15bDZFZ2xpNzYtcjJYTGpwYTEzbS1qVko0a3J2eWlXLWZ3R1lPcjFOdlF1MGFxSUVCWEZsZEd3RVZFY21yVXJUa29jbEhkMTIzSHhsdXJVSm9RbDAyWG04S3Vtc1dCVnk1Ug?oc=5
MRK,2026-08-19,"Moderna, Merck post trial win for mRNA cancer drug (update)",Seeking Alpha,https://news.google.com/rss/articles/CBMiiwFBVV95cUxNcVRjLW5NU0xpNGhMeDdxdHNGTXVkT2VLODNzNnBIT2x4NE1kbVZOVnZUTldvSmpFWmhkUXBMWlBwVDBDVERsa0p4OEk1VXhZbG9tM2lZQ3J2QzU3RE9KMkN4UmZJU3I2dVpoQS1DZkZMYTNHVjh6MFA2N3JzMVNHRWd4NlM1Q3VwOWJB?oc=5
MRK,2026-08-19,"Moderna Nearly Triples On Its Cancer Vaccine's 'Landmark Win,' Merck Hits Record High",Investor's Business Daily,https://news.google.com/rss/articles/CBMivwFBVV95cUxNbDhINDBrQzY5azJ3MlJ4ckdFSGVUY2MtWTQzTGgycEl5R20tMWNRNjFjelVLR1E3UUpoanJZUlNkMUVmb1FheDMwZDdFdG0xUy01aTVaT09seWhNUHNuSlExQjJXelhLS2diQmxtY29XdHVkakVmcGt1VmxCWndPbk92QlV4SVJrc0J6QUgzMFNEXzdudWU1c0ZUaVQ0UkJkMnVxTWZnME1vbGlZTy1Yd05kcUxzV01pZnRhQW80OA?oc=5
MRK,2026-08-20,135-year-old healthcare giant surges on cancer vaccine breakthrough,thestreet.com,https://news.google.com/rss/articles/CBMimwFBVV95cUxOeHYwLVU1cHRiOFBGYUxFU3dGNHVOZlNLdHZCTWYwWDNqXzZ1YXpnQk9BczExM1N6T2ZHcUt0WnZNRWtIYTBSX0JaMEN5dEg4Y3pHa0FRSGg3d1hydUtCVExaODV3dzFqRVVidjc0SjNGTGZtd2hkMFRqQ0ZlVmF4UEV0LWdTaEI3b3RKQmxib2UteGJlVzBGOHJ4Zw?oc=5
MRK,2026-08-20,Why Merck Stock Got Downgraded After a Massive Cancer-Vaccine Win,Barron's,https://news.google.com/rss/articles/CBMiggFBVV95cUxPT0U1MzN0M0EzbEtuUzdGbF9nOUtnc1lxd0dGX2NfUVlMcVZsaWtUODU1Nk9sb3Z0QmhIWjBGTm5fMmpGdW9xUG1ZWFVxazMtRFVwczNFQkZzZUZac3VpOGlFX1NHcFdxNWtVQ1ZTR2NIMGtSSGFpUDNieUVvNlF0dG9B?oc=5
MRK,2026-08-20,"Moderna Sinks 18% After 177% Cancer Vaccine Rally, BioNTech Falls 4%, Merck Slips",24/7 Wall St.,https://news.google.com/rss/articles/CBMivAFBVV95cUxOeEpEWHJUMmZtZFVwWUVwcnRqT2E5dmFvNk8zSGszbm1zRHdaUTlELTVHZnZBVHlsc2JfeENucFYwWVRJUE9WOVdpenVrdVlBZ1JPYTBFN3dhQkFTbTg1WlU1WWtaVVZfVlUwZHFzc1BqWURsT2dPbnBnMjRwZjFvOFotRTFXZWJyVE1uNk95Ymp2aTlCZHFNZ3gycEg3LXBNTllVbFozUko1OVJPc2dxXzdUY1RPb0FtMGlkVw?oc=5
MRK,2026-08-20,RBC Capital downgrades Merck & Co as profit-taking hits the stock,marketscreener.com,https://news.google.com/rss/articles/CBMitwFBVV95cUxPemVzUzUtRW5PS2hGTTREc2RnQ1luQzVnTGFnUXBrcVpkVl9iamlLRkFfdW9haVZxUTR6ZXZweF91cGpjejlqR2diY1NudVJCQ2FteTlITjU4X0lIY0lFRXpHaU5BYVJDTUhMdC15bFcxX2pGbzd1bk1MTjdvWkJIWHh1NFVCenpNODZ4OUZZMGFDUEJEOWRHTXprRFZneWlSSzZuN0lIcFZLbXp5enBYSEFjQmtEbjA?oc=5
MRK,2026-08-20,Can Merck & Company (MRK)’s Stake in Evaxion A/S (EVAX) Validate the Potential of AI-Driven Vaccine Discovery?,Yahoo Finance,https://news.google.com/rss/articles/CBMilwFBVV95cUxQZWc2eWVjRkNkbl9YWTJ1V0hucHRjc0NNZzBDOF9WZTZMcU5DNXJmbzVZci1BWWcwQ0lJREZWdzYyYmlqTXlkM0lKeDRZN2RXT1hINUJsNzkxQjhmMFZrTEhvdExVdkQxUkM4TTNuQ2xHdDg4Q0FzRXU0TThGR2xlcTFrZ2MybGVLZHA3SUxKSjR0YnpvR2R3?oc=5
MRK,2026-08-20,Merck stock levels off following blockbuster cancer vaccine news,WFMZ.com,https://news.google.com/rss/articles/CBMi6wFBVV95cUxNM2dTTzYydzBHTnNiajlpRnpGY1d6bGt4MW1Zd1k1YWUyR3VLbDdweHk2MFlTZFg0NWtwMjdxb05JcElabUVEb1dKYjVzb0xMSTRPcmpHTEVKc2xjU0hkUkE3dGZWcTF2Sk9XOS00MTRDTGxsbUFlUGpaczJNMk9DUk9jREJXcTJ3XzJpMGk2N1NNSHlQb3pGTlZTeDJhRGpvVFlDakh3TXN0b3hudW1NcFNmMmpmTWZSSVFObllMYVNmeVZydl9USnpCZEJ0YkVMS3Z4V1lIcGNXUXowMXBKUkZRbzN5cmp0a2hz?oc=5
MRK,2026-08-20,How to Buy Moderna Stock (MRNA) in 2026,The Motley Fool,https://news.google.com/rss/articles/CBMiiwFBVV95cUxOcUwyQy1XMWxtU3hvZ09XNmp3dDI5d2ZHQkZfczBvT08weHdOMS0yUnlDMXRGa2c3dDFadFVobFdnRll4dFc0YmZMQXlvZkNSVkdqV3V2NTRVQ0t3alhOSXU0WDF1d0pVZUhuRFJBRHlNWE9BbV9KUURWUnVfV19kbDhORS1HYzZCUXpj?oc=5
MRK,2026-08-20,TEM Stock On Track For Best Week In 4 Months Following Personalis Deal Spotlight,TradingView,https://news.google.com/rss/articles/CBMi2AFBVV95cUxQZVNwYTZMcUlZMXMzemF5dEl2blVJZGVYQ3UxQWtWc0tkckJ3aGNFZVVPVEFqZG5NWTRPTVI2SHdIVnRQbDRXSlUwV1h5NEN1NFhvTlgyS0pHRklvTnIzZ0F1TzJjczA5Z2xNaEcwWUhlY3ZhYlU5UFdXemREZ3EyMUlwUlZtOVJXV1dRdUl5V0dNZmpua2NMMWgyc3E1S3VLaDdxeGJOc0JRZUF0Qm5PLUpLSndVV0U0Nk1nWlBqSkRiSHdnLW1tN0JUWmZDVl9NM2pycENRd2U?oc=5
MRK,2026-08-20,Moderna Plunges 20% One Day After Cancer Vaccine Breakthrough Sent Shares Up 177%,24/7 Wall St.,https://news.google.com/rss/articles/CBMiwAFBVV95cUxOdTJTeEMxNnRqbFRmSTZRZ19CRUpqbzdOYnRObTNmbmJlY2ZOdzZiUEY1dnJmUndEaVFhbTZNRVpyNkRSQklZeUhOX05hQ3VVZFExVVFJOWRlaWVEcmEzUGFLemkwVjlSVlJBY0xxNmtoaS1GbGVXTmhWQ3ByQ1ZJbGtlR1FxcXd5S3hrMjJVVGM5SmpEUUZCaWtBSXlXOG5oY2tMWXlnVVZSRjdqZXVDQ2pqQ0pVUlgxTDI1VkpjSjc?oc=5
MRK,2026-08-20,This Merck Analyst Turns Bullish; Here Are Top 5 Upgrades For Thursday,Benzinga,https://news.google.com/rss/articles/CBMi1wFBVV95cUxNQUJkSnJGcGZDNk1IMkdndWhIRkU3YXNhYm9pMnFmSjdjN2RVcG5SWktseExzVjdYQm1wZEhycW9xc0tWaTZqajN2bTlwT0EtQ2VVSGM1X3FHWmZKM3piaUV3NGN6S0ZXSXFBc3hfLWZpMk5TQzJFX0s0S1NINjEyS21NSHltM0dBNUV4UktzLXI3UlY1VFBCZEg3T0pKVy1sVjJVNmkySmlRRWpGOFY4NFlYdXI2SGlBbGFTc0RqcjAybkJNN05ITDVlMUMwMHp0V2FDVkZKdw?oc=5
MRK,2026-08-20,Merck & Co. stock extends double-digit August rally as analyst calls and cancer vaccine data reshape,AD HOC NEWS,https://news.google.com/rss/articles/CBMizAFBVV95cUxNN1pWWUZURUZjN2xDUUdvQndSZEJQV2F0VTNzR3dlOXMzYjNwN1BqcDhqaW5GeXkwR2RfRFlBT2FiNFEwV2NHOWpjOHlEdThjcFE2akRnS2tXTXg1cW16UHdMc3hnUHVIbi1PaUhDZ0NSbnlIR01Ed2Q1ZTE3a1ZPVElqMXJpWTdfQzhMWlJhaF9yaGRlYnhudXJFX1V6bDlmT19nalRfMkYyT2NzbEkxZWJaSWktQzZueFZ3UDNHNllDLWU2MU9NQ2QyTmM?oc=5
MRK,2026-08-20,Merck And Moderna's Melanoma Results,Seeking Alpha,https://news.google.com/rss/articles/CBMie0FVX3lxTE1SXzFlTDN2WUV2cDRiUTZ5RFZQWVQyUnozdW5OeEs2MGpTb09fN3ZiVzZVblhRbXBjNUZiaVdsajROSzk4UVNhcFN2NzBiWU5pVDBtdVprTmF0NmdHMVNLV2pXZk1YYU5nSDhBb1M4eklpUkRvLVo4cVppMA?oc=5
MRK,2026-08-20,Elon Musk Backs mRNA As Moderna's Stock Soars on Cancer Vaccine Win - Moderna (NASDAQ:MRNA),Benzinga,https://news.google.com/rss/articles/CBMivAFBVV95cUxPczZVTHR1RjFuV1hHQmlqdms1MEtLRmw3ZU9WdVF0d253akk1d21Na3l3Zmx2bTc4VHZaVW4wZ2s4ZjJXMFRKVGhUSU9iUklkSnZSZVdJcGZ4Wk1OdnBtUGlFLU1QSmctUEtST3lSbVJsYUo4RVRka3I3SzhxbDFNWWtHN2t3M2hxMnlJWGt1eW5ULTV3ci1wVnRVQTRoLTh3MzJWeDVpd0RLMm45akpiamlUUUx1NlpHMWNrZw?oc=5
MRK,2026-08-20,"From Covid vaccine to cancer breakthrough, Moderna's 177% surge explained",India Today,https://news.google.com/rss/articles/CBMi1wFBVV95cUxOMVJvdFRYTlZjUW5CUm9tRl9URmhnNlhyLW80OUtjazkxazVqbXlCUzFlZXQ2cDRfM284UllwVlNFRGpUR0p4dGhEbS1HNC1ST0RXdmo0NkhtN1JZd2pRYWppSVJLZ1N3NTkwRjFKQVBPNWZYZUxPcTRMdFhBS21OS0FjdVRSd3VKRlVfbDNxRzhJUkt3TlpESk1UX3R5WElQMmdtLThFYnlyb0dZZzRzaExEZU5kdl8xWEJtSVdXc0NnU25UbHZ0aHJLSE1OR2plZFhiTURrUdIB3AFBVV95cUxPMWlxenhQR204RTBYbzVOcEpibHFVcTY0OXc3SnVJMkpIdWJyZU9lRkVFOW9ac2FKZ01RLUllZHZQUlpwMHkxTmJpQlg2M2stcC1PTlJyTml0eDI1UUExUWF1WWZ6Nkg5QTV3Z0JnQlMzN3AyWjJOemItU0k3bXNrS054cktDal80NkdmaWxkOVBFZ3pESU10anlBQ2tjLTBqTDlVa1FTNU4xV0VXS3ZlMGIwZExZb2ZmNGpGZjUxYllPZXpCNjRESXJNMTBNTGNkQTkteUdDM1NQTGMt?oc=5
MRK,2026-08-20,177% return within hours! Why Moderna stock rallied after cancer vaccine trial - Explained,Business Today,https://news.google.com/rss/articles/CBMi6gFBVV95cUxPeGhQY2FPUHdOREpYVXo5a1hqb0o4em5YQXZzeWdLQm9vSTlDMWFDS2RwTnd4Y2dETEMzOWtUa3k3WUl5QndPVGg3bUtTUERkX3V4aDRHUkFYc2k4RTdaUnFwcE0xLVJNY0Vqemp2VWE3MWJOZGhKRzFNc2F3Q1hhdGNNUmVHUUZqWUJLUHhaUWxrM1otRU9CUHNqbFhUaExRcXRoekZnRnJyWjFzWDdUQVFkZ3hIcDVvSTBYMlNlTFRvdE9UWmRJaXJfUk40cTJnX21lN24tNW5lb2dQSlVkYUNzMTVEX1dJakHSAe8BQVVfeXFMTWVaV2ZTVE92VFFWMzFDTWhhOWtRRnFNR0xrSkhvNlI0T3EycDRHaXY3R0c1Y1BHOGl6aTFBczJmajZ2dW42LTE0MUJ5UHZQSFYzNkc4MXEwR3RvWjVBNWw0T3JkZzZJcVhvdXg3UnRNRjNYX1haOHRuLTJWMWVobm9PaHVMUUZOSU1YZDF3dF9BaWFXNU5mUVh2X0VFa0dUaU1SMlJsbnc0c3Ytd3E4cWR0ZjltN1hZRUJxVkVlNUhsTEJ1eVAxbkQxQW5aSkt4Z2NYX0djaWlvWjZucUxDZ19JMENlR056Zkk4dFNTSjg?oc=5
MRK,2026-08-20,Moderna Stock: A Massive Oncology Breakthrough Changes Everything.,Barron's,https://news.google.com/rss/articles/CBMiigFBVV95cUxQZTBrYTlMTmlXYXprbFNCcEtHVExSdlBkRTFuc0xrNjNtVi12UnNMQ1VVNWQ5Y2NQa3V4MlRMVWM3RXlYTndyTXE0amg5dWt1dGEzOHFUeExyTkRuR2p1OTVxX0E1aU1TVWVYR0ItSnRRc2FobVNNT3lfaXRnQkJzZU9Xbmh1UVdlRXc?oc=5
MRK,2026-08-20,"Moderna is paring back gains, but Merck stock remains a buy",Invezz,https://news.google.com/rss/articles/CBMimgFBVV95cUxOclhKXzU3US1NOTRhQl96UU5ibnVtWGFBejZ4bE13Y2tWY0ZhVWxVME5YRzJJcVRWTGtBX2JNelpacGhTa0ZQMmJpejJlTy1DbFZoWnpGRTFRRm9HZ1NPX2JsbWJvRGR3SVJaeUdfNTZLSUNZZnNTM3N3RzQtejVZYnY5MFZXcHRYSlZvZnh3TjNrVTAtZzBUalFR?oc=5
MRK,2026-08-20,Why Is Merck Stock Still Undervalued After An 80% Surge?,Trefis,https://news.google.com/rss/articles/CBMitAFBVV95cUxOaG1rTHNqM3dLeXJfN1FjWEZiVjdWaUk3a1dHdFBtMFBUckZXSVZzLXJQX3l5Ri1Ram41bEZNVTU2dFJVOW8yTUpYWGZvQ1psT0YtcUstVFc4WkV0VE0xUzVpa1FJVHRNc0RGaGFtZnJxOW1oYjVQazVZdnRScWQzbUE4eFlTZm0wdHhHZmxMeHJNUGM3V1N1U3czOUtvVkxreTRja29NMWJOU2wyQkJMdGxlODU?oc=5
MRK,2026-08-20,"SLS, IBRX Stocks In Focus: Analyst Says Moderna-Merck Cancer Vaccine Success ‘Bodes Well’ For Oncology",Yahoo Finance,https://news.google.com/rss/articles/CBMilAFBVV95cUxOcHAyMS13bkItTDZMbkd6UUkyNi1xcGtPV3hXb3UzN1ZHVTlXTVloNHUweFlnM1NrRVYyYmZTYkdYLTdBOURJZDlROUZPV1JtTWltT2F5ekVfSE1GZkRhb1VSNnk3MnlLeUFGd29xSkRRLU9URU55QzRheEQ4SVhjQmFJMGhLbXRFRE1wOWV0VXlsb1FK?oc=5
MRK,2026-08-20,Guggenheim reiterates Merck stock rating on cancer therapy trial success,Investing.com,https://news.google.com/rss/articles/CBMizAFBVV95cUxPblJlZDNuMUVYajdYZ1BhNmtmcVFjTk5uMmg1bEZjOTFPbmlvelRya3lvRGs5ZWlzV0E0c1gwUVRfajdRMnlRM2M0cHFydnVTeEtramw0UnF0cFZ6c000d295ZU9Cb0dna2tuaGIyaHZhVTd1SEpQc092bXpyNTJDRWg4cWduRThlMWVLbXBjcG84VDB0aFVMSWxacWEtLWVkd0tqeV8wTzlfZDluajk3WWZWeUt1bmdlaWRJTnNkYmFrZDAtMjlqcV95WjI?oc=5
MRK,2026-08-20,Merck KGaA shares fall after UBS downgrades stock to Neutral,Investing.com,https://news.google.com/rss/articles/CBMiuAFBVV95cUxNSW5qS3ZHVXpJalVSZFAya21wd1N3QjBVcmhjczV2LU1IbGpac05qS0xoVkZGRG1hVjVaVjBmbG1obmVXaW5wSEN2amlwX2xDTUx3aXpWMHNCRm5jYTl1cmFsNnFlYkpuczVjR2hxaTNjaU1GTmt3bVlhci1rWVNKSHhrVTcwWlpQQVBKQnc4RGo3X2JfT0pwXzJOX1pkOHdjUF9LY1BIdXlDUVA2S0htNkhtQ0Y0Z1hn?oc=5
MRK,2026-08-20,Why is Merck stock sliding today?,Investing.com India,https://news.google.com/rss/articles/CBMimAFBVV95cUxNWDVHY3hlWkc3QUh2UTVIeEhVc1l0UHJ2SlRQdmxQYkxRQlJGRGJDanJSN1VSeS1PS3M5eWg4bXVXZVNDeDg2NUlua2ZuMWFEYjZyZFZqMGkwdE9adGZESVJULUpieVctbHU3d18tYkwzaGpqWWZ0X2huakJOY2JkR3pQdlFFSXYzT19uaXh4bktUME9CRmdRQw?oc=5
MRK,2026-08-20,Moderna Soars 177% as Melanoma Vaccine Trial Succeeds,HDFC Sky,https://news.google.com/rss/articles/CBMidkFVX3lxTE1JaDhPcFhfSEtHM0pENVhZTTNPNkRsQ05od1VvQlpVd3phVGc3OWVRQ3JzcVd4MEpTVjNsdzgtYVFtN0Q3S09Bd0pqQ3I3OTNuakRtbnFveS1KR0JzN09sUjZlcllOTXd3d1dWeGNVNjd1XzdJclE?oc=5
MRK,2026-08-20,Merck stock downgraded to neutral at UBS on valuation By Investing.com,Investing.com UK,https://news.google.com/rss/articles/CBMitAFBVV95cUxOQi1STm5seUtaNlBua1p0Y3hJRFI2RGp6TXQtdnRqX1dFS2p2VEtMN0d0OHRBRlJQNUduYmxIRWotTDJObmh5RF9hcF9JbV9pOGxQbDBxNGhyLVBwaWVMQXotYzhRb0hiaExfblh4OWhNZnc1VElFVkRlWVdtbWQtWDhaLTd3NThMRFFKTG5lODBMaUhuWFBoSjU1Ung5UXRDSllHZUJvTUNZSFpnVEZneVltMm8?oc=5
MRK,2026-08-20,"Analysts Conflicted on These Healthcare Names: Amylyx Pharmaceuticals Inc (AMLX), Moderna (MRNA) and Merck & Company (MRK)",The Globe and Mail,https://news.google.com/rss/articles/CBMiowJBVV95cUxNT2U2T3BkemtQMHZqZE5HOTZXeEdUX05YSnREa29lVDFZbHlxVXp5bHNHV2dXdTF4WEZOMEpmUkdLRUM0YmI2cjVZZnNLQWxfVFJuUEtyYmxKZXJVRnVjTllEVkRaVWtCaTU2dnRmWjRETThwaTdndU1hUE0zbW1sTGZxbXA0ZFVKaENaeFFBVUpwSGFIVjQ3dGxpUktNZUJQZ1lWZWRuVkZhdzFYS1JqclQ4MFA3SDRBQlBhSUY1ZUQxVmxrYXBOTVZpN05uSllXUWhHQkwxcGEyNGpYSUh6U211N1Z4T3ZDcGxZdDhldXh6OC15S1FWdkRYTnVjOHJsUkhHSHZjc2Nzc3lhV1A4c29qT3pIb25aUmJUSTZvNDM3WFU?oc=5
MRK,2026-08-20,"Merck’s Cancer-Vaccine Trial Results Surpassed Expectations – So, Why Did RBC Downgrade MRK Stock?",Stocktwits,https://news.google.com/rss/articles/CBMi7wFBVV95cUxNUnQ3QXhaOTJqMlRkTHl1M2JHR24wTUVYNFVQVnpfaEp3c09DclM1NnEtMEk3Ri1TZEtXVU5JeExIYlJxNXNTR1lnbldEZ3lfN1JYOGFBWlZiQW1kSThQWGl2ZGZRWGlYanhhN3lFSWdhVmJ5cUJtaW1oTzF5YTJ3MVpSVXYzS1N0Y1VUNzdzUnJiMVQwZy1BdHp0a2txNFNkN3p4NnFOTVh3enZGeER2VUlTc2NOa2hhQm5OTnN1UnViYlRjNmdtRU9oRThIMXJWdTNGZ3dVb1Ixd1F1UURvODd3d21nQkxNTnItUGFObw?oc=5
MRK,2026-08-20,"Dow Jones Futures Fall As Oil Prices, Bitcoin Jump; Walmart Skids On Earnings",Investor's Business Daily,https://news.google.com/rss/articles/CBMiuAFBVV95cUxOa0syUWR1dVM4V1cxSjJMZVBBQkRQcXhKWjhvTkp3eHdDV3ZtT3hiTEJFOV9MZU5Ud2RBOUNrSkxuQmxldmpzOVg3S2EzcjQtRjVNeFVOM3dNUk9pbGl4V29rNGJTenI3eTF0LXdWekJaMjdjWUtsYVNzY0RadmZNenBTMHVIMGVmY0lQUTByT2VydWh2VGVHS1ZBakR3azNlTWFRc0Vsb24zQ3oyNmRYWjZfOVhOa2tY?oc=5
MRK,2026-08-20,Merck & Co. stock jumps to record high as cancer vaccine data eases Keytruda risk,AD HOC NEWS,https://news.google.com/rss/articles/CBMiywFBVV95cUxQbVROc3d1T2hXQjhwSzFrZlRsbHpvSEhuUlhzTE00cWRMLTNQWEVZdWNWbDduQzZRTUx0OXcwN21OTXljX0UtQkx4RWp4bkhXeEhNS0E1MkF5MTVNdTdSUmRqMS1jVmhSNC1kTGllYnhOYkc0U05ha01ReTg4Nm0xVUJUTXdoYm9tVmgyYl9KQXNTOHA1WGthaWE4eGhfOGRYdGlCVWNadEJFSFhNcUhGdkpVMUJRdGpDTnZZMFI5dUdUeHRXVndXUDRaRQ?oc=5
MRK,2026-08-20,Tempus soars on coattails of Moderna/Merck cancer vaccine,Crain's Chicago Business,https://news.google.com/rss/articles/CBMitgFBVV95cUxOSWZQMUxFTGwydWRjSlRhcnZnLVJkVXFZbC04N25hMnpfeEI0UDdXMDBfMnVHVElvcHhHYkR6LUtiVkFOQU9VcUV6NWNhWWVNT2o4T0YwaVZmLWZydHpPN3JwdzBNZ0RMNGNDR2FXV3Jwb2VLRURqN1duOUIxRjRqNjJHM1pqaXNuQk82bnEwOU1XRlYxbENySjJEbWlxS3RUbm9mUnFPdWxVTkZSSHgzYXI5Qmtrdw?oc=5
MRK,2026-08-20,Moderna Adds $44 Billion To Its Market Cap. Was It Too Bullish?,Investor's Business Daily,https://news.google.com/rss/articles/CBMie0FVX3lxTE1fbEdTdUUycnAwSENOaTBoNFd5bXNlT0daMkR4V29xYjQtcFlWVHgwTWlWSHo4RE5PZ1pTSGFYYW5raFgxMy1RbXFnS2JveTRYeVBVenhFNVFwTVU2eklFa2pzQjNuZEc3UjdEa29Bd0Vjb29NSUpnVmxrRQ?oc=5
MRK,2026-08-20,What Moderna & Merck's cancer vaccine breakthrough means for healthcare stocks,Yahoo Finance,https://news.google.com/rss/articles/CBMikwFBVV95cUxQMEJkNVJyai1sbmZzY2FxaUswN0hKY2hjYUcwMWhiOEdDZ0t4dVRPeWhSWklPSEF6djYzaEsxVHBJZzkzNUZ6SGY2UXF6Q0lNTHVibkVYaFdWcVRVLVBnQzFUeGNMV0RiaEUzVndsVlFFa1NHbTNzMVdDYzRRaklUMEp5WWQyMDhQWUVKQXB1VjBlYm8?oc=5
MRK,2026-08-20,"Merck-Moderna cancer vaccine win spurs stock jump, speculation of Keytruda-like impact",fiercebiotech.com,https://news.google.com/rss/articles/CBMipwFBVV95cUxQZkl1S29sOXlrMGZfRnJ3QjQ4ZlBDVERYUGRQS3dLLW5oVWRqQkJJM3lodlUwTUdDVlFGSGxXTFBsVDFPeFB3VHlyRFF3aUlRdkRudlQwZ09MZzgtLVNrZUdQSnNTRTYzQ094LVZmR2NXZ0JZNGIzcHRHczBXMVphajNYSUZMQmFmWDQwS2I5SWlFal9jbWJTeEY4Y0pZNXdOc2EtdmJuRQ?oc=5
MRK,2026-08-20,Moderna and Merck & Co are the stocks of the day on Wall Street,marketscreener.com,https://news.google.com/rss/articles/CBMitAFBVV95cUxNZ2FiOUJmMjRWOUR0N0FNVlJxZ290Q09FMUVBajdSUExZbndzSktXTVBYcXJHSGpjajhaMkwwOWZHVWVPQkJvNlkxdm53V2M0a1VjaWk3akhoREdMM3BQbHpUM3pxZU5wckxnM1hiQXJWczRQWlFzRGFnMFVMcWJJZG1tWWppRGktTVQxVEFfUzR0QTJKUmZXeGh2SldFZ0gySU1uWDhPa3hRaGlPQlFDakdrckU?oc=5
MRK,2026-08-20,"Moderna, Merck Shares Soar on Cancer Vaccine Trial Success",Investing News Network,https://news.google.com/rss/articles/CBMicEFVX3lxTE03RnhLVHZ6dklMb1NYVW1sUTdjWk5Vdl90X3BiUGxud19pR05jR3lPMTBFTFpnc0ZmY1N6Ml9aSDFId3A5ekh3LXhXTEVBeUxsUmRSU0ZLTXdvYVVVZkV4UzdwTWVFNVB1VnEtdFBTaWM?oc=5
MRK,2026-08-20,Jim Cramer's top 10 things to watch in the stock market Thursday,CNBC,https://news.google.com/rss/articles/CBMiogFBVV95cUxOcko1MGNDcWhVVklSM000ekRtQWlrcG9sanVlNGtDeS1RN0JsNlo0MjZYc3lNZHhuNC1XbzFieHdkaXQyXzRFbEFueTE2VVJ1cGxwQUpfcGQyVm1TelFLck05WW0wVGdkb1Ezb3A4LXM2RzB4a3F0MnJhNWRBMU8yak56djBtWERoQm1XTURhZHVpMUZUWFdhQV82bS1uU0pLeEE?oc=5
MRK,2026-08-20,Merck upgraded at Morgan Stanley after cancer trial win; RBC downgrades,Seeking Alpha,https://news.google.com/rss/articles/CBMikgFBVV95cUxQeU9IRWlLV3NmcThyczFkV2h2M1B3OXZ6VlcwWkJydFU3bUNiMFRUU2l0MUh4R3pLTlBKaVB1Zk92MXItR04zQ2FBVGtpcWU4TGttN29xQzJkd1o1d2RiOTNlMzBMR1E1djNieHFMZWhia0RzcFJESnU4UnluUUF5U094NWR0YXZkUVQ4U2hjS2lNdw?oc=5
MRK,2026-08-21,"Elon Musk Says mRNA Has ‘Tremendous’ Potential After Moderna, Merck Cancer Vaccine Breakthrough — MRNA Stock Falls Over 11% in Premarket (UPDATED)",Yahoo Finance,https://news.google.com/rss/articles/CBMilgFBVV95cUxNR0xPeW5EcjBpYjM4Mi1GTVBCZlZrYTVkUGQ1cmp4TGUwSmJZX0p2aXRBZDlMaDJMVUZtN0hVZzNabTZqemF4NDdtdVZWR21kdDd1WDBvQXVUTl9UTmxIQTl5cWpUUTZZeU90N3V6MURGYTk1S01RYVJUS1lCdGJkNEJpYUE2OG1yVmoySTN3YTl4a2w2cnc?oc=5
MRK,2026-08-21,Merck vs. J&J: Which Healthcare Giant Should Investors Choose?,Yahoo Finance,https://news.google.com/rss/articles/CBMijAFBVV95cUxPd2xmV0o3MnMteHRtX0lTYXI5VlNGUEpVTzE4a2lsejJQenJUYzNZTTRUNFZrVWtzVWlZUmxXV3NaNHhUbFMtdmlEdy0xVGFfbHNEcGFHVWNPS2trV3pQQUYyUGJUX2t5Z21tWDVFUTctN0N1Vm1PVF9SY2t3b3BBeVJlQjE1LUVyNERWUA?oc=5
MRK,2026-08-21,Why Is Merck Stock Still An Undervalued Mega-Cap In Pharma?,Forbes,https://news.google.com/rss/articles/CBMiuAFBVV95cUxQNmIteFY2VDZ3c3JLbkVmaWpoNGNNOXJOd1h3YkhCQzFoWTlGUkFwdDJUZjB3NG9ORlNublM3bkJmR3dqWUlpUXFmcVB6ZXNadURYakxHc1NDU295Zzc2anE0Z1B5Y1MxOGFaU2lmSE5meEtENG1aVDZYOEF3UE1SNXpyWE9oMk9FQVROUk1PMHdDTjJWaC1ORklWNlRsNDdxekFmdmxacG1wamJpM195WjI1dFRwVTZ1?oc=5
MRK,2026-08-23,Tempus AI Stock (TEM) Opinions on Merck-Moderna Cancer Vaccine Trial Success,Moomoo,https://news.google.com/rss/articles/CBMipAFBVV95cUxONkN0YlRLLThBV3NoNzN3YTBidHlUZWJhbGkzenkya2ZaYm84dk1DZXV2dG5Ec21wQTZ6Q3FoWFdnN3ZaWXJzcUlCRUkwcUhGMUppdHp2VkVIek5nVGJXOHF0bnhsQUtaRXhiTmNFOWg4anNycEV3eldya2JNSGI2ZUQ1Mm1rZ3VWWHVLVGtlb2I0SnFkOXRPVVFYTHRTcUdUSmhkeg?oc=5
MRK,2026-08-23,"Global Big Pharma Merck's stock price is soaring, revealing its strong presence in the U.S. stock ma..",매일경제,https://news.google.com/rss/articles/CBMiT0FVX3lxTE5ablJNbWlaYzZEX2VyYkM3a0Q2dGd5U0hwNUlWc3BZZXlLcFFYZm92M19KT1JCUlAxOUZiTWZ3SWtoUnoyaFo0dHJTQUlpd0U?oc=5
MRK,2026-08-24,"Pfizer Stock: Wall Street Sees a Rebound, Here’s Our Price Target",24/7 Wall St.,https://news.google.com/rss/articles/CBMiqgFBVV95cUxQdFdHTXhXVWY4TUF0SFl1b2hCQk41dU5uWE1ad0xnNHRnenZDR1dtZHZ3eS1Fem10bF9DdUxkVDV3RFlMMU5RS2ZDeWtJeHpSYy0zU3RWeTBVNU85c0dYSTVkR290TDRiVkR2UHRLSWM2ZUtnTnA5Wm9VcVRFMy1GTGdkNnlFZnh0Mkd1WExtRXlET1BVb3M4WUNraFk5TGZHZjUtTExQQVRkQQ?oc=5
MRK,2026-08-24,Is Merck (NYSE:MRK) In Focus As Oncology Leads A Healthcare Advance?,kalkinemedia.com,https://news.google.com/rss/articles/CBMirwFBVV95cUxNVnQ4TlNrV1VoczRKRUVmLWgzQzFzTnBtelV3blV0S3NBaGtobVFMNUxkQVRPVXVQU3FXaTV1UG9XS1p2eS16dUQxZTZ4VHZhUXpkcXc4cTBINGtUV1h5X3YyNncweGVsc2VFeXpLY2xVUUxoeksyU3cxeWJ5TGNHUkM5ZDBZdGtVZmk3X08xY2NBQWtFYmM1Z25mdG5mVVhEbkJabzRqdkVyeEcxQXhn?oc=5
MRK,2026-08-24,Inside Moderna and Merck’s cancer vaccine triumph,STAT,https://news.google.com/rss/articles/CBMijAFBVV95cUxNbGpxNlJCcm1aM2pwbW1CVDBiN01HSmQtVjdyVnNUaXNVRHFEZTRTdmg2RmhjeEYtSnNOUmhLXzVENld6aFdSczhKOHR6VVNiZUZvYmlCSWdSNS04UTlMM0NxM082S21IQ2E3ZFAtb3lyeVlMTmpPaGJyWHQyUXA3d0pMc25PS2FmX05uag?oc=5
MRK,2026-08-24,Should You Buy Moderna Stock Following Its Cancer Breakthrough?,Yahoo Finance,https://news.google.com/rss/articles/CBMimwFBVV95cUxPbGU2bGF1MUhlY01hMkF3Wlk5UFlBT08wdUVXeXRWUmZkdFlPMFRUVHYwVXlkVXRlQkV6dlhZOTg3UFJTTDRfeEJYLTFURjgxQnBVaUxnSEQ5eVV2dlZxU1BxVXF2UzY0RnNVTVVObnB3aFJwRXRpdXJaWVRyMEJkS0dxR1ZtQ0tSTGpPd0V1Z2s5cGVfaUFIQzZvdw?oc=5
MRK,2026-08-24,Biotech stocks are breaking out. How Josh Brown is trading them,CNBC,https://news.google.com/rss/articles/CBMioAFBVV95cUxOSmpXUURvTTdBYWIwX3A1Ykk0QUJma1NIQmlKMGhXRld1RThWTVhoTjdISld0ZE43clUwYmppQUdXT2Zkam5VbnBSa3dWeVdKNUdHVlFSem90VlN3UktPMG5qMlhTQkIxMzJBSG5IRlFIRVVVeTdXOUZVU1YxTUo2dTFGeFhsWUo0QkJSYzMxQkF3cmVUdGdvaHpRS2dkMk8w?oc=5
MRK,2026-08-24,Top Biopharma Analyst Sees Biotech M&A Market Reopening After a Long Freeze,24/7 Wall St.,https://news.google.com/rss/articles/CBMiugFBVV95cUxQTHZfZnJDRkEwWERHZ2VtejMzRGQ4UlBZdzg3aGx2b2RBckd4eHZXd0ZEdk1UZXlGdEdDaUNabnhDck5tZmJucnBLS29pZ3NnZkc0c1hOM09nWnFWeF9lVVI0cXkxSGNTTkMtVFNERE1vaDQ5V1dlLXZKWFdncnlnb3pqR1Z1Qnk3T2Y2T3VYVWFwT1BWOVhESmRUdloyQ0tKc0xTRTBzNWVOa1E3R2pJM09SaHZZTGpiTHc?oc=5
MRK,2026-08-24,"Moderna Sinks 7% as Traders Book Profits on a 392% Year-to-Date Surge; BioNTech Drops 4%, Merck Slips",Yahoo Finance,https://news.google.com/rss/articles/CBMimAFBVV95cUxQTVRaNkpWSnc3QTdwd05peGdFQ2VqcnE3WWVsTE9uZUQ0VklrV3E3LUlHLU5kRl9ZTXBYTGtNeTh6NzlEQlVlMHBSUHlfMkdLVU5MMWVRZ2dKRVRmWjFyZ1lueXBmNFhRYXlCWlZURW4ySEg2SFFQWnJvcDlPSVFHdnM2Vkx0UXpRNjd6UEduX3gxQlloRVhreg?oc=5
MRK,2026-08-25,Moderna’s Cancer Vaccine Gives Stock a New Growth Story. Will It Have a Happy Ending?,Barron's,https://news.google.com/rss/articles/CBMijAFBVV95cUxNbFd6bEtXcG9POThoVnFGOHYtc19kMzNwZWotd0FzSXVSU21WdFR4OUE4RmhkWmd3di1nU09heV8wcWlkVl83M1IwQzhDSU5IRnVXUUJ2X2J4QjBYMllnZHc0VGNhRUcwZ1d1Z1lBanp4SzJzSE9HaDFSbE1lVW8tMWlQMkJ6WFZRMWlNZg?oc=5
MRK,2026-08-25,"Why Did RUM, MRK, NEM Stocks Jump To 52-Week Highs Today?",Stocktwits,https://news.google.com/rss/articles/CBMiugFBVV95cUxNb2hGWkd1b3dEaHczLXppbE5fWVU0OURvZ2xQcFBFeWtDUzRPMmhQdTJkTzhPRVNQMTFuTlJWMkJaTlFQTy11M2dHLWN3TmZzSE9FeXpaeE9CYmpjd001MFlza3RvaTRCWXkteFAwTGo4Z195ZmpyTW16QnZ3Q0Nzc29PdzJEaUZWWkpGd0xmMEdlWGRhblRyb2pzWVZoblpTeUVsOGhIRmVabFZWc2ozNGRkbjRtWFdYcEE?oc=5
MRK,2026-08-25,"Moderna Rallies 11%, BioNTech Ticks Up: Is the mRNA Trade Down to One Name?",24/7 Wall St.,https://news.google.com/rss/articles/CBMitgFBVV95cUxObTRkU1BvSW0xbURsMjJqRExacjZEbFd0emloQ01MZFM4MjVnRkxOTzRFWWdsc2NDajVSSkNYanhnbVdhMG5seS1UM1k1UDdYM3FPUF9CUDFVYUZfZWtTRndHRm9JMVBBX25rSDloQ0M0LW55SlN6NGV1eTc1Nnd0YVk4SGRnWXVlbXh6ckdfbF9rNzZyRUsxdklyOFBZRnBqaGFmaGJiUnIzLWd2ZldZdHBNUEw4UQ?oc=5
MRK,2026-08-25,Cancer Vaccine Breakthrough Lifts 5 Biotech Names. Here’s Who’s Best Positioned.,24/7 Wall St.,https://news.google.com/rss/articles/CBMivAFBVV95cUxNUWEydk1sdWQxNzl5dUM0SEF4ZXBXSC1lc1pEN055NzdWNklvbk5CbVM4cTROSmxrbDNJUm12SWs5RGlCbXJMOTgwMFNDT1hjSjAxaG1IcUFna3M4c2o3d21Da0VMeXdiLW1PZ3NUSTJxMlhzU19DYVNkSExoZ2tSTnBzdVlHU3FkeVlNbVFHVzV6eG1xc0NXUUt5VVZqX3B3eGJTZFRfRkVYR1ItRFgtYTVGdmRuS3puTGtnVA?oc=5
MRK,2026-08-25,Three Cancer Research Stocks to Watch After Moderna’s Breakthrough,CMC Markets,https://news.google.com/rss/articles/CBMipgFBVV95cUxNRGZ2ZHpQTF8zQXhHRENMTmpYU0NEcFRYUm9Sb005ZEdablhtMTBoQlpZT0wxd3hzUk9jbTJQSjdtZktxa085a3ZSa3RDbERZN3FZUUd6SU43TFkxV3BlcWVyMDFibFcyY0lFRUYyQ0EyZndralUtVkRFd2Y1WGF0NTBsUkJPYjF0ZUhDcEpBWUtPdjBvMThQeV9LNmVnNjJ4UEU2ajd3?oc=5
MRK,2026-08-25,Merck Just Gained 19% in a Month. What Would It Take to Get MRK Stock Up to $200?,24/7 Wall St.,https://news.google.com/rss/articles/CBMivgFBVV95cUxQLXYwLTFZMU1uMFdrdnk1Q0F0TlQ1N29ERGp0XzBiRVN4aklxUDk1X0JjeE9wdFVGS1FKWmZJOUotWlVGRnpNalNUMy14UG9HZzVsd2R1YUNuRUJfS2txczRtVmlrR3ByblI1WEN0YmFBZ3ZzZDFTb2hMZnJjUjZSaUx2VmgzVGRoTndOeHRvT0ltZFl1MS1JMWc4MnQyLTVCUjBjVGpacjBKZFF2R256aDJQWm9MT0hWYkhZTV9B?oc=5
MRK,2026-08-25,"Dow Up 136 Points On Gains For Shares Of Merck, Goldman Sachs",Moomoo,https://news.google.com/rss/articles/CBMikgFBVV95cUxNMTJDRHFWUkVZZF9aRkZaWkYyMENFNnBlSVpYaWtOdE1lTzNKM3daX2RQOU9DcUs2cnJwZWlsd0Z0VEthNHlWWFY0LWFJNzVCUlk4STZVTTl2NDNKNWctMjNFdFpVWWpld0VfVGNrTnBGWDRiTVhIRVB2NVZIZmJYam9CS25mLXY1bWdKQllxc29GZw?oc=5
MRK,2026-08-25,"MRK, RPRX Stocks Hit 52-Week Highs – What Drove Today’s Gains?",Yahoo Finance,https://news.google.com/rss/articles/CBMikAFBVV95cUxNNVBrX3FLMnhSMmJQVzhySGlpNzF1YWg4NGlTckxqa042Y2RTS2ttM2d2VmtMdUZqa3Q2ZUZDdFg4a3lwVkMwSjV5Ql85bzJXSW5fQ2V2b2NVaGRMdjlZcng3OXg1MDZkQTFHX2U0dWZ4SVNMcHN1Mzl6QS0xVURIVHJ3dm9kV05qZGE1cklIN24?oc=5
MRK,2026-08-25,What does Moderna's melanoma treatment mean for cancer research? We asked 2 local experts,WBUR,https://news.google.com/rss/articles/CBMigwFBVV95cUxNMGI4Y2VMQTRkMjViTFpET1VBdGVFeWhPUnZMb1ZVZmhIWFRwVGJFNTRGbGR4T0pydmRTM0F0UWIwclZEOG9tdldPTVJlTTk4YU1uaVJUdFF0QkJ3MFNqUTNHUFVaOWxrOGowdWJYbDJVdzBGdXdOblZ4eDhkeWFzN2dDYw?oc=5
MRK,2026-08-25,Merck (MRK) Surges on a Melanoma Win. Can Intismeran Extend Keytruda’s Growth Runway?,Yahoo Finance,https://news.google.com/rss/articles/CBMilAFBVV95cUxORVAzd3NTNXhZWDBJYngzN2NXWlBXOHl2V2NWTW1OblZxbTlWUHVMbG00S0JLc2VITDN5NFM1UERWTXZnbUdyQVJ4ZG9yQzgwNWFRaklUVjFzZ05sekZFRlJpdVl5aDZGTDVmM3BQUERybHVtNnFIZS03QWIwZGwxM2hydllULWlWaENSYktqYmpBSkFM?oc=5
MRK,2026-08-25,Moderna Shares Are Up 350% in 2026. Is the Stock a Buy Now?,Morningstar,https://news.google.com/rss/articles/CBMilgFBVV95cUxNdGUxR1RuVjFTck5hb3JYcGRIYjBnOE1vNnR4SDc0amN0djRQLTk4TUY1SkRJZWJTd1I4a29uQXVDVlk1REdTUk1Eb2xKbFZ1WW9UamF4OC1HRV9HY09DQWl0MGZJeXY3N0JZckZQeG5SazNYTUxQd3lsVlJZa2RudmZobHlQZW55YmROTGQ5ZnlQZlVuVFE?oc=5
MRK,2026-08-26,Merck Stock Hits New 52-Week High: What's Driving the Rally?,Yahoo Finance,https://news.google.com/rss/articles/CBMikwFBVV95cUxPalBJV3lvdXlzbTQ2TjR5N0dEd0hfZXRsZjZjcXItZld5Z0xxVGlDSmlueHExTlBOblhwMmhvZ2EzYkVoOWR5eGtZNlBGZm93MkNwMG9fTzJIVEUzbTZUSF9VQ2pZS1pxcDNZRUJWT3Fob00xZndPTmVoblhzWEYyMmxLMkcteUJjZ2NTbUFOdFRZR0E?oc=5
MRK,2026-08-26,Merck Hits Record High After Melanoma Trial Win as Intismeran Shows Potential to Extend Keytruda's Franchise - Return On Equity,dars.gov.et,https://news.google.com/rss/articles/CBMikgJBVV95cUxOSm91Rjh6Y0JXS1BfSy1PZVVKc2txbFhsUENwTDB0QTM0Y3FNaVdOSmJYVDlaZExSUnFuY0t5RXIxYXk5NlJSMldUQ0VwWkxDUGRpV25RRjdTcFV3SXdMeUhvVjRvM3BpSUVhMzdydlFMMU9OZHdCNGNqZjFLS25aNkI3R25SdUkwX29VVzEtOW43ZHE1eldsNUh5TW5Jei14T3Q4bXREbEF1Z1I5YTZGQ2ZmWlhXXzNLVFFlbXA0WE0wWW9MSUl0ZEhKaUl5Z0syV1VEMWhZek9CVXdwNE5CN1k2bVo1VHFxamN4Y3YzeldJTkZfQ19Tay13QW40eXZ4bjg3M2F5SWJ0Q0ZIR1hQcWpB?oc=5
MRK,2026-08-26,Can Wolfe’s upgrade push Moderna stock higher?,The Economic Times,https://news.google.com/rss/articles/CBMi4gFBVV95cUxObFR6YS04eExxLTVmZkNWMkRVMjBoWVpEVlF6RUFBT0UyckJFdGhfQ2VzY1E5aG5OQUhTUUlmR2FlczV3RTU3MG9JTm52WVhKcTlCTUxxZWZsT1ljMjE1UVVaMGMxZDk0X1F4YTQ1c0taOVd3eVdUN0NHd0poZXVxb1ZUemluZDg1Y0kwZGFLMmw3cnVyeXNrTG9MeFRpWmlJcFJSUjF6UV93T0YyXzdDeG90bjFYUHZVcEdZeGt4WW9LTFV0WFhUUUZHSFJLQWx1SEdBZ1d2X2N1TjRCamtiZnNR?oc=5
MRK,2026-08-26,$MRK stock is down 3% today. Here's what we see in our data.,Quiver Quantitative,https://news.google.com/rss/articles/CBMinwFBVV95cUxQY2hfdG1ZeEhacllmR1AzNXZ0Yl9XNDdnQ2FYMjQ1cmhpckw0dHpHbWVub09UZjVhZFhuWF9mcHNwWWRNTjA1SmtESE9XLUpHbnNSbE1Fc01mOFhLNDRMUEc5a0pSSEZYV1cyTkRUX25kYzliazRhMUREbG9hUHk3cXRZYTUzN1NLbS1PYll0MXViTkJTWnVRZ1gzeS1FNEE?oc=5
MRK,2026-08-26,"Moderna Drops 7% Despite a Fresh Wolfe Research Upgrade, BioNTech Slips",24/7 Wall St.,https://news.google.com/rss/articles/CBMiswFBVV95cUxNZ2Zua0JZNzFWa2NOdTVJSkNqQU5sRHdHeC1qdFBZLTJQR0lOaHU2WXBqMWtIbnc1Ym1teEhUNHg0bW1SSFlLMTM3WFoxSnJxLS1CZ1I5bkhZb3BDVXQwcTNMeU1qRVRjYWd1SkozM1NZWlFRU1N4NWg0d2dEa3JaOW9qSS10d3hMY2ZSZU9vS1lLcGpQQi1oaVhKb2NlX19EanVQeTZOaWxDMEMzdElBQnBVZw?oc=5
MRK,2026-08-26,Moderna Rallies Following Upgrade From Wolfe Research On Positive Trial Data,TIKR.com,https://news.google.com/rss/articles/CBMikAFBVV95cUxPYU5BTlpBZ0xVeWppNHJJYW1hZWJkZkt4Y2FfSnFwZXFXaWFXYUYwN3puTmJrMUhFSTJYaGJWaGdSeG8tMWJjanVTWTBBM29udUtOZ3U3dlJtcUItLWhHRnF4d2hBcHNveEZWeVJZUWh6ak5yX3hkRE9DY3haV0ZZOWhwVXpIM3l6cW0yRERpWDI?oc=5
MRK,2026-08-27,Merck (MRK) Stock Looks Fully Priced After A 127% Run,Yahoo Finance,https://news.google.com/rss/articles/CBMilwFBVV95cUxPd1hMRVQ1VDNtRzZkblU2S3gwNE13UG56dmpNMGdJVUtCME1UUDBJaENiYVBGUl9tWFBfcGFmeG5KSG9veC1DNm9EM0FWaHJzTzlqdjdZbnlHSGdNRFJnZmd5YWxjVVo4QVlSTldqZlVjQ1dVS3VRY1ZJQUdoWXVVeU82eEdBZGF0c3ZnUnAzeXRXNmtHc0JV?oc=5
MRK,2026-08-27,Is Merck Stock Reaching A Valuation Ceiling At 6x Sales?,Yahoo Finance,https://news.google.com/rss/articles/CBMipgFBVV95cUxPbU1DYzZKSEtfTjJzYVNjakFCZVJ2dmg2bVZ5aGh5M3RieEViSnQ0bHYyUXJEQmNDMjVGN0hwNm1famlIWnZmUkdmQVQ0ZUFNakI0SkI1RXBHVDVod002dE83TEJnQlJxVldtdW9kcHlsZnpRSDBCd1d6WWhzc3V0YXV1OElhZllJSmRFcWVUTzJ5dklDX2pWUENhSFZhOHU4RkJMZk5n?oc=5
MRK,2026-08-28,BioNTech Shares Sink as Colorectal Cancer Vaccine Trial Is Abandoned,finance.biggo.com,https://news.google.com/rss/articles/CBMidkFVX3lxTE1Nc0h0TlJmX3JGUHNsaENESTZKMU5HSk5YWWFMY2FhNENkbVlSZm1ncEFpZWhvdUZGMy1EcjRYdzVwaW5KaWFMMTdSaXpWaW5DSzUtQXRDOW1Vd1dqUkxLX1hhank4OFA2MERUazgxbi1iQXBGUEE?oc=5
MRK,2026-08-28,Cybin Stock Faces Renewed Pressure as Clinical Risk and Volatility Weigh on Sentiment,kalkine.ca,https://news.google.com/rss/articles/CBMivAFBVV95cUxOUTQ0RHIwcDhiYm5kSmhuTXZJX2RCODJXZFFQZlowaktONFZHSU53UlZaQXRSWXVlWU5GZ01hNjA5RnM2N0xjUGUtRk1GZ0lmSWJySUpTbTY0a2VoMFRJbk1JQmdDV0NEck9IR0sydENsR3A3WEFITnBkWFVjTGhGU0hPZzBOOXZLR3Z3dU01LXVhMkNVbHFsMGRyRE9ES2JiZDlGcnQtWkVLT0tXOVBRdG1VU2ZIelZrQjNzTw?oc=5
MRK,2026-08-28,"Warren Buffett Thinks Investors Are ""Gambling"" Right Now. Here are 2 Stocks That Should Be Safe Bets.",The Motley Fool,https://news.google.com/rss/articles/CBMimAFBVV95cUxOV3IxdGZvNjZ4MEhYQjZ2LUZuSzgtaUtvSXR5YlFjYW5uUGxiNlpnejhfVWpyNk9xcEJxTl9GM1ZTTW4tTWxvT1RmWnVuWEdmSzNGak9OazNsd1RId3l6ZTFFdVUyZ1BVWk5QRHloZ2R4QXVQaFV6ZFFRM3A0MlBzcW1NcXk4ODc0U2IyTzktcUlKck10X2NmOQ?oc=5
MRK,2026-08-28,Moderna (MRNA) Stock Earns Another Upgrade on Intismeran Success,The Globe and Mail,https://news.google.com/rss/articles/CBMi4AFBVV95cUxQSVJLUzJ3TVF2OWUwZVNZTUNIaDFLYWtBM3JTLXJYOXhRd1JMWVJnbmczVS1ubk9RZFAwUXZ6WW1kb245Q2NiUDRJSEVQdEFOV3I4YjBGanRxLTdVRmJMR2tRYjBjcVdZTlg4aUllUkxtZU81S01BRXFaN3NYUmtQRWFrZnpsaVNiQkZPbW9FaEE4ZHlnUTRBblNBUHZKSUZCeDUzRF8taXcwV3d0cXNHN2NsT2RNLWg2ejVRcmFwX1U0di1LalhjT2gyYXZyNUdRQktIOVpNcnNUSW9OWTRRaA?oc=5
MRK,2026-08-28,Moderna (MRNA) & Merck (MRK): What’s Happening With These Two Stocks?,Yahoo Finance,https://news.google.com/rss/articles/CBMingFBVV95cUxOdGVhX3BOWllSdHI1ajNmTlYtb29NVEJQUF9VVDVURUJxSzBlMnUxMjVCbWpDd0pxdGdjdDR3cF90SkdYaERvV2hIVERMSHJ1TVNpcGU2UGItTXQ4RXkzLS1KZ3dZUC1FdWd3YzVFRUk5dTRZZEhxTDQ1dVVfMjdnTXFXYnM2LTlobGw4UmpTMGZ6SmN2dDdQblFWaHBfZw?oc=5
MRK,2026-08-28,"Moderna (MRNA), Merck (MRK) Cancer Vaccine Wins in Late-Stage Trial",Yahoo Finance,https://news.google.com/rss/articles/CBMilAFBVV95cUxNQmdtRTlsbE9iUnFZOUROU2FNVXJITXpyRWwwOVdYcWZNV1U1QU51a3k2RDNFQjkwYXBVSmMtMWpLUEVYRWlTQXI2b1pRekt4czlfYlJ3WktmTVJSeW5xRUxSR1Q0RXB2M1luNFFCdHJQZUFpMC1tbGRWcVNyQ3JFMktaLURqLVNDRHVacEc4aGJFakZk?oc=5
MRK,2026-08-28,Forget Nvidia. Johnson & Johnson and 2 Other AI Stocks Are Beating the Market by 29 Points.,Yahoo Finance,https://news.google.com/rss/articles/CBMilwFBVV95cUxObjhhTzlwaEdENWwxSlJOUjl1TUEtYlpmam1pSnBLYU5yYm9peDYzVTVDMzFaZGtpWjBZQU9FTzFkOVpSSU9rd1U4cHE3RUgwTl9EdVZZZVJOUUVhdzN2aExwaVgtLUZ0SFVIV0dIcXd3aWhlOHNTd2ZHcVpwNE9hYmhCYmg0VTYzdWZtZFB5QWVDaUdsQXpn?oc=5
MRK,2026-08-28,Bio-Techne To Be Acquired by Merck KGaA,Morningstar,https://news.google.com/rss/articles/CBMilgFBVV95cUxOMWxTRGk3SUtOdEEyb0lVTTRyQk5hbnR5RU1oYm5aNUo3czlLZGJlTFRVd25LSXdpdlBkR3NfNWNBSHFsQ3BXTm4zaXZmeklhYWRlX3Ytb29LZFUwUFFHOElENmZTNUhlVFFzeGlOb3NYVFpuSnFqeXZvU2lTTHFVcmJmdjREQ0VUcDNmWnEtZjMyUmhLaEE?oc=5
MRK,2026-08-28,"US Stock Market Jumps: Dow Jones, Nasdaq, S&P 500 Futures Rally Ahead Of Mega Earnings; August 4th Outlook",Goodreturns,https://news.google.com/rss/articles/CBMi2gFBVV95cUxORXFQOGNGRmRWMGs1cGxoSEMwYnlWS2plR2JvZFVPYWl5N0ZSbjFMMVZ1ZnhlRW1LYnJEWU9sZGFKSFYtRGFMbkFjb2R6b3RRZWdHT3NtMHJiVG1CSVZJUTRJZC1MZmdOSkRRczBNcFpXbDd4VmV0a1M3YTBPMXJENDZYSHY0dTF4SFJid0FObENpeDF4NllRT214REtjQmtjMm14Q3IwbU9HREhaZjd4bnpQT2NhWW9XTjNCaHl2Y1ZZM2dUNFdPWlc5dDFaal90Y1o1XzRQM2V5UQ?oc=5
MRK,2026-08-30,Is Merck Stock Outperforming the Nasdaq?,Yahoo Finance,https://news.google.com/rss/articles/CBMingFBVV95cUxPRnBubjFGWlp6R3ZUYWdwSkxTbnR6V1U5LUJ1ZG1MSEQ1VUdScGl3ejRhSDlFdkRIVUppaEhsVUNMTEpaLWxBYTRyZ3RGQVdsQ2RvU3g5RHJtSENKQmo5Ny1sOU44a3RvUzhPYzM3ZWlFSE00eGM2TmZ5UnBrV2FNY2FmcUJXS2laZnBGZ3k0dzQtUlZZYmdoNUZBNWFjUQ?oc=5
MRK,2026-08-30,Is It Too Late to Buy Moderna Stock After Its 127% Surge?,The Motley Fool,https://news.google.com/rss/articles/CBMilwFBVV95cUxNeWY4cjIwRERQSkUxLTJTbUpLX1ExMzhfQ0U1S2lwd0xSbzktREYyZ05LNVQwWS0wcVdKSlZ1V2pEelZqYTVKNGRBTk5mMDFUYkMyekQwSkJ1eWJtdGpfbS1VMzN2TDJ6UUFINU5FNGFDdjkxd0FrY05xTG1JRGs2anQ3UEhSd1EzeVRIekc4dmYxcV9IeV9B?oc=5
MRK,2026-08-30,Merck (MRK) Posts First Positive Phase 3 Result For Personalized mRNA Melanoma Therapy,Yahoo Finance,https://news.google.com/rss/articles/CBMilgFBVV95cUxOOXZYMTk3Z1kwZFFHZWVPT002STBXYkhfN2RPdDFld1IyaDlIQkRxVlU5ZDlTalRsM3A3TVljMXRCU0FnN0phbGhNY0UtblJXd05lQmQ3aUxvd2h0VExuX2lpMVZsTGJkdGVpYUgzSXFUeDVNQTJIWGVmeUg3LWs5UWJKRmtWNlk3dGVlX1JuRlFRNnZwV1E?oc=5
MRK,2026-08-31,Moderna-Merck Personalized Cancer Vaccine Success Drives Healthcare Sector's Strongest Week Since June - Profit Margin Analysis,dars.gov.et,https://news.google.com/rss/articles/CBMiigJBVV95cUxNLXJ6OXhCVG04X1FiZjZ5elJiZ0tpckRTYldKZ1hMYlU4OWRPc0lVd3BVQXhESHNqczVMaEpSZVNHbjZKXzVweVFEdGJ4MEM5TmxjTHZsT3M0eXdSMVVkSnZDVjBWSWdEaURVdlVlS1l6dU9iZ2lNamVMN0JZb1V6QU1WdFpzZnE5UGRMSGk2VUdDY1FMX3RHYXNxMVgwMFh1UUR2aThDUEJuNDZFMzI1cVRDZjA5UFlzd0I1Q2tUZFU2MUFzcGJkZ0pjN01MMkpyUW44OXVDOW1QWmNzYnJPelA5ek14TmZScG1tdXY4LXFqZFRjY3dUS2xvR2YtTGNBaXYzd19lZGZlZw?oc=5
MRK,2026-09-01,"Moderna Stock More Than Doubled in August. Is the Stock a Buy, a Hold, or a Sell?",The Motley Fool,https://news.google.com/rss/articles/CBMivAFBVV95cUxNRmlici1vWEZpdGdOWWp0ckZGVzh2UjRNQlRRYUlxdFdvZGRvcGxtTmJueU9BME5xWDM2RndFOERocEZyWFp5ZzVrQzR6RE5kY3JHU2E1MlZvMDE3QkxFaFpmRENuV3NsRjJybmJncUZVN09hZGhRR2ZpS3JCMVU2c2JoaERuYURRREpJV2F6RFhKRmNrNjhaa2x5Z0lVeWhQM0dZMmN5UWJadF9qdWFRM19RQ3VKUU1Zb09VVA?oc=5
MRK,2026-09-01,Healthcare ETFs to Watch Post Merck-Moderna Cancer Vaccine Breakthrough,Yahoo Finance,https://news.google.com/rss/articles/CBMimAFBVV95cUxQQWtQbVNLYlFiNWJwLW4tY1BkQVdmVGJvaFUzMm00bGU4WE5pOXFVN2xzUTZXbTVyaWxDb09aU0lIWDF4RDhOaFduaW9PQzNCUS10ZzJpbC15Qk9CcWwwRTQzN2ZqbmRta1BSMHk0dzdCS3I3Z1ZzWkJBTHRXclZSd0x1WWEwVHNVTjEzS1dHNlY2R2NmY1VtYQ?oc=5
MRK,2026-09-01,HSBC upgrades Merck KGaA to Buy on attractive valuation; shares climb By Investing.com,Investing.com South Africa,https://news.google.com/rss/articles/CBMiwgFBVV95cUxOcXMtZnM3enlYSmF0blFJNi1pMlp2UlhlblA1NHdLRkRKNWZWcnUtZnNTbFBFTkt0RDN3WHVzTkRFYTFIVEp1ZFptaHRwcnUyNnlsT2lMa0lBUzZMUGpvUGkyZXBWR2pCUThPWmRibk1iT3RzRjhYcFZ1TUp4LTViN05zLWxTVUltTWhIUUZSV3NrNHM2c0tNRlRjbmctWVJpWVpVSFJGU0ZVRDhQQU5pcjNkQkw3ZXY2RjZPZ3hCSlVTZw?oc=5
MRK,2026-09-01,Did Merck’s (MRK) First Positive Phase 3 Individualized mRNA Cancer Trial Just Redefine Its Moat?,Yahoo Finance,https://news.google.com/rss/articles/CBMikwFBVV95cUxPcEtIOUxxTWIza25pbGRuMFhyODdINFpMTkRsMmRxTW1VNlJnX1d6YXBrNjF2TERwSXVYSDdqMExPZ1hpd1FyWk1hWWlUTmZKLXFBblJST0lVYW9wSjVMVkoxMldxMHJMSUVuTkJrcjdENFZzT3RoVmNTamd3YlZhRVVXMUFMLVRUeE9jRFotNURDdWM?oc=5
MRK,2026-09-01,Merck KGaA shares rise 1.7% after HSBC upgrades stock to Buy,Yahoo Finance,https://news.google.com/rss/articles/CBMikwFBVV95cUxPOUMtY3BCOGVhdmk3LU9xR1AzZUtCTW1Bd1hCX0tETE55ZmhrcXh3VTI3djNpY3lRaERoZVI2UTl3VHFVYU8wdTltTmxqN3gxeDJoaV9nY0hnUjc2RHJrTGFvUXdmNmR2TzNYV1lJX0NwOWpjSDJ5OS1KTzlBRWtWRlpMRUU2ZzNkQmE3REhZWVBFSm8?oc=5
MRK,2026-09-01,Why is Merck KGaA stock climbing today? By Investing.com,Investing.com UK,https://news.google.com/rss/articles/CBMioAFBVV95cUxPc2o2V3lPb3BZWEZnVU5vLU5tSkk3aFVnUXliUm5QX3d5T0Nvb211cmJjb1FSSTZkdVVWOTRWdXo5eWIyc09pSm9WV2ctUHFKdzFHQWxUaDZRcmplcUhnSG1CbEdZVzFRdXpNNG1SMEQ2T1NaNkxjYVJzYzNpVU93VENoUjBnV2VLUTI2RHkxVmNUU1Y5T1hhREwySWtJcllz?oc=5
MRK,2026-09-02,How Does Merck Stock Compare With Peers?,Trefis,https://news.google.com/rss/articles/CBMirgFBVV95cUxPUmFjX0tpd1pTZGtuanBEX2oyZFVkSGRjM0xtVFRYZzFzcFdVekdiUEZWTWtxZzNTZzRSTkxqRHhYYTlVb3JKYUkwbmh4US1JQWpUWWZVYjMtYnRqenRHWTlndS1uV0hzUTExa3VDMXRfZVU1RThheWRDWEFOc3lXdkZEbGw3OVVfNzZzSFBBU3ZQM0VyWGstMTFRZHZRaUZtOW8zZXg0LTRoRzJxLXc?oc=5
MRK,2026-09-03,BioNTech vs. Moderna: Which Is the Better Cancer Vaccine Stock to Buy Now?,The Motley Fool,https://news.google.com/rss/articles/CBMimAFBVV95cUxQOUhLQmp1M3VMYXB0YlpqVkJYeTlRMGNLZFk0S2k5ZFNnQkxRYmVfeTBicHF3WE5ySU9pZFgyMjNGTVVDamtsYzlHZzhNVjhkU2ZBTjhKanR2aWRVbFJ4Si1OYUxxRFl2UDUwQWgyNEJNaW9BY2p3Z05rSFkxTjdjX0FTWXg2RGNMTHVOMnZRV0ZvaE84WTd6ZQ?oc=5
MRK,2026-09-03,7 Dividend Stocks to Buy and Hold Forever | Investing,U.S. News Money,https://news.google.com/rss/articles/CBMiiwFBVV95cUxOb1ZhT00ybWF0ODg1WnQ2dVpVWFdncTRLcXgxcnpuVkQ1RUl0R1c4b1lGMk9SaGNmRkltRUEyTkxJN0d5OG1vLTV6aDRnWS1nVG1yYkdXUnk1N3JsNGh3Wkc1SnhETHk0RnlNTy1DWWRMcXpBTzBiQ2FDMHduUmozcTZubkFreVJfeWhn?oc=5
MRK,2026-09-03,Why Is Merck (MRK) Up 18.2% Since Last Earnings Report?,Yahoo Finance,https://news.google.com/rss/articles/CBMiiwFBVV95cUxOaExiSTEzdjBEUGJxVHBhUzh6bm5Ja3hNZXNjSV8xbUowNFhFWDkzUVMwQV9USjNRU1pZTTBMU0dPdmxlY3VlZkRNLVRxaXdzQmg4MEsxQlY2VEV3cjFjS2tSSmUwUHdMOUpEdXFhTlFZaEFBWXB3eFVaWXJLNTFuQm5NdXN4VHNmRWQ0?oc=5
MRK,2026-09-04,Wall Street Has Cooled on Moderna After Its Stock Jumped Over 5X. But Does the mRNA Leader Have More Room to Run?,The Motley Fool,https://news.google.com/rss/articles/CBMilwFBVV95cUxQUjN6ZVpKZkl2RjZJUTJoOFlBTkpCY2pqVWQzT09RMkFubTR3d1RJcGdtTDIwQXdTd0R3S1VoQ0l1bk9VaEpldVN3NTU4bFRjSkl1Q3BEeTY3TDlCcm1EeTRENG9vNFZEZzJyemo1T09wcVhWeEFpZnZTaEYxQ1Z2bFliOEtGYU1YclByX0p2bzlWX3Z3a2t3?oc=5
MRK,2026-09-07,Forget the Dividend. This Could Be the Real Reason to Buy Pfizer Stock Now,24/7 Wall St.,https://news.google.com/rss/articles/CBMiuAFBVV95cUxQTVdkYW9MLWNoZVBGdENBVGhlQWpKRGdkRHN3V0ZCTzJyNVU1UjMzRU1CcFNFX1BZeFZCOWVJaGdnNHk1T2JDbkxWU0dtSFhwaERYUHdSaTg0MmI1OTNsLXNZeGNfeUtqblBZT3I3MWF5VXFRM3hROG5aY1RBVEtpLUxJakozaWZ1QkVpbmhkTHlNUjlGWGpXbzBGVUZ4b3VpNjNoeFJJYW5VOEVmaEZ5aWQ1cnY3LXpK?oc=5
MRK,2026-09-07,The Largest Healthcare Companies by Market Cap in October 2026,The Motley Fool,https://news.google.com/rss/articles/CBMia0FVX3lxTE5GRmdUdFBZQThSUHo5XzdpNEowb3ZNSHZIVkhld3YyR3RVaGt0MFRxYm1ielNvWHMzLVhxUzdSaGg1MS1ZWlYtWHNIOEhlSC1qOVljVjRhR2NscDExOFV4Z0JlOEt2S28wQmc0?oc=5
MRK,2026-09-07,"Merck & Co., Inc. $MRK Shares Bought by Groupe la Francaise",MarketBeat,https://news.google.com/rss/articles/CBMitAFBVV95cUxPN0NpRHV4bnpPTlNmVXp5cUNBUmFLY2UzWWtoWnpZbVZNUXNsX19MQktRSk1FbktIODBnWGU3RFJoSUVRWlVMc19jWnl6RUpjeGJLTmx3TG03UnZBa1c5TTkxYmcxMVNwQlQxRXBPT2tjV1V4TXRZLXRnRjc3ZDhaV1BpbzJrQXliSjBDN0JDNllaSXBhM3NRY292VFEyLW9jR3hMdF9Vamc3bVN0WHBGbENnQzc?oc=5
MRK,2026-09-08,"MRNA Stock Soars 143% in a Month: Time to Buy, Hold or Sell?",The Globe and Mail,https://news.google.com/rss/articles/CBMi2AFBVV95cUxOSVNvZjhMSTl2aGVFYkNWRnJUQmRoTjhpWVZFUzNCbUYwQ2VOUy1ob043T0tfMHo1aUt6REY3alJYVTJ6V1ZGMkZ3Q1NhaktRRW05Q0ZUYWN6bElESWxtdXNvN2ctem95MU1GWG9IR1JqVWxwQXhTSU5XeE9mS29uOGFNZm5qeE92RGdiOUtacEk5RjdvQlJmZ3VnT0Y1QlNQdy1LdG1QMmxhNGVrS3gtTHlkY0hVbFVZRzZmMlNla29aZkhmbGpOOVdla1N3NkM0TERNWWMxMXk?oc=5
MRK,2026-09-08,Guggenheim raises Merck stock price target to $170 on cancer drug,Investing.com India,https://news.google.com/rss/articles/CBMiwwFBVV95cUxOcDRvS19PQkJZRXZJVEl0ZngxMDE4Y2sxVFUtNk1pQnFvX2JEWlZpb0lRRnl2M0VqQWFfOXZDRFJjWDZ4Y2MyN2NvZElna1lCMnVPb2RnNnp0SjIwOUlWSE9rUGpNWHVPOURiT2dtY1NsOHlablJnVnZhV3RUcnExMm5yNVNrYlNLcWVsUHFaLTRZU3p6Q1dwSFJtbGNjRUZCV05BMlpDamhOTVgxYldOSnRWNHFkZmxuWGgyUUN1aktxTms?oc=5
MRK,2026-09-08,"Merck Trading Near 52-Week High: Is the Stock a Buy, Hold or Sell?",Yahoo Finance,https://news.google.com/rss/articles/CBMilgFBVV95cUxPWFVuNjdzb2hTcVF6QjVQMGNobEt0RG1CV1A0b1EzdkVkaUxVNGd5TE1oUTJuUEkxUG96Z0pMbFNWemR6aVp3dHVRNnpvSktzVHRlV0M2VDFaUDVjNUxxMzZfM1pubzExSU1JMGluSklCbnduVEtaMXBIVF9naE1QOVVkVUtSbmJaUm45WnNIWVB0V1hOdkE?oc=5
MRK,2026-09-08,"Top Stock Reports for Oracle, Merck & Union Pacific",Yahoo Finance,https://news.google.com/rss/articles/CBMimwFBVV95cUxPS1Y0YUVhWWRMbE5XVEtwck9pQzhiTy1ZUGlBNzBhVWhueVFkWnVvcFRCdDBfNVVjbF9aZ1ZkTnJZWmZtU3RXSmdwcEs3WmdZeVR6bWNSM0l5QndfVW15TFRpTmx2TENvbGNoMnZRQ0lyXzlKcUhjTlFfZXpEaHRMNUdxYy1JVFVfYmxlaHpITTdjLXdNekJJd0J1VQ?oc=5
MRK,2026-09-08,How a new tracking tool aims to fix agriculture's most chaotic supply chain,CoinDesk,https://news.google.com/rss/articles/CBMiwAFBVV95cUxNazJSdlRpbkJkWnZneWktalFlSjdfZG1LYzVVejB3MFQwZVdha2ptT1lUeTZsSHpTOW93aE1UY0UwN0Z4a281cVFwb19GX3AzaGdZRGs2ZDFsTXRBdWlFdGFqck9OUkxRQ0xJREllMFJrbU1KV0dKeDFaNXluM24tMkx6NjVrc3FMZFNDNTJza2NCUXgtRHktOUdXaDFSR2JwWk9CUnZ6U2ZqR1lDNGJmNXZja19WSjhrR19YU19SOGM?oc=5
MRK,2026-09-09,"The Zacks Analyst Blog Highlights Oracle, Merck, Union Pacific, CVD Equipment and Koil Energy Solutions",Yahoo Finance,https://news.google.com/rss/articles/CBMiowFBVV95cUxOSDYxTFE4X3JldUFGNVFtc1VyMHVQMFhpY1V4RV9PQmFQNGJsQ3hzN0t2ZW0zbjJ4LTNEck1FU1JHYkk5R0s5R1VWTnRmWnZlZ1ZjMmdNR1pUeDFSYWtPQ1NBSnJBWGduUF94SWM1ZXVGSlpZblpQNUQyLWJZNGRMaVZ6Q1NYSm1tOHBXQW53MXVUNmN4WHZqc01rMzFpX2hVbXZF?oc=5
MRK,2026-09-10,Merck (MRK) Dips More Than Broader Market: What You Should Know,Yahoo Finance,https://news.google.com/rss/articles/CBMilwFBVV95cUxNLXFQZy1CWEJrc1FGM2hyaUh1b1hQcTR0MHF0WmgxT080UU1KZFA3NGdjeFBESm5sdnM1QmZBZVdhSGhPU3ctbHcya2VWbE9vajltbHQyOXJuUUR3TmVHcnVpZEVicmNhcjNseUFGYXZ3MVJPakpNU0V2QXBWYWh3VmJnS1NmYWo5c19KazJCc0gzN3BkS0tV?oc=5
MRK,2026-09-10,Merck Stock Vs. LLY: Why Is The Slower Grower More Expensive?,Yahoo Finance,https://news.google.com/rss/articles/CBMiiwFBVV95cUxPZ0ZTR19BOEZGZzB4ajViRWhuTjhMblFRYkVPZmpIOFRnQXZGSUpqcTRDN0dwaUd2Qi1lY01VZkhZTmxNRnVnVHUtUVVWMXFtXzVXUEJqVzZwNWZHeHVSMW12WTczWWZKaDRzOExKeHl4ODZEdGUwMHJIU083NGJiZVdURnBickp5YUJF?oc=5
MRK,2026-09-10,Eli Lilly Stock Has Become a Trillion-Dollar Giant. Is It Too Late to Buy?,24/7 Wall St.,https://news.google.com/rss/articles/CBMitwFBVV95cUxOTFA5NW4ybkwtci1BMDNMQm5reTZPdlB3aS00dk5sQ3BITWhuT3J6Q0h6RTFYakFYWEtRa3A2VWg3Y1N2aDczZXI0RTN4NUQtWmI0bjdJQWVIc0xLZ3ZPOVBKM1hqbmpGYzE4ekpZbTZ3SlA2bnhjUW1tLU5qZmFLOVBFRHNwS0xHQnd2Z041VGpybjZnN3RPbEhycDRmWmxrc0ZtNXpwWDdtRFhJRE1aMExuenl4amc?oc=5
MRK,2026-09-10,Here's Why We're Wary Of Buying Merck's (NYSE:MRK) For Its Upcoming Dividend,Simply Wall Street,https://news.google.com/rss/articles/CBMi0gFBVV95cUxPQXg4eTh3UXBtQlBRZUxkbjRIa0cwaVdzZE9fTXEtREZFUUlsZkxyUkV3T29xX0ZCRkdxZUx1b1ZlbFFxS3VuUFNrZ3ZOUUo3Rk9tQWZJeDFMRExycVJ4ZHFLMkptd0loWXYzMjYxcUZmZUZzeVd2TDlydTA0cm9UdlJtQ3dTR0JkSzdMaHRqNWRwZUdQeXp3b2dqMUc4SVc4TVRYZEo5S2tJZnpqOWpXR1BYWnduVi1zdV9yUmhiVG5hQlFKcDctSzNqaEtSNjZza0HSAdcBQVVfeXFMTnVBZXd1VEI4WDUyV1dNYThIR0pFb0VaRmFETEJNMDF4ZFNBX1g3cDBVMlRVT2Y1NkZmeUNHWUFCVHhabWxxdUFUNk1CbWFhRGpNSEh3SXBtMFZVSElqV0FfSXRqbVJDcDUtd1RSM2JrUGRELW1pYmJtdUhBZWVVdklpUG9jQXhVLThJTWVadWx3WjNqRXRHR0d0LXRXOF82LTVJMnRsY2haSzhtOENveEJ2MS04WkcxYk9BZVpGOUNNdXBLNC13aWFxMjYwdWZYSXlxUlJEdFk?oc=5
MRK,2026-09-11,"Smith Chas P & Associates PA Cpas Has $46.21 Million Stake in Merck & Co., Inc. $MRK",MarketBeat,https://news.google.com/rss/articles/CBMi0AFBVV95cUxQWWFJOS03VWxnVk9ZTDhLVFNJUTd1TmZOX2JCLWZnZTdYRnNXYmswTmRZY2RKaDZkNHRQQzJWYXRGemk0WVQ0S3psTk5nQXlmcGFsWVE5VVltb2R3d2VpUDlaY1BZVjJiMzhqLWFpZjBZS1c0dVliUnRfa050X3ktSGdmOXFtcUdhVXdwRG00c19Hdy1teFhWVElQZ1hON0Q2RFdUSEFrR2J4TDJwYjhkNmtYekcxX19WVEs4RWVXN0t4bVY0VVBXN0QxaW9pNEoz?oc=5
MRK,2026-09-11,"Merck & Co., Inc. (NYSE:MRK) Given Consensus Rating of ""Moderate Buy"" by Brokerages",MarketBeat,https://news.google.com/rss/articles/CBMi1AFBVV95cUxQTGJDcWFqaXQ2VHVaVHFFQjFHMjRSQW9CZC1kUmJPU2ZjOXNQUjFqOGhtZ05iQm9taDBIMHJseU1YWkZsQVQtcnRBamFqUWluUUZoSFVUdUEzRlZwTXVLdDY2WkJlQW9OdkZ3dWlEaC1NY3lVTWV1OEVES0xwdDlYNTRVSXBUWmR1WnM2RFVZbzhPM2xfYjhybi1XNlJ0dDFWR01rZjRCaHViZE03Z01BRzQwd1FjWEQtVGUtVFBYRENtby1ZM2hrN3lMWXhmdXZlV2dfRA?oc=5
MRK,2026-09-11,"Merck prepares for KEYTRUDA exclusivity loss, s...",Pluang,https://news.google.com/rss/articles/CBMiigFBVV95cUxQdHVRMUhJaW1YNElTTy1NSlM1RnRZVVBoVjdhT0YtNmQ1S0ZmNDdiV05rcVh3amZxRC1UVDROVHlib29oR1hERVpNQmZuazFZcUcyUmY0ODUwc2tkTHl1UGhrMk04eDVoc2Z1OGhNaE5KRWI3ZmtYLTUtQ2ZpajBnNkxWbU42cVNBWGc?oc=5
MRK,2026-09-11,"7,741 Shares in Merck & Co., Inc. $MRK Bought by Talon Private Wealth LLC",MarketBeat,https://news.google.com/rss/articles/CBMixgFBVV95cUxORl9yZjRmeTlrZlhKNHU2TGJERTVYRkMzZWJta0dnYzFSaWQ2Rk92UEZyV3JtaW5DZldIYXBJOGhheWYxUG1MLW9QZWFucllqbU9DZlBmNnlFNUZpYzdxTWpVU2wzM3NGSFlFd3VKUU0tWlhXUEhyNmxNRFhoWVBzbEh2VHgzaGdWZC1aT3BVWWFETjU5NW9BeGtQTDl6eFRFd1h6NDQ4aHdvQkZUal9DZkE0cmdKTURrR1FwLTdoLVltaURXcmc?oc=5
MRK,2026-09-11,Moderna Rallies 8% on 2026 Melt-Up Momentum Even While BioNTech and Merck Stay Flat,24/7 Wall St.,https://news.google.com/rss/articles/CBMixAFBVV95cUxQVGVRRURiNWFYbUdidVFFclBPTVVadDQ1WlR1ak5TRjlncUI0NzFHTGtfUks1X2hkb2tTb1VyMnhVZU50ZmhVYmxzdEVEaDMwb0k3dk5TTlVKZ2RXYWw0RThScERGUEZvMXJzZmRjck1TLU5tVmdnbTFhTXBkbnE2XzBCaFNSTXNRS0ZpeWZYcy1aelRfOG9ZdmNBY2NfZ2dFVU9DcFlPLUhBM25IUXNDWG9CVS1FZU1UdEpuNVZKUlhOWjRH?oc=5
MRK,2026-09-12,2 Outstanding Dividend Stocks to Buy and Hold for 10 Years,The Globe and Mail,https://news.google.com/rss/articles/CBMi2gFBVV95cUxNbndfMUw5eHhWNzBBdG1CUlJ0VkQtWVBoQm8zU1NVcFM0SkNwbWkwcXNMUFQ0VlIya1VjWkxIcDdSalZMQ2JqclZlcTc3STd6MEpXdmtRN0tvUy1JMHJ5QURKbGZaLVlZUHBYWndrWEZsUll5X1BJMHVxWDJrQXlucW56WjBkaWR3cUMyYXBwX1otYVN0blQyOFVkZ0o4OTZ1YlMtaG00U1JRb3U0VVZhYTNkZnhvNmQ3TTRtaXkwdW1wc1VOZ2dWb25nMTFuQ0hZYm1VQ29RTzlzZw?oc=5
MRK,2026-09-12,DBS Keeps Their Buy Rating on Merck & Company (MRK),The Globe and Mail,https://news.google.com/rss/articles/CBMiywFBVV95cUxNb3YycGh6QzZsZXBuam5OM1lWZFFJYldqcmhuYmZkZEJjRjFLQVV6Q1lydWg5TUE3Slh3eEN0TzZYLVRDMmttSndrYTdOOTFfTnZQR3VmZkdqQzY0VUxCYmFuS2dYTWRWRkhuRkI1WkxqN1pYaVFLaVViMlZYaHBxLTB4LW5XeHBETmNmand4VUN3YURkZ1A0NkdYbWM1b1NCZ1hHdlJYUnp4VUJRYnctdkIwVkU0THQzUmhiSkQ2cEVoMXVmM1FSTmtGYw?oc=5
MRK,2026-09-12,Jim Cramer Explains Why Merck (MRK) Is His Fantasy Defense Stock,Yahoo Finance,https://news.google.com/rss/articles/CBMilAFBVV95cUxOZE9xWnZIbF91N2lhX29HaGtielluTDgwUWV5bTdsaU9XLS1rc3dNa25WbEYtMUpXMmluMEI1QWtDb0diWkgyOTFVTEdHRE5zRWNpN2lSMGk2M1U3QldoeVRmOC0xNjFpV2d1NVZVRVVGWTlnaDdWT0k5cUhCNlp4TXQ1ZkdUWWNJbVIxUFNLcWkyQzQ4?oc=5
MRK,2026-09-12,Merck Stock (MRK) Opinions on mRNA Cancer Vaccine and Trial Setbacks,Quiver Quantitative,https://news.google.com/rss/articles/CBMiqAFBVV95cUxOZk4yQWhFakRIeExNenI3TzV5akQ2dVZ5TXJtYTJSdmktMnhNMkNtV3hpZWhZT3ZnbFE3cjQtTGdMY2NzTzZVQi1uSUVuc1ZDTWtyTV9aYWFvN1I5WmZkWDlhY3lKM1FfVzEtcHk3bWpJT0RjdnJrN01NSi1ncUpkS0k5Z3NzR2JLS2RZZTltMW5SRF9Cc2NIZjUtUkpoYXVncmJwaGpFN20?oc=5
MRK,2026-09-14,Merck provides Keytruda at no cost for a cancer trial,Stock Titan,https://news.google.com/rss/articles/CBMiwAFBVV95cUxQZjM2VzhIcS1haTFPamRDWVJjY3c2TUZjeHFKblZad1RxTzE3a2FmbnQ5eE1BSVZlMEZTVmRfcGw2RHBJT292cC1nc0FYSkVGaDJaSnJCOG5ac1NjT3FVbHRtVWlWUHo0TERYdjVCRm1HM3M3ZG1tV3NrdURQTUlLT25WYTZWY2RNZFFlSUppVlZuZ25iQmlZX0FqOENCNnU2bHAwZTZlM0paamtrQjU1WkY0eG10SFo4UTlqV3Bxbi0?oc=5
MRK,2026-09-14,Merck & Co. stock holds near highs as dividend and analyst support underpin rally,AD HOC NEWS,https://news.google.com/rss/articles/CBMiygFBVV95cUxNQkZ6S2p6Z1hmdm5oOS1ZbjNQWmtDc3JoMVdHQlFIUS1LSmFDTjFZd2VjNUZXaU95UTRhOXVoNDVMZEV2a0FGUTRxSENCdVNIN3FoZW8yUUoydXFRRHJaZFRZWE5qVlpZcld1Y3RCbWZLcmdKUXhiMUZPQ19MWHpCdmwxUGplREdPY2syRVJEYmo5R1NmcXF4Y1JIRlhuaWczZnFza2dvMkw5TnpIcWNqQXZaTmE1MlV2LXhXYWxLVWFjTTY1MEhxcm5R?oc=5
MRK,2026-09-14,Merck & Co. stock heads into the open with ex-dividend date approaching,AD HOC NEWS,https://news.google.com/rss/articles/CBMiwAFBVV95cUxQTGxiQXRUbllZb3dXSU4wOVdibFBaNTBPQ0dTQUlOSTN1eEVoam5uYzhBSEQtaG00WUdkQll5OG5ieF9jemZybXE3WkRZSGluY205Ry0tNE02ZnpHQ2E4OGphNEJhNkYtdGpOZUNFMEJBNjlqVEwwN1c5dmVTYjExNUIyM3JyYXpyLWk5ajYxV0JJdTU4ZURsVUFqWlF3QXhuTnNZRnJybDl1aTBOamo0OUR3QXlZMmJiZVNwX0k0Ni0?oc=5
MRK,2026-09-14,Perspective Therapeutics Enters Cancer Clinical Trial Collaboration With Merck; Shares Up Pre-Bell,Yahoo Finance,https://news.google.com/rss/articles/CBMirAFBVV95cUxNWlBDaFdQaVhFT3ZvZXk1UjhabDQ5bWFJaUlQLWNnenJ1MkpWbklrQ1JpMElkTG51WGkwR1FoQURDalp5MzZZdlFuNVJtYXVKd1E0a3cxWmZVYkRXNkhmN01yNEkwbGhhV3dHR0hpQ0FBdGRTczlXclJyYjAtYWpDZDV1cWYtQy1VaTBGbVZrZzdodEJmSVBKbTBFS3NEaERjOU00UHBMMm5YcXdn?oc=5
MRK,2026-09-14,6 Best Vaccine Stocks for 2026 and How to Invest,The Motley Fool,https://news.google.com/rss/articles/CBMiqwFBVV95cUxNR1RSbmdma2Z6NGJydEc0cFUzejZiX3lGZzhWZmNuNGNJM2cwQlJpSXlzQlAzejZmVnFSTzRla3NoVkMtN04zQ0NjUk1uTHlfTFJSMG8zbkRTQjY2eVNCUXgwRXZIUVFpOGxHZjhXMFJHaXNEMk1ZeTAtTF8wcmg2TlQ3czVNdDRjRnRUbXdoTmlYRmVBODM0aVZ6aE1SV21nSTBaRTNpVXFSQms?oc=5
MRK,2026-09-14,"Merck & Co., Inc. Target of Unusually Large Options Trading (NYSE:MRK)",MarketBeat,https://news.google.com/rss/articles/CBMiwwFBVV95cUxNbFVWYk1kTDFxajFDVFVsVmczQ3M2bEhxSk1mMjJ6T3d4ZG11NWliTlAzV1FCbHduOFFtREJxMnZSUmRxdWd5Q2J0ems2eEZVVmRHWklVbVY1bkVDbVltQ0NwS19VOERMUFhLR0I5clZtSGpxb21iQk01TmtEdXFQMk5uejV1UFhyU0tQeTkwNXJjWks3ekpFXzZseXBrNjdUWGZVaGR5NEJramd5SEFSX3ViZUhPeWRuUjNhZUViOHBtYTQ?oc=5
MRK,2026-09-15,Merck & Co. stock gains as pipeline and guidance upgrades support valuation,AD HOC NEWS,https://news.google.com/rss/articles/CBMiyAFBVV95cUxNT1EwcVAzZ0VVOTZsVUJwRUpuazBmSWxJemhVWFp1SDl3aVdVYjNRNVk4a3E0QzlkdUlyNVh1T0FiQlJudGZTOWNINGs2VmprSC1DaFBhZFpldjJOQjR1aDBvN2ZndEEzQVdreWYtQjhiZng2RU4xdjQ1Umx1QjQ1c1NlRnNoa2pyR2lYZmhHMDBVa0JCaWwxV1hBOVpabFh4NHRWNzZOQmVSSklLSXVocFI2Nm5zTmU2aFlxSk1OT3U3RGZ4NFRXNw?oc=5
MRK,2026-09-15,mRNA Melanoma Vaccine: What the Market Measures and How Health Managers Interpret It,Funds Society,https://news.google.com/rss/articles/CBMiyAFBVV95cUxPZURkYXBpYXhhNE1KS3Z2XzBRV0ZCemRIX2ZOaTBvQWpKek9YNERZNk43cWdCcTVGeEZFWDVpVkFhcFMyOEtwNWpHbmNfeUoxTFI4N1hwTnd1c3laV0hseElhZXlaX3lXZnMwdWNBUFhHV3ZwLVUtTzRFTjE1cTAzVXJuSVhaQ2V4YU5vRkRKRl9kZG85SlQ1RFN0dGdkU0NLMXFkREt6c3F0S0hydmtVYU5ybHZTdmlGWEt2ZlJOeXoxV2otYzdBUA?oc=5
MRK,2026-09-15,Merck Stock: Is The $70 Billion Pipeline Worth the Premium?,Yahoo Finance,https://news.google.com/rss/articles/CBMinAFBVV95cUxPem5WWG5lS0tCbG1Ca2hjRUsyTnFsNmE5Vm00Qk0tNUxOYmpKcVMwb3N4YzdEUXNZNkhSVU9aLUw0NGNjV3RLbkkwZG96bWVjZnJXOGp1WmgtdmRqVkxiZlFzSmFmdUoxM21GdWE5RDdvNGJXbi04M1U2MGktZnRnbzlFdHU4ckljblFKcnZtVzFtd0hsdlJGcENqZjM?oc=5
MRK,2026-09-16,This Dividend Stock Is Beating the Market in 2026 and Yields 2.36%,Yahoo Finance,https://news.google.com/rss/articles/CBMioAFBVV95cUxPQTh5azU1eWxSQl83S2dSN1VzRDBXYlVFUmN2TTMwQmlJMVliR1VGMGVneTlVUDVhOHJtNlhZVVJGRDZkRDNiM2EySV9fa3VtR2EzRUU0RGtCWUdTVl9xNkFycXdRTnNvcFFWSVREWV9fNGdZWndYUHBKZnBjcThoVnoxOHF5enV6OWYxWEthbm00bHdkUDFtUERMbUVxTzNj?oc=5
MRK,2026-09-16,Breakfast News: Why Merck Should Buy Moderna,The Motley Fool,https://news.google.com/rss/articles/CBMiowFBVV95cUxQNGRfbWw5QWFYQm5jS1MwaE0xbWtYREl4MFVSMDhSWkMwNUx1ZTVETjNmM2xRRTcxRGhhQTZBeTBBbDFxMmVHYjB6Uy1veHZYMjZSYmRxUVktYlcwVG9oT0tydTh0Y3FRS3ZIMWNZYlI0eE02M3Q4WDVBOGdRV2JMc09hTW9mYnZSUzhNZW9ralB1bzVUMGhDZUdVMjBWLTFNQ0N3?oc=5
MRK,2026-09-16,Merck stock heads into the open after a 1.3 percent gain,AD HOC NEWS,https://news.google.com/rss/articles/CBMiuwFBVV95cUxQOHZIa1RWdkkzbExwQjRyRzlYYW5iaDdxMjBJcFhwSEtlRWZYRE1XZnd6VG15dWN1RjhYQlZpOHJFSHZIZ3BjTE5JQkd6VmRCXzYtNHJjdDlheXQ4ZGcxYjBEZkVWMTBxaVBPQXZJNEZ2OFdzVzdOSGdHVU1zbEhZWkVkN1ZIQ1MtQnFvMjJLbXpuRzhXd3NuVWxLRGpWVVo3d1QxSmp0LV9HbkM2SEgyanQwbDJlTHEtYWY4?oc=5
MRK,2026-09-16,Merck & Co. stock edges higher as analysts hold to cautious targets,AD HOC NEWS,https://news.google.com/rss/articles/CBMiywFBVV95cUxPZmVsc1U0R2xCNjF1RmFsWVpmdk1FVHp3NG5xRWNkbVpYMWRoS3E0Y01xMHRUSFVtbWRhWDNkeUlLOGR5a3NrbHRzOW9GdEFBWmZYZUhadjZJUGVFSWNuN2xrbDBYbzV5bE83WHlBanI0Vlk3TTFCU3ltYmNhWEJIdnYxZVl1V0ZXcEhTZ0JMZHRCWklRUWl0azhqWUYxOXNSbDBGc0o1eUlzdE9tZkxUZkpEdFdOamprM1I4UnFUMUxzbGVscFMtcjFaZw?oc=5
MRK,2026-09-17,Merck & Co. stock gains on dividend and analyst support,AD HOC NEWS,https://news.google.com/rss/articles/CBMiuwFBVV95cUxPMlNBTUh1amhMLTdmZ3JqSUlSUTJiVkw1THBURTVTbGtQQ3o3RTh1alNJTFhLX1Q3dW96UjA3dnNIVUdKWmRlUnZyS3hrRllQZnZpdWNuUXFDcXR4MDFiTVpERzdhRkZfcUR2X05CbjBfQnBrMDdjZWxaM0phQUF1eXFURF9KRldYd0JzRmRlX1o1Y1lXVl9hRFE1M2lNQVM1OXVuMG8xeG1NVU9tNTRSVXBvRzhiU0FnNDJr?oc=5
MRK,2026-09-18,Merck & Co. stock heads into the open after a 1.6% gain,AD HOC NEWS,https://news.google.com/rss/articles/CBMixAFBVV95cUxOZWEzYjEtVFd3Q1JGT3pueDZ6WUNFYm9wVmhVSkprVWRUeTZ1M0F1OVRUcUJwanI1MmVnNERLc2gxMkticmc3LWpKUERiekJCVEpIVkNTT3JGOEE1WXhwVFQ0anZibVNIU3NmT0JVQmhhWnVMNjhtNFN4U2ZRVTRuXzZfVGZ2WnM0MGw1Y0VyTXVxdlpSMGRjM3VrZjJEUzh5SGMySzBYTVBSSUpGSkFueVF0TEh1ak5IUVlVR2UtaGExZnVW?oc=5
MRK,2026-09-18,What Really Happened With Merck’s Stock?,Forbes,https://news.google.com/rss/articles/CBMingFBVV95cUxNLW9QeWJLb0pTZU1pMkxqR3FDc20ydTdtOVMxcjByazNPTUE4NGM1RmlXVHNlRlZndlJ0d2pCenBEbkl3WkpEM1lwMlM3TDQ4a3NOV1ctSEtFalFzU0Q0QTRNb1N4R0FSRFNTUW56TkhJWHBZeDdybVVQaWN0SHJSWjJhbFRrSXVBZElXZHVSMzdsN01zM1M1NXNIaWxQQQ?oc=5
MRK,2026-09-18,Merck & Co. stock gains as pipeline and dividend draw fresh investor interest,AD HOC NEWS,https://news.google.com/rss/articles/CBMizAFBVV95cUxNQV9LSktIRUtBNlk2VU5FbXozSFZ3MHJWNEtmdUQxOW16REhTNG1zRFptYmxUOE5Nc25vVU10MnVBRlhWYWdVclJUdnVPYXhWM0twUkoyTG1sOWZnVTR0OHBZdzU0T01STE9BSU55d0RQdlc0R0ZudFY0ZHBlZ1NQSmZBTGxaTVRWYWFuazhSU2RocE5jYmFaTWEyZnJLeUhlYmNsYXRXSk0zSWU3Y1VYeHItWHRGc0l3cTBXQ0ducTJ4X0VZU01lMjVIS2s?oc=5
MRK,2026-09-19,Merck & Co. stock gains on EU bladder cancer move,AD HOC NEWS,https://news.google.com/rss/articles/CBMiswFBVV95cUxQc2FyNUU4T0NNN2o5Qzg5ZkY0RVdmY2NjQ2UtVi01NVBEMTM4VGFEYmVXc01vM3h4QmNPalQ4amRfdE9wTmkwNFpoeGhISjNPcHRnNFhyaHpxUE9FT3Q0SUVMekZLY3hIQlRPSHBaU2ZQOEozalZPdnZTN09oLWlnME5WMXVydGJ1bEpvQ29YNEl6emxYeGNNb2xMdUhjTXdNcnd2V2plWVdMaVJOQVVEQk45UQ?oc=5
MRK,2026-09-20,Merck & Co. stock gains as analysts upgrade rating and investors weigh pipeline risk,AD HOC NEWS,https://news.google.com/rss/articles/CBMizwFBVV95cUxONDQ0bG9JTFR3YnFrb3A3djlVeUtFczRlUDVDVWZhUjNZUmJ0V2dUeDNFMVdDOTVSRnh3bFFUZWFpTTFaMVBDTmpoWUl5cmhoN0hzckM5d1Y2ZmUxQWdPRTIyT2w3dTU5UGF2STBKQW16eks5LWl3bXlfV240S096Ym92NTVJWVNCQ21IcmVfS2p4RGtoanctSnpMZzdISS04b1VqRUVsX0pKcXMweVVBbVZBT2xxY082X3JmX1hBbDgtU293cnQtY1o3WEdGMWs?oc=5
MRK,2026-09-21,Merck & Co. stock gains on Japan approval for Keytruda QLEX,AD HOC NEWS,https://news.google.com/rss/articles/CBMiwAFBVV95cUxOVUtjUUQ4ODNvMzh0SFdoREhJQl9uN054b1hTYUxOdnZhVzZLbEFQMGUxbXMzb1E1N2FURG1yZUUtSXo4SzhBTjJhUzJyY3FWRjFFdEpuNXdtMGVlWW1Wa0ZqdXk3LWVfOWtESFJ1YkJsVlNpNTJ4R1VTZk5fT3hTVmd5V1NsYTFYbVRBMVhPNEFCMDZBbHZyRklTdUtPTDRkN1pDRHU0XzBlUXhtX0cwZGYyeU82Q2EzeGNNRW10eVI?oc=5
MRK,2026-09-21,Merck stock heads into the open after a 0.3 percent slip,AD HOC NEWS,https://news.google.com/rss/articles/CBMiuwFBVV95cUxOM09yeGRkVFpjV281RmdyNWVqLTZrTUZCNFFjMFBLd0NxYms4UTd6R294dzRVMUtmR3pzeV91Z3VoVmZMS2hrYUpXY0hVeDdjZUlpYlZuMThHazFsQlcydDA3YmRXY09oa3JMZG1HNTNFM0NKQVYydzRscFMxb2N0MUZQZjBacGxwNUNYbmxZWVlYdmc2cmk5YzdRa3FoV2x5cENwd2gwaS1oYWpnX3diNlBycHRWX1NqVTNB?oc=5
MRK,2026-09-22,Merck & Co. stock falls 36.58 percent year to date,AD HOC NEWS,https://news.google.com/rss/articles/CBMitAFBVV95cUxOSWY3RTdxU0ZVWG5pZDVFZXl2emJrcDFNWkRGb0dWdHRrVlNmd1JQMlR6dzBGR3lIbUZvRmNPV0VmWGdPZEZleWpoQ19vN3YyYVlDN3FPWFFVTGdSYlU2TTZ6R2FJR2luUkhUX2hiRjhwSWVYMG9nejhVbHFicWNRbHZsNXVIX1dWX3dmVTVocXo4cTRaWWV2cmswcC1Qc0ZTek5Vazl3SUJqbVlZcUw4VExhQ2w?oc=5
MRK,2026-09-22,Cantor Fitzgerald reiterates Neutral rating on Merck stock at $120,Investing.com,https://news.google.com/rss/articles/CBMiwwFBVV95cUxNUkIzd1ZkUUE1RVd4WXYxMGtPRmJkbE1ZdUZfLTFWRUdFTmxwRUNRUkd4NDVHalVwa3NlWk1qYVFuQ3Nxcjk4NHdpSE5RalFMcEp5bTBDZE9YbHl6Z0FzN3R0WXkzSVRiaEIwVHVRT3BNeWh3YmZJZE5CQ01vOWtSSmtVUmZMbGZDOVRFdFdYWGRRMTY3N1NIeFdkZHlHV0ZDTmZZTWFLR2l5UFZSMFlZUUE2MnRnZF8taTFyTUZqNExyTFk?oc=5
MRK,2026-09-22,Merck stock gains 1.97 percent at the close,AD HOC NEWS,https://news.google.com/rss/articles/CBMipAFBVV95cUxOVURkS1ZQbUpUdkhUcWRaZW53dDZQa3dOOEVNM3N0RmxvVUdxV1YzUExfYzh2YWdYeW40MFJ3djdVZ3FWOWhKRmloSkZzRU15NThVa3h0NThNQnZlYWZLenYtMVFicU9mcXBWU2lDU1R5a1oyeVRjbnNkbDF6anhhYUhURG1kdFdIVEVUUTlpYmU0MFBhMTY3a3Bac1NnSURldmRLNw?oc=5
MRK,2026-09-22,Merck stock rises 2.1 percent ahead of the open,AD HOC NEWS,https://news.google.com/rss/articles/CBMirwFBVV95cUxQWEltRHdVa2EwT0pua1dHd011ME9CX0VXeFMydlZtemlINzhBejFDZDQ1YWZ0cjBDUmZJcWdMYUtvQnZJT1NrWE9xTVVLd1VjbWtYMFFXWjVnaTZZNEN3V3I5dkh4M0Zhak5TUld4NlNvcGdWd0loc0FGMTdBZUZxa3Z3bzJDY01RQ2dWeDBoaF95YzJacE5mUTVDSDR5aDBEM1JiMklwLVhHaFJyYVg4?oc=5
MRK,2026-09-22,Could You Have Seen Merck Stock’s Pipeline Run Coming?,Trefis,https://news.google.com/rss/articles/CBMisgFBVV95cUxPTkFESWljNEdmUjc4Y0ZUdE1keTVFLXhheUpoUDh4b3hYOFVJZElrVkItbEl5QjUxU19RaVlfQUlrMW1WOUpQNjBuMW90bEdGWC01SDk0OUN5N2hZS3ZyQ1NGQTYwaXoyWHV2OEgyZl9wVjhIdEd3eThjcktmMXUwS1BZekU2QTB2a1JfMS1YSGVtMm1CcEVVM2RCWUM4aFFBQTVqai1leG5VSFhjeDNtcFp3?oc=5
MRK,2026-09-23,Merck and Co. stock gains 0.94 percent ahead of the open,AD HOC NEWS,https://news.google.com/rss/articles/CBMiugFBVV95cUxPQlFFaVRPVEM1RnNXdldZX3hpcTBJZ2xoeGJtekpuY2VCd295eWFhN2VjamZUcnRqbjExNlpxX0F3Skd6Nms3bXJhekhLcEx0b0J1cUw2LVl1cEFjYUM3RV9QWm5WU1FPT3pidldjcU42Z0tGeHQ0SWRzN2Jzd1VHcWVsVU9PR25GOVVBR3lsbkRaZjNUR0RtN200UmExWDBDN1ExVlZlVVNDTWFzZjFnWmFtQkEtV1J1Umc?oc=5
MRK,2026-09-23,Merck stock falls 2.63 percent at the close,AD HOC NEWS,https://news.google.com/rss/articles/CBMipAFBVV95cUxQZDFDNnhoY1ZkU0VfaVZYeGlyV0pPeEx2VTZxbENSMHhhQzY1Q2lTdWRKZUtRUm9BeFBlanM4YXhpRGtlZVlYMzZGX0Jlc0V0NVdGLXhJU0VVUjBfc2pGQ0dvaFJxejc3UUE2Nng4eHVGazVsWHpNSmNlV3JjVjkzWTJQTHU1TGtWRG5qMmhrbW1HQkJETEpUMGVuV2xHbm9VWWdYdw?oc=5
MRK,2026-09-23,Merck & Co. stock gains as Japan clears Keytruda injection,AD HOC NEWS,https://news.google.com/rss/articles/CBMivwFBVV95cUxNSUpOdWF3U0RvaHRfQmJVeVF2Y19YcmttczlpQlhuUnpJMlNYZVNPbkZtUUM4S0FuQ0dSU0ZfQW5GSGpIOFhwTjFqajdJQzAxN0R5TU05YWR3UjFsVVF5MW8tZGt5UXBqNlI5aDlGQnh0SHdDWTZ1cDZCME9nVk5MZ2puajMyUml0RFk1WWFTOURQN21QOEJmY0hiN052Tkc4Ui1YNkJTWGVxVnY0MjBTMnNhSEwzS0t0WHBBa2Nrdw?oc=5
MRK,2026-09-23,Prometheus Biosciences stock became part of Merck in 2023,AD HOC NEWS,https://news.google.com/rss/articles/CBMitwFBVV95cUxNd21oRTFDdk1Vc1d2cEpXMGhmUDUybWg5YVg3YlE3YXg4aUlPcE9ZMU9lZVN1bTIyTG4td3h6QzZuSThVRnQ1TTBCSVFYSXViak52Z1k2aGtjMU14akcydlVzSjlQeE5Xdm9VbHN4Rlk1cTZZWlV6UWg1bWpLMDRqelZ3RWtFNEZjVVM0LWlZdGdxdHh6cmdnN2E0V0dOaUJ5amZqUGZhME1wMVRZZXZieUFlN3dSWDg?oc=5
MRK,2026-09-24,Merck and Co. stock falls 1.9 percent before the bell,AD HOC NEWS,https://news.google.com/rss/articles/CBMirwFBVV95cUxOcHZZdFRZdmVUVm81cF9fMkM1c21GMi11bzcya1VoUnNxbjRaazZwTXRYa0k0X3BRS2MwRXk5Qm9yRVoxaWtDMWFhdHhjczBfUk1VakVyRDkyZDZFMEt4YnJXNHd2NUFJTnZ5NFpkLS15SGJzajlFbUlTaXJJN1JjOV9tN1h5NFJmRnpGYnprU181LXJIc2RiY2ZSLUJuS0hDbHZZLWFfbzd0Rlp2THFn?oc=5
MRK,2026-09-24,Merck & Co. stock falls 1.86 percent as Q2 sales rise,AD HOC NEWS,https://news.google.com/rss/articles/CBMiuAFBVV95cUxOaEozaUV0Y0NQdjlycFhiaDVrTHFoUWxITFJ4emZZUVdfdk5mTVNEVUp0ZF9hSkM5R204RFBzVHBCUGg2ZjgyY1p0MWdhUThoY2RLQjltZXlUcWRncHJlYVlNdk13SkxjQXlEZzlsQW92MzNNYXh3RlJFcHA2U3RWQk1ZY1V1MzhOcC1zSWlFWGxLNXVWTEs2UkJjMWh0OE9HU2lPU1U5VFdaTmdEZWw3NkpXeXQ3MzBR?oc=5
MRK,2026-09-24,Bank of America has strong message for Merck stock investors,thestreet.com,https://news.google.com/rss/articles/CBMipgFBVV95cUxOelViWkxqOGx3YmxaamowNnFQdEdIUjFwa1dzcVRfRFozT2gtdFh6Sy1WX1NXblVQWFd4cUxseWZlVTFmU1ZTcWQ0TzFqd0IyZHcwWGIzR2JxaXkzQTBXMGdpbFlGOXZPQk9YY0txMTZZRW5GVzZwV3J2YVZWZnc0X015YWNBOWQta3ZNTl9KVGZmZ2NWN1BfTXItT3hLTHBPbm1tWGN3?oc=5
MRK,2026-09-24,Merck KGaA (XTRA:MRK) Stock Looks Cheap With Earnings Still In Focus,Simply Wall Street,https://news.google.com/rss/articles/CBMi3wFBVV95cUxOX3M3a3ZOZ1pWWW44aC1aVlV5MHZmQjJreWpTT3BuZUFDRnA1WXc5VEZWSzFmSHZIR2tfTHc0LUE2Yk5LUVNiN2ctejNNellLVWV1dDllMWxscHRPMHpUOElmUnl4b0pwSTdKUXZlTG56UFBVRzZ2bXB2aDVpODVoQ3FRU1FIV0M5TkpEUlltb2hlTGFsenpkRkltc1dxcFU2YXdiZ0NGdFR5M3dsdzF6Sk5LTG52clBTUTZWMEEyNU9DblRkYkdQdFVSV0UwNnRQb1RXSFYtaWxxQzhZbm840gHkAUFVX3lxTFBJY1J2Z3ZYbXg3T1lpaE9WRzE2dXlEbzNmMDQwNnRvVGtTdVFPRDFSUjluem54SDBUenc4N2dYUUYzdUp6NG13ckctRUtaRERhNkdKZm5xOTFmVXpWUjV2blJPS3hFV3ZEM05ocHNPa1NYX3dwbWFZZVo5eFRFcnREaFJyY1BsYUNlQXFYWFlTd2JHbTYzb0FwM2hucXBma2RpRUhvcGJzYXhmb1Y5ajdMeUxSN0FOYjZTLVlNVHI3b1kwX2hsWVZZTkVZNG4xdDQ2OVFXWFoxbXZXQ2dJUXFRQUR6Mg?oc=5
MRK,2026-09-24,"Moderna Stock Trends After Hours - Moderna (NASDAQ:MRNA), Merck & Co (NYSE:MRK)",Benzinga,https://news.google.com/rss/articles/CBMiqgFBVV95cUxQUi11NFJoQVRFSmRxRFdQTXJRNXZSVUpqd3RoeTA2RWZfOHNVdW9sYVFBQzFNbklyRUppUG1CVFVxSGRzV09McTViUzFUTEF3dC1wdklHNnpqa2NJUXdqazk4NVByVXE3djQtNHpRSWU1NWFWalgwQ0RXWTRsbkJRM09GeUowREJQLWV1MmVob3QyTnZmQzNwOHdmeFdDQnM2TTdmY0M3am9qdw?oc=5
MRK,2026-09-24,Harpoon Therapeutics stock exits Nasdaq after Merck takeover,AD HOC NEWS,https://news.google.com/rss/articles/CBMiuwFBVV95cUxPZlFGQ19Hb2xwclZRREc1WUh1YTN3eF9rQ0NyNGx6eDVsOTBXSlNiRFhrcFhzYURTd2xaMnBmY0dzaWFGekNYbm1YOUUzakFRX1dKRFdobE1wc0dkSThucFdIMDVJdkpFRm16QTNmamotbTBhSGlRYlpNVzl5eDFyTzB4QXFuQklRM2Z3MHFMTWlZWTc3NEdfbWsteFF6TkJNUlhVdmpJNmZxT3VBYUNjODU1V0htQlZLMnlv?oc=5
MRK,2026-09-25,Here’s How Much You Would Have Made Owning Merck & Co Stock In The Last 5 Years,Benzinga,https://news.google.com/rss/articles/CBMitgFBVV95cUxPX0lVa1d2dkZuMUhERVpRbzVmSmo3OFAxY1lCVUw5Q3J1N3NkQU5EN1NfQ1lJbE53dDVfcWpfYTJRNnN3Tks2UEZBOFdDRlBqQjBZZm9mbUd5NXdVNDQ4Mjh0bUpZbUREYzZmX2NucFpuWkJ6enhTNUxqeHVBOVFRRk9OTXhhQmhGcHN3WjY0RGlJcks1Si1QSFZEN292RjZUTFBfeGFWd0NPQnJfMUpDaUNqWXh6QQ?oc=5
MRK,2026-09-25,"Merck & Co. stock is last at USD 147.97, down 0.01 percent in New York trading",AD HOC NEWS,https://news.google.com/rss/articles/CBMiyAFBVV95cUxOWTFKbjlUeS1qaHZCYldNb3pNREN2R3NoZVg1dDFIYnY5c1IwVGc1ZFh4bmswQ0dkRjRadnRvZjYtTU5taHB2N3FZVzFUaFc2UWlZa1poNW42WVBGdGNBNml4N0UtOU13OFBJZHF3UWljRFZOaG1ZdjNIU1dHYkFZNTAwc2ItcjdnMXZoV1R2VnZzWXF2MXhlN29XVFB3VXlSbHpGa2NTckNkUk5qbWxIUTZyUUY3NmR0TjhaTmNFUFp3TmgwbFdQRw?oc=5
MRK,2026-09-25,Merck stock trades at USD 148.01 after Q2 earnings beat,AD HOC NEWS,https://news.google.com/rss/articles/CBMiugFBVV95cUxQOXVQMktiNUZyZjJZV1FyVEttZ3l5c2phaDMtdnRSMEh4ODU1NTNkUy11djAwVHVTNVMwRkhybTctRWN5UWhyalNqRnNLMFFGVXV4bFVBQzNlT3BpWkR5bE50NWZYOXdobHdYbXdmekhBNVlHLUZZdHJPRmNkWmdYNU42UDRDWUVSeG1tbzFxcTJRME9fNFluM3NhY1lzUEpKY2xmRUlSazE1WFNTb3pzRVZKNkN4cmVBNFE?oc=5
MRK,2026-09-25,Merck stock climbs 2.0 percent ahead of the open,AD HOC NEWS,https://news.google.com/rss/articles/CBMiqgFBVV95cUxOTDlXWFVXeEJFQlZad3JMYVY1eVNoNGpDbGVYSXlJNXVZMW1acC1ZS0NUMEdxSURlTWxFRzBQb25RaE52eklISGhZUWo3dmRLWlR5akRsVkJsWldiOFNrSXI4RzF2R3d6Tzl4LU80Q2ZwRmVERTFXaW11a3RENFNrVmtfWGNqeTFfdGc2Wmt1cVBhV0dKdFBjb0FFeE95dy1hQzd2MUtRV1pyUQ?oc=5
MRK,2026-09-26,Merck (MRK) Stock May Be 37% Undervalued On Fresh FDA Approval,Yahoo Finance,https://news.google.com/rss/articles/CBMikAFBVV95cUxObTl5aGVPRXd6ZHg2SlpJd0d1OUpMN0toMXNLcVQ2ZnRiel9kN3doZ1BIemd3VUp4Nk1Sa1NaaVJlbF8zWG14R3JKbkhBc3M0cENQWEVpQnhGV1dUMXB2YVhnb1RsN1JIRHhIMGlaVkJ5Zm5sakZscUdLajNPV2tLRmtrVTgzVUZPc0JYbzlGSVc?oc=5
MRK,2026-09-28,What Are Merck Stock Investors Overlooking?,Trefis,https://news.google.com/rss/articles/CBMipAFBVV95cUxPWjNpbGt3eS1IR0R5QUFnODFiQUsxNHc4eTBGd0lJNGREUEZsSTRVcmhIelpIZnlxS3pzZWRhZC11V0pHazZENmM3TFJqcmhieW9WczlFTEt4VDFSVnlFVmVEOXA1Q1V6dkRtOU1nUHpzNlZCTWlPVzB2emppWkR1TWNMTG9kYm1Qcmhwb0dhQWZzcXRpa19wWXp6NmtHa2luR1JzWg?oc=5
MRK,2026-09-28,Merck & Co. stock trades at USD 148.74 after pipeline updates,AD HOC NEWS,https://news.google.com/rss/articles/CBMiwwFBVV95cUxQRDR4UXFuS3pQcEhoZ0c3LVJOZ3ZPbkFDUHdXX2FudEpiSzZUWHZVUGs2bldRa1d0bnVkbXhvUjdVdHk5Y3RTdDN0a2RseExRbUsyMEs1eWkxUGNYV1V0Sk1DRGFISUZaWXpOaEU4ZWFJbFFRMFZucWVHWnBPNERxSmFJMXN2bnRwUGJ2WmtmUjN4R2c5b0lYZm1tMGFRaGJzZzAzS1VmSE9JdlRJM1N3YkhEQ2hhR1Fvd1lzTGdpaTJMZ2s?oc=5
MRK,2026-09-28,"Merck & Co. stock at USD 148.69 on September 28, 2026",AD HOC NEWS,https://news.google.com/rss/articles/CBMisgFBVV95cUxOMkN3TFNsY1ZXOW0yVktjNzgxQXBBUHgwODl6R3h5dlZlZDJYendYbmFjSXJxeDE5d2JzWTVuOEZ0WHhhdi1vRWdOd3dlLW95OXd2THY4RlltcWl6amJ0OWhheEhUTk5PQ2NGYnFndnRqMHhJb0p3dTg5Mk45ZDh3M29GZjhtVHVZa0R1UEhUZXpYUHNDeHA4MkpDa2NDdDViNFo2X3FBdmZEbHJsRFZEckxR?oc=5
MRK,2026-09-29,"Merck & Co., Inc. (MRK) Stock Forecast and Price Target 2026 $MRK",MarketBeat,https://news.google.com/rss/articles/CBMiYkFVX3lxTE9CWk9IVDMwZXowQ2RnekE5Y0pJNkE4MnpvaGNIX20tYWpzZG1CaVRvWmlaZWsycWtoYXhzUU5zbk9SajY1LXVzTTdrQnd6YU5WTkcyelJkVkhHYjdRMjZOdjBn?oc=5
MRK,2026-09-29,"Merck's stock surged 95% in one year, driven by cancer drug Keytruda and strategic acquisitions.",Pluang,https://news.google.com/rss/articles/CBMisAFBVV95cUxObWtUUWRqbldWNmxONllNdGE5UDF1MGY5djdDdUVzOTE0Y2ZrVjFsMmtheXM4dUdYeExpQUN4VkJVZzhkV1p3MkJIY1RpM3pzSjJLZjVURU1aTnpVc0JvRXVPVEtJbzlkbGo1TEZtcXVaTmNmTUJEM05UREhpd2hpU3JHSXVzdWtRNFVxaDctRVpGUzVrMHFELUVZSW1laW50Q1ZkZDBvTUMySFhrbHhyQw?oc=5
MRK,2026-09-29,HARP stock leaves Nasdaq after Merck completes USD 680 million takeover,AD HOC NEWS,https://news.google.com/rss/articles/CBMiygFBVV95cUxPTHYtLU9UeWlZanVQSk9KbTJfdF95Mm1OOHVrQ2RuQ0IyOEtDaDlEUnZ0bTloWC1wWVNfR014MndCSnZrdFp0VXJzeVFWdmRJRUlmeVpLMGJJUWYxT0tJbkRxSVplX01mZHg4ZlQyMlVBUWY3N2oxTGcwTUh3SktpcFdCd0I2SkJZQlIxRmJjNGxOc3ZwdDFiWEoxOEQyd056ZjZvRFBjTE1sQnBwWDdydXcxUUpJQVpBekg3dGYwYW54OGpLdnVwcDVR?oc=5
MRK,2026-09-29,Merck & Co. stock gets a USD 2.13 billion KRAS deal boost,AD HOC NEWS,https://news.google.com/rss/articles/CBMivgFBVV95cUxOWXMzQUlUUEtVY2F2bVdFWmJrQXJfbGdjcy1FeUE1RXJ5eHBxOFE0WklKT0FtNkpUMDN5UWlOUHIwbHF1QzFCWXp5eGRVdndWamZlZFdIQzJPWVRZX29hYlhFQ2JQd2hOcXpjLVlFWHU2cDZfNVRaSTc1bVotYjc5NEwzZDNoTnVTOXBpN2lzdDF4YVJyeWhpQU5xcDlRM1NxWHY4OXJhNjBiNWM1clN6NGxVVXhfeEFXallxOGN3?oc=5
MRK,2026-09-29,Merck Stock Slips 1.5% as $400 Million Buys KRAS Rights,TradingView,https://news.google.com/rss/articles/CBMiswFBVV95cUxNR1Z0RlMyUWJORFJFa3M4YnM4TXc1a2xMMTJzMUJodkhiYjBvalBtTHRJT2xyNmNOd2NLUkZiZ3cyYndVdHdrOHZBV0R1a0U3aXV5NG1kbDhVUGE5UmYyQzRjc2hXUVppblJrVWhscmdkbGUwakJHaUF3SmZXcDVVMXh1bE5neUlsQWxHSndLcy1qWkdsRno4UUgtUVIxMkFfNGNMUEZTQ3hMZU9ia2pGZXo5RQ?oc=5
MRK,2026-09-29,Merck (NYSE:MRK) Stock: A New Pillar Outside Oncology Beyond Keytruda,kalkine.ca,https://news.google.com/rss/articles/CBMiogFBVV95cUxOT1dRRU5RWWMyY0d2cWl2UEtTNURCZ0JGcWJkV1B3TTNSMUM1MUUyT2VMMmlDNmozM2c3NUFtNWs3bzhKVGdYanBGM0Z0UGVzT0xOMHhCYnFNb0w2ejI1c1M2anpsal8tck4yY3JEaXlZUFNTSGF1V0hPS2gzYU9BOE4wekdlRndRM1hBZThlT1RvaUFINC1PSkV1a09Sa25qVVE?oc=5
MRK,2026-09-30,What Is Merck Stock’s Biggest Opportunity?,Trefis,https://news.google.com/rss/articles/CBMiogFBVV95cUxNNkpzQVlwMy12aU5BMUhUbU1FczBRYWZDbl9fR1VuMFpGSF9YakJaSjd1QXU4T0J6NnNndHlVaDJSUnh0ZlJ5M0w2NVl4MWhYNEJZcU1qRTVaaDN4VWp3eko5cFF5bzRTdkN0N3NYQXRId3hrcnNta3dySmZtRUJ0VkNMcmJpb1JfT01ZSGVnWWpGT0hSU0Excl9aZUNHZHREZFE?oc=5
MRK,2026-09-30,Merck & Co. stock after-hours at EUR 129.46: minus 1.71 percent versus prior close,AD HOC NEWS,https://news.google.com/rss/articles/CBMiyAFBVV95cUxPTFdNTV9lc1dsRHEwNjVFMkRjNjJyd0FybFJlS2hEeW1vQURiYy1WMjBpcjhKTGQtal8zLU9lYld4OEU4cXdQc1BQNkdaZ1JJSk9ZdkwzUkhBZ3hXRjk3bHNXZmNkZ2w1QVlad3cwNExsbHZNVnZCcTlOZEVtMXRJVDIyWl9VMGMwdFc0RFhIb01SQTR1RFB6bXFXVkVvalJXTDFZb09tWTN1WDUwTGU0dk5jeXBfS09ZTXp6ajBWMDdvZkVXV29iOA?oc=5
MRK,2026-09-30,"Merck (MRK) director receives 55.9149 stock-linked units, payable entirely in cash",Stock Titan,https://news.google.com/rss/articles/CBMiqAFBVV95cUxQQ0phNER1VnNSN0s5NS15andJeEZKOVQ5YkNWWHl6cVExUWZYOFo3SzMyS3JIRTFCVFlibGhhNE5Ock0waU9KUTlvQXNxb2NPM2pyN3FrNnZGY0pkVTh4aW1nNzBic3ZIUW1jUU5sc1M5N05oQzdYZVl4NnZxY3hGZHdhRjQyeGFsYXdiNUdVN1dTMTQ1SGtObGpXVE1yTm9lLXB2TlZvSGs?oc=5
MRK,2026-09-30,Merck (MRK) Stock Still Looks Reasonable On Its 110% Run,Simply Wall Street,https://news.google.com/rss/articles/CBMiyAFBVV95cUxPUmx1alVRQkFoRnZ3LV9YZHpaWlJxaTFtTlpVUzcwTkl4a0dXeWZRRmNIWG1palJlTGIzN1Z0Ujh3dlA2RTl2N1lHcGpZSU5wVWZ3dUpPZFJacVdfNjR2cE9vRFpIX1lfajlvTUpERXdkbjNPWXJpSWFxN0t0Qk9Ddng1TFh2X3BJeDcwdXRCQjJ0RTJiS25LbWY4X29Xbjl3RnJ5YkU3T3NaV09MSWJVd1F3dnp4bVlqeHdXU0E5YW9Sc3hkaWJ1dtIBzgFBVV95cUxPbk02VWxPcmlOLUx1U21fM1dJcEZmcktRYUhEMWdONmFSSXpEVlVlNElZR2M2ZTUyNVFtejJNaXd5VVhOWUNvekJzZlVaUU10NmNETFBWUXhkSUowU0NoSm9zNFlzSHZRMGd1a0UtSWsyZHRGbUp0OTFHQ3dUcWJkTWwxSEk3bWNZdFZnUHRCcUt2R0RlR2tOaFhlSVFXd2FaRzhZODY0cUhCLVdyb0RHd0FaX2tSMjFwNVpjTGhoZmg0UmRGcHVwNXpjRDhsQQ?oc=5
MRK,2026-09-30,Moderna Sinks 6% on Citi Downgrade; Merck and Pfizer Stay Flat,24/7 Wall St.,https://news.google.com/rss/articles/CBMipwFBVV95cUxQaU1wUmpoMW5nSGhRMjR5Z2dGTkpiWnY0bXFLODBrRmVCZTAzUXRUNHhHbHZzdk9VWVBGVndIZGItVkZPU1ZJUU1Pb04xaGtSZmg5UjlxSi1pQ1A0VVFwY0IzcW1jeEU5WUJ0a1hRcHJrbUVWaVBZT2I2SHpDRzAyWmo2UVBkSHFXZy1UNFhUckYtR1h4MUZvQWpvMXRPbkRqZmFRal9jQQ?oc=5
MRK,2026-09-30,Merck & Co. stock falls 1.45 percent to EUR 129.80 from EUR 131.71,AD HOC NEWS,https://news.google.com/rss/articles/CBMiygFBVV95cUxOSG5uT3NCQzFpbV9xOXd0WERWLW1iZzg3cVZtN1pGX0k5Y3pJT2FaeWlicHFzenJjTGFNUElOeTlMc1ZWdWZ1X2tTUFpsVXNCT3pVZnR0ZXhrdmFhalptNERvSUx0MjNOODhRZUJOMVlSZ05UVGx0OTFLOERPYl94OC1qSDdhdzNjMk1Ra3R3dll2NEhWRnNUZWZhenlneTQyeWEyWWhkdVlpVnBxeEI0NGNHTmJQcUU5MkM3bHZRZlAxWmJFWlRSRmNR?oc=5
MRK,2026-09-30,Merck (NYSE:MRK) Stock Forecast & Analyst Predictions,Simply Wall Street,https://news.google.com/rss/articles/CBMigwFBVV95cUxQUkpJQ1IyN1psQVRaTmxmUEVvdDkxWExZZnV6MzJRVG91c042MDNEZnlFYUNmWnBPa0l6UHE0cFVueGYzdDhuSG9qbXNfc3BOQ2NJb0xZcmdtSUhGQm80ZURVWG1NblVaU2xvTk8tNGVLR1dMS0pvbmtpVnY1bnNkemoycw?oc=5
MRK,2026-10-01,Merck & Co. stock pre-market at EUR 128.39: plus 0.00 percent,AD HOC NEWS,https://news.google.com/rss/articles/CBMiuwFBVV95cUxQNXcyLXFfM2h1SVVJY0NIQ09xdWttVG9Tb3R2SDBWVWlTS0dRcU43SlNHWkI2RjhueTh4OC1IZXdxVXhXa0FsS3J6WERQdkNwZU42ZHlacjFINFViemp5dGljbWdXdG5LV25sMkh1UHFQQXk2VmswSzNCV29lMGZMY1owQklkX0xZR0hoZTVGZkRYb0ZnRmYtRDYzUE04eHpIR2tTdFpOTHFZdEhDQllhUDlXcVNQSkVjNlgw?oc=5
MRK,2026-10-01,Merck stock after-hours at EUR 127.86: minus 0.41 percent,AD HOC NEWS,https://news.google.com/rss/articles/CBMitgFBVV95cUxPODNRYnN4bmNJbS03T0wtNlpkV0VNS2VuaXBPVjNTcnpCVDZQRU1IN3BUU2gtTGJ2a21lamNqajFMNXJtV1lXaHpLT3hKR0JXS0xWNTBwMk94dklTbmtEdkd0RWVUXzJoSHZIdFJMeE12UEZnWklYcGF4Z0lwSnZRb0dVQlI2LW5faUM0UlVVZldYSHdJeW1jQzZQS24tWkphU19GN042VGp4cWNpeUZ2dDJzMTR4UQ?oc=5
MRK,2026-10-01,"Merck (MRK) director receives 111.8299 stock-linked units, payable 100% in cash after service ends.",Stock Titan,https://news.google.com/rss/articles/CBMiqAFBVV95cUxOc3JKVGJyMUpINENpeXZQWTlEYWhEYjlaUDJROVFCck9PSmNsMVg2ckNKUjYwWndDdjk4TDBuVUZsdjFVWVQ4VEhpcTdYYk9oc3VKclJ5ME0yZHN2SnNrMnVKYi1Cd1A5UmFxUUhuNGp0T2F6Z1BXTXdVZ0RJTU9RdmctdWNTTm5iYjBXWWdzemZiUmRUMHQ3N0hXQV9QRmFUSHg5VUVxLTk?oc=5
MRK,2026-10-01,The public can hear Merck's earnings call live on Oct. 29,Stock Titan,https://news.google.com/rss/articles/CBMivgFBVV95cUxPWmhOeVNyRHdnamNPQkNGVlZJRk1oMFliX29rUDJIY2JrSko5SnM4SG5CR2s2Nl9Ga1habXFLQlBFUzFEYkYzNnRxS1Z5elZOaDd3VURBbWdoX1VWekNBNEp4X1pPM21wZlZTRVhZY0hZZHpNd2VXbjdGLUdkX1FEUXNCclNhak9JRnlhTVZUczRCUjhQN0liUm94dXA5alhpeXhvLUtaUndZY0ZabFp3Y1gxWXc3WjFFRzg1VEVR?oc=5
MRK,2026-10-01,Merck reports tulisokibart results for Merck & Co. stock,AD HOC NEWS,https://news.google.com/rss/articles/CBMivAFBVV95cUxONUlITnE3QU5lZFdaMnU2eGV3dEZ1OUZJYmZmMEl0eWFBTWswejJYcjVfd1JTaFpsSTRucllndkc0WGtiU2h2MndmLWhId2ttdHFIZWxCc0JYaUp6S2NCVXFQUGMwV3U1SGJTbGF3SERrb09fRjZPVWhTTXR6RTNENEp6TXd0bmM4Y0dfalROSms3S3ktUFgyd0VDeVBsZXRreXYwZDlrcXJUYjEzMjdKejlDVlFtZlRtZ0w4LQ?oc=5
MRK,2026-10-01,Moderna Soars On Cancer Vaccine. Is mRNA Ready For Prime Time?,Investor's Business Daily,https://news.google.com/rss/articles/CBMioAFBVV95cUxNaFd4MG44MVRPU3NacHV6NUhzRmhPN0tJTGI3T3hGcUlmMVl2VUVBSFBjakR3WlRuRWdiSWNSWnVYeE5mcXFYZDI0cDNrSkVsNmlWZUlpbFBBTml4WXNNTTNTN1UyNHpMNlZINDczWDkxemJMVUg2R3pvYU1sQzc0NjJqM1lFVlM2Q3RqREpUYzRONzJXU0hvUEpPYnYxNkFj?oc=5
MRK,2026-10-02,Merck reports trial results. Scotiabank raises target for Merck stock,AD HOC NEWS,https://news.google.com/rss/articles/CBMiywFBVV95cUxNTmtUSzBsVFdES2Q5MXUzdWxsVFlaUlMyQy1fc3Y3QU1nci13RW1ZN0xKS0Z1dHBZY09PNTM5eFhKRm1Wa0FIWnYzakZHUlR3U2dyUXRhX2pqRHFlLTMxYW5RLVpFN2l0MWFMajIwNTEwUGV0RXduYl9XMkQ1Zm5pUFpxcHdXb1pSTXVTenBRVmpPWnNOcVRTUkMyOUtydlRLRjc4aVpCM1NiWkNmUTlya3hGazVqZm5zY3dCSU1JWUZjaVdJOVZ5NTZHWQ?oc=5
