ticker,date,title,summary,url
CP.TO,2021-03-21,Canadian Pacific and Kansas City Southern Agree to Combine to Create the First U.S.-Mexico-Canada Rail Network,CPKC,https://news.google.com/rss/articles/CBMi1wFBVV95cUxOMjFzclJtb3ZOQkRWeG1XUmh1Q3pBUk1RMVkxWVBFLTFmSHZuOTZqVVhhMEV6ZGIzRUQ2YWZhQS1tSVJxbGVpYnF0MUhMZ1U5NVNzQzdZdU9YWVROOTlsNDNJUHllVzJ1bHlQVnBKMTdwbE0zaXJneV9QeVJXQ2tvN0NUVF9oSGIzTlc4SEJLWll3cGxOZHlGdHlPODhSRUl3azZCUTl2aC10SlZpNEE2UlVXak1LZ2lORVBXLXFCUlhOTERGc0VsSzRKd2JCaXgyMElmT01SOA?oc=5
CP.TO,2021-03-22,Merger will move railway’s US headquarters from Minneapolis,The Mighty 790 KFGO,https://news.google.com/rss/articles/CBMikAFBVV95cUxNWThWNFRraEg3bXpUQnI3U29sZ2kydU4xclBMSkotWlRlQk4wbUotQWZZR2dQb1g0QmRGelRXUEhKRXhxR1p4TVM0YlFXZ0p3V3ZNcXZlYUExU0pHSzY1alZxejltdG5saENEc2NCOHdJb3ZHdFJOT1RTNmUwWkR0YmNWOTFYNWpVQ3pkcWF1LXM?oc=5
CP.TO,2021-03-25,CP enters deal to form new rail company,The Western Producer,https://news.google.com/rss/articles/CBMiekFVX3lxTE9lVmNYYVZBeWVmVkl2UUdzVzBYV0ZKNjM2cG9HRVY0SWZrSmhURHVNR1BEc2FLdXRSemhsal84SHdlQ3dkVFRpR1U3SXZUVUxHblZZUThGeXQyREtneEQwSWtoLTBvVlZRV1BUN2l6QzFTa3FabUFpT0F3?oc=5
CP.TO,2021-09-15,Canadian Pacific to acquire Kansas City Southern in US$31B deal,CityNews Montreal,https://news.google.com/rss/articles/CBMickFVX3lxTFAzNEg4dk4zTnVqZTVEbktIQ3NIT3YxcTRMN3gxb0xJeFo4aG13SHlFdExQLVNQOWFaVTZIc1hycmN6SG5LcEJLWFpfM1ZiVjhCeUh2bW1HZ0l4MmxOcmFLS2tIVEdVQTg4QjVGSExhSDhpZw?oc=5
CP.TO,2021-09-15,"CN Rail drops out, clearing track for Canadian Pacific Kansas City, or ""CPKC""",RealAgriculture,https://news.google.com/rss/articles/CBMitAFBVV95cUxPTTladTRicWR5bm1mOV85SVFlRVhoZUJ2WlBlYlBWMjMyZ2pjS0Z3cS1zTEJWZDRvQmJacWVmUGR6NDdzV3kzUVhudWFrcnpsWVA3RXBaR25Zc0hhU3QwOEgzYTAwb3BuN2d0dUZHWHVaZXBTa3B3bkhqVmhMM3g5NkFDYmU4S1phaXRyTkZweXp1WU9OUlhZbS1WQ3dzNGJtR29FX0hpa00zak5oV0kzcWppZHg?oc=5
CP.TO,2021-12-14,"CP Rail completes acquisition of Kansas City Southern, with integration pending U.S. regulator approval",RealAgriculture,https://news.google.com/rss/articles/CBMi2gFBVV95cUxNNE1iN0txbmVudXNVNmpQdDhOZ2VpdExZU3I0QUd2SVpZSmstRHpUU05XZjhjNDBQOF9wMnVZWWdJUEd5aEd2c2I3ZlBGODhTQ0pJNjZFS0c5bTVGazdnbTBJTzBHRlBEY1dwd3VjRU9yUFdvS3JLVEJlcmpUYUhreThMZXBQRElpRFRDQXFzbXRIUWZ3QzRiZkVYNkhIel9mdHFSUnI4eHRaYng0V1VTd2JSX1FHWU5yY1VjWHd1TG14MjVWRFJEdGRlYVV6VXQ0TkFhajNRUXJwZw?oc=5
CP.TO,2021-12-15,CP-KCS merger moves closer,World Grain,https://news.google.com/rss/articles/CBMieEFVX3lxTE5XdFAwTDUxS05FLTVCOENLdUJWekJacmE1U3g0bHJZS0F0OWJkVFh4MjVfNHRZUzByNWJWeXJSREdFY0pSblpfandtbEl5MmdWanlKclZ0UUQwMW1ZQVFXdktrRVJkeHRBRTQ2OVJiTGZVVFV4blJZdw?oc=5
CP.TO,2022-07-23,What is the current Price Target and Forecast for Canadian Pacific Kansas City Limited (CP),Zacks Investment Research,https://news.google.com/rss/articles/CBMidkFVX3lxTE5TUWZBaGtCSnNEVEN0NWlOZXNwNkFIdnloeUNoQVFDcW5hQTBLZmZMRFFtOVZ3Skt4b2hORVhHZUEzdkV4OWtDLW5ITUtEYWl0WlBzOU53UXBrY1I1eDZUdURRQzkxcDVYRnZBTzZaaDAtWkRyOEE?oc=5
CP.TO,2023-03-15,North American Class 1 CPKC merger approved,International Railway Journal,https://news.google.com/rss/articles/CBMigwFBVV95cUxPcC1tNDBHdHA2ejcxcTBsX0g4dm5Qc1ZiN1F0NnQ0Sy1qYTJvVUhvSWlyeFZTX3k5OERoZDlwMnFsOVZfN3FiMTZ6OFVTbkxkV2hLU0JLOG44RmtOVnBOdFRGRC1zTnU0WE1POTBZblVLd0NIN0NVU25IbnZzQWNiVXNLdw?oc=5
CP.TO,2023-03-16,CPKC Merger Approved (Updated March 17),Railway Age,https://news.google.com/rss/articles/CBMia0FVX3lxTE1SRmJFTWNZanJZbEs2XzFFWWZPalpZQWRuTkVEYTl4VnF3eHg5ckNaOWlyTV8wbDhKMVp3UkFXLW42SFVCSnk3VTlqUjRaUGYxMElJX0g4UjFuakRzLWZ0UXo3cFNMTmVfY2ZZ?oc=5
CP.TO,2023-03-23,CP – Kansas City Southern merger becomes official in April,Railway PRO,https://news.google.com/rss/articles/CBMiekFVX3lxTE9oVmJJRnBrVVZHT2tNX0E0T1NIcFdZMm1IRGNhWG1BUEVfUDRjZFhHM1lmZGNUbUpUbUZaclM1THJlYVlaWXhzMFlPM0xWbkZxdllWdFRUNE1mMzVvWWZkM2xFa3NGbHo3VFRUdmFwUUY0SE11MkFTYm53?oc=5
CP.TO,2023-04-14,Canadian Pacific and Kansas City Southern combine to create CPKC,CPKC,https://news.google.com/rss/articles/CBMinwFBVV95cUxPWGEtUTdGNHYwcWZSY0RCZkxSaVJHcGFFTnhZSVBTNDNjcFktdVkwbHQ5VnpDdlFzWmZpTm1NS0JCcjJMX214X3ZqVXh1WlpBQW92QkhqcTFhY0kyUnpNYkI3a3laMHlxeGlIYTJQdDlCei13T3AwODg5Vm5Tbm1XVENteTJkSktQZ3dkMlRfR2hRbWdJb0x1dXBWdUNZSzA?oc=5
CP.TO,2023-04-14,"CP Rail, Kansas City Southern merger clears path for more cargo, but hitches remain",CBC,https://news.google.com/rss/articles/CBMihwFBVV95cUxQc1NaRlNxeElibW9NS0ZKS1FLWkx6eFFocjNBVFRVRVZGOElCMk84eTZFYUpnTnZnU29WYkpjOXYyLVREYmFzaG1jckNoUTJlRE9veVAtT0tWNlV5TmdDVFUySEVManRONHltVDU0elk5MG53Q0UydjFvODl0Q29MU09fZUdFMzA?oc=5
CP.TO,2023-04-14,Canadian Pacific and KCS officially combine under Canadian Pacific Kansas City banner,CityNews Montreal,https://news.google.com/rss/articles/CBMinwFBVV95cUxPOGxvTnl5STBpM3NUNXR1MlozNDY2Z19jLXg0X0laaXVDaW5fNEVZTU1SQW1halJhWlJEdDdkTG9CN1FHNUpVLXYtMDFiWUJydEM4Z2l3VjdsdTZFUEplTngzQmd0R3ZsOHdiYXB6eHotbmlPaEdDa2tZTGsyWkJNYk8tTXV0MktOY1BVV3VNSFJxdjJvNFdfTFZseHRhZDQ?oc=5
CP.TO,2023-04-18,CPKC – a new railroad as a successor of CP and KCS,RAILMARKET.com,https://news.google.com/rss/articles/CBMimgFBVV95cUxNVkh0U2NlUVh1a3Z5Q09fOEVadkNmTjZnTm9BMUx4WThab3FmY0dwNldDVEFGMmdnQTJtRVJucEFOemRFenVJQV91U2V3OVNQUkF1NU93a21OTDhUYVgzX3JtTmhDY0hISFFmUkhId1FKZzd0QkU0R2UzMzZNeFpfc3VxWHkxQk9ZOFdRLXVtYnlPNjJheXdhS3RB?oc=5
CP.TO,2023-04-27,Grain helps carry CPKC 1Q revenue to C$2.27 billion,World Grain,https://news.google.com/rss/articles/CBMilwFBVV95cUxOcVg3dU9VUXJGY2tJRGdES1g2NmV4dEFwcFRvelZzVktYNlFmeFlRM2RXNFh5QUhiRlhYYl9MUHlvSjhqQVBLd3Q0cUJLOGZQZGpUTEU3WlQ2WXFabDhWYktuU1B6bFV2NFBtV3ZRVVBUN2ZwVFp5NGpKeDJoYXJfREVydjJlVElzZlVmendVYmRLa04zdDVj?oc=5
CP.TO,2023-05-04,Teck and CPKC Announce Long-term Rail Agreement,Teck Resources Limited,https://news.google.com/rss/articles/CBMilwFBVV95cUxNdlZfVmlzWV84azUtQ3E4V2FCdnE2Nk4xZDZKSkQxOEFBemVKNjd1R3kzWFZPMGR6ODZ4bVRYNlFVR0JmM2NZQjJhMFpQeEtrTGwxc09xRHNGVlNob0FJR3JTdmhSVDJfMGJkb3dFUUFncE1rOUhZRFVsWnVod2gwc1FIOC1rUWNpd0dGN1p2ZnNWQXh0U2w4?oc=5
CP.TO,2023-05-17,"Class I Briefs: BNSF/CSX, CPKC",Railway Age,https://news.google.com/rss/articles/CBMifEFVX3lxTE1SUUtOSm9UWEp5eHBhTHItZTZoS0dET2M3WXdDTk1uUF9MaFVJSkRtelFHNzVTa3pSNlNpMlo3QlBtUUFya2FOSDJjMUx2TVpjeXNsVTRJaXk5a1BkNVB5YWJ4b0tvcS1iaXAyYUlNZ01DRW1SUVNfUkNBZ0E?oc=5
CP.TO,2023-05-18,Why Canada's two big railways are livid over Justin Trudeau's attempt to force competition,Financial Post,https://news.google.com/rss/articles/CBMingFBVV95cUxQTlJMYlFvRG95M2RzUm9CV1ZGUFc1VlVvSW9rV1NJUUFleWRtRXVfSUxPeDBpVERSbHJKelBlVG9IRlliVWJXbjJRYnc5TWpKN2tzR0h6NVVFWkdDOTVkTUZ1eUwtby1FWGdzN2gxSEo3dkdtbDk3cWdoVnNJLUZLa0xJWXhfdER5clN4LWNNanByWVEwOGFhXzBpWl9TZw?oc=5
CP.TO,2023-06-02,CPKC Readies The Empress for Transnational Tour,Railway Age,https://news.google.com/rss/articles/CBMinwFBVV95cUxOWERkc3VHQWRPUGhiRWF1SVJod1NpdXlpMEhiQnhnV1V2anA0Ny05eWVaeXAtbWFmZFR2M2VrTHJJbFhvdjZQNW5fYWFJRUJ4T0pzU1JzVEt4N0VGVEx1T3drR2k0dWZtVlhoVm1yQVMwNzBWTjN5SENMbXctUk80NDhPMTVHWnFQYUhYOUNBYXkyQUlZR0thbEhIRXd5dzA?oc=5
CP.TO,2023-06-15,Noted rail designer Vergara offers his take on new CPKC paint scheme,trains.com,https://news.google.com/rss/articles/CBMiuwFBVV95cUxPazZYS2dDTEx3d3R4UVdWckVsX094NjRfcENJXy1Fekt5QTVGY1E5aWYxb2ZYTk5CSkdiLUttbTRjQVhrdk5KbXBiOU1qSFRBbU1ZMndaLWZQcDRDQk1BaHpqYmxwYUFMTG5VT1hoaGY3WlZUS0pJR0xjOFlxLWNtUTNWU3RwWjRiMVFRMXNnOVFhbHFiMnhBN2I5QnBPZHh3R2MzWTVTTFNMb0F5Y3MweUVKa0pOdklFT1Nn?oc=5
CP.TO,2023-06-21,CPKC introduces carbon emissions calculator for its combined network,Railway Technology,https://news.google.com/rss/articles/CBMiqAFBVV95cUxQbVBtbTg5aElEcGhVd0RzWlB0V205ZkNObWlZN1A4Mm1yMVdDU1YwS0hZaFB6dGNBMDRlSF8tRDdzVzByYWtVanh4d3ZZLWdzWWsyRU93LXlGVXp2RG1iZFBwTjhGTDlxRmxpQ01qUzJtQ0JHeUlPbGN1WTBrRDEtaXBTVnQ2VUxRLVN0NEEteU9abnQzaC1lMmtRbEpBYTNRRHJDVFN6aUM?oc=5
CP.TO,2023-06-23,CPKC and CSX announce hydrogen locomotive collaboration,Railway Gazette International,https://news.google.com/rss/articles/CBMiqgFBVV95cUxOM2wzSmRMS2lGQmdOWHlndnk5WllUVVQweFhMUEczR0xDa1dEOVhTejB4WENxLW9mdk1FUmxBb2hoa2ItLTB6WkRwZU5ncG5LUVo2LVBnLUNQQW4teEVpdTRfb0pvM0VYVGEtdmhiZUJ3Yy1wdV8wRWpMb0d3M1d3cmtIaUV5NEF0R2ZyaDNIT3BLSDFhS2ZKSWV0engxeWMtRGhqWHlFclVMZw?oc=5
CP.TO,2023-06-26,Richardson to expand CPKC-served elevators,World Grain,https://news.google.com/rss/articles/CBMijgFBVV95cUxQMUhLWHZjNUdSVTFoaGFjakMxQjZhWFdhUXg1bUlIcVkzcDMtOXB0cmh4bG5tMVU4eXIxNFJaVUpmaUpScWc5Q1pQZzNkVzVzSlAwT2k4dWlVTXQ0Tm5ZOU9MQVJySkd2eHB0YXBsRWRrOTQzNHNZLXlBeVNXQlRrSDNWWkhPS3ZsUTNxY3JR?oc=5
CP.TO,2023-06-28,Canadian Pacific Kansas City unveils plans for new rail network,The Globe and Mail,https://news.google.com/rss/articles/CBMinAFBVV95cUxPWDlkbWFmVHBSdWwwTEtWd1NPVFBCX193WmMyQjJPVmZKNUlENW5KQV8tekFibDAzRndEN2wtZmZieEJObUtZbkF0bnRpbEZHTkVKUzU3TEtIZ3d4dlNraHp1cXlpY3VUMFdmSjNlOGR0T3JvSDR5LTlYanZtb25jeUszeTJLTlBmMFlhMDFXbVQ2WWJrMW02WGhqdDE?oc=5
CP.TO,2023-06-29,Railroads CSX and CPKC will invest in connecting their networks to increase traffic in Southeast,KSHB 41 Kansas City,https://news.google.com/rss/articles/CBMizgFBVV95cUxNYncyUVZCZkVDWTh5a3o1UjVQMFM4Vi1GVVBnd01vb0RBZnhkS24wOWxHVjlLQUQza2dCQUlyLXJVSDZVSjY5cUxEMUl6S0dROFRkQjRnczd4VmtHX2FEb0xVN3o5MGc3SGlac0ZiYTAtSkhReXRNbW04ZEdnRVhiVzhoT24xOEVMZ25XYXZUX2k5WW4xdU53MC1LV0xqd3FoS2dURG5ibEFaTlBRMGQzdjhVNWh4SlI2M1ZHVmo4eTJlOEk5TWhOR2J6emhVZw?oc=5
CP.TO,2023-07-03,New freight corridor to open in the US Southeast with 3-way deal,Railway Technology,https://news.google.com/rss/articles/CBMiigFBVV95cUxQTS1qOGJrN0gxZERUSUtPS3hlZ24wLVR6dDF3VVQ3aEZRY2NrbGNNT0hqNkR3SkFBdG1DOXFYWWFGc0JJdmZTV0psUzFxWDFDNTBjVldQQmx2cG5tN05udEZYbzZ6RE1aQjkxT0F6T1h5RkFDQmg3UlY1WnVuOGt1LW92dkVITkt4cGc?oc=5
CP.TO,2023-07-04,New livery design for CPKC and a new interchange,RAILMARKET.com,https://news.google.com/rss/articles/CBMiywFBVV95cUxNOEtjbnQtalB6bzZlMzNpQ19pLVBqNy1tNzlfSTVEd2U5VHpoSlJJcVU2bzFXM1p5ZmxuQi1zYUw3VTdEM3V3aU5VcVRqV25SMDB5Qll3WVg5WXpQcktFdTRrOG9zQV95RkxJZXZfMWYybjFCS0pEY0lHZERkTjdkWEV6Rmp5MUdBdVd4Wm1ueWkwOFdOVkZOQ3BHTFBpU2hpRzVrcDlkc1NUMVI3QklxWk1scThySDFWQk9aOHVXMHRUQ0ZYeGJfdkZuZw?oc=5
CP.TO,2023-07-05,CPKC wants to bring ‘sexy back to grain’,World Grain,https://news.google.com/rss/articles/CBMiiAFBVV95cUxONVlROWVkcWpSQXhDZ3liRnJCSVM0LVFYd1RlaGwwWXpyYThEVmVQYzFjNWpKUHllTjlCeWdfS1JIY2FKWlMxWm9rZEJEVnJBcmRjLTdZS2RVLXY2SnVTdmhrYThtTlVJU0ctYmpfRWhKZmlWMXhRZ3JVa01PNDJFRDBfVVd3MFBk?oc=5
CP.TO,2023-07-18,CPKC: ‘Final Spike Steam Tour’ Set for April 2024,Railway Age,https://news.google.com/rss/articles/CBMilAFBVV95cUxQVFdId2VFYzJscmFlRE9yRUNNaFdqV2hjcVNwZzJyenZkVmxGUVBGSGpQdEFtWVBvYV9GYVViTERoMDl3OUZla3RjWHJQeUlTcVV3TlN0a2x6MUNGb2dDa3JSZElqbVlveUFpT1Z3dzZPRGFSZTlLT0d4YkdpS2F3TFNmYlRET3dybTA0ajFnZG1NRnFH?oc=5
CP.TO,2023-08-01,CPKC Orders 18 Hydrogen Fuel Cell Locomotive Engines from Ballard,Railway-News,https://news.google.com/rss/articles/CBMilgFBVV95cUxQeEExLVAxeWQtVWd6NzhyY0xsNDg5cENvby1UMVd4MnI5YVRqOWhGMHdsNm9NS3lJQVNoMUtzRC1jTy1LdkRqWERHZWxTRFNRaGZGdDJ5YW5mUHVhQU0xSU4tdFNaaUhOX2pUYWFEOTJSZWVSZEZlVXhwM1pfRUREdlNfbjJaU2FUSlpPdFZsLWg3MEZLM0E?oc=5
CP.TO,2023-08-07,CPKC: There Won't Be A Better Railway Opportunity (NYSE:CP),Seeking Alpha,https://news.google.com/rss/articles/CBMikgFBVV95cUxPRXpKclhTWGZhZzNLNmVGV0Q5SWVuaG5mcHIxQlJUV3BEaEJ4T1dJTy1sTHZxREpCY1RUUzNXOHk1eWlJdjVpSmdlbDR1T3R1ZTNXdGdvYXFkeFpjcGtZNmFvaTBuZmoxLWo2NFdNMFFxMWpRM3UyR0VzNFB6WmxmVG1UVVFIZ2Z4UmNMaEhEZnZMQQ?oc=5
CP.TO,2023-08-15,Canadian Pacific Kansas City: The Go-To Railroad For Growth (NYSE:CP),Seeking Alpha,https://news.google.com/rss/articles/CBMikwFBVV95cUxPTjhkZDZMYm9XOGUxNW1iQ3JXdTVyeFpOcWxCNFlmTmdsZ09NZlp2YlhWczJ6eDRBcHo2WkIxVzMyZEt3blJGS2ZteExNLW0yXy1haWxSUFkwVnVXYVRkVlktbXpGdmVQNElLWjVuOVNhQWhZRnpPcHRZX3EyWG5MQzhIdm9tTnJ2cVlac2VEekZBSjQ?oc=5
CP.TO,2023-08-16,Cando to Develop Battery-Powered Switching Locomotive,Railway-News,https://news.google.com/rss/articles/CBMihgFBVV95cUxOby1YTHdZWmR2azhGWTBoeEh6Z01Ob191Q1BGM1dLN2hyV2g0TTA3dmM3N0d4YnFweHg2aWJES2VQTXpITlphdEZxNjdyZE5rTHJYblF1aU5qUTYxczl0dXRxMkxhemtGUmJDeHRsWjB1NmF1S2RKMURYWHNrMThUSjlFTFFQdw?oc=5
CP.TO,2023-09-11,Canadian Pacific Kansas City: I'm Waiting To Buy This Railroad (NYSE:CP),Seeking Alpha,https://news.google.com/rss/articles/CBMinwFBVV95cUxOY08zNWJLMDdLTFhqMlNsaGFJNk9NM0NsRmdGNUxXYjJYYmRRYWhodldXX01fbkROcUQzTzdVZXZ2RVlMOFNnUVc2YnVleUo2Yl9hREhvX3QyT0E5N05PTDctS3plVGFVa0VmQ09EaEVSTldXNUttUlpneWhpX01pYVY4c0Y5YnhKaW8yckdwRGF1UmNpLXMxWVdSdW1iZjg?oc=5
CP.TO,2023-10-11,CPKC and CSX detail their plans to connect their networks via Meridian & Bigbee short line,trains.com,https://news.google.com/rss/articles/CBMiywFBVV95cUxOYWFBdFc4ejB1U0JfTUVZTEkwS1IwSDZjMVN2YVpDWkFnSElvSDQ3cTN5Y3NIcE9jSnBzNkR2X0EzMWVyaFpfTG9qcThkMW8zVEtZbFkxRWpKcTlRd3Iwb19TeXU1WHdjNzBMeU1HMUpHNUswRTRqUFBhRmFUcXgxSFFGUjFubjh2QjcwMHlkN3NaS3BhM3pxdUhZSEFBVTEtdzhQRUphMmczN2ZLRlJobGdPR2REQnJCY3dtVFlrMFdZN1lHUjZiSko1TQ?oc=5
CP.TO,2023-10-12,Initiating My Position In Canadian Pacific Heading Into Earnings (NYSE:CP),Seeking Alpha,https://news.google.com/rss/articles/CBMiwgFBVV95cUxQZHdIYU1iQkxfYmVmbjI5bHBPcTlRY25MX3htRDlrM1dSUDZYR21IeEJIdEZnR0VtZTNRajNjeGJVekVhTXNzVWF6bzRVTHJNSnJvUlRlQVJxUEZJOFhNem5uUFpVdUZiOFZwckhqYTYzbnVyWjFmUDRzX3YyLXpmdUJaRW11ZTkwbkdnWGZ0c2pHOW0wMWZZQnFFMXgwdl92am9rbFVFaFVCcnpZenp3aXdsZ3dUbXRsZlBCd3F2Z2VQZw?oc=5
CP.TO,2023-10-23,Canada: AECOM Wins Technical Advisor Contract for Hamilton LRT,Railway-News,https://news.google.com/rss/articles/CBMikAFBVV95cUxOdWVwVlJoUkJPY1NEaGNOcDJCWDNaUmZuZGZHbmNIa2FDNDItcTJhQWV6cF9sZU1aTm5WSzBaRlJDMmJLUFNtcFE2ZVlNS1JjcktGclpoemxDeXJKakZmR3ZOd2JhUXh5UmFkVnpoZV9GU2hwZlRJaURnS0hDdm9iaVZMYm0zSlZ3TDg5cTMteVk?oc=5
CP.TO,2023-10-26,I'm So Very Bullish On Canadian Pacific Kansas City (NYSE:CP),Seeking Alpha,https://news.google.com/rss/articles/CBMilgFBVV95cUxQTTluZnNMS2VuMDNoNl91RFp3UDRBdWw1d096M3AxZzI1UW54OHIzZGx4Z3hSUWtXaEt1Q1NibmUtQ0FxY1hLRXNDUzZ5UGg1cF9CcDd0ZWZmYkZ3VkdvbDlON0RfeG9UakNQTzhMOXRZNHJmRkxRV3dfakRydHlFOWZCSDV0elFVZWpxeDhkQWFTbzVDdlE?oc=5
CP.TO,2023-11-21,Canadian Pacific Kansas City CEO cashes in on carloads of stock options,The Business Journals,https://news.google.com/rss/articles/CBMiqgFBVV95cUxOdWEwZjJlZDZXelpQVXd0dXBVZXhKMU83YldGRl9iQ2lwQ2ctVlNfS3FvRnpxLVBPcHBpQkV6bV9Uc1FHY2R4TWNtUnI2NjkwellmRWRoOHc1V19pUWRmTzExRnF5R2twVHFqclU2MUlwYnpEUVdhTHpTWVBHY2lGZ0pMZUE0NTVwdTJHbXBZN29URnhoSkVPQW1qYkd1aVZsb2tSSnRmZF9lQQ?oc=5
CP.TO,2023-12-01,CPKC Holiday Train and Metra Christmas trains,RAILMARKET.com,https://news.google.com/rss/articles/CBMi5wFBVV95cUxQME9SU2lnaXVrWnZDQlpRMzZvTThSVzRBeHpEdlFfYVZoYmIxc25tTlJJN2NRT0tfOHh6a2FkMDM3bjR2WHphaTl2dWpVeE1QbWFmempuSUhHX0Q4SUM5VXV3QkJKdmVTeVVTZThMLWJRNnk3TzUtRjlkUng1LWI1bl9EVG8xNTEtRGhYRWNWWVZmSFlvdklmQTRwa3hrcVRaTnNCNkU2S1YtcDhLYmtXV0JOQ2t5N2dsSVlLQTloU3UyUkFmUWJpSWVPT1luM2hXZHNNN1ZIRmROMmZwUGJQWEN3YW9JVWs?oc=5
CP.TO,2024-01-26,Bison Transport partners with CPKC to provide international intermodal service,Yahoo Finance,https://news.google.com/rss/articles/CBMikwFBVV95cUxPQk80bmJOSVVaR0pwdGpIVDhPcFVkcFFhSzkyQUdET2pKUmN3UFJLQXNBVmhRT2NRY09DSHY2TzVZQktkZXREczhMODZPazZsLUYxdXRXc3h3NkkxRlpYbEs0MjJoT21xTkVQLVJNV08xeHhfU3BLQUo4NEJhY1JPcDZ4S1Atb1VTZUJVdERIYWRHaGc?oc=5
CP.TO,2024-01-31,CPKC delivers improved revenues in 2023,World Grain,https://news.google.com/rss/articles/CBMiigFBVV95cUxQc2hxM0NfOHhMRjZ0eFg5eXpIUzlGRHJ3MFIxMHFFZ3VTVmdscDRfQWdxemJpbUdLU0lsQXlVNXJjOFJqYTl4YXhVT1d0RHJZemdfZlNzRlR3M01JWDQ5TUdFam9wN2pJTl92aTRwakw0cGFGQnRYUHZlTDR2VDVNNGNmZHliNUJfUWc?oc=5
CP.TO,2024-01-31,CPKC announces schedule for 2816’s ‘Final Spike Anniversary Steam Tour’,trains.com,https://news.google.com/rss/articles/CBMiuwFBVV95cUxQdUN0TkM4QnZOYVBpM3VBdVd6NXMzelNFQTRrdmpYMU1nVTNmemdEVV9IOTFsRktTb1lTM0RFWHQyNFNoVjdkSDFJMmwwR2J3QzdjZjBTeV9rcWxKZmFEVkZFSEkyeF9nYlFZN2ZxVlJJV2puSFJqdXNOVnlLeHl6aVRzdFBsdnlZMU15dXEtRzRUbXAzY1ZCbEtZVGlERTNnYVlmTkhsWTVhYVdyRFRTekpDSV9sSFRPWkRj?oc=5
CP.TO,2024-02-01,CPKC to test tender for hydrogen locomotive this year,rollingstockworld.com,https://news.google.com/rss/articles/CBMinAFBVV95cUxOSVktN3hDTm1rN1VwMGxOU2w5RmVSTEtFWjlROUN6LTJkcmRXR0ZrNzdlNmhQZkh4OXRTV1o3cW85TWNPUDV6Y3RzX1YtMDRlNWVlU3dxdVF6aVhBY0ZSckxaUXdjdDRzQkM2ZWE0YnNiTUF0TmthRzJ3OFREdnh6RmNGVVoydVk5MlE0OFVydnZfV0ZrM29WNDRETG4?oc=5
CP.TO,2024-02-19,"Railway union warns work stoppage looms after CN, CPKC seek conciliation",Toronto Star,https://news.google.com/rss/articles/CBMi6gFBVV95cUxOOXdpeUE4M2FVcTdMTVVZVzQxc0F1RFdjeDg0ZlJHcVNKTkVISVMtZUJLRHFLTFZjbzI1TllTQTRtQXNKVnkzZWs0aXRCbG8xM1E2OWJmWGY5MldKQ2F3MlNDNzZtbm0ybzdLajZ4Q2FtYkgzd0xuOUxOTnh2SnJPckFGSHlvaUstTmtkbWxGemRNTlAwN1RJZ3QtS3RweVpJWEo0UXV5MzlTejUyVkV1bzYycEEwQXVaeHNZZFpuU2lUbW50WGZxaG54M2dhNk9rTVZITTBIWGVhTjVscDBDM0dBMFI2V0NRS1E?oc=5
CP.TO,2024-02-22,All aboard! Canadian Pacific Railway is hiring in Metro Vancouver,Daily Hive,https://news.google.com/rss/articles/CBMihgFBVV95cUxOMmt5YUN1QVM4RVFMNVIwM2tIc0Q5N2czX2hpc08zTFV2VU5mREk1ZUd0dVVZaFZrOFBnVHVvLTRBS0ozRHRfdWJicUdZT1Z1RGtPaHFUUE1rTi16d2JERWkxWEpZcmNkY3NsazJFWEdXS0h3UG1SNlAyMGplSHp4WXRQT3IxZw?oc=5
CP.TO,2024-02-24,Top Canadian Railway Dividend Stocks for 2026,Million Dollar Journey,https://news.google.com/rss/articles/CBMihgFBVV95cUxNR2doMTBuLUZaZFdtdjFZWG55SWRMM250UUdoRXp3NUlCRFotSmNQOUx6cXRQQ3BfbENZMkh0Tmt4b1RtMjNob0Z2VVdlN1VoajIyTVY3TTludEZ2T2VtSi1xQTVBTnRSZlVNVmdha0pKTmxwVUdSQWZzeENuX3Q0Q19vVjB4Zw?oc=5
CP.TO,2024-03-19,Post-pandemic challenges persist for rail,World Grain,https://news.google.com/rss/articles/CBMijAFBVV95cUxPVXhpTW5RY1BtdjZtTGo4ZXlKNHRkQWkzN29QdnVOLTRaazhYc1l2eGlwaXp0NmJxSW95Y0MwRXRjSE1TZ3FZT1pQQklieGRMakJaN1VEMHVhQ0NhOEttNWVHbWJtOE9neWVGbHJMWnV2NEpZV1QzWE9xYk43XzJsUFQ4UllXZXUwYTZCSw?oc=5
CP.TO,2024-03-25,CPKC’s Creel sees his compensation jump to $20 million after railway merger,CityNews Kitchener,https://news.google.com/rss/articles/CBMisAFBVV95cUxPbGtoay1nVjRIWFFqY3hNWTcyREIyY3NjUHNEUFJYNTYtRGcxQjJlSWE5UThIeGVTMXVULWI3a1FrNkVVWkM4VDh3WDNBMFo2a2NQcV9VbjNDRmo3aVUyVVpIaUN1MDNWeXB5VmFlV2picHg2eHNXOTdCNFJjcktRckUyODcyb1BRdWRpT1d5ZGlzbXhidDBod0hEbmZNQm5iczUxcm1lWEloYlpWcVR0bA?oc=5
CP.TO,2024-04-05,Norfolk Southern activist investor highlights past abusive behavior of new COO as proxy fight intensifies,CNBC,https://news.google.com/rss/articles/CBMiqgFBVV95cUxQSzBRN3RDVXJfSE5md1BGU0pqeFhqcTljOHgxQUZKSnZDWTFSbGxIUHJHc3BLQmtOakQ2MC1PeVkyMUlEaXA1UmxvUzV4bEVCSjVYT1JzNjl2OEU3cEp4cUxyUHNlZExpV1llRGlJNHVQbThVY2taQ3MxRTVReGdNcmJHWnhYb3EwYnJ3TENxdThWTXQtdWpJam9idFBtdGlIX3NUSWJVUXE5QdIBrwFBVV95cUxOTWs3Ym5BVlhNQjZSeE9DdFQ0aWRueVRZSkM3ckRrUEZqTFYtV1BFYnNNOVRCckQ4a0NxUXJOZDZDcnFrTHk4TDY0VVg3MG9GbGF6bjF0UFpVUWhoQWFwZFpwT3RkZDhZTFJxM0Ffbm5peXo1QmIyOWVSR3c5N202ZlBHMUFoRnhqQUdEUG93a2dKM2xpMk1SSlRhXzRSeEpGN054aHl4eEhnR21TVEI0?oc=5
CP.TO,2024-04-10,"As Canadian Pacific heads south, executive pay goes up",The Globe and Mail,https://news.google.com/rss/articles/CBMijgFBVV95cUxPMDFISWFZRGJDRUZZRWNmZFVFZXVTd2xmMmJrR3BjeWJPRmN5ZGhfYXhrZXFqQmFuc1lHSGRpcnR3dlhGR0RvSlhrOU5fQUhRNFpocGpJWHdsVDFDMGF2UnJnZ29CT3pHUFNfbWd1Sm1ycDVWNnZSOGlVWU9qTDZXbDRHWktWaGh3NFQ3Ukln?oc=5
CP.TO,2024-04-18,"Rail strike looms as CN, CPKC workers take action to a vote",Canadian Cattlemen,https://news.google.com/rss/articles/CBMinwFBVV95cUxPTWNYZmFKQ1hiTHhZY2FVdkFuRFhiZW5lVVBVVEVIVFJRQ2dPeFVNZkt4OEZMQ1BRM1BYQXJObm93Z1RPaEdNZDczNzB6SDlhMW9qT0JqX2cxeXBrRkJ0a05HUE5IdF9yQVRsZENXUllwR2xzMlV5SEg2b0tqbVpFWUt4bFVHeWFyMVhTSTU3aVdPRWJNLVYzWENSME5mRkk?oc=5
CP.TO,2024-04-22,After a long break USA meet diesel locomotive converted to hydrogen traction,rollingstockworld.com,https://news.google.com/rss/articles/CBMiuwFBVV95cUxNWGtFREpKMng0U0h2V0lPRUFweGkyaDRiUWxIM2RpbnJZZGVzeWs5WVB6SDBSdlNuNGFUNmpBNkhIZjlibW9rNGlaZHU5Um5YaUN1UDRoOXN5WFlSQmo2N29za0J6NjJPek84ZEZ4b2VydE1iX2NtbkdSZUJROEsyVnF4M2hKSXRlLVh4N0NoU0VhNnFSRFVCUWJXdXplUW5kRkdoalRSUjJJTTgwLTV1cXRrUE1nQTVRU2dv?oc=5
CP.TO,2024-04-24,CSX unveils hydrogen-powered locomotive,RAILMARKET.com,https://news.google.com/rss/articles/CBMingFBVV95cUxQT2o0MXIxU2xJUFBpVWxybmZXUGRtUlp0UUJ0NnNZWDhENnBfNk1Ca3RGUjFIOUNyUEIxWFBXQ1F1cmwtWHJSbUFkM2NhbHA2SUNuX2lyUjVneDAwNGp3cHVTUmpmWkx5dl95M0NMMFQtR3cya0lORFJUVmFlNHBGMDgwRGg0S1d6cEFGS3JUY0hOMVpDMnJ1SjRKYUgyQQ?oc=5
CP.TO,2024-04-26,"CPKC Kicks Off Final Spike Anniversary Steam Tour (UPDATED, 4/26)",Railway Age,https://news.google.com/rss/articles/CBMikwFBVV95cUxQdE5aTGp0R1d4OHl1bUhkMV9rM19CM0lDalBHWlRmX3Q2Y2s3Nk1HSXJHa0VtVTJLaGdwYnhPbEFMTkMtYnNWWnVVdlMzdHcweFVieXJFaW9LTzNRX09zOXVKMDBuMVBFNW9SYWdxdW9hNWRfRXJhREJBTFVmWjBzZHoydHVkRXotcVExZ2pwM2w1V0U?oc=5
CP.TO,2024-04-29,CPKC revenue rises in first quarter,World Grain,https://news.google.com/rss/articles/CBMihAFBVV95cUxOTTQzYUh3cHVoNGVSRndsMW0wTkxBcHc5ZHpBalpOak9uOFF1blozN0RobTZCOEhwZlF0b2Q1U0xUYlN1NGRndmVIbXNNT0c0eXJLYjhTZk9JTm03cnJwTmZjOWZEc3dYbWZXcVl3LXpKenRjdXRiQkd1NUhTUTJRajgtM0I?oc=5
CP.TO,2024-05-01,"Canadian railway workers at CN, CPKC vote to strike, says union",Reuters,https://news.google.com/rss/articles/CBMiqgFBVV95cUxNc1FZQXFXSGVFNnhxU2F3alROTnRsdk1EZ1E3anNwd2pJTVB2MGVmSmp0cXY4YUJHRmpNX2JKczV1bHBBRjNEZEs5Zk9kRFMxZ1lWaFIweVlTWEY3V1lFQWpONlpacGZ6VlRrMDZUVEVUVC1adzZndHdGU2g4ZXJGMnU5cE5udzRNWnBXbjVKR0d1R2s3b2pTQjJLcExlN2tKbmRBWXcxXzRYdw?oc=5
CP.TO,2024-05-02,All aboard? Work on Mexico City-Querétaro passenger train could start this year,Mexico News Daily,https://news.google.com/rss/articles/CBMinwFBVV95cUxQdUhBbWhZYWFpUUJQcjViZFdNbl9jSHE2elgteUl2NGpaeFlfM2lwc1QwOEJ3QlUzT3RYbXd1UTk4VThMQkZJTk51SG9kLWZzSjFfV0NvV2FWVzYyUHpMLVZKWkhtc2Y5VmxXUUtpeHhLTWFJR2NoRC1rMjBlWV8yaC15ZUltWk9tTC0wRGFsMkRLSEZFeHVzUjFYaFNjRG8?oc=5
CP.TO,2024-05-10,"Canadian Pacific: Unique Assets And Good Management, But Valuation Is High",Seeking Alpha,https://news.google.com/rss/articles/CBMipAFBVV95cUxPV3U4Nk5ETWZFbTJiY1UyMDVURWhMM2hIbUR5MGw0Tzl3SnRxejgzNk9GNVNWOWtXeENObGFnV2tOMWlVTFcyQkhCYmhGWGdOWGJUQ3ZwWlNaMjVmWDU3Wl9zMERDT0V2a09PNjh6My1sTW1DcWoyMG13LU81akQ0cUNpSDY4dFdEVDNrWm5lUTk4VmxwbFRTbFIzMGZIM25UNkQ3bQ?oc=5
CP.TO,2024-05-13,"Canada’s labor board delays start of potential CN, CPKC rail strike",freightwaves.com,https://news.google.com/rss/articles/CBMioAFBVV95cUxNd1l0MDNxRXZLakZDU1dhUG9zV3E0RHluS3pYN051cy1VeFNDakVLOGtIVzNvWXQyRG1XV1h0ZC1XZUN0OUdnRFEwVTdJSHVLV1VQYVVScUtMUUFpQjExNUFqZFRib21lazFzZUg2VFljQjl6VXZ0YW5tUDIyWFpNLUNOSFVaT2dHODZFWUZjbENBc2pOLWpOclQxNkROWHk3?oc=5
CP.TO,2024-05-16,CPKC to resume contract negotiations with Canadian rail workers union,Reuters,https://news.google.com/rss/articles/CBMiuAFBVV95cUxOek55MmpjOHlUWmRrd29pZEttWDB1Y2otS0thLV8xZDNwaWRVOG51di1DZzZHa0xnOXExZHQ5Tnh5Rnk3dmNWWnkyWFo1ZXN1SmxtVWMzb2JoVTRIcVJKdUlKUWxkR3JfeE16N1hZWGo1WDR5MTFpYmFSUVZnbk9CSEJLTGZ0d0ozREU3bjJDQVZSaEp3TmFxcnoyUTRVTk9OcGNYWkI0U3ktWTNyR0VOUEtZby1ZVDdz?oc=5
CP.TO,2024-06-05,Woman Killed Attempting to Take a Selfie With a Speeding Train,Men's Journal,https://news.google.com/rss/articles/CBMieEFVX3lxTE9ETGI3NENxTXJKRlVmbEd2MlBlSTltaWZjWExrNmUxTW5qRlUzUjVmNm1tR2FfYmlUYXJUOHdvVE5ZLW1GTE5KamZYQWpKb0dSeDAyYmZjdEtFZFFKMkJjN0dpWm9Tby1uQnBtVm9yVWxmRWVhX2Ricg?oc=5
CP.TO,2024-06-11,"Class I Briefs: NS, CPKC, CN (UPDATED 6/12)",Railway Age,https://news.google.com/rss/articles/CBMie0FVX3lxTE9WSFYxWVpuOHB1WER0cUtXTk4wcUZJc0wwdlBKWGJRUnJYMnZ3TC0zblc0a09sOTNPRlNZWng4MFRPT09mZmFJMVpnZ2dYb01sUkx3MUZZeXpNSHZQM0VYV195MERMQmZjaDBudkFIc1VFR3FpaE03ZVJWNA?oc=5
CP.TO,2024-06-24,The 3 Best Railroad Stocks to Buy Now: June 2024,Yahoo Finance,https://news.google.com/rss/articles/CBMifEFVX3lxTE80TEU3WXJZNllQVzd6bWNOZGhFb1ZuWHBEQlpUc295eGVFWFozNnJBTkFtZWxEaXlTaUlzLXdHUmJLQlpWVWpTX085cmk3dW5HcWt1SWJnc3NjLUZHYmlvTFcyT0JGSnFFU3c3NWNaRzFrZmR5bldzOXM0eU0?oc=5
CP.TO,2024-07-13,"Our CEO interviews CPKC de México president, Oscar Del Cueto Cuevas",Mexico News Daily,https://news.google.com/rss/articles/CBMilAFBVV95cUxNYlA1NjU3Mk5zMHV2ckNQODI2QmRsdmg4OUJwbTJabDV3TGl5ZFdadVdlQ0RITHp0RFktWnlVTERLcVNReHkxbW4zNXV3YlFCNUwtREhpNGhiVmk3Q05SakE5blBkcm5CdW5iUHBsaUdfUlFiVjFVVnZDX25rY280Qm1sX2hZdWNsNlBpUDNqMmx6WjMy?oc=5
CP.TO,2024-07-15,Why do trains only run west through Chilliwack? A Fraser Valley train Q&A,Fraser Valley Current,https://news.google.com/rss/articles/CBMiW0FVX3lxTFBKdjdIOGk0VVVfa0otVUZjQ3FwMVNXSHZRWGxsX2dwUi16SGg2eWt1bEZGTmQ3OWV3MkM1aU5qcmdiaDZudThxc3NRdXNHZ243NlhJdF9xY1Z6Tms?oc=5
CP.TO,2024-07-25,"Lured out of retirement by a $36.8M package, Suncor's Rich Kruger was Alberta's top-paid executive in 2023",Calgary Herald,https://news.google.com/rss/articles/CBMijgFBVV95cUxPeVRZWkJPVHFmOE1XSGIwWmdTNWJKWDUzMTJSd1A0LXYxSEJQZTJSZ1ctbVRoODZQNFQtTk9Od2NOdmRyUTJlbG9ZVHdhWHBvdi1welhpZVlxd0VRb2lGamlRTlBCYkFENW9EYmdoSjNaUkRiUWZYVW56ZTRhc1dLNlFjR2VKSngtS0lOTmVR?oc=5
CP.TO,2024-07-30,Canadian Pacific CEO Predicts Potential Rail Strike in August,Kalkine Media,https://news.google.com/rss/articles/CBMiqwFBVV95cUxNTEVNVmVjdTVIcVhyMkZGTENVeGJlZEtJSWgyc1U1WUtwajUwXzVNMGZQS3lLc21YVHBMWnU0THpLaFFCU3RnSXA1blBHTVFOc1MwVW43TWJ1Rk5ERk5KOWpiSGZhb0w0QWgzdnVQdGhnWmJ5MGVPRTd1eTJna2EyZEZ4Z3VsWUk5MG9vTmlPdmtQY0VJNGEzQUlnTnpjbHdmSnREN0YxYVlPVzQ?oc=5
CP.TO,2024-08-05,"CN, CPKC to resume negotiations with Teamsters Canada",trains.com,https://news.google.com/rss/articles/CBMipgFBVV95cUxQR1Fxd0NZZWFBWUVZd2hCWHFqakowdFdMMjAwcFdBQmVDWEp0S3NtZXc0dGp3RUZtY3N2OUlrZVBYY01hbWZVaXp5bWxCMEtKbnJObXU3b0FYY3hsSHpGV0M5bVRWMXhMX1I1d3J1UGc3clFqMDdFWjNJTGxlN0dtMndsM0NMTGNUcWJ5WjVQYTBhSDFpbWh5ZVl0RERiOFBrNFQwcDVR?oc=5
CP.TO,2024-08-14,CN vs. CPKC: The 1 Rail Stock to Buy and the 1 to Avoid,Yahoo! Finance Canada,https://news.google.com/rss/articles/CBMidEFVX3lxTE1lNlEwcVZ2dDl3em1IeG02MnQ0dzFqNEdrUHJjLVBGNEgydEpNY1o3Qk00NGZRTWN4WUlJXzh5dWRTSVJFZmFkbDNCdFdkVVNPZHJCVlJUb2xKUzZRVjZVelFLNXhPZmEwd0xsWC1PU2dpTXlu?oc=5
CP.TO,2024-08-18,Canada-wide freight rail stoppage looms this week as two firms issue lockout notices,reuters.com,https://news.google.com/rss/articles/CBMivAFBVV95cUxPbWJrS05BM0lrSEwzSmllYTRTSG9qWkNmbGEzNS0yXzh5QXkybUZKZkhhQVI2Sy10bERJLWVVLWFpZzhGSC1UMVhMOVRPdXFRZEU2R3NpdnRMN1RNOHgtd1M2ZmJzZ2NqMTNIei1UcFF3Um9GQ3hrai1GRlEyaENZQUJDWm91YzlmRzYyRGVLaVFJeFRqOWRMaU0wazlqMXhSdGJrQmxxOGd6cm5YNHpVaFlWN1BWbnEwLVpjeQ?oc=5
CP.TO,2024-08-19,Pipeline Capacity Shields Canadian Oil Exports from Rail Strike Impact,Pipeline and Gas Journal,https://news.google.com/rss/articles/CBMirgFBVV95cUxQVTFWMzhzYUVsZjZwa0dxb2lCS3FGN1FRbGRicHpWUHctSXpEMWg2WXpuZDZIVmxkYjZmRENueDlEMXVpOFB3T05VWmhBaDd2MmJ1Snk2SWptQkRZVHlMbHJtYml1SklnVTNUb0FfRWlvQnVKZUhqSzJsendDZm1sdXRvZm1ldzJqZ2kwVXhXeEJBQ2ZfaVlPZDBpTEZvWjZpSVZXUW14UUUza0ZTSnc?oc=5
CP.TO,2024-08-19,Here's how a possible railway stoppage would land in Alberta,CBC,https://news.google.com/rss/articles/CBMipAFBVV95cUxQMWVqT1l3R2Z1cmRMZWRQNWl4ak5kamhJN1JrSHpiSm1ZR0NPQjI1VUpBSUozdzQ1YURpS3M4YkFUV1Vwc05lbTFrUE1oaFJ0Y0NoZ0pkR2N6SWFkMXVfd3poYnBGenBpLTNTUjBXMTQwQ2NERHNyVHNkZy11ZFVfQl9saWllZWg5MlROajktR1liVFhiYWpjTVlkeWZDdFZJdmU4Qg?oc=5
CP.TO,2024-08-19,"Railway strike could impact Vancouver water supply, West Coast Express | Daily Hive | Urbanized",Daily Hive,https://news.google.com/rss/articles/CBMiqAFBVV95cUxPOHVTNHVFakZCc1ZTS2R1ZTNXcjZ3Tlp6TWhqeV9wOEtVQzhNb2xtM1RqTXk0SVM3YV9SaFlQbHpYSWNiZ2Z6Q3NaOFZMMEFKMjBQeEpza3FNa3lkU0RURDBCcThYRFZLWGtocnFTXy1vV05TemVIdFZkX3JqV3BEZ0tOR1pCNzNkdjNKZkdkWlBVekgyQkR6QXJqMWRuSGZHSzNFbm9nLUU?oc=5
CP.TO,2024-08-21,Canadian businesses scrambling as ‘unprecedented’ rail strike looms,The Logic,https://news.google.com/rss/articles/CBMid0FVX3lxTE1rMHRFdUpqa3pxT0oydDdoZXlfNWM0TEdfVlZBUUl0NzdJOEgzQnBoazctSGItSVdlU2hYUmpWQk85OGdUUFRLR1ZKcC0yUmtMSHFDT2FmbWRVeWE0SkcwdERQaUxmNnVoYTdDQVZtaVNTMkVuM3Zj?oc=5
CP.TO,2024-08-22,Canada's 2 big freight railroads come to full stop without new contracts,Business Standard,https://news.google.com/rss/articles/CBMi0wFBVV95cUxPMW9qYzNzRE5QN1ZQc1dJMkNLcEQxbXUydmZRaFNCbVBPMjBQWGpURENyZFIwUDJZTm54alR0ZWlKVjE3QjNlTDVjMU90bm9JdUhWSEF3R010dnZ3RFRJRWRhM1plOFZFU0RpYVBlY3FqUHpKa3RaM0otWlBLeDEzYU5pUmh4SWs1YWtFc3ZkUDd0ZEs3MVlrYjhqcndXLTRVUTMxanJCMGVkdC1zeVN6VDNWLVhtdm9tVDg1aXJxYTkxdHpkaEVzaXU3RUpSeFVlWmdr0gHYAUFVX3lxTFBQVkZ3clMxTkY2UE1JWkx6Y1M4VUNQWGtiWU8tTUlLUndqemJCMUFHSW1aWk9sSnVoS3QzM1dyX1Y2bUJKV0FXRDVGYzV3RDczbFpDWHAtbThQRGVLaUtOazcwUFNPN3QteHNLM0tTeVU0dEFTU3lyMGRSLVVEd2F2enFfVjB5M3I3V2xJUXhaUm1LczY0cC1ITHFPX016blN0RFlKX1VMX2toTVRNamJzX29lZk04OUxQX2l6NmVaMlZVdjItQm1pVzgxZE5VZ2FjNGxvbHN0Mw?oc=5
CP.TO,2024-08-22,Canada’s rail freight comes to a halt,World Grain,https://news.google.com/rss/articles/CBMihgFBVV95cUxOMlhna0NCMDQ5ZFpzSlI2UjdpdzZBdjkxSjZRbkF4SjZqc25lZ3VaSGU3V1A0SXVENVNvQ1I4NDJ4bUNrYUZCd2dQZEN6a2FpUGJuRGlrSG1IR2FyVUlUQUFTWUtoclhKTjZOV2prVlJwZTV4Sk1ZOUwzZ0R1Q2hBczhxVlVFdw?oc=5
CP.TO,2024-08-22,"From small lodges to major ports, the railway labour dispute is affecting northern Ontario",CBC,https://news.google.com/rss/articles/CBMihgFBVV95cUxNVkE5dzZGNjUtbExycV9GMDFXU3RaLUNDbTB2RHRQZHdKQ3RsckZfa0NjVGU1b3dCV1J4UE5FdmFyRHBqOEtMaHBKc3JyQ3JjWXVva2JrY1Q1cTl1ME1HUjRYWHg1dHUxLUlXWDI3eDdwSEFUU1FPSmtEWVIyLUJONVgxc3MzQQ?oc=5
CP.TO,2024-08-22,US industries prepare for hit from Canadian rail strike,rollcall.com,https://news.google.com/rss/articles/CBMikgFBVV95cUxQa2tVdGV2ODVZd3BSaU1MNWZRblBpdHgzQ1l0Wk1xNzhUS3c1SW9rdkNaVktQWXlLTWc0allMZlpWSzQ0czM5NEc0WGlPUUZXdmIxRGp2ck9qZWxNU0FMX1RHeGtIQWQxWGdrVlZvUVUteXdRV3Z1Qm9iR1pObV9HSUo2T3BsbWk5bDU3SDdEQ2xrQQ?oc=5
CP.TO,2024-08-22,Canada moves to end rail shutdown quickly; CN workers to return to work,CNBC,https://news.google.com/rss/articles/CBMiowFBVV95cUxQeEhJTTlYdnYzYzhkNHBWc1BBMTMyaGF5WFZJMnZPOW1iQ0REZ09LZlFMbmRkT1pVb0lkVlNsLUZVZGVXS3piQmswMmFNLVpDMWpzTzM0cFQzOXhQTkZUUXAtSzZVN2hfUDVuMy1oYUVoX2Mzc2JkMmszN3poeEgweGVCT3Q3T3IzVllLZElXZFctejZPT2xpT1Q5R1poT19kVmZr0gGoAUFVX3lxTE1ET3ZpbGViYkVnNVF5WTE1eXRueUllOEJ3NmJkbFE5WEU2Qmtxa3JIdkFjY0lVZzlKZkdxbF80dmhSMHNrUG8zeVNiVVVJbGVXYVJRZVY1V2lzdm9yX2FPR1ZaQlVfTGVHNTdNRWFGUVBGSm16Um1JQzZMTEJQUHNfbkt1cWhmcHhSTFd6Qkd2dG1GN05rdW5Mck9tZUJ3V2V6TDJ3RTlDMg?oc=5
CP.TO,2024-08-25,B.C. businesses deal with aftershock of national railway stoppage,CBC,https://news.google.com/rss/articles/CBMioAFBVV95cUxNaWhmblBPczdxWlo4N2w3aFFKQXc5dmRDN016cUY2LWNwaExUd1EzOUU2SWlhaFlpVnhLb1pfWVN0VlhqU0lVNlpvSlFuRHNvR0I1TU1pU3k4WEkxM0VIVUI0SnFTQ2R2WjBhbHlpelFNU3BFSXo1UExQMlpCdVNvR3NOTkh3TFliU29mTXBLZVhQb2R5bEszcHB1WjNCMTJS?oc=5
CP.TO,2024-08-26,"Rail service set to resume as CN, CPKC work stoppage ends",Global News,https://news.google.com/rss/articles/CBMidkFVX3lxTE1XX3JDT1dvVWp6S1MxbnBrOVlHbHhQZkRuRzNibVZHYkRIZXJlYWljOFpIMXNBejlleGZHM1pOV0lpOWhMU0Q0cW5zRVpNTTZWWVY4dV83QmlMWHEzbkhZT1F4U2ZtRXdKSjd3MEEwVTFzU1VpeVE?oc=5
CP.TO,2024-08-26,Rail Strikes 2024: What it Means for CN and CPKC Investors,Yahoo! Finance Canada,https://news.google.com/rss/articles/CBMigAFBVV95cUxOUDFObU9sdHZuSmlBaVFaM1VPRTZYWmlZQ25LWk02dGdQbjk2N0F6LUpqT3YxS0hnVUdwd1pBNmRtOVFuQkxxdkpVMVJyUDR0YVJzS3V1clppQldHUEt0cnBFY1c2ZmZGd3A5VkxIVVpDdVFleG5ZYTlvUDN5VUktMg?oc=5
CP.TO,2024-09-11,The future of the locomotive,trains.com,https://news.google.com/rss/articles/CBMihAFBVV95cUxPODFSQzEzUDB1R3VWWFBoenVzNEpRVXFtYTE3Z0l0c0EwX2hmQVZZNGxiSEgzaGUwUXpCeDN5R1dBRDQxTUNJSXBoZWVfcVVJMTY3NkZ4LURtc1pjNF85eUgwNGp5RU9ERXlFWHlOT1ZjS3p2YnNvV1ZIcnc1ZlBDbFFZZ2o?oc=5
CP.TO,2024-09-16,Canadian National Railway: Stock Forecast & Analysis After Guidance Update,The Globe and Mail,https://news.google.com/rss/articles/CBMi7wFBVV95cUxNRFJ1Uk0tUlZwV2ZUUW16SjZRS1NuU0t4NzdEeUwwX0U1MHh6WnU4cjdEajEzLVFFaEpaUE9JLVdfT19TM0ZMS0UzRlNWcXFEQlFMRWxwU3NSYkY2dWtNSEh2c1p5cVJkd1ZOUWtSQ3RfTElEXzR0X1lta1hja29KS0dDR1Z4QXFwRE9ZYTZhV0lvQkx0WXFhekYzaWpVTm9iMjg3a0xDczVaOUo2c0FZWnA4cExWRGdBdlp1TV8xNkRtaE1iN2hCQnBrZFRHZVBaYjI3SWUtRk1lUUNEazN4WUc4dU02aDRSZGxwd2l4SQ?oc=5
CP.TO,2024-09-18,CPKC Completes First Stage of Hydrogen Locomotive Testing with CP 1200,Railway Supply,https://news.google.com/rss/articles/CBMinwFBVV95cUxOOGQyN05pMTFuT1BmTUI4RkwtYlktb3FZUm1ZU3FpRThOWUh1aVhXVkJSUDJ6ZXd5QkY4UDNzWURGZVVrNTlxUDdoc1RxZUVYT0kxUEVnak5DeGREWkd5OGpVMW1NRFVFWnpicl85bHdlY29SQzlxS2haT1IwaHQzUjF0M1J3MEhQb1IwRGJfTzhxYi1TZzRQdUNrenZrcHc?oc=5
CP.TO,2024-09-19,CPKC’s Hydrogen Locomotive Reaches Testing Milestone,Railway-News,https://news.google.com/rss/articles/CBMigwFBVV95cUxNVjNKaEpKRVVyRUp4WDdDVVEzWkdzenN6US1VcVdJVGpHX3JNUG9PRm5HQy1Tc0RYcW1kSmdLYktYaFFPUm9RS3ZWVmh0SVR4WllsTTJHcy1IZUVXRUIwT2ZLYkJXTFRmS2Qwb3o1SW42MGRaZEs4blRLWnp0aFhFaXZFUQ?oc=5
CP.TO,2024-09-23,CPKC advocates for increased safety awareness during Rail Safety Week,PR Newswire,https://news.google.com/rss/articles/CBMiwwFBVV95cUxQSFdnRFpUSk10SjZzeWV6dWVLY0M0OUkzN091QUw2ZmtXRjc4bVdGRmRvVlFYNm5iaFJPb0JMSEJCWklleWxwNXJ3dFJJWVRYQkI4azVJcXlfXzFDczFTeWtnOEUycVU5aHVsaFBtYmRMZ2JZa3c2emZyTy1DTU8tN19INTI2Tkd5QmhVNVVsczJEZ2M2WktkX1lQTmFydGxNaVFzRDZaSVJDdE4yV204ZjgtdGZ6UlJtNEJweGtUYVd4Y00?oc=5
CP.TO,2024-09-28,Hydrogen Locomotives by CPKC: Testing and Future Prospects,Railway Supply,https://news.google.com/rss/articles/CBMijgFBVV95cUxQWGNsVS02c1hlYmFUOUwyRmJtbGFONWZaRmRibW82VXZuY2YxUXQ4cnNuS193UVNfaTc4eXNNRU1LYW9PNUlGakJld215MHVyV19FM1VrOTJUZ29aczRNcmhSLVFhSTF3LThaWDNaejVkVXBfdGJpZk1DdXM5ZGMtQTU0TXA5dEJqSnEwOTJn?oc=5
CP.TO,2024-10-11,"Class I Briefs: UP, CPKC",Railway Age,https://news.google.com/rss/articles/CBMid0FVX3lxTE5vRGdTdFRZUUdNUWJfLUdYaWxITXhvanFYV3U0VkctN1RqbEFxUnAxbTJEMWdxTGZFeFdhSkRXeVhTaUdBQWxqOTIyY0xwLWQ4RWF3ekZtWEJnZTJEbDU0V3h5Q1d0bTlPQ053bnA3SFNCZW9qU0l3?oc=5
CP.TO,2024-10-21,CPKC and CSX get access to MNBR in Alabama,RAILMARKET.com,https://news.google.com/rss/articles/CBMi3AFBVV95cUxNNXpwM01PYmhqVHB0aVhqcjdXZjd4aHZnLW5NTFN4bjV4d0sxMXFhSS1MUC1Sa2czMG1XU1pfWHRkQW5hdTRmU0ZmMEV2SGU2Zm43VmdYUWY5TTZSeGVudnVzTEhjcjBmdEdTMHFoTGNvd2xwcFNEWVRqdWVGVlYxVmlFbTNkcGExYml4NmRmYnRqMlhTN2N1a2cwZk9tbGNmd0JPeTFEZjVkeTN5UG81aW5OVFdsOGpIWWxCNEp2MXpCajhNQzhfYlNIeW43SmtnVTNodHV1QjVfak42?oc=5
CP.TO,2024-11-10,Canada: Metrolinx Commences Procurement for Hamilton LRT,Railway-News,https://news.google.com/rss/articles/CBMiiAFBVV95cUxNNU4xT0pwb2ZOTnNSQlhZbmNhSHhMc2gyM0hrTkN3d0dhX01BYUpOcUQxNWszdXI5X0JxRFFJY2FnS2t0a2FEdEVXMjViVURPeGZvSDdfV0NlQlJtdXBnWXRtcDNMcUxaZkFjc3FLTW9HNkY4U2pENEdnamlNSXN5eEI1ckY0OWFw?oc=5
CP.TO,2024-11-14,One of a kind: CPKC's Keith Creel is the 2024 recipient of the Railroad Innovator Award,Progressive Railroading,https://news.google.com/rss/articles/CBMi_AFBVV95cUxNcXV5WXJwZHhmMk5UWmN4Z2oxMjhrME5PeU90WDNUQnQzTWZlUm56UjFoVXppZklodng3bjJCUmNseElkTFFhTEJaMFBoUFdJM2xYWGNBT1lrQmZLdlFoUXc1clVlMmg2MmdNaE9XXzRNVFJ0S0lqLXNlRzZ3ZFVxbl91dWlKcTZpdS1FTzdjbXBRY0J2OUJaNGdBcUJnX1JSQmRvbUlXYVJaV2ptNUMyZHRDQjhiMThHY3NVS25SYlZmMS1ZSmM2anYweDVQRzNrOWdwanNlUjJoMDEyZ1MwekNLVEtDTFBLUDRfaldpRVlzSl9qczVIUVVkREc?oc=5
CP.TO,2024-11-22,Hydrogen Fueling Stations for Locomotives Opened by CPKC in Canada,Railway Supply,https://news.google.com/rss/articles/CBMimgFBVV95cUxQeEhqc25qN3l5eU9ocGFoZEZqelNoeGJyelFVT2xZMnNxVHVBUl9RRk84eDJsRDRtZVNLTFJ2UmJhOWRQd0FFb1YwS0pZLTdvY3ZHVkhNTkt1cHNfNGpzazhUWnpyc3NpVWV0UWtPb05DeHc2eURlX2UtMEF1N2l3bzJMZVIwX1o5YXY3ckI1aE0xRFg2NDFKVWt3?oc=5
CP.TO,2024-11-25,November news from Canadian freight railroads,RAILMARKET.com,https://news.google.com/rss/articles/CBMi_AFBVV95cUxNUGRBTmFES05oT1REUk5wVzlIN3F6c3MxZjlhaGcyXzcwbWVNaDlTMmxQdGFxeWNNY1ZXa1hkQmZGWEV6Y1dDTEgyUERkOGRMQ0FSOE1TekQtZ3AyOXFaRnpjQTdRUWhGVkhoSUwxUjdLNXBCTkJ1Y1llMWlncjQ0TzhIempYYUVwV1dEbGZkTzFad3o1Q3NJeXdRTDBIWXQxa2Y0TUhKdmhCT1lpQ3M5eGw2cng2OWVjc21KN1UwSk9DQUNnVDE1OFlVUnFnNEZxUmdmYV9RTEJBVkFqcU5FY2dnbVhITE9YOXVOd2hHc0s1TnhqVWFDQmlUODU?oc=5
CP.TO,2024-12-25,Detailed history of Canadian efforts to convert locomotives to hydrogen,rollingstockworld.com,https://news.google.com/rss/articles/CBMitAFBVV95cUxOZlpNN2dFZS1qUnd3akdvcnd4bkRYRVNLX3pCMWNDNTJyalhvamo3RkdSSm9yRFdNQzN4OG43azlzVUZtTGN1MHF6eG9IMk13elpMRUxPbEpMcVhPdmxXWi04T1piRzdBYkY2UFdPYkFJTjNOYjdDbmZGejhaVEZxYUl0YmRfMnQ3dmVvWTlsZXcxVmp5c1R5a2EtWGlDMEdHMVIzdkpGaWtlYUwwWWZscGpSQ1o?oc=5
CP.TO,2024-12-30,CPKC doubles capacity at US-Mexico border with new bridge,World Grain,https://news.google.com/rss/articles/CBMiogFBVV95cUxPSXNuTGFyNjcxbjR5YkQ2VDAyQ1gzd21KajJsNE9ZY2NzaWpPeTdJTGJRZHpabkJ3ODhsWXNhbGU0eC04OXc4azlOdlFCWjVkTGZQYnRFOEE4cm5GSzVGUVV1dWZlRUROMERSRExfbGp6bVRLdk5KdEE3N1E4QUVxa0NRQjUzVjhUN3BxSU9ZTmc4bDlxVEExVzZsQk9CYk9UN0E?oc=5
CP.TO,2025-01-07,"Canadian Pacific Kansas City: Buy, Sell, or Hold in 2025?",Yahoo! Finance Canada,https://news.google.com/rss/articles/CBMiiAFBVV95cUxQVW5yTGRYX3E3MXlzckhLN3RYcGl2anJPWG1ZRDRoallUTk94S0dSXzF1dzRiS2hvYndJX0pfRElVVDhpYnVxN2wwenY5VWFmLWVVOGMwSzF4UThIYlhsbkt1WUhJazdjTG9QVm81Z1YzSF9mTER4cDBzaThaMks1cC0wOEZYVjJD?oc=5
CP.TO,2025-01-29,"CN, CPKC reach labor deals",World Grain,https://news.google.com/rss/articles/CBMid0FVX3lxTFBTQkhwRnBZeWQyejlQRlBINkExaWNaMjZqdUJ1dkRZSWlUN1FHVU0zMGVwZzRVRDRHT0NQRjIwTGc2LV9UYV93bXlLbkdhV1M2bkFPRTM1NHg5Z3hEVC00NE9MLUtrZnlEZW52U2xDaTNIVHJqN0tn?oc=5
CP.TO,2025-01-29,CPKC head says railway can withstand a trade war ignited by Trump,The Globe and Mail,https://news.google.com/rss/articles/CBMitgFBVV95cUxOYTRMLXF4aGsyajF6VmlxZ0U2OFRibjdJQnFuNUVzTHFQeko4Sk9QRjJXdjN2SFpLc2IxZmRlcVFGSUJjNkRQME51bHFVV0duYUxOdGNjYW40VERwelVOc1RKLU84SDRjVFVCM0FGcy0ta0R3a29mSzdkdUJuMjBpT2V4dGQxZ0dtMXdYc2s4VnlXZXQxTXVIMXFrZW9CUF9NTXZweW5FVFBDQnk1S3J4MDFIdU9DUQ?oc=5
CP.TO,2025-01-30,Best Stock to Buy Right Now: CN Rail vs CP Rail?,The Motley Fool Canada,https://news.google.com/rss/articles/CBMihAFBVV95cUxOXzZxSk9ROWNjcy1NU2FFMHZfbGI2cHZEc0FUUVEtN2Z0dG1meTcyOGR2czZnY2ZXWTVXY2xqSldranplQ2pTN09Dcm5yVDBnc0NhUmdKeHBDM1V6SkktdVo4Tm5xSU5yMFVRX2x4emVMY0Z4alJLdTJ0QVF1N0h2SHBKbDE?oc=5
CP.TO,2025-02-03,Tariff threat hits CPKC with cross-border trade disruption,freightwaves.com,https://news.google.com/rss/articles/CBMilwFBVV95cUxOM1dwZ1lReUl1N3lWblZaYUp3LUR3NDdkSWlxMXVHRm1qcjJ1Zi10OWtVWmxhVUNuOTl2STE1V09ySHItRHRwcEUtY1I2UXFuRTBsOU56ckpRVVRlUFVNLThDVUVKVi14X25pSWowUkxQa00xZm9DT1lMZWFGZUsxclh3MllkUVIxd0ZSOUVxWEtWSkl1dnVV?oc=5
CP.TO,2025-02-07,CPKC Dedicates ‘Patrick J. Ottensmeyer International Railway Bridge’ (Updated Feb. 7),Railway Age,https://news.google.com/rss/articles/CBMirgFBVV95cUxPVFFHNlBJb3VCd2F1TDRjR2kzSlUzOC1xQW9KVER1ZFZTMG5zSGJtOFhhR1R2RGVFbFppQWlvcjJBdFNaMEFEbXN2NUdRNG4yZGNfUXlxZHlNTzI3VUotV1JXeEF0a1owQjB6T0I5bTNIenJoSF9ISHJvN1NyRHlNWHc5VmJDcEota1NBaGMyVEd6YlNoVHJTOElQNHNvbjJic1RNR2xkUFE3WDFDMVE?oc=5
CP.TO,2025-02-25,CPKC train derails west of Moose Jaw Tuesday morning,CBC,https://news.google.com/rss/articles/CBMiqgFBVV95cUxNS2g3a1VCbVFJZHg0NUhZakJFZjFzS3RBM1VmNVhVOENsZjI0ZXVPdktRTVdpSWNERWZNY2NDRm9IU2dDTGtkcENRWlNsQjNFVVl1OGxZN1hVbmtDX25LaWJhekttYU0temRXX3otaHZRa3ZzOHYtTHpWNVQtV3Fid0R5aTJhMDNtOENMVnhHSG5va2NpeGhucVNGblItUTJYRWkwaVJMemV1UQ?oc=5
CP.TO,2025-03-10,Better Railway Stock: Canadian Pacific vs Canadian National Railway?,Yahoo! Finance Canada,https://news.google.com/rss/articles/CBMijwFBVV95cUxPUkNDVVk3aEVqWlB6dXJBZ0VOc2Q4ajI4alFFZzEtaGR1ZUJRNU1sVVJZSnJYZk9pRS1laV9mck1YSDJPMUtrNWdmLVVBMUxxc1RxVUxvblh3LXhuSnBYSnpIdTFtczNjXy1pN3kwZnRGWDVMR0ttVm03YVNINllWMzMtRTU0QkhtbXMxdnFidw?oc=5
CP.TO,2025-03-12,"Patriot Rail, CPKC to build multi-commodity transload facility in Texas",Railway Technology,https://news.google.com/rss/articles/CBMikAFBVV95cUxPNnpxVUFUNWh5WnBobEVBTlBOdzNBUFBKd0xldnpDTl9JTEpWVFhEYnBEc2VsY0RrRjN5eHRpaHZVem5vVldsLUNfUi0ycDBFY2MydVFBajdTaFVmYmZJb0x5QmNSTU1idVpUeUJiWVhvRkxleW5pZ000TXJpX3N4M0k3ZVNxd0J1V3hKVjhjdVk?oc=5
CP.TO,2025-03-14,Hydrogen Locomotive CPKC Launched in Canada,Railway Supply,https://news.google.com/rss/articles/CBMie0FVX3lxTE5haWZBdzM5S0tKVTlXQ3Rld2FVRkxsTmFoNEpmU2wySEhGWTJmMzgtWUpZc0FDR3VGRFlacW83OTRBMzFOb2F0X2NySkk0amdjWThQd1luNEtRcmxZMml6bkVqdlhEVGNKNlVmakk0TWNNZUtseDA3b1FhNA?oc=5
CP.TO,2025-03-17,Mainline hydrogen locomotive enters commercial service in Canada,rollingstockworld.com,https://news.google.com/rss/articles/CBMiqwFBVV95cUxQVUg3OHU1NEY4SHByYjRKZ2NlQVdueW96RFhOa25lSC1EbFh5V2cwd3hROGo5ek5FQzVlUW40TU9BZzRSRWhjLUlfVVNKaExOcmpmQ0dqREZZaW5ZamY4em9HYi1PQzZjem1Ed0NDamg2VjN6eWhoS3pzNzRBTDlobFUxTHQyNVo4VmdUU1U4RVVQME1QTDdiblJrSG9BNlROUHp2T2NKbm1iMEU?oc=5
CP.TO,2025-03-18,"CPKC sees track to net-zero with hydrogen, low-carbon fuels",Sustainable Biz Canada,https://news.google.com/rss/articles/CBMimgFBVV95cUxOdHJKcnZrZldBOUtXdkFSS2VlTGhTaU5KYUJhbldtVTlEbHNlcnk1TFFwNXpzWlRuTFBFeGhWS1NpRVhYNDNybVlWRjdVdUh5UFJOdFM3aWpIaVFObFBWbVdaYncyWkU2c0dxb1YzOHlueFE1S1RtRGQtRy1mWnQ4QmxSaDZzRnp6V245TnNrM1BjVVdmSjkzRGJn?oc=5
CP.TO,2025-03-21,Slovakia Trains Upgrade Boosts Rail Modernization,Railway Supply,https://news.google.com/rss/articles/CBMigwFBVV95cUxOcXlLRDNBWEx0dFRqTG5lU0ptbzFQc29RZVo4aFpYVTNPZjZQbWtxeVRTVmlaU3hqX0p1M29ETi01UUlQQVBiZUtscVpmQlBRaHAtbEdVd1ZEUXhKeVp3a2w3N3B0YnZwc1RJNnJOZTBQdDV0V1gxclQwem92SWdxNlBUMA?oc=5
CP.TO,2025-03-21,Taiwan High-Speed Trains Set for Production by Hitachi and Toshiba,Railway Supply,https://news.google.com/rss/articles/CBMiXEFVX3lxTE03Vjlxdi1ERGswVS1YYnRBbjYzNXJXQWN1Nzh0Wkg4czlfYkZORy1CUnUzOEZhZl82MW00WVlCS2sydllBb2UxWm9sbFFTa0c2NGpIc1drQlBJNlZk?oc=5
CP.TO,2025-04-01,TSB Releases Final Report on 2024 CPKC Collision,Railway Age,https://news.google.com/rss/articles/CBMiiwFBVV95cUxQZDI3UlNJRmxBQVByRjZyLThlQmZaTHNycmFvMTg4bXgtcXVqQ3hzb2IxYW93Yy0tRTktUTZtVTFZZHUzOGVUXzY4VDFzOGNUeTNWSWQ0VTIzU3BZTVo1bWV3THNvR3lVbVYzTndDaEdEMjRYLVJ2eS1fWXZQSzVGeDI5VGVLVEF1dFhN?oc=5
CP.TO,2025-04-02,"Mexico boosted CPKC, FXE in 2024 as other railroads saw weaker revenue",freightwaves.com,https://news.google.com/rss/articles/CBMipgFBVV95cUxQcUpIWG1LTHBhS2EyZkwzS2pueEZHdmo4c0JMMmg4Q1RJVmJTeU44V3hLdzVQbVBEbmFJUjNBMXRja3EtN2swbWM2TWQyYVlBdnBWTjJ3UVI1VnExX2J2dXBHS01oRFhaYXlZcmNncmdjc1RMdnp6QUJlRFRPNUx5TUlQS1p2dnFVZVZObTg5dnRXM0owR0dnX2cxTmpsSDNxLTdxcW53?oc=5
CP.TO,2025-04-02,Maersk unit acquires Panama Canal rail operation from CPKC,DC Velocity,https://news.google.com/rss/articles/CBMiqAFBVV95cUxOQTJORDBQNWkzTDlkM2ctcnpqbWZIcFJkanNkUm9nU0g5RHdUSXhvOVNfVUpGdm9pX212ejBTVmFJRk9MLUJMNEt4RVdRai1NTW94U2g2T2lpOXpneXZMeGwwTUxkSTY5czd4YzROV19acV92Z194VWhsUXdwajhHY3JCRXVvNGMzRTZJZnRFQWVJZ0NXTmItZVk4YVBRS1ZlbE8wZEdDcFA?oc=5
CP.TO,2025-04-04,What to Know About Canadian Pacific Railway Stock for 2025,Yahoo! Finance Canada,https://news.google.com/rss/articles/CBMijAFBVV95cUxNZUc4dEJvUHVSZW81THlVX01xMWs5ekZqckM3bW9TYW9OZ01qR1phRGlpN3Q0aDg5NVNXR3ZGbnhpMlFYSVc1elhBeXpDT1E2VXQyaUtXNkVxazJoU09YcDk0bnZsdHQ0R2tkRUQxTlhvMHhzZGExYkNZSk44dVo2ejByb1JWaVdXWExyag?oc=5
CP.TO,2025-04-14,CPKC sells Panama Canal Railway Company,Railway PRO,https://news.google.com/rss/articles/CBMiekFVX3lxTE1JYzlWU1lJZ0NmWHJWaXFWZHJZSWRIUVlCbm5HamlYQ0FWMGdzaVBXT1B0eFFCNUoyRW5ldDB2b3NRWTFDV3hYeDFDYTlTTDhyYTJuWXk3TVZaQ1JpeUxlRExpdm1VbWNIMFByd2pOeHZtdEo0Y0RDeUJB?oc=5
CP.TO,2025-04-30,Vossloh Rolling Stock delivers first DE 18 to Sweden,Railway Supply,https://news.google.com/rss/articles/CBMihwFBVV95cUxPNHdNSUhjR2hfcE1iTzU4eThjU0tmdVBKX2tpX253TGxGOHdNR0ltWkJWN1Eyd1RfbHBzb24xODlzRjRsNUQ3cTltMHZqNEYwT0UzRVg0Q2lHbjMtbDNxVVZVak9DSHR6YWJlclMwckVwaUVMQmM2ai1LQXk4c3BPUTBObGZnSjg?oc=5
CP.TO,2025-04-30,"CN Rail vs. CP Rail: Where I’d Put $10,000 in Canadian Railway Stocks",The Motley Fool Canada,https://news.google.com/rss/articles/CBMinAFBVV95cUxQTUdsTHNBcG5yQUE1bHNPbEhIZDhDWmFjWjFQRXU0enltZTFtWTRqTnJXSldsWmM2WUJxczUtU1hHV1pmVTlrNi05SDdza3lzUGtwbHNzOFlsMEVRLVQ1OEQ3ZmZKOXg4cWp3R3VDcjlUTll0b0dmdERDMkk3UURzc2JkVGF0NktyM2pGa3RYUFR4RmhUZk1iWi1pSDI?oc=5
CP.TO,2025-05-03,How rail giant CPKC is navigating Trump’s trade chaos,The Globe and Mail,https://news.google.com/rss/articles/CBMipAFBVV95cUxOYkEtTXIwNFdaN0s2RVI1OGRVWVR3TmppU2FSSC1NTFp1dXFPdmg3dFNuQ2w2UjFvZG1aWW55bDM5c0QwVlZJV2tidkxMMXV0UWRSYV9EMGw3cWV3aDdkMlFGQk5NVFBibWNuMmNLdWtJeGZydXRKYU9KdnpTSDR5ZUI2N2ZqWjU0QUhQZzZaenh6a0FuTWpYNGZJNFZSVFhJa1QycQ?oc=5
CP.TO,2025-05-21,"Regulatory risk a red signal to rail mergers, investors told",freightwaves.com,https://news.google.com/rss/articles/CBMimAFBVV95cUxPa3lpdG5RVE5UN3BnWkdYSElJODNRTWk1SHY3WGlaSWdSZ2JkQzJZRkJrdW53VE4zby1MeDFGTHZaWU9yR242cUxpSnBmMVlVeUNRRFN6NDNDX3g3dHhhWHNHRlJrOFI1WkZlaHFGUzlxRjJyTFZrN2hXS1Bha1prRDdDTERSaldDVjlkMGd4MExtUC1kMFVWRQ?oc=5
CP.TO,2025-05-21,Railroad executives question whether a transcontinental merger could clear regulatory hurdles,trains.com,https://news.google.com/rss/articles/CBMizAFBVV95cUxQU2ZHRFpzRlB0cEdTSDR3NVJWWGZocTF2SGktdmpUWlpwc09fOHJiTkdENUxtUHYzaHUxZHpSRjlTX2sxdWMzT0ROb01KdVU4dTJhLTVvQjZ0SzdWNXI2SnlPYlRDM3BqcXdWQWlxMmk1UUpVb1ZucjBtMzd6bUhJSDd1LVpVLU51SEVQMThFaHFnMWpoWENDcjk1clJseWRwNmNwZTZmNmdIY2E1UGpaaElPRnhBNzZacm5ZWFcwXzBIdmdSRWwyTzZIbkQ?oc=5
CP.TO,2025-05-24,CPKC Boosts Security at U.S.-Mexico Border with Rail Scanner,Railway Supply,https://news.google.com/rss/articles/CBMikAFBVV95cUxQVXNUMFhyREdqTTNGSG9tdFNuUE15bUxqMWlRQndPbURfRUI2UWlVSjRHMDBlOVVYeFRQNkFFb3AwQVJpXzZMTTNHR3FFZ3czN3hpUmFPc1hTUzhDZm1ib21GUU9CVnpEcTk3NHNyazhmQThac1pIa1Jxb1VELVVPWkdXSVdVamU0cC15R3lCdFM?oc=5
CP.TO,2025-05-28,"Billionaire Investor Bill Ackman Just Sold This Railway Stock 'With Regret' So He Could Buy the Dip on a Mag Seven Stock At a ""Uniquely Attractive Time""",The Motley Fool,https://news.google.com/rss/articles/CBMimAFBVV95cUxQa2QxaktIbktuWVJ0X2hSM19uaUdFa3VzY3FKOUFXbWhOTDdiS2lGVGJHSjNLblRPWV83UXJTcmtpZVBpekpnX3M4akN3ejhBY0pGTVdhamNwVnQ1SmN4WUhjakNYUlZHdDZZeFFrcERCc254UC1YbUp5aVNQYjlzNEdVb2NxZkF1RWYzVnF2UUNSSDRjLWpzMg?oc=5
CP.TO,2025-05-30,"Arbitrator awards 4-year deal for 3,300 CPKC workers after last summer's rail stoppage",RealAgriculture,https://news.google.com/rss/articles/CBMiwwFBVV95cUxNU0N3SkpHQnFzbTlnbFBPX0t3MUFxbVNVODVYTk83NUNZUFVhY2REMDB4NkdYdndEVVJnblFtQVFYaF93bUJmYkNsRWRiRzdEc1JUeTRSbEFKMUt2blNfVFNMc1dTVVlYX0pTN19OXzRkTy1BSHNBcGhLYkZZaXhXUlg4eXU3eWN5R1dzOWRWNi1tYVZUR2wtdzBQMXltRjg1a2szcUZ0NUZPQWxGWUxQSDZUSjl4eE9oTmNFMUh4a3lETGc?oc=5
CP.TO,2025-06-05,"Class I Briefs: CPKC, BNSF, CSX",Railway Age,https://news.google.com/rss/articles/CBMifEFVX3lxTE9pdkhRLUZBRFNpRWwtU05VRUJNWkdZN3M1T3hLX2RJbHdzSEFVZWV3bUlMMFBYeFF6QVpMbXY4Sk5VeUlCMkxaOUpWLXBSY1IwRjlqZlBiUkdoX2dFbUI0eGYyM2N2M1B5ZFhrNnhJV00yZFgyOTlwS3BKSF8?oc=5
CP.TO,2025-06-06,5 out of 100 new Wabtec ET44AC locomotives for CPKC for this year arrived (video),RAILMARKET.com,https://news.google.com/rss/articles/CBMixgFBVV95cUxQMFBmeF9xMEFValR2RzN3OTFxZDF6NU5vanRvWFM2bUpHOWZCMDBtWEhnT0VEVXRSci0zSGNRUTBhdEQ3N18wMU1PQ3hIdnpyUkpaTDVuemtZZTcwSHh3Yk0xdTA4QlZ6d0tnLWRhQlhzcEY5VF9BR3B2ZU1iX0JjTmNzOXoyWkROMjR1aktSclBRdmlOSnpRaTFFZGh0NFEzejBPanV2MGljNnliNUM0V0J6Z29EN29CMDJFZFNHV1d6U0YxOVE?oc=5
CP.TO,2025-06-11,Arbitrator-dictated contract imposed on rail workers after Canadian government’s strike ban,World Socialist Web Site,https://news.google.com/rss/articles/CBMiaEFVX3lxTFBvQWxsdVNtbEJZTmh1X0QtdGc5SG0wYmU5eFlSMDhYUzd3RUMwZVV4cEoyUmRCa0NvMTVDYi1qNFVJZkxPd1BmQUtvV2R5REJISWtqM1JyNmdudzNlZkFjR2IyYVVpMWdr?oc=5
CP.TO,2025-06-12,Momentum builds for Mexico’s passenger railway revival,International Railway Journal,https://news.google.com/rss/articles/CBMilgFBVV95cUxNRmNoQU9mcTc2eE5RSlhpMmM2eEVPX0w5LVJSYzdVbElya0s0NkQ4UE9ZNTFmb0V5WXBHYS10Y2ZkWEwyUm5Fa29zMFRNLVVVQ1EyekxkN1VyMXlncDA4LS1wUWxyOURZOGpqLUFRRkZvMUJyQWktZXR0c1NuTmhoX0ZLZ1dYOHZubXFoNHl0V1o3amRBR1E?oc=5
CP.TO,2025-06-12,Automated Rolling Stock Inspection with Wayside and Onboard Technology,Railway Age,https://news.google.com/rss/articles/CBMiqgFBVV95cUxPMTRJSnJ3V2drbS1KU0dkNWp0ZjRuVFN0eXhQSjRWLUtxazlFVXVEQWVxR0xoQm9RV1pPQlhhNFlUcDhNTzVMU3VjdV9sUkVSU1ZPRzhwSG9TTnNFUkg4Nkl6MmdCYllVVS1hVmJ6MjZLaGtVX0F4bmdYaGUwNVRMUW1UVE1tMk1PaWhmcWNiVU10VV9kYmwzd3lRQUFPQUFXNlFock5KV0NYdw?oc=5
CP.TO,2025-06-17,Buenos Aires Orders New Metro Trains from CRRC,Railway Supply,https://news.google.com/rss/articles/CBMif0FVX3lxTFBMRHVsa2tzVnZ4Sy16eW9IY25JOWh2U19MQm1wdHZGaWpOaEhwUTZ2ZHBCT1c4Qmhrc01pTF90aHY4VlhRYUd5bExISFpBeWllNFF3ck95ekE0WGQ4UDZDWkhfZVBGeVkxMWc4bnAtNFN4UE51bTRONzBIZDlRbjQ?oc=5
CP.TO,2025-06-25,CPKC’s IT stumble casts doubt on further Class I mergers: Analysis,trains.com,https://news.google.com/rss/articles/CBMirAFBVV95cUxQbVNQdGNSX2FxMVdCS2pUd212QVVRVjJ4Ynl0Z3JPQ1FKVkFlWGJ6VGR5Wk1iNTNwc2FMZzlaNVk3R0VHUFYxc0w2ZWJHMDV4M2t3R0JzY0FmSEx6YzdkR2hlVW9YUTRtTkZMT19rZThZcDlfMU1sd205R0FIV3NmeUpRR1ozZXdQV2VOYzhCNzNjVVE4VWZJQ01xc0dnZmdmbzYxQkxlRUl4OUxS?oc=5
CP.TO,2025-07-08,Wabtec Delivered ET44AC Locomotives to CPKC with Tier 4 Eco-Friendly Engines,Railway Supply,https://news.google.com/rss/articles/CBMipwFBVV95cUxONWNpRzJCeUpkSHlMLTJNa2MzSHZpbjlMbHdTMmx2NmRnRUlaUjhQX1FPdFI5X0JDNW1ZdWdPSFc3cG04WDllSXhkZXNrTFdqNzBqdjZRbjZSdm82ZFRjZXJqbFlGZm95bkZwX2g2bUdlZXphY2VoaGxCLUdFQTdHaGxxYlhuTURYMEw4NTA2RlljNnkyV1llVDhmbWI2TWQ0VGh4VFAtaw?oc=5
CP.TO,2025-07-13,SMART-TD considers strike against CPKC,trains.com,https://news.google.com/rss/articles/CBMiigFBVV95cUxQdlc5M2Z4LXZhbFlEZ0RZWVJUSVB2RFlYaU1aQ3o1NTN3eVQ2TGxhUTh4b080X0trTU44VzVIeTFxLXRsSGJYVDFOck41RDBuU1pzRTMtSjNoWVBaVWlJYUM3cVBpMTZvYmVTNlJzdDVPUlQ5RUoyTThPWGZXd2hxRHRpclhsb3hSYUE?oc=5
CP.TO,2025-07-14,Ruling allows CPKC grain shipments using UP rail,World Grain,https://news.google.com/rss/articles/CBMilgFBVV95cUxQdXc4ZFpqYWhYRGozZENyWHk1VzBKREVONW5nMl9za3NZS3BMUjhzT0pnWTM0emFzVVZCQS16UXo4MVhzVVVYekIwc0FVTTJsX0dreWFPREc0MDAtQTZXYjFuSXNZZEUycS1SRWtJcDh3TGxPWlNMREt5eHZvNFBiQ3Zkc3RFWUhmUWNoVUhQTXoweFRtc2c?oc=5
CP.TO,2025-07-16,Top 5 Rail Freight Companies in North America Driving Economic Efficiency,Transportation and Logistics International,https://news.google.com/rss/articles/CBMipgFBVV95cUxOWEhkaXhtTklkUzEwSlZDSnFTTG0wb2E5Q2RLVHpmSFlGdk1IRWFoN2dqWE96cWNPZ2dLN2RrUVEta1BJZ1BzSlNmSGJra0YxSlJ6UEQ3czBFdUF5WkVBOU9QVUFHOWVhamxPZGs2ZXVaQ0dyR2xwb0RYYWVCUVdFMlJtRm9ueDdoeWdNWXFtQjJuNDg3WHJuZFNJS1RveGlhVTVTRkxn?oc=5
CP.TO,2025-07-16,1 Canadian Railway Stock That’s Built for the Long Haul,Yahoo! Finance Canada,https://news.google.com/rss/articles/CBMihgFBVV95cUxOeXZ5bHgtbWQwbVFDZk5DLVZoQ1dUYnpPVVBOMnhYWDc3bmIwZDdWQUlyTi1pN0FLRzk5NEpwVmk4SXU1amozLU9fUTNEMndrNkFNdHJOU3FycnBFcWh2NzBjRDlCUzlld1JLTDMzQnpOa3VyeHNDR05KM2h2TWVvR3VSQUV1QQ?oc=5
CP.TO,2025-07-23,Southeast Mexico Express Delivers Faster Rail Service,Railway Supply,https://news.google.com/rss/articles/CBMiiAFBVV95cUxNOEZWVENyNEFDNVRCemhGZWpOQk94cmYwblFOWnhNMzJpa2I4a3V1Z09vZFlqejNQWERJemVxMlJMQ3hFUWQyRGhoT1ExUVhHZWtqTklkUmx4MVBrMlMxUC1lMUJtSzJYMmt4YTExOGJEZkx3UEtnS2k3bDNmQmhWWmEtU3YydEtf?oc=5
CP.TO,2025-07-24,Mexico Moving on Passenger Rail Revival,Railway Age,https://news.google.com/rss/articles/CBMikAFBVV95cUxQNzAwd1RXV2kwbnpsMGIwX3RvR1hyT1hYb1YxUVZ0RVlITGVVbmNTVURtRXBCRWZXcF9YeWkybUF6OHgxd0k3NHZqcnVLdHdraEI2VHVnNG1Ba3lBenV4bjJuS1lDbm43LWxqMF9fR2ZkbWlrYUZqQzFSdVp6SHd2OVNDQlhoRFU3OGNINFgtNEE?oc=5
CP.TO,2025-07-25,Union Pacific-Norfolk Southern Merger Could Start Rail Trend,Transport Topics,https://news.google.com/rss/articles/CBMiXkFVX3lxTE56VUtTWllFYzV0Tm9ja21jWXZkSWxWOVZ1eVZFVXJOSWtMaE5MYlBtRWlHaWhFWktFZzNxT2NUWEF4SHFiV1prVW5YTE9qQ3ZJQ2puc25NYWRaUjdwdHc?oc=5
CP.TO,2025-07-28,The Race to Fold; CPKC Improves,Railway Age,https://news.google.com/rss/articles/CBMif0FVX3lxTE5CbmpWUzluN1FTaHB3cTY2TTRrcmlNajFldGx5ajUtU041YS1BcnJIYklhc3ZEbzRSSTdkRnVLM3dzckY5ZnNLTWlDVDF4U1FuRTBxRXE5c1V4SVM2VEhCU25wREpvNjFpRnpvR0o4dnFkclZ5aEVSdWhIblcyNFk?oc=5
CP.TO,2025-07-29,Union Pacific announces $85 billion bid for Norfolk Southern to create transcontinental railroad,ABC7 New York,https://news.google.com/rss/articles/CBMivwFBVV95cUxQTVF5ZE9FbDZybE9uY3pfSGROQzlPSVl0dERmWkVZU0NEczFYcVJ2djc3WGl0dUo2S1gxMFpkZG8wdFBFaW1KV3VLRzBTb3FIbVNTMS1RTUJDcW8wWUVGMElDS2ZoOFlIVGxJTUVCWDRRbGI0UEluaGFpWFlrN0o1bTlJYVRrMHlYMDlyNzVPTm1lWFpCUFIwU0M3MmZOTlppdkJQZDNyclRrRTJzRmljamtHZS1HQzhXSWFjMVFERdIBxAFBVV95cUxObjZYNVlCNXBacWNXa3YzUDlmTmdqTDdxSEZLRVlLbFBnaHNUcHZieG1tdG5FU0xUelV4Q0ZrN2hCbUpLRl9DOVZDOEZ3SWpzWGJwX21fdXFVQTM3Zi1mdk52andGdVl0M1lTWHZ4WGVpZXNROTBXLW9KaURCcXFNWURZMTNzdVZjbkNZTXBoRmhwbXVERWYxcFJDZDRJRm9WcFFKUWRoMUpQbVVrRlZHeHhYSWZWT0VCenk3aEhYR1N4b084?oc=5
CP.TO,2025-07-29,Union Pacific and Norfolk Southern propose merger to create nation's first transcontinental railroad,CBS News,https://news.google.com/rss/articles/CBMimAFBVV95cUxPYXZROWxyZml3R2RjeGxWSUxQMEhXOFpYWmJoSWN2aVNKVTV3OTFQV3puSlFzVGNhcjJXWkhEeEdId3N2Q1VTY2dyM09IV0dNZ2tVM2FwUGQ1VXE2VTBqenJ5Y01Qa1o3emtVZ2VxNzBaZTdERElFSExrVV91YmdwdDlYbGJ0M1paaGVVcGlBMXhCc2wxTEh5dtIBngFBVV95cUxQUmQzdzVYQm1LaEk5SjB1emtady1xVkZJdXJzYTc3bW1rZG1TbGxMUEREc2xQVkc3Q1NxOGxhVm1RVEtkbzJGRTFtYzZuRXhTbEVsYUxwLVpmTi01M3ZTYS00S3JWU0l5WXIwVGdyaHJCZDkxWkdhaFQtd3hFTW01MG1kNTBqRWtWRFJNWGllenJGcXRLaENzM2RRWVYtQQ?oc=5
CP.TO,2025-07-30,"CPKC Q2 2025 slides: Revenue up 3%, EPS jumps 37% amid mixed operational metrics",Investing.com,https://news.google.com/rss/articles/CBMizgFBVV95cUxOUWNBQ21wVENpa0RESllPQnpaTS1EYS0tS2VqZFE3dGc4b1h3aGVyODZ1TWZaa2ZYa3RoUnViam9hQWtIbWVRdWZFLXdTUmNTeTdyeDNoVzZQWGdLaGhWN21Rdm5wSHBkeXVma1owYm40dWdzbGxmcEtVUVdROHNLNmk1NGptYUU2OU00TXRsWkFHOE5FTWZ6N0M1Y0sybDVFM3lrTHNQZUd3SnUtUlRlTmRpTXpZUlJJQUY1N3kxMERkaXFZZ1BSdU9oT3dXdw?oc=5
CP.TO,2025-07-31,Canadian Pacific Earnings: Merger Synergies Supporting Volume Growth; Margin Outlook Healthy,Morningstar,https://news.google.com/rss/articles/CBMizwFBVV95cUxQR2VycmFUbVFPNmgwcFUzcHlvUzRldFdXVEJLcTU5QzBUbWh2V3FwRmk2ckxYTWZjajctYWs4TUVvWWVDRmJzM29tVGpFbDBHZXhTR183c05XMFJweVo3eTJlVEM4UUtGeHpDQjNIQzZLT1l6RWdxalVKZS1BbERHd0RHZGI0TXZMR1NXMlU2VFhXTzl3c2xRMXo4ZnhKN2s0ZkxzTkpuMFExeDNNVDlVQS13YmJ0VEQyNTN3bVF6ZUJKcFJnb0xCQ2o4YTNVTkU?oc=5
CP.TO,2025-08-01,New CPKC-CSX rail corridor enhances cross-border vehicle logistics,Automotive Logistics,https://news.google.com/rss/articles/CBMiwwFBVV95cUxNSVdPOXJvZ293WTdmemhycVhlSDJOZmlxVUpLT05vdzFZZ3Zsb1RzQkJ0OGpxcG84NUZoeV85LUZqTW1wVU1vNXdqRExYTTBMZDU2X1FUcFRpVm0xZ1RKemJ2UzY2cjVmeTBWbGV6c09XTnAzVzNHR1NJMExObGVDcFhKRTRnWVBJTi1hV3RxZ3cxS2thb3Q3dkVPVlRZYjBVMU85ZWVxUVE2QmI1SkZlSVFxT3dHYUhHR2pKN0duNmV0d1E?oc=5
CP.TO,2025-08-01,CPKC moves more grain in 2024-25 despite challenges,World Grain,https://news.google.com/rss/articles/CBMimgFBVV95cUxQQWhMWGNWQ1lCS0ZLUUF4blBCVGtid0JWaXRlejNNZXFxQ2tmSHpLR25CQjA0ZzJhdDd5RjdjVzR2RUN5eTJYZk9xZG5nTVlkR01haFBaOE5MLTFydTc0eVRkcWl2alk5ZFItUFROdE1XQW5wZ0lCcVpFcncxeEUwclFteHNzOGtuNHhHWWFHNi1TeXRUZU1LYUN3?oc=5
CP.TO,2025-08-04,Canadian National Railway’s AI Strategy: Analysis of CN’s Dominance in Railroad Transportation AI,Klover.ai,https://news.google.com/rss/articles/CBMitgFBVV95cUxNRkxsSEN6WG94YXBCOVFxWXpLc21VdXkxUUtycERYZ2o2RDY3Q1R2M09hZFRBeHpZVzFkM1V5Y1JZX0pPTC1UaFJ0SFZwbkdWMEZaTzNaN012VWRWNUZneTZIdWhuVldkNHEyc0pCUWtIUHlDNlk2SFM5NmlwVlJFTzJXMjhOLTZKUHgxRUhYb2Z2WVNfX2RIODJBMGc3UWtPT0tSOUJ5U1JKblpGcXlWZl9OZl9oZw?oc=5
CP.TO,2025-08-18,Canada’s Rail Titans: A Historical and Financial Comparison of CN and CPKC,The Globe and Mail,https://news.google.com/rss/articles/CBMi7wFBVV95cUxOMWQyVjB1d0VXQUdJY1dIY2Zqc2dzY3o4UlJ0UDBVa2pwbFpxU1NQa1BCbllTTEdUVU54SXJfNS01QXRKY2liN0pUSU9vd0FwbUQ0ckp3YXBITmFfcnFKRUZvTHJtaFh6WDVQTjEwWkw4RWlRY1ExNGlBUUJYVV9Cb1BDeWxYaC1GMEx2a0ZaSkE0UC1URDVtOG1kWGw3Wmc3UVgycXZBaTRfaF9URkg3ZHRnZExsZkRWNm1MU1FkTEF1MXNwVWl4QUt4clJYbEZpRFROcVpZcTRpUk15ZVp1MU1LRk1oZnZPZDJ5cENudw?oc=5
CP.TO,2025-08-19,Hedge Fund Urges CSX to Merge with BNSF or CPKC,Railfan & Railroad Magazine,https://news.google.com/rss/articles/CBMid0FVX3lxTE54SkFuUU9IN3FvZHJlY1ZFQmdnVHVpZnRvMVNxcTJBZXM3VnRPYmRwTzZVbTdpWm1pYXpmOGZUZktPQ0RSRUxSNjZyRThEakhkdDdxeWtSa3VqM2thVzU4TkE5WnZXWDhqS3RBU0hHOWp4Y2NOSndF?oc=5
CP.TO,2025-08-19,Activist investor urges CSX to engage in alternative merger discussions,freightwaves.com,https://news.google.com/rss/articles/CBMiqAFBVV95cUxOd19UVjBYN0FiWng0dWxNSzVvc2swcGtVYl96UnM3VENac0cyekkyUXVZdzV1Q25XSHlhaGtSVWZTUFBVeUJQamZCdG16dnVKcHZnWndxSVVCQWkwNzhTc3k4U0tpQkZFenZaQl8wV1lzdTFUU05TUjFaUEM1SEVZSWpWNTdkV1N3bDlGRzBxSEdJNi1ZTEI5LWc3eVE2WDJ5Rzd0TVBDRnQ?oc=5
CP.TO,2025-08-21,Activist investor calls for CSX to explore merger with BNSF or CPKC,Railway Gazette International,https://news.google.com/rss/articles/CBMiugFBVV95cUxPUUJDTlJtU3BRUC1RaXkxdXBZazdFaC1mLWRIU19NSTdBSnNMdnRfeWVtV2o1YS1sRlNEVXFqY3RBR1pZYW9JamtKR1pWR2pRalR4V0c1RUFDMEQweU1hSzAwNE5RbFlGVHdTQ3RpVm4zd1JFWFRGRDFBX29zdmhfc3RsN3oxbkJQSmIybVF3bGdtZDN4Q2h1aUFfWWp0N3oyaEU0djAwSzFhOGpyZzVrZGpub0ZZRlp5NEE?oc=5
CP.TO,2025-08-26,"CPKC Not Interested in Merger, Warns of Risks",Transport Topics,https://news.google.com/rss/articles/CBMiakFVX3lxTE5lNGZ3NHc0aFl3TUlKZC04V1ItWWdnWDRGVUNCNV8wT2xUVGpJOXEyV1p1c1ItdFRZLU9BaFlFbGN2OHNSRXBBNWpJUzNZbEh2RVpuZUY4NHRYYk80alRqT1ZxSGZKc2RjQlE?oc=5
CP.TO,2025-08-26,CSX railroad's merger prospects derail as BNSF and CPKC make clear they aren't interested in a deal,AP News,https://news.google.com/rss/articles/CBMivAFBVV95cUxOR3BtMFFFZnhGM2cwMnNES3IzTmxkUnF0dWY0c0MxLThpOFdPUXdGSWt2cVI0TUl4VXFETExMTUtwRGs5R2tSUTJZdU9KdDczbWFUSEg2MjdXX1VOUXB4WU9lS29fbmJ1TFNCengyU0Vodk5UY2poRnBEclExeWcwN2JoR0V1YzlGYWdnMzBtaWJlSTRER21aYzRSZkd3bV9veFMzU1pibUxGLUxTQ0NrdnNLNzdHREJxUmZITw?oc=5
CP.TO,2025-08-26,CPKC: Further rail consolidation not necessary,Yahoo! Finance Canada,https://news.google.com/rss/articles/CBMijAFBVV95cUxPTHFUQzlPeVBjMFFSUUtCV3VBWGZXZ2tSa3JOUWJsNXJ3UWkyWHltMm1tWFZWa0pta0Z4NlJ4blpwaEVYTlBtOGFNLVdweko1SG1nMi1EaWpZUi1XUWk3bTRKa3V5MG9xN3BQVTFMS25DeTdQTF9TX09GSTl3WF9sVEtKTzlxSUJ6aWhLSA?oc=5
CP.TO,2025-08-26,CPKC: Further Consolidation ‘Not Necessary’,Railway Age,https://news.google.com/rss/articles/CBMijAFBVV95cUxQXy1oMkk2dHVEbllORi12ZHo1clg3UTdJZVg3bTJSMVNMV1g2UkNxc2xQb2RWU1FxRlRHY1VfMlVac1lJNGVfempYNEJxSzZIT0x0WVFzU0FvVGtLTlZjcWw2RDM0dlo4d2JLaW5aTDRMOGVIZzZFTmhnWnNWTS1YRXplNHY0STZVLXl2Mg?oc=5
CP.TO,2025-08-26,CPKC Warns of Rail Merger Risks After Rivals’ $72 Billion Deal,Bloomberg.com,https://news.google.com/rss/articles/CBMisAFBVV95cUxPNmdJa3V2N0kyTVJzNHNzV3doV0hnLTMtYTFPdjctbGtnQ2tMYVVRV3UwdjVSallIWnBwN2w2a2Z1c1VqS3ZEQnp2Zm1jZlhjVE5wZkFXRXlpWmVscFJ4VU1ZaUdKaVlfUW9ueFE4N3RFaE0zMFEzSzJ2Um9WZWhMeFBVSDNpUWwwcXRCdFA2eGk1VjdBQ1BXYTI2RmhHU2VSQlpsb2JnckxHb2VDaVZHQg?oc=5
CP.TO,2025-08-26,"Canadian Pacific joins Buffett in rejecting railroad consolidation, narrowing merger prospects",Reuters,https://news.google.com/rss/articles/CBMiywFBVV95cUxNNG93SXBuQlJWMml3Wnd2dmhwcUI2SE91VjEyd2NUNG9weUlpTTJOenlSQXY0ZjkxSThWSDd0THR3dDlqVGZZaTVGZk96ZjltOURUN2ZfUU4wTWxnSVlWdWxBTkdaamhOS040eXV1MExUa01JeFlMdFRKSXkyTjM1UGZFbXp6aWFQclRvbGt3MHBIY2l2UlpHelNXcTF2T2dlOW1nbkItWTBfcG1pMTBsN1dsV29WSlJNYURqNDI0eG15OXFMdWlhaVNFMA?oc=5
CP.TO,2025-08-26,"CPKC: Railroads should focus on interline partnerships, not mergers",Yahoo Finance,https://news.google.com/rss/articles/CBMikwFBVV95cUxNWnFsR2Y4N3k3ZGZNc3JJOHNxaVc0R0FteGlzVlJaVURvZDRNLVMteWxSY2JJazRuRnZSUTRfcXVTbk8teEN4LTFSYjgxT2JsbXdQVGdMT1VrazJDNkVpMlBteWcxV2xQTzhaVVZLY3Zvb2piVEVJaUxva2Znd3RRWW53RHZDWk9qd0lTSzljc2J5WWs?oc=5
CP.TO,2025-08-28,CPKC refuses further consolidations in railroads,RAILMARKET.com,https://news.google.com/rss/articles/CBMiqgFBVV95cUxPbHNIeGhnd1pVS2JIa0RRLVpING5yU05KUDJSTUNGTGZSR1BDZ3dfbHUxNjh6X2FVajNPOTFTQnVGWkFIN3VzUklvVG1EMlZ0OVRGVWFRODEzeXF3QkZRNndqTjhYTkV5YUE0enRiUTB5bnQyOC1PeXBxUk1SdDFHWlBhT253eUxzQ1dOV2dDWjZaYlZuZFZhbDlHamJrWEJ2b2NaRjEzRkZlQQ?oc=5
CP.TO,2025-09-11,Mahon: Railroads should no longer have police forces,Ontario Farmer,https://news.google.com/rss/articles/CBMinwFBVV95cUxPWkVZMG1YM2ZBRDMzWHlEQ1BvLV9RNlhkZUVzeHZPWmgzOVhhY29DYVR5MXJfQkFkQU9jVFdKNlNONzZwc3pLWHF3UHhSSldibFJtYko0ajFHenZMVzlKMTljYWlfT2h2b0dlYVUyYkEtc2d1c2cwZ0lBd29wbnNzQ0hNNFRiN0pUN1pXMVNoRnlkN1FDRWIydE0xemJsWGc?oc=5
CP.TO,2025-09-15,Why This Canadian Stock Could Be the Key to Global Trade Growth,Yahoo! Finance Canada,https://news.google.com/rss/articles/CBMigwFBVV95cUxPWHJBV25aT1VITlMycTk5Y2J3Z0NvVHQwSzctT2F2Vm80MjB1TTJ5bkR3THYyYnRxRktGT2JuelBCVDN2NGxDbkNKUEVIRUJYMUJvVml5X3h2TlZyakxkeUU3dVozenFtNjUxUmg3MUszbXVpRFVpckdyWUFYWTAtNmJ5cw?oc=5
CP.TO,2025-09-15,CPKC joins forces to promote rail safety across North America,PR Newswire Canada,https://news.google.com/rss/articles/CBMitAFBVV95cUxOTmRkR0dGcjhMYUd1ZkoyMEJESHpBV3pnYTJBQTdabkZQQmxBeEFZMGJZMzlQbllZbmxENnpqcWFKaHF5dXE5NVpncjEyRUFmNU9kXzV6cHR5bTJHR29JVHRCcENqSGtXTHJHcmdrN3VHWGVwclVrSE44N1Njdmg5dEh0UUNwQ0p6X2p3UDJ1X0FJRDlEcFlXckFEaFppYXhJNkJHM2tGSkppdllZa1B1YThTRDE?oc=5
CP.TO,2025-09-23,"CPKC's new AEI technology targets fewer accidents, more efficiencies",Progressive Railroading,https://news.google.com/rss/articles/CBMiygFBVV95cUxPSk1ULUFPc1BtaHVCOEgxdWIzcHlVc1Y2dlMwbXVqc0NaQnZMWUZ4RmRNMjBZbmhPUGd1RmlXZGh2OVdpcHFLRXFtdkNuWGg2amkxQXpNZTZPbVRpa0VJS3FsVkkwLWMtVXFOa2xkXzRJMS1nTk5oTU94TzJUcHZURFVRcVp0eVg5TFlFZVNYQldmcGJpOEt4dm1XcjkwMkw5SWlGWUVmUDBYcWkzaV8yYU51cjQzcm0tRUhnZGMzV1EzdHFEZk9TNEx3?oc=5
CP.TO,2025-09-30,CSX Replaces CEO Amid Merger Pressure from Activist Investor,WWD,https://news.google.com/rss/articles/CBMi7gFBVV95cUxOTGpYamEtMGFQM1dDOFI1bmFMOGNfS2d2WHd0NWtiSDNUZEUyQXlHYTRRY2RlUEphaVhHV01VZ000SVd1a01BaHd6TU1uYVZDa2VBemRrUWc4SmVRbU9LeElQTXlBVHRISDAxdEJxczk3Nm5GU0RVX29iel9aRkw2TkFGYktTSWhWcGJxSEFqOE5tMldGUFdnVDB3bldvV3ZBZk9zckN3U1pnZzlpd3dieUhaTlFibnNZbUtKb0NPTGhvY256eHJ6M0xrUFgzbWVybDhsSm84Z2N3UnFsbUI2RktNN1dDNVJJeWY2YWlB?oc=5
CP.TO,2025-10-02,CPKC uses sensors and wayside detectors to gather rail data.,CPKC,https://news.google.com/rss/articles/CBMicEFVX3lxTE9uQm04NG9RR3oySW5UOEx1OVR3Yi1VMEY2MF9OUEpWdExTTmxIVTB4cnBwNFdJdGFPaTlORnFzVzlKOHZaVV9TSHpLSnpSQ0ZNNHFtQk1oalQ0LXRSenZyMWJtazJFdlpHeEJNcmdmdHk?oc=5
CP.TO,2025-10-02,CPKC pushes back on NS complaint over Meridian track access,Journal of Commerce,https://news.google.com/rss/articles/CBMimwFBVV95cUxPY3pCeFVRckFWeXRCeFZmLVJjNTgxUWl6cVZxWnFtejhnQ2FkcWdkZ2RFNVB4QkxYSllOM1llc2RlS0djeUNnMTh0TENscUJKQnlOM010M2FlaU92QU14UXpaZ2FBSUpEd2diVjdTdDdmM3ZqUTdWWUhQR1psWkUxb2FKeExHR2FCUk5xb1o5aGpWcWI3ZmJqZ2Y5Yw?oc=5
CP.TO,2025-10-02,"Analysts say stalled growth, fading pricing power drive UP–NS merger push",trains.com,https://news.google.com/rss/articles/CBMitwFBVV95cUxQcTAtV3ZRazJhdEs1eHZXR1dxbVpadTR2U20yaEVqckRmbWZJbGFSVHZ2SlhQbF84SnY0Q1drWURtZHdWX0FPNG4tQkZHUmwyekVsMnBMVS1hcTJpWkduZ3VkdlRvbXBFcnk4d2xZMmhSVlBFS2FETnFmMlBlZlU5MldlbFJMck1Ca1YxWkRyWlJ0UklNWE01dEphb3hsS2JsakVfLUVIMXZXSlB0RktZeDVuWXBWVm8?oc=5
CP.TO,2025-10-10,Mergers: Proceed With Caution,Railway Age,https://news.google.com/rss/articles/CBMibkFVX3lxTE5tbDZLS0lXcjZ4QjROazcxT0J0dDRQMmVjNmNSX1g5RlEybUItanhsbldvNFRlYkZBYkRRTDdlX215MGxWZ1pWdEM3NU1oYzVEc1hMUXJhdW9kdTJKWE8yQ09ERmxpU3N0WnhaZHp3?oc=5
CP.TO,2025-10-15,CPKC 2025 Holiday Train to pull into the North Country Thanksgiving week,lakegeorgeexaminer.com,https://news.google.com/rss/articles/CBMirAFBVV95cUxNOEQzUDdxTDFhZHNhTnM1NmV1WlU5Ri1MU2dsYUV0SHdwSjc1d2E3T3BpT0M2dHY3VWZCaF9tNTdqVlU3akVrWHRGLXJic2Q0ajY2aUlMS0YyM0FpLTRZby1BVHZDdjVwOVNPY0MwSlRiV3pFS0F1S0U1MHZGSHRadWUzOENpamRQcTNpTmxncUZRTXFqNmtYRzV2ZmgzZW9GeUEtNEdJTFFXdEYt?oc=5
CP.TO,2025-10-16,CPKC deploys a Track Evaluation Train and track inspection vehicles.,CPKC,https://news.google.com/rss/articles/CBMic0FVX3lxTFBmNWVVSkxBWnJITnVoWnczeWdfdFZBdDVNYnFLVGFmNUR5YVJIMEpQc2h1UnMyRmhqcDNxZ2N5a1RzZUZfQjk3QXJWSFRrMy1LaGpfM3dBVDh0bXppNUdQU2hhXzJtVlZoUU5Ma194YkwzeUk?oc=5
CP.TO,2025-10-19,CPKC holiday train returns to light up Monroe County in 2025,Railway Supply,https://news.google.com/rss/articles/CBMikgFBVV95cUxNd0EtMFpqNW5nWHlYMERfUkRQTTNJaXN5cEJzZEFEUkNtSmxMdzZ5RTd4VkxHdHRXV1FteWNqWUZ3TnAzWkJhQ2tVeDlYRjZZQkozOERtWERhdFRPamZ6SDQ1a3BDWmI3MVNBd2g5aVRqblFvZDgyRDVpa2pSNVd2VmJZWjNGbUR1cnlSbWNhanI4UQ?oc=5
CP.TO,2025-10-24,Canadian Pacific Kansas City Stock Is Stalling: Buy the Dip or Wait?,Yahoo! Finance Canada,https://news.google.com/rss/articles/CBMiiwFBVV95cUxOdWJMY3hoanY3WGZqR1Rzb0F3TkVXUkNQTDJSZmpDajltOGhLZXYtWjRFSmlva3RLUC15M1BldW45OFB0dlZfWFVBaU9LOFprWUx4NXBFOTFDV0JBRGQ4OENzaFRlZWxZWHgtSWItelBjNGRKempkcmpqUE13M3ZaNzQ0SUhmRnFXbFlZ?oc=5
CP.TO,2025-10-27,"After a Strong First Half in 2025, Can CPKC Keep Delivering Double-Digit Earnings Growth?",tikr.com,https://news.google.com/rss/articles/CBMiswFBVV95cUxPWUJFcFB2WnRpR2o4Zi1DWE00MXFzcTFYM2o0eVBnVXFEeGg3WUU4X0JkTXgtdEFQMlZnRmVLNTV2Tmh3YzMyX3QxNGNHUS1nOWVNbjVUYXdORUktRzM3WjNvYmJ3bFlDd0JPTTlpY3BvUFJiVDZNb01tSWxnY0UyMm45WjJ4Q0VZVEEtckVQVjlhdmduVDBHQzB3QnRjR0Nsd2hWUVAtTng4UUNpdDVfOFo1OA?oc=5
CP.TO,2025-10-28,The 2025 Safety Awards: Celebrating safety leaders and their families,CPKC,https://news.google.com/rss/articles/CBMiWkFVX3lxTE9LakZJTTdaOWxjSnRjWnZuaS1SdGNQdjFXVWdKSlRsYU92TjZKZWVKTkN0MEZMVjB5N3l5TW9lcGVla1ZXY1h5U05nTEVwYU5RbERFQU5ZTWo1dw?oc=5
CP.TO,2025-10-29,CPKC Geotechnical Engineering Team Awarded for Safety Innovation,Railway Track and Structures,https://news.google.com/rss/articles/CBMioAFBVV95cUxQb21MbVJkY0NSSlYxLWdZQ1g4U2IyYTU1T0loVk8tM04xZkhsQU9Ga0JPUVVRREtlVG1BQUtxRmk2T1JZUlBUTnZVWXl3VkJQOE85c3drdkpaN1NMNDJZRVQ1aUQwNW5UYjcweDZRZTZVLWNSU3NaMVNjNkJweU15U1RDTnpZbGdnR3NKNlk2eDZPeGszYzdiaWFWOGZPWkxw?oc=5
CP.TO,2025-10-29,The jolliest holiday train in North America is coming to Upstate NY next month,NewYorkUpstate.com,https://news.google.com/rss/articles/CBMi4gFBVV95cUxNZG1IaV9NUTRNcTRqVzZ0YU9NeDhBNDRLVW92eVpFcEJwdk1XWmZsWEhjMUF0ZVVIbzB6YkhmZ2dGYkpDNUFDR1FNenlYUFdCNXM4OWVRTWpiUnZOQU5yQ1pnQzAzb2dNY1NLMG5rMzY0YVVDNWtUSEpWRU5rZzVYNlNieGI4NkZwR3puQmg4Q0M0VV9jaVBvYTRFVmFKZVZ2cElKdUxUX0lvZkx3WjJfRUM2a1N5UWVOd0NZX2hpV2F1M3M3b3pSRFhYcE0xdzEzWnJLODJZbjNyMnV4ZkhyaDlR?oc=5
CP.TO,2025-10-29,Canadian Pacific profits leap despite U.S. tariff turmoil and looming merger prospect,CityNews Halifax,https://news.google.com/rss/articles/CBMinAFBVV95cUxNMEVvU1k4c09wUUY1MU1FMnBHejJRS1hTRHV3LTVxeDlKVl9VaG0zLU1BZmxkTkxVaWdhdUpkaU9aMjUwcVZqaEs1TWdDbFJzb09qb01MQUpWWGZrYmJHTnVULVBXMlZ6UjIxc242endZNzY4VzFia1IxcEFuaEVuX0tVZEdaU256UUtIWWRsaElzLVFjWGhnQ2Ywekk?oc=5
CP.TO,2025-10-30,"CPKC slams UP, NS on Meridian congestion, merger plans",Journal of Commerce,https://news.google.com/rss/articles/CBMikgFBVV95cUxNWVoxLVp6LXNwSHg2ZGIwbExwNnZBNDdwMVEtaGtrU0NZZWdiYTFpVnlpaldQNnNYdU1yT0VsWGwySzRKQkNSQmJjTDQyNkJwcG9hOGtLWlR6QXVqTUlrckVJMXdBZHVFR3A2M05kb2hVM1ppN2p6dXFtckhMUjFUT3cwbHdrdlBnWEk1U3k0QThvUQ?oc=5
CP.TO,2025-10-30,CPKC defies economic uncertainty with profit growth,freightwaves.com,https://news.google.com/rss/articles/CBMijgFBVV95cUxOYlJOLVl3Y3NxaVUwa2w1dnMyd2JFVnNKRnZwTHZnWTNSVEZkNzhiSldlVHZsc3dSWTFVTDZTX1dhcWxnQTd1SnRMa3NYNG04LWtONDJXZDNFaTMzZFVFaDVxelpBYUZjN2dCM0RLUkgtSFpyZHhFdHB3YzMyTnFwTXZXSkhrTFNHZFh2dE9n?oc=5
CP.TO,2025-10-30,Canadian Pacific Earnings: Volume Growth Resilient Thanks to Ongoing Merger Synergies,Morningstar,https://news.google.com/rss/articles/CBMiwwFBVV95cUxNOFNQR2p2ZlVaZmVyU0tBWmZ3Q1JEV3kzRUxxYVZyWmRLRzN5ZHNmUzhIcWNqLW5OeS1sZ3lfQ3Juck1lYTJBQWV0Q3NrTUc4LTE4TDlOemV4dW9yX29qSG4yOWoyQUNSckQxQXNiMjJfWUlsN3U5UzFZTUtndmpkcExjdW5lcUFnNzVldUF2WUdlZG9heHNxZ3FsdmRLVnB6VzdUYU03UDZ5ZWxUc2F3UGxubGQ1UE1jZ3F0NG9sdmZYRTg?oc=5
CP.TO,2025-10-31,"Income, revenue climb at CPKC in Q3",World Grain,https://news.google.com/rss/articles/CBMigwFBVV95cUxQOW41RnF6OGY4MDE4MDVod3BjdEJfaTQyRUc5OTEzNTR0THpyTlQySHZkNExndnl6Zk5YX0lTNTFyU0NOQ1VQVmN5LVdVZUM4VEpWZ1YxZVZrUFp1QzFHZGRvRjNCXzNMb0hKSDdkV1dTZ2ctQ3RsMUgtejhFVUMyYWx3NA?oc=5
CP.TO,2025-11-05,CPKC reaches tentative collective agreements in United States,Barchart.com,https://news.google.com/rss/articles/CBMirwFBVV95cUxPLWZfaEtBVmZuR21VeEc0VFRsd3FjSVNsSXZza09uN3Z1QlRwYWNoZXBRT0E1eGxDMzB6RUdsUVRmT0xRcG1VSW91LTBVWW5kSWJ2ZzJQZ0U3aGtaRk5HNGZhdmZuNFVCZHBTT0JFcXNaRVlqeW5HMEhndTZId2Z1S2xSSDY3dElEVDJfOFcyV1l1TFREVG5pV2l6eGZtNWU4T1NJbUJmakc3Z0oxVE9v?oc=5
CP.TO,2025-11-17,UP–NS merger wins shareholder approval amid BNSF concerns,Railway PRO,https://news.google.com/rss/articles/CBMikgFBVV95cUxNMkJVNW5tMHN1VTZtQ2RLSHlYYThVaVhQeFd2ZmZwd3lIbm1uQzN3V2hBeE1oelhacHNrRTU4clZyU1k2a091b2tfVl9HeFRzajR6ei1wYTg3ckw5SHBqc01sS00tSkotSXJELW54ai1ybEFNZVdUenFSeXlDZkxnUXFpeUJuYng1ZmprR3dSci1pQQ?oc=5
CP.TO,2025-11-18,CPKC names grain elevator award winners,World Grain,https://news.google.com/rss/articles/CBMiigFBVV95cUxOYkY1dE1pQlZLMkx2TEIwNkFWS3ZhTG1veGwtX1lyODkza3lURVlwdXpwZFNXaEN5ZmZmVlY4V1FPWk83MUo4elBxdG1PMjhEMC1BN1ZzbWxtVXRtNWRxSmpCQlVKUm1BeVBpeHhIVEVVMmhDVDI2aEJ3dGRsaHF2RS1KQ0hIMEc0WlE?oc=5
CP.TO,2025-11-19,UP-NS rail merger chugs along into next phase,Feedstuffs,https://news.google.com/rss/articles/CBMirwFBVV95cUxPVkZpdTVUZWkwNGZ3cm1RZVBVeTFpbnBWdlV2NktyWEcyNTRVaXhRWFRydVBaYVBSZHR0ODEtdmRkVXdGQWZtMks3RklrRU9BTl9weXRQMm5zdmJrRUE0MFAwUk5xQ1RFQy1lRHdUaFZ3S1h3NGdnNklzMl9WYjVDeVliekh2U1RLUE1OZmpReXVFOVRpazJHY0xoWDgtekhyU3FaTUhlbXVjN2QxamZv?oc=5
CP.TO,2025-11-19,Sides line up over US railroad merger,WorldCargo News,https://news.google.com/rss/articles/CBMiigFBVV95cUxPWEl1Q1RlVGVzSHNYVnhYNWg5TGNCM0tVclVhdjBhbHhMRG95ZjNGV0NSLW5vWU5Sb21lUWxJY1N2eFppMVZRSkRLUFY2ZjZLM0VlLTFvWFFlci1CZ1RZUXBia2hMM1JCanc0Y3VLRlFmZC12bG91c3Y5N29lM0xySWoyTjFyRGl5VWc?oc=5
CP.TO,2025-12-05,CPKC Holiday Train bringing Christmas cheer to Saskatoon on Saturday,650 CKOM,https://news.google.com/rss/articles/CBMiowFBVV95cUxQelphY0pkMmtzam1TMWhrOXBISEZJR3hRanhvUm1YQmJiVExZT3J6Q0JiVGRwTXl5NkQzaktJbXBHVFZpQ3VPVzN2NzVmc29VM2w1Mk5vSGZiSWhkYkROYmtfWG50NU5fR2s4NVpKRXpfY1JmOWhIQjVZQ0tOZjhrQmF1WkU2WnBhVy1idjRLWkM4Yi1ob3RrR2lQbWlxd3RtSHhn?oc=5
CP.TO,2025-12-08,CPKC Holiday Train rolls back through Tosa in support of food banks,OnMilwaukee,https://news.google.com/rss/articles/CBMiWkFVX3lxTE5zTXZKVXMxU3REYnlJUFFNdWdVREZWS3hoZTItTGNlRlNUSm1adHp5bXBkOUdNNUZjeEVBeU9TdE5FUGJnZEprTVJTXzcyenJTOXFkYi1zYmp0UQ?oc=5
CP.TO,2025-12-19,CPKC warns of ‘extraordinary’ risks around proposed U.S. rail merger,BNN Bloomberg,https://news.google.com/rss/articles/CBMixAFBVV95cUxQUEJXZm1QdFlxMVJHaXIzUDE4OFowbHFGTmdnN3diR2xQT3BEUG5SWTVidmpfVmt6bTA4dkt5WVUybGNzdGk0QldabHJ0LTdEczl1aUpfbGlScUtpLVpqX1NaR0FROE0xSno2eWxad2pxOHRKQXgxLWZiUFVHdGEtWXM5cUtnV25uMG92RmpvVWJUczRCcXpwbEdQYUN4S3Y3ZTZpSmQ3U2hZYV9KVWlPbVFqd0wyTUtycnR0eHV3WmN3Ujdw?oc=5
CP.TO,2025-12-19,"CPKC overshoots grain revenue entitlement, CN stays in bounds",Canadian Cattlemen,https://news.google.com/rss/articles/CBMiogFBVV95cUxORFVIdU1pTU81Z2NQd2V2YThQOFZyT1pMVnFvUVVXY0F3bGtjTXRTTGh2MnNiT09tV2hhTldZbUFKbTEzaVBiczIzemhod0xNdVhaR2ZwZWZCTndpWWp4X0lmcHpfemVBeVpLZXhmQWxHeDdBc2pOWU96aWpIY0Y5Qk9lV3VVVVg3NVd1ZUNlajJ5Y1dxa0k4Y1R5b01zZWtBdHc?oc=5
CP.TO,2025-12-24,A train full of Christmas lights and music: CPKC Holiday Train brings festive cheer across North America,RAILMARKET.com,https://news.google.com/rss/articles/CBMi3wFBVV95cUxQMG83WnU4VDBZSFIxUUg3X3RsSTFSck9kWUsxNTVjQWV0dF9EUlN3UGNMWjlWM2ZyVzhOcnVZdWhtakRXcW5ibEhYNnp3b0hLWURTeDR1ckw4RjNVVjJtOFdCRzBCcWR3YThiTkV1MVRxNWpFNUdZdnpTbk5PNkRNY093QWJqaVlOakxNSWU3NVFHWU1jVVVsd0xiNXhwYmdsYUVZUVEyUkNMRGhONUUwWXJSQlQyQ0ZBMmwtbXFKbTA2LURsN0YwR3RRbmF2MVVILWxYQUphNHJ0TEZxbktz?oc=5
CP.TO,2025-12-26,"Rail industry in 2025: NS rebound, CPKC IT problems among key stories",trains.com,https://news.google.com/rss/articles/CBMipgFBVV95cUxQb3Y1TG1tS2J5RGhLbkxQSWYzWlFnMkxMMXF0S3NfOUZINENabzEwMThaa1RUVG9QdzVEMmR1eTNRQWwyemxjZVVOMXdZcmo5Vm9IVjY4eEVab1I3YUdwSHIwSjlQckRuSHI4ak9wR2Y3THZSVTZVSWVaN08yMzBIQVFZNmlNYjlyazNBSHljTzVZdWk3SDh5cHJ5cWZjaWRGUG9wblN3?oc=5
CP.TO,2025-12-30,Competing railroads say UP-NS merger application omits key information,trains.com,https://news.google.com/rss/articles/CBMitAFBVV95cUxQYTA3S2VpVS1ZS1JxNzVGUUtVekVSX1JrRk9Nd2RFd2E5S0RzRTNvOUhlbkdNMndybExZbXZvaW41eGlUM1E2Q3p0eUVXbXAzM00tMEVXQlpRNjFrYXBXNVB0ekUyZ0FoRjRhZVlZSU9iVkJHUjhMbXFuMkdNdnNXYUlUSGJoTHl5dnFfTFBHRldmdmZ0NW9RN3cyLTdzclZoOXY4VFdfMDVETDNsdnFZTFItTUU?oc=5
CP.TO,2026-01-01,"Opinion | From a food company to a railway, here are five stocks to watch in 2026",Toronto Star,https://news.google.com/rss/articles/CBMi8wFBVV95cUxQU2t6R1o2WGg0cXFNdGpRdk9GWlVuVEc3d2lLQnJmMzg0Z3BNNXVENUYzTzRSMWc2SzNFZkdGSTFBcW5INFV0VWFVOEN6MHU5eVdDMzRNYndfeEZqb3lCY3BfTnZQSUdzOFNQTWVFZGhlMGZqZnZkUjNJZEpkbDFYNGtqZHBqR3Yzc2s0QWRXbmJfeUtjZVlfWXkwN1NLaWd2eHpzS1hzekl6OGVGZVpHVndRMHlXOGZiLWZudTNROS01Q3Uwd0JQaGxEUkdHWi1IOHd1QmFjZ2hVZ21qOUpZaG5uTFVrLTU4VUxMZktwMC1fX1k?oc=5
CP.TO,2026-01-11,Norfolk Southern merger opposition meets rail network upgrades,Railway Supply,https://news.google.com/rss/articles/CBMilAFBVV95cUxQODgyQTNBYi1MUzNVbG5OcWZjS0d3MVpRQ1FteXdRRXRnczNqRzFzYlhSbm55UVFYYndGZUxWbXVKZWtiUmV6MG1lRDdiTnlWdGhSUU5EUzhyZnhvd25yYUJmUEdva0FZVjdHVzZydWo2cmk1NFJjYUxxTVUxNlZaa24zb0hqMWFycG5TUmVIQmdrUjZK?oc=5
CP.TO,2026-01-15,"CPKC: 16 collective bargaining agreements in U.S. ratified, 2 additional tentative agreements reached",PR Newswire Canada,https://news.google.com/rss/articles/CBMi5gFBVV95cUxQeVNnWWFDNVhUU3lnaUN2SDdVemIzSUVOdlJaR3JEN3dVY2hDTUo3YV9ZT3p6Y2VlYWdMazlPdjEwT1hTdVA1eXdoX2V3Z095OHVzamVhb2RjWkxpdXBodm5YRHl3eFhiTnZmb19sQ0ZPbFNJYmRkM3Zfcmh0VTNiOUY0UFJlYVI4TXBldmZaSnZqWHo0dHN5MEh5VWx2b2pMdzFwUkJsTVpkbVJFYjAxaWxiS0M2WDZVRWQ3dG9qbFRuZFhVbmVaRWRLTEN4X3k0QkdsZEVET3RzX2pyLWk1NjAyRGNwQQ?oc=5
CP.TO,2026-01-16,Is Canadian Pacific Kansas City (TSX:CP) Offering Value After Recent Share Price Weakness,Yahoo Finance,https://news.google.com/rss/articles/CBMihAFBVV95cUxQNmdzWFBHZEFtVTEzMlR1QmtWanZwbWNjWVNON1FSQ05EZFRkNGJLdVVrTkVzbmViQkFEZVVZMlVjZ1ZaaFdtTG9fajJucHZfaGNOSHU2bUxncXFkSWxoSzFkNUJ1QmhwSW1HSFBaWTJSdjhILWVaRHhwZXZDQlhhelVDSDQ?oc=5
CP.TO,2026-01-16,"Class I Briefs: CPKC, NS",Railway Age,https://news.google.com/rss/articles/CBMid0FVX3lxTFBKNjdzNzFEbThKUmNUd2tvVG1oQU42SkM5QmR5MnhQY08zMlhsRUhBSWJaZWl0UjlHUkY2R2pzNzNpeW53Q1gyQ00tUEl4ZXNiR0NLLXBlN2NFQmF1ekxhb2o2X3p0M2hmdEd5MUxMdWhXaHFXak5J?oc=5
CP.TO,2026-01-20,Canadian Pacific Kansas City: Not Just Another Railroad (NYSE:CP),Seeking Alpha,https://news.google.com/rss/articles/CBMimwFBVV95cUxOUUNOMGF0Smg5RzhOM010ZmtYT2dGWWNxeXpYZk82U3JISnFWeFdRQjRiQkYxN3RVWHRtVHhIdmhlN1RDc2xIOHRTUVczYTRVbUtVblhfNGNfUG16S0hSRHEzNHJWNnFXWURKVHZxYThwYUVmajdHRmNXQkV1Q0czTmJHMFEtejlCTzRqRXRQOFk2VENIa1BSR3JUMA?oc=5
CP.TO,2026-01-22,CPKC Invests $800 Million in American Locomotives,Railway-News,https://news.google.com/rss/articles/CBMif0FVX3lxTE1BOGd0dVZZR0FMbi16SllrUWJoSm9tT0Naa3lFR19qdkpmdDdDYnpnU09vN0VUZy1wLTN5ZUo0VnlSbkhjQW9janhpSnlHUHY0YXNqQU9XdzlFb1dOc2h1RnNid09SZ19LSUhoYXhMQjFJZHlwRXBieTZUaVpNU00?oc=5
CP.TO,2026-01-22,CPKC locomotive order adds 135 Tier 4 units to renewal plan,Railway Supply,https://news.google.com/rss/articles/CBMikAFBVV95cUxPOEZwSWN2TnotUE12LUpSdWtXTkxWQ1dnTGVzR0xXVjNlY0xrR0FtRkFSQWp3U2RQWU96RWZ6QTFQWEhhc2d1eVNySmR0YnFVb25UMXAwOHdVZE5uTkRrdU80bmItM3FRTXRyLWVvU3E2RWk5TjZwbENpeXdSZmR5VDJURExBeGhRN0JpVHBrSkc?oc=5
CP.TO,2026-01-23,CPKC buys 65 new locomotives from Progress Rail,RAILMARKET.com,https://news.google.com/rss/articles/CBMimwFBVV95cUxNS2tIQ1dZYVp1VFZuRjdRZHk4cVBaTmFlOWJEN3hQVWc5M2psQzZTMDB4Sk9jWG13V0RQNlRFVEZhZ1RVZjB2T1lEcnRZZHRQaFM3cUVGY2ZybERzR2NzZDhBYzF2XzFYUEZsYjZ5eG0yeFFPUHJIQ1J0MDFjRUN1cFBkbXBnTzIxcEJITFVwX2FKRlhjaTJhMzdsUQ?oc=5
CP.TO,2026-01-23,CPKC locomotive fleet renewal: US$800m US-made Tier 4 buys,Railway Supply,https://news.google.com/rss/articles/CBMijAFBVV95cUxPUDdXajh1cEV1emdvVzdpZHp3bXNET2JfUEs5cnJEdEJQbzJPeUFwWmYzTkwxUllhc0ljcVg4TUdzOGJDbnpsTlZrZC0zWjR2SVN6LWFhSWtKZ0g5bGttQnFRME5XRXQwVl9zOUtFbTlsS0JZY2E1bHpSTHRQbEV2dnF4bHdWZjlqOE56NQ?oc=5
CP.TO,2026-01-27,Progress Rail locomotive order: 100 Tier 4 units for CPKC,Railway Supply,https://news.google.com/rss/articles/CBMijAFBVV95cUxPRngwZUQyc1gtMTdSRGg4WmpBcEQ1Qk9ERlhtU25aQmFSWGdvNG5UQkJnUl9rcGlnWGtmWXhSVWQzamU0VG0wRndFNF8yYlh3WUE5MXlaNzhvRFI0RnZVanp1RjVWdm12bTFmZjVaUFltZXBUdzljaHlTeFBmeUZxQmxmVXEtcV90d2pOSQ?oc=5
CP.TO,2026-01-28,Best TSX Stock to Buy Right Now: CN Rail vs. CP Rail?,Yahoo! Finance Canada,https://news.google.com/rss/articles/CBMie0FVX3lxTFBLTUo1QWlJR0J4TTFueHRlZy1yeV9xUnRjYUJPTGY4RjZXMnZjZ1hSWlRqclg2MXlRTWdKSVRjc1NtbDd3OGh4WlNvM0xnTk1Ub2QyMHlZb0V0cFFFdTJ6SHZ4QzEzSWh2ek9nd0dLOWhPOC00NnlaNVdUcw?oc=5
CP.TO,2026-01-28,"CPKC reports higher profit, freight revenue in 2025 despite year of trade volatility",The Globe and Mail,https://news.google.com/rss/articles/CBMitgFBVV95cUxOaEE3OFh1Qjlxa0VjeDhETTZWSG16UndaRGE0RGpqM09JMW1kcGRreFVqSGx6UjFjWmF1OEduWTdHWFlBMXM5dVZLVFoycWpMY0pWZzAyc3lKS09iY1lWXzNCZ0o0S1c2c1F0VlA0UWpuM2VJTWVtUjJBU0tBenlWSWc5aGtFOGhQWXN0RllOOEdHNVJVelhIZFBlMlNET3JLREpkY29QX3VoQlFDUUdTamR0QVFqQQ?oc=5
CP.TO,2026-01-29,Why CPKC is the Ultimate Inflation Hedge for Canadian Investors Today?,kalkine.ca,https://news.google.com/rss/articles/CBMiowFBVV95cUxQR09oV3VWcUFlUGxMaWFULUprNTNTNV9senN0Sl9wTnd6OUZPTl9seVNTaVl3cWUxT1lkdU5JZzg5b3JXaHZXM0Z0ZjJIV1JhWS1mUXh0VDQyOHprYzZJUnV0VXF3aGhLbThTVlN6YjVCNDJtNTdVVU5LZkZZR3FZUUEyN1BlUk4xR1FMR2dkcWZocnJlZC1RdHNXOE10QXJ5Nm0w?oc=5
CP.TO,2026-01-29,Wabtec and Progress Rail secure major orders in North America,rollingstockworld.com,https://news.google.com/rss/articles/CBMipwFBVV95cUxNdWNGS3FrTnFQTDRsTWRlLUJCNlRiZkgtc2ktSzc5eGZyRlVrZS1veFJyWk1kaFlvODlGTnV0UllzcG5VV0o3UUItbUUtZkI0N2ZheFFkcGJza3E3RUFXY0Y1Ml9ldDdTY1U1ZjRzSWdSaGp2V2FBMURjTzdWZzVKUm9pR1pIdE44QkQ5V240UkVwMEs2VUg4VFFJRVdhTXktQTEyX2Jkdw?oc=5
CP.TO,2026-01-29,"CPKC profits rise despite flat volume, economic and trade headwinds",trains.com,https://news.google.com/rss/articles/CBMirwFBVV95cUxPaXlZUllaTlJkZ3pWNzQ3RnZXUDlxMThLU2drajFOTmh3dEJKT3Q2ZlJNdjlSRnN6ZkhFWVZGRmFzdDhXYjlFc0J2dEFreFFzTVRqaTZmc2phbnllM1JEc1pfbnRpMlp0OGRZSlhEZXpZOTU4RzZHMTFPcjFZUml6a3N0eXJnVG5weW41X3cyUXVXZDFEOVhteDJ0dS1TY0NXc3ZkeFdBNklPaHFQWHln?oc=5
CP.TO,2026-01-29,"Tariff war cost Canadian Pacific $200M over past year, CEO says",CBC,https://news.google.com/rss/articles/CBMirwFBVV95cUxOYmRzYUpEMnhuUW0ydENJY3FoRlItNEROLVVSR2t6VlN2TWxjdWpEa3NyaHRlckRQQ0dNZU5ET0FZWG5BYi1xUHRsblFfQlhsSWQ5cFBrcEdPcVhmdW1EZGhJRG1PTFVleG1OUjZfMzRLcW5fa2laV1VLOTAtei13eXgyalpzYnI4S3dRTzJWT3ZHN3lrYy1NU3RNemJDeGhONTl4RlhXb3Y4Vm1NRnpB?oc=5
CP.TO,2026-02-03,CPKC achieves new January grain records,World Grain,https://news.google.com/rss/articles/CBMiigFBVV95cUxORmZXRUhfdGNQaXU0VVRZaWZLcWVQU1BvRXZFTjg3RS05TWVkUDgxWHNUZWtob3djbGppNzlyT2xtZ3ZtblZZLUxGY0t5cHZWSkVWa2kwbmYyS2JGWlpZVTNBVF9pVFNweHV6M05LRDRWU1hEVGg1YmpZcVMtMGFoTlBVb0ZQREJSOXc?oc=5
CP.TO,2026-02-18,"Class I Briefs: CSX, BNSF, CPKC",Railway Age,https://news.google.com/rss/articles/CBMif0FVX3lxTE5EaXVqc29KRjgyRFc5R2IwRUI3eVk3eFV1aXBEektKaUhNRlBfSkpDX1pYWFU1Yk9TNFFwZ2FEV0dCT0VaR085TmlCLXFCaXlHR2tmVFVva05QQWtXdlJqbGxJbGVUdXNVTndVM0tISFhhMnpJaEZicDJQanEwUVk?oc=5
CP.TO,2026-02-20,Rail Freight Market Forecast and Outlook By FMI,futuremarketinsights.com,https://news.google.com/rss/articles/CBMickFVX3lxTE5Vc1l0NU9GNjJwalIyMmNLaHFram5lYThYUFIwc0tBLVhyb0tMUV9xV0NzUVRVMlp0RDVCbS1GUjdxV3NNNXV6RjBfa3RtckFZVDdUMTZDenFVSFY1VHVwSVNBZ2d6anZibWJpYnpNVXRYQQ?oc=5
CP.TO,2026-02-27,"What happened in the rail industry this week? February 27, 2026",trains.com,https://news.google.com/rss/articles/CBMiqAFBVV95cUxOOWxJNHdhel9XbmpUSWpRRnl6Q0ZnT09hTjBPUUZ6aVRVTjdoYXZmYmhxeVRTc1JRNl8wcGp6S3lzclBlXzdjV2dBODduaUlzUFRVeVV3OWJkY2ZhejRDTld4dE5NckVGVmVHMFdYRDBXd09LdXZLN25iV0tGZjFKUVllMzR1SnNaZU94WWIzMWh6VElnTmlTeUNkTkYzRG5vSFdNUUtrbDY?oc=5
CP.TO,2026-03-04,America 250: CPKC railway unveils commemorative locomotive honoring nation's 250th anniversary,LiveNOW from FOX,https://news.google.com/rss/articles/CBMiwgFBVV95cUxQRk14SV9jaF9PS1E2R0NIRzA4a19PRExhZFR4eEJFTzZzZzh5RnFac2JjZDBTbVR4a1lad2t4bGxEOVRUa1FNZk5BYy1vem1aSm9OSmVxUTY4YzFGdnB6U2hEdjNZZW5ITlVFeUZhSDRGM1lNU2I3MzZvRm1pZXFPbTByVEVITUhGYW9iaktpam9ZYWMtRkJmQmlpUFYycnVGcU9leEREcTRFbDBXUXI2MER1Y2k2eXktNm16MERoY2VnUQ?oc=5
CP.TO,2026-03-04,CPKC President and CEO Keith Creel to address the J.P. Morgan 2026 Industrials Conference March 18,Barchart.com,https://news.google.com/rss/articles/CBMi3AFBVV95cUxOekZaZzk3cUVTQml4V3B0SEVRZG5xMmtNLWFuSDRZanRsSnhVYmMyR1E0Vkp4UC1vRGRIYTBJbk1xU29oaUlKTHgyYVBOMllvWTAtUHkyV09zY0puTWZWcC1KUzZqZmN1UlQwMURBT3dkdmI2MXlEWnN2eU1LaDNNS1NWM0wtdU9FV1VzUlVmU25UdmR2b2l0dzlJcXdPM19MYlh6ZTRBd3FwaEp4YlhHTWxhLTZuNE81WGdwMDJpd05SaVptemtYM0R1ZzhQNU5vN1U3NjMyOVFuMDNv?oc=5
CP.TO,2026-03-18,"David Burrows’ Top Picks for March 18, 2026",BNN Bloomberg,https://news.google.com/rss/articles/CBMikwFBVV95cUxNOXYyd01HOU44R0dHUF9mZWNhWWx1NmF6WmozckhaVWVUQnlTSGJrY2V2RDhYdFlOQXU0bmk2NVVONGFQTUJveGNhTHNEd2NQZE1SMHlLT3ZOSVdlSUQ2cTRocHJWc0ItVTh6U2VodEkwR2NFNXEtQW0zcERkd1lTZTloQUFXTjM3S2xXZmJvT3JBV1k?oc=5
CP.TO,2026-03-18,Stock Split Alert: 2 TSX Stocks That Could Split in 2026,The Motley Fool Canada,https://news.google.com/rss/articles/CBMikwFBVV95cUxNdFFSS21aZS1OV3AzcHFlQm9LQzdTRVU3clViWllfQkF4QnNOSmstakM0OUk2c3ZobWU4b2hwSElIRHNxalRjZGNUTnBxMUdGUTMyaXpxZzVaY3RnTFpobFpYZ3AtaGRXbjdsc3NlenRPQzRxcjJkcTAtUS1mLXlPTjJ1Y2dHMjN4c1gwMFJRemY2Z3c?oc=5
CP.TO,2026-03-19,Undervalued Canadian Stocks to Buy Now,Yahoo! Finance Canada,https://news.google.com/rss/articles/CBMijAFBVV95cUxPSE1sU29XMTJ1akhGVU12b0FyaXE4cDE0WTdGMlN6VzV3QWt5X0xqNXJhV1c4MmtjaVV1MTR6N0JuUWVLdDBVVFViQ0xwU3lJdlFnZzVDZTV5aEZndkkwMnNjTGNiQmRJcWtZT3F5blhXcnI5TjVjZW1UNUdXR3F3VS1WbjAyVDJmNEE0Rw?oc=5
CP.TO,2026-03-19,"CPKC ‘makes its own luck’ with Mexico-Canada growth, new CSX service",Yahoo Finance,https://news.google.com/rss/articles/CBMilgFBVV95cUxNb3lMTV9pamVsejN5OEZQWkN0M0wtd25sYXpEUnZZdXBqeEctaUFVbm9GZFJxeW1QT1lUd1ZFeEVhQ2dFNFVqNTZwMEJ3V0R5dGhvUHQ3MlVkVUFRRGJGTlNKdGNVOXE1YjJnTTBocXdvRUhHOWFiRUZIanZTNGxXZWRKYkpPWmlINE1yckxrZmh5aEhvUFE?oc=5
CP.TO,2026-03-20,North American loco market enters fleet renewal phase,rollingstockworld.com,https://news.google.com/rss/articles/CBMinAFBVV95cUxQbWJfeXpIVlc2UDZkNzdiZFJRRVNpY3RwcUhnSGpuSjZhd0FlVU5mYlFpTHBkTGRUVFZiQnRFU0hZZi1yRDhRZEI4c2Q2aUZRMDRkVlVhY3BFekRYSm9QcjdGSkRDdURYSnMwVXJQd0d3T3ZkeGdlcjRFTC1tUFJuQzFjTG54bGhjSWYzOVV2UG1CV1lzSWduZlA2ZDM?oc=5
CP.TO,2026-03-21,Canadian Pacific Kansas City (CP) Expands Room to Grow Program with 14 New Certified Sites,Yahoo Finance,https://news.google.com/rss/articles/CBMinAFBVV95cUxOWmtPcjFQNzV5TklTT3NLWVRkYUlRZDVYYlN5X1JxTjBsTlFNT0txd1lnbDNHdmwtQ2VibExUYmprTVVrcktzMllCaVVYSm9fQkYtU0lKcUhwOVVoNzRaZjcwa0FHenU1Y1hsZEU4MkRhZlQxVlZ4VWtFZGdTd0gxc1R1aVZ6QXFka0JfcVRua0FaNkNldm96MFA5QmM?oc=5
CP.TO,2026-03-22,CPKC north-south rail strategy targets Canada-Mexico corridor,Railway Supply,https://news.google.com/rss/articles/CBMikwFBVV95cUxPa2h4Y0ViU3JUemVlS0t0eXpFbGprWURmazJRTjBzUC10TDZ6bUNVbjFNMjlkMlVoeFkyMkdtTlBEaUxGY3NEc1lCUUgwN243X2l5LVJZblM3QTcwU29VdEZSVVo0TVlaRGZ1WEFhSjkxOFg2VzJkbjV5VFNMS3JVbEpLQ0o0LTVhQ255MmxleG0weEE?oc=5
CP.TO,2026-03-31,Union Pacific CEO Channels Lincoln to Sell Coast-to-Coast Deal,Bloomberg Government News,https://news.google.com/rss/articles/CBMirwFBVV95cUxQdWsxaGNCbEZTQlZXODIwb3I1UDY4M2cybm84WkpHeDg5MlJGa2ZtaXJTdmVqSVFPOV81aVpYdXlsUEVYek9IbjktVnhxb2V2NklCMnZUM2hvZjRYQ3NYNTBlTlhfczNMS2NjLW02X2NFU01SZUpKSktNS1NYWE9yS2tjNWNjQ2U1eXFFelFDaE1vTUZ4RkV0eFM4aFluVmlFaHMyejJGcUVURU45d3pB?oc=5
CP.TO,2026-04-01,3 Blue-Chip Dividend Stocks for Canadian Investors,Yahoo! Finance Canada,https://news.google.com/rss/articles/CBMiggFBVV95cUxNR3NYNEt3d2dwYUNDS3hkZHN0b0FJN29WVXdUeDVVb3hGUzROMGdPVm9ZdnFVSEVhRGhaSDJhTkViV1R2bTFRNjdLU2NJam90Z0l5RFhaUkp6VkoxNDN2SXFpNF9vbUZlcmR0Vm5PcDZ6ME5zS2NnZ1d0ZUFtc1NJVWRB?oc=5
CP.TO,2026-04-08,Closures expected as CPKC crews work on 2nd Avenue railroad crossing in Kamloops,CFJC Today Kamloops,https://news.google.com/rss/articles/CBMitAFBVV95cUxORThtc2xLZE55NTZMd0FGVFJ5STdjYy10TlVTMjUwUFJXaFAtZzYyVFlWTURjYzcwR2NUTThFR0ZTWmpGX1V4bHNCN0tyaFBNT3h5V2JFcUtSdk00c0VIdlIweTlPNkkzRWRXVjllOFVBTkVacnVyQ0hidzVaYkRJbXlmN1lwbjJoUG1HSFN4VGVRY2VUSk94QlV0NWZERGxDWUUyOWx5eHcyMlFubHdEYTJLek8?oc=5
CP.TO,2026-04-13,Watch: CPKC ‘Pulse of the Continent’ Documentary,Railway Age,https://news.google.com/rss/articles/CBMiqgFBVV95cUxNTnQzQ29UVUxjOGJEVmNkazFNbzBDTlZaajJiMTM1OTZwOFFhbWpXRVAyV2FNa1lTVVFBYWVFY0lycGlCdTVVUjBOS1Btb09sNXdXOHlKUjZPYXV5clZBTFVDenlpZUVtbFNSS08wVkhMdGY3YWpnMzJ6OXpyN19YSTgzVlcyc0VycWpXS0hGVXJETURMMG9QMEVXRGpxN3FicG9abHBnSjZOdw?oc=5
CP.TO,2026-04-14,The One Stock I’d Never Sell No Matter What Happens to My TFSA,The Motley Fool Canada,https://news.google.com/rss/articles/CBMimAFBVV95cUxOZ0N6eFZQcnF1MkoxUTBYamt0Mm5oUW5YMmktN1BjQ2hrOEdxZVp3Z3Z6dGQ5OUhOdVNFZnZneE5WR3NPRGpfd2xITFdYdjR0T01kT3Z5QWxiNjBhcHdtbDgyTnEwY0xWRkMzb2ljdXdBSTBWMm5aUkE4WWJVNWZ5V1lWNjN2TEpId1VwZGYzN0NhNDJ0aWVqNQ?oc=5
CP.TO,2026-04-15,"Sinkhole closes street, another closed for rail tracks repair",Durham Post,https://news.google.com/rss/articles/CBMiigFBVV95cUxQQnA4V0hQRTFGaGZUcndBZmcwaVhTc1JLb3Axeng4anJnZlBobHF3V01pQkVDSlJaeFVTTzd5RVZUdmdHRklycE42TEhySzVFWUFIQi1qN2xzTVl6QWZrQ0p2RldMODlBUU8tZk9CX0l5amswT21QcGNMM1dRbWdLaWYtNzlZS0tzeVE?oc=5
CP.TO,2026-04-15,CPKC 2816 Film Makes Online Debut,Railfan & Railroad Magazine,https://news.google.com/rss/articles/CBMiZEFVX3lxTE5mZVBFd05lVEppOU9ydDZHZUc1UldsY2g2MUp3RmFyUlhwQVdoeTFrc2xhR1pyWXhpWWdsSkN4Tk5WaWNfUlVJblJTR0loRFBEbERpNnNLR3VxcEdHZEV3WXNyZWQ?oc=5
CP.TO,2026-04-16,Lacombe city council questions railway crossing upgrade price tag,Lacombe Express,https://news.google.com/rss/articles/CBMipwFBVV95cUxNaFhkR3hhcGVtUlYwY3RRcUxQbFRLT2E4QnBzTml6X2tuZlEzdXVYOHJIZ1JGSnFTWGFTYl9Mc2VkNVJ6YzRfaFFpajZRT2J5NDZCU1ExNjJ2WDItSWJoYnBQb0w4eFRwS2RfSnJoUTdwNkNmNHB6QlBBZzBTUktTNWxBVTN6elp1QVFxcllVRG9LZ2pxNVM1dzFZNzJhNHgxM240Z3dzSQ?oc=5
CP.TO,2026-04-20,Can Canadian Logistics Stocks Deliver the Next Big TSX Opportunity After Supply Chain Recovery?,kalkine.ca,https://news.google.com/rss/articles/CBMixAFBVV95cUxQVHVHM2wwOXltZlhIcTdlSVpxVzJUXzVfT29tNlJobThpeXNLeFJSRmtYZDcxUXJOdVQwNFphdjNHQWhVZVUxak9SWkpMZ0J4WlhRSGk0TEFLRzVaMzN2VzN3OENNaDNLRFpwSk1uUWxsUUJvUm5LaFNuZXBlRGNTZlUxM3FkeDNTSmVjcXBKTllJYnVIYUhDZ1hMSWdyY0s2NVkwRjJqemM3WFAwZk1SX1hYM2NTMlQ5TzN1YTU1RWtsWHh5?oc=5
CP.TO,2026-04-21,CPKC Winnipeg yard receives 2026 Terminal of the Year award,Railway Supply,https://news.google.com/rss/articles/CBMikAFBVV95cUxQeUNXNkpPNjhVLXczR0NwazF6UFZ4ZTU1NEFscmNiZWppNHpaZXlPMEU0UlRudnpNNFFUUmx3cnlUZ1lXaGh4TzY2QndqbndHZF8tanp1Mmx4NlVXRDhiejZXNnlMYmV4WmxVUlkwVDdWb2czdGxSeVNiYmlqNXpsV2lkQTZYYVM4SUx4cThIcG0?oc=5
CP.TO,2026-04-23,Cargill opens Regina canola plant served by CN and CPKC,Railway Supply,https://news.google.com/rss/articles/CBMiiwFBVV95cUxQand1MHVrOTdvWFhkUl9GLTZUc1A1Mkl0Z2lPMEVITFdJYUpiQUVmNkhxcUNrRjN1Q3daaENSYzdPaXdKSm0yWUtFajR4VUNkcWZDeG44ZjZoblVMRzI4Qk1rTUFtQk11eDRXNXlXN3lEMEUyU3FwZnBPYkRmeEZxeXJzSXJNM0xrc3pZ?oc=5
CP.TO,2026-04-24,Union Pacific Targets April 30 to Resubmit Transcontinental Merger Application,Railway Supply,https://news.google.com/rss/articles/CBMiqgFBVV95cUxQVjRBUTJmS0tyY19CX1BSdXpEQnFtYXBENTBDTElRaFBYUmdRcEpWaWRkc3k2bEtXQkZOZWxaVER3MXpYRjhiQ2RDTnlGanV5MmlxRDdFUkpDRG8zcjRNT0JUX3RTaVJQRnlOLWtVdHZnY1FYNWYzaHRpQkhpRFZ5Zm1kNDRMcTVodGNtb1NrbFdBV09Db1FSUTlfdXl2Z1BvU09wTm5IVFFJQQ?oc=5
CP.TO,2026-04-28,CPKC hikes dividend by 17.5% to 26.8 cents per share ahead of Q1 results,Coast Reporter,https://news.google.com/rss/articles/CBMixAFBVV95cUxPbnNacUtueXFSVTIyYTZDemNPWEsxTXlieUg0WU9XVjJGc3Y1YWlQS2c5bEZOaWVKbnFDYkw0aTljbFBVNjZqeC0yMlVIb3Y0eUVvNlppaktBRG9jTGRkS3JyQ0pBWTdIaXRUSm5nQ2Jyb3MyOGltV1l6Mk9FODRIN2V0TjBoQ2NEQ21KNzdnN1BfR0VMMlJFWkJHUzZMSGpmOV96aUlUaFNWbEIzSHlEbG5GTTltZUh0Q0VfdXdfREM4eFBj?oc=5
CP.TO,2026-04-29,3 Canadian Blue-Chip Stocks I’d Buy in Any Market,The Motley Fool Canada,https://news.google.com/rss/articles/CBMihwFBVV95cUxQbjdwM29INVliYzJ2RmxqLTZVX2NzSVVFeE9maUFhai1taGMyQWRVZ2l1Vkp1N2dJNjJnNE1tTERkZHVyWjYtUE9WalNVcHdPN2NkZ1d6UUhVeHc3Z1pONmFKb2ZvOS1EM055ZzBBdHI4bGI0ejhUdDFKMHcwLVdxQnF4azFOM2s?oc=5
CP.TO,2026-04-29,Market Outlook: Investors look past earnings noise to long-term value,BNN Bloomberg,https://news.google.com/rss/articles/CBMizgFBVV95cUxPTXFiVDRER29FVWFVU0hlZnhKTHVRTW1qLU9wd3RNNjVQXzk4NFdfZV9RMXNCS0VkV01wUUMtbnp2aUF2NFpBNjJOdDNkU19LVTZ3ODBzaEFyeE5rZTJoczBBYWRBSVA0VlMtSkl6Ny0tQ1JxRDNTb3VqY19RSW05c3VnS3lISDlkYUNiVWc2Y1lXREZQdG5JWVU5MHlQWVB6RXZveGVNVUxfMUViQnNrNGVyWW1mUWFNSzJXMVdObVo3UGhIeXVxMl9HUWt6QQ?oc=5
CP.TO,2026-04-29,"CPKC reports lower first-quarter net income of $845M, down from $909M last year",BNN Bloomberg,https://news.google.com/rss/articles/CBMi1AFBVV95cUxQYTdXQW1YSmFnbHdxRTlJS3YwTHkzYzRRUTczd0JMaXVteGc0SlRRc3BWcnB2bjFDbUJoOEdqVmxCNmxtLTB5M2xCSEgwNVp5c3NUS2ZrSDJ6eU5QUGtFdy1qRjFuaTZKRWo5LXlZUWF0VEU5WHFweExCSDc2aHctM1VEU2lReEtqNW1MUVdGcFEyazhhTkJnSm9neHE5Q2hUYThmbUJPZmlYX0VVQ0xKUzQxaTBXSzJCalhkVmFzeDVCV1c3TjR3LVNpckJoWHVNc2RaSg?oc=5
CP.TO,2026-04-29,"Anti-merger group launches as UP, NS prepare to refile application",freightwaves.com,https://news.google.com/rss/articles/CBMioAFBVV95cUxNVGtEYjd6WG1SNTBUeWVqMlRGRVNZOU8wNVBhNEotSnBrM2JrVHdPc3NvcF9jc25GZ3NUeldGT3RHQVp4Sk9UbVVqcDdJdDJ5UXl4VEtLR0ZoNmNza3Zock04UzRqQ2hsNjVQTXlGdDBKWDh0Ty1TdWU2QlF6Z2xQU2l4bkZocWxibkNXQnZEMHJsZzNYYmdBWUY5SG1FWURi?oc=5
CP.TO,2026-04-29,"CPKC reports first quarter results, demonstrating resilient performance",PR Newswire Canada,https://news.google.com/rss/articles/CBMiwAFBVV95cUxOSDAwRVRLRXRub3M2VFY5MjBUY28yWWFTWm94VUlYMm5IeTRkbGFmbDdkVGpUYkJxQkFlbjctWjBBbWozZ1Z6NG10MXE2SGEzSTlYWDV5aEdWVmI5VlM4VU5TanNVN3NIaXhJeVdSQmhZUHFienhZVDQ3RjNidTlCUE1hX1ZRVDZ3TVc3MWxBeHFkWlBOQmExN1lrN29PNl9yamx1M1BrcDcwYlh5emdsZlQzdHFFWHNOYmNmRXdZYUk?oc=5
CP.TO,2026-04-29,CPKC 1Q26: ‘Resilient Performance’,Railway Age,https://news.google.com/rss/articles/CBMigAFBVV95cUxQX19Pdmg3UVpXaFlHSzdhSHBwT1o3Z0xTOUx0eTZTMmZ5TEY5ZjVENU1IbllLRGo2MGp3eEQ4N1FuMExrT0ktWm9nRXFEcTlZa2d2aC1aUnBZaF9sOU40N043UUcwXy14ZEhrdnkxWFlZMmhnYXdLWjJ6bmNDUS1JaA?oc=5
CP.TO,2026-04-30,"Canadian Pacific Earnings: Volumes Surprisingly Muted, but We Expect Growth to Return",Morningstar,https://news.google.com/rss/articles/CBMivAFBVV95cUxPSXZQQ29ZWUJ5cnZYTE9WanRUWjhIV3JuMklQdWhLRmRiRUlZdEo5OXVOX0FYSEZPdnJBN2x4QjFhUXpiZTc3aU03ekNPU2ZvQUxKLTNEYnIwY2E2anRoQXhaMEtHd1BUSDRMY2V1R081MFg4a3Z6WjVJMWJHX2wtUXNvZ2c5M1ZhSDJTUndYYl9kQ0hyOE03Ul9oQm5weDBMcnlhNUpGbjRONjIwckgyTm1rRXJ4MnI3a2NoZA?oc=5
CP.TO,2026-04-30,Reimagining CP Stock in 2026: Why Canadian Pacific Kansas City Stands Out?,kalkine.ca,https://news.google.com/rss/articles/CBMirgFBVV95cUxOV01ybDJ6LXRXaE04alVmMDRacDg1WFJ4VU5Obkt1aEpLemI1WjlRMW9SazltdV9PRFhNdXhXOUctTXFobjlBam5CZExESFp0MWN0UDc1RnVqREZOa1N0MjV5ZXBBOGxOMGZaN1NKdXRnVnhTamgybVZVcFhUMGt3RVVRLWpsaWhCdXR5dHNMWmpENk9mQmN4NzNPTlNEcGlqcFhLVGRFU0lNOThmWXc?oc=5
CP.TO,2026-05-04,CPKC sets new April monthly grain records,CPKC,https://news.google.com/rss/articles/CBMiV0FVX3lxTE9tTjRPZVBfVmZhOWE2dHM5UVJfdDhxOTdMcWVVbDdwYi1lRG9zOTg0Vm1WT2xUNWNKOVVCaUdOenJfNEpPYXV0eDR2UW12dzR3Qm51UlVtOA?oc=5
CP.TO,2026-05-04,World rail freight news round-up,Railway Gazette International,https://news.google.com/rss/articles/CBMijgFBVV95cUxNRDFRTkhtcjdaU1NVeVItOWRKc0tiOWhkOEdqdmphU2x0dlBIOGdjUWlxdDlWNF9vblA0WjhxRGhFMTM0NThUbjctTzN5dmxsX2w4U2w5MTE1Y0VKMjl0TWR2NVRYNmQ5dTRpeHR6c0JaVjNHcVByZDh2amx6N2FwSlV1dUItcWwzalhZYlpB?oc=5
CP.TO,2026-05-08,CPKC and CSX Expand Southeast Mexico Express Rail Service,Railway-News,https://news.google.com/rss/articles/CBMiiwFBVV95cUxNWVBwMGMzYWVtMGRRNVJ3cGVWd3ZQRDI4aVI3S21aTm1qc0NSZFRHTzAxS1d5ei1BcC0xSGgyVlRBMU9HeFh4TGNqVTlqcnRYVDJmWHAzT3pqQ2VaMmlpZERvQXJzMXpEa0V1T2c4Y1RNemtlNnJKZmExVGstYm5iRnNHQU9zdEt4MWdv?oc=5
CP.TO,2026-05-12,Railroads push back on UP-NS merger application,Railway Supply,https://news.google.com/rss/articles/CBMigAFBVV95cUxPbm1zNWdZazA0TTFkV3hDaUdjbkVjQXNmMTFTRU96Y0pncmJMd2tlSFB4ZG9WQnpEQThzdm85RjNmWnNiZlVEMWlQZEtMT2JDLUhmOERMbXRUOUxTZmRjSkxTcHJLYTVlYTdvOGRTbWVreHJZSXhNam53bXQ1Q2p3Zg?oc=5
CP.TO,2026-05-13,CPKC CEO Criticises Refiled UP-NS Merger Application,Railway-News,https://news.google.com/rss/articles/CBMihAFBVV95cUxOb1Bja1ZzZjZlT0FyVmJRTjl2b2xRVFhOc0s3dXJ3MXhEdkYwSjljeVFCZVBlOFlnc2x0VHpzMVlIOWdEMVo2T2ZIcm5LSndlRjlzOFc2Q2ZxaXBlVnQtanFRd2owMXZBN01reFRveVVPVEhveDZxazBHOHg1VDR1MFhQVHY?oc=5
CP.TO,2026-05-20,"Wave of rail mergers ‘inevitable’ if takeover bid approved, says CPKC chief exec",BNN Bloomberg,https://news.google.com/rss/articles/CBMixAFBVV95cUxPRlI4Sk85bnlvREIwLXUwcHFjMGlVOXNsbWUtMEgwMHdFdW1mSk9YMHBxeFVTSHpiMVU5MXdwalVocHJtc2lRZ3dtbnhSWmloX1lEX29mSTV4d2FqcUY4QUlUS3pVaGhnREhhZkZUd243NGs0TTQ0YUstMnJvR0ZySVRKWnp1d3pZVlZsZ3RDOXJGOEZiQ1JiOThfYWt1MnBXZ2tfWWJBb1plR0tVSGhHTnJmenFCbjlKcnBRS19jallTNkow?oc=5
CP.TO,2026-05-26,International Paper breaks ground on Mississippi packaging plant,Investing.com,https://news.google.com/rss/articles/CBMivgFBVV95cUxPaTFRLWNCVTh0WG02dE5YdVljWHBYZC1qdDE3UDg2cmlYU3JGQTBRUFg1WVZXY3dyVnRNWnN4SmFTSmNRV2ZHZ3E1dnZoNzNZYzJZYURNdkZNNEFwb2ItM0p4dno3RGNoMVRXN0JkX0FReXhNVzR5cDBHX3pRQWxwdEo4YVFmWkZhWkZad2dBZlBzeHdLMEpoLTgyODZmbW56bXBSZFp5elU5RE5VNzcxdmJ2Z0M5d3dGRnpXQ3RR?oc=5
CP.TO,2026-05-28,CPKC given strike notice by union for signals and communications workers,BNN Bloomberg,https://news.google.com/rss/articles/CBMizwFBVV95cUxPMEdKdFJpSVYyYVV3RDF2Vi1HQmUyM0FJQ3FYaGZDR0tSLUx2LWQtaEJqaUdJUXFaZEc0NW9OSHR5Zm9LSGhtdW9IVGVLVVgwS2tLLVNOajBEWFdzNmR4aFlnNGJLbmh1em9fSFNoMkVoZGtwcFJ5WTN1RlVzREw5al8ybXRUV3A5X0hDRmhtcHZLbHlieDNDdThjYWJuUFJlRXBiSi1CZFl0bHB1VmJQRnlkOTNiWlRISjJZTU5Tc1JvSk8wbms1M1ZzM2MzRVU?oc=5
CP.TO,2026-05-28,"CPKC track signal workers’ union issues strike notice over wage, turnover impasse",The Globe and Mail,https://news.google.com/rss/articles/CBMipAFBVV95cUxQWmtSWHBTd1NibnVYRnZHMHk2SXMwTEV0cmxIT1lwX2ctOFpTZXF3eUkzcjBVWkNvRVkxVjZud0g5bzlYblhxMWtuLVFJUkFqTy1rbHB6TFlwYjljRWJaX2hhbmRyU3ZSclNRTkM0eDVRX09rTDZQclNFVkFrYVYteG9oY3FfUlhOLXFjZzNPNU9uTnFOYUdoMDk1dG5nU2tZd1NZSg?oc=5
CP.TO,2026-05-30,72-Hour CPKC Strike Notice Forces Urgent Freight Network Contingency Plans,Railway Supply,https://news.google.com/rss/articles/CBMipAFBVV95cUxQdXVqaWNrRS1EazBJLTNZWnNiejhKY0pORFJCQm9iSzNvdDNFcmF6Z3JQa0JmbUE4Yl9IMkJ2UkdQM21QVnZHQi04MUdYaHE4SUZkUUc5dVFrLWVfUXVDZE16UGh4cmdCeVBTSGU5Ui1SZUdtbXlSQndEZkVfNGI1dkx6VVZUalhzVGt0UUEyaUFFSHFOR0pibVM1TGhObDB2NXNlVQ?oc=5
CP.TO,2026-05-31,CPKC to maintain rail operations across Canada during IBEW strike,PR Newswire,https://news.google.com/rss/articles/CBMivgFBVV95cUxOUVkybjFVSm9oR3kwODBLbFpnYkY1M0dpY0l5R0tkNGpLbW0zTW5ZZjBkeU54M2tuYW1CdkxsTGo1UC04SFk5V1BoaVdfWGp6MXVLWHFwVmdQalFVV19RR05pNUVjMUNTVjlRb2NQTGdWLXBDQzRHSHRJVWVnZnNWNU9kZG5hcXE0M1FwanU2RHVpalFLSmlDUnBfM3VtVDdHb0FNWVVwa3VTOU9CUkcxZVAyTUc5bXJpUkdqMGJR?oc=5
CP.TO,2026-06-01,Union Pacific vs Norfolk Southern: Which Side of the Megamerger Should You Own?,24/7 Wall St.,https://news.google.com/rss/articles/CBMivgFBVV95cUxQYm5jYUpndTh2SjVMclBKVDdaTy1Cak41LWl5TXRnZFpBb2hlNWZxUXlBWUo1LVJBZmpwOVl1Zmc3TGNteDZCcVZlT0V6RzdnWWwwLXh6NGwxLTVDODVxckVNdW5zaTlGRzVkSWh5ZWVkNm0zNkoyMi1PbUJMWE1UNUxxV2ZJSmxhbmcyM21nLXl3akg5VVVWdFRwWU9EWVoyb01IYlYtXzhjM1o1MWZvOG1NaHplNlJ5UTNRMk5n?oc=5
CP.TO,2026-06-01,CP Demonstrates Operational Resilience Amid Canadian IBEW Strike,Yahoo Finance,https://news.google.com/rss/articles/CBMirAFBVV95cUxQbG9yeFlETkp3cG1rYVNsSW5BVU8xNkR6TVlkblVMWXc5UnV4Uk5hVElabjBMbks1RFFGNXpaVHV2NldvSmpET2ktbDEtUzI4OHZZZUg2clQzRDd4TUJaTkpObEVZcUVJcnBJRm0tOWpMX1kxSmtXbVJTY2htVkpfaC04RDZtb1otYzQ3ZmV6LUU1eDhVbEVRTEZJdGFRbHJlNXJXNUU3U28zaHRF?oc=5
CP.TO,2026-06-01,CPKC to keep trains rolling as IBEW workers strike,Canadian Cattlemen,https://news.google.com/rss/articles/CBMilAFBVV95cUxPRHpHMnROREpJLUg0WDNYcTRpZU5RbHk1UUV2QjgzWGFLLU9xSXNQRURIOGNJY2FpcUlBTldNbldSNjM1WktXV2lEYWdYQm1jcjg3NG5MNHZLcXRBbURrR2g1S2czZE04THdHN0NTTDBHbGVGdXVURGdKRUd6MGluTTJsa2JEd2RobENfY25vNEZXUmxX?oc=5
CP.TO,2026-06-02,Train derailment in Houston TX further exposes the brutality of corporate railways,World Socialist Web Site,https://news.google.com/rss/articles/CBMiaEFVX3lxTE16SExfa0JzeWFOUXZLWjVxeTFXUXBURGlOY0MzdEh3cDFEX1QzUkRiZUM5UnV4N1RiY2FFOXptTm53WTlKa1ptamVJTGx2RXBhTWdDLVFtQlNpNjdEdXBwM0hpMzAydVlG?oc=5
CP.TO,2026-06-04,BHP Canada Inc Secures Transportation Agreements with CN and CPKC for Jansen Potash Mine Development,Quiver Quantitative,https://news.google.com/rss/articles/CBMizgFBVV95cUxPaHhtNTVMSzRqeHZCNHc5SlhvaldWcU1KSDhzSC1QcGYtR0puLUthRDFJYk54OVRHTzRTSUlWa3hFWG5KZ3N0MzlmcU4ydHVrV0pia1NLZENDMmJTWndYZF93NldHa2ZYT2JweWJ2OTZDU0ZMcU1tNnA0LXpxRmtHTjVJYXRqd2tGcDJkc3duaVhGNnNvZEg1eHZsUXBORDZPMndfZUVrZVhmQjBrQXBtZWxwNFJVYkpIVlpjQTZrODdzc3B0bENrUXRWZGRtdw?oc=5
CP.TO,2026-06-04,BHP secures rail deals for Jansen potash mine in Saskatchewan,Investing.com,https://news.google.com/rss/articles/CBMiugFBVV95cUxNcUVzbEJ0MEpEUDh5Y2Jqc01CUUtBOGZndEFZSzlYYkJkd0ZwX2RNZWpzenIyVVEtcW44b2NUdEdiNmJJWnFIU19PQm0xYm5GZ3dhVVp2NHRieTctTzUteFoyMDk1Q2xKQVkwejVxaC1TX3U0eGZJSUxZWUZrUFAxZ1ZKVFNOLWJZalVBN0pqLUxNWEo2clhrLWp2TkdMSkw1Y2NGanBTZ1d1OVZFY2t1M1ZqcUNZLUdEeWc?oc=5
CP.TO,2026-06-05,"Rail News - CN, CPKC sign agreements with BHP to serve Jansen mine. For Railroad Career Professionals",Progressive Railroading,https://news.google.com/rss/articles/CBMiswFBVV95cUxPWWtTVGRkRmVGeUQ3UTJudzBHckl1WFdaS2duc05XcTJpSmE4aHBMS1pTVllUYzVaRWd2bl9aRjRTZkw3Wm5vMTFUVnZPU190eW9TZFZZYkZzb2NjeFhzLXlnU3hJRS1PRy1LVFlBMC0ydFVtcDlDMWY2ZGpJUlRuc04wY2hsRjRZaDlBbW5oMXc3TDFyTnNiZEpzVzVfMWFtcTdZRFJzcHQ0cTM2T3hHejhaWQ?oc=5
CP.TO,2026-06-09,Anti-AI Investing: The HALO Moat Goes Off The Rails,Seeking Alpha,https://news.google.com/rss/articles/CBMilgFBVV95cUxQaGwzaHktYVd0dTJqMTVlbVVnMUVWWE85RXRsWm1fYkRJYUE2RjBWdjd3dHowRUtaTDNtWkdLQTFBQVVCTHloWG9Jdnh4N3ZPNDhoM1JaTVlGbDdObVViTVFiZ29Wd0ZtaXZhcWsyZnBMNU1wXzVJMWJkSklJZkoxNGdlRGxLOGJGWmtkaVI0Z3k0ODRZQnc?oc=5
CP.TO,2026-06-14,LETTER: Rail crossing on Hwy. 26 in Midhurst 'a serious road hazard',Barrie News,https://news.google.com/rss/articles/CBMiwAFBVV95cUxOVmRUM1B1SUcxa0dJZUt3RlJnX2poLUFhWXJkdm13a2M4YzdyT1l6UG9lQWpiTzk3emU1dmE4aHNXUjU5YWpGclZtclVCem5WMlp3MnJlUUhlVVZ3Wk5LSUg2UDlEaFpWSXVUVHVqNFgzZDBOalNRMjZkSFR3WTA5ak0tRWFTVkM3Zm1ReWFycndzZDBNZWcwRFVWTDZ5dVE1dEtVSjB5M1Vxb0ZYaXZDeElLbEVRVmdPSWdqeE5RMlc?oc=5
CP.TO,2026-06-17,Railroad workers at CPKC reject 9-year contract by 2-to-1 margin across 11 states,World Socialist Web Site,https://news.google.com/rss/articles/CBMiaEFVX3lxTFBVamVkaHBfWlhZM1RtWEwzUmxFY0F5Rm9vSmt2Wkp3VnJaOXQ0dkNWbHZrV1dZS1BneFFHd25NTU5rWHNVNDQ0OHZSdmRLQUFhRVFoUWhtVGJmOUhicDJsYnVVMEE3d3di?oc=5
CP.TO,2026-06-17,Freight train struck a person on CPKC tracks,Northwest Ontario News,https://news.google.com/rss/articles/CBMimAFBVV95cUxPa29YdTlPRUM3dDFqdGJHZ0hJUW9lOXQ1MTBUR25La1dfVHlSSW80aXNnMUQ5ZVpNUkJleFlCb1lKUjhJTmFKYUw0eC1SdktEQ0JUdEkwWVhMYmxEVmRYNzRaRTVuR2VNN2VKUU9rT2pqZnJJY1JKNGtoUzFhc3VNNUFuUU82WXBWX1VHUGNMbExnczdRZUZfSw?oc=5
CP.TO,2026-06-18,"Americold Opens Integrated Cold Chain Facility at Port Saint John, One of North America’s Fastest-Growing Trade Gateways",The Globe and Mail,https://news.google.com/rss/articles/CBMiqwJBVV95cUxPeGNjbVlHd3haeXBoZi05d3hfVlhGNDJCZFRlbzI0dEx4Q2Y5by04SVdkMmhvQVk4UzBYc0hJZUZkanhIM21YUWYzZXZxSl83MjZKdFNfaWpaVkpObF95WjA4SlV2cmdBRW9oazVSdkhoVFJlUzQ3R3hOYVo5eE1lWldBRzZVMTRmVnNzd0lweWI0amxGSTQ1ZFc1M0N2M2U4VDJva3RXUVBZa19jaW80b0gwbW5CM0pIdFRkdkZCVHNxYTBNc1dvS3ZHSUtaVTd3a3EtR0dEbk1jQU1YeWNCUVQ5d2ZkaFRha0NTcTBPdE5SLWVqdlFuWElFQkxJQ1hpc0RmUDB5VHhWYkJCUXBkLTRjaC05b3JMcmM0UFVFQUhZUHNJekdtc3lSWQ?oc=5
CP.TO,2026-06-26,Friday’s analyst upgrades and downgrades,The Globe and Mail,https://news.google.com/rss/articles/CBMivAFBVV95cUxPMHowdDdpQUJuYTlueWFjTDVieTI0ZWRpQWhWM0VOSTVUM1dWUGhGTDlycmJ6bjFYcjVXWEpLVXBza2E0Vkd0N2JpekN0NUppLWhZQllEUVJXdnZKcjhWQVFUcEtneXZoZmsyN3pId2lpeElZWEk3TkxDQnlmZF9pRUpqdU1mTWxOcHdDMGRBOEdkcTNxWlpGaW52RUpyQ25MdFdMRHdfd2JfekZlT1hYSWRDRDIwLUlpRkpVZw?oc=5
CP.TO,2026-06-28,CPKC receives final locomotive in Wabtec order,trains.com,https://news.google.com/rss/articles/CBMingFBVV95cUxPVzRfdm5wVEVxck42UVYtWnlwUWpza2VLejFienJqd0VmM3I0Y01FbWREd085bmlXSXlxWlc5aVpFMnM2a0tXUFZPbmpNcTRoMlJyX05KU1RSZUpFQXF0NkVfVHhGQjdBNXM2b1ltSHRHRElCQXc3MFhSd04xeDdQZDV1U2pzcTZVei1DdGlQSGFJaVlaNDNncE9NZENlUQ?oc=5
CP.TO,2026-06-29,Is Canadian Pacific Kansas City Limited (CP)A Good Stock To Buy Now?,Yahoo Finance,https://news.google.com/rss/articles/CBMiowFBVV95cUxQN3hhV3BDSXgyWmhZTTZHU18wM3dsbFFXSzkwODhhWW5saW94OWx3YnB3cV9ZUi04eVRSb29LNEI1ZUwzRUN0UDQ0NjQ0a3RoNmgyOE1nLWxKNy1nWjhJRmQ0bXh3cllKSnA5M01yTk1zX0pNU0VIMkpVaU5heXdza09ZMWpiNXMxaHoteE5Qb3lONVZLVU1hamMtUnJFLXFnZm5B?oc=5
CP.TO,2026-06-29,CPKC receives 170th and final Wabtec ET44AC locomotive,RAILMARKET.com,https://news.google.com/rss/articles/CBMipAFBVV95cUxPV3pNWUZBbl84OExmaXVsSnl6T1lvMUtRcUlsWmlmVGJwVmNnRGJsUUNDbmNSVW1qcVBEV182QmhXRGo3Y2JqREFaWWJubnNneTRuV0JxQ19Nb3pfQ2hZUjZYTC1yRDlpMHl5MDRoNjZPamtjeFFDYXhySUVmMnlBVGpwaVdtM0JVenBSY216VE5zR3VIamgzUDRWYXpJU2phSnRQUw?oc=5
CP.TO,2026-06-30,CPKC to report second-quarter 2026 earnings results on July 29,Yahoo Finance,https://news.google.com/rss/articles/CBMinAFBVV95cUxOWVJ5bmRUam5jSTJFcjhzOFdjRVEtb0VkUXVBMFZDbE55S2pfMHpQZkZ2c3RpTi04SVdNOUd2VHRLcXkwdVRzRkRHOFBucnlTRTFCbUJnWlpVTzQxaVpyWUR0OWpuWDVraFRHQnlxdXREcm9iOG1iczEyV0Q2OXRpWkU3clQ2UzluWE5wUHVfZmYwRDVCN28xbzlfS1g?oc=5
CP.TO,2026-07-07,"Class I Briefs: CN, CPKC, CSX",Railway Age,https://news.google.com/rss/articles/CBMiekFVX3lxTFBMbXNjWVJzSXN3VTV3c0xBNlFhcGhDLTJ3bjg5bXRJSmwtTEcyaDl4MEtNcnFUbFRPZnRQR2hMT3d5dnlxYkFaS1hOSUlZbmNDVl9jSjdEYVl6WmdzVmZiQUlxN2ZXVl9rZ19lNy1CMWQxMl9aN0QwNnBB?oc=5
CP.TO,2026-07-07,CPKC sets new June monthly grain records,PR Newswire,https://news.google.com/rss/articles/CBMinAFBVV95cUxNTTA2c3JfOV9ZSjVBQXdncl9oOVBpVGV0QVhSTkVyT2VIRG9mdTlTR25tZ05DcTI1cWN6LVhBSlFNdHpMWHFmN0hNZmZhc0JiOGVKMlBTX2hQa0huZm1jandvN0theml4cGw5SHN5RFd4OTBnTXlTejBpV0ZUQ1Y4d1pqbUgxcGZ3QmQ3LW5QRHktUl9vV1Rta0dQeS0?oc=5
CP.TO,2026-07-08,CPKC is determined to lead the Class I pack in transformative technological gains,Progressive Railroading,https://news.google.com/rss/articles/CBMi9wFBVV95cUxPdzVzS24tcVdTNFVfLUotdjY5VVUzQVNiTEh0VzVjRDlNcDBfQzdzMGpONjdNaEhGeWNnQ0hxWHMyNjN4dHgtbmEyMVJ1Tl8wS3ZKQUFsbTVvdnM4V3poVk9WSkY1YlRpS0NGZWRCcHlzOWl6UDE3WUlBa0hjcDJzNHBESUgxSWpWY0IwQ25qZW1WNlpMN0xQMkFVejdkNU9uUWdEeGtUVUFrR1l6WnR3aTNiSUVva3J1SHJlVnV0Q0dfT2ZNYmtKZmhFLW55Z081a25ucW9Rd0s0eXRaa2hhSm42em5IaTd5UndVRWZHMVI3YXpLRlJF?oc=5
CP.TO,2026-07-08,"UP, NS Answer STB’s Merger-Related Questions, Part 1",Railway Age,https://news.google.com/rss/articles/CBMikgFBVV95cUxQdGZaYWZzS0JfbDllRWRLejdITFFsYXhLNXVfY3lwb0dzRW9RSG4yd3VZMFNsTjFkTWFBUUtSMHdmVDZVb1ZhYkwxOERTWlNXdThBVWJ4WEhfTk1kMUtmMk9fYTlvUEhjNC1oQlVlMldFUEVHMDFoekRWTHdiTmtsbUU2TmhkSDh5WWZRVFlmZmt4UQ?oc=5
CP.TO,2026-07-08,How Investors May Respond To Canadian Pacific Kansas City (TSX:CP) Record Cross-Border Grain Volumes,Yahoo Finance,https://news.google.com/rss/articles/CBMipgFBVV95cUxPa014R0NGNFRKd2drR29pbW51ZWtXZDFlcXFUZVBDQmVDNjNFQW5KVWx5V3BaTzdseXY4dFFWRGl6M183ZFhWSGVpNS1RSm51eHQxSVJ3WVJYR2VWbVM3U2p4bzhIc2JRSmFERF9nVV9kVGxDOTlUamhrV2Z0QzRuWmxHSlppLV9WejRjcENZNV9fbXFSNE8xVlljT0lBMzRteGpGanhB?oc=5
CP.TO,2026-07-14,Why You Should Invest In North American Railroad Stocks,Good Money Guide,https://news.google.com/rss/articles/CBMilwFBVV95cUxOWVlnc1l2STdMM1NMRDZJSGExenFLeUJCdnR2SmdXM1RscmFKUlpDWGI5dG54Mm1qdUczeHI5dFBTMHNoWndxeDlYSTRzTFBlNTF3a3I0NjFyOHVqaU55UlF6b0lxd2dmSTJNWFhpWVdyU0p0dHV3dXhDVGlnMG5hUXlvbmNaUDZTUWJMSTZ2RXB5bkFJMlBB?oc=5
CP.TO,2026-07-14,Susquehanna downgrades Canadian National Railway stock to neutral,Investing.com,https://news.google.com/rss/articles/CBMiwwFBVV95cUxOaGpYZWU5OHJOaU1RUEVMckVPdzFoN1pkS0RjLXltR1ZTU3g1OVlHTHl4VHdQcHMwUHQtZmtwNy1hTzNsTlZKSmhlaE1iTVRpdkxrak1Lbl9oSmI5OE9ydVoxWXVhNlJVTm1vbHAtMGFWTUVLVzM1elgyaGRKb2FZZXllVTRYWm9leDBLNnlQMFFVVjh3VTRqUVhJXzRpZDdPb29yLTk3NFpOX01fYmhvX1pfRm5jMi13bXA3Q0E3em1oMW8?oc=5
CP.TO,2026-07-16,CP Stock Slides 1.13% Amid Transportation Sector Weakness,kalkine.ca,https://news.google.com/rss/articles/CBMilgFBVV95cUxNd2UyU3dCRG92UkpWZk9XbzZfRWlGSTM3RWh2UUhkbDl2QUFqR29oUVJYM3F1T2R1c0pUTjFnSUFrUWZBekQzbjcybnpqWGh6VjE4a3JaRHpseVVyWnJJRWNuNzRWYlJlZEtIQ1dsYVpZMzlsOG1mWHVULTEwSGZRdTdpLW9rMkw4RWVQX2hyR3NCc2pjbUE?oc=5
CP.TO,2026-07-20,Canadian Pacific Kansas City (CP): The Mega-Rail Network Turning Freight Into Profit,kalkine.ca,https://news.google.com/rss/articles/CBMiuAFBVV95cUxNZHlteFc1TFV4RVF6VVplV29PMTBNZXo0VXoyaVNfbkZYUjJDS2pwNXlvTW5pM05heW5EcEp0MG9YODMwcUhXWHZ2STFQNlEwWFIxcU1KT0NWTFU0VDNoM2ZNalBLQlJNZElhenc4VXdCcGJIMklic1BmRS12WjBKdnltV2paSFRUNGxWVTh4eTNuNkhsSDBwSExrZ3loN3JFaUNJbXc2QS1tVlBJSk05dzRvRkpBY1o5?oc=5
CP.TO,2026-07-20,Canadian Pacific (TSX:CP) Benefits From Expanding Cross-Border Trade,Kalkine Media,https://news.google.com/rss/articles/CBMisAFBVV95cUxOUXVabmp0OG42cVJscmhTMlBjZHVxMlExeEh3cDdxNkp2SGloNFMzSVM3TU42cGEwYVhibFlsTTlKbVZfcF9uOTA5bjFONFNsN05QbG9uMFh3VjZNcGdxYlh4enN2bHc5YkFFTEZaRnYzOERlMGUzWG1IVFlISkJGeHZFWWVxNmRqa2tock1ReGx3Sy1ZUjUwQm1VZGJ0UE1uYnVGcEY4UWc2UHQ1OUdfeQ?oc=5
CP.TO,2026-07-22,CPKC (TSX:CP) Braces for Tariff Test As Results Loom This Week,Kalkine Media,https://news.google.com/rss/articles/CBMiqAFBVV95cUxNZS1ucWVXT29CanpobmVWU2dCRXBoSDJGZ3UyS1FnMjJ1R0hNX3llcFBrcnVSYzFHalI1LWFQVUEwSHYyRnV3OE91TVFHTFdEaFFrQmdfNERyMGEyNXh1ZGpQYm1yY3VrYU5QeVkzWW1aMUI0NTN0Mzc3NHZfQ2N4OTU5dlp5aE55N0NmbGRYcDR0VWJJLWNNUFExdnVqNFdEMTI5QmhpZGM?oc=5
CP.TO,2026-07-23,CN agrees to end opposition to Union Pacific's railway mega-merger in U.S.,Yahoo! Finance Canada,https://news.google.com/rss/articles/CBMihgFBVV95cUxQQjRZUEhvODh3ejhHeTF6RVZ1VVQyTTZ1aWtpcll4alQzYUpXeW50UVJqT1Y1aUdnUW80ZWs4WVRLdzJSOXZmcnVhdmlwRTRjbUp0WXdPSnJIV19vXzNuTnFVSDlLYlNUVTZwT0UtejZPV3V2ei1pQlZMRG5BZEZfdGZ6VG5Ldw?oc=5
CP.TO,2026-07-24,Canada’s two biggest railways at odds over U.S. mega-merger,Calgary Herald,https://news.google.com/rss/articles/CBMilwFBVV95cUxNcHA4WXlNeUgwWEJBV1JHdzhTaXlpeGVHdWNzSzU0VU93OGtua05ha3FyN29hZ0ZfekVHczBRTVVkaVNBYU4xcWQtVnJ1YXE1cHZlb0dRSEQxazdaeFhnZjcxcGhxMFZqNFBicmNPM1Bza0s4cldSYnhZS1FvU0VGSE9JWDFfZDBJU3JOMVlmNEZxRjY4Qi1V?oc=5
CP.TO,2026-07-28,📈 Rail giant would be expected to take market share,Axios,https://news.google.com/rss/articles/CBMihwFBVV95cUxPSlZjZ2VhbThpOHZkRW1md1ZUV1dxazJlVzY5cll4V3RLN1ZadlY2R3RUUzhUdzlrZmVYczVxQ0Y1WjJkb0NLem1QYm0xNTFRcEUtOTMyVVc3V3N6ZmhEREpGLUsyZUtfMlVVOHN1TFM0X0hxdmJwSlRXYURpbmZHc1pBc25Xblk?oc=5
CP.TO,2026-07-29,Rail Merger: UP CEO Says it’s BETTER for Consumers | FreightWaves Today,Yahoo Finance,https://news.google.com/rss/articles/CBMilwFBVV95cUxQd2JjRHY3enJjd2xveEVoQm10dnhSdG9pZl8xd1hPOWk1b1BSMmZmeUc1ajRIaXg3VVRWdjFqdXlINGc4SmJKZFZPSEhjOUJqR29CVjNrQXh2OUNyRUc1blB0WjBzS01EVkVxU0RwT3N6WU1pbElXM25yLU1uNEF6V1B3MmFSQlo0R2E1d1FIWF94aE5nX0Vz?oc=5
CP.TO,2026-07-29,CPKC chief exec says CN deal with Union Pacific fails to ease competition concerns,Yahoo! Finance Canada,https://news.google.com/rss/articles/CBMijAFBVV95cUxObGpFY3didGo2MV83eWUza3B3TWU1UmNuUHI0Y3RoNW1ESllyZWNCTXBoeFNFQjlOVnpmd1RCTDBUd3o4b05jc1llWlZfQzVLaXpWd1dNdHVoT0xyUHVoWC1IUDRKcEdQTEJMSUNKWVJiSzh5UElHR2xHekRRTTVFd1RrbUdjSlJ3OFJCOA?oc=5
CP.TO,2026-07-29,CPKC (CP) Q2 2026 Earnings: Grain Surge and $1B Free Cash Flow,24/7 Wall St.,https://news.google.com/rss/articles/CBMipgFBVV95cUxQX3V2QnVzczdvclRKUDhzbFgzNXYxTVdXVFM0cGtpOWVpZ1VBZmhwMHFoZ1BXMXh1UVdVRThUNFdydjVRZGdsR2pLU01FRnBhbEVvM2FqYlNtM2N4bTVVNFRybkN4NHNmck1MVEJFQUc1dTJtZXdRTjR0YUtHRXdXM3BLdWJ5a3F5aVF4eVpqMWhPd3djU1ZBd2Z4cVp5ZkJodzIzamd3?oc=5
CP.TO,2026-07-29,CPKC profits dip despite bumper grain crop fuelling higher revenues,The Globe and Mail,https://news.google.com/rss/articles/CBMikgFBVV95cUxQdzZZajROX2pqT2ItcnNWREdTdjI1RWNyVlR5MHphaVJRa3FmeW9lbVFpTVNsLXVJZVpSajA5UUxYRUsxOHFpS2g2TGZsbXotYlVCRXFhS0ZxNW82TUF5M1hRWkJlR0dwN2dKVlc4WmhQYVFsZTVHMGZDRXE0M1MzcEZSSldzNXBBeGxnSm9Bdm1FQQ?oc=5
CP.TO,2026-07-29,Canadian Pacific Kansas City Limited declares dividend,PR Newswire,https://news.google.com/rss/articles/CBMirwFBVV95cUxPRk9VcTZGZEFxQ0NXME1UTWVtLTZXUTZ3U1lyamQ1NmhTc1JvME1QZzB2dFJLcElUUS1USkVvTUtLT0FvdXNOX2Z4dVFRN0V2WndOUVpJSW5XaUoxNjhrelJWSC1ydEptbER1aHJ6dkpqVG1Ta3BOOHRvanB4SWtfVzRseDNnMndad2x4Sm41eXpEQm5kVDB4c1AzR2t0bW54Szd0b3dhd2VYdl9od21B?oc=5
CP.TO,2026-07-29,CPKC's First Female Class 1 Railway Chair Retires; New Chair Named,Stock Titan,https://news.google.com/rss/articles/CBMiuAFBVV95cUxQWnUxN0t4clgyMHlDT0xoWUtLR2cwajRtVFk4Q1N3TFc1VVZ3WUg2R05KNTJadFdqVUw5QWU0VUt5MXp4VC1Jd1VIWEdfTDJNRkYxOHdvbDVJQVkteHZ0b2FaOUhIUlpqUmo1RWVUaWVRMGRrcFlZRlhPUjhYcGFVbVRaXzVzTDlzbUxBRnV2OFNSTEZxVmtjcnJCTVJTLXJ6ZHVoTzhpbGgxdVphdzlGWXdDY0VSMWU0?oc=5
CP.TO,2026-07-29,Earnings call transcript: CPKC tops Q2 2026 estimates as shares rise after hours,Investing.com,https://news.google.com/rss/articles/CBMi0AFBVV95cUxQSEJKbUUwa0ZxLXZNS1Q5U1NIaGQ2RTJkLWVOQXBvU3dkTmdHbHd6RjZEbzNXZXZFV3N1QmlRSFR4WXpCU2NDc1pPcDJpMXBLZDRUSlgtNnhVODRnT1FQd2V2akI2c0NQVmxTUWZNM2xfRHRsaHNwOXB3TEk5OURUcTZEZDM2WklUZWZnVEMxbm82VkVJbG41SC1jYy1ITHFZQ1ZaQWcxd2NmaXZfZFRUbi1kOEdtRXFHODRKeFA2Y05VUXF4bEpFcEZXZUxLSHI1?oc=5
CP.TO,2026-07-29,CPKC Declares Quarterly Dividend of $0.268 Per Share,TipRanks,https://news.google.com/rss/articles/CBMipgFBVV95cUxPZHdGT3YtUjk0ZDBrbVNHN2d0VnlCdDQyYVEydUFnaUY4QV91ZDlqTVpjRmU4QzI4UG85T2ZtMHppZ3FDZnJ1VFluV2s4ZW5pSTczdi1HdTRCZlpSWmZEWXNSTHZveGVVS0FuWlpBdnFlQmRNOFhVVElRbEVLMXBQSWNMSXF2bG44N05kZUs1bndadHpicXRsRzRmeEpDYWhhdl9Pc0d3?oc=5
CP.TO,2026-07-29,"CPKC reports strong Q2 results, poised for accelerated growth in second half of 2026",PR Newswire Canada,https://news.google.com/rss/articles/CBMi0gFBVV95cUxPczMxbDM0T3c2dkNhZ3E2SVE1ZDJJMkdXRkc1MUt1ZVZsQnpYUTljbTFldDNnd1o5aVZwZlNaSktCbXRRS2ZidUZ4U1Ryd2VqaVVGejd1eTlKZ0h4Sk4zZ2NReU5MTWlsdTdUVDA3ZUlNM05kQ09YN0NYb0JlTG9ZYzNmMXhtV3B5eGxoaVpZMm5pRk9Fby16QWJHOXFTZVF1Ty1xTkpxX2QtUTFoTWsxVzdFSzFISkVuRjY4S2szUzg3OHpsLUc2MGJrVHo3YWNfNHc?oc=5
CP.TO,2026-07-29,Union Pacific and Norfolk Southern CEOs Defend CPKC-KCS Merger at Rail Symposium - News and Statistics,IndexBox,https://news.google.com/rss/articles/CBMivgFBVV95cUxOUDhRQWVIbWlNUkkxZkMyN3VodFo0OEhzbDI1UGM5dlgxWE1rRjFYYndtbjF1OGhJNmFZRE9oSTVQTklJczAxUy1ZQk01OFFaQWpkOHNoV3R4MjFyaDNKQW1VWnhST2lncjJPejNMTlNUWUhKd1NsOEw0YjFNS3lRMGN0Sl9FMWt5TjQ2N2FXQzhXU05XTENJU1NVT05pNHVQNVM4b1lqRXBUU2RrVjlmbWFDN3VzbU1jNVZ0SW1B?oc=5
CP.TO,2026-07-30,CPKC net income falls despite rising revenues,World Grain,https://news.google.com/rss/articles/CBMikgFBVV95cUxQX3NVN1dYa2JucTJGLUZLcW1CSGo2OGlBZHc1OGNmekpEeWtMVWxZdEdib3Jrb3NuZGZONkNxZmlHTDk2ZkpPbV9kVF9aN3p4Q0lPNlV1R2Z6b3hzR0psLVoyN1N1YVBKelQ5WXZwRzNrS3RSWmZ1TmxxSk44MGdsd0cybG9DUWJYa1J6U2lGc2NvQQ?oc=5
CP.TO,2026-08-01,Reading & Northern Adds 154 Anthracite Hopper Cars,Railway Supply,https://news.google.com/rss/articles/CBMiggFBVV95cUxNdWxsWEZQMGpXMDNQd2JYY0Jzd1RfREtQMk1ka2xCbzY5V1JnXzRLMlNGWXpRaEJhenF2S3k5Y2F4MzFrdkx2R2k2ZVVuZW5ncHZONjZ1eTBJZzYxUlEzNUFYVkJNcHh2anEyTzI0c0VhYkg2bnFaVGxXelU1TU5DRXpn?oc=5
CP.TO,2026-08-03,Canadian railroads ready for another large grain crop,World Grain,https://news.google.com/rss/articles/CBMinAFBVV95cUxNNXFQc0VtTTJwc1hRU1FwUklKS0toUi13QXRYU19mLXl3d00taF94bGlvTGlSelpaazBvZEk5am9UazZKNVhCUlNpUGxjZ3NEMnhyTTdYRmZFRXpFSFNvUG9ZV2N1TnpHOExod2o1MlNZQVpZZE4wZXU5MmlKVXBXblhNcU1RNjRVTk9LM0F3Zm1hODhRZTd2VmxweXo?oc=5
CP.TO,2026-08-14,"Canadian Pacific Kansas City Stock Gains Green Momentum as Rail Growth, Network Strength and Investor Optimism Support Upside",kalkine.ca,https://news.google.com/rss/articles/CBMi8gFBVV95cUxNY1J3azRNbG1KcGZHYzVxUHo3ZV9iemdzWXRNUUtzNlBYSVBxa3d2aFVxWjk3NE40NGFydHd2Mk00ZjFJMUhBV21GdlgtdlBpV0IzQV9UbVhNYnJ2WmN2QnlhQTlaRm12MlVmWDVDcVNkNFEtYk93dWxFUGF6QzJmWlhmc3M2cWowczFwSGllVnZjcmtkTzVjNXljbGlVN2x0UnBsa0x6bmxZUGNXQ3AzbXlXR3ZuQ0RVWkdPYWZqOXV0UDU0dHBQZFVhT2UxZXNTMlRhSkF3U05EbF9peWxXc09CQ1BCeUpHaUxlWTJvVFRUdw?oc=5
CP.TO,2026-08-17,TFI International Stock: A Truckload Turnaround Drives a 39% Profit Jump,kalkine.ca,https://news.google.com/rss/articles/CBMiqgFBVV95cUxPRENhak1hMnczaHdha2twdkhBQWZBUG9SVzRKMzdEVHRVTWppVnpTYTFzcVJiWGNtRjJaOHFwRFlXYnNOcXc2LXhyVVFzRTdsZGZ6T2FCNlliRzhLbkx0Zl9oUzRad0FNT0pCY2l6MGpZclc2eC1kcVJVQTlSeTFBdzgyZHpfcm01SEVxbVVlT3gyX3dGUlNqZVRkRFl2R0NmQi1IMG9HQllIQQ?oc=5
CP.TO,2026-08-19,EXCLUSIVE: Americold’s Port Saint John bet stitching DP World and CPKC into one cold chain,Yahoo Finance,https://news.google.com/rss/articles/CBMimAFBVV95cUxObkRwME1hVXAycjNXajVJRVk3S05XNmwtbC12NGJINUFHVEtNVlloMU52bndRZ3pnblUyUlBRa2ItOFNUOS0xVGpRWDZHR1FIa2lTVjczRFp5VlNxT3JyRVBDYTA5QktnTkVDVWxRVnlZWHNaeFFTR2QyMnJDXy04dXljVUVzVElsVTRGSWtCR0t2QUpwQ2dGSA?oc=5
CP.TO,2026-08-21,CPKC and IBEW agree to binding arbitration ending strike,Barchart.com,https://news.google.com/rss/articles/CBMipwFBVV95cUxQVVhXSDlmQnFZcE56NnNJcVRxSW5mRHpXNUtpSmxnNXpISjJ2YUpVNmxtZHdLajJOTDVFUTMxUjVhV1p0R2ktTXJPeXNHWlphUVpabGY3aFBZSjFuX3ZqaFdKZGs4NUdOYXl3RDBCYndvTTVReGZ0Z2dfS2RIZzhTejlJMEZYOTJhX0ZTdGJaV1l4d1hMUGwwYXJ2WnBkOS0zRXFvRXdCNA?oc=5
CP.TO,2026-08-23,Record $4.95 million raised for heart health in Alberta as Miyu Yamashita wins CPKC Women's Open,Barchart.com,https://news.google.com/rss/articles/CBMi2wFBVV95cUxORlJtZ1h5akt0dUMxUUlVa3ZRcmhqQ1dBVmMtdTNfeUVsWl9lNVlLcUlzbEdFVXlwUnA1UV91ZzUyRDBXb1ROWFZPN1EwanZwcFVkZGhIVmxjZW1SNXVWYmJ3Q0FPd0g4alNyNnhrWlBwQjAzUGdpcGJFd0NFM0N2OExHNTl5OTFrQ2EzeThrbnVzTXdRY1RIT2pFX3hSekgxWjZ4MWF5U0R0dHphZW43OXhrdVp2MV9lNFFjNzV0RXpUMjJycmQ5UmdCMndWQ1R1T1BkNlEzMWstR0U?oc=5
CP.TO,2026-08-26,Canadian Pacific Kansas City Limited (TSX:CP) Gains Upside Momentum as Rail Growth Outlook Improves and Investor Confidence Strengthens,kalkine.ca,https://news.google.com/rss/articles/CBMi_AFBVV95cUxPTXp0VzB1cG5ISzFNdlQtUTR6ZGVMeGF1MnVrTURkVmRBaGRoNXpuUjluMWJCbmhpOTA3N1g2ajAzVlloWUhPY1dHV1VYX3dGLTJqdUU3Znl6QUpYSzRlTzhYUEhfa2pvRW1QZEdBb2lFM2tYSmwwOGRxQURkNGIyVzhYRkdtUzdEOV8xYjdkUTVIc0JXUjN6cjJlYjFsTU9OM1Fib1R3UE1VQzRZTzg3WjAzTG5YVHlhTDRSaDVpczdGSjNfdkQ0eFNjZWozNFNUMGt4VVdUVS1zYzdhS08xcC1UREdhaVdwcFpPNVR0RUowNWtBYUtoS1VvbVA?oc=5
CP.TO,2026-08-28,"Insider Report: CPKC rallies to record high, delivering hefty payouts to executives",The Globe and Mail,https://news.google.com/rss/articles/CBMi4AFBVV95cUxOSEttX3RUZ2ZhX3FsNVJHNzlhRTBESDl6alRhM3FSMU9Ub0c5YnBONHo0bi1VZUdhMm5EN202UFRmT2J4ZkZ3a2pfZ25rZGZ2QTJwbHRIU1JYcnlPdGFhSlQ1RkVwY01ORDZjQUhtOHBGQ1hwaEk0cDlwVGRVS2ZuSVZZU3pNdjVEbmYyS2RYYnh4b21zcFo3NWV2d2lLek0tOXdvdGE2Tld1LW9MMWlpeHV0aFdOSTI4SmpzV2ZsZUpxeF9XaVBRMDU4amFjcXVvRmp6RjRaSkR5cjdqX21WbQ?oc=5
CP.TO,2026-09-02,Could CPKC (TSX:CP) Benefit From Improving Freight Trends?,Kalkine Media,https://news.google.com/rss/articles/CBMiogFBVV95cUxPaF9OMzJEQlRkaXA2dkpWNmRJUXFzY1dpZmZtcU9TYUFLMGI5cWVQeVJhWXQ3bXlzRFRvdTE5OW95YUxMeks0ZHFyZnYxSlYwLWQ5YnhmelZiZUQ0WUR6WWpaWG45VXFrZUc4RWJDdkhaR0psa0prSXNBWlZoNHBodDhpU0NEbUZxRjNCRXdyTlc2d190SkxjQ1hUSWhYU3htZ0E?oc=5
CP.TO,2026-09-03,CPKC President and CEO Keith Creel to address the Morgan Stanley 14th Annual Laguna Conference,Yahoo Finance,https://news.google.com/rss/articles/CBMimwFBVV95cUxNWTFGTEFxXzRuUFo3SHB5WWNSZXJYZUxaOEZxWXgxTEcyVndYREMwVlhlTTFXM1BIVWpWbVhqZ3ItbmFJLVBKNEZDQ2hENG01d2pHanIwS0pBSWptNUNWaGN4V1BVMUpNZWlhRVpxcFcyeWtaS2dDWEdXY3ozbXJ2MTlCYkJGdWt6Mm8tdGVWNEJ0Q3l2MHpwQkMwQQ?oc=5
CP.TO,2026-09-03,Canadian Pacific Kansas City Stock Rises 0.33% as Rail Network Strength and North American Trade Support Sentiment,kalkine.ca,https://news.google.com/rss/articles/CBMi4gFBVV95cUxQU1JhSGNYNmcwTk1UZWR0Q1VIZk90ajl0X3F0a0tVdUxYaGVhTFVLMjZmLXNfUzNjbWR2NDRTM2l2WDJsd3VsQlJoclFnTU03Nm5XNG9PWXFHeVRyX2ZxVXloQzBtVk8wazdxd3JfTG5FQ25Db3BpQ002Rk9qb1ZSRGtQdGdYbFk4TVhqQVp3SE5sNjdNc3pwZ3VVVFJyeHNWQVF5MkNyRndpSUlOSWk5eW9RLTcycXA5SEpXTVNXLUFWeUFtV19DNmQ4eGl5ZFdOYTFmMXNfaHY0M2tkV0NOaEFB?oc=5
CP.TO,2026-09-08,Canadian Pacific Kansas City Limited (CP): Why This Canadian-Listed Stock Could Be One to Watch in September,kalkine.ca,https://news.google.com/rss/articles/CBMi2AFBVV95cUxPbkplX0VhMzR2bjNaQlp2dUpCQ0pJdzgtX3BTXzl5UE1sZFlkTFJ4YW14aklIOHBjTmRoQ0VvZlBlNFJSVW9XTDlKM3BsdE1FZG1RRTJTSWdVT0hOTXpVaW5kWlZpNlk1aDdqYlpqRms0UFR2VGx0WVFiVmkzWG13WXNKOF9yNmN6TTJreHNqZ3luQ2JsS1hDTUV0VHpBaHpyeVdpa2pycnU0MFR3NVRyS1lITzJIUGkzTmpsN1pHZDdyS0J4VURvbFMtUkp6Z19lOGN5Qzdqck4?oc=5
CP.TO,2026-09-10,CPKC Stock in September 2026: Is This Canadian Rail Giant Ready for Its Next Move?,kalkine.ca,https://news.google.com/rss/articles/CBMitwFBVV95cUxQNGk3OXZkTWJCbGRnbU4zbnkyX2tzaHJzYndFNThRWlZsYmpLdDdCeGJISXhYWHhHOGxGRllZN0ZpNkxWdm4wWTR3NWVYT2RfZEhFQWxENUpqNktKZFBPb1pDbXdmSWdONVp0YnZfLTA1Q05JWWhnSDlybS01RF9adUFsampHeWlWR2cyVUIxQVRnY0dTWlpZQ3JrcmdDTTExNnljaV9xYmd0R1ZmczVRRWh0a3pQMEU?oc=5
CP.TO,2026-09-10,CPKC sets August record for grain and grain products,Transportation Today,https://news.google.com/rss/articles/CBMiogFBVV95cUxQT0FPM2xGa3duT1p4YS0xajduWnlIM0ljOUE4UjBqdzdZdEJiXzN5UjVVUXI5SmRqYUl0RWtkTGZJMDZ3dmhXaTMzd1pLYjBPdVBSSEpRTEFneUtrZzliaUt3ZmtKTVpYTjZwVEY1TTl2OFZieVZuRG4xTG9MQ3h3VjMxOHJOTnQ2RGNUUFZLX3dpZ3pFOTlEdV8xMW9uQjJsQWc?oc=5
CP.TO,2026-09-10,"Stan Wong’s Top Picks for Sept. 10, 2026",BNN Bloomberg,https://news.google.com/rss/articles/CBMijgFBVV95cUxOMGhYMjJJb1lsLWh1aVpNNzduNVhxaWN6WUZsd2twY2hKdUNMSF9JaEJJWU9LbjB1dHhHT2NvN2p3T2E2QkpmeFdPbUlIanNKbTYtNWJ5dG1HSTVydVh0OVdxNHVmSWdWZERKUHRmYTRqVVMyR2c2ZzdMUjl0WHA4Nlo2UE50SDBwWG1udzFR?oc=5
CP.TO,2026-09-10,Why Is Canadian Pacific Kansas City (TSX:CP) Making Waves?,Kalkine Media,https://news.google.com/rss/articles/CBMiogFBVV95cUxNWUFHY2pxaS0wNlhOeklRdWhhakdXTC1sTzFJci1FdHl6MFc1VnZJR1Uwb2ZSYzE2aUg3UEdrRGVNQ2lWTlhXZ0lRZ0psTzR5WGZRU1pQZTFxYllMd0dSRGcyU1F0S21vNGZYUnQ4Q18wT0pLUE8wV1BTaHBDbmVLeFFvNjZlYXNtdEtmbzdJRGVBMWdPOWlxLUJoMHhwSjlwSlE?oc=5
CP.TO,2026-09-10,Canadian National Railway Stock: Is the Latest Dip a Long-Term Opportunity?,kalkine.ca,https://news.google.com/rss/articles/CBMirgFBVV95cUxPZUlhZUw1ZkVqOUZ0Y3I3N2VfNDBIcTlSRFlQb3NubVBOTVRIc09MMUdvMndaUk01NjJHaC1yNS1lc1kySmZKSjJIVGY4UnM0cGxFa3pWbUdGX3NMZ01GTHVFY3RkdUFpekFQWjFtNlVUenM0eElUcmsxS3RQb2F2cndaQ09WX3dYSG91TlNJMVNmRmNSVXFjNk9HdnJnU1FRV1VvRHIwTlpfSzEzUFE?oc=5
CP.TO,2026-09-10,Waste Connections Stock Pulls Back: Is This Quality Compounder Worth Watching?,kalkine.ca,https://news.google.com/rss/articles/CBMisgFBVV95cUxPVUtqdXVIemxjZlQxalB0elAyQllwNmx4TjJZbkl5S3F1djN3RzNkNEdnVEg5S2phQ24yWmUxR3pRa2liOFpsdHRiYTVPTE9mUjZNdHNVaGVIVzBBT3dsSnd6NHEwXzJzdHVZbktrZ0dBWnNJUHRQSUJRczdoaU1RazBqOG1NZS0tdFNSTzR4SmR3SkpNU0tQZ3FYOHdIaHBJanJVMFpxZTdTMXppZklvMk93?oc=5
CP.TO,2026-09-14,Why Did Canadian Pacific Kansas City (TSX:CP) Stock Rise 0.716% on 11 September 2026?,kalkine.ca,https://news.google.com/rss/articles/CBMitgFBVV95cUxQYTBIa0tSODhIcnVRVUJFeGRXUUIwaDJkNzRndHFGcTdVOTRaeFUzQWhuT19OMlNPNGE2MTV1U0lnUUxQUEY2VG10R0QyVkR2STcyNUM4NEVucXBvU0xyQXVCRGJOVTlTMWVRcjhtT3F6M1ltcFd1UG5MVmtpcXhVZGNLeHh1RHluQWEwR1B2OWVBRzVKaFlLLTVlMUp3SVVtZXBWZ0hfRXR4bjVkbWx2bEQ0RTdWdw?oc=5
CP.TO,2026-09-15,"Canada’s Blue-Chip Titans, Ranked: The Biggest Company in Every Industry (2026)",Stocktrades,https://news.google.com/rss/articles/CBMibEFVX3lxTFByN2NPRVhvZWY5Sk8tNzRSNDNaX0hFU2pVV0FtdHFmRmt3RXRnU1hlYi04RVBMaGo1M3hwMmZ3eHphZ05ucXNKWGt2SDlvXzNTam9iRmxvTVdjajBUQ3ZzZjBtTFBCNENoR0Z3bQ?oc=5
