ticker,date,title,summary,url
PG,2018-01-10,Why Colgate Palmolive Stock Gained 15% in 2017,The Motley Fool,https://news.google.com/rss/articles/CBMilwFBVV95cUxQVFZwR0NtOFFTSFNmeV96S1U0T2p4VlpfVmc2ejBIWkwtUlJlWEVGX2JQMFM2N2ZOb0VtUlpHNXA2d2VQWXRia0dZLUE0bHVfSHozMUFrWWlOVkNaUmF6czJVVDktd3hPczJpWElTTkprNnluSEV2UTZzZW5ZMkFSQmQ4aWRHdjdHa09uMjhvbFF5QmpZU2Vv?oc=5
PG,2018-01-21,"GE, Intel, Verizon and More Dow Earnings Coming This Week",24/7 Wall St.,https://news.google.com/rss/articles/CBMioAFBVV95cUxQWFpwRW11NHEwYU5XU3VlV1ZRNTZ0d3dMamFJYUU0QUJvLWtoQ3JsZnIxRy1JMVhBNTNvUnhIVGp0UXVVMlEyZXBpT0lUeDh2WlVNcnZLemtTUThrbTlPUnhxRGl4aU1LN192U2lkVlFSWkRoNFV3NTJBOXhPUmJDY2ZxY1FKc3ltUWxnSmJobEl5RTNENWZiekpfbkFCY0Vf?oc=5
PG,2018-01-22,P&G Earnings: What to Watch,WSJ,https://news.google.com/rss/articles/CBMidEFVX3lxTFBsS1hORHZ3R1B4cGVyTGNrMVBINlA1VXdEYkFKd1BsZ3ExLTRUUVEyN196X0xMOTlaUTM5VEhNcmVJYXhXaUIzUjRuYVVHT3o5bXh2eVRQcmU4SzNqNHZBZklsWk04WElXenRBREdJZnFuQkRn?oc=5
PG,2018-01-25,The Procter & Gamble Company (PG) stock major holders,Yahoo Finance Australia,https://news.google.com/rss/articles/CBMiWkFVX3lxTE41d0NIUE10WF9HNmstenFTWWdERjh3dldpVUdCck1UQzJEZ2x3MExKRzY2ZWtiSHVmSGVDQXo1TGxVTkNjSnI2TEJQRDNfUHkza1A4VVN6TmJuUQ?oc=5
PG,2018-01-29,Opinion: 13 stocks these winning stockpickers recommend now,MarketWatch,https://news.google.com/rss/articles/CBMimwFBVV95cUxNWGtmVGFwRzBUMjdDSDVuTDItMExoYVhHQjJKNTZSM0NPVzhKa2VDWmZEeW4xUUFZbVVyUnoyTjFwY09ZcExLbTJKdlNCUlByd0lNMzFOVkwzTDIyNE5lRzk4MUVwY21EZGhQSGpFU0p3WDFFX3owc0VJaFMwalVzbEktZG50VVJubFVjeWNkeHZvVkxIbFNSNGZjQQ?oc=5
PG,2018-02-01,Technical Analysis of Procter & Gamble Company (The) (NYSE:PG),TradingView,https://news.google.com/rss/articles/CBMiZkFVX3lxTE9QcmFmSnJkM2VzSWJET1E0SjcyMmVQdTRTb1ZhVDNuUlNvZVVObWVQaHlvV1ZuMUROdTFrZ1NjZXhWZ2xJTHp3aXJra0VNNXphNTZhS0RPSVlOWTZOZjJjckhhTXVKZw?oc=5
PG,2018-02-01,Dow Jones Industrial Average (DJIA) - Index and Charts,Corporate Finance Institute,https://news.google.com/rss/articles/CBMilgFBVV95cUxNbmcyNURSRmZtbkh0eW5fWm5HbnA0ZWhmNTFmSy1IQndJUTdOYzBRMVFTNlJKWVVqMmJBRnY4N0RBQ3hRR2N1cFp5bUROT242QzE5WGdFQVpBVzE5dXVseWl2RTZFbUk3UXBwdjdfQkZ5M3JMNzYxN1VVVHJkTy1fanRNZVdKcG1XM3BUOU1lc0lFT2NPVGc?oc=5
PG,2018-02-02,Blue Chip - Learn How to Pick and Invest in Blue-Chip Stocks,Corporate Finance Institute,https://news.google.com/rss/articles/CBMidkFVX3lxTE1GYThETjdfR20xU1d5bjhDY0xGaTlEWTBQZk9EOWhfX1VWWEo4SnBMeUZ5U0MtdG5qMmJPUF9oRi1oT2ExMTRZMVZ4ZnBjdWF6NC1HbTBfZER1TVpJSlRNZXBPSWpqRXljWl9KeDhzb0MtLUxSanc?oc=5
PG,2018-02-05,P&G and these other Dow stocks go down the least when the market is in the grips of a sell-off,CNBC,https://news.google.com/rss/articles/CBMinwFBVV95cUxORG5UNTQtR3VKYzA2Nk40SzNtaDRpZm0yQTVhdXlheFNEcHhkdGJkZEZfNDlONWsyeTlFUEJZZGZGaFE1R0tULVdzYTZnN0dLOTFuTWdFMTk0dGptTWIzRTZfWkNROVNRTGlUd0VOVDFwYXM0ejFPOUE2Xzg0NURKMkxPdEhndUw3dUo2b01IaWkwd0xsd0prV2x6bXExb3PSAaQBQVVfeXFMT0lDMlNJMFc3REZXd2tQaUVETDRGQ3V5Z3A5cnYtUVZaUlVRcEI1elVQZHlOWG0xb3VzdHdlUXR0VUl6VVlteEdTUGF5Vk01SW82WkJ5Qkk5dzZSN0JxUkFVcWhGOHJsckRGUGlkN2EzdE9PUERqbXJfR2hoZDFhNkpzUVBfbVhGVWU3UDdrREMzSDBlVFhOYUEzMTVGTTFpODlfNF8?oc=5
PG,2018-02-10,General Electric Remains Dow’s Worst Performer After Market’s Bad Week,24/7 Wall St.,https://news.google.com/rss/articles/CBMitAFBVV95cUxNUWk2emU0TVhpRF9qcmR1Nm95MXR0cVV0Y29ETFVjOHlLNlg2N2s1bGJKV3g5U0ZNcDlvZVlwZG5tUGM3QTBVM0ZTdlFvd045Rzg1bm1VeEN1U1AtV0c2T05XdkVnV2trSnB4UDlFaTFWUm92eV9TZHF2R2RrZGJISHBpQlo5Zm56b1pJR2poY200SnZLMEtZdXlJQWZ2MEdjUTVjQU5TdjBKNnpsMnJIdlVsNjU?oc=5
PG,2018-02-12,Better Buy: Procter & Gamble Company vs. Kimberly-Clark,The Motley Fool,https://news.google.com/rss/articles/CBMingFBVV95cUxON1VZMFdlU1EybDgtVm00U2g3QUtVTjV6VGJmMUdyQWRXRi05eWZ4dWpSVno1RVhjdFNwNlhUMk4ydDVWUlBUNjVkcWNZLW1QSGNPMFhOMUhEREdWcEU0a09Da3k0Wk9WaGVfc1lMa0FIMnAybmR5dnl1cEpfUHVTT3o1VzJFMm1Xa3lKNjd0UkFzcWVBS2lVMWgzX0dmQQ?oc=5
PG,2018-02-22,'The Lean Startup': How It Turned Eric Ries Into a Corporate Guru,Fortune,https://news.google.com/rss/articles/CBMiZEFVX3lxTE1zN2FETGFPWXZmTS1HLVVSVXN1SDExcEpMVzJVTW1CQTRWUHF5Y1N1VTVfbXN4elFoZkF6dmt0SXVLcWwzNV9yT2lsWjlVajBrdlJXNGZOVDh4YVFidEhRRm85M1Q?oc=5
PG,2018-03-01,P&G says cut digital ad spend by $200 million in 2017,Reuters,https://news.google.com/rss/articles/CBMiqwFBVV95cUxQYld5TUtvOWpoUlRpM0ppU1hyeEIzZmNyRHNMcmRvYU9TSldGZWlhal9GbUVuNC04dEdiZzBES01jcnozYW5EN3ZpVTBBT2VHUk1WUlM4TXRDSjdBMUtmZ245dDJ4eXZXYlNCdUcwclRNdXJ1TVRZaVRKREFkVm01NGlxc2VWOENfbEdkV05sMXlqQ0gzREFsTkVJcGhwZElPTnBCMm5OSlMzb2M?oc=5
PG,2018-03-05,Colgate-Palmolive Company (CL) stock major holders,uk.finance.yahoo.com,https://news.google.com/rss/articles/CBMiWkFVX3lxTFBuTmVtSTZVTDRXWWM3YXNWSWlQVWRzVURPT0RuSGk2QzVUTGhUbTgyMEFkck1iVDRLUFJ0QnBlRW1JZzRieDF6V2FGNG42ZVVSS0pJVGM4TUdFZw?oc=5
PG,2018-03-06,My 30 Stock Portfolio,Seeking Alpha,https://news.google.com/rss/articles/CBMib0FVX3lxTFBhWi1Qa2NIMXlDajUxNkxQTnVjYWEyMFRDeS11cy1YTi1US0xDUjAxSTdydnZpeUdMR1FwbWdELXB1bFVqbTY1RVZjbU5fa3Y1LWpRLTNsdWp4SHBpRFpTdEFyRl9sclY2cDBtSDgwSQ?oc=5
PG,2018-03-23,Here are the biggest Dow and S&P 500 stock losers in March,MarketWatch,https://news.google.com/rss/articles/CBMipAFBVV95cUxQNFZaNU1ZR2pldFM5NFllMVMzdEV5NTBvNmRLOE1GUFAtWnphb19Zb290bEVZWGktc2FrTk1oYWVZckxZMmtlSGhWdG1FM1JTMndqMXlNbWtocUxNT1dRaGJGblBwdnFGdEVhcmxzblRWcGFRQTk2anJuN3NMclNYaWhveUpIQnVtRWQtaTNWZjhRYXhsTGRyOE9vYlQ1ek5rUGhkbA?oc=5
PG,2018-03-27,"What do Bezos, Buffett and Dimon have in common? Meet Todd Combs",The Economic Times,https://news.google.com/rss/articles/CBMi0AFBVV95cUxPLTlZZWpaZ2R6SHl6ZlFXYnNhRWZUOTFWS1hGTzdWRjA1NXlhMjhYazlpRVh5VUM3TjBuTUhBdmp3bkhJcWlsOWN2M3ZuSmlUVWQ2ZnVIRThoU0ZVRDIyckFvV1hGMUU1U0R5eVFQM3VuT2lESVM3b2pxVE9zM3FkME1GRmVYUzI2dl9ZX3hEZmlwc3JYSUMzTDBzSVNSRHptLXcyM3pDYVJiTTkyZWwwTUtuZnk5b3EzU19CNUlFZkJuNWdrY0ZCOUoya1dQMTV60gHWAUFVX3lxTE9fcmxGZ1M1WGtnRWVyUE9mT3ZOSTc3SUtTekw3Z2psQkxRQ2llYkpxd2FsUFBOMllhbGZUN3N3Y1laWkd3dnlFYzZlQmpEZDl6UWpmVk1tY0FNcTA3SW9aYVlobEpQbjFYS1N0X29RN1dJY25PNzFlVk9HR3BZaDRuYXIzZEFRMHIzWmxsaC1GT1VRNXZmSWtFREhpTGcwVlRtRUREdXR2bkktYXdacEllSkYwZG1mWHRYeV9aNkI5SkdNVWxybGpESUNSejhueDIxNEZ4dXc?oc=5
PG,2018-04-09,This Dow Investing Strategy Has Been All Bark and No Bite in 2018,The Motley Fool,https://news.google.com/rss/articles/CBMinAFBVV95cUxOYlFIVGpEODVJRHNrT0duX0RKZDhsa3AzTEw3cEF6QnZjdzdyQzlZYlVBRGlKSXAwQnRNbUlleVdxeDVmOEZrQjkwSVZEOGF3em85RXZpOE9OZTF4Q2Q1dVdxMURjYzB4elpsVGF3cjFUSnlxRjJ3bThVRjVrTnpCU0h5c0s1VkJLbEpuLWxWZUM3emJKNURMLXpXbGE?oc=5
PG,2018-04-13,"The Procter & Gamble Company (PG) Analyst Ratings, Estimates & Forecasts",Yahoo! Finance Canada,https://news.google.com/rss/articles/CBMiW0FVX3lxTE9oSGs3Yy1OMHZ1UzFWTTdIUXpsbkpsSFNmUU9tV25SRlBrOTNQbHZVOWJKYnQ4dElfV1d5akhmcm4wamVxMHRvcG0weC1rVkd3N0pZd3ZidU1GWnM?oc=5
PG,2018-04-17,The 10 Best Dividend Stocks of All Time,Kiplinger,https://news.google.com/rss/articles/CBMiqgFBVV95cUxPSWE5V2w4ZllReGhCMHo1bHoxVGlCenhET2tYNnN3X1NqM2dQN3YzOUVVTUUweWNWMDlvdVFLcEY4M294TEp5OWpOZ01VdTBleVdwQjdZZHpsQXFTeUxrQU9ZdGFneVJyWU1xQzlfYUI1cWdnUVdwc2QxaTc3dC13aU5OZ0tqQU5vWnFRVFV0RTFMakpHRThEX2xENzZvLW9MZHNBT3phazV2QQ?oc=5
PG,2018-04-19,P&G agrees to make $4.2 billion purchase,WCPO 9 News,https://news.google.com/rss/articles/CBMixAFBVV95cUxOSE1XSE9MbWxoUm1RRmdfbjB2azltcUtVblU5ZlhsTTluWGZwZDR2Z0xhdnVJaG9PNXZkUUpTenN1V0NJS1JSY1JUWGJEZnF4dy01LVE0blB4TFQ3TFpYLXNXTDlaSmZSQ2pjOXJjOTdLOTJiRlg4VlVNYTF1THJzUzkzVEZFRVNZYnk3RHRqUDBwMld1VjBWWGQwbnJQUDRGYlFyUHY0N1BhVXZmZXR1MTRzR2hJNXRLOVU2dWFaUEM3cmhn?oc=5
PG,2018-04-19,P&G's vitamin boost could signal more to come,Reuters,https://news.google.com/rss/articles/CBMioAFBVV95cUxNcXJYTjFNS0Vib1NBa0NFTzdVdi1yS1dOM2JWWmdINFptcTdpd0p6QlBKNmpFR0hweGRxOVFVTkZyb2c1WmNKSmVhbDRQVVR0XzhBSVJ3cTNqdHVCbThhYXFjWUVUbGhkaFJFUUpQUVdsNl94YXpxM2lpR003Q3UzdnYxS3JGWjd5aHVhOVJOTktGTlBfMHJhYThvVUtaZlpp?oc=5
PG,2018-04-19,P&G absorbs German Merck’s consumer business for $4B,BioPharma Dive,https://news.google.com/rss/articles/CBMikwFBVV95cUxQT3d3YXZoeTZDV25PanczQzl0czBaTkpsQXMxMWZaZ25kVG1IUFYwaWVyRFEzXzRuWjBZUm1mbUJWXzQyRVBJUW9kWktuMDE4T1V2ajBWWXVPNWowLXNib0pJN2tZWHVtNExuekdRcFlLd2pqM0VkakhEZVVNY3oydERPekhDRUtUbWNVMVphQjhJYzA?oc=5
PG,2018-04-19,P&G Vows More Change Coming After $4.2 Billion Acquisition,Bloomberg.com,https://news.google.com/rss/articles/CBMirgFBVV95cUxOQTVMZFptMFpRbjhXZEdELXpEOFdTTTdpWVJZX2ZpTkRRZUl0LVJtdTdaNU9hQjBfYW9ueF9WNGduZjg3b0JiSXRyY2NCeGFNSWxNejFqRmlDUTR0VklVR21IckNTcnNDY184a3BkNHp1Q25FRFA5OTRfcE9wVmZNZEM0OXRMa3BGWlJJbmc0bHdCZ29PYWpsTHcyWjgwYXRnM2FMYTRLY2hxS1kzRnc?oc=5
PG,2018-04-25,‘Amazon Effect’ Stings Consumer-Staples Stocks as Pricing Woes Mount,WSJ,https://news.google.com/rss/articles/CBMirwFBVV95cUxPdVNRSlVPREVsSUFOTXE2QlRQX3pzUWFYSjcwbjB1dkJ6WGx5VHQ4VWNBYzVMZjItOUJ3S2xEZVhOTVFxU2FpYk5pM2NfUXlYM2JVRGtwejJfYnRjRWl5VzBGek11NlNuMnQzbDJRVGVsSmpMRnZaWXdiOTA0MXBoeVVzOUxONmNlY2hCSXotOUxsOGxjZEpWYXVPc0JjeVRpbWNxcXZaTVFoRGFGem8w?oc=5
PG,2018-04-26,Charging toward Duracell: A P&G case study,Cornell SC Johnson College of Business,https://news.google.com/rss/articles/CBMid0FVX3lxTE4zd1FRT2RWX2dMOHVGR3cxTDJfYXViTGxjWkFOSzZzZ3pGVi1tTmtBcWg2NlN5RVpoeFd4dVF3REZBV0lvYzR2TWxKaTVWT0JONUxPNi1HYnZLQkhwTDZYLTJnYWREb3prbVF3T0FhTDFiVHFhY0ww?oc=5
PG,2018-05-01,Apple Raises Bar With Stock-Buyback Plans,WSJ,https://news.google.com/rss/articles/CBMiiAFBVV95cUxPdXI1RUZtQ2FUSmhoTm1HREt1RzFXWC1ack9jT1NlZUlOcW4yR09LWUdpMjRya05mOF8wRThpa3oxV2t0cS10S3JjTU9KZ2Y5cHJNbEdEYkZmMUcyTmRORnd2ZTVoZTF0clBXdUFvbW1xRkp6Vm54dHFnOXdqRy1aX3RtbHJ2T2tJ?oc=5
PG,2018-05-03,10 Blue-Chip Stocks That Warren Buffett Dumped (And Why),Kiplinger,https://news.google.com/rss/articles/CBMiswFBVV95cUxPQ3BETWFOU3BxQ3JDR0pZYjh4SlU0dDYydko2ZHNEa1RNb0dfUEZSOWg0TGdZOExyeE9zdkV2MFFJamFqS0NWYzFpelIxOS1udHA0R1RzT0IxOW1XamQ4TVlfOGpSSFI4YUR2WjVvZldRQmdOaXdWdXlHbHEyd3k3dEYzMVl0c1lHSTBiV1pZUXZaMmJ1a0pUMEhBbm01YVlfOWNnTGpGaUZjQUFfNTVsSmYzZw?oc=5
PG,2018-05-07,Here’s how Warren Buffett’s stock picks for Berkshire Hathaway have performed in 2018,MarketWatch,https://news.google.com/rss/articles/CBMixwFBVV95cUxPbmM1WlY3TEJObk5STWRBeTUtMlZpT2hmSDBJUHowVkRtVllBZ2VrSE05RkdOWlhaQkNVU1BnblZzQjk5QXM4R1c4UWF5Q1hja0QtZ3BUSXZXN2Q5QTlYaDRfMElsdlY2UTBmYWdFNWFDeFJfci1BUzVsSlZ3RVNDRUlGdTI3NG1DbjJ3Q0xnRlVaSUNBaTFtemZUWHJFcDVkaUFNc1k0UTFZMmwxUTE1WVh2OFJrbC0zcERIOHBldHRXaHVxRkRj?oc=5
PG,2018-05-09,12 Elite Dividend Stocks,Barron's,https://news.google.com/rss/articles/CBMid0FVX3lxTE11blkzVExnLVJoNkQ4SndXaTZpbHlmNDlGWWJZOWVjcDRCYk5UMWxaQzdxdFNzVUF1UUpHMzNwV2M3Um9neVNIRU5vUkV1UFQ3c0tXM0RrNk5HZXRROVJYaEN6UVg0RGxEMTV2Wk9ZNmtvR0puNHNF?oc=5
PG,2018-05-14,One of the world's largest legal marijuana producers operates out of a once-abandoned Hershey's factory,Business Insider,https://news.google.com/rss/articles/CBMijgFBVV95cUxObV83Wm5xTjFLMTZlWHFrMkV0Sy1uYlhkNW15Vm44eEFQZTEzNkdQYWxPcW1LZjNVb2ZMeHpaNkhqSlZQWU56YkY3cUczcjlHYVhuRm1fZ2xfMFVVa2czTU02VU9DWmhpUHQtcHBGNU9abXFUMDA2Uk16N0ZzTWduWmNwcGFpWFFMcFJVYlFR?oc=5
PG,2018-05-15,2 Reasons To Not Buy Procter & Gamble Stock,The Motley Fool,https://news.google.com/rss/articles/CBMikgFBVV95cUxQdUpvMEtoV24zajJtbW1DYmpjd04tSDN1WF9hV0NtOVA2RXZGYVZVWGh4VXl3cmdBbkJBZTlhTTQyQUJ4MFp3YlBSbFNIb3Fjb2NXNURQdmJnUFFpTlVZdDN4a1NZNWFiZ19nbmhjTFJMWEhkbEVYYjZQc24zYXl3S09ycUc4Zld4WDV3WEtzd0hIZw?oc=5
PG,2018-05-19,"Why Coke, PepsiCo, and P&G Look Like Bargains",Barron's,https://news.google.com/rss/articles/CBMikAFBVV95cUxPTEo5Tl8zeE40ZFhrNnp5MmVFS2d6a1JOYjBSY3otanlkdS1lVTBZbUFCQ0p0WEluUlJxRlNOYjdSdldnbUJRbWQ0VzJnQ1NXY18tOEtJVHViclRNTTJicHV3bDBFdTd0a3haaFV0X21MLTI0enRNRC1UcU9hY0VYVnRKWV80Mi1fYk05UC1KbUg?oc=5
PG,2018-05-22,Meet the most hated stocks in the market today: Consumer staples,CNBC,https://news.google.com/rss/articles/CBMiogFBVV95cUxONmQ2VjYwM1VienRGQTBBdEI1RDgxVEI4VEE4Rm9STjhNb1dlNE9YT1VscVdFalZxMENxODZWSFRUNUdzU0pzM3daamJsWTMteExCbmtaMk5WYXRhTFFJNC1fbnpwNTZxYlM4TEhyOTgwdmt0Zk5jQ2dTOUVTbWF2YjJfb1VjOXg5QXo0V3hqeXB3c05JdFZPLXkzbHBobkE0OXfSAacBQVVfeXFMTUFkYXJ3VXQ0VmR6OEV4ZDJLNE1USkNXWkpEUnp4MjM3azVWVG1fOVBHVWhVX29weldCTkpzUV9Gbk4yZU5OdHN0ZW5RbEJJQ3JjajB5LUxRcERndU9seWprU3ZYS2Zlc3BkaTJIS2czTkgyN0hSdGsxSW5TUTZjSWh4d09icEN2d3gyRndwQlc2ZFdoaDZRM04yLUFtSzZSeHFDaG9Fc3M?oc=5
PG,2018-05-25,3 Terrible Reasons to Buy Procter & Gamble,The Motley Fool,https://news.google.com/rss/articles/CBMikAFBVV95cUxOekRlRTg2WFo1OHVzOERqWjhmYk5ESjY0cVB5ZllRMjZtYWR3bmxUTUhHOFQ0RFBNenVpdFBOWnhIWVVSakwtWEJNa3I1UDFGVFY5ckVpR1NfQzhGbTdOQWh6VjdWTklFOTc2dDExXzByNnppUTdXMFpXa0taX3N3X0k2QlV6dG04Ry0zTUJZWXA?oc=5
PG,2018-06-06,"Nelson Peltz Sells Pentair, Wendy’s Stock, Buys More nVent",Barron's,https://news.google.com/rss/articles/CBMioAFBVV95cUxPNWd4akZTWF9PdElRQk5KNF9PZVpSV0VubDVpcWh2Mmcya1ozVTIwLUQ1TmRhMWQySnVibmxyMmcybDhJOTZMRFFFZzNmM2xxT1hhYlJKM3gwRlYydG1PN191RDJxUTh2dmY0MFowUGV4ZndIOWE5SnM0YTZQTHNEQlhfbDBMa1J6OWlfMTdMM0ZqMlNSNVdSRXhmVXFyTi1C?oc=5
PG,2018-06-15,Kimberly-Clark Corporation (KMB) stock major holders,uk.finance.yahoo.com,https://news.google.com/rss/articles/CBMiW0FVX3lxTE5CU2RBYTNDc1doS25mbll2c09jczR2dlNsUHFTeEdPWFBvR09QWXQ0ZEVtbTh1TTI5dHctOWlOZlNIbXJyclo1YmhabzRxMUhPa2pKY3IzQ2IzSHc?oc=5
PG,2018-06-19,"Dow Jones Drops GE, A Member Of The Original Industrial Average In 1896",NPR,https://news.google.com/rss/articles/CBMisAFBVV95cUxQSEZBcDBxOWdPTjBOOVlyRkJrcWFibWdzMmRISkpFN0hRZ2tBQXM2SVRtZ0VGY05XQTdZWk43VW5tN3hLOUVWbzlIT2Y2SVR3NFctelBOeThUbW1nTWd4TEx5eFR2ZkZHZzJqSVBOQmVSVGR3QWlPajdxeEYwcE1faExjdjNJS3ctNGVBdUhMZFhRZExWTlA1RUJscFpnU3dIMWlfWU5lNHpveEJweHpHYw?oc=5
PG,2018-06-20,"The richest members of Congress from New Jersey, ranked",NJ.com,https://news.google.com/rss/articles/CBMilgFBVV95cUxNOUNtUjNBanRHMm5qZG9paG8xbXJEcXAtRmpVZGkybXRrOWNaRzdmOTFkRlVzOWVoWmNMUDR3M1N6SU1SVUxaUU9pQmc4Q3ZtcVNLUXFZQlNrWGxvWHRidWJ2ZkhEaDNqa3l1TGJGV0d5ZUtURWlubnNMeEo5YWxyaG1KX09tMktnNDhCMGFMNV9MVjZIVWc?oc=5
PG,2018-06-20,What GE’s stock being replaced by Walgreens in the Dow Jones Industrial Average may mean,MarketWatch,https://news.google.com/rss/articles/CBMiwgFBVV95cUxPRnlnVldwVlAwTFVjT29qUWtDa3loM0FTLVFTcUV4eHpBVkQ0YkRlZWNwQkZtYm9sdmpOcGI4QUNKQUp5ZTRUVTNKaEpVMkx0NWduTy1fTUtYUDcwRlh2Qk9ZX0t3Q1JRQU5ieXN2ck1Nbk1LX0VDTzUzMWxPR3VoTDNscUNocUtzT2p6Z0RVYnhUQ3VJOTB6aVhKNUhFSTRJVTZ6RFpYeUUzcDZvWHRSRGQ0M1VjZEJkZ1hxa056VHVKQQ?oc=5
PG,2018-07-06,All 30 Dow Stocks Ranked by Tenure in the Index,Fox Business,https://news.google.com/rss/articles/CBMiiwFBVV95cUxPTmdzZ0Y0TW16UUoyUm15SkxqRVc5MmNCUi1zLVkzUmtVbDBLUjNWRVRZay1DMWFSblRSTXplbG5Ya3VyY3RuUDRYWXFnei1sVFJvZWNJWHZmRlFpTXJWS1BJMUFlMUs3NF9lNUVHSm5UZ2dLTXZsRzF1VjE0TjVUWi16QnRWVGt3ZGVV0gGQAUFVX3lxTE1MWTBSNmVoYXNXRHJOLVF1aV9hOGVDdnlwYndIT1NaSGZyQlFRNjNDMnFPZ2hoZEIxTHF3YXhBVmEwNWlfbkdIMnozNDBITzk0YnZERG5uNmRQbm5pUFJUM0ZZc1lWektEc3JHdk9NdnlSdzBXMGdqbkg2VXRmOUxhT1JuNDAyNEZoYU40VEt4Uw?oc=5
PG,2018-07-09,U.S. stocks higher at close of trade; Dow Jones Industrial Average up 1.31%,Investing.com,https://news.google.com/rss/articles/CBMi0wFBVV95cUxQNWxMY0tIal9KcVlhZ2VZOURWOFVIQm51XzM1TmR3eUZFU3ZjQWJDNmpzODhINnh3WjJPUmR4YXVZbzVBNWFXOFdLWVVvSUZLRlNIRXVCd05QY3ZSVE5qUmF3VEJfMDRjdHdKMm8tZlhTVmYyT1M2cUxRVXdwREVmOHY0RThtVG9HUktFbkpIQmxLZl9URnhJRDAxOHVUSC04NkIyakhMWGl2RUhsZmhpdWQzbmIxajRCdGhGb1hlTWZtbnhOTFdXcjE5bVNkQVgzN1lv?oc=5
PG,2018-07-10,Why Procter & Gamble Stock Has Lost 15% in 2018,The Motley Fool,https://news.google.com/rss/articles/CBMilgFBVV95cUxPTlNzclBFa3RlbC1IZlZ1eWpYclRBZlF3X2VURkxLT1lfRnpKUUJyUkJ2dzJQbW1rR0dWTlFfa256djlvVE92a05wOFdBbFhURzZFd0dHaTQyVjRoZnJURXpET0lobmxsZkpnWV9LYWd3Qm11cFJrd00zZmxhMTU4d0xTZTZYYkI3cTBCUUpBaWI5b3ZTX1E?oc=5
PG,2018-07-11,Looking for safe havens in volatile markets? 10 stocks with high dividend yield,Moneycontrol.com,https://news.google.com/rss/articles/CBMiygFBVV95cUxQZHJEeVo0TmVtSnFOVlhKV3lIc2huYjVFSllQbnE2WThwOTJZVGRybUt6QU1Nd2pfeFlsckxmTTZHanRNSU02X2pqcWlGUmRRWDlNNEpfaElvSzNSZFhQUVh0eXAxbkVXRFVkXy1qSkU2eTZIWjFrenVOSzRtQV93MmFNNFRoaVFRSFNHVUhDbkh2UkxnRC1zWThNQU9YUmZaSGVJeUFtbW5WWkNGZmh6X1RFMnhZcS1Pd0NmNEVqYnNXYUw0VWpoSXl30gHPAUFVX3lxTE40VTlGMG9DN3JXQnVEbVpVTHB5WUNlOTlmVnBDNm9TZVgxa0Q4NHRENmt3RHJUa3FKX2NoaDNjdktISFVqVzdiNVAtZmlzYk5CLTQ2MTNha3hkSzJObmlPNHo0WmE0bzd5M2RrdE9XeEhFaUc3N2preUp6czdaV3NyODBzanFjdFZ4T1o5ZEF0eXdyMHVJdm41WkN6MWJBZkZLR2syOVpDeGVZSXY4OUxYcWtxaVV3T3lMeTlNR3gyS0ZxLUFCRXZTRkRKOGxkUQ?oc=5
PG,2018-07-26,"John Kasich slams farm bailout, praises payday loan bill at Ohio State Fair: Capitol Letter",Cleveland.com,https://news.google.com/rss/articles/CBMif0FVX3lxTE05VGdLQjN3SnJZc01yaFBMdE40SXQyZzNwU0VZUVNlMU5talZEX1NDTFRRR2xFNlNXUnZqODQ2WWFQUjg3T0VrMXNZWlVRb3A1Q01vVHdlRmp2QUpTbXplR2FnTjBZX2c5UHV4SjNXUHhGVnZrbEtkOF82bjZ3MTg?oc=5
PG,2018-07-27,"How Steve Ballmer went from making $50,000 a year as an assistant at Microsoft to becoming a billionaire",CNBC,https://news.google.com/rss/articles/CBMiqAFBVV95cUxPY2d0MTQ2VERsSVBQUnZZb0tkRURsVVN3eHl6aDk3WGRDNVJGWXVKVmxmbTRRRUpFQXFMcnZrTkFuZnhhVHBkSTFoOU5LTUE0LURnVlp4OWxPcXFIQWVMNHpKa1loUWJQOHlidllqU1YzU3NwN200UGlDT2hwUW5MZlU5WHh0bTN3TGs4WTJkVDg0WnF6ZXhQWFlzZlhMNllpSHQ4ZjBKbU_SAa4BQVVfeXFMUHk2UGlWa202NEdjNUNqNWtJY252WkRzSk1mWmRyWDI1NjNJNTAyY3M5bDFpOURHMU5TdUNVeDBTZld4RXZ2NXJ3UC0zMHM4Yy1PbzJ6ZEJFZFVvTjl2RlBGTnBOUjExaDFib2Ruc2xMYXNEVU15M0RPZjNZTDRwVlFrdTdZWEdTcFhEc2NfWDNKMG01cUtaSENjMFlMUHlwRU81R0J1bXJpSnc3c1ZB?oc=5
PG,2018-07-31,Procter & Gamble's reports mixed 4Q results,Fox Business,https://news.google.com/rss/articles/CBMigwFBVV95cUxOdjdVOTBqeDVFU01qWldYeTVOWEVXNzF4eFVoaUpoQTZCd0Y5ZlVMU19HaXVWejRPTWh4T2F1RWFHdi1JcHpmcTEzcHpHLW1Ib21KVHoybUJCVE5hcDhSQUk5ZXFndk5ZTHQzd2VXOENVYzZHU1U5TWhhTHY2azZvS2RhWdIBiAFBVV95cUxQdk5YeDkwVVhEbHJlMTFrVXFZOHJCNjctSEtqTkVTbk0wcXhacFgzeVhZZ1l3a2l0dEhIM2ZPd25RV1V3RTZEbkVpamJ6UTNOcTVVbFkxY0dZcGJIdG1UMEFfUTM1SU9uQk5sNV9yM2pFOEhJZ1dvaEZEY2RPdjV3eDk1Q3JoU2ZJ?oc=5
PG,2018-07-31,"Pampers, Bounty, Charmin will soon cost you more",king5.com,https://news.google.com/rss/articles/CBMirAFBVV95cUxPbUZ0YTA3S3Z1d2pnbmxLaF9ieXFWUnNmRXhVYUV3VGZXOTRlQXVfRG9qUmh3RjFhQXFIQTN6QkFHandaeS1UdVUtQUMzdmhleWtoR1J0R1pHYTRvZ1p0NHcxOHdjVFJFcmtHTVNybGgtamY4VjI1V3V0Ukd1X3lsMnB5bVhXM0VMbzl4MERvd3BkMkhwVHRFYnI3N3lRaE1fR1JoYkFQUkh0eDJT?oc=5
PG,2018-08-02,Apple becomes first private company worth $1 trillion | Gulf Times,Gulf Times,https://news.google.com/rss/articles/CBMilwFBVV95cUxQOEVnM3V5WUNlaFp1QzZBR0locEp1T2FvZXRSdHVOSmc2ZlVKbDhNTkNGS25DUlZnd1c4R1RhTG1KaTVVc3pRc2RUbGNaNnVhMnNvS2pNYW85aS1YV0ctN3F2M1BLallvR3ppcTR0TmZYVDJxYUxtYTVNWnVDdHA1eHEwWDBnY2VMYkFoYkhPZS1hZlg0TlY40gGcAUFVX3lxTE9mWE9FY1h4YmpId0hzc21jZWw5ckQ1dkdfS3c2VHBsTHZfWnNjVzN6MGFuM2tMcUZDWG8xbmtIbjhZb3NOMld6Mk9MZEVKQkE0VFI3N0dHaGQ5LXRHSmtxcU9lYlhsTnBEa0ZsclF3NVRiNnNHdTJRRS1JS1ZjOTR1ZlZCaVdwbURSbFBPNXZfV0RpcE4wVUE0OURNeg?oc=5
PG,2018-08-02,Apple breaches $1 trillion stock market valuation,Reuters,https://news.google.com/rss/articles/CBMiowFBVV95cUxOS1p0OHNJcU5TTEpvbnhud3BZc0hRTkpRWUN2cHdaN0Z6RFR6bHFISjltaW45NXJ2OXFhcENkcTlBeU1XakloY1ZMSjFNRUZXWkE2djJfaXE3RlZKNjd5OWZPbGF1dVdTV3lodVNuZk05NFdoRE1Sd09TQWYxRVR1WC1JMy1DOFU0NXpVYy10ZW55ZTlJbnB3OUw2d0ZoRXN2a1g0?oc=5
PG,2018-08-02,Apple hits record $1 trillion US stock market valuation,CBC,https://news.google.com/rss/articles/CBMihwFBVV95cUxQU1ViaEQxZHNNN0V1N0pUd0dQV0pBTFBrTFpodzZmb2s0LVhpMVk1VnBNTWlXemlMc21ONmd4RHAtMzl1Z2ZHU2ZYVHhmYU1nbi1HUFFZR2lVZGFtTE1mWkpTazZvOHBnUEhxS1NpVjBLSW1mT3pHWkYtaUV6T1l2c2pCNWJVTVU?oc=5
PG,2018-08-03,Apple becomes the first US$1 trillion company in history,The Straits Times,https://news.google.com/rss/articles/CBMipAFBVV95cUxPbUs0SWx5d3p6WjVodlZwUG8tVWZxWGJvajZ2REx5Zm82eVA5VmxHczYyVFREckVqNUU0SzhOSGtoMVI3eFJpNkJKUkM3VkJrNko5OG9tX09KRlpCVmF2OXdpNkNERk1OZTFpS2cxZ0dBclpIMWxxRTEyQUZtMmw5b3BTQWlybnZmSUhyb0VLUFc2RGNzTUhoTjJUSVhvM1pVeVQ3Sw?oc=5
PG,2018-08-05,Better Buy: Procter & Gamble Company vs. Philip Morris,The Motley Fool,https://news.google.com/rss/articles/CBMingFBVV95cUxQQ25CTDFFNkduZS1EakJMSUh6WDJvc1JNQzM2SE41emdldHoyZmdpcEdTZmkzTDdWeWg2U0VTY3hYeUZVVGRqZE9ZNTZfSlp1REIzbmhNQ1QwQWxHN19ESk9uTG1NOXA0NjNzR0JLMDlBVlVpSkRKeE95UXlFNzU2VVVGLUl1blRNZWNPQ0tPRmFXWVNHOWQ2Rm5KaXB4QQ?oc=5
PG,2018-08-09,What Happened in the Stock Market Today,The Motley Fool,https://news.google.com/rss/articles/CBMijwFBVV95cUxQTkhYMzhwdktfU3NCMk9IbEpZVU03X3RrRWpHTzRuenV3NHZ2OFMtSGJwSzJLUnhiOG9DN2taTjhlQTdPRWRZTmF1UFg5X2hJNTZJRVFkU2xuT0ZYU1Z5enktMURDa2N5SDVaZ0stb0xONkpTaFlOVGwxTHJqRDU2U1I2aUw5bDM3bXB6bS1Maw?oc=5
PG,2018-08-24,Top P&G bosses get pay cut,WCPO 9 News,https://news.google.com/rss/articles/CBMigAFBVV95cUxONTNPM1RuZ0R1UzJOM1dLWFJEdHRXSTU3WF9hVWk1SzRiQ2dzTkdzVkh3VVdpNURHbGtOeU51V1FnSjE5RkVOaHZnNWRYWlZYQlZNYjNQNTdpcXZzUUZOT3lqZVBSTWhzd1FyUllSXzc0VDFvU0ZnMEpZQkdHWFhCOQ?oc=5
PG,2018-09-06,"P&G open to more acquisitions, CFO says",The Business Journals,https://news.google.com/rss/articles/CBMinwFBVV95cUxPdHREa0ZUa2JFVnFfMFJlcXNvVHJFMjBpeDdjb3dOMER6UWN4NmI1VHRCWDhTLV95ZDlCS19aSDZGOEZMdWprRkl6V3dPNC1VTVpfODBNT0NIMm0tZlVVZ0l0Vkx1Nkxocnpob1RHeENnUDdtWlZhb2tUTTcyaDdoTkh1RlV6anJ3R1VfWUNqNkV2b2g2UmlYVXU1Wnpjbms?oc=5
PG,2018-09-08,Procter & Gamble Returns to the Dow’s Cellar,24/7 Wall St.,https://news.google.com/rss/articles/CBMijgFBVV95cUxOTDhSVnFkRUFjdHJvOU1PaUMwWVhYb0d0cXM2bnFQY0tXcjhfRjZ0aVp5YVBndTJaSURXaFp6STdidzAzSlNodXRGUW9sZXNvRzdCQWdqSkZzN2Qtb3c2akt3OWVnM25KNkp0M3JvTXNQMWhxSkV1Q2Y4LUxldEJJQl96dHE2WE5XekI0Q3p3?oc=5
PG,2018-09-13,This Day In Market History: Gillette Buys Duracell,Yahoo Finance,https://news.google.com/rss/articles/CBMihAFBVV95cUxNRkxBc09CUkwwQzdDZ3NTeDRRVHl1MVJWMmhLMnk0aE1rbzhXc0JwSUo4U2VvU2lfRUtFMVdWQm1GMzJ6OUZaZ0tEaWdkeHZUT3dyTl9MazhTc3hTUjJWOUlNenlWa1JFcEJZbkxfdTFOdUV2cDgzZEtpei14UEVnLUpMSXk?oc=5
PG,2018-09-14,Better Buy: Procter & Gamble vs. Unilever,Yahoo Finance,https://news.google.com/rss/articles/CBMif0FVX3lxTE5HaUJjOEpCcmxkaFZZWEV2UnI0SndhLVhweEx4UjZKZWdubEwxS0s3QXB6Y2I3QWNrOEFHbFlBZUNhQmszc20yY2lDanF4ZjRqLXphVVRIZ09VTzEtekM5NWR1Vk5XcllLcmF5d1JReWVodnRmYVEwNU9jZU1SYkU?oc=5
PG,2018-09-16,3 Bargain Stocks You Can Buy Today,The Motley Fool,https://news.google.com/rss/articles/CBMiiAFBVV95cUxQdmItazFaVnVFYmI1QVFOOTItTWdlZ2JOZXktbnV5QTdnYVRzbjVNTllpQS1uZUZpczVVMHRBSXJHcVNyZUExTG01OVZ6U0R6WWNmcEVsR0U4VlZ2enpOb0Qzb1ZwYmRLVnZ1WkZTWjNnSnpobDBibjVvQ2plaERtLTkyRWhNTmY1?oc=5
PG,2018-09-17,Do stocks outperform Treasury bills?,Arizona State University (ASU),https://news.google.com/rss/articles/CBMifkFVX3lxTE1CNk5KUy03dWZHZVpBMXg3UnJGekFRYmJUem45OW44VWJXaVh0cjBjOF9PVXdiMmRoYnNrMXNmQml5YXZERnhwS3lQa2dnSjVxVFIyUUxUSTZ1eHluTWdLSVNHQThzalJiR244TmVjclNQempySUl0MmZDSzhvdw?oc=5
PG,2018-09-29,"The 50 best-paying big companies of 2018, according to employees",Business Insider,https://news.google.com/rss/articles/CBMie0FVX3lxTE04WU9uXzNqeGticWdjQ19pcVZKQjZ1Qlo4eWZwUWZ2alA2MHA0V0tEdG04cG00N0ZhcGRWeFdsU2diU3lBX0NsOXVKYldJSkMxU0l3MHFBb0gxQXVhZUVMazRROE5BMTA2ZjVVZWE4RHBQRHFRU080ZVg2QQ?oc=5
PG,2018-10-19,Procter & Gamble | $PG Stock | Shares Surge On Unexpected Q1 Sales Growth,warriortradingnews.com,https://news.google.com/rss/articles/CBMirgFBVV95cUxPbjVzSi1hMG1tWWpRX2xNOTJ6enNDZnA2UVlMaWdmbVRkTlNGQkNacFphUHpXM2g0RWYzRnJhdERZSjV1WFBzaW1DM09MT0s3dzdkcUFvZzlWVnRZY2ljd3RpTVNReU53WDVjdjlVX3V6OGhVSW1PV1F5ZWdFekRLMTZVRE1IYUxoaFlKU3lJdmRqZko3MGlnM3dMMW5ZemhNeExmS3hBTDhteGFOR0HSAbYBQVVfeXFMUE1WX0ZabzBYS3JvWG9RTWswWWdDSk4yZzJYNXJZOEwzX3dEQkx1aGltdktYRFhKRnQ1MHFZYjN3dllGYy1pQlhnclJnd0pmekpuLVRfdEdRbkNPbmlwMElXQ2xNWUs1WXZDNTZtc1VDLXhKYWt3c3hJX09nUjBIVEo3RXNDRFoyRXRoTGR6T0ZsOURKMXI5RVdTYUtNcHMyUUFuVXMtY1Vwc2hVMmlXLWFZdHJzYVE?oc=5
PG,2018-10-19,Why Procter & Gamble Co Stock Surged Today,The Motley Fool,https://news.google.com/rss/articles/CBMikAFBVV95cUxNd2JwZmphdUtCZ3BWS2xGUU8wM2xDMnoxalJvMnFDUDBKWHZ0MFFOSXdqNk90T1RTd0xJTEJWWjlhSXhaUVotci1zWk9LMVRlbzZxcER4cWNtekxsUlhWb1Y4ZjRXSWRWTjVTTEFvQ09yQW9SSDBjZzJsMkEtZVo1T3BxUldteXBiaWFpQjdHWWk?oc=5
PG,2018-10-19,P&G CFO on quarterly earnings and growth,CNBC,https://news.google.com/rss/articles/CBMiigFBVV95cUxOV1dZWHFJU2NfaEtBUHFobDFOTDNYZkx2VXFWdGtNOUZWLTdsWVpfZjNRcmpOMzBCb3FXNG5mWVNZaC0yWERmaWY4c2lCdy1ocnpLZ2tLNDZab1hsd3ZlQjlBS1BnSExPZmh6eXBCN3RSWXlIVXhPNFFTYVpfNlZOWEJzZ195MWl1YlE?oc=5
PG,2018-10-22,Another P&Ger hired for key position at Hertz,The Business Journals,https://news.google.com/rss/articles/CBMiqAFBVV95cUxOMFJ5eVFqaEoxVmFjQ0JtSTNELVk5OU5NYmF6S0NaRC1TTmF6LWxyRThaSFk2UldYQUhDckVrN3l1RUtZZkhwZ1g3SWpJYmRDdzgtV2RNREVjaGJGVndhMWVhdkNaZjJGZ0EyUHhOZWZpQjZfWlgxTkNub2tKX1VJR1hxdTQtR2hjaHdDaC1hWkVHLUhqMkJfeklRV0gyejhEZllYLXpNa1Y?oc=5
PG,2018-10-26,3 Consumer Goods Stocks Bucking the Bears,Investopedia,https://news.google.com/rss/articles/CBMifEFVX3lxTE54QWlKT0VHUnFHTGtfd2F0RVZ2aDZ4TGw4WnB0YlQyWXJmYWsxVjZrWnNnbEF6RzAyR25jdlMyZGNSZmFtVURPNldrTHFEYkd5dWVHYkxmRmhqd3B5aVNORFExOGxfNU9tUExtbU4tbEYtV2hHSjh1b2FVOXc?oc=5
PG,2018-11-14,7 Highest-Yielding Dow Dividend Stocks,Kiplinger,https://news.google.com/rss/articles/CBMiqAFBVV95cUxNajBPeU9lcFlYVV9oUTl0Qm44SVhvU0lRa0g3TkZ0cnJ1c1lJQ1RPXzdfUUNkN3FyZktWUlQtcXdTbDZsMzU0SVJDSWp4dU1kNGkwSFhSR3RnQ0N4eHBFSjV6eHFnMlQ4Q0NzU2J1MVd5MVZzcjBpeWNLX1JDSjI4TjU3bDZYLXU2b2VUVUllb3ZpOEYzaFZRMm1ydkJ6Z2RkZWtDTGdhVWs?oc=5
PG,2018-11-26,Nelson Peltz: The Investor That Tripped on GE & P&G,Fortune,https://news.google.com/rss/articles/CBMiZ0FVX3lxTE5XT3Vib0RrS01xUkxtTDRtd3VuR1lVaGpteFRUUGNiV25GNU5PZ0FqZEJ6VDBJMTJIMG10M3hjblFHcHFpcGNTNndNakVRUTJWTVY3R1NtdWVibmItS21WUWJRM040bW8?oc=5
PG,2018-11-29,"Paul Polman, a ‘Crucial Voice’ for Corporate Responsibility, Steps Down as Unilever C.E.O. (Published 2018)",The New York Times,https://news.google.com/rss/articles/CBMifkFVX3lxTE1EOXdFY1pxSHlSb3J6SGFPREFHLVl5TmdQM0tIUzllenRGTE5nUEJzanNxOHRSRWNVMHFld25FejlyWlhfZ3FGVms1TXdJaUFtQjF6NkYxREtFN1RJMDh3d0hBQktyU1hhcUlCZFNTbEJiZENNcXF4dHpYQWtjdw?oc=5
PG,2018-12-05,Why Church & Dwight Stock Rose 11% Last Month,The Motley Fool,https://news.google.com/rss/articles/CBMikwFBVV95cUxNYnVWV0twcS02YnlfNGhqdG1heGMtTjM2bkdNY2E2WTNZeGNTM3Z2a0FEamtOZ0tUbFVqdDdfZlctM3lMT0ZoWUFSSE4yVU52eHVXUnVmMUJsYTgzN0FSb0hTUzkxOXNNejF4TjlaWWRLeldUWV9PT296T3hnSVpuQVpjckxWVHYxaGc4bjJpc2xWNVE?oc=5
PG,2018-12-11,12 Stocks You Should Never Sell,Kiplinger,https://news.google.com/rss/articles/CBMilAFBVV95cUxONkx2Vkw1Y21aNjJXM054a0dESlVQQW5hbXdGdWp1V2lFYlBrM1VPcExUenpPNkRsZkpnMzRxMWN3WnY3ZG1VYU5BdEtOV1JuT0Y5dGFNQk9vbnNRNm1aNTEwU1NZRTltSTFENTNZSkI3NkE2WXVnMC10UmVEYXlsdU9hQ183Z042VGFkWGl2cnBxVkx5?oc=5
PG,2018-12-13,Wall Street Buys Stock in Sherrod Brown,freebeacon.com,https://news.google.com/rss/articles/CBMifEFVX3lxTE9KVl8xY2xpZzNtQTdGbDkwaVQ4UnJiellwMTBUdnhBUklxUGdpd1VlSkxoYjN1a0RUT1NIOW1JaHRzRDNDVy1iSmZBVnphalFFcmpSWV94c3g3czBxUFhIUV84TzB1aWd4MUhUR1dKVnBidm05WkJRNi1CUTg?oc=5
PG,2018-12-28,Procter & Gamble Stock Survived a Brutal Year for Consumer Staples,Barron's,https://news.google.com/rss/articles/CBMif0FVX3lxTE43X1JvM2szcVF4djQxWWZJRXlmYkJROVlpRTNyUUZRdjRxWUdqNWItR3JrWmxibTRna0NEcHBGOU9FaE5tSnVOWERTclNxTE1XS0twQjdhM3dyWGZ2UEx5bmhxTklSNko2eHJlQzByOWhjSWt6WWdkVldFTnhWZDA?oc=5
PG,2018-12-30,Stock Market Power Rankings: Dreaming of an Amazon Christmas,The Motley Fool,https://news.google.com/rss/articles/CBMinAFBVV95cUxNT3VFbEpydkE3WTFsUDItblh4SW1EbC1Cc0lpS1lvTzdGbTd2VkRsSUpralRQRl9Qd29TMnVfYkhxM0Q1alJISGwwV0prTG0wNWw1U2p6VjcxamNQQnJEN19BRzBBME5xajF2eUVENHFWSmVsX0pzWm9fUFhDUk5taHNhRVJNZDcta0ZmX05YeEgzOEtZZkxsMkY2SDA?oc=5
PG,2019-01-14,Why Coty Stock Lost 67% Last Year,The Motley Fool,https://news.google.com/rss/articles/CBMihgFBVV95cUxNb0tnUmFiT2REendQYm5xWGh2NDhHRnpfSjRSRkx2R3JXLThybkw3ZXpEQlRqVEo1eWZSbURNUktpQ29RcV8zakp1MGpTVFY4QU05TjItaS1iYVUxbUZZTUJfb0FFckJITTJZdkd2VnQ4ZVBDQVFiVlhtc2FyS1Q5bW5fZmhjdw?oc=5
PG,2019-01-14,Gillette’s new ad isn’t about shaving. It’s about men in the age of #metoo,CNN,https://news.google.com/rss/articles/CBMicEFVX3lxTFBad3pKZGVGYll2d3Rxa3hVbWdQNWhNT2FNRmRXLXhxeHhOZVVBYW4zQW1JWXdrYlU0cmtaMzM3S0M1SGJrOGc1MTRKVjM2MWU1TllpZEdaTEZ2OFVzMlVLM2ZJdG9laFVJejFDZTRLWlM?oc=5
PG,2019-01-16,What that Gillette ad says about the trend in woke advertising,CNN,https://news.google.com/rss/articles/CBMiggFBVV95cUxQVkZSc1B0MzBqN3N4Z1BHLXlNdHhrS21rd1hjMko4QUZ2OVJuM0tCcUdReW5NVmU2cVgwVGRpOEc2cVNsZmpBODhYbENsU1I0cTZFVzg1bEd0Zzd2Z3BTVDE0UjM1VThVYXhzeGtPdnJldnhpQjlsOU9RcVdrbnJTdjJ3?oc=5
PG,2019-01-22,"Yes, Warren Buffett Really Owns 7 Of Your Favorite Companies",Forbes,https://news.google.com/rss/articles/CBMilgFBVV95cUxOM2tLcGxNaU9URm9uWHc5Zm5xcmRiWEx2UXQtT1oyclB0ZXJwTVpWMWR1NHBZYjF0RlF0cmFfNndLTURndnlpMTdhMU1nMW82UWR6TmIxbGtmZnU4RFZPdW1DWTJNNGVwTE83UVZjYWc2SGx5U3hlSzVMNnhfdWNoQkdiVDMwSy02eHZPbjFQSzZKZVBvNEE?oc=5
PG,2019-01-23,Gillette says it’s satisfied with sales after controversial ad,CNN,https://news.google.com/rss/articles/CBMikAFBVV95cUxOMkRwa3BtVGhYMnZWYkYzZi1yOUJHUVVsMXZSZFpJSWJQV1hHb2NsU01uYVBFWmVPYS1rbklPQ1dRaXJ1OHBIZjQ5VWQzcDA2NFZDekFJU1B0UXNoSHNoQjNiQmVvS21kbGtnc0lIRU5JN0N0VVdGMDdHY3JrWVRwS3owTG5ldHBLaE8tc0RjY1U?oc=5
PG,2019-01-23,P&G Stock Is Rising Because Earnings and Execution Keep Improving,Barron's,https://news.google.com/rss/articles/CBMimwFBVV95cUxOVmZITl9PVnc0Y0ZXSXpDRVdScmFCeGxaMWFLeGpPNThWc0NyODVQVTdRVm1QWFlMOVd3ZnZQTlNKeW9Md1lYeXJlS0xvWjhsa3ZmM1UyTE1ja0RJQ3RNa0cwaWRwc3N4MTJpT2d3c3hoWGg3VDlOS0R1ZWF1dmRDczEyUUp1alo5SGdmZjQ5VEV6TkxsaVZPRnVsRQ?oc=5
PG,2019-01-24,"Would you buy ice cream, mouthwash and shampoo in reusable containers? This company hopes so",MarketWatch,https://news.google.com/rss/articles/CBMi6gFBVV95cUxQNlUxWXNRYUM2a0dNRmRYVm5iUGZJWWhHT2hpZm5ZUkdGSmZ0aTc5QnhvZG5IeFMyN3JGNGxmX0JqNUpwdHV5UkthbnZ6eVJwcXhFMEJVRUh6ekp1VlZtTlJQSnRaVllmUWotejZMQlRmWXN0WkUxam5QOVpkemFhMVpzcjQ2M0dqRGNFUV85Q2wydFFxVjRjdkJpREt0Q2hmWnRiMjlZSHA0WjdXd0VseEMwcW5NWFM4aVE0eHlod0VoV0ptY0dzWHRQODBTcnVaTnAwV3dRc3pQYmNDYTEtX256WGJ2QmxOMWc?oc=5
PG,2019-01-24,"P&G launches reusable packaging, joins new e-commerce site (Video)",The Business Journals,https://news.google.com/rss/articles/CBMipgFBVV95cUxOcWtha0o1a21CX1JiLXRzN1YzZ0VzUXc5QmptRUIyNmUzcFl6Q1lGTWVEOGdmZVI5Z19Cc1B1WE83Y3JJQnR6NzdlWV9IUzZmQ3I2QndLQkVoRUxJRkVBSzg5V3AyY3dET0sxOElsREpSMWtwS1dzb0lYbmd5T0l5bmc4YkhYeE94QTZldGJmNmo3NzhMQ3dhcVd3YTNOS0JYS29pc0l3?oc=5
PG,2019-02-07,Is Starbucks an Expensive Stock?,The Motley Fool,https://news.google.com/rss/articles/CBMihAFBVV95cUxPUHdWaVlxQVNBdC0yYmYtVkJwa0NpN19oWmp2bWZwZ0hGRDJ1NGs5TmVYQ0JBdlpYbmtEUU9TUnZlLUJwMHh0cVJpRWlBenpvVEt2QmFsUm5Ra2xYWVVRV0JXSS16ZWpBelBhVXptRXJvdVhsOURxd2lnUGUyXzBhRHo5d2o?oc=5
PG,2019-02-07,Publicis shares crash by more than 10% after creative agencies slump,PRWeek,https://news.google.com/rss/articles/CBMikAFBVV95cUxPU0dhbTdGMGNoR1FON2g0WUY3b2IwZXdJTkZqcnZONFp1ajk0Y0Y0Nno3dThlZWdsUTVmM0EyVEl1SzFlYXNYZVJSRUdRQnc0MzRkeWVVcExXSVJNelp0cGp0VklhMTBYYzZBd2JDUHFWNjdvN1FITmotZFl4NGxTcWU0bEowbmh3RXhCQzN2MWI?oc=5
PG,2019-02-15,3 Top Large-Cap Stocks to Buy in February,The Motley Fool,https://news.google.com/rss/articles/CBMikgFBVV95cUxNbWNZbk1mbXc4RFA0WVMxQnpGXzhxSHJNODlVaDIyVkdWNmthRkpmQjFVbFl2YnhwNTZyc0RIWndweDV4M3hOdkVDQmI1TDdiOE93STFQNUhxc0RyU2o2M010U3cxeTVjcERkdVFMTld4d2lOMC1pTjdERVpPRUxhdUt5WWRhZzgzemlrQWVtTFlJUQ?oc=5
PG,2019-02-15,Nelson Peltz’s Trian Fund Management Sells $120 Million in Procter & Gamble Stock,Barron's,https://news.google.com/rss/articles/CBMilgFBVV95cUxQMWFNalpfVmpXcER3bG1EX2hiQ1BVZFpNSWxMMEZrUGR6b0w3T3FGeGNHVE5uWXRaMExoUFRtY2swZDBMWlBvSG1iZzNmaEhTRjJwckdNQzAxWFhXOGQxaEJXV0QwQkhUdjQtVGVPU2Fsam51UURodHdHN1ZhV3ZQS3NPUGFlQUs1RmZFUVRKSTlRR1d0bkE?oc=5
PG,2019-02-18,Will P&G stock split again soon?,Cincinnati Enquirer,https://news.google.com/rss/articles/CBMikwFBVV95cUxNdjlGWk11bVJNNWJFS1NrakNaMy1rOGlMVUU4UVVqdnhkM1NWRV9GdkVuVUtOT0xQYmU4VTlZSHh3RE1qeXI3SnpwYkRoMkRDSGJWVVBfc0tfQjE4X0p6SGg0Y3FPRnFsVDJ0MnZkUF8taElCRE5kUHliUEdBOEFublVreG5JRTQ3Q0x4d2dNRWF1VzA?oc=5
PG,2019-02-18,Nelson Peltz sells $120 million in Procter & Gamble stock,WCPO 9 News,https://news.google.com/rss/articles/CBMiowFBVV95cUxPNUprM2Z6WGZQQ05QN2tlMVp2S1pVaG01alJvX2xNWHdmQXhCalJ0Z2xwbkhDbk43ZVd5RDRIblRqZ3BsaE9VcUs3c24wMWw4dy1Yd3ZQYUR0MU45RkcxOVhuZnoydjluTUFmdHBUbWI2ejIxcTVSaTJLRkl6bzlwYkZINHpuNVYtQVQwWTFWb09XOEhDTlRUeTN3b1pfWG82Mjk0?oc=5
PG,2019-03-03,These 3 Stocks Are Due for a Dividend Increase,The Motley Fool,https://news.google.com/rss/articles/CBMimAFBVV95cUxPWkpRd0p1TkxTVWpZd1BRZkpnckQzaGFxVTRlMDVLOFlJS0VlNTgtQmlkTTJ4OS0xTWhhNkxCU3d0OE00cFNyLVFCNDh2T2JSb2huUzBHUDR4LWlqN0hyVE5xamk1Qm95UHh4cDVJMThhSzF2NUUzaGE3WkR5TFY5ME9IemVuam85dVNCREx0Q2hpczF1T3poeg?oc=5
PG,2019-03-06,"Kroger stock could rise 30 percent, analyst says",The Business Journals,https://news.google.com/rss/articles/CBMiqwFBVV95cUxQTzRHa3M2eUd3X2pjT3pJRmZIb2h1VmEtZzdtVVk1dVpjblo3Z3dWZ0lmZk84bTEwZmhEelRjejBfclFtSXd4RW56TzFkWlBESWRqUVIzeHNfaGZZMTVWcllCVUtsekNIQmdLWloybWk0SDV6M3RtSldYek42bE9vN1RzMHo0TzczWnZOcFQ0eUhPQWxXekdHLUZzRlhTQlI0ZFp3UmExc2FMSDA?oc=5
PG,2019-03-09,How 10-year bull market transformed the most valuable U.S. stocks,CBS News,https://news.google.com/rss/articles/CBMimgFBVV95cUxPTTJFRmdMUEoybHF5VWZwbk5EOS1fWFVFU0NSd2MxOVN0Rkg3TmsyU0NJU1JPMHNRZEdub18wYjBlSHNZOVRkb0xsZ0dxOFltUjlqcDF3UGxicUo3YWZvYmxIa0UyZEFwWXpNdWpZWVM1OVVyOTRQekFyMlp0eUNaUVBpQktTRkJ6S3lzcGNXTkJsUmpHRDZ1eWJB0gGfAUFVX3lxTFBqYVJUb3FnRzFJS2YwclBpMWlDZ18tUVIyQkV1TThCeWF1M01jOTI3UGFjS3llTndNbWY2RzNWQ3pvMGU1LU5Ga2FrWXI0ZkIxTURVanpsemZiVE5JREhtQklxYUpDZnFIaDlFM1VCUEpLaDVpTi0tbWVHeFBmWk40OFJPS0tzbUdYc3FzVy1QRGJaTWlWTWxCdU42TGsxOA?oc=5
PG,2019-03-13,Aurora Cannabis shares jump after U.S. billionaire Peltz named as advisor,CBC,https://news.google.com/rss/articles/CBMie0FVX3lxTE9uWklQcDZMZE1RZWlNSndhLTgteFQzZk0xYlZySFBDdmFScGc3Tlo1ZkJPaXFrNUR1OE5EMktUVVBpcXp6S1hTQndRMEFfdGpScnBkVmUwWWo3NVBpWUZKZHVXMGhiQkJUWUVVNkJfaWE3Q0VCSWVPeldkNA?oc=5
PG,2019-03-17,Aurora Cannabis soars on news it’s hiring hedge-fund manager Nelson Peltz as adviser,MarketWatch,https://news.google.com/rss/articles/CBMi2AFBVV95cUxOTVRqSkJFNk9oaUNaSERjWTFqUmMwdTFaMTZWbjNTdEJOcWJISG5lYVJFYjFua3ZBb3M3UXF3Uk1HQ2VudmFCT2p4dm1CUTJDNm9kU2VTSUk2WlFmVGoyem9Sb21hR2RkeHRIQTlOQ0JOQklGcFZweGpTc2tfanJNSlFvb0dzVzlteDJKSXRlTm9qelBxU1BacndxNWp0OWxLQ19xVXBycVZ2MG42dlVPcHdhSmJCM2NOZDhQREFqQ1JpUVBTOWc5dVpTLTZtLUpTN0wyLXVNWDI?oc=5
PG,2019-03-24,Better Buy: Procter & Gamble vs. Kimberly-Clark,Yahoo Finance,https://news.google.com/rss/articles/CBMif0FVX3lxTE8xZHdseXZjVkFFZ3RwdmRBT3c3Vk83VXpOM1pSSkpCYTV0cEp1Q3Vaa1VHbVprT3JpMW9OeHVBVnl4dHlBR2dod0gxaV9xYUdSeUdsOFpWYVV2ckJfYmVMQndCdFFqem1meF9YSEtFTjhZUTd6SG9hcDExaXJOTHM?oc=5
PG,2019-03-28,Know the Downside of Holding Blue-Chip Stocks,U.S. News Money,https://news.google.com/rss/articles/CBMivgFBVV95cUxORDgtUEFzZml6d0tnQTVIZXI5TzRFQzhkdGFVRlV6QkxWTzRNbVIzallKTnFOeHRPOGV5RGQtYkJ0TTduY2hkb1QzcUxWVEt3NUlVc1BVLVBEV0hMX0U0V1dWWlFBNHE1bFA0Tmc2azRVVHJyWkJqczQ2ekd4ZmVvQWdPdk45QXUxb1BSdklQN2x2T1FSREY4SldrZldzZEpMMVJLeEppRFRXYkVjUkJ3T19JMmw5ejJhbUVCczhn?oc=5
PG,2019-03-28,Senator Sheldon Whitehouse Bought AT&T Stock and Sold Facebook,Barron's,https://news.google.com/rss/articles/CBMif0FVX3lxTE9ZZVlUdEZ4Rk1tNmV6ZXNFaFdLd2R6TkkyWFREc2FRZnNRd0RoUHY2NjBuampMNUhMWnBiT1pRdzQ2cWMxU2lBNjF4RDlURWdXVmFUclBLTDg1cHNqMU1KR2hqSy1UNnpvUk1qOGZEaWtoaGx3VUtHdkk2M2dyZkU?oc=5
PG,2019-03-29,Gillette parent P&G settles lawsuit with Unilever's Dollar Shave Club,The Business Journals,https://news.google.com/rss/articles/CBMiqAFBVV95cUxOSG5MQXkzRWltTFo4QUMwWFo1a3dXVnhrWTJXSmVzRDI4MW1QN3dMdFlUTEtmYW5fclExMF9Remk0S05SV3FVTUthNUZ0YTVfNmViamlJS2JjTGtGWG1KOUpKeUdSVjh5SnUwejAyZTFuUl9FQlZTUUh6emlTRzczVnloMk1ZOEx1bmNIMEhnVjNQTXZWVkxfYjVHMVhIZUN4NDlua1pwaGQ?oc=5
PG,2019-04-01,"Why Aren’t Millennials ‘Killing’ Cleaning Products, Too?",Thrive Global,https://news.google.com/rss/articles/CBMikAFBVV95cUxOb0kwd3dhLXpob2VTUm1LQm9aeXotQ3NsMHhHWjJlOThHb2Z5SWE5cVdSRHBxWnVQVWc5SkVJd1hEVEJ4a3I2b2FURS0tNi1fNjIwdVdGQ0J0UGZKYmtFR1dZSGxmQU8wVW45UEx3U25aLVNLeXpxaVpTTkhNd1JGXzJzYVVxNU5kb01qcmJCdEs?oc=5
PG,2019-04-13,Big Firms Can't Innovate: How P&G Ventures Is Dispelling The Myth,Forbes,https://news.google.com/rss/articles/CBMiqwFBVV95cUxOUkVETnVjMWhFcWRUVEZ0UExsTnMyMTJlMjBzSGw0NTF6dGVhaUJ0dURtNThDVzQwMVp4eWg4QW9jN2xlSjFiXzVrSU9HaDg0ZEx1N1ZyMWV6TjRFZUtKRXFxdEdHUU5BY0RHTHhBX3pVZkxlbzVOYUVFakRtb284Qm1yNEpWNWVRZ3FKNEJuRXBncnN4dGtaMVJyWmh5MHc4b0hqSTV1clBvRzA?oc=5
PG,2019-04-22,Procter & Gamble Reports Earnings Today. Here’s What to Expect.,Barron's,https://news.google.com/rss/articles/CBMiggFBVV95cUxNUTRWNTRwUm55OVBtakM5dFFsZ001Q1QtNXJrVDNWU2RyTEdMWUp0M0pDVzk1dnFkbk9NanJVR1ZjY1FwMjcxbzdJWDVSXzFhYXh6aHVoUVF4R0w2eWlHTjlUSVZoVUtubXRaMGd0TmFURHNjd3N1QUpCUE5QSzAyUGl3?oc=5
PG,2019-04-24,Don’t Blame My Toxic Masculinity for Gillette’s Woes,Barron's,https://news.google.com/rss/articles/CBMigwFBVV95cUxQNDAzZXZBMXBGNWRiam95SVRkVWpXU3l3MENUdEhNcTdENGItWlpENnkzYXNuY1gxX3FWdk45aVE4NDNGOTVzMTc5bGN0TEVQZy1VV3JCN3VzbFRud29zalpVTUttMmRZVmlxaE5NZ3g0eGp5TnFTU2tVSU1FUllILXp4bw?oc=5
PG,2019-04-25,"Sonali Dhawan, Ashni Biyani, Sarvita Sethi: ET Women Ahead List Is A Power-Packed One",The Economic Times,https://news.google.com/rss/articles/CBMiiAJBVV95cUxNazRoWUxmNjE1UVFubUItVms0ZThaamZ0QjFpU3UzaDdvMVVJQjZiZS1mT0FWWHkwTTVvcENOTTF3Nmo1czgwdDg2ZXNSWGJlVzNRX1RmNmZ4NXREaE43VzVwaVNrOVJ3Nk9WTU93T3lBeFBuNThjLWIyb3JQR015bk43dENpZG1BTVoxejh5Tm1yR0ktWG13WGVLMXJuZTQ0SUdMalE0R1paakNoaXJ5TmZtbWZpV3poejhwRm9uRmFTZFJQTXdMekpRR2NWS3Vic0NLeExqYTFDNzVOazVxR01SUWF5VkhubEVvcFN6WWlaMkRHeC1GcjJPNm5FMHRvRzZicUx3NWw?oc=5
PG,2019-05-07,Drug firm Merck Ltd renamed as Procter & Gamble Health Ltd,Moneycontrol.com,https://news.google.com/rss/articles/CBMivwFBVV95cUxPUEROVVIyWTc0MTlGazRaTm5FN3ZBQW91Ui1wWm8zTUdaQzJUa1d4eGtHOHVjSU1sR1R6UGF1cTlZNjBweVRzai1rYy1QajMxR2lDRHdLVTNqQ043dzJicFY0dXF1Y3hxVm5RTE5aaE5zYVEydnoyR3JweFNuaDJ6VWdEMjE3eUNFSUdDTWxlY0plX3R5eFg1aWdmVVppLWFRU3A4RG1vRzhjdjNmRDNma0JnWEFWQy1IVnZaMHpzc9IBxAFBVV95cUxOOTlGNUw3aHNFZ215WUZCOEhHdHJDS1dpLW1vaDJpbWo2ZWl4dGotZ0JZV2xmN1c4TXgtMmRkVWZFYThsVTBfbng1WGR2UUpwVGlMWFFGTkc1RXZuRlgzc19QMlBLYmJaT0NlUnlETlVSVnF4bm5jQjZERDc4aXlzWXl3TGdkNTlVQ205bU5XaVN6OTMzOTdONUFmYzRTQWg2MW9HU0l0cS1CYlBsaFo0M2RFYVVPd2h5a0hUWW9zY3FoRTBU?oc=5
PG,2019-05-09,Shaving upstart Harry's is selling for $1.37 billion to the company that owns Schick razors,CNBC,https://news.google.com/rss/articles/CBMiogFBVV95cUxOM1oxU2xZLTJIRkdvNkR0aUIwam02QV83V294VjRUaVQxOEptNGRTTFFNdEJFY2FDdHJBQ2dVLUNycTRhTGN5V0Z0TFhBUE0ycUZlRnlaMjZvTEswTGs4cEtsSjVXd05fUlZ5bVV0bmVWSkFTSm9kWDBFQTBkZU83eWRSWW54TlRQd3A4SzU4SGx3SEVxZ1NsR0JBeWFlZ05GdkHSAacBQVVfeXFMTW5Oby1ta3R6Nl9QaW5kV0gtcVdkX0NyT2VyZGFYRjJPZmN5czRiNzBTQnJHVVE1Q3NIc0hqSUo1RVRyY3BUeWpJT2ZZMHIwb3ItMHZLNUU1VkNjakw2Q3V4bl9ha192YXo4dTdTYjJCQjFOLUV1NjhwS3Noc0xRVXI1c085bVRoMFJkNnhlTDZWNTNSZDhfRWw0QXlDZE5zZHdxNjJzb1U?oc=5
PG,2019-05-10,P&G Stock Could Slip as Rival Razor Makers Combine,Barron's,https://news.google.com/rss/articles/CBMiiwFBVV95cUxQMU1OS19rSGdhSURRaklHRVNleE91UFd4aWtjbng0MENUakt5WVQ2aWo3eFk1ZjZVazhzQnJLbGU3b001cW5OdE1LUDZfNTFUSDlCa29CTl9IMWtQUGNVZDA2R2VXSGVMakx0RGppLWVwcW5jVHpld0J4blZVMW8xbnJmN1N5ZzUzVXJr?oc=5
PG,2019-05-17,"Other Barks & Bites for Friday, May 17: Trump Bans Huawei, Alibaba Shows Improved Brand Protection and China Revises Copyright Law",IPWatchdog.com,https://news.google.com/rss/articles/CBMi3wFBVV95cUxOb2VyOW5FYlZYWDdCOUt1SzFCbjJySEY1Y180R1FMYVZaLWtUV0RkRnFxUjZBdGlpcHZXUGdTQlJqSUlhZEgtWUNYSl9GX3NXZWhEZHhqbThBNmh3RkQ3Qm5QLTBJLUxiRkRUWHF4cXJtdXZsMXloeXlvc3lRYjYzcmlCa3d4UjItNEFSb0ZMTWF4amFqYVdyVkdTSnd6M1FRMVpsSTNGVEx1ZFBMTTlnalIzYjZoMlA0VUo5cXpxYnRpTktSRGZrNDFuakstYV9tT2dBYWRZSjd2d0JjbTM4?oc=5
PG,2019-05-18,Is Vanguard Dividend Appreciation ETF a Buy?,The Motley Fool,https://news.google.com/rss/articles/CBMilAFBVV95cUxPemZQMHRvYVlXRDBUdVV1X1NiV3JCMHNtcV9sREI3WFRoZ0NXOFFiWkd6UjNmZjdoNG1lNVB5cmVxRFZsMlRNblFHbUNlSjcyR2RBOXlSUVFTRXpZV0hNZXExa2JVZmFjNld3aTNOLTU1dEZNZE5PS2Q1RGU1NkdPZlVsMGNtZ1lqUS1RaE83bzh2dVVW?oc=5
PG,2019-05-21,Procter & Gamble shares spike in surprise profits boost,cityam.com,https://news.google.com/rss/articles/CBMif0FVX3lxTE9YMHp4dVloaTdfc0NrRjN1cHZDQVp6Qm5QcU42RjhYcVA2SzBEelhXcXNaY1FWei13SkgxWjl0RV9iRzlSc21XSzRnZnUxbzVaOVg1NjVLZkJQdXctZXJ3M1ozX19xbmRhTjFOcjEwTnR5eGd4eDBSS0JUbGN4T2c?oc=5
PG,2019-05-23,Mr. Wonderful's Top 10 Dividend Stocks,Forbes,https://news.google.com/rss/articles/CBMikAFBVV95cUxQeFV2MzZ4UmRGTnNYa3pPNlJYcnU2YUdIM0t0YnI0ODkwdmxnUnp2SWxpemo3bGR2VUxJRnBFTGxzdmV0ZEZmU3c0Wml0cWNFdjk3WGV2RGZBUTZFUUdheDNqdFJNeFhYZjRBYVlSYTNoR3RDdXI5a0ZIV1FqMmEzdjJqVWVhNUtnZFBOOEtENFY?oc=5
PG,2019-05-28,13 Blue-Chip Stocks to Buy on the Next Dip,Kiplinger,https://news.google.com/rss/articles/CBMipwFBVV95cUxNMjBQeGRSMzVyVVV2aFpjbEoxLTlzRk1LWmVCd24xNUhveURIX1U4ZEVVTE9lR0xCanFoSy1icnFSUkN2NlR5SE9QU2JGZklLc3BLRzY4SjBncVpjQmZPUnRUNjgwUTU2NUZRaEpJbFNGS2JMUFVQREhoZVRoWUpINURPQTlwQVlFVEVoWnVST2RQdTZkU04wNFVQTWFIdTl5X1hUVmdVVQ?oc=5
PG,2019-05-30,5 of the top-rated equity fund managers in the US share their blueprints for consistently crushing the market — and the best ways to replicate their success,Business Insider,https://news.google.com/rss/articles/CBMikwFBVV95cUxPQUxyRkxMZ1JORnV4dlFjZVl4dWxQQWowWUltdGVjMVctbTJ2cWxyWWVjWlhGLU1qVjdYeTBrWU5pZnRYdlVVeURrUTIyUHVqNTZvYmllVkMzT1RxMlNmOVFhY2tUMU4tMzBmaV9JU3AxeEVmMkdaLVV4UUZ5VnFrX3dHaDVFZWFCbXZMQUYtQTlKYUk?oc=5
PG,2019-05-31,"This US ad tech company is cracking into the Chinese market, and Wall Street loves it",CNBC,https://news.google.com/rss/articles/CBMinAFBVV95cUxNQURJcC1vUjJfWnJSVVJsWjVEUmV4UDlNUmZpQ2FPQUxOZ1dRUnFLY0VRSVFEbXgxdE43Ul9RNV9hVloxR1VYbFlINUwybXEwbURod3Q2dll2YzFDQm0zNXcwam92YkRMVGM0NElWaEdhcDZoYVZwa2dMTjZaQ3dzYUlxdDloM0I3ZGdwZmtJVmVMbThhZzdwWmotY1HSAaIBQVVfeXFMTUVKNEZMMVl1d0RPMEdRR2cwSm4zRlpOLUxfNEJTRWotRlNyTmdXeGpqcnh6LV9KLTYxX0pTejVpS3d4X1pvX0M5Vzc2SjI1LWhfN3c3MEJHX1ZNZER2eGRHRXB1RDQtN25GLTZTb0RGbXVQWWQxU3NpaU9VbDF1VHFaVm40S3J5ZnZpSWdxTm51QWRaNTJrMEN0LTZ2N2JTVzdn?oc=5
PG,2019-05-31,BJP chief strategist Amit Shah no novice in market intelligence,The New Indian Express,https://news.google.com/rss/articles/CBMixgFBVV95cUxPRi1Dek5zNUlOWmMzTFM1QXlsd1lRQ3dsNVU5RW5sMkhFaWZsa0llM0lfS05wVFZlcDJsSU12SUsxMVNoNWpRRzQxTkdIdGJNSUxUU0s3TU9UNnpGMXhDT2pEclkzNDFDNWF4QUM4MVdUa2FRdlAxR1lZSGlyZml4ZjViWklGa2s2VWZvV1Q4ek1mcUVCMXFabXF6cUVRM3hLLXlEVUpuS1Btb0JsZFpHdGZBZTNaemdrV2tDRko4YVU3NmxKb2fSAdMBQVVfeXFMTy1aZVBMSEQwSlRCVWFqdG1DYjlWSjFyaUxodEJQRVlES0h3cU9SMHhaTUZlMDFqcmFtN290SDlHT3p5SmZzNnFCMW01TnJWbzNpU2h6aDVfU3VmT2xLU3JEMy1zWWR0QXhzaGJ2dDJmRFZ0a3B6cHdpVHFKSFlRRVEwREdzLVh5azR6dTNsUlN4MkFjVXBYTF9zTldEeWx3UXRwNG5EdVBNYWMzMmJJdWZJRmhNUUx3VjNrNGpsRDBrYVhGdnZxUjRMdzVDcW9xWWtJdw?oc=5
PG,2019-06-08,Ralph Lauren’s Children Are Selling the Company’s Stock in a Big Way,Barron's,https://news.google.com/rss/articles/CBMigwFBVV95cUxNNjNQY05HZ0dwVmNJa3ByN3Jqdk9QVHRRVDUtZGVtQ0JUaTNzR0tXcUpvdUl6ajR1VmxqcmN1dGJDSkdPNnFMX2RjblJieVpoQ1o1a3ctSVNoZTZVUVlraWtOMUtGNGFfUzN0Q1hZWVFxM3FSOXhySnBnSXNZUGFBQ3BvNA?oc=5
PG,2019-06-14,"The Nondurable Goods Industry: Comparing the cultures of Coca-Cola, Pepsi, Nike, Nestle, and Proctor & Gamble",Comparably,https://news.google.com/rss/articles/CBMi0AFBVV95cUxNQTlOWmxSdWpTNXp0SUxMbkNIdElZMTk5ek9QVE92amZxTkxJNUk1SFMyeGd1UzE4YmtWQ3hnMVdDd255MkxlOG9vdmxRdVZuT3JYcUNFTHlCU0k0ckZ4SkxUdEl1TE9ydkRRbUlzYmxtekVPaHFscERHNDQ2WXp2TXRmbVRNMHByODhvVmpvb0ZzT0Rnczhnem5pYTl1MDRaUUNRSGhpVkxHSE5mQ0lSWGZJYUFPWGhURk1kVG8xQ0U0QmJrQWM3OXNYTUVBcUVH?oc=5
PG,2019-06-16,What Is the Dow Jones Industrial Average?,ThoughtCo,https://news.google.com/rss/articles/CBMigAFBVV95cUxOR2xoajN3anhYT2pjM1REOVhndmFFSjNhUUhvM0dUajYtZHFJOWFydFI5WTF6Wmt3QzRoamNOSmtQcVlxZndKbEpKVkY0Yi1zUTFVVUpKak9sQ0oyTXQyTGpHU0V4UUJVdUQzaXE0Q0ZwdmJBaGxrTUxCbzZEaGw5Nw?oc=5
PG,2019-06-20,5 ETFs to Protect Against the Market’s Wild Swings,Investopedia,https://news.google.com/rss/articles/CBMikAFBVV95cUxNaVBrTi0zVGc0cjdzeGxOcmN6RG1JWHhwanRvR2twUjhqeW1QaGxmZ2FzcTBrc0g2dmVVUTZSZDlpMm93eGcwSGpLMEV3R2lySkE1Ti03ZnEwQzRYd1VleVV1bTZEZkR3S3FHTlhqMzFVVjNTZmhPSDAzMEpWYUtyY19pd1daaWRDMDJ5YzBYNkY?oc=5
PG,2019-06-20,John Legend Unveils New Partnership with P&G at Cannes Lions Festival!,Just Jared,https://news.google.com/rss/articles/CBMiqgFBVV95cUxNUmIwUlNpYThjUEZaYzNYTHhYSmVQdDRKczJ1SDBrZ0huRkNZRkJ4b2x1UEgtNGw0QTBLRlJ2RUVnRTdSdFlhQlFpdkJVNW5mZmhqbnlFdnhjanFYVmRILTRrWS1xQlZSV3JaSE5DRHNwVDFNUXdPbEZjbnJQdzl2OFE1NW0xYnZGd0c0MFlNX0xtRFVtWTE3T2pQUW1sUnpacEVHSW1uMjZLdw?oc=5
PG,2019-06-21,What Would Cincinnati Be Without P&G?,Cincinnati Magazine,https://news.google.com/rss/articles/CBMihgFBVV95cUxQOXhIYlJJSE81M3ZRVzBrd01PRHNuYnlZam9WN0RoOXdGNXU0bHNhWTNlNVdwOUdvLXQtNE9sWXNzeUJvVDF0Z3lrVUNZdzI1WmZDd19CUG5Oc2pSc2huRmVEdF9tbzNoRTFmMkNyXzJjN05zU0tFTzB1a0ZVb1c2bTNscUpCdw?oc=5
PG,2019-06-28,"Goldman upgrades Procter & Gamble, predicting a 'double-digit' return",CNBC,https://news.google.com/rss/articles/CBMif0FVX3lxTE9OQnY0VjNXb3M5X2Q0OU1BeUVQY21KRFdFcjZPSFB1Z2d3M25DQkFOY2o4aElaQUdIZFFqVTAzSF9jcWxCTDNfa0VtMGd3SEJlZTNQb1dYa0ZlMEVITUZyMVZac3hLXzVhM1ZnamZ4V3NHY1hITUthTTNJSDRCalXSAYQBQVVfeXFMT3lUeFA5OGNMX3NKMTM1S0o2MDVZdDcyNTdSRWFEdUJRanB3MjRrQTZVLUd4VEJOdW5JRTRhaG5tOUZncldiR0g2NENuNkRLMXNZNVVjUi1Yd3ZmcWZ3eUN6V1pTWmRZNVc4enR3d2VGQktpcWJaVmVqVUEyRHVjSzNuSEVl?oc=5
PG,2019-07-05,Opinion: Kellogg is sitting on a ‘fake meat’ gold mine bigger than Beyond Meat,MarketWatch,https://news.google.com/rss/articles/CBMisgFBVV95cUxNd3AzbDdhZDJBQUFUdEI3c3hzMTRHb0dkN2FVS2tVc1FjcEhDa3VxanVlOXIxUEQzSFhZTmlLV2RsZ3lkN0JWYkJ2SllFSXgtbUNJcVNaZHVRc0ZXU2JWanFodmJPZWJpMDREcGRtTU5IVWUtZ0VLaERXNkI3dFR5TWZHcUF6VldNaHRQWW05NWw0bTdhS0V3cWhrRVNkZ2txN1FHVHhUVGV4b09FRE5XUTln?oc=5
PG,2019-07-08,P&G looks to kid-safe bug spray in a quest to boost sales growth,CNBC,https://news.google.com/rss/articles/CBMiogFBVV95cUxPeWdQcVViZmh2bml2a3pTZmFQNlh0b2NOQ2dIZFYxS0pBOXZfSElWWk0wbGtQRGRjblJ4OUFBNGhILXBTN1dOdnRhWEt2Z1BOZXFscWZGN3N6ck5xLWRMVmdkdWpqZEhZcV9KYmxndkZnejJVSjF4VkVDQzNsTGFESk80RUozS0V2d1RJUUM5R01LdEVpWlROeGFsaE5FREZkSFHSAacBQVVfeXFMTXo4cUdjeWdaUzNiQlZtVjB4NEE2NnZhSzlGN01HTFlpdUd4eEk1TVRfRXBnYnJ0WEFoNjJGcmh4bGtZT0hkRFRJaTczQW5FMmRROWFPako2enFRS1JQS0tJenlxQ2h0UGhSaHpMM3J3MUJnS05wdmFLRUhUX1dDby1GMnBzRTBnUGt1bkhJMjdKYmRFYUxWZ1FrSXUxUkljMDc3ZTJiYzA?oc=5
PG,2019-07-17,The Outrage Economy,Commentary Magazine,https://news.google.com/rss/articles/CBMieEFVX3lxTE1JaTV0aE5yazktaXVFNUhoZUl6MW9fUmVyYzlPVk1xTHRyWVVzUml2VTFDcHUwWHJTc0o2d0UwcDBxaGowZFZSTXk1cHV1UTJfbHp1RUZYVXJOckdZazMtUmxKN2U3NC1HU2p6ODVxcUk0bUotZUJBbw?oc=5
PG,2019-07-29,Procter & Gamble Reports Earnings Tuesday. Here’s What to Expect.,Barron's,https://news.google.com/rss/articles/CBMilgFBVV95cUxNLVJjWFF3NDNublVVMjZtczZxX3BWMWxWbkJIZnR2M1QxQ2xaVUptWnJFMTZEaGdUbW03NEh4WTV6QmROT0xZa1RhMGR5VWhYdEN3MW9GY3hERDdySXdGOEtyTnFvcDRKS1MwcEFpZlgtWTFHUEk2YnFNVmtLNkU2NGg2bUxwbmlWVi05UHJyUkFOYWVMZXc?oc=5
PG,2019-07-30,Procter & Gamble Is Gaining After Earnings Beat and Organic Growth Jumped,Barron's,https://news.google.com/rss/articles/CBMirwFBVV95cUxQQVYwTnRvQ09DV29nZlRzMm9wSDNrU2V4d2FjUlRPLVhTQVIwQ2JXWGJfZVJ6TS1EbkdITnhQa21HTW91cllNbFJYSUMzUFlqMm5ZbW1iNVJJa1NUX3R6TkpjLWE0bDA5TTc4d2lWcFZOMjZLc1J5cGphZ2l2amNZT25ucUVCXzNLeTNCRjZ0ejZUM3E4eGtHTm00QVl4MG1QWVg5cllFcFpLTi1PMncw?oc=5
PG,2019-07-30,Procter & Gamble climbs after reporting its strongest sales growth in more than a decade,Business Insider,https://news.google.com/rss/articles/CBMilAFBVV95cUxOQVRmNzliQlpGVVpZcW5jaktFSnZpOEdmaU1HTGxRRUxTeG9PSWYza212NFR0anl0eldtaTRQdk5SWkVaR1VybEJFM00tdUxNaTc2bUFWYkVxa1pyZTBFanZUdFBKRXVFa1pMS0FNdnFvUG13a1p5RHNGZlp1eldQa010ZV9DeTF6MDlBZWFIVUtyN1J0?oc=5
PG,2019-07-30,Here are the best Dow stocks to buy on the day Fed cuts rates,CNBC,https://news.google.com/rss/articles/CBMinwFBVV95cUxNYkNWZWxXV3piTEgwQW9EYkl4WEp2UVJqbFJHUXJJNW9DVTRNdHdTeEtDeE1mSEg3SnF2Ulp6NkJ3S01JQ1NVTDFHcGxvWmtNdU5udENqS1J3N1VBamVFaXpjZVozZUpwejRLOXlVZ25vb29kams0QXJ6Q1FVOHVtZTN6V1IxSjlzcURVdTZRNFl3dlFHREFWMDFVZFBXdmfSAaQBQVVfeXFMTlRmcFBRN3FkeWhFRlhUVUpNek1qMG5SLU9zUzltWDVZdU9NSmFfYmVGeXgyMFo5QzNlSHgtMnpaZTdQM3hrSER3NGpJMUctNF9OUlJWcXMxU2JCZDhEaXM5WG12U01rc2tlazhkSS1LT2N2QXZ2bVVqMFgyT0JmOE1fNm5zQ081WEtOTmZ6dzQzTGtpVlQ4cUJJazktbXh4NlpSTjM?oc=5
PG,2019-07-30,"P&G posts strong sales, takes $8 bln Gillette writedown",Reuters,https://news.google.com/rss/articles/CBMirAFBVV95cUxQTXQ1TXQyZC1ZSjluSlBqMjJYYld1TVRtcmZ4eXd2QmpkNkRZRUd5dGpyLXE0SGVzcS1IMHdLZXdXZEtKclJNVHRJOEk4RG1IWHA5akNaRTduWXYxZjQzMjJBa3Z2YjRYX3JmSmhGMEREaHpuMWxvMmNGcHJmX1haVFJWMm9RLUZjN1NacjVCeXhCVnBGVVFOekcyTnJIekxzWVZlYmJpUllMemV3?oc=5
PG,2019-08-01,Clorox Stock Is Sliding Because of Fading Sales and a Dim Forecast,Barron's,https://news.google.com/rss/articles/CBMinwFBVV95cUxORkdmNnVwZkNLT1ZSNGE1V3BQdlJyWkd6SHpDdUJRa0hEMkVJUXNCRHdwVDRlM2U4bU1MQkwtVDZiVlpYbFA2Q0dGYUlhdTVRTnI0UnZKUE5uTFZvSTdkYllzTi10TVAwSFNvLXJlRm5PU2oxX3d0cVdkWVdRb1BEUlBwTWZfMHVzQ0g3TGRkOEMtbVdsVTY5dW9DYnF2VDg?oc=5
PG,2019-08-01,Deep cut: $8 billion in value lopped off Gillette,The Boston Globe,https://news.google.com/rss/articles/CBMixgFBVV95cUxOYXV4dWRpNTk2aUZleXlrZG1TbndxelExeWY5OG1JamZGUXQyR3Joa2VSa0tZZzdiY05OVWppLWQzU010X25rUzlVaVZxVTBuNlB0RkUydzNqTmVvcGFZOFB6VHlNOW1YMWxaTEhxYURhTEhnTHBYRkd3dkk4MUN2YnJCbVBBbkplY1NQbm1Fd1lKcTI0Q0hSeFBGbFBkbzc2TjVwcXhRcjF1cXJPWnNCSENicE9DM2ZGdlZNRFlzeTNwTWdNUXc?oc=5
PG,2019-08-02,A growing love of beards forced P&G’s Gillette to shave off $8 billion,qz.com,https://news.google.com/rss/articles/CBMiggFBVV95cUxQVERPVkZTNDFFd0VrelRRbEI5eDhITDlWVXJ6d3dDTi1JZHowM1BqcnlVTktJa3B5bDhsd0N2ZzlpY1lwNWd6UWVqNkpzZXpsVW9iV1lpLUMtOXM4aTk1a0dKMU5zUUR4SGdDNGEtbFBPZ0hyclFwUTJ0MG5PRWFrb1NB?oc=5
PG,2019-08-02,"Get woke, go broke? Gillette’s ‘toxic masculinity’ ad via Grey New York haunts P&G as shaving giant takes US$8 billion writedown",Campaign Brief,https://news.google.com/rss/articles/CBMi4gFBVV95cUxQWlI0dGQ3VW1hOGJkZFBRNDlsTEZybF91TVZ6NkVFejVoLTh5VFk2R2h6V3JONmJ3b2J5alc4S0hMbzFfb18tMjNDaXFEWHpIZFE1Ym9TVTVwb1ZNdWZRY1VkRWpvOEx1TXhYVlFHbWZDU0RBMnFLNUVUZ2FFUTRmMnowV3d5RDRscVRrY0s1Qm1OVVVqV1RNTmRPRDdYT2FvM2gydkFBUlMtUG8yZF9ydkVkTjJ0a2pJM0t1UTJzUUpkaHVTNDE3aTVOeXByb1E2VFNIZDQ4TFMyc3RnQUlybUpB?oc=5
PG,2019-08-23,"P&G's chief financial officer, other top executives get big pay raises",The Business Journals,https://news.google.com/rss/articles/CBMirwFBVV95cUxQUFFBSU5jRVdSUGF6MFZwTmhVNXlfU0JSOHpFejB4ck9OaW9vYzA1aGljeVdjUjZsQ2lRNlRrZEUyTGRRLVNXUEEzYTd3U2ZhSnV1ZEg1SXB2bFh5cDBSM2hkS1BnZ0ZiMFdCcF9kWTRtTjlpcTgyMFllUzhHZllDMmQyaVJaSV9hazNaZ2JjeVJQRHlVVllEc3VPb2RidGF0cDNKeFJUQ3ZoMHgtZHdF?oc=5
PG,2019-08-30,Exxon Poised to Drop From S&P 500’s Top 10 for First Time Ever,Bloomberg.com,https://news.google.com/rss/articles/CBMiswFBVV95cUxQMFZjaFlEVjFzYTJEVktaeW1HZHpxN2ZNalhtQmItXzhKaHFQT05CQ1g0djNfdTdNeThjM09hVDFyU256QWRvR3hRY1ZKM0tIZmpFRXgzM1BnR0VCVzRUTHpITkltd0lKdmFXeVFXdFFNb2RpX1ZrbWtCcmlJZWxHRkN0Yno2VXdIS0ZCSTRTTW9tWml0UC1TeTVBM3FqZ1JFYmhmZzU1X01yTzVSNjA4dTEzWQ?oc=5
PG,2019-09-03,My Research,Bespoke Investment Group,https://news.google.com/rss/articles/CBMitwFBVV95cUxNLWk5a1IyZVFhMWxyWElSSjU1Yk9HR1E1TUtUY3JzMlB0RERvM2FUYzQ1bjh4MG9yNFpTNVoySTdTblc2YjFuUUdQYjloU0xwRUh2bDU3SmpZeGtocVlQTWduR2xkLTkzcTc1dTMtTWNVOGN6dDE1bFlCck5KZ09XMHE0aWlOdUtCRERRMXpRLWNDXzB4RFp1cVhSQnRiNUI3X0hVeWE3TjlyU0pUT2sxVXBVeGh0Nlk?oc=5
PG,2019-09-05,Church & Dwight Bear Warns of Accounting ‘Gimmicks’ at Arm & Hammer’s Parent,Barron's,https://news.google.com/rss/articles/CBMilgFBVV95cUxOSDFIMHZGeVNma1lrYmJRTXBHVmNXNVk0WHp1REo5dk9lNlNTSVJ6ZENIZXNvMWlYY3Y4akdDLXJ1SVR6dDU1N3J0NjY3b0xoWHFsNnpaZEpNTnRuRzMzeFE4SjJLYnVWUFJ3dWJyTUhocDdGMEk2eFR2R2tXN1pXZzJrNW1MdnFCWWhjYkVSZVlrUWcxZmc?oc=5
PG,2019-09-10,"Hair care pioneer Joan Johnson made ‘Ultra Sheen, Afro Sheen and Ultra Sheen cosmetics’ a feature of black identity",andscape.com,https://news.google.com/rss/articles/CBMi2wFBVV95cUxPNlNueHBwQ0dDSmM2OVloWnFWOVpFY29wMkxDbm9Hbi1NVldlY3hqU2RpbFFKTHkzQkJaRkVzalZ0ZnlmLTA1NDE1R3FPMk5TR0JIajBZbTVQRFFqMk9TNWR3eWhsNHdYRllSWFNKQXJ4VWlDYnVaUlZsdFRoYkJhZjhBeVJaY3MzN0I1NGxrWnFYNWlPWDVPTW5RM0pZcHFaMkJwYjdjMjZtVXhseGo3bVlSRVZZaENFV3dwMmlUUHBWeVRKSU9BeFM1R3FudjgyaFRuUTZ4elV2alE?oc=5
PG,2019-09-13,US Vegan Climate ETF (VEGN) is Beyond Investing's First ETF,ETF Trends,https://news.google.com/rss/articles/CBMiiwFBVV95cUxOTW8taUNVLWlnRXF2RTRyb1A0QzZuV0Z1YTRSb3N5enFEQmlaTXJHanFoZ0ZrZzQ4MXJ3QkRtUWhOTDZJUzU0MklvYV90YUg2UnFlbGtJb3M3TjJBOWhNWGZjUTF3dUYxYVAxcWhSNVlTNTZaUXRqejBJckt1eWRaODZoUWZ6UU5uUFdr0gGQAUFVX3lxTFBCdmllOGhJRThsVzlVdDJkNWRYZkVzMEJfX2VXMHV5YkRWYW8tSHNOVEhRcWg2Smw2OXRoMEVESS1ENl9ieTV4YklSamVSczQ5N0VjbTZoLUI5UG5IbkY5ZVVENnoySDFjclEweVF2ZzduZFpCSC1UaVBnSENfYjB3NkROVmJPNW8wcy1yeTBWZA?oc=5
PG,2019-09-13,The Dow’s 1.6% Gain Hid Turmoil Beneath the Market’s Surface,Barron's,https://news.google.com/rss/articles/CBMiwwFBVV95cUxNSF9oQnhiRFpxWDJkVDF3R0pObXRSR0RFQi1nT04xanN5djltSWZOcmg0UmxaQWh4bE1pWFo1WWVfVUVJMEU5Qk9QWjh6OWpibEkyNnI2dHp5OFJXU3FoOHVjMGVYTmdPZXVJTG8tTGJLdjRGOW44aldMYkx6YThRa1R1QWw1UEFFcTlyUlhta1lKSWFzVWV4SlFnZlhuLXRpOHNXX1A4OEJ6NHloSTBMZWlHa3dNRUFfbTNWZV9fa2FRck0?oc=5
PG,2019-09-17,Procter & Gamble Stock: Valuation Limits Upside,marketrealist.com,https://news.google.com/rss/articles/CBMihgFBVV95cUxQdzFNOUg1SjZrOHFXWnhzZDlFQ2o0TFlOT21DSjhieHh5ZlNEa3B0YnB5OW5OVjdFeU9ObGVRQldpOWVLeEZXN1BOTTdCR0F3N3BONGIxNGxoZF95bmg4c0trUGUxTW9sbm8ybVBvME5pVWtGTkFFWXZLZk9LbUFMb1NTdVJNdw?oc=5
PG,2019-09-19,Nelson Peltz lauds relationship with P&G: 'We're getting along so well',CNBC,https://news.google.com/rss/articles/CBMinwFBVV95cUxQSHREOVk5emVIbEk2aWxMc0M0WVlQZmRnX1VmMU9qczdXcWFycDZYLWF3Vjktc1pYYmJLdmY1Z3ZzcEgtTDd0bmRza1dmNVN6WEhHWXhRbmtFaEVXNlZQOVRLRXg2bU40d1BYVjFOTHN6cjV3dDQ2ak1NS1F6dHF1bV9OTDdZUTI2OWlSSWRxVlUtM3dMV2VHRXN3aVo4VDDSAaQBQVVfeXFMTUZGeVphazJWeC1QLWJEazlReUdmWU03UjBGMHRHNXZ4LUNQMlFaTW44UFBvMG9QNTliY1MtWjMyUFh1Q2VPMXFCbDFIRHA2bUpfbURveDRxclpCenZJWkJ0QmRxTm5vVzBnYXZjT3FQcUhCNV9IZFFiWHZLbWlQV21UaDVaNjFsRDVsbmhXZUFfMFJYUEdUb2FRdmN0dllCakNSM2Q?oc=5
PG,2019-09-25,"P&G launches premium product, signs actress as spokeswoman",The Business Journals,https://news.google.com/rss/articles/CBMiqAFBVV95cUxPNkdVR3VRMXNKUzNZeDFMaHM3VFc2ZVF4b3VNNy03aktkbHBIa084RkpYX2xnblpTeWd6QVo2R2dHUW5jZnFKS0duMEdSR3RDeURVY19NSlpValBkbUFaMW4tSEhqUUx5S3FNUV9IZEd3QXZ6UW5kbmwwZ3RJc0pBcDNISzRzWjRfcjFkVzB2eUZrY2UwWGphTnFTcWZDT2hoTmhxa3VUaEI?oc=5
PG,2019-09-27,2 P&G executives among 50 most powerful women on Fortune list,The Business Journals,https://news.google.com/rss/articles/CBMirAFBVV95cUxNdy1oRTkySDZWUzBpZGlnUUJoRGdPLUMyV1FDZ2ZEUlAwYkhUM09uc0xJMUp1Z3NSNDdrS2lvV1VOXzlJbmIzNG9WMmlOUUpUYUVsQVh5SU81N0o3aFYwZXUyUWNkU3EwQk1vYmVRbkpSa2wtQ2t6NVBkZWt1R3FzZ0lybmkwcV9Ubm1iLVdyczE0OU9CcnhzRTl0Wk43S3piYjNJeE5WQUtxM3NN?oc=5
PG,2019-09-30,Companies That Failed At Digital Transformation And What We Can Learn From Them,Forbes,https://news.google.com/rss/articles/CBMizAFBVV95cUxPeU8tUXVYWnNxRXBIYWFocVpZSGlscS1maEdtUUt3SVNwV1hwbENTTVpzMFljUmJ6QlM0a0pYWjdGSjhtWW5IZ2ZLbzZSa3E1M19mNXlFbHRDWWR4X3c2cm4wcklhM2lsV2NYM3NyMUNXWEJIQmNvbm03LTN2VHcxUkVWWVVDQ3gtc1ZoOTk0RmNIXzRnRjdyR21za0VtNEZ0N1hSNG9YMHlrOE1ETmFKcVdLUUhVVXd6SkdaeFRxTkFoSU5TUVQyakJaUUk?oc=5
PG,2019-10-03,P&G: Will the company split its stock?,Cincinnati Enquirer,https://news.google.com/rss/articles/CBMijwFBVV95cUxPZFI5OFY5WXR5eGZOTFRhSkhMVXBJZk44Mk5wWkdXT1RXRXNHSmFOYlkzOXBqbDB0N1d1OXFyTUVHSFVhcjRCZVJxbHpPY0dNY29JbzVYQm0xWGV1akduQW92RzM3S3I3N28xRG9zdmcyTlhHcU5hM0lUVzcycklFeXpwZG0tcjlxZmpvbFBvTQ?oc=5
PG,2019-10-07,Why is there a giant toilet paper roll outside P&G?,Cincinnati Enquirer,https://news.google.com/rss/articles/CBMipwFBVV95cUxNZ3g0X1U1NUVqY3UyaVFHSUV2eUZNZzlyUlIyNkhpRVY2UmFzS1N6amx0Zk5xSnFCSmkwWGF6SU5QeThGSTlsX2VsS2ZfMzRBaWJVZ1ZxeFlERTRnTnhpZkNzMlFvMzhxX2w5b0JYUW9XZGR2bHJXeFBXTjh3MXhHSHpNSmc5dG5uLWl6Zjl5cmpsZ1c0b0pJZkgxeURiY2Q0eDNWV2Rndw?oc=5
PG,2019-10-20,Better Buy: Procter & Gamble vs. Pepsi,The Motley Fool,https://news.google.com/rss/articles/CBMiiAFBVV95cUxQOXdWWEF2VTd4MHFTMDVVMUVJQ2pQTF9IRU5rQ0xCX29Kd2VCUkVIOVI1TE9qY09FSE1uWF93LWd4WkhxM2UzdG54ZXgxVXJHeHJJNnJxZk1DNnNueFIwbEhmVVctMC1WajJJcUN1SV9zaU5ieVBLV1lQY3FRSTNPbmgxR0JrVUxp?oc=5
PG,2019-10-23,Will Coty's Strategic Review Streamline Its Sprawling Business?,The Motley Fool,https://news.google.com/rss/articles/CBMingFBVV95cUxQMWpodFZlQ01lOHdHWWs5SkhfTndYQzZNUm9idVJYLUVENnVlQ2d6TXpybDZueE5JVHZVZW1iN0doRGN0Y1FkWU10VklBN2hwMmRwUnNqbHd6VjA0eXJIalcyZF9KQnBJbWlmbkVrRFVUaUNTOGxOVTJOUk1xOFl2cTFwakxwblVWMnRzQjJ5c0JyUmY0cE9FTGNuaFNkQQ?oc=5
PG,2019-10-25,"Procter & Gamble, Nike, Tesla: Stocks That Defined the Week",WSJ,https://news.google.com/rss/articles/CBMimwFBVV95cUxNaDNJczZadkFIaWVTeHNRZ0ZpYnppcmp4QUF1S1R3ckJUZWRjN25DV2JrQVVUdzF6dzBNdFZlMDlfblBhUlFfWDJlQWdJUDU3azVybTl0eTNOYktKOEk1RVl4bnhQVGtmUXNDbTJTVVUtSjYxYmF5RmhQQ0xGRTduRG51T1JGUWUwaTFSUmtGbHlHc3U4T09yYzVURQ?oc=5
PG,2019-10-25,"Procter & Gamble Stock Has More Room to Make Gains, Analyst Says",Barron's,https://news.google.com/rss/articles/CBMijwFBVV95cUxNM0IyOXpuaUV4VEtVaHBxTkJUTUljRld4blowUnFuWG5UV0RGT25MR0tldWZSXzc2eV9MNzhHUmViTDlTcE1hUElSdXQtV2xwbV9FSExPakxENUFlc3prSm5EcVFrTjFmMXFjUjhacE0xWm5mOVMzNHJpR04taHhNOFFnVnhTU2plOUxCQl9EVQ?oc=5
PG,2019-10-31,Procter & Gamble Is Outperforming by Disrupting Itself,The Motley Fool,https://news.google.com/rss/articles/CBMinAFBVV95cUxQTEpPS1diRnc0NXN3WWVQWjRpMzBLWFZJckJ0VVlYUlV6elp0akowSUJQcTFvdWY5OGlFbzQ1SmZlOWhMN2NFaWRlUkx5dk14c0dKMWhIemlnQXJoV0ZwZ1MxWWlxTENIWDVpYktITUFyM3dSRlV3dWN0aUNTMlNyeWM4RnZXSnVwNTJaY09IbWs5c1VXblVXeEZQdE4?oc=5
PG,2019-11-04,Beauty Giant Coty Tries On a Smaller Size,WSJ,https://news.google.com/rss/articles/CBMiigFBVV95cUxPVEpxSF9yUUY5VXZ4NW1OTUdNdFhERFZJX3lpZXgwLXFmM3htWXRSc3oyYjNEUm5NMTB4SzhtSGNRRTdwaFhNbFNpcHE4VmtBMW5GeVF1ZzBGaWw4b0xlcnFSU1ZGa0RFYWJ6TFdkcFdEdGZNcm9QWWN3N2Q0V3Z3UzZUaEVhZktlVGc?oc=5
PG,2019-11-04,P&G commits to use only women-made music in commercials for this brand,The Business Journals,https://news.google.com/rss/articles/CBMipgFBVV95cUxNVjNTVmkxOWo5bTZwTDhtTXp1MTJZRFJsZHcyTlZlZmk4eE9ZTm1QSHJNdW1JMUs4TkdPNUVmTXRXdkM2ejJiSUJrQy02UWFjY0I2Y0dadmVUT3FPTEZoajZUNkRHcnFSd1MweDJqZjg4c041V0Uxd2dnWTFuMElQSWk4cFFFUFZMbk1WTTk1SUtoRkw3MHNoNEFMV1llY0Jaemk0Tkpn?oc=5
PG,2019-11-07,P&G considers investing in new Gillette facilities,The Business Journals,https://news.google.com/rss/articles/CBMirwFBVV95cUxNcDBaWnBkbDhrNzNNSVJuSlZZejE0WUpjY1hsSmdXdHBCekRSSi1Xc0VJNWpfc1RmNWtMVER3dEhzUXVpMFRFMEVVNEduekgtNTd3Y1ZQU3JVUGlxSEp3NzlJeHpPTDFMUW9PNnkyRXJGSHpCdXJTX1lLRk9BRUhGaWNjSGV0WUlvdEJpZGJiWU0ySi1iN0d5U1JrRmMxRC1JQ2g2X0RaMTNacHRPdTFr?oc=5
PG,2019-11-14,The Stock Market Warning That Everyone Is Overlooking,The Motley Fool,https://news.google.com/rss/articles/CBMingFBVV95cUxOc2t0TjJQNVpfWWxCZ0JxU0UyaFhWcHZhYnVoeFNFOUttM3ZWWjlkcklzRWJKbkdOQXhfXzZTNGNZMGhZWWllNWhYLVhtbXVUQWN5dE5DYXI2S0dZTGp2d2FuQ0FjRnhTWTh1cnQ1R01USk9PdjhMendWbUROMUdpUjgtOUpNYkdHNDBsOVYyU055QUM1bllqSFhsZUxDZw?oc=5
PG,2019-11-18,Coty climbs after agreeing to pay $600 million for a majority stake in Kylie Jenner's makeup line,markets.businessinsider.com,https://news.google.com/rss/articles/CBMivwFBVV95cUxQNHZFdVN5cVZ0eWNOdHdyVzRWMndKR2FqeW8wdDk2Ml9SeUptczJHdDBNOWdISU9qbnUtMk5zRXpIYi1NU18xdUc4amxoT2hJUmt0T0FsazhTM1NfajdocEJHcXJCc3hyTkdETjU3TkJSdmlBb2tsUk1sZkxta0lFNlc5SzI5el95SlNBa1kyYkl4OERGaUlCY0hRdEhRUzFjYTRRRHprQnpFYmNRRUxWLUNSaHRwTHdYSlFoYjlLQQ?oc=5
PG,2019-12-03,Procter & Gamble Co at Morgan Stanley Global Consumer and Retail Conference Transcript,GuruFocus,https://news.google.com/rss/articles/CBMiZkFVX3lxTE5sZm5BaklubkNhN2U0amhxME16ZWVSWDBmYndZdEJpS3JoVnBqZ2l4VTVYWmJJZTFvVms5aGlXdkNndmdoX1JkRUNVVE1jNHFoUWpkbWlKZjJfMWk3bGpQLW4tclVOUQ?oc=5
PG,2019-12-17,Dawn says you’re washing your dishes wrong,fox43.com,https://news.google.com/rss/articles/CBMiuAFBVV95cUxNWlp1N2hIeFpkSmZmNUdCR19Fcll6dVRjLUFGR0FnUXRiS0dPMGpzOWxXcVBEUkRRNVVCRmcyYlQ5MngtdlpEbVNKaXl1QTh0bHRJdTJyTzdabFpXS091UTlCZnE4Ym9obTQ1Mnd3ZkFkTnB2RUUtYU1TX0lQR1Uzcmt2Wk5DWm9VWkpEMTh2RHdTdy1IQk9taUpIM3pCeWNPVWhQNTlOU3JWWDZLV2ptUnZCdVRmWmo4?oc=5
PG,2019-12-31,Dogs of the Dow Stock-Picking Strategy Was a Winner for the Decade,Barron's,https://news.google.com/rss/articles/CBMiqwFBVV95cUxOcHg1OW5aRENkbFlva0dRLURRR0VOSUdDTFFhdnRtY0lMckhBRWlkT24zczc5YnJEcTV2U240Um42UVpYN2NDYkdub256UDEzaVpabE92M2FVajNUdnQ5UlVGQ0ZzQzFDdHpWaXctTHJ5NThna3lPZm1nemFaR0JKZXRvOTBfamdWdDRobUVGdURSVnFpZ29Wa09wSnQtdFVheWlQZzVPZHdTZ3c?oc=5
PG,2020-01-02,Blue-Chip Stocks: What They Are and the 10 Best for 2024,StocksToTrade,https://news.google.com/rss/articles/CBMiVkFVX3lxTE1jRFRFbG9CMVNJM1NnckJ4RTZCV3BwNW03WGpOTUZ1UDJoSTlOSDFXTlhEVlNZZVZNel82VEdrdkE3aTVCQmppMTVtMVZwV2h5S1FNdktB?oc=5
PG,2020-01-08,Medpace helps carry investment pro to victory in Courier stock contest,The Business Journals,https://news.google.com/rss/articles/CBMirAFBVV95cUxPdHBiMlZ6UzFfMXFOSGk2ankyRmxKazdlbmV3dGxScTRZMFdYbFBUTGs3Q0FVcmw0ME8tbjMxZ0tPWFdDXzNNR09RbWV1dHM1U3FkOTBCU2s2eXN2d1FoU09FWFRtSV9mZE9uSnVQaHFHNTdVTU93MHBKTUt2Ml9Ed0oxQi1ZVzh2YkdmZ1hlM1cyLXBIeGF3WkpHWXEzMGFzMDN0eXB3all1elE3?oc=5
PG,2020-01-09,"Here's why stocks such as Procter & Gamble and Coca-Cola are included in ESG ETFs, according to industry leaders",CNBC,https://news.google.com/rss/articles/CBMimgFBVV95cUxQY1d4NXJzNlU4TktUMlp4cUE3RUZTQ283TkI2a24tS0ZCZ1lyazM5dzVaV3ZMYTVpZ01jUnFqS2djNkVVU0RrS0ZzaGlSYmZDaFhyMmVvVG16Rk9TS21fQmxtLTNCYVdWOUNxWTFYYmtFYnM3SWE4eDV4VTZnZVphcnpuOGlVTmNLSHYxRWlGdXRNWms1bDI5QkVn0gGfAUFVX3lxTE4ybXhyWUltMTR6b0t4a2Nvd09SZ2hTY3dBbjYyT01yLU5LN2JTY0pZaEVkYmlKT1dsX1hmZVU5dmdaRVVsODhkYUxiZmdaenh3ZFA0WkNmVlhxXzdfSGdvTHVHYWs5em9wcERMb3RyVDZnT0gtek9qc0JyVzdxcUtZTG9iXzcwSFptTG1VV1lCckNfT0xhRjljNDNGcF9tMA?oc=5
PG,2020-01-10,Is Procter & Gamble Stock Overvalued?,Investing.com,https://news.google.com/rss/articles/CBMihwFBVV95cUxObk5sR0hoaEx4S0tMaERHU1RRcjRRQU9MaUpEaHM5R3hobDdEc1VPZE92cmdLcFBkZWtQUEhxUGp3eHl0ZG03ckZfYTl1UEFnWE9XRDZ2WWpadHo0R0FXMllXdjFsQ1VSUi1UNjBtWndoTzZrSlZVQndybTFVUFg3bGY4MEpRT3M?oc=5
PG,2020-01-14,P&G Declares Quarterly Dividend,Business Wire,https://news.google.com/rss/articles/CBMikAFBVV95cUxPRW5keHVfQ0tSVndGZW05bmE0VnNxN01mOU5zWXlQaEJHYUFUc05kSThuVUxIZm9vZ0hYWW5zS2RGeVhsS0tiYkdHZkdnZ1ZMX1d3NllZd2I2bnRuZ1FFeFJzelByUTdOd09hRk80ajB0eGxaLXhkUWczM2hFeENNS21ZeVJzRDlGRldYLUlzUWM?oc=5
PG,2020-01-22,Procter & Gamble: Buy at the High?,The Motley Fool,https://news.google.com/rss/articles/CBMigwFBVV95cUxPbmlacVp0UlprQTNFdlVodElncjNaeExFWUZqNnhJODlWYUlGdjRuVTJsQjJ5U0tuRkh5VWRBOF9fNkFMWTFZcEs1QzNidGRKV05mWWJPSUtEYmtSVEFscVZPVUg5ZjRZOEZ5cFBmdEprLWtsRXdkZTcweVlqUkszUjQ3bw?oc=5
PG,2020-01-23,"Procter & Gamble sales fall short, hurt by weak diaper demand, but company raises full-year forecast",CNBC,https://news.google.com/rss/articles/CBMie0FVX3lxTE5YWVhtUThSdTB2b2ZGbVNUUlNKa3pEUzU5QUUwbmF4aEJ6SWJDSVRaVGlyRkx4dzVmTFFFT0Ftb0JJOXk2am1XMURPMDdmYUlVUEVvUFlld1o2cUgyaEhhck12RDlCa2pnY3lNOE0xdVVuekFSSDdRZm1yTdIBgAFBVV95cUxObXgtenkzX1FMcFVSby14b1NNVUJ1Vk9oX0pRNVVpamEwSDRlSExDT0FjM3RXZExOVWc3YnB2OWROOTBfMlJ4ZUdwYlNOVTlLdUx4UXYtOFdZR2U1dzB5VTN2SHBBYUl2MlFlSlVVeG9samZwOXNDT0ZOVjZRV2pyUA?oc=5
PG,2020-01-31,P&G takes coronavirus precautions,The Business Journals,https://news.google.com/rss/articles/CBMimAFBVV95cUxOWW1mb1JDSHY5dy1QNHQ0R05GVm51WVpvc29ySlpjUEY2Z3luMkN1WHFaVXZOdnZtM282cGViTG5XbzFObmdDREE0SGJ6WUVWN2JTRy1EMUlxM1R0OHhCd0o2NFl6aklxdUp3QkZaWkJKYm51RTY2TGJpQThwY1g5NE9oakZDVXl1cGFUcVlvN3NWN2JYVDREUw?oc=5
PG,2020-02-02,The Janitor Who Became A Multi-Millionaire by Retirement,The Motley Fool,https://news.google.com/rss/articles/CBMinwFBVV95cUxPZkM1dUZYek5JdEk4WTZ0dlI3MURQdUc1TldRWmVRSzF6WjlKM2JQUWhkWkFSTHoxbUZUNjg4LWg4djB4LWtpVVBHVzQwRm1vZUJhcXRiWEhMS001UVgydl9vOFNGdGwxaGhLenFfd0JuZnFLSFphMkwtTmlnWWJnNl9jUVVyQVFwWXNNQl9ZOFBzRzJIZG0yT3FCbnZHT2c?oc=5
PG,2020-02-02,Sofia Vergara’s Procter & Gamble Super Bowl Commercial 2020: Lots of Stars Come Together!,Just Jared,https://news.google.com/rss/articles/CBMiywFBVV95cUxNY2JxUXJOV3dSOTQyVGdPMll4eDVHTHg0b2V1a1FIS2JlRWF6eXByUUZKeDFfc1pPT1piNjQ3WlFaZXhTRzNJRlh0RzYzRlRXYm0tN2VCSWhiaU40ZjhXd21DVHVJc05KZUtxNS0xaVEyNTZRMm1iNkZiQzI1Zk0yRFZaQWQySDVGYURINE5PTHlFdWlzQ19LejVCZ0MtUXl2UjFJUnBjc0lhNkRSSzFtSllqX1EyVUhDbm9MWnFPYXYycUpDeldrTVQwOA?oc=5
PG,2020-02-14,P&G director Peltz to host Trump’s $10M fundraiser,The Business Journals,https://news.google.com/rss/articles/CBMirgFBVV95cUxQd040cFhKVG1pTk9Kd25teVZSM2lNVkJZZzdJaDRLOV9yWVZ5VFJVQmpDNDZyT0NOdE5PR01OTTRpSHJhWlo1bGZhbnNZTXZ6QUZlOFJZNU00YVllZV9SZkpOd0Nhbmh1ZFdyd3V1ZUcyWGZTMjBnb2lFeDVpZkIyWUVyM2tUMktGaElxTUNfLXQxZFp4RzVHOVRYU0lQb081TnJUUkpIUUNZMzBtV0E?oc=5
PG,2020-02-18,"Clorox Co (CXX.SG) Stock Price, News, Quote & History",Yahoo! Finance Canada,https://news.google.com/rss/articles/CBMiVEFVX3lxTFBkTmhGMFZZMF94ZER1VmRFUEVBeEZEd3VoLUJEUUptMTNPaEFNN0tSR3kwNUloRGN1LWQzSy10Zmk0X09FcURHeWhHd1ZkWFBtbFM4Ng?oc=5
PG,2020-02-20,P&G’s Coronavirus Earnings Impact May Leave More Questions Than Answers,24/7 Wall St.,https://news.google.com/rss/articles/CBMizgFBVV95cUxPN002NXBtOUtjaldwUW5fY2ZoVzdhUlRiVWgyeVB3OFNiVW8zM0tBMDM4clpEcEhXYnNUTTB4bXRTeFZ2WWhpY1N0M2xHalNZTkNnUmJKaXRiN3NSekRLZ0c3RlpsekxXLU1yRzVrNURIaEFrRjFhTWJmT0huemVLbl92akxINlN4UGk0RGd0QzNNaFZSN0F4Ynd0M2s4UGlic0NpZ1llUmllVEQydmtaSjZDWHZNWkF0bTRoRFRTMTZuQXJWaDdiZXNfcUhHZw?oc=5
PG,2020-02-20,Procter & Gamble: Coronavirus hurting China business,Cincinnati Enquirer,https://news.google.com/rss/articles/CBMiogFBVV95cUxNTGJUOHM1VVY5bmlPMk5CdzRwVUcxb21zWWtqdVZDOUxSWmxhdlVlLWFGWDNyT1BlbTdJYUZjU0xXNm94YXdXYUdMRHNieWxLVXg0RjdGQ29vd3NDWVktdjg1aDVsNVJSOFpVZUtOM1BnTVdrQjN3aEl2SC1RX1U5RDFPUTZLS1Y2RkgtWFdSdnc0SG0zNjhLZkNUblNFVDk0YkE?oc=5
PG,2020-02-24,Why Stocks are Getting the Hardest Hit From the Coronavirus Today,The Motley Fool,https://news.google.com/rss/articles/CBMingFBVV95cUxQSGRqQnJIanZsRElyREM1VnhrNzJ4UlUzNU80VUl6dHFFVW1NNGYySmxyUk55bzJQMUMyNEgzaXVFYUJMZXVkTlhFQjR2blBEdTlMR1dMR3FSM2ZGQ2xYcTJDWXF1b0xfUXp6azZBN3laWmFfXzNSNWhBRTQxS2xESXBrLTd2eUhXbGdTUGhpNDI5U1RXNU8zUVBPWE9aUQ?oc=5
PG,2020-03-02,Demand surges for P&G alum’s coronavirus mask,The Business Journals,https://news.google.com/rss/articles/CBMiqAFBVV95cUxPblhDdW1lSkZZUlpObm9kT0oxZ3BnblVKcXJ6QWlqdkJiY015ZUtYWDZwbjNsNVFzakNaT25kSzZYb1A3b2tYUVVzbFdwZ3FSZElXME9MR0xwSXI0M3k1bkhZaTBOaC1qMWM1b1d0M2I3V1lEN0dWal95TG5rZjRJQXFPWVZ4NnQ5U3Y2Um9mTWY5ZTZoSkEwTExlV1pMNVdMZ0NUMDNVX28?oc=5
PG,2020-03-02,Dow surges 5% on hopes for central bank help on the economy,Politico,https://news.google.com/rss/articles/CBMijAFBVV95cUxPRTlFUllBaDNoRWZvY3VmMjk2NTBUWFptd0JyZ0FHVWhYdkVUWTgxalZ2YmRuSkRUM0Zvd0cwVU9ER2ZsX292M2czMGRkRndpZXFRUkNaSVE1UmhKSVdxamNRZ1RibFNGWXRURDQzWHQ1clc5Qk9WQ2ZSdS1Vd1doR252XzJ4VzNFSVFRag?oc=5
PG,2020-03-05,Virus nudges firms to shift from China,Los Angeles Times - eNewspaper,https://news.google.com/rss/articles/CBMiogFBVV95cUxORmFoWDVYeldpWWJPdFJWajNkSEVMb2JIejRiNEFSSXBvenh6OGtmYWdOSHMxUm9qWlRneTYtWUZvbXVKR1VaaUwxZkhNSmt4QklfNmowTkpJMDZnblVPSWpKLWVFaWxrQnU3Mm40aXlLZUw3ZDZHakR0ZmFaaVNMaFJHMzU0bTRSOXY3b3BtNUZvVDRuODZhSjdwQjNCamI0Z2c?oc=5
PG,2020-03-11,How Vanguard's most popular funds fared in the coronavirus market downturn,The Business Journals,https://news.google.com/rss/articles/CBMiqwFBVV95cUxQbzh0NmJmOUstQXVTX0VYLXlkRnJ1TVJpZUF1X3E3Y3AzU1R1SEdkSmN2MnBTSFdTSUJFUk4tdDBOdnN2OENEZVFlOW12YXBTOF81LUFZNzhoSy1uQ2RMZjFwMzBlSzVVRDNsN0FTVkExc19Qby1MR1FST00yMDRZRmVBTVJNaEZXOFEtZlVpUHItQ05KTzhBSHdSaWNOOVM2Y0N1Zlc3WnR2STg?oc=5
PG,2020-03-16,Should You Stock Up on Toilet Paper Stocks?,The Motley Fool,https://news.google.com/rss/articles/CBMikwFBVV95cUxObGlwM2xoZmxhTUszejZ4X01PZEVQZ0IzUG5XS0M5YzU2dFppX1dHMTNRbmp3T0NlMHNFdlg2eXFTWmI4YnNiNWlYUU90anBTMjZfY19kVWphQWJVeG1HeEtOWVppU1lvNllJZGI0Z2E4OWEtYzNuSHRiNTZlQ3pCb25PWGl5bnRIOGEwcjZUR29PYms?oc=5
PG,2020-03-17,How long will hand sanitizer and face masks be scarce for?,vox.com,https://news.google.com/rss/articles/CBMiwwFBVV95cUxQTkItV1pZR3hPUHhfR3NEYXBoOF9wNlJtQ2RGSHZ1MXpNVkl5cVZGNEh2R01XQV9YU213M1VLeXVYWWJNYW5VdlROMWtsZGZnYTc5bktwZ1JwSlhLbkhaZFBGS2JGSDBQRmRpX09nLVFGMjlFOTRzLXBHeXk5d05qdWZnS2lQMDV6RkpjZlQwYWs4NkV5Rjk2TGZUX1VRYV9xbzM5bVBITDBNS0h5cmxUOWk3elhGSVZjZkJJbDFGcHpzQTg?oc=5
PG,2020-03-19,Why are people buying so much toilet paper? Will supplies run out? Here are some answers,Sacramento Bee,https://news.google.com/rss/articles/CBMie0FVX3lxTE9RcWdUcUtYaXpLU1BZRXItRkRkcXVxRmR1aktqVmtqbTV2WTZKNmw3b3VmTW5OdHNOTUlFV2dCY0FTNmpaVGFER0xjTUtxVjFZZkF0NC1DT1E3RkRuTDU5NFhEcEdFSlYyZXdqZi1tMkVuLUNpY0NxZkFzMNIBe0FVX3lxTE0tUHk4NktxamE2NWJ2NEIzeW11N3JJVm04S3I2S3JEaTBsdTlGUmNseUNVNXlvRXBhRkhfeWM1VHBWREQxNk5FUER4eWhXVHk3eHdBR0VESXZHanFkUlpnOXRZcF9QaTNhQ21HQVpKa0l6YkdsZXhfM1RnQQ?oc=5
PG,2020-03-19,3 ETFs For Taking Advantage of Toilet Paper Mania,ETF Database,https://news.google.com/rss/articles/CBMilwFBVV95cUxPNEw3WmUxMmRXUk4weUhYMnRVUnBHRFFDLWdRSmtONklMR1E1V0hQYkx6M3lVYldCQWM3dUk3VWJPRmxDM3JHc2duaWpjWE90aFc3VDZrSTRSSXdSQjNreXlzUlRzOXpDaFdhdWlUdm04enBIR0l1aEtyd2hjQS1YVkdlNHFkVDNMQ1p1MklYQ2pCU0NfQXdj?oc=5
PG,2020-03-20,Using Elasticity to Understand Company Risk Exposure to Coronavirus,Euromonitor,https://news.google.com/rss/articles/CBMipgFBVV95cUxOY3doV0FXTnVxMWxNZWxNYzJHaEZsMmRUZVZqUTVwdElwZEJCSEk2cWRlYXcyNDFwNnQ0QW5XU0tkWTRkb3BsWDFFb1czVjZNdHo5M3JWUm9FRXctdXYtSnlYSldRWFVYMjJkN2puOVdlRWtiRWM0a2VQREVSdEh5UUZrdEV3elhCYXhNLU1uZkNBQ3pXME00RWNsWmFIZ29yeXJsem1n?oc=5
PG,2020-03-21,History of Procter & Gamble: Timeline and Facts,thestreet.com,https://news.google.com/rss/articles/CBMifEFVX3lxTE8teUVaS01fTVhDQW5BMU0wMHhjeF82UWltWV84cFBHQzJzX2xtbGRnUF9qSW0wTHhlellDMWNWaUZxRURQdmRRU0hfbnpwdVlWc3Yzalk2alNLcHJWdmhwWjJpWkRtRmlhVHhpSlFKSTBGLUlBNGxDOHk2Snc?oc=5
PG,2020-03-27,Procter & Gamble Stock Could Offer Relief for Battered Portfolios,Investopedia,https://news.google.com/rss/articles/CBMimwFBVV95cUxNVFVpUnRkMTNaT3NCX213RFQzMVRTN0dOb1dHNElzZFB5VzBVTE5EZ20ySWRpRlpQVHBlWU5rQUpFY2VsTjVmNk9vQW1aVDVMVE55RS1NVVd1SVlCWEM1Z2ViVmFFeldsY1ZTTVFsNkpQSk1DTjNSMVVYVE9ZX090aFJoekRZQTVjQlA1VWc0b2hINzVXZ2M5bUwwaw?oc=5
PG,2020-03-27,"U.S. stock markets drop sharply, snapping three-day winning streak",The Washington Post,https://news.google.com/rss/articles/CBMikgFBVV95cUxOX0VNYmNqbU5ieDZDQ0Q2ZUVpeVc3WHhLZ3VRYWhnQlF1VThmMmhrWklTV25GckQ2S3ZjLTJBZmh5aG4wTTZSUHNVSmpnMjNfSHAzVW12UFNOZEp1d1g5RmJjV3VIZmVITDNiVDlETjdOR2FIbXo3ZjdMX2ZqSWF5bWo2QU5BTEpxd3doZm5Za3pYZw?oc=5
PG,2020-03-31,Dow caps its worst first quarter with a slide of more than 400 points,The Washington Post,https://news.google.com/rss/articles/CBMijAFBVV95cUxNcktlRlgzbW40UXd3ZHV4OEd6NzE0QnJsMTNybVlpZFRCMWhaczVOWHpkMEU1QTVVS1Buc1lDUU5yYmE2YkdpUFVxMkVSdlRaYWFOZENVVFpoalBsYXJfOTdEVUhfMDRfVTdNUDYySmVPUXJsX3hseVdHUlRpb0RxaFpUSjBERlFnM3QxVQ?oc=5
PG,2020-04-03,Consumer Non-Cyclical ETFs Outperform as Investors Seek Refuge,Investopedia,https://news.google.com/rss/articles/CBMif0FVX3lxTFAxY25oR05RT2FLVGk4ZmU5SmUwVnVNZUdBbGVoclljeFJDdkVtTzhacVRvalc5SDZjaTZmaTBiNlYyZE9YQlBiMUFuZExZbTR0cGV5MFlfMlJ4VVVTa3VFcVNPN0tPd3FDSnNqS2hlSUQ3cW9yN29BUlFDdUpGYWs?oc=5
PG,2020-04-08,Box Elder Plant Running 24/7 To Keep Up With Toilet Paper Demand,KSL.com,https://news.google.com/rss/articles/CBMirwFBVV95cUxPZkZNellsY3hoVlg1RG5uZHduRWo1bjQyRUdiakx2MHRNb1dYdGk2bmxmaHdKNUItY3BJQTN5ZzF6bUptNk9JbW1zclp5aEpXWFJCV2RvSGNHRU53eWRRdlZzZF90NTFFNTR0aXJ5OGRiNW5iR29TZzRsOVp4Z0trTzVPOFdYMjlpYUdKY1FJY2tRTnV0R2dwTkVFajhLeWMtTzRzRy1tNHU2QUtBdDJ3?oc=5
PG,2020-04-09,Warren Buffett’s 11 Best Stocks of the Bear Market,Kiplinger,https://news.google.com/rss/articles/CBMiuAFBVV95cUxQbDFzODMyblFSX0NOalhYc2ZDNW1kYUd2M0t2X0E1TXZZeXp6ZVBFXzhVREd3T1A4V0FMejFtT0ZwcTNHamJ3ZGFuOHNIWDh5QXBhbjdWR3Vsak9PLWdEZUwwN0tWQTFfLUJXc3hDWEFCbDFXcnBfNTdmN3ZTd3ZJRjVZOU1tZXdlVmttTTFZdGlTZ01BZURvbkJkaW5qYzdCQ3EyR1FRbjhKWXF3RmM1S19oZlVKU1Jy?oc=5
PG,2020-04-17,P&G ‘doubles down’ on marketing as demand soars,Marketing Week,https://news.google.com/rss/articles/CBMid0FVX3lxTFBoUFc2aTF2d0ZrMXZpcG5lZGlDd1dlMTBYN3pPRWNLSGhVSWFvSVVFbmxPREpDWGJRYm1LdUdEWUctcXhaMFdsYXZnRktGTzJGb3RsY2lVcmtraEF2Yy04T3JvRF9KcDFaUVcwc09KN1dDblJpc0Rz?oc=5
PG,2020-04-17,"P&G beats profit estimates as shoppers hoard toilet rolls, detergent",Fox Business,https://news.google.com/rss/articles/CBMiowFBVV95cUxONmMzM1FEbkoxaHpmSGUzVHZDNl9VQ29sNFk1TXc3aDJsQnUyQk90T2YwaHAzUkp6VEVNZnFGaFExQXptQmxTbmM0MXlvb2NZZEZIdjBuRzlyYzlUOGtRa3I2aVhlcWMtS1J5UW9EQVZEaWw5VU1PTVczZFV3YUE4bnkwc05sRFY2R1g2QllTM1lGdGkzRTFldXNZRlR2OVdmeEI00gGoAUFVX3lxTE5sOFNYaFJ5TUI2d1pnTEUydzZyNGlidkRNTDl0a1p6LVZ0dE1ad0p3azFZeGc4OG51UE8wOWxvdS1vZnp0WGlzQl8wOTB3UXZVVTQtakZIVEt2YmxNNEwycUZkUVZrcTlBZUdyX2EweEduc3pjWVc3LWh3SFEzdHpDTDcyN3NDSzhsUFBPQmo4cEVibHBmNUgwd093bURPMEV2b1NWQV81OA?oc=5
PG,2020-04-17,5 things to know before the stock market opens Friday,CNBC,https://news.google.com/rss/articles/CBMingFBVV95cUxPNE1DMG1OU1NCN0Vxb0R2QnkxNngxZmZZUTA3ZlNWOWRXN1NIR2hJZWtYU3hNTnU4ZWxPME9HdkdPY3RHS0dmYnloMEI0aThXdkZ3ZlJpWFF5aDczQjEtR3Vad3pGelg0d2VYalc1OFlkd18wWjQzekhtZnV4SV9IdzZpSDRoTERHTjhCbG1TeUdibWFTMHZyYjQzb3gxUdIBowFBVV95cUxPQ0lSVmFoLS1fT2prZ3VHSWx1emJiNWZrZE9vZnNoNDY2MkRvZVVkcXlpLVlsTHlleG52LTFyQVFFb3NPYk5xcEpsd3ktZjBpNEt1bkx6WVJZZVotbFNCdGFOdXBfSmMxMkptUDhUYmZOSG9LcDVFc1pyd25ZclNVQ1lGMFplX0ROUndHcXc0N0g4OGdBQTE2SzJNbGg5R1NpNW53?oc=5
PG,2020-05-01,"Amid Unprecedented Disruption, P&G Prepares for Life in Russia After Coronavirus",The Moscow Times,https://news.google.com/rss/articles/CBMixgFBVV95cUxNWXZxV1VfVUk0YU9zWUs1OGl5LVlscWZKZ1dONjhzTmtJNEF3OEQ3TzhtelhIcHFzOVQzb1N4emhQdGlJMUk0WTdGSTRSS3hvdWtzeUpOZzdkRS10UVdRTUEyTXhYYjFPZTV0WGtkckx6emRCSmVNWm5JdXRoU043UER2X3hIOVFPY2hjMDhaMF92bXZPZkEzY1JRM0c2SVRST19qNWVlU1k2NXlSWTF0MjgzMUlDT09oZUdXNS1fLVUzejhidXc?oc=5
PG,2020-05-06,“ROLLING RIGHT ALONG” | Toilet paper production at record-high levels in Oxnard,VC Reporter,https://news.google.com/rss/articles/CBMi7gFBVV95cUxQMHlFVVZkU1l0bHdsLUdYbDNTUWF4LXZlaXFkRm5LbWVRNExXRjlONnVIc3d4d1F3QkVOdmFUXzl0dEdyX1k2bGFZNmxqUnBfT25GSmY5WTRjbTlTd3FIWWxPazIyM3Fxalp0aERld21Fd2ZPVXRwdXVjY0FVRTBGQnVJSXEyb1lCdXdxWTdYcmxleDkxX0x6TGZ6RmN3eldLcElreHZ6SDRTUmRyT3pkS1NBOXV3Y25fU0dYWmVWek54bWt1TUsyZ09sNW5vVEFQR2Z3NGpRbDFTUVBuVzdkdi0yOTZKaDJBaDBpb1dR?oc=5
PG,2020-05-07,Procter & Gamble Dover Wipes Division donates to United Way of Delaware,The News Journal,https://news.google.com/rss/articles/CBMi0gFBVV95cUxPZ2xVSVBNNmM1bWZfUWZNbEU2TXNMNWVOYjBvOUxiZUk4T3ppWFM5OFhBMGI0c0tXWG5wSjFpWWNtQTRyZWZFdlR4eng1aHlhWklCcG91bnRSVnZRaWZYOEZqekxTb1hVUDY0U2xYOWVmdTdpYXpOWnVqNkVfV0N1LVBFYTgxSWNoYXAwQ3QtdmxqWFZMbmtoN2oyamtlaEg4UktweURSN0dvaW8zNW5YemJrNjY1c0o1MU1CcWdkWF9odURSUUpPbk0tVTUtQ1ZGc3c?oc=5
PG,2020-05-07,3 Best Consumer Staples Stocks to Buy In May,The Motley Fool,https://news.google.com/rss/articles/CBMilgFBVV95cUxQT3dVa2Vrb3JpQzVJUzRYa2pnTGhIeFlDQkpjVVZzdmhhenprclpoMV9fVWFMQTFQM0ZvdnprcGxpMWpuQjZSeVhIRUw2TXhrU09RQ3RSM1l1UGRYWTdmeU50TWUwSENkSXZNemFMUXZpMkRqMzNqTzZ2bjBVZU5jMVd3QWMxUFl5TnU4SmdMMGpiakppT3c?oc=5
PG,2020-05-11,Is ExxonMobil Stock a Buy?,The Motley Fool,https://news.google.com/rss/articles/CBMifEFVX3lxTE9ZMzAyNnpIcFMzbjBQMDYxT1lIQUJWX0tUSDhUWWhGSVlVN0drbERsZHVxNDdoR0NsRVhQUWpzWmtrOS04WGUzVlFwbkZWNTJkSFVZMElqbDNxN0ppLVFDUDY4QU5LeVBjWmt5RUNVU1E4TXhERjJ3R1E4dGQ?oc=5
PG,2020-05-12,Kroger CEO McMullen gets 21% pay hike for '19,The Business Journals,https://news.google.com/rss/articles/CBMikAFBVV95cUxQQ0czNGc2Y2xSSXhiM1Ntb2Jja1Rxd0lBejVQMFVFQTluQ1hOVVd6QnZiTktBcW1Cb1RvOW1WdUJEUnBmMTZlcVFyNUZPeV93NDJWckhjb1JzQWwwblhYbXFwVGZhYnhIc2l4RzJ3bHNCdi1vbHhKQXBHOGVIczhJVGRzRS00ZzBveEo1bm44b3c?oc=5
PG,2020-05-14,Is Costco a Great Dividend Stock?,The Motley Fool,https://news.google.com/rss/articles/CBMihgFBVV95cUxQd2VmYnEwWG8xMDJsM0piWHo0RjBTZ2ZwQmFxMGVTRjlSUm1hdXlfWloyZURjekpObTNZQjF2Nng3TS1OUDk5RjRtaTZRUFBISFU2UUtZMWdoOHNWcHdjOXk1enV2Y2FzOHJpTDBlU2hTNTBHZ2ZKdEh0VEExMXdjVDluaS14QQ?oc=5
PG,2020-05-14,3 Blue-Chip Stocks for Safe Dividends In a Recession,Cabot Wealth Network,https://news.google.com/rss/articles/CBMilgFBVV95cUxNR2g0T1R2WGNfekZHa2dOU1lGampLY2xLejdfX3VHdFcyaWstZHYwMWtHSkRaU3d6dF9uWUpadXgyaDBIemtGaEVoMklHTjVWcEFLUUk4NTA2TWJxQkxZWFd2YVBJdDlEQVZPUGVLcDEtY05RV0MyZmpGazR4UHJXTC1Pc2dTVlozS1dEclZfMXNSZ2dLRXc?oc=5
PG,2020-05-18,The case of the missing toilet paper: How the coronavirus exposed U.S. supply chain flaws,Fortune,https://news.google.com/rss/articles/CBMitwFBVV95cUxOZEpFTWN6bll2ZXFzUWtzVXpHdVhtZ3YtV21JUlJxdmUxa3RaOXVFRWE5dGVvcHNHSjdiaVF1WE1rVi00QmIyaThucjRJOWtLMFRwNU12VGh2bHVmamtmYnp6UVlsYkNVT3BCbWlMYjE4cHpiQXN0aTJabHhFTldYdHZocnQzQkZtUjB6TFFRWEE0bDhTdk9WYllnOWxwazFFbGd5NTA0MUNUdmpiR1VLYms3QTcxVm8?oc=5
PG,2020-05-20,Best U.S. Exchange Traded Funds (ETFs) in 2020,Seedly,https://news.google.com/rss/articles/CBMiS0FVX3lxTFA4cHI3V1dDbkVFWDV0d0EtX3pKS3VnUkVBWnRzZHFfa2RITTAwRm9QQXV2bUxxTUtqTUk2OWhNRTRmbFkyc1A0dXVxQQ?oc=5
PG,2020-05-20,"Fashioning the future: At 80, Ralph Lauren is facing his namesake company’s toughest chapter yet",Fortune,https://news.google.com/rss/articles/CBMixwFBVV95cUxNYlo0bGZ6eFdCSU9SVTZ5OTltWkpTZVNLeHhYamVNY3p5NGtaRU9ZMjhnclZLbzI2LVc3dXI1ajZqRWdmNm5QX05SaGo5dGN6c0lqMjRfWGxGaWpWTERLeWlWVkYwTkFtQzdBRUQ1SnFDTDBnREI0Z2VxUDFyQ0RxUEN4N3I2MkFYRGoyWV9PWFVXVUpBOUpWQnV0STdZSUU4cUJTc2ZYR29MZk1qdDl5d3V0d1NMeElyVnVSVHJ3TWFRbHVkUjVz?oc=5
PG,2020-05-21,13 Dividend Stocks That Have Paid Investors for 100+ Years,Kiplinger,https://news.google.com/rss/articles/CBMitAFBVV95cUxNODFGYUQxZjZpTDhWXzMwWnlGeVVGSERvaVZDcm9wLXJZc0RWb2dxTFdtNHVtTVVVSWlkbnN0d1FFTFlhR2FGaDhySzB0Z3p0Wm42OHMyTWZtbVVNS1Bpdk1IRHJOazhUbHFMQXdsMzdnOGIweE9mSlVXa0RxTEU4TDVHRWtNamRhd3JIaTU1aE4zdG5aZ0ZkTVBJdENsMHRyR1QzUDF0NW1wc1FJSTdNclU1d04?oc=5
PG,2020-05-28,Pence Chief Of Staff Owns Stocks That Could Conflict With Coronavirus Response,NPR,https://news.google.com/rss/articles/CBMiuwFBVV95cUxOZUxZU1JERDgyQjdaRUNHaTR3MWYwMklvbDFIZnI4RE9sb3B6M29XbC01WFl0RzNiX2VseWdMSVc1c0ZZbHJZVG5EdVlnd00ta3FBU2dTUUhPRk8tUVJnb3Fvb2p2STJaaWN3akJDcW5kWmJBWjFJMjVrR3BqalN4dXAtMHBRZmZjRUtZMWgyWnFzQ19kZjJsVTVVeXk1NDBaUXB4VFhrX1ViUi1zb2x0NzEzdFYxc3I0VUZR?oc=5
PG,2020-05-28,Mike Pence's chief of staff holds $1.6m of stock in firms responding to pandemic,Daily Mail,https://news.google.com/rss/articles/CBMiugFBVV95cUxNOVNkSDNIcVpSTEFpaVVNS1pZNUtldEFLdmYzRDdHT3pRVUZiM1ZpcjVUeUxBYlNFcHdteEI5amVtUDNlSnpVa0VNT1JFcVFpc3V5YmhNTUdBMXJ3MHVUYmdORFR3MVQwakV6cHpNMVBSc0ttRzBkVGFLNVc5amVvU1FPTnN5S0lrX0hjb3UwTzBFVWV2UFdoZ3c3NG9TNXo3aDJWZEt5OV9sWE9ZZHUtYmpDQkRlc1ZUbmfSAb8BQVVfeXFMTW1LbWduZ3pST0JMeGhVYXhUaFREdlMwUldxVGtSLUdPZW5IcFQ5STRnZnBwY3pfcGQ4WUNXNlRMUGI4aHlFRzU0TlYyeHF3WTVOcFhMVkg2ZW1KM2FXOUN6SUFIeVNEUlVTUU5qVFlzWWkzcG9KTU9DdWRiX2J4cDBENld3dmlFTmkwNmdMc1drRVc5c1hqcG9NVmpHSUk5S1VXY1JQVDZYSk82YWg3UGlzTndNTTh2QmtKdkItdzA?oc=5
PG,2020-06-07,Where Will Procter & Gamble Be in 5 Years?,The Motley Fool,https://news.google.com/rss/articles/CBMijwFBVV95cUxQS0dEZHhsWWh5S2dZcXhXNWRSalQwWFV4ZkdMZHhRaUJySGh5alNrWEVrQ2Q0MVVOSEJCVmY1RUlWRnpXbE9rb3lCdlBkRkFRVi10RExIaW1rRTlDSC04VVZpcFdkUnQ2V0d6WnUtcC1DcTdvenlLWlNCSHJFMDlSa0VmMGpqT1RsbDRvMV9qTQ?oc=5
PG,2020-06-11,"We spoke to 3 financial experts, who broke down why you should buy these 13 ETFs to maximize stock-market returns right now",Business Insider,https://news.google.com/rss/articles/CBMimwFBVV95cUxNdTdINkFneWF0Nnk4cjlIV3FHN1JRX1ozWE5xaEZjSm95ZVNXSXFGOUhKUGVmVXEtc1IzU21hOHZNZGlBbUNYaTRyN0VlUTRzQWNHT0RXV0FDWTlDN3cyUlk3a0pjdm9WWmJsVUFWdXlNdGQtU0VOMUo0Q29rdktMbVZiMnZMOFJoVG1mYzhuTkF0eTdzSFcyUzNsUQ?oc=5
PG,2020-06-22,10 Stocks Raising Dividends for 50 Years in a Row,aarp.org,https://news.google.com/rss/articles/CBMia0FVX3lxTE14UVZkbklmaHQ1YkZhbGJFaGZVdlBfVzJyeDlfRV9vV2llc1lsd1pUSU9HYzJaSGFpd3FrZVlNckQ0WE9ZYlBOZ3FWblp0eEdwYnkzdUNrNzFsdkIwVlRnbHZydGRyd1ZEY0hr?oc=5
PG,2020-06-27,How a gamer caused a trillion-dollar stock market crash,New York Post,https://news.google.com/rss/articles/CBMijwFBVV95cUxPT1VtS29oZVgzOEtPSWNlRjMwQ1FidDRhTjZFQlFVQUw1bjdoYXQ2VnBmbWxTajl5dlRNQWZvNXAwT0JTNS1EWWFTN09ScXF2R2xSRWJsRW8xZHN2Q2ROVUdpV0ZudWl0VHBVcG1rNXBtSW9hdjh1VmcyMUZkLUJDQVA3OW1OOGVaMUJOZExSRQ?oc=5
PG,2020-06-29,Kim Kardashian's Fortune Hits $900 Million After Selling 20% Stake In KKW Beauty At $1 Billion Valuation,Celebrity Net Worth,https://news.google.com/rss/articles/CBMi7wFBVV95cUxORVVOd2ZFbm81eHpMdGtYT0VsSHBMNFltSVNNT3BBZUl3T29uckZMUlJ6SnFpSWdqR2g2RWRaUzJiZk9DMk9WWlFZczdQaVlDT2JSd2k0NFFaRjZ0VW9IMVNkb1hEeG5zaE9ZdkVURjRSSTBjWmFYRWo4U29UOEZpQ3BUQkNJS3kwOGR5VGRhbjJyNlVCNHdEbk9aVGpjaDEzU19ybm9rcFdTNnlFUHYtUmg5b242bzlhT1RlRXJZV3I4MWxKWWcyR0dYUXNPWGJCNTg1aEtPMnJjSmViMXd3WkoxMzNabHdlblhHVzhBTQ?oc=5
PG,2020-07-02,The Closing of the New York Stock Exchange’s Trading Floor Due to COVID-19,Every CRS Report,https://news.google.com/rss/articles/CBMiYEFVX3lxTE5pT2JiM1AtYjZqT3I1d0dVbWRmOEFZTTdXYXhFSlhvXzRhZ2hjSFFZZEJzbWNiUnhQZlNIVnlsY0ZtYkhvQkRCSEhST2NNZDVSU1NkSzZYdkJXM3ZjUTdzZg?oc=5
PG,2020-07-15,CATH: What The 'Catholic S&P 500' ETF Excludes Vs. Overweights (NASDAQ:CATH),Seeking Alpha,https://news.google.com/rss/articles/CBMipgFBVV95cUxQVHRKRDQzSW9hREdNUU5WaS1PQ09aRHJZWGl3Si1NQU92VGpSZ3c2a2NGalBKdW5RLWFHUGRmMS1qRmF3ckFhSndRc0ZGMzJpUnpZbThHeDFfaXRoaDNOcTJQVVFRbS1QSXRIajhtNG9XYUxjVVZTV1JWWWpTU0pVSE1IUkdHZWFtOGl6Vk5mQ1ZhVHhONTBNV3Y2VU9zQ1luTndlUlhR?oc=5
PG,2020-07-21,No Gillette Stock? Best Consumer Stocks to Buy Instead (2026),bullishbears.com,https://news.google.com/rss/articles/CBMiUkFVX3lxTE5QNUdRMVN3aV9BQTZ4bWJ4eU44MUZ6TjdoVC1lT0ExaDhyZHJCN09DU2ZPY0JOcWhscGt1UXJlbjNsc0Zuakh4UmZzYVRFdjZDdnc?oc=5
PG,2020-07-24,"S&P 500 Falls: Intel Stock Crashes, AMD Stock Surges, Gold Price Breaks Record on U.S.-China Tension",The Motley Fool,https://news.google.com/rss/articles/CBMinAFBVV95cUxOSktQVjV3eEljVG1vdGZtTlJGbHRtR3h4UWR1RzBTNGRCdzRhTHlRdmhzU2xzXzIzd2kwdTA1OTNHLTB2OTRfbV90N1JCXzBvT3hzekJTblRzM2RyT0gwZnk1OUtGVFh0NWpMd09VT1BhczRTVWZNX1Mwb0g2eGdLcjhjYVVwdFN4ZUYzYmZwTDFxN2t0Um5yQlVEcXA?oc=5
PG,2020-07-25,Everything You Need to Know About Health Start-up Hims,The Motley Fool,https://news.google.com/rss/articles/CBMinAFBVV95cUxQLW5aT2hLdDRDRF9zWEQ2TnBCR1BOa1VyMlZyb0t6RlRsMFZyX1JtU01XUlhhREZjNnhxR2syYlMxTzZjRXJnOVZCRGhXbjRzQnhfbVNsRkRHX0hYN2NFamtrdjlHU0lHZEVUMndyZy14cDg5VnloZl9sN3Q2M1pxY09sV3o0Q041V19ZazRqaFRyelRGSnRPSlNUYnU?oc=5
PG,2020-07-31,"Amazon.com, McDonald’s, Chevron: Stocks That Defined the Week",WSJ,https://news.google.com/rss/articles/CBMinwFBVV95cUxOZDRoenNVaGEtMS10dFpJUzR2UVJQTmV4ekNpaDc5TEl0Y1hjWU43MF9Db3JOOUc1SlNlM0V4dHFFUDRjTHpiNGphempLVEoxdlNaWUFHYnNRQ2VmMjJOTFJHQUFodGppSkh3OUdyaWVQZnRXOWptNEd2dmpJY0xyWmRrelR1MEZCRXFGYXpoeGtkMHYzb2NhTHltR0VOM0E?oc=5
PG,2020-08-04,"Now that Apple is splitting its stock, will P&G follow?",Cincinnati Enquirer,https://news.google.com/rss/articles/CBMipAFBVV95cUxPU09FcUJFcWxTVW1VQWhWeGh5WHRORkV0RG9NUUttcGdhSFEtMmtNVWVIQlFkdWcwMFRlV1N4UG4tZFBuOFV2LXlkcHlwSDdfUEdubzlxb2xUODh5OXJKMEIxVFNWMWt0UzRsNzJVZFJqbDNSMWh2VmRzMVdxbmhzb1JmeXE1NXpXVVBLd1Y3QXFGdWo1UzdTNl95cDluUzMtdWRLTg?oc=5
PG,2020-08-10,P&G releases $230 toothbrush with built-in Alexa speaker,The Business Journals,https://news.google.com/rss/articles/CBMipAFBVV95cUxQdFhtSFoydFR5dmllTHF6ejVlR3VKWXZJT1hnVVhLanFNTXNMbmZlQTdhdzU1VkhvUDlxaDhnWDhfVXZFRjBUZXdyMUNXUksyVVNOQk5Kd1RKR3l0NjBPMFpqamNUTjFEM056anVYS1puYUx4ODZIaW1HdDRQVU1VMUY5YzFmNDZjeUswam1ualJYWnMtS21odXFaalAyUXJQcGE4Ng?oc=5
PG,2020-08-12,P&G adds former chief executive of BET Networks Debra Lee to board,The Business Journals,https://news.google.com/rss/articles/CBMijwFBVV95cUxNMXA1MnplWnpJQnMzYmZ3RERLZ3pHMnUtTE1lelVmb1VUMk1rem1oeWF0NmVUb1B1bkQzWUNheXFaMU5WZ09Ja1phYm1PWHJneWJORFhnejJOYklES0VibVBtRF9DVHMxTlp6b1Q2bzFZWjA3cGFmbXdjakJtc3lUeHo0TFI2VV8wMGJoeHBZMA?oc=5
PG,2020-08-13,Procter & Gamble Hits All-Time High After Earnings Beat,Investopedia,https://news.google.com/rss/articles/CBMimgFBVV95cUxNQlF4S1hDbHZGX0xFZmdJR0owU0hSeS16WDlHZjg0dlNLRUpqZ3p3cHFlM0JVZmFTT0Y3N1Q4U29PbV92UFJiazJtTzdJcG55WFlVUU9KNEJudzFLdDJKV2NEeG9ZZVVuUWg1S0tnN3ZsRW5PTU1pTTlNZ3U0aEJoWXk4eUJzQ1RCdnQwd0xWQ3QtWnJXREZBb1hn?oc=5
PG,2020-08-18,"P&G names Victor Aguilar chief research, development and innovation officer, replacing retiring Kathy Fish",The Business Journals,https://news.google.com/rss/articles/CBMirwFBVV95cUxNMkdHN1pkdmNRYWZkZnllMGNJQ1UycUJLZWJuVW55WnVKMFlGc0RPNVlHTUFQNGlRZ0wxNkl6MkVua1ZJVkNGdE0xSVRvZG5GRGtoLWJPeTh3SHB3S3R3bUt4VU9DNVMxU3RDcHhUaUhXMGxTT0NxRmJCTFA1dGZiTmxRLWxTRGliM3VzR3FXZW9uYnVxRXk3NkxTeDMyVThZVEtkRFRsMnl1NzRRRHRZ?oc=5
PG,2020-08-31,P&G: CEO David Taylor's pay climbs to $22.9M,Cincinnati Enquirer,https://news.google.com/rss/articles/CBMixAFBVV95cUxOWDVFbU81OEhQMXlEMHY2dE5KUWF6LVJnTkhicDZIR2pKbk9KNlpNMGNhTVJ5aUcwNXlmOHpqcFdyVWxrQ0Vvd0tFRlZ5M01jeXcyYVpabkduRWNqMUl6WWJtM1lfVmxNSW5LSnBGMnU5eHJ1c19oMk8zUUJlZkdZSGstd1ZBdk5zSzUwb1NTYUllZnhxaDlaUGNhbkNheTlaVTdVREFHM3RqLUdZbjd4bFkzLUFBSGJVOVpMQ1BwOEJ1UFp5?oc=5
PG,2020-09-06,Some large Ohio companies thrive amid COVID shopping changes,The Columbus Dispatch,https://news.google.com/rss/articles/CBMiygFBVV95cUxNLW5Pa0tpczdhRXZEbWo3SXJGQ0ZPSGlNdTc0Y3JOcTRFWEo1eV9WRnVMOWYwWWZtWVl3bWJXeE5BY09iWDZudGdEeExvUG5sRzhHUVdFMkM2R1BrdmFQUnJtWVhLdkp3ZWhSY1JUMlVtUG1Ia0FFcE9HaFEtRHU5X1l0Z3pPd0ZveEZONnBKTkNfMTZYeWV6cURhVGs4RWxndHg3OUM1cktxQktrcVZuRTQzVUt6c0dfbnVSRjJZQ3p3YkF5ZEZzSV9n?oc=5
PG,2020-09-17,Boomerang CEOs: What Happens When the CEO Comes Back?,MIT Sloan Management Review,https://news.google.com/rss/articles/CBMikgFBVV95cUxOWDNCQzk4al90YnNZeGVybFpCbnd4R2pkd2hEZzVFMUkyZ21aclI2T2R0X3VQX2R2Z3EwVEpRVkhUTU9zaWpvYW9PVzdkYnFCVi04X0NrQ2d2YkpiT1puaThYY1VHNEZ3Ui1TQ29qRUFGVjZfNF9DR1VKcEx6N2xfNURiWEgtQnk0X1pyZGNoQ1FyQQ?oc=5
PG,2020-09-17,The Hut Group’s stunning IPO in numbers,businesscloud.co.uk,https://news.google.com/rss/articles/CBMifEFVX3lxTE03d2g3LTM5ZWd0dXd4VXFMeTM0Q09nRmQtXzJBOElEeVM0SjYzcEF5SjdPQnFURE53ZFVsdUtBWl92ZnZMZUR5VEM4S3JpMkstRWdPV3JiYkpjdEhGSTZaaVYyanNlRzNGMjhyNEtZbHhDNXNTSDF6dEZ6MXA?oc=5
PG,2020-09-22,Nelson Peltz Has a Stake in Comcast. What It Means for the Stock.,Barron's,https://news.google.com/rss/articles/CBMirAFBVV95cUxOeWo4VWZxUkFFTEJiNUQ1WkhfNDhMX1VJaGJvdndqMzVZd3Q3aWxTNDlSMm5GYjZTcWU2VUFySS1XY2hxTjNibkxCel85TUFTQ3VvUTI0WjFZcktXeGhfQXdlQnZuWjhYOFk4OC16d2tMVWJnMHpDa2V4MlNXRTYxZVg4bG9IOEM3ZzNlOXg5TGNVcmZqSEZYU2REUUcwT1Rpdlc2S2gxNHhTamVi?oc=5
PG,2020-09-23,P&G launches Crest Whitening Emulsions hydrogen peroxide leave-on teeth whitener,The Business Journals,https://news.google.com/rss/articles/CBMikwFBVV95cUxOQm1PUXdNX1lhS3gxdlhuVVBnUTgzaG1wUG1iNWd2azNSa1FvUmhqWGE2am9HTjNYY0VuUXF4Y1BpbTBZM1pscnlQRmNwM2RoeFVMblZ3cHhOYm1QV3FhSER6VjRyWTVkVWZCUUo3MnpRUzlyZE40UmJzQm4zYWxDLTJJall0d3VwWThCSkFTbHBIM2s?oc=5
PG,2020-09-23,Do you own stock in Procter & Gamble?,Stand.earth,https://news.google.com/rss/articles/CBMickFVX3lxTE1NV2kxVEd5RG56b3NNT09iczBXVUZtR1dlMjFXSVBmWFZ5YWtaejNLc1BNT1lTcEwwMy1icjd0dUtOay10WGxjS0VtaVpzVkpCVE81NXpvVHphT19lZ3pWTHk2cHc5NzVYLUhHb2VkNC1TQQ?oc=5
PG,2020-10-06,How to Show a VC That Your Startup Will Be Profitable,Business Insider,https://news.google.com/rss/articles/CBMiqgFBVV95cUxPWkhod2dYWm4yXy1EMzZaaXQ1cW0tb0UwZFRNNWZwT194VzF3QnFnODJMYlBSNEh6MWIyM0lHLTNQWkJEMDJ5QVdqMXlqUU91NjVBMENnMEFRVUlreDRHNTJSY2Z0cVBneVNNZkthTlEtZmkzbEVId1NyU3l6dmVmdGRmcC1hcV95eXk3V3lRa0NNN3doaDIzaXhHbTlnMGxWMXJlS2xWZE5nQQ?oc=5
PG,2020-10-08,Procter & Gamble can do better!,Rainforest Action Network,https://news.google.com/rss/articles/CBMicEFVX3lxTE43YlBJWmlDYnBGU1d6ZmtmU0duWEV2NlFNNVFNX05GUWhZSkdPNE5WSDBid2REblZScHU2LU11S0tUNU1WOVlxQVJyRU8xSXBZRmZCdUV0VDFJOVNqVFhUQm1UUktfMlVvVmhPRDZlUUQ?oc=5
PG,2020-10-11,3 ETFs Perfect for Robinhood Investors,The Motley Fool,https://news.google.com/rss/articles/CBMiiAFBVV95cUxNUXpHZ2tsXzhIdWJ6UmJLX25ERW5kQXFzMWdvV3lSZzdHVlctaFhBal9mSUFhUFVWU2hvSG5CMDZZQ2pRcTQ1YzFIYXo0aHNBTTJyU1hNS003dFVGOXhYQmtZbVpINkFQNU5fdE5RdHNzcU5Uc1M5VjhzU05JTEZJQ0VaZ2hTbm1r?oc=5
PG,2020-10-12,A Defensive Play Ahead of the Uncertain Election,Money & Markets,https://news.google.com/rss/articles/CBMiZ0FVX3lxTFB5LVZxNThacHBLTHpnVENWTlYtXy10S25xMXJ1Nm9ZWnpNNENpZE1DNjlLZkRZWmRuSG5hQ3ZEbm45a0dsQUVfTGMzZ2hSSnctWFNENnJDX0x3RHJqY1VkN0YxdU1YNTjSAWxBVV95cUxNVTVMZXo0WktxTjIwUTcyTllCRXBQdEtYdWF0RWVtRHdJTHBxUVBvVmgxWWZodlJqTEdWdHJ2eGliU2NtRk5udkFmeGtzRmRETWxkMWgwTzhQR3BSYmg0YzdtTXJ4WVNRUUNZQjA?oc=5
PG,2020-10-18,Procter & Gamble (PG) Rock Solid Ahead of Earnings,Investopedia,https://news.google.com/rss/articles/CBMikAFBVV95cUxQd2RlYXZCdzZoTmlZRmFmNU40S0lFSFB6dlZXYnJkSVZscTNuakxwLVBqNjFfWFh5RFk0R1VldmVlY0dUWDl1aFNCTWhHOUdwRVN2NXNkSnJVMUIwTDR1cW5rSlJ0RHc1YTZhYzJVWjFDSmg3QWJfRTJaNVRGa0hnVjZEQWhwS3AxZ01nSG9senQ?oc=5
PG,2020-10-21,P&G benefits from booming demand for home hygiene as Q1 sales fly,The Grocer,https://news.google.com/rss/articles/CBMitgFBVV95cUxNMXlkUVNuZ204b1pyM1F6WHFVTm52RWdtdkxGQUxlUi13LXRhem85UWJiLXlPRnk3N0kwTEUwamNRS29FbnZYOEZfSEVqSlNNS1NLN25nLXZiX2dBUmFmQTVTNE9oZWJldmdBZ2xGN0tybXNLMF9VNWVMbEdUSTF0WDVfTHRhSS1tQ0hSZTZyQ0xSdjZuYzcxU0tYR3dRa01YWW1YRzlrVTlMemFQZjBTZFRuR0g5dw?oc=5
PG,2020-10-23,Why Coke Stock Could Pop,Barron's,https://news.google.com/rss/articles/CBMiowFBVV95cUxPMktQYmtna3padTkyWlRjMkk4ci1lUWgxMXMySGV5M3JEb1M5d0JJdGd5Z0VBWHBXMDc2VUp1M0Y3WC16cFo5VTY5TEhrOEh2X3VfZnhnN1hON0k3OXoyY1huOWFKbjh6SGtFWEdZWjRocVlhdVpUZTlCUlRqVEFpbEx2VmZYSExpejFSa3RUdDhXbEJDVDNMMEtqMnMzZlFOaVM0?oc=5
PG,2020-10-27,Warren Buffett's 11 Longest-Held Stocks,The Motley Fool,https://news.google.com/rss/articles/CBMiiAFBVV95cUxOcVA0V3lMTnpMOTFpNFpDM3VYQTFqQ0YtM05LZlBGNDhvRV9RQ3g5VVJJdEJMbzJfUU9KYWNQOW5VMTV0ZHdIdlByejI4c290QWVMQWhQWjU1c0tqdnlMamhXR09Nc2lBcDBSSDdMdWtZV1JNNUZLbFdGUEFGb1RfV0VIODNpanVr?oc=5
PG,2020-11-03,19 Election Stocks to Buy if Joe Biden Wins in 2020,InvestorPlace,https://news.google.com/rss/articles/CBMijwFBVV95cUxNM2htdktDLTVVUW1RYmZ1VFNqNHByWmp3bU42ajctOXFoN2dnQWU3TlhuOGlYV3BFaVR4Z3VQdnhadG9aVnNFMS1ZQXdJSXVEOXM0TjRTaF9PNENjcWNQMzlMZEF3ZWNkTGYtUjFRWHpfMWpGY21xbGpkY1dTNkY5c0pSZ211cmJxT205anpPMA?oc=5
PG,2020-11-06,Worried About a Stock Market Crash? 5 Steps to Take Right Now,The Motley Fool,https://news.google.com/rss/articles/CBMimAFBVV95cUxOYk5KUGsycndwdlpubFVOYUxZNDJQc0VJa0dsaW0yWm9BMWlqRTNLLXdzT1E4MEk5eGpZcGVXY2MzNWpGTy05cGtRMGdJdmRkcGhiQlJzV3hGcFNRRWZSUmVlOVl2OGhMeENXei1INDVXbzdCZTV4b3ZPRnZTV05XbHg1WEtOZTJROGtKY2c3ZzJ6S0szWklGeg?oc=5
PG,2020-11-16,Tesla to Join S&P 500 Next Month as Largest-Ever New Member,Bloomberg.com,https://news.google.com/rss/articles/CBMiswFBVV95cUxQSmhmTkZ1c0h3aGNHRmhxN1o2WWo5LVRabXBmYnFDb014d0hIazJCeTdSajVTdTExWEJLbFdqU0pnclhEbkIyeTVEMnJnSkFOeGoybG80SnY3M25uTERQdDh1bC1lSEc0LWdYVkVONjVadjFiT3JrNmRtRm9wUHFiQ3l1NmhKWVRUbVVRa1pGb0MzMGk3QjIxTlFjcHN3NW1vbzZWUUdZVnN0UDFmX1RuWm5tMA?oc=5
PG,2020-11-26,Stocks your parents should have bought in the year you were born | lovemoney.com,lovemoney.com,https://news.google.com/rss/articles/CBMirAFBVV95cUxPZ3duN215NXVUMzhxRENxdDVMcFVnN2VNUnZScXZGME9Ua0ZDZjI1QnZJVGpraGJ4WkVOeG92dlFKSHF2c1FralYxOWkxeExYM2hCeTFjZFBqdXN3dE1tVm5IS3BJOWlWMk9BRlctcFpNdXdPUkRXRHVqbkF5OEQ5ZGlVeFJhVGJabWFKNWdjV2thcHpFSGVKSFFRT0R4dFFGUFBma3dOcTJUckZz0gGvAUFVX3lxTE13WDFlS090WXVQZkhIQjJGX3d5aTlUTkdpYl9iT0hoTTRvRHdEYks3ZDVYZXJSZXJPQldFcV9TLWRISWUxNXFkVjQtcEJTdzMzNFdSN0E5dUJ3NVFLc2dKdjI4LUNQa3lpMzZLNDhMWlFOdGppM0tETzRZTU4zRGdueDJiV1lsMkowYkE4MUN4V19jQVJjb0dxaEI1YnB6cFc4NkdKUEtJT2xOMm4zbnc?oc=5
PG,2020-11-26,Stock market update: 43 stocks hit 52-week highs on NSE,The Economic Times,https://news.google.com/rss/articles/CBMixgFBVV95cUxOV19sUjkxdlBHSzlmTmpWZ0NLa2o4bGFxd08wNElpcWRaMGZQYURvc0lycFd5RjJzOTVrc2FleklsMFNDcXpnc0lYX3RQam1TNlBSNmNlVW9LLVFKbFVwZjc5LW9UVDlkSUlscWJoNnVSN3JfQUNYQlhfd0VhdTFmd29PUzhDaXNQQy0zYWhoNkV6T2pDMFppVndXWmIyUktsX3VjaFR1ZFp1bzE5QmdfaDM1REM0bmlNeXVJZUh1N0tZYmFoNHfSAcsBQVVfeXFMTTlKNl9rT3Q1VDF5TjMyRTNRMTY1SnpMS2xsLWllMjZ0SERONHhLN0tvc0k1dGVZaDhsb3ZoSElWVXFKSEVIcXhMWmMxcy0yMmpIa21TTzFBZURPNjFlTEYtNkVKS1RqcFR0TVU5VG1yWm0tWVV6UEhBMEM0QTgtSFVGVi14UVRnSWR1aExyX1BDbkdNUmRpNm5YWml6YXQ4VWtXX18tWnlaRFJyYzBmQklFX2VIRE9TY0NGeUFBVDVXN0FQY21iX216dnM?oc=5
PG,2020-11-27,Shares your parents should have bought the year you were born | lovemoney.com,lovemoney.com,https://news.google.com/rss/articles/CBMiqgFBVV95cUxPX1lPN0JyVFZzVHRablYtcEhNSGxlNFI3cDBKM1N5c09lNktYSGlUdEx5ZmxpSENEVWxDRUdZU0pEdnAwbU9YXzR3ME1Pa0V0YVJ6d2JST3FLSlgxd3lDTTVRMkZja09FeWs2R0xSM1E2bVlLMkloZ25mbTBGNkF6bF9rMmJ6aW1HMVByMGQ0NVBJUGx2eHdYNTNlZFVBYzVCSzEyVFdXb2tJQdIBrAFBVV95cUxPcXM4MW5fWjd4QTFLc3QzdFNaYVVVWnp2Uk5vWi1jNXJ0alp2SDU5aGpfaG9TTVNVNE40T3NEdTlwZEozeU1EdzB1WUI3RzhlNjNTc2Y4WVA0T1FIeUgyT0p0aW9qZVU3UjVEczFPNXhqMHRtNUw4cDZwcUtXZVpoME13cXNkaVg1ZWFCbWpzcmVTQnExOWFZY1FPYWJtMDQzcWVQd095RWVtRXN2?oc=5
PG,2020-12-02,"50 Best ESG Companies: A List Of Today's Top Stocks For Environmental, Social And Governance Values",Investor's Business Daily,https://news.google.com/rss/articles/CBMipwFBVV95cUxOSUE1M28tdUhjcU05c0FHZnZ5eXpQT0pLb3ZoeVpuVldBWFIxS0VVVzhQelBCd09fdklzU0FWZXIwNlRucHl6RDNoUHNLUGRaWTRwZkFrV2Z3a2tjb1dIVi1aampHQ1JkNHJHR3otN0hQYWRya2ZXV2ZpbG9sMDhkalNfamtNbkhqMG1TT2NDWmVUb0Q4YlhoLVJ0bElCemMxaGUwUEhSUQ?oc=5
PG,2020-12-09,P&G names Andre Schulten as CFO replacing Jon Moeller,Reuters,https://news.google.com/rss/articles/CBMimgFBVV95cUxOODZ5NnBobVpYS1hCTms4UU5fVEpqUkRxaEQzWDAzbUhncFhBUjFDalgtYUFhbldkb3JvZFNNcmUzbFlScXBLOWo5SlU4eHRWNk80Q2hPRDRVVGNkRHd6dHZRX1V5RUl4V21nYWJYTFQ3MkpVRjNvNXQzNUJyWEdRVHhSdjZKU0o2WFQ5Y1JpQnpZUlZ4dEprNEZ3?oc=5
PG,2020-12-11,"Forget Procter & Gamble, Clorox Is a Better Dividend Growth Stock",The Motley Fool,https://news.google.com/rss/articles/CBMilwFBVV95cUxPd0hYVWdtSk9IMUFuOWRsRnotTklXb0Z4MTI0TU1FNjRIYnBKNWV3V0pzbDVINDZrV2w1MDh6a01vcV9feVJOZURnTjZwd3RCcXJobUdGUnlqbFZmYkx3eUdNTWY1eFZQOHUwNmZheWJlejZDOG11Wkk3S29QbnFHMFBfdFJVMWVEQmI2RzlYOWhZTENsdVlv?oc=5
PG,2020-12-20,Pandemic made 2020 a wild year for Wall Street,Gulf Times,https://news.google.com/rss/articles/CBMijwFBVV95cUxOQWpHSDhRMnVtWm9EVU5nMl83bWo3Z194RXZmSXpLZkdPNW92ejVoUTJ0MG0zelJCcDUtczRiTVZWMWs3ZXdkZlZ5dXh6VDhTdEVYNjdod05BSWVnY25qLVdaZ2hlOGNlQkNOZDRXMVVVOUJpUVlab2t5VjIySF9DXzVCa0hhbTZIbzQ1a3cwWQ?oc=5
PG,2020-12-21,Tesla Stock Joins the S&P 500: A Game Changer,WSJ,https://news.google.com/rss/articles/CBMiZ0FVX3lxTFB0STFoRU9xV1ZFNFpzYTF5T2doaXhDa3U0TnVpMnZubGl4cEZ5eTRnSVNHTTBRSzZGWXRnb28yZUV0STU4dF81TUVGU18yVE5LZ0FWRXQtal9GMXJBbEU5c2w1RkwxaEU?oc=5
PG,2020-12-21,P&G brings out the babies in ‘Lead with love’ campaign,PRWeek,https://news.google.com/rss/articles/CBMigAFBVV95cUxPZGVSc0xrOHh3QUdaMmJmcnZjUGlZWUN6N0h1VzV4MGhKYjQyZTlWSXF3dDFoQy1Zd2VMNHIzTkkxN095c1phd1FGamkzSjRLc1lRb2x5YkxHdXZIREREZ3NtajVmVDhpQV9YcVdhcUFkR05nSmh6ZllJeUdOZTBqTg?oc=5
PG,2020-12-23,CEO David Taylor discusses P&G's revival and campaigns for equality,Forbes India,https://news.google.com/rss/articles/CBMizwFBVV95cUxNWlFnaV9YdExuZlFRYmlJbmtFdGhRVERKVFdqbURyaU9malQyYTBRbG13b1EwVHp1dm93Y3FxWXFxWVV3M1FnVUpvaENxcWF3RV9naDdweHRDZDJaSlJWU013bGZjNU9fWjl2Y3NHZXVZNVU5OUxhS2E4aF92V2xWYjRENF9XYTUydWxVR0gwSUkzLXEwaGNBeUtSVmY3eUhOOGgxSjJYeGN3aXpDbURNeWFabEE2c0sweldxVjk1NDY1LUpXN0doZnFTT3k4QlHSAdQBQVVfeXFMTWtROHdmWU0xaUNmYjRyd0l4ZE9ZT1VRLXpOSjBPNEpGVG5uenUxaGJoUGFWMTROdDRjU1lIQ2NEWmdMZHpRbFg0dmhaUlpXcW5STEdROWJNZU8xLWh4MkxsS2RucG1EOW03NU1HaUVncjhYb2w4WUdBNW5sak11NEo2MXE2ZlNtaXFWX0Q0d21SYnRtc1ZNRTZZeU5uNDJUcEFBV0Q1VmFFSDg3UXZJY0U5S2tmOG9CeHdvOEVpTGh0NVVHVlZFQ1lhb2ZQeXN2Q2N0RFc?oc=5
PG,2020-12-30,Procter & Gamble Had a Strong 2020. Here’s What Could Boost the Stock After the Pandemic.,Barron's,https://news.google.com/rss/articles/CBMikwFBVV95cUxQajlCRE80RUpNdnh3RG1EaGFIcHRTV2xIYXBqMVRpY3o3LXZ6SlF6OFNTUU9TOVlrbnBYeW5BRmZJYm4wT1lPOEpsT3ZmUUdNOWFQd1p0VVNfZkV6R3B1cFVORmdFVlFuaHRpckR3MHVBOXdyNEZDRWloTW5kTUJJLTdyWUhDQ1JZUW9OcjRYcF8zMDA?oc=5
PG,2020-12-31,8 Dental Stocks to Buy That Are Relevant Despite the Coronavirus,InvestorPlace,https://news.google.com/rss/articles/CBMiiAFBVV95cUxQUU5aY252RmpQNTZlbFJxVWRMY0RpS3lNWk0tTjBIOVFCUTd6cl9DczVId0xmMUVBaERWSFRpajhvNUIzVHppLXJwLVBldUZydGZicGxHUk1jSEZScFN2WlFKeVpvdVNYY1FTSHhuT0k0TVRYVWxPZVhKMWotVUJQWjZlbkFmZ1h5?oc=5
PG,2021-01-19,Procter & Gamble Reports Earnings Tomorrow. Here’s What to Expect.,Barron's,https://news.google.com/rss/articles/CBMiggFBVV95cUxPSEsteGFIdERxVjFZMFM3b2Rac3I1eUxSbllzd0otX3lPYUxReFk2WnNCa05XQlZRa0tWRHhsU3oySlpRMncxano2NHVsdE1Kb1JzWDJJTUhfajlxNVJPdHlxT1VDdzhGRDdYWDIwSERHdWlRWTZoTFFtME9PVEhfU3ZR?oc=5
PG,2021-01-20,Procter & Gamble Has Topped Out for Now,WSJ,https://news.google.com/rss/articles/CBMijgFBVV95cUxQeWlmQmd5Q1hUNEl1azE2MVk5MVVZZTdBcS1oV2U2VE16ZU1nZmFYQWF6UUFDdXl6dTB0ZE8yVWU4RkwwRHJ6N3FkWGQyekRuN19tWFRrUUttQkFOM0JuZ1FmZVRRY21GU2o1dlBpTExUYW5CMVhTeWlGMjFBOEotazJpMTVLZTNDUjVLRHR3?oc=5
PG,2021-01-26,Kimberly-Clark Earnings Don't Quite Measure Up,The Motley Fool,https://news.google.com/rss/articles/CBMikgFBVV95cUxNRGNoemJiQXlPMndMTmpfWE9DcGhnU2VkeFdTWERXY2dpSDR2ZUdLVzVmMW8zVndwSVlTNHdNcHJOWDRxVUVsNjYxZ0o1UU1MODh4YlNIZFdqb0UtLUlHZEU3cFIxajFOWi1rdzV4cWJ4VkVFOXVvNUJwN1BZRlNBYm1jb3NIbnloNm9zM2JUeWRUZw?oc=5
PG,2021-01-28,Forget Procter & Gamble: Here Are 3 Better Dividend Stocks,The Motley Fool,https://news.google.com/rss/articles/CBMikwFBVV95cUxQVmh3amV1cG91bTlEOWllX0Z3U05tZk4zY2RYZmRfcG9qcmhrbnN6V0VzUUJLSmRpN29EWTVDMDQ1ak1vTnpEV2dwa1VlWWpsUjNvcENzbzNaak5NUlAxd29iYWpnUGNPSHZETEtGbjNSWEtvaUZTZVNlNTVKdlR3NUljVVdjNHJTVEp3SFIxUDlEUGc?oc=5
PG,2021-02-02,"Investor Ryan Cohen Shares Warren Buffett Lessons, Explains Apple Bet",Business Insider,https://news.google.com/rss/articles/CBMinAFBVV95cUxQeFlIRm5FZS1uYXhER0wzS0gwZDlvZ2FnemJnakFlNkJ4akh4U1BGZm5SS19pUVN4V251VHFfNUx2SG9KV1hNY1B5bExyZnZFMjE0OFpXWXdkdHpJTzlLaU9OaWVjcEpuNjZrYjFRRkNMTkxvaDJBUGVBX3hvRU1WY3d1QWVKUWZWNUdVUFdMZHR6UkVlNnpvMmtkTHk?oc=5
PG,2021-02-04,Merrick Garland Pledges to Sell Stocks After Confirmation as Attorney General,Barron's,https://news.google.com/rss/articles/CBMiuAFBVV95cUxQU292V0dERk1zRHBNZU1aSWtvTFlJU0txNzFKYU1OeFZQOEQtZGUyblRKNzJ6Qk1uYU04OHlXZkhQbV9LNFlxeVR1ZUdTOE5TSDBPaFlJS3FBYVdzVXJSVlk3MW5wVzFnV2RNNGtjc0NJV28yU01IZDg2QVhZM0RTUUltMF9Pb2JqOUQ5R2VMRnFESTh0Z2lSZjVueE9HODJ0TTFOaHJyeFk1bDg2VVZaSnRiWHphUWZz?oc=5
PG,2021-02-04,Procter & Gamble share price hits 52-week high after Q2 profit jumps 84%,Moneycontrol.com,https://news.google.com/rss/articles/CBMizAFBVV95cUxNV1pDdUFpODR6ZkJNcmN2aDNkUEFmT2RveWYybHY4UDR2T0t5RkJBVUdOWGY2SDdZcWlFcFVoODJXWXpqRTJPdVRBcjA1LXgyNDZ0UHk1SUNjamdKRTRDT2hOeDVaNHBLMkJHVFM4MGRKRmxGTUVPa3N6SEp0UDFQREFLQ2hGc3BPLTg1TklQWWU4TGNzd3FRb2JYVjZsVUhLOWN4UWRVVXpJMnRfTlFjOEczeXFKUFNFQnlMVXdMcE01TkowMUkwTUo2X0jSAdIBQVVfeXFMUFNLYVo3RHJmcjhnME9GYWg3eHhzRTJ2LTc0dDFLNjVMTHFNTExuV3hlUnJLaGN5NGh3NFpXcjlmTERzM0ktQUdWODRqZmJEZW8tVElrM1hOcldGMVB1a3NZV1RCRktyYW1vcHcxeW54dGl6YXYteW5aOWdhZUpid3VsaThtcFF1VWFJT2FrSW90cXdVZ1VwZFFWV2tETzJtYXlSSDB5NTRMWWtrZUdNLVRMeEpvRDAwb3lpUEhBU1hCejVjLWpEUEljNTBUQkVYQUtB?oc=5
PG,2021-02-05,EXCLUSIVE: P&G lays off more workers but firm says not exiting Nigeria,Premium Times Nigeria,https://news.google.com/rss/articles/CBMixAFBVV95cUxPNWZKNDc4cUd6ejVLbjJ2Z0U2cC1aN2ZLUkxjZ3hadEF4MlV4eHJ1XzJ3SmcxYVZqcmNqZ0FRVFdwSkNma29DaG9rQVhtTDVkM08xT0FHRGJwVE9KbnEzbjBBREtBdTFuZ3dmcTRWU2R4WmpSemVKX3pLNnRPRlhwelZXcFY5Q2wxYkkwZG1HWHBFalUxRUdBLWZfMklZUzdhcnZ1WnJJWFVzY1VxWV9zYi1tNlF2ZTMyVzZPY05hWkZzMlla?oc=5
PG,2021-02-12,Best US Stocks to Buy Right Now From UK,AskTraders,https://news.google.com/rss/articles/CBMie0FVX3lxTE1QWGktTlJMQWFrMVAzWEdjUEwtcURWZzZlZVhvNy1ucHQ3WVFoQlJKbnFqTERhMmVqQzltZG0zMm9wSzJ6MU92OS15VWl2aTc4dmRvdUxlUG8zeHZnWWljY3Z6MW1mVlVXMlQ5WlZiX0NUalRyZWZMVFlyUQ?oc=5
PG,2021-02-17,"P&G India inclusive parental leave policy, 'share the care'",The Times of India,https://news.google.com/rss/articles/CBMi1wFBVV95cUxNdk94bVo1cHRsTkxyQzMwSnVxWlpOd2I4aVNXZ2lNTklpZFpIakF0SmNBcHdpYjlzek44d2wtWUxkakluczliU1JWV3RNdGJFUG56N1RzRGtlc2dQdUctM0lEUEs0eXc1aXNmTTVVRjhaUFhBN04za1M5eWpLaEJXNFlrdkJ5N0RUWnUtMUhqS0treDByYXk4dHlLWFFqZ2VwQzRQOHM1NG5MQ2o4bW9jaDBHMzJSNmxDRlA0eXhEc2dqeHJHYXF1NEU1N0lodEZsMXNIZS0yUdIB3AFBVV95cUxNWk1acFNRWVF3azZ0eFIyWm41OVY2ZHVsUzJfSktmczBVeDdZNW5PamhiT0dRZk8zMDQtand5YVFXYWVNc2JaRG85OGRSWW1Ta1pqQ3JCdXZEbHFHempJelFuc3JlMkZxcjZ0SFE3eGRLX2xwZENuYW1ZRnAtNG8yUVlCWDdkeU9rQk4wNllpeFBCdHpsQm1Ob3A4b09IUnItSHJsU25aZHZIWTZKd3BiYmh4TzlfSWFld3JadFlaYkVpaHFVSzhuUkhzY0F4TW82YWoxSUEwc2VZejlT?oc=5
PG,2021-02-18,"2020 was a ‘wake-up call’ for TV advertising, says The Trade Desk CEO",CNBC,https://news.google.com/rss/articles/CBMipwFBVV95cUxPdWgxWnFmN0c2LVZQdDFYY0lkZGc0U0JWWExVeldxWWVoaEExQUIxcXZ3b0hLV2NqdVk4dm1NRDZhRW5rVUFkbHVGMTFodnhkSWRsU3VjaG02ZUZoWVd2bEkzNFFnaW9oQ3JlUEYtenRVNzZYWE5hYk01eFJMWkRDSlRRb2l6LUpjVHowQ2xMQTU3LU9HeEhMZWxiRi14V3J0UC0tWUU3c9IBrAFBVV95cUxOUlRSZ1MxR2gzTTV6a21yVUExX1A2V0NCM3NQXzQ5UFRYRmpzZzRoNVl6eHhEQjRTX2o1YXVSREVRZU1MLWdfcnQ3WUdLODFRMnpYT2Q5UmQzeWRrVnNvOWlqR2o2TVlIT1Y0MXRVcFVnSGNRX0ptUHZHQ19leGpFaDFOSlBOR3IyRl93VkJ3N3B4ZGFhUEd0X3k3Ui1rbThDUUEwSjJyVGlHd25Y?oc=5
PG,2021-02-22,How to Trade Procter & Gamble (PG),Investopedia,https://news.google.com/rss/articles/CBMie0FVX3lxTFBEX2lHZnppZlhGci01SjVKazJKSGZMai0ySnhSOHd3YjlCdl9KRGg5dWp2YkIyNmtDdHgxTy1OMUgwSXNZZk9jT1dMRVNRZHFRVXA1d2Y1cW1FcWdGdU5nT1F2M0pfOTcyMm1NZmJaUGxtdmNpUXpaWXVuRQ?oc=5
PG,2021-02-28,5 Low-Cost Vanguard Funds for Dividend Income,The Motley Fool,https://news.google.com/rss/articles/CBMikgFBVV95cUxPUW5nd2VWZWM0TTV3d09yVWh5RHBTVXBvTmdrb0dreFF0VzRUMmpDLWpaRXBaS0NFR3VBbjJPbGtzN0VZVks2aDg2R0lLcmc0QnpTLUpNV0htMm54NE5KQzVrOW1rMkNPY0JyejA1cVlFZFo2aTZrS1FYd3RsN0ZCcGRBcnhueDlOVjZDN0V4UmRWdw?oc=5
PG,2021-03-13,4 Low-Risk Vanguard ETFs Perfect for Income Investors,The Motley Fool,https://news.google.com/rss/articles/CBMilwFBVV95cUxOVXdIQTU1M3J1OGxId2MyellnYVFudWF0WTlZX3RGYk1EU05CVHhSeWtmNmpNSENRRHhBcm54WTB5NElSZUdtb08wVXV2dHg5S1NHTTRHRkYxdzB3bkhHTmhTZmx1dGpWNUNjdnJkdl9ZZjJFaGpiZFlvSWNtaUlPSXhIcl93LUptdlRnUkozd1RWM1RoemJ3?oc=5
PG,2021-03-15,Procter & Gamble Stock: 3 Reasons to Buy After the Recent Dip,citybiz,https://news.google.com/rss/articles/CBMinAFBVV95cUxOMDBrTG43NjdFVUdxV09CUk40NjdoamllVWVoZ3JDYmZPOUxFWG40SWU5QUhud2hjUlZYclBiTHVvY0dpcURiMUV2Z0tpTzJzckdHTkphUDhpb1ZKM3Z2X25BY1NpcmJHUUlEZW0yLWlfekhqQ3d1SDNIR29aMFFmWE1TRUgxWEwtNFVqUVRTRVV4M0xDekQzeEpzeHM?oc=5
PG,2021-03-15,Fifth Third CEO explains how bank is operating like Netflix,The Business Journals,https://news.google.com/rss/articles/CBMimgFBVV95cUxOVldBNVBFRUFXMGRMLVpOQnpqT00tTHFtelJxNDRlLTMtSmREalIxemMxc2hpdDhFOXBtblhtQ3FTQ0xfdS1GQkxETnAyVngtN0tPS3JPbUIzWGFaV0RVa3NjOUprd0dkNU56MHlyMWcyQUF5VjFra1FSOURkMXI0NFZfY3dvQmh1MTAtOEhLMUwtLVZILXhIRmFR?oc=5
PG,2021-03-16,Stick to the Fundamentals with the Value-Focused 'VTV',ETF Trends,https://news.google.com/rss/articles/CBMilAFBVV95cUxPZmxOelVRd0pWZ3pKLWpZWTBodTYydnN0TEJlSVFmM2xjVTF5ZDRCcmNvTW1uclBXVzBVd01GbGVsSnI4U2liSUVCcjhSZjV5UFh6LTA2MXFQSHpnUWg0Nkx5dDZQdG1DZlhFdl82WUUzZW1jMzFFUDh3czdhRnZHTExsWFZuRE9ReGxNWlc3cnlPUWdI0gGfAUFVX3lxTFBJUWxqMERxWW5JQWtIZnh5TE1uMzRMWVFZeU9BQW1TSHhmcGxXeXlHeEVNUTlSZWJqQWdmZmR4ZkRyOHJ4Z1hTTmIxYTU1c21BYV90TU1neHhyLVc3YkxqYVlrYzFMb1JoblhDYXR6RkxHMnNYWDNDRDR4QnBTVUVQbWJrRUg5aTBmV2puT3dwOExCZDh0eFpyZ0dadzhSSQ?oc=5
PG,2021-03-17,Who will replace Procter & Gamble's CEO David Taylor?,Cincinnati Enquirer,https://news.google.com/rss/articles/CBMilAFBVV95cUxOVlpKOGpmaDIzOFFfa3NuMXZBMzFpSDY4VmlEN2FaY3plRnpja2Itb0l0cUVfZTZ1UHdCWThKcW9tN255VVIyUGp0M3JMX3g0MjRpdzJMV05aVTI5LWxYM0I1NnctTkUwa1B3WVh5U054Y1pRRGhDTi1GOGtiZG9FSHJRR1pEY18xWHpad1JwYW5uZkM3?oc=5
PG,2021-03-26,"Yes, You Can Retire on Dividends. 10 Stocks to Build an Income Stream for the Long Haul.",Barron's,https://news.google.com/rss/articles/CBMiygFBVV95cUxPd1BFZDJ3OGh6eXhUZVdvVlJVeE9qemVjandRUFYydzdqVVQzd25ucGprRm56ckJHUXg2VlJ3aUhDei1WQ0oxOHVPT1hVdjBjM3RhdWxoLU9ZRGg3V3ZnR3MwMUJlbElnVGFydGFxUXZ3WnNwWFBaTVd6OXRBYUY1VUNuX1BLRkcxZFdXVzh4MjZIRkgzWlZXcXlHS3lrRmd2WmExc0JadXpPamIzcXIwRFJhSGFqQUdhbDlEVzRCbzNPVDZ1MENjdlBR?oc=5
PG,2021-03-28,Better Buy: Procter & Gamble or All 30 Dow Jones Stocks?,The Motley Fool,https://news.google.com/rss/articles/CBMimAFBVV95cUxNMTlMN1Z2TjItVkRhVnFDa08wY3VBVGgwNERjbFk1dlo0eERmTmVOU0JGSllDTFl0YmhxWTFUWVFmZGNLc1hmMkJuZjIwN3R2dlpUclptWUdJZ3lTSGVrZnBIMjNveWcxTXdzRTNtaFFyUGhUTU56dG1fcVQydHdPempRZTVIWEpxaVp3dFlraV9Jay0yeGVtNw?oc=5
PG,2021-03-30,"Here are Tuesday's biggest analyst calls of the day: Nike, Amazon, Roku, Procter & Gamble & more",CNBC,https://news.google.com/rss/articles/CBMingFBVV95cUxNZ0JWdXZYZ0lXb1Nub1FoMmxuSkhza3B0ZDREb29OZ2NTamlESUtQaG5YV210cmg1cEZtN2pLRUJsNnh2bjQzSjJaUWRUV0tIbjRNaHR1TTFyM1k0N2dYeHI3SjhkQU1qY2d3T1RnZ3h0SDJqZEFKaTdNdER6ZThLalZYQWk5SzRiSVNxXzdBTlZnLWRwMzFuenRQbTNxQQ?oc=5
PG,2021-04-09,"The Stock Market vs. Bitcoin, Fine Art, and Trading Cards",The Motley Fool,https://news.google.com/rss/articles/CBMimAFBVV95cUxOcjZseTlKSmVQT3VFSmdNN0Q2WGxSOE02blJKWlVuc05MS1N6NE80b1I1aUNfVHFfaDM1NUFxaTJvcGVMcFhEMVEtOVkyZkh6VGxBRlZ2SHFuWEVmU2hsNjlZelVGSjdHOU5xMjFDNE1LMkdHLUM5Ny1Kc1NhODM2dEdLWnUtR0ZGRWRVWkRfcFNGUXJUbzRNWg?oc=5
PG,2021-04-19,Stock Market: What It Would Take for the S&P 500 to Hit 4500 by Year End,Barron's,https://news.google.com/rss/articles/CBMipgFBVV95cUxNa3RpOThMVGtETzRUaERHNGNhZFBEVllCaEY4cWkzVkREYmZhbEwtZ3hIa2NrY1lhNXEtWl9BSDUtZmFPMmt2SE04ZXZieXZRMVBuNmk5OVg3VlRFZVF5N215LVhFSXQ1UWJZOFBXRm1kMzlvbXRPT3ZxTWVjdEhVQkxqOXh4V0ZDdDBmOWpKbXF2dFFiQzBUaUo3UnMyZHgtRHpzR1VR?oc=5
PG,2021-04-20,Procter & Gamble will raise prices in September to fight higher commodity costs,CNBC,https://news.google.com/rss/articles/CBMitAFBVV95cUxPR2UxMF8tS1VQajVMUC16dXdjWUp3LTN5ejBJQXd6ZlMwYWdJcEU1UVJaREk3S2ZGSUZMV1BOUEZxNUl1YWlIZVkxZ1pZdG5DWUtoX0k2N1FlaTNVNzVSM29Gd0VhczhGb3U2MEJoWHpJajBnLUpIRFM2R2pDWExRRlFYMzlGYm5IcXlaTjQ3clRJZzRtWUdQSHlteGtqcmlaTGpzR0wxSEVMeUpYY3VOQ2Z1NE3SAboBQVVfeXFMT05lSENwTU11ZFNqU1pTNkpCMjdNMUZCaFpybkMzX0w0dmU5STQzSXBDcXlQOWVFTFItNEFXbEVDa21OWGpWeXBDWUlTZGV4TVlUWTBJQ0paN2dYVnZ4amNldEFXX1dqUm9UT3ZFVXZ4WnoxTG9zek9VRWxodFVvTlZPMVZHdEk3dm5QYTB4OXlJYXZXZ2ZySTZnY2pwWmJHbmlXYXFkY0h2bHYydUNkSVdndmowMUVfcWl3?oc=5
PG,2021-05-05,"Why The Honest Company is overvalued ahead of its IPO, according to a veteran stock analyst",markets.businessinsider.com,https://news.google.com/rss/articles/CBMizgFBVV95cUxNZzFKc1EzcURyWnp6el9MaTFQSXJQSzJpdWIwYk1DZ2o0WG5qTGYtQ0p6VFduSWpCTUVXWjJneVpRQTcwUHp4T2NGNHZ6X2ZrbVBrSGpja1R0bFlhOUtNQW1UNE5TcXZKU3RhTHdDRUdrNjgweU5FanJYNmtmbjFZZUtRbTVldFF3RFJoY2Znc21RTTJJR2JXSU5tQTgtam1kMWo5MXlucFlZSmhDbnJPdXNXbHlfcUVTaUptZlRjX2lWLVMyanNremsyN3ZhUQ?oc=5
PG,2021-05-05,"Lifetime Achievement: Michael Ptasznik, Nasdaq",Markets Media,https://news.google.com/rss/articles/CBMif0FVX3lxTE9iaW44UjVhNER2UGllVlIydWhmMXhkZXRva2V1MXZYWW5OV09TQm9yLWx4YjVxelA1T2MyZmp4NkIwbURWcTNOR3h0QlBRME4yZlFUZ1lBLWJBbFN0MVNKQUlXQ2llbk8xN0lkRVRuOXJIY0JtN1pkS0tsWUJTTVE?oc=5
PG,2021-05-07,Why PureCycle Technologies Stock Plunged Today,The Motley Fool,https://news.google.com/rss/articles/CBMikwFBVV95cUxOaGk4NUIxUmZaeTBZRFVFSVZPbUhhYmpTTnlWdG15NkR1Umo5RDZ5SHRwUHpMNG11VVRIbXo3SXlaZUpIa0FwNkVTenozbnd0dWkzd2RXQVdWZWFBLTJLQ0ZtQzVhTFFJRF8zd0lJT21udWR5UlUyeTFsVkJzMlgyQW4tRjhBN09BMGlTWEotak9WWWs?oc=5
PG,2021-05-11,Kate Wang Is One of the Richest Self-Made Women In The World Thanks To Vaping Company RLX,Celebrity Net Worth,https://news.google.com/rss/articles/CBMi5AFBVV95cUxPSnc2R0FZNVh0SXA5blhLdWkyX2N4R002MzdybzNtSEwzdjItZHFJS3M3cV96UGlWb29BZUpOMFRzbFNuM2hCZEt0cDNqLTJhS2gzVW9ud041LUtUR0tib3NwbHRXTWZ2a2djMmxRa2YwdFVjdEw3dUF6S3JOMWpac1h4clFaOFVaQTlTWURnbmxmNXQ5X2tmM29FRGhpSXJhbHRsZUFzN3NsNVFVYkY4N1BkS3pscThfMFoycnFhQ2ppMGdvbHM4MWc1NVg2b3U0TXJnZEZMbm02VkdYM2liTkFIOFA?oc=5
PG,2021-05-12,"Dow Hits 35,000, Crushing the Nasdaq. What Does That Mean for Retirees?",The Motley Fool,https://news.google.com/rss/articles/CBMilwFBVV95cUxOd0dUMmhZTEVFSjNhNE9BMV9NLXFGek1oSWM5Mm1ZTHpJNXJ0N0Vadi16VkNLUEdGWU1QelpmVjE1SEU5SFNrYkhvQkhiYW0xWXZwejFJdzBMdVB0TS1pcmZHeUItOVY2c2NpQ0RBRjA3bGVCNTVRbl9tU21MUDBmMlNVZG1WUnZlcEttbXlOajhFRDNGTW9V?oc=5
PG,2021-05-13,P&G spending $1 million to increase LGBT visibility in advertising,The Business Journals,https://news.google.com/rss/articles/CBMihAFBVV95cUxPYUxlbFF6czY1Nk9ET1hncC0xWWNFTmJodWVPN2xmRGkwVnJjVVlVWDhXVVpMTU91SmVHYkxVZ3JhSE10RWFQbjhLbWxMcGVhUG0xbmFzT2hKSnhQd2NRUGxaTFpvVG5UN0ZsNEZ3Ulo5UWh5Ml9nSEJMcHI1UERGUkRlZEU?oc=5
PG,2021-05-26,"DeFinity price today, DEFX to USD live price, marketcap and chart",CoinMarketCap,https://news.google.com/rss/articles/CBMiWkFVX3lxTE0zMzE0d19NYjhaaFgzVzVpY2VEaDU3U0pWOE5NQ0VFM3RzVUJreGRtMW12UXB1Z0E3LVB2eGpSQldzTm5fSlBMTGhCaDUzVzhianVqa1REOF9HUQ?oc=5
PG,2021-06-04,"How the Pandemic May Have Hurt Clorox, Colgate, and Other Staples Permanently",Barron's,https://news.google.com/rss/articles/CBMic0FVX3lxTE0yckJRV1pveGNLVzJzcm1yUnNUc2lrUlFYNWJIOUlua2lQQTVLNnBpdXZ3NG9WYVFHcU9VR0lNLTB2a3Vjd2Rlal9lWElVZ1NqLVdLc0ZUMXhJVXhKNlV1NFU3eUxkVkV3TTlrWWUxTmxHODA?oc=5
PG,2021-06-08,19 Blue Chip Stocks for Incredibly Reliable Dividends,Yahoo Finance,https://news.google.com/rss/articles/CBMiggFBVV95cUxOSGdFRHJBUDNyMnpHOThaZUVidDhpRG42VllkZlFUOWVtT2RKWDQ2cTlKMWRtYWlFWXhpUzRnZG5SRHg1S0l3ekpsaG1oTHJkNjlLS292RnFhc3hCY08xRDJtQy1KTDJyblp1eDVzVU1UQU9NNGI1Y2hBMHFxWkQ5aFRn?oc=5
PG,2021-06-22,Tide partners with NASA to create detergent for astronauts and help save water on Earth,CNBC,https://news.google.com/rss/articles/CBMimwFBVV95cUxPa0Faa2Jmdl9iX0N5ZVY2S1J6T2RVYWRDVHc2a2tpaVkwcGNNcENYWWFWMDh1R0x3eTdXLXg5U2V5S0V6R3o3R3Y5VHpFLXNQcjAwQ2QzWVYwTlFYX2hBQzJTd1BNUWpXeklrMjdUUWs4eHVSQXZ0d0pNS2dPT25uRmlfZzVJM1hBcW1GdktUZjdLSEp3NlMzSjNmONIBoAFBVV95cUxOOERrZWVSX1ZXNmd1Wnh2RVhiX0NjQ0FWbHRJMDh4VUs5MW5iZXZTajc2S3hpdnNDU2lES3RHNktEdUhycUw1bHRoLTVGaVdUOTVYaXBPNnFRd19LRnZQc2QteTZBdEluOTRrOUZIeW9oNWFoQ0lFQ0VzeU8yZlZwS2hBYXdZbFFHajVSeDh3R19IV3ZEZ1V6RUEtY091LWpf?oc=5
PG,2021-06-27,"William Osce Coleman Jr. Obituary Jun 27, 2021",John H. Evans Funeral Home,https://news.google.com/rss/articles/CBMib0FVX3lxTE9PRUFxSlZNRjFMbVV6YkRqdUdJN2Y0ZmZPWF83UlNZZGQ5SkR0dWZVNXYtaUg2MUgzczV2d3Q5RVUxZWpydHJ3eGxJQjhFSmZCMl94Ni1ReXVoZmV4TVpDWEJLd3lCUU9mWklJckY1Zw?oc=5
PG,2021-06-28,"MNC equity funds were chart toppers once, but are they relevant to investors now?",Moneycontrol.com,https://news.google.com/rss/articles/CBMi5wFBVV95cUxQOXZpaUtjZmlpVG41UERNbTZ0b2MtY2syX2VkellFeW5tc2lCNlRwQW9OWGhEVjFoR0RHNWM5QXhtdE1yU2ZUNmJVME5Ec1Y5RTVadXZSUExjb0JKSTlqcE5jdVVIalVyajNTV2hEUVJVRzR4eDV4QjNJWkRGenZVU3ptYjRxYzJ4M2NSZGlVWmg0NlNUc2FaM2VoQVZ6YmgzRzJtd01HbjhGbFJ3VkxWcU1CVzIzc3l2WkF1OXYwa3BnTE0xek9mT2hieU1jWXdsblAwc20zUl9rcnl2MHZFb0hKeEhHSDjSAewBQVVfeXFMTkpoNlNsWnliRDBwRXJKblN6ekFSMno3eFFXU0dLTEd6ZE1xcnFzTUpBSEhYN3RxMnFaOThmUnRrRjktRXhVUU5fUTE2ZkUyYTVweEFwRk40YWE4WU0yZy1CZlZQTDdXSmZVeTNvdWlxekpUa3NBTjlZRG93QzJBUGpjUTg2QzdiQjhUX1dHQVI0NjBnWnpJZjJBNDVUZnUyeHhzazNYNHZ5ZVV4RzNyX3lSQ2p3empodFE0WVFad0RnODVzYjNoVGlwakdYUW9HS0toY1JrM0hIVGRGZ3NIcUFrV1dpdk9PUFA2eEU?oc=5
PG,2021-06-30,How Adobe Stock is embracing diverse and inclusive imagery as consumers seek authenticity,Adobe,https://news.google.com/rss/articles/CBMivAFBVV95cUxOY01LOTRlZzQzRmx5Yl8tajZ0UjRCOExGM3ZXOHpfY2lYa1FTWk9SODQ1NkI4REp0QUpnTXc2ODRPLTYyTWV5cjRBX3BCbGcyMDF3Y2luUEF2UmdFb0VEMDhCTC1NMWRZTnp5Q0RzNk5mUm1peEhsQlhGcUl1OWh4XzNXa2haV19TQzZ3WTlPNGxhU1ZUczVySS1zYk1XRGxsZUkyY1JTbFRodkhlNVBpZl9rUUNrU0hlLVFQYQ?oc=5
PG,2021-07-07,How Fifth Third lifted investment pro to Courier stock contest lead,The Business Journals,https://news.google.com/rss/articles/CBMikgFBVV95cUxQcHF6b2luZE1sSU90VUZ5Zk1ySnREMkxwdi1icExDQjQwYV9oRDVmbDE0MGFLSjNVYlplUl9pcmJ2MXVUUlNJYkg0QldhcGxQeHZab0tiMzNIbFJfNS1MVUlvSkNMVXlRSy15WmlhV1RFWGVnUlQ1b1ByYktsTC12eWpVdG9UQnhuczNnd1lkU3NlZw?oc=5
PG,2021-07-13,P&G Swings Consumers' Moods with Quiet & Roar Brand Launch,Cosmetics & Toiletries,https://news.google.com/rss/articles/CBMi6AFBVV95cUxORDQ1OVJSaEF0N2Etc1NkYTlfc3ZOdGZkLUkwakpuNV9SZHBuVHB6S0JrbDVwU2VNbGZ1eFNCZm9oRnhyTDhqeDNhV0V5aWk0NjN1OUlrcV8zal9vS0EtZGNiM2ZjWGQ5ZnVJaXJabGdnM1B5WWd5RnVBbHJVLXI3RG5HRnIzTlBNRjJjbGxKWmM1ZERrdWZ0STlFeFNsYk1aNlVsMEhickhVb3NWRGRxMzFZQ2ZSTnVlZTlZV1h1SGtMV1hxNXdnQUZUUjFnUVEyalQtY2xqVjI3a2NvT0locjF2MXJmWDdF?oc=5
PG,2021-07-15,10 Best Safe Blue Chip Dividend Stocks,Yahoo Finance,https://news.google.com/rss/articles/CBMid0FVX3lxTE4yVV9rT2FsczVpUU95eDNhQVowdzRfN1BFTklHR0NJRno4MDBOWXlnNTlWbFBRQmYwaE1zQ0xKR0JndGszTF82OTNfZXg1cHZwMU9NQ3ZvY24xUzVjWl9FczRNOFhJYldSREl3Q0gzcEl5NnlpMHE0?oc=5
PG,2021-07-18,4 Ways I'm Preparing for the Stock Market Bubble to Burst,The Motley Fool,https://news.google.com/rss/articles/CBMilwFBVV95cUxNRnkxS3FJQ0Z3b1dSSWdPZW9WMlNZVW45bmdpVG9vNmplb1RCdTN3a0xzVVBlVVBTU3I0X2kwT2t2TXRSaUcyVDVoSFp3dWExQmxNWW8teHIzcXlRenBWU2RRSUJ1dkJGcFZ6U2V5dDBoLXlhRjUzU1BpcFBBWWMxLW9TbkdjOTU4VGN3Y3lVS29Ha1FsemRz?oc=5
PG,2021-07-28,Mega Caps Could Lead the S&P 500 Higher,Investopedia,https://news.google.com/rss/articles/CBMihwFBVV95cUxQTnU0TWVsOG9mVV85LV9hbXFIT3lfNW1jSnk5MjFvQmtsRm9SNndjUkQ0bXlhbWFyTDVJNUVBTEZwc1dEY1lyQ2xJMElhTVhpVHI0V19XczFNMmhNd3AzZ1p3R09SZDB3U2RTLThKRXNJZ2M4X0VtUzdOLUs5OE44UGFBYXRCMTQ?oc=5
PG,2021-07-29,"Procter & Gamble names Jon Moeller as new CEO, will replace current chief David Taylor in November",CNBC,https://news.google.com/rss/articles/CBMixAFBVV95cUxPeGJRTjJxS0lqbkFzU29BWDR3ZzRVd1VwNW9GdXNXcU0wcUVuQURUOHBnTlpSMzRjcFdrMklWTjBpTlhFNVk0NktuWEphblQwdzA2QkM5MnVxakNlY21POFVQRlYwSDdRNGJGNXNKd01IdHh2SHUyMkdoeTNYUGZ5WHNFUEJubEhTc1cxdnFtM3dBTjFoNWJTRWg0ZF84OGFpOTdsaGtLalRiMnFSSVFZa0dhQk9jN2hVUWU4WS1BQXZQTlFu0gHKAUFVX3lxTFBIcVlKN0prSXFQLWE3bzNCdi1Md1hyMVA1d3FSNDJ3MnpBNTRBTHRnNGo4UVlKSDUzVF9IN25JQ0Y2N01tczBuX3BBd3Rfc0NKU0N1dmRURlBPWFlsSFZSanluTkZyUFQ4LXM5OUVnN3VlT3FvcmZfQnRpZUxpZjYzNnAyNEhCTURBdFM1d2cxeFVmbE95T3VuV203QmtQOTFFMExnZldadEtLT1NMcnVHQWRkZ1VTWlJlb1lXWVo3QzF4dVBtTXNGOVE?oc=5
PG,2021-08-02,Core Equity100—An Easier Way To Invest In The World’s Top Companies,Syfe,https://news.google.com/rss/articles/CBMiowFBVV95cUxOYldqR3pxX0lFaXo2SkdXX1AyMk45ejVVcF8xemQwVDdZUTZ1NGl4TzhNY0pzRHNjV2FKZGtQQ1FTTGlPMjI5eU1ublVJeFNDc1c2Q2FjSU9sVklzQjVDRldDRU5LTmI4SUl3R21iOWl1TFE0dmt6bXFiYkxQWGhlb0dYR2ttMnJNX1FIUnR1SkVGdUl0SjgxTVN6T2Y5SGFndGlJ?oc=5
PG,2021-08-02,How P&G's $140 billion man cemented his legacy - Cincinnati Business Courier,The Business Journals,https://news.google.com/rss/articles/CBMihgFBVV95cUxOdUhNUS1pUUVud0toVktwblpPUzlnVVN2UHp4RXdoV1lfekdDZEpoWFVoQ3VocU5wbkc2ckprZElrWnUtOF93cDRxSjlHU2NxTVd2T05vREJHbDV0ODRhY3htSVluSjZCUjZ5ZjVrLUNjVlp4T2pfc1ZfaUFVd2dvOXZHTXFUdw?oc=5
PG,2021-08-02,P&G names new CEO to succeed David Taylor,The Business Journals,https://news.google.com/rss/articles/CBMifEFVX3lxTE1TY2U2bFpWREJRdUplZC00SEJSRV9XajFRRGptRU5tR2NEQmpGNXpjcUpuRC1hdGNsMEU2OUJyUjN1M2p3SGZiQWstT3FBSnZWNzVqUHo4QXNvTHpZbHZyZTZ4YnVYV2Z2WGp2R1VBdXRFanVCNmdpMHh6bnQ?oc=5
PG,2021-08-05,Procter & Gamble Co (PG) CEO - Family Care & P&G Ventur Marylynn Fergusonmchugh ...,Yahoo Finance,https://news.google.com/rss/articles/CBMiekFVX3lxTE1WZXkzbmlTZ2J3cDd6eU5sMU5TY3htdVM0RTdtaDl1anlGUkx2MEowR0ZNSjhOTkUxMHhJcGg1OEMxcldlWF9DN0h4Nzd6ODRwbHZTZTlwamVuaGt0LUUyTTBzSHRGMHFLOVFWdW1UdGlsU3pRb1lyaERn?oc=5
PG,2021-08-05,The end of the Nelson Peltz era at P&G? Hedge fund manager exits board,Cincinnati Enquirer,https://news.google.com/rss/articles/CBMilgFBVV95cUxPNzlDZTU3T1J6V3lsdFphVFVzanktVTBkaGt2aVU4ZWlqNTZQU29UWV9jVTNtWDJsTk12OTd1S1FrSjVFbGZzcEFJUmIxVW5kUkxzVHhnWjZMcjRRY0NLUl8tdWJfV01MUkNWekc4cFdQbUZBbWFrbUo0WmwzZ2VmYktLMDJvWWlmSTRaUUM4ZmdKZU9vMmc?oc=5
PG,2021-08-05,10 Best Hair Care Stocks to Buy Now,Yahoo Finance,https://news.google.com/rss/articles/CBMiekFVX3lxTFBIS3c4TFlwYzhTd0M0bTVObWhhQWgxZHRENjFqQWtka1lta3UwX3R5RXY3UDhsRFFhYnppVVNQa3hvSVZhMUlFQmpxMDN0SEtSU2tIQnRQVE5sVWFnQ2lhLVRWZlVDbWxGQlJEX1Z4VDBhTXlTdmloNjdR?oc=5
PG,2021-08-31,Americans Are Stocking Up on Toilet Paper Again,WSJ,https://news.google.com/rss/articles/CBMimwFBVV95cUxQcGxEYlZRMW1MSDM2YnR1aDFQWWhuNm1qQTJfNmltRUpWTVNkYml3RUdSXzJHVmNYUXp6OUNVZWdUWlR6dzltTmx5QjJSYWhpbVcxaXVRcS1ia3ZZc0o5dHFfZFVaME80Uld5Vnk2UWNyYzN0YmtmcTlVLVRlVlBzZDIzUTJUcmVoRmtZeXA2em9jM3piVTZfVl9EUQ?oc=5
PG,2021-09-03,"As board departure nears, investor Peltz sells tens of millions in P&G stock",The Business Journals,https://news.google.com/rss/articles/CBMirwFBVV95cUxQV2dGcjczb3RWbFpBMEF4eC1sYmdORXBuWEJfU0w5TWF0dXd1UUNUbW5qQnF1TGloV0lQeWtOdnRMRnFHVVpDR2NILU0tWWdRSWhxVjNvYnlSNUgzc0h4RW9mMjY4WUktdXF4RlpORzIyREdSTUgwaGoza3RVVEV3LThST1lmVzM4YkdNNlludlhGWk9vWGQ1Sk9yT1hyS0t6XzQ4cjBjcWN6aTQ1Z0NV?oc=5
PG,2021-09-24,Consumer stocks often bring balance to a portfolio,This is Money,https://news.google.com/rss/articles/CBMiswFBVV95cUxOTlZXTi1ZbUhtTUItd3RmMUk3X2NmTXBTdE9nSEtNWFpGcnVSNnJNNEd0dzZtLUNCd2E4QVBYU3U4WFJpaWRyMnY3OHZ5ZjNBbnZNT1oyNEtrTUVEVk5RMVo2Ykw2OFJyMWJzQ2VWMG5CajhCUGJDQXRjS3dlN2JBeXJsR3FwWGlBc0EwX3hXcm1IdnJ4R0thZ294YTl2TGxFUldXeFJiVDFWbnd1MTRHZXMxVQ?oc=5
PG,2021-09-25,This Company Has Declared Rs 80/Share As Its Final Dividend: Know Details,Goodreturns,https://news.google.com/rss/articles/CBMi1wFBVV95cUxNRklLM1B3UVU2T3NlQ2Zwd0xubkFxdzhIUnRQTWtVckFfOXVnVXJaSWdiX3hTdk9JaTV4c1pSMzg2VUk3azdUUXNLWlJ2NFNpTTFvYnJUd3ctUmViOXBtODR1LVM3N1RSdlZ3MFhTbDlsSFhkSWpqZEp0cTItMlcwd0NkV0V6VnNoV3lRV0N2U1g2VEstQkN1WmIzU2RfMXVRUm5UR29SejNkb21YS09hV1BGMUswRk1tazJHUGEwTkl4MlN0SFBfa05pZHZvVkhpQzJvYTFLRQ?oc=5
PG,2021-09-28,7 Indian Companies that Swear by Buffett's No-Split Rule,Equitymaster,https://news.google.com/rss/articles/CBMixgFBVV95cUxOc1J4dkl1Z3liOE13aTF3WlhOcDdCeGM3bk00Q3dFdnI3ZGlNRlFkWFh4Snk5ZDB1Qzc4WEU2VkdqWm9UMnlia3p3WVFrNVhPZndoY1VlMXJ0LUQzeWlsdmRwZUY1eFlidzlTUU1DaWhaWU5XWGFCWDNucXNPMUxjTFM1c2NTSU9vcU9WSmlJbHNFQ2hVN2VKbTNNeWtkYURtbnJUQTlMLURjbDhlQUFTRUFGXzFSdnRGWlRSTW1CWmowMnJoMXc?oc=5
PG,2021-09-29,Top 10 Hedge-Fund Managers and Their Top Stock Holdings: TipRanks,Business Insider,https://news.google.com/rss/articles/CBMisgFBVV95cUxPdlViT2l1Snk1SjJKY2VCU3JhcC1hSHRlUFB5NGZzRzg1X3BxbTUzN0tRX3hZc3g3RVZtU3czRFhyZlNNb2JPYXpwdlJLaVU3eFpGdTh1TWpWWW9ZaEZIVk1LcFhrSnlPTktTWlNENl9vbjFFd25FNGtYaTZvZC1uNWhUdWE1NGJqaks3cFRwdklyNnNzNTdTN2NhcTVJcEZIa3luVDNCT1Q5Wm1hOU5jMWVn?oc=5
PG,2021-10-12,"Christopher Kempczinski, President and CEO of McDonald’s Corporation Newly Elected to P&G Board of Directors at 2021 Annual Meeting",Business Wire,https://news.google.com/rss/articles/CBMikwJBVV95cUxPdHRQRERHNFViM3hVOEthS0lGZXJodXJpZW1SLUZUZWVPRGhGRXhxd0NWODVLS19lZjIwWGZjalUyUHBFUWxReUZBc1Y0RFRkclNjemg1bzdXUnlLdHN0eU1hczRXOTlrYXNINlcxUTlpRHdQZFJvb0VXX0p1dzl5Qkk4eXZUSVdvWEVMaGtVRzI3Z0xSWmxsREtzeHpTMm1oNm5zbWhMX3V1REJTYnA4ZHYzUVU4Y3VnM3RkMmxPTHJjaUl3ckZzdDhrd2RYdmRfWWx1dU5JdTBRdkNqbjh4V2JFakNoMTdtSktfUlJsY0NXbDBUTXhOWHhBWTVkMEo3anBXNmJyLUFqNWNaeVlmRnRvZw?oc=5
PG,2021-10-13,Why Procter & Gamble Is a Buy,citybiz,https://news.google.com/rss/articles/CBMidEFVX3lxTE5URG4tQW1yVHo5WnBCLXFCV296bzBkVkM1c0V4MnppUTMzUVVrUE9YdkprYkt2SlcwTmJraDctdS1XUHhyV09CV0o0OHFrLTd1UUdVZm9fUWZic09CVU5uSXBuME1nYmV3N2dyUnM0dVBnLWNz?oc=5
PG,2021-10-14,Is there a diaper shortage in America?,Fox Business,https://news.google.com/rss/articles/CBMifkFVX3lxTE5mVElra0luTW0xN1hjVGFjV2hkNE5oaWVuSGhLaVJnQjlZLUNFa1RxbmNoQkJXNE12SW84MnN3NTRjN1g1Z25GVEliNWJvZ29ScGRXbm9RQ19tVmlFaVJDbHJDSk9jZWFQb0ZtVjd0NUowNktZeVJ6Vlk4bFNhZ9IBgwFBVV95cUxOZC1mU1VuUmZ3dkM5Y1FsX3E1RWh5eW9ubjFBNUFrV0R4NkVPbTJ0OXZ1NlJsM3pfcng4WjIyOTgyNmdNa1h1eVliQlNSWEVYTi1IMFpFdDhsVk1IOVJXbGNWcWFJcHFoQ3pRU25uYUtWVDZnWWFrQ1Q5MmFxRDBQZDRfZw?oc=5
PG,2021-10-15,P&G shareholders appoint McDonald's CEO to board as longtime lead director retires,The Business Journals,https://news.google.com/rss/articles/CBMipAFBVV95cUxQSi1UX3RkSVctUHJRRWRmb0pJajMtLXVZMUM4bzh5ejRsQmZTWl9UbmxVOFpEaER3NkhJcGtYYjNySEJlLTV1bUlaN19WWjJNTmdrY2FKNWZFeVNKaGJoX2diTHhpempnejcyNjNKOG0xR3h6cDI3ZGJ2Z1RPOFJ3NGlyUWpUbURLR3diWndhNVVMSzB4MnZWYmJlZmppcmlDSHd6Qg?oc=5
PG,2021-10-16,‘Succession’ Fight: Can Logan Roy Save His $18 Billion Fortune?,Forbes,https://news.google.com/rss/articles/CBMiswFBVV95cUxNUVg2YU4zZ1V1YXNOaVhjZ2JYT296LUpiTzJBZ2MzcHlpbF9LcUZ5akpheDRnTDJfQzRHVEhVM2R2UHhfdFlBQWw0SUQzYzNKcVpIQkg5ODhsZU1hZWo3Y1BrZHBhdmdfLVZFUHVOTXJla19tLUZTM1YwTmItOC1TcGYwUDdSaWN1bkFtUFl0X25rWGY3OGJHa1hCOWNZX3VSSHJyUXBWMy15bUtESmUtbC1uMA?oc=5
PG,2021-10-17,S&P 500 notches fourth day of gains as investors await key earnings,CNBC,https://news.google.com/rss/articles/CBMiggFBVV95cUxQTGc5X0QwV1ZDalJyWWlnckZqNlJScVhqRDRwV2Q0QUtGcS13VzZ5alF3QS1FSHZLcXZfZEJzS0FZRW1aSjR0N1ZpNlNFeWxNNUpEMk9LUUlRSnotcjZjX2Vib0d6NmJFSnc2Zzc1bWx5LVFVcUpNTE1rM2VUUXlDUHZn0gGHAUFVX3lxTE5LekEzZDV1aWZZMFM3RWJhaEpvWGpzRXhFTTVtcmFES3RoRTRJcm1laGhySmxZUUNEeTdYdkc3SldoaC1LVE5LeGhPRVJxUHgwVHRxd1JHclJEcFVFSkpFaTVSX2RPd0wxaG1zaHRwUVVOX1RMRUdnWmk0T0tsSDhOdF9GNGVjWQ?oc=5
PG,2021-10-19,"Stocks rise for a fifth day, and Bitcoin nears a record high. (Published 2021)",The New York Times,https://news.google.com/rss/articles/CBMigAFBVV95cUxPYW1NM2Q4Y0Q4QWVnSENVdzRzTDJKclJqdnBqRU9VYnJwS2FHa21sV0U3WTFGQVc3TzJ4Z1QwOHhHZDB1Z3BJMTBiaU9BY3BfaFBwUDJWUHdsejZ3TWVQMjVEbEE3SkdSblJQQXhaa3NGR2hhRV85eFVFTHc4ZlBoQQ?oc=5
PG,2021-10-22,"Consumer goods costing more because of supply chain strain, inflation","ABC News - Breaking News, Latest News and Videos",https://news.google.com/rss/articles/CBMipwFBVV95cUxQdU5QVllsU29IbGdUY1V4OC1Cb2xEOE5tVlAyQ0R3YXBDczB2VEkzSHVQTXBvYnV6SWUwaGxFRGJtWFgtdE1ibE8zR1NUdm94cWcxRndUTV9EdkszWGo3eXJ0WEJ4OFFuQ25zZEg1QnlwSjdvVUZKT2d0cWQ5V2RPUm00eFVJa0t4RzdXUW84TjJCWmY0Zi1sZ2FKQzNqVnc1eTNsbU1KZ9IBrAFBVV95cUxQN1NmUXJnM2otLXpwcjc1Q1RkRjVDWFp5UjBqVlF0YTVtZWZKRW5nOFlIeVNVUm9aVTdPV0MycmwteFY1bVZMU1JxU1pTT3JhX0JzNzJ1eVZrUDBuMXJod01qOVduSGlIT25xTHVSbkQwb1Q2Q2NrWWcxbTNJLTNrNzJLb1lOdkNGdU9MY0hCQ0xzVFh6UDJnNE1QaHZMWjktdGtxY2ZWREtuSkR3?oc=5
PG,2021-10-28,Better Dividend Stock: Coca-Cola or Procter & Gamble?,The Motley Fool,https://news.google.com/rss/articles/CBMilwFBVV95cUxOLXlQZ3RkdS1odHJnLTZla1RKVDI1VGpMWkdkSVU1TV95NnVpNUh2elIyWEg0NmVhaEhNeTBTWDg1SS1UaGZXM1NkM3J1OEpYUlZwUWdDWHk1ZmVmZFR5YUhFZ3BUOEdPMDlaQndQMTM2V0hEVm5fX3UtNENSRTFEUnNGNUY5dDJlSmFPS08wdFBSazJqSm00?oc=5
PG,2021-11-01,'Mr. P&G' takes over: Jon Moeller takes helm of company he helped rebuild,The Business Journals,https://news.google.com/rss/articles/CBMifEFVX3lxTE9UVE1xTHhEaDBUQjVnQWxfclg2UlBtazVsRllhTUNEZG9DN0dxeXRFYVlaYm5MRVhyei1GX2pnZ1NvUVJsaWdUNXFfX3VXYlVqUWdPZnh0VFZuN0RBMTlMaGZ1dDl0WS01LWtqZ2JMdXdSblV4Nlg5VDZqdnY?oc=5
PG,2021-11-05,Consumers Are Still Buying Procter & Gamble's Products Despite Inflation Fears,The Motley Fool,https://news.google.com/rss/articles/CBMimAFBVV95cUxOTE9ZMnRjU1hWY3hEaU1mc21NWHJia0RXUHdHczJiRXhsaDRta0dxX2gybjBHQWsxT0QtcTUxaS1kUXJaQ0RMVENPQUt5M2hCTjgxNW00WUs4ZzdxTHlUWUlYeDZzdzNVa1prc1lUQTFuQmg3SzVmdk12TnNsTnMyQ0ZDMGRZbmZNZzFNUTlaRy01RjRlQ3h6dw?oc=5
PG,2021-11-10,Just-in-time and safety stock require a careful balance,Supply Chain Dive,https://news.google.com/rss/articles/CBMimgFBVV95cUxPbmRBUVYyNWtSSHhucnFYMFZLc25uQ21Kbm5HeXVrMXBSdXZ4N1J6Z2lYbkdVQ3lfWDZmU2ptR2FvNktJaHM4clQxd1h2cWRDUzdFOWk1VUNaZVg4UkVPNEJmSzVJSnhnY0w3VVYxcDNHazBHNE92U1RhbDV0LVo5YllYNEdxblVOamZ3cDg3VjhEMVJIVlZ0YkNB?oc=5
PG,2021-11-10,"Nykaa gets listed on BSE, NSE; here are some other beauty brands on the stock market",Firstpost,https://news.google.com/rss/articles/CBMiywFBVV95cUxOeUFvMnluMmVJcGxNYmlUTkY2b3BndFZUeWUxU1BMaG1lcnBDcHBhSmhUTUtha2RxUjJPMEg3aVhvTlFVUE92TmliRHkxYXVrdVQ4eTYtcjd1S3AyUmJVU0RkS3pSXzJJRF9wUWwxUzFpN2pleGhsVUw2NXFNeDNYMkZERVpTTDk4VGI3RllLNWVRb0sySWpPYy1xSWt0THBfY09BU1lwQkQ4R0tOR0N5NklZdW4wS29iTnlPbWZtZzNuSHBHRURMYVhPWQ?oc=5
PG,2021-11-15,Dividend History - Procter & Gamble (PG),Zacks Investment Research,https://news.google.com/rss/articles/CBMiZ0FVX3lxTE53ZWNtR2JYTTY0aVZid0tkNHJOY05oX3RfQWpUUWVac1hnNWR3Z2MzZmtmdlhqaUNYdUpvVVNOeHpSTmEwUTc0RURlNlBtZlpzc01xSTAwc05naFZtNUtPRkNSN3ZPWVE?oc=5
PG,2021-11-18,Coty Touts ‘Powerhouse’ Beauty Plan Progress,WWD,https://news.google.com/rss/articles/CBMivAFBVV95cUxPQldnWjJVaVloVE1zT2UxMExuSlpvLWp2akxJS0ZrZnZ1M3hWY3J2S3FNMXYwRE1tZUZzZFRWcFdzTF9WT1lxcmR0bzFSTUhENXdZSFBPUGQtbFhUVU5fSUhEU1ZQS2w1Ylh3UVlXRFNjSUNvRmhHVXcxYm8xZGt6dTNTQnNZTjI1UGhwY3JPMFBtN2MtNGZIMnRudlJmekk2dzhKWGIyb2hHV2dfcUZYMEFMUXlVNkJCbDlCdw?oc=5
PG,2021-11-23,"P&G recalls 18 Old Spice, Secret products",The Business Journals,https://news.google.com/rss/articles/CBMirwFBVV95cUxQdFBBWnlobEZFbjNtYWNienlOUERET0lBNll4Q1ByOEVjUTdPYzluY05HQjJld096QXc5WGNBb0tWVENIcW1TcGtZeWNKcTkyZXVvLXVZeFBzYjJUeVdOOUJwU0pVYS10TG1RS3cxLUNla3piN0R4ZVZuMEFSbEpyZWFnbmtlSTlmVm1yRTFPT2ZoX1dMNEJHdjkyYjNqWEl6OWFCaEJ0THdXWURMZnVz?oc=5
PG,2021-11-30,Schick Owner Edgewell Personal Care Buys Women’s Razor Brand Billie,WSJ,https://news.google.com/rss/articles/CBMiqwFBVV95cUxQd3ZlQzBYVlU1VnE0ZXZMOHNXQ0ZNbmpCdV95cnVqWDJ5XzNzZks0NW16TlFIQkZCVHN6SDN6U3RfRFJIWXBGaWFWX2RJMjBUUlR5WGl4b2RRaTBiSS1jalZaTFpOMUZZLVV0dHI5R3VFMmxGbFdldjBDcTNsdFo4dVZKdmkybVdNS1pyeUF3aUpvd0ljMWZVdFJxOHgwVWZjU1FmM25HNml5XzQ?oc=5
PG,2021-12-07,P&G acquiring influencer-founded beauty brand Ouai - Cincinnati Business Courier,The Business Journals,https://news.google.com/rss/articles/CBMiqAFBVV95cUxNeGJiVWl3TUp6U3RRZTMwaGl5TmdCNExDNHROSG0wcDVRMERrdWZtRnBzTjdmYkRkdzVJNklWdmNEODV1RUpoZkQtSjFLUWxWVlVJTHB4YmE4UmFYUWVLLUFTeG9Xd1pRblhfZUJEZHZRcEdTR0FJbGlSVDY1MTNTZkFmYmNSNnBxaXMxd2EtTlFhZmdPN2FtMHk2Nks3bXhKRTN4U3pkN3o?oc=5
PG,2021-12-17,"P&G recalls some conditioner, shampoo sprays on finding carcinogens",Reuters,https://news.google.com/rss/articles/CBMiyAFBVV95cUxOaWtLRVhRUUVMNXpYMFY4UW92dFh1U04teDZhOHBJNzVlT1pBS1N4YzVCcEJDc0xRVHotWk5ldEF6bW8xTWZSX3NCNmFnaEpidEV3V2xmM2hwdmdMSWloMmQ5OEcweVNmRDd1bko0U0RUcWdnMkFpYkM2N3ZLZFFDUzBpSURnTWxJYkRMQUZmaFJqRjVuekphbV9EN0FuYkk2UG5kaXZzWmtmVlJRbUNvejhOREIyYlRCaEJJLXh5UnFQQUg2MUVMYQ?oc=5
PG,2021-12-20,Procter & Gamble recalls some aerosol hair-care products after finding cancer-causing chemical,Radio-Canada,https://news.google.com/rss/articles/CBMi1wFBVV95cUxOT1l5LUxoOVpOU3ItbkxkSXR6ZnhoVjJGZ3hTei00cFVSUThuWGtZZ29UbGw1eTN1NmVTYWlHbkNMdURnUTNYMk45TUpvTUFiZGIxNWpOZXg3MWFrU3B5NHVMX2lMbUJsLWh1aXZiNVFLcEF0OTUxSWExRHp3RzlzYVhia1FlTy13aGxzdl9SRXFFM21tQ0M3Qzk2Xy1fZU40TlZsMUVQVnplNl9GdlIzOXFGRHpDTDNuaEpiME54blZRc3ppUTZUUW9xd2hpbUhTVm5UNTJidw?oc=5
PG,2021-12-22,No SC Johnson Stock? Best Consumer Stocks to Buy (2026),bullishbears.com,https://news.google.com/rss/articles/CBMiVEFVX3lxTFBoNWRCNktlVW5MUTdjbzlYQnJrdlh1OXdBQ0RnakdFdHpCd3JJV0VPZnVfcWRWMnBBaE5FZnRYZ1NDYjRZVlZUTlRxb05mOWFfS3VJTQ?oc=5
PG,2021-12-27,Here’s Why Colgate-Palmolive Is A Strong Consumer Bet,Forbes,https://news.google.com/rss/articles/CBMisAFBVV95cUxPREhLZGYwYjdDMGxxQXYyaEE4R0NFcFg2cHViYVdMTHp2YjkwaXNmemNDQVRuQTJPclZ2bkNRVnB0dnltQ2JjMTZVdVVRTDJKV2dZcHNlR0RmNDdneDY1S2w3U09DWWtsaDFJWVU4Y2lUczFfMVdNQ1VrT2R0Nk1kOGY2cXdreHhkdkkzdVVNdGVlY29YamxOdlU3MXlkc09QVXZGQU9KdjdPOU84dVVDTQ?oc=5
PG,2021-12-31,"5 High ROE Companies to Add to Your ""Multibagger"" Watchlist",Equitymaster,https://news.google.com/rss/articles/CBMixgFBVV95cUxQZk5RR1gyX3NFNkd2czZ0c0F1OFpHblVkbnU3cHR1RGxUZm5iZ2lTRElreEZXTVRNVmdnZ09HSW1QTEpYVlcyMlVhMFJrbW80Vk96ZlBNLVRMbmhIMWpZYTZZSUtQU2Q3bEJFZEZFbktKMlRCdXplY0xqVXJJOHlFR3U5c01vclFldmtMcGtIT01CeDlKeVZGMXpvaFFldE5zd2VQUWVoeU1tU1RVcnRwRklJdFhzR0RrQzhhcnNUemhfSnlpLVE?oc=5
PG,2022-01-06,Hormel Foods: What Nobody Talks About,The Motley Fool,https://news.google.com/rss/articles/CBMihgFBVV95cUxQdkhJWjdsTzQ2NGxGQnBacXZ4c0FJYVBlNUxEbXRJRVJkdUlHZEhWWnBndVJjSldWRk4wWHpxdC02b25wdjF4cEtxTVYtN3pfRzBqSjZRMWhwMXlMSTBzZVVrWG1vSjFHQnBIRW13VnlHU0duOXNfM3hQVExwZFJRMGtSRkJKQQ?oc=5
PG,2022-01-13,Stock Investing & Stock Market Research,The Motley Fool,https://news.google.com/rss/articles/CBMihwFBVV95cUxNQXZfOHE5SHQ5QnVIQnNhRlo4Ri1nZzVGVkxxcE5QX0ZRZTBEdG5mOXlJa0YzS0ZscXBDclNtekhFS1RpX1pqSGVRTFExenpkSHJLMnRhTE01aFZTQlhWZzdvazJ1S2NNSE5nU1FnUFpya21OclFIUHZxYTN0ZlZWSThVQi05VEE?oc=5
PG,2022-01-14,P&G's soaring stock led to $138 million payday for top execs in 2021,The Business Journals,https://news.google.com/rss/articles/CBMirgFBVV95cUxOSzFpV1F5ZVNpa09XX2JyN2F0NWszMWhQUzlPSEZMSng2TGhudEFpdW1BUWxyYXBScnZuUV84U1VUZFl5TTBJekYwT1hILWcweDNWMlBJVUZRa3ZadGtFTmJsTEl4dlFlSUV2VkNkTE5aTFJ0RXFZaVAzdVFnWi1JYjFqQTBIbld2NXJxYUU5NlRLOGJHRTRxY0hDb01rM2xaUktKRDc2aTJpWjlOU3c?oc=5
PG,2022-01-19,"P&G earnings top estimates as price hikes offset rising costs, company raises 2022 sales forecast",CNBC,https://news.google.com/rss/articles/CBMie0FVX3lxTE5tMU1idWkwOXlVakpiRkkwMmwyTzFiY1c0WTFMN3BmWS04RndZTWRQdlNKbHp3NGhDOVJmNlZwN0hvblZDckZSUEZQcURIdXVMTUgyMk9NMlFVUERoN0luNjdrSVcyVFV1dzV6MnlJN0x1VUhNVEpwMHBjTdIBgAFBVV95cUxOOE9nRnN5OFhIeE9mUmMxU1QzbnY2UmhFRFM4YmkyUHIzY204RVNIYmM1OGNIbmpBRXZCQjdHYzFGZ29nZHMwdng5TlFZczZTd3ZuelNROTRfX2ZHZjNnc0psNHV2bzJOUGIxUkVLWVFwdGdlZ290eG1jSzF0UDJxWg?oc=5
PG,2022-01-19,"Wall Street sell-off deepens, Nasdaq confirms correction",Reuters,https://news.google.com/rss/articles/CBMikgFBVV95cUxNbVMwY3dLTXpCMVBxWFBXUk9LMVhEZXIyUEFUWVkzeXNlSU15U015ekFvZ1lDbTh4U3Q5YktCN1VPRF9JamJFZ1VzX2hsZFZBWjZUbnNYTFJ5YUItZkpRalZINUJEd0tRVEFuUWJtRzQwUVJmdEZKVFJjUHZDNjh5bW56ZC1xTzFrT3AxNVktb3EwZw?oc=5
PG,2022-01-20,"US futures rise, as strong earnings and a China rate cut help investors shrug off inflation fears for now",markets.businessinsider.com,https://news.google.com/rss/articles/CBMiuwFBVV95cUxOVEpTb1l0S184SkdiejhjZGJncXpxdEJmYVpOMXdsZUhIOVhVOTR0RjRfR0dwNG1TWlY3SWVsN2xObWhnZk1aeDNLaTlSWF9kT2RSZWtlU0VEMVE5aDNvQ1ZMWWZJYVdiZGVpd0lVUXplNGhuNDBhTjZmYVZINlZnUmJaVlBZV3hkRExmOGpMOEVGb0FvcVZ3ckFIUkJ2M043UnI3S25YLTR3b21PTUxtek5zTExza3o2ZDlZ?oc=5
PG,2022-01-20,Nasdaq Enters Correction Territory. Will Earnings Stop the Rot?,Barron's,https://news.google.com/rss/articles/CBMic0FVX3lxTFBpZHJXeUNUT2dpSkxYbnhvczREb0F6S003RVp5UktBSm92VjA2T1RGWFF4RENRcGhDXy1wYklKMHFFMWV3OTI4ZHVjaFJzNlBWcGNwM1V5cmFqdVFWQWZFTUt6T3J1UFJFSWNqZGJyTzhpOGM?oc=5
PG,2022-01-20,Breakingviews - COMMENTARY: P&G hits a Covid-19 high note,Reuters,https://news.google.com/rss/articles/CBMiggFBVV95cUxPYW85R184Z3BNR0NDVFYwcF9UME12aTY1dXktRl9GOEM5MTNEYU5KRXdOOVNXWFpGcmN2a3RWOVphOTBRekRSM0w2MGxWdFgtel9mTjBXclpOWUlUT2tINWJZaEFGdkZqV2tQbllGeWlhc1F0VjdXcVhFQWhIdG90WDhn?oc=5
PG,2022-01-21,Why are company profits rising despite inflation?,marketplace.org,https://news.google.com/rss/articles/CBMimAFBVV95cUxNTnhjLXo4X1pmQ1NjMF83TGNRYU5tMlpKWVhSUng5RS1UVmM4OEx0bmpLSzFETkh3aFZ0a2t5SUNsbkRqYTNFN0YtMjBjb2xsMTBibEg2MTB6S041UnBJWXVpbHM5VEktUXU0ZzZVN3hNRlhCWG8zc1UzNEM2RlQ1RGlDRXNkalQySUNiNUFQczJzZU00QVhMbg?oc=5
PG,2022-01-21,"Friday's Top Analyst Upgrades and Downgrades: Beyond Meat, Carvana, Embraer, Lennar, Moderna, Peloton, VICI Properties, Vroom and More",24/7 Wall St.,https://news.google.com/rss/articles/CBMisAJBVV95cUxOWi1RWTYwSHdQN0k3eUhrdzJ1MlJRZkRqczk1VmdUUWRJTU9aSUp0MnF0SFAwc3A1NDU2RFNRcTctLS1Za0dJZUhNZHYwbERwS1NYZDN5RUVOemt1dUl5enRkZEYxMkNudzhxYkZjeDJxeElVUjA3LVpsQXlqdkdVV0kyekNxLXV1eTdkM2x2Y3h3ZFctQWl0b21fc0xGNXVUVGxvU1EtSjVGNDZMQkhFZ3RQczhqLW52OEtrbS1xMGxqVzRSblY1TmRBMEl2QlNEZDBjTGwzSVhqdU44Sm1XUXRuM1puOHVHU0RGZEdlTUY4VWRickgxODg2MUFUR1BnV0d2cGZDTjhuZU03Zl9LRFhXQ1ltb0ZPOFVLWWE4eW83YXUzb2ZVanYyaDJXNG9J?oc=5
PG,2022-01-21,Game on: P&G's push to dominate emerging advertising frontier - Cincinnati Business Courier,The Business Journals,https://news.google.com/rss/articles/CBMijgFBVV95cUxOek95ckUxZjFSX1lyeUVpSzdqZmNtTF83cUtzSTRtSHBWbWJsVTFWMFotQXlPTmJ6THNHQkg2d3NCS0lJR0Z0YjQtdXBEN2FLa1ROZ3RHclhCV3pldTdLTDNBZ29sU3J5Y3VZb3N0VlZTaVZKeGhLX2NrQXpfODNlZlBJRmF3NHhZemRlZFZR?oc=5
PG,2022-01-24,Unilever will be a mouthful for Nelson Peltz,livemint.com,https://news.google.com/rss/articles/CBMipwFBVV95cUxQMDA3NHd2VmstWVlXUUpMZ2E4Rl9ad2l6bHJlT2JoZDNHVXkwSWNTLXJ3VlBiR1JNb2diNlRBejM1RERCQUw2dEduQjJiSEhxQW9oY0cxMDE2M0dZdjhWdE9Ba2d6eTFTTXBRYjd2eXk2QXBIY0FCQmRZd29fQ2QyQUVmQzFBNnpUQ1hoS0NkVHI4WUoxaXU2QXppdTZIcDMzd0tpTVdERdIBrAFBVV95cUxPR3pQT1o0X2tsdDNXNlgyNVdYLW85RFJfekVEVF9CSDVoQVkyT0tEU2YtdG9MUGtfc0Z4RkxqODlldHpoZmJSdDlQV0hhOTVwMzNOaWZmZTJNMHk3Yk1rRFJoLVhuU1dVdnRxcUV4YllaSU1HeGhvYUg0X2JOem9EeXB2dEROVF9QaTNVNVlHd2twRW94dnltSUZBZ2R5azQwdFc2R3FMU3pydThG?oc=5
PG,2022-01-25,"After rocky start to new year, Unilever axes 1,500 managers",thedailyherald.sx,https://news.google.com/rss/articles/CBMingFBVV95cUxQaF9mYmZsQVdIc2VkSkpLdEZBZE5wS2E3SEkxWkJkZnZYZjRheDZXOXVES3FFclhmd2laMTd3TzhvT2lPOFRsMkpxR2ZyWXV3ZnBjWEpqQ3REX2E1U25BSmQtc3g0VGZTcFpQYWwwQ1RnR01OTXBIT1FKZGJqWm1RbUUyWUdES2pWTDhiQXlfalBLTzQtVjBnZ21zaWZkdw?oc=5
PG,2022-01-25,Focus: Trian expected to revive its P&G playbook with Unilever,Reuters,https://news.google.com/rss/articles/CBMisgFBVV95cUxNcnRUa0MyeEszUnN2WG9BNmNKeGZMMmcyNVUwN0kzSVUxa19KenJzZDRISnFCSDlWaENINldaY1BnQ3BFYkFQVm9DY1YyVWc1bF9SNngtZlVwaHhOdXhCUHowSXc0RjBsY1ZHZmdEWVhKdk5BRnBqMlppUmtJRFNKSm5kVFlfZ1lfSU01dGdIYXhueWVTTGNaalBDcVBLWXBFTkxPeTZjb1RjeU4yOTdIV3BR?oc=5
PG,2022-01-27,Procter & Gamble Company (The) -- Moody's rates P&G bonds at Aa3; stable,Yahoo Finance,https://news.google.com/rss/articles/CBMiiAFBVV95cUxNR2hNTEJPVGpheWRZUzFBOUlaSU44MHY4dy1nT0lGbS1yMjRHWnpoNzE5TWUyZWJrZXY1bjBKdTVhRkZXNmFFV29HSWxQbDBEODJVRzFPVE1uMFRLbWJCQU5wdmJwSDZoak0wXzhlVXhVZHNvNk5kUDNpdEZoaFMtRVBxTDFrdS1T?oc=5
PG,2022-01-27,Burned by the Stock Market? Consider These 3 ETFs Instead,The Motley Fool,https://news.google.com/rss/articles/CBMimAFBVV95cUxNeDR6SUJQUFJyZndiRWRqMzdzVVRCZmt0UldlU1VLMFZjYzZ0VklWUll2anlHUjB2MWVQM0JYaGFJaHVsWXhhenJWbXNxVkRxbUhTRDZ4dTVxejV1YVQxSWQtenJsRHBsMUxGem5mdDhiUl9sZ2owdTRhcU0yZnhfcXhQQk4zeDZpcFJzVWpIN3NOcGhjY3JJbg?oc=5
PG,2022-02-01,Five things to know about supply chains and COVID-19 stock shortages,UNSW Sydney,https://news.google.com/rss/articles/CBMirwFBVV95cUxOaHB0dHNTT0tCdG82WkdWMC1DNHZtTnpFTjNvazNoWlpmRXdkMnFJQnBOUVpGUWlvbnhRb0RPQld1SDNVYThTemp6QUZ6dFZXOVpMZFQ3X2x0QlU2d0hsODJ2QjR3LXJxdGJGcVdpdEVKQkFSTTR5NGdqTnItXzFEa1lPOTBPMDhhMlJ2QVNMQm5yRlVURU05X2o5d1FBeFBySmRydEExb3JmdDA0cV9V?oc=5
PG,2022-02-08,"Procter & Gamble Hygiene, Blue Dart Express, HIL shares to trade ex-dividend from today; know dividend history of these stocks",Zee Business,https://news.google.com/rss/articles/CBMi_AFBVV95cUxQd3BrYVQyZG9uUWs0R2J6WF9jZHBCdVZERHlRTVk1NHdaZktJLVVEVWV6a0kxWlZvNk1EdTM3Zk04MTB0YXVWVVNPTHlqcmxVUDI2SHlfNVVWVENra2dnUXh1d0xwZzBIZ1RTUkxnUzl5RlFxalc3WVBXRTBhQk55U0FkbmJmTjFDdURJdU1aREh5QVRoTFhhUGpLU1RoTjBCdnV3XzZtdDI1alNCWi1jbmttLUlCYUtHQkpoaWhYNkUxaldMbWpXcnUxSTVPV0o1bjlrVWlQN0ZzUzByNFE0S0pxX2gwdHBXWnJPLVV6UkNVMjJLdS1jWFRKZjI?oc=5
PG,2022-02-09,Top 10 things to know before the market opens today,Moneycontrol.com,https://news.google.com/rss/articles/CBMiugFBVV95cUxNejVmeDQ2Y3dTcjFKV1JvYkwtck9FRmpxQ0NiWEpoVmFXc2g3b3A2RnBmcmFIeHdEaVhSMV80RU1EdGFSLUp3Z3RWdGUxeGktcnNfQTFDTlpiU0hPUzNDU21fVnR1c0JWMFBFQUswSFRwX1F3REVWbk84NE1MWVU0NnJqY3NvRW5SbXRJUDBoRElFRE9tQ2ZqVm9xNDV0SGRDLUJEemxsUzZhY2dzTFlDcWV5LUR4NnR1VnfSAb8BQVVfeXFMUEVNeHpHSW1QRWZHdWZaV0JfdktUX3FrRVRBSzFFZ0NkOFZzR3VuWUhsTlNfTVJLTTdtVkVZSklKS2F2WmJtenlybGNyRy1nZnE4X3Y1N2J2a2dDU1JBNWpJekJUM0VpWHJ0aVdGeTZDOWxEVHBUZ0FLUmRwanZXa0pVZFltT1VLaUp6TmhEeFJFWGFkeFZRalZvaEVyMXBBSDBjaGV2SW15YjFvTFItRnV3b1pGUjRtY2RQSFVKV28?oc=5
PG,2022-02-11,Top Stocks to Buy to Help Your Portfolio Weather the Next Market Storm,The Motley Fool,https://news.google.com/rss/articles/CBMimAFBVV95cUxOZ0tGbnBXeGJMcFNmbFdKZW56cjVUeHhYZkt0LWEybENKeFRaNDMzbjR3TEdVVDhqbmE0Rm9OWHIwc1NTVWM5bkFZeVlWdTM5RTl4bi1zWEE3Y1VtbUhlZEpPeFFkVkNuN2hvMW5nSWdfVVozdTJ0bE1jVU9US1R1eDBINy1LeVNNeDFoRVRQR1c1YW1EME00dw?oc=5
PG,2022-02-14,"Mormon Church's $52 Billion Stock Fund Added Tesla, Trimmed Ford and GM",markets.businessinsider.com,https://news.google.com/rss/articles/CBMivgFBVV95cUxOaFdaZHJKYVdJWEotb1FuMFhlMzdGd204NVV0ZFhBa09CSDlDXzU1N3dGTGdwUC1aa3oxbF8zUXl3ZVpKM01XeVVIZzZfVk1ZSEZpMWx1OFZTcHlhSmQwc0V0WnhER0dXMHVIM3FySFkzX2FsalhkWjZ1UjdIZHdZOU1sSFRYa0RwMmtTZWZfWW8zbW5KZF94aks4UFFYdGozdHZNQXlWNnZDTElSUjNlM1oyVWVRdzhPSHZVUVNn?oc=5
PG,2022-02-16,How to Invest for Inflation: Strategies & Stocks for Rising Food Prices,Business Insider,https://news.google.com/rss/articles/CBMitAFBVV95cUxNUDRnVkNPMVpET2Nqem9OX2Zrbmtua3RtRERlU25DZTlkQzc3VmVJeDFjUnBFQ0VQSlVMUXQtdnd6MTFXdzRoOWJodWRCUV9kVlZlUGhIeFB2dHAwQ0hQSzBKemo3WDdYQWhEdDhuWW0wc1V1S2J5aGJHU3NLNTB0QlB4RHlWYXFtd2RqUXFOUl9TalJOczNJanRfV1RIaVpTbU9LeXBZSkdlQ1FobkNJcnZDZXM?oc=5
PG,2022-02-23,The best stocks and shares to buy today,UKTN,https://news.google.com/rss/articles/CBMidkFVX3lxTE9iTHMtOUdyVVNCUXVTaDNFa2cwRjJjN3gtVFd6dXdtNWdXczF5YmwzdmJqWWp5ZUJTVDN6azVqZ1ZhbU1sS0gxSkd6Wmt5Z3Jid1dRUXhHXy1McTRmUHFzTzhyZ1JSdDdoSUpnUTlScEdEdEFpZ2c?oc=5
PG,2022-03-01,"P&G to invest $110 million to expand Swing Road facility, create 46 jobs",The Business Journals,https://news.google.com/rss/articles/CBMikgFBVV95cUxNMnJPRTRnTC1VVjRWREQ2MWVtQk9wNnBIZmd2MkVwUG9oTDVDNnNsclNmV0N3RE5WYl9kUWZQNjJwUTVDSHRMSF9kZXlDX3VuN2w3dkdERnBMNkdPOE56UUFlQ3ZvTDFUQUlydVA1dGxtTklxenZEQjJvZ0UwaWlSUmdpVWtGb1JIblVwVTBnX1dvUQ?oc=5
PG,2022-03-03,P&G's Greensboro expansion scheduled to be operational in 2024,The Business Journals,https://news.google.com/rss/articles/CBMipwFBVV95cUxQRUtCS3RnQkl3c3h1RzYyTVhzVGtqdGxiTFJZeExGYlBOSE1IcXlIQVlTNnd6VVBSVXVGY1hfTm5leHB5ajZINy1Uc2J6MVY2X1hkUWEtc05jVnRZeXNwby1ZQ0ZlaUpDVkxjSGEzalVidFZSLTA4b2xfRGlqd0pCVkxpdGU4b1ZwQThUUFFiVFQxby1UcFVERG9Pazh1UlVHWUFkZmRCOA?oc=5
PG,2022-03-07,"P&G ending new capital investments, reducing portfolio in Russia",Reuters,https://news.google.com/rss/articles/CBMivAFBVV95cUxPUzlCV3ZWTFNUcTNfNmQxOTBTclp6ZUlDV1FYWkMzWEwtb09SMGJwQUFJdTdLaVlsZlE4d2hfM0tQckU1VVJyNHp5cjFpeDdJX05JWVlQdklhbFVPeElvT1h2ZWItODNQY1AwdnBGaEJUOGZBOWRLZTVSUDQxX0ZldlZ1bUNyRjlTMzhDUlVhMEhKSEc4dVU3akNfa2ZDYmdHRFVLTzhpRG5BY3A2VVNLbDB0cWxybGtkbC1wSw?oc=5
PG,2022-03-09,Unilever's New CEO Hein Schumacher Will Inherit a Company in Flux,Business Insider,https://news.google.com/rss/articles/CBMilAFBVV95cUxNZkpZWWVfNjdRNHZ0b3NOVnpyS0FNc2NWc1p2cmlDXzlUTkV2cnFiZ19pZWdxaHBydGsyLURmSGkyU3RaSkd2dVFxeW1OSkhabE15OG52dnh0U2dZRHpDM21pNElLMnBCR2pKR1NzS0pyUjAtbWhlM3JGMkNSY3lTWnNpMVVieG1MUHlwcUJhUzdGZ3Vh?oc=5
PG,2022-03-12,3 Best Dividend Stocks for Retirement,The Motley Fool,https://news.google.com/rss/articles/CBMihwFBVV95cUxPV1JoNEtmWm5KYzVLQWFSeGN1RlcwZUpMN1N0bTZzSXZQTmxibERLaHFqamVwRERtM3Buc3kwNlJUdWZkeWc3WHZIdFEzeFFieTM0R18xcmtmbVpqTFlUUC1NdjBaWHhzcW54UGM4ajEzUGh1THpuUzRObXEtQ3Z0NE93UmJEMlE?oc=5
PG,2022-03-16,Top 5 'Magic Formula' Stocks to Add to Your Watchlist,Equitymaster,https://news.google.com/rss/articles/CBMivgFBVV95cUxOWjAwaXBFSXVnaktLcUhtTDVtYjB5SDFsMEo3aGwyZXkwQnRQdWNOSU1ISHdWTUtaZWNyZzRia3ZhbFpNQ3h1R2ZuMzVvZnNGLUI3QVpRbm41RGM3M2IxVzNhejgwZFh0UllSdVJ2NnlBeTJROG1RcWVIWFBucmhyVDFLMlV2d1NNTUFyRUhteWlnX1N5SzdGaW96ZU9uOGJLdUZORTZhN0E0SVZLa2tjRjVpcUNRb0N1eHlwLUtR?oc=5
PG,2022-03-18,Consumer Staples: 5 Things To Know About This Defensive Sector,Syfe,https://news.google.com/rss/articles/CBMickFVX3lxTE14aVZxY2YwREoxbXJNQll3NUlaWk9XcFpqOHhXdG9tckhvenFLZ3N4eXByMGZfOXRVUkFOeGMxOEhMY2dKdGR3VkFYZDhWN1JVRElUOHpQSThFS005NS1HYVRySEJoR01SNnY5ZFlRRVZVZw?oc=5
PG,2022-03-22,Truist Securities Bill Chappell discusses post-pandemic stock market winners,CNBC,https://news.google.com/rss/articles/CBMiqgFBVV95cUxNV0VxRy1VdXFOakYzb1R1bDRpZ054M3VoTy1SejBSTTNxRS11YkE5Ml9VRGgtRmp2dy1HV0p2WmxvM3NEQnRfcUdBbDBodGVhSURPRThDdE5ydnU5TnRRMVFTbEdweXIzbkxuUFR4X2ZVQjhWOUp4ZGZ5S1NKY2FjUngwdVFyTlhyYjExanduemY0ZE9QVDdZWnNtQTVkTGNHM2Q3emhTVFlyUQ?oc=5
PG,2022-03-29,Activist investor who threatened P&G breakup sells off bulk of his stake,The Business Journals,https://news.google.com/rss/articles/CBMirwFBVV95cUxPQWRSZmM1SnQ4X3VZNFpsaFNBZ0RmWFhTTDNicExLX2VOZWVsUnYzaFZNUy1VdkdFc0hNUXRGbUdfVHJLeEdFbHFhVE9rWTIzUm81dUltaUdOYW9KS2E3MWRfdHZuVVM1N0RmUVpDT0JaeHVwRjJvLTJwQ2x1VTlFSU9IX0tybWFXamxZMWNZdWEwcWRPYnVnbmpXQVF2VExpeEJVdTNrbXRocm81Sm5j?oc=5
PG,2022-03-30,"Church & Dwight Co. stock falls Wednesday, still outperforms market",MarketWatch,https://news.google.com/rss/articles/CBMiwAFBVV95cUxNd2JURDhsNVk5Mkx3b2tfNlhla256NzRDenRScG5SengtRnZEZzVYUkFOYUJhN3dycVZlLThnU0x2NFl5SFZ1QzlwR19lTlFkcXQ5VkJCdW1FMTlQcHhBZm1LbUVxUFhQY3gyVThmTWxrLURyR2J5NVRoaHV5UHJES01tQlJ4czVIZlZDZWVOUExSSGRmZHI2V3Y1WEptTTIzSFphelk2Y1JNWGNWMXJoYVplb253amd3LUhQYnBYQ1M?oc=5
PG,2022-04-02,"As inflation spreads, rising prices fuel charges of corporate greed",The Washington Post,https://news.google.com/rss/articles/CBMigwFBVV95cUxNaHl4LVVRdTNQbVdub0xMbF85WXlZTEVHdF9CSmFXSnVaeW5HUVhYaU5YTG40WDV0N2dqdE50djh1ZXFQWnVQZU55aUFXMnZzc3hLWFRMZE1vN1U2TE5qRnNLUnRrZ0daNmFrTXZfZVVSNDJRZ3dSczFJRjZMdVB1OXdkaw?oc=5
PG,2022-04-05,Former P&G CEO takes expanded role at public company as board battle looms,The Business Journals,https://news.google.com/rss/articles/CBMigwFBVV95cUxQWWYxZ3lKLTJPRTZJaDF2Mm0zRVVDWElGQTE0QVRDVVNkeGx2ZmJkNW1LZGFkRlpjSGNJY0lTcDg1OHRISHliVUpYWUtWTEM0RUlyanhqZW5pUy1mbXRDZFllcmxYcThSZVRYT0xlZ1B0bC03ajIwYURfZXdOM09GSDVEOA?oc=5
PG,2022-04-06,"McDonald's, Nvidia, and 25 Other Stocks That Won't Be Stopped by Inflation",Barron's,https://news.google.com/rss/articles/CBMie0FVX3lxTE1TUGVaRFBDVGF4bzNqbEhTMlgzNGcySVlhM2l4NmtaRnN5alpCMXp6OV9wTjdwTWRuS0p6SVNiVnVxbC1UcERGd1dpeDZ6UmRJajB0VFdGZFNGUTUwT05zbTFUcWlXc09VN0NmckJjVXVrRnZZUTY0VkNNNA?oc=5
PG,2022-04-06,S&P 500 bounces back following two straight days of losses tied to Fed,CNBC,https://news.google.com/rss/articles/CBMiggFBVV95cUxOamFEZ3E1NGRRSmZqZjRCdVk0ckNCUGtFYjBTQ3VTQjdWa3FpNlliZUhvTnEzUmt2TFhtQ01Cc2hsQlZ0NGFEZl9NMzc4LUlYVlEwV3BwcUlCRG03Rlp2eGdlOVhtZWRBTDB2aUZsbUx6dVRhX19BNEVtVWxmcHdrS3lB0gGHAUFVX3lxTE1MTEZtb0h6cVdwNmtoTXprTWtHRE8xQ3Y5dG8zTFVPSVRaWUZZbVdJMjlMN1Z4MzhQUjVuYlpURGYzdV80ckZlUmtyT0l4SEpyY1UzLVZxS3hYa1NDUERZVzdneW5qTXZRbFRFQWxtSmlNNDRvNmpuZzVMSFJIeFkyckktUnpPOA?oc=5
PG,2022-04-09,3 Recession-Proof Stocks to Buy Now,entrepreneur.com,https://news.google.com/rss/articles/CBMijgFBVV95cUxQWUpZZldiZUh3MkFjNExSX2F1UmFiYmdsbC1QS0JWZGdWdGlsT09UaDUtQ2VhZTZhRGZGc243eDVYU2pWVmZ5MEw0UHYxRmhaNDBlWmI1OFRsWGFVTnZ6REx2bzFOOFN2N1l0RzF4dlVndlBJNVhkbk01bDJnMDdITmpodWJoY0xIUS0xZWln?oc=5
PG,2022-04-09,Some stocks pay you just to hold them: Here's why you should invest in dividend growth stocks,CNBC,https://news.google.com/rss/articles/CBMihAFBVV95cUxPM2lqUGxuUmstS3JGNlJHWmZwZmdYX1NlUDAyTndyZ0pTZU5Ha1dBVDdZXzBGa003VnNobTJ0algwN3NOaHljdkNtUndmOGpoa3BRaE94TWFWWEJWOG0yOHh6b3pqQnJ3Q014VjZZN1JiS2p3TmM1R1RaSVBLTUZqSTdaX3TSAYoBQVVfeXFMUEJrNGFOcFpCSEZ0RWRWTU44OHBobUF2TFBkVndjaWVoSUd2Q1BBRndPMkRDUElSS0phQXJ0em1wb3NUS093eDg1dVZOWW5hM1hTUU02TUI0UmhjdVpReW1qUDMxTEZjbEtQY2FoYmJOc3NWUmJQTkVPR2ZTMFVnQ1JORFAycm9iR2Fn?oc=5
PG,2022-04-14,"P&G's David Taylor to retire, CEO Jon Moeller adds role as board chair",Cincinnati Enquirer,https://news.google.com/rss/articles/CBMiwgFBVV95cUxPcHA4bFlVQWR3Wk9JVXJMYXFxcFhZa3Y0TlZHMzNmVWwyaUtWbjl2Q0cxSEtFTVJ1SWlBUkRWMXpmTW1hZ3RMMmZRVzQ5Vnc5Y3hkNWl5N0FDdS10X1lNSUNiYWlzaF8xMHpkMGRfODcyWTNFT0sySUgyOFB0Rkd5TTZvR3FqZ3ZzNnJSczMxOXNodjVmc2xQcXI3QWw2bGcyMHFDekpzZ2lWUFhSV2JlczZ6ZzJIXzNCNkpVbWs3Wk5wUQ?oc=5
PG,2022-04-16,Burned by Tech Stocks? Consider These 3 ETFs Instead,The Motley Fool,https://news.google.com/rss/articles/CBMijwFBVV95cUxQUld2aWswR1ZDLXBBSWNsZUotTHp6N19tSDhHbXFqcnU1ZWxFVFloWk9hVXByTG9oaWhPUzVrT0tyY2JqQjJ1ajBRMUxPM0NQU0ZXbGEtSVVWbW5EQkhpX2ZPT3BJc2tQejdVWTBXT2VIb3o5ZVlfclFZa2dCLWhEbjVGMjhod3p4MDQ2c2x2TQ?oc=5
PG,2022-04-19,"Dow jumps 249 points on Wednesday, but the Nasdaq is dragged down by a big plunge in Netflix",CNBC,https://news.google.com/rss/articles/CBMiggFBVV95cUxQYmE2bE9MU1lZbjJFcU0tenpDS1JCNklwQ0haNC0wMHlnV3d0QTFNa2NkVC0wZkxJRFVoalA1UlRFeHpmLWZHR2p0UTJjakRQblBrcW4xOE44bGF6WXlVNThKS09oTzJqV0V2U3ZkX0JuWk90UFJMb0RhUGxCcm5DYVp30gGHAUFVX3lxTFBYMnhjd0ZCdVprT0YycG1IVUVxNFZVaURjVXFZZ1c1WHpxQ05wcWJRd3JXd2JkMk1zaWphejREWFJmVGdrc2l0TFJqcFVPVS1XOFhxWEZQREtkdnJwSXMtaFZPd2F2SE81ekRjeXczT0o2Mm9sb1M1OXhuNmxIZXR2OFVyU3h6dw?oc=5
PG,2022-04-20,5 things to know before the stock market opens Wednesday,CNBC,https://news.google.com/rss/articles/CBMipAFBVV95cUxNNFJhb0ZNQlhLZUIzckZ4NDNzQk91NnhlSDROVG5NVHBVYUw0eFdrdWNEZGJHRTE1WEFLMlIxeG9ESWJ4Wnh5WGNpV09qck1JNkpRRmF5Mm03NWV0Z002NnVIVlpRaHlTMWtZUnNRbC1yb2xhVFMyMFR3T2ZzMkk5WDR1bk51RnNXV2VMWHFQWW5lbW5qdEVSYlUzcXA5dkpLZjRaQdIBqgFBVV95cUxPUVVudUJQeE9vbEl6WjZRTi1UdF9HNWtxZ3VaR29CMFZNQmpMTnZXeHV0RFJ1dTRyQUdaTVpKSzBsdEFZWG5WUHBTeFdJZGFIQ3N1aW9pal9DOUlIa1JwakttRmd0THpNQ2dNelRIeTRwamFUUGhnck5qYlZfSllCZENyekVGY1lKRnNLTURiWFQ0aWVtcHJKeTVheVlLZWo5V05FRXZ3bkQ5dw?oc=5
PG,2022-04-20,Procter & Gamble raises sales forecast as demand stays price resistant,Reuters,https://news.google.com/rss/articles/CBMitwFBVV95cUxNcF96a2NpQUxHdHJtVWxvNXd1ZUp0RTJJc0JzN2pkSHVrY3RBNGpXcjRFSzRxODg1WXhTd2tXMGlmTG9heUxSZUVkcldSVFNZUEpacGo0VnpBanVOb3E2Vms0SjNqWUlKRXB4Qk1ULUs5MkxlZHJzeWI4NEpZRi1hb0RXU3FvdDYxSkFkQlQxVjZSQ2FFcDZiLTkyN09pcG4xVFFGUktBd1d5b2dCSXIyNkFzR01oOUE?oc=5
PG,2022-04-27,6 Charts on the Stock Market's April Downdraft,Morningstar,https://news.google.com/rss/articles/CBMif0FVX3lxTFBranY4V3BMWmlwaWZTMVhWTWVjV2Ziam9xOXFBcXZjZmtvS2dOcW1VTzdsVlJMQjhQekdfMEF0My1JRkJac0V3NjBFWHl2a292VklHOFhrRjlPOVd3Smd0S2JLRjNTQm4waG9yaF9zRzZHYjA2T052Uk1NQkE0bEk?oc=5
PG,2022-04-29,2 Shocking Dow Charts That Illustrate the Power of Long-Term Investing,The Motley Fool,https://news.google.com/rss/articles/CBMilAFBVV95cUxPMlVsRUR6cDJESnlUaVhTa1hrOGE2RVN1VWpvN2JJcUYtR0ZtMGJ0YWhScWU5eWlpSlpWZmt3d3ZwMnA2UVQyV3RidjI1MGxBVGZrU2V6ZDBIMmVqZHZNSk5UU2xRUk1ZT1Z1UlM1SjUxc2dxdGx5YzJOVDJtRkFaTWNiUFFZRktoejV1MXJxMVhqX2k1?oc=5
PG,2022-05-11,2 Stocks to Hold for the Next 20 Years,The Motley Fool,https://news.google.com/rss/articles/CBMiiAFBVV95cUxPMU9pMWM2cDBPcGI3Ukc2UXpnbGc3a0NnOGtVQUpfU3JOUmpPWUlJSXRnUGlqYjVvWjY2MHNUbXZBQ1Y4dVRjbXg2d1hwTXJpZG5NM0JSdks5bk1aTlJRNHFNSGZ6cG1CVGFmSUtySDM2UWlRT2NmLUlVWUxsQm45bHB3N0c1ZmhM?oc=5
PG,2022-05-12,2023 CNBC Stock Draft Standings,CNBC,https://news.google.com/rss/articles/CBMicEFVX3lxTE1DY0VHWndLMEFIbG5kbDlBWEcxY0tYTG1XYzk5WDJ5ei12aGtVUTlVSWJ6SzIwcEM4UndramtiaWhnVklpcHJQVTRwdC04b2hDcUMwdk0tVXIxcHk0WU5tUzFyRHpZRUViek1uRHd2OWnSAXZBVV95cUxOMEZBNmxxV21FalBXWXhfVFlTU3VNNm5rUUdydUZhbm1JNnU3ZndCM2RmSE5KZGgzU1B0YTVjakk1bnhnVHlWanczVllZZm9IdkpZQTJoRlNKUnQ0c1FOeUtKWHo2c3ExSi1PWm5UVVJGMV9Lbk1R?oc=5
PG,2022-05-13,"Tech Stocks Are In A Bear Market, But They Aren't Cheap",FA Mag,https://news.google.com/rss/articles/CBMimgFBVV95cUxNZW1FMGNmaS1LMTAwWkxXVm9tRHJ4YmFGYl8wNTlmSHBGYjdCdkdSUzIyLTQ1LUxjX1NkUEFWZEN2ZUVzRWtERWd5bW43ZFQxMTJJU3pucXFlbHdlRFZpelJsM1FFTnI5ekVBcE5RQWZjUjJ6V3l4akxJaTZYeGk0b2RqVEFJdjhnZUNpV3NDTDZESVBnT1VlcXNB?oc=5
PG,2022-05-19,27 Stocks to Buy: Gabelli Funds' Inflation Investing Strategy,Business Insider,https://news.google.com/rss/articles/CBMirwFBVV95cUxQNlJZdmltU0JBQzB5eTJmeGhpVnMwNGtPdHM0RXBZSTRtNjdRUVdSczNkbE5JVUYtUWJrV2cxRlBQUkdyWUtEd3JGOFFta1FTeWFJX18tN2ZfdkstLVNodlRKdjNKa1c2QlBaeWFnZ0c1cDRPLUdmYTRCeUstbmpTOWRVWXpCaGhBOGJEN2YxcDgycVp6OXJ5RXNzY2tROHZPcnpEUFVvSjRLYUdLd2tR?oc=5
PG,2022-05-23,What we know about the Lexington plant at the center of national peanut butter recall,Lexington Herald Leader,https://news.google.com/rss/articles/CBMiiAFBVV95cUxOMmJvN1pjbmVtc0ppaW96TjRxdXBpMGhSdGhLZURKVGh4TkgtY195X3hTdThEc0c4eGdSd3hQRGlJajlTbmdVNjhtalBEbWlDd2pwM1E5MXdLTi1lN0VJeThMVllhZlNrXzkyWEpGX0prZVVvTGZoR3lQWWFGQzAwTC1SeVZlVkxK0gGIAUFVX3lxTE9LOUxzVEdpLXMwQjdrSUdYZm45cS1LQ1A0a3lMOTNZV3gyUldWSWU2dmtrY0xBc1VLb0xtR1BoaXk3YjlGc3FHX0J6RmtKOXZSMkkxa0xTWW5wNzQ2dHFyakN4N1p4YWxsekdfRmxpX254cXNIM2tGOWZ4cHVMYXQ3c0p0a2hEWVI?oc=5
PG,2022-05-25,"3 Stocks I Will ""Never"" Sell",The Motley Fool,https://news.google.com/rss/articles/CBMieEFVX3lxTE92WXo3UFFmV3p2cHlpNnZtMTZRMFRNaE9ZR281NjBhRTVRNnNMTVJUNk56eHV2OGlQS1JISndxYmlBRUY2cXFWZnJxbGQzWTJ4UmRmN1lldWZINmdTSnVxZUdYcU1vT0NfYl8yTDUxT3Y5ZllVUFJDVw?oc=5
PG,2022-05-25,Hawaii Commissaries announce sales flyer promotions for May 23-June 5,army.mil,https://news.google.com/rss/articles/CBMiqAFBVV95cUxNbXVlXzh2bVB0Zlh2VU1SQUJkYWF6SjNWbzJjZ0lqQlZncnBPUC16VkhYNGxDNjVTOFNGUXR6bC0wOWs1a0RjV3lQWF9sVUl4YldLNGZhNWdOTVcxQ0tlQmFZckV6WnNwTnhEZUlMQUdqWmhfVng3ZmdiNjNvalp2QUhQMEFEOUk4VFhicjRVM2RNZ3BXMEQzM0FXcS1qV21CQVVOREpDZDLSAa4BQVVfeXFMTXhCVFBCSFZ1YlBzbEw5WXA2Z3BrcmE1OGNNd3hxeDlVeE01bFR3SGZSWGJEUksyc19VY252T29jeEw3UGF5UXhBMVpEc09CeU5ybmhHWnlxZXNEZEdVUGtxbkxxajBpM2tiRjNyY2s5Y1R2TUkwcm9fMTJuNU5tdGVhcm5MTVpMRWdQc2ZibG9aTVk5RUFTaWpUZEMyTERSaDJmWnlRdlk2WEF5WVZ3?oc=5
PG,2022-05-31,"After P&G revamp, activist investor Peltz moves on to Unilever",Reuters,https://news.google.com/rss/articles/CBMimAFBVV95cUxObVVod1NTOVhKb0l4TDhHOWxieEFzb1JDUFp2VFdvYmVfNkh5MWlRaC1kb2VMdElYNk9RQzFoYVo4RmVKX1oyZ2xfNTM4RkRsYXJEMElxYV9zcmhOXzNHUzhtWFBtUTRHdlVPZF9OTVpYczdaTlIxbXA4aWdLX1k0cmx4X2o5YU5MeG9GcjdXTDd3ZnNzbF9XTw?oc=5
PG,2022-06-07,This alt-data startup is looking to help retail traders catch the next GameStop-like meme stock,Business Insider,https://news.google.com/rss/articles/CBMipAFBVV95cUxQTE9oUVdmSzR5WXZJb2g1VlM0M2xhWnZ5NlBpd2I4WEtSWUd1ZzZmSFZhc21idnpaMTFYaUVUQ3FsbDlQdWI0SDhKQmJ6ZzhybVY3TFlMbm04akRwSEpjMzJJaUFhblp6WlJBZmJkRlNvS1VhMF9tQUxxSm0tRGlnekRBSkg0ckhPQlFuQWpYdGc5Wk13cDVVTzNHYmhkbUFtQmp1Zg?oc=5
PG,2022-06-07,P&G's Secret Weightless Dry Spray Collection Provides 48-hr Protection,Cosmetics & Toiletries,https://news.google.com/rss/articles/CBMi9wFBVV95cUxNa3Q4bEduX3pTNi1vcFhQeGZWZ21odlBMeGd1REg3a3JCdlZxZXc5Ym9sR25Ncmo4TXdSLU4tV2VDbnVZZnd0d3RQdlhFb2FTMTEwb180OWdUOUVJclZLZk5UMmdRWmVjT3Y3X29ObVh0MDMxV3kzTm1aUXBsbE0tZjgzVHZTNXVsZ2RnNFVJT3lGZkJTdkhwYUEwTW5VcFY2ZC1lbW5wN3JjLUdfeGNKY0tBNlVoOG55c1dWbGcyU0lsMnUyT2JCbUZJdXV3R0Z0U2FWN21vQXFFeEphVG9GZFpzT1RsakhpUGthbURwcmZtRmpXLVJF?oc=5
PG,2022-06-08,First we had baby formula and toilet paper shortages. Now a tampon shortage. This is why.,USA Today,https://news.google.com/rss/articles/CBMinAFBVV95cUxNNUh2VnpTWFNBVV9qMUhodC1uNGlSU1ZWU3VJSjZKX0Rud0RJUS1nQWpkUUtkU3VmS3pTVkt1SERLc01yQ0ZOUXgtSXZ0VjU1aXVsdzBQODE1bkg3c21vbnV6ZndjT3M0Vm1iOTlqaXFJMnZkTzM1bE9UWHhKaGtIcTlFdjhKYVZHM3JJS0lmR19GWkl5djJnbkNLbEY?oc=5
PG,2022-06-09,Walgreens and CVS Just Gave This Urgent New Warning to Shoppers,bestlifeonline.com,https://news.google.com/rss/articles/CBMib0FVX3lxTE14eW14NXA0QkpYTzRqaGlPNkVQdVRjWjVXSDJvUmtMeWdrWmRRWU03M19lSm1yZHM0YnM2TlFCMnA1UExVOEk3LUt5SW9NU3ZiTndSRHNlTGdlbEFlXzl5blhhc1piV0dsQ19haFA1aw?oc=5
PG,2022-06-15,Tampon Shortage: Which Alternatives Are Cheaper and Where to Find Them,newsweek.com,https://news.google.com/rss/articles/CBMijgFBVV95cUxNU2RuY3RZc0poQjdUNmwyLUdCWG1uclpVNmNMNTcxSGRMOWs3RzY2d0tiaXNoazg1ZmM5czZERk9vbTBzc09lX1JOaWVXVDRNRXVndmtTdm1Mc3RlazExU2d4bE5aM1VkMmt3amMwdWJVd3lLQzZEU3VMdkxJdFh3TW5nNFpfUEh1a2ZXUWln?oc=5
PG,2022-06-19,2 Canadian ETFs That Could Outperform During a Recession,Yahoo! Finance Canada,https://news.google.com/rss/articles/CBMiiAFBVV95cUxNbUZVUktRcWNqVURsdUNzRjNPZ29HQWFNdlhoVnJXXy1sMWhTWEZOazcwWUhGX0NaLWdzNEJfdF93ZVFIdGN3VFRNYjhtODFvS2JpMV80NUU3RkpNYjdRUjdNUmtZM0EtLTZLZGp4RktNZU5xRW5PaDB2b3N0Ml9vZENXYnUxSWxT?oc=5
PG,2022-06-21,MTG's Husband Bought Stock in Companies Opposed to Her Worldview,Business Insider,https://news.google.com/rss/articles/CBMiggFBVV95cUxPc01XVmFpeEp4YjQwN2hfVDNYaXlla1BGS2EzUW9SNTVHTlpDckhsOVN2aUoyUDVTNTVEbVRKeDFHbjZVQlNwVG5CaHVqSUJxYzZfeUszWUNOVGVtV0pnSTRfdF95WnhUTndFX01Fb05iRThYUndHSU9zSW9TZkk0M1JB?oc=5
PG,2022-06-21,Top 15 Johnson and Johnson Competitors and Alternatives,Business Strategy Hub,https://news.google.com/rss/articles/CBMif0FVX3lxTFBSTE1lMnkwWXM0b3lNTEhDT2g0TmtjSnBXZy1EUndRVDBzLTZ2RUdyck9oOHFkM3F2dThsTzdEbi1sTE9rQnpnQmUyTWtpS0hRLTRTaVdwMlYtWC1jdU85VFZ0ME9heHl5N0pWVWJxOUdzdGNnMkkyc0NEalBGQkE?oc=5
PG,2022-06-22,Sequoia-backed Mamaearth eyes $3 bn valuation in 2023 IPO,livemint.com,https://news.google.com/rss/articles/CBMiswFBVV95cUxNRVM5NENBNHVfdlpkR2RVZnUtWHdBUTR2TlNSTHdoUlY1TEJpYXZoUkR0ZEFvRGFOTURfeTRjcldPVy1sRWVBODJ1U0c0V1NBMlVUbFc4UzNDYkFtLWd6cDJLa25oTkZjMUptNHNheTlNT1ROQlVlREdGNFpjV1BoQzBXc1FVZGZKUkFNa0ZaTjdRSGh4c3I2dWFmOWg1R2xvc0lCNWxyYXpZbHhOTExLZGVaVdIBuAFBVV95cUxQZk9oaVhuaXRoN09xeTl1VmkwZXRGNjVHVzBlbnFqdzFfTHk3YXVKZGRuRDdSZnV0OTFEckZDTEJialFQelNjb1dudnREbUxTX2hBWklnamFUT1dpeHgyZm1OUHRlNjUwZGN0YzJWQ2tCVWhzWDdHUTZlZ0JkU0VYaXJLRWxGLTlwaHJyM2M1U1FQYm5uTEhqWS1xcXZoclYzQTB6TkFSOXJVQ2k5M3NpU3JBTE5ZNjhL?oc=5
PG,2022-06-28,"This Focused Mutual Fund Invests In Foreign Stock Of Google, Given Upto 85% Returns: Should You Invest?",Goodreturns,https://news.google.com/rss/articles/CBMi6gFBVV95cUxPN05DTHFrblhzN1VGa1J4R2xBMV9fOENiU1JnT3VZY0NDQTgxeGRmOGdpcjVOTzktSUVYdkdrNFFpb2tPYnBiQjEtMkhJVnhCdWJUdUVkMnJDOE41a1pFOXJuM1NfajVydkhfdWtNcWVacnQ5YU1tY0VCNFVxSUlxcEtvX1hZT3d5NnJHVjU4aTlEY3ZxdHJaUWdwTTBWSzlnUEZDSW5kYUNNZG1zZ3hYc2tIdm9ERUtRY2F0dHl2aVFiRUNpRVQxQ3BUdEtZYVFWLUFJQW9hUDlMNnptWjF6VWJXbEJUOXlMM3c?oc=5
PG,2022-06-29,Is Procter & Gamble Co (PG) A Great Value Stock?,The Acquirer's Multiple,https://news.google.com/rss/articles/CBMiigFBVV95cUxNTHUxclBjSFpQNHcxUHNjY0Zpd0VnNnZqZU1vLXJnYUNqUzZJYXhwbndBQUJKMzdwTy1ELVVzeUhxQUhCV0p1QWM4UWR4VWd6SEdOVFRxaUlGbWtLNGNuOWx3ZTJINEZiTlNtMkVERWlGdnB1T0ZzVHJZWEd6aHFLbFVrcUIyYkNPdXc?oc=5
PG,2022-07-04,Is Unilever a “woke” company headed for a rude awakening?,marketplace.org,https://news.google.com/rss/articles/CBMioAFBVV95cUxNZXFrdF9laVZyWmZFek90MGdVaGs3UVZCS0xqaEJfYTZ6dXB3dFRKdWVjRUFKVF9tZHNQMG1IRmFwS3hydEtjVHdpaW5fbFJqRXNRSFIzOEtmcGNwOXRRdEt6MTRNbDFzM2p6cmZxbzZDTzJPSm9BQ3RTMWdka1N1N3dHYUZoSmQtdWhKNFFiMGd2YmxrWUs0cTNVSE1VTnNK?oc=5
PG,2022-07-06,Best Safe Stocks Right Now,Benzinga,https://news.google.com/rss/articles/CBMiW0FVX3lxTE05ckRnZ2VBY0J2dUVVa24wR2dGY2JCZDc0elRsTlIxdXo3S3hwYzhqcHVEX0ZMWUFNZXhfcFdmY295UTREdUhITHBvV1pacUhaejdZYjUxemRROTg?oc=5
PG,2022-07-12,See every stock trade Rep. Marjorie Taylor Greene and her husband have made since 2021,Business Insider,https://news.google.com/rss/articles/CBMilwFBVV95cUxPa213MzFjZE9HdFROMUJ4M05ObFo1T2VBRE5iYnJTbmI2SE1Nc2lxTlF2cnplakUtMGVrRlNJV094NzNBY0ZnQUthQk50NlFyUDlnVDFoX25zeUM4MXRwYzFaLW9UbXBYUkFMc3JsVlNXY0JMb0RnTjczYm5YazNuMDFmbzdkd2dwR1BXdWR6dXZHeEJYNUpV?oc=5
PG,2022-07-16,GSK spin-off to create consumer healthcare giant,Oman Observer,https://news.google.com/rss/articles/CBMirgFBVV95cUxPdGxnamZBeWRLVmNQZldPTHF1eWIzbGowUVRidnJ3MmdsQ3BoUFhZN09MbUNxQnhrS1FYSl9zQjFDaWpqalo5QXFNUV85cl8wZFZlTUpwY1JpUFIzX1hRQUdLRVBYeS12LUpBWkY2LW1sOEpPSDZNNTgwNUVJZ1FHNjY4dVdYOVJnQ1lHQmNUS004Z1ZNWVIwZHlDYnJoZHpjWUNuVEhZWEhVQk5UMkHSAVpBVV95cUxQaGo0aVRSRk8xdTR6dkpEaFBpbU1FelYwMXZ5US1TVjc3UGpxd1BTQl9CV3lIVjdDSGw2MnAwRzVreUFXUnluMi1yX05GZmhZZXJpa0JlQnAtMEE?oc=5
PG,2022-07-22,Can This Passive-Income Machine Keep Up With Inflation?,The Motley Fool,https://news.google.com/rss/articles/CBMimAFBVV95cUxPTlZqaG5xUVVRcFVfcXBHdjNVMmJQbjczQzZjZUlQUGx1MkY5YXZSWFROdjBkTDFXdFV4YmpneGNMczh0Z0ZCdGktYVVuOUFNYnJXaWtPY0ViSWFGa1pCODN3WGFJbldvdUNZcmg0TnBrYkhrUUtsWTRDalpMTjEwSVhRTXJZdTJJREd5WjdrOUExWGNwQjZkNw?oc=5
PG,2022-07-25,TROY INCOME & GROWTH TRUST: Seeking a dividend boost,This is Money,https://news.google.com/rss/articles/CBMitgFBVV95cUxNNDZSR1NrTVVHWllUTVZGak9aT0FMb0FHeXBUVHlWRTNEbmNIbXFtTjZHVDF3cHY4TUdPQWhzRW85OTBUSTNzXzRDRmZPWk1KYlBkNUlQMGpCWDg1V0hWYnR0UmY1Q3p5TFlvUVJ3NG5FaGY3RFNidzNmSGdEQUdsVmZaaTRaX1VLYkp6aDctR1pjRXN2dkFyOW9HNlprSl8yZ2VUUDVaTHdTVnY3R09RQjlFZUdCUdIBuwFBVV95cUxPTFRRdGJhSGpHeHJEYS1zMHBxU0gtMlhwNUR0NjZvaEdMWjhnZThhLXpJVnVJVmtERUJyb1dzMjhyUFJnX0NIRUdGclNFQ2ppejdkVXY2OEF3SFo3WWJuenpQM1YxWC1nZ2RQWE5CbWVsZW9DVlBRajJJVE1RcDQ4NThpYlhGazdoQkFNUHJOS0IxRGVRQmFWN0p4cnZiSXNuc2cxcnJVSVBpVFQzX0Z3S1RhQkdsWHZsVUFJ?oc=5
PG,2022-07-28,What is the current Price Target and Forecast for Procter & Gamble (PG),Zacks Investment Research,https://news.google.com/rss/articles/CBMidkFVX3lxTE0yYWJzOTRWME4tVG55MTNDOV9rM05FbGNTWTVHVlc0SDdNRlJ6WU5RS0ktYU9vY3lmWFd4Y3oxZ1AxQ1RDSk1abENJcFZNdzBLSFNzazUtUEc0WHZaOHJDS3k2RWdaLUFlM0dBNUJhOFZ5VGpKaFE?oc=5
PG,2022-07-29,P&G Falls as Inflation-Battered Outlook Trails Its Peers,Bloomberg.com,https://news.google.com/rss/articles/CBMiqgFBVV95cUxOMDFhWE5DZ2hENnRjSkVTXzB0MzM4STVRNVNENEZ6czhHbzdZREZtcWtaN3BoZDRhMVdfRzNqNl83V3ZkTnVXTlQxdURnTE5HSlMzdGx5QjQ4QU4wbE5QQmlpRE9RTklLZzFvNHlZQVBDeVB4dmUzQWx6aV9WRWxiN0pjUk01Y01mUTJ0U0dFVXJVai0tRTNrVl9aZndlOXBhQ09FSEVELXdwQQ?oc=5
PG,2022-07-29,"What Stocks Are Moving Friday Morning? Amazon, Apple, Roku, Intel and More.",Barron's,https://news.google.com/rss/articles/CBMikgFBVV95cUxQd2k3UXJHbVdreDJiRjRIOG1Dck0tVmphOTZkdWpzUWRfaFRJTTJVV2lYcV9BTHFUWi1aMHhUMTZqRVpCOVZqbTBqU2FzNXc1d25BbjF0bExmVndIZnR1bjBjVWZudGpNQVQzTkpGYjdCYWM4M09yMF9kMFdBRU1tTlNqQlJudm1CNGNtWEd4RjJ0Zw?oc=5
PG,2022-07-29,"Tide maker P&G misses earnings, forecasts lower growth as consumers 'scrimp'",Reuters,https://news.google.com/rss/articles/CBMisAFBVV95cUxPaDRwdEd6eXF2UU1SeXNmbEREVUtERHJlbVpWVmNXRkgxMmkyTG56Tk5YZl9XRUtYX3FKbmZjbzk4WElOTjZ5MUJkelNCc3FTbmdKaGNFR0o5Y2c2QnFPd3JrX25tNFh1WkQtd21DcVlzRmVka2NzVXpKQi1hQUFpeE9MQUQwVHZ5RnBESXZPb1FHVkFDaEtTNXV5X3hDRFA5NW9GandWR3RDc0ZjYnF6Uw?oc=5
PG,2022-08-01,"Amid economic and stock volatility, Warren Buffett remains No. 3 investor in Kroger",Cincinnati Enquirer,https://news.google.com/rss/articles/CBMi1gFBVV95cUxNZWFOS0dVSzBCeWs5LVA2VENXV18tVHNiVFNXbHFWU0thS0hNTW1vQTF6ZXYxd2V5NExndGJJZFBJY0VOTmJWUC1OSlpDODdGZ3VJZ2xGN2gtNndjOHhFdkNpZnZqN2xtdEo4Q3d3RWpWc2lYT0RjRjVaeDVMRWZXUlBIaFdQUUx1MTU1UmlMcVZ6VzhqVWg2d3lIbEZxaGJ5QzNvbWE5OF9ka2c4djJBd2FlQ0JaUTVQU052QlViN09lT0RuWDZGc1Z0VThmZkE0YTZEZDZR?oc=5
PG,2022-08-10,"Sales Up, Earnings Down: What's Wrong With This Dividend King?",The Motley Fool,https://news.google.com/rss/articles/CBMilAFBVV95cUxOR0E2cGhjazRaNXRJdlhyYnFCMlJWZWdTNkVEVHlJNTdEQU1RdTVoWFR0V1I1NVJkRVhhZEs4WDBra19nTDdDZXY0anpnZWJocnNyLVpzZFg4TUlQZkk2eGhfdkFuR1dESzJUY3pWQjB0QVc1SFJhTVF4bjVsX052UWxzQ2d0ZVZ3VXBmYWpUZG5sVXlh?oc=5
PG,2022-08-17,"When quarterly earnings “miss Wall Street expectations,” whose expectations do we mean?",marketplace.org,https://news.google.com/rss/articles/CBMixgFBVV95cUxOZXRLbG1MdnBfSlJ0eHhvVGtMN3pPTVhQZTBtam9HNjhtWjFYREpVTHFoeUxYMllSaU4wTmNPY25YUzVQaGwtZ1NxMWh3R1RFQmYwQXhyLVVIaF94dHp6a3U3c1JkQWR6eU9wTjZPWUhCZHpjVV9HYjZsUkdJSzctVWk1b3BST2liWXp1ZTAybjFWaU1WeHpDN3RnbDlxZzBxVkZHRFNqc1djUkhYX2otRTlkUWlNVHJCYnR5YkhQRHRUSWJLMnc?oc=5
PG,2022-08-26,P&G CEO Jon Moeller's pay increased 44% in his first year as chief executive,The Business Journals,https://news.google.com/rss/articles/CBMikAFBVV95cUxPS3Q3MHIwcGpGLTlZdDBBb2xXcnAzajJDTW14WjhTQktibEp5bFpreEd1VFVrZUNKMGhlcTRyRTFVeHk2aDRJNFdFT3kwTkN5d09DLXdDcW1keWZrdXpIeTc4OExXcXlodUR6THVScUlwZFpaTTRlTklhUDBUMGxvTk9Ic1c0Yzg0RE1BajU3Yjk?oc=5
PG,2022-08-26,Dividend Stocks Versus Annuities In 2022 | Which Is Better?,kenyanwallstreet.com,https://news.google.com/rss/articles/CBMigwFBVV95cUxOckZRTmVZTTlQeFpwNG1lamdFcFpJMEhQaGNLZlVaNFV4TVVqRnRVTEtQX2ZYdDdBSEp6dVdsZ19CN3hsblZBdjh4QUxhWDZKeW03VHF0cTVnU1hqWUFpQ3lkbHBDclB0NTFoQXg2MC14MlR1eUI1RnR3dTlkcWVmLUE3VQ?oc=5
PG,2022-08-29,LDS Church loses billions on stocks. See how it did compared to the Dow.,The Salt Lake Tribune,https://news.google.com/rss/articles/CBMif0FVX3lxTE9RbHdIRDVQckMwVHdlX1o0UFJHUFp1RGxpckJQWlFOMjdpcjhXNHNSZTVIVEZqcDRZbjFLdG5MSHN6cHNwcFZ2cTFEZlpBQVFUWkNnYVZvQjltcGxYX1dsTWNMdW5NdTlCVGhReEozQUhrbFlXUjRjaXRCVi1KVXM?oc=5
PG,2022-08-31,P&G CEO Jon Moeller: 'We will always try to couple both price increases with innovation',Cincinnati Enquirer,https://news.google.com/rss/articles/CBMi2AFBVV95cUxQcmhrUEpPRWs2UkZtWXZQS3ZTSlFUTmVsNFVhQ0lhNFhKcS1KLVlrdFloZERUelp1RGdTMFBDWERDSl9EOW5NVEt4dEEwclZyY01OSjdfQXZpZC1mbUF6alR6ZXd3WlVmcWVyTkRCazliQ0hnODJENUYxZDJDS2xSZUpYWF9COW4tRHprYm81ckw5cWRLejlleGRqdnVFQ2kyR3NaNk9nTUxnd3FqY05UTUdhREdFQmI0ckVxODIwQVRPSlQxOXUtTVBvVmNkZXpGN1BSR2xhcXQ?oc=5
PG,2022-09-05,Bed Bath & Beyond exec Gustavo Arnal dies after falling from NYC skyscraper,EL PAÍS English,https://news.google.com/rss/articles/CBMivAFBVV95cUxNRnZCVGNZV0NmOVVhb1l6Mk5ma2FwTno1TXBmLUQ0d1BCeGhJc2d1UFYyVExVdTZYSUhSNWdhVFFKcnRGcUl4MzNhdWF1MVZjcU1IcnRMWmExTUhGeFd0ckZpaGowZzF6MXpBcWg0SlNWQkJ5TnhGbjM3V19KMzVJSzczSlI4NmxPb1JJZlhVX2NoSE80cHlFekItZGRKLUFJaXpqT3R4SFJtYk92WE1VMmlCcmZNQ3h5aXhoNdIB0AFBVV95cUxOeEZ3MVNxOThIQ3A4S0ZjSHhvWHFlTmE2a2JZOHNtR1kzeDZsRklJZ1phUWpDYmlMakxqSDZNdGcyUzNqbFhUek9Yc0VGVm9La3ZtNl9zS3ZuVGZZT3I2cU52b09RNHJMTTVHd0hUZlhEaFhxMm15eU1kOTFJV3J2WUFFVzhJWVMwUzlhOWc2UXhobzdBUU1BelVQczkwc09qWGl6Y1pBQVRPOTMwdHhwOWNJRjgtc1gyTWlFTTFvWXBPazV3UkwyeWRQWHBma1Mw?oc=5
PG,2022-09-05,Bed Bath & Beyond CFO Gustavo Arnal’s Death Follows Stock Fraud Allegations,CFO.com,https://news.google.com/rss/articles/CBMiqAFBVV95cUxOOEkxdDJtUkhPQzQwNmpkTWhaUzhlNWxkZnl1bjRnYk5ZU0ZYd2xTbThCNVh2LV9wTm05UldQYU1OcG15a2R1SWI5RENzUHlDY1VDS0tWWjRBRkkwV2pVaG1fQmtnNlV0RE42YThXOTB4Z2dsMGZmMFc3WVpudS1IUmJMNVlqWGhxdkQtNGk2VWRKT2E4a29vOExqZGVBandkdWRkelVKcWw?oc=5
PG,2022-09-06,Bed Bath & Beyond Stock Slides After Death of CFO,Barron's,https://news.google.com/rss/articles/CBMilAFBVV95cUxNR1RUbm1yOHNSVFlHRVVxa19lc2pCLUxWSHdkeHdGa0prRnYxRC1Tc1hqUE91ZjFZTi1ZR0wwMEluQlE3cmQyR3JlbXZLOXBjUTUwdW1VOW9MZXpUQmlmNWVMU0s1NXo3Sllab1dHbkY5YWxLTTdDekZ5bG5TZDdXVXJHc0dreVgwZFhrOUtHcnlkLUl4?oc=5
PG,2022-09-06,Bed Bath & Beyond reacts to CFO Gustavo Arnal's death; source says he jumped to his death in New York City,ABC7 Eyewitness News,https://news.google.com/rss/articles/CBMitAFBVV95cUxOMEtTLXZ3VkxtbGg3b3JvYnBFWnlDRlVSb052Y1g0ZGNLTk9sV2I0amZsRW1wbV8xaUZoUTNZcEQ2aWRWT2I5aWxSSlRadVA0YnY1VERpWkNZamc5T2V6NUhNanA0MHcxTjlZUzFUU2kzeE5IR2VhNTJUTHN4YW9KNGNEZ0wwTGdVRzR1R1FuR09QOHpQbTh6SER0UnlPVXlsWkxmelh1UUg4QzBXOHZWVVN0SUvSAboBQVVfeXFMTjFIWmJhX056MGgybFJuekhsTng1SnRUSFpmQ09rZlpRVDdHWmN2NmFPUE40b0otR1g0RjdNMlRGR0lsdzYyLWZrWVRBbnZ0bjEwUkJRM09SRFN5R2QzcUNYUHlRMzFHVEJXNEhlRnFpUnRDMjhGdjRJdEVSWUpYcFFOSWxMZE94dExDLXN4Nk42a2xiRlMtMUpQV0hGWkJlRURJcTdXRTFLUk9qQ0FaYnNiM202M2VQRUln?oc=5
PG,2022-09-06,"Alito’s financial disclosure shows teaching income, speaking engagements, and stock ownership",SCOTUSblog,https://news.google.com/rss/articles/CBMixAFBVV95cUxNQXE2UVdqc1M3OUhhUVJ0Z0Q3NzJQUERTSUF2TDh5Qnlkc0YwdUxBanFSYnU5ZDNTaWswOW9rS1poeWhodUlvMkFTNU9XQzZPLWFFMWF6SlhYM1NfUXFNYlk3cnl1RWQ3bzhzN3NFSVItUTJ5ZzVsNTZGNGk0YVhBZGFaR0VyUmR1TEIzR0JwNWt0YTZheHppZWNGY1l0TVRUcmtEa2t1RjJmRkdoZVYxUmZSSk9hc1dkX1dQZ2tKaDRHWmt0?oc=5
PG,2022-09-07,Could Procter & Gamble Help You Become a Millionaire?,The Motley Fool,https://news.google.com/rss/articles/CBMimAFBVV95cUxNM0VHQk1jZzIwMTA1UmpGdmkybGF0Y0F2TXB3OVVyQ3RIZkNvbzR0SVJETHZOLXlUSUVUWGhKSXE3UXQyZ05iSm1uaEFDOU9telpxcmVQbkFZRTR0dV82T253eTVQQk4wN2dPcDZJaUxhNEhCS2lqSVY1RWRyWVlBZkVHTGFuMXg3RUNtY3ltWEtUaFRaYlFOMA?oc=5
PG,2022-09-07,A timeline leading up to the death of Bed Bath & Beyond’s CFO,Fortune,https://news.google.com/rss/articles/CBMiekFVX3lxTE54UExKczVpTzJhLVJBcnQ4Q1Q4X1U2cGJ6NXA0RlRScmI3a2ItemQ1cVZsSlk3WGxZYlk5ZjN1al9VeW53UGlGb2J5a0lReHc2WmpmU21GR1I3b05BNUVCdXJQcEhKNHZOV0RXTW1ELS1NRV9iX2Rtakxn?oc=5
PG,2022-09-13,Procter & Gamble Company (The) Earnings and Revenue – NYSE:PG,TradingView,https://news.google.com/rss/articles/CBMickFVX3lxTE84WjZ1Q3RVZjVBWk5SRTU4amk3NHY4UGFUOFl3MWthdXE3OVFiOFJueERlOU8yTWtYdDRzNE5aODNOOUtGX29NWHVnQnlzOE5jLW9UTW80aXQ3bUFSTEQtZ1JMOXVwcGZJSktXY1pDNXRFdw?oc=5
PG,2022-09-16,Indian yoga guru's Patanjali plans to list four firms,Reuters,https://news.google.com/rss/articles/CBMitgFBVV95cUxQMEZnTjlCTlFGRkJzRFhYNDZyQk43SjdXZlJBZEREQzVYTmRkWFNpcXhZWXNzUjNVakhzRnlCcExfY0NneU9UVkJ1SU43S1A3NGJkVWdJMXg4ZHlZZEZCVldZaWdLUWp1SFFZREx4MmpmenRIT1g3WjA4SU01UjZIWTNYSDlMZk1jQ0RlYVF6RkxjbEZKUkdjbkg1QjlHeVlsVG0wLVVyc0VUWmVOOXQzcXVOQkx6UQ?oc=5
PG,2022-09-16,Indian yoga guru eyes stock market debut of 4 group firms,ETRetail.com,https://news.google.com/rss/articles/CBMi_AFBVV95cUxNSGtOVDB6NUhTckVQWF9nMDE3UmtwTWlfN0xsWnlLX1BEa1UtRGFHMmpLY3hXNkVoclJjc1BidnVpUFVXT2JCZHNaRXl4U3BGc1FZREE1ek9ZaFdDLWE1X1R3MnpneHJRc2VIaEpkaEtCaUw3R3Y4VWtnNExyY1h2X1V3ODdoN2NESklUVklBQ2twbWxQMkVtTXl1UGtTbVBxVmloRm9zcW8tbjlxVk9yS1ZSSkhXYmpBN1EwejJZNEtyTWZiU3hQaE15cF9uZVBOOHozdndoUUZnSlFVekJVSmd4dGUwZml2WWdabkRpQW4zY2g4NVFiRTQ3MVrSAYICQVVfeXFMTmVhNGNzejE0WkVkU2Q0OGl4WnFySms3dGJpaUswMjVmLWUyRG9SMDRBRkJUdkNGcnNraGQ5a3UzR2xfY0wxX0pCQnpMREJlQ0hHSXA3OGRPbHFCTWYwbFJXTjR2RGtDa0xBUTZ4c2cwdVdsMTFMUy1kT3RDMHFMeDdCX0hqZEgxOVlKZ1RRemZUWmo4ZXlFZnNFakIxdzRmbWJFRFFQQk9oLUdFckE4MXpwS1RBQ0ZLakNGV0NfZFdOYndLaWVmMUZBeUp4NjQ1NllReGRKY05pOUZSOXZlQ0txSXVZeWFvekx6Z2RDV1FUTHlkN3I3ZDdmZzdZaVJLSjVB?oc=5
PG,2022-09-23,The 11 stock market sectors: What they are and why they matter,Britannica,https://news.google.com/rss/articles/CBMiY0FVX3lxTE5iWjY1UVh5UUdGcVAxTDl4UkdCRE9vNFNKOWo0OWEtRnZWMzJ4UDh4dTRmcnJYVUwxOXBETXprcE93NFB4VDMzT2dIeWVvQURNbkdUZXg3Qy01b0tYVDdNTzlLcw?oc=5
PG,2022-10-01,Are Dividend Stocks Right for You?,The Motley Fool,https://news.google.com/rss/articles/CBMikAFBVV95cUxQbmJUUjZxUXFkVVh5Qm9KZmFORUdXUEZnU1VlV2FqbnN1Z2RvcVB4YXhOb1Q2U2tnaHp4eE1hM0ZOMk5Ya0trM29pd1MyUVdqbUllVXBBdWJKTUk2ZnFPemJDcjRlYzBTN19XV25RbXRQVHQwdm8tLWtFbnJRSHpFRlJTSjFqdEd4T1pQUnVpc0Y?oc=5
PG,2022-10-03,Stock Market Sell-Off: Is Unilever a Buy?,The Motley Fool,https://news.google.com/rss/articles/CBMiigFBVV95cUxOVTRuNEtrU2NRUkdvejYySnZlUHg4aTZ5UzJ1clBBcWw2Nlo3M0hzTERBYjhjRDJ3T05Nd0hrUmVFUHVnUDNsVjNCTXNTSHVvT0k5b1Z4bWxYMXBYbGxjU20wUmhsUjlxNDZmMk9OR2VqZWZmSkNoMUxIQjc5TVVyZVFhOFlZcGpaNFE?oc=5
PG,2022-10-05,Could P&G Stock Be the Perfect Bear Market Buy?,The Motley Fool,https://news.google.com/rss/articles/CBMikgFBVV95cUxQSnNERDB4MmNELU1UTDhUOGxMSFRUd3RwMjlUN2laRmZ4U3lIcjNjTUQ1dzdEcmtPcThxbUh0ZzhJbWdRbEc4anRQNS1YYm85UDlic09GMzFWYmZLOFR3cHVmQ2k2V2FrUFRoM1RueGlIY1l4RklteVh2YzNvMDBIa3pEeXVlcE00NHBIYjNMbTQ4UQ?oc=5
PG,2022-10-05,Ford vs GM: Which One Morgan Stanley Favors Now,24/7 Wall St.,https://news.google.com/rss/articles/CBMiuwFBVV95cUxPVVR4SVVvbkZxbmFDTE1WTzR4THhpSEh0elNvVm9BVU9vaTlVLURSSTFlc2hjbFRPMXZZVDl4X1BmQXQ3UkZRc3EyZjN3MnpORDRTVmRYamxuUUY1d1JpZTVxS3ZTZUNiMkMwd1c3NV9QT0J3c0VRV3BoRVFjb3RfeWIxcjZHSDI4aXQtdVc0R1c4MnhqbWhQcDVfWEN0dktHOGJhYlAzSDhpVEpyUjJvdHlsZWE3UEw0b0pz?oc=5
PG,2022-10-06,1 Green Flag and 1 Red Flag for Procter & Gamble,The Motley Fool,https://news.google.com/rss/articles/CBMikwFBVV95cUxQcXRpQUV5bnFHUXZHWDk1RHVUbDNzYnAtZnlHSnpyVVkza2FqYkRsNUx5X19veHdmRkdLRWd2bFdRb3hYdU1pLUlfeHVDb1FXa05Qc1hyeVZnWkVpS3ZjT1RIaW15ZkdJUmQyNWQySUxuSDBLOGE3dmM4bDAyZEE0YmdXV1l3NmVRZGdTRm81WGo2aTQ?oc=5
PG,2022-10-09,Surprise! Warren Buffett's Secret Portfolio Owns These 31 Dividend Aristocrats,The Motley Fool,https://news.google.com/rss/articles/CBMijgFBVV95cUxOdmNKVTFDWUJDSHFEZkoyVlFMOEhNaUgwMFBteDlNbEdTa2dLYU1XNlpmNnFwYUwyYTlVNUNXcVhPbzM2NWYzdTcxQmdSTk54ajR1VEVQdEdJR29Jb1RuRFk2NUxsak5oMUpBV3pTN3JXVXNHbjNSR19keVJtUjVrZ09JbHNFYXJXM0pRY2N3?oc=5
PG,2022-10-11,P&G Shareholders Elect All 11 P&G Directors; Board Declares Quarterly Dividend at 2022 Annual Meeting,Business Wire,https://news.google.com/rss/articles/CBMi6wFBVV95cUxQZGZ5aGxFU2w4RE5FUnF5Y29iNFRrQWRrYmlTLUZwRm14QUxRMXBCalAzd0lGTDJjaEVwcXY5OW5USWNCWmg2ZGgxc3p2djJ1VUNqcktmbHRJRTg0Wl9VTU85bVlKSXVBQUZmTlZoRnM1WWNPNHV3WEJ1X3JYSGNwSy12RVpfSDY5OFdUQloxLUFBZHRqalkydTd0SF9OZzBEMldoS2VsNXFnYkRlcGYtXzVjSmMxUzVsR1pkcGw5UGczUnFHeTJlUE9iUE5jd0V4akxjZ3FtUG52N1lkaTJqUk44TUx4eEhwTU1j?oc=5
PG,2022-10-14,Kroger and Albertsons Announce Super-Sized Supermarket Merger,Investopedia,https://news.google.com/rss/articles/CBMihgFBVV95cUxNQXdObmtZaW4yMnVOZFJsUEVPNk9NbHZiY1R2eTdXUHNnZ18tbE1RWm5XTmU1dXc4NllvUHpBNnpLTlhfNUVJX1A5cnR4OTdNNzBHRWFWLVRUUjZ2S1huZmtVUE1sdWotd090Ti1zSGRHVFliejdtekhiM2hEY2dZRTAtMDNXQQ?oc=5
PG,2022-10-15,How Much Is Meta Stock Worth? It's Impossible to Say.,The Motley Fool,https://news.google.com/rss/articles/CBMimAFBVV95cUxQaUlYNE4zQnFqRm9DckNpT0luWjRuMF9jSUlNTkpGSEtGN0tHQnExbFNjQjZmWHhaSjVMcDd3WDZ3Nnc3Mkh6RTBpMXFoYU5QWWxzOEtPMlBacEw5MFdud21KQ0NNNENDYUtBSndiSzl5YTVTWkhZT0JVZkRieUdfblhtTjhybkREZHY2QnZZV0c5NVl3SXhiYg?oc=5
PG,2022-10-18,The 10 Most Diversified Stocks That Hedge Funds Love,Yahoo Finance,https://news.google.com/rss/articles/CBMihAFBVV95cUxPemRNNmlmbjRhRHhBdm9KdlBwTWVqejN2US14cmxvUEVyWVhyY3RJZkF5ck9Gemg4OGp1NFZXaEEtcFZmdjJLS2pObmthTk5mQnlwUlNqc1JxZGQybUpiTkQwZG1hRl85d1V5ekR3eWpGeHZBMzgtaHliNHdvWEJtYmE1dzQ?oc=5
PG,2022-10-19,"ASX falls as jobs growth stalls, and as recession fears resume on Wall Street with UK inflation at a 40-year high",ABC News & Headlines – Australian Broadcasting Corporation,https://news.google.com/rss/articles/CBMilwFBVV95cUxOTUNJWndadDNWTzY0SEpxSU9YODFLMFRlalhIVGszVlZKSU5QNXAwa0xxVUxnTVpfRWpXVVE1cE1VWW9LdWtfZGt2Z0lQUGs2d3hPb29kWE5MeEtxcUlXUWNaeUxueWY0ZWUxVU1mREppMjBNQUcydjRBaFJ0cE9CQTFodGdRdFFkNVdpU0RIXzhScDRMSExz?oc=5
PG,2022-10-19,"Procter & Gamble sales, earnings get boost from price hikes",Reuters,https://news.google.com/rss/articles/CBMilgFBVV95cUxQWnNKb0ZJLXlBOVNfMGhWLUs5MDNqSkJaZHVtMFVFYnJnLXpiVThqNWY4X0tZQUVZbm5ERnIwUzA4LVNocnE0Vl9zUVduWnJweXkzNWRhaW9JcldhS0xTN3RCRU40U0NuMDZvZHEtNXBoX21aX0Z4dk5ySW9PUEhKQXh2dFFTUExHNTZfT3hBd3luczNBbXc?oc=5
PG,2022-10-19,Procter & Gamble (PG) Stock Gains 2% on Earnings Beat,InvestorPlace,https://news.google.com/rss/articles/CBMimwFBVV95cUxOTTlSbXdIQnNNNllSX2paUWlyQ1MxRXE2ZW4xYnphY0lndFd3U1FyOURmdWlfc1dCRjhJRzM0RTgwTVlTcTl3MzZUbU13TkNrYkE3cklHellZR3ExRU5ManBOZnB6T2FBc1V1S0VIanlJTXlLblRleWY4c2NiU19pVGNqMjNtNU9CY2FZU0dxWlpjWXczTUEzZkxUQQ?oc=5
PG,2022-10-20,Wall St gains as upbeat corporate forecasts boost sentiment,livemint.com,https://news.google.com/rss/articles/CBMiyAFBVV95cUxPNkpCSHZteXRreWpIOWx2TjFKV1JuWEJMSmswSzEyczZTYXY1Vm9xMTVGbVphQ0FEUlR6dTMyVmxTMTBfQjNrVTl6cnB0YnJfX1AtQ2hhVDlZakMxd0xjWEVFN3hLZnBEeGRaY0FCS3h0Wk5NdjZuZF9MdFY0RHJBa3Bfbi1kcWowYlFtR2U2QzM1dUNnNUJOTG1JTWpiN0JNLU51RkF5dV96NUdodGlPWkM4T25Qd2tmSFBETG1kUnFVSmRTQkVCcNIBzgFBVV95cUxNbkpqdTVnSVE4X3dLV3cxbktROFRVZkdoYzZ1YVN2ek9OZGRSQmwtaXBLOUgxWlNJRjdZRzNQM3J4UDk0eWVkZ3BnaE43T1N0NUYwOEE0V3dJTVMxb252X0l3RHQtRnRna3gwMWwwcE11bnA3OXdvNWFYNGhVSUUtUEU4SVloNzkzNXpkTVNvbk9KakxjUEpfSW9DQXpXR05WbUdyR0wxN0VMTjluYUpHc3lVenplelptMjBWV18xNTFSMkt6QkZ4SU1hUWxYZw?oc=5
PG,2022-10-24,CFO stressors: Sounding the alarm after suicide,CFO Dive,https://news.google.com/rss/articles/CBMikwFBVV95cUxOZjNDY1ZzRGQzR2hxb0FtcFZ4SVR4RUlxeThybng4MkVKLWFvcEw1S3NsM3gyZWFMQUZlczJkTjVFNEhNM3JUa01nYWFTRFJRc0dtZ2M2NDRKaXRBNV9KNUsyMkllRVBhNDRmZk9RakpfM0lZSUR3OVpJdnBXXzFRT3JwZE05U0o4TC1BWjhsQ0E1bWs?oc=5
PG,2022-10-26,Coke and Pepsi Had Good News for Oreo Maker Mondelez. Buy the Stock Ahead of Earnings.,Barron's,https://news.google.com/rss/articles/CBMijAFBVV95cUxPSlVuQ25kVE0tdTJKNk8tYlRWdkFIN0R1RENFY1EzbEpyT3VOSkJKd0RsR1ZDMVE3bXZhYUU4ZzZvamxVUkdsSVd0S1pmX0g5RDFKUlQtZTEtdmRKWkxaUFdIZUNmeW8yeVZGa0pjNGdEOHNhY2JwTlVlMDdPcUxwNy1qa3IzN1I2Tk1EXw?oc=5
PG,2022-10-28,3 Warren Buffett Stocks That Should Beat the Market During a Recession,The Motley Fool,https://news.google.com/rss/articles/CBMijwFBVV95cUxPR1N6TGF4clJoblBRZFpLY2wxQ2tYZkF3X0t6bW1FYVV4X0tsbUluZ0JIdTRZMzYwSi1lekphd2dYQkc1LVpSMzNQaGtLOW9sZnZ1LVZIZkdaVElUNzEyMnJSaTQ1V2NTMThtdFpPN3Y0aDRCOC1PX1NScXR2Y1gzTlRYakZsTWFXTlNVemI4UQ?oc=5
PG,2022-10-31,"The Best Stocks to Buy With $2,500 Right Now",The Motley Fool,https://news.google.com/rss/articles/CBMijgFBVV95cUxQNUJUcTJINmdxS3U2WWw0cnMxaThKdlQxWlk1ZXVFaTdsdVFCM2pyOVpZY2g1SlNtNzd6UmIzOU8zSHFjd3RUVWZpQk1zcWpXZ2dPakpRRG1jZHA1ejhUek5BZmpmMFlfMEpfeDByUjk5akhtdzNISV92ZGUxNlZXN2NqQVFGY2o4SGQ1N3lR?oc=5
PG,2022-11-03,P&G Hygiene Records 29% YoY Fall in Q1 PAT,Equitypandit,https://news.google.com/rss/articles/CBMiekFVX3lxTFA5LWNuamlfbDlCZ0lRdWIyejVqdWJwZTNhX0VEelExTy1DOHg4Z3lKU3lBM3pkTUR2eTB4cGVKWVZiU1dpSVFMYy1Jbm8tQWxldFFKZE0xS09IV0tIVUYyMU41ZlR0TjR5dUI0Nklqc3laMmxTLUxlbURB?oc=5
PG,2022-11-07,Procter & Gamble Co. (PG) Fundamental & Financial Data,Stocktwits,https://news.google.com/rss/articles/CBMiWEFVX3lxTE9aZndQRDRSOFN2aWhEZzFpZzI1eGgyNXZ4MWN6X21ERmk0cWxWX0RCLUIxY0dVY0h5dzBHRFpxU2FMOWdwUGdIQjdaY24zaWU0MnlIc1dJR2I?oc=5
PG,2022-11-08,P&G execs earned $87 million from stock in fiscal year 2022,The Business Journals,https://news.google.com/rss/articles/CBMijwFBVV95cUxPNmtBWXJfR0t1d0tOdkdWVGZkNEcwcWdjY1E4eFRUckVRS0QwMjVaTlBELUlKTVFDaFVLRDY3QUhaWDZ3cWd1Z1ZGVVFMRkdfeUQ5ekI2TThxRkNSNldUaDhFTDJsN3VDcnlLT2FFSkdVU1BNWGxzTmczb0pUSWxDc2Vud2hWZVoydE01Z3NxQQ?oc=5
PG,2022-11-08,What to know about Levi's CEO heir-apparent Michelle Gass - San Francisco Business Times,The Business Journals,https://news.google.com/rss/articles/CBMiqwFBVV95cUxNLWR1QVNrTEdQSEZHWTRjQWlKRml1Mko4SF82NWdUT09SYTU4Y0ZmZlhwbFBMN0ZzZUdGeF91eXhQYlMxV1pkS0NvQXFETFNLUUNzdEg2YmlkTVdDTG1lLW05U1BUTUV2M3AwaFMzdTBQV0ZCNGh0ZDRqUUJHM3dJRklTZW11X3JYVXVHbldJbTJLSi1OSE0zQ3Y1SGEtWWxtOG04dG1ydS1tR3c?oc=5
PG,2022-11-10,"Kroger stock outlook improves thanks to high food inflation, analyst says",The Business Journals,https://news.google.com/rss/articles/CBMikwFBVV95cUxOYWF4YkEyZGEwRTE5V3ZvcnJuU1NLMVlLQjAyTThxZDNhY1hsbnVWTXhKZjJXbDZUY3dhTlEyTFJ0YVVzeV94dEtlNGlzNVU2NUlpbnhEWnd6ZWJGMjFYUWFWd2Z4dllwbURlY1JYWGpGZk42Mi1WRmlrNWpIWGdDOVd3Zlp4SEQ2OWRVV2kzZWJfMzg?oc=5
PG,2022-11-11,Procter & Gamble unveils plans for $500 million manufacturing facility in Arizona,The Business Journals,https://news.google.com/rss/articles/CBMiqAFBVV95cUxORHNkUnlmTGl1ejlMa1liMUM4emZpeExWakFodlMzajA4SV9rSy1mTTJpc0ttUzlIc3AzcF80dDlGTEpsVGFnQXVyeWtNMFhqSWI3ZUVySFF1Z21kS0d3Unh0NmFRWkR2QTllUVdhUkZqTGJVVFlpZm0wQ1poUnFveGZHN1pNekNzN000SzNiNnVuT3UzNGh2Q0stVnNuamVOV09mbGYtSnQ?oc=5
PG,2022-11-11,Everything You Need to Know Before Applying to Trinity University of Asia,Candymag.com,https://news.google.com/rss/articles/CBMigwFBVV95cUxQVGhTSUpmZ19jSTBYUmF6c3RwSVE2Wi1JMVVkV3dqQ2JralYyMUdfTFg0d3paR1M2ckMtMS1HZ3FQa28zMW9QZnczRGRLYWNiVjFIYzh3WjNJOGJUU1FmQ0laRVMtRWtwR0ZuWDdnd3d4MlloUkt0aVpyQktIMzlHbG9ncw?oc=5
PG,2022-11-15,Arizona city gives green light to Procter & Gamble manufacturing plant,The Business Journals,https://news.google.com/rss/articles/CBMipwFBVV95cUxQS3oyWFJiNUhGSjA0bllSYnhMcFZ3dFA3Tzc2U1NyN2lOeTIzVTAySXRLUjNVbnZCUm1ZQU9NbUlsVnRRRlhGQUFOT19QV2JlWEdDTGIwNjY5OFVkaW9xeWhtSDZQWmpNZXJvT3FIeGFILWxaUDhDTnFVY1Q1QW1XU1E2Tzl5NFNBa1U2LTMyc2RfclJyNklaTFV4TnoxNDFzanhjTi14MA?oc=5
PG,2022-11-15,Where Will Coca-Cola Stock Be in 5 Years?,The Motley Fool,https://news.google.com/rss/articles/CBMiiwFBVV95cUxNdTNqa3N1bVVZN0s1WU1UeXpTYl9TWGNuU0FNMGFxOVdHeUhya2JGMUJsR2xxR2cxZjNCWVNkYXlackhLQm1Dd3J4MVpLdGRabDRqN2ZvSk9zUFRtUVB5eEJEeGlLX2FaRC1veURNZkc1c2djaW9Wc2JyOE5oVTRpYnB0NzdxZzhEOVVj?oc=5
PG,2022-11-18,Unilever Is Down 23% From Its High. Time to Buy?,The Motley Fool,https://news.google.com/rss/articles/CBMikgFBVV95cUxNQVdsbTVFaXlrOFpZMFJWVFBaRTJaRnhORzZ6WmY4U0w3VW0zdkZnel9vZG41OHJCQTJPMlVDdnY5alZXOEZVdW9MRGd2ZFVVa3ZMbFFwSl94SEg0TEkyX2V0aEI3NXVBZjZFN0lqc3dBV0pad3hXWFY0Nm5POTJaaVBWSS1OS3Y1QkhIamF6QXhmUQ?oc=5
PG,2022-12-01,CrowdStrike Vs Zscaler: Which Stock is Better?,Nanalyze,https://news.google.com/rss/articles/CBMiZ0FVX3lxTE1JZWR2OXhBN003dUFhZlFUZkREakRqRmhlejlxY2FEOE90NVBQYUlKdk1reFNPd29veGRwRklaOVM5QmJxVnczelgtQWc1U3BSOW9VaEFlejVYZUZjVnhOOGRYUS1KbnM?oc=5
PG,2022-12-02,"P&G to pay $8 million to settle class-action lawsuit over benzene in Old Spice, Secret deodorant products",The Business Journals,https://news.google.com/rss/articles/CBMikgFBVV95cUxOLV9FVHQ5cUxiSmdhcVpyYnlYVmp2Z05sRHNfVlUzNE9HNXlReFEzckNuNXNUMXYyR3pZemU1Y0JLa3ZyREtFS3NrRmtSQlUwMWlWLTU5b0pJeFNic1NsX2d5T3pWOVI2UlVSNEl0emhQYWVHbXRDbkotZkJLQUNLWW0tblhoVmFJVlJrTWt0bV9pdw?oc=5
PG,2022-12-08,10 Best Halal Dividend Stocks To Buy,Yahoo Finance,https://news.google.com/rss/articles/CBMigAFBVV95cUxNbzBBeEtfQzJCOFdFeU1fRk81aWFmSzRSSDJQeFdWcTNxM1ZfRjZHaEtsZ1VpZTZaRzM3RS13Q1dUcXQwNHI1eGlVRVJYNUFqdXphV1Z1ZjRVVm9tVVpQUDVwbEYxWHZVOWZLMVE0cHAwYktLbVJBSXJoWEY3ak1SWQ?oc=5
PG,2022-12-14,15 Stocks That Members of Congress Own,Yahoo Finance,https://news.google.com/rss/articles/CBMiggFBVV95cUxQcDNsam8tS2ZCWXEyMUd4ZnFmRDUzQ2FRV2V2QzlfdUpUX2tHMGpaUEdrczN4dnhTc0lVVjZET1pPd2plR1FNWlhEbzR2Mzg0bGp2MUcwOXZjWXZsUk5YM2Z3NUR5MDZvZ3ZKaTJSY2N4Q09qTkU3TkFfRzRvcmNNSE53?oc=5
PG,2022-12-14,12 Best FMCG Stocks To Buy Now,Yahoo Finance,https://news.google.com/rss/articles/CBMieEFVX3lxTFBFRjE5T1pGOGluemQzbzB0LU1HYnphTzZPMURleVdGaVRWT1ljX0l4aVVxS0ZsWGlCUkNQU19iNFRKOG8wNjdnZkZhQTZsczFncXpRdTE1eVF4eElDUnZmeHRFTVRwTFVJdVJfS2pRaHdyUEFGZUd0RA?oc=5
PG,2022-12-18,Where Will Procter & Gamble Stock Be in 1 Year?,The Motley Fool,https://news.google.com/rss/articles/CBMikAFBVV95cUxNNFk3R0paX2d4LXFhamg0YXpOWUpZM1dCV3BhY1hlOWZQOUpRczE0dGZWQUtQRExKS3VJelJZSHEyOEdXUFVMdG9ScHAyOUFfUEtrNXZXcWNKYVd6YjNjWFVBcV9pVkdWOXpfRDJTd1UwVmFKX0RpNzdyOG9Tczg2aGJGTTdCd29PakZ6RENyczM?oc=5
PG,2022-12-19,Unilever (UL) Or Procter & Gamble (PG): Which Is Right For Your Portfolio?,Seeking Alpha,https://news.google.com/rss/articles/CBMisAFBVV95cUxOcWdwNGFvUzJWQlBJTnQ5bFdSYUFNUzhnLVpnaGdxYTFVckZiMzdfWnc2cGtjRUlvLWpQd1pwYmN6cWRQajlLc3dmVmxkWWlfMU5OM19sMTltV2F2eWxZZm5fcEg2QjFwQzJpcVhMVVdHUWR5bjE3Tks5a0pkcXpnV09iNld0dG02SXJEUGZNc1h3dEdBLUFMTWU2bXhoUk1pR2JsRTRISGhSU1VDRVo1WA?oc=5
PG,2022-12-22,P&G partners women centre on capacity building for female artisans,Business News Nigeria,https://news.google.com/rss/articles/CBMirwFBVV95cUxOcEF2aGRNaUxSWXZfSnJkNFVJcFo5Wmo4cFdNNi1RMVA1czFEaDdVUWhzX2dxZi0wNVZCY082aGZzTzM0OG82YVVCNXBKMmVZV2o5UDlRNTRsQmpJWF9NWDlzV3NWLV9XTXMxU2xCNXkydGJGMzYzX1E4Vk1nRjk3djAySW5XOHpFNjNxaFZGTWVyV2tqTW95bGg5WEtFTy1OVVNBWkR4Z2lkT1o4Ny1z?oc=5
PG,2022-12-24,"""How To Build Wealth: Buy Low And Sell High Consistently""",Seeking Alpha,https://news.google.com/rss/articles/CBMimwFBVV95cUxQYm5RVEtPQzQwSzJCSlQ1OHZsSmJ3a0pXWkJncjBRMDVKeUZFWi1Za3lVWkh6LTFleDZsSElDSzd0WFM1cWpyOHdlWVFMVFktLTBVajlfWFBYVmx0eVVEWm9lVEpSamtJMDRnZFBiZGM4cXRDNFNRYm40cU9WNDJBbUl6MnhfTlZSdl9pUFp6MzVTUTVHWmV4R3RqSQ?oc=5
PG,2022-12-24,6 Notable Dividend Investing Quotes,kenyanwallstreet.com,https://news.google.com/rss/articles/CBMickFVX3lxTE90U1M5cVVJR0VlWEZzME9iUnVJMFFxVkZDSDN5c1lSRkxpSmExQ0FSVmN5d3IyUXpZbGY3dzhSZHdEbGJYOTZhWjg5QjRMU1U4UndmLWRhUElpWEY1X2ZGTHBEU3JpTzJaMkhnYjhQdVBrQQ?oc=5
PG,2022-12-27,Procter & Gamble continues sponsoring Russia’s war with two giant factories,Euromaidan Press,https://news.google.com/rss/articles/CBMisgFBVV95cUxNVFd2ckhvYWhvLUU1N3h1QjBnVHZyemtObmJudEVzajNzdVp5bWxtS1ZBRUxPdEtNZUNGUkFzMWVBMlFoVzFsak8wcGN1NkQ0cnFnTDFScU5scEt4bmE4QTJ6MTVmdnBZczBKTW1KcjZXTldYb0VzVXY5SUNJaHZzMUNEUGwwMVBHOU8zU3ZCUVBXWEE4TmZaWWhFMG9nSnU3Y2lSb25wRXRBblczYWg0WW93?oc=5
PG,2022-12-29,10 best dividend stocks to watch in 2023.,Moomoo,https://news.google.com/rss/articles/CBMiYkFVX3lxTE5UMkFNbWFidjZuak1oRGdaV0gzakE5X0x2ZnBlUFlucUEwMUpXSnl3ZG16R21pV2tPOFU2RTZuTFdORTQxZVllM2RYcVYwNnRPZ2Q2Q3UwTHNmVGhILTh6VEt3?oc=5
PG,2022-12-31,11 Best Hair Care Stocks to Buy Now,Yahoo Finance,https://news.google.com/rss/articles/CBMiekFVX3lxTE1sbVNQSEljZ0tEajQ5TkhfbW4wV0cyRGZDcmZwNWZJZHFQSGtEMnZhbmhUM3NnajRhWEhnWllIQjJrY3NOUUxFdHJGZmUxUnU5bUd0ZDE1WEJZQnJadUlrcWMya3VYM0NLM1FJUDRmYXRRY3NWYVZxTWh3?oc=5
PG,2023-01-05,"With cold and flu medicine shortages, not enough relief for sick kids — and some adults",The Boston Globe,https://news.google.com/rss/articles/CBMisgFBVV95cUxOWmN4T3VuY1JFUnoxbk0wdjllSFJ5SEpvWjlONWlTa1Fra2xrdC00T2djZGd6elpzeVBsNWhrWVlfdERpdUNPTmJZRzhhdkxOVHF2QnpDSUtsOXZkVVdWcFZlYXlqbmQxTmw4UDhYcWxPc2I0YV9WemozcXpMaDRuUXF6aXhOUUFFQmVaUjA1X0lTQ0ZaZzlWWXY3Q0I4MWY3eGtHazZtMS1td3lPZXhLT2t3?oc=5
PG,2023-01-10,"Kroger’s outlook bright for ’23, Argus Research analyst Chris Graja says",The Business Journals,https://news.google.com/rss/articles/CBMipgFBVV95cUxNT084REpqVDhLZzI5dlV3M2NoU1hqc1c2X2ZOM2RESUhrdDB5bEdQR3dVNEJ0VTg2T053OGFFYkJ2LTVDcm5pLVMycEVxQTdTbDNNQnBaQldWaVpGMThSTlJNYWl3b19UOThwV1BDTDlua3FIM2lTa1hWczV6ckxsM3Azel9OLWhNTVZVVzUzdE1oRHhuRlZvVDNrQVJZa3lheDI3S19R?oc=5
PG,2023-01-12,"After Falling 39% in 2022, Is Alphabet Stock a Buy in 2023?",The Motley Fool,https://news.google.com/rss/articles/CBMilgFBVV95cUxPWnIwRUpfakg1cXowYWRvSTg5dm9oWElmQjdGRnJQQ2pMODBoX2tTNlFjcHRLSmF2ZXQxaHY5UGtuQzRVa3J2SUR1VlZCYmsyTXFLWllJMkFCaEhFNmRudXNZSFJvNGt1My15MGFDSFpxUEJxNjFxY1RIaEEta2Uzbk1ELUhXeWU1bWNUd1QwYkJ1OEcyQVE?oc=5
PG,2023-01-17,12 Best DRIP Stocks To Own,Yahoo Finance,https://news.google.com/rss/articles/CBMieEFVX3lxTE5rckk3SnowY2tDSmh1TWJ5OW9ISlFpTnFFT3M2bExIWmVwZHJLdHZ1T1NOczREb0t3SElZWUFaOGRLZ1d3bDk4c1piNUdMSjFUZzlhOEZzeEpaU0IxSG03dnlyYjdvTjlXdVRMdnZmTEl0bjNJM0RYVQ?oc=5
PG,2023-01-17,2 Companies That Could Be Worth $1 Trillion by 2038,The Motley Fool,https://news.google.com/rss/articles/CBMimAFBVV95cUxQZTNOVENvdUswTUd1UWxvd0tCNmY1eGM2MmR1amNuVUM4SHNyQWVxOUEwaVp0VHhvQ3labDNPdjZSUnp3Ym5WZ0I5U0Rycm1iUEx5NUdaSDNJbTlNZjZHNWlsOHRBbl9Pc1V3WV9GM3FJTVA3ejc2Z0VId3owNTFoVjJTRnZqb0tXR3pIUGJuUzNQM1J6NWpPcw?oc=5
PG,2023-01-18,"Jim Cramer's Investing Club meeting Wednesday: Stick with P&G, Morgan Stanley, Microsoft layoffs",CNBC,https://news.google.com/rss/articles/CBMioAFBVV95cUxNNlpwWEhqVnBtVlhTdFpMNzZGWHlZUGl3aWt4UHJCMlJRZzFOSi1VcHF4QVIyQWNoLVFkMDFRTUlRY2lwYVZOVkdYWXl6MWlHR3NkZmdadGcyckNYVTQ2UnhoWHVUNk02MW5EWmlaSlB1b09RSXczWFBzb1lDb21FUG03UjlDZzRFNl9WZ1lhUU9ZeDJjTTVXRjlucWN3cS15?oc=5
PG,2023-01-18,OPEX Looms: 3 Reasons Markets May Need to Digest,Yahoo Finance,https://news.google.com/rss/articles/CBMif0FVX3lxTE43c09BQkhaYjZvMFE2djBRNEx4UDBZOEt1UXBhdnlraUQ0blRCanR1TTlyR1U4a3Z5MWQ5aE9oNk85N2I4VHFYdlFMYzJXb0l2Y3VlVlBqRnN4eHNNWUF0ZlgxdkN6SVBnSzVfdm1QeTlaNTNTcF9JN3pLRDc4NDg?oc=5
PG,2023-01-19,Procter & Gamble Earnings Show Resiliency but Stock Overvalued,Morningstar,https://news.google.com/rss/articles/CBMilwFBVV95cUxPN0dQMTBaMkxZMDNCLV8tTDVrZmt4UjBpMkhKOTlKLUpJa21mdnl2Z1hvazVaSlROdlF3RjFscWZQcmhSRkZVRUlkczZyVFdYaDJvYWRZMHl2N01XTGkyZG1YNlcwVXN6QkdmOGUxaHhycF9GcENuWERxaDhxLWpJUVNzN2Nfcmc5dWthaHBmSjJYNFVjcWVj?oc=5
PG,2023-01-19,"Stock Market Today: Stocks End Lower on Economic Data, Earnings",Kiplinger,https://news.google.com/rss/articles/CBMisAFBVV95cUxNTlI5NEdSUUJJLVFPMjEwdVNTRDVzRGY0Y0NKMnJoRklJRHlmZElvQ1p1XzhnUnhPRFFVbTA0MzZmXzhiaEV2MGhUQWZkcUY3Y3NOYjdwRmpCbEh5LXRaT21WRlRmbEg3VU4tY3BHeGluRV9lMjF3NkZZUG9qclRyOVFsbUJCRkVPNGF4ZjZIdzE4amc0M0QtWkhvNWdMY3hJUkRFOFAxQkU1cktjN0J6Sw?oc=5
PG,2023-01-21,"Procter & Gamble Co. (PG) sentiment score, message volume, participation score and buzz level",Stocktwits,https://news.google.com/rss/articles/CBMiVEFVX3lxTE9adWVNenFoRHpsTEJuM3haZDV5QUpyOE1HeEN3TjF2RlVSNUhfVFRtYlppZGhsNTJldUZsaFA1ejcyMml3Y3dQQUVMaXdtaVhxTW54Yw?oc=5
PG,2023-01-25,"Jim Cramer's Investing Club meeting Wednesday: Microsoft, P&G, Estee Lauder",CNBC,https://news.google.com/rss/articles/CBMimgFBVV95cUxPM01mTEtBaHJlTi04TUU2bDUzVkZtRmxnYTFtZTdUUTdndWtaR0ozelFRcXowUXMzVGRCNUJlclo2MXE2ZWQwRExtNXU0Mkc2OVVWUVV1c0tXdTMyWmowNmZjWDRjVXBOSm5hV2t3MF9pWkNXUkdnOWZ3eEpiM3JIVUdYMEx4ZExwQU0tY2lDNFhDWU1FQ0lZWHpR?oc=5
PG,2023-01-26,The Biggest Question Facing Procter & Gamble Stock in 2023,The Motley Fool,https://news.google.com/rss/articles/CBMilgFBVV95cUxOQkxHdmNxeFJsVS1hdTJDQ3dQWXdLb0h5QUQzNU16S2VwR2RkenVNTzhYcURtNnVXOFVVd05waHlWZXI0cmJENGdxTUhVSm5ETGc5bm5sbTh6NWh6aHg4M1dQV2dVOWlxRWJzOW5YbkFnUWV2UWJlSnhxM1hsM3lvZWxjQUpxZVd1R0pPRjlmZ2hRREdtYWc?oc=5
PG,2023-01-29,How Warren Buffett's $600 Million Gillette Bet Led to Buying Duracell,markets.businessinsider.com,https://news.google.com/rss/articles/CBMi1wFBVV95cUxPdHY0M3JEbnRPVVFra0xpRHRCWE5EV3FaTF9rWmx0X19WVkE0Z2hRTFdkWjNyMk5ad1BlYVdwM3U5NzVGUDJ6WGlSVVNtOURuVVZtdi1aaVZvbGZMZ0RwN3BmbEh2RmNLMW1hSENmcVowU3prUEhxWWtNUmtkMEUyZFpoaW1CbmFfXzlidWYtUG1uMGc5emhueUNoOVE1VWNhZGlzb3EwVm1acUt4bnNvLUxfQUNMeHVLQ0Vab0FHWFJ6RWU0WHhYTmNvVmhXTWJ1Q2ZjbjAyMA?oc=5
PG,2023-01-30,Breakingviews - COMMENTARY: Unilever’s new boss whets appetite for split,Reuters,https://news.google.com/rss/articles/CBMikwFBVV95cUxQc1kzVFFVVUtNZHhWNEdncDBERC1HVTM0Qmh2R1BZMWtSWlcwWUNDVERvNm9UQTBkaVRnSklzM0J6azBiMXkwTHRjem5zRFpuazRxWEpZTVFXWXIzVGtLcXVNR3ctZmozVUY1VExGdzJ3VlcyQXZYalN5aHM2NjRRcVEzMk0zdDVPRzVva0tvWDJCX28?oc=5
PG,2023-01-31,Cincinnati Bancorp delists from Nasdaq stock exchange,The Business Journals,https://news.google.com/rss/articles/CBMiqAFBVV95cUxNYW9EZG5qLVFxZlR2OFdpZXdzd2FtaGp0YUcyMVMtTUI2bHdtQmJrWjYxV2xJNzdWcllBRUQ1OUhDVjFFanhqX2xSSTVQX0hVVWRCY2xaS21pVE9xWFNQajhBdFRkMm5wNzBfRFZMN2hhbktQV1pXN3gzQXlJR3pKMzRTUUxEWEdyVnY3N1haSExXQjBDckpUMVh5OEhTSXNCTFRiejRSUmo?oc=5
PG,2023-02-04,P&G leverages data science to stay ahead of the curve,ET CIO,https://news.google.com/rss/articles/CBMivAFBVV95cUxQQWh5bDBMS0Uyb0ZkSGo3YmpXUzktVjhDQzRoc0VibzBpRGx2S2tUQk1MRzBvZVNheXdDbGd6Rk5ZaUt1aUU0UzlVNWlkdWNaX09WTm1VRXhnT2d3T1hEWmh0d0oxb1NpWFl6a2pKeU9MMjh0SHJVZDdfYlRaWnVZai1qWlpxaFk0Vml3WVhoaWNwZTRGdHpzTTZFaTluMk5QVFNkaWFIanlQb1hQNHZzOVB3cjZjR2xFVS1pMNIBwgFBVV95cUxPN080WFJMZ2JCR3JVOVVYdzd0MnV5RTFfOVNzRXd2VkhoVG0tLWpkMFZoMlBhUG9pX0V0TGtfRE9ETG9zanF5dG85MTJmREZsdTBNVFBqRVFTUnI4U2F5eVJyRENHYW5uX2h1a2FvTHJSU1BuSlJMLWZEc242N2xGdVJlb0ExdmY4bUliUDVxdUp1dXFSR2lWUjMzV1J5cjJxTkQ5VnFYbFBtajRfU2owQndGOXE2RjZwbEVTQjJfTmpGQQ?oc=5
PG,2023-02-04,These 3 Beaten-Down Stocks Just Keep Raising Their Dividends. Time to Buy?,The Motley Fool,https://news.google.com/rss/articles/CBMimAFBVV95cUxOZ0xLN3NKNnNWMkJSVmxzZDVyQnQwQllycEpzNlFocHM0T3djSEk5MFdOTVQtNEE4YTNRSHBQYmM2QjVadnJTY1RmMFFVVkxfdG82M0hYdW01Q0xUc2lCbS1YUDFQdll2enFBVDkwTXBBXzdRcG5oNFppOEFJYms3UVdLZ0hHejlBZFRVZl9xbXZPUjkyemZzVg?oc=5
PG,2023-02-05,12 Safe Stocks to Buy For Long-Term,Yahoo Finance,https://news.google.com/rss/articles/CBMieEFVX3lxTE5IYU9zbXN1MDlfMzVOMlJ6eVE0a1ZKYUF2bFhUeDZ2ZjZlYVFpSk9yWXV0YjdabXhka0V1YXdFZlVucFE0RXhKRDctRWlkRDdxbG1VN3g0WkQ3NmhSNTJyVWFiV2U0d19Fb2h1dUZoc1MxUTlpMC0tMA?oc=5
PG,2023-02-06,The inventor of the Pringles can was cremated and buried in one of them,LADbible,https://news.google.com/rss/articles/CBMimgFBVV95cUxNWW9Id1E4eG4yY2MyYzRLdGVlWERORzRlTUl2ZFUySWFuVDlKVC1MejlqX2VOVnBzX0paV2pTYkhRVkdDcXE0OXVxbm1nRWdFcFkwN0tteGJ4MGc3RGlUeW1OWDhlUzAxSXBmcmwxMm1pdkdmX2Fsalhsd0V3ZDF5RWIwemFhTncyNHRhTXJtbjZIMWlFRjdQbVV3?oc=5
PG,2023-02-06,Nestlé Vs. Unilever: Reassessing Ahead Of Full-Year Earnings (OTCMKTS:NSRGF),Seeking Alpha,https://news.google.com/rss/articles/CBMinAFBVV95cUxOX1N2OHlybDUzWFR0akdyWkdrRmZTMUFaaWZ0ZGNPV2lpNE5KWkJnNm5sdWZDdUFZUXVnVUxZWExMTWhmVGFYT0JLRmFheklienBSUS15dHpQczdrd1ZIcjNIaDNvX0ZqRWI3X0NKc29xaWU5YWxOd0F0QzZvbmc1RVFLcEtMUVVJS213aGZHU2ptb2toVUVjTms0MnE?oc=5
PG,2023-02-06,Nearly 10% of S&P 500 CEOs are alumni of Procter & Gamble,The Business Journals,https://news.google.com/rss/articles/CBMiiAFBVV95cUxPaDc0N2FHcE1CN1Z3YktPelMyZzE5U0g5cGhFWW5qLVVvYzRYaHlIRjVOUkJuQmRZbDg1WDg4bmtFd1lvZlVsRGw3LTNjU1hId3luR1pNdnlBWTRfUW9DNU5jWTFoNERhdnk0NjNZWEtuajJidFJIUWprR0tUNl8tTlJseHpFZ1M2?oc=5
PG,2023-02-07,Better Buy: McDonald's vs. Procter & Gamble,The Motley Fool,https://news.google.com/rss/articles/CBMiiAFBVV95cUxPeXVPZzBwU0RCWmNqWDJHYjlUSFZQS2thNHpGVDdOZk93aUYxWjBMSzM3dWRwLXl0QmdPSjZSWEhDelFBLU1pUnllbzdlRnp4aWhiZWFnLUpGWGNueG92eWg5c1JVMmxZcjhITTdfZ3g2THMtZUpRYzFmMWg2aVBxWXBkNXE4NGQz?oc=5
PG,2023-02-07,Is It Time to Buy the Dow Jones' 3 Worst-Performing January Stocks?,The Motley Fool,https://news.google.com/rss/articles/CBMimAFBVV95cUxNcFR3NGFzN2JGYmVOODVHdmpuODNPUTVXSG9wMGFORmxTMG8zMHlEYVBIcGVNNC1IejhZYkVubVc0Qkt6ZXljazktUTRYNmpCVFdjemxQX2hKZ0NGSEN0WU1wZU9MVEdKSHctUkVtcVh6NUZTa244d0tzaUU3bTZQQWI5ckNrR3dyS2M5WjF3YWlpbHVFc0pwNA?oc=5
PG,2023-02-12,10 Companies and Industries That Make Money During A Recession,Yahoo Finance,https://news.google.com/rss/articles/CBMiigFBVV95cUxORVMxMDh4U0FSNG9qb05RWk1haktmaGtqZjJ0ZFQwdlMycGFFNnNVczhVMzVVa3U3RTY2am1jOXdWai1kZGdpZC1sWm9TSEhJRFdLTXZLZTVKSTg5a3hxNldFbDVlMmNfN0pOcTIwV1hOa2hWUGd2Yi1BelpBcGtYcXJnMjI1VVdLdlE?oc=5
PG,2023-02-17,Markets Finish Day and Week Mixed on Inflation Fears,Investopedia,https://news.google.com/rss/articles/CBMikwFBVV95cUxPbjItVXUtVmFBNHF5ajdsZDZJUlc3ck5qSDJ1bEN2SEFrVy13Q09ncV9ZQTNaeGMtbFF4UldIM295NHc2Y3FSSXhRczZzcFIxMlVVMHhpcjhZeUZTMk5CalgwWXh4ckhtcVdkTllIaHZFUTZnN1Y5TFRsU1VEdjJGd3lTa0c3TmtFSEZBZThVQVhxSU0?oc=5
PG,2023-02-22,A Recession May Be Inevitable: 1 ETF to Buy Right Now,The Motley Fool,https://news.google.com/rss/articles/CBMikwFBVV95cUxOcm1pbXhMd0U4azBYS1VlOUNNZ01DUUlGOXJ2Q29vME9EUTZ0SndtdzA4MG0wbDJxazE1aXRjNWJnbldJSW14RU5GUENNYVlVS0VOMFVOVGRSLXJhVFhPMElCQkFmRUFKNVRpVUJReDVmVWhhUHpNRUctR29OVTNVNkQ3eDlDYlhURkZ5d0dZZDBDS1U?oc=5
PG,2023-02-23,Major palm oil company withdraws from anti-deforestation initiative,foe.org,https://news.google.com/rss/articles/CBMiWkFVX3lxTFBhbmxXcjhhY1NIWnBPUnRTZjdEZk5nUzJfMk9zZ3FLMlVwZm1MNjZkMVB4UXhJUXgtYm9XOEFhLXFHMHdZM3VMX2RHOTBULTFOM3FzT0N2eXB3Zw?oc=5
PG,2023-02-27,22 Most Profitable Stocks of the Last 20 Years,Yahoo Finance,https://news.google.com/rss/articles/CBMiggFBVV95cUxOTmJrdVktRFJTMG9jTVN1OWdXVHdaR0JWNDdSYXFBRkZkV1NYTzhVSWpsc2kyR0ZMTFlyWGpKdmo5a21CdUpyUF9mcWgzeGV0TTdWNG43eThsRVIxa090aFFVMUhKRUJPOUlGMzcwNkV1NzlQNXU5RjA3YkJhTEoyMW93?oc=5
PG,2023-02-27,The 30 Best Stocks of the Past 30 Years,Kiplinger,https://news.google.com/rss/articles/CBMijgFBVV95cUxQNHhSSFBKZVpwNEl1VDI1S05qanI1aDd6cU4wWXk2ME0tcHhHdnJYN3VjbV9sZ1ZWSGpxclRybUVlVUpRX1NNeEhOVTdMN0hCVk9tS25HdFJkUnhxMjkxM3FsbG1jZjQzcWk1clIyWURPcHNiUy0yaGkxT0t6YVFaVDZ3SDZ5TTdmejloYlFB?oc=5
PG,2023-02-28,Warren Buffett's 10 Longest-Held Stocks in Berkshire Hathaway Portfolio,markets.businessinsider.com,https://news.google.com/rss/articles/CBMiygFBVV95cUxQaGJUcUNOYnJ2TnVLS3FSMHVQNVNLMGwwNF9JRDJzT18xbFF3Q2tpMFRoWWthRjJNaDMxTml3Y1BHVE5IUkFjekhWMGl1UkZGekFNT0JsMEtQQ0d2VTRYbXBXYjNNWmt6T2lKRk9FQWRjTnBGVVhFdXhacHAzUmVCNjlyNUs1eUo5NzQ1dG1FZGt5dEx1S1Q3N3g0UjRldzJSdzB6U1FHMTlENTN1RHFiNHFHcXRmWEF1NV80MWRsLVpCLUtNd3ZueHFn?oc=5
PG,2023-03-03,Can Unilever Win With Procter & Gamble's Playbook?,The Motley Fool,https://news.google.com/rss/articles/CBMikwFBVV95cUxPYU5WbXpBVmRtM0hwRmpxeTF5R1Q2VFEtazd0Qm1wM0haal82a1VaRmxtaU1jREk3dlF5R3VKT2JuQmFsS25tYmtReWxCbzhycDQwTWlTUHVkR1ZoQkVxQ2ZfT3FIWTdRRk9OMXdQTUpBVW1iZkdHRzFnTEtUdVdOYkJmODIzYUFsT0RIWGt6ZUNGdW8?oc=5
PG,2023-03-05,Hertz Warrants Offer a Good Alternative to the Stock. How to Play It.,Barron's,https://news.google.com/rss/articles/CBMiggFBVV95cUxPdVRLVDlEZFlZVzdKRHlMdm1Ed0VSYXZ2akxCLTNZalpOSmJEcnZCQUJSeXQ3RWpkZWoxOEFLZGd0c0lqSnJ0ZzNzWmU2djktR0dUVmIzQVZWQ195R05BX2ZXaWdBT01oVDNqZjFSTzRtSk5hcEVIWjI1RWMzSkNKZE1n?oc=5
PG,2023-03-13,Markets End Mixed With Banks Dominating the Session,Investopedia,https://news.google.com/rss/articles/CBMijAFBVV95cUxOMDVTNzY2RVgyVEtkZWtfelNta0xVVDJZcTRaU3l2V2lfbFNpeXdtaVNWekQ2LUxCWHZNOW5BR3dzQzBvcmxiczkyRnQwVWNVV3RQWkdOYlZOQUdDczExUFVRdDZ0OHFtREFRM1RqUmdEbWNjSS11SC1oWC1zRHd5cWt4cW82UUpVQm11Rw?oc=5
PG,2023-03-17,20 Popular Investor Websites for Dividend Paying Stocks,Yahoo Finance,https://news.google.com/rss/articles/CBMiiwFBVV95cUxPUUhidjRvZ1VWTEN2c1BNQVk0QzFSZURSTUw5VnR2LVJBV1pQUTRZWWlqM3kyQUNfdVh6OUNhb1VmTzQzYTM3Q3FMSlY2N0QtTk9SbEdZU1ozQnN0MGxsRVhCdmRtVEtyY1M5cDltX2diSUhYQ2JxYkFNaDRCR3h5Zm9ndXc2NXBVbzEw?oc=5
PG,2023-03-19,Better Buy: Procter & Gamble vs. Walmart,The Motley Fool,https://news.google.com/rss/articles/CBMihgFBVV95cUxPX1pLNHRnQVdOUUROOUI5Vkl3MXNIY3c1Q1FVZWdfcEtZcUUxem9mOTgzV05lRktGMUFIWUJmanM3dHNkQ0pWdzZTTGZneFFlbkU1dGlWNGQtd0Z3WXMxMHcyeEI1ZlltNzl5dWN3Z2VNRkRaYThmY3VZamZjSVJlRkhzYTFBQQ?oc=5
PG,2023-03-23,Ominous Death Cross Forms On Procter & Gamble's Chart By Benzinga,Investing.com UK,https://news.google.com/rss/articles/CBMiqwFBVV95cUxOa25OMTl6TjZTWmVrc29fb3R1SFRRbjdvM2xXVk1fTVh0N2VlYlBNMVBYd0szeEtjMlg3TmJpejMwSlg5UzNwNXNlbURsN2Rra3ZFM3JWS0tXM25mLU84eGI2Q21mcDBlcWxlYy1uQ3VreG5pRHlIMGNqckNxNm5nTXQwMXQwMVo3RS1HekhhRGVOVUo3MmlXVXZzbnh4VXJNWmFhcnUxQVd5Z2s?oc=5
PG,2023-03-24,"Got $3,000? These 3 Cheap Dividend Stocks Will Supercharge Your Total Returns",The Motley Fool,https://news.google.com/rss/articles/CBMikwFBVV95cUxNZlVCRld5dlJoamFzR0RkNXRvUGNhdDNMZVUycDdzMlJHbzczb3pKSmJEOUZ3VlA4V2Q2dVltRjFfU1lFdnN6YjIwWjM3d1V1NGNZS2pXRXpZQVY0WlhYQmlTOFhPYlBaRk1QWWkyeXhJSGgtcTFkcUx2OW5tcWl4VGsyQkhzSVNkUkNQUDN6NkhPXzg?oc=5
PG,2023-03-27,Better Dividend Stock: Target vs. Procter & Gamble,The Motley Fool,https://news.google.com/rss/articles/CBMikwFBVV95cUxNYjhxZEszaFpsczZacjB2MW1sUnZiMUhPcU5sek5rYUpsc01pSWVkbjFoX1FQT3l6Ynl3cTE0ck5pa2taQTMzYTMxbDhCTk8yQ1luUnQ5SHhUblhYQ21yd1lIdVJ3ZVI4bFI1TG81QkRaMzA2S0JNMGx2ZGlwcGdHTDYxS1BiS0FMVWVpU2xmUVd5LTQ?oc=5
PG,2023-03-27,11 Best Counter Cyclical Stocks To Buy Now,Yahoo Finance,https://news.google.com/rss/articles/CBMigwFBVV95cUxNTnV4Zi1zTFBCbHAydzlTeGNScWZYWUNIc0ZIZnZLby1KVDJhWExhWEtBcVFHb3hSMmVTYkhQZDIxckpSWm1CM1hUMHQ4dGk4ai1UX0Q1TGpaaUp3NEYxZ00wbmkyYzdvOG1RaGRqUjAzeERWcExUd0Z6TE5sNkFtU0Z2SQ?oc=5
PG,2023-03-28,Long-Term Stocks To Keep in Your Portfolio for the Next 30 Years,GOBankingRates,https://news.google.com/rss/articles/CBMipgFBVV95cUxNSFlONWhiTWRuZ1h1YWZMNHI1TVExUnlWc2NIUjNlRjI0NDdmY3ByX2NNOUo5c2ZtTFp0eFFXRzlURUE5REVud045S1djVWFYMU9mNGNhSF9YbERGQjc0NUw3OGJjTjVQcEJYU3hGSTZLc01vZXVvczN5akNrSzZJUnFudV90TXExeVlkQUg4ZXRLWU14djhCMV9ydkJXaTF2S2xTWl9B0gH3AUFVX3lxTFB2RWs0Y1hoWmJWNFlJYVhKc3BrWkQ4eElPN0FGNDNwSGlQR29PaUNSUXkwZ0ZXVGg3ZG0tQXR2bElNZVEwdWtMdWJtYWhMMEduQ0k3azhCa25TNUpxc2thbFJnS280emIweEFyblRWUmYzZ0JSRXExMkpKN0l3TDRtNnlNUTEzWDlnN0xGV3ZrbHFwdUhldXVpOGtlZV9pVFNfdkdzYzkyeUNnQXFURVdtRWFmQU1oc2x3d0I3LUhnSGV6VGxTMngwcmJxSF9KWkdzSm1nckQ2TlppV081QnpEV2JZdFdqQ3dwd3hLcmlxWFBybW9sUkk?oc=5
PG,2023-03-28,Graph of Warren Buffett's portfolio shows why he is the king of investing,LADbible,https://news.google.com/rss/articles/CBMisgFBVV95cUxOWC1icURqbU1Ca2ZhejlrZFB6cG5lVU5PcHZBTWx4Z005dTJpNmpQUk5sS3BOSkFMazBLR3hVcW5wd29McERKYlJCZDVhaXo0YkQ3ZXRtZTExb0diTTYwUmdfb3FaV1ljMFEyZjR4TnVkUklrQU9raURTT3Z5SGVwa3YycjhQeVFxU0JqbndVYlNFNnFIeVZsMHljam5qc2ZpUmR1TTB3UTZQNG0xTDZOUUdB?oc=5
PG,2023-03-28,"Church & Dwight Co. stock rises Tuesday, outperforms market",MarketWatch,https://news.google.com/rss/articles/CBMitgFBVV95cUxQc1RGa2M1MmNWdjdaLWFzUWxsdlBIQWhGT1BxNU9BTkdlWVJjemdQeGlHSGtxbWlmQ2FpSTFUbVd0cXhDNktYLW9CZXAwT1VvRDJWRjhzYlY1MEZYamdNeUtwS1U1LUNrUHVfU2FXLV9fLWprbFJBc09pU1hibVFNaUxRWk9KNVBRczIxN3FJQ053c1Z0dUNoSXpobF8tVGFtTUpITXBPaDlISk1tYUZxRDAzeGNUQQ?oc=5
PG,2023-03-29,Better Buy: Costco vs. Procter & Gamble,The Motley Fool,https://news.google.com/rss/articles/CBMihAFBVV95cUxNemU5V0Fzek1icG0tOEYxLTZFTUNJM0tZYzRkQ0pJYnZQWldPcVNGOVVuUDVXeHJWZU0wYk9XNElDRjlKT1A2MG5rcWV5ODFTdXlZaGVvbUdBazJnbW93eElFZTN2ZTBna2ZsRmVETUIzUXFYdDFUUmYxejlsQ003NFpTamw?oc=5
PG,2023-03-29,Why This Vanguard Dividend ETF Could Make You Miss Out on the Long-Term Upside of Dividend Stocks,The Motley Fool,https://news.google.com/rss/articles/CBMimAFBVV95cUxOaG4yTVh0dERtcFJjLWJQZFR3ODBOd1NmTkh2aFEtR1BZclFHa0RJWGFXQnZhSzVhQlhYT01oWjFabmwtbGFVRFZBckxEOHFQVzlaMk9zOHgxUzA1NG9aeXBJa1hncWRPUFVWek9LYklGSUQ2TUkyUS1TNE95UEJZMzNfYTFkMjY3LUtpN2stNGpxeHRPUzhiUA?oc=5
PG,2023-03-30,Stock Buybacks: 6 Quality Companies Rewarding Investors,Kiplinger,https://news.google.com/rss/articles/CBMioAFBVV95cUxNeFVRa3lrZllMMnZoZk16WFlZTzEydV9mNE9DX3VkS0pWeU9KX3prREJ0Z3NOYkhWakdiVm5GRlRPcVF5bmotblh6QVM2dWJxS2J3cU4zT0pkZ1RfTzhnci1IUjZxSjhuUGVlcDFOV2o5c09TRWNOeHFaVURsWWl2X2I4UzMyVDRlTjQwbFdZLUg0UG1OZ19TYURGTU1lSjl1?oc=5
PG,2023-03-31,2 Ad Tech Stocks That Could Help Set You Up for Life,The Motley Fool,https://news.google.com/rss/articles/CBMimAFBVV95cUxQOWFmUVVzYmdfVkt3RDQzYmlYVm1RZkJPSGJEbEl6SnJ2ek9nUU90eTZVWlNfb3czUGxXS1RDcVpBQk9vcl9VY0wzZW9yRU1PWnp2Nl8wTnpYQlIzVnZnanZhY1lycEEzV3h0eHpsZGZWT3hBempQSS1WY1k0UkRNZzVnVmlGd3c2Q0V0bHo0Z1RfeUJodmFmeg?oc=5
PG,2023-04-01,These Products Produce Most of P&G's Profits. Here's Why Investors Should Take Note.,The Motley Fool,https://news.google.com/rss/articles/CBMijgFBVV95cUxPZFB2WnZHOS1HS1h5ZWE5bWl4QjVrZjcxVG1ubEhmekhVYkU0N0NQalBaMXlkTE5GUGVxUFdZVXowSm1KU19zTWViX3BYQWJudDRLOFdHUDc4a3RDcjdUSGVGR293UjVqVm5BNk84cm5nN2Fzd1FwaWFWdmFOa0lrUGtSV3BtQkt0SkdlOW53?oc=5
PG,2023-04-04,Procter & Gamble: Here's Where The Bears Are Getting It Wrong (NYSE:PG),Seeking Alpha,https://news.google.com/rss/articles/CBMilgFBVV95cUxNa1Y4TGw4MXQ3NTN4U25NVi01SlNvU2pVVVQtcjBQRzlBRkc5VW9KeEVtQTBCbjlHVkY3YzE4SU9tUFJPVnJYeGRXREVKQ2hqM0xsanRJVXg1UmpPZEJkNGE1SkoyNzBXaE1tVm9ScWxIS05LUWdoZGpqS2lmMDIzLXpZa1hIM2pfaHhTSk5fRF94MFFYbmc?oc=5
PG,2023-04-06,"Plug Power Inc. stock falls Thursday, underperforms market",MarketWatch,https://news.google.com/rss/articles/CBMitwFBVV95cUxOR1djcHpxNVBRZ09iMk15REx2WlZkZFk3UUxFSEZERWpseXdnVjg1Sk4zbTFqa1FZb2FvaEYzZE56Um1WdTBmajZ6T2FHOG5mMHhyZFJsa0FZN1BlazRTVl9sUXNRTHltRl81UThDUVhwMXhRQng5a1dMaUYwbW9JMEkwZWg3OVBxQmpIZ09iTU82d3lnSjg5NFA3bTJzM3g2RjM3OVNiUldseVRhcE5DNnhqdkp2akU?oc=5
PG,2023-04-06,Consumer Discretionary ETFs: Luxury Leisurely Takes Lead,ETF Trends,https://news.google.com/rss/articles/CBMiqwFBVV95cUxOeUxoUDF2MGFadm5sRGtCMXhxWXJiY3pqQ3U3NWE3RWRjQW52VHNVZkFlTTN1Z0UxRFBfLTRtenh2SjFjTXRtVDl3MHJwdkZQZHJ4MEFreWxsLW5ma09icU9icXd3U0ZTNmc4UXZlZFJuRENwOW1pVUNlcGExZGM3TGc1azFkZXNSRC1mWjJ1bUt4bGdnRjI3aVFhZktXUm5YRXJWQ1U2Q01xSlHSAbsBQVVfeXFMUHoxUkRsV0I4cTF4cnpOeGN2WmctNjd1VGZEYVJaR1hPUWExdEs5RjRNaHNveENMWHM0N0Y4U2V6eFlYc2szYUdhTjR2YmptaVZGMjUzVF9LLUhjdVpvaTQ5aXBZUFE2VzBRV1NudWZ6dWJ4cGZOWkVrdHAxdmFiV3ktdFgwckxHems4WUhWRnN5ZEljMnpwTktSX1ZaMVVwNzROa19iQlVYemJlRU5RVzctRDA0UjVtbkw5dw?oc=5
PG,2023-04-13,Blue Chip Dividend Stocks: 2 to Avoid and 2 Excellent Alternatives,The Motley Fool,https://news.google.com/rss/articles/CBMimAFBVV95cUxOallqZGthSmdqLXd2cExybU1YVkVTNU1vXzZoZDVXU3daX0RYZ3g3cktNSG9POFZabUQ2alNfNGhKOHVPeWJVWkZETExuMWNFZm52aVkwNWU5enJ6M0ZkcnJPM2tKTEgzMXJ6Vy1ueGNSUDgycnVaNDkyZTFCQkdLZW5MdDJkR1hNaUVSeFYxcVlMMFlaYVVreQ?oc=5
PG,2023-04-19,"Earnings Previews: CSX, Freeport-McMoRan, Procter & Gamble, Regions Financial, Schlumberger",24/7 Wall St.,https://news.google.com/rss/articles/CBMixwFBVV95cUxOd0IxZnVZcDNrUkZQdkpmU1pVT1E4TFhpeFRZRzZNV2NMbF84azhVSFNFWlFQdE1lNk1CM1l1VG0zN0QxUzJwTkhHLWpFTkZzSVhJc2E0Ui14UVZZUnNXd25vQWR2N05jYjVzUC0wSkNLVXBiS0RFYjJBLWlfczhTWl82dkhkREpuRUdVdkxic2M2Q2NwWC1HTlQ3SWpXUkRhNlA5ZXFfcVVoMlVveEFuMEF0OWFMaVNoaktuWVhmMmw5QlBOWXdZ?oc=5
PG,2023-04-20,Best Dividend Stock to Buy: Kroger vs. Clorox vs. P&G,The Motley Fool,https://news.google.com/rss/articles/CBMilwFBVV95cUxNQlVxWUVwbTJhQXFERkVnekRYdjNIZmJqRUZYUlpjT0w5RmpoTWNScDdGVnBiVUJhQnl6bmRXYUVTYXBRYms4Y1hhdDFWd1d1YkRnTkNWcm9id1FPMHgzZm5TSjdxRkcwcGVxMUhRY2dNWlpOdTEtQ044eVlFV1lNSlRvSGtGUHBuRUZrRTdWRlNtZnJ4N0ZZ?oc=5
PG,2023-04-21,P&G stock gets the respect it deserves after delivering a great quarter and outlook,CNBC,https://news.google.com/rss/articles/CBMiuwFBVV95cUxQRkF2SFhuOHN3TnVZR0VaUGlkNU0wVllxaXYzNkx2UmJlZDVrcEx5dUlXUnhfcFkxN2dsVzNJRnpfLXllUjZOWDQ1TzZ1UGRyWmxpV2pKWDBoNHg5dVM5dF9MZl95YUpmckNTSHVzaS1ENzJHZmg5UmZWb0JJb0pTYUZDVW5sWnZXdG1JOVVmdk9NV0h4TEkycG56a1RIZmZnYnNSdElxUHNJdkp0ZTVzb1paUG96VGYyRWtN?oc=5
PG,2023-04-21,"Earnings Previews: McDonald’s, PepsiCo, 3M, Verizon",24/7 Wall St.,https://news.google.com/rss/articles/CBMilAFBVV95cUxOX29wbG9rY2c2T3o0QW5VQnZmblRQeUtqZW96TFJnR09oTWQ3WmJtYXRhVlhyaGplaTQzQVp3UW1ITThVanoxLUZielc3M2szWlozZE5Ra1phZmpReFpoLVNERHp5aDhTWHg5VGItUThFVjJ0cU96czlTZHh6WC1zdkgyRzAzcElSaG05Q2Q0OHVnZ1Vy?oc=5
PG,2023-04-21,"Procter & Gamble hikes prices again with scant pushback, and boosts sales view",Reuters,https://news.google.com/rss/articles/CBMivwFBVV95cUxNWkxQOV9iSTJmVkQ2XzlQSEdsU3Nyd01wZ0NLMmdEazRXM0xXRy1NdGd4b01vOEN2Q2FneThhU0x2VFRNM2gxOFphSmxNa3JEQkpiTi1qNnIwTER3Ry11czk4ZmNnbUdPbnBEcmdEZHU3ZFZzMl9Kenhlb0tBRzM5YkhBNGhvZTFhTUNTSV9YazJsSERoaXdBelpOTE5MSTRzOWIyRW1hUFpQcFljZ2JCRUFXQVJwTzVTQ2NuRUxCSQ?oc=5
PG,2023-04-21,Double-Digit Price Increases Bolster Profits at Procter & Gamble (Published 2023),The New York Times,https://news.google.com/rss/articles/CBMihwFBVV95cUxQWTRpcmI5cURSNGFLNHY5blF5dzViVDRWbnRPd0pNZE1wLTYyeGRYZkdad0dPRVcyQkRaN0hvRXhxS2pxd1NKZDlQOC0xR25USlVDa1JiWlcxMV9lMmtCRUc3MFp3Vjc5Y0xqWlVTaFB1WktfUU5pZF9pNjlLbEZqNEhyOFg5Szg?oc=5
PG,2023-04-21,Procter & Gamble Is Going To Set A New High,MarketBeat,https://news.google.com/rss/articles/CBMiigFBVV95cUxNTGhDbTlpWTdteG4xaXcwMDZyU3NHcG5CVEcyY1daY0p4bnhFVDRwOExMWDhqZUhYMURicWZaclNFbi0xSWlpV3g5SDI1TVhwOGw0LUxhNnUxMktxQkFJelJzYkdYbjh0LW5TTFU0U1pDYTNBLXJocDh6U2dwN2FKamRYOGtBdHF3TkE?oc=5
PG,2023-04-21,"Stocks making the biggest moves premarket: Procter & Gamble, CSX, PPG Industries and more",CNBC,https://news.google.com/rss/articles/CBMipAFBVV95cUxObUpPTkNRS3FlTW51SWZLNFY1d2VTdE9ZOFNMbWZsNUhON1B2dmRiblZSMWdoVVQtWTRlUXVyclBEQ05nb2JMd1ozUEFzeHJFNVkxeHRUbm9KdmhIV29xRkFNZ2tQOVdkY0xjdFBqTVZOYXp2UThkSy1RUEZFRmZhMHhGOUJmdU52OHF6dC1LaFA1ZDdPb1lNNFdmMGk4b05lLVk5VNIBqgFBVV95cUxNZWpYTXVNTzdvT01nc0V5ZUpfR2ZLZmxiZ1g0RG4zbmlFSEZKR2ZieHpXcWhWRjhpN3k5clpFQ29nOXhZcE9IZXE0UDRKSjg0S2xvYlR1Z2tSNTlXb0hlaXZWUDlSQnU0Ump3cF82NnlKM013emRtcW5adWllX2V2T0pVRTAxa0Nac1Y0ZkFsd2xMZHVmSl93amtDbFRCY3VURFJmZzN0ZjIwZw?oc=5
PG,2023-04-21,Procter & Gamble's earnings boosted by higher prices for Pampers diapers and Bounty kitchen paper,MarketWatch,https://news.google.com/rss/articles/CBMitgFBVV95cUxQRHZxcU5ZTUZ6ekVLNExtYUlPQXh5cHZ4YlRZWDRDbVA1VVhZZU91UThwMXNrNklpdl94dldRbUJtdWhBQWtNVjVQV3NqR0h5YmVsbWpSYnRLd2xaRUp6WDRMb29wMTFTNGpoU0hzLXhqeFFOR1NvUURvZzFBckNJenpVR09uMVJZR19yekhGMXN6WHdzMlJfUkFOYV9SOG9xamNSSlB4M1N6dFN3LXhUcDBaOEJPUQ?oc=5
PG,2023-04-25,IPO Update: Kenvue Seeks $3.25 Billion IPO (Pending:KVUE),Seeking Alpha,https://news.google.com/rss/articles/CBMiiAFBVV95cUxNUElfM2lRcjhqTnlmeW5XQkltUFZmX3A2NUI2TFl3TTZ4RmhhM09TSHVlNlRKaGpUNldwVTZFR2prYjB2c3ZkWERNQ05rQUZadTIxZ3VlOFdrMkc5c3BoWUFXOFRqLU0xMHdtLUl1dFM4TWEtLWhxSnNJUUEwUVU5VHU2WDF5MjJT?oc=5
PG,2023-04-25,"Listerine, Neutrogena, and Tylenol Form New Publicly Traded Company",Dr Wealth,https://news.google.com/rss/articles/CBMikAFBVV95cUxNZVJYek1jZHVMU0tyZTNOMkM0N1hpT3FscUM0Vk00LUQ4Wkhtcno5c3dEa3lmeW9kRV9iRmxUR0U5TWYtNFhwZ1F1MFFzZlRMZi0yQlFzVDYzc2xKcXR0VWxmMmZpcmFRNU1UTEtfYzQwYXI4SVA3bDVuTEE4YVhLY1R6T2JWUzFWZjNtdmJ4XzQ?oc=5
PG,2023-04-26,Kimberly-Clark CEO again promises big developments in the ‘poop’ category,MarketWatch,https://news.google.com/rss/articles/CBMikAJBVV95cUxONjhXYWVnZXhNRV9ZZHByQnlsenp6S0pzcUdvckh4eG5BWDlMejBNdWZMLS1aZmY4dFpPem1EQzRUd1Ezb3hHZXVnQ1lzR0hoaUhTZkd1cWE1UkZQcWt2c2oxeXE5QXowYWxnV0lxOTVTRkxvY1NZSlBQLTRVcHpLdlVROW5WQlZtMW1PWUdkTWx0a3o3N21DN2FKZHZ5cm9na01wVkNEU2swbFY3clFpb05yY3lGNm03WllGUmhYQU1VQlYxRmpSS1BCNUtzeks1MDd6d1kyM3BURzRud08xZDN0S2ltZWYzTVFmU0U3cEdCc1hiaUtJTXEzZ3hQVnRvMEVGSzMwVVBCYWxqVU84NQ?oc=5
PG,2023-04-27,Supersize Yields on Dividend Aristocrats with Options,Cabot Wealth Network,https://news.google.com/rss/articles/CBMimwFBVV95cUxQZ3V3NVZxWm5wbGlnSW41TjJUTDhPaXVhUE9xTGY0TGJ0Q3p3YndlZ2JSU1Y1V0FjckpRQUpTQkpVQjNYTlI0NFo2YzhSWlFFVEVlQk5mWlltNFl3cU9ZZTYyc01HNWMwWFc0bjhJUG56Vk5qWnpzUC14MTJWNVktcFN5bnc1RVVvSUFiZ1A4WDBRcExxNWR2ZHZqWQ?oc=5
PG,2023-05-01,Dow Jones Index Dividends and Dividend Yield: History and Analysis,DividendInvestor.com,https://news.google.com/rss/articles/CBMioAFBVV95cUxPQTJiUHBQd0EyV2RuWGtiZVdwTjhnNzBwOFF6R2daSVMydzd4SFRlTk9IVV9vWWVBRUp3UEFNZnRBY2lFUFVjcHdQVU1jU2xsVzFOUjliSXNVSllOQldldmxOZmphRUFoTHlOSWFTZksxbS1WX0Z0emJYVF80Y1ZSbS1ZQTRra0lUTWdQYkpRSV83R3E2LTVEWFo1MW56UlZm?oc=5
PG,2023-05-02,"Kenvue IPO: A Dividend-Paying, ‘High-Caliber’ Company",Morningstar,https://news.google.com/rss/articles/CBMiiwFBVV95cUxQbUszQzFoMno0eFVBal9pWFdLM2UwVGxIMGd2Z2IzY2s4QVFCam9hT3ZmeEJLT01qck1NeE9xNDh2YUc1Y1JqN2dQSG9ITkJrUTFGejNPcXoySzFQMjNJSTAxbURya2pSQkN1SzlnLXlmRVdrOHNuaU9ZblNXY3dFbEkyemt3ZjhRUmhB?oc=5
PG,2023-05-03,Better Buy: Procter & Gamble vs. Coca-Cola,The Motley Fool,https://news.google.com/rss/articles/CBMiiAFBVV95cUxPRjlXVWhxaWE0c3NENDhpVjJhVlJ1ak83ZnNJeE5TYU5aNjU1Q0VJRTRFOUlOVmxIOTJQTnQ0TEtSOFo4YlZ4cWJ3SUJDRXlLMWFkX1F4c1gzbzBFUERRbHY1Smo1RVZNaEU0QS1BRXRXVVdkNmVmYlozQ29JX21LYWg0N3NmMUJK?oc=5
PG,2023-05-06,Better Dividend Stock: Procter & Gamble vs. Kimberly-Clark,The Motley Fool,https://news.google.com/rss/articles/CBMilAFBVV95cUxNQzNRaGs1OGhGMERjeU16TFQyTlJ3eDNtZ3pUMGdjaUZiTXRuSnNjX2RiVGNKMGxEM0FTaDlRelBKTjdsTU1qY0ktR0V3MktNRjl3Tko0UnhHYl9rdUJ2eWVDM2VQZ2wtdldveENMckdCc2tzNy1tVmsxclFDVW1zZWVMTzlxYU83WHo4N3pUWU52Ukdh?oc=5
PG,2023-05-08,10 High-Dividend Stocks to Consider,SmartAsset,https://news.google.com/rss/articles/CBMigAFBVV95cUxQdngyMzJyZkhmOUdjMnBkLTAwcTllaW1UMjYxUEZOZGFzVlhzcjJVOHh1Z04xa2c0SlYteS1OckUwcDRLaXByb05nUTROV3U2azV4V1VscHN2UmMzWm9vVnR2cHVNUWN6dXpVdXBiQVFOWmNfQ2EzRHpBcFAtRW10bw?oc=5
PG,2023-05-08,Warren Buffett Worried About the Economy: 5 Top Berkshire Hathaway Holdings for Dividend Lovers,24/7 Wall St.,https://news.google.com/rss/articles/CBMi1AFBVV95cUxOVDBXNlFDZ0hQTjJmY2dyV0tzTEkxYkl4d2lTRVFwOEY5M3piMmdvTWs1M2RUd0Z3RlVwZFBRRDczbjUyVlRXWkdjZ3BNQVlueUFTR1MtbHRKM0xMT2dxb2NnaHhBUTZvNlJWR1I1YkdXZVJmYkdmYnMtYUFlYjhZQWVaVTZnNkxNckQ0TmNIYTZCQ1pTT3RqRkZKaFR3UmwyZGNSOTJGMDdxUGtnZjhRcUE1T0kzV2Y5NDEzMjhoT2lQdERFRWs3X1J1TFE5OUlXOTdPMw?oc=5
PG,2023-05-11,7 GPT-4 Prompts to Filter Top Stocks Using AI: Hedge Fund Manager,Business Insider,https://news.google.com/rss/articles/CBMikwFBVV95cUxNLWtQLVR1T3pJWW1ZMXQ1RFo0ZE14d3VGN0Y3aDJHcmUzZXdfRHhkMVI2WjJLdVREeTNrV2JIb3ppcXlFTWJOSy1SRkhRdGlOcTl1cENwaFc4RW10aWp2MktOM0JyQ1BmY2Rkakh1RlBqdXVXQlNDS1QwZFJVZ0VURXVNdVM0c3JFRGdna0NmMWxZQlk?oc=5
PG,2023-05-12,Kraft Heinz Agrees to Settle Class Action Securities Lawsuit for $450 Million,ai-cio.com,https://news.google.com/rss/articles/CBMiqAFBVV95cUxPV2RVandieExQY1FMRWRvOGRmNGsxWGxDRnBGWGtRQWFpTnY5WjhXTnBKdXRRV182Z2J1V21qRVdEUkRXVl9rczBWaVB4aWhSenp6WFJNaFZlQW1uUnZWNXRIVlFtYll4MW9Obno0NUNubU1uMmNndDJteUZTSXlfa29oZnhoNzBJaTJEYWU0N2pXeGdVU29RXzFnSHBwb2ZmR2RrNFBkdVU?oc=5
PG,2023-05-23,7 Safe-Haven Stocks to Buy for Protection From a U.S. Debt Default Disaster,Yahoo Finance,https://news.google.com/rss/articles/CBMieEFVX3lxTE0zSTBRUF81ZFNDWno4bkUzT1FpclMxd1prT0VxWF9YazlsWkhhRC1nbTc0QTRlTEpXTkF3cHp1eVFiVFBncEF3S050RlNzVHZSZ2VvQU8yLXBaN3U2SHlRaFNkYUhma3BxRGFqUzcyZEFuNzYxamsyQQ?oc=5
PG,2023-05-30,"Nvidia, C3.ai, Ford stocks climb while Anheuser-Busch shares fall, and other stocks on the move",MarketWatch,https://news.google.com/rss/articles/CBMilAFBVV95cUxQN2dxS0RqbGhiUWNoWmUwR2NhUWFWaHZ2SXpNbHdxU29JVVZ5eTJrN1lVV2hBX0JrRk5YR3AtTGVaTzVFSG9sajNSSVJ2dWI0bU9lRHNaSVFtYkpnTXU5VTZ6Rzl5ZXQ4Y2JudWhqLUhSRE1sTXR5ckVsUmQ4aHFMcXpwbEdvSHpzRTNRbGowbU9qSXJs?oc=5
PG,2023-06-06,Markets Rise Modestly as Semiconductor and Regional Bank Stocks Gain,Investopedia,https://news.google.com/rss/articles/CBMiakFVX3lxTE15RS1qRXRDbjdkeHFtR0xSc0hMbEF6WlNXZDM4N1Ewbk94eEFOVkU4UmpQQ0MyNGxscUtZRkJZUzUwbWdZTGJrOG40bWtmeVc1MEJsSWJSWnZJVjZDdmdDRmdSaTVZYnpwTFE?oc=5
PG,2023-06-09,10 Best Recession-Proof Stocks to Buy Now,Yahoo Finance,https://news.google.com/rss/articles/CBMiggFBVV95cUxOMHp5RkI2WHVSTnd3bGtxbVFRd3Q5MEFzV3FzbElwNEk3Z0RFcDBIX1BHMlZJaVlqWXRORGkwVVdWX3R0TVoxVk9ra3JGWjl5LTA0czdxUEFjcUd0SXBQV2lBODkzRUNxVkIxMTYteTB1aWYxa1VjdWdFWEU3YjFLY2pn?oc=5
PG,2023-06-11,Buying This Stock Could Be the Smartest Thing You Ever Do,The Motley Fool,https://news.google.com/rss/articles/CBMikwFBVV95cUxOS3F6bUFOWGZrN3VxSU5nblhJU0FiUFFTalFtUzEzbjJxSjhxVDAtdTUtS09HTkhRX2tMb1A3SWFZVHFsRXVIWndNVkMydmdBaXZqUlQxaWhCUXQ0dXRLRVRDalcwTHprMURTaFZaWjJUUmRVQ01VT2ZQeDlQdG15QkdqMXJzLWZPcDBFd3F1Y2FHR1E?oc=5
PG,2023-06-13,"16 Most Expensive Stocks That Are Trading Above Rs 10,000",Goodreturns,https://news.google.com/rss/articles/CBMiwwFBVV95cUxNbzNFdVR4c0NtMENNcEwwZVdSQW82WjUyOUI5NkIyWGZiNE9WZF9FYVRlMHAzeUl2YWpvei1Lem5hQl9XZlZXTDJWSFAySTV6ckFwZmhfMmV0NnFCenpsaGVDY3hWa1JGOWc2UUwtMEFBVjNWdWtkZXEyemNWcnNkcmJJNEVmMGhual83VDZrZlhDQ3g3UGRZMFNwRmFPS0FKU1hsTk16UWM4SXdEQkV0T19tWEc3TUZ1eHpCbENzeXpQYzQ?oc=5
PG,2023-06-13,Half of India's top-10 highest denominations stocks outperform indices,Business Standard,https://news.google.com/rss/articles/CBMi5AFBVV95cUxOSlFhRWViZm1HWVBXVFp4UFVpOEpEUnlaNGZNVi1ab3lzcTYzYW83TnAxNFRFVVV5Q2JHWXRxV1V1T3hyNEpuZXJsRlliVm5yeXJ4U095YVA5UEhxWjJkZGYtcEl4eGV6ZmZqbWJ3b1Q4OEY3VFpIemtINVprQUljQW9lVmdrb1pWalFhalY4SmZ4a3VBUFJlMzFLYUF4aEVtc0syRDlNRjJ5aTBqd2Y2bExvWmFXb2VlM0t3alkwcVl4Yk5ET0hNekJmVHBOa1N6UWR4UVFfTTZZU1RkdEpNd2hwaELSAeoBQVVfeXFMTzlFVDVhc19VemlqaEFpLU5FV1JsMjdsaEcxeWUtMDFnTWpKN1Z1Y2xzQjNzS3NaNXdQUHplZEJFYjd4UVFEdVBQTHFVTHBJbndtc0cxbV82NF81THBXNjA0ZFpRVjE5LTlUbzhmY0VaYjlob2xiWjlKd25UQmZTdjM5VjNJWk5Yalp4RjYtSVBPWjBpUTZmSjQ3dlpOY3JMcGI2N0JJd1ExemtRQ2VlNk4tTUl3WW1JLVJkeEhPODlZTDlFVjM5THVtQloxOF8xLXUtV1lTS2lpWmN1a3R4dk04SExlYTlrSlJR?oc=5
PG,2023-06-13,"MRF hits Rs 1 lakh, here are India’s 10 priciest stocks",Moneycontrol.com,https://news.google.com/rss/articles/CBMiwgFBVV95cUxQV1ZVNnhDTlhWa2xua3gxN3ZFb1dRdnJRd1pmb3VRNXZXUmh6UWg3ZF9UMWFlR3p0ajhOOUowYmpNMTZXNk5LaXZPbElneGY4Qlh1UWZ5SW1HSnlyS01UdHBYVklzcm1kNER2WEJ5NF90V0djSnAzVmdjXzA3cGhYZ3lDX2t5SUNyTC1kVGpLRXNDVFlzVzNnZDRBSTA4cnZNRzFHemhBZUFEaXZHRFBwX2NlTHdFVmJIN2pvUGZrR1ZqQdIBxwFBVV95cUxObnVZNTdoZFZHdmVsNzY3all2X184UVZma3l2TDgtMWx6RzQ5NmRxOFRBZ21FdnlEbktDU2ZEd1BpVVlqRm5PLUhPblU2TkloRGxvNTR6LXdhdVJmdTF3Q090aHFkbVY4QTNueW1jZ0JmeThWVjZwalV2LUpBb1ZTUXF0RFVLU09ZU1pWbHRjZ1gyeHJyc3J1YlJBekJ5UDdtZnhSRl9aQ0VOczB0YU5qaXhRanZhOFBmbEd3QS1KbU5ETjRFeWVj?oc=5
PG,2023-06-14,MRF Stock Price: The Rs1 Lakh Question: Is MRF truly an expensive stock?,Forbes India,https://news.google.com/rss/articles/CBMiqgFBVV95cUxQWUhyR19leTBrTmk4SUNSLTk0VkJJWGt5UTBud3JhSEhiS3hPSGtNOG1wUTYyUENKaDZ6Mng0aWNXTVp4a0F2WGt4LThvY0pJZnEtVENfMFpzRWVwY0d6NVc0SlJfZl9CWmx3TlJQdE43QUp0TFFWZXRQQlZEZnQ3OXpZNHE1Vk1jLUFiWmtzeTR3dXRXeTBKR3NVWXBOMElCTlQzRGVvRFZKdw?oc=5
PG,2023-06-14,Chart of the Week: Pairing ETFs With Other Investments,ETF Trends,https://news.google.com/rss/articles/CBMiswFBVV95cUxORjFueUd3d1pHdFdoajlhUl9iQ2hNNzBZWWliSm10aUU4Y1NwNUsyWFBFUWVpb05GOHh4SW9paUlEZjdDSmJsa3M5bkZfeGZUUGROdktYLUNtZXJ0a2tqVGMxQmRPT3BjZU1XMDVHd0x2cEZDUWVXMWIza1RfZklHdFVCYzJubDZVamdXM3M4Y3M1cUZBV1BRV0ppT01TRHBkNmlxWHJLb05sZ0RnM1RqZ1g2c9IBvgFBVV95cUxNQnVtYmphcVp2TWFScWRzZ1JZZHdMWTRCVG9aUEdBT2d6M19ZeGRBQ2tfaTM4cmtwREdaT2xHeV9Ld2FWOU5NVVU4SWlwYlFmNm1kdGF3SnRmdm9GcTlVUWFYdzM5ZDJBVm90TWJwcTNBV19id3ZIM0lweWNDcmZrRGtsZmFaOVJlUmNfRzdzeU1pdXdRWlk5ZFZaTDIwMXo0S0EzUFI2R2xJMWJuLVAxMzNzVWdmSTRVVWtPbXBn?oc=5
PG,2023-06-16,Avantis Inflation Focused Equity ETF Review and Aggregate Rating (AVIE) $AVIE,MarketBeat,https://news.google.com/rss/articles/CBMiZ0FVX3lxTE1aaTF4Mm9RM2NwNTYwR1plX0ZHRUR2MDBNelByTjFwZzhJNkE0azVCeEpRNlpiT3h2UDk0bzVCX1Bjbmt0YnpnNGIwdDZyY1ZUWkRpdnlsU1FLMHFldkxWNmdMRTFsMXM?oc=5
PG,2023-06-20,VF Corporation: CEO Appointment Comes at Critical and Uncertain Time; Shares Very Undervalued,Morningstar,https://news.google.com/rss/articles/CBMiuwFBVV95cUxPMUQ0a1hEYUxjZS1vWUp4WmJHR0hrdnA1UWVabExMV2FtSVM1QWFnUG9wMXUzdnRYQjZnYy1NMFhBdmlGOHBWdElFRFRTQlFWWExYeUlpdUVQaDBqWnVYQWJuTTA1SXlaOFphN3I0TDhQU092dmFlZnQ3WTV0RXlkRDI4N3lEZHgybnJkVGgtNW54RXJXMnFVd1VfY2hkTWFSU3RQT2wtZFFwT0JkeXZ5aEdSeTNpNUFZYjZZ?oc=5
PG,2023-06-22,Better Buy: McDonald's vs. Procter & Gamble Stock,The Motley Fool,https://news.google.com/rss/articles/CBMiiAFBVV95cUxPcTdESHJxOFFDNVd3XzJVajQ2MWRMYVFsa2ZQUW0yU2pWNDRYeFdZWVh0SzdvOFRtdzU5MGRacHYwT1NaallHZENHTEk3YVJ1bnA1S0NtSDgwOWxuYlpzTlNfMjRCNUxhSDJJeGJUQVBKNTV0elV0cTR2T3hjcjAzM05Ub0lITWsy?oc=5
PG,2023-06-26,Better Buy: Procter & Gamble vs. Clorox,The Motley Fool,https://news.google.com/rss/articles/CBMijAFBVV95cUxQNGVyeWEyNTltb1ZXbWNFa0ZiN2t4d09oQ3ViU25IWEwwUXduZmN2Mk03cHV2Z3E2WktjdW1PalFYYm14Zks0MW9LWnZmNDNPYm5RdUdiNmR5MGRZVHBOUjRSOWlVeW9rMWtTVjJDNzRUOE4zX1ZjMjRNMnlnMEFEZzJwYW9oUy1fUVRiNA?oc=5
PG,2023-06-27,Warren Buffett's 10 longest holding stocks.,Moomoo,https://news.google.com/rss/articles/CBMiYkFVX3lxTFBiTTlQdENLSDZLUFYzeFEzSTNKLXlIekUxTlhSbGIyMGFTaXJib3A3akdZS0FZVjhjZUZDeUg3SVBtSlBDMXZyZ1VmVDl4enpCeWVOcWdqejltVzRkNmRvNklR?oc=5
PG,2023-06-27,"Procter & Gamble Stock: Buy, Sell, or Hold?",The Motley Fool,https://news.google.com/rss/articles/CBMihwFBVV95cUxPMzlweGV5NThRYmtsWDJlVHJ4amJMbUNIWHc2RERZam9KSll1SU1JX0U5TGdlYmp2cmo4MlhWSFo5b0xPSExaelBfcjNPTjQ5SFJQQUU5ZnZGOW83NjRzblYzb1lSQlpoOHREd3pVOTg4Nm1vbzVHbUZtUTZ2Z042MFBwcUgzcW8?oc=5
PG,2023-06-27,Motilal Oswal launches Nifty Microcap 250 Index Fund,Value Research,https://news.google.com/rss/articles/CBMiowFBVV95cUxQN1Myc0JuWV9NN1ZrUFkwOUY0UnVWOTN0UDV1MXpaYTZWYmN5aml1SmR3THM1bjdkXzR1M2FFbTd6d2kxVDdXcThYWHhBUDQ4WWxGQ3ljM1BzcHBYWWZGRjMxS0tSbDJFMXozb0VUTG5GaDFtbG5XVnpsTmhTNGFaOENCdWgtQUNRUkdkbkNzMUprSDRXbmljazFsMnI0S2RuV1g4?oc=5
PG,2023-06-28,"P&G to invest Rs 2,000 crore to set up an export manufacturing hub in Gujarat",The Economic Times,https://news.google.com/rss/articles/CBMi7AFBVV95cUxOTHRNMmdiWTdxRmE5M3RmUDlHcUJ1RXF2ZWoyeTg5cVMtcElJWDg4SjZEX3d6aEtOYXJLOUtsSTBKTXpyaDB3ZVVhcmhGczBOSHVHenVpdFdDZkVCWTVZeHdTdlZ2c1FlcXFURmNvYlVaZ0R5RFJUVmJIQXk4RE5zN1lfU0F1Y2hleHNicWdhYUVYT3otbWRPYlhxS2RnMGktUFgtT29feXZEWkw2LXg5N285ejhweFFnWnBLS1hNR2J4M3BoQkR2TVc5QTUya0l5aFdPejUxMWRCQWZYeVdVdUl4azUtUnJ5VnAwMNIB8gFBVV95cUxNOTh5dExLTk1XenhaTzFCLWtWRG8tbGJmdk1UZTB1eDFrbnBoRFVvaE9CSDBxZ3RtM1YtYWFXcXAxNlVsUDlpdFpSNjh0YW5uTzMxa0Q2by0xV3dHNm5NeFo1RVR6aUR3emRiby14LWZrdEFndTFpYXVqMTd3RU54T2JpQTVoU1EwRUJMT1pJQkp0RTVXblJvVTZrRjR6TmNLaDZDdHVnQVE3VXRLNlVrZjJmVm9FRzczeWlCX0h5d1dodmd0Um0yUEtxRG1STnVDS2h3TWJ6eUxkZDJETmpGUmdmYlpaUk9vX3E1M3ZKYUZydw?oc=5
PG,2023-06-28,Procter & Gamble India to invest $244 million to set up manufacturing facility,Reuters,https://news.google.com/rss/articles/CBMi0wFBVV95cUxNX0hJdlNiUlNlNVZ2WENBMVdmQndYTVJWZkI0R0dIcUpJWUFpajhCakhJTXBaRGk2SWVfT3JrcGNiLTc2SVpreGlXeUJJZmRrQmV0LVZ2X25OMmxpRl96amN6MVEtakdxQVUxVjdXZmd1SV9OWndoaUhiTkxmRlg2TmwxUl9IOWkwM0FCcWlVTWFzT2dyU2VRNGlyZm8zX0JUa1pSVVdvb2RJMHQwVm9PLU5JNHM5UlJvXzdBUTE2cFBWbFMxZ3hLRzF0aUlvQnpyRHFr?oc=5
PG,2023-06-29,Sell the Rally Right Now and Move to These 6 Warren Buffett Top Dividend Winners,24/7 Wall St.,https://news.google.com/rss/articles/CBMiwgFBVV95cUxOdXA0VlExRmgxeG1kMUxQWVozcVRLaWJjVFdna1lyMjZyYlM3YWdHcjk5WUVpOWJfVE53N2RzWmd3UXZWYlpyQ0NDaW5QUEVYTDZycGR3dVlPWkpySzJuR0lFNWpETjNib0RSX2RXekRDNktTSjIwNU1IZ1dMSmhMWFljWFVJVWZSZDlSclZ3ODRHSEtxRkNXaUlibENDbmQtd1RPenktZzdkUXhyQm1yazk3d3d0NU1vWTZOQmxtZHpYQQ?oc=5
PG,2023-06-30,🔎 6 Stock Types Crucial For Your Portfolio,appeconomyinsights.com,https://news.google.com/rss/articles/CBMigwFBVV95cUxNUVJOUlo2d09RVXFFZXFLZUxLbTZHZWprZzZGX3gtLUctZFJ0SElCYXM3NzA4VEprTjg1WnJkOVdOa0Z5eE5KOFZ5VVhfb0FHclFwVTQ4VGVzY3IwdDFtNGdTRVRGR2UwY3FRVmZtbFkyejNfTVNZNW5NRGNIUDBKaU9FTQ?oc=5
PG,2023-06-30,"Optimistic about India market, will continue to grow categories: P&G",Business Standard,https://news.google.com/rss/articles/CBMi0AFBVV95cUxQaFR2TUhOcXZMdFhUdXltQ2N2V0hPdDExZGxnY05WSlpWQ2dYTkkzZjlueUgyekNDMFREVWpRY2p3SS1qb3cwZWhJOThaeFVRblFwWk1XdlNKQXJjd1YxemtCNkc5dWpNa3FUU1BLc3VxWUY4Qk9TbktWdVN5UDZkNm5TbjRjOFRiLW1qVTU4RHJHOUd1RE9fdzJiZ21kMEJrWWFCaGs5UXhyMHFheUt2X2JlQi1yOTNiZnpWZzdNTzZHRUtzaDZZTV9ueERfZXpv0gHWAUFVX3lxTE8xZ05QdGdMTEhDMUVJQld1VGp0OGIybUpNZE9CVDYyNXpFaDdES1RJaDU3YThsbEFBU2ZObFhhWDh6cDZOaW9kM2Q1NFFjWmVNNTM5ZUxVdUxzaThDN292cGFSYUszNVJBNHZoSFM1SEZUX2xZc2VSSVZBUHhKT1I3aUhDd1NEQVFreU51YUF4UHlEek1YNW90VURSd1ZwNFpXYzBXeTNRVzFCTG40b1F2bU9Sa1ByZXo5cWxLaWpHWVJKc05wdF9RVy1iSTZsRFdRTlBFU0E?oc=5
PG,2023-07-02,3 Green Flags for Procter & Gamble Stock,The Motley Fool,https://news.google.com/rss/articles/CBMiiAFBVV95cUxQNFI2cUVsdjFlSC1Md21FV3U1V01yLVpoZXZtWU4zaXI0YUlCUzZ5TkF5TmhEX3U3X3dTRTlMR3hEYkV4YWVsT2VYaVFESm1YbUFLX1JRUEI0Qk9QS1ZZR2c3ZEFwa2pEMHcwRy1uTnhtdTFuRkU0cW5yQ19NdERRTW5CM0E0MDdo?oc=5
PG,2023-07-06,This Week’s 10 Worst Performing Mega-Cap Stocks Last 12 Months,The Acquirer's Multiple,https://news.google.com/rss/articles/CBMipgFBVV95cUxNcWx5S1kzUHZrZFJVY29TNGI5bHdLX2JTYktwa2h4YW1SYktjeTdObkdKNkR6dUp4U2h1SVRvRFNtTFd3UUVCazE2MXpnNk1zYW5DRzRsNzdVc1NObXYyVHhlU3hHR2V5b3F6bm1GdTNZMm5UMmxtcGhrZ3dmNDhIY2FDQWNKSndHWEU0NUg5WHhFUlc0OU94U2VleFE1X3FOdlZRc09B?oc=5
PG,2023-07-07,Show them the money: UVA business school graduates earn the most in the U.S.,Augusta Free Press,https://news.google.com/rss/articles/CBMirgFBVV95cUxNeExnb1hRbU1LT3R0ZDhZWjFtMzViT1hTR0ppdEhScF82Zl8tRFZ2YkFxZ0FCMTNBeW5rY0pVY0FfSDctQy1GUTZsVEFyMEs0QU50UlhmRlg4VnE5dTJhMXR0Z1lxYk5GajIzNHl0QjZxd21kVVUtWC1FamczcFpZXzZyU3NIUE51emI2QXpfQlAxWkVHd1N5QmpOTGxCMnNxQ01oVHFvSm1qamNGNEE?oc=5
PG,2023-07-10,Unilever set to close its laundry detergent and stock cube factory in Morocco,Trendtype,https://news.google.com/rss/articles/CBMiqAFBVV95cUxPVzkyQ3ZvUjVHRmZkV1NlVVl2ZzhfQnNMUWpJR1FyelJvWlRuZU1qS0RSWGJkblFxYUthTmFZU0lFX2ZZRWM4X2ROYldGalFzU2t2SDBCek5qbTBXUUJ0eG1STDlHalk2b0FubDZUZkU0a0Q0dDJPQmZ4dVExN1B3UTk2X2ctUUJRNU4zajcwTVFQZ1lUYU5lRldZdUU0dFd5QUR5cVJ3ZzM?oc=5
PG,2023-07-11,Meet Wall Street's Greatest Dividend Stock: A Small-Cap Company 99.9% of Investors Have Probably Never Heard Of,The Motley Fool,https://news.google.com/rss/articles/CBMimAFBVV95cUxNUlJ5SjhoSXBXdGtGWUMxZjI0LVR0UjBDTFQxVUx1VGppeExUd0lUd19tbWF5QmJVLWdpdmZ5SVRFN1gyWGltZkxQOXg2cFByRzltTXNlblJzcElSMkxMVlRPcTZzeVIwUTI5TmQ4a0t6UVpkUWt3d2xiNldBd0ZXdFhxY1JtUUVoRG9zdlVGSElqcW1uQWJ3dQ?oc=5
PG,2023-07-11,"Bullwhip Effect: Example, Causes, and Impact on Supply Chain",inboundlogistics.com,https://news.google.com/rss/articles/CBMiakFVX3lxTFBONnZIbWJXbnhaM0NWQ2RiMUlXR3JueVpGOUtab29GOTJ1ZjRtM1JWV0NSUkhoRXdOcU5IYmFTSGlDcURoaU5LOUc3RjFDOU5laU1ycUlEX2dSRXhWX3dwcy0yOGxrVFRacVE?oc=5
PG,2023-07-18,Founding families press Procter & Gamble Co. to save the world’s forests,WCPO 9 News,https://news.google.com/rss/articles/CBMisgFBVV95cUxQZTBsMVZkOGxiUGhOUmw2ZkpQSkE3WlYyaWROanpLbVhBaHdIdldhemYwWkJtRF9nZkR6R0FHbFVKenVtNmlRVEZhR3hiUVliOV9aLWtxMGJmRU9IZU5uVG1ldHZ2VnhiV3dCSXd3aWhxempkcTUyR250aE9KcEZTM3g2MVFUaDJSbHlUbFNhVmdwMGg3VTBPSVFpY0RMdEQxd1VrOWZLbDAzZDZjY2I3Q2NR?oc=5
PG,2023-07-20,"These 10 FMCG stocks hit their new 52-week high, rallying up to 48% in a month",The Economic Times,https://news.google.com/rss/articles/CBMirwJBVV95cUxNVzM2QTBpM1BPcUZEM3BYNEhVelk1Mnc5X0hjb2doWFJKbEtWWjJWeENrT2lQb2FqQmxocDNIeHh1M1Bpak5WZG12LTlTd1BDLTRqS2dGUi1DbERiVl9XY214LXo2OWRZZi1fN1BmZXlQU2c0NzhjNUx2a1JpcDZyTWdjRngwRk1WTFZQYmRqZDZzN2c2TGJhLXVTMmtaV1NVLWdNQkZCWlhhRnBrNkFLaTc1SkRGZGttYnBRSHc3VlhfLTZnVlRtQWV1U194SGRhMnhmTmdCbFpleGZSR3hvVTlQZHFjUkhaMDVib3BQeXktazBDSmRQZ0U3cjM4VWQ5ZVd2TDRYNDBnWFlTaFVpNF9oQkdoQVpSYjI2NnExVTdNTTVxU1g0QlQtMHgwb2M?oc=5
PG,2023-07-22,"Stocks end mixed, Dow up for 10th straight day",The Star,https://news.google.com/rss/articles/CBMilwFBVV95cUxPYklNTGxzUTRBak9KdEZXSnVFME1jX0FEazNZUERpTTN2cThPRmFXZ182cTN1ZnRMWXZxcWdUSnRzbTdoUmp1MEp1ZXFkNFZxWi1BSVBQeU13aDBEdmNFSGM2czBnOHNSSG9kcS1CLWlBczBkbDlwYVNMaktyMWpwNkM1YzFPY2dmdUdwSE9aWHoyZjlhT0dF?oc=5
PG,2023-07-24,11 Best Recession Dividend Stocks to Buy,Yahoo Finance,https://news.google.com/rss/articles/CBMihgFBVV95cUxPTW0tVjFTUWN4U2NjaEtfS2p4ekhUZUswX0haTi05UC1HUTRGQnd5ajRqNTh5SGZieDdjSGtQSV8yWVJueWw4RjVhT3k3ZWZ3ekkxNnhERmNjbjN5NV9BUFNoWDdzbEQzMUVQbkFMWno2a3BxRXliMHc3VmU0NHcxekc2Q0Zmdw?oc=5
PG,2023-07-24,Better Buy: Coca-Cola vs. Procter & Gamble,The Motley Fool,https://news.google.com/rss/articles/CBMiiAFBVV95cUxNT0dWREgzeDdmUlpFR3dOb2kwcHZ2VXpKdk1vSDU1YzRoR1lUVXJtODAzZGh6V05EbG9FUUZFd05BSGtDWWUtVVhGb0lHMWRSWE9iUHhSY3kybnlJNEhzel8tTlNPdjRjLWlnQ2NGTU1peUplTjFVbHhrZ2lvbEFUNDE1QUNUV2Jv?oc=5
PG,2023-07-25,You Don't Have to Pick a Winner in Dividend Stocks -- Here's Why,The Motley Fool,https://news.google.com/rss/articles/CBMilwFBVV95cUxQaWRUb2NTOG44VURTQlEyQjlTTGEweVRjNHFyeU1mQnQzUlB4WDBXZEZQRkpEaUdJLXFTcmJCTDdDOE45cE1Cc2NSM2JUbGFvSVJnaTdEV3p6WVotMFVoTld3NFRnVDR0RzZwRWN0UlA4YURUQXhqczhSR29UMjhSSUpBVDRod0JCdVBwYVhOTUtOMUJiYW1Z?oc=5
PG,2023-07-27,"Earnings Previews: ON Semiconductor, SoFi Technologies",24/7 Wall St.,https://news.google.com/rss/articles/CBMinAFBVV95cUxQbjREZ2VwT1hXekRfSTh0QmpzS2pjeEZWVUwtRkxqZlJyVnhEd1FtblhsNzdwTUhkbGptUGpxYW9UNFNlREhRYy1IUHc5T2dTRXZERFJLZ24xSDlJYlZsRF9nTF9zZmF5dnYyTEkzR2UtRF96UUN2aWxFRUYxd1VPYVpQdGREajItYnVzeFlqVndwdUZnSlpYdzZKZWg?oc=5
PG,2023-07-28,Wall Street ends week higher on US soft landing hopes,Reuters,https://news.google.com/rss/articles/CBMirwFBVV95cUxPZHFtMDRlcDFoak14bVI3V0NYdmpXLTZqczVIazRqcWNMZFNsS3hoMkstZ3hTVE5SVVYzaDdzX3FWQU9PMGNsaHR0VzZJVW5FRzFZQTBWLUJweFhtd0hsakVmTXdPbXlfWHlmQUpna2lVNVZsSDVudmFScjdESGpaSU1ZQVQtOVhwM0VQdFZ1Q3h4ajdydm1XWjFlU0tzcU8tRzBVN1NNV1lySmY4Mmpz?oc=5
PG,2023-07-30,Investing in 2023: Top 10 Best Stocks to Buy Right Now,Industry Leaders Magazine,https://news.google.com/rss/articles/CBMimgFBVV95cUxNV2J5WFJWeHpHRzF4dHV6d29IXy1RcmtHUFNmVG8wSlRMRTdEeUEwbTFyVkdWVW5uNWZva082T0NLTmh5RURFRWg1N2tudnRkNkdGRUpWcllSQmd6Q0wzYk9MamlSbXNwdTlNTS1PM3dqMENfaWhqN2xPUWMyaFhUOEdsQ050QnBoRmU5eEYzWVpjV2JubzdsXzRR?oc=5
PG,2023-07-30,Procter & Gamble Reveals a Surprising Twist,The Motley Fool,https://news.google.com/rss/articles/CBMijAFBVV95cUxNRXRteHpkcGRhZkNtbnktQlNOcjM1RTRmR1Q4N0l3M0ZTV3AxaUp0TmZXRXhyOWxDbWZtM0EyNzMzTHZyZU5VSlRUVDhQS0dGbkZaUWZ2cTU5cFJvNzRpUGFKS1ZFUUtURHFoZFVONkh1cXRGdWFxU2NhZGN5OUhRY1pKVW9zY0hPTFF6YQ?oc=5
PG,2023-07-31,"Market Highlights: European blue chips at 15-year high, Aussie big four banks face headwinds, says fundie",Stockhead,https://news.google.com/rss/articles/CBMizgFBVV95cUxNd2VYT080RkZmT2ltYkJ6cnZMTDVlNllqLWowQUhwcmt5X0J5V3JYVEFkV2lOdF9JaS1qLU9EM09jVUhtOWlqOFhYdFczSFFKUGlRa3JOQ1g1bDdyUzAyNjlLaE9kNkNFSl9SOWh1TUZDSnJzVEhoYndyUUxHWllzTzJRMmVOQ2V6dVl0bGpHMXZTNlQ1X296YlZyb2Q0NWxCeVRkQ1hqbmF2MURaZzN5LVdPSUYtUVZZNVh5Z3ZsME14RnFuc2Z2RENDTF9UQQ?oc=5
PG,2023-08-03,GILLETTE Stock Price and Chart — NSE:GILLETTE,TradingView,https://news.google.com/rss/articles/CBMiXkFVX3lxTE1sX0xNbDd3M25RcnVaeGV6aHBiVjJOWlE2S0pDSm81Mk5QZkNMUjdrRk14Q2tOVDZIY0lYeTBGR0ZsX2pCQXhYWmwwSXNmTy1kNmxjM0drVWJFMmFHb1E?oc=5
PG,2023-08-04,Better Buy: Johnson & Johnson vs. Procter & Gamble,The Motley Fool,https://news.google.com/rss/articles/CBMikAFBVV95cUxOZDI1b0pPVEpLMU95NUlNd3U1S3QtM0s3eHYxVzhXdFpuN2ZYbjlUMzJmbDZPbEFoNTdKZzRmWDgtMFBvS2ZZY0dlR081aDZVWGxhN2VkbDBNRVVoN3ZHZ3JyQWhTOXcxcnN1UFlkcHpVTjByYXFoSG1nV09tb3BsU2ZCMl9tQ0dXUngtMzIzZTc?oc=5
PG,2023-08-04,Colgate-Palmolive Co. stock outperforms competitors despite losses on the day,MarketWatch,https://news.google.com/rss/articles/CBMizgFBVV95cUxQU0xlRmN5WGRybFNzREVxcmtnU2hvOFJkR2l4QXlpWWhvNjRIRnVNWWlsdWJSYXp4Qm5OWk1CN2RQUHl6VVAyVDNsa0p1NzUyQ3ZzODVWcG8tMXE2NGFRWk9CODBUaEdpRnhndENqT3I5SHZ4azdRbTJfNENjZVJVZXJocW1FTVZEOGRiaU9FYk94UkNXMWM4SUF4MHhVRzRrVUhzQ0lRT29ZNG5taHdwdXMwRHZ4N0V1RTRsb015Vm1RWVBnd2J0QVZzY1ZfQQ?oc=5
PG,2023-08-08,Beer billionaire Jim Koch buys a random stock every 2 weeks - and trusts his former babysitter to execute his trades,markets.businessinsider.com,https://news.google.com/rss/articles/CBMiygFBVV95cUxPdDF3akNRdXhtWW01RDZ2cnVJZERBcUluX0hOOUVOd0V4OG1PMHQ5VkFOWHotRURoaExMTXUzRlI4WHhWWVZra1lDT3p0MWt1bUZDR25UdjZsMHYwaG1Ua1BVbEw0NGpKMkpXWGdnUktycXdIWmxjTFFPNEFMS3RyS3Y4Q2VzZVFPTllrMU9JNnlrQlpIWVZjUkcxU0JnQ1VhSUd4X1NPaFdLcFdZS21sdGpfRGlzeVFrZ1puMEV6dnJOZGpyd2gtLURB?oc=5
PG,2023-08-22,6 Best Bond Alternatives (Plus One Bonus Pick for 2024),moneywise.com,https://news.google.com/rss/articles/CBMiXkFVX3lxTFBLa3NsQXRUTDJPVnJESmZEREpFZzI5N2t2Q1dCWGV0MVNOS25ZUWJIZXdCSXI3djdkSk9TVGJnZkN4Mm1zNm9fZmhXUzR5QndyQWEtOGc5YVlCY0hCWGc?oc=5
PG,2023-08-25,P&G's top executives get performance-based raises in 2023,The Business Journals,https://news.google.com/rss/articles/CBMirwFBVV95cUxPdXlrVHl3N08wbDVBNHR6YlpYZTJBRlJDNWtDZ2xUak9nSkdBWWZ0akZ1T3lHOVJlbElKMVVmOEpldnZCeTVvWC1HcHprVnFLU21JWGNGcXoxaDdIOEJ4aXlmX1puYUVJWWhZX21jVE90eU5zRHJrUkVPcFVRZmg1UU1rYUlDay0xUXRNcFE1d2JFTEx6TkxBanAyUW5wajNORVRLdWlSSXozOWNhOG9F?oc=5
PG,2023-08-25,See how much P&G's top executives earned in 2023,WKRC,https://news.google.com/rss/articles/CBMizAFBVV95cUxPSTNGa0E0TzR3NFFIMG8yZjE4cC1lbUc3elF1ZkNrVjZUbUZYbFY4SlNwRHY5ZUM3WE1CckZHQUxfRUZ4SEhaOTlXV2c0aWxzd3F0VGl3aWJRTlRGVDE5Q2Y5Mm0zSW5KdWlSNGxjVExwYW1BdXBtMXVtTE1ja3VTUHZGTW1ITWJIYXZrc1luRVI3RU1QbWt4RHYtVm1iWWcyODluWUtxREl6NWplZU9Ea2EyS0x0Tk5XNWFYYW5LSlprdDBtVHdpalNSVGg?oc=5
PG,2023-08-29,A janitor in Vermont built an $8M fortune without anyone around him knowing. These are the 3 simple techniques that made Ronald Read rich — and can do the same for you too,Yahoo Finance,https://news.google.com/rss/articles/CBMihwFBVV95cUxNOGlmQlBwM0tzR3RKb0lobFVBZlhGOUF1TWk4ZHM5Q0VHOG11MzVncmh3Vkk4YzRBNFd1Y0VfUWNmZUJ5cWdWRVRkcUF3LUx3ZFo0UEE2MTI5VWR0ejluZnhOcnROb082Vy0xTGJ3a1VzZE9rUEtpTUdFOUVkS3NDemoxMGI3b0U?oc=5
PG,2023-08-30,P&G CEO Jon Moeller gets 23% raise,Yahoo Finance,https://news.google.com/rss/articles/CBMifkFVX3lxTE5uc0ZMLTdVdURuaWZrS05CSjBPXzgzc2Z4RlBrSmtvWDdRZlV5TGtRWVllQ2JiVzR1UjBMb1l6TW1kNmVUNml1ZTUzaTNvSW8yVnZXTi1GaEpyVS04M0dvWnFuWk45NDdVTl9oY1pfUGJtakRIOHRBY0hXb19RZw?oc=5
PG,2023-08-30,7 Best Consumer and Retail ETFs to Buy Now,U.S. News Money,https://news.google.com/rss/articles/CBMilwFBVV95cUxQYTFGUDRaaXRLcWRTZDE3NHpIbzJwTUJQUnBQeWJpOGsxTjRuT1hmSlZKQUY3VFBJV0tPc01nb0dtLVA5OWVBcjlQUXpPUjZLOXFCRDJDaVVrZFhaMDlPYzlpeTl4WFBmdldROFZYU29SRkdZNmxTcTFjY3phck5TSFZEeUxDVXZuMzR4STlQXzZjeHdqZjBj?oc=5
PG,2023-08-31,P&G Hygiene stock needs June quarter recovery to continue,livemint.com,https://news.google.com/rss/articles/CBMikAJBVV95cUxOVVVYel8wci1KaEwxVmlFYWVJeV96ODBELVI0el93MFV4RW1obmN5VXlmaEhvcGVXbDFuaVpEZXAwOXdRMUdqRF9iSjI2MzZYQ2xkTkYwVlpILVFJMTRUYnc2N2pJVE1mTHY4eHNHZV9rRHVIM0E5Z0hOMDdvZ2U1Ul9HZnRqaVh4TDU4MS1ySXprSFpfSVhSWTNaVkpVTU1QbVRxdWxBZXlZSzlLeHlOUDA0bFJySzYxVzlRY3liSkpadjRJZWc1SUpSNWlONU5QeGFsYld0eFFjbWgtcklfQUZ5UFRRN21fYU9QcFlNajEyOUs3TG94NWk4cmlTdlB3V3ZfeGpRWnh2Z1BKRUFDRdIBlgJBVV95cUxPdlg3N2ZlM2YzWkEwVkxkYkg1T0xzVWVtZEpXRVVPdFYyUXA2UDJkdkhubU9TSDdmSjhiNlFBNXFkbmZYSk56QkJNbVdtX2lwWjBUTjdOR3F3WU1teWdaZXl4ZWtqYnBSQVhQWmtPalBldFhqTzBOVnZhSGpKV2tzTlBhRmlDTlRHOTdITmJMemFEVGpieDMxYlhLeHl2U18zdGM5Wk5WUzlZcjZGUzhSTzM4dV9yWmFxNmo3QkFLUDNDUHFRZmtKV2FvdURiQ25laDBSNHJsTkJOT1BqNV9BaDAwSHMyeXIwblVDckVLa0pJOTFxT1luZndyMmE2YWQ3SlRSaU42REt4b1FLZXpmRTV3a3FfUQ?oc=5
PG,2023-09-05,Tim Scott never disclosed buying stocks he recently said he owned,Roll Call,https://news.google.com/rss/articles/CBMinwFBVV95cUxQMHlxbElWMF9ER2stX25oMVo1MGRIWDdEYU1pXzBXaGtQRWVOMEo0a2JfakVoVDdwM2JSWS00YWIyM3liR3psZ005b2MtU1JLdVJiUjVtRmNFVVEtemwzdzlyMmoxeEx1UzJkWC1wWnRzaDdTXzZremlUUnEtX2N4M2NxalVHTjBFcFJlS2dkbGdiN19zcHZxaHZ1WExydlU?oc=5
PG,2023-09-09,Inside Nevada's congressional finances: Who in the delegation is worth millions?,The Nevada Independent,https://news.google.com/rss/articles/CBMiugFBVV95cUxQNzM2UktidjdhS2tfa0Iwd1dqTHlxaDJPMXRBSElseXh3cjdIQWtfcW0xZXRTY1h5bURXLXFLWmxteklaWi1wU2lhdXJqdjk4UWRCdjE3aEw1UU1HZl9sOHVWNU9HSWdpMVNiOVRPMTdqa215N18zQWlQUXk5S19Pcl8wOEh6N2ZZRS1qTVV1QXoxR3E3aXdmLWJEZmxHUXpGNVdUMmxENEZOU2lMQ0RrNkZaZTg0UmpERmc?oc=5
PG,2023-09-14,Procter & Gamble: Where Consistency Meets Opportunity (PG),Seeking Alpha,https://news.google.com/rss/articles/CBMimwFBVV95cUxQNUNyY01tNHVSOEgzVUNXMVBlZnExZDVmLTB3NVNrbEZBbE9HS3pkVXItbjJSLXNlU1RRc1Uyb3FSS2RCV2xrUlFkYXhocFdDdm9xTW9HcWJZTjQ3UzFDVTNWVkdUdTJ4Z0tIVUJySm9DT2VqakNBRFBRLXR5ZWVkSXVEU0FvVUl3c2htMlZnTWJpeGVrLVl5T1o4VQ?oc=5
PG,2023-09-15,Better Stock Buy: Coca-Cola vs. Procter & Gamble,The Motley Fool,https://news.google.com/rss/articles/CBMikAFBVV95cUxQdVNoNmE5eWhIcFJCVWtXT1ZvU0dpUmZ5ODdUdldkZmF0NXRidVVwT1U5S0FaY1pzWWI4TlhTTk9Oano5UVVGWE9Tcl9HeTlTVzFMMWpFRU82RGpXSzRXRUdmVlZpUHlZdjh3eGFRRTJOcWdHb29UclZuemh6dmlLSV9sZ0FiX3ZwUV9ZOGtIenc?oc=5
PG,2023-09-15,"After FDA experts smack down ineffective decongestant, class-action lawsuits fly",fiercepharma.com,https://news.google.com/rss/articles/CBMiugFBVV95cUxOWUZTbDc3YWo4bTNxbU5SQmNFeXZaRV9CR0FGakNRV3p3Zm9ZY0I1YnQ4MEdpS0w0UUYyc3N5dmVGLXQtS0d2VDJYRjhzWkt6SlNGVXZCNUdrVlpvYjBGWVNLdlFnd2ZEcU5NT2UtLVB5eExZeTdKZnZvVzc4T3Q4QXdLY3FLZEhKQzNvUU12THg3X1dGa2g2bU9rVW1RN3d1bDQxU0l3eWNmMHBYNnlYdXlZTHc1dnVFOWc?oc=5
PG,2023-09-16,What Happened To CurlMix After Shark Tank?,thelist.com,https://news.google.com/rss/articles/CBMie0FVX3lxTE16UkE2eE5qa2VtN2MxMGxsYTduVFRSd1R3LTQ5SGdraWd2UkVwT2hQaEIxaEhEcTV2alpUSk9NMUx6aFUtaDgtMTdMakhDaWlXYm9qVlR3S0hqSEJwNXl0ZFFpY0hydXpmYmNFTTRWZGJoamxFcVZ2X2tmaw?oc=5
PG,2023-09-20,Procter & Gamble Stock (NYSE:PG): Quality Comes at a Hefty Price,TipRanks,https://news.google.com/rss/articles/CBMinAFBVV95cUxPZmtqOWxQRXFFUG9pTE5xcWFHMmI4TE1wT1hxb1FHWkhOUGdRRFBEYmd5SldZd2dGU1cwck1OSUNNMlZkbjBGemNFTnVOT1piT3o2ZlBVWEtrcWhaYWRLTjViR0NaS1d3NWlEeHFmemNhVTBDM2VrMmh0eWtvaWg4NkppT1RnSDdHSHVQS1NsUmg2YWpWNGdLWk0zTjU?oc=5
PG,2023-09-22,Concepcion Industrial names Fermin as new CEO,Manila Bulletin,https://news.google.com/rss/articles/CBMifkFVX3lxTFBlUV94cFVXYldxRG9OMUxfcW5WdWdCX2V2RkgtTjV2eXl3dG1Vckp4UXoxVWJ5bG9HTDBOdkV1VVozbXBFOVJzU29YUlNuWjBUR1RJVE5pWjluZmo5ejI5eTk0bDFJZC1iREFRUlBna2JqOHVPUldGQUY4STdZZw?oc=5
PG,2023-09-23,LINKBANCORP: LNKB Stock Price Quote & News,Robinhood,https://news.google.com/rss/articles/CBMiUkFVX3lxTE5oSmlaUmRRcG1hYXNWMXlyd1NqX3dKRU1WcTdJSjNyQVM4OS1rUmcySlVTOGotV25WdGJJU1BBSHE0Wms0RW9DLTRIekdfdzRxVVE?oc=5
PG,2023-09-23,3 Warren Buffett Stocks You Can Buy in September and Hold Forever,The Motley Fool,https://news.google.com/rss/articles/CBMilgFBVV95cUxNTDVpYnJmNjhJWUtVd3h3cTlYUXFNbGlfamtJcTN1dHpocmpJMXd3ZjVudklQekhJUFlVaFNDcXQ4OE5tVklBV1pYNFUxdzlNYTNSYVVmRHJDQ0hnWHFfRFFXanJZbGFJeUtNNjdoMzRKNzk3azJJeWktd0FTWkxqLTJWdnpaR0toNTlfaGxaVFNSSnoxeEE?oc=5
PG,2023-09-24,How Beta Measures Systematic Risk,Investopedia,https://news.google.com/rss/articles/CBMikwFBVV95cUxPaWYyNEFMSXJLS3Q2TEQ3OE93MkpHNmR3bjJVakpoRGcwSVYxY2xSYWtqVmZPc1NSOXZ0Zll3aG0zeEZpcVZNWDhWRmRDOXdMbGM0bXRFbjZycGlRQ2JfUUtyODM5dkhOVXc5cTNuSzV4bWtCM1AwUXN3M2NWZEdYZ090YmduVmJ4eFVlQkozQ184M1E?oc=5
PG,2023-09-24,Stocks & ETFs to watch for end of Qtr + 5 stocks that were upgraded including Volkswagen and Micron,Moomoo,https://news.google.com/rss/articles/CBMinwFBVV95cUxQZHJXUTBvVHVkY0lCYjR6azVrY0Itb0Zra2JuUFFlLU44eDdGU3dSQWdCMVhjbGVpOXpEYTlmVW8tT3pqSGZxdTBrUjJGQzVWdEE5RVFtWW80eHBLbjJJUWRHS1luUjNHY1JxcUE0MnhrQWpsTzlVMHY1M0U2UzRQTnBwSlZMVG9uVTh4Yk04eEFWUDZDdVZyREpxVTZmeW8?oc=5
PG,2023-09-27,P&G Health announces to discontinue injection production at Goa plant,CNBC TV18,https://news.google.com/rss/articles/CBMixgFBVV95cUxPbU14bk5ycDZXejNJTy1fNG8zNG9zdUI4T3NERnlIR1RxTVR6NWhYQkxGOEV3OV9ZNEZaOU5SNDBLY1NXRC15a1BGcDE1OUtBMnFwLTJDeHJrek9HQUN3aVdsdDlKOXNkT2RxY3loS1hGeTJnQlpjZ0t4MWRmLXp1Um5rTk5xcXF1d2dBN21uckNoR3E3MnI2Tl96TldaNVRVYmxDU0ZjTFRjNEhfOWt2NE1rdklZaWVuQXkxTHlQMnJrOEdKcUHSAcsBQVVfeXFMTlhWQkJFcXhudGVQZnRla3lSMTI3cURraU1WSlpvcnZxX2ZpeGFjT2hXNUhFeUJSRmduVTRiTHppZHVCS003dHpGTmFiSWZiVlZzTk9ySFFFN2ZkYUJaWWZCelhuUWZYcG1wMWk4SnVWTTB1MTNsY2ViRjUzZG94eXR2TG1EaXR0eHRvdGhKeFpuM1QwUDlCLTdqZ1prNkxXN2lHeTBtbElTdzl2dmR5a1djSlVNbjZOM01aQ0lNenVkX29qbW9meldXcE0?oc=5
PG,2023-09-27,"Undervalued by 30%, This Wide-Moat Dividend Stock Is a Buy",Morningstar,https://news.google.com/rss/articles/CBMikwFBVV95cUxOM2RTZ3BuSEVUeDV3Tm1wY1ZEV0VGZmJ5ZXcyZGVQdzI3VTNBY19jTGZrelhCSmhXNFVmcG9CWlJ4Z2tLUGszU1VBdzFTNDBvcHV0ei1YSk5UcXpIREVKSWlvTS1hNE1FbHNpVmhZZllvbzRxcGJfYk5TdmRHMG5zYURybzVtTVdaaDVMejRoTUEzY2s?oc=5
PG,2023-09-28,"6 FMCG stocks hit 52-week high, delivering up to 40% gains in a month",The Economic Times,https://news.google.com/rss/articles/CBMipwJBVV95cUxQUTNmYkxpZ1owRkFqQURjbDlZY0FEb214ZDBmMjRfVGlBN1k4RklRU1MwUzZDdmxUN1NzTFFLZ3cxVzA5YXN1QTNhUWRUbFVBT3VrTDhrWHN3VDBGd1JfVmlwVzR1SXhaSDFyUkZsQ2JhaUU1S2IzaVFrVUFVbEFrRGlBUzdyODVwUzZ6XzBkS3FXZ1dOem5VNEhfRjg4dEQ3YVNkbHE1RmNnREJpZlh4VUFoZkZha05PSzhiVGlBOVFsOHRGOFg1Vm5tbUxIeGp3Q3dHTG9odGhwYjNfdzRwYTczeFdoNEc2SFF4WHNHSlhHNTlVcENaSTA4ZEJnamc2QWhFN1lJcGhuQ0U4OFdKMHpvbEoxajVMUElQeDhtRnRpUlhJc00w?oc=5
PG,2023-09-30,3 Unstoppable Dividend Stocks That Can Provide Passive Income for a Lifetime,The Motley Fool,https://news.google.com/rss/articles/CBMikAFBVV95cUxQeXEyUlVwRU02Y2Y1QnpZYUxOZTVjS0NTbVBnTFJkQjg0aTdOMzYwY2NLbjdxTU1XZ0tqYUEtMGd1TmJYdnVnTGYzVUJVSnJ4Vk9iay0zU3k4eXZMNTltM0tpbjZNQ21NMEZrMlROdnJTbFlReWR0WVVCc3ItejhTZWpGZnhWSTBjeEU2NXRpUEU?oc=5
PG,2023-09-30,How I stumbled into stock market investing: Money Talks,Cleveland.com,https://news.google.com/rss/articles/CBMipAFBVV95cUxPNGhISVZBZUJoRHYyN2ZwNUttOEhJZDQyNG9IczNjc1ZJYWE5c0VKQlJfb2ZTa1dKVTNhVXU3cGZST1JJTmh4QzNMUGhUVm5qYkhYbVZTOFhsVHNMTEFWTG9tUmhZcHYwMUlodTZjUXI0WThRaTk2VGZwNFlQbEFZTm5KWHdCenZCV2VRbWMtQU01ZlloM1l6SFhXSUdFTmZyQ29NbA?oc=5
PG,2023-10-03,"23 Top Dividend Stocks With Stable, Growing Yields: Morgan Stanley",Business Insider,https://news.google.com/rss/articles/CBMisAFBVV95cUxNTUp2VkZNdnQ5aUpyeWw5R0NBcU1PLWNIMUIzZk1kcG82b2tHUnV1eUNqSjNMdHlicFp4S29lREc0NTBadEwzczdHenlDNWU1Yk1MS3YzQkhmWlVuRzliaC1STHhqcDBXbVAyUjFpclZQaFdjaDhFNXpDd1JyS2pNVmtxc2s3YmpFRTZwbHNSVU85aE8tRHMtY0xuaTlvZkZwdFp3S0JqcTVqdDdWaFdrVg?oc=5
PG,2023-10-04,Dispatch: Roebling Suspension Bridge shut down due to protesters,Cincinnati Enquirer,https://news.google.com/rss/articles/CBMiswFBVV95cUxPdXR1T1JXeVBfclZjemhWY1E1aEVyMng0eThTZFdrOEU5Ry0yTEFDTlVGSjlHZ1pjX3YwZERoV00zdm56TmNlbFBvY0dUcnVNRndYVXBJUmdGMTZibGw3bUpDZEZPY3hUOW9UT3oxS25tbEkzbzlrZUg0d3RfM1ZzMkRRVHNPeG96QV9TMVpKSjJhcnhISHV5VlI5SGZnNVozNUlxcGt6Q3JrV2hMRWRTaWtUYw?oc=5
PG,2023-10-05,10 Best October Dividend Stocks To Buy,Yahoo Finance,https://news.google.com/rss/articles/CBMigwFBVV95cUxPY0NaVVJ5NEJ3RklURnJhX2V6TXBiV1liZ2FzUjFFa0VkY3dhVEw2YnkyWjJLc05QOTh1M2J2LTRYOERidkxZNVRkUjgybklRMy1wWVNsM3JvRzB5OUs4RmNueVFJSlIwMW9PUll2Q1RvcnJUdHBfZGJ0bHNjRnJZaV9HQQ?oc=5
PG,2023-10-10,Mobile Payments Around the World,The Motley Fool,https://news.google.com/rss/articles/CBMigAFBVV95cUxNVDRGQUdUNW5SaEJkZW5EQjBJYkp6cXp2YjhhNXJRR0VjNmltaC1ZaWw4bzI4R3BQc1R4aEk3VldHaDJ5UW9zVExQMU1aTjBxdmhlcTc4NkJCT3VKS2dubXZIN2xZZW5nNkM4TEY1ejVaMG1TQXRfUENrT0doNHJmQw?oc=5
PG,2023-10-11,"Blind trusts, student housing & lots of stock: Where top Wisconsin politicians put their money",The Badger Project,https://news.google.com/rss/articles/CBMi-AFBVV95cUxNampfRlFkZTFoUDhaRW5LXzNOUmdnSHBfZzMyZXB6TldTQ1ZiMmdBS1dIeVhUcjRYQUtacDhucGdtRkY4b2ZackM5b0ZQVFRhODRtR1pHaXpuQmRDc3NrQVlHcXlhYnJHTmg0cFRycVFBN2lyZk45SWZ1RWQyTzIxcjQ3c3FwSXR3VjNLWTZBYkFoUE4wbGlIelgtWGRLVXZmV2Y1OW9LdGIxUFhqWWJpOXlqbVlTQzNRdzdrbmoyQWtxOUxTbkdDU2hZV0RtUWZmb1BON19RMGU3ZzROSGlsektRbWxaX2NtRWZwOGpPaXlLamJXQWFaNdIB_gFBVV95cUxNNkM1azZoQ012bjVLTlExdlRfZjhhWG5zc096aFN2RkJnaTZacHZ2WHYxNjhZU1I5VHZPMU5wWEM1bDYzX2lVcXZuZEpETElTdExZNEd4dlEzbWpZYzluN0VkNGNEbk9MTk90UVpMOElJMXVCVFFfUDJnNEhlSDZpSUg1aS1TcU91aHgzcEROMUZwUGhHTVlueDRGSDYxRnBDUVVldzdqRXZyemJ6UDZlZExaOFJYNWZOckhBRG9GdXdaRjc2RkpaZ1VCUThEU0FMVS11cFZqcl9BUndvR0xqaU8zT1dlS3hERUlVazcteXNlb2gyNm1vTDhfM0FyQQ?oc=5
PG,2023-10-12,Disney Stock: Do You See What Nelson Peltz Sees?,The Motley Fool,https://news.google.com/rss/articles/CBMikwFBVV95cUxPWTFYeTlmajBrcGxWNkVzbVpDdjl0VTBsNVFDRG84S2pTT0NiWXlkZGQ4eW9IeGtodUdPTUVnbFFYY3RISldzUkZuREVLV2ZLYndJa1NFcFNfQldjZy04YjBmMGprVl90d2N5TTJyS09zY3Q0MzBodllaaE5HangxVkFuSkZ2MllvZHFWejRZaVJaNEU?oc=5
PG,2023-10-12,3 Stocks Warren Buffett Refuses to Let Go Of,Yahoo Finance,https://news.google.com/rss/articles/CBMigwFBVV95cUxOWVhYdGxyRk5CQTc0SnJ3cVlfcm9vNDh2czFBekVDVTNPay03aGhZZzdFSU44VWxzZV95WlNPa1c0MU1WUzRCM202NjY1Z1pmY0N5bHk5WHNDZjZnOUhXcnA2NEd2X0dBMGlpYlBxb05uYnJMcGhBdWgxTEpSV3hzaVd3WQ?oc=5
PG,2023-10-13,Better Buy: Procter & Gamble vs. Home Depot,The Motley Fool,https://news.google.com/rss/articles/CBMiigFBVV95cUxNTmhMenM0WFFTS1QtaGJUNEJHVzZibmxnWTR5UmV6MTNxd3hLS3hqTUpkNWdFVlMzenByLVl2Zmc4dWFNWEpsTzFsM01ncEdKOHczdlVXclhvRnFobkJXRlAtcmtSSjZDak9lWG16Nl9DLTlhcVNoQ1d3eHBJd3VsZFMxekxVZUlvNGc?oc=5
PG,2023-10-15,These are Cincinnati's most valuable public companies,WKRC,https://news.google.com/rss/articles/CBMi_wFBVV95cUxQbnBMZFBpQ0lIOVVTOWU1cUhhU0VVajlPUUFlcHVsV0xQejUyZ2lzS3dYOEtuTXpTbjNVMm9lZnkxeHY4WXpTYVhVTktEOEEwYXF4Y0NGelVYamhoUXA3cGZLUi01WDJkREZwSUtGWHlianVjT1JUT1F6Q3VYcEhDbmZZRzFtZ2J0SXQzaDM1ZTNrQTI1R1QtTkY2UjBaNnNSeWEyZk82dWV5eHJEM21CYnkwaGd5VE5lT0lFNFF2Rk9OTzEwaDAzdkxITEREZnlTUExSdjdEWjJwT3JzUjJNdUw0QWxJd0ZHWDdSM3FkV1dUYk81bFJwcG5nS1h6ejA?oc=5
PG,2023-10-18,"Earnings Reports Due Before Markets Open Friday From American Express, Schlumberger",24/7 Wall St.,https://news.google.com/rss/articles/CBMiqgFBVV95cUxOWGRQUXg2d2RrZG05SFZlekFRM01mOFo1c1VaaDJ2cEowNGdvRGtXUlBLMGJEeGxkN013Y3JSYjdQY2lybl9SVmRsSUdEYXJrVHU3ZmRsM2tIRjFhUm9iTTl6UlR3dW5Xa2kzWVE5b2RiTzhHNnllaEdOUlNCRW5tcWVEZ1RvVXFXSmRyeElXNkM5UUJrY2VNTDZPQl9xOEdrcmpLYkx0c2NSdw?oc=5
PG,2023-10-18,"S&P 500 Gains and Losses Today: Airline Stocks Fall Amid Canceled Flights, Fuel Costs",Investopedia,https://news.google.com/rss/articles/CBMiwgFBVV95cUxQMFNJcFI0RHBpc29KYms1S1FoeEFCR3Nld3BobUxkY3B2ZnZpYXNNZm5pR1lZWDRxNEIzam5NOW1kQlRIVHc3UWRqZFg1N1VndmdUUEtYNU9UZHZWRlVnbmJQVkhnc1lVRU9lUkVwY3VoMHFiVmVaXy1mTXllUTR6WHZfRDM5aFNVZTBkMDFDRGQxWS02NnR2UG5VTmNaSndGWHlXS3ZxRmkwWWVOdzNLOGhjS3h1UnNudS1LeFJZUzZSQQ?oc=5
PG,2023-10-19,3 Dividend Stocks You Can Safely Hold for Decades,The Motley Fool,https://news.google.com/rss/articles/CBMilwFBVV95cUxNSG1CSEQ2VGxLQ1g4YXB4TnhaRm5GQzhTQnpMdi1HRVZyLWU0N3dHbHhOcHJRQjR3UUhCSUREYnI2R1hVWURhc2RNM29YbFFRU2Jxbm0zOEh4dEtCVkphTmNXRFc3Y0dDS1JBZy1mYkl6SGs4X2tWLXY2V3g3TGFrSDBfV0VoWDBXRzlyY0d2VGFITnU5R1hZ?oc=5
PG,2023-10-21,"3 Stocks That Turned $1,000 Into $1.1 Million (or More)",The Motley Fool,https://news.google.com/rss/articles/CBMilwFBVV95cUxOcWZPclo2ZFhFZkMxekxWTl9LeFNOR3dYdkE1clRtZzU4WHlzdE8wUVJ2SDRiN0ZqanZ0TlJWWmVBaWk4SXBVVUY0ZmlFSnM1WWlTVkNmZElIejVtOEpoVnJnVFRFTU5kSVoyOXhrdnUxS1p3eDUyUmZNdU9PZjI4U3FCa29VX0NWR1UzQWNrLXhGNUZUbHBn?oc=5
PG,2023-10-24,2 Green Flags for Procter & Gamble Stock in 2023,The Motley Fool,https://news.google.com/rss/articles/CBMikwFBVV95cUxNT2ZpYUpIcVVTOUpaT2VnNjFQdWV5OHVnMzFzYURIbUw2OG5YNWRXLURNVXFiS0pXYXliME5Bc1FVWEtaSlFVVV9yYmlwUl93UWJvOGd0RnY3THNnN0FwSnh1UEhKR1I0MlV3TnRQaE9zX3c2SWZtZDR5cEhhLWZ3cHNfMzhYSVRUZEJsajdYT2d2ZkU?oc=5
PG,2023-10-27,"Cibus: A Pioneer In Gene Editing, The Future of Agriculture (NASDAQ:CBUS)",Seeking Alpha,https://news.google.com/rss/articles/CBMilwFBVV95cUxPWE9kMWVENkl6YlNmOWo3Z1lhNlBRUkNiWWRGQnZFaWVXNzJTMnNiRmEtczNyYkpjTWFwWEdiQnJzcmZLUFVZT0xvNUxJVDVhajRsQlFMOGlCYk1iQUJOTlhCRW5rZVVMTW9ZWHpvWGVTT19xVG5XeDlsMnMzMXViZ0hjWm95V2tiYmpGRlRxSWdmMXBCaXlr?oc=5
PG,2023-10-27,Deodorant sales surge as workers return to the office,New York Post,https://news.google.com/rss/articles/CBMimAFBVV95cUxOR1ZBamh6UEFjVG9oNTlDaWxTVUY1dDV4Y1lkcFAtNzFFTElXc1JCMlc4ZWZtVm1vd1BldnBNSF9yZmt6cm1uTVpBYXV5cnNtRVNFaWN5S1RoUDlNWDZPRDBjVFBzZlhBTTB5VU1CZXRXdW9QZ3RvZ3d0djAtWTN3Ym1OT19JazRYRnZWejdrLVJ1NUpJUW9zQQ?oc=5
PG,2023-10-30,The Best Ways To Prepare For A Stock Market Crash,moneydigest.com,https://news.google.com/rss/articles/CBMinAFBVV95cUxPTy00VXYyXzZEVER5dk5xSk1BZ1IwY1E1WlJwN0xqNzRQRDhwSEx0cno5a2NxbzVFLWVJRWcwck5JRWQ0X0k1T0ZvRV9aTFRza1d6UmV3T285d0JyN1BVeUtJWC1HSmJ0UG1DckdRaXIwcVc1NW5odUozQ3VkWlRTTVY3MzAyX1lqMjlPQ3JGRU9kYXlPN1RlT0Jqdnk?oc=5
PG,2023-10-30,12 Best Dividend Stocks Under $5,Yahoo Finance,https://news.google.com/rss/articles/CBMigAFBVV95cUxOSGwxRkRRU2JYNzV6cERuQXpTaXdTaTdoLVBOUElZaVlJeGtCWUVtRzlUNzE2dlJrSThuUklxdG56dFRSOFNyVGNodnp6cjZ4c2xBRDlsZmVaaHVQWUMwWGc0eXVtWm9mZ2NaOW5GUm1lWmw1X0V1VDN6NHpLYnkxYw?oc=5
PG,2023-11-01,Top 25 Stocks in the S&P 500 by Index Weight for November 2023,Investopedia,https://news.google.com/rss/articles/CBMikAFBVV95cUxNNHJRUmlvbGV0eTBtYUlPNjU2LTVzc3BMbDFpcE9QbnNjcnRTekZNUlE4RXJTbUcyX0NNRzV5a1B2TEpHRFFXaXhVNTlVdS1WZnFrZDNPTENLS0RHUDFvWWNscnU0cVhZMEZaSl9KamRQOUtTX0Rmb0ZBX0dDSTRVNDV3TnlHNERqa3hPV3hvREs?oc=5
PG,2023-11-01,"E.l.f. Beauty blows past Wall Street's estimates, raises full-year guidance again",CNBC,https://news.google.com/rss/articles/CBMid0FVX3lxTE9Pajd0Q3owY3BFWXZhSUhobGNvME9SbGNDSEo3ODNhVmMyX1VIYVRmUWZQdXljQXVBdC0xUXRXMXRxNGg5cS0xaTZsQ2x5NFppOWI2UEZ5SUVRRktTak90R2pDR2lKWk03UVBld1hNMUd5TkhkUldn0gF8QVVfeXFMTndjTW9NdXA5cVNQY0QzZFlGbTBoVXR2dmhlS2JMOUFWX2xjNXNxNEtHUDZubVJzamdBVDVibkszdG5NakdTMTlNQllCeVV6QTF1VDVBUmtXWGpqTkV6ZWhxYlNNN2xtbFRzWkRIUEFvUDF0eHF4Nl9wNnFxTA?oc=5
PG,2023-11-07,"P&G Stock (NYSE:PG) Shelters Investors, but At What Cost?",TipRanks,https://news.google.com/rss/articles/CBMikwFBVV95cUxQMDVwakpvWUZnNVpCQlR6NW5HTjhrYUVRdlNMc18yeEJqUk1ibXkycVVZNGNqT3VCNkZGVGd3T0xVUGZjRk93TFVHRDBhS2Z1LXptNkNXUGdHWnhKaW5JSlM5emJ5Q2oyOWU5SjlGZFFCVmJoQVExN2Vxc0d6cG9EcTBGWVQ2dUFzc1pmMHhoOWNNQlE?oc=5
PG,2023-11-08,"The S&P 500 Is Rallying. Here's Where to Invest $5,000 Right Now.",The Motley Fool,https://news.google.com/rss/articles/CBMilwFBVV95cUxQNDVBdUl6Zmh5Wjd3N0VkbGNFUlEzRjU1LUR3ZV82Tkw2Z0NTb09jZmU0N0ZzUVgya296eGFIbVNrWTlNTGlfZlRibWNiR3Z6aEMyWTg2RWsxUS1xTl84a3pfZllQWkZJaENBbm53V0o4WGF6R1RQM2xTalkxS2d3d1ExSXRVZ3pGRktpcngtT2xjX284eElB?oc=5
PG,2023-11-09,This Little-Known Buffett Portfolio Invested $24.7 Billion in These 3 Dividend Aristocrats,InvestorPlace,https://news.google.com/rss/articles/CBMiwgFBVV95cUxONzJIRTRUaUp1R24zWmM5T0FxQmxJdE45SWRVb19uX0gwUUNSTHVxRjVVUTEzVERjUUVDVTB5WEZ6RkhrNE1lQ1lSX0t0VXgwUGp4d0Z0cUlIV0dnYzI5ZTBXeTFHVXRFWGM0emU3Wi0xU0ZJdlRpOGVWekY4RTIycWZaLThRZGdLNzc5RHI2WmxHbW1oV1Nja2dRT3JFc1hOdk8yd0pEcU9JbnVhNkNBbEhweVF0SkZHRWh1UE5Rbkx2UQ?oc=5
PG,2023-11-14,"Warren Buffett’s Berkshire Hathaway Sheds Investments in GM, J&J and P&G",WSJ,https://news.google.com/rss/articles/CBMitAFBVV95cUxNOF91NUExdmhEai1OYlJ0bTlsVnZONU5pMlNESk1GT0F4ZHVMWjNpR05vM21RX1Y5WUZ4aTdiUzZ4clpWd2R0U19KWnFLVW52TWtTTDRGOHoySVlyQ2ZKVk9KM2EtMGNGR0tBbm1ZM3FadlBYOG8xYUFfeGZmUFAwczhheGhTbS1lVEJHWEluMllLRGE5cTdRTUNLZzVwZ3JQUlFNT2lwWVV0UlhBM1ZXLWY1ZTM?oc=5
PG,2023-11-14,5 Stocks You Can Confidently Invest $500 In Right Now,The Motley Fool,https://news.google.com/rss/articles/CBMimAFBVV95cUxOaEwwS3NRS215LXFHcmpxN01FUDE1dmdCOUY5azYwb1FBUWd2aktzMkFxOWs5aGRXeHI0YUNrTzlnWUhYVF9mQUxJaVExUmlINVhQQXRUeFJJM3JldC1TRHhpNl9OUmVRbmF3d0MwZ2kwVmZCUzctM0pMaXNFbTN4WlhSVDFhdEI0ZTB3WWNfdFIwMllkcmw5Ng?oc=5
PG,2023-11-15,"Buffett’s Berkshire Hathaway Sells Out of GM, P&G, Johnson & Johnson, and Other Longtime Holdings",Morningstar,https://news.google.com/rss/articles/CBMisgFBVV95cUxNLWhqbjN4Ymhfa1ZZaWVnVmowUGtnLVNZM2g2aU16ZC0yRlJUbVIyTkRkRERLRFgyX2p0V0tlckxYUUk3X0ZhTUlyMkdCZ0t0WW83REQzUEp3eFR3QV85VTU4QV9qWXR5cElRQXpaalRYRHRZLWNkMFJGQXYxeU5MWWQ4cnMzN1dTTXFfQ0dPaWtjQzdwV1hJdE9JekVzaHQ2OHpLc2V1SGVJVTM4V1RSQ1d3?oc=5
PG,2023-11-15,Warren Buffett's Berkshire Hathaway reveals it sold a bunch of long-held stocks - and made at least one secret bet,markets.businessinsider.com,https://news.google.com/rss/articles/CBMiwgFBVV95cUxPMi02bmRzZFgxdFhHV2p4WGNYSmxHTlNxRTFhRzctcUZlOEZNUFozMlZzRGIwNzNfaDBsRllUVjdkODdSVTRfbE5jWlFtbEhyU0dUYkNWaG92N1h4bldGdk5EaGptMElaVVdwZEtKN180emN3TXg2N09pNDhkUEcwX2xRVjR5RzN5Ynlhc0VmUTUzTXQtLTB0R0hfRXd1eUlCeHpWVXoyMWptSUNndk9DUGhvQ3YxdWFSbWJfa01qNEl5dw?oc=5
PG,2023-11-15,Warren Buffett dumped his $850 million stake in Mary Barra’s General Motors and cut back on Amazon,Fortune,https://news.google.com/rss/articles/CBMipwFBVV95cUxPMnIyQlBpTkh1N0VoTVdqMUVaSnpEUFRicUFxREN5Zzdjd3RQYTd6Yzh5amhNb2FGLVNCZi1IRmtQZ0RIMjJiUWJuRXpOT2RVdXBuUWFJVzZxemRhWmxSRUROY3pTd3ZnUXY5YjRIMFZ5VjBTbkdYYWxrT0VDeUtPbG9sRlNhS214ZzEtNHFuU3VtX25sTEc0anlFZldoRFFIbXRoMmZZWQ?oc=5
PG,2023-11-15,"Berkshire sheds GM, Johnson & Johnson, Procter & Gamble as it amasses cash",Reuters,https://news.google.com/rss/articles/CBMiqwFBVV95cUxOX3VIdDIyMFc2NDlycUVYRGhPcjR2N2IzOFMwTVJQNGpiaVNPdWd4U1VYeUdNUHh0UWpYTHZVRmQxSHFxMUFQVm9kbm9HVzNxMnZodnNUblZFdzhvMzhRZlM3TzRRVUkyd2oxY1BnaWIyVndNZTFIS2FGZlRvcEZNajN3TnBQYlNUN25pQWRlVnF1eHphZ3N0RVE0WUlwal9SUEFyZFlaZUprR3M?oc=5
PG,2023-11-15,Buffett’s Berkshire Hathaway Acquires $8M of Stock in Braves,Sportico.com,https://news.google.com/rss/articles/CBMiwwFBVV95cUxQYXVGQml6VU5xdmpXOE9wUVhPZkQ5THotVjRzMHhSV19KYVZjdUw1UjBzZ20waFRRQXBCR1ZZUnNfdEFEZ1hwSk5yaXdkeDNQVFlNX1ZlSXFSRC1ScnI2X3ROTjg5YmFuSXM0VG04OGtITlQ5TGVtajhOc01kX2RtdUtmRGVCX2JhdXoxa3EzYXREMXZtZ2t3ajcwSnQzeVNqVDFEVjAzSUtZRHI3Y0szTklQX3VvaFc1Qk9LRVlzNlBiSmc?oc=5
PG,2023-11-16,1050% Dividend: FMCG Stock To Trade Ex-Dividend Tomorrow For Rs 105; Buy?,Goodreturns,https://news.google.com/rss/articles/CBMitAFBVV95cUxNdjFHWXpySW9pc2RnOE5ETW8wdy1aVGdYM1pWSklxb0RxOWQtR3picXR1Q3RMbGtwMHBQd0ZQX04wZFV0YXZGSUNtSXdJenZiTDI5Y0hiU0NydmQyM29MeEJyTV95R0VRR1lwZUZ6UXlfN3dpWEJPUmdvdTJLa2pPQUp5RG9DYnhqaERBS0VhZ2xzdkExcUJtdXVJeDhnOXJ0UjVZNzFlOWlFM2QwUHhTVm5BbHU?oc=5
PG,2023-11-16,Buffett Sold More Stocks in 3Q23 Again,Dr Wealth,https://news.google.com/rss/articles/CBMibEFVX3lxTE1MQlUtalkxMEx4dmVCaDd0WmtPcmRKZmZKTDdaMWxQeVE5dVNWdkJMdGFscFE3bHgxTDZWRUJ5UUhzb0FkX2lNZHJpYkI3RzFENzBoWHlwMVFyZ044NjA4MnlqeWhkWU1ILVA3Mw?oc=5
PG,2023-11-20,Warren Buffett's Berkshire Hathaway sells off shares of Procter & Gamble - Cincinnati Business Courier,The Business Journals,https://news.google.com/rss/articles/CBMirAFBVV95cUxPUzduRHJ3bm9RamFJLXZLWlhTbk5abDRmb01HMjMwdmZ5d1U1cFNKZjFGdTllWkFuNTh2bHkza0FnR290LXkwcXhoZXpITTJFNm4xcl8tRTJpSmdmUXdnbjJRckI1enRvQXV0dDVrZFVleF9pQ3ZkOHJvNk0xZzlqMEJ3cFFrNHJ1VFAxTjNWSEZ2c21veXNSckJBWE5Mc3ZsdGlkWmhlMFlISmlo?oc=5
PG,2023-11-22,5 Longtime Holdings Warren Buffett Completely Sold During the Third Quarter,The Motley Fool,https://news.google.com/rss/articles/CBMilwFBVV95cUxOOVVCTUhBNjA5XzB2YjZYN3g5aTVaeVZEV1J6QkFySjdfSGFYNlBHaU54VHFrOEJMbXFsRmQtV3pjbnRRdUQ5NDRVZkRBdGhEUTd0TWdFS3FJSnQyaEJ6YkFWTjFxZEhSOXRvNGFlY04tN1hhdVRoS3lKMGNVYndnRHJIMktJcUpsS1lHb1hFQ2dmcmRIblVz?oc=5
PG,2023-11-22,Gandhar Oil Refinery India IPO opens: Check out 10 key points from RHP,livemint.com,https://news.google.com/rss/articles/CBMiwwFBVV95cUxPZ1Vjb1g1VkRKa2lPcUdaa1JCWDhEY1NONVlZa1QydV9KbjMxVzA1dUNyNGJOZnpVS0h1NDgtRlhGUl9rWElIaVhSQjU3T09TdmpvbFhCZFNVWFdYb1g4Z2hDc1B6Z0ZPTFkyS1VSUFhiUFBtaUo5YmpNVnRMV2taalJqUmtnZjJXNWt0Zjlvdnl5aGcyT0prYnNQTzRLV3FFVjRLX2RWZlBya1NEb3kwUVZpenZyTHNMcklKd24xdmhSU0nSAcgBQVVfeXFMUHM3UEhPWmhSaW9FUWZxbUpJT1hHaUFlWXJNVzlVOUZHWkpHVzdIT2RLejRiNDdOZDRQbm5NcDR5UzFmM3l0czVJdGtiZnJMWlcxNTMxN1lyUVRTUTRacW1XU0JLZll3YnZrZllYSS10UzlIaFcxOG5CWXZBa2c0Ymo4T2lHRkNycWl5UlQ4NWsxaU5kY3c4aGQycTlMOEpsQ1ZvSEhVcFIyT2NaN0twNjVvT2RHRTdfUVFnVzRlYjJMRjFaV0dycjM?oc=5
PG,2023-11-25,Warren Buffett-Led Berkshire Hathaway Sells Its Entire Procter & Gamble Stake. Should You?,The Motley Fool,https://news.google.com/rss/articles/CBMijwFBVV95cUxQZWZ0ZW9HWjJURnZrc3VnbDViTTBpME51Y2p6TDJTbW5aNFhpU1p0STBnSUZEOU1SVDZiZmlFeEFraUYycFkxR1JGeEdYaEVjV0FCTDNfU1NiaEk1dFQ4OEdYZ2VELVRfaUNEdXZZZl92OWhzT0lJeWJVME5sdlhCUFRrMlpoVzl4N2s5TnJmTQ?oc=5
PG,2023-11-28,5 Best Blue-Chip Stocks For 2024: December Edition,Forbes,https://news.google.com/rss/articles/CBMifEFVX3lxTE5wY2daMC1Za3FPaE5zMTY4YXhWVjR3a3pGdVpUY2hGdi1FMTBhYVFiU1JYdl9HbDVUN1JsYjFYQWEzWndaazJmSUU0ekMwbE12TWlMNDRRN1JncGJpNHdCTzQ0SHRDanNrQ25TWExnb2hZWXRFakd5UlFTakk?oc=5
PG,2023-12-01,Warren Buffett Reduced This Long-Time Berkshire Hathaway Holding by 67%. Should Investors Follow His Lead?,The Motley Fool,https://news.google.com/rss/articles/CBMimAFBVV95cUxPX3VkRzRDWExjUHdkNVZMTFk0OFFRRDNpckJ2WGp2N0puc1VCMVlwa2pRWW9XTXVjdWl0Zy1rcjZ2NURub2xEY3BnaDVGMzYtTTJoRHc2QmdPNVNsQ2w2RUZNQ3VURkdJNUQ0enlMTnRnUkJ6WjE1SXRDNFlsd0R4T09PX0tKSjA3RFpzdjlGd1V6MVp5RXItdQ?oc=5
PG,2023-12-01,"Value vs Growth: Current Trends, Top Stocks & ETFs",YCharts,https://news.google.com/rss/articles/CBMiiwFBVV95cUxOMlktUENtNWhuckw2WmkzcDdIMzgyM0hyNTNZR0tpaXFkcU1UV3Q0Q1lWR3NRUFNxd19aRkl2SFpOQ0p1MmZWbDM1dFlsRHpSUWVLLU84bDBrT3dzQ0M5Y2R0VVJBYlRaYzdfbUctYTM3aWxaOUc1M0JvVzFQU1BpeWhWR0IwQWg0d29J?oc=5
PG,2023-12-03,11 Best Stocks to Buy for Investment,Yahoo Finance,https://news.google.com/rss/articles/CBMigAFBVV95cUxObE1HVUxMN0JWcVFiLXE1WHlUMmNjbVRqQmVoTFZTZDFadFNNS1Z1TGlaVm9Ob1ZobkptN1pZMlp3S010LWNPS3ZBVlZuMEswN1lFWTQ3aXdzcDZZNUVoSTJxd212QjY0eE52b3locFVaSjhoSnAtYlZTWThRUFlyQQ?oc=5
PG,2023-12-05,We see weakness in Procter & Gamble stock following restructuring in certain markets as an overreaction,CNBC,https://news.google.com/rss/articles/CBMi1AFBVV95cUxOck02QjlFd2hWZDNLaHVqXzNuU2RtQ0tzN0JjTmgwblhCdUhZV1hBR3NVLTU1VTBVUDNrWTRibnZUVnZxZTFpOXp6YnRZN3ZnRDhTRkhUMlNvSEc5akNaUXBOdVJlSElWVXp6RFl3U2Z2YjBFVTU4eTJ5RHpCR3ZzMjFORkZaOGk0eXhPQ1RPdG9CVnV2ZkVVNXlSMlRYb0VVSEtOMzFlcHNDVzRMS3dVUnEzeHUzYXgyR3MtcUc5QzBWYlEwSk1rTlpZbUtWZ1R5RDVfZg?oc=5
PG,2023-12-05,P&G Bought Gillette 18 Years Ago. It’s Still Paying the Price.,WSJ,https://news.google.com/rss/articles/CBMivAFBVV95cUxNb0xyekJZdmNIMWlDcFhMQjdRWFdkdy1HUjRtd0kydGhGMFByVVM1eldvV24xa3NXbUZVd3czaXFsWU5RTE9PcDBLVDR4TWNNcjlXSUVIUHNFXzJtdWFMOWNHSzJkdnFFSi1HcXA5TXpla1g1MXFXQldjRDBqeEFFd2R3UHhIZUdWTlRyd1lWeWxIMHNFbjhzdVN4RGZBdFBzYnRfQlplUFF1YjZleDllLXp0QTF4NUlrczJSag?oc=5
PG,2023-12-06,14 best consumer staples dividend stocks,MarketBeat,https://news.google.com/rss/articles/CBMif0FVX3lxTE5fc3VtWDZtOTlsdjNDNmxUM1ctZ1M4WlM5bTQ3MmE5NGZzMmcwa0pWZVhYTy1Odm9wd3FsWm9lRVBDT0Ric3VPaTNMMElyOXpwZnRndWp6bWhkUWVXTUJfUjlyWUVvY0hUYlJ5dTY2Ylg0bVJKbjhfM2MyM0RPNms?oc=5
PG,2023-12-07,P&G Nigeria exit ends 5000 jobs,Business News Nigeria,https://news.google.com/rss/articles/CBMid0FVX3lxTE0zWjMxbGhyWGIzaEtxZ0FsN0V5b0Q4aHU4RnZHcGhHSGNpeWdzWi1QZzNXSlV3WDhKdVcxbnNLRmRVWFcxdGpMcUtOcjFtRWRwMmp2clNEX0Z1NndudEZBcXR0dm9WRVVmT2trejVtcFIyRlBPUU44?oc=5
PG,2023-12-07,Founder Susan Yara on ‘accelerating’ Naturium after selling to E.l.f. Beauty,glossy.co,https://news.google.com/rss/articles/CBMipgFBVV95cUxQR2d3RW96SklOcnozTXpHdTJ3NnJtaFVnMlVwVzluZnBjVThtQjhhUzAtQjVldGF0Q0pFWUNOend4YlFjNmRzYl9qOE5FQ3RxclJzSXpCUUxZR0Y0MDNQckNjUEliS2lEdC1DZjVjSkRZYUVfU0FVcDlMY2dEM00tM3gxdDFmV2NNVmFwT0NYYm55NmFBTmJySHgwd21TRkoyUXN3VG53?oc=5
PG,2023-12-08,Ecolab Inc. stock outperforms competitors despite losses on the day,MarketWatch,https://news.google.com/rss/articles/CBMixAFBVV95cUxQRFM3WlRqTzNUbm44NDFRU0lvWTJ1dGRQWlhEVVRvUGJJTVZERldzcEZ4eUFtY2d0UE1Tb1l5Q0F6Qm1UYnZ6RHBBMFI2c2pnYTBESVNiTHpCUk9LemNxVm9wOEh3MG4wU0E5Y0EtbTlGMHByVFMyNmRFX0tNY29oS0ppeHYzNDBrSW9zMmlkSnI3ZldoeUIzY3lrUEhCOWY5dGoydUtjWWN5LUJkcGh3S0trampRd3RtTkcwSjM2ZFpaaGk2?oc=5
PG,2023-12-12,3 Stocks You Can Keep Forever,The Motley Fool,https://news.google.com/rss/articles/CBMifEFVX3lxTE9xTFh3c2gzNzlVc3dXakUtSGwwc1dzeFBSYkRVMXIxaHMwaFJIM1FFS21iejFTWmJpUmZnaTNMS1J1TndtT0ZrQTRCcG9GR2duQ3ExOUxRbGp1aFl6aVhBejc1Tl9EYkg2MHZpSjJKQnZ2UlR2aEtQRERTT2g?oc=5
PG,2023-12-12,3 Passive-Income Powerhouses to Buy Before the End of 2023,The Motley Fool,https://news.google.com/rss/articles/CBMilgFBVV95cUxQZnN5YmF2MFRKdmliSXdrN1puU0RWUTJtY3Q1MVpJTC05U0pOOTFWRmp5UzJKa19QNDVvN29UOVpTQ0xfdm5JYjZ4RV9FT3NSbEE3NHVCSE4xSzRLVGVUcXBnTXNPMVJDZmczZWY4Z3FHLVgwTk05VmZ6dkpTbHMzR0JkOEU0Y0F1ZVptU3NlUUJLczB4VWc?oc=5
PG,2023-12-20,New Investor? Buy These 2 Growth Stocks,The Motley Fool,https://news.google.com/rss/articles/CBMiiAFBVV95cUxPazlmV2hWODRaYS1ydm5NbWpJWHJpWFhHRnN5Y3FCQ012NGxFdTZ2c3BRSzA3NFpjbk9TcHpMTmtnZ092OEhjdE9uYldpMW50Uk9BX2JjUHRxejZhMGQ2cWlLSlJnN0lOa0xwaFhMeUxHQXI5UThfX3hYMWdIdExUOFNxZXVsbUJp?oc=5
PG,2023-12-20,Proposed class action says P&G's Metamucil contains dangerous concentrations of lead,The Business Journals,https://news.google.com/rss/articles/CBMingFBVV95cUxOemNwRjlsM0FhbVpmRS00MVRUTzU3eEY5ZzNEb3NaVi1vdDA5cVFKTU5tVXQ5SEU5NzNlS2pRaDEwbkktdjVGSnRFRlZGMGl4N2ItQmhqVGJxR1BsRkt5YjNTSlM0QkNOMUliTUVPMFRFZWUwdDJKaW0xUzRaY1NNbEQ4UjRrakNZQ0wzbC1QSDFQTm5OSmwxT2R2RzFKQQ?oc=5
PG,2023-12-21,3 No-Brainer Dividend Stocks for 2024,The Motley Fool,https://news.google.com/rss/articles/CBMihwFBVV95cUxQMkp0aVBHNjNESlBhN1RKT0ZidVpuZ1ZPLTItaFQ4OEpIZ0JYbFJpV2Fac3l2MEl2NDRaeWVXanpGUHRKcVZiRFNyMldsaGhyMktkOE83Q0w1WUZ3eTRqMV91dXJrMi04YWFIVDlIZ2lYV2xsTXlLMG5LQmltdTdpaE5keERUYjQ?oc=5
PG,2023-12-22,How to Identify Recession Proof Stocks,Admirals,https://news.google.com/rss/articles/CBMigAFBVV95cUxPVG5GYmJlaVpmR1RwZHpVcHRid0xwWW5XdkJwRV9FMWN4MVlNYVBzNlJGMDJrdEpTQTc5ZU93bHFydWtsc0U1Y3BGdVZHYnNoNVQwLWQ2NTlJTkdXOE5SV0tZcEdWQnVyVXJadHdGeFBuODVUcWtSMDc4eF9YemhLTQ?oc=5
PG,2023-12-26,How Food Stocks Spoiled in 2023,WSJ,https://news.google.com/rss/articles/CBMigAFBVV95cUxQNFBsdF9NS2F2TmlSNzB4NjRrUjB4TUF3ekloNS1MV0RhSnBhTVVKUVltRGlpd0ZiNnMwTldIMl9ucjd3a0NPaEpud0JBVi1CQmNsQWlPT0dJNzNYVnFsOGk3M2E2MU9ocWNlYUttT3NJaFRYdkRGM1pmQTdOalhXVw?oc=5
PG,2023-12-28,Spread the love: P&G brand Native unveils new line of Girls Scout cookie-inspired scents,The Business Journals,https://news.google.com/rss/articles/CBMirAFBVV95cUxQZ3JIanQySV9sZFFGdmo2SlJMbU1GNmRJbXFfbWJRdm5jQTB1bXV0TFdnc0VMRGJucGtkTFZOUnVCUkZLUHdLako0NTRQV19NLUc4aWQyOWUyT21nUXY1X3c5QUZZcFNxSk8tNko5ek1FVGlLdmFXLWZtcXh1NHNVcEJjVUpHZk9FUlZPS3ZaMVdDQ2FTaWJzaWxvMFBFMXExbXN5MUVBVmN4bjZC?oc=5
PG,2023-12-28,Warren Buffett Dumped These 2 Top Dividend Stocks. Should You Follow His Lead?,The Motley Fool,https://news.google.com/rss/articles/CBMilwFBVV95cUxQcjNlS1hraUNMS0VLdjRVYkVocklVcGwwUTBMSWl6SC1hcmNPUURzZWVnTFk3VzZud19oOHJPbzR5NzNZRDMwbGpVRXJpM3BmWmZ1bFg5SWtqdjJDZUxWWU1Ud21CTmNzQTV4SjZWUXVZdk0zMjNUVVJJYnlqUkgwTGJURUNyM3JOWnNyNUZvVm1ucUUyZDVr?oc=5
PG,2024-01-07,"5 Magnificent Stocks That Have Created Many Millionaires, and Will Continue to Make More",The Motley Fool,https://news.google.com/rss/articles/CBMimAFBVV95cUxPUjRXazlkMG15RWRvZ1Q2cWJxX1lEWUd1SV9EYmk2M0s4SzhQUk5ObVRja2daNlFOLXgtbjJseVIwRU1nSVMySW1sc1dwcnNDWUV2XzdsaExHc1dfQ1hFdGkzOXVhYjlpSnFORFFyUlJlbU5WTEgwa0JlUlE1bGNrb2NkcFp0Tmk2NHRDbENpUkd6MWw5WW82cQ?oc=5
PG,2024-01-09,Foreign investors’ exit from Nigerian stocks nears 3-yr high,Business News Nigeria,https://news.google.com/rss/articles/CBMioAFBVV95cUxQdlF0NkQ5R3F2ZndycEVHWUltUXIwUWR3VTVqdXZwR2dGSXBPR3Z2cWpzY1BTbmtoc3o1cE9PdFhCeXdWT05kUnpwQ05rblVEck9OTlpCN01GRFlQclU4NVVrNU16ZzN4NTgtNGFQdnFta0FjY1BOblp0TU1aYUk3UnVYZmxramZmMXlnZm42b0tXQWM1aVQ5bjhGNVZENFN0?oc=5
PG,2024-01-10,A Deep Dive Into Coca-Cola's Dividend and Investment Viability,TradingView,https://news.google.com/rss/articles/CBMivwFBVV95cUxQUDc5d0JTTUs3SlRlUFpxclZjWUNGQW0zczN5ZGJqTW5XNTN6OHAtN1ZkV2V0RHk5UHhxWTExeTgyWWQwZ0prZlIzeEVvNkRBcVRUYlpKWnZPYjQ5U1J2VkVkdEd1R1kwYnVoOENqQU5sOTJmME1CV19EVGlQRnkyR2gtZnFQNmZhWFdyN0dfXzVraEsyRTVIbWYyWDZMdVFHdi1rVHNFbFdvYzlyNEpNeFRYMnpaTW90UU5WeUNLdw?oc=5
PG,2024-01-14,2 Former Warren Buffett Stocks That Stand Out as Stong Buys in 2024,The Motley Fool,https://news.google.com/rss/articles/CBMimAFBVV95cUxPaUFjV2FxRE5aRkVsdFZoTnRseUVXakFpRjdGdzNHYllDUnZfa0tjUl9KdTN4TDRLdjZsZTJteUdPYXhvRXRVOUpzTnhUMjB5LWNtQjFrTkpvT21idVNiT0ZvWmUydTJQN0F4RUlSRU15TGctNWpfb3kzeWRZdnlIRGNIQ3hvM2pSUGQwQnNsSlRWNWRTN2Zwdw?oc=5
PG,2024-01-15,"Spend $80 on home, personal and baby care to get a $20 Amazon credit","ABC News - Breaking News, Latest News and Videos",https://news.google.com/rss/articles/CBMilAFBVV95cUxOR1NNeGJMRVpnOUxUNmxQTndXMS1xM3AxcHh2bjlsWV94ZzR4cHliLTk1UVg2YnZ0Y0UwUkJoVHV4akhYV2thZ1FlSl94OEdoUmI3bzVtS0hIV2E4cGFwVGhaUHhKOE8teE5PTUoxcmFUQVVRcElJQUNYcW1acTNVSGJsbUNwdC1fM1RrVFRtampxeUhZ0gGaAUFVX3lxTE52dlBKTnRlUUotRU95Mkx0eDVnN0E0NW1ZbnFWTzN0c2pCN0lZcW5nbmdYU0htemVralZSNDZLeDdRRkYyR2pBclAxY0tUajZmS09WSzRWcVZSMFN5V2dlRlVtdkQ5MkRjX0pVZEVpX085M2JvQkUwMldMSDhpWENlR0pKLWFRVFk1QTBscXpnd1NaTDZMTjlHWVE?oc=5
PG,2024-01-16,Johnson & Johnson stock underperforms Tuesday when compared to competitors,MarketWatch,https://news.google.com/rss/articles/CBMizAFBVV95cUxPODNFMVRxLXdMbWllNW1RaUtZeGFqWUZkUWdHUVg4TjU5cEFocmZrMzV1LVF3UmtNZ2NkQjBKM0k3QTZ5RTBNM2FRYk9rOGhjN3hoOGtvZG5RLU1IWjIxcFJjRkIxWmRHTDNZM0k2eHVDUWpsMDlHaGZUbEtmNHc0V21WZG9fMnRyUjVkTnBEM2xJbXc3MDBlWGhXM3cwYnM2OFFTZ2Mwcm1BVjJnc3hxX25VUzlWLUE2M3BmMTlXb09OSWc0VGJBWGFSZE4?oc=5
PG,2024-01-18,7 Best Low-Volatility Stocks to Buy,Kiplinger,https://news.google.com/rss/articles/CBMikAFBVV95cUxNWkpBMjdLUmJUbkl2ak5VQmY2cEM2R3VYeGxtVVVWRTQxVkxYQVowQUtnakEwSnhwMDk5b3ItdzZid2VJN3BSRElMWXlxNVpsZ1hOeHNaQ29aSTJNSEdueV96ZE13Y3o0NmttT3Z1b2w1bWtheEVyOXhVNnFJak1pS0tSeW9QM1ZfTW9SM1NkTWk?oc=5
PG,2024-01-19,4 Undervalued Passive Income Stocks to Buy in 2024,The Motley Fool,https://news.google.com/rss/articles/CBMimAFBVV95cUxPZmNYU0R1Mkp1RWwzdWdFaDFFYktwT25mTGVTQ1B1QTlWbGFBMEFXdTFLekNMUFlnWV91Z3hGRG9rX2ZzeXFSS2theTFOTUE1Qm9pNFE1bXJRQzNKSmsyaTVSeC1Da3VVaVExMTdoVEczU0pyU01uMkFwVmVUM3o4dTZTRGJlel9oaVJEVDFxOEdZOGRlOXgwYw?oc=5
PG,2024-01-19,Procter & Gamble Expected to Report Lower Income Despite Revenue Gains,Investopedia,https://news.google.com/rss/articles/CBMinwFBVV95cUxOcUc1WTMyeWs0UGNKU3BYNmVaUV9QbHJ4RDJiUjlSazQwN2N6c1lrWjE2NXhqWTAwcWg4T29reUpvQVliclF5eHM3NVpYX0xXOHNMeFR3LTl0U0xEVmE3aUNSdzJHeENNRVVGYXZxOG5NbHc4US1SNHBCRGRtNkdFRWFQRjdGYUNER1k2Nk4wNlQ5Tl8tMmM0cHR2NTdWd2M?oc=5
PG,2024-01-20,The Gordon Pape Buy and Hold Portfolio,The Globe and Mail,https://news.google.com/rss/articles/CBMiqwFBVV95cUxPbW1KTnV3UnlFam5JX1F1MjNwU05pSmFqbWJFY3lKTGFBdXA1ZV9xYnJwbU5ObzU5Y0JNQmM0TVNkWTY5aTRyQ0ZhQUVaTGRQVm1JbWRmaFFHa3JtSUdLRnBWTmY1Z2UxbnRUUHJmdmxmeTdCY2hXUG1faUFtdlJIUHBPckZ3b0NlbEhsRXFtR0VLVWN5U1JlQ3BBY0hGVXpvMTBNbzZTVmQxbjA?oc=5
PG,2024-01-20,The World's Biggest Hedge Fund Loves These 5 Big-Brand Stocks,The Motley Fool,https://news.google.com/rss/articles/CBMikwFBVV95cUxObWdQLUUzc3BPbEpIQWlxeXdBN0c5aGE1M05HUjJOTEFDcHdZejlHU2UtRDBIZEhKbk8wbFo3T0JINUV5MmstXzNJcy1VVlo3RDFYaTluMWdrMTlmUzZaOXpxaHY1RWRPZDh1a3dLbmJUcUVzZlNVVDJpdkJFeXhyc0o0ODFVQWVHcDZyVUNpVFlud1E?oc=5
PG,2024-01-22,These Seven Tech Stocks Are Driving the Market (Published 2024),The New York Times,https://news.google.com/rss/articles/CBMilAFBVV95cUxQckNQV2hMTi1qazNILWpqNFdyZnpLUTNYdDdEQ2poVWl5Z3ZiVlg2Um5GTXEzZnhFMmhpbzg5N3RueHYwcGxNZ0VSQ2tsYnEycTlqVnpGM244N08tU2V5UXlSRDZrN1NacTRTVE1ZVzdQVHNidzhUODZ4TkN5UkF1MzhFdHZjTDdxbkFfc0hrMEtmN25M?oc=5
PG,2024-01-23,P&G's beauty sales hurt by an unlikely headwind: A wastewater release in Japan,CNBC,https://news.google.com/rss/articles/CBMipgFBVV95cUxQeEhnTnlSZnpxcDAxV1R6aE9Mc2hDN3VNYTZTMWFDNEdSWkJEeEJrRE5HZnBtcHdKWERfaVFCQ25kWFR4MktCcDdxS1gyZnNhYlllbnRBcENYaEZsaDN6TW5HaFQxUVllRktZay1DTlBGSlhVMElRMm5GemxMQ3h0WkNaUEI4Y1JpSWwxNXBjZ01GRjNlLWVRRnZfOXJUbUgyZXNMVFpn0gGrAUFVX3lxTE53d2F5QXZwcTJ4MmVTMUVJMFd3ZmxNdlFpY241ZWd2RVluUTFJVFl1ZXdubkMxUk5NTVJIc0NMYmQ4UzVTN1ZwUzdzVGhyeGl6TkNkUThiYWhySko5QnZMUUxnT21EU0ZVTDR2bU1RZURWMlBkVHRlaV8tMzZhTGh5bTNnOUhUQnJxdmp5M1FQMjFOUzRnUWs5MkEwVmMxN1VGamIxUzB0YzkwQQ?oc=5
PG,2024-01-23,P&G Sales Miss Estimates as Volume Slips for a Seventh Quarter,Bloomberg.com,https://news.google.com/rss/articles/CBMiswFBVV95cUxOSTNoVUVicGpBZVhDVXZ5YWdOdFRNMFR4UzVMb3N0UGJFWGpOODRKN29pTGFKZHFnTXZLdTY4QTFoNUhGX1Q3djcxTWQ4NENmY01fWDZrZVZCakM4Qkk5NTBYRmw2SnRLbXNDeENzUTdNNE1TdWxhU2x1YUFfaVRGLVFQblZhNklnZjNBNi13RVFKSDY0UC1HenlENEEyWm9TR21uZnduMWNkLTZ1U05ncWcxMA?oc=5
PG,2024-01-23,Procter & Gamble Earnings: Brand Reinvestments Buoy Sales Growth and Margins,Morningstar,https://news.google.com/rss/articles/CBMipwFBVV95cUxOQzJteW9sTlVWSHBvc2dnc0c2Rlk3dEktUXlMdWRpNkw4b3EycFdZSS0tVE9XMWNGaEdGQ25sYmg5ajBmMFFqV05tbFBXcEtKRENsYXk3bUNGOFFWQzljUUJCWHRWbnA4TFhTRWZMWUl4WmhJTmZhN1J1aEwyU1JYOFdXeGJBVzVBVlRLcVJWSExaZE9tSkpvT2lxcTQtamFIWXlKRXFfRQ?oc=5
PG,2024-01-23,"Procter & Gamble Q4 Sales Grew With Inflation, But Gillette Shaved Off Earnings",Investopedia,https://news.google.com/rss/articles/CBMiowFBVV95cUxQV1B1SjZZMXlRN1lZdjFobE9WZlRpLUhzVEpIZmVySE05c2FFUk1iTnptRTBFbVpReTA5aElVWTkwUURYcnlyaXFQTEZ6c042NV90Q0Q1ZjM3V2JUU3JuNzNval9oX0RoLXZGNURLUDFFUS1FM1o4OFl4WllqMmZaVi1UamhnQklYOW9xQlBxSUR1YmtWVTEya2tRcHRubTNGeTZr?oc=5
PG,2024-01-25,10 Awesome Dividend Stocks for Predictable Income,U.S. News Money,https://news.google.com/rss/articles/CBMikwFBVV95cUxPeXpGQVJBelRpWFNhbElPaHRnb2U5a1hWazJuNjJQR0JlcEl1RkhTVmxrV2MtQ2g1RDNHWWozejVZS1JmX3Z6UWIxZTI0NG4tbHJhZ0pXVDkwSkJFNTVic1lvVmRMU1FhWkpRUXkxMXlhUUV6cTh1V0hRaDVWVmZxWEw3Yl9nZGpsVUV6Z251blhFTjQ?oc=5
PG,2024-01-26,"Colgate-Palmolive’s earnings buoyed by higher prices, strength in Latin America",MarketWatch,https://news.google.com/rss/articles/CBMimgFBVV95cUxNbkk4QXdaR3ZUYWVfTkFqSzVUQ094WGtDRDhlT1FyNHFnb0tKLTFINjBKVU5pMmpkOEUtZGxWQ1p5dmYyUE9zVkQzNmZXOXNseVBlcFRCTkVUU2NSMGsyZDdqMmY2V3gtSS12X1lfZkpzV0pjanQ3eWJqNGxETmNGMXowSm9KOGxNa08zVUd4d2M1b3J0SllGVFR3?oc=5
PG,2024-01-26,Here's Why Procter & Gamble Just Wrote Down a Business It Bought From Warren Buffett,The Motley Fool,https://news.google.com/rss/articles/CBMilwFBVV95cUxORTVDWk5ob040WUZleXR0bHdSV2ZvS2RBWTR4MlBxV002X3lkc3JLczFXMF9mc3JRbi1JMHF1eWZTaE53ZHFPNW8wN3pPMm1HdnpuWTVUZTZoT1JFbmJIZEdWRUhjNFFNOW1fRzdPX3hHQVFMRS1oYVozaktCNjVwOEctMGVwcS11U0JPNEYtRmVDZ0ljM0dB?oc=5
PG,2024-01-27,Midcap stock that is market leader in the razor blade sector in India; Do you own it?,tradebrains.in,https://news.google.com/rss/articles/CBMitwFBVV95cUxQOFBlQlQ0WFFYa0VjRnpKc0ZDbDNpLW9JUHhIY29nYW14cEJpUzVVZTZSZVRBSmdrQzQzX0g2V1VaN1JGSkU3cWlBd1JrVXNObTlOSThhZHRDUUpoWmVtSExxM3JlUDVQSzQzZ1dtckRVRWdHTlJTUkRPTFkxZUlkWUcxYjZFcXV1blhsRjg3dFEtV1hNSHhmcEpOY0FPdGszRHEtRkJxVFJ5dkNfWk5WN1BZTXJEX2c?oc=5
PG,2024-01-28,"20 ""Tech"" Stocks Make Up Over 35% of the S&P 500. Here's What That Means for Your Portfolio.",The Motley Fool,https://news.google.com/rss/articles/CBMihwFBVV95cUxNSHJLcE9vLVJTOXFKVThyeEQzeF80X0FlOUlHZnBOX2Y2X1pVVHhWT2F3eDVCSThVMS1QWjJQaTdWS2xFNnFfRG5iOTdKbkptcGhrMl9CRDkwb1R1dWRfOFRRVmxKbjBHc0ZDQVZGY1MwckVhazBTa2lTQlJIMGNvN0lDOFBBUkU?oc=5
PG,2024-01-30,Should You Pick Procter & Gamble Stock At $155 After A Mixed Q2?,Trefis,https://news.google.com/rss/articles/CBMiuwFBVV95cUxOSHNoZ09SSUx6SnZyaGk1dnRwQlB2bk40YV9xUmYxQ05ROXFtTWx5ZTBjeF9rWUw5N1ZrdW9EcGJLYVY4ZXZjNXJHZG95WDFDOVRFcFcwZmk3V2NXb0lnVnNEc3hXNVB4d0puRFB1OWxWX0UzSmU3R2NyTU5qbm5jSV9Ga0dYQi1YaENKWmRSd1l1WHZoaWpIUHdZRmh4eEdJb2dyU1M5X3A0SkFDLTNDc0ltMlc2WjNRYXdz?oc=5
PG,2024-01-31,P&G plots appeal in class action against Vicks Vapo products marketed at children,The Business Journals,https://news.google.com/rss/articles/CBMiqwFBVV95cUxQeEthTDc2X2xyNTJMb1FsNi1kTDlteGU2RTF1MlYtSEZEZmtSZnp0RDluYXA5em5XUmltY1E0OWVFa1NxZXJKV1JFYU50MGtGajNBdk5oOG5Sd2d5N05BdmlWS3E2bVhWMDNwcDJhOVFZbzRDM3J3YzBEczhIUWJ5aVNvV1RqNDZHMXBqNmlzQm5GVnpzRi1KUnI0eldpcmd5Nmg0U3hSb1g3bXc?oc=5
PG,2024-02-01,Artswave campaign kicks off with P&G's Jon Moeller and Lisa Sauer at the helm,Cincinnati Enquirer,https://news.google.com/rss/articles/CBMiuAFBVV95cUxPTjNya2tLOXRxUktiVExKQXZnSDY4Sjg5aWNZaUIzQWFueGl3VXNlbGtyTWFPUjVjTGhtOGdDWHlGVlJHclF2SUVPVFJxYzVyazF6SmtjRGhTZWlaMkU4UFRhbThfcm9GWWs5RnJ3T0RPVVJHeDI3V1Iyczhic0VFQ3hpcC1ZUzZhZWsyUUl1Q18wOEtlVkxHMjhGUEZrUTVodDhGb3E1enlGdkdDX09hOGR5ZWd1dXQ4?oc=5
PG,2024-02-08,Buy Mondelez Stock for Oreos—and Everything Else,Barron's,https://news.google.com/rss/articles/CBMie0FVX3lxTE43T1dCcDVGcDRyUlF4RXdNcEROcUVLLXQwc0dSSEZQWUN5LUtvaTU0bHVMaVo2ODI5QmJSZ1Fod2JuWTR2NzZKTmtDTGQ3ZERuZFFxVElzMFJBdlo5eEhyMzNwbFo1ZGZwMURsdWc3Y3pwWVhTSjA0eXJ2WQ?oc=5
PG,2024-02-12,20 Companies That Dominated Corporate America in the 60’s,24/7 Wall St.,https://news.google.com/rss/articles/CBMiqAFBVV95cUxPUDVNQmpQc1dicXlNU2d6aFZhc1p4eUdoWGJYcUJNSl9MeVNGQWc5c0FFQ0JidThEeng5a1VJMDhSTnlSUVI3aHg4cW5IVmROdjAwRmxORmNUYnNxeEFmVjRLdThubnZpYUpiU0VZWDNORmdYVGd5aWRUU1dzUTExQ01sUmZlLU5YRUl3NzlaZ2pmTWJETlE3dnpnUzhvOUZVTDdLcUJ1cnM?oc=5
PG,2024-02-13,Newell Brands Inc. stock outperforms competitors on strong trading day,MarketWatch,https://news.google.com/rss/articles/CBMiyAFBVV95cUxOWS1HZjI5R1A2ajM5U2xTMk95dk1RVUdPUmtqR3ZmbFFaelFyaTBIbXhHUmgxaUxBZHdTc3lqUkVLQTlrME5lV012YW5qZFdzUWIySjNDbG96RUhjZUJKR0dtOTNUTGdYYUlKOWN2Y1pyMXgzTWZic2wzajBPWWJWOE9TdHpLOGtDN3ROaGpsVkxfeTE4LTNGNEJtR0g3UmhpVmNIWkFUYzVDN1FtN0VKenN0WVhrTnJzVmNpSzFLR0paaHdvbEJLNg?oc=5
PG,2024-02-18,Here’s why most investors are dead wrong about China — and what stocks can teach them,New York Post,https://news.google.com/rss/articles/CBMivAFBVV95cUxPRng2bTlORjVadEg3RE5zdXFneHBnV1plVWtXRXlOc21nYk1LaHdnVDNsa3dEV0M2bVV3TFhqMmNXbWtqUHc3V0VoNUNFbnUtSThscDJtaFNSTE1DWGd4OWF6LWhTNGFoRFg2WE9rOXJLUUxkblFtZXFLZnNBNFBFc1dOMXBRdTJDalJfaXdia3hQLXZXbGJRZXoxVmpzN2hHVjlOdS01b25DMXBhM3pwcHZWYTI1SWh3T2tKQw?oc=5
PG,2024-02-18,# Dividend Stocks Charlie Munger Would Have Loved,24/7 Wall St.,https://news.google.com/rss/articles/CBMilgFBVV95cUxQbnEtTmEtQnNtNDJuZW4wZjBvV2FiX2lPYnkxLWN5LWhiZk40WXVGR04xTlk2R1NWYVQwVzZxc0NIakp4SXA0OHVIaXNZTGhwbWMtNGlJSlNhSzhnbmRiVWVmaU5iQkdCdzd1dWxjNG9YSjNvMndqN2JDN3pVT3JzeXN4eC1KekxUR3R0cV93bjFpaGd3RkE?oc=5
PG,2024-02-21,Could Procter & Gamble Be a $1 Trillion Stock by 2030?,The Motley Fool,https://news.google.com/rss/articles/CBMimAFBVV95cUxNT0ZockVOWUtSV2pqUmR6LTJZX2tNZlVFQmJkc2VpU1dIb0J1enJRWWNQOXh0UnhDOGlxZFExb0h2S0FLVFRpc3lPbXhZYkdGeVROX19Uc21vLUZrazZFTEJ0TGw1ZkMwbHdidTVUdUw4ZjZFOG5pbEVCTk40T19qYVpYTXBKcWpQQTgtcTRXSW9mYXpzUkwxeQ?oc=5
PG,2024-02-22,Greenwashing Is Everywhere. This New Training Could Help,ADWEEK,https://news.google.com/rss/articles/CBMiwAFBVV95cUxQT095ZkVfTE9xSnNHV2NUR1BSSXZjc1J4SXZaeDlQMFVaZExiSjlfQzFKT21WOG1wY2NZakN4eGQycGxvWkRKSzJFVW5Cb3lsRHFhRlZ0MTRyZmZpUDdGUnl2MUlpZHJfRUlaaXJpeWxCMGFMVDNWQnluUWNrVExKeVRLMm9Sbmc4c0puN2lJRDBYQmFvWnhYWkZDakhGQWl4NjREaEtHU2ZTM1owTGhiTlh3MkJFWDY3RkJTbnpMeno?oc=5
PG,2024-02-22,Chart of the Week: Advisors Considering Covered Call ETFs,ETF Trends,https://news.google.com/rss/articles/CBMimgFBVV95cUxQczQzNl9XZVg0cXk2QTM0UDhER2ZPNXV4MHZyT3lGdE44NjFpWFpIVEI3YVE2My1hRVc0OV9xNkFYTU16V2s5VG9IZlNzLVFaUm1VN0VnS3BPY2kxb3BWY2RBXzVENnBhNEJCT3RmOHdLWmlXUjEtWTRpMVhFRTItU0lweGdVY2pGZVNqbXY1Z0Rubnl1VUZBb25B0gGfAUFVX3lxTE1xY0tFRWtsQTRXUFE5dUZuOHdfMlY1c212TW9Vc081MHZFLVBuXzBrQ3M1S1FkNDl5V3JkZGxIcXhmVWFjMFJKQU1TSlRxNEMtVmJld3pjQkhyZUtvWHJMTy1jRjFrWGdONVU3UERtM0trZXFETTNCQU1zQlFVcFlzQW1sTG9fQTc3TkdGaWVyc1lCZE5YRFY5X2I2U2Rnbw?oc=5
PG,2024-02-23,"1 Magnificent Stock That Turned $10,000 Into $1.4 Million",The Motley Fool,https://news.google.com/rss/articles/CBMilgFBVV95cUxPQ2dnUHNXR1JwZUx0OUtEcVZ2Y3J3cGFNT2trSXd2X1pNYTFkYW56T2w5QW54SXQyS3pCSGY2b2Z5Q3RtQ3R0bkhla1RnTTlnNkY2U0pRWmxOUm9OclM1b3Y3dEg3d0FpN3Q4R3U4UzRFWFd4RkJ0dWdJaUc0LS1EeHBLZG5zOUNMNEE1aFNSX0gxeHNia2c?oc=5
PG,2024-02-26,"Nestlé, P&G, and Walmart reveal their 2024 talent retention secrets",worklife.news,https://news.google.com/rss/articles/CBMibkFVX3lxTE9ZODdXc2lPcnJmZUU0a3hqbXBNck00bmRzSjJDcXlmNkJWRzJFeXB5N2ZpWEZkclFYazVXb3ZjSnZ5NmNlMFpkdWlKanA5eGdtdlZzOWhnaTd3aE02RWx3ellkdGFZQy1hR0MybnVn?oc=5
PG,2024-02-26,"The Best Vanguard ETFs to Invest $50,000 in Right Now",The Motley Fool,https://news.google.com/rss/articles/CBMikAFBVV95cUxNRmFBTDg0NGgxQmM2MEZtZUl3NHhXdlc5R2dVODJ0MG5saWpiY2hDQWxWZ2pSWTdrc2lwOXZqZ0NncVFYNlNhZWUyY3V0am1DY2hjUDd1U2l6NkcxVVhqRk94UWY5aTktQUdHNHNxdVJFLTc3a0VpNE5CRDJaOHJnazBxS0dXYS1CRmpGdldZUEY?oc=5
PG,2024-02-27,7 Stalwart Stocks to Buy and Hold Through Any Storm,Yahoo Finance,https://news.google.com/rss/articles/CBMifEFVX3lxTFBqMVhNOWEzSEcxRjc4UHZqZWQ5VldqSENrRFQ5RWZDWWZFTUQ2Zm9EcGYyZWkyM0RMVWRDdnlsLUZ5RkU4bTUwZzl2V2NmZFVESmFqUFVJVDAtNTBqMGczVEIxRkpNZ0F3VURFcXFtTDNyVk5PaWJaV2FWNS0?oc=5
PG,2024-02-28,"Amazon and Walmart Are Shaking Up the Dow, But Is Either Stock a Buy Now?",The Motley Fool,https://news.google.com/rss/articles/CBMilAFBVV95cUxPSVhxclAtZ3ZvV05fY09veV9MeGs5OTBoLWJzcFV4cTI3cmh6SzF0YTJYVzdlREhxRmdXNzRFQnNEalRSNkhFYlRqdDJubjJLSFVCdzFLTjFhRGdJdS1KalFfTUlSblJSWFA5X040RXp4cTU4TnEzQzB3eklDaHBOZXVRV0ZzWTBpTkRqemM0U2FMRF84?oc=5
PG,2024-02-29,3 dividend share ideas for an ISA,Hargreaves Lansdown,https://news.google.com/rss/articles/CBMia0FVX3lxTE9zQkNSdkZsRWZhYkZZZE1rUjVzT2V6cGkxd2NiTlFFTEotQ0dQUFRzTTRMV2p4YUdBSDlNbkNXMFNSX0VhSl9LUXEybzBlejhSMUhRM3UzRlNCRGZBYVc3cFhoUXM5c1VQU0dB?oc=5
PG,2024-03-04,The DNA of a Warren Buffett Company,Morningstar,https://news.google.com/rss/articles/CBMibkFVX3lxTE5LUjNVWG5vTUFFeTNiT2NWRjlLY2hiTV9CaGxtMzhEdDZmbEhlcHpvUjR3MTR0NHd2QnQzbWdBZ2F4WDQzYktJVlZrcU5SQjFjdHd0TEN0QjA1SG03V2EzSmh2MVlHYXE5N0thMkRB?oc=5
PG,2024-03-04,Berkshire Hathaway has US$168 billion in cash: These stocks should be on Buffett’s buy list,forbes.com.au,https://news.google.com/rss/articles/CBMimwFBVV95cUxPUTZSV0steGw2RUcyS2dXNkxIeGR1dk5vYm1KVlU5OWp3U0g3NVQ4UDZlay1BS2NDZmNSUmFqME14WDJnMlJnQzhQSHZ2NXBJT2Jsd1dCUVdLcU1kZURIT0lNYVpEVnVwNlVDMzVxZjZPcmlLMGw2SjhwZkdjTUdtZVQ1eVNSeG9uakFvVFQyRTlhMmozZmpUTVFTcw?oc=5
PG,2024-03-15,"Futures Rise, But This Software Giant Plunges",Investor's Business Daily,https://news.google.com/rss/articles/CBMixgFBVV95cUxPMzNVVC1JRVdJX1FXVHVKV0hTVUpEOFlSQ3czenYtYUtqVEkweUU1d0ZuVTRuU2JjSkZIVEVyWnRiS01kckNxS25pcVJtSmVSYkZ0NTM5dGYyTFlTaXQ3eGVXSllUS2VqSlJXc0ZSczYwdzY4WVlwNWpuQTJfR0hrY3lFY2Zpd2d0Z1l3MUxaM0taWm1PN3lraFBfWGFJcGltRm1YZ2xHUHhTcHhZZFQ2a2s3TDVMeFY0aFdFakphVGJlcmw5VVE?oc=5
PG,2024-03-15,Plug Power Inc. stock underperforms Friday when compared to competitors,MarketWatch,https://news.google.com/rss/articles/CBMiygFBVV95cUxPNEVVUlBreTlmUkV1Znh6S0Uzd3JPQUxQMlVzRlh5ZjZLWm5FXzhFc1hhUm5tRm5ZbnNqazFDWjBNWlRHSENSYTk0U3NEc3NKQUlfSTN3X3FXS2VaY05ZYV9MMGVLUmJtRlB2blV3X242LVFtbTBJei1rV1gwbVdVLVkydGxuaEJMSWlYLWdqNFNRUEhYWFlxdDJHYm9neVg5X3Z2NzZQYWpUVG1hNC1LZkJKak9ISkg2OXVRcHVLQVlubjJoT1I5TnZB?oc=5
PG,2024-03-19,P&G names Kumar Venkatasubramanian as India CEO,PRESS Insider,https://news.google.com/rss/articles/CBMiiAFBVV95cUxOUVVmZ2UwcUtGUnRXZG8tMkt0TUIxaGhhWnBqWWpXZGZZZ1FnOXFYT005U3hERjNuT1dhQ2s2NG5yYXhBdUJRYTNZNXJQa3k0UWVkM05Rc1d5RWVkYXpndTM5TmNDS0tHTXBweDVkYzZ6MVFlaVZZZVQxVXVIdVptYThOZlBuVHVp?oc=5
PG,2024-03-19,Here’s how much Coca-Cola’s top execs took home last year,Chattanooga Times Free Press,https://news.google.com/rss/articles/CBMimgFBVV95cUxOS1pyN1l4VU9Nby1yamFGcWdRT2IxSzB0UWh5ckdsZm4tZnpMQUtZd3FaVExGMU1WMHpna2toQnZFN3lqY052Q0sxZ2dMM05oT2VQV0ktUkZmeXZKQ2RLWTI0eEFhRkZQcmpWTDlUYUU5QTJEcVZyMTJtdTZKODVpektjUWRJV1kxX1dNckFQNE02M0dqOWtSX3lB?oc=5
PG,2024-03-23,"If There Was a ""Magnificent Seven"" for Dividend Stocks, These Would Be My Top Picks",The Motley Fool,https://news.google.com/rss/articles/CBMilgFBVV95cUxQNGx1Yy16U1p5Z1BnbGU5WTg3UUVHOUIyZmtySjVJMXdjazBLWmVGc3l5dUcxSnZUOS1wdGR0N2ZWWmJKWm1vY2lUcVc1VHA5a2hVYk1jUmFvQ0dIVlJrRmRLeTdXY3o4cEphQmFfemNvRHM2TVVhMjJIUlBUMjFLT2dZeEswaktEVENSWlUzU0xXZFFxMHc?oc=5
PG,2024-03-27,"Nifty rejig: Highest inflows likely in Shriram Finance, HDFC Bank, Jio Financial",livemint.com,https://news.google.com/rss/articles/CBMi4AFBVV95cUxNX0hFZTZ3TldtaVN5Z2RIYTZEc1NFN25oaFh2NldDT0FhdTZSbGRXUHVqdDNuZXJNbjVFZ3U3YTNUY2wxRzhFa2U3dlRhOTlpY0FTYVplVjBpTERQcFlQM2xFa1p1MldZRUVYdm9SMnlsb3FLZzM5U0ZZc2pSY1Z6MHg4N0NXYTZvb0dCbVc3ZEZScW5fNmFocU5kdmR3dVdDbjd5MFMyalNodmZOUlRxWHBEOURfeFNJNzJVYUpIN2Jwc0ljUU9kOXc3WmMyUnR3N3JocW1iSnk2Wi0zOWZqaNIB5gFBVV95cUxNaWZyN21SZlNpYmp4aTRkbVJzWjU1UlEtS0ZtQ3FPVmN5Q0NlSnI3dGJQOHo0NWpEZnRyMTQtRkt6bElxc3NxV2tvTk8zZ0RhNVdWWEdsV3Vfel9TV3V6UXRwYV9PbGtmNnc5X3F4R1JmT2JnSUc4Sy14ZDR6M0RNa2EteUxNQlNkWWNUNWJ5T1g1MWUyYndvdUpJZXZWMW5uWjdOc0xyZEpiNE9JUjdmVWNqU0cxajYxVVR6OG1iWlZTQ3dlM1J1LTJjQkM1b3JCSEY4QWJ2cVZSWDRsdzRleTJYVnN1UQ?oc=5
PG,2024-03-30,3 Reasons to Buy Procter & Gamble Stock Like There's No Tomorrow,The Motley Fool,https://news.google.com/rss/articles/CBMilwFBVV95cUxOakViVklrU1FlMUJVWmRfZjdCaC1QVUZJZFBGRDdLUnhPUmF0Ym1icUgtUms3bFk1UllJNl9ZTHI4ZWNGcElZSk5SdUU2QXowSm14a3VuNVBJMGJPRl9LZ1lyaFIwYUI2dTNIMTRNUE1JOWp1YjF3MnVhWjBRVERZTHRQRzNuN2Nmbm4zRzBWbHJGWEhfRm44?oc=5
PG,2024-04-03,New concern about the beauty industry undeservedly knocks a portfolio stock. We're buying the dip,CNBC,https://news.google.com/rss/articles/CBMisAFBVV95cUxON21ja2tyNWpsLS1ueTNzMW1qcWZtRU1WSHZaTU1Iak51TnhZSXpiNUZrUmR1dmJKNUNET2dWdFlKY1k4bWdhR2hpSEFvM0s2clVHMTk5SzNtaVYwb294UmdRaXdQVzg2UkdXTkNtWF9vOFFnSkMxXy02V1B3Y1hfU013eHpyYXVGYlJIVFNGUXdBSkltRl9EeG5xb3hHVXF1SG1LbTBkNHdudHk3WFpObQ?oc=5
PG,2024-04-04,1 Wall Street Analyst Thinks Procter & Gamble Stock Is Going to $172. Is It a buy?,The Motley Fool,https://news.google.com/rss/articles/CBMilwFBVV95cUxPTmhfYkhmZi1SVXdfLUZsQU10bmg5NGQycXpmZ0VLZjVHakJPMk94S2tobkIxbXBJbUtUNmJlNWNmV2gtOFptWG8yOWxmRVdMT0tYazNvLXhSVkIxcGs3VnBfaUh6eTUxa3FkclJkUGI3SGFSYmI5U3pwTlhnZ0Izdk1iZEpxRnRhWlExTjFYNUt0Q3U5SmdJ?oc=5
PG,2024-04-05,"3 Top Value Stocks to Turn $50,000 Into $100,000 by 2030",InvestorPlace,https://news.google.com/rss/articles/CBMikAFBVV95cUxQLU1XT1ZDLTduZTZkczNUamRRZ2tMWWhIMldOMXZoME5OQ09iZHJjbzlSQXhsOENpYnVlbkR3bVlMTVV4MVI0d2lxZm1yMVhZY0llT3pfRFdMN3BmdURHQ25qTUhRcEdVM19aWDVWSWpHaG5vbmlkdHVBNXgzR2xXVFc3Qzh5eVd6VDQxby1UUno?oc=5
PG,2024-04-07,2 Potentially Explosive Stocks to Buy In April,The Motley Fool,https://news.google.com/rss/articles/CBMikwFBVV95cUxOVkV4Y0NwSm5NbUVzckpkMXEzTVZ0NXRBTGtHR1FocmlPZ2ZsUVhaUTZTMHpyZTJTN2psWmhvbV94TFJGdU9Dc1BjREFNSmRYdlh1c3FsX3pyQjA1Q0NvOUM1TXJoTVNUZHFfTkVKUE9PRDN0aFZZOGFqRWFOUGFQZlhSanUyQkZhUV9sRVh3ZUZBYW8?oc=5
PG,2024-04-07,"Want $200 Per Month in Passive Income? Invest $80,000 in This Vanguard ETF",The Motley Fool,https://news.google.com/rss/articles/CBMilwFBVV95cUxQUkE1WWxRbkJEYUFqUERJMjJVUk45azA1S0NfUTVGWjhSaS1BY2N3LWpDQllybVBGbk96YmZpTjdVdU5faFRrbGgydFJaYy1BNTdEVkJzTlVhTXdtRHgyMFk5VHFydE12N200UC1sQWxXaE9pVVdGcnV1X2Nuakhwa2RTYjJzMnI3OEpNTlRvM0syay1xXzBn?oc=5
PG,2024-04-10,2 Dividend Stocks to Double Up on Right Now,The Motley Fool,https://news.google.com/rss/articles/CBMijwFBVV95cUxPTUdZWDdpbUlUZklQdUFFdnNsX1JPbTFQS253SHhLS1lsSTVoeDJyNjk3V2l5UDhrZmNuelhBOVpNeDNJaUUxdWlXSWdzNXMtNUp6Nk5ENnp5UkZJUlkyZk9ERFZEczVVbDZHS29YUGNCU1hNbDRrcldWc0toQ3NMVXhXZVRvblItcHhZU1o2VQ?oc=5
PG,2024-04-12,Johnson & Johnson stock underperforms Friday when compared to competitors,MarketWatch,https://news.google.com/rss/articles/CBMiywFBVV95cUxPNkcySm9IRWtTaHZBOFpVRDFCOUtaMlFTdTF3Yks4TVQzT0lacERGSEx5M0VpaW1oMHFQcGlrNmhyNjk2UngyU1Z0YWRNQXZzOWV2dl93SnhZYnRYQTh5MUl5d3N4Qjk2T2hpNUk1WXFKVUQxN3NyZktjeWNvVjlkZ3FQempLWWp3YjZ3R2Y5aWtyMi1QckVvbGozQnlOaHZzZTFFdzAzdXYzRWtUbFdzbTBUaXh3b2RFUFpoN3hkODduR0F3RXlsVUtlWQ?oc=5
PG,2024-04-13,3 Dow Jones Dividend Stocks That Are Within 5% of Their 52-Week Highs to Buy Now,The Motley Fool,https://news.google.com/rss/articles/CBMikwFBVV95cUxQWUFCSVVWMTJMdy11N2FXc0dadDdYTV9zcGN2cFBzOWU0aERuRks5VjNyV0J0eGItWllENVU5bS1tdHNQdHBqVmNnNU9FUVJhY2lTRjh1VjhRWlJlNXJEOHRmN2pJMHhWM3Q0a1NqcF8tSDVDLVZ5ZUdzU0V3a0dURmFKOGp0cV91RUI0bEw3UnluaGM?oc=5
PG,2024-04-14,Procter & Gamble Ahead Of Earnings? No Thanks. (NYSE:PG),Seeking Alpha,https://news.google.com/rss/articles/CBMikAFBVV95cUxOaHRCM3UzZlFpX0dXT2didjJWU0Y3dkc5SzVsQlhCcGpZRmRQWjdzbHhPYjhqazc4cTRpemlsanFKZXRvZVBHY1I2RURnQVdmcWE5TmQ2QkhvNHBYMzFRLVdEbjI0OGF1dld1aFBhenQxVHl4QWd5UktnM2hZck5nendneUdxeEtxNXdkaEVfc1Q?oc=5
PG,2024-04-16,Clorox Co. stock outperforms competitors on strong trading day,MarketWatch,https://news.google.com/rss/articles/CBMivgFBVV95cUxOQ1dCMGdrMzJfVUJRTHpGTEU5Q2pacVQtUTl1Mmt6cUNHdERBaGFsa2RVbXg3MTFHR2ZzVHkxOFRzUG5oUThpanV1RzBwMER1a1c1TUlSTWZuRlV4VmpOenI5cks0cnBZQl9UamhZX0NDLWFQNC0wdFMxQWtaSF9CRWFyNWZDSGFqa2d2aUxicUZ3bFRoV1FMNEVqQW1pbGF4U1E5SzYwNjI4enZ2OE5iNFFzVzZSTDR4VEZEemNB?oc=5
PG,2024-04-17,Procter & Gamble Co's Dividend Analysis,Yahoo Finance,https://news.google.com/rss/articles/CBMiigFBVV95cUxNUS1lMGRvQmQ5dkVIMENCS3hGdmotSm9Cc2FySGFlZ1VULUVtWk5JdHBnWmpJLWhsSWZDa2g2VlhHYnoxNndWZUdqODBtWjJCZlQ4U1ZfektEZ2NVd2pUc2dmdExCZ01RdDduVlZQQ1Q0aHBTbHpBazNBTnJmblh6MGxsajRMT091NXc?oc=5
PG,2024-04-17,Best Large-Cap Growth Stocks (October 2026),Investing.com,https://news.google.com/rss/articles/CBMigAFBVV95cUxNUmFVOENfUllPdGtnRTgtYkpXMDRwWU9aRVVGQmxxdU5zSGMydDRPZ0FLYnpOWVZFUkRya1g2Q3Axcng5c0xiRm1wQWJlR3VqTjlObFM0VFFkWjI3SFBNQm45Z09tazhkdzJPZWtoSEpRYXNfcnRucUNwQ2Q4anhBaQ?oc=5
PG,2024-04-18,3 Safe Stocks to Set You Up for a Comfortable Retirement,InvestorPlace,https://news.google.com/rss/articles/CBMilgFBVV95cUxPTlFFc05oYXJwV2ZWRTc4clBkSi0xUkJWV3Vud0tpVXNEeXhkczBGUEl2SzIyUTMwQUJrRHVRdzl2YUFoVHdUbmVsYkM0QTd4c254ZkhjTFNlYklIS0ZPaTVtal9EN3hVWmhOblRxT3BDY3FTbzZoa0h1QmIxSkFPTFpWZVNLOHU2aVZ4WHBSYmpFVElUUlE?oc=5
PG,2024-04-19,"P&G’s stock falls after a sales miss, as baby and health-care volumes declined",MarketWatch,https://news.google.com/rss/articles/CBMixgFBVV95cUxQdEthZXJWMkkzVDg3YkgycG1DaGRVZW5NeTl0dFJEMlJ4Z2VGZk5CWG5TTmo5QkdCSzg4M1QzSEh1YjRhOEctemIwYy14S1dVaFlrMmo0MVgxM28yVHFNcFRNeHVwVFhkc3VXclVseWowdDBsNE83amw3N0dKU3hTX3NGcm94dnVMT2V4TWs0SGtZR1ZuMGtrVVhZWEZkb1pIX2VqaTVDVzBKeVY4UG0zMjc0c0lSM1dyeFdIM0daRzlINnJPc1E?oc=5
PG,2024-04-19,Procter & Gamble hiked prices — and then Pampers and Bounty sales dipped,qz.com,https://news.google.com/rss/articles/CBMiiAFBVV95cUxOaE5wVEl1dHBZWDBOZHRkWG43ek9ST3M4NF9mTDJPWUVxdy1XTVVBQkQwZ0NmYWY3ekZGUTVreXBHck1jMm5oNHZPODBzQVNHWGxnM2N4NkpuekJBcHJFZHBmbFpOQkppSmR6aEZHVV9SOENYWDZHYll2VkQ4LXNfemx1SkRtekRW?oc=5
PG,2024-04-20,1 Dominant Company That Just Raised Its Dividend for the 68th Straight Year: Time to Buy the Stock?,The Motley Fool,https://news.google.com/rss/articles/CBMiiwFBVV95cUxNM29pRTc0eU1MWWtlVmk3cXAwWU9Fdm5TREJpUWJKZjhlOHB2SkFSRFR2NGlDTGxoNm82cUZuX085Q0hoaUR0VFRHRy1UNWpQOXo5RU1zWmgzMEJBWUg3UFpGWk1uY2NwSWJFcXR1RlE4UGtJXzMwdHBVRjJCclpYTXZuUlJFVnYweVJN?oc=5
PG,2024-04-21,HUL to MRF and P&G: Here are top stocks in which Amit Shah has invested,Business Standard,https://news.google.com/rss/articles/CBMi0wFBVV95cUxNN2Z5UDVQenNzdjItY3hoc0pPaWhFcGpzTUVkTXRFV3R3QkxXaHJIcDRza1d1YTRRM2JGWndhdVQyQmNRRjJEMTFuV2pLSU9vRDhqcWdTeE9DUFNYc01FSU8xR0VndmphVUtBeUhWRkoxV0tPR3dUWDRNY1d6Z0ZYbGJQYzBFMEF3NHBvOU91d29fUFU2ODRTel9SbF8xbTVSRHpMYUNLNVFuck8wem9FcTNLM1ZMRGlxSEFqSDIzQWladHRZOGZCNHBwbmk0QTNOQmxV0gHYAUFVX3lxTE1JRlZJM05yVmhTel9MdXM4NF9rQUFoVTdsblZPMVl2WS1HMk10M0huOWJqVXlLTXBNeXVzbTA2Nll5TXdDVTVlV1J0UEZjbms1Z3FDcnVMSXdnRXppcXNVUnczMXFJNnl0Vkh0LWduclBBQm5oTHFNTWk0MXp4dTJVLTVYdVktMk1pbUQwalVpSkJfS3VjUktSVlRHX1pnc094REhYRGZqS1RpbERSLXlWeWtXazJocUlXVVJhRzlBdE03b09LaVFTS1cwMHhHcTlEai1CUGVmTQ?oc=5
PG,2024-04-22,Home Minister Amit Shah's Stock Portfolio Revealed- Check Full List,Times Now,https://news.google.com/rss/articles/CBMi1AFBVV95cUxNVXdkWUNNQWI4Y015MEQwV3FrcmVkdjVIcW1Bc21pVDBudzlxOGF2dHd2ZVh2a05mT051LTRONHBqTFhzSmFSTGRpMmFNN0F5ay12cDgwVDlTS0MxbjdhUGxjMTdiNkpOeXQwU25Lc1ZfOVNEOHVKUXFFSy1JOFJYTzBuci1Hc0VfRXNNTXhnTlNicGMtYmJiWjJCSm9hMTBTdk5nRWQyX25MZHRlZjJzcmxrVkwwMWMxc0tkakgxOHBSYmd1bmxEa0RBUVVBM010eUJFcNIB2gFBVV95cUxPSEdYWUNiYWttN3VjRk00RlNSSWZOMzFYOXJtZlZZYjI2eGducExrbWhRbDdsSUJYR19saGRsQWVmLU5pZFJJR1dHQXJRX2xzTk5qMm9pVlJRbHV2cVhFS2l5aFpYdnVHTFZUdl9rVWtWaVUxLWN3dUFUNGhqOUlNTGNHRXp3U21FWUJPc3hJdk1UUklBRHBocnNuSS1NbHoxX3U1cHc2dDVDRGdNaGs4M09TU2FyOEVZX3k3QkhPVEk4Tm01cXNKcXJlS0NOYUJ2S1BWZERvS0FTZw?oc=5
PG,2024-04-22,Procter & Gamble Co. stock outperforms competitors on strong trading day,MarketWatch,https://news.google.com/rss/articles/CBMiyAFBVV95cUxOZWpQeHpLUjlDbnRUa0d6QlJsUFQ3bUVvdENEVllqSVdjZ2kzRjhsc3N0TEFpT2YxRVc4QXJmamcxN21CY3h6cmF3dU9LZGN1QzdtR2wzRDlNdktGN0NLdzNJVnFQUnBQY3dqTTk2eTBzY29xZTlfdWVDdTRNOTZFS2RJWlY2RjRFQTNwVU9iY0xDQ2ZXWlNkMFlidm5Bd1lEbmJsXzVyajhQbl9CSkpyaHl3YzRFODRkdWstQUZ2SkpKclFhd0RvTQ?oc=5
PG,2024-04-22,Top 10 stocks in Amit Shah's portfolio,Fortune India,https://news.google.com/rss/articles/CBMiiwFBVV95cUxOcnNhYlVDckhWTk9HdHgtR1daMEQ5UXRnbDBYRWhyY2czUkFTOGVLSXp6MGxJaWtqY3Fmd1NROXByQ1l1Y1RuTHM5eVc3ZEJNR1hseUJUcnoxZThPbTdPaGR3b2tvMjhoQXYwZGtXZVdoeVpVUWs4eTJNRTFiMHFicFM1Y2RqMzltNDBj0gGYAUFVX3lxTE5YcEZOWU1KeHVJZnVEVnJXMERkQ213NllTSFR6eWd6V05MWFI2SlBMc2dtVUxGSGpJU0ZCNS14VjVCX29yWklVa2R4TlZMaUgzSTEzdHdkZ3FjaERfLVpQaGdCNVZNSFFBTHhYQWVnYzA1VjdKUEwyaUFFY05qeXNlbnNtQ0xqUmdOZVZkMWNNdEQzVkRJU2NQ?oc=5
PG,2024-04-22,Amit Shah declares more than Rs 1 crore worth of shares in each of these 10 stocks,The Economic Times,https://news.google.com/rss/articles/CBMi4gFBVV95cUxOTmFZUDBaUGJZRlozT3dqNFRJaGFHRHFPbVNtUHdpM1c4c093RXp2NHpnMDR4NGo2MTFLcjBUbnVCUmh0NWNHLTY2NzhCQTZ2Nnl3VG1GR0tpdzFMQklHdFk4X2ZpcUMzM0ltQVJzSy1aSkxXTUdJT2VvaHhudkpxR0RfZUZKb0I0dmJuMU1NNTNfd2EwZFIzcTFWeHBFcHRSVExKZ0dJNHVET0JwcGVMTExXcUtKQ192cGd2S3REWVFra0N6S2ZSV1VyeUtDRXYzbURRYkphbUxMNmZFeUZ0ejlR0gHnAUFVX3lxTE1RS1U2QXJsZkZsWmR0MjJlUnJGaG1oMWdaZWdldXNqYWNfakE2V3VmRTFvTnRtbWtHenZYaFhlVFVaRTlfWEtvODg5N0ZFLUEwdWdNUkwwWUNsRkNzaUZRdGJ6d25lbDNwOVBsQk5aVGF2b3JPd05mU3hKaWt6N29SSDhzOV93TGlHSTZxNTRCTUdTXzNkVGxnYlZLTUxkTDVYUjJXdks4cDBQQ0RhTUZsRll3cUhYYjVVNF9wVnRYYmI2cGlOM2NCZkFDUFQtRUU2S3JsWmpwNmhiR3pZamtNTDRyLUlYbw?oc=5
PG,2024-04-22,"HUL, Colgate-Palmolive, MRF, ABB feature among 5 prominent stock investments by Amit Shah in the listed companies",livemint.com,https://news.google.com/rss/articles/CBMijwJBVV95cUxOcFZUdDM4QW5IaTM2UWptbUpnbDZCSkJnbzFUeFBmTl9nTElyZGlXRWF4ci1qbW1JVU5YVTNKME1JT0Y1RFFuMm1TUk15ck5xTi1nWl9jejNvWklLaGRQUmhRQXMzUWxtcnBtc2p4bWdVMU9OellWR284S3BBcGsybzduTlh0MEVlNUYyNkV4cGxvelVFMVNveHF0TkJWWXpCMHJhS0xTcklTRTh1ZmJTc2VjT3RDbVV3b1k0ZDhicUNNOTh0TXZRa0NkUi1WNklGa21CRlU2UzcwMEJrYy14ZzNJdi1XdXdseTNZTHBsalhMSUtnY0RHS1BKYjE5UndtRzFmaTJBNHpWWXRWZzMw0gGUAkFVX3lxTE12RXExUThia2pqVUE5SC1iWFNKX0pXMHFWY2RVcHJEOGR5TTdtMEZXTjJGcHdtRUNpdk1tZVlRLTJqeFR5b252U3czNXFGalZ1S1JhS2FyajhUZ0pyWnlObkwyN2RvVHUzWW9iTVRrQV82a2U0b05RSEZoY215WlJBWFhXdXNsRi1Jc3hBMUNCakxQVDNrQWh6LVlWaUM0SGNmbnQtcGpuRnA2SFFKU2lmR1FudHV6cXNyUkpGbWVCZVFSaUdrbngyckJzYjlLS0hZbHlvSExoRUNyTjlKUnZCa1NlRnY1OU16X0l2U3pTaElSa0NqRXotZi0yekd1cHlOamlWQ3pjYjhDZjFPQjhubE1NRA?oc=5
PG,2024-04-22,Amit Shah Portfolio: Home Minister owns 10 stocks - FULL List,ET Now,https://news.google.com/rss/articles/CBMirwFBVV95cUxQOFR6czVqMF9FNjlQTGwxanJ3dVpBNnFWZGNmb2NJTU5pUVBKQnlXcWhBSlhYQUU5TzBZVUhkUDJqazNMaVh5OVhlVjF4bncyR1JOM2JnNm9UanQ4c3VVMmhLRHVFanRpTGNnbWxBUXJ4ZU5nd3lHaVFEUVhhR0VLUVkyU3JkOUY2T3JvSk1kM3VsZDZaR180alQwUmNjS1pvZGh6blhhZzY2VHZ1WGpF0gG0AUFVX3lxTE1NM3d5N21pRW00dm40MDBMM3I4MTF6SEVVeWxPZ0k4QTc1dHB6VkRwSDZFOTUwVzlXb3ZOVmFEX2pzTDU4NS1GRFVpS2d5d1VHRXhucU9pTDV0Q09zYmFuVXRQQVNjbjZDNlRnc1BZWFYyZ1BIZDkxZmk2RDU5WHdxT0VnNFhZYkptdExhbjRVTXhtdF9tZXRmeXZ1dEtWZmxlTEdsQ3FQV20zY0FER0FvN0FsYg?oc=5
PG,2024-04-24,Stocks held by Amit Shah to look out for; Do you own it?,tradebrains.in,https://news.google.com/rss/articles/CBMikAFBVV95cUxPYUFyMjNMWGJNejd5eUNBcEpQU1ZWVlI5Q2FYcXVBNktqMDliaC11aXc2Z253NVZUMXhqeEdZSWRPRDJyazdGcXBCbU1CNlhMY1dFYUNCVndPdTdxLXcxdl83MnZka2JqdmJES1Y2Tm1qSVUyWjRvdlVQdm9PQVpzTVZja0JESGRIYTRCYWpOWk8?oc=5
PG,2024-04-25,Protect Your Portfolio: 3 Dividend Stocks to Buy Before the Coming Market Crash,InvestorPlace,https://news.google.com/rss/articles/CBMiswFBVV95cUxOUXJmeERpZ2pmZi1Na2xmaHRZbWZNdk1TYzMyYjRkY0hPZHBoNC1XNzE5TmFnbzJXdDJaaGhVOVFGTDVEd2Rvd3FqWmpGM0x3Mm5IdmtCVW1mZVRxOFF2dDltUzEzN1IxX0RZc0Q2OEN3UFF6RkNUa2I4ZF9KVmxaa291ZUdsRHZwenZjR0FRWW96QThTNnhBaUp0N0FjcU0tMUdUZXRNVzFvSWVYVHVLU0pCTQ?oc=5
PG,2024-04-28,Most Investments are Actually Bad. Here’s Why.,Lyn Alden - Investment Strategy,https://news.google.com/rss/articles/CBMiX0FVX3lxTE91LUkwQnF6ZDNxaFZESTJUVGRZa0NZOE9IM0F1UjBCSDdDMEZCRmpZYnpQWEozZm5KVzN6a0lmR0p4UVVVMTdaNDRXd1paVl84M1Eta3lhc0VpcldoQzlr?oc=5
PG,2024-04-29,REITs vs. Dividend Stocks: What's a Better Investment?,The Motley Fool,https://news.google.com/rss/articles/CBMimAFBVV95cUxNcy1McWFVTkJyU3owenJGVHI5X0JjLVEtTkhtZFp2ZjlNZ2tnbldQUzBWWVgwUnhsd1lHcWlfT2hTSFlwWFVRazc1RHVLQm5hRTV1RlFkV09TaUNuY2dzWC1oOEZaYVZGMDlkTi1abU1zQzM4VV8wZGtUTE5oMEI0V0w0cmNyU2xpbkdObEJ6dWdVSElvX0xFOQ?oc=5
PG,2024-04-30,"PG (Procter & Gamble Co) Forward PE Ratio : 20.70 (As of Oct. 01, 2026)",GuruFocus,https://news.google.com/rss/articles/CBMiX0FVX3lxTFAtZWZyY0NWakUxMElSNVQ1c2NoaS1DWHRXbGotbk9WNk9YMkMtYzQ4c3VXUlE1cHRDSlJiNVRHWDVxWWN6NFpWazVuX0lXbnlIbVJYYlVtX25yc2N0ZW5z?oc=5
PG,2024-05-05,4 Invesco ETFs That Could Help You Retire a Millionaire,The Motley Fool,https://news.google.com/rss/articles/CBMimAFBVV95cUxQUl80VW9yNVhCRVBhSmEwaV9tMjkyQ2NXN1p4ZGE1Si1ZME00SUJzR2ZpWWpTU2dOVk5oSGp2NzhrS2wzWElQZ1RHa08tTmVNdDJWbFlGa3o5RUE4UFlCUWg1UlU1dUhkYzdNbVB1bHZsa1NCOG1udGJwMmk1aGpwOE5oVG9sLXNmb0s2MUxOZDBrSXRxSm9SVA?oc=5
PG,2024-05-07,15 Best S&P 500 Dividend Stocks To Buy Now,Yahoo Finance,https://news.google.com/rss/articles/CBMid0FVX3lxTE5jTDdUcHgyNzluaEU0TGhIVEtyVmZyQWJsYk9KZE1MNFc0UzM0eHhsRk9zSzhqS2NRbEpYeHEtWlNrNWVycHM3V1BiS0dLcG1hcWFIcTRnRmdpdnlLZlVUOGFXZGY5TTVpQkl1QTB4S2tQUGlvMmZZ?oc=5
PG,2024-05-08,"BBB National Programs’ National Advertising Division, Prompted by P&G, Calls Out Unilever's Degree Advanced Deodorant Claims",Cosmetics & Toiletries,https://news.google.com/rss/articles/CBMipwJBVV95cUxOcElnOWdmVWg0QnVFdGM1Q2NXT1FubmpieFlOYVdPLXNwR3kwWWQ5RVM4X0YxQ2NCQkVHeDVPRERELVExN2pIazU4ekg1QTROYkZpdW5WNmZxcUNfQTd5QXkwMVZTUzMySTZocjBUWnZVZ0dqOGxaSUtBSkVZcVgzeGRHY1VjUE04c2tSVlBMR0NrcGlOSzJXYi1WSjQ4TTRIazc3TDBMY20zVVBndW1uQlQtdFh1RF9XcXF1dE1UakZSbHJweXhtaUlRVmxHSU9UUXFteTExQXk1QWNsSVNVcDV6ZEVrdnd1SVlkbDhCbkRQUi1XbnM2U0dVQjAzeU5yX0UzY0hVT3NzN2lMd21XQk1pSGxBUHlwOWpVeFp2OUZvNXBhaHdz?oc=5
PG,2024-05-09,Judge Hearing Noncompete Cases Holds Stock in Companies That Use Noncompetes,The American Prospect,https://news.google.com/rss/articles/CBMikwFBVV95cUxOTnkwMkx4anM2ckhCeExiWEE3c09aQjlueFFzeEdqSEl6azFTZ3R5NFRPOUdOXzBlbF96aWdGdzdJQ1oycVROR3hhdHJoNlNTODlIOGx5OU5UazNaZEtMRG4xRHZ4ZndJdzFHczNtS0g4M3lJdnlYckNOQVdUMlZwcVJYcFQteWZjUGlKNDZEazluV3c?oc=5
PG,2024-05-10,Why Are Defensive Sectors Outperforming SPY?,ETF.com,https://news.google.com/rss/articles/CBMiiwFBVV95cUxPRkJ0aWdld0puWDJIZDYtZVRmdDRwVlBhNHQ1bUhxNHhodElVTFdoWXJfa2RxcWlfeERLbENaajE4ZzlkVjU1clVQS180aGZoOEZMRmpuekNoUTZROXpnY2pCeWlVODVJTXZieHpqOXU5NWlpUWNTdktaejA1dkxTTDdCNlFicVEzdUlV?oc=5
PG,2024-05-11,Procter & Gamble Sells Off Duracell To Warren Buffett (VIDEO),Scripps News,https://news.google.com/rss/articles/CBMikgFBVV95cUxOWDA2QmlINjFHUWpkX2JFQVlFTnZyVFhZWU15YmJMWXJJaF9RR195WGljRV8ycWlMWUh2N09HOFlMOHVCWmUyR0RGdlJkeEEyUmVST1hHUDdUZkUtTmFCWHVlTTlaVHJqNHE1ekVjRm1oNEsxNHlSWHYtdlozR1dDa1NQMnlHajN5NVl6RVNpTTFUZw?oc=5
PG,2024-05-11,"1 Magnificent Stock That Turned $10,000 Into $1.5 Million",The Motley Fool,https://news.google.com/rss/articles/CBMiiwFBVV95cUxNOVhEVmdHU3lCWHlfSWhDSTYyNkZ2WlVPbmVBeU9lb2tiYnlBcVZSWlBfYWl5OWRRZ1BjZ2VLaER1c0gwdjVPVFV3R0R5NW8wYWJ6OWp1S0xGamcyckV6OU14LWZja0dNVmctN2xEYlJ5TXVQQVRfaWpKSGZRUC1FRTFlQjJPaXV2S1Mw?oc=5
PG,2024-05-13,‘Buy before June 4’: Amit Shah says stock market set to ‘shoot up’ after election results,Fortune India,https://news.google.com/rss/articles/CBMiygFBVV95cUxPODZNVUlhSnNIcVhmS1RHNGdqT3lPSXhTT1JOTWgtWFUxV3drX1ljY3d5b1hudjVqUXUxSXRZYUJyMTRQWUhXV1dyQzNLT2Qtc3JKaEhzNUZnWTFGcDJBLWlVbGhVTVNQWEF5SEl2QzFoTUkwVnhnbXgwbDhLREFnWTZTUnhzdVF2SU1JYk8wM3dIM0o3MHA1RFE3emJVSW5pbWdVbHBSQzVJVmlzVGgxcDlnTjZrR3hEdHBpUXJyYWx6WnpGWVVNYmRn0gHXAUFVX3lxTE1BVVRVUlBOWmpZYnJwY1VqTHNKRDJxd2ZkVWtHVE14RGdwSHJtT1d3TDNqS2RtYklwNjEyTGRQa0ZyTkF5QTNkWnhUVE5aV0MxRWthU0lNN2ZyLTRhYXhiNFdINGZsZFh6X0FibHhaLVdXbktkaklwTWN3aUNWeHRZUFVUMTFyeWtoUmZmNkZ3VkVWYmxWVlBlUVl1Q1hCa1ZjejdYZmxvLVVvb3JzTXFEajBuUmkteXhpb1IwcDk2Y0dyVE9zRGExQlY1RUh1QVNCc0p6MThJ?oc=5
PG,2024-05-15,Meet the Two Super Safe Stock Market Sectors That Just Hit 52-Week Highs,The Motley Fool,https://news.google.com/rss/articles/CBMilgFBVV95cUxQQnhzb1BuR19odUk4ajFEeWJXSlk0XzVfc0tvRVRVYTRmbjZVeTBXUUNLZHQxaFBVODU4WS00SDMzZnA3ckhEMEJBczFOeTFDOVVlNVJMZkNxOEc1Y1dFUFNuR2xhVW1uYmw1cGVfUFp3YzFSWnkzOEtDcDIxZEltSTN1cUh3V2xCSEdfeWN5RldPeGZocUE?oc=5
PG,2024-05-15,Should You Pick Home Depot Stock Over Procter & Gamble?,Trefis,https://news.google.com/rss/articles/CBMisAFBVV95cUxQcERsZ0JkRUtLaUJnX0l1R2xpZk1TN2ttZlJVNHRQLXc1SHgteldsWHVTbWtsQmJYa091T2VLRWl4ME1iZHpDcjVXVDNwT0FkTmFZUWZZY0RycFV3ejJFQWZieVlVaG9yWDlMZ0tkQXlzbm55SWdUUExRS3o3ZjdkdmM1Q1owSXZNYlRsZGh5VUxHenlTVTh5cVBYSUM3NmhqMmUxMEdSUHQ1bXZSQkI3ZQ?oc=5
PG,2024-05-16,"The changing face of the Dow: See the names that have come and gone on the path to 40,000",NBC10 Philadelphia,https://news.google.com/rss/articles/CBMi6wFBVV95cUxNVnZMWXBzTlh2bHN0QWgxOFc4OGduWmM3NEtIYnJVTXFWUWFlZkR5NkdWRGozalJfUjh0dEhaYWRIR1hqdWd0SlRlVHp6RTY5VXZYQ09XbUYwajYzUUpoNEZNb1dTLW9EYldDTW5zUjJKUmpNV1NxMTlqY2J4VDd4WlJpbXA4eWFQbEZyWW5XbHJuN2hfcm82RU1jMkFGZ3ZpT0doNnZkOFdJaXZGamo1dWhIS1o3dmpveXRZd3NCY0lxNnV1MGRWTEJPYTFQSjA4TTdIWDRTTXlidU9nNFF1ZldtVjVfVmpYdklV0gHzAUFVX3lxTFBfTXU1T3gzYU93OEFFTHBIVE9mLTE0OEttM09VMHZtbUZPbDFKNVdkWDVEbGlHU3llZ1MzaVBLWDVWX09HeHRXdXc4VEdoaTFJMEFHYmEyano0cmVWS05MRThqaXJKTmVseGJ1THROTERJcEktUEhITXI4N0xHOXV6al93TnM2Z0RJTWtiMkxQTjN5OHlGaHZKdEhCUE15Y3RoYWdjM05VTmhEZS1YSldtblJxS0VwdHQ1MmgtcmR4eE9QTUVTaGRiVWJLelBWb1ZtRnd4R2RuX081UXBYRngycVIwTjVybkdyQWRXejlTODNFdw?oc=5
PG,2024-05-16,Top Ray Dalio Stocks for 2024,U.S. News Money,https://news.google.com/rss/articles/CBMilAFBVV95cUxNS3ZMSzN3aW5BUGRyR3RtNG1KTHh3QlJVQjR1VkZ2SEZQSGlSaTZLZ0tGb0d1TDJTaHc5TThIbUhQZXVZbG1rcG02ZzA4SHVUOElGQUJkak5Ibmd6UmtnSUZITmFQQWY3VXBydm9JUHktUVNtYllGMlBlVURwMnZsRU11bnJFN3pJRDlnSzBPSXNjalo1?oc=5
PG,2024-05-17,Yogi Immune Support tea voluntarily recalled for pesticide residue,Good Morning America,https://news.google.com/rss/articles/CBMisAFBVV95cUxQWXZEUWZrbnZ4R283OGtmU2RlODdydGNxUk8xZVRmckhMcFBpX1d1ZGdZemhvLXBfcEtzd1FmUlcwSk0weGFjcHVaZlpXS1d6MGMxV0MwVFp1M2pWc0NBYUppZUtuckpsUHJCVWkybDltQ3RzTWNmSklhYUVvNXhBWlpsNFNsMDZCSmZHZmZxRDhLa2tvYTJ1Qi1tNzgxUHhlU2plQzdKQ1NsZGc0eHBtSdIBtgFBVV95cUxPblduN1NLZE4xX0NFRnVtb2sxcG9XRFRxcEM2R2tqd1puRFpjUFZQVTh5M3lFRXlWRVJEb3BMblRUWkZiZlg4dnRaT3hHbVA2Y0RWaWZvNHVWTWVmWlp3Vi1BblpFWFdFd1gycW5TUGszd2xERVBrNTk1NTdqcGt6RFlTZTJsWVo0SHJ3X1Q1bG1ZOGpWZmlrYXZ2eVZaRTNmN2RPMGJsVzVldERwZnhDaVk4Z2xuZw?oc=5
PG,2024-05-19,Top 10 Consumer Staples Stocks to Watch after Fed Rate Cuts in 2024,Moomoo,https://news.google.com/rss/articles/CBMiZkFVX3lxTFBHNUVxLWxWNkZsZWNtM2FvaGQzQU1qcGhGUC1HX2dLRm1OdDVKb3FIU21EOU1PMlp3M2NiWDRFeVlDMS1XOHdleUFIbFY0RHM1ZUtlLXBNQ0pRRFZXSjRtRUtyUW9Wdw?oc=5
PG,2024-05-29,"Mission Accomplished? Despite Losing Proxy Fight, Billionaire Nelson Peltz Reportedly Sells Entire Disney Stake For $1B In Profit",Deadline,https://news.google.com/rss/articles/CBMiogFBVV95cUxQZDVHNnhfX29SZUdPbjBFaUEtSkNQeWhfM083czdyS1FjYkV0SkxLWkx2QXJiT0haM2o0a0VyVGFjU2laVEh0NHhWUXBlMGJrSU91Ylk3SlgyN3lpTU43cEl4UlJwWTlQb3lna21XWHhiaDZqTU5OeEJYTkhPU3FKcEExMTdTNDB3RXV0LUJydmM1dWJ3RVFaVWxVbXNzYkVia0E?oc=5
PG,2024-05-30,"Huggies maker, Kimberly-Clark, to stop production three years after investing $100m in Nigeria",Nairametrics,https://news.google.com/rss/articles/CBMixwFBVV95cUxPbEZYWVpYdjY3RllaZThXcjZvOUhuTXZjMHFRVnJick4tVGM3ZzQxNUtTRVRJOGJxNWI0dTJrWVJjMFRYbEpTMEN4QXRjRlJlZkt3RnpPSTlnaUs4RU1LenRpVUpNeDhybDA0VGVQeTJnb3BZdnN6RWx4cXZ5Q2x6aW9GZ0lWVEhxSGJ6enk2Y0Y4T254LWN4Z2t2bmZhZ3otNEkyTXlrZnNIUGdMLVZiQ0JRb3llcExBVG9ReHZ4MXZWZG9vZUtF?oc=5
PG,2024-05-30,WD-40 Is Ready to Put a Bad Quarter Behind It. Why Its Stock Is a Buy.,Barron's,https://news.google.com/rss/articles/CBMid0FVX3lxTFBtX2k4azgwemhBZHhjdWtTTXI2NkNEbzdaU2o2UUI5UEg4UFlWb0FDSWs5dl9wQTg4Y2FKRWlVcGw0cTVqZmFsOHR5QkdEdGJydnMxeERDdzZzYlhLNE9Ib0xiaktMaEZ2M1hOT3hROFVLQ1hEYWdv?oc=5
PG,2024-05-31,"Kimberley-Clark, five others dump Nigeria under Tinubu",Business News Nigeria,https://news.google.com/rss/articles/CBMilAFBVV95cUxPNDJMd1loamY5VlF1amdjVlVYeWY2RTJWLVlnNmNBTzFLMEljS1Q4aHFoazJCNEstcUtwNEktVl9lQVhRc19PREdYQmdjZmloSjkwdWdDSGJzN1JWNXV5M0ZLWE43TV85a0h1U0NUd3ZkdHN4Z1VXQW14ekFwbUNKYktDOWlrZ21nWHc2UlhxWFFEWlFQ?oc=5
PG,2024-05-31,Kinaxis: The AI Stock Investors Are Missing Out On,The Motley Fool Canada,https://news.google.com/rss/articles/CBMiiAFBVV95cUxOelFsdWpiNXpEUXM5TGtJY0RBNkd1UE5XVFVGN0s1WG5kZld6VU0xOENVcHBaa1JZcHBpV2Q1amp0elNCYzQ2Y3BTMzlLQmthcnNPR3hiOGZ6dzM2SGJ2TDJzS0N1bUdlbDFSdUR1Mkl5eWtHWEVZdXJxZ3Vjankwcjg4YWx6Zmhw?oc=5
PG,2024-06-03,Retire Rich- 7 Dependable Dividend Stocks for a Worry-Free Future,InvestorPlace,https://news.google.com/rss/articles/CBMioAFBVV95cUxQRVdzejVmSC13QlhhN0MwRFJBUG9CZzVLRTBSR1ZDNjQ1RzQ4SFBnZ2N6T2pja0VEcWVWUl9jRVpZZUx2ZkJNMWtzYzhOeDJEc2xySGFQVnFuQ1pTeVlfb2RSc1lGZnYxbk13VXBfR29jR2ZQcUZqS3gwbEJBWXYwME02UWlsY0hTeTdKSzc5T0RuY2lHQjdHQl9oVEt3UzNu?oc=5
PG,2024-06-04,"Share market today: 21 of Nifty 500 stocks rally upto 7% despite market crash; Marico, Hero MotoCorp hit record highs",livemint.com,https://news.google.com/rss/articles/CBMikAJBVV95cUxQRVplNWRHZFRoRFZPeTl0Vlo1R2FhUmNKZGduTjJkTkt2TTdXOGxnaVVNTV95SlVlODlyS281SzhNNTlMaFBnNERWbTdXZDRhdWlRWEFMd0F3SWhSeGR6WGh3c2RCZlhaMmwzV0ZrakFMbm5BclZSVkx2Q1NLRXVwMzJhLVZrdF9JOXNpZkJMT3Axc2xjMEdjY0tSNHFTeXRyU1lMTEJXeG5QRVpVTTc1VWpaQ1FJVVJaMGRPVU9xbElOWEtIOG5BbndYaUZjc1UxZHhDdEQtRWhRN3k5SDVzWDFzU1N3XzF5bXN3RW1YY2l1VkNhUTljZWZyU3N0WFRkYXhSMWczZTNLVlExRy1jYtIBlgJBVV95cUxPdXFjdW0yZmdYa2FqOFVXMzhBajVqelJsWHZaM3M4MXhRV2w4cGZhSUVFMzl2cTZCS1Z1Q09VRjRaYjVvMlFrbllPUkhsUmVsT1J0X25GRXFTQ2RJYUM0WkZKLXQzWHNfT01VNWI2MHhvVXEwTHRkRjc1QlUwRG1aM1VrWEtONU5zNkJEN25ub1IzN2hjR2JGZ25uVjBKY3JQZU00X0ZUQUgzdXpmVUk4aDBPb1hERW5QWUwwckY1RThFOXVfRmpQWjhOaFRXNHoyRm9EdTJCZlZtdUZ6YUtBN0pXVVczaVVlMXh1aHIxQWpER1J2a0JocS10ZFk5Z25QTURiX3RFbjU0eTFTQUJrQ2RyVXZLQQ?oc=5
PG,2024-06-04,How is Amit Shah's portfolio performing as BJP limps in Lok Sabha polls?,Business Standard,https://news.google.com/rss/articles/CBMi1AFBVV95cUxQUDlZaDVUdTNpSHl3dXlmSU1BVmNKMC03cmNCWEZoaXB4VmZwLXZncnhoNnJDOEZDNVNGRkJGdldyTl9GNHBIekVOXzZkelRNYVJ6YjladDJ1N2FIeEY3MW9leFZCeWlkLWJyS253SWhCZnJ3Qnd3aGVCM084SnRteXhHODN0Nl9faFZyY2VzdE16cjAyblZYNHhfcDUtb3pvZHRQLXZtVG81SGMySENTRGtIZGs4dG54TW9jZmItTVQxcndzdEx1M3pTNVNsZTM4Z3NwaNIB2gFBVV95cUxQcTlpTGhPdlhRMy1hOU8wbEt5VW4ybXVJQzR1aC11emNOUEk1UHdWM1ROU29xelJ6RXpfZnZETENvWU1OejJkQ3V6Y3N1eU83X0hHdnFURVhCLXpiY2x6U2tTc1ZvZmI0aHNMc0tRV0Y2TklGcEJSMzZxRV8tdEFuSHduVnRRQWVUX3FQdkQtT0R5ak15c19zRGsxM1FWUmppa3N3ZE5iTmJNa2hXcWZlcHdWQ3NncmdrWUl4TktxWDJuZklPVy1zX09mLWtGdkRCdzZFQVJTUWVEUQ?oc=5
PG,2024-06-05,Stocks with the largest market cap in the U.S. from the 1950s to today - MSIM,Seeking Alpha,https://news.google.com/rss/articles/CBMisAFBVV95cUxQVzU1dFJJVV85Rm9iWC1aTXRJMkIwVnJSR3MzbWFDbzIzWG1ZNFFqa3VwZkpkM2d1S08wR1BBczR0N2pPY1FHR3dINEtBX3Mxc0dRZWdyR1pvYWhNYlNvaHhyTzZaeDRpbE8wemNvWXFqSVJMeFpnRVE4RHNxTDk2MFUxZHBLVkhlcHM3djlMcU9GU0wyZGt5N0dfQ2FWcHl4QXczTThKb3ZuYTF4RHcwRg?oc=5
PG,2024-06-06,"America’s Top 10 Most Valuable Companies, 1990 to 2024",CEOWORLD magazine,https://news.google.com/rss/articles/CBMijgFBVV95cUxQQkU5LUFaTnhEQkRfQlRxYmtRb3ZzbVN0Q0NQVktFZlJ4bnp3dGdzWjlTdTNVSGc3VzQ3cTZHUk1tdUVSOEFjLXJQdGUyM2QtT2o5R3QycHFNWW5pNnNGb0hTVEkzVnEwOWdKMEFqcU1oTEtYMHZWVUhxYndhVklyMHptUENDR0Y0WXpDQm13?oc=5
PG,2024-06-06,NSE sets world record for single-day trading activity,Business Standard,https://news.google.com/rss/articles/CBMi0AFBVV95cUxNNDBGcGE4amZIVGFOd3NNVHRuZUIydzdiR0YyVkV5UGwxclRabzFrczVRQ250b1UyS3ZGSmlScERRdWlGMFJ1ODBUM3lFcFlpLW9YaFFSaTdLTmo3WlZYVFl5X3Z5TUQ3NjA2N0lIOWVNVU55Z3BuS0dRNjRLQklXbEZNVUZOdE16anI1MGFxenh1QUVaeExMV2FMOWZrcjM5SEFwY2E1V2hmQlJzd2p1cU1XaUp2MFNzczlNWkRlTGdacEF2T3BBVnZuRTM2TjJs0gHWAUFVX3lxTFA2OXJOa3pQRC1CT1ZHYzEtdi1IX056Tk1OQkUxQ1YySzI4VUNVRVRwckJCY25mQVZjNVFhUEpTeWl3NUVjdVpEYUxKTy1sbGNZaEFiaGhiVmJlUE9wY2hYaWRReDBiZURCN1hBREU3N3ZIOUdnRUYzeUtSb0pCeGxOVmt2d0c2Z2FkRzhUdVdYZG9kWVhZNmtzM2ljMEtHYXJ1RFFCRjZ0bkIweGtGRDN4eFJsUk1nVTBpMW0tdDFzXzdfNWpoTVdwczNIVnhiUnlTM3ZobGc?oc=5
PG,2024-06-07,Walmart and Costco Soar Even as Consumer-Staples Stocks Lag,Barron's,https://news.google.com/rss/articles/CBMifkFVX3lxTE42c0xBVmsxOGdQWUgxZnNoSFF0UlVCU0IzMWhlc0pZSTgyR19UX1o5Z1VtTnNsMHRhUXltZVozNnZrSWZMMUY1LU1QYl93MXNYMTZXQ3RzME0wajhSbFlleklMV3JDaU1ZNEFjZWt3ZDlQQzVleEoxZF9pREdWdw?oc=5
PG,2024-06-08,3 Best Hedge Stocks to Buy in the Event of a Market Correction,Yahoo Finance,https://news.google.com/rss/articles/CBMieEFVX3lxTE5GSmFrX0hJc2pPd003Z0lhNWpvRC1kS1VTeTBjMjBVQXdVcmNUSlJCc2gzeE9PWE9zM1FXOWJNTDdWQ3VMX09RYlpWRjgwWDZxcW5ZXzZLbVVFblN0dzdNX2k5VWpYc3BWNEp2dHd6UXpVaFZ2LTFXeA?oc=5
PG,2024-06-11,7 Recession-Proof Stocks to Buy Now for Peace of Mind,Yahoo Finance,https://news.google.com/rss/articles/CBMif0FVX3lxTE1rLXlkYnEzR0FkV3BSVTlLSjlYR1A2dGtYYUtjSVJNdGtRbUhOZmVPXzd4MVRUc29PbWcxV3U5QVBUSVN1Q3lIOEgxdDg1ZjMxMmVKQjRWSGI1TVZTc09tY3pGUlk5S0dVLTI0aHVmVlhURGRUYnNtc1EyMTBXMm8?oc=5
PG,2024-06-14,Estee Lauder Cos. Cl A stock underperforms Friday when compared to competitors,MarketWatch,https://news.google.com/rss/articles/CBMi0wFBVV95cUxNSUtidERfSzNiUFhxdUxjeGhPY2V0cmpiR21WT1FjWXJyY1hIV3BfSDRhYzVZQXZmenZoODNfaU9nS2ViSGFXMTctWTVmMXBxZHJsd0ItR1dGelZTNHdpN0toUTN2ejVtdVZIZjJGcEhGVllQRlhxZVhib1F0YnNOZlMwT2l5bG14Q2FtaEplWHJkY3MyZW9qOEk0TWEzZ3RMTy1iZVI2VGxmZk5zLWJfZVNSbml3WGVHM0NUVmpzV2FZUXNfbzVuVGZGc0l2RjJwaC1n?oc=5
PG,2024-06-18,"$20,000 in This Vanguard ETF Incurs a Mere $8 Annual Fee, and It Has Beaten the S&P 500 and Nasdaq Composite in 2024",The Motley Fool,https://news.google.com/rss/articles/CBMimAFBVV95cUxNbnFOYi1xSERaZkMtcUs5VnVXUTVZcHBSOGhiZFRiSTJmNElLTHZ6RHJRT1B5TFpkZElKWHBhQndPdUJ2RnFlMHJ3dkM4QzN4TkprSnVydTJjN3dpRUhiN2JneEVzdWlZN1g1YWJSajJVWmp0SnVyMllWRFJ3ZjlKTUU3SWlsNkc4bDM5c1dCSWJ3bHNiVmlqWA?oc=5
PG,2024-06-21,Tarang Amin Built a Beauty-Products Empire at e.l.f.,Barron's,https://news.google.com/rss/articles/CBMijAFBVV95cUxNMDhwMWQ1YmF4V3VXWHB6MFl6RTBucHNwNkJ4R0pWbF9XTi1kYmNoZkRTMGVodXc3XzNZZDZ3ZDRQUmlMdFNEMHpYZ29lRGwzRHpneHBqejl1U05YOVcySlhrT2dmQWxLR0tyTmVLTnA0NVg2V1RncDVYbkRad3IxNXJwNmN3X2Y0OGNtbQ?oc=5
PG,2024-06-26,3 Blue Chip Dividend Stocks to Buy and Hold Forever,The Motley Fool,https://news.google.com/rss/articles/CBMilgFBVV95cUxOZVJKWDZUNUdZbFNJMHF6cXd2bEoxNG9uM3RtMUg4bk14VmFMVkJfT3JNellJaGdSVWtIZnQxQVZDdWFxdnJURThCSUFxRzNnUzVLLUd5OUduc2YzSHJ6R1N5c01KSjNEY0VWbGVkejZOdUlJWjRhOEFfQTJneVVCekhKOFJ5bEozT01Kd0Q2d3dOcE5ZSUE?oc=5
PG,2024-06-26,Valuation Premium: India-listed Subsidiaries of Pharma and Healthcare MNCs Outshine Parent firms,The Financial World,https://news.google.com/rss/articles/CBMiygFBVV95cUxPMUpVTGpIMkZIR00xbFZUbnQ5eEJjT1ZUM1JQMzBjTWJMaTVOak14ZkdoS0Y3UWxWTXptUV9DSVN4NUl5eXhsLTdLTTR6ZjVfQVVITlAwT0g0aW1CM2p1dTA0bnc2N0pxR28xZ3NGckE1SXpFYlp6NHB0bXN5cG5pYzBKbzdQXzdUMWphNzNacnFnR1FueVBUdmhSdkpuT25HV0VEZk5nSGlkOVZlS0NIOVZDbXNCLTBMckdnd2JFeU83MmxpTVRNcjJR?oc=5
PG,2024-06-28,5 Investments That Are Better Than Property in the UK,MoneyMagpie,https://news.google.com/rss/articles/CBMijgFBVV95cUxNX1MyOEJLcWFSa01MUW5iSEVNRm85X3JfMHBNZ3hSdVBmZlFRQ19PU2RORDJka0VVZGRYeTVDTjdpczJKR2w0UkhiTU9BT3VzNHBNd005WkhEalFSWm5TVVBqVDRsX2RESWh5czFJZHVvS052cHZOM3NIVUhKYk5RSnVOYjNmTXdYQk5rNE53?oc=5
PG,2024-06-28,Consumer Staples ETFs: A Supermarket For Investors,ETF.com,https://news.google.com/rss/articles/CBMikAFBVV95cUxOd3NjWWRQN0IyWWwtOW1VNV9URnFSWDd3cXBqYWdHcXVRa1NEclpkNWtGd041aWUtU3dhTDhCd1NXX0FENE4xemt3R3BGS0duUDA0NUFKVkpBRUVWQUhuVTRWdFhxTUhlZmpWR0F1Z1g2WDRJNmxZamRsZHR3bUVDR1Q1OFhBc0VZWDFrNzU1eVg?oc=5
PG,2024-06-28,Q3 2024 Stock Market Outlook: Is the AI Stock Trade Over?,Morningstar,https://news.google.com/rss/articles/CBMikAFBVV95cUxQUUZiSzJYY0RhT1FiQ3F5cmtfYjN6UFh0YXZORVVyZkd6NmpBTk5ETHY2Ykdic1hUNFgzdDBxSWZ2SXNqQ3FqN0RjV1pxOHNEVUd1ZHp6bDAwa1dfVjZvenBZVkNTc09BeUNnRkZhZklNLTdTUnYwTXdFTGFxSzJ2dW4tWFFjZWZ3VEdlTFU0REQ?oc=5
PG,2024-07-02,GE Aerospace signs Larry Culp to stay as CEO through 2027,Cincinnati Enquirer,https://news.google.com/rss/articles/CBMiwwFBVV95cUxNTGZaa0pUYWJjWFhXV0NZWnV1XzZwS0tCSERHWlNkeHA2eUFkZ29pQjZrNmVMUEhITkZORmZVRmZEeFVaX2gtdXl1eUNfTi11UVBkV1h4dUN5M3NYaGJWbnNQcEZlVGdvVWxoYUpuenRCR0xWTWtCVXRLMU84M2hzUnIyam0ySDVYS3FqU2k4WFNQc1pFR2ZNeHNYTnBWNE1JSm9HaXR6MGt2c2R0Qlg5X2F6RjhDNFgwalNXV2JBV2ZTREk?oc=5
PG,2024-07-03,Procter & Gamble Exits Argentina,Nonwovens Industry,https://news.google.com/rss/articles/CBMihwFBVV95cUxQWktIamRUa1JMeGR6dzEtcURFUklKOFh2UDAwVmFNUG5vYVdCOTdhUDhlak5yb0lnTmEzR2d6dUQ3TDJOcnRYZ2c3YjZ2dHo2d2ZWQ1ZxZ09zWGx2WEZkekU0OWFDYTE5OU1SSzFYN0RoSEhKa1ZjLXQwNGx4V3pKUUYzM21SNmM?oc=5
PG,2024-07-08,Pictet Atlas UCITS Global Equity Long Short,thehedgefundjournal.com,https://news.google.com/rss/articles/CBMiggFBVV95cUxNMTNMaTk1NE84MzNNTzVYTGdiT0kzRVc3Y00xS3N6ZTFsUjhGRDFmdGlQd3VNdEllNE9MQldvT2tjbzM1YzBrOGZJcExEWGJONkNYMkJzUEJjR1NpUDJjaW5zUjlJd0J0dEZSbXQ1cWY2X0hxQ2VTSEtodWZqcFgwZjRn?oc=5
PG,2024-07-09,10 major Ohio companies saw stock growth last week,Cleveland.com,https://news.google.com/rss/articles/CBMimgFBVV95cUxQemVwa0JsaEpLbHBDUXJZRlhFZHJTWDBqS3ZFSkRMQURsampId1ZkdVE4eUV5NzFuMVZzSkRiUnZQcl8weERIUUhZdXFwVEk5RGxQZEJvX25VQnBGbW5la0ZLeWxVckVFMU12T3BjeVN5LWJhVThRYVU5T0NqdUxTcUxIbHZtcEhHcGF4UWFQcTFKZ0hIbzdrU0Rn0gGuAUFVX3lxTE1vS2YzaEt6ZmNETlZkTnRYQkhST3FTaS1xMk9jcnZuMV8yN0c0djdsRG9ZMm1GZkZneWlFREJmb0ZiUnZYQ0VvUEdIRUU5MlZkYVQwVklRMnJWX1g1VV9EMEl3eGNibTRJU0hyQmxRU2dsQmNabGxXVk4xLXFEM29Dal9wSW8xNmstT1ZfdldrNG8yMi16dEF3RUx5bFNRU3VFTDRqVUZlZnc4QVdtQQ?oc=5
PG,2024-07-10,5 Well-Placed Stocks in a Prospering Soap & Cleaning Materials Industry,Yahoo Finance,https://news.google.com/rss/articles/CBMigwFBVV95cUxPSGtWSm1EOXhUUGE5dGVvTDFBeWFyWXlER1NYVldpNDlLRTFVNXVwX0llakpXUzVkZUJWRkpLVXZqYmNFbi02NTdHVDR0WUxqa0ZOdThFckg3WkpuWDl5RTVpbERZemtoTnFLVFBzZUUyVndPaE9Nc2RVQWU2NWYzdVpQcw?oc=5
PG,2024-07-11,Jim Cramer Feels These 4 Consumer Packaged Goods Stocks Are 'Undervalued' And Offer 'Too Much Opportunity To Pass Up',Stocktwits,https://news.google.com/rss/articles/CBMiiAJBVV95cUxNRk1RbjhUYjlLV0lNQ1AycnlHM28xaFl0UncyQ0oxcEhGaEp2UGdBRzFlYm13MHBDWno4dV8tMkpkbm9pcXgtOGFCUlZlb0lFUTlxdDEtSWhoZWp3VHpVZDlETUxnNFE1c0J3TzdlNzVjX2JRRkEwUDIyTGU3aXg3WnFHa1JKaVpyeExjWWpaSGFFUGNPN21sV2E2Y3I3VzhrNXhPZXlPUnFZdjBzWmNYODJFc2JObzNvQUY0d2FNTjM4QkVVQ3RqMVNKNklrUnRrclhES0RCZ09yRWRXQmNJUlpyeGNOTHZTWXRuTm5DdVU3VzkyeTJVd3lfVHctSmM3R3lBX280MFI?oc=5
PG,2024-07-11,PGHH Stock Price and Chart — NSE:PGHH,TradingView,https://news.google.com/rss/articles/CBMiWEFVX3lxTE84OHExNXF0UVpxM0dWbENKRUpHQVFWal9xWUNTQXhORTVpQWNzRC1tYncxWmN0UVVFUkpOTmFwaEgtSlpBVzV2RHNLWFFJeVp4V0RMMzg5cEM?oc=5
PG,2024-07-12,Letters to the Editor: The firesale of our stock,Eye Witness News – Bahamas Latest News,https://news.google.com/rss/articles/CBMidkFVX3lxTE9yRGR4MXZqYmxyRzB3dm1LLVlmLWpRcXJ1RWtBZUwtdU5hMk9nVUJzajFEM1E1bmVVQ0dLZS00NkNOYnVoZVRTaDZFZ0hleDNCdDJtZTBoRFg5eUhJNDdrY3VYbVBITWlBSjYtNFNZVVdRbWluNEE?oc=5
PG,2024-07-12,5 Best Dividend Stocks of All Time for Reliable Returns,Steady,https://news.google.com/rss/articles/CBMigAFBVV95cUxQUkxWbmQ1S083c2tMQUNoZUxJMWR6eXA3NjFlLWNDWWR1U0YzSy1wVGVfZTB3MGI2Qm9PVV9mMHkzOFJ2S0V6NnNELUZkQmxoeW9HTDZ3NUZuSXdvTDM4U2VjNnREZmhMcThkdWR6TmNfNWRKM3JpZmpFWks2ZXVqbw?oc=5
PG,2024-07-14,Will Oracle Be a Trillion-Dollar Stock by 2030?,The Motley Fool,https://news.google.com/rss/articles/CBMikwFBVV95cUxQb25ZSlNqdkF6ODR3Q3NfckJZSmFEVWhSTXdfdlJXWmE0bV9Ud1RHamQ2TWVVS2FxYkJwZmg1aVMwSUx2MnhRdkVubkg4QWRaNU44NE16MUpmZVNubnRqMTdPZVhqVFBlRkJGMUQ1Q1NPcmNVcUJ4d0xuazJBQnQ2WEV1Q1lNSy1JYnhhTkFkbHZyU3M?oc=5
PG,2024-07-19,"Procter & Gamble Co/The (PG:UN): Stock Price, Quote and News",BNN Bloomberg,https://news.google.com/rss/articles/CBMiUkFVX3lxTE5BZVRnN2NuTVJkNTExOWwtT3Y5U1U1c2ZuLWRQNmJZS1NmSUktc3VCc1ZlYkFoYnVWTTlvVzdpTExGWGt2RmtQeDRuTi1XaHFqM0E?oc=5
PG,2024-07-21,Broadcom Completed Its 10-for-1 Stock Split but Is Still the Largest Holding in These 2 Vanguard ETFs,The Motley Fool,https://news.google.com/rss/articles/CBMihwFBVV95cUxOYUpUb2x5RjFWQUowczJYelFLTXZfVUpFcWk1NC1uU1BiM3NlMTZpSEx0R0dyXzBDOWdpckFya0lOYTF6QlM3eFdJcDZ5bEtlcG1ocmJpcDJUY2dGMndQYWJ2dHhfd29IZDg4aFE1WmtxUW9nUy1MQk5WVGc0U25HVk03MkNIMWc?oc=5
PG,2024-07-22,Top Largest Consumer Discretionary Stocks Right Now,Finimize,https://news.google.com/rss/articles/CBMia0FVX3lxTE5xR1NVY3pzNzFPUGFNWXRJSWV2Qkd1V204RXB3RG9zYkRmVE1jcU5LeHd6TWpmNzdFbnh5NHBNWXBFeWZXeTNrdUtWQU8tUFNGWE40T19xdWtPdW1Qb0dMZmNMWDIxTDRyVjJV?oc=5
PG,2024-07-22,Dividend Dynasties: 3 Stocks Paying Dividends for Over 100 Years,InvestorPlace,https://news.google.com/rss/articles/CBMinwFBVV95cUxQaGdVc0xmYkdfZjFrVTc1dEJUU24wa040S05JMm9LVDVLcFIzVXJRQkduT3E0emRkXzRteGduQ0huSmRXMk1XaXBGVGZHNXRfdFdnc2VXckZ0b3gtTmR6RHZUUWljMEg4dWJyNzBHc1FKeHdTR0NUb3kwZFRmUmRfVlJGay1XTTcxWWtrRXp2QkhRWmZtM1h0LW01MkJ6TWs?oc=5
PG,2024-07-24,Plug Power Inc. stock underperforms Wednesday when compared to competitors,MarketWatch,https://news.google.com/rss/articles/CBMizgFBVV95cUxNaTl5VlhIejZuM3FMYUpqenphSERpc3lCM2ZxNENwZXI4SVFUUDRJdXQwcXV1c3VCdEIwT2w4UTR0SEwza1hfLTZYRFowNVlrVFlXLXlFM3RhZFhvU2xWVnk5aDRhN2ZOSzlJWWI3Yk9ZOHlKQVBnbkRTc0dlcG9nc21zaWQ4djMyNGRYM3NNazBUVF94bHFhNTZLNUNNa3hxdXlaejdQNzFNZVBGd2Y5ZmtuMzR5S2ExZEgtZWE5dWRLYndXamZaQ1BENlk3QQ?oc=5
PG,2024-07-24,3 Stocks That Could Be Easy Wealth Builders,The Motley Fool,https://news.google.com/rss/articles/CBMijwFBVV95cUxNT2g0TzlLMkpuNlY5MlVqa2p0dTkteXhrWWRadWw5NHpoQ29oeW13T2paQ0ZCRVVoTmJ5S2RsYlR6bDBFZUtrYTRrVU5rSWotMk5KaVY3TGxlX1otYVpWZEVROERHeVJQZTVKdk1OdmRsd09wbk5mTVNONEhZWHVueXlPVGZPc2RWOWZWQjA4MA?oc=5
PG,2024-07-30,Big Tech weakness holds back Wall Street even as most stocks rise,Los Angeles Times,https://news.google.com/rss/articles/CBMizwFBVV95cUxPQTFOSDBHUDRHNlpsVmpnTzlxenlRQ1I2TlpWUGVZYUk4Y1FVaUlrZE13bG1EVVJTbU45VVRlbEZUTDFSQzZBUTJDNzViTGV1b2I0S1BPR2Z1ZnBLUnhHeDR4bFd1UDIxT1dxQ3RXaDVCaDFMVjBDOWlUamZkZi1HaThwY2lIQ0hfUGNQWHpoUlJaSTJ2azhnWGh3NVJKVVBpUDZTUXZRMFdDVjZOb2JzSlBWVm5TbHliQVhEdVNhTEFIOU04QkhILWxGXzJvekU?oc=5
PG,2024-07-30,"S&P 500, Nasdaq stumble on caution ahead of tech earnings",Reuters,https://news.google.com/rss/articles/CBMipAFBVV95cUxOZUtra1VtbWEzUXR5YVlQYjNuTzdGVXlISExwcXZBN2kyV1I0TUZhVzBmTkpXRnZIRGhuUkhpaFdSSTFLX1o0SnIyRkwxQzRqZHhYRTk5Mi1kSjJaS2x2ZElMMkVHWjZ1OENGZXp4dWNDRlFmVDlYMEx6dUtoSmxpeEJtNHZJYzJPbjRDZmhpV1BLQ2NqcjN4M25NalpzYUE2NHFTeA?oc=5
PG,2024-07-30,Procter & Gamble Earnings: Sales Slowdown Spooks Investors,Morningstar,https://news.google.com/rss/articles/CBMilAFBVV95cUxQRWdZSUN5emdSMG1xRDUzTC1WVmlINFBDR3BOUFdBYTdjTFk5b0ExMGxFZkVQTEliQTdfMmNCUXdDNUhFR3JPd0VmV3ZxbXY2NmdROUg0c2FNSVB4azhFVnNfelVONFV6N0VRbFN3Z2RCY09SSVZSY2hWVXRoWGItUnlFSUJMRUxmbUJCSzYzbU9FMEZl?oc=5
PG,2024-07-30,P&G’s stock pulls back from a record as profit beats but sales surprisingly fall,MarketWatch,https://news.google.com/rss/articles/CBMi2AFBVV95cUxNdGozWnpJczMyQ2YxblBEQVE4UFI5eER0OXVkV3RvRkF4ZjVwazZEd0UwVjhpNWw0eTZoTWpMcDVjVzBYQ0EzMWNRTVpnc2tBS3FWclRLNHhmTGlRamc3RmUzdHV5bTBhTzNCblhKV3hST1Z5MnZlYjVGdFRfbTdfRHhQbEZHaDRaMDFIZUFmUVRBWWN2M1NfT0pfSVJhaHh6QjlhOFIweHNya2I4VXlKSDMzQWFKeEt4aVBtdFVCcC1Bb25VWjdsQTh5WENaQTBvSzJDLVlCcGM?oc=5
PG,2024-07-30,Higher prices didn't save P&G's stock from falling after 2024 results,The Business Journals,https://news.google.com/rss/articles/CBMijwFBVV95cUxPSHAxak9zb01rSTcxeFNQUjF2eU9PUmVIU3B5OHpYUW5xcDlWM0ljVGxYNkwtMzVyeGYxZmlxMmJJajdDWXhQN25PUUJNblpVY2pBMXkwVGpBaUZxVVBJci12WURMSGd3LUFaSk5oR2lfNklBTzVzbzduNmJOUXRtanQ0OE4wRTRDbkV2RDR5bw?oc=5
PG,2024-07-31,Top 10 High-Priced Stocks in India 2024: Exploring India's Most Expensive Shares,Equitypandit,https://news.google.com/rss/articles/CBMirAFBVV95cUxQR3pZWkFhaWVOdUZyQmJsM040aFRJakEyWEdYV2RoZUlHSUhCTzNIWFpTZXNJZEdjY2VlT3BaV2pEdTVyYnI0RHktU01VQ0JVeFBxUlFBWmduMW05VnNJd2VuZ0tpaXNfdkNlZG1fMUNUOExlV3hFUFlWd1ZXMmVxYWdnLVlrWFhvQUNaNDZZVUNDemxKTDRRdzF0a01uektzWEVTcml4RkpJa1FW?oc=5
PG,2024-08-05,Why Are Stock Markets Declining?,Poole College of Management,https://news.google.com/rss/articles/CBMiigFBVV95cUxQclBzNDhqMl9Rb1hscnJGaEFPTVZaLUt0SmpvOExfWDB3dFB2WWxJODROSnVsQ0gxMHVTRjJYU2dFNXNiS1NLMF9neEw3YTVwSGJXS0lGTHhVazBKZDZqNW1aMk1QRGFPaHNLOGk0ZFBsQ0czUUhlQ3MtQWd2d0MycUpiNU83VjRzWVE?oc=5
PG,2024-08-06,3 Blue-Chip Stocks on the Rise After Strong Q2 Earnings,InvestorPlace,https://news.google.com/rss/articles/CBMilAFBVV95cUxON1poN0tZbXpQVW5GdVhsa2F6cWh1dFZVcWdkSTdzdVNCUXdpRkVnSGVUOVAwcDM5d2stMHRTVmI5U2FWTlo0VFdFWk5ieVdxMkJJejB3YnZpVmlXeE5KVHVPaVpjcHpmSHMwa3R4QW5DTWN6bHdhekE5b1NNVVZpQkRHdjdFMl9SZmxHUkxSMUViZ0Vq?oc=5
PG,2024-08-08,42 downturn-resistant stocks to help you sleep at night: Bank of America,Business Insider,https://news.google.com/rss/articles/CBMiqgFBVV95cUxNbENlLXk1R2FROGhtb3JRck9HTlc3SmZpMmdCT1FNLVdRak8xUC1ibFFTM1NvT3QtcWNWallNeDJ2WENtUy1Odk9VVHl3SFloOXJta2R2VTRQWUZ6SDZLdmgwVExJNnRNcXA5OTc3SWNDUUVCOEFZWXRCSk93dzdCc2ZxalpHaWk4cktfSW9FSlY3QVpBZDJaRnpoaVFxOGJOSXE5bUhqWTdpQQ?oc=5
PG,2024-08-12,Major Cleveland-based company had the top stock growth in Ohio last week,Cleveland.com,https://news.google.com/rss/articles/CBMitwFBVV95cUxNLWVWdTNMYzhTdEpiLXFoX2hwRTVNaVc3Z0xZOWdtb1QtSWNYLXZHMmZBWDEyRllSUE42N1ZYdnU4c2h3OEVHTEZQSjdIa1pGMU9qQklTOWlRWmsyRWRRTG5mbFB0QUxzc1E4b1NrMjVCWFJzM29xTWlnUF84bjdWZGJmR0QyUklnSUg4LVVWUVRfV0kyRjZkMFA4YUJCVEdFSVEyXzJKRnI5YXZtSXhxTTdfZE11MWPSAcsBQVVfeXFMTXhBVmcycHB1MW5pVnNkQXlWQXByWkVuYkdPTVdXVnptUDhIWW51eDBjZmNuVWh2eDhXS2I4SEltWFVyaXJCZEI5YW5uMVJVOHV2QzEwUWVtWTJDLVV6UDY2bXFKY0NPOUpyVGZBT1FyWWMxT2NtVllIODRMaEw1YTQ3bngzSU5LUEdLZmI2Z2JMS2hsUXJkTThFenJqWDMxZ3l2NkliMnZGUDZtMjZrZmFYTHpMUS0yZklJYlFHTHFKSU9TVTRWQWwyQTQ?oc=5
PG,2024-08-13,Starbucks just ousted its CEO and replaced him with Chipotle's chief,qz.com,https://news.google.com/rss/articles/CBMihwFBVV95cUxOZkRDcmQxak9NdHVra0I2end5Q0xMb013MkltUEFNeW11N25ucUk1ejNEVHZaMzRlQVBZdDJDTkNlYlVfTWxMT0NXR2VLQ2g1WFZGSHh6a0JWQ1FicExvU215M0dwMXotSHBNTk5rQm96R0JDUl9FNnMxdS1adTUwUmROdkdKZE0?oc=5
PG,2024-08-14,7 Dependable Dividend Stocks for Long-Term Income,InvestorPlace,https://news.google.com/rss/articles/CBMijAFBVV95cUxNTy16eHN0VGVteG5ZX05QOEptVlpxYTJqTERHZ0pCYS1JRFRPeHJzV1h4djlqUEl3VHRKN2RyajA4QVNFVWx6SGlveG9VbjRxa3ZON0lzNV9kbzFlQmxhemlUa21HRHptc2R3dVZhdVNIN2FjVzl6SVpoX3BiZzJEOEdSUVpxTXBOTVdVYw?oc=5
PG,2024-08-15,US companies signal softer consumer spending,Börsen-Zeitung,https://news.google.com/rss/articles/CBMiiwFBVV95cUxPTzExZFpualdrMmJzLWVwajF0T1V4NEtGMUVHUFpZZ05JamhNT1pWc1ZhbTI2c21TSldXblFLd3E3NnJfc2wzY19PUkppSV9XeXhiUFNlT2ktOFByckRINU92NGpRaW9IMUU4YVUxTEd0dEhObnBSTkx6WFRhMG1YWUVmUXItbzM2OUIw?oc=5
PG,2024-08-15,Here Are Top Institutions' Q2 Stock Buys And Sells by 13F Filings,Moomoo,https://news.google.com/rss/articles/CBMiqAFBVV95cUxQeVdPWERVakR4MEt2NXQwZGtzd2EtcWxmVFlaWFE1RzhTVndKTkdkR2ZDMGEyaVNiWVdGTXpLcVhTVVh5NFN4Y1dVamV0aV90OFVfVHZQZlh4N1lVYTktMmdiZjZGbXZjeFd6ZnlETnBJUHNRUkJmNUtVTk40aFV1UjB4UlRPS2lobk8walBGTW5MQTlhN1dvSHVmTmFfZjIzcWwwV1huOHA?oc=5
PG,2024-08-21,"P&G Health reports 6% decline in FY2024 sales, declares ₹60 final dividend",CNBC TV18,https://news.google.com/rss/articles/CBMizgFBVV95cUxQQWtZNFNVeWJlRTJEdFFlSnlCZlhUdnpBa3BVcXlaQjBTOW1HT1dLdk9iUE9hUlJXWGNmSnBIVEtXdmRZemducG5xa0dBQ1VRUDlxQTlERDVKV180dnIwQVNLT1dQa19BTmhhemxQbk5qWDBFamhRdnB1dlBlVTdHamxKN3lrM3BIU0ljSC1ZSkpfYUlzTkVTblNzRkFEcXB5Mmp2RzU0NVF3Y0h2cS1pajRIZWRiVlltLUlFWTh2UG9WYVNiMlN0dF8yNkJXZ9IB0wFBVV95cUxQalpsdjRleDZwa3UxclNFWnFMSFZCRHpENzc4NGFsdVAybWJLQzJBVXBKRnhtZ3BNUWxYQlppdnFma01kRy1ESHFJT3NPSW1HUWZYZ21DdUtERDBGWUdxNzVQMkxVRGNDSkNBVTEzSUFXa25SLVVJbWNZZkZhSk5wc1RqOGFlNEhfMlJoYUZJV1RxS0dBMVFvbXlUZTk4LW9VV3l4ek5WbV8zMEJLczZNX0FFR0lHcTJkYjRKYVAzWFAydmNSRVRlM3pWR0pRUktOMUpR?oc=5
PG,2024-08-22,Procter & Gamble reveals plans to transform Boston’s Gillette World Shaving Headquarters,boston25news.com,https://news.google.com/rss/articles/CBMi5AFBVV95cUxQUTBQMWJCTTRQQXVQNkhITkJxLXJMVm02OVJMTU82Nkp4Mzk2YU1RU09IUVlnUlJQbXY1VHRsSVRaV0tBLWcxUVNjTTllTWF5WThtQVhJbXExMjBQd1lINU44emFJaGFxWXhjZ0ZTcVlWUWxtcVRzWnNXYjRzRnpaU1prVGVXVFVhNUJqeHFFTEpEV291U24zVDlrVTFESmVjQUx2STR4UTlEWEZjc1puSV9iRWczNE1GMlBMVVlZUmhyVWdzZ3UxczJ1Y0RGUlhPSi14QnhPY2F0Qmk5ZVZjMDYtRzXSAfgBQVVfeXFMUHBncHNXR05Tb3Z3YVl6V3AwQ05WSjBZaEFwbEs1cFN4ZnRST0hRZWRmeW1EczhVbTVsWXBWcktTcHFFbXBxdjFMN3lNZldrbl80Yk41dklQQVVKcThtZG5jVkU3NGRVYWNJNjA2YmpGRFd2RENia25TeGxaQ3hXbUFyZWZaUldmTWNBOUNLQk11a0pwYVc0dFg2OFdZNHBtLW13d2xkdW5fWjFzSl9XTElYS2EzM2JjRGdZNWdZcVhXM1k4S004QnpzUWF5bTk5eHVKbFl5bHF1TlVkeXRfaEdyV0xydGVDYnBmdlptOWlfbU1RMFVuVko?oc=5
PG,2024-08-22,Stock Market Sell-Off: Here Are the 3 Best Vanguard ETFs to Buy on the Dip,The Motley Fool,https://news.google.com/rss/articles/CBMimAFBVV95cUxNTXFXemZSYWcwaU9rcFo1ZEQ4SXB2U1Zma1hFbEFsZEFSRzQ3aUgzR1ZISjgzM3V2d0hQSUtIZUNuYjI4a3pLNlRPWVVpS2R2U0RKVUUweEFGR2hMQzFKSEtzWWxMWEpIWGxGRThNdTlfSkFlM0JPcVJiUnJGekhFeG04TVR6c2tIVDI3UV92VkhKYW9NQlpJQw?oc=5
PG,2024-08-23,Procter & Gamble CEO Jon Moeller pay raised 6% to $23M,Cincinnati Enquirer,https://news.google.com/rss/articles/CBMipgFBVV95cUxOZzRQQVhxWFBRX1JzOWVZQ2RPa0dCZm43N3dJYmk4VnVKYmsyOTNVYTZ4WTFCY0Q4Q0RQbDZ1aFhPTE92SmdZY1BITHNrOG1HdHFRMzhmb0V1WFFMZWx5ZXFGTm44cHEzT0xSdVg3UVJRUEl5MTJzMVFzWHlSZUZiejhYcUFNRE12eEhxcmdfbzBBZURCT1hXRDdEYXBxbUZqMTR6RlBB?oc=5
PG,2024-08-26,JNJ Stock A Winner Right Now?,Trefis,https://news.google.com/rss/articles/CBMizgFBVV95cUxQdnhQWGpyN25FRE9pZ2hpcFhCMnM3ZGJHTDM5MDB6SHpZR2dIUFVJeGZyUVRWQU9xOFVJbUJrYUFsMGtjNnpxN1FSZlZ4b0JDaFpYZ1FRNXpnU3laNWlyV1MxVmg1R2g5bGRWOHBobzhhZWtNbVY2aEJ3ZjEzQXZCckhRWnNxcFphUExuU0lxOG5UbGRGbG5aUzRHQTFZbURWTGhSeFZpaEJZUFpEQlgtcTBsajBmWllVcVhHSEpxLVlJWXp2RGRzaVVBckJIUQ?oc=5
PG,2024-08-27,P&G CEO Jon Moeller sees seven-figure pay raise in 2023 - Cincinnati Business Courier,The Business Journals,https://news.google.com/rss/articles/CBMiqAFBVV95cUxQZG81dU82bkRXY3NvdzlJQVo0bEpJUnBhWXVDRWpCbHJydVhtaXpvWk52SVNwb0liSDkxZTU4THNpd1NhOTRMU2Q1S0pLdDJfQWU1UHJIcnJrRUVwbHl5allyaGxaRGs2OGpHMjh4MEs3NTZxRGN1d3ZNUW9pR195X0s5d0JIV0JCUHA2Y1UybGRQaDZFYVNMTWFKUDZMQVE3MGZvX1FERnk?oc=5
PG,2024-08-27,Concentration and the rise and fall of large companies,Morningstar Australia,https://news.google.com/rss/articles/CBMipAFBVV95cUxNaDRURGJaUkxTOFJrdVhGa1dKOUtmeDZFQWlvRFI0d0MtSWRHOUZZb1A5YzVDLTljcE1BeWtieTAyZ0E1N3ItWlFwNm5GcHRmT21kV2VlVjdwZHJBOTcxOGNkVjJFZlJRNVJ4bVlDYUdHWkdTbmpzT1FEU1Vra0ZHQnRJdl95UHV1cWRCOE1TQmd1cEpubjJrQUstVXB6cTVObFdGZQ?oc=5
PG,2024-08-28,"CEO of Procter & Gamble, Gillette's owner, gets seven-figure pay raise in 2023",The Business Journals,https://news.google.com/rss/articles/CBMiowFBVV95cUxNamlubHJMcWk3SWNMbUtJbDRTdk1MdUZJV1JqZFJyY2RqWUI2LUhnekpfY2hWUlVxbEw4eE1yT3Fwcjg3Q2V0WWVDY0NIV2VHYzZjRmRkM0Z1QktHQ1pGSlN1YW96X0xWYXh6LW5CVGdxcGRsSng5MkN3MFlJLUVVa09yazJ1MUZEUU0zdVNhWDBXSjhjVGNIc05RSGlEaWE3MUhj?oc=5
PG,2024-08-28,P&G Q4 results: Profit after tax down 46% at Rs 81 cr on high spending,Business Standard,https://news.google.com/rss/articles/CBMiygFBVV95cUxQNjBYTVFsZDZvVVJ5RjN2U3RuVXVSNnFiMzI4ck9uNnlmUk1tUmc3TTJ4OHhqNVQ3TVhfaVUycnVWd296cmt6R2VpN2g4S0FVbXlLWUt5ZUh0QndUNG5OTTNOTUR4cnNzVm1nbXBNUVhMZ0pZWUhwTXMxQk5FNUJ0ZFh1eE5iR1VYQXVJdUZHcHRTdEtpUUI4TEpaWlFPZGkzVy1RZzU4blVhVWpBRWlaUGlwczh0ejBPeFQ3RElrS3E4THVES2JGaDdB0gHPAUFVX3lxTFB3V3BSX2J5WU1Gemt6c2hpVTRRVGctS08zWTcxTGhxcnJRTnlQZHMyclkwelNpb0x3M1Q1QUNmZGVDYVRSNmZMTnhXaFA3UkluZF9Udk83bWw1YVpnekdXSGRYaGVSNVNPeFJrVGVyb1RxeHJuSmRYcmdNT0JXUUFrOW1RWGJUb3RnaEdiWHltZU5yT05nX1ZWRnlTMDl0eHpUZDhZY1AtSjBlRlRXRHRJcEJ4UnpqblYwQ19vWkRPRjhTSVduYVVhT3Nnd1c5cw?oc=5
PG,2024-08-30,"Undercovered Dozen: United Natural Foods, Procter & Gamble, Archer Aviation, Embraer +",Seeking Alpha,https://news.google.com/rss/articles/CBMixwFBVV95cUxPSHFDZFZIZnhQVUlhNDZfSFJxNmQ1cnhtem1BVkdCWWJTSXdMaW10T0xxMThBZWZEcXE0UmM5QzZDbWg5QzRlTTFoVWZtWS12OE40T1ZCY0E4cjhuQWxMZTRWYk4yTTJTV3V5S1hVVkduaXExVnMxLTZndXVZRllybFlXNC1aYzNsVmZDVUJJbm93aDQ3MFhTLWhhUzMxekhIUktlU3pibjlUazFIbDlrZmVEUGdJbkxuLWFxcVZjRVE4LXV4TU93?oc=5
PG,2024-08-31,What Stocks Does Donald Trump Own? New Financial Disclosure Revealed,Yahoo Finance,https://news.google.com/rss/articles/CBMif0FVX3lxTFBUZ0ZDcnR0b20wMkl6S3BBNjBCY3hBbF9vUXVqNnpTODFJSjhQZnZjSlN2ZEprS0Z3TmtYZ21JTXo5ajYxWnNoV1hEWnRpQjZISDN3cEFHN3FVY0pnZ04yY0lJM3hMWGRNNS1DenBXdC00U3YwbEt4VjktcE9nMnM?oc=5
PG,2024-09-02,"Nimir completes acquisition of P&G’s soap manufacturing facility, assumes operational control",Business Recorder,https://news.google.com/rss/articles/CBMiVkFVX3lxTE5sOGRKV0RfNVJuUVpSZ2Y0aFdXSGxvZHdUXzJ1SERCSzJyTXhVd2lrZnZxSEVqRUdpc3RrbGJ5SkRUVGlFUHByQkJyQ08xNG5oOGdBbUpB0gFWQVVfeXFMTmw4ZEpXRF81Um5RWlJnZjRoV1dIbG9kd1RfMnVIREJLMnJNeFV3aWtmdnFIRWpFR2lzdGtsYnlKRFRUaUVQcHJCQnJDTzE0bmg4Z0FtSkE?oc=5
PG,2024-09-06,Procter and Gamble Stock Performance and Analysis,EBC Financial Group,https://news.google.com/rss/articles/CBMihgFBVV95cUxNT1FKdkZUMHBWRVVRYmZRRy1lUjEyMG9hbDN6ZzFDM2pPQVY4eGJTZ2FTMFhIVEJ0Z1lHQXIyQmdzS08ySzRpdGlRcHk3M3ltSEFVeGhLUGtqWGpFR3JrM2UzX1lhTnhPb1M3ZXphVFhHcTMySHkyS3c0UzVBRGVOMS11bjFfQQ?oc=5
PG,2024-09-09,There Are 4 Dividend Kings That Are Also in the Dow Jones Industrial Average. Here's Why 3 of Them Just Hit All-Time Highs.,The Motley Fool,https://news.google.com/rss/articles/CBMiiAFBVV95cUxNdG9JOVFOMFhPeFlJTUtraXdVa0hlOGxQUk1nU0ZOOWNhR0ZELUlyMTdxUDNvNWZremE4TkMyall2dXBfdk9kUU1xcl81U19yRDVUTFMyeXUxb1NYZ1lkNmc3cFNwVUxSOWFYSExsaENyQWsxMkhqNmRNSGZYVndYWHVxY3AtRUdj?oc=5
PG,2024-09-09,5 Reasons Why the S&P 500 Is Outperforming the Nasdaq Composite and Dow Jones Industrial Average in 2024,The Motley Fool,https://news.google.com/rss/articles/CBMilwFBVV95cUxPbWlSSjZGWDZ2VUpobkpjVVZlcGlRa1NZOGN4TURyX19wNTVHNVFRYXVvbWFYREFMMmVqQi1wREoxbTc1U1ppUDRqM2EwUWZRajRva0sxbU9FTWVnTmxWaUwtUEkzaUZzbTFBc2ExNVh2SWRlVi15SVVIbDNVYU52TDR3Q1pKWkxnMGpfc2Z4eUZQQU5YWExR?oc=5
PG,2024-09-10,"KO, PEP, or PG: Which Consumer Goods Stock Is the Best Pick?",Yahoo Finance,https://news.google.com/rss/articles/CBMiekFVX3lxTE05bFRlaUlPRUhRM0RTQXJ3aWx1Wmh2RDQzdy00X0J4OXJQc1hWRDNNVFAzUlRkZmEtZW1FaXdzcTA3TGtmdmZOd0xrbi1RXzF3a25tWDRvNmxfSmhXQnBpcXVPM3VpZGhYZGQ4dG12cGFzMDBIdHJtbG1B?oc=5
PG,2024-09-11,Why you should keep an eye on Dow Jones Index right now,Moomoo,https://news.google.com/rss/articles/CBMinwFBVV95cUxOWWdpY1FhMXB5bE5UQmtSNEJmUmR4R3JMSC1HS1dpNjN2NDNwTXdya25Rb1ZfWW1fa2FQdVdnSFBlY2tUN3VMT2xBb05IRktXQ2txci1TanlvOWpLRVJmSmw3ZDZBWXJvc1FtOXJTTXEyTmdndlcxNFptREpLcDh5ZkZDaDdSMElCMGc3S3VUTTBRYmViX3l0Yk9qWVVXX0E?oc=5
PG,2024-09-11,The Dividend Aristocrats List Features 66 Stocks With 25-Plus Years of Consecutive Payout Increases,DividendInvestor.com,https://news.google.com/rss/articles/CBMizAFBVV95cUxNaHotNTB1eFF6dXI5VDN0S04tTzl3YnhzdDBXbnRGbTZxTXVkMEJtZTlSeVZRZ1lJSC1WWUxJaS1aYWh4UXQzM3ZJNkotV20wRXUxQmVZbzBXa25GQzBPQnowQ0JHVVNfT1dudUtCOC1YTEE4R2xZWUVXWWJuZ3cxdllyT3VJMFFGSFVfX2xHbExQSjkyMGpDMUZMWnRuOWtURjlpc3ZFRWtOVVVRMENRUVJDTDNpUE02WFJJNFdtVWpwcDFwVkxkaHhpY1A?oc=5
PG,2024-09-12,"2 stocks we're tempted to exit; plus, rapid-fire updates on our other 30 names",CNBC,https://news.google.com/rss/articles/CBMiqwFBVV95cUxNMkVwWGhBMnM3bXc0azBGOW9GdElya1dZa05TeXdHa0dlRndrZ2dSaUJCY0djS1FFajBSZURZWGpoY3d0NnJKczUxYXR6eWc4WC1QUzJUQ2xQSzNzWGFraFB4MExpRTVFcmRvTGRtRHdZR1M4ZF91NENWRkpxakF4R2ZKN0RwaU5PNjZnUFZGczN1d1lHTDlqQ0UxaWI1cS1pd2lmTFRCbzJIZG8?oc=5
PG,2024-09-13,"Margin pressures, valuations to weigh on P&G Hygiene and Healthcare",Business Standard,https://news.google.com/rss/articles/CBMizAFBVV95cUxPVWhSU0RMSW8tYzNIQlVVWDV5WXROelY2dm9NREVoX211MldvMm9NbUJOMEJuX1EzX3VwVU1TTVB5bGl4ZnY0Nnpua1A3OENSbUhfRHVrQ2dYcmdvdjVpVnhERzA2dnJRT0hDc2IwbHhsQWxPanRoajY5WDdna0FrcE1MNEQteDE5U3N2b0ZvSERPRnVQWVBLUkp2SEluSGNiTy14amhyQk1RNGtBX3o0SWdnSVJjQ2FScWJFeWRvaE5YQlNmMmN4dFdiVnbSAdIBQVVfeXFMTTVPVndub2pyb0hCWnNzUUs1ejhISV9ERmpuUkZ4UFp2QThkLVZGUllPUGRoQm9wY0NWbFhVZWtBRDljbVFWdElvV0JmSE5iY1VoU3k0RU4td3VwYTRfZEpEc3lCU2tadTBhR18wV2djRVVqS0lHX2d5SFBNUXhXUVJoTm9EbkhCZmI5bDJfRzJVQmU4NWJWSWRtS2dRV1NLWF9mekFfTjUyUHNRUFU4ZnJvdlBnek8xV0V6bk53VzRzY3lFSzd3QUZheFhhVmJpbWx3?oc=5
PG,2024-09-13,"3 Magnificent Dividend Stocks That I'm ""Never"" Selling",The Motley Fool,https://news.google.com/rss/articles/CBMilwFBVV95cUxQeFNQaDJlTDBxUmtjYjFSTXF6V0hoaXZYVDRDNmtpM20zbDZMTTlkWU4xYWdMS3BCb2dKX2pkbUFJcmFycU96QUFvV21zNnhxSDl2aXpJSFg2YVZTX3ZHNF94bWNRX0IyV2o2SEszMnRzOXBmVEowc21kNzFYZGJCUlI4TUR2enZGT09RVTFBc0RXUENhanpR?oc=5
PG,2024-09-16,Kimberly-Clark Corp. stock underperforms Monday when compared to competitors despite daily gains,MarketWatch,https://news.google.com/rss/articles/CBMi6wFBVV95cUxQYW8xOXRVWWp4WGNuN2dnN1psRWVKbm9fYXhvZlNPSVBlQWNRZ3Q5THZYREowWnN0RjBLajdaV0tMbEtxdG5IOXZNZ0xrczBKM09OTEZNM3F5QlMwRHY2QWtVX2MtRWR6UmJwNEFHTDZOR1FranprdlhvNUFnV3E3TWhoUEowX2Y1cmVFOHBnSEhYOXU4LTNyM0VrRjBweXJnaG1kcHBERmpTS1A5N29ObzVDdEhNY1d0SURaQW1NSzRaRHozMzVsWU0tVTJMSGxDY1pibkpXMERZS19fcDJYVjdua19OQ2JLU2VR?oc=5
PG,2024-09-19,"2 Vanguard Index Funds Could Turn $400 Per Month Into $16,800 in Annual Dividend Income by Retirement",The Motley Fool,https://news.google.com/rss/articles/CBMilwFBVV95cUxNWHRQVnRFVWNWSWYybW8waXhGTzdGN1o4dWl4aG5wcVNSODNQZVhDdGxrTllGQTByRUNqQ0FrMXJXN3pkeEE0X0lpamFRSFpJaDlXRVhnNDJUMmUxd001TUlkNVZGSmJXTU5JOFpXNmhWajdnUFM5ZXdXV3lLWGUwdFRjaEdIQlVDVWptOUotVFJoWmsyX05z?oc=5
PG,2024-09-24,Procter & Gamble Bangladesh terminates distribution agreement with Gillette India,The Times of India,https://news.google.com/rss/articles/CBMi-AFBVV95cUxQbFdIZkZIODJrZzFKOTl3Vlhkc2drSWNjMXVjN2tLWFQwN0NVT3VNTk4tS2NJaC1sbS1jOHZPRmh2SkUyc1pBODlteE45N1lwbll4NHh5b0JRdGozT0U4czl2cmxUb0pBT0RlVzFhNHF4YTI1LUFYRERFeEVwWFh0VzdzRzZmSGNTdEVWc2dnRFRONTYwYjZMY1k3RHFicFhzMXVQa1REQjFNcE5FNnBxUUx1UUtZVUtaYU1vNU5iZVpjbzhNU3MxSWlrX2dKaWdLd2RzT1NMNW9CWlpDR0t5czAySGFuemJOSnZuT2xaU0QtWUtPb0lpNNIB_gFBVV95cUxPc1doZGt5Uy1YaXhsZDNaSWFlU1QwLTl6b1VPMzVBdVlWLUQ4b181Vi0zcVp0dnBaM3B4STVKNEdmMWJIVnFnV0UtcnBraVF6RDBRLVN6U29kakg2eUJERWZDVTZNSlRBRnR5V2pQczJqV21aV3U3TWpVLXgzOWhCQkotYjAycGdncHRvcW5ZUDRDakdHbTdtcVFwalJScFVPczZUbTFMcUJCRTJ1NmdCbXJXQWdueHgwX2FxUnNlUTg0VWVzajg4aVdDZG03NVFybF9jM3lHdWg3QnhOOFJ3aXpzMGd3T2QtaGtlWTlPQndUN0xaTHo0QnJDdEp4QQ?oc=5
PG,2024-09-25,Gillette India shares down 2% after P&G Bangladesh terminates distribution pact,Moneycontrol.com,https://news.google.com/rss/articles/CBMi2wFBVV95cUxNTG53SzhHTjc0TTFuOVduaVNpa0hOZFVkbjY5cEp6U2hWSTBYdVAwQnozVkNnUXpqdjdxMDFIeU9hdllZMUh6aE80ZU8tNWJxUUdHbFBSUGFuSndqWFBhdUxYaEw5elJINkpRWFR6YmNBeGR2czVtTXliNWF2M3Y5bEtMT2U1YzBrdU1HaktUR0YyOGtmQkQzWEJZcU9WOFp3R1NiZHp2LWVkUnppRm1rSExYVXlBRlRqSHFDaXVzb2Y0SVV3RXRkZEVVNHpwckFuVDAwLWgwRmZNUkXSAeABQVVfeXFMUDFXbEh5d3RvWlFYRG5YU0JaV1dfTlppVVFuSEQyM0l4SXNTbS00XzJ5OUNKN1FRdlp3TnpDZm1qbjB2UmU5RWU5WWpRMjNRS19TVkpYLVhNdERyR3dtR0YtUGJISFc5Sk16Ym5wTG1xeE1JYTFRQ2wyQUtMTkJmMzZJY3dKdjF5RGpvay1kUHRkSmZYeVZPSlhKaFItNW56Q1AtWGhRaFV2aVl6U3ZmdXpRTDJncV90ZVUwZXo2UGhPSzVHX3hwcU9udXI1aHZlOHpYTVRVUGlhM1lwUVQwMlE?oc=5
PG,2024-09-25,Gillette India stock falls 3% after Bangladesh distributor terminates pact,Business Standard,https://news.google.com/rss/articles/CBMi1wFBVV95cUxOVTVQV0RaLVBuWlVkbWVTZFloVHlSUWJSQ1NhV3dsSDl0Vm5XVnQzQzlDVWU2eXQ0N3NueHhqUndIdWxQZ3laRElReGNNSVFMcGl1UmJILTNYTlFnOUpwM0Nmb1RKejhmSzJnOXNDMF9CbVVtdldaY1BCQmVLbG1aZDdIOUVyeTR2SVBCNkZTUUQxdkk5aG52dDRYdXlrblpqNHNZenRpN2YyeGd2YWlWYVFNdUZLUDlkMVBoTEFibEpzdFZZdkc5TXlsb3RLWWR4bjU0VmY4QdIB3AFBVV95cUxOYUdfSGpLajJVVVRJOGZ4dnhKNmtkQ2I3YkF1dGFSeFhmYmR2bnNDV3hpZkUza0J0M1VfZ2VZMDQ2RWMtbW1PQzRQQmdNSllhdDA5dkNRRTJPY1Z6MUViTDVIRHp0WENhT2RSVkFVZWhTX1NNczQyX2ZTSUd3X1NpY3psdzlBN1FYOERuZS1rb29xYnlDdnhmaTlHZjlLTFRpUkxhNEJ5YUI2ZkNIeHlOM081R0x3MVhqQnFzejZqWTRNTFpNSEhqcFdETkJBOFNYai1XVXc3SWoxSUJv?oc=5
PG,2024-09-25,"P&G Bangladesh Ends Distribution Deal with Gillette India, Shares Drop Nearly 3%",Equitypandit,https://news.google.com/rss/articles/CBMiqwFBVV95cUxQdnREZE5qQ0xWdHEyR21BTWNORU5PUTdQY1hVRERhNUpZalB4d0Zqak5maWxPZkxiVEZyandBaTRJOFV6NGxFMlgzMFIwYlNlSFltU3RCY1dHTFJnck1JWll4ekdoUEFaQjVOdnRNYXZPaW1Ib2Z5OGliT3RzTW9RNmpEcTBRNnBmdG45bmxRRDhWanVEMWswQ0VFTmdPMXlDTTQtLXg4MkNrS00?oc=5
PG,2024-09-28,Billionaire Nelson Peltz Unveiled 3 New Stocks in His Very Focused Portfolio,24/7 Wall St.,https://news.google.com/rss/articles/CBMivAFBVV95cUxQV3BQRU51NWJENHJxZFRCQ3pKVjM1aTFpR2lkVzloY0FMd3BEVURSN05ZLXR3aExwQXR5VXQ4dFp4WVlmZ216NFNTR3VpY1A2eHJDSEF4YUlDS0lUVFpCQVBIYzFzOHQxdmRORlNhRWI5Rl9ndmZvVjNjVU5ha0tEUUo3WFhIX2x5c19YZnpOUFg0UU4xaG81QkJnVmZRWTd0UWJweXRxbjliU3dDSGxObHJGTzFqR0llRTVHSA?oc=5
PG,2024-10-01,"Smoking Chicken Fish price today, SCF to USD live price, marketcap and chart",CoinMarketCap,https://news.google.com/rss/articles/CBMiakFVX3lxTFBCbC1oVFNGQ2pvR0hQZGxWTGNQLWNwcUxYSmVwUUJvZlFYS2dUQkxJNjRNdTd0YzhUMHFHVzlDUU4wV0t2VXpYWGxmUEVfYXBrQWJ3bURXNll6UlpRamgwS1RTNkliSjdVMVE?oc=5
PG,2024-10-01,"BEERCOIN price today, BEER to USD live price, marketcap and chart",CoinMarketCap,https://news.google.com/rss/articles/CBMiWkFVX3lxTE9LaWpFNFJld2d2eHc2TUY5YjRoOEhsNkNzV3c3Z1dfSjlXOWk5TWxXV0JlaTdGYVdYNFNFYlBtajlhemhzdmNXelAyRlVkalZGZXV6clJ5TTZPZw?oc=5
PG,2024-10-02,Port strike spurs TP panic run in parts of NJ. But where is most toilet paper made?,Bergen Record,https://news.google.com/rss/articles/CBMiswFBVV95cUxPdnU4UTZVUEZOeEYwdDgtLUp0X0JKX0tYZDNoMzdPYU9UdE1VQlJlQWF3OGJPMlpxUkxCRm81V3VEUHpycnotcHlmSVRwb2FQSWppVWkyNTRncDlBTUlhV0VjaWpxRy0tWjFXNHBQZHAzVktwb2JsbmxXa1YwUjRQbkc1d0t5Nk11WWZCNVRLaXM0a0tPSVJBSF9SLURiWGpkLUFxdEI0aF9DenRQRVR4bVV6RQ?oc=5
PG,2024-10-07,P&G investing in quick commerce as convenience drives consumption,Business Standard,https://news.google.com/rss/articles/CBMizwFBVV95cUxQVk9mN0ZzZ3A3SU1JV3ZONkh5QmdER0xJTllQa0RUTnBsQ1ExdTBmdTU0eHRnekRwLURfdVVvQjJjd0wtSkJFRVRGbEdFTUhSb1l0UFliYkdYdGtFdDFwR1kxZHAxS0xsS2VWb2g5ZTdxTC1pdENEZFJJUzhJMEp4Mm9TNEtnM2VGVHlnV21Mc3JsaEVIM0R4S21jWi1xc1pMVWJNV2ZzTmVzbURhbUJwNEktSDBJRHdmX3NSbmxYaHRFWTJhRWw4TUw0c2xQa1HSAdQBQVVfeXFMTmU4OE93VTd4MmZyWjI3bXJDWWpFWF90MTJvaVExT21KY2VTd2Jwb3NlbkloZ3VPWTRsOUI2dFFETXpqS1J5WWFxOWgtRnZtNVl1T3hseXdkdkNVSG1DR05ObTY2bjlBMDF0aXJpRjJ5UExzemptdENvbXR3WEJkM1V0VkFPU3pmUGhZRXNFSVltYXBleGRJNnFhZjRhNHp1dElSbDk3akwxTFU0VXVGR3JzQ0ROYXAwUGlnQ2hueWlRWnNwTzBRUVRaeUZ3VjJwRUt5WXI?oc=5
PG,2024-10-14,US pre-open: Futures mixed as traders await Q3 earnings,Sharecast.com,https://news.google.com/rss/articles/CBMixAFBVV95cUxQQkE3NTNsaURKcWJRZzNWVzRaRE1PdDNEcHllcWZIY3B5V2RmM1p6SVhCc3JJcGxTazM0VV9Mc3dGaXNTUDFOOXVpLWdpek9uMk9LbjVJY2hjZjF6RUFJaXFJdjIxMHZ0eVdNdlcxUlRlb3NINVFiS0FjU1VacGhkaHh3SFpTTjF5eW5JbjA3UjVxbV9BVzFuN3ZpcDdKZ09lVXl3ZnA1UTEyV3dOeFZkUFpjUVhBbVVFRWhnY19PcUdIV2Jq?oc=5
PG,2024-10-14,Wall St Week Ahead: Health of US consumer in focus as earnings season heats up,PressReader,https://news.google.com/rss/articles/CBMijwFBVV95cUxNNmh4cC1KYUxLcGc2NUU3eUNCVkdSWHZiSDdzRnZuZHB3TGo3STdvYzRESjh4SWx4UmlyeU5FTkRYZFNKVE1HVDc4ODRVSnJ5Z1hhVmxGcTBIZjJfNDhvak5TOG15TEFzM1JUTF93OE03Y3NZSDN5Tm9LZHNEb19tV2RmR2d0ZXdFYVZTSjVHYw?oc=5
PG,2024-10-15,Can the Stock Market Keep Going Up? Market Watchers Think So. (Published 2024),The New York Times,https://news.google.com/rss/articles/CBMihgFBVV95cUxPN0V6QzNKOWZ4eUNTTUR3Ny1acmQwSDRPSzRtajlmS081UzF1eDNka2Q1OWFsYzNTTGdMb2ZieFFVVGc1RGFkcEZnempncjREUkRkU0d6M0xRcXZpWWR0S1JadlR6dWNwNUE5a0NEcEpienZIQmZkUDdNb3FrdWE2RlJ1am5pdw?oc=5
PG,2024-10-17,RRSP Investors: Buy These Top U.S. Dividend Stocks for Total Returns,Yahoo! Finance Canada,https://news.google.com/rss/articles/CBMifkFVX3lxTFBBQ0MxQmdpN3RIcHJUdkZvcWtTMF9GTjJOSXo5MFg3SnRKRm1WY0xIcXd5SzFEOEFncW9JdTRkT1RtSjNaT05lcjlENDFvMlJqZno5ZlNyVkRtYUVOS1VUNmpvS3VJMnlTcF8zczlJczJKek1FSUlkVEdtRXUwdw?oc=5
PG,2024-10-18,Understanding blue-chip stocks: What they are and why you should care,Saxo,https://news.google.com/rss/articles/CBMisgFBVV95cUxQX2h4aEVzV0RDSzd3bVJJX0xidkw2ajB0WUxuV0pzU2FTX2kwTV9XUE50V1VfUEFmT053cnpGVUMwNzVCV2tLUkluWmxQNmQzRmZvanM5WURkd2xHT00tTnpzd2l6UnUwMDNBWm5SN0gwZ0VqNlhOR2lBWU1qLVM5T056WXVWRnBUN1N0MnJib3VZanVRbG9SUWo1enZudXN6cFZ5dTJZaV9RMzNxMkVjUFln?oc=5
PG,2024-10-18,"P&G posts surprise sales drop on slowing demand for face lotions, diapers",Reuters,https://news.google.com/rss/articles/CBMivwFBVV95cUxQUk42N01BNDVFb0ZyREp1Tmc5S0M2aWFMLW0wX05TNGNnZEF0bEkzUnF3c24tQmV2YTFrYkdnVDNRMDNyMUc4TVVVU080bDlTdG81YTl3eGhGaUVEVlpYbVpWMXRKckFaZ1hBc2VvcGxJcFEyZGVrbkY0TXlkMTM3eDRQdjJQaEprRlU3TTM4YjJTVlk0YXRnNlNkV1N1eUp6c1Q2SE1KZWp4ZGs4ZmdOci1HVlpsdFNGQjZTWHlKTQ?oc=5
PG,2024-10-18,Benner's Investment Cycles: A Forgotten Guide to Timing Market Booms and Busts,Investing.com UK,https://news.google.com/rss/articles/CBMivAFBVV95cUxQY09oN010WTZ1SjZSNnJZZ2JuaW1ObEhmZTEzQjA1bV9fQ3p0alpxa1B6b1FEY2djRXA4UFhqbE5MS05IcGQ2YzZ1YUJaamxSbXpsUzVoQlN3Y0hiclNIWkZDMHFPT1VjU3U1dVRMTVctbkU2djYxVzNPRG9SUDdIVDNScG5IdEtrUzNuV20xcVlJbDdpUDNmS3dVWVRneVplQXlpSElxZHVFYm81WEp3UlpGVW1HU2JheGZLZw?oc=5
PG,2024-10-18,P&G Reports Weak Sales Growth on Lower Beauty Demand,The Business of Fashion,https://news.google.com/rss/articles/CBMinwFBVV95cUxNZElGZllRaE9JTWRRUm5ZRGhvTV9Ea0s2M0M4Y2Izd3V4b1ZQRFJCM0IyZElMb0lnYVRoMkN5N0VxVlNPZmRiYUY0NHF3RjNrdUxQM1NuUnp1enhDbVdxdXoyT2JxRHllYlN5T05fdUNSRmw3OXJFR0lPc2ZZUDhNUWlYWnhkN2xkc1NzbmMxVjNjaURIY25TX0MzV2JMVTQ?oc=5
PG,2024-10-18,"Procter & Gamble earnings beat estimates, but weak demand in China hurts sales",CNBC,https://news.google.com/rss/articles/CBMie0FVX3lxTFBFelNWLXhTTTZuVlhVVEJTbWxxY0dPUGdzVzF3NU40UzV6RWM5bmhHRHVBMTVrSHRwTmtZcGNsNkRQTE5IbWRVUWRZckMtTm1YM3MxVGNpY25yOGVJZWhCVlE1SUo5SzhpUnpQWVpyd19ndmFTdlBubnQ5RdIBgAFBVV95cUxPZkFIWGFlMFBldjI4Q2cxT1V2OTlQNzlaODJLWVVlSEJIRE91YVpUY1JmeXh1VXprYUg5ZXhkMHJsYlZ4N2J0ZUhVakJ1ZTJ4Y2tDU0FKbW9hcElhU3lqMjVLSndORXFmblJRSnVPOGljX25QUnNSd1ZRRmUtSUNFUw?oc=5
PG,2024-10-18,Decoding Procter & Gamble Co (PG): A Strategic SWOT Insight,Yahoo Finance,https://news.google.com/rss/articles/CBMigAFBVV95cUxNTlZZYmtNZEQzMFVQRkZjTzAyYXJhdXFkQ3M1aHBacGx2RVBIdlBXc3YyRndoRWdqeGpUOGg3RUhMQWRiaVNBakhBV1NlNzUyTjhKVGFJZTV4SXpVTUxOV2xGbThuVTZnNXFRdkNQdmd5enRFRzdVVFBHeGVzd0wxaQ?oc=5
PG,2024-10-18,P&G Earnings: Sales Slip but It Holds the Line on Prices,WSJ,https://news.google.com/rss/articles/CBMijwFBVV95cUxPdkdyeFhJXzBMWTNwd3RMUkdOSFhXUU1yeGJLT1o1Z2JMYmtKeGVZVUVSYlZmanJWVkJRZVUwT3FXZkl6YXpuTll4ckZhZ1E0RDl4Q0Z1amFkWk1LQjdNUEo3RmhkcFc1VmQ4YWV0YXY1c3U5TEc2c0ExUlJJVlZjdlcxWHBSWGhZcGlzMmw2TQ?oc=5
PG,2024-10-18,"Procter & Gamble Earnings: Even Amid Global Macro Pressures, Sales and Margins Edge Higher",Morningstar,https://news.google.com/rss/articles/CBMiuAFBVV95cUxQVFEyWFJjU1hkWXdfMEdsMGlHaVR4VDE3WWw4OTFMQjRjWEZla1RFODIyeWRMbGEyY1Zqd3Q0UHZtYlRHWU5yUnpxVE85b0VFTEJhZDBNMEpmMVBTbVFBRGI3OHFwNVZkbTQyam40cFNFNEtWdk5IMU9PbzNIc19EMlAxVzEzUlBteS0xRVNMTDlVbzlNSlNwQWZkcmNyN01FdmMtRE5nbVVuYjZpTldjaXVDeS1qWmh6?oc=5
PG,2024-10-22,Best sectors and categories for first-time stock market investors,Moneycontrol.com,https://news.google.com/rss/articles/CBMi1gFBVV95cUxNc3lPSnd3REF1dm9YOGZvdmhUdGRLWE5sZ1RRcV8xUkVHZzFwNjYwVlBzcC12LTN5R1Noekt3c0tuaHkzbU80WlJVc1dpX3h0a09COEM5NnZtaS1FNkhteDhOa3R3WnVrbU1lRjFyLXlzY3FIMUFiM2tlRGE1OUhNempNTFd5ZElZMHpEV3NvQkI5bTlBdWMwenpRcEtwYzlRNHVyeHhwZV9SRzBMQ0wxQXRsWGFMUTIwb2FTS1ViU2ZROFBJNDY3T1ZBbkJJWlhBTWlkOERR0gHbAUFVX3lxTE5ySzdVcVlsYXlKclNZUzF4TTdpNEIydGhNRTFraWYxQW9ManczbGJJTTE1dkR1bDVic1dOY1pZNzZSalZzelBFZm9nZkJpa3p2X1YwM3NCOFQ1aVZ3TWpxWUNERU1XM2l4NXJmTFE0dzZGdHNuOWVrQmEwNVJVYVVmc0VOMlI1bm5JLVdHOEo1NG5vZkQ3cnlLbUd4Ni1rb29vNFNfaGY4ZHFSZGdmcndvek5TTHAzSU1yUlhrWDMySmNHaWl2dl9tdTEzVnNmQnU1bUJNa21OT3BJWQ?oc=5
PG,2024-10-23,"3 Simple Vanguard ETFs to Buy With $1,000 and Hold for a Lifetime",The Motley Fool,https://news.google.com/rss/articles/CBMimAFBVV95cUxNLTVQVWg1eHpid3FkWU4xODZfZEd3T0gxOE9ZS1k5RXBFNTFsSlFzTGhEbUpqMXRnUTdnN3NkbHFDUGp4TDZTUXRDZ201WnBlSE5QcTJpeVQ0cHVJZ2puTVN5Vk9NeGNkTHZJalBuVkUzWElfSU01YUNmUWRiR2UzV0tNX3pPU2tRSF9qUDJHNnBxY3ZqbFdjdA?oc=5
PG,2024-10-23,My Dividend Stock Portfolio: New September Dividend Record - 100 Holdings With 12 Buys,Seeking Alpha,https://news.google.com/rss/articles/CBMiwgFBVV95cUxOdmtYXzZPR1NBQjZqXzVXRW5ndHRTdmNGNGQyX2VyY3NiUEdybmV3QTYtcE9iWjVQX3hiOFNpMzBJaURTeGh3eGtvY0tJSTRnVUFnREtIRTkyN255c0dJOXlEcXpDd0NCRnNBY3BxaXdya2tOZFdMQzNRRkxqY3lvZEhkcnFEZWdtUkFCZ1JTY3FteTNhb0VFbWg1NFJvaHFOdjdHN010UjF1RjNZN3FPUzJPTUVRUi1yTmpOMzh3b3ZOQQ?oc=5
PG,2024-10-24,SCHD vs SCHR: Which Charles Schwab ETFs Is a Better Buy Now?,24/7 Wall St.,https://news.google.com/rss/articles/CBMipAFBVV95cUxOcEdkX1pDc1FmVFk2V0xXRTBOWTQ5XzdHUE93VmdSNVNBbUVTSmJFWTNSQmVUd0syc2xiX0lJWGVmdHZpMy1VOWRzcWJ2eldXVC1rM0U4TDBOSU9ucjNDQ2xzdDQ0dUEtZDJ0TG85aW5kc201djEzLWVQdy1pZ3lZME9tVHlmQkk0MVJVSTAzZ3JCY19tUWM4bEVuRjc5LUpKWTFHMg?oc=5
PG,2024-10-24,"Why Walmart stock keeps hitting new highs, making the Waltons richer than ever",Business Insider,https://news.google.com/rss/articles/CBMiswFBVV95cUxOc0JRWVlmcGNjam9oS3VnenQwZHV5RGxfNWtaTWJWOC1Kc2lZYmZnSW1aWXZxeFNOOHNBN3RGRVdDNVFqT1hOdTNWaUFBN1h1TlRqS0pHaVl0Uk5rcHVaTEt5Zkhvek9MSU5kajJJZno5NUNCbENteGU4WGkzT1dWakw4YmJyQ0hfMjFoblREeVFHWXNlZlQtREVWS2RiazQ1VTBoQlFBU1hsVzBwQzJtQWtNMA?oc=5
PG,2024-10-25,Procter & Gamble's chief HR officer sells $2.16 million in stock,Investing.com,https://news.google.com/rss/articles/CBMiwwFBVV95cUxQTVdhb2ZTeUVLdU1IdHVZTndJUXIycFRKMFZXU2lmQ2I5MDVnZ1J1Smw0czhjUG5TX1h6N2hBVEJmZXJXbHk1c09NSTZCVENKMWFJUVdIUGhySy1tWFVHSjl1cnpQZllNWk5JLWtDTG9oUTRpeUtwRVY3RmhubHNqMHdsNW9OeTFyZU9HYkw4VFBNbVA0MVhpSTVUdFFuSkRWT1RQR3M1LWpBWWxCV3B1UTFrUWNyRTh3OEF3QUhFeUlGSU0?oc=5
PG,2024-10-27,3 Low-Cost Vanguard ETFs to Buy for a Lifetime of Passive Income,The Motley Fool,https://news.google.com/rss/articles/CBMilwFBVV95cUxQdmczZ0xjXzQyRE1VcTNXelllOVFsM2dlYkM0aWtYY0gwdE85TjFFMGU2RkRoalZVQVRSajZHa1FEOUdLMWZPVVRCekZRQlFVb3piR3FaSjExekhkdG1wREhTZlhKNE9JcktzdEZoWS1GNnFtYUN5c1dMWkt3R0s0eDEzMGpCUkNSSlZUR280OTRRSkpFWU4w?oc=5
PG,2024-10-30,From penny stock to multibagger: THIS is how Elcid went from ₹3 to ₹2.36 lakh in a day. What does the company do?,livemint.com,https://news.google.com/rss/articles/CBMihAJBVV95cUxQdl9lOVBQN0hmbFV0dnlXMWd2blBUS3dYNXpsUnczcmVBeGhHaUw3aDlQYk5rX1poWk1kT01SQk85WU9zVk94OFBPMHltYzloZGczeTVrbnJEbVl3Q012SEgzb25qcUY3dVE0X1ZldWdVRGF2SHpldHotWS1KYVpFQjA2Y0ZpaDdOYWlMN0hGU3JxSThtX0tFTkZISHo4N0Jjc2pncnRjZkVaSFJPQ2NuYkdjSHZKWG94VDV2a3BoOXZkTGc1V0wzY0FHODIySC15MzVCeUFKYmtxbmplTXRsMU1oVVlxSlhER3ZxQlQ0UDdRWjkyU3p2TFFQeVFETmxDOXRDONIBigJBVV95cUxPeVVwYUJPMVlKSnNocjBtRndHcEVMNF8yTm53a3NEUlFjUjVkcVlOc0JMYUVqQTBOOHhuTjFTQTc4V1RycERENE5XVGpQZzd3b2RQVHB5RVp6d1BrVzREQnRZZlhEclZHQTJYdTVqdmN6UXRHa1k0Y1Z2eUtfbmJ6ajJsMnlFR3NGZGxhdWdjX3dUdm1kMXB5a1R4ZmdrYV9rcUFhTFlLSGVHaktaZzhNOHNZS0dXSVo2S1hDU3I4dkdTUWx6SmphejNSdnBpQjViS2JNd3ozaUtjZ3lySlNsNHhGbm9kMTdZcU81bkpCVHZwaXJBV2V4c0E3bnozSEZGbmo1em1SZkJFQQ?oc=5
PG,2024-10-30,"Aditya Birla Capital Q2 results: Net profit rises 42% to Rs 1,001 crore",Business Standard,https://news.google.com/rss/articles/CBMi2AFBVV95cUxOWWhFMHZwWlNZTHVsblA1S1N6cEtKSE5hbkF2c3NYWTY3cnNGZWVGV0VfLTFxSW9Oc0JSVFItM1lKd2tCeC1mcERpbkk0Y0Y4OUd3WWlxeThtQ0hPNnFPUTN4aVFfNnNHYVZaZTZGa3BfV0prTzlnRWowN1BzREUyUGpOdDI5UUN5T0RJaWh5cFh1Mm1kb2doT2FFcE1Zd2dXRHgtdmpCbjdScG5VaGFQckh5WjlMUnliOXFPTG8zUHM4dkRfSGtQQmZ6Q2J4TmdrUVpfVmpJZlnSAd4BQVVfeXFMTWpKbXFfM0lobzNaXzE4UUdPajBMazVMVWY2WTRuSFdyWHI5UTlJSnpwUXNpS2pnSjFoSW55bG8wbF9QMmtLMGQ4Ym83c2FkUHkwQUZlaUhtY1Y4aU1vX0gxdHpCOWlHX0ZQU3JzeVdkRW1wSUZSa3ByY25BTGUtRWxreGdVYTQyeTZSVHFXc2I3cGx3OUhPV2JBcGg3Y3h0NVk4TDhjYlNQYy1VZ2t4bEdpd0xzNXVQQW4wRlBLWkF5T0xjcmZDemNZN3hSZDRlUHByVU9iT0JEcmtuMUNB?oc=5
PG,2024-10-30,"SumeetSSG to invest Rs 1,600 cr in Maha; bags emergency med service project",Business Standard,https://news.google.com/rss/articles/CBMi2wFBVV95cUxORmlFSXk3QTFFbmxXTHNVZ2o5bWR3bXFxQlNfTmpzOXhuajdYTnRra1VkUUdoZGp5d3hZZnR3UTl4THg1b1k3dUtOeGlrRGotOVBtRFJUQmNZTlQyRTlzLWlybF9GaS0ySS1OMHYtNFU3VGxGY01jUnktRjFmOTk0MzFXdzEydDdMLVNmZkNCV3NGRFNCRnZ4NjJyd1VWeElCOXFjeU5KTkN3bDBReUNMY1VLa0FKdWRkVTNhRE5MX1BGcUdyVzR1V0Z4UkFkcmwwclhUS0pFUjJyMW_SAeABQVVfeXFMTUVOT3JyODNVUWtqX0dtdXJlaGlGN0hHUzdMMzN6RGprZS1GY1g3UGFMd0pKRWZ6NlI1Y0RfZV9JSlNtNlFsdWdLUDJhamlkQ3dkUXFES1FiczdmN0g2dl9kdDB1aV9aVXZqYW8wbzVxcy1NRFBOUGM5TG5RaGhnVXV5TFJCT1E3d3R2YzY1WDl6QXNQc1UwY3FPcGFBSW9mUTMxdTFubjJsUmctdlFhY1hFRjM1cHdLbHZUNG9IWGN6OTF1am9YbEdZVVVsVXIzdHhuS2RmVnk4Y3F1bFlEQkM?oc=5
PG,2024-11-05,Ashish Kacholia portfolio stock up 1645% in 15 months; L&T to buy 21% stake,Business Standard,https://news.google.com/rss/articles/CBMi1gFBVV95cUxNVGdCV3VkSTZIWmgydmc5b3c2MkhVLUlYT3pTMXkwMWlHQXJIX0FCZWd4eXdvT0ozaG44NFc4bkpzckVtbG9WcXBGQ2pWd2RPZDA5MFBwODJ2SHdlYUZnb252eWFxaWlyNTJWQVR6M1hhazZlVlFQdEV6cE9yemZTUE1vcGloRFhtUHVFSkNQT1BhdXJLQ19uZTVTZGJmQlpUMjFkRGJMLVdiaXlyNUV3allnQ3I3NWZkYVkzS2dwRkZWUGxicXRuWHBlcDV0SmF2MHNwbDN30gHbAUFVX3lxTE5vOUg5RVduRUJmUy1lNmFoNTN4YnlnQ3BCSU1nbjJ3d3FnZWtLUm43Sm5kNC02aTZabnRnR193RGg5RnNvQTVHdDh1NTNZX0Z6TGdvSU1jajhwM0NsVjRfVm01Vjc3eUpkLU9rbGFTQ1BLdEdfZ1VZUnE5M2JNR2V3WlVrQmM5WjRoMGZ5OFhielJDWFFaakwtYmJHdDZMTVBzb2hTQ0ppc0cwSWVEd0VvblZJZ0Y3S2NqUVVMVDJzUEFUUWFKTGgzNy1nT1lOYkFTT1ZkNEs3cl9yQQ?oc=5
PG,2024-11-05,"Neutral on P&G Hygiene, target price Rs 16,500: Motilal Oswal Financial Services",The Economic Times,https://news.google.com/rss/articles/CBMi_gFBVV95cUxQUkoweVNZblRjaEFUTTZQbkRKOWZvUFhVWm9IMDVsS3hpOWNjWGcyQzZ5dGZkaWZEUmJPN1l5UmVVZm5aMldremtIU0hkb1d3Tk1DckF3d0dWbTJjZWVDZ1pzSkdMdWtGRXh5ZW1DQTN3WGp5RHByY05fTXZ3YjBtSTNrS1hBb3QyWnFhWk5TOUZGVE1leGtlRnVmN0M1ZVJ4cWZJMWdQckxXS2hCMlFnaUFJUEw2UDdzWF9MbllyY1dGb2ROcHdfRENTZVdHQklXSlpRVkM0ck9wVFZ2S2Z2QllXV0twSDhWb0QxN0tQbEZhSWk0QkptTE15QXFkQdIBgwJBVV95cUxNTF9NVG1SajNtNHdseDc0OGkxSFY3R0FxUFBRSDlXbzJ2UjRVUnN1RnlEbXEybnl6SU54R25PcDZRWEtjMjAxR3BaTmNtYmxfb0dEZmpOT2VjZmV4b2d1NHlucC1DcDhkaWI1UGMzY0loVlBNeEsxZ2MtZlhrNm0wbjVyeVdhWW9vbXFLWC1McHcwbUJBbGlOd1Uxdm4weWxGNzAtS1pScTFXZjYxazh5b1RYS0VxUXV4MENIX0g1V0F3eHpPVE05X0locDNkcDNWZzJWNXYxUnFueEIxZ1pZeFQxdGNHTXBjWW9ZeXp0TFViYTZzdG5DVTZxZHlRSGswbmtz?oc=5
PG,2024-11-05,ABB India stock falls 5% as September quarter results miss Street estimates,Business Standard,https://news.google.com/rss/articles/CBMi2AFBVV95cUxNOVlZMDNpeXBGb25qVFF3S1RkQW9VR0ZJbnpITVF0M21IOWI1RUd6YzdvaUhSODZ6Rk5aMUtCbDZFWkFfbDBIWWVsZnVZMWh5aDJmcWo2Z3NRcFpwd21xVVFqcXE4c3JubVFhUjI4Rmp0MjVrVVItWE5kU0Q2WUJqUXJXdjd4OXhXN196LUhiOHBJS2tFZ3p3cFB4UXJZaTd2T3ZFNF9iYVJuZ1o3dDNvTjJ1S0FqZVdoWi1wbHNsWDhRMjlGckNqZFh1WFpRcC1obnN4QlJDY3LSAd4BQVVfeXFMT3F1SFp5eDNkbmtTcXhqclVzTjBvLUczODQ2ckRfTEhOMzI0WnBYd0NGZFUwRVBEQTFTMHRpY1dsc3FnUkotcEJma2l4NWVSZ25MZWFBeXpIV3R1SEUxN1dscURGZXNsbmQ1ekNXdktxaGVhZThZd1dQRll3R2pXb1IxMlZHWVBYUnlFUFM5MlB2V08xaUs5NVFRaUlQcVRfU2xlSC1lQk40eWxocW5ZRzdPMlhUdFR4RHFBcmxlWHRGdjZCNDBjZzVGaVpzZVV6Y3pEeDkteC1rTmpLSlNB?oc=5
PG,2024-11-07,Want to Collect a Dividend Every Month? Invest in These 3 High-Yielding Stocks.,The Motley Fool,https://news.google.com/rss/articles/CBMimAFBVV95cUxNTGxRc1dYaFN6R2VzYXRycUlyYkt5blMtQm1hZURqMWxna1VfZVFyUWh2UEVraE90UEs4WFRDSllJSTFpR3ZzLXRzV004aWJ5SDl3LUV3UE51SFFWME1WVDB3Y3o2blI4SGIzTWVjUlBQQjdqRTJrZmppSmxMeUQ5WG4tNGlmcVVtaU1YWDhSbk0xTmJNZUhFQg?oc=5
PG,2024-11-08,The Secret to Managing the Walmart Supply Chain: One of the Most Effective Supply Chains in the World,Thomasnet,https://news.google.com/rss/articles/CBMiZ0FVX3lxTE1oTEY3U3pDeC15QUNNUzA0S2VhRnBpaFd3Qi1CRFNyM1QybGZia19wQzNHSEJIT1dadlE1aFEtd2E1SUFoZ2VYMkhEOTJnaV8xTS1JS000Zy1XUUlaMW1MWlI4T0NSbWc?oc=5
PG,2024-11-11,Top 7 Sectors in the US Stock Market for Malaysian Investors,Moomoo,https://news.google.com/rss/articles/CBMilAFBVV95cUxORXQ4RkRaNmg0SF9LWjNORndxcmFZWUlEWWticmpuYy15LV9Kb0prNFc1VjJIWUwzenhiUUlCaFRnSUR2bURHQ0RMWmlmU05rT1dITjZVZEJFNGI5WjlRTm9iS1dHTThrZ05WTkNRVVJESVczYVhfWEJOVllFRDdGNDl2Y1ZCOTlFZXU3YTVaVk92OGNJ?oc=5
PG,2024-11-14,Why Are These 3 Vanguard ETFs Underperforming the S&P 500 Since Election Day?,The Motley Fool,https://news.google.com/rss/articles/CBMiiwFBVV95cUxQWWZXeDhUY0NDQXh0R0VlbF9XZzRIT3lmaTc5WnA5QlhyZ3FTVmd6NTVMQjJVRVhFUjBUdGlIS3NJdWhNRmdfczN3WlNFaDQ2RllKVkQ4Rld2NUtMclAtdzliazRIeE9OQ3pRUWZvSkJMMzBoTTgxRTFXQVNnOElEQUt2NTZtMEVqQWtF?oc=5
PG,2024-11-15,"US open: Stocks lower following Powell comments, retails sales numbers",Sharecast.com,https://news.google.com/rss/articles/CBMiywFBVV95cUxNalAtNk1HRVpROVRxWHY1bzd5bEozeWt3SjYtUHY2SVVWZlpFbFF3SjdTUU9CeGtUTmNBZm9QWk5acFpmbDEzMWx4THc2UXY5NllRaHhyTDdRZHdQbXhmcGNGbFpQbjFCaDU5elJoUFRYRFVJM3FvcG5yUEdyVWhKbkRWTTloczBPNF9aZVQ3TnlTZTVIcl9jUzg1dkl0NTFNNjRvUWlBcTJHQlpOSzJfem9Mc2prY2lMcVFUMWtyU0NzT1NKN2xwZ0Ixdw?oc=5
PG,2024-11-16,Should You Forget Coca-Cola? Why These Unstoppable Stocks Are Better Buys.,The Motley Fool,https://news.google.com/rss/articles/CBMilwFBVV95cUxNc2kzWVdDSkNLT1hDSTdXTTlSM2VPUlRnWUE0Wkc4WnNMU09mRlNSX2wtWFlXMFpycEhPN0pKaGw4UEpXVGZTSHc3WmZtb09tWC1LLTZ4RWphem9ZNko1WFI2eFBIX1UwVGdwdnJsUjJMVUlQMG9FaENZSWQxYkhjWFZOMlJIWFIwS3c2Z2NiZjFvYm13VVJZ?oc=5
PG,2024-11-20,"8 Times Product Boycotts Worked, and 7 Times They Didn’t",24/7 Wall St.,https://news.google.com/rss/articles/CBMirgFBVV95cUxPZm50SG5LRkotOXV2ZGc3VzB2aWxBbGdQVUpzVUFoUGJfYXN6RWVFTjBaV1pMekQxQ241UzlwQkNrSEs4UEZ6aHN2X1h1bS1QeWlNYWxPTklSbUVoTXloekRUTXhXMzRwT21jRExhNHhrcVpJZ1hpRGZ6eVJrUzlKYlVpQThtZW9Db0FCN05YSldCcnd2VVNVMXVEMkdYN0F0QWE0dHloMVVMTU56OHc?oc=5
PG,2024-11-21,"Mediaocean acquires Innovid for $500M, delisting it from the NYSE",calcalistech.com,https://news.google.com/rss/articles/CBMiaEFVX3lxTE5VUHFhNHRvOTdXNVd0RWJ2NTFLc3Rva0VWWE1yNTRGTkdCcWpnYnJNZWpQVm5EQUF1ZkE2ZDBHc19pUEhWNDR2dURjeEtaaFl5U0h5ektaQ2tMemJvWnJwLXFQM2w0WTY2?oc=5
PG,2024-11-23,3 Little Known Stocks Involved in the Futuristic Plastic Recycling Industry,Equitymaster,https://news.google.com/rss/articles/CBMi3gFBVV95cUxQX3VmRXA5aGZxNzkzaEpveXk2VnhyOFFmOXR2UjMyQXFjMGxWZE5QV1JyN0U2ZHk3UWxBSFNFZWxtcDBzRGRjY0dJZG5EUlROTHlhMXhoaHlYZE5JNUFiaktHNW12QzlhSmFSY0lfb3ZkMEUwOFp3WEdtNGl5dmFnY0VPY21kVlRuXzRqYXh5eDZQQU5vSXEzVzlsaXo1OHlYQzRHaTQ1SWE1NzNkLUpyb0RQdEExdVJQbXZsNzRXV1FfRUM4WDlLLUdJS1VjLXQ4VXRDdTZVenloNDV4S0E?oc=5
PG,2024-11-23,Debt free FMCG stocks to add to your watchlist,Alice Blue,https://news.google.com/rss/articles/CBMihgFBVV95cUxQY2lkOFlQOF85cGFabE5wcnl2QWpGUHl0bjJnWmVNQy1fS1lKV2cxdGxmeVhtWUJfNXYtRWplUmRvNDNxajFWalZaNVd5dXZ2LVM3aTVsRE5UVk1FdTlzV1lZc05uX1Y1dW5obTE1Mm52TFNpRW9WN0N6UE1sYXpVUk1ISlFPQQ?oc=5
PG,2024-11-25,P&G adds four focus areas to spur growth; CEO says strategy is ‘battle-tested’,The Business Journals,https://news.google.com/rss/articles/CBMiqwFBVV95cUxOWExsSVhoUktBV0QyNDNVb3UyNEhzVlZNZ1daWm1CQ1R2bjJKc3Itclh3cEhZdmFYc1pucDdzMjlWUTVHTUdSWVlUQkdLdkY1Q2gwd2xfWlVTbGNkRVQza1FoTTZsLXRFeFVlVGozczlJY2pCajFVTk9fMmdraDdhQlg3ZjBSVzZtMWVQdEtYSloyRnVOT0xsVDBONXRPRGNZekNlYlZLYmpLZ3M?oc=5
PG,2024-11-25,Procter & Gamble’s stock upgraded to buy as its China business is perking up,MarketWatch,https://news.google.com/rss/articles/CBMi1AFBVV95cUxNelhCUVBaSzJETkVWOTUxQlVQRV9hcFpTQmE4ZFRURlpDSm9KYjZ6b0oyZG9FNVNVR1N3c0hmaG9ZNEhncDkxc3Vva2JJNEk4SGpOd3U5dHpqdTN2a2VVdWxKTUhBMF9wQ2ljeFZuRVRnSnViR2g0Wmd5clp5bFhVcllUNlhsaHB6YzhBVHpOc0FyWkJIMmlvUF82VDhVcC03T3VKQnFFTTdkX1ZEdjlkM2kwOE9pY0otcEJYV3pxX19aSGpydUwyQmRQckZHZkFZeDdHdQ?oc=5
PG,2024-11-27,Mahindra & Mahindra unit launches two new electric SUVs; share rises 3%,Business Standard,https://news.google.com/rss/articles/CBMizwFBVV95cUxNcTRBVF9WOGpfTDIzclZGR3U2ZFNXUWJRTEh3eVd0dUVOb09pSXlEM0gtYVQ5cnRLX3l3SFNVUUExcHR3M0lha25wbWxfQkZQWmNOUjB5QkFMMzM1M3ZsenpkS3Joa2tzenJYOXNfczFmbjl5TEFKZmhOWkt4N0g2WjJhTWtWOVkyVmxUc2hzSzBtUjhGQ19PZVNVWUhEZDA4RFY5TE53OWpxMzNtMXpUS0VHTFdUcm1NX0h5ZGZVM2dCbThCaUJiaVJhR2xwbFnSAdQBQVVfeXFMTl9RVW9PekkzaTgwTlU4RVJ5RHZJX1FydWcwbllyMjhjTWdEejBSZnp3ODNRdVFmLUlMWmhrRTRJeEtTSkxhNVVZOXFOWjhmZ3ZsVnJMRV9ZSTBXZzF0alNkRE1NeEhSSHQ5dDc1Um85VjZuMVdzVkdIc0UxSl9Va0NCdHVfVi1fU3A4ZlNsR0FTZ29XRFhhZF9OVUNZUks0LW1UcFg0Wnk0anE3dnZPSGhaeWlocV9hYjd5VGg5OENHOWRCMW9jOVkxRGNLSWotVXIyaUE?oc=5
PG,2024-11-28,UL Stock vs. PG Stock,Forbes,https://news.google.com/rss/articles/CBMihgFBVV95cUxOdi1TYkRUYVgxTVNlTWFpRkdfd2M5d0h1MGFNX1JqWmNDcXVHSnB2Y2JqMUt2bGVNcnNLVnl0ZkFWc2dyRlRWdW4taVhIMmNWWHJyNDJfX0NEVXJWeG1yYVh2MHROZko1UElCc0tvMEhBVjFLYjJWWWFfeUozaURlclNCUk56Zw?oc=5
PG,2024-11-29,2 Consumer Staples Stocks That Could Make You a Millionaire,The Motley Fool,https://news.google.com/rss/articles/CBMimAFBVV95cUxOYnNqbnVFaHJDTW5jckdyMkNubTdvc1hTbFJ1bzl1NUo3QmtEb2hubjdYSUN1V01Yc2R6cU50WFZHTzJTTXR1clhZUE10al9CTDhmZUJzMlFZam5pcnFjX21wbHlsNDBXbmFETXhDSmI1ZFNPanBSeFZEM1MxS2xubVJOX05BYmZnUTR6YXp1TGJvRy1fS01MWg?oc=5
PG,2024-11-29,Forget Costco Stock: Buy These 3 ETFs Instead,24/7 Wall St.,https://news.google.com/rss/articles/CBMikgFBVV95cUxQY29pN1lPd3RpZXk0VHBsTnh2MEh0OTFUcExibldNNUpRX2FON293WDE3OUVYN2w4WGtsZmF5aUc0dGl5bklBOE1jZ2FVTmE0QlB3N3V1RXVJQ2JrWDZJTk9iTnRUZDBtdXdoVjd2UmhOWjN1cEdWYmx6QlJQTFhhM0xFajNWWXJVb0ljLWI3MWdRUQ?oc=5
PG,2024-12-01,I'm Not Counting on Social Security COLAs to Carry Me Through Retirement. Here's What I'm Doing to Combat Inflation Instead.,The Motley Fool,https://news.google.com/rss/articles/CBMimAFBVV95cUxOUndLblZ3MUhSQ0NnSElhV2tmc3V5eHdkVmZHU0VxUldxTndWZjRmaVpQZlpaTjdteWtwd0pVTlNQTUhFaFkyOWIwbE45a2JKMjZwMzRIb3NaZjc3cWdSVXpCOEdzZmpqaEM4cEM1Q1hpQldIODRrTWc4bUd2Q1lzOHhob1EzMF9wZ0NLTW1iZ3p0WFZvN25TbA?oc=5
PG,2024-12-01,Costco Sales Topped $250 Billion in Fiscal 2024. But Less Than 2% of Those Sales Are Key to Understanding the Entire Business.,The Globe and Mail,https://news.google.com/rss/articles/CBMirwJBVV95cUxNcmV5U2VhakVXYkZ1bEtoS0V5Vlh1dUtIR0gtakJnQkQ5djRKcjhxVVE5N3NNY3ZKZ2ROR0o1dTFVWkRHd2dYUFI4eVY1YmtvR0RIUndSaVBpNUVuVUpFTTRiQzJDa3c0UWNsS3RxZ0ZnalJDbFhkMWc5OXFkSVRRNWY2clBFQVcwb09RNFYwNDhoVnVSaGxSckVlMUhLb2IzMDVLb1d4ZDdVQTYyUVI2ZnhPa2VxempOVVV5eFc0NndGZi1CY1dIM29xQkU4SE5jUUVjVDFyaVBIQlZ3ZlJISmhjS2diSWROeFJDTWdxZEFEc01Qc0RFY29ZTnRKb3NLb0ExMzR3a2NBZHVaeUtZV0g1cURRek9fcVRFejhjLVF0UlJyaUYzRGYwRTN0Z00?oc=5
PG,2024-12-03,3 High-Yield Dividend Stocks to Buy in December for Generating Reliable Passive Income,The Motley Fool,https://news.google.com/rss/articles/CBMijAFBVV95cUxNMngyUy1tR19CUVJCUDdRUkF0M3ZqZEJpX3VpOUphMC1qdUpBRmJubGk3U3ljbkFoVEJydUtfaHBnWVNFdjVaZGdkM1BaV2V1TlFvU0sxZEdSYTRyTkZBckVTY25pOXNlanFWN1JENldFcGs2aFJ0d25Vak9DYV9iZnNoT3laNDFfY3o5Sw?oc=5
PG,2024-12-03,US Stock Market Outlook: Tariffs Are 2025’s Wild Card,Morningstar,https://news.google.com/rss/articles/CBMijwFBVV95cUxOUzNHYnpDa2lYZmg3bXJMYzBCSUJuS2h6dGxPQmFTSDJvaldtS1ZHaTlDVnRqUkxYNGpKTHRlOE5YaFVKRHBxOG1peEVWNDdCeXBaQTl2TUFwb21BLWFhUldsaGU1djlPNG9yZ1dJLWh5dXNXbXdzcGh6LWU0MVdsdmIwQVRrcHhLdEtXdHctNA?oc=5
PG,2024-12-05,"EXCLUSIVE: As tariffs loom, Gillette-razor maker P&G sourcing more steel from India",Reuters,https://news.google.com/rss/articles/CBMiugFBVV95cUxQSlM0TmxNZ1B3SUJFX1dxV2hfendMZzNTbEdaTncwbDB6aFNSakFhV3p0NlZTSEM3UmhLc0xDMXZuNWxjcm9hd0ZTck9DQWI3WDhwMUVscU54Ykc5MkRndFNjc1Y1SjA5bVVrS0NmRTVzTVdlbHo4S0VhalBzbWk3NEZqLVBweTVmMTRjd3VySzAxaC1lRWs5Z2dJNTIzdXlhaU8tUlVXMF96MENCYkRqazlCc1RoRS1vQkE?oc=5
PG,2024-12-06,How Much Would It Take To Earn $100 A Month From Procter & Gamble Stock,Yahoo Finance,https://news.google.com/rss/articles/CBMifkFVX3lxTFBDc2Rqal8xb3dDTy10WE15LWw5Szhyam8zWmFWRzU5dGp4V0lYa3p4R2hoQzRCRFZXZmpoel9SbUpHd0RIbDRJWmlmZWF3dGw2UEhKaE16cjlyRUdaaWNnTXh1UjNRTmhfTElfc2pDbnhLWGhYVUEwS25DNXE3Zw?oc=5
PG,2024-12-06,Best Stock to Buy Right Now: Altria vs. Kraft Heinz,The Motley Fool,https://news.google.com/rss/articles/CBMilgFBVV95cUxOWDBFV0lhWXBfeHpsb3NIdG1RY09HcjNnNDJ2cXJyZFZrUjltMnYybHJsY01hZWp5SzlhLUxnQ2ZoNDdJRmx0Vk1rdG51Q0lYVEY5R2NCY1VjVHJrQXZNaUktRlZBTXQyWS1SbWlLT2NJLUlQc3dQSjFlYks2bUZFdzllRXJCLU9qcy1ZNkYxaHQ1V250Y0E?oc=5
PG,2024-12-08,Coca-Cola vs. Procter & Gamble: Which Is the Better Dow Dividend King Stock to Buy Before the End of the Year?,The Motley Fool,https://news.google.com/rss/articles/CBMiiwFBVV95cUxQSEZ3LU1IQUlDNHl6YTN3ZFU5aXI0Vm1jQjg3UnpwS3BsNFd5TnZEYkJBMldvRWpaU2ducTAxU29zcGZKZ3kydlc0Vy05c1dfR0hjUnEySTdzakltSTlNQk1TZldOZWxhTkJrOVJpR1dLcTdjbnBkRm5EdDJCWjA4M0lyTXRkRkstcUI0?oc=5
PG,2024-12-09,Top 25 Most Expensive Stocks In India For September 2026,Forbes,https://news.google.com/rss/articles/CBMigAFBVV95cUxQMUNVZWplNVpYb3JBbDhsNldDWlJTR3VHNXBKcHNMbWlZOGNvMkpHdGtfYl9TUXpRNUNIaUlxWDVEYmxpUHdPaVA0MzVnS1hCcC1UQ1dVX1JuWXZCQlMxSFRaVWNUYkxyVno0YmZGTF9MZ0Ftc3Q5SlNDNDM5Q1Y4Yg?oc=5
PG,2024-12-10,Warren Buffett's Top 10 Long Term Stocks,Equitymaster,https://news.google.com/rss/articles/CBMirwFBVV95cUxQd1dRdmxpcTJvOER0WVhwZUlIYWRORFM0QmF4bEc4LWloQ0pJT1l3a0gtUjNfRDBveVFtei1pWWhDR3Y2ZThXZWNsWlo3SlM5NmV6MDYwbF9VRkk0SVgwNVJONi00OUdUdWY5TWdsNGtHQmpLaEZUaW1DOU0wWndEWTdjck9xUTl1Y1VYcVVxUzJfVEZ5MHR3TjFGdDA3X3VOREJKeG5CQkJCZkMydE9v?oc=5
PG,2024-12-12,Rohini Venkateswaran named Sales Head at Procter & Gamble India,Exchange4Media,https://news.google.com/rss/articles/CBMiwwFBVV95cUxPZWpXREsxYUZOX3l1cjZoSzh4WlJ2MWVwV01tQ09Qc3R4MXFCSkdvWF9Id01PWWx3VkExOGp4SXpoREhpLTJOQUFGSk9adEFqXzktdmhTME5NV29vSXlVbTRQanNDZHlidmtyTjNNdTYzR2R2Y20wTUdZS1Z3T3dGaUJzMlVHbldTelVrNnU4NEVCeFNuejB2VDRtT1RpdEh4dzNJMC1VTnRUX3MtOEdxNVpoS3JpTzZsMDlacHF3aC1rQnc?oc=5
PG,2024-12-12,"The Zacks Analyst Blog Mastercard, The Procter & Gamble, Novartis AG, IDT and GSI Technology",Yahoo Finance,https://news.google.com/rss/articles/CBMiiwFBVV95cUxPX3FvbUc3V2tHTXBDQ21ZZUdUMHAwUXdqY1NQcG5IOE5NczA2WTRZUU1XVFFXY19UNEZ3NXRtWkRhVmlLUkF3R0pYNUJXSzVIR1QwTlZqVlVWMnpfczYwcUpjZTR5NVVwLUFkay1sTVVZMl9VQTBieDJWY2NzRlJDQmh5RFNfR1FJdnpF?oc=5
PG,2024-12-24,Why the ‘Dogs of the Dow’ Stocks Just Might Deliver in 2025,Barron's,https://news.google.com/rss/articles/CBMic0FVX3lxTE8yWEt6dTVueDY3cjJGbEZBZ08za3R2THNxZDdRakZOVmp6ZUotN1pnOXVVNC1oN0N3VjIyLXROLUxyS3ppTlhuTFJsWHBiUlRhWUJtbmp2blBwQkh4OFh0cEE5bGp4Z0F3RHd2Sy1XeEJSQmM?oc=5
PG,2024-12-29,The Smartest Index ETF to Buy With $200 Right Now,The Motley Fool,https://news.google.com/rss/articles/CBMilgFBVV95cUxPVVBISDJlYTNSQ3U2UnFBYWlaanhlTTI1eFlCazUxUk5ZSTY0U0c5SnBKUjNxcklLUUxFOHNLYmVkcGNMSHlFYTBKcEhIWkNPQVNTMzVucDYtN1NYSkdBbEgzTE9hdC12ZEIzX2tMVTNpY1V2YTA3VnJLWmdlSmhlbW5vVzk0SUt4SEZmZEx0amJFY0JnWVE?oc=5
PG,2024-12-30,Best Monopoly Stocks To Invest In India (2026),Forbes,https://news.google.com/rss/articles/CBMif0FVX3lxTE5kUEpBYkFFd3FrSl80NFozeHRid0t2YXNGQzBaTXZoRjJoZzFPUHJqQTFudlJ3S0NNWU9FNFBJNS1IZjd2LVh4RHBRQUZmTTZMZEU4OWJIRDk1clFUeXlSMjdWdHdaNWtZZjlIbUNidDRuQUJSbFFDWGJTaFNZSGM?oc=5
PG,2025-01-02,"3 Ultra-Safe Vanguard ETFs to Buy, Even If There's a Stock Market Sell-Off in 2025",The Motley Fool,https://news.google.com/rss/articles/CBMihAFBVV95cUxPbnhoOTA1Y3lQQ1p0bTFsQ3g0ZmF1T3Y0QWZKWmJYT0tncVNPSERXaExmWHM3eUdXUC1jYWp0ekFmeUpPMEVDTjNfa0l6bnN4eGJ5UlVTdU5KclZuVW9rdHpzY0MzMmNsUDNsTldVdWRyVF94bWVrN29zLU1nbEl3M2ZnZkg?oc=5
PG,2025-01-09,BRK.B Forecast — Price Prediction for 2026. Should I Buy BRK.B?,Intellectia AI,https://news.google.com/rss/articles/CBMiVkFVX3lxTFBNZTJBY08weWZaVm03ajlWdVkyQncwTjN6NGNQSC0tSDVMNHE2Qkg5TkR6RnMzcWk0ak9MOUtyS3hvaWtFSVpLcGVDV3I0WFFyUy1rQ2pR?oc=5
PG,2025-01-09,Can the 5 Worst-Performing Stock Market Sectors in 2024 Beat the S&P 500 in 2025?,The Globe and Mail,https://news.google.com/rss/articles/CBMi-gFBVV95cUxNLW5kcVZva0JRbUtOaFY1Q05hN0g5RjNRQUpVVjJPczlBWGpLNEJIdnFEUGhzc0xiMm12Q0FNZ3FkQTQ0YXhZN1dxZjRFeU85eFFET2JhN3d4bWI3bG9xT2xyMGdfUktFRDdGWEVaLTdmbXZFS2tLRnQtUmMzLWRnRk5GNjB0eEtQOGMwMjRmMW9GZXdvZ0VKVjAxSUtDSmJ4cVVmNVJGb1hHdTVSZ002ZmVvUE01THJOcTZ6Y2dKZ0haX25aa0N0TzF4WXNjTXdpM2tXb3Zob2dHR1owYmVhR3l1WmhnbDFnWUU1T2c5VGFFQWxzaHk5N2Fn?oc=5
PG,2025-01-09,JPM Forecast — Price Prediction for 2026. Should I Buy JPM?,Intellectia AI,https://news.google.com/rss/articles/CBMiU0FVX3lxTE9xdTAwZ1d6X0Jyd1Y4d2EwWU8xd0pLTmM4eTdLVWxaU2xxakxuX1RDTlRhaFlTelZQNUZfODdUTWdSVmtjTzBhQ19nZV9NMkRZX0Jn?oc=5
PG,2025-01-09,Billionaire Nelson Peltz Keeps Buying These 2 Stocks Hand Over Fist,24/7 Wall St.,https://news.google.com/rss/articles/CBMisAFBVV95cUxNTFZVT29OS0dVSWs5R2Z1UDhjWjVVYWRkd3lubDRZNHVRUE9fWXBsc2x4Y0Q2RFNKUWJwYUh1b1c2bFg2cTdYTHJkU2lBTU44VWNHWVE0aXpNbURIODEwbExJOC16YkZ4MzJPOFVHem5XemdXQWNKQUYwTjNIUHN2ZEE0WEVvTWoySklJYkpXYllod0lOZkFzcUN2aXNxYWNXM1JYQlk5elFCeU5WSFFjNw?oc=5
PG,2025-01-09,LLY Forecast — Price Prediction for 2026. Should I Buy LLY?,Intellectia AI,https://news.google.com/rss/articles/CBMiU0FVX3lxTE1XQy04ZG5XNDNBUXdyY0tJYVpZXzkxbENLaC1oSjZXM2VXZ1cxd3lqb3BEMmR0VFJ5MGsyaC1lSHg2TEpzMGd4d0tTZFFwSjdmM1ZB?oc=5
PG,2025-01-10,Value Research's Long-Term Growth Portfolio,Value Research,https://news.google.com/rss/articles/CBMirgFBVV95cUxPZEJSRjVBd3pja2doVUQ0REFKbWQwNEdfLWxwbjdReTBwS2prWW5qdzdzOEl2NmtqbTNPZTE5SHFnMHFuR3VzVktRWU5VWFBhdGlmS3AwVzd3M25JV2lyZE4yN3dKaHBFbnU5ckhZal9wRllwWU1QVDR3OTBFaG1IelRqNTA4bmNENTZrcTBVTC14RWF2MUw3T0VucEJ1bTRKeDE0UFo2SHBlakJBSFE?oc=5
PG,2025-01-12,Could Buying Kraft Heinz Stock Today Set You Up for Life?,The Motley Fool,https://news.google.com/rss/articles/CBMimAFBVV95cUxNWW5YMmF5dmdwZXdLc2FvN3dqMV9PX0Y2TG90cDRHYzl5TzhET0ZMMmloM0pjamN3QWpTRWg0dm93Q1ZJZ0dPLV81cDh3T1NSUGdBeXFyN2NQZXRyekpqMWc5em03c3B1Yk0tcERtVTl2Nm1SWjFIdDJNX0pJMFlYeVlHa3BQTmMzZkZGSVE5UDRnb2pEczNibw?oc=5
PG,2025-01-13,Growth or Value? Some Megacaps Are Both,ETF Trends,https://news.google.com/rss/articles/CBMiakFVX3lxTE1hZnd5NDZGdnpkTF9ZN3phVzlrWTRQTGhFbENjaDNCYmlhdGhNUF8tT2lvVjczLXAxd3pSMWptWlNXMVhvTEpzX3RwOEhVM3BWOHQzcTlpY081ZWZnS2JxTGFjZGNVLURwNmfSAW9BVV95cUxOTW5QNXZLSWc0X19iYUpNcVZQMVlhN296WVRCUm1NWlc5TC1MQmdLVWhWSGViRDQ5THJZQ1laS2xPdENwYnpyOVFrZnAtUDZ0Xzg2WnAtMFktcGp1VUtmWTRteVBieDlHeC1nX2Y3dm8?oc=5
PG,2025-01-13,PureCycle Technologies: On The Brink Of Something Incredible (PCT),Seeking Alpha,https://news.google.com/rss/articles/CBMimAFBVV95cUxOajl5OGVZaThvbkRpQWFQSk54RS1EdGtEWW9EaV9pMXJBaTM3VUVtYzNRblBUS3owLTZia0dva29sZVNJUC1XWnQxT2VkbmhyWmotZWlRc3NvUlB3ek9DczZIMTZMU1c2UXotc1JSc1lMbEgzNTk5aG5aSURvREtyOVpqUlhIUDRxUjh2c2lvSmgwUENhSTNsZg?oc=5
PG,2025-01-19,Which Vanguard ETFs Offer the Highest Dividend Yields?,The Motley Fool,https://news.google.com/rss/articles/CBMimAFBVV95cUxQbVJHYkdFNk5aMXBGcGd5THYzLUZRcUkyd25xeGt6blFaa2N0NDlMWkstQkh2bGZ6X2RJT3dTUTFIcGgtMXBKYWZTdTdmLXhpNmJya2FRU3VMYWZmZXhGS3paZjh6QnNmUTJsYmt4OWo2cHBRRUpfbldZMVBIT19vOGZCSWE5Z3ZYQmRvM3k3TmNnWlo1X2hTOQ?oc=5
PG,2025-01-20,Last chance for the Mrs Hinch Cosy Season P&G range,Scottish Grocer & Convenience Retailer,https://news.google.com/rss/articles/CBMilgFBVV95cUxPV3l4eDhoczhuSk1lUVhwN0FOVzJTbjhqM2R3WlZ0WDVSVXl3T19PTzVMdUNmSGduaDVZWkdaa2xGMG1xakdVVUdQU3o4VzBsUW1vZjRBY09pRjVhbE9mNUZpTXNRNVRfUGRSRU9jUDZUWDJNVzVGWFU3SG5wZFpLT2p4NTBFcVBQdXpQbmoyWmpYTWZLNWc?oc=5
PG,2025-01-20,Procter & Gamble: Low Returns Ahead,TIKR.com,https://news.google.com/rss/articles/CBMiakFVX3lxTE1EYVNqZExzbXg0UGlIMGpHczl5VDJwRVhXVTBrcDJwYnpaOTlsMUNJTXg0X21kT1FyYjNhaUJGWEhXVlRoOHJsLXFJb0J5QVRSeXJ2YWo4SUFOV1VwMXpfZEo0R2U3NUt2Q2c?oc=5
PG,2025-01-20,What Analysts Think of P&G Stock Ahead of Earnings,Investopedia,https://news.google.com/rss/articles/CBMilgFBVV95cUxNVmhhaHF4T2QyWWxuRjFnOTBFV0RicWdqUXNGa1RZUnJwb2tuMnQ1SjNpakFVMENCTjM4dU0yUVB0N0xna19TRlg0MU1zZDJwY3dDZUpzM1hYWHcwNkFZVUhianFQN3lBQk1XalVDN250SDBGZnN5WFdfSHhnMFJfb3pBcGpnTmR2RU1oNWJtRlBqa25nYVE?oc=5
PG,2025-01-21,S&P 500 Hits Record High as AI Powers Tech Rally: Markets Wrap,Bloomberg.com,https://news.google.com/rss/articles/CBMilAFBVV95cUxPa0FUWUtaQlhHRW50ejNVSXkwZU8zMW9kV2lJbnJnU2dnM3VYcTNuX2ZmUUt6RlFWejBqQWR2Z1Ewb0dKaTZjZzI4c3dRXzBoVWtiSzF0aVBBQW5IYWl0clNJWldRd3l5Y2JPM0hjdWpqWWpxclMzVFNpbElOV0RwQ1FvNGlOT0dWOWQwbFhBNExYSFU2?oc=5
PG,2025-01-22,"S&P 500 hits record high with boost from Netflix results, AI investment plan",Reuters,https://news.google.com/rss/articles/CBMivgFBVV95cUxQaUpwNmVGUlJudmxxcVZpbzk3X1BHR1RLay03Z3NYWEhuNmw4WGVhX25kcWxjUXRSUXdoTUpVdVJUMzZhd2s4Y1ZocTFjZ0JQTEtOakszMTRFa01KNnNxcUpZTDZKOHBQdFVHX2FJRXpUNllrOFhKdDFqMVlXU1hXVjRpa0dVTmRkTldHa0FyOGZ3U19zamdFV18xVVBmNnNQRmw5MFZvUF85RzJGVjBHNEtJb0lhWHlyUTI4bDVB?oc=5
PG,2025-01-22,Stock Market Today: Earnings and AI Send Stocks to New Highs,Kiplinger,https://news.google.com/rss/articles/CBMipAFBVV95cUxQeEFKc3laQkJueEhaTi1zUE9YcGZKWW9MWHV6U3pQSlJpYzU3N2tqN1JOMFJhRjdabzYxNl93aW5nWmI1Zk4yWU1kNE9mSkg3TEFmRVdSRm5oZ2QwRDlxbTVZNW1HcTRmU01hbG1zNENnX25hUFN5WUhzRGsxbFVBSlNVeVJ3Y0JYSlZyRUxzQTk1dUVRWmRGMGFTeUlRNENPbTdwLQ?oc=5
PG,2025-01-22,5 Fundamentally Strong FMCG Stocks Down 30% from 52 Week Highs,Equitymaster,https://news.google.com/rss/articles/CBMiywFBVV95cUxPeFhBNk03U0I5Q19veTBsa25FYVBxUkpnd1daWTBhc1VGTGpVbGxSYTN4MWhTYk5lc0wzZ1dfYnRoQTZxUFVDSVg4VEVnRzgxa2NZN1R5X3MtanhmRVBvaU5NaElHeTlFWnBRU0JEa1hnbkJuZy12LWxwWjZVQ1FXOXF2dkU0SE9wcEpZVV85Ni14NlhvUmE2SlJZdnVWc2ZKVEJBVE10Z2RGanRwRm1DTHpPSWVOamdDQk1LdTZmcFRqY0JKOWFoOFZiTQ?oc=5
PG,2025-01-22,Procter & Gamble Stock Gains After Sales Exceed Expectations,Investopedia,https://news.google.com/rss/articles/CBMioAFBVV95cUxPT1lRSEhuSWlJU0RVOVhFVEdQdnd0YUdHQjVuOXp5LWFIQzhpY0VheFh3ZEtvajBYZzBLSXVDZldIVUhDSUFyWG9ZN2R3dEhKRjBCNklFbWNjUTd1bXdaTlFuenFRWVMtUkdIQjd2bVBrX3VQOWNmXzhpSDYzdnF3Szl0SnV3cTA5aFl4Um1XNXZrakdOWFZmdW1ZTTU4MHFl?oc=5
PG,2025-01-22,S&P 500 nears record high as traders take in strong earnings results,markets.businessinsider.com,https://news.google.com/rss/articles/CBMiugFBVV95cUxOWWpTUlItQXo0Mm9EVWVoMEo4czBUbnBJUlRYTmNvaHRXTFg3MmJ3Ulg0OGdobUJ5bjVYZHc2RVkyVk5MSHN6cFh6dGcyUm8xVGZoN244TTNudHZTX29pcXdsdE1VRGVVUUQ0Qm5rOEgxZDBqX2VueXE2RDdiUGF4bm9lUHd6bmU3WkhIa1dZMm02ZjVjNU14WFppNFVjcTdHMGtIRkVBc1kwTld3QXAwWVBZb19WbFJWQnc?oc=5
PG,2025-01-22,Procter & Gamble Earnings: Sales Trend Higher on Continued Brand Spending,Morningstar,https://news.google.com/rss/articles/CBMipAFBVV95cUxOc01INHRWRzJ5U0I0eVlmR0k4czJtZjkxTEVuRDZMbzdUb2p3dGtvcWxRU1A3T1VxeUc2VnFRNW9hRWZVbGRGelpVN0lsRUc5Ri1zakcxLW5tdXlpSE5VX3dCUk9TN0hhRnp3R2Y3YlN5Rm1ZdlI4MEh4QUtUdi13XzFUZ2NOUmc4cE5VSmlHeldnYWdLaVUyWl9IWHk5LVdlRklHZQ?oc=5
PG,2025-01-24,Will Walmart Become the First Dividend King to Surpass a $1 Trillion Market Cap by the End of 2025?,The Motley Fool,https://news.google.com/rss/articles/CBMilwFBVV95cUxOQk9vTFVicm0tZUxqY2EtbEZqMFNtNjh6U2NkS05fZnJ2Q0Y3Ukc1OS0xYTc1dVczYWVoa1V1NGtYVGVMUWxUUU5ldWVzdkI5VVdIVGxjQUxsUFEzSXBVNGltaDNiM1NJU2FqN0pNM0MxSDVZY2xJbGpLblpnbWs5aklzcGdaZWExLTc1MFVYRFVCUmg4VEdZ?oc=5
PG,2025-01-27,3 Reasons Why This Unstoppable Dow Dividend King Can Deliver for Passive Income Investors in 2025,Yahoo Finance,https://news.google.com/rss/articles/CBMigAFBVV95cUxNU3diQTJDQk56NndtNERqZkZYQjZNa19TTFd4aTMwU28tZ3VrSFYwdTd3aEZRUUdaWmEyQ0stdERfb2VLMHRtV3gtRXExVS0yRmxjNzR6ZW5MVk1qdXUtOFI1V3Fodm12MkwxLTFLWUVXZXZDczZickdtcU5wTlV2Rg?oc=5
PG,2025-01-27,"The Dow's Having a Decent Day, Actually—Even With Nvidia's Drop",Investopedia,https://news.google.com/rss/articles/CBMimwFBVV95cUxOaXA4ajFiRllXaTUyaHZheDNSdUVpcnFqa1dMNGVIclg4T0hVQWdEMXZxaGZNN2FvREEwZXVSR013NEFyNExSM0w2RVB0N2JCdVVQQU56UjBubkFzYlBycmZ5NjVHREgyZkNTSW5raW1VdXVkM2d4aGpjT1FHX3NyZFJsR3QxeEhfUG5SLU82WURWZ2NCcDdpNGQxNA?oc=5
PG,2025-01-28,"Where to Invest $10,000 Right Now, According to 6 Experts",Business Insider,https://news.google.com/rss/articles/CBMinwFBVV95cUxOVWF6WFBtRzIyTWJDWllPaEVFc0hfOUtLU1RJLTNwX3BPbjJuMnpYSGg0bUt6ZWN0Y1FpcnNIbjZYOTZDaFczQkM4NnZWMC1uRm5BLUJ4cm5Ld0F6eXJNOHdYTXFqZzZhNnJ1VDN6WjdRM2gtb3A4bTVGTXBrWnFsSmJ0RHlUdnc5bkhhNk9KRVUxQWdscEJIdmFRYjRabTA?oc=5
PG,2025-01-29,Clorox Is Overpriced Versus Other Consumer Staples Stocks (Rating Downgrade),Seeking Alpha,https://news.google.com/rss/articles/CBMitgFBVV95cUxNRmhITUpDVWdFQ2d1MVQwWF9icmE3Z2FBd3FoNGl6ekJVNmlKSnlYU0owaVJlS1FDaDNkNkluNmR6eXhoMDRxYkNlOGpjaC1wQnkyRnVQZkxZZ0JibmRwenF2dXVIOGllVHJ4cEdmcU1rdDRnOW9LT0MwRUVqYy1VT0lJRXJKSTJVci12TEdCVDV3cy1KYnRMRXBjNXJWWEExLWN6OHUwUVR6dGdlNlVTSFdqOW1GQQ?oc=5
PG,2025-01-30,S&P 500 Index Funds Yield Just 1.2%. Here Are 3 Better Ways to Generate Passive Income From Stocks.,The Motley Fool,https://news.google.com/rss/articles/CBMijAFBVV95cUxQRlAtdUtMSFNLZ3JhYm9faldPZlRyNGctVHVqMkRfUGZ3c1MtbEd1SHdjdk5NMW8yblp1eXh6QUlTMXdPT0VyMkp0a2dWR0F2V2haNjByZFJyd3U0WG4yMG5VVlhjY3FZZVp6TTh4Zl8wWktFaXNMaENRaDVqbzliUmxlT2pQNGFoT0ZuMg?oc=5
PG,2025-01-30,Top US Dividend ETFs – 2 Reasons Why I Don’t Buy Dividend ETFs,Tawcan,https://news.google.com/rss/articles/CBMieEFVX3lxTE9COU4zWk9BeFQydHljMktYS0xnME83R0h2aGxSRzVlMGpQbXhvMjdieXcwM0xXTktLWFBNU3I3U09qNlNrTU5UcHM2NnByRGo2ZXhtZ3lzbHAzMzhpbElqMXFkSFJjTDcwLVRCd1hTeGZ2a3dJOXJRTQ?oc=5
PG,2025-02-03,Stock up and save! Get $20 when you spend $80 worth of P&G household essentials,USA Today,https://news.google.com/rss/articles/CBMiqAFBVV95cUxOLUY1TUVCbFM2cmpfLS1PS0tVM1FQMnZNQ0J0Vnp3cklYWUs2SXFNMEdZNy16eEhXcEJXb0VaU3lfY0d5SlhXUHlmZE5BZUN3TW9kZENDeXQyMThQcG5wRDRydmlFMm9nc0c0ekdCWXVwX2NMUDBtbTkwamVrMlpUcVp2ejVQUTlWakNTSExxc1pCbDVuY0xKLUJxeHFubi01WVZwVFd6S2o?oc=5
PG,2025-02-03,Estée Lauder’s $100 billion meltdown: How a big bet on China helped drag down shares in the luxury beauty titan,Fortune,https://news.google.com/rss/articles/CBMilwFBVV95cUxPNUNIQ2JkekduZ3RPTWg0S1U0Q2NuYzlBYmVhNy1jaUFoNnZab2xCR2dlMTZWUkZoNTdqSFRXa2t0SUVqMDRTWjdleUZ6U2hYQmtkd1h3eWpScXU0LS1KVGRhX1VyYkRkeVZseVpUQWpJVEp0OWZBWHlsa3B0aEcxUlhSRDBjQVRPYXhqT3lpeDVhdVIxUllj?oc=5
PG,2025-02-06,Under the Hood of Fidelity’s Enhanced Growth & Value ETFs,ETF Trends,https://news.google.com/rss/articles/CBMinAFBVV95cUxQakpVNU9sYU9seFQ1UUxwNUljaFJ3UzRXcndRRzJoT0JPbUpFdkdQZkJzRWxRU0FXM3BsTTZRV0ZxTmFQRnZ1em9fU3JoTFoyZE8yM0VEa3hMYTEtWHFlR3ZTVVlpSGRYNXgyaVlpaXc2UWtIaFdDSDM5aXduMEluSnFLS0xPUlZmYmJxMjFjbmNvemZnZGw5YW9aN3LSAacBQVVfeXFMUFdrcDZpb0UxWnYxR0VaS1E3akNCVG50TFRLa3FheHBNX2hVV1Q1bzc1RGpmSEtxakIzUkYxczBKbkk3RFd4ampXcm1xTU03QmttdWtTS19jd1RfbnU5dUk3SlliUXlMRmEwdTBWbWtiVU9LaDdQcTgwNXZrdzlzbnRhQ09uRXJVeWZlbkpCSDhoWTl0ZFRneGVuMlZCNF9rSVdvMldCdms?oc=5
PG,2025-02-10,"Veteran bankers join Italpinas board, bringing decades of experience",Manila Bulletin,https://news.google.com/rss/articles/CBMikAFBVV95cUxQcndvd0NzUzFxU2V6bmRMT3B3V0owZkNDSkQzWVNJNDdCVGF2NmRjdktFTk50dDJzVDZmcUhmSGdMakRLYUgyY0JTME9STTZyLWFfSUd4dmlOS1ZsQWJYRnFHVHVFTXZTc053Z1lYTXpLNjFZM1l2WC1iOE15RUtJWVg5YVh3Y1BJclJEQjhDcV8?oc=5
PG,2025-02-10,Kenvue: An Intriguing Turnaround (NYSE:KVUE),Seeking Alpha,https://news.google.com/rss/articles/CBMifEFVX3lxTE5MWXV5Z1RkOHVCVHk1a3BKRkUzbFFpR3hlR1dUX2RQdFFKN3R4NGhMQVo2QXhSMUNpZHk5WnpOMFZzMVBhcDhySDFJampnOTNISkxWaURNeXA3aHB4LUZhY2dJRm5oR2pwMTRtRU5feUlhclN2Y2prWHRuaU4?oc=5
PG,2025-02-12,"P&G Health Q3 results: Net profit surges over 26% to ₹91 crore, board declares interim dividend",Upstox,https://news.google.com/rss/articles/CBMi7AFBVV95cUxOdEdudV9xdnk3Vmd6bWEtWkZpNTlEY01XbHo1M2NOVVAtNnVWcDN0eGl0cXdLc09DSEVPcFpBWWlkUHprQTVZeVRCekFwcW5BdFVWZUEydk1PVEtRZkJoT29LQ0JKY1haZzN0MVIwSmxBaXAtVUdIb0lobTRFZzJFWXF6RDJ5V0wzOEVLZGNNVjBUdzJlVmpHLUprd0s1THJaUzRMVEQtUUw4UGlJTDFmMDFCYmU5Qi1mTjY3N3JLbjhIcnE4ZXV6dkV3M3B1OHhGa25raFpNaDczcG9VeXhLeUVfM3NXOGVTRmlBRQ?oc=5
PG,2025-02-12,These 19 US Dividend Aristocrats Provide Attractive Consistency for Investors,Morningstar,https://news.google.com/rss/articles/CBMiuAFBVV95cUxOTG9hSnBjMXl0QTRNN01lZ1Y2aVB5Y2M5RUwwSUVpYjhnWVpWMjg2bERlN2NVVl8tRHVicTJpaXlIOFpRbUlhcmxickJCZVVXZm5aMU83bkFQQkxPV1NhdXNkblBXb05BQUxvZ2g1MkNpaUdXTzExTnhlSTNlc1huVHFRUFMwMm90NmI1RWdiUEdHVGFuLTdtSW9lNXp0clBRY3d6NEZ3Y1NEdWVoYlpEZ3lfMklCTUQt?oc=5
PG,2025-02-12,P&G Health Appoints S. Madhavan as Chairperson - Global HR News & Updates,hrtoday.in,https://news.google.com/rss/articles/CBMickFVX3lxTE81QjNoakhOS01ld2UtQXhCNGFoaUpMOUNwdXFSSFExTGxhdENPZHJLN3BXZlVXUlRNSllvem12bzRfcmdQaHEySkJVMEllZjRaSGxGOHllRzE0Rkc2Y1d4X3VJU2V0V2VZdWNDdkV2ZFp0dw?oc=5
PG,2025-02-15,"Alibaba, Roku Lead Market Cap Stock Movers on Friday By Investing.com",Investing.com Australia,https://news.google.com/rss/articles/CBMisgFBVV95cUxPNF9HeUQxZWI1czdpMUdJR3lIeXoyY08wY2cxaFJYeXZHU1F2aFZxdjJmRklQdk9ON3lVdTNTYlM2ZHJHYXZLeWd4TFhPTlg1ZmU5dEwtR0pWVjJMYkhYQ3Fjek1nYW1qZEdmQmtncENHdjI0WnUxM3R6bmI5emwzZXRfdTU4NzR4cm84aWZLV0lHVzZSTTRsMlJBZk5vRW0zOXVxQnFXN3JQbDZpb2lsSTlB?oc=5
PG,2025-02-16,Top 13 Highest Dividend Paying Stocks in India (2023),Alice Blue,https://news.google.com/rss/articles/CBMijAFBVV95cUxON2pXVHJJVkw0NEptdWZNUlgyX2xpUDZDTTBYN1ZpUWpVVFZzTkdmSlRZdTFCdzdTS1UyVFJZYmVrN1E2VUVlRnV0YTQzRzNXXzFLRmY4TDVQOTZhMHRZTFdtal9QV3pVZWRmNXdobzUyRXhiZF9rY1RiMlIzSm9lWTNnNVpwWGUwR1pHMQ?oc=5
PG,2025-02-18,"Rising costs, inflation on radar",The Guam Daily Post,https://news.google.com/rss/articles/CBMivgFBVV95cUxQVWx5cnZ1MERKdm02YXRncXg4YmxJOGJjcE83UkJmWkJOSVo2T0tmaTdYMENtaUZZYjJVbjBscXVTZ0ppTW8zVklqTVE4dWtXTHMwTFJwcVlKU0s3OTcwUWVPN0VxcUdCa2t2RVozRjgzZnpDejlSZVlBTEpkV0d0Mm1pbUtWUXdndXZ6dXJaQlR5eUxYN2lPckk5MHc2MENZU0lxaG1BX2xEMFF0d0k2T0RVUVl1bDE2aUFld0dB?oc=5
PG,2025-02-19,What to Invest in Right Now? Top 10 Stocks,Traders Union,https://news.google.com/rss/articles/CBMif0FVX3lxTE9FTndoNFBjbExjbHU2VEcyZGgyc3ZfVVBsZzliOVloYVpUNmIwNkJqTDUtekp5OHhFbkctZi05TWJ1eEpYcURJZDhVQ3VwYU9WSms4U0xCSVpxa1pLWndEVXVtclN1eW95YVVXbUw1cGk3SHA2X1A4N2U2VHhYVkE?oc=5
PG,2025-02-20,Supplying Your Favorite Products: From Production to Your Home | P&G,Procter & Gamble,https://news.google.com/rss/articles/CBMiY0FVX3lxTFBVbkxUWl9OOHBlOGQ0UlBhRVNRWFRsUlZDTFUwN3AxcEVJR0FuOHlXaXh3MjVuOVFoOFI0cHBLSEZmRTBCVHJzWDZrVl9lelBrNnVjWWJ4OGhrZ25pbXFhZGhSMA?oc=5
PG,2025-02-20,P&G’s shares volatile amid slow start to quarter and market volatility By Investing.com,Investing.com UK,https://news.google.com/rss/articles/CBMiyAFBVV95cUxNU1dVNFg5a3ZrTGx1V2dvc1NueHJnSzZ1Y2VYWVFjSlF4dXVTV2h6VGFWNUdEalNHYXUyWk5Sa1NaMGJBM1JHdWtoZWM3anAwYjFtYkRjOC1CdE42VzVWTDBPSG9hUjhVSkUyR3Znd3hDQ2pBX2hyUU11R09DNjF1LWIwSmUwczJvQ3N6OENnbVRabmVub3lDUWtRSDdCaU4wNXFrcDdUTmpZYnV4Ni1QU0NNcTlmWWZmM0NoQmRpUy1vTlc5YUI2bA?oc=5
PG,2025-02-20,Why Tata Technologies and Ireda shares rose up to 4% in trade today?,Business Standard,https://news.google.com/rss/articles/CBMizgFBVV95cUxQZy0xV0lfbmMzU08tMGgxOEYzcTZNZnRDdWY2SXQzLV9MNzRJZnMyVW9McHpGOXRiRzZtbVJPYU9EYWw3V0oxOXhVbThZanUyNHg1bHRrR29vNThscDJHVE14QTZFUng5a2JDcHVKVW1HaFZ2NWoyS2xidzAyMTkzYklVUVk3TE9aSnRXWnBBNndQUVVkYzhBbkg0M0JYM2IzUUdHekVEdnJvTGdpb3M4Nl95MmRlMFZ1MXZRQTlKVmtRYW5hTGRNc1h4NnpDd9IB0wFBVV95cUxPWHpnamFrdkhfVFQ2aHZuUFRyQUZPVC1KQWtCWG9wX1R0MHk2SWdYdFFxTVpoRDBPVXdRYjJ1Y1k2NEo0SW9pTFE5RmdZWURSZUJBYm80Smp2ejA3TWM3M0F6aHRETWctRGVCUzdxc2s3cE1XOGdZSmN5R1UxNFlVX18wcTJzV2d6NkxxLUhTblZQM3dnUU90SVViRWlxZkdtWm5qYVZUTEdfMUpCcGlZX2UyaGN0VDNTY0VaRENWMVhhY05ZQ2s4Z3RYS2JDWlpjM200?oc=5
PG,2025-02-24,Best Stocks To Buy For Long-Term In 2026,Traders Union,https://news.google.com/rss/articles/CBMiiwFBVV95cUxObUlEMGZ4YUFEMHpvSUhVdEF5emxLVWJQbkFsSGU0bFlwNmVZb0w5YkdFYXNJZjY0ZFVDR2NJS0pVVk9TcS1QRFV3WnY1X0ktTm9CSUt6eTFndjJINWtoNmkzSnRCWXByTzB0cG9DaHBqUG9ieGlQU2FJemtQVU13Nkk2NzN2TUl6ZE5n?oc=5
PG,2025-02-25,Is there opportunity on offer for these 3 consumer goods giants?,Hargreaves Lansdown,https://news.google.com/rss/articles/CBMikwFBVV95cUxQM3lqOGlVQ3NBYWtLVURZTmtJWnV3Nm8wcHVLVUZNZXZlWGthUkFfWmlPdTQyUWRVeUl5dVh1cFFyeUMxTE94emg0aGhHaE9Cd0loNlZHeTNWSW4zcVBPZjJObGdhRU9kSHYwcTV5alJibTFub0Q5RkNHUXJLbDZDTlFDLU1CMlNnOGFMZ25MRWJON1U?oc=5
PG,2025-02-26,Procter & Gamble price extends gains - Forecast today - 26-02-2025,Economies.com,https://news.google.com/rss/articles/CBMiyAFBVV95cUxPT0s5c3BnZXRpS1V2dzdQSjFBR2RiVjZPREZvakwwSHZQRDhWM2tSNHhoSGJDWGFFdkV2WmtuVU1LS3JqVnVpWjdFUW1QTGtHVWlUSTJVSktmd0hWMl9SQkNOeHNVdUFrWDk4LUM1SUdjTGRnQm5mMW9YSzNISXZDd3Z0aHBWdzBCWmVqUmFCZ19hVVdQZVJwcGFKV093WVQzbEt5UDF2TS04b3ZJUkVhZW1wT0ZFOFVWUnBEaWxWU3NMYWVDcElRcQ?oc=5
PG,2025-02-27,A Top-Performing Stock to Buy While It’s Still 15% Undervalued,Morningstar,https://news.google.com/rss/articles/CBMilAFBVV95cUxQZ2tvSTZ4VklZdzZrUjB0ckhEenRKNlN3clBzWXVlVm5jQWVlSm9QdFVCZmhndFdiWnhuei1pY0tBM1M5bFFGR3Y3Q3NkVUtlNTBOZmZJS0hGSDFQLUNIWWJ0dG9pekFsQ082TVdqcmhKNDliOHpYTUJBbDNUTFk5X3Z5UUFBcXFnejNGYTE4VkF4Y0RR?oc=5
PG,2025-02-28,4 Sectors That Thrive When Inflation Runs Hot,The Globe and Mail,https://news.google.com/rss/articles/CBMiyAFBVV95cUxOR3UzT21CaGc2V0pScERYanRsSHp3V2VjTi1TS3JfdXBZT2ZBYm9kWmt6bWQ1cmNQcnk0bVhGSXAtRG1VZUZnOTFjQ1E1N3F5ZkxlWXZYRTd0eWZmaFo3T1cyQkF1NENMNkZobk96dVdsWE5SQlBjbXRkajJSZzBHcnJISTFUVTVEeFZTcGxnOFBYY0VCVHhET1k1RXE5aGZJNUdNYmNIZEV2LTNfMTlMazREdnpmVHhtQ1VnMEp1dW82aV9aQ3dGWQ?oc=5
PG,2025-03-03,"Procter & Gamble's Grooming CEO Sells 35,000 Shares",TradingView,https://news.google.com/rss/articles/CBMisAFBVV95cUxNWk5uRUFyNXhUbm1oNUNuUndFUS1oZk5Ub3I5NC0tNE1NcDYtZkdHeVB0Z1VTQzdWQmpiLVpIVjVLU2VaeXNEMEItNUh1bThqTHF4bjJJY1YtNHo3dXRXNkNhdEMxV1N4Q1JPMUdfNGZycnRjQ2FaZG1kX3JERzVpT3h1bjNYYWlFR1R5RFBzZ3QzSHZUM1FTNlhQb0ZPVHI5UmJkSkJxWHNfMS1kRW1RbA?oc=5
PG,2025-03-03,How to invest during a recession,Vocal,https://news.google.com/rss/articles/CBMie0FVX3lxTE5fQzdiTlowYTMwUmxZb1hIY2lGczRPLTZGWFVnRndzM2txcXppVFJfZXFUNENwdHEwZTRBdEI3UHlTVHM4eks5Z2xhYW5IbGstOEFNUzhRZG45QnlqbHF1dkREelpMNXY3ZUdrUnpzUEp6Y2NoY3lSSV9ibw?oc=5
PG,2025-03-07,Consumer Staples Are Crushing the Market. Why They Aren’t the Stocks to Buy.,Barron's,https://news.google.com/rss/articles/CBMijAFBVV95cUxNQy1hLTJCOFBJcWpUTHliZ2hEQnpaSm5VNTJsZVM0STcxSGxkakFETWtUTmx6a0p0UjlNWFVoTEJHRG9JLUttZFdsc2lKV2lMTmhfUXFkajZlbHUzUVNfTHQtTk1ybWhZazl0Vk9QSE1CUlEzeGp3R3doUTZ0RUoyR0h3SWNFVGhmOEQ0eA?oc=5
PG,2025-03-09,"Consumer staples outperform in 2025, but here’s why investors may want to reconsider their bets now",TradingView,https://news.google.com/rss/articles/CBMi6wFBVV95cUxOX3U2UlRDNEIwOTdCR095RnhQTkVsTTNtQjd3bXFyNmwxaEN1VHg2MFZueld1VTlvdUV1VnNTR2VlZWhkOFgyNFoxTFFRN3lhVmRrb1VGbFl4eGRlQy01YzNwanJhY2tNMEo4SlZFYWpHOVdVOUk2ZXluRWhIVjN0Wk5RQjlqaHd4RWJRYUFOX2ZPX2phdkl2VlpCREFMVlEzYU9IWm5jTnBDV0NMNmp0cVdfNUNSUXcwNnpJaXBNM2lDV3ZUYTh3WDV0VFVwVFZJVFlQaERjSDFHd3plVUZaZUhOZjhsTjZHY0VZ?oc=5
PG,2025-03-10,Why Did Warren Buffett Invest In Gillette But Not In Estee Lauder And e.l.f. Beauty? (EL),Seeking Alpha,https://news.google.com/rss/articles/CBMivgFBVV95cUxNdGZhRmdscWVodTJXZldLdjRkX2NrTkRqZ3BpSUxUMkdwa0lBVFJHdE9CelhxQUlZTHgyaWpXdXp4VVJoVHhjR2JKVDQ3clBfZUE4NEI2ZW0wdnRNOWdMZDAxYmFWM1hiT201UlZEd2VEVlhJaVZyRk5JYmFiejdvQmswZFVWWVNjQ3l1YzV2UjdTR3RBbms2VGNKQ05ZZGYwajZ1WXMyT25NeW1TVkJuUlZ3Wk1ReUNicC1Yb2pn?oc=5
PG,2025-03-10,Is the Vanguard High Dividend Yield ETF the Smartest Investment You Can Make Today?,The Motley Fool,https://news.google.com/rss/articles/CBMimAFBVV95cUxPRk04WF9vcm5UQ096Z1RfaEQ4QWxPTTBIbHhEeEd1T3o5ajFaS2p0TkZ1V3A2VHNDNURIUDBpUFZYd21vRU1FbHhYR3pjdEFxU1FnV2g2S092MEpGNERhZjZmM09Kc2ZHNm5BVF8tQnBnS19iRkVVSGpoSmNIc0Zqa2Z6UGhLTEVmVVk3N1dZTWNzSXMyZXZDYg?oc=5
PG,2025-03-11,Home & personal care sector needs ₹1 trn for sustainable future: IHPCIA,Business Standard,https://news.google.com/rss/articles/CBMi0AFBVV95cUxPWm4ySjFEWndtbTNkeGZhV1lEZjh1aHYwVDJOUF9NbHBuYTRQZXBhTnZQQWlQbU5NcUhESGwzbFQyU2hmN3FBbmhnSEFtVkhfd3JfLVBkdERvdWV5WmNOM1BZM1hCRWxaVDY2RTJ4V0xTeTBEVXhibkhieEJxS2wxS3ZrVVJnWF9TX3ZSdjJjNWtYVDFVdkJxdXRiRmNoSjNLM3BzaVg0ZVMyY0ZTU0FUT19IYUNDX1pNVEYzTk54LTh2Y1ZzUjAyaHl0ZFo0OUx30gHWAUFVX3lxTE8wZFdxellOazdQYzNvNVoxbVY1bDFJR2RxcFJWZk1DampMSjRDcW9fSFBqQzVsTS1QWGt2Q28yYzlBYVZnUXF4NjBwNmExSXpOaVI4MU1CRVJCcldVdXNmOGdnN0NDN0xMbGtPczFubDBXWmpRa1hSMDgzTWlfY2VxVHI1Vmlzc2t3LW1pZzhFSUdTMEEtMllleDFvdHNuRG1xdWk1V0I1VHAzanlLaW1vR2Y0cHlrM1Z5ak9CX0tTRGdNczJJcGNhVTRCZE9PQ3N2Qi1SR1E?oc=5
PG,2025-03-11,The rise of Dividend Stocks: Seeking stable returns amidst market fluctuations - Interpretation of the Investment Strategy of US Stocks 101.,Moomoo,https://news.google.com/rss/articles/CBMiuwFBVV95cUxNRlRpRkZ3YzNxb285UjgzYkk1NHNIdWRxNG42VU56QzJLd1Uzb2Q4MHhSSzdSbGZZd0Npb2Jxc003Nkl4T2lMcUI5UVFqZzE0RWN3OWdidm8zSk45Sm1wLS1odDZyTHNVM0lRZlpEVnRFdnBuOEhWQ1dJYjJmRnZpbENNdW5SSDRrYTdURTMzdk1mMjJNc3FrdlM4RXhUR3k2blJFa2hxLVQ4LXdIZWdnVGtkU2g3cXhqUkow?oc=5
PG,2025-03-12,The best stocks for your 2024 wheel strategy,Investorsobserver,https://news.google.com/rss/articles/CBMilgFBVV95cUxQcTlCZ3otUk9lclh1S0pJMjdEbjNpX05aTGx3WTRCV2wwazhmX3pIOEhXNGhjMFc1d01aaEwxY3NJNFlqa0czTzNsb1ZNWmQzbWpEdlpOQ2RJUDc3d1dua0FfM3RyZkVaSDRaaF9qdXg2dmhtcklMckw2NFRGZDd5ZFppWUpYMlF0YzhXVjFraVhiRXR4MXc?oc=5
PG,2025-03-18,New York stock market rallies as consumer spending recovery prompts investor interest - CHOSUNBIZ,Chosunbiz,https://news.google.com/rss/articles/CBMiiAFBVV95cUxNSWVtdlNMX0hnNk1TX3h6YU0tMW1SS0VpYV9zeXVCaXQ1eVJOU1J0Sk5rSlpYZ3NlazQ5WEdMWE5xWDZobUNIQ0NESjkzcG43N1ZVV0dMUy0zUXphYUNpMnJPcWFSbDczQTRiRTFQV3E5UUJUXzFUSnQ3T0Zxd0paWk1EOC1SWTNE0gGcAUFVX3lxTE9VQVJTbWJnemtYS1J1NGxQNVVCVkNIeUlhQVhDZXRaaVc0SFJzOXYyalBtX0FWaUgyeUJuS1dBRU52c1h0QnRYM0Zza3lXZ2VPOFl5QTEzanJWa25pc1RWaFlhT0ZaYTRzMmQ4MkZqa2tKRS02WHVyeGVDLUlUdld1bloxVmx2T3V2cXl4RThCS0lpZ0ZWdy1pVURzdQ?oc=5
PG,2025-03-18,What Is the Price-to-Earnings (P/E) Ratio?,MarketBeat,https://news.google.com/rss/articles/CBMiigFBVV95cUxQamdKUHlRMy1iTkxFTE1DNThOSmoxUjZBbGtyY2hqMEMzaXZaLU5Fd01jZVQxRS1PUG5xNjdJc0RYeEtxZ0NtaXFNbG8yQXdtN3lXRVNlbTg1aFRQOXhDSXpxUGJlZmxEWDN3MXdUZW0zU2V2SEF1Y3BheFN3UEd2dnRfUG5nWkRhSUE?oc=5
PG,2025-03-18,P&G Takes Lead in 95-Year Rivalry With Unilever,WSJ,https://news.google.com/rss/articles/CBMiggFBVV95cUxPSktPVkNNdjBCT2VuMkxVTzRraGU4clJZdXh2YXpwQ0FZSWtTMGJCckNrSm1lLVgtUERZMmpmX3FOZFBMbnFvMUZVZDZPUXFxVFlZb2hqbF9XMEg3emhZOU9Na1EzR183UVJiZmRGTUpROXB6Z1J2R1d3Q1lWbTJ3Mnl3?oc=5
PG,2025-03-23,As Recession Fears Surround the US Economy — Here Are 10 Things You Can Do to Help Protect Your Finances,moneywise.com,https://news.google.com/rss/articles/CBMitwFBVV95cUxQdGNIU2xKSVZpb2s4TkJBVHY4V2VVMDlPNFEwTU9uOUV3SjczaDkwUmdLc2xzYmdtN2pEek8xSS1WNzNidXVPODYwdmtVQ2lranpHci1sNERXMVhJTE5yZFk1UGhoTWlQbVU5cWRvcjdxSW5SSWU4SGJvVVIwZUdyaEVxMGk3VUJRdTBjdmdYTW9kOEItbVZWTnZlbTJ1dG9fWmlwT1k5ZmVnS21nYXpjNk16MTlwdFk?oc=5
PG,2025-03-26,"Could Investing $10,000 in SoundHound AI Stock Make You a Millionaire?",The Motley Fool,https://news.google.com/rss/articles/CBMilwFBVV95cUxNRkIzTFM4RkRxZlFSRUVyXzhBV0NBMnFjb1c2LUtxRGNBMk43SVpMYjJRMzNKSUhCdjZfcUdkeVVYWHJoODdqamhvdDNFR3RIN211TUlBT1hWQUhNa0dnY19nU1FCZVdtRTJUUWtrMG9JbWpMY21Dd0plcUFhSUxIS3doVHVkcl9QUDlYSkNyTmNFa3c3QjI4?oc=5
PG,2025-03-27,The Honest Company Stock: The Story Still Needs To Get Better (NASDAQ:HNST),Seeking Alpha,https://news.google.com/rss/articles/CBMimwFBVV95cUxPbm96LUJhYVpCNE01QWJDLVhiQlVQMDZINGEwV1BVcXAtQjIzd2lnWXhxVWFFUXJHNmFxU2V6X2g1RWJvZmN1anZoOTJsakNxd0V5VnJVazhRbFB4bGNKZ0FlTXZwVWNhcW9TdXI2bzFiWGlXeWxSa3BLOUF5OTlYYzFjV28xdE85X2ZLdWc2Nk50ekROalh1Z1JMZw?oc=5
PG,2025-03-29,Worried About a Stock Market Crash? 1 Vanguard ETF That Will Help You Sleep at Night.,The Motley Fool,https://news.google.com/rss/articles/CBMilwFBVV95cUxOQlJUS29BcWtPV1UzWFJ0eG1vb1JwdFJuS3NUV09XV3NVT0dKTmNXTDlvQjVLLUFFNFU5YXJiaGQwSkFINmdjcTd4R2NQWHBXbjVWY0ZlVUpSZG5abkNYT3duRkVJOHI4WnFrNGxfSENuWU9jZDFJWEdJNnhKNnFHcXdtOWktcTVtZEs1TnRfMTZ3YVVuRnBJ?oc=5
PG,2025-03-30,How Macro Factors Impact Stock Prices,TIKR.com,https://news.google.com/rss/articles/CBMidkFVX3lxTFBvbGx3Y25WMVA1M1NoMjlfaE45OUx1WVhHeUtEMS1Md09hZ0pJYk5BQXdYdDVkdXV2U0xKT0tfc2RaUFRubjVaY2xOaGc2SDZXLV9HR0J4aTFXbVFLRVN2SnQ2Vkg0S3hrNnQzTEZGR2tFNXo1QkE?oc=5
PG,2025-03-31,Tech stocks retreat: A closer look at market volatility,TradingView,https://news.google.com/rss/articles/CBMitAFBVV95cUxPTlBwUEFtSmoyMHhWb1hQNGl4T29ldTlVS1JMTUs3UGZfTTVVeXZ2NFNZdU80cHNqbWZRdnFkMGFHc2gwSW1pd2tMUXVaN1lSaVE4WVVwQnFsQmZWVzNjYkprT3RqYmgxWXBIckNnTm1QN3liZXc5SFFCaVI5djJhMjlJeHVxYkY2aEdFb0p3YTZnZTlPRk9YeV9LNDkxUlJPazNEXzA3dFZGUVNITFlTS0ZfaVQ?oc=5
PG,2025-04-03,"Deal Alert! Stock Up & Save: Spend $80 on P&G Products at Amazon, Get a $20 Credit On Every Day Products Like Tide, Pampers, Bounty, Cascade, Gillette, & More",| Cord Cutters News,https://news.google.com/rss/articles/CBMiggJBVV95cUxQc3Z2N191bDhPLUoxZUM2WUtEYUhPNVpRQ1lERW4wbFBsRWNQWlFISnRZYVZNYlVMNkVsX0h4MFIzYmtjdEVVbkRkUG84VUhiMkdQZVBQMUpaYVo5V1dkZnZKdGh2ZEJqNDNKeUZUMVhSemp0ZHlpaWQ0Sjh5WWxDclNFdUUtWlNZWEhDZ3BKNFVIYUd3NWNCcTcwYzdzVEZDRUZTVjBST0RtQlRSbS1fdGlaQ0NyVy04Z0p5Tm1BS19tY0U3cWV4Ni0wOXpMYlVJLXJMZDhsU20xM2VMWThGSnBNU2M5a0ZwOVQ0RUxkTXJ3eGVpTHNxdFRKbGlaU2JQZmfSAYoCQVVfeXFMTVcwM2E2LTF3aEZteEFUcEtVcUlrcUlOcVRWeXVZMDRUbnpIcUxMell2VWhYUlFKajVuejZVcGpPSTFwaDlmRXN5MnJjRWgzM0NpZjE5VmFZTzU2MG1xY2ZXUVBmTUxabmtKQkRrQklobkZtRjdrYVlWVGl2ZFQ0RktpOVRXbFBmdWNJRm9UeFV5VjFFaVloZm9TNVNiU2ZSMC1ELUZheGtDemUtRWY4a2oyTGtiWkxHYWJWSWtmTjZXMDMtenNDVndRYmpGVTktakJhRXQ2ZzBMWmdfVjlkSHBxeFhPTFUxbHVidGNkMmd1M010eTZFMUtya04yMzFkcFMxMWRUY0Rjb2c?oc=5
PG,2025-04-04,Kroger shares hit all-time high as Trump tariffs pound stock market; P&G also up,Cincinnati Enquirer,https://news.google.com/rss/articles/CBMiwAFBVV95cUxNb2JjN0xBTEpPeW9veldtcmlPeHVWc3d2Tmpkak5tUG5oOVZpOFFtNHE1WVYzS3BMYzQ0Smt1a0psUFdVNTU5SDE2X2lURFR3dU8xOFFfVEFNWXp2WTJqVUJuaUZMUkhsNGUtQnVmT1p1NDZEM0VsMDdIRmwwZnVoRTJCZG5mN2pHbW9BNHl3bWlnczRuRmg3NHE2MW5HcHJ3ejZDV29oTHJhV0xfMjN6QXc4b0NITnV6Q1haM21wdnY?oc=5
PG,2025-04-07,XLP vs. VOO: Consumer Staples Outperform S&P 500,ETF.com,https://news.google.com/rss/articles/CBMihgFBVV95cUxPMnFxNDBZanZkczd0S3AwNWVScXAzemVuTnZHVy1vTnYzb3J2ZjJORTA4TnJuM2RuTDVLVG5yQURhcEI1Q19BMi1VeDU2TVRRQjZiRGhtbm14STlTVWJZWlJEZzZ4Q2VoTnppWDkxWmhNUGpwRjZsSGZycjNGc3hQYVJjUndpUQ?oc=5
PG,2025-04-07,"Nestle Has Done Its Defensive Job In A Volatile Market, But Growth Looks Low Compared To Peers",Seeking Alpha,https://news.google.com/rss/articles/CBMiswFBVV95cUxOazBoMXJPLVFQeUl1WjQ5bU9FdW1kNUZWb1VxZFlxTGNKbGNfVlJBbi1oYkZkQnNzMERPQVZxenh6dE1KRExBT0VONldvSUxkUWNDTXozMHRCMl8zNUNyZXlsemk3R2tES2JuaUtxbEJDazNFTGlfQ3FjSjR5OGh5b0RYS1NvWVp5SjNCY0lUTlJ3SWZnSU1naklUUHRkSTJOOVF6QnAxTndTM0xtc1JWd0Jfcw?oc=5
PG,2025-04-07,Cincinnati stocks suffered $77B drop in market cap after Trump’s tariffs,The Business Journals,https://news.google.com/rss/articles/CBMipgFBVV95cUxPQkxqZ1h1bUhQbGo3ZXgydGhheVpYdlFFdFdYWDhfZ0RhcThjb2lHU2pLeWs2U05nOWRxWUxrZEZYVFpwSThMMk1wOWxObUVVWG5VeUs3QW84aFQ5VTRPUks3REcxZEdLU0l1OVFaM1pQSmVBVW0wV3RwUHdZZFlxUERIa1JYRHozcVRoSFhGZU1ZNHY5ZEN2Rk1yQUVJbVltZG5KWWZ3?oc=5
PG,2025-04-08,Why these 38 stocks getting trashed in the tariff crash are primed to outperform the S&P 500 over the next year: Evercore,Business Insider,https://news.google.com/rss/articles/CBMirAFBVV95cUxPOUNzdTJka0plandpWU5jMzNBdTk1MFZtYVRuTFYzcEc1OFZQdTNLVUxlQXY0aDBKeGZxWHRvdlJua1VlaUR5eFhVYjBlWGFRYnQzeWF3SC1XenZBTlJVelBqV29fcnROcjU1dFNIRE5TY3JOamI5RW1kZElYdGZxaUhESnVNNW9yTjFRUkVhVEhrWlRlVkhyNlk5V3BlWkNsMGFPNm94bGFBR1Bp?oc=5
PG,2025-04-08,Is the Vanguard Value ETF the Best Ultra-Low-Cost Fund for Generating Passive Income?,The Motley Fool,https://news.google.com/rss/articles/CBMijwFBVV95cUxNYXVnelZULVRkUFNlY3VlQ2lPaE5PYWMxUDV2LWNOc0xNVTliWTNMS0hlLWpkZDZrSXdrZWhWMC1xRGdGSHFQOXJROVpGZUQ2Z2htZHFfdVdITTIyay1ueDUwTEpBS2M4M0twZVJ5QTFRLWdnWEtmN21vMVBlNmZoN3JVd3dOOGVGb3c2b1p2UQ?oc=5
PG,2025-04-09,5 Top Dividend Stocks for 2025 - Strong Picks Amid Market Volatility,xtb.com,https://news.google.com/rss/articles/CBMioAFBVV95cUxObGNrVHNuamtILTFMbWEzMlpMR0NJZHhTTkVIcFNaV1dneXVIeXRGTlY5SmZsQWVWU1Y0eTNxVjZGdlg4ZVpMWThJeVpfNm1fLWJaMUhIbU82WFoxOWJ6eXlqNDRuRmtDaG5IZHN5eThqaG8wNW52a1puUXNqQVJKU3FwWXFYbXZyeUJrM3JVZ1VsMThwTzlTRWFfQ1p1LTRI?oc=5
PG,2025-04-09,The 10 Largest S&P 500 Companies From 1985 to 2024 🏛️,Voronoi by Visual Capitalist,https://news.google.com/rss/articles/CBMilAFBVV95cUxNS3cyR0VMbHZWVUNLTTgyenBnRkJrN2hpWjNkdFNNMzhHLUxQYnd4c1pxVEdOckx4dzMwaDl6dU5TWVRVQjVEdzZnQWlpTklvLVpnVlFzUTBDM0IzMmFCVVphRzUtc29mblNETmttOW9EdDlLT3c3WFF6ZXVJSUdnMFdIUUUwc0s5V2NDUFlJYm5aZWQ3?oc=5
PG,2025-04-09,Dividend Growth: Why it Matters & How to Calculate it,TIKR.com,https://news.google.com/rss/articles/CBMiggFBVV95cUxPN0sySFR3R3Vlc1d6QlJkRWRsMXRIcFJFNktvYWlyTlhZMEpKRWtjR1lOck11OURQNlZyNHZJcFF6WGtxSVB4Tk1zQS1wWWtVeGlSRFo3M1pIOHVmemNaLVo2T1hiczAtai1ZQk9xLVVpdlBYejZKOWZFWjJJb3AyUHpn?oc=5
PG,2025-04-09,Can Vanguard’s High-Yield VYM ETF Survive a Stock Market Meltdown?,24/7 Wall St.,https://news.google.com/rss/articles/CBMirAFBVV95cUxOREgtaWJtSW9aY0Z0cXNGZmZPQ2FQdm9JekliOElxN3A3NW1oeW5qSlRnTVl2a2hmVW9SUmJ4aW5YR0xBSERDdGFtMm13dThfTEs3UDYzNEZmcHVmdjNMX0hoTG9DMUtrZEJwWFY3VVFVLXdTb0tfVDBjMmRwX1A2R0Y4ZXkyMjFvMVRtWHVHcVhnOU5nTXAzamJzNkg1RDUxRXZmM0xVb0w3QWhS?oc=5
PG,2025-04-10,Dow Jones Index Today: Stocks Drop as Tariff Uncertainty Continues,The Globe and Mail,https://news.google.com/rss/articles/CBMi4wFBVV95cUxQZ1RfRWZPbFI0WENyazNpY205WEphUGlkMGpHUVBoR3JxUnJlODR2YVNnSjJHaUNHeGVkN0p1dFlXVWFRRzhaNFRwQWlzV0UzZEJqc1BFazlXQ1Z5UllvaG13Y2ZHbUR5WUdwQWV1VGEzMFpFQ2Q4R0pBU291aW0wRllCdFRxRmtKOFBtcWI0Sm14eTVudURkVFR2MkllUmF2SkM0VEQ1b1FhSEw2WFZ5UWUxVzFpbWRmYXQwaElFSmtrb2RUYjQxVFlhQ2FfUGQyVU1DcnRUUjhsTU5XME5pU1RTYw?oc=5
PG,2025-04-10,Here's How You Should Play Clorox Stock After a 12% Drop in 6 Months,Yahoo Finance,https://news.google.com/rss/articles/CBMifEFVX3lxTE0yaENQandLLUx2S3dpYmsta1VFeHN0b3g2TWpQS0VEcWN0d3l3ZllQaThZQm5CdDMtZ3R1OWNVMFpRREcxdC1hZ3czWEttcGlsa21YSXJfY3BXalY1WEtmYU90a2NVQXBNdDJSSjdhRFhrbjFUdi1SWkpSV1I?oc=5
PG,2025-04-14,Procter & Gamble’s Dividend Growth Streak Extends to 69 Years,Yahoo! Finance Canada,https://news.google.com/rss/articles/CBMijwFBVV95cUxOWTFPNVJDb3Fab2p3WVpWWkVGSFZPY3ZyNVJsbUxzVlBwVmxaMmVmLV9HZEdFUTBkSy0zTl9GeC1XSFVVX21tYW1tbjZrdHNjZkUwT3pUMFJlTkkzY1pGNGdBX05sdVh5RHRNeXVRc3hISWFRdkdfZUJIZkc1Z0dhWXliUTBBdXlidHpmblpxOA?oc=5
PG,2025-04-14,Worried About Stock Market Volatility? This Surefire ETF Can Limit Your Risk While Building Long-Term Wealth,The Motley Fool,https://news.google.com/rss/articles/CBMimAFBVV95cUxQY2dmT21UbFd1dGZXNlpWSFZfdzVVRUh3T3lTUFJ0VDZuTl9nR2JHNTQ0OW1XcFhlaWN0MnM4aFZsWHBpQ01xWFVKaEk5dDFXbHpFVzZ4dm5GejJKLW9SUTE3UXJCZXZvUHlWWUVsbTViSm04WnVoY2tIVnRUZ3l3WDBJcTJiS1hmQ3dRT0lmenJqcEFZa1Y3dQ?oc=5
PG,2025-04-15,Long-term investing: What the rewards of patience look like,Value Research,https://news.google.com/rss/articles/CBMiqAFBVV95cUxQUHhoN2ZjTzNULXdKRFdpSlk0TWhhZl9CMGlZbEZySEFxV3M2VElRNU9kT1BSODZHQjNSTU1MdXZ5Y3AtUGZnZFdwa1Q4cFo4TXA5ajJ3YU5sNDk1OHJJenNfSDV3dHlIRzlnajllNFVmNlNwWDBWdjJiRFVNTWNvd2JXVTJOcVNnMXl1eFdmSGxzYThXT0dEXzNpT3hhWnlhNUxmYWxkVEs?oc=5
PG,2025-04-16,10 Best Stocks for Beginners With Little Money in 2026,EBC Financial Group,https://news.google.com/rss/articles/CBMifkFVX3lxTE9HOUNqQXFMR1EzWjFwUzAtT0tRemlOZ1hkN2hmTFF0UVNrR1BDbk9UTHAxQXliS0dUbjc3QkdtNGtHUElwX2FRXy1uMnB0Qk5sYTllVk9Xd2dZSkFtQi1xWXJtdFhWN25pU3lEck5ZV21ORlFub1FBelozV2dwUQ?oc=5
PG,2025-04-17,Buy These 2 Vanguard ETFs for Long-Term Safety Amid the Market Crash,The Motley Fool,https://news.google.com/rss/articles/CBMimAFBVV95cUxQamJFb21WWXN2bFVKOTVRaXlUNGk2cGhPbEpqY0xvbmFnaklLbGJPb2NjcjZ0YjQ4cVB2LVVnTEdkTTZsaHhqS0YwOHF5N3d6NGxwRm9LWG1ibktiY1Jpdkk0RzdTeXlsaldfQW5FNm8yMDE2V3lUM1lpMEVaNmpEQTZnTDFjZEk4ZHQzMU9tVXdlWVFSX1FmMA?oc=5
PG,2025-04-20,What To Expect in the Markets This Week,Investopedia,https://news.google.com/rss/articles/CBMigwFBVV95cUxOTXV4NUtNejZDVktIaTFnRWtUeGZ4TGExalhSQlFGRGYtblN4SW0tREswUXhEZ29jaGZoQi1nMTNfYmVYY01TeEdvdnhyeGdHZUVMYlc1QWotVXpvWnJ1OTVTLXd2Slk3S1VVbWZadzQ5MWFYcFkyMFM5WkRZaUJvZzU2MA?oc=5
PG,2025-04-23,Prediction: 1 Dividend Stock That Will Rule All Others By 2030,24/7 Wall St.,https://news.google.com/rss/articles/CBMiqAFBVV95cUxQeGFDZHAyQUh1RW9CRHhZQ2tOTkxtTl9xb3pmcDdyVEdKUUxGZ3VNbDBYSEhfQ2ZhbkhlVC1OMnBSUE8tMGZCWEJ2R1c0VV8yLW5DaUVybFFOTk5MVTlaSDd5MFBQTHNlalpReUJveV9fT2FpbkhEUXNwV0k0X3drVjhoVGlUenFEcUZQRkZQdGQ0Z0ZtcnhaZU1scE83b3dmQ1FsVHU1NU0?oc=5
PG,2025-04-24,Companies from Chipotle to Delta are worried about Trump's tariffs. Here's what they're saying,CNBC,https://news.google.com/rss/articles/CBMilgFBVV95cUxQM2Q0bFRRRUJxZDRaOVZsdmNWWXhlNHVuYWwyQU9mTlM0YzNWbXlhTC00NnBSZ1ZuUFhJTFVJbHk4bVZPMjlXMzZaX3YyLXpmZnRuVUVMeklxUnFiamtidzc3UG4wc0l6UkJMWXA4NlotQlY1TXlqejhaWUpVdHRrUDFjYzNxYU5sNENMYWFYeTBzZEJFWWfSAZsBQVVfeXFMT0JNNUNyNkk1cTFLM3hxeW9UQWZwMXAxM0RYS250emZHZ1NkbVl6MGNZejViUlhWS3k0WkFBaGVwQUlIa0VfQ2M3VlVFcGVHZWQxR3NOS3UzMndrajdnSlBIZTlYcENNUnRlam5HdU1iUkh6MWYzcDFDS1dpUTVlbV9SajhkNjgtTUZsWGhGZFk3N0cxSUlOSFBkclU?oc=5
PG,2025-04-24,Procter & Gamble Earnings: Macro Volatility Caps Sales and Profits,Morningstar,https://news.google.com/rss/articles/CBMimgFBVV95cUxQSGlLeWh5Zmd6VEFtYTVtT1hISDdJTHRVdUwzWmo4WU45RHBHNFBhQ0lFX1hrTUJFVEJkMWgzTWMwSi1TaE1HVkJpMThpSGdKdVdnam1OWG9EclJabGJuOEhkZ0JHdVlYeUh3WnNuQkl0SVd6RUdQY3gtQ0FRUlRrTXoxellobnQ0MmZFM3hwOXBxSVpSSUNtTk5n?oc=5
PG,2025-04-24,A Sign That Consumers Are Anxious: They’re Cutting Back on Snacks (Published 2025),The New York Times,https://news.google.com/rss/articles/CBMiiAFBVV95cUxPTmM0WGxpWXFLTk9LdEJGNGFwR3B1TWE3RVo1Y2owOGFvU09ncm5Zd2ZRR1M3bHlPNDZvaFdEcmVtVkZZbFZFTGU5RnFwSEFZOWdRYTQxZzA1Vm94NXgyd2lDYkQtMG9MR0IwNHRMNzJqcFFwLTI2NldCUi1jd3RWOGU5VHUxNXh4?oc=5
PG,2025-04-24,P&G Lowers Sales Guidance on ‘Volatile’ Market Conditions,The Business of Fashion,https://news.google.com/rss/articles/CBMimgFBVV95cUxPZi1iZkZIRkYzRHNST3ZKRTNydGlnZlI0TkthNXRuelFWN0ItY25uVktGS01qajZvLXVSSjhLM3JMTGFwbXBiU3pyenZxTFJVT2g0cXloZnNKVmNWdmY3bXR6anNxdE9GV2drY09pV0JtRF9WdWlJc2JGY21wVnN0dWRLbE1nVjM3dnVSenJBb1VPZjlaSEpWVzV3?oc=5
PG,2025-04-24,Why Procter & Gamble (PG) Stock Is Trading Lower Today,Yahoo Finance,https://news.google.com/rss/articles/CBMifkFVX3lxTE5Db0FweHZyM0RpeFhUU2szZWhLTXpFdzJpampndTlUeWpVQlRWdV81OWZCcFQyRGJubmNRbkNhZEVyclZib0Y1TDM2V3N5dXVHa0FianlGWVdKUTQ5RkJReTZ4T28zZzFXUHBiRGtKdk1kbHd4RE5pemVFenBOUQ?oc=5
PG,2025-04-24,"Procter & Gamble CEO says price hikes are 'likely,' as Tide owner cuts outlook due to tariffs, uncertainty",CNBC,https://news.google.com/rss/articles/CBMie0FVX3lxTE0wS2hGcFQ0a0xiZUdtNHM2MHYyZjdhQXNLV3RjOXhoYktRbVJDcXlDQ3B4Wm9BSEJFZllTWnF3VHpVamRQRHBrdmRwdHphNlVXQmVubW9YWERNSG5iaXh3Ylltd3NyRHAteC0wczMzZkpRVy1fOU1pMW81VdIBgAFBVV95cUxPWk9WY1RQU0xMMnBRRVNaTHl3b2pOSngwaThRbFpZRmNJVmxMQllvdkxmQ3lYN1RsWjJzQjZkUmtDNFR6N2lpUVE1UE5qeFJRN0FlLWZLdTk5TG9vcG9TbVBlYmZjdGJ6V2xUbGlQbkJlVkJDc3l5UFEwOGQ4VUxhWQ?oc=5
PG,2025-04-25,The Procter & Gamble Company (PG): One of the Best Dividend Stocks to Buy for Long-Term Passive Income,Yahoo Finance,https://news.google.com/rss/articles/CBMigAFBVV95cUxOTWV1ZG5IdmI5WWR3VFgxUXFDeVFKcVpkQ3NmUDIwTmFHRDl5MFJqZVNUNTlCODlxaE9GMldmQ1RDSjZHSlQ1aEVwc3pxX0UzcE5xLVJ5TkJHdzZSby1iSDlGSkFNOVg4ZkxoSXIwMnl2ZVVoQ05LTVBqTzhYaFZGag?oc=5
PG,2025-04-25,Dividend Kings Face-Off: Johnson & Johnson (JNJ) Vs. Procter & Gamble (PG),24/7 Wall St.,https://news.google.com/rss/articles/CBMirAFBVV95cUxONW9oMFRiMy1CWE15UVJiTmZhWnlfU0EtbDVCdDdaX1dwaHBCWGhSOFRaa1BDcjg3Q1lIenBIb3g2VFk5cmlhSm5yTDdOWGstcG5mNHNCcW9kRTV4NE9FRS1JRVJLSWpzVEtqX25RN3N6X1NNb0RxdEs3VHNuVXR3SlZMNkhxY1E3dUpqNngtZmpTVDdMNkluampSVUo2MjJXcjBmeUpPVDlNdFJr?oc=5
PG,2025-04-25,"Buy now, stock up or delay: Here's what consumers are snapping up or putting off in the face of tariffs",CNBC,https://news.google.com/rss/articles/CBMinwFBVV95cUxPTGRDMUxhWmxJOG85dExfeDZaXzJnSG5YeDA3S0dQLTV1VzltV0NlOHBBd2dYT0tIdGlQY0FLQ2dnV05ZVGw4alg3SjZxSzdVUTFrU20tM3kyZ3VoanZzQURKT1l3UDdqa0lqQTNQazJyWDctWkhDVktldWRVOHVoMl9WMVZzU3lOM3I0Znk4RmJrVU9DZEVKOXg5MDZGVFnSAaQBQVVfeXFMUERnODhXUVdlRlVkeEVDdW85dF85ZjJrdlMwVXhkT0tXU2JKZ21oNXV1Q0F2d2loTUo3WFFKMWlMZ2Z3RHdaLUlNSEdGWWJPcXQycFBIOTZVWDBsLVl5eG9oZ05BRHJtRkt6T2lBR1NocWpZcE84UTJlSTNZTjNBaU1Tbk5nRmpENDc4YTNGTUJqX3pvb0RGR1NnUk5YZVVmaml5clE?oc=5
PG,2025-04-26,Consumers are so stressed by the economy they’re doing less laundry to save on detergent,Fortune,https://news.google.com/rss/articles/CBMib0FVX3lxTE9uQnRlVURWNUhrNkdKZlZjVHpPR1Q1Xy1FcW9uQy05Z3ZPdlM1VXRxczVLTUtkaWVWYnRaajRZelI2bTV2WVVydml4MXZKWGRPRHAzUGsyWnFwTE0xX0M3N1hYY21TQmc0eUpxME4xTQ?oc=5
PG,2025-04-26,"The Score: Tesla, Capital One, Boeing and More Stocks That Defined the Week",WSJ,https://news.google.com/rss/articles/CBMitwFBVV95cUxPR281cG8xdGI1dGl6bkRucTVPcUd6bm14VnZuSUZpaXdpVTV3eTkzdnZNTkpLRGdVTkdyQ0JXTmVSMGUwTklHYWVKRkZ3dVBQNnE5MEhhM3J1bGxQbmFDSHUtVHphOWt2dHN2MmF4UHNUNTViMTNMRS02VW8yUkxFMGFucjhZQ29QcTB5QUl2dEFaUzVodWJKS2U4b1NCdEV2TlEwV1A1V3ZwNk11cUc2YXlyOVhMZEE?oc=5
PG,2025-04-28,"Want to Avoid the ""Magnificent Seven"" and Generate Passive Income? This Vanguard ETF May Be for You",The Motley Fool,https://news.google.com/rss/articles/CBMikgFBVV95cUxPamFEamRKOUstaGUwMmU3VTVaYjFrVkhvMHVSNHBvYnNUR1I3Ukt2SGRJTWZlSTFLUGpucTg3TEdwcUpsc3JHdy15OWcyZVNBbGk5cDIxbXI5R2wydHgxTjl2S1ZpbUhRb3dZOTAyeGlNVDE2MXY3UjlBTkpyMUw4VURuR05Kb3FVbS1ibzF2eWJndw?oc=5
PG,2025-04-30,A 34-Year-Old Redditor Reveals Three ETFs That Earn Him £32K Annually in Dividends,International Business Times,https://news.google.com/rss/articles/CBMirAFBVV95cUxNV21wTklMNjlUSUNxcTV3TkFkbjBGTmpIeHFxSmJmQVVTVThXNnlhcDVhMjlEZ0g4MS1zMTdsRkhnQjRQSnZ4UHU0TEpuWGx3M09OTjJRaWpQR29zWXNnbkF0OWVoM0FrR0x0eFA1QTVackE1OHB4NzlSVTJNeEZBZktwVlZWZU84OUxycS1NMGxiMUdCenFOWHNEVEl5amNOVWo2UGwyM29fVXg2?oc=5
PG,2025-04-30,Large-Cap Stocks: What They Are and Why They Matter for Investors,MarketBeat,https://news.google.com/rss/articles/CBMieEFVX3lxTFA4ZmtuY2hYUkUyaENtbC1rVzVlRWtOWW1sUHZBLVlNYzZlenFIN29OZ3ZfNV91TGJaVlV1SUxCTE5VQVRJcUZ4M0wwODVOWThHbU92NFNLczFrbmM0Q0hIQW1UVUxTSVdCd1pqRlNZaTVFbm4xLUhpNg?oc=5
PG,2025-05-01,7 of the Best Dividend Stocks to Help Fund Your Retirement,Money Talks News,https://news.google.com/rss/articles/CBMiigFBVV95cUxPanFUejRFbmkxQjdWWm5felBRaHNkYjFySnVEalJKMzlVQ0ZXb1ZpaUgzcGVlcTNXRGZiZlA3c2podzlhaDh0SGFJMlEyczZBSDlKUW50WkNSMldaMzQ4Q2RjeDU0bWpmeDRWWW1SNkZ3dzdTaDd0d0RHT3NjUzNzYTNDbXg3elk1dUE?oc=5
PG,2025-05-01,Procter & Gamble Vs Colgate: Which is a Smarter Stock to Own Now?,Yahoo Finance,https://news.google.com/rss/articles/CBMihgFBVV95cUxPZUlFd0lkcl9oQUc5YURkSHpEM2RpdFZKVlB0NnBDRFBzVi1mRWNLODdyMm9Sa0VZMFVEeGRsZGlsVlo2RWlCX29uRjZVNk93WW84blZRQkVwU2w0MkRENTZvTjhXelh2ZGlBaU1vbk5mT01PNGRoZlVRVHRRcGNBWlNGaGNHQQ?oc=5
PG,2025-05-02,Cosmetics Stocks – Best Cosmetics Stocks In India,Alice Blue,https://news.google.com/rss/articles/CBMiZ0FVX3lxTFBvdERhTnVoZXhMeUpsdnUzQkFHYXVHTW9TZlRsOTFuaUFUZS1ITzNlSGJ4MnM3VGlEVHFpZ2FmWVByekkzWGdFWjJYc245Yk9IamR5NjRNeEVuYW43cF90d1BmUWZfWDA?oc=5
PG,2025-05-03,Complete list of S&P 500 companies by GICS sector,moneywise.com,https://news.google.com/rss/articles/CBMiXEFVX3lxTFBOcWJEUFpSeVhUMXBoWkxMcVNOYVFlM3pYLVItM2VULS1OZ2tCRGlNNmlJQncwaTM4bTVIRmc5R3RIRURzZzFfMmIxN3hFYzk5Z0tFQUxGa1A5ZzlZ?oc=5
PG,2025-05-03,How Warren Buffett prepared to end his 60-year reign at Berkshire Hathaway,Business Insider,https://news.google.com/rss/articles/CBMivgFBVV95cUxNMEVESERkMGRXYTdSekRjZ3JVWER1ZmtXNUxBMUExQzAtTGZfT2Z4YXlKRDlhQ3A5TVBoLTc3ZTRmT1ZCTl9acmppREF3aUFJNjFwU2t4MjNkd1o1bE1kUGxBUEV5a0hsWnV5bzQ4SVMwa1Bub0tZT0RJOWFMWXduMEswcm00NkNOTUdVRi1sZDVkbThqUGdsYVJIejJSLTJteXRkYXgwd1RKOUotcC1BcTdJMWVNOEVBSXU0cHhn?oc=5
PG,2025-05-06,Clorox stock target cut to $140 by Evercore ISI on sales miss,Investing.com,https://news.google.com/rss/articles/CBMivAFBVV95cUxQLVBEakxYQUNiNDVKZEI1V3RJNEhtSUV2bmJCQ0ZTRFdjTzNmNHZQSE8ycGpuSUNvcTVhS3hfZnF5Q3lOR1NET1lIemF5cFg1OElhSUpTZGgwZ0s0LWZORVFDVHlveld6QmR6SXJZcjRMSDRoM0NTZVdsVDllMnlTRFZBTEIxNDVpWXVTTGRBSFlqWG52Y3g2ZEpzcXpxMHpfUTdmZk9kMGROTFNSdTlKZER5UFNYUjZqNUNnUQ?oc=5
PG,2025-05-06,3 Invesco ETFs Retirees Should Own for Growth and Income in 2025,24/7 Wall St.,https://news.google.com/rss/articles/CBMirAFBVV95cUxNQjFpY2RVTDBnSnJ0cklJR1cyNDFIYU9uaml5R3dzaEtmallTTFlOVjFMZl94NFYzdnJmYlFySTYwbDVIcGU4Y1hVSFlOcEh0UVl0bVVtWWthb1o3T25rUFJQZ0U1WmhzdklIQk5oOUdGTWw3ZEZNWV9PRDdHd282cVduZnJYVTloQU5pX3J5UlczSUVzUE5GeGx3TlllUlN1VnMyX05fU0pmNTlW?oc=5
PG,2025-05-09,May 2025 US Stock Market Outlook: Eye of the Hurricane,Morningstar,https://news.google.com/rss/articles/CBMilAFBVV95cUxNajIxV256b2tLVFlpYkdPd21DSXkzc0xuUTZBMGJkZTczclBUZzVCb2FDNFRvNVRoMmVDZ3hwSHhFbmRYZmRJOWVyMUNqZ25OWWFIQl9pWEZ2S2hUVkp6MzdXSWlocEdkREpWVjFweWNXYVZaUk04eVNfeXRzcjZJT29tZTA3YzkwQXRsZThvel9DWGJY?oc=5
PG,2025-05-09,The Nasdaq Has Fallen Nearly 10% as of the End of April. That's Its Second-Worst Start in 20 Years. What Should Investors Do?,The Motley Fool,https://news.google.com/rss/articles/CBMimAFBVV95cUxOZUxXTnlRcXViTzQ2aVRHYktna1R3NjNGYm5Nc1ZudE1pTVdrTkdaYkhOMGxKeHpTM21ZcjhaMEdNMnM0ajFUT3c4Mm1LT3JaQXFpX082SUxlY2hZSDdYekpJSmJaQk56MkRIZkZyTkJSR3BaQlZtZHBnbVRWdjBJV0t1UUpwMFdoMVUzZmZ4ekEyY053WjVPNg?oc=5
PG,2025-05-12,5 Undervalued Blue-Chip Stocks to Buy Right Now,U.S. News Money,https://news.google.com/rss/articles/CBMikgFBVV95cUxPZWxsT29nVHRTNVZWdXdXb1c5eEVyX3RpZTA2WHRuOXhsMmhlUEhOdXhPT1g3MjVLbTFDYTVudHRRa2kxblAwdjhsNmFoQlJXSHZIcjVRNTcwZG5sem9RWUlHLU03SnJwREJjbXNIZEl6Q21jM3U4SnRfUm1iMGtfRXluclRvMGVOT3U4V3p2OTZBZw?oc=5
PG,2025-05-13,9 Best Tariff-Resistant Stocks to Buy,U.S. News Money,https://news.google.com/rss/articles/CBMihgFBVV95cUxOVkZvb1RrWGxEd2ZJTVpfSEphLVZLM3hCcHZqYXJvWjhnTk16cDhYVmNaY3djam9NNTBwN0NWVlNMamhkNkItczBlVkZEYjlvS3pvSjV5bTBfRXdzVHlSQk03WGxOMWhDeWRCMHFyaExOeTdDY2l2Q3pyN2FjaFg3WlJuUG00dw?oc=5
PG,2025-05-15,From paycheque to panic: 5 ways to recession-proof your portfolio in Trump’s turbulent economy,money.ca,https://news.google.com/rss/articles/CBMie0FVX3lxTE94b1VkbHJJQl9aX0FsV2g3NW0yY2hzMzZsZmpYVnFQdEttRVJGbmt5SWFENjIwRUtYRG5JWDJwbGMycnE3bTF0ZVp0NzB4bXJub0hEVDJMclB1YUJ4WkNEZF90bUUzMXFRclhMWVJ3WWJqRzFsSnBaVFdZVQ?oc=5
PG,2025-05-16,Procter & Gamble Stock Slips 5% in a Month: Buy the Dip or Stay Wary?,Yahoo Finance,https://news.google.com/rss/articles/CBMif0FVX3lxTE5jVEdIZXpyLS1JY0QwbjZnZHZxV1ZhdGhJMzdxWG9oamd6dlk1d0NtZ3RIUlVLN0phRFhSMHZINE9YQk5aTTg1Z2JKUzhwWGlSb1ZqdGJpSFFqWVp3Y3RzaFhkZUwtQ2xBMEtDZ0lsMXBXUldobVJ0Sk8xbDFxa0E?oc=5
PG,2025-05-16,"If You Invested $5,000 In Vanguard High Dividend Yield VYM 10 Years Ago, This Is How Much Cash From Dividends You Would Have Today",24/7 Wall St.,https://news.google.com/rss/articles/CBMigAJBVV95cUxNdkU5MktyRmJhSFNhZkRrVnRrZ3d0MUdrUkRhVGVZWmZOZEtXQURoOVFMdmRQSmlDSmFLREdUd0ZkN1R1UGFWZ2xFaXlvZUtpZGNUMlNzbDJjbW83Sm1lQ0dWRENFODhoSGQ1a1FXcEdrTVhidGN1TElkak1iYkJwWnRLTDI1RFU3b1kzQnZSWWdzVVdLQWRPRW5PM05LcnhmWG0tZDZ6Mno0RUxSWjcyaEZjbWJJVkR4dVdOOTRQWTc2ZXhkdGZ3amlseXFLX0U3WFB3aTN3Ujh2UW1QZDZaR0lJR2RZZ3ZheE1yM0V3UmJkUk9pOVhvSGJfSE41R1JK?oc=5
PG,2025-05-19,Costco's Kirkland brand generates more revenue than Lowe's and Procter & Gamble,Seeking Alpha,https://news.google.com/rss/articles/CBMiswFBVV95cUxQQmpZeWF6STQ4QVRmdkxVN0NVVTUtUkNFaWtmRkxpcXY4YzJ5MEdkTzZPUjNoZlNWR1FackJ0SkVpWXBOQUhmNExNY3pSNFlVWlNQLUU2c19SN3JnWFJoM1IzYXBCMzBFdlJtZXYtVXdKTVhFN1FyN1RzZnJLUWhxTTNtaDFBYUluVHRnMXFTbFFWVmJlN3ZOTHdqaXRub1BJR2p2aWF4WmZlWXBWajhHYnA4VQ?oc=5
PG,2025-05-20,Dividend Stocks Compared by Yield and Payout Ratio,Capital.com,https://news.google.com/rss/articles/CBMiYkFVX3lxTE5ZbWYzLUxwZHpWS0J4OEE0QURmRGRNZ1RGN2p1V0hGT2hGSTBZTXF4WTJzVm1iT0xmeEVhYldzNkNTS1AyQ1Nva19iTkgyNjNCdFB5X2thSlNRamVoYU9OelNB?oc=5
PG,2025-05-21,Why VYM Could Be the Reliable Dividend ETF You Need,24/7 Wall St.,https://news.google.com/rss/articles/CBMipAFBVV95cUxQTk9rczYwY2ZpZzEyZjNBZGZMQnNYTm9CUThoVTgtY053WUI5Y3FBNzdWQmNvNFVWdjFHdDR4RFUyU2d5THlVY0FHdktlbFpzRUNIT2xDcVJVRFdpN280UFA0aFBTc21rcDNKc1J5WjdwNHRQdHdYdEVlUUN6UjJhMWVtSnNpYU9OM0JoUjBrT3BJbFByektTVU1selBJMTY0VUtVYg?oc=5
PG,2025-05-22,I’m a Financial Advisor: 5 Stocks I’d Recommend for Baby Boomers Investing for the First Time,GOBankingRates,https://news.google.com/rss/articles/CBMisgFBVV95cUxQWEpMWVlYWkw5dXh5NURUX0dCS3I2aTZtTFNfUWptNHNPaExfaXFoTDRJTE5PNkktTnFFeTYtR203djFFREduTEJEN0l1VENkT0VFN0dKTGxJc050bHBFbWRleFpERExkN1FQWXItQW9LQ0FKSHpJLTB4Q0lZbVdmY0dyS1NlQTlWMkZZemcyclhIWnFJM1UxUmFTWkxHY2pPTVp2TV9HS212VEdwYW85WmxB?oc=5
PG,2025-05-25,Top Holdings Of BlackRock,Voronoi by Visual Capitalist,https://news.google.com/rss/articles/CBMidkFVX3lxTE9OcnFkLTJBWTMtTVMyM2ZxOFVTd3BpVzcxUWNVaS1HWkY2YTBuckREbm1EbHAzX2Fsa054QkJLN29EUm51OXVBRkdZcmNBbTlVcnpSeUNOT1VaMy0yTDliNTJnWHlMRDJtYjlFU1VNY09ldERDeUE?oc=5
PG,2025-05-25,"Abbott Laboratories (ABT.NE) Stock Price, News, Quote & History",Yahoo! Finance Canada,https://news.google.com/rss/articles/CBMiVEFVX3lxTFB5MU5hbVJxUlBONEZVNHB0WVN1bWZRZnZBSGRqSGYtWlJyRzZ3NWRzSFpNN0xWel83MFlEVFRoQk0xdHNjR3RtS2JZbE5mQWlCOVlTcg?oc=5
PG,2025-05-26,"MNC pharma companies: Time to take a re-look? 8 pharma stocks, 5 with an upside of up to 34%",The Economic Times,https://news.google.com/rss/articles/CBMi9AFBVV95cUxObnh5dHVLaWQtWk9VV3FZaHZORTM5Z0x6b0g0RndrcTczQTRnUkZzcTNHNjI5YzM5MnZBekw0ZktpQk5qTFdaN1lpSUdGWGNLZks2Ull4TXd5ZXIzX3c1cnh2SWRTckFtVjdUTU1fVDIyLUFyVmNCTVpCc1hEOG9OUklxWG1zUFRUbTllLUtwV0FNVWJxQzl0Mk1BZG50M3Azb2FoT2k0TUxuNjVycUFiTzZpVUhucGdNZG5mV2RKX1drczFrNWRTWml6TThDZXlDMEgzUml5TzllanlTdEw2a1lPd2RnTmstUlFPQ3RiMmx1TmRL0gH6AUFVX3lxTE9YYmlqWjB0R1YtampsNk1CZjRHQnN6NmxyejFOVkFvRmhBU0p5d20yR1RWU0FETW43X3l2dFlLUGxiTVFfT2VpeHEzcmw0YXVmNWRkV25DRFRoUzY5YTBWNkFjVEdNN2ljSVVFcDgwZjZrMkFTeEVuNUd0WDJfdVhRTmx5LXJlX29BQUllbHl2R3AxSWgyWEJUUUVHTm0tLVRGQWw1bTctWUZDRGlya0pUZzZGQ01hQVRnUlhVTS1UdTZFdXYybTVqbmlFUEFENGt6ODFtdHU5TlB6WEZsRkZUSm9iS1pjVGF3Wk9NWmRkS2tiTVBrUEVBV1E?oc=5
PG,2025-05-27,9 Dividend Aristocrat Stocks to Buy Now,U.S. News Money,https://news.google.com/rss/articles/CBMigAFBVV95cUxOOW9ENHdkOW1ybktMbUJmdW45LU9sc01DQ2hGSmx6bXVYNEtIVFBQdEVDQnZibzYwRmpUUEN5ck9rVy1MRk40OV9KblhxTmZFbVoxQUxiYlo3OEhOOW1nbGJlWEplazVSY25IRHlabW5pQ09NNy1ydVpUMExaMmdCaw?oc=5
PG,2025-05-28,"P&G Hygiene and Health Care shares fall 3% on weak earnings, Motilal Oswal says 'miss on all fronts'",Moneycontrol.com,https://news.google.com/rss/articles/CBMi6wFBVV95cUxQcmZFZEZwdnhXM29XeTlsc1dNdzRkMTNHYnJFQWlqTjF4cEV3X0NHUXRQWlBRQ1cwX0M0dGUyVjZQelBFWjROS3dxX1d0RkpvdlZtdGEyUk9tX0paTl9VeU5yNVhtVk1fMUVvVHZWOVhvR0RuTXF0Z1BReUptamp3Ry1CdHhFRzBQVGREbm9DRGxIYUgyRGFodEdCMUUyV1ZVUmVOQ19sbVY1NnMtb1FjR3BtNUFWWUdFMjJmdHlYd2ZvZzJjYS1JSnNMMk1CM0pGZy0zR2NOOHl4RUJiZmJiaFhybEZxTXFTbnFn0gHwAUFVX3lxTFBYR0E1RzZqYTdoSTd2M2hzWjNMeGg4NnJmRlAwbmgza2JPSkloVXFnaWU1SUhwaVU1SkVMeXZMSDVPdTA4NTZpOUQzWENId0RQbFN1dkRiV2k0bXp6M0NBNDgweTBnTmkwX0F0YUNXczBRbEp4QUdWT2YxeWJ3UzZzeTNZZFUteHBScGRGZWhNWkFTa0UtbmN5MG54WlpxVDlDY2JoZGhLTXVRRld3N1IyS0tPTUh1eTR0V09HdUlJZExSVV9tQTJMRFBack1ycGYwNnBrTzBJamlPOFN3WFVEZU1ZWVhLbGRQM0szd2prXw?oc=5
PG,2025-05-28,Procter & Gamble Vs Unilever: Who Holds the Power in the FMCG Race?,Yahoo Finance,https://news.google.com/rss/articles/CBMihAFBVV95cUxQc1NzaHp4VC1USE1PeXV3M2pMWklRS1FDSkw0ODZIYTBUeVAydFVsSzNtd0pKdHE1ZEhfcUtiNVZoYjhrWjlxQVFscHllWklSeVpITW5IVUo1VEM1a2J6bWRSSDR1UWJ5el9SN3dSTkFXZ2FVdGIwTEtWbFhuamVnZ1VQQ04?oc=5
PG,2025-05-29,"If You Like Dividend Stocks, You Might Love These ETFs",Barron's,https://news.google.com/rss/articles/CBMijwFBVV95cUxOdUdGeG1yNGVOUDJvQXdDd09OZDFySkVVOGdoa0RNU1BaWm82VW55d2JlN0FrTzlfVHFFLXNCaUJ5cktZVUlSTUt2cnFEWFVlOVRiN2JOaENnU3B5dFktX3h6cUpzb2liLUtvb1dTZVI2TmlKTlVLRzBpeDdqbEtCNl85MDJodVdma1g2ak9QTQ?oc=5
PG,2025-06-04,Innovation at Scale: How P&G Transforms Business Through Technology,Procter & Gamble,https://news.google.com/rss/articles/CBMijgFBVV95cUxObkNUUUowejFlYnNac3dISFZ6MU5LV2xlSVFGbTRLeTRBR29tWlE2Z1JSS09aTnB0QVVZbWFEbXlHN3lnVTRiX2IwZUFvSVZ2ZTdxSXJRY3VRWnNrcUVGdjA4OUdGMVVnX29JcVYzOW9NU2NGM1JuMmRCa19qWkNpNWFyOG91U1NiSUV0bUtn?oc=5
PG,2025-06-04,STSS Forecast — Price Prediction for 2026. Should I Buy STSS?,Intellectia AI,https://news.google.com/rss/articles/CBMiVEFVX3lxTFBNdmpsMngxMTBraF95QWFTbTM0UVJNakJZUm83ZGd6UHpxWmZuRWxyMmt3bDVkN05XYXg4WnRmOUI3QmMybWFpSE9pamduQVY5U0ZkWQ?oc=5
PG,2025-06-05,"Procter & Gamble to cut 7,000 jobs in global office workforce over 2 years",Business Standard,https://news.google.com/rss/articles/CBMixgFBVV95cUxNRlEzUHdMdjJiZVlWa252Mm4tMll6OTRTZXBsd3MxTWVleG5teDktVkJ5VEZEV3BfN2ZVRXh3VHZ0THg5eGJNcW5NZEFzVm9KbEkzMzQwb0l4SHRDTThEdzNpS3lQdnU4VXRLN2NsWVJFTlVtUk11MmNJdkJHVE45NUIxX24zTi0tZVd2R3RhSGZxRkZQY3NDYVJuTFFESWlldWcweWxkaWlRcWo4NmNvYV9iZk94R1kxWU5tQlRIcEdYRk1WTXfSAcsBQVVfeXFMUHdoZTZDTXplcnQ3OUY0U0ZPdGtKT1lfV0VnVTVMUFlqUzdGdmZwVE5jUzkzRFhTRmlIUGVyQU9NLTdxVkwwQTdrV3g1dW52VzViNFRqYXNWbF9JTHhjV2Nmdk1pQkFDekJidG8xVWtDMy13RDEyX2NSVXpwZkZwVlpjZ3BlMzhVSXpHblZKY25rRi1iVjgyc3NrRGFWZVhsNXRSRlpvQ2FBZ0pzb2E2b0sycnFaMC11U1lxaTVPbnV5NVFIUVByZTdWS0U?oc=5
PG,2025-06-05,"Procter & Gamble plans to slash 7,000 non-manufacturing jobs over next 2 years",Investing.com Australia,https://news.google.com/rss/articles/CBMiywFBVV95cUxOc2ZNRXdBZUY0NnRTUHZsVWl1TlZjb0VyRVhWc0NDcXlFTlpmWjJlVUxsaGRMNE5uSG5WdXhFLXE1Rmtya1luejJ2bXozUndNbWVmMjdIaHpDTVhicnkzNEtQZDZINnhkdUJ4NldlMUdQZjR4MkFGU2trZzNLdGJQMnZXU2FtWVVhUldtT2pLMXREM2pXMnpRZmdmZnNnQmY2bUZSYjJMczVKTlR1eFFyeW5oQnVsY01tdXU3S19nZGRTM0FKTW93TlFJUQ?oc=5
PG,2025-06-05,"Procter & Gamble to cut 7,000 jobs as part of broader restructuring",CNBC,https://news.google.com/rss/articles/CBMif0FVX3lxTE5ZTTZfU18ySjRVSGNxM09CM3ZkTXZZM1YzQ0ZXYU1ZaE8zTmpQQk53aE42U2pjYzBSdEFlNnpEVzNmekpKZG5ZY2dlM2Z4M1VCYXFiVGJWSGNiSEkzWVJNOGpZR0w0THJ0Rkl5WGp6T28waDNIX1JHVVJHLVI1QWPSAYQBQVVfeXFMTjktUFBiaDdHSEhiRFRhMmZRZ3JLRU1lbFVrZWM3NFNyY3poSVdvdmxsUDE4Vkd3MlRuSzN1SjVSbGNUa281ZG1Wd2RZNDRieHRRRDBXeWF0UC00cFplYWxZalgzZ3FDLWFjUmhiRHNvTnQxck9iWTJicVRPcDNsT0o0dFNF?oc=5
PG,2025-06-05,US stocks slip as Wall Street makes its final moves ahead of Friday’s jobs report,Boston Herald,https://news.google.com/rss/articles/CBMifEFVX3lxTE1WY0RTUWt6VGhzOW1DWjB3a2p6Y3RtbnRpVjRxWVpNWUNZTDdudlZKQ3N3S1dzV180amI3Sjh2eFFEaERzQ1c1TDA2djZsRDJXZHJDZFhFMXR6TnBiWjlxR0ZqeXhXNG9JRHQ2MUxiTUMtcG04M2FGUXRWNF8?oc=5
PG,2025-06-05,"Procter & Gamble to cut 7,000 jobs, exit brands as consumer uncertainty weighs",Yahoo Finance,https://news.google.com/rss/articles/CBMiekFVX3lxTFA4dWxnR0l0ZUpXUGo4UWpfTVZEQ1ZyMlYxWW9oc3B1cEp6Y2kzOGlod2xqaEtQbUdvVnYyNXhHZ0NXV24xdGlUU1hacldfRThxS1FUdU1mNktIdDh0WG9wbWxfSDlTVy1iVTI1cnlOWUhOYW1mYWZMYmJR?oc=5
PG,2025-06-05,"Procter & Gamble to Cut 7,000 Jobs",WSJ,https://news.google.com/rss/articles/CBMigwFBVV95cUxNeEV5TGpYV2N5emROU0Z3U2dSTlpVMHhOdVdEU1V5akdnaDhSX1I4V0E3MGFZc3VHTUtuVWFURzcwTmFYMWxhdWNGdzUyampWdW1VWW1fbHU4Mm1Kbm9tVWZ0QzVtSkRhMERHSk9JZ1prbFNxZWdHcGRNVEYwOTZVSWVSQQ?oc=5
PG,2025-06-05,June 2025 US Stock Market Outlook: Has the Storm Passed?,Morningstar,https://news.google.com/rss/articles/CBMimwFBVV95cUxOeHFjTWs0ckI4SGcxNU5LVUVrVUJLazdha2d2OU56OFkyNklXYTdFMTlyRTBpWU9FYlV0SXdnZklaLTNXanZsTVRUczgwZnRfRzBuRk5Bc2w1MnlmWDVDT0UweHZuQ3VNMEdrX3YyX08zdk0tcTVHT2tvUGZBWjBlRG1EZXp6LUNQQlYtR3YtdDMybktQUkJUVWNHMA?oc=5
PG,2025-06-05,"Procter & Gamble to cut 7,000 jobs over the next two years",Al Jazeera,https://news.google.com/rss/articles/CBMinwFBVV95cUxOQ0RtNXVwWTdoak80ZGtvbVkybmFsbWJvSlhlMWV6RHdXdXVsS0MxWGZDejlfWmpjSTk0SHNrV09NZ2JMVkZ5dkxFdXhQdXpWM2VOSEc5MFNzNXBRNlY2RkEzUnFNU3lBU2Vrc3RqYjRpVkhoclpfUlUyc0VIdlBCMTQ0ai1FQlNZa2RzRy1TczdmYzhMZDVtTkUyaldIV0nSAaQBQVVfeXFMT0U5VkVncWt6bG85MUlubkRac2xndnkweEphVVJENWFCTmxEUm9MZFVrRVNEZDhwbUl2VmowVWxOUVF4bEplNml3YXlMOE4yYVdrTElkSEd0Qm1KcHpYSDZhaXZRM0tuRzhWNUVMMUcxR1d4ZEg3aFZpb19aN0s0bHFPdjBtcDZwbzJpOWZ6dkxWd21CY2JhbGxYdDRiX3BqUzNqakM?oc=5
PG,2025-06-05,"Procter & Gamble to cut up to 7,000 office jobs amid 'fierce' competition",Business Insider,https://news.google.com/rss/articles/CBMitAFBVV95cUxQSFozWkVVcEJwV3dmNmJEc0tCY2dWV3BzY1Y5RXFIQmYwcjhTMlJyczdtVnpPVWN5N2VNN0FQWHZmcl9OYl9kNWk5MTJpYzVXR2tXeG1xT3dJVXhxaVRxcHc2VTNDQVVka2lrd1FydXNPUE9yQjVleGx0VWx4WGoxeEsxQXFtcUwyUzdKNWtiRUxEUE5LTUdCYU51ZmtvNTZSdFpBN1RVUTlmRkFaUkJiejRhRFY?oc=5
PG,2025-06-05,"Procter & Gamble mass layoffs loom as consumer goods giant plans 7,000 job cuts. Here's what to know",Fast Company,https://news.google.com/rss/articles/CBMinwFBVV95cUxPWTg0QkRmT1hqZVZjVDNoSXUwZktORDlGN0hQckNWaDBnOGhtMFBzQWM5YUUtaVo5ODVBM2lEUDZyeG4xUXR3Rkk3bjdZM0pSVGV4Zjdhd3lnRlk2LW83NzJrR0dsVHlabjAyNC13UUlPNk8yYnFIQW85YjhzWlpkVTFJeHY3YXFRdC1ESTBJMWFEUWJmV2ZfUGZNWlVhZmM?oc=5
PG,2025-06-06,"Why Procter & Gamble Is Cutting 7,000 Jobs Despite Billions in Sales",Yahoo Finance,https://news.google.com/rss/articles/CBMif0FVX3lxTE5hM1pJcHAxcWhTb3c4RzhDQ0xYSk1JREx0R2FGRC1jNGlUbF93ZDZpT25WdXJvQl9MVWlvc0d1OURjUjBnTVNVT3N0b2dzMUhSYTN5QXFlNDRsOGdNVi13Rlk5a3JsZ2lJX2N2cVpmbF83aEJ4MzV0WDdOcjRjVDg?oc=5
PG,2025-06-09,"Here's How Much You Would Need to Invest to Retire on $60,000 in Annual Dividend Income",24/7 Wall St.,https://news.google.com/rss/articles/CBMixwFBVV95cUxPLW5iZ2FydHgzaFUycXVuajYtMkF2dlpZNW1FaTZXZnB0ZlhURno0aV9DZjRPa1VSTWVnS1RJd0ZNbUZyb2NsbkxuQWQwY3p6dHg4MDZnSzFCdUNtWjJ6RW8tQWswT3Z1YklxNUN1QjltZllfLWpqVm1jckxuVTlFRkhmQ05pTkFObm9DdnlIUXVscHhyaTQ5NjJETjRRdHNmd2hjenBEc3p5b0ZKYTEyQkJKa3NLUEdDdld0R21GS3RQZHdya0lF?oc=5
PG,2025-06-09,Why Procter & Gamble is looking to Supply Chain 3.0 even as CPG conglomerate axes six percent of staff,diginomica,https://news.google.com/rss/articles/CBMirwFBVV95cUxNR1E2WFNKcjVIUDctZDJveGJTM0R0RUpneVRLLWRnTFFVcTd2enlvUXpDa2FLdXZ1blppQldLZl9rSjk5dzR2N0lLbFZtMWRZZmdWUUlyOWpOekc2R0FEQ3JpTmVoY0Q3a0xVMFJqWE1JU1puREhMVTVJb3BuM0I2RTgtcC13UUUxVTh6a2FfN1hVSFdGWHB3c1hEV0lLVnd6Ulg1ZEtVQ1pNODhMY1Jj?oc=5
PG,2025-06-10,"P&G to cut 7,000 jobs in the US, the company’s largest R&D centre to be hit",The Times of India,https://news.google.com/rss/articles/CBMi6AFBVV95cUxQRzlGZVVmTV9nbW00T1VuYXhVcjNEUWpDenl1bWMxZWEwMUQ2bHNBY0NzX3ZoeUpJbUlaX0RrakJwZXVTcmxmSTRiOFlUMkQ5emNiV1haeUZNb2ZTMkdLTklvZ0lQQW0tcHowZUtPcThKemxDNkVLanlZNGNnZmN0QW85ZjRqR2tUdDhOWnFJU1RNcnFkazkzWEFGNWE5Z0tlcDBlRENIWlUzcU0xYkMySTduaXdpV2F0ZVhLVGM3YW54a01VNlJ5S1lSSWFnR0NqU3Nnd1RIQlVvUHR2QkYzTmhNVTRXbzlU0gHuAUFVX3lxTE1ScWlpbkRMQk4wdW9xZDFqQms5MkJURjZDSHBnTWZ2MkFZWHRUYXl2dUlNS2JxTE1nR1NlbUIzc3lDbjYySmxQcGYwdlpRWTR4VUlvaWFVdGl5b0czclotNmt2ZjQ4TU85WlZVZ0ZoV0dEYkhzc0NWRmhNTWVBRTU4djV5Sm5ITnhwVlA3YzA0SmZXNEVmTUVjWThNYV82NWdiUk1BMldVNVE5U0xxMTk0ZzgxaWVxT0sxWWowcjNqZEVPOVo1V05kR3J3RzZnQXhva0lUdFZpdVRZNGR2M21kOE9oN3Vwa09LNVR2RWc?oc=5
PG,2025-06-12,Is PG's Supply Chain Revamp a Game-Changer in Consumer Staples?,Yahoo Finance,https://news.google.com/rss/articles/CBMif0FVX3lxTE1DTDdVbUdvcVJHaXBqcDVYeXA3bVFZM0ZLWlZ3dlpKb2NfbTlQVUt1Z2JDVExqeHBEdWkwekVwUXM5TTdEdDlzb01vWDZwNGJCNFRSNFZ3ZzJ0UlBzckVLQnF6ZTJqcW1RRm0yLTZtMDJhakh0aTd5LW1yNUFuMlk?oc=5
PG,2025-06-12,Urban consumption recovery still some time away: P&G Hygiene and Health Care CFO,The Economic Times,https://news.google.com/rss/articles/CBMi8gFBVV95cUxPMm8tNHpaWU0zVVMtU19yVVlKMkJnRjUwSjF4MnRac0xkQWlRcTJHeFVlQXFVSVdVWnNnZjU2REtEblJzSEs2WF9rbGlrWFNqOU9NS2FEd2ZzMzByLTMwcXplZTJmM2szVVZyWU5JbW9HV2NNRm5jTkIzUF9PNjJ5NTN4QjA3LTNiNGRDQ0cwdWxpYTlRZjd1XzRoUFZEeVlYYUs2Vi1qcWRXZEI3U05mSmZraUhvN1hNNUlZY0tDbkNCVTRYZWEwYTdhMzB3eGU2aEE4Z2FodTMxeC01Nm5XakRFQ3J3RG9UUm9MbFZEYzNUUdIB9wFBVV95cUxOQ2dCVUJfMDZYemotRWFnYlJjUm5fQXFvRTQ4S3Y4TWgxQy1aZFFLWkdLdHJNR0VxZ3JISVZkWk1XS2dhZFhXTjJjb2Q5WlVSbldmRUJ3bVVFYXVIQUs4c1BnYUNKODJ1RS1BZ3JBY2xNbEU5aXhreEF0UUtIM0xkbFlneGZBa3VJQzdwM2VIMkpuSmdhbS01WXpVZUtBUUl5WTZCdE0yQ3JaQTI0VGVZYVlaZUxWNXBSdTg3Y3l4YkVXa2RrVTJwMkNIMmZ5c3NFNUpLSFhKS3M3LUU0YzE5MmMxRXl4eENFSWFIUU40Y3l5a1ZrWGZn?oc=5
PG,2025-06-12,Delhi HC restrains Newgen IT Technologies from using 'Newgen' trademark,Business Standard,https://news.google.com/rss/articles/CBMiywFBVV95cUxQWGZmNzhuTVE1N2VNY3hoY25RV2M2STZ6cklJMU1scnQ5dkFULWdOdGNmU1MzTmlPSVlZMm5YZ0dBVG9oaFhsc2VWQnk0OWs4VjBWZXhZYlRmZmpTa1ZlSml6UEJRMXI1ZS1WMWZkT1ExZWkzOHcyMHJZZjk1NE5SWk1oRGIwUU1jMFZxQ2wtMnBwNmtxQ3FadGRMN3NUWUdyX01pSjdEdkxyQW9IdXFuRkJwZWptcGhrVTJ0bUh2U1RVeDB5LUU0cGRrUdIB0AFBVV95cUxOSXRfU2JxOThTSkM5VkpMYWVvSklqQkZMckNCRnJWWVgtVENyTnlzc1ktS3hPdk1sQU9UdjdzeWdzY191SXcxcGRtX2podkFCdV8yUHNsQzVaaDdQWFRqdjkydXJPdkh1YVI1QXlubDRQR0Y0b2ZDWHBaTy0wdGdtT2N3TDUzNXR1NzBIcGR0elo1V3ZVRGE0NldWOVQtcS1WVFlFSXZUcGl1Y20waUN5cEhYclZFYnAtaXd3dWFVdTJ3WnNNdW9mSTVzdHlWeXYz?oc=5
PG,2025-06-13,The 3 Best Safe Investments for an Uneven Market,Cabot Wealth Network,https://news.google.com/rss/articles/CBMikAFBVV95cUxNYjBNZC1vdk9oNGZDU202eVpxZ2VWV3lhNGdpS2ZEU09wWmhMT2xrYllBbFc4SzBISUZ3YTJpVjAwTE9pSkU0M1RSQ1lNZXhLZ3ZiTHQ1bXh1MURmNTBYVGFFQVFfampRZ0paQ09DbXZEaUthajRtWmh4enEwVVRBMVI0WklfQ2xvVlJEY1FFQTM?oc=5
PG,2025-06-17,P&G aims for resiliency with supply chain redesign,Supply Chain Dive,https://news.google.com/rss/articles/CBMijwFBVV95cUxQcjhuUk4zemZYZEtSSUZvRWtzSW5ON2NnTVVtMTFSdzVUdHpTWWVpSVlCVHY5UzJ4T2lhLXBMNFY3emVhRVdzcUh0bW9tR2RGNlhzRV9mejFhbGlBZ1I2d0pzMWJjWVdPQVZXTm5rOHIxSGloMmlMM1o0bUozY0tIU3lPTnZ4Q05ZTUludDNUdw?oc=5
PG,2025-06-23,"These 5 ETFs (SCHD, DIVO, QQQI, JEPQ, MSTY) Are Dividend Royalty",24/7 Wall St.,https://news.google.com/rss/articles/CBMipAFBVV95cUxQMEtUNkxlUVBZd2Uta0UwNWpTaDZlOHJ2akpwYjBjRmhNM2VZRVM1a3RVWEVJbXU5bVVOcFdXWTlFQjFsTVFuOUJGQW9wZUEwOFpUNkwwOElnWWFDX3lOaDI1a0VMRnVfMEN3M3ZKaVktNVRUMDQyWlJ5NGVJMXphWFBGZV9wX3ZqMmJqM0FUejdaUWsxcjd5YXBJZFpNS0dpQnNJNA?oc=5
PG,2025-06-24,The 4 Dividend Aristocrats Warren Buffett Would Buy Next,24/7 Wall St.,https://news.google.com/rss/articles/CBMiogFBVV95cUxOa0hCbmtMRHJZOHpTeUxyeW5LejNqWGcxcnNqSWtSN1dpeUVqVFB0cUlsdktVUXUxTmVSemZQMDBzNXdRSjZIekdLVkZJd2dxRXU0aE03c2ZLNkdKbnpFT1c1RjRXNFdpczVEWERrZWZKeE9SSndDMGdaRGtueWdKZmlfZnF2SXFUT0tmLUhMVnJyMElZME5JZTdDdmFWVzBQNlE?oc=5
PG,2025-06-24,10 Top Dividend Stocks for 2025,Morningstar,https://news.google.com/rss/articles/CBMickFVX3lxTE10QV9kX0EzMkExVHlld2MyN245bVFBQ2xsR194dl9QQy01ajVvRzRTSmgzTkxZeFFEdzYwRlVSalJFaDR5YThmOXVfdkRnSTdCdVhmdkdBREFXMGpuYVM2MF9LMy1iek5LZmtHa3JfWFBwUQ?oc=5
PG,2025-06-26,Procter & Gamble: 2025 TIME100 Most Influential Companies,Time Magazine,https://news.google.com/rss/articles/CBMigAFBVV95cUxPQjZYRTdEQXBvZ3pUUTZiWk05Y0piTzBMbDlPNWlHazZWSEV3NG1ZYUlpenFVcnBjaXV6c2w2YnFpRXc2RUd6aUJxRmNDMEY0ZENTUWhUaUJpSVN5cFZ4UFFKamR0WWpHSmZLUUJuMUZDd2U1M3F4Y0VPNkpHbXp5Wg?oc=5
PG,2025-06-28,1 Dividend King to Rule Over All Others,24/7 Wall St.,https://news.google.com/rss/articles/CBMiiwFBVV95cUxPUWx4Yl83NkVXUFJxTk9YSVRYNEVaZ0Y3cGY1U0FFM1kxYTNOVXN2TS0tT2VGaktsOVdwZ2stLWhZVWlUQl90UDdpSWdrM2t0dWxiNTdpZFhCTnJ0NC1aLWtqZkloMDkzUi1KT2VSNVJ2ZUw1dEN0ZGp3RGJYRWdCenNMQ3lneGJseVRR?oc=5
PG,2025-06-29,"DGRO Is a Popular Dividend ETF for Passive Income, but Is It the Best?",The Motley Fool,https://news.google.com/rss/articles/CBMilwFBVV95cUxNX3lfY1kwbU9XcldldGl5ZVB1Ujl1WHRQZEZRSi15Qm0ySzM5STZrdVhnSlJQLVVMVFVfYlBiZnhEOWRWMV9fRlRMcHpSVkt4MW9zWm1NUGRUUTAtenY2YkFPM0sxNEFpNkxyc1I4cGpKM0syTDluUE0wU1QtYmR2aHR2Mnl5VzJDYjJMV0o4YUU1MVZHU0dF?oc=5
PG,2025-07-01,HDV Is a Popular Dividend ETF for Passive Income. But Is It the Best?,The Motley Fool,https://news.google.com/rss/articles/CBMimAFBVV95cUxPbWRURkNxSEh1bUxJck1vb3BZV25NRXRIaGwzby05bURUVV81MlJfMGFjamdaMlJSWVlmQnJTRWVPdmlKOHhKNUptZXlVRnpOUjRzNEFhQzlMSzg2RG4wcTkyLTQ5Mmx5MF9sWDVJcXRaMmpNdlJYVFVEeFdUUUhTS01PNWhOVlpNNEo4TVVXWFZ1ZmM4aHVENQ?oc=5
PG,2025-07-02,Compounders: 5 Simple Rules to Build Long-Term Wealth for NASDAQ:AAPL by VaidoVeek,TradingView,https://news.google.com/rss/articles/CBMiowFBVV95cUxOUDJLMVVmZWIzLU12RjduNXl5RFIzRlZZQXJzT2k2SEYyeG04ODB6REszOWp5SVhTRUFfSDBkcGNiRkVHQ3hhbWdJQ3FJQ2xFNEFsMk5rZmRDTm5ZSmFIN2RwV056MllYUFluQklkUzR1dEduSGs1YXUyQVZUUUVfUXFwUXJSS3BRME1HejFEc3JzVE1sdzFPaG1kX0xtWkNlNk5F?oc=5
PG,2025-07-03,The Last Time the Stock Market Started a Year This Badly Was 2022. Is Another Crash Coming?,The Motley Fool,https://news.google.com/rss/articles/CBMimAFBVV95cUxPNWh6eGNtOHhJTFFmRGY5V1JvZ0Rwd0VPbV9qQ2xybkpIb3RScEpsbFJRX2ZGOVMtWWc5aEJCZUpUcmZaZ3VSLTAxMEJYaW9jbVZWcG8wck1malNMR0ZiSXFHdWFhNUZlb3VYTnNmcFVIaUJJOURfRDRXdEp3ZmI3aXV0Rkg0TjM3VHZrREg3dVFyNTllMVBYSA?oc=5
PG,2025-07-07,The UK's favourite retro cleaning products of yesteryear | loveproperty.com,loveproperty.com,https://news.google.com/rss/articles/CBMipgFBVV95cUxPMm9VLXUtaDVTdnIweU50RFlQUTVYTkdvdWxYZGk0MzBWZVl6RlpTMTFpYkQwN3hLa25BbERaMXhidWU4TWhZQkZDOHRGZlM2dGVwaHJ3V1VTWFB6Q2tqdWVrRGdLS2cxNUpFaXd6Q3o4UE5qOHhfbm9TQnc0UjNTWlRXTlExcWN3Y1huQ0R6VHpDbmpJTDZHNjJ3WlRvczRmc3ZoaW5R0gGoAUFVX3lxTE1hN0YtSlNJckRtVkVaQlExVTZZRm80SzZEV042a05NYXBpNm41T2RWYVhGek5JU3phYl9sZlgxdE9hX0hBbnFwX1F0ZzBkVHdyZngwQktnRG1UcjBkbENrbDcwLXg5d09UckZqa29sREQwSUV0RjZnR2dDdGdQZjg5MnQzaDdQX21NS2Z0WHFvdVd1MUFCWnhIRXA3NUxkc3o2TWNEMFNSMg?oc=5
PG,2025-07-08,"Top Analyst Reports for T-Mobile, AstraZeneca & Comcast",Zacks Investment Research,https://news.google.com/rss/articles/CBMingFBVV95cUxObTRSRlJsZUNLM09lWEs4TjFBRmpYcDM4UC10RTZuX1VMcDdKMmU2dkFKdHNhbnFzYlVnZkw5cmVrSjhTS1BNT0lzMzhoMjZ1SUhvWnk3NUhoemstZmh6enFpcDJIZnhGVWQwUHQwUC14X2lIVTVKWWVSOHptTGQ5ZEtrYjJ3TjdlaVRTSDFZYlp3WWxmRHU3c2Mxcndxdw?oc=5
PG,2025-07-08,ETFs Investing in Procter & Gamble Company Stocks,TradingView,https://news.google.com/rss/articles/CBMiXkFVX3lxTE5LZEZMSm5GVmFYbjg3S2ZuTi04Q3JVcG1KYlhFbDV2V2pTeDBDODc1b1F2UlN0eS1rVkxyXzlsVDVEajlsSWVtM1FGS0VGcnYwSzJOWjNISGhjQjM2S3c?oc=5
PG,2025-07-08,"P&G analyst: CEO interested in restructuring, but concerns linger over Amazon market share decline",The Business Journals,https://news.google.com/rss/articles/CBMirwFBVV95cUxPUTZEN01QLUxlMWlMMTZFY3lscWdqOXpnWGpydHNudjNKRC04WERzWFdCY1J6c2dVSmxla1N2Z2pUeUN6Sk56Vy1scTJSLVlKQ3dPZE94UzM0TFJ3MHJkSmxOekRtc1RRazQ0RkxOOTBZc2lzaTNaRm9ENjhycU5fcFdmZjZNWE9FSWVWVC1ld3V0b0llbUR3Y3lsbV9CS2YxaDNTTC1ZTXNUaUtFLUZn?oc=5
PG,2025-07-10,PG Options Chain — NYSE:PG,TradingView,https://news.google.com/rss/articles/CBMiakFVX3lxTE5LQlUxRVExNGN6ODREaTJxamdFUjZqaG9uOS11aFNxM0tlY3hvT1pKa3pDTi0zUlkzTWxFZno5VzhlYWRKZmxGbmJ0YWJ4MnNZNm4yZUVEcDB5dWJyYzZmSDg4ZDd6SlR4RVE?oc=5
PG,2025-07-10,Should You Buy Procter & Gamble Stock?,Trefis,https://news.google.com/rss/articles/CBMimgFBVV95cUxQcnUwMDBPcjQycnVyWk9BMXU3Z04tSWVYc0NKRkZxdjNrdkE0YldWQy1XNVdfeHU2eGMxdzctQlpQQmtocTlwZEZIZmxVLTJMczAxZE96QXBLNGlGNHBPQjdzYlJrQUg0SjB0emV6dUIyMVcxa2doX0pweGVqckpSeFNJQVFwd0xGTkRna0s4ZHYzX0syWEx6NjNB?oc=5
PG,2025-07-11,Poundland faces stock shortages as big brands tighten terms following £1 sale,Business Matters,https://news.google.com/rss/articles/CBMiqwFBVV95cUxPaUtnWUU5a2wyQkt2MGtCUktmQzRLSDdfZ0VyNDdSMVpXT0ZkQ2RmMnBfR2VWelB4SDNQNmxuSUEzRWFWeG5fZ2dRLVJRRXBBcVdiOU93X0FlNnpSOUxXWmZiRGw1RTJ4RDZzQmswNFVoVzNVLWFpZ01sZlhOaXpEZjVscm5CRERybzFJTVhWQ3dkSFM3VldZdERtMy1pNEM0TDV4N21YOW9uTDg?oc=5
PG,2025-07-11,"Q3 2025 US Stock Market Outlook: After the Rally, What’s Still Undervalued?",Morningstar,https://news.google.com/rss/articles/CBMisgFBVV95cUxQelMyOGJaVjloMHloQ2huaWdibFBfZG52RWs1akhKLXhRbjlMYWpIYTBES0k4RHpnRzdEVVVwdnZVSk5sRkhwTEwzZUdjX19kRkdnRjRGVHIzMzJKSnRTZnpac3IyWUtoQk9VLWJSM05oVTBUdms3M1duSWFvaHd6d3RFOWVKWEg0NV84ZmFFaFlQSG12UmJVRktKeVBrRXhCQ1RiUWZxQUdGU3huSkJwbmp3?oc=5
PG,2025-07-11,Poundland issues statement as shoppers complain about empty shelves,Daily Mirror,https://news.google.com/rss/articles/CBMijAFBVV95cUxOVzJpd20zVGUzdnpYdVNNV3dqZzFVSWhfM1p3QzA4czJPaDk0aGVBOW1pSGtCSENuSFAyaG90alppMF9zR0FLNTI0SWxnUHNxeWNqOTNMSTlFVjNJd1NUZlpEQUZNOWV6eUZGUTBLUW5fdHg0UnVOLXB6eXdiaERSelh6LXBEZDVnb3FfatIBkgFBVV95cUxOMWR3M09PSGRON2xmZnFDZENodDBnQmU3WmxQREJ5Yzg1NmNFRkFHc2VRa1FDb3lCdGFra3BITzVQWTB0WWRLMTRBbVF4WlZXaUVpRllYUTE5VGVMd0hGNmZvcm5tajZnbXRubGM1cTRSMUY1a0V6bm5OVVlYaUZ5bW4xRzN2WVphVFJCUTJPaEl1UQ?oc=5
PG,2025-07-11,"VTV Is a Great Choice for Most, but I Like the VUG ETF Better",The Motley Fool,https://news.google.com/rss/articles/CBMilwFBVV95cUxPS2ZyWHRzbUlob3VMSjl4YTZkbUM5aTVOMmkyMVFRb040NzBZbFlCbWg5TXZlZk5CcnRaTVlYTHlIWGd2OFgyZUgwVjFZQ0lBUXhabFN1WXBldktnNHQzM0dpZ09MRDZxZWNaOGI0elowMWFYQUlHQTd1LTkyNUp0X0o4d3dFMjI3elM3OThGckVIbEZxbzJr?oc=5
PG,2025-07-11,Buy Or Sell P&G Stock At $160?,Forbes,https://news.google.com/rss/articles/CBMijwFBVV95cUxOR2pVcTFVbGxfTjlVbXVNaGJuUHRrUUJKOXZhUXg0MHFPdjFKY3JxdmVNQjdxUWdBRHltYUVFQ3YtQnVZMmV3Z2R5U1g4TGZxemFHcFR3TWhFaFEzdERwY0ZxQnZueWZ0Y25vd1J1UzItbEhpc2lITGphMUhEVW1UdlItVEJINVhaN3llSFFLQQ?oc=5
PG,2025-07-12,Motley Fool CEO Tom Gardner: S&P 500 (VOO) at 25× Earnings Is Stretching Valuations,The Motley Fool,https://news.google.com/rss/articles/CBMimAFBVV95cUxNUkpqRGhkTXpDQWxzTTRwTWNwOThGaFBycUFoZk9Wc2xseFl5RG5RX2xvR0lvQUNQc1Zuejg2ZjJMaEhzWlBSbldkMDRFMzhXNjBPU3NGY1lKN2lya19leXlkQzQ1MTZnd2RGcFM5N05YT1JVTXJKMGNXUDhzNHh5MDhFM1BSQWJsLUVfbDJ1emhIQWJ5UHFpeg?oc=5
PG,2025-07-13,Top 10 Blue-Chip Stocks,tmgm.com,https://news.google.com/rss/articles/CBMiekFVX3lxTE00YnZWaVp4cHBNczVuMFhEbGhtSjByZ2NscEJ2NzdnM05POWRISmVyMDgzV3ZKR0J3N3h2YlcyRFlCdEthVU5xZGFuMUFQeHFGVXNLc0NKS1hLRkg3eGdDUmdmZUE2MnZRc0h1VlAxM1ZIejRHNHZ3dzJn?oc=5
PG,2025-07-13,Beginner’s Guide to Earning Dividends from Stocks,Vocal,https://news.google.com/rss/articles/CBMiggFBVV95cUxPWFNrSnRIRWNzdnpTQTlyd090WEwxNlFhMF9IQVNENnc0MW1fR25uZWFrOEp2V3diZG0zaWlTSWxKaU4xd3BoU3pOZUJGelVNUjdsRWJNLW11c05YV05jcHJfWGJEUk0zSFV0T3ZCTkt5Z29yVl9UOXpBR0lRbXVtUDln?oc=5
PG,2025-07-14,Tylenol maker Kenvue ousts CEO amid board's strategic review,Reuters,https://news.google.com/rss/articles/CBMimAFBVV95cUxOYkJuZXAxdDhHTUlWdWNFemEzVEk4Szk0WElQNDJCWlBKVUNwc2VzTE9zVC1VQm0xQld4cV94eHZ2MXlhUWFUY2RYVFlHbTFydUJaaEltWHBmSjVPNXlDc0ZZS2Izdm5DblRRbm45UFI0R2JObC1wVDA2M3gxdWwwb0lMZTdHRElGVW5mRjN3cm1XMHJRb2hRcg?oc=5
PG,2025-07-20,Unilever’s AI Strategy: Analysis of Dominance in Consumer Packaged Goods,Klover.ai,https://news.google.com/rss/articles/CBMilwFBVV95cUxQbWtFa2VjcXlMRFJGQ1FSbjVDN0RxTmFmcndXaUFIcVo3MEszZEJMQlFjaExvTGRDMTVPU2dORFk5akFQam4wdmk2SHV1bVpaMk9ROWFwbzNPVXVGMWl1ZlhSdjRPNjRXUmJHRmNYV3VZRDVZQmN1MTZjaDhEdDFxQW92bWVmMWdUMWd2WHl6TGZyTDVzeVYw?oc=5
PG,2025-07-21,Why global giants pulling out,The Express Tribune,https://news.google.com/rss/articles/CBMidEFVX3lxTFBfTVc0dHByS2VIdU5iR0ZTZUMzWWZCOVFTVXFYb1FSRVBobE5GWXVYR1ZmMjVfVU55ZC1DMHZSRmJlVUprUFZzb0p4YzRNZkstZUtFV0tiUzRTRUdRVWUxS1ktV1lDenFiVVNuOG5RZno2Um1K0gF8QVVfeXFMTjhXdTVuWDNDemY0cVhOLWV2dmRxcmRSX3h6ZFhvNXdJRFQ0djNkV1FXTWpBbFYyUUlsWUFWbEItWXluMGt3OWp0eU5GUWhxSmxXUy1uS21NVHA2WWdTdndPVzliWHBBSnFvVlh1eHVnd24zU2cwZzBIa3dPag?oc=5
PG,2025-07-23,Fundamentally Strong Stocks on NSE for Long-Term,Univest,https://news.google.com/rss/articles/CBMia0FVX3lxTE9zdWJiQklpVVRreXBXSzNJYi16LVlCVTNNdlROWnNINmNQWVp3S3BDb3RMTFRuN2NxWTdqSm1FLTRTR1lTX1JBeFZZdHdmS0dXQzk3Q1BqRlpnNzFKaVhEQzE4SERXWGZtNFhz?oc=5
PG,2025-07-24,P&G: A Blueprint for Indispensable Brands,Morgan Stanley,https://news.google.com/rss/articles/CBMitAFBVV95cUxPaWxHeGcxQTAzNnc5RTYwejBsZzNyZEVIcm9uS2I1U0h6OW0wYkdwWXNKWDRuRDJ3NWJadF9zWEd6cEoyNUdIMVFPQVZfNlRaUGNaZUd4UDlQLWpubVFIeU9obGIyaDFQTzNyM2xaUl9oNC03cDZjcFRjT0tIYjB4aHZpTFc1MVlZWE9TZ1NDbkc4SVFzTkw1ZTNzbDJHdkw1aFZ1VXdlQ2o5VmJmYzhjcy02cGw?oc=5
PG,2025-07-25,"Palantir joins list of 20 most valuable U.S. companies, with stock more than doubling in 2025",CNBC,https://news.google.com/rss/articles/CBMipwFBVV95cUxOcDkxRDd4MDNfcDlmc1lmdVNDck5yQnc4MXFCb3ByVFU4dUMzQkRQSlZ6dXdpMWw1Y2NQVUJuVkh5U1ZDeHpqQXhYdEVvTkZDbnZfTDdWNlpxTGE0RXFTc3NCVDd5S1ZtT0p5ZUwzbnh3b1hWR1RlWjEwYm12bWVUMW54aERrcHp1TERZT3ppazdqM05zbXpoU2w4Rl84Y0VBc0ZvcHNzY9IBrAFBVV95cUxPVHgtMlFmUUlmYjN5NWM4ekdOdldYVE9UVENER0tPc3FYanZQd0pGWjdmSFVvcWxvc2l1UU9pZzhWN21PVEZ0NjRZNlNTODJua3VGSGR3dUc0MFBnZ09YbVAtdkFWR0dWOEtEMWNLal9mTVFRWlc0aUhaNUZLVmVkMEc5Yl9wSXRmUUhSM25fT2ZVOWtoaFdwX3hpbHAwUEkyeEcwSW9wekNoVkdL?oc=5
PG,2025-07-28,Costco Is One of the Largest Consumer Goods Companies by Market Cap. But Is It a Buy?,The Motley Fool,https://news.google.com/rss/articles/CBMimAFBVV95cUxPampIemxTekZxZGRTYTlvZ2FUWkF2S1hkQUFGZ3VWTDFNMlZpVXBDWV9zOTd1Y2cySHBsXzRYUGQ0RnRaazJXbkducFlqQTIyX28wZzVXVHZZRmNTZHBvUmY3R3o4NERKMV9pdF9LVC1BeU9IakdDR0VCMnR1d1hEb1owM29IWlh2TU9BZjZ4ZmhLZmFFSUpVTg?oc=5
PG,2025-07-28,Competitive cricketer turned assistant brand manager is now heading a $368 billion giant. Meet P&G's new CEO Shailesh Jejurikar,Fortune,https://news.google.com/rss/articles/CBMiZ0FVX3lxTE4wUmJFdDF3X2dRXzdCYk9UTDNyZW9jWUgwMWpJb1BYTnRMYV8xYVZ5NUUtSDVLODQxd29icEVlaHZUWTg5N0doQ2g4WWk1N255X3g0QUhrNExyaUNESlhINFo2V2s4RFk?oc=5
PG,2025-07-28,Procter & Gamble replaces CEO Moeller with COO and long-time executive Jejurikar,CNBC,https://news.google.com/rss/articles/CBMitwFBVV95cUxNNkk2cm1SVjdCWjJzVnZUSE5MTTVwSzZ3WmxibVhlMTlwaDQ2OE9fdG55VXBQSUZtRGx5WWozbnJ0ZzM4THZabTdXdEJmZVlDc1h4TC1PV2YtZGpuX19LYnJkZmZ2MDFTendBWlpLVkgzSGhnUEFnbVRtM0tTbXphMmVkWDFWd3JfSnJiZFRyUFBud3puVnc3TFlJcUJNU21zMFd6d1pkZHdTOWlubzZ0NHZSSXdWc3fSAbwBQVVfeXFMTTdtbGZFTHA4MGpkbHE1QVZiQzZlMXlTa3JkU0MzTjNuWi1KanR0RDlpNG1hNHZzWlFTVUdYX1l3M3VUQ3Mxblh1M0s0TGlSU05rQjdiSGR6b0MwRElEb0FnOVB1WGtRc2tqNnNJTVJDdEZTazg5WVFNdDdCaEdQRWlkc1pZN3NXcjB4ZUZ6Vm1uV0JRZ1Z1Rk5XWFMxcGo5STRyZ3ZkcE45ZUdXOGFrYzdiWjVCT2w2Z1RYcHk?oc=5
PG,2025-07-28,Ideaya Biosciences' Stock (IDYA) Added To Focus List - Analysts Growing Increasingly Bullish,AskTraders,https://news.google.com/rss/articles/CBMixwFBVV95cUxPUkwxMlg2T3FiNmhWbGJYM2x0REsxbl85RGUtcFB3Nk42SjRCUmdZY2dlcTNtbkNyOEFwMmpDN0VmcXVlbUtnR0Jtb3doWDZteTVLenB4OUE2QXRULXB6NFAwaGNFOFhOUXdKVEhhOUJLOGxLaDBsY01SSng5bFJSNjVOVXo4SEV3XzkxbFI2Y0lPTkMyWWV1LVZ6Nm9ycVhkMVRjMk5mZ1gxbk9IQTJLM0lSdzYyeGFaa096Q1V5dkVOWk9zdDVF?oc=5
PG,2025-07-29,"Procter & Gamble Names Shailesh Jejurikar as CEO, First Indian to Lead FMCG Giant",IndianEagle,https://news.google.com/rss/articles/CBMijgFBVV95cUxQa3RRaFdWUXBVamxGcFMzTmh5TGg0QkZLUDdVcVVyMkQ4ZldWNm9VWGZtVDMyT2hpbkp6aEMyZXRncDhaeFI4M2Q3elFTME9vdHdqMFVsOUtzZjEyMzYxZkhpVnpzQnd5MmRMZ24tYjVlLVh5bWJTXzNaaWhfa25aNC00YTA1ekd1TDExRWd3?oc=5
PG,2025-07-29,Procter & Gamble Posts Earnings Beat and Names New CEO. What to Know.,Barron's,https://news.google.com/rss/articles/CBMigwFBVV95cUxPVTdHOFJDZlY2ejU2UWZMR2dqNVlRZklwM09sQU9jMG5keVRQUnQ5QU44aHVQVnJJTjJ4NE9FdWdiMEw0Z1Fkd0x1dkJBazdqRFFEUDJGb0pncEdwQnN2c1RqWkZhaGNVTy1FdlVvWkVmRVhRQTNZRGRkd3MtSWowaHRtUQ?oc=5
PG,2025-07-29,Procter & Gamble Says Consumers Are Under Stress,WSJ,https://news.google.com/rss/articles/CBMijwFBVV95cUxOUDJWeWZfMkhBTWZYTk9pbTMzNGdLYmxWc19ORVphVlliUEZIX0k5eFl1bGpQbEZLUXRXa3Z5YndkY3BVQzdEcGdaWGxoX01HdWNkbVMteUlQbmZRaUJsSERfN1VvbFRyeTFxOXdwMzkzekJCMFV0bGU3QUczTXUxMDBjZHlyT2d1YWdQYlpDZw?oc=5
PG,2025-07-29,Procter & Gamble names operating chief Shailesh Jejurikar as CEO,The Hindu,https://news.google.com/rss/articles/CBMiwwFBVV95cUxORlJpYkdNTlNLc0VVQWIwX2szVkhEUG4zdE51RXcya0czOFh4bktpcnZ3Ym5DSlFSUnNyZDdoSklMb3djb01QTWQ5NkphOXJpNkdlN0UxMkg1Y3FQV1RseGl0ZWl3cDB4eHdwOXN6dTUtMmU1X1hZX2tZRHNKUmVCSXZIbE9TcjdfVjhsVjNtODBWUWxPMUtrakZsUG9HY3J2eHJhWm1PYmk4YmZPZloxTU9zR2FwVUQ4TWd3X2lPS3kyLWvSAcoBQVVfeXFMT0N0a0MtTGdZaXAtNWJnbjNWT1dIUUV6cVNMLUJQaUtwaGJQN256cUtjZkpkcE9aM3JUWHlqUVQ4Nkc3bk5FMFRMZEI5cll4YkQ2TmJLeVRqbXoxYjBUTlBHM2YzSTY4WVR6d3lOdnBiQW8ySm1KV2t5djRmY1FJQVV3c2NWdVF1dHFyNWQzT3IxNlpGS2RkMWEyUlFpSjJHVEMzelRrTUgyZEhKVTZEYTdReHR5Tlg0bDBSOHN0cG9UM0hld1d1ZTk5Zw?oc=5
PG,2025-07-29,Procter & Gamble beats estimates but warns tariffs will start to weigh on earnings,CNBC,https://news.google.com/rss/articles/CBMie0FVX3lxTE92V1gzR291ZTk0dllFaUlEWGVfNzQyeWNWOXpkRC1RX1o3WXJRTkVDM2NhalMzNUVmVm0ydEhGaGNqU1V2NmZRZE1aNGtyRFFsd3B0RUp3OElsT3l3RmJHdmNNeEQ0TUJTR3pfamlOSVV0ZlZuU2xGMWNFWdIBgAFBVV95cUxONkMwdlpjdG1rSTRFd0dObWUzM3F3QVZpYV9kN3dzMjJaVnNpTjU2bWwtb0lmMmFYbkladDNSLTBlLXl6YnBXTXJYNWREY19ldldnSEJhY2VJeGNlY09hSERVN0tGeTR6OXBVVEhSdUFNYXAwczdFUG9oVklDZG5MZA?oc=5
PG,2025-07-29,"Procter & Gamble Tops Sales, Profit Estimates, Names New CEO",Investopedia,https://news.google.com/rss/articles/CBMigAFBVV95cUxPd0dwaHMwc0YxbWw0b01XdEREa0lXNmxxc2FqMGhrUWNWTGoyRHcxQ0pTdkdQYTdUMFEwSXdBWkwzYk1fWVN6b09mamRyUzZYNGQ1aGdjZ2ZDcnZSZGpkWFpfX2NFRTNzWndnOVh1OVFEWHhTRjdWc01scG9wdGg3UA?oc=5
PG,2025-07-29,Procter & Gamble hikes US prices to blunt tariff hit as CEO transition looms,Reuters,https://news.google.com/rss/articles/CBMiswFBVV95cUxPbzY1d21TeEJjT2JIOTIzSUZRYjZJcUhnRVFZcjBySE1BUk85b1Fua1Z0S09CaDY4ekVXZmhUODJ4STZfRkVrWktBLUdEX3daa3pESm1nRXZHUC1hY01LZFZaTktxSXl5eVpjUGdMZ2xncmdWVmV6N3J2WThsa3NtYUU0NExvOVlIOWdSV2hRTkZ0VWNYd1I5a2dpaktzQzFBWERzamRiSXljSkJIc3VmWEFRbw?oc=5
PG,2025-07-29,Procter & Gamble Earnings: Cost Savings Should Boost Brand Investment,Morningstar,https://news.google.com/rss/articles/CBMiowFBVV95cUxPWXRWU215Wl94ZTdyN3UtNjN3RUtuX2RkWk9aYmhQLWZWQWJGRENOOXhoa3NVX01kSWR6bnJfOFU4TTkzR252SEVfdFV0MUhXNzZDZ3BVTFZuN0NUQ1g0N0tQQXBTamJLb00wQ2YwOFNCd0tLNnpqcGE4aXdiQmwwdWY1OVN6WkZlM0dKM0s3MFVqc2JuNDhTV3ByTlpQQ3Q1RWpR?oc=5
PG,2025-07-29,UnitedHealth Stock Drags on Dow: Stock Market Today,Kiplinger,https://news.google.com/rss/articles/CBMimAFBVV95cUxQZ2pGWE1qcUNZZlRvaERDdXQyeGFyR0tFM21IeVNKWDB4V1NWaWRiLTl2RnJKQ0pzMFNTRG9jTTk5cUZ6QUJWaVgwdHc2dm1QNGNndEtJUzlUM1d3RTh5UmFzTHVUNC1PZXBuVzA0NEhsYWg4OEl4UXk3anBsQXA5RVprVUdJb3ZKSDJjSjNnU1ZvUk1wUXRHdQ?oc=5
PG,2025-07-30,10 Stocks That Hedge Funds and ETFs are Buying Right Now,U.S. News Money,https://news.google.com/rss/articles/CBMingFBVV95cUxNQTB5MHlKbFJWMTgtOWJObTBCcjMxTU5nVHJMUGNVSllnRGxoaDRveElSZlA0TExMakMxeHUyNlhhcVJkeU1INkFJVG4wTWYxSmZVM20yQk9Ra3BJeWtwWXBjMFZiQ0t2amthOEJnT29uMTZmZHkza3Jsb2hkX1FQU1NpVXcxbHgyTW1ib044ek1iV1V5ZGRRMGFUSUJuZw?oc=5
PG,2025-07-30,Procter & Gamble names Indian-origin executive Shailesh Jejurikar as next CEO,DD News,https://news.google.com/rss/articles/CBMiowFBVV95cUxPMmJkcEZPd0lobjZEeW9FRkd1eTh4LUZDc0tnZ0RkR2xvcHdEeGl6bnRRVlRxRFlKMDh1Z1R6ZUcyU2ZQVW1xVXo3Wmx6WGhkbDN4bV9kSzJMZ1QtOXV1V29BX2I0YTFVcFdtRGNaQmlOYWFQWmlPVlExRFIzQmdHTmQ3ck13NWpwZ0tDUXg1ZjNaMWRJUWdCNXJlQ0JsV3J3NHBR?oc=5
PG,2025-07-30,"Proctor and Gamble picks IIM alumnus Shailesh Jejurikar as CEO, putting him 'Head&Shoulders' above US exe",The Times of India,https://news.google.com/rss/articles/CBMiqgJBVV95cUxPMWpPbEIta0NmZVBqWUNPTmxid2czMi01V05kbHVacWNYQkxBWHhhUDFjdVp1dWVoUzZVZmJ1TFE3T3MwYUR1QVlETmpBeW5SOEhuTlUzUndRd0VlWDFJTG01WGxCX2lHcXRHT2Z1dWk2X2lMM1l0WGJFbm5HY0dzUHlrVDF1YlMtMm1ZTTR3RzFmNGdseTB6MEpLZWlSN0FTZ1ZDZzVRZVhMNzNPcFJReXQ0THRqQ1o3blNjakh1YzNQcVlPZkdDbVZyMlFOVFhjLU9YdUp1cWFfQjJ3bVJSd1hqMDYxNGlTOTliQkFZTmhyQXNueUhURjZBa29yM2VSaHhGcndGZTVyUDV0dkxHa1BhajRGbmE0aHNRN2VmLUF6S3dfSlZCMC1n0gGvAkFVX3lxTE1fSlNDb05WS1VDMmtfZ29DS3J2WVpSanZ2WVZROUpuUksyckplcUJ6dWZ5bzVWR0hVR0RYQllaZ0VuU2QtSnVrOXFtYkF1WnluREpsNUJHcFFUTGF5QWlacEl3Rm5XTC1fM01SSWE0QlNybWd0UkFXcjRXbmZTRUt1UWRacDNEdGhIWnpfbzhVSU50X1NNNGxpMFEwQnp2Q29IQlNHNUJoMVBsOUdtNlJ0a1VnTVBKY1FWVEt4TnZrUk5iUHNPQWJuUFAwdzlwQTh2cFZib0NFNjVCdnhNa2FjZXE5ZUJDSXVTRGhwdUxWSE9udFVZNUV5ZTFBSTViclVnM1VsTGQ0azlnZVU5dDVRLUVURmxGUTZ6MDAwV19DalczaEtSeFpkeVk1ZHBhUQ?oc=5
PG,2025-07-30,"P&G reports weakest sales growth since 2018, plans layoffs and price raises",USA Today,https://news.google.com/rss/articles/CBMiqAFBVV95cUxPTjc3aWtCaExxNWpRQ05BcTdIWi1pU1N2aDR0aW12cjVMVlhjdjVJdUl0SEItOVZTVVFBOEF6UE1CSmFXSjRGUlBCVVNidDRPdGtpal9YdVBsd2pSTDJWdjd0Y0NBeHUwS1BVN2JhcFNwYXhWX256UFJ1NG5UTWYzX2toYnM2alQyWXB4WkM3WGU4NUItQ0piSnBqeDNGeTduaWJLUnU4Sno?oc=5
PG,2025-07-30,"P&G Hygiene Q1 results: Profit up two-fold to ₹192 cr, revenue at ₹937 cr",Business Standard,https://news.google.com/rss/articles/CBMi8gFBVV95cUxQR1k4dFlZOVExT25lM3Nvcm9OVkdFN2llalhPVXJZdVdoQUVDQVhGRmlVcGhHbXNpelBKU3NyNnFPVmhGVzlmNnN4akwyaW84TktoZERRX1NqelpycmZub1FuS1MwWWJxZEw3N1VsWmxib3pRWXR5SjhsSGlmaDJSZlNKblRDZ1kxeTk0TmRxQXJOOUJGeHMyMzAxTHU5WW9LSkU4bklwd3h0R2ZpMDE0QmxsYlpfUzk0XzUyS1YwNmlmZk9pYmxWd1ViMmVZbldmdUVJZ001Y3RjNk9xMzUzMkNNTnEyVXZfSnBvbV9uLUZKUdIB9wFBVV95cUxOQnF6bzU2Z0I4QTRVU2FZU2ducHBPNlppSXUtZ1JteWltRkZBcmJSSVBuRnBBT3ljMHZ3SklWMm8wM3hwWkk5NXRUeS1UWDRhSm4xLURoMGRJR2stbVRVVG1sdFlKWHhCR3I3U29WQmF0S3JOQWdzdkNzdks5ZUJRbi1LSnk1dG0tYlJsclVDWEZHcDFXTEJSOXhBTmtBX1hhSk9wTGtENFhKNmdMSTdISGJMWUlMRGlTUDFuaUpGUF9YNUFITkpZS2IweW1EbnMxa2JpX1hTaHY1NGpPQ2tOSF90dEFLNk1pVW1iWVMtNHdxNUpramdN?oc=5
PG,2025-07-31,Steve Ballmer Wasn't Given Equity When He Joined Microsoft. Today He's The Fifth Richest Person On Earth (Bill Gates Is #12),Celebrity Net Worth,https://news.google.com/rss/articles/CBMilgFBVV95cUxNODkxZFRxMDdDWm9vcW5qUkVtRk00QmpzdEhwOGlyMUlFRnpHLWNMX3o0TWJNS29fYndVeUpOZzRGblZSQ0gxMkcyVUZtTWZiQVpNWl9DaEYzam9DX3BNYUVwTlNqYVFQbGJBLVFHeFU3ODBSQklETmdWemVROS15U1ZMTDBTVHp2TE9MQ0hBTXdwNzhLaXc?oc=5
PG,2025-07-31,P&G Raises Prices on 25% of US Products as Tariffs Take a Toll,Kiplinger,https://news.google.com/rss/articles/CBMijgFBVV95cUxNX3R3STFwQTFTUjlPNWpqZHUtTmZxTFlZYkFQOHZFOG16Wm9DSGNCWFpDeFZqU3ZNUHp3ME9PTERiQmZ0dFdUeEFocEhjaUVkMW9GU010S3lmWXRmVVpCVFdrQkJYa2ZoN041NUpVd1JRVkNMV0o5Z3BQeW1KN0puN0steGctRkswS2ZJSmJB?oc=5
PG,2025-07-31,5 Best Beauty and Cosmetic Stocks to Buy,U.S. News Money,https://news.google.com/rss/articles/CBMiigFBVV95cUxOTXpiSU95NHlYdnR5ck5vTnJiM0pRRkV3NENXRV94c0p0bGRFX0s2dE5oSHIySE5YaVRUOGZfN05zYVl4Sk92V1FjRlJCR0RmNVR5NGVwNURqUExKZ09BM2JXZEp6VEVFV0Z1dXZhM1pGRHVaT3ExSXNWTEo5STVGM3FsN2lZdVlkUkE?oc=5
PG,2025-08-01,"Procter & Gamble Health rallies 10%, hits 4-year high on strong Q1 results",Business Standard,https://news.google.com/rss/articles/CBMi0wFBVV95cUxOYkFLVW9uZFhsTld5RjBKcDlRSGJwMU15Zm1CdDdMQUhWVTZiQ2lwWTljclRhaEd5QXRuVEhBV3ZrYlZfNVFSaXhob2U4b2kzSElETkQtakcyVkRHOWROYkE0b0trbW8tcnBsQmUyZzZWeHpNZENKM3U3MEdXeU9iU21pWlFJVjhTcTFOS2VUeEY5eHRWRTlEY0dsM2pqcERIVEpNNy1HOFVUUnF2UHVTd3lkTktLUkVLSG1QQWxoM29JbUdtMGFUcWNhZEkzR19iSV8w0gHYAUFVX3lxTE9TZmpGV1UtamM2QTFiTmxNbWdNcDNUSDZsT3phVlpCbjY4WTBnc2JpeEo5ejBKMTVSY1RkU2ZpazJPXzBhM0xyZGJQSFJmdnI0V3N0b0hZb3RHeW1SQ09Iem9hbzg1ODRnd2NYSmxNUFNXSHl3U0IwZnVEYUtTUDB5UVRBakNKVGROSElLRHFJNFhMLTlzMFpjQ0ZqSDExRmxDZkN5alRENjRFYldpbGNpNEhoV0tBdnJQZ1cxQjRaNW5PUUhsMzBIYm1KQ3I1R05fQVhNa0hEaw?oc=5
PG,2025-08-01,The Pulse of the Market: Navigating 2025’s Stock Market Trends,BNO News,https://news.google.com/rss/articles/CBMioAFBVV95cUxPbFlfNV9kTjdXTjR6QjRfU25MWV94bWtvUXk4NE1aWDNUNlBybDNjdzMwQ1R1ZlBFQXpPTzJyWXJZZU1ZM2MzaDBqVmducDFZRGo1UzZBOHNzSlhuMGk2SVk4ZktTZEFUNHpmNUJWTFFGdW13N1NlTEhmN0pkelpHZklIMHFZeGhVb244V2ZoZUVlallBY2JkME04SEZYQTRs?oc=5
PG,2025-08-01,Stock Market today: Wall Street falls the most since May after employers slash hiring and tariffs roll out | LIVE,6abc Philadelphia,https://news.google.com/rss/articles/CBMizgFBVV95cUxOYjdPdnVEbkpHWXZaRHppUWhmUjY5dWxNN1g3RWZOaG9tdjBOb1FIQVh5cE54WmRlZ1JHUHJsMHMwQTRKcFZ0UGRVVm5IZ3dlT1p6a1ZRVzktSm1DN0tEdC13dHZNSlZabGdNSkpyLWJudWpkQ3ZpbmRDTFpjeTEzNVlKMVQ0X0VUY1d4dWVUVVZqWHBTRm9JRDBTdUtxMVdUbzcxN2xST0NUbWZsakxzbDN3TFhzdzU5MjFRWXRHU1VDZ0VlQk9jTEFxTHpEQdIB0wFBVV95cUxOaklsR3BmTC1NdzFubFR5SHI5eDFBR3lTekQya1JzQV8xWFhNTk1VWEtYYlM2WVpobmNuekJOQWpnb1QzQzJKQUZsS2l0ZGs4bU5VbjBQeW9JS0FWaWJzVmVadlBhaTdSNjFVWkRwel9OTXdYLTY3SVhEVGlsMlFuMWk3MHBBbnBXanN5T0tibGhrTVJaT3RTZnJudVB5OG5nQnV4WmJpb3pmWExVUmNIOUtJRkhHZDlNUDRoR0s5eTVaNzFQRDN1MWhFUHVNajdhWnJB?oc=5
PG,2025-08-04,pg-20250630,SEC.gov,https://news.google.com/rss/articles/CBMihwFBVV95cUxOd1JNV2xSc29sVzlaNC1LOVFLQTNJaWFYM29IVGtpamFPQWtISVI1TGt6cE1KbDFQcWNrLUNvajE4NnBuSHdIMndFVTE0dnF3TE9OemE3ZklKVXJCWUpadUpGM3hzaDJjWlhla005QnV3cWtIRlpOVlQ4RWNCTEVweVB4dnhDSUU?oc=5
PG,2025-08-05,4 Super High-Yield Dividend Picks for Steady Passive Income,24/7 Wall St.,https://news.google.com/rss/articles/CBMipgFBVV95cUxPRjZTTFhMVFFGMWlNSU1xVGdVLTM5azJrUWRfMHA4bzg4SUMxd0xGZk03RTFHdmVFTVlRZTI2dzh4NXhyQjRnRmNham4ycGVCMmsybzJmYXp6MV80WTRhbXlRS2xXZlBqb1ZfdUZUdEgyMC1MWHFwSnVaaDcwenRvNDF6ZXlMQjh4QlJBNWpFQ01UcTFRVm4xN3JoVzVTZmxlUUxyeEZR?oc=5
PG,2025-08-05,August 2025 Stock Market Outlook: Where We See Investing Opportunities,Morningstar,https://news.google.com/rss/articles/CBMipwFBVV95cUxPU2hmMmotYmpoT0Vpa1JPc3NMT1ptczhweFBPT01FRmtST0hxU0RabE4yLWhuMTQ4TnZrZXItVGhUT1daTjNEeV9taWNaOHhZLUtxbm9XYWItZFplM2d2U3daaWdMc3JwdVdSWmRaZV8zbF9LSGprWlZScWpmU3F0ZG1BS211U0M0MkltSU0tbU9SbTh1T2ZBVWViTWJDOXVETm92ZU44VQ?oc=5
PG,2025-08-06,Which stocks offer the most stability?,qz.com,https://news.google.com/rss/articles/CBMiXkFVX3lxTE93VFZxajBmM3ltZ2FvVFBfMElVLWFYZmFtVFZEbXZaT2FINEhSOEtkWnVZQk9mTll0UUVsaHJMc09IVURHVXdEc1lrWU5CU0p2OWstbW94X0VfVWdKelE?oc=5
PG,2025-08-06,Clorox Stock: Finally Some Good News But Still Behind Management's Expectations (NYSE:CLX),Seeking Alpha,https://news.google.com/rss/articles/CBMixgFBVV95cUxOdDRVbnM4a2hXS096WG5GMTA5MVdwQzBXbkxWTlZPcUpWNFdwc21IWWpVRnlzWUlLZlYtOFp4NmRLUVpndi0wbkN1MVRNNlF2emJCSGNnbzlDQlFERnlRX2xFeTdGbVJBbld5YUtEcGpFeGNpcWdvZ0tuc2JPbFlpYUx5SEVGc2pUdWgzVE1NaldlTTRFWTIwcTJvaFYtcFFhV1k2SnBKSGw4bV9lWjVtQ0JiSlpxNE4wNDVLMDJoRXNkU2RKVkE?oc=5
PG,2025-08-07,What Are Consumer Packaged Goods (CPGs)?,The Motley Fool,https://news.google.com/rss/articles/CBMiY0FVX3lxTE5QbFVuNy0wWDEzejlnSEhtZUlUcV95b1R0S1VvTjViYWdQSldVS1ZHSmdTdnp1M2E2SVF0N2xnMmc3Zmk5cmt4TU1WemVSdzNqQnl5QVlaZk9yOS1YSmJUTWhHOA?oc=5
PG,2025-08-07,All eyes on P&G: Top Cincinnati leaders look for new CEO to provide business boost - Cincinnati Business Courier,The Business Journals,https://news.google.com/rss/articles/CBMiqgFBVV95cUxObGxrTGlwWUJXU0ZjYUtOVEtORE5kekJWRzQ2Z001dFU0aWp6Rk45a3d4R1AxUXV0UlowSXFZWlY1bjdwQ25tQkFvOTFHR2czMC15TUtiVGZFeUZ0VlJIaE5uZHd5Z2RPY3I2YmI5b3hjTW1FZDA2Z185cnpqaTQ3Zk82bnBqUWFQemdrS3EweFZkbUU1VWVIdUtXYUJkc1VaZlJfNlA0YVExZw?oc=5
PG,2025-08-08,3 Reasons PG is Risky and 1 Stock to Buy Instead,Yahoo Finance,https://news.google.com/rss/articles/CBMidEFVX3lxTE1hVXFwSHlHcjQ2MHNGdmV5emVMNVNqQ3hkRDUtSkhDU3hsZmFWZXU2Ymtmd0dBN2cwYTA4T2EyX3VyS25fRm5TU1R4YmxQM1dVRXptTC1CZ1NqM3ZhNS1Ra1hZUlBCUU5uZktQVVJKNTFkRDE1?oc=5
PG,2025-08-09,Is the Vanguard Value ETF the Simplest Way to Consistently Collect More Passive Income Than the S&P 500?,The Motley Fool,https://news.google.com/rss/articles/CBMimAFBVV95cUxNWURRZXBLcFNnZkJuc0R4d0hwR0s4TGxNZS1yaWlfUEpVdjlKdDBXUDYzV3hKR0oyUURYZ3lFTzlST0s2NUlISldTRzZxVEtMTWJKd1JwOTJ3TkJDSnFNdHctZGJUWkxIaVRZVWFCRDcyMjRGdkdsTmkweVYtT2owWFFkQTBCb0c2YmNSbW1GVWJPMVBHRmJpSg?oc=5
PG,2025-08-11,Shoppers to see higher prices on everything from toilet paper to candy as businesses pass on tariff costs,New York Post,https://news.google.com/rss/articles/CBMi3gFBVV95cUxQMEljLVVUcWxiV25xUWluT2ZxNkloMWo1U3BZTEVqenZ5TGxhNUMxaERpbU1wcHY0RThGcFVPWDJMTXg5dmVCQWJaMTJGNXJSTzE2RUpJUm42aEptNXJlMWdRT2JqTEdGdm5GNElQYnNGckx0Ry1vRzRGRVFLZUNYY0ktTjAtZHpfRkhlZ0cxSFlRSTdtdEpxakNuX0tTWUJIYW82b0dWZVdrWEhnX2tVakdtQ2RranV2TXNEUGJMZHdZN3RSNS1BdWNlRVdJRHRhbm96U0xscnNvSGJ4QUE?oc=5
PG,2025-08-12,5 Dividend Stocks to Buy and Hold for the Next 10 Years,TIKR.com,https://news.google.com/rss/articles/CBMiiAFBVV95cUxNWmVHT2NWQWU1NGxQUm1LMVFMSFNXR2hlMFUyNEE5T2NDTDRHN2hjaGJhRWNQU3QzekhMQmJjS3IxRHUxb040NWxhSGRLaUJ6S3ctQUlRNHFEa2Z6RVpJeWJoVEVqa2lsRnVmVHVNS1lNbEZ5QVU1VGkxRGgyWTZNaV9oc1pZR2tL?oc=5
PG,2025-08-12,How to Invest in Stocks,Zacks Investment Research,https://news.google.com/rss/articles/CBMidkFVX3lxTE5jdThFU3dLQ1FTWjRfRkljRWZTN2ZZQ29TaEU5eUoyZC1obHJjaVZhYThTZ2tYTGoxTUdZeVEtUktUS0dkNU8xZjQxWWxxNjZoalFCVUotajcyT3d2dmpDRlRpLURIbzdBdEJuQkRTaHNKRll4MXc?oc=5
PG,2025-08-14,Best Stocks for Beginners: How to Trade Stock CFDs with markets.com?,Markets.com,https://news.google.com/rss/articles/CBMirAFBVV95cUxNODJTYUxNUlVKWm1JSUJuUjcyVXRCRC1yN21oV2haT2NJSWY0NFFaM1hjbC16MjBtZW5YTm5xYVo5VGRKY2gyR1JMU3hSV3hRZXUzanB1dktXUHJ5aHFsWmtYRnhLNHppYmxNSDZONTFJQ3BweTdKc2pDVnZTby1xNzY4RWRnQ3ppa0xoS0Fvb2dHdDExVDRmSnVUV2xxRkZ1NXo4MGl0OFBMUTgy?oc=5
PG,2025-08-15,"Ubiquiti Inc. (UI) stock price, news, quote and history",Yahoo Finance Singapore,https://news.google.com/rss/articles/CBMiX0FVX3lxTFBDZ1FXaFNQQzZlZU9PTmRQa25uUW9jVllla0lEajU0QUNYMXVhZEpHMGZJT0dkWWtmM1ZaTUY5X3lidFBZR0h4VmpkOFljam1UZDV6TV9kR2JwcGR2bTUw?oc=5
PG,2025-08-19,Is Aldi Publicly Traded? Here's What Investors Should Know,EBC Financial Group,https://news.google.com/rss/articles/CBMiiwFBVV95cUxPUy1wYXBOdVZhMzBodm9FclRtZlVja0hoSEd3TlhZVVZTNjVxVXdBMEptbVEtcTZnSVJKREpvTldvcTFXZ1pCdjM0TVZNT1V2X3JoMDdaa1VUck5vTjNuQUlFd3BFN2tZSjlPcHRGam1qS1JZaTdPRHhHaWxfYjBKbExvUzdZa2Nja0lB?oc=5
PG,2025-08-19,The state of play for employee share ownership | Institute for Business in Global Society,Harvard Business School,https://news.google.com/rss/articles/CBMiZ0FVX3lxTE9kdjVaSEpQblg3RHpOcG52bklnVlJHRlpEdGNVZHpFS2pGbDJ2V2xOS0FtSE84SFpiZVNaWksxN0kxZ19kdE45dFdjOW9OaVJ4UllheEpRWmcwZjgtNG5FRGFDU0NMWFk?oc=5
PG,2025-08-19,6 stocks to buy and hold for investors,qz.com,https://news.google.com/rss/articles/CBMiUEFVX3lxTFBRMWhBbkF3S2s5YmhzZzQwM2VnYjRXaTFLSVB2Wmc4bjRpRFVSS1VLM3NRaG9vaV9BYWw4NENKY2hoeXFWbS1KblVwXzY5NTlY?oc=5
PG,2025-08-21,Ex-date alert! These 54 stocks go ex-dividend on Aug 22; are you eligible?,Business Standard,https://news.google.com/rss/articles/CBMi1AFBVV95cUxQQlhqYXJpWXM4ang4c0U0dFZ4VnltWDdKYjlIWHJmaXRESzBkalp5ZTJzaG1Bd2ZBNGltQ0hIc0VxeGVjMkJpVzVDeVBNYVlCOWJVSlMxWllsdzhUcmRBQmRYQlZqVFVuWkhkTmxrSlJ6TmlFTzYyQVJmcFptcDdpcWx0WTU1b3d1UmZnSkNEYVVlZXp6bGpDaS10dmQ1dWFrYW1RZldCMTU5T1h2UldFRkQ4eGxtT1JwWDhKSnF2bzNjMUJuVVZiV0tEa1BWWl9nM2xwRtIB2gFBVV95cUxPVXliVUJYaU1neHlUNnNDS3JjdGxuLTZvV3FqcFV2ZHBzeFZlQmo3Z0ZOR0lUOHJnQ2lQdS14WU0zbUF6U09jc3YzSTBsalMxSUFCei1mUHZnOVpYVW9GbU52MUlZcGFFQnp6N3hlZzNRUVZWWTJyT1VhRXlLRHdiVVd1VWFyYk94aWRyLUlHTi00TlhodmNULXdCTWhyRHVTckkzeVJqalo1aWRQclBDeVg4VHdrdC11ak9mWU5CNGxDeU80SGtYdVFsOGFxNGRJODU3VWhSNnN1dw?oc=5
PG,2025-08-21,3 Stable Dividend-Paying Stocks That Are Perfect for Retirees,The Motley Fool,https://news.google.com/rss/articles/CBMimAFBVV95cUxQZ2lSRVZSSW5EMUkxcFdVTGhRRnRWMzZFUEN2ZF8tVC14Rkg2SERWd1BJOTZ0U2lwT3lBbW5SeUZKaVU4MXpsZFRfSy1IclpwZVJ4TzJKNXh4SUxCcWxMbXR4b25zNXpxRzhuaVZVTzh6eHFFN3BRaHh5eGFmd0JQcm1hNzdOc0EySGFMOTlCSG1hNEsxZEU5UA?oc=5
PG,2025-08-22,"Analysts see P&G as positioned to navigate raft of challenges, uncertainty",The Business Journals,https://news.google.com/rss/articles/CBMirAFBVV95cUxPR1ZMOFdPWEpTWHpFTGxWcnJ2c0k1S3JMaWlNb3UycDh2S0hOdjR0WE83TXlYdGJqUlZvMGV6ZkRCVzUyMzItQ1BWZjdlMXJObWlhLW1TWmROeUxlOXVnNnZqMEQxOS1ZSTJnMjFQOW1tLXpjeFd1djh1dkxEajYwVDd5UXA4WWQwMWV4NV9SNXI3Q0szRUtOa3BjcWlvWEdwT2dUMEdpTjJGejRx?oc=5
PG,2025-08-24,Rs 65 dividend stock: One of the expensive shares in India; BSE 200 company - Record date in August,ET Now,https://news.google.com/rss/articles/CBMi4AFBVV95cUxPdGpWUHFzVHV2MXowel9penVtRnljT1pjQVUyYnRyNFdORFA5NVFFQzc5a1gxcGtZaG5nWlFhQm91a3ZxNU5rcUVkMGV0Z1lIdXhDdnJCTi0wZUxIeURNaERVbmtZY1VvMjVfZUlFdzFNUjZhZWVIenRLWFNZUXZOTlpuYWJ1TUR6Zk9Iamc5MlpJNEJnVU9oX0dQMUFwanItOS1ER2dXcEhQcXVpdkI2ek1YeGttaGpfRDh0QjFxbEN4RHM0cXowZlZiWWZiclo3dEpDd2pFc01CVEFMem1UbNIB5gFBVV95cUxORVg1dVRVd2dxT2hLWUpaV2hBR2l5cG5ONVpyMkpzel9ZSFV3MFA1b2RZNkUxdUx1dl9CaGxGVXpaTm1ieUx4eU0ySjFHeEhTY3FldjdBRXFvSU5fZUdXeHJRVkpfNmo4VTNVNVpHR0FGeXZBRlpYWS0xeUM1UkRHb0Y3OVgtWFZXYkhpdGFaUWpFN1FBNUd4QWxkN3hoaVh2S296TUR4MjkwY0N2ODVjcnpSQXlERFY2WXhpSHRDNV84Uld0S3RjVmVTUkxoc1NMU0gyRzhFX29vRk5pbzI0d3Q0bjhxZw?oc=5
PG,2025-08-24,5 Undervalued Sleep-Well-at-Night Dividend Stocks That Will Pay Even During the Toughest Times,TIKR.com,https://news.google.com/rss/articles/CBMivAFBVV95cUxQN1pUcGpSOUJBV0s2SDJJSjVEelA3Wm9kR2Z6b05KdmRyUTV0b1Zpak5IVEVJYm1hM0FKakJNVlhIRUZUM0NLWnA1TUpuaG9BRTV5Umc4OHlLczVjSnl3Yk4tNHBxcHVib2lFdDVqVzZEMGh0ZmVPTEJtQkZBTzl3ZzFvak8xVFpnR1ZaeTFYWDVzYmxpSjZobjBKLTVaNmVNQThmLVRRMVpKUVN0ajZ0Zm5XYzgwemtuZWxOTw?oc=5
PG,2025-08-25,You still have time to save before tariffs raise prices — here’s what to buy now,NBC News,https://news.google.com/rss/articles/CBMijgFBVV95cUxNSzhKR2NZN1M1MDdHRHNGcW1IaUpLQWR2UEFlV2ZZTjlLanh2UDlTYklzbWlJZU5yRTNURmZSckJfdV84WC1WUV9lNURzeGRLWE50SjFxeldaM3k1Z3JKQkN6cXQydm92MHVUbnNIelZJUWlGcjNHakh4bTBSWW8xWS1UcFUyNVYwYWxWUXJR?oc=5
PG,2025-08-25,P&G selling China-made luxury 'bumbum' brand diapers as market share falters,Reuters,https://news.google.com/rss/articles/CBMi2gFBVV95cUxQQVlGRjl1VVdiTXV0ZVZ2czJEcGV0Y3JBM0RkUk16QkJEWXhrQm9hYWJNZEpZMVFKVXZIZ3pyQ0JsR25hVk1mbHpfZFJQdVBlQlVkdTVTbGtDZmRZX1ozaml4NzR1dmFxV0JQdHVWbnFPOTJDV08zS21OUXM5SGVaRUFiU0ZmSV9aMTlzbjQ2clNqVTNSUkUyU0kzcTFDUWZveEhiOXFXRkRmTUVEdlJLS2Q4WDZ2Z3FwXzBwdzczUFdsNnFnR2xrelJCcUdKYW9HSXBEaFkwNTFmUQ?oc=5
PG,2025-08-25,"Procter & Gamble (Ondo Tokenized Stock) Price: PGON/USD Live Price Chart, Market Cap & News Today",CoinGecko,https://news.google.com/rss/articles/CBMiekFVX3lxTE5SWjNlRGpyaWJleE05R2FDS1oweS1MbnJ4aTNVUlZLeEJmSE8xUkZOY1NMR3F2d3Q0REgyeHF3aG4zZnFyekxyWVNpcVVTdC1QUlZkRUpBaUgyYm9UUTEwWVlTN1JzNjdING0zWjJtcWVSd0NwZHBEWEVB?oc=5
PG,2025-08-25,11 Best Sam’s Club Items With “Instant Savings” for Fall,Eat This Not That,https://news.google.com/rss/articles/CBMiZkFVX3lxTE1kVkZ6MHBsTzlSeEtwdXE3MVpCRE5rdHBySmxuWlRkekpoRGdLS1FzOVNQRTZCWm1URjljVTZVNVRTSUJnaUV2Slp0c2NiUFNrVjZwQV94TngzYzBSbWRuWXpWTmFNZw?oc=5
PG,2025-08-26,Justice Alito files 2024 financial disclosure,SCOTUSblog,https://news.google.com/rss/articles/CBMiiAFBVV95cUxOdldUU1NJNnRkb0ZzUnhucXlmcDR6d2NvTExqUjR0VEREU0EzWnRLcTdmamhkNmhTRFNYLVBrbi1SQnk0T0tJWG8yaEtsaXhMZklPYjZubGhQbjRyd2pOSFA0WV9zVEVMYkNCTDJrZmtkRDdXS0ZHclBUQWVBdlIwaTNfX0VaelM4?oc=5
PG,2025-08-28,Best Stocks for Covered Calls 2026: Monthly Income Strategy,LiteFinance,https://news.google.com/rss/articles/CBMingFBVV95cUxQNXhQRHY4QmdDLW9LZ3phZVI0YjJ0bzlycHpaM210RUhZeHlXMDhEUF9TMGZFZUJpRVNDZFVmeVdKOURDcEtCaVJSZks0eDJBdjh6a1hjXzFRZkNWWVl1bUljWWk0SnFHUnAyODdydG94ZGdJd0NiYTd1eHN6RHRKX3l1SFFEcmo1cnplWXJoSmdCamxfVjhvWmxWSThPdw?oc=5
PG,2025-08-28,"Rs 95 Dividend, 8:5 bonus issue: 14 stock turns ex-date today- FULL List",ET Now,https://news.google.com/rss/articles/CBMivAFBVV95cUxPd3BhVTV4VzREZjZTY29PQkRrSDVpRXY2SGQzdW9yemhSRENJT3plNjlURTdDUjU2WGx3QmdKZmtxZ0xjMEdUTkl4cFRfMlRwdUpVSWJPVXBCUVVkekszTmZPaTFfb05NazkyZ2ZINHhEMW85eFV1ME83Tm9KZHp2Z1QxUkpsYVBTRlpINnJscENsSGp4Vi1VQjBMSHIwdDJOd2pjWG5udk11M1hPVUNmdkI5aGVHU193T1FmdtIBwgFBVV95cUxPUVNwdUlGWmp3a3p5S3NZemVFN2tvNlY2aE5neWN3SVFDWXJlQmZjdHMxU1d4bUxSVlloYUJ5MFlNRFRwdlZZUVhJNm9RNU4xNTZpNjRHSnE3ZXhLNWRUUVNqWVdha2l6dnF4bnVMTzNHZktBZzM2c3ZaXzRFanBCYW5WYzAwdFo2M2NCRm15cTBqREpCUzEwV0d6d1RTTFViQkdHT0ZqQ2htRDZOcmdEQlFMZGVRaU4xb3FOVjdybUw5UQ?oc=5
PG,2025-08-29,"If You'd Invested $1,000 in Procter & Gamble Stock 5 Years Ago, Here's How Much You'd Have Today",The Motley Fool,https://news.google.com/rss/articles/CBMimAFBVV95cUxQS1ZkclBsR19waS1tTzlPVm53U1hGQkZheC1DT0F0ZTEtUVd4bmU5Q0lxZkZfbzVlbzRqY0dCQ09yZDQ4a2JkU3RRMHdTNTFpQ3dzM0l4X0R4TXdhNW1EVkxqSi1sa0hWVmNwVzVZd25tckgzOWhWZERYOThYMFpqM3BzV0lzbWRwM184TTFWdHhMcTJFZV8yTQ?oc=5
PG,2025-08-31,Behavioral Patterns of PG and Institutional Flows,Stock Traders Daily,https://news.google.com/rss/articles/CBMixwFBVV95cUxNcC1kaUc3TTdvbHowMy1ZVEtFcWxHWWZUU1BvU0NQWHNUYzVFSF9iZFVGNU5XWndzUGhDZ3dzLTFmejVpbnB0cFBDVGk2WUlFUm41V1pBRW9TX3hSNzJKOTYtVWZGRXZSeTA4TXlCTG5QSUFJRzJlWElEV2dvMnBQWUVlWF9yOHF2VFJ6RnpNNnZaQVRiMl92WGhVbGotVDBSVjVyNU5MemFvdWlPdG4zd3RsaXVjQWdvVFM5N2xmbXJmYTV0LXlj?oc=5
PG,2025-08-31,What Is the Highest Procter & Gamble Stock Has Ever Been?,Yahoo Finance,https://news.google.com/rss/articles/CBMihgFBVV95cUxNWmZqUjExbktHSG1qRjBRVkp4aDhNUzJJOEFsVkFIcXZWczI4eTdLUm1yd2xsRnhKZ080ek0xT25LRWsycUowWlU3ZnY5VV9BSWFnaFpweWFTUGdSZ2JpSmVsOGdIYVp5bDF2OTNnVEdrNHU4NHo4TnZpbkNRaVA1S0V3bFpvZw?oc=5
PG,2025-09-01,Stock market holiday: Is US stock market closed or open today for Labor Day 2025?,livemint.com,https://news.google.com/rss/articles/CBMigwJBVV95cUxPaFB3RTIzRDVIMy13MnZyYXBlVXBBbGxzWllSak84M1pQWTZQcEVqLWdwcF9SOTBwS1BaMVFMdERMTm1xVndNVlVNXzNhZlpSUHJtdVhMc1k0bFk5ejVWMThna1Z1alh5ZUlZVmJFZHN1T09fQk55bXRQZkw4d2tsa2tpRkFHYmFERndRal9UencyQlNVQWdsY08wNDdGQUc2NHRrUFVhME1TVWt3cUdNd2FlNEdjRkdBUV9YbkJCR2I4dFYxUkMxUjZfaWRvWUxVZFlGNzNDTjFhcTRIbTJhdVFmU0FnUnFmakZWMVRMOXpzbFNHUUM4Nk9UUE44cFA0QjhZ0gGIAkFVX3lxTE8zNWxlSmtpaDR3QnVDOXVXRlNmeS1ETzk2QzZsZGJjVUM5M2NEbi1nUk1fWS1HbG9uYU95RFk4MldQUkx0bzJzM0diUEQ2ZmUzdHJqOGItcllsWUtIWUtfN0dIcGk0ejlfNzBIdzFkQ01FZVJLU0l6YjZBcngxVjBNa25oRmhaMjl5YUE5djJNVFRleXpMY1dZeHZTQXJ2WWtWcXIteDY2LXh0MXhJcVpEYjVkYkhreldvM24yZC1jcHh0MTk3NGtRQ1Q2eGFRTnR6clN5ZHZRRzktUEdvUkhrcFJoNll3ajZBQ1VldXVlX3g3VjBCMl9oRC01VGxmSnNob2VibmZWcw?oc=5
PG,2025-09-02,Procter & Gamble: Better Off Buying An ETF (NYSE:PG),Seeking Alpha,https://news.google.com/rss/articles/CBMijAFBVV95cUxQSmFrclp5cXRXdEtLd0tGaEdoRkN2aUZrXzYzU21mcmx5RWhTMHJTckR4ejNhQVVVTndpVXpHUEdDN1kwMXdhVzBpazV4N2U2UWtkWnNRSGdLVV9SRzNXeGh5V1hTd3ZncVlyeDJBOVNtR05OaFotTnBuVzdCazJxb0VnMVhjRTY2NVo3WQ?oc=5
PG,2025-09-02,"P&G CEO Moeller sees pay cut in final full year on the job, as do most of the company's execs",The Business Journals,https://news.google.com/rss/articles/CBMirAFBVV95cUxNVjRhUzV3OUYwbVM0XzNQbXlnajUwbDh2cWtGZ09SM01kMTdQM2htOC1uQTl1T0VZVlZ1YU9Gc3JVVEhxdTZ4enppZHl6RTVPclNjMERGSGFUbnpCQWJ3cFdOYm0wWFkyUENDVnBrNmtmdjNBVzdZRGgweEpiRVJzenFCOVBOYU1fQ3k5V01UTjNXdEVINVR0OTluWnhhYk54UDhMMS0xNmdaVzdW?oc=5
PG,2025-09-02,The Honest Company Remains Intriguing But Tough To Own (NASDAQ:HNST),Seeking Alpha,https://news.google.com/rss/articles/CBMimwFBVV95cUxOSXZWR2QxX0c2dG0xOVZVV0xJU2JsNTQtNjU4alMtdFpoTGZON0YxS0RRS1c5bUpvTWNRaFVrLUVrdUU4WEhZUWJVM0d4N3NmczIycXczZU9IYk9TendXWUhoNll0RWRaZGlPNDBfcmNya0MtSTJwT1l5R0RmWDVoV3Z3U2hZeHltajliaUkzVFlaaXdjXzVGQ2tJaw?oc=5
PG,2025-09-02,Kraft Heinz to split into two companies as financial struggles mount,Al Jazeera,https://news.google.com/rss/articles/CBMisAFBVV95cUxPYnJmTWFSbjEtWm9pUzF2cmtmdWFYRFAxZGxMQWI2b2FFd3p5bmQ0WU5yOFUtWWgtSi1kM2NXYno1WFVQLWdsR0wtMzlNOWFfQ3VsTWQ2TUs3eEk0bU1zUDFabUhyREd3d1VfX1BsY3ZJTXFDYkxLWlRwNjZSeXgweFVPTm5zbDBlUnoyM2FMWnlFbTJWUGlOUU50aF9nMDNEVUlUbmdQT1FBNlBCQjU5dNIBtgFBVV95cUxNX2RkQzlNeU1QZmRJMC13R0VSVHNUM25DYko4VE1KNGxobVZkb2JEMUxObTEzYko0ejQzZzNLWWFOU29oc09YUFVucVV2QWdCVHlGVHlELXF4YkxHejlTZk5wajJvSzhtOWo4NE5XNXlEbzZ1Q1RKM0dlbDJ1SlZzREJ5Wmc3SlpGSVlCUTBSaUFoTlRYMkN0Y280d29jZjJZbG9TWk0waFo2RjA4SndrUFFtY3llZw?oc=5
PG,2025-09-05,Tylenol Maker Kenvue's Stock Slumps Following Report RFK Jr. Will Link It to Autism,Investopedia,https://news.google.com/rss/articles/CBMiugFBVV95cUxQb25nZHZEb2c4Nl9vOGphZGNzMXlTN2FuZGhKSlFxNmFONjRiTE9FZW5acW1sd1ZsR1A3Q3JCMzk2dVhCTUxaTWJRQWxqMlRiTk9kTk5udzZMWHV5V3hVZ0ExUW5aN01WT3ZLSFZDQ0xNTEttUzZ6dlBhVlR0RzRVVUNqSk1SWWtrUkR0WHBRanhtcXR4eWxxZnFCWmRsUmZZRDRsVGo4T3VwN0tIaFZBR1JUeXpNeE9TUGc?oc=5
PG,2025-09-05,Procter & Gamble CEO Jon Moeller’s $21.9M pay revealed in SEC filing,USA Today,https://news.google.com/rss/articles/CBMinAFBVV95cUxQUEhvMEFrSHJVMVZmWnJTWjdrN0FnYk91bmJtMXhOdEVxWjNCa21MeHRxekx0TEFxVDhrUzR1a2xndkNfbnpPUFJLNjBTR0Fpb0NMSXp4eElmSmVhMGNpbWEzYy1zNzVvaTBvNThaZm1KVXZ5MnBQX2ZqNm5CbjR0dTU2ZVYzVkNSMldtZ0V3SVZzb1ZsSzhqOWJrV2Y?oc=5
PG,2025-09-08,"Walmart, Costco, and Other Consumer Stocks That Should Do Well When the Economy Weakens",Barron's,https://news.google.com/rss/articles/CBMilAFBVV95cUxNX1JVczlwQmZRQ2s4UXRmUWdubUQxMi1uX2FxdWQ5TV9lRGc5dVY3ZlNLcVVBcmpMQU9LSUQtTE43YlVjTzgzN25kT2s2cGR1Y3pSUXhDWHVoQ3JQQXZucEctaU5Sc1pkU2VuRUNNb3VUTEg5WFh6QWltU3Y2RDk1MEVHM25wU3ZTT0YzSWxtSTlyaF82?oc=5
PG,2025-09-09,Big relief! Govt allows manufacturers to revise MRP on unsold stock due to GST rate changes,The Economic Times,https://news.google.com/rss/articles/CBMi9wFBVV95cUxPUDY0YmtCbk1wMk0tU0FTOGs2R2xNdXZ3QUk2XzZsM2JqRnhKaDE1WW5JOG5fWHhRejNrUXdCNmdEYnhxYk4wdjFyR0x6WHBIeUlqQ3l1NmRtSW9kLWlBTXZXalhfbzlsQkVlOXE5LURRODllT3BiWHFYeE82UTRKMUFOMThTNDFkZjV0bjFCQklOOURjMWxoVjRPUjVOQ3lVeS1qcXRrRHA2Q1lwczZFZEowSkk5bEJpMGpZeWNTcktSdmFEenV3Vk1kMFhZNWhUa19kS3Bfc2dvQVZNUE9JYjQ0TlJvR29OY2x4dUJKNWxpY2xtSnZN0gH8AUFVX3lxTFBNcGp2TzJJU3lYNlNjcDhwQkctVGIwMnhHdF91TGd6NjFrZ290LTRTbmVSTl9uMFdGV3MtMXI5THN1Z0RFeW05dlNRejVNaEhaTlZtaVl5Q0RFd1ZiRkZqWWFzVVlSUm9NczNnYTlxck9mLURFZHh0aDF3U0IyQTZvUkRYbmJGSldPaTVHb21VSV9KU1RNTk1sMm5hMExSRlZoUXBLQl9wRFlrbFA0bUtBX25SajkzSkIwWXNzbGhVWjkxdEVOLWNUTUdrOVR0cmg0Tnp0cXFnQnh1LVlrOF8tMFgwZTZYSDRaZ1NfUmtuZG1QdV9GM2R2b25ZUg?oc=5
PG,2025-09-09,Good news? Manufacturers get green light to revise unsold stock prices using stickers after GST rate changes,financialexpress.com,https://news.google.com/rss/articles/CBMigwJBVV95cUxOdEFJN0JfR21VRFdjMGRwWVVfdE9HVnlNU1hLTVVfeVR5akZOdnh1YXFLclRlRkpPckQxdjNqclQwTFBOMmFkWnBaYmg2bGFfcmF4aXJoZ1ZYTjc0VTB6M05jQjRLVzJrZHRlbmNYZGdiYUd5UDBQeWQ0NGVCalUyRUFlSUtYMVktc3gwZG1KY2MwTThGb2dhaVFpMEFKY19FZHVvd2VLa3R1Q0JqNTlRMU5lSHhySTZCZDlZRUFRUEtFUGhteWFwVXFYNV9OZkRKa2F2RWo5Z2pwejJncExKUWhvZS00WmQyZHFXZnNQdWNxWGxYM2FudjRVTVpJS1BodWRF0gGKAkFVX3lxTE9WYzNOQmtGYWN0Q2JuamJIUWdDOG1aYWttaG1lakVKSVZleVBRRE5rSllfSUtEZVk3bWtFZi1lc0huR3lMVFFfYzBmSUF1SmhDdEtWbHRTNmFoYjd4dHVNMzRkNl9FNkVhS2FneDdWU1U3SXF5SWMtb2w3U2lHZF9IVmRZN2J4bU8xbGp0Y0JuQTRFWUNMZy1EeTRyX2Y5MkxfME1pWFlreGE4T0VlbjloWXJFQVJnTHNkV3gtTmlOanc3eVRmUDBzSjA2dk50ak5uRUFjdnVBaGtRWnIzU3N1UGgxWmlfNWZwYWxSQTRnbWt5MFJEQS14REVCT0RVRjFEeTZCQW9aRVJB?oc=5
PG,2025-09-13,Big Brands Play Down Their Americanness Abroad,WSJ,https://news.google.com/rss/articles/CBMilgFBVV95cUxQS1d3dXlmSUdwcGY4ZE8zcG5SMHc5dVY2azhqWnhOMXpMTFV4dzFQZWstamQ4d1FMZGxrY3J3XzZnbEFuMUVXWERTUUJrekVRQ0FNRVlLb3JSZURsUmZFZWJZdG1vUU9UcUZ0WDFUNE42QXBQSnF5aFF6WEswdWNYWExITnRqN1pVSEpvWEt4LXVqdnVjYUE?oc=5
PG,2025-09-14,P&G cuts are coming. Here's what it might look like,Cincinnati Enquirer,https://news.google.com/rss/articles/CBMikAFBVV95cUxOWHQxSnZkQlVpZFhjU0J2MHFDTS1ITkNjc1RXRlUzVXpsbWtOTHlwa3VlRHpMbUJKZTlfM1JQNTJWQWFCN2p6akVYaXNNdUFUS1VqRmFjRGc4dDlRX3FfNlhYb1AxVzVlRXNTVGJOWGpNcXgwYmNDb0tHWUNLRmN0UjFsbVdac2lsX0xlMURseTM?oc=5
PG,2025-09-14,FMCG majors roll out trade notices ahead of GST rate cut on household essentials,livemint.com,https://news.google.com/rss/articles/CBMizAFBVV95cUxQVTZyaGxjbzZOTmVuUmhjeVgtcnV4ZHZpaVExdVIyWGRESHZmTUlhV01ZTTVhZEtOOGN2eGJGQjZ3cTlwa0h1c2pSQjFQRkFkRUVnUE01V2FtdFk4UndodVZVLThBMk5LWE8yaVlNUjVCWDY4cG5COVdPSW80MUJnT2tIZERSZVA3b19SNkRNWXk5U0NhSV9WTmZ6ekdZa3ozdFgxQkdQNnBTMkEtbTFHMVlKUHlfd1BUbjdTQklfRnUtSVdrQkQwV04tOVfSAdIBQVVfeXFMUE92Z2I5ODd3eTBfV2VwVC1KMTUzVm5ZMDU2V3FVM01GSEpXRUVndjNTNXZLcDZLRDJuMmhTSGlrdVRhZUdaTWtNclNFMFZyQXpBM3daVDBFVVh6X0xxQmQ2a0tUa19KQ1FEeW12YW54S0Y3WEJDR0IzaUhTRDBBRm9Zanh3TG1xOGtKbW1VZlhqTnVqRV9FOFE1Yml4NTRfQTdENndPVGVJa2xnNXdyajN1UjhJemFuWFVkaTM1cUtZNWJjaGloUzR4UDZ5SkxhYzdB?oc=5
PG,2025-09-15,FMCG retailers bag big discounts ahead of GST rate shift on September 22,Business Standard,https://news.google.com/rss/articles/CBMi2AFBVV95cUxONGNia1NYSlpnSzkxRmE3UkJtaDgxOTNRTWxILVhBZXV2RTZOYllsTWdHY1kybWdhTmc3a1V6NnV6RE9wN1l6NmdhVXpTbEFHaDUzVGs5U0ZzVDB0WHZsSkZOZkhRWFAxN2lVUEVlMUlmZkl1dElraTVnNWdzeHhGT2pvMmxRbWVKREdoUU1uYzhaTGRESWFjdThWeHlvU2NGU3p0OUF0anRPN2szNGJyQnprZTkyd2oyZHBPYkpCVVV0MnF5ZE83VXVxZFlVTy12U190aWlQZDPSAd4BQVVfeXFMT3FFbFQzZ01aUEZVcFdsbWtRbE1NcWd0eDFUY0ZqSWRnWUtfLWotY3VPalFxaDEwblRWTXRFOEdPOE5NellodnRuc24xb3p2T1NBNlMzSTQ5dGtCeXR0WmhiRE5wQnV6Q3c0MEpQRDNGOUVKVmVPSlpydUsxVERXdFJEXzEzS3hsWFczbWVCbll1Nmp4a0dEUkJKN3AtQ1NsX3pobUlzNUZ0QnFPVURUb19vb05aVUc1ZHlHUDgyY3luTWVpSEplM3BlVzhOdkpBTUhGZkkydU85VkkyM2x3?oc=5
PG,2025-09-15,The Procter & Gamble Company (PG) Focused on Innovation and Efficiency to Accelerate Growth,Yahoo Finance,https://news.google.com/rss/articles/CBMihgFBVV95cUxOOTIzVXZpYWU0WThMYU5OcURvWUlYenFzenU5QzVqNlBZdHk1ZG9lNnpnb3M2OVdKVXNpcVkyanU4SHBxSnpzbUEwOEZCVUwzSlVnRFRsRnRkU19pa250bVV3bll1dFNnRXU3clZqTERkTTY2d0g2bjUzTlNDSzZMZmZaRDc5Zw?oc=5
PG,2025-09-16,P&G Health appoints Shashank Srowthy as new CFO effective October 1,Business Standard,https://news.google.com/rss/articles/CBMiugFBVV95cUxNT1JKZmZwcmg0YkROcDExZDd4alBKU09UaVVlVjZNZXJGUWlITjhSMW5MVFcwTlBEYnRGUnFVclZrU0NYcnR4aWJLS0p5LWdEdEl4eVdCckNQT3NCdmkwVWpWdWg0M2tBLWRiMEE0M2xJSlZZNG5WLVpsbzhKYWx2ZHJ6cDBheUZDTHZuSHhkOE51R1dYR2x5WWZFTmFIUVhLMm5hZml6LU1KTnMwRzhOODU1bUVGWHgxeGfSAb8BQVVfeXFMTnh5eHhOeDdhZFlWREdiaGNWYjVCSjh6U0ZxR2lGSWpBRFlJanJhMjFXcTZXX0prWVBuaTBoQmQwYmY4R3ZWMHBqUmtvcUU2X3hsT0w0aEp4YXVpbDEwN0s1VUJtRjc0MVEwVVZRWmp3LWxsaHZvLTBmVzI0Rm5QdE9NMGNybndNVVN1a0tvVXRtODZUZnRnRk9oZDhyQUNlZEM1eFpkUUR5QWFBcEJqMFM2UlJhY0Jyd2JmWWhzZGM?oc=5
PG,2025-09-16,Tata Consumer Products rolls out price cuts across many of its tea brands,Business Standard,https://news.google.com/rss/articles/CBMitwFBVV95cUxNM054QVlxWWt1d3U1SkVYTWwxOVlOWk1NX2hiVkphUm1qZE90ZlF2MFpxWG1Wckd6R1RIVjNuRHVaMHFoYU1qZlB3VEtXM3dPdkk0dTR0SlRkY0V5NDRMY3lxcmF6NUNZTVhNZlllY0RlQ25xU01sS3lpMVJva1lIbk9QMk9xTGJzcnp0cVJSc1dmWmJVRDhpQVR5SVk2TWtvZEpYNnBnXzgxRllHcXFjaEQ3WktLajDSAbwBQVVfeXFMTkxXWGVlcFl6RUhRU2h6djlYTjY2WGp1ZGNKM2tES1NvUUhLWGFxUnUyWUJiUElod0l1MUc0Z1dyeTVDU0F2UC1Ib09iVTU3elh6TDdhN0VKUVVtcEc1aUMxblQ4N2dtOVpLeGNOTkNEeVF5ZndJbkM3QzlxV1RJU0M3R1V6SzN4WjVnc2JrTEd1a0JnLWxhdERCcVhqSnlldXJEQmN5eTVWTHRfSkZYSnRyQk5GdXRHTUxhMnI?oc=5
PG,2025-09-16,Dr Reddy's launches 'Tegoprazan' in India for acid peptic diseases,Business Standard,https://news.google.com/rss/articles/CBMizwFBVV95cUxOenBBRlMzcTFKYlRjTTd2LWN3VEYyX0h6OHlrWENlQVBqZGZxLUM5YVROT2lKTmpoS0hYcTE5R1hXN2pUZE9GSXBkUlZEWExjS2pTOVhiZTI3bDBLdjc3dk50M2dXbGhzZXpZUmg4aXFlTHBjMno2YkltV0FpUVpZV056NV96UXp3RU5FU0ltNUNpOXpIcTBJZGNieXVmVE13aWo1YWpvTWM2LTlaRHVueWpNWnhyZ1VsVXRUTlRIQnJha3JDeDZvSUJ1dkpjcknSAdQBQVVfeXFMTjRmT3kwQzFnbmNnNmxacmFnQmFjTWVzdzd4Y3VZbHFQeGIyOWdvUnBmYTZvMm5fckxoaHdsTUY4OExDWDlpQTV6ZzVod0FFTl9WYU5CMS0xRDVDQm9aVWtHeXowa1FtNW9VcWxVaDJLcnRBTlBZbzM2UzZTVWxVS3VxMW1FZXBvS1hWQnBCMUdQc3d1VEZBaHZfTktSb0JZZ0xFbFF2aEFWNzRab2R0OGpwV3UwNUNDNUFyXzBjUkNsS3gwa2tKMjFaSlVMbFJsR18yel8?oc=5
PG,2025-09-18,Is Vanguard Value Index the Right ETF for Today's Market Environment?,The Motley Fool,https://news.google.com/rss/articles/CBMilgFBVV95cUxOUmNqb2ZoR0d5M1AwMHdNZkdzNl9YZi1GQlZ4dUJEWFUwWkxja0hvNW13b1J6b0tXQmZqdVZOSDlqZkt5WE5neHlMb1VYdDBnMTI4NzNCem5PUGVzOVRmX2xKTDJFRmJzdlItVUhGYTFqeUpwYkhhdGhjcjZXd3RaWnlWeXhmb3FIMkJqa1ZWM0lsYjZ1eXc?oc=5
PG,2025-09-18,3 Ridiculously Cheap Dividend Stocks Passive Income Investors Can Buy Now in 2025!,The Motley Fool,https://news.google.com/rss/articles/CBMimAFBVV95cUxQQkpQRFBKTGpCTFNpWU13M21wTHd6dEpVY3VLYmp3UHh1aV9hd0xDNFNzcmFmNVUwSnlFc3ctOVh2Rm1pdEdtTWlnWm5qbFZtWTZxblpOdEg2ZFI2Zms5WTZGR1U2UURfSmFLLXZscGVqUHRfamlIMGJTak9LWldlYm4tcUY4bTNCX0JFb0g2ZU0yb3NPQ2lwYQ?oc=5
PG,2025-09-21,Could These 3 Dividend Kings Be Worth $1 Trillion in 10 Years?,The Motley Fool,https://news.google.com/rss/articles/CBMimAFBVV95cUxQUE5GS1NhemwtREJBcGdzaG1FdjBfc1NBOXhPSzFjLXRoOUNKR3NsUTBmWVJOeGZWWHJWZ20wSlc1TVlVRXhaWUY5X0dURE02bE52aGVjZzQ3MjVJME9mTFdTa2g4TkcwbWtyTjFxMnhNOXV2UmlRNC1HMjkydFIzVk1yWTlwRnZpSWdpbS15cGR5VGV3cG5LSQ?oc=5
PG,2025-09-22,"Procter & Gamble restructuring plans: Buyouts, brand sales and a CEO shakeup",USA Today,https://news.google.com/rss/articles/CBMitAFBVV95cUxPUFdjQTl0N29XSEhqek81X1I2LXNCUUwzVUFucG80OTVBSmVSUFFrdThzeVVPamRycWlvbGRpVU9uNE9GaFc4ZUhQWTF5TjJhMm9XZFFMQWRwLXJHcUE3WGFoTUJ6OEFPdGM5dEZFQlAteGpvVXpCVHdvaGp3SGs4NWJpVTEyNTVaUWg2UXBfZkRvZm1kSTNYbVU4c0czV2h4cV9SZG1xbFZQRWM2N0RFbEpsNEw?oc=5
PG,2025-09-24,Trading Systems Reacting to (PG) Volatility,Stock Traders Daily,https://news.google.com/rss/articles/CBMivgFBVV95cUxNU2EwRm5mLWU1MXJxcmNnS0dtTVZVemM4aDBtaXd3WjRpa1VBMjI1b3AxaWRZRU1zZXRFczAyQy1kRHRWU0hTYTMyaWVtcXZzeVNKMkZNSDJjRnVBVlNRVDZGT296dFFDTEx0TnFkcDV3VzAyVHpOMkhPTHNSRDJNTjE2NWZCdkxsYW9nOEtxTF91YndZQmpxQU9lbjRXSmZHT3d4c1hGOTVuTmZGVkxjTkstUTd3dTRDYmxVWGRR?oc=5
PG,2025-09-25,3 Exceptional High-Yielding Dividend Kings That Have Been Increasing Their Payouts for Over 60 Years,Yahoo Finance,https://news.google.com/rss/articles/CBMiigFBVV95cUxQN1d0b3FfU3pIcjhHcVZWc3UxV0paUFNXMnBIUGhLeF94dWJJUjY1Z1BLekpncmNrcUc5YlFPanExbkYzZUQwWGV0QTBJcENsbngxWnR4WnN6bDdXQ3dCRVJONDQ5TGNJR0FPVU82WVFmZ2JqSU5MY3ljckJQOGJ1RU9yS0swUHZLSmc?oc=5
PG,2025-09-25,"'ChatGPT, what stocks should I buy?' AI fuels boom in robo-advisory market",Reuters,https://news.google.com/rss/articles/CBMivAFBVV95cUxQZDVsYWpjU1NXNGVyOUMwTmFiT19JNmdwdHYycUs2WUpYRE42Ti0wd2pNMk9nMWRvVDVxWmpPbUhBUmU3ZTQ4X2RrNUFtZGxPeG96SEdialVmV0NoU2lnMzlzUmlKMXo1NE1heGNOVms5aXJNVDJlLUt5MERsOXJ1UVJodDk2NWJTTXREaDBmNS1FaktGRlN1MDFMbExtX0R6VWFRZENXMlJRUElrOTBHRUE4WW05b1NYcjktMw?oc=5
PG,2025-09-27,The Consumer Staples Select Sector SPDR Fund (XLP) Top 25 Holdings,TIKR.com,https://news.google.com/rss/articles/CBMilAFBVV95cUxObTZYWUw1Q0hBZzdENEdlWU0xZUFHTzF4VGdVT1lpdk9ySUk1Rk54OThELUVidnBmT0RCa1RUc0k0RGU2NjRPcTJORWsza2k2WWxzWXRxUll1SWl1ZHhXSFJ6VVVER1ZUZ3ZMMmZVSUYtWXpZOERJbTlTbXM5dGlXdVotM3BZeVVQbWsxNTRHLTZoUmpP?oc=5
PG,2025-09-29,Why These 2 Recession-Proof Dividend Kings Are a Steal Right Now,The Motley Fool,https://news.google.com/rss/articles/CBMijgFBVV95cUxOM2NrdGdNS0lIS3o3RU5TVnJwTXoyZFR2RTRmbWlDSndoU1JkYS1JWmJoRkJkZGdKSDlpWWlDMXRkWl85VjRGemhqRHpROElQRmJ5ZnlXVFhMei1kdmwycWZkYmFCSi1GTzR5dE43TTFHXzlNd3lMWWx4SS1SVjZTUF9yaTFQSk01R3FPS2JB?oc=5
PG,2025-09-30,10 “Boring” Consumer Stocks That Are Proven to Hold Up in Any Market,TIKR.com,https://news.google.com/rss/articles/CBMilwFBVV95cUxQQXdLTGs4VVJiTzNHQUZhalB1azdINDN6Z1pKWHZpcXF1SDZIQ21PbWZwSGxydThuY2poblhmU0N4cVhrR25UekFFMldPRl8ybHNoTHh5VkRjOHFDZ3dVcHluZThhTXBXR0puREhKdlJaandFb0d4azhjTWZHNklENlgwbktlaWEtbTdrV3ZaU2J0VFBjb0JZ?oc=5
PG,2025-10-01,Gillette Pakistan to consider delisting as part of P&G restructuring,Reuters,https://news.google.com/rss/articles/CBMisAFBVV95cUxQSEZrdHA4dS1tdWNFN2p6dXoxOEtZZEFjYURrYWpSQzBpMjVaeFBWTUtSUDNOOGJLdnhXOXR2YUxPcmU3T3p2V0pUckZrelp3THhPX2hQMUdDbS0wZ1Q4alNabUFhenpySVRqeElISkxQMHhSeHlROGZkSjh5R3RodnhCSmlNU3l2RXNObTNqSENRR29yZUx4Znl3OWJKem95Qk5CTGxxM2JVdnBoYlpORA?oc=5
PG,2025-10-01,"US stock market today: Dow, S&P 500, Nasdaq slip as US shutdown collides with ADP’s shock 32,000 job losse",The Economic Times,https://news.google.com/rss/articles/CBMi9gJBVV95cUxPNHkwUGtNU3FLOVF6eDRreFFVY0tfdFpGQXJDOTNpMVVIdmpyLTJyRlpqY2Q3TDVWT0xENTV6SC1xRE5wT19HSWlDTHU1OGpLdW9FaFFWUjc4WU0tWE1uZWpvV0JMcVdaOVdIeHYwNmlWTXlBU2VTYktRaVBlczVMVXV6SUs4NVM0YmhqTGo3Nl94SDUxbkdsUlRtdV80S2Y3eU9CNGRKQjVaSm05RWIzMmJZdDFEV240VWppSk8yLUFRQW5GNWp4T0hDMUsyQjZpRTJ2Zkt0TzRZblA2ZVFSYld1N1JFRDJheUlwWWVCMUFzSzNXbms2QUcyMUpxRDN0S1R4Rm96aWc4YXd0dk1VWmlFcGZUczZhN2o1VUhpbmRBQ0ZPMDhuWkw4Qmw0M0F2cU1Tbkh5Z1NiVmJibmx5ME5TaldPc3R5MlozYUQyZURqMUdsYlBUOHNzZTNjeVc1TzVkM0xubDZwOEV3Mk5qSW94VGFSQdIB-wJBVV95cUxQNWFETXNKYzNIUVFDZE9INGxVeTN5S1VnaUxQVUJFV1hVbUtOUUJVejU5aWJiMkpxcUUwWXAtWU5Ra3d5ay1KemgxbmNrWktmUmZrWTJaYUJUTUNhTlByeUpCaXNpU3hneGFmak1KZ1pmQlA1YlMyV2RSOGxjYW9XRFUyV0UtR1VCNnF4YV9hdVFqT0tPdGt2WVRlQU1VQ0tDaWpuejlBZDlTVWVoRjZyR0h1VXpJNEdHWDQ4eTB3eDJMeXRVdzhQX29BTVdYam8wb2NWQmxkWlM1MVdObUlsRHJlS3RTNjR1N2lURjRobjJZYkY5NXdnbTdYY2ltZjFMRnFEbGZzV29VYy1iUWJlVFd3a0pqTXVZdi1PNjJDZXpFT3lCZ0N5bzQ5dXBoRzIwcVk3NG56TGJueGlVMFhjRmZtREpPQWc5UUpsZVVlUmFtczNoXzZTNUEwakl4SkFtQ0JNZFFTNzdDYXVKb2NMcEtDMTlrVGp3T0tj?oc=5
PG,2025-10-01,Procter & Gamble (PG): A Dividend King with Over Six Decades of Increases,Yahoo Finance,https://news.google.com/rss/articles/CBMigwFBVV95cUxNZktBTjlpYVhDMlozSG83NHZLT292T1hRc2E3Wlk5X3dOODdYeVp0cFQ5SGdYRFVZTE50YkhpeTVNV0RyQkN0TFlxWmJDclVlbnpkajIxRUZxa2hKQ3RncHBfazZaMXYxMTNEblVlU0xLdTdvdzJ2VEJibmxNT1h6SmxOUQ?oc=5
PG,2025-10-02,Why is Procter & Gamble exiting cash-strapped Pakistan after 34 years?,WION,https://news.google.com/rss/articles/CBMivwFBVV95cUxNVzgzMjg0MWlXVXJmcjJCSGdVZXJObndlcUt5ZlU5NTh5MlBiellKWWhmWjNOaXBnczJFdFFvWkZ3WmVJdDh1YmpoNDgwMWtJUTdXTjdjaU52dnZrZEtCeVA2UDVpc2xia3FobFNGVDd6NHpjNkxoQkRmbjNtblI4MThLbUdQN3FUWTNGRXBTQ3JqSUxucVA1LThoNEhMODV3MEhpZXFhYVpPQUxHZi15QV9tSHk4R0xYbDlXZGlud9IBxAFBVV95cUxPbG9IUXMtUTNDRVpBU0VtamFrWUh2SmJtSXlMSTNsVnpmWDJHM3V4OHh5MV9vLWVJYUk3NjVPZWxoNnZ6TWZkUEExaWthVVhVZTFPcnNuaERQdTNDX1BEWkdwNlp6dTNsSG1HR1pIWHQxeW5uOGIzcVVjRHdibThGM1NCNlhXVFkwOHJDbHhQeU1JWFY4VnlDZjZHMEh4NTBDaGg2bE9oNFY0bXVqMjM4aGxocW05dUVSRDRpUUo5V2l4RnRv?oc=5
PG,2025-10-02,"Procter & Gamble will shut down business in Pakistan, following Shell and Pfizer exits",The Economic Times,https://news.google.com/rss/articles/CBMi-AFBVV95cUxNeFoxRzFfdllkbnlkLXQtWHdVMlhVTF9BWi1qcm15MzNkclJ4bm1pWE94ZXlXaFh4bjRoa3VzQ3lmOENPZC0xal82YlJvLXdxc1J5Smt3WTIyZFFYNmV3Wk54djg4Skd1bmdtOE90aTA2TjVETDhYdnlJN1NjVlZtc044V0VhcjVGWFdLOV9wajBZYU1kLTNWc0RIc0xRenA1S1ZXTmtVc09GUzVQTDl2V3VnRHBUVUtwQS04WHJpOHRSM3pmbnlTLXEzaTN5LXg1aGJkS1BraFBQLVByaTdfUjJDdXROUC1qRUJQOXNFMms2ai1zdHVlaNIB_gFBVV95cUxQZkVxQmI0aXZLNjA2R3ZGZTZmUWRVM01KZ2VwWVVHdVRLLUtNcXRTdUVkY25EeWNERTYzMUg2M3VKMzNjdUU1MUZTckRIeWpQcUo0WkZ6U3FXUjZ2VnhhTmxQU0F6UFpVVlJuRlJUM05GUEJ6TnBJRkQ2MTc0Wm5ORHZhbVY3SEdMckdUaDRQWUZBMXkzb3lwWVF1aXRrSEQ1aHZGRzlHNVdsNnREc1gwTFpFcFZhQURsUHpYN2h6dFdLdS13bG1ab2ZackxPMVJlWjNwdHluOGNQUjVlZjc2RV9HcjR0ZEJ3eXpPTEdpUTdndk9kUmpla0RobVA0dw?oc=5
PG,2025-10-02,"PSX smashes past 168,000 mark in record-breaking rally amid strong investor confidence",The Express Tribune,https://news.google.com/rss/articles/CBMivwFBVV95cUxONEp0eDl5U0V4bURwMjZCS1FVWEhnZ1ZJSW15WWcwVHk4dVRLQTZQQlV1NEhfSVZGU0NuVFJpaXVYbkotRGZyd3B3Q3FLMUY2T3dkQkYzQU1HTC1FWWV1THp3THpiT2ExZjJYbk1QbUd6X1c0cW9pYkR3RDUwUTdDd3N5TkNDQjZuZUdndlA4Q1lLQWtJcGpCaWM2SnBRaU03UWZEUGtLMUctYzNpWHl2TjRYV0ZyeVBOZHBrdzdUd9IBxwFBVV95cUxNZzZYOE51UnhEYV81bWxnMHpFWVNEdVFxcGI3R0hQSkREUUJfT1l1N3M0WlUtVTNUODdqQmhkNkU1Z19jaXNTbnpiTUJ2MDU5akdpblFQYnFTWGJKTnFybGZqQURhZk1wRF85M1pwMjMtT0FNQ2NyVWpMaDBuZ0Z1Z2xac1E1ZEpaOW5ZQ0J3V2xMcjJueWxucU9fcHdDRFdESU9fNl9fdldlVENUODJSRnJlSUFDRS1XSWZpMG05ZDQ2ejZvMHk0?oc=5
PG,2025-10-02,"P&G says it is winding down operations in Pakistan, will rely on ‘third-party distributors’",Dawn,https://news.google.com/rss/articles/CBMiSEFVX3lxTE1CWHhjSmp2S2RXM1BBa01DemxWYnQyTW5UUS1YVXl2UXBPRjJqY2ZrM2ZRRDg2OHY1ZnFVaGJEckNreHFqY1psZg?oc=5
PG,2025-10-02,P&G to transition to 'Distributor Model' in Pakistan,mettisglobal.news,https://news.google.com/rss/articles/CBMioAFBVV95cUxOWC1CcU93SGNNLU9ORVRIdWtLeGQ4VVh1cDFyZ0hBcXd1SUZOUlg4Y2gyRUxMcG5UZVJLYmFJOFEwZktrOTRoMVdVdWo3d01faV9CTXQ1Y3FlSm8xdWt0N3VXQVdBenhGbkdPc0ZpTGEwZ1dtZ2lNTUdFR2NmUWlWYzhocXlESlM0SjN6NEZneElsQjEzVmU2YXFKUTVkSHV1?oc=5
PG,2025-10-02,Procter & Gamble to exit Pakistan as part of global restructuring,Business Recorder,https://news.google.com/rss/articles/CBMiqwFBVV95cUxPcDNaZGRhc2tNVjE1WW1nMHRzc1hBY1Q0VjlteGdMZ1dsOTZraG1UamxWYWdsRENLNlp1eVBVY3FEWnhqTnhjNWoxdlFrVXl0bk5zeE15OFk1QlJKWU4tbEVzS185Ym9yd05Ya2wwdXcweTFYbnFJaWJES01LYllRUFhNeVFrUTlvNVRzY2lIVU9mTUxrbi1RdmdPeFRYUTdnNTJoWjRhREw5QnfSAVZBVV95cUxPRWVsWEdXM0xQWnBzNEVuNzlIb3AxbzIxdkNyZjlDR2kxLWxLWGk1OVZyT2UyOXFCSlFON29nUUVFZjc2S04taUt0SFNKWGMxd0ZaellrQQ?oc=5
PG,2025-10-02,"Procter & Gamble cuts operations in another country, report says",Yahoo Finance,https://news.google.com/rss/articles/CBMijAFBVV95cUxQeDBkNVMzakNPcUJaVkFGbktwRkVodzR5S1Q5RnRHMFRBU0hSRXVlZ2w0cG03NkZfdmVmSU9DbERpaEJDQVVscnRMakZwYkk3VUFrVm5mcy1oV1ZUWVRjcHpPNHBqT2FhZ0R5MzRkOWZJWjRMeHhKcExvdW04OWlicXJPM0xRNEVuQXdETw?oc=5
PG,2025-10-03,Procter & Gamble Exits Pakistan Amid Global Restructurings,digitalpakistan.pk,https://news.google.com/rss/articles/CBMijAFBVV95cUxONjZPRFdSdlh3RjI0Tjh3Q3NTTDdCeTh5c0NYOW90cVoyalVKWTNpc0Z4ZGU3VlFMTWxpT2J2NFMzRVVHTnNNR2dERWEzYjVxSkUwT1dhZnUyZkJUNlU0TFdLc0swWEliMlV5R0xJVUtrVDNmc0tua1pUQjlva3l6WDRuZ0lWc29CcFhGbQ?oc=5
PG,2025-10-04,Procter & Gamble Stock Prediction: Where Analysts See the Stock Going by 2028,TIKR.com,https://news.google.com/rss/articles/CBMiogFBVV95cUxQdG4yNkhDNXBsaV9XYU1JbFl2RmRBLU5qaVpoNkJidEloc05mVmh5bl85cVVBMnlCT012enRZeXpQb3c5dDVTR2pGM0UxTmdjcTN4Rm9nMWRHOEhUYXRacFhOaFlRV1NIMVVuZFNFT19aRXZ1R0tYYnhJdnJSRENQQ08xb2oyMHFXSW1TaHJxNFkwY3Z4MnZuaEJodkxUeE1ndHc?oc=5
PG,2025-10-05,Philip Morris (Pakistan) to delist from PSX,The Express Tribune,https://news.google.com/rss/articles/CBMihAFBVV95cUxQNEpQcjFoMjJxREZvVXdlNElBOVFjV00wdFVLczJqSlNxTTBNaXNKRmdEczJTVnkzTTF4RkhfVFpTOHB1RHNwNE9WWTRYYXF1RmtLNWJ1bW5mRVNwd1FNbVkwNER2c2d6OFhmVFFiWHZWaGtoV3NwTXFLdGtqSmhHbmhRMknSAYwBQVVfeXFMTmR1NWMzV0djLUhpRlo4QTBPYlVRZ1FIM1ZjenE1TjB4UXBraENfeDdWYnNnWVdweUJoZ1lUbHFvOENRQzE4Zk5YVHZ3RzJKVnM0Zkx6YkxFT1M4NUdLYXRiNXcwLUU1dFVYZHJvRVhscGdqUXBkVkdlWXhvX2tVbVZCOEF1YjJNRE5Mbng?oc=5
PG,2025-10-05,Procter & Gamble: A Massive Inflection Point For Investors Is Coming (NYSE:PG),Seeking Alpha,https://news.google.com/rss/articles/CBMirwFBVV95cUxPV1o2WUVrT3ZMU2FKYzZ6NUo2bm9wNnJISTEzZFpxOV9oQ2hiUzljWlhWN3lrQmZHd1J6WmFieGI4c0JvV1BsOG14d250V0RYSjdxcHJTQlBHSjgzcHRHM3czSzY3WkRIYThncXVnNGtCUmZ0MWs5MDlvMk93RFJxcEFpRXpZcE92QVZUUmczZFRSMWZCeTk3U1I0Z04yWjdWQ2RWeURVQVF2TlVLWHNn?oc=5
PG,2025-10-06,Why P&G is leaving Pakistan,profit.pakistantoday.com.pk,https://news.google.com/rss/articles/CBMifkFVX3lxTE8xcDVaR2pLbmV2NER5NlA2LUxOekE1YjdVZlBfeGk1dTJiV2p4Q2RzUF9zRk5JUG9PbUVXbWJrZHRTOUJhOWswUHU0NVNjM21rRGRGVFRqaEp4Nnh3WXNDQnB6SVVNVHlJWXZXLTZ2UVJPM00zdk9xTHFScFJtQQ?oc=5
PG,2025-10-06,Procter & Gamble to exit operations in Bangladesh,Daily Bonik Barta,https://news.google.com/rss/articles/CBMiYEFVX3lxTE1TakU0OW52TGF5SGV5LXZSclRQMFdmZERWUWRtZUJkNEE1Njk4TG9LNmtid3ZJSVU3czNrczUzSWc2WHo2a3d4YnFpS1RLVDNUQkF0TXRPYlRpQ3cxdW9zaA?oc=5
PG,2025-10-07,Why Samuel Alito Recused Himself in Laura Loomer Supreme Court Case,newsweek.com,https://news.google.com/rss/articles/CBMijwFBVV95cUxPU2IwZWRYeTFMQjdBX3BRVXJDU2lqQ2lrR2wwdTlJcHg0alprb0tELXd5RzlXRmt2YjdqWENsa2RUN0wtc0VqY0ZnQjNRRXkxYzgtX0wxZ0RadUEzMkVsT3hhcXltMnVrbUQzYjVEaXFOSi1wUWFTVEdDenZKYTJCaXFkb1ZhczJSalZfTVp4RQ?oc=5
PG,2025-10-08,Here's What to Expect From Procter & Gamble's Next Earnings Report,Yahoo Finance,https://news.google.com/rss/articles/CBMihgFBVV95cUxPV2dYT251d0VqWkJzZ1doaEI5cEYyWDJYUUNINF9laERMZm4tOWZISUV4MWUzUGVkSUdCVzhsTDBUdkZ2bzB1UkNIRllKeFB5MzJBdFpBQU1GcW9pUUhYa244emtoM0w1SHBVZHQwQVdmbHVwTEdnVkhheHhwNEJGWk1YTlA5Zw?oc=5
PG,2025-10-09,"US stock market today: Dow falls, S&P 500 and Nasdaq pull back after record highs - Investors paused amid",The Economic Times,https://news.google.com/rss/articles/CBMi3AJBVV95cUxPNloyN1Z1LW5yM3NUZUt5OWFqaDUteUxtYnJtTnZPNGRjaUtHRHpLUmZHWjRwMUxMOFRBZmZQUzM5azFwNkJKRndmQVdzWXFTU0Rjamxod1ZWWXVNTl9EZS05WC10OWxvODA4WVpnaGlEMFpXRm5mRUVrM05FRXhxTG5uZXRsc1k0QjhXaVNfekJJWE9hRlphUzRNZTAxREpDMFhMSW5qS2c1Qi03UW5wZ1Y1SHlfYkh3aWNXRzVaQjhIRER3ZjMyUVd3NHhTSTNlSkxrZ1NORWlGSkN2QkJHM2lNX2JUSlZhVDR5MEItQVJQNGFyZjJSYkdoZjdaMkRhc2EyaVV6YXM4ZHplU2E3V0dzMTJkbU9aYXZwN2hETENjd0ZUX0g3UWYwcEFXZEp6ZFJDNnE2TXJodTRGQ2h1Q1JRdlRrS0tkaUw2WDlfZm9TUGM2eXpDeUpNQUbSAeICQVVfeXFMUHIzX29BNHQ0ekJwb2hFbmdoWDN6Ti1NZ05yOE5NTGlCZExMYWYyOXRBaDJJR1NUdkJwQ2NTdlJBTzh6TWo0SnNDWl9ycGg5VnRDY1J0LXFnbTJ3X2M1VVJvNGtPQWhIbnZzOGI3dnl4YVFtWVJSMHRVOTZLeHhVc1oyTDNxNXhKNmVkRk1iU3ZGTlM5cnlfSUxUeE1TeHd5R1JqTmhiWkdFY1Q4YndGSlVCdzM0ZzhVQUMxeXhISzlIVDNucHpuX0RBV29JX3RobUxwOTU2Q29TcmN1QjJmejNWWm50TUlnSTVrazRZTzR6RzlnSklZUUVNenVPdGRaWGZsdnVUWXBQQUtKZC0wYUJ0YkhmeEs5alFPSnJTbWFELTZHXzkzZ0JvRWlVV2dPenBkOEJTb0xQXzZFTHVfblFNeXAxUmFrZDlCbm42OTQ1NHhVUnFIaWNJS3BhNHREejVR?oc=5
PG,2025-10-10,Stock Market News October 10: S&P 500 (SPY) Falls 1.59% Before Earnings Kick-Off,24/7 Wall St.,https://news.google.com/rss/articles/CBMiuwFBVV95cUxOX1h1M0dfRkR3MW5JS09BdXNOa09BdXpNc1RvQnlqbzUwTmZEbnoxOE1ycDJ2Q3pBSDNobXhxT01ENEw1SHFsd3p5c0R0U3hoWWNmdGtRNkVVN0ZSRzRMVkxoUkxvVVR1WkhENnBiMnJBUm1ReC15WFViUUxXSlRqXzM1MnVocmFFMVk5VmtiRmRyVGd4X0NZTGZnb0hFclJpQUZxTE9xNk9WOE5sdk1yZ0hCOWpqUG90VGtF?oc=5
PG,2025-10-10,Lisa Su has built AMD into a $378 billion microchip titan. So why isn't she richer?,Business Insider,https://news.google.com/rss/articles/CBMiqAFBVV95cUxNOWN3SkYxaTZoVjlGcFdObHpiNEhidmJsOUZLaHNpSUI3TWdXSnV5Q2dEVDRqb21td0l3OWNDVFp4anUyenp0WS10WjNjUmdkN2FpYnZRVlE1aGxEbUs3aG4xSE82ZUtvQ0I1SXhQLU5NTXdqRlBkSkt5QlUxZEtMUmMyaGlzdUx6RjhHNFgtRi05TExLZ3JpOWhvOWMzdXkteXZBVkxja1o?oc=5
PG,2025-10-13,Money Matters: P&G Empowers Employees to Improve Their Financial Wellbeing,Procter & Gamble,https://news.google.com/rss/articles/CBMiV0FVX3lxTFBEcUlBWkdVZThST19ObG1YXzY2YjBRZmVuNGg5ZmVoQ1dqdTRpajBlNzFfRWVaTkhJWHNjZnFrN2V2Z0Q4SnMwUHNPS1F3ZE82Sm1QdFFOTQ?oc=5
PG,2025-10-13,Understanding the Setup: (PG) and Scalable Risk,Stock Traders Daily,https://news.google.com/rss/articles/CBMixAFBVV95cUxPYjJvZ0d2clJDbHc5Vjk1dHRkbDdFUElfUEU2aHNMV0hNRmVpblh2UUt6N2FDR3pXWVR4OEdXZzctNHV1TWdqeWptdDF2Y2FqdDBObUZGeUh1ejR0UktQUWVtYWhyR3BJdG5nME9nV0tVQVY2MjZLbGxPTDdQWkdYd1BtM3BrWmc1LUtObzVvX2laQTc1bGhUSlpMSzBaY1hmQWtLdjRlVWJBNmlWQUxicmYzSExsVm5CR092TDBQeGhDLWZK?oc=5
PG,2025-10-13,Procter & Gamble: Valuation in a High-Yield Environment,TradingView,https://news.google.com/rss/articles/CBMisgFBVV95cUxOSlI1QUpWYWUwMHNibzNfdnJLazRCdkpDdGFiTlY3VnZKWnl2cjRXWHN2Nk5LVVJOQjdPT2xMWFNNdUs5UHJHZC1YVWF2ZGdXbnVfR2o1bzd2YTE5S3dtYlFNNjlZdmQ4UERBcTY5YWc0NWNnVHlVRzFwcW9BTlp6UHMwaFFwcGo4bmNvcllENkdCRzl5X21HSjRnYUY0OER1aVhOV3AtU1ZvR2s5cmxUb09R?oc=5
PG,2025-10-15,Procter & Gamble (P&G) Officially Announce Exit From Pakistan Operations,TechJuice,https://news.google.com/rss/articles/CBMimAFBVV95cUxPNzVYeFMzTV9va3RNZ1dIY3ZXT09rVzdiMWUzN3VHZEVHY1hCRVVodUwwa2dCb0VsVVFvai1XT0otQXNuWng3dUxnakR6REhMSUp6TkNWNWN1TjNkTFZ0TmM1VmV2Qkc2aFJrOGE0dEtiT3Q5RHhUZkhQT2VkaVFsOERKWWo1RlBITEl4T1NPX3BxZHFUZHdidg?oc=5
PG,2025-10-17,Colgate Stock Is an Antidote to AI-Dominated Markets. Why It’s Worth Buying Now.,Barron's,https://news.google.com/rss/articles/CBMihwFBVV95cUxQWnZSeTFyXzRGSjhkUC1wRTEzMEpHMzZ3QXpFSjRaRG9jMWlUcGJJNGZjQmp6TlFidDdHTFdXdm1YdGpLTURlT2tfei16UEFPaWMxdDFfcXl5alllekd2bC1PVEM0NmFPTUF6cWhOR3RPUmdsZGpFTFlvcVJqWTNsY2JmaFpvS3M?oc=5
PG,2025-10-18,7 Dividend Stocks to Hold for the Next 20 Years,The Motley Fool,https://news.google.com/rss/articles/CBMilAFBVV95cUxOaC1YNW51Zy1BWUVvMDRXbUNfR1p0MmdJeVl6Y29PcVE3bzQ5TXhva09UU1ZzQVp1YzZSZXBCLWJWUlQyckl6NlVOeExPbjItQTZkT3BVUnBTSzBYZzI3NURwWS1LNWg5aURUYzhWcE5RcnRtQlY4VDgwTjdqbktOVW9DYlBwRDcxSEpCZDFXV0tURmpu?oc=5
PG,2025-10-20,Apple's rally helps pull Wall Street near its record,Rocky Mountain Outlook,https://news.google.com/rss/articles/CBMipwFBVV95cUxNNGpnbFN6al84aEZkWDFCbG5URlp6aVFtSGhXMkM3ZXR4OFpMcTFRSlhtaHNNOVp0b1gybHNJMGdkOEJNQWF6cnFlaUtsaWFRZloxeUFmblFHdk5BSzEzUGhISWFVMHVTSTN5YzZjNHpCbFAzT1lTaXJwMXhJWUNfdWVqN3dhREpGX0RHUHNydjM1WGlXdWZicFdTeV80VEFhS2tyMzdmWQ?oc=5
PG,2025-10-20,"Wall Street today: US stocks surge with focus on earnings, inflation data",livemint.com,https://news.google.com/rss/articles/CBMi2AFBVV95cUxQNmkyN3pUT2ItTG1XMGxWQTQ2SjQ5dThIeVdrdlFQaDMwNEdod1lreUhLZXVjdmNCYVN6WlItcEtHRktZSEZYUzZPM1VrWWxCQ3BnZ0ZPa0RQb3RWSVJfR05JalBsSXVwZVdBOXp2S2VtdWk1MGlsbE5fZjJRUkxUZVNSZ0VZQTB2RUFxV2R4WlYzWTEzaFlSZTJMUzB4X3plSklvbGk1enJ3cFkyZnZXMHE5b3BobFp2dENHRU83SUV0ZFhvTF9NVmY1SkxrT0tUY2VqVnBNclrSAd4BQVVfeXFMUE40cGtybkdKN2Z6a25kY2t1OHNBODZNSXNFN0JIbzJFVWh4QkpjSmZkNS1aSW10dXdhRzl1c1p1OFJZUkJTOEFLcC1TY0hFRWRLMkhGeWRTenQ2MF8wMWZaVmR0cm9FRGgwVEgteHdudXpuYnRwa0JubzFJb2FWalp5V05IbDRPRWJlWkRKUnI1M3VVSkNWWElSMWZUUXdQZk53OGwyd2diOUVJWWh4WWptOWttTHhUbkJZRFdvNzkyNi0tY01BMWhsLU5ucjh4SVBOMEVGV3ZzaVN0d3l3?oc=5
PG,2025-10-24,"Procter & Gamble to Focus on Innovation, Not Discounts, to Attract Wary Shoppers",WSJ,https://news.google.com/rss/articles/CBMipAFBVV95cUxOcjRPN3dpZHVTcjdybVhrTkpXa0o5MzEyM09RejBDRGVQbVgzNFpGTnVKTGl6bkJsSDd0am92Rm11SFdoc3FKUDhDeXMzWTJJV24wemU1TUZVdkgycXpSNFBzSVFsZnprZmlhWmdTSDVFWFBKMDIzdWUycGFiTEdndUFrQXl1TjJHQ0VTOHNPc2VkeHRiQVpzcG1BWGtFOXowQjFYbw?oc=5
PG,2025-10-24,Why Is Vivakor Stock Rising Today?,Stocktwits,https://news.google.com/rss/articles/CBMingFBVV95cUxQNTRLYzJ6R2ZvQmtFb3FrMmdHZ1ZJYmR0Z0Q3WFFHdFh5Vkh5MmpmMWhkeDFWeV9BUExfVjVxVXFDV2JxNVBFYWE2S3BneHlNQm5mNVBvTFJuTkhvS203YjZRVG9qM1dhcUdFYmxSUGVscy14RF81NGNSZWwyVS1LRlRGNVVlMEs5Nkh3NVNhVWhyWGxXY0Z5VjdvVU9hQQ?oc=5
PG,2025-10-24,P&G Slashes Tariff Impact by 50% as Earnings Beat Estimates,SupplyChainBrain,https://news.google.com/rss/articles/CBMirwFBVV95cUxPMl9ka1lIdnd5bk9FQlYyVHgwekwyNldjVzJDTTZTZWtIMDU0QnlTeTBmY0dPcEZEYjkyTVo2MVRORzZMd2MtV2lyRkJFV0ZTTlhZQUhWYmtYN1hmTEFfelNoLWVnMWpDWGdWMVY0MkZJZm9wbmVybHRyeG1FYUgyTXRWdURIdl9DQnhPZmdzX3pYSnVsSnl1ZVVzam53bENJX1NBWlFmT2kzR3prT1hR?oc=5
PG,2025-10-24,P&G CEO Jon Moeller on Q1 2026 results: 40th consecutive quarter of organic sales growth,CNBC,https://news.google.com/rss/articles/CBMiyAFBVV95cUxOZ2tzME1aaWpwX0dHV2dKY2JOb25wWTN4MzI2OW1mLVozZW9xZDVhZW9nUnNGTHpZVnB0MTRZSks3QlpSWXRhVnZZRDlFNjRSNGtobVBmXzJtOGxUaHVwSXNwa3AzUE9BYkVzYlBVUmtzMkNsUFdGODBUbk1YbmJCNV8yODcxeUphWDRDc2lMZFhEb3pvWGFtM1llMzhlQldqVGI3UXViT1VYdWp6Ym82YWJmWTY0UHpaaURzSDRLdktyNElFZHdNdw?oc=5
PG,2025-10-24,Why Jim Cramer says Procter & Gamble may be the best consumer packaged goods company,CNBC,https://news.google.com/rss/articles/CBMirgFBVV95cUxPS1RKbjJuY0F2VTBQTC1JczhzU3BLcjc1eEpLZlJoS2UzTzFlbXhWbG5iS3UxTnBwY2xTSHNmcnFLV19pTHVydHBOWjdVUTFTaHNHU1gzUmVnNG5Na0l5NExxYUNCcGdYSmVBNHRCT0RkdFUzX1hrMTRyb2JqVXEyeHdrWUhFT2lPOU5aZUdvMHFieEtCeXg0a1B4RWJuWEgyS2wtMm9fbGNuNUUwSnc?oc=5
PG,2025-10-24,P&G latest to flag diverging consumer spending as profit tops on beauty demand,Reuters,https://news.google.com/rss/articles/CBMizgFBVV95cUxNOG83a015dHdmbGg0ZGxQY1l4M1dLTFU3X0hNQUtmX2VUUTFsb01pdEJoTm5KN2lnX295UUQyQS10dVVlbldvYmpXTmdYak9VZC1oQk1qRWlTeFhONk1Na0xmTTkzSTd1RURnc0lkUUQ4dlNqQWtGaVZtQmJSVmJ4WlBzd2hOUDNkU0o1X3pST2Zud0VScmtsNm4ya3RSTmNzaFBRTzFWUVRXTzFQNmxyenJxZnRSaWxnc0tpN1Npekg5a0VidGNHYmFWWER0dw?oc=5
PG,2025-10-24,"US Stock Market today: Dow, Nasdaq, S&P 500 open higher as US inflation data fuels Fed rate cut bets — Details here",livemint.com,https://news.google.com/rss/articles/CBMijAJBVV95cUxOcENjaUU1Wk5WNVpmeEwzNVYwUS1yMGc2VVRPTXpyU2tOOVZRZ1hRSExPalRpUUxrLXAyNjZLSUJTWkRYUTFpdUYzbHN1T2txSERHM2JvWlo0Tk9Kc0NuWUtmazAtbTlFMVBSSE1wMENscTh2MW84UTRid01NWWZyYUZGOUFURVY4RjQzam11YWFuX1NSN0tySlBDOXR3UmdNbUQ5bHpBNFNKR2FjY0JPWU9LQWlHOUY1MXNISEVnaHBIcHRvZUJjWFJnc2dsd3JwcXhOclRBd21XY3Jydlpmb1A1YUNpcE9CMkF0NHhYUU1tdk43Zy13TGdpRzY4eXNmZHZIbUpZd0NGeXh40gGSAkFVX3lxTFBkZGRBMVZyRllWNW5UempuaDU4RU5GX3RPQURlNkVFSkVUZzZPTzU3NXpWMVpteGFPWk0tWldIZzJQQl9rX214WTRpWnp5bkpCd1Fvemo5dmo1OXZyUnJZTEFadU9KQ1I5Zkw1NmM2bms4WWxTbkwwWml0am1heTVtbF9LQXJaMlVQbWhteWk5UFJvcEJCSVlabmpCSjJLVmxnZm02MDFLR2tFNFBkS29WX0NkeGt3WWlaek0wdFU1OEhvRFdrVV9iV2NROG9tXzZEeE9GaFhWWmdOQkNXZjZsYUNvd2pGejBxVG9jYU5xQmFfNVk3LVRzb281V1k5NEdpTXp3eVFMT1c1Y0I5aDJOTkE?oc=5
PG,2025-10-24,P&G Declares Quarterly Dividend At October 2025 Board of Directors Meeting,Business Wire,https://news.google.com/rss/articles/CBMiygFBVV95cUxQcU96V29lRzRMXzNiSVUwQ2hubFQ0SkZzcVhubDlUQUstSnhzbmw5T010dTd0QnZuQlVjZlRnR2xXYThydlJkenV1aWNtM2p4YkpITXRFS3IwZXBTU25IZmFTSk5YNFJNdFFxaU1Zd2s1dURnM05EQ1dNLTgzMndGOWxjQXlsNXR5ZFl4TThCT2FXZUxkUWgyLXhFNVhNQ2RabjZtamtoTTIxUmlwdUtFTzhiWGR1VERrZE9RSERjWHVhMnRDMTBVTTB3?oc=5
PG,2025-10-24,"Procter & Gamble Earnings: Despite Near-Term Headwinds, We See Unwavering Long-Term Focus as a Plus",Morningstar,https://news.google.com/rss/articles/CBMiwwFBVV95cUxOQUpLbUFHQnFtUW1DTkZUd19GVWpuWDBudldFbHhKSFlubWllS3UzRTR6SUtzWXpvb2oxTHdCbS05U0poN1BvaE9peWV2VkM3NTVKVWZSb05VRGlrS1lvc0lCUnNfaVZlSmh3UGdOX0pnRnJxQk8yMHVhRHZacUNmTld0RmVwOEN0X3daclZIQ01aM0UteWtIRlZhUHRsbHFENS1EVERLSy1sd2dWNUx3ZmlzRHZicmVjbEhPSXp6MzdrWTA?oc=5
PG,2025-10-24,Procter & Gamble beats earnings estimates but reveals waning demand in some categories,CNBC,https://news.google.com/rss/articles/CBMie0FVX3lxTE01RVlrSzhVeU90VDZJbUZUcGdMNXN6N0hkMHUtbkFSU0dpTFV6QUgxd21xMVp1ekM3RV9fdC1yTnJlMzJYM2U3X3pIY0s4b3hXbEl4MzhyMEpMVmd3Nk1tZ2NpSWZCVGd6bFBLaGpmVXU2OGlfSjdUZERURdIBgAFBVV95cUxNZFBnbWs2NklxMHZNWjVNNTFqMzd5VG9LbWFIX3NOWGlteWRSTE5Zbks1SEtzSk90T2JLRnZBTmVOQWNrWG1DUXh0Vkc5eTZJb3MyeVJrcjF2NWRUazhKcUNyUm9HMmZTdHVNOXVmN1RwMFlCYmpOS2Z5Y1VHRXU2Wg?oc=5
PG,2025-10-25,Tractor Supply Stock Looks Like a Buy-and-Hold Winner,inkl,https://news.google.com/rss/articles/CBMihgFBVV95cUxOOHdsWUF5dzdwd2p0V2ZZZTV2SDRRU0xCX0NpWnJVYnZKdkpJRXVEbVNuWWY5ZjFUVW1icEw3Um5Id0wyTjJpNThDcUZvWmMweUVmUWw5T0Q1VmhUVGlxRHhnMzJsVTRBdmlNUnd3ZUFFUV9acGdZMFIya2Ffblh3cXczcE01Zw?oc=5
PG,2025-10-26,This Ohio-Based Company's Stock Is Up Over 850% in the Past 5 Years. Is Now the Best Time to Buy?,The Motley Fool,https://news.google.com/rss/articles/CBMijAFBVV95cUxNLXJUV0RENzlETVZtTXJOTm1GUElCUVVUcFo4dXF6VmU5c0puQVU3Z0gzY0piY0g4MUFRZFByenRNTlZ2TFdWQ21uNy1tQXhtcU5jRTdrS1lhRTBhUHJqWTE0WHoySllxaGtOcGpsdk9xc0hVSWlreHhpOHhieVBnT1FwR0JicWxUSTFnWg?oc=5
PG,2025-10-28,Worried About a Stock Market Sell-Off? Consider These 5 Dow Jones Dividend Stocks For 2026.,The Motley Fool,https://news.google.com/rss/articles/CBMilwFBVV95cUxOaWp0M200cHRZUVF0S3Y1VkY1Ri1CSW5xZ0c2Mno4TUVsbDdFT1NveVRyc1V0MFEtSzNkM2QtdGY3d0M2QjZURVpBbnV5VHA5eFdMSTVLQTJ0RHNDaER1c1dzQkl4eHE2RW9vdHk4VnRWS3hLSVFxMlBnT05NdGt1bENqcWcza1hxSndrNC0zNXNIVkRWS2dB?oc=5
PG,2025-10-29,P&G sees rare decline in market share but trends are changing,The Business Journals,https://news.google.com/rss/articles/CBMirwFBVV95cUxNc2N0RmtMTHo0bE1tMnpiNjhWck9XWUt3VF9nRUpTUTNRTjgxcE1qSWtpZG5tNWZYLUszYW5tV24tME5OQW05aWhTRnI1VHJmaEVZeGE3VEJyVDJzNWNRQXlpakZkQ1BuMlZKeEp2LW1xTXNnTUowVDhxbnFHZzhvOVpnQjU4aFNscVhqdS12SEc4TjhDY3QtTFZQZnVyS2thN2JQOE9URlpraVI0Uk1j?oc=5
PG,2025-10-30,My Top Value Stock to Buy for 2026 (and It's Not Even Close),The Motley Fool,https://news.google.com/rss/articles/CBMijwFBVV95cUxQamotX1ZtQXI4SF8tR1MyM1BKY1RBN1B3N3FwcW52aU1kS3NlUlQ0NUJZY0U2OXdKTU1DRkJTZFNraHJLWHhZS2xjUTRnWnpNazd6eGdrbV9CVnB2MVFYR0hVdnVHSFdmcUhtRW9pUjZKMzIzWmRzOEVpMDNuNl9rQzd5UGJ5Zm14OVdzWU1Ydw?oc=5
PG,2025-11-02,Should You Buy Shares in the Super-Safe Dividend King Stock That Expects to Return $10 Billion to Shareholders in Its Fiscal 2026?,The Motley Fool,https://news.google.com/rss/articles/CBMijwFBVV95cUxNLTQ1QlR1YS1rc1pHNzV6QmZVQi1aN2xlTHJNclpWb3UwRmVqNUFSRjdyUkpPdWpYTHFSaEZtbDJpOUN4aW1mc1BfdEw4U1Z2UGxGVldLazVsVG8yRVhiS3k0TTFmVkhtVFVTNlpCdWJzOXZZUEU0MXZHSDdWVmRPNERoRkQ0aW5WcU5LQ25oWQ?oc=5
PG,2025-11-02,"2 Undervalued, High-Quality Companies to Buy Now and Hold Forever",The Motley Fool,https://news.google.com/rss/articles/CBMimAFBVV95cUxOTk1Ob2ZCeERwRnVXc3Zwb1dGckhibE9yMVkyN3VFaE55VzJpYTBocUFWMVNHUEh5a0V5NndzZDlQM3Nma0FwdXoxeElHaXAtV1JmUDM5M21xS2t6a2o4ZlRNdDlnQnM5bmllV1lFUEpsMkx0bkdrc3JTejZsaXRDWVl2OXNUNnktWXV3Q3RHV1drMWNxdktHWA?oc=5
PG,2025-11-03,Investor Outlook: Kimberly-Clark’s US$40B Kenvue deal marks new era of transformation,BNN Bloomberg,https://news.google.com/rss/articles/CBMi4wFBVV95cUxNOW03ejYzc1o0WUhiSDd0clQ2ZkgtX3RPQjlZZGE2T09oWGJweThXZzB2V0RLdEM3T01sVHc3SXN6MEZMZkUxMjVzdnBsb3NMd0pLRXNmakR5YmNDQnA4LXN0ODJYa2JUbUpiUGNuRVZMNEhOVGNOQjVQcnA3UTBueWFYYi1CTDd1dlRzUUUxMHFHNVRKTUFRUXV4d2pwem1xS2x3N1d0anlMd1BGVVgzVlc3ZzFpS3BIa0JPSGhBcks5VWJLWGZ3LUZackhQeFhxaFF5M0tLbkVSeHpMaEtzcldibw?oc=5
PG,2025-11-03,"Tylenol trust crisis: Trump, RFK Jr. and Texas lawsuits slam Kenvue",thestreet.com,https://news.google.com/rss/articles/CBMingFBVV95cUxQeWt1YU42dF9EV3FHTDRHSThqaXFQcDFHTmFWZm1vZGdRREstemtsZXc1TkcwdDhVR0hEUmUzdUJxb28tdjUwaWZNcVlLaHNlam93eUx5RWNhNVhMMnpEdy1MQi1nVTNsU2h0TDJycmNOSEl6bzVocy01Mzc1eFpnV2tFeTl5bFZtRGFsMHBNd3VSaWJfSXBTQjFfSVB4Zw?oc=5
PG,2025-11-03,"Kimberly-Clark agrees to buy Tylenol owner Kenvue in $48.7 billion deal, creating consumer staples giant",CNBC,https://news.google.com/rss/articles/CBMic0FVX3lxTE5iVzdVb1dvWFhhbVI2UmdqYV9zWU4ydjY5TUtSSnpJRDBBcF8tYVhsTzlOTy1sVGlQZERfSFVZN0IyenVLSFNkaURCTFoxSzc4VFVldEF5YXliNUdZT3BPQlB3X1VBbHBEUi01azMxMlRzOTDSAXhBVV95cUxPeTZWcWoxeFlVcWNIdkR3TFNsRWtaUnVJdWM1X3RuNjFlQ2YtMmRhclRMMTVtMG9IZl9BRmZjS3dpcjhyYkJuSWVheWdvbC1wZy1OUEpGRWNkYzMtbnhoR3pSek1fSTg0N2t6X3NUU1VWVjRmbks5YWQ?oc=5
PG,2025-11-03,The Consumer Staples Select Staples Fund (XLP) Offers Higher Yield While Fidelity MSCI Consumer Staples Index ETF (FSTA) Holds More Stocks,The Motley Fool,https://news.google.com/rss/articles/CBMijAJBVV95cUxNaWdXa1ZwVmJrbVlkMFV6alhOT3ZrM1BnME9Id2lzVXRjZjZSS3hJQjB2eGpNYUhHQUc1eElrbmRlUzF1bldHSU9pcHRvZUVmN2E0MXZfdGp0UWxOV3ZOTzhWRzJ1cTFjYncwdFZhaTRsTk94WWI1Y3hJMmUyY2x6TVFoRlpQaGl4TlI3SmVOVzQ3Q2JyRGVaSFBMcG56OVF4WlJnQmM0X2VOSVNsZlBlc1BZbGpyZ1pYOFd2SVg5Qjd0SzhMdHF4RWUtQkNIODlZV0k5aWNmX2RHYzZnUlN6dU9vRkJwdXk1UXA0bmdmSXNqU2lQVU8tcnB0UHlEOFhIenFfcGxBanFxdzFv?oc=5
PG,2025-11-03,Mega merger alert: Kimberley-Clark to acquire Kenvue for over $40 billion as Tylenol — What's inside the deal?,livemint.com,https://news.google.com/rss/articles/CBMi9wFBVV95cUxOVkZ6eG4tVmh1ZThFWlFGS2dpU1JGdU1mYnNtNDY4MXg1SGRhNlVqZlZFWEpxLTA4Vno3cWVlR2xxdzJOQ09ZbG5PbkpldkU5cWpKZmRGekVwdlJDeFg3bkRya0w2Zi1kSnVxRmdwSWZ1NE4yS3JWUU9GdXRlMm9jd0ZmaEw2OUlyYjI1UlpZblJPV2JxbHo1cFYzOEZ6NkpaTHlBSDl4OXBwbENHVmFPVXhKOU5ZdkZVZWtoTXktcVlJLW9TVk5UcUlON0JRcnZaNnlFQ1N4NXdOMUFGbFlBTFBQSVo0MlJDOG1lV3huNkctcTFJaFh30gH8AUFVX3lxTE0tY3o0UU1PRmVGQTA3dGNSQTFXN0dlbzRrbEpoeHZaNjZrWnl6VGswSjVLWnVwdjVJVndqNjhxNWVhWXdWREh0a0VfNjRwZjhvVUJwNHZSZUFWV2NDbmdRYXBLMmhJYU5NeHJLZ0pBNFFGbUJhQmlSck5vX2xLRW9HRFVYWHZzZ0xzdF83c1RwaXk0TlNIYzlBc3ZGaFJqQmpXN3BNX2llQ2V4eUdzNFMzQXF0V0hrT1BqZTZjbUJ5cWRZd25ZLWpRc1dqRkFLeXFJZHFMeGd2VENyU1hBODBnM29uVnpJT3ZqZjhjdW9VSExheXlrQW9pNXdWWA?oc=5
PG,2025-11-03,"Kimberly-Clark: Kenvue Deal Comes With Considerable Risks, but Shares Look Cheap",Morningstar,https://news.google.com/rss/articles/CBMirgFBVV95cUxOcXdQQmJHcnE4SVRKTllETFlXTVBIUF95LVNBNmZfLUMzcTI3UmRPMDFuX1J2TERhWnc2NzRhd28yU09RUXhCUEJpR1BtTlBIbUpHdUhJTGFlRzBNMW5uXzBTUnhMWExSbzY5SXU5NEtfR2tEcEVRamhzWEZtbjlGTDd6Ul9oNjVWVk9JSEhhVjlCWGc2eERVX0w0WV83TXh3TDNDREpyVk95cUYyX1E?oc=5
PG,2025-11-03,Shilchar Technologies - FIIs pile into debt-free smallcaps: 10 stocks soar up to 103% in CY25 so far,The Economic Times,https://news.google.com/rss/articles/CBMi_AFBVV95cUxQbEJ4SVZrQnZDbUg4cjdqRFZfY1FrNGxjZGw0S0hQYVdjUzhudzRvaVg4dmxucTlhQnY2aXkxSU55c21wUWtlTjdGT0hIaldvcHoxcEVKb01UU20tdUxaYl9HZm9pcmZWZVlrd1RnMkJDUlAyZ094SUl5Z282VEoxN3UzQTYwVGZndmZXN0FIMnNwcDhFazdyTUdhQzlDcEY4R3lJWk9YOXhWb0VEM0x6S09VTnNlbElhbHBNb0ZIUldodGR4WXA1ZlZBcXRFOUpoLU5jeWFSdHZOTzNRamxsTGdWcWdTX1p6Y01rMXRyQXdZNWxGVVdjOHczOVc?oc=5
PG,2025-11-03,Kenvue deal could double Kimberly-Clark stock’s multiple: find out more,TradingView,https://news.google.com/rss/articles/CBMixgFBVV95cUxQUjdWdng2N1RkQWJwWHFGZFpqaFd1T0FjMl9fUG1keVNHVU5obk5JeGZ2UkpxZWFBWjMwSmIzTWN1ZzZzMmZuNFF3dXRZM2VxMFRURUpaa1dPRnYtQ1hzN1VhOXU2YmZvWTNSWlA2bzlOWXJDRmQwX1hGcllDRHR5OHB5R2tSNzlkc0JFRUZBOUp4Zk1RQjhGTkF0N1VmVzBDS3lDMXBYa05DUWZxRE9wbzBSaTg2bFBGV0N3c0MwSkZFUlNDWnc?oc=5
PG,2025-11-03,Some Americans Aren't Looking to Save on Household Goods—They're 'Trading Up',Investopedia,https://news.google.com/rss/articles/CBMiswFBVV95cUxPWDVpaEVRYkc2X1VjYUdFbnlUVXFpdVlQTHlycVZmUnpCRkNmSzFWbE5EVmtCNVV4MzE5NzV1YTJlSlhVUUc5b0tHdW8wWGdDdWVuMGNBMzFQUF9zMTR6MUU4VzJvUUxyT0ZTanRVYTlRX0o0LVhqLURrWmQ3WXh2a2luN3ZMU1ludEpHb0c1MWxISnJRUHRDME5xU0dOaGIwdHFwWjVFcFEwNndYeHBSWmVxdw?oc=5
PG,2025-11-04,3 Dividend Stocks for November 2025,Morningstar,https://news.google.com/rss/articles/CBMid0FVX3lxTE44YTR4ZC1TbGt5VEVxcUtfOHFMaTBDakIzamo3eTVOWHNvSUQ2TkxFRjJZWDhKSFMtbE1qb2Y0XzlIWU1WY2hkZlV3UFlHY0NQQTdFbGVpaDZlSDFSMG8zMlJWbWNnbHRHczlwbmtvNENqaUx0VFI0?oc=5
PG,2025-11-04,Jindal Saw and 4 other stocks that are trading at RSI level below 30,tradebrains.in,https://news.google.com/rss/articles/CBMilwFBVV95cUxQZHVuWng4MGFKNHJUMEJDQ1VnbC03cWtkbmlwNHl5LTFfb0YzRzFTNjgyZkFibHoyZk41S3pRaDFlZ2pRUGlpS09QMXYyQ28zY3dDVGVKRFY3QU9hZXB2WldiVG5WZExOOEoyZVlJY011NUlOMzlQWnNjR1JSRWhoSl83bF8tMmJTeVplRGxNbXZUY0lfOWE4?oc=5
PG,2025-11-05,"Q2 results today: Sun Pharma, Grasim Ind, Britannia among companies to declare earnings on Wednesday — 5 Nov 2025",livemint.com,https://news.google.com/rss/articles/CBMiigJBVV95cUxNZlBvVE5MZTdhTjJlcGFMSXRzcEozT0xaWnlfalNXMmtuc2lGN0ZLMEYtOERpaEVybTdabHJGQ3VvZkZKY0M3eER1T1BBeFNPaDkzTTJlMlFmZUZXSHI4RUo2bUl2eldWSGVjR3A0VkV5M2JuVEtDMWNtS3RuNS01X3c3cUwzLXZpSDYxU19Vek1jNFJvaWttQ1RvWnl6X3RUS1k1eXJ1YzBvNWV5SXV5TWprcVBDZnRlZVdwbnNlR3NoZzJ3TVZIa0RPRzdLN2V3cTlrcEZvWjZvLVBmLXVnQkRpTllsZE1XamhoTHc5SURhZzBscHd2cW5DMm5ma2VrX085UEVkMndoQdIBjwJBVV95cUxPWllzNHdidVJvRXNyd0dEZ3VUR045ZWkweEZOZWdkelhqVXYtTWhxZzNTQXkxaDhMTUR0UlQ0VS1SN0NjTWlHR29iMEcyYllRUWJYWmFOR1hXN2R6aFdFV044eG5oTVBSNGdkeXNEaUkwWk95STUwbVoyaUpHNWNieWZBeUhmaXVzX2s4WW5odnl3R0tnblNkVUxPc3g4c1lqOENidDBFakJsWTdWNnBTbVpOMk9oRjBmNjhhZFZuUkFIb0drUU1zT1ptbHgwUDdmVE9GemdhMFd4WWcyUXpUdUIyc21vQ09ZWUhuamlPU01iWWp1Z3hZWmVzYzJsN1RxQWVBM0M3VFlUZWZHckw0?oc=5
PG,2025-11-05,Procter & Gamble Company Stock: Analyst Estimates & Ratings,Yahoo Finance,https://news.google.com/rss/articles/CBMiigFBVV95cUxNX0kxaE1rSFhQZ0dwUGE3ZjFoZmpTVGlfbTUxaDZGY25yejdaNWxPdzR1bFV3a05RbjRKTEhtcWROY2QxMkRYbXpXcVA5OVFBeTUwdFZReW5pZ0NxWENFWm8tOE5BdHdfN1lGV0hIVVRDb1FTV21HWHJRRzVkdE10c09BU24taHVKSVE?oc=5
PG,2025-11-06,P&G Hygiene and Health Care net profit marginally down in Q2 FY26,Business Standard,https://news.google.com/rss/articles/CBMiygFBVV95cUxPMWxWS3RudGZocFlFV2ZDcTFlSFQ2am1Tb1Y2MHVBSjlZTzloY3pBSGRVdnp6Z3FfRmlIOHhMZ2JtR1pxeWM2cFhXcXVwZ0c5WG84cWtmOXlJZVRHYnVwbDIxU0hzWkdXdWZjWS1veG0tX3pTWmUzVGFRanYzcDNzSmNNM2FTeU5uNVN3bGhDY3A5ZjhtZ2hrdGdQa0dVMFVlcTE0ZzdSYk5lcVZtSWlTN0xxQ2pzNUJzSV9WZi0xVmc1Q1NiNm9ybkNB0gHPAUFVX3lxTE1yT3ViUGVKVWY5aW50TG1SbkU2eEgxZXRuQUoxb243Q3pDQmdteENLWW1uYU1jRzBrX3NWdDdlLWFZWVROallOdE4wYURlQ2E5T0liNXBxNXFhVUdNRjAtbTFrdFBBSHFlOEt2QjZvcTc1WGVZZlctbl8xSzNXVTV2dHpSOWMzZEhySXdIbEpqRGo0V2h0VXVoRmI3NjMyREhFbDJmb0JvN3hnSU9YSVBsaWRaMGhMeWlTalZjZTJBZ1JGeFJPUkl0ODNWeUo4QQ?oc=5
PG,2025-11-09,The Merger Between Kimberly-Clark And Kenvue Clearly Favors One Party (NYSE:KVUE),Seeking Alpha,https://news.google.com/rss/articles/CBMimgFBVV95cUxQaFNTVDg0VWNxMWpMb1VlcVdGR0lLQ2gySUExM3g5eGZUMVZncUtlTDkxbThmbEVaNmhoYkgycTlEOGVHYjhKSW8wRjgyd05GdjlseTlOVTdObWM1MnZuQVJvV3pMeU04dTlnTjZaYkIwbHNIRVRjU29iZkFCejRObFJjeGVteDBWLVpaQVhBLWsycy1PMzVkbHJR?oc=5
PG,2025-11-10,"Amazon’s Major P&G Sale: Spend $80, Get $20 Credit – Save on Tide, Pampers, Daw, Gillette, & More in Early Black Friday Deal",| Cord Cutters News,https://news.google.com/rss/articles/CBMi1gFBVV95cUxOVnFkaWdBSTg3LUVuc1NZYWF2enh2NWNOMHF5REc1ZC1uRnNVYVRTb2JBN0ozeXZtNTBzX2ZibXo3MmthLUgwcWduTG9tWHEyUmF2QXRBTlc5TGk2X19Raml3T0tDdkh2YTB1Wm1ybm5JbUstdGxRQzhhVFB3ZEluYlhhSEFKN202X1RiUkEwSHp5WEJzdWVLa3RidUl6OXVDZlA0eWlRd3JWZ1lxbEtFU0x1VEw5cUtQeENwVU9zT2lyeXY0N2ZpcXcyMjJaaDRXZ0ZKaEt30gHeAUFVX3lxTE56MWtBcFh1SnczZDZ5MUwxenk4VFZSNWoxeGxyeVhGTjdmcjFQVU5scmR5d3FGb1JraEJtSmQ1LXJmM2IwejBScVIxMGtBZUQ0YzQwN0Vkd2pPWEk5Ym9TMWxLb1FuSVJwWVV4S084NG40elhwdy1rLUMyWndmVm11NkVmV3pLUWJjRlNYZmVqdlJFM0ZITlZsRTNreDNUX1BXcHBCcUREcV9nREM4ekw3ckJ1VEhYN2pxdm1PekllTnhVQmtXWUJ3ZmhMZXFlVlVpdERMd3FYUklWeUhVUQ?oc=5
PG,2025-11-10,Hershey: A Wide-Moat Dividend Stock to Buy That’s 18% Undervalued,Morningstar,https://news.google.com/rss/articles/CBMijAFBVV95cUxNU2s1alpQUTQwazRPa3BRcUp4bS1kUTBvUENiaWVwaTh0WGFlV0FxUi1RR25UYUQ0MEtXWHVycGpZOEw5bGhYVkRkNE9sSkM5RDRWTWRBLUpSd3JNZ3QtNTZyV1hXSkRZMzF3TmJvNzFrTTVOV3hueFRyMGRNMkJKMWliOWhfcXMzMTQ5Ug?oc=5
PG,2025-11-11,"There could be a buying opportunity in consumer packaged goods stocks, Jim Cramer says",CNBC,https://news.google.com/rss/articles/CBMimAFBVV95cUxPZTdTNTJjRV9RdVc3d0NEeFlpcWN3cmVncGxuMHoyZnpQSlY5NU9HUUZKRUp1NGpoaFloeUVhLWJqTWxQOVhXa2EwVUIzZ3hqd2puUGpVTDcxMGlHQWVXUk5ySWxHTERwYUpfX09kZEdZSUI5RXdMeDR4RFZPb3ptOWMtVVN1Uk1TU2Zxb01FVFlLU2l0a0hRbdIBngFBVV95cUxOOGswaERCamtCWkdVcE1RS3dYMGhtNVdoMHVFVFNHRFdlN0x3OXhxTDg5ZVZIMzVlN0NFMms3OE5YVk42TlBsdUhxdm50YWFuTmozU053YTNoVDg2RlJGMkhGN0hSWnBEN25UcC1WUFo3MlE3cHltRG4xMXpfU09sT29WMHVsYUJibWpoYmc2eGtoZmZjczRWVzFwTzhLZw?oc=5
PG,2025-11-11,"US Stock Market today: Nasdaq, S&P 500 open lower amid elevated tech valuation concerns, Dow Jones up 0.17%",livemint.com,https://news.google.com/rss/articles/CBMiggJBVV95cUxObkoxRzVXVWsxOS1iTHc4dDJnU192blhfRUR0RnpKdTMyU2RZTFNRZHJrd0M5UzBIRVY2a2oxMXRLNUFCYVdTZFBieEk4eXQzTFhKTjhwenNpVk8xUGg4aUdGbm0tLVc5MGJzUGV1bFJ3R1N6Mmdla0pOV3VEVzZMSnRlb3NCZ1ZBZ3pUTFlkVno1U0VqbjNmMDgwMUZUUkhRRnVnNElBcnJ6VlB6VDBsMVlyX1lhdjZ1b19zXzVEMV85T1BhcllGV21MTFpBZTl3M2VXRmo2ajl6MUxQY2g2THpaeG80RmQ1MXU3QzdfT2VfQUUwdTZzcEQ2dkdwOWJ6bGfSAYcCQVVfeXFMT1lYc294QTdFb082ZlFYN05LV052M2tTQ3JjV2JpVGRRUnpWdnI1d193dkt6STBKSHMyMklObEdFOTQyMHhFSFJqZE9XRmpPWURJdWIzampWaUxTOXNwbHp1LWJRYmdvcm9lMzYtNGxBa2ZPVFRCY05RbFY5cHJYMmwxam9xTmdLVmxYc2pBOWRXTVRjRjNERUxNOEliWHI4OFpISGRmT2REQ25hZ0YxQlNKaGJiQjE5QUNIaER6TU1EUjAxa083ZVlhcG14d3E0WFhOVXVXY205UGFNczVRb3pSbjNUbzZ3RWhQOHB1YkVxbjdFVXdxT0NCUFBvZVMzbEdPVHBxM0U?oc=5
PG,2025-11-11,"10 Debt-Light, Defensive Stocks That Hold Up When Markets Fall",TIKR.com,https://news.google.com/rss/articles/CBMikAFBVV95cUxPX1p3bjlWbW1CcFpHY0FZX2kxakNZYWF6Qk1Dei1yQUtmQ3BJbFVrbHBzdUk3YjdGaDA2R1JtNmI1dXpqTzNZdVpxazN6ajJXOERvSDczdzk4VXFXLWxEbUxUSmVSOXl0SHRqTjViRmJ5ZERWNGlvWG5pcGxPckpsQnBuZFpwNTN1SklpWWdrRGg?oc=5
PG,2025-11-12,7 Stocks That Outperformed in the Last 3 Bear Markets That Can Still Deliver in Today’s Market,TIKR.com,https://news.google.com/rss/articles/CBMiuwFBVV95cUxPakVOQ3Rld1J0QTBJUXFZZTVVdHhINWlLOGZpUDF4NHg0c0VPci1IUFJGeFd2VlJlSU5HNVNCYzUxUFhjWGdOUkQ5Yi1nWkQ0TERuU2lRUXd5Ylppa3RwQlpzeWdXWWhpZVVZd3JUVGMzRXRsSUFUQ09iQVRTMTQ0emk5aHVYZkJUQ1N2NW5PWlJMb19Oc0xZa3lhc3F6YkZKOGUzbzZtbVdfMlVuN1BnTFQtZUIyZlBuNjJV?oc=5
PG,2025-11-13,What Are Widow and Orphan stocks?,The Motley Fool,https://news.google.com/rss/articles/CBMiVkFVX3lxTE0wNVVqS3Z1Ni1TVENNVnE5MWZmWlZ1THFMbXZTMFY2Y1FTRDNtWWQ1di1LbDUySDdvcXhkWENOWmx2VXlMeEF0YkVXOElzNzBPQnVuX25R?oc=5
PG,2025-11-13,Gillette Pakistan files formal application to delist from PSX,profit.pakistantoday.com.pk,https://news.google.com/rss/articles/CBMirAFBVV95cUxOOU1Mc2tqQ1BhVjJmUEE5RTBJZzhDRnN5VUhPRHk1ZGNqM3JuU1ZXU0ZwNzdoeURjSjFPV1h3Rk5HZ1FxbTA3dDBlWXVLQ29iU3hYWEZZMTNaWGY0ZzdzbGNhQXBXXzVhOUtfLXZyZm9wbG16LUUwWnhDRldrNjRYVVNJTExsRlhOY3ZtWVl6Q2NtVDhTRVhwNzZ1ZlZPdThZT1dXR1U0QTRFTUtI?oc=5
PG,2025-11-14,The Kiplinger Dividend 15: Our Favorite Dividend-Paying Stocks,Kiplinger,https://news.google.com/rss/articles/CBMiqwFBVV95cUxORko5MXY0LWNwazI2dTAxUGdXQ0lUblNUX3g2b0lJeVNuUlJoRngzRFJJQlUwc1F0akpiUVF3eHFVVlNNT1NOZmhkNUhqQ2dBXzNWREZLbmdPNEUyR3otMHZqbk5UeElpeXM5M1F4M0dTM3dXMV9mZFlnUTFSdmRQdTZzXzJKVUpwVTdzejRlS0l0Z2VfaEExNHRLb2ZfOFluUWNKR2RocmhLY2s?oc=5
PG,2025-11-15,The Smartest Dividend Stocks to Buy With $500 Right Now,Yahoo Finance,https://news.google.com/rss/articles/CBMihAFBVV95cUxPRWo3YmU1MDVtQmVGaVdRUHVBbWwycC1zOUlDckRyZjFNN1VHN2FsM0pzUHlFbU1uZV9FVmxjRFY1ejdoVWdrM01SdVA0U0JrZFdhR1hPQThSLW4xVVhCZDlRZm0waFhKVVdpOVI3R2cxaGR0cHZod0VIWTR6ZVdVQmpmaUY?oc=5
PG,2025-11-15,"Procter & Gamble’s (PG) at a “Real Low,” Says Jim Cramer",Yahoo Finance,https://news.google.com/rss/articles/CBMifEFVX3lxTFBNdTVOSDhWMWNFb2MtUmdQNldsNGhIeUVvYjdEMjZtYmI3TzRTZzRpRmlqWkZxWENrYy1yVTUzdVBweGxCamJEb1R0VTZMczF1NnZUZ0FBX3RoT3RRenozZVkwbkJrNFNzanU4Y3U2V1ZBN1pSd1ZydEgzclM?oc=5
PG,2025-11-19,"Cramer wants to buy more of 2 iconic brands, admits some buyer's remorse on another",CNBC,https://news.google.com/rss/articles/CBMiugFBVV95cUxOSE84bXJPemwzUVAwLWh2eXo3cWZ0dXJCb05EdHBZLXdUZVpmTjRjQzFnNURUR0liVko2M3Mya1g4T0FXdEJFdkJGYmdFc2xEUm5jZkF2WGN3a3lNeWVOeGxaMDQzWHNuYm4tbjUtODM4R2pmekUwMUFhd09VWU5IS2FzUV9wbDZpRHNueWtjZGVtek90cUpXUVpnRVBZRlJKWVNEbVdpWGFLODRvUUtob3ZuWnFhNnFndUE?oc=5
PG,2025-11-25,Procter & Gamble Stock: Is PG Underperforming the Consumer Defensive Sector?,Yahoo Finance,https://news.google.com/rss/articles/CBMijgFBVV95cUxNcjFILXgySkI4RHlsdTFxUUVHYm5jY2xfNWtzeXh4WnMwWGhOZEoxZmd1LWRUWUx4STRkRGtCaTBUdkE0dHIxRi13WTdZTVhwb3EtY19qZlMxT3drb0ZkSVhHZWdLaHlNTHJ4MGoxeVFIR1lvbVRTWnkxNnR6T2U3WGxpTVBfUUVrdlNzQmtn?oc=5
PG,2025-11-28,"Jim Cramer Recommends These 4 Dividend Stocks, Says Era Of 'Magical Investing' In AI Is 'Dead'",Yahoo Finance,https://news.google.com/rss/articles/CBMihAFBVV95cUxOcDBvaEtMcVUwajJhZk5qdEZEbUxOLWVSUzh6RkZkQTlVVGtkQmgwRW43bE80eUdtS2o3eWhnckxKUUNIc3lMcndWajZSSWYxcG9HdDdIRVBVZUdCRDViaDhNMU9oOFlmcmZGcHFnbmpZWTBpZUlIbEhfVmlUamNpUnJncC0?oc=5
PG,2025-11-28,10 Stocks the Best US Fund Managers Have Been Selling in 2025,Morningstar,https://news.google.com/rss/articles/CBMinwFBVV95cUxQQjR1QXpMS1VtZ3c3bXo5UWRxOE1oUXNLaTBtd29FTGFvNHU5RWZtMWJubTJSWFMtU3pUQzB5VjhnX09GUklyUXRZTkZjS2pCbk0xWkcyZlJ1dzBlTXpwTEcxTjQxZWNXbzl1WUU4Xzd4RUVfYXVSaVZPYVhQTHpaVkdGeVVTRnhmdk0wMmdjaktqNGg2Uml6YnBfNVQyajQ?oc=5
PG,2025-12-02,"New CEO takes over P&G's beauty business, one of its largest units",The Business Journals,https://news.google.com/rss/articles/CBMipAFBVV95cUxQN3ZXZ09Ham5DSlloMmxETHZqOUllSWtwUjkwZmJXd0xQdlBpb1dTUXV4aDZ0MVg5ZnJhZlpGV0kwQ0htNnRwMk9KLVZaMU5hZHlxSDFiTzdKTV80YUEyblRrRTlFOGprVURmYnU0REwxajBUZkY0Mjl1X0FLOWlXLWNyWG5tUW5UdmVJeGtXQzY1eU81N1B1V2pHRTVGMFFzckxobA?oc=5
PG,2025-12-02,Procter & Gamble Stock Drops. Its CFO Says Consumers Are Nervous.,Barron's,https://news.google.com/rss/articles/CBMigAFBVV95cUxPS3p1WFk2VlVJQkJoZTJlQk85UERUTlpiaUp6bE52UENCTzlLa040YklGWE5QVTZ2bzlrUkxRVEo1cEZfb01pRUZhTENHQnRLQTFqamtFVERKcVUwcEZ0eW4xX3hHLUhFNWtTVmZULWhyaWhYSk9pLUdZUXBBQkNSSA?oc=5
PG,2025-12-02,The Procter & Gamble Company: PG$ Stock Price Quote & News,Robinhood,https://news.google.com/rss/articles/CBMiUEFVX3lxTE5wdFdhX0FxamRZUFd6Q2lIbEFvaFJoTmhxOXVMS2FUQXpGYnFybHRwYk9DaUJYNW1va0lhOWtBN2lUOVlRby1BU2EyODFzTFdq?oc=5
PG,2025-12-02,Why Procter & Gamble Stock Hit a 2-Year Low on Tuesday,Yahoo Finance,https://news.google.com/rss/articles/CBMif0FVX3lxTE1Ba01PMEtNREhObWh6STZDZTNfRDNBaHNYcF9XbHotTFUtM0ZlTGxZTll6ekhQSTZYSGpfd0N2aVBNcWVfMERhLVEwWFRQallKNUQ4MzB1dVVfQXpvdTZMYy1wQmItN2V4MG9UTzE2QnNCQkZhTkROZ2UxR3R3V3c?oc=5
PG,2025-12-02,P&G Warns US Sales Down ‘Significantly’ Entering Current Quarter,Bloomberg.com,https://news.google.com/rss/articles/CBMiswFBVV95cUxPUHhMTlBaZHNseUJ2YVlCaS16NWF5ZXlQamhMWFBXUGR5TEd1Y2Jjb1RlWFp1QlVwTVhNcGd2MUVlaDY0WW9MX1BhSm9fbUVheEZfM0p4dW4wRzdrNXlQVjVYbTByY290RHR4MTVnenVuOExTd1U5Mkw1YlVVQWZxR2o3cTVWZlkwcVFKRWFEdl82YVUzX1k2NzBNbjlBOWJHSHZwT1VZTjJoWUdBQ1ptUm1odw?oc=5
PG,2025-12-02,These 2 dividend stocks might be the safest income payers in the world,The Motley Fool Australia,https://news.google.com/rss/articles/CBMiqgFBVV95cUxOSDBmUTBHU19GSnVqXzRKeHZ6WUNuV3E0YUc4c1E4VWtLNUtCNnlWT3hPaXRKVWZzMGtjeVYxQ09XX2pkdm9zX3dwUWVPUE9zMDJuVUtUNzc0UDdyTlBtUnViYnJubzhsLThWMVBBbHh4QnNhSF9vVF9LdEM0a1NpXzhTUVBuUFlWT0duYVdqY3d4Q1RyZDQ4cGRTUktWZFY2bi01RHltR3dJQQ?oc=5
PG,2025-12-03,"What Would a $1,000 Investment in P&G Stock Be Worth Today?",Kiplinger,https://news.google.com/rss/articles/CBMiiwFBVV95cUxNclBudWt1NTdLcXp6SmF3Q1FZeTZoRjdpcFhLNmI5MmZjaDltbkx0THA4UEZXN1hHWnJlUUh0aWNyRGpWdk96a2o2SndNLWp6N1U0Qi10RHQ5NXh6VVFxbE5VY3BHVGZpejgxUFhaaVNxdldOeHZWVnFOTFRYa1l5Z0g1XzMwbHE4NHZB?oc=5
PG,2025-12-03,"The stock price of Procter & Gamble (PG), the world's largest consumer goods company with famous..",매일경제,https://news.google.com/rss/articles/CBMiT0FVX3lxTE40SjNiSms1dUZIaXFGQzMtM09LZDZwX2FNdDhaVDctVDIyc2IzTHc4RTNMYU1EUGF1c0U0UGgtakVwZllSQkR6M0tod0NFNHM?oc=5
PG,2025-12-04,The Dividend Stocks That Keep Paying Even When Markets Stumble,Yahoo Finance,https://news.google.com/rss/articles/CBMihAFBVV95cUxNR1lFamJHQ2FHLTZCY0pDd24wR1h3aTFnMy1TRUFodFROb1V4aEpLR3pfNDJuM3BSRkh1V05ESDVUNE52WnVhaDFlNmozZEpVNTRacFZ3aEVlclhXVWkzamFrQUg1VW1nS0xId3lxVGlDUjZuR1h6cWlaUjl5U1FwSEhPamk?oc=5
PG,2025-12-05,Procter & Gamble Stock: A Cash Cow That Is Still A Sell (NYSE:PG),Seeking Alpha,https://news.google.com/rss/articles/CBMipAFBVV95cUxQY2pqZHNjaTFBc09EWU5laWtjaTZiR1luLWdISG9yTm9nSVhKRHBtazRhUk9RMkhnRDRKSndLUWgxZ3JLRjRsczZCZ0NBcGlvOWh3aW1wTVVIQVdWZ1hnUDlaUzgyOGtzOWdkT2JmOV9rRDEyVV9Bb0xHMWpVZGJ3NUUtcmZlVWx6YlRBMURWTTBZUmxvUjIwdFpjdG1RZU9BX1lDTQ?oc=5
PG,2025-12-06,Is Procter & Gamble Now a Value Opportunity After the 2025 Share Price Pullback?,Yahoo Finance,https://news.google.com/rss/articles/CBMiigFBVV95cUxPWWI3QXZ4UlpzMXg0eWFWaFdLbjIwWEhqTUpKMGl6OXNya0d5QktuQTU5dWg1MjhDd3pVUnF6NENBbWFxOGJ2R0pJMDUwYmdqR09lZTVYTXFVbXlmcGpuMXRVOUxRcjlyZzJjUnFSb1lfWDN3Y2cwZm85dF9JenhETmVlVU9oSnpIWFE?oc=5
PG,2025-12-06,How Good Has PG Stock Actually Been?,The Motley Fool,https://news.google.com/rss/articles/CBMikwFBVV95cUxPdWZTbkwtTEhGZURKZktzMEFDQmowSXVqUDZCdGU3bWpYWTcyYjJMWHljY3cwb3B4T1VuSEh0RWlKVmxta3ZkbUZ4YmRWQjhUekpCQklfaGhLZmdUUHFsUXJ2VkRxNG9LZk5kbkpBRmR5c251YWU4bkdtYnlvVl9qd2RHYlFTQW5zX2U1MkxyNG1lY1U?oc=5
PG,2025-12-08,Procter & Gamble: The Dividend King Is On Sale Now (NYSE:PG),Seeking Alpha,https://news.google.com/rss/articles/CBMilwFBVV95cUxOV21hcElZelo1V1RsWHB1U1JKTHhBV0xFc044UFV5QWtrY2dMV2ZYbUh1MUl2WjR2OHU0OXdGY1RuTF8xWmtaRl9lSXBuWDFkNzN0Z2hSbjlvRm5ZSGlUX3N0S2hmYVdKcUtJNzZoX1VxRlRpQ1VJaWFNQjJsaGxDZEZUazFVcDV5ZmpjTlJvdno4MjgxM013?oc=5
PG,2025-12-10,Procter & Gamble Drops 11.9% in 3 Months: Buy the Dip or Stay Wary?,Yahoo Finance,https://news.google.com/rss/articles/CBMie0FVX3lxTFBUXzJUX1RlX2pwTk9scG44ZUs4QU5kb05ONVZFdHJ5RDBLa3FiZ3RQWWNnTmR4WGEwNG14cEdyUmNWR3VfbXFhVUM4QmIwa1E2RkNYUjd1QkdsYkg5OUI4cUswaGRXai04ZFIxQWpfWXNqaHdGQ1JUZTVEMA?oc=5
PG,2025-12-12,Proven Income Generators: Ranking the Most Reliable Dividend Growth Stocks,24/7 Wall St.,https://news.google.com/rss/articles/CBMiuAFBVV95cUxNZzItdU1jNHhXYlVaWUxrZS1Fc0pBQUVhV0J1S2p2T2VhMFRZQ1VYSDR2Q3FUSmYtdnNLOUtDYnZiMDJ0c3RXZVgwT2dPcHpudmZiTXFWZVZmTHhxdlRzS3BmY1dPNmNIM2dUWDdWTzRVX1lZM3JKNzhlTVpHYTA3Zk85UnhYZTQzcmVjeFZPZHJVcXRYZGg5d2o0ZW1sVG8wSW85ZTIxTnlza3JtYThXVFdDY3RWQzUy?oc=5
PG,2025-12-13,Investors in Procter & Gamble Hygiene and Health Care (NSE:PGHH) have unfortunately lost 18% over the last year,Simply Wall Street,https://news.google.com/rss/articles/CBMi9gFBVV95cUxPd3FoWXRmd2hqUEtrNC1tSWtUU2JtMGNXYzZhZTFnQW00RWlub1ltU2lFRkJEa3hyb29DQ1hzLW9pVFRqZ1YwYnFHY2Z3Sm9JX0ZEY3U2cVpQRW1tUWZ3ZnROQ3p5TWtQNFdjenpuSk94ajlFdTctNmN4c19XcXVBTTBSMF95SzM2MjZjUmxwUXEyZy0tajZNQWhnT3ZfMWwwVXkxRTFwY2U5eE5kdTJnREt4T0pTOVdyNjhrQ2hmZENIazdycmxnREROekVoOVhIdDRJMVNfcS1NQU1tckRvQS1MTDdEejYzcFUxWldxelVxTnR0b2fSAfsBQVVfeXFMT05ja0lLSVY5RWJSeHRWU0pYQnlGcndwbUo5cWZ0S0NXNThXNmgxV3RJRUpjbEVXX0Vldi1YSFFRa0wyMXJKOTBaNjUxMDJRN1dySjI4alRNakJvbDg0c21VWjU3ZTBDNEpRMEdqZFRITHdrcVpMN3lsOVFsektYSF9OUG54SzR0bjFtRUh6dVhDeXNHTmtkZ2dneVNpOS1sSjhHZC1oN3BHZnRYT2RyUXBsTjFTUEhhdnc0c3V2VTJ3VDA2eGxxcENQVXhEbmtkblIxSW1sZDlFYWctTkVQb0ZkdG9JcF9RYTZrMkx6TXpDVUxtZGR2M3U0TDg?oc=5
PG,2025-12-13,5 Dividend Powerhouses That Could Transform Your Portfolio Into a Wealth-Building Machine,24/7 Wall St.,https://news.google.com/rss/articles/CBMizgFBVV95cUxOT3pqVTJYMzV4UWhEYmZGTVl6cUdLbURCUms4Q3B1Wkh3dmEzVnJRb2QteExfVHhnQmFlVUhpV01hYTQ2M1E2NzBJTGEzalRVY3dQRTBYS29GZXk0NEJ2czhaa0VEWl9JNXU2ZG1WLUNpd0V2TW1QRGhOMWRZU01RTW5lRVlwRG9PR0hFaDMtU29GSEdPZUFVNUwxY3RWOThlZ2d6Q3RLRm5XZFotSzdwVjVweWNCTDZONnRwa3c5WjhuTmRVR1paZFZEVWFxZw?oc=5
PG,2025-12-15,The Best Dividend Stocks for Retirement Portfolios in 2026,Yahoo Finance,https://news.google.com/rss/articles/CBMikgFBVV95cUxQdVluLW5YMnRmdmtxMUswQ0pxMFR2N0I2WUdJQjV0d0lYeXlIMVhmSmt0NHRQNFpVaFZLNXQxZjRsc1liTFZYNEMxa3ZGOV82czVLR2RvcjNCaUozNERDVUpmUWZHZjhQM18ybnlSdGxYaHdwTWJIRWZwYzhfblFNRjRGaFpnRWhDUE8tXzY2aXhQdw?oc=5
PG,2025-12-15,Jim Cramer makes the case for buying Procter & Gamble stock,CNBC,https://news.google.com/rss/articles/CBMimgFBVV95cUxQQ0g5UVB0Rzhzamw2VHh6SG9YaW5XNUZjSjU1eVVQTjkxSVNCeUlMZkJNUnRlQmNlU0ZzUGpLaC11YWJGM3N2WjktU0hMOWQ2bjZueFRzV1E2cm1mRVZ6bVY3dDR6UUo2b2ZZek5mMEQwaDJhVG5xZ3hDZ1JGR1JBdi1WRmI2cUVpTEFTVVZUMVMxUzJjQ0F3NV930gGfAUFVX3lxTE1ZN0JZTlVjaXYtakFBci1WQWVwYUdfbmVGSjBETnBzbm9YaHNRcFRpNmRRM3ZNNUdqb1RuOG45WUFHV2szV2V6a2pvZXFKaVplWnpMSnF6VWlSU1psczcwNnkycUsyQnQ4cEY5OWd4cnNGUldXdnNQSkdjcUNvVlNEZEtNSmtoalNXR3lxSzQ1Q2pvOXJFcVpWeVhSN08wRQ?oc=5
PG,2025-12-16,Procter & Gamble Stock vs. Colgate-Palmolive Stock,Trefis,https://news.google.com/rss/articles/CBMiqgFBVV95cUxQSlJ3QXg1dlJHU2FrWk9NWWxidU9sWFhDcW5wQm5hWUw1c0g0WGlwYVBCRjEyVDBpZXJBNV90QVkwMzE1TjA3bEVkQ2RPQm11R0x6MTZSdDhnUVdOUHVQeDNhREo1dUlHZEZBS205SjhzTHpYdU9PbGpUTmJrbG40d0xtMEN6eV9kTDdJUnhRSWxieV93eEJod09adWlkM2lTQlBkYk5DeVdtdw?oc=5
PG,2025-12-16,P&G stock is in the red for 2025: Can it come back next year?,Yahoo Finance,https://news.google.com/rss/articles/CBMic0FVX3lxTE5qSm1hZF9RdEhJY2pBWUZIell3NURYdVhoTmlXaDkzRTAwQWJSal9nVjZ0T09ZZG1rOGVoWml1Z3JhcVhsQUU3WG4yOU9LcjNlZ3JrSVQzNU1oSnNmdjFsMmFTWDFBWFNrYURUenhyNDYxdGc?oc=5
PG,2025-12-16,Top Canadian 5G Stocks of 2026,The Motley Fool Canada,https://news.google.com/rss/articles/CBMiakFVX3lxTE9sdXdKRlFQbXY2LVNLZjE4blJBMDRhWVlPOEd0UDNXcm9NVng5TkVaamdQT29BZk1wZW0yZDItcVFHSXhyQ25HeERGdEN4Y01nS3B1c05uZnNHRkVCQmZLakMzVzhfb21KeVE?oc=5
PG,2025-12-16,Jim Cramer identifies his favorite portfolio stock — and it’s not a big tech name,CNBC,https://news.google.com/rss/articles/CBMitgFBVV95cUxPQzdGWWdzZVp5bXR2WjcxYXJPYjJveWdxOGdYai1mdXRUZjF6aGdtWFhWRFVEaC15S1hqY0lEVmlyQjVDNGxFcXB2RnFvU0E5YmxndFNTNWw4YUF1bDcxNDVVc2I2UENhbko4Z0lFWG5mSTVMNEdhRFhjQXMwNzdWa1M4SnhsZWYzdmRIN3Vua3R4MnVxdk9hMzVrUDVqMnUzeDBZdk50eGczeFRGaFVoUW9CaEpLQQ?oc=5
PG,2025-12-17,Should Dividend Stock Investors Buy Procter & Gamble Stock Before 2026?,The Motley Fool,https://news.google.com/rss/articles/CBMimAFBVV95cUxQcUdSSkdFUGVQZnhFa2s2NVRBNkRWd20wTWQ2dFZCa2RCM2lUSm0yaFF6cDY3c2JGaFlZTTZTRlR3alRjZVh0OXNTeEpOWkJsdElVNk1zNWhpUWdsQmZzNEkyQk5kdXRKTHFndUUydEtfcm1Ic2FfcG9TeDFOdGlDVGU0RTBFTE00QkY5SUxKdC1mZWxucmRHdg?oc=5
PG,2025-12-17,"GE Vernova stock drops around AI concerns, P&G upgraded to Buy",Yahoo Finance,https://news.google.com/rss/articles/CBMiggFBVV95cUxOWXJRV0hVOUJhSzFsWUNFNGVhQU5CN2wwSXdIWlhMdUpMZTZoaVRLci12ZXlTVmNwOFdsS3F0RnEwNVRKZDl6WUo5VVdhcG5DU0tBbnlkWl9kMEstcGt4YXZXMVJ2RmJJdlZxUndyUjB2SlRyVy1GRUZXTjcxTDc0Nnln?oc=5
PG,2025-12-18,"Want $10,000 in Passive Income? This Vanguard ETF Could Be Your Ticket to Making It Happen.",The Motley Fool,https://news.google.com/rss/articles/CBMimAFBVV95cUxOdmR6bUxSelZKRTBPQUs3N2c4ZXl0T3NheU13V09CalFoX3JFLTQtQkJkc0cxc3luQ1RkbTF4UHgyLWlSQldWQVc4R3RwMjlvY1A5OW9qYTM2clNtN0szcjdQQ29aV0ZJS290ZUYxeG8tS0UyR1dWZU0yWDJZZzBNeWtiTUNSY2tDbmJCdjhEZWgzNGRCVWtoUQ?oc=5
PG,2025-12-19,"The Best Stocks to Invest $1,000 in Right Now",The Motley Fool,https://news.google.com/rss/articles/CBMijwFBVV95cUxOdHpUc0c2NkhzTjhKU0RpUm9IbkVCUFM3dnowWS00X2hDWnE5cVQ0VXVWSmFONDJNenZGc3RIYW5YRjFTWkdtZzlNUXJLOGJpcG9HMzJCbWw2MS1weVV5aDJlRXJfdUpBLXlYZ3ZuckZrc2JHdDBNdVRJZVUzTnJxdm8zNGRfbmNxM2cyZnNmSQ?oc=5
PG,2025-12-19,KMB vs. PG: Which Consumer Staples Stock Offers Better Upside Now?,Yahoo Finance,https://news.google.com/rss/articles/CBMifEFVX3lxTE8yZ1RiUmJzY2tFZkQxT2NSWU5rNFdHRFBSSGZUci1XY2l6Y2hpRjNoX2N5cE9fbm5SMHVuVDZIc0lDa1kzRTFLNXVpSnlycm5XcmRkbjlQSUxZT2Y3bVY1UDBJUVFIdGdsaEdGYmRMVXc4dE1OLTBXeWFad18?oc=5
PG,2025-12-19,Shares of P&G Struggled in 2025. What Will It Do in 2026?,Yahoo Finance,https://news.google.com/rss/articles/CBMie0FVX3lxTE1wX2ZIOUs0dVNJYVlmSEJuTWZXeng2Ymx6NzducnNDQ0EtNUN2UXU0bUVCY093SExjTE5WY2FQbzBSbVE1SVJVVEpwVHJUZ0g4N1pOenpNYlZGdGlKRU5hOWQ1cTE0cjlIYUNud3BpYUoyaTlpeHRjLVdFVQ?oc=5
PG,2025-12-19,P&G to discontinue select brands in Philippines to focus on core offerings,BusinessWorld Online,https://news.google.com/rss/articles/CBMixgFBVV95cUxNamUwMlhRakYxeW5VTWZnaFlGY2VWRS1YZEExdm1zSHR5Y3dYcHo4b2MxWG1aclNhY1ZkNXpUT0t1Y3gtcmV0YkhFNFhrdXNfbDZNT29oZmx4V3hvMUVCNV9BSmROWGFJOTV6VHpwbVZfaGVqNHlESlVJSlM3ZUpCcllaN0xSb3ZVTEdaazRCc2gzQ3RsOGxER1pPaURYRC0tbFhHNUZDWXRJU1BLcmpoNDlyLWQ3X1VEQWhBYndmTlBNS284akE?oc=5
PG,2025-12-20,"P&G: No more Pampers, Tide, Whisper in Philippines",Philstar.com,https://news.google.com/rss/articles/CBMivgFBVV95cUxQS1dLMFpWN3R2RUlENTVNb0UxTG1GTXhFNU94eUMtVGd2NTA5YUhsS00xSDFCcnBSamhXaExpWWhtT2EzM2dmS1I1eFdCMVBfaVBCQmdlTExGQUlCTDBjeHZHWnhPelF0eGVlUFNuZVNuQ3NKZXJUbVNiZEJuVThvc2hSTHkxeE9tUkNkU0lZeV82ZzVfcTRNWHV4NkF5ZVByR2JIaU5sZWhNMUpsbFZKUURBMjdMNDdTXzM3cHpR0gGjAUFVX3lxTE5XS1RHNGliY0lTdVNYYTdnTGF4YXRBbGp4Y3RJZ2lyRFF5aFIxc1I3YnFja3NPemZlUFdBdDFFd044SEVTNzA2bGgzaGE0X1pXYUpBbkhxWWxheFl6Z3FLMVpGdjRPdnFyYjhzem0zY0hjbVd3RUo0R1NkeGJrQk91S3ZwVm1yLVJWRFBpcmEyNnk4UXp3RGYwbkYzY3kyajZocVU?oc=5
PG,2025-12-22,The Best Dividend Stocks to Buy and Hold Forever,Yahoo Finance,https://news.google.com/rss/articles/CBMigAFBVV95cUxNUkE0Ym5yMzl6dUM1eDhqZW1KUjF4YUppODFGZEY1LUFOSkJTbWVaRVVKOWxLZDlJcnJEcFh6QTNmYTNfMVhQRnNtZGg3Z0drMmpYdUxPbnV5VkpvU1h6ZHY2enRDWm1vU1pIUWlpQ3d5d2NvdVJGYTdxbWdTSmtrdw?oc=5
PG,2025-12-30,"My New Year's Resolution For 2026: Invest $10,000 In These 5 Stocks",Seeking Alpha,https://news.google.com/rss/articles/CBMipwFBVV95cUxPU0NQVk9GWlRZdkhidm9yVmtBV3ZBaTdjNGl4Nzh4VEoxSjROdE1xOWNhLS1kQ21UQUc3aXJaUWZQdF9MbDI5Yml2SlQtS1JlbE5iSEpBSEZObWdzeTlJbjRyU2ItSklTR1FaVTN1LVdQYVh5ZFpPUXRQWVZYY1pldDQwYUY4M1Q4ZllJOENPbFpPUFpCN3YyeXRUMzJlcXdFNk1Fa1YzTQ?oc=5
PG,2025-12-30,3 Dividend-Paying Value Stocks to Buy Even if There's a Stock Market Sell-Off in 2026,The Motley Fool,https://news.google.com/rss/articles/CBMilAFBVV95cUxOdFR0NVMzZUo3QmUwUEVlY2k1QjhnTkpjTzB3OXV5NTNyTjRWM0htZUZXUmhkSGZmTlpFZ0l2YzNKRGNyQ0VBRVQtdkp0aUotYVd4WUZTMEg2cjhHU29uZ2NQZFF0VkVzUVhEUDdXRTF3cGlSTVNMYjZoOVczQWtTS0FjSlFULUQxbmI0V2ZfVjY2N1Bl?oc=5
PG,2025-12-31,Buy or Sell Procter & Gamble Stock?,Trefis,https://news.google.com/rss/articles/CBMilgFBVV95cUxQYk82cUpfbUtvWkZBQW80NXozVFRtQlh6YVJydDlrVjNVZU9iRE45NE5yUEJrRWRGNGtITmJETFZBZXlYdlctTzR1WHotb1h0cm83ODRBRUt6bEVXNlNPeU54Tk1zOUFvWlRRbXF0VzAtV05HUUY5NWxYUDFwdUFISUNNZEVmQ28tTkVqZmVIc1FOUWVSTGc?oc=5
PG,2025-12-31,P&G Home Products FY25 profit jumps 19.1 pc to Rs 683 crore; revenue up 3.4 pc,ET BrandEquity,https://news.google.com/rss/articles/CBMi8AFBVV95cUxNdjl6WFlZN3l4THNlTGcxVTd5UjJFajhhU3RxaFhVeGkzRGd1UHFha203aGlIejFFLVFlVExsTjJnUnV2cUpSMklKMVhPM0F5bEZMRVdsVk54ZElkSEhGb3pScWhaQy1mX3VzeHVQT1ZocUtYczBqMXduMzRqbG1QcUsyRVZQWWdJUlVoOUxJN243c285VlYyc1RNR1hQY0Q1TkVRQjI0RVBKemJYLTdXMG56OWdOaXRqMGZvOE8tRW01OElxU3YzbEx2SUpBay1zRnd2RDFDQ3g4Z2dhcWpJbVRHMjlJSlpHSEhrZS1ZYlnSAfYBQVVfeXFMUHNmZk13eU5NR3VVV1JBWmNyZFJmZl9lam1NQUlSZERwTkdjWENXVlR3WUNTQXlKd3YyUGR1U1E3Ym91N1R1TDk3NEFjcEFEWS1oTE54UWdhZ1RhZF9VY1BOZGp6eWgweU5sMDItNVBOT0x2bVR6UmZKZUlBajcxVlNTbjB4R0dUOWlOSUctSnNTRmR2MVRSTkVEUEJ1UnVMVVlWSWJIWlM4Q2RkdkRrbTFpeHZuQ0ljUWhSOHNXWDh1bkRpOHIzOW5Uckc4QmV3OEJGM1ZRUXd5VUVxR3VDZ2U1d21JUWt1Yk5xUlBtZ3N0WTlEUHln?oc=5
PG,2026-01-01,Are These 3 Leading Defensive Stocks Too Crowded Heading Into 2026?,MarketBeat,https://news.google.com/rss/articles/CBMipgFBVV95cUxQM3VJb01WWWR2SjZSRTV0MlpPY2VhWHdjeTNVemNwaFNZOGVEZVhOdWVZT1B4Ukw5Q0d4ZWNHY2N6ZHVIMHh1UFNqR0tWVnpiNUZ1SGIwMnJRdWlaYzZSazMwek5BVVozY3ZveS15RDBRNklRcGhtdzZjQmFmMTc5LWVBd29iVTVvUVNncXU0R0dtQ1kybnZQVzM0M1gtWmZ1TUgtU1F3?oc=5
PG,2026-01-02,We're buying the dip in this consumer staples stock that's teed up for a bounce,CNBC,https://news.google.com/rss/articles/CBMirAFBVV95cUxOZ0psVDhtSnM3bk9IUmM4eEp0RmV4aTZ1d0JkSVl0YnNLWDNNaTlnTzN6cEhacm5pS1NFN0xRekhieDRHSFpnRTBxemcyZWw1S1M5dExNRnZhWXVZQVBqRkFVemF5aXAwTkNvMUpUZnhicVZ3Q0JfekZkTGtfSVlmNUI2dkU4RW1CWWRpZ3pOOUdzX0lKb1ZOMVlGejR4UjlyZUd2QlpPT1Fadzhs?oc=5
PG,2026-01-03,Procter & Gamble Hygiene & Healthcare Ltd. Share Price Live Today,CNBC TV18,https://news.google.com/rss/articles/CBMimAFBVV95cUxNUDB6RU9qOGt3NEdpOEEyWmtBaWxFS3dGeWhVN1N6cWZfUldwRFZGOGVsYnBURG5JcG9JZzUzSU82MVBlaU5DVnZoQllrT2wyQkZ5NFJaNFJmX29sWUZQblpTcGhDN09sdGE3bjc0NER5VzFuTmFxdHRWZTk4R0tQMmNhczQyMnRPeFJxcFY2Q19yZjVreS01QQ?oc=5
PG,2026-01-03,Who Are Procter & Gamble's Main Competitors?,Investopedia,https://news.google.com/rss/articles/CBMimwFBVV95cUxQZ3ozeXlHOGttNjMtSHVUSTJ3QWdkNFJsZFBnMTVSTHlMWGJBWGliNTQ0R3pCYkVaUUY3aFhZOE00dUgwM2ZGblZYZHFJTXVSYUtGenpYUDNXeV9hTmhkS3NiSHF4Y1puTjRVUXJQTTBlR1lsbXZPUFFDeXZlc3JlVXpORFFiT2NoeXNnTUF5RzN6ZTR4b1BqMEhGOA?oc=5
PG,2026-01-05,"With 69% ownership of the shares, The Procter & Gamble Company (NYSE:PG) is heavily dominated by institutional owners",Simply Wall Street,https://news.google.com/rss/articles/CBMiygFBVV95cUxQRFdySkIyV1IyazFDNHVMLUUwalBRWkRwVGN4N0t2cGppQmNtb21iQ2ptOTRnbzRWclpCak5qVy1vVnhrVW1qY2pUZTlLYmZVMVVzNHhld0Y5SjJRckhQdDg3ZHZEZ00zZUh4UjU2WDJXQTN0cVljOEdNeC1jWEVQdFM5NVdydzJkQXhneUt1eF95Q0paZ09WLTJXTkphMU5wQ0J0WnRnbW1CNjNmMzZkNFl6aGFCZ1l6aDRtaXl2eXJIaEZwT1RjV3h30gHPAUFVX3lxTE9TWFhnT0JvOHNtdUlUSmFtbnVuTWoyWDJTTURRbjktQnJhazY0QWVrTjM5R3Z2MG1Yb3E4UExGcE5LYndIejhfdTE2NG9IdGpOZDZBNFpBVDhtem16NDJGY3dDRWVCLU03VjZmaTVFYi1STGVoeDByZEJHa09Gd1ZpWmpJbzM2QVJxVFNrSW5CT2ZEZDYtckM1SDNOaHZ2VnZCclptUkNBM2gxaDV6SVBvUTZWcWRzd2xMRjVadXdEVTRmcGV2LUExZzJvT0drOA?oc=5
PG,2026-01-05,Top P&G Shareholders,Investopedia,https://news.google.com/rss/articles/CBMimAFBVV95cUxNNGhWa25qZWpSeGZjLWczOVFMam50c2ZGVlBZNW8ySE5CcURGMFFydWo3VHBvTU8xQkhGYXloejItc0xqT3VMb2E1ZUUtU2JxV05JWm9oY1B3QTBPbGFCdlZab0RjYjZ3NDhjRFdGOVVkaURpcmF1SzEwd1YybXJHbkl5N2hwZ2dEUjZXRXpZbHk3b01ZQWhDNg?oc=5
PG,2026-01-06,"P&G Hygiene Share: With ₹4,311 Cr revenue scale, is this FMCG giant a true Cash‑Cow stock?",tradebrains.in,https://news.google.com/rss/articles/CBMitwFBVV95cUxNU0JLOG13ZkRtX0NzLTdWUDd5QlZUcjFobUI5UFRSQ0Z5clMyemlFbDZpVWNXUGVvcU1JcHF0MVVKSmdiUThhUnlCMUtoUEZPTENDbk5mZ19iUWJGRXdHZmMyMmhjb3U0WVpZaVdXSXNrMGhtNGNqWXBybk5kMjFDejNLMnpseDZyejlYTUI4eGxPZ0cyM0txUG1VYzRtdnBoQnRyaE5fZzZUUHJQREFYd1ZPZDE1VTA?oc=5
PG,2026-01-06,3 Dividend Stocks to Double Up On Right Now,The Motley Fool,https://news.google.com/rss/articles/CBMijwFBVV95cUxONjlsY2w5U1B1amltYU5YRDQ0VFVMYlJLTzZ0RHBVWFRabG9ISTQ3NU9hdHJLWFB0MVVCVnBvZWt1Zk5xQi1UU1hrUTI5ZVB1anJYY3p2RVNrclN2d1NZbWt3Z1JTd2c3VmNySlhSRC1Vb0xydmliRzdBejR2LUU1bEtXakZZd1VIbUxhM1lfRQ?oc=5
PG,2026-01-07,Could Buying Kimberly-Clark Stock Today Set You Up For Life?,The Motley Fool,https://news.google.com/rss/articles/CBMimAFBVV95cUxNM2s2SlJYUGpGUWxHYnp0X2gzam5HQzZUMWU1UDRscVpnVHJFLXNHUGFKcjR2SlhiYndFZFptcmJERHJMMkRwclBWTFprN3ktOFZrd1djNjk1Wk5udzRNZGpJVGMzenRfSDV4X1RyWFVqMGhIM2tuR25iVVNqYWU3SzhyZTAycG44SXJGRDR6d0dvWjFvUDdQWA?oc=5
PG,2026-01-08,3 Dividend Stocks to Buy and Forget About,24/7 Wall St.,https://news.google.com/rss/articles/CBMijgFBVV95cUxNa2tPZXFfZV9wTGdRSm4xWnVUZ2pQMFBSMWl2ek91OXJLRkJ5ZnEzeUFUYzJtQTAzV3FyRXNVMURERUpFcTdUVHo5Wi1JNXE5Mkk2ckYzbU01OGdmbFU3b2Q3cWk2WmZuU1VyNDRiWHdBR3RjUDFTbXV0YlBDRmx2aVVmNUQ0aXM0akxyOWl3?oc=5
PG,2026-01-08,"Procter & Gamble: A Wide Moat, Solid Business - And Still Not A Buy",Seeking Alpha,https://news.google.com/rss/articles/CBMiqgFBVV95cUxPY2pGdjUyV0o0ZW1JV19oeWtKVWtHRVNWb2ZWR0lDOU9TT0hKQlJuSWhkLTNEdTVHUkJENjdtb0p6WDFaYTdxdllCT08wOVZOUmtlTDlqVzRDajNVcUpiRG9rdno4WDBHSnYxeEFMcUlIdlBQeWM0TF81WEJHVV93Umw4T2dGNGx6S25kZ1Jjd295YmNFYXhQUGluRnhGSEM2RWZIZFA2NUpnQQ?oc=5
PG,2026-01-09,Procter & Gamble stock holds near mid-$140s as fiscal 2026 results and restructuring shape outlook,AD HOC NEWS,https://news.google.com/rss/articles/CBMizwFBVV95cUxOWGg1YnBMbmo4RXVMWGZMaDlPaHVpTjUyOE1jMVFrd28xZnZPM19oaFBLQ0lqdXpCc2xoLTFBZmxiaDNzN1JFV0pOVmRDdUZOUlZrV0tjWnBCbGhhMGswZVRQdkNzLWw3ZExhV25DdmZESFl0XzV4aGN3cFF4TVhwYk84b0ZIV1lGeHI5T2xwdEZEVldkekZLb0NaX1VUODhjS3ZQYnU2azY3LWFVcjk5c3F1aGVDX01FWEMxUE43OXR1SEVSckViXzBvV00zeU0?oc=5
PG,2026-01-09,"The Best Stocks to Buy With $1,000 Right Now",The Motley Fool,https://news.google.com/rss/articles/CBMijgFBVV95cUxNZlp4bTFLa2NpNnN1b1JsRkUtTnlySXpaUDVESTMxRnkweEdrRm82T1pzTHFMaUNSMmRhdExJVnhvazRzUFg0RUhFVU1aai1IWHNsYmhSS1A2QWpQQ2FYOVVJcHptUjJnaEdoaVk3ODgteDdnSTJjZTA3dnVjOFVMWk9lVXlueGFaZFhaZ01n?oc=5
PG,2026-01-11,"At an 11-Year Low with a 4.9% Dividend Yield, Is This Value Stock a No-Brainer Buy for Passive Income in 2026?",The Motley Fool,https://news.google.com/rss/articles/CBMimAFBVV95cUxOaFpaOTRxdXFoVTRaQUM1YmdQZmdyM3JWMGVkdGk5QmF6NjhBUkVzM0dObTdkVnRHR19BTEpNR1o0ZkNDOUFBekxOc0dnelBiSUxLcTN0dGh6dHVLckVLVEliQ1Y0UUNGLS0xWEZwOVVmemFzNzVnU0gyelhZNGZnTjJUT0Jkb3dEVkU3SVhOMFpsT0hrVjBFQQ?oc=5
PG,2026-01-12,Procter & Gamble: A Buying Strategy For The Dividend Stock (NYSE:PG),Seeking Alpha,https://news.google.com/rss/articles/CBMiogFBVV95cUxNRTR0VUdYTHlCYVMtaXJrXzlDcWhIcWR1ZXdlYXR6bG5SOElPaVRoZGpybUVpanFXMG9femRtWEFjWnMtakR6MjBOWkl5QjdubG5GOGtkdGZxVGUwOC1TNTF6SWNSUFNxX25ZTWNiNHU0T1JsVkZBWmpPay0teWpob3EwdUpTMXVUcnFBTkRCd1hxMmRnTUg3Rm90UVk1RFBBcGc?oc=5
PG,2026-01-13,Net worth of new P&G CEO Shailesh Jejurikar could nearly double,Cincinnati Enquirer,https://news.google.com/rss/articles/CBMinAFBVV95cUxNQ0FfY0R5SWd2ek56YWk3WndsZFczNE9WcGkzTnREdE5vOXEyNTFFS0dGNU9qY21BeHNmSUg0UWQtVl9FLUs5UWpVOGR1am5pZnZ4RkFrMVVid1FMSHdMWXQ4WmkzTnJsUUFVTmhDZU5rSV9lZnVJcVJuS0F5ek1rWXRuRUw4LTNfSkhjUjBnYy1zTEZVX0ZvaGlZNVM?oc=5
PG,2026-01-13,Procter & Gamble Health Limited's (NSE:PGHL) stock price dropped 6.6% last week; public companies would not be happy,Simply Wall Street,https://news.google.com/rss/articles/CBMi8AFBVV95cUxQZlZ3ZXY0S3gwZGxfWHVhbVN1OVpETEthNzhNNWFBVEJBUlZhYTVObFEwdVlQRGF0OGRiaEFjbzVqVjloLW5pM050V1BiaGNqa2lYVW94MXBRUGJkMXRIVTBmd3RqQ2Vrc2plcGJKZ3R0OFBYT0VnYzg4dVNGMndXXzlYajUwblhiZ2luQ0RiSUlFb1ZUMTlqSVphTmh3NEFqQkxvQmU1REJyY0VvTkdHM1VEWGZ4WGlUNWxUaEhGdVE3amtrZjZPTGF2eElMUEdOYU52YW1tUVhGa1V1NnlKaFFjUmhwaEhKM0N6a1JTVjfSAfYBQVVfeXFMTnotSEotMXVOeUhIdkZTS0hnNWloWWRqOUxSUmNpT3BKdmRzZmpDVS1ZUU5SY2QtemZhTF94TEhBemhzZkRwQlhrWFRUUTVfc0lTeHUyMGkwX2haYXpCNkp2dUhtRDdGczlFeTlOYUwyRDJ1a3U3dE1OSVNVbUdrLWQ0NWJVWW9Tc2lUQXQzTHVSUm1keU5oU3h5ZzVBYWpqZ1JqZ2lDT0tLRzdxS3J3eUNhVUVnLU1qYjlWbGhNUzY0VV80UDdjWC1wMm4zSTJNeHVkY2VtSEpmRmQ4VEhwYWZEYVJzblZ2dHhkQWVIdFlQV1BjaHdn?oc=5
PG,2026-01-13,2 No-Brainer Dividend Stocks to Buy Right Now,The Motley Fool,https://news.google.com/rss/articles/CBMikgFBVV95cUxQWWtJXzlsaGl3c2pSUC11aXdfSmdRaU9vNk9tWUdwSC1CcGZJYm40QmFESHI3Zm1uQlQ4d2s3VFpRamM2MEEwT0FYVTJQOG05OHQxOUVadTV5Y1phZ0hUZjBMVmpKc2lCVVVXRUZ1VTN6NlRJZzRKeFJqMW9hWUtRSGtiOEVWRDNDREpjTFlBZHJIZw?oc=5
PG,2026-01-14,Procter & Gamble CEO could see major wealth boost from stock incentives,USA Today,https://news.google.com/rss/articles/CBMingFBVV95cUxOTEpHZ2NjYkFiczZlM2d4M01jLVkzSWFfcHBkN1VmVk9OWjNqamZRWll1c1BUTFFEa1h2cDEyR21hZTdZTms5WUlTajJRN3BjODMxQS1GRDRadEpWeWwwbGQwMGliUjU1RHdLRmJmSFFGdEZ4TWJ1X2tiQ0FWR0hSNWl2M0drRk42c3h0dEsyNnJ0OTVPTlZ0NXBwYVN3dw?oc=5
PG,2026-01-14,Shailesh Jejurikar is P&G's new CEO | People to Watch,Cincinnati Enquirer,https://news.google.com/rss/articles/CBMiwgFBVV95cUxOTnVueTRDM0dBXzUzZkpxR2dMbzdGWFdrcU9kR0FRU1ZmRl9iZTBSTldQaXU4VTVDZjRTanpZNUZPRWhrU3NTRHRhVzVDeGN3c1JOeFltajAxaHY5LVp2Zm0yODdZTHBwVHZ6Rjg5MGFBSWF0NUozRVpqNEozWkR4VGwxd0c5cHBtc3daUWhnSlNPV1FmTXJZdlVwU2p3RHFieW9nQlh3WGlkOGRaNm1ZRTZCT084dnNua29JMnpoeVByQQ?oc=5
PG,2026-01-14,Top Stocks to Double Up on Right Now,The Motley Fool,https://news.google.com/rss/articles/CBMihgFBVV95cUxNbjlVQ2JjeG5UazM2RjdLdDNOc204NkZaVUpfajRUNzBYN3RmSXFwZGFJZjRCVER1Ny1HcVZyRXdiTWNldVpzS0dqOTl4aERrcWFBNDFqNlM4M0gwM3R1ekJJbE5FLWctWUN0ZUozS2F2VThPZ28teV9rZjRsOG9ZdTNJM29xUQ?oc=5
PG,2026-01-14,P&G Recommends Stockholders Reject Mini-Tender Offer by Potemkin Limited,Business Wire,https://news.google.com/rss/articles/CBMixwFBVV95cUxONXpNa29ZaUlwaTlsZll4SjFsV18xeHZXZEdzMTFBVEd6b1lUZmZJekd0VkhfRTBOLXkwRnJHS0dfOWJfbEtOVFJTdkFyeXpBSkFHTzBmSGUxYU40T1JKUGpHTGRaa0Z5OUE4Xy1HN0hRN2FTQ1BNRkpwZGhqbmVPNjdMYzZHel9KTGZkU09QUGo5eHB5a2JkLTRyRnZ1N1VpQ2l6UWxpMWdPT0hEajdpVEFhSWhOdk1yZUlWV1V5RFRnQ3Ezb1Nj?oc=5
PG,2026-01-16,Cintas leads Cincinnati companies as most popular picks in Courier stock-picking contest,The Business Journals,https://news.google.com/rss/articles/CBMirgFBVV95cUxPRkJCLURLekNxYndld0hIVFFFb3dXam9tcFlFYngwcXl3UWxYbXdkVmNVQ1AwakVsWTRXZXpXWEJndHlZaWkwdWxGY3A5TEx4WFgwczdkbUM0NzlqRDFVUTU4TlpKUl9POFo0V1ltZ0Y0d2o2LWtqQ2h1ejF0TUpxaEI4RnRaUGFHTHc2a0ZDRjQ4SndyaXZQa2REOUdlTkRpWUE4VW5aMk1YRHBTdHc?oc=5
PG,2026-01-18,My Top Dividend Stock to Buy in January,The Motley Fool,https://news.google.com/rss/articles/CBMiigFBVV95cUxQOFhRY28yN21ldXk4RWdRSmthSEh3R1VBUVFKTUJGeS02bzFPeEJ5MWJOUnNMSHl1U1FjRTlWZ1RQUU92YU9WRDRlVEM5Z2xZQmpxaVo0T29oeWl6MFVkd2tfYkJqUjR1MU44UkdpTk5xcXBTaU1DN19nWWpsRmRCc1FidFRsZFBtdHc?oc=5
PG,2026-01-19,Procter & Gamble Q2 Earnings Preview: Buy Now or Stay Cautious?,Yahoo Finance,https://news.google.com/rss/articles/CBMihwFBVV95cUxPd2RTYlRGY0IwYnNXSTh1Tk5TYXJOU0FocDlOM1VrWlRXU1JyTXgzNnVGZ1BFR0hfYWRrdVJ0MFlMZ19INFdqUFZlZ2hna1JRb3pqNkgxTU82NU5nNjNadmttQlNROV9UOC14UGpYbmxoczdmeEl4S1ZXM1pqU05rbmhKNmNWLWc?oc=5
PG,2026-01-19,3 Brilliant Dividend Stocks to Buy Now and Hold for a Lifetime of Income,The Motley Fool,https://news.google.com/rss/articles/CBMimAFBVV95cUxQOEUtZ0hqQkNtODdCa0ppQWo4MHNBdEhXdGFyYUdmMWQ2UjA5QTlBa2RlM0ZLanR1Wno4ZGJ0TXhtYWVxQW9BcUliUFB6OWt4eFdQS0N2Q2w1S3FZTjBBQllfN3BLdW9kZVZCMkdfY1RUTnBReHhFRGhaMVF2SVNQYkZKNEZrNFdPRVJOSDlnNG82SG9IU0xYOA?oc=5
PG,2026-01-20,"I Predicted Coca-Cola Was a Better Buy Than Procter & Gamble in 2025, and I Was Right. Here Is My New Prediction for 2026.",The Motley Fool,https://news.google.com/rss/articles/CBMilgFBVV95cUxOYlNkcE9wcGV0MGQ4VVphblNBeU9HQUJfOVR4U0RGTU1DMGlnWWxmb3k1bzZZbVplOTQwZFdfSXhWQTktVUdHYlJtZTFoNXFmbEk2TldJaG9KemwwLXRUbWhGQUVIRG14SDFxZXFPd1lVZFFxYjgyS0Z2VFE2S181WXNDVmJjd2lTYzdNN0RzaFpSS3dGOFE?oc=5
PG,2026-01-20,Who Owns Procter & Gamble? Biggest Shareholders and Recent Insider Trades,TIKR.com,https://news.google.com/rss/articles/CBMinAFBVV95cUxNMHNURzBtR2J3Tk1pSFVIdllrVXNoNjBFMVU5QkZWYzBSR1JmVENXMU5WTW9iXzJvMV83VGxxRkVWZXQzS2NxdTVjSEhoSE1xZTJtb0VjTzd6Z045NTZpektLNHlhLXdOMnFUaDBWN0F4SHRraG9pSV9NcUkxd0ZZZHlkRU9oUEF2c1dPU0doaVFpVUtfWnZ4cTFtUDY?oc=5
PG,2026-01-22,Silk in diapers? P&G’s unusual plan to boost sales in China,Fast Company,https://news.google.com/rss/articles/CBMimAFBVV95cUxQVlNsaUVVSUJMLU9RRG1mT1lLTVN6eUJFRGx5bkZiXy0tOEhEX2JuUi10RmE2T2x0VHp4cm9NWUFqaEhpNU8yZkdFNFp6ZWR0b3JKUHJWdXJndU9pS0xBZUJFaWlxS3M4ZWx6T04wVVJld2xpTlJTTkRXcHEzejdudmd1ZjNuQ0JKUVRuNUk1NHk3bE1kTE5FSQ?oc=5
PG,2026-01-22,Procter & Gamble posts earnings beat: CFO on the results,Yahoo Finance,https://news.google.com/rss/articles/CBMiiAFBVV95cUxPS192d3FTWnpZVUR3RkNPTmE2REpGOGJucndZLWpITzg5M0xhVEpGNl9YemNaU0htQnAwcUVMeFdiM3c0UVh5MTFCLUp3aVB5eGE4V3dUNXFzQWxrNDRaUEZwUEVZLTVwWFFwNlBOd1hIZkoyc0JEdUJJOV9ZUklqMWJ4UU0tOFI4?oc=5
PG,2026-01-22,"Market Outlook: Procter & Gamble cuts outlook, GE Aerospace beats",BNN Bloomberg,https://news.google.com/rss/articles/CBMixAFBVV95cUxNZ0U5UktkOExFTDVXRUdRRjFfZm9lUjVadkI3cVRtUWJjS2ZwOXlKMDQtb2hMQUs3aEh5Q25zZmRCcUNVUUZFc1BuaG9MLVpsWVNQdTg4R2JBTFF2SVBrdDBGRTRKVTRERVF3ZVotNUFrVnVRU2Z1cVlNRHo3YmFtUEF1N1hxcWNXVlJuWVRON1doQ2EwLV9hZUE2UlZkaUVITGtSWV9wS0U2SkoySFJFNGg5SlRhSnp4aUxiUlZRTTBwQkRM?oc=5
PG,2026-01-22,"Procter & Gamble Revenue Ticks Up, Helped by Higher Prices",WSJ,https://news.google.com/rss/articles/CBMiogFBVV95cUxOVXN6TlVjRTR3Ri0wblFkbEtOb0FhQWplNWJ0WlRaNlNXeWFYYVI5RmdfV0FsX25hX082VkZ1eS1JT2lJM001YWNZYXB3MWxnWS1FODRQRUhOYXJ3MGNXUHFLZ19YNjBBWW1NRFQ2bmtJaG81TDVhTWxWamd6cnpIaG94UnBlNEZjVC1QLVNtMEFNcUJVNnQ4azJWakZ1aWJRbGc?oc=5
PG,2026-01-22,Procter & Gamble earnings show that tariffs are hitting even the basics,qz.com,https://news.google.com/rss/articles/CBMib0FVX3lxTE52ZV9Tb1hHQ0xZVzJNNVI3MEt2ODdROVdMWVRJbm9ydHBJN2YzVVJHZ3ZEVmt6d1lNUkw1RXpobng3RGg1SWpmRHF0WDNtMkpWZjZlVTdkVkhDRUFaMjNHSW1ob1IzNldiYWRhai1yMA?oc=5
PG,2026-01-22,P&G Growth Stalls With US Government Shutdown Weighing on Sales,Bloomberg.com,https://news.google.com/rss/articles/CBMitAFBVV95cUxPcjhSajFSZzhZX19rdndBUkgyYU5RMlcxSHhBX0loWUhpUDAyVHVaQTI0V0ZHRkRTS3dQOFpZSUc4VFJCTUk3VlNBRHVyV21FTENRVFFLSDVHT01BQ0VYMmVacGU1cE9CN0tKZk5DWUpOLU1RNkhGS1c2WVZkc3NSbWVQVEVERVNqUGpZMjRkRjBKNzlXR2F6Xzk4QThBTjdEdGl4MVFBOHB3a3NQWFZjTmM1dmk?oc=5
PG,2026-01-22,Procter & Gamble is selling diapers made with silk fibers in China as it leans into luxury,CNBC,https://news.google.com/rss/articles/CBMiekFVX3lxTFBKTlZWelhqdVlLV2xwSE9sM2F6bGQ0WjJiSjJYS1Npc0cyemZOSTVmWHprQUNfb2tUYmI3NlJmVmxKamdDbmNpWnFvX0VfRGQzTkJDdldaOFZfakd4XzQ3eHR4c3dScTluTW42anhJbG1NTmIzcTZjVGp30gF_QVVfeXFMTk4wZU9mVHVfUmFpaTdtWlduU2RXUGFORHJLY3dkWXB0bE9QVjhaVnk3QkxpX2h4S2o3aTBPdmF5bXBjQm9fem96OVpPSVl1a2dkVVFRUkRzSkdtMkJzR2tZc0d0cjh1MHlRVTZ5aDVJamVXMVVmaTQyRUZfZXllcw?oc=5
PG,2026-01-22,"Procter & Gamble earnings top estimates, but shrinking demand weighs on sales",CNBC,https://news.google.com/rss/articles/CBMie0FVX3lxTE0tUGRjRzlwR3d3V2VVUnYwZ0g4NG51WFhxalppMWszNFhaUkpzODYtU0tqVktyclBrNktsbU9kLVpyWE1aSDdpSFhZS3h3NVBENWFpbktQUnp5ZnNVTEtTUUU3MFcyb0J6dERiMW1Gdmc3cDhIVEl5N3JtQdIBgAFBVV95cUxQeWs5QktDMTJQVmdOUnFPSDRROVVzcmN5LVJ5Zl9sYmdDdjJ1SnAwTWVuTlp1OFctdkttNmkxRnZ5SVVrNFZsdHhLR244d2xsd3U4R2FOcXhRVlE2QkphbURoQUp2TEpjRThwcklWRENlcWR3M0V2Q2pYdWJSQ2EtRQ?oc=5
PG,2026-01-22,I Correctly Predicted That These 15 Dow Jones Stocks Would Boost Their Payouts in 2025. Here's Why It Can Happen Again in 2026.,The Motley Fool,https://news.google.com/rss/articles/CBMikgFBVV95cUxPMFRPbHU2cFNjaTRqckdCb2dyM21QeWtMdXpMdFotWDY1MGh0d0pSeVg3QlozemxpM2t1MFpiWXlENmtLaHlMWEZ0YV8yYUQ1NngweVBJWXk4YzVrclJKSVR1Ym5RZERuczNBeE1SbkJ1emZHa24wZDVVSmtQdmVMcWZBZWN1RVZCWUJYcjNuaFJGQQ?oc=5
PG,2026-01-22,5 Things to Know Before the Stock Market Opens,Investopedia,https://news.google.com/rss/articles/CBMiogFBVV95cUxORlllX1Y0akROMU12TGU0dnJMczhZZG9Ka1NrYnVwQnNlbWUyWnN2OE84dU90RWVoMmlETnhWYXZWVjU2djVBOUF3WURYQ0M3WWs1MFZfNi1fbF93b3J4QzdXWEg1RUlaZzNIMFd3LXZiMnVQbFZhVWU1RWprRFV5cS1TQmgzQTFlaGhIV3U4M3RvN2NBRnJOQVBuM2xOZWFrNXc?oc=5
PG,2026-01-22,Why Procter & Gamble stock is down and what it means for you,rollingout.com,https://news.google.com/rss/articles/CBMifEFVX3lxTE41ZDVOUVczR1JWaEg4OGM0d25fbFNmcUs3RG91UWhIVVlQY1p5WEUtZ3E0QWM1bTZ0VnU3bU0zTWhzNG10VEd0bDY5eUNpQmVQWk1mR01UMURkSG9BUUhyR1VHNDQ1endGWnlJU0hfZm9qeWJObWY5MFlvdXY?oc=5
PG,2026-01-22,Procter & Gamble Earnings: Frigid Sales and Margins Don’t Suggest Cracks in Its Standing,Morningstar,https://news.google.com/rss/articles/CBMisgFBVV95cUxQdjlhNDZBQmN1dEJDLWpodkNZb0lMUkZ2OVlLTXRpUVN0d2ZlWEtpOHVnLXd5SUlCUlFJd0ptRGhHYkZzZXQyQkJnc2lwLU94Z2RMWFFBT19PNWJaQnJMVHMyVmZJenlJNjVEVmc3QXZWNjk2SmlibmVrOGl0dktzQjQ5QXM0TDJlM3Q0X2ZpbG1VX3A5d3p2OG8xdU1yZURhSzdWWUFmSENRSm1yV21YVHln?oc=5
PG,2026-01-22,Procter & Gamble Stock Rises Despite Weak Sales,Barron's,https://news.google.com/rss/articles/CBMigwFBVV95cUxNU0ZYdkhfNlpRenI2cDkzSTdpeHBsNko4a2tEbHZhVnNvaXBadHJVRXlLTmhPT2tHVjZBTmxUcVVjLWdDRjB4R0wwYkh6WTRaalpwT3dlamRrY0s5QVAyUkc4dmlGY01sT1RzdDhPem1pQWh2Z2lrVTV2Z3BjbUtfaE1PWQ?oc=5
PG,2026-01-22,Jim Cramer crunches the numbers on Procter & Gamble,CNBC,https://news.google.com/rss/articles/CBMilwFBVV95cUxPOElaTUF4eGU4VmY2cXdSaGJMbWt4ZjJJbDh5YXpfOFpZcDdLZ1pfM1h0MWpMRU1SUnB2RDUzZkswUnpzSmpTVmlsVkdTUVpaZ2xEcHhWaVZ1V3pWVFJJSGpERnhTVFg2c3ZJTVVkcWVVR1hvdHY5UlVvbFBPcGNaNmVxT3lQUlNCSzZ2eVJQLXpfRzY1cGpr?oc=5
PG,2026-01-22,P&G CFO: Consumers are dosing their products carefully,Yahoo Finance,https://news.google.com/rss/articles/CBMinwFBVV95cUxOcmptczJKY0FlODQ3MTRvUjZDSlNpMlRPNDRVQXVfX2ZQdWpOcTBRcERFN2JDUTA1dnFzTVdEV202WGpfX1FoTktmSFZnUWM3Z1NvYkdDQW9qajdxaHA1TEs3Y3Y3MmNBQkRtclY4b01YMkdJRUVpVmM2WHU2LUprU2ZWSDJ6TVozdmVZSktYcXBSckxkX3I3NGZtSU9hQ1k?oc=5
PG,2026-01-23,Best Dividend Stocks to Buy in 2026,24/7 Wall St.,https://news.google.com/rss/articles/CBMihgFBVV95cUxQVGN6cHk3SGVZWW1LRkxuazRVRllKZmtsdnFSekRrN0dhTk41RG5tdEtvWVdHUW1xb0NZSGM1bmZhSnNKSDFORnk1dXcwOHQ2MXZJTTItNUZOajhzSENfc3FZa3lsN0xEb2gxRU9XbDZjYnRtN3pLcUd6TDJOWFZzNTdSQ1FQUQ?oc=5
PG,2026-01-23,"Dow Jones Stocks: Nvidia, Amgen Are Near Buy Points But This Longtime Loser Is Winning The Week",Investor's Business Daily,https://news.google.com/rss/articles/CBMikAFBVV95cUxPYi1fTG5xX19hdWV6YnJzZzlWaUZfRjVjM2hJWjlMMFJQV2RxdEtnMzRfWFpiQXpPUzJzc0FqZlRISWtETGR5eS1fTG0tYVZmMXVxNGtfNHJmUGdHb3dlNFctX3p3bGEybmUwLXQ0b0dfcUdCanh1Wl9iS3F2Z2hrbGllbzZDUmotNjNzSnNIMG8?oc=5
PG,2026-01-23,"Indian stock market: 10 key things that changed for market overnight - Gift Nifty, US GDP, inflation to gold prices",livemint.com,https://news.google.com/rss/articles/CBMijAJBVV95cUxNVDhCdXNiN1RGeUlnN2Y3MGFNOS14enllOVZYXzBuVUVpU21vbW5lTUxiYlpSelRTMkFZY21LSF9OcFM0ZFI4RXV0dG1NOFNJM2pRU0xmcW11dnc2MkVoeVFrWHNwZl8xQUhxNTRYYnM5N2FOQUwyYVB3dDF4WWlRaFVTVkwwTGVPNEhTbEhEVHV2MU1mM0trdlJyNVZDemxSODZQOTExZ2d3Q2NWTXBYcWF4WUFVbEtUSm92MDBMLUVySkNWeFRpekFTRXllR0xRR3NZbEFVVE9IZTR6X0VseV91MjFpeHFXWFJSbjVkVUctMlN4Rk9zSmgxZ0ZLWDlOTFJUTExBRDJVOFFN0gGSAkFVX3lxTE1oRFpPTmo2MGJSc1Z3X1QwVUFTY3FGSDlnNzlDWWdMbUxhMHpTdDk4NW5uTFZTZkFGQjRYN2VYVFpRbHAyUngtRzFXMHJPQ1JMbGVmWVZlSmNFNENSOF94WFFTUU5YU1ByZ3NnV19MR2I4SGlrX3RIQ200RjFMN0lweXhabGxRZmZERWRYTTFaZWtRLWdYVjBxdEktU0s3Y0V1UWhFVE53eVR0d3FDM3F5UVRJdDExdUFFc0Y3Vk5NQzdvSjBzaXZWbFc0Z1hSdWJzVmJHR1E1U3VPc2J4b0w1VHhBekJOUlpxMlpoOE84X2dpeUlJMDQzTl9CY0JJYjl4VnZHZFpDWGNrTWRYekpIWWc?oc=5
PG,2026-01-25,Procter & Gamble Confirms a Bottom—Time to Start Compounding?,MarketBeat,https://news.google.com/rss/articles/CBMinwFBVV95cUxOeWVadVNFWW1sM1NPRENpN1JKRnB6MDZmRFFMT1ZVbFFmYmY5azVHNXpwNEFMWVVndkZJYzdTekR0Y1VvcER3MUdVWlBGdlFWM3pKTG8zWUJqRS1NYnZ6dDBoc083aXI5dF8zOUpIRnpTcFBFbXA1b3dSekJDUUNYRGc2RjhaODM5Qk5nbWI1N0Ftc3MyMVk4M2VidEQwV28?oc=5
PG,2026-01-26,"Fewer Babies, Higher Sales: P&G's Contrarian Bet in China Is Working",The Motley Fool,https://news.google.com/rss/articles/CBMimAFBVV95cUxOb2dndEdZb1NBSHloVDVBRUZZWXhQaThHOGtmczZGdVBTSDQ5X21SWUJ4R3cxWnRrRFVsMzRBWlozWkY2UzNReFFhb2c1cHVjMHpybFVhSGtaZkh5djdCRkNscHUzU3JKbVM0NTdWcmNCcEtOci0xWVFBTU9DODR5d2pZb2VuNGczYWFfUjBKYWxPZTVGT0cxag?oc=5
PG,2026-01-28,3 Dividend Stocks to Hold for the Next 20 Years,The Motley Fool,https://news.google.com/rss/articles/CBMilAFBVV95cUxOV0lOVUh3WTZENFo4YUR2aEZOcjh1NmtvdWdfbmNvcHhWWjVVRm5ZSzNBazAxdFpvM1RCanpRam9IVmpyMmhTbDY2dUYzaHdFNlM0Sm10SjJmOW0wLWViak4yMlJhdHh5QXo5MkJ3bnJDdVJiS19zZENzeXFyQi1FYmVZOWVIdTROWm5yYlNRQlRUcmZM?oc=5
PG,2026-01-29,3 High-Yield Stocks to Buy Hand Over Fist in January,The Motley Fool,https://news.google.com/rss/articles/CBMilgFBVV95cUxORXljR2FsdGxLMGFreEctcU9XLXNKR0VEdk1VX19vRWk5cE40cDVvand1dlFpd2JXaHZBZnNieDRTSHZxdDJWbmw3TG9EWVF3aUp4eHNzTnZORTB2YjNoaGJjVVo5eHVkREFrV25mMlljc2M2WmpJSE9UVk5wbWxncF9BV1lKMDhWbHZRT1diTkRJV3MxeHc?oc=5
PG,2026-01-30,"The Ultimate Dividend Growth Stock to Buy With $1,000 Right Now",The Motley Fool,https://news.google.com/rss/articles/CBMijgFBVV95cUxNa1l1Y05iVTZVU1F6a3FXZFpoUktjOVdQU1R6Y3hWS21QSzhwTHJ0cXpfaUtrMUcyV0g1OFBNUXlhNmVxWXBVOXlTX2FsdUtyNFozX3NZdkhOQnRmWnh4RXJmWmd0bmt2YS1tNUlmX0tpUDZRX0ZIOExfZXVkSVctZ2NHdkNJM3RTaU5jeVZR?oc=5
PG,2026-01-30,P&G Hygiene Q3 FY26 profit rises 12% to ₹301 crore on operational efficiencies,CNBC TV18,https://news.google.com/rss/articles/CBMiswFBVV95cUxPU2RCTzRYaThLRXVCaXMwSnRmbHFpNGZDWWYycUJnZkIxOE5qVFYxY2ZtZndwaXR4ejE4STNMekk0THVYNDVqbGVtY1hQbm1jc1Z5X1oxZWVxOWtjVGI4aVR4a3hsZHZrd1FwanRpZFotaHBDM2xpN21WeF9ON3BhdGNQbFUzNDllN200ZWVnSVRLdW1fc2I5WlROTmxGektqMlhEelNtMGRCaGVMcnBrMzVIVdIBuAFBVV95cUxOZERLUUd2OVM1ZFlpTGljTFhhMDlsOEw5cFhtUWRQZWwyZG5nZXlSZHJzdGNOYnFleFVFTWMycFVqT0dQMEFES1VQZkdFdHNBSEJySkFGcnZOZTJEV3puQ05TbFMtX3lMSGs4SEpTVDZoZmJDT3hpMk1yLUpTSndnRDhxTFZnZDJWd1R2eVB1VVB5N0lFaE8tQVFUUjhMazRoLURqWURMYTM0emE2Qm9sczN4djFoamRJ?oc=5
PG,2026-02-01,"All It Takes Is $13,000 Invested in Each of These 2 Dividend Kings to Help Generate $1,000 in Passive Income in 2026",The Motley Fool,https://news.google.com/rss/articles/CBMikAFBVV95cUxQc0U0MDg3SjRUN01xckRIbno3X2hNaUsxQTBLVkpUTWJoN2JDX3ZkZWhfNGpmbDZFUzZzXzRlNXFPTEowTTNRRVg2Nl92TnFuZmFaR1NTZDdWUkY2OVdYZE1qQkZHNUpPZWJJY3NaUUJKYWJPSWxmSjNtUVdpdkwwUERUemVZU3pLMmVCQ05fNjQ?oc=5
PG,2026-02-02,Forget 2025: 2 High-Yield Materials Stocks to Power Your Passive Income in 2026,The Motley Fool,https://news.google.com/rss/articles/CBMijAFBVV95cUxPV2Q1ZU8zc3M2dzJ2bTBrRVlqR2sxNVBzbHBaa1pFVXdxRU5WSGJOT0lBX2FrV1FMR3RLYXl3bGk1N2xnSHNhNFBnWmI2bmhrR29IbEFKTVhZU202WVRsRndKVngybExDWm9FVnVmVDkzY1NTTUd6U1h2RkVvYU5OWmtmR0dOajZDZjVJXw?oc=5
PG,2026-02-03,"Gillette India Limited's (NSE:GILLETTE) market cap surged ₹23b last week, public companies who have a lot riding on the company were rewarded",Simply Wall Street,https://news.google.com/rss/articles/CBMi2gFBVV95cUxQMXNWcHVJZlBwODBQOXdjbUh3ak5tbmN4N3lRMGdWal80a0V4RTJDNlUwQmtWdGdlLVF4OTlSZV9adFFmTHRNRy1HSERSRXZUSGc1OVQ4cElhS2NHbFZwU2FGMEw2LU45ODhxd3BfWTBvOFNUYnBCRFREdnJZOENWdmJHYzVmbV9sQkplUjBhMXN1emc3WnNJcjBlTmtVV2V3cHlxSW1RRlFzY0xLc0ZQVS1oOTBKanFtSzV1M1ZjUzkydnA5NlRlOUJFZzZSU2J2ZWpJMkxzOG5vZ9IB3wFBVV95cUxQMGdnWDFjRC02Zm04bklRUGEwdVNfSnk5elZFOUxmTndPWWI2QzRxbWc3eTd3YkxxYnlid2lXcWxJVjdfYVd1YWYzYmxORTZobVJPbnJndlViSWRFVXlpaktEUTdYNmtGbE9WbjRTUE1ZRVppdjhER3Y0NWpoX3RJUFNCZHNtc3B5MTBzV3RFM0ZHc0JfUnlxVTRYblg5MG5sS2ZLZVpnSmx3ZmhDWjI2UVN6QmI1S2I0ZURhdmdKaVZyNFZQOElvN0wxV3dBVXNsRk5JZktwd3dBblB4YV8w?oc=5
PG,2026-02-04,"We scooped up P&G when it was hated. Now that it's rallying, we need to change our rating",CNBC,https://news.google.com/rss/articles/CBMivwFBVV95cUxQNml5eUVTZmhTel9ScklacmpHTlJhTkpTX1hXYjR4NURUSGsyZzl3SnFXQnJZTGpUcVRSUmZITklTSnVLZE9sNzR5QUN5UEgwYVhjQ1hzdGJ2REtoU01qeEk1ampmNllGVVU2V3ZFTm9WUkJWamlGY3RzRGNFMXhyQWlLaGlLanZRVWU3cDE1Ym9iQzNtdzJLbE9scHRmR3djOU5mMjFmc1VCVWVvR1lVQjdDUmNKYkhjOFdxaGU4SQ?oc=5
PG,2026-02-05,P&G launches major renovation to four-decade-old gardens outside headquarters - Cincinnati Business Courier,The Business Journals,https://news.google.com/rss/articles/CBMirwFBVV95cUxNOHZTNDYwa3kxOS1VVUNMQTVoWU9ieWFLeWV4WTdqckhOQW9hcmRWSF8xcno0M1NzekJWOUh2X2oyRzI3dlJxMG1ma2d5eWVrdkNiVGZ5dDVqNGhhdnZUWllacDZ0Z3ZBLXFwZThsRUd2WEVMMTZYV2VPWXF3N1ZjNGZnODJlNGNpSEdDc1pTTGg4bzNxSUJYTmlKdTdNZjlRLU9wdi1LR3Zza2JoWExN?oc=5
PG,2026-02-07,"Procter & Gamble (PG) Stock “Just Won’t Quit,” Says Jim Cramer",Yahoo Finance,https://news.google.com/rss/articles/CBMif0FVX3lxTE45dk1nRWNoS1pFMG9ZXy1IU3hzU2JtZ0t2T1E4MzA0OUJoZFVkS1pSRVFFYWctaEtMRnJ5MjBOVTNOekJfb2lxWjlld2VSMklNU0R6bEI5dVBHSHRNN1Foa1Y3bTFfVXZSNC1EbTVsVElwSk90OV8xUGFCX0VRVWM?oc=5
PG,2026-02-09,Can Pricing and Mix Sustain Procter & Gamble's Margin Strength?,Yahoo Finance,https://news.google.com/rss/articles/CBMiiAFBVV95cUxNQndWZFJhbk5UWnhROWdHTE9QcjZZZWNNVEVFOW5vQTBQeUpaYnkwZW9lUlJpYk1nUW53d2FydUxqNXUxNzRXX2gycWwyY0FaSk0tc19RQ3F6dHBWYW1wZ2pzOGlTX2VLdlVCQkZpMmlOWGpSWGQtTWJ4YkxqeVIzcEpKUDNtX2U4?oc=5
PG,2026-02-10,Procter & Gamble: A Dividend King That's Fairly Valued Amid Macro And Industry Pressures,Seeking Alpha,https://news.google.com/rss/articles/CBMivgFBVV95cUxQelp6MXV1VXRvY1I0ZXR0N0N0aW5QSHZSY1E0SjhCS2JzV2lPd0QyaXIzODlQMVViTU52TExKemtMaUt3TWFvS1Iwd0pueGdzRTdCdVlXemhHZFFTZ2JEUUlKR1JDa012R0FkbkFVSk50MHlNaE9reko0MXJ2RTE2SmNSTmtQVEhGX1JJVmFqUGRvd1VJcXkwMV9BaUNiQlpsTmFkcHBhNFpqRjJHeFlPcHhFRjdNUnQ5QlhaR1pn?oc=5
PG,2026-02-10,Procter & Gamble: Weak Fundamentals Could Result In Pain For Investors - (Downgrade) (PG),Seeking Alpha,https://news.google.com/rss/articles/CBMi1AFBVV95cUxOOTFLb2YtRTBpNXM2MFpFa1drVmdNMWdKaWN5bkFWNlZsbWFDbEhnZ2FTVVJ2d0JFZ2hoVUF6cU5RSW9YbHk4U0dWUjNiOGJ0aTJPU0k0WUVIUkZWczFFbTBmUE1ncUVOV1ZrQWtyTkRJSGtqSDJhTmkwaENnaXdPUTlMaHcwbG1uT0FaS3RTU3N1dE45eFpsMWxjYlg4S0lKa3F6eDBadnZ3RGJQVkw4TjNIVl9yNWFObnk4bFFNRlRDYk1WQTRWcWpJVEI0Uk9sM0R2Tw?oc=5
PG,2026-02-11,Step inside a giant dishwasher: Cascade’s touring ‘Clean Machine’ debut,Stock Titan,https://news.google.com/rss/articles/CBMivAFBVV95cUxPalU5MnFnZGR2T2dQamVlbk9UREZXcl95MWt2VUk3Zk5WZ2xPekZiZDR0dUMtR0hzdzJ2TmM3VFNXWHJoZHNBcm1sbXo5Nk1MRF9XeTdjdEV5QWFCQjNWbXVzNWs2YnJkbWQxSXMtLVFRajA2Q1ZjbEd2TGZ6dFFBSVU4Q3Zwb0Z4dEROel8tV0t5cUUycU5GNnJyaVlNSXpQSm5KblF6c09lSTdNRnl3SU9SVXA3UEt1UFFCOQ?oc=5
PG,2026-02-11,"I Pegged This Dividend King as My Top Value Stock to Buy for 2026, and It's Already Up 11% This Year. Here's Why This Passive Income Powerhouse Is Still a Buy Now.",The Motley Fool,https://news.google.com/rss/articles/CBMiiAFBVV95cUxOUURxc0VKR25tb2pBVmlLb2pDYU9HLTd5MllxX0ZlVVI4U0VsYUwtcVZiMEkzaC0wbTZZcU9oMzJhTmh6Q1pqYmpwdmpOWFczMFVTdzhDNlZ2YTJiS2ZqZk1La0lIQi1CQkV3cmZITms5bUFhYkREcmlCajRSSVhEdnFub0pkU1ll?oc=5
PG,2026-02-11,Procter & Gamble Health Dividend Of Rs 160: Last Day To Buy Shares To Qualify,NDTV Profit,https://news.google.com/rss/articles/CBMiugFBVV95cUxPbndJTDJtcC1wUnVPY1dYdms2cHNPNkwwTDVSM0JmSnZLRVE3ZGFFdUdNcGNkVFp3ZDBpbkJJalZ5SVFXUHhmaHNodUtRMk9iVk5XRnROZjI0YjVPU0plSkxYYjdERGk4SGlsQjVZWElCX3lkb2UxeE5DRklRVW1JN2ZXa2lvUzRQaWwwZG5jTmJQTjFFMGFnUmVFNFlwV0ZnVFpQOEZXNG90RHFZbGVtcXlBY0FiQTY1WVHSAcIBQVVfeXFMTlBrVUNwbllvR1VvV21leVhzMHZSZkRCNzJQU2FVUGxBTXZSYVIxYVEwOGIxTU9DNEctZ0ZQMW1kMXJxdk9ZM1J0Z2V1dnJYMHctbFlOQVI4X01feVpjOWJDZVlkUGNBQ0hhb19hUVVNZmo5VW1LcnYzWkZxOHpNZWxFanExZTQyMktmVWNjUnRqaFQ4WWtneG9lalVMRThLRWxTM2hfVFNTc1FHRWpTSTlqRm9WRUpvU2h6cFNBOUhEa3c?oc=5
PG,2026-02-12,"P&G Rallies Under New CEO but Lags Rivals, Faces Tariff Challenges",24/7 Wall St.,https://news.google.com/rss/articles/CBMirAFBVV95cUxQdi1ieWZDdnpndG04bnVaakFzZ0hqM1NVd0twMkpYazhkRHRfNll0Z1JYUTBCSHRydVhST1NRcHpFcXQ1MWVtTTB4YzNBTS16TGtMQVkyeDMwOTVmalpEcTJKN01iY3ZvdUwwY2M1WkMxbFozNDdrR1JoOE1QRHlHRW54ekxMcDVRSWRoVExNbHRjQTRMZ0NUZ3kyazNqTXpzd1dfbnVPVXlwM0N4?oc=5
PG,2026-02-12,Unpleasant Surprises Could Be In Store For Procter & Gamble Hygiene and Health Care Limited's (NSE:PGHH) Shares,Simply Wall Street,https://news.google.com/rss/articles/CBMi9AFBVV95cUxOTWl5ZFNyOE1MbFBYR0RVSmNnQkZzREpyb1FfMWRVRVkxOHhGT01fb3dxWmFzS0pMOTFkMnNzUjk3OUxiaFRrc016LU5JaHNFVjhVMUlKQ3ZTdk53Nk1hR0R0Ylhqb3RaSTBtdS1TQXdJbndRTnhJTk5tWThMNkM0SGxfTDFValBMRTJkeEl6VVNCZkhvcDlFZERYYWp3eVJaR2xscjhmTmhQRmplZnAwVmtIeF84aGp6aEZ3aEhwNm1MckU2SmJERWlOUl9pdWxoVktLT09QVkI3WFk2Vm1TeE9LMWZiNWc1SUpqM1FRQXVVOF9v0gH6AUFVX3lxTE9udW9aVElTVVpnblFuNmZrbDlTZl9CTWFiMlhIRFByd3kyYzNJTkV4UF9QS21hcUZBb250LVRqSUxHbWtXU0xuNVFwTGdmMUFGOVNxVUZGMUF2TjJaTWh1SGZhYml4V1ljVm5ZNXdVMU9sb3hINE5kQWNhOElhU2RqSjl6MWwzSjJZY0ZxdFJmdlZvbXExYzI1OV95UFNNYnJNVHR6WFNpQ25nX2htcDV6ZWNkeWhmQkhCSFFsZlBxa3NsanFwOHBYQzNhd2xXdWF3SUlqOEF1RzM0MndLMXpkb052V1AtMzJsVE54ZWRFR0hjT3dpNmNqMEE?oc=5
PG,2026-02-12,Colgate-Palmolive Dividend Scorecard: How Does the 2.6% Yield Stack Up?,24/7 Wall St.,https://news.google.com/rss/articles/CBMisgFBVV95cUxPS1JTS3g1N09NWE5Tb3h2VkRzbmxmWkN3SEk4LUVMTGpDbTJMcXpORk1wRS1xSF9GZG5WTVNHUmxQQXhZcUN2NzlZUEQyR3JQSjhCTkpLbWNNMFd3dURjZUJJNGEtM0JvRFdaX1NhUFhiQUw3TUx1UEpxV05QaWJ6R0liSXRxQU41cjB0MnhhbGhPc0ZrRVJsYVl1bW16VGF3b2hWVWFJV2VONkRFWUZrSUR3?oc=5
PG,2026-02-13,"Moeller, Procter & Gamble exec chairman, sells $28.1m in stock",Investing.com,https://news.google.com/rss/articles/CBMivwFBVV95cUxPdTZnVThmWVA5dmw3eHNtb2Jwbkw1STV2N3FONXFSUWIxbC1NRzRqeEVhSlA2b0pUVjA1ZkE3LTd0WEtfdDV0dGxpanpiOVE4bWdtZXB4dGRpejRyRDRiT201LXJaNE1yb2N3RmVMWGFpaVdyNE11QnlPRlZoRGhLOWZMQVJzUGctSWh3eHpTRmo0ZlFLd0FWM0w2TGNabTZ5MzRKclpKRE1KSmxnOE0wUUtaX3FGeEZsdC05azFQcw?oc=5
PG,2026-02-17,Can Digital Retail & E-Commerce Boost Procter & Gamble's Volume?,Yahoo Finance,https://news.google.com/rss/articles/CBMigwFBVV95cUxOVVZNSk1GY0ptbEpleWU3emxpMkVGVW4yVGdHSkhxYzQtdUwtZ1l2OWtsVllyMFJ4bDRQSWNrWDFoRDZmbHVpZ0hKWE11UWp1MVcwdUlWSlVKWHFSNkN5eFVYdEpOS0swajEwU1N4aTJ4WlF4S1ZMa3V5ckd2X05BSGJoRQ?oc=5
PG,2026-02-19,Could Buying Shiba Inu Today Set You Up for Life?,The Motley Fool,https://news.google.com/rss/articles/CBMilgFBVV95cUxOZS0wYm41clRWRkNPWHRrS3dZSmxQUXl5QWE0cjAzd3M4dVc5VHZlaGFoUmVsSjhxN2FCd3gzbFVGTlhPLUwxbmdvYVhiSHhhTkJGTkFnMFVoX1pVNXgzQmdwXzY2Z21GTzRlby1KUXpYYVJwRXVrOVhNMFU5dmJ1Q18zd3VwM3hFaGxxcEtlVC00djVfV0E?oc=5
PG,2026-02-19,P&G at CAGNY 2026: Strategic Growth Amid Challenges,Investing.com,https://news.google.com/rss/articles/CBMiqAFBVV95cUxQYmI4N0dwbjBuZWl1eXdJUUg1TXRxWFFEUm1vRWpselhNWjg0aVgzT1hxM1o5ZFR4b0c3YmVRbGVKcFBzeHZJYWU5Y0lhQm5ldVV1Y2F2QTQ3WnAtUzRGN09Ka2xpWnpOTmgxVThXZWZqUW96RjA2OGpxcmxpVzNpWm9yaWJoa0ZnbkRFcUREUmJpTGhaSmZHUWVCSm9aSndncndIcURDOE0?oc=5
PG,2026-02-19,Best Consumer Staples Stocks Built for Stability in 2026,MarketWise,https://news.google.com/rss/articles/CBMie0FVX3lxTE5LY2k4SDFaVU54a2VWOXdXQzBXWmJ3YmVEODBydmJrb1ZIZkZnZHhKVXNIRmQ2N1NJWnJfc0ZHbmJxYktvU2FUMXZaMTNiUHRXZ2JxUi05S0pvNHNkOVZZeFlZSHc1VGh0MjItVmlsa2dPak00VElVUEdpRQ?oc=5
PG,2026-02-20,3 Monster Stocks to Hold for the Next 20 Years,The Motley Fool,https://news.google.com/rss/articles/CBMikAFBVV95cUxQbHNCVWgtc0RHOExiVnFleG1ILU1hUWdEQnNmMmQ2YUtoQ3N3dl9BanRhSXpaTVlzcHlVb1RyX002WjlyQXEwb3NiX2VrUWwzazZ6VXRHQ0h4cklJT1dSeWVPTWxnTnBmQUVSOHZzYVF2d2QwZ3lYNEF6dDM4TThRNlN3R0EzeDVuZV9fNmlud3g?oc=5
PG,2026-02-24,10 Best Blue Chip Stocks,Forbes,https://news.google.com/rss/articles/CBMicEFVX3lxTE85UXowZ1ZKcGJ2eXlrSnVjYWFUc2tYZjQtUlVfbW5EU3dKMFB5UE9xVGx4SW5aXzI0SE9ieWRnUU9kZ3Y1TEQ0d0Zza2lnUGx5MXRnOU9RLUthUlpjMDF6NmRQUlJvWVBSRUxuZjc5b1c?oc=5
PG,2026-02-24,Procter & Gamble vs. Colgate: Which Consumer Stock Has More Upside?,TradingView,https://news.google.com/rss/articles/CBMiugFBVV95cUxOWE52YmdpREFiMnEtVHJlSzlscWhvaVJDdWJCZzZQSVpvQmE2VU4wQUZQLXJfRF9FUVhXYXYxVzhNWWNuWThJTDlmM1R0QzVIMHV1MFZCRWhtOVJTTEgyRmtCMG9xQno5Q2VvaWVwR2Jzd0h4MUdTT190TWV6UEx3WUdGR1BLVUxFQ0RPVEtpdkFrVS1HeWI1TXg0VUQzakVGdGszWGptOEE4V1RsT2JLNWR3SWN3a3YtZXc?oc=5
PG,2026-02-25,New Febreze scent offers $3.99 escape to a Mediterranean cove,Stock Titan,https://news.google.com/rss/articles/CBMivAFBVV95cUxPRDBqSXg3QzJtWDU4ODFoaWt6NHJwVEx3ZjZRbGVrSU1yQjlUZEE4Q29kbXZvYU9VSjVEUlU4ZkxqamkyNEJVcFlpRC1XcU5mREd1UEFXYnV4NHl2b2RJUWJ6X3NtV3dmVlVjakpYQ3o4WnI0ejJRemx4Q2hocVg3NVM3aGFNcWEzTV9YU3YtamtDUVhmTnhxZWpZcGx6MjQwREcwTGFzbmFraDZVQkFtSjhZTjlQeFItVDkzQw?oc=5
PG,2026-02-26,The Largest Dividend Payout in History Just Happened—And Nobody Noticed,24/7 Wall St.,https://news.google.com/rss/articles/CBMitgFBVV95cUxOejJwV3RZRFB2LUtlS0RlYnZWandLb09tTFZPNmo2ZDg4LTJJdl8xT09Kekd6bnFYOG9FdndiZEw0UGRpQUtNUUstZDFjTERnQ2ttUlU1bUtrV3JfMGJYUHFrbXpRMGVwNmZObElSTHNETTVFLTdia0FLLWFVbGdBTlkzZlp1U1dWWmZ1Y0ZqbVpiZnlVd1FSbTRvaGJDS2ZIVlQ1Ri1kbnBhR0EyZ3RwVGF2VmhhQQ?oc=5
PG,2026-02-26,P&G analysts give their takes on company’s outlook under new CEO Jejurikar,The Business Journals,https://news.google.com/rss/articles/CBMiqgFBVV95cUxOOTVZLTZxbHI2RlJRdGhWYzFhajgxUHdST1dEZ19PNDRIMVk0eFdpcUJqeHpicDhhYlNaTHVIR0xwaXlZWVZjclJGdnVzRDdValVNRFJwMHJDTTlwS3ZxOThBdm44UGNmS3JhLUNURkRBLUotR0ZpWmZkN05naHEtMFc0NXdHR0hRcGYyNDh1YlRhMDNHa1ZiT1VZamxIRHp2QWE0RmpVY0lYUQ?oc=5
PG,2026-02-28,Stock Market Research & Investor Analysis Tools - TIKR,TIKR.com,https://news.google.com/rss/articles/CBMiigFBVV95cUxQRFdlcUxXaUllQXZTTDZOR3FNTTdWbWNqUmc4YU9Zbm1jTVA5VUFkLU10MnJKUWRwSU5PVVByYThRdXpQWmtUNDk4R2RKR3puVTE4WUY2NmJqbHQxckNOXzJVZmhXMVBrWWl5LThNUE1DQnpKandOZkl1SVV0U2R3S2czLUxuQ2tJVGc?oc=5
PG,2026-03-01,Looking for Passive Income in 2026? 5 Dividend Kings to Buy Hand Over Fist.,The Motley Fool,https://news.google.com/rss/articles/CBMiiwFBVV95cUxQdzJxb0dpTWgtbVJLOVlHeU9yNzFjeVlkdTl4ZEx4Z19acmE1bHl1djFacVFGZy0wWWRpalVXWlptb0dXVzJVZDF4RG1OYW5PeHU0RXJZT1NsaDlxVEV2T1kwX2hQc292OGdBdmVlRHBLdzZDVmoyMmxxcHRBbFZiNWUyYi1nNXlTU1NZ?oc=5
PG,2026-03-02,Q4 Earnings Highlights: Procter & Gamble (NYSE:PG) Vs The Rest Of The Household Products Stocks,Yahoo Finance,https://news.google.com/rss/articles/CBMiiwFBVV95cUxQVVR3bE5PbXdDcjBQYjRMa2t5aUl6Si1TRWl2UGNTbGdWcjFGRHBrTjM0RlRDbmVucm9DY1EyWmgxMGhZQ2xzQ2FjWldGSUd2TVZqQ2JIcVo2enN3VEdRRzVLNkZabDAzNk5tZGJ5d3IzY3hISlBROTZ2NnV3b1NuSG5CYjBHeFM2ejBn?oc=5
PG,2026-03-02,Procter & Gamble Executive Sells Shares,TradingView,https://news.google.com/rss/articles/CBMioAFBVV95cUxNbW52VlozanF4aFUwdU5EVU9YNGRJdUVSazZrZ1k0N2JjWnkxQlNpeWJzWVBvbnZwZWpqOEszNVY3UEJXUWVoSE5KcHJJcTRSU1dXYy1xNGVnSHRZMzR1b293RkdvQ1VvbEFZRGFxQkkxa3NNZHBPR3ByYU5rZThwSGszckZzN3luWHVuaFp2dGJaWVZLcEs5MmMxTXBPT0xJ?oc=5
PG,2026-03-02,189-year-old Dividend King unveils $10 billion payout plan,Yahoo Finance,https://news.google.com/rss/articles/CBMigAFBVV95cUxNbGt4ME5ZTlRpa2ZzZlBjOFhjOXNEaC05V0lBN0Z5R3hvTnFfcWpnMFYxa2xPT29BNlk5WjFQR3lvMkdNcjZXNWJ2Sl9GVDRNaFFtRW1qSmdQZ0xFbWkxTHljcDhwZ2dYbnR4NFZISy1OQ05wOUtaelNzdFlEdFFFeg?oc=5
PG,2026-03-02,Why Pick P&G Over Estée Lauder Stock?,Forbes,https://news.google.com/rss/articles/CBMimgFBVV95cUxPdDhfWUs4ODcxM25zSFZNWld4NlVfcE9HUTBNOHJIa1ZMbGZOWVRuTE1ySk5EeVhhUnF2YTBwYXBTOXAxZld5bmdfdFQtQ0VGSDZ6ZXRQZGRLeVk1X3I2Yk5UbjJYcGhET0xHVTd1aWMyNHlDTVZ3THRyV0gzUkdMZHZwM3FuRXB0WXQxX1pVZEV5UDdhTTVnOGZ3?oc=5
PG,2026-03-03,How to Play Defense in a Volatile Market as Oil Prices Rise and Stocks Slide,Barron's,https://news.google.com/rss/articles/CBMilwFBVV95cUxQZ2N6cEgxY0htaEJiNTVTM0pYOWJjenFySy1QMTRPV2h2N2NwX29nOWE2NWtoMGRWTlVXRE1wTVNodlF4SVdHUTFhQXg4RHh0Z3lqMVBoZlNwTkREMFVqOE9wb0ZOUE5jQmwtUjhwVDdYQ2t4b3pjTUJlZ1BzMnhfLTcwdGlhQmlZaExfVlp4cEdjVm03WFBr?oc=5
PG,2026-03-03,Most Retirees Overlook These Dow Dividend Stocks — They Pay More Than You’d Expect,24/7 Wall St.,https://news.google.com/rss/articles/CBMiwAFBVV95cUxOLVMxTksyTHF0SzBqU3BzSWJMdnd3MEVDYWhrU0xxZTBnck1OVWp3c3AtZV9qSkNQamR2QUZyMDBSblAydHpRNFN2OUw0cWJIOUVrZk9RS2c4bkVRekpOQWNtc3hqQ0dlaVR2Tm9jNzBSOC1Fdml1SnBKR0FDdXI0M0NNNExDSG9wbE1sc0Iyblp3blhFX2N0d2JrMm40b2RpOG95RGF6SFh2SE12c05FWDlQMVFyTnhmMDM4ZTRHTnQ?oc=5
PG,2026-03-03,Procter & Gamble stock price forecast: Short-term weakness as PG slides 3.11% below key averages,Traders Union,https://news.google.com/rss/articles/CBMinAFBVV95cUxPTVFXYnpWazRYRXVNUDRCTXROWTVqN3hwRE5tRDdHX3NWckc3aHoyWUdnZHRTaG1WbDZuekUyQmNLcE1wYjVLXzJ2dWM5c3NJY1Zpeml2dHhHQVJxLWdxNDY5SzRUVzQwLUtNeVcyczg5bWdGOHNzZEItNXR0anRUN1VKb3hKczBYTXFtX0g4UkFuYlkzWnhWZDU1OW4?oc=5
PG,2026-03-03,The World Cup is 100 days away - these stocks could be in play (XRT:NYSEARCA),Seeking Alpha,https://news.google.com/rss/articles/CBMinwFBVV95cUxOcmxtSnFqV2x4bGs0aUpoOEJQekViZFA0RjlLYWtmRWJVMy1EalI4emFSa2FYd2E1aWlTOUV6bjVSRHZMS19nNGpLRzlSS1djOGdMMTNUNkpnWjVjOVBhcm9Jb01hVTljcjZrSWpWOHF1Vk5IZXNsRlY4ajNIZHdwcU10eTZGc3l5aVZoeFM5UUVNeUlLSXlHX3ZpaWR1TmM?oc=5
PG,2026-03-03,4 Boring But Beautiful Dividend Stocks Perfect for Income-Focused Portfolios,Yahoo Finance,https://news.google.com/rss/articles/CBMihwFBVV95cUxNYm14ZjlTeXpYN3dfVUpLNHBjQUdsV3NpYmpmejVsQllod2VIVy1td3J3UFdFSXZrNEdUNDNSYzh4SFUzMXMwSHFaMHZVcHAtUHJQTnpFWEUxU3VBNGd2d2RPM3hHN1N3eTZMUU1mX3hnZWJYbmZidloyc3Q5YXR6em1wLTdXdVk?oc=5
PG,2026-03-04,"Stock market today: From Swiggy, IRFC to RVNL— More than 700 stocks hit 52-week lows on BSE amid stock market crash",livemint.com,https://news.google.com/rss/articles/CBMikwJBVV95cUxPSHpZQUtBcFYwRkhWQ01ueFFCZXpxcVdSanRiYlZjWElwQ2RSNC1RYWVFWkM2YmFqemJMWkN4UHoyT1pvSnNGVjNDSnRHeG9sdTQ5QkJNZjB2WjNPUGJWbkh6cFNjRXVvb3dwWldwTlJjY09xUjgwWWE5SjltUlphWEtGTi1JaVlhVllPR1pzR3IwQ1N1bzQtZlRqYnpJelpyblh0SUh0eXZQeEpZamJLbDl4OGVfdTR0emdnQWVjQ05CMVgzQlpkYXktMjExVlQ3TVZJR2dxdE1aMEpLdldsUTJPaGNYRWVxWjZXT3h4VVNIbzFOZGs1bDdEQ2NaZmZyTkhkOE5LZVJ3aTRGZEVDcm55WdIBmAJBVV95cUxNeVZ0TDBKdTFUN1R4STVyRnF2eHAxSk1lQkRDZ3psTkNzWWtnd1N3VkFxa21nOVVISUotc1B6QkxTaVBiMG5lcWdMbjlFYmpPak9FVlc2aE9nbjlZRjYwbDlPdmw2SlVpQVNmeklXeG5aQ1k2LTRqQ3BMOFpwVFVZUkN6blBHeTYwY0FiQ1d4Y1NhSjNORzZ4Z2U3TE1hdXVmaGtYRXJPQ2VTYXhxbkJ0aG5QTkIwOTM0SDl5WTNycVFINVhpOVdjczBJS0ZxUkhPdm1aUUVvNDhuWldoLW1qeXBGSG1JaEs1QzR6YzI3QVI1czU5VE5tX0tUVGFac0dGN0puQzNCalFYYkFrNVRVOW5vRHR1QXVk?oc=5
PG,2026-03-05,Procter and Gamble stock price forecast: Holds near $158 while testing support zone,Traders Union,https://news.google.com/rss/articles/CBMinwFBVV95cUxOdzcxM3FDdU1meURzSjVTNDcxUE5jbU5tVm9GWlJQUVMxQ215T0hkaHd1WF9YUlpLVnBKdWxFMWQxLUVxOGlMczdFOU1CV0JZRzNrak1iVlI0eE92WTBHSVU0dkNoZkVaanBxeHAtdUlLQnJ2RHBhbjR6aC1XU1Vaa1ctbW9ybDhKWXo3RUlpanVyR3JtSWV0bUFfZ0NTT28?oc=5
PG,2026-03-05,"Pepsi, Coke, and 3 Other Stocks With Decent Dividend Yields to Buy Now",Barron's,https://news.google.com/rss/articles/CBMilAFBVV95cUxQRWMyZ184b0NlYUU0RGVmekdWZ0I2ejU0OVgwbHZFcng5Ym1rUGxDbDY2dUJKcEZwTkNOaGxnQWxFZWkzNU5KWkFpeFFrMEkyV3ZCZ0VLNTZ3eGZmRks0MVNtcmtCNGpMUVNEdGI5WV9GTmZGdFdpWHpvQkFteERleFdrYi14YWlQNnhnRjkyUVhCT3Vz?oc=5
PG,2026-03-05,Latest AI Model Reads 48 Years Of Warren Buffett Advice And Builds Stock Portfolio For Today's Market — Here Are Top 6 Stock Picks And Performance,Yahoo Finance,https://news.google.com/rss/articles/CBMiekFVX3lxTE5tWmxZTWx0aHlOakFrV0tJSjNuYjJfSzF4SEJvcTlUeXppVmxIRWpjWXJzRXlpTWJJaFRrdGlqbVRDNzU5bThqVDRoN1E3WmV4ckVRampteHNsam9TbDI5ODNGSjNNR1VIcEJ3WjhJdmtZTUpyTnNrVWhR?oc=5
PG,2026-03-05,These Dividend Kings Have Raised Their Dividends for 50+ Years,24/7 Wall St.,https://news.google.com/rss/articles/CBMiqAFBVV95cUxQbVBpdFlCQ18wazlSS3NsUDh5d25Xdkw2RkVCZEJNSHRpdV9ZVUhwZHU2a3luT2Z6VmlUVkdWRkVjQXIwdGlUOTI2bWY3Yzh5dkVoYkV5RUFCR2YwTjFtd0pOdThxRVRTOHJJekdXOVRhaDFZNUl1Q1BBV2VDeVA2bUNZZzRsd2x1Q0h2ZFVJbXdSYU9KcGpwTG1oeFl0NnB2MXFJZmtWVHA?oc=5
PG,2026-03-06,What Driving Procter and Gamble CDR (TSX:PG) Shares Move Recently In Markets?,kalkinemedia.com,https://news.google.com/rss/articles/CBMiuAFBVV95cUxNX0xybEFFQjFJVzJKb2dOYkNRNWhxNS1CeFdtUjJPZXpYZDE2WmhKdndhMmY5VUZOUVNzRzRZN1hHS21XQmpyNXMzbXJNZkVqZ1UtODRMVjFaZ3NEVERoSFowNE9LWGsxSm1fRVJKRDV4b09CbUhWRXNCdFd2RFRiY3VUVVdZOVlBTUYxOFNRbUFmN2tKUkxYVThtMXNfTE9fVmhPWkFPQXpHRzM2LXQwWGpyMXBDMFlN?oc=5
PG,2026-03-06,"Dividend Aristocrats in a Shaky Market: KO, PG, JNJ, and 2 Others Built to Last",24/7 Wall St.,https://news.google.com/rss/articles/CBMiuwFBVV95cUxNaVZoUHVOUVNvbFp1SXA4b2xNdXdEQXdaamFDd2JXUEI3WS1nUFQwU1ZDVWg3bjFldXZfUlRxLTluLWNTc01URkFJQUNjeDY4RUdZNzVPQVQ1SVFiX25UTmJ0bjRYdGhVazJHX2JMZTNCeEx3SmZURHc2bXFtMDh4cVktblJqU0hiclVucFJ5TjctOFFkbXpudTY1TjFfa3hLdkFOZlpnN2hGeGVjY2xVZHZmOHZhTTN2SUVV?oc=5
PG,2026-03-09,"The Zacks Analyst Blog The Procter & Gamble, American Express, The TJX Companies, Genie Energy and CompX",Zacks Investment Research,https://news.google.com/rss/articles/CBMi1wFBVV95cUxQOWhlYUJ3ZFB1d3BpQ2ZNeGg3eTc4TWxyYk05XzdkYmJ1YXFLVG9EalBHd1FCTDRPeWp5TVJKYUlyZXJyaG5XeW10QUlFb2FvSTJ6djc1OTlPTnNld1k5czdtTWs5VG5HSnRLc0dEUjVxSkZMZFU3RnIzSm44SUxJYVVmUm92VGhaQ01RR1RlQTJRV2p4Tjd0dGZ6bl9FVjNDa1diVElEY1hJNHJQR2tfRG5sMzFqZDhtTFctQnFuMzJWMm9Gb1V0cjV3UmFOUHFNVVRZejFQOA?oc=5
PG,2026-03-10,"Gillette investing $1 billion in new Boston headquarters, innovation center",Yahoo Finance,https://news.google.com/rss/articles/CBMihwFBVV95cUxPWHl0RUJoNW51dk01THBWVmRMM2VvVEs2bkVfT2E3T25qX0hEaHpWNVhoNkpGWFNuMENrVHdmcjZRbTVad0FnRjJBOXVMemNaOGQ5V2pDX083bG1BMWJuUmUxY1lKVmhjelRqcmJlU2I4ek1TcXY2a3N5TUdGNDk5Sy0wTHI5TkU?oc=5
PG,2026-03-10,How to Build a Retirement Paycheck That Grows Every Year,24/7 Wall St.,https://news.google.com/rss/articles/CBMiogFBVV95cUxPRmZQbTdXem5nNV9vVGtDQ0xPNndVRzhlaWVPemVIUVR5d05UMXRGTzVFb1NvUzBfeXBfRTJES0h0Skd4dVIxOE5oVzJDSGhyZnJzUGNJcHpjcTBtUnF5aGk3dXpxOVNjaGhYcXNydU1vZGhZTm1NQ1RKMWt1Tl9OdkxWTXZYTDVRODBmbTdXTVEwemVNOGFnMk02VjNuRnBBQnc?oc=5
PG,2026-03-11,"2 Unstoppable Dividend King Stocks to Buy Right Now for Less Than $1,000",The Motley Fool,https://news.google.com/rss/articles/CBMimAFBVV95cUxQdUpVcGtYdm5qUERwekV3REllMllTbm1fT01UN1hTZWs1b1oyOV8tQ1FadFBVQmFUdVNacThzWnN5YUlWZlQ4cGMtVTNib3B4azN2QVBlMlNjUWxpRjNZdUUyRXI4NkRUc01oRlhEVndiQUFyWFV0eGNJRzNJTHV3N0tBZzdZV2Z5YzVjS1Rwa2ltTGVqV1kxUw?oc=5
PG,2026-03-11,We're buying the recent drop in a recession-resistant stock that started the year hot,CNBC,https://news.google.com/rss/articles/CBMivgFBVV95cUxQZTFKeUdiSzlBeGxzY2NMZEV3WXZaOVl3a2d3NEpPU3RyUGpkSlpYVmt1Y0pYMHVYZXZJOTVQN19rczNTdS1pVHBNd2o4THpLZTQ4YW16VjM5Tk1qM01kdlJjdWJBaVRQUlVwNFMwdGw5TVUwck9rdFRqV2FzX0Q2NVFzNVNxQ0dadkU1NWw5d2hUTUxOX1hmbm9RUnByNTE0dFlIVFhianM2Nk5RWWk5OWJRbVZRSFNoZnNCYWJn?oc=5
PG,2026-03-12,1 Unpopular Stock That Should Get More Attention and 2 We Brush Off,stockstory.org,https://news.google.com/rss/articles/CBMiwwFBVV95cUxPcmJ6S2IxZm1Ec0ZrbEM3YmVsWjFJWUxkeXo5aF9hV2djQ2M1dVUtN2RudVZ0WEpmYkFBYlhxU3R5WlUxdGNXOVIwdEhqTk9Xb0pnQ0V1aU1IZ19pRzNya3VlR3owd2hlNlY4bVhndkVCTjM1Vjhkdmp6bWFOMGhmYmNCMTJ6S1Bqa1lJZE9hMWlxN25SWmxyMF9GOERuNEtaR0x6UXNIRDlPV1h0aWRLZFNpWjcxc09ja1VlZGlZOEJ3dEE?oc=5
PG,2026-03-14,The Procter & Gamble Company: Dividend Intact Amid Ongoing Restructuring (NYSE:PG),Seeking Alpha,https://news.google.com/rss/articles/CBMitAFBVV95cUxPZHZNb1NEenpoYkt3aUZ1SnFGbEIzWG90WlRycUVzNjB6NkY4eVRTVlROd0NQUVRReHVEa3pDVjAwMzh6bU9nTEhPMVR0WE56N1RxVkQ2dlZYTTRFYWlGaHMtZWhrbklzc3BrcDhTU1FSZjh2U2dXNzNDMG8yZmJTSDhQNDFDUlRhS01ySmhZTGJpNE9TTWJFcUFyUjNXNDhFZTlWRGZhTGtXa0xCR2JfbEJfWVk?oc=5
PG,2026-03-15,Is The Procter & Gamble Company (PG) A Good Stock To Buy Now?,Yahoo Finance,https://news.google.com/rss/articles/CBMiggFBVV95cUxOdzQyZXI1ZTBhMElFblJ1QU96UTRKbjBXd3JqX0IzTEcwSXZTRlFyN3VSZl9kV2pXU2FDaGh3LW5wdmZqOE5EaTd5UlA3UEdlTm1QYklhaUo1QU9IdElxY0R5NmN0MGdIRjVCMHV3YVhlS1JtR1pLVVNnRmctczd1MFlR?oc=5
PG,2026-03-17,"Obituary for Alan ""Al"" LeFevre",Lyndahl Funeral Home & Cremation Services,https://news.google.com/rss/articles/CBMiW0FVX3lxTFBic0Z1LUpKdjUzMVRnM1pHc3RYRGp2bklBeldNaEN5eFBucExGbWY3WkNxa1liVTdyVGQxVmJyUTJOTXBnWWw4ZW9yOTE0OWlYUmgyalpvY29ONkk?oc=5
PG,2026-03-18,7 Best Consumer Staples ETFs | Investing,U.S. News Money,https://news.google.com/rss/articles/CBMiekFVX3lxTFA4YU5OWUs0YTRLTzV5LUNMZWpHdm45TGMxNjR4WXlFVWxDZjliSlVRRzg2M1RnOWFVSlNGTmFrVFVRMGlOdll6MFFiTG5HWmNDNm1jYnF5a0ZpVXhlTEFibE9tUVl1V2NlNm1rUVlFbkZtRDFKMnpLMDFR?oc=5
PG,2026-03-18,Recession-Proof Stocks: Industries That Thrive During Recessions,The Motley Fool,https://news.google.com/rss/articles/CBMijwFBVV95cUxQU082WjFhbVlJLXpXeFk0WXRqYjhMaHU0R2ZpSUFJcGljNTNBZGd0WEFWZnB4aS1HZVhCVjRoUlZCbVNacmg4Z3o5b214czNud0owSWprN1Y4SHZfUTh3QnRMYlhOUWFQY09FQWphZGl2UW1vMUc4SUZMT1hQNGlVVHh6WVJicldrRTlHQXFMVQ?oc=5
PG,2026-03-18,-3.04% for Procter & Gamble stock as sellers dominate below resistance levels,Traders Union,https://news.google.com/rss/articles/CBMinAFBVV95cUxNVzA2NjFiOTNld1h1Ry1HR0pjOXVTdDVGbms4RUp6NEFfU2pkc0dJU3hlRXZaUWh4Q1Y2c29vS0tYQWZoN0hueGJoOEk5TG5rQklvQ2NQVzFEU3pyNWpFZEFZNkRpNEs1eDFEdXVtdkYyM2VtWGhJYmZmUWdnVkNKZjY3S0ZmUUlaUjBEWFQ4RGhsd20wcl85UkhrTEg?oc=5
PG,2026-03-19,3 Best Dividend Growth Stocks to Buy in March,Yahoo Finance,https://news.google.com/rss/articles/CBMimgFBVV95cUxNV05SM2s4M3U5Rld6R1ktbHoxUUZtTXZuSl80MGVDMkp6VWluR1RKZktIbGtPemlNSFJtS1FpRzN1bU44YlZmZmNTbUs4X2w4Ql8wTXRlU2dJaUFCSDIxVnI5dVRQWFlJbkozejdwZTV2UEhZTEhJOGxscXRpZFJYc3dkZ1J1WnV0NmZDRFNjT0IzZzE3Z1BDbUFB?oc=5
PG,2026-03-19,"Top Research Reports for Procter & Gamble, UnitedHealth & Wells Fargo",Yahoo Finance,https://news.google.com/rss/articles/CBMiogFBVV95cUxQSVZTMjJyU0tuVEozTFJ3TGhtV3lDQTlzX0kxRGxVZ2dscWlpazFhdFZGcHcyemY0bEZzdjRRM25MOTFhR3VWZWpmcVRSS240dzA2VXJiU2RtSmdwOWY1cFl3SjdJSlpzN2ZRNWpBOUN5MExrUnJtREtjS1ltbjMzY0JwcENxZk9yVjdBUmZXN3RwOEFTdXhPSDFlLUxrWHBibXc?oc=5
PG,2026-03-20,Procter & Gamble Hygiene and Health Care - ​6 high-priced stocks fall up to 40% in FY26; here’s FII and MF exposure,The Economic Times,https://news.google.com/rss/articles/CBMimAJBVV95cUxQQllpb3g3cTd6TTllU3A3LUkxZnB1bC13VHEza2hVSktuZmo2TnVaTnM2RUNtR2Y4ZFY1ckkwc240OFBBb3Y0N1l3VW1KWFNkWTJ3QzNLLWltUEZOX1JvMXJCZkM5YnlWYUluM3hsaXViR3JncVJHcTVqYW5WM3AzMWJkTVV2dkczMEFpSld4QU9aa2hhZnNmWnFtempqc1U0MDBtQlB3ejRpSkgyZHJWZHUxZ0JULWV1OEhPSjhkZXE5dmU2d1diLV81bVZJWW5XMnpYZGtEU2gxZzViX2l5cGFNWDhKeVN5eXh2emZVRnRQdi1SN1dmSG5XdTl6b2JWWXhvOEJfNVlqMV8xTkt2UEN4SkFWdGdo?oc=5
PG,2026-03-22,2 Profitable Stocks Worth Investigating and 1 That Underwhelm,stockstory.org,https://news.google.com/rss/articles/CBMiuwFBVV95cUxQRGZPWTlDcmU4VXNFT2gtaUtnTDU1TWt5RW04elZidDM5MVRwT0R0dlZGNnkyY2hkSkdVaWR4Y3hiS1N6N2VSTmRWUExUbXYwTHMtRXkyd1RjZmx4TFRlbDF6bXA1cTdoQlM5U0lIbVRuNnF5dDljTlljaTlHcl9kNmdwTGUwN0R4T0diS0VCVzdidlNIOFJyaWlSSTNJQnJSVXVYWUNpZUc5VTdpXzhvN1J3cFF5LWw4NjBJ?oc=5
PG,2026-03-25,Procter & Gamble Stock Slides -5.9% With A 6-Day Losing Spree,Trefis,https://news.google.com/rss/articles/CBMitwFBVV95cUxNSmxjSkh0NVpBQ25KN2RWYjBlQkFDaVVsdmJPVnhEcW05NjRaRXlNOFIzczFpTmhLSUdGcnVPVDJCU2xSdjFveFVROFlTYWF6dXR2T0hYNmtEMFRzUXBzU2pQLTBBeU5jWk9NUjBwR3NUWWg5TmxYbXZxYW5ObG1iMDJsVWc1ZHVYOG94SzQ4LXhrYmVCMG05a1J0YjFhNXR0Mnk1TllFZU1kTkt4N19vTFd0Z2M1b1E?oc=5
PG,2026-03-26,Procter and Gamble stock price forecast for 2040: Global expansion and steady earnings growth support $350 outlook,Traders Union,https://news.google.com/rss/articles/CBMiqwFBVV95cUxPeXdrVkl4NE5qeEZ6U2xOODNRNGZ0T0x2TndEVUZydVgxa0tveGRRcjFWaVBldFN0ZzROUmQ0NzFFRmV0NGpZVzdrdHRUTWRFTUUwRFR4bmp6LWV3dlllM0dYWVFtSmNfU0ZqTjRkcHJuaDNTVk9TSTRkMVlkaFhVX1hFbHhzTVY3bnlISDFIeFlucUdpTTNxX1dfSGpwR2lGTlBMT3FRel9ad1k?oc=5
PG,2026-03-26,Analyst calls P&G's latest quarter 'squeezably soft' as organic sales stall,The Business Journals,https://news.google.com/rss/articles/CBMikwFBVV95cUxPU2ZkcGwzUHVoOURKek83U2c2cWJhMzF3V09nNDBKTzBWc0l1bHdUOW4zSXBQdmkwZmRIQ2x4cTQxNVJQMGxNSlVTRURpNHhqRkh3SkVVa3c5UXdPaUtiX0VTRVNRNFZoLTdkcWZLZm5CNGkzdFlGNzVHQ0F5dzh3dUhaQUFhQzZMOGRIQkJQUkNwSnM?oc=5
PG,2026-03-26,Procter & Gamble Stock Capital Return Hits $99 Bil,Trefis,https://news.google.com/rss/articles/CBMiqgFBVV95cUxONVV2S3paSGVkV24yenpRMjVUTkhsdXZodXVZam1FMWZ6d3pRWW9fM0o3aS1SVmIyLW11S3FPYWNyaFBGQWlNczVpVEt2WGhGa2NkSTBMcm1acnRwRmgtRjVtb1U1VW1ZRW5CLVdFbXhGbmhQUXNHaWV3SEhYWUwwT0F3ZmtqakNQOVFHV1RESGpJZ2xObURVUlo0TTlOWmVXMjhHalQ2X0xaUQ?oc=5
PG,2026-03-27,"P&G Hygiene and Health Care Board Meeting Scheduled for May 28, 2026 to Review FY26 Results and Final Dividend",scanx.trade,https://news.google.com/rss/articles/CBMi-gFBVV95cUxQTUxmUmdYTmlScFVzTS1wSmRrOWc3R01qYWVCY0FYMWZwYTF6UlVqeHpjTHFVcUpuZVFHbDBBV0dHTlhDaER2emVpOG5SMm9kYXNSNVVtSkc1WDBJbG9XbE5MLWRRZjlKbXRBVlpXX1JqQzN5cW9fSDY5b0o1aEtUZFZuMWh6UDM1empWMzZfb1ZVV0ZLVW1ubGNQRzR1ZEJZalNERUZnUzVDWVVBZURFZUx3X3MyR2pXRFlSU1JZeFdIZ1hERnBsU3FCUTlrelNJN3Npd1BQQnhoX0NfUzczQkk1d0phR005V21ublVDV05mMS10V1l6SndR?oc=5
PG,2026-03-28,"Procter & Gamble, Johnson & Johnson Among 9 Companies To Announce Dividend Increases In The First Half Of April",Seeking Alpha,https://news.google.com/rss/articles/CBMixgFBVV95cUxOcjM1bUhQRHBibmlVSWUxUXhNdjVXUDJzRnlnZFo1b2QtRGpFRERJbTZ6bTVZZ3FSMkxYQmpYSXA1ckhfMkl5RWdWOFpkd294ZV9Zcl9xZnJrcDMzMDRZWU44SS1sOW9xQWVESFN3Y3ZlUk1yM0xJVm9jM1NFTll3MkVBMU5tdnRhOE4tTkljUUZRS2dHRlRzOTFJTEVBVmFBWlJla2ZVcGx2ZnAxT2lfSnRrSGNQWjZ2SXp0OUVKLXoxNmI2WXc?oc=5
PG,2026-03-28,Analysts Constructive on The Procter & Gamble (PG) Amid Sluggish Consumer Sentiment,Yahoo Finance,https://news.google.com/rss/articles/CBMipwFBVV95cUxOaUF2ejEyUnh5YnRqbnp1eFRfMGd5RmFISjFkWi1iQVBIZ0hiRDdJYmVidldBVENvOHcxaUM4cHNEanlZRFg5N0oxNXhFY2lZQ0Q2c3Ezckx2Q3EtYTE0MEo1QjJwUloyRDdXNTh4bEg5U3g2SE9OemJLbHhTRGJNWEtrMUE5WHJDV2ozdlVpUXJKV0YzdHVGVXhIU21vQy04UmhFLVdZaw?oc=5
PG,2026-03-30,Procter & Gamble (PG) Stock: Steady Dividend & Performance Analysis - News and Statistics,IndexBox,https://news.google.com/rss/articles/CBMikAFBVV95cUxNVk5wNzdKZzYyUTRfSVlGM2dnbTUxRWx5cllYdVdyejRyUjhOaTJNRkNKNDQyOGdhLU81eVBsQTVPT1l4OVZqZnZoeGFyV2loaTJERThncUJwMzB3Q2NTZW5OWFdvZjFhcTI5VVFodkxWM1otSlBncnp5aU1fUFlvZlFSdzlpTjJUaDY4TXFYRVA?oc=5
PG,2026-03-31,Wall Street Downgrades Procter & Gamble Amid Iran War Cost Pressures and More,24/7 Wall St.,https://news.google.com/rss/articles/CBMiuwFBVV95cUxPV0JKdFlZUGFXVGIxUUozQVI5bjJLWFZ3Z0VWelNoMFp3Z3dpQ0hCRVpFMTVRRlEwS2htSlg1cXNCMTlLdnVScEI1TnEwekdXcXRsTExCdlhJa29FYTdRTERmR0t6eDhaLWpiRkJST2w0QmlpREFBUFlQZEZjOTN1eWZBeTN5cHoyMnRBTWo5LVEwMUpCZ2tVbEdLQmZwelFjVFJMS0c0bVI5WXdQc1FOdGhZc1duaUJwRlpV?oc=5
PG,2026-04-01,What to Expect From Procter & Gamble's Next Quarterly Earnings Report,Barchart.com,https://news.google.com/rss/articles/CBMisAFBVV95cUxNX3RRWjU4V3VjZzFrdk1NdDBWV2tuTlFUSDRRQVdpdzAwQzROQ3VsTnZFY0V4OWxEQllteVp5a0RpN3JKbnhheXdyTlRGTVFEWndESGQ2eGdZWmpiWDE4ZS1QajQ0SDZ3RWV2WXAwNm9RUTlJQkQzbnJ0eXFteGJPMnA4QW5zdS1SUk5sTFNDcGxQOXBWLUI5WERIZzZJT3pyMGt4dWtTc0pTbGloVnZ0NA?oc=5
PG,2026-04-02,What Does Procter & Gamble Own?,The Motley Fool,https://news.google.com/rss/articles/CBMijgFBVV95cUxPal81eGF6Q1JVS3pHSl8tTDR4cDMwSEVTa1J1WTVaR0xMNlZRSV9hZ3Z1OXNMZHdtS0x3N2staEhkdXZyTGM0dWZxQTg2bHNPeWdDWFV6bDhTbURkblJyUmxpMlVWQjdRa21kVThEajlFdzR5RHV5UTAwZzNuX0tnc3JLN0FRM19STFM0VTJR?oc=5
PG,2026-04-02,Is Procter & Gamble's Supply Chain 3.0 a Catalyst for Margin Growth?,Zacks Investment Research,https://news.google.com/rss/articles/CBMipwFBVV95cUxNZHFwYVBWOXR5Wnd5SXpaTHc1dXFoMy1EQWlJZXUwNnVYUEFWT183TEZLRk5WRFNESHA3Vkxfb1hxR2U5cWRVWUhtMGV1NzFFOXc2X21LaUY0ZDl4T0l3UXlVd0tfQkNHcUl4N0JGN2VtbU40ckFtTGtOOEF6ekNqMC12VzV2ZDNwRFZwRFNsVndqdEVZR3NfQmtMeTNtUEZiWF83akgtTQ?oc=5
PG,2026-04-03,7 Dividend Increases Expected In April 2026,Seeking Alpha,https://news.google.com/rss/articles/CBMijAFBVV95cUxQN2RjWElmSmkxaHRKSXFtQVlOVHJiTlVBSHl3VFZrNFpkdUFlbkQydks4SkM5T2hta3NQU1lQWWJha0k0cGRvVkNyb0FlZVBsUnloRWQzcUZ1bUU1b2dMTFN1dmk3dDMxcHVDQTh4dmk1TVRFR3BXa2RNbUV0MVYyaTFudnVka3Y5cGpMSw?oc=5
PG,2026-04-07,The strategy P&G calls its 'lifeblood' and why it's key to the stock's turnaround,CNBC,https://news.google.com/rss/articles/CBMingFBVV95cUxNSGpza3dMNWRyaEdoZ09Pd0hYOWRqZmN3bmZuREdrRzNKSE9mNTBmUHhoa2Q5aFdFemluN3RkUWV2XzY0NW0yRmVnUUFUQWE1RzV0aXNiY0dVV2kxZ2lwdUQwRW1GOTBGRDlwVVVHeDdnMVdfSlBkMmJUTlRYcEFUSVhvQnVOd05hOGVCOFprRjg4TnBZZVgtRWU0NGxhQQ?oc=5
PG,2026-04-07,Procter & Gamble (PG) Stock Sinks As Market Gains: Here's Why,Yahoo Finance,https://news.google.com/rss/articles/CBMimgFBVV95cUxNcHJ5UWYyV2tjUGtvYnJTaVFuUGJzTEs1NmZCRFZUSS1BSFFiQ1N2X0wwd2tsMDYyS3NPYnd5NFllYklsYjBoeUZPWHFOSTF5UU84cEZRTmJZODNMOE9QeGZEY2NMTDBIVmJvVnZxU2pfUXR6OVlBenUxVThCUFExaFpuUUdpSm9MeGVITktCQmI2QWNieW5raGRn?oc=5
PG,2026-04-07,Is Trending Stock Procter & Gamble Company (The) (PG) a Buy Now?,Yahoo Finance,https://news.google.com/rss/articles/CBMipAFBVV95cUxNVF9sUTN3NHo2MzhDTjFQWW1tVjQ1MUVzYkJjVUM0YlhQVWNYX29OZGdJOXpRQXNWMUVaSWYxZEVPSmxXbnlUWlpmWTZOZHVFeFZ2a2JqOGlucm9KSU5Md3hRa1RQYm9VSEl0a1F0NzFzOS1MTjdPbmFmQ04xcGFyYWdCNjRHcEJSZDNEYVhrSEJwX2d6OUY3SzV6TDZPM1c2WVpuSg?oc=5
PG,2026-04-08,"Top Stock Reports for Procter & Gamble, Toyota & UnitedHealth",Yahoo Finance,https://news.google.com/rss/articles/CBMingFBVV95cUxNbkdCSTM2dXh4RHUyVnRQa2ZMejlhRUVSWm1EYXcxR3ZLandaWDI2TVNQLV84ZVNNSjJJZkswNUZmdDdkSTlHRXF5UFV0d21tSVo5M0dCMnVVS204clc1NTNaWjNxU096cW45UHFaN2dVTDdyNGdEOTFBY21fWWh4Z0pfeTJNMm4wTHRhUXU5d0otUkM5S0xhQkxYR3ZIUQ?oc=5
PG,2026-04-08,Piper Sandler cuts Procter & Gamble stock price target on cost concerns,Investing.com,https://news.google.com/rss/articles/CBMiygFBVV95cUxQdGZ2ZUhlb0hSVHNYVFhYZ2xiWlBhTURIWmktanpfbGVvbzNLQU1kZGxrUnB6dUllTVE0VU9wTVp6bnFmc1BzWmZ4N3RiekhsWHRab0NSVmV1c1huT3dQWGJZSUVoSXY1MmZlZFZwZzRhZG12ejZPQmhxWThlNldXZUZwX2o5ZGU4QXVlMUlKNTh2QXh2Qy1ZUnBPa19YbURNMS1OcXZVSTZQYi1SMTB6TmcwYkdkUkR5Y05ZbGlFX2xIdjZQaU9meUVn?oc=5
PG,2026-04-08,Why Procter & Gamble (PG) Outpaced the Stock Market Today,Yahoo Finance,https://news.google.com/rss/articles/CBMimwFBVV95cUxQM3ZiNTVTaFBWV0loSFRBdTh6SFM1VEhtYndHdGIzY1B2VlhBeXV1UUtZU2ZxRnMyOFhJeEtCQi1mYm5MX3NOcW04d3NJRzZQMHN3Q1FhM3picnBVUXBvM0lBWDZBeU1sOXYzZFE4X1FpZHpUM1RUN2hnVUt6OG8wSkFweWFtYkgzNDZrLWJmVjFENjREN3JaSDJKOA?oc=5
PG,2026-04-09,Procter & Gamble stock gains as Moody's positive outlook meets solid FY26 results,AD HOC NEWS,https://news.google.com/rss/articles/CBMizgFBVV95cUxPWHJlcjcxVWFVdGd2Q0hxQ25oNjV4NkF4V2FDaXk4dUQ5Z2I3YUNrenlieTFQV3lFQk9CX2Zhc0Y5ajNyOThEZjNTNmlieGkxZGYyREpYV1F2LXk3NnpDU3A4UFpjVWpDTDM0aDhGN1R2YjNIUjVSdG9ueFNXZERUTTRkZXhOcWllUHdfVWZ2TlpjNXJWTEdhV3hhWk9wb3c4ZTgxTDlDREF6aHlkUFdhUzN0alVsUVM2TWhndGlId05UMm9xY1VSZU9ZRUJIUQ?oc=5
PG,2026-04-09,"The Zacks Analyst Blog Highlights Procter & Gamble, Toyota Motor, UnitedHealth, Community Bancorp and Bank of the James Financial",Yahoo Finance,https://news.google.com/rss/articles/CBMipAFBVV95cUxOdjVmSm5mMDdQSHE4ZWU1UjB2Tm5WcDFnRUJ3S3hKbmVtelpURU5jQ25VTzRMQXpYSWtiUm9nQnFvRG5JdUhqcTdtRFpwb1NNd1F1Vld4Q0s0d3Vad21EWDVhWW4xbzdpTjBzZWlWNkZHcW5KTkZxOG00RjBqdVNva21VX01RN0trNDBWQTNkSmhqYXdvWnRpMVBKZ1c3ekkxXzRHMg?oc=5
PG,2026-04-10,PG Expands Professional Cleaning Portfolio With Mr. Clean PRO Launch,Zacks Investment Research,https://news.google.com/rss/articles/CBMirAFBVV95cUxORHpNZDNtRW5wV3MtLWY1dW5aREl2SVl6M1JvcF9BWnVBYVBTbkllLWY3dUZfVEhwMmhWNnVhMG44Mlp1ZUtDaHE3RktQZGFLRFBDTFBmeURJYWtfNlhFOVpBelU5cm96YWs1MC1qU2VDelF3M3JvTm8yT01oZmpiaVBvOFlRb1dycWpESzN6WDlxeTRNcDNhTng0TnVTcTVjdmlDZTNweHk0R1BF?oc=5
PG,2026-04-10,Procter & Gamble's Premium Valuation: Buy Now or Stay on Sidelines?,TradingView,https://news.google.com/rss/articles/CBMiuwFBVV95cUxQLUVmbkF2N1RZN1NEWW15QktlUFBHUkZoUV9kZi0xNXplYXh4Wmd6aVNSOHROV01pRElMQzRvRGNTck1od004TGtiZlc4Vi1WbVJlOW56UG1DaXVvRmRFbC14TTdEZnplRS1jX1pQbGtFTWpJdUVvWlB0LWM2VlBnbjBJU1E3UXlGZVM5R21yUFNkSldsa2RyVENrQ3Q4enlRTGRxR1lnV1lTVWcwVWx6VGR1bFYxdW5uTUxz?oc=5
PG,2026-04-11,Why Procter & Gamble Stock Looks Undervalued in 2026,TIKR.com,https://news.google.com/rss/articles/CBMiggFBVV95cUxOVms2QjIwUUEwYkQxSF9PMUFhVkE2ZUExdXRhVVpqaHRacXR6T3RPMHhEYWQ5RFBjMkt2X3ZJZ1lpd3VUbExLY1l4WDlQOWhLMnZCenpOZlRpa19sZlZ3NWtCSGhXbldNT0JMZ2ZOMGJiclN2TGlhUHFZSmczempLMXJR?oc=5
PG,2026-04-12,"The ""Great Rotation"" Out of Artificial Intelligence (AI) Stocks Has Arrived. Here's What Smart Money Is Buying Instead.",The Motley Fool,https://news.google.com/rss/articles/CBMilwFBVV95cUxOLUx6d0djVkkweFFHUGNjYkRsemlMLXVUTEk1Mm50SnprSnpDMXNqbUdKUzRJbER1WW1Oa2N6ck8walA1dGZSRGJ1UTNVdnZudjJ0WkE1NGdTY3JsVWhEbHZsUlBDNjV6ckkzTnNBd0pjY2hEUFpwcHpFNWdDYXB2aGtBQmpNRmR6enZjN0RiNWY5X0FZaE1R?oc=5
PG,2026-04-14,Procter & Gamble (PG) Valuation Check As A 70th Straight Dividend Increase Extends Its Income Track Record,Yahoo Finance,https://news.google.com/rss/articles/CBMinwFBVV95cUxQeGYwQ2VFWEVnM0RDZTJ4RUFuQTlIaENIaGN5YWhEVGl3UjN1M3hiWGF0QXIteTJMa3c0UWg2TmJPWkhZLXJ1OEQ4T2lZZFVhZTJXdzB4R3NtQXlobnNtdGV1MEJGQWpjQ3FsNmotM1BzbnZoSzFTRXVkT1VGV2F5Y01lbmQ4VGtWanFGRDJMRnRTak83UzNEZ2J1Qzc2azQ?oc=5
PG,2026-04-14,P&G Declares Dividend Increase for April 2026,Business Wire,https://news.google.com/rss/articles/CBMiowFBVV95cUxQZ1dxRHhZa1NRb1c2VzAybVZSRkhkOTBacnQ0UG1JcV9wNG5TSW5nSEpSY1lKMW0yMHVVbFJ4cVllNVp2SlFKMlQ3a0htRnBLSFNidzBScnNRSUhXb2pfTTBSRlJsbEZrZW1UeVJ3eS1WUFFvMXVtNlRvWXRyMG55Tk1XYzZ6QVBSTklpbWFrdVp2N0g0MG9MQ0ItZXFNR2pweWxF?oc=5
PG,2026-04-14,Procter & Gamble's Beauty Strength vs. Baby Care Weakness: What's Next?,Yahoo Finance,https://news.google.com/rss/articles/CBMioAFBVV95cUxOa3ZJd1VIY3dVcFkyX1BtN2NMT3lNNDNVUXVRcjRZbjdFUnlTZXJOWkUzaXhSa3hZMkhTSEY1M3lQcDc0bW1qUzlEdV9OS2NaTEQtSjV6UWRocGRVc1pzUGE4RmlodEJTdS0yVXk1TzdWbWMzbWVCWFJ6NEhLOUlBaFJ3NDJzUkNDYk82QmpPbklRbV9kdURITWkyeWIzSlZq?oc=5
PG,2026-04-15,P&G Raised Its Dividend for the 70th Year in a Row. The Stock Is Still in a Tough Spot.,Barron's,https://news.google.com/rss/articles/CBMilgFBVV95cUxNRGM5R05QOTUtcVQxeHdWTDNKNkM0SGJRblZyd1E3XzE5UnA4VzByXzh4RHY1Tm1YYzdQTUo5NFU3ZzJBMDEyU29pdUJSTFU3U0FZZEk0NnZocjFERktKZzRhQi1FaVNneUxTalpkN1dla3I5eFkyYVU2M19vcDRpV1hlaXkxYTRLZlpfYURNZjVrdjlMN2c?oc=5
PG,2026-04-15,Procter & Gamble Price Prediction: The Stock Eyes 10% Upside,24/7 Wall St.,https://news.google.com/rss/articles/CBMiogFBVV95cUxQMkQ3Z0RQXzdrY2d5VnhxT1k5MjlsR2VUUDdDaG9FVEVaZEV6aW8yNzY2aVJydEs3Yl9mTDRKSTl2cXF5UzVPRmdGdDd4ZWsyUm5HTUt6bERMYTNScWtLX20ta2lFZW1NdFNhYkNINW5fakk1RXZHNEgzWXFwOEVwaXlWUGVLbklXeUNMNVp2b0pySmU0Q3BMUTNGbUl1UkVWRXc?oc=5
PG,2026-04-15,Procter & Gamble: A Rare Opportunity To Buy At A Discount (NYSE:PG),Seeking Alpha,https://news.google.com/rss/articles/CBMingFBVV95cUxNVnk3YVhKVnZqM3pGUFNCeXdkU1pMc05raGpReHVueGIwUHdPMVBONDVEUGVLT3MwQUt3ODZnQTVIQi1rT0k3VEdTdWYxMXJxd25JUzFaTmZRMFVpY2wtY2xINmhiakxyVXhzOTFtd1lmblExa2dOU1FCbjZDYmhpNU5TbkZYTVVJNDZpbXA5bi1CdUNRd2FIb1ZvakZuQQ?oc=5
PG,2026-04-15,Procter & Gamble vs. Colgate: Which Dividend Stock Rules Them All,24/7 Wall St.,https://news.google.com/rss/articles/CBMiqAFBVV95cUxObWZiUG9iVXVSSTRTalNBdHgwU1E5cl9TU2VOQ0stblVicXBxWG5aY2FaQkF3U1QtWHZhRGR4Wl9RSS1xU19hbnFtUkN3dlpvUFhLNDJHMlo2OFRxbi12TG5rTWFacnA3TzRiQTdQT2NsN2RHYnVabGk3bmVBREFMcXprZnc3Z2wyMWdLOVRoRU5FdEdXbHBvY3FXZTV1T19WRVJrX1JxUEc?oc=5
PG,2026-04-16,Procter & Gamble Warns On Low Priced Mini Tender Offer And Valuation,Yahoo Finance,https://news.google.com/rss/articles/CBMinAFBVV95cUxNNDMyX1dMeWU1MC05SEhHR0JZdldxQXpMNEZtUVUwb2thWDd5V0szNGFSSXk5OFNVYU9LUVg0UFp6WjRtVW0tc2xMUm5EUF9wZzJyVG5FRHZoS2taaTZ4RjFzNkhFSTZPVnlUUkxPNHk2SXdNWWJvNXB4Qm1pajJMQUJ1NnFqZjA3TjY0NUNqMk1yc0V1NDFkcTlNY1g?oc=5
PG,2026-04-16,Procter & Gamble: Earnings Next Week Can Spur A Rally (NYSE:PG),Seeking Alpha,https://news.google.com/rss/articles/CBMihgFBVV95cUxPODY0Q3ZTVnA4NjI1TGFMMTJMWi1tOGdnUDFCUW5KWlJBOEdoVk41SUZkQTVqa3ltUHdkQW5iaDNZMlJHQ0JESlBZZ2VGX0h4dDdWUUZLX1pYcklmY0VBUjMzQmFqTEl0a0h4LXZwRFJrbENXelZhdVBKU0RBMl85Wkw4NjBYUQ?oc=5
PG,2026-04-16,"Fund Update: 231,858 PROCTER & GAMBLE (PG) shares added to Capital Investment Advisors, LLC portfolio",Quiver Quantitative,https://news.google.com/rss/articles/CBMi3wFBVV95cUxNamxxQVk3dFdZSDNkX3A0Ylpic2Q1M0RiM3BXSHE4eWdyZC1pWkxadl8xWTdtQjlxeXNuX19ibU1hV2pHX2JGV2lSYUlCN2wwdW9fZWpDUmpiQklKUG9UalhjRU1tRTlMY3dLRVI1dGhfdVBDdnB0RmtBYXlqSzJEbklFWWEyVXFRekFSTWVVVnJCdzVVcHFSejl0T3M2TTh4c0pkX1hGWUZ0RnRIaHJjZG5OSF9weWVYb1ZSNnlNRUlLcVFSY3oyMFhER0Y1dkxyWHNHa3BFSEFUbXh2MGEw?oc=5
PG,2026-04-17,Procter & Gamble Pre-Q3 Earnings: Wise to Buy It Before the Release?,Yahoo Finance,https://news.google.com/rss/articles/CBMimwFBVV95cUxOemtkZ29kaEJ1RE9PT25EODk3bnZsYUt1ek0xUXJ5N19sSHRkTm1HM0p4YmYtaHVNNnluLTZBTm9LR3c0ejZpWjZNT3VHNXc5QjhoeklJUXdLcHpnTUxsVG5DR08xQzhNbDZ0bXdCakxNM19ZVG9QZDZ3dFprY1hqcFVnc3VTZlZFaDNxV0NiMUo4czg0My1vanBIbw?oc=5
PG,2026-04-17,Procter & Gamble (PG) Reports Next Week: Wall Street Expects Earnings Growth,Yahoo Finance,https://news.google.com/rss/articles/CBMimwFBVV95cUxPUHllRXExR3YwbFpYbndQLUtwQy1sXzd2czlkTXh5SXRBSFBtQWJoVkJEOW9ibHRfSGNISE9XMi1EWXJoeExFdWZtOTVBYVpUUjNOQ1dlbXpMV3hCbXVmeWNxMHlVNURfTGVRSmRYbXVodV80UWpPd2VZa0NJblN0cTNXZWhJeGI1enRYYmphRnRJT0FzbUdESW5kZw?oc=5
PG,2026-04-17,3 Magnificent Dividend Stocks the Sell-Off Has Put on Sale. Buy Them Now and Hold Forever.,The Motley Fool,https://news.google.com/rss/articles/CBMikgFBVV95cUxQUGFFc0FkTHJyeldSd0ZZNy1CSXRMNlF1UkpLZVZjSnJkdnNzZV9za2FaMlRKYUNRbTZYUmNhY3pyZ0l6NGg0LTdVOVBLSU4zWDUxS2d2VVdMZnJQVWFwb3JsTW93SWF2elFsNHMwdll4NWM4NEVlQWRlVV9mdWJ4S1cydlc4QVpJUkFEVVJEcEw0dw?oc=5
PG,2026-04-18,Meet the Dividend King That Just Raised Its Payout For the 70th Consecutive Year. Here's Why It's a No-Brainer Buy Before the End of April.,The Motley Fool,https://news.google.com/rss/articles/CBMiiAFBVV95cUxQeDQ0NlNROEF1bHpUN2R3MUk2d242WERmemo0RlRxaXBTajE1ZjByN0pWYnlERUxyRXMtS2RhWXA2VUJ0UWpkN05ubkhhZzFYX2VULTVqNXlTakNNLTJwcG5FMHRRZzhEYzBDVkxrQ0owSzA2VUZndF9ZMWt5akpTRHV5V2pSdHFX?oc=5
PG,2026-04-18,"Procter & Gamble: Management Said The Worst Is Over, But Q3 Earnings May Be Key (NYSE:PG)",Seeking Alpha,https://news.google.com/rss/articles/CBMitwFBVV95cUxQYVpBSTFWazBud0hSOVRvcTVCTWJMT09Wb09GUHdZTVdrdFMwNy1iWDBaWEJ6QUd5eFBOZG50YjNBQkRIdjhndHhsRzRkcUxiQmZIR3VfZjM5dXdNVDZfTHd6X25uZGUyV2VJbWlseFFCbmoxSUZ6NUlEZ2pySTliUzlGZllWOE9FQmhmWWp0cDhWRHRGVk1mcXhIOUo2WkRiR0RxdmNPZ1Z0c3hFVjgxSFBkMnNXa1k?oc=5
PG,2026-04-19,Jim Cramer on Procter & Gamble: “It’s as Cheap as I’ve Seen It in Years”,Yahoo Finance,https://news.google.com/rss/articles/CBMinAFBVV95cUxOLURxUlJHZm9SRmlHQjNHTDNPcklIQ25KQ21BQnduRjJfUzFFeVBTQUEyVVBlaFhkSXNRUUZiQW1YN0IxcGhsazkxT1BrakVFNjRRZkJJZVluQkNydjRfWXJjbkh4Nm52TGZfZUdkQmY0SGhJZGdFMFhPVkFIWDI3c3p4VE1vNE0tc0Vhb1dMUllMM1ZDbDhoSkNFQ3I?oc=5
PG,2026-04-19,"The Smartest Dividend Stocks to Buy With $2,000 Right Now",The Motley Fool,https://news.google.com/rss/articles/CBMimAFBVV95cUxNSncwR3FwSG0wRnhOQy1tNTdVRzBPcnRjZm9UTWpORWJ4N0FBRWt6OVlfUVBJNFdUTHZtTXN6UW9PcGpTM094OG1lVVd2d01HRzFDSnRWV0RxWU5lY2Yza2NLc0VJRFZhNkg3bFNCVDlRcEZTYTc5aE5oTW9zNzMwczY5UEl6NVFXbVNod0pzVzd3aG5hNVJ0OA?oc=5
PG,2026-04-20,RBC Capital maintains Outperform on Procter & Gamble stock,Investing.com,https://news.google.com/rss/articles/CBMiuAFBVV95cUxNM0hpbVdQby1JZDlOcW1lZUJMTk9QQ3c5MUQ0WDVrZmotODhXOUh0U1hRd0RNUUQ5WGNJZ0Q3bXp5bWt3VFZtcFdjcFFhUWJLbEhaNURxdmdobGRLZFkteWotbTN0S1pkTXZtdzhxZk1fX0NUcThqQmZZSGc1UTZmWU93Q05xWnlMTFpsblpSVUFiSllKODIyUHJPbzBZQUd4N3lYVW9LY3pmSEFTejdlNDl2QjBXN2lh?oc=5
PG,2026-04-20,Jefferies lowers Procter & Gamble stock price target on cost pressures,Investing.com,https://news.google.com/rss/articles/CBMiyAFBVV95cUxOUkMtelVmVEs3YzFNSlk1S1VKc3l4alhSWU5LWklsNmtGbHpGRzhwQUNfdVdvZm8xUFpNNHItdUs1QzBLYXlNZGJZRGRnMmhvakZfQlhZUnJpeldFdDdfTnhZak1keDJmX3J0MnF5aGlCSlFhODZnVHdqSFUyN0tVcVZsOHRBMERmMFNBSUZoQTNwWHMyWWpveUp2aE9SenVoNUw2WHBCTmliN2hOdmZaeVhzYXdoZjV1eld6c2ExRDZURWM0SzQwMg?oc=5
PG,2026-04-21,Procter & Gamble Co. stock outperforms competitors despite losses on the day,MarketWatch,https://news.google.com/rss/articles/CBMizgFBVV95cUxNemtpY01oLW5UTXhnNUppV09tZVBmRUxRcEdRaEtLWEo1cjNNYmVwMUFndlJYLVVZeFM1Sm42OV90bElpbUluSENUM05UWFRfV2VqR2pyajUwZnIxM2JJUDdRYTBPTVJZUjVrUTV5YWtudzRfeFdObUV4MHBzWVdLYzFwWUM4NlVGTGRXVk9sbEtRamotbWZNRmtwLWVPZDhLR1NURzVWendUdjg1VjlEUnJBWTFOeWZQNVFpdnFYR0RrWmdzNzVqamliWHdodw?oc=5
PG,2026-04-22,Is The Procter & Gamble Company (PG) Management Justified to Refute Mini-Tender Offer?,Yahoo Finance,https://news.google.com/rss/articles/CBMiowFBVV95cUxOeGdkdjFJdW5IQktIWWFZVDlmOGlPeS1XRTQ5S1p4RW9ZeS1MYlo1aGVIT0NlSl9NZTVqZ0ZnaU9sVWxwVVpMWkpweEcyaXZiNEN5enFsU2x0WlZOQmdYNmtaaEhNU0Q2dUNNMWRiN3pXcy1yM1ZnMDNUS0ZNUVNFTXhKYXN0NVJJMnVCaGtWOEUwM1VHTTNuU2VyTE91R1NveElN?oc=5
PG,2026-04-23,Procter & Gamble (PG) Q1 Earnings: What To Expect,Yahoo Finance,https://news.google.com/rss/articles/CBMimgFBVV95cUxOWlpfbnE2N0tiWkt5bFdQNnVEWkZqRW5GZnJsTF9NVjBrVDdCSFpzaTNnc3ZtaGg2MmdwUTNHOWhKQlBfUGtMRkdrSEl4QlI1WUJCN3A1V05jSnlfcHJNSEh1Znd2X01CQ3l1RDJ3MXBsNUJnSlU5dWVjcVlGaS1WWG5KMDNZVHdxZmdvY1BpVnRzNHVidkZFV1pR?oc=5
PG,2026-04-23,P&G earnings preview: sales seen rising despite rich valuation,TradingView,https://news.google.com/rss/articles/CBMiugFBVV95cUxQWVpxdXUyYUR5X2NJNlhjNWFNNHJxWk1lZ0ZjTFBIRWRFNGhJTE81VXpFRGhybU16N0EtWXVJbVdaNWZKWGpwSUtuV1VKZFQ3cHh0ZDhUMF93SzZhRFNERTJQTnFRRTlWS2VPbXhGOE1FZV9CVnBjU3dfQ19lVzVmRXduZS1tSVdNNGNBeVcyYlQ0VUJUNVYxRm42WHl2ckpSTHh4LXNTMG5EZmtVN3NRdS1TeU14WTJTVVE?oc=5
PG,2026-04-24,PG: Stay Updated on Market Movements and Stock Trends,GuruFocus,https://news.google.com/rss/articles/CBMilgFBVV95cUxNLWwydE44MmtuS3FUcWpueWs0S045X2hMOTlUaWJrM0xCaG5lLVpPaHZmQWdyYXVGV1Fjb18xcWtzZS0wWDRuYTZFSDF6c0RGUTdXcnlNTnE4c3ZVbWQ3am5xNWhfZjZzdXpYRTZEdWhzSDBLVW52M0NrM3BrM2JkaUphVXEzOUkza0JJUkVpZGhXLXZqSXc?oc=5
PG,2026-04-24,Procter & Gamble (PG) Q3 Earnings and Revenues Beat Estimates,Yahoo Finance,https://news.google.com/rss/articles/CBMimgFBVV95cUxNSHFtWW8xeXJ5cl95eXhNdmtiR1ZrVGhPdnBzWkh4QWFtbkZ1LXpSX1YtQnBYbDBBeWJhTFZVd3VFaU02aGJJSndQMHRGZUttMzNVeVdtc3NlR2gzV3prVE1VOWo2MkhLZWh0SkwyUG9reHFHRk10ZmdIdnhYdHM2aHhPTUJrdlRhTnU0dkRSUlphWmp2azROeWVR?oc=5
PG,2026-04-24,Procter & Gamble gains after solid earnings; lifts household peers (PG:NYSE),Seeking Alpha,https://news.google.com/rss/articles/CBMiowFBVV95cUxPa1hoVWo3eVBmLVpoU2tKTzlFOE0tLTFZWExOZFYyX2pnM2piWW1hU0hEbXIxRWFLazMxajEtYms3YUE0OTdlQnYxTktLU0N5RzE5UkhCbXQtTUlIdDYzLS1vWjA0UEZPZ3lSNkpoMThaYUk4VXNBamU0TjNwMlhDUWItdk9kYmpjeC1vaDM3UGxMNG52SmltSk45dnVYSmRoemh3?oc=5
PG,2026-04-24,P&G Tops Forecasts as Sales Growth Strengthens Across Portfolio,Yahoo Finance,https://news.google.com/rss/articles/CBMikwFBVV95cUxPVHBEOFAyNFhrMjN2eFdlalg1MnZocG1OcGNlR2U5SFlvWEVrZDR3TUFjdWVHc1ZNMV9zcDNlUnVvQUZ0RERVTzFuZFZIOWJyM3VxZDE5aVV0dWtoR01fSm5vWWNhUkh3aUw1Nkd0QjFyb1o1alNqamF5T1ZPUUJldElMZmwwVDVFWThad0I1LWp1WFU?oc=5
PG,2026-04-24,PROCTER & GAMBLE ($PG) Releases Q3 2026 Earnings,Quiver Quantitative,https://news.google.com/rss/articles/CBMikwFBVV95cUxPbXpJZ1RyZm00M0VTYnZEdmlRWnFidUJDNzczSUU3WlhyZ053ZF9TZDRubU1hT0M5X1VJbEp6Y0NBT1NSZWFuQ3ZYV1luT3BELVlNNnlna2lFcXY5eV9IUjh0eGFLaHd4Nm9QYXdzUWJOeGRTN3FVT3Rjb2FScGZpMWM3dXdGT1ZBWFhGZU5lSmRjRUk?oc=5
PG,2026-04-24,"P&G's solid quarter, confident outlook proves why the stock deserves a spot in our portfolio",CNBC,https://news.google.com/rss/articles/CBMiqwFBVV95cUxOdS1NMmdYX3p2MnJHdF9SN1hpZlFXNklrQmQtZjAzc3dhNHpVLW9yTEZMemtPQU5pSElBeEpCanpfakpuNFZobTJKMGxfU3VXRUluTUg2ZUZhYld4R05Sb1g3Si1GNDUwUVNHN1ZZRUpSejNpMEtzTmFOekl0MElkbENMUVRrYjNCekZ1M1VFMXZMNUZiZk0tWGo3aEtqVFNDVWtzUmM4bzU5cWc?oc=5
PG,2026-04-24,Procter & Gamble Stock Rises on Earnings. It’s Shaking Off ‘Short-Term Pressure.’,Barron's,https://news.google.com/rss/articles/CBMigwFBVV95cUxNVnJCWURHUWdXN2owVVNzU0VtNUNleGFTMmtsY0RmTnJoRWhJaU54T0VSUEFrYzJ5OWlNazBmdU9UNDVZa0JDN2lWS2dZSmlpX0lIZHJULWo5Rm5iM1dYMXlweXJVSXFTTWVIVW95Q3hJUnJOcjN0ZEhpTlNxMVNsNHlkVQ?oc=5
PG,2026-04-24,P&G Sends $150 Million Warning: 8 Key Items Shaping the Stock Market Friday,TheStreet Pro,https://news.google.com/rss/articles/CBMirgFBVV95cUxNd1lKbGtHZGdmV0ZuWkZBUE1QbGpWTWcyOG9SNkQ3WjlTSWtmLXZ4dWprZV9vQktSQ2tDbmVxOGJtM0pZTnN2RGdGeHI2bWw1Y05aNnFDVm9ka1UwdDR3U2Z1ZU5pTkZ2UHZlOTlobE1CZkg0R3hMYTlOVEZuQUNWV2FQYVlyUnV3LUFrQ2d0bTJ5NTZYd0lZb1hLdzA4UXZCMV9mbEJSanA4di1BQlE?oc=5
PG,2026-04-24,"P&G beats estimates, stock jumps as volume growth returns after a year",TradingView,https://news.google.com/rss/articles/CBMixAFBVV95cUxNaWVqRFVfcUdvN3JWOU45bjJzX1RkY1FQUjhYWWZ2MXI0Y0ZfdHJ2UTIwVGwwR0xDVkFfUlFDMDd6MkViLV9VYzByUWswb1cycUN2NmpVcWx4aDYtdV9QdkNncTZvcDMza3A1MV9wQmV0ek5sSUozNWtpX09BaU8wZnRQaklwVnpwbWx3VHhRNXU2WGVpX1Y1MklhY2E5cVAya2RpQ0NGTU85aWJGVmp3VEJHdDBJWGdCYWdWeTI5YVpmSlly?oc=5
PG,2026-04-24,"Intel, Procter & Gamble And 3 Stocks To Watch Heading Into Friday - Intel (NASDAQ:INTC)",Benzinga,https://news.google.com/rss/articles/CBMiqgFBVV95cUxNNXpLc1NscHBLU0xKdEdzaTgyb21lUkZOMVJ5NVB3Q1JkLV9vc3JLbHEwS1RWeVFzMmpNTXFwd3lKZjZESkpjM3hTX0ZSZXA0T3lQVFppVUMzMUdRVG1YYS1SM1hKYnIxajhmUmJPV0VsdDl3V1FDb3BQbU5QWURxc29pR2dRLUtPb0V1M3RaRm9iNWFOSG41V0hRWkJhZlNQN3FFOUNBVEhMQQ?oc=5
PG,2026-04-24,P&G Stock Eyes Best Day Since 2024 After Earnings,Schaeffer's Investment Research,https://news.google.com/rss/articles/CBMirAFBVV95cUxONG9tUWJIY0ZfVnIyLWYxampGYjVWSW04czFaTnJTRXJFTHV1aWllNTZNZHVtRW1vM19Wc1NDN3R5c2otOE1UOUI3emxNUXJXU1BuTmtDaG0wYWp2eDMyLTh3NUhkZk1KUTNSSWNISS1yZ3FHWVB3QW9yNzM3TTNlV1JWYXd2MUw4YXVzRTRaMG45LWlQOGxIc19HSFBZbXJjdzk2Y1lXYmZSZ3Ji?oc=5
PG,2026-04-24,P&G beats estimates on solid sales growth,Yahoo Finance,https://news.google.com/rss/articles/CBMilAFBVV95cUxNVTFhVjdBcWtLaC1BN2JLN3pRWUxCQk5VVUtuUlBsUDhQWjJOeEJFNWc5QUVRS2VpcFp0dXY0SEd2cTYxUG5iUy1QV1VOVmhpVW9DU2xXR2pZR1FpNkdLUzJvMEpCdUg4VURSa0YxVXk5eW5OUDRGZ2t5VUtTa3Zqc0ZhU0ZDX054b2JFX044MnRfOWhZ?oc=5
PG,2026-04-24,Procter & Gamble Earnings: Brand Investments Support Competitive Prowess,Morningstar,https://news.google.com/rss/articles/CBMipwFBVV95cUxQcVBnenEwUzhZbzZOSmZhTks4RnZXMFNacmpqX2lEN3JWLVZvbXM5VGlyTVc4SVlBdEsxc0pOMEg4ZHVUZ25OUkU5eWhWdlRGd3hBYnJIaUxRQ3R4TW9jSHpjeUY4ek1RTTF0R3h1RFMyZDYzUHZLbGt2MHNsWmZBdUV1TVk3dnEtQ3hfSWNnLVc5VXowZkJjZEVDWGlScHU1X29KUHh5QQ?oc=5
PG,2026-04-24,Procter & Gamble’s (NYSE:PG) Q1 CY2026: Beats On Revenue,TradingView,https://news.google.com/rss/articles/CBMisgFBVV95cUxNVm5SaHN1eUhuTWl6LXNaaW1ZWWo3djNMYnZ5aEprYzN3eEdIUDJ4WU1oTUdvTjdRWGxiNmpVX2NELXhEN0xaUzhkRDVBbXdVNnpxNVl3Ul9pNUNvejgwQTBpcVcwN0ExeV9pV1YyWlFkdi1XTmZXNUQ1VTFCeUxVNEUtSHV4SHhSOXRxd0MtYXFZT0piQ1dOTlI2eTZTaDlzZ1hPSzMxbVhKV2FUQ0xMQVF3?oc=5
PG,2026-04-24,Procter & Gamble stock surges over 3% after third quarter profit beats expectations,livemint.com,https://news.google.com/rss/articles/CBMi5AFBVV95cUxQdHFTZXdOaHU0SE1zSkZhSl82cjhaNVhJVUE3a1oxTF9vaTFsbmd5U2ZfZlFDQUQ5QmlYcXZHRlYzbnpUeXN5dXFZUHExTkQxakR3cnRIUWNoSDJDbUdoVkFDVk40RmN1ZUJlREZlLThCUDkySUVMcTYxN2lFaEFmUncxcjZZY3o4dnJyaGlNOExKblY1MXRjVzVHWUMxdERvN3EwVEZ2b2cxNEZScDRreEI5TmVoSFRkX3lIQ09pN2xhUTBFR0w4S1RnakgtNm53R3lZc2QtQ25ZbnhHemZhb0lxaGLSAeoBQVVfeXFMT2xTbXZiWm1OTVMycmFoenpTQ3dydUZfY0JOWlFqZDVVN3lCLTNqaE53VGo1ams1Q3VpTFA2cHNNdnYzQjk5dzBlelBFRnhjWVMwbmh6aHA3bTVQWVNIN0pNdUZjUGFsdm02bHNxWVdJUUpTeWdnaE4zX3BUc3J1c3J2T1RCbXRSSjZwWFJ6MWpndnVOYzZYeTlwSDRkY05xT2xNVnpEYUhnd1NvLV9LN3lLcEZ6eFBrUmR6LUo2SHZueV83bkYxTUZuNHhPVkpWOG1hTjFhSUtBZ3pncVVwMHluODNuczRpYlJB?oc=5
PG,2026-04-24,Procter & Gamble Gave the Market What It Wanted: A Reason to Buy,MarketBeat,https://news.google.com/rss/articles/CBMipAFBVV95cUxQMVpudVRtWXc1S0NUOENMWHE4ejRjZ084aGlIM21MZDI5Q0s1MGdFaWJidXZtNHllM0VhWUhuUWp3c3J0TlJCMWhiY2d1SGlOZ0xnTkJIMS1TcTJrenBVVlo3MjdOWXBkR2pGSUp1SGhMY2E0SnBGd3M2eTc5R0picTlLUEJlelNLZXotSUtlT015aDBjOUpINjdQa3pNUkhpRGtfQg?oc=5
PG,2026-04-26,P&G First-Quarter Revenue Grows but Shares Open High and Close Low; What Is the Market Worried About?,TradingKey,https://news.google.com/rss/articles/CBMizAFBVV95cUxNOGY0VnoyNFBtUXhzZjYyU3p3b2tBc1F1ck1KcWlnT0l3YmtLOVRmYmx0VDg0SGN2WU8yYS1KUlhIXzAxMHdkdDVNXzRFTUlkLWl6SFZka2FrVFpiWTVEYnJBMFJxVmFsR3dzbXpYVmtNbU96M29aVVJYb3I1VUFZd2FCZTBWMlJKa3J2eUZTWk9KNUxXb2lTN3NNLVdwY0FneWhFTDIzM2hVNFN1bzhrRGdyM0VTT0hNYXY5dVZfb2VEcEgwTFlMRzY3S2s?oc=5
PG,2026-04-27,Procter & Gamble’s CFO says pricing power isn’t a given anymore—here’s how the company plans to earn it,Yahoo Finance,https://news.google.com/rss/articles/CBMinAFBVV95cUxOTGJCcEJEM2pIelNZUThXbzNObUc5aHZQMTU3cFFuUzM0TklDUVRNY2xhbTZZMWJoZWUzRldoQ1ZjQThnVTNKZFJVMjdyZUc1WWd3WW5rX1IwU1JtdTFQa01VWmY2N2VjWnpLNGpIa3E0V0xXNnhSUGNQVkFNSXo1OXJlWG9OQW92VFctNjJiMkZNX2p1eExYcXhWU0Q?oc=5
PG,2026-04-28,This 2.9%-Yielding Dividend Stock Has Paid Investors for More Than a Century -- and It's on Sale,The Motley Fool,https://news.google.com/rss/articles/CBMimAFBVV95cUxOX3NYN05UVkVKcmdFTmdRcm9acjAyYnhmMGZzUkpZOG5ISHhDbUw3Tk8xbWpEWnJYTjZ3cTdBRWdoVGpJSUhoV0x2WXNJVmhudzZOWnotdHFCWGRDdmdHYS1tdzYtT3I0NVdUc3N2R3lCeTlXYWJTWXBQT0p0MTdqcGFsVE1qcEg0VEc3dGJaLVFFRm9UTTB6NA?oc=5
PG,2026-04-28,PG vs. CHD: Which Household Stock Stays Ahead in the Race?,The Globe and Mail,https://news.google.com/rss/articles/CBMi1AFBVV95cUxPUmpRVmlhbkRsQnJCUW9KaW5IcjZHU1Y2LXBGSkxWWFdsSjlOY3BMREVDT3JYcVVhcnlPenEzQlVaUm50bGxjSzdfWkZmRmE5bFNodUhvSGdOa2ZyVEZEaXoxX2Q4SVNUdzVYQXM4V09VdUVJYk55TGtRLUFOUGdjS1FYUjlRdlR3b2xBWUJYTFZyYjVPenBkak0xS0N1dlF1WFk4Y0tfdEpRVWF4cXI4eTdBTUROY3hIWXRQb0I2dDdtVFNEeS1XZkJKcGdsaEtmVWNDVQ?oc=5
PG,2026-04-28,This Boring but Beautiful Dividend Stock Could Quietly Help Fund Your Retirement for Decades.,The Motley Fool,https://news.google.com/rss/articles/CBMikwFBVV95cUxNNHRSWXI0cDlWZy1pcXBnLVpReFg1MF9xajFwOWFnQ1lEOHYyeEhReDk0VU40c2VBalQzS3BlZlhGQTZmQ3VtV1M2ZXAtZFIwbjE3Z3l3MTlDajZncHU2WkdtcTFXaDJXTG1hX1JiOXREYnB1aWZGeEFNOVU0S0gwdW1pWWxCVThPUjBnTG5XZUxNdlk?oc=5
PG,2026-04-29,"Procter & Gamble Earnings: Volume Growth Impresses, But Margins Erode",Trefis,https://news.google.com/rss/articles/CBMiwgFBVV95cUxNdWFEbFBiMVlVdjZPTnFXcGNCY0p2dXY0NDlzUjZ3cEg1alpZRFRTOXFTSEtwaFh6VkxUUnJiMFFyTU5Kem1KRW9HMDI2Y29sUlJKU3BWNVNRRlpBdDdaVEd3ZTZiNFBrN0dWdV9XakdrVG9QckpIZ2JQa1h1dUdEdXktRnBmWDZ0Z2N1aHF0amRxRlY2bTEtWVJMSTFkQ1pvLUpXZWo5NzJsRkVSTktWZUg3Mk9ybVo1ZExlek40d3hLdw?oc=5
PG,2026-04-29,Procter & Gamble (PG): The Best Consumer Staples Stock to Invest In,Yahoo Finance,https://news.google.com/rss/articles/CBMinAFBVV95cUxNQ2hBYUhVSF9tX1BfNDllZG1Jclg4NHR1THAtMTh1RHUzajRIWmp5bHhuRjY5Q0VjTTA4TnI5S0xUY0FHbm1QRTNMTUxLYThxNWFZalcyZ0tPQnJhOVJMVUZubVBTQU1vMkZ1QndiMmRlYnVhd3IyLWZyZGMtZTNJdEJ6dzdTNGJ0aVBnalJSdDU0RTFHejhKWHpNZ2M?oc=5
PG,2026-04-29,"Procter & Gamble Beat Q3 Earnings and Raised Volume for the First Time in a Year, But Tariffs Are Quietly Eating Into the Outlook.",TIKR.com,https://news.google.com/rss/articles/CBMi5wFBVV95cUxNY1F6STZQdm1DX3E5djhoeXBOQV9jd3FNY1dxM09KMHZJY2dwZHFaeW43UTJRVWROZ0dkVFRSVlpLcC1aUE5XdFNhaldNYmJ1RkhUdzdsbVBYYU1sN25xbE1SZVFERjd4VWN4WmhSYU1wdHdJYllmcXVmQW1BelEycTRrYUdDRzNvRXJPYkdKZ09aTkd6Q3FJVHg4VlBmdml2TElkcFpsNTQzN2ZBSDhmSFV1RlpxUmJQZWs2bW5iZDFIU01Rb25RUlRjX3h6SEEyQkVpZ2pCSjYwUl9MUE96WDdNeXdkQVE?oc=5
PG,2026-04-29,Is Procter & Gamble Stock a Buy After Its Q3 2026 Earnings Report?,The Motley Fool,https://news.google.com/rss/articles/CBMilAFBVV95cUxQUG1YaDFZNlI2UnJtYTBxVWRrSlc1RzBNNmY2V3ZWVzQzdDI3endkcnhFNldZY3hERGdpTEpPdkZianhGVXY0WUF5VmV0TnpGUWFLanRUV2hJeVlKTFR5UW1RVDE5RF9MQ0lxRXlFS204c0ZwQUM4UGVzMG5KMjQ5OWVXSjZIdjBJMEJuc1Z0Yl95RmVP?oc=5
PG,2026-04-30,5 Revealing Analyst Questions From Procter & Gamble’s Q1 Earnings Call,stockstory.org,https://news.google.com/rss/articles/CBMizgFBVV95cUxOSjVhNnA2bkFPWFRCeERRYlY5MVZKWFlBU0VnWEhJX0hxSXAwd1gyNC1LQklnTUxsbDVfREF5WEdvc1VhdVhDOWdjTG9kWTlnLV8yblAwbmx3dWVCNU9EOVFmdk5Zbm1JZDFpNmE2MWdmTjZ6Uk85djF6cjZ6RGs3SkpXX21EZEFxalFTV09QdVFaZ1JEMWpDT1ZXb0FvZVR1STNwZjdsbUM5eTltdUtELUozNmx0a0YzMGVITWJhSVhEVEs3VDctR0IzSG94dw?oc=5
PG,2026-04-30,2 S&P 500 Stocks with Promising Prospects and 1 We Avoid,The Globe and Mail,https://news.google.com/rss/articles/CBMi1AFBVV95cUxPYjROWDh6NGJWenNJZDdhTjZTc0NHR21qTlRLTlFoLU5FeGVlRE1pbFo4R1N2R1dCMnBHeC01VWZ4SThDRWZaY3h3ZUxPQ2pfeG9LWkFfa25ScnNvNDRhal8zRVpnNFRVTVh1YlZKeVRDQTZ2NGhJU0w5WldXeEY5NmlBYkcxNjVsUGNpUm1OeHpCTWRhZ0sxMjB3cFJHS2xwNlRlSGxxUHdKUVpqOW1xeXlvNlZRR0VPYThvcV9RSmlKNG8weHZVeVpWd0U0azRFc2lOdQ?oc=5
PG,2026-05-01,Jim Cramer Doesn’t Know What to Say About Procter & Gamble (PG),Yahoo Finance,https://news.google.com/rss/articles/CBMikgFBVV95cUxOazZuNk0zZkw5eVc1WDIzbVoxb1V0S3ZMcHRGX0d0V1BzeXFZSWpVenhYZ2NTQlVadHNsVTdrUzZoRDdVcjhLQ0xZaTRsck9LMmZ6QjhGbzN0XzNSaTZGMlJpekxMaGhneklyN3NIYzVqS19GYXpKaDlsbU5MRzZKZ1FtY1dtQ2Vuc0Zwd09YZlJUZw?oc=5
PG,2026-05-01,Don't Panic -- Buy These Dividend Stocks Instead,The Globe and Mail,https://news.google.com/rss/articles/CBMiwgFBVV95cUxQdDM4MUFsMXNJQU9YMmtUb2JjUktvaWh4VVVublZVVG5ySS0xY0k2LWdpQmFBbGFNU1ZZWWhqVXNQMl9uRGp0aC1ZV1ZhQjJ5QzJuUENTQ0lseEI3RVo0MDBMQ0JYNkdUU0c3UjhOLUtXSVBab2RkM042ZV80M3htbm9memZ2a1BTSVdFZld5VjZXSGZDbHRvZ1A0YUphbmh5TGViNE9BS1BSZTZnQWc5eXNaemZYejR6OFlZaXdjMm5pUQ?oc=5
PG,2026-05-04,Procter & Gamble Stock Jumps on Strong Quarterly Earnings Results,TIKR.com,https://news.google.com/rss/articles/CBMimgFBVV95cUxOa0M3aEV6ZW9OelN5TjJ2eDZEc2R0STJQQ1ZLZkNhV3ZiUS1jLWVnSkNFR1Y3S0tnM0p2ZDZTTUo0MENIb1ZsempaNC1mX0JFMWdDcWZvNmljV1NrcmlCVi1VZ09iSnlDUWN4OTdtNFJ6UUhGSTZ2YWpLOWpqUDBnYlVlRk9HbFB3Y256VXA3U2l2TE9ReWxueWtB?oc=5
PG,2026-05-04,"Dow Down 250 Points On Losses In Procter & Gamble, Home Depot Stocks",Moomoo,https://news.google.com/rss/articles/CBMimgFBVV95cUxQWkdfTEJCLVN1dXE2b2xWbTBsMzljUU5iMFg5TWF5T3RQNmRoOUd3dHZmbjNlVG1jcXAxc1p5bWptVUctZXpXdzJua2F6TXlWTjNzWENRZUVVeWdHX2xhWW9QMWlVQUozVkFLSEIwYVFmS1FQS0xKZ3ZqRlREX3dKQUlwdzVfMzNYaENVdUdNOTRwLWktWldwdVpn?oc=5
PG,2026-05-04,Procter & Gamble (NYSE:PG) Shares Down 2.6% - Here's Why,MarketBeat,https://news.google.com/rss/articles/CBMiogFBVV95cUxPazVtQncwcHlDS1Z6cjhyY1dQSmlYb1ZXbDNCNGJlaU1jUnlENWJWTXBNZDNVSWJLVm1FV2F5ekJBMmlFWElOVHRIYnk4UzI3Z2hiRUhsWDFhQ1ZiT1FfR0Z6SEstbVlzOGQxNzlHU1g0LVRmMUhuRWxqaTZUOXZNUmxNTGxmaWtrNkhvSVY2YlJNTk5SQ2pDOTdrbDgtb3VsS1E?oc=5
PG,2026-05-05,What Are Wall Street Analysts' Target Price for Procter & Gamble Stock?,Yahoo Finance,https://news.google.com/rss/articles/CBMinwFBVV95cUxOR2U3UU5EbV9BOVBaMnBuMk1LeUxkRjNWOFZpR1FOb2FNc3BUYVBYNHRwd0xKWE5PdHoxQzJFc1k3dlVBUU1OUWM1RXE4Z3M4SGZIUHZjN1doQXdvdklIVi1kNzNBQlViR244YVNWU1RTUWpOVGJkbkJmRGE5US1pS2puczZVemNDQ0h5LWdFZUE3elJncUlVbDNxZERsZ2c?oc=5
PG,2026-05-05,Olay packages face and body skin care into 'Skinsurance' bundles,Stock Titan,https://news.google.com/rss/articles/CBMitwFBVV95cUxPN1h0bWI1ZHU1eXJQRHlOYi11R2JNTlM0bEZWYTRaczM4N3JWMEFjVERZeWt2NWFYNzhZeXNsTVF2eTFtZWJRX0pCeTBfNE1QVHlHNFh1b1gyQmNEdnhVTUQ5QzlOWTRYZm5mS2NmYTlxUzkyY01MdlBlTHlsWld5Y20tYnBwMkEzdTRReXF1dGg5eXVFNmtGWWQ2VURfUzF6Y0RxNTNvX0J3TGx6a0VFVktLZUM2MEk?oc=5
PG,2026-05-06,Bubble tea scents hit Walmart in Native’s limited-edition self-care line,Stock Titan,https://news.google.com/rss/articles/CBMiuAFBVV95cUxQOVZ1SW92QUJwU0p2TXhqd2VEOVI1WF9vTlJyaVpscFpwcll4QjV1SWs0SldoYzdzX1lfREp2TFFuQjlpVXNfcUhXQkEyMHlpRUl1QkU0MW1rTXR6dlhxcV9jaFdOUzUydnZBb1Bia1BkQVQta2R4Y2lWdTRrd0h4QVRrbURyV09PYUhrRFBodmpVdDlKRC10OTRkTFo4Zlp0MVBmMkFTM3pJcFFMcUZXdVhsYW9USnQ2?oc=5
PG,2026-05-07,1 Oversold Stock Ready to Bounce Back and 2 We Turn Down,stockstory.org,https://news.google.com/rss/articles/CBMitAFBVV95cUxOcExpMXZHZzlORGhOS28ydnNiMW1Vak1jdnFSU25UV0cxdVJQWkM3bGl0UjYwZTI1UHdMX1M4Rm5XWG01RlkzdHY3SVpaSGxqSk1FbFNTV2hIdWlJbklqRFZtblpBTDVfOTNESHhkQlR5WGtVTUVvVzdYcTYxZjFPSFByLUIwREtFaU9Tem03ZWszbUlEU2dpam5Sb2dYNVl4YmhnSWxiSjBoWU9FYjVyWjF5clU?oc=5
PG,2026-05-07,Want Passive Income for Life? Buy These 3 Dividend Stocks Now.,The Motley Fool,https://news.google.com/rss/articles/CBMilwFBVV95cUxQOG1SX3NpMEY3dWNfamtyQ3YxVGFxRkRNeVVtcXlvaVRHUGJPMmVPZzZwY3h0MTNXSS1QWGQ3ZjBYTkZwMko1V3NPSmxwanp6M1VJSlRKekVxVWxXTUYzMl9kMExkOEdqdUlFSGFuMWE5S24xV3BPekpTdktyWk54dDg4WTFWaHRjdVg0TE5kb1kyVmxtdUYw?oc=5
PG,2026-05-07,Procter & Gamble Stock Is Down 14% From Its 52-Week High: Here’s the Path to $176 by 2028,TIKR.com,https://news.google.com/rss/articles/CBMirgFBVV95cUxNeXRmZ1NCVXdvV2pBUXoyTzRFYS1UN195V0J0bnpzbmxGX1l0NnhKMExMYjVRYmkxSEpxb0VyOHRiLXNHMEx0QnhEMlVHVVcwelBNeWdPc0VMQ1hKeE1ZSjhxSTlGYWpTaDI4VU5GeEVvT1JWUWM2Q3F6dXdqaklOa2pjd1AxblpWaERuZFZfLUJaa2tEUVBRNF9hbDdNNHBxcEdEeUNXVGRzaU85NXc?oc=5
PG,2026-05-11,Procter & Gamble Drops 9% in 3 Months: Buy the Dip or Sell the Stock?,Yahoo Finance,https://news.google.com/rss/articles/CBMikwFBVV95cUxQUHJSN3M5SWR1VVo0Rzc3dFFsd0IwYnNnaC0yZHBhdlY1Y1BJcWdPak1ReUxxS0t0dXZJeVJyVElBWGZKT1JxX2xuVjRlVGdZYVd4TjBJeXlFMG9YYUItd0pwUXo2VEN1VFlLMEt1b2FfTkI1MUFWN2ZRNEhBSVlNOWdQUTg4S3hnWVROa3ZXTTU0dHc?oc=5
PG,2026-05-11,Is Procter & Gamble (PG) Offering A Reasonable Entry Point After Recent Share Price Weakness?,Yahoo Finance,https://news.google.com/rss/articles/CBMipAFBVV95cUxOYUFFQmhJRmpJMWoxWXpiYVNWNEJCRmFnaUYyeThRa3ZDcTcwM0MtTjNWd2pmcWEzc3FWSk43Zi1DQ1lTcU5UZ2VtTEJLOTR0VU9taU9vdzFLdHVKd2ZFQkp1aEZNdkVmN2tVWEJYZ2hhX3BfNk1CTUtBbHh3RHc4RVRValFuLW9XWVo2ZXRDZGk0S2FfcEEzaEZsRnFaeW1UcjRrZQ?oc=5
PG,2026-05-11,1 Magnificent Dividend Stock Down 8% to Buy and Hold Forever,The Motley Fool,https://news.google.com/rss/articles/CBMimAFBVV95cUxPNjRramN2MFhYbjladGU1bVlCZ2xXTFZERXQ1bVc4bWtYQ0FLTURIMmtyTlh6U2E2cVNxNHlIM3NlNmhvamRZZnBFZ2NDd1U2Y3djaDhybWdrVHhybGstTElId3RpaTVCeU1EdG9WMWI4QWltUXNwdVJvWnR4U19iSF9oMlRVWE5lNTFnbkFfbWtQdnF1VE5hUQ?oc=5
PG,2026-05-11,Investors Heavily Search Procter & Gamble Company (The) (PG): Here is What You Need to Know,Yahoo Finance,https://news.google.com/rss/articles/CBMipwFBVV95cUxPdVdFa0FweV91MEVweHhpZlptRWlIUnQ2Q1NOUlEzcjFCRXFQQUhaV0dSTHQ5dFo0cXUzbUZObTNmZUVGWVNxN1ZTbXRvRlNqX29uSU12Ql9zbnptNzhibXJNS1k0TFpRR3pUS3lmcjBMTC11VDRCUmQ3dmFGM2QtNU80dXR0bHRWc2J5WFpFNXMzX0pjcGVidDZlalNPWHNSb2NzRjdmdw?oc=5
PG,2026-05-12,P&G Beat Q3 Estimates. But What CFO Andre Schulten Said About Pricing Power Matters More for the Stock,TIKR.com,https://news.google.com/rss/articles/CBMixAFBVV95cUxQTEhKaXRWZ2otT1I5Z21Nei1VVFd5cmtUeXJIYkdFOGZ6TXlIeXNycWpvSzdqNDBCZXhlSWlsM3dQSVlvMUhLNFgwOEl1dVBZay1MNm1uOEFVTDRYaW1OeXBwNi1mOEgxQmlOTEp3MTZWRTg0N080NXdtN0lMNGlhaWFyYjdkUFoyZFRxeGxWMnZNMHo1ME9QVldxWDhGcXRUNHBtV2FqbWNvS29XcnMxdlUzV0RMdzh2SFJ5eDl3dEY5RkJ1?oc=5
PG,2026-05-12,Household Products Stocks Q1 In Review: Procter & Gamble (NYSE:PG) Vs Peers,stockstory.org,https://news.google.com/rss/articles/CBMixwFBVV95cUxOOW55QVR5SEZ5OVpYV2JFMUFMTFN0MkpOUDJmajU2bnh2bmFnRmNsdTRscktoNzVvdGpPVXNLclRSd2hFVzlsZm1wYldkVnc1LUFTMWNLSkZCa1NLa0xzMFNNU2M0MF92OHNuaG41aGR4SlQwczJBUnh6aEN6aC1qZ2ExZEpua0RxT2g1NkIyS1Nxa3JqS0w5dlBJdkpZUTFlM1R0dWJfVGJTNmZoZnBQSDJCMFFkRjNDZkdtWDRKMDQ3ZGY2LVZr?oc=5
PG,2026-05-13,"Consumer Confidence Near Historic Lows, Why Are Wal-Mart, Procter & Gamble, and Other Consumer Staples Stocks Still in the Spotlight?",NAI500,https://news.google.com/rss/articles/CBMi8gFBVV95cUxOTHVzU28wczZ4ZE14Z1NFNXVfRGN1MXdrYWozQ0lQYUtGN01WMFBvS3FCWUJoZ2JscW1qeXA4OTZjM1Q0a0ZyMU9GU0pyVWpFNjFEc1FEV2o5Y3ZSMVZEVnpVOFhBM0tINGFZSE9ZMzljZDk4azdJMkZ4MmpuVjVRcUUxeU5kNkMweHU0TFhMYjRYM0FWNzh6SG14M1NMUDdNRVdnOThNM0ZQYlZmamlNb3dERm9acWdCNzdBSjd5dXc2NWEweWRXbkI1eDhybVNzai1SQnpoY21WWUNqVDlYTE1PeFRKRTN5MFQ3S21CVkg1QQ?oc=5
PG,2026-05-13,PG stock edges lower with oversold conditions on RSI and Stochastic RSI: weekly analysis,Traders Union,https://news.google.com/rss/articles/CBMimwFBVV95cUxNUXo0bVpYNWl6Q2x1WVNmdThuczdQNmI2dTlEU3F6SEhZTlo5aVhLOXlXNGYweDJfVUpCaGlqeDM5UkhhcVNFb0g0VkF3V3d4bmFjSkVWRmlFakh6S2hQX25ZaDF4blFFdjNzaFpuaGtQbHhGMGVHLWdYc0V0aTlVOXhBRkVrZ0Y0Ql90V3N5c1ZBTWd6d2E5SnhoMA?oc=5
PG,2026-05-14,Jim Cramer Discusses the Reluctance to Buy More Procter & Gamble for the Charitable Trust,Yahoo Finance,https://news.google.com/rss/articles/CBMiogFBVV95cUxQYkhDUVh3allhSXFHTWJ5NXdzb2NSQl9CbDFEMmF4M1UyYldUX0wxZDFTUEl1NW9SRmNwZVpRU3N2NE85WEhZRUhRVXBJYUpOV2tCM243Sk9CbzNOQ0dvQ2otaXZ0OU11T24yaGtOVWgtWF9UZUVuVEh0SHVJLUNuM0x2QXFMTTNtd3R5YldsQS1QYkU5dlB2WVF2YTdSeFNxcEE?oc=5
PG,2026-05-16,Trade Wars Come and Go. These 2 Consumer Staples Stocks Are Built to Last.,The Motley Fool,https://news.google.com/rss/articles/CBMimAFBVV95cUxNbmd1MndXcTREc2FHaEYzTTQ5T3FOYk5KVmZjOWhXOUswYkQzT1M3U05yOXFZNVFXTFpGNjlGWW8tQ1RPREZhSEdBLVBHbkdjX1lXRVAxYWtlN0RzQ2JtVzJHMS1ZaWc0emVsempfNEx5R01jSC00LVBiM09jUEZEVHBRVUFMNTBaMXZOYURZaWVibTBiZTFqYQ?oc=5
PG,2026-05-17,My Top 2 Consumer Staples Stocks for May 2026,The Motley Fool,https://news.google.com/rss/articles/CBMikgFBVV95cUxOYVE3QTI2R1VsNnlXUHNTb0lYUUVWdFJVc2lTLXJqZDZnNjlzNHcxdXNiYi1SNlJqdXdnQzIyZEk3SjhEMWt4ejdreHBXdWIxMm9Dc2RkTHNhaHI2eHFmeXhOMlFGMjlQb0p0dm9YV0p6Wm53ekVLTXN1RkxGUnB0Z3VCbmxNU01GTDZFeDRSZkRmUQ?oc=5
PG,2026-05-18,What Makes Procter & Gamble (PG) a Resilient Investment?,Yahoo Finance,https://news.google.com/rss/articles/CBMinwFBVV95cUxQQ2dkeWRtWlprY3NOdlpDN04waW9abUdqYlliMVotbmlTNW5qbGc4cW5wdlhKMGhHTVBsRGE2NkppRTJNVE50cDdRMkk5MWRKZFVzN1I4QVZJTWE4OEFjYVNEbTFhNER6VGVOWWVKbFZ3UU1zRW16TWNpRVN1OFFGZDQ5MDhmVURMOWc3aXhJRjFxUm1MR1pVaTg5QWNQeUE?oc=5
PG,2026-05-18,Prediction: Procter & Gamble Will Trade At This Price in 2027,24/7 Wall St.,https://news.google.com/rss/articles/CBMipAFBVV95cUxQQzFKOHBSY0VBenJDMFEyXzZrMEJPdDZ0bEpaXzhUX1JLNXdPXzNaS1NjQi1IV1VTWFNSSUt5YlFUZFhXUGJCMlZNSnVHbjJGMEktUGl5ZEQwZHRrY0p5WEtjXzV4dGtWbzdxNFM2UTBGRDFnODBISjJIV2phNUw4NVEtWDMwZVNzakl2Q0hKMjhBQUhYU2pkV1RoVUVmbU93anltQg?oc=5
PG,2026-05-19,Procter & Gamble Stock Hands $83 Bil Back – Worth a Look?,Trefis,https://news.google.com/rss/articles/CBMirwFBVV95cUxQejkwXzdSUTh4QjBOLThSUXVULW1ZV0pjZmRoaG9nNHNwYmdGWUVOc3VfQmkxVFYxUmJ2TFZkMGVCSTNLWXdCc0xMUVFCbzhqeGVQVkUxTDBoZlJEcWt6NzMtQWQzZGxjRGI4eXpJLTNPRkdadnl5dHVfRXA0OWN2dDd2TUdKZEU2dmJialFMUkh4YzZqV2tkNGNTQy1ZN2lNQV9aLWhJS3JQTVlSZG1R?oc=5
PG,2026-05-19,1 Profitable Stock with Exciting Potential and 2 We Ignore,stockstory.org,https://news.google.com/rss/articles/CBMitwFBVV95cUxNYWNqd0t3ckxYQ0NjQ2M2dmxXaFZaUnF6ZUhYLXdjTzdyd3RJY09jazZQMkhjdUZWSXFyc3BaVjJLcmJyRDNnejJZZkFQQUVVOTlIX1NzeUdybVMxSWlYeEJ4WkZsSGN4WWN4ZzJWLUhTU0ZFREJpZnUya3RvUS1LeVQ5ZVh2QzdHdFhVbk1Sb0pTcVo3VHR1UDBZTzlJMkUyLUlnNkluVUVXU0p1TFg1dGdmZnp1ZVk?oc=5
PG,2026-05-20,Procter & Gamble: A High-Quality Dividend King That Still Lacks A Good Margin Of Safety,Seeking Alpha,https://news.google.com/rss/articles/CBMiyAFBVV95cUxQMUFaLTFPWlFrMVpNQWpZd0kwdnd3SWtPanZpODlQZTNpWllqbHA1elRZbmlrZkJNd3dsZURndUhBbkZrUXdsMUFTbXpXZkNmWGlBY0NHdXhOcFZxbEdqdXVrd2JVSmhJdGlra2Q2N2RWc2NhWnNxX3RlV1BZRVpVQjItTkY2WVQ0MW9reTdaV0pKZ01iZ0h3cjIxNkptcVBCd1VSQnpBUWVFZDBZdUFEaE9nbmJxa0d3dDRUN0FXcS1OOXVnakRLUA?oc=5
PG,2026-05-21,President Trump lost money on stock trade with ties to Cincinnati trip,Cincinnati Enquirer,https://news.google.com/rss/articles/CBMi0wFBVV95cUxQODA0Y3VvS2NsOTZGVkE4d3pFV196WlREOThoSTZMUWRocnZaM3U2QXVyd0M4c1N0Rk5MdWNwNXoyaEd2UnYzZWozekJYY2IyQ1BTc1psaElLNjlJNE4yUjA5ZDQxWkx2SVowcGV3Z0hKbngwQTY1SnhTSG9pT1hraE53R3RiZkd1TFRQVTFsNXNOeExqNlp1WEtnbkdLdE4zUWNkU1lKbXVKclFsSThMOWZsdzRCOUpNb3kzZmFPQ3RwTUJZSUpGR3I3WmJRTkdvWTVR?oc=5
PG,2026-05-22,Procter & Gamble Company (The) (PG) Is a Trending Stock: Facts to Know Before Betting on It,Yahoo Finance,https://news.google.com/rss/articles/CBMioAFBVV95cUxQNWRPM1BDUzF2bEV3WThqOXJzTHRQVWRFQU1YbTYzaUdob2ZyMTA1LWdiVDYtUEJjOTI0TnZybmFjSkxyUWN0N1pSV3ZPR3hZMjlpTlNScThUOHFBODkxQzRLQTQxbGxWSlJwQk56eVpZSnFmM3ZTVGJteVFFOHJtbzBJdmtHOXkyWjF2SEJQMERZSlc4UGo5MkZBS3NhakJB?oc=5
PG,2026-05-22,Are Dividend Strategies on the Brink? Restructuring Pressure at Procter & Gamble and Coca-Cola – Hidden Gem: RE Royalties,news.financial,https://news.google.com/rss/articles/CBMi4AFBVV95cUxNRlRWNGFnZi1UOUdmdnc2TnhWXzVWaXdPbUNLUU43dVhOdHhnYlFwMnBmZlVrZlNQUVJ1QTFoWmhVZUw3aUxYQ0JwTUxSVlFSaU5DMHhrVkpGMkdzYjl6Sl9EVVU5RVNySTJkRVdHeG54QlA1eTVKZWVjYTdsb195R1FaQ0c5OUdLLUVYTk1fMjM5U01pR0tQcUJlamp4OWIyOUJPT3cyQWRwaXNjdVpGcDZTNm96UHlLRFpCR2w0SGN0Qk4wb3Q5bHk0cVNzZHg2OEp2WThLeEN4bUI3YW1XeQ?oc=5
PG,2026-05-24,P&G at a 12% Discount: A Stagnant Giant or the Ultimate Defensive Steal?,TIKR.com,https://news.google.com/rss/articles/CBMimgFBVV95cUxNbXlTNTdsVlVIWEQyVVdZX3d4aFNITVhBNWNwRHhoS2stSjY0dzQ1dmxhbDMyaDBXN1dxVl9FUXhwNFRYdEZNZ0pWNnlyeTVpcUZpQlhmYWF4clBwRzFHUlNSV0RPZlpzVlF3bmlBbUNOcWdhOXVaSnhPS20zSDk0QmVJUGlhbmRLaHA1UVlRb012bzRXcExHRHJB?oc=5
PG,2026-05-25,"Is Green Thumb Becoming the ""Procter & Gamble of Cannabis""?",The Motley Fool,https://news.google.com/rss/articles/CBMimAFBVV95cUxQQW9FRVhNeGZ5OTJNM2xjaE1BckxobEV4Y3AtWndsdFdEdzJLa3pqbG96UVlNdllHeWJnS3JrN1hiaHhwOWxvLVlubTN6MjcwQlZJN041VW1Mbnk2dHNmTGk2MVl4Ql9iS19ldnRnaEpxV01LTnVtTl9peGZEMG1aYS1mTVJGZWJfNGxKbDc4Sl85cDdDZHlpaA?oc=5
PG,2026-05-26,Procter & Gamble Health shares rally 19% after strong earnings; check all Q4 numbers,Upstox,https://news.google.com/rss/articles/CBMi9wFBVV95cUxOLUhycEEyb2NLTHhHbVh2djdxalFxTzdBdWNNay10Ylo1LTA5REtwS3EtLWltekFWblRkcUZxNlVhZlVad1Eya1FKRlhhbldTbXFjUnNqbnFrR0twSnNhaVNBb2c5MHpBZjNrWDRPa0Q4OWRfclUwMXlCbWZTQVZXaThkODdmcHNkbE1tdDV5YVEtZ2hDTFJ6Zkh6Wl8wNWZCTVh2anRqZTUzeDBoOGtNZXROYmNiNW1wRklnSTZQQWZXSzFiTG1IRlZUSVMwVVgzRWhqWkhyYlNKX0dSMTN2SzU4SG1DMVFMazhTbXpmYTNBa1VDZGVv?oc=5
PG,2026-05-26,"Stocks to Watch Today (May 26, 2026): Vodafone Idea, Procter & Gamble, Raymond JSW Steel & Energy, BEL & More in Focus",The Sunday Guardian,https://news.google.com/rss/articles/CBMi6AFBVV95cUxONGtnQUs4VGtObllXdThtV2Jmd2IzQ3ZIOEl1V3hxLTZoTlJsOEplX2xIV3cwb1d5OGVvUW5SUnNsQjNZT05FQm1OamMtcDZUb0NicHVZSUcyZjlLelhGdllfWUszN3VqX2FIU1NkeHZ6WTR4bWl3b0otMXNkRHU1RHZSUGp4TlVWbnJuOC1RS09aMWVCX0hPQWhrSW96Rll6em5peVhrNzVtQ0Jnb2t5R3ZxM1RUa1BuSkd1SzhIYnhYSUF5NkZMQ0xkQmROWkRMVWM2NnRLNGxEcGtqZjBVbUZERWktbkFa0gHuAUFVX3lxTE9iOUd3LVRENkR4TGR3MlZBX25qQTlKeE1WOTYxck85TlA1bXRtY1h5TjVzRzZra1Fsdl9Ca0k0Uk1QMUs0SHB5bktuM243bGtRZEYwVGE4c2N3c2hPMzdLVEVPYjlPNm02X0kwQmg2UnpGSHBocFpGNGp6UU8xdmdoQ253aDRZa2JtaE5saEVkc3FBTERZTVlZdlFxTkhhZjNvSWpnNDRXaGlBQ2RlQkM0Zkd3YkNxZTFOZy1JbTJZQVlnUnBpMzByX1p6MkJJclN1bFJpTmJJeVFPMUJIaXlsWHhrYzZ0MWtmQWhkMHc?oc=5
PG,2026-05-27,P&G Health stock surges 18% after solid Q4 results; PAT jumps 56% YoY,Business Standard,https://news.google.com/rss/articles/CBMizgFBVV95cUxNMnVLYUxhck1abW9TajI2RGhVM25SaXpDY2NwTXE5LWJfVi1qcEJFcWNxMjJiY3RKMTNISUFFVmZRVnVQaU5qcktQYWE5alNDSW1UcUxzMVR6WTkxLXNxT0ZrbnNpbjNQVHFuOHZkTUtINEhUdEpFbnpfZGZZeDRIZTZCWno2TXdkcXNQeGRKMl9uQUtCQ2lQWTNwOV9zY1BMVmNuUmY3Q3pvbG9fTGxnUWVKZGdqZ1NPaS1YcDA1eE05a2VIZHZ6alBTWDJPQdIB0wFBVV95cUxObmJlM1N6U0hVVXhvM1VBVHF2blRhTTJ3QXRaWGtzSHpOdFhLd2MwTVBrZzMyU1k1aUpKNXNYR2Y1aVV2dUNhbExVUklBb3otVGhielFpc2xJVndaZi1IaTBuanFPZjJqREUzdWxQTHFraVFveDFqbXJjcGZ1eEVoUktLYzFPM0JmVzJHd1ZpMjQ4TWc1SVhKcXJjSTlxV29KNF9Iazh5SmZKME9MaU5hV2JLc2Zyd0o0MHRTMVZMMGk4WmluZTlKcFk0RlZXZWowTzJj?oc=5
PG,2026-05-27,Why is Procter & Gamble stock up today?,Traders Union,https://news.google.com/rss/articles/CBMinAFBVV95cUxPNnlGcVNPa1B6ZlRyYzVpbWlRTFlkWHFGeElTYlYzN3lsbE1zRjExdkFvT2RTMnhpY1FOOG14N2xQM1lienY5Nld5cDRuTzFaZzlfRWdQUzBSVzhpZG96OXVHaDl4dVItcTA1V2pJVlFXblNtZGtpbHJJVjIwRkpVRTJQSC05SDV4a2c5Y280MWNwY3NXN1U4YzFPTEo?oc=5
PG,2026-05-27,Procter & Gamble: Priced Like A Hyper Growth Tech Stock (NYSE:PG),Seeking Alpha,https://news.google.com/rss/articles/CBMisgFBVV95cUxPdVNGa2NGRVk5b0w0ODFvVHYxVWRuVE80ZWw3M3NsX3h5MEppNnNvYU1YVVNIVHFZLTR2TW55MU5kYWdqR1VxTmhFbFR6QVUxWEtVV1dqTzk5Y1E3YnppLUNwVGJmYlFONnZ0blZZMnp1S1NBN3FfWUJvX1dMUWx5WnNxYUVfZVJwMFk1RmNjZnJRSVcxUmFUdDctS0RqSDc4ZlAtYkF1SUxydE03REZ2V3pB?oc=5
PG,2026-05-27,Procter & Gamble Co Stock (PG) Moved Up by 3.39% on May 27: What Signal Does It Send?,TradingKey,https://news.google.com/rss/articles/CBMiiAFBVV95cUxOMzRxWG9DTGtVQXk3N0hlOGo5X1NvazNBZ1hGQ1RPVVZPcTdjUm9MRHdidVBVTTBZWjhCQUg4WkxLM0JXUUFuZUpuVWlvMlQzdG55V09IUTFTYTBJbF9Ub2JJTFFuMTlYTEtSbU9aeFg3UEV5UE9CdU1sdnlfakRQbjFFV3hQb3li?oc=5
PG,2026-05-28,Procter & Gamble: A Solid 'Buy' With Some Caveats (NYSE:PG),Seeking Alpha,https://news.google.com/rss/articles/CBMikwFBVV95cUxQa0ZrSm9PeFhoZEFHR0xzWl84VkJuX0pjUkpOeS0yVUZIeEdLajJQSXZqWDJUSjk0WGdDVjI2OHdVSkk4dklSNUFWalk4U1JEMVQzamFjdC15WkFDYXhHMy0zRkRnVjlYMXYzVmpVUmlOVFhLX21aWE5vczFFRjJ6SW4tdTFVc1hXSnV6cnpkZDdtTjA?oc=5
PG,2026-05-28,P&G Hygiene Q4 Results: Net profit remains flat at ₹156 crore; declares ₹60/share final dividend,livemint.com,https://news.google.com/rss/articles/CBMi-wFBVV95cUxNanZrMUFJWWNaN3NjNzZ4dnlrR0tGVGE1bHBpdjNrbUo5b0ZhWEFMbDNhcWhORXpScHlqQ1E2M0Vadi01Q1NITVZOU0prYXJJYzhiMDB6eE5aTS1tVW9pWmN6RWV0REZ4RE5aZ1pRQzJ2cTNSaGFjc1hIZ3dNLTlYVmx1Wm9zOEpqd0R3WGQtYVBtbUZIWG4weHVEYW5GMXd1OC1ock5Fa005ckhKWndtMEVKdENUdF9wS2xPa1BYOXltNV9rblR2b0dPN0RXVDB5VWFmVFhFUW82R2w0V0d3Y3JINUFFczJHS0tTaXprQTUxTDVpSjJYMzNGNNIBgAJBVV95cUxOLXF2Z3lPNHNheThpNG1RdGlmWHpjWmNFbFVJOVRwNzBJOFJNTXQwb01fbnVwOHdrQ0dtaEEwbkszRkVOUG9hYkY0aE1pMTJMWms2d1hzWEFZYmdTQ0FsRjlVZUhOUmFka0tWRHVEZFVuT1MyY3JWbFZ5XzlaNGo2b2h0aHRERndRcWlXN2lzZHYtQmw0Tm00MlVTaFYzN3R5SlR3b1VINVhQWTVXUS1uYm84SUg0QVloRFQxQmhtRnRLWXhYdFl6LVJfVDVYWFU2QVJHek9hTDAtelVuaW5uRXlXTUpWTXFvOHpCTWdEWWxlOGFaMjBwTHVpRS1yNDJV?oc=5
PG,2026-05-28,Procter & Gamble vs. Clorox: Which Consumer Goods Stock Is a Better Buy in 2026?,The Motley Fool,https://news.google.com/rss/articles/CBMizAFBVV95cUxPQXR2LTB2VjN0RkEyR2RBWjdtOTV6c09WbUpqdnYyUmh6Q0ljbV9tVkN0T2Z6cllVVm9fd2otSjVna3RRcEhESEk2NS1LMG16OWxBaWlubm53NEt2WmwzYW1RTG91NDdqVHYyaE9ZT0c1NFo0bTdmcDk0NTdQVklMTW1BZWFtUnlrclZYNHRfMkU1WFUyNFhBRmZ2OEtJeV83alJ3VWtxVmg0UllkU1k3UHRFRGZ0QUFnMFAyRF9ObE5tYUIyWlNfRGxGeTk?oc=5
PG,2026-05-31,"Procter & Gamble: Good Business, Fair Price, Limited Upside (NYSE:PG)",Seeking Alpha,https://news.google.com/rss/articles/CBMioAFBVV95cUxPRmFPWk1kVFRVcnpnajloaGRLdTJPNU1fWFVOc1FiWXR0NEd5Nm8zZnZzQXJBUmtKZkRRNGdMSGFVTzRhcVJxVmpLRngwdWI3SEdWeFpUcnlDQ05DTXF1WXdnVlkyMXlJSEhEdnRsWllWV2t4WnBiYmpjWDR4MWs4cnZyM25UbWM4ZDhwTDJXY3h4WjRYUVFaQ0JiRDVCdmJD?oc=5
PG,2026-05-31,Procter & Gamble (PG) Keeps Rewarding Shareholders Despite Economic Headwinds,Yahoo Finance,https://news.google.com/rss/articles/CBMinwFBVV95cUxObWltM0RGdVhzQnlXeFFSN3RiVGVEVVVtMG1relhyaXpNQ1Q0WkxxX1B0Y3pHVG0yWHl1MDFHYXhqN0hLV2pQUEprTDJKM3Awb2drS1h1bmpLZUNjVjViQmd4R0ZiQW03WEsxX3ZndDNoLVE1dzE1WFJrQnlPOU9CSXBNeHBicU9mQzQ5MzZUVXRhdC1fc21kdTh0ZTAzaGs?oc=5
PG,2026-06-01,"Dow's Nearly 150-Point Fall Led By Losses For Procter & Gamble, Amazon.Com Inc. Stocks",Moomoo,https://news.google.com/rss/articles/CBMikAFBVV95cUxOU3ZPYkdiVUFBYXZpcVBSLTRTeXo0RjJHNUxJU0VpeWRKbnl1VmZwZUc5N0tfbE1qZXRVZWpsMnFPamVxYnJYZGtEYnpnU09XdHQ4bm9FY3kxQ09XMTc2MW8xa3dTclRNUlpCN0JEdTBTRC1NYVZCSXZpd2hQQllYbVZTTDVZRzFELUg4ZEVUdlY?oc=5
PG,2026-06-01,3 Dividend Stocks to Hold for the Next 10 Years,The Motley Fool,https://news.google.com/rss/articles/CBMilAFBVV95cUxQcjFRNV9Td2lVX1QxVTlBeG80WmUyTVhjMklXUElwS3NrMDVJMzE3Y19UdmN4WlByRlZ2Y0VORHFJTHhDUjFISVNKNGVOM3BXYlB5aGw1b3ZpQTJvWm5mWHdBSV9UZFd5RFNUQkptNkxESzdjQW5Ed2RubTZ0d1B6YU1Gd1FNXzRIMHJFRGEyQWJfbGN4?oc=5
PG,2026-06-01,1 Cash-Producing Stock on Our Buy List and 2 We Ignore,stockstory.org,https://news.google.com/rss/articles/CBMisgFBVV95cUxNNTY1NzF5TzJZT0tSYmhvSGJ3Ull5MlJBSVFKXzVFMURPU2ZNaUNSQ09oOENSZU50bWNVaEEzb3FjV0dWdUlDRmhoRGNNUGljUGFUTTQ5TW4xQ0IwVV9oSmxScDBLU2E4X19BeEZ5UmFYM091R0dPYnI4cVZUNGRjM2RNSnNEQjBEWnFMcUhwVVQ0aFdtd25MdUhxTGItM0dycGNfbnd2dWhKZ0tvN2pSZ3Nn?oc=5
PG,2026-06-02,My Top 3 Consumer Staples Dividend Stocks to Buy Now,The Motley Fool,https://news.google.com/rss/articles/CBMimAFBVV95cUxQUndLVGpYR0ZBb3g3Um5RNFdER1QtaUVNLVBuYmw1RkFKYU5tMndMY0JDaWtFYTNVZEs4OGlzUDZTdUxENzBGX3ZHRDdHR1l3aTYtNUhKNWJVWTJsNjRTMWdZbnBRUlc5R3ZNVElRRXBSbEJaLVZ5SmttaHVNd0VfMjAtUFpkQkZiWFM0TkhpZXUxd3BwWjJfMw?oc=5
PG,2026-06-02,Procter & Gamble Company (The) (PG) is Attracting Investor Attention: Here is What You Should Know,Yahoo Finance,https://news.google.com/rss/articles/CBMiowFBVV95cUxONE9GRmV2QmkzdmgxcUhCMU04bjJZbXhPUmhXVkRxM1RXWlBtcE9fZmhjSHBxTWhCeHJ0aVEzejZzTXM1Yzh4bklaV3ctTV90bUNWeXl6cUQxWE1RSlNfN2VtcmVINFBjZlk3eTJ5c01kVUkyMlpqWXZpMVJBVlZkbVVyMml2d0FVaDVEZlRNb2RnMDdzYnJialM3dlJEVHVrdlNn?oc=5
PG,2026-06-02,2 Stocks to Buy Now for a Lifetime of Passive Income -- Starting Immediately,The Motley Fool,https://news.google.com/rss/articles/CBMimAFBVV95cUxPX041Mi15RlQ2NmJxaGJ3akNiYUFveTFXQ2ZHb0FaWlhWM19kSEJPOGlfWEo4QlZDR2dmTDFLRWdfWGtiUnFOZ2ZJbHRhd3RMQTJQOUVlMGpRZnh5cmxwdDBCSzVxRmZlMzdpMU1kSGZBRldLZWpwenpoM3pPcGU3cE9yUHBmRWFELS1VNFRfbEFaMUFMRlJWcQ?oc=5
PG,2026-06-05,P&G climbs after upbeat quarterly results and reaffirmed outlook | PG Stock News,Quiver Quantitative,https://news.google.com/rss/articles/CBMioAFBVV95cUxPYTNDT3R1bEdZMDdpRWhnV0V4ZVZvZFNWUjRBcEtzazdWbU9WVlYxWUQ4MmtMT1pENTlPTWFoa056TVVxVmpBVXh5N3dhUi1oWUl0WjZQaENRU3pvSXFhVk5sR1hldlBrMktaV2RsMTlENE1kcXVEUzhCYW5BLXp3TERPMThfbDE1R1ZWS2hSNFFnR19LOXZRTzRFMkNZOGpZ?oc=5
PG,2026-06-05,Procter & Gamble Co Stock (PG) Moved Up by 3.30% on Jun 5: Facts Behind the Movement,TradingKey,https://news.google.com/rss/articles/CBMiiAFBVV95cUxNY2Fkcm40Y1pYLVVPRHFKaVhtWl9rWkszZTJfZlVjZXl6ZW9mZFYyS3JjNlNMTWxKV1NBaVE5R2JRbU1rekVpNGZHeWtaa3VXWXpzcDljU3BBTFpRaUwzeVM0a2s0MmJ4TzhjRVBuLWotdkRpbmN2TF9zbDVrN2x0OF8xaFNPR0lz?oc=5
PG,2026-06-05,"PG Stock Holds Up As P&G Pushes Native, Secret, And Tech Story",timothysykes.com,https://news.google.com/rss/articles/CBMiggFBVV95cUxPc01aRHd4QlBWWWJfZUNreGh4elE3QzVPMkkwdWRzcE56VTNhU0czRExlWDZhZHk2dGxJajRNRXJqSHMzQTFiTkV0bG04M1RsVW90TUk4Wk9iTDN3VVlHanlmbF9uRE1kRFlkRmlpcnlDOUl6MS1RZFhJbV9ZVEpxQmFB?oc=5
PG,2026-06-06,Procter & Gamble Stock Hands $83 Bil Back - Worth a Look?,Trefis,https://news.google.com/rss/articles/CBMivAFBVV95cUxNOEVyYlJwanhxbGNFS2Q1Nm93MDRQSkQzUXMtVHhSUGVRbEhKQUFXSm1TaVV1SnluNVBBbUMyMzlwbWc2a1V5d1h6VWhWZmhaOXZKUEJYZFR2ejNWUlRfRTVTMHdCbEI1czZXbnU1aWFJTi01VThSZ2RtMXhQcUJ2b1dnRm5SUFl2X3YyUkgtWGRQbFZlMy0tWnRhQVFrNmxyeEotQ19QRmV3UWxCeGV4ZGQwMDNHWG5NY1NJdw?oc=5
PG,2026-06-07,Is Procter & Gamble Stock a Buy After the $1 Billion Iran Conflict Warning and a 4% Post-Earnings Pop? Here’s What the Numbers Say,TIKR.com,https://news.google.com/rss/articles/CBMi5AFBVV95cUxOczNYdlI2eEpiSXRJQmphSV9YU2hqYmhoSE52YUtxZkFWVFY4QTVTak1wbkdxaFFJUUxRUGcwdUI5R0pmMFdLMWVidmZnVHpxWjZrWHNQTDNHa2NjdmNra0lKSnFlMGhuT01ubldKVHJnY0t5OV9fZzZRM1dsaG8xNEZ4d1Nob1BvdjNNdF84SVI3MVR5Mk84QWNaaVdLd2JlQTZnNHp1OWFhM3JZbDR1TEdKWnRxckRQX1Z4c1hnTkpuUEhpTWtPMV9aS3E0aFBSUDZER3ZRN01NN3dhV2Z4MVRCZmM?oc=5
PG,2026-06-07,Forget Wayfair: 1 Deeply Discounted Consumer Giant to Buy and Hold Forever,24/7 Wall St.,https://news.google.com/rss/articles/CBMiuAFBVV95cUxQNmdYOUpsc2Y1S2dSUDZlN2tWYUs5bXZRbTZvVWZ2QzZyOFlteEJPLXJiUHVlRGVpVGlNM19NZDJrUlIwdm9MNXJBS3A3b3JfYmNfT1B6aTR2Z3FIa20zUUxsWHpYOG5kOTYxNHRpTkhheXJJRTR4NnlRZDdiTWpSSzdCUVFxTloxOG1CQ3ZRczV5MGNJOFNhRFdMY2RBVWMxblhkV3ktNTFuVnBnUWJKZmxiQWhRMjQw?oc=5
PG,2026-06-10,1 Plain-As-Day Dividend King to Buy and Never Sell That Has Paid a Continuous Dividend Since 1891,24/7 Wall St.,https://news.google.com/rss/articles/CBMi2AFBVV95cUxOSlVTUFFJOUtGc1ZUS2V6NndHM2NCSEFuY3VPd3psMng1TElzeXo5dWpqV1lqZkJxcVRVa2JQemc3YlhhbWpVXzJBUE1fYmtMQ2h4WUFXRHFIUXY3UGNsVUlKbUNTSGNpWmdpZHVPM1R3aUxpblcxalFwcWpUa2t5WDBPWjJzZzFXdVUzd09peGJlS1QxT2k0amZCZEJjNzM2aXpxY1ZsazFyaFdZRkU2LXRxeTB6bUVTVFRaMzc4XzZiWUtlc2gyeEFwUk4xZzlZVUlLbHRDSDg?oc=5
PG,2026-06-10,"Zacks Investment Ideas feature highlights: Eli Lilly, Home Depot, Procter & Gamble and Starbucks",Yahoo Finance,https://news.google.com/rss/articles/CBMiqgFBVV95cUxOTFBhMjNHaTJObnBuNlgxanRrMHlFMGhxSzlBRUdYM3I5TkhqZ280ZGJDQ2ZmRjN0dG9YVTZXTlNyNG1rQWEwVmZmVmRxTjZrRnBwalBvdkthRVlhNHpQNm05eHdWSWxNMkI1RTJhM29ycWpjUEZBVUlmbmw3OHdPUVZpQTFrOEdOb1FVT2dQaUduSU9fUW10R3N5OVU0Xy1YZWpiYnJpYkYxUQ?oc=5
PG,2026-06-11,Bernstein initiates Procter & Gamble stock coverage with $156 target,Investing.com,https://news.google.com/rss/articles/CBMixAFBVV95cUxObm1IRzVsNV9fcXpBZ2pJRG1rZWNyYjFPRTVkeGEwbVhweDc0ZGR6cTFwVzYta21JLTNqMjliRUMxa3RtOHBUS0F3LXI4ZXpyd3V3d1B2a3EwQURTbzdqSC0ybkpvNVllMG9PUFdRRllaTUh6N3FqV21tSTE5OUx4ZTVBdUNuSHRScGl4Y2ZzRmphZWJGZkk5SzZ3ZEc4ZjQyenRIWEtROWlUYUhHdlVOOFowMndJUkUtY254X1JDZFlTeGR0?oc=5
PG,2026-06-14,Why 30 Years of Dividend Growth Makes One Consumer Staple the Ultimate Buy-and-Hold Stock,24/7 Wall St.,https://news.google.com/rss/articles/CBMizgFBVV95cUxOX184ZVF6VGY5c0NidzJKbFRmXzJWUUFJLUt5TWpVSXlWcG5YTkw5bzczX255TEU2MElzSUFoUlRUMS1uNUZvWlBpeVUtdThkemVkT0diRkhlbjJBWmh6dGt3b24wcGxJY3JmdUhIOG9jY0UwcUhLTC1WVGZWbTJDWTNFa25ZeVAtQTFBenRHNTJOMWpfclVfVktlWWF5eEhkeExwc1pRNXUycTRpMmNGeWdrT0N2YnRtRlZRQnh4OWdpNEtzQmU5UHlYWm9JUQ?oc=5
PG,2026-06-15,Limited free Mr. Clean Everything Shower kits via NYC beauty billboards,Stock Titan,https://news.google.com/rss/articles/CBMitwFBVV95cUxQSW5tVS1QVlRCbzhmR0VFd2tuaEd4ZDl6aVQyN1VRSmdxMVRmZUJ4U012b1dvaWxDNFRGdjNVNHdDb3NpRWREbnhvWXBISTRqdjZhMDhwaXJQTS1oZ1I5QmtHci1rb3QxUDNEUXlkRmI1ZnMxTVg3ZjcwRDViOGdkajAxM2JHbncxU3N0d2QyYWRLbjg3enRBVGV4R1BMb09UWEN2TE4zYVl0SDUyNWtnaDRpRVRZdFU?oc=5
PG,2026-06-15,"Procter & Gamble’s Q3 2026 Financials: Organic Growth, Margin Inflection, and a $202 Target",TIKR.com,https://news.google.com/rss/articles/CBMirwFBVV95cUxNbE9ySEprYXUzOE5LT0g3ZVFMcnd3eXZlVVU1UFhSOWxSQl9IUTVLN0hPVG9XLWctUGlyY3dFNGFsbC1Mcnh3NnNZTHdBZE93aHpnWTZpbjM1S0ZJamZUNjduUGNUMGF2dUlGcjdVRWdTSDN6OFNiMHZnR3JzNjB2M1JqbEtzSzRLSmwwaG82Zkl2OTdnUHpRUFZnYmFYSXZOc3R6aEdLa084ZnhycTVF?oc=5
PG,2026-06-16,Worried About a Stock Market Crash? 2 Magnificant Dividend Stocks You Can Buy Today and Hold Forever,The Motley Fool,https://news.google.com/rss/articles/CBMimAFBVV95cUxQUVdUNG1mdzZaZVUwNy1tR29pbGhmb0M2TE05cFEydlh1STAyVnhrYnFfM3BXNWowWWU1MWR5T1d3SWNtTTJkN2JyT1drMVVmSUd3eFRDV2hFeHlUNko4RXBPMUdpNkpocHVENUZwSTJNTGhBZ1NtcktkeUFXbVl3aGJKdU1WYzBHZ3hGOHVGX3V0M3pSZzkwZg?oc=5
PG,2026-06-16,Forget P&G: This Defensive Cash-Flow Powerhouse Just Beat Earnings and Is a Best Buy Today,24/7 Wall St.,https://news.google.com/rss/articles/CBMizAFBVV95cUxPd3dUUGpDLXFlTzJra3ppQXJkWnB3dW5vREdSQTZqZjBmTEhqTmtRMmxOclZvQV91ZURZRDkxMkdJYVJ1WFZwSWU1RmxxeEVPVXZCYVFUR2tUWXZhYTh6cXNsWjhwM3ZucHhHUEpXZU85VkJpcmNScnVvcllHWW9rZjlNSlphR3NzYzltODc4TWxxWVJndUp6VzloamRCWGVjX1g2YkhQa1U1NGlUSmUxNnAwYkFVTEluekdVMzdyTHN4V20wSmtjbTZuY3A?oc=5
PG,2026-06-16,"Premium push shields Gillette, Whisper makers as supply chain costs rise",livemint.com,https://news.google.com/rss/articles/CBMi9wFBVV95cUxOSDZTTmRJWGVybm9jUVQ2VlUyaGpIbGtvaHl5dXF2Y3BmbXZjNU92bkxEcnhhN0tWN1lPcnlXMWl3ZEFnbWlzQmY4NDY5RU5rNnowd2Y3SXNqTEpFdTB2Zy1MSXVkd3prUTltSDdwTWc3bnY4OFZZQllkMGZscDEwVFJmOFkxQm14MThyRmhpNEhLNnFJZ3poNUloc2U3bHpnU2M3UUNPWTNWbTZoU3V3ci1nSXI3TFI0Y0xJQTEzZ0ZORDlmRUNCN3pBTjJ5SnBNdVgxWG5FTFA1dVc0Q1F0bWNSQ1ZzcXhoMnpoVllhZVptbl94Z3pR0gH8AUFVX3lxTE0yY254U245MTVRSlIwN0d3dG9OSVd4ejdXcGlXUjlENzhxQW9TdVFfampvSUhrTTNsZGI3NjUtcWZPNFN6UWRveDg1eEFnSXFpd2t6SGhvMDZZME8xZWJTUWxWazI2RUViR19qcy10Q1pXd1pkS0JET3pNN1F0NGRzSUJvdTBwTV82dlNGQkJkVjJWd3ZyNW1Ra1ZHaXZyaEJMYjB0OVMxU0w5WjBfUlNkSlNQUVMyUjlXTkpITUNnVkJMTUlWQkd4NVVSMGxhNFo2ekVNX0hwb2dPM0JsMWpKdmVyOFNQeVlfWVI1LUdkb3VNekNCRjN0UWt5aQ?oc=5
PG,2026-06-18,Volumes jump at Procter & Gamble Hygiene and Health Care Ltd counter,Business Standard,https://news.google.com/rss/articles/CBMi4gFBVV95cUxQcEFKdWJSdlZ6TUp4c1Itc3ZxTVcyZzBHajE3M0lMTlRONHZsQnJXQTJ0cXp5X1EwRFFRbXF0aDNPYjBHVjF0MmF6OURMRS1nRm5NMmk5ZzJUbzdwZTBDN1l5RzYzV3R6d3N3RERiOXktenRUNVZnemEyMGVzYUJyOU05WjlfRlNLenRvVm1OeDY1cXJBNWtxUXF2QTNJZm1sRU1Bc05DNlhJaEc4cDNHNGw4UWZXOUd2MXhNYm1jSGZXd1Q0by00YXRIZHRwcS11UFVaS20wdmRYUC14MGZZVjNB0gHnAUFVX3lxTFBjelhXQlpJdjFuOXFDMnBLY1JwdXN0SkFkOFkyanBrbHZOLWViY19MS2JTaG5ua2x3QWVPU2l6S3hvR1FlQzloeEtYdlR0cEd3aHMwXzJOS0MxSkxyVzgwbFZnWkVTbXZpUGNsckc5X25ISnpKS3MybTJuS0hUbVZjM0doTVptWlB2aGtURjB0a05pU2RzTGN5NUdyRXM1ajJyS21fUDRveEM5Wl9kU2lwSlE1VVNybXZFTXdPazRzNl9xNk54amVtanhRSHNVLW9tQVZ5eFA2eW9GS1B3enhhNWhtNUdQTQ?oc=5
PG,2026-06-18,Stocks With 50 Years of Dividend Hikes,Barron's,https://news.google.com/rss/articles/CBMigAFBVV95cUxQVVZ1N0oxOWp0TlZsVFljQUllNEVuN2tkQmZ6Rm90VTZPanR1ZFhtazlSOWxqbG8xS2VWWXBZVlpqVW1JOXVpOVFyc2xQV3JqVWdDREVqcmdrZmRvRWI4OHUtalpHdzdwd3dUYm9yelVrYkRXenRHRVpTdG5LblR4Qg?oc=5
PG,2026-06-19,Procter & Gamble vs. Colgate-Palmolive: One Dividend Giant Stands Above the Rest,24/7 Wall St.,https://news.google.com/rss/articles/CBMivAFBVV95cUxPLTV3N3BlMFdkMXE3UHpXMmRMRmhTTjV3eXNHdkRqRnJla0JURjNWc2Iwc1ViTkJwUnlZVjk4Zlc3QzRFNkZXMzhLUWdvLWhCbVR4X2RTaWtPb1ZiNGp3RUZBcnZpZGhxaGtubmV3Vms1bmhvVFlsRV9pRUg1NkhuU05tZlhweUJIMHc3d3pBcEdNVDdXYmdXdWtQdTdaU0xYb2phNWNwX05XNVNHQ0FWSFJCdUdFT1BCd0ZmWg?oc=5
PG,2026-06-19,PG stock stabilizes with institutional investors adjusting positions: weekly review,Traders Union,https://news.google.com/rss/articles/CBMimwFBVV95cUxNeE93dWlIOW52VUcxcUVEZnRjWHVaZkxST3I5TmM4ODZfLS04VWJBSXNrMmVpREg3OUNOYkMwWHZWdGJBajBmbjdxTUgwbDBpQWlMVjJFSHBoSW83cVI2RDM1SUZtSGlrZVhWVTl4ZjBFZEE2NVIzczgyb1k2aE5FLW5TdlVuaXJLRkNWN0pib2tyY0VuQ2luT0tUdw?oc=5
PG,2026-06-22,3 Reasons to Avoid PG and 1 Stock to Buy Instead,Yahoo Finance,https://news.google.com/rss/articles/CBMijgFBVV95cUxNTEtGLTlIdHFPUEN5QS1tX1BZd3QteGRrcmlXOWUyYmVzRHRDVEVQMFZpN01fQ2ZLRm9kZDhGcUdxLS12V3lGN3pKS0thNU5HdUxiTDNrWklzRnZvZHZpOGtCdjF3YnhVTy05XzJITVVKeDlHcERxQTFTWTJrTWJCTlAwWEtGSngzcUtWRkNB?oc=5
PG,2026-06-24,Native adds 24-hour moisture to body wash with shea butter,Stock Titan,https://news.google.com/rss/articles/CBMitwFBVV95cUxONmltbDh4Sk9qUTVuVUIwWWNRSWxUQjBxZ3JCQ2lFN0k0MHZOZzU1WXIzUmxLc28yS01oYkFxOEdjQVpBZExrSVRFc3VtUTBlNFB1VEtpdHU2a0tKcWNuanZBRXZRMHRVV2JlbHBWNjBad3NxaXZwaTZwRlNDRjB6cFYxQXBDQ1hYeFF1TjNKYlIyUkN3NlV6SjNFY2x0VHlfbzgyQW9MLTc3YWhjSFBOUXpSYVFRSjg?oc=5
PG,2026-06-24,P&G Is Down 16% From Its Highs: Is the World’s Best Consumer Brand Portfolio Finally on Sale,TIKR.com,https://news.google.com/rss/articles/CBMitAFBVV95cUxNNWNvNkg3dmFISVFQbnh3bUFfM1BnZTJtV0p6MkNWc0dteEtDZ2ZIOVlzY2Q1XzI1NTd6NFJUcEFnZzZvM21xVXJkbXB1d3pEeEhvUEh2bmNqTGEwUDlPbEhaLXJrTjhRSngyVVVQUUhmQ2hpREJzQ3VoNDZTeXJVVXBOUkNGYUhUU3RadThISG5PQlNpU3NyOFZtcWVyV29RZm5mdUlyMkdmU2x1YmtCT3hnYVo?oc=5
PG,2026-06-24,Procter & Gamble Shares Rise as Consumer Goods Giant Maintains Guidance Amid Steady Demand,International Business Times Australia,https://news.google.com/rss/articles/CBMimgFBVV95cUxQRkQyNHNYUDBJYkdiTzd0Nng3UnVYbl9ueUh3RlQ2U05HcnMwUmtzMnRzR21zalRTcVBlWGU4Slo5ajNiSS1XYmt6WkZIWk9pLW1HUVdZRjBvaDA1RFN5emZVRVdXdlotWmw0b0JNZGRDRTI0ZVF2cUtldE5YYndnZmI4OFNrZXE4Ump3ZXJDRGRBS0c4alZuZnR3?oc=5
PG,2026-06-25,Here's Why Procter & Gamble (PG) Fell More Than Broader Market,Yahoo Finance,https://news.google.com/rss/articles/CBMilwFBVV95cUxPd1ozaEdfTi1nd2RpMmxGMXp2c3FJTkRSY05TOTVKQXB6Z01OM2FRZHdteHhNMTNxMHZURXYxVENta21zZFVhbHVHdklhcGUzelc4V3NGdE1XUnJFQnEzS09PRUR2NlpNRTFpd0lSX0JhaVhfX0FnVEVsUk9Oclh2VjdCSXQ2czdaRG9HY0J0R3JrbDdIWmdj?oc=5
PG,2026-06-28,3 Favorite Stocks to Buy Without Hesitation,The Motley Fool,https://news.google.com/rss/articles/CBMidkFVX3lxTFBrYVRsVkU0Y2xtLVRyZEhRSldBMUtpNWFITnBHMWh2d0dRdDZHVnE1d19aNjRmOTN1UjVBVXVwV1A3RkJPemVDZGdBaUxmRmkzVjRBX2lwNm5TS2ZEck0wRjQyOWRhSXFFZXcxQXkyUjBkOS1DYnc?oc=5
PG,2026-06-29,Here is What to Know Beyond Why Procter & Gamble Company (The) (PG) is a Trending Stock,Yahoo Finance,https://news.google.com/rss/articles/CBMimwFBVV95cUxQR1ljZ1RvQ2RNNXlxdnhUaFZiM2thTEoyX0lPMzhIT25QbGFLUWgxalBkZV9xZWlWZ2o3N3UwN3hXOUM4Q0NSdURyMUJzc21DTGtvT2pEblhuRm80eFRITnh3dWJDeWlYc2dEQVRvamk3cTBfNG9aamVlR3JmVEFLSHZ3M3R4cjg5d3lURlpnWkZiTERRcG84R3BzNA?oc=5
PG,2026-06-30,Procter & Gamble (PG) Stock May Be 21% Undervalued Following Its 70th Dividend Increase,Yahoo Finance,https://news.google.com/rss/articles/CBMilwFBVV95cUxOSVdfalM5TjdwTVpodmRoZ191T1lpV29rSDZUakItaVZERHZrYWw4ZE51MDVNbUoyLUoybHlBdFVfOGdiTWVxVXIwa2QwVXMtTFJtUExtWnFWWHQ4eWVqaUV0YWFzN1c3NEZzWDdORnFjZmNxM0tUOVlPTklTNGIzVG5DanN4T1U2b1B1V1FXUVJmalE3Rlhj?oc=5
PG,2026-07-01,Procter & Gamble (NYSE:PG) Schedules Earnings Webcast Discussion,kalkinemedia.com,https://news.google.com/rss/articles/CBMipgFBVV95cUxQLWF4blQ1emlIRUxBd2VMdFUzZGFjMTZYMlNEd1NHaHpUTC1nUmU3RFNzMjg4T093YlNVM2FtWUN4dWV1WUhlNGtwNTVIdzkxNHdHSkIwZzFDV1N4Znl1TXM2Yk5BSUZ3aDlocXZTa3BJOUNINWxEMnRKbzlMU0NieWVCanBEQ0wxYlZiX01yTDY2dE1YdGFHeFBQcW1kd1VVNm5wMDZB?oc=5
PG,2026-07-02,"Procter & Gamble: Quality Priced In, Patience Now Required (NYSE:PG)",Seeking Alpha,https://news.google.com/rss/articles/CBMioAFBVV95cUxPRnRyMzFCNFJSMnJsLW9PLVNlcDllMnJTaDFBakFtemlhSDRkNERjSmVPYXZ2dlBYOHZZQU5UU01aRlY1YUlaNnppOEFYei1zM0JUSDJESlpDYnR2ZERDSFRaZ3BFZFJBa2pyQXJyT0tCS0lYVGFUcVg5YVM1by1JQXB5ZnRmeVNVZ1VCdndSR0JyRzNwYlRQZG9Kd2Nkb1FG?oc=5
PG,2026-07-02,Procter & Gamble (PG) Stock Moves 2.70%: What You Should Know,Yahoo Finance,https://news.google.com/rss/articles/CBMimgFBVV95cUxOcDhmVmFRRW1NZzZoaEhfLTIxZWNWcHZKaXVyQ2pFLVRQUE1NYm9UQ0JaNzZnc3dTdWhSbS1PVVY1Zk1UY3E1cUthYzQ1c2pnQWo3dUEtYzlVbkZzU2J4WEZ5aWZUV3k5R0tWdGxYYW11NkRoUWRoZnBzcFNMQm41UDd5UEtiMnBKZnh2MjdWTU45M2FCVnQ4cXl3?oc=5
PG,2026-07-02,"Procter & Gamble: 70 Years Of Dividend Growth, But Little Room For Error (NYSE:PG)",Seeking Alpha,https://news.google.com/rss/articles/CBMiswFBVV95cUxQcHFwcVl4MUprYXAtWVZJVVRncWMtLXQ1MlJNZjlZQWNSZ0l6M1IzR240MG5pOE1RNTRnWmZWZmxMcFFSUHdvWVE5S1IwMFA1TjhaY0dvdG96ejM3S2dDNlMxMC1PZ29XZUI4SHJvWmw1TkV5ckVjYjhnaDZKT3J2bG1QRGt3bWZWSUQ0a0M0WmhYQ25xcnZQdnZJbWJXUzA2Z2ctanY5eW1UY1FoZUllNk1hYw?oc=5
PG,2026-07-03,Procter & Gamble stock consolidates near $150 with MACD flashing sell: weekly analysis,Traders Union,https://news.google.com/rss/articles/CBMilwFBVV95cUxOclpFZ0JMc0JDaTVrZlY2ZFB5cXJGcHpNN3JkN0NaeGtzS0Vid3JBTDdnMGFoUUV2ZnRPd2M4azBuZ3BDNDlqdlNURFVwSUhFLTR1bkVVeUhlZFQzdS1FLXJtMExsV2pqaFpWVjQ4NENqYWw2bXJ6VlluWnJEWmpKNmEtbmd5QlJaZ0VzTk92QXpYLVNGTWI0?oc=5
PG,2026-07-04,"Procter & Gamble vs Colgate-Palmolive: Two Consumer Giants, Two Strategies, One Invests, Other Optimizes",24/7 Wall St.,https://news.google.com/rss/articles/CBMi2gFBVV95cUxQYWM5cjN4dU5KQzhZYmI2eWc0VkRGenVOQmtpdDJFUmVuaWdONXMtUjI3N1h2aV9Yb3l4V1R6SE1hbFRsLXpIVW9BZkdsSWpFWXFwYTZRYWFQdF9qaHZjcXBMdGtMbFptdGhrRjlBclg1cUFISHdKYU1Rd1Q2Tm9reDJNU3RaR3pQZnBnai10Ml9JemEydHY0OGpZNlB3QlVjNFh5X0ZWdklmMGxKZFJ5blNWT0RfTlN4U1hTNHFUUTR2VEFGUVhxLWJlaXdtdFlhRHBENGxFT0U3QQ?oc=5
PG,2026-07-04,3 Dividend Kings to Buy in July,24/7 Wall St.,https://news.google.com/rss/articles/CBMigAFBVV95cUxPNENKMkZYUXlnTFd3NF9SclB2c3hIMlQ3YV9hRVRqMGhEd0dLZU42cEs5VjQtZU1Sek1ZSWd5T3ZvSlZIV0pSUXNOZmNCblV5c2NZYnJRMFlXWmxmV3JHOFJlUDF3anJNNW9CU25BRUZ2Y2VXSG5neGo0N0taSFRHVw?oc=5
PG,2026-07-04,Procter & Gamble Stock Keeps Sliding. The Dividend Keeps Climbing.,TIKR.com,https://news.google.com/rss/articles/CBMikgFBVV95cUxOQXFheW1hY2xhdmxaQ3lDVlBZaE5oX055VjMyYnJQbzNiQW5SOXMyTzFPczJrVkVkdW5zNkZCRklVTm1JYUtHQlRFVVlMdTNvMkxIdXBHWFFKa0J6bXJoZkhxbnQ4WDdqUjBsWkJsZEdIRW1HbDNLRXJ1dFoxU0xMRnczQVh3cTdaN3hBdGgxamZyZw?oc=5
PG,2026-07-06,Febreze makes soccer's gear piles and couches its next target,Stock Titan,https://news.google.com/rss/articles/CBMiuwFBVV95cUxQRzZrbzNOMVhUX2dPZDliYTV2MEFodmdhelBmZ3pFd1htM2RJdHlsS1NvQUFXVWtYQW5HNHFpSElnSmNxX0otMlJhRU1QSGNHb3loTlJXdnRaLXpTazlrWDA1Vl9LWkc2VmJtaFNKN190TzdSZFZfNU5kZ3BtQU4wY3RHbUdFYWtLWkdRNkpuX1lma0xUWWYwcGZ1eW9yck00ZXdiRG9qM1JiZnNSNUNvWTd4VVZnckhRR0pn?oc=5
PG,2026-07-07,Procter & Gamble and 6 Other Stocks to Buy Ahead of Earnings,Barron's,https://news.google.com/rss/articles/CBMigwFBVV95cUxPUXNPX2MzVkZBZHp5NjBBTmZ4TFRDZVJEcVNVT3BGazFPaUswbGNySWZYbzNDTlNWNjlZOFUzUFBiU3Vndl81WElVeUZqQVpIVXF3RDlQbEdkMDZ2dkg2WDF1Ml9tcWg1Slk1STVHcGlnRTdmeU9NSGVjaEpTYjJYbHVRYw?oc=5
PG,2026-07-08,Procter & Gamble (PG) Dips 2.5% as Defensive Stock Tests Support; $141.49 Level in Focus - Bollinger Squeeze,dars.gov.et,https://news.google.com/rss/articles/CBMiwAFBVV95cUxPaWJTNmxueGNMeEJWX29QUHRSY2pZcVB2U0UyeXkyaTdNSGpYd0gxZm0wZ2E3cThwR2ozTTV0UW5oYy1Kc1FERmFtelBUZ1hNV1dWTEl6ZTRvWnJTR2xtbkFHcFkySVRaUnVlN1c5TGVFUWJtUlh4WFhzRDNOWEV4S1k1azZ1SDRhTzNLUjYtU1lZenVDSnpheUNsN1ZVZ2tZc21VWTlfOGc2SVN5WVVqT1ZPSHlyU3k2QWdZSnM2OWo?oc=5
PG,2026-07-08,Procter & Gamble (PG) Suffers a Larger Drop Than the General Market: Key Insights,Yahoo Finance,https://news.google.com/rss/articles/CBMingFBVV95cUxORHVON0NqUGx6cDBlYk52Z19LSzRteW1DeWVEbU94eDRBb3NzbG5xQkVmQ3lfTm9Ld01pdFlMbGU4WWQ4YW9FV2RHZ19ncFRWdU5OSDFiX00wUjdRWFVTQXhKaXVoUmFOOTRuOGt5aDdSeUVxc1NyWjIxWFhnZW1wd29GdE9PbktNMzZxd05IVXFCcEFJMTg5Ty1kRTNRZw?oc=5
PG,2026-07-09,Procter & Gamble (PG) Stock Sinks As Market Gains: What You Should Know,Yahoo Finance,https://news.google.com/rss/articles/CBMimgFBVV95cUxPZ1lERXU2OU9pY1poSEhwZk40SGhwaENmVllwNjhFd3Zyc3ZsU2JNWGh0bDliVXpWTThISXZUQXg5UTRLZzBXQUYxNFBOTXYwVUlhR1M2WGRlSGNxRTZHYjNQYUUwQWVWcUxycmpidnpndy1nX3IzTEstOGE3NEU1UmZPSzhfbDJnckVzMXczTmNRRTk0YVRVeUln?oc=5
PG,2026-07-10,BofA cuts Procter & Gamble stock price target on weaker sales outlook,Investing.com,https://news.google.com/rss/articles/CBMixwFBVV95cUxPUUNKaFBIbjB1WG5wNko1MjRhRFVFMTkzUjdMZi1JWC1qekFRQl9BRHlNN0thal9rT1RycG1HLVhlakNQNDE5RnI0RjdpY24wekRFVmczam00c2JqU3k1dUZqbUl2R2YzZXJKempwZFp2X1VGQ21TaHBaTWJzLWY0VWNmcm9vV21jWl9fNld4Zm5EdGFQZmF4WlJnaHlzT2tBckZ3NWZ0WkJNdWgzMWJSMl9aeUV6SVdwbmpLQjcyTlpucS0xZENj?oc=5
PG,2026-07-10,How to Buy Procter & Gamble Stock (PG) in 2026,The Motley Fool,https://news.google.com/rss/articles/CBMimgFBVV95cUxQQlZvdjA5bkpyQ3VJekpzRzM2b0lJSFA1aW83QjdLX000YXdMYU9JLWxxODVFTjRuQ1YxRW9CSmdGVUxydDZ5SEV6c0NiYmg4RDlka1k2LTdGaDRJZlI4aXg1eWxkSjZCVElYeExPTFNWWnZKRF9uWTE3d243U0xDZmVGaE9TS25qN3EzLUtZWlV5NUFsclVjd0dB?oc=5
PG,2026-07-12,Procter & Gamble vs PepsiCo: The Better Stock For Passive Income Investors,24/7 Wall St.,https://news.google.com/rss/articles/CBMirgFBVV95cUxOU0xBamZlWmw5TXdBb3EzTVRoNVpsMDVxa1o1bHRUWFFucUo4QWNtNVJqVUhoc0UxNVdVbXlLbHBVU0R4U2NwckZnVkhOWUZ6RGU4WkZzTGZJalBlRFFtalRMLTlaVFJVdHNzbGR2Z1FFQ3g3YndSYVFESFQ4SU5jNlFmQ1lzeGN5TGdfbktzOWNfUVVZVHdEaEI5M09hZUVjTVJRYXUwZkxoSnlHZ3c?oc=5
PG,2026-07-12,Procter & Gamble Earnings Are Coming July 29. The Trough Quarter May Already Be Priced In.,TIKR.com,https://news.google.com/rss/articles/CBMisgFBVV95cUxOS1ZtY190UzZyMXpKV0R2UWw2LTBnT2lSeFI4dHM5X3liSHJOQy1JRWlyTmdIMFNZd0JBX2lrcjZRYmtRb3l5NkZKa3dLTkNfS003MUVhOEdTNG50aVFJWEx5Z0x2cmhxNlBFQ0pXYlRxcm95SVJkQkZuX1BPTTUzY2Ryd192UFFVQmRsREtFMHF5RERYWVF1dWU0aFB2OHdxV0ZkRDFDODFKWlJUb3BhYlRR?oc=5
PG,2026-07-14,What You Need To Know Ahead of Procter & Gamble's Earnings Release,Yahoo Finance,https://news.google.com/rss/articles/CBMiogFBVV95cUxNS0xidkpTSTN2cG8wSElacG5XYjdQYVBQV0Itb0FEdFd5VTgxb2lkWEJCNDhrRUdpM3ZmZ1BQZGllYWsxQ2RsN0xHcXlFbThpeVVlS3l5Z2IwTWJCbWFEdVpiWU1lQmptWXlOazVrbnNPX3piQkZiLXRlV1R1Q0t5clZxb2hwanZ4c1V4OTNMTmNleW1DcjFlMVRweFFHZjd5cVE?oc=5
PG,2026-07-14,"Procter & Gamble Just Declared Its 70th Dividend Increase. Here's How Much $10,000 Invested Pays Annually.",The Motley Fool,https://news.google.com/rss/articles/CBMikwFBVV95cUxQdUwtUWVCenVvTnFDOHh6WmJtT0txaXRYcFNtRjRJN09kQTBKX3ZLMTllbzY4b05sWHNWUVdPNXIyOXZLOFNuRFVxSzcwVEFyZE9oOVR1Tlg3eXVoNXNuN1k4UUs1SERpeWJxT0NfSE9EaENVc1NRV2VjU3BNQlpnb0FYQWRuRFlPdjRsM294Z0p0RTg?oc=5
PG,2026-07-15,Trump's day trades include millions of P&G and other Cincinnati stocks,Cincinnati Enquirer,https://news.google.com/rss/articles/CBMiywFBVV95cUxQX213MFpnaFEwSG5BVWMwdkNfR0c2RVdWeVdGa3dRM2k2OE1KaTNCWHZhNnZnUHlSOWY2aDhUbWZ4d2pwUTltcG5haTRIR2FkdUt5MlN5aEw1Qmx0SkQ0QXU4TTZHSE1GMkRhTVNwLWlaU1JtdGN1R1gyU0RyLUtkYlA4UWFQR3lmbktSU1FhdzMwMDV3ZlVVVFhYam9ad0VsR3hPdXJ0WUtIQXllLS1kU3RoYTBSR1RQWGtiNWVmSERGWjBUcjk2NmcwSQ?oc=5
PG,2026-07-15,Procter & Gamble (PG) Outperforms Broader Market: What You Need to Know,Yahoo Finance,https://news.google.com/rss/articles/CBMipAFBVV95cUxPdzVwbWZYdmE4T1pNcmxEcHgtaUlvd3dLeEtoVkhCZzhyZ2oza21nV00yQjNKS2wta1hfS2tBdVE4Z2J1UE1ZbzJZa1hDTDE1TlV1VXZjM2duemtDLUdpeU9tU2tIb2NTUE0wRUd4NTFQazNwQlBuT2ZtczBPeEFYZFhqa1RsWlhaYW9tbGFwZVBJbmN3Y2FUcDctbTJoNUVQd3hCZw?oc=5
PG,2026-07-16,Procter & Gamble Has Raised Its Dividend 70 Years in a Row. Tariffs Are the First Real Test in a While,TIKR.com,https://news.google.com/rss/articles/CBMiwwFBVV95cUxOZUlxV0Y5MThZY1lrcDJXckRrRElvamNfR1BJNzkwajA0bncwV3NRYTNjMUFyZS1TU0tBcUVFMEFjcXpjdUdUZUZRaGpDSDZkUE95WjhucDlxYjUwSUhtZHZmblFsMy13NjRnZEtHUzZpN0hiV25WdF9HNFhuQVZPX3BJVzRndnhWOVJVa1hfOExqQTNTS3FmakRBM3FLSk9PZlZpYmk1czhYWEVqdGFxRmZtQmNmYjB2dkY4aC1ZQUF5dWc?oc=5
PG,2026-07-16,How Procter & Gamble Company (the) (PG) Affects Rotational Strategy Timing,Stock Traders Daily,https://news.google.com/rss/articles/CBMi4gFBVV95cUxQYnV3UDVCS2hQbGh3cnpZSWZodnJFenpNQTVXNzBscnpCOTNuZjgyWGRmZ2FlbEZweldNU2cyR0FFWWZSN2NybGhHN3BHU1RVY0tFeFFGa2tHSjJVcHZ0b0hJcWJfWXY0UVpnY0M0OGh3TUdjTmlsNml3cWU3ejNzNnJmU2ZGZEx2d2ZDRFA1ZUgzVFQwY20xVGs5V2pPREEwU0NoSGQyTnYzZng2MVdPSjBfa29RcFgxcnpUU3JWcUc3QmJhTkU3WWM0Q1Rfb2tCWHRxbzJNdVdWcG8yTDdiUnRB?oc=5
PG,2026-07-17,The AI selloff sends investors back to the oldest Dow Jones stock on the books (PG:NYSE),Seeking Alpha,https://news.google.com/rss/articles/CBMitwFBVV95cUxNdDFYS1k0ZkV6bUdvM0pPbE41QnJ3LTIxNC1VbWdHbFNEUDJZMXFUTDFYOWFzV2hMU3IwaGZuMXlkT1NndS1XN0VDYjJEWGJJem14WkRRMS14Nm5mRWU2a3NDWnpaTk9QZHl4Z3lhWjhISHNBdWFDckFrOE51eUFuTGtQTnZCZW9sWlozemZfSW9yb0pfZF90aDFfQlJJQWdGaU9CNXFNT3Z2aXNkaXhBb3Z3ekk0TnM?oc=5
PG,2026-07-17,Procter & Gamble Has Raised Its Dividend for 70 Straight Years. Only 5 Other Companies Can Say the Same.,The Motley Fool,https://news.google.com/rss/articles/CBMimAFBVV95cUxNamZQWDBHVGFUX0RKeW52TzBoUHEyal9VclVzYnNzd0V2M1J4ODVrQlR4V1BKQVVNSW9TaE9JQkFmQTZEUmxwc01sQjJMdVBHYjVpZGZjY0VLTXdUd0lUanVwNDlLY2xlUkVQamZCWnRTdGRKa29UZjNGbWc5aFdPZkZiUUloeWxEckFacjJQUVZtLWU1aVpRTQ?oc=5
PG,2026-07-18,How P&G’s Latest Dividend Hike Amid Cost Cuts Will Impact Procter & Gamble (PG) Investors,Yahoo Finance,https://news.google.com/rss/articles/CBMikwFBVV95cUxNTHpUZFFQaHRTcHFlNEhDc3Frc3VmaURPUnNMNmJCNF9zTVlSZmFHcjh4UWdCXzRDeUlPX1RZak5CNURHc25qMU1DZ3lnYTBTTkM3Rl81Y0pDQ1dnQzN5YXU0Mk1MYjhQb0RmQ1NvT2JTS1pybGxJMGNQTDFiMVViZkJoa1YyTHE4TUN2Y2p0alZXMlk?oc=5
PG,2026-07-20,"As the AI Selloff Worsens, Time-Tested Procter & Gamble Stock Could Be the Biggest Winner",Barchart.com,https://news.google.com/rss/articles/CBMiygFBVV95cUxObHR1QjFBcTJJQ3FjQWVTVlBfcHFXWUZOWnRBLURqdDNLcXhFUEEzcVRXdWlGLWd4c2NQZ0RHYlRqcFR2WllKNmczOGxsa3R0bXRCb2ZHcXh1Zk1OeUdNVXlabnZTNGJXendlcXNLTHV6b2ZkY1MzTlI4QzR3bFpCRnBGcTBUa2x5RGp3UlZoaWkxTXRiaTdSaUJXSkdnSmpxU2J1OUxaN056WDlZQUZ2bnlHT1dHcHljLU1BamJtTkNkOFFaQ2hGbU13?oc=5
PG,2026-07-21,3 Dividend Stocks to Buy Before July Ends and Hold Forever,24/7 Wall St.,https://news.google.com/rss/articles/CBMipAFBVV95cUxNd0VGZWcxLWNqbmVDSjFSMnpnQzU3b211ZXFVaEwwVE01b2pRVzJvTnVMbnh1ZGZCQzJ1aXFvZVRKczVuMi1qczJyOVJtTjlUOXRyMGIyaXhkeHRSblhiLWJJcXE5WWZ3UGRFaUp5c2xSUmtFN002MXRHWmlSZU9FNHpWMHNhemRLOEM3dHFIRTBrZUpiT0FxbHVsRzdjTG9qX0lRVg?oc=5
PG,2026-07-22,Analysts Estimate Procter & Gamble (PG) to Report a Decline in Earnings: What to Look Out for,Yahoo Finance,https://news.google.com/rss/articles/CBMiogFBVV95cUxNeWpqeF9KV3dUbkIxSy1ubm9EaG5QaG9Od1MtZEwxcUVIWG83UERONVlseGZwZTRSRTlCY3dQN284NGxmLUpxRFZQTUo3MFpWVVZGUk5kOFJoUDlubFp6dFdzM0hRMGpIM1pSNi1PTlhzS1Y0OG1jeU9RTjR5eTVwdWU0X1dCQ2xSaUE4NmRXUkN6N3oyTXNIeGFVXzYxOE5KWnc?oc=5
PG,2026-07-23,Procter & Gamble to Report Q4 Earnings: What Should You Know?,Yahoo Finance,https://news.google.com/rss/articles/CBMinwFBVV95cUxQb09SRGk2OW1Fd2ZjdV9RTi1qNlhoa3dDcEVaV0JWVnZmX2lFSU1pbWtPTFdSOTZnTFhCN1VYcUFPQTl3X3JsNm9ZM0VvdU54SlE5WjZ3YW1XUEx1c3ZTaVBISHlsNXlyVTMwSFgzTXotUTg5c0NqdmFBdHB2UDVPclZXbzdncUkwbGNGWUJ6X1VqdTVIRXV6X0ZBS2tjUHc?oc=5
PG,2026-07-23,2 Profitable Stocks to Keep an Eye On and 1 That Underwhelm,stockstory.org,https://news.google.com/rss/articles/CBMiuAFBVV95cUxNX1VJR1dWNWdHZkdJNmNmTzZnYXB1NWpHcGt4NFctMXZBRGdkcnd4SXAzMXV6RHdQQTkxem1wZmozNXh5WnBmZjZscGRRZU41LVBJZ1EzWUhxZ0hJbk1hY0NPbWpFNjJZd0JBeUNDTHBlVWhscUNPOWR1UDRqcGNKUzVYNFU0X3NrUF9ISVEwVjRONlVwLXNPeFZZQlNKNmpUNFM2ZHhXcFY3SkxlNlNzTFRtdHlRS0pM?oc=5
PG,2026-07-26,Should You Buy Procter & Gamble Stock Before July 29?,Yahoo Finance,https://news.google.com/rss/articles/CBMimgFBVV95cUxOaUxWNEs5ZUpnZ3RHTFRHWjAxZ1d5QUJfa014cGw3X3ZUTjVjdlB3Tnk0UldDQW5wUmgyVGFMV0prODl3T0ZlNngzcjZ2QVpfVWdHYjA0cHprdC1kbl9MOW82WHU4YVJ6MWRpSGxCak1aSzdTbGxubFlMSVlqRXJEcVFDcGFFZ09xUmtDdF9wSXZ5ZkdiMS1INjVR?oc=5
PG,2026-07-27,Why Is Procter & Gamble (NYSE:PG) Preparing for Earnings?,kalkinemedia.com,https://news.google.com/rss/articles/CBMingFBVV95cUxORF94NlU2d2FKNm9zSzBPSEhiX0p1VU9oY3VwOTNjV2w4NzJqMDAxSjNCXzRzbW1rVmpuTEhRV1UzRU9kT2JoZHVBeXgycUQtdldNYWdhYUdYSkRmWkItVHlNU3JDUW9kT1d0SkFyVVdjeVBrWnlnSFliT3kzWE9DMEt1VHRpeGYySGlaMHVLcjdybWtGb1dacFhXOU53Zw?oc=5
PG,2026-07-27,1 Reason to Buy This Dividend King Stock Before It Reports Earnings on July 29,Yahoo Finance,https://news.google.com/rss/articles/CBMilgFBVV95cUxOeFU2RVJ6Z3NZTk1JM194OEowMmdGSmhfNnAyUS1nQi1NTHpmR0M4LUFZM29YNER5UFhVVTM2amVGNlFQbzJfWHpOSzZkQnpKcVk3cGVIWHpDOG45akU4VXFzT3JhOVcxclQ2UWRtbzlZaUhLbXNPbkw3dUUzaS05Mm9yUWJ2SW0zTHc0SUtGNS16WTlRYVE?oc=5
PG,2026-07-28,Procter & Gamble (PG) Q2 Earnings Report Preview: What To Look For,Yahoo Finance,https://news.google.com/rss/articles/CBMimgFBVV95cUxQQXNPWktXdkk1ZkRZSXhPRUk0bm1VemhIbFp5d29rZWoyUWFLR2p6VVFGNWw2amt1XzJSRGM2ZkdZdUhVZy11VzM1czJfQ0E0RTFLVjVDN3JPaEo2Vm96YmM3ZWY0TzBuMnc0TE5ZN2dXYXhCUC1jZkNPRWpFcGVMRkZyNjRSai1hS2ZpVC1keDQzQ0o4dnRrVUJn?oc=5
PG,2026-07-29,"Procter & Gamble, Microsoft And 3 Stocks To Watch - Microsoft (NASDAQ:MSFT)",Benzinga,https://news.google.com/rss/articles/CBMixAFBVV95cUxPX2ZKZDVDYUdXeXM2bTA0M2tveV81NUpQcXZ4SGU5aEtaSXhrZGlhUWJtMWZOMmwzc2FaakJhS1FEVWxiemNMZ2gwa1Blb2JMS2VVR2NOLXlFcVV2SmpoUDlOQlliblpWdnI1U2xHV2ROYm9oZU5xMlFNX29qdEpGTDlUdU9DZ1llR1Q0djZOTTRlWTBmMUg0eGE0MVh3MkVDM1BpaUdKb3R2UHl3LW5PbUREbWZsQl9mZ1ZiN0RhTnRudUd2?oc=5
PG,2026-07-29,"Procter & Gamble Misses Fourth-Quarter Revenue Views, Says Higher Costs Could Hit Fiscal 2027 Earnings",Yahoo Finance,https://news.google.com/rss/articles/CBMiowFBVV95cUxPNVEtZllQc0pwdmVqcnJmZjlRODdtNkN3Y3doMTlJaXl6RkV5WllSaGhmeTJrQ1pvUGtmOEJxYy00NlYzajVYaHNOVGt6dmVJcWdvaktPTmpFbTBleFVDRUFnU19kU0dyYlRJellodG93YUdlRDljOHZWQVNkUWhVeDduUC01U2JmMzNEMmwxekwzUjdMUF9nMWRXZ0ZuaFlteWVr?oc=5
PG,2026-07-29,Procter & Gamble (NYSE:PG) Shares Slide on Revenue Miss and Disappointing Outlook,ChartMill,https://news.google.com/rss/articles/CBMixAFBVV95cUxON0tUaVhsdTB0OU11c0NfdUdqbVJQMnVndFJlQmtoMTgxVGhGSzhFRURfSnhUYm1JSnFFRUk3bU16ZnUzZ3djVVUzSmdGR2ptMnFOcUlNcFFiZkxZSUhOc2FCOUt4X0Nma1VWMWtMYk9NdXhCRTdBdUhqR0lFRVhuUHhFYW5Xa1dsMGVVYmVJUlFHYmZSZlh1bGwwT2JCQ0tiNTJfZ3lMLVJ4bThIOGRhTU9JM0QxNURnblJqMnk2TDRzUE1S?oc=5
PG,2026-07-29,Procter & Gamble Q4 2026 earnings: sales miss estimates,qz.com,https://news.google.com/rss/articles/CBMid0FVX3lxTE9PM1BiZklUUFdyMDZOY09nemNLOGFUQTQyYmJJQkRQM3NfY054VGdPX1B1c1Y1ZldDbGoydHMzc0x3UVRjSUNwaG96ZzlmbGJpcVpUMGJudHNmelV4SVJoZDlIQml3TE9VLVk2WlRWcmFJeVpIbDJj?oc=5
PG,2026-07-29,Why is Procter & Gamble stock sliding today?,Investing.com,https://news.google.com/rss/articles/CBMipwFBVV95cUxNSW1SVVBqZ09kNVZPaXRPb1NfX1B4V0JtR05xNFFtQzMwb3M1WVZHY0pUbU5zTzlHS2NOWnpHQU1JZDJJMGxPQ0Rna09hRlJOZHVGVmtCMG1YbVNnanAtOTNvY2lhbS1uUDA0aDBqUmJaOTRqNXdRUC1kcWNHcjBKMmRhTzlvczNiVlAyM0ZrMU80b1BleHgwMW9PbnJibFpvSm5pS3JYOA?oc=5
PG,2026-07-29,Analysts recommend buying Procter & Gamble on the post-earnings dip (PG:NYSE),Seeking Alpha,https://news.google.com/rss/articles/CBMipgFBVV95cUxOa19tcGdUUHFiYmR4OFZyZHdwOFdiQkRlVXdVUS1iNWtYeHdONXVHME1Jd0lSTXRPeTlOdDBTVm5iQ3lack9EZk5XVnhDcGJzdkJ6YzBKTTJFMU1ncUNNZUVrbzRLQ184TjZaamhmeXFfb2dSNlNmR2JHbUNQRFZxNlk1ekEzcm95cXFZMFd3Z0Z2alJweUVoUjB1NWNEVkhaR3hHQ0FR?oc=5
PG,2026-07-29,Dow Tumbles 400 Points; Procter & Gamble Shares Fall After Q4 Results,Benzinga,https://news.google.com/rss/articles/CBMisAFBVV95cUxPNGU0ckhhdVdWQWMxRjZWT0p2bUljZDEwLTRiOUxZVFU3OUg3RkR6ZmU0aUl6VXZnRmlVaXhpS2tKWm42eHpJMHhpVGJidmswRlJwdkdBVkFWQlQ5UHZQd0YtVVdGYjFGQmhYMG5GMmtqY0U5a1VUTVVOV1V5YWZMM2d0ZkI4Vld3NmwtRDFnbDBTaXVTS2xUUEZrSlpJMlQ4azhMTEdUbE9MSC1LZ1hITQ?oc=5
PG,2026-07-29,"Procter & Gamble Q4 Earnings Beat on Productivity, Sales Miss Estimates",Yahoo Finance,https://news.google.com/rss/articles/CBMinAFBVV95cUxNTWhaNmlBaHloZU5pVjF3YXZ5WXZRM1RPbjI2NUw4Rlp0c3ZWbi0xUWdOTlJFU0JWVHpvVkZ3Qm4xcllLRHhHZDNOOC1odVM1djdlZG5XLUlDLTdzZzNjQWpYdlJPWHh6R0ZpZF9DN3dFdWJOUjBlT1FmckVnRUlUQTBwbWQwMkEzcFBOTG9vRlFocU9SVjZyRFY1aXo?oc=5
PG,2026-07-29,"PG stock falls on Q4 earnings miss, core EPS down 3% year-over-year",eciks.org,https://news.google.com/rss/articles/CBMiZ0FVX3lxTE41QUJ1TUs3SVZvckJuejA1WkxTTEVVVlg3MHBNR2RtZEdUVGk2VmkyZk9qX0VxQUZzQ1JFZmQ3VmpsQ2JMVXpsekl1ZmdiNkhjY0M1X3dSbElXamdQcThZM3NCeFlFd0k?oc=5
PG,2026-07-29,P&G Stock Falls Nearly 3% on Slower Sales Outlook,TradingView,https://news.google.com/rss/articles/CBMirAFBVV95cUxNMnJEYWw2LXlvejMzRUhjTVIyMXo4TnJ1aFpsNHJLSm40T01aSUkxSE03OUJ3TzhYeE9QVGlyOGg4bjNQaEVKQUFVczVrVy1jbFktQm9jMC1ERTRJYXp5VmVmWW1qNldXTDdNTml5YnRlb292VGt0Z2VQdlVMU29yWkRMaUJYbFlEZ004RTA4a2dNR3pubi1KcjI0c1RFOTROLXhHZ1RkOTVpQ2pT?oc=5
PG,2026-07-29,Procter & Gamble Earnings Beat Estimates. Why the Stock Is Falling.,Barron's,https://news.google.com/rss/articles/CBMigwFBVV95cUxNeEVNNHU4VUktZU9FeVlxTWVkR3lDYUpveFdLWTFiSW5laEphMmhEaXRoZTY4cm1LYlZHY0psNTdhZTlYRlNLdzZsbmd6cTVJUVc4UElMUWcyQURWZ2tZbEMxVFR5bDhYRmFCa0xWWmxaTzFCWVpSeTNjWkRoN2RIVXk0WQ?oc=5
PG,2026-07-29,Procter & Gamble’s Stock Drops After Sales Miss Wall Street’s Projections,Investopedia,https://news.google.com/rss/articles/CBMirgFBVV95cUxNNlRnRnl1MVVIMUFvZlNkVEU2NnNPS3gxcWozenFvbXRjNzlZTllud0FQUHZjZ19memVYUTJMT0JGMFFBZG5RcURFV3Q3aVgtN0NsQ1RweGQzcE9wSW9LTUZIdzBhY3lGQlg0eXJPQXltS1VoZkpQUXpPT285UDVGZWFRck5hMnpUVmtZdk1mYXNueGJWeGdoSnBLd1Fob2JPaDdPaGFDdzd4aGF3OHc?oc=5
PG,2026-07-29,Procter & Gamble Earnings: Wisely Leaning on Brand Spending to Turn the Tide on Its Sales Trajectory,Morningstar,https://news.google.com/rss/articles/CBMiuwFBVV95cUxNRlBIUWZDMFFiekJaWE02WVIxank4bzNIN0g5RWFSTFZCT1BDNG5uS2U5bkhqdmdkNVN1akFhWWRxeHlQdmd1bjE0VTNtWERyNVhlSms4djFsc3pqNGlIMzdxVk9PcHlMTjBVeFRIRmV4elUyUnNUYkwwYVp6akhIdVBPNzZpUXgyNUhic096WDcwa3pNTFVYbW9ZclRob1JtZGV4Y252OWhXcVd3c0pJNXNNWEtpNHhheDZ3?oc=5
PG,2026-07-29,P&G stock dips on soft outlook despite 'stable' consumer,Yahoo Finance,https://news.google.com/rss/articles/CBMiuAFBVV95cUxORGR3ZnJOMXIyNkg0OE5NTEVmZFFBalVoMjNwdm55b0JCQVk0dWo5dmQ5anBKSTh0NHE2cGQ3d0pWVEpTTnhPT1NJRklkNVlWMTc3NW5sZlk3QWhVaG5TSVkzc0xEUzJ5UVpNcG1KdkJaNFZYTzVrOUJ6NjVweTBad2RON3Rod3p5eXNOejVfYTB4R1ZGU2J3LXFfdnhxcnhVUy15UG9NM3FoVWdxT0VDamxOQ2E3MmRK?oc=5
PG,2026-07-30,HSBC downgrades Procter & Gamble to Hold as reinvestment weighs on growth outlook,Yahoo Finance,https://news.google.com/rss/articles/CBMiogFBVV95cUxNdnBveWl4dTlhTXBqTWdGUFgxTzZiMGl5RkVWTEEtNkswWGFIYWUwLWZndF9KM1pvRWVhcjJzSXZfdVdMS3NoZEpYX1dibmt4aVRiMkR1Z0lXcDNmcEk3aGRNbk5ZQWtRNU1XcXNRcHlEbEJNT3ZTSDZGQm14RzJIMURxOUhIOExZNlB4Sm1VMThYUVZEWThrckFXaW1vcDVGaHc?oc=5
PG,2026-07-30,"Fund Update: 187,584 PROCTER & GAMBLE (PG) shares added to Carnegie Investment Counsel portfolio",Quiver Quantitative,https://news.google.com/rss/articles/CBMi1gFBVV95cUxOTXRTV1FOcmw2cC13Yi15ZEdVUE9OYl9lT0Y1alVlSVV5SkZmM2tsdDJ6STFWQi1DSm5Pb3ZkWXBfNHItTU5sbC1YcFpqLXBuXzhZVktEMWF5blAzU1ZtU3RrV1R4WmZnazA3WlgzdWEwVzJjb2dPZmFYdTBHVjcxbHdmMlRlcndacTlWNFY4QTc0S0tLV05NMFJOYlZyUUNfR25vSzRpY2NlZW96dWw0dlNQU2RyZE9SOWliV1JISFYySjA0VmhuT3p0WmNvSTJBcjVZMExB?oc=5
PG,2026-07-30,P&G Stock Falls 1.8% as $1 Billion Cost Hit Looms,Yahoo Finance,https://news.google.com/rss/articles/CBMiigFBVV95cUxQWWlHcFBPRlk1YlBDbVNVWVpfc1NRRHd3WFpYTXJyVjVHZ3VIUFdTV2lETVl4clVRRVZHVGhKdnJwSFRIQ2diTEJEV3RYT21hN3Qzc0wyc2FLRGZPVzAtMFVJeUMzTHVQOW5sMHBrOE1QbU5YOGwtSU8wcG94ZTJiMGJ4UXRaU2trYnc?oc=5
PG,2026-07-30,This Dividend King Still Has Plenty of Room to Grow,24/7 Wall St.,https://news.google.com/rss/articles/CBMimwFBVV95cUxNOWxSczRqLU1zNl9rOFpYY1kwMFkwYm9KbWNFdlNmejJ5T3djb1J3V21KNlhGZmRrVTZhNzlyYlR0djByVXFRblZwMFRMVHZVeWhCS1NPcGdlQlJ3QTJzSmx5eXFXd0MwdzdqTDl3YTdPQlRJYjlLX3F3ZVJNT0ZUcURacjQxVUsxdl96SlFSLVBTenFXWjFhUmZHUQ?oc=5
PG,2026-07-30,Procter & Gamble’s Q4 Earnings Confirm the Trough Analysts Were Already Modeling,TIKR.com,https://news.google.com/rss/articles/CBMipgFBVV95cUxQS1l5dld0dnpqQmxSeHF1UEdiT0JQbVNoTHpiQlBJTlFheVB6V21ZRk1GTVlLNnBra2lDX2tJcldyamk3RGNmd2RqU2NzcTBER3hybk1xMEVGbDhzZ1RsUk9CLWJiSU5SOWJhNE0xQ080cUQ3UnRWOWFndk5zZHZGakdCWUhkY2p1ejJTM1pfTVZDdFBjWF95aXZvU3JXRWdIS1k1SkVR?oc=5
PG,2026-07-30,PG Q4 Earnings Call Highlights Consumer Growth Reset,TradingView,https://news.google.com/rss/articles/CBMirAFBVV95cUxPZTV6TzBFMzFIZmdWT3l5LUFpZk1KcGRvUWtXWVRlRFhDOEd0QWVfUlhuUVF5SlFDNmtJQWs5eXo1ZXNmS1FIdFhXRURfU3pTdmNrWlNzTEZ3ZXk4X1NENVpVM1prSzRtdTNaS09jSEJKWmozaWtFdi1pTTFsZVdsUTFBQW9ZY1ZEemVLTEpwVUw3bnRKM3Zudjd4WUVhV1NFSHRITTBOUE5Bendq?oc=5
PG,2026-07-30,"Procter & Gamble Stock: Buy, Hold, or Sell?",The Motley Fool,https://news.google.com/rss/articles/CBMihwFBVV95cUxQTl8yeVRzam1KaVBPeHhlY3oySmhCbXNaUEd3WFY1aDBMejZ0bTNwMnFzd3pmcmhUa0p2S0pkX2ozUzRDem1ydWdKdkU1cVliWlZYVnRja0VYV0dnQVZxQ1FwMWpzQm9XNEoyaDg0T0tOaUd6VjRlc1BhbkpXdm8zMUR6a2Z5N0U?oc=5
PG,2026-07-31,Procter & Gamble (PG) Stock Faces Margin Squeeze Despite Steady Sales,Simply Wall Street,https://news.google.com/rss/articles/CBMiyAFBVV95cUxQWUFQZ19GT19fWkxSeUxlRldtYlp5WW1YQkNzSjZjZ0E0X3RuVEdpN2MzbUJmWl95clliaGVHMWZQQnRQZ2ZjS243RDB2VzRfQVhDZ0RZTk1TUHhlaEVYOUdPT3V3cTR3dDMyZUxqbHQycjlyM21YdHNmN0QtY2dhN3JCMk41d19aLXNzMTloUGUyU29JWUMxVjlVd01iQ3FQTkxwdG5xRGRFbnVxUlNCOG1sWXZQRExrV01odkxWNTZwNWg0WnZPT9IBzgFBVV95cUxNWmplSUlWWTlxQ1Z5U0k4ZzQzeVFJbG5iWmFyS0NzeUtMcUVST2hTNnNLZ3VUeUV1YUp2R0hraXEwSjdRbHdtaDBxWWNDMkZHNWZZT2dRektISjNyOXdOVmNXTmw0ZXJzaXQ1UGhyUHdXakJibkk3aHFYemxNdWlZUFd2MnJhTnhTMHlyQU9JWlFtSWFFWlJYLVVicGlaLWdlbnhTYW1ka2xrX1pwREdYaDJfbmVtXzJrc3h3VVRwdjZkZVN2cWdJaF8wLXpMUQ?oc=5
PG,2026-07-31,The Procter & Gamble Company 2026 Q4 - Results - Earnings Call Presentation (NYSE:PG) 2026-07-31,Seeking Alpha,https://news.google.com/rss/articles/CBMitAFBVV95cUxPcEgtcU5Da3ZkN2dOTXpjX1lldy1ZbTI1UTdlSV9GZUNqbjNDTHhnWC1GQTBiWDdIUjZaSE5IYU9WTDRZcFFhZDhnREtRc3l0VlQzS09KSTNITVMzdzE1ZzAxMW1VU0VTVDE0aHJ6NXhjWGdpaWlwVzNWTVRmMV8xUXN4N1VNa2VQTGpSVzJKZUpNVGdsTDlTUy0ybWFKSTBOemJjYXdWd0VBU2NtY0dMXzhnQjg?oc=5
PG,2026-08-02,Analysts Have Made A Financial Statement On The Procter & Gamble Company's (NYSE:PG) Full-Year Report,Simply Wall Street,https://news.google.com/rss/articles/CBMiygFBVV95cUxPN09iNlhfUngyTldxLVFZQUFVcmFyaExJdS1JVkIyLWpGZXRyNmhrcnQ1TEVzc2I4NFV1UHVmR0dPOVF1S2Z1alFFQk9DQUx4eXg2WVhDWEtieHdadmNQNWx1SkZBSHgxUlJtTnBaSmVMSllkU2ttYmNaajJqV0pkZWZEcDB3YXhoT0w5TnZkQmxnUkVKOVhQY3BtZm5CSWFMUmRlRVV0dm8wc1BjUUc4NGpjV1Q1MTl0aE9SUTdHcTBvVGpIRG1PUDlR0gHPAUFVX3lxTE5sRVQ1djRHNm82NkdEc1hVLTZPM3lQRTRJVEhFelF5WWFxb21PS0puNGZ3RGpxemJXeTQzam1XdTV0NlVlWmdhZDhWaFJZY2kxX3NUUlpmQzNXQmRwQWVwQkRpeURXSDVNVHJyeHRrVFEwSWxJd2p0TmhJempzOWpTejJCbktpMG81eXYzM213RDNIWEFuSEthRS1XaDA0NlkzWUlqWWFzcjN4RHBtOXY2XzVpcGVTWmVFUnNJTVVRQ1Y1eDFCaElpSmp5SzFJOA?oc=5
PG,2026-08-03,"Procter & Gamble Q4/FY2026 Review: The Dividend Delivered, The Reacceleration Didn’t",Seeking Alpha,https://news.google.com/rss/articles/CBMiwAFBVV95cUxNQ1lPWHFBOUk2bEhoS0FwalI2V2U1Q0F0eHZUend0NHRRd0dQalN2RnowSjVldVY5ZHlOMEl2RXBoeWdZdU85c09FRW13VUI5Y2d1Zjc0TFpsLXBxMXRKeVFrY2RXZDhyT0s0NHM3SHo5NlI3RG16TDYyYmwxVTVlVzJiNnk2cUlleDZSTE5IT1dfN3BadUNMbXlQaHQtZWFrRUNFN3ZLSEpPMkFuYlYtR09Lb1M0TkdyTC1EN1RIV1I?oc=5
PG,2026-08-03,3 Top Dividend Stocks to Buy Before Their Next Payout,aol.com,https://news.google.com/rss/articles/CBMieEFVX3lxTE9SZ0JtRVhPRVB6cVZxQTFWUEQ3cHN1OC1CeUJqTm05OHhSSGJPNERKbWl6WHlSNnFxUFUzZzhkb0NqZUs1MjlybHVOaW93UWVzUmNGOTBQUjFRVThsRi0tTFJkMW5PbGZFYm5BQnhvM1lQTUJoN1h3Vw?oc=5
PG,2026-08-03,"P&G Guided Below Estimates and Sits 5% Above a 52-Week Low. I'm Not Buying It Yet, and Here's What Would Change That.",The Motley Fool,https://news.google.com/rss/articles/CBMimAFBVV95cUxNcHZOS3ZkdXg2dzZMV3BpdF8wMG1nWVhQZ19wZFA5TFpDY3NiOEF5S3VjazF2WlNrSkl6ZVdwSm9SRVJUYUlaY2VTUWVtNzlyMFM5ZU1DT3AxNDVDQnl3bnpyeHdGem9NckQxbTVFZ1hUY0llQTFmTEJUWngwMV9aN3J2TTRiWFZNYzJVeXpveFZMZEdJTVJBNA?oc=5
PG,2026-08-03,Procter & Gamble: Buy This Dividend Aristocrat Before Growth Reaccelerates (NYSE:PG),Seeking Alpha,https://news.google.com/rss/articles/CBMiugFBVV95cUxOWHBnbHdqMlNwV196OEVpbkFfTWlwbldISkxyMGVqMlNldXNDRHN2Vlkya1lMN0hLRjJLZ3FWZlVUWnRDVjJENTJta3V1V2g5dXkzTno4TGlDWWswSGVmcVRaNDBCUTFQR183ZGdpb3F0bUxadDJubUh4LUdwVWMtUzlpcUlZYXR4OGFHR2RqQ2lxSzJvS2lRazhXOUpYZjRmem9LRkxmYWwzLWEtWlVBYkZJd3N6bno0YlE?oc=5
PG,2026-08-04,Procter & Gamble agrees to buy Thorne for $3.8B,Seeking Alpha,https://news.google.com/rss/articles/CBMijwFBVV95cUxQOVZVeWpXRUYxN00td3RhdWRoUVRNODRwb0xEeGdrN085LXN4aUF6ajh6WDZLNUQ0aDRWbkxhSGNDT29jNzFkRThsSm9XcURxU09iUnN0WWVEalpCUmg3M3lWVzYtNUFsX3dXNWVlZ3c3alJsemRmMF9CWGs5eEw2MDZyd2dQbmpmbzFZSkhBWQ?oc=5
PG,2026-08-04,PG Q2 Deep Dive: Margin Pressure and Market Share Stability Shape Outlook,Yahoo Finance,https://news.google.com/rss/articles/CBMikAFBVV95cUxQWU5VckFxTHV5Zmt4bl9NMXhISFhFaW9TNVVyaXJybjlEbTFMeFgwRC1TZlRwTHltckFLLW1GSzBfc0QyVjFaV0dUSHNIUU1ZOGNNaEZyNS1yRnFVN2RCLVlQN1BRbjQ5Q2xhOFhhdkJjT1JMMGpoZnoxai1XRzF0R3VvaEZaelZDT0szRkNCN2o?oc=5
PG,2026-08-04,Are Wall Street Analysts Bullish on Procter & Gamble Stock?,Yahoo Finance,https://news.google.com/rss/articles/CBMiowFBVV95cUxPZmRzbnoxM2MydTdlZ01TcEpJaGhPQXRHUzduSnE3Q2ZtTG5iaGIwem5Rb19wcDZnQjRfWk9BTHJUbFViaEtsaXdPdFd3X0RJNFllNFowRW9zTUxQRHhZZ3FvYTdWdG1ZcUdFRk5GVkM5RHhGOWpSUDRaenlrWUEwRkxHRjJWTUtDSV9pU3Q1blo2VFphUXh1US1JQXZlbVZwTnpF?oc=5
PG,2026-08-04,Procter & Gamble making $3.8 billion acquisition of supplements company Thorne,The Business Journals,https://news.google.com/rss/articles/CBMimAFBVV95cUxNQlF4QmNZZjE1R2xIMmdxQzh0V2gyWFF1LXBqblRLVGlGS0dEX1BTV2poOWVYclUwZkktV3lkSWpFWjB3NklDdFVOQ3FxVE01ZG85ajRnTDluY0pqYS1rV1UtQkxZVDB1WFZva3ZIbHhoSTEtaHNkZS1zZ0ItM2pCazltanU5Q29YVzBEeTl4bkZkX180ZnN3ag?oc=5
PG,2026-08-04,Procter & Gamble to acquire health supplement maker Thorne By Investing.com,Investing.com Canada,https://news.google.com/rss/articles/CBMiugFBVV95cUxNWG9nSDA5WVJZRExMZGJnaEFZWXNxQ1duV01rT2FMMWdqRlVBWFRhc0hLR2xib2NjZ0JpZTJXZFlVYW5UVFU1OHNYamdsWVlIZlNSbVBNRzZTS2g3LXJKTkhScXE2NHVRMGFUMUF3dUxuTUJKX2FxdEZINzZUWEI0dlltVGdQUXp2d2dWQWkyRGdVd1k3T2JOVjdkNXBpaG5hRTRQY2U3SGFKMWNjRzVpbmMzdjVhdHFwLWc?oc=5
PG,2026-08-05,A $3.8 Billion Reason Why Procter & Gamble Stock Is in Focus Today,Barchart.com,https://news.google.com/rss/articles/CBMiqwFBVV95cUxQMTJnRF9wMnM3MFlDUVI2R3VJeGZkd1U2TmFkdkpXSjVzVTFfVGowdXRlUmJLajdrZlppRlRBZEs5bTlRZTBuSllwNjlCalN0NnBQT0ktZ0tkb09wMmZmdHNWdlBPeHhtS0JFdHNUVERieUJQUWdNdy1rTE9pSnYxTjJjeFE0R2t0b1BQNzg1RGpjQXBVYjN5RFJPUjllQTlhT1ZsQ1pZRWtOVWs?oc=5
PG,2026-08-06,P&G Health Q1 Results: One-off asset sale boosts profit; Stock falls 5%,CNBC TV18,https://news.google.com/rss/articles/CBMisAFBVV95cUxOeEZPX1FYOHZySzBOVnJqaHBYTlNxSG5xT0JCY2tuMGxPVllqZmdpR3FSYWFTUzFVUmpENlU2T1FyclZ3NlpEMUhMcHlkRElEQXllZmNWSDQwaGNRNXVDalZHSDRGR1VRdEtZcUp3WnFYSm5zNXBFcHlfVkstU1ZRZmNnR21hM1dqakVoODd6N3JkS001cFQzYUwxYlNvYWxvUHRKLXNTUGVVeHR6b05NcdIBtgFBVV95cUxOTHNuVlNDSlEtZENJbXNiYWk4MjVzZjZSWXZXM0FyR2QyNkRRdkpGc05RcDhlUEp0eTlSZmdwTlRWdllUQllFWEprODBfcVZMNElxY1BUSmg0VUNwa2ZlNkhEQ2ZkWkJzTTMtMEtLeHNaMXFWSkN6TVlrQUxkS3hXdE5PTnRleHNGUnhkVEk0cXhoSU1mZ0JxR2tmRWI0RzcteTVHZ3psbWtGWDc0NVkxOVVmZWVaQQ?oc=5
PG,2026-08-06,P&G Health Stock Tumbles 6% Even As Q1 Net Profit Surges 45%,NDTV Profit,https://news.google.com/rss/articles/CBMiugFBVV95cUxPWWhJQjBtaTFrNWNqVnhBaGVhWVRrbFZYZEJnNXJadVlaYWNLYnN1bnl1UHJ1R1RVYk9RX2tMd2tZRjlMTnBrSWRHbno5bXIwWWF5U1FGV1R5ajRjOXpUX1cxZTZMZUdKWU8xLVNFNnVQU01RQjJ4ejNmMWpVbnd2dUpNWnpjNUQybEU5M0tCaXJ3bHpWVzFnajhnX1kyd3dLZ0tzNmc5Q1JMRkw3NEgyOEpvRGNjM1Q3MFHSAcIBQVVfeXFMT3B5eE9mWTJicER0cTFtZGVReU5xdFZ5bElGQ2hoVXA5QWQwc0ZGTi02ZXlNX3cyVUZoZG51SVhtRWVSR2tlZ0NockE3LVR6RzRoOVhjVGtkelVXNEI1MTQ5dUFNOEI5aHdJakszRjZqcGgtNDlsQjdxQkZBOXJVQjJhSnlyYnZvajNEMmdjbXpyeUxaUUxjdHV0ZXBXbDJBSFduUm9rMjZnV2Y1RlpnWmI0YXY2Vlloc09zVVdVdmFaSUE?oc=5
PG,2026-08-07,3 Dividend Stocks Baby Boomers Should Own for the Rest of Their Lives,aol.com,https://news.google.com/rss/articles/CBMif0FVX3lxTE84M3NQVEphOVBYNEtDNmZTdnppUnhKUTYtTExoN0x2SFMtTWxIUmdQaURpV0tKM1I1Z04tdFpHRkhPMlZmYm5kTU5rUV9mVUdIdWx2azZrbkJ5Y0g3eEtTYzRwU0tyWFRqMDNGR0NBYzE1RFA3ZTlaSUdRX2VYU3M?oc=5
PG,2026-08-07,P&G Just Agreed to Pay $3.8 Billion for Thorne. Can Buying Growth Fix a Flat Core?,TIKR.com,https://news.google.com/rss/articles/CBMipwFBVV95cUxNZm5LMW9Da1g1MnFKRzJYcFhHVWFXWDlxNDRqU05ObHpFZ0psUFlHTTI0RDIzTHo5LWdZc2wyRmpQS2pJWjVOVjlSLUJKdGxTZG5aUVBmaFdtdW1scTNxRlFwRU9KbkU5UFBwTEpFZ1Z3eVQ2T0VoVGxxcHF6YmJfd2FoOUVFUDQtNWdLcmdtWnZKQXZnMTZ3NHNKSmwzcmlZZk5JTVlYTQ?oc=5
PG,2026-08-09,P&G’s (PG) $3.8B Wellness Deal Collides With a Costly Outlook,Yahoo Finance,https://news.google.com/rss/articles/CBMifEFVX3lxTE1IVkx5eHZLYVBMaVlmQWQ5X04tSnF5ZUVCd0R1aGJzVTYyTUpndFBrajhXRGVBd1hYZ2FJeUJveVBHWlVadmpYLUJURTFlWk96Ukw2bU91Z1p5NnhtYXZwNFpCN3N5TURSM252Z2pBbTBMeEVNaXFkYll3SUM?oc=5
PG,2026-08-09,This Dividend Stock's Moat Is as Wide as It Gets. 3 Reasons to Buy and Hold Forever.,Yahoo Finance,https://news.google.com/rss/articles/CBMimwFBVV95cUxOSzJ5Umx2V3hDUnc2ZjFqUXpRSjk4NEJPY05JY1ZLWkxaSTVoZHp0R2RFd0xjdnpHd25Ea2J5RW94WmZVLTgwcG9TTmhUNUlPMVdyaE5ob1J1VVNZaEFacFJGQ0htLW1IUS02a0FsaXpSTnp6c2IwVWRKR05ZdHlJUFdpN05GSllpbTlrTHZqZExzM2pBVWZOMElRRQ?oc=5
PG,2026-08-10,188-year-old Dividend King just unlocked unexpected growth engine,thestreet.com,https://news.google.com/rss/articles/CBMisAFBVV95cUxPcnBUYkJHQWk0MjlrTUh4VW5ESmFDNm4tcGx1dmg1U21LWFNlVTd6YnVQN3lzaXhWSlRjdkZFRnZRbXdibFpNbmdDckNUX1l3RG5mVUpTMG5Ed2ViZF9xTUV6Mmt4MHFOS0FCZG8xRDVwaHd1OUZPeWpOcTN2VTVWR19SbmdxSWdNbWtoNVpmNnpnVnN4MmRqQWRDTVFHRTR4M2lsV3VLM0NzalBCelRQMQ?oc=5
PG,2026-08-10,"P&G analysts react to $3.8 billion Thorne acquisition, company’s outlook",The Business Journals,https://news.google.com/rss/articles/CBMirgFBVV95cUxPSllZc25UNWVXeGFwbVBNZGROcnFtUFVFclhYclJQQTRvMThNajRzbXpXS2czcEZrbTlSdHhsdzktRlVsSzI5dGJIbzRLYkFEQ1ZTMVpVRlVHeHd5TkVycnJhaFY2alZ5RnhYWDR1T0JlWTRRUnloTXRVZVFOSzJ3OWdPYWNDY2Vlbnp4Tm9IMUNaMFppV3J2c2RUS0tXaTRkTEg2WF9VRzhHb2ZFX3c?oc=5
PG,2026-08-10,Procter & Gamble (PG) executive adds retirement-linked RSUs and plan shares,Stock Titan,https://news.google.com/rss/articles/CBMirgFBVV95cUxOWGlCRHFIT1MtX3BCdDJ2TnNvZWgwNlM2YlhsS2ZEOHZ6RTZVQVV4N1BONUFTV3FBUU10VURobTNvNHc0dWI3TU1XcmhpbWRWcG5wRWZHQ085d3BQQmdMVjBNaU5VQndGaWVlSURqWlMzY1RwMmctc054b1JhdVhPYjBseld2SFM2NFJZVW9UN2JzV2s2Y1NGSUxVYW9fSV9LQllNcmhJdmJqSFRqaFE?oc=5
PG,2026-08-10,I've Been Writing About Procter & Gamble Stock for Years. Here's Why My Conviction Has Never Been Higher.,The Motley Fool,https://news.google.com/rss/articles/CBMilgFBVV95cUxQdlJKMkg2Q0pUZjRPYU1VUzduYWJEYTdQY1VTVzRpQ0JRZkFUVi16TDRBM2VVX1N5SllnOV9KZVNXSmo2bU9kQnJMVXNRQ0c4Y1JpelNCemNwOFVxazF2MHVBS2lSREZxcnN2QkpOMkZreFhzZ1N3eXVRbl8xN1FxZkJ2UUVUNEpFQmxHUzcySjNoRU0tb3c?oc=5
PG,2026-08-10,Procter & Gamble (PG) grants RSUs and updates retirement plan stock for CAO,Stock Titan,https://news.google.com/rss/articles/CBMirgFBVV95cUxQNDJZSGtGcGg1aTlabjVnQXpHUDRPM19KdXFOS2FCOUs1bmJyN3Z0Z243UHFDV09yZkxPMlFxRlFnOVQ2dlludm1ReVJLRVdlbzVCcmUtcG9UUzZNb2lENXNTNVNxZEM3VFZ3aUltSGp5LURKMWRfb2pRampfZlIxMkU1bkhNbEg1S3U1UjQ5UFJ5VzRWelR2Z0Q4cks5bWNwR3gwTnlZbUVFWFdhcmc?oc=5
PG,2026-08-11,"Here's How Many Shares of Procter & Gamble You'd Need for $10,000 in Yearly Dividends.",The Motley Fool,https://news.google.com/rss/articles/CBMilwFBVV95cUxNbFcxSkh3cGNLWEp3RVpGUmgtbklieTRtVGpBc2xwNzZJNFpCY0x0WndKZHFzU3Ruakk2YUZlazA1c1FWajhpeXN6LUZUWUlFN1FfSUNGUkF6ZHR4RjhabTFHRHFKTnFuSURIZHhmYkNBbHhWZzdSZ1FWekd1UkE4bDhwQTZOM1Vfakg1OEV3cWN1N3FvQjNz?oc=5
PG,2026-08-12,Procter and Gamble Is Staring Down a $1 Billion Cost Headwind. Is the Stock Worth Buying at $145?,TIKR.com,https://news.google.com/rss/articles/CBMiuwFBVV95cUxNMlF6T25admZxSldDYkhJenQ1QUVnZUtpSDJMVXpSaEI3RlZSOXZ0aWtIbVpzcHUzaDg1ZU5oRVE3bFdCbHhwWWVqQXNWSkxIVGl1WE53N1lOSGJaQ1dUNlVpNWNkMEdOeE9pbDBxaXhSWTZGUl9vNnBYZUdwcGJuZU5MX2lJX0lyVEY4d1o4em84MW41WEoxajZ2emxiaUJ0emx5WTduS3FPNmV0cEdZTTVOcnBreGRyN3BJ?oc=5
PG,2026-08-12,Berenberg Bank Remains a Hold on Procter & Gamble (PG),The Globe and Mail,https://news.google.com/rss/articles/CBMizgFBVV95cUxPb1M5VE5KSnZtVGZVZEs1MUlmd0dsVTBDMk1pSEs3czlEdlQ5ZTl1Y3VqdXpYNjhoTV93THJ6TmY3UGMyaWw2U0YzUnVHUnZidW1XbHdYeFdLaUdBOGctYkNwUU83UEtoYzMtQUx3UzFwTG53V1ZqSHBQM3RsVzhLTk03ZkhBMk1nclo1bklMVWxPRVYwdFVYZFhnV1BXREV1YjZoRzliWkEwSzlHMnBzN1BseTBQVDNjeGM1bFNqSjl0WjJzX0QzM2oyUVktdw?oc=5
PG,2026-08-12,"If a Stock Market Crash Comes in August, You'll Still Rest Easy Knowing You Bought This Dividend Stock",Yahoo Finance,https://news.google.com/rss/articles/CBMinAFBVV95cUxQVDFBNkREVGd6RlNVQi04T2NZaW11ZlVWQmVPN0Y4TnRUNFNZN3AwVGFKcjJnZzRvcHczbkFKSVFwOVJRNXJCWEtEUFZreFpfMEh5Z3c3TldDd1lUYWF5d2lwX0FwWWw5UVlZMVVzUC11QkNxcVB6VFdsTWFFX2NOcHZET3VKYzBnWFA0RXJMM1k2T0d0V2tSMmdmMXM?oc=5
PG,2026-08-13,3 Out-of-Favor Stocks We Find Risky,The Globe and Mail,https://news.google.com/rss/articles/CBMiuwFBVV95cUxPcXZDUThuYlBsSFN1UGJyUV9nUlQxMGdJUE5IWlQzeVJHUHdCRkQ5QmdQNkxyTHNNbGdsV185aDRlM0E5b2l0NUV3ZW9MSmp0UmUta3pzNkZpVW9OaVpwZkNPN1BRdVZDZGdoS2VkdFk4TlJCV0YwSDNqaXBxeFhLUGd2cTU3eXFTMUdwZjJRRjNCQmhGUUdSYTJ6aUdQNW9DeFZJTzZGYkY5YlByQ3JDa212aWlyeGk4a0VF?oc=5
PG,2026-08-14,Resilient Procter & Gamble stock holds near $144 as fiscal 2026 earnings and dividend support valuat,AD HOC NEWS,https://news.google.com/rss/articles/CBMixgFBVV95cUxPbEtUcUxqZ0JXTW1zZENVRkJFdnNSc3hCZWRzTE5fSzNfWklTUHJtVTdTTlhfclpldFRUbC1YVENzb0RTQkx0TV9QcXhnX3dkMnV2N3hQc3NOUlVLYnRBQnNQUTBqdWVkMkdyM240RWF3eEIxcHhLc256eGh0TEk3bjZXQUEtUkFrS011WjNvdlduYkoxbnhlQ053VXRQQ0t5cXJnR2xrOHViU2d1dExRSWp0dDlvRlBCUFppY1BaRjVDd1pGc1E?oc=5
PG,2026-08-17,Procter & Gamble stock steadies as fiscal 2026 dividend and guidance support the outlook,AD HOC NEWS,https://news.google.com/rss/articles/CBMizgFBVV95cUxObllFSEt6SXJmSk5qSFo5MGY2OXVLWVZEQ18xS2xkVkhHeTYzaDlyUlpRZEZ2ejNwSzZ5dnZDcC1aTjFCa0E4b2xmU1lzV0pIekdBYUxMMUIyMjZ4RUZ5dVI0VzNtX0JZM0NyU2poY0VYXzJXQ0J3bUkxeWl3dnZvYTlqRllNLS03ZE1LMzZ0NzRfNGRKTTl0T3drR0U3M1ZMTUZYU21tWU1VeUw1WkZMSTBSdVZWanVTZmM1TUw1SFJfczFBelJrMDI5elJmQQ?oc=5
PG,2026-08-18,Why Procter & Gamble Remains a Dividend Powerhouse After 70 Years,Yahoo Finance,https://news.google.com/rss/articles/CBMiogFBVV95cUxPNk0wMXFmMk52a3Vpa1NGbEQ0VmZGSTJ3amQ0djFjS3Mwc3pPd3M3Q1hYdkVMM2ZfY0lFSVFpYmhtNzNyYzl1MlpjYXUtekppUEtxQ1Q2UUZjYVJxNFBWYlprdGR5RlNiRWI4cFp1UXhEa3RBQ3dKN0VLTFdBM0ZUa1hEbTE0M195ZkgtN2dxMFVmZW01NWp1MlFOQzhIa1JkTkE?oc=5
PG,2026-08-18,Procter & Gamble (PG) Stock May Trade At A Discount After Thorne Deal,Yahoo Finance,https://news.google.com/rss/articles/CBMilwFBVV95cUxNQ05SRjZ1OVBsN25iRVVsaEh3M0h0WG92czBSRXN1NXI2cUJLZENuUmV2dWN0X21YX2tnSm1ycE9yMFZKbi13b3R1VTVCa01YSUR1b3BiWm10RTZ2bFE1cHBSOWFlZ1lSempQTjY3ZVNqU3pyN1hQdVF5eEp4NGs5ekx3S0hkNnJ4NVppMnVWWWE4d3VMbE1Z?oc=5
PG,2026-08-18,"No Matter What Happens to the Market, These 3 Dividend Stocks Belong in Your Portfolio",The Motley Fool,https://news.google.com/rss/articles/CBMimAFBVV95cUxOTE5taDNNLUFfcUtCNHFxLXpadWN1TUlEWWtVYVNQcU5WOGNOWlh1WE9saXdMOE1Hd2V3bERERUwxNnl6ckhlbjl5Wi1WNWFuZ29xaHZZdllpNW01Q1p2VlN3X0haX0taTzJDMWhMZ0ppZWpOWXFNNF9LeWZldHVuMm5yVk9lVmJTT2stTnhnd2xTSjlqQkMzUA?oc=5
PG,2026-08-18,Procter & Gamble stock holds steady as latest earnings show modest growth,AD HOC NEWS,https://news.google.com/rss/articles/CBMiywFBVV95cUxNN1NaWjZJMS1jY1UzZXR5RC1Wb2ZxVUJLdnVEM3dBbWJnY0FVSklHY1A2blV0UDZFemZWOEUxLUZXakVteXR5MzBnNHVyeVNZQ1J1SWV6VUNPWG1fYkU3WUQ0WnVkblVzUWxiNVdCUXlGaDBsMlRlc0hLXzNXMW9RUGpITTJsUmwtZ3hXVVYxNEgwLTZZZ0dFNlQzcWp2Rm9hOVQ3T3RNdDhON2dhX0x1OU9wbVh0b3RQXzNoN3VfUnl2YU00TEtyT0hEaw?oc=5
PG,2026-08-19,Procter & Gamble stock steadies as dividend and cash flow support it,AD HOC NEWS,https://news.google.com/rss/articles/CBMizgFBVV95cUxOVy11LUttM0xaNFN5YjFIZWlDNVZBRHJvcUw1U3RFb2tKcDgtb3pyRUxKMHFjWmZBY1pOYnoyT2hEZzc5Y2lOUEJNTVNiMGY3LWlXakJrend1cnpORnpBT2Z4aTB5UURTLXE5cFA4c2g3MlhRVEVGYnVtS0VaQTRHWXA0NXczRjFubGprRGVIbWdob3hZQ2VqVnNkRmx1YWtfWlQ0NXVPQ1pKRk5peUUxWWE2bW1DOVZqNTZEUnZkQmMtZnZXd0RMV0l5N2FRdw?oc=5
PG,2026-08-19,RBC Capital reiterates Procter & Gamble stock rating on market share gains,Investing.com,https://news.google.com/rss/articles/CBMizgFBVV95cUxPeHB4OGZFWUxfRXk4VmNzd2g2STM2SDVjMzQ4N1FxWmN2M1hXT3VlWXV3dmQxR1lXWXlMc3MybFMtYkdsYnVxd0E5dWx4TEQ5aTBZRWU0UkNLVkNTV1VDS1hrR3UxdXFpWmpnM0NlX2VNVWd2MmZRQUo3UlFQeDM1X045RnlMc3VfTVBUMngtS0hsd2JoOGZ2QjJSYVR3dkVsN09vMGtVMVZvLUdmVXJPLTQwNHpaMlhsN1F1dkhaTDlaeE1PdV9QR3pFc0I3Zw?oc=5
PG,2026-08-19,3 Reasons to Buy and Hold This Wide-Moat Dividend King's Stock Forever,Yahoo Finance,https://news.google.com/rss/articles/CBMikgFBVV95cUxOVGp6QVowRzA2UkY2ZDV1Yy0teDlaSnoxQjFiSUhZcE5KaHA5OXlPY19tbXMxQV9pb2NDMXFZV3BlOHpNLWZZbnJ6eURvdndjVG1DdktFQkRYRlE2cDhRMUJYcWNEQ1FPdHI3b3FjMkU1LU1xM2N4VDhqOVZsTi10TEdYYWx2cHNYRXhoZTlFS1lzdw?oc=5
PG,2026-08-20,Procter & Gamble stock holds steady as share gains improve,AD HOC NEWS,https://news.google.com/rss/articles/CBMiwAFBVV95cUxNS1VrZDNxUk1ES2o2YU14R2lGSEdRTHNWaHQ4NkdzM29WcFNJU1RlYU9jMXpPclJLMUU5YV9RLW85bGUwWld6MHpfVlpvMGZpcnlySENBZTZ0cHg3dTdYTkN6dVJfM3A0ZWtwRURrbVotclFrQlJCTGFlaU1vMU5tbWxxZjhMMzRNbkhFcGdFYWpjWS1tQlpYdTdzamRabjdBOUxubTlQd0JwRWNsMjNfdUZoQmhyOFpXT1FBYlFGRUY?oc=5
PG,2026-08-20,"Procter & Gamble (NYSE: PG) baby-care CEO awarded 5,129 shares",Stock Titan,https://news.google.com/rss/articles/CBMirgFBVV95cUxNallRc1JkdGlaUWZyWE9zV2U1WkVkdldXZ1lIb1BnTHRiSVE3RU12XzFRTnBXN0U2cUxSX0l2YlVSNmpiYTZPRmQwOEhpTDdWR2hUMmlVYzJHQmRCcEJpeTRTOWM4QjE5OV9KUnNYRHlJWDdkVnF3ZUZnaWRiUmNZb0FVUVNGOXJka091T1d3TXZQYVpLTzNMSFpDdm1fNFJYSE43N3dhMEUxWXFGTGc?oc=5
PG,2026-08-20,"Procter & Gamble (NYSE: PG) CEO’s new stock grant lifts direct stake to 45,502 shares",Stock Titan,https://news.google.com/rss/articles/CBMirgFBVV95cUxQY3htT1RvbG5ZNnRSdGFFcmdsSHg5T3p0WEMyUVBqbnNSLWQ4QWJmT1JORC1kc2RCT0N1Vy1hckJKWkxfU3hqSXBFNDZoR2dNM3laa1pOejdma2hOQUg0dGR6Q0hwdHhSTERSWUtpTk1Ecm1ibkRyT1FaaXZZeTRKN21aZTZlc3FjMVFiZ2NKbl9id0lzcDFnZF9JY2Z5eEk3WHI2eThlbkw1STV5eWc?oc=5
PG,2026-08-20,Procter & Gamble (NYSE: PG) beauty chief gets 837-share grant,Stock Titan,https://news.google.com/rss/articles/CBMirgFBVV95cUxOejJEODdXOWFlQVJxdmhVcmxDcUw4UFlYTE9zajRzTkZmUnFpTjhXVXB5MWJEYjNpcVM1ZE40QkJ4ZktVSFgtN3Fsa0R5YjBpRldZdExrVFRENlBjMHBLWVk3YkpRTEhnOGIzaW54QVpieHhTX3ZqcHY5SXdka1MyQjdoRi1DNkhCaF9QOFFBQ3VOaDdQeWNsa0RQWWVETVk3dUdSeVNvdGtuT2VHemc?oc=5
PG,2026-08-21,The Best Dividend Stock for 2027 and Beyond: Procter & Gamble,The Motley Fool,https://news.google.com/rss/articles/CBMimAFBVV95cUxNVWtoaEtQYUg0VTlrdmE2TENmVDNhZk9FOC1kV1VWUG4yUTYtY1NYY1ZpRjRCQVNWQXZvWmdxQ3VEX2V3c2FQLTVUNFpGejNZamlGSWNqd0VIVkhZemdTTTN2ZnQ4VmZvb3VobTRsc2tJZjBzbXU0RmdDU0VTdmt3VjR6NGNWUkp3MkJmS0FwOGRYQkN1akRfaA?oc=5
PG,2026-08-23,"Dividend Stocks This Week: Rs 219.91 payout - Gillette India, Procter & Gamble Health among 54 companies with record dates | Check full list",ET Now,https://news.google.com/rss/articles/CBMikgJBVV95cUxNMmNFUjVac0J1ZXFlWTVZaW1vZHNLdGF1ZmZldTZKN1hRV085WGFwak1UMHJXdFpIUmg3ZlNCVVJER3pHM1NtZ2RTZFQwNDRObVhYTDhSQlNtcngycHMwLUNJWUcxS0J6MDYyQmdab2J1bmJMSTJwbDhsdE9kZVg3U0k0Q0Jmd0pHMXpGTU1BbVNvVEFoSzg1YkpxYXFScmZuZ2ZOOXI1am5BRkxGSm9Va0swLW81LVJGbTZVTHZfU01XMUw2ZzVlemVGXzFrOUpUdVRhMGVGTnJBc0l5Q1N2RU8zRDBrRXEzeDhDM1RiOHJzOHYzdGlFRGowVlp3QVpmRlprYnpDdXNBa1d4a05uSTRn0gGXAkFVX3lxTE03MVFkY3BMYkhwZzVYTGw0T19zdTBTenlZYVg2bV9YSmZCVWhSVnlHd29oWHZBc01saDlSUHFaTDFPSUJBRHE4LS1PNVU0ZS0tTUpKdUNOSkVPcGZrSVZXNTNNSmh5eEp6VWx6TmtFbzVITU5VNXBOYzVOSDg2REFyYlprOHI3cy1vNktUXzE0TFQ4SDBhR1dDRTVBTlQyMW9nMUhXa0RZalBhOUlIcVlhb3hsaTVNYTdoR2lDbFRXVnptSGZ4RDRfazRXNE9wRTJCTWlzUTFBVlFiSmNIOTBFNE1YNkZ4Rk1CZ3B3eEZyZlJZaVBwTmpxYTBFd3lGSXBCbUN5WFRkN1BtUGxyWjhqSkUtZXRWZw?oc=5
PG,2026-08-23,3 Dividend Stocks to Buy Before August Ends and Hold for Life,24/7 Wall St.,https://news.google.com/rss/articles/CBMiqAFBVV95cUxPT0ZxY0NuQ3pIbkstcXBKNXZmczcya2pNR1luS3dHa3Q5bVJOY2FKN2hwMUUtazNROWNpRm10NjRWZnQ1NzBiNGNqX2NQX3dPUkMzZ1hxdEQ5UkFtOThtNzV4RU40c3o4LXBpb0lpeFVva3FiMm5XRWhiRlIwSng5bkxkcXNZRDVEdzg5amtzNTVJa3NuY3A2SHp1VUFwQl9ZWVVXX1A2dnk?oc=5
PG,2026-08-26,Procter & Gamble stock holds steady as new insider sales follow softer Q4 profit,AD HOC NEWS,https://news.google.com/rss/articles/CBMi0AFBVV95cUxNdnM3djVlQVg0WHFIYmNMbmhlUHF5MlY0TEhPZHBpNHV0VFJIeF9HSUI5LUdrLVdmRVpxYWhWckFBRnBSRi1UY0c5cndSc19PUHJMNnRFWDV2OGZlNHRscVdMNFh5VWRHT29NT05WZGR3NkJ1UDRJUWF4OXJ2aGpGM2llSWdXbDM1UDd4c1JMQVdnbzA4VHMxNHlVd3paNEpDLXc0NUNlV2xUamU5Ujg3SThkUHA5Ul9WWWtnX21hZjQ0UkhjTVdicnQ3d0thOWc5?oc=5
PG,2026-08-27,"Procter & Gamble Has Raised Its Dividend for 70 Straight Years. Here's How Much $25,000 Invested Pays Annually.",The Motley Fool,https://news.google.com/rss/articles/CBMimAFBVV95cUxNUmJMOG1yVUYxQWxBV0F6TlR5TnpKYVRObF9zc2diQld2a1BtNWs5eldQU0dpd0JQQWVjcE9QaDk3RHJ1WnFoSFMwT0tKTjJ2Sl9GdDF0UzJoS0tlM3JIa3VxSEZXaG4zTkVocjdDNHpUaUlWSDNfc2lrdHo3a3FUcjNCcWpZanl3TXo2djRpYy1ERkVWUkZsQQ?oc=5
PG,2026-08-29,"P&G Hygiene stock holds above ?13,700 as recent results support valuation",AD HOC NEWS,https://news.google.com/rss/articles/CBMiwwFBVV95cUxQS080aW5RWWl0bVVWLWtXQ1phX0w5S1lsSUhsUTlPMUZyeGtnOTJNWnhDbVVoMjZZRzFlTk1qNkpZalpsakZDQUlnZGU2ZkJ0cjY0dkFzVjhxelNGUUxueDN1UXN4OWJpb2dDdzNtLVFkZXpLcXRFdVB2UW45R3pQd251S0ZGZjlJUWxUbnlHZ3RnZERQVUNlOU1rLXlEYUxsWjRXZ29TMVpfOEN2cF9oSFJ2Znl4MUoxTHhkMnY5Q3V2ZjA?oc=5
PG,2026-08-29,Is Procter & Gamble Stock Underperforming the Nasdaq?,Yahoo Finance,https://news.google.com/rss/articles/CBMirAFBVV95cUxQemVOT1pRTHZ3YWRBT1NjUWU4OUNNRWo2R3ptMkJfZEdrT0VrdWp2VlBMVG8tY21vMzhLeHNFTjBiclhHelhjMlU0MmU5M0tDN1N0QnIyd1YxR1ptQWQ4cTl0eU5Gc0V2UVM4SXJTcnROcVl5NmJTb00tM0tUWjFuVl9MdXJmYVB6RnU1RE8xN3FnTVVKWlE0WUk2OXlWS3YyU3hXR2R2dGdzam9p?oc=5
PG,2026-08-31,Why P&G’s 3% Yield Could Matter More to Long-Term Dividend Investors,Yahoo Finance,https://news.google.com/rss/articles/CBMihwFBVV95cUxPZ3h4SkkzUEpZR0xwRGZpWTYwTk1GMUdlNHU5M0kxNU5lV3hWQlEtc0JTQ3FfdGgxM0JtTzkyR2hlOVBuWGJvSWdVNkMyR1hCb0NqZ2djMnZWMVo0YU9wdzdyRDBUV3pmM2dNMlc3QmZNU3JCczlwbnhrZWVjMWg3S0l3NUJKb1E?oc=5
PG,2026-08-31,Is P&G Stock Worth Buying as Growth Slows and Valuation Stays Rich?,Yahoo Finance,https://news.google.com/rss/articles/CBMikAFBVV95cUxQdWhZNHhSbm9fT0dCYTFRekJpejlEUkdtVEp2M09MaEpDQjNDakpwVXJrZGtLX3JBNjNuQ21tMGhHZDZzYjhMOW1vSjdkQXBlM2VrX180ZlNEeUNsWHlhMTRlRm1paUlmSzFJRnh5bUk0LTc3UFlZOTUteWVVMHRaOHV4M1B6VHRZWmw2bG1LQWc?oc=5
PG,2026-09-03,Procter & Gamble (PG) Stock Could Be 25% Undervalued On Cash Flow,Yahoo Finance,https://news.google.com/rss/articles/CBMimgFBVV95cUxPajFnc2dlQnlRWmZuUm1heVBQRVF6N2swWHFRQTg0UWdrT0NkTE0tbExPTUE2TC1LTTBOU2pMLVRJTXF6TDRvc08zNVJuTldUZGhPSG5XclNDdVRKUUVieEd2ZHlqZlhXV1Noa3JPQ0RkRm03bTB3TzFkS1RwZ2NPVDdmQmRkOVg1MHVJNTV3b0lrRkR0OTFNaUln?oc=5
PG,2026-09-03,7 Dividend Stocks to Buy and Hold Forever | Investing,U.S. News Money,https://news.google.com/rss/articles/CBMiiwFBVV95cUxOb1ZhT00ybWF0ODg1WnQ2dVpVWFdncTRLcXgxcnpuVkQ1RUl0R1c4b1lGMk9SaGNmRkltRUEyTkxJN0d5OG1vLTV6aDRnWS1nVG1yYkdXUnk1N3JsNGh3Wkc1SnhETHk0RnlNTy1DWWRMcXpBTzBiQ2FDMHduUmozcTZubkFreVJfeWhn?oc=5
PG,2026-09-05,"Here's How Many Shares of Procter & Gamble You'd Need for $15,000 in Yearly Dividends",Yahoo Finance,https://news.google.com/rss/articles/CBMingFBVV95cUxQc2JEampJb0hVa0NvRmlfYjg1X0gwY1hBamR3SUdYczZVa0lqbkNBS005OW01Z3BIWkZCVXo0WWtPRmM3VVl6bjFKT1M5aElyUzJsY1VnMmg3MXpnVWdkdFlWQ2xLck9MaVduUWZGU09RaWRRSVRLdW5tcVotY1dYT25wX0R5ZXdxbUR3NjM3YllLdi1aLWZxcDdIRkNTUQ?oc=5
PG,2026-09-07,Procter & Gamble: A Dividend King Facing A New Consumer Reality (NYSE:PG),Seeking Alpha,https://news.google.com/rss/articles/CBMipgFBVV95cUxQdFFlNElHYlFUNzlVRXF3OUhSdFJkRUV6SkVrUDJvV2VROU0wQVUyemNuMWRKY3dTTnlkbE5YVTV6RjFmWU56TVNKS2oyclUyb3RVSHpZWXJDRDNDTWxXWTFrYkhlU0RrazJCaFM1Y0xrNzdxckxpNWUxY1ZNbnQ5cVNZb3M5M1FtWEFOMGxNVWQyWVA3YnpqUEI4U0ExQW0zaHJTYnF3?oc=5
PG,2026-09-07,1 Stat That Makes Procter & Gamble Hard to Ignore This September,The Motley Fool,https://news.google.com/rss/articles/CBMilAFBVV95cUxPVGpzc0xlRzN0cmV6QzZWbnlOZUhGMjVMVGdlbmtmbzVmN3lUSE96eG5BdndVemg3aXpJWDNWbkQxc2xHdlNEalJkUGFBRDFNY21YTVNWRHlwS0JRUDlEcVluT3lGN0NNdklnbXY3U2ZoZHZNZC15ZlVfMW5YSmhYS2JLaWVpdW8xT09NQ3lOZzltUFNV?oc=5
PG,2026-09-07,"Which Defensive Stock Has Dominated in 2026: Coca-Cola, Johnson & Johnson, or Procter & Gamble?",Yahoo Finance,https://news.google.com/rss/articles/CBMiogFBVV95cUxOUmdreFpKTTRKTFhTcExyTWR1TnZOX3FDdWZsNFp4aEZIYlJyYVFOVjhXdlRSRG95MHI4TXdrWGFtZ0hGTjJjcklVZF9SZ0dTMHZCQUNSRzh2emt1Sll2V1RSNUVrT1lsTFR0NUN0ZEVvandnZ1JUWERXQlRMWDlmOXJMVW9uOTRJZDNhNW91akxaODkzaWxaN0NaVmUwWXo1YVE?oc=5
PG,2026-09-09,Lloyd Doggett from Texas’s 37th district purchases Procter & Gamble stocks,Investing.com UK,https://news.google.com/rss/articles/CBMizgFBVV95cUxOYVFNMGtybkRUUkVOcW1ySVlmdnpwUHJiUENwb3hQYmhHMDdRZ3VuV2pWVjg0QnM5OFc3aHplTnM5RlQwcXNaTHVtd09GWjVEbDF3R2E2ZWlJdEVJWnUzX191QWh1cXNhQzN6TDNDMnFpcklMZ0tNV0tmNUprWUI0ZzF4NV82Z3E0OWpXLXpkOTlKQUNQTjRiMDcybFBGaEFQMVp4SXdOclRHRV9pazFFb1R4bEF3U1lKdmtKOWx3OGJaODV4dnRwcUthQVk5dw?oc=5
PG,2026-09-10,P&G (NYSE: PG) director Christine McCarthy granted RSUs,Stock Titan,https://news.google.com/rss/articles/CBMirgFBVV95cUxQMVRwZ0ItajVhQmRmQTlyeVFCUFJrS2NFQWdLV1FQTWg4X2ozNjdxWjNBYVpEeGlrM1ZfSnNVbS1rRXRuUUdZTDRtS0tKYjlZQVFqYVpQQl93ckplZU1iM2NWaWtncVV2WUpUSE92elhCb29KeXMwSGYtSHlwa1RlZndFOXUwdDE3NzBzclV2S1JlaXRFX0NRSXcxdEE2UGdMZzFVZWlxcTg0TU1WQWc?oc=5
PG,2026-09-10,"Procter & Gamble (NYSE: PG) director now holds 6,228 shares after latest stock award",Stock Titan,https://news.google.com/rss/articles/CBMirgFBVV95cUxQVW00elpKOHpXanJoUnJWZjB0alZtNU9weFlzaldSWGFjUHZMLWc5WHM4WXZNaEl2MzViSjhjc1U1d2hfbmlvblVmWmhmUVBWMGlwUWlLMGtTTFlmUnhHak9kWTZYSERYbHk5Z1JwYzlUQUVuNXBvQ3A3angtalhVODh6dl9sd2hzLTZfSzVXTnNFdlJPOWJoczFZbjl4bF9FdmlrSExzaVRDaDlvc3c?oc=5
PG,2026-09-10,Procter & Gamble (NYSE: PG) director gets 52-share stock grant,Stock Titan,https://news.google.com/rss/articles/CBMirgFBVV95cUxNWUZZQ2FlM0NiTERucGJHUkVucm00ZlhUQTRPZU9PSGVKRDllRTlrZDd1OHMyMjI1T2dHMmFmSlBvczY5VjVWeEpUdWowSTZ2OC1Zai1ybTB4cEJoUVdPSFhweUVReUNwel9MSm5ibnZGcU5xWEh1MmlGX2hLNC1sd29hclR5N19rZVRFSHcxR3dHdkdOYTktbThETWU2RFdGUy1tY3BWNmR2eU04N2c?oc=5
PG,2026-09-11,Procter & Gamble Stock Looks Pricey: What's the Best Move Now?,Yahoo Finance,https://news.google.com/rss/articles/CBMinwFBVV95cUxPLWtSOVFnem1tRlB1TzRMZDNaY1QxeFFYTFFvR1Azd3Q0RGN2TWVsX3dJYzE1ck4zbFZVVjg0dE1WMEtfSTFibEctYUFnelZ5dkpWWjBMWUp4em1UX28yODNiSVJvTTZ5bWxQeGZOZjFPNkJIRU5ZbU9yWlNFUWZIMVBZQVRDOG4zYmFsWnBiUWFXckZXOXNHWFlwdURSZTA?oc=5
PG,2026-09-11,Best Consumer Staples Stocks to Buy in 2026 and How to Invest in Them,The Motley Fool,https://news.google.com/rss/articles/CBMiggFBVV95cUxQNWQ3UW9GQVFTMXNscGJkOG5meGg5TldWZjhwMzhZc29tdUlsek5xTFNBa2M2QWgtNmd3RzVmUHlGNENiNTFYMEdLUHptMko2MGlBby1WcGJJdHJjUHpfblRoTS10LU9vZXFFVk9od29EaDJCYTFDLWJZSTU2MldXRUpB?oc=5
PG,2026-09-16,Procter & Gamble stock heads into the open after a 0.6% gain,AD HOC NEWS,https://news.google.com/rss/articles/CBMizAFBVV95cUxPSGhUSXFWWDBSSUJJQXlpckVoMEJlUnFtX1VpdkNqcVQ1YzBYMk9rb201V1B3dXFvWDJiV2hudTY1VzhLNy1mbldnVnlLQm02WTRmWHUzYXAwZnJMOTc1bm5mbDdkTktoRlBkcWplWm51WGhNMmJEdzRqdlFBSU5EV0hNLTY3TXNic0pGZ3RIVXdLNVdzenNxMDBObEQzaGdPazkzdGlaekpId2hqd2hzZmplVU13aXBLQTdQVGkzWGFYS2JfaU5ueGhxdko?oc=5
PG,2026-09-16,Procter & Gamble stock holds steady as analysts debate valuation,AD HOC NEWS,https://news.google.com/rss/articles/CBMiyAFBVV95cUxPa3pjR0toM1VWMGQ4S25xV0QyMFNWa2p1cmtRdGZ0aVpWZ1R3R2xzMTN0X1MwLThvcXFZcnFZdG05VGw5a09veDNyR05wSGZmR0tycHpydW5HZzNMZGNsYTE4REVGTWFBMGNWLXZRbGJTZXhCYlZvVFlyak8xc083QTNqU0lDT09CMUR4NHFvWmxjQUw4V3I2akNtWmFnLUtnS1RjUmxMX1RMMU0xZ2NpLTFyZlFtM3RiendrYXEyLTBfajJUdWdETw?oc=5
PG,2026-09-17,Procter & Gamble stock holds steady as analysts update targets,AD HOC NEWS,https://news.google.com/rss/articles/CBMixgFBVV95cUxQMDVjeG9RUWk3SUk4VHNpODA1SWxTb19vdlVuR1lqMlRzWDk1ejd2elZmdWhXdHhvaHUxVmVvWjBVbzBaLTlDaHJvNGF5c0pwOUFLbzQzN2tmSEtHRUZ2OHpmazYza3dRNWU0OEd6Tk9BZDUzRkxCVmZieDZnMEZSb3J6bm1GOWdwVXMyLVNSdTFhTGZsRnlFOWJmd1dwN1liY2hxQ1RybW52MVdSeGprUzQxQWpyQVJkeVV5NlNNaG9kVHktc1E?oc=5
PG,2026-09-17,Procter & Gamble stock heads into the open after a 1.5% gain,AD HOC NEWS,https://news.google.com/rss/articles/CBMizAFBVV95cUxNSXRzM2JUZzUxVTIwbVRYZ3BCSzNrSWdZUzdsd1hacEVIS1cweWk3ejZwLURqUk9HRUVJa2pQdDNpTFM1UTE3TGpaUW41VWdnbGEyY3N0WkNGRjR3RmFPYTFRN285cFFzLUJrNVNZalhfd2d1WjktbC1ERGQ1Zm9FcEd0V1ZzQTFWaXhWeUVIbWdjaEY5cktPbThOb2gyQl8tdlZ4c3dlWFlfbHJGb21CMmdjNlBfRUhJRDJJTW9fSXNqVzVYVVNGTzgtNkI?oc=5
PG,2026-09-17,Why Could Procter & Gamble (NYSE:PG) Matter More for Consumer Stocks?,kalkinemedia.com,https://news.google.com/rss/articles/CBMiqwFBVV95cUxNOFB2WG5hOGZjSmoxYW03VTBfRFF6aWtZRjVyZ1dUSS14NThaOVhTQUw1VkZPdTlyUElYSEN1VnM3QUtEVk9XLUtiMUJDTDAtS1dQZUtlNlBUWW13ZFhOd0dVaUw5YUtJZDBJNzctazRyalpJTnFFN3k3NWV1UG9kV2NfeTljeUU0ZEtiTTJpZG5QcDZGMktpcmFWemROOWJxWmN4bXlBMjQ3c1E?oc=5
PG,2026-09-17,"P&G (NYSE: PG) beauty CEO receives 9,271 stock options",Stock Titan,https://news.google.com/rss/articles/CBMirgFBVV95cUxPblU3Z2JDQXpSNDc0WjhIQjUxQ3F4c0lmdkZEYWFheExveEpoOHBWZ2Q0Y2xUV01aNHVYMENxTTZweEcwWUlzNVczZnptTzRGRVJ3YWRoeUw4MGFSa3NXaWRyM1A4V3l6OFNXR3RkRWR2eVR0TVVyLXBQZUozWURfajM2OHo1RVBBSEhvall5eThGSUt5QkgzNjBHZnZfbUY4Ym1XUGJNWGVYeDlHVXc?oc=5
PG,2026-09-17,Stock options at $146.67 granted to P&G (NYSE: PG) R&D chief,Stock Titan,https://news.google.com/rss/articles/CBMirgFBVV95cUxOVHpkSkQ5WUdWS1RxV1lqN3NQTThjbXV5QkpLT0ozTERfQ2ZCckdCZFgyQTdZXzIzSmxsTHQxZVBtSjNicW8xcnptb0dVU1U0Rkc0ckpIbzRfd2ktMm5kbnZxU1hSV0VPREtHQXowM1FGeVdYQ0JxQ0JNa1NvTXl5RGZ5bThRZVI3UDNhczg3VXZnS3hMcUg5dm83RlhTUmVJRncybWJSOE5YZ3Zibnc?oc=5
PG,2026-09-17,Why Investors May Want to Buy Procter & Gamble if Consumer Spending Cools,The Motley Fool,https://news.google.com/rss/articles/CBMikAFBVV95cUxOYl9ESDh2cHVkc1JTOFhZSl90TW5wTDhKU1luNEhNbEZ5UEFaR1R6eDE4OEpCTlBxOXhDTlpVSXozU1lBMjNZLVhJaFJXNHFGN05TWXlTM2o1Q0lKb1dBZ1hLUDFlR0VmZUNxUzhIT2Rtc3Nnd29Cd0VOOHBEMmJtcnAxblE3SUtobkdFSk1OeEg?oc=5
PG,2026-09-17,Stock-option grant at $146.67 for P&G (NYSE: PG) HR chief,Stock Titan,https://news.google.com/rss/articles/CBMirgFBVV95cUxQck1uLWV1UHVpamwycWpfV0VoMzYtd29DU0RHYzJmZkN3ZExBMjdUc2ZDQjNyelN0d1Z2VnhEQ3FmLXlZX080dW9oOEswOWVnRjktaHp6OHZpd3hqdHpJTUlxajRid21hdi1xNXF6RFAydWw4U3NreW5vZ05aQmptem16ZGxNWkN0Y21FY1dpTWtzVEFTcHhPSDMtMkZOb21ob2g5ZjU1MTRmQ05Gamc?oc=5
PG,2026-09-17,Procter And Gamble (PG) Stock Could Be Cheap As 16% Five Year Gain Continues,Yahoo Finance,https://news.google.com/rss/articles/CBMimgFBVV95cUxNczRUMXAxdTRFWTRBV0FMNmRyM2E1Vk5IREladHJJZmNadTlQNjIyM0pUVldhb3VnaGhrbl9Cb1RsYVU0RGRMUWdIUE1XbWE4QnBnSHh4RjVYUlNWRnlUaEcyUDNXUzFCQmh2Z0k4NUI5eEI3NmsxOFhRNDNZZE1kZUNjYU9NeHFFTXNmR0V5LWllemhJUnhZVkxB?oc=5
PG,2026-09-17,"Procter & Gamble (NYSE: PG) CEO granted 22,787 new options",Stock Titan,https://news.google.com/rss/articles/CBMirgFBVV95cUxOdlN4REJya1pxQ1BrX0lvZS1VMVZtZlVJZFVSLUdtN284dnlObWZxSWl1ZXdPSXBsWDRrRWhZa0JxTHBBMVJvTUExaVp5dXBlbmMxVUJIMy1iaWZPVGV2ZFp3WHRFZUZBd3hZcURTcUhFZFhaTlloYWN3cEJKRkFkQV9Ka2JYREtzMnFJTnBSZkVkQkh1TF9zeXFERkRucTBILWxrV0V6Sm94cXhYM1E?oc=5
PG,2026-09-18,"P&G Has Cut 5,000 Jobs So Far. At 60, a Worker Leaving With Company Stock Can Lose a Capital-Gains Tax Break by Rolling Everything Into an IRA.",24/7 Wall St.,https://news.google.com/rss/articles/CBMirgJBVV95cUxPN3liOGVidDVTU3lRWnQ3MkZCNEVXWEpjT3ZINzJPQ0FTVXBFU0U1TUE4N3JGVGlXdzNfTHhiR3pmUGY4SUwtb0pxbm5HY2tFT01UNTlBUFhJRmtBRFN3ZnlkQzRjaHBxYVM4Ny1nWlFEcHFDNmdENWNRbjR3UTktaEppOHFsM3A3MEIwUGtJU2FlMTY0RUFGQ3hJQ3Z4QlBOZ2RuQ2I3b2JKOGlxczdyNG9acDhHOXJSMHh4UnJ4clZIOXJfUmFkTjVDWFRPSENJdU9ZNXFXYWRtdVBmcXZEUWNJTTQ4SW5VS1R1VndvS1ZqblFSYWFZS3FPcFVXdlQyTEFFWmp0clQ4VVMwRHJHbWM5U1g5V3hobkhLM3YxYTZRYlE5a1l6OGtER2FGZw?oc=5
PG,2026-09-18,Could Procter & Gamble (NYSE:PG) Reshape the Dividend Stocks Story?,kalkinemedia.com,https://news.google.com/rss/articles/CBMiqAFBVV95cUxQM2h2NGpWR25HTWdwZ2dCczJwR0FpZDV1a1lqcFk0MkI3YVQxYVQ0SWVCX1h2V2xqdHFaaFRTMUNWejlLT2dRWjA5VE5XM25NRTRTSnNURUNTTHBuUklpalJpRGRrQ3lIeUMzbEdhSWNMYXdhYlRxejdNcUN2TV9EYXE1ZXFMbXhwdlFvTkZtLVQwczBCWnVXS2I0VEtIU1EzOFVvQUh5SjA?oc=5
PG,2026-09-18,Procter & Gamble stock edges higher as analysts reaffirm upside potential,AD HOC NEWS,https://news.google.com/rss/articles/CBMixwFBVV95cUxQdDRYVkE1RXhJTi1oZFF3ajlUOUVCNFZ4dFpEOGVsTW00RmdBOElPR2xIclBLcTFwSXlVcG9UVHRlZG9FVndIVUNNQkNpN1hZcE9tNFlfcGp3Ylktc2lIUGVRRTJ1bkgybldJN1FxUUw3M1E2S2tHSFhtTnB6Tlh4S0NkbE9wSzVpRldJcTJvRTBvajU1Q0FxeC13RXp4c1ZzWHhudWNhWEtnZG5PdWRBMHB4WnRQMFRHcXJCb3c5MkZMcW92enBN?oc=5
PG,2026-09-19,Procter & Gamble stock holds steady as analysts see upside,AD HOC NEWS,https://news.google.com/rss/articles/CBMiwAFBVV95cUxQbHNXWFFqMzlxYUhWUXluN1A1LUN5UzJKUDFaamJpWHJfLXgxODZLYUhORnZ4VV9mOF9TX1hmeEhyVGREMmkzRHFJRzZFdEpmelNGbVlIQ1B0RXZKWHhNb0VTQzRKRDNzeFN0T3pKWE9vbV9JdGRJVEpqV1ExZHF5SzQ4UHdZanJfMmRmUmhPNkVWUHRBOEdBaE9PSVplNnpNSUZWN3NfU19PclhpQWZ4UzZmd2ZFQ2NUal9pY29SSmM?oc=5
PG,2026-09-21,"Top Stock Reports for Procter & Gamble, Sandisk & Analog Devices",Yahoo Finance,https://news.google.com/rss/articles/CBMingFBVV95cUxPc3lUSWp2cWg3cjhDSFhHSFUyZnBqQWhsc1lZbXh3WjJoV3NXSEI0ZEFRSWpWa2ptSUlaUnJWY3dNVWRoMFE3WG1wMWFBY3JRNEhGM0NlTHdQb18yWXAybmVpTGJhdzJUY2M5ZTZYQ2RibWhfLWVIQ0tXOWJXMnFJZkpxZWxpd0lRSlZ5STgxSTNtamhGeTgySkhoeTFCdw?oc=5
PG,2026-09-21,Procter & Gamble stock heads into the open after a muted move,AD HOC NEWS,https://news.google.com/rss/articles/CBMixAFBVV95cUxPNjR0X1pFZlktTG9xZXVQSzZhT3FKRndzNlA4SkpQcFJpWG1aVnBLY3VCZDNZUmg2YUlCYlljdktUZmtLbU5JZ1RaaXlaVllDOFRXUXg1cnF1QmRVTWFfcGZ2RHlNUC1vUDNfeFNobjFDTm8wcGplLUJ2NERsN2IzWVRsaWFPSmRoYkV2TFB3SW5OSnBYeDdYaXFtWnFsSHpiQm9Dc2xyeWZBaG53Y0drYzZ5MjUwbndIT2NleVpHNjBoUk1o?oc=5
PG,2026-09-22,Procter & Gamble (PG) Stock Moves 1.45%: What You Should Know,Yahoo Finance,https://news.google.com/rss/articles/CBMimgFBVV95cUxNOS1uODBQdnlJd2xscS13dmJKSmlnTVlrWkVMYjlLbDJjQ2NQemZha1A1eXRIYXd3ZVdoNHFaWlI3VTY2bHhzbk5wcTFwOTRWdzdNVzRhOGtjX1JvQm0ycHRGSFBSSnF3aF9KZ21LMFFoUi1fOFdQVWU5dE4tQWRzM3BTS04tVmtKWGdham1FY2ZsTGlvamRxM3Zn?oc=5
PG,2026-09-22,Procter & Gamble stock falls 0.21 percent as volume growth lags,AD HOC NEWS,https://news.google.com/rss/articles/CBMixwFBVV95cUxON1hzQ0pRUWd5UDNmNklXWHBZdkpjT2JXSXZOZUh3RVhXZU9tc1otbzJhRGhFT2lqOUt6YThrSUxJRkgyUzBxMW9sWk5tYndVbU8zY3paSTkyc1prLUhCTTNUVUNQRm1IajZIaFBkSXNJNHhvUjl4SGtMSlF5ekI4SVBnMjZVOVRkV051Y0UtcENablUxMGFYX09pZHF4dXVrelpSdUJpV0Jnc3pCX0t2SjBVNS03eU9CUnE2Vlk3MThObThDNmVv?oc=5
PG,2026-09-22,Procter & Gamble stock slips at the close to USD 146.08,AD HOC NEWS,https://news.google.com/rss/articles/CBMitwFBVV95cUxNU2VPTWxwWTBkTW0yM3dJdVVLR2JMLUtWYW5KU3o3cHp6c2RtSTBtYWdyUE1xOFFLeUNJRHE2emVxN3VtTDZORndFMVJKaXRKMTBLRldNRS1DazZKYzFZNGQ2UTNpbGdlZXcycV9YRk9KQlllVWNzWFIzY1pOX2gwTllwUmVBX1lZRFdTMkpNbVA0X1NNNUhQTzhsazVON0FaeW5QRWxWaEgtaktYMnF3b0ZINnhDM0U?oc=5
PG,2026-09-23,Envestnet Portfolio Solutions Inc. Grows Stock Holdings in Procter & Gamble Company (The) $PG,MarketBeat,https://news.google.com/rss/articles/CBMi4gFBVV95cUxPSVFFVDhzWUs5ZlZlVG1EQXY3WC1MZ19lRjR4bWFRcm9Semc2bmpQOWs0dWNjMm5RTGxhRTBCLXBJajN6SEQ1cXFCN0ZfUWdqV090YVF1eExrMXNWLTJyWkxYQnFaWkg5MUVPZUk2UDZOM1NGZm11dnYxUGNJVWwyc1g0WWdyb1VvcWZzLWpEZjlHOWhGZDEwMlUwS0o3cVExOFlwWVlNcXhNel9YanMzNlVUSHFFakx2Qzl1cnZmTXZ6V1A4bWc1bnJzS1owcGd6WWVNVERwOGJ5Mi1NLUJJVXdn?oc=5
PG,2026-09-23,Procter & Gamble stock heads into the open after a 0.21 percent drop,AD HOC NEWS,https://news.google.com/rss/articles/CBMizgFBVV95cUxNaTYzeE1Rbkdyd2lHTkZOTGY4UDN0cnZybjcycGN4cE9CS2JHcDZxX3RRZ295OE1rMFVmbmFMRl9hMFV2cDRWZ01nUDBLU1dTRVB1dmNnUGNIOVllMnM1MEYtcEN6cEpOTUdxMDZsUi1tdFdDeC1scU9QQkxLSVkxWDhOblJTYVhjUXBKSnY5eWRBenZxQ05tbEVUNmVjM1RYcTdXQ1ZCYjhxeVhsQ0VpbGJmMzFiREpnRWlnaWFoRWtNQ0JaZEdoVnVwaF96UQ?oc=5
PG,2026-09-23,Procter & Gamble stock ends the day 0.3 percent lower,AD HOC NEWS,https://news.google.com/rss/articles/CBMitAFBVV95cUxQQk9TclBUd0N6bExLTFJIM0gxTlNRb0pqWkhhNUNVRll4SXFZUkhGYlJnbWV2Wm02TG1td291dEV6MVMwVHBCU1U0MkNjRWJaMUk5SVA0LXJsNGFzWDUwXy1RbzJiTjhsNGZwUl9oVWVWbFl1Z3RobVJhS2dmMFJENlQ0MXgzQjZFYXNNRl9sN0tBYVZ4RTFVd0dtc1dfLUVwSktlSTB1MWRLTFVOd1ZHMFZOOTg?oc=5
PG,2026-09-23,New Head And Shoulders Push Could Reframe The Case For P&G Stock,Simply Wall Street,https://news.google.com/rss/articles/CBMiygFBVV95cUxOZXpaSEtjM0NGdmpaSHViRXBiRVRtMDR1NDA1dTVvVmozWTVhNzlJd1JaWHV2cXVTTTc2d1U3OWtLdThIZGI5SHF4NmpRVFZGYkZXeTRERGdFMkUtWVdPUmpDMXcwMEZhY0lCVXpaV0JMV2g1T2xHQTAzMWd6d2Q3X1dOZTMwQTl6NXNKcmwzR3N3LURJZld1VE1KZTJvaFM0OXp4UWR0MHIwd0NqaTZTQzFDWWNXTlNWVXM2UEpxMHBrTE1CVEFEY2xR0gHPAUFVX3lxTE93QktadEkyS0pXNE5zWGV4azhOb0oyczJaRHM5cVNmNVJNNXFYSWZRRGZFS1JnX0kxMVA0QVc2aWtHeVlxT2Y4WEMyUlBfVlNRSnQyQXVtc2ZIQVphOTVWcEVKVXlpLWMyV1Q3STBDVm9ITmV6LWpUdjZNbjVfTk5TNjVHaGhUQnBXYk9KUHZORnFHRFc5Y1lKYnFsa21JOW51ZXBuX29ZUWZLNU1vdVlGMFBzaFE2RFp0TDdEdlBrX3IxYmVjSkhuR0FkcXNCUQ?oc=5
PG,2026-09-23,Procter & Gamble stock rises 1.45 percent on September 22,AD HOC NEWS,https://news.google.com/rss/articles/CBMivwFBVV95cUxNd1d0cXFPV1U0WWg3RVBYQS0weHF2RXRzM0V4b1h5UlpFVTNGS2c1RXB2ZnlSdEh2b3Y1VXlWeUVranMyOE02TWJpU3p6b2RrNmx3MXRfNUgtaTRtTGNkQmRqdjFWb2dCUmg5MC1EeVhsMEFPU3VqOHE1ejRlRDFlak0tenVEWmc5dGE3RjFpOEVTLTRYdERHY0RTS2U5VU16TVNRNmFoVlJGdGVjTWVPeWprS20xU1dfYzlqNnJCRQ?oc=5
PG,2026-09-23,Why is Procter & Gamble (NYSE:PG) in focus amid today’s bluechip stocks discussion?,kalkinemedia.com,https://news.google.com/rss/articles/CBMivAFBVV95cUxQZnlwUDA3S1JFYnFrYkREemw2Smw5T29TOVpHTVE5S043R19XNi1GU0xUenpFaHJyZzRReklQOXoxNVMwT29namF1VlFIUklLLWMzLUp5b2ZwanhIWEhUUUpqUXNXQllQNThRWlZscDdMSW4wM01yY29IVFNSS1RqWDdEQ3hPemNWM19kRWN3YnhaQXV4bjdqaXV6NDhuMWJ4N3NfWmd1MXJWdU1GM0Z5RjBEeUNPMFpWRHNHQg?oc=5
PG,2026-09-24,Procter & Gamble stock slips 0.6 percent ahead of the open,AD HOC NEWS,https://news.google.com/rss/articles/CBMiwAFBVV95cUxNZ2ozQlNrR0V0QzVnOHdhT2l1bXB4eDF6SG1jNzdXOHFEc2dMY1QwZFNUMUtKdHc2bTZNaldqblV4UWVlLTFlaFRpTUhXSWJEUndXUDZvNXB3b1k5dThyaHZCalhrcUw3NGhRTVNkZ29ETnFaN215QzUzRTlsM1VLSlUyOUZ0N2xRM285ck01dWo4cG5WZ1UxQkZCbUp3WWp6VVE3WE1GTFRNSnVfb2UwNFVrV042UU1ueEk3SXdLTUs?oc=5
PG,2026-09-24,Procter & Gamble stock reports 1.5 percent growth,AD HOC NEWS,https://news.google.com/rss/articles/CBMitAFBVV95cUxQZ3U4NUdPOHQxb1Qwcnp0VTR2djd5TG5fb0pBQURVOTVxclV4cW5fNFN5SmprSHotY3dsWEJoa09KV203bFBiU2M0T0g0ZlN6T0JFOXdxUXlkeXk1VWVRN2hoZE92bGVadzYtbnVsRnMzRWRGLTNlSnh6NjhINnNqZHFHQkpZRDY2M3JBbGtPY2NQMkRrRkRXa3dqYk43MWVfWUlkOTZtaUdpYVdOQ0p2LXJUNUI?oc=5
PG,2026-09-24,Procter & Gamble Co. stock underperforms Thursday when compared to competitors,MarketWatch,https://news.google.com/rss/articles/CBMi0AFBVV95cUxNNlVqc0lNSlZtdE5HSExwZFRlck41TncxeVNtdmU5ZnA3WXZwREJXdm1XNGd2MmV4SERwTno4WTZDTG9LU0pSdGpMVVlJd0wwYTdRVzU1ZURpajkzU3NRWkNEb3haMzFjcnY3VnpKdzV5eXF3dENYZDVhak8xcDBrcUxWbldIcS1NYlhrOEJjd01aOEh2RjBtYlNLbGxBUWF4QmhHMnBIdXFmUm1xY3o1UVliNHlNRUlBOS1MNTgwU1VHdFotdkxVR2hDWmVFRnpy?oc=5
PG,2026-09-25,Procter & Gamble stock heads into the open after a 0.4 percent gain,AD HOC NEWS,https://news.google.com/rss/articles/CBMixgFBVV95cUxNRXVtQkxxWnZEa19aMmx0WmRJRVJWdzdkekRjMVRCRDIwQ3dDU2s3d21YRjhrc0otblNMd0RCbTE4S2NvVWV2WkxnSnY2RHR5b0ZIZHdFdzlpek5JTDN3NE81Mm5sSWVJLW1kYjh5emI2T1BQa3FnTDJfQ1V2a292dXlpcDNfa1BZMkk2QmdvQjhwQVF3czJlRDg3eG1BcTNiNnAxOVBZLXFYTGpOUzV0c2hLVlR0a1NYa3htWG43UVFtcUZLSWc?oc=5
PG,2026-09-25,Procter & Gamble Co (CEUX:PRGd) Stock Holders - Institutional & Insider Ownership,GuruFocus,https://news.google.com/rss/articles/CBMiYEFVX3lxTE9oa0VTaDNqSXVlV0tVRzdUUXc0THhFZWNKT2pHNGFmXzdiSkVhTEM5Vjc2N2VyODB5c3VJc19xNl9wRWJaMTR4T0JHV1QxWnltX0xkZDg3Vm9lYUNXV1JqVA?oc=5
PG,2026-09-25,Procter & Gamble stock weighs EPS beat against revenue miss,AD HOC NEWS,https://news.google.com/rss/articles/CBMiwgFBVV95cUxPRmFtRzBzTno3eklEVHFtWktFNmpuOU1YMlh4UVZkYkN4N3I1aVFFVUlJLVZlMjRBRnlleDJxbDZrQUZMQUZ6VjQ1amV4VGF0NVRRZlc5OF9OMmpkbnlPRGx6Ull0bUdabHR6b1FlaVJvbm9CbEZDVWpTY19WZUFHc0tRSlFvWUlnbGg3ODc1eVB1bG1mNlljVFpzYnZTdGVjZVhycmNVbktEM2o5ZVF4T2dkdjN1MFRfTlkzZjRvNE0ydw?oc=5
PG,2026-09-26,"If You Invest $100 Per Month in Procter & Gamble Stock, Here's the Passive Dividend Income It Could Generate Over 10 Years",The Motley Fool,https://news.google.com/rss/articles/CBMikAFBVV95cUxORVUybGYwMUllTEh5TTI2ZGo3VHppdFJadmlKUXNfZmUweDVDWVZ1b09mR0U1aDJXUndES08tVGh4U19QVXZIOXp4WkJFb0JsemwzRGZ3WEs3TE96cDdwYmNwWVo0UjI0UGxUWkdXSE1wQkNtSnVsb2J3VlJhbzc3Z1dNNDNyUkhTVHBPSktkQXg?oc=5
PG,2026-09-28,"Procter & Gamble stock at USD 146.22 on September 25, 2026, up 0.37 percent",AD HOC NEWS,https://news.google.com/rss/articles/CBMiwwFBVV95cUxQQlpxRWNhQ1N0eURVZktSZWZBQVQ4RHZiaWw2Z29LSXpOMGJBNGxITEJ4VDFISGROdVU1S0VIMHRhN0FkVEt4bEtlYTRVaVJMU0hhQVBHQ0g2LVVIeFRkdzRjN0RaWmNTYm44QVB5aFRkNTdhM19Mc1NzT1QyNWZIeXg0ZERNOTJWWVFjcm8zUDhtRUJmVkhjYXFzN0h6NkRLa1BnTWhLQWwxQmJ3Z3VCRFFuczFXYkpEUWtqMFo0ajFhT0k?oc=5
PG,2026-09-28,"Procter & Gamble stock last trades at USD 148.84 on September 28, 2026",AD HOC NEWS,https://news.google.com/rss/articles/CBMiygFBVV95cUxOQTVGTFpNOWZVT2x4TUR1bHZab0NaSm5LdHNZcFZ6aUJfUDRxVjVMNG5XTnR5Mk1SZUt2WWZLYWYwcmtEZ1JsYWRXTnBtQzhTTFRScXpxUlgzdk1UTHcxNXpjVHFqakVCbl9kME0wcmlpalhuUDMxTU9OZ2gtVVZyZTUwcjNuZS1oMFhZbFdPQUh0TlYwemhacVFSZXpZUVB2bXRVaU01ekZxRVR2U1Z5NGVwdDlUZjFxY0U3Ui1YN0VBRXRUYlB0Sk9R?oc=5
PG,2026-09-29,"Procter & Gamble | PG Stock Price, Company Overview & News",Forbes,https://news.google.com/rss/articles/CBMiXEFVX3lxTE9qYmFwZTRNMmVvdFVFRDJfeGV1dzYxSGdRazFTcE9VMUh4WWw1d1F1M3dYN0lUaEpaQ1VLYmlUN2ZWRXk5NWJyQm0yd0cya0xUMDBZTW9EQXFFYTRy?oc=5
PG,2026-09-29,Procter & Gamble (NYSE:PG) Stock: Can Reinvesting in Marketing Restart Growth After a Flat Quarter?,kalkine.ca,https://news.google.com/rss/articles/CBMiwwFBVV95cUxNVWZOTG1UeUMxZDM5NWRzUHVQWHU1bkdJeHk2QmFzWVV6dnJNdEtfWXBIbWRnM0ZfZU1PV2FFcFBHdXFMRGNJci01Q1pibDVRRkFoY2ZmNDVZY1hxaWFERHhCQjBMYkhTZXZJUjVWeTl3dkhLNzFwX19UdDFHVEJ2ZVVtaUw2LXQzR0hIUTRSOWxNZkNJU3plMi13WFcwbjZOWm5VczFEazBXTmc0XzVTSTBRelc2c05oSC15ZFFxbWFHY00?oc=5
PG,2026-09-29,Procter & Gamble stock gains 1.91 percent as target reaches USD 160.61,AD HOC NEWS,https://news.google.com/rss/articles/CBMi0AFBVV95cUxNMHk1Q3RNenhUSl8yYW4yeVRHNFlKRjFZUVpyOTRWNFk3Q3BmT000TkU5NHFTWVBfTFlGWGt6VGJ1MHdXR2tXeGJiSFduU2pPY0VlM0dQRG04aktWNzhRdnJQNjNZTDJ4c2xHM2NXYy1fRmJheUR5Sk5zRTRNNDE2QnAxZVZaWVJrU2hXeDFTWTRDQTJmNzBYOUxBWlJWQXVEZS1HQW1BRzItYkpfeHY2WWFieUdBN200VVhudE52T19mUEUzUVZPVWdmMVVXcFNv?oc=5
PG,2026-09-29,Procter & Gamble (PG) Stock May Be 24% Undervalued After Q1 Sales Slip,Simply Wall Street,https://news.google.com/rss/articles/CBMiygFBVV95cUxNTDhNNFV4V3VhYjltSjBtbzVmcVEyLV9WUkFrZ1VfTGtNa0loVEV4R3Y2WGx5WDc1V25HeHlLSnVLYUt4N1ljR1luZklUOE43Y3RsR2FibDBMQkVjTE1GMXg3OGQya0w5ZzQ4dHJmekVaR1gwd1ZvVmdQYjlMN0VuUWZNcXJId2J1WV9BRU95d1p0MHBfNTZoS0dnVjczYlpiSWhwR3RkNXNIVExoRXVBazZOVnd5ZzVjR1hZWEdjdTZiQi0xU0hWalBB0gHPAUFVX3lxTFBNWTVra3I4U0ZfUWg5OGwxOExjOWdYTmlqN2VyVkhEd1NNQ0pBRFByQWZ1ODFtZjg3YzF3aWdqNzh6ZGdra2hRSmhmdU04R3hHdGJRUGV1d0kzaVdZLUxDNy1KZXI2MHYxT0ZjeWhndnEyZWZVWFdDcmV5c01rVFg5dHY0SlZ6MXVFQmwzOUJCd3JDb2dpVUw3OWRZMjJaOUtOZ3U5dU1HQTlCV1d1aW81MW5hd0pncjAzc1hhTmd5SFZ0TnNqei02M1VPSTdLWQ?oc=5
PG,2026-09-30,Procter & Gamble stock trades at EUR 131.20 before results,AD HOC NEWS,https://news.google.com/rss/articles/CBMiwAFBVV95cUxNTWRrazRlU2tranlaNWpUZVhtdDU4WGc4dlFnU0lRUWFnMXBvRVhzc3lsQXRFazFQaTk4MS1ILXZTWmZ1amJLVDlHU2pUeGFHQjlHZzFhdDRnOW5aamZjMHRCdGg1bVlVVkNRSDZHb0gtd1dOOFpEVExqbkotd3Fnb1I0emdvY0NoZkRqcG8xMW9RWlVlVHBCYlBCMjUwOTY3d2ExSklsbUdYRGtaRDBNcWRiTUxtcnBfX0hlUUxTc2k?oc=5
PG,2026-09-30,Procter & Gamble (NYSE:PG) Stock Falls 1.9% - What's Next?,MarketBeat,https://news.google.com/rss/articles/CBMirAFBVV95cUxPUmstXzlLWWFwNl81dVUyLW54NlBJTlF3YV85QU4ydGUwZjNtX0pmTnNkcWJwZVV6YmlFTV91SE1TZGJHOGY3bFdSanNoNmkzQU5XdDNMUFJWTHhOSllKdlVHNXNrT0d6UGpxUjd5ZEhWQ28zMGxHcE1mTVhxb0NFVUJTRmx3RmExSzRQWXdPb25uajd4elktR2lrekhOcFQxUzJqbmdJNXM5LUNi?oc=5
PG,2026-09-30,Procter & Gamble Co (PG) Stock Down 0.5% -- Now Undervalued? GF Score: 87/100,GuruFocus,https://news.google.com/rss/articles/CBMipwFBVV95cUxOZURZMDJZUXRfWHJFdEVVMTAyR3JJY0ZnalFHTDROTWd5NGdZNEExR0dGWW9BOHY0OWpScXB6dGZsMm5rMkpBYmFyMXl3WHEwSXZzR3UzYW1LYTE5dnhycUdXQkMzOUM3elZ1T2gyOE5hR1VqcHVqaGpPMGU0Q2V0bG85OWZ2VlVTRGkxTDg3TGl4VVlsLXlwa0NDYTlhYnJEb29QeWxmOA?oc=5
PG,2026-09-30,Procter & Gamble Co. stock underperforms Wednesday when compared to competitors,MarketWatch,https://news.google.com/rss/articles/CBMi6gFBVV95cUxPeGlfeGkxbDVDWVp0LWZoYVF4TUFuSEF1RWxsZXh2ZVpkV09FY1FwM0dDaDdvY2k3b1lPdGdDbWhDbGpCaF85cjY0VURlOEdfR2lWcEIzUlV1ZTB2NkNMQTZDb1RybWk5eTd0bjBXZHFNWWFOYmpXOVdqV0lXZ1dRRDRYVFJhdGstU1lKc3l3Y1A0MDkxMmxDbHd1Y2VHTFN3ZTY0am1vSzg5bzZmV2tLSDV5c2RCZEpNYk5YQmFYRjZZZlc0dDhpN3ViUUVteGdSVE9fNG1TRXpMaWFZcUxsZ1ZxYTBoUkVuMHc?oc=5
PG,2026-10-01,Is Procter & Gamble (NYSE:PG) the Bluechip Stocks Stock Everyone's Talking About Today?,kalkinemedia.com,https://news.google.com/rss/articles/CBMixAFBVV95cUxNZWZ6cTF2aWRaZjRfZmxzNXM2Q2hQMm5aQldUOHVLR1JHVnplaTJKWl9nT2R6ekpRbE5OaXZSbERzb3c1SUlCb2lvTjFRcE0wWjhFaTV1RUNsMFhhWjIzVmNfUWtxdlpmZTl0V2FFbEpGdDVvLWM0RXpTZlo5VVN2NHBfa2RpeWxpbmJTZTJZdFFMUldCX2JQdlRuV3lsUkpqWlU5bWotdG9XVGNoR3RIUnhodFFYUnptYjdSbGdydTdDQUdl?oc=5
PG,2026-10-01,"Procter & Gamble Tokenized Stock price today, PGX to USD chart, marketcap and volume",CryptoSlate,https://news.google.com/rss/articles/CBMibkFVX3lxTE9Eal9GWWswUG1aWUZGeW9hWGpiU3oyeGN4aXVIWGFrWVhGV0ZRTHZudjREUFY3NXJ1WnZBaGoxa29ISzBTMUxtUF83ZkNqSXVGT2wwRnR1RHNGaTJsSDMxLXVfNkIwSEt0c2hfM3RR?oc=5
PG,2026-10-01,Procter & Gamble stock costs EUR 128.55 ahead of results,AD HOC NEWS,https://news.google.com/rss/articles/CBMivgFBVV95cUxOYUU0V2ZhZWVzMXhOejhoa1pyVlNDNS1EN3JXZ2RHajRLcG5BLXVVUV9tMVd0SzhqWWp3RmtOcTVHMHZIVW9tNzhBS0lyM25ha09Za0ZhWE0wVFhueE9JNHo2TVQwQUxYMzhxQmE1aUlIdUluSEV0eFJlTnRpNlV1dEdzLThDcVUxWU9OYl9lclVaU1lLUlFGQUNNcThkdDYwY0JEMk41WEYwRGdlUm5ZSGZtUlpfdzNLS2VfZjV3?oc=5
PG,2026-10-01,Procter & Gamble stock after-hours at EUR 128.83: plus 0.26 percent versus prior close,AD HOC NEWS,https://news.google.com/rss/articles/CBMi3wFBVV95cUxPa1NUMnBTbUp2Qk80QVZCNGlHNkRyMjRXV2RZOExFWC1lamJuckhSY2l4ZF9tcnVmeF82S2FLOXZwU3BVRktBRmJOczJaNGZaV1ZQaHNMd0xkQkFDZ0dzNHlzQUNlUV9ORlNaanFRelBMWElYQXphNlhzbWhuZmRxRl9DVFZVZFdhaXBUTTc5RnBBd3RXQXNlOUJMOGhjRXQzaHFjdG9HQ3UteEctaGV5WUw4MUF4aE5PRG5xbks2WGZGY1h4LTFNSjV3YW43MW9rd1ZfcFNxNDkxcUM0ZS1z?oc=5
PG,2026-10-02,TD Cowen reiterates Hold for Procter & Gamble stock,AD HOC NEWS,https://news.google.com/rss/articles/CBMitwFBVV95cUxPR0JfMjM5VkpJNHJ4bTVMVkF3N0xROUYxeTc4UVdRdHZUeGpqTnRqcnJiaFIxU1NMRWVJNzAyS2U3dm8weVdrRWRkSlZ1MmVLaDEtUjhpcDlZT0lxOFExa2JQeXlmaWNkOGVfSHV5ZmVUMUx0Y3NRNnZldG1GVV9LdUx1ejNGbTFPcXpFUTVEQ1Vxa0lVTVZtVy1VOHBNQ0NNOUcwYkRaSFowMTZsdWdjVlpZb1FNaTg?oc=5
PG,2026-10-02,Procter & Gamble stock after-hours at EUR 128.48: plus 0.25 percent versus prior close,AD HOC NEWS,https://news.google.com/rss/articles/CBMi3wFBVV95cUxPVXNwODNsTE5idDNZWU0zSURYeDg4SWNaSE9jdEk5Q2tkTnQtUkcycHEtdjRDQVlwNGpKeVRDcHFHcFdNOF9JczZNUkZfdU9SMDZNdlRSazRUYXE4VUxpZV9YaW5VZ1FUcTRjazBSNk14Y2dHeDBmQWlPU1VNS1NIam9iY011R3kwRXZMVFQ1WE5EcHJqQmFTelhKU0JPWnRfemJiUTRXNWloVHRocWpfNlpnem5kSC1DU3FfV1RPWTVjWVFic2ZURFJKdmgzbEt1XzJIZmhxZ1hxNVBLalpB?oc=5
PG,2026-10-03,"Procter & Gamble (NYSE:PG) Stock Rating Reaffirmed as ""Hold"" by TD Cowen",MarketBeat,https://news.google.com/rss/articles/CBMitgFBVV95cUxOTm55M1NWNXJPN1BRZENKNTR4bEgtMndBVzdLTjhwbFV1eGF6OHd4RUd2SjFvS3UwYmJzaklvOXFadTJzYTJqSGE5YjJTVmt6bDk4WXZ2WXFlSzZaaXpHNkUtOW84M0NqYjZzdUMxcURVb2FsU1RMS0RQVDBoS09mN1EwX016NklRV0xGOXhyQjVha2tjdzdjNklBUDZxZFVsd05HcFkxLU43RzhPVHJGUklZNkJpdw?oc=5
