ticker,date,title,summary,url
SU.TO,2018-01-12,Six slick ways to play oil,AJ Bell,https://news.google.com/rss/articles/CBMia0FVX3lxTFB2M3BTY0VOZ0lzenJMN1ZBRHVvQ09NMWlMLWF3UjdXTFZ6OWJtTDZ6dkV2RGxUeTIyaU5GM01tX1dBTjFqcXBzWnR6RHFub05qaVFzdEUxNHgyX2RJQVZYRkw0dWtuWURHZ3Vn?oc=5
SU.TO,2018-01-29,Suncor Energy Switches on Production at Fort Hills,Oil & Gas 360,https://news.google.com/rss/articles/CBMif0FVX3lxTE1BTm1FR0ZKWFcxVGlLT2xMNXEybUtTdmZScFdWV3VLRXlCSUl1TkJmZjVfUW1mSFFpT2pQSkt1UFd5T1RhcmxoVVhxWFdweFVjQm5mcTFEVGlrUFBqYndRMDhjQWR6NGk2RDlqbjh1S2Q0OWVOREtlUFVvejBWcUU?oc=5
SU.TO,2018-01-30,How TD helped Canadian Natural pull off blockbuster purchase of Shell oilsands' assets,Financial Post,https://news.google.com/rss/articles/CBMixAFBVV95cUxPSDdISXVZbDI4SHBfTTJjckE0a3lXV0hLTmp4WV82NmtKR2VvM1RuNXd3OTV0ZG0wYkozM0t1cGhaTUpqWjV0THNHdDlyWllKZmQybjNCdnpmY1JnMTVoc1ZZX2doQXBmcm1PY2wyM1p2eHFUeldUX0g1SVdYZW1qVlNCUHZUay0wM3NmS3RPQkFKWXo5b3JhUWhxTFVONWZuTm5Ib2tKdlNMZG5QaHlhQlBoZm9oSW5RMTg3bGozNHpCSVVr?oc=5
SU.TO,2018-02-05,TSX slips to four-and-a-half-month low as global selloff weighs,Yahoo,https://news.google.com/rss/articles/CBMilwFBVV95cUxQRjVQS2ktY29tSlk1RW0yay1DRzJrMEpBUnB4NW1fOC1oU0VwRDZ1Z2d5VldNLXRwT1lRZVA1SmRTWm5VazZCS0E5Z1hNRkEweldUNzRaamNlYWFzRGZwa19LVldkYU5zR0FuZ3haMjFINWg0N21TT05scXpUQTJTMzI4VHpYT05EdVVFWFBlV3hzeWY5MlFR?oc=5
SU.TO,2018-02-09,Technical Analysis of Suncor Energy Inc. (TSX:SU),TradingView,https://news.google.com/rss/articles/CBMiZEFVX3lxTFBoR1BBYUtkTnE0V0RKckFWeXpvdHU0S09xME1yZktvdDRFSkJSS2RXWHpJd3FsYThrZVE0S1g3Y2llTkNCNjZ5eF9SQkZlSWhad0RLOTNYMkd3ZzFfVE81bFE4bnY?oc=5
SU.TO,2018-02-12,Suncor Energy acquires additional interest in Syncrude and interest in Norway’s Fenja field,GlobeNewswire,https://news.google.com/rss/articles/CBMi9gFBVV95cUxPRDFrMnhxZW9wNVhndXZ3MFBYcnZOY0RCdGZTcXFTWExnUmlmMDZqUlBBQ253NGhZbWd0SkNvYi01RjMyandDN0gzWGJiUHctTXExdE0tcnZZUGZJWTc3VDBaTUNSSk50U19DbGtoWExtRmg3MmVTa1dLWnlIaXpnNnRVdHYyQzhFUGg4NElsUV9BVDR1T2c3M0dWdkF6TmhUdFNjaUY5eXNpU0ZKRzBmTkZ5bXNObXBIWWtmcVBfMnRBb0QxWm1rMV9qcVo3MXhDTTdxOXM4TkxsQnNzR3hSY0hoMWV5VThLaDNrUkdrbzc2d3poWWc?oc=5
SU.TO,2018-04-18,"Climate Lawsuits, Once Limited to the Coasts, Jump Inland (Published 2018)",The New York Times,https://news.google.com/rss/articles/CBMihAFBVV95cUxOaTdUSTZIVkw2a2JlVzJBeXBHd0FtOVFMdjZLa3gyMHk0aVJaTHBaQWtwMHBqanRvclFsSjN2TTk5aGtoYjBuNVZ0Sk9fMDZjWUh4djhST3p3cFQxcU83bWpZcm5NTVQ3ZWNKanBoM3hNM0h4UnNoN3pXakpGWTBmNzdlNEQ?oc=5
SU.TO,2018-04-27,Toronto Stock Exchange shuts down early on Friday after widespread technical issues,CNBC,https://news.google.com/rss/articles/CBMiowFBVV95cUxNQWhNS0dYYmVodzFCY1B5eWg4UkVmeVdiMGxuOF85ZmZkbmJUaTk2NmRRUFhFT2x6WENSWGVNZ3pYXzdGbmFaNVI2VGRYUHoyR01xUlBBcm15Y3VfOXBDbDNhZU9jU3V0RHlhdGhjbU9zYWxNUDdlcy1DbWNMSkdQNHhCQk1vbWVzX0c2R3ZrU1VDMVlQcGswVGNiY1BoM2RnTHEw0gGoAUFVX3lxTFA5MElzNzlGRHZzYzFGTFRJQ3NhZnQwMnJNSDlJWjFUVXVhd29WRUtWLWRzMGF0TXgzQnJkdk10OFN0WXVRMERQczdWQW9QVmt2OGRzdC1YcEQwbG5HX2ZBX2NNTlpoZEdldW5FSG9xcVRfZXlfbVBrZ0E3ZlNSOURhZEh0YW5BT0FoR0J1aVhFUW90VUtyQzA0RGFCaTRGZmpsYVB0UklTZg?oc=5
SU.TO,2018-05-02,Exxon or Chevron? This analyst says there’s one stock to pick,MarketWatch,https://news.google.com/rss/articles/CBMipwFBVV95cUxNaFJKanphOW9jNmc4bXk3N3VuTk5icE1sX2V2dzNmN0ZobHpiNFNCdEt3TWljc3FiajNVWmRHcWtpRHVmQXBlaW5LQ2ZCdXpGcWVMYjg4a1FSNmsxU2pFODJLM1dIWjZXQkp1SzZBOE5tLTlham90eDlhZFlzY1dHQWQyWE5XblVCMnZjNHJxZm9PXzdlYjZwaGhSTzZVSGJxMUFnVkplQQ?oc=5
SU.TO,2018-05-14,Why Energy Stocks Usually Rise With Interest Rates,U.S. News Money,https://news.google.com/rss/articles/CBMiwAFBVV95cUxPckVacnFNWi11dlczeHIya2VhSGM4cmxWSURSN2N0WFBMUW9sSzJFcE1KRUJyQlRFV0Zrb1EyQ1dzMGRhTUoxNE1PTmtqUVNLTlZyOGx1M2wtcGd3RkpyNS1YcHNXbE9DT2p6NEUwbmllazc5R3RoNG43V2wtSGJOdzlDb2h5djllc25GcGpqSUlZMlJ3TGdfdU5qNm92VEdXUi1xbzdUb09SLWs5UkUxZWR6SlNWOGlzNE5kUlRxY2Q?oc=5
SU.TO,2018-06-04,Is there an upside for investors in Ottawa’s takeover of Trans Mountain?,Macleans.ca,https://news.google.com/rss/articles/CBMirAFBVV95cUxPd3RqVW5mOGJ4SzZTMmV5MmxJNmhOOE92b0dYWmZ0QldKcnVTcE5HbkZtcUE1UXFkQmd2U1NYUjZVQUhOUmpkbS1xb2RiWUU4REoyQ1dwYkR1ak5oLXFWMGUzdE9zdzBjQlo0bThlOHhTTWZLY1J6Q3hocDljZkw4TTFhUHJTdkJNTUdNUGZ6ZGM5TXRBNURRQ09wcVJRV3Q0UzRPWUZFeHdLbjdK?oc=5
SU.TO,2018-06-14,Should You Buy Enercare Inc. (TSX:ECI) for a 5.5% Dividend Yield?,Yahoo! Finance Canada,https://news.google.com/rss/articles/CBMifkFVX3lxTE85Zi0wMDBJMnZKbEFwZF9VOVlZaHdLUVdoakJ5UGpPNGRjY01jaFdBcVZQZEw5NjV6Vm5GckxFeDF1TDhicVFYdm5DUWlxc3ZKdnVIck1icy1teVppV0pvWDdiZm1ObGVLRnJ3Y2k4WDBRY0M4bERlcDhHOENhQQ?oc=5
SU.TO,2018-06-21,"F&G Annuities & Life, Inc. (FG) Stock Major Holders",Yahoo! Finance Canada,https://news.google.com/rss/articles/CBMiWkFVX3lxTE5tYUoyZjJuRHYzbjlnYzd1eTBmODl6QjZGQ1Zhb1RGdHFESDZGU1B3b1VsRDkxY1kxSzY5dmdqWmVYVVNRWjNOYjVETDNBLWhxNnNtZ2ZLSlAtZw?oc=5
SU.TO,2018-06-23,Kanesatake entrepreneur sets sights on Indigenous cannabis empire,Montreal Gazette,https://news.google.com/rss/articles/CBMioAFBVV95cUxNLWV5QzdCaDBkdUJVS0NpOHVPOF9SYW5KUVIyOElZWW55anBCbnJlcE9WczUtZzZwQ3NWYlJ2Q2t4ZmgtTHdMbWFtUkREem9aa0RaWVpFblR6WURHZTQxZVZfUGM5cTdYLW9kUHlhTXJ4akU5V3hfaFlaSWh4Q0l5bGdtR0VnSFpuOTJ5RDY3N0xseldDdGVZTC15bEVmSkYx?oc=5
SU.TO,2018-06-25,Syncrude outage adds to concerns over global oil deficit,The Globe and Mail,https://news.google.com/rss/articles/CBMiqgFBVV95cUxQdkdsZmJFMlJEUlBpelB0SVZBcDhnQ184ZGRUNWRON3hkN1FpeC1BTGRDR3pIMXRBLTlrdTQ0czlaLWxKUWxiRl9CRE9WMU16bGpSZ0QwY0h0dU5feUtVZUVIQk5uZ3lpcm42OGwweDg1M0dieGlQUklSWkVoTVRrc0lBb3FDVDA3empjQzBBX19jQUhFS2RIbWJsVkFZRGdMRHZMV0N6YUktdw?oc=5
SU.TO,2018-06-26,"Why the Brent, WTI oil-price spread has narrowed",MarketWatch,https://news.google.com/rss/articles/CBMilwFBVV95cUxNYjNaYXZVOVlFZ04wbks0SV9UeEVnbmZKVllUOUFMblVDUjlGR1R5WGhBLWxkeGNLUWt3bGx2TkpfLVVDbUNJUUlZcENmamNta0d3Q0ZjU2hVdVgwLWhiVmlzbmdmYkxUN1pDM3c0d1NGWEh6WDM0bzNvQlgySDNLcUNwZUVkbm9HS0ttS3lxNm9Uc0ZwaFc0?oc=5
SU.TO,2018-07-03,Vertically Integrate Your Portfolio With Suncor Energy Inc. Stock,The Motley Fool Canada,https://news.google.com/rss/articles/CBMinAFBVV95cUxPZU80dUFMcEFsVDNoQkVjeHp0LWt2YkhzV2RmZk05SF9GVmU0UHFpbVg0aTdnLUVqR2xkZWYtUzllQTVJMDJRUWdjaThIbDVOdFZHV2xqMGpXSmhUdzM2akFsTUVMT2NiOHFEUVVSYVZuSnpad2NfTXpnZTlJSGk4S3REdHRLNS1pOFdWNklLdGdvY3YwcnJWS2pnZ0w?oc=5
SU.TO,2018-07-23,Suncor Energy announces Brian MacDonald to join Board of Directors,GlobeNewswire,https://news.google.com/rss/articles/CBMi1AFBVV95cUxOSmtNOUpBNjBVYjBQcXRWdkRDcl9sLWJBV3o0WXR3TGNYSlhWeEx5emZuYnIxeFg1OHRvTXdVdVdlR2FLMENSS2NtSWZzcTVlLUI5RzVZQXdfMmdPMFBjcGFrT3ZWWUNrZjhjcEhlOElicEZYakY1V2lnYWpWVTlhMGx0eUJhT1pPajJJanp5T25DOEJMLW1STXh0ZU95dUtRcHpRcmlDZ3ZuT25aWGxNd0pqMk9fRC1LX21WaDdVUElxMGhnUFhiRWlRbl9FMHg0b1RGWQ?oc=5
SU.TO,2018-07-23,What If You’ve Invested in the S&P/TSX Composite Index?,Yahoo! Finance Canada,https://news.google.com/rss/articles/CBMiggFBVV95cUxQQlp2Um5uZVR5cGlrTkFGQi1BTGZuSU9XYTVsSnJJMVVnbGpVakJ4UHFkMHBTNWxHc2h1dWRuUzZEQWw5Y2xyQ3VXeW1jUGNlb2pjdWJkRURWd2N2Vi05NVd5ek9uYVNTTE5HZDhTYTh6VURfOUx1RXd3LUp4dFFMbEl3?oc=5
SU.TO,2018-08-01,Imperial testing driverless oilsands haulers at Kearl,Mining.com,https://news.google.com/rss/articles/CBMihAFBVV95cUxQTmgzVUVabVgzUTVCVnVuN3NOak1vNVdVZmVkMWtrN2c4UURQaVdsMlJHWWVTaU9PN0ZPSzVHaEdlUEp0WUgtUFEwRFcyWnozNXJRQW9mUmZzWVBVT3B2cEN0ZlUxS19BcmVPbmNFYk0zaFQ4ZUN6aWlBT3V3ZlVOR2k4bzA?oc=5
SU.TO,2018-08-15,Take a Look Back at IHC’s Seven Wonders,Offshore-Energy.biz,https://news.google.com/rss/articles/CBMie0FVX3lxTE9iVHhOaEJIZDc4SjRDQS1RMXdjUWJVUnpfNzRsZjd1bjMzT1V2ZEhOemFJYVM1RzlocVp1ZGFyNFI2SDdQMTVjTl9MUjNPMnhyQTJKbXFZSGg0WUM2ZDd5eXNJdWZObmNqakp2LW5Mc3RfOGJOVk5VVlFMQQ?oc=5
SU.TO,2018-08-24,South Portland’s ‘Clear Skies’ ordinance survives challenge as federal judge finds it constitutional,pressherald.com,https://news.google.com/rss/articles/CBMiugFBVV95cUxOSlUtNmNQZkR2WVkzUlNBeHpSVUlXQzZiX1NBNUZUYi12NG5yZTdiV1FUemRldFlhazR5dUtRR3lOY3VqOVdqUm8yTDQ5MkNNTzhVWksxM1hoc09vekp5N0ZESUhsOXRFWmdjN1BjR1A1TVRIY3ZmTFBlTUI5VEFJdFIwQ1RfZ05vdy1zT2J1Q3dLSmxRUURlTkxad1E3dHJZNGtKQ1JBc0hwdmFYaG1NX3pNNnlnX1djQnc?oc=5
SU.TO,2018-08-27,"How this investor built a $91,000 TFSA",MoneySense,https://news.google.com/rss/articles/CBMipwFBVV95cUxNZHBrS2QyUjNyOXhDV2FQY1kwbG8teWFCajVGSnlZTmM5RzdxalkyS1djOVBRSnF0MC13Slh0a0xVb0pZSERFZW9UYkp1eHo4WkV0NUNwMlhUd0d4R0dxNkc5WXcxUWNPQlpiU3J3SGN2VjRtYTJrRHFwdUtfdEZwTUNVakdRYzFzZWJFckl1Y2dZdnRPOXllSkNXOWdLVTlEdWZsZHRDNA?oc=5
SU.TO,2018-09-07,Varcoe: Oilpatch 'boiling over' as energy CEOs tackle pipeline impasse with premier,Calgary Herald,https://news.google.com/rss/articles/CBMivwFBVV95cUxQYlEwVlFONTdpbXlPVUlIWXlKdUpUNnhYdk5YbDloVVlrXzBhUWpjRVZUVlkzeFdpQ3diQUtIQXhvNUFSOGpmWUNmYzBjQjVlYnZzTmprbDlqLUlZVzZEc0Z5RkVZVGNwUHFYekpqNXdRSFV0VkhVdk1RYVZJQlJSQ2tPSE9OWGxNVW80eWxIU0ZPX0xGYXRDc3lrMV81TnEzc3ZQeFJ5bUgwd29lSmNUYUkxRDJ4UTE4MlAtVzd5SQ?oc=5
SU.TO,2018-11-25,Oilpatch share buybacks drive record high totals on Toronto Stock Exchange,CBC,https://news.google.com/rss/articles/CBMidkFVX3lxTE5odUs3Rkw5ZXRNLUZ4UFNvUDFycXpvUkc2TjZlWFpUbWhHSG9waE9JdjJaekozdHNDYzFQb1JEcGNWejhWTTZJVWo5eGx5QURNSWJha3dyazRmU3MwbmIzcWhvQWxnbEFsWUVkeUFwU3F0eFB6OWc?oc=5
SU.TO,2018-12-05,Oilsands producer CNRL cuts $1 billion from budget due to low oil price,Global News,https://news.google.com/rss/articles/CBMiqgFBVV95cUxNYlRsYjlCcEJGeGZXLWpLbno3aEZWX2U3SjBxZTF6bmVNRnlmcEdNNkhfc214aTJjZnQ2eGJvMGlZOF84MHBEWGxIcER5STlzaW5TcXN6dlZYcXlncGVUWURsUm9mNTI3RlZ6Sy1ESW91aEs0QWFzTjg4M1hYdkZGNzFRZUNJMnBaUjF3aFNEUThLdTZQN3VFVjE2MzFCQ0wzenVDQ2hLNWNoQQ?oc=5
SU.TO,2018-12-13,It devours our land,thenarwhal.ca,https://news.google.com/rss/articles/CBMiVEFVX3lxTE10c3VRMlF3eWtGZ3VxUVpmZ3JPX2Y4NHRoQU5oeURSMGNXVzRJclhPWm4taWJMNTI3clV4bGtrNkd5cTVUN0xkYmFRcUN2dVk3ZlNEcQ?oc=5
SU.TO,2019-01-08,American Express suspends a director in foreign-exchange pricing probe – WSJ,Yahoo! Finance Canada,https://news.google.com/rss/articles/CBMivwFBVV95cUxOTXg4X3E3bE83TkQxNmc2ektFTVMxUF9GNVNPQTMtMDhaYXU2SDVGVUxnaFNScnB5U05IOHE0emhzN0dRNjM4RDhiZElCS1VFcl9mbVprNnBJMExLdFRNeTFUclI5TWdLTWlTRkpZSjZ4c1FsSkhUYVZoaE9rblc5dlVXSnRrc0ZNZlNyYjlBa05lb1YzV25DcUlNMWdaSXFYQTNJQjB0UVU1RHZYSV9fcDJIRUdMWjR2QW1xQWNVbw?oc=5
SU.TO,2019-01-12,How America’s government shutdown is affecting flyers,The Economist,https://news.google.com/rss/articles/CBMinwFBVV95cUxQVHFRSFdVWUhXQU96MXpEc3hCRklRUVpfSmNiVkNjNlcxRzdjTTFzZ2dpeXRhWG1nazhIMm80UnFaM1dXSjRlNElNMk9qVmRFR05BMzJiNDdlNG1SQ25hazNRWi1aenpyY3VTNUozNnlsQ1kzWng3UGZ0b2JPRGNZSzZvWmZQR3NVWnlxVW00Nnpzb0w2NFg5dk1EOFJiRVE?oc=5
SU.TO,2019-01-21,50 top Canadian stock picks for 2019 as chosen by the pros,MoneySense,https://news.google.com/rss/articles/CBMiqwFBVV95cUxQemM4bjRaZzlrellOQ2UzbGxheW1sM2lNaDcxenJCal96U2tueFVhX3ZmLXpIM2xjNDJraHU3S19NX3F4ZlhkSG42R3owcXdiRjNVQzVSenMyQUs2M0Y1UlFNU2s1cEUtb2JVeEI5d1B0VjctTlFBSHJuNnZ0U2NCZlZSNUtCczlKMVBiYkxjbTVFMWJNVGctYUMtQWJTY25peE92ektFZUtFcHM?oc=5
SU.TO,2019-01-31,Oil and Gas: Top Trends and Transactions of 2018,Borden Ladner Gervais LLP (BLG),https://news.google.com/rss/articles/CBMikAFBVV95cUxNckROcjhkMmgyUVNOLUtSazFSaXFlNHlPV2FuYTVEdVoyMnZ2RE80QTNqcnlIXy01LUxwTFlyT1ZDY3JjeUNyUGJIRW9jZzRqZGd3ZVJ6RHJWRkNlT0NfLW1za2dvejRRZUI2YzVBa0MzRDZXUlAta1pJV3hyWE95SDFYUlVJSjJsd05uWEVfVks?oc=5
SU.TO,2019-02-15,"17 Stocks That Warren Buffett Just Bought, Trimmed or Dumped",Kiplinger,https://news.google.com/rss/articles/CBMitAFBVV95cUxPbm9wVFhTTDNRZzhWV0x3S3ZaZVM2ZnJXTjhVdlREcWdiMTJHcnNyTmsyMHhSbl8yM1o4UkZHYU9CZFFySHlnUVBiLUxEUTFqSThUc21ZbFhaZXQzbmNnZldBa3JyQng0S19Bbk9iRHk3RzNhdThlbDFqdVpqdkNRWGNnZ3FQRG5fV19mWlViNmVqdXB3cGtmdDJQUTRtLUE1czB3SjlweUJZdXUzdWFKYnpOMFA?oc=5
SU.TO,2019-02-20,U.S. based Devon Energy says it intends to exit Canadian oilsands sector,Global News,https://news.google.com/rss/articles/CBMif0FVX3lxTFBYQkxycUM5QzJjVnNqYnF6NVJpLWJGRTNSV0NjYl91eDhQb09DREJPR2kwaVhIa2s1V0hGLVhKOS1HeGU0bEFZZzN3ZU4xQ1pVN3BCZEJHSzM4d3NwWnZxVVB0ZXNOTTFqc3JWVjROMmw5Q3FsLUNLNzhubmRzc2c?oc=5
SU.TO,2019-02-20,Buffett's Suncor bet to revive investor interest in Canadian energy,sg.news.yahoo.com,https://news.google.com/rss/articles/CBMimAFBVV95cUxQemVCZVJLenhvTlBJN0JfSUVNQTExZ3ZZSlhiUDR4TWZnZ3JWVlJHakNFam5zTS1UM0JpZEs5Tng0WEtOc3R0cnhyYzN2aHZ5RWlidk9udU5zX3I2dm40SFlqdHJsOGdQR0F4dFl3cksyWWR1alJRbW93VGlIRVpTRUxjOUMwRUtpZ2xtb01yY0FFZ0hCNVV5VA?oc=5
SU.TO,2019-03-06,'Leaving Neverland' could hurt Sony deal for Michael Jackson music,Yahoo! Finance Canada,https://news.google.com/rss/articles/CBMisgFBVV95cUxOTTVJdnBybllsai1fVmc0MmJPZ1RnUnBlczFaMmxvNmZ4RHl6RHhaS1hZR0hsUk1TbFBnLTF2NmxjUVl4UVJHLWJ1bzd0ZXRLVE9jZkdLVmRycEUzN0MxRlIwajIwQ2ZhZ0gxTnRWVkVsV0tma24yZWFhT3pya0pma1B3NVlhRU05YVNibV9KbExQSHQ5M1U1U1B1ZFJ0WnlXbHhZcWNPSU1jak16eGVlZEhR?oc=5
SU.TO,2019-03-06,"Toronto Pearson ranked best, most improved airport in North America",Yahoo! Finance Canada,https://news.google.com/rss/articles/CBMiqwFBVV95cUxNbUZxZVJ3NGd4SmhQN0FoRnFPejNiWDV2TWt5dVhaSWlzdldKOHVKMVpQaGE5SjRBT19hZVlDMGVkV1JKSDUxS1d1M0JIdHMyT1VZYzZLeWk3eDhpM2FTdTVLUlg2ck5vdnNWSEZ6UHpBRF9IM1FQRlRkSmZmeFhaY1dwZ3FoUUoxanZIX2JOdGw0NS00X1RkTVpzRmpEUlFLVDBib0g3NzdLbkE?oc=5
SU.TO,2019-03-24,Why it’s a Bad Idea to Invest in the TSX Index,Yahoo! Finance Canada,https://news.google.com/rss/articles/CBMifEFVX3lxTE1CYmM1dFQ5aEo3WHNTTHJXTlhpa3BRSTFoRy1XeGo4OUpja19IalFhWFhPQUNGWHdtako3TEsxNUg0M05FdWVzbzhVQVBmbG8xNElhX2txa2RNVmJtVUw1dEpFT0tLV1dHX3RaVl9KNlhUQ0pxa1VfbFVPS3A?oc=5
SU.TO,2019-04-03,The top 5 Canadian banks for international travellers,Yahoo! Finance Canada,https://news.google.com/rss/articles/CBMipAFBVV95cUxQRXBrcHV6T3NZdnM0S3VVQTVlUnVSRGxmSmcxeWN0N1lDWC1QMEo4eVZ3WFpvZ2RGbjlsT0ZTekVNcWJ3RXBtQzBiTWQxTkw1OWdYdGZGYjFlMFk0V0Z4b3hDM3NXWUxVRC1RMFhEeE01UlpWdTUzVTJsOXZLWFNBcmZoczJrWDFrT0xjc1ViRWI1dExvNExJaWZHUlpCYXNaQXViWQ?oc=5
SU.TO,2019-04-03,"Why Telus (TSX:T) Stock Is Up 220% in the last 10 Years, and Why It Remains a Top Pick",Yahoo! Finance Canada,https://news.google.com/rss/articles/CBMiekFVX3lxTE5ITEFjbHZMWVlwbWgxa2haNjMxU2hLZWhTeVQ5LTZfb2RCZ1d1QlRCdjlhVU5Gam10dUZ6SGFiaUgzMWRWNENLQ3E0dTRmRVhmMXM0d0J4bkI0cGlfYks4SUlJMUV1WTlFMU9NdlMtZUtOT2ZkbDhmX3BB?oc=5
SU.TO,2019-04-26,Warren Buffett Mulls $100 Billion Berkshire Share Repurchase,Forbes,https://news.google.com/rss/articles/CBMirwFBVV95cUxQODB4cjdGM1I3NzZORDBmS3d4SDdCUWhpMUtjajNBdXllWHZHZEk2Qzl6QTl0QzVoUV90dzczRFB6ZElNYjNJZE9mZFJENWItYVVRMlNHQlRENkRCcnFuZGI2czZLRGlqMUF3S2NDOTFGTEhwN1NyS3VMTHFmU0JsOUV3WDFiVTB2T3pCMjdkY2lPS0xNWmE5bjVEUGVDVGI2blhfeUhPNkMzem11aDJZ?oc=5
SU.TO,2019-04-29,Why the financial industry's latest ‘exclusive opportunity’ is just as risky as all the rest,Financial Post,https://news.google.com/rss/articles/CBMiwwFBVV95cUxNYUxPTGRxVGVCaWJfYnEzTHk5bGhUQjlSUkF6MUtQejEzZnlpNnBWQ2p1WS1LaGhzcW5OX0pZdXMzeDBic0k5ZXgtRko1c2pTcjRrYjBVUjJXUFp0NDVKNnBJZ0FTczc1ZXBscWhKdmlEYlV5UHE2Z3YyWGg5OTFJWllfUk5WYUZlTjhaV0VjY1dDYjRDX1J5Y3J3U0phenlJWWJST1hOSDlnTVlXa2IybWFiMy1ZSVRSUGpYOUJ0WGJ4cFU?oc=5
SU.TO,2019-04-30,Warren Buffett drops a $10-billion bomb into Anadarko bidding war,Los Angeles Times,https://news.google.com/rss/articles/CBMiowFBVV95cUxPc1hNTzVsWnBzQmlQd1VHZVBleFBJS29laW0ybnplRWVxTjdDWGllS2VRM0RkZXBfLV9sa3B5T3VIbmZjS21lMjNQcEtzZU9UamJnaFpyTjJ1cjhlQmR0N05EejFWZmE1NElwTGFxLVh5S0ZXWkE4bnpQd3ZqMnMzR1NHb3VyN25TQWFRenAtcEdiMWZMWEZWcmNwdl92LUlJeVNn?oc=5
SU.TO,2019-05-02,5 Stocks That Billionaire Warren Buffett’s Berkshire Hathaway Added,finance.yahoo.com,https://news.google.com/rss/articles/CBMiiAFBVV95cUxOUFZQaThiNXJFclo0c2IyT3NuUmtuVTNaeVJzeDh5a3c3ZzNzLVpsOFhzbmxFQ0IxRW9aNEdSYzNNeVFBVmU5ZU9FR2lHbUZJOHhIRmxtX1FtVUpQaVUwbkJaNkNGQWwyMXViNHBYNGtxRjFPaDR6NUVEbS1yWlM3TW9iQzR1c1Fr?oc=5
SU.TO,2019-05-02,Bank of America is Set to Profit from the Biggest Oil Industry Merger in Years,readsludge.com,https://news.google.com/rss/articles/CBMiswFBVV95cUxQdjRJeDBkcnhDb2RHMWdGenphYjc1dUlIUXRoaDRaTjYySGZ0bXd0b2pyWmZkLU92NWxsbnlfbjczQWJjZndUNzhoX0NUVmZOcmhxU1BWQnJsWnhwcTZSelcxMXMyTTFxWWRTQ0UxTFVleVZWVENmWWpLaThKWlAwY2RXNlRTQ0pmY0VVbHUtVGw5X3JQNVZNRGVwZmw4MG1zVGJhekgzSmNGeVJRSjdkVDRnQQ?oc=5
SU.TO,2019-05-14,Cash-rich Canadian oil firms favor buybacks as other options narrow,Yahoo News Canada,https://news.google.com/rss/articles/CBMinwFBVV95cUxQS2tRNHpsNnBuY0Q4RUo4NmY3TTg3Um1QcGxDRFFZTmthbzF1VDc3Yl9BdGdLSWNSLTdOUkxlTG5vN1RPTk04emQzdE1jR0w4ZHBHcFRodlprS0Qzbk9HcjB3TnE4b0xRWnRveTdFMmQzeG1HbW9NX19BVXNEYXU0RkNuVkZsSXFhLVdPTTJoSGNiMVR3bHpNdGlBdlQyWjQ?oc=5
SU.TO,2019-05-18,Retirees: How You Can Earn $600 a Month in Dividends With Less Than $100K in Savings,Yahoo! Finance Canada,https://news.google.com/rss/articles/CBMiigFBVV95cUxQYjN5bDU2UDI3UFktV3BMMGprcU94UWpnVG1TeS15UWp2Rk04VnlrcFB0MS1RLWVHWEtTNHVCVnJtbG1tdUJIMHNCQXZqajZxSlg2d1cxbGxXb2c0RGtmZHM1cjFtSGt1Ujc4UnRBakJfYWpsZVBFblV5M2kzRXR5amJIQlZGU1NCcVE?oc=5
SU.TO,2019-05-28,AIMCo Announces Investment in Northern Courier Pipeline,PR Newswire Canada,https://news.google.com/rss/articles/CBMirAFBVV95cUxQa1dRdVh5VDQ3MXhJMExWVnFNYzAyaUdxQ1Z5emtUcG9NRGQydUJERTAtdktkeXBHWWFiV0pPMkJ1R0NPZW1HaS1wcHpReFpOVnJyRFFFWWdmYV9XWWZvTm1lQ29jOGhmX0ttNVRlek85eGctSVNuWUVqUzNMSmhaeDJyQzh0S3VMR3ZYTGRIdjFPSkYzTDcxUWVtQWJnSkx0dGd5dVlGTDZHLWhf?oc=5
SU.TO,2019-06-04,Equinor Plans Rosebank FID by 2022,Offshore Engineer Magazine,https://news.google.com/rss/articles/CBMifEFVX3lxTE42bHY0VjRBcjZ2WE1jcnptTDVRSkZiLVNtZGdENTFjN0NqSnBEUklINTM5Q3hhcld1cXJDSDFrc255LV9venhOWlF0X3EtZVZLbEJxc2xWa2VfNHE0TkpLY00ybnRlUDQybGEteUFORVQ2cG9ZRUNxS3JZY1Y?oc=5
SU.TO,2019-06-12,How Alberta’s biggest oil companies are still raking in billions,thenarwhal.ca,https://news.google.com/rss/articles/CBMijwFBVV95cUxNZXlBYlBUZ2t5a0xFRkdZclBhTzZCdVlxeXk4cEJ2U0tvSDY0SGZ4YmdyclJzR0VGMWJyZkV0a2JBRXBHY2JBclpnQlh6UEJRRzRGREFkM3FyRmg3LXotODNUalRCQ2dHMlRqTjFjcW5lRFFkOHNJZzZ3NGlSZldJNmFTdkt6V2h3akpnMVF0UQ?oc=5
SU.TO,2019-06-13,Mining Association of Canada elects new chair,Northern Ontario Business,https://news.google.com/rss/articles/CBMitAFBVV95cUxPbEQ4bk1aUEtiaEN2TUgwdVpLSk1BUmZFZUQxVUJoUFRFS3IzZWVLTVBzWXdKWmNidWpZdHZlSUswenZiQ08wbEFjRkdacW5TdlU1Z3pkbUdZTWpZblVrRmJucDRGMEdaUk5MbERCLUZMRFVMeGFhUEhkN3A1bngtUE5XZGlBaTNKeTg4NUp2MGFMSkQ4bFFmbnFpQXdOQWtxNXNjRjJTcktXZGZVM3VFNjFuVDg?oc=5
SU.TO,2019-07-08,Fidelity portfolio manager of $10.5-billion is staying bullish on markets. Here’s what he’s buying and selling,The Globe and Mail,https://news.google.com/rss/articles/CBMi4AFBVV95cUxOX2Q3X1BHUWtXNFBBekxWcGM0X2lRTGpaYzNzRVpxcTdmVTVnSEFBSHVtWlRubVV0NjJnbGVWTEl1TUVwSm9FNDFlOGZ5WWNrdW5XZVREZjgxa0thNDZnUHNTRlBieS1TWnNDb2c2ZEMyekE5Sy1PbmdPMFA3ZTJVNTFLWGNIN0dqdHRYX3dLZ24zT3g0Q0RuaWlQZnpQTTBjbjBhbldPaEpPc1BWa055cjVQWm9RNW51UHl2TlJ3TmlRelp4eW5XbmJ0bERURkxyajlTdXBJOWhwakdYMlFnZw?oc=5
SU.TO,2019-07-16,Visa invests in Indonesian ride-hailing firm Go-Jek,Yahoo! Finance Canada,https://news.google.com/rss/articles/CBMijgFBVV95cUxNdThqQW03OWljbUVjNXFFR0ZIM2RnbE5tbDhRSGZjNmhaOU5tdnB0TUhDaFE0Q2ljRW9FQ1gzaV9QQ01QY3FsaHhBaXhiVEkxQy1JN1BqUDhBelNWMGpKNk8zYkZpNzJNX3ZSVS1DZGY4ODhDRGlJVHlHSFZiSnJGbzZiOHpUZVF5QzVpTjJn?oc=5
SU.TO,2019-08-04,Here’s How Warren Buffett’s Canadian Stocks Have Done This Year,The Motley Fool Canada,https://news.google.com/rss/articles/CBMimAFBVV95cUxPSmtaQW9rMjdYWm02ald5b2xmM1dqdmYzRUlNU0s5bmtYTThXVnZQRXhTMmRjQV8tb3k0VkRVMjhFZ3VOZ3lSekE3MXl0bkcyWllBZzk5UnhHUU14U09HZXB1UWJwZ1BDMHZRV2YxMm1UOGVqQjdJNk5ZU20xZkR4T3dqTXNlTlhFT2hRTmo3a3hIZVk1QmhBYg?oc=5
SU.TO,2019-08-15,Hibernia Platform Resumes Production,Offshore Engineer Magazine,https://news.google.com/rss/articles/CBMif0FVX3lxTE5La2pLUTQ3NTNmMEVpZHBNNFFCTEFZY1R1NW02SkhIZXFNUm55NE5RUEN1U21YQVpBdnNwNndXYjZYNTI0NXBDT1ZFY3NOZlBYNkN0LXU3S2pzXzZYY041TUZqeFVlc2l4OVE5Njd3S2JSbVNxZTB1eTR0OFVjTUU?oc=5
SU.TO,2019-08-16,White Rose to Resume Full Production,Offshore Engineer Magazine,https://news.google.com/rss/articles/CBMif0FVX3lxTE9lVnBqUjQ4c1JiUnpENDk4SHlLYjFibl9NY1kzNmlBWkUxdUNLUlctWVczVTFabi1FZmdOLTRyQkdVOENKYW9hdGJtTVJ3TzZCeXF3OHBfUDhNWmptTi1iUUREVmxoajZpWVJxT1dJRl9ZazE4RzVYZ29CMHU5Z2M?oc=5
SU.TO,2019-08-19,"How to Turn $5,000 Into $100,000",Yahoo! Finance Canada,https://news.google.com/rss/articles/CBMidkFVX3lxTFAxdVAyRjY4djBBTU1qX2hsb0EyMm1jTFpyOGZLc3djLXhVQlFyb3pYRFZUOC1TTjZQRjhBQ082eVRVbmp1alZ5a2I3QnNIbVd2bHVXV3JiVlJhbWE2UEx0azZvMTVpTVNjYXFoQjdSRGozdWxfTFE?oc=5
SU.TO,2019-09-09,Suncor Energy to invest $1.4 billion in low-carbon power cogeneration at its Oil Sands Base Plant,GlobeNewswire,https://news.google.com/rss/articles/CBMi_AFBVV95cUxQOWFyMHZKZGpqbGxHdmJyVmlzZV9NS3JDSmxBNC1kNEZMX0FNV0JEdXJNTG9DUWR3cGdVS0RGWVdRQVlCemY1NC1mY0o2cUU5UUFCZnMzOWlRa0w4QW1DWWY0X3ZKNE9oV0RSajZpWDFReFJoVzNhaEhMMW9RLXdkS2RxUlptYWpRMFVvT0FqSDZnVEVuWFJTYndscDhvMkV0b2R5bDdkSDR1XzhUOEJGVEVBWGtSV2F5dzQtTF9lYUpDQmZFa25uaTc3eDNxcjJtRk9sXzdGOFAweGViR2NEQk9Pdm5uOHQ1SEhxc3hQZWM5Y0xPZnhOemVUa1Q?oc=5
SU.TO,2019-09-17,One of Canada's largest pension funds forgot to disclose $2.46 billion in Canadian holdings to the SEC — and it's not the first time,Financial Post,https://news.google.com/rss/articles/CBMi0gFBVV95cUxPeXlIdzFZOFl2X1MybS1fZk5KQlUtVk5DM1R2LXY1NmRMZ3ZWN29pbDk2TFZjX2k4NGVZODJHNFNyM2xLV01VZUZhRTBtaXlyZE0xZjROM2dCR3U0Y3FGMnRQS2huNGtfU0M4blF5TG5JUlVrQm00dzMzU2FXNUJkaHJTbkk0RFJyS1Q5N2hYRXNGeUJ0QVZKbWJ6bDVkOFZDQXNhel9CcXJ6X3hyeGZxMTRXTWpyaTFWT1VvaFM2a1YtS1g3dDZGNmQtTENQWUU5YlE?oc=5
SU.TO,2019-09-23,"2 High Risk, High Reward Marijuana Stocks",Yahoo! Finance Canada,https://news.google.com/rss/articles/CBMifEFVX3lxTFBIclU4MlAxZ2k4Qkh2R09JZ2pEWGg3amNNQTFuYlpxS21oQ01uQ3R5MGtIUGJJNzh0cnplOUp1UzE4RHk1ckI1WVJpM09jQkRObl9wNGxSeXVaSUtjZWE5ZUt4MXVsYXR0MXJxZ1ExVU9sbEY5SkE3VHVubjM?oc=5
SU.TO,2019-09-28,How This Niche Finance Company Tripled Investor Wealth in 3 Years,Yahoo! Finance Canada,https://news.google.com/rss/articles/CBMikAFBVV95cUxOOGRhZjVkZUV5OXozZ1NNNklMSzdhTThTczBlNlhwQ2RNVHQtdlRNUmoxZkZYejVRUkNoT3YxUU5pcXhLSnMtb2lkUWhxaTlRYnp5SURNQmwyczlJVk9wUzdMRHVPbzh5QThyUGR1SU90UXktSjd1ajNzQUJyeUpqM0xaRmtEOUx3UTJFNTFUNGM?oc=5
SU.TO,2019-10-18,Exxon goes to trial next week over secret carbon costs,E&E News by POLITICO,https://news.google.com/rss/articles/CBMikAFBVV95cUxOc3BISk1sTG9QMDZhbXJxYXJRRDZSYmJjUFZ5c2J1RmxSeTJYSDVTWE95TldVWk1ZYmladlpTRFU2aThBelhtcHRaNVQ0aWMxNm5IVjhndzFVRW5lWlpNQmMtZkhlR1Q5QnBsNjhiRU1BWHI3UWRtX2F1Y2czbk15WlI5LUNLZllJYW1aUkNDdFQ?oc=5
SU.TO,2019-10-23,Blackstone third-quarter earnings drop less than expected,Yahoo! Finance Canada,https://news.google.com/rss/articles/CBMikwFBVV95cUxNY2c2dHRuT2RwTDFkNUdjdFAzUVVnWUtOTFc3UGd2Y3VFZ1BsbEpsUmtjTk9oaFV5Mm5aTEpBWDFwbk9RTF9KTkhhRzJWVmJDQlRzTFRscklMSHlSQ2N6YTMwYjlSN0pyT2pEQWFQMjJ0N01hUGN3ZDdlMkVJWkxGVzdkdHZSZEdoU2JLMlhqWWotMUk?oc=5
SU.TO,2019-10-24,"Teck Resources profit beats on strong energy, zinc units",Yahoo! Finance Canada,https://news.google.com/rss/articles/CBMikAFBVV95cUxPVkk5SjdWWE96azhkUHJMbTdGdFE2c2t1ZEhrV3Q3U0lnZDNFRG1hY3JNV3Rvc3NoaHdvcUJFOFFxWXRYZTRVRWlfeHZFb0hyZUNMZXc4MVNkUlBLUTJZM094YmFzQjVwdGxnLWdCNkw5M0ZSQVlMcG9xUEplNjBfSjliU1NPdkJyLUhXaFlaQVQ?oc=5
SU.TO,2019-10-25,How much are Canada’s top CEOs paid? Here’s the full breakdown,The Globe and Mail,https://news.google.com/rss/articles/CBMivwFBVV95cUxONDE4cU44NURkdGhSMjNuYXRNQkdmNXJwMWYwT2dwT1dVWFpNOWFULUtoR1BqZDZmUk1NNFB1TXgtOVlnSU4tTGp5aVp1UmNXQ2Z6azJfOF9xOU5yWk5vSk1TRjNJZm1vTm14LXQ3eFBibm9TeGpHQjBHWVJDZE1HcHdVRnhydlF5eVFielhQcjZkanBuQXpzdkl3cDVkWVpiaUlIZmcwblRJb0tOYnFkcU9XSkJrRDNpbXZqNWgxQQ?oc=5
SU.TO,2019-10-31,"Encana to move to U.S., change name amid pipeline crunch in Canada",Reuters,https://news.google.com/rss/articles/CBMiuwFBVV95cUxPOXc5V3BrZzc4UVZSTTFQMDZ3aWVmVDFaLUZNZmhvS1NTdy1faDhaaXkwMjU3bm5Md0VCUGpPRkp4REhRRmEwWUN6dWlPWTc0WUtaUkRFTWN2YVlwRjlXQnhxTTRpMXJ2WjJXOElSb09tbDE4VGpHTEhfbFFuaE5welY5ejRIdFN1WEdYeG1wWThnRW1zbjRVYjFKSkJKdDZKeUFSSVFFTE5yU2hqN09LTm04aTQ2RmZ3ek5B?oc=5
SU.TO,2019-10-31,"Encana to Rebrand, Relocate HQ to U.S. Amid Canada Pipeline Constraints",Pipeline and Gas Journal,https://news.google.com/rss/articles/CBMiqwFBVV95cUxOa1ozYk9OdGZUQWk1TXhWUzdwMDhMSzVfamJRUXlWTElQVllWblM0ZHVHYl9sbVlLTXFtOEFzTU5VTEN3ZGYtZnRCQkFENVR3SXNhLW51OUhqaUlvY0pCUEkzaGotQ0RJVWo3TUxtRURkeDVuNzhTRmJEWC1YUEs1SXhRbGZsaGZCdmU4RWhlakU2TVhRYnZ6TVl1WjhpSVlZM1BONUc2LXJaOGc?oc=5
SU.TO,2019-11-01,Nordic and Baltic equity trading halted again by tech glitch,Yahoo! Finance Canada,https://news.google.com/rss/articles/CBMijAFBVV95cUxOZ2x0Z2ljeGI2cXNIUzFoaHdaWjBaNDZ5c3F2WXZQVXFwMW5qelg4NHM2SGlGMFN4ZHlTU0VMQS1Kb05rSmVLN1B0YnRobmFHVkRlTTRxTXNuMFBKNng3QUxDT1FJZnlJaVBMaFVScWZ0NDQ2SkY4YlZwRWNra1dWQ2ZSd2Y1ajFQejk1Nw?oc=5
SU.TO,2019-11-06,"Barrick Gold beats forecasts, raises dividend",Yahoo! Finance Canada,https://news.google.com/rss/articles/CBMiiAFBVV95cUxPQVNlVHFfNUs3NjhGcTA5OWlBWU84SWt3cEtsYnpSNmNFYWlvMUo2M1FjcUFINFc2Y2F3VVZvSVZNRUF1NGF4WlVGcC1xUnRBWGZFM1N5REZPbWhYU1FaNnQ0SUZEWXdLajYxckR2d3NtSFJXQ0pTOGg1NDZtR25zTVZZdmdIZVls?oc=5
SU.TO,2019-11-12,Suncor accelerates digital transformation journey through strategic alliance with Microsoft,EnergyNow,https://news.google.com/rss/articles/CBMivgFBVV95cUxPc3k3YThoVzNKTk5Fb3lGdmwtYS1HNWJ1dlJpbWJkaDZIQUx5cmhYMU5IQ1BRTk1jYTRBd2VaNTFMU21XTEFmVHduOExPQ2tWQ3JuWXNsRW1NOVpZQVpRczlEMzhteVZuc2p1cGpUcG95U3pvWDFrU3p1TGI3N01GLURoTWhpWExzSEw5RC1RUjF6SXlyVU52M2ZfNHZjTkhBUzZfY0Vtck5vU3dIRXRlT0Q5WVVDWTlpV2pLZ0F3?oc=5
SU.TO,2019-12-03,Suncor Energy plans 5% oil production increase in 2020,Resource World Magazine,https://news.google.com/rss/articles/CBMihwFBVV95cUxOazdSa2VST2psZkxTcG9YcEdYekJxcGhBbFo0SlJCVTdpRE5MT256bTNOSloyN1Y5dzBkQzNwX250WGg4cHdoMHhoTEp3cXY3aUxpMm5LNXEzTUxwYmFKUDhsRGl5MDlJRmtzMWtRQnZKRi1JRlBJNHRnZlRzcnp0YjB5ck1oSG8?oc=5
SU.TO,2019-12-23,Derailed Canadian Pacific train was carrying ConocoPhillips oil: media,Yahoo! Finance Canada,https://news.google.com/rss/articles/CBMikwFBVV95cUxQR3VZRk9udjlEVGI0SWZ1ZWRBRWFHVUplT0YxSE5ob2ZVdmVLMUpLZUVuWXQyQmZVWVN4OU1LWjEwT1M0eVBvR3BfSlFNekJPaF9hVTI1VFlUeXVCdld6Mm9lOFUtc3czR3dzS3BMdmtKVklEWmhxY0NMUFAzTDF6eXJRY1V6b1h6R2t6cnMtTTFRTzg?oc=5
SU.TO,2019-12-27,Art installation a nod to the glory days of the railway,Calgary Herald,https://news.google.com/rss/articles/CBMingFBVV95cUxNMUNQNDhtN05ZTHJlb1RuamhXVHRDV2hjZU5XaGdlUmQ5RzFSMjNMU1I2dUVxWXR3eV90NFhDV01kSmxqaGVCM2NWS0hGanJzdXp3cjU3LTh0Wms5Wk9wNTJ0WHI1bXZ6VlV5aFktcHYwQXhIa3NYa3FrVjZLVVo2N0ViY3VQUzExTENzWFMzdEZnZkg2b1V6d2RKTnFjQQ?oc=5
SU.TO,2020-01-01,What smells where in Denver,Denverite,https://news.google.com/rss/articles/CBMibkFVX3lxTE5JWFlVUTRiZHJPTjhKTV9tV3ktWU1aaTR0Z2JxTTR2QWlNZFhxbXRvQVUyMDBrZWhfQllHWnRoSWM5b19KMUx1SmlJQXFxV2Q4MWxPYmdqakxBcW0tS0pRSndWN3E2WXcwNnJ6ckdB?oc=5
SU.TO,2020-01-03,Varcoe: Bleeding in Calgary's downtown office values finally stops,Calgary Herald,https://news.google.com/rss/articles/CBMirgFBVV95cUxQdndXWnRnYm1VRnp0ZXVCajJSSGFqelVpLU16ekFPZFpOOW9uYVhydzNDSlNZTFJ5UmVJYXZxZjVXZ1hFbWIya1JKX09oZVptSVJURmVUSi1QSVJId185WDZfTklhZE02a040WGNtbjhUeG1VemZjMnZYczRUQ1F3c2tLUXZlcHpJWEctX1VCbEY2Y2M2MzFheTVfU1lfaFhqX2phQUU2WnA3UTF1VkE?oc=5
SU.TO,2020-01-13,2 Great Canadian Mining Stocks to Buy on the TSX,Yahoo! Finance Canada,https://news.google.com/rss/articles/CBMihgFBVV95cUxPbmFXdW1IY3lWbmdXREFYODRTLXVHYWJwM28yMUpOcDZTSGxTc2RHTXh2MUNIbkJDRHNBV0M3alFOc25lbzBuQmxoMUNBVXk1aV82NVMtcFhTU1VFY21WZDU2bmFOeGlaekJucFVfZGc4cTNwQnFhR0wyYzk3cUlLSDZoUUxnQQ?oc=5
SU.TO,2020-02-06,Suncor defers Quebec refinery project to focus on low-cost oilsands expansions,Global News,https://news.google.com/rss/articles/CBMikAFBVV95cUxOUTlKVXJMckd4X1hxZnFqeXM3LUxRdkhCaXQ4YnNpS05VWnV2ZDNCcFNuUFc4cWNuUUxIR0dFM09DSS1jRjJYLUVfUzE5aWVWUXRHLUZTNGpBYTlrNGNJeDFheVBxeHkzVHlQSGlQSG95VHBxY2tYRHo0dDk0VUpzNTRHdmxYbkNvV3NJVU5Ba2M?oc=5
SU.TO,2020-02-07,Oil Falls Again As OPEC Struggles To Strike A Deal,Crude Oil Prices Today | OilPrice.com,https://news.google.com/rss/articles/CBMinwFBVV95cUxQbGtLaWtLTU5laGxINWQ1dVFqSkVqVFJwbHRUSDZDQ0hXZUNWUjhLVzRMYk1kaFEzbW9ZQUFUb0QyVFIzeVFaODhkWHdYUmZLSGdBem1uVGJJXzA1WDhGYTd5LUVvSXNGTDY5VHV6Ui1wSTBidk9tMlRGS2ZBbjJ6cFFjVjRLVjNBdnEwNDR1bGt0R09ZVHM4ZjNJZzcyTWPSAaQBQVVfeXFMTkRuRTFoUlFwdnB0aGZfbVRYMWdRZFBMVUdzbmJSbzZ0Y2d1YW1oRUpURnBIMXU3VGQzOWdqYmdzakhjUnJUUHAxTlkwUXlkeW1EYmhodlZwelBaRE5nOXBxc002ZG5JVzFrUGJlMnhYdy0tcU1Ka0JXcjFSZjk1dXRUN1RpX0ctM3ROLVRFWFFVSFpELXduU1RNa3ZWdGl3aTE0TUQ?oc=5
SU.TO,2020-02-10,Should You Buy Ferguson plc (LON:FERG) For Its Dividend?,finance.yahoo.com,https://news.google.com/rss/articles/CBMie0FVX3lxTE5VR241VlN2eTFLSk1NWmt1UlpFOE5vN2VjdzNhN0Y4TG52QUQ3U3VaYXBCU0R0UjQ3dUQ2ckNCczdid1FlLWtoakczclUyejJXX3BGZHR5eHBfT0NSMDVUWHVnckc4czNIaEFmX3FxVDFsNEdXeDJ6dkVrUQ?oc=5
SU.TO,2020-02-18,16 Stocks Warren Buffett Is Buying and Selling,Kiplinger,https://news.google.com/rss/articles/CBMiuAFBVV95cUxQaHM2NFJfYVlkWlBEdWZUWElWYlM3MmxuNEZPSDZoaWVQZHExQVNfSFppcHNNX3VvWUVBMzVmMnRWa3QzRjR0bFRFcGNpZkM1dmFiaWVIdVJWVEUzTkJNM1dOMUFockJtSWM2OEx1MXdXZ3o2OENQOWVqbmdJa19jU2ZUWGUtV1VBREZSbmJKMlo0ZFBuLW40d3ZnSnFDSjVGRWd5T0JrSWhlYWZOc3M5TWdwVXpjSy16?oc=5
SU.TO,2020-03-09,"TSX plunges as much as 10%, prompting trading halt",Yahoo! Finance Canada,https://news.google.com/rss/articles/CBMingFBVV95cUxQSnNDZDlxWkpfQU1LaXZvQUNUVTVLaEYtNTRFSTA2MHhocHRuLTdOX3kwVnk4ZVM2TXdMRlgzOHJqd2ozVy1rNVcwUXlsSTBVYTQzVS1HWnJlVDNlUy1aSW1ycHJYRS1IUmEtWTRfVXZlYk5vYy1XMWlaV1c3cGJITElUdllhNk9rQ2w3ZWxfSTNVbEpKVHBNaExWY1FZdw?oc=5
SU.TO,2020-03-12,TSX and Dow wipe out years' worth of gains as markets can't shake coronavirus fear | CBC News,CBC,https://news.google.com/rss/articles/CBMidEFVX3lxTE9xYWFGMWJLbDZjOGRjM2NKNlIzeVBqX1dTeEhnM1NRWFVVOFdUY3E1bExvMVh4NVctQ21FeHZ5SlE2NkFUUndBZkRkTmJlRW1pX2JhX1lDMHZtTHpDcTNaWkhPOUI3bDJvMkhqSWNNeVlkb3Vi?oc=5
SU.TO,2020-03-12,"Prime minister's wife, Sophie Gregoire Trudeau, tests positive for COVID-19: PMO",LakelandToday.ca,https://news.google.com/rss/articles/CBMixgFBVV95cUxPc1FPcWFYdTU0eUJrM1k4Y2ZZaUNLQmtiSXJDdnFlQ1VzY3RpNmpXZFNNZnpBZWI5cHVJY0lJQWljRUFHWGdLMUloQ0Q4SElDaEREQV9mb1paaWw4SGZoTnB0WFNhWVJWZG5JMTBGdnlKS0lpSkI3WnlPVktnODFCYktoc1lnTEFkMHFlSENvaTk0Q1JxNmVENUxGc3JpenJfSHA4Nm9VRmJXLWcwUFAxUExremxPR0tYNndUak1hWHZnbHAxbXc?oc=5
SU.TO,2020-03-14,Why Teck is Giving Up on this Billion-Dollar Oil Project,The Motley Fool,https://news.google.com/rss/articles/CBMingFBVV95cUxOMmJRU3pFMVhxREJqMHJCemptNFR3ZmtyWTJRTk91STFoQjZTM3FRblgwNDBBZ2NvdWJZa2RhUHdzaENveG1uTXd3VDJ2bkdHck9vZHhUYnRMd3NZLWFtZTZYalBlN0xvZEROWHhPYTFMbzlxanplSW1rVC1hM3NxRVdMVU4teWUwS1JqYVVVVVJ0THJjZnJUWlRqbVNqQQ?oc=5
SU.TO,2020-03-19,TFSA Investors: 2 Ways to Protect Your Portfolio Against a Market Crash,Yahoo! Finance Canada,https://news.google.com/rss/articles/CBMihAFBVV95cUxPMlNBR19hMUp0TXB1TmtNOHFMMVpPdUdfYzNha3JtX1BoYVNxblhfN2I1a3VjUmR5YWVQelJaM2FmcnEyY05RQlV6cFNXWjNXZFZ3Q3NiX283anh4YzM1RFBqNHltaXZTNzlZemRqdndMTkxSMF8yLTVzVW9XblBZQnk2MFI?oc=5
SU.TO,2020-03-25,"In Rare Step, Oil-Sands Giant Shuts Output to Weather Rout",Bloomberg.com,https://news.google.com/rss/articles/CBMiswFBVV95cUxPWW1DVk9oSnFWRVV4U2NfSUtnYVRFZkE0OGZxREN5SXZ6c3M1ODNTbVFBbDJYZWNKa1g1VEtLWWtlQjdsNnhYTDlSeWZQRFg3UVJSQ01rMENVT21uTVJNMHl0OXVfWFhkYjhibHlJanR0cnlaV2Jydl9ZakFfWjVTOWNrZXhOcFZUdW9WMmlxV0F0VDUwdDdzVk10aWhfaWNZWXhld0dQTG5OV2xET3pqa2V5aw?oc=5
SU.TO,2020-04-19,Top Canadian stocks to weather COVID-19,My Own Advisor,https://news.google.com/rss/articles/CBMid0FVX3lxTE5FTVdwMU8xYVc0QnBLYnludEswVWJlVHFNVTE2OWRGS1NpajVQaGZFR1NrX0thZnZ4bzZXZ1dEVjhXalJDVWloN0xpSzZ5aEZyMkl6ak1HYnE5YkFDRFdhay1wQW5UeUFGQWYtRWM5X2lkY1JMN2NV?oc=5
SU.TO,2020-04-27,The Value Investor Who Sold Lysol Stock — And Bought Oil,institutionalinvestor.com,https://news.google.com/rss/articles/CBMizAFBVV95cUxPRXQxYy1Wa0dhMjBCTXlVQTZxeC1obk1TYk1JSjBmYmhaX1BTQXFZSy1KR3BZTEgwcnQ3RUhSa2FjTzFPYWNnOG5QTXVCUElGVmU2WW1uQUp3U0Q3QVNDdzFXam5NT3pJMU1IallOYVJSbjFRdG04UzdodDh6Ymt6MGVXWkxuaVlRbTNVZ1l3WWZRTFI4Zm0yaWszZjVzaS15WHg3YVoweWY5QnR6R09pSjJIRVp2cWUxQWo4TEpRQ3JTeUktWUZtamszQnE?oc=5
SU.TO,2020-04-28,Suncor Energy keeps calm and carries on Despite the turmoil besetting the oilpatch,Resource World Magazine,https://news.google.com/rss/articles/CBMirgFBVV95cUxQZ2xBTkVyUE4yX1lJYlRuWnpCMDhCc2YxcWp2eVYzd0xPa2d6eHZFdU1CZDFNLTYzdUEzSVY1aHNaUHM0WGJMQUV2NVg4M1VwZmcxNk9ZM1ZkdlNzdnR6TlZhcjFIbjl5YmlYdkZ0RTdMdkhUa0k3RDFVTGpxRXBhSEg1STRaWXZLWklybEJoTGFJeC1YQWF4alJ1YnY0VG5LaXNrLXhZd3R4ZWpMNFE?oc=5
SU.TO,2020-05-07,Ex-Syncrude partner Murphy Oil closing Calgary office to cut costs,The Globe and Mail,https://news.google.com/rss/articles/CBMi5gFBVV95cUxPLXNBdkpKdU1KVUJFT2lTOUc4X09HSXRaRnFCSHRtM09MTEw5ZjNxejhlVjhTZHdtRGZmbUxjWktMV0hheVB5SVNpdTRhRWRLWVdYVlRKNlhFRjNIbXlhVkVoV0YwLWlEZDA3V2ZVOHZqQUxLNERhbE05c2ViVC1jODlud2gtb3hKUV9PUzkySnVmNW5YR3ZISUIwUW9kTTVFMTd6YlFyRTR1eVQ5Sk5rZGdyMWNJTlVtZ1pfMl85dEFWbF9KUlE3ZTdlcURHUHNFU2dSUm5kNEJUMHF1bkppay0zZHgtdw?oc=5
SU.TO,2020-05-07,Canadian Natural surprises by maintaining dividend while cutting spending,CBC,https://news.google.com/rss/articles/CBMihwFBVV95cUxQbUwwUjZ3Rl9qMGFCdnI0cmF1MEJvVmlldmtVbG1sSE1DanZzVTRIWWV1d0VhUzY3QklOS216MkE2YVE3Z29KMEx1Zlh2X1V6cVFEb2lDcHNabUpPYnA3d0NoZHNKeHBMZlFRZmZRSDhQWC1TUWJtM2tyNDNkQWZONnF2UzFnTE0?oc=5
SU.TO,2020-05-13,Neptune Energy's Fenja Drilling in a World's First,Offshore Engineer Magazine,https://news.google.com/rss/articles/CBMikgFBVV95cUxOczFaWUZ1RDBTTW5QY09DdFd0bnB3QnlOUjVzUVhSTzhOeWxxRjE4UENBRkxyeE0zNTFMdFZsMzVzYU1vU0FIbG9VZmZJaFd5Tkw2bERXVW5pbVdZMUhJSFl3MVZvMDFKcXBNOXJuWURpSUR5R05ZUjZhejVpR2gtTXJNQWVqUTJKQ3o4ZF9vTXhrUQ?oc=5
SU.TO,2020-05-18,21 Stocks Warren Buffett Is Selling (And 1 He's Buying),Kiplinger,https://news.google.com/rss/articles/CBMitAFBVV95cUxOWE1sb0FkR0VtLUVSU19EaG53MWpGRVYzQ0t5SXBQN1ozazBENmlhQlFpNkRGV1BYZ0xNamdzUDV4ZUE3eUpqZE5SbmJMVC1HYkJRN2NzT1AwajYxRjM4cFlTOFNTMVNNYi1iMVo4a1VXbWlGdHZjMlRGTlZLSzI4TFR5VzFOc3VjUDFrbzRmQlBSWG9Ya3I1b3RWRkhhRmNPaEFMNHVuU0JURFBnZVBHQ2RoV3I?oc=5
SU.TO,2020-05-26,"TSX rises 0.48% to 15,148.12",Reuters,https://news.google.com/rss/articles/CBMiggFBVV95cUxPdkxaTU5Ba2l3VW9ET2hJQllnWUgtVHRJa2h6THRtbWliTWtYU1p6cGtMQmhwSmtvVDlYc0Izb1ptWTUwcy1zV0Z1azR6ZE00SG1TMXJ2cnlwRlMzT0N0bm1VblkwNU05bUs1MF9JVENPOVJNNnBneHBxM0JucGhjMTVn?oc=5
SU.TO,2020-05-29,Saudi Arabia’s Public Investment Fund Buys Significant Stakes in U.S. Companies,US Saudi Business Council,https://news.google.com/rss/articles/CBMinwFBVV95cUxQdnItUTBQTk05c2Y4VExQRUV4dmEwYnQyOG12MzVSRC1tVmpiWEtDLUxNTUlyUnE3aVlLQzlYUVBUWDdhR2xLd01sbjNhd1ZTV1VyNFJ2Ri1LM0c0aUxPaHA5Q1VkNE05N0pqa3d1ZDZLYWUzeTcyazNxU0RkaUZIcW9rOFlneHZsV3o1N0lhTzJsZUdqUTZsS2lQWUlKN2c?oc=5
SU.TO,2020-05-31,Wall Street Week Ahead: Investors eye consumer discretionary stocks as U.S. reopens,Yahoo! Finance Canada,https://news.google.com/rss/articles/CBMiiAFBVV95cUxQNXY0QzVoOUFDSm1xZnprdW1BS3FWa0VwQWdSZWp6SDNVVHRHRHVWVF9rSTJ4ZE9JM0FXelNkLThZUGFYVnhIcGhVQVZqU1lfcmFkeFYtOXJ1UU5jZV9FMUtwN0lfbGlmclpKc1ZqUDIyQ0t0NW51UjZIdTdUWi1NYXpWdTFFNkhz?oc=5
SU.TO,2020-06-10,Asia stocks set to fall on Fed's dour outlook,Yahoo! Finance Canada,https://news.google.com/rss/articles/CBMif0FVX3lxTFBHUlZ6ZWoyM0R1YzBiRjR1aHhvVWpCMnZwR2tDSEYwU1FELVl0SFJXd2w5d290NC1lQkpoVHByVkt1dEpJVXM3bHI4UTYxX1dJYm1rbzFlT3o1eUZHR1VpWjJRaWlCZTM1a2kzN3FoeWhGZXR3MGdZamUyX0h6anc?oc=5
SU.TO,2020-06-12,Missed the comeback? Goldman thinks these cheap stocks have more upside,CNBC,https://news.google.com/rss/articles/CBMiqwFBVV95cUxPdm9sNUpZcTJtZWlfTzNXVlpoSmoweEN0aDVmck9YQmhNMm90YmJEQmlVU0w2UHJDOE11SXBrZzF2SEJ4ZVYwQVJQWEFtbnRERWYzTEl4VkduY1VKRTBTYzhYRkFQYWczckVXOURxakJnaEZCZFVBVC1Mek1QdzExYmtIOEtaV1pEd1FwdjlqYTUtNkViVFVyVlNwZ1luSFZ1ZHBjekV6U2FjNmM?oc=5
SU.TO,2020-06-19,Top Ranked Value Stocks to Buy for June 19th,Yahoo! Finance Canada,https://news.google.com/rss/articles/CBMiggFBVV95cUxPN19PR2VWTUVyYzJRdm52V1VWbDdFblJYam1yX0hXR2ZTQUg5ODBFcXlNeXRMZTZhTDRvaTcza0lsWE9xdm9MRmljMFdkMXpVN29IdE13M2hsLVdYSDNZM3FxeFc4dkhQVXdTNDMwaXd0NGhnQ0RSVlprRGc3SFlrZG5n?oc=5
SU.TO,2020-07-08,"Got $3,000? Here’s How to Turn it Into $30,000",Yahoo! Finance Canada,https://news.google.com/rss/articles/CBMidEFVX3lxTE0teUx0Sk9xRW1oNGdxeS0wcmRXeHpjVTNoMjBhYmlMZ0RrN1NFeHZGZmdmMnItaktMRWdjaHVvNzVGb2RQeXpxWnhwekszZWw5eXFOVXJ3S09lX0dwakwwTW5rS0JkQTdmVVg5Qjc5Vm13RlFL?oc=5
SU.TO,2020-07-21,Walmart Canada to build new distribution centres as part of $3.5B investment,Yahoo! Finance Canada,https://news.google.com/rss/articles/CBMiwgFBVV95cUxObk5xeFkzc2pwby1vLS1UTFZSR1ZQeU9ycm5MdThQUUh6MEtJY3c3SFBaRmRYNE83c0Zld25JZ2sxT0cwZDZZVjdiYmFRNmtjcXVVcG9JMWU3RFRXbEgzTF9ZSUpya0VRNG1udWo2MEpfYmd4UjhJUTFMYllPcUU2V1g4WGo3S20xQzJDc1k0MFBEbnpyUk1pN1E2T2owQl9zbXpBU2xnc3kyZnZMMEdQX3hIeC1hQXdQbFZXWWFMdlRudw?oc=5
SU.TO,2020-07-22,Hibernia Platform Output Still Shut after Leak,Offshore Engineer Magazine,https://news.google.com/rss/articles/CBMijAFBVV95cUxPTUxKT3owNE52RHVBWU4weUphMDVQSjhqZDN2bkdmVlpUaTVYbF9JekdWM1RTcGw4Z0wtQV82QmhkZUtHRnRkQnlsWTF0R0owU0ZJbXczb1hSblY0YS1UTGMyVjJ6bHpiNkRKTzI0Vk9jVXV0ckZ5THFtaDY4emRiSFdNTzh1Qk9lbzRSbA?oc=5
SU.TO,2020-07-23,Production Resumes from Hibernia Offshore Platform after Leak,Offshore Engineer Magazine,https://news.google.com/rss/articles/CBMioAFBVV95cUxPZnZzbm9VSzU1ZjJSeE1lSlRuX3VQT1ppeDZqQkVCZmVjRm00cVZTcFVUUWR6eWpNZnNxRTZxb0NEWEw2MnZwaXRad2lQazNvU1F0VEp3R081cTkwd0tHYVRaVkd0WFFvakR3akc3LWtiQ09vanJGd0ZHOUFOTHF1YjdPOWhRSXd5aEstclU2UnRXejB0RXFBMGRla0htUHBC?oc=5
SU.TO,2020-07-23,Warren Buffett: Don’t Diversify,The Motley Fool Canada,https://news.google.com/rss/articles/CBMibkFVX3lxTE5EcnhqUWpxbVdSYXFiUno1MHJGeTZQRS1paU04empESDRqci1jTDNwR0x1RkN1LTF1N0FiNUFTSjRPRG1hekR4WGFWckhselk4RWQ1dG01SGQ0X0FPNml5aU5yM0NxUTRsLWYxWDVB?oc=5
SU.TO,2020-07-23,Suncor Moves Terra Nova FPSO to Conception Bay,Offshore Engineer Magazine,https://news.google.com/rss/articles/CBMijAFBVV95cUxOR1kxN0dZOEtXUU5fQUctNTRmN0ZwOUtRenBJYmZPdl9mREpyU3Z4UVhqVlJCQVRSa0tnaW5fTkRKVFNPeDdMUHQ4X1ZvcFBkOTdCSFdpU3lYd0c3WTlqS0tzV1ZUMXJwRjlJQmVKcXFXSzVXcmF3aElDMGRjMmRTdFR1UW94ZUZHVkV1bw?oc=5
SU.TO,2020-08-15,18 Stocks Warren Buffett Is Selling (And 6 He's Buying),Kiplinger,https://news.google.com/rss/articles/CBMimgFBVV95cUxPWWdDWldCTTdGRXR3bHRPMTNSd3M1RW12cGptVmpVZzIwblpiWnZacFFaOTNsQzJfbDJCbnZGT2FBVTVRa1hHVGE2T2RIMm5UQXljU0F1V3BmbzhvdnMzd2V2SWJ6cEI0MEEzSDdETUY5VlZPUmlKWk1qc0xnblBIeHZ3VTkzai1wT3ZKUV80U1c5ZHNWSW9ITjZ3?oc=5
SU.TO,2020-08-16,"Berkshire Cuts Bank Holdings, Takes Position in Gold",Investopedia,https://news.google.com/rss/articles/CBMikgFBVV95cUxQZS05ODdBZmgtUXNWRGFIZTZteHRCU05xQ2RCdk1GbUtqdDk5OThRSm1WLVo1TG1JYkVzVkh1VFhxb2RLZFVzRHFhWVRQcUR5YjBBUDJaeW81UUxkRnJYN2VsWGxoMy1JZDZ5OTBRU1o2Y0VManZsUUVrWUZjb2d6WkxzUXFUeG9VU0JGSWN6aXNzUQ?oc=5
SU.TO,2020-08-17,Suncor shares slip after fire interrupts Fort McMurray oilsands mining output,Toronto Star,https://news.google.com/rss/articles/CBMi8gFBVV95cUxPLUZEandzQm5rcXJZaEVjNlVfckZGVDk0TVFienE5YlNHT1dTcXFGRlhWS1ZkUHZKcjNTOUV1SGZmYnFNUVR3NXFFemJWR21fbnhfaFFua0NaUnotOU5adnRFYnMtVlpUamotUmd0ZnJENGpCS0MzdEktWnNxeXh6My1WYkhmWi1SWmktRUUtYkRoUUJoTmdtZVNMemo4bWxNMUVlX0pVUURDR2RrVGV0ejY2RW5hcm9RSk9MeFNTN2NGSTdlYlpCOTcyeVEyM29OdU05M1RlVlY0bGxhQXl3aEhuMlNDQUxyclBiT2tIbzl3UQ?oc=5
SU.TO,2020-08-18,3 Ways To Play The Coming Oil Boom,Crude Oil Prices Today | OilPrice.com,https://news.google.com/rss/articles/CBMiigFBVV95cUxOb21ESFZHaFRZY05EbjZRRlNDRjJ6aVNEVkN6SzhUWkI1RS1NY2FGTjhWeWdjUkFlbE5rWkxyd1NuVHE1eG90aUJDYU1VZkNabmliTGY0dzY1WEU4MUo5YWFYRTdaSWhwaWM2eWVRX2FXUFJGZnFWaTJxRzAxUW9RbnpSb290NTQtVXfSAY8BQVVfeXFMUFZnemctSUlNdDRyRDhIRVhWVmVtbHNWZFFPSktYOG5zVUg1aGYtYXAybXFtMWNNX3p0ZFd1d1pxOHNuMkpIMWxoZXhZRlpxa09tTGFNcEYxYTJzVW9KbV9vZHBJWjRzdnRnLVhoMHFVWDBNSjVQbllDV0FTZ012VVQwQjBXdVVQY2xBVU1RVDA?oc=5
SU.TO,2020-08-19,Indian Oil Corporation Limited: Target Price Consensus and Analysts Recommendations | IOC | INE242A01010,marketscreener.com,https://news.google.com/rss/articles/CBMikAFBVV95cUxNaGhaQXNqRDJ4bWZSdzZ6Vjk3bWw5MUw3c25LSkNOX193YmZxRGVUdTItMFh2Qm94ZEcyMjRIV0tHMldZZ2VDQk1GN2V1NW9DWFQxMHdsOWVTMzdQdExjOUZXSG8xOEtaeXhLREtZZnNCb1RORVhLVnhpTldnVzQzc0tucGd2UmtONUJsNm4yT3Y?oc=5
SU.TO,2020-08-20,PBF Energy Inc.: Target Price Consensus and Analysts Recommendations | PBF | US69318G1067,marketscreener.com,https://news.google.com/rss/articles/CBMigwFBVV95cUxOajNtQ1ZpX3BFNlZZVkRMR1d3QWdNcnBIMHVkYjVXX25ucjk4OEkwdU8wSjBESlVnNVFtLXBPdTlBYm9vekNMVUE1NGFtUUVzOGpaQXU2TWtsRHFLYUdBWTB1eXdRZ095VzV4ejFBb3BOU3hzWndGWjBrdmtwRHZiVXhSTQ?oc=5
SU.TO,2020-08-23,"Citadel Securities, hedge fund Citadel to open new office in Singapore",Yahoo! Finance Canada,https://news.google.com/rss/articles/CBMijwFBVV95cUxQZ3ZfNGlOYmd4Tk9BWmtreHpDZWpMSnVnZmNHUVpPTjJfWDFwOFNKU09XVjU5TXFyMWJBdHcxQU5PZ29UZEZVYllRcEFIdGlBRWZiVWZIbWxpak5ZMmk5dVVrNGh3VDN0ZjNIR2NfXy0yWUZTUlN3SXhUbEF0V2JJLTRjdnRMWG5DSWtuQXNZNA?oc=5
SU.TO,2020-08-24,The Biggest Oil Discovery Of The Year Could Happen Here,Crude Oil Prices Today | OilPrice.com,https://news.google.com/rss/articles/CBMinwFBVV95cUxNSE1fSmtlVWFqa3dLQy1OXzlYUDdselZwS3d0ZVplcnlYbXp2VHVwaHZXNjBSbDNMWVpMSVhYcERyMnFrLVRiYWN0SnJjdzFMWktvTnZyRndESExUc0FnYXVXYTdYM1pIRFJzRXdscERURWtOcVNNLUJVdjNBRXQ4WEF3NzRxSlktakppUmpfOC01MGpIN29ING1ZeUFfSXPSAaQBQVVfeXFMUEQ1ZE9oN1pPN3dIWXlrS3FwVzY2LXh0OFBHQ29IWm15UnQ1dUFweFNkZ2ZfbjdqYzZvU2dGUVlPNXlnenljdzdtcFlOQkQ0akMybUZLbUlDU3BmNzcwTjI3SVJhRUIzV1ptU3VlRkt1N3kxQklFRVBnbGJFdzRYdk5YVDY1OEtCMGotSkFLX2FaU1hMNlFvc1p0WVkwNUIwS3FoWjk?oc=5
SU.TO,2020-08-26,WestJet Stock Is No Longer Listed: Here’s How to Bet on it Anyway!,Yahoo! Finance Canada,https://news.google.com/rss/articles/CBMihgFBVV95cUxQNDB3ckZLWVRlQTRXVlczb2l0UDhhMHAzdzUycmVNWG1MVTdubWZ2Y3RLTVYwOXc1eTZ6MDFjejBaaUhaak0tQUprMXBlRzBHVzZhc041S2xlYnNEU1ZOZU0wMGstN3dJRlZNc1JGWkVXMk5JbGJrZ3FpVVRxUEFtbEVsLU16UQ?oc=5
SU.TO,2020-09-16,The World's Last Great Oilfield: An Interview With Nick Steinsberger,Crude Oil Prices Today | OilPrice.com,https://news.google.com/rss/articles/CBMipgFBVV95cUxQckJhcHhYdjUwamhiOVZTZzhyeHVLak5rUnJnN2tyZXA1OGlDT3RDT1ZjS0FMR2ZVZ0FXMS13dlZaRzdMZTJVcGJNNUtmUWV0Wk5ONjF0RFdtd2llS21XNzFma1dia0hfXzEwaTR2UUhsYjB0ZHpQQVhteU0xRElXOUU1bUdmRFJqWnZnLW1HRDMtYjdGal8yRGhsYlVidHN3QS15cnNB?oc=5
SU.TO,2020-09-21,"Russ Girling, who led TC Energy through 'unprecedented growth,' to retire with Keystone XL pipeline unfinished",CBC,https://news.google.com/rss/articles/CBMipAFBVV95cUxQM3VYZTRya1RncnM2eGRJUnZuektBT1FfMldTOEIteUZ1ZTJlaUc5cnBHRS1JSzBjand6amJOanBESlFFQmFwQnFDS3NXR2Zwc3J0NU5iS00yTWRBUkJaY1lEUUtWRVlWUzNrTTVNX3ZELXpiSmhIeXlRRzR3SzdvOGFsaDB5LVVoUE9BVXEyTFpPQVlZLWFFTjlhdTd5VFZIOWEzUA?oc=5
SU.TO,2020-09-23,Two Ways To Win Big On The Oil Price Rebound,Crude Oil Prices Today | OilPrice.com,https://news.google.com/rss/articles/CBMilwFBVV95cUxNZndXYUJ1SU95YlFFaDIwLXMzR1A1MUlJVnQ1VXNreGpBeGhPMy1uSGxzeVh4ZnlqYlFyVjhsMTFPZEFIUzBUT2FpRFRwNHN0RFcxQlo1MTM2amhKWHdGMmdaNzZCalgxX3B1ejRZMGVORDdkSW15Yk9BUTBmbEhSdUFfNENDN3p5N3RCdGk3bXljMmNjSHdN0gGcAUFVX3lxTE1qOEdJc0hsek5JdmlZMW9sRkpzblZNWkUwbS00VDkyWWNrd1BMZ2RmLTI1ckxpWHhGN3BVQjRPTTFyU2NuZklnWDJ0UDJpRUt0MDU1M25RVkxNaWhaUTFHY01jMzA0d1NGSDA2VXJPRzNqSzl0dVZBbDg1Wm84SVpYa0VGMm5ZMXlNcko0ODdPaEk1dlZub1RQTDRWRw?oc=5
SU.TO,2020-09-25,Should You Buy Suncor (TSX:SU) Stock Now?,The Motley Fool Canada,https://news.google.com/rss/articles/CBMieEFVX3lxTE5HNWl0Q0FVSHFDVDU0a1BfeHFlaDdrVTYtdERCSk45T3VZcUZueDByY2ZENVBPUVhydWRVdWJXbzFZNEVWekN3bzZfUTF5dUxfNUFUc2FzaG82Vm1wdGIyVzF0NG15ZV9wM2dLbmZ6N3dVd2RsMjBqTw?oc=5
SU.TO,2020-09-25,Aurora Cannabis may hike its prices in a value-obsessed pot market: CEO,Yahoo! Finance Canada,https://news.google.com/rss/articles/CBMiuwFBVV95cUxNcHhpaDd6cEswMm1aWHdrVnRuc0wxR05VU1lSTHl2WTdUd0RQeklVb29Tb1hnQV8xTjl0QWdQdFRJQ3hCZUtySlhNMG1pZUFWTnp5bG1ZLUY2ZUxuNjRESXFFZlZCQnhQbGV5WTdXWW1hLUlnSUZ6bU82YWFnMWlRNFAyc3VxWm9YYzBnM3JVVGg3NFJ6Q2lUTFJnckVEZllSYW42Zk5fMUJQSXdlTjMzSENqVXM1TGktYlpB?oc=5
SU.TO,2020-10-01,Twenty-nine companies offer to market Guyana’s share of oil,Stabroek News,https://news.google.com/rss/articles/CBMisAFBVV95cUxOMV9ENElsUnpPZDdvMUNuWkNJa0p0WEJMLXU3MEowaHdjdWpUWDJiWGxxUFBRcGR4c015TWt5ZGI4MlRWZUE0NkI3OFZZa1pLM1duaWZxVUZCZWxkRm1xX3ZESEhQaHlqM08wSG05MFlXMzFibjZub1hDakpXdEpoWjJGUE51b2ZRNjNZY2FjWjByeWpKc3B3U3padExVNFRBS1dTX0o2N0s3ZWt1RkhzOQ?oc=5
SU.TO,2020-10-02,Canada's Suncor Energy to cut up to 15% of jobs as pandemic crushes oil demand,Reuters,https://news.google.com/rss/articles/CBMitgFBVV95cUxPSXoyVXQwMjIyTWVtMjRhX0dFRTQ4aG50MHJ4QXR2Z1dvNGVicExERkR4VnltT0w5aVZsajR5MHZ1aXVRbS1kZlBFRExnUTNveHVSMDlWRW5fcm1sSGg4X3pZZUVNdEhsZVRrZ0d3by1SNWFTLUN0YWZ1aGtWZks1QzQ3ZzZIOUt6MXBiM2M0ZTFzX0xBUFB4OWZ0djZKQmUwd0xjNGhQSG9UWFZVVTJOczA1UU9JUQ?oc=5
SU.TO,2020-10-02,"Suncor eliminating up to 15 per cent of workforce; 2,000 jobs could be affected",Fort McMurray Today,https://news.google.com/rss/articles/CBMioAFBVV95cUxNaktJVG8weks4SDJnTUpQQzMwckFiYkVyY24zNUI2Nk55S05ZVVZuS09XNk94ZmRJMmhNb2p2WW5fWXpKV2NNZHQwOG14YVdUZld6dnBJWnktVGxEcFdyNW4xNGdsQS12bXE2d29kWTh5SDFSbnZwQTF4UTJBdGwzczQzUFpUNUR6VFhpYThMdF9LZkg3blZPbnNVYXM3emZR?oc=5
SU.TO,2020-10-06,The World's Last Major Onshore Oil Play,Crude Oil Prices Today | OilPrice.com,https://news.google.com/rss/articles/CBMijwFBVV95cUxOWEcyYWxEZU54RXpXUjM5ZUI0dVVVRWdIaVNzdW5EMUhCY0lLaE9aWHh4YjNpWDIzajNBaF9sUTNTS2U1Z1lPZGFHcXVhRS1fODZtZjd2Y0dGUDBHcUVobVk1LThFOVB1MTZiRHBESVIxZ3lUWnFyNEtOYS16bFo3YW1VVlR4dEdhUVFaX0x0MNIBlAFBVV95cUxOcl8zbk5KVVVNNUw2SmFQSEY1NnB0UUl1NndvYVNyRV9xOU1ZSzVTQm8zUmVxUzFXNWxjajZQN25KTnpkU2ZBRmxtb3FjS1lvei1fdnhYenNyUVFrMGNoN21sckhCeTdfaURjUEI0Z2JiZ2kyVWdBelFTVHhsQVI1VmtrOTJvcmxXeGx6UEd4aUZBMFMw?oc=5
SU.TO,2020-10-10,Warren Buffett Sells Canada: Should You Follow His Lead?,Yahoo! Finance Canada,https://news.google.com/rss/articles/CBMiiAFBVV95cUxNWGxUalFTUVhQU1ZMSy1JTmhXQldpTVE4dnlfWXBGTHlTM1BTWXpvZ184YUVmc29rS0IzY2diNkxLdTVRczFEVVlQanBsZEctb3RWZUU1WUtIWUktcXh4aXI0cVdULTB1ZjhWQV8weEhUREExVllHRFcweHI1WnI4X1JlZ0M3MUNl?oc=5
SU.TO,2020-10-24,Cenovus to buy Husky Energy for $2.9 billion,Duluth News Tribune,https://news.google.com/rss/articles/CBMijwFBVV95cUxQR2NabDNjSXBSbGROVE1HTUpuMTJ2Mk1VNENWQmNWd1dDR2RqTmgtbEtmalM4elQ5cjlhUGtQWHdkLWljV1k5ejRsMFVmdmJRWl9jZXR4NjlaSkU4eDBpOEw4VkFQSHZqRkl3ZzdZb1NLeWpOZmJpeGo4TjYyQkpHdW1iT1BZYTlhdkc2bGJZNA?oc=5
SU.TO,2020-10-25,"Cenovus makes a bid for Husky Energy, becoming Canada's number three producer",Oil Sands Magazine,https://news.google.com/rss/articles/CBMivAFBVV95cUxOa2xoMnh2ZW10ekd4bm16LUVzeXpmRHVqX3lVUXpEYm0zdEQ5d2pPc3d2M25BZlNYY2U3TUx1OElGaHZ5UHlqZ2gxRHp2MXZleVRWVm9YeC1SZmFpSUoxUXE1RTROMW5vT2Z3dUk0cmlEelhoby1XbHlDTkZ5Ty1HUmltczVVem1jT2I4YjA3Zk1nSTVPVkFVYzVlLXl2Mlg1Xzh2NUUzZjJYdkt5Xy1hbWMzOUtYVU5URy1EdQ?oc=5
SU.TO,2020-10-25,Cenovus to buy Husky for $3.8 billion to create Canada’s No.3 energy company,Fort McMurray Today,https://news.google.com/rss/articles/CBMiwgFBVV95cUxOMmMyWWU5TzM0RmFOSHRRdlhGTFJhcGFmcndMdVlHTXlnNk40T1JlSGItY2hzNjc2NExKajA2WnNjdThhV25nS0x3X1hlT3FqOTd1NE50Mm5ib3BBZU00U3ZuQVZmTTNQMTlHclFRWmswZG5PQ0xRRXRtX1BFYjk4ZTFmQ0NhRGhQUlU3ZGZEdjhYdlc3bmw5V3B2eTRjU3F2bUd1T0dpSVdZV2lJXzRJT0RHMEVEcDZXZk10NzQ0T1RWQQ?oc=5
SU.TO,2020-10-25,Canada's Cenovus to buy Husky for $2.9 bln as pandemic drives oil mergers,Reuters,https://news.google.com/rss/articles/CBMisgFBVV95cUxQUGxsSUxNT2cxUDVhZVE3bUpYQUdQS0hfSl9KeDJTWDh5SWpMNW9wMUlTQzg4eW9lb1FVZUlGbnVfYXFVVkRuRVFnXzc3cUZOVWdSMmZ6aHZrbzcyQTdneG1fazJCd09lZHc3N2lPaHZwbWVGRnlQc182Q09yQ04xWmRIZGtWQ2VqTFk5VWNFbjRQellnOWlrQ3R6cUZlQk1RaVZvNklKWGxocTZnV1BGU3h3?oc=5
SU.TO,2020-10-28,Suncor Energy posts quarterly loss as oil prices slump on lower demand,Yahoo! Finance Canada,https://news.google.com/rss/articles/CBMiiwFBVV95cUxOTmxqc3VJcUlwZFNGMUphRmZWcXNNNllsOVd4UlZyRGFlQVBwVFJfTmZNTjdCc3FfRWJTUnB6M0R1c0F3c3VxYlhERmtkazhkUnp3SkFUWGtCQVRSRndmNmUteDY1c29xN2RfRzUzQUdnb0RTNGlIejFWZHdIR3ZWT294RWpTZzdlc3p3?oc=5
SU.TO,2020-10-30,WARNING: Suncor Energy (TSX:SU) Stock Could Reach $10,Yahoo! Finance Canada,https://news.google.com/rss/articles/CBMigwFBVV95cUxOOHU5RkFmZ0Y3Q3hiSkxUak9SNTRwaGkzN3NGOTZmRWQ3MEt4cG9tZEVFeWtSVnJSdVpKSFkyald0SmlRSW9jY2xFTEpGMjVKMmRTdEJZQWxmeEwxaS04LTBXakwybldBcjFZSUFfQ1Atd2lESzhBQUxENnRJOHRNTWR0WQ?oc=5
SU.TO,2020-11-05,Hilarie Burton joins husband Jeffrey Dean Morgan on The Walking Dead as Negan's wife Lucille,Yahoo! Finance Canada,https://news.google.com/rss/articles/CBMijgFBVV95cUxOejUzXzl2Uk1ldXJOdndjS1FzNkVZa3NYVXZOaGRfVWtibjdPQ0k5aVFpa29GSldEZndWQ25oNnVSanNvYXdZRWY1RG5TSU8yX3hDZmlpYlZycEJRRW5IcUJmOU5ESFRaOG1VU1hyUkYyUlBodzdVbmdLQTNCdjhuZjVVTkZSTlNubmhVUjBn?oc=5
SU.TO,2020-11-13,"Healthcare Pulls Up TSX Composite, Trillium Therapeutics Top Gainer",Kalkine Media,https://news.google.com/rss/articles/CBMitAFBVV95cUxNVUdzTFFyLUlCM0Q4ZzhrSURkeUg5RTlfejFjV1c0YXAzUVFjVFVzR0xibDBjN0pySVpvMFc4VXp3LXFxRlB3QXBQUmRKSTVhZGFNTE1Td20wSXBYQVJpLXZRUVNuVGNUbHpOWWliaU9iUHJVN2EwV2ZuRS1nQ3F2OUY1NW5RQnpLYlNZSzZ0M3pGa2FmbGRWSDVxQWNlaUJuYVlYWXlsU3dGN3QwT3V5SGhzTnA?oc=5
SU.TO,2020-11-15,25 Energy Stocks To Buy Or Sell After The Election,Crude Oil Prices Today | OilPrice.com,https://news.google.com/rss/articles/CBMinwFBVV95cUxNQXpBYVNMSm15ay04XzJLazlfa0JXUnRKY2JSQ0x5TTZGMVkxSzVsaUVsZjZ1alV5Mk9HaVV6NU0wd0syNGxlcUNIWDc3MnZqekYyRE5PUnJHekhPNUN3UnpyM3BrVTFlTXVFcFROZ0RfN1ozT3ZwRlNySnJpSFhGc3RqdG9GTmFOQ2FkS1dLdGtKNG5KUjJFWkdUb3JkVk3SAaQBQVVfeXFMTUJOS1BKQ2d1Ql9yUkZvb2cycTRlMWNXTXY2akRlQWtWSXhpVjhIdzBzUW4yN1NEa2FqWmVXRE1feFlqd05wVlJOMFV6V2p0Q3FsTE05OU16bWlUT21XVEhZQ1lsM2o3T3QxNXJLbWFLaDVlcXNVMFpsNEk5a05IZGJuajd1bjROWTMwSGFDdmpIaU1NXzhVU2NFd2l5QWcyZ0ZwRWw?oc=5
SU.TO,2020-11-17,Warren Buffett makes big investment in US pharmaceutical firms,The Guardian,https://news.google.com/rss/articles/CBMisAFBVV95cUxOUjhQNldMNlA0U25qTHVrbGo0WTNwQnYycDY3UVVEVWwxSmFtSFB6QzBHMVNoNm9TQ1JvcVB0UVpGVDdaU1FRaVBvRnN4czFranZWenlWNnd0aWFzSEJxV3BSbDFIV3VIaVpYa3ItY2pHUGFmZEJpc3VaaTNWVWhYUl9PZk9MNVFWNlF0T1BISWJmWUJPUkR5a0lNWF9JRWg5TmRtZEZ4WnRLLXFoWHFsVA?oc=5
SU.TO,2020-11-22,GOLDMAN SACHS: Buy these 14 stocks well-positioned to see surging cash flow as the recovering economy upends the market,Business Insider,https://news.google.com/rss/articles/CBMingFBVV95cUxNTU9KdEgwdzBRb2VtaWsxTlBjOWpVcEJZNmtmZzJsaVhBY2F6RS1MYmdZV3RKWjJCamhWSjhPRERwZHpKMEVFd0EwQUtVakN2blNUUm4wakNmVHY3UkpVRHhOWTZuYnM0bHJHSlNGR0lfaDdxdFVLdkVDWHFCSGRlemQ5OU0ydUtZdjhIbU1wcVE1TGpWUnZWVWNubWwxQQ?oc=5
SU.TO,2020-11-30,"Canadian indigenous deal with KXL oil pipeline took years, aims to unlock long-term wealth",Reuters,https://news.google.com/rss/articles/CBMiwgFBVV95cUxOQTN3MlUxV2ozcXRURUZGSWpITVZFNkVVODVEQ0NDaUt1N0dLMFotUllCZGJxd00xUXB2NFVPSDhkYnFQb0c0MnZPUEJheHhyTDI1QzBOU3pCM25xRmhPcEtFN01td2Z3RkNacWEycVNXeUZVeUFYZUJVSWlFck12NldMRWNlbzVJWmpfVXhMUlltYWRSaXJvajlKTlRpUkgzOUttX1ZzWlBfY2JqekRxejMxTlF3Q3doRXJteGR0elVkZw?oc=5
SU.TO,2020-12-04,"TSX rises 0.68% to 17,517.04",Yahoo! Finance Canada,https://news.google.com/rss/articles/CBMiigFBVV95cUxNZ0pqZF96MHo2a3dWQjhLbXUwSFhUeGRLdWt5VEV2aWY3LU4yZ281ZU95X3gtQjFUZ3o0enk5VE1XeU1JNEJiRXY1WXhmVjN2TTgza0d2S3hrOG5MNndEMDZvcm95VGp3emgycEFiY3hpZVVyTUxPc19ZMzJzUGUzd1pOblQ4T1ZRNmc?oc=5
SU.TO,2020-12-08,"CAD$875 million biofuel plant in Varennes, Québec - Enerkem proposed partnership with Shell, Suncor and Proman with the leadership of the Québec government and support from the Canadian government",PR Newswire Canada,https://news.google.com/rss/articles/CBMi4wJBVV95cUxQbldXVlltS2Y4MUI0RDl5LXpDaVROV1BWUG1YakNybUVCSmR1eFRzOGM5ZnZXS1g0OXRYTnhmc09Jd21xaXJ5NWRmVVdUSWNTMUNtd0pHTmRha25RUWZtellSMnNJZXY3bUxjZ01LdVdGTFk0ZVZWMDhpVW0tbzBRZVRYNUx6ak1HUGdJYjBjZWh4Wnd6ZGpaY3NORlI4SkxPdUZXRWZrN2pueFVBN3JkSjdDQTFFNTNKV3JOQVpPNGo1M2dPNVM4TE1Ob0NaX2ItNjFCZDV2aWJBUWZSU3BRNS1VcUI1TElZR3VJZTl6VTFaeFFjSHE4ekFrOVJSZU93ZmRFRlhuNmpjVkdWSHdQOEZ1MENKUjdjMXZtcDd1VFBlak9xbVNlS2EtZ1ZydFBlZzJNNVVydlQzQzdjcTNyMkNWbDRhcDNpNzQybFkydElFOHB2dHFDRXJabUZTam9naGEw?oc=5
SU.TO,2020-12-08,Is COUP A Good Stock To Buy Now?,finance.yahoo.com,https://news.google.com/rss/articles/CBMieEFVX3lxTE5FdHdHMG9pRVNLTm5acmhYeklOeUY4RHl0SVVUTUVhdHVFYktMQUEyWjZkMS1MeG96TDF5Y0IzRTZhQ2EzdGY0cjhTUnZpcUo4ZEw1WlRvdkt0NF9oTzdDbXhqUXJ3N2l4ZDV3UG83UkVfVHBqem15TQ?oc=5
SU.TO,2020-12-10,The 22 Worst Companies to Work For [2021],moneywise.com,https://news.google.com/rss/articles/CBMickFVX3lxTE93djh4cW5CTUZNQVlUT2Z5UVZCbVJocF9GRG9Mb1dsRkx6dm1iREZWMkdselRwV3JwTGtZOFp6MjNVM0ZmOVJJR3U0Nnh5VndmdC1uSm1EY0tuUTd1M0RPakhSeVJIU2V1SVE1QWQwS0tIUQ?oc=5
SU.TO,2020-12-20,Beyond Local: Observers see rays of hope for 2021 in Canada's gloomy oil and gas sector,TownAndCountryToday.com,https://news.google.com/rss/articles/CBMiyAFBVV95cUxNNS1UY0hSWG9uVFhzTTI5eUg1TXdobm1HZExFNGhFQ2FCS3pxbmtLb1pJUHVQRUFyTmRnRV9mbGxTbm9pRnZrVTlNQmZlQkdEN3NQU0x2clZqdnFnS1owR3ZvMWJ2OFdMSTB0NzBrTDJ2ZXExMFFROTZPS2xEVVZIei1Nd1loWFBEOFc1ZU56enM1VDBfRmtpX1BGUWFEcWtfZ18wYkttcjg1dlV6OHpIeEtYc1JqazVnYUd2UzMwUW9pS0JNRmc4Xw?oc=5
SU.TO,2020-12-23,Tim Hortons is changing up its breakfast sandwiches,Yahoo! Finance Canada,https://news.google.com/rss/articles/CBMiogFBVV95cUxNTmRUUWVvb1J3djJuYzJBOTR0dzhldFA1ZnU4eFVmQ19hMjhLX0JjR3RvV2JjZUNubXpLSzlnaUoybkRkVUxuZUJXSHNIVUY1M3JQazJRVmxCbHNsdW16OTh0dVBrR0Z4UjJXSjdGN2dCWnZiT0tLbElsN2tvOU9hVm1PbWtsdFVIazYtcjJURVJhck9wNWdvMHFIdmNhSkRvOFE?oc=5
SU.TO,2020-12-24,"How 'empowered' bikini photos from Jennifer Lopez, Elizabeth Hurley helped combat ageism in 2020",Yahoo! Finance Canada,https://news.google.com/rss/articles/CBMisAFBVV95cUxNMGpVeTNpSk5va0VTaVVpVjduRFI4TEtMdEV4b0R3amdXcEoxbXRUckFac2lvdDgxLXpaZUp3RlM4WW5BZGI0a3lVMUJsTExnZGxVblVEUHpnOUg2NUNaSUdqVG9HR2RJS3R4R19TYTVuTzUxRFVWYWhQa3RqVmdzTEh2N1hpeENFd2JyNG1lR0g1RXd0aVZSdl82U3drazhsbHJNdnRKbXFSZWZDS1FfNQ?oc=5
SU.TO,2020-12-28,HMDC to Get Financial Support from Gov't for Hibernia Upgrades,Offshore Engineer Magazine,https://news.google.com/rss/articles/CBMiogFBVV95cUxPeHBoNHp6YUYwLS1PWFBXNDNmWEs3SW5MNDN4VzVpb0k0bV81TWpIWXVGak9BNzdLMDZBNDlYVG45TXNiRS1WaElkSGlwVzV3elRKUlRubFRfUkhWQ3BDQmZmODQ0OEJydzRMQzJuYUdycWtIRlNpczFoeUNmbGp0UEpBdFlqb3M3eGIydGVzWXRReWFZM254MWo5bTR5ZmttRFE?oc=5
SU.TO,2021-01-11,Shell (RDS.A) Takes 40% Stake in New Quebec Biofuel Plant,finance.yahoo.com,https://news.google.com/rss/articles/CBMiekFVX3lxTFBnUkctQ1lpWXJCZHhucTBkV3EzMjA5aWt0WWhxNXRPYzZPU1hnbm5aLUtIYjBBZHhnUUUtdTFMMV9nYzE4YWs4MVhCTEdjVVNxbjI5clZtc2UyN2JiaUxUc0o1V3ZiTkhJVFNKMmZGT0Z6MnRXRHB0NDhB?oc=5
SU.TO,2021-01-12,3 Stocks To Buy As Oil Prices Rise Above $50,Crude Oil Prices Today | OilPrice.com,https://news.google.com/rss/articles/CBMilgFBVV95cUxNVjBnNlM5dUpPalJTejRxYTYtNEg4cklWRklBTGVvdE1VclM4SmlseUtGSHNjdGZuMnFjYk5fS1A4YngtUnVwYVI4eGZpSi02SExTNkdIanhBMkFxN0dWQW56dmx5RklUNUdCRThHaGdPaHNJNmtpOVlhQm83OHlyaDQtTnU3Ul81eUVkRzlEWG9Jd1lLbXfSAZsBQVVfeXFMTWR2eU81a2ZtcVVWQzJBZWd1Wjg0UWhiM0o4eVVsaVJCZGkwYWs1LXpuaklNT2hUZE95TkZSc25NYW05SU4xaV9mUy10Z0RWUzZtZXFrNnZsdHVSYkRwMmZWWVZtN2t6ZldIZzA5aU8tbVFRRE1EN1ZTV0laSzZjb1VQa2FYdThtOXNpdXUwNUQwWUtiVTJjQnJZRlU?oc=5
SU.TO,2021-01-14,Montreal luxury penthouse is the highest-priced condo ever sold in Quebec,Yahoo! Finance Canada,https://news.google.com/rss/articles/CBMivgFBVV95cUxNM1VQNDZtVjJEM0lMN3dpbWZBd1c0UU5HWTNUOU9RYjdwUGtJQkJOV0NyclVKZFBTQmRXa3hYeFBueFRMWTlmRHpfTkxqWWhObVp5eUEzOTFvQl9SdnVxdVpsVzRzVmJTWGJiNWlRVEJEU1pKd0dMc2tjazcxalZ1eGNILUFITHp6M19WVzU3ak1IX0xrUTBHd3BsNTVWM05VQnRPVlVuT0cycGRRSmZHd2tQM3Y3dnVLZ1RCby13?oc=5
SU.TO,2021-01-26,Alberta’s 20 highest paid executives made over $200M in 2019,The Alberta Worker,https://news.google.com/rss/articles/CBMikwFBVV95cUxPckx1WnlLdEl1US1hNHBUQlY0UFFrVWdmT2NyTjNBaGZhQWNCTjJzdTFpaFdOc0NOR0N3Q3VsM0xtdkhfSEFLQU1xMnZaeGRIektudTBGMHIzU2Z6b2U0WUdQS1hCTG1tQmVLdmxGamlRRU1RdXNtR2JQUmJzWDRtMndmREFjS2kwdEV2aGFnS2xwUGM?oc=5
SU.TO,2021-01-29,Zargon Oil & Gas Ltd. Completes Transactions Approved under Canadian Bankruptcy Proceedings; Blue Sky Resources Ltd. Becomes Sole Shareholder,EnergyNow,https://news.google.com/rss/articles/CBMikgFBVV95cUxPdklJQnNXT0hTZEJjQnZybndkOFE4blNHRGR3ejFpVGtLajNTUndFdHotbk92YzVaU0FSZlUyRGJkRTJBQXpHY2pfWmdnU2o2NTlMb3FZSE10c0lza2NqdmNCSHRUcjYyeU0ybVhkX040LUJJY0ZOZTU0Um9OVUFWWEVnVnhLd1lqbDIzYm5QUkowQQ?oc=5
SU.TO,2021-02-04,"Despite vow of austerity, Suncor Energy restarts carbon emission cutting projects",Global News,https://news.google.com/rss/articles/CBMiggFBVV95cUxOTDFPNjZ6WFQxTUxRR0JaNGVxQXpKNjA4eTl4Slc0T0xybXlqczJFa21FcUd4cnU5MzBoTnkzMmRub1VnWC1UdVJ4SWpXcmVMbmJxVG5VZmc2cllnUWpOT1NhUnhsR0RLUEtCeW02aENrYU5EQUN0dHoyVTNLaG9HblN3?oc=5
SU.TO,2021-02-04,"Suncor, Imperial scramble to make contingency plans in case Michigan's order cuts off Ontario's oil supply",Financial Post,https://news.google.com/rss/articles/CBMi4gFBVV95cUxPNEhCYnVQUldLQm1SMllpcnNObDJHeTFQYklQQTVsQW9TZVZaWld0NHU4RXMtcWVHOEM2dXgzQnVTbzBKdm5EcE16Y0swSklPQlFTT09ES01YdFhVVXdscklfb05OSWp6VW9yNXNaUExRX3FHaS1lbHlHdWI4MU5meXY1c19UTkUtT0lOX0YtOWNLNXl1bllsYTE2N0JjSjJUaFFzNk9BYmxEOGFjc0l6VXZlZkF1VlFTWFpHdk42MkdMTWVSTm9sdDhHc19WRUs3V2h1RjhnREZEWDE5bHVDaC1n?oc=5
SU.TO,2021-02-04,UK: EnQuest to Buy Suncor's Golden Eagle Area Interest for Up to $375M,Offshore Engineer Magazine,https://news.google.com/rss/articles/CBMiqgFBVV95cUxOdEJVVFlvV3hGWUVQem8yZmRybHAta2hrWlV2SU9McHBfNXNCaDJ4bGxySFRyR1VmaDg3ckpTT1pEX3RtWGpYQTlJTHdJS0J0LUg3cHIwZXpad2dUYmNMcGx0NkVmSzI2Ukw2T0pXYVN5bmpGZUZTTlBQeUV5bmZvd2JzUDIxM3pZZjcyaEwxOFZSRlN3RGFjX3dLQk1pYnd2SDFBNEM2dHpOUQ?oc=5
SU.TO,2021-02-05,Meet the company that's looking to mine lithium from Alberta's old oil and gas wells,Financial Post,https://news.google.com/rss/articles/CBMixgFBVV95cUxPTGZ6WUY0N0UyNUQ1MTBtbzlLZ2tlVU8zbC1fd1Z4VV80SWZRYU5lb1M0djVkcEZRSndKZ0ZTVW81ek1uckRiSHQydUEyUVR5ck5lcVJFOXo5TGtTdXU1UHNESEVxUWVFVDRNTWU0LUMtdFJ4NHlyeVZZd281Y3lSS1RsUVRqVmtmQ0llVTRocEg5WUJFbWV6OGpMTGFoTWRxaU8zdFZ4NnUxZWVGa1R2S19SN1UzX19ZeDAwdUZ4Yk9odFp2OXc?oc=5
SU.TO,2021-02-09,BRITISH AIRWAYS FUELS ITS FUTURE WITH SECOND SUSTAINABLE AVIATION FUEL PARTNERSHIP,mediacentre.britishairways.com,https://news.google.com/rss/articles/CBMic0FVX3lxTE9oT2hyYUswb3MyTV9QRk1UZHQzZ3dRbzFGY01wcFB5d0dFXy1ueUdNTGppQl9YT2Nxem9Hb0NraFJDVDc5Sm04bDBheHFTcjlUVEIzSVY1OXk5ZmczX1pINkkwUlB0U0JlN2FUMjRaazZIZFk?oc=5
SU.TO,2021-02-19,Wow! Warren Buffett Sold These 37 Stocks in 2020,The Motley Fool,https://news.google.com/rss/articles/CBMilAFBVV95cUxPNEN2dHNuTjJXTFp2WW9tOEo0S3N3ZjMyWHZMU1pudWZuV21XRlR2ZE9Wb04wazVoYkVHNkQ3M0pzSDdPN1pZTXlRLXNjdWg1Q0hZSEh2ekY1Z3VQT2JuQmxzanVfdDJvZHlENFV4TVJZYzVJeHQ1UWhzSnIxSU1XQkFkZXBTWDVWVDV1VE9TWGRFNmJr?oc=5
SU.TO,2021-03-05,"Oil Market Even Tighter As 500,000 Bpd Come Offline In Canada",Crude Oil Prices Today | OilPrice.com,https://news.google.com/rss/articles/CBMirAFBVV95cUxQOUFFaktFZDhPdU5rbTduN2dHdWpaanVHelVYZkhPNVc1bmw0WE1icXF2bTJiZDF4N0tPNDYtWmtxdGN4WDZ1OXNxdlZaNDVqbzBxcHJkX3JvZVl5eUFwWVJhQms1NmVNc2VNSkVPU2FNQ3M4NENZVEFEbDdNMkd5by1FcW43RmJqcnQ4ems0Z2w4QmRzQ1BZdXJqeGtpbUdOMmRudEdMNUtxUldm0gGyAUFVX3lxTFBoZjRsNkFMSmN4Zk1qWGJ1eTdpSk5PTGVtLU1SYTRWbC04TXA5VGE2dDBtUC13Vi12SUxRR0VnXzZlWW40a045UW5zRUJjSnNLeHhPU3RHVUx4c2xuQW5jUXlZZGwtRGdUOHppZE9vaVpZUzM0dlVDenJZWE5Qd0N5ZkdNTkg4LXEyMG5kVDNkd1diSlBvV2NIM2tMVGYxSEJEOUxvMUdhX0dPRGpJYkZzY0E?oc=5
SU.TO,2021-03-05,"Boeing, Cisco, Nikola, Oracle and More Friday Afternoon Analyst Calls",24/7 Wall St.,https://news.google.com/rss/articles/CBMirwFBVV95cUxQcExHYzFuZHZLZVdBdE15djZDdTNCaURNZ2pkeF9XRE5FbzJEVldEcXhIdG83Y19SVGF2Zm5GSU5WeEFsSW52SUhYZkJLLS12bDZINGg2MERYNVdTeGw4akduZktwYkFHYXBFVGtTaVl0cXBhSXM0d2N5X2NMekxGR21ZdUpLd001aG5vXzdxbUgtTTBsdURBTmJTY3dKa2cwell0SGRud0N6N0h4X0tF?oc=5
SU.TO,2021-03-16,"TSX falls 0.43% to 18,874.01",Reuters,https://news.google.com/rss/articles/CBMihgFBVV95cUxNNEVLTWNCLV9pdHJKUHNJTWpMd1Y1OTdsTmZHY2xIdkxQSEttclJhWkdyeGU5N0tUMlI2cmFIZ0FEY2kzNHFMMXNXcGtNNXRoM202V1lfcXNIQmZZRy1kTmVrdG5sOE1yQUR5a1BuS1VmdVVFTXhBaXZ3MFBYdTJRdFBXZlVSZw?oc=5
SU.TO,2021-03-31,Gibson Energy Announces Long-Term Agreement at its Edmonton Terminal and the Related Sanction of a Biofuels Blending Project,EnergyNow,https://news.google.com/rss/articles/CBMi6gFBVV95cUxPX1BrRS1yQWVZbHRBT3MzdEdRREc4STFkZzJOMXVRaEl6a2lUVDdKeGZheWxSbU0wSzItcjEtMW1GbHBoVlFNR0JhOU9FSHFpVzhzVEQwTVlNdzFhN25CWkZOZDVIM1BfWkd0a0ZCSlFBUGZxeW1ZTHVrWUFBS1RXTlAzZFg0Y2pPMkQ4T0RPbE94ci1qNzBWUURzeEhCQzJ0T201T0c5dzFEQjlSc245Y2hMblFlNlFEdmZVRlFlUVZtVi1iWWNxR3h3RjRKYmpTWGRsc0cwUGVNd0ZocDdHY2lOVlpMelU1VGc?oc=5
SU.TO,2021-04-01,Warren Buffett Holds Just 1% of His Wealth in Cash,Yahoo! Finance Canada,https://news.google.com/rss/articles/CBMiggFBVV95cUxNY25kUUxWRUx0aFdaTHVtSFJZZ0Jvc0dfTG9zdjZhM3htXzNXOFBzVDFocW01UUR6NXdCYV9obzNUaG54QzZtNlA4RWRZXzRDSWkweENQNGdlVjVrWm1zOGk2ZWVLbTdFN0lqTktIMVpSRzNUQUNtbnF4Umt3WEZNS0R3?oc=5
SU.TO,2021-04-01,Focus: Canada's cash-rich oil sands firms face pressure to spend on transition,Reuters,https://news.google.com/rss/articles/CBMitgFBVV95cUxNeTJvT3FzUl8wNERoMEJydWZIbWhwVXlrS181RTVGcjZ1T3FOS3Yzd25QWHNmUW43OGZoTVE1VTE1YU1TdXBZRjVMN1dDR3BoLTZOMGxHdHZDcVJTeG5IeXpxaVRFeXN5b0hCdXoyOV8zYmpOLVFVRVhSTnFvRXdxN0l4NUt4amo3YmRjTjVJbW1YcmVhS2xlbUVRVXY2TXI0VWhPaWF6andfUkpQVWNyaVhxbVc4dw?oc=5
SU.TO,2021-04-13,2 Great Canadian Stocks That Could Skyrocket in Price,Yahoo! Finance Canada,https://news.google.com/rss/articles/CBMihAFBVV95cUxNMU1HdVVUS1dIM2tsSGlSXzFzdDhqdXhWVHo5dkZrb3ZBRVVGSVlFWkZYWlNrWWYxVm5oVEoxemdjRE10T1FaVWo0cU8tNk5jY0t1amdBWmZ4NHBlUE1tTGpYc3cweURzMEpDZlBlbExtMXFSdHJHcGpoV3M5cy1KY0FRMjc?oc=5
SU.TO,2021-04-14,"Pet food factory, oil refinery and marijuana industry are among Denver’s most frequent sources of foul smells",Greeley Tribune,https://news.google.com/rss/articles/CBMif0FVX3lxTE5WQ1phT1huQV9kcHhfa1RDOVViVnBkUFNFMVhadWZqMF8tSDUybV9kRG03NXd1M3BDX3BqZEZLd1RpUzYyQ3NoczdmVEJ1LU44YVFvaE5pSzhZX1pHMVpDOUhsSlBqUUExWW9mLWJRbHdRM1FaV0ItM3JIYnM4aVU?oc=5
SU.TO,2021-04-19,The Best Is Yet To Come For The World's Hottest Oil Play,Crude Oil Prices Today | OilPrice.com,https://news.google.com/rss/articles/CBMinwFBVV95cUxPM3Nod3JFOGJfR2xYV0tXejhOT2JEakVpVmJiWjRFNmZSNnRpSjU0WkFoVjdLUFBNbDBBYVdybnNzUms3aXFPck1yS2xJZmxYQlR0cnRVWWgtR3FVV1hhbEdyZERldXdZaVE4a3RLb3dHdmdmRFBxbDRmWGFPTWVla3JkVDBKODJEWDh6UkNON2l1b2dOZzgtNzRRczhjUjjSAaQBQVVfeXFMT1B1cVhxZXRvUTBSd0hLYWowdXBXcmNxTmNlMmJiRkJEeHBGVUpoeTBFanV6WWVxelMxUmxtb2R4SGU5ZEZSWmxxaS1RN1NWMDl1a0pSaFFfbWdDQ1JLMXYwRWpTUHVic3N2NmhNVHhrN2FjUF8yNWJUMjQ5bnZlVVhsNWsyM19Uc1dvTTM4UFZ6UW1Za0F3Vmg4UktWVWdiZVFvNFU?oc=5
SU.TO,2021-04-20,Warren Buffett Owns These 5 Dividend Aristocrats. Should You?,The Motley Fool,https://news.google.com/rss/articles/CBMimAFBVV95cUxOaC00blk2el95NE5CdGxYQnozN2ZvRG9MaGI2Nm4wajROc3drT2dCNS1aMWlEN291SmxXLU1RYXVwV1pRS2dxOTViYUxBVXVKcEJQNEhRM0FybXd0Rk84SjB5bUFkRThDbld3enI2aXVWV3hMdWJ0dzJlR0p5Q0tETlpnNVlrUjVQUnNJMU9KWWcxTXRNMTdkYQ?oc=5
SU.TO,2021-04-22,Denver stinks. These 9 smelly places are to blame,Axios,https://news.google.com/rss/articles/CBMifEFVX3lxTE41S09KOTU5NmVFV1JyN2s4b2w4Nng0UDlVdnZsZW5URDhZc0ZnMUFPMS11em9MZUhuZ1hSMEdsazIwb0F5clR0bERXbVUwLTV0SjhLN2NZLVRRaEpndllfR0s5MDBqUFlxcE4wcS1OVm9rT2psMVFYMU4wWk0?oc=5
SU.TO,2021-04-23,Forget SpaceX: These Canadian Space Stocks Offer Major Growth Potential!,Yahoo! Finance Canada,https://news.google.com/rss/articles/CBMijAFBVV95cUxQVnJXNjRJLV82OE5wQ2k3M1lSamczUEh1YXFWZ1ZzWFdwRWVUT2Y0cE5HZWJDem5qeGh2QmpXM1pHb2J6WlM2TWxMcVNFWXlCaDZRN3lIVkw4OVpzcXlVWEZUbXZDT2RHTHE0QURWTC1lNUROeGs2SU5kaFRJTUVTNHoxQXhadi1YbV9LNQ?oc=5
SU.TO,2021-04-25,Copper bull: Why David Picton sees demand for the metal growing,The Globe and Mail,https://news.google.com/rss/articles/CBMiwwFBVV95cUxNVTgzdHBqakRFbjdHNXRjdFhJUFNXeHJRcnh6SkM5QVJmNXY0bEtUT2ZIVjU3TTJYcTk2OTRNNHQxSUtOMTJtZThlOVJLMG80bHllVkJXZmpad2FNWFNhYUczT1JEc19TNHV0a0VtVzZaMXJVZllzSDNvMDVoWlRSck13MlVEQTd5ZVdBQ1VOV04xV1pFRHhXX0h3V01JMnNzOHpTOEptMnQ2aC1pLXJvVk93MExXd3JJM2RSaFpMWlNpdTg?oc=5
SU.TO,2021-04-26,Cramer's lightning round: The short on ContextLogic is 'too high',CNBC,https://news.google.com/rss/articles/CBMinwFBVV95cUxQWDRGS2t1NjBQSTNoUFgxNml1eGJxOFRMTk5rOFR0YzhpMWZMbFNYRHdrUzlpZ0ljdU9Jekg4XzhVSHoyU0xaTTF4dkVwVnpobm55enVPWU1wWlo4MWxodEJrdzFaMnZ1ZW9xMGNvOG1jZUxxRkVWQmM1VFMyRXZTbHdEdFVrTXRWTW13d3Zja0x2Z0JqWGhoODdycmRxbDTSAaQBQVVfeXFMT202OElCd3lmR3BMWjhDaHk5YUd1aTlIaWpmRWxGLWVDTlc5VkVjdEFGV1lleThIRThQM2NuS2RoUU5DUmd1N09sNUx1dWhvbEdJeXlaV0FVOHR1Z3lKUGc2UG5FeVEyUDRmMFpXLUViR3U3OFV0REhxbTZ6OWRCUnpkNktDOUVLZFBfdEl4cWZES2EySDhGWTAzV0NXX2QxSGVxU1k?oc=5
SU.TO,2021-04-27,3 Canadian Stocks Warren Buffett Has Owned,Yahoo! Finance Canada,https://news.google.com/rss/articles/CBMiiAFBVV95cUxQZ3VQWTlRdGd4RC1CUXExSl84WFhScFlSWGFMaExGVjJUOGFPZ1BWSUREVVZ6S0RtZEc5VmcxSUJZUVVfT2s2aWxnN3gydmFEeVRueUZQLTlLSE1hTlV5ckh6ajNQUWlXeU00eDZ4cTllMTl3SG5mc3NHZGVZZ1NFVGRjTUNwVXdU?oc=5
SU.TO,2021-04-29,“Big five” Canadian banks provide big money to fossil fuel industry,policyalternatives.ca,https://news.google.com/rss/articles/CBMieEFVX3lxTFA0YVkzdERVdHYya21KUzdORlg4LUZOaVcyWnZYYklTWTNzcThfaVNlMV9Ha0hJRFlONTNnQ1hZZjF2LTczQU1UNWJjWkNGWkc4SkdrVnJPaWdJMU9kdnR3YlY5YmNVZWpxeWUtV1ZwOW9RWE1uMlRKdA?oc=5
SU.TO,2021-05-03,The Canadian Dollar Is FLYING high!,Yahoo! Finance Canada,https://news.google.com/rss/articles/CBMiggFBVV95cUxQMGNGbzNlUTJDWUR2a2JMQ3FjLWJLM29yWkVISUhXQkQ4RDk0NWkxbXZJMlE0MWZKOGhXSFc3Y01EYUs5Qng3dGtoYkVVT1dVc2FjM3JZQVZLN0RsbDZYN0FBaGcwT2VNSnZ1LUE0Ry1jUWdTWHVCWDZFLV9GeW8xNHZR?oc=5
SU.TO,2021-05-12,"A green metals company? Teck is betting on copper, and hoping investors don't mind a side of coal",Financial Post,https://news.google.com/rss/articles/CBMi4AFBVV95cUxNZV9MYm0zS2xLc3VlTjRMa2VORklpV2xTcHAyZERmMjhCNl9tNWF5WDhOOUp2QlQwUUd6dTYyVVNRc2pidTQ5U2tnM3dfb3hsVlB2X04taVJRYXBYUWpyYm01YU85Rm9waUhRcGhlMjZHdFJpYWZnc25qT3dvNjczNjlVYUlCcEVLX1dOc0tmdXdFMXNPMXZzNkRFb0U2ZGNaMXdGZXlkdTAxcC1ZaGpPRU8tdWMxUm9pdGhzQ3FEMzdfMzdjeUdXT3hUelF1ancteW9xaUhqZGZIb0t5MExmaA?oc=5
SU.TO,2021-05-17,Saudi sovereign fund PIF boosts U.S. equities exposure to over $15 bln,Reuters,https://news.google.com/rss/articles/CBMiugFBVV95cUxOVG1zQkc0Sk5IeXQyeTd1VHV0a1JFb2dONG5LZ1IzRjBpX2pHaU9jckc5VUtRT2ZRemdNYkxqSlNIdHR5cWhtTUU2ZkZqRnc4TE14WWdvckhXWXhwVWZoVC1mTFRzUDVIZEExWWVfZzViMEV5Sl8zeExMOVhPRXJPMXltRkdyMUp2NjNaS0VQSTluNEpkd1hzMHJYSXplNi1YNjlLUjZXZ3JHMUR4bHd6dE9aTThpT0ZjRlE?oc=5
SU.TO,2021-05-17,"Buffett’s Berkshire buys Aon, slashes Chevron and Wells Fargo",Reuters,https://news.google.com/rss/articles/CBMiogFBVV95cUxNcHEzeWhUeXVfQnF2V0RBVUVaLUxBeGlpWmRIS3dQVlU3ME9QN25FakVydkRtYTlNUzFXUHIxSnZDT291akNacEJJd010MHpWMmV0VE9aMjZNVTd3TkFBdnNyUkJnSzJlOVp3c2hnRVVhY3FmZWRiLXpNTjRDV2xrZjloRFFQR3BkOVo3WFhObGpLVnZwVEhWVmRTTWhqeXUzVnc?oc=5
SU.TO,2021-05-19,Warren Buffett Exits Suncor Stock: Here’s Why I’d Still Be a Buyer,Yahoo! Finance Canada,https://news.google.com/rss/articles/CBMiigFBVV95cUxOMnVjM1VRVDR5dFNlR2dzLVZNSk02TnZ3dkFVMHYxaVBVMkZ2TTM4QUttSHUxWEE4ZTVKdXlwd0pSb1ZmbWUzX1NsaWRCaVJfVUo1amI1TUFQZHlON1p3ZTRfWmEzWFRfNlFXbmlaYm4wdzhiY2hFdU9KZ1RNNUQ2THd1OEhKbXNtaHc?oc=5
SU.TO,2021-05-20,Saudi Arabia's Wealth Fund Boosted Its Stake in US Video-Game Makers,markets.businessinsider.com,https://news.google.com/rss/articles/CBMixwFBVV95cUxQZGVJMkNSblZwS0ExQW9OcVJoV0JZa2YzYzFGdmVyMkFSWjRyWlpiTndidFo2U0pCb09aNFpna2k5YkdCd3NJcHRkb2N1QnJuSWRRcjlIOGdEbWxfckVKZlVidTlLaGFJenRaeFU2NHBBanhtWG5LOUtIdWtDYU41SGJhMWpidHlXTWJXQWFTeTIxa056T1pUWXNRd3FOenNiNndUY2VTTjNCTmpqdDBsUHctMVQxaHJneHdveWVKRl9aRlJTenhF?oc=5
SU.TO,2021-05-24,"Why Warren Buffett, Berkshire Halved $4 Billion Chevron Stake: Experts",Business Insider,https://news.google.com/rss/articles/CBMiuAFBVV95cUxOUGJHYzJGcXNhUy1RMHUyMjBySWpEa29rM2NGVE1GcTNweFZlbHBNUFBvTnZVcEdiWEdja0hfV2VJdnlWdndaaTdzSWJtcXdUQTIycW54bzY4UHFINXVCQ09pcHBMWVA5WEU5M1FDQlU3Z2Y3VENUWm1tZHRveDdmSjY3OWI3SDRMRUt6dF9SOU5tOEdVV1N2aVhBWnNqN0JfTW1Wc2N3VmtFZG9oeUs1Q0pSTDRsVTlN?oc=5
SU.TO,2021-05-26,Canadian Pension Funds Boost Investments In Oil Sands Producers,Baystreet.ca,https://news.google.com/rss/articles/CBMisgFBVV95cUxOOGxBWHNXa3B2WW9XUkstLXlHS1NudFE3a1QtN1JRRVdBSTgtempmYjZXaEFNV3hUOC03akhremplV1lWZWFCSE8xWXRocTVvWnBJTU5kejJibmZoWEMwdEx4d0h2WFZRTzd5Q2FxNDNIRVFYZ2tNdGNLODMtRVlkeVRkZG9vMXQ3V0ZNS25oRkU3R1h1VUtHZk56eERCRm9ZX2MxUjlZdlVWTmZPTTg2Vjl30gGDAUFVX3lxTE05SW5TOEFnakt4V0xKZnljUnJqOW1jODRiVW9lcXhQcS1sYUNGOVRRRkhZZkpTcV9UdFlxNXFTLW1nM1lrZm9HQ1N6b3d1bGVtdkNIamJ5cjVWbnR2NWFna3YwQ2VDYXp4akx3ajJkeHJSVmhBVjVXb0drTUhzOXlmdTd3?oc=5
SU.TO,2021-05-30,Canada's Largest Pension Funds Stick To Lucrative Oil Sands Bets,Crude Oil Prices Today | OilPrice.com,https://news.google.com/rss/articles/CBMisAFBVV95cUxQUVlueUd3dk9nOUI4WlktWmFVYXhVR0pvTTlMVkZ1N0Y1ajhiZkdWNHhIMVUxb2RwQlFKNmxRM0VTQklfZVBWV29fWmFWTHg2clgwczJ2SjlhWC1jMHJ0dTdESjJLVWFQM2poX09YSFVmRlZJbGtONkdVRjBKV3N1bHRIQ212M2J6R0hyeTJWYzNwRzNhMFkyRWgzd0ZrUFc1bDAwbkpRbVJ0MzBzYkRNUNIBtgFBVV95cUxPSUZZMUN4S2JQZzdINnZ6N3Q3bkVtLThaaXFIdjBzYi1iWWd3ZUFra0h1QWxsQTdKZFEzbExtY1VSbTVHV1BsVld2NEhLRFRKTG0yTVViNHlZV2tVQ0tpSGQwWVlsVWRvUDBTb0M5MGV1MERURjFfOWdYTjF4Yk0xN1NjMjVqaG1wZmEtaVVMR3NDU3NZNHkxRVZ1M0R3cmMxdzVLbklHdm9KalZJMVJzMXc0aXk0dw?oc=5
SU.TO,2021-06-09,Canada’s largest oil sands producers announce unprecedented alliance to achieve net zero greenhouse gas emissions,Imperial Oil,https://news.google.com/rss/articles/CBMilAJBVV95cUxOX3puSVB6Y0VybUliRXpNUnJYMUNnNVZ6ZnVpeUNfMGVCVy1mY0lvdmNZNWIwLWl3V0lNa0FvUW51UjN3c2NqTVJxbElWSHJrVzJDV2EtREpLQXN2cFRwUzlITnBidUItazNVN1NUS3JFV1hKakFyc2dRbVpUd1JsTXBVVGs2R0t2RTQ0cGN4SFo3Q0FIOFRnRjExLVROYV83R0ZiLUFwLUhHbnh4SUg5b2dmQUVMMzVnU1hDbWFRQmtBYjJ5cVRWblNubzdOS19rUUxLc1kwTEs2S2tlSUFFY0RmS2pXRExHbHNLV18zRGFzX3c2S3IzYzdLMjh1bW5IQ19KUDVha0ZMcVk2VllTX3NhNTk?oc=5
SU.TO,2021-06-21,Most actively traded companies on the Toronto Stock Exchange,Coast Reporter,https://news.google.com/rss/articles/CBMitwFBVV95cUxQWWdRUTRSSWprLU5NQ0dtTUtQN0lOcDhXMnNxSlNnZlY5MjJKZmhmdXdLMkFsel9jblVYNlV1OV9fWk41T3VaNkY0UWk3clhuT2FqVDdjYTYxb0VONHJoelN4V1BUM0s3alNVdVVCVW4xMmwyMXFwQmR0c0xpb1B4OUp1M0F1Nm5ZemF3U2huXzRQYWpDcnlKMjJMcHZtcDZyS1JVZWJXMmxHbVgyd1Y1bDY3eHozU2M?oc=5
SU.TO,2021-06-27,Why Namibia Could Become The Biggest Oil Story of the Decade,Crude Oil Prices Today | OilPrice.com,https://news.google.com/rss/articles/CBMirAFBVV95cUxNODU1V2J1SGl2WlZOUUNXNlJhaExXQnpianJDQWFXQU1XQ1N3aVZJSDlrTEdEU210Q29EZUhIWUhjVG03WnJzZm1YQ09WeXU0ZnRHU0NvbWF3NFJvVmxwdVlDYlRzUVo2Uy02VC1ieUJIemd4MDlFWkNKU2hHcU5KQWFvOWREYTNCeEVSSEpzazYxNGR3aVRFcDFFMDJTZS1rdlZvalQ1RWJjWlJy0gGyAUFVX3lxTE1PNU5GeXM1a1BSVmszU0RFSktzOXNUZjlCUjlMbEhFZVduY1dLLUVDckZpUDlMeVp5VWJDWTltWWVjVzRldnlpc1BHYk5vTjZNallydjBQRG5uZXp2cFZMOW4tTzhOamxqU09tZVFPQzRERWt6T194UEZ0ekZBYWZmSGJEb2YyRjUwNVpHR0t2WVc5THpJNVJIeGZTaE5qZGQ5ZFRVV0J3UXJBbWN0RzRhU1E?oc=5
SU.TO,2021-07-08,The Small Exploration Company That Shocked The Oil Industry,Crude Oil Prices Today | OilPrice.com,https://news.google.com/rss/articles/CBMiqwFBVV95cUxQcXBtRFh4TnVkbHpfRnZWY1ZhZ1dNXzZjWWEycWRUbVoxenNkeDRZd2FReTF6ZW1QRWZxOGZ1d3RaaDV4dU1Eb0NaWE5rMXpjR04tWklMWFByeGRFaXBDenpCeVdhOUZFSTh0QTBBYm5oVkxkUTRMSkhGRmhULXV4WjBRSXk5SVE1WDBGSDVmVExGUjZjNnVFM2FjQXdUM2dPYllaZGQwYmZCbEHSAbABQVVfeXFMTkxnbkV1MVVhYXRycGE2bTNYS2tua21oOERhenV4SjNRVjhkT2xmSFlOQmdtWTFNVkRhNEJkYm1WSC1neUk3VjRxd1laWWtTZnFBUXVxNkJIR28xbWZRTFFlWVp2UHBNYVZFLVRiNnlNOUc1WndrZDcyd3BhcWV4d0c4ZXdRQXNleVpiYl9CTEMtNVlNU0R3UVUzSHNOU1NrQ1d0TGk2YnVXdHA0S0FnU0E?oc=5
SU.TO,2021-07-14,Oilsands assets worth $13.4 billion may be up for grabs with Big Oil on divestment spree,Financial Post,https://news.google.com/rss/articles/CBMi1wFBVV95cUxQU0gyVUx3WUpPQVA2NWRBTm1QZ19kM3VpQzZBWWY5WFVsaTE5LXphUzdpT2poamR2SjFvbW9LUkRtZXFWRHBWSjJNXzhYaHpubzZPakJUSG1kRkIyeXhtM0ljRFNZekM1OVJUV05jZE9LVUhTRXV4LVp2bTd5c0ViM2dNMzRTMXFLMGlycDFTdWNWeWprMVJOYVUtSjllSzFhZkNJLXZEckdnZ2JPNnUxTE5yNUVTZTVBUWhEcFNvcHA3MS1pcGViOGFQQjE1ZkJET1B4Zm1XWQ?oc=5
SU.TO,2021-07-22,Meet the 9 top lawyers suing governments and energy companies like Exxon over the climate crisis,Business Insider,https://news.google.com/rss/articles/CBMiqAFBVV95cUxQLXgzRGNNSHdpQkRyMmF3a25yMUZJcnBEc3p2NHpfQnR1ZGRNTWJXc2hKQWZSWXNScEgzTG9mMFBtakNGaGpmYkliVXNlWmgtSGhCU1Y1djB6QmdLRUZqa2E0QzY2RjRGU1gxR3hXeVRDRTFWajhoVURZWmpMMlp4Ri1sN0Qxd1JHR1J1cWstQjNTRUswaWNJUTVBSzNoTzR0eERDZDB3MFI?oc=5
SU.TO,2021-07-30,"Suncor raises Fort Hills mine costs, delays production ramp-up",EnergyNow,https://news.google.com/rss/articles/CBMilgFBVV95cUxNRjNFa1lsTlB2bUxnTUd2MTRpbU1reUpfRlZ0cUthdEVkZ1BDdDlTM3EyZ2hCUkFnWTZlbmlZMXpRWWJvSlE1RGFmaGJ4RUc4bmgxb0ZJUGE1Zm11d2FXMkpzczd2TndsX3NyYkNUZkxhemhRNzZLQTlEMk5fRzZQaFkxWks4Z0pDemZBZEJVMTRGZk5DMVE?oc=5
SU.TO,2021-08-06,"Water problems at Suncor Energy's massive Fort Hills mine cast shadow over stock, analysts say",Financial Post,https://news.google.com/rss/articles/CBMiwAFBVV95cUxNMDc2eHBKZFRpOG1QRmtEYmFXTFVKNGRRTFVRZ1hCY1lQd3dRaHJuLXdRTU1WZGwwMVFPRVRNLWNSQWNkbk1IandVbXNNLS1mOWhDZUV6UU9LUkIxT055X091b282V2UyamxJQXY0ZmtnMVRkcWJsVTRIUTU5VmFrRldXU2dNaF94elFEOFZxQXNTMU5YRkRTM1EyLUJYbTZqd0xjaFVpNktMZjEwSENOejJyZUtZNEZfWkVkby1fLXM?oc=5
SU.TO,2021-08-16,5 Things You Need To Know About The World's Hottest Oil Play,Crude Oil Prices Today | OilPrice.com,https://news.google.com/rss/articles/CBMiqwFBVV95cUxQRkNmTVF3NHZ2R0t1dk94M0VJRWpSM2FwUUl5UnVBdDRob2JrT3hSVUlIVUxicXFvSjcySXRLeVRhN0VBQ2lZdkZFQ054Y1UwS0hkZE9jdFRyN003dXVGbUQ2SlBrODRwcV9iY0ZYS1E2T1RhRmlHeWVVenhlU0hFaGQxbGFhSFRMM3BWeUpIMkFEaDdLdUZkT0Z5aGgwUEZLVGVBd3RWVDkxbHfSAbABQVVfeXFMTTNzWm9nMWs0ZjJ1U19WX0w3cFlXS2hZc3psZFBvTVlGdGE0d0N5WDFjdURhQnNORGQ4ZDdhMnJVTXd6aFpETllkSXJyNWVZNHBBcTUtQVpsT09yMHNLVUNYa1FNd0FYc1ZULUlPdFZ2VFVsTEFWWlI0eTltX2h2SjQzN09XTjRDRHBnaXdsa0VHRDczX29FY1FFQWhmenNudTNmemc3YkR0QUpWQ2l4V04?oc=5
SU.TO,2021-08-20,"Suncor Stock vs. CNQ Stock: Buy, Hold, or Sell?",Yahoo! Finance Canada,https://news.google.com/rss/articles/CBMif0FVX3lxTE91eUU1cTVwMTJiU1JjLTl2SU4wdnhiNVlKYkZqSUkwOTlDUlBFZmNfZm9mbU9IYjZLQkc5TmFVMVhJSWZJZ0pPSW1zU1cxR1Q4elYtd2NKaXdsN3hDbENDTjM4MlJIMjJ4WE5uWGdkSzZWcklieXVQQjZITXZ0bm8?oc=5
SU.TO,2021-09-01,Birchcliff the envy of oil and gas mid-caps as it gets set to rejoin TSX index,Financial Post,https://news.google.com/rss/articles/CBMizwFBVV95cUxPZnM1Tl9PYWR3SVNKV2Vsa0xrdk11TFdvdS1QLUtYVTVvLWg2RzF2SGo5aHg0RmZZYXpDcGRDNE5GX2Y0eVloNXkxbjhhdU9mOGIzcGFzQkV5S3F5bWZJdGlUR2tpSUYxbm5nN2lILUZzc3JITUZ3eEtpUllodmxDNkk3OHktVi00ZUIwZ2Q0ekFqc0M4cjZiSy1iUDlXRkdONlhReE5lSHNNVFNSYVZWN3d5ZzEyUThDMU1GMkZ3cUFRLVhpcW55NGVtRXdjZlU?oc=5
SU.TO,2021-09-09,Suncor Reaches Deal to Extend Life of Terra Nova Project,VOCM,https://news.google.com/rss/articles/CBMie0FVX3lxTE9NNm5PVG1Kb0F4UmNmRUU1dUhmUDI4aC1Nc0I2SThOOXlxRXJ6WHprOHBqbE0zVmtpMmszRUxabGFTckZPT09GWlVjTmlKUVNCNlVzY0NCRWtaaEdaOXp4UkZnamRfMXNHSFdfWFBYWDFRdFhKT0pYN2pZRQ?oc=5
SU.TO,2021-09-16,Suncor Energy forms partnership with eight Indigenous communities in the Regional Municipality of Wood Buffalo to acquire an equity interest in the Northern Courier Pipeline,EnergyNow,https://news.google.com/rss/articles/CBMiqwJBVV95cUxOOGxmYzh1aFhYa18wQlNsSTNjd0wwV2FfVFBuSDJ2V0pmUmZHQlZCUDhXME1tZ1FYWWxfd3QtUjIyQUhSUVQzN3JUWEFyZ3d5RVhNeGdPaklBNjZCbkFNek00LUd5ZXI3ckJMX3c2YzBaQ1MzSzM1akdqb2w3QTJMcWM2SXZrR1p6U3MyeWlIM1dkZlhmRnZkT2Ewc2YzV2w2eXgzZ2NndXhzaVNhMUxpN0M0NV9zb2FIXzRYTEtWbk9DRFkwY1NMNGJDd2tzYUVGZVBlSDJVNkdXS19Nc09wSWN0bExabDRoWjJPcVMydlZXdWlnMGtUVXNxellCMnNXOTZxM0M4WFdpZ1B5aHR1WkR0OWtsUWltT19VejZrbVdTa2IzMWc0N0h0SQ?oc=5
SU.TO,2021-09-20,Suncor Energy forms historic partnership with eight Indigenous communities,Canadian Occupational Safety,https://news.google.com/rss/articles/CBMixAFBVV95cUxQNS00TUw4ZkZmTlNUNFFjQ2RYaGJPa2lWYnc1UGhTRGpHZDRjUDVCczZMM1Y0eDN4VEJFZDhwSXVIa180RzA2ZnVJd1pidkdoeEM0Y214UWRUQmZ2S2dEOEV0VHRJZnlqdkVvNGpIdXdJY0FzM1FJMGZ1YTZVVjFDZnAtWkFZRTFDR04zVmVzVHlVTmp1OElDQ0pNR085TFRLNDNuZ0ZuWnBvR2hIMDJlcXVUMGZFZnNoU0lfVWwwRHpITEFH?oc=5
SU.TO,2021-10-01,Suncor assumes operatorship of Syncrude,BOE Report,https://news.google.com/rss/articles/CBMifkFVX3lxTE14cUpCZFdZY05aMlQxTXU1Ul9XV2hTY3Q5NWpOQ1c0a2ZWTWJsYnFjdkV4N1RZb3Y2eUNxT1ZpdGpXeEpQbmFqT3hWOUFTNWN6NkRuQ3gyU2t6QnQxX04yZjhaUUg2Y0E2OU5SbFdCT3N3MXNBNjBHakxUVEJwQdIBgwFBVV95cUxPTnVFZjVLQ2NKOER5Qy1PbU5CT29ac3M4cURDN2JaVFA1SDRLdktLMHI1Ynhad0x6bmFZdDZWUW1PYTVvU1ZQSnJDLVYwV0JtRVUzelFlWkFTcUJMWVZGdTUtZTJrZHpJaUJOeUQwWUZxV0N4c19hRE9RSnFRUktqYmdYNA?oc=5
SU.TO,2021-10-05,Why Goodfood Market (TSX:FOOD) Stock Is Down More Than 25% in 2021,Yahoo! Finance Canada,https://news.google.com/rss/articles/CBMigwFBVV95cUxPR203em1MbUw4djlNTHdYZFZfNzdkY1Z1OVN1b2pTbFBPVV84NzdNQkxWaW82dVZXbDZ2ZzF0NE5qTldkV3djMTVpVUkzNWRCeDJYN21LTEhxNzZZTTZtejQtUHB5SUhOOXRUZGNjRUZlUzV5X08zVUlVY1dGN3V1N0pVYw?oc=5
SU.TO,2021-10-21,3 Top ETFs That Offer Exposure to the Hot Oil and Gas Sector,Yahoo! Finance Canada,https://news.google.com/rss/articles/CBMif0FVX3lxTE82VmpOTmtIM2JJQ1Y3REpUeVhFQXlNR3pLSnc5NGQ1d1MxNFMwSF9BV2tkZzhHbG1KdUhXek9pZkdnQkZ4aFRhdnE4VG5yanZWV1NVTXM5NWVjcU1DY3pEYll0eHZ4blQxdjBLQzEyRTRKRGhTNEVhMmwxT2RpazQ?oc=5
SU.TO,2021-10-21,Oil Sands Pathways alliance outlines three-phase plan to achieve goal of net zero emissions,PR Newswire Canada,https://news.google.com/rss/articles/CBMi3AFBVV95cUxOQWFmNUhPSHNtcjB6YmZUYTNkNnpwVzRRVFpKX3B1UE1XWmYzaE1YbUhNNDltd1RlVjhJOGRaSWRaY1JHREhock9sY0NqTnhDZ1ZFZEN5YngzbVhMRWdGREZaV3VCbDBaSnJGV0FqVkhDU05sYjBmWGJ4TDZXYjc3NXE5dGtnakpIWFc5Rms2bU5UNUNuM0F1RnRCZWV6dDg3MEZSMWR0azZFVnZYTXN0bHNkUHdmR3lBRnZXUWpwZmNoaXZ1TWpVYVBIXzJMVkJpekZ1eW1iOUZWWEdx?oc=5
SU.TO,2021-10-28,Suncor is doubling its dividend and boosting share buybacks as it swings to profitability,Financial Post,https://news.google.com/rss/articles/CBMi2gFBVV95cUxQbnV0bUhnb1JVdm5KTjRJTVhjVTRDYXJrNlpwNE5ZVnVUVk1uZXVsYkk5TjQ5OGNmdGZSS0hIVU5JanVPa3hIVm5WYmFVT0ZkenI0S1ZJeEJ0anpOMjNkdjhJMXB2YTNLVnlsUTBNT2g1MndQalcweTE5WDRIa0Vsendoc25NX1RNVWl3bWdYNUpUdVIxRnllM0NQZ3hNZmpSbEVncm9oWWlxd0djeDJPWmVTaWhxS2dFelY2VU9vZG5tS3BwTFU2WDVxOC12MmcyLTN0bTlJS3MwQQ?oc=5
SU.TO,2021-10-31,"Exxon Mobil’s strategy: Be a lean, mean cash machine",Livemint,https://news.google.com/rss/articles/CBMirwFBVV95cUxQMnhzSFZEWEd1bmY3Q0ZxRG9FYS12M3l3RzNWMXFlVkVFa1NLZzEzTUczM0xNR2h1VEoyRXh0V0tyTDFIc0h3THdTaUNkOElWMWlCZzJQdUEtYms1WkJtRGV0LUk4dDYwaTNSb0h4N25GZkRuanlCdHJQTGZRTGJLS1FXVk9sRVhUNzZpcktkVVZFZ2V5MFJuSGVoVllzX2g5em9VMzhqQVlnNnh2VEZn0gG0AUFVX3lxTE50Y3FEQ3pzYTBMdkdvckcxOHlaRVEyal80d0tUUzE1QUI4a3dfb3c1cGQ4djAyS2tqOG5UNWpIdjF3R204Rnd1M1FOREN4bFJXd2Zsb3lTYkVRU01STjE5cnc3ZUhOZHBKRkxfdzY1eV8yTXk1ZGkyenl1aEZIank4aVliZ05kS0ZLd2JEbHc5c3dlNGFJVG1xWXN3WVhsYUtlb2R2Sng5NTczb2VEQWhEX01wcQ?oc=5
SU.TO,2021-11-03,ConocoPhillips Canada joins Oil Sands Pathways to Net Zero alliance,PR Newswire Canada,https://news.google.com/rss/articles/CBMivAFBVV95cUxPYkE1MEs0N2F4ZVlUMVB4OTZfdU9ab0xwTl9fUUVtR004QV9RQi1ydkJBNzlLVUdzZ1Nnd1M4aUZINUFuN1hId2tjbHNoODZqN09MMFVtY2RWcDRyLU55QmowWjUtTFpTSFQ1MjlKR3h5WFRvSzFuODh4VkVtRW5lTk95QUs4SjdIT2x2V2Y3dzdaUU1OSUJaaWJkUWh5UEJ2QUw0Yk9tVlJoTl9DR3d5aVo3bS1UVnpMVGt3Zw?oc=5
SU.TO,2021-11-16,ETFs to own in a rising interest-rate environment,The Globe and Mail,https://news.google.com/rss/articles/CBMiogFBVV95cUxPMTFJYVhBcGE4TU1hUEdsZFplcldZNEFTdjd6THltMUFsVG1fUXJhQ2ZmYi04NWxNUThoZ0FMR0tFVGpQaVpxT1l4cWo2UTRqWFh4Yl96WmwtdFduNnJ6eXZvQkdTSFFsMWNWTk1aVDZUTlR3LUJOOU9Yd1VLckl2U08yakF2ZXpxd2I5R1VIdWp2Z2pJRmY2YmtsZDhqVkctdWc?oc=5
SU.TO,2021-11-17,"EXCLUSIVE U.S. asks Japan, China, others to consider tapping oil reserves -sources",Reuters,https://news.google.com/rss/articles/CBMiwgFBVV95cUxPQU81N09lUmhqNThrUTJyUXRJVVItR21saloyU2VCS3I5aWVJaUVXQ3Vtb1VyVFVvZFQ1VU9OZG9RdFJrNWl6eGxtMmJqUldMWmtJY2tSdTkzak1nZkdxWkM3ZUdaeEcwTWVad3dTS2NhUHFyVXBSMTFxeTBaU3JfVU5ZLVROOEQxN1k5dC1sMlIzb3c1NExCU2U0RXdMeDZDeDc1Rmh6OWx4QW13R0thUVpLbENtY2hDT05qaVhpYUREZw?oc=5
SU.TO,2021-11-19,Five Simple Rules To Be the Absolute Worst Stock Picker,Wealthsimple,https://news.google.com/rss/articles/CBMib0FVX3lxTE91X2hZWEdjcW5uRzQ2bi1FY1FNeXMwU3pBNWRUaDRNcmE0a3FSRGRPdlp4T2R1YUk3cHpKOHppWnFUTXVUZzk4eVNkVEd2eDNXMmprRDJxZmFQdDVmZDIzZ09BYWtzVkNKWTJ6Um51OA?oc=5
SU.TO,2021-11-22,"Eric Nuttall, a partner at Ninepoint Energy Fund, on why he believes the oil party is just getting started",The Globe and Mail,https://news.google.com/rss/articles/CBMizgFBVV95cUxOTmc1NTZJYy1GMzVhYmVIaEM4TThKc1llRXlUYlZPd2FZeDIycUROVkowenBiRVJIbWlvTEVEdi1MYkJwczI3d3pGaUV5LTNZS1lETkJZZWZMYW1vUUxUQ2ptWlFLWFFfU2pNcktTbnptaTU4VTN5UU5ZTkx0LUhmSHBfWjFfRklIRUZJMDA5bV9XQTk4Vnh0MUNtM3hiemdjMXl1b21iQlpHeS1rVDFkclFxcVhUaEdpU180cktmQzh1UG9sdU1zOVRxdGdtdw?oc=5
SU.TO,2021-11-24,Kraken Robotics stock buoyed by Newfoundland oil and gas contracts,PNI Atlantic News,https://news.google.com/rss/articles/CBMiuAFBVV95cUxQaUR1LWViS0wxU2tndUxJWFc0N0hQOXZidjNBXzVHTDB0Q3ZZMG4wWGRwUllvcTV4bUMtQ0MwMi1KUk1aZ2FDMjRFTVFiamtZdUE3Z2JyZzJsY2Y4YzEyY091enEyUk1CRDctSkVMRTdraHYtSzVVNE4yM01iUVNaV0tSQnVRWEQwcDdJS0RxbHN0a0EzX2plUjY1LTAydHlkeWk2NVVYaU1LVGR0a3ZqZmxreWNqQmp3?oc=5
SU.TO,2021-11-26,Why Did Suncor Energy (TSX:SU) Stock Fall Over 8% Today?,Yahoo! Finance Canada,https://news.google.com/rss/articles/CBMif0FVX3lxTE81T3hxdHV6ZWFOMzZkV1hxb28zN2V3Q04wSWc5aURxellSTk9rVUJNVC1HVDlES2dKcHZ3S2g0N0VlQnVmX3hITUZtTWQyZkdpRmdCa2ZxRjNyVlZpSzVUbTdxMlRXa3VfNHpCVGJOUnFsU3RwRjRfOE94Z0lUMEk?oc=5
SU.TO,2021-11-29,UK North Sea: CNOOC Brings Online Buzzard Phase II,Offshore Engineer Magazine,https://news.google.com/rss/articles/CBMikAFBVV95cUxQWHZkOTJOS3JIUUhkOVhOdG9JMFZJZi1kbW9RTzJkd2x3dWpPaEs1aXJtdmJxX21PU0JicEl4MTN2YlB3dHB6eExINFpnVGt2enpkVm4wSjJ1eEJFaGJwSzBQVTcwSlRvcVFybXZHUkZNVjJGdUlfWjlBclNKWXV3dGFsUUZQTWw4OS1mRXpibl8?oc=5
SU.TO,2021-12-13,Suncor Energy announces 2022 production outlook and capital program,EnergyNow,https://news.google.com/rss/articles/CBMingFBVV95cUxOTHhrNFVDNkxTSXUzWk9DdW5aSFFlaWhxT0tCRkxnU3pQaEVTX1BGbE1jWHhGOXl4OFNOWUIxV1RxaGs1ZzFuQ0ltUnpUVFBOMHpEYlFSUnJ6cEs1cjFpSG5EOXNuYldvZ1E3bnZwSlluMTRRYmN6ZTczUmNodjFNOG9NN3AzUG1SWDVVd3BpT0hoOHVvb1FWRjR0bU5ndw?oc=5
SU.TO,2021-12-16,Green Investing Is Having Its Moment in the Sun. Can It Help Save the Planet?,The Walrus,https://news.google.com/rss/articles/CBMiTkFVX3lxTE9wVGdDSFVjbGoybi1zTktpWVFYV0R2eUxPTlRFeEt2eU1pN21tbTV6cENEM0tqMXdRbTNDWHpmcjFKeDBESjR0Q19sRnVsQQ?oc=5
SU.TO,2021-12-30,Passive Income: How to Earn $30/Day While You Sleep,Yahoo! Finance Canada,https://news.google.com/rss/articles/CBMigAFBVV95cUxOWDVrZDFrU1l0YUVJTGtKMmxqSkZWWWx1a2Z0enhZTXlXZ3BXZThjemFKbUNyWVRXa0hTakhCYzJCZ2ZyQlNvbzlVS0pqRm82SHpXdmV0cE9QN3dBQkVDWHJjVEtleHM4aklDSkVUU0JMb3hNRWsxaG1wRWtmcTQyMA?oc=5
SU.TO,2021-12-31,The 4 Biggest Stock Market Winners of 2021,Yahoo! Finance Canada,https://news.google.com/rss/articles/CBMihgFBVV95cUxPZ2t0NDNvZnRaSXZHZU1faGY4dmJFS1hyS29QUU5FTkxUUGtvNU5nRFhuZTNrdTRzTFpMZlA2R2NEZUZ6U0hNTTBqMUtBUkEzRGVKNHV1TTNxTUZGby11b05aZEI4U3FMYTl1Rl9PTEVsM2d0UlJHVmFHSWZLRnFTTnhTNGkxQQ?oc=5
SU.TO,2022-01-03,Why Cenovus Energy (TSX:CVE) Stock Surged 100% in 2021!,The Motley Fool Canada,https://news.google.com/rss/articles/CBMiigFBVV95cUxNSmdBVFFna01Ebi1uT3dQNnkxYUh5RDJVeGV1RVpPZWFmVFgtRUIyYUV2eldkVW5YRDdtU3VkclZXcWN3TXV3TmVucWVBa0JMMjhVcUNCR3NRS2hhNS02djNPNG5LR2dNOU1sd3B2RHpfWl9KdDlGdThUMWRrdkVBUERSQThyQmhrSnc?oc=5
SU.TO,2022-01-04,How to Invest in Oil and Gas,Investing News Network,https://news.google.com/rss/articles/CBMitgFBVV95cUxPWU5DZmhvaTFGaDNrSGlFUkhJMTJfSEk5c2U4WWRkSEJHNTFDNC0tOXNvcURhZ2Z3U0I4a01ibU9qcXA3ejNvYzNlQjl2eWRzZzdKVlNzQ3RrRklYRW1nZGVsWHFvb0JxV1d6Q1AtMzF6MWs4S2xvdGJ0aURxZFVtYWNTZDJPcUp2ODc2THlIQU9KNTI2NFA2a1Fzck1UeTFaUS04LTNHYkNNVFNEU3pXV0hTVGswZw?oc=5
SU.TO,2022-01-12,2 Easy Ways for Canadians to Invest in the S&P 500 and NASDAQ 100,Yahoo! Finance Canada,https://news.google.com/rss/articles/CBMigwFBVV95cUxOQlVBTUZFaGNyMjRwOFEwNThNYUc5LWtJZFhUV0FsNndlRWY4eDRKV2RsTzVVdnRTTVY0MGtodm9QV2djMnJoMGstWHhaWHc5UkkyQWJvNzA5VVd0MjVsYXJUNTlyM1doS3dwWUZva3NiQ2hObXhhRlQzc1o2aldjaV9rQQ?oc=5
SU.TO,2022-01-12,5 Predictions for the Canadian Stock Market in 2022,The Motley Fool Canada,https://news.google.com/rss/articles/CBMiiwFBVV95cUxNR2xGYTRzZ2s3enEyWjdHaFdHNFV3SjMwak9kSWN4Nm1ONGRTWUs0Z1JrZE85RFp6ZW13eXRFa043SjFLYWtQaklRdTJ4NzBEajdkbFlTZXFSTnFDUmdIVHgwbjFxNU0tSWNqWnpieVlqTTJ3cFhORm5wcEZfQ04tLWNYRjVPbFlTZk5J?oc=5
SU.TO,2022-01-12,The 3 Best ETFs for Energy Companies in Canada,Yahoo! Finance Canada,https://news.google.com/rss/articles/CBMigwFBVV95cUxQNFRkTVp5RFFYVVgxUTVSMkFLTlhYOU1Kb1BEd3p6aFFSODk1d2RpRm0yZ1BRYUFWdmJlX1g4MWFVU1hJYXFtUnB6U29TS1VuT0RZUW9FWm9tSHdtWEhpS1FHYnA3U3Q3TUFmRnE0d1lFeGk0dlJKWnNTeFRmVTVlWk1pRQ?oc=5
SU.TO,2022-01-13,Want to Invest in Water? Here’s How to Do it,Yahoo! Finance Canada,https://news.google.com/rss/articles/CBMidEFVX3lxTE9jT0N6Y1NKaEJTc0g4cDJtMVlkZXhBQWI5Q1lTVzFXMl9uQjdxWXREVEI4Q2hSdmJORmwxM0pjQmtUNV9mcTVTcWw5cHlORUdVdV9BS3B0ZWdyNkJJNlVvUEg5REtURFNBRk94ek1La0tUeTVP?oc=5
SU.TO,2022-01-13,One of the World’s Dirtiest Oil Patches Is Pumping More Than Ever,wsj.com,https://news.google.com/rss/articles/CBMimAFBVV95cUxQdkJHdFZ6RUZTVW1lcVlmQTJlVEYyTjBSUnBkSWxXQnNNQXpPZ3g1Nzdac3Q1NkNQT2RheFliNDA2NzFIUHo1Wm9OcVJsRUFJX1BFLXRSSENOWDBHU1RxamZySGhDWXMzQzdFd2tXcGxyUkRvSjF0ZTFyUlZEdlgtYlpOZGdua0NaVHJaN1h0dE5Gcll6R2lTMg?oc=5
SU.TO,2022-01-15,Why I’d Choose Enbridge (TSX:ENB) Over an Energy ETF in 2022,Yahoo! Finance Canada,https://news.google.com/rss/articles/CBMif0FVX3lxTE1jYl9CWmtUb19na2xMLVFGWEh6aW5QeWxZQkluUlRiR3k4aGIxM3Ezb1RBbDBqRUJLeVBkZmUweG1yalZtNHF5ampIcG1JcHdBRGh6LWRFck1MOGlYc1ZiR2I2ZkhmOFg1WVdpVG92T2w1QU9iWUI1LWFiRUZZelU?oc=5
SU.TO,2022-01-16,Dividend Aristocrat vs. Dividend ETF: Which Offers Better Income Safety?,Yahoo! Finance Canada,https://news.google.com/rss/articles/CBMijAFBVV95cUxPOFI5M3dHZXh6YndQaXNTVFJfNHoxdTExaEdrdnJUMFBaeG1rSElvZENsbC0xeWZqMGZMRjJCMDZkUVVOSEszVGJORWdienl3dWJ0dHNuTkRtZEV6dDQtVFRFYUcwaVI5M1FtRmhYU2w0Z2R1Y203dk9BUmNNRUY2T3dFQ1NFeUwybFpUcQ?oc=5
SU.TO,2022-01-19,CP Rail to ‘significantly expand’ hydrogen train project,Yahoo! Finance Canada,https://news.google.com/rss/articles/CBMiogFBVV95cUxQNWlFX042ODJmcEVkcWhfOXc4QzFNXzQzcTVQbXpHeVAyYlFPLW1jc2lPbVFIRGtUS0d0WEdmTnF0SHJKdm83VWdZb1U3dEJ4NzAxQ2FuOXBKcFpsb3JLOE1ZNXVJZHFPUExNZ3oyVTlIWWFjTWs1eVZVNjF0M25VM09LeXpQdFRQd25uRHhJNUxCQVpkU0dPZnJmcnZrMFlwbXc?oc=5
SU.TO,2022-02-07,Can you buy GoFundMe stock?,Kalkine Media,https://news.google.com/rss/articles/CBMie0FVX3lxTFBxU3FUNlZXQVNWcFVVb3hoQkNsdUlCdHdzd0x3VUJQNXY4TkV1dHJ3MW9IeW1YLTNsVXAxYXV1aXRTZG14aURVQ0N3VkxCNnRSeHFoelNibHlhQkpLNDNBVHY5Vm54VDc2a2dPQTNKQjBURk9nZDlncG8wcw?oc=5
SU.TO,2022-02-10,Canadian oil barrels head out of the U.S. Gulf in record numbers,Reuters,https://news.google.com/rss/articles/CBMipwFBVV95cUxPaHVxWUgyQmNoVXVzN2JleXZKRXNQOE5KbUFHUnRLeDhUcEZxNWFpWWxMVmFGZElyMnVaZW9Xd0haLWlVVGUtRHNmTkgwOW9naUI0Mk1pcG5xZWJ1QU9SWGNTM3NuNEw0VU5EV2ZHQ0dWNXV4VnhlNkhtX0xic19JOUstdlpraFRFZ000QjhpSkRoTDh3cmFKekRxcUV2NHVwOEE4d0lQUQ?oc=5
SU.TO,2022-02-13,3 Big-Dividend ETFs Yielding More Than 7%,Yahoo! Finance Canada,https://news.google.com/rss/articles/CBMigwFBVV95cUxNaEh2dHZsZmd0dkwzT1JxZ0k3ekNzRGUtc2UyNzJFTU1jT3hkUkxDaDhvbTF0dzBkMUlPS3VLWjdNMWdBRnpsUW9RejNNQVpsSnduOWZPTzJaVU80Wk9NVTBXMVhUeUQ2ODhMVnlXNE12UGdKdnBFZ003dTJnWjFXZF9mbw?oc=5
SU.TO,2022-02-17,2 Vanguard ETFs Every Canadian Investor Should Own,The Motley Fool Canada,https://news.google.com/rss/articles/CBMiigFBVV95cUxOeGVDTnd6STRfUjhZTW5MVWpLdHdNMXYyUDA3dGVzN2hCUHl2T0hEbEpOaEs4OUhqR3BhcEtIcENucjh0VXZpS0ItQkFvcXBaOVFDS18tVV9wWFFxWFNKb0NJSVJwTTUydGdZZmlpTXVjakNSZXlHbnVpQ19nck50OXZHM1M5SHI1eGc?oc=5
SU.TO,2022-02-28,War Is No Time to Panic Sell Stocks,Yahoo! Finance Canada,https://news.google.com/rss/articles/CBMie0FVX3lxTE5fenFzVDBwNl9idzJyOGNkc05CQlVRTkZwWFh5SVdGZWRWZEZaYldURjd3bnpvVWN4bVNPM2NKenF5Mk5Mb3lzempaMVB4cXlkWldadVIyYV9JZ2docG8ybFRhNUZrNjlEV19mQjh4SjZpSnFnWVBnVmxPbw?oc=5
SU.TO,2022-03-02,Opinion: Canada can help wean Europe off Russian energy. But do we have the will to do it?,Financial Post,https://news.google.com/rss/articles/CBMi1wFBVV95cUxOQkxpeGFOQkVLb0k4Q21qQ0o1Wmxxd2Ntc29mR1lWS0tNQ2FrTWZ3UGtqVGZicERUOGJkZW1CdWcxXzd4aXhDQVBQSFFGTkNkR0htaVEwc2pXRUQxZGEzQS1Wa0VJX1R2S2Z3eF9kU1dzdGljOExPMlowWU1uMF9FeHBTVjRJMmUtQ3htanN6TFRvQUJPWmZxODNIWHNVVkc1UWNiNVZuUmZPRTFUQ3lpUUlCMlhMTDVvQ2lTa2J4NE51ZGNhSFFYU0NqaW50RmNrREhzdkdfWQ?oc=5
SU.TO,2022-03-03,"As world scrambles for oil, Canadian producers reluctant to spend on growth",Reuters,https://news.google.com/rss/articles/CBMiswFBVV95cUxQSWdMMWJjVmhYT242NEFTM1IyclViMVJha1pIaHk4eE9zcUR0TXlFRnhKYzdEX25vWHEwVFBxZXQ0czM1NDc4eHNnUzk2SWthSnp2ZmpxbTRpeW1XQzlnLVdSMURyR2RjeHp1NXdrMUFpb0ZZZ0FPeDZVQjJoVXZxVFJrcFI0TGh0V3dBUW5uVFZaMVd4OWdOY1VkUGNPZEotZzVjSWlzcnk0eU9LUEtkcnZaWQ?oc=5
SU.TO,2022-03-03,WestJet Buys Rival Sunwing Airlines as Travel Restrictions Ease,Yahoo! Finance Canada,https://news.google.com/rss/articles/CBMijAFBVV95cUxQR3lVUWc5TUVGdDkwUXFWXzQ0ZUt1Nkp6RWFzVzFLT2Y0VE1WTVF2OURVZF9Qa2FmSHdiU2QxM1FBMkpCWUNJbmo2ellLLWZhVk9iYjdDS3kwLXlvMkY3eGdGZDlwVkpwQXNfQ0R1QVR0alBIQkVNQzlfNUZTUTJ4NXZwTlR3eUF4b09xcA?oc=5
SU.TO,2022-03-05,S&P 500 ETFs: Should Canadians Buy Hedged or Unhedged?,Yahoo! Finance Canada,https://news.google.com/rss/articles/CBMifkFVX3lxTE54aHNlR3VuazFPZWdHLW5jU210RWFKNlh3TzNMY09Fb3k4NDlRYWxMSXpLWk5nRndtekF0ak1kVFZaNzhReUI0VTFBbU9jdTBLSnYzN1VvU3l2SHE3X2JTR18zVWlPVVdjN1BPamN3UWJGTHhuZWFNVm9ZV05PUQ?oc=5
SU.TO,2022-03-10,Suncor Energy CEO: Canada can help U.S. replace Russian oil imports,CNBC,https://news.google.com/rss/articles/CBMiqwFBVV95cUxOVFRVZzJoeGVZWnZVRnNIZTM1MVdGWWliWFk0VC04RndpZURqR3RQRUJ3Tkt1b2sxLVRjZVQwRVd6aF9lOEV2WHNvX1ZZeXhaMmZIMWQxZjc5TnNoVDJRbFgtRkxrMUZFekFCRUVSRm5abzFYcEZ2OEI4TUExQklRZWJMWktRY1RSTVZzamNfQVFsbXZDbUJpWWl3TVZoQjEwZ2RaUGYwRFM0cTA?oc=5
SU.TO,2022-03-17,40 Best Stocks In Canada (Sep 2026): The Ultimate List,Wealth Awesome,https://news.google.com/rss/articles/CBMiW0FVX3lxTFBNU3VjYjJneHFRRm9YRTNnS3dTc1Yyay1iOUpYemc4MFJCYW0wcVhCSmhjZFBkRUVGVlNYN05IcWlxaTBnVmVHMllFdEVZRS1fYzlqYS1EZE9BWHM?oc=5
SU.TO,2022-03-22,Suncor’s Troubled Mining Unit Gains New Leader from LNG Canada,EnergyNow,https://news.google.com/rss/articles/CBMilgFBVV95cUxPTUI2bGN3MFlHOGRkZmNSd0RwTkRoSW12ZmtCTkduRmV3WENlQjZlaE84bUpsNk9wZjFKWE8tVkhubmtGQmFLMVNZV3g3NVdtN1JpNGdvbnAtQm9fUHpZQWc4SHNYOC1JRmJ2OGJnSWJTek1sWkZJQ09JT1V0QWpOQlZodHN6UVYzaS1KamhtZnJad2pTbHc?oc=5
SU.TO,2022-03-23,Suncor and TC Energy lobby to delay climate transparency rules,thenarwhal.ca,https://news.google.com/rss/articles/CBMiZkFVX3lxTFBGb1pjQTBCSDJaUTMxSVhHNW16S2duSS0zYVpXT21tOFlIWWVhZUhUOVI0WUt1MGpOczFQOVBvTmc1QjU5ZW1aTFFwR3A1MXBmcnpqMmdPMXhYSk5UTVg0aTZxZmNvZw?oc=5
SU.TO,2022-03-27,No Time to Invest? Buy Any of These 3 BlackRock ETF Portfolios to Be Set for Life,Yahoo! Finance Canada,https://news.google.com/rss/articles/CBMieEFVX3lxTE1Lak9nMWswdUdkVHBvbDJHcEN2TVpUcXUxdDdKd0JBU0NGajByYmlTRnNpelRwc1dkNkZ5US1PNW9wOTFWWVFMNWNDVzRuSEQyaHZLTFpDeEh2VURlcnk0anNVd3FkdVVJQ2xMNGNONnFETE81dFFhSQ?oc=5
SU.TO,2022-03-29,Why the EPA objected to parts of Colorado’s newest Suncor air pollution permit,Colorado Public Radio,https://news.google.com/rss/articles/CBMif0FVX3lxTE9VU1RUZ19QVXRNRmhfSHd4M2IzWFplQlVuV1l4SWppYXFjTmV6eUVrTVk2NW1IZmFyVk93cUpYcFZja0lvS3c4d1FiUmcweU9LQ3hfMDlmQmxNajZvcEdBeVVkai00Nm8xdjctSlJILTd1SXl2TW5Lemtld2tscHM?oc=5
SU.TO,2022-04-06,Suncor Shares Go From First to Worst in Canada Oil-Sands Boom,Bloomberg.com,https://news.google.com/rss/articles/CBMisgFBVV95cUxQY3RhY1hHTWI0dW9YcXFIZS1hUjdHOUxDRW9OZ28tXzJtOHZFRkk0MzZHTGNEZ3VNVG1jM0hDS3N6enRKa0hpd19kZDRhdG0tWTNBVVVLWTRZcERNVGpMaUxDSFBnZDVGbVhZQVY5Z3B1bS1mdllzaUpjYWZSYzdLVWU5UlNXeWJwb1pnX1QtRVJ6cUdPZGdOdHA4aHpEMm9MQXFnVzZNRHVRbl9IRDVDbGZB?oc=5
SU.TO,2022-04-06,VEQT vs XEQT: Which ETF Portfolio Is the Better Buy for Canadian Investors?,Yahoo! Finance Canada,https://news.google.com/rss/articles/CBMigAFBVV95cUxPNHh6WWd4bjJ4dTItdkFSSDJMSUZzbU9YY2dXN2VNb3psZFFMdEZ6S2tGUkVxWUlpOVpSN2xoaUJ6TGNzMlRyQnA3MGllbWFvX3BDdXZHUFNMUEV2Rnl4ZGZMRk9fSkIzTGFjREpjU3IxTmFiYmthaF9JM0o1QWRFQQ?oc=5
SU.TO,2022-04-06,VXC vs. XAW: Which Global ETF Portfolio Is the Better Buy for Canadian Investors?,Yahoo! Finance Canada,https://news.google.com/rss/articles/CBMiekFVX3lxTE1DWGdQU20zVzg2S3BYNnNMeFhsN05yY3VnWlFkeVAxaU5FX3RMZ3Y2blY3RkFGYjBkQ0dKQkE1QnBuR2NHX3VmXzR1c0F6cm5WM25ncjQ0cm5tZjlvSG15MFdsQ2hVbVZ2QnJuYTRHZlVxVU9CQTJSRExn?oc=5
SU.TO,2022-04-08,XIU vs HXT: Which Index ETF Is the Better Buy for Canadian Investors?,Yahoo! Finance Canada,https://news.google.com/rss/articles/CBMieEFVX3lxTFB0aEZYdEdHeTRQbWFzOHFkT3FWUm4wTjJEYUpIZ3VXbGpJYmdURmpCVXFPZElNMDJfV0tBR1F5NVhjUk1VXzRnM3dldmp4VEc5WG9vMFJQVndxX1Q4WHVNQkRvNERDSkF2eHJpZF9tNWtOR0x5b1VZeg?oc=5
SU.TO,2022-04-10,Dividend Investors: Should You Buy Enbridge or Suncor Energy Stock for Retirement Income?,The Motley Fool Canada,https://news.google.com/rss/articles/CBMiuwFBVV95cUxOMmNPZVBMalJUQmxsQ1ZpdkUxODBObHcya0xJR2JoUk91RHhzdUNJZnlSVkZ3WXpieEN6cHRXN0FiV2VtYkpPbzlwOGtPSXY4Q0x2bDNoTmFkZDVXV0F4NE1xd3ByYmZjM1M5QkRKUmJEQ0JYQTFYRm9XakhzMS1qQ3dIQjRYTDE1MTl5TDF2WVRVZkNzc2dRUzA4QTQtUnM0NFBVSzQxbUw2VnRFUWNWUmtCRjZFSkN3QXVv?oc=5
SU.TO,2022-04-17,ZEO vs. XEG: Which Energy Sector ETF Is the Better Buy for Canadian Investors?,Yahoo! Finance Canada,https://news.google.com/rss/articles/CBMifkFVX3lxTE8zMG5WUkM3ZGFoQk5IOHdXQnh6amppTFRHQTVFaGtrV1loZkE4Qk5wTVB1SjFvc19nS2lFZ0hoTXh2anVmeW9vZWotYWJuV001bk5GOEZ4eG5UT0tOc2c3T0daM2FuTTdwSlRNUGRtVzVjaXBOZThmTlFDTnR1UQ?oc=5
SU.TO,2022-04-22,Suncor Energy vs. Enbridge: Which Oil Stock Is Better?,Yahoo! Finance Canada,https://news.google.com/rss/articles/CBMihAFBVV95cUxNNkd6MGZSMlFNYlNZT3NEYVRVMURvQ0RYWGxBckVzSEM4U21hNWswdEpBX3l6THZwRU9iMThqblU3YkFlbWM3Z3ZQRTBCSmFGMDRUcnFKZV9xVmp2ZkppTTdvampyeU54NmMtbWoxSG9KLXBOQVk4YUthNnJYQzhwVEFfTkI?oc=5
SU.TO,2022-04-28,Activist investor Elliott Investment Management seeking changes at Suncor Energy,CBC,https://news.google.com/rss/articles/CBMisgFBVV95cUxNZFFObDdGRHp3ZlA4aVFNeHVZOWFvZVlHZ09KRlNFdzhNOE9kUjJteUcyVmtER19fY1g3RzEzQ29GeUc3b2ZueXhXTWV6bklOdEFfQl9IblM1Sk9rakphMlU3QVBEaTdjTGU2dHFDeEhua2kwc1RmX1djVzU0SFV6QXlCQUUyeVNGVndlQXVYUUdnX1ZHSnNzaFBHalJoLUdFUHF5bmlvWEE4UDh3WHJQOWp3?oc=5
SU.TO,2022-04-28,"Elliott calls for Suncor strategic review, board changes",Reuters,https://news.google.com/rss/articles/CBMinAFBVV95cUxOdV9ESjF5TnVFeG1YQlppQ010Q3kzY1RQczV5Y1p4QUZvc2NVbllUX0czeG5lRnU3X0NyMU1lUVNVWlgyeG1PQWFSZEJNcDBDb19PUmtkVVNJUm9ka2NBWWtzSDdBS3BkSVotSjNYdjdYY3p4a0VFUGtyYXZUUjBnVmp3andtN2NMUk9JRElKcWY1c1NaSDRFZ0JqZ1M?oc=5
SU.TO,2022-04-29,How oil sands giant Suncor became vulnerable to a U.S. activist,The Globe and Mail,https://news.google.com/rss/articles/CBMisAFBVV95cUxNd0dsLUpGVF9HVjdUb1BVVlgtNjM3VXkzb2pPY0hSZ09Nb3ozSHdKUE5qc2ExUEsyT05WNjhtNlExM1pNVEg5TllDNnd0MTh6THdVVnpEYkJRcGR1Ym1kS2xlc1JSQmxzTnNoQkFiTGRRX1pNZXlZWldNRGM0am5IUkk3dXQzVGJmUjVyQ0hPSkVvb040WkVaVFZneE0tOHJhb3M3OEdVWUtVU1ZNRDVfTQ?oc=5
SU.TO,2022-04-29,"Who is Paul Singer, the man once dubbed 'the world's most feared investor'?",Financial Post,https://news.google.com/rss/articles/CBMiqgFBVV95cUxPS002US1rWW1mc3BIWWZoN0dFaTNvYmctaUtWNDVJbGVlMVNwR0NqYnJ1aFZ6cFNOcE42N1BkN3R0SndJclJORzdZd1Nwci1UbkJodmg4VXRZeXFsaDVqdDc1cHphblVoWDN4bXJNN0xtb1ZXWlExVnE2WmNoblBxLXRwc01Va1NUMlc0Q0pVY1dIS3laWkthM3hYQThwaTFHTHpQZko1aXIzQQ?oc=5
SU.TO,2022-05-02,Suncor's safety record in the spotlight as activist investor calls for change,CBC,https://news.google.com/rss/articles/CBMihwFBVV95cUxPLXlPVTFLSF9EYWtXSGt6QmFZWS1DNWNOV1BZbWdMUW16RFExSS1PYUdMZzZBQ0pGQzMyTG5GUmdCMTdxcmkzZjJhbVVFaHEzMTRGczZUV19IdndBSjNreDFGZ3dsMzlJU1JYVjVMWDBoNVVMWC1iQ19NSVJwZEQxVkFWdHJGa1E?oc=5
SU.TO,2022-05-08,Focus: Suncor CEO Little faces scrutiny after activist Elliott takes aim,Reuters,https://news.google.com/rss/articles/CBMiuAFBVV95cUxOSEtkN3FHWkR2NS1PS2hPZC10RjVjcDc5MDFZNU4yZUVCN09yLUVYeTVDbGE4dEptLUdGRUtSUzllN3ZrSkxUZDFzaHk0ZVZDbzA5RXdmSGVmZmVQSXRlNVVhaU9zTGl0NEptYUdHYkFpU0h3UF9Lb28yTFZCR3VUcVZPUllXVVpiOGNZX0lzNWtPZFlabDZkUklFa3ZhTzhDVms5T1JpNDV4Y2hsQ2R0S3dva2FCbzJx?oc=5
SU.TO,2022-05-11,Suncor looks to turn the corner amid American investor pressure,CBC,https://news.google.com/rss/articles/CBMif0FVX3lxTE5iNVpWSzN5a1ZuNUZkTVNLVFY0YkhlekFSaU9sWVJCTVlxZ0VHVzlHZ2tlVU1DckdqcWp2dG9JbElVTTF3alFOOXVMaTlUZ0xTWjVqSy1hOG1UMFl3Sl9IekxYQ3JPRkJHRWZjZ0J1cG9IWFdGOV9uQ0FTM2VyZWM?oc=5
SU.TO,2022-05-12,Suncor (TSX:SU) vs. Tourmaline Oil (TSX:TOU): Buy Both?,Yahoo! Finance Canada,https://news.google.com/rss/articles/CBMiggFBVV95cUxOS0VRaXVOd0dBRlpKdmFvbENZZjJfVjRib0lyd1F5V0M2Ymx0X1VyX2F5T1dqdGVaM2UtbnVCckhMWVBxSVlmYThPNm5sQWdtQXdxNWlMQ09uaG1sWnB0a016aDBxMWNGT0p1aGczNGJLckNOWlhlY05zYm9BcW1DQ1lR?oc=5
SU.TO,2022-05-12,Canada's Brookfield to list 25% of asset management unit,Yahoo! Finance Canada,https://news.google.com/rss/articles/CBMiiAFBVV95cUxObXJxWDRsNFl2MUY1V3RaRTF2S3hsYzVFZUZQSU9HNmJiWnhDTjlCY3d5b183ZFdRdFE3cXIxZTNmbzFpVDVSYW5lR3hqS1lmMTg2andNbFNEYV8tWDgzakhhcm92dUVwaFZVdDN0dWlsempodmxwSjFmLTlaOHJXS0tpTmJvNFVB?oc=5
SU.TO,2022-05-15,VUN vs. XUU: Which Total U.S. Stock Market ETF Is the Better Buy for Canadian Investors?,Yahoo! Finance Canada,https://news.google.com/rss/articles/CBMidkFVX3lxTFBWa2x6ZmhBR1cxVmJRWVhVYlRNVVRTN0Y2aTlsM0dyOUtPZ01SaWJJc1RuM2dPU1JNSi1Oc2Z6ekxxdHczcU50YzFmVUVYcm5aSGVyUDVVUjEwVUZXeTltUHRiT3NSbENodmdKUVI4OUU5cWRBQXc?oc=5
SU.TO,2022-05-21,VEE vs. XEC: Which International Emerging Markets ETF Is the Better Buy for Canadian Investors?,Yahoo! Finance Canada,https://news.google.com/rss/articles/CBMiigFBVV95cUxOd0E1R0J1ZjcyVnhaT2lDdnE0Rkc4VkVYRFVFR29NWF9ObTNrR1FlWkYyWmZOcGNndkExbXFEZFA1Mzd2WURwSzhCT2ZBbU5jWkxjeFdlSkZkM1lFNThJVGpKZW52VGkteVViTS1fQlE1czZ2U0ZzdWI4X1VUS2RaTHlLTVFVR3dyNXc?oc=5
SU.TO,2022-05-24,"Matador Resources Stock, Apache, AstraZeneca, 12 Other Stocks Enter IBD Watchlists",Investor's Business Daily,https://news.google.com/rss/articles/CBMitAFBVV95cUxPWVlaeVZSOGNhRXpEajZSWTFhdUFHTDN1bGx1aHY5ZXV6WmZMdDNNaXF6aHlsRDB4MHhDN2NGMDdnRHN1VXdlUTNTZl9YbHNJbVZmdGtCZUNtVVFLejBxUno2azhHNG5vVFZxMnQtWndGVzVBVmowaFZLTTVDajl6Zm5MZDU3MjQzY0RqWnZ1ZTk1N0NMR1JuZEdKalNCZF9mQi1EdVJZS0JWcWJHblhDZU92V1c?oc=5
SU.TO,2022-05-25,'Hard to ignore': Which oil stocks to buy if crude prices keep rising,Yahoo! Finance Canada,https://news.google.com/rss/articles/CBMitgFBVV95cUxOU1dvWm9RRHR5S0ZFY3I4TWJ2OU9pRHpOXzlJR2lOZEQ5c2NwRWRudi1Bd0Q3Z2JkbkVEVTJTcUo3VkZQVVFvckZHSVl0LU9Ed3I1SWtDc2dMSGpEVXFxT2h0NzNySGlfYVM0N1JEdHAtbnBTQkJCWU9hdHZabm1hSk13RDl2RmlISGJRX0FnSGFjTENhdmZHVHZMb2lEYklVUmlvMnM4Wko5RUdfZ1ZiaG1wYV80Zw?oc=5
SU.TO,2022-05-26,'At an impasse': Suncor's clash with U.S. activist fund has gone quiet,Yahoo! Finance Canada,https://news.google.com/rss/articles/CBMimgFBVV95cUxNZDE3UkJITF9IaVNCTE9uWEtSNWF6WnZ2UlEzYjEtOGxLMHRmUFh4c2NYcjBYRm44U2dvY0NodEpwbkphblJ4MXdFZjB4TmgxanpSX0hTa0dXdkFMSnJaQTVOenRLOUptS1lqT3VNY2R4a0NyRkdRYTk0cHVkcVVRU0Z5Uzkza09faS1jeTQ4djRYUEt3Qm9RdVNR?oc=5
SU.TO,2022-06-04,PHYS vs CGL: Which Gold ETF Is the Better Buy for Canadian Investors?,Yahoo! Finance Canada,https://news.google.com/rss/articles/CBMieEFVX3lxTE5sTTFjY1VOMUZPRFdtSEhuXzFkRlg1WHRHWm5JTlp4ZTVVQjg0cVdfT2lKRFdURy0yV0lJVnQzMjAzbWx4U3Bzci1ZeU0zVGdxc2NHN1hkOFdXQXZEemFyMVJzRTA2S0FUWU93TUhzdjJqZUJ5UWJfRw?oc=5
SU.TO,2022-06-06,VFV vs. XUS vs. ZSP: Which S&P 500 ETF Is the Better Buy for Canadians?,Yahoo! Finance Canada,https://news.google.com/rss/articles/CBMidEFVX3lxTE9qX2ppd0VWdnl6ZU42V09JbU1URXV5a0hvaUNVM2prSkJpUHVWUmZUQnZBeWtDQzRrM2tVTHV6cWJ4SndXMUZkTmJZSlVxTHlZNkRTSVNvb1lrUE5EZUUyUlZjUzh5MnprZENkOGZtalNJcE4t?oc=5
SU.TO,2022-06-13,Bombardier Stock Merge: What it Means for Investors,Yahoo! Finance Canada,https://news.google.com/rss/articles/CBMikAFBVV95cUxOUVV3dXFTaEp4QzFpWE1GVE1wUl8xeUhVdWNLQUU2ak5iZUJjLXdTcXdRd2JYaldMSXdqZXFFSE5LR0N5bXlCSnh4eEtyVDVDQm1QTGFyY0l3N1A3VXNwbXVIMWVXdjA3UzloV3BjTzh2VXBycUhJa0hoNjBwUHpLaUM1T211RTI5Rnp1bnRmMlM?oc=5
SU.TO,2022-06-15,Gas Prices: Why the Government Can’t Lower Them,Yahoo! Finance Canada,https://news.google.com/rss/articles/CBMiggFBVV95cUxQVE1KU28zS0RoandnMDVjWU5XbzN1OHJRSmxxYWZzM2J5V2otY0JmTDdIczVEQXktWm1yNF9jV3hCZk13Y2hYWG00MGpaZGVIcDh0R2RqRWlTdURDVnVNNG9ReDJXMlZkTHZFOVlxZVNETHROQmN5aktpcDlBWE5GV1R3?oc=5
SU.TO,2022-06-17,1 High-Growth Stock That’s Become Too Cheap Amid This Market Correction,Yahoo! Finance Canada,https://news.google.com/rss/articles/CBMigAFBVV95cUxOalBNVmd3VGNWai1ra1A3QmcwNTQ0elZPWFExWDEyN1I5ZHlNZFJmdmVlTVZ3NUlCbktsNzJfaVdINnM2em5aaFRJRFNhc19OdmdwMWZqcjQyUkdzbXZ6UnM5WnpFN0NVaV91eDc3OVlQazZERkpacmxrckRVY291OQ?oc=5
SU.TO,2022-06-18,ZAG vs. VAB vs. XBB: Which Aggregate Bond ETF Is the Better Buy for Canadians?,Yahoo! Finance Canada,https://news.google.com/rss/articles/CBMidEFVX3lxTE9yaTFULTdDNHNjX0NScGk0dGVnN19sS2l6OHZoNGdpVEdSTGlORmp0WmllczRKWUVITnozVE9hOVFUM1djZXFUYzIwV1VOZW9DV3dtSi03WTU0aE10blZhVmtfZkFsQ1UzZWJwcE0wVW9BczNE?oc=5
SU.TO,2022-06-21,Suncor Energy (TSX:SU): Is the Stock Now Oversold?,Yahoo! Finance Canada,https://news.google.com/rss/articles/CBMigAFBVV95cUxPTlJBblA1UnBGWThneUZsMlJzVkdfWHVOc0lTMW5CR1V5M3JQeXBvLWxWM2piU1lIRzJvQVpZWjFPeVNqTVZpTnEyQlRsbExGQ210OWZaQmhVUnRTSEJ4MGpqNlBFdU53aFpIUW02bWNRQzBrc0FEa3VzcVMzeS05Sw?oc=5
SU.TO,2022-06-22,Suncor Energy Releases 2022 Report on Sustainability and Climate Report,TMX Newsfile,https://news.google.com/rss/articles/CBMitgFBVV95cUxONDljUlhlcEJEZVBXT2NOeXpxaEVVRkRlREZ6SFN0cV9RUmQ1ZDFIM0NfUE9mYWFQTzUzN3FORFhzSGROTWRvdG05VGY2c05TaVZpdFY4UTZGWkpUdVctTTlBdXlFTmV4R1hvWDAwQnNTQVMxY0tCQ1g4STF4RlRENV9uZ1dEc29xVUJxWmszZ25iT2VOWlJ0Vl9WS0w3M2NhaWZWeDZPT1h3UGVQc2t6anFGZElYdw?oc=5
SU.TO,2022-06-30,"Watch: This Insane, Gigantic Airplane Concept Is Like a Flying 5-Star Resort With Room for 5,000 Guests",Yahoo! Finance Canada,https://news.google.com/rss/articles/CBMikAFBVV95cUxQdXE2R0pHUW5PajRxcHc3bWd1c252cTVmWXI2ZWhaeE1TT1UwbDZ4T2x1UG5RVHFqRVh5TExfODdhOTNXY01RbU5jZWx5dGhueHYzUmlyMGxLX05qdjhCWFF1NHpXRFJraGdVaVpLaXRLMVk0ZXRCZUdtdk9qWC11a3FXb1hxbi1aMXFGVFJZSzY?oc=5
SU.TO,2022-07-05,"Fortis B.C. partnering with Suncor to build hydrogen pilot plant, British Columbia",Resource World Magazine,https://news.google.com/rss/articles/CBMiqwFBVV95cUxPdG5kV05KTTkwRnlFTlJpTzVkN0J0OGV0M3RHLUdhMG1WQzBWdm1zWGktTFlSU0ZpekhqSEt0Y1lTWk4zNFZtTXRzaWVxblNDRmxLcEJncE8xdjJMa2V1SHFQZW11NmhhQzhkbC1obVdabnBqV1NvcVpyUXJyQVdBbnJnRXZaeVJnZXBIRVFJZHlnNG1xdTZjLTNSSDc1TFF1WXRaNHJST012SlE?oc=5
SU.TO,2022-07-05,VCE vs. XIU: Which Index ETF Is the Better Buy for Canadian Investors?,Yahoo! Finance Canada,https://news.google.com/rss/articles/CBMieEFVX3lxTFBqa3B6OUZQZmVMRUhBd2FlYk9DUm1IN0ZuZTF6UXd4SjJRNHdmMDVrdF95SWxWT19hdElyNVU1VEJBY3h5NUZiSElBX0xieEdVUTUwNktKalFVWldwVXhCVGtCdWlCYUFPeHZkSHRBSUZsMTdtWUxQZg?oc=5
SU.TO,2022-07-11,Suncor CEO's abrupt resignation after worker fatality may signal broader executive shakeup,Financial Post,https://news.google.com/rss/articles/CBMitgFBVV95cUxNa21yME9OWTdMRm1aT3FwUVQ4c1A0Y2R6WFN6ZzF0OU9TWXgxT0l5eFlpRVQwc2hPU2lfX1pDeHFfZ2U4NXJNZjdnQTl0Z0F4a1JOMEVTZkJfbEVSTHUwOUNCMkowR2kwQTJKWVJySV9Xc1dUbEZmeFItaU9FTmozQWlzVjBGMnZ5OTc0V0FpMjJCa3ByVUhWbE04T3U3dzBtYXo1TUVSVXV0RUN5TndHUUlTRnNDZw?oc=5
SU.TO,2022-07-11,'No easy fix': Canada's Suncor Energy faces overhaul after CEO exit,Reuters,https://news.google.com/rss/articles/CBMitgFBVV95cUxNbEN6ZjZaS1FCM19TcTI5dDJNSW5sTVBWRm1ZRl9vQUlYNVItQzZIVi1UbHZfb2pUY01kTXRCUnNBYlVYWjd0S0gwTVV1YTZxTVN4UnI1S2FEcXI5Wlk1WVNnaFhNWW1mcUVTNFhLcHJUM2R3aTFlT19pVjc1VzVvTTMwV1haZlNoUU9GVlAtSGVSMkdHdHl2ZDNxSzd0WmphV3FVN1lIUlVPa0g0RnBYVnNoQmFkZw?oc=5
SU.TO,2022-07-11,Suncor boss Mark Little stepping down 'effective immediately',CBC,https://news.google.com/rss/articles/CBMif0FVX3lxTE5qV2RJT1Q2TzNCRlUyVU05RDNlSDhyUkFFcDNDSXR5QkpaT1VkbWQ2c0RNclk1MHAxOUdnTkJlYWpTeWNRVENpdGdRbm55M1doaGw2ZGdxOVVpcDBuTmRHckhLNTJFWHZCbTFhNnVsbFEzVG9ERl85aFlsWXcxR1k?oc=5
SU.TO,2022-07-18,Suncor to explore Petro-Canada sale as part of corporate shakeup triggered by activist investor Elliott Investment,The Globe and Mail,https://news.google.com/rss/articles/CBMilgFBVV95cUxPOUhxeUcyZmJ1amMtZVJJRGJUcEc1RDhoRTREZHBKMjl5VFQ4ek1ycHVlakJYMngxSDhfcGpFcWlqVzRkdDV4bWFJQ2xyNTlOaGRoQ1NWSUhkeWpWWmswUi01NDhMdUFnQmV5RmlLMmdsZXlURTAtMmlYN0xfeThiLUF3ZmtYb0RmdEFaekprQ3hqZWxuQkE?oc=5
SU.TO,2022-07-18,Canada's Suncor open to sale of gas stations after deal with activist investor,Reuters,https://news.google.com/rss/articles/CBMiogFBVV95cUxQV29YRlpPMkhSMS1kR0paS1BaOWQyM0VVcWVTb01TVEpCZldVdTVrWm1sV2kza2RRS1loeTk2bFJaU2lyV0E5ZEJ4MS1fT0xRQjNoZTlWdXdDSDZvXzFjeV9OLTNScTJYeEplMUZoeEVvOHdvVjBfLXZHVDBqQW16dWxoR0RGTlEyRG9kUGlRMG5BUDJHM3FxMElBX2EwMWJkM3c?oc=5
SU.TO,2022-07-18,Suncor Energy Enters into Agreement with Elliott Investment Management,TMX Newsfile,https://news.google.com/rss/articles/CBMitAFBVV95cUxOdzFiSTRIb0VCcENpS0xhT1l4NjFDYzlPb2NMYWc1RWVmTm5xQXhBaW5GQ2o3STRqdHNWNVJvamxYWHpNTkpCSTNtSFhnU0RuUWR2VHBrcktES0RnbGh6WUxfdDlyd2QtRXZXVVA5U2dtaXBqVHlpVkszQlktUkFMcklKa09RTFNpNFZVLUZVdnhPMklaLUtGRldOcWxLRm5uaTdJUUROYkgzS0FKWmNldDN3N3A?oc=5
SU.TO,2022-07-18,Suncor to consider sale of Petro-Canada,Canada's National Observer,https://news.google.com/rss/articles/CBMifkFVX3lxTE81aThOOGJSVmh1SlNCb1hlZDY0RERseVJSNF9MYUlqS2pKQ1JCSU1lSi1ldUFxV2J2ZGd2QjRieXNxT01wZjNxcC10TGZhdnhQV1RpVHR5a21ITklURnJNdHFFZTUweW5raFdvaEhaTWNvS0Fidk1CaVNPc3E0QQ?oc=5
SU.TO,2022-07-23,What is the current Price Target and Forecast for Suncor Energy (SU),Zacks Investment Research,https://news.google.com/rss/articles/CBMidkFVX3lxTFAtcHRPMzNvc0tBOEtST0FXbHFDeEUzSi1DbnJRNmIxQ1FfMXg2WGN4eDN2UHFlYmUyVmpNOGFnTFJDREM1U1FXMEwwU3dqNl9GOFlPT0hxbFJHUkphaGM5cXBpZzdoQ3BKNE03MTlJRDFrSUh4ZUE?oc=5
SU.TO,2022-08-04,"Suncor Energy quarterly profit surges, plans to divest assets",Reuters,https://news.google.com/rss/articles/CBMipgFBVV95cUxOb25JdmM5X0lYVTFmRk1sWVpURVIwdGYyMnI0UGpjbGFCRFQ1YlpxY2d2UkNoaHdtM0IyNmk3SnBMOFNYTE41YzlOamo5TFNDekJyNVpjNEtnMDBqempXQ3BOcGpab3lQV0hhSXpBN2VVT3JKRThJcVRqcGlxbUxxMGFFM0VCM3F4SmhJeUx5S0ZObmVqUlBHdDRxWXpkQ3RCeGVobnVR?oc=5
SU.TO,2022-08-05,"Suncor must stop diagnosing and start executing workplace safety changes, says interim CEO",CBC,https://news.google.com/rss/articles/CBMiowFBVV95cUxQcF9FV3hmNlMtWEFudGx1MThuanYzbVZORDFnRGJWVzVDUkVpZUNKY0w1RVJYeElrWWZlQmw4VjJXRVhxNVQyWmNob3dtOVhpc3BoNTJ6Zm5MalFSVDZPWlk5cGFDLXpOSUZ4aEg0czRiSExiUGdSS01CNzZfS21lc0o0blM3S3pQdy1XMFF1bWp2RWY2a3BpdGdXOEJDXzFReWtn?oc=5
SU.TO,2022-08-05,Suncor interim CEO: Lack of safety tech 'not the root cause' of worker deaths,Yahoo! Finance Canada,https://news.google.com/rss/articles/CBMirwFBVV95cUxPdjdxWUFxem1rRVpfbUQtWFkwMmJBdFN4ZVZkQ0tPTXVYdEU5TGpIR0VoLWkxVGk3MnJGNERrNnQ2R2tGS2R6RTlycmxNbGczaEp4dGJnb3JSSUh5Nl94SkRoSDFWNm1PdWs3czYzVVVLa09LbDFGODhmUEJSY005Vk9UMGZGc2pNRTNQODRETC1mMXRhQjRrU0s0Q0NBNjBNbXMybWNoS0ZZOGhCWU00?oc=5
SU.TO,2022-08-11,"Antitrust rules, Petro-Canada profits may hinder Suncor from selling unit",Reuters,https://news.google.com/rss/articles/CBMiuwFBVV95cUxOV0JCaDFzRUVYVzlMOTNidmwtcDQ1NUtrNFV1VU9HX3VKeGhPeXFNeFMxcW15Z0l2dG1lWnFTN2g1VzJMVmZLcmZQZmxqN09qMG1sNkkzMmV5eGhJLWN0ekZzWndxX1JSTThudkk5ZER6YUt2NXdIVmFWZkJ6eDlnc250MUFBU0QyZXF3eUl5cWp2STFWQUxleFBlaFY2ZjAtSld6WG1EN0xWbUNuVUpGNEZDZmIxdnFVakhZ?oc=5
SU.TO,2022-08-15,1 Top Canadian Gold Stock to Buy Immediately,Yahoo! Finance Canada,https://news.google.com/rss/articles/CBMif0FVX3lxTE5KREpxT3hvWUY2SUJxVlBNZ3B2VVp0azNtSTluWmR0bi1sNHVHd2F5OENMV1lUR3ROZkJkNnJKOElaZlFoRXNnNDJGTllUaHpYWHpzaVBwR1UwNzFGUklvZVpDS1dxT0tqNGlDc09pc00yeWVUYWF4SEtHQk90cUk?oc=5
SU.TO,2022-08-15,Greater Balder Area: Vår Energi Increases Norwegian North Sea Foothold,Offshore Engineer Magazine,https://news.google.com/rss/articles/CBMiqwFBVV95cUxPMWN2WkhoSnpyd0lMclZ3cUc3YlJNZWRjR0hMbFpXMmdXeTBrLUMxenoxZnQtUjZ1aDBEUF9xUEZnT2xIM1VIbDNKQzhMVUhGNjhJcEhyMDdZMERJSmM2NDJES2RDal9idU12VGpla3J3RTh6N1ExVlNFRXZTVm0yUTdMdDZHRnpyUFp5WHd6QlVwVXF3X3VWc2RyNUVRN0o0VU5qbS00WFdQMnM?oc=5
SU.TO,2022-08-18,Colorado air regulators demand changes to Suncor’s air pollution monitoring plan,Colorado Public Radio,https://news.google.com/rss/articles/CBMid0FVX3lxTE9vZmx1cFFvaTZXRUlfYVBzcVEwdGVhLThkOWUybDN4OFRYRXkwRENnX2ZFNDBZaDBvWXhRbjFHNGMtYkF0MWV2MzhneDFkaVp6Z3g4ZnNEeEZiWDdJY3dqYkJJdzhwY2d4TDJab04wMUdNa1E2YWEw?oc=5
SU.TO,2022-08-18,Canada's oilpatch is flush with cash — so what are they going to do with it?,CBC,https://news.google.com/rss/articles/CBMihAFBVV95cUxPTnh6SnN5clhKckx3Q3lnN1hwcER1azRENDZJNlMxWGowVUl5OXVwV05hOXBNcXVNMDl3NUU0U3JZb0JwMXhlYW5DVzIycDRXazFYODE5dWZaU3pNMnYtRm1JUHBBRkxUb1lLN1A0X2EtWHlkN2hxRUNRQ2VmWmhobjZjSGU?oc=5
SU.TO,2022-08-19,Canada's oil sands sector aims to release treated tailings water into river,Reuters,https://news.google.com/rss/articles/CBMiwAFBVV95cUxNQlkteG9GbHYwVy1ZUFNrRE1lcklaSk1PWng0UktfdzRKcGFsNFN2eTJLaWFNZnZfcTY0dkowc0hpd1ZzTGcwWHZ5eWN6RV8zLW1RRFRBb3QxdVB1bXJtOGJfNExWc0lDdmFySll2Nm51LVZ4ZHFGSWxxRmhtTzBhOExyRlRmOXN1MnY5SDc2YWZvVy1NWnJyc3pmWl9JMHRwSGxSRzdtZVZidjJnOVlQcGhDRm9UYnlsaTJfeVc0clA?oc=5
SU.TO,2022-08-24,"Major traders, banks cut business ties with Russia-backed Indian refiner Nayara Energy: Sources",The Economic Times,https://news.google.com/rss/articles/CBMi7AFBVV95cUxNQW1LUDZ0dlNRVlp2cTV4c0hwb2J3N2xIRzNjLU1fUGxJanpTT1BVVEE2Zkw2bmdySmNpMmNuaEVwY0FXMlFiOEtWU2pIMDFuRmh5MndMM2tXUHV4dkZCUy14YTlucUk0VFoybkVMb0ZUR2Z0OGhPQ3ZUZmNES1FUb1lWRGM2Q3dCeURfU1ZNZHZ5U0JaWGVBNkVWRnVmZUNKU1FDeV9ITFg3TXZtZ3NIZERMTG1EN3UtbF90RXR4VEc4VWtfODJzRGtzeFR5ZkZScUgwWDZmQnQ5X0E3Y3AyUUpqWndxMVFCbXI3btIB8gFBVV95cUxPWXlMRm9rTERDZUpvLWFCNHBZN1BQdXViSGxHZGVRa1d1eU5CM096MFZFc0lBbGpETEREN2Y0dDNKdmtzdGhTRUk2c1BweE5Gdjkyc1RUSklMbFpJeUFEZ090d0I5UVBJX2FPV3JNMDh0RDQ0RWpXOWNqRjNhLWJPUmlIYnJmVldvM2lMbDNVeEZNaXhURjBiU1JWYTZ0d0o5c2VfdW5peWx0aWRyUkxKa0QwUVJmLWk1TDZybmE5ZmNYZXhIYlktZm1fTXNhekJ2cC1ocFh3dlR0d1pLdWJ5RnBWVmxBbVZmNzQ4YkVUVEhrQQ?oc=5
SU.TO,2022-08-24,"Major traders, banks cut ties with Russia-backed Nayara Energy: Report",Livemint,https://news.google.com/rss/articles/CBMiyAFBVV95cUxOWjhncjhacjhtUnBUX2NxS1lUcVUyQkVadmMyTGtMUXpabHdteXpQV0ZMTURFY2pQUk1BVDJZR210TktxemNheWlfaFFENzVRQlFxdTI5dW9mZXBBdERObEs3QkdVeGEwZ3dOeVJiNUNxZVlETVhseU9nUktOME1wUlp5d01CQVoxNEk4dnpBaHFLWFB5RWx5M3FaUlgzUHhXNWdhcWZrY0FXd0lLZlRCX2NzVjlzekFNYWwwRWFrZ0gzeXNQd0JkQ9IBzgFBVV95cUxNaUZxQTNLc2hmdFNnWUM0SW1GN1dGQ3hQbURIS29raTN3b1dTSHRVenQxbFlNMjBZcWhxMU5VRG5kdjZJNUhncExMeHk4R2xuNWRVWEd6eUlRNlVHNVhrTmVLSjN6TFpFaW1hV0h6enRTV3FZYUdBWWhhdF9QOWtwRVNmck9OVHhKLTlLZDVDcldRMXlmUHFrUUxlSmV3LWc0RTNKLU9fb1NWelZrMXctdFdqdWFQUzFyZUJZWnBKbXJOdnRhZEs0YzVBRzQ4Zw?oc=5
SU.TO,2022-08-31,Couche-Tard sees better environment for M&A as it seeks out next big deal,The Globe and Mail,https://news.google.com/rss/articles/CBMivAFBVV95cUxPQmd6VmJzbmtXdjdUYWFTcDFqUzREVnFNZGJSbXg0ZHdvSnE4bERUYndCN3AwM0ZMaUttUU16OE4zaFhzSTZOSXBGZEIwTmQ4U2w0RGZjRXJLTmFVd0VRTFlYY3dmQ25nVDRONU9zM2pMNDJFNlFtQ2xSRUk1SXJtdmJLenM0YUtuU201UzdiaERlRlFlX205RzJ4T2F1YXpLWGZERWNsellfSFNKNG5xVkpKNXRvSkRXUkpQdQ?oc=5
SU.TO,2022-09-13,Suncor Energy Inc. Earnings and Revenue – TSX:SU,TradingView,https://news.google.com/rss/articles/CBMicEFVX3lxTFBrNnZtbTNqMVMzS2t5RGxINTA0N3VOMTNXc190YVBTdG43MHUtaU55M0N5TENqSDJXcU5kRHJReExfQ1d0M3haZUlha3RYQldicDFBcGwtODVyc0pFRWt2YWxaY1RzTDFmMENUZWRjX24?oc=5
SU.TO,2022-09-15,Video-game maker Behaviour Interactive's CEO sees reason for optimism amid spectre of recession,Yahoo! Finance Canada,https://news.google.com/rss/articles/CBMikgFBVV95cUxOSkxWa0hfOER0Mko4eDNRYjlLZlAxdFZFemQyTW9sRG5wd2JjclMyamJmVnczdU81Si0yV2pBaUw5T1N2R0FUbUJfX2o1NHRyVk03XzFEei1kWnNJWG5GSFpMWEdOYUFxT3hpTnFrejZERW1RQzR4MHdORDJMMEwxUFR3b2lURXR0TWphY040MUs4dw?oc=5
SU.TO,2022-09-22,Elliott Is the Last True Big Activist. What Investors Should Know.,Barron's,https://news.google.com/rss/articles/CBMijgFBVV95cUxNZVNFTnZOVk9JLTcwNFQ4WFQ4WGpRN202R0NoN1ZjVl9QalgxMjBsSXcxbV9IckhNY0pHOTBhY1VGbTd4TEpiM25sc0hNSTJLdHVwMzhnaW1uX1JNWUtNLXBjLWF2WWRELW9LbVNKelhQMkdDY3RUREFWcGh0SC1DWWxFdkFOYzdkS1h0WEZ3?oc=5
SU.TO,2022-09-27,Oil Giant Comparison BP vs Suncor,Crude Oil Prices Today | OilPrice.com,https://news.google.com/rss/articles/CBMiiAFBVV95cUxNNmpUcUlGTWc1c2RmOW5CYm1KWlpBdlRyRF9objFRcEpGUmhINTlINUNlVHVHQmVJYUhZNDF1Nk80TExwZ2p5QkhKelZhbl90V3hLNUU4bFRrWW9kTV9PeUxqcXZSR2hmWTFnelYyOUwtT0JKV1RKVjA2VTVBZjBPb1Y4YkM3VmxR0gGOAUFVX3lxTE5KbVQtYWxOQXQ0ckFTM2FEZjBMV1JYNUJVdGZlb1RmanRxWlJYbzFiZW9xdlR4ZW51N2VscGdjbVN4VDJkc2ZJa0hyWUZjWjM5Y3lwVlJSMW40SF90ckV4MnJMU01jYkYzZncxRVNUMzliZjR6T2pnLWVGWGJwWHdDRVJJdWdnYjc4UE5Ibmc?oc=5
SU.TO,2022-09-28,France's TotalEnergies plans to spin off Canadian oil sands assets,Reuters,https://news.google.com/rss/articles/CBMitAFBVV95cUxOdmh6Y0htWDVRUmpxMVEtXzNDN3l5RFE2bzRkVXdtbkxhb3RaTFpMVG5TQ2hsZ3ZpME9lNmlyQWJYUW1jNHNTNlJ1QVRVakZ3X2VFblVlNmx3QU9vNFUzWXRJTUNYS0hFczVfOHdFaVpjMmVEaS1ROWlBQUVEbjh4R1NZeVN4djZBOFRvMEdHcGtxY01NVFMxcl92LTZsVTBMWDhGSnhUaE5rWXNhN0dRRDhkVEs?oc=5
SU.TO,2022-09-29,"Indigenous ownership in Canadian oil and gas takes huge step, but emissions cap threatens future prosperity",Alberta Energy Centre,https://news.google.com/rss/articles/CBMi8gFBVV95cUxNNFBnZ3JjV3hPcDBaVE5KYzNSekdYaldNMkhwdldmU3VNSVdXemNfYkpnczN2ODZQdG1YelVkbEhuam44dFJGNWRTb2gtY0szWW82WkhQbThjUC01aGRMaDJpTjFJa2wwWEJPaDRpUTNDX0FjWkxsdk5MYkZVd01XcXBwbExTdGRXeWtaX0l6d1NESGkyN09ZTUY2VGJ5SERpbnQ4ZmlnSnlFZlNWbGxpX1VJTnR1Nl83X2lCc0JZYmw0WDZUcWw4NmtkVnE5Q2NKdzlaTW95ZzhQMi1idGFMOWtVVGlMMDRLRkhKd200MkdKUQ?oc=5
SU.TO,2022-10-02,3 Canadian Stocks Warren Buffett Has Owned: 1 Will Surprise You!,Yahoo! Finance Canada,https://news.google.com/rss/articles/CBMiiAFBVV95cUxNeFZnNWhva25oc292cFg2VGotNDlGWU1KZkdvc09fSnZTNktxbVZXRXFZTHZUTE92bDl6QXRSOXdrVjdFcHVLcmN5VWdxSlRrTnc2TVJ1NXVUSUlzaHNjWmc0X1dxaGM4UUVHZWFrTEJLdWNYQ1EydDEyLWNUdVVpZ1lSRXZ4ZEpH?oc=5
SU.TO,2022-10-05,Suncor to sell wind and solar assets to Canadian Utilities for $536 mln,Reuters,https://news.google.com/rss/articles/CBMisgFBVV95cUxNSUNrZ3hyYk5zMVNyLTFjYUZxT25pOVNpMGgzWlNsRmxfTHZTb0dodkV1Ukdia2s4TS1Ub010eFl5dDIzaEwyZHlpUVZpSTB6TEpTNVJpZDF0QXI2TFByZTAyMjdUR0p2bk94NzFxcUlNQlFKOWwwQlludGJ4ZTNLZWI2Z3pHVFVhOS0walVXOUxMUzJkRVRZM3pXd3A1Q1dUTFFjank2SVVtTGdvOEN2RmJB?oc=5
SU.TO,2022-10-07,2 Top TSX Energy Stocks to Buy Right Now,Yahoo! Finance Canada,https://news.google.com/rss/articles/CBMifEFVX3lxTFA1RzdRT2xLdDR5N3JFM0JGZS1JTVRsVllPY3NpWktEXzhvLU44NUhfTkVfM2dDSnlYcko1c2tMZGFXV0R4Y3FrRlBnTlRWeVp6VlcyaC1zTWVSSVFQS2VuUEV6dDc3YkNzUGtyR0xCZVpISXMxLVlJNVdTWEI?oc=5
SU.TO,2022-10-13,Canada energy IPOs tough sell even as institutions return to sector,Reuters,https://news.google.com/rss/articles/CBMiswFBVV95cUxOUXVnZ0FQSFAtQTZhaTQ4VXUwNlI5VV9rQmFyN05NNVVBRHdQQmFqOHZSd18wLU1EZFFIeUFEZlpRckt5dG9SZTg5WGloUWxFZWgzRmpISGdWUFZRcnQ4al96Wl9Memo2WTJqTmo2NHp6TU5YQThmc0ZNVnNfd09MMXpjdWhrWUF3VUZ6aE5SNUZzQS1McGoxQjhBdUE4WEdBa0JKUEtRdkJEVmFiWFliUENtdw?oc=5
SU.TO,2022-10-14,Investors return to oil and gas sector after long period of industry 'doldrums',CBC,https://news.google.com/rss/articles/CBMigwFBVV95cUxQU2R2M0Q5N3JIcHVJR2JkUDNBcjdqOURDVEdjNjlVc3I5YTFfNmxYVGEzTjlWdmVlLXJqOGNaRnlGdE5sOUwwX0F2bDZUcUhWZ090bmlNZnpqZVh6bjVLNlhITTZlbUZVMWtRWnNtc002eVFCS3Jfam9ZMzlzT2dIR3haNA?oc=5
SU.TO,2022-10-16,"The Story of the Stock Market, Told by Five Companies",Wealthsimple,https://news.google.com/rss/articles/CBMickFVX3lxTFA2M1VMNGFTcl9NVmpQV0FzRUR3aE1yMUE5dGMwbERVSms0MWdJYkZOZXZfbm44VFBuYUphakRIa01IU0dtZTZ2bkRRT3QxVTlkZ2tNVnpkaXhSOVByZmtBNXROSlJ3aXJJT3pEelJfeTA0Zw?oc=5
SU.TO,2022-10-21,5 Things to Know About Suncor Stock,Yahoo! Finance Canada,https://news.google.com/rss/articles/CBMigAFBVV95cUxQVG9vVm1jYTRJVUJzODBfZ2RQRk9hNGNPMDA2QWdtaDVjZEpsSW1CSm5vdERrUDNOWVhnWWtsR1owUTEtU2NVSzI5eHF4MTJJVk9oeEdMbkNLYl9mbHRVQThtTnNkNTNWQmxWMFhEYi0wNnhFUGduaEtFVkVqZWxDUg?oc=5
SU.TO,2022-10-26,Teck to sell stake in troubled Fort Hills project to Suncor for about $737 mln,Reuters,https://news.google.com/rss/articles/CBMingFBVV95cUxORWlyRnNtdmVRb1hoRk50bnlrZUg2YlBBRE1HSGxFV0trMnRIbzJXOXJHUDBfQlhQSjdCZDdmdjItT2ZqZDd1WGZOMURPb0tBQ2RFcnhqNGNFVmo0a3Z6akdkQ2Q2c201MWRoYzJOS3FrcUZPVnBzY01WNTJlRkJJN2dKMFBobFNTZkxESE9YV211LURESGxtaEZpSE56dw?oc=5
SU.TO,2022-10-27,Suncor boosts share in Fort Hills project in largest oil sands deal to date,canadianlawyermag.com,https://news.google.com/rss/articles/CBMiyAFBVV95cUxQUnhzOFE3UGdDVEwtTVpwTGUtZHFXTWVMX3VDQldHTjFKNDk5THhXVVJRWFNKUEQ1QjduVlFVQUhQTHJmdjlUYTBHS3FCTl9IcjBDeGR6cl9jaU9LTlc5NWM4YVNxbG03V2pXQmlMQ1hySTVVdHB4TFFuUl9WMm0xSENyMWw3ZzFTUFhvNWx3VlMwQkluSmNWbTZwZk1NVUhyUy1QazRGQUZaUmYwZnYxNHpuYWgxQUhybVB3S29SUGk1MXBLN2R3cg?oc=5
SU.TO,2022-11-01,"'Elevated risk, elevated reward': Suncor faces scrutiny ahead of Q3 earnings",Financial Post,https://news.google.com/rss/articles/CBMihgFBVV95cUxPZkxWdVhDckpjMHc3OTZYMXNWWjl3NHZDR0dVLXZDZDFCb2ZSYmZIck4xMXhwYkprUUhqS3RLdjBDd3R3eENhRzhYaEZQbkQzOGdCZ01OMWVoWXlBS0JlX1YxeGdwSS1fWDU4UFNoRktSWFhXbEtPWmo4bkpoWGhEbnRCVDFjQQ?oc=5
SU.TO,2022-11-02,Suncor Fort Hills deal hints at new strategy for Canada oil sands mine replacement,Reuters,https://news.google.com/rss/articles/CBMixgFBVV95cUxPU2RURUY3YVdRaE51NnhqTGN1QmVYQUw0OS1MSU11LTliakx4Vm9tUVdhenpYcHpickRHSnJxNXV4SGltR0NuT05Uclh1bU5OWXM1TElicDl4enYxTm5xUzJZaUtWQm5JcGFENU95RzVZbW0tdHU5X3hzX1lFT2otZU53X0ZLbVdiWjFOWDdlX1Q1dDlSX0V5RHJDRUY0emhNUU5QSEswRjc5dGw3NEIzaHFsQnZaQzc0OFdpQVNsSE5RcjVucUE?oc=5
SU.TO,2022-11-03,Canada's Suncor unveils steps to improve oil sands safety after fatalities,Reuters,https://news.google.com/rss/articles/CBMivwFBVV95cUxPYTV6RTA2X0pSRnFTOVZEd0IwWjkzQ0xJSlNERjlneHUxcmhXS3FmcjFoNVdqaUtMQVZoR0I1dTFqVkV5RkNWTklhbUE1Q0JyeldnOURYTk15QUp4ZWNDWlZSSmlYTnVickktc3gtZFdDakNlcmFmN2FscjlxeTNab3Y0aFZmcDFfNU5TendVU2ZqanFwU3hvcUJKN1FGZlMtbVdXbE9YbGw1c1kwOXhDNHhRTm5QNTlMZlJJdVdCbw?oc=5
SU.TO,2022-11-28,11 Best Gas Stocks To Buy Now,finance.yahoo.com,https://news.google.com/rss/articles/CBMid0FVX3lxTE5qX2tERFhMNWwtNXgtMGlNN2FmZTIyejM4dVNqcEFyYzl6cTM1RFBqTEFZQW9hMEpuWWs1YkxCaW5XVE1kMTl3dlBQOHp2eDRad2NKSlVheEc4dVd3Ry1ZeU1nSTNaTWZ6U2pJb29jYWtLMTVDMldV?oc=5
SU.TO,2022-11-29,Oil producer Suncor to retain Petro-Canada retail fuel business,Reuters,https://news.google.com/rss/articles/CBMimgFBVV95cUxPVmZiTmpjaXBaWFNoU1pWdDZnVUZSbWx3Y2dqVGFiUi11VmJqUlh2VUlzaUFfNlNnNWVLQ004dEt4RGI0QlJxWlNWdWhqYWQzRjFLV0k4S09VWXdBcjBsVGlCaHYxdWlnMDFyS01pa1FyeWVXdll6ekV3cFhRWE40TnFKd0VjWUlzNzc2MGFHZFp6R2FEdHFqSGdn?oc=5
SU.TO,2022-11-29,Suncor to keep its Petro-Canada retail fuel business,Farmtario,https://news.google.com/rss/articles/CBMiiAFBVV95cUxObHpLT3l0X1JHUmQ0ME9XbHNVLWtMSWdqUHkwUGxjOHctbm9hWnREOXJKWTkybklHaEdWYWN5WFJQMm1BZXBNRTNxNzg5dzhSSEM5S2RqaTJ5cXJxMlplOGxSN1FTbExLWHVjUF9NWTl2ZmpNRmd5bHZSNW5ZTnUtOFBpZURVRHB3?oc=5
SU.TO,2022-11-29,"Varcoe: Rising costs, investor demands turn up pressure on Canadian energy giants",Calgary Herald,https://news.google.com/rss/articles/CBMiwgFBVV95cUxPeDZpN0NkNnoxcDNSYkNNTFRNVlNuSDJiRURjbkZ2MDc2Mnp1cmNaWGNTLXRLMEcyLWZpNElYTmFrY2tJMnFIV3BMX2ZiYWVaNnBSNFRZUkNxMXo0RVpQcGlVYVp3OHpKTEVyc1JUTzhscDJDeDlsUUdVamo2SEY3WTFidDRBVG5zanN2S2p3RXlkVlFsOUZrRG96dGRuSzVYamkwVHRZVHpiME9kSkltdEpxdGhGVWIzOEgwanRDQy1QUQ?oc=5
SU.TO,2022-11-29,Suncor Decides Future of Petro-Canada C-Store Chain,CSP Daily News,https://news.google.com/rss/articles/CBMimgFBVV95cUxPY1ZOV3FKalJHSm93cmVSSDk3WFFEcXJlWTlQSk80d1RfeV9Rd0dJdGo5cmhXcDJidnRzUXd1QTVPSWIwTEhQMlhWbHZtNzZMNXl2WDA0ZTJDRXN6endHd3BZY0pnTG1aR0Eyb3I1QXcybnc5M1Q4QTBLeEgtXzJranJRc2k1ZGh0RDladE50dDNhOGtjM2JqY2RR?oc=5
SU.TO,2022-11-29,Suncor Energy forecasts higher spend in 2023,Reuters,https://news.google.com/rss/articles/CBMimAFBVV95cUxQNHNPXzRRVWtsTnYzVzE4Q3lzM3kwczF2WXBfcWxKMFhYZFF2SWpqRzNweVRBQUkzZG1GcVh0VGdaZDlQeXV1TXI4STNSRFo5eXlvdHJpTXo1cmYyV19NRElBci0wUGZPY0F6Z0tJeTh6ZWZuUnFzTXdtSnotbTRDVmtsVnNpazFQUVEzdS1LY0NtOUVDR2pXTA?oc=5
SU.TO,2022-12-06,Canada's Cenovus forecasts 21% increase in 2023 capital spending,Yahoo! Finance Canada,https://news.google.com/rss/articles/CBMikgFBVV95cUxPVEdSejF5TlduQkxMbWNyTXZXN2JfVk9reXBzdWQ1MFhuMnFwOEs3ZFZtUnl6LV8wTm1nSVdVWTR6NHppVmpIYWdUTDNPWXNuS2FkclI5U0FPQy1tZnFRcExoVW1jMnkyM2JhMHR5OXkwWHJvNG1Rd05IcjQ1bHBJZzdxQW40UVdyRmM2UEVaTjJ4Zw?oc=5
SU.TO,2022-12-07,"Whatever You Do, Don’t Sell Suncor Stock",Yahoo! Finance Canada,https://news.google.com/rss/articles/CBMigAFBVV95cUxPTGNDT0VCVUFrOHlKS3AwN0JPMERBRGptcEJhYW5uNVVYT21tOS1rQ19oSWVwLWotR3dLWXlYU0E3a2w0TU03cjI3dGh4TnU5Nld0QjR3N01ndF9LY2Z0WTFtUjVjU0lsSkpkXzVhSGNPcWJfWE1reC10aUt0S2xKXw?oc=5
SU.TO,2022-12-13,Tuesday’s analyst upgrades and downgrades,The Globe and Mail,https://news.google.com/rss/articles/CBMivgFBVV95cUxPaGtWN1VhbXBua29FWnAycERWN2VLWnhjbWZFdlM2NE1yUS1wWEEzVTl4dGRnMmZMQ0h1UzJqVFBwVlVkaVpVS1UxSVN0S25sZHB6dE1raDViUnYyQ1JpSnpIR3VzcjJxNS14a1padHJ6cHN5Y3d2by1neVZUTDN3QlBLWW0wRVp5MHowSEt6cEJfbzYyN0JJUlVJMnEteVpFZ2hoajNMUWMyQ1U0QzNTZkxuX2wtNWFPZ2RDUXFn?oc=5
SU.TO,2022-12-16,Regulator charges Suncor Energy over 2019 worker injury on Canadian offshore oil site,Reuters,https://news.google.com/rss/articles/CBMiyAFBVV95cUxNc2pUdFlTS0lhWXVZU0NLTnlqdjFfSXJkeEZzYWZRcGhPQ1B4bXFmRVhQekpXX1drQ0xSUDF5RDZObHc1X180OWdiSXJPeDBibWRKNEtUUC1jYjR6MDFDRE1STTZ5TEhpS2tMamRnbEhPRHZOUlBOV0ZLX3FxVThOZ0VXQk5aM2dONERUdWo1ZXlCNVAyeFBEenl5UUppaUdLcUdncDFtb21KamI0U3Z2RW1nSlEyQmJSakQ4STVpZ2d1QmN3VkdzSg?oc=5
SU.TO,2022-12-16,"TSX Today: Why Stocks Could Sink Further on Friday, December 16",The Motley Fool Canada,https://news.google.com/rss/articles/CBMimAFBVV95cUxQVUlXTnRlY0swejR6Qk1WREE3bHI0NVVUUGxSR1FRQjNGNExvMTgzM3dlNW5oQzhjTGpqaUhmMHhPd0QxNTFOdk1qYkI3NmdXblk4LTR6Xy1FTjBrVjg2RXVSaDZJSHpqdmhTVnFSUzFULWFOUmJVcDlMZGRsa1V1VjhqYW5TTnRnbDJoVFJvZ1FYemhRSWxjMQ?oc=5
SU.TO,2022-12-19,Suncor faces charges related to injury of offshore N.L. worker: regulator,OHS Canada Magazine,https://news.google.com/rss/articles/CBMiqwFBVV95cUxPNndZUlZoNFdKbmNYeHhnLW1GRThmQ2U0R3ByRFJ3M1M0eXEyQVBpclM2d1dQaWQwdXJiYkdJdXhVelJNamh5Mlc0SnptWExtcHV2bHBNUmNVVXE0RmpaMkxyUXBfbDRaUGRVbjJhSm1mbXl6dUc5ejZsZGw3RXJuclNkcmJlQTRSdWk5UDR3NFlGVDRGVE82NkZSbWtnNllub1NqT05VaWVRRDQ?oc=5
SU.TO,2022-12-22,"Canadian watchdog yet to decide on Roger-Shaw merger, to give notice ahead of decision",Yahoo! Finance Canada,https://news.google.com/rss/articles/CBMiiwFBVV95cUxNRERQNW1LVFJMWEtjdU1MSXU5VnBlajNIeExTZ0RsNERacUVkUVpOcTdhNUgzT2dYREU4NkM0bnRoRGpMTXpobnhKSjNLUHdyQ2N5R3UtbTZHZXhwdzhFZjFJeTFfSmNHSmJrbTlvc3VJLTVvamlxbjFZenZGdlJ3ZEZ1ZlZNczJyNjJv?oc=5
SU.TO,2022-12-24,The ‘top employer’ where workers kept dying: List under scrutiny after Suncor’s inclusion,OHS Canada Magazine,https://news.google.com/rss/articles/CBMid0FVX3lxTE5iN3hPZHZIc09XNXlhN3lzenhGb1NyTWd6MEl5T0tiZ0FucDZLdTlnd1lOTXJQcWdDa2V4TXZKeFlReF9rOTFucllQTktYQnNWVzVBZWJsZVp2ZTdsZExEZDJ6NkV1V0tJZFB2WlM2TVNDTU5MS01j?oc=5
SU.TO,2022-12-28,How Canada’s Top 10 Oil & Gas Producers Are Working to Reduce Emissions,EnergyNow,https://news.google.com/rss/articles/CBMinwFBVV95cUxPSEttbVp1aDJFdkx0MGdOVUhMNVBlZ1N1d1dud2xkNUx4UFE2S3A4WXFYQnNMdnNhTXJSRGVlUmhCZHdPQXhraVVLczVLSVpNMkhwcFNyYkJVMWM4QlAzVDlVeDliRDYya0pGQmFxa0hEYVhFeGZUVERvWktIN0p2THFzZnM3X3d3SkdfMGU1SENFSTExUlV4S2czd0dMUVk?oc=5
SU.TO,2023-01-12,The Suncor shutdown hasn’t led to big spikes in Colorado fuel prices or air pollution — yet,Colorado Public Radio,https://news.google.com/rss/articles/CBMifkFVX3lxTE1jOGpIWHhGMVVQUWQ0RExhYm1VazFsbWJnNkdyUkVoLWlGSENSdlBzQUUwb2RyckJ3dmdHLTZoSGJ2bjBrTzNaRDFIdzMydXlHSTBIVW95UUhURWQzdGdPMURCUy1ybWJxRjNHVWlZdGNDMFplWWM0bjFhNVZBUQ?oc=5
SU.TO,2023-01-12,Canada’s 100 highest paid CEOs were paid $1.4B in 2021,The Alberta Worker,https://news.google.com/rss/articles/CBMiiwFBVV95cUxNaVpIWjEzenlaQjVUY3dNQk1tcFNsN2kzTU1RR3NxWlF4SW1PVUNPNTNQVjlNdGtLRC1PMG41a21Tak04S1BONV9yN0FNTGZKNHVOX2VlZlVIdVFmTEZmTGYwdXlZSE1oTldMN3FVdU90anRwZzE1eXY5QXlTMThrdXNzQ0s0X3pKdnVj?oc=5
SU.TO,2023-01-13,"Secrecy surrounds Suncor’s shutdown, but experts say it’s a sign the company’s invested in Commerce City",The Denver Post,https://news.google.com/rss/articles/CBMiggFBVV95cUxORmxnalN5MjN2bFhJaHZ4aFpuNUwySVN4Q3ZnbXZrRVdkWC02c20zdS1BYzc3UnpRVHdvdVZIOFBOZUxYZW5UZlRFbmNiZWl5S0FraEhGVHk4UnFXQzB6SFg2X2VadlBFUWtaR3pRNFd3V2NiaHNfRUlRbmdNdmMxMjZR?oc=5
SU.TO,2023-01-20,Benzene pollution could be another consequence of recent malfunctions at Suncor Energy,Colorado Public Radio,https://news.google.com/rss/articles/CBMiaEFVX3lxTE80aDVkR3pKZHRYaHpZcWk0VTNYdnBCNlJTa0UtYUNkZVdvZmZUaVpWNGRFbUczdFgyLWJldkJpeEVhcTF4dDNqRGEwZEFnQjZtb2t6NzVEcDZVQ2VWS2gxMkltZEh6S05Q?oc=5
SU.TO,2023-01-26,Strathroy area wind farm sold,Sarnia News Today,https://news.google.com/rss/articles/CBMifEFVX3lxTFA3LVNBS1ktSjRDd2JpQWFKS0k4RFo2bTVzOUhJblBfeW43VE1IUGIwLV9MaXFrVEk3Vjh5b3FWbHpLeFJTazFCdkl5NV8wVWt0ZzZZS2dUa2szT3NRWUlqZmNDQkZjQ0hta2RQZ3laOXhJb1RraXVJTlowMVQ?oc=5
SU.TO,2023-01-27,"TotalEnergies buys extra Canada oil sands project stake, squeezing Suncor",Reuters,https://news.google.com/rss/articles/CBMiygFBVV95cUxQMFdBLVJlWklSMktQMUR4dGRUNnJUdWZ6SjgzRUNTU0JIcEhVVnRYYnAtSmZsOXVUaU03M2o2cktsOW9LUVQ4U0Fzb3JUT2Y0S28tTW1vSzQxdE5RMnlKRFktMUFBdG5ScTBWNjhnR0lXdnNoSHR4WFlTeWZpODZWV2dHR1ZFWnh3UWhaQ3F4UkRsWEhIOG9XTTUzQWo1aXpubHl4OWJLYUExcWRNbGdXZ0xPZkE5NWtlUmM3U3Rxc3F0MUI2Yk1abU9R?oc=5
SU.TO,2023-01-30,Editorial: Suncor can’t be this obtuse if it wants a future in Denver,The Denver Post,https://news.google.com/rss/articles/CBMikgFBVV95cUxOZ0ZqUmk2OFZRUjB1T2lFb3lVQ1gtcEJyREJOU3V4Rlp2dTVzaEJXN1JDTHdiWFBLcnoweHIzek91aGpZMnl3T1FfbWtRZWp2QkNvWUNDMDNiY3BWUTk5MEJPOWtVN0FoVFpKNHMyYlpMOWhfMzhyMEo1ZmNscHVGS1JydEV2c1dhXzE1VnJ6YnpnUQ?oc=5
SU.TO,2023-01-31,"Suncor says leak contained at Commerce City, Colorado refinery",Reuters,https://news.google.com/rss/articles/CBMirwFBVV95cUxOX2EtQ2syYVlsTWFKV1pybndMa0xIZlJKdUMxZVZET05KdzF5aTl2bjUtUlM4V0p4azc0RU5nb1NmX1VUQkNjeHB6RmNYeXhGSm52bzNOSWtPd0wyOEJ1WVdsUFRvanM5dVlGX1RjajVFTjNzRjN3SXl5dDBUNE5uNzZhN1EtTWtqSElZN0xOOTZ1U0Q1cVlacE9FdzVlaHp0VDBDZEFDMmMzYzZHaVNN?oc=5
SU.TO,2023-02-08,TotalEnergies’ spinout of Alberta assets expected to be largest IPO on TSX since 2021,The Globe and Mail,https://news.google.com/rss/articles/CBMiigFBVV95cUxPSnlrQ2kzaTJJM29zVDIxU3d2UG4yTG5BNS1rU3N6WTdQVy0xUkFvcGM4ZXFPNm5qM2hjalBfQk4yMG44WGxzTV9CTkhSVnZRZFJMdDdEMF9BQ185dUwxb3dYQS00OHRiM3VLRzhLV1lxYnFMajlyTlZpVllxUzF4ZE9KM3VIeVVRMGc?oc=5
SU.TO,2023-02-11,"The new shareholder friendly energy company: Big on dividends, forget renewables",The Globe and Mail,https://news.google.com/rss/articles/CBMi3AFBVV95cUxNWXd4dXVQRmQzd2FmeWJURGdhSFpLYXNLUTZKZDhxalRLLTVGVkVxZHFIMkUwQld3TWJjTmpXcjV1VGpkNVlmek9haGFZbDdobFJCU1hnMTNFQ0RaSk9mOEdHZDJBRmhnLTRqQzY0Z3RGUUlZY3hhalVmbkdpRFNaOW9US1VZdHQ5VV9IenZVRTRyeV80MXZKVS1fYVI1RDVicU1jSk1kYlZ4XzVQRmJQNS1kUlNhMHZIRTRwUkNXRHJvc0ZGQjJjYnVNTW9aTWhMUGZYSnl4cGV0TmFX?oc=5
SU.TO,2023-02-14,Canada's Suncor beats quarterly profit estimates on higher crude prices,Reuters,https://news.google.com/rss/articles/CBMioAFBVV95cUxPb201ZzlKNEljQ3ctWGVzZ01EREVIYkV1eFBKQ1pKYnF4ZUZTcnF5OEpLOVZ6a0VtZU04NDVjVUU3d25oaTdFUHpYbjhqRFVUTGc1ZkV2WmljYkstZWFUM0JINVplZF9sRlpDZk5US3BJSkt5S1o3V1ZwOW9JVnRKd1Z5SV9SNWFBTENFRmprMnNWN0pSbGEtZWg2dDJuMC1D?oc=5
SU.TO,2023-02-15,Suncor working on options to replace supply from key oil sands mine,BOE Report,https://news.google.com/rss/articles/CBMiowFBVV95cUxPY2ZDVi1RWGlNajVodXRFZHBBeE5vU1NMaEFmMzZsVVYyUWxCMXlLYkNCQlJINEFTbkI0Z2JTQThGMEJnVDhhT3YwWWlhdUptTEJ3cEZtTkgzajlyR0FNR2hldUpaSFV1VFN2Y2F6MU1TX3lxRzEwTmtxVXZqQlowN25idlp1ZFNnb3BubUFEVHBCa0lSSEpaaXpoTGxWRndJT2Q00gGoAUFVX3lxTE1FSGJ2OVpMQTBFSGxNMURkSTV0YzRqcE40aWFHSTNRT29LRURYelIzb0tRQW5BOF9xUnlseFdpanhiWGxiRFM2TGpUOWh0aWQtWVZhdWxLZ3JDYkxHOWd3M2cxTVlFT2EtbWVReTNxUHBDc3I5dEhtUUZwdWVvRUU0QTVWTjVNT1hjVUtDUXF0NlFKOWV2MEVXaWpfcUxFS0g1Y2k4VnY1WQ?oc=5
SU.TO,2023-02-15,Canada's Suncor mulling options to replace supply from key oil sands mine,Reuters,https://news.google.com/rss/articles/CBMitwFBVV95cUxQaHNDSHg4eVpSaF96RzdPUG92Y2NuMktDR21fTXZiYTRWYUFIS1JwVzU0U3JyN1locV8yOWNFdlNGYWwtYmRhdXFadDJHZkljbnptVk1udEdDSTNaYjB5blU0SWlzT2k4N25VV0VVRjNCLUpsRWdWVThQY3pOQXdkVzVqNk1tUlcyaTFyNnhFaFJJMC13UkxIQXJGV0ZYQi1wOVpGU3ZQTWN3OGdMd1ZFYU0wamkzc3c?oc=5
SU.TO,2023-02-20,Suncor Stock: How High Could it Go in 2023?,Yahoo! Finance Canada,https://news.google.com/rss/articles/CBMigwFBVV95cUxQLTFGdnRuNUVBbTdkQVNnZ001RFA3Qzg3RjJHclRoVUJIV2xqZnNiUlpEUGl2SUJRRFBVUXVPVTRlM0IxZ0tna1VwQjNkTWlqdGNtcm1aUmp5RmJ0MGMwRGtieDUyUzRFWlpUbWlWUmxhWlgydDNmZEVzTXNzZVEtM3JrRQ?oc=5
SU.TO,2023-02-21,Suncor Board Announces Rich Kruger as New President and Chief Executive Officer,EnergyNow,https://news.google.com/rss/articles/CBMirgFBVV95cUxNRnB1WU5sN0dlVXN5ak1jNEpSZE4zYXRmX1o2YjJJYXBSb3JDMVVVRi1qS3pPNk9PeGZ2RDZaZjY1VmowMFQ0YkZTQVN0c3lrX1IwQlFkUy0tS09NeDBGbjdVT012MmZ6aTJFY0hoVExFQ3ZqT1JRajZJMkotN3BwVGFDbTkzeUw2Z1F2TWFXZXU2QzhNWkNVNENJcXFHSy1RNDZQV29hWU1xUndSQ1E?oc=5
SU.TO,2023-03-02,Better Buy: Suncor Energy or Cenovus?,Yahoo! Finance Canada,https://news.google.com/rss/articles/CBMiiAFBVV95cUxNTUZHcUN2Zy1tSVp1M2dDamlSdDhyUlpNTC15VFhLUlFsUzRTaFlwaFQxUjBLRnhXMnhCY1F6cDA0ZDllSWFZUzRQX1lJNmhWeGlCVFJfOXJXWWUzUHNSM3hmeXl3MF90Nk96MGE0SGFuY3FXbjFqbTBDY3dvQ0JqdFZGZGFSYUxq?oc=5
SU.TO,2023-03-03,Norway’s Equinor Adds to North Sea Oil and Gas Portfolio,gCaptain,https://news.google.com/rss/articles/CBMigwFBVV95cUxNUU4tWlB2WmtidjVnVm9fN3ZXd21scGpoM2pMOFJYVG5QU25ueXJpalc4RWx4ZURiTHY3VWgxbFRIdjRhcElVdmVNZlBoaU1ITzBqY2puUzhnMWwtM01qMm40QlRVbnZneGdPX254cEZiTGUwWjlVQmd4M2UwdkZXUWYtbw?oc=5
SU.TO,2023-03-03,Norway's Equinor buys Suncor Energy UK in $850 million deal,Reuters,https://news.google.com/rss/articles/CBMiogFBVV95cUxOS01Gd0xwdlBfQW5YX0VZd3lUYzg4VlVBay0xYmJKSTRRZFRJU1ZLVkpIZnJlSllSUEdBQVBxUS0wT05YLXMzYTM5dm5RX0tMd2Q3VGdSaTlZQzJfUWVQWjhuNjBXb0RlSTd0cWhOdXMtZzM3Mkd0dmpCdWZLVWw5TGJCTHdHVFoxWGVyZWM5QmdGZExTdVFXQXc5bktPOWVMMXc?oc=5
SU.TO,2023-03-06,"Couche-Tard pledge to add EV chargers, sell cage-free eggs may be too little for ESG investors",Financial Post,https://news.google.com/rss/articles/CBMiigFBVV95cUxQWmowbGtxV1k1aXNHb0dudDBBZFRkOHRUYWxjRzVwUm1wbGxxcC1Pcm9VTnZrVVNJZ1I2MGpiVFM5OE1CODlPZjkzbjFfTS1FN2VGd3lKNTdfVlFDTTNpSHdVV3NCQVZSNDFPc1BhdThxbElDLUtQY0ZTX1FvRGwwYjV5b09rd1ZZdlE?oc=5
SU.TO,2023-03-09,"Suncor Energy Inc. stock falls Thursday, still outperforms market",MarketWatch,https://news.google.com/rss/articles/CBMiwAFBVV95cUxQR1JRMlI5UlQydm9vWlFia0RmaER0Qy1ZTnJnbkdWczhjMkxiU21rUXhSZFkzNXB4UWhteVBMeXYzZHg1TzBDX0w3Z2VMWlNOT1dvVUZzSlZ1UWp4TGF0TWhLbmYzQllHUVJHWlk3XzdaeXZKQUlHT0FYc19XcFN2empOWUNvem1Ca1ljQmkwdFpxMVdLSjZiWmJVaGlGcjNKWmx3NzRhUGEtbGo3bUcxSE8tMGZiS3phRXRkQ3lHdkE?oc=5
SU.TO,2023-03-10,"These oilsands companies raked in $35B last year. Now, they’re asking for public money to help fight climate change",Toronto Star,https://news.google.com/rss/articles/CBMi_gFBVV95cUxPR0NBNVByMElMYmljUTEyaU5mMG5fUERWdDBNeGdJaTNvVGNrRVhEUElXUksydHJJSHNTaTNnT1UzNElDTExQWGZ1YWlXa1VZTDZYckI1UE9yZDB0aElraC05d3RqQllvejdJS2NGajQ5Q2dtcXMwV2IzNVc5T1RGMUN4Nkg5Y1pFRG5RTGVOR1NFZEJVX0hhNE5jRzlXbTFFTVg2VVNjUHRRTHNud1MtaDRoQUMwbk9EV2c4OWJQZjVrU1BDLVBQQ0Vob3AzSk9xQXpUby04MUVJYXB2ZENvVjh3aWd4bzBUM3dHVC03eWs5WHZvTWF1Y1d2NkF2dw?oc=5
SU.TO,2023-03-14,"Down 40%, Should You Ditch or Dive Into NFI Stock?",Yahoo! Finance Canada,https://news.google.com/rss/articles/CBMie0FVX3lxTE16bkhjNThsSjJDdWxrWVI5Z0gzOVFMY1MzOXIySXpOZ291aU9MWF92TEZWbERma0R5Z1pVZ1ZOSDVyVEZXbkc3TlRLTWdVcXlXWTVuVWdFWVBOYm1EVUlfdjNRWDRxa0RKOG5ZZWw2OWNWczhLUm9KbVFKaw?oc=5
SU.TO,2023-03-16,"TSX Today: What to Watch for in Stocks on Thursday, March 16",The Motley Fool Canada,https://news.google.com/rss/articles/CBMilAFBVV95cUxOdFFxU1pPby1NSEpHRHpPdGM1RmxTWFJoYmd4dEdCU0tWQ2tLbzVfeG5oeFR4Si15N1hsVE1vNDBmOGpxb0NVVFNVZHdRRDdpOTRxdGV2MGQyZGhBVkl0dHJiUzFVQ0VVUFBlT1NrY0h6ZEVGZXc4U1AySWJWMUFXUVVBeTNZS01Yay1lSmdaQnlRWFlL?oc=5
SU.TO,2023-03-17,"3 Stocks That Could Turn $5,000 Into $50,000 by 2030",Yahoo! Finance Canada,https://news.google.com/rss/articles/CBMiekFVX3lxTFBXRWxDTEhndkVwOHg3VWVacy1kT2UwSlF5YXJWSE43MTBDX3g3MmlobElZSk4wZGdCNDc3SEJ4b3lHWUpXMUJEZzYxRVVrNWdwcUExQm1DRHZuU0ZUYWFwLUthQWktN2lsLVFHd1NhMGY1dVY1V3FVbE13?oc=5
SU.TO,2023-03-27,Diane Francis: Alberta on the cusp of another resource boom,Yahoo! Finance Canada,https://news.google.com/rss/articles/CBMiiwFBVV95cUxOaHlEZ0d6V1VCZG1ScEJGckFtZ2R3OURBa3lHZVFXN3F1Q3dERktpc2tzb25VVTREY2FBTDBnOXhMRXhpNG81NWZReXdfZFBXUndTZFRKRXNJeGZGSnJWQjBoaGdLeWcyamtuUXB6UnExWWwyTVJva0VZNjlOXzB3cE5aTnR4Ui1JVEtR?oc=5
SU.TO,2023-03-31,This 7.5 Percent Dividend Stock Pays Cash Every Month,Yahoo! Finance Canada,https://news.google.com/rss/articles/CBMigAFBVV95cUxPTGJGajV4bnFfcGUyMW9oa3ZNZnk1dTNGUDJJXzBCUTdlQnQxNms2VkVlTThVODMxUDQ3YzBnVzcwaWhuUlQ4eGFkS3d5Uk5VVjZISXBFNGlFWFczcDNpdFo1X2xEUGdNbExybFNVclVKMGs4TnJZanlfQkEzX09UaQ?oc=5
SU.TO,2023-04-03,Rogers' $26-billion deal to buy Shaw closes two years after initial agreement,Yahoo! Finance Canada,https://news.google.com/rss/articles/CBMigAFBVV95cUxOZndUR1hZRmNTVXNoRlZGV3BLVXJQS0o3VXg2d2RxME4wTVpqcEVZbW03RldNSC14dWNseFVja3hMZ3FtcXlIUTRBYVdqSmRpZUsxLU5sWVhzOFpxZkRJSllndlJLbVNqLUg1RHdQVmtZaWwzNFYwZUpTdXdpall4TA?oc=5
SU.TO,2023-04-05,17 Oil Stocks With up to 180% Upside As OPEC Tightens Supply: BofA,Business Insider,https://news.google.com/rss/articles/CBMikwFBVV95cUxQNW45M2JOWjUtcDJVRVU5Q2NPakdWNmhtYWpkWFZNb3RMSVdNY1g4eHdNYkJ1bkhCM3E2d2RpX0o5Mnc2X1NucE12ZWdGWi05YWczbHItNTVTckRkMDN6SHZBYmtuNFRDZlpVTU14OS1aRWdVQzlTbjN6clROMU5NUkN3N05ZSVZtLVZXMUMwQ2pOWTA?oc=5
SU.TO,2023-04-20,Exxon’s Unethical Supreme Court Play,The American Prospect,https://news.google.com/rss/articles/CBMihgFBVV95cUxPWGpNUmRmc2JyZC1qWTVEUWowWVh4THM3Ym8teUUwRGJtUWN3VUtkNUd0ZE82UE5VUW93blBGbnJxLTktTnhYc0VNdGJnTU1wdkYxTXFiTHRIVmI0RnpRRVNEOF9WS2l5bE9ZUlZsSF9QZG8xeEIwSmpEN2RsQ25VWnRyNkJnZw?oc=5
SU.TO,2023-04-23,"Warren Buffett’s Canadian investments, listed",Cantech Letter,https://news.google.com/rss/articles/CBMiigFBVV95cUxQT29ncGF6TWtwM0thVW5pbWYwUzF1d3JjZmJRN2M2YnFmb3RMc0EzUS01bmRLOGJHSjdVZDNGcVdRNWc1X0ttcVNxeEFzd09JTC1JZmpfdUtKZzJISWFMMVBCYzhTVWJuaXhLRmNhZm0yYS1jVUxPYjMtb05VNVZIQk9wdnR4QUZSVWfSAY8BQVVfeXFMUGFLeDNBRndHRUlfd0x0VERFSFdtNVlNNzZzMWRFczRpREZVc2NIeGJ6b0oxbGFOd1Z4dXZtS3BPTUNQU3E0Y0Vwd1JTVWlQSDZqUmV2d0tDbEpyTGJtR29oTE8tcUJfc2hSazVKTmNuMVRWaXdldk9LN3ZMQTZ2d0ZCTEdFSjZtZTdwVWUzcDg?oc=5
SU.TO,2023-04-24,Boulder’s blockbuster climate lawsuit against Suncor and Exxon Mobil has a path forward,Colorado Public Radio,https://news.google.com/rss/articles/CBMif0FVX3lxTFA0R1Z0X3pLUHZUVzRaNlJ4M0RiV2NSSExrVmZQQWNodWFtY05ENERlUE9tSU5CVHlkZEJaTVNMSmtubnB6YVBZenhsVGVKR3ZwNnBXTnZoVHBnbnFtY2p1NmlEd0ptX1V6WHZ0eDB2TFZYTkI2bFM0Q283QXVSUHc?oc=5
SU.TO,2023-04-24,Supreme Court Allows State-Law Climate Suits Against Oil Companies to Proceed,wsj.com,https://news.google.com/rss/articles/CBMixAFBVV95cUxQZjFMRVdpeWtfYTZvdEVwR3JLVE9XcnpxQlprUUF5ODhodHUyNWpTODVLQXNVbUNZcHFCRTlIMnBXOHNnMktld05XSGs1UDJIcWVaYWpDWE9FazFtb0hmbDR5dlRIY1RLZkQ3aVdWMlRGVV9IX0ROeWtNN1ZjODloQ1l2QW9xNmJ3TmFQNno2dnNzeHJ2SVNBV3ZKQUdiNEpCTVpEdC13Z1NubDFIcVdMdmNJeE9oVC0ycmhCRFBob2p2Y2M0?oc=5
SU.TO,2023-04-27,"TotalEnergies sheds Canadian oil sands, promises to reward shareholders",Reuters,https://news.google.com/rss/articles/CBMitwFBVV95cUxNbldUeFpRYm9BQTdsUE00RUZEVjIydllZeWpuMUM4REEtNTJqdk5Kd0Fjb3RXRXVKOG52RFJWT25CNTZ0by1VYzRUNlB1RWF5eVhPcWEtbGN2SjczRHJ6V1NERDhjWW9VRkZvLUhhR2dTaTZqSzdQM0FBRWZ5ZU5vS3lzU0EtOXZmVDFpZzdHZEMyVDlvY1VhSUdwSEUyNjJTcWYwQVVLbHpKekN1blBUdS1jMEFBRjQ?oc=5
SU.TO,2023-05-02,30 MPs each disclosed over $10K in oil and gas stocks,thenarwhal.ca,https://news.google.com/rss/articles/CBMiZkFVX3lxTE5LRlc0SFZ0bUxBaFpLRktsVnQxeU1OYlVPQndaRVF5OVRZdHlVbDNOVHFfN1E3NW1jeU92cGJ0UHpZNHQxZ3loMUpyRzM3dWYxNm1NM1FGWm0wX0NhdjdlaVZJWHEtdw?oc=5
SU.TO,2023-05-03,Petro-Canada and Canadian Tire Corporation Announce New Partnership,Investing News Network,https://news.google.com/rss/articles/CBMimgFBVV95cUxNODZWU1ZWUHlDT3d5QVBwUERqeTBRRUl3N3gxczhfUzhwSTNTejlSSU8tdUNuUHZvRFhVU01YMGxKb3RzRmtNMU1xQWV1ZGVZdE5mbk9QUUJEdi1iZ0Q1MjFtNEtaMTJ2allBaE5sY2F3ZUsxZXliVERpekwxVE80eDJrY21QY0g5WUJpTlhoNnNiRi1qc1hHWF9n?oc=5
SU.TO,2023-05-04,"How To Allocate $20,000 Among My Top 20 Dividend Income Stocks For May 2023",Seeking Alpha,https://news.google.com/rss/articles/CBMiqwFBVV95cUxOMXBkcmZOejFsbkYtM2djY2pINTc0cEVZTFZJaEl6Tmhlc21mdk9IalQwY2F6RHRfMUhBRWY0aXN3WjRzcmJsUTRhbkNGZEhwSXJBckxteVU4RUhjamx1V1dQVUhkNmVGckNHUmlyTkw2NDBlSlJldjZ6ZHNmcFhUdWtGaFFKRkNnR3EwMDNaNTdUdmZOZ2taNE9PbXAxSjlWaEFJRlM5MWt1Rkk?oc=5
SU.TO,2023-05-09,"Suncor Energy's new CEO aims to cut costs, simplify operations after accidents",Reuters,https://news.google.com/rss/articles/CBMitwFBVV95cUxQVDlQUFVEZ0JBeXBEbHI0QUdWOEkwNWprTnRCSHduYlNKdmkwY19ySkN0ZGVNMzZKSXdJc1Y0bFpHSk5sNnNRSlJKd0FneWhoMWl3czN1Ykl1YVB1T1Q0NVJuWTB0bGlNdzVSb1FJT2ZYbGxoeWNyZTNIcU5TR2FuUHhoM04xaHBzS1pBQWRELW1MT2ZLbXQtOGZDRDNiVjdvOUl3dV9ucUc5TXQ1c1hYbjBMLWtoOWs?oc=5
SU.TO,2023-05-09,Suncor Energy (NYSE:SU) Q1 Results Beat Estimates Despite Y/Y Decline,TipRanks,https://news.google.com/rss/articles/CBMinAFBVV95cUxNb0JsNXhCNGtMS1N1NlZXM29lNVBHeXZ1U3gyVVI0ZnA1QjlYZmdSbzlFaWF2WEdTd284RDdCaDcxMkRtaGVRdU5jUzZTZzlVSlVqQ1pqUXE3bVhqV2VQNG1FS0pzUzNKZ0FmWHprQ05RWTNtWWdlOHRGMUpXQjNIUjJmRkxxV0RNZndnVm9BblY1RGt1dGpacTNpLVU?oc=5
SU.TO,2023-05-10,Smiths plans the appointment of a new chair,Smiths Group,https://news.google.com/rss/articles/CBMimgFBVV95cUxOeC1mYnhvSUdhajI3Rjg2bkUzbWZRb3U5VHc5M1J0eFZfbUltVE1ZUjZNZWRnRmhHUTJHdFkydVN5ZEpjVXlWX2VfSXlKWTBCN3BWSUZ0T0JhS2ZsMDdQUlJ0WEpMNXRKZnAyMTlNSHpoQlNqc0xETFhSS2UwNi15ZThycHdLeFRIVmd3QVhkNkRaaTE1R1dUVGxn?oc=5
SU.TO,2023-05-10,Worker injured by bear at Suncor plant north of Fort McMurray,OHS Canada Magazine,https://news.google.com/rss/articles/CBMingFBVV95cUxPdTZ5ZDByeHBETVpWcVp0Nm1aTmZWbDlOY1R1UVFmWTVLWlRUaGhGbGFoTVpBanROUHAyNEVyS2FuM2g5bnc4Z0xkaXdMRjA4b0VuQ0dCT2piOEUxOWRuaURsOS1nUHcyY2ZLdG93Y0VhNTYzc3p2R1lHVTc5ZUpaWWRkd2k5TlNaUmZYeFN1ZzZlYktnWVU1YlpOV1d6QQ?oc=5
SU.TO,2023-05-11,Should a WestJet Strike Scare You Away From Airline Stocks?,Yahoo! Finance Canada,https://news.google.com/rss/articles/CBMiigFBVV95cUxNdFNoOW56OWZwNDhMa2pjNk84eWFVMHlMcHNFTXFfNmxOS0RjcndfQ1pRODFzMXBiSjBWanpoTW5ybFFPSVFsdGp3V04yalRSNWFEX3V0V0Nqd3gtWXdMSXRZYWgzeGEwQUU0RTdNdXVRdUZYQ0JOazZWSFUzYzd5VXFzZVpsUlRaWUE?oc=5
SU.TO,2023-05-17,20 undervalued large cap stocks on the TSX,The Globe and Mail,https://news.google.com/rss/articles/CBMixAFBVV95cUxPWEMxeUh4SE44cWpQU2hfVnUtVTMyOE5Ubkp1ZFROcU9xc3BkOU9mRzd3VU8wMmFkU01oYXhaM05oV1ZBelRLY01qc1V1dWZxNkRCSG85dTdlZEwtNlR1QlphZGZ2ZEV2ekU0dkRobTBJYkJkbHlCa2htRURER0poUkIzX0dpSGlPaURZdTB5bUlJS2ZRd3l5aXZPc1B0UE8zQlIxTnRhYlluYmVEZjZkcXMyQ2p4M1lpdTN1clFCcTR5RTBT?oc=5
SU.TO,2023-05-26,Why this portfolio manager is buying utilities on ‘strong dividends’ and selling big energy,The Globe and Mail,https://news.google.com/rss/articles/CBMi4wFBVV95cUxOaTc4X0dUR1RVZXI5dzJraUdwOGRYTjlBenpKQk5SbTdLT0MxTkEtVVNHS1ZSU3JnekVnRmR4R3A3RTV1ZUF1S3ZBYnlvdFRkUzhiVjEta2tSTG51REVYalBrclk2M3FrdHB0Y2lZZ2JjLXZCdmNLLTlocDRzT2wtdDVMQ2tYR2g4WTNRbnZGV1hZVGMtQXk0bXc1ZEgyQ1VSNHloaG5NS0hfZVliSUI4clNtRnZhNmlud0Q5bkU2YjVWcmpIUHE4RTVaWjJJS21xbXZVT0tjWjgxMEVfSnc1QWtCOA?oc=5
SU.TO,2023-05-26,"ConocoPhillips to buy rest of Canada's Surmont oil site, bumping Suncor",Reuters,https://news.google.com/rss/articles/CBMiuAFBVV95cUxPZmRtbkctWTRZTEpxWlh1UERxZ0dFbUZOZUR4VXVZRkFoNV92d2s4UmJDY0hwR3JUMHpCMXpqcHQ5QjhKQWZMY1VkWWlMVk81SGJxeDNwcU5yRjFDcmpzTGtOZWdJXzRza0lWb0V3YkVOZjE0bHI0MFJiNlRZWl80bzdBUUpBRkJZamE5LW53Q1dNV2RFb2M2LUN3aE96SDFIT09MOVpuc2JRV09JTnlfcENaTGZXTjhv?oc=5
SU.TO,2023-06-02,"Canadian oil producer Suncor Energy to cut 1,500 jobs under new CEO",Reuters,https://news.google.com/rss/articles/CBMitgFBVV95cUxQbjlGMEFjNC1YU3hVWm5hc05qcEZsMEJrSGF3QTEtZkJBMjJaYmI1TlZXRVNPZHNvTS1DaTVTOUxfbDB4aHNYbWpHU2xfdzVNckV5bU12MlVxNVl6YklJMjdxNktxSnQtRkhULS1KdWRod2txMkY2aFphaU9yLTFVbGVGSmpBWFJkV3dINFN1eURwWkkyYWlhckhPZ05iN3ZSVTZ2QWVwRjhJUDNaejM5eTVzalRaQQ?oc=5
SU.TO,2023-06-02,"Suncor to cut 1,500 additional jobs by end of year, vows no cuts that impact worker safety",OHS Canada Magazine,https://news.google.com/rss/articles/CBMitgFBVV95cUxPbk5INkdjYWZqWGlUSXM1Q0RZWW1Zd1pvaEpsVWlIZGlkM3VobGhja3Q4bzl5dEhubldLVllmNHNQVDdWTTczTkpoTzU2Y1cwZGo3WldDcTNtcnhDNmtrT1NNSldKS0VGajZ4Tl92ckpWNVdrR3J4ZFBtTFJaQnBrYXBjV0N1d1B5Qk15TC1tcGZIQ3l5VVVEUHoyXzhJLWR3Rnd3UC1VUXdKcDk2SEhGX3Nldlh1Zw?oc=5
SU.TO,2023-06-09,"Suncor has more pollution problems than similar U.S. refineries, new EPA report finds",Colorado Public Radio,https://news.google.com/rss/articles/CBMib0FVX3lxTFB0dUZpM2Y2N2QzUXdBeF9hZTdYZEttRWp6ZU5Ea0hwZGV3UnBQZ2o0a2dMeENRd3pjb1dtRmhmSjh6LXctQVpnaXBCbEdXZWQ1WHY3dzdEajRlY3BvUkR1OXlXQ2FNS1gxb2d0dk1waw?oc=5
SU.TO,2023-06-12,"Suncor's Colorado refinery may experience greater air pollution incidents than comparable refineries, EPA report says",Reuters,https://news.google.com/rss/articles/CBMizwFBVV95cUxQRnFwcEZFZlprRTR4Nl92Unp6eFR6cllPX1pHdDhFejBuenFjVi1KOVdObjZLTS1NZmVsa3d5c2hmd3RxeFZXWmdUQjdDR3FId0g1OXlQa0VkaUFMV00xQUFabkJGVnlVN1pyeGR4V0JsZ3FwUEVxSDl3U0Foc25FUnA1d3ZtNUtfTFRFYlZWeWNvc3BELUprTmtSU2N2dzRmZXhzc3Q4LXV0WEJQTEQ0YUhCVXlJVDdjU1BhWXg4N0pfZTZUa2VhWE5aZE9feW8?oc=5
SU.TO,2023-06-15,"Layoffs pick up pace in Canada as Bell cuts 1,300 roles",Reuters,https://news.google.com/rss/articles/CBMimAFBVV95cUxPbktKa3ZnbXV6dm9vOXpEbWkwN1U2VE5ja0VTaU1PQW1WNzJIemlZdjZNUWViZmJIUVBySW51TW9sOG9IV1lsSjJvUmc4VVRXLW9WbWFqRHA3REk1U2lHbmRLMW5wX2M4REdxbEF4UE4zd3Z2M3JMOE8xNUxOeklsenhDQUpKMVRyOUZMY0VZNHIwTjUzLXZDYQ?oc=5
SU.TO,2023-06-17,"Share Investing | Share Prices, Performance & Recommendations",intelligentinvestor.com.au,https://news.google.com/rss/articles/CBMimgFBVV95cUxNejlnOVdxNlA4MFNuN1M0cnJVdEY4UkZrUG9XREw2ZmFRWHp2ekI1eE5QUjV5dlVPekI0UkVVdnRZMDBRMjRaVWZBN0tnZkx1MlFTczlnSVBMeFV3VEJiZ2pqQ3otNk5Kd3B0dVhaU0hVSjdMVEtudHI1RXY3LXRXSWhMQnBUQ2R1MjZXUXJYTFNUS0hXdGc3RjRR?oc=5
SU.TO,2023-06-26,Suncor Energy says it experienced a cybersecurity incident,Reuters,https://news.google.com/rss/articles/CBMirAFBVV95cUxPczhYc2ZpNjUxVjdpM2tZdnRuOWFBOG5EbFNkeFV0M1paZElMc2thc0RNcVROQndHWm8xd1daS1hLWGpndmktVDBQNTZ6cnNGdmNObFdIaUZwRXRoM1FCbk94S2liUi1CRDNkaXZPZzctQjJJQTJCbDNnbUswVXoyNGxveEFPQ3ZzR1B2OGNsSDFvLWdtRWRabjRtVElSSEdBbUM1WmFYeHpoSjln?oc=5
SU.TO,2023-06-27,"The Valley: In Grand Junction, oil train route would retrace past",Missoula Current,https://news.google.com/rss/articles/CBMiV0FVX3lxTE50MGZZbGZVSnphOVlCOXFXVnRhRWZ5QXh3QmhUTzFKY2hMOEN1cUVPNERaYS1keTI2c1IycGJpLUdJX0NWOFhLeFB0Wl9BRTJrMzhscEctZw?oc=5
SU.TO,2023-07-04,How to Invest in Oil,Investing News Network,https://news.google.com/rss/articles/CBMisgFBVV95cUxPQ29zY2dWVVBPRVBjNlBqVlBFOUZSRjhwQmtSX0t2UFZpWEcwTlQxMTBXd2praXV3bXZhbkJ2dExRZkJ0VGlfdUhrYm8tQk1BVVo1SFFSbVhFaW5WTkRRZHNtTnBMWkpYZUUwTXpoWGFLcHFGcHd4VzFFOGstNDhMWE5KSkdCbVhHSGthb1NSSHlZQW1mMVNXcHd0ZUs3Vl9iMFd5aWFmdXJGakprdkpuZ3ZR?oc=5
SU.TO,2023-07-06,Update on Suncor Energy Response to Cybersecurity Incident,TMX Newsfile,https://news.google.com/rss/articles/CBMipAFBVV95cUxQbElnMUREZ1VkaUp6Qkt6VUYxem9WRmRsbzZyazJJOVNzU016bkQ4TlJtNkRJM09BNjVDV0FPTHJBb2hsbXBKYkdlUWZGSEJKTmR1cGdSekJpX2N5Mjk4eDlkaUxiXzdSajRXVkpCdmZXYkQxT1I3ZjBvd0Y2ZGlmRmRvSVVoemtGbWV3MXg2eFhRb3Nqc3NmZHU2bUMzZkRNODQ2Sw?oc=5
SU.TO,2023-07-06,Suncor swaps out laptops after cybersecurity incident as energy sector takes stock of risks,CBC,https://news.google.com/rss/articles/CBMilwFBVV95cUxQVWN2ZXlIdS1wZFBZZ3I3cnFjWmwzU1Z0d21oU09jLVZFekVpVTJjRHVfT2s1a3Z4UlhacncyUE8zX3hIWE1aNkw2OUlCZmlxakF5Y0lZQ09DMmgtNElSTEVpUkVuUWY0YXhlZ09Vd2oxdndWRE9rMDFzd1VpcGFYb2pnVGdzZFRtMEtKOEhwbU5iYnpKSWkw?oc=5
SU.TO,2023-07-06,"'Unauthorized party' obtained Petro-Points members' contact information in IT breach, company says",CBC,https://news.google.com/rss/articles/CBMihAFBVV95cUxQZzJuLXgwODFVaHBPZmhxYWNaVl90cy1ZUzV6UGYyZGpjQU8xQWFUOUdMQ2dCQmpZdnBGUnd0SDVwVjc5XzVaVWZ1Ni1uVUlDU3dMdHJfcUgxdUtMVXZGTEo4emxydkVRNmdZM2RkOUZwSURKaTVmcW92Z1BCNUo0bXlaY1g?oc=5
SU.TO,2023-07-12,Wednesday’s analyst upgrades and downgrades,The Globe and Mail,https://news.google.com/rss/articles/CBMiwAFBVV95cUxPQlJIc0FucHZZRWZOWGRtQmlRTTE5U1JGMzNHQWRSSXNlN2dOV1R6T09kWjVJdi04a2lHMjNtZTlJa3FHSWg5UWszT2hKT21kNndTYkVIdE5LN0doV1pWQ2lPRmZtdVhJSXA2Rk5JS1lxenhxQlZ1b0lDU3VtUzJfQWVPSXVYUlYxek5TRExNUTV2SVRsTUp0R3d1YmNIVXNLemxOLXg0M1U5TnJuby1SbkZ3ZUVLb3daU2g2V3FSa1M?oc=5
SU.TO,2023-07-20,Growth Stocks: A Once-in-a-Decade Opportunity to Get Rich,Yahoo! Finance Canada,https://news.google.com/rss/articles/CBMijwFBVV95cUxPLWxBaVU5VEZ6M2hCX2lqOFU0ZF80XzZjUU5CWFNydjNTOG4yUW5KZWw5T3o2a25OVGkyVndwVkJXTzhQWDB1QnZhaGx6YTF0QUNURlFfSVlGWjJrN0tDZ0kwVmxaUDFOZzByZjhCOWlIaU0wUGJHNm1OVlZXZ2UwblUtQnhqUkE0TElCWEpXdw?oc=5
SU.TO,2023-07-27,"After declining an EPA grant, a Latino-led community group ends air monitoring project near Suncor Energy",Colorado Public Radio,https://news.google.com/rss/articles/CBMieEFVX3lxTFBQTTB0cmZraWNEWjhaMTA2WkhTYkRvbVQwZzlwTHZSWlZ4bmlVb04xWGN6VnRlSmlxX1Y4SkdlclpkaDVCX0ZFOTktTjJ4U0I5MTd3RWZ3WE4xQVZuWjRGTC1hWUJ2LW55N1hCSEpQM2lTSXVIMHpXVw?oc=5
SU.TO,2023-07-27,"TFSA Investors: Stocks That Could Turn $6,500 Into $60,000 by 2030",Yahoo! Finance Canada,https://news.google.com/rss/articles/CBMiiAFBVV95cUxONngyeXlRWDh1OVdZTWRQcVhTd0RkeXZHWUJUcHRBNnhzczNCdUYyNmZQMlZkTkdPLTNCdzZtMy1EcVFOX3NZUmZ6LXVHSWt2VzRLRTBXZURtaGdtRlRXdnNROExfZlhoSHZxRmhzcUNXRWJHWU5QbktDb2drd2VTRjJBMHFMV0Ry?oc=5
SU.TO,2023-07-31,Better Buy: Brookfield Corporation or Brookfield Infrastructure Partners?,Yahoo! Finance Canada,https://news.google.com/rss/articles/CBMimAFBVV95cUxNOE1fY3JWLUd1OG5iQXAxUWgycU1lTVhrNDRHcll6anN1V2VpaW1DeXp4LXRwMFNwU0V5ZXNGNmlNZWFnTFI1bUZGVlVaaVVaZm1iUEtzYU8wRXNWRC1VdXVEcHdSaEVvZDBmY3g3TnV2ZzdQM1JGRXhOSk9kckI3UFlKaWhpSmRyYmIxcVluOGF6MzZ0ckIyYw?oc=5
SU.TO,2023-08-01,EPA rejects parts of Colorado’s air quality permit for Suncor Energy refinery,Colorado Public Radio,https://news.google.com/rss/articles/CBMieEFVX3lxTE5qMUNLdUI4d2gyVmZtcVNrQnF5X0pNRzcyS1NUMTdFa0tXS0JfVURuSWxFQXF3Q25iYUxBSlFkSGc2ckN2dWc4bHdDeXcwZi1pM0xwVHN3allQUWs5b28tUEwza09jSkVoZEcwVDk4MUNRUFFnWXBBaA?oc=5
SU.TO,2023-08-02,Hibernia Management and Development Company Ltd.,Hart Energy,https://news.google.com/rss/articles/CBMijgFBVV95cUxQZlFjTnRWNXo1cmVRZ3p1UThpYnFXakZHd1d6Q3ZBRUNTclVwbmxKeThWX19yTWZJb1NBVURaV3p5UHp5ZDZmQ1hRei1jWnVrcGlFSFpnOUttaGd1ZGR0RFUtY242c2gtRnRBSzl4c082cVVtUUdJdUdDVHZWYVlZMF92MHhRcm0xbTFPUDl3?oc=5
SU.TO,2023-08-04,Before You Buy Suncor: Here Are 2 Energy Stocks I’d Buy First,Yahoo! Finance Canada,https://news.google.com/rss/articles/CBMigAFBVV95cUxPc1JTdzBXRnNNRXU3cjFHUXUxbE1ySjNTckU5bnNvUzVDMHJONDNncU45NVYyTWYtdGJiaHZud3pVU3JHUk5HV0pidEtpNGdjTDJpeXZTYTZKaVdYQlp0enVUc1dqamdacTByWTBTRzZmdEEtOUFvU2VONTlsNWQ1cg?oc=5
SU.TO,2023-08-09,Helium Wars Why Are Tech Giants Fighting Over This Rare Gas,Crude Oil Prices Today | OilPrice.com,https://news.google.com/rss/articles/CBMiqwFBVV95cUxPU09GMXpuSnRWdF83TUdZVXUwVEVqSDJ5YWdDX2FjbnpfejZwb1hZeVBkZnZ1Z2RMa2VfWjgydmdNU0F5bmRfcGFtNG40U3piOGtyWmV6dUpvbWMwTFoxY0MtY1JqX182Z0RFalJGSXFoYTZiU2ZwNU94RFFjTmdJYWVNaTl4QWpfRC02SUNWY1JNZW9vNm43VC1seW5SRVZKZDREdGxfV0ZQdE3SAbABQVVfeXFMT0JEd2swM1FobnQ4TlZyZ0NqUldqRlFtSmtlb2VySFh3aHhtUnc3eDNqNGpwWk5jTWxoMlktWHpEVXU0aUJRTTVDVHNvcFh3WjN1NWtsN2JPZGdmRTEwQV9uRDBBbnBOMGdJQ1gzTHZtWnJKYTIzbW9PeHJCNmRmclNxODZYRThoODFxVFBZOUJSU09Wblc2WGFjVWVkRHdiaEhhOExQV0h5RWZyaUtIalI?oc=5
SU.TO,2023-08-15,Great-West Lifeco best at retaining workers while TELUS struggles to keep staff: Research,talentcanada.ca,https://news.google.com/rss/articles/CBMiuAFBVV95cUxORkRhalFCajFFMHRxZXdISlBSTEdPSmpIUzBnMHktai16dUQwbDhha18zYW8yYVcyc1phNDNJbmxCdTJlVzA1eklJY1kybWdiZmlLckpEcnRsOXZkRFhVVHJxU2VNbHFWdDYtQXJLZUdDY2tsd19LNkRJY3JRbktyNlhNZXNCVmhrMzFCOEdieFpJaGFBMEVHUzRWOUhYbC1aN05NRVctR3Vha3JIZWZVZnlQMS1iZHNH?oc=5
SU.TO,2023-08-17,"Limited-edition 2025 Mustang GTD: 800+ horsepower and a $300,000 sticker",Yahoo! Finance Canada,https://news.google.com/rss/articles/CBMiiAFBVV95cUxNOXJYQ3ltZnA3N2dEZXF2TTYwSmpCdjRhTXJxNjE4b0pGYTByb3ZrRTFBaGdNMkFNVXRwd0xOdXlIdVZZVVVnSi1MTVc5ems2TUlaTDJDSmNsV3d0TVEya3YwaDJrNWVDRXdvUXl0OERqNTlDazBKelFjZm8wUnZGeE5tOGJEbmZ3?oc=5
SU.TO,2023-08-20,The Age of Oil Is Ending & We’ll Have a Lot of Oil Left Over | by Michael Barnard | The Future is Electric,Medium,https://news.google.com/rss/articles/CBMisgFBVV95cUxPZWVsUGVxVGxSa0lGazJma0RsTkVPcVQzOFl2MW0ydGpKZFJKazY2b1VKUzIxYV9UQUhERXNhYWFMYVZ0UFlQQm9EVEhNUnJCRWczWEdQN3dDbDhZVjJUUk5DS2VTZGVaRExYTWhjUFNZeWo1aUVPMUJ1UU9BMkVnVUxjZmdnLWhub0xYcmM1YnMzakxFZHlEU0YzcjNRRzdTcEZKeHRWdmZnRmV1R3FjSk93?oc=5
SU.TO,2023-08-20,Would You Buy a Used Energy Strategy from This Guy?,The Energy Mix Weekender,https://news.google.com/rss/articles/CBMihAFBVV95cUxNU2tuYWwzdUtUbWl1YlVCdFBZQldaZWlyTFNxemxDV2g4MHl0Q3ZydWFyYzlmMmJtb1hUb05Lc3F2MlBLYS1sa0hKbnE4V1VQVkFrYnlPVUVlQ3VGWEZKRmRkc1NKMzRhYVNaV2x0bzVyYTYwYURvS1hyNDhnUWpsN29Pamg?oc=5
SU.TO,2023-08-23,How David Crane is helping DOE jump-start the ‘energy revolution’,E&E News by POLITICO,https://news.google.com/rss/articles/CBMinAFBVV95cUxQWmVEWng2VlBybUJNa2Jpc2otNmtBMU1FbWlRaFJZNUl4dndlY3ljYkZDZFZ5c0JTdzJKOUV4MG9nVHc1QkJnMjdicjdiU3l1Q3d5N0k1SE1oempMa1JqRkhWRms1ZXc3T1d2ZGRqUVJTR2xBb1FMVFc1Q0QwdHFZeWZyTGhEaGRWNVdzaFVvVE9QWlBKY29qNWphRFM?oc=5
SU.TO,2023-08-23,"Canada steps up pace of oil production growth, seen rising 8% in two years",Reuters,https://news.google.com/rss/articles/CBMivwFBVV95cUxQSFROSHc2UUFzRzJWQV8teUtVY1otMFNzSU9JX2pzLTh4WWVOeXVuNkdfZTk1cDJZZlBIemRYaDc4aHcwVG5CZk16RFRYeU1lVjNMOGdydUYxLTJPakwtemxlWkVQYVE4Y0tPdGJ2ODlHWE8tLXdYZkd0V3NJcmVhM1BIRDZObF9nQ1VzemJhSVkzVEhab1doQlJUSlQ1ekN2aWw1TVJnNlBROTRSa1RhaTVrSU1TMzItQTBaV2djOA?oc=5
SU.TO,2023-09-05,Suncor Energy Inc: SU Stock Rose 12.59%; Will it stay Bullish?,The Coin Republic,https://news.google.com/rss/articles/CBMipAFBVV95cUxNTF8wX19KSnRZRm5kUjNwREs4UkhreXR3a2VoYjhPTXBoYy1xSzU3eVAtS2xHN1U5NDdmamZwWFJYM2RaY3RmT1hNYzhRa29DNGFBZmVrczhoUWszUkpmMUp2Z1Y1RjgzOHp5RXV1XzZDV3JkcXNzMlduMjlhWTVaemZJcEcydWtxb05ROTBJeWJTeXgzYXRyWU5DSjF3NjMwZDAzWNIBqgFBVV95cUxQMEM1MmJhS0hNb0p6X1BWRUZRTzlUcUtmd0FqR1BlWE45eExYVXhvWEpMWEtlWEtkZDBLdFZydmkxdU1xSlE0SFRSMnN0TDMyMEtUYWozS0hEM3dQVlNFeTJNMU5yYzVxZ3hDX2lpWDUtZFNKZkk3M0NpQmtueUVFc0wwSnNYUGZpLTl4Z1JncldiWWQ5VnRLMTAyeW1GVzc0QVl1ajNabW12Zw?oc=5
SU.TO,2023-09-05,Enbridge bets big on natural gas with $9.4-billion acquisition of three U.S. utilities,The Globe and Mail,https://news.google.com/rss/articles/CBMiuAFBVV95cUxPSHRXaWNDYW96N2pZX0RjUF9GNi1YT182cXptMi1tRTFBSHNKaEYwUE92NzNCd3pFc2laM2lySExSQ1N3dnJrVUhWb3ZWQzdqS1kzZmVRa0F5N0pHd25wLXBjWEc4akh4Vi1HOEJac25UMmFKVEUtQWRzT3FITUM4clVBdDJqZ0JIVEhlVkxWVkYwbmlVS2hPd0d1ZF84Z0gtZ255MkZ1SUhKc3R0dDhIVHZfNnZFZTUt?oc=5
SU.TO,2023-09-05,Opinion: Stop the weaponization of banks,Yahoo! Finance Canada,https://news.google.com/rss/articles/CBMiiAFBVV95cUxOdWdZNjRablM0T0JhVThVMHMwR3UzOUdBQS1FZ01uZDU4V21aUUEtdzZzSlJsUkRtTUxvYmkwRy1fb3hWRDJ5RWtnazZhMUxabUZKY3YxMTBnQzF3Mkw4ZVdlS3YwM3pWLUdZRFpHWmZNME1WVFYydUJfaUtkd2Z3QnNSVjFyTU9l?oc=5
SU.TO,2023-09-12,Money managers divided on energy’s prospects as demand for oil hits ‘highest point in history’,The Globe and Mail,https://news.google.com/rss/articles/CBMi3wFBVV95cUxPUTV1b25RRGZLWnFZczBTQU5jSnp4UTZUYkVBVm5ib3h0Y2pnTEppTHVvN3FKMGNHTEdfUFIwRVhSbWp3R3lEMmpVYlk0b3htNnZ2UWs0ejJoMS1ldE5IQ3BaU0hiQnNlbzBIb0dSSmVzd1dSVXBGVTdQWE1uQmZQY1cyMG1YN0ZpRVdIQlA2bzltRTY3SVVQSVBIWVdYV3VjV2RmY2pKOVZ6SDQ1RWowbjFFcDhqR3dlT1F1aHVnemxfaXcyOHg3ZzVWbHBrQTJzTjRmMXY0M0RONmowQzZR?oc=5
SU.TO,2023-09-13,Hacking device Flipper Zero can spam nearby iPhones with Bluetooth pop-ups,Yahoo! Finance Canada,https://news.google.com/rss/articles/CBMiiAFBVV95cUxPQlBOd0s1bFhnRi1vdllOT3A3aDJlSmQ0bjV2cldJU2dna3JvVUl3WlVybGJNakp4TTBsQnBqYUQ4ak5pTmJVZ0gwenhvcFJpdlBJWDVOeEVaVUNISXN2RUhpWlZZSndxOW41STdrYUFXMTBic08yVWU1SmhYa1Y0UXNZejJwT28t?oc=5
SU.TO,2023-09-15,One NYSE – Listed Energy Stock at Resistance Levels: Suncor Energy Inc,kalkine.ca,https://news.google.com/rss/articles/CBMipAFBVV95cUxOVVYzX25CczltLWFCX3NrM3p0ZU5JTjNMSjNyc0RIWmM4OTgtdTl2RUQ3dnlLN2J3YVc4b3ZvaktJTFdkaGl6THVXWmJBSWU1cnp3M1N5TUxIYW1WR19nWlNSbkVTVktMUFNMb1ByZlFoOUI4clVYUFdiVHQzM2pXY3BSbnNhd2J5bWtBSldfMmE0N19rMDUyM3MwV1UzNUVvSFlpWA?oc=5
SU.TO,2023-09-18,CAPREIT: Top 25 Undervalued S&P/TSX Composite Index Stocks (CAR-UN),The Globe and Mail,https://news.google.com/rss/articles/CBMikwFBVV95cUxQRktpeWs5MXlYc3JuemdOMDBjcmJSbzZ2WERaVUt0UFloM3ZLQlR0QjFsTVZSNUtOMkMwamF1N1B2Y3VqM1lCTDA5QmhuQ2JOd1M1VkZoX1FYb0k0M2FYWWpPQnhCbkh4Uk1BZjRxNmJMaHpxYVpvZzZnZzdDRUlNWGZRYVFZaVVBNEpCMExhcUFKTk0?oc=5
SU.TO,2023-09-20,"Rosebank Oil Field Project Approval Highly Likely This Year, Ithaca Energy's Executive Chair Says",Offshore Engineer Magazine,https://news.google.com/rss/articles/CBMizwFBVV95cUxQZ080MG9vMm1IemdlaWJNdllrS3gwV1NaWW5YUERHN2dxOVVqUVlZT0Z3bE55MUIzTmNGaGFseVJKclh1VGtqMkJBd2szV1ZoRTQ3SmtXUVBnZ0VBc1hGOXdDdTVBNjhlVTlENVlKVmNBWlNnUWh5RExDUzVvT3FhOE9FUHRWMENfYldhZXhVYjM1UnFWdURhSDBGZkpEOVFWTkpOc2tLdVpvbmRBcm1jYVFuUXg4SVFYT3Z4eXdJVWZCakItbWQwNzVCcUg5SXc?oc=5
SU.TO,2023-09-26,Where Will Air Canada Stock Be in 5 Years?,Yahoo! Finance Canada,https://news.google.com/rss/articles/CBMifkFVX3lxTE5Fa093cXpQeXh1SlVPRGpoeThEZFBvUnkzWTl6VzZCQTZGREc5bFd5Z053a211S055dGt6R1U5QTVRdUZCOENxVkd4SjNtWV9TYlNXNVJfbWFldlVPdGhnVmRzRXBSdmJld0RhOU5vaFRCc1JTdzFzbWpINHVWUQ?oc=5
SU.TO,2023-10-04,Better Buy: Suncor Energy Stock or Cenovus Energy Stock?,Yahoo! Finance Canada,https://news.google.com/rss/articles/CBMihgFBVV95cUxNY1JJS1ZIdllzYWE5d2pGWXdRTW9LbjFIVWp2M2ZBeE96dDdOTmU0UTZfMFlXaW0zdmFwVHB0Z00xN3VIXzZETmtET3c5bUJWNllJTHJCZXpyTGdHbENZUmNDUmtJLWp3ZUZYYi1KTUFZQ2ZwVFVGdXY0WmNWdzllSVh4anR5QQ?oc=5
SU.TO,2023-10-04,Suncor Energy to acquire TotalEnergies' Canadian oil sands stake for C$1.47 bln,Reuters,https://news.google.com/rss/articles/CBMitAFBVV95cUxQZUg5SWNuT0kzRkFVdW9uWmNJV2hxRDZ3N083aGhHcDctZnJvbW1nbzktWkdnc0NxOVVPalJGNE81SXYxdVhtRVRjejZIckEwVUotVDBvSXNQM211enhKY1FpTF9ESUF2NTNDSnZvbHBvbWVLWklmNG1TemNaSUpqQnBlTVdFNHplQlN1a1BreUZNWFdJSkdLRlpoYmItYk9IYmJibjFQSTN6NjBMeUw1aXZPanQ?oc=5
SU.TO,2023-10-08,Suncor Energy Inc: SU Stock Lost 8.67%; Will the Decline Continue?,The Coin Republic,https://news.google.com/rss/articles/CBMiqgFBVV95cUxPblZROWp6YVhkeTNIMndTWVR3QXdtQ3B3Y0Jfd0pUbEFnY0pfT2dFUzVIU0hVSjU4b240bnhEWUNEVHdqd29OcEJsSldZcnNCc2FNR0o1RElPbkoxcGlNREJwaUFOalJPZ0hpUndhdG83dzZZQUVta1Qwa1NSTWpwNDZXQm1FcWZoUkxqSGtNV3BkMko2aGNfU0NYMmpka29Ya0tiRldnd0w3Z9IBrwFBVV95cUxPME5FTHFlMzJULUNJVU5GdV9KaHNPVFo2bHY2bDNRTERDRHpLdER5d2lkczNsX29saDE5MlphMlVxNmdCa3JsbGEzLVU5MlRLMDlyMmpaWWFkaWd2eUNxaXRxRWdrb3MwMTZyS2JSX3R5bXJ3UGpoRl82LXhKc1RaWEE3SkJ6LV9DdnBZcmxoMVFESXJwWU5VNlVXak1BU2lUM0d6aFYwTTM0dFFDYWRn?oc=5
SU.TO,2023-10-09,2 Smart Ways to Invest With Rising Oil Prices,Yahoo! Finance Canada,https://news.google.com/rss/articles/CBMigAFBVV95cUxNUEF1RHFCNkZYTUptcFJ1QnZ0WUxGVG9WN1NLZEFBVkxUVWdrRUZzNklONVhiVWQ1SjRvakRpSG9QUHRTMkZpXzNRa1lGUUliLW9Yd0ljbG9qcmRXVE1KWUMtOTlHcGV2czhyYnowdVNidFVlQ09tU1otWHhBSUkwMg?oc=5
SU.TO,2023-10-12,Greenpeace Canada files regulatory complaint over Suncor's climate disclosures,Reuters,https://news.google.com/rss/articles/CBMizgFBVV95cUxPSHBZWEtWZU41SXRYYnk2Q3ZEcHlYVE44djViQ3RYRzlhTS1jNTFIVDNiamc5Y0dWTFhkYzRBaFNMZF9PRWM0MWxoTktFTDcydE9ucXZVVEFlM1ZOUXJGQXFydHExSG8tTGo5dC1PaG5rRXBjWFZWQl9rbjAtWjFkcVJTTFRJMjVVWjlFSUdCM3J1eTJldENYWVJHSGM3RUZlYm55TmRqSTY4QnFwUHoxQWlLa1hTdWhneXVIc0plOHJpRUwwSEFHZHp6N3dOQQ?oc=5
SU.TO,2023-10-16,Varcoe: Suncor CEO defends climate commitments on hot seat in Ottawa,Calgary Herald,https://news.google.com/rss/articles/CBMikwFBVV95cUxON3JQTWZ0Q2dTVkd0NFFCX2FSRFFQTVJOejVUay1femtmU3lqWW1LbTJmQ3B2MVR4VWRyb3VibFBUelI0ZDQtR2diWU02YnV2MEtOWjUxY3VZSXBRUnJnaGdQMzl1RVFvdGk5b04tY3BqcW5Ba1gwbXlPT3BxV3cyUERxU3c0MEg4OGlJSzlndk96MXM?oc=5
SU.TO,2023-10-17,Wave of billion-dollar oilpatch deals a sign of bullish Canadian energy sector,CBC,https://news.google.com/rss/articles/CBMimAFBVV95cUxQUWpGQklWNmtDdWxXM09SeHY0TUdocVotMWdReW96dlFfeXo4dThRRVB5cjNPV2I0Y25nZkZHRzhHbFFsd2lkM3R1U05nMnlkdEhfRHNmSlF4TncwYlk2S0drS2k2Yml6Q3RZLU0tV2t4czMzNE9Pb0FjSEtkS3FPY3NKSGpLeXpRMmhRbS1ZTHlCaDlBdnlqNA?oc=5
SU.TO,2023-10-18,"Carrot, stick or safe harbour? Regulators in Canada and the U.S. gearing up for mandatory ESG reporting & greenwashing enforcement",MLT Aikins,https://news.google.com/rss/articles/CBMi8wFBVV95cUxOQTYtWXFRLVp1SkxFbF8tcVk5ZnVTR0JGbkkycWtwd05VNzVBa2hEaWRCLXRjSW9vSGNlWXJaTW9MTk9SUC1VSlp2RWh6d3QxSFk2S0plSFMta000dHJ6dVJDeUdEeFUyMEpKVVpjWmNqVDVyWjZOMVpvLUdFVUM1Zm9CSXdOZ2xidlg0QTRqMjZNaVBlWEdGZTVFTmh4VDhVeTJ0eWtyeFFGcjhuc3VjVUNrODVNODlNRFZNX1VxQkJVRXZFbjd2cklYd3M2djVtWURNVW9CMTJ2RW96SDR6SThXYWJqTlVFOXEtanViaDdldzg?oc=5
SU.TO,2023-11-01,RBC analyst makes three changes to his top stock ideas for global energy,The Globe and Mail,https://news.google.com/rss/articles/CBMi2gFBVV95cUxOS2pJUjQ0d3BleHFSMWNLWVhnUWg5SElZVDVXLXdOaF9KMGVTNE5wc2hGWmR6dTlxRzQxRC1vUDJhTkZpeC1ISDQtZ3FfMW1WcURPNVJhYUNjOGl1cXZqSVBadXNoVG1sckdBZjNQcE5WV3dWVDJpRWd6eDREZXpycEVWZ29zTmNMSmd0NlRtMFNyWk5jU3gzajNLOFdxRDNHSWFDR25jWThfd0dnaVhuSHdsbmJUWXRIeC14LWNOZzJSX0xpTmtHbm9NZVRYdnBpakpTOU9KbVQ3dw?oc=5
SU.TO,2023-11-08,Suncor tops profit estimates on strong refining margins,Reuters,https://news.google.com/rss/articles/CBMivwFBVV95cUxQRUp1TEltaUYxOUtlcFI5aHhLQ280VnhzZUtMcU14Ulc5eWZMT1FDR0pQMncwS3ozY3dWZlRBZzBlRTNtS1ZGZUdXZ2d0ZlV4bjF1WUpQOERsNUhZejFjdzdMNVdoSjJzdXhTV1lra0Y4NnJSRE1laWpKUTZfV1ZSRE92T3BHSm83dV95NUZ6VVB2UW5xVGdicUpocnJJVWNJV083R0JsZEZJU1dUTHhheGlWaGdZLVN0Qmd2ZVFrRQ?oc=5
SU.TO,2023-11-20,The TSX’s Worst Dividend Traps (and How to Avoid Them),Yahoo! Finance Canada,https://news.google.com/rss/articles/CBMihgFBVV95cUxPUjhIZnl1UGsxMUZYU1U1ZjU4VWJTdGdNT3pEVDFYcmR5cVd3RmdYRmpESDBWak0xbjJlclRlMWUzT0h3WmZ2ZDdGVEtFMnJ2Vzl4QjFhRzRjZ0VvZXhvX0hCOUs3ZS1aN01PNnp2RGNyNUtCRXE1X1I0d2FXUGswaXlJVWVRdw?oc=5
SU.TO,2023-11-27,Suncor Energy Announces Restart of Production at Terra Nova,EnergyNow,https://news.google.com/rss/articles/CBMikwFBVV95cUxPblBmOW9TMXNscnF5elBsVHBiMDR4NVlBS3l2UE11SVRTWm03Y09NYlA1UXJZVFFRRU9LYmRoVjh2TmpDeDBPWWJQY2xpeFgxaEhaVnVtaGdpWERzV1BrWUM3eGl6NlBlQjZxTEk0bmJqOWdodEZ1VThFUmlJRmxyeDEwWktteE01MkJuSkExR05KZjA?oc=5
SU.TO,2023-11-27,"Top headlines: Black Friday sales surge 22% to hit $4.1 billion, Shopify says",Financial Post,https://news.google.com/rss/articles/CBMihAFBVV95cUxPQjVkWmxCZWpyODU1TGtWcWhjV1ZhMUtvWF9HV0hvbUM4Z2IxZnZpcmpWcHRjMElLTzNPcEgtVmllRmRCWGVGNEJpRHdtUzI4YjFvM3dhZGdrTUFsdUJHVHJsLU1waXAzTUVHUGxSS3VUNlRvUU1fcV9ibHBDeWcyZFNzOUE?oc=5
SU.TO,2023-11-27,Suncor Restarts Production at Terra Nova FPSO,Offshore Engineer Magazine,https://news.google.com/rss/articles/CBMiiwFBVV95cUxOeHZ1UFp2WDI2VU1VTUllV3VEaFIzNllTeDRFVGkycDhEdVduRFVDUjFZS1VQUkVRaGhVSjJXMGd6UmJ5NU5zNzNWSlJZZk1KSGgzaDJyNko1ak1UblpfTmo3bUxOY3hrQ0R0NnVlNXl5V25DVENpLU5EX2wzNzk0Qzk5VjV6THVCMXlF?oc=5
SU.TO,2023-11-27,Suncor restarts production at Canadian oil site Terra Nova,Reuters,https://news.google.com/rss/articles/CBMiogFBVV95cUxNcE9pOFJhWnFpZTlHemkzMGEtb2FDVFA0S05GXzJRWUt1Z2E5OE1RNktIUF93djR0UFVsdy1UaG9rVm9PNXk4azhNOGdxUmVWbzBmZnRXaC10Z3Z0S256b3NYaGdsYUpCU3YyMTdBREN4ZlZ6WkxMS3NOcEF0eDFLcGx3eXZfSk5WVllWbER6dVliS1h4cy1ZX3hMRUlXYXBlQ1E?oc=5
SU.TO,2023-11-28,"Market Snapshot: Understanding the Production, Transport, and Refining of Crude Oil in Canada",cer-rec.gc.ca,https://news.google.com/rss/articles/CBMi9wFBVV95cUxOYVZYVjdHc3RRNHVyY0lsQmVmLWxrVXdpMUdmS3NKTVJIMHBjRVc0VFFHY2gxUVQ2N05ueHdNWG1lRGZNaXRsOGNYLVFxeXE4RHNoNWxoeDExWG9KdlhFLWN2Z1RZNGxHa0ZiN1VtOGUyWms4dnkzVkNjblBFUTZNR3hTVUFFVTd2WS11ZXdFcXk0NXBIUy1peUtIRldKcTN5d0tlMVZ2dlh0VVNZSnJSV1ZWV2FSelZaaDlmeGRYdjA2NTJHSUVHQkFuVXNhdkE4TnNybFJIbTE3bkUtQmxNT1Bqa3BGR1lzQU1UdGhuOHV3SlhVWng0?oc=5
SU.TO,2023-11-29,Short sales on the TSX: What bearish investors are betting against,The Globe and Mail,https://news.google.com/rss/articles/CBMi3gFBVV95cUxOR2lrdl9oRXRRcjdKZW9QZjRoSUx6VkdkTGM2U3FGckc2UGlKbkdIWUxhNVcxaTZlZk5rV2hqS1U3aGxqS2ZXT3lJekx4cFpLVEZTLThONVJxaVNvV0o3TWNpY3hCTmRlbEM0SlNVcTg1VXJXR25GbUlEcUU2ZVBWRzhuM3ZRbVFwZHpuLTNRMXByc2Y5SHFnZlNyaFVabG80UzBQMmlNZVlxYkxPbUZoV1lYaTU5Ry1nbzItUU9iOUVZM2xtUFdWWUJqRXNEaFdqN1gyM3RUcGhER3VuMHc?oc=5
SU.TO,2023-12-01,ExxonMobil (XOM) Commences Fawley Oil Refinery Work in UK,finance.yahoo.com,https://news.google.com/rss/articles/CBMiiAFBVV95cUxPbFZ5eEo4d1AxSnVqekdvNnVoZ1B3eHNpUGNpQnp6SWRuS05veVRwTzVLVW5LQW40bTQtNEVWU2EzaV9VRkpyQWJCck1nZElpV0Mya2NuajlhMGNKSFRGSEl2VkhoMm13Q2dQdjI1MmlmeFNtVWx6OTlpZzlZcElHY1M5Q0VqZ29B?oc=5
SU.TO,2023-12-06,RBC quantitative analyst makes a pair of changes to his top 40 stock picks for December,The Globe and Mail,https://news.google.com/rss/articles/CBMi3gFBVV95cUxQNFczSkQ4SVVlUW9QRzE5SnBHNko0ajVaTVo1c2ZlTVR3b25lcU83dW1BdTVVVXpCaFYwZVVhNmpOd2xNTlNKZURFWUpHVkFrUDFwdjEya1ZLbF9XTnVOdzNUTjV2NTE5VjcwWWU4TTRaMWZEbXVQZ3BWY1pRNHlKUXpybEtTMWM5bGtGT3ctbGxSa1dfc0JQZWhONkJDN08wbHN2S21FOWFaVXRaWGNaTlJtY1hwZlk3ZmxMcGhMb3dFSEJFMzlWSlNhalZtRjAyenJESTZxdktWTWJCUGc?oc=5
SU.TO,2023-12-07,RBC energy analysts’ top ideas for 2024 include ‘dark horse stocks’,The Globe and Mail,https://news.google.com/rss/articles/CBMi2AFBVV95cUxPdjFDRG5DMDJuSkpVNmw4S3J0UUF2alZzX2dvdlpLZ1lEbk9TMnhuM2ZKTmg2VElNTFgzclR5TVVsQm9RVjBLY1p1dFNheEpZY0Z2eVowNHRMWW02Si0zLW1SWU5fZVhMaE9JcVp4anpsQXE3cHhVYlJLMXdRNVZfN1VETW1ITUVmN3pUS0Y2dEpNSzZFYTB3WWZCMWE1eF9tampJeDNPeG1rRXRCWmRObTFsTlFWblBOMVN4Ny1ka09LQ0hqNUdXTTdVSlo0dElIbHZHZjU0Zno?oc=5
SU.TO,2023-12-07,Top headlines: CIBC fined $1.3 million by anti-money laundering agency,Financial Post,https://news.google.com/rss/articles/CBMigwFBVV95cUxNTTRSOUNaVlhJWmxwZ3lEZU5fb0g3dVpLbkMzQndRV0pWV3BwMFotYkFuNlVSa1ZGMjFJUlhHV1BBMmI1RUN0emJzX1lTbGZpQldZTG1ua0VHTExUUHB4aC05RmFCblR6WEZYYnVOWWF2Zll1aUY2dlQzNV9rUF9GWElEaw?oc=5
SU.TO,2023-12-08,Unifor ratifies tentative agreement to establish National Energy pattern,PR Newswire Canada,https://news.google.com/rss/articles/CBMiwwFBVV95cUxObEl3VmF1SDA2Q3pkWktJX2pxck94RS1rbmdSejBOOFo2RktZbEg0QnVuaUNNeEdoRXRuQ2ZmdEtzNE4xaTFmZl9Pd2xaM3NBRGsxVTl6ZjN5QVFSMVlQdWJwQ1VKS09rWEdSVDVxVzNBeDk1LVV2eklkMnU3VXJHek9TejB2N2hYcFB6X3psSkI5bTZPREJ3UVFyaERRaGdrQm5hR2RMeXNQeGJSRFQxUE1PaVdYazRtcENreG9aTDVXajQ?oc=5
SU.TO,2023-12-12,How to change default notification sound in iOS 17,Yahoo News Canada,https://news.google.com/rss/articles/CBMihAFBVV95cUxNei0zNWRuZ2lEYzNPTWJmS21ZS0JvbkJ1ZEVxdFBaenE5Z3BvcU1HcDVuQmU3N3N3WlViR2FTWTdQWW5uY3h4UzZ3elA1RlVfS3A1ZFZ4LUhlel9yQzMzUFZqbkpnRmQtQ2pyOV9PTHZheTRLVFJhVGw5NzJXRGdqYWQ1THU?oc=5
SU.TO,2023-12-17,Suncor Energy: An FCF Rockstar (NYSE:SU),Seeking Alpha,https://news.google.com/rss/articles/CBMifkFVX3lxTE5PN044dnFDQmU0bEZkb3N6anNHd25mSHpGSGxZbUhnS2FVZHlQaHFFaXJGRy1WTEdaTU50XzFpdzkwWGE3NjdnOW9iWXU1NHRvREhfb1hHdU04UEl6c3djM3dKcFF1U19rU2xYemV1N1RvN3JBNGx6am9MMzI2Zw?oc=5
SU.TO,2023-12-18,The Top 100 HR Leaders marshalling Canada's biggest public companies,Canadian HR Reporter,https://news.google.com/rss/articles/CBMixwFBVV95cUxOc1V1TFlfNWpET2RtQWRvMjJsREkwanBUVnNFMm5VR0xzSGRyWGxzVldwSzNfajh2a0t5b0N3THU4R2QzMEtEUHgxSnJfS2lpVkx4RVNTdXNYUzc2cmlhUDMtM01ySDRIWEtHeEtDbHVRYy12MnRxX0xSenBPemNkVmdmTVBmQ2VlTmhRenVJZ3VvUE4wZ2lnUzM3eGhmQzd2Y211MWY0THg1WHNCYW40S0hUVklTX18tRTVCQ3YtbHZYc0hneEFJ?oc=5
SU.TO,2023-12-18,Canada's Top 100 employers ranked by turnover,Canadian HR Reporter,https://news.google.com/rss/articles/CBMiqAFBVV95cUxQbmRGTjFmYW1WUl9NeVF4TUwzR3dwMlNMOTNZMG1TZHFPbWFjVF9hSUhYdElrY2tPVE8xczc3NHlyY0s0ci14TVhHMnA2cnVkeXFfclI4djJJTF90WFcyS2k3aHRhZXlBNnE5MjdiOGVRMzMxbnRZY1ZjQzJwUS1CQks0aXhKR2lLODVSdXF6NmVfbmlRODBObEJ0TGY1b3lKOWhBMS1IcmQ?oc=5
SU.TO,2023-12-19,"With a 5% Yield, Is it Time to Buy Suncor Stock?",Yahoo! Finance Canada,https://news.google.com/rss/articles/CBMifEFVX3lxTFA5Wk0xaE02cjROdnhDWmxwV1dOODgyZWp0UlNBdjJ2bmdQVTBrZUpic2FGMl9YRno4R2ZvMktjYnpRNUhveUZOdmQwVzh2Q3JSMXN6b2prRm1uVTJlYnhic1kyOUt1UWZJLThZLVhaUXRNWFRtTU9mUHMxcE0?oc=5
SU.TO,2024-01-03,Suncor scores second highest quarterly production in company's history (NYSE:SU),Seeking Alpha,https://news.google.com/rss/articles/CBMiqwFBVV95cUxONmh1NGtLUm9NWnFDTmlUcUhfa19QZVU4bFZIZ1pEOXBsd3QtaThZMXo5N3dlOVBZQ2RDbHMtVXpaVzkxWjNqQWwzMjJWc1liSXhtdVZ4YkFYckd3YnBZYzZzRDdjZWltNU5teTZicmc1RW1BdXIxVC12cXNvbmtrMkc0SjRac21XYURlYWx5T3p5SEx0LWF4WUV2Tml6LWFoUjRTWWVESm9tSVE?oc=5
SU.TO,2024-01-03,TSX Dodders by Noon,Baystreet.ca,https://news.google.com/rss/articles/CBMia0FVX3lxTFBGdGZ6aUc2TjA0NVFVNGNnd3preHVIMXZBUGhKR1c5UjVXb2xtVlBweGQxOHNBQUdLNnZFcnBtVlB2NHRHSi1ES2VXelFtUUFzNF9vZnRBM213LUtSd0FUWnpPQ0ZrS2FOWE400gF2QVVfeXFMUDI1cU8tS2QxeElNNVRoSkF4cWtEOUNvQW1lYzFWMnA5c1NseXBmOU9pTGVRamotUkJBeFpqZktDc0ZXT2FyUTZaWWkzVHhtSk1UUGl5cVFETy1qaXJtQWQ0dHF4SkJvY1dmUkJLZThxQ2RxSTVVQQ?oc=5
SU.TO,2024-01-03,Suncor credits focus on safety among factors behind soaring oil production,OHS Canada Magazine,https://news.google.com/rss/articles/CBMiowFBVV95cUxPWER6Q3NUc3BFb2xNZVpWWklGZUdXSjdQNEs3enBMLTZDWGpjR0plUkctOUZPc3RXcG85TDcyZEFwNW1nbFhIZm9DNUtUTzRsMUpkVmNMcnRIdnFTbGhzQTZEbkZjU1hFQnlfa01VVjltblpkNldDN2I4eEVLNlM4RmV4VWpoTm5ac3g2d1VKS21sc1p5R3lOWl9wZTBTZXdQWW1V?oc=5
SU.TO,2024-01-04,Canada’s 100 highest paid CEOs were paid $1.5B in 2022,The Alberta Worker,https://news.google.com/rss/articles/CBMiiwFBVV95cUxOY2RVU3hmUEFjMzF5QVA2eDNYOHV0Qnk2QXVSaUlwYUVZUDN4d1M1U3c0bXRYRDJ3WDJEdTU1eU45RWh1TUpXMTcwUGEyMXhtdEI0NUpET1RrcXhONkxpcDV6Z3M3TVFTLWMyLTJZdVpkX1ZUUTdmdi1yb1U5S1NxNHI2S05BVmZtek5r?oc=5
SU.TO,2024-01-09,3 Reasons Why We Prefer Whitecap Resources Over Suncor Energy Today (NYSE:SU),Seeking Alpha,https://news.google.com/rss/articles/CBMirAFBVV95cUxNV3Vxb1lwSHEySkNGRjI4a3loTUhLMjVvVFJtS2huMFY2SGVhWWJfWkZjWjEyY2ZDZWhUamVZbjdVQlFBVGRpNzNTSWlQbV9JaTRhMXNSLWs5OXdNWC1MeGp1Q2xZN01fNDFQYVR4NGFhdVhCRG9NWmloZ3U2N0FsMzFKald3N2lqWm9jSlJzM1hvWGpZaEg4Zzd4bk5rZm9pN2lXTDZhRTNZQ2pO?oc=5
SU.TO,2024-01-09,"Suncor making changes to its philanthropic arm, decreasing non-profit contributions",The Globe and Mail,https://news.google.com/rss/articles/CBMiugFBVV95cUxOQmQzOVNHa01KTFJoZWhmcDhpUm53RGhpZ25CdVdOVVd1LWlyck1XZXBEdlpkUE1kWWgwdTZrdll0am9sdDZRUEE3MmxBV29VWC04Y3V5ZDhkRWhTQ2N1Zm9mRHhicjRJcnVXUTNpTVcyVFNpT2c3Nlo1NVZEdXhfYnU1OEJxMm5DQ2d0TWxvZ0NaUEpLb2I1ZW1DOW1vTGZFc2NHYU4tcW45NDhUVGRSTXg4akZGUExsZmc?oc=5
SU.TO,2024-01-17,Top headlines: CEO pay in oil and gas sector jumps double-digits on surging profits,Financial Post,https://news.google.com/rss/articles/CBMikgFBVV95cUxQcHVDTElNb2hEVEdwSGVvWVdVcFFMNlZkdURoNllhWEZUdXh5YXc4ZHh2NFpfQkNtYU5RWVV4SGpjR2NoQm9ZOHVtNEhjYTNxME1HMHdaVk1hUUQ2a3UzZEJZd0Z5YXAyNWJBNnJhT1E2dENIb3Q0eThoMVJPUmdlRWptNzZBY243WV9RRVZVcEFYdw?oc=5
SU.TO,2024-01-29,Westhaven Announces the Appointment of Eira Thomas as Chairperson and Director; D. Grenville Thomas to Retire From Board of Directors but Remain an Advisor,The Globe and Mail,https://news.google.com/rss/articles/CBMi3AJBVV95cUxNclZtd010RF8wVWg4R1NBNUc4bXBXZGh6eWZJbzVCWG5nbkVKMzhINnRzR2RQQ1hEcFB1M2NOZ3ZXTU4ya2otaU1TalRxNWUyM3RNWVhCaHFiREhNcDNzQkN5Mkx6VkViYXdrdFhob21GWHZyLWV4MC1QNzVjLTA3ZEhDaktTcW1VTm1TOTBSZWhrNDdNOGtOb3NHZEx3ZDdHM0h1Tmd4eVRoSTMxTmR1VXpWSkZfSUZhUC1hck5GUzAtcVRvZjJhX0FxVTVhSVlnXzZOcWlUaUpZXzJxRnBhYXNqeGppRmNBQUpqSks4c1JQNk1kNzFMbFNCVUNTcm9ERklzdGhmbFZwaFdiZHV0R25tbFl5X3VvZHZWYW5PYU9DLW4tZkVrTDNHckhnTXRoNk9yOXNxZ0p4NkZiOFFqa0FwMUc1Q0JFc0R1OF9PMHpYcjhRS1FwcXBZZ20?oc=5
SU.TO,2024-01-29,"TSX posts gain Monday, U.S. markets also up ahead of earnings, interest rate meeting",St. Albert Gazette,https://news.google.com/rss/articles/CBMiywFBVV95cUxPRGpPMm0tendYMF9JbDJrTXJ3WWNDUFVnbEJSWWlzWTlQemhJd1Q3RVpFVjAzczJNVDBDRlJVaFZOSTZNM2ppcU9vREVfaXQ1LXNYV1JRWFdwdU5SSFY1NWVRc0xHRkwzd0VtMHd1dWVMTXdySUVKNF9qT2Y0cGZKUXN2RWVfeEhQZk5XS0podVNCdEd3MWNVdlJIcDZlQ3NCM0Njd2hwYXh1TTBadW9CY1ZSdnd3V2dDZ0FsNnZXS256QlE3SDJkZHZOcw?oc=5
SU.TO,2024-02-05,BMO strategist’s dividend growth stock screen outperforms,The Globe and Mail,https://news.google.com/rss/articles/CBMizgFBVV95cUxNOWVfMVVoUkFjcE1EcHVxUzNNbkxNQUNVcHB5YjBwN1FKS09tTm9DM2pRUTZmbFdfc0JQNFFQOVlQbDhoaUJNQjJybkN4Nl9LXzFrRVh2VXNaUUcwVnc5T2NpUEVqTHNpUUlHY1pPLU91OU0tMzdVV25UbUc5NTJ2V0lncEdZb0pocEUyRkxaclVFYmp0bFZfR2V1Y1dubm92V2VLYlloMnl0cVdKRUpuREpacC1JeDlGbzg1bUlmeHE4Q3pBbkJVdlJiRm1uUQ?oc=5
SU.TO,2024-02-06,Suncor refinery in Commerce City hit with $10.5 million fine,KUNC,https://news.google.com/rss/articles/CBMinAFBVV95cUxOYUtKX1VKMDJ4Y2NYazI5aWRvRUxjOHF1Z1VSWVl6M0Y1b1ZhQjFuX0NDUklDZVNBdk1JQXlBTllXRWFoNW15bWptVFdkdzBSX2pvVjBKNXVVSkQtdHBBc3hVVldfQlRra2hEMXpIZ2xwcm5pdUMzZ24xc2FoSjhYNTNILUhPa0t3UHgzWWZ2NTVua19sY1FBN2wyVHg?oc=5
SU.TO,2024-02-22,Canada's Suncor looks to cut high oil sands mine operating costs,Reuters,https://news.google.com/rss/articles/CBMisgFBVV95cUxQZTM4UE51bWpnMGdiMEgxWHFPY01lTUJrWmM0RDZIZDZ2Ti1DQUxBYkw5dzh3OW1EZVJ2eHNhLXpjZGRfcFJ4azJrb0FwMzNnTE1VMmJhMm5hdUdsYmMxMGRMM1paQzY2V0tIT3gzQXJ0ZDdjUDV2bXhranBIbml5SGRjWEx1RlROWm1BYmx0OWoxUlgxTGpDN0dXWmNoY3BxVloxZ3ZXM2JKVHh3MzhFNGln?oc=5
SU.TO,2024-02-22,Suncor Energy reports fourth quarter 2023 results,EnergyNow,https://news.google.com/rss/articles/CBMihgFBVV95cUxNc2FQaGVoRGozRUpoMGtnYThrRmtROWNGWG90RkhiTm8xRkU3d0lTYlo4R1VDbWo2bU8wejF0WTdITzZVRWxqaDhGOUN3M0R1ZF9TR2d0TC1mODBTR3lucE5PaVk2UWtVTkUzOE5KVDJxM0w1WHNyVW1Nc25HSGlsdXZhMWNIdw?oc=5
SU.TO,2024-02-22,Suncor names former TC Energy CEO as chair after difficult year,The Globe and Mail,https://news.google.com/rss/articles/CBMiswFBVV95cUxQV0dxaFQ5R1dkOXBuLUxmcFRCYWhnU2FUMmlMVVlJTm1DeUx2QzFaZmFOZUJxS1paT3JZdDRlSjBvTlZFa3R0VldtU1MwMEVjYTZCUHVfN3FoLXVad2RaN19aVS1naExPOWpaaDJkaXFsNGV1NGpNTS1UbVk2YWg3WWFobHNSTkRVbEtsaDlnd3JBR0pmX2dmT3ZRRXFiNlhBVWVTV2RYSExiVXFkdkcxVjBJMA?oc=5
SU.TO,2024-02-27,"Suncor Energy Inc. stock falls Tuesday, underperforms market",MarketWatch,https://news.google.com/rss/articles/CBMiugFBVV95cUxOeDFmUWhkQk9ZWmlORG1CT0JOanNDUjhhVWZWdHFYMVhHUXV6VEpjRGdtdG9HcVhYbGtWX0NKQ0lBVUxyMHd0X21RMjc3c2o3YVpjV2taMUw2ZFc5M21GbGFDOWtIM0pQWGk2TjF1Q3NCNVlpOElEd0YyNVpCYi1aRzJMR2UzdmtuTzI0UndvaDZzV2FOOGpXVVJOMVloYnNPaU5OU0VJTFlKTGNLRUJSczZxd1pIeGI5N2c?oc=5
SU.TO,2024-02-29,"Suncor reverses workplace injury trend, reports 2023 was company’s safest year ever",Fort McMurray Today,https://news.google.com/rss/articles/CBMivAFBVV95cUxOclFzU3Y4cDE5VW43RXBwelBydnFtMWoxSkdJYnpxYXNnbW13VzJiTS13WkJVZVRWUFNqcmVvVTlCMUhDaFR6WUUxb3hIVHpzdTZjQkJ3UGVRam5ibHRidWdORWpNazUxcmg5ZGJ2UnFqSHlzQmF1M29sOEI5TUNfeDZxOFlDTnRQcnVqRDgxLXVJSXg1OVdnUFdQaFFncGxkNHlUQTNvNEJDUGZ3YVRFbDBLT3RLTl9leTd1ag?oc=5
SU.TO,2024-03-01,RBC analyst makes two changes to his ‘Global Energy Best Ideas List’ of stock picks,The Globe and Mail,https://news.google.com/rss/articles/CBMi3wFBVV95cUxOWW5adi1vTXRDeVpTWFpkT3pBeWlPZmQ3VWJ3TG5adXVWR2YtalFlc3ZKZG5sRnhpazlvTWpscVZlb3Rud3RWdnBOVHZCR043cU1OckNOSHlGS1dLR3dvNWhjQ1F3cWswTFE3b19Rc0tkaF83YVVhUVNvSlpBWXNBVHQxTjdUaEpXRFVOWjE2bHFPb2RUNjg0Z2xhQUNHNWJ5VmhCNlNaejVLWEhoZTAzc3RRTVUyeHhVQWJlcUQtN0p2OS1yWmlLMWk4NnRWblJPMnBtUkFFRGFuOGFfYVZB?oc=5
SU.TO,2024-03-04,Algonquin Power: Top 25 Undervalued S&P/TSX Composite Index Stocks (AQN),The Globe and Mail,https://news.google.com/rss/articles/CBMi6gFBVV95cUxNOThGT0dwWGN1ZWFBY2R0SURKZ0d4ckhUU3lBeGpKR3IxZFdZNlpWY21Hb1ZxVWlFR3pST0FSU0NEak9DREZtTVpQOFJtRHlEeXF1czRCZzNlcmM4bE5kaWQweG5BMFBndGc4VnA3eXM5TmZCNGIzRENjYXdBVS00VUdweURqZkZSOUF1UEhFMVUxZDdIb0NkZ1JXcGozT1ZPZXBTeUVZcnpiY0lPVExlQV84TEVtTlR6TktqZm1Fbl93UWlkUnlrckczajVDR0FxQTFkZGZOTzBNUjAxM0ZPUXRUdFYxOXhSNlE?oc=5
SU.TO,2024-03-04,"Bank stocks ‘stuck between rate cuts and a hard place,’ says Scotiabank analyst",The Globe and Mail,https://news.google.com/rss/articles/CBMi3gFBVV95cUxPT0pXd1BBSmpiSE9iWWNpSzU1ZXhob1NHUW5Jems3d0RoblZ3ZWRZRy1NZTVpNjVSTmF0eWVxRlV4SzIyUkxiYlF4bzdkcmozd0N6RUxSNEpqR0ZyWi1vTnlDdjBqang5Nk1HOWMxbUlLMVhzdGFLWWdyUHRFS2JDN2trUk05NzNKTGFQZTRjU2RkX0JZQUdESVJrb01xUW4tSjBPb3gtVHotWGJnWXVGUGhLOXA4c3BNaUpWY1FIQnFjazI5SHl4UGRTMDQ5QkRwdk1GTWdDM3laWnljaUE?oc=5
SU.TO,2024-03-07,"How to Build a Bulletproof Monthly Passive Income Portfolio With Just $10,000",Yahoo! Finance Canada,https://news.google.com/rss/articles/CBMikwFBVV95cUxNV053M1laZnZQb3VSazZhS1pEQTNkWlNDLWhuY2ZiLVBvdTRGbHJnY0EzdURBVmRKSFJUS05EMXFOMGZUaU5HTWRNd1dpUGFCZm9ndXhHY3hsYjlUSWV4VC1sLUtTZzBSSnZ6dDNocDJqVTFPQnYxbkxxeDVMSjBWMDFsM0lIT3ZBLXZpcFp6Mk1hYmM?oc=5
SU.TO,2024-03-17,Constellation Software looks to ‘experiment’ by buying Canadian VC-backed companies,The Globe and Mail,https://news.google.com/rss/articles/CBMitAFBVV95cUxPUzNwZXRQekxSbUJwTDdXU2pKUDlxaVVrMk84bmhpeVh4OGRlSEpLU0xqQ0R0cU15UVRvZUpXcXBFQjdfQklNb0pNRnk1UFU4YldFeHdZY2pJNGp1dGVFMlNoRF94UHpMSllaWkZwbG5yLXVvam1pTUZGZHdTYnEzNWxVWnBWek8yY3ZXb0xLLU4wTVpKTUV2clVqOEU2Z1BacWV1ZHU3eGN4WlNfUWRjaW96OEs?oc=5
SU.TO,2024-03-20,"CVW CleanTech Announces the Appointment of Vice President, Corporate Development and Grant of Equity Awards",TMX Newsfile,https://news.google.com/rss/articles/CBMi5AFBVV95cUxNcnlJN21NcWUtc3ZXUVlTdHNlaWwxSW1ONlJJUklOOGVob1pVQWpXU3lJVUFKTUtGempPMHhKQ0JpX0Y1WExtSFBwXzFPZFF1cHllRjN4Z1JUd21EbnR5Tlp5bWtQM01CbjhZOUFITXlETjM2NmhXZVNlTU5yandOY01RTXVldnM2X2djVXFseGtvS3hwUG1VWTdlLTl2d1lJRmZ0dlNhYkk0SkFmTHoyazRNV2drMjFhdTJZeWxCRTNwNFBfcFZCTndVQUJPdVhuZmRKR0tJQ1Z5LXFDaW5EdVAzelY?oc=5
SU.TO,2024-03-25,Suncor Energy pays new CEO Richard Kruger $36.8-million in first year,The Globe and Mail,https://news.google.com/rss/articles/CBMihgFBVV95cUxOTUVMekVqMVFueXl0Nk8zd0htSjJFWV9PTlpOMGtZWE43S21CRlBjUUlyaFNzOUdLdEZibmhpTFNkUnpiV1lvTDBUb1FpNFBWMFc0X1ZjeDEtMTV1UjNnYU9kZUIwSkVfOXNTVEFrb2F6REhITW5pdW9YRTBuZGh0UExQdTVfQQ?oc=5
SU.TO,2024-03-26,Canadian Tire Corporation and Petro-Canada™ Fuel New Adventures with Loyalty Partnership Launch,PR Newswire Canada,https://news.google.com/rss/articles/CBMi5AFBVV95cUxOWml1X0U3TUZtMHdEOUZrQlBMUVc1Z2l2dVV1aGJsYVJ4bi1UY0NoMVlZNmFsTWFVVUxOSUMyQ0dERlRHeFJhN1htYW9hNU9iV0ExRm1ubF84QW5sanV3Z0FxYkNXQ2VkdnVURGJ1UFNubXpSbFhkdHBxckg5eGZWWUFvOTZfNzVRWDJVTFBNb1hzcVB4S0NZb0ZuZDIzdkdHX0t1WnFEUF9PanhfZDU3UmNhajQxSkNUbk5uNVJXbThfM2hJSFhDZDVNTGNTdkpjMDc3SlJicG1oV0RsNmtfSFBrUnI?oc=5
SU.TO,2024-04-07,Manager of long/short mutual fund touts Amgen,East Oregonian,https://news.google.com/rss/articles/CBMiiwFBVV95cUxNcm9XRzU0YWVCbzdsd3VfeVE4U01zaXRqZGd0MGxpeHpDdkROZFhGUEV4ZGo5UFNNcDVTSjJSZ3diWTJESjlnam5LdlotX21vNWtYQlYwbDk2Vl9RZ2xwVHpJeWxMOXZBdWFWM3B2VjNWVDJPSWxWTmhEMUdOR1dwUlhvSFdNWFRkbHYw?oc=5
SU.TO,2024-04-08,"Syncrude to Pay $390,000 Penalty for 2021 Oilsands Worker Death",EnergyNow,https://news.google.com/rss/articles/CBMilgFBVV95cUxOUFNUNV90bkFDeFZMc25iNHBJTi1CWFN6WXYtOWZuSHl4cExvNDRBY2dOaGJ6WnRhWC1OcXZtNTRMTFRXam1LNGZrWmRnX0tNbDVERnBKUTFncHdZREMySGp3Vl9seFZvVjdqYXRCbGQzODBSVEFiSEdqTk0waW9RTDhNQ0dBcVBzQnBhVkJ5RFdyOHFqQXc?oc=5
SU.TO,2024-04-09,Suncor CEO Rich Kruger open to selling Petro-Canada gas station chain,Yahoo! Finance Canada,https://news.google.com/rss/articles/CBMiugFBVV95cUxOSHM4a0hrbnBsdWIwcFEzSDdVZEhDYVc4NkVvNXVPajM1bGRkd19raEdNNTZDaUNsYTRid2NyT1kwQU5iVVVlblE5QnlqaWNTMlJfQXluNUh5aUgtbGVmN3VyTlZhSU0wcmRseXlmd0lJMHNvalRQcmwta3hDRlo4MWR5ZUlMYnk5YXE0WXRsbm80TWlwQjZ5VEF2SlJ4Mjh5ZWZVWHBodXRuTmpJZjFYdUVQUEpucTZfQWc?oc=5
SU.TO,2024-04-11,"Suncor Energy Inc. stock falls Thursday, underperforms market",MarketWatch,https://news.google.com/rss/articles/CBMiuwFBVV95cUxNMjJzaG9vblhGeGphQXVxSUREUS1SQjE4VU9ta0VzRzJpN1lqVlJpSEV0VnBVcExfZFFQUVZjbkZjMEt2akl2cVFFYWtubURaY25BVVd5MXJIQ1VnRjd6QU1EVWJmdDRyaS05M1Q0LWFfcFA3Z2I1c0FFQUZHT09yWWJDQmpWOE5GQXM3M25oel9CSS0wRVFyRDdrUERzcjN0X0xrcVNVZHNFaFAwQ1JCM1JRTXBlV2FXTzFR?oc=5
SU.TO,2024-04-15,A Dividend Giant I’d Buy Over Suncor Right Now,The Motley Fool Canada,https://news.google.com/rss/articles/CBMihgFBVV95cUxQUER1bWtlTm5OOWdJMDlIWDlqeG5PbHVXYnJZNUxDeVhSQnVJUDVyQTJsU0ZSbmVTWm4xck4yRmlNR0RpcE8wSGFCQ1RoMUplemlBQ0hfUmtlbnIyM2ZCelZWeXh2T0pqQk9ZWUNKekQwWnR6WHlicmNrMmNJU3d2cGRDMlNZQQ?oc=5
SU.TO,2024-04-18,Undervalued U.S. stocks with potential for growth,The Globe and Mail,https://news.google.com/rss/articles/CBMiywFBVV95cUxOd0pXWDV3RHplbHBWbTFjLWFGcVFfcl9ENmdoRUY0TURLTl95VFRkWXFmZUE5dURkNTdiVmxzdmVDVlduSFFKQ2c4akpISUg0TDZxQkYwNWZiaDZGZ05sS3ZzOURLYTV3RDVmV3VIU0FqRFZpZnBEbTNGQ1JYZlBpUHp2WW04NWlJQllIdllMRWs0Q0hOZkFCOVc5cGExdEpOMHJMZjJ3Sks2MGp3MmF4VzhjZ3k5aFNPRzIxSWtPcEtESllDeUpvRFdpcw?oc=5
SU.TO,2024-04-24,"Suncor Energy Inc. stock rises Wednesday, outperforms market",MarketWatch,https://news.google.com/rss/articles/CBMiugFBVV95cUxPTDB2MmVTb29HVUE2RVNGRWhSRWlMQjdXbE02ck1PTUFGVlJPS3ZLaldVdDh1Z1lrNTdmaVBQTlktN3J0WFkzWTdqVDVIaUNjRmV4Z1RzZGJNaUpDNzRzeEJGNFVqMVl4WWhoczZBRS1RVjhZa2tPU0MwM0l6MjhhOFRhTG11dnVwVVBXX0loRUV0QTNmMG1oMG1FbFRRMmV6ekt3Q3FxNXFIME04aW1KYjRqTTFWT3lwanc?oc=5
SU.TO,2024-04-29,Is Now the Time to Buy Suncor Stock?,The Motley Fool Canada,https://news.google.com/rss/articles/CBMidkFVX3lxTFBZMExlVW1LMkhIQ2FrRW5fWTV2eUhrZEJwX3FEWWFZT3p5VUpCMm1TSTFxeDBUcjh6YjBmdGFhYzE3N0R2OTc3UnhqRmdPQUFPblBfT1JIYnptNEFCRk9TdVp3ZjJKNTVMZXEzUG9oa0pMZndFLXc?oc=5
SU.TO,2024-04-30,"Suncor Energy to release first quarter 2024 financial results, and hold Annual General Meeting of Shareholders",BOE Report,https://news.google.com/rss/articles/CBMi2wFBVV95cUxOYXBGVjZ0WGFiMW1DZW9lV2lyNHZKY2thX2d1NGtWUzNvM3JDdEdoeWRQdjRfeFpya09Gc3BYOUlzSkJ5eWlGbkVVVGRvZ09nWXdYNEc5cHhGdUNGZ3ZwbEU5M0tWWjBHWjhDZ29TTS1VTDFmNmNzZjVGVkhPWG9abVRkTVZEQ3lyUG00RXJ4R3dIY3M5cXN6d2x0MVRobk5Ycjhnb1NQa3owRkR1bWFiREdGVk1GdlNPd1JwZFZXVWtPM2RoVUtNWFc1aTJjZURzNXdpYXdRUzVTOVHSAeABQVVfeXFMUGQ1eURkUkdQVTk0Mm9VTmFhRHQ1RzFtQ2t4aFMyQnVTWUtFV1JUbUV3QmJwNHc3WW1xbGV4UmRMOTh1VzdiSkZfazUzTHZlVDE2QTlQS0hlenZCZ1lZUzl6Q2FkUnVfUV90eFBxRFh5blVKY25rb3JudVdqa3J3Z3JYUXpMdzJ0cWZ4NkRDaERNX2Z1X0RFSEtYeUxEb0d3TEFLMlV2UjdVenluaksxSk42Q1ZVSUhMUTBvX0wxdG9zWU1vTEtwSHloRmF0dERHVVpHczBPamxLMEpwd2tHYXo?oc=5
SU.TO,2024-04-30,Suncor Energy Announces Strategic Business Update,TipRanks,https://news.google.com/rss/articles/CBMiowFBVV95cUxQMnVrZGhlR3dHQmlPcUFKV2JpMmliZnZsY0prS2dCRmE0Q1hwZGpmU01TVU1VdFgtanRaMldQdFNJSlBIRjRDU3k0R24wMUdyVFhNaGNveUxmTVVsWTZsb3dBU2xta0pTME50dUNGTEVxNGpFVDh3RmQ4X2NUYkRVQ3NuRkRVWU55WEktakUyMktaWURIUTNFX3hkSl9POFRMc0NJ?oc=5
SU.TO,2024-05-07,"Suncor Energy beats first-quarter profit estimates, hits record production",Reuters,https://news.google.com/rss/articles/CBMixAFBVV95cUxPVkFHeXZxZWdoRUszMUNEX3M3RGhkeWNMZHlGT0had0JTRm5pNjA0M1NyeUVRcXE5WjhWcVd5YU1hZ3ZZcnc0X2RPQ0xFQlNZUktHYVV2TGVINWpXMC1BX0ZWUjZmaUJMTEFfZWVWVGppTHRlOGV6MjNCUEcyeFhWR3lqT1VwZXZHRDl2RVRsQUpQb3ZRRWI0WjQtZS16V0VWTm1hZENRNHdQUXM0dE9SaEkwbjhBWTNWRkVjQ3ExbEUtZWtL?oc=5
SU.TO,2024-05-08,Earnings Call Summary | Suncor Energy(SU.US) Q1 2024 Earnings Conference,moomoo.com,https://news.google.com/rss/articles/CBMirwFBVV95cUxOWXFoekloUFJsZXlHa1Y2a0MyazBONmZybWh6Vmh5b25fR3hwREcyT1pKRXpUaG5HQ2ZkRDRaQ2hHTDVEM0xXek9NanVZdERhU1VEWDlkVFk4QURWNmJKTUFmMlBXb3NGc3pDVnV6R2Qwc2h4UExCSTF1SS1yRWp4WTk1M3U3Ri00VDllM0UtNjZHX2VUQ2h0bGFPZWhJcDAxSlpzRzROZjRtNlc3N044?oc=5
SU.TO,2024-05-09,These are the stocks that had the biggest influence on the TSX Composite over the past three months,The Globe and Mail,https://news.google.com/rss/articles/CBMi1gFBVV95cUxPU01iWTQ1bmJBcEJGdlY3OXctVU5yQVE1RHhtLXBlNTFRd1VOVFY4cHYtNVFmQTJfRkhMdkNrRG0tSWJxa2s3UW1JYnVGMDRCQkIwdkRmYVdfYWdobUNRSTZlYy1tNE1LTWFnaS1QTjdFeWV5V3NBYUlPT1VBbmdmQmV5MGRDbUc5MVNXSS1Vb1hQSEZjdkNWLUV1Vk52dDJRVFVESGg1eHJEZldtY3J4a29CNW5RM2xhOXR4aXNKT2hHYW41VEl2WFBnX2hDbTVTYUF6S0Jn?oc=5
SU.TO,2024-05-17,A Dividend Powerhouse I’d Choose Over Suncor Immediately,Yahoo! Finance Canada,https://news.google.com/rss/articles/CBMiigFBVV95cUxQUHAwekpZaEhJSUdBVUx4N2pBcEpKcEwyMzVhenQ5Smp5b2pJVmZIZnFYRGlhV2lfOUFVaFhPZ3Y2QUxVY0RPUHduNlVjLW9YUDVzalI2QWhtRVFoeWFZRUVZSzZJLTB6dVBOWnotSTJOZDVreHJYb1YyMC1VZDJiYkpuYkh5ckFDYWc?oc=5
SU.TO,2024-05-21,"Suncor moves on gas station plans, deciding which to renovate and which to sell",The Globe and Mail,https://news.google.com/rss/articles/CBMivAFBVV95cUxQTVV3cmVES0FBaGQwTVMybWxlekF1d0g0d1FBaURlYThYZTcxZXB6Y1RTZXhDNmloUmdlWkdHbUZ6M3pPZ2JWM3JHQklfUEZHVFhnSHF4NDBHMjNmUHk4dnN4b2ZGT3pLMG5NN09aWVhVTFJvblhkbVlUb2RMbWU4MkdpcGtabTdJaGk1N0NLSHRfVm1iMnFRbGtHY1FJOXRXbUxMdW92dmEtUjZiU0dWcmhfck5rLXh1VG1uUQ?oc=5
SU.TO,2024-05-21,"Executive turnover, shuffling at top resource companies costing shareholders millions, review finds",The Globe and Mail,https://news.google.com/rss/articles/CBMisgFBVV95cUxNd19fU3FJR1NEUkVtbDQtb3pJcnN5TEdEejZrd2M0NlVtdGg1eEcyWkZKbGN4NGhmd2IxWnhNMHJPYUw5V2toMVZCT1lROGFzQjhWcUxLQS1ySEpoN1NlblZDZ1NtUjNtbWZvem5VN1JtM3E1SXZHVE9UNzVRNC1OdXUtUXYtNl9WdDJKN0hreWswclB3a2Nyc2NQa2dGQ2p4a3VjTXVfY2lTNFNtRndNdGJ3?oc=5
SU.TO,2024-06-04,Suncor Energy Inc's Dividend Analysis,finance.yahoo.com,https://news.google.com/rss/articles/CBMiigFBVV95cUxPcXRXWF94c3hLN1A5OTRRZ3djTklCSk45T3h3R19xYzlYYWtkSzRWRzgtckR2Q3BaeGt5RnFiX2NlZ0FHYXRmWjNyZzJ1WUR3N1NnWUhDZW5WYjJ0d0VRY2QyTU1DVnZCYThVemJWQk1Kd0swczJYR3R5TlhhMXBqcTliVjU5eTlfR3c?oc=5
SU.TO,2024-06-07,Canada's oil sands CEOs push back against proposed oil and gas emissions cap,Reuters,https://news.google.com/rss/articles/CBMioAFBVV95cUxPZ0w4ZEFtZUZNT1ltLV9NYlEtTV9IY1JTVjBDdmJLc2xkNER6Vk90ME5HNlRxRTZHeU10Uy10UWpLUWx0d0lQRTEwU3JjaFd3akJlTkdwVUlRcHkySTFpeUFIUFZkajRBbXpMSkFfVTYtbzluTWVsOFB4TktfOVgxZkw0YWxLSnJoUTVIVGFuSFF2cHdTci14QlVncmx6Y1NQ?oc=5
SU.TO,2024-06-24,"Suncor Energy Inc. stock rises Monday, outperforms market",MarketWatch,https://news.google.com/rss/articles/CBMitgFBVV95cUxQcHZISFB0R0xJWlYtaWF5QVljS25uNXRyQXQ0ckhrRnJRanY0ZTl1RmNIai1NTUljVjlxZTRGR0Z0YzBKb2pkWWE5Wmk5VURpOFBhMUF5SUZxdWQwWVNsdDBDZFB0elZCNDA3YW5rdUZHNEotWmJtWlg1aHJBN3FLLWY4RUEzWThhcnlKb2ZHLXpHb3lhRjVJaGt5Y2RYbWZIY1h5aDh3MzA2cDBGazJHUTRXMjVYZw?oc=5
SU.TO,2024-06-24,Canadian National Railway: Top 25 Undervalued S&P/TSX Composite Index Stocks (CNR),The Globe and Mail,https://news.google.com/rss/articles/CBMi9wFBVV95cUxPWmFwTm5vMW5EckpOeWg1ZHJKRWJYRS1abVpBeGZINGRoVXlBcmxpRlVlcjZ5UzNBQURjUFJsd29vY0tRU3o1S1hFWGl5eWFkTy1WQUg4bC1EX1NMMUVQR3N5ZThKOWhSemdWdTJLdUlDVExta0E0WUxqWk1JRHBoSVB1WkJBNXFncXJMZ2tDNXREMkF3T19CSE5XYlVPeF95ckpSY0hJVm02cXRkbTV5ZWhEZXJmeXJtdUw1Sk9GWXRCb2FpQ0RqM1VWb3ZiREwxUl9fYVF4R1Z5V2t2YUVxcXRmZHZFeUttc3FHRk41MkpqMnVhdTBz?oc=5
SU.TO,2024-06-27,Gold Stocks vs Oil Stocks: Where to Invest for the Remainder of 2024,Yahoo! Finance Canada,https://news.google.com/rss/articles/CBMif0FVX3lxTFB0RmFSR0oxWFB6LXBodTRJQk1mMzJXYlRONzB2Wk9vcnBNTVJJQWNMazd1dG5pckh2UzZDWnQ3Wmh6RVpmZy1OQ1gzUnF0XzhwQzFxa1ZCUHp4YVlLMWxCTUNFSEJ4bWd2TGpRaVl1U0pZVWJsVGNCMV9oeFItQTg?oc=5
SU.TO,2024-07-02,Many income stocks were hammered in the first half. But these three were big winners,The Globe and Mail,https://news.google.com/rss/articles/CBMi2wFBVV95cUxOdEtuNXh4Q3ltQVJXd05wT3JGWGZZdlNWZ3JmVmJ1czgwcGhGZXZfcjFxbTBwT1hJMDVWak5LUktJSXg5SjZDT3BrckNEQzJRT0NuVDFYbXRGaUxFZW84c2I0THdDTE9tZTdNdW5oOWdaQ3lvMkZPVFBXeWU2TWRJeWJLYTRqS2VnX1REeXlIdjFPWW50ZGdTOE1PNENrYWk5WHl4NEZpRmF4T1pTWkVGQUE0WGtTVDVLeXBOMDZhcjBFb2lhdXpVOFdhc3hGbGpqbHhoMEhfNGVfeFU?oc=5
SU.TO,2024-07-04,The close: Resource shares help lift TSX to near 5-week high,The Globe and Mail,https://news.google.com/rss/articles/CBMi6wFBVV95cUxNNGlBQW1kdFhXbjBURkRUS1BDM21Ub1o2V0pEN1ZUMTM3S1ZCbHM2dzJHVlZXUHVlTkFUU2xVNHJBWmgzU1Qxd1F4NDhCeWVRUVJOVmNqM2VKYkV0U04tX1RaZ3h1cnFPRGx6R2thbmp0OWRtaGs3MFJhQUNSa29PSThQMUZLMThOMnlBaVpmb3V0aW1VTjFpRFE4Q2dnSHJKc1FLWmZTNkdvdDZxM2czb0c5R194MU9ueV9CcDVtQWYzUVdsMTFhMHRuQ25zS0I2cWw1N1lSV1VZS3VoWGV0clRQZ2Z5V2lxMmpF?oc=5
SU.TO,2024-07-06,Southwest Airlines shareholders puzzled by Elliott's activism can look to past campaigns for insight,CNBC,https://news.google.com/rss/articles/CBMijgFBVV95cUxNTDlLWmRxYXNXRzFxSGIxYVhxVzdZYmhFNTJVYWc1QlA4NTU0UjhQTXluX0hPcG5VSEJWM3hZZURWYm1yVUdiQU1uOGJ5U2JIZDFVT1Z0ZW1YZ3pieTJxRE9IYnNiWXdrZjFHeTh3UG5FNjQ3cXFua2UyX3Z0VTM3ZWMzRmxKVGZVcWtFMEZ30gGTAUFVX3lxTFB2WkNTaUlNX1Rxb0FWTWx4alVRc1VNSGd5S0MxMVFKSFJjcGJjUms1V2pESzVtSjczU3J2Vm5KMWYteF9TOVJrS2R2TDJTdTJXR2tNeUwtbmhTbDZfcllOV2pjWUp3Q3A3dkRDZFY2d1RIanpWd1dZZm1xTlpjV2JpYm5zT1VYM0Vhdll4UURKLUtmTQ?oc=5
SU.TO,2024-07-08,2 Stocks I’d Avoid in 2024,Yahoo! Finance Canada,https://news.google.com/rss/articles/CBMiekFVX3lxTE1JTGlRY0dUdXJ6M0psRGs2MWJQMm1nZ0Zua0pMMWZ1dmFXX2lUcUgyTDlmd1JuX2pJZ0NQRXg2MFpmUWNON0ZVWTE5MHd1MlZlRGwwLUtpQW5BcUx3YkhTVEE1cWpTSy12Um4xMFpzanpfWjN5T1pLcm9n?oc=5
SU.TO,2024-07-12,Gold Stocks vs. Oil Stocks: Where to Invest for the Rest of 2024,Yahoo! Finance Canada,https://news.google.com/rss/articles/CBMif0FVX3lxTFBaSEFzMmJiaVg1MkVrMmpQd0Nrc0tGVXNIZXJCQXJxU2JLNFdVakVpZnBQR0VfQ3ZTRHFvd0p6YWR5RllMWDJLQ0RYV1haZDZZYU92NmhnUi1vbzBnNWJaQS15MG1LS0k1d3hqMDV0a3FyQktlZUhoVjJTQXBjeGs?oc=5
SU.TO,2024-07-17,"Suncor Energy Inc (SU:UN): Stock Price, Quote and News",BNN Bloomberg,https://news.google.com/rss/articles/CBMiUkFVX3lxTE5rWktlSHlSU0RGcHU4SWRkb29YdEtYYTNKT01BTFcxeWR0amlFd0lYQ241TldLUUJnSmNWcUlGakk1WExvSXZwYXY3aTVZTzBGeHc?oc=5
SU.TO,2024-07-17,Suncor’s Petro-Canada™ extends Team Canada partnerships through 2032,olympic.ca,https://news.google.com/rss/articles/CBMimgFBVV95cUxNQUtuYVVWNzZqWnRkdGhEaFJPX2RVVlNMRTZwMFhJMnJEZlQycmg2c1ZkWGh5RVNzSF9RbEVTeDZOMHhPRXh6TzdYa2xQTjV4OHFOMUVnNnhHZGR5bXNJSWdCbEF3YUZIWkZIUmJjdGRDRXJRbXhsQ2Yza2syeVZnaDV2dHZBbWdPdlRmLTNrdG5sS2Vzc0ZKWUd3?oc=5
SU.TO,2024-07-25,"Lured out of retirement by a $36.8M package, Suncor's Rich Kruger was Alberta's top-paid executive in 2023",Calgary Herald,https://news.google.com/rss/articles/CBMijgFBVV95cUxPeVRZWkJPVHFmOE1XSGIwWmdTNWJKWDUzMTJSd1A0LXYxSEJQZTJSZ1ctbVRoODZQNFQtTk9Od2NOdmRyUTJlbG9ZVHdhWHBvdi1welhpZVlxd0VRb2lGamlRTlBCYkFENW9EYmdoSjNaUkRiUWZYVW56ZTRhc1dLNlFjR2VKSngtS0lOTmVR?oc=5
SU.TO,2024-07-30,Canada's TC Energy to sell gas pipeline stake to Indigenous communities for $722 million,Reuters,https://news.google.com/rss/articles/CBMivAFBVV95cUxQWnFITm5ESzc0NXVKdWZZUUl6bHFhbURlYXlSajhWYTZNYm0zOTJ3THg0ZGZhOHFDZ04yU3ZqUTdMUjFPWUV1cVptYWpvQktEVUN2VWUwNHppbm9mVFNlQUFiU3RfQmxLNUZwNjRYcEZwQW9BQjFYdU1uRzI2TE5mRlp3TWpxX0FRekFaakxJUDJkb1Q4Q2x5ZXZFZUczUlZaTzMtdjQzWUVOVDZvYktJRW81ZE1IejI0QW5SSA?oc=5
SU.TO,2024-08-02,Indecent Proposals: How Activist Investors Hijacked Responsible Corporate Governance,C2C Journal,https://news.google.com/rss/articles/CBMitAFBVV95cUxQejBtVnVyZUkwRjhHOFRFTXV6bGJnQTdYSi1xUXlZU0tUVXhMWlhsbV9WQmNFNV9jTkNzTXpsNnI1eGxkYktPR1psVjV1bnQxR09XbEtMUm5WVFNzaGNDMVBfbUw5SGN5MmtQZWZ1dTBPbElfYm9Hd2lzdEg1LWw1U2EtREJBTVBTVW9xbEMzSTZLVHdkaHNxcEUwSXpYUUR0TU9YWWl6S0cyNlhZM0F2bS1FNWg?oc=5
SU.TO,2024-08-06,One solution to market volatility and overhyped tech stocks: Canada,The Globe and Mail,https://news.google.com/rss/articles/CBMi2wFBVV95cUxPaTdjaGZXV3I3dDJkSTNzYzlZSS01bW9DRTBGa2R5N2pDYnd2WExvejlub2FKVEVMRk9FM1RtQ3hrdlU5Ui1QN1pfVC01NDRxNXNRNW5qRzJlSmJDMmxSVmpHY2NBclZ3Z1M5LUFDb2hsSDh5aE43Uk5jYTNzb1BDVkF0dlFQSmVjc2x2aF9CVlJPalNtOHJjdXlMUXJIYncyZC1maG5mR2JGdTR6SGdoYlZLaU9IVGVmUjlqb0hrQXBmT2htc2wyUmlOZ3BCMWUyS0J0enBRcjdXaWM?oc=5
SU.TO,2024-08-06,"Suncor repeatedly broke federal air pollution rules at Commerce City refinery, environmental groups allege in new lawsuit",Colorado Public Radio,https://news.google.com/rss/articles/CBMivAFBVV95cUxOR0pnUXF0bVFfcWFXOGw1akJMLU04QzV4eE1xTFFtbVY1eEtSUWNiUXVQSjV3VUZVSkRaTERBVnBJWTMxODJCeWJyLVIzYVJIUU1iSDBqUlE3QVRORF9GQnRleWxTb0xxQklScXZrTm5TcXh1Q1RBZU5pZ2FyWDFrLWZDdDhUUVNQSk9DZ05STmV1cmxyQWliQ1UxVWpEbDlmUjRBTW85YURwZlFWeXNhclMyVTRNU3BkN3owUg?oc=5
SU.TO,2024-08-07,"Canada's Suncor on track to exceed 2024 oil production, refinery guidance",Reuters,https://news.google.com/rss/articles/CBMiuAFBVV95cUxQajJmdmt5clZQUnQ2YXZ3ZzRhRUs5NEJGVlpnNElJT0tsSEkwZTRyMld5SFpKVHEtLTZxaWZ5RGU2MWJwQkxWcEVrSEktREFtNVpMSlJEWUpKSGZaRGVINGdpWU5tS1FzcFZET3dwVFJmSHIzNXIxUHIybDRYaDNMdEtKd2N6ZEc5UzA2X1c1UEdpbDg2TENUUVdBV1VWS3pJY2czbjQ2dTA1VU5tLThYUXZ2d1NnR0Ey?oc=5
SU.TO,2024-08-13,Energy North: Tourmaline Oil to Buy Crew Energy in $947 Million Deal,EnergyNow.com,https://news.google.com/rss/articles/CBMijAFBVV95cUxOTmN4TXZ0UUZIejJWR3dxQkZPdGFkamtoNm0ydzA4SGVvRGoySFRkb3RERGo1SnFkNHZzdkF6V1hkMEtrc3ZGVTBDVVhmRDlQT1hra0JfZWdDeGVscko0NEhtX09IUnc5aFYxR3NJWUZLcV8wUTU3aDhoZnFkT2g0NVhCVnZ4RExoaElhMQ?oc=5
SU.TO,2024-08-17,Syria’s oil industry was once booming. Could it be again?,Al Majalla,https://news.google.com/rss/articles/CBMitgFBVV95cUxOOS1TNzhTbGtkeGd3SERwTXFsV1EzV2paNnRyZTRFcHEyYXhlWEZERnA1OE1IYjRUNndrQ0NBUFBHWkxZVzJiLUJpUGlrX0d4R2ZXRGQtYmI3Q1MyLWFUeVFFVDF6cFJJQlBOZ0hFU0steGthdDZaa0lKbWNLeFZDZFJ0aFNtZFo0M0ZKeUNyWmNPbzgzdldQZ1VPeXBVWDljRWc3eExvejNJN2NNdmctRnF0S0Jqdw?oc=5
SU.TO,2024-08-19,Pipeline Capacity Shields Canadian Oil Exports from Rail Strike Impact,Pipeline and Gas Journal,https://news.google.com/rss/articles/CBMirgFBVV95cUxQVTFWMzhzYUVsZjZwa0dxb2lCS3FGN1FRbGRicHpWUHctSXpEMWg2WXpuZDZIVmxkYjZmRENueDlEMXVpOFB3T05VWmhBaDd2MmJ1Snk2SWptQkRZVHlMbHJtYml1SklnVTNUb0FfRWlvQnVKZUhqSzJsendDZm1sdXRvZm1ldzJqZ2kwVXhXeEJBQ2ZfaVlPZDBpTEZvWjZpSVZXUW14UUUza0ZTSnc?oc=5
SU.TO,2024-08-20,Clearing the Air With Canada’s Oil & Gas Sector: The Interplay and Actions of Stakeholders on Greenwashing,Sustainalytics,https://news.google.com/rss/articles/CBMiigJBVV95cUxPbm9xS1FLU2NSSy12QUJiMkdYYlFUanBEV045cVZiZ0FIVlNEbVlObmtCOGdjUzBNVG9YeWRMZEl6R2RIcS1ZcktqUkVwM3BlNFdMdlpnM0poRWs1bmZCS2V3MGs1RjZzenRlMmZQTzBOMVF0M2hyNm1vRjEyLTFIVldvMW9KaVlyMDVkTEFJUEcwUHFGejVIYnJ2bUw5S2FTem5rVFEyaWprSGdTcFBQcEhZSGFWWFZydUVLYi1XYzlCZjNMZEVEU2hZa0tQQWc3bjR1NDBabTE1TDJPQmpzRWFpczVjd25hRXlnWkRSZUxLajlXQXloTXJFaGFXSWVGbzAzd0pZVzRyUQ?oc=5
SU.TO,2024-08-22,Scotia Canadian Dividend Fund's Strategic Moves: A Deep Dive int,GuruFocus,https://news.google.com/rss/articles/CBMiwgFBVV95cUxQblJXZ0JFcjFFRUZub3hrU0lFSFV5MGU5VHlfT1JCNi1DLTM2QWR6RVF3LU1Edkdkd2dfTlYwVGhXR3ZKZ2szWUFUTm14aEo5ZUhNWUhEOTJ2TzNIM1FjZXo3OEgxTUZsZ0xJNHh5Ulc4RkFiY3N0ZTh3M2pVeGpVYmdkek0xVGI2aXhMRERtcXJjRDRtYXQxUGUwVjNaelNkUk9CQlFxdkdwQWdXdk1BZmZBVElxVWxKVnlzT1ktaXE5dw?oc=5
SU.TO,2024-09-09,Suncor Energy Inc. Bonds — Corporate Bond Rates,TradingView,https://news.google.com/rss/articles/CBMiXkFVX3lxTE8xWWlqQlg3dTdUbGhFRldBcS1uTHZzeTJRM21uWGp3R0tSaGZVaFZ3Z3FLb1puaVRqR3FoYTFYcHFwS1k2YXBVSGctYjNhQXZzZHZjMVQ4VUxCOTFxdVE?oc=5
SU.TO,2024-09-09,"TSX Today: What to Watch for in Stocks on Monday, September 9",The Motley Fool Canada,https://news.google.com/rss/articles/CBMilgFBVV95cUxQWE9ETkcxR1J5X2VwbE40SEpHVDgtYnM1dGNXaWdJcjVqQ3YyX3BOSmM4MV9wOUR3d1hFLU1tamNkdV8wVmZRU2YzaE9sWFpPdDNpdUt1LVRGcVZ3SDlKajAzQWswRGI2WFN2VkFLMXRENjJSRjlzd0xsWlpjYl9sa1BaN1YyYVpGUkVaQUdacXdleW9nR2c?oc=5
SU.TO,2024-09-13,Here are the Canadian oilpatch winners and losers from volatile oil prices,Financial Post,https://news.google.com/rss/articles/CBMiigFBVV95cUxObVM4dTVQRTRLeHRsaXJ6Z0RSQkpZZDdFR3hnQWpYTkV3XzZWc1pYc1gtX2pTVVpaSWx6Wi1XR2xJaHRLTS1pMmNRQ1hHQ0hXTk1oWkk1NnpEUGdlcWd1Mk05elhrRDJ3LTVHd2xWTnRCbjhRSkdiOFRuV3ZzR0xmRldwMzVkU1daQ0E?oc=5
SU.TO,2024-09-13,RBC Stock’s Path to Doubling Your Investment: A Decade-Long Perspective,Yahoo! Finance Canada,https://news.google.com/rss/articles/CBMiiwFBVV95cUxQalZOd1E2am5LQWZGaXlFNUVYU2hZdHE1YXkyekhZSHZSYlNMQ3FuSGtRMm1fNTZ4SmJXdnVGck9xang1NWN0YjVUamEwNTBqakg4LVV6aXIyd2FiLV83MmRXN19jaWx3QXBjMmNsSWNCdG9mMk5wNWtjbW1jZUtLQUhmZDhjTWI5M0pr?oc=5
SU.TO,2024-09-18,"Exclusive-Google offered to sell part of ad tech business, not enough for EU publishers, sources say",Yahoo! Finance Canada,https://news.google.com/rss/articles/CBMilAFBVV95cUxPN2lMS2dZZUdDSlpOOEpSVXo4QWtsSzBnM2tiOHR5WjJhLU0zWGRmTzB0d2p4a0ZXTkVQTkpGRk1TNThoTXF0ODJieEtWdU1aWkxTZlBaNldWcGtiUmZudGsxSW8wMjVfUmdYVTQyM0toRTctaXUwMUUtMjZ2MkZ1NlBRNzNvdWVEMU16ZW93WFV4U1hE?oc=5
SU.TO,2024-09-21,Bombardier Just Might Be the 1 Best Stock to Buy Now,Yahoo! Finance Canada,https://news.google.com/rss/articles/CBMigwFBVV95cUxQVTJfVDREc09EN0t3QmFURVRhOEpHcmVpNHdhTi1xUmp0djJUS1otdjJwLTdHcmxTRmdnVVNndWhjM1JqekREeUJLdVdBbVBzN3dZNkNoNDJ0TnNQVXpXNHBwMjZiZFJpVVFVczJVLW4wZkFpY0FKZm1xUDU5TXQtR3p0TQ?oc=5
SU.TO,2024-09-26,Suncor CEO Rich Kruger is all in on oil. He’ll figure out the shift to renewables later,The Globe and Mail,https://news.google.com/rss/articles/CBMijgFBVV95cUxNNkQzcm4tQmgxZm9ocUdsUGdQNTktdGN1eTB5M2JlWk5JN0pyUlZ5TVVidl9GT1RDWmlhVDdhLXpQTGtZSVg1dXVIaFR6NmRqS2R2WHpzNjA4bVdaR0hnX21sWERLQmFYX0ZRZ1dlNkwtSkM5VDJWTEl6SV9VWjdYdlZxWFVWUkFPMFcxbW1R?oc=5
SU.TO,2024-10-01,Is It Time for Canadians to Buy the Dip in This Stock?,Yahoo! Finance Canada,https://news.google.com/rss/articles/CBMigwFBVV95cUxNb1RLVFBNLVZKNHhublkxaEw5eWtldHdvazdlNHZ4UGd1VDNTZ2laTXI5QkIxUU9DUlU5enJKS2VPNnNBZGltN1F1T1JPRFBrZV9DUjZMazFnTmV2Y0lRQlNncS12MWNLT3ZHNE5jZXdyMXRmRXNZVTlfVUl2cGVFbG5tUQ?oc=5
SU.TO,2024-10-02,Courts ponder the constitutionality of the Universal Service Fund,National Association of Counties,https://news.google.com/rss/articles/CBMihwFBVV95cUxPR1AyX0pqY0liYU1HXzB2TEg0QzRSOUVSam5xQjhqZmU5dHo2MEVNekpoU2tJTUMyVkRXbG04WTllSUdtTXQtZEJCSnk2X2FtMjJ3bVBFZVRMWmVLTUI1QzlpUXRieGJWS1Bad2RzZk11Z0ZwTE1NOHQ2Szd5bmd5X0s0MmI4T1k?oc=5
SU.TO,2024-10-03,Fed's Goolsbee says dockworkers' strike could lead to higher prices,Yahoo! Finance Canada,https://news.google.com/rss/articles/CBMijwFBVV95cUxOVWV3SlpsaGlzamtzQzVCSVB3RXpKeXZGeGM1NjNEWDZreDZtbFVrOENZUlZtLTN0cDRNVnA0NzNhWkowM2l0M1dSdUJUS1lrbTI4ZHM2YzMtVGVpOW9xYXNTZGFSdjNoTXNQaURIN3VuRWFaLW1lUEpBamJXdDlpaGFybzNmSkxZOTNNWEtVdw?oc=5
SU.TO,2024-10-10,Foreign companies are exiting the oilsands — and maybe investors too,Financial Post,https://news.google.com/rss/articles/CBMijAFBVV95cUxQSk4yUTFacnlJWDlEQTBsYTBxaElPVlBlUDNYSDByQ051S1l3ekxVMVRPYVRhNF9RbVF1WG03T09HOFFqb2xQSGxOTHVDTTRpT2FmX2xnRE5xQ3dtWU5yY1BDTFlCbFBLaWdrWjRKMGxVWTFFMW1yRFMzWkxVWURjTjRDUFRUM3ZhZjJLWg?oc=5
SU.TO,2024-10-22,"Elliott sees more upside at Suncor, almost doubles stake to nearly $3 bln",Reuters,https://news.google.com/rss/articles/CBMiuAFBVV95cUxPZG1INm1JdVllZzcwQ1hNRm1lMmVYeEFiU0pMczl0YzlGcWEzaFhUZmFlRTk1dEotNzVhVnhOcmhYTmg0MURmVW00SU1pNVFDd1ltSnhBcWl2MXphZ3lvOWxZUGdSUUpFdlc1d2s4R1BLekZGZnc5dk9tMkxlZHYtaW04dWRSbEZxaUJCTVhhU3hTQXE1Z2g1cVd2eXBvSnI3U20ySU51TnB3U2ZvalZrS3RjRlNrWUw1?oc=5
SU.TO,2024-10-22,GE Aerospace's struggle with supply constraints hits jet engine deliveries,Yahoo! Finance Canada,https://news.google.com/rss/articles/CBMihwFBVV95cUxNZXA5MGRMNE81S3hyN2JGUFJOR1Q5Y28tTGlHTl9WVUN2OFR5TVBEeFl1ZnA0dDRaeHg5WWsxcnJwc04zaURUSzFLY243WUo4ekNGZTFTczJoZ0xoTzRYLUIzYnpMZXdHQ0FiRWtmYUNqejRjcl9GU19oLTItYmNyOW9Ncm5WUkU?oc=5
SU.TO,2024-10-26,Varcoe: Concerns mount over Ottawa's anti-greenwashing rules,Calgary Herald,https://news.google.com/rss/articles/CBMi4gFBVV95cUxQWTE4T0ZMWTRZVDhlUXdiblg3cjNEQjZoZlNBd25yS3pMb2pKUU9wdHlkdnZQTHFnU0lYVmlJSjNlYzdJbXUxOGtfR1BjNWk0Q3FvTjM1ZzF1N3dXUjJGRy1BdkxOd3dHMkN2NmYxbzBBekIxb1EtVXdGWGJwS2I1TEJqbHJJRlF0Wkk5bWxkS2piWHNHaFEzVHl3aE5RX1o5am9GYWxzdEYyWHFoV0pGV1lnaEZLclZrdEJhMmZNQmtDVlpWU3hJUk5WamhLaVJoT0UwTTJ0bmJkZ2lEU2twTWR3?oc=5
SU.TO,2024-10-26,Oil prices likely to fall after Israel shows restraint in strikes on Iran,Yahoo! Finance Canada,https://news.google.com/rss/articles/CBMihAFBVV95cUxQX1dIV0l0N3pjUTNWWUdWLTRsMElQN2JHbXRBdUh2STVVMGY5Si1TczdYTXRydVlHdFdIY0tQY3oyVHIxaE5PMEVFMGdnak51NllVREhncVFGU196UndSXzlxeHRNU214QTA4OUZseGNfQ0NqQm1ocVdvUjZmc3ZZZm5rRlE?oc=5
SU.TO,2024-11-05,Analysts Estimate Suncor Energy (SU) to Report a Decline in Earnings: What to Look Out for,finance.yahoo.com,https://news.google.com/rss/articles/CBMihwFBVV95cUxOeUMwUjU5UEtvM1NjRHFBbUp3dkFvaUV5cm9QUkVhYjVzMTN3a2UxQnBrQUdsdjF5OFBxWlJXUEZhWUpXQnd3VEhJWDFPekI0VkZIVS1zM0lGRllfOExHRGszYk8zMkxYMVFjcUhiX1htZUxiTmhQaWZtaGFmZWw0T1AxbHp2QUk?oc=5
SU.TO,2024-11-08,An RBC quantitative analyst makes four changes to his top 40 Canadian stock picks,The Globe and Mail,https://news.google.com/rss/articles/CBMi3wFBVV95cUxQUUsxMjNtenctbnFtUk1PUDV6MlljWFZmNGdoSXJqbGVSSW43ZVhhTVYzNDhTVUI2QmhoeDNidDVfaHBLM2JzLW1xT1JTal8yM3pVLUNUZU85WkJ1RUFUd1BXT2N1VjhXT0VJalVUcEsybXhQWHRBSC1qLTQ5YktQcnp5UVRPM2lNWUxZenpfVGQ4c2syM3hRWEJ6Y2NieHYtTGxBNkpRbzR1RmpMU1lZaEE2d196dlIyTkRYMTFRQXFBVnBBQTVKU0o5UGFMekl6MjVGeDNjWWpyY3E4NGVJ?oc=5
SU.TO,2024-11-11,Where Will Suncor Stock Be in 1 Year?,Yahoo! Finance Canada,https://news.google.com/rss/articles/CBMieEFVX3lxTFBsR293WnBvSUluMW1rTnNaa25PQWVRdUlWaFVaQ1c0VVhDQWtiZ2VDUEZyUUtmZjdBMllHeHpQbEh6eE9KTFRZaWpCNVMzYVVOQnlaVnF2R3JxSVZpQ2tOWmN4SFNkeGNMT01kWEVnOUlVUmN2TFZndg?oc=5
SU.TO,2024-11-13,Market movers: Stocks that saw action on Wednesday - and why,The Globe and Mail,https://news.google.com/rss/articles/CBMi1gFBVV95cUxPSlV6ODh2SDJPdjhwaWVCQm1hY0RHUlcxRzFMTkxYbkVXUVQwNjVjX1RncVp6QTJYdFlyMzNNSGN6ZHVHUEhRNGFYdVNBNWs5b1dSOUpJVHFnSnBYMll3RHViOGJYZGctcWVoME5oSTk2Y1pvajRFZVphSGFNUXA5V3VCU2NWZmpVTEY0SlFsenlWbXlzWGswSHVVVTBXaWJ3X0tfUDN3Q0taNzE5RFRLR3RaM2lJTVJIMkNiYlhwUkVqamJSSXJrckc4LW9ad2xSOHR2TEhn?oc=5
SU.TO,2024-11-13,Canada's Suncor cements comeback from oil sands laggard to sector outperformer,Reuters,https://news.google.com/rss/articles/CBMivgFBVV95cUxOU2lJaFVpSnpkOUtneEV4Uk5vbE9hZWJXam1maTY0WGQ1andXaFVmbzk4UUxQY09nUFItNXp1R1JVZkNVY0dDNTU0YnZPQ3ZZUklwencxUVZyRnkwS3BnOE9aQ0Z3Tng2R1p3aERFOE5kOWJsbkNKRC1ybGV4bzVXVmpXRWtFNVQtc1NUMlZmZjNGbWdHb1dHWjU0MnR3Tm1mbjAtam0tNGRfVjJrQmRURnJhTl9KYlpyNWE0NnBn?oc=5
SU.TO,2024-11-14,Amazon's push into telehealth knocks shares of Hims & Hers,Yahoo! Finance Canada,https://news.google.com/rss/articles/CBMijwFBVV95cUxNUmx6dzAzNFZVenNPYlRXXzJXT2gxbjg2Sy1icmpXSThqd1g3MFNrTzZidFFSSGNRMzI3Z2pnZkE2aThGVC1JaHQ1T2dMWUduMkRIb3V2Vk1VeVpsN2lhMmt1dWJWWC12VjF2c1F1dkxoNVIyVC16dVdndlI2U3h4RFFGYzAyRkkyNmQyTzNLdw?oc=5
SU.TO,2024-11-19,Suncor boosts production and profits with focused operations,Wealth Professional,https://news.google.com/rss/articles/CBMivAFBVV95cUxPVTBUYk5McF9MYi1PbnN2TXZyR3Q0MDFqS2VWSHNQN3RBOGR3ZVVZRWxwOExuSF9td19TeXE0czZsNU5zd0ZnbXJJOG9tdGc3YXBqQ09LSVFXYVlUYzRWbTVvWDNLTmVjU0JSNjdJZzBrU0NyNmJQckszR0t5OWg2Y3l3Z01hZUlXQVR4MllwQzlaY3FvTlRRYmJ0YjB3aExBX1pJUzBMMGdDU2U5UjhncE95UXBkdHN3c3JJMA?oc=5
SU.TO,2024-11-21,Lawsuit alleges toxic gas killed a contract worker at Suncor Energy’s refinery in Commerce City,Colorado Public Radio,https://news.google.com/rss/articles/CBMijwFBVV95cUxNYVhvMzlZSjJzRDR1S0dhSEpoNGhWQjVteElYZlphV0pqb1pLQjFnS1pBQ3B0aUpJNG1FdEh6VGl6TkdJN0R1SFg1RVM5STJqbm5TX21CZlQ0bzhlOFVCX1BOUloyWE5DM2NfMU5pUEdyVlhMX0hpRV9OSUZweVAyTElRUnZOVGQxWG1rdERTQQ?oc=5
SU.TO,2024-12-03,Pembina Pipeline Corporation Announces 2025 Guidance and Provides Business Update,EnergyNow,https://news.google.com/rss/articles/CBMisAFBVV95cUxQT3lELVdzWmxoWm1US1l1RFo0SHd6WksxV2dxakctQmZKeEhnZ2tYUXhTWncteHA4czU2c1lSX1JqeTRmcmpMRDFFSmd5X1RPTGNzTFBOTksxdjFiQ2NGTVNBSzVCZHl5SlFXU0k3TGM4b1NmblZTV3ZyRXJ5NFpzbFF2RUFldzlOSVhmZ0h6QnRwcHZ5c0xVc29Gb1o1QWZOV19HUjZzdXFNVjBKYkdvdA?oc=5
SU.TO,2024-12-12,Canada's Imperial Oil forecasts higher 2025 production on oil sands boost,Reuters,https://news.google.com/rss/articles/CBMiowFBVV95cUxQa1BUNVBnS2E3dEtrSzN5LWJXdGNNR2Q1WEY1Sk5KamMyOEtxMENOYzE5b2d0MVJkMjZaU0NHRlhjdzNRRnhvSExCNVVJdkdUS2NYSU9HamFLanBETkp1eW5zcGVaVVU3RU9xS3RUWlJnN2VDZW9OM3NkLWs2ZUM0cndISngxWG1qVWp3SDB6WVJHLWRIS3dNbU9aWVBrY0hnLVk4?oc=5
SU.TO,2024-12-12,Suncor to increase oil and gas output by up to five per cent in 2025,BNN Bloomberg,https://news.google.com/rss/articles/CBMiygFBVV95cUxNS3A2WXdaRTJhTWdqQ3J5cXZ6Nm9wTjBmc2lhY0JFSHJ3OVpmUFUyNGswX0M5WGFZUGd2dnBoeVlFOUpOWFBqRUwzUTM5TzhKanJYVTdJbUZlQ2tZZGlKdE9zbUFKYjJ2RE80d3hWVnBnSlE5bTExVGtrbV9YSjRfZ0tUWk5YeDVhWkJuQUpEMFFJS3JGRW5SSmJ2dXhZNTJIQnZ1S3dramd6NElVY1R4VWROdFQya2Y5eTJMRURRbUhFRHpKbWlkUWhR?oc=5
SU.TO,2024-12-13,Canadian Oil Producers Forecast Higher Production in 2025,EnergyNow,https://news.google.com/rss/articles/CBMikAFBVV95cUxONG5Gci1qUkJKaFV0d25IMDc3bkloTzNMQzBzbUdpQlBrN0l1bW52QUQxbGdVZDZQdkxCUk0tSl9UTXBBZjFqS3RjaHpVXzR0YnVrQ0N6bUFldUNqNDdlZXg5dTBNdFZHX1lBVFlPb3AyMEQwOEktY0pVQ2oyT0EyOTZYNjg0THFoM3IzaTcxRzU?oc=5
SU.TO,2024-12-16,"Everything You Need to Know on Monday: Finance Minister Freeland Resigns Abruptly, Hours Before Federal Budget Update",moomoo.com,https://news.google.com/rss/articles/CBMitAFBVV95cUxOdHZZVFJ4TTZoUUdMNFBoS1VBTEswMkFnV2tQSEdBU1RUUzF2Ukk2bUJ6V0UzUXh6ZmY4cE1ITHZYYmxDazJuckY5aHBlZVF3Mm1EME8tNTd2cnFfaWxQbkZUaWt6VW5Hc3pDRVBVTzRVNklaaEJYZ1RlSmpNVkJBRDFJOFNZNjRzV1VwNXVOQnFycEdLaExPbHEwd3gzWjVWY0RoLUlFVDJkcUZCUGw1U1hxRmM?oc=5
SU.TO,2024-12-19,Trump Tariff Threat Creates a Buying Opportunity for Canadian Energy Stocks!,NAI500,https://news.google.com/rss/articles/CBMirAFBVV95cUxPbVd5Qi1YOG9ObExoWmo2Z0hRMS1kV3J5ZzdkVWJkNTByVnUwWWVicnd4UFc5SzF5MUV2WnNacjhSeVc2cHo4bDNPTmFRTENjQnRGaE5sM0RjV1Z1WktPdHdOelpvMUVwYkk3eUk4UFo5N0lpTmhCcUJEeWRKNnRTdGZTZ1B5eXVoN3FuNXRqdjdEaUZLVWgwQU5iQUplTWVnT25vUWNfSC1uTnlT?oc=5
SU.TO,2024-12-19,Thursday’s analyst upgrades and downgrades,The Globe and Mail,https://news.google.com/rss/articles/CBMizwFBVV95cUxQSVBhV3haY2xKdWtHOVlTZUt0d1N0WkVpamwzaHZTLU00eFEyNERNYVhEWnpyUlR5anNaQ1pDejB4VlNpVzJ4Nk5RSDNUTFZwZHg2QmFiekxCejdNTVgtczBYVXpmT0cyM29HZGFsMVVjUTVkdkRlcS1jcHNwdk5QaS1TVk9RV3VFTkdqMFoxN2NBN0Uwc0h2M1VBcGVTajd1SDA4UFFCeElCX003NnBLS1lQZndjLTZpUUFkX1FKVXlkQ1BDc1NtdkNHTXNpV2M?oc=5
SU.TO,2024-12-23,Better Energy Stock: Canadian Natural Resources vs. Suncor,Yahoo! Finance Canada,https://news.google.com/rss/articles/CBMijgFBVV95cUxQWG51azhTaktDVjNHeUhYWS1vV1FKRWNfNGFsZUx4Q1Q5bksxRm13bXg3Zjlpa3lwTHV5Z2dFeGFnWU5UdlhZUGdvMC1SNWpoYU9oaEl4enVOOEIzS2dDbURXOGdSaHNfZUdfbUxRdVpfOHZMQ2ZQdlVLZ05iUEN2d0pTcnN5dkN3RVY2S1hB?oc=5
SU.TO,2024-12-23,2024 Annual Recap | Which Canadian Sector Takes the Crown?,moomoo.com,https://news.google.com/rss/articles/CBMirAFBVV95cUxNeTVkVThLRExYd1VnQ0pWRmtKaFQ3YW5FVXpBbTNwa1ZWelJpa2lpanBHWTlmaEY5c1RJR1VsVkV4OGdEWEJFNzNWbHlKeWxzMW5UbGlwSVIyMlFmR3NHSGdWaWdpNXpQQ2NleFJlZl9zem5PdEx4aU1Da05xeERNVzQxRHZRN1Z3RjQ2bDE4SDBGSFNsVUFzcVhYcHVrNUlHekJxbm9Ld3FBbnFV?oc=5
SU.TO,2025-01-02,Canada's 100 highest-paid CEOs earned $13.2 million on average in 2023: report,BNN Bloomberg,https://news.google.com/rss/articles/CBMiwAFBVV95cUxPLVVGZFN3OV9JblBZVTRhN2MyMGQwRXJSbVgyanF5cUZfYzZOS0hzUjk0NUJGMzJ4VVpYTkhxeEF2Wk4yY1BiVlhfOVdqOV90SllIYW04V1kxTi1hcms1elYwTU9XazRoYXNacUpMNkdXd0JXN2NucXBpd3IyX3NBRVFYdFdvazliUkgxcWFfZWxZWldSRGptdGd2M3Zfek0xTnpTcE5KclNKektZOE1lejhrQ3NmZGxCVXluUnJwTW0?oc=5
SU.TO,2025-01-03,"Canada's top CEOs earn record pay, highlighting growing pay gap",Benefits and Pensions Monitor,https://news.google.com/rss/articles/CBMiygFBVV95cUxPSklQaHlzN3ZHVWRnZHBVelZ6VFJNOGZqWVNlYVZXenhpcndadkxaZG9rTDRIUXJOLXVPRFhfbVFpU3NVck90RUZGZjI4OEE4S0p5RllxUFdRSzBRZFY3UlhSV3hxYlN4dkNHQlB4Q1hkVEd2OWhnLXMzWkxCZHdCYXpSYTZHaktFRkRFVGhpc1paNlNFWk9TTUl0RUVkT3F4ZlNuanAxQjdWYzhjQ0tRam1fTGFMUU44bXpzZEtRZEFEUmJ1dmUxVF9n?oc=5
SU.TO,2025-01-04,Canada’s 100 highest paid CEOs received $1.3B in 2023,The Alberta Worker,https://news.google.com/rss/articles/CBMiiwFBVV95cUxQWUdvSU5JMTVJemRuNFotTXFwMDF0VzFPMTZud2s4WGxzbUctYVlQUEhTVnU1ZC1EdFZBQlpVdUFRRlppTjA1anNtUmw2dEpoaEJ6UnlLMzZoZXJZRERVbTNlSXF3VTMzRURaQ3hhVGF0UVJjN2VJckI3WHhWNmgyZE1TQk4wOXQ0SDE0?oc=5
SU.TO,2025-01-07,Suncor Energy Stock Rises Pre-Market On Record Operational Results: Retail Sentiment Brightens,Stocktwits,https://news.google.com/rss/articles/CBMiyAFBVV95cUxNaVI0S2ZuM3Ita0JPTWlSbnVEUURTZnA5STBiTTJzeVNmVUVzcnRMUXVoTHRtQ1U5bFpiWmgtYTEtYzJoQWJUUjdHUF9uVlo5WVVlYmp0ZlE3d2JOcGJnUHhuX2VBd2FTWHFRV3F4MUtjX2VBcVAzLWxoUVRmdERxMGlOZFI4RDZDWFJMdS1ob0xvRm45VWdFTXZmTTQ1YXA0REU1OEJWRTh5SG9nb2R1bmtKQ3lKamVvTFVvVGItQmNpOFhVT1BfVQ?oc=5
SU.TO,2025-01-07,"RBC Capital Maintains Suncor Energy(SU.US) With Buy Rating, Raises Target Price to $66",moomoo.com,https://news.google.com/rss/articles/CBMiqAFBVV95cUxNMGd5U29wbnE1TUVKSnhNLThkQ0YzbnNDdksyYWMyWFE0NWV1M1QxM05wTkRBVnMtbEN3Sl8wYTAwLUQ4QUtxeDZEVk9raVFtRGdDSm94QXN3Yy1yVXB2MFNpM0JyUVRVeFk1NWxYV21yekk4MVFXWVVZamNfSzJ2X2x0d3Q5N1dWRW15dDB3SXFiZm5XeWVtenY3ckRBLTdtRFVtZ28yVko?oc=5
SU.TO,2025-01-14,US and Canada Energy Stocks Diverge as Alberta Warns on Oil Tariffs,EnergyNow,https://news.google.com/rss/articles/CBMingFBVV95cUxQN0tEc19oYXZZMkFpRkk1eTk1b0xOdlk0YU5yRzhTSERjckxvNmNWQ3NMMGQxLWlpdVFrbzZQZnl1ck9XQTB1U1hxYVdiLWM2dHpGOWtvaFBCOHJTTDY4cUMzdmFkUjVVVmhwTW4wbFlGN2J2U2FRVjloaThydlFYU25YVlNYaDJVX3pCNHIxM3VNOEJlTnpaWUdKdnNtQQ?oc=5
SU.TO,2025-01-17,"Trump’s Second Term Will Bring Changes to Energy Stocks, What Should Investors Know?",NAI500,https://news.google.com/rss/articles/CBMitAFBVV95cUxQTGx2anZMQ1R0VUxDNElrNEs3ZEFpMmdWR1dTWEo5WVVVMDBORGtvUktLc3pWbEdkR0tyNHhybVNpMEN5dWtWMTF1d1Z5YS1nUGlOT2c2cm44TW8wMnpnWEY3emg4aC13TUdSUXVXY2tNRHFOb2pKNlMyeHFVSi1BZnlDbjIybDRJcjBRcF9EZ2E3czVLa0FwY2xQcTdFbGNhemdpTGo3UVA1V2JkYWZnM01PTE4?oc=5
SU.TO,2025-01-25,CHTR Forecast — Price Prediction for 2026. Should I Buy CHTR?,intellectia.ai,https://news.google.com/rss/articles/CBMiVEFVX3lxTE5fUHV3eUdfZzhTd2tOVGJMekk0QngzZEJNYmR0TVhMdXprR1FJak9FRE16OHVaY1pkUWp6V2I3c05vSWg1ZFlRdUp5ZGdUSkJDd2F1OA?oc=5
SU.TO,2025-01-28,The stocks owned by Alberta MLAs (2025 edition),The Alberta Worker,https://news.google.com/rss/articles/CBMiggFBVV95cUxQZnpFX3E4MDJTWEgyMkVQZFQ5dEZ6R0lSbkZSQnFteHVzM0VhMEphSHhxWjdMTnVmUnhqYmVaMXc3ZTBhZktPX2E0ZEZyNjlCeTJQOEl4SDJaMTRGZkx1SmlqczQ0SUNzUWFXUjdPZGJEQWFVMGZadEJ5TjVoUnBtNXBn?oc=5
SU.TO,2025-02-03,FortisBC completes testing of new hydrogen production process,Business in Vancouver,https://news.google.com/rss/articles/CBMibkFVX3lxTE5zdFhLbDVvNy1heHRwY01mU3FYRXh2aDlLblFpTERPOTNVLU1ZVks4MHJtSkNVV2RzRi1oRkxuQVJ5REctWFA0ZlNJS0R1UEN3cEoyLWpjRU5MMEVUVmllMTFxQXlEbUZ3SzRVZUdn?oc=5
SU.TO,2025-02-06,"Suncor CEO: 'If we were in a world of tariffs, I like our position'",Yahoo! Finance Canada,https://news.google.com/rss/articles/CBMisgFBVV95cUxORmx6X012S01xb2xwZW9MbmVGWDRkblZwYUFHTWVhWjNZY0lqajBsWFBRMUppYzdhWnNfb21MZm1hNXpyaHlKMk1rMGtfTjUxaFV3bmJUZF9CRksyN1FaLVFUY1ZnQ2R5UlRESDFnLTBkU2ZLN0tON2VBRVNZLTNrdTMwbVE3aVVZanVVLUc3QV9NZVFVR25rdThmN1d5a2V6LXo5VDVNQk1TSThKSk9qQ0xR?oc=5
SU.TO,2025-02-06,TSX Futures Climb As Oil Prices Lift Market Spirits,finimize.com,https://news.google.com/rss/articles/CBMihwFBVV95cUxNcHVZVGVzOWRpWjlaNlcwajBBLWNSS2NlcVlmazV1TFEwek5lcXB0RGVFTXRJT3lmWFZrenpYUkJIQ2RGLUhqdzRvaUJNbnVpY1p0ZF9uM2lfY1F5MDNsS3lJVzhiZExOUENVdTAxRFBRZGxiZjMtYUdHa2Jra05NaDd2VzhDcGs?oc=5
SU.TO,2025-02-07,Top Energy Sector Stocks to Invest in for 2025,Yahoo! Finance Canada,https://news.google.com/rss/articles/CBMihwFBVV95cUxPRjJSMTlxZUxiWlhiXzdoVDZubVBWaGVQM3I5MVNSSHdwV09LTmtZcVNzeWRSR1M5YmNWeG9rdXAyWWdFbk5DbjkwdHpjRDR0V3haalhfMHFjeG5ERXo0dDZUMlpyNzkxSlBYVkFhRW8zeUhLaFFTcGt0aFV0RlQ3RnNobHYtMlk?oc=5
SU.TO,2025-02-07,"Stock market news for Canadian investors: Eli Lilly, BCE and more",MoneySense,https://news.google.com/rss/articles/CBMioAFBVV95cUxPa05jTmZxN2xMS2d4RXhUTEpTQzJ2d2Y3SGR3b2NUWEktTVlPX3oyRC1tR2J3eThLOEpnMFFUS2lqV1dsNkR2cUtWUFZIVnZDZTVXMVNJN0RzLUNFTFR3aG9qMTJSMjluRnFqczY1dWoxRzU2WlpfZHBDVVJJd2hqaUd3ZEhTZDdzM2cyQjc4QlBtSE9uSFBJUGhFQUpGOVBa?oc=5
SU.TO,2025-02-10,BP shares surge seven per cent as activist hedge fund takes a stake in the oil giant,business-live.co.uk,https://news.google.com/rss/articles/CBMigwFBVV95cUxOdEdWLUF2SEt4V2VTQUxfVWVyZjdWOWhuaUJYeHBSMnBoSVA3Qkc2V1h6QkptejBkMGswa0hHS0lPYm1YWG1RcUd2eExNSktqNnFrM1dhTFhYUVM5M21QNEVYei1GdzFiR3lSS2dGTXVWMFYzdy1FdnZLQjZURzk3OHEwVQ?oc=5
SU.TO,2025-02-18,Better Energy Stock: Suncor vs Canadian Natural Resources?,Yahoo! Finance Canada,https://news.google.com/rss/articles/CBMihAFBVV95cUxPZzlKSmhIdjdyTU1tMnM5M0R5bnVzMzhjOXhKVW1IcU5ETWhQdHQyM2JPWHZqS19pbHgwSC1uVmVSVXRYWmtQYzFyUEt2R0VyeFBjN3Q5T2lPOXNRSkdUTGJwMlA5MGJnZTVRaFZnYkdhTENTbEpaM3UtbUFqZzQ3aWFZYVc?oc=5
SU.TO,2025-02-22,Meet the All-Stars: The 20 best dividend-paying stocks for 2025,The Globe and Mail,https://news.google.com/rss/articles/CBMi1gFBVV95cUxNZDZQR0Uwa1Y5VXkzc2xjSWVIV1VDakNESG85VFNDVzFYYUJab1E2RHR1QnBFZnZ6ZEkteWFwZHR5Z2pFQzVTOVpoYzVnanZWYUVvMUVCano4dWhJY0VRY0RlZU95LUh4bVVlRU1XUmdoRzlzTDY2ZHBIYS1zOU5MODdOSjgtdmZBcmJleFlUb3RkX1pqUVpJYkJkRkNfX3IwWnNzVUlKY2d4WGdxSEtvY2d3c0pNV2x3RElQRlpzYk9ENDhyWlhOdkdBLVBLY2NtTkFsbnZB?oc=5
SU.TO,2025-02-24,"2 No-Brainer Energy Stocks to Buy With $1,000 Right Now",Yahoo! Finance Canada,https://news.google.com/rss/articles/CBMigAFBVV95cUxPMUd4Nm1OcEJCNnV3b0VqWkdpQjZkU19NRDlWTzRiQjlycjZXQXc3YmI0dHExMDZWZG9uaEc2QlR3UG5DNmpRalQ2Zk4tN3Zya0J2dndlSUp4bU8zS3k1NUdOTG53R0pnWHRQamRlWUlZTVFLMHZTcFBkSlVneVJfNw?oc=5
SU.TO,2025-02-28,Where Will Suncor Energy Stock Be in 3 Years?,Yahoo! Finance Canada,https://news.google.com/rss/articles/CBMiggFBVV95cUxOcldyQXBHcDdETUxBaGg1NXB5ZlFVanBHVUhOSmM4VXhscVdrTEZvYWxKRlVGYTU1N2xmZk9sZ2MyYkhNMmVfRFFOQlhzMHpyTnZnMFNuMkRJNjAxN3ozOHA3VTNRS1NJeVVINVBibUZjbFdIV2xQWTJJcDk5c21uQzdB?oc=5
SU.TO,2025-03-01,Which Canadian companies are most at risk of U.S. tariffs?,BNN Bloomberg,https://news.google.com/rss/articles/CBMiqAFBVV95cUxOR0VVaHR2WlplUVloNk9zU3JVZVRnNUhhenh4bzQwLVNUUkR6aFFTRTlpbnBlNmlCdWhGczVSRnFrSE9ZeGpDRllUZHMxa040M2kyY3k0aUpZazVEcWE1UUtGdEZ1QXlsUTgyaGNhakliRVhGMnFSRzhpckhnTEEwVGNkOFliODd4Q053UGIxbFhVN19NTENvcG1tZWUxUEM1eFJGNWd3eGI?oc=5
SU.TO,2025-03-12,Trump tariff threats are pushing Canada's largest oil producer to break its dependence on the U.S.,CNBC,https://news.google.com/rss/articles/CBMizgFBVV95cUxQZjVzTXB5NDRrNUtBbUZ2eDZ6cUU4cVJ6cmNkamI0aHdZZTdIdC1DRU9haVRmMFo4eEM0ZXpnMDZXdENpTlI2TkhRcGY1SXp2YUVLanFoZ2hFcFdoeV85b0Y4VkJ0NU9DdVVkZ0hnRDhaSUd0S19MbDkzV0ZYS0VhSFZGek15TTVRREhJdWJWcHpXajlaWWdRTzJmeTZxRFRPR0VkLUM4MkgxbVhqVWdCUDF0azNrcUFZaUVSM1paSmxLUGk2YlZnLWhTcE4yQdIB0wFBVV95cUxQM0JGSnFBYzVXVjdJYzVhM3g2Z3BvM0w5bDFtTmpCcHRSOXRVYURRamhsRzBSSWJWUy0wSndGZDJ1S3JkemtETXNRVmZ2cXdWNW9EWnBfdUttVndSOUJNWUxKcFZvZm85NnFJWldUX0xWTF9rUUdVQ2U3NG4xdkVrSTZIRTlTWmdXSTB5Tnc0UFR1Qi1oRFdJT3pZa2hjdS1ETjlkdWwta2JNWDM5X290cDRTSUNtcS1uTGlRVTVDMjc4ZUN0NFJSV1RWbXJqeGU4a1A4?oc=5
SU.TO,2025-03-14,3 Top Energy Sector Stocks for Canadian Investors in 2025,Yahoo! Finance Canada,https://news.google.com/rss/articles/CBMigAFBVV95cUxNQmdLOWV4Nm1WNDVLUEtSSldoaVYyMmEyV2QxbkF0ODJxZTBiQzc5NE1XZWhvZXB4UmZuc3h2NTdyakJHNE9WTTFDLWU5R2NHd2l1eENfYlNFb1paRDF1QlVkb3NlNUpjcHo1UUVlZG96TXMtNjJwelUxRjJSNjJ3RQ?oc=5
SU.TO,2025-03-17,Trump Tariffs: Are Canadian Energy Stocks Still a Safe Haven for Investors?,Yahoo! Finance Canada,https://news.google.com/rss/articles/CBMijgFBVV95cUxNeFpJb2JQdER6Q3I0eTR2RmhDMHF6YndsZldldGROTnFrQ1lKSW5uaWFLeS03OXFuaVlaZTV0dWhfajh4ODhXYVcteGMxcVlYX3lfTEFoWDU2WjI0cHBiTUZrY2pRY1FLQ21nR01EUWRpZVRrUkx6M3JTdHZuUmRtYjhRYnpKNDBCRlRVcHpR?oc=5
SU.TO,2025-03-18,"A Top ETF to Buy With $2,000 and Hold Forever",Yahoo! Finance Canada,https://news.google.com/rss/articles/CBMidEFVX3lxTE1mRFdha2thbVI1cjIxT1VGN0p2Y0xXelRTc3VTMVR0RFJnZ2pETUw3dGM0TFdybW04ZGpXcWNDOWFkT1pVMXRMSk1BcThGaThpZVVheW1DbGFJSVd3U2R1Y3JFZXhjck1YSEVncWV0TUVmWDkt?oc=5
SU.TO,2025-03-19,BUILD CANADA NOW: An Open Letter to the Leaders of Canada’s Political Parties,TC Energy,https://news.google.com/rss/articles/CBMiwAFBVV95cUxQOUVvUFJxSkNRcnZDNlpvUkV6ck9yb0xJQWkwNVc2V0xBSHVkU00yNjVYd3lCcjVlQk52RXRsS2RYdXVxWkZNOUotbDNvS0JKRld2dDBpalp3ZXNsNU9keUpKRFFXZFpmaG1BRElYVFV3bmVKcTZweTBVU0VOWFZCSXd2LUF1bzIxVXpOVGpLelBuMExaN3RHQkUwWU5naGNiT3hzQVpQTERjUXJ2dURSUG12cGY5WXd3bWgyUGdtcWE?oc=5
SU.TO,2025-03-26,"China's Rongsheng Petchem opens Canada office, buys crude from Suncor",Yahoo! Finance Canada,https://news.google.com/rss/articles/CBMijwFBVV95cUxQQTE1S2dvSDA2QWM5VmZFLVpjR19YVXpSRVU0UTRZaWNrZmxMYXdkLWtBeU1DM1VPV0h1UjdQTmNQMlRiZ2tqejJaYUliTUxZTXIzSjUwVWlkVjFxWlBSYmNRYzloWWMzUFJhOWZTYTZIOU5LQjBNQlpnQ2xPeHBXTWlzalVmaWhnaWFnRDVTUQ?oc=5
SU.TO,2025-03-26,"2,000 Canadians Reveal Most Popular Credit Cards: Money.ca Survey",Yahoo! Finance Canada,https://news.google.com/rss/articles/CBMiggFBVV95cUxQNmZWNmNPcV9YeTFrdmhBZUNtdFlWMHBwZ1NCem5aZnR5SUQ5YUU0LWR0a0VxZGFnOE5abUlXaU15OTBKNW0zODRhQXRsb0hXM21EMFQ1ZXNVLVUtSHVVM1dkcTZuVGRDT1hWZGJMSVBYTUkwa0VxN0UyV1VCblZzNXZR?oc=5
SU.TO,2025-03-27,1 Canadian Energy Stock to Buy Hand Over Fist and 1 to Avoid,Yahoo! Finance Canada,https://news.google.com/rss/articles/CBMiggFBVV95cUxPNmFsS0ZBa2hhaGpYRkdXUC1wQjNBUW8wdEtFWE1sNEVaUVVvV0ZrS3J5c3ZEbEw2VGttOGhHaTdSMnh6WE5UUF9VM2xYZ2NUMjVYNDR4WUZ4anJnbngxSGdLUEJJU0trcDQ4T3VuRmZzOVBvc2lVWU9pZGtWUjBOVnh3?oc=5
SU.TO,2025-03-27,2 High-Yield Dividend ETFs to Buy to Generate Passive Income,Yahoo! Finance Canada,https://news.google.com/rss/articles/CBMigAFBVV95cUxOdWFpdjlPUTJ2VFc2UXBobHdiUnQ1WFRKcU1tT1ZWUkI4SXlBVVlEa21KaFplbjN2SzVSSjMtdXNjSGMzd2d1VXJWdHZzd2FQZ2ZyOV9DaDBnUTVXci1FdXJvaURkaUFtV2xRNVVnWlFWdV9YVkRndzBYZUVaWXFDTQ?oc=5
SU.TO,2025-03-28,Cleanup underway after crude oil spill into St. Clair River,FOX 2 Detroit,https://news.google.com/rss/articles/CBMijwFBVV95cUxNeENad1FZaTR1WGYzZkdENF90QTNfbnFFS0QyQ2hsa3pYcXdMUzNEblVvV3JJU0l2Y1BSQlRFNk9nTFNxS3gtcXNKZFVnTlRKRmxIbjJTdHlDOExYRjBMY2FjUWxTT2lhVXNqcXFWSHdnbG16NFVXX0V2d2RMZDFSUHgwMUJXMjl1T2UtS2pGOA?oc=5
SU.TO,2025-03-28,3 Canadian Oil and Gas Stocks to Watch for in 2025,Yahoo! Finance Canada,https://news.google.com/rss/articles/CBMif0FVX3lxTFBVQlhtQXdJemNSaXk2TUlxSlNHcDlNRkZkd2pjS1AySGVRX1Rza0NtUzNCcnV5TVRFYmFLSFhWdmpxdHNIaFZFM0ctSFpQQTdvQ2t2Y2NMSjgtVGh6NXFhWVpQM3FsTDJRcXhPT2pJb1o5YXRfRTRaZGFmdlpYS00?oc=5
SU.TO,2025-03-30,"Energy company wants to nearly double amount of gas it pipes into Adams County, bringing more air pollution",The Denver Post,https://news.google.com/rss/articles/CBMivwFBVV95cUxPdEhwY0RqbGNnWV94X3F0TWFhMUNaa1ptNy1KZGk5bTI1a2ttc1NERmpuNjRLR2huX19PZWlRV2RxdllER2J0dlN5dUptVl82LVJmUHVvNnN2eU9mS0NGbHNsb2hfLVRhLXZtMjNJeHJhdFJDYWxaVG1DX1NZNjZPcjVnZGpOWHFOY0pSTlFITUFEeVJMLU5mYVczbndHYTVvMmpjQ1ZZQmpFaTVxY1hQRkpmSXU1SkZPdmpVdTNvcw?oc=5
SU.TO,2025-03-31,Energy investor Waterous closes $1.4-billion oil and gas fund,The Globe and Mail,https://news.google.com/rss/articles/CBMirgFBVV95cUxNTjFnYjYtaDZPVEtWdnJqUGlfSUlEV1ZPV0NWYVFEcGR4MXAxY0NQQ25aNVZuaGNGZzV3YTlsS0F4WDhvdG9SUzE2OXYtUXVHSWRjbHNVOTg2Y1AwcEZmNWJFc25RU3k1SVgtX2RsaU1MSFJzWFllS0NlLUQxTmxBMGlPVFlrcjBaTXp0VFgtanlmenhSa0RId3dfVC1hbjNXbDgyWlR0OC16cEVxZHc?oc=5
SU.TO,2025-03-31,Best Stock to Buy Right Now: Suncor vs Cenovus?,Yahoo! Finance Canada,https://news.google.com/rss/articles/CBMif0FVX3lxTE1mSlhLY0pFWmRJWS1IclNZdG9LNG1vRnlKbmg4MjhwTm91VDl4NVkxc3ZWMWtTdFpmR0NIN1RYOW0tOGpXNnUwRGZzd0g3NEpGRDVqWl9Wc2x2UXZFRmtFZUdiT3dxWGVkeXF3S0lXTnphLXAtTDVDQUpNS1NKNDA?oc=5
SU.TO,2025-04-01,Why Canadian oil is sold to the U.S. at a 'discount' and have tariffs made things worse?,Yahoo! Finance Canada,https://news.google.com/rss/articles/CBMifEFVX3lxTE5kNkRVSVdzekowdi1oSWdGTG9QOURVcDQ3eHVUdzJNd0VUQklOekk2WVVUUUFIb041ZWZfN1hISEUzSklUSUk4ZjVadWtsQW5sUGxiZEQwZVo3bXlsbEZ1LXV4bjRzWmZrTWFFMEdyYWYzOTlQUVpEa2ZfYXU?oc=5
SU.TO,2025-04-02,Is BP the next Suncor? Elliott’s playbook explained by an investor who knows the activist hedge fund well,Proactive Investors,https://news.google.com/rss/articles/CBMiiAJBVV95cUxNOUNjWF8xU0F1MzFGSkZOMkl0MS15RTNfdWloZ0VBdTZtSjRGcXJ4dk5xdzJmMExjUHNJRjVGMkEyTUFCNHhXV3hKclJiTnQ0SGpvMkpGaFJtQW9saEZLWmhkdklCYXdyekZ3YVhEUkNNSmRhSzNHWGpwRGp3ZUp3a1hzYlZUSnFZaUhfcDBwdGhaZ1VzUzFRRmhWV25XTWxyckZEQ1VuT3hXVWpoSTU0QTVyNWZDWm5CeUV1YXc5LUlUWnQ1LVBmc1hiSDNTYm9SQ2F4TFpXSXBOWXFwd040WnBsWDBnNm9aMkZBbVZjeTdCT3E5NGNKYTM1dmVQcnhSVXlEUEVPby0?oc=5
SU.TO,2025-04-15,Where Will BlackBerry Stock Be in 5 Years?,Yahoo! Finance Canada,https://news.google.com/rss/articles/CBMihgFBVV95cUxPXzNBU0p0cS1OQmlKWmczREdGOXZIeHBwbmU5WG10bUhpZEdZNlVaSjZsNnNQY2g3Y2FlOHFSYXlNS3RVWXFxdVgzRl9rY3VqUGlhZFFya1gzRTlOVXkxY2xlZ3JSSmJ0MW5CWVd2OTcwU0htc1FXZG1Dem0ycVlyN0t5RV9tUQ?oc=5
SU.TO,2025-04-16,"Where to Invest $10,000 in Canadian Oil and Gas Stocks",Yahoo! Finance Canada,https://news.google.com/rss/articles/CBMigwFBVV95cUxOVE5id2doQTR2VzByWUNMelU3QXE2dl91YkI4QllZQms3dm5kOFgxWWtiQ093dGF5VlRPdnd4YnFPMFlIU0N3R2x5aXRXQWZfcUc1NFBJeGphSDRURDQxcDVoNEdObWROcUFHUmpIYWxoWVd6bWh4V3M0MzFMYnlnM0FPMA?oc=5
SU.TO,2025-04-16,Peroni Nastro Azzurro Stile Capri Brings The Taste of Italian Summer to British Columbia and Alberta,Yahoo! Finance Canada,https://news.google.com/rss/articles/CBMiigFBVV95cUxOZHRKejBlUERuekN2NG9QMFI1V2h3RDFlRXVDWjBIVVJVYVNITWxNY1pXTXBxTldWRUlseFMyMExna1I4cWIwLTlYbTZQZVo5X2ZNeUNmY1NJQjNnRjd5dm13VDcweDI4YWpJWWJSTHBQRlRxdnE5TW9rR1ZvRm9IakxrRERyc0swLWc?oc=5
SU.TO,2025-04-24,Better Buy: Suncor or Canadian Natural Resources?,The Motley Fool Canada,https://news.google.com/rss/articles/CBMihgFBVV95cUxNRVMtR016OTBhd1RJcWdiOGJFT3ZvRlJrYi1FcXBGZUFyWjJmdUFucW5FWUI2bzNZU2FTWVZuRXVMT2VvWG9VT0lubE1Rb2tpeFFkZFRYYVZrSEFFMTdJM3pfTm91bTNxSjF5YWNHVkZTd2xNTTBERjg4b1JWclljVnhpZUc3QQ?oc=5
SU.TO,2025-04-25,"GEV, SU, or BEP: Discover the Green Energy Stock Primed for the U.S.-China Trade War",finance.yahoo.com,https://news.google.com/rss/articles/CBMie0FVX3lxTE91cGdHQm95R1IweGVkUnQyRlFPUGtTZmd5SjNQNlM4RkZXcFY3Ylc1R3ktc1hoUU45dWpWSzB2bHpmcm9lWDJaeGVzWFJFX1VZMHJyX2tHcUlXaUZmQmhfY0FRLTl1d2JKaUtYRjlxWE5tRUFFZ25KOURIMA?oc=5
SU.TO,2025-04-29,"Manulife vs Sun Life: Where I’d Invest $10,000 for Financial Sector Income Potential",Yahoo! Finance Canada,https://news.google.com/rss/articles/CBMigAFBVV95cUxOYS1iN2RKcExuMmR5QlZ4eVRVUnI5ZlpoM0FmWU1vb0dIcFNacDFRTVkzZ2ZOZm5uUFdIQVB2WUxKbW83bG9QQ2Q4NzQzWHA0ek9teXc2aVhVbUoySGJCZV9YN3hqQ2E5cVhLanFiZmRMMk5kdmpBWWJvYllMNVZqZw?oc=5
SU.TO,2025-04-29,3 Canadian Green Energy Stocks to Buy and Hold in Your TFSA for a Sustainable Future,Yahoo! Finance Canada,https://news.google.com/rss/articles/CBMihgFBVV95cUxPcUtVOW1URkZXVnhTRk8wU2hUNVJQbXdoaDdlM0xwRnNjSnVsNU9XOG1iNE1oQTFGekc0Rm5xdHgwZWsxd2xKT1FCdG9ZanIyUWVjeVdpek5wT2JwSGIwRnpidHg1cFQ1ZWFlSkZCTGpMQy1qczFxdEV2VEt4d2F3M3FLXzM0UQ?oc=5
SU.TO,2025-04-29,Carney’s Win Seen as Bullish for Renewable Energy Stocks,Morningstar,https://news.google.com/rss/articles/CBMimAFBVV95cUxOZ085Q0I1TzVzaWszbDlGLXJyTDNsYjNIY29US2I0NFdSbmNxb0UyTDg4dVhMSWR4a2JZcEM0Qk16VU9aOGdXU01ydTZISUVsMDA0SlVvaURocm1xazYxbVRhNmh1ZHd0SHRwb045c2w2U2lIelp5RkZsX0JsRTBCVk9DSUdfNU52ZkNodTZPalU4S1drWHVmNQ?oc=5
SU.TO,2025-05-07,Canada's Suncor says it could cut 2026 capital spending if low oil prices persist,Yahoo! Finance Canada,https://news.google.com/rss/articles/CBMihAFBVV95cUxNY0RGdzc1UTVtbVM1Ql90OTZjckxsNEp4S2c3b2hVbWtxOW85elpya2dLU2hBU3hsd0d3UEZYSTVoR0FHVXJydndZbWRBNTJzTHY0N3Q3cUpGcHpUelZ4N0FiSTRfSG1uc3R5cjc3YWJCVzhfLTcyQk5RYzNmcGI4T0dzTTg?oc=5
SU.TO,2025-05-07,"Suncor production hits record high, but sales volumes slow as inventory builds",Yahoo! Finance Canada,https://news.google.com/rss/articles/CBMiiwFBVV95cUxOUlZzRG03M2tIM1JHRmZLeVk2eHRMbW1DYVpoTVVJX2NnV0VOUkttT1FCZE9kbWM1MUFVTjBfdTF5WUpsXzBnR29NazlCRnNENXllWGE0WkdIaWRCSEJmdy1NYlNrOGRMTF9pbmNzV0VFaEpZSWZEbGkwTnNVUzF4SzNGeFRTNE5XbUVn?oc=5
SU.TO,2025-05-07,Heavy lifting as Suncor begins refurbishing decades-old upgrader components,Global News,https://news.google.com/rss/articles/CBMijgFBVV95cUxOTjZldDFyNFFzSlNvWE5oRjllTjlOTjE0ekw4Z3ViQmc4Y3IzWjNRWDNxNm5pblJJcXJVQmxFNEFhZnphekIyX1k2Qnp5S2x2Nlg1aHlZT2dkd2FKdFhHVm1TM2JrUm16SzVRYWpMeW1iSFMwZ2V4aFNSUDFiczFpOXJBRlNwU2Nfb19xVTl3?oc=5
SU.TO,2025-05-12,"XDIV ETF: Suddenly, Canadian Dividend Stocks Look Fantastic (TSX:XDIV:CA)",Seeking Alpha,https://news.google.com/rss/articles/CBMinwFBVV95cUxOUHVQbE01bm43LWFocHQtMWk5MlI3NzhCY2x1RUtjVXd4RDV3RmxPdk83dlk3c1plbldXek9zMVpKd1JsNUFPbFVPWmtNZGVTOGRfOGtoenlpbmZNMncyS2hvQXk3azROTmJLRzdIQUZEZHpuVEFyaEZpd2Z3M01LQW9fSHUwVXNUVk00b09nWFR0bWs3RDF4dHE2TUhuN0U?oc=5
SU.TO,2025-05-26,"How I’d Invest $15,000 in Canadian Energy Stocks in Today’s Market Environment",Yahoo! Finance Canada,https://news.google.com/rss/articles/CBMifkFVX3lxTE5qbXY1el9KMmE3cEM5SzA0c1prSmhpQzQzRzZsX1hteWxGUzN3S3VoY3FiUGtnZ0NqRnQ3TlM0QS1ZcWVhRGxkb0I2el9wZXpNRVdZX083bHV0SEpnc05QU0NmZlRFZGFxS1hWY0ExckhIRGNTS3E4bUJUN1NQUQ?oc=5
SU.TO,2025-05-26,"The Smartest Commodity Stock to Buy With $1,400 Right Now",Yahoo! Finance Canada,https://news.google.com/rss/articles/CBMihgFBVV95cUxNcGppRkVuVjhIS2dpeUNiOEpnVVlXSXFDcEZxUmVxYURFa3ZLazlaNFBJTXpGT1piM0xCWWpIRjl6bnhnclBfOHlqMENxdEZaYzBpWUJwUUstUVU3dmlYUnRwQkUycVA4ams4b2F1eF9lQjdwM3dmLXd6QVF6WThsb2FnOVZhQQ?oc=5
SU.TO,2025-05-28,"Andrew Pyle's Top Picks: Alimentation Couche-Tard, Suncor Energy & Shopify",BNN Bloomberg,https://news.google.com/rss/articles/CBMizgFBVV95cUxQX0J0NHc4a3owaUtuNU9fZFF6LS1nWlhLV2pvaDRoMXZLSHRQWUN2X1dXbXJtNDVqY2xyakFKUnIyMGZiX1FjaEo0d3RCSWZpcHpFVXNtR3Z3aVFCX1RKcjAyYU5tMmY2VExRRUdTZjkyWk9FT3pzRkRmUEp2MnJ1MWtCOG85WFFFSHhuSzJVWF94dnJyR3gzZU05T1NHQkl2NUQ4WUtnaEdxZEdfWkdoNkRlQTJjOWc3ZGo0b29nWGZmSTd4Yi1BZmFzQ1FSUQ?oc=5
SU.TO,2025-05-28,"Where I’d Invest $5,900 in the TSX Today",Yahoo! Finance Canada,https://news.google.com/rss/articles/CBMieEFVX3lxTE94T1E1UDJ2RlkyNHc5YUhEVWt2Y0RsekpZb3hRVTF0dGd1VVJJTHFlWTRSdnlKTl9jMVdNUHM1V3A4TnN5VUlZOGVRSU1NRFg1YS02OWl2cFZSbTBqTlkwMzRZdW1yNDBQOGFjTXAyR1YyZC1yaVU5MQ?oc=5
SU.TO,2025-06-04,TSX pulls back from record high as energy stocks slide,Yahoo! Finance Canada,https://news.google.com/rss/articles/CBMiggFBVV95cUxQMEs1QzdCWXVNaU5FMWQzVzBpeVd5alFDbDliQldBNlNreVRaTjY0bzU5ZmlubzJwQUVxYVNXbGhHdzNBcjh6d09uekFUZTZ4dGZuaXNicXMwN1dLVDk1RmNYM3Fzb21mVkxXZjR5TnBmdl9HaUI5U2xveUR5TU5tamRB?oc=5
SU.TO,2025-06-04,"US SEC says new foreign firm rules needed, singles out China",Yahoo! Finance Canada,https://news.google.com/rss/articles/CBMihwFBVV95cUxOTVNReUtSWFNqY0I3aVVIYnNiQ0QwZi1ySS03ZjZiN0NZaXkxcld3bDhuXy1DUUU2Q01meVNqb0VLT1owRldLakZhY21qaFlUdm1vU3QyZ0xWdlNUZXZCN2R3ZjlFT2liRDNfWkZkWS02OHNDWEdITENnVDNXT3RaNFRybWJzRnc?oc=5
SU.TO,2025-06-05,Aurora Expands Medical Cannabis Offerings in Australia with the Launch of IndiMed TEMPO 22,Yahoo! Finance Canada,https://news.google.com/rss/articles/CBMilAFBVV95cUxOWkpUMEZmMkFkUi1DUDdwNElzTHdQeVBDLVQzMUFqOWw4dGp6TFQ2Umx1UVpWcDMwQ0kwR3IxSER0dVNaUkhfem9iUTEzWEJRb0hhcWtGRlRzTzNBVlQ3emZsRk1DeTZMYzFBQjZvMDhoYkljRk1wUmZWRGNWWEsycXpFbEl2STZlTS1xR0tIckRYeXdK?oc=5
SU.TO,2025-06-13,How much did Drake make on the Dave’s Hot Chicken deal?,Yahoo! Finance Canada,https://news.google.com/rss/articles/CBMifEFVX3lxTE00bmZnRFM4SkFWUG03WGxOUDNLN0FzTGNlX3JyWUhpZmR2cDU5N3phM19zZmlvR0JxNzFHOEU0QlhfWHQyVWRlYzhQM1ZCQ2NwVE5PaldRaUsweTl2YW1mYlFWQUs4MV9qR3VhcnNfM3M2U0ZqbnM1QWo0TUQ?oc=5
SU.TO,2025-06-20,3 Reasons to Buy CNQ Stock Like There’s No Tomorrow,Yahoo! Finance Canada,https://news.google.com/rss/articles/CBMifEFVX3lxTE5xR3RNd2lCYnVjWUlZN1JBUUw1c0RXa3Y2UWNLOVdlT0xMa0dleExzbG5yclVuVXdfN3ZTdHQ4WF9zeExYZzAzUnB1cVlTUmNRWmJtanpsZGlZNHVScG1aVXRfQVFVSWx6WkhZQ19seG5ZTmJ1OGxRMlhfWG0?oc=5
SU.TO,2025-06-20,These families were told they could share a Petro-Canada car wash pass to amuse their kids. Then they were cut off — without a refund,Toronto Star,https://news.google.com/rss/articles/CBMihgJBVV95cUxPaE12YkpJOXhuOFBSSWxraUJfWm9ZVnhYYWRmbGI0cUhnNFlTU0Y0WWM3QlAzU2s2NUVSeVJOU1F2bmdZTHBpWjQzR1B6cG5zUzdWZGRIZzl0R0hxYXdWNWxhRm1ZalFnR0I4WG41ekdmb21PRW9EaFd0bXRJRlhTcm1zX3p3WXJKaUVvcUhFRE1ydjBvbnlLMjh1U0JsV1hXb3RyU25VWXA2RWtIY0JOV2I3c0ZQVmpDdFFYMjR6U3RUSGNmdUI5RHJQVVBDUHNRT0x5dWJMdElaSzFnZl9Wcl9FNXBKemo2OXRFM0hlQlR0Y2FOZjNkUmpqU2dyUFRvbm9MQVZn?oc=5
SU.TO,2025-06-27,"Suncor Energy: Buy, Sell, or Hold?",Yahoo! Finance Canada,https://news.google.com/rss/articles/CBMiggFBVV95cUxPVXVBWWdaeWdyMjRua1Z0STlsbHRZWjdTSHFoOTFQM0FIeWVYVmhVcDJwRWFkczVGdkdhclJ5M29WTUlPS28tOEtoS3pTTnFyMHpoZWVyV3VMbEFHV1hPWm1uX0FrNXNISHhUVHk5M0JTUnR1VnRfaDZJUUg5VjZkUFVn?oc=5
SU.TO,2025-07-07,Suncor Versus Canadian Natural Resources: The Energy Stock I’d Buy on Climbing Oil,Yahoo! Finance Canada,https://news.google.com/rss/articles/CBMikwFBVV95cUxQWG1jTlNxaDJkVlZqVG9BTTBDUWNLdDlwaGY4TGh3WDBfRlQtSVlvRFk5VmZVSGlsWXU0OENKeTE5b0JQamNwa2xnelVoN001dW9YNk1UUEd3V2RnNlkzd3k5NDVQemlnRkh4QXV5UWROd181UGEzX3ZCTE5POTU4cXJXbE5yMVBxSVNSUG1mX3pxamc?oc=5
SU.TO,2025-07-11,"Suncor Energy: Buy, Sell, or Hold in July 2025?",Yahoo! Finance Canada,https://news.google.com/rss/articles/CBMiggFBVV95cUxPS19sSm80cGYycWkwbDdlRnhaOWd5cUwyTHFpMHkzUm0yODVwUXc4SDFqOVRpcUVYQ1I0amh6eG54Y28yMTh3WTRwdFBMcnhJekRvMGZwb1lNa0ZEdjlXa0Z4ZmF1YS11RkpJdEhzWUgtZWdNZm55aFdNUF9reHNOZVdR?oc=5
SU.TO,2025-07-11,What Are Some Good Energy Stocks to Buy Now?,Yahoo! Finance Canada,https://news.google.com/rss/articles/CBMigAFBVV95cUxQMkZlNVNPYUs2TGVEdlZTZ1R1cXFFUFRkTGVLQnlJUDBXUjlrNUg4eHh0dlZUVXFFWkpzLU9iejFBMVg3bWRwSzJCam11Sl9kV21kRmxoVWQyV1BtaDd6NzZULWtTa2VoZGt5VXlSU1JjeWxQTC1jQnR6eFRZRG96ZQ?oc=5
SU.TO,2025-07-16,How Canada's oil sands transformed into one of North America's lowest-cost plays,Reuters,https://news.google.com/rss/articles/CBMixgFBVV95cUxNRThYMW1yMWJtSGlNT0hSNUFsUmVwV0J5dGV1c1VwLTZreF9qQVZmc3laQ1JLYXFzT1l5UjVZLTlEbjRhV3lfUElyT01ZNkoxM2E2c1dyT040SkN4OFlXMlFyWFhFV3lCU0d2dHJTTjh5ZzhETEZMVUhOVjV5SkY4YkxUVG9TN0t2WGEzZGxXNk1RMmdqV2dlT0FPMTVhbTUxTERLVEZSdF9pUHRubHUyS3VJTTBHcUZIR2VGaGsxVVhCakZUd2c?oc=5
SU.TO,2025-07-18,A Perfect 7.9% Dividend Stock Paying Out Cash Every Single Month,Yahoo! Finance Canada,https://news.google.com/rss/articles/CBMigAFBVV95cUxOdUVvUHU0QVUxTGJaaC00bl9pUUhOTmlaVVBITzdHd3EtUlFqMFp0TkNTRWtnb05lXzJ0d2pxUWdiR0tldHEzWTJTNFdNWDZ3RXBDVTNZNDdYUXVMTjZEYXpHc3pSX0g2NllzWmVaZXEyRUlISll3RXBqMGhBSkxXdA?oc=5
SU.TO,2025-07-20,BREAKING: Suncor Foundation ‘Ghosted’ a Climate Adaptation Charity. Then a Lawyer Warned Them to Shut Up About It.,The Energy Mix Weekender,https://news.google.com/rss/articles/CBMiggFBVV95cUxORmZlZ0pjYW9YNXNRRkdBbTBqbXVTQXJHU1VmckZSbUpUMTBJd0ViNGFKVHpsWVV1Y182MFFWT3o2Y1lBY3JxdUpUMjEwaS1jZnB6QWthSFdVZnVhNzZ4b3NfR0s2ek9XMGh4cWRTa3Myc1E3bG01LVJnTF9ndHMwVmlB?oc=5
SU.TO,2025-07-22,Enbridge CEO Greg Ebel's $23.7M payout makes him Alberta's highest-paid executive in 2024,Calgary Herald,https://news.google.com/rss/articles/CBMidEFVX3lxTE93Ry1SS2ZZTFQ2VHRUdDNPdzI0OUZCR3daS1JJVVFfV19Ecnk5ZEhiNmxkNElKNm41aGstSkoyd3UwNmJucEw2YTFEcjYxWEgxWEF0NjRGU25qcHJTSHJKZm9VclZFU0U3aGFaWEttWklsVFgy?oc=5
SU.TO,2025-07-23,Why Investors Should Keep Suncor Energy in Their Portfolios for Now,finance.yahoo.com,https://news.google.com/rss/articles/CBMihAFBVV95cUxPWk4zajVmZ1Y2aW41VEFiUWUzMjFOTVhVTk1HMHFZUGxCbmxhUXlZQkhwZEdUMlY4aEdDV0ZJZ0xvSUtaUmFIdjlCd29aYkFPVXFpTzlhRDBNdnVsRmNpcjdYTVhURWFVODViNUgyZXRDVk5hb1JreEVRNzB4b0dDWl9Wc2g?oc=5
SU.TO,2025-07-24,Where Will Lightspeed Stock Be in 3 Years?,Yahoo! Finance Canada,https://news.google.com/rss/articles/CBMihgFBVV95cUxPNGpKSkxMUVZ0RE5PZVYyWHRvR3EzVnNzZU5xQy1RbHNBQTV1TG5iajlOYkhQVWVMSUloWU5QTENQYkNNaVZ3dVg2cXZDVnFEOXNqdHRrZWMwLVJKajJmU2JNcl8zNjhqUGtJVGR0MlRrM3Mzc0hvN1VtV2RTLTY3cG8ySm9TZw?oc=5
SU.TO,2025-07-25,‘A bit of a bidding war’: Cenovus Energy said to be working on bid for MEG Energy,BNN Bloomberg,https://news.google.com/rss/articles/CBMi1wFBVV95cUxNRzFtX2N5UlJBU3hCMHBJbXRPdS0zZmptdHJmRHo5MGlNaU11S0phSDVaMjFyMXM5R3BNWS13UUVydXlUZFlZamF0YU5ZV0J5UERlY0EzbEdvTUdXQ1VBaFNjQUlDaHhYTUZvUnZDbVZsYkFTN2VPVnZDM1BUV1MyOHlzX284T0Y2aFREcDNDbEU4aXhTdEtpaldaaElhU2Y0Q1hidWp4alNzZHZaNVFRZ2N5c3ZIQmZad25heFZiWmQ1ck9ZNWhld0xiMm1NSXdldm44SWYzcw?oc=5
SU.TO,2025-07-25,Cenovus floated as potential competing bidder for hostile takeover target MEG Energy,Global News,https://news.google.com/rss/articles/CBMieEFVX3lxTE11TElBMVJuQUFpWnBtU0t5eXo0Ukd1M2lxaEVnYVVFZFVQZDROMFlhQzB6R2Y2N1FzWUx5SUlnWUU5TnI3YlIzczNRSHNzRVZfSUVRUFVOM2gtNUE3NEx6WFJlTmt0X1VueDFFN2FBTkxzNE92VktHVg?oc=5
SU.TO,2025-07-25,Better Stock for Long-Term Growth: WELL Health Technologies or Docebo?,Yahoo! Finance Canada,https://news.google.com/rss/articles/CBMihAFBVV95cUxQZnRscDhESERQSDE3ZHU3Tm5YVXNzMVdVVjRPS2hmdGJ2eTBtR0l4eFcxYTJjamlQcjJXNlVmYXlRNEs0amhmaDN4ak9tam53a25BVVdUTjB2R2h1UElHUGNkUFdvdW9tUXBBLVJMYkJZNGtBZWx2ZTBlQUlNRlhoNDJwODk?oc=5
SU.TO,2025-08-05,Suncor Energy tops quarterly profit estimates on higher production,Reuters,https://news.google.com/rss/articles/CBMitgFBVV95cUxOclctQTY2UWlkVTFoWjlBazhZb25OS3lUbjN2dDludXRucGhya3c1YTFNcWtCbUw5QjZJVDRxVkdRT1NhczlsMmV0OU54c2RDbG9Ybkd4TUJWZ0JsbWZWQ3NnSkZyRVR5bTRQbkc4U2k4cWJrRFdFT05VNTctQWEzZnhiTlN2T3BoX0J5a1h4bUh3Ylc0clFMakx4M2VObjV2aE1fTWZ5MGI5ZHVlWjFKVDdNMGdJdw?oc=5
SU.TO,2025-08-05,Suncor Energy reports second quarter 2025 results,BOE Report,https://news.google.com/rss/articles/CBMiiwFBVV95cUxPWXVqTzBGczRNdkRmNEVxX2JmbEpPd3VTUVJkWGs1Z0xhdDNrb0dmejVyR214dGIydFk2dVl6S1FwT05nNWpjSnBQenUwQmtzMnBjdWxBS1c5ZU41Q013bFVWOW9rYjZfeVRWYTg5R0ZBM1drWmVrREctNWVRb0NSelNJN2Z3OUViaHRn0gGQAUFVX3lxTFBwYW92cWNXb1VxeWVJNTI0aTdhTzIzVFJzSlhxN0JTOV8zZHc2YnVZYmM1TWNZczhZVGxGRXpRSFpYem9kenBDcEoxZXZpZ0VpR25RSGpTZkh2aEdSOU1nYkJRN3ZOVHNKZ2JCOEJ5cFdoSG5iZ0szZG5Sal9jeFZyRXRPM3pmRzYzV0p4LW4tdA?oc=5
SU.TO,2025-08-05,Scotiabank strategist believes his ‘Top 30 Dividend Payers’ list of stocks will outperform,The Globe and Mail,https://news.google.com/rss/articles/CBMi2gFBVV95cUxQcXdYR0NJVF96TERJS2Ryamt2c2dkdDFubFJmcUhDNEhYY2RPRzVWdEdWSW55NVlNQjNERmNPeWMxMDlkM0RxTFNkbEVFVFNicm5WeGZOUFRzd3VudXhlVjFYNUU2akdnRTgyWUVNazRXRGJKMEtBTG5rRVZwWmZyTUp0Q2dxM2VUOEhDam5HZDR2OEpHeXdPNVFnWE5VZTNVWTFsM2lfQ1VKVXFVYlc4WkJYUUNiMURnMTgzMmQzWWpBb0hJb0JlckFWaC15eGZ3aG5tMGpKVElfQQ?oc=5
SU.TO,2025-08-07,GFL's Green Infrastructure Partners to be recapitalized in $4.25 billion deal,Yahoo! Finance Canada,https://news.google.com/rss/articles/CBMingFBVV95cUxOa0pWTU1lUzk2T1FmTXRCazRoX1h2OUliWXRFek1jRm96NGJaUkRKaV8wY0s3YVJrN1lVUVMyVnJjS0x6VlNISWJVN3FQSWJOTnpkRGZTSGM4WmdsWWdZX1F1eDEtRzBCNnVaZ195MXgwUVRBTDdoUjdVQlpjM0tZcHRYR1NTVWRMRUU3dFpGcXVtSUlWVXQzRERsSVlxQQ?oc=5
SU.TO,2025-08-08,Four changes to RBC analyst’s top 40 Canadian stock picks list,The Globe and Mail,https://news.google.com/rss/articles/CBMi1AFBVV95cUxPcUFxTWcxdWtOVU85bk9Ic0FfcEdQdTFSMWZnUVQ3LWJwWHp0OU1OaFlPdWJjUGpJWDhSZ2NNMkRSZWltMTFBYXVmeXpJNFQ2SzktZk5tOEJES2pBamZ1dW80eTJtOXNybnU0OTNuQS1GTXRGZXZQakNCVlZpaUVPY2duOGQ5Zkg4UkQ2SElSS3VBb2M0RmM0SXZzbXJPM2NZS2xuZUd4eUlFSUJEUnRUc3pwNWFMSjhRMVFwOXRoU2k2Ml9hZUcyTFlYNHRoU1BhYnNCUQ?oc=5
SU.TO,2025-08-11,Is MDA Space a Buy?,Yahoo! Finance Canada,https://news.google.com/rss/articles/CBMib0FVX3lxTE9zMld5Wm51NVNLek12aVNTZmdGdXpNQWxQdXM0eEQwSVVzaklENHpfQWhFOENBWVNpM2hEZWE4MXFWNjFNd1pMcVlpLTluV00xX1ZyN3F2ZFNqS0RGS3ZjQ0lMV0FoSEowcW9wejBEOA?oc=5
SU.TO,2025-08-12,Is Waste Connections a Good Stock to Buy?,Yahoo! Finance Canada,https://news.google.com/rss/articles/CBMiiAFBVV95cUxPYnlHMko3WGtzY1pCNW5ULTFVN0ZOSXZyY1Z5aTJZSjNoYlVaRV9uVU1YaFNFQ3AyREQwZFVHUFlfSTdqRUN4V1hDNWhnTGNUZ09EX2tneXZXR2t5RFE3TEdXNjFpLUV4eWstWXBNUzkyRmtfeUFHeUk3M2JoN0ZwQWpwQkNDaTJn?oc=5
SU.TO,2025-08-13,Syria – opening up again,GeoExpro,https://news.google.com/rss/articles/CBMiV0FVX3lxTE1zWi1aaDBJZ2FQVzdrOHhkbFNsbV9MMVFyTHhTOUZtZ1pRMElHOF9zWTNaQzdjcmtjanYyTlZrMFNKeVRVQVp1ck1aMTI1ZHBKenZkaEFzSQ?oc=5
SU.TO,2025-08-13,"Lilly launches Mounjaro pen in India at $160 for starting dose, stepping up Novo rivalry",Yahoo! Finance Canada,https://news.google.com/rss/articles/CBMiigFBVV95cUxOT3F3ZW11UGg5Z0xnQW5welNBdkxIWFpRb182MVFEaXE3V3BtNno3MTRTYUF2MzdtazJNUlVZMEZUTDMxMVd0TGJveUZWYkExWlJfN09HY3dVeUJjWjF3X0tfazJIc3FmVXBWc0Y3RmZhbUljRGNGS0hramNZVUFmVUc2d1huOGJ5aVE?oc=5
SU.TO,2025-08-13,Treasury Secretary Scott Bessent fails to divest his financial holdings and hit with watchdog warning,Yahoo! Finance Canada,https://news.google.com/rss/articles/CBMikAFBVV95cUxQaU0tWnFJNTVyX016R0dvY1JteHg2M1dUa0l3c3lMdnRzWlVGLUdQa0VVRktnTFpwMjEzSUJrV1dQYk5DUjlaSTd1QTR3MjREb000ZXowbzY5UWhQWF9NUF9yUTlwTnA1cUtiU01SdFl1VkM3Mi1RN0ItZXlDOHpfenBoRDR6UHc4WWxfUk9CS18?oc=5
SU.TO,2025-08-21,"$1,000 in the ZSP ETF Could Turn Into $26,000",Yahoo! Finance Canada,https://news.google.com/rss/articles/CBMid0FVX3lxTFBRQVNzXzJaXzVnVC1VVVAweTNqSXE2Ukhma3ZFbFBGdzJ2OEswQkJfRzR3aXVrSVJSYWRTWW5fOUIxLTlIdUR3ZnVVYnZCVWduTGpSTkltT0pZUW9XajVHVFBQS2tseFY3Zm9uSlNlcVYySUxfV29j?oc=5
SU.TO,2025-08-26,Is Whitecap Resources a Good Monthly Paying Dividend Stock?,Yahoo! Finance Canada,https://news.google.com/rss/articles/CBMikAFBVV95cUxPSUxkNDFzckRJdlJTdlJlajBvb2JBRjVhV0tPXzhvTmVZMlM3RldjOGtSeUF2WTczVUpJOXBidGdMQ0JZem9NazhZcngzbEp5Mk05b2xOOFpab3lPcmxUZzZaMGVQMmZla1A4emVSV2JfWVFhaGxwME5fdm1NQTlLTmsyVDltQ1hrTE9VZG5yZ04?oc=5
SU.TO,2025-08-26,Could Buying Suncor Energy Stock Today Set You Up for Life?,Yahoo! Finance Canada,https://news.google.com/rss/articles/CBMiiAFBVV95cUxPWE8wUEdGc2xHYVZCY2NGbmhTS3JpUWVodTZoeGt3ZzVrYm1pUmU4dHpRa3o0bVZMaksyWEo3X1YzSHZRNjFNbnptSFlrc3lrQnNSX0N0TVBYZEVOZ3dVUnktSnVEUGZkMnAyeWpreE4yZEx4dGlpTWo1VlVQM0U5MDRuWjl3eDFN?oc=5
SU.TO,2025-09-02,Was BCE’s dividend cut a buying opportunity? It’s increasingly looking that way,The Globe and Mail,https://news.google.com/rss/articles/CBMi0AFBVV95cUxOS3l5UF96LXI4eVU5MVF5cGV5aDdsLWk0UjZnVmpVNXpkWnhlaTNlLTUzOTNma0FvZUxhRzNVNm1PTlhwbWNNTmJNR0FVYUJVWllqcFctZ2lWUndDS3pNTHB5bE9zVHRYWF9vVGhYcGpyYnpmMWZ1Z0YzNzB5YXM2bHkwV0h3M3BuZkxPU1luNFMwcDNTbjZxMW1pQ1VyaWJmYmxjbEQtdV96bm84TmNQeF9Wek03V2N0alZPLWZDYlJDX1I2NGt1b0pOZWhWUkRM?oc=5
SU.TO,2025-09-05,All the Brookfield Stocks Explained for Beginning Investors,Yahoo! Finance Canada,https://news.google.com/rss/articles/CBMinAFBVV95cUxNQ1hDTFRCRFNXcE1zM0hPdy15SEl0Z1A3elFQQTNMbFRKRHZmMDZTXzg1STRHdnVmdFlTTDdWLWJybkZuOXdtaU5Xai1LMGJqUHk1N2N4c3FvZ2dMQkxVd3pzMi1vdG1CSDFkNmZHekdyclBuRlFZVVBzaWtxRnozQ2dVaml0UHlmYW10c0NSMTBSM09hS1oxUEFsUVM?oc=5
SU.TO,2025-09-05,"Everyone’s Saying, “Just Buy XEQT.” Please Don’t",Yahoo! Finance Canada,https://news.google.com/rss/articles/CBMihAFBVV95cUxOa196QmRlTnEzX0NvcnhDMWRPLVo4M1FxMWFEX3JaMHpROXRLV2lyR1JtbUJYS2lCTl9NUjkyYnJZenRKVVppaHdCeU9wRW5odmk3NS15b1QtTFZSVk9OOV9RRHE5TE9oRmlCSWV3Umt6ZExIWmt3RFRjaE9YUlRUT3J4NVc?oc=5
SU.TO,2025-09-09,"Cenovus Energy must sweeten its bid for MEG Energy, says shareholder who sees 'big move' as unlikely",Yahoo! Finance Canada,https://news.google.com/rss/articles/CBMi3wFBVV95cUxPNTloa2VReHRjSVhlVmRqY2hpT3RLZFMzcnMzcC0xX0R2bXV4bVprX0VlZ1dnNk1QLTh5TlQ1WUJNaE5MYWctQVZ2bFJBRmFKRE53VUFnSzdGUWRyZEhEbmJ4ODcyYWNrZExPZmltTEgxdzhpYmRSS3dueFQ3M1JwMDUtVHVNeUJ2c2UzWWFzNlN5d2p6TU9JeFB6MHhnWmNkTHczSUVueEtxb1BCREhMd0J0dXZfcV9DelBmSU1Gbk1CMFEwd0pOYVBiTnRacW9OM2hWb2czYTRJeUEwVnRB?oc=5
SU.TO,2025-09-10,5 reasons why trading penny stocks is a fool’s game for any serious investor,Yahoo! Finance Canada,https://news.google.com/rss/articles/CBMiggFBVV95cUxPaEJvOEdaamxxcENsM1pGSVJpWVE3TzhtZkk2M050MVZORHhTR3MzT2VIOEd4OXlnaHhnV2ZSRERRRktzb2FranhpbnJQeml4R1lWWjdqRWtrYjlvSGpHeWZjX0RXRXFtc3A1WTdBTF9aZElnd0dJODJ3c0d1c3lTSG9R?oc=5
SU.TO,2025-09-11,Why This Stock Could Be the Future of Canadian Energy,Yahoo! Finance Canada,https://news.google.com/rss/articles/CBMihwFBVV95cUxOVkFGSXlwaEstWlNheUFqam5wcm9FVFZLcmljMUZ3OGgwaTBUa0g0X0NTZ1VRbC1wanpnLXFQQjV6THdtMGlZdVR3V2VLYlg4WjdPVG1BWlVVbzZNSjQ4dmlBT0JhTHMyeDBYQjFpd2xsYnMzSmlvYU44STFTX0g4RFpMVDVLRDA?oc=5
SU.TO,2025-09-16,Are renewable energy stocks bigger than Trump? The answer may surprise you,The Globe and Mail,https://news.google.com/rss/articles/CBMisAFBVV95cUxPMVd2ZEd5LWhQRHN4OWZGWldwU3dlTWFWVkVWSkh2NU5TVkhVeTlZTmlIVzZsc3h5aUgyOGRZN05XRmFqdXVjRDYzb3AzcUFLd0tocDFBRmZxNTFWRnVjX1FKRTBjRUI0a1pXLUlOOFFlaGstWDVYWHo3OEJsZmZEaVI0MlZDTDZQR3FmTE1uLVlQMEg5cjNXR3JtSGt2VTBoQ1RBZWpHR21TTG1IQkVSNg?oc=5
SU.TO,2025-09-19,Elliot Management’s Portfolio: 5 Top Stocks and Recent Investments,TIKR.com,https://news.google.com/rss/articles/CBMilAFBVV95cUxQMFAwenBvc0RaemdDNkZVX1lnaEV3UTdUdjFrQWJsZ1JwTl8tUE5PcHZIc2dsWjJLLVVEdWQwR1ZOT1Bna1pNMXp6UHVzaFJHWUpqS1h4UmxVZldDTVpqRzBlamt4Z3ZBbklfMVVfb2FwclJwOHJRTDBVZmR1RThKVWt2TWdYTDF1ODZrQ2RuOWZDS3V6?oc=5
SU.TO,2025-09-23,1 Incredible Energy Stock to Juice Your Income in Retirement,Yahoo! Finance Canada,https://news.google.com/rss/articles/CBMihwFBVV95cUxPcENidkFac0kzUjFNZjgwM3Y5ZTRkQy1BRVpQVjJTRXRZRG5xOTgtMmViMVk5X3U4dnA0Q014U21Cdm02R0xOWXZCNDRQQ2gteXNhbTRZQkl4U0hySEpSeXZfRWVoWkYxU0JSVThRaEJ1cGtRVS1YLU9rZlRNZ1JxdU5TVnJxNTg?oc=5
SU.TO,2025-10-06,Suncor Named Official Away-Game Jersey Sponsor of Calgary Flames,NHL.com,https://news.google.com/rss/articles/CBMiogFBVV95cUxPTk8zblhyem9GUU1TdjJPeVNEdmNLcHcxRjR1bnM5X0E5c0VyMHRYb2NzbE00aXVkQy14aDF4ZkZldDMyazFUeTd3Y291Z25SeFRWdEJQbDN3a2JsVWlYVjNHUVJxbzYyYUtwcWhfWllxYWVxdmNrT0pVUzVtRTNia25vWV81SW9zd1U2YlN4UFBtMUZDQVVsaE42MWxiYk5zU0E?oc=5
SU.TO,2025-10-13,Traders Are Piling Into Suncor Call Options—Should You?,The Globe and Mail,https://news.google.com/rss/articles/CBMi0wFBVV95cUxPdHR0MXQzYTZNVms1SjZDc1pSZzdlcEI0Q0dTX2VnMWM3YXJGMTJzTlZOc05ZamhIbFNvVWpiVHU4V3pyUlEtazJ3OHBtSUpqUlpVcnlXbVRWTXpnTVJNc2swdXFueFZKUVpTYUVxXzNaUGNSclF3cnc5UTA3SXl2OHRiTGtQRjE1dUdXeUdhVS1YcFoxSVJvREdZdGlHN1FpSUI5dXJuM2Y0SUFFNHdlX0VOcWFLeWJvM0FURGVVTks1STdDWFhZQ1hrOUxERVRtRThB?oc=5
SU.TO,2025-10-14,Parkland-Sunoco deal receives Investment Canada Act approval,CityNews Toronto,https://news.google.com/rss/articles/CBMiogFBVV95cUxQdEFOOUpQYk9EXzEyQjQyZ1JBVHVrRzk3OEVfejdyeU0xQlMzdGs5RkdYRkJJYk0yMUhrRTIwcUkydE1MTHp1RE1HdnpqLU00TkNoME4xRW9QVzNfWmdsd1pSeUlpX1RGRlpBbExWdUZUekRJcG5wcldubk15OTM0cWVvY3ZMbHJyY2lCc0ljSEtmTUNieUdQVXJ2U2JFNWJkQnc?oc=5
SU.TO,2025-10-14,Suncor Energy Announces Retirement of Chief Financial Officer,EnergyNow,https://news.google.com/rss/articles/CBMilgFBVV95cUxNejhMVTUyemc1SlhCazRUMjZyTWRmUEhnUmdkZ3JVc3BseFNIclRodDNZMUl3QVhxTFZfQlFPNzlOQmdtRklLUndXdXRhLVNFb2pwdW1valMxODNfQlE3LVl5MEN3b1BZMU1ONTNtdjlhcVB0SkJPRTRXZWR0YnBYbFdubTNHb2RmenlyN3FGT3VVRGZDT1E?oc=5
SU.TO,2025-10-17,CNQ vs. SU: Which Canadian Oil Giant is Worth Buying Now?,The Globe and Mail,https://news.google.com/rss/articles/CBMi1AFBVV95cUxQVDNrSWRGcmZHZFNPQTVHa0hWLWIxOE1mcUNsY0x1dTk4eXZkaHQyMURQaTNLd3l2N3ZyY1lIQnVXZWNXNW11VGVMTmlRQVliUHJabEQ5MXplei15UVdXaVp0RVNSMUw1cVk2S3Bfck9sTEtGTGVxMkFyWmtWUm5zMkpiUVVIMUwxREtYRnpNemJ3MjJvUzNMc3BHek5GVlh5LW01TVNVZGVsdVZXYVJlajVtZXlsVHo3Yi1HdmpkTFJXdy1iQkZzbGFiMzRua21fSi1HbQ?oc=5
SU.TO,2025-10-20,Suncor Energy (TSX:SU) Assessing Market Valuation Trends TSX 60,Kalkine Media,https://news.google.com/rss/articles/CBMipAFBVV95cUxNSEpaTkJ0UDdObE9KcWpxQm4xdl90YnY4ektXNjhhYVJCY2VpQklsSi1JR29iSkJfczdkdy1SeXhpTnlEbjRoTjdMYlpKbGxxUnZVWGo5WkloY2dQVW42V2hfdzRIMFJ5NzJuYXJQRlFZSm5RMktpajNGSTlzcE1IbHRqeUpzMzlCR2NNXzNDQUJndnZnOFRnX3dvak14TmlsNFcweQ?oc=5
SU.TO,2025-10-20,"Why U.S. investors are eyeing the Canadian oilpatch, even as oil prices dip",CBC,https://news.google.com/rss/articles/CBMigwFBVV95cUxOSHVvc2I5TXhFSVIyX2pPVnFDVUFpXzV3QWNER2IyWTBsTmVIa1Rsa2lMY2diSFY3TU5FajBBNFdVb19qRWtnTzVLWEJYeXgyd0FYZ3lGRjVPdzU5a1RIcmYzc09abGJQVS1qcWhoZklvU25IRTYxUHhVRFBST1NTa3NwUQ?oc=5
SU.TO,2025-10-21,Enbridge Stock Is Slumping: Long-Term Buy or Dividend Danger?,Yahoo! Finance Canada,https://news.google.com/rss/articles/CBMiigFBVV95cUxNNDdOVWdQblZxZlV2eUtJRUtlbkhralBUZjBlSENNckp2RU9CeFBBYk9WRVJuZ2IyS0pjWEFlSjhYSXRGVTRqZXhLRGZkNDlqMTkyMl9kSlZpeHJYZ29hV09MZF9WZGRiTnBlM1lHYVdVdndxWUw3VzR6WGdITlV6QmtwYmx0OWV6ckE?oc=5
SU.TO,2025-10-24,Is Suncor Energy Stock a Good Buy Ahead of Its Q3 2025 Earnings?,TIKR.com,https://news.google.com/rss/articles/CBMikwFBVV95cUxNLXpzYzZmZHNvUllxa0t2Y2xjTnRMMUUyeXY4eGx5VkxMcWdwU2UtZ1VTLXotYVpzZTctZ3dORGdmd2FGVnBKMEd1QkVLQUl2MGpRT2p5MDRnM3l6YVgxWmtma2pkRGs4SmxIcmJRd2RYd19fR0xVMUNOM2dlS0tCdHZCbU5qWjh0LVhSN3FTeWhXVGs?oc=5
SU.TO,2025-10-24,5 Best Free Tools to Analyze Institutional Ownership in a Stock,TIKR.com,https://news.google.com/rss/articles/CBMikwFBVV95cUxObkFycFVjbTVkY3FOVmdleGRyYm91ZW1sNGN3YkpUbV83UUU3VFdPR0pLVWszMkFFRkt2VjRPbXMySy1yQ0Nvb05OQXhPREstNGtNTlhreDJGaXF1RnB6S2pybGZRTy1EWGM4LXFFQmFOSjZLdkpkWDJaTENQbnlLMG9kWGdyM0hWcWN0T1NPb09Xd0U?oc=5
SU.TO,2025-10-25,Amgen Stock Forecast: Where Analysts See the Stock Going by 2027,TIKR.com,https://news.google.com/rss/articles/CBMikwFBVV95cUxQdlJtQUd0WGRCaS1DS092U2E1SzVqMVdGWHR3SlBybTZxZTN4bmxUV1Q5aXp1TWM3N1dfdGZhT21iV21wOVhJWHhRaFdPUmkzTkxPaVoydFJDTGRKOG1Jck5Wc2xBYU1femd2b0lFN0xhdjVHTTdGU2w1T1hRQk5hbkpvV0prQ0pxWWJNYVBzNGViV2c?oc=5
SU.TO,2025-10-25,AbbVie Stock Forecast: Where Analysts See the Stock Going by 2027,TIKR.com,https://news.google.com/rss/articles/CBMilAFBVV95cUxOQUgweU1IejdiWmRKWXowckNORTFGNzlYVXdoUHUwN3Z1SmhNdE5uYU9tQlFjOHN5RkhwdkJwRWwzdEtqTHpXanBkalRWNUFiTXpZX0FUVVBuc2ZweUtDWTlhQ3J2VThqZTNva2dQaEhjYzRDUDJ0ZW9ZdTc4Mk1aY213QU5CazdveHRDVThvZkpRVmtQ?oc=5
SU.TO,2025-10-27,Cenovus wins battle to buy MEG Energy in $8.6-billion deal,The Globe and Mail,https://news.google.com/rss/articles/CBMiugFBVV95cUxQQnk5M1NnT1Q3Mm40UDcxSGlOdmwwc3BzUERLNUg3Z3FYUjlESE96V0I5elhILTNkX0RjYjlNaVRCUlIya2VlenR1NGdxdloteXAyMk12eVlFdWhyNGs5SWxwLWpwNnpmcDVoaEpfcTViNld1dTRpcU85S1VkeFFtZEtZeURwdS1qNWJmdmhsTUJIQl9pY0o2WWQwVndUQTVFUXUyOTh3YXkxVnB3ajR0dWhkbXIwVmE2bUE?oc=5
SU.TO,2025-10-30,"Varcoe: 'A structural advantage' – Canadian oilsands gaining spotlight over U.S. peers, report finds",Calgary Herald,https://news.google.com/rss/articles/CBMiuwFBVV95cUxOTXJ0LUVzNGR5R2pBX2NoR01KdVI4T1VOZWkzbUdHVnRPcEpNZ3hLeTFPYmdzNVN2dHJKMVYzQ0ZOSFFjRkNDNE9PU0dBTjloRVZNc1g1WE4xV3BhblFseTZLRlBhVkRsa2xxUVJmUnBhejNvZWlPSEZONEI2bGlqVmVncmlsRUVFLWlIYTBGQlpEOG5HNVN4b2J5a3B6Y3ltN3R1SXQ1Wm5ESWFvY1VRUU9jZGxZcDFraW5F?oc=5
SU.TO,2025-11-04,Why (SU) Price Action Is Critical for Tactical Trading,Stock Traders Daily,https://news.google.com/rss/articles/CBMizAFBVV95cUxNMDRlWDVHSDNrQXRtY1Z2QUowU21xaXptMU4wcGxjUXBvcGJKTHdQclBma3htTmdvc3ZDQjZmQW9wOTV4a2wwRWp4TTZHc1pfSmJEenUzVE1hNTgtY0s0eVJfMmhIMWZ5WllXMEZLQnpXUDZlQUN6cDN5SG5ZZHh3eTdONkdJS3o2Si1yTDRqVktkWXdqUktrT2dZLWdMemZ3LVlPS1JuckN4b1FKSmhyX3JHNzdjWWxnM1U2Ykp3aF9McnpwYjNLM0Z0Y2E?oc=5
SU.TO,2025-11-05,"Suncor shares jump after oil giant ups production forecasts, delivers earnings beat",BOE Report,https://news.google.com/rss/articles/CBMitwFBVV95cUxPc1RieEljczZMUGZBbVZXeFh5WnNuLW1zNFVFWUxGaGJUVnpnLUxoNXVja0xLQlc5cE96MHBhaDBxT19ZQTIyNDBPYnh2QlVPTEliNE9rUWhKWF85QmpVYmp1Yi0yOU5lS3hrSFRkc0FwSjJ3N1hxTlc5djlnZHFKWkpMclVhbGRRVUlONExUWmN4OVZINGpOVUowTTlpU3BQRWlSN1AwWkJLYWIwaDRKOFB2d0ZHN1XSAbwBQVVfeXFMTXptTklUV1p0bjhLdU5vLUt0a1Y5NFFZUXpUNmhQZVhlSVFSSXY1S0lhdkdDdXVWdVVYa2k5RGdPYVZZSGszQzg2NVVnS2YwVFFObnJWeDgtdTZKYUNsYVNsX1Z5TXZnNG1yZHRQX2t3VEJrUHN2aTcxZ1JvanlWSXNOeWh2RGVMQUFFV2N2VnJWbURJanZoQmU4bVp1M29hRTgyNnd4ME5JelJRR0VWMDRCc2NzVTVuU0dHS2Y?oc=5
SU.TO,2025-11-05,Suncor 'Beat It' with better-than-expected third-quarter results,Western Investor,https://news.google.com/rss/articles/CBMivgFBVV95cUxPMnNwLVdCUjJDcDg0Y0tEX1dPWnFhc0ZLVUU1Ykd0MEZJTDZlVDBwZFEtc1c1NjFZOXJibTZJQ01KWnZDMC1IcWdQcUllbVpyUTVRN3IwN0FiUGZVN2xVUWR4dEVLQlE5R2ZBQ0w3NGZUOVRsZXNEUFhUbERpWkNlLU1jT0xXZTVsbjRELUduWkRiUFQwUy0wcUhxZ2tfZ0VwZ0doQjR0V1pob2pkRG9xT0lneXBRbkFzeV9ZY1dR?oc=5
SU.TO,2025-11-06,Suncor Energy announces $1 billion medium term note offering,BOE Report,https://news.google.com/rss/articles/CBMimAFBVV95cUxNOFJFUVA4bldHNDBMY0FpazRnczdtV2xwVVR2Q3VkWkxfYTJxa0xoUTR6b1VUbGx5VWdtRklyMU1hV3hueXpLSWUtOXl2cFlfdC1HYjJIOXo2UGphT1h0RzdmM2V1UzhDQXlVY3hVMUx0SWl6U2g5OUdXbXlEdW5zVWxCZzJqVUhWdjhJUnQwd1dVWlVBTFpfWNIBngFBVV95cUxQZFYtbUZ6SWFUbXJhMUtXUWl5YzlhVk9jTU4zampTTS1TOEVlWTNPSldYT2k2VzZpSll3V2VfSGp6aE93Wnh0dFlYNTUtM0FZcW5RdlBua0lTRWNONndNUEtJNm1pb0pRdXExX2dLM2NwWXRuVDBHMWQ1dXFpbEo3TmU1ZHNPRDN5MzhrWGxkSC1rMEZJR2JxbkZOS21Pdw?oc=5
SU.TO,2025-11-06,MEG shareholders approve Cenovus' takeover as one energy investor laments 'hollowing out of mid-cap space',Financial Post,https://news.google.com/rss/articles/CBMiqwFBVV95cUxPeVpFM085UDROdXotRDNENkV2Z0JMbmlSRnN6RXVDNzg4LXdhTGpZM2w2WDVHWnctTE1kdE9PX3ZfUmdla214RHl3ekNiQ1VBd25IbmRQbmV2ZHY5anZlMTVEUWVPTmRjdHMzaGtiMzlhV2poeTRVR040Z2t3WDFKbnh0eEtpRTNST2FtVVBySlluVll0NXBkd2F3NTliME5ETTRXd1lpMno5TW8?oc=5
SU.TO,2025-11-11,Investor Outlook: Cenovus overtakes Suncor as oilsands output leader after MEG deal,BNN Bloomberg,https://news.google.com/rss/articles/CBMi6wFBVV95cUxPVG5DeW5DWVJnbThBb3IzaU1rb2hHbGxkVm9iS0UtbkxJV3p3TGdIMGF3U2RKMkN3QnhaLVhYNlBiOG1VVzFlWDM5VU80dWVBekRDUjBXNkRkeWd5T3huRXl2Vkc1aFdDNXg3TkkyRmNZRGozamJlYkhHSE5kREpnZV84Xy1Ya1lqUzZyQ0FSSjNKSk5lZXpWWVJRYXc3bjR0UFZUWUYzQS1PYlBCWlhzOHpWMkV5TGswWm94S0NPbW13Z3ZOSUpDRF9kVjNKSWthelkxUFhIaU9BWFVOUkFxWlpnZUxXNXZ4ei00?oc=5
SU.TO,2025-11-12,TD picks oil stocks as investors await Carney's next major projects list,Yahoo! Finance Canada,https://news.google.com/rss/articles/CBMivAFBVV95cUxPQWVWekRndE92YUlxSHYyZnRCcmdOUUxqZ2p1dWo4UnR3akc4bzlHR3RLUUFLSkN6WFJxdDVwN3R5OVdhUERjYXZlZW5JUjZUdGVEa1VaR3lkaWl4WjcwSnhuTzlnQzBuSlllWVdFZGxzV1BZd0h4aGd1VlFsUFlxX1NDc3JfVllpaWRZVVB6VDd2QTFfc3h0YVlKUTJ3RXpBSzVfSGM3QkRmUnlwZTR2ZFFTQWlOdThwQVljZQ?oc=5
SU.TO,2025-11-13,Why Northland Power Stock Has Lost a Whopping 25% Today,Yahoo! Finance Canada,https://news.google.com/rss/articles/CBMihgFBVV95cUxQaHgzMVNMU3NZTXFTZ1JGd282b0NlV2JIdDVXMlI5M29FNXVac01KMDNEeU9DY2MzTkN1U1lDbVN6TFFXRGFWLTNUOHpUdUVlbE9mZWFFUmw2aF8zNVNkc1BhTExiblJwTGlGZE1VNEdCQVNjM1RTaEJ6UFVMSFFlUWVLelhWZw?oc=5
SU.TO,2025-11-14,"Warren Buffett Liked This Canadian Stock, and I Still Do",Yahoo! Finance Canada,https://news.google.com/rss/articles/CBMijAFBVV95cUxOUV9HUzNkSDZ1Yy1Lb3YteTZyeWxQUzRZbEpQTXVoRF9hSTU1R1lIU0NWSEdUdy1PeTF2UTFXMWhoQXhyY3BQMU1Ca0VFV0UtbjlYN1hrT05maXlJdUZjUTVNSXpsUnN1OHk5c3U0UGdGbHB4Z0JtOG1ISGl1blJic1pORmtMNzA3emhYaw?oc=5
SU.TO,2025-11-17,Best Stock to Buy Right Now: TC Energy vs Enbridge,Yahoo! Finance Canada,https://news.google.com/rss/articles/CBMiekFVX3lxTE1WNmZaQW5KRHFya2dqSFFnbjFPTWp3V3lTLXFXWFNsR1NpQ2pGWE5USjJ4WmEtS1dDYktKYWFPeVNHRG5fMXRReHZHTExNQXZ4b3RnWWlxblctMHNTbDNCcGMyWTV1eWI3V0NLdTBqckRXLTJJaGlxRDVn?oc=5
SU.TO,2025-11-18,Barrick announces management shakeup as activist investor takes large stake in company,The Globe and Mail,https://news.google.com/rss/articles/CBMiowFBVV95cUxQZG5MTWdlMHVySEczRFlvVmhHTXBlSmY2QW5XU3JmQjM4Sl9NVEQxNU5vNkw4WTNUbWN6R1otNEQ1eHlrTmdYU1Nmb3J5ZURqOVJXSnlMd0dHY1p0dTNyeENmSy1hR0x2TWktTl9RYjFPUUtubWZQTmdDYnVTaVo0clB5RDV6bm55enJCRFdabjRpSTY5RW51RV9WcFA0VjdRQlFj?oc=5
SU.TO,2025-11-18,Canada’s Oilsands Make Their Comeback as U.S. Shale Plateaus,EnergyNow,https://news.google.com/rss/articles/CBMikgFBVV95cUxNTjFNTnVIRzQtS1ZtTU5TSVlJNnhNY1FOUDBURVlTU0FZZlNZaWxOcHRhMjd6RVk3eUk5UmY2bUMwdUZBZENVQ1QzQVREa29DTHp1SmdBOEFfV3FhdDZFQldXbDFzcTRFUWtZc2hQb2NzY2tkc1RSX2F3dWF1ZzJBSGhJem5sTjMtT3daSndDUkdKdw?oc=5
SU.TO,2025-11-19,Up 70% in 7 Months! Is it Too Late to Invest in Suncor Energy Stock?,Yahoo! Finance Canada,https://news.google.com/rss/articles/CBMie0FVX3lxTFBUdFNid3JFNEpwWGNSeFBHU0NDM0tlVjZRNXdzOHJVd0x6VU9fR0s2ck1NU3hNU01SOXIySmdOeVhjdVdWVjZIOU1HS0tQUGFGTk81M2wwbUZhbFk3ZTNJcC1TeW9HVHdPM2Q0ZnZnSW1NTzBWVWszX2hpRQ?oc=5
SU.TO,2025-11-20,"New KFC coming to west Bowmanville, No Frills approved",durhampost.ca,https://news.google.com/rss/articles/CBMigAFBVV95cUxPUzB6WmFlaGJBVWZ3cHIzNS1qUExzdGs4SGxrV3JJelh3cFlKUURGa01TQkZRRTMxQXNmYUxEdWxSMkE1UHZhcV9JaGdLaUpjOXhZZ21HOTZqaUxhY0t6V00tNEtxM2ZCR3B2b3FaWXZ5ZDd0d2JjRkVhYkF4VFJSQQ?oc=5
SU.TO,2025-11-20,"Is Suncor Stock a Buy, Sell, or Hold for 2026?",Yahoo! Finance Canada,https://news.google.com/rss/articles/CBMigAFBVV95cUxNLUlBQ3FCSFM5UnVPYVVfUk0xUHBOVzZzd0NQeTlSRjk2ZTdKN3h0NEF6ODgtY0daQXZXdmt1LW5ySDN0VmFaUmxKUUlZZXQ3UEQ1Uk9XSTFTRHg1S0hfYjdNYkZmX1N6UFBlX2phWWlTWVAweVZ0RDJ1SElGazM2WQ?oc=5
SU.TO,2025-11-21,13 more TSX stocks that could win from Round 2 of projects of national interest,Financial Post,https://news.google.com/rss/articles/CBMiigFBVV95cUxOYWFaTFVqc1ZsNGNpWG42Ulpsb2xjaEZKTmJZUngxNTZZUExFU3g3eVRVY2xMemo5YTJIMmg0d3JfLS1LdlhwcGpHeXpURUh6RXlFU1NyQUh5b1pEMzBIQUdDYURHY2tJanZ6Qkp1a201R0JmSldCc1d0RzA2Rno3SHNRbGxBRU1KRFE?oc=5
SU.TO,2025-11-27,Best Stock to Buy Right Now: Canadian Natural Resources vs. Suncor,Yahoo! Finance Canada,https://news.google.com/rss/articles/CBMiggFBVV95cUxNbWZyeUtVUVl4SFhXb1ZKNEJwa3JDV2dEMnExZEVCcjRGR1dvYkotZl9lTHFwMU5KTWY2MzVHcm1fQkVIYWRWMW05LUVWZDlKSk9FRWxTRFE3T2R3WUFtZm5MTG1rVFg0d2RXWm9KOGExVVdLWTFGR1VWXzJ0MU5oQnBB?oc=5
SU.TO,2025-12-02,Renewed Momentum in Energy Stocks Suggests Sustainable Upswing. Which Charts Look Best?,Barron's,https://news.google.com/rss/articles/CBMipwFBVV95cUxNc1paa0VHUnFWQnNWeXVmWXN6cWhqRFcxUEVGa1VHSUxoRGRvYWNibk8wdmxoQWc2N0NJczBtYTFORnliYW9Xd1JCSkRiS2hYNGZDVEVzZXlKUms1UncxbkhVNkI5UDl4UU5GemZPNEtUTTREQUtqVExaTlRLczBmeG9CSXAtcS1ENDBIdkVydjFIOU1NLXQ3eC1Nd3JLbmVZbGlEdnBsVQ?oc=5
SU.TO,2025-12-03,3 TSX Dividend Stocks That Just Raised Their Payouts,Yahoo! Finance Canada,https://news.google.com/rss/articles/CBMigAFBVV95cUxPemlXU211TDJmVkl5eUdubjBWYm5FT29uMFhQRldDc2RDNnZUWG1PZ1pWRk53RUdTN0pFOUo4M01XZ0tBaFlfX19HdE9hMGVaalh2VDQ3OTRjcGhQRVpjV1VCdlRLMlJWYkthcDIwaWE0SldpX0k3dFhRTG01T3I3MA?oc=5
SU.TO,2025-12-09,Canada’s newest oil tycoon shakes up sector with bold expansion plan,BNN Bloomberg,https://news.google.com/rss/articles/CBMitwFBVV95cUxQNlFwam5hWDdsUFV2RHJxTHVaNE5ENjdjUGdCdVFkQjRCWlhZemRCam5MQUtZTFBnbi1QRXROeVpVLUtNT2tSTDhJUnlkbFF5dEx2VWktZnR5R3FQOU9keG5SX2l4alpscDNLWk43U0N1N1ctZmx6akIyQjlWUFc5RHJhdmhrVkQyZ3h1ODlCSkJRaGFBZ1FVYm1MMTY0ZnU2Z05XWmVIb05sNTdqeUdqNTVIZTBzWkk?oc=5
SU.TO,2025-12-11,Suncor Energy announces 2026 corporate guidance,TMX Newsfile,https://news.google.com/rss/articles/CBMilAFBVV95cUxOOTJHMnVhSG9DVzFJSXB6UEpCNGxsX1R3d0JQMXZDN0VETDl3Y0dUaGJkWmFpOGhpYVh2MzRpY1hYQVN4VzBpZUFrZFY3TXZ2NjNfbEdkM1FRT2VFSmZHd0I4NFh5WE9hb1F0UEd1Z2ZqWlZWOW1VWWpwUXF4N3ZoTkFKbEJ2RnZSR2lWMHBKblJ1WWNF?oc=5
SU.TO,2025-12-11,"Suncor projects higher 2026 oil and gas output, trims budget",Reuters,https://news.google.com/rss/articles/CBMiqwFBVV95cUxOazR1UlZUOTJRb1IySWE2VW1MWWpQUHQ4OEZ5S3ptNjRDc2dKRmJNT3luekppQlNSTlNreW1FQUxMTFk2d2RXWldlV0xkZWpsUEpneFBnRDJGU0FLVXV1STIwRjY0c0pZSDQ2ZjRzOGttNFF4WXR6c2xVSktqQWxTbmxOcXBGYzhNNUpVTC1CS3hxV0Y0VlNabnVfa0tqNG5IaTdHYVI0Mi1BWjg?oc=5
SU.TO,2025-12-12,CVX vs. SU: Which 2026 Plan Offers Better Upside for Investors,finance.yahoo.com,https://news.google.com/rss/articles/CBMic0FVX3lxTE9sS0prSnVEdUhteXczV2NuMzFFdDdXMS1HMjQwbG52WjBGZWdsdzA3VFd1UmVydl9wdV9yTjFLTzhQY2ltaHBaOEo1SGdUVTN6bnVwaUR5RWIwS09SQV9LZVZ1Ujh5MU5rWE5LN0tUTk5kYUk?oc=5
SU.TO,2025-12-12,4 Canadian Oil Stocks That Are Filling the Heavy Crude Gap,finance.yahoo.com,https://news.google.com/rss/articles/CBMigAFBVV95cUxOLU52M2Jtd2Z2R3Fwb2t0X0ZWN0VvaVozZlRNZTlTaXpYbF82em5ybjNUSkdiYm9kMl9QSklvNGpDMUlpbGpLT3RhaVdzc0hBeG56cXMySmRhczE2LW1XMUR2aldCRTRIR0h2NUNRNDcyWWRpQ20zcXJGNjZpbTM2Mg?oc=5
SU.TO,2025-12-15,Imperial Oil downgraded; BMO says rivals offer better value,Yahoo! Finance Canada,https://news.google.com/rss/articles/CBMiqwFBVV95cUxQd0N5M2VySGJHTF8tTVlBTzRrc2tXVi0tMUNsQ0JRbmR1UF9MT3p0dmFzTm5WWlgxTGpNaUNFLWJSUlVhcTdHQm9fMF9nQWJ2YTdrcDEyNWtMMDBid1hFZlN3QWxCT2NyY3BsRDh0ejQtWHNxRWtzYTJTQXUzTzRNYVN0d0gtdHMxQmZCZnNZZ0NKU2VJbUlCQ1BDV2RXQ3RqdWNFMmk2bGlHUkE?oc=5
SU.TO,2025-12-16,My 3 Favourite Canadian Dividend Stock Ideas for 2026,Yahoo! Finance Canada,https://news.google.com/rss/articles/CBMijAFBVV95cUxNNXJ5dXVLNm5lMV9HcmFLOTlLbU1zakFMcU85U2J1c1lTaVRMdnRMMXVrTUpYc3VtY1dkUlRhMWR1MzlLQ0RDM3R1LUpmNWtRSnJGUHdCdFl3R2xzVGEzRFV1a21tRlBXRmx4ckZDc2pCcVBrUnFTZEV4MTBGNXllbXFWX2VmV2RDRkdKTg?oc=5
SU.TO,2025-12-29,"Suncor Energy Stock: Not a Buy Yet, But Still Worth Holding On",TradingView,https://news.google.com/rss/articles/CBMitwFBVV95cUxOMVBmRml3QlFOY1A1QTlRTGJFYjdsbVFkMThXSFJDVWd1amZfM1ZsdzNNS1Z1VWRVbGZJZW9vdmVuMlNmTUhNaUVZSUR6YkxiYnFIMkdVTnk0eWVGZ1lZMjJaX19lQ05GQjdzXzlfUHFUcDhMOFN6Sm9YY3RHTXI0SVcxZmJMZW9xQkFENTJqTkR5TlpHdTFsYm1scWt0VFE1VFp4OGN2MGxpZVphS2FqNTBiX0J6WkU?oc=5
SU.TO,2025-12-30,Is Canadian Natural Stock Still an Income Play for 2026?,finance.yahoo.com,https://news.google.com/rss/articles/CBMiiAFBVV95cUxPNkE3TWNiUkNKOElyeU9Xc3gtNzJzb1daeVoyelJtd0RkYWNSMWstQXhUakxCV2o2NFNvNnlhVTFaQWZUUHR4RXNFMGpIcDZNVHdpLXZjZFE4YWVpN3ZZUmtXNnBsYlY2ZHlydXJOYmdkd1F0ZTN1a19ESlVaR0lscllJeGFXRWtD?oc=5
SU.TO,2025-12-31,Stock Analysis - Suncor Energy (SU),Gotrade,https://news.google.com/rss/articles/CBMigwFBVV95cUxPTURrT1k0RWtNTjRfMjV1ZURLMHlIcktBUlZIWklTNDVxVWkwNU5nelZqQmNVM0JXZzBLdmpnRUJLY1JjMktlMUZOU3NWMjRKVzdkdmExX2ZPQ2ZhbWFNZmhNV2dYT0w4dU1ZZncyT3IwblFWdF9SSlJwNmlVTEFYODc4bw?oc=5
SU.TO,2026-01-05,"Canadian oil stocks: Suncor, CNQ, Cenovus drop, while U.S. oil producers surge after Venezuela strike",Yahoo! Finance Canada,https://news.google.com/rss/articles/CBMi3AFBVV95cUxOa1h5RmtsSUhMSWpyYkU1Q1ZTUG9HeWx5SlQyZDBOaERSMy1ZV3RySnVoWHdOV0FFVndhZElmZGJHbk9PRVhjR0ZzUDB4dzc1cnl3QVdmV3Z5TWdodDRvNEhPWGtCcFR4NDNOLWRpcHk3eWxnd29VdnB6YjY2WmZnSC1QZ2RSdU80dEg2VWtpVGdUeURmOU5VdzJTNkdHalNrWm5qeGlRZl9iM3dDQ3NMTUpoRmhxdzJ4dEdsWlZqSEU4QjdONlFZYzBwV2x6dzl3Y2NtdmhaWnhiUzJf?oc=5
SU.TO,2026-01-05,Canadian oil stocks slip is a ‘massive overreaction’ to Venezuela: Eric Nuttall,BNN Bloomberg,https://news.google.com/rss/articles/CBMisgFBVV95cUxNdUJoUl9mSTNHX2JDUGctTUlfMVUyRzRzb2tRTnhTS0ZaUzJheklhM1hiclB1YzM4Y1ZHNzdKS0d1bTdTeHpoajFwU1dvSjYtenNFUVFZNmlpQWFHNEx3Y2ZObG9WMzF0SkdHeDB4R2xTWXNNWHpkQk1XNDZhOE0zOG14ZGlwV09lS29COS1wUF9NRGZRRThVVHlTVWZTSmdIUmYxR01vTVU0dzF0WXNoOW9B?oc=5
SU.TO,2026-01-05,Trump’s push to revive Venezuela’s energy industry hits Canadian oilsands stocks,thelogic.co,https://news.google.com/rss/articles/CBMiZkFVX3lxTE10OUxIelJlSHdIczhzMUNCQWptUGc1ZFhKc0NVQTlMVW82YldrOHpHeUlTR2pFaVFVTmZHMm5USjRXbnVfZ2xwMS1mS1dod3BoWGhjUHp1eG9QRVA3V0h5d1p3d3NQZw?oc=5
SU.TO,2026-01-05,Suncor Energy’s Record-Breaking Year in 2025 Delivers Investor Day Commitments One Year Early,EnergyNow,https://news.google.com/rss/articles/CBMivwFBVV95cUxOM19PbzdUM21RaUVvWXdoVXk4Z0dvVjdpa2Z3R0UzdjBPOE9KODZYZ1NQUnVTemZUSXJIZFZJZlZzbzJkWUJNV3hobTJ3Sm96MmM5RVZrbV9zdjhraE5aRUwwSURScGpIMmUzcXp0dENNZ1ZVN2NXNUVVWjE5d1Flc1NIektnUnJTdzBUT3NiSURxZWZiY1RCcmdIeVV6ZXlBVUJ2am81cGxlcmNpNEZQZ1VWRUNDT290WVM4TkxPYw?oc=5
SU.TO,2026-01-05,Suncor Energy: Should You Buy the Dip?,The Motley Fool Canada,https://news.google.com/rss/articles/CBMid0FVX3lxTE9faC1rMkZiWFdkNEFzdUZBZmdyR1M1Tm9sbi15aGJ5OGdsbmRMMXp2WG9wWENkdXFheEJ6cjhEanRVdWUzR0dyUkxISHRQWkxLNVVGbnIwN0dndEQxUEdyMU9ITUo1Tnlfb0NISWhTczE1TW9zZGJn?oc=5
SU.TO,2026-01-05,Canadian energy stocks tumble after U.S. incursion in Venezuela,CBC,https://news.google.com/rss/articles/CBMie0FVX3lxTE1kYndEenBlX1VmWXpVWHQ4NUpqLXRhUnhJb2tmZ3liemtMZEpyUXZUelJFZ2hOc0Zoc3NlQ21rVFcwX0VCeFpCX2ZhTTJBT1BXYS1GekNuZTRwaVRmR3VESjFFVmxyNEtMLWszVFQ5MTNwelc3VDhJLXBzTQ?oc=5
SU.TO,2026-01-05,Is Suncor Energy (SU) a Buy After Its Venezuela-Induced Dip?,NAI500,https://news.google.com/rss/articles/CBMilAFBVV95cUxNVm9hVERvd3pQUHVFQUtnS01TREJQd3R6VWNjY3lxLVVCcFJPRHp0UTBNNDI0MzcwTWFzd3FpNVZfTTFoRzdvWlJiak5PVXpIMWtlSXN1Z3ZaeUVyOUZEOWwyOWI0UERKVEdQa1V5SmMwUkMxSkRKWGxjVXkyNlAxU3daN1JsSURaN1JhUXlXUUZhRXNF?oc=5
SU.TO,2026-01-09,"Venezuela’s oil is coming back. So, stick with Suncor",The Globe and Mail,https://news.google.com/rss/articles/CBMixgFBVV95cUxNWnEzdFk3RWNPeFFyMlB2ak05THBsWlFNNHZNMmpiazhIREJKVXJjMUpzbDNZTDJoalRrUktXbjB2MUpBV0c1a19PQkN0eFd2ZzZWWDdZaENvVE1BSkItQWJoQURYZGhzbTUwVFl6YnNVSXFLSUdieXNPS1NJZ3p2bW1EWXRFbk5wc2J6RlgyUGhqVkNCNXZfcjZvTzZGd2FoRXo3M0NUNGJPWXhueWtRRE1MbkE4SnNIOURfLUVxUEd2aTZjT0E?oc=5
SU.TO,2026-01-15,The 6 Biggest Canadian Natural Gas Companies,Investopedia,https://news.google.com/rss/articles/CBMingFBVV95cUxQU0J2LXl4X21POUtrNWlDbTJmNm43YXBvUUhYVUtSMHVQMGFMZmFmYkR5REhBVS1meDRxd0hxdTlPVm9TZV9VVkp5ajNhckp3dmhfMlJCR3dBSlJhSGFkQld5dndGQnM0eDNocG1Gb0N1bkdZcEp5VnozZUFyOUFBN1Zadk5sczVuNnZ6VEJUMXV2X0dibTYtOFRGV3RsQQ?oc=5
SU.TO,2026-01-16,Outlook for Suncor Stock in 2026,Yahoo! Finance Canada,https://news.google.com/rss/articles/CBMif0FVX3lxTE96RDY5ai04NTJ0Q01HbHk3MEhxTWt4T3FxN0JCVEtNcUk5cXRnQ1FDazVRSW9nSmZOdTQ2Si11TU1Od0JPZ01HWU05bFhkeElBZXpoNldPd0RoUURpc05VRFIta2F1MDRJTVhFallRS1EtRk1RLWkybnhENjBHejA?oc=5
SU.TO,2026-01-16,Canadian oil stocks: Suncor named top pick by CIBC and RBC,Yahoo! Finance Canada,https://news.google.com/rss/articles/CBMiqgFBVV95cUxPSFBWdTh4Y0JhRWVsQWhEOU5PcmdoZjdJYmgzOGk1SERHdkhBZW1NZTg1SVM2b2NkUnNidndIWGNoOTJETHFhWHZPb3dZZzllRWNSclJBU0c5YlAwMUg2Y1JheWExRklDWTVOT0xoMDZPNjlSYkFHQ0dRZXRQUlZrQU81UW1nVFRWX29LeGRtOURCS193d0VFUGN1RHpQLWtFR1IxeTVhNVRXUQ?oc=5
SU.TO,2026-01-21,CVE Trades Near 52-Week High: Should Investors Still Buy the Stock?,Finviz,https://news.google.com/rss/articles/CBMinAFBVV95cUxPanEycW9SVlJSVUplcXZ2Z0tKMFFTd2FKM0dwQ0FrMVhjejRVV0xQTi0telgzWjRJUjg4X2c1UzNvSmwtb0c0RWl3am1acWNrd0F2czJXRVFXNUpmYTNreXMyR1RfNUNEQzNXejluNnFHX1NEaDEta0RuRVVFclNoOVpiOTdxeHdUN2JyQ0gzSVA0Zm1hTUUxSVZ2TWc?oc=5
SU.TO,2026-01-21,"JPMorgan upgrades Suncor, downgrades Cenovus",Yahoo! Finance Canada,https://news.google.com/rss/articles/CBMilwFBVV95cUxOc2VjZ2tnczVWSEt4U1JXUkRyTGdZQUdZUDJlaTJDV2FzTVdQTmRmaXRnaFYxYkk1cFFIM1c5Yzc4LVQtZFhDaWhueU5BNHg0bTFpZWJhc0JYNjhKbE1sM0ZfZUNnQUd1Zld6RldBOExkd1QxOHo0ZzY4TDQzMHpPd3RjYk4wZHBESFhmSjdXZW1xRzlEcll3?oc=5
SU.TO,2026-01-27,Where Will Suncor Stock Be in 5 Years?,The Motley Fool Canada,https://news.google.com/rss/articles/CBMieEFVX3lxTE0tVWwtMF9XR2htVmEtNlJZMnV4OUNxT0RReG9fLVZJeHBNVXFrWVQ5WFdRUl85OE9EeHEzQmFNUERmYzJsMUpHWmk0Yk5UelpibER5OEdKcFpVT0dibko0enBMcWl0Y2VGdVZ5VU1LVW5wVUJqczZxQw?oc=5
SU.TO,2026-01-27,1 Bright Canadian Stock Ready to Surge in 2026 and Beyond,Yahoo! Finance Canada,https://news.google.com/rss/articles/CBMihAFBVV95cUxOOW5VTXlEV0w0X2VqNjVBMDU4VnN0a1NWQTJXWVlNMVZUanBOQ3lqZmhPb3VBZUJKZklPZF9icE5PaXdJN0tNTVVpTDdqVUQzT241Z2pzQlp5YTVoekVuNE5ta0JXd1V4RU1PUGdOcU94RXhSdjlsYnMzcDE5WFhicnkyYmI?oc=5
SU.TO,2026-02-03,Suncor Energy Reports Fourth Quarter 2025 Results,EnergyNow,https://news.google.com/rss/articles/CBMiiAFBVV95cUxQeTl5bWw4blZsU3lxRDlvUUE3aDRiYm9hZXdWakVkVHlzS1JFWndwTGxfaG8yVDVoaDZjZ19NRUpSdnItaXhPNTVKOEI5UWstaDF1b0drWnhaTUd2NTk0UVgtTkhjRUcyeWR2QmYxNlE3QmVWQllLREgzckRyamZ6RHNfMkxRVnJZ?oc=5
SU.TO,2026-02-03,Suncor Energy declares dividend,TMX Newsfile,https://news.google.com/rss/articles/CBMigAFBVV95cUxQVzYzeVBvb05DUGM0N1Ziam0zdDJzaVRJcFhjdG1MRDktUVIwWjJmcDk2cEE1bWRuTnN6dTh0N1hQcC10VFFleU02eWo1UmhVZjJ2NHF2N0g5Q29ac3RMN1lSQ3BReHM1Z194Q1hUZWhqRDVlNElJTFdmTlpzRnBjUQ?oc=5
SU.TO,2026-02-03,Suncor Energy beats quarterly profit estimates on higher production,Reuters,https://news.google.com/rss/articles/CBMinAFBVV95cUxOdG5rdVFfVmxFa3hqRmV3dEZxLUZPMDNscE9sUVloSEJwTDA2a2hKS2J2eHdrdlVRRU4tclVhYUt4VF9QOXdod0VlTmJ2LTU5SURzR2xtMnBkbEhnd1pWaXJicjNzQ21waFlWRVJjeHk5TFVrU1ZSa09aa0J3b1RrRUxvREtQUi14UXFtT2xkWV8yak5Yd2VxdDZsaW0?oc=5
SU.TO,2026-02-03,Suncor (SU) Sees Normal Options Activity Ahead of Earnings,GuruFocus,https://news.google.com/rss/articles/CBMimwFBVV95cUxNbWNUMmVpZUVZbjJfakxBa2tsc3NLeDNOV3FFN0pLUHNDbzhsb0lhY3ZvYlFSZnFUd2x1OFpOSXBWazNTSmtieXZyNG8zMmNJVDdJRm9rSEhCcGpjbXRNQVJpMnVlRmlKYkc5NVpkaUxRdVZ0c2hpdWJQYjZhYVRlUkE3TGdoV1BxNEFEV3ZNQ0VpZVdLaHJmdXFhbw?oc=5
SU.TO,2026-02-04,"Varcoe: 'It's impressive': Oilsands giants smash records, climb list of world's biggest producers",Calgary Herald,https://news.google.com/rss/articles/CBMitwFBVV95cUxOSmZaTE1PaWRWN3hnd0FSallJWkx1djNHMTI4STNwNnlNYzJJNEJUR1N2SXhDTkhwVkRPWGRuNXhKR3ctdUl6c3BwLUZyN1JZbTJNSW5YVkMwdWhQODhkc0poR3BoUHMwSk1EYWNSdEJmVTYxYTd3TEcwQl9NUENHX1NkNjloeU50MGIwYUlfUkZwUHE3Z3dQZThiVndKc2JEQXVEMGRHNEVwSU5HUTNVbE9uWFo2LVE?oc=5
SU.TO,2026-02-04,Suncor Energy Sees Earnings Decline In Q4 2025 Despite Record Production,the deep dive,https://news.google.com/rss/articles/CBMinAFBVV95cUxNalJ3RExCSmx0TDE5Ym1qUFNIN3h4ZW91MlFYZHRhM1dnZWVOTXY4QWpOVGE1N0ZJc2twNW04NnVnUU52cW5sbVIwRVBvVGZSRkN1anBTeUpVMmREXzNXdTBYR3R6NFdWYjZHUVgtc29aRXFNcVRiOU5aeTFZWkhjZlFMblR1bE05S01KXzQ2b1A5ZGZfVU9uR1owVko?oc=5
SU.TO,2026-02-04,"Suncor posts record production in fourth quarter, adjusted profit nudges downward",BNN Bloomberg,https://news.google.com/rss/articles/CBMiyAFBVV95cUxOZi1qdmxYVkRBRGxlcHJ0Y3BDc0tPdS1nNWtqbklhOUZhWE9JbEFQYkJPZlF5R1ZQNXQ5VWVFS2xEY285OWQ3VTB6dG5jWkdPVVpqbWIydENhdUlFa1hFeE5Jbkl6QTZmVFZJSUdTQ3NNemVhYlZpUmQ2RGVxVzl5YWRzcy1UUzgtRUlfYy1PR21XeU03VjdvbHRUWlpRdlBrdFRJUHBfRGZIcE1kMnFnalFDZlozY0gwQ0VhRE9STUs0TmFkSWFLNA?oc=5
SU.TO,2026-02-04,Suncor CEO cites drop in safety incidents and readies new long-term plan,Yahoo! Finance Canada,https://news.google.com/rss/articles/CBMigwFBVV95cUxQSDh2Ty1XT0o2anR1MmU1MTJwWC0wa1lhd3VBVWtHeWR0NUxKOVVNSGlLUzE0bENCZ3QwLWYwNEpPMjJFTjU1SHBjandkcEpuRnFMbVVPa1JtNEEyU1hibWtlLVRjQlhoa2hreGpYYmp4WnFIZndjOEpmV1J2Z09YN3o1OA?oc=5
SU.TO,2026-02-08,How does Suncor Energy (TSX:SU) Fit Large-Cap Energy In TSX 60,Kalkine Media,https://news.google.com/rss/articles/CBMiowFBVV95cUxOR1JoUDhPZTdMWk9KVWtvU1FJRFhsRkpqUnlOb2RsRndqTzdld05GZ0EyTnpCT3RkV0R1MkdFNWR2eWdwT0lzUDhBaWZCenB3OUlCVmU1aDBmY0FJdjlYanRYRHFVRTJpaFB2WDJjd0w4YWhqTHZPLTVJaTJleF9Bd0FuZ1gzM1dYSWI3dlVhZHFkUDRXSmpTSURybTRvXzZaZWFJ?oc=5
SU.TO,2026-02-08,Is It Too Late To Consider Suncor Energy (TSX:SU) After Strong Multi‑Year Share Gains?,finance.yahoo.com,https://news.google.com/rss/articles/CBMiggFBVV95cUxNVFNZN3RJbHRrREJIX0N3djQ5b3A5elhlUHNiV1M5c3lWVl80bUtJT3YtSjdocTFwMTNlcWFKajdXYUJaYk5vSDFubjVyWWFPalUyS0VKZnA3N2QyTmxUdmMxa1BLUkpuSHdKZlB5VklnWmd1VXZSUnhJdXpfWWNEYmdR?oc=5
SU.TO,2026-02-10,Suncor: Value Machine Runs At Full Steam (NYSE:SU),Seeking Alpha,https://news.google.com/rss/articles/CBMihwFBVV95cUxOa1Z5WW93S2lTLVRfZ1d4TG1vVHZfSExwOUVqMFM0LXhiWlVGZ2w2Y0MwWmpnVW9pQm1TWXpSb2ZIUHdSV1FDVHJUcjUxWE1nM0swQmk5Qngzc21hd2ZkV0lSQ1dzbVJZU292d1hRZ0EwVlZ4TDNxWGFzNUJGUnZtbzhTMFJaem8?oc=5
SU.TO,2026-02-10,"Top Canadian Stocks to Buy With $10,000 in 2026",The Motley Fool Canada,https://news.google.com/rss/articles/CBMihgFBVV95cUxNb0JLazdzWkZlUXRpQUJBVV9GUUFwampXU0JoLXc2ajM3cGtqWk1NYTBvd05mRnY1SWtlUXRjck1TOFZTWjZ5cEpkTmZxd2NpVkMxdzlIb0hya2t6QU9LOW03d0pDWFNIX1NtWVQ0QjR3X3ZNdkdNbTJ1NjQ4dDBSckRzSl9uQQ?oc=5
SU.TO,2026-02-20,Should You Buy Cenovus Stock at a Premium or Step Away Now?,The Globe and Mail,https://news.google.com/rss/articles/CBMi1wFBVV95cUxPd3EtaWRUTy1pOGFJc1RNZTRWWUMtTUYzWGtidWp5SXAyUnotUGY1blFTX1pJVnhWVzdhNXNkMmdtWEZ0R2pTazBTaVdER0dFQWxuYjhCZVV0ZWhJbVctRmM1ZzJBRW9jRjFOc2liOEk1QUx6TG5PcW1WRjg4VWVqYnM0UmVXSUw1aVNlMzVPQS10TVJWWTROY0UyRHZhdG1Ba0NiNWs3bElYMTliOGdYLUhiNm5ncUJxdmttOEJ6eWVoR2hrMENrai1ES1ZwcGY4dEwyUW85NA?oc=5
SU.TO,2026-02-20,"Suncor Energy: Buy, Sell, or Hold in 2026?",Yahoo! Finance Canada,https://news.google.com/rss/articles/CBMiggFBVV95cUxObjlGSzJnNGo5SzJPR1BrZmZDbXVZTVRDczVac0tpOGJ5LUM1WFB4U3JPS3N2WjJaYTBhZS1HNWxnTU5YWkRTdENJNTBmeDA0OXY4MEV2bGY4OXVXUkVLTk41d1IyVjByXzlCSi1hQ20wOGNYeWxtS29pSHk2MFZ5aDN3?oc=5
SU.TO,2026-02-23,Is Suncor Energy (TSX:SU) Pricing Reflect Its Strong Multi Year Share Price Performance,finance.yahoo.com,https://news.google.com/rss/articles/CBMif0FVX3lxTE9ORTU3bEtVblNEcGpKcXEzdFM1WTAydzBaZTlMSE9VTGtaMndPRFAyUHJEMFpCeWE5UkVfcXotZU9fb2FkYV9sRXlENjhHSWZqMUN0T1J5LVl0Rm9HVFRZd3lKdW9BVVZ2NGZvZmJPZTJBaVVKRWEwZjB3SUt5S3c?oc=5
SU.TO,2026-02-23,Supreme Court Will Review Climate Deception Case Against Exxon,Center for Climate Integrity,https://news.google.com/rss/articles/CBMiowFBVV95cUxPeGdoTGVBbHF0cXloQnNNR2NIMHZnaWk4Z3FDTzZaSjYwc3hkcjZiRzFLcUdacExTdmpTQjhSdGxMRVY4ZEFUcFItSEJkQThfY0Z3WHc1ZUJVMTFTMm81cFNaWjlnYWJXcFN0SjZjQTdqUFBwbkNpZXBxc0EwYnQ1WnVSVVJYWTk3eEpKb2xLM3VmdVYzVGFOWl9iYzlQdnFhVWdV?oc=5
SU.TO,2026-02-23,Supreme Court to Decide Key Issue in Fate of State and City Suits Against Oil Companies Over Climate Change,Inside Climate News,https://news.google.com/rss/articles/CBMioAFBVV95cUxON1FIQW5qcWx2UFV3b0NWdVo4VEFtdTIxelpycXJrWXRLVld5bVhHVkJ4SlVXbVExRG85MENQbXZXV091WGZKVHltN1pWd2kxTVZGU2l5czZhTWtvQ093eTFhYURpU0dSbDd0OWJUWjZvVGthdnBHN0h5akxMRjNjQ0JfN2I0ak90ZUlEZkRZVkhRNndpS0JQRkNoUWxTZG5h?oc=5
SU.TO,2026-02-23,Supreme Court agrees to hear arguments from oil and gas companies trying to block climate change lawsuits,PBS,https://news.google.com/rss/articles/CBMi2wFBVV95cUxPZzh3blpHVXQ4YzI5c0NzUUI3anlYVEltWUV4dzNSVmpwb3kwOG00Q0Y1dTZobjluakJKYURFaEFRcjM2TFNRS3ZsaVRnWEtKYnZrVjVXQmNJa0k0NVNGWnIxZXNSNzdwRTZjMDlwY1BkM19xVGgtcHdfdzF2M3JLaHFqTFV1MzhSUktZREhtdzNTZXp0SThmRW1pYWh6ZHcwaEV0Wm9mdXBQQmhkbzBudW83V3lsVjRUTllRTC14dHhXMEtOelJILW04LXFFRmcxMlVnMGFLZlQ1d0k?oc=5
SU.TO,2026-02-24,Imperial Oil stock hit with another downgrade as high-flying shares spook analysts,Yahoo! Finance Canada,https://news.google.com/rss/articles/CBMiywFBVV95cUxQZjlQNjRTRlU0d21qU1BtT3FfRnJhNUE2RUhldnlBMTRiU2UyUXlfMWRTVzFpdlRhWFBReEM4ZFJOVkdveGVRb051YUsxXzVJMTNPRXpCUDZIamU2ckZKYURPdVVPNkpHUlgtaDJVNF8zRmhYQlhHWU1PUWxwOHFxRjB3b09RSURWMEhmMHBIdDYtVzVSR0w3MkhHZ3ZrZjZZakFieTFOOHZlR3NUdkhVLVFuQ3FFU0VUdklvb2FwalJ4MnRpNW82b0xUdw?oc=5
SU.TO,2026-02-24,Supreme Court to Decide Whether Federal Law Bars State Climate Lawsuits,act-news.com,https://news.google.com/rss/articles/CBMie0FVX3lxTFBTbUYyNm0zbFFralRUS0J6WUo0YU84a0FIRlpHOEtQQk5VMWwwME93b2hlUmZBSm1wMlczb2FGcDZ3R0dpcW1lRUUtZ19hdXh2dURyNUkyS1dHZERzaENkOFdaTXM4bVNvTDNmdUhhTmtZTENXTW1UZDlYbw?oc=5
SU.TO,2026-02-25,Varcoe: Energy sector seen as long-term anchor of Calgary's economy,Calgary Herald,https://news.google.com/rss/articles/CBMihwFBVV95cUxNcmZSVzZXM1RHVnY1SWtvOFVfWVVhQlRvaTM3Z0hKRFFmMU1pMmxRd3RkaTlIckx1WmczRU81ckRuSzJOZEZtVnd2NGpTdXlVbWtRNktPSzJIalhIWkRFVTRvZTVDS2pNTFFDYlVUcjQzUHRzcVc0VFVBUlRfOU84aGJvODhTejQ?oc=5
SU.TO,2026-02-25,Top Canadian Oil Stocks of 2026,The Motley Fool Canada,https://news.google.com/rss/articles/CBMiZEFVX3lxTE9ETXBUaDRFeUQ4Vjh2d2N0OWdId21DOVQ4U2hheF80Yi1wR3p2ei1BMUo4SFFCRlFXNjQyZ2pxQWk4MWFYMnBwSmJvWUdkOFVkajNGRDdrekdJcEZwMWo3bWZYWFk?oc=5
SU.TO,2026-02-26,Suncor Energy files annual disclosure documents and renews NCIB,TMX Newsfile,https://news.google.com/rss/articles/CBMiqgFBVV95cUxOcktBYjdzT1VlM3Q2TDh0Tk1EWlgtWDJteHJ1Ym1HNkozdk0tYThMTXJPLVhYYld5NW1jWG92OW5mSWZRWlNUQlBBSW5qNWtGMUN0bXY4cjhiZFFRR3hmR05ReUhVRGJ3TXprcTQ0U0tLRkE4Nzlrc0VHZnk3d0xPSHV3TUE0bnd2S05MMEJNX2gwZU9Eb3ltOEZ0Vy1HWnctNEwtLU1vbmZidw?oc=5
SU.TO,2026-02-26,Why Energy Stocks Are a Must-Own in Any Canadian Portfolio: The Case for CNQ and Suncor,NAI500,https://news.google.com/rss/articles/CBMiuwFBVV95cUxQYlZidHhBbks0aTBZbWVhbG9qSnFaSGt6QXlnYXZMYmQ5VFp6VVdKeVMyS1RzOVB1UndvTDB4TVVnMnQtb0c5Z0pFdjc2Z0ZMbDhlWDFRS3UxOUtiTXJzMW1Fc2U3ZmQ1U0ItX3BWRlZ6VmppWVhRRkJtU0FVZ3l5TXV1ZkNRU1FQYTNVbGVSWGo0WEw5NzNtY1pxSlpTc1JNczBHbzBKSWRaQVl2QWVKS3c0eE9wa2MwclRZ?oc=5
SU.TO,2026-02-26,"Everyone’s Ignoring These Stocks, but I See Tremendous Upside in 2026",Yahoo! Finance Canada,https://news.google.com/rss/articles/CBMikgFBVV95cUxPVEVYaU5NVjlsdnlBTHV5S1pEanNsaVdTRG9JYlpNWmw2NFY2QW9HTE1XNmo5dnByVE0tYXU0TEV4TGpBMFgwb3FYdmFQbXdqQ0FKc2kybEVIbVVEcXlhZEtaUF9UVk1QRVZtLTlEVmVDNm1JS01RWUw1Sldsd0JFbklhdFF5ckVRTlV1b25wanI0dw?oc=5
SU.TO,2026-02-26,"Got $2,500? 2 Energy Stocks to Buy and Hold Forever",Yahoo! Finance Canada,https://news.google.com/rss/articles/CBMidkFVX3lxTE1odmtPVmM0cG5na2N2TzlDcGdqNEdubDZ5X25hS0VZOGNfX0ZWQkh2TjVFc2JjT3JHaGU0WHpjdXhqU0NkcGFiMnVHWkJlM2ZldHBPSUxFcnczNjR1VGIycDIwY2VKY1p4TFRGbXhOQ2pXcDBUd1E?oc=5
SU.TO,2026-02-27,Energy Stocks Could Be Canada’s Secret Weapon in 2026,The Motley Fool Canada,https://news.google.com/rss/articles/CBMijAFBVV95cUxQYndCdVZKSFVybmo1RWEyZUM1cEhWcTNFb1hCU1c1akRNb2dhLVFJNERYYzFWWG5IUHlOQlV6c05jbTFONFlBRGJHSThad1NaRTVQUFYwYUVTbE9OZkN5TlptUVN0NnZSOEIwazJ5NjFUeDJ0M1R4dmtEWmJBM0U4OFZIRE05aW5aa09DTA?oc=5
SU.TO,2026-03-01,Veritas Downgrades Suncor Energy (SU) to Sell,finance.yahoo.com,https://news.google.com/rss/articles/CBMiiAFBVV95cUxQa2pYRGZZYk52NE1UUVU1bDZ0ZUU0RFBuSnFoWVhMZjNRUngxNW0tamlKU0czYk1vdWN5V3lpcW85RDJYOS04bE5JeUQ3a3dzdjg4bTNGTjlrRnIzWlROSXRqNW9SeEtScnNwZV9RWEJScmtXdzQ3bzB3clRYZTd3b1d0QU5VaVlK?oc=5
SU.TO,2026-03-02,Suncor Energy: Should You Invest in the Stock in March 2026?,The Motley Fool Canada,https://news.google.com/rss/articles/CBMilAFBVV95cUxPeEh3SFFJSVdCeU1hamk4Um9XbkJMbTdvRHJPWjE0NFVqUTRFaEJYc0Vla3Rick0xeDFMYUNjc3NIR2dHVFFkTVZVbW5haWMwRzI4ekhzWXh6ejBpekEyZEhnYnQtZWZUdnNNeEx2SUxRUEpybk5BMHUtQ3VyaWgxejQ0Ym9BaVJaLXRRbnFsbjJwemxq?oc=5
SU.TO,2026-03-02,Suncor Energy (TSX:SU) S&P/TSX 60 Declares Dividend,Kalkine Media,https://news.google.com/rss/articles/CBMikgFBVV95cUxQdGVGcU5RRFRWb2tKQ3BHdC13YUpfNDVYckZLZmtMLXZjQlJjblg2UkpqOUJsTVlzMHc1ZlZiWWFHNXJrUm5hem9BZnJyY3pfcXJsUUZ2NFBHbVViYUtzdUhVMVJ4WG15elFyRHVTVUlMYlc5X1JNb2oxd3M0NHdDVTliZ3RIcTRTZ3Q2NFBXcHBJdw?oc=5
SU.TO,2026-03-02,Oil Sands Stocks: How Suncor and Canadian Natural Stack Up,Yahoo! Finance Canada,https://news.google.com/rss/articles/CBMiiAFBVV95cUxQVVlMTU40UnQ0YVhEcGtiSmtERWgwZXBCN3JZSU5zaERzdjRRYl9QRzlRaGRVdWcwdE5qSGdNc01mNTE1RXVuY3NVdTJLYmRTWFN0LTRMX3A5Y3d1blRUQy00ZUhsUlo4MTQzVFhUMGZ5YjF6NE42cy15OUxWd3hQTlJrN1JaWHJu?oc=5
SU.TO,2026-03-03,Suncor Energy (TSX:SU) New Peak Signals Energy Sector Momentum In The TSX 60,Kalkine Media,https://news.google.com/rss/articles/CBMitgFBVV95cUxNMFlWTngtSlRKcnBEUGhZRHQ3LU8wMVM1SFZaTWM5bmc1eHdsd3ZoUThBN0NYUUZYdzlnUnNOSl84THFrZGFDcXBheENaR3lhTXAxX1dteUhLdGk1VVRqOUxhWjJKQ0IwN3o5dGNqYS1ubDZmZDdza04wVzFCZGNwTnk5a2dhWHJ6WlBwZFgxVTc0RVFYVjQ5Tmx4MWNvaWFCalhSYU9uU3luenJKRTJxdFJrQzhFZw?oc=5
SU.TO,2026-03-04,The Best Canadian Energy Stock to Buy This Month,Yahoo! Finance Canada,https://news.google.com/rss/articles/CBMihgFBVV95cUxOc3FuQVFmMEtTcndWaFNJNUswQWVYUlBKQklxTVlnUWFmZkRzMHo0ZWJhRzNENi1Yci1iSmFiZmFDTGIxQVUzeDhxSlZfZUZhdjZCdk4waTdNNkpKSEU0M3NmRjJlbi1OQjdIZUZfNFJqOFAzMXV2N1pUUnZTZkU0NVFJYjE5dw?oc=5
SU.TO,2026-03-10,A Canadian Energy Stock Poised for Growth in 2026,Yahoo! Finance Canada,https://news.google.com/rss/articles/CBMijAFBVV95cUxPQ2hLblFqM25wVzZNSGk1UFlvVXVJZFp2MXo4X1lqTWJQUDZ0TGh4aVNrRm5pN25XZTZjYld2bFlzNWJ3YVlKTThjdVE1UUFOOERwaUNyME5iUDRyTEJoWVRhZTZQc0lBeWdfTGJnYTczSnc1UlB3dmhCWENtRmdWZnBKWnRGdk5kVVR2dw?oc=5
SU.TO,2026-03-10,Korea Investment Corp trims stake in oil sands as other major investors increase holdings,play 103.7,https://news.google.com/rss/articles/CBMivwFBVV95cUxOaTU4VGVLMEc1eUNlUjJJMmg0Z3N3WnJDTHdMRjl5ZGlsQnhJRUE0WmRyYkhGaG9CYXljalRLdGZHVE0zRnJwRU9rTDJwY0NnY0hqcHozT3g5N3ExVDZ5UkVTdVhoUDk5M3ByQ3ZLZWljQzg0ZUc3YlZWSkUwdEtMa1MzbUFqNjVibVdXY2F6cnNPMmpNV1RNd05zaV9XcVJpM2RlbmxEY3AtdTRWaE1OeElaeEM0TGNJenFKX3lEVQ?oc=5
SU.TO,2026-03-11,TFSA Contribution Season Is Here. These 3 Canadian Energy Stocks Are Worth Considering.,Yahoo! Finance Canada,https://news.google.com/rss/articles/CBMijAFBVV95cUxOb2Y5WnVlaEtYNndyQTJJSVg2a3Zrdm1McHhhaml5elBGQkRWR1ZyT0pSeHc1R1BSdDRPekRHVjZvbGtZdWZsZGhXY0xSMjZfcDFaT0Q3aXlmeU53amJGRUQxOVZvQnNyMmtLUWJQX2IzM0pDVjFWS2liTUdfZ2kwSURWZHAtV3JUZmdUOQ?oc=5
SU.TO,2026-03-13,What Is Driving Suncor Energy’s Stock Performance in 2026?,kalkine.ca,https://news.google.com/rss/articles/CBMimAFBVV95cUxPWkZuNzAzdW83T21aNGl0dXU0dHpmRnJHRXJFREhfTVhKTXVyNXQtM19TdVJaRmxsRFEwVDcwdTJCbGs5M3JYQ05Va1I2V18wUmZWTnh2U2I3Y2lvYnBEd3drQkZ6TFliUUhIUEd5cDZVZlg3ZVBBQkF5MHllTGUydDZHVHZld1hEYnpWQVB2MFRhc1lvRURrZQ?oc=5
SU.TO,2026-03-13,1 Undervalued Canadian Stock Quietly Gearing Up for 2026,The Motley Fool Canada,https://news.google.com/rss/articles/CBMikgFBVV95cUxPZTBnLVZ0dkxRYnhYSmFySlR1VjE0NHF3UnVMOEI2MmZNMFViWklDZHlQUVZ3Y1ZCTGduV1Qtbi1ZWDJ5RjU3LVdZSjk3MFBpWVBnQnJjblQ1UG5UdXpzVXZQd09zbEtwX3haYzB4bW5iM0lLd3o4YTlmWXRWcjNJY1hHUEEwcFhnOU1GLV9MUHhBdw?oc=5
SU.TO,2026-03-13,The Canadian Energy Stock I’d Buy Right Now — and It’s a Bargain,The Motley Fool Canada,https://news.google.com/rss/articles/CBMilwFBVV95cUxPeVNBcm9KV3Z2MjU1UTMxcDd0eU83X1BqMjNTZ1RSZllHcGZMVHpSVWV3ZU1FXzZrcHNveEFuRWd2LW1wUlNmVGwxOVhWeGF2bnlwWWtsRVpRSHZrNUx5dGVsdkdKTTg0emJRTExQUlhpcHBJWHVWUzBFQmtFZ2NGRDVPUmV3VUdkQkFiX3FYcjJvV1Z4Wk1F?oc=5
SU.TO,2026-03-16,"Suncor Energy (TSE:SU) Stock Price Expected to Rise, Jefferies Financial Group Analyst Says",MarketBeat,https://news.google.com/rss/articles/CBMi2AFBVV95cUxOYlVOd3JCX0ZJRklJQmNrOThVcWdSUnRqQmM1ajNMM1c4N2FrVEpIcUxLdmx3eGUyTDg4M25CVlhLRUUyak96allfRl9vU1BEM1I2QVpDMmNvbmpEY09KRDFNdC10MzJCazNHV2hRRWd4VlFOMGFvQmNSUmJtLWQ2YldLb1Q4c09lUlJaUU9yN21Wa1NfR2d2WUtseWRDM0p4SkQ3VjVlcTJEdTNMeVNVN3NKQmxXYWRzUF92dEdkQURxbXhLU2dQRzNER1QzRE95NkVfOEtjZGQ?oc=5
SU.TO,2026-03-17,Suncor Energy to hold 2026 Investor Day,BOE Report,https://news.google.com/rss/articles/CBMifkFVX3lxTE1JZ0MwOHQyczFNUTd4REpVNXluMnVkMS1iakRfVVlVeVBtWVQ4clZod1N4SnRsVkJfMG9WVWc5bUJOclB1WlNranJUaW8yanFER3NxM25CX2doYmllQlBia0tjaWdyTWtITHl5UksxMFI0V1BsNkVtVHhRSk90d9IBgwFBVV95cUxPRjY3aE1kTVVVdE9fa3JGLWZlUXQ1cU9XLVJtNEZER3lQbzZINFJIcmJTZ0dUX1VSOGxEMjdHb2FKMG02WmlqX3RFeU1PS1JEYkxoZG9HU1p3VFdKcVdnVmthR1A1b1Q0MGtXY0dsUFNncVJUaXp3VlJ3X1U1bzJmQWtsbw?oc=5
SU.TO,2026-03-19,"Suncor, Enbridge, or Canadian Natural? Here’s Which Oil Stock Makes Sense for Your Portfolio",Yahoo! Finance Canada,https://news.google.com/rss/articles/CBMijgFBVV95cUxQalhvdWswNkxTbDNMbHZwbFFGUmVjbmE1OVI2Mkh4NU9heFZwM1FtYzFFbExSOTlsLTB3REU4OTBlel9GOXhBeUZCb2c3Sk5VeUd5UkE4T2EybGhPbUttRW1ZekxOb1Z3TkhIVTg1T2JWSTYtVkpEazhYQ2tfcUNWRlBIQkRaRXl4R1JwVlRR?oc=5
SU.TO,2026-03-20,"Suncor's global head of market and trade risk management to depart, sources say",Reuters,https://news.google.com/rss/articles/CBMivwFBVV95cUxOWlNRY3ZYak5RX1VnMWEtbWJ6SjFURVdxRFBBeWVMNmIwYTdBQm1pOVhuRzg4dE0yLWkyTllBOVR6QTJfWUhwVmNMQloweVlEUDgtMGdnUWN3b1lLaExvaFBUN3ZoUjNBd0ZxSXRyUDRLNlBkMDF0cVA3aGZJRTZ2LVRtS2FuM2xWN3MzOVgxWmsycEhSM0Zja0dXbnV0amJUcEdicjFueHhFVHFYeXMwWnRmZDRXWjlQT3lQNkdfcw?oc=5
SU.TO,2026-03-20,Chevron vs. Suncor: Which Energy Stock Wins at 52-Week Highs?,The Globe and Mail,https://news.google.com/rss/articles/CBMi1wFBVV95cUxQQ0Z6Uy1TU2l3QWhGNlZtYTFKZXUwUlhLMmF1WTBDYWFPY0RPUnF0R1dtSE9TNHE1ZWNEZEdjNWN1c3VVUVc1X25VdktHRk13dGk0RHZWMlFTcUtBcXRXS3RVaWdNajYta2owc29vcE9kaDJ3VmRJZ0JETlpfNGljN0J6ekptMlctMktjdHhIODN0SWFtRmsxcEZiUVdqU0lhWDEyQnRCUzhTdnYxUV9yQ2VxUTA0YXZiUmdkR2dWN1lHdFlFOTBqbzhfWGFhNzhCeHBCMmhJaw?oc=5
SU.TO,2026-03-23,"If You’d Invested $100 in Suncor Energy 5 Years Ago, Here’s How Much You’d Have Today",The Motley Fool Canada,https://news.google.com/rss/articles/CBMisgFBVV95cUxPOE9maHloQ3Y2TXBqbUF3bHpoRE9tbmY3Y3ZxTUFQemE2czZ5Q2lMM3FaUkwyRVdLTEUxRW41akJsWW9PekRyemtaQy1XbXBpQmtHWGFIQ2hlTmZib2RiRHZrdlZhYTZaMXdMbGRXdzNLUURIaHN5a0h2ZVZ1N1Z5Q04zbkdSLVRIMmFvc2NsSkd4VzNEczNFYzhEU3FQZzBWUjFZTUlKN3EwY3QwMDMzbklR?oc=5
SU.TO,2026-03-23,Suncor Energy (NYSE:SU) Share Trends Capture Growing Attention Across TSX 60,Kalkine Media,https://news.google.com/rss/articles/CBMiuwFBVV95cUxNVWdFczROT2JxZ01teWZ0Nkk0R3h4eTJlU3VnQ1hncGhobk8tVzJYZUlaQlVnaHA0SUpsNTV4c0pWVHhjbjJpUVVDVkFuZTZvRHNyOU1XbzBqdmltbTV2d0Y1eloyeFJaOGkzbDhJYkVBWjNESHVMUW9nU05EWmdGYUFQdWdudEg4N1ktVmtjbVNJdHZqRkN0YWhUN3FlTmJYeU1pcEhERjVvTGMxWHVmemIxZWh0eUJEVFhV?oc=5
SU.TO,2026-03-24,Suncor Stock Gains 49% in Past 6 Months: Here's How to Play,finance.yahoo.com,https://news.google.com/rss/articles/CBMilgFBVV95cUxOR05iSzB1bW43eW5oYjJXalJCQ0hiSTBQZEhaSGVJNFVyNEdlUjZPSnN1bThsVDJPTGE5UzNONnpBMldxT3o3SXVrTnNKZHNJc1hOVW93R2xrOUpkYmJ5SVJrZXo3YTA1Z2pjbzNZa2VKM2xLTnBoX0gwYXM0ZW9KeG1LT01iNjJ5d1FOTGkzaXVoWGhMNUE?oc=5
SU.TO,2026-03-27,2 TSX Stocks I’d Buy When Markets Slide Again,The Motley Fool Canada,https://news.google.com/rss/articles/CBMiggFBVV95cUxQSTlBT2RDUDhvbmt5WV9GSGhmYnY1VnZLb1FQWlBQbWs2YXU0WWlKRXV1RXRyZklYaVpjcnUzT01WX1M0NmFkYlk0cF91d1lyMVZsWHRYSDRHcXZXUzRDbDc3cm1ldVg0aTF1em5VSzd2MzZ6TE51cmk2NnlUSXlNWjZB?oc=5
SU.TO,2026-03-31,Suncor’s Big Pivot: Still the Blue Chip in Canadian Energy?,NAI500,https://news.google.com/rss/articles/CBMikwFBVV95cUxPNGJJT2dBNmFFWjhwZmhXZTJoOGlnLVhpTFdYcV9FVExJOFI2dWExQl9NWkNCd2VRbmtBZW1YRlhJdGtGZkJQNzhwMERtLV9iWVBWRXl6d2NwYk5Xa2ROdkFyUWt0MEc3TnU2LUdWcmY1WnFNS2tUVm1MUzA0MlVhWU5IOW5KaTRQNGRCOGhDd0w3ejg?oc=5
SU.TO,2026-03-31,"Suncor Energy increases shareholder returns, publishes 2026 Investor Day presentation; files contingent resources report",TMX Newsfile,https://news.google.com/rss/articles/CBMi9AFBVV95cUxNT1FVTDNFLXk3eVQzVmNOQmgycHllTmNyeHB2UDBnVGtyMV9sQy1XekFrTS1rcS1vSktBcEFjbmNLSUZWTkZwN1ZpM2JrY0Y4Y0RsVFFxc0VJa1FQSFZVREZ0M2hiV0Q2XzhYbGhxdm82akxfeVZJNnNENkNMcU9ENWd5eFlGcVVNRUpFZHU2TGFYM3A2VHVuZDk3d25DNlpYOWxFem1zZWNVcjlRZmRxaXdPbEl3WGRSYkhhOFRPTlRhVUpma2RzTHU4UjFKNk5GeWVtbjF6RUNXeFZrM1JueVRrVC1UQ25pclFzMFVILUxDa05a?oc=5
SU.TO,2026-03-31,Suncor Energy Inc Slides as Oil Market Uncertainty and Operational Concerns Weigh on Performance,kalkine.ca,https://news.google.com/rss/articles/CBMixgFBVV95cUxNV01uWVNOSzVxTXNUSzVVZy1uM3RIb3p4aFdmSGl0QmVwb3FMMXJITllkdlNfaENzYXBLa2VKcWdfaWxzeW1aYkNmZkJuSXNWMGNsTzluRXNSRkZFaWlEMTdlcGRnbnp6S2FLT3VQMXUyY3FNWDkzUy1wOGFRLTZhM2tEUUdIUWxDN0R2bXRSZG9veVVrcHZNX2RBemQ3NE42TjNwSjhiSHA3N0M5cmpBMWhlckRLbkVGcjdnQjV4VlRCYXFxOEE?oc=5
SU.TO,2026-03-31,Suncor Energy says its properties could produce oil for 95 years,thelogic.co,https://news.google.com/rss/articles/CBMimgFBVV95cUxNdTNNUFJicmVVanVQZGI0UUNNTzFlWXZfMWwxX2FCZkpKQUJfSG1iQ3VJRGRWclBGeDgxZmt0VWJOSmlCU0hUS2c1YTcwSzJqV2haSzBFNHo4M1RiUmNGTG82N3ZVVVc0TW80LVh0dlJHUkNwVTlaS0lkUmp1VWVVck0wTEVMYzJrMVJydVFmU0hWZktKY0FlZ25n?oc=5
SU.TO,2026-03-31,Suncor reveals expansion plans as key oilsands mine enters its last decade,Yahoo! Finance Canada,https://news.google.com/rss/articles/CBMiiwFBVV95cUxOMlBuZGxNYXJELUdUb0pzMlVaV21Xa1dkLWtEb2VMZDJaUzRaZFhnMmRST0otQmRqTmRKXzRpTl9PZVdKMUs2bVRDQThzbnpmaGtDMHJuWENxdEY3S0dzckJWMjJHRmQ5Zi04bUNydHRtVmJGdkkta0hpMFhxcUMzU3hzakF1c2JSeHpv?oc=5
SU.TO,2026-03-31,1 Canadian Energy Stock Set for Major Growth in 2026,Yahoo! Finance Canada,https://news.google.com/rss/articles/CBMiggFBVV95cUxPTExzRV9WaXZkZEk2NzVseE0za2dXQjYwSkpiai1RZXpobGpCX0lGVFhYV04tT0ZJMG9WWlVhemlZUUpJR0VEZkNOSjFrUVRGcWZOSWliUW1PQWtlR3R2N3ZBNzd5c2ZIWVZTTTVrQ213XzktVWE2czREaElHal9XTVhn?oc=5
SU.TO,2026-04-01,Assessing Suncor Energy (TSX:SU) Valuation After A Strong Year Of Shareholder Returns,finance.yahoo.com,https://news.google.com/rss/articles/CBMimwFBVV95cUxOVWhub29Wc041SktEV1pOZ0U3OUhBZ3ZibVU2aWtUQURMN0lBMzlQY05Xcms1T2NRbXplQUpQcFVELXFjcm00ME9vRW9BNXpQWFl2WG9aQmRwLTA1YzJJZFBYQXpEaldnUWx3WkJnM0g2b0hsZDNHS1pmczRNcXctbDNFUXFPTndLUGc4ZFRNTTMxS0llT045OXhnSQ?oc=5
SU.TO,2026-04-01,The Daily Chase: Suncor’s increased production plan,BNN Bloomberg,https://news.google.com/rss/articles/CBMirAFBVV95cUxNbGk4RXVsWnFlQXRYMXhicTM5OWlUVWY4MVhkY1VqVGQ3eF92SUFQUE01Rzgzbjdlc1FDVkZzOGlsQXdwREVwVUNDQUw4Rnh1SFl0by1sUGZWS3dVZXNHMWtUQmp3dUlwcE5GcGEyUTJZUWM2WVBraW8xVndnZk1mZkJCRWRJV2RDNGN6eE1KYTljRW1xZTN1ek1USW4tT2VWYlVVUThGSjY1TDlV?oc=5
SU.TO,2026-04-01,Suncor plans major shift in focus to in situ oil sands output by 2040,BIC Magazine,https://news.google.com/rss/articles/CBMiugFBVV95cUxOZk8wSlZSNXlBZ3R3V3NtblVtbTJxYlZKMUJiLUxfLXhxMHNQd2ZOU1ZaUFppWlp2VGVfX3E2UV8tVU1ScXpsb1BlejRiaXdSQXpCM3FMaGlmN3piNVhDRVpJMDRCT2V3YzNiel9makotM05rbzdtRmczUXZxc1pjY1R0UWVycUQwRkdtR1lYc2hnRUh5MzdHbGhHY2RmY3JfeVZvX3NPSWF6MG12OEpYd2c3cXBHQXlmN3c?oc=5
SU.TO,2026-04-02,Suncor Energy stock trades up as bullish technicals meet strong earnings and buyback renewal,Traders Union,https://news.google.com/rss/articles/CBMimAFBVV95cUxQc1NkWk5GY1V4SGI3THJOdkhXVVEwM0ZFbzVvaTd6ZWlEQ3JESDlkQVZ6QlpuZEk4dHRsQlNmc1hJN3BBTzZnV0FCLXVrb3llRW1DM0JWbkFzdnl2bl8xRGVWcWRLMkh5X29pRFhzbHFfRkxsY25jdjFaekxfRHdFRXFLbnBiSWZHTjNXcFNOd09NS2RHRmJmSA?oc=5
SU.TO,2026-04-02,Is It Too Late To Consider Suncor Energy (TSX:SU) After Its Strong Multi‑Year Rally?,finance.yahoo.com,https://news.google.com/rss/articles/CBMimwFBVV95cUxPdE5ERFVNcnJxOHNBbXdFT3RPdkFSRWRlV04xOWp0V0puZGxubFRRRVpMLVlrQ3hjQjBYdEp1aXB1WUh3bDN1cU0tRzlJSjh4U3piNVY5NU9RRDJsbXZpRkdQZnNPQURHNnJHV3NocmltQXRycktBLThmcWc3bGJrOW9rcV80T2x1Q2F2WFkwMDNCNmJmeW1jOGJIMA?oc=5
SU.TO,2026-04-02,Here's Why Suncor Energy (SU) is a Great Momentum Stock to Buy,qz.com,https://news.google.com/rss/articles/CBMigAFBVV95cUxPTGZoa3Q4U0NqcDU3V1Bta2pqXzZVZGdsODlZOS0xcFUwNVpOWlRkOUgzQ3hBc1JoUC12WklMWjJMQ0FRRTR6YWhXa0VFMDdBTXFPSnZFU196Q2w2NUp3RXNUcGNIV1hCeW1PM1FYaGVXWm1MMWFJU3BReG52cmJnYg?oc=5
SU.TO,2026-04-02,"Suncor Energy Inc. stock rises Thursday, outperforms market",MarketWatch,https://news.google.com/rss/articles/CBMiuAFBVV95cUxOdVVvN3Z1dEtuSlpaLWxDZjZQdXJxdXRTaDlVWEsxc3JOak9Zc0dpM0Y0SU92U1V5WVA5MW8xeERhWWI0RmEwMzVlQjBjT0hPaG1uc3R5RFI0eDZtaC1fZVQza2RfZXBsR0x6S0hNOGZQVkx0a24tbTJXbmZJX29VZ2UyYmtTZzNYVGlnaEE4LW94UFBYaTFjY2RSeHhzY25ZaHk1U3dra2QwWS1RUU5QSW9hdmhBS21t?oc=5
SU.TO,2026-04-06,CIBC raises Suncor Energy stock price target on operational momentum,Investing.com,https://news.google.com/rss/articles/CBMixwFBVV95cUxNTlcxX0VjZm1BTlQ1N3BaaDhlTTZRMTY5OVVaVU10ZlFGSTNUT3lULThjOHUtS3VyalVQT1V6WktXM05YX3cxVEJKLUpsZ0N0UWNjeXpJNWNvNmNqMGpNY09yN1d1Yi1fMnRNUnhrd25la2hSSmREY0RnaERGalRUeW5SYS1Vc1p3d3hRRHJmYmEyeHZDVTdseklVc2VqWVQ1TXVGVm42X3QtRWNfNExZZmJLSy1QbHdXZnF5c0dTaXRELTY3aFNN?oc=5
SU.TO,2026-04-07,Suncor Expansion And Buybacks Put Elliott Investment And Valuation In Focus,finance.yahoo.com,https://news.google.com/rss/articles/CBMipAFBVV95cUxNUlNmWDIxd0ZHckNKY29rbXQ2R3hVT2VCUVhvQTc3UW1PbktIa0FraC1LMnFXS1dnOEZLTzdaV3M1ckVqTjdNRlcwUXlXUVcxcjlQYk92Rzh6NUZRSXhCY0ZwZkhSWDZkclVBQTUxWFRpSThyZm12WU9mLTU0N21WYmVHRWtHQUdzaC1qblRnMUhuS0RhS1ZFelRnWTFJVVB6RERHUQ?oc=5
SU.TO,2026-04-07,+1.62% for Suncor Energy stock as major improvement in safety and asset utilization draws investor attention,Traders Union,https://news.google.com/rss/articles/CBMimAFBVV95cUxQVlNGMXNNSUFMZkFGNFQ0ZVI3UWpHV1VlR216NFpDVGxBd0xzYkpBcEp2ZTJKNXpObmdwcUNoWXE1d2hFODVWSUZtNWgxSEp2c2hMUmRtWEVaVjNOZFpuRWg1VERhQkxMSzN0c1RySnBkMFp1V3JvakgycWoxaFV0TnRjSURob3g5eEVCSmNyRE84VG4xb1F3MA?oc=5
SU.TO,2026-04-07,"The Stocks I’d Choose First If I Had $1,000 to Put to Work Right Now",The Motley Fool Canada,https://news.google.com/rss/articles/CBMingFBVV95cUxPTkR5WjNldEJVRGo4Z3pCMVBSaUNWeXk0SXNBaFRRc1dLWnNhRmpnaXV4SW9VSjlSTTNPRXhuQVdYb0VoN3d0V2ZmTzFpeVlrdkU3eHlZcXpGcEVOZ2RUYm1yTzE5aUF0Y2hXZ3JnMUlCSnRuOHZaTFhHdjRKTFRJc21NcEItM2dlc0RCbWJoYzFyekVBdnZYSFpQYUlldw?oc=5
SU.TO,2026-04-07,Suncor Energy Inc (NYSE:SU) Shows Bull Flag Pattern in Strong Uptrend,ChartMill,https://news.google.com/rss/articles/CBMitwFBVV95cUxQUjJPbHFYcVJucjk0Vl9QMEs2dElhc1RpV0JYYk4tWU5Hb25MRkhYdTQ4d1JYdTBGWFhBQUhZeW56TFZwMHdqazAwUlZScTY2OENJMlFndnd1QjlNdG01OXZ4OFEzTHpOV0ZFQ0Z6WUdnMmc5T3hDV3JtUEh6NDBUQ0txZDZyWVh5b0l3VHhDcWhKS2RXT0lvSGtPVl9BdTk0YUl4S3ZuYmpNV21KOV8yaUZRbnhBTzA?oc=5
SU.TO,2026-04-08,Suncor Energy stock price forecast: C$87.50–C$90.50 range in focus as SU slides 4.34%,Traders Union,https://news.google.com/rss/articles/CBMingFBVV95cUxPZGRHVGE3QURtYzhaUVZVSEdUd25xcXMxSEhyU2RxcFViRnA5d0ZRWllHemcwTGVERFdmM2dlREt3UHZUVDI3MHFtWXFzU2hHNGtSRHljYjJHdFVHaEpNSl95Q1JycEJSRkFBSmVVY1d5Z0pTUk55WHBZdHl3NXhiMzhJUzNsUE1xYzJ4LWdCTHJDRzFoUzNaOGVuSGUwQQ?oc=5
SU.TO,2026-04-08,Why Suncor Energy Shares Are Suddenly Sliding,TipRanks,https://news.google.com/rss/articles/CBMijAFBVV95cUxNVFN2VHV6eDhySU5id1gzSHJRSU9YUWRLcktGMkU5akdxZWdPT0ZseWdKVzNXS3ZiLVcyT0IzUDVCOF9uRl95Z2J6a2tvczNwdUphdzN4SHgzUzFLdkdZN1owdThVamNSa1B5MExua2VuWE9GNlJ0QWlRSWo0d1NzLWFMdEJQTllxUy1uTA?oc=5
SU.TO,2026-04-08,"Suncor Energy confirms steam leak at Firebag oil sands site, says incident is resolved",BNN Bloomberg,https://news.google.com/rss/articles/CBMizwFBVV95cUxOZmxNZmJNY2k0azdTbWNDX1k2SEE3NnZwLVZfcVRFd2VCZ2lwUW1hazZWTXFLV0tXYmdDM3lLV3VKWFMxWk9NSU1OcS1IMDkwMFVpZ1RNV2NNLVFhUXdzS1p2WTR5czUwdHBTU20wWlI1aE9tVkRjZmw0U2tfaHBFMDJDN3pvNVRkY0hydFRaMEdFWG9vZFVXN1ZaVE5xNml3eDFLVEs5VzVTMnE5bW5zUXBfRDJ5X1YzeWdVcmpHeE5LTFFzWlRLS25WelhsY0U?oc=5
SU.TO,2026-04-09,One Canadian Energy Stock That Could Be Positioned to Grow in 2026,The Motley Fool Canada,https://news.google.com/rss/articles/CBMinwFBVV95cUxNR3lnQjZiT2Foel80dE1kQ2dfVzlxYUtZcW9WVWpBbjE4b0MtTVYxa3pGOEc1NGJBLVpGMW8xcWJNRDJDeC1HNXZwaFgwYXlHNlZHWmd5T0w4ZTI3b19CR05IRElaSGJKQTk0T040YXVaUG5zUF84VE9EZkF6VmJ5Wll2TTJSNXctdExpcFBXMTRLYUVicVRYazdnM0t3S2s?oc=5
SU.TO,2026-04-09,Suncor Energy stock gains 1.34% as C$23 billion buyback and dividend pledge boosts outlook,Traders Union,https://news.google.com/rss/articles/CBMimAFBVV95cUxNSFR3OW8tUEFja0w4S3F6SHZkMFhfamJ4bFBiM1Z3QlRHdTgwQ1d6UlJndmhpaGllVDJoV3VGV1RJVnJURTNBdDlOd3hSdjM3dDhodGVxOGpBQUZZMng4NG9sVXVhbGxFQWxnM0V1dVNQd25qU0NXV05zcWZjQkR3V1VINUdOVHVuVVNDM2NPcGExRGRwa0JCQw?oc=5
SU.TO,2026-04-09,Selling pressure pushes Suncor Energy stock lower in today's trading,Traders Union,https://news.google.com/rss/articles/CBMingFBVV95cUxNYTlmbG55ZHU5SjNJZWdELTFiaGJJYWRjMHdZNWY1LWZpMkM2Q2VJWHJGc0Q5cTluUzlnTEM4VkhfemlkcldhdmxuSFRDRk81b3hiRVBaV25pVTl6eGtIaTU5UXJrbHE2Um1VQnVZT0dxbEJFTkd6NXBMLUVfUGxDTFlyMVhHd1I0cGFVdExUT3pZc0pSTXdWT2UzQ3lqZw?oc=5
SU.TO,2026-04-10,Suncor Energy stock price forecast: $90.50 resistance as SU trades flat,Traders Union,https://news.google.com/rss/articles/CBMilAFBVV95cUxOaEdRQnFCbW5BUzVZNnZldWpCSnNXXzg3UnVteW5oUHg1MDFRR2FjWnltUG5PdV9PbFgwV2xQUy1LNXFFbHhFRmhrdllWX0ExQU9IZl9YZVdIQ055a1o3MTNWZ3JhTHV0Q000SHhLQ0FkRzNlcmgzSUxrVHhySFZGS2QyQ2NBMEdOMmFxdzRDdkNld3FI?oc=5
SU.TO,2026-04-11,It's Time to Take Profits on These 2 Overbought Energy Stocks,MarketBeat,https://news.google.com/rss/articles/CBMingFBVV95cUxNbjVaVVVOcFBKLUVKc1RUU2FhSzRJd1Q3YVNiZHRpT0lJUWRkVHRJTFYxUHF2SU9Zd21Rb3Vmb3dCN1BPQ2h1UnY4NTlFZHpnVHhITldRdWpVOV9jQndVaGY3T2phelB0RmVtR0pxa2dvdXJCLVBzT3dwSFZOU1c5bElUNFJISTlLVVFZbEQ3MEhBd3RNZ1M5cTZLTEVvdw?oc=5
SU.TO,2026-04-13,Suncor Energy Drills Through Global Friction,marketscreener.com,https://news.google.com/rss/articles/CBMingFBVV95cUxNaGhxS1drOTlaSURVNDJQV3d1SE5oSmlMSXB5S241dE1yeENMM2xvVW5XY0xMbVdjMzJBa2hSQ2RxRUNjTzFpcElXRjN2eTZERFhaM2Y1QzRVaWF1cHpXell4NVhCaTV2SW5FX3Q0azRwbGFlRVFEVVhnTEJQOTM4d090LTVLMFNQTGNhdVg4RlBLUmhLcmFDY1U2RlR1UQ?oc=5
SU.TO,2026-04-14,"The Canadian Stocks I’d Buy First If I Had $2,000 to Put to Work Today",Yahoo! Finance Canada,https://news.google.com/rss/articles/CBMiggFBVV95cUxObWpHTVRKZldlX21xZTlPbzNFX1c3UnlsZ1dGWFZxdlktZkh2SGxyRjdkZFlvWHd3WmkwY2J2OXhIR0JIakU2aTdjUXRHQ09BdWlmR1JveTJFQS1YUVh2RTM0MVlzeVFNTFZncDZacjNfRVJnTm1SaGlxd19YNlVNR1V3?oc=5
SU.TO,2026-04-14,Suncor Energy stock slides as revenue for the quarter misses targets,Traders Union,https://news.google.com/rss/articles/CBMingFBVV95cUxNZ3pMODlkNnBIcHJMci1QRHBVUWFTV3JockFFSzJZd1JwazZ0VzJ4ZklzMG1qWkphbWkxcFJFRWQ5Ul9MSEVtbXdjbUoySTVmTVpLTzMxTWVVWFM3b0g5ejFlTGo5dzR5eTFEUW9JVlJucTh6WVlFeXdCdDdvZGgzREpfa29Cdk9EeVBLbkJSQ3dTOGtyMkxEWVBuUEhGdw?oc=5
SU.TO,2026-04-14,Two Blue-chip TSX Energy Stocks to Buy in Stronger Oil Environment,NAI500,https://news.google.com/rss/articles/CBMioAFBVV95cUxQUEdtTGhROFlRSmdSTHZCZWozQTU1ZFdLaE9vNGZCYUJJazVIZlZ5a1hrSm5oTi13LWVFakU3bUptYjZHeXhSZXBxOXFmUElLSTBxOTM2bzYyZDhpM3Ewd3lLdTcxSlliWlJvS0pZR0NkV05iOGVUSHdGMFhDOHQtNG1MUG44SlJZWTZqc3FfN0JmZ2YtOUhmQ0plTUdNZkp1?oc=5
SU.TO,2026-04-14,Suncor Energy (SU) Recently Broke Out Above the 20-Day Moving Average,Zacks Investment Research,https://news.google.com/rss/articles/CBMirAFBVV95cUxQVGhOblNBMUdkODIwOVNhVlh1UHZJOVBWbjQzNlZQY2Y2Ykk4Ul9sYUNKYkkzU1hPMmtNeWlreWU1SDJGTTNOSlFndk1uM1pxWUVNVzRsbngwSWtUSFVZN3Q3dnlvNGRVV1p0MTVGbS1COWZLek1mZEUxenc2aDZ2VkRYbG83c1JoUkhHQmxLcEJxY2taN2p0U1lWWkJyUS1GT1l2d1FYWm1NSnhD?oc=5
SU.TO,2026-04-16,"Suncor Energy (TSE:SU) Stock Price Expected to Rise, TD Analyst Says",MarketBeat,https://news.google.com/rss/articles/CBMiugFBVV95cUxNNTFmWk8wYmRtUi1MZFRZYkloNHRyM0tEVWE5NXhrcTlHYVQ3YVdmVTFhdGFaVHZhZFJYejNadTJnRlRsaUxoTEdxakxGbTMtLVlkS3VCVEVDM1NYbzB2RWR6T3FFWnZ0dTlzU2doMlIxNFBzTC1hSWxta19KRmc2VWY2aFFfWDg4U1A3a0RDaTVtYkhTWHBQRktPMTJWVzlUN0FqOUFUSjVMenBBUGRTd3ZnbUFBTm00cVE?oc=5
SU.TO,2026-04-17,"Analysts Are Bullish on Top Energy Stocks: Suncor Energy (SU), NOV (NOV)",The Globe and Mail,https://news.google.com/rss/articles/CBMi4wFBVV95cUxPdFB2TXdLTXVnYzUzZ0hDVzVQcTFoVEFhNkJqSmZRcVE1QWlvVTFRTFI5RFFRSzNJaC1ibFdoV1dFdDF0a2tGNjFjR3Q1a3JvS2RIVXhGTFNIVnVybkpkcTlhLWFBbnczWUV6X1BWT2syYkotMnRyWFdnVDYyTmF6dlFzc09qRDBnWm5nS1VLam0tOE9ad3c2bGI1TzltdWVvUEFTNXhWcVFiZW5lTVdoUnNFN3F5SjVtRHYzOVRIaThjbUM1dXQ0NUMzUDRfLWpySWNRdGFSSU9yUEhoVmtydnFTQQ?oc=5
SU.TO,2026-04-17,Suncor Energy Inc (SU) Shares Fall 4.2% -- What GF Score of 66 T,GuruFocus,https://news.google.com/rss/articles/CBMirwFBVV95cUxNOTg3bkRDcWxsQm9oMVNsVzE3cGkyOHNXaTdER2NndnBtdEFVN0V6VTU1SHJNcmE1M2lZSUluT2g3dEdZQVNlc2p5NzAtRnFSZXJPX0J6UzB1WWZKUFh4bGhrYUprbjlDeWRsR2JrbFc1Ty1uZ1luUlNxR01aZE1NcHFMNkpqZE5keUxWaGduYW95QUR1OW9wempRM3lPQzhTeUo3TE1Kb2ZBSE1BU0ln?oc=5
SU.TO,2026-04-19,Suncor Energy (SU) Price Target Bumped Up Amid Soaring Commodity Prices,finance.yahoo.com,https://news.google.com/rss/articles/CBMimgFBVV95cUxOcVRZZTFNdk9zNXZDMlNiRk5DaWhLLXZWUlN0RE9iSk1Gd0ptc1RpcXIxZlowSEdTTTVkMHBFa1JWeUl3X3B5OFNsTWlyM0l2WXhPdkFIMEhONGVsTWZtNkQ0eVBNY0hOakxHSFlOQnptV2ZMZklQRHctWG9VcVAxclJpZlJQVjJtU1FZR2plWXd6NzkwblI1MWtB?oc=5
SU.TO,2026-04-21,Suncor: Moving My Buy Target Up To $55/Share On Post-Conflict Fundamentals (NYSE:SU),Seeking Alpha,https://news.google.com/rss/articles/CBMisgFBVV95cUxOTEdXV19aaDg0cnJzT25ON3RybU9kYmdHcXFTcktOMTJxekVVRTRxSHc1SkdPOEozN1c5bkFfSFQzeXlzck93Y1lyVktmeFYxZUY0U240VUJ6VWVkeWc3eklmaUlQbk41M19RTWFVM3Iydy1KczBsbkVjNTdoNGF0U1ZPOWswQ0wxM0RfOFp4ck42emFKeTFsZmpsSFdBMHZKZGRhWWFWaWk0WHJ6Z0NOcUxR?oc=5
SU.TO,2026-04-21,Enbridge vs. Suncor: The Dividend Pick I’d Own Through 2026,The Motley Fool Canada,https://news.google.com/rss/articles/CBMikgFBVV95cUxQX3FIUnpoMTJodm9aWXl3bmprTmJnb1hEeVZlN21YWEhSMDUyb01rZXh3anZfYW8zVnlPaUI2Y1Zfc1d1QlVJcXhOZmppRHZoajdKMzAwejBHUC1qaWFSZWp0QWhsZUN2YTdzcHo1ZGJHeVNDQnJFZG43T0R3MGhFdF9idGNpNVRjTjdCNEtBbkdOQQ?oc=5
SU.TO,2026-04-21,Trying to cope with the energy sector’s gyrations? This stock will boost your energy cash flow,The Globe and Mail,https://news.google.com/rss/articles/CBMi3AFBVV95cUxQUlZuU3VBZkpEWW1OdHF2cVFjbmxaeS1acDVGSE9ZSEZ1MUk2Xzk5amRnbmVPVU1qSWVZMkc2XzR5d2djb1BCUGtwZk1xS2dnMzNTa2FvVmxkTHNncUR4ak9PMnM2RGwxbEdyMVBQZktYUVNIejU5ck4zaXFrbjN2SnNaeG1Mak1YSUJBbjk5Smp6aFJpM1RtV3VGTWFHaC1zRW1jVl9XTDdabWRZTU9qUXFNNTB1cmNJM0VOb3hsSklicEpfWEs2cUVNSjk5Tk1CbVlZQTY1ak9SNzFx?oc=5
SU.TO,2026-04-21,Suncor Energy to release first quarter 2026 financial results,TMX Newsfile,https://news.google.com/rss/articles/CBMiqAFBVV95cUxPbFdQemU4cjh6ZV9jR21tSjlkaWxPakdHQm0yM01LWU0tZHFnb3hMZ0V5cHBiTXk2a1hvNjBWcFZUajNJSnktcVlJX1BLMFVJalNWZ2xyLXUzNzlLS2hobGc5NS14eVFuNkcxeGhyaG5WdTBqbi1pZTViWUNiRjJXbVpvUHpNX3l0OEEyS29PTUZGRFhWX3lVMWVodXo2Q2h4aUduRUppWFI?oc=5
SU.TO,2026-04-22,Is It Too Late To Consider Suncor Energy (TSX:SU) After Its Strong Multi Year Rally?,finance.yahoo.com,https://news.google.com/rss/articles/CBMimwFBVV95cUxOUGxlczRxRUtlY2Y5SW5LaDM1VDZvX2xlbFdyNUdXVGV5MVZfZmg2ZzV5d0JWZkhvSmx4eEZIODlKa1RPRmUxN2NFN2tPQUs1cTBRQkZLLWowTHItZEFfbFJQYnZmbFNUeHMzLWNGOVFoMG1ES3RTWURkSDdSZTBDV1dwLWFMU0tETmJYNnZ2ekVZdHoxSVJERmVyVQ?oc=5
SU.TO,2026-04-22,Are Suncor Energy Shares Steady in S&P/TSX 60 Rotation? Today,Kalkine Media,https://news.google.com/rss/articles/CBMiogFBVV95cUxNNVFiZGFnT1BMMDhycThMM2E1Q2JHYWM4MnliMWFxS2taWXRINW9zR1QxdFFIQUZLZU5iWHRVNDJtenoxRnZJOUhoSGNSNFRoSURrX3R6alYwSzB4ZHUwQ1ZDcVJoM01uS2syQWNZSTdTUmYtc2FJOG94WG5meElPZXJyVlNpd3QyWVR1Uzd2WU54N0RQZ0JwQ3A1NFROdlZyOVE?oc=5
SU.TO,2026-04-24,The Canadian Energy Dividend Stocks Worth Watching Right Now,The Motley Fool Canada,https://news.google.com/rss/articles/CBMilwFBVV95cUxQQ1UwSzhjVUV6T1NaUkN3TXRkTllrTHo4WVAtN3ZaSHhSa21ueWtjV254cFdRUWI2Q2JGMVVaaGpyMy1Qd1AtLTdGNFNFX2ttaTFjWTdlWnBTT0hNaXdhREFWVEpnVDhETHRJN2Vya3ZyNmlmWUQ4Z0xyNGVkYVh0SHpGOVB1dnE0RUplWUdfNE9uaTUwRjVn?oc=5
SU.TO,2026-04-24,How Are US-Iran-Israel Tensions Impacting Suncor Energy Stock Today?,kalkine.ca,https://news.google.com/rss/articles/CBMipwFBVV95cUxPMmhrUUxpUzJXT1U0aVltRkM3LWZoYWt6NkRWRDdNWXBOLWQ0WEpyWS1oRHNzZ1JUVDNnd1hPYWJxaUl0SGhjeC1KXzRfT1N2Wm1yeHFlWFJuOGt2VUJ4M2M4MHdzaHh0WHRibUU4UWNscnVnVlVoaGliTVB4Ni1jWWMwd3FuZGFEUzNma01TMlN3U3k2ZzA3Zk5QSzdENHFqbm9JdVNRcw?oc=5
SU.TO,2026-04-24,1 Canadian Energy Stock That Looks Like a Compelling Buy Right Now,The Motley Fool Canada,https://news.google.com/rss/articles/CBMinwFBVV95cUxPSWp1RkZvZEVsall3U3BaNEJZdHdhMXhpVV85THVKeW5YbksyTkVfTG5oMXo0UmRqeDBYZ3RRSUpWMDVBQjU2dkpJQ3ctdnM4Q2JvX3VsWUhPVG1FaUdKcXVRU2N0bU9mOGZFa19Bd2hIb1hkQ19NNFBPWU5vcURuZTdSTzZUY2d6UGV1UDFBV01DczFrV3E5Yzl4dFlST3M?oc=5
SU.TO,2026-04-29,"Suncor, Enbridge, or Canadian Natural — Which Oil Stock Fits Your Portfolio Best?",The Motley Fool Canada,https://news.google.com/rss/articles/CBMirAFBVV95cUxPNG1CaTNLR3dzX05jTzFCN3F2UERTUWhPWFNsaVJmNnZLNGNmUjl4WE51Uklhd0dDTEhZcVBXdjFZZW5SNlh2a1VuRDM3OGttT0gydGU1NmhnR1FBVlRyVEZ5ZGhBUWtVSFU5MFFOOGJlRXBXRVNqU2Npa1lCN0l5eVlXUUJoOU1YUGJrcC1uYXRWYTExaDVJS2UyWENCckozVnZjY241ck5wcUdC?oc=5
SU.TO,2026-04-30,Suncor Energy to Report Q1 Earnings: What's in Store for the Stock?,finance.yahoo.com,https://news.google.com/rss/articles/CBMingFBVV95cUxOLUc5Z3NVTmozVE5RY05sZ1Qxenp0TDJEeGNXUG9tSTdrMnVqS3hoNE5GSW5OanpjcW5EVGVWcDFzSENKREs0S2s2cUtkcnEtSHV4dllScXQySFBmWmZ0Q05icUVBRUlVa056czg2YzBCRHpwUjZLRm10N1lzc0hRdDhucnU5YXhUM2VGRngyN21EN2JDelZVNDRxbllqQQ?oc=5
SU.TO,2026-04-30,"The Dividend Stocks I’d Consider the Smartest Use of $5,000 Right Now",Yahoo! Finance Canada,https://news.google.com/rss/articles/CBMijAFBVV95cUxQZFBjVUN5UmxuOGZlb2xhQ3BJZi1FemM1NlZxeFhQVWNNXzVWdFFNekk4cWJ2RlJxNjZTVWJCM3c1dEZrR0JoRTFmTFhUTmpaOUJTUVNjTm1yMnV3QmM1dWFoT21ZVHVZNzZHNXN4bW1SRUh2RGNZNkJpQnJYVkpKWnRYVnI2R19XY05kRA?oc=5
SU.TO,2026-05-01,"Suncor Energy Inc. stock falls Friday, underperforms market",MarketWatch,https://news.google.com/rss/articles/CBMiuAFBVV95cUxOZGdfZUx0M01SNnNuSWt5TjJYVDN1WkNoOUFiQzgzaUtmODhWX05zYVBpOXV5dWgyS1JpaUpGd0xJcU9wNEkwZXFXR2ZuYXJReDRPcnVPU2hMZENpa1JvdG50dUJrMG5nTU9ScVJKdzZUTkszU1ZfcXNoTG91OW0xZFY0S1oxcHZISWVMZFBDV0Y2WGkyMERudm1BeVBsMUdlWlBYYjh4a1dmM3VMcUg2ZE52ZmF4VGxo?oc=5
SU.TO,2026-05-01,3 TSX Stocks to Buy Before the Next Oil Spike Hits,The Motley Fool Canada,https://news.google.com/rss/articles/CBMiigFBVV95cUxPbTQyUjgzN1pLdmxpWGpWb1JOa2Z4ckZQSHhoT3N6ZmxnMHhsbXFWZE13LVVPcjV1WkRGdzhOMV9zWDF1bVRMTlN0LTFjR2RKMGktZHpNVWp1cWlkLXkzZDI3OFFZZmpoUGEyREdISG54ZExabVpvYkNjREdkc2pidFE4TkZLbkZWNnc?oc=5
SU.TO,2026-05-05,Assessing Suncor Energy (TSX:SU) Valuation After A Strong 1 Year Return And Recent Share Price Momentum,finance.yahoo.com,https://news.google.com/rss/articles/CBMimwFBVV95cUxOYmJ4V29ISU1BcDNzMVdtMl96dEFfVF95YTNsUi1FQjlQamtxY2dvajJ5OEZWNUZORzhBRFlDQ0lGNFVLSk40OVkwal9tTlBHVVMxbnlab1hPaHdyRE5IXzhoY0xnSUw3ZldXdmJvNm1TNUZSNC1Hb2RnYkg5UHpNM2xURjFBVy1MZGRCckQycl9MN2hOSUdab3R2QQ?oc=5
SU.TO,2026-05-05,Suncor Energy (SU) Lags Q1 Earnings Estimates,finance.yahoo.com,https://news.google.com/rss/articles/CBMikwFBVV95cUxPMlRGTjN4ZXBCX3lLcDloYnYweGhPYzhhR1dCQUJvazNPZ0h3bkw5UXdONWlfMGcxVHNGOU1IM3R1UHozTXpoU2pFXy1SLTM3c0tKMFhHZ0t2WE5pcm81eGlRRktyOHNMX0FWaTZ4S2IyZnUxTE43YTluMkhjc29GMzNuTVlPVDdNSDVpZ0xzRTNCdkU?oc=5
SU.TO,2026-05-05,Suncor Energy reports first quarter 2026 results,TMX Newsfile,https://news.google.com/rss/articles/CBMilgFBVV95cUxQZVV1SUZyOFQtNlZPb2h4bDdhazJ3VlBJeDJQQ0ZfSDg4T2d5akFSRHRsOG1ldWY5WndIRWpoYjFTUFBJczZOSmFkY3d2R0ktVGRPZi1ZS21hVkxsSXN6QV92ZVNlODRMcnUyLXJtanBfX2RNemROVXExcmdhRGhYNkpZLVMzZ3huV3htUkRhbUtCSGJpQmc?oc=5
SU.TO,2026-05-05,'It will take national resolve' to grow Canada's oil exports: Suncor CEO as producer's profit tops $2 billion,Yahoo! Finance Canada,https://news.google.com/rss/articles/CBMiigFBVV95cUxOZjZMMnJZQ0dUOEdVVVBlcS0zUkplanhISzZDdENISnZjQTNvMENHVmZ6NHBieVNjaDhqWjV4aXphUUJpWklJREFsRW8tRXVoNDBWSFlGaVRQY0szSlpra3h1cjhjczBjUmdYUDUwZmgyRXNHWFVETGlFdlJKWU10TDAzSjdxUWR4Tnc?oc=5
SU.TO,2026-05-05,Suncor Energy reports voting results from Annual General Meeting,BOE Report,https://news.google.com/rss/articles/CBMiogFBVV95cUxNeHB2TXJpaTNpSk5QOXlNZHJpUG5UYk5vWU1HTHRjRXk3ak1HMk9fYi1ON3pSX1FtZHQ2NERMT2hnTkF0YktkZktEdnlOcHdYdGI4ZFZTWTdkS0tvVGIwTTV4ZXh5cnFQTEh6UVRRNzlOS01ZVTJjcldia3plMUpRT3V0SlhPMlFKOUZtRFh0YzBWOXFRcEs1Z3B1RmpidU56WWfSAacBQVVfeXFMUHBkSU1iQ2YwUlVNcVdkRTdNd0Juby1sWXhkVjBOMVBXcjByeDJZeF9NbF9USWZLRmxxU0NKd0ZMeGgxRlpzU1RaZUozZG9LWGtwVUh6d1A3OThCNnA5ano2VVA5SUcwVmtDaTR1ckJCVDJXX00tU2RFd3FOeVE2Q240SUlCS05nM1UzaXhFT19uYk5FU3ozbV9kbVJEMHFHU2VPVlpYeDA?oc=5
SU.TO,2026-05-06,Is Suncor Drawing Fresh Attention In S&P/TSX After Dividend Move?,Kalkine Media,https://news.google.com/rss/articles/CBMipwFBVV95cUxQWVdtTDFSMUpvcHZCNmw1Q3BlMGpfY09RR3hleHE0THlsRmtYakVXc1hxUkc2MGFvaUlkRWo5ZlBScE42bHdIR2RVQ0hUUzdMd0NCdWR2WVl4N2p5OHBfOEdRdUdGNGpmcGJJYVNUbkpSOVBpd1hIU1EzSEtpb3YxU09DeXp3bGpvM3VfRGl4NkplejNDd2N4N016TTlLOG5MdWxPNngxNA?oc=5
SU.TO,2026-05-06,Suncor Q1 2026 slides: record operations drive 53% FFF growth,Investing.com,https://news.google.com/rss/articles/CBMitwFBVV95cUxNT3VoTy1JT1otVTlBZ0pnZzVHcEZMeDMwR2xhVXd1SkZBOUZCQW8tY3FtSU5uMjAtX0RRd2VYTTdqTWZOZ18zZUg0Tjljc2VYSGt2am0zdFZmZ25oWjBRVUd3am1lRFFDcHpJR2hseDB5SE11aW9MVDMyMTVPTUwzUENyYzVnQW5kSllWamJfY201UXZucW45N3hGRUpPTjVWdmQtb2k5T2JOemd3X2hKZTR0cXlZeDg?oc=5
SU.TO,2026-05-06,Suncor Energy Surge Sparks Valuation Debate In TSX 60,Kalkine Media,https://news.google.com/rss/articles/CBMimwFBVV95cUxPdGhXT1FSMHVCMTVVRmdZVTBXdlFaMHdrWHZpdUIxcWpQVWJYVmRWa0JwcXhPVWhsdjdwemJFWi0tTTVUM0NKb1ZsN0xlNnVhSUtFeUtUdlNLWHB3dUpQRC00RlFOWHNrcmdXZ291V2xDYTZsOV9ucW5ycFU2SEFCcGpTMi1obG9FX1hzTS04djZ5QTVvRFJONjZmVQ?oc=5
SU.TO,2026-05-06,Suncor Energy Inc. 2026 Q1 - Results - Earnings Call Presentation (TSX:SU:CA) 2026-05-06,Seeking Alpha,https://news.google.com/rss/articles/CBMiowFBVV95cUxPS1QyWGVzcHA0T2pDMnF3Z0ROYVFQbnhKOERYSzZ6RWdYNkVmaEFMU18zbXhXV2gwSjZnUTEyLUkybzVLbVBNVXdpcTlReWFVUklHbEFkVWQyQlFIcGJRT084Z1phOXNzNUkwaC1kYXVSTS1YUmRnMEVzMExGMFZCU3Q3VEkyWmkxSVdsOUJzcVVxN0NuMlJSM0tROHNKaktTamZJ?oc=5
SU.TO,2026-05-06,Investor Outlook: Suncor shares fall despite stronger quarterly earnings,BNN Bloomberg,https://news.google.com/rss/articles/CBMi1AFBVV95cUxQNjB2c3ZkakREalE1X1h5bTVtcjZEbEJYXzlUYWJycXdQMWZBeFdnYTJOdE9BbUVVNk9fNkJuODgtSVA0ZXFoVk5yNG5Hd1NRbW5PWmhOU0pqNE9XVXFsbEo0N1BONEFGT0FkTzdrZW9xTUk2WXZqYVBvLVZubXFyWFVIdENYZmVqdTdMVzl2U0Q5cHl1ZFI5Y1NNcmtBS0RnNllXYk9RNFZFeXFJTzdFYVZJQXdnUVFDTGc2ZjFYaUNPZWQtSHNoT3JrT0l4SV9hbWE1NQ?oc=5
SU.TO,2026-05-06,Is It Too Late To Consider Suncor Energy (TSX:SU) After Its Strong Recent Rally?,simplywall.st,https://news.google.com/rss/articles/CBMizwFBVV95cUxQSk91VkpnT3JlSG5CTDRvaGp4Z0JQbXlJQ01fX1BWY3hXN1ZYM2F1WHRpNTFOUkI4V2xlZE1OZjhXeUNuckEwa2hIQ01Vd3Zud0dvNWRQQV9yVmctMHNJZW5HLUFzQVluU2xmRWhNSWhoeXBuUm1xVTdlMl9BaFM3cDdqMHVqbDdMWnhaUVBTSVJpT0pkbEJoeGxEdG5uRy1GMnpiczdwQmUzMU9kZElFVy0xbXZFV0VoYmluc2l2b0V1R2lhZ2R6SF9hUzNPdGfSAdQBQVVfeXFMUFcyQlVkaUo2YUJyZmpGTjZMTE1EX1FIRDJpcWp2cW5FQkRMbE9OWnJsNHJ5ZHA4a0t2VFQwTkRIYmtoNXZEeWJudGhNeGZranEwUTJwRE9ZY2pEbGNXMXc0RHU5ZllMMVByNlFTS2h0M0M3bXhkY0RRTWJlbFN3dHVDZTNpcVBCMU9LbFVxV3YtY1NnM3NHRFgtc2k3WHZrV1BOeUduckEtSHE2aWpFZlFJQXhrTm9WMDBYcFFqYkNWb2JHSW8xc2lSMl9NRG5ScHdwSVU?oc=5
SU.TO,2026-05-07,Is It Time To Reconsider Suncor Energy (TSX:SU) After Its Recent Share Price Pullback,finance.yahoo.com,https://news.google.com/rss/articles/CBMinwFBVV95cUxQa3hiZ0RqUWd2ZVo4QkJlMHpWT0Noc005VUl2MlVfdWYySlBBaGZyLVVVSWdVR293Ukdsd3kzUHlzUTZaYXFLTmlyQmhhZlpHYUhyeWlLMTctTWtXVlNpVF9EdC1BMzM0Qkh1SDRGLXZFX1NQWDA1VHFEeFYyR0w4Zm1SYkQ1el9aRGhmZm5TaWZvTW4tUjBYZHh1ZXVsRk0?oc=5
SU.TO,2026-05-07,"RBC Maintains Suncor Energy's Outperform Rating, C$100 Price Target",marketscreener.com,https://news.google.com/rss/articles/CBMiuwFBVV95cUxNMVh0dGFmZ0hoTVZPYjlLMHhQU0pVVFFFTW51RGZiZDJzSEZJXzVLMU9zd2VpZXl6YnZVVGU0Y2wyUFdFQkdIbWFXQ19oOUw2SjR3NjNtcEdHa3BWYTlDNjF6ZERGcXZ3b0xzcXFEbWIzWWlsaHhKTFY5amdmTDhtSHoxQWRadC0zU1pRZW0tcWw3YTJWVWdzWllQX1pUVjFsRlFLRGRiWkdXMjZtUTM0TWxrLUFXcXNoM1pv?oc=5
SU.TO,2026-05-11,Share buybacks and increased dividend payouts lift Suncor Energy stock modestly,Traders Union,https://news.google.com/rss/articles/CBMimAFBVV95cUxPWlNvMGFiQk81alg5Wml1TjV6OXFxYnl4NFEtSmpiTHFJVjFfUEI3QUsxS0FibFYzcW5lbkJFR19TNmpMR2tnRVAwb0RKc2pvLWdYSktxWGVhV3FYSVEyMmU5cTlnWm5yTDFXOVd0SzJBTkZycjFUVzNlMnBNNGdjdTI0NUFRT3E4YTVkWUFvOWs0QjFVZVA1Sg?oc=5
SU.TO,2026-05-11,"Suncor Energy Q1 Earnings Miss Estimates, Revenues Beat, Both Up Y/Y",finance.yahoo.com,https://news.google.com/rss/articles/CBMimwFBVV95cUxPNE5WU0U5THljSnJUbnkwMURkWnNNTHVhTGFMWS1IWXRVVEJyNFcxTk1MQ3h6SnVwNDgzYUEtR0U2VEp1R3ZBaHN4V1h5LWVxRTFZS2VHd3BfaG9tbndMZXJOOUhfVUMyVUNtbHZydFVtN1BuUHlnVWthcC0ybHVfRWlRazR1ckZBNVNNaDhWdWZHRG1rWlNTVHpvOA?oc=5
SU.TO,2026-05-11,"Suncor, Enbridge, or Canadian Natural: Here's Which Oil Stock Makes Sense for Your Portfolio",The Motley Fool Canada,https://news.google.com/rss/articles/CBMivwFBVV95cUxOTXVMaU5wWEJrWFEweXRldDk2YkozTG01WmdTQjhUdFhCS3dFaGJoVXpCRGVFZHVMT0pWa1dSZDVDM005dG5ZNFFjRFhtVGp5LWc5emp1NFlYbWJtXzNLTFN5dWQtTmc2bThPazZObFFOY0REbmZJQTJYc0tBSXM1XzF3T2lYX25oSURfNHFXeElLNTQzakxPOGoydWxSdl9nTTIyWVJNQ2Z5ZE1GeERNVS1udXRPWFlETWZWSzE4dw?oc=5
SU.TO,2026-05-11,1 Canadian Blue-Chip Stock I’d Buy and Hold for Years,The Motley Fool Canada,https://news.google.com/rss/articles/CBMijAFBVV95cUxPVF9rN1dKczU3UVhJYmx6Y0V5VHVic1YwREwtY1ZXd3VDTmlVVF9vSTA1c18xRUluYTFSUWFhZzJ6RkF4dUpEUUVJOXJpM3E3Zmk5ejFrODNuLXdidWVxalBJeWRKZUJVQ0NVbDREWWItNERnUHBXSVB2SUlWVGFtQ2xBdWN4MU5YYU5NbQ?oc=5
SU.TO,2026-05-12,"Suncor Q1 2026 slides: record output, ambitious 2028 targets unveiled",Investing.com,https://news.google.com/rss/articles/CBMiwgFBVV95cUxPSElubTVfOTh0UVlBckR2SC1VQ3NhSWJtVmJzM1pIVUYtTnRMRWthWHVhZ0dRVXY3QS1ja0dpN0QweE41NDZfZmk5anhlcUhFWE1ma3lScXIxY2JONFdqMnN1UkxGV1ctNDJhQ2E0d3FhVVJqaHdGWENOazNLZDVmMGVlMnJScGs5dG9MX3UwbG5iN1QwRkhnWU5wcVV1YkpMSkgtU0RoUy1XLW92Ui1tTnpOQ19fNzMzZ3dhOVRQS2Judw?oc=5
SU.TO,2026-05-12,"The Zacks Analyst Blog Cummins, Suncor and ASE",The Globe and Mail,https://news.google.com/rss/articles/CBMixwFBVV95cUxQRHlCMzU3Tzh0UThROHYtRHdxUlZoa0RsbFZ3WERTbE1TZjFXUmpTMVlKZ2tWeEE5b3pqc0YwNXdCZk9TSWFpbjhlblhCTV9XZkFvZU5uODVaYjN3UlB0WWNUWkhZRllZdlQtMzNsTWtfOWZLZERQOWhGaWQwV2NVNEZDTzkybHBBNHRqQWFzZmcxc2ZrRC1WUkVWOXNpZHZXYi1SNlBfeHgxTGd3ejlVUi13WFBXNll0TFYxYTdiOHdiM3JYOG1j?oc=5
SU.TO,2026-05-12,Is TSX:SU - Suncor Energy the Best Canadian Energy Stock to Buy Now as Crude Oil Climbs in May 2026?,kalkine.ca,https://news.google.com/rss/articles/CBMixgFBVV95cUxOaTJyRDV4Skp5TDBlZ2MwelQzZzJzWWpKSGd5d0Z0cjh0QWVsaFFnZE51UldyTkZVZlFIR0VlaEFqakZnM2Z4dE1jUkhXVDBXbnRjdGpEMFlLYmhCRWhQaUpkSXZfcGR0NmFNVTUtdGJwYURMbTlwM0tuQmswaTJPS2c5SXNaLUJ1cGgyRWZ1eHhfdTF4cFFhUlFmck5YSFpXaUdiZTR4RzV0WEpiRVpYWUQtWk84VlQ3bkVzZXJjNG9XQkNSLXc?oc=5
SU.TO,2026-05-13,Suncor Energy stock consolidates as dividend rises 5 percent to C$0.60 per share,Traders Union,https://news.google.com/rss/articles/CBMimAFBVV95cUxNY2d1cWRPeHRzdlozZFZkcl9JR05ZdF9jVmo4bHZHMXJIVHR1YWxyTVZpUlpvUG95NVh2a3FFcHR3NFRNMF9oSGlBN25ucEVlREhBc0x2cmVxT0lNYkZSLW90UkVtYkpaYzR0UkFPclF0eThWWG1nQ21VTFVlNVM2ZUpmV0licG5PUjZScE5wNEktSkh4M19ISA?oc=5
SU.TO,2026-05-13,Suncor had cause to fire 40-year engineer over son’s patent: Alberta court,HR Law Canada,https://news.google.com/rss/articles/CBMiqAFBVV95cUxOd043bmFrRVZLNV9TZm94MUpwNGZMekJUV2pLQUU5dy1IcFRGWHNMSzNvT0EzcWNzMW5xWDNsMGk4ODk2U09GUFhGMzJXODhIeWJ1ZTNoX1R3dmdpaTZGcXFYNnJtWC1NYXpIY2FxVXVieFd3RlBoVUM3MjA2WGphd3l6eGViNFFUX3F4eVBVU3kyX0h3ak1vd0ZWYlJ0V0FrdGdUbDZzTWc?oc=5
SU.TO,2026-05-13,Suncor Energy Inc Stock (SU): Q1 2026 Record Output and 2028 Targets,ad-hoc-news.de,https://news.google.com/rss/articles/CBMi0wFBVV95cUxOcFVfdTFlNi12MkdMbGFDaWZ2dGtYTV9ON3pWTEVQQ2U2Und0RU9KSnlzUDh4YnBmNlVGSUxic3VGRHF3cTFCZ0NlcEtiUFBQTDNoZlZ6UGtWR2gtTUNfRllSWmFBS2xQc2hKZkJKcWJ6ZlF0TlJqVHZ2UWNVRHBra3A1ajBqbW15aEFSRjBTcGVPenVVTHFITlI4M3V4UjYweVk3QjQzMk1UMi0yRl9mR0MwUkR4R0tFeFZxSTNleFdSdGhqcHBCQjVZd0htM25yWVFN?oc=5
SU.TO,2026-05-14,Enbridge vs Suncor: The Dividend Pick I’d Own Through 2026,Yahoo! Finance Canada,https://news.google.com/rss/articles/CBMiiAFBVV95cUxPbndQNDZQRjNvTGR5RU13LXctM1BEdjFLR0ZuX3hOZGtMN0QtQkphc3kwcV9hN1pmLUNZSlVMNnY3NkFGYVNIQUdYQmJjMUI1eWt2QUZfWmU2LWFodkVSSVFXVEtQbWlZSEI3MXQ3MGlUaUZrYm4ySEFvUU0zNFJSWGxxaTZzMGxB?oc=5
SU.TO,2026-05-15,Here's Why Suncor Energy (SU) is a Strong Momentum Stock,finance.yahoo.com,https://news.google.com/rss/articles/CBMilgFBVV95cUxPVFBFRTduX28xQkNPUmxNaHFVbFU3ZDBLaEptcDJRTktKZVdCTEVzb2pLX19MSzhzd1lJZWNMNXJQZjQ1WjE0d3doT1dRRHRTd2ZJZDBGSFBhejhSWjFtXzZuX3NfYVZNcU16WWU0ZUtLOFkwbFJSalVkNS04X0w0N0dlbW4ySk1Cb1lESHVnUk55cllhUUE?oc=5
SU.TO,2026-05-16,Suncor Energy (TSX:SU) Is Up 7.3% After Strong Q1 Results And Bigger Capital Returns - Has The Bull Case Changed?,finance.yahoo.com,https://news.google.com/rss/articles/CBMikAFBVV95cUxOWHd6TzJQcXhLaENIZTBTM3BOUkNYNC1EX2g1bFlsVnpjY2pMSGZkdmNsZEhmYWpoTTQ4R255T1dZT2tKYTkxZUw4RVFqOXNKVEpwS2ZiU0ZXT1dXUDFjRGVVa1FNUWU1MzZ3eFJwVHg3MUU0T0s0ZnJCS2ptalEtWUx3UzZ1MENDd2FBTXQ4Uzk?oc=5
SU.TO,2026-05-19,Supreme Court Justice faces scrutiny over oil stock holdings tied to major court cases,The Cool Down,https://news.google.com/rss/articles/CBMipAFBVV95cUxOc0xGaWxKME9VeFF4Mms4OU1uRzFnaG9IX3B2bV9fV2RYUDQ3cldsX2xLQ2xEZ0NXcVhyMVJLTldveTJjZUtKOFRCb05CenpVbnpHR1otd2JrX2N2MVgwbHFDejNXZXlZa1JWUjVzU29jcGxWY1JxYWdsbEl2MUl0d3JoN2pLQzhpVmRwd1FGVWV4aWNjampIcS05QlhSYUZhMVlicg?oc=5
SU.TO,2026-05-20,Why Did TSX:SU - Suncor Energy Fall Today as Oil Prices Swing and Middle East Risks Shake Markets?,kalkine.ca,https://news.google.com/rss/articles/CBMiwwFBVV95cUxNZmhPSExtVVVYUFgxSUk0SnhMbHpEYUdlTVVxWXB0T3FybHBEMHVaQUxSTHNtUUdxTm9JQnlXQVpBQm81b3RIUHhpTkNiMmpJMEloNzJWa0NHVGtnNmlSSjR6Q05ubDFKcVo1ZlB4a2pQb0dNVjBrb2F4VVFUQ3VIN1lSWnpVVGtsU0lOOGhKSS1MZlBKRy16WWx2ekFFQVJ5bnJHMXZJbEZ0NFpxZW14S05uU1NnSURRd2FiQVZYZlhhemc?oc=5
SU.TO,2026-05-21,The US Constitution and laws do not protect oil companies from being sued over the harm they cause to the climate,The Conversation,https://news.google.com/rss/articles/CBMi4gFBVV95cUxQQ2hpcTZnakxNSE91akdNYXVmYUxDUU5SQ21PMDVCTmZQRWl2WjhrNmZ4SDFTeG5VVlZzakI5cVI2Mm4tUjJkS3o5NUJ6ZHBaU1Z5SkprcENGN1ZTRVI4c2hvREtJbkhXUzM0T081bWlnbU5pZUtMczQzX0tDeWRQSDkyOGhmZHZqWWFjaGtZYmxQTTIwMXd5ejNwTkJLSk9rY1RKTkFtRmFZLUtRRmFaQnhXRTdnZjFrckFuZHJDYkJRZkM0MGJjX3RrZXBxT3Y5UngzbVJLbXhzT0NGRFlOdmt3?oc=5
SU.TO,2026-05-26,"RBC Retains Suncor Energy's Outperform Rating, C$100 Price Target",moomoo.com,https://news.google.com/rss/articles/CBMioAFBVV95cUxQR2tIdjlRdU5RVHcyaXRObndrN3dUalp6eW1ac21nLUpMZVllNnVLZFZ3a1luTHlnNm1XUFpVY3hrX3BYM2hBd0ZxbnZBUko4WnRXNDNka3lFTVJ3NXdmQVEtZk52S2tDOWVzYmY2cnlQbVMtSm9VRHV6b09DUDVyV0otcmxWc09kOHhFNHEtNE43cklkY3ZIY3BsREluY3B4?oc=5
SU.TO,2026-05-26,Canadian Natural Gas Stocks Gain Fresh Catalyst From Upcoming Germany LNG Deal,NAI500,https://news.google.com/rss/articles/CBMisAFBVV95cUxQYk8wYmROdkN3Sm5yQjBNZVR5REdUTmkyRV8xNDdOVlE4Y2JCX25OeE9sa1FSeklhUFhaSndqRVdDNEFoczFkaXo0Z3Zsb3pVZnE0UFVHWEdpZ3ZSYkZOcEdSOUl4S3lDTGktMjNBX3RRaHkzSkZZUXpKOTJ4V05JZWJhV2ZmRmVaNUE0SjdzY3l0ZFZNWFE1Q1loeW0tVnUxVkVRRlFKZ2Flc0hRZkRxdg?oc=5
SU.TO,2026-05-27,Is Suncor Energy (SU) a Great Value Stock Right Now?,finance.yahoo.com,https://news.google.com/rss/articles/CBMimAFBVV95cUxNUUI4dzRQa3pnZ1pGTVhOVC1EU2YzNW0tUVI0a2xpbG54Ui1ldmV1TmdTazg4THpDZWtKSXBkWjBUWnB5NWZFSEpTWXg0MkVVc01taDlKdnAwUGtVTEVFd1ZHcjhvZ3NyQVYxWEZBMkxtQlV5c2o3NEZ2cnpmYnlFZW9xYmVQWXBjcjdKNHZoWDRzTFp3c25vWA?oc=5
SU.TO,2026-05-27,Suncor Energy (SU) Retreats 2.43% as Selling Pressure Builds Toward Support - Bull Flag,dars.gov.et,https://news.google.com/rss/articles/CBMitwFBVV95cUxPWkhMeUR5U2VRZXFON0o5ZFoxMFZsbUlIM1FZeWtZZ01JeFRxN1poOEllZ2lzRmVSYm5tRzVwNVlqZUxSd21VMTZMTjNZd29tUXUzSHFTUEpEMy1saUhCYjd3TkpqcFlCeTM5NVlHWHpucXZkcm5kc2xSZ3RBamQxSFRwN05NSXk3T0lMSkJxbWxZd1JCV1pTSUZ4cS1sYzVIRUFnZTMweDNWdF9jU3kyZXlqX0RueDg?oc=5
SU.TO,2026-05-29,"Suncor Energy Inc. Stock 12‑Month Price Target Raised to $73.88, Implies 18% Upside",TradingView,https://news.google.com/rss/articles/CBMi2AFBVV95cUxQRzBpYUszSENmS0EwUFg5SlBCX1JxMUxGRktIcGNvdGstSUdRMmJuMy1BWlVmbW95SFZkcVRrakllbjJBR0V2cHFmNlZQVVE2ODZKTVBVUTctTmZjWW02Yk1tWV9JN29YVl9BVVBZaURZTXJrWHNfZS00N0ZFb19xbEd5TFRNdWNTSWFrRWJVQkdWMlZoMGJDQU1FVmtQQUIzVkN0a0JTMk9veWE2TGJaTmE1VGhqdEFMMTY1M0ZDM1ZoMS1QRnF0LW14NExjMmdXNTllV04wdE4?oc=5
SU.TO,2026-05-29,Canadian Natural Resources vs. Enbridge: Which Dividend Stock Looks Better Today?,Yahoo! Finance Canada,https://news.google.com/rss/articles/CBMikAFBVV95cUxNOEZ5aGhZWk5aWkh5Rl9adVJQV0tFMHRRSWtCckQtckd2ZHhQcFhBUjMydTRGWTFRVFpxNXZhbnRBTjZNNkFwX1hKc2FHekM5MDQxb3l1bHR5RU1PQmhqbktiTDhQVno2SzQ1TERYZUhUakEzVVYtM0NxOHJSM1o2dEVpTmg4YUVfVTliRlJtOXc?oc=5
SU.TO,2026-06-02,Suncor's Steady Momentum: Why Holding the Stock Still Makes Sense,finance.yahoo.com,https://news.google.com/rss/articles/CBMiogFBVV95cUxOOFdzLXhVYWdPT0Zwc1JZeXVwTHgxcHdVX0RoaE1IWkJPdTRvbW9ldXhyYkFIR2dLWkxtRzIwdlZEOG16ZG41ODYxdjduRk93U3hfN3pqS29paFQ1S0VWTjdfeXVlMGlEREMtaGxCVjB2eWN2WWdMZHNIQllPNHpMQlhCNy0tZUMzTkJOOFliYTZwaWNxRWxwX1Z4X0dheEhsRVE?oc=5
SU.TO,2026-06-02,Suncor Energy (TSX:SU) Valuation Check After Recent Share Price Swings And Margin Expectations,finance.yahoo.com,https://news.google.com/rss/articles/CBMimwFBVV95cUxOMDJ5dml5ZkFuOWJiMjhpcEtRZWg3ODYtWVl0N3FvLUdFSkJ5WDM2czYtdlJMcUczNnR0SnF5WDN5dnYyVDdzS0lOdmRrX1o4TlZfeVZVNXM4R0ZLaW5oNkQ4SjhvRlZqX1hxODFid2JEZDVNbE1taFJWTWVXaHBiZFN1UEZNTmlBSzc4Ry01RnRzSkc3SXNkYV9KWQ?oc=5
SU.TO,2026-06-03,Suncor Energy Gains Momentum as Energy Strength and Operational Execution Support a Constructive Outlook,kalkine.ca,https://news.google.com/rss/articles/CBMi0AFBVV95cUxNd01MaUxkQjJxX1pYUV9QOUs1dVdDWmlaZ2ZVd3hUNTU4enBKZ1ZQMDFDYnNBTy1rd1g5VTdfemlwZ1dydDlTMGp5b1JyZURnd19Qd2RoRTBvci1PTm1hbHdpcTdleVBzY3NaZk5wczZuOWRzS2x6dmpOQnM1ZFMtU3JiSndmTko0S09JaUlQa1Y1VDR2Ui10SG4yV2lMVnlvVlhJYnNtR0ZkVzBSODFtYmNQN2NPanN3TjJoTDR5MDVCOEgwamcya3NIVWNMSkhZ?oc=5
SU.TO,2026-06-04,Suncor Stock vs. Enbridge Stock: Which Dividend Energy Stock Looks Better Now?,The Motley Fool Canada,https://news.google.com/rss/articles/CBMiqwFBVV95cUxNdkI3RDNiSUdGNEZZS3lWQmpkNFFFQ0hPNW5XTVkzb2taakdwNXhsMUJoVkRqWm5PWVprc1k2V0VMOFNUVXkzbDRveUdCSlUxQjlfaFBTODZuYkNxbFBWbzlfZk90a3ZCWTctLTdpdkRNOUwwbjlKeXM5VmpqSW1jTTk2Ui1BSUJHVWc1S0xfNnpDQzNmNDhlT2wycDd1ZXIxcDR5eWlnSkw3YTQ?oc=5
SU.TO,2026-06-04,"Suncor Energy (SU) Q1 2026 Earnings: EPS Beats Estimates by 4.68%, Stock Edges Higher - Earnings Turnaround",dars.gov.et,https://news.google.com/rss/articles/CBMiwAFBVV95cUxPT0VqX1J6RFNqSVBiVGM1WGp2MF9Md0N4a1hsaWt5TTNMVF84TU5SSDZCakNQQ3IyZ0hLNXpnZ0lLSEtSZkZkVVF4VE9ncUNDRkhfbWlvdlNjaEZBQmFraXd3cktCTktqcWM4Q29wajFQSXZaSllPUTVwakVBRXBRVWg4ZUtNQ2JBR2trRUtXOGhaR0R2dXNfaFljTUQtdVIxOFJ2LWx1SkMxRk5CcTdPU25sX3pBbGw5QjhNdnZDY1I?oc=5
SU.TO,2026-06-04,Why Is Suncor Energy (SU) Up 1.9% Since Last Earnings Report?,finance.yahoo.com,https://news.google.com/rss/articles/CBMikAFBVV95cUxQSXV2aHo2RWpEU0pUWnhPTUMzYXZvbzBqdTc0YWhCSUNwTGZSZXJRN2IyaHVzdHlMNnRvbW8wYTlyeVZ3Tnl6T0F1WFQ2WC05T2V4WGNOYUNyVlhSSERIWEgzX0o5bEkya3A2NmROU0xacmhmT3U2cmUyU0xkcmY3MjQ3TUlnUGc3Nm56S3dEZXQ?oc=5
SU.TO,2026-06-04,Oil Stocks Lead Focus As TSX Strength Narrows,Kalkine Media,https://news.google.com/rss/articles/CBMikgFBVV95cUxPNFcxV1BxUldTUlR2Q2stNDlpOXhyYTNQSlpLRVpHdW9TcjJMQVVkelo2S29KbFhlR21yWkdFWWtJLVp5VUtHbmlPaERUNzA5ZGx3Q294VktkMUpYRlF4R1RXcTFMNXljVnRhSXY4R2VycXpURE9DM1hrVlRtZVcxUjdYLXRNQUdOUTZvYmU1TldoQQ?oc=5
SU.TO,2026-06-05,Why Suncor Energy (SU) is a Top Momentum Stock for the Long-Term,finance.yahoo.com,https://news.google.com/rss/articles/CBMikwFBVV95cUxQam81N3VvMUQtS3pFU3V1aWpQZmVyZTFIQ1d3LUVuRm5icXBhTERzeWY2WnpWZGN3ajZOMzFKSUdtQUtza0RiTDdzQ2M2aGdhbnlKd2k5dk11Q0tFVUcwWFdoZkxPSU5OWkIxYmlvR2JaUUZEaVdmM1lkcWtPSXVJSXBFVnJ0Zmk4NGRUbEdFMkxuaGM?oc=5
SU.TO,2026-06-05,Suncor Energy cut at Goldman Sachs following strong multi-year outperformance (SU:NYSE),Seeking Alpha,https://news.google.com/rss/articles/CBMitgFBVV95cUxQeERRNm9rRDExLXE4dXF6VEk1UXRaZ3J2S3BuVUNUN3Y5QnN3cXVCOVRkMXZ2MHNfbDd1MXhnV09Jdzh5NEJnQ1F2a1hMZHcxb1ItWGRMYkFhMlFZMHZkZGZIZE5hX2pQUFJraXJHOElKM2g0TG8ySGZUWmhBT19lM21KQ041T0ZQQkJ0bVpqb1dJYkc3dXl2UkFyWjA0YV8yMWlJbW1OaFhEaEJVOFlDNlBDRnp3UQ?oc=5
SU.TO,2026-06-06,How The Suncor Energy (TSX:SU) Investment Story Is Evolving Without New Analyst Commentary,finance.yahoo.com,https://news.google.com/rss/articles/CBMinAFBVV95cUxOMTZobk00clJHMldSYmZ1SWdXVjg0ZEVfZXczdTNvdHFpZXprbXFia0J1QWIyd0VUZFhCWkUyUVJKVDRzdE9BUEYwNy1wRThQeU9UN29tMm1LeFNFQTdveTJuNFUxQUZQUHd1LXg4MFZwNTZRazMtRnY1UTd0Z2pzOHlrLVV2YV9BalVSOWtqYXc3QWVlSnd4U3V2Qzk?oc=5
SU.TO,2026-06-07,Gas Prices Are Rising Again: 3 Canadian Stocks That Could Benefit,The Motley Fool Canada,https://news.google.com/rss/articles/CBMinAFBVV95cUxOWmgtbkhDdHZpOThBQ0J5YVVvOElrS1pSdGU3b0JyTEs2dFNTV2VBSVZhZkxxbmxGemVIMUVfMkpidmdOajhNeWRrMDVVZHpSQXlHbjhTcVJBQUNvRlB2N0hVb1ZIN2tUMnBRZUNLbXlLOHZvRGlDZGZEZ1FHdkc4R1hIRXZPa1F6eXhBVzdnNkMxNkQ5T1VTT0NwNno?oc=5
SU.TO,2026-06-08,5 Cheap Canadian Stocks to Buy Before the Market Notices,The Motley Fool Canada,https://news.google.com/rss/articles/CBMilAFBVV95cUxNbzhDZFpleE1wZXdzMjRFNzc3clRLdHliOGp0dEpkOHBxUUNMZko0eTBudzVqbWxwQS1peG5vbkxpWFBiWGFISE5qWHQ4MUNmQXJvN3RhdnlPd3F4b2VwdExud0ZlZmNFZkxWTUtiNFhMTngwMDU3X1htVmd3X0NnRGM4d01oSk44bjZaUHVYampyb3pw?oc=5
SU.TO,2026-06-09,Cenovus Stock Outperforms Industry in a Year: Time to Buy?,The Globe and Mail,https://news.google.com/rss/articles/CBMi1gFBVV95cUxNS1ppN2UzcUNXTENBVHJtSDNUUU5JLWJXeEhzWEJrM2t0UEJzbkM1ZUU5ZmdmZ0Q0aHRmUkZxc1gyM3h5WTNGWTRuME5jZFZfSXc0Vy1oZV9xaVhXdERXeGhmUDdpdkI4R2RQdGdxTW91M0xjMzZ5WWpDVWpjeEhhQllOVGNhTWkzQzdfTnlGbEZ3R3I4anFTS0t0OVYyX1ZMRTNOQkt3TS1nWVdTczR1WmxHd0VuY0Y2aTg5UVZtRkdiXzZGUUtSbVVzZmtucmU2WEdCbjBn?oc=5
SU.TO,2026-06-09,Suncor’s strong run leaves analysts weighing future upside,play 103.7,https://news.google.com/rss/articles/CBMimAFBVV95cUxPcEZ5VEhGWDNaQ2c2UHNJOXJhRVpvMnhQYV9XSjJLaFlCN1h5eW82X3pwbjJaeU9jY1A2T2NIUTZDUlBJWXp1UUxzNTNBUUdyVktsVVRzaG5qUjlxZWdOSHJJODBrbjViNnJ3VVpQZ2ItRjN5c01tM0VaWEZzZGdla2dZdGVhQ3NLbEx2TWVJWGpCWWdBQU1kZA?oc=5
SU.TO,2026-06-10,Is Suncor Energy Becoming One of Canada's Top Dividend and Buyback Stories in 2026?,kalkine.ca,https://news.google.com/rss/articles/CBMisgFBVV95cUxNRkNZdVI2NEhCYXJMVDZCVTM1N1RYZG5tOUJPV1ZJbS1tLVVmcVEwYWNheHN5OFlMQnk4RDhHcnVJbWZ4ZXhiNU5IamozWU1hNUpQajYwZG9LSGhieVF6NkdUd0xzYkQwY3BSeG83N0xJLU1aZXJ5M0JkOVVBQklDd0VlRmlSdTR4LVR6OGZGRXRCbzVtMC1QTmJHTnVES3RKUnZkTl9nZ1BWelRhRnJraVp3?oc=5
SU.TO,2026-06-10,7 Energy Stocks With Fat Dividend Yields | Investing,U.S. News Money,https://news.google.com/rss/articles/CBMiggFBVV95cUxPUjZQRE1ZSEo1TEtieEVQWnZMakNiQnRLR1pNMTFKUENyaVhlV2R5aWk3alpMUXVkZTFNUmI5Wi1iazdOWGxSeHFnZGZlNkZnbDQxeEZfSzBCVEYwREQ4UGRCRFNWTnZlRGZTNjM1ZnVoZ0pCQ3ljbEJGTUwtSGtnemln?oc=5
SU.TO,2026-06-10,1 Canadian Dividend Stock Down 24% to Buy and Hold Forever,Yahoo! Finance Canada,https://news.google.com/rss/articles/CBMihgFBVV95cUxQRUVVc2JnWm9VRGJ2Y1NrR2Mya01rT2FhQlppbWQxQ1BKMGlEYVdOeG5GMkdsa1FEQXdLdThEcGsxUDNwd3Z0NFFVZVU4eDhzX1M3eld2ZGlEMHhZNm5TX2pzQklXcXNDZTc4MGdRVng1TktoeU1tVV80X0xXYklQOVhsaU1rQQ?oc=5
SU.TO,2026-06-12,TSX Energy Sector Boom: Which Canadian Oil and Gas Stocks Are Leading Market Performance?,kalkine.ca,https://news.google.com/rss/articles/CBMiuwFBVV95cUxPaFR3TUlKcUl2Ml9PTWQ2TFJjaDBqZjIxcWdtS2lZSUlMY2ZKMGRDdm9qT2tqSVVDaElrSkFrQVQtSk83akZzcXVFVG8ybTNsVTlabjNGbFZvZjQxMDdYOVFqY2QyV1ozSW45YWN1cEx0NnphbjFVamdOVlBnUHV2cENhY1hCZ1V3ZmFQQjdRdFE5X2gtOTk2alprUlFEemhtUjd0OTVxRHFpZnJUTkpzUmllTFlld0x1bGpn?oc=5
SU.TO,2026-06-15,Suncor Falls as Oil Prices Slide on Easing Middle East Supply Fears,moomoo.com,https://news.google.com/rss/articles/CBMinAFBVV95cUxNNHBXdXRvV1h6SDZQYm1SWU05Wi0tbjFsSXJ1RFJrbnJFa1Z5U2VMYW0tSHFyLW5qM2RZeUY1LXN6QU9iNkMyeXAwbC01RUFmY2syV2hydGpBWWl0R0M1WEgta0poaDRVUlJ1UldhQ3ljcHNjUHZyUkFWVHFhTFpaX3J6eVVyWnpmVGZaM1NtOVV2OENZdzlYN0R1MHo?oc=5
SU.TO,2026-06-16,Alberta’s first photon-counting CT scanner arrives at University of Alberta Hospital,GlobeNewswire,https://news.google.com/rss/articles/CBMi7AFBVV95cUxQUmNNVEtmVEN5Y25ZZmYzenN6Z0g0TnpxOThFYk1BbDNfd1FwU0I3YWpiYUVGSFkxVkZjODJRWFJnTGZTbkstTUNnc2lJcl9xSm1lU0JVMGpQMGtYUmJoTUwzVW9FVzhEaUJfRy04MHRueTFRYW11WTBUU2NGUXhWNU5jYkZZdzJPZnhyS1d3UVBNQ2FvcnVreUQwSENnVWNXeUUtUXpyVVFkRUc1VTZCVHIyZ2NyeHgwdU9PYlc1OG9GekVrWFpfMl9ERXNlTUhrcHlSU0prTmtKdHBhN1ctUS03VWFhNjZWdE1NZA?oc=5
SU.TO,2026-06-16,"TSX Today: What to Watch for in Stocks on Tuesday, June 16",The Motley Fool Canada,https://news.google.com/rss/articles/CBMikgFBVV95cUxObXRqZzllUEJ3QWxUUkV5SFhhOWQxOGZEa1J6ZHNjZzRyTHB3aFhRZElVQkhFMEZzdkJtSkN3MWNvUXlnbHFfT1htTVpCYXFseDJXVzQzZ2JyTUYzZ3k0eW1xSGxrTU0yaFRpeVVMWXJnem4zNFR4MEhXQXRVanNLcTNVLTZKb1ZrM1N6dF9FREV3UQ?oc=5
SU.TO,2026-06-16,5 TSX Dividend Stocks With Solid Yields Built for Steady Cash Flow in Any Market,The Motley Fool Canada,https://news.google.com/rss/articles/CBMitAFBVV95cUxNZXRGZTdDdnFsT3QwblliMnFNaXVuemY2R0toNEZya1ZHN3ZFcU1zNlFQVWdnTEExODZTM1Y1RjZVLVVSN0dMVVhGYlB5X2RYTE0xVU5hY3pZRXFFbnpZQ3pyWHRJUFJXbVpheFl6MU80bUlEbXNtMUg1YktXS2RsTnk2VVZhbzVQRlBETjlScjNXQXFDZWZRV0RuU0RfOHFQQmxiUEI1al8xQk1kS2lOLXpBYWQ?oc=5
SU.TO,2026-06-16,Suncor Energy Stock Faces Renewed Selling Pressure as Energy Market Uncertainty Clouds Near-Term Outlook,kalkine.ca,https://news.google.com/rss/articles/CBMi0AFBVV95cUxNRjJBbGVONEd2eGNzX1VtRzhRRXdTenJiTmtza0wyYVJXdWd4c0t3LVRzWFFFb2Y1Q1VFdG9hLURuMDM1d2tVdGVBQ0dZcXVZSmJiaHQ5ZFlGR2pwTzI1emdtNVRpY1lFMGJUSWx2MlNvZm40T3BRa3ZyNmt2a1ctcVNIQmZ3YUxwdk1qS21rM2JXWTdXY3dla1FETjVUd0NQamNyeFBKTjN0cVFfZWwwek8weHFCa090MTUzTWhkVHVKZXJDTlVYRWNrTTl6YUlF?oc=5
SU.TO,2026-06-17,"Suncor Energy Inc. stock falls Wednesday, underperforms market",MarketWatch,https://news.google.com/rss/articles/CBMivAFBVV95cUxNUnAyOUFRUmVoOTJlT0RodlQ2R1M3dngyYWF4eTdZN2c1WnhEMEFpVHFyd05lTkFXVktlRDl5N0FxM2tMVVU1ei01d0YzRTAwdnJyWkVCc0Z0OVZjXzAybVRqa0hxWGJZZ2t1MGZibHoxOU4yWm1TZG85NElMcV80Sjc4em1oc3pfcGRIaWIzdFo4cGIyTXVqZUUzN1puaXAyb1ZGLW9rbktUdXZSSHc0WVRnanhYUnNZNFhOTg?oc=5
SU.TO,2026-06-17,"Pulsar Helium Stock Faces Selling Pressure as Investors Weigh Execution Risks, Funding Needs, and Helium Market Uncertainty",kalkine.ca,https://news.google.com/rss/articles/CBMi5wFBVV95cUxPZHI5dTV4Q2x1bzNQREk0OTRwWjd0czNqamZEdkctV3NWdmMwWFNPVlFCTHF3bUhKbVdkMUloREJDaHNjNFJIQWpHR3F0d21iUVdxNDFaaHVyN29MdmQzT3U3Mnh4Zng1SFdQM3dkaUNzWTU3dGllN3FZVEpxcTNObG9kZ1E3NW5tYjU1Zld5eFBkSUoxMTVMSHh5Z1cxVl83Nk5uUFdFVDlYX1FZVktQODBaa3Y2SzFPRnB5cGEtU3Z0UWhhRXM5cnpLYWJZZ2w3bHpXQl9JWUtOcDJIVjVqbFBkVElrd3M?oc=5
SU.TO,2026-06-17,Why Suncor Remains A Key Energy Name To Watch?,Kalkine Media,https://news.google.com/rss/articles/CBMikgFBVV95cUxON3FRUk1sY050cU4xaE9mWWVHOFBzM3NrdlVDZGZ6R2dzOXAtQWZZRXdNeW0zWjZCS0kyYlpra3VjUUR6Q0E0UXd2RWFDYnVvdm9zUUNDbEFCU1BYN2JfZ05BbVpSdzJyMkhWdFJ1RDc0ZFpiQU5QTW9GVUtmYTZKTVREbFJTVXAyZklKdWNuUkZhQQ?oc=5
SU.TO,2026-06-18,Prolonged selling pushes Suncor Energy stock down 2.43%,Traders Union,https://news.google.com/rss/articles/CBMimAFBVV95cUxPRzFuTzhEUW1xbGVoMW84cjhqRjlONUxyNU5ob1RRWVZWRnJxckRMakN6alVqZ0JFdXgtcUpXYmNtN3dxc2FfbHhueE5xXzZlZHFqTGpudlBpVUhnUXZaZWVvY0tsZXN3RFlzZTVmYzJPZTlxcnJRczg5M080TElvTjBjZkpWYnJQMi1jX05yYVBib3ltNzl4dw?oc=5
SU.TO,2026-06-19,Suncor mandating local residency for some oilsands workers,CBC,https://news.google.com/rss/articles/CBMiiAFBVV95cUxPeVN6clNCQ3F0NHZDeVZUQ1JnejF0MWVFMml3VXNWeEYySDgzUGliNmY0azZFbmE1VkZET0RSUGFWcC1ZZ3FteHZ0SFc5YXJFYTY5b3RQdlMtOVQwbXBNZDhGa2Qxck9jMzQweTlUVV9nRkhNRk9SWFc0eE5KNDlsb2tFemE4V3lz?oc=5
SU.TO,2026-06-24,Suncor Energy Inc (SU) Shares Fall 3.6% -- GF Value Says Still O,GuruFocus,https://news.google.com/rss/articles/CBMiqAFBVV95cUxPeGk2NEZTUTQwMEZGT1Z5Q3E5VE5RY3ZFd3JLMDdQbWNNUXlyXzc0SDZVdDk2bW9qUURDRXV2YWZGMEJrSW5LaXBsdXpYejc0SnRqd1VaeHZ5eWRtekNwSnFIUkhhYWQzSmFJR3Q1UHcxb0JGdG9xaUo2OWhvWnlxeWo5aDFyVmdvQWJoVXppQW1mdVdUcnoySHVfdkdJampHXzVYVGNfQzE?oc=5
SU.TO,2026-06-29,Suncor Energy (TSX:SU) Advances Energy Transition Strategy,Kalkine Media,https://news.google.com/rss/articles/CBMinwFBVV95cUxOV1BxTF9BQjBFUEZERDFMWlBZSGRmaDd2Nkk0bmVlaUF1TmZkTmVuSUFzV250RjNWZUdQN0JwOXJBMjF2TEtoZl9fUHRlT3oxZnFqRjlsU0xwOUw4TkJuTE9vTnRIMUhpR0hhN1RpYkx2VE5GY0VWbURYSHdvczFpcjlJQ19EcHJIMlhCYjNGNzFUSzFLWEJCZGdhUE56a2M?oc=5
SU.TO,2026-06-29,"Morgan Stanley Maintains Suncor Energy(SU.US) With Hold Rating, Cuts Target Price to $64.66",moomoo.com,https://news.google.com/rss/articles/CBMiqwFBVV95cUxNLTd5X0ljTkpuazZMeTlVTDRFWXAxcFJmWGhDbDJTTXJoMzcyV2hsZ1FYMjBPVi12U0dqNlRpc3V6MUdVSDV0X05SbUVGWHNWcTU0VXVPeWlQSXpKN3NNcW9UdUh1M25XdWtVWUI1bzdKMW5ybXo4dTdlQmpzYzlsZjhvSElfbUdLek1uZmk0dGQtVkE1TURIOFJ0OVFGSXhhVkF3a3VQRlJ0azg?oc=5
SU.TO,2026-06-29,"Suncor Energy Inc. stock remains steady Monday, still outperforms market",MarketWatch,https://news.google.com/rss/articles/CBMiygFBVV95cUxPRTlBT2xtMi1ERUhLQUo4ZGItbXkzdkd0T3hsYmtNMXl0X0JTRmFvTXJBXzR5WTFXWmYtWnpCQ0NCSFI4ZHVrSHNIcTZsQVpMZXpCSkk1NmFhZmVhYnJUbzBRcm5IRlRTN21aQmJVMEFlSnpQb0U0TkJTSjFxMDZMaXc2ZE1odGQxS1NlSjBEVGRuWl8zcXBMNEZ0a3lCdWt4YmUtMU9wU3lUei1UMy1zZ2hDLTFSbmhjYzRyTEhEdTZiUUFKcks1elRR?oc=5
SU.TO,2026-07-01,What Does the Street Think About Suncor Energy (SU)?,finance.yahoo.com,https://news.google.com/rss/articles/CBMikgFBVV95cUxPV3lrWHhPSWRnSHBSV05XMGl6eDY4ZTRHWk4tdl9MS2N2NFpXT05lNDNuYkNWR3hxTUVkWVJmZTFHRkNDWWRST2t5Mk54TmhONHA0S3k0aUJzYUNQcDhKaFZIcy1lbHE5el9mT2JPUFhZclJHS2kxd1FncEVuQ19jUDM2bFpZVlVCT1d1RTlnVUVsQQ?oc=5
SU.TO,2026-07-03,"Suncor Energy Inc. stock rises Friday, still underperforms market",MarketWatch,https://news.google.com/rss/articles/CBMiwAFBVV95cUxOckVOZ2NxU0ZYZlFxWXlteU90WmZ2TnpfQkdicWhEeEMxeGtteHpqYjhUOW5BdTNkTGNzQVRFUTNrb00zOXEyQlduVWt3TUZOZHdleERNUmhlWmhRVnB4cVhEN1hKSzI4Rk1RbXdOV1ZTY09kcVhRX01TOGF6NmZMZ25tck9OSjZSaFZZb0puRERUNjlNUVZvOXpxWjI1RkoweWlJWEJYNURLYnkzYjMxbEdGb2Jmb1FZMTdLa0RHODY?oc=5
SU.TO,2026-07-06,Suncor Stock vs. Enbridge Stock: Which Dividend Giant Is the Better Buy for 2026?,The Motley Fool Canada,https://news.google.com/rss/articles/CBMirwFBVV95cUxPdURzZ292eHRfblBZRnEyblNRSU0zUHlZclJOX0V3Q3RqbG9SU3B4Y0ZWdnFsbkg0bHIyNWY1ZHBhTkhfU3FOVlZUQk9TX1lYNjEtdVVfSTVGbVprM19GakgzUU4tQ3c1NnlScndxNlRLbjNwZlNaN0ctSTNsdXdSYjR6STEweDQtMnY0RzBoOEJ1d0JPNmFnUkJDS1ZBX2M1T3hXMW1wRUstbGlHR1Vv?oc=5
SU.TO,2026-07-07,Suncor Energy Q1 2026 Earnings: EPS Beat Drives Modest Stock Reaction Despite Missed Revenue Detail - Earnings Whisper Number,dars.gov.et,https://news.google.com/rss/articles/CBMi2wFBVV95cUxPX1hUSU9oWWJ5VGxDdHlJYkdzS0ZiTVRpTGV0bzh6b0lEYkYybjJrX01oc2hBclZsNU5OQzRqWUlSbkxFRUFmS0k1eWxrR0hGNEpoTEhTQ0hzOXc0SFVGd2x2UThtaERULXdWbENvVFk5cll3LWh2MXNlVUNxM1lOSTU0WmttRkN1Skw1UEVLR2k5bzlESUg3N1NaaDdmSF9hNEpWNDNaVFFjMmJ0Z0FBYVVDUF9uU0RmTTZsZ1dibHI5WE1VaUFYekhQdGdiNVlXUU4tQlJ4LWdoUU0?oc=5
SU.TO,2026-07-07,Suncor Energy Q1 2026 Earnings: EPS Beat Drives Modest Stock Reaction Despite Missed Revenue Detail - Upward Estimate Revision,dars.gov.et,https://news.google.com/rss/articles/CBMi2AFBVV95cUxQWXVvV1ZvRnFzQjgxMHdDcjVHY0dIYjhQdkthQ09TRGtIWVpXT1g3MXgzX3ZSX0Nmc2VMT1Z1MG9EbXhtTDdGMnhuNVc3LUcyRDc2TzVodWpyRThaSVFXSWN0ckZlSUVBUmxYWG1zckl2T0pzbzJSNkhhZ2RzNWgxS013QTVKTU5RUkdaa3FDNW1XTFVuSjByQ0IzVW9jRmZqbF9CQVdIbGxyY2xMYWwtME9iZDhQb2Vxc0ZOZTRCTVpzZWVKNmdJMm41X1BreUJNODBNNm9iMmo?oc=5
SU.TO,2026-07-07,Suncor Energy Looks Like Attractive with a Forcasted 25% Upside,The Globe and Mail,https://news.google.com/rss/articles/CBMi3gFBVV95cUxQWjBzWTlHbDBWNHhpRi0xeEczSTNHV1dub3h6NTNfRXZNRXhUVkx4UkhxMzFObnQ3ckw0RWxldWJITFFzV1dabGNLNDN5OExCQWhpTXZQX3V5SnZnWno1VkVvell0QjJYNUxLaFZXbG9jeGVmS1p5VnFTR2JwYllBWF94UkZFclczSlZoRDE0NW1VSm10QzMtUllRU1l1VXViZWlXUnBtQXVTa2NZZ1NrQUZSdXlRcThPUWxINVJQd013eDJQd0ZtYi1sYnpueUtid0g0X1VNa3VXdkFEQWc?oc=5
SU.TO,2026-07-07,Is Suncor Energy (SU) Stock Undervalued Right Now?,finance.yahoo.com,https://news.google.com/rss/articles/CBMioAFBVV95cUxNWlk3QzBnVU9zZlZMZGVYSVVlYUxsTlNZLUxBc25QbEgwaUtiRHp4eTFSUnBrOXFzZWdRejlOX3FVYU5nUjl4alZibmRLWFl0WmxrbU5tWGMtZW0wUU03Um1rS0FiNDRxcnhFVHRaQ2k1c2F2ckJqY2k5ZlJrbzFoZ0JKQXU5ZE5qeE1Bd3hCak5jTjlKcUEwVmp6YlRmTkJP?oc=5
SU.TO,2026-07-07,Suncor: Flawed Market Perceptions Provide For A Buying Opportunity,Seeking Alpha,https://news.google.com/rss/articles/CBMirgFBVV95cUxNeHhMZ2lvRHRINm5aN05CN1hXZ1JrbXhrd1A5WFlGazlTbVJVamtJQVJWRVczaW10eDBXRjBxdUVDYU43dWYxN19hWTd1bG1KLTlXU0U1UWFHb2otN1d2V293bTVBVWNpTVkyZ0o4b3I0ZHo0ZkpLbW5aZTl0YmRBMkNEb0FzMEZkZHNFUk44MXJ4a0VnZ3hkUW11M3doc0I0OThpaVluVHplc1pIX2c?oc=5
SU.TO,2026-07-08,2 TSX Stocks I’d Buy Today as Oil Prices Keep Swinging,Yahoo! Finance Canada,https://news.google.com/rss/articles/CBMidkFVX3lxTE9iWVFLbWdSc1lKVjdPclRsSEtuNTJUQXdpWlNyOGU2UWVoVGJwTjdwTDAwVnZNVEVDeFRyTk45NzZSb25BbUxPdW1ISW5CNHU3X0FKTmo0Y0Q4QVM0ejZGSFZ3RFFjWEp5N0FibXVIZ0hFWE5sa3c?oc=5
SU.TO,2026-07-08,What's behind Suncor Energy's latest 2.0% stock surge?,Traders Union,https://news.google.com/rss/articles/CBMimAFBVV95cUxNaDhScnB6WkVsR1FaV3NXeGZiY3BtcmJoQzZ5ZzVuRHhkaDlqV29FZGZYVXM5QkJsUnNncm1uX0psUk5WaDBjbFNrenQtem1lVlJkZHN2aTBlS1hneHJvS1BTRUpKVkJGUFJ0ZDQ0YWt4M1diZXJMUjdHaVNTakpDRmVBV0Y5d2dDTUtydTh3S3BWc3Zfa016Nw?oc=5
SU.TO,2026-07-08,Why Suncor Energy (SU) Stock Is Up Today | SU Stock News,Quiver Quantitative,https://news.google.com/rss/articles/CBMifkFVX3lxTFBhNnNWUWtrN1I0NFhvakcxdkx3b3FSS3hfczZPRjhMdnQ5cng2M3AzUmIxQXd5Sm5OVGRZRWRueHVGRWtzaXQxRnBkX3hZVVk0bUhGMjRudUpmMTdOUl9QV1dMTXQwUGQxQVRiNVdaUXlLR29hUjlqdmg5cm5kQQ?oc=5
SU.TO,2026-07-09,Cenovus Surges 85.3% in a Year: Should You Buy the Stock Now?,The Globe and Mail,https://news.google.com/rss/articles/CBMi2wFBVV95cUxQdlBJc2k0M2lfYWVmNF9EN052c19EMjBMYkdEQ0ZOVFFKRnU1THkwX2dMQjVid1NNTEtYeVFPNWxqdENOTl96MENiXy1iRi1IWVRyM2t4dUM2N3RWR2Q1b3dPR1ZIeE8zZnV5ZEhnaHpYb3pFOUxlY01aUDhJYlRmZkNFWnZISzZWOEVjNEhkcWVZTktFQ3g5UlhCeFZxcW9qVmt4VjZ1NHZQb1JuMnFTUzBuMzd3ZldydDAwRkdSUlQtbUZ1czBobjNwRDF3LVhmem1hQ1Z1ZGRMWGs?oc=5
SU.TO,2026-07-10,1 Canadian Dividend Stock Down About 14% to Buy and Hold Forever,The Motley Fool Canada,https://news.google.com/rss/articles/CBMimwFBVV95cUxQRm9NUDduSHVJMXl6aThvMGNpakx4aWpiZUdfOW5RLVlNOUE0cG5xeDV3Nm1Hbk5kYnRPS3Azdk9rRDRDVjkyWXJSNnNRQk1YSDNMdXpWQWUwY3JpLWtKakhpVXVKY0ZHMl85bWpNNHZhcTZ3MEN6X2FhSmdlczNQNVUyWVFEVl8zTHZwVkViVWtqSDdFemtTdVRidw?oc=5
SU.TO,2026-07-13,Suncor Energy Surges 3.4%: Key Levels and Outlook for SU Stock - Wyckoff Upthrust,dars.gov.et,https://news.google.com/rss/articles/CBMipAFBVV95cUxPMlBuNmM0TUJ2VmFRWW5qVFRFRDhjQ0xVLVEwdXRsZ1dUMzFVbEE5TUEzTDVBaFo3R1ppV2lPc29Ucm9va2cwcFhxWF9lbC01YnlmWDZIaFBDTmpaNnprbEY2Rk1tbnFHbHdUVUVHU3Z6ZzBvNnVsOHNtT1lEQzZlZXU4cnJscEp4b2IxaFVWWWlESUZDazcwbUwwSmVFaUFKS3dpaA?oc=5
SU.TO,2026-07-13,Suncor Energy Is Up 30% This Year. Is It Still Worth Buying?,The Motley Fool,https://news.google.com/rss/articles/CBMimAFBVV95cUxPZ2J0bUJwcUIzbFVyTE1LV1VYTmlHX2xQcjdqYzR4MDRObzB2TWFtVWlKVThsWHZhYTNmbDhtZTJMdG1oWHJzZ21DNWkxZVJJSmJFYUNQSjJvRmxtSFcyaGlWM0x6X1ZtdVZlaXU0Qi1tZmZFNzJHNk4wTlZVbFRSRW0wbGNjQ054UGdTa292ZlNOd2ZKeXhfWQ?oc=5
SU.TO,2026-07-13,Suncor Energy Surges 3.4%: Key Levels and Outlook for SU Stock - Resistance Breakout Stocks,dars.gov.et,https://news.google.com/rss/articles/CBMiogFBVV95cUxNeEJwYUIzZ0lETGtUaUUwOU1KZmxYMG9vTmIxeEVTUEhDREgwaG9fbFpvcGdXdWFyaVVuMFlzQnliNnMxVXZxTjlWNVhtTjJ1SlVqY1pPUkRHbzZ0bWY3MTR2SmlESGFhUzROSjcxdURyRDhOSE1QTHJGTlcxSDNKLWRDdlNFaGtDOFFkeEpnQUkxdVhNcXRqRmVQaTdoUXgyUlE?oc=5
SU.TO,2026-07-13,Suncor Energy Stock Up 49% in a Year: Should You Buy Now?,finance.yahoo.com,https://news.google.com/rss/articles/CBMiiwFBVV95cUxPdTdQRFlydm0zQi0zbldmZEl0ak53X0FYZ1QzZWc1a1VxU0ZERmppQjFwQnBjR1paVzVTYXBFM0k0cnd1YVVYM2l6bC1WR0xBbXBFNE5VeVJIcXJLeURtZ1VKRmkzdXloOGtZUzEtOS1yNXJHNWU2TGZiWmhySkRmYkhkLXFzSTlleEJN?oc=5
SU.TO,2026-07-15,Suncor Stock in 3 Years: Could This Dividend Giant Still Beat the TSX?,Yahoo! Finance Canada,https://news.google.com/rss/articles/CBMigAFBVV95cUxQbkc2VlJaN0UyUzNRTmVyWll3X1hfMzVhS2tsQVFXSGtLNzNNM1FkN2hGcEE3Sm81UWNPbkFFeWQ4ZHpCNERGelRUdTVGV0E4S3pWekREeUFpT054RmNhY1p6SUxwclhhVzROU2xvTmdRRkY2eTlCVzFRLWU5MC1kQw?oc=5
SU.TO,2026-07-15,3 Canadian Blue-Chip Stocks to Hold Through 2026 and Beyond,The Globe and Mail,https://news.google.com/rss/articles/CBMi1AFBVV95cUxPOWRHRU9LNW5ZQjFIVzRkY2s4dk4yb09qSWEtSklTY2poX2thRUtHbkVWVlVvNWh4UmpPNURYVUVadWllQXB3Z1NpMmZ2RDQ2ZU5lQzE4TVZUWUI5d1hMZUhZcEVpTjJIMU4tV1ZYSW1rQkgxVi1aaC1SWk4tUEFzUnVNaDJOSXFrSjlyZV9yN2xLT0xNZVp5c29rQ1Q3T29NZ0RESFhGdktQNXNUZExPMlBFVUx3YWJvSkhFOTA2S0k5MlI1VlFqQmFEUFZRSlBSYlRxdQ?oc=5
SU.TO,2026-07-16,Precision Trading with Suncor Energy Inc. (SU) Risk Zones,Stock Traders Daily,https://news.google.com/rss/articles/CBMizwFBVV95cUxPS1hZUUh6aWdEUU5lSWdzdkRYUDhsdmwxXzNHNWNSNU9wSkd6OGRveV9CS2d6RkRXbndBbC1TTDktT2stY2d6QlZiUnlsc0Jzb21laElZYTVGV0xrOVhLUG02V2VJZXpOckhOZzNJZWh6bmVxTWR0aXR4eGVJTTlocjhGN1o1ZEFuNThaWlFRd0xlWTFLSENsV2l3Z19GajQxVW5kbjVoN2tmWjlWOWxfcUlwY04zSkhXazZfVGNnVTZoejFYdVFVN0I4dTRsVFk?oc=5
SU.TO,2026-07-16,Suncor (TSX:SU) Advances As Integrated Energy Operations Strengthen,Kalkine Media,https://news.google.com/rss/articles/CBMiqgFBVV95cUxORWJ4eFJVNnZXOWhlbWFxM3FpTVpLTHVxWHdlUlJDZVVsc0J5TGpTY1BDWHlzdU94LWt5TVVBNHNNZUw5LXhjOVUwR1U4RHdjMlktOXF1UjhhRTh1OWR6cGY0QWUyZGNWNS0wSDcyU3lZNG1qZ2ZveTJKV3hMQWV1dGFUTjMwRzdUOC1DeVNqSjFtc040Q1Rnc242YjNyOGpTOTNJcGhxMVE5UQ?oc=5
SU.TO,2026-07-17,SU Q1 2026 Earnings: EPS Beat Drives Positive Stock Reaction - Special Dividend Alert,Vinanet,https://news.google.com/rss/articles/CBMiowFBVV95cUxNWFlFazloWlZnQThnbzFUTWQ1aW1fRnV4eFU4ci1TaDNDaGxTR1I1aWdqbTI3WlRtQlhyZjF6WHg5dXVkdEZDMlNkS001czJzMGx1R1BhdzZpNzctbE9HRU1kaGdVUEdpRmY3OWdmWlRjUlRjcVFWNURsZ1NLQy1DR0Z0SDhOTUp4QUpUdHB4TnVDdXhzU2wyRW9GQVRvLVVCd1dr?oc=5
SU.TO,2026-07-17,A Canadian Dividend Pick Down 13%: A Forever Hold,The Motley Fool Canada,https://news.google.com/rss/articles/CBMihgFBVV95cUxNbVF5dGxaLVU1WFJoMnF0UVBZNHAyQTl4aGJaTWNYMzRnYVhXQ1FrWGNULUdNN2VpODFjVlZzblV6Qm9OWG1rX1lwZEFqcDdIc3o4NHEyTmZkbmdlbDJSelZaNjVsUGZ2U2YySUhZUUhQQTEwdE8yQlZFX1J5cXUtR0tUb05aUQ?oc=5
SU.TO,2026-07-20,SU Q1 2026 Earnings: EPS Beat Driven by Strong Operational Execution and Cost Discipline - Retail Earnings Report,Vinanet,https://news.google.com/rss/articles/CBMiygFBVV95cUxQQlR0ekhYaGx1a2VmRU9EeFBZZElJb0NXc0Nfa2pBOF9pNDc2SEZsNnFHNDVkdzFnNDh2UzJ0SHdMcENKcWRyNXVxMnlYbXRDcEQwY2xDZGNfWEY4aTRsUUZTbmFHMGlOSnlhZGM5cHhfVV9SZGdTNTBWc0JPTUFHaUJHYmppOWhHcWFLQ0tNTTIzRExMLXFYa0dfSE0xMlZZcHhrTWxZOVdhdWNBNnYyUHFpVkUybGVLUzNEUUdneGd4WXc5ZkZJT1FR?oc=5
SU.TO,2026-07-20,3 Canadian Energy Stocks to Watch as Oil Headlines Heat Up,The Motley Fool Canada,https://news.google.com/rss/articles/CBMilwFBVV95cUxORV9WYlI5VlNiRFhNcUFDN3RYQk12aDY3bnQ0WjhCbnZHbWtrUnl2ckx3RWxXMDVUcmhhRDg4YXg3WXFISWJ3dnBUV3hxVzA2TFVpdkp0N1llWS13YlBTMUxHRnZWOFI0MFlBTzAzT2pkYlZqanlVd19PY2xZcUJIaGVZMUhpa1dmdGJ4Z1d1S2gyWVkxLUlr?oc=5
SU.TO,2026-07-21,Suncor Energy Sets August 4 Date for Q2 2026 Results Release,TipRanks,https://news.google.com/rss/articles/CBMisgFBVV95cUxNVUlHT3ZqYVo3VFV4WVpqSDdWZ19CaDR1bEpsTk43REsxN3lMbWRwWExqX05QSG5RWTZieWR1Ym14OFI5U19lbF9LaGlKNHhHaHVkTXRtQlY4c0ZVQXZPaEZVLU1rR3JrOUd6MFZhbmVfa3cxSjJ4Vm1CdFNaZGtuWGx5ajlaaHJ0aWh6OGZFZGFnSTVXbERBazhzYTRHSkc4UnYzZXNCeWE5MzUxVG40OThB?oc=5
SU.TO,2026-07-21,Suncor Energy to release second quarter 2026 financial results,TMX Newsfile,https://news.google.com/rss/articles/CBMiqAFBVV95cUxNVGhrMlFmRGRlbDNxZ0VvbFlHNWIyREtBRVhJQWJ2UzNtRm9uLW5ncDVYeEVEREFDUnpUWUw5R05YcmlTekFMT25zdjNPd3V5N0gzU2M1UGw0bS13RDZULXpiSXp1WlVtUDFoWThmMkNVVEZYTVg4VTBkaVNQU1M3bVhTZm1FeXV0NWxKb0tYbmVfbVMyZ3FTUjl3ZzF2QVNjQm5EWmJGSFY?oc=5
SU.TO,2026-07-21,Suncor Energy Schedules Q2 2026 Earnings Release for August 4 with Webcast on August 5,Kalkine Media,https://news.google.com/rss/articles/CBMizgFBVV95cUxNUngwZXJNaDJYSjU5eFppXzB0Wmx5bXZ1MnZsc1RVQ2RMWlNnejNpVlp5d0JpWXp2Y2JCRTAtWTB6WDRUMlprczRPYmZpMkZnTEt0VWZWdlk5dXp4N29MdkhTLTQ1N3QzN1dRc2duUndoZXZYYXBOcm9BRlU2cGFaSDlTVS1oUUE4Y2ZMN25IVUJodGFZSmxDejc3cTdyc0RJLVpUSkNMZHVaUWMycFVTeGZjOWlXRTBqajJKMENTSXVKYlktLVFSdWR3ZXJIUQ?oc=5
SU.TO,2026-07-23,Suncor Energy (TSX:SU) Attracts Attention Across Canadian Energy Markets,Kalkine Media,https://news.google.com/rss/articles/CBMisAFBVV95cUxNTGN5ZWhQYWJxbWVCS3FaR002RWd4eW9VZThmdDNRLVhoY3Jqck54YU1kMjNrYi1JRGpxU244c09fZTFGa2swbFZOZFZlVTBqemlld25RbFVUYWZwcDdMS0xJZXRoS1lpamFURmRldzhWQk84M05mYXA0c2R4bVlxczlmRTdPNUNBSGlSbGRUWmtPYUxlbEMzdm9BSXBWZ1VXS2RsOVU1Ym1CMTBHcldRZQ?oc=5
SU.TO,2026-07-24,Suncor Energy Inc. Revenue Breakdown – TSX:SU,TradingView,https://news.google.com/rss/articles/CBMicEFVX3lxTE9fQ2txMjdhRV82U1BxSjlGTzdDM1FybzQtclVLYWtmaGp2aFZpS0VDdmZ5ZkRMMFZVcms2emk5VnVyU1l0b3FIOVdmM0RKX3pQNm0wV2laQ2FwcWE3VFlnblZrZ3BqQkxJcWU2Q1ZFREc?oc=5
SU.TO,2026-07-24,Billionaire Investor Paul Singer’s Top 5 Picks: Are They a Buy Now?,24/7 Wall St.,https://news.google.com/rss/articles/CBMirAFBVV95cUxNVERfbzVGeUZzMkFHTVlYU255UllTbG1mR3pDYWtjRElrLXlHZkVqS3VUNjUzNDZfSEhOVGZzSi0yWS1mYkh5WXpfbTFYYzlIbjlISUdDeVlRSE5ScHZESk9zMWVtOFFQdGM2RjNvNmUtUVU4UWhjQWc5TS1TbTNlNHlTTEJpZEZHd09DOGhhbDBJSmUxY2ZvOXpoRXNWUGw2MEpWQzlIdF9FY1Fo?oc=5
SU.TO,2026-07-29,Suncor Energy (TSX:SU) Navigates Volatile Oil And Gas Stocks,Kalkine Media,https://news.google.com/rss/articles/CBMiogFBVV95cUxNNFkxa2FLOEdUbzY0dTRkNkl3WTVwb1hDS05DRDR2MjhWZU91Qk42aDQ2YzZGT3Frbkw1c2RNYlNDaVJIVlNpeXlWcGdmc19uZ0U2Z01NM0ctT0E2NWNhTkpRT2RBaEJ2LXl4amdIQ3dpSEZwZ0Q1dUprMEZUNGFmM3pIZS1pR3hnVEhCS3VTT2I2QXEybHdMR2FTa0VPUl9XeXc?oc=5
SU.TO,2026-07-29,Suncor Energy to Report Q2 Earnings: What's in Store for the Stock?,finance.yahoo.com,https://news.google.com/rss/articles/CBMikwFBVV95cUxPNjlLdldON2pkbjB5ckNpakktemN4UVhQYmdlVXdWQU9oMXVESUk5STNqU2hlRVF0bG1xSEVEcGd3ZkxGWkYyWnEtaU9sRFFIX09Ga1pVOWtxTldBcG1COGVyNDdnU014RFQ3SlZyYWpfeHVLdFZvbzdXN3NVU3cwNG1FbDlLUzRqRExwNVZaWmpweFU?oc=5
SU.TO,2026-07-30,Seeking Clues to Suncor Energy (SU) Q2 Earnings? A Peek Into Wall Street Projections for Key Metrics,finance.yahoo.com,https://news.google.com/rss/articles/CBMikAFBVV95cUxQajlNeGhzY2l5eTFKdlZXSDlYRTE0NkM2UndadUhsWk4zQndEWUhISFVaVW9sU1otNUxpb0RSQjlMZG82Qzh3ZUtlUFBSSzVnVTg1d1RrQXphRlU4bk84TVJ1WU1SQzFVR2xQcWgtM3B4eEd2bVdzOTkxRnd4T09IOXlJX0hEY0ZMSU9WTF9KbE8?oc=5
SU.TO,2026-07-31,Where Could Suncor Stock Be After 3 More Years of Dividends?,moomoo.com,https://news.google.com/rss/articles/CBMilgFBVV95cUxPZkFrUjBlalJpdUpzbTRLWDZwUGRGeFRpV0kzelhDaHFJOENBWG1JME5FNWhqN3B3aVdyb29OWHhCcnJNUjZBdmdjSWFkNkdfalRpRzdLb2txMlJiaWhRYkFieVoyVC1ub2pPYnVpMjJhRHRHcklodDhXeTdrdFBPOVp2OThQZTZpODZ2NEJza09odFhka3c?oc=5
SU.TO,2026-07-31,Will Suncor Energy stock break C$96.16 resistance as buyers maintain control?,Traders Union,https://news.google.com/rss/articles/CBMijgFBVV95cUxQbGxKMVdBdEpWWTdMSkJTMzlyZGFFOXRJUlJZY1BhRzlzYVQzWHQwNTFGNEtKMWpmS011UUxyZFNtcEx6UmpKVUZMTmJhWkl6V3V6dExQalR3eW5JWl9iMzBBUTB6cEZJV3lORnZxYWNDb0dTWHh0R1dmbjNaekJiWk1PT2F3MHF1T3lybGtB?oc=5
SU.TO,2026-08-04,Suncor Energy (SU) Releases Q2 2026 Earnings: Revenue Jumps 39.7% and EPS Rises to $2.23,Quiver Quantitative,https://news.google.com/rss/articles/CBMiywFBVV95cUxQYl9vWkMyd3JlbGxoSUZtaFZaNU1GVmk4dFFYVnlqZXotNi01ZXo1QWtHWk1HalpDSTZnM2toNjgxeVd0UlJGN0oycmotMEFnY0RCRS16VV9JRGJlZ1R6Z3J3bkNVR0NIYjNURWRGbUxfSV9FY3ZzTkVJWVdUSzFkb19XSWJoYmI2amFJekZ5Q180eE1XSF84a3lVY3hsLUdrbldGS3VzdmZ0aXZNam1CNWEzeUp5MHRzS0c4OEZjSFVtWWxKNTFjY2hhSQ?oc=5
SU.TO,2026-08-04,Why is Suncor Energy stock falling today? Next price targets to watch,Traders Union,https://news.google.com/rss/articles/CBMikAFBVV95cUxNbkdhendpem1yekFpR21KRzBVa1RZblVCVHJVUXBMdk42VTl5UGtmejVidUo3TDRNa01hVWhCNE10WGpLZERpeDMxckMxcENlaTdXX3FUdkgwMUpTRUU1Y1ZrM2JzUldvV0VzOUgxcUJGUFkweTFFOU00WTdYb0Zsb1oxYWwxb0VGY2xJSjRfM0w?oc=5
SU.TO,2026-08-04,Suncor Energy beats second-quarter profit estimates,marketscreener.com,https://news.google.com/rss/articles/CBMipwFBVV95cUxQOGZyTHBibC1nUTI2ZUZVRDJ5dDdCYlpzMUIwNlR3ZFVCNk9qekdFN2Z1bE5XYmsySW56T3N0SmZiLTZFejNNODUwZm1CTGJHZTY3elVZUzVMamNRQV9UcWdvMW14Ti1NQzEydFg4blpjTDVGUVhsd2Fyano4Z1pURHY3dTU5NmxOVk8zUnFFall1U0NTblFHWll1bGdVV0NLME11MVVHOA?oc=5
SU.TO,2026-08-04,"Suncor beats quarterly profit estimates on higher crude prices, refining margins",Global News,https://news.google.com/rss/articles/CBMihAFBVV95cUxNc3huSGtuNXhZLXo5amlIVXBjQ29YallmMnA2THVWVEJQV3I2UkY1Y0s1UFdxNjIwWHZXZ0s2REYxZlMyX29sRGNtMWlyMGI5V3Y5RWdrZlNHdWVlMTlBeEYxRDFVandsUDFyWUxDZDVkXzhvVi1OMlJnaUg0ZDItTG0ydk0?oc=5
SU.TO,2026-08-04,"Canada's Suncor beats quarterly profit estimates on higher prices, refining margins",Reuters,https://news.google.com/rss/articles/CBMinAFBVV95cUxORFpCNnVZQnJfZ1FDOVpHbkVsTE96LWVIU2dINkh4VE5aa3dhYXNDRWZfeGVWOFBia3NBSFpJa2xSeGgwOEppazRQeFlNaWdIc3ZJVlBJT2ROblFtVk5WYlV4UE9kQnQ0ZzRvWjJWNzdEcVFFQnF4UHI4NnFpM1BjSF8xamJiMEFnT3I2eVNxd2x1aW5LT3IzdXZtc0s?oc=5
SU.TO,2026-08-04,Suncor Energy approves $0.60 quarterly dividend per share,Investing.com,https://news.google.com/rss/articles/CBMisgFBVV95cUxQRmdzUC11VlBnamE5Vm5RallTajJnZkE5NWVpbnFWTnZOLXhNRmtfZ3V6WC1qaE1mQnY4SXdmYzQ3Q3ljUnpfVk43ZmNkV1lfejFDM1BVUXAxeWR3dnNhVU9TMzQxZVRSck5jLXBxZWtJR3RCbElVdkQ5MGl6U1JKQ004TVBRd3M5WWdxLVV5RWMxMjdpMDNrdVBTWVMweDNINlJEcHh4QmRRd1VKcVJDRHN3?oc=5
SU.TO,2026-08-04,Suncor Energy reports second quarter 2026 results,TMX Newsfile,https://news.google.com/rss/articles/CBMimAFBVV95cUxQekNDWHlZQ2JpeldsZENlVVAyQ1NMRVFzNm52bXJDQXhKNzJRUTlGMTNsYzFYVkF0SGlRMERRWUxOQmtSTFJfRE5LQnQ2MGdoVmxkV0ppVEt6ekU2Vm90RG5kRFl2TmFwYnYxUnAxVVdtU242ZVQzV0FaUzJ4Q1BNaUNWN0VKM3plOUdGZEVYWHBuLTlITGN2bg?oc=5
SU.TO,2026-08-04,"Suncor Energy Q2 Adjusted Earnings, Revenue Rise",marketscreener.com,https://news.google.com/rss/articles/CBMiogFBVV95cUxNeno5a3JRZkVaVENLMTU0M1Q2UWZ3SlBNc2t1SFpIQWgtaTVidnJGeEUxVS0xRHV1NXZQMWtGcGpPWW9qNDhwQTM0SXdpSy1kQWQxNmFadVh2Yy04WGhKNTRoaDdsRHRjVm1DLUptZ0NDbGRRdktrcFdya3ZRaDRHTWllMG9QcTRJUV9PSFJ2VHhuazQ1OGU0aEV5eUVvZXA4T0E?oc=5
SU.TO,2026-08-05,Suncor Energy Inc. (SU:CA) Analysts Forecast 17% Upside on Positive Fundamentals,The Globe and Mail,https://news.google.com/rss/articles/CBMi7wFBVV95cUxQYUZNeFY5V2pUNlhOaEhyWHN1em54LWQ5OWRtcHFvT1N1M29GMzJZM19XckNZWjBLZ2ZBbS1LbzdiUUZCQzl3YlRZYkk5WW5hWDNQS0dKTVFJQ1czVkVycXRrQmRnWVJjTy1zU051Tl93UzY3QlJtSFEtbU5MWlNLWFhfN0p4Y0Fzb1ctZk9hYUdveHF1SzlPd2V0cERLUkpUNFZGdjZfdHozb24zc3RBM1RpVVB0RjVRb3BiWnZsc2FzZGJCaWdyS3hoWDF3M2pELVRKaENJbm1WVzktbU1wckx3eWpMd0pGMTJ4dlBHcw?oc=5
SU.TO,2026-08-06,Suncor CEO Rich Kruger stepping down in 2027,Financial Post,https://news.google.com/rss/articles/CBMimgFBVV95cUxPWVNMRWltcWFRRkNsNW9IOENWODBUSnlHVGVVT2tlUUxjUzd5emFCWHBOUnppNERkRzdLQXRXMHFUMHZ1VHVvd2s0RDNJb0RSamdub1hLTUgwNHRPQ3h6dDlDMERmb2JiaUFwV0ZLODU5OXlyekNCbThXQm5IaXJBVFc1N0xWbDNjbzhfV3V3SUR4UFFnUGphb3BB?oc=5
SU.TO,2026-08-06,Suncor Energy announces executive leadership changes,The Globe and Mail,https://news.google.com/rss/articles/CBMi0AFBVV95cUxNQ1pfdFhZQXBrbFZBcUlGSkhBYWxWXzZCLWRMcHdHOVNBYnZPQUtESTRuYzRHVVp2cHZiLVVFcUdkVllxbGd3MU1uX1N0OFdHWHpnVEg3R3phZkdIeGhmWWpnUTJJNVV4Q0ttNU96YnVIZzNPeHZkclFRSUM1RXhRaUl1ZVVQZTVKVWZ5X0lvUUkyWkxNSVUtd3BuSGlTellQNVhOUklTbVd1YjdSYi03TUplTnVMT0V3djJvU3hiUTdoRGc3REJuSmVFQUszOGxZ?oc=5
SU.TO,2026-08-06,Suncor Energy (TSX:SU) Stock Still Looks Cheap As Its 342% Run Continues,finance.yahoo.com,https://news.google.com/rss/articles/CBMilgFBVV95cUxNV0pWc21UZUV6R0EybWtRS1A2ZWJvbWlpNFZBd1lWR3ZsN3N2Wi1PSGVOY3Nvd05vcll1azFQVnNwVUwtdWlLS3ROLWFMSXR3X2c3YXJtVGxGRzN2bXZQTDdZN20wUTVHMGlPa3gxOXRYZEREODRSWUc5cVJxMEMtdVNtb0g3U1VPdFM1Y1V4WDh4M0hsN3c?oc=5
SU.TO,2026-08-06,Elliott Issues Statement on Suncor Leadership Transition,finance.yahoo.com,https://news.google.com/rss/articles/CBMiqwFBVV95cUxPN3BHZy1faHhTd0MwZEpMYVhIblc4bTJOTGVPUjJwVDA4M2Z3OWNjeXN3OXV4bkwxRlA3bVFaNERWMXpwc3dxc2xadGQ4ZFpKOHM4Tm5lRXIwR25BMmI5RjIxU0NzQ3JZRzNmaGktaVRpaU5JMzZwbEtPUmFtLXVrUWZsMjdwSHJROWE0VURpZG5SRDlTNDNxblpyRkRhUVk1ZzhheUg4OFFJajg?oc=5
SU.TO,2026-08-06,Suncor unveils sweeping personnel changes as chief executive to step down,Upstream Online,https://news.google.com/rss/articles/CBMiwAFBVV95cUxNZXFJUjVoc1VvYjBsRU1LbW0zN3hRakFGVDhTR2xXVTVPSXVHdUlvWDNiWUcteVA5MjdpUHNGQnZUZGlocEgyVS1EeDhLM0hHVVg1aTZtMHFCOHItTDdPSExrZ3ZRLUozX21LWUtON0RSY0lEWWpSVEhxelNSZFBvSmZkbk5DQkd4WWdtdFMtWG5JS3ZmMU10QTh1ZlhhOTBHMXNoSXRMMEdCQUpfZ05vTlFFTjNWaWR2YU1JU0tCejk?oc=5
SU.TO,2026-08-07,"This TSX stock soared 28% this week with one analyst seeing 'durable, profitable growth'",Financial Post,https://news.google.com/rss/articles/CBMihwFBVV95cUxNcUVkWVoxX3pCV182OUFObmhLOEgzMElaUm9nNVVzU3liamJoWHoxU1N3ZXVZcVdqajRIUEp2TzJnNTFPZUVFUktfLWRZTGdnRDU4TFBVM2tMUmFST2hac0t4dE9IVTE0TVdiQUZZaWJWRGg1RXN4b09MdWptYWVocVJtVGNHNXM?oc=5
SU.TO,2026-08-11,Suncor Boosts Buybacks as Record Cash Flow Supports Bigger Returns,finance.yahoo.com,https://news.google.com/rss/articles/CBMilgFBVV95cUxNb0VuTXY4ZHp6U0pJS3JPdW9IMDBLeTZzUnhyTWtXZk5oalFUaDNTZEpsakNfbW9pa2Jmb0taQThKTmViMHk1cXRPYWtKT0k2VTQyc2k0SmNlVUpNb0J6b25IaVE0T29mWUxEOHJjQXJVRjdWLVdLTmxQRGxXUEk5UnJldTBDdEsxalU0U1dNTGlPM3FEbEE?oc=5
SU.TO,2026-08-11,"Samuel Alito gained up to $2.9m from oil and gas assets since joining supreme court, analysis shows",The Guardian,https://news.google.com/rss/articles/CBMinwFBVV95cUxQbVQwWkwzZ3FTTW9uTjFVb2lvbkFxOFViN1Blc0NydmY5VjJMN2tuUWxsM1dyM1RvTjEzTVZSRC0tbUs5Y0ZNcWJnRUsybXBwZmRKcjM4M1RlOGozeWJ1bWMycUJLRWZzVENSNWVRUWhDRU83Xy12eGtib2I3Q2t0WmxiTDhrbXV6Q1oxWWhFbi16WUlhalREYXFuQVNGWHM?oc=5
SU.TO,2026-08-12,"Suncor Energy Stock Climbs 0.88% as Oil Sands Production, Refining Strength and Canadian Export Growth Support Outlook",kalkine.ca,https://news.google.com/rss/articles/CBMi3wFBVV95cUxOb0Zna1ZNbzRMOThfQ3JyXzBMcFlPbE5naU1OeWIzbXZ4ZmtsUy1wWUdCbU1HaGlEYktKZ1F3T19QbnZuWDhOTzIyTDJJN19uaFM5d2dndXg4UlVhVFJjMEZfbFBZRURrSGpmaTBtZUUtMTlNYlB3UFlVQ0NJREhRYmh0NTU0WUk1bWJQTnRoWEJBMDhlWHVTN1JuUkFJOERjUmNnMlR0YnMyMmFoVjFnYVhnYVREb2p5WktoRHltQ0R1UF9iUHctdHI3VW5mS0UyQ19MdXN4bHBjMmc0WFlF?oc=5
SU.TO,2026-08-13,Should Suncor Energy (TSX:SU) Investors Expect A New Direction Under Peter Zebedee?,finance.yahoo.com,https://news.google.com/rss/articles/CBMikAFBVV95cUxPblFiRjRPbWpTQUpPc1JnV280bVRkeENCNlRpQmQ2ZzJQVUxwdGMzNENWTGNQcU1XY1NYbnFFaF8zVlRONnEwNkg1Z1B5SFA0enFUVWgzUUZFckJVS2V2eW93Q3l4TE9uQm5HNWItODR0WjU3eVlYanUzTWIzRVI5bU8wS1VneDI1aEJMdmFsOGc?oc=5
SU.TO,2026-08-14,What Does Suncor Energy’s (TSX:SU) Low-Carbon Expansion Signal?,Kalkine Media,https://news.google.com/rss/articles/CBMipAFBVV95cUxOMGVCY2w4V0dYRHVMM2hjNGtOUVJRZmpKcThjcGJlT19FbGZHSVRLYV8zNzh3c1c1NDFZQTg4ZWFtY2N0MWlDbmtRaEFzc01IY1pjQ3RiTTBCWHhHNE0xa3M2enYyYTlRVDdaU21QbDFoVTN4TDJILWpMOUl1dC1pZ2ZCTWFFdHpqc0dRTDNqN2RMT045RlJTZ1A2M3VpQ2pqeFNZag?oc=5
SU.TO,2026-08-14,"Suncor Energy (TSX:SU) Climbs as Strong Cash Generation, Higher Buybacks and Oil-Sector Momentum Lift Investor Optimism",kalkine.ca,https://news.google.com/rss/articles/CBMi3wFBVV95cUxNV0V4SGI4Zk9xeWlFU1RQdFJWSllYOWREUWh1Q0E3N0lQZDFUV1RDNzAtTElRVnRSRUZpdEN5VTMzblVwNG83LTQtbjVBNlVjU2JfZHZSYjFlbThTUFdGclB0ZWFfWVo3d3pab1dWY2M0NnoycUdLUnhHaWhZc1B1MXlwdS1xd0RMY3BUd01iTzc0ZGxMMzRRQTdqVURpSHczbkZJZV9XQTNxNk9MSnlRQk5nRXp4ZnNNckg3RnhhNDRXZnJSRWU5RXNHNUNNd0NiQkppTURrdDF3YzVFM3BZ?oc=5
SU.TO,2026-08-17,New Report Exposes Fossil Fuel-Backed Network Flooding Supreme Court with Briefs Seeking to Shield Oil & Gas Companies in Climate Deception Case,Consumer Watchdog,https://news.google.com/rss/articles/CBMiiwJBVV95cUxNWktuNjlhWWtKeDE5MTF0QXhuelMxS2tWQVBNVHZWSVZvdkZna2xiUWRVaS03VFZOTjVocENzSlR3cWdmeUJrZVVheUtfY2dSMDJ0Uk1GMDFDdm9RaXIyWFQ5SHROTlE1V3VieVlMenhOdUVKMVZ4d2pSc29teTFrZlVBQ1htY21DSVFCbFFiU0NvQmpRN2xKMDZYSkRXNUM2eXZ5dGl6TDlOVFBGVHVMQlN6T2VLWGtpam94TXk4VHlxbHpsZFFOcVJ5d3BBN0FBMnM5SE5fUDhPckRFTFU5eGhMSDJnYVg2ckF3RXllU2NSR3NHNGRiMms4LTNTQ3Zhd1NyZk9EdUFqQUk?oc=5
SU.TO,2026-08-17,"Jefferies Maintains Suncor Energy(SU.US) With Hold Rating, Cuts Target Price to $66.32",moomoo.com,https://news.google.com/rss/articles/CBMirgFBVV95cUxOdklPeEFVWEVBR2hkZmt5cFhMenpDTGM0WnY5UFlRd0ZqMnUtWEhOR3pJcWxtWWlTUkxBUXBHQXFjcnh3Nm9qdDBnV2dRMlkyT1ZaWnhHVjU3dkpkUWJnOWxxa3psTUprY09tMnM2S1p4TmJ4S2dIY185aDZLUUVrazZrVDZCVm5DY2xYU1NBYnFEUVlnVWlOM3ZIM3cxNGY5M01jcVFuejR1QXVGdXc?oc=5
SU.TO,2026-08-19,Suncor Energy stock forecast: Consolidation near C$97.64 resistance raises breakout hopes,Traders Union,https://news.google.com/rss/articles/CBMijgFBVV95cUxPRXE1WDlQSlR4SjIwajNWWlNlM0tNRUVXMlZxVUc5LV9abnpSakdFbTc5bXVqR0U1VUdOYXJxeVBSOFFfSlNfSDFGTG5LSktTYlhVOUJZMHMtbGkwcGlpTFQyS0dySmh3aTh1alJpT3JjVE5uVmU5S0U3OTU2ZFUxYkduX0x3OW9iUi1xRTFR?oc=5
SU.TO,2026-08-19,"5 Energy Stocks Breaking Out As Iran Ceasefire Ends, Oil Prices Keep Rising",Investor's Business Daily,https://news.google.com/rss/articles/CBMinAFBVV95cUxOMm1HQWlVMUdDMERoTnpOWlFYV3RlM0pZUWNKaWllYXhEdm5YVU9QOGZ0TXVrMGc2UU9qVnFEcTMwUzVBS0g0bWFlV0l0S2dYR3BRNlpjNzBKQjdUWWM4ejFxTzVFVk12VWJHcHVRT29HX1ViaXVzQlJNSzNIQ1k0RHN3NUJSZ2ExMFQyTnZJN0FzVWF6UjR0N1dTNFA?oc=5
SU.TO,2026-08-21,Will Middle East Tensions and Hormuz Risks Change Suncor Energy's (TSX:SU) Supply-Security Narrative,simplywall.st,https://news.google.com/rss/articles/CBMizAFBVV95cUxNc1k3bnhHVTlmRjAwSzdTZUduaUtLbGVOZ3RyOXhoM1pNa0NsTTVLdmlYcXRWaWtCa0NXYlhWT1huLWNOOFhmUGJzVUhkWEZGcUpmX3hodFFDRjJTTW9ySlIwSU1GLUVjUFd6Z29nQVFMWHc0bmJFcVRkZWM3MG9lZkxTSGtxcHd2NG1zY2xfcjJEREotSVlxZXdTLU00djcyMDNPN2tySjg0NVJUaUIzS1IxdmNkQmZGNUY5aExVbkNkNG54eUlSWUhoQ3jSAdIBQVVfeXFMTXFyVVI0ZENSVmJWX1RzQjUtbEt4MktUdVloTEhaVnFMQk9kcDhLWnNBaFdnb0ZmSjJWWS1WNnFIdEM1VWsyRjkxeEg1dEtIdnBCd3lGelYwU1BkMm5rY3o2X1pmMHU4cTU2QzZFekJJM01obm9Fc2JtemJyX1NJVnVnb2RaZlNRTjdjTFlMTmo2Q1dQV3A5Snp1WGtLT25VeGktVk1PbGF2eDNiQ3NveGhldGJKeWpuNUhRMEpCcFBEWTh0ZS1Nb204aWJFaVByZEVn?oc=5
SU.TO,2026-08-21,Vise Technologies Inc. Buys New Shares in Suncor Energy Inc. $SU,MarketBeat,https://news.google.com/rss/articles/CBMivwFBVV95cUxQckZIeFE0Tmg4NHZ2ZHlLTzl4ZXNGVHJ4QVRHN0pndTNtRUJLUWtBRnkySmxINnM2N2Z5SEw3NWRrX1NtclpVWjRvc2tXRXFqZnNGeEgwdjFTQVp6bk1pMTItSUxOaWFlTVlMOVNCc3gyUFk2bi1QOFUxMW1nQzBLek9HeDlSanF3dHZWRm9wZHJKUXFOZlJURTJQcGJ1bF9BbFlpWFAwNjJxX1N0ZUVHdG9NNU1oZzJHTXhFNFl3SQ?oc=5
SU.TO,2026-08-21,Enbridge Vs. Suncor: Which Canadian Energy Stock Is the Better Buy This Year,moomoo.com,https://news.google.com/rss/articles/CBMipAFBVV95cUxQV1ZXZUxxV0YybzZkLXVvRHpDemVXOU5XT0JwQ0tweVdfZnBiSU1Dd3FvY2VOT3RWNWdpSmZPZ2NPc3kyY3ZBc3dyUTBUaHViNm9WeGdvb2pBT3VGZFNGcUttZkZaLVpaNkwzN0I3VFBPRkdMTnZ5aTAtV0ZuWXJ4QnJORUhNeVB4amdrUnJaR0xjN0tNQmd0TlRTWGRONzlwRy14VQ?oc=5
SU.TO,2026-08-21,Enbridge vs. Suncor: Which Canadian Energy Stock is the Better Buy This Year,Yahoo! Finance Canada,https://news.google.com/rss/articles/CBMiiwFBVV95cUxQMENTaFdGR216cEV3YUdVc2h3SmlvUG9qZXZ1WUg3VTRiOEc2QTZOT2t2ODZqdzJ3M2dFV3N6MkY2QTBiZWlNV1psbHpzNGN0ZlZETVBXYUNwOWUwR0ZFdkhxMVRQM1FJbkpyZTI3RjdKMVBZYldqcUNxZzU2WEs3NDFLSDVnZUswUEM4?oc=5
SU.TO,2026-08-23,Evolve Private Wealth LLC Makes New $1.68 Million Investment in Suncor Energy Inc. $SU,MarketBeat,https://news.google.com/rss/articles/CBMi2wFBVV95cUxNeklqSHZjMUI1bURvQUtxcUdZSG9xSDBaQXM3a0d3VlRXek5mMTFWTVF3dGxmeXRMS1N0N0ZkbWNLWXQ0M2JFRzBLUEkwS3ctNzV6Qm53WUdKQmRWUFdhTGVaR1lZWDd0Q2h3NXJQQ1pLWDVheHlYbzM4TlAxblhuMTdUQTRIMDhGOUtXdlN5Nll4UlJLSE80ODhxTjBaU2ZiaFhHOVpWTjh4UXJ4ZVFoNTM2S0lTRWZ2NXc1X3Vkd1lBN0FEczBGd3pxakJFdG1lWGladXB1enIzc28?oc=5
SU.TO,2026-08-23,Heartland Advisors Inc. Makes New Investment in Suncor Energy Inc. $SU,MarketBeat,https://news.google.com/rss/articles/CBMixwFBVV95cUxNZmNWR0QtTzI5WktiZ255OUlPQ1ZwcDEzUm5nbEZZU2dJM2x3eVJSLS04N3JiQ3hSREpXbGg2Wk5pQzFwcnQtRjFaQWVDempNR0tmeWxwMzFqRTRnYnF1TTQwcDNDSFN2Y1FPMFZIdEM5T2hlVkRDdFgyZ0hUUDJQR3ZuTjFPeFhpb2N0RnVaU0dBUGlTVzFoc3oyazViaS1iRHMyWlI5MFVnbHYzNFFqWUh0Tm9ISEtwRUVTaFgtMm9TOWFqSktr?oc=5
SU.TO,2026-08-23,"GQG Partners LLC Acquires Shares of 2,293,204 Suncor Energy Inc. $SU",MarketBeat,https://news.google.com/rss/articles/CBMiwwFBVV95cUxOWHo2VjhEMXJsWENsUUF2ZmtjOFJ6dmtkMC1ybFU1MEVKRmxqX1Y3cU5jLTgtWXdJTWhfdng2RHA3UWg4X1pwY0t3eGhlbU1DNU85dFcyQmpNa2F2RkdzYk45SGFmYVZqZ29uRTNCUlFUcm5NdHEtMlpnd3BaUXNTaTh5YXpmcnpXMUNPbHl6Sk9MNHVUcWx1cU5KN1lubzg0UVNoN0hLQ1diWDJ3TXVneWQybm9OSXEyX1pFQzZjSnhxMkk?oc=5
SU.TO,2026-08-23,"237,305 Shares in Suncor Energy Inc. $SU Purchased by Quantbot Technologies LP",MarketBeat,https://news.google.com/rss/articles/CBMi0gFBVV95cUxNRTdzOF9fd3IzY0h2Q2JQX2pCMnROUndDT3FiNk9LRmd2N2xKTU5VeGtkbk1tRmRkYkM0SllFU0p6MEkxZU5NOGt2c1dpNzhfbWNleXhWZ05ybS1NdmlKRXlvcWtXM0liNkxHRE1GcUhCOVNYTGpLQzZMdUxpS0o5UW8wVFFjZFZxNmUwM2JzOGFZMlBuRVpQcGN2Tl9oVzlfcllpWUhkMUdMblNJeHl6QmlFR1lzdzl3b3Z4U08tdXBTUnh6UGdVVk5NVDdHTHRsQkE?oc=5
SU.TO,2026-08-24,Connor Clark & Lunn Investment Management Ltd. Invests $816.55 Million in Suncor Energy Inc. $SU,MarketBeat,https://news.google.com/rss/articles/CBMi5AFBVV95cUxNR3V3VlBrWFZweElCS3REU3BtTUxDd2FOR3NacmdUTzlFSEhFcl9wcEFDVTNHdW9HdDZsLVBnRmllSDlEaGRfckJTdnlzWVpOYUp2dmVTakVPMUZRNmRNTzl3U0huLWM4S2M3YXJhRHZ3QnBuSjFScVhPdnpfLWxHakRLNENrMHBsTmhXRkJTUjU3OHgtSzJSdTJKc1F0NEFXcUZjNUp6cDROajdSZjJsMEE0WDdGMnFWQlRma1pneFNWem56SjR4X2RKN2trSXFQWXd5blJZd0hiMG1EeVdsWERDUzg?oc=5
SU.TO,2026-08-24,OMERS ADMINISTRATION Corp Takes $81.88 Million Position in Suncor Energy Inc. $SU,MarketBeat,https://news.google.com/rss/articles/CBMi1AFBVV95cUxPMUdCSDliRTFPbW1lYTNEcnViWDF2VVRnYlV4WWNabjJJbnVQQWhnbFVkU0stWFlqYTdmb2dFaTJ5ejdVZFFNSkZiMlF2SDJ3bmtCMDFTZHBhNWdXeVV4djZRS1lXZGh3ZGJVMTRHbmdtRmVhUENtRW9zUHZ3a1RqLU0wWGYzbmZvUC14VTRoQ2xOQjFtSzNGUWl0UUZaMldfajQxb3hDclJRXy1tYllXcXF3WWtwTmZkcnBWZHc2dXNkNF9yVExFTVJwbmJkOEktR1FMYQ?oc=5
SU.TO,2026-08-24,"2,746,712 Shares in Suncor Energy Inc. $SU Bought by Bank of New York Mellon Corp",MarketBeat,https://news.google.com/rss/articles/CBMi1AFBVV95cUxQUnNUYmpOcDM3bGNMcE5sc0tubE9ONlYtQnJfeno5eVoxUkUtZ2VtekFDa1UtQWdQMEhrU0hPN1hpUWh1TW16NlVZS2RiSnNUWDhIU1Vwc1p6ZzdibDNzSTNaZGVPUzl0MzlKYjNldGJEOWNqaWozZ3F0ekVKakdWWUtDVzZBdnY2S3plVExOY1JPOGRVT3NNUDdxYlFLSHBTY2JDVlJxQVEzNk5FQmtCWWdmTnNSUzZ1NlNjR2xKaE4zZFc3eDd6M25XakJlSUZiZnRkNw?oc=5
SU.TO,2026-08-24,Could Suncor Energy (TSX:SU) Strengthen Its Bluechip Status?,Kalkine Media,https://news.google.com/rss/articles/CBMiogFBVV95cUxPaV91X3NhaGF6N1VZUTA2YUZRY2F0aXpmd2FaVU1NNTNHdHZPYmNWVFdjQ2tnYXlMekRzbWsydWpXNDBWbWJGSG1aeVZYV05TRjVWNE96VmxsRDhUNUg5bExzT3FjcWRTZkd5YjR0bGMtSmc5Q3FXZUljaEdQZFBoR2JlajVPZmhOVTI4aUtmTDJYYTNlMlI3ZC1KQ3JJVHo4UXc?oc=5
SU.TO,2026-08-25,SUHE: 58.37% One-Year Surge Meets a 10.98% Screener Yield---Suncor Income ETF Turns Heads,kalkine.ca,https://news.google.com/rss/articles/CBMixwFBVV95cUxQcEVPeHhVbUFLUGdPNktScUladlFVVGNUSW1Ic1BXMEkyY2tsb25kam4teWFOVXNXUmh4Q09rM2tGNlNsZlN5YUNEblpSNE91cEZOUWQ3c0V0WnBGY2Vtb1gyZE9IcGgtbUJqMG1VWS0tVlBqQ2l6bFEzNXRCcko1YlFvRjNSdGVrXzlaclNGNEZYS0U5WW9Qa2tCb2JYZE55ekhfVGJYZUFaMVdJdktwWGZxam12NHhqaUxPMkdXc3kzXzRjRzRJ?oc=5
SU.TO,2026-08-25,"21,675 Shares in Suncor Energy Inc. $SU Purchased by Osmosis Investment Management UK Ltd",MarketBeat,https://news.google.com/rss/articles/CBMi4AFBVV95cUxOTklSdlZmMTc2ZkNIeFFUcTdTSGM2Z19lcllqNE9Lc3hvTnA4VmZqRmZ1amxFeFh5Zm1JTUp5TnBSS0RZNFE1cFE4TWFodGUyNGhQVTVEdkZRaUdUNGl3OEgzWDE5M2syVDg1UktYcU53OF9hU3FvUUdGeWJKUWlmZFB0d0UzUlliN3hIUWxpdDVxMnNBV0RHRlQxT3ZpUmRMcm5IZEJPTzZHMnUzYl9EbGZIMlZkcFdTd29pdGswYlQtcmVwYWhMVDNOYjhaby1ZYmY4aEpwQ0pkbjgwdlZPbw?oc=5
SU.TO,2026-08-25,3 Stocks to Build a Strong Canadian Income Portfolio,Yahoo! Finance Canada,https://news.google.com/rss/articles/CBMihgFBVV95cUxOMUZ0M1RUTFh6eHBxSXFiTDhMcjVtYUlRZzFrT0h4RlNwc2VqUy1YYXd0di15ZzA0T1dLdS1adzY1RGlGSWJZWnBNUHd6dHFaMXFJY09nelpRZ2FVT1RLRzRWQ2o2dzU4TmdRaVVmMTZpR2RzQ01pRmpaWEdsYmd2QUJQMk13UQ?oc=5
SU.TO,2026-08-25,Northwestern Mutual Wealth Management Co. Takes Position in Suncor Energy Inc. $SU,MarketBeat,https://news.google.com/rss/articles/CBMi1wFBVV95cUxNTEpiOUNOb1lHOVFtVm1UVmVaN1p2QnZveFhkUjYtcW9xY1E4SXZQbUJUS1Qzdy1ZN2VIY09KTExWUTRXTWQtQW5vd1NEdDItTU96eUJsbG1TMWZqYnQ1UjQtb251aUFUMExHX09pTGdRXzNwNnNacHRUNnJtS0M3REFodzNEOVlxSk91WUwtd09kWFhRcGZMUFhnUXZ5UGpJN3NtQUhSbDdoMEU1MVQ1YUNwY3RuYmpfYzlwODdDczJNWThhS3NJSnZscTFXUUV1TFB1elotQQ?oc=5
SU.TO,2026-08-26,Here’s How Much You Would Have Made Owning Suncor Energy Stock In The Last 5 Years,Sahm,https://news.google.com/rss/articles/CBMizgFBVV95cUxPNDg2S0duRnJ4Y3V4aWhiQTFOdl9sNXhpeEJUd0FjcGRnUngxT1NHMjR0WnBOS2VVZmtnLURFNnItdVo4dU5GR1k2N2Z6Z0xkZmZQM2g3Z3Z1MWtKcUdDYTA4RGdPbWZxSGN0OS1rbHhHcFhhanhLdHNJNnI2dS1ienNCWkRZR3F5NGQ5YTl5b1VEQTFOQmUzNmljM3E4N28tM1VmZlBMMFNlQ2lzdmFURGlFaUxRVWwxWlFlWEJhM0diRTMwSFZuZlRJaThPUQ?oc=5
SU.TO,2026-08-26,Polar Asset Management Partners Inc. Buys New Shares in Suncor Energy Inc. $SU,MarketBeat,https://news.google.com/rss/articles/CBMi0gFBVV95cUxOUzhRXzNWU0F3OTZtaWxTcWVaRmtZU0dPOS10R25ubl81Yk9rejhKaFI2OXRVcGNYalhFWlk5d05ob29JYXNLUGtidGwxaC1NYTJEZ09URHR0dVp1ekdDZktfRzIzYnllVDM3VVZWbVhrN1dpb3c3Q001VXJrMF9jU3FweGF5bVpZZEJhVjZLM29HSnhJeDBOUS14V3B2aTBsWWtaZERfZnlwSThuMUI2R2hFU011NUx2a0NBaXBFb0hnNF9pQ0ozMWo5TndjVllYREE?oc=5
SU.TO,2026-08-26,Canada Pension Plan Investment Board Acquires New Holdings in Suncor Energy Inc. $SU,MarketBeat,https://news.google.com/rss/articles/CBMi2wFBVV95cUxPTURDSGZWaHR1UW1fcDY4bjBlcEp4N2hWck91QTdTaG5BaE5QTW5pZ1dmV3pGSE1STGZwdmdMbVZiV1F4dVg0alpYaGRTM0xVX01QQWV2dXJYWmpBN0c5UElHcnl1amdrMEpCcE9VTHZFRU12alNrSkF0c3ZIMGlMTk42ZV9LRFRtYi1ZVmlCTWRwNnVXWVFuM3E4ZFlGRTJPTG91eEM4VHo4bW9NMFg1eFh3eDhyMEd3QnRlNk0tdjhmc2EyZUhnTTFYVjlRNFZIaW04WVM4R0RMZGc?oc=5
SU.TO,2026-08-27,"Suncor Energy Inc. Stock Rises Thursday, Outperforms Market",Bitget,https://news.google.com/rss/articles/CBMiY0FVX3lxTFA0VF94MWFya3h3bnM3YmJzOF9JSW5odm51cVpMMUVld29UVHVvdGs0Y2x6Ry1hdDJKUml3Ml9kMzYtX1hrTzFBbnRrRVpsQzR5MFpURTBrOTd6WldocVB2TzlTVdIBY0FVX3lxTFA0VF94MWFya3h3bnM3YmJzOF9JSW5odm51cVpMMUVld29UVHVvdGs0Y2x6Ry1hdDJKUml3Ml9kMzYtX1hrTzFBbnRrRVpsQzR5MFpURTBrOTd6WldocVB2TzlTVQ?oc=5
SU.TO,2026-08-27,Legal & General Group Plc Purchases New Holdings in Suncor Energy Inc. $SU,MarketBeat,https://news.google.com/rss/articles/CBMiywFBVV95cUxOZlhqamZULU9CSHJ1aWR4VDJRRkV3N0lBZWUwaW9pLXBGVkJja0dWV3F3Wkoxc1JDNkYxbmxMYU5BZmdJSGtRUGFRbm04QTJqTVZ4OThhQ3ZPalBxX0tpOWZkamd0OEg3dzBGMm1sNVRpRDlHZ1FTck93X3MzVHZZSFlQTXYtUDdselhaaUdNbUF6RVJnd2Y4dVRraHJNUHctUjVRQ3V6cUdtcjBSRlc2cGhIa0JZU0h3U0E2NFJRT0dzbTBRMFdhRVJPZw?oc=5
SU.TO,2026-08-27,Suncor Energy shares technical analysis: Consolidation near C$88.38 support dominates outlook,Traders Union,https://news.google.com/rss/articles/CBMijAFBVV95cUxOMGVFVTZkTnNJMllCWFY1RE5iOWpLdmQtMkU2bnpCZTJ5ZEliSGMzeUlBbHdpMjdsVENQRFIwWEZ5bHNGUVZ2clhITmc5dS1JX3hFRTlTbGQ3TkFVdGF4VjJPS0JnZGpSV1o2eWN5dGJUQ1BzM3V4anNsbjhSRXdBUUJZSmdkTzgxMDJuOQ?oc=5
SU.TO,2026-08-28,"Stonehage Fleming Financial Services Holdings Ltd Purchases Shares of 24,719 Suncor Energy Inc. $SU",MarketBeat,https://news.google.com/rss/articles/CBMi7gFBVV95cUxNeEoyNUxHZXI3Ulh1aWVWUlJNNTBmQ3lvSENacTh6cVBKTW95TzN2bDRwbVVkanV2UFBSSV9rUnMxdXdETERrSkxzZ003aXpyekhQVHZqR3p1OWlNQkdEQ2hCTVNOdm45X3QyOG9LdXBsb003bGZoR1lDaHU5Z3ZNZjMwN0x5WFBtZW0xT1VsTDZoMkdRSktLS2Y4UnpVZFNlVEU4dVRPMGFldzAtZ3cwOUVabTJoM3lFZDVNVlNreXoyNDBmOVJlNzlNamgwSmtIT2pvOVBCalU3SUt0anpKZTktelZoelJCbHgxdU5n?oc=5
SU.TO,2026-08-28,Jupiter Topco LLC Makes New $43.30 Million Investment in Suncor Energy Inc. $SU,MarketBeat,https://news.google.com/rss/articles/CBMi0gFBVV95cUxQVlpZSVRIR2xVcW1VTWJIS0JUR3dEVWRLSFZTeG5QeUp5b2FCRHdadW1Ha2Y0ejMwUVpZVkFrM00wcW1VUGhrcl9mZnRBSm5WR0lhX2dhZU1yWURlSFVBdjZkd04wRFdaNmEwbUxsbTJ3T2RzX0N5ZHlUakNNYzhJRjU3RTV0c19UVzE5NzFxUVpJS1RjMm4taURkQUtPcmFSQXVPbDVPWjJFQnU5aEdNWVMzZ1UtX1ZTck0wYnJOMkdxM3dnejQ4eVg3NnQxSjRZb1E?oc=5
SU.TO,2026-08-28,"Suncor Energy Inc. (SU) Key Financial Ratios – Valuation, Profitability & More",Value Research,https://news.google.com/rss/articles/CBMiigFBVV95cUxOX2VRX2VxX2xpUEFOTVZCSy1hellNVThZd3lqXzlmWlgwcVU2R21jdm1NSzhOTnFBOVJQWEdYMHEybFBIaVdJbXhWYmdQRkF5TjY3VWd3dFlhSXc4bmpIbjl6QVdYcDlVeGR2ZGcxckplY0Q3d3l5d3V6SXZqY1FVRTV0OTIyVXczaHc?oc=5
SU.TO,2026-08-28,"SUNCOR ENERGY INC. (TSE:SU) - Shares, Dividends & News",intelligentinvestor.com.au,https://news.google.com/rss/articles/CBMiekFVX3lxTE0zTFIyU1FfUXBGelRKSUhLRmVGRTZXSEtMNkRpeEZCcG1mQ3FrRG10QmFyRm04VlJxNENGNUZadm9Ycy1lOWo2NHVQMHVvMkR2Z0V0NkVvSTJjbTF3MXhkMFZMbXVvaEFBS0k5SUhnQVJlSXRQeWdTZmFR?oc=5
SU.TO,2026-08-28,"Ieq Capital LLC Takes $954,000 Position in Suncor Energy Inc. $SU",MarketBeat,https://news.google.com/rss/articles/CBMivwFBVV95cUxOaGhneDBlb2lUbHd5SkVrdkpGZXBLVm81WHhPU3N0b1ZHZXY1VXprM0dlS3dCSmZ6MElzVVJTVkY4endKQVVqd29wZHMxbk9EWFc4bllmanZPMGk3OVZJS2FSSllzTld5NW9LUG1UemExVWlsWll5RGJVOEZFWUVfcVJwaDVFa1BrSVdkSmd3Z0dpSml6S05VNl94NlNTYW9nUUc5Yk1YZzluVUJyeTFzZ0gwZkxOYktRUFZtQ3VCVQ?oc=5
SU.TO,2026-08-29,BlackRock Inc. Takes Position in Suncor Energy Inc. $SU,MarketBeat,https://news.google.com/rss/articles/CBMiswFBVV95cUxNUlRmSDlRaW9Ed1ZlVzYwekdob21zMUJaMjU5ZVpKQVhZZWNjY3NWNmp4SDhIM2ZieGFTSjFCRjNPcFFiWjNuRHNlNFBXSFZnMzZYMlpVeTBEVDNNVE1UZ2RTNWZVQllPTEhZVU91MlpKTWVYeHJUTVdGTlN5WTRpeXUyQVZFTHp1dk83b1NMLUlQY2h2Y3RVdzFqQlY3TW56UnY5WWtDVVUzQVdrNU1vZlBPQQ?oc=5
SU.TO,2026-08-29,"Public Employees Retirement System of Ohio Buys Shares of 572,371 Suncor Energy Inc. $SU",MarketBeat,https://news.google.com/rss/articles/CBMi3wFBVV95cUxPWHk5WHZUZkwtNWR0UW1NUlBkWUtuNDhaZnp0QzdxWm5tMWplRjdNcG04cC1XOGNfS3NpdzkxV0RXYjVqWUFIbG5vdlVsRFRZNGtsak9HQ3JleFJ4cFNfUjdBNlVlLVhnYUR6SUN6SDhGQU9oSmVVeDV0aVhzbERvMnJrR0ZSSmItT1JaZFN0WDJkMExXaXd2bGtPcFhEZGNMc0FTcU9RampPMzVxaEcyREJuSkZKX0VsUnB2ZDJJN2lBTHl5TXBCOHBjX0duQlA2b2N2VWR4QWMwV1NrR0dV?oc=5
SU.TO,2026-08-29,"Royal London Asset Management Ltd. Buys 99,988 Shares of Suncor Energy Inc. $SU",MarketBeat,https://news.google.com/rss/articles/CBMi0gFBVV95cUxNYUZfajFqMnZNeXFrQ2gtYWlURURqWTZqYnN1aUkzc0tGakktN25lWWhocTBieE9KZHlEbVhIa2kzQXpkQUUyY0x6QkFiRmFHXzN5cHdzVzF3aDRwcjV4NkhnUFZvMHlWek11OW5jLTFiUW5lR1YwNGx4MlF5NU5NY3o3eXlaaHlWNkVRRUNud2ZZQVhnV0J6TUpUX0tIUkJFbnBrWjd1dWE5dmhrOHlhdk4wT1hYOG15SHlBcDgyMmdvT1J1V0tTWU9IblNuYm9PeWc?oc=5
SU.TO,2026-08-29,Navellier & Associates Inc. Takes $3.35 Million Position in Suncor Energy Inc. $SU,MarketBeat,https://news.google.com/rss/articles/CBMi0gFBVV95cUxNTDhqUG4xZnlpVF9nbGx6MnZaNXhnQnEyeU1XVEVsZVBLcEJlR1E3QUswWF96clpiQ1V6LXRybS10NDZmcjZmX2lTRXFoazB6X1V0NUNCSXZTQXJxWndPSmFqdGduWURNZVV3RDFPYlhNU1RKZnVLSGlna3NlM09mSjNuUGkzbTU2cTBoa01fVTNMR05kZFN3UV8zS1BDS1JDbWNyMnNFWkl6b0JkS3huMXhxZjBvNlZOblBBeHdGeWJHcTRqVjRGTm5NTXItVGFYVFE?oc=5
SU.TO,2026-08-30,Flputnam Investment Management Co. Takes Position in Suncor Energy Inc. $SU,MarketBeat,https://news.google.com/rss/articles/CBMizgFBVV95cUxNcHdmNkJZRFpLMF81RUZlanNRUUxJU2gyMEJVR1NQWEFMQ1A2eGJENVI5aDQ5dHo3bXJRNVI5RmljZm81VlctYnZQRkt6SmRscFR1YUFqUjJfcGhtUmxKbWcxNVk5cDdwZFd2TjkzdmhLNjRPbER3ZE1aY2VsUmo1Umdhek1TWGEtUElJRko0MnVHcHIzdEh0NnVNM2F5MUZZdTRlNW1kLXZ6ckZJbFZGMm4wWXZoNVNmU0pObTZ1djNhLWJ0T2M1Z0dPTWpvQQ?oc=5
SU.TO,2026-08-30,"Alyeska Investment Group L.P. Buys 614,132 Shares of Suncor Energy Inc. $SU",MarketBeat,https://news.google.com/rss/articles/CBMiywFBVV95cUxPQnB0d0ZNN24xVm12bU0wckpNd2JacFY1UWc2bnJGdkxmQkd3cWdQOVV5R0hjbVhsaE01aEt0aF9EdWlpRTdYclJvYU1TNWlXNW5VZjU2bUQ0VldMTkEtSnhLaTRfcU9oc0RXRk43LTQwNFBCcmtiNFBMUGhGeU4xVXhNSEI4LURqZWo1Y0c3RkN2Wm5BWk1KSlpEZXNlcERZVG5meVkwT0w1Y01Gd21Rd25Da2hlUWplZUgybkZzQmZzOE56UjJoWEFIdw?oc=5
SU.TO,2026-08-30,"37,262 Shares in Suncor Energy Inc. $SU Acquired by Jefferies Financial Group Inc.",MarketBeat,https://news.google.com/rss/articles/CBMi1gFBVV95cUxQYWZ0eThjYkZjNktLY29uRkE3cWtfZXNfUE1nRl84QmRUQ0NnQ1JBaU02RmljYUtURjJFc19ZajFUYjJnaEZKT1Mza2hkRlNrc0xxWmp1MzhQNlB0OGtrZTMxdUNjeldNd2p4M29aaHVSZ3pqcldwNU8zcmNRYThlc1RsbGx4U2c3TThxTGFleGZ2ZGVBQXVqOVNJcEdPX0dscUFJOUdSajV5dkFTaWlrN01CSGg0azVIWFZLQmFaS2NOOWY2YkZBc0dOU2dDRkNjRTRhNWRR?oc=5
SU.TO,2026-08-30,"Corient Private Wealth LP Purchases Shares of 292,446 Suncor Energy Inc. $SU",MarketBeat,https://news.google.com/rss/articles/CBMizwFBVV95cUxPRm5ieERUc3lpUHVrTHA4UmJDRDJVWXpCTW1IMUZNOHZ1Z0dzRjRHcFIwdUEtTnBZazVtZnNjSmNLQlpkZFExRUU5MGhIcVVVOWpBQ1NydE9lV0lCTmJQTFl5X0E2OEVkazBpUURnbUdkZjJpTzlZOFRna0JTMERXWWpVb1FZY2VYNV9DMlFiN0xUSEREcGFKSUhjS2ZKdzQ2NmFUbVNXSTN1OVRfNUMwN2EwR3UtZ0NyY1ZvTE1jUTd1NU1ySmZqUjF3OG5PVGc?oc=5
SU.TO,2026-08-31,SU stock holds near $65.72 after a strong quarter,ad-hoc-news.de,https://news.google.com/rss/articles/CBMiqwFBVV95cUxQMWdZUS1hQzI2QXhNMGJmVVlHVV9fRmNod1pKUFlfbGlXME5wQnBOOFpYRnhPUVRMczlhTVczYWJQRVlUTXcxVDNCcllLb184YU9iTEZXUjc4bC03ZVlyUERYbE5pZGNxdVV0dkNLRFRqSHNSbmsyeUd1OHd3SzNYSmtGaTNsbXhkYjRCa2RURUJpYUF1SDk0SDZacXZidUktNF9GUlJwbUgzYm8?oc=5
SU.TO,2026-08-31,"Suncor Energy Stock in Focus as TSX:SU Investors Watch Oil Prices, Buybacks and Capital Returns",kalkine.ca,https://news.google.com/rss/articles/CBMiwgFBVV95cUxPZDlwSjRxcGdUbWFxcFNTUDNVdHhpZm5tVGQwbGZJemdPQW8zcmNwV2JOWEEtdTNmeHpFVjlaOGlKT1QzZ0JteGhWQm1lb1NoZ2R0XzM1VGM0NEdzN0tSbjQ3WHJGZEViQWlCV2VWUU1aNDY3ZGdrVjdnSlNCYVdPZUdud09HSDFvOXVnaHBMS3BZWUdlUndsSG9HZHFPS2tCcFZCVEY2bUs5a1IxWmFnSnJjbG1GaS1IWk1fWXhyTmJOUQ?oc=5
SU.TO,2026-08-31,Suncor Energy stock gains more than 2% after technical breakout above key moving averages,Traders Union,https://news.google.com/rss/articles/CBMikgFBVV95cUxOVmloVEM1VVdCbjRPTzBxaXpLanFuTEtjLTl3d2FtSjVvWlk1cE92c3l2Yk45Q0cwRVUtY2tOR0FvQTlQNlVpZ0RqVWM5MW40UEs1RVJCZXRjSC1ZeFUwcHRQYjcyamVFTnhtNFk4Um0wYzNTZ0FjZU9TMnhRMU81aHg4RHFfWWhvZlZ0YlJ4NkthZw?oc=5
SU.TO,2026-08-31,"Addenda Capital Inc. Buys 37,352 Shares of Suncor Energy Inc. $SU",MarketBeat,https://news.google.com/rss/articles/CBMivwFBVV95cUxNbzNIcEdGbG84bWsxRDBDWEZSLUNJZkp2VGVNX3lWMWdmSnUzVDBSdEVsbGg1bmExbDRicUVPYUZOeGZfUktvZUpmb1kzOVVfMGN3aGhYNkxIajVSQ1h1LWRXOXI0anY4Q1E0WHFkLXR5My1XZHhGcjhBMlBiYUNlem1kck8xMnU4TklZN29fS1h4YnljajdUYVRZTkN0WEZmRUYxdWFMMGF5Nms2YnYwWXIwbWRIdER5UXhTeThjMA?oc=5
SU.TO,2026-08-31,"BTG Pactual Asset Management US LLC Acquires 54,036 Shares of Suncor Energy Inc. $SU",MarketBeat,https://news.google.com/rss/articles/CBMi2gFBVV95cUxQdUJTWkpEUzROdGtyUXZ3c0NYZmszcl9TRnNKeFpoczdvaGJwSE1uN3hUYl9oRWZjSUd4ODNaSGVoVDhDN3lWT1IxX0RqbW1ncFluVFBiVGp4X3BSMDFSa21WYXVjUzJvbjR0SDFHZ0Myclpwcy1XM3AyVFF1b3ZqMV9IdWhpV0ZzQklsQVZSSnFwSEllTnVOYy1IdnUzdGlSVlJURUVmaTNSYjhlejNteC1pOGRINnJuTkRSY0tyNWJQRjdZejNNbW0zUEtYX3NxY1psQktielQwdw?oc=5
SU.TO,2026-08-31,Short Interest in Suncor Energy Inc. (NYSE:SU) Rises By 76.6%,MarketBeat,https://news.google.com/rss/articles/CBMiugFBVV95cUxOR3Y5ODlCNlBSUmZxdmJ1RTdseGdqQUdoLVBoa3pNcjBWTVlBYjZoQXB3M2JOcGlCOE9KUFR3SVdWTVJQbTB2TUItSnJzNl9jY0xKUzMxTDJoRnZKSUpEZFRlVVVUb25BLXVQUEY4cEswX2ZOT3NvZFcwWlU0TmM3eVdEUE5CN1lFSHlzRVBrX0ZnaFBnQ08tX1JZOWM5RkRhVVBpVzhBdnc3WXBoVlc2bk55OHQwd1FTRmc?oc=5
SU.TO,2026-08-31,"Why is Suncor Energy stock up today? Buyers defend support, resistance levels in focus",Traders Union,https://news.google.com/rss/articles/CBMiigFBVV95cUxPNUpyUTF2ZjM5X25iQjBxbGtQcDRNWmNyMHhaSGFiTG1VcTdvYWpMUUl2RThXUnY3bnpxVjhld1p5enNEMjlzcW5fN2Z5N0lBMk9ERDhuZVY0cjhfMkdSQ2I0Q0hBRnotOG1zYWktbVVfWGhncnM0MEJrWGpWWTFXUVg1bF9uMHNPNFE?oc=5
SU.TO,2026-09-01,Suncor Energy stock rises over 2% as technical bullish momentum persists,Traders Union,https://news.google.com/rss/articles/CBMikgFBVV95cUxPS3c4UVdSb0djM1BrLTFDSTVpci13WHYzODlORG9TTWM4LTFmbGx6VVNjVUhOTjBUdzdQaXJFRk5ZdVh6NnNONkVrd2dGTFdnREl0MnZVcjBYNHhqaGozZUliUWt4RlhxWTFvTFNQRFNQa005V1FSN1g0LWZicGxVRHpxMzh0bUtIVks3YjJ5MktDQQ?oc=5
SU.TO,2026-09-01,Suncor Energy (TSX:SU): Dividend Sustainability Supported by Integrated Energy Strength Despite Commodity Cycles,kalkine.ca,https://news.google.com/rss/articles/CBMi4gFBVV95cUxQWFdQVlhJZ2FRdUhSSzVTVzNtM1Y3MU1mY281UVFDMmd4cGtuSFlBMWV3S0RkMlZsRU5pTGo5djBCU2hXYUZyMFVLZzlOcWhrRG9HeDVEdTZpaUNtdndfU05HUkRPZDZUOHNSNTNOSnljMEpDcHBnMDNNMHhVLUtTcTlKbjVwSjk5T1lFRnRSRVRYbjRiZ0xKOVpRSVdlZWVxMV9nUGtNdUNXN3FMUFBxSFBJaGZXRTFMeDA0NEk3RVpGejdoZEZvb21UUUl0WVF5QVd1ckxUTEVZSC1iNjFxVjBn?oc=5
SU.TO,2026-09-01,Suncor Energy stock breakout attempt at C$96.5 resistance: Upside targets to watch,Traders Union,https://news.google.com/rss/articles/CBMijgFBVV95cUxOOGY2cWoxZTlMRlNKNUtZcFRicE11V1pQcXFUUi04NWFpdDJ6UksxZ1lHNXlFc1FjUFg5THBtbG9zbjJET0Y4T0s5WERrTnlzRm9fdWxuaEpkNXBMZFZmcWRiNW9jem9PQm15SERyQU16ZXVqTFVpZDF1WGplSjV6WElWSE9DS19TNmNSRUZB?oc=5
SU.TO,2026-09-01,"Benjamin Edwards Inc. Purchases 15,889 Shares of Suncor Energy Inc. $SU",MarketBeat,https://news.google.com/rss/articles/CBMixwFBVV95cUxPb1Z4aGVsVkZ1SFoxNDdHUkVobURzNUJzSkpZcHJEUVJaSW53Z2FrS25UWVVDZEtoY3NlRjNlQUxDUmtDSy14VEI4XzIzdUl6ZENmSERSeVY5dF9pZy11Z01GdWdJVFlnZjRsdEdOekstbzFTZXFoUWkyODlJYTlIZTBodDFJMlZSWVFKc0gxMUVDUl96d1dNU0tYV0s1eDBwNmZ0VTVvNlQyZ1lHOUN4NF9xSG02aGpDQ05YTk1YbWp4V1BLOUI4?oc=5
SU.TO,2026-09-01,Mufg Securities Canada LTD. Has $89.71 Million Stock Position in Suncor Energy Inc. $SU,MarketBeat,https://news.google.com/rss/articles/CBMi2wFBVV95cUxPYTAxM3dWMF9WV0JFRWc0d3p5UFV1aFFvWFROaDF2cENGVXc0YU5hS1otb2p0eTdFcldXeUh1dFQ4cldrWGdRMi16U0ZjXy1BY000TlloVGFfcTZMcUtyOXZDS0F6aFBGUkRwTXRzRmhSZ0dINXdCQXpCQVdlcTBGZUd3MnFLRWlCQ21ISWoxUHBnQ3U3dk9HemhHLXpMbWpWRDJCTFBpM0dtd1NOV0txa05UQmpucC1PdEFsVURmeWgxa0JaZmlqWWV0VVFoWjdKXzZaeFZfWTdSRk0?oc=5
SU.TO,2026-09-01,Suncor Energy rises as oil rally and strong cash-return profile support shares,Quiver Quantitative,https://news.google.com/rss/articles/CBMisAFBVV95cUxNMm5LUkUyclh0ODBaMVE2Y3dQelhVVGJpQ1F0WDNpbi1XTXNILVJXaExsSjRXMTNMcThPa04tWElQcUxtbjFiWUdGRzZ3OUg4SFJMS0ZnaXBrMDBZLWlTVFFGWnh5TG0tR3FyV19QcC1CQ191NzdsN2FwTFYtaEFoTDB1SnhPMDMwaDBlOXVpVndMM3FFRnU5T2hBZVRxaHNNd2VXal83Nk5xY2swSnV5dA?oc=5
SU.TO,2026-09-01,"38,951 Shares in Suncor Energy Inc. $SU Bought by Quantitative Investment Management LLC",MarketBeat,https://news.google.com/rss/articles/CBMi3wFBVV95cUxQSFRVT25nQkhoSkFQV0ZCaGhjSnVvNGV0Q01WT3JUeXVaWkN3d3FNZXZZZ1Q3TmpLWjdCUGMwaEZWN05nSUpRbVVRWWRmVXpveDRWaUUyemFBcUpQTVpQc09WdkR2b0RiNnRrenBfaDVGYkc0M1A4LVNldUgtWGFrai1BOFczWUNKSmVaRHNSUjVYOTVFcG1GNmFLME5xOGlsYkYtY00tNGxxd3QwRXRfX1ZKSVZfVVM4X1h5TXk1eUNCMVM1QzZMX2ZQUFdRMDAyMUJlQkJyUFJ4MVFGRktJ?oc=5
SU.TO,2026-09-02,"Suncor Energy Inc. (TSX:SU) Climbs 3.52% as Oil Rally, Record Cash Generation and Accelerated Buybacks Drive Bullish Momentum",kalkine.ca,https://news.google.com/rss/articles/CBMi4wFBVV95cUxPV0FyS0c2MV9KTzRvTTcxZFowY1p6MHlNMXpMQXJLTGdIUWwyX3hDZFhlaGVYQVlXNVlNZy1JdVZmeTQ3TFA2VWNGczNyYWdiQ2NOYjlGYWl1ckxhQ2Q0cFRoRC15NzB2LWJkRkVtb3FiclQ0Z19fR25MXzV4OW1aZmZyU2hVa1FiV19QcE1Fb3hxYmZuYm5mc0RkdXRIODdmcy1GTEtVdG5sSjhZcE4yM19YNFI3WEhRVG9mMmpWZjFGRFA0THhtMktGQ1NmSTFvazRId0RvcTRvX2d2U3FGRmM0UQ?oc=5
SU.TO,2026-09-03,"Suncor Energy Stock Slides 1.38% as Oil Volatility, Refining Uncertainty and Cost Risks Pressure Sentiment",kalkine.ca,https://news.google.com/rss/articles/CBMizwFBVV95cUxNdGJhUFVQOVhnUmJPaDF0TUxBSk1SQUw0MVVxeWJZY2hfRUhuWF9Gak56OTV5dWpRdGFWSnlWUU1qZVdjMWVOQ1Y0THZ5OW9vRlhrUzNsZlA4el9JbnlKQVJfZ20tMnBiS1RlSGFQa2tIb0RiX0pwZVIyeV9wb2xkZHZtcXU3LWFRMVdCMmVjNDdIa1ZDWE5sMGYxWnJlRGlRdVFNUVJmamVzRFdzbXZFUk5QSnRKOV8yV00zaXl0RFM0eW8yVkdyX0ptVElROWs?oc=5
SU.TO,2026-09-03,Suncor Energy (SU) Up 8.9% Since Last Earnings Report: Can It Continue?,finance.yahoo.com,https://news.google.com/rss/articles/CBMigwFBVV95cUxOcllPUlhYc1hJWDdCdzlaTUdiem9GcXNxMXcwc3VJcTgzX04tNGlXUU5yWUJldXI5WjRPT2VpanNWWVFtc0ZxY1NEZ2wtRHNjb29SalB6SkMyajNwdlFwRk5LdjRPOGRwUnJxUnQxVjItUmM4VENFTzhsajUxYTJWLW82VQ?oc=5
SU.TO,2026-09-03,Suncor Energy (NYSE:SU) Sees Large Volume Increase - Still a Buy?,MarketBeat,https://news.google.com/rss/articles/CBMivAFBVV95cUxNZVZvdDNyRUl1dWVNWTFCRVdmcGtFSnEzRWFNcGh1MWV0Y1BDRktKNUFsMDNWWnhRLWRSdUJpQkcwTWZidWZTd04tR28yNkc5cS01R2NYTmZUM2RnUzRzOGxrZy1ZN0h3anBQNkt5RjdGWG9YbTZlc3IzdTVuMEtlQ0FVeVg4dWNRblpRX3YteXlWazA5ZE8yMVA3VDUxdXk2Wmg2WHlHZGVybnlMZm5JODEtUVppSmM0dnFIUA?oc=5
SU.TO,2026-09-03,Suncor Energy stock holds C$92 support: Technical outlook,Traders Union,https://news.google.com/rss/articles/CBMiiwFBVV95cUxPNEN6aE9Na1BDTnc1cFVtMi1uOEh6YmwxdjR2TXpkWmtqMm5hczNGUk4xM1A4NDBzUGRJTk9zMUpPdUFVeHhzQkhOUGlxSTM2QmszUzFNdFRLWWZhTDVrV2s5MjVxTzFLaGlhXzJ3WWtqT010bmI1cVR6a3pvSGJzTVRrME9PNWk4WGhj?oc=5
SU.TO,2026-09-03,Suncor Energy (TSX:SU): Why Is This TSX Stock Breaking Out?,Kalkine Media,https://news.google.com/rss/articles/CBMinAFBVV95cUxNYmFFVjdmLThCYzh0Vmd4VHplV2hfXzZjMWYwQzhfN19rSjEtQzBLS1dYSU9lZHFlVUg3Z0FjdTRZVFlOMEJBajdYbjZlM2RmeUwyYWZUTS1USkU4YV8xNGg2ZjJJUXVFQTVyZW41WXk3NExQalprUllkczNkaloycUlXZDU5empIcHoydVNObHNGMVhqdEhES3pVeS0?oc=5
SU.TO,2026-09-04,Why is Suncor Energy stock flat today? Short-term sellers slow upside attempts; Key support to watch,Traders Union,https://news.google.com/rss/articles/CBMijgFBVV95cUxOcG1rNTVOUDZSWXVJeTc4M25fSU9DSjFxLUNaQWN1cGVLQnRrMG9MTW4yTmV1X2FmeHluS1JKLXhLQXpOdUZ2N1RYU21DTUwzTl9GSDM3Ql9mVG83ek16aTYtdks5UnZRX1puRm5XcGd4cS1nd3o3YmFqLTVJVnBFUG55TDFZa1UtZEZacEl3?oc=5
SU.TO,2026-09-04,Van ECK Associates Corp Has $2.71 Million Position in Suncor Energy Inc. $SU,MarketBeat,https://news.google.com/rss/articles/CBMizgFBVV95cUxOZnJkRDRDZjFLLV80Rzk4VTNaZVkxQWVXSWY3WEtybVJ0MzhQWnJKbkROckQwY3dtQXpsZlU2UGlGay1aajVrTWlOMVI0aDVORExpemhRTzAxUDNtT3lQek9hYXlnWDNlc3J3cGpNN3gySllEdnVrTUo1M1l2QnhpTmFXcUZtWEQ1Q3lOVnh5RjBWZk4yVnN5QkxRNG93cDBoZ3FoNnRVT1k0Sl9WeEhnVHJsaEgwVXNkNE9ZWDUyaWk4eEcwOEdEOHJpNjhRdw?oc=5
SU.TO,2026-09-04,Empowered Funds LLC Buys New Position in Suncor Energy Inc. $SU,MarketBeat,https://news.google.com/rss/articles/CBMivwFBVV95cUxQMldvZ1pWcUpzN201TnF4U0hfaFhhbVlqaUx6Wk81THZ1ZnFnWVRYNDQ3aDRYQWZiekZLLTUxZExnby0wckdWdW5oWHBiMTBxaFNMRV9Ud2d3dnc2QjZKTFlXSHJzVzk2RkVDQVRLZllyS25MdVdqRFFuTUw0UFZHM292amRKRC1BUklWWTBZZEFxY254WjdsZGhMMUVEU0tOaFhNWHhRd2dsQmdHRm1Eb3JtdVRXbGR3MVYzVF9ZQQ?oc=5
SU.TO,2026-09-04,"Suncor Energy (TSX:SU) Rises With Oil And Earnings, Is It Still Below Fair Value?",simplywall.st,https://news.google.com/rss/articles/CBMiywFBVV95cUxOaFZtemc1ZnFobV9Iam1Xb0tDY21wTTY5LWJXN2J1dmVjS1JuNFpsNGZkT05pejlvYnREd3l0MGlHQm0xQnRIUDBzT2RoR2dJMm1aM1JHN2JQQVVVV1Zwc2FTbHM4c1VmMUZWcm9QbmpaQ05zZ1JyeE8yRkpMUFJfUEIyblczRmdmSEJpdE5YcGsyYUZUOWstVElZWDk2WEI5NDJKN1pZU2RzVDI5S0ZWTm5wNXVWeWF2YmNxbjJXeEU1eC1FcWZyOFZMONIB0AFBVV95cUxOX1ZScnB5UUFpLWpkWGhNcTdoT25WQkg4ajZjaTI2T3hGNDJwNUVwdFVoS2ppOHBLeFYzTUhBWHAyT3FiQWJBSHpvQ2Q3TlFVOUpCb0F4VlYyd09ibTVLTXlDaUkzTDZ4UjlmSERpQ1ZWMFRMWkpPbUc4eGtzeXBOcFFXdTFYSzdTWDZrX0R6dmpsVDhEYzRtc1BtemFIYng3eVRvaUZjUGlBQW9qbHdyS0h4Rlk5RWtGc3VMOUQ4RjFSYThBdVAyVGNKTnN5c2JH?oc=5
SU.TO,2026-09-08,"Suncor Energy Inc. stock rises Tuesday, outperforms market",MarketWatch,https://news.google.com/rss/articles/CBMizwFBVV95cUxOd0MybHpjeTBVdF80dUx6WUhnV21jOHVHcXdwdENDNk5EdjVtZWtmRjFvQ2NTdVJabTMxNnRvcFlRNmVGNThnTjFmTVBCbi0yS3MzY0NsbVFtYl9PSGlTYjdTTDF2UmktYll4MlItNHd3U1BnR1AwZ1VrY21yS3djT0RfTmpsS2p3aWRKTENxSHRncF9DcWZkb1J3YjlxYUVHcWMxR1laVElpQ2JLQjUtZTBkdDVqZlgtLWdmbHhlb05KRVRBUTBGVUZPd29XdUk?oc=5
SU.TO,2026-09-08,Suncor Energy Inc. (TSX:SU) Offers a 2.5% Trailing Yield — Here’s Why Income Investors May Be Watching,kalkine.ca,https://news.google.com/rss/articles/CBMiwgFBVV95cUxOV2hldm1sdDZnTlJweC0tWnNpTWxEVGJOemN1UUxZR0xJVGJMU0JMSi1uUnAxbDU5bDYyNmlkWjd2Q1ZwT0lxSFhWa3JDcll4VVpFQUNSQ05WZW5FR3o3cnpOZDItNk5JLXFyVEUxTmE1eTJ0akFmSEcxYjA4R1BLTUVmT2ZZVUNfSDRrTWRValAyVnZPX2cxMGxQblFDeFhvck4tLVRHUjhsekVtSWh5VU9YYTUzVE13SGJxbmhtWFJXUQ?oc=5
SU.TO,2026-09-09,Why Did Suncor Energy (TSX:SU) Stock Rise 0.61% on 8 September 2026?,kalkine.ca,https://news.google.com/rss/articles/CBMimAFBVV95cUxPZ3V0VFh1aU9YR2NIX19wQURIQUp0Tl9nS0xyVXFvaEdSNVloZkJJTjJaMEtDMkRiZ1hjWlpzVHl4aGs5SHpvTjg3bXl2Z3hUVWlYSkRySklXcTZTcmZvNkxKamxaUGJWX0YtUVlfMjZIZkZxRDVGMTEweHlzMXBXcGExZmFNOGVkeTgyUENkdllZSDBOX0pnYg?oc=5
SU.TO,2026-09-09,Suncor Energy Inc. $SU Shares Acquired by Cidel Asset Management Inc.,MarketBeat,https://news.google.com/rss/articles/CBMixgFBVV95cUxORlpORWtwS3pEQjdnS0RqZ3F5anZFMDBRcl81U25uN3VYX1pWejh0ckJCVGZXQWpRNDE5dU9hMjUxX0ltYzh2dmR3NlNydnRMNXpLM0laRGgtQTctcXh4MFNFOWNGS01zQlc1VzBNNTdralp2ajhhN1RYRFFCMmxwa0ZWX0xjaV9xTlVRY3kxQ2J4WTBwUUhNQXhnVmczZ1ZBa3BOd1czbWdVTElWR2VOS1RXQ213cm4tRkJZQ0RTdzZhX0djOGc?oc=5
SU.TO,2026-09-09,Suncor Energy (TSX:SU) Strengthens Its Position In Energy Stocks,Kalkine Media,https://news.google.com/rss/articles/CBMipgFBVV95cUxOUF9hbkNiUjdsOEwyRXZKTHpnRm9qQWpqTzFCMTJJQ1U5MkN0SnRjTENqNWJ2Y2NtaWlZOHMwZXMxWXFDcE9EbUdkYUxqQUpuLUwwWUlUNnc1RXBvRkRaUEZ0Y1RhSDdyNldBNW03NWh1Sy1JZUdVME1RZ0JWSzBHMkNWZGJLQlloZHJuUHZzM0pjUHcyRUhsdGRrUXdCSWVodFpISjRR?oc=5
SU.TO,2026-09-09,Suncor Energy stock trades near C$93.82 support amid slight intraday buyer dominance,Traders Union,https://news.google.com/rss/articles/CBMijgFBVV95cUxQUGpuX2stVmg5MmROR3VoWFdRckdhYTBndElSUmt6bm5UM1NKRGtxcm5iejdrNHN6aWV6eTZsc3VQN1JYSHdLdy0zM2hmaU5tWlVYNUtFNGZ4MkxIUkozb1FxcFBUSXh1WnlsQnAwd1VkbURQMUdULWYzbFFfZmxXeVpBWkR4NU51ZW40NXV3?oc=5
SU.TO,2026-09-09,"Consumer Alert Exposes Fossil Fuel Front Groups Backing Exxon, Suncor Before Supreme Court — Follow the Money to Big Oil and Billionaire Paul Singer",Consumer Watchdog,https://news.google.com/rss/articles/CBMijwJBVV95cUxOQUN1Tk1yS3NSTmtlZzY4dFZ1NXAybXVuYWR3bDRieEdUNmtGQkhDdVVzcnlMOUtGbkpVaVVOMjlaRXlGbjZVdXBxMDlGajI4c1pwSUsyWUZIN2RhY1V2SWx1ZW15VW9COGtmR1djbUk5M3FmMk5sSzNGUzhQMkFGanM2aFpWZU56ZmY1YlFuY1lHbWotM1VsaFZoMXE5X2NpajBkNWtSODhBOHl3UkctSU5vX1p6MkFVOVVCanBhTzdqdU92U2l0b19WUWxITDlfRktXOEVtSjl3eXRlMTN6VnFrZDJFNUR3eDhmNEZ2NEE0U2lDWFdNajhTOWtnd0ptVUdHaS1WUVR3Y09HRjBN?oc=5
SU.TO,2026-09-10,Is Suncor Energy (TSX:SU) Positioned For Stronger Energy Demand?,Kalkine Media,https://news.google.com/rss/articles/CBMipAFBVV95cUxOM21HaWtEc00yM3lGbGJaaXdsTEt3OXptbHd2Y3NVLV9QVEI2a25SaFMzcU5vNVZKNW1oejVnYzFXeldtNl9zeU1rQ3J1ZG1XNDJyMkQ4UjJOWHhkMG9GRGJUMkJrbUxCUVFYZTlyOW9BaEVMVS1SQ2F1QnBvZFVnazRMUzg5X3hoREJkWWRnV3hGUTdxdDl3NkNfbGo3aUVaTUFHSg?oc=5
SU.TO,2026-09-10,"David Jason Oldreive Sells 4,542 Shares of Suncor Energy (TSE:SU) Stock",MarketBeat,https://news.google.com/rss/articles/CBMiygFBVV95cUxOUDB6YXpNRHk3R05pblJGOXNBSmFkLVVNWDU2bC0zTklqem1iT0N6ekdhRFZWZVFxeTBMRnBfczREZkdjeFZpZWhRUkU1cHE4dV8xTjNIUXZpZWtIMnV5WG1OaVktUzFRbl9aQXNGRDVxc2o2QmtHRWxIWmlvZFJ0VkNJdFhfRHpfMWI5X2lMVmcxdDhFa2p5LVlMMnhqSVJKbGk0UWlVTVNVSXNsRmpxME9rVmJXb0dxWVI4aE5MYUpWR2dsaUVuU2NR?oc=5
SU.TO,2026-09-10,Suncor Energy (SU:CA) Strong Buy Signal and 10% Upside Forecasted,The Globe and Mail,https://news.google.com/rss/articles/CBMi3AFBVV95cUxOWk5aLWluZjdVdGppYkQxaXZrVlFZR3V0YW9KQ1JLSDk1NVM5LUoxVms3UXN0TGhvRFl0eDRQaE9xclNQSEU4WHh1blJ5cDkyQmlzYmtZZ3E3bElyZ3FRakE5djBYX0pGTFBfeXlacVFVNGJtZWZld3pDbDA0WUgxVlllTXNmcFE5RWFRRkpCQTAybWNfa0tuXzlvc3BmQ29kV3hOclVBU3BCSldPNEVjWVBXVzB6a1lRUDFPSGk4cVhSSm1ydlJ1a1gzZ1laRDBnOUpfUmhfbnFOQVNh?oc=5
SU.TO,2026-09-10,Suncor Energy (TSE:SU) Hits New 1-Year High - Still a Buy?,MarketBeat,https://news.google.com/rss/articles/CBMiswFBVV95cUxOVjdQUnBQZm9MRU50dDEzcU52QVZTRXdBSmZDN3dzaXoxQjUtb2s1MVkwM1pDeDNLYzYtRGw4OEVuY01vdVotMlhReXU5ZVJIcXVfLTlfbVlyZEw2aW16TFVzSE9qRDZ6Ukhib2V0LWViaE0xcTFQM2hBZVVBOXpick9QZkZrWGFpZ1BOMjVXV0Zxc0hjOEcxQmdHQVlfMU8ta01VYi1EdVpMVU1kRlI4UGJpcw?oc=5
SU.TO,2026-09-11,"Tidal Investments LLC Sells 74,066 Shares of Suncor Energy Inc. $SU",MarketBeat,https://news.google.com/rss/articles/CBMiwwFBVV95cUxQY0RyOXBwLU9qenRVR3p2TE0zTTF3Qm1XUkFHZUQtWVpTMFllXzlsSEFaQlBybWxiTjNIVXJTVUVPMTdXV29HSHEwRkhSYzJaM1N5VHFJdnhoSXZ4b25yN1JERnZ2UUx4dmpWSklLZmJwWkRhX3V3VmhQeWtMblZDUDdJVERGV1hpYnZXQ0piczBxaGpOR3U3dXc4X2RWd0RId0ctYndnVWJaTElDUFhZLVJzRFBfSmhiLWhITDJMdGhmLVE?oc=5
SU.TO,2026-09-11,Why Is Suncor Energy (TSX:SU) Stock Up 0.021% on 10 September 2026?,kalkine.ca,https://news.google.com/rss/articles/CBMilwFBVV95cUxPY1dCSkNjYmNvZk1OakRvcFlYZVA4X2YzVUtkODBXdDhtbnp3YTBCcEJ6WGFOR0cwR2pwdE9ZWWhnQ1Z1ZlNpRUF3bmVrTC1LRHhxVDRCc0ZRaF9hdzl3Y3I5VXJwUFVvSkZRcXJ3eUVtZVdUcjdDU3ZqT2dlR0FYMG9HYzE1YzlMLUwxeEo3OUh5cWY0Yzln?oc=5
SU.TO,2026-09-11,Will Suncor Energy stock avoid deeper losses as short-term sellers push price to session low?,Traders Union,https://news.google.com/rss/articles/CBMikwFBVV95cUxNanp4VDFaMURCV202LXQwbFdwamdPaVk1cjgyWGEzd01FUEVUcHRWVkpWa0N0SHloUmt3ZEJhTFBXVmlUOExRQlg3TzVWQ3JLRU1COGIxVVpEeGlnNjNUTWpXYUpRWW9sbG5ic2xOc042UkY4dlo3VTdKd0RvLUR5VjRGZUNPMFJTOEt5ZjViVFJ2UjA?oc=5
SU.TO,2026-09-12,HighTower Advisors LLC Raises Stake in Suncor Energy Inc. $SU,MarketBeat,https://news.google.com/rss/articles/CBMivAFBVV95cUxQTWJ6MkJEcFlYRkpYMkZTenA1dll2RjM3X21Zb0czNU5HY0dpT0tsYlVrM0J5MlNDWmF5UmtPVVItNWthRWlvcWRmN1A0Vjl5N3ZxeHE3S3ppdlRDQVR6TGFqZ2lNQmZwekNoZ0R6NUZMQTd2WVA1OXhXX0pFWEdGWXRTLUxPY3Q2aEw3aDVudFpGWG5yTXQ4bUl1dlYyZGROWDdGaGpqS3QxYms5Z3BCNDFMb0FWSDIzSlB0bQ?oc=5
SU.TO,2026-09-13,Suncor Energy: Business Profile and TSX Market Context,Kalkine Media,https://news.google.com/rss/articles/CBMinAFBVV95cUxPVGV2V19mUTZ6RVYzeTZBNFEwQkhQV1J1RXpiZ0NBNExfd3U3TmlyZkJPNnh0cmZrRGxrbFBqYVVoVXIwbWRTTUozcExFZVd2UU5MTTVYV3ZFYkpzVW1pN2wyOUJBU0NqSWp5SnEzeTh5em00TU0wcDhaUzktUWdoUTFFRXhlZjUyaWpGbUp4dlJWSi12SmlSQW1aTUw?oc=5
SU.TO,2026-09-14,What's behind Suncor Energy's latest stock surge?,Traders Union,https://news.google.com/rss/articles/CBMikwFBVV95cUxPQk1VSFBjZjFqZ294aEF6eUNUTHFDN1dqbkdLWk9fVlpUOW9iRG1lT2ZWOVN5WExlQ25XLTNETnlPajFMdGEzV2RhMWFQXy12T0dEVDJNQk52NnRldGtGeWxNOGJNZThibjV1TUZNY1VMUWVEd3FGd1pVVWxuNl9XZnJMNGRoNVNWRkVqS1ctMjNDYlk?oc=5
SU.TO,2026-09-14,Can Suncor Energy stock regain momentum as buyer interest increases?,Traders Union,https://news.google.com/rss/articles/CBMijgFBVV95cUxNWEpfckw1NlVrZDZjYm1hS29rYTR5aUEzUUhOREh6ekw4OFhmd09zMkNJTFY1WVhXaTNnLVJWMzFxeVhiMkdSNTFfcG1SVUN4OHFxNUZ5eEhEOGl3STVleDhmU1VQczBCOThROUZNOWZNSk1ZV0Nka0ttd2ljMC12U2ZBM2FZaWtXTU53NDFB?oc=5
SU.TO,2026-09-14,Suncor Energy (TSX:SU): What Is Shaping the Current Story?,Kalkine Media,https://news.google.com/rss/articles/CBMinAFBVV95cUxOWHBjR0FuUnAzYjd4RTF5WkducDc1RmZESUxGZzl1ajdtVmVMYWFXQmVEdHZoUkY5VW92NjJ4WlIwdEh5bU5wQnJRRUNPLXJxNW9WaDdBY21pS0ZIaUtfOVFiaXhIQ3NuNFlhWUZKSUhiTDA3VVZ5cFFwVmJFSWlTS3F4d1lVVk9jNC1Xdm1ncEtJX2h5djkxM2pNajc?oc=5
SU.TO,2026-09-14,What Does Suncor Energy (NYSE:SU) Signal for NYSE Energy Stocks?,Kalkine Media,https://news.google.com/rss/articles/CBMipAFBVV95cUxNcTNTcHNHeUw3cEdBRlMxQTg5d0xYUHdfOEZBWHduOGVWNGdZc19aRmM2bG1kUkgzU2JjMTExbm5JVWlsOG5Oek1qblY1Q3RNdU9jbjcxdU53OXN0cHg1MUZmY3Fvc09ISkJnX2lqRUFrNUkyNHNRd3Mtb0xpRFFrb2tZY3I4MHBGaU16QkpWd1ctQndLOXhsY0NTWktEalczdVo0aA?oc=5
SU.TO,2026-09-14,Why Did Suncor Energy (TSX:SU) Stock Suffer a 0.01% Dip on 11 September 2026?,kalkine.ca,https://news.google.com/rss/articles/CBMipAFBVV95cUxNNF9sR2dKb1RzVVZISWYyX2dENEZmSTBTdmdEUGVsb3lwX3pNSUhTZTJqQnVyRklMTENlQ1NTbGIwXzFlN0U0TU5icXNBYTViR1MzQVlaVzBRaS1saUFzQXNZc0VjOEdpcU0xMjVPVGg3XzlUUENRcHJ0M0I2WnhNMXpvdlpxLXBnR3poOTBmSTBab19fRFBmeWRIdnlmNEU0WHktYQ?oc=5
SU.TO,2026-09-14,"Peter Douglas Zebedee Sells 4,388 Shares of Suncor Energy (TSE:SU) Stock",MarketBeat,https://news.google.com/rss/articles/CBMiywFBVV95cUxNaERTR0NVZlJCNWF0RS1DS3B0Yllld0s2SEtUcHBENmd4VEZfM3NpTm9GbmdycUZGcG5YWWg1cXBVYTgyMHZ4cko2blE4UEtLbWhWVGFqdzNqaWVVbkNHOXRFUUU4QjVPN0plMTh3d0hzYTJLV1dYcEdISUViRGFJVTJ2eEU1NnhXemRsZ3JaOHU3R0NYdXRoWjZpN2x3anNMaFJyTkVFbHk3YndnOWFlejkzZFNoY2p0eUY2VU5fcGhzZXRKd3AxTVlJRQ?oc=5
SU.TO,2026-09-14,Should You Buy Suncor Energy Stock After Its 63% Surge in a Year?,Zacks Investment Research,https://news.google.com/rss/articles/CBMipwFBVV95cUxPM1k3SWRKTTEzYTN1aHpLV294V042Sm1LRHpENzZCOGZUSU8zZ1BKV1lsLTAzSk0yaXVxam5HNzVoT3d3MXRldjExekRVV2QxZjhRM3RIS3RQR2hLSXNhcjdpYThHUzB2ZmJJWEQ0UzMzZ0JGQUNNdnAycXdycm1KWDljZlRwWkVtajRRZ09sVDBCNG9xemNqbFhjZ2VlY0h5czVrRDFlaw?oc=5
SU.TO,2026-09-14,Suncor Energy (NYSE:SU): High Growth Momentum Meets a Breakout Setup,ChartMill,https://news.google.com/rss/articles/CBMitAFBVV95cUxNR0JSQzhhbEEzVlRVYlBRbTVkT0RsUXd0Q2RGZ1hRTGl1VDVSWnlTV0RnZEoybTBmdW5wc05NR3BzeTNSdDBkc2RVZTFraWhIaUR0SkQ3Rjc2enVLeTdKWTdjeU1nODlGX2JfUmQteC04Tk93TmFtbEp0XzdyLWhfakZlbnhPb1o1T0U3RGlONV9PS1puTTNXWkR6YjBwMGpKWHBESHZVNHplODJzZ1NIbUZMN0o?oc=5
SU.TO,2026-09-15,A Look at Suncor Energy Inc (SU) After 4.6% Gain -- GF Value $46,GuruFocus,https://news.google.com/rss/articles/CBMisAFBVV95cUxQVjFzT1RTRy0yTG1sRnJRTlZ4OU9TcHBMVm5CM3JQZ1Z1VFgyQURYRzVGTWljNnIxTUY5eE1oNk42TjdqVTlWTHBvZ1VXNHVxbVZtV216UDBtcHhlN0VPdFMtQ2o0OHFaNXdsbG5hZEY3Z1FnRi1ROFJDR3RzWFZvZGlNQVZ2bW9WVjktR1E4MnZobU8yNGpRbzUtVkI4NVFXcC1nLU9XSlo0Y2hPeXlQZw?oc=5
SU.TO,2026-09-15,"Suncor Energy (TSE:SU) Insider David Jason Oldreive Sells 5,000 Shares",MarketBeat,https://news.google.com/rss/articles/CBMiyAFBVV95cUxPeUE1bHBaeXpaRS1zNkg0Q0JtOWtNc3R3LXVBY2RnMld5djY0RmxDakR4bDhjMmYtU3cxU1ZXYmRXVjVMR29seWdnNjM3eHVyRW5SMWhxZ2hrYlBYczZteDZyU0s0S3l4OHJhcFgxY204cWd6WndaVHQtS2IyVWtwekwtUG5NWXllLTc3dzVYeE5MRXcwelJMdkJYYXFBcUlGUjE4V2xYdlhYX0R5R3BnbDBRcWVzRy1qTEp3RGlJTVE5elJ5cG9NRA?oc=5
SU.TO,2026-09-15,"Suncor Energy Inc. (TSE:SU) Receives Average Recommendation of ""Moderate Buy"" from Brokerages",MarketBeat,https://news.google.com/rss/articles/CBMi5wFBVV95cUxPc2NhVXVPUmx0RWxNVGpxbTBfUnlQWTYzLTNNUkVXSW14M25iM2JrSGRLWUVnaE9BcGVIM19KS1dxa3BYTkdtWWlrRDdBdjVRWXRMNHNxTnRjaW5UcFk4Y2ZVTDVxWFlHSFpISTNrdm9aT09NRDRkUXFaR2NfR1BVdllqVzJIZHpsaWFlelVnako4V3JkN3NXMzQ1NGg0RjBmRGVrVzdsQ0NOZnFzVVFBQ2xka0t4SjlmNUJEb3VCSnl5RE1KN0JNYVV0UmhFdEwzUzJkcHZ2VVNabVZtVGRCUGFiNGtXZWs?oc=5
SU.TO,2026-09-15,"Peter Douglas Zebedee Sells 5,000 Shares of Suncor Energy (TSE:SU) Stock",MarketBeat,https://news.google.com/rss/articles/CBMiywFBVV95cUxOYmlpbGVrcmFWZkc1aktBaFpyeFVONnEyZGFPX1RKcEIzRkMzQXBWMnNVdUFhQ09JU1lOOXB3WVJjdEI4S0dIeW9kemJYblExckh0N19wamdFdXk2UDlKbVBjaDlUelk3VVlRVkpfTTFhSFNRVjViRURxbllMeWoxemhLVGRjclBNS0lLZkl3RUlUTTg3MFA1NUpETFZtNjVELWRoblRMQmV1VGxlZTVORTdtb1hqRTU1eS15VE56Q2hFLWdpeWt1Ukdocw?oc=5
SU.TO,2026-09-15,NewEdge Advisors LLC Decreases Holdings in Suncor Energy Inc. $SU,MarketBeat,https://news.google.com/rss/articles/CBMiwgFBVV95cUxONjFMSjN1V1dZaUR2UEMtRjYxOU1aMVBnQkhxR2NnMGhoUXAtQlhMZ3J5Zm9VcjNaQUJOYnd0a2I2enl5eTJ2bVhWTm9JQ2lNdHdSTHNtMWJJUXdDMGdKOEFkNldaVGxIRGRTRjFvSnZsaEs1LWkzc0ZKQ2R5VnpmakIzZVRQVUNfLU5la203MVhkUGZLQ1RXX0M0WVpaQ3RhMGlkc3VTYkVuUHE5ZlNBODdUOEJhTWJCNzhnTjY3TFFMZw?oc=5
SU.TO,2026-09-15,Suncor Energy Gains as Oil Strength and Recent Operating Momentum Support Shares,Quiver Quantitative,https://news.google.com/rss/articles/CBMiswFBVV95cUxOZFRMdU11bGlxWGJGNzFHOVRCVEJibF9lNkIwdkhzb3UtTXc1SzZmUVlKeEZYOTNGVTRxSGhpancxaDh2ZDRnMDFWY3hBRlA4Z2QzU1pacWtMQWhYSmZhdVdqUncyRUtaQ3pDQjVZcWY2V2RFSldRZl9Ga0JRY001WUlxN2xiM2RZa0ItajBBMHdZZllDdkl5ejRVWklibUxCMGg4YnVHR0lyRkdCN1UwMkJONA?oc=5
SU.TO,2026-09-15,Why is Suncor Energy stock up 2.7% today?,Traders Union,https://news.google.com/rss/articles/CBMikgFBVV95cUxNNjJ6VmZ6VEd0cS1hNkZtTUdRLVdFdXpaQmo3WEo1X3Y2R2VRakowa19ZRzVSellpUDNqRnl2TDE4aUZPUGpfdWRZMnpCT2tQQ25sVmdIQmtuc1gtWTBtNTI1MFVsaF8zZVduVXFDRTNWcnRNWTNhakZLUkZnMzRYVVkybHV4c3BsY0c5NmZfSE45Zw?oc=5
SU.TO,2026-09-15,Suncor Energy (TSX:SU) Dividend Strength Meets Mixed Signals,Kalkine Media,https://news.google.com/rss/articles/CBMioAFBVV95cUxPNGNyU21oZFktSU1Sc3J6N0pyUmd0VEV6RjVaWW9YMnAyZGIxYUFqcnByZ2xLN2NLd2FNZGtONXVSSmZ0Q0ZuYkRJUXVVeGpKaFNmMnRza28xZ1lwZVczaVBieGwxOG1ZQm5UbUpDNHpPbTZRclY1UUdKY0Q4NXVuLVhUQm1mUWw1cV9YOUY5SWx2SXRLZ2l5TURRZnRDZ1Vr?oc=5
SU.TO,2026-09-15,Breakout attempt at C$100.21: Can Suncor Energy stock extend gains?,Traders Union,https://news.google.com/rss/articles/CBMijgFBVV95cUxQY09Kdl9VX3kwd290dWdlS2ozN1B3UXBBMF93ZTdwRTBxbmJPQ2RqSUZ0aWV1RHV1Qkowd1NUc1NEQ3N5ODNiYW1BV09CMW04MUd2V2MtdElVcFJ3RmVNQWF3ek1IdkVJTEZMZ0R2enlTZktEemFTTm9GREpMdTVZSlJLV2tROVZVbnFyUHhn?oc=5
