ticker,date,title,summary,url
CNQ.TO,2018-01-02,These are Canada’s top 100 highest-paid CEOs for 2018,Macleans.ca,https://news.google.com/rss/articles/CBMimwFBVV95cUxOUFozbTNKOFh0dGlmZGwxVTRYbXNtd1Fndjg5bFVQNjFoeldqcXJ6M1NlMjdDdXc5ZGEwVmY2UnlYek9XQW91VnU1dEdQZVVFN0M5TUZQVVk2MEtFN0dwSE00RVdFM0JNaklMMTNpdU1OTTRfanJJYVFXcmxIVVoyX3FETVoyZWtnaG9tR09KRm52Q1BMcVlZanVNUQ?oc=5
CNQ.TO,2018-01-12,Why the Trump offshore drilling plan is another Canada-U.S. complication,CBC,https://news.google.com/rss/articles/CBMipgFBVV95cUxONmZqRU8ySnkyVE9KdU5mcGE0UzByZk1hSFhoRkpXOTRXanlnZzFoazg2VU1xUG9TNmZNM0pWSFFFSWNQcklUVkg5Mm9VNVE4LUlxV0V5bjVkUHJsakw4MGFYM0VSV19RRnlBTnVNVE9ONng4bVBhZklXSC1USjZzcnp3TTVtREIxblV2R01jSERvclVqaWkzOGs1bGJ0T1RJcTA5VzNB?oc=5
CNQ.TO,2018-01-30,How TD helped Canadian Natural pull off blockbuster purchase of Shell oilsands' assets,Financial Post,https://news.google.com/rss/articles/CBMixAFBVV95cUxPSDdISXVZbDI4SHBfTTJjckE0a3lXV0hLTmp4WV82NmtKR2VvM1RuNXd3OTV0ZG0wYkozM0t1cGhaTUpqWjV0THNHdDlyWllKZmQybjNCdnpmY1JnMTVoc1ZZX2doQXBmcm1PY2wyM1p2eHFUeldUX0g1SVdYZW1qVlNCUHZUay0wM3NmS3RPQkFKWXo5b3JhUWhxTFVONWZuTm5Ib2tKdlNMZG5QaHlhQlBoZm9oSW5RMTg3bGozNHpCSVVr?oc=5
CNQ.TO,2018-02-03,Technical Analysis of Canadian Natural Resources Limited (TSX:CNQ),TradingView,https://news.google.com/rss/articles/CBMiZkFVX3lxTE1KUGlJMGRTZmJZdjFyYTVUdnNlQXRsQUZGSVI2ZnV5Q01qNUdiejA4Ul9lQWJ3MFZSQzFJU1h5M0hnVExiMTExM1hLdVRCYXo5WGpDdy1aR1RxZDFUUE5PRjJpNzRuZw?oc=5
CNQ.TO,2018-02-13,Star Diamond Corporation (DIAM-T) Stock Price and News,The Globe and Mail,https://news.google.com/rss/articles/CBMickFVX3lxTE5jTGdCbnE2VU1FM01RUzEyc2ZOVWQ0X295MjhjbU9CbzFSaXUxUVQtVGNtR1h5d0Zuek5NZ0JBSWxkUEUzbk1KVmtyN0hTY0JqZHI1TGtvQ1I2SHgtNU9PSlhpOFk0OVdLSVMzODlaTEhoQQ?oc=5
CNQ.TO,2018-02-15,Most successful company founded the year you were born,Stacker,https://news.google.com/rss/articles/CBMimwFBVV95cUxOOUxnSGhQQ25XY1BlLUIzdHZoTXdzTU00Y1U3Y1dkWGFBbUlGcjNqRW1RckpwTW10dERGN3FCa1FuVlE2dnZ2RTFDVlVsc0tMVmhvV0NuWlFzUjJzbi0yX2dMWC1XZ1hYemN3U3NDSWVSNWV3Y1FiNG1Gbl82SURDbHNRT2dTZlJIZmg0R0lTbTQ2WldYRlVPWllScw?oc=5
CNQ.TO,2018-03-05,Soil,The Canadian Encyclopedia,https://news.google.com/rss/articles/CBMiX0FVX3lxTFBoVHZzWjJKQ2dkQUYyMkdacWRfcGdaWFl0eFpaa18zVXJ1S0N4dS1rX181dVBoR1ctMWtmQXRKcmNUdFFCUEw1dXpLWG80MnRWeEg0Znp6MkFaZ3FqekhB?oc=5
CNQ.TO,2018-03-07,Economic History of Central Canada,The Canadian Encyclopedia,https://news.google.com/rss/articles/CBMihwFBVV95cUxNMDY3NmNRVzJyVk5aUHBuWG1RM0p1eU1vZ2pkbFBwZ0FILVc4ZWl3ZGE0YjBXLXdBb2pvWnJlUE92SklpTWEwT25TSEFCTmdoWGlHV3plVl9ESUxVTTQ3WlJIODNxdzFGVmpzanVhaERlRnkteXRzNnN5NlNiR0p0b0Y2d1RqdGs?oc=5
CNQ.TO,2018-03-21,"Cipher Pharmaceuticals has 157% upside, Echelon Wealth Partners says",Cantech Letter,https://news.google.com/rss/articles/CBMiqAFBVV95cUxQRXJNWGJEOWdXSjk2T0JkRmJBQ3JscWVzbENCSXBnRmV2UzRZX3FRdTRIRTlUUk5qOTdnT2RYREVEcnBiNUJzUV93VXRXYm5oYmZLZm5KLXhaTjB6TVF1VE5GcDRPaFhOZ01PYTRIT2QzV1JQTEczallLRmxRaVZmdmc2WHdGZjdoX1A2TjdMd3BPN0pxMWE4bmlDQlZPbDQ0ZGIzdHZEcU_SAa4BQVVfeXFMT1ItOFpRcFFRVElPT1ZYMVR2aTVObEcxTXNCNXdHcS1RRHFFS1dOQjZQdUZfVHJOSTB2LVlXZThqN2JKMEtGLVhTWHNUWFJyQTgtcWFlUnpwSkNwUWVVZF8xeFZIa3JVYnRoS2pidVNxbnNULWlYSFFPTjhGWElFY3EtRjFuVEJ1MmRiejdsdUp5bndnaVdwLVpXb2RZN282Z0EzbjZoQkNNVUlmTFdR?oc=5
CNQ.TO,2018-04-23,"MEG Energy CEO steps down, raising questions about direction of company",The Globe and Mail,https://news.google.com/rss/articles/CBMixAFBVV95cUxPX2hJZkpUeGp4LWJiWS1kWFNXN09GOVVqLXFvMDVDRENnbWJVVXdvS1VfT3c3NG01b3hlQlpMS1l0am15cFJpUE1TVjh5QWt5TUNYOUZvMUhOdnZtenIyYkpScDNPNjFfYm84cDBSaUtTNGFjTThfMXg3OWVad3dXS2paZ2lvMFY3U09TX2Faa0hiRDkycTI5WjB2UHIyV09YYkdpajh6ZV9sSG1rbEtJTkNoMGEzb1B0ekdjUjZEYzM0VjQt?oc=5
CNQ.TO,2018-05-07,Shell selling stake in Canadian Natural Resources for $4.3-billion,The Globe and Mail,https://news.google.com/rss/articles/CBMisAFBVV95cUxNZlEzdGhOQkJPam9sRXptS1FmOGRkZzlrbE00TTVGcWpNX3Eyb1BxZkVkMnN0bnprUWZSak9KZmpUMW5ranlIQXp5blhsZWctZnVKZEd6ZkxYSVRCaVlwdUFhalZXUVVHYm9NNU9sd0tYRTJaNmcyVEF5OFNPd25JUVlWT01iQXRjSEFGTE4xOEVkVDlleEVab1B0V01CcnVVcXNlVnRMRkZISDNPRE9NYw?oc=5
CNQ.TO,2018-05-08,Shell to sell $4.3 billion in CNRL shares as part of $30 billion divestment,Energi.Media,https://news.google.com/rss/articles/CBMilgFBVV95cUxQc1NEUUdFT2NxNU93X1ZQbGxnZ195N005Z2tsdHI3QlAyR1YyWkxFY0RWOWhEbmkzajNuY1UzNnVMR2ZYRXNRZU1FdHlNY3dvdVltYWdVdnBZaDZ1NjJxdzJsX3ozRVVwQlU4Q3l6UjlSc2ZDUUtFM3VsVFluVTkyb193LXV0OFo1dm52WjRIXzFodEU3MWc?oc=5
CNQ.TO,2018-05-08,Shell to sell entire interest in Canadian Natural Resources for $4.3B,Global News,https://news.google.com/rss/articles/CBMijgFBVV95cUxNLVY3bnI5QlBpV3BQSXY0UWRINHlXUVl5SE5nNEliRzZvZ1hVLVZnWGNQZnZuQjQxenBNODhrbThvejNzU3N0RGNvcDNfazRaekx6REpfVDJhREp6d0ZxTERZOTdWMEV1RUthV3BzUEU3cDl2elI4b2NNTDd4OHY1U1lhenFEQlhJa2dLSEt3?oc=5
CNQ.TO,2018-05-17,YouTube launches music service,ca.news.yahoo.com,https://news.google.com/rss/articles/CBMicEFVX3lxTE9NNENpMjBEUDRnQnY4aHlWMS14aVFubHlSb3hKYVdCVTBrRjJtWktFWkl5YkxDTkF0LVhFcXFoYVNvOVNsTG1WYlJjWjdoeTY1anVtRDVFQTRDMDluVmhPVXF5N0twbTF4ZzRCV3dmQm8?oc=5
CNQ.TO,2018-06-13,"Getting rid of Corus Entertainment will be difficult for Shaw, Canaccord Genuity says",Cantech Letter,https://news.google.com/rss/articles/CBMirgFBVV95cUxNcXUyWW1sUFpucFRKMVJfWlE3VGpaemlOaE1hcmFFdC1RZWU5YWtmV09tdmY2TXRURkl2eGJuTm80dTVQRHppb2JKOE94aXNfYVdTc29TWVhDZjh3b3RZUFMzaV9kSWpkWXZ1NjlnR0NXejByYWxHNExWUHNYRWh6OVBkclVsZ25HbUthOGNLTDJDYkNBX0J6YWhhUWFDaFQzTE1YRExLeEllUmpkRnfSAbMBQVVfeXFMTW9oWGJjcjlQcWc3SEpmQTl2TjFHeFFpOE9OaFpUSDBnRU1meFpWa3A4dll2OXhBQnh4eFZlc0Q2MFp5bUVUUjJ3LTNfdVpSTno4TFByWmhRTVJhSHRRYzVJaW5LZzlrQ0trWll6SVRLY2cyQ19vWDBUMHdzR0VXazdiTERmNTB6Q0o3a2tqdnVuYzJ1RXRLN2JkaUhtUEpoRml2SUhKSUVUUWlVRTRMeEtUOFE?oc=5
CNQ.TO,2018-06-29,'We eliminated a potentially disastrous event' — oil stocks surge after Line 3 approval,Financial Post,https://news.google.com/rss/articles/CBMixwFBVV95cUxOc3JtRTdWZkljdXUwQl9mcDJycFhWUzBSdUVNYmZNZm1vN2pKbmxIVjk2dUF1M3ppc1ZtQXVPOGhob1p1NkpSLUlqUmNEWjh6MnhQaTJXY2lEckFwRDU0RVNETXJiOXEzVC1Eb1JEUlVMbnhIcGc5N1RzeWxlUXpQbFJfN0c5akREZDRBbjFyZk9nNHl3Yk9kNXo4RW4wbEg4U2dCUks1M0RkbUh1RWs5OElEczJ3M0hoLXJyZFpuaTVNbXJTUmdZ?oc=5
CNQ.TO,2018-07-04,Enbridge sells Canadian natural-gas assets to Brookfield group in $4.3-billion deal,The Globe and Mail,https://news.google.com/rss/articles/CBMi5gFBVV95cUxQMUd6WWQ5cDlTOTluMXcyZHoxR0llMTBlWU9TcEJXMXlnTmdlZndmSjRpamFNa2xBRWY0ZUNqWHR5bXhWSHE1SWd2SERDTWJ1US1QZ0xUYVl0aTJtcVJ5LTVtTUpqZkF2RlZHb1RzajE5OVhpNmVQaUVQd1JXT0swTzluMTg3Qm02REJ0QUxBX1lhMlhoTjhZWXl5REVEcFBaQlZzbWdBWW5Hc0FSLW0yWnlEMnNibFM3cEMtZzgzTkx5bXFpT1ZyQS1QVFlOVVcxLVJ4MHIxM2F6N1hUUWJ3bWtvY25PZw?oc=5
CNQ.TO,2018-07-04,Reporting of Payments to Aboriginal Governments Now Required Under the Canadian Extractive Sector Transparency Measures Act,McCarthy Tétrault,https://news.google.com/rss/articles/CBMiiAJBVV95cUxQOWk3ZUJ1OUVPSnhwS0xlUTZiYjlEeXhBT3BZYzNHbXBBMnlfWk1nMTA4eGg0UjJqZ21ma2QwdFFncWFubWd6ZjFXN29pSlI4dG1HdVJxYUYzZDNISklQb2dsRjdCQmxHbXZnWHYta0ExZVFXTy1LbHRBVHFqZk5GNkZidHJndi16MWVsR0dVWDZrVzhJMUxCb01sUXFmeVZmbzVJeEkwVUxiU3FTWUtMQUVGbk0wXzVtSFRJNExoQkJ5c0FhZl9WWlNPUUpGNHJyaVNYazRRa21kWGk2SVY1LTRtaUN3MWhKZ1VaQkZuSDBOOTFwRDdTM2hwTjNvSEZtb1QtMUtHN1Y?oc=5
CNQ.TO,2018-07-23,What If You’ve Invested in the S&P/TSX Composite Index?,Yahoo! Finance Canada,https://news.google.com/rss/articles/CBMiggFBVV95cUxQQlp2Um5uZVR5cGlrTkFGQi1BTGZuSU9XYTVsSnJJMVVnbGpVakJ4UHFkMHBTNWxHc2h1dWRuUzZEQWw5Y2xyQ3VXeW1jUGNlb2pjdWJkRURWd2N2Vi05NVd5ek9uYVNTTE5HZDhTYTh6VURfOUx1RXd3LUp4dFFMbEl3?oc=5
CNQ.TO,2018-08-13,Ensign makes hostile takeover bid for Trinidad Drilling,The Globe and Mail,https://news.google.com/rss/articles/CBMiqAFBVV95cUxPQnVlbzlHOFBXTVJIYTd1WnhudFJzd2kyWVRNeU5adXZMY2VsVVdlbFFpVkZUREF2ejhQNnVFM20wZDFoNXJiYng3YnVXQWp0Z1YzWk45cHRSV2RVVm1adTRwQjM3WUh5bzBhMVpwTEwtdm0xa0JIRS02SER4dGptUnVNNWRBUzlHVmtLcU9NMHUzbzdlQU9ENDhIb2hIaU5ycVhVNGZDalk?oc=5
CNQ.TO,2018-08-14,"Soros Fund Management adds popular tech names, BlackRock in second quarter",reuters.com,https://news.google.com/rss/articles/CBMiywFBVV95cUxQbkljd2paM1Y3eHZfbm1tcWlGRGlPcE1MMkNKV0p0ZHZqdWxKRTVyeVBxLXhxQVdNQXRVUmU0enZrdHltNXhWTlVydmZPQ2ZHejVIUUJVN2ZaZDMtTld5LUxkYVZHZmxlcDh4bGdhcXh5MTJSRDFqcEFwM00taExwdERGLWp3WkY0dXBGOXVKak5pTzc2XzBzMTVGSGkyOW1IdmpkNzZDLW5KRmhiMnVkcW9oLXZNeFpjVVFsYXFja21XMnBLQlVzS0QzOA?oc=5
CNQ.TO,2018-08-15,George Soros' fund adds popular tech names and BlackRock in the second quarter,CNBC,https://news.google.com/rss/articles/CBMiqgFBVV95cUxNWXZiUTZjbnRuZW51V1NSQ2VEX1B2cy1qWHlmQ3Y1T2RwVW5tMEwwQmxXaWw3ajIzbkNsMGdnd1BQdzdDSWQzcFNuV0FsR25nWDNIMmVpLTZITDktQXB4dks3Wk44X01yTHh3Vk1OcktqN0JqY092enlFTEx2MG9JNy1IMi1GYWprZnFRMTI0SFo3TGdPZ1VjMnllcF90Qi1PeUJMX050VFVTZ9IBrwFBVV95cUxPOFUySDA5S1JfeG5oRFgyRmpKVGVrdU1BWVlmWTIwamJrd1ZJcDBqcGZDbzVfWlJWNF9HeGVCTVlDMC1yX0ZFSTlWY3hCX0IzTzJHbTltclBUQmZDQXJuZFp4TFpDQV9lNjdjMXBwck5UekktZWNPR0dlSkhjLVVCN1pDeDhaY0hBbzhCcUQ5TG16eVFQdVU1dU9KY3NsUEdkZXFDQWl4QTNYS0RqWkJV?oc=5
CNQ.TO,2018-09-07,Varcoe: Oilpatch 'boiling over' as energy CEOs tackle pipeline impasse with premier,Calgary Herald,https://news.google.com/rss/articles/CBMivwFBVV95cUxQYlEwVlFONTdpbXlPVUlIWXlKdUpUNnhYdk5YbDloVVlrXzBhUWpjRVZUVlkzeFdpQ3diQUtIQXhvNUFSOGpmWUNmYzBjQjVlYnZzTmprbDlqLUlZVzZEc0Z5RkVZVGNwUHFYekpqNXdRSFV0VkhVdk1RYVZJQlJSQ2tPSE9OWGxNVW80eWxIU0ZPX0xGYXRDc3lrMV81TnEzc3ZQeFJ5bUgwd29lSmNUYUkxRDJ4UTE4MlAtVzd5SQ?oc=5
CNQ.TO,2018-09-10,UK economy on track for best quarter since late 2016 - NIESR,ca.news.yahoo.com,https://news.google.com/rss/articles/CBMirwFBVV95cUxNcV9udzVYVDc4SE5IOHNIWjlxc3c1c05VM004b3h2YmJmN2RRdjJHOEYzeFJvNDJ3YWxyN3hIYUhwTGRNYS0xaEpNVVBUS19HRnhiQ3MxWUlkcEduSURCWlJ0REp3X2ZsMkZ6YUpIdjBnWmkxbTJQSUJVUHpIQmZweHM0RzVtY3kxTlhfWUhOVVZvMXBwUjYxV3gzdDZuamtURHc2emgtbmJVcGlqeFBF?oc=5
CNQ.TO,2018-09-17,by Geologic | News | Oilpatch Icon Clayton Riddell Dead At 81,DOB Energy,https://news.google.com/rss/articles/CBMinwFBVV95cUxObXlpbVRJbEZwMVAxRXY1UmwtTTdhYWdiWU4wM0dfbTFnNGVsdU00YkVGbHpsUmNxcFg4b0llb3hxc0NoSEtST1RVY2lnWXNkWTI0S2lPb293b1JZRjlTY0dFUk9VMmV6MjlTckFyYzUzc2dVZ3pneEhuYTQtSEVkdDFkMDJJLTBXZ3AtdWVPa0NTeVh6bjhqbG5tLWwtNXc?oc=5
CNQ.TO,2018-09-25,%%title%% %%page%% %%sep%%,Cantech Letter,https://news.google.com/rss/articles/CBMiuAFBVV95cUxQeGVNenVNd3RkUnJkX1g2TE9adVgzamd0UmN0R201aWg1M3VLQXRfajdLWjZFOXNFSTNoY2JMTGM2ejluOW1sMUQ2NWYtZlRPUkxoMlc4MEUtZmloMzZoNDlFNTB4NzIzVDVhS0hzX0pTbW43WU1BdGJkY2h5Vi1abVpzNGpyNzZRVGEySVdjRlpqN1pyNEd1cllYMWlEUFdOWVA2azVJaDZ4NjhtY1NCMEEzbV9qcnFH0gG-AUFVX3lxTFBtdC1WaWxlZXNKOUZiTi1SNlZaR3ZYYjNrM21DUHZONWI2NGtzbXdVS205U3dHTFhYS3Z6TllNWkZCZ0tUSHRaMzZ0WlllU29uQUswemVBa2JsUkNnc1VTWWFOVFZITU5NR3lxUTN0LVRreE54RWNhTXNQeWRxY2RUaTB5eldVSEE0cWUwV0MzQmRYNzd5cjhxZjI0QWhVaDdFdFNhZXVKSmFqbjRNLVRxVk5PLVZnRjhtOTdJaXc?oc=5
CNQ.TO,2018-10-03,Canada to restart consultations with Indigenous groups on Trans Mountain,APTN News,https://news.google.com/rss/articles/CBMisAFBVV95cUxOZk85TXJKZmRkNUlZUDRla0xEbDY1Z1lJcnJJSDNka0h6NWZ4djRjcGtFLVZPQzM4TlRpaHpxdlgzRk5odDRiTFYxdXhHXzRkOWdBbmFhR0lvR1FwbERBa0dyc2ZiNE9TbEtjS3dfYnRyUUtnWHFNdjB1X2VOZVNHZnZsTURwRlpfcEs4dC1DRWtOYm8ydWMyaVI3MWxaMHplSkg2OEFiVGNpcFZkVHZhbg?oc=5
CNQ.TO,2018-10-07,Companies A–Z,proactiveinvestors.com.au,https://news.google.com/rss/articles/CBMiXEFVX3lxTE9NckNwSkJ2TUJob2ZNeGdHMnhPNTgzam00YWNuSkwwQ29PangzdEs3TlR5RkwwRjlScUl6Y1h0TzlTd3U0RlhxQ1BGU1B6OFJUanJKTmJLRTFaYmpD?oc=5
CNQ.TO,2018-10-14,7 Top Stocks to Buy and Hold for the Next Decade and Beyond,Lyn Alden - Investment Strategy,https://news.google.com/rss/articles/CBMiVkFVX3lxTE1BbHFQSGtEMEgzemZfSGUxVGs0ZHBzWmt4X3pWaUFmUDVrSDItbms0clN1eHNlZ3Y0dVJxQ3BUbXJfSTBvTjEzQ3p2TEwzNllTcUFFcm1R?oc=5
CNQ.TO,2018-10-17,Morrisons promotion puts finance chief in pole position to be next boss,ca.news.yahoo.com,https://news.google.com/rss/articles/CBMiuwFBVV95cUxNMFczTjhGLUR5eHEyelZ3c2piVEpUdDN2cTFWQUZUd3BaTUhVTGFFZnh5a2pldFdZN3ZWVHp4OFpkcjNqa3BnbHRQczhOaTEydGgxVTMxcnNyY2hodWtfcnNFUE5zMWM0TzlUT2RuaFMxM0hnSmpSbFhoSUxzd2NIZDNOak16YkE1VnV1bnZkV1ZkY1lMOW8yc3BMR3lRdHlhakdYRmYwQmJDOFBnRDZ2OXFaMGhfV2hWamdz?oc=5
CNQ.TO,2018-10-18,Capitalism needs a reboot so that no industry is too big to fail,The Conversation,https://news.google.com/rss/articles/CBMioAFBVV95cUxPS0swLWdCTUV0bk5MeHc3ZVdiVWpGVUNtcmEtSXM1WTJvUnB4RkVaYklVT3NOcy0wSUVkX0VkdjBxVXZpX21nbnoxd1Z1T2hsdDByTEJiZzM4N1NUWncwSjNVMy1RUnJ2UWhZZUV1dUlqNHRicmdMWklRdENsMElVWTN6Qkh2UEZuNUJVbDhzUmVLRkdicjZ1Y3hGWHVzcTNU?oc=5
CNQ.TO,2018-10-30,Comprehensive Wealth Canada: Measuring What Matters in the Long Run,International Institute for Sustainable Development,https://news.google.com/rss/articles/CBMiZkFVX3lxTE5GVW43WU5SdGdWLWhBal9QbGNNdWVnbUY4YWtFaUpnRURVU0VPTHNYT3N2d1ZUeDVwZzJKR3FFc3RIUUJBS25QZ3M2LUZWM3MtR2JFY0dSUzNIYjZyaVR1OWZIZzdXUQ?oc=5
CNQ.TO,2018-11-09,"U.S. judge halts Keystone XL oil pipeline in blow to Trump, Trudeau",Egypt Today,https://news.google.com/rss/articles/CBMilgFBVV95cUxORWUyRjlkOG5pY05vVkpGTW82SEUzRFNBeDZOUmljVG9IVnRLVWJZVTNzWlVGalo4MUFPZV9yaFlreXd2SVJUZkhfSzhNaVRpYWlpbmxWQ3Zjay1DdUEzdV9Rd1BDNzJtV0Q1Vk51eDRSTWdUNFJ1VG5IdGF4TmlzdTN1clFZSGxfa2NkcnMzaUpfY0VyMWc?oc=5
CNQ.TO,2018-11-20,OILPATCH SUFFERS ANOTHER BLOW,PressReader,https://news.google.com/rss/articles/CBMif0FVX3lxTFB2VDd1WVJEVWkyVEdHUmcyWWlhaUZGdU8tdGsxb0kwaXBlcVlpS1JoVFlac3Vva0V3eGlkeFpaY05TdkNTUjJXTEViUUpoU1BqWDBBMjNnRFVvQ2NIbUtJeWQyQUZsX1dhdUhhYkhjNWs2MlMwM3pOc2dfNkwxQ00?oc=5
CNQ.TO,2018-11-25,Oilpatch share buybacks drive record high totals on Toronto Stock Exchange,CBC,https://news.google.com/rss/articles/CBMidkFVX3lxTE5odUs3Rkw5ZXRNLUZ4UFNvUDFycXpvUkc2TjZlWFpUbWhHSG9waE9JdjJaekozdHNDYzFQb1JEcGNWejhWTTZJVWo5eGx5QURNSWJha3dyazRmU3MwbmIzcWhvQWxnbEFsWUVkeUFwU3F0eFB6OWc?oc=5
CNQ.TO,2018-12-05,Oilsands producer CNRL cuts $1 billion from budget due to low oil price,Global News,https://news.google.com/rss/articles/CBMiqgFBVV95cUxNYlRsYjlCcEJGeGZXLWpLbno3aEZWX2U3SjBxZTF6bmVNRnlmcEdNNkhfc214aTJjZnQ2eGJvMGlZOF84MHBEWGxIcER5STlzaW5TcXN6dlZYcXlncGVUWURsUm9mNTI3RlZ6Sy1ESW91aEs0QWFzTjg4M1hYdkZGNzFRZUNJMnBaUjF3aFNEUThLdTZQN3VFVjE2MzFCQ0wzenVDQ2hLNWNoQQ?oc=5
CNQ.TO,2019-01-03,Sask. CEOs make list of Canada's best-compensated business leaders,CBC,https://news.google.com/rss/articles/CBMiogFBVV95cUxQUGN4aGM1dE1vWThVMWx4V211TmY3dnpTMkY1d2tRMlFQT0FzQ3VMbF9kNVVTb19LczdDS05tbmZXTVVNa3FBVjZWclcxcGRQT21jVnlNbUhoTDZKS0poOGlmUmYyYnNRbnJGNTRSTjhUQ01aZTR5SFFkMlJaNnpZMHY4dVJuR2laZXhGSjZtRE54RkdqME1pRVJEd1hxTVpjcEE?oc=5
CNQ.TO,2019-01-08,Should Value Investors Pick Alps Electric (APELY) Stock?,Yahoo Lifestyle Canada,https://news.google.com/rss/articles/CBMiigFBVV95cUxNMG9zZVRoR2lRWUs5czI4cDZyR1UwR29tZWdLeGthQmtkdXNlSTBKOWhJREhxSG5BOExnOGZFS04wc3FkTi1Wd181M1ZYUUJmY0QwbllXVC14bDVKQ29nQ29ZLVEzMHNpaWJyaVhfRExmN2hRNjZzVFAwZklLRlJwOTljN0EtMkxxVFE?oc=5
CNQ.TO,2019-01-08,Brandt Stands With Oil Industry Against Unfair Carbon Tax.,PR Newswire Canada,https://news.google.com/rss/articles/CBMisAFBVV95cUxOanVLcXJyeWszUUpKVVRxbFdNUkxwOHFyc09Na3dHaHk0U0VidDB4dVN1clRqOGM5eTAxbFpVSFFRX1d1OUFoQk0yV1ROczN6RWNtY25BZWltb1cxMnBrQkdGRHRpT0hFOFB3LWd1dUw5aU55bVRWSmQzZVVqd21CZFh4aDFtaWc0Um4xRlBkTU12WTJLQUdGQW5uOHpwRC1lbEZySGd1MzV3MURLSGJKdg?oc=5
CNQ.TO,2019-01-31,Oil and Gas: Top Trends and Transactions of 2018,Borden Ladner Gervais LLP (BLG),https://news.google.com/rss/articles/CBMikAFBVV95cUxNckROcjhkMmgyUVNOLUtSazFSaXFlNHlPV2FuYTVEdVoyMnZ2RE80QTNqcnlIXy01LUxwTFlyT1ZDY3JjeUNyUGJIRW9jZzRqZGd3ZVJ6RHJWRkNlT0NfLW1za2dvejRRZUI2YzVBa0MzRDZXUlAta1pJV3hyWE95SDFYUlVJSjJsd05uWEVfVks?oc=5
CNQ.TO,2019-02-13,Meghan Markle Is Giving This Canadian Fashion Stock a Big Boost,Yahoo! Finance Canada,https://news.google.com/rss/articles/CBMijwFBVV95cUxQaXN6aXNNbkpyYkFFek5CdnpFU1R6anBNYVBCREYxR0Qtc1RyTnpiZDBOSUsxR01keURUNThSZ2E2TzlNQ1F6TjZGc0I5eEMzVDQ2UE1tVDYyWWc3eVZFSVVoZFFVYlFqMHFvTm1Ta3VDOC1mVXlkOGdnTTU4Qzd4V2prSHZ5VWRncWdiZHZFYw?oc=5
CNQ.TO,2019-02-20,U.S.-based Devon Energy to sell oilsands assets and leave Canada,CBC,https://news.google.com/rss/articles/CBMib0FVX3lxTFBZUFdubGF6SWxyN0NGd1NjTzBqSnEtUG1Vcm1Ua1hTcjhUbEV1ckwyNTZXc05IaU5qN21PLWYxY1JNczRkNDNZQ3J0M2kwUGI2OEFIbUJDb2VZYUI0b0R6Q3FXS2RBWDB0czFwZjNHNA?oc=5
CNQ.TO,2019-02-20,"Devon Energy puts Alberta oil sands assets on the block, adding to exodus of foreign firms from Canada",The Globe and Mail,https://news.google.com/rss/articles/CBMi5AFBVV95cUxPU0w0MUVWWU9SUWZ6bndFdjhJSGpkMWRrWUtIeFJ4TkNFaUFyYWkwb091TTc5MUFwajFrUDhPd1J6bGVvZW9xWUxsaEtpSWo3V0JIeG8zMXFFaUpqYTlPX1AtMUVuWnZhZ245bkpFbUJDclZaZDJMaml6cXV5UlVWa01GTWVaV3FOXzlqUDlYNll3ZEpRQU1iS3dkMzI4d1RtaEdVdVpoZ1ZsVmJxM0w1UUJhZGROcGc1bHlvQ0hhRDY1bHlWaURfZ0tXaV9rMk9PU1A4czNVUEl6blBYOTNia29xcnE?oc=5
CNQ.TO,2019-02-20,U.S. based Devon Energy says it intends to exit Canadian oilsands sector,Global News,https://news.google.com/rss/articles/CBMif0FVX3lxTFBYQkxycUM5QzJjVnNqYnF6NVJpLWJGRTNSV0NjYl91eDhQb09DREJPR2kwaVhIa2s1V0hGLVhKOS1HeGU0bEFZZzN3ZU4xQ1pVN3BCZEJHSzM4d3NwWnZxVVB0ZXNOTTFqc3JWVjROMmw5Q3FsLUNLNzhubmRzc2c?oc=5
CNQ.TO,2019-02-22,"How $100,000 in Your RRSP Can Become $1 Million in 20 Years",Yahoo! Finance Canada,https://news.google.com/rss/articles/CBMiekFVX3lxTE4yWE1Bb1NoX25PS3JmemNVX0FQZTJtbGc5LTY3bElMSndPMDBRNUV1SjRFSjRPRGRPcE9QbVVoNzZKcnRmYm1NM2M1U3pYMnczWFZLbURqWGxvbWI1dEItNDlNSVRGcUJwaWtocXZGQWd4YnM3QS10bXd3?oc=5
CNQ.TO,2019-03-06,Severe wildfire exposes remnant peat carbon stocks to increased post-fire drying,Nature,https://news.google.com/rss/articles/CBMiX0FVX3lxTE5VZWVTSlFoZmt5azhSbnRwcXZXRDhXcTg4bWxvOWpjWlIzbFVZVl9PV3Y3d0szeGFtRVF0Vl9WMHo4M0c2akVxM1ZvNHNDeEJqRHJuRklHMFdsTGlFS3Zr?oc=5
CNQ.TO,2019-03-07,"Oilsands producer CNRL raises dividend, reports fourth quarter loss",Global News,https://news.google.com/rss/articles/CBMid0FVX3lxTE9qekZFNFJ1OXZpYklkVnNRN190N0FUdks4VWNObE1pUzU5TjZldVZsWElwQnM4NlJ5VExyNEg0M0lZMW1ITkFfTEdNNzVFVE9iakhORV9CdExDRXo1aHd0YVdpZndPTTBQRTdrcUpSNFlNaDh0VnpF?oc=5
CNQ.TO,2019-03-16,The Twin Test Houses research facility,National Research Council Canada,https://news.google.com/rss/articles/CBMimwFBVV95cUxNRnJyQkpyWGZ1QjFtR3NOaDJJVmZtODhGNTUyanFQOVZrUzNjTjVRanRhQmphRUV4RW5kUnlKMHhSSVBxbnFKdXFlLXdkTHg1MElnRlJoQTRreGk3MjVsWHQ4aW5uTFUxNlBCcUI2RkNpYmdpZlJfd1ZORUl5RHNSendvME1ldWM1VkxWMFJtV0t0QTZBUm1oZWFrSQ?oc=5
CNQ.TO,2019-04-04,FPSO Allan to Get Anchoring Upgrade,Offshore Engineer Magazine,https://news.google.com/rss/articles/CBMifkFVX3lxTE4yZGg5a0d2dmt1YmtJaGdoVjRpQkxJUWJ6QmdIRjFKSzdYVVFOY0djcjN1VVFGN2VRemFHd1dFMGpmeHdsNTZLZEJyOFg5R3ZDdndDeTlKaXluQW1oVzhpQ1BqSlViekpyQ19LU3JPSGNuNkFuMTduV3NkN1VPZw?oc=5
CNQ.TO,2019-04-05,Land of oligopolies: A compelling case for a heavy weighting in Canadian stocks,The Globe and Mail,https://news.google.com/rss/articles/CBMi0gFBVV95cUxQUmc3SXR2dU9WWjRQbGtTcEtTUmFuQ2xJaTBqZW9zWXFXVkNfazlrcWZNM1JlWG4tMHd6YlBBaE1rWWV4ZmxtZHJEY0JCWDZINlZXV3c2TDFvdm9RRkRYOGt0cTA5Zi1uNDkwczNwZ3pDWmh0b1NRWk9HS283X3FfbjFFRzZKVmViSEREd0xCSnVkYXBSX1JXdFdldDM0SDY2X251ZTRzVXlNcERLcFhqMGpNNElJY0tqNzAyalNEc3FSYnFwdS0yRlZIVmRFV2V4elE?oc=5
CNQ.TO,2019-04-19,"Canadian Natural Resources Ltd (TSX:CNQ) Stock Price, Trades & News",GuruFocus,https://news.google.com/rss/articles/CBMiW0FVX3lxTE1LcWVrUmhvQWlWTzNsV1JKMXNNUEpGaTdVanVpbkNZQzVEUmxjdFppVE9fWm1nU01QOXdqT1NGOU5uajJQSnpCY0tYWUZlclBLY2h2THhuX1UzdjQ?oc=5
CNQ.TO,2019-04-26,The Top 1000: Our annual ranking of Canada’s largest companies,The Globe and Mail,https://news.google.com/rss/articles/CBMiwAFBVV95cUxNVFdpVjJUTDFfSUstYjBvRHdDaHRtcThlNTNZTXptTkhhY2Z4R3BjZjB1WENmRm1GN1dhb194S1B2OHJRN2VjdVByX0RHaTlxTHJPclN3VWJwM2dGSEVZMkJLd3hMMVZCMmhTVUFOWnJ4RmlRcDF1U0lzZ0xTWHFyX0EyS2NXN0N3b0dwaGdzcUlZQXgzMERta2ZUQTJOdEtWb0tYLV91MTFOamRFUnd4b3MtOE1JelAwQzhWMXVvN3U?oc=5
CNQ.TO,2019-05-02,Contrarian investor Rick Rule shares his winning strategies,resourceworld.com,https://news.google.com/rss/articles/CBMiigFBVV95cUxOLTJQR01ZRENncU9ocDNiNHZFbjVWVjFCbkZYdXBQZ1l3WHNyUURwNC1WR0FuUGFnR2g5di1kUEVIaVo3YTJyQ1FyQ1lBamhiQXRrWHByMWs0SlVFdDJ1ak02dWlzRkdDVEZYOVZVeGc3WnUxeGVGQzhzM2d4TThOTk9GNWI5RUNhNGc?oc=5
CNQ.TO,2019-05-14,Cash-rich Canadian oil firms favor buybacks as other options narrow,ca.news.yahoo.com,https://news.google.com/rss/articles/CBMinwFBVV95cUxQS2tRNHpsNnBuY0Q4RUo4NmY3TTg3Um1QcGxDRFFZTmthbzF1VDc3Yl9BdGdLSWNSLTdOUkxlTG5vN1RPTk04emQzdE1jR0w4ZHBHcFRodlprS0Qzbk9HcjB3TnE4b0xRWnRveTdFMmQzeG1HbW9NX19BVXNEYXU0RkNuVkZsSXFhLVdPTTJoSGNiMVR3bHpNdGlBdlQyWjQ?oc=5
CNQ.TO,2019-05-17,The $722 million deal,halifaxexaminer.ca,https://news.google.com/rss/articles/CBMijgFBVV95cUxOODhfNkdfSjVEVVNUS29hMUtKSzVJZ09FaTFRdU9pbVhyckREOV96QjJMOEZKSklGc2dxTGJxVk1ibk1oSlpERmpkSnR2N2xSbnM5LU5aWUQyVVVNazAzb2FzLXhsd0c4YmhzNzVtZnM0VHQxMGtEUTN2aGJVR2xTTW1IUlVFUEJTTzA3Q0hn?oc=5
CNQ.TO,2019-05-20,15 Countries That Control the World’s Oil,24/7 Wall St.,https://news.google.com/rss/articles/CBMilgFBVV95cUxPT1pEUjJtZkRGVG5zckhyanlRNW13cTdtblRsRXQzck9PQ25URnNNQktaWkdVbm9XQ1BiMk9QRTFacFdMbjZXLUZnSDUyS0tISGFqQjVFVEZoUU1POEdsUUhFY2NuY01XZmUyMFk0enpJbzJQWlhPQzRYUElNZ2diOVBhQ1M3SURJUmRpWnNBOXJZdTk2NHc?oc=5
CNQ.TO,2019-05-23,Quest CCS Facility Reaches Major Milestone: Captures and Stores Four Million Tonnes of CO2,PR Newswire Canada,https://news.google.com/rss/articles/CBMi2gFBVV95cUxPS216endBRG9fdFFxY1FGZkJ5VHNQZzMxQzZoQUhqQU9qeHJDcmVJZkhNSlZmeUxmeE9KNS13ZjZzbjktaEY0UzItVVJqZExfWDRpcjZnWlQ4dUxrb0RBUENCR2NLbldXRkR0ZHRuUmZzMHA4VkUwRkxQTlEzT1lSN252YklBSFdxWnByaFI2b0p1MmhyM3pGcTZ2cEpRRU9OdF9MaHFXcmxwR0pXdUgyblhvZVU0TVNkRmxBbVR4Y29VYTVya2JteWdJcHhzTmY3bDNRdTZPQ1FhQQ?oc=5
CNQ.TO,2019-05-29,Canadian Natural Resources Limited Announces the Acquisition of Substantially All of the Assets of Devon Canada Corporation,energynow.ca,https://news.google.com/rss/articles/CBMi6AFBVV95cUxQQU5VOVoxQjAzZjE2Z29fVjZPQkQzaUd2T2t0aDhwbnhSRnc3WEpTZkZZS29xaUhGUldZelRybmV4eGhSTTZfLUJIcU92Mmg4SFdpRUVITDF3Yk91Y3FqUXhaWEVDM0ZKVUdzZTNTQ2Y4QlU0dFFiNGllNTJwaDlLWXB3YWVUTVZtMDlBZmFkTFVHbElURFl3aEFWRVhkWS1NdTZNc0JzbnZBY3lNbl9aWDAzdXRncUNyWlFYa19hUzlFd3U3ME9fM0NZWUM1bC12RnZtZXVsQ0p2NWs4SjZOY3ROeUdzTUNV?oc=5
CNQ.TO,2019-06-03,Which toilet paper company is better for the environment?,Corporate Knights,https://news.google.com/rss/articles/CBMitwFBVV95cUxQeDRBa3RwdU1OWGduOGdneHpwek1KXy04TmtTc3l3ekhZV2twR241b3o3eEQzYXhsRWpILWhTd3ZBdzdKanlpdktLN0cwV2Q5bU0xbC00WnZZanNKT1pJQzNXRzJ5dk5CcFZ3cTFIaFFCRktiSWJWajkzSVJDVGtOck1heVJSZlNBT3dReEZ1M3lWUDdyN0dYWjNZdTc1eEJBTG9haURlVGZxQndiTllfZHduY1dkSzg?oc=5
CNQ.TO,2019-06-04,A 'Canadian Berkshire Hathaway' is quietly outperforming the FAANG stocks,Yahoo! Finance Canada,https://news.google.com/rss/articles/CBMivAFBVV95cUxOcHlWX29PZFhfUDdNQUNOdUFtT284V0J2Wmp4WTZMSUVCNUF2czZjRWdVci1MOTIzZzVrWHNVMEExLUtlaWFGb081cWNIc2hHXzBjZUJ6T3ZFQks1V0M5c1lEWkNpRFRWUW5nc0VzWjYwMGhGWXFiek9mVFpydTg1dDNaTHJhUUJJMGtpYzVpVURsWUdqdGIzVkpFdEhDbS0zb3NWQ29FZ0RFMFBTM2ZHeVVHQ2FMdHp1cnBOeg?oc=5
CNQ.TO,2019-06-04,Bellatrix Completes Recapitalization Transaction,BOE Report,https://news.google.com/rss/articles/CBMiigFBVV95cUxQblEtMG9laUM2bkFNRENZQnFNS1BuWkpPVFVPNWxINWhjRl9TRE5WYUE1aENRd0JPb2NqSHI4cHpuOUVkeFFLM3F6SWpxOEkzdlMtZ2c1cTQ2OFBwZlQ1Q2ZJR0FLUUZGVVVfcnZJZTY1bk8tRlZHNUIwNThNYnRiZGhDTF9wN3BjaXfSAY8BQVVfeXFMTmNvODM3U0Q1d0FGVm9HTTVLNk5LT2J3MEE4TG1IbExxY0hUTWY5dnp4RHZuOHliSzRVeXJ1RTJ1YnZUeDFCamNBSndBdDhsdW5TUzZwemVNZktjaGdOcy1QNlJoSmFNZGdrbGRQYlVUY1Y4OTNieU96anhJdlZaX09KWXE5QUcyQXVrSVNMWWc?oc=5
CNQ.TO,2019-06-11,Managing invasive species in Ontario,ontario.ca,https://news.google.com/rss/articles/CBMibEFVX3lxTE1BYTZ6MDJ0Mng1cUJHdmZJUGI5QXVUeGlHWXozQXZTVnhsS1R3UE1PY1ctVUYyR0kyVHI1azA0Wk5LRFNRQWV4eFFqTW1ZdDVzY3A4U081LURvclRDbjVqRDF0YnktUmg2S0RxXw?oc=5
CNQ.TO,2019-06-12,How Alberta’s biggest oil companies are still raking in billions,The Narwhal,https://news.google.com/rss/articles/CBMijwFBVV95cUxNZXlBYlBUZ2t5a0xFRkdZclBhTzZCdVlxeXk4cEJ2U0tvSDY0SGZ4YmdyclJzR0VGMWJyZkV0a2JBRXBHY2JBclpnQlh6UEJRRzRGREFkM3FyRmg3LXotODNUalRCQ2dHMlRqTjFjcW5lRFFkOHNJZzZ3NGlSZldJNmFTdkt6V2h3akpnMVF0UQ?oc=5
CNQ.TO,2019-06-14,Industry responsible for 80 per cent of Senate lobbying linked to Bill C-69,The Narwhal,https://news.google.com/rss/articles/CBMinwFBVV95cUxOOGRDWEdIbWRTcFBCdTQxbk4ybkhjZFB1eUxzUEVxSnFMLVNXRmF3SVhhRUk3U1JLTURLVFc3cHFsUUhUS1hvRDVuUGdVdXRlSlNNeHNMY0MwZGd4LUxyTU9CZWxTbnc4NWwtWWZlWmxPQjA5ZXlCLWJZX09UaDdZcnQ4WVZybjhzWlhFYlZsUFhyNlk2Z3NidnduX1pQSmM?oc=5
CNQ.TO,2019-06-17,Invest Like Kevin O’Leary by Doing This One Thing,Yahoo! Finance Canada,https://news.google.com/rss/articles/CBMigAFBVV95cUxOSGpPVEhxRnR0M0w3T0N2V3BLaF9kRWc0cTJfeFpWbG5hLTRFZGNOZGVmUml4OExPZmFFbndnSGtTSXVqR0kzWUxUdDJrMjBnbndCTVRsR0NzX2lZcEUwVHNzUTZsc1BuZ0lkdFROOXR2V0ZGVXNMTm1Ec2owUlhWSA?oc=5
CNQ.TO,2019-06-26,Region's environmental commissioner appointed to federal clean technology foundation,NewmarketToday.ca,https://news.google.com/rss/articles/CBMizAFBVV95cUxOcTdycHNSWmlEVTJmbnZIYXVFXzJEUWJXZHliZ0xuQnF4NmcwQ0ZDYUNPSEZPN19jdmh3aW9FN1pPQmNwY01DWWh5RjZvb2Ftb3hsQkZyRTlsaHVBeHpxdXp1UGtyZlRZeVN4a1hiUENBNlp3RXBTNm5fQm56OEdES2t4QW5rSnVYak9hbDl1MXRIY3l3SlRXdVRZRlM5VENXS3NSc2c2OHhxb2lTRUZrOHNneVpTUnNScXQzYUxBVmI1aGlwcGJ3Q3JINEo?oc=5
CNQ.TO,2019-07-25,How Much Does A/C Affect Fuel Consumption?,Le Guide de l'auto,https://news.google.com/rss/articles/CBMikwFBVV95cUxQanV1d09lV0ZnakNCQXh4VkljTnl3WWprM3dEVUl6MENpbFhpM21LcXdDMjIwTHhJWmU4TnNXbWdZTHpaLVhTMEhJTUVmb1VxZHRkRHRZODctZTFfR0FKNlZMMXQ2d3B1VDNnOHViY2h3cEs4U0tZeWM4cHRLbmdqM21GWlRXSlYwdkRsZHU4ZUhQMzQ?oc=5
CNQ.TO,2019-07-25,Redistribution and innovation drive Canada’s changing economy,economist.com,https://news.google.com/rss/articles/CBMisgFBVV95cUxOeEpVVDZPeUQ0X202TWNNQklxYnkyU0lmUFVYUzhHNldvc2hiUXlxM3hsUkJSRFFkSDJfaGNBTEdFUlNQY1lpY05PX2F1bjdjbGhFbjIzNi1Bal9zS01WS015VC1mUFVENXpWSnAzaFAtX25Id19xZmViZ3M5RTRqd1AtbUJkX09QVHpYU3gxNE40aTNFUVBaaXREVWlUN2U1b0dHZ0JSelRkN2ZpVXR4XzFR?oc=5
CNQ.TO,2019-08-20,3 Reasons Why There's More Strong Growth Ahead for Five9,Yahoo Lifestyle Canada,https://news.google.com/rss/articles/CBMic0FVX3lxTE9xZllCSTNqUm9HTG4xRnhhdVRqMk40eS01V28zYzlUc0xqSzhWSmVVQ1pCTGJqN3daWERjai1oNktxVUIzd3dXOERBSGtqdUtmaDFlNVlaRXV2cTJyNVAzbWw0bUlEck5jSThaaWVlaWs3aDg?oc=5
CNQ.TO,2019-09-11,"OPINION | What happens if Albertans keep praying for another oil boom, but God has none left to give?",CBC,https://news.google.com/rss/articles/CBMingFBVV95cUxON1Nwb0pveExSWnA0RmNLQmRLcHB4WUFCeUVJMWVLYzNUR0o1ZFVuemZZdlVna3ZuRDhmZV9RWGJaQ0Y4YnpKVkZuT2p0MjQ0NzRkdXdvX2VodmdrUlA4VGxIN1FpOFdQOHB0WmdXa0NpMW5fcjB5MUdackxncXk1WVE4M3lrQ0RBY2RDc1ExT2Z3TklJOXFwMEI1WmltQQ?oc=5
CNQ.TO,2019-09-13,Climate Change Vulnerability of American Lobster Fishing Communities in Atlantic Canada,Frontiers,https://news.google.com/rss/articles/CBMilAFBVV95cUxOYjczdmRNQWx3cm5PT19ZZWo0T1F4MV8tUG5teW5DQXpGNmk3S0Ixc3RLQk8zaUhzdW9tU3pKM0g3bTVPZno2X2tsQnNxb1Y0R0V2b3MwWXU2bHBZZ3hTX01HWGNLbUtiWVU2ZEtnQ1FVekM2OENIYkRSOHlkRkhENTk0RTNYMlpUYVFlektPRXJUb3NI?oc=5
CNQ.TO,2019-09-15,"Opinion: Alberta’s foe is economics, not environmentalists",The Globe and Mail,https://news.google.com/rss/articles/CBMirAFBVV95cUxNX3k0NW54Vm5idXhPbzQ3cEpGVW1iYTE5RGFZd25lOWpIZGFKVFhHdTVpQnZKX1NWSkJUYkFKQnY4bkpsVklIb0o5U3V4WjREZmF0Qmk5MXp2U3NUaTd5ZFE5UV93X21fbG9iRnJ2bXAwYmdSd1M4b1drQk83bjRGd0puVFFyb2R4UWt1N1Judkd0dkp6WFQzcktSSEFELW9UUV9XYnB2Qzl0T202?oc=5
CNQ.TO,2019-09-22,Cramer Agrees: Canada Should Buy Into Renewable Energy,Yahoo! Finance Canada,https://news.google.com/rss/articles/CBMiiwFBVV95cUxNQm0wYmk1cS1hNl9MR1g0MzM5ZWptQ0s3TDFNWUtVY3J3V25kUFpwbFVQTUwwYnV3RkpPRGw2VHZlUDI5aG9xb3ZLbkN2eEVwa0ZqTUtvUVo1SEVvbUVXUXY4bEhfcXpyNl9RUDdWY01KX29QMDB4eGU1d0loS3lYRlZhSGlsU0d1STJV?oc=5
CNQ.TO,2019-10-04,"Shopify was lucky to IPO when it did, this fund manager says",Cantech Letter,https://news.google.com/rss/articles/CBMinwFBVV95cUxPRFNManNiOHFOOE94RkpKdW83OTBnOXk2eGxYb2x1N1dqZERBUHR2d05DMEtlMm5MQ09ianFTbnlNNVQ5Z2pmR2JIMkNlQnJqd0lfd0YwcjNaa3lSVmFlVHhaTnlmQjJ5amNhS1RvN2hoY3ZPNHNFVTlJOGJZU2tYc3VPb0FuOUlPSENvTUFxSWYtcEVDUkRqY3huSFZBbGvSAaQBQVVfeXFMUDU4ck9fTFJ3MkNEdExEVFNKUEhZVGg1ejNkN1NKR0ZvX25sYndfUXl0SFoyS05VMGpfQWpxblZEVkw5dTQ2LS1PZ2FzSk54djZGWU9WSjZZWllmcHNfdjhLRXlDUjlCdWpDYWxOZnp0UHVzcEJxSDVmVm9rMk94RGNfdkZCMS1udmhQSGo4WldYX0Ntd0M5Q0N4Sl8zRkJjdjc0ajY?oc=5
CNQ.TO,2019-10-08,The Carbon Brief Profile: Canada,Carbon Brief,https://news.google.com/rss/articles/CBMia0FVX3lxTFAzRFEtNFlwMzdxbXlJRTh6el9xUUJ0dmxrZTFsRWNsV3d3YUpBSGRvTEFoeVJwR0UxbGQ0R1F3RGx4N3FPTHBvNmQxOU1GNnN2WVhzQm5hQVNsTUEwSlU5bnJkWHhBWHluZy1B?oc=5
CNQ.TO,2019-10-11,Tourmaline Oil shares rise after it spins off hybrid royalty corporation,Canada's National Observer,https://news.google.com/rss/articles/CBMiuAFBVV95cUxPaUEtUW83cDFQRzFkX3FwRkNPbS1OSHJzbzZaSUEyS3hFcEtSendKNkJuTTVMdkdteTVrZC1JbTgxT0dNT1FYVGJTNUlLYkVBbERreTVleXl0RC15dC1qWFBzTUJXQlU0bjVpLWlDNU5KN2FpMS1XYVhPSkNudTAzUnZ1V3AzOFhWeEYzbzZOcjZVZl9TYjRXdkc5SENxNHpQWkM5cnV2bXFvQ3ZNRmVUSlJRLTJrRjdY?oc=5
CNQ.TO,2019-10-25,How much are Canada’s top CEOs paid? Here’s the full breakdown,The Globe and Mail,https://news.google.com/rss/articles/CBMivwFBVV95cUxONDE4cU44NURkdGhSMjNuYXRNQkdmNXJwMWYwT2dwT1dVWFpNOWFULUtoR1BqZDZmUk1NNFB1TXgtOVlnSU4tTGp5aVp1UmNXQ2Z6azJfOF9xOU5yWk5vSk1TRjNJZm1vTm14LXQ3eFBibm9TeGpHQjBHWVJDZE1HcHdVRnhydlF5eVFielhQcjZkanBuQXpzdkl3cDVkWVpiaUlIZmcwblRJb0tOYnFkcU9XSkJrRDNpbXZqNWgxQQ?oc=5
CNQ.TO,2019-11-12,"EP Energy (EPEGQ) Reports Q3 Loss, Tops Revenue Estimates",Yahoo Lifestyle Canada,https://news.google.com/rss/articles/CBMid0FVX3lxTE1oWG1icUZpand3d3ljejZNQk9QRmQxMklfUGM2d0d6TGh0dzZzUXN5WGpzVklzRThSQUdZOVUzR3RuZlNhazRIdDZEZHRMWEZBX0Z3UUR5dk9lakZaVXI0ZktlaHFTXzFBZ2ZtcENRTmgwLXNPTkJF?oc=5
CNQ.TO,2019-12-22,2 Canadian Berkshire Hathaway-Type Stocks to Own Forever,Yahoo! Finance Canada,https://news.google.com/rss/articles/CBMiiwFBVV95cUxNNzBrdmd4ZVI5c1FwcW1WNWhsMXdvMDhsUDl3b1lCT1l3VmVkZE5Pbk9ZMklrTnphWlRWM2FfYk0zajliMzg1blVIdzZuTjVocEVkOURINFpnT05IWEdlWUduN080VDl3RWRXZERSRnhwZFpncHowcXhQYU41Q2ppdkNJOVlwU255OWlN?oc=5
CNQ.TO,2020-01-03,Soleimani killing raises fears of reprisals on oil infrastructure,The Globe and Mail,https://news.google.com/rss/articles/CBMitgFBVV95cUxQcG9PaVNteVNFM2owUENGVF9XbER4YkF4Y3ZTalhhV3lyT2lUakRIVkJZTzZRQjNERDU3RUI1RnV5OUlhTHlESVFPLU03clJXMC1HcWk2ckFza0VwaC1GV3g1S0c0allkTkgtVXMySUhaZGlPTlNhMDlwdUs1a1gxOTVTZFVBVDlFZXFTZERZY1UyMFRUWXk1Q0xJcnQ0Z1hBUVJfZ3FjOVh5RDktU2d4c3RqZ3JxQQ?oc=5
CNQ.TO,2020-01-13,2 Great Canadian Mining Stocks to Buy on the TSX,Yahoo! Finance Canada,https://news.google.com/rss/articles/CBMihgFBVV95cUxPbmFXdW1IY3lWbmdXREFYODRTLXVHYWJwM28yMUpOcDZTSGxTc2RHTXh2MUNIbkJDRHNBV0M3alFOc25lbzBuQmxoMUNBVXk1aV82NVMtcFhTU1VFY21WZDU2bmFOeGlaekJucFVfZGc4cTNwQnFhR0wyYzk3cUlLSDZoUUxnQQ?oc=5
CNQ.TO,2020-01-20,'Still a lot of uncertainty' in Canadian energy sector: Former TC Energy CEO,BNN Bloomberg,https://news.google.com/rss/articles/CBMi0AFBVV95cUxPeDltRGNWbGFHLUJKd3FDbXFZQjkxWlB3akFJX2dOemV6ZDBxRGpGZXJOcXNuX0hIZEhPNkRqM3h3QWRqMDM1c0Fnc2p5S1lLdTM2X1dOUlNxb3B2S3NfNmUySTNaMm50dWdvWTVFMmozQkduU19MdEg3VmpqTklZU1p5NWtiVFJ4SmNtQ21vMHNQWW1IckNOVGE1MTdHMGdvMDJDYW1Wb3JNYWRUNU81ZkJLNk9vaG5KdjU4TnhzY1NTU19aTEpqN3pQQS0wUlpq?oc=5
CNQ.TO,2020-02-12,Natural Resources Canada awards $1.5 million to natural heat exchange research project,magazine.cim.org,https://news.google.com/rss/articles/CBMixgFBVV95cUxONkE5cGE1MkRCaGN6QVBfcFlYeXVQcm51VVdCcWt3YnBuRnQ1ZzNMZTFqSmZ6MzV1M0xaMWlHWjh4NHJVU0hmVkZoaDBnWnZQUktCeXU4QzgzQVg0cUVJQ3lnYXJUMW5SakpDQWF5d2xJSFlHOWlfMm5ta0FGMmtpM2RqcFJrOElYd050Z1p4V1JieURBaWo2Ti0wTVlCOWIzWnpvSDJ3UlAzcjIyY1Fia3NkQ3Axb2RlRTFJVlNwLXlTbl8xZnc?oc=5
CNQ.TO,2020-02-13,Cronos Group is an overlooked gem in the cannabis sector: Raymond James,Cantech Letter,https://news.google.com/rss/articles/CBMirgFBVV95cUxQRXM3X1g2UENncmFoMzhFdWlidUYxODZ4VFFsT3RpcTVtaklCeExMU0FFTDhxNjl5WnFlbG9rUkpfeHhGYTJHc2s4c1VsNDNrLXVQSlVVNWNLanpKTVRRWXdnRnN0WTl4emJGWWRmRENXdlhvakNuMzhNeTBGLUF4OHNRUWI1WEFsd2RweUNfYXpfSHR4Y0h2RGJkWFN3cERzSVp5cWZJTjFRUzYzS0HSAbMBQVVfeXFMTVdFTFlBU3VmelZ5WFY2Z3JFc0g3UGE5WXFMajY5Z2E4aUprSzVVeE80dWw4YWdoaTdQaTRLNkVHOUczLUUtMXl4RE0wNTB1RjNCZjlmOE9mdXFKb3ZPWTQwNHNHamRfY09Dd1o2VHB6elU5cDJjbURSZ0hhSFpYeENQam9teXZnc2pfcmF6VzJncGtkc0RLMnRRZ0FxYnVlcVlsS0dTekt1bFZvMTMyUHFXYjg?oc=5
CNQ.TO,2020-03-16,North American stock markets sink amid falling crude prices and spreading virus,St. Albert Gazette,https://news.google.com/rss/articles/CBMi0wFBVV95cUxNejNDTDdTWEViREJkSjlBWUhRVG1rMHVrSmpJMHRWMXN1cm02eVJFb0pRZ1FNXzFqM1JueFZjM1BBN3YtYlZMUy1qNmVYWEVaY3Z6a0hpdXIyNXZhNmRDWEZtak55M2NPLVBucVBuaE9YeDlEYVJKOVN1VTh5SS1LN3FiMTY4dzIteTdUcFJ4T05aeXJGVUtSVExET1pXU0VwLXlkYTZmMTRidnIwQ1k2M25IUUw5M2QtcEI1eEJPaVF5ZDU0RE8xaXFZWTZ5MFNkV0JF?oc=5
CNQ.TO,2020-03-17,2 Dividend Stocks That Endured the 2008 Market Crash,Yahoo! Finance Canada,https://news.google.com/rss/articles/CBMihgFBVV95cUxQVUtSSEk2NlhuNXZiemIwMHJ5aFNsTzRGelRiSE9DUHFOSkJGcUpUb3JfZ3AtWmJySW4xT3lGT2JuRTZWSTFzWVdxaVhvOC1abk1VTkw4NjFqdmNMUU90QURKQXBuOTl1U0FfeHJJV3hqcGxxWTk4V21SYVdLT0Fkd0ZjbHBUQQ?oc=5
CNQ.TO,2020-03-27,Nestle says cuts deforestation in its cocoa supply chain,Yahoo Lifestyle Canada,https://news.google.com/rss/articles/CBMihAFBVV95cUxNUHluRW5KajhwOU5zb3J1cUppb0xxVFhfdWNVamg0RFRfOGpKRENCUzV6dWJhd2lhdTFmYm1NcmtkZUNldmVSOThReE9pOEVUVEhjb1NUdU5OTVlfR2htZUNWQm9BTUZhVElGUDVabXV4X2xrbTV1WTc3a3V0aE1MSGJreEk?oc=5
CNQ.TO,2020-04-01,Why Royal Bank of Canada (RY) Stock Price Fell 12.7% in March,Yahoo! Finance Canada,https://news.google.com/rss/articles/CBMifkFVX3lxTE1zZ0xoVk5RTkRWMWhuTUZ0dnVldWZoenk0TkQyZFpjQmx6OU1QV1NqeDdIaW0yZkVxVUpEWkRQWHBET1NoUEMtbXBGd01WSHB1THh6QUdQVmNKOGxVSU91d3hHb0pLcjU1UXFyTzc3aWI0cEdEUE5NSEFWdUdLdw?oc=5
CNQ.TO,2020-04-17,TSX Stocks: 2 Canadian Bigwigs That Lost 50% in the COVID-19 Crash,Yahoo! Finance Canada,https://news.google.com/rss/articles/CBMihAFBVV95cUxQU3VsUzZiMi1BNGNrUl9KV3o5c0lWQ1otRWpPWW5YcURhMzducVlIVXRoY0gyUnJpdlhZMXJNV2FBUFBSd3JMR3E1a0lwd1BJekVBTWJEeHp5ZlhYQThxdjlaNHFfOFliX1JienZsQk5CRk50RTZnNjNwb3B2a1VrVmlRY3M?oc=5
CNQ.TO,2020-04-19,Top Canadian stocks to weather COVID-19,My Own Advisor,https://news.google.com/rss/articles/CBMid0FVX3lxTE5FTVdwMU8xYVc0QnBLYnludEswVWJlVHFNVTE2OWRGS1NpajVQaGZFR1NrX0thZnZ4bzZXZ1dEVjhXalJDVWloN0xpSzZ5aEZyMkl6ak1HYnE5YkFDRFdhay1wQW5UeUFGQWYtRWM5X2lkY1JMN2NV?oc=5
CNQ.TO,2020-05-04,These 3 Stock Cannibals Are Just What Your Portfolio Needs,Yahoo! Finance Canada,https://news.google.com/rss/articles/CBMiiAFBVV95cUxNckUtWUtTeXYzTWZOT0FERFJYcW55RUtxdFc5Z3R5cmlxSnlNY0RpQ1JQRzZrNXkzVEVua2lTYnJzeVh6bXVNcGIxU2hudUFiNngtZV9lSy1rZjltdVI5NDJuZmtBVWMwRmZvODRiRG9XNHYyZG5SbFV3VmhSRFBZbWlLaVA0VV9U?oc=5
CNQ.TO,2020-05-07,Canadian Natural surprises by maintaining dividend while cutting spending,CBC,https://news.google.com/rss/articles/CBMihwFBVV95cUxQbUwwUjZ3Rl9qMGFCdnI0cmF1MEJvVmlldmtVbG1sSE1DanZzVTRIWWV1d0VhUzY3QklOS216MkE2YVE3Z29KMEx1Zlh2X1V6cVFEb2lDcHNabUpPYnA3d0NoZHNKeHBMZlFRZmZRSDhQWC1TUWJtM2tyNDNkQWZONnF2UzFnTE0?oc=5
CNQ.TO,2020-05-13,Why Norway fund’s divestment from the oilsands could trigger a bigger fund exodus,Financial Post,https://news.google.com/rss/articles/CBMi6gFBVV95cUxQcHJEVGJPcE5obmRVTGZFWnBzaXJkYmppMDUzd24zRk9XSWtUQmpmcGtqTHdOSVhLRjBFQTVLdW9JX2kzeV8wSWV1WDU0Vmd3OTZONUh4bmNCSEp3UjBqLWZyc2g1N0puV184S2ljbzlNQmwtSkxxMG9XMlZQY0hpUERrUHpWX29WenZibnp3ZFkxN0NudEc2OFRnai1QQnBlRUdkLWZHdFF3dXk2Qk1Nc2w2TFk1Yms0QjdYbjJmeDVNM0FrWnFsQ1lsdzFXTW1wd0NYQzYyQTBrMm0tTmtSdXJsM2ZXWGlLbWc?oc=5
CNQ.TO,2020-05-27,Top TSX Stocks That Lost 70% in the COVID-19 Bear Market,Yahoo! Finance Canada,https://news.google.com/rss/articles/CBMie0FVX3lxTE1yNllNSUtHSTJzOGZGbVdkTG5qSVhoTW16ejdlMU1HOE1Kei1IcWtvc3dkZWRrZTVjV2FQdTVSOE1mNWxKcmdDVlJTRWpoWWZNMVVXelBQOFEydzJhU0dpQ1Bod1RIZHpmQnpLcTBwdHJmRk8tY3oycGxHSQ?oc=5
CNQ.TO,2020-05-29,Saudi Arabia’s Public Investment Fund Buys Significant Stakes in U.S. Companies,US Saudi Business Council,https://news.google.com/rss/articles/CBMinwFBVV95cUxQdnItUTBQTk05c2Y4VExQRUV4dmEwYnQyOG12MzVSRC1tVmpiWEtDLUxNTUlyUnE3aVlLQzlYUVBUWDdhR2xLd01sbjNhd1ZTV1VyNFJ2Ri1LM0c0aUxPaHA5Q1VkNE05N0pqa3d1ZDZLYWUzeTcyazNxU0RkaUZIcW9rOFlneHZsV3o1N0lhTzJsZUdqUTZsS2lQWUlKN2c?oc=5
CNQ.TO,2020-06-02,Paying Canada’s bills: Who you gonna call?,resourceworld.com,https://news.google.com/rss/articles/CBMidEFVX3lxTE04dTc0Ulc3Q1pzbVpOLS1FQmc2YWcwYkZCUnZlNFRabzIxVllVTVBNQlNvdGRrbDJQeHQ5Uzc3dGYtRUd3Y0NoRHBtOEV5NTRfZUhIWG9SOERiUGhrZWp1bDNZU3lzOVA3Q2ZhNEgySXAwcEhM?oc=5
CNQ.TO,2020-06-07,Are Gold or Copper Stocks a Good Buy Today?,Yahoo! Finance Canada,https://news.google.com/rss/articles/CBMiggFBVV95cUxNX2tJS3Zsa0V0ZVY0bUw0M2traHNGNU5mLUlmVGlfMEx0YzM0Z21BdDd3Q1ZvWWloMl9HWjVNWlVsbVlWUEZ6NlVaZUlaZ18wUlJuUU9ibGtqVk9ENTgyRFB3ZkwtRVZsVTJLWE1WWTc4emdGY1R6SUp3TkJyXzBSVWR3?oc=5
CNQ.TO,2020-06-10,Most actively traded companies on the TSX,CityNews Ottawa,https://news.google.com/rss/articles/CBMijAFBVV95cUxQanRlb1c2N1Rtdm9Wb1U2US1MczU4SmlVSkYwY0h0bkNLd0hVLTI0U0dGdUVkSkFuVW1OMy02NWhTMlBPX1ZZR1h6Ui1yaTFXQ05tSTRsWi11TWZ2cURSV0VrSk00aDN3RW1aSVc1UzhlV0FraFlWZmwzUmQ0dDFyUE9iRlhadkVIUjJVNA?oc=5
CNQ.TO,2020-06-11,Why we sold our Zoom stock,Cantech Letter,https://news.google.com/rss/articles/CBMic0FVX3lxTE1BdDVxYjFsZzloTTd5SXZzVnU0WWg3UlN6OS13ZFlXTEJZRmREdjJia1lWX2pRemxjcTFucUphSFdFT2hzVzhMem44Y0oxUUVLT3A0TEkyZUZ4SUVyTU1hZlMzNmtDSjBhbHljMlRDQjNObTjSAXhBVV95cUxNN2NXdEFkT2ZGdFN5N2FBcXhVSWxJX19pR1p5Q0dVZ2dBYmxfZmpzXzI1b000V213a3VyRUdpNFhLejgyU0x2UU1rRjl5akM2N0I2ajlUOEFPbDZoV1RxYWMwZ0Q2ZDY4WFhjZVpPbEE2d0pZT1lUSFE?oc=5
CNQ.TO,2020-06-17,Top five mining companies across Canada profiled,NS Energy,https://news.google.com/rss/articles/CBMidEFVX3lxTE9OM1NFOE1hQWh0MzhMZ0U2bUEzcmdTN1JrUjF5b091bzBVOWNNZlFsZWdqTTJhZXRSZXBKblhvZUp2MzNsVTF3Sm00em1aeE9MTjgxWGY0eTJDRTI3SVRPZkswTDZxOHdnVlNPVmY2Y3hXcGR6?oc=5
CNQ.TO,2020-06-20,TSX Stock Delisting: 3 Things You Should Know,Yahoo! Finance Canada,https://news.google.com/rss/articles/CBMigwFBVV95cUxQbnhPVndGS1JUaWxrLWNWNVlPaVQ3LS1sbGFfdzd6R1NxdmdjVDUzUUhGemZwdVhVY2Z3ZUEwcVNQVE9mWC1YWWtCd1BJMUhubW1vR21aQXI3Tjd2QWhBa0FlWENpc3d2TFAtTHdscWJfV2JSUW90RzlCTTNaV1hMaFZQYw?oc=5
CNQ.TO,2020-06-24,Bye bye beetle,Canadian Food Inspection Agency,https://news.google.com/rss/articles/CBMihAFBVV95cUxOVDh6aWpVamVNRl93Sm1uVmxoNk5WZUJjdERtVV9OUEprZnBzazlnYW5HeWtTWm5fLVRsMWl5RzB0Y3BUMC1rZm9OdjRVSlRzbEFyc3RPcmx4WHRpWkVqOWw3T04wQ19uX1Bfa2g3MEQyWl80VFJ0ek04a2o1OWEzc3IyTDM?oc=5
CNQ.TO,2020-07-07,"Buffett Is Buying Energy Stocks, and So Should You",Yahoo! Finance Canada,https://news.google.com/rss/articles/CBMigwFBVV95cUxOR01SVkI5YXFPU3VoZ2hnR2RLTW1oY1pPc252WlVGTGVfZnNKb2pRbXc1RnotUmNSS09lSTlLT0tmTDYtU0xxNVc5UHFvS3NHOXVrM2xzdmtUOXBoNjhOWXBLeGVuS0gxSUxqbkk3OXBxUjZ0Z1U2NlhDWHFuM2R5Z3VCcw?oc=5
CNQ.TO,2020-07-31,Canadian Oil Sands Output Cut 1 Million B/D: What Could Go Wrong?,JPT Homepage,https://news.google.com/rss/articles/CBMiigFBVV95cUxQbTlHeGlOcjVuOVFzWnBVaUh4V0dDWGhPX2J0M0Zyb2FGZ2swM3ZjXzQ1Y3d0UFFqbkNUekdQdFk3SWtoWFJ3M2VXNURHckIzeVN5TXhYNlk2SHBKMlU0MnM3MnNQWlpZWWdBYXRPYURub3BsNUhHNVhKZlFJSi1jUXVtN0ZsbFhGRXc?oc=5
CNQ.TO,2020-08-14,This Genius Billionaire Made a HUGE Bet on This Canadian Gold Miner,Yahoo! Finance Canada,https://news.google.com/rss/articles/CBMiiAFBVV95cUxON0txakZUWlFXSldvVHVXbEhEWld1MFNzbnRHVVdPanpubS1Pb1g1elhkcHE0WFFFSWVRX0F4NjZqRXllMXFGMVZfYWpBVFVOSWlnenA2N081NVRNeDcyYlFBb0c5SXNMVzQ5ZW5HZWRaUTlXd1VXYzJ2MXNELTl6aUJKLWpiMDJL?oc=5
CNQ.TO,2020-08-18,Whitecap Resources Inc.: Target Price Consensus and Analysts Recommendations | WCP | CA96467A2002,marketscreener.com,https://news.google.com/rss/articles/CBMijAFBVV95cUxPLXBzY1plYlhNSlBLbFJvNHhrNjFaM1h3MTRVNTZvUGYtSjlWWUtZa1Z3S1BGRzNWbDJSZ21La2prdk5LdmwzdXFQM3NaRVhoTmZlOXdtWlk3SlZ0MldkX3lkRnpVcnJSZjZtQXNkZUF0QXFCT0ZtbkttSy1GNkd6b3ExWGRKQ1drYnZjZA?oc=5
CNQ.TO,2020-08-19,Enerplus Corporation: Shareholders Board Members Managers and Company Profile | CA2927661025,marketscreener.com,https://news.google.com/rss/articles/CBMihwFBVV95cUxPbG1jNmZWWTVkbVRuVmdYYlJ3dERLVnZNLVFhRXdfT3BFV2NOTjR4VWQ5cFRYREZYWklUZjVvakFXTGlhNkYtMGNIWk5maEFoWVZCQzZna0RleXB4dlNqR1ExN1JQMzNoMjl2UmQ5OVlwTjVjVHdLNzhRQ3p2UF93TkpIcUtubTQ?oc=5
CNQ.TO,2020-08-19,Antero Resources Corporation: Target Price Consensus and Analysts Recommendations | AR | US03674X1063,marketscreener.com,https://news.google.com/rss/articles/CBMikgFBVV95cUxQdmhlTnVCeU91LUE4cmF5dnRPeHowUHJOTGQweklwRDFDUXMzQlY4a01qUVY5V0drOXVfVXZDOGxXS0c3MlpYd2RsZUNUR3M0cl9wNmNYMnFpckxYd2ZlcnVFZjFzVEFwSTBHWDhUSjB5T19DVHp4SjRJTVJyZXQ5Y19qU3R5NnNETlpST3VkRW1xQQ?oc=5
CNQ.TO,2020-08-19,Gujarat Natural Resources Limited: Shareholders Board Members Managers and Company Profile | INE207H01018,marketscreener.com,https://news.google.com/rss/articles/CBMijwFBVV95cUxPd2RjRGpsaXVmSHRJd3pnSE5mLXRQZnBUa1pvNGtpQlFYMS1GRjY1M1NTUTFVa2taSHlqeURTdXh2MjQwaXhlRWZqMmRjNlc4a0FWRm9QU2V6RkpCWFJ2RHVrUk5UOGpScG9DZ3U1M2RySlZ3a04tUWlIdGNjUE9IVkJCcmd0UGR5bmNkNERjOA?oc=5
CNQ.TO,2020-08-20,Kelt Exploration Ltd.: Target Price Consensus and Analysts Recommendations | KEL | CA4882951060,marketscreener.com,https://news.google.com/rss/articles/CBMiiwFBVV95cUxOeWI3U0EzSGJXbUFjRFhOMlRqQnVzR3AtdjRMZ0hydW9vT2ViWlZtQ1RtQ1FMbUZDbDB6U3J4bXdaRzF5MVRlZGRfXy02TzhMaTJ6b0YzTVpIMnRRWFhBdnNLY0FjMDNkTU50MVlBMzNRWGhLWnYyZzJROXdudHhDbV9wdEhiYnc1anZv?oc=5
CNQ.TO,2020-08-21,International Petroleum Corporation: Target Price Consensus and Analysts Recommendations | IPCO | CA46016U1084,marketscreener.com,https://news.google.com/rss/articles/CBMikgFBVV95cUxOT0lHZ01OcVBsSEdDRHduMjQxU2ZxeTJtMEZuTnl5UWYtYzhtYmVpb2x0OFUxclpIOTdWdlE1X1pqdHpma2xsa0pzZ1h0elZnOVpEQlh1NnkyOGhjQXhxcTJBNjZyT2ZNUk4zb3k4TGg3bkx4YXozNG1GYXN5NUxNYTlxVFFYNW1CNUNmczR2eWxPQQ?oc=5
CNQ.TO,2020-08-24,The Biggest Oil Discovery Of The Year Could Happen Here,Crude Oil Prices Today | OilPrice.com,https://news.google.com/rss/articles/CBMinwFBVV95cUxNSE1fSmtlVWFqa3dLQy1OXzlYUDdselZwS3d0ZVplcnlYbXp2VHVwaHZXNjBSbDNMWVpMSVhYcERyMnFrLVRiYWN0SnJjdzFMWktvTnZyRndESExUc0FnYXVXYTdYM1pIRFJzRXdscERURWtOcVNNLUJVdjNBRXQ4WEF3NzRxSlktakppUmpfOC01MGpIN29ING1ZeUFfSXPSAaQBQVVfeXFMUEQ1ZE9oN1pPN3dIWXlrS3FwVzY2LXh0OFBHQ29IWm15UnQ1dUFweFNkZ2ZfbjdqYzZvU2dGUVlPNXlnenljdzdtcFlOQkQ0akMybUZLbUlDU3BmNzcwTjI3SVJhRUIzV1ptU3VlRkt1N3kxQklFRVBnbGJFdzRYdk5YVDY1OEtCMGotSkFLX2FaU1hMNlFvc1p0WVkwNUIwS3FoWjk?oc=5
CNQ.TO,2020-08-26,WestJet Stock Is No Longer Listed: Here’s How to Bet on it Anyway!,Yahoo! Finance Canada,https://news.google.com/rss/articles/CBMihgFBVV95cUxQNDB3ckZLWVRlQTRXVlczb2l0UDhhMHAzdzUycmVNWG1MVTdubWZ2Y3RLTVYwOXc1eTZ6MDFjejBaaUhaak0tQUprMXBlRzBHVzZhc041S2xlYnNEU1ZOZU0wMGstN3dJRlZNc1JGWkVXMk5JbGJrZ3FpVVRxUEFtbEVsLU16UQ?oc=5
CNQ.TO,2020-09-09,Comparing investment in the oil and gas sector: Canada vs. the world – CEC,energynow.ca,https://news.google.com/rss/articles/CBMiogFBVV95cUxPMW5yVlp5UXlfdjgySmdlWEl2WVVyWDNfbnZvYXE0WWxCa3VIcTRiNTVJdmhjdms2eHJjMndvM0pfS3VBWUtkeUR1UE9sOVByQm1wTDBXb0ZpM0o0R1JONzRWcm00TlNlN3BpWUtMQk5VTDNuV29pUFVsM1Z4OFE0UHhyVzhRQmxTNUhlRWcycnN5UjJUSGUzelFtUDRReVVCT2c?oc=5
CNQ.TO,2020-09-14,"MegumaGold Completes Acquisition of Osprey Gold, Creating a Premier Canadian Gold Exploration and Development Company",Junior Mining Network,https://news.google.com/rss/articles/CBMitAJBVV95cUxPb2lLSGJBWFJnUEk2LVhFNjcyQzV2RTN4ZlBPZ2RkdXNyN1BlSXBHTER6OFphTk01dmpGNXVtTWhaeHVXSzgzd284ZGxYd3lnQkM5a3hHLWNKRW1pSUl4UklzMVZEVVE4UGEweDZ5ZDkyemQtTnQwbDZXSjgwU0JqbjJCWnA2bTZGV0lQSS1WT2M2aXQxc29ZQUxfRkxtNy1sVHJaai1DWjZobU5LTUtuOTdVTmNaX28tNjNRcmVwWUFYYmRlQXBGZUk4M2lYLThELWZOclJVdEVuWWpKWXRCX0tRN0FNUUtBS1BLT0R3N3F6TTNHZHJpM3p4TmJrcld4Nms0S204b1BJejFUN0VRNEVzVGhiNUhkWlBfVXRNTFliVS02MjF6b3lYOWFoZU1OWW5NQg?oc=5
CNQ.TO,2020-09-17,Why Are Stock Market Numbers So Wacko Right Now?,Wealthsimple,https://news.google.com/rss/articles/CBMihgFBVV95cUxQVF95RUN6a0tnSzRBczNBXzZMeEpXalZVbW1idGNXb29WeHJ0bE9CQjdFc3ZoUGUyUjZPVFdUM1Y2RVFIU3FLZC0yTUdwZkVsSFV1MlY4M0ZNMlIxY0Jndl9ianVtTWZ4WnpjckJfZnF5ZmVjaUZpVWQtVVM5Ulc3S1p1UnI3dw?oc=5
CNQ.TO,2020-09-21,The Ultra Rich Didn’t Get Wealthy by Investing in Stocks,Yahoo! Finance Canada,https://news.google.com/rss/articles/CBMif0FVX3lxTE5yaU5LOUtnLXFVU0ZfeVVfR2F3cmc2WkpnTEswOEVlcjlRUjdlaWstNDExMktIMDZxcWt1ME1sZks2d0pDZ1hIOWFmWG1BOHQyeUhFR0NhRDROSE9PekotZ1VrcUQ4bjNiR2xaTWpVUTlXRUc4OGVDeUUzTW1WM1E?oc=5
CNQ.TO,2020-10-02,3 Signs the Canadian Stock Market Will Crash,Yahoo! Finance Canada,https://news.google.com/rss/articles/CBMihAFBVV95cUxNTXI1QU1NWVU1QmR3TlBOSjEtSTQxYmlSWk5SVHNjRERLaGhHNUV5U0hoaVI5SEZUdEtSajNGbGpiSEt3MTkwRGh1OU9zRjV4cFY4WUtkNlVSMVMySjdtTmtvMVljckRPcFpESXJ4dmUwSTNiWE5UVGY0aXNrVUUyeURWcGk?oc=5
CNQ.TO,2020-10-05,"As investors dump oil holdings, Canadian Natural overtakes Suncor as Canada's most valuable energy company",Financial Post,https://news.google.com/rss/articles/CBMi4wFBVV95cUxQcFBUbUZrVDh2R25hMm04a3VkbXRveEJFLVVMVERnOVNLdXNDNllxM1BOeWRmcHQ4SnBVWWozaF83RGl4Mnk5bjlRa2ZXVDlwcF9vbFZGQW4yX1lVN3d1LXNLUE9FR3g4alVHQ1RwcnBQZ29XOUxDcFhpSHVwaFhGNmFwTmhhZzVWdnFzdzZEeFJSdHlnOGdUU2lZdjJVRnkzMFpWaFp1ZE94cjVYU1h4TmFkVVNtcDNFNW4tX05GWWN0T0VKWHhDbldBeWtjUGtIcUhnU2pSVXNvSFFzZGprN05JUQ?oc=5
CNQ.TO,2020-10-05,"Canada’s Environmental, Social, Governance (ESG) Leadership – Canada Action",energynow.ca,https://news.google.com/rss/articles/CBMioAFBVV95cUxNd09HMTl1b2JtVmxocGhsSVAzNDZab0xYano1QWV4aklhZjRGY3puSnZQdlV4MmdsRV94MWxIS3h0TGZpdW1QMk9jekxQOGRzQXJZNGNuNzVtUzlVcXptQ0ZzMFhVbWNweHcyR09ob1ppOVI5N2pzS0dHeEtwenF5U2QtMENwRElzRGtNSTNfdU1ndkUxcFBtMklCWGZTWHFw?oc=5
CNQ.TO,2020-10-09,"Maxar is one of my favourite stocks, this investor says",Cantech Letter,https://news.google.com/rss/articles/CBMimAFBVV95cUxPbm1scGpOME5QNHJFNl9QeHlPTXl3WmdiZms0c1pDajhSbS1rTzFVdlpyY3lHTnhVcE5CTTE0ZVhneXJSanF4NVlrYlY5dmpucmVVd1dkaGZqM3BndERrLURRWjc0dkRvQXBXODdNSTd0bWVDbWJURHU4anFpOHhrRkM5V1B5cWxBQ01LUDUzM1Fwcm1ENi1aS9IBngFBVV95cUxNejhzbVdQZFBtTE1maUR0OVAzY1ZSSUR6UTRyTkplNlNGZGdXVTlxWWhCYklKZHJxenZIbmpmU2FIM1c3WGhHbkRneElCTXJWSE1hN1B4bk9qbWU3aEp4Yk5Mb0RsNzdvWHk2ZnBYU0dmaUhWaUNvRkxIVVV5cTl4NzNMZGdhUHRaYmVLUEdWdUdLRHRqX0FFck05cFhMdw?oc=5
CNQ.TO,2020-10-15,Analysts Estimate First Mid-Illinois Bancshares (FMBH) to Report a Decline in Earnings: What to Look Out for,Yahoo Lifestyle Canada,https://news.google.com/rss/articles/CBMihAFBVV95cUxOVHZ3UFFubU1lbE1lVFdmWHNRV0UwMzdlWnY4ZFllMEl6RUVIRnh0bFBvN2JzNXFuOVM0Q0tSNnZPR3E0d2IwNmUwc2lTelh0Q2ZBNFhGb3FsckNzQl8tSlRxcEV4dHFGckk4a0dkQURQcU9BTDNkOWsyekJ0dkliQndJWGE?oc=5
CNQ.TO,2020-10-24,TFSA Investors: 2 TSX Stock to Buy and Hold for the Next 20 Years,Yahoo! Finance Canada,https://news.google.com/rss/articles/CBMigAFBVV95cUxPcFEwVkxucXZpYzhNal9TeHpaYmYyNllKSjRHX1RIZUNZVktUcWFHYVEwVFltSk4tZ2gzRkI0d1Q2MFc1MVN5NHNuV1dxV0Z5YnVkbWFvMXZraTh6UXAwWGtfc0hmNzFSaV9oZENJOVVhRHotX3F1amhRYkN2SUt3Zg?oc=5
CNQ.TO,2020-10-24,Cenovus to buy Husky Energy for $2.9 billion,Duluth News Tribune,https://news.google.com/rss/articles/CBMijwFBVV95cUxQR2NabDNjSXBSbGROVE1HTUpuMTJ2Mk1VNENWQmNWd1dDR2RqTmgtbEtmalM4elQ5cjlhUGtQWHdkLWljV1k5ejRsMFVmdmJRWl9jZXR4NjlaSkU4eDBpOEw4VkFQSHZqRkl3ZzdZb1NLeWpOZmJpeGo4TjYyQkpHdW1iT1BZYTlhdkc2bGJZNA?oc=5
CNQ.TO,2020-10-25,Canada's Cenovus to buy Husky for $2.9 bln as pandemic drives oil mergers,reuters.com,https://news.google.com/rss/articles/CBMisgFBVV95cUxQUGxsSUxNT2cxUDVhZVE3bUpYQUdQS0hfSl9KeDJTWDh5SWpMNW9wMUlTQzg4eW9lb1FVZUlGbnVfYXFVVkRuRVFnXzc3cUZOVWdSMmZ6aHZrbzcyQTdneG1fazJCd09lZHc3N2lPaHZwbWVGRnlQc182Q09yQ04xWmRIZGtWQ2VqTFk5VWNFbjRQellnOWlrQ3R6cUZlQk1RaVZvNklKWGxocTZnV1BGU3h3?oc=5
CNQ.TO,2020-10-25,Cenovus to buy Husky for $3.8 billion to create Canada’s No.3 energy company,Fort McMurray Today,https://news.google.com/rss/articles/CBMiwgFBVV95cUxOMmMyWWU5TzM0RmFOSHRRdlhGTFJhcGFmcndMdVlHTXlnNk40T1JlSGItY2hzNjc2NExKajA2WnNjdThhV25nS0x3X1hlT3FqOTd1NE50Mm5ib3BBZU00U3ZuQVZmTTNQMTlHclFRWmswZG5PQ0xRRXRtX1BFYjk4ZTFmQ0NhRGhQUlU3ZGZEdjhYdlc3bmw5V3B2eTRjU3F2bUd1T0dpSVdZV2lJXzRJT0RHMEVEcDZXZk10NzQ0T1RWQQ?oc=5
CNQ.TO,2020-10-29,Vancouver fireworks sellers set for final sales boom,Business in Vancouver,https://news.google.com/rss/articles/CBMipAFBVV95cUxOWUtRVHptUTNfcUt4cnNNSHdRS3JOSllMaWttcktFV2ZSRmF5NVZ6cUtpR2ptcU5IQUpKeGh1UmZXdTVYdTg2U2pKY0tJelhnWW5aYm1PWU1tRnFNUl8teUJxUktGTjFFQUhGb2w5ZjI1VzkyS2lJT0Q0VW1hUUszenBodWNoZEJKdGpXMnYwQlJRdWxVZ3ZNMlpIcWJjcmtyTzVPTQ?oc=5
CNQ.TO,2020-11-03,Tonya Fleming – Painted Pony Energy,Vanguard Law Magazine,https://news.google.com/rss/articles/CBMihAFBVV95cUxQZzlOdHk5aXJLU2ctRllkS0VkSElUSjBCTmxiWl9tTy1tSnFqakRrZDJlSlhoQUlyNUpZUEo5eGpTczJxMnRmbHBHSFJSOTZqR1FXUU9NM2p5MXNUWXp0RHJ6V041R0NhTWx5OHpvODFMUkFsMjdFZTJaMlFvQmtMVmM1RWU?oc=5
CNQ.TO,2020-11-04,Top ten countries with the world’s largest oil reserves in 2019,NS Energy,https://news.google.com/rss/articles/CBMiqAFBVV95cUxPUmhoUW9qLVRjTU9TYjRmQUd5TE1TLTVpSmJYWXNndHgySWVHeUxCVnNpSVJZdFFyMDBnbWJra2VQRk10N2JpdWtDb1JIZmc1NDZhSm9WTWh0X3Q5VzZybGpPWjB4WDg3UUhiYnVKbTlzT3pTYUZFVkhRYnVZUFowcXNreDFXUExPUTZuMDluV2xKRjZkeFNZcV9aUm9NY1UtZ2ZLazBEWEY?oc=5
CNQ.TO,2020-11-06,"Varcoe: 'The trend will continue,' says Tourmaline CEO as company unveils twin takeovers",Calgary Herald,https://news.google.com/rss/articles/CBMiyAFBVV95cUxOX3Z4d1hDNGo1d1dzOS0xcFByUEZobWxlb0FfVnpQMVBXU0dEQ29LZVdMNnNaLXlKcGNTZzdZam9kWnMyNU43R3NzV04yVzVTLW9OdjBDc1FSNE1kbk93eDZlVktZbHU2QnlPcjBZT3FoUW5pQ1NsV0kxOTFVY25DVmZaSUdtNVo4QWppOUV2anhNbk8tMWs0X2ZodEQ0ZTZtMWpZR2VDQUZ2MmJkVkQyWGJ1c2otVVZsUEg5alBxQVlyUHh3RTE4dw?oc=5
CNQ.TO,2020-11-09,Canadian Spirit Resources Inc. Announces Closing of,GlobeNewswire,https://news.google.com/rss/articles/CBMingJBVV95cUxQRkxUR1VxdWxmcVg3Um1ON0hpWVpUTXc5d1M4cWZ3LUZUN0hJNmROanp6TnJ6QWVGbjI3S3Ayd0t3VndKMmVaSVh6TUtMVnFwbWo0RUh6WGUzZUJ4UzM4YVV5UzZKV2dnb0YwRnFRR3JQR3duYWd6N0wzWHQwZ2dYNUZHWE1aNjFtTDdLZGZ3aGIyVnhJd3RiWHpsdUtYbXZOYXFjZ2k5My10VTEzRm9JMW9BR05neDFZMGprSGdlMUpBUXgtMVd2VUhCbzZIV2ZwUTRsVjBuX1dKQ1RxdzF6bVNOdkpJTGRiQWpBODMzWm5NOXFXOC10UDdhekxBczVaVXlzdXhvNFhlSFBsajBIbzJBRk5LWWtsSTdFU0ln?oc=5
CNQ.TO,2020-11-13,Natural resources entrepreneur Serafino Iacono shares 'know how' and 'know who' at the Global Mining Symposium,The Northern Miner,https://news.google.com/rss/articles/CBMi5wFBVV95cUxPdzRUMFJQNDJ3b2hPM055RUFDSi1ENHdfODg1X3l1d1piR3hqZlBiQ0JTdHdTeERmME9oQy1wa0xLS3R6NzdrZjZQNzI5TXNQUmNJT00zYno0MWdFa19DOE92SmF6SC1nWldxakVMS0FBTU1CSXpSTUtYTHUzYkFfRUNPZHFwZjBzYzlXWUMtOTRnVDFIVmNlZHpuT0t0T1lVUFgzbWhVTkY3M0YzcFB0ME1pVFF3OWV4QzRUUDlvMTJIZXdKVzhSMThXaWt5cWZweEVxUzI0RHJDeGJXc3pOS0JCUUVHZ28?oc=5
CNQ.TO,2020-11-15,25 Energy Stocks To Buy Or Sell After The Election,Crude Oil Prices Today | OilPrice.com,https://news.google.com/rss/articles/CBMinwFBVV95cUxNQXpBYVNMSm15ay04XzJLazlfa0JXUnRKY2JSQ0x5TTZGMVkxSzVsaUVsZjZ1alV5Mk9HaVV6NU0wd0syNGxlcUNIWDc3MnZqekYyRE5PUnJHekhPNUN3UnpyM3BrVTFlTXVFcFROZ0RfN1ozT3ZwRlNySnJpSFhGc3RqdG9GTmFOQ2FkS1dLdGtKNG5KUjJFWkdUb3JkVk3SAaQBQVVfeXFMTUJOS1BKQ2d1Ql9yUkZvb2cycTRlMWNXTXY2akRlQWtWSXhpVjhIdzBzUW4yN1NEa2FqWmVXRE1feFlqd05wVlJOMFV6V2p0Q3FsTE05OU16bWlUT21XVEhZQ1lsM2o3T3QxNXJLbWFLaDVlcXNVMFpsNEk5a05IZGJuajd1bjROWTMwSGFDdmpIaU1NXzhVU2NFd2l5QWcyZ0ZwRWw?oc=5
CNQ.TO,2020-11-24,A Natural Win: Wood Pellets' Role In Transitioning From Fossil Fuels,Canadian Biomass Magazine,https://news.google.com/rss/articles/CBMiqgFBVV95cUxNQnpqYjhrQTJzd2g3UDBqZ1JpZnBkNEZnMGlwY3AtVkZfZGZ6RFlPRXJYcjVTZ2FuU3RoYndaNENfaWhGeFBVV0ZFYW1IcER6ZDhkMl9uM1BEOTJDaHVVZldFY3pFdzZGS0pVTTNjYkpoTmx4cXBUQTJYSFZlYkFvdHJIaHQ5LWVZYXhDa3RRbjQ1YUxaak1pUWVKZldOUFI5RGV5V0NJdmRuZw?oc=5
CNQ.TO,2020-11-30,Fall Economic Statement: Seven takeaways for Canada’s innovation economy,The Logic,https://news.google.com/rss/articles/CBMisAFBVV95cUxPMU1yX0Q4NVRHNzNQMEk2VFZFLWI1UDdDNDZUNFFQdXhjdnZxcWNwWGVLaEhyWUlpa0xhV1A3cEZpSktoMDVXdTZOSG1hRC1WZnNDS01GWmJSTER4V3piR0JUM0dudFlqX2Z4Q21ZS0tOLXZ4MlJRam9GZ1VKLXBsOVltMGZpS1hRZkptSHByQnNKa2cyTDhPa2pxc3FqZXBxQ2ttdHlMMVJDYXNkQWwxdQ?oc=5
CNQ.TO,2020-12-04,Could Teck Resources Stock Hit $40 in 2021?,The Motley Fool Canada,https://news.google.com/rss/articles/CBMifkFVX3lxTFA5bVpmdWtJSWpuWDVXVTFfbjBsMnhJUTY5bW51MXM0T21MMGtCbUFEcVFzZ0hlcmJvQmRabUw0bzc3aE1mQURDQTQ4bmVlSWRWTE9xS3dSMUlheG5LNU5abXJUelB1d2VmYzEyQ1RWNnAyX3ZiR24xaXU1bTZadw?oc=5
CNQ.TO,2020-12-07,Cardinal Energy jumps on billionaire Murray Edwards’ increased investment,energynow.ca,https://news.google.com/rss/articles/CBMipAFBVV95cUxOanZMdF9yWlNuYUJEZ0t5YWpXWHZFa2xmNVF6bWtHbU9MM1BMZS1KYmhQMWpZZkswWGJOaE42cVhqM25MR3hiYkxUNi11VU5YRndJbEwyUkdLR1RiTHRwRTBwSW1hc2taYmc1eUw4WW1JaEtZMll0aXRSWVdjUEJVdi1BNjZzbXZVcVl2MlFidEE1eUFIZGVyV3NTbmFOdlc2eGlLTw?oc=5
CNQ.TO,2020-12-07,'Warren Buffett effect': Cardinal Energy rallies as billionaire Murray Edwards provides lifeline,Financial Post,https://news.google.com/rss/articles/CBMi1AFBVV95cUxQNHdDOHpTb014VmRkX1BCRHhIN3AzdzlaS19iSFFTWjh4YWxXdDF2Rkg1V242RUxPR2FkQU9KZU53Sl9pOUVLc2h6YUp2OGVYck9CWkg1U0JpVGl2c3l3T3lNaWx6bmU1ZmRPVDFWaFRNS3d6bHhiWFpvN2xGZV9FcjBNVlNVa3FuTVVqZ1hxcUhkVlM5UUZDM1lJZE1waldfTWRzeHo5TldSWlVucVFaRmpJWmctaTRXUk9VX2NaU2JOU0lHUk9vdHNEYl9vTXRVNmRDQQ?oc=5
CNQ.TO,2020-12-08,EVs love Canadian winters more and more every year,Canadian Auto Dealer,https://news.google.com/rss/articles/CBMikwFBVV95cUxQdHJvMTIxVHQ2dWhMME95aXk2N0V2V2F6ZDY0SUctZ1ZfaENTYXB2OWlDUkYwNlpQWDBmMWNzaXVVbnV1X1duX2N2WnAxZERwbG9oM1Y2bUQ1SGZFNEIxNmY0emdLUGFRSGE2SjVIbm9RZmc3eWJUalZlZ2hyN0RXcFR3VG9abllVOFlLbVhqNWxtZDA?oc=5
CNQ.TO,2020-12-09,"Whitecap buys TORC Oil & Gas for $550M to grow production to 100,000 boe/d",CBC,https://news.google.com/rss/articles/CBMixAFBVV95cUxOem1LV3RDTTZoeEgtOGRDS2tnbWwzUlNidC1ZdjYxLXVYQ2NyTFFBR2JtUk9fbU5DbEMyd1pDSllUWnZ6TFF5Y3NpeWxPS2xPZW1LTllFdHY3UklxSVV2QzAxNkUyc2prTTVmTk91eTJRS2xidExGSWkwVk1pMHV5RUpKNG5QXy16UXFHYlFOS3lyNWpEdDBPNlE4RVN1azc2c09uWkhVdFZLRWd3cGhTOXM2M0hoN0pINzFvU0FuTUw3aE5F?oc=5
CNQ.TO,2020-12-10,"Varcoe: 'If you're just standing still, you're regressing,' says Whitecap CEO after second deal of 2020",Calgary Herald,https://news.google.com/rss/articles/CBMi2AFBVV95cUxNOXVrTFpjOUowZGQycllRLVlOZXlCUm4xY3QzSTBOaXFXRTRtVlJXQ2Y5NTV3SWoyZnBEN2V5bnZ6TmFINnJtcnR4b0U3TnBxSDJpeVd2V2ItVXZrdERDQjNYd1psZHduQ3FibmZDeGhqcTlwRWMwTmZyYk4zNXVfY2lEcW91V19KRHBvV0FpWUNLeFFuSGszQjNYVmxnZ0c4SGxVSU1VVnRkUkF3anVOVDAwbTNNcmRwZmREMGxvdVZ0Zl95MmpyMWxseXNOTFdKTWlCLW1NNzE?oc=5
CNQ.TO,2020-12-20,Beyond Local: Observers see rays of hope for 2021 in Canada's gloomy oil and gas sector,TownAndCountryToday.com,https://news.google.com/rss/articles/CBMiyAFBVV95cUxNNS1UY0hSWG9uVFhzTTI5eUg1TXdobm1HZExFNGhFQ2FCS3pxbmtLb1pJUHVQRUFyTmRnRV9mbGxTbm9pRnZrVTlNQmZlQkdEN3NQU0x2clZqdnFnS1owR3ZvMWJ2OFdMSTB0NzBrTDJ2ZXExMFFROTZPS2xEVVZIei1Nd1loWFBEOFc1ZU56enM1VDBfRmtpX1BGUWFEcWtfZ18wYkttcjg1dlV6OHpIeEtYc1JqazVnYUd2UzMwUW9pS0JNRmc4Xw?oc=5
CNQ.TO,2020-12-23,Investment Canada Act: Government blocks acquisition of Canadian gold mine citing national security threat,Borden Ladner Gervais LLP (BLG),https://news.google.com/rss/articles/CBMiwAFBVV95cUxOWDdNQlBnSW8wMGJub0oxNWVONmFaekN6TkY0LVM4MGxRamVPUmtJVUNNaXcxdm12alRkWXZWcXVpN3lIbElnLS1WR0J2RjhxZmJhYjRxelR2VERIUUdUR1hoelFDOG1mUEFZYTUwb1VYV3dlZWVRbVg0R0E4cDBvakE3eWZSUUtTY05pb0RqcW9KZ0kyWWc1TndTOU9HdlpkMDRxRTZHSDlaY0lBbXdnVkJuYjJoaGt3cUpia0ZqR2I?oc=5
CNQ.TO,2021-01-04,Goldman Holds On as Top Canadian M&A Adviser in Slow Deals Year,energynow.ca,https://news.google.com/rss/articles/CBMilwFBVV95cUxOZEFDZWFtMDJmRGtmQzlfeElmM3B3V0Rwd1J4Mk1FMWlGd29PS1dUVTBnWnBQSHA4cWRRMzFpZDRMMzZiRnYtT1B2N2hRUFMwZnJURDQ2VmJGTl95RHVaU2JhYnctNzE1WUJ6emNiQ3Zud19LdUNwWmZ0bmQwNHM0dlJHVHVHQ2NGN3RHbnlBbVVZQmV4WmR3?oc=5
CNQ.TO,2021-01-07,Money managers bullish on Canadian stocks as TSX closes at new record,Yahoo! Finance Canada,https://news.google.com/rss/articles/CBMitwFBVV95cUxPRGswM1MzNWc0QW4zQmJkVmpzdTV3ZnJjdHg2MTZhVFNDZDhOYVU5RWFhMFlfQ21rU1ZndF9sV1N6NzBsZnA2Y0hGdEpGb2dhQU5KZDJQODYyamJaNHZwbTlsczM4ckE1aDZqd0VhNXA4elR0S0FBUFpfZ0NkX0NNOHJzdUIzV3czMl84eVVkUm9ZMEJHRXA4emc5WmZmLUVqaGJLaExlMlphLTJ1U0xFM0VMNWs0U2c?oc=5
CNQ.TO,2021-01-14,"Mini-Nukes, Big Bucks: The Interests Behind the SMR Push",Watershed Sentinel,https://news.google.com/rss/articles/CBMioAFBVV95cUxOMnE1VkJpa29Oc1RvaWE5UUhGaWZWYXVuYjJONkxXV3ZRMDNDNGRoNE5ZQVJPUlVOekxPYk5ibVE2a1B3VENTamlXcF9waTZzZ3NoMVZGelc0UkpyN1ZweGk1OEwwRkttUGdMUl9HV2pTenlWemMwMXZyenIzN0cyX3BOb2paZDh3SjduUU9uY2xDalVUYmc0bUdka1Z4RDBk?oc=5
CNQ.TO,2021-01-21,"Exclusive: India to begin commercial vaccine exports with shipments to Brazil, Morocco",Yahoo Lifestyle Canada,https://news.google.com/rss/articles/CBMimwFBVV95cUxQaU9qdGZ5dnFLQWlvdzRGTl9velIwSm1yMG1DSjhYWDl0X3lFb3RzV1RubjhZLWZjM0xsOS1pdnk0V1JEQjVUZEVCNE9UZ21CSG83Z1A2LVJjMVdpdTMtV3hNTHpKSV9Ccjd6bkJrZWdXMU80RzFidVhqeVVraloyYUh4SnlpTzM0QS1wMXJtYnlHbVJ0TDFNei1KYw?oc=5
CNQ.TO,2021-01-21,Canadian Mining Companies Are Devastating The Global South,The Maple,https://news.google.com/rss/articles/CBMikgFBVV95cUxPRFlaNFQ4dElzcGhIRXRESS00UzNXckZtNlRKLVlBeUNBbGcwVUhXWmJIWmdSbHQ2RlhHeDVlVjktb2ZTamxHQXBSMW5jTXItWE5OdFNMcVRKamhSaXVFaGxsT0wxb0RjMGhvMmpKdFdhQU50czNHbDZjeTRGbThpVGZOaDQ1bFVhWV9aODJ6ZFpRZw?oc=5
CNQ.TO,2021-01-25,University students to discuss Canada's energy future with Minister O'Regan,PR Newswire Canada,https://news.google.com/rss/articles/CBMixwFBVV95cUxOcXRGN0ZjN25YRUdjZ1lxWTFpX1dkOFhmSWh6VDB0SmR2TUh0U0g3d2hyeFZkX2pjSVlFV0E3eUE4eVg3X21UZ1FPX2ZVcEpvWjFVYkJfeElLUTB4dVdVNnc4SVZqZlZ1bXdqTUNiYXJrZDlIZGFic0hQMTI2dExkckJXbUFOTW5xSHRHVDNXRmNNWDMtd0FRbnJrYnB3WkdQU1BsbmZGUmZUSURmVmtWb0pxUDJ6Wmg5VGRGdWR3bkxxWkJOUFhF?oc=5
CNQ.TO,2021-01-26,Alberta’s 20 highest paid executives made over $200M in 2019,The Alberta Worker,https://news.google.com/rss/articles/CBMikwFBVV95cUxPckx1WnlLdEl1US1hNHBUQlY0UFFrVWdmT2NyTjNBaGZhQWNCTjJzdTFpaFdOc0NOR0N3Q3VsM0xtdkhfSEFLQU1xMnZaeGRIektudTBGMHIzU2Z6b2U0WUdQS1hCTG1tQmVLdmxGamlRRU1RdXNtR2JQUmJzWDRtMndmREFjS2kwdEV2aGFnS2xwUGM?oc=5
CNQ.TO,2021-01-28,"Pieridae Energy to build Goldboro LNG plant, Nova Scotia",resourceworld.com,https://news.google.com/rss/articles/CBMiigFBVV95cUxPTVU5TjE0Ny1iVUwtOVIxaDdwUlFjeFBTNHdXME5EcGRJTXlpeExiWldnZzlnU195X2h4SFpuZUV2UlU1bE80c3VlZmhWQlRmTmdnT3hhelhZX0J1STFjZmJHY0tLWlp4RU5QVmp2UkJDS2ZxQl91RDBiT0RpTnA2VkdrakRleVZnN1E?oc=5
CNQ.TO,2021-02-01,MIA – $130 billion: The global LNG trade and Canada’s missed opportunities,Alberta Energy Centre,https://news.google.com/rss/articles/CBMiswFBVV95cUxPMkZveTh5ZWc4S0EwcGYyZi1PR09WUmtQM0hCM0g1ZThpQ0FCR3JvSmh0ckpUR01mLWszUERNNE53Z2c3OUtLR0ZwaUtuMFpmZW42RXBqN0lKcFFmYnBxa2dKTW1fS2oxSmZ4S0IzdDVaZDZka3c1Sk9HRXRFaXQtVlhoeHJRbUFfYU1TVDdmSTVpTTl6QmtYbFdxdXRRSThQZXpSOFZsS3VkdW1fMVZwcWNpaw?oc=5
CNQ.TO,2021-02-02,"Calgary hires at McCarthy Tétrault part of strategy to gear up for M&A, deals in 2021 and beyond",Canadian Lawyer,https://news.google.com/rss/articles/CBMi4gFBVV95cUxNRVF1aFp0SllXSmxfUVF3LVBKbllEai1UYUZXZ1Zoc1pOdzkxVHotaXU2VmtOYjFKMlNacFdoYUYxUkNYd0p3eWZoeWxzTVpObFB6RVByX083eXFGcGc1M19JNkpnNFpJb3RpcHdMWVJ4cnQ0eFA5M1FBSE83bXFSV09lRE5uVGR0Y0lKaGtKTkJtS240dGItTGxhUElCS1h3eTZIUVFEakdrQTk1RFFjNDZMM1JtdlpDOEotODEySG40cW14YkFJWXlNUFFMSTRtcGJXb3NNUEFGclFlaVZtLWZ3?oc=5
CNQ.TO,2021-02-10,ARC Resources and Seven Generations Energy Announce Strategic Montney Combination,energynow.ca,https://news.google.com/rss/articles/CBMisAFBVV95cUxPX2t3SDJyWWFNd3FlUVJMVEs2ZThLREJTdUFmcl9jd0R4LTBiT0thZUZnYTlHLUNlQTlySWkxdDJ1SV9GQk9ZeTlWMlNETlJNbEN2MGRaNW80ZmxGbzhCWGw0RlNHY2VFVk90bzF2LW4zT0tmZjVTWVV4WnhSUVA0WUdVTk1fZjRwMTR0d2taV2pnZGlSV1Utb2RyMzBtdi14VW9RTHFGUVhKOWN0SW5iUQ?oc=5
CNQ.TO,2021-02-11,Big Pot Firms Push Up TSX Healthcare Sector's Market Cap | CA NEWS 11 FEB,kalkinemedia.com,https://news.google.com/rss/articles/CBMipwFBVV95cUxNaThwTWxJRlJPM3YwMU9oTFVjcGVVc2hOQnl3cVY1UGJRdnZVYU1HQi1tZ29wNEl4S0doTTdwR1BjQ0RZTDVSQkU4VXVIWGZYdFlIT2xocXlMTDhHVmZicHFHVkZNdTdfZ0xXRGZnSmZSQjc0X0FrX0xvVTJjUFNBMlhFc05jSFJUUUZWdUdnQ0o4NlpGeV9BMlFDb2l5dmxpWGhhSlYyTQ?oc=5
CNQ.TO,2021-02-11,Oilpatch merger pushes shares of both Arc Resources and Seven Generations up,Global News,https://news.google.com/rss/articles/CBMiiAFBVV95cUxPeEEwMnZWRVg3SWNXOGVOUEZ3ajZqaXE2ei1JMnVIX2VSRDJSMVFURGpESnQ2WHVvcVM5YUNpNFZucWgwaW9OeEdvUVIwaUotNzFTQ3FTaGVMN1pTdTFGbkt1ellOOGFuZERrbnlseFJDdmZlWjFiZG9XaG9hVTVYNGFFVnhpSUxq?oc=5
CNQ.TO,2021-02-11,ARC Resources to merge with Seven Generations in all-stock deal,CBC,https://news.google.com/rss/articles/CBMimwFBVV95cUxOTDlIU014VkExa0xOOXVrTHd3c0ZjNHI1VDAyQXpKOXZQbi1zcTJLY0dkRWFBTnh3WDY2NkowaThNTmwxU1A4RE1oUlV2X1Z6QTlBRVZSX092OW9nRmEzMExTeFFBakl2Q0NNYkZNU3VVQS1ZdkN4eTlleWJyRGREOGo3OU9OLUt2QWY3dTk0MF9hdEFSLV9WWW5Saw?oc=5
CNQ.TO,2021-02-21,Could This Canadian Stock Be the Next Tesla (NASDAQ:TSLA)?,Yahoo! Finance Canada,https://news.google.com/rss/articles/CBMihwFBVV95cUxOOEN1TV9HX1BySXA2aG9aMDlaSTRFLUhXTnJvNlBZc0JmSVNHX1BhRGM1b1BJYlFUSlFTMjlFSlhOQXB0X0Z3em5IQUloYjlWS1N2MVdNR081ZjFZLTlXcVpKOEJkUGZQdndVbDBGTmhLNERnb1dUazhUekFWZm5NVVlzY0ltNzg?oc=5
CNQ.TO,2021-02-22,Forget Air Canada: 5 Canadian Stocks to Buy Instead,Yahoo! Finance Canada,https://news.google.com/rss/articles/CBMigwFBVV95cUxQQmpLZ0VKRVhZZDhPa21jWHBfMHQtSEhTN3dVY2xFYk41RE85Z3V3QzNnOC1GMGlGNzE1amtlWFFaT2tWaHprR0xoendPS3NQN25XNzN1U2NSSDgxZElSZGhDYTMwM2RjcHpWMmdSdHVDNVB5Z3p1ak9rdnhjd0M4NXVNZw?oc=5
CNQ.TO,2021-02-23,3 Stocks That Could Be Canada’s Tesla (NASDAQ:TSLA),Yahoo! Finance Canada,https://news.google.com/rss/articles/CBMiggFBVV95cUxOM0pQdm5HY0NIY0lTM2JoUlpiS09aS2xPcjNkYTlLY1RkYnlZWjN0QTVySXF6TWJvMENJa2xQQjJiNXM3ZXRtNnRqRmJDZTVyLXdCSGRYODF3VEJLMFM3X1dZMlVGWS01NzRwNlFyU3NQMnVjd3RQb1lHUmZlbk44WHFB?oc=5
CNQ.TO,2021-03-05,"Oil Market Even Tighter As 500,000 Bpd Come Offline In Canada",Crude Oil Prices Today | OilPrice.com,https://news.google.com/rss/articles/CBMirAFBVV95cUxQOUFFaktFZDhPdU5rbTduN2dHdWpaanVHelVYZkhPNVc1bmw0WE1icXF2bTJiZDF4N0tPNDYtWmtxdGN4WDZ1OXNxdlZaNDVqbzBxcHJkX3JvZVl5eUFwWVJhQms1NmVNc2VNSkVPU2FNQ3M4NENZVEFEbDdNMkd5by1FcW43RmJqcnQ4ems0Z2w4QmRzQ1BZdXJqeGtpbUdOMmRudEdMNUtxUldm0gGyAUFVX3lxTFBoZjRsNkFMSmN4Zk1qWGJ1eTdpSk5PTGVtLU1SYTRWbC04TXA5VGE2dDBtUC13Vi12SUxRR0VnXzZlWW40a045UW5zRUJjSnNLeHhPU3RHVUx4c2xuQW5jUXlZZGwtRGdUOHppZE9vaVpZUzM0dlVDenJZWE5Qd0N5ZkdNTkg4LXEyMG5kVDNkd1diSlBvV2NIM2tMVGYxSEJEOUxvMUdhX0dPRGpJYkZzY0E?oc=5
CNQ.TO,2021-03-16,"TSX falls 0.43% to 18,874.01",reuters.com,https://news.google.com/rss/articles/CBMihgFBVV95cUxNNEVLTWNCLV9pdHJKUHNJTWpMd1Y1OTdsTmZHY2xIdkxQSEttclJhWkdyeGU5N0tUMlI2cmFIZ0FEY2kzNHFMMXNXcGtNNXRoM202V1lfcXNIQmZZRy1kTmVrdG5sOE1yQUR5a1BuS1VmdVVFTXhBaXZ3MFBYdTJRdFBXZlVSZw?oc=5
CNQ.TO,2021-03-17,"Canada's largest natural gas producer sees stock rocket nearly 200%, fuelled by rare boom in sector",Financial Post,https://news.google.com/rss/articles/CBMi4wFBVV95cUxNYlk3VDJQUXgxOEdpTnVteEE0UFA0NGRqV0pMWEdzenJaT3JYZERqZjc2RHVnREgybWNhOGd1Nlg3MzVvWXJ1TzlSQ0t3OTkyVHJuZDZGYl8yeEtwUTRaRk5OZmxSeHRCUzJ3TGpaOFVOOVUyRG5uZm40V05sNDdVWENieUQyS0FlWTBpaGJFZ2pGTm16TFZmRllXMUNmVFZYUWt6azB6MVJ3bXFGSDhMWTBuNHJObnE0UXIzVU1ya29JUF8zV2JHLW56dDVMNTh6ZjJSSUlEeWVGV19saVN5c0JiRQ?oc=5
CNQ.TO,2021-03-17,Chetwynd’s Pine River gas plant being decommissioned,Vancouver Is Awesome,https://news.google.com/rss/articles/CBMipAFBVV95cUxPTmNmcDJYVi1sMDZJRG1SUVpmNHZVSTJXQ2poSldqSWt0RmROdGVnZjNHNTE0X1ZSbGtLZEVWVHc4eElDcU1hRnQtWXZ0ODR6bzdxbWVKQ283eVFTc2NmWWlKSVhSWmNGQWJyZUVaaUY2NGhLSUljM0ZSN3ZCb0JiZUxrZGhLd2dBVkFfMEk5MW1hbnlfMnItbG5pVlM0S0JnVTgyMw?oc=5
CNQ.TO,2021-03-19,"TSX rises 0.09% to 18,854.00",Yahoo! Finance Canada,https://news.google.com/rss/articles/CBMigwFBVV95cUxPRHBEaGxIRXNhSTZYa0VlV240VTMxcHZ5eDhPR1E4RjRyU1pGdU1nT00zQ0lGLUtpSkJTM0NQZURoQVBKcVRDOE5kc3dQZEEwYlcydFREeDZtb2JjT1cwVDFFZVpDOEd3UUs1dEFEVHVRTkdxM1NDUmhfclB4QTdHY2ppdw?oc=5
CNQ.TO,2021-03-23,"3 Top TSX Stocks to Buy Today if You Have $1,000",Yahoo! Finance Canada,https://news.google.com/rss/articles/CBMieEFVX3lxTE5Vd0p0Ti1wcFNzdDl1ZFpOSTZKWEJQUms1SjU5X1F3NDhLLURFanBRTk5Sb3dnamRjOGJBLUl5Smwtc1JmdDhZbVV1T1JCZU9iZnNUR1QwX0NxMkZDNzMxWXRXSDByNDdOS3h5YUlZRENnWFJxSm9zVQ?oc=5
CNQ.TO,2021-03-23,Canada's Oil & Gas Mergers Hit Record $18 Billion So Far This Year,Crude Oil Prices Today | OilPrice.com,https://news.google.com/rss/articles/CBMirwFBVV95cUxQV1JFcE16Mk5pV0h3Y0x4SEdIWWFBaktSVmpXRUtMckZxejdzWmdwU0N0Mk14OThIRFpVNGlCWTcwNWxtOURWVk1HMUpiWmt2N1lYa1Y1dDM2Sl9Md00xQnh4bXMyZm13RjVaNWdpNVBaZXJFUkVCcFRBb3l0Z1g3MVo4VlBfTm9LdnlkZ24teDFHQmtiTnRSXzlqRkgzUDBnZWZzeXhqd2RCMEVXTFow0gG0AUFVX3lxTE9CU0psbGxZYTEwckt6UkF0bndoN2VkakM3LThBYXY4Njk3LXVNT29ObEtnWk9qUUVYbEZDWTJkMW53MTNKSXB2LVE4MTdBNVJWYXFHdk9jWVlXZlRCUFlvNjh6dVBnbFNDejljVGl6TGVsWFppdDBRNXBBRWtJdTVhdDdNVXNSSjJvRzBIZTFyNGM0Y0pPd2F3MFBNXy1vUXBXeGVyazJnOGc1b3RjLUJDQXBEYQ?oc=5
CNQ.TO,2021-03-24,"TSX falls 0.22% to 18,628.29",reuters.com,https://news.google.com/rss/articles/CBMihgFBVV95cUxNSkl3MU91YVBZcndxeUtSY25OZndUeWt0SWcwVktLM3I5ZDdfQ3kwX2lWZ24yV0xaNEFHS3BmUHM3bTFEWHlFZHNEMFhaemtBenpMVHRCNFR5RThrTm9LX016RDhWS0V6c2I0ZWp5Uk5TMFcxYU1qeDRxWkRjXzd4bEgwMXJxdw?oc=5
CNQ.TO,2021-03-24,What Makes Flushing Financial (FFIC) a Strong Momentum Stock: Buy Now?,Yahoo Lifestyle Canada,https://news.google.com/rss/articles/CBMijAFBVV95cUxNb3R0b2JWVGpKSlFBUWFKcWpCSDhCTGJIbGVRcUJVdk5PRTVlVkNTbUtmbTl6Uld0SHdOZjV3Q0x5LW9IaEdvU0Zpbkd0RDVwU3Ffa2ZsTnNiVjRnT2J6dUJWQ0tMcEtFSHFTUExFQTh4ZXRQZWJ5X2xWeXNqNlYzWTd5Q2szTThfSjBYQQ?oc=5
CNQ.TO,2021-03-26,Canada Revenue Agency: Can You Get Both CEWS and the CRB?,Yahoo! Finance Canada,https://news.google.com/rss/articles/CBMihwFBVV95cUxOT0ZiWDlSWlp6NmRBS3lFTG9RcEstTmI2Z05rMDZjLThsYV9DWG1lcENmc0RpN2xobzhrWVBVbFppM2JvY2lQQWdzWGwtQ2ZaTklLSDFQUW5kRGhHTzEybHJxVW52OHM1V1hBVEkwWnJ1a2FoV0tVZ0ROU0EyUldJLWdvcmlzc3M?oc=5
CNQ.TO,2021-03-30,Google promises better 3D maps,Yahoo Lifestyle Canada,https://news.google.com/rss/articles/CBMifEFVX3lxTE9xdGhqRGFUaW45Mk9FYTl2Vlduam1xaXA5T01vQW4xUWF4ZE9tS0NjSGNBcGs1NFU0SFlTZFU4Xzg0SnRmOGMwMnBRU0dEbHFaMDdGV3d4NWl6bVhXRFQxUzhxUzN3LWtzSGFyNXcwdkR0ZHNNMmwtR0ExbXQ?oc=5
CNQ.TO,2021-03-30,"Oil falls as Suez Canal opens, dollar rallies; eyes on OPEC+ meeting",Yahoo Lifestyle Canada,https://news.google.com/rss/articles/CBMif0FVX3lxTE5VcHNpY1BqbTJwV0JhV0dxTzhOai1lT3JUUVRJVWdhMFBOdGtrbjBVOHNGVElHeDBCckRQY1VlOVBaWm5HdlZuSzRXRFFtUG1ybW5XU1k0cTV0UFlqWnJtc28wZjZVdDVPU0NlRXVQMVRpeW9ZRTl3THI0RXdwY1U?oc=5
CNQ.TO,2021-04-06,Don’t Let History Repeat: Canada’s Energy Sector Transition and the Potential Impact on Workers,TD Economics,https://news.google.com/rss/articles/CBMiVEFVX3lxTFBTMEo5WGNlekx0dFI1VndzbERUaVhZTzVRXzNIUWxMeXhSMXpDM21zWmZGRWpzQzFhUDAtR3lPMFc3RmhhTERBSkFOVXFxcEM3SjQxbg?oc=5
CNQ.TO,2021-04-07,The Drilldown: Greenland mining project in jeopardy after snap election,iPolitics,https://news.google.com/rss/articles/CBMiqwFBVV95cUxNeWFrOEU0OXhfeTBCQ0xGRzR4MGV1NVdvVmk4YXdwNzR3aEpKVFhqUTY3TVQwWUFlNlVuWmR1bFFUUzBKZnJZZW40Zmw1T0MwZXBmb2J0WWowQURKZXhiSG1vMzBSOXdCOHRaMnFnT2ctSi15a0hsTThTNG1YQ0poQlkyLTdjbTE0QldFSUVlc0xWTFBHRDZfcEItR2liTHlOSFd4UElsU1JjYVk?oc=5
CNQ.TO,2021-04-09,COVID-19 surge complicates busy maintenance season for Canada's oil sands,reuters.com,https://news.google.com/rss/articles/CBMivAFBVV95cUxQNkVVWWlCa1hKZ1FrNG9qRFdUbjBMbjhvRDRlSnh0MzgxSzd3Y1EwczNneThoYllSTElPbXRrOHFzLV9IdUhOMTUxeVYtRXFhY21YRGNCN0tNZTEwNlBCcDEwN0FqOFYyT3FCaENJUVNDZnh0UW5wZkxhRkUtSmVoR0JSOFRBeHNwYkNjcDBDS2Z2WDZ5NnlqNXlaaEdBS3FFVWJXYnVPYVZwNjBYbmhUQ3ZpUWNTektOcU9pSg?oc=5
CNQ.TO,2021-04-17,Don’t Buy Enbridge! These 2 Stocks Are Better,Yahoo! Finance Canada,https://news.google.com/rss/articles/CBMieEFVX3lxTE5zN2RlTWJuWm5vRzJReS1Ibmhsb1VWcDFZTHViaFNxeG96VXZjRG1JYnJlQUM2eF9wM202Q1BKSERBSjg0UkRoXzM2c18tMmtFSjZyc1pPVkJWaTlXbWc1eGlNVzdMZjFCMGg0ZGd3SGVVTHNuSzB2NA?oc=5
CNQ.TO,2021-04-19,Air Canada (TSX:AC) Bailout: What Does it Mean for the Stock?,Yahoo! Finance Canada,https://news.google.com/rss/articles/CBMif0FVX3lxTE1jSXJYZVNzX2ozVjE5WFJtcHJEaXlOZzBLMjR4dUJlekp0NFR3MDlUODExaUw0YXFleVQ0bklkZDIzTHlLSGQ2cDI1d0oxdGtrREY2R3FSRTNoOElaZmEtSlNxQzJ2dmlNT3FpVDV3b0EtdXdocXlqTDRQX0VyOVE?oc=5
CNQ.TO,2021-04-19,The Best Is Yet To Come For The World's Hottest Oil Play,Crude Oil Prices Today | OilPrice.com,https://news.google.com/rss/articles/CBMinwFBVV95cUxPM3Nod3JFOGJfR2xYV0tXejhOT2JEakVpVmJiWjRFNmZSNnRpSjU0WkFoVjdLUFBNbDBBYVdybnNzUms3aXFPck1yS2xJZmxYQlR0cnRVWWgtR3FVV1hhbEdyZERldXdZaVE4a3RLb3dHdmdmRFBxbDRmWGFPTWVla3JkVDBKODJEWDh6UkNON2l1b2dOZzgtNzRRczhjUjjSAaQBQVVfeXFMT1B1cVhxZXRvUTBSd0hLYWowdXBXcmNxTmNlMmJiRkJEeHBGVUpoeTBFanV6WWVxelMxUmxtb2R4SGU5ZEZSWmxxaS1RN1NWMDl1a0pSaFFfbWdDQ1JLMXYwRWpTUHVic3N2NmhNVHhrN2FjUF8yNWJUMjQ5bnZlVVhsNWsyM19Uc1dvTTM4UFZ6UW1Za0F3Vmg4UktWVWdiZVFvNFU?oc=5
CNQ.TO,2021-04-20,Cathie Wood Is Buying These 2 TSX Stocks Hand Over Fist,Yahoo! Finance Canada,https://news.google.com/rss/articles/CBMifkFVX3lxTE84Zkh4UktCdGMzZU9XbzdBUW5xQWZXbWd6V3VENlBpYjdIRDFhNlRCOS0zeC1EaG9Ec01uS2ZNdDlDTnUwSV9nQzFHcjk3NV9pOWg0UjBJYnI2SHhiYm9SQ0hNdE5NVHZFYXZRcXVWemQwYTNKZGdfNDkyTE1PZw?oc=5
CNQ.TO,2021-04-23,Forget SpaceX: These Canadian Space Stocks Offer Major Growth Potential!,Yahoo! Finance Canada,https://news.google.com/rss/articles/CBMijAFBVV95cUxQVnJXNjRJLV82OE5wQ2k3M1lSamczUEh1YXFWZ1ZzWFdwRWVUT2Y0cE5HZWJDem5qeGh2QmpXM1pHb2J6WlM2TWxMcVNFWXlCaDZRN3lIVkw4OVpzcXlVWEZUbXZDT2RHTHE0QURWTC1lNUROeGs2SU5kaFRJTUVTNHoxQXhadi1YbV9LNQ?oc=5
CNQ.TO,2021-04-23,Who killed Encana?: Inside the mess that crushed Canada’s energy icon,The Globe and Mail,https://news.google.com/rss/articles/CBMiyAFBVV95cUxNekRtcFhacFVhdFN3Wkd0d2FxRjI0ckhJODBIVkRxQ0dLdGI4OUltdUFzM2lXZnRTSDJBcHlBTC1SRHduVDRhNWNZTnk0T1FVdkJPak1TX3FielhlRkhvTUdCTDc2NWxETy1UMXIxTHI4OGREd1pKWm5tRjgyam1va2wyWHV3dDdFMzFTZnNHYlFCMm1kdUdWZ0t0bHJOcktUTWVXVURRTDZDajF6ZXlGWWVNc21KUlktcjR1R3l5aGdsWGFQcElBNg?oc=5
CNQ.TO,2021-04-27,3 Canadian Stocks Warren Buffett Has Owned,Yahoo! Finance Canada,https://news.google.com/rss/articles/CBMiiAFBVV95cUxQZ3VQWTlRdGd4RC1CUXExSl84WFhScFlSWGFMaExGVjJUOGFPZ1BWSUREVVZ6S0RtZEc5VmcxSUJZUVVfT2s2aWxnN3gydmFEeVRueUZQLTlLSE1hTlV5ckh6ajNQUWlXeU00eDZ4cTllMTl3SG5mc3NHZGVZZ1NFVGRjTUNwVXdU?oc=5
CNQ.TO,2021-04-28,Enbridge partners with Walker Industries and Comcor Environmental to develop renewable natural gas projects across Canada,PR Newswire Canada,https://news.google.com/rss/articles/CBMihAJBVV95cUxOb2huRGZpNGc1NmFTRzM5S3JyY0F1cnJSV3NycmpyX2ZjdWZzallBZUh2WkU5QVRPUzhOTTdpdGN3bDVSc013ald0NVJsb2V6ZmRfWFpHSVktRWUzWkRQV24tWTE5NDM3TUJILTVQbHlIZ3dHV0V5aEotbWRNVjlhTmMxdkFnVzhrRWVfSjk3RTJfRnhDNktkTVhKVG84SF9Tcy1Da1F3M3NyOHk2SUFaMzBvTFliVm83aHMtbG4tUDJNS3hjLW53b2tSeVg3LUxFT0xKcUdhZkN0cDMwZWYzdlJiY2VELVNaLW1DUlJQeXBSX2Z2NG5wRDRkZ0lHaFRIUndTMA?oc=5
CNQ.TO,2021-04-29,AltaGas (TSX:ALA) Stock: A Top Dividend Stock,The Motley Fool Canada,https://news.google.com/rss/articles/CBMifkFVX3lxTE1aZzRDVzNFX1pfQnJyMmx0MHRaZEhYclBUSjJ4dGlfQ0gza29SU0VYMXdfRzZUUVhCQUtsVjdQV1ZGTXRhb3Jqb2JVMWtlZVlhMmVGM0RsdWVzMWRyQ014ZmNlQnZqekVBRkt0ZVlUckxSLWlzQ3BuUEhDRzJfUQ?oc=5
CNQ.TO,2021-05-05,Canada’s Robinhood: Invest Before the IPO,Yahoo! Finance Canada,https://news.google.com/rss/articles/CBMiggFBVV95cUxNbDh0eHI3YVgxaVZqN2xlMUdpYjVCVjdrRWVKUWhhUi01Q0hqby1QQS15MzNrSk9ZS2EtNm1USGZEZDZKbGdCZjJLUGJPZUI4cDlTaWQ1bzFibUZqZ1FUT0dnN3prQ0t2TlAxVXpvczk1SlB6Q2hIalhPR3ZzcjZLQkRB?oc=5
CNQ.TO,2021-05-06,Canadian research establishes standards for natural products and food testing,National Research Council Canada,https://news.google.com/rss/articles/CBMipAFBVV95cUxPVXViTl9Udmp5SDUyX1NhVkxlYm9uZmlQa0g1eDV3UGV3Q0NkeEFBY0pmT2pFWEVqMFVtTWVaeC1kTTJpcEtyeFhEdVVSTmR3SWtYZGhBamtyc0RKS2s1TlVCV1llZEVtRDJrcFd1NDNzTFpPZXlnNTJReUdWVjd0REg0WHA2WFJ5cnZWQV9DZnBCLUtVSzd1Z3lUdEZmU0VEeWE2Rg?oc=5
CNQ.TO,2021-05-13,"With its newest round, Liquid Death will exclusively 'murder your thirst' at Live Nation events",ca.news.yahoo.com,https://news.google.com/rss/articles/CBMihAFBVV95cUxOWnZkOUxOV3huUTdyQVhUUG54ZUQyMjNGem1zNGVXa1o3MzJNT3dMR1JkMVpOVFNXYmdRWXYzQXZQV0NfVDNfZm1HcEFVLTBtNTZiRFpzZVYxa0I5dDdIQUJEZExOOFdrQWh2UldQUHJHZ1BMV203LXllUEt4YjI0YmNhRUQ?oc=5
CNQ.TO,2021-05-19,Wedgemount Resources Corp.,The Canadian Securities Exchange (CSE),https://news.google.com/rss/articles/CBMiZEFVX3lxTE54TU5jNXN5NGExQTRlZkdKVEljU2lhNlE1aEhRMk9xaVNfa2xOOHZvTWh0bnVEVTVhV2RDMVNocXdWckw3Q1FnVFRlNXJBcXc4V2dtT0U3MHdLUDVsZUZVc3hBckQ?oc=5
CNQ.TO,2021-05-26,Canadian Pension Funds Boost Investments In Oil Sands Producers,Baystreet.ca,https://news.google.com/rss/articles/CBMisgFBVV95cUxOOGxBWHNXa3B2WW9XUkstLXlHS1NudFE3a1QtN1JRRVdBSTgtempmYjZXaEFNV3hUOC03akhremplV1lWZWFCSE8xWXRocTVvWnBJTU5kejJibmZoWEMwdEx4d0h2WFZRTzd5Q2FxNDNIRVFYZ2tNdGNLODMtRVlkeVRkZG9vMXQ3V0ZNS25oRkU3R1h1VUtHZk56eERCRm9ZX2MxUjlZdlVWTmZPTTg2Vjl30gGDAUFVX3lxTE05SW5TOEFnakt4V0xKZnljUnJqOW1jODRiVW9lcXhQcS1sYUNGOVRRRkhZZkpTcV9UdFlxNXFTLW1nM1lrZm9HQ1N6b3d1bGVtdkNIamJ5cjVWbnR2NWFna3YwQ2VDYXp4akx3ajJkeHJSVmhBVjVXb0drTUhzOXlmdTd3?oc=5
CNQ.TO,2021-05-30,Canada's Largest Pension Funds Stick To Lucrative Oil Sands Bets,Crude Oil Prices Today | OilPrice.com,https://news.google.com/rss/articles/CBMisAFBVV95cUxQUVlueUd3dk9nOUI4WlktWmFVYXhVR0pvTTlMVkZ1N0Y1ajhiZkdWNHhIMVUxb2RwQlFKNmxRM0VTQklfZVBWV29fWmFWTHg2clgwczJ2SjlhWC1jMHJ0dTdESjJLVWFQM2poX09YSFVmRlZJbGtONkdVRjBKV3N1bHRIQ212M2J6R0hyeTJWYzNwRzNhMFkyRWgzd0ZrUFc1bDAwbkpRbVJ0MzBzYkRNUNIBtgFBVV95cUxPSUZZMUN4S2JQZzdINnZ6N3Q3bkVtLThaaXFIdjBzYi1iWWd3ZUFra0h1QWxsQTdKZFEzbExtY1VSbTVHV1BsVld2NEhLRFRKTG0yTVViNHlZV2tVQ0tpSGQwWVlsVWRvUDBTb0M5MGV1MERURjFfOWdYTjF4Yk0xN1NjMjVqaG1wZmEtaVVMR3NDU3NZNHkxRVZ1M0R3cmMxdzVLbklHdm9KalZJMVJzMXc0aXk0dw?oc=5
CNQ.TO,2021-06-02,"TSX tops 20,000 for first time ever as loonie and oil at multi-year highs",CBC,https://news.google.com/rss/articles/CBMiaEFVX3lxTFBQX09TY0tOVGc1SWxFR251N1JvTHMtZEtaTTd2YkUyRDRqMEdNWVlTOUhEWnpDdGQ5SXFDcUhwNlBDMFo2TVJxOXkweS05MHRMa3VoYzhmZlhyWVB4TVRrdnRHay14Vklw?oc=5
CNQ.TO,2021-06-04,Natural climate solutions for Canada,Science | AAAS,https://news.google.com/rss/articles/CBMiX0FVX3lxTE9Pa1hOSkdNRUZwaEQtdmxybHlqcHZtdmhVVEE5NC1yTlhCcGUtUGkyRElubmJURTQ3aWVjd3FXbU9CREUzb0dka1VWTnBzOVJwWi1CUFZnRUNicUp2Nkow?oc=5
CNQ.TO,2021-06-09,Canada’s largest oil sands producers announce unprecedented alliance to achieve net zero greenhouse gas emissions,Imperial Oil,https://news.google.com/rss/articles/CBMilAJBVV95cUxOX3puSVB6Y0VybUliRXpNUnJYMUNnNVZ6ZnVpeUNfMGVCVy1mY0lvdmNZNWIwLWl3V0lNa0FvUW51UjN3c2NqTVJxbElWSHJrVzJDV2EtREpLQXN2cFRwUzlITnBidUItazNVN1NUS3JFV1hKakFyc2dRbVpUd1JsTXBVVGs2R0t2RTQ0cGN4SFo3Q0FIOFRnRjExLVROYV83R0ZiLUFwLUhHbnh4SUg5b2dmQUVMMzVnU1hDbWFRQmtBYjJ5cVRWblNubzdOS19rUUxLc1kwTEs2S2tlSUFFY0RmS2pXRExHbHNLV18zRGFzX3c2S3IzYzdLMjh1bW5IQ19KUDVha0ZMcVk2VllTX3NhNTk?oc=5
CNQ.TO,2021-06-21,Most actively traded companies on the Toronto Stock Exchange,Coast Reporter,https://news.google.com/rss/articles/CBMitwFBVV95cUxQWWdRUTRSSWprLU5NQ0dtTUtQN0lOcDhXMnNxSlNnZlY5MjJKZmhmdXdLMkFsel9jblVYNlV1OV9fWk41T3VaNkY0UWk3clhuT2FqVDdjYTYxb0VONHJoelN4V1BUM0s3alNVdVVCVW4xMmwyMXFwQmR0c0xpb1B4OUp1M0F1Nm5ZemF3U2huXzRQYWpDcnlKMjJMcHZtcDZyS1JVZWJXMmxHbVgyd1Y1bDY3eHozU2M?oc=5
CNQ.TO,2021-06-23,Nvidia's Canvas AI painting tool instantly turns blobs into realistic landscapes,Yahoo Lifestyle Canada,https://news.google.com/rss/articles/CBMifkFVX3lxTE03YTlSYTM2b21EX2FpbXZUUzNIeThocENZNHNTRlVYTTh2RkdiNE5GVEhnYzhWZk9rbS1MNVdJZy1Scjk0VFpvR2tMRm1xRVNKYXNnSzVINjlZLU9aZE9ZTkxOUG1vRHNpYmV6MzFJLUFMSE13X2p5Q3Q4M2k2QQ?oc=5
CNQ.TO,2021-06-27,The Case for a Longer-Term Oil and Gas Bull Market,Lyn Alden - Investment Strategy,https://news.google.com/rss/articles/CBMiTkFVX3lxTE5qc2dTaGZPQ3gxQmZUbVJ5bnJoVnQ1dW9XSEdrMW9URWFURDNrVHItd2Vfb1o2Qk1ucGFIMFYtTkRYelRFV0h4ampLMGc4dw?oc=5
CNQ.TO,2021-06-27,Why Namibia Could Become The Biggest Oil Story of the Decade,Crude Oil Prices Today | OilPrice.com,https://news.google.com/rss/articles/CBMirAFBVV95cUxNODU1V2J1SGl2WlZOUUNXNlJhaExXQnpianJDQWFXQU1XQ1N3aVZJSDlrTEdEU210Q29EZUhIWUhjVG03WnJzZm1YQ09WeXU0ZnRHU0NvbWF3NFJvVmxwdVlDYlRzUVo2Uy02VC1ieUJIemd4MDlFWkNKU2hHcU5KQWFvOWREYTNCeEVSSEpzazYxNGR3aVRFcDFFMDJTZS1rdlZvalQ1RWJjWlJy0gGyAUFVX3lxTE1PNU5GeXM1a1BSVmszU0RFSktzOXNUZjlCUjlMbEhFZVduY1dLLUVDckZpUDlMeVp5VWJDWTltWWVjVzRldnlpc1BHYk5vTjZNallydjBQRG5uZXp2cFZMOW4tTzhOamxqU09tZVFPQzRERWt6T194UEZ0ekZBYWZmSGJEb2YyRjUwNVpHR0t2WVc5THpJNVJIeGZTaE5qZGQ5ZFRVV0J3UXJBbWN0RzRhU1E?oc=5
CNQ.TO,2021-06-28,Rhetoric vs. Results,Public Policy Forum,https://news.google.com/rss/articles/CBMiZ0FVX3lxTFBId21CWm4zTVNKR1JYZnRYNTJ6d2I1UUkxRkdYNHkxRGpmSDRPeDBGZTB1SEJhc2RTUWFvWnZidC1sZlB3QS1kd2xyNkJjSkxsQmhBRU5LdU1hN2N4Vk9tWk5zSTB4c1k?oc=5
CNQ.TO,2021-06-30,Oil and gas investor avails 100 job posts,Herald.co.zw,https://news.google.com/rss/articles/CBMifkFVX3lxTE11c2cwaWtuZS1oVUhJeU41RDdxSUxBdlRXUmJDTFYwTjRoN05nRVdPNDR4QVZFZzVpc0t0cjFfeEVoMmhCSWtLWUhvVDI3eDg5aHdCUnZGVUlHTndBa0NhZXIxY0FMX2k3TWhwa0lTS2tBV2oxdHNjeG9md1Bldw?oc=5
CNQ.TO,2021-07-05,"Alberta takes 50% stake in troubled Sturgeon Refinery, as CNRL, North West Refining see combined $825-million payday",Financial Post,https://news.google.com/rss/articles/CBMi-AFBVV95cUxPY0dYODZWSVJhYW90UTFRcHpEa0loYWJiY3JzZjhqVDc3TXNZZktuc1ZUREI1emw0V2lnQnNoNUdGNDkzOHB4R2tDZnRRZko1X2lMaThmWXpOT2lLOGpLOTAxN2dHQmpUS0wyd1JPTHl6X3llSlpSclgzUFhDY2Z0d2phSHdmM3dDa05SMFFJa2drN3Nrem55T2w4b3gwb1dGN2hGSkFsbjZ6bU4xNmY2ejVicTlNTDVXSUkzSU8xUFN4SjdKWlpDOE5GMlpOR1VVSFlTcVN4UVhCLTNILXFKdTIweVZMS1BRQ3pxTk43RlRGcXF1S00xZg?oc=5
CNQ.TO,2021-07-08,The Small Exploration Company That Shocked The Oil Industry,Crude Oil Prices Today | OilPrice.com,https://news.google.com/rss/articles/CBMiqwFBVV95cUxQcXBtRFh4TnVkbHpfRnZWY1ZhZ1dNXzZjWWEycWRUbVoxenNkeDRZd2FReTF6ZW1QRWZxOGZ1d3RaaDV4dU1Eb0NaWE5rMXpjR04tWklMWFByeGRFaXBDenpCeVdhOUZFSTh0QTBBYm5oVkxkUTRMSkhGRmhULXV4WjBRSXk5SVE1WDBGSDVmVExGUjZjNnVFM2FjQXdUM2dPYllaZGQwYmZCbEHSAbABQVVfeXFMTkxnbkV1MVVhYXRycGE2bTNYS2tua21oOERhenV4SjNRVjhkT2xmSFlOQmdtWTFNVkRhNEJkYm1WSC1neUk3VjRxd1laWWtTZnFBUXVxNkJIR28xbWZRTFFlWVp2UHBNYVZFLVRiNnlNOUc1WndrZDcyd3BhcWV4d0c4ZXdRQXNleVpiYl9CTEMtNVlNU0R3UVUzSHNOU1NrQ1d0TGk2YnVXdHA0S0FnU0E?oc=5
CNQ.TO,2021-07-09,1 TSX Stock That Hasn’t Missed a Dividend Payment in 192 Years,Yahoo! Finance Canada,https://news.google.com/rss/articles/CBMidkFVX3lxTE5oNkN2M3RnTVlZSjcyR0ZPTUNqeFhzakRIdmtBc3pERnREYjVOUnExdnp2SzhtNmlfbm1ZcTA2VC1wQzN4ejkwbFhIcEx0aTdaaXlWcW1ZNGFGd2s4UVB4cFpLZEtWVGtmOFBLeEd2NTVtSGhKSGc?oc=5
CNQ.TO,2021-07-10,Passive Income: How to Make $100 a Week in Your TFSA,Yahoo! Finance Canada,https://news.google.com/rss/articles/CBMigwFBVV95cUxNeW5VbXVKNUNFSlFHMUN5Qms1WFVJczlrdTdzcWJKMW4ySVlUQy15eURmNWxYcGk1aHIxRkNCZ2ZBMzlCN2QtVjNfQVRESGM0RVhxQmFjYkZOa1NWSXBpMlFPNldFSFdPLV9KU3d2Z2d5QW02eU5HWjJ2OXdOUXNpUG9nWQ?oc=5
CNQ.TO,2021-07-13,Shell proposes large-scale CCS facility in Alberta,PR Newswire Canada,https://news.google.com/rss/articles/CBMipgFBVV95cUxOblFLVFJ0SWY0WnUtcEd4Uk9FU2FaZ3J0RXlBZTYzZEdFTHRLNlBidVdjS0JUaENYOXo3RWIxUFAwUkZ5V1lBcWNTLVotcjN6VUNYYy1FRmRBOG1zSlI0UzN1bGVidHZqcnA5OWZQWXJKUERrcm1tMlJxdkYydmVZZHgzZ1VaVmFXNVI5aW1JLVRzVFhZZVpjSXRGdXdkSWY4U3lLM3V3?oc=5
CNQ.TO,2021-07-14,Oilsands assets worth $13.4 billion may be up for grabs with Big Oil on divestment spree,Financial Post,https://news.google.com/rss/articles/CBMi1wFBVV95cUxQU0gyVUx3WUpPQVA2NWRBTm1QZ19kM3VpQzZBWWY5WFVsaTE5LXphUzdpT2poamR2SjFvbW9LUkRtZXFWRHBWSjJNXzhYaHpubzZPakJUSG1kRkIyeXhtM0ljRFNZekM1OVJUV05jZE9LVUhTRXV4LVp2bTd5c0ViM2dNMzRTMXFLMGlycDFTdWNWeWprMVJOYVUtSjllSzFhZkNJLXZEckdnZ2JPNnUxTE5yNUVTZTVBUWhEcFNvcHA3MS1pcGViOGFQQjE1ZkJET1B4Zm1XWQ?oc=5
CNQ.TO,2021-07-22,What date does LandBridge Company LLC's (LB) report Earnings - Earnings Calendar & Announcement,Zacks Investment Research,https://news.google.com/rss/articles/CBMiaEFVX3lxTE5wcHI0UWVuWldSVnkxODcxMG52Vms1Rzk4VUdKWFJvUHlrNHF3UXN5cUxldEdhYldIYldYQzV4b2pQb25hTEJUTDdLMjNPcDUxekkxZy0xQWQyZnpUUWlUXzN3MHJMckZX?oc=5
CNQ.TO,2021-07-27,Investor Alert: Canadians Can Buy Amazon Stock for Under $25 Today,Yahoo! Finance Canada,https://news.google.com/rss/articles/CBMijAFBVV95cUxPa0dKWXlMeGYtMDJIbUtUcGZhcDhNSWZuMEFGc2hFRkNoTmZaZjluS2JEYms4a1dBc2ZZb1hRRlBCNVo3Z0FxQ2QzeVEtbWdQWnNreDhBb3pIYW9mWHNSSnl2TkFTZFl4eVdmUHBXVl9hcW9LSUlJNU5GQXFtbUg3ZUtwOXdSSHdsRmc1cg?oc=5
CNQ.TO,2021-08-06,"Water problems at Suncor Energy's massive Fort Hills mine cast shadow over stock, analysts say",Financial Post,https://news.google.com/rss/articles/CBMiwAFBVV95cUxNMDc2eHBKZFRpOG1QRmtEYmFXTFVKNGRRTFVRZ1hCY1lQd3dRaHJuLXdRTU1WZGwwMVFPRVRNLWNSQWNkbk1IandVbXNNLS1mOWhDZUV6UU9LUkIxT055X091b282V2UyamxJQXY0ZmtnMVRkcWJsVTRIUTU5VmFrRldXU2dNaF94elFEOFZxQXNTMU5YRkRTM1EyLUJYbTZqd0xjaFVpNktMZjEwSENOejJyZUtZNEZfWkVkby1fLXM?oc=5
CNQ.TO,2021-08-19,Worried about frothy markets? It's time to hide in Canada's 'Dividend Dynasties' stocks,Financial Post,https://news.google.com/rss/articles/CBMiiwFBVV95cUxPbmcwM1lRYllSaU9jWkNYVjRkaEVpMkJMUVhwMzFGbkdQcG41OTduNGlLTUw3NnlDOHZGNjhVbFFUald3YnNtN2VzbjJycFZMYU1kT3hLbC0xQUNjdEROakVtaDNaRUE3OTRJSGFGaFRGQmY1QlpIWHV3cnJKSV9udmVTcFNib0w2bjVz?oc=5
CNQ.TO,2021-08-20,"Suncor Stock vs. CNQ Stock: Buy, Hold, or Sell?",Yahoo! Finance Canada,https://news.google.com/rss/articles/CBMif0FVX3lxTE91eUU1cTVwMTJiU1JjLTl2SU4wdnhiNVlKYkZqSUkwOTlDUlBFZmNfZm9mbU9IYjZLQkc5TmFVMVhJSWZJZ0pPSW1zU1cxR1Q4elYtd2NKaXdsN3hDbENDTjM4MlJIMjJ4WE5uWGdkSzZWcklieXVQQjZITXZ0bm8?oc=5
CNQ.TO,2021-08-20,Canada’s Most Stable Stock Should Outperform,Yahoo! Finance Canada,https://news.google.com/rss/articles/CBMijAFBVV95cUxNZUhOU2NUMU1RMHhWcXRHQmRtYnJ6eVN0UENYX2djdFpCeFdkbXJEWkxfLURjQVU3bXd3cFlKb2JDYl9iMTVNOEhjVThsQTJRVGYtMkVkMlM1RTdweVdrZW1kejR3czZVVnhqYXhLcUFKa1hfWmw1WlVoQlhGWWJYTzJtZkhJTHhBQ2F3Zg?oc=5
CNQ.TO,2021-08-21,An overview of Canadian mining operations in Colombia,Peace Brigades International-Canada,https://news.google.com/rss/articles/CBMikAFBVV95cUxQd2VhbGZObF9SWFJvLWtyajlqNE9VQmtQQm5MWXluMEdncVc1UXhYdW9GMUJzZzJyYVc0Mk5kMko2VzdGY2hCUHNqMUtfeVByXzBuNEI0WGV6N29sdHh4ekJYUWdWU3Rhd1dMOGkyanlFa2VKaGhQTVp2SnJOQlJjM2pNYVYxdTJlT2lqSVFLNE0?oc=5
CNQ.TO,2021-08-30,4 Undervalued Stocks on the TSX Today to Buy This Instant!,Yahoo! Finance Canada,https://news.google.com/rss/articles/CBMihgFBVV95cUxQVFNQMDBJbFpqMHZCVllhVzA0Y0c1Wmd0UERKZWZhOUpWU28wSGlkYW9fT3JtcW9ENzJxMnVtVEtvSG1nc2p1OWxDWm5naWpWMTkxakZnQjBoM2xxUTRHaGVIVTBhUDFPYnM1U2QyOGV6WkNTd1FGTHM3QjJlRW1ESmZqM01XUQ?oc=5
CNQ.TO,2021-09-01,Birchcliff the envy of oil and gas mid-caps as it gets set to rejoin TSX index,Financial Post,https://news.google.com/rss/articles/CBMizwFBVV95cUxPZnM1Tl9PYWR3SVNKV2Vsa0xrdk11TFdvdS1QLUtYVTVvLWg2RzF2SGo5aHg0RmZZYXpDcGRDNE5GX2Y0eVloNXkxbjhhdU9mOGIzcGFzQkV5S3F5bWZJdGlUR2tpSUYxbm5nN2lILUZzc3JITUZ3eEtpUllodmxDNkk3OHktVi00ZUIwZ2Q0ekFqc0M4cjZiSy1iUDlXRkdONlhReE5lSHNNVFNSYVZWN3d5ZzEyUThDMU1GMkZ3cUFRLVhpcW55NGVtRXdjZlU?oc=5
CNQ.TO,2021-09-22,State of Ontario’s Natural Resources - Forest 2021,ontario.ca,https://news.google.com/rss/articles/CBMie0FVX3lxTE0wTThZWFBMNlRZYTVMd0RSQkdUa1VSQmRtMHJyY0lxelRNbmswaU5mSWg1RTNIaDhJNXQtYm1wNHZ4c2FiUWRtVjE4b212NzZzY3I2dGd5LWp4SlZQOUhVUzA4UmF1WEh1ZnlCdkxDS2FLUUktMXcyNkpHRQ?oc=5
CNQ.TO,2021-09-23,Willow farming takes step forward in Canada,The Western Producer,https://news.google.com/rss/articles/CBMif0FVX3lxTFA0cUhTa2ZfQlM1MUFjZ2tlckhoeVpSbVRWb3Q1VjRpbTJYYzRKaUhzajRDM1BkZVY5UzlBSlpsc3pUS3FwVGEtUEE3S3kwTnBXaFRfR29sTU8zZVk0RVZna0NMLTRJbXpfQWpjcXBvQXhlN3EzZ2FJVlRXME9oeDQ?oc=5
CNQ.TO,2021-10-04,Investors argue Musk should repay $9.4 billion to Tesla for SolarCity deal,ca.news.yahoo.com,https://news.google.com/rss/articles/CBMieEFVX3lxTE9WdXNlM2MyQnlHQ25zek9YQVNHR2VzR2dVaTJsekhfd0JpWklHODV1NGplckZKZGVnbkppZ01hSjc5N2lOUk02UU1SLU0tU3VNODRKVDVxcGxBZEJockJkVk96dDNUb1ZETENqU0dIeWNqM20zM2w2Zg?oc=5
CNQ.TO,2021-10-08,FLT Stock: Will Drone Delivery Be a Billion-Dollar Company by 2025?,Yahoo! Finance Canada,https://news.google.com/rss/articles/CBMiiAFBVV95cUxQOXZGM0NNZ2hyQ1dMV0RNQ0tlVTl3VV9ISHg2VUx6T2hUY1FPS1RSZEdTTWdpd0FUSUFWV2VvWlVuN3JXbm9kZXQwMlVUd3JzZG5WdGZzQzEwYVZQSS0yLXU2b0pZMHNpeWtPakR2S1ItUnRwQWlHcDcwY1NrcURacGNPUXFoeTEy?oc=5
CNQ.TO,2021-10-15,Tourmaline CEO Mike Rose is building an oil company for a post-oil era,The Globe and Mail,https://news.google.com/rss/articles/CBMivAFBVV95cUxNa3RpX3ZjRHZEd3Z1N0hFRGlTVFFyeXM1akJIRkxKc2xHRlF0SFJjUWVLTHk1LUJ4SG1zMlNWbk04U0paSU9TX2pOYzBvQWkwZjl2TEFYYXN5emsyMXRrOExRWGZ0d2NORWI1ZFh0c050c3RFTjZqUnBxS2pPRVAzSGJTSmZKSS01S0VLVWZaOGxzeWJPREhWQWJsclVyOURwb0daME1TdUJyWDVXMkppQlE4N1BGajhNYVFlcA?oc=5
CNQ.TO,2021-10-21,3 Top ETFs That Offer Exposure to the Hot Oil and Gas Sector,Yahoo! Finance Canada,https://news.google.com/rss/articles/CBMif0FVX3lxTE82VmpOTmtIM2JJQ1Y3REpUeVhFQXlNR3pLSnc5NGQ1d1MxNFMwSF9BV2tkZzhHbG1KdUhXek9pZkdnQkZ4aFRhdnE4VG5yanZWV1NVTXM5NWVjcU1DY3pEYll0eHZ4blQxdjBLQzEyRTRKRGhTNEVhMmwxT2RpazQ?oc=5
CNQ.TO,2021-10-27,Recon already gained from licence,PressReader,https://news.google.com/rss/articles/CBMid0FVX3lxTE9DWjZKNGdPQk5BYXBReFZ2WUpPX0NFcDh3NFFyQjZPOVFuSEtUZ0ZqVWV6cjhueldoY2ZRU1E3Sk9IZnJOd3BKa3IwbDhnREg1QmRwT1FWTGxHcHE2OUxrd0xXTk5Idk9oX2lxSW9TUXZPU0w1S1JV?oc=5
CNQ.TO,2021-11-02,Prediction: These Will Be 3 of the Largest Canadian Stocks by 2030,Yahoo! Finance Canada,https://news.google.com/rss/articles/CBMijgFBVV95cUxQbUgtbEdOLUpKajVlaV8xbHc3VVp0YmVFQkVRV0Q4clJ0cWdkZzdPVTl0MktsT0F1WU9zaVp6VkVWbkR4d1NLc3lSVlFESl8yUTZRODNhWXY1MDUtVUtZMEFlVXFYTGtzS1I0cWRrcWZ4cVpxU05laUNNZUl3S2NTUXN2OC1iSnpRMWtLX0xn?oc=5
CNQ.TO,2021-11-03,ConocoPhillips Canada joins Oil Sands Pathways to Net Zero alliance,PR Newswire Canada,https://news.google.com/rss/articles/CBMivAFBVV95cUxPYkE1MEs0N2F4ZVlUMVB4OTZfdU9ab0xwTl9fUUVtR004QV9RQi1ydkJBNzlLVUdzZ1Nnd1M4aUZINUFuN1hId2tjbHNoODZqN09MMFVtY2RWcDRyLU55QmowWjUtTFpTSFQ1MjlKR3h5WFRvSzFuODh4VkVtRW5lTk95QUs4SjdIT2x2V2Y3dzdaUU1OSUJaaWJkUWh5UEJ2QUw0Yk9tVlJoTl9DR3d5aVo3bS1UVnpMVGt3Zw?oc=5
CNQ.TO,2021-11-04,Canadian Natural Resources Limited (CNQ) Q3 2021 Earnings Call Transcript,The Motley Fool,https://news.google.com/rss/articles/CBMirgFBVV95cUxOV3FVZDhJMmVseTY3dnk5MmtTTFhTNFNXTmJZclpEYXk5NjIxVGxMQVBMNE5rTVZId0dGcE1MWnhha1c4WWRKT0dCLWZnV3NPTW05QnpRWU1RN0JfSG9yaHZjakNMT1Bha2NrZHlMb21DRDJMUGhvY2Z1Y2hENHlfRFZ5T0dXUUREd1FKdUswTkx1cWVLRTJnaXMtRWFEWGR6LURfRDZjNDk2VEZqdGc?oc=5
CNQ.TO,2021-11-11,CNRL to acquire Storm Resources for $6.28 per share,Global News,https://news.google.com/rss/articles/CBMiggFBVV95cUxQbWswSU91c3Qtd0d4QWRveTk5djlkcEdDV05HN2FIYmUyc296NEVFNVZPNmx0Y3pLT3hjZVNtYzhqOGZtVUlxWkZrcjQxOWxBWHoybUdPSEk1NFdock52ZnVybWlWaVM5eGZLWHFMc2I5R29IejJWM3BuQ0hFM0pIOHNn?oc=5
CNQ.TO,2021-11-16,ETFs to own in a rising interest-rate environment,The Globe and Mail,https://news.google.com/rss/articles/CBMiogFBVV95cUxPMTFJYVhBcGE4TU1hUEdsZFplcldZNEFTdjd6THltMUFsVG1fUXJhQ2ZmYi04NWxNUThoZ0FMR0tFVGpQaVpxT1l4cWo2UTRqWFh4Yl96WmwtdFduNnJ6eXZvQkdTSFFsMWNWTk1aVDZUTlR3LUJOOU9Yd1VLckl2U08yakF2ZXpxd2I5R1VIdWp2Z2pJRmY2YmtsZDhqVkctdWc?oc=5
CNQ.TO,2021-12-01,"Cenovus sells Husky gas stations to Parkland, FCL",CCentral,https://news.google.com/rss/articles/CBMic0FVX3lxTE9MQXdaZmVRS1J4NUx1Z1I3N3p4NDJlSmtteXFWQUxrUzNSWXJSTnBfQUEwb0taSUZaYXUxUmMtbTYwOTFha0I3WUFPeXowaG9KV0lEZksxR0lIdXVualVwS01DWW9tUlFIT0lmMXdqczdwQW8?oc=5
CNQ.TO,2021-12-08,5 Canadian penny stocks under $1 to buy before 2022,kalkinemedia.com,https://news.google.com/rss/articles/CBMilgFBVV95cUxNTXQ2VHhrRjZFV2haQWV1aVkyU3Z6MlVSMm1oWG9IeWtDakNDY3BkVDBEZ3RTcFA3Z2thNWpYZDVDX3JwVThnT1MxY08taWVCQzJQMDFCbWY4WC1UUFp1VlJsZ0RHcWl5ZGN4c3EtaGxwd2pqSi1QaFZ6RzRPR1lmcEROSmlRSVYwZWxfd0FPS0pNWktyRXc?oc=5
CNQ.TO,2021-12-10,Worried About Inflation in 2022? 2 Canadian Stocks to Buy Now!,Yahoo! Finance Canada,https://news.google.com/rss/articles/CBMiigFBVV95cUxNQjk2WlRmdGJ1R1dYeV9ONFRCMThKTlloeG92VzhBTGNxeThGaDdaT0pkLXFsbWMwcUNvZWxJQ3RGcVFWR1dLdWRVZ3FHcFNYa1MtWVZ3Qmlzb3ZDNjI4cE50MlFvOWtmcXhDVWc3TjJ6OU00WHUyQjVlbEhiLUFjNWtMeFA3WTljOWc?oc=5
CNQ.TO,2021-12-16,Green Investing Is Having Its Moment in the Sun. Can It Help Save the Planet?,The Walrus,https://news.google.com/rss/articles/CBMiTkFVX3lxTE9wVGdDSFVjbGoybi1zTktpWVFYV0R2eUxPTlRFeEt2eU1pN21tbTV6cENEM0tqMXdRbTNDWHpmcjFKeDBESjR0Q19sRnVsQQ?oc=5
CNQ.TO,2021-12-16,Minister of Natural Resources Mandate Letter,pm.gc.ca,https://news.google.com/rss/articles/CBMilwFBVV95cUxQdFNVVnhibGNlYTlkVHJycmNKQmFqclM5ei1PX25iUFNoR2RoVWNoX0JqYnFJemw3RE8zZERKZGJNd1dMNVZKLVNMemwtQndfWXNtNDBGTnFHM2dTZE9VcmpEemdPVXQ3a1NHWkxDNmhDeHJjaktPbHRFUkZ4U3FIQVZOT05MVlVyMzcyMmtMWFZ6VGtMZGlB?oc=5
CNQ.TO,2021-12-22,What's next for Dye & Durham (DND) shareholders as it plans big move?,kalkinemedia.com,https://news.google.com/rss/articles/CBMirgFBVV95cUxOVV92djBKX1B2YktUVktEM2FxV2o4R25VUlpFa3o4U0pxVU1veEJUcHNzWU5xWTJmemtCNW53XzBtemttYnhKbmFmTHV3bm1TdVFJZFVUbnc1MWpRcHVLb29GYVliY1ZYT3RLVXBheHpZNnNsdmtDazNPRmpJcVBIZmJza1pTLTlGaWZhRzQ1TjJlU01hVmNqbGNFSzBMQVdvTTdvRXl4c2VUWkVLcXc?oc=5
CNQ.TO,2021-12-23,Natural Resources Minister wife bought shares in a leading defence contractor,Toronto Sun,https://news.google.com/rss/articles/CBMitAFBVV95cUxQR3c4QUNISURFc2R4SmxnYlR3bVBCdW9GSmV3R3JRV1M1eFNST2lMMkppMmdFVlh4eVE0Skd0Wi1qWWltUWNnSXl1MUF3ZkplS0daS0NjS3BwTTh1RkxEYUF2N1NjcmwwQURVYnZaOWwwclRDcDRaVDJRZHBLT3BuRl9zT2JnMlcweC1RQnFEcUZlZmRtYmxLdHhuTnVwdnVqMHA2Wk9wb2tOOXAyRHAzZFpTY1E?oc=5
CNQ.TO,2021-12-23,Best High Yield ETFs in Canada for 2026,Stocktrades,https://news.google.com/rss/articles/CBMiY0FVX3lxTFBDUjAxRk9nUmE3Ykt0ZkRqb2c1SGZtRXhXei1JYVZiLWhoSGtOLVZadUFKVDAwREpleW10aTh2X0h0V1VRc2NQbEFJWHhkQzZrUXhrc0J4OWlhZ28tbkRLWWFwaw?oc=5
CNQ.TO,2021-12-27,3 Best Stocks Under $5 I’d Buy in Canada Now,Yahoo! Finance Canada,https://news.google.com/rss/articles/CBMiekFVX3lxTE9GTEVkems0b0t6SW5tb1RBem5LUlRjb01SdnVNU05fcnd0UUc0a3lNTy1Kam9ESmpkU211M3JzUTktMzJaNUdQamFHWklVMGRsOGZyNE5LZmlRakc0am1yd1JtWjg5UEFNRGJDVzQ3b0prWHhtYTVRekhR?oc=5
CNQ.TO,2021-12-29,Oil and gas stocks on the ASX: The Ultimate Guide,smallcaps.com.au,https://news.google.com/rss/articles/CBMidEFVX3lxTE1LQm9lb2R3UmM5YmFZR1JhMXA4VVA5NG1qOUpWWER3cmRCM2dDX1RNeU12TWRTWkw1bjkzX0R1akFXNTFicWk1VHI3dUtHNGRfaTBJRk1QSmhEdzdvekZOQ01GV2ZPaHRaT29QRUFzZkxLZlVV?oc=5
CNQ.TO,2021-12-30,10 Top Performing Canadian Mutual Funds in 2021,Morningstar,https://news.google.com/rss/articles/CBMilAFBVV95cUxPYmZBb1ZGUFIzQ3JoUE9Va2F3T2kyRVFoX1RpbF8xbzVPaGJfaHFEbF9yQ1E2U01SbkpEVnVycUVoRWN1ZzdoT0dMYTFuRmMwNkkyTi0tV1dkelFLUmJoNkNxZTNFZ3k3OEZONlM3aEs5cGluVDJ3T1B2N2tXeURLUzlOeUtJWXpqR2dIaVpteFVaY24t?oc=5
CNQ.TO,2022-01-03,Why Cenovus Energy (TSX:CVE) Stock Surged 100% in 2021!,The Motley Fool Canada,https://news.google.com/rss/articles/CBMiigFBVV95cUxNSmdBVFFna01Ebi1uT3dQNnkxYUh5RDJVeGV1RVpPZWFmVFgtRUIyYUV2eldkVW5YRDdtU3VkclZXcWN3TXV3TmVucWVBa0JMMjhVcUNCR3NRS2hhNS02djNPNG5LR2dNOU1sd3B2RHpfWl9KdDlGdThUMWRrdkVBUERSQThyQmhrSnc?oc=5
CNQ.TO,2022-01-07,Roblox pauses service in China as it takes 'important transitory actions',ca.news.yahoo.com,https://news.google.com/rss/articles/CBMiggFBVV95cUxNaTZ1TkJSVFIteXFyalpqS3hZVUdsN0RYOXhpRFkwelZXeWhheThaU016cWcyTWJKaV9VdGdmX29BallPZkdBdjM2ZHJYYmIya1ZNRG1NcEdiLVZ4VWNoR0JSM08zdW8tZ3lVZkZJWW1hSGRxUElsaDljOFBna1FaM0hB?oc=5
CNQ.TO,2022-01-12,Canada’s 100 highest paid CEOs were paid $1.1B in 2020,The Alberta Worker,https://news.google.com/rss/articles/CBMiiwFBVV95cUxOTjFzaUhKUzN0X3c5Z2tnSGVoYmVCemVIbnIzN1o5S3RTTVdwc0ZyOUUwbk1WdUREdnc2Zm5xUjBWTnNDRmh0b003RWlOdG51UjktUmZzUzIxUDdMUkt6VmNrQTJpUGtVRWoxbjhHQ3lBZGc3Y01ONFRDcUZyZjlMM3NpNTF1WmpCTW0w?oc=5
CNQ.TO,2022-01-12,The 3 Best ETFs for Energy Companies in Canada,Yahoo! Finance Canada,https://news.google.com/rss/articles/CBMigwFBVV95cUxQNFRkTVp5RFFYVVgxUTVSMkFLTlhYOU1Kb1BEd3p6aFFSODk1d2RpRm0yZ1BRYUFWdmJlX1g4MWFVU1hJYXFtUnB6U29TS1VuT0RZUW9FWm9tSHdtWEhpS1FHYnA3U3Q3TUFmRnE0d1lFeGk0dlJKWnNTeFRmVTVlWk1pRQ?oc=5
CNQ.TO,2022-01-12,Last blend standing? Canadian oilsands' prospects surge as competitors fall apart,Financial Post,https://news.google.com/rss/articles/CBMizAFBVV95cUxNVUJGaDNHd2lBZjFwYTBCLUNyV0VkVGFOTVdYeUxWSExJLW04UW1CNDRmQm5BQzJrQTRSWXJzWUZHNUk1YWxwWW5Gb1pjYU0tRXZsT2hTMHhKMk11T0xlRnMzMFZjR2JHSXRGNTNOVXJORG4zWUFSaDJEcEFhRk9HcVN5ak13ckx6MHBiQjlrQTF5SUE5ekhZNVQ5eFFXcURfUnEwTXBzUkVTakM1XzNscHhUX2xLbC1wakpHYXk3WE1Yd3MxOXAyVnhoTWs?oc=5
CNQ.TO,2022-01-13,The TSX’s Largest IPO in 2021 Could Be the #1 Insurance Stock This Year,Yahoo! Finance Canada,https://news.google.com/rss/articles/CBMigAFBVV95cUxPWjRJbDg4cU8wWTlWWnBIek5INUo2QWRuWXdmM1J2ZWI4bE02d0VCazRPWVlCUjhQM3RHZVpEZHQ2X1p6SUhvM2ZrQkl0US1NYjRDTVpnQ0l1S0tDQnczYm52dmstVk9mWllDNEkxRnQ3bGlsT2dFaWgwSE51T2luaA?oc=5
CNQ.TO,2022-01-21,Peloton (PTON) stock falls below IPO price! 5 things you should know,kalkinemedia.com,https://news.google.com/rss/articles/CBMirgFBVV95cUxPQWJwV3lZd3hWR2hoclZ6RHQ4bW5SeDlaRENBS2tVMm1RZDFEY2NtRkx1dEJqRUw5VkxoZVR5bGdCcEhLemRBMVB6OG1FT0NDMi1UaGFKSmo2TEJDVWhPX2RTM083S2xkblplVGdqRERidWpxWkpEcDd5WXB5aUwwbTVXR1BtTzR5SkRyMVRNNS1HNTJfSHNHZlIySDU2M1pwcVJKd0VCT3hRcUFRSWc?oc=5
CNQ.TO,2022-01-23,Shopify & Constellation Software Stock: Here’s How You Can Buy Both for Under $50,Yahoo! Finance Canada,https://news.google.com/rss/articles/CBMikwFBVV95cUxOVGRKMWROWnJMQmJvZ1dDb2dVUHZQazBud3M1bjZJSUFJamxuNjEzb3E4enV0UFluZkthM2gzMGY4WHV5Q3BFalpyQ2xaa0lDQ0ZVZDlLWlZSNktpS0NIU1hGXzNURHlIMG5LOUtoWDBpN2xfMGdQY3ZNak5rcXRaUEZVRUpWRFFLYmVNUnVja08xWlU?oc=5
CNQ.TO,2022-01-24,Addressing Illinois' Canadian Geese problem,AdVantageNews.com,https://news.google.com/rss/articles/CBMixgFBVV95cUxOTGRYNkhSd0RnZHNTZWd2LVp1UEN0blNhYzNicjROMl9rNGxEcVNnTEJhNFVhMVpqZ0ZGSER4Si12Qm9hY2VQd2ZnUzRmNl82VUlubElGQzZZMXA0Znp2c1N6SktQSDdIbjlNMlBvNjhncE9pdGFMMG9leE5WUFJSYUlKNHl1UnAtY040NUI1V3lib3BMRVVyNjhPa2hNUktRSzNkLUp5MkpRNlYtUjNIMEtRaHJ5czVEZEdoWUg5M1ZFWnVmUUE?oc=5
CNQ.TO,2022-01-24,Carbon capture in Canada: a guide to the investment boom,The Narwhal,https://news.google.com/rss/articles/CBMiW0FVX3lxTFBVcnVuTkpuTl9RU3FJZ1VPeUozeXB1ZnlUc1BSUmNsTlJNb1BibXhiZm5JQi1YS2xpaGVYOGtoYTNjTE55cUJqeDVvREVGTkYwUUVKRUdvSzdzd1U?oc=5
CNQ.TO,2022-02-01,3 Canadian Dividend ETFs: Which Is the Best?,Yahoo! Finance Canada,https://news.google.com/rss/articles/CBMihAFBVV95cUxOUnIzYy1tb25JUk54M25sYlRYaVlyZmU3QWFONy03SHU4X0xYZFAtRmF2c2tFMERTVE14dlZqcHFPcnI3bUNidzJSWlVkcHE4dnJOZ05tYjNmWFFFZm9lWU15MzZaZWZwdjR1UEM0T1RUU0c1bmRnaDktOEctN0dKandyWGU?oc=5
CNQ.TO,2022-02-02,Oil sands emissions could start falling by 2027: report,Yahoo! Finance Canada,https://news.google.com/rss/articles/CBMipgFBVV95cUxPbk13UTkxdWF4dHFVWUNuR3NJOEtqdHk1c3R4cEJwZVc5VTZkazYtUndtVEVZRGNtbzJ1ZDZxWUFYWnd3d0t5YXJrTjBUTGRQblBXVmJJSWdIT3JON19RMnFXY3pWTUhGbXpoUzhmWHNxVUZ1UUJlM3p6QlVFeE95ejBQNEpYQmZpbVhtQ19OX0xqOGRFV3BGRXI5QW8zYlVmRkRMMFN3?oc=5
CNQ.TO,2022-02-02,What is IDEX crypto & how to buy this token?,kalkinemedia.com,https://news.google.com/rss/articles/CBMikwFBVV95cUxPcHZGeFVXbVhYSGVQMlh5NGZZQUlBY1RkSEJOMmhkZDY1T2diMU1zMjZEN21kVm9CTnZqcjlWODhIN1JUQm1aRXBxeU1IU21rdXBqOGJnbzBSMWpVWmdMRWNvc2pQY1c2MkJ0cUNaaENTWlFSS0JhbDJZcktPWkU1ZVRlOEU0eDNPUC0zRzFEN1ppSnc?oc=5
CNQ.TO,2022-02-02,Large Soil Carbon Storage in Terrestrial Ecosystems of Canada - Sothe - 2022 - Global Biogeochemical Cycles,AGU Publications,https://news.google.com/rss/articles/CBMieEFVX3lxTE40X1ZGdVBsYjlDSTV5UWZGdHVJNDVFcXU4RlgwUlFUdlJMZHFlYU9WLVVRa05aSWdNNFBjWGVCM2lZNFMtTlR1OVQwcHBFV28wX0xkR1didmJTWDRHZzFsNWM0T2dKQ2wxbGdaUW5TNzVzcTB4M1lVZw?oc=5
CNQ.TO,2022-02-07,Can you buy GoFundMe stock?,kalkinemedia.com,https://news.google.com/rss/articles/CBMie0FVX3lxTFBxU3FUNlZXQVNWcFVVb3hoQkNsdUlCdHdzd0x3VUJQNXY4TkV1dHJ3MW9IeW1YLTNsVXAxYXV1aXRTZG14aURVQ0N3VkxCNnRSeHFoelNibHlhQkpLNDNBVHY5Vm54VDc2a2dPQTNKQjBURk9nZDlncG8wcw?oc=5
CNQ.TO,2022-02-11,BRCC stock propels on debut. What's next for Black Rifle Coffee Company?,kalkinemedia.com,https://news.google.com/rss/articles/CBMiswFBVV95cUxOMk02TmJ2WXc3V3FVR3dRYjItd1JYVDNZOGdnTk1Hamo4bi1ZczAyLW5MbC0tZ2FPdWxfUjRUbzhMdXN6RkJWbGxpSXpkcDFoX1FnVmRQTmVQeVZnMDdPZS1wLWhXVGFmeHFjM09uTENBaVROYVItUGl3TkVTd0RHbUNvTWp2NlhvRjE1X1A2SzdhUUhLVjBSb0ROV3ItOW9DNTdXVC1KT1J1RmxuQjJsWndHUQ?oc=5
CNQ.TO,2022-02-13,3 Big-Dividend ETFs Yielding More Than 7%,Yahoo! Finance Canada,https://news.google.com/rss/articles/CBMigwFBVV95cUxNaEh2dHZsZmd0dkwzT1JxZ0k3ekNzRGUtc2UyNzJFTU1jT3hkUkxDaDhvbTF0dzBkMUlPS3VLWjdNMWdBRnpsUW9RejNNQVpsSnduOWZPTzJaVU80Wk9NVTBXMVhUeUQ2ODhMVnlXNE12UGdKdnBFZ003dTJnWjFXZF9mbw?oc=5
CNQ.TO,2022-02-13,Anaconda Mining joins the gold rush on Nova Scotia’s Eastern Shore,halifaxexaminer.ca,https://news.google.com/rss/articles/CBMizAFBVV95cUxQTXI4NVpWLXlOaERKa040ckFnZklRbnprcmNpRmhIUnJhSFc4NXN0bjdmSnJpaUpBTzZLWHVKRi1mZlhYNl9QeV9YV05VQzgyR2swakNoaDhPV0g1bW5CRDhUblYzNVYyRmtZUDVUTlRRR3c1YmRoMGc3MTNPQnZQcHk1MHJkOHUtcklVMjRDdW5hakgxZGZqRGxaMmRjZHdWVE1XeVJhc3J3QWxqVkVHUUczMm1ZMGc1YVpxZ1VxOFJYTVFaQmpkYU0zd2o?oc=5
CNQ.TO,2022-02-16,Dividend Aristocrats vs High Dividend ETFs: Which One Is Better for Canadians?,Yahoo! Finance Canada,https://news.google.com/rss/articles/CBMijwFBVV95cUxOVldlVUNhMkhuMkVEbTN2ek1Hc0ZmMXJUU25oS1lUOWNfZnV5ZENUaTN1cDBlaVFzODNHeDRqSDZhZVVnNmZhYlhORjUzSEpHVlc3UGluRWc0WXBkdnZqeG5WcWJtNldKb3JCdnp1SElaNTRYRUFBNkNWQ0ZMM0o5S1pINEUwRnk5bFBkakJkSQ?oc=5
CNQ.TO,2022-02-17,2 BlackRock ETFs Every Canadian Investor Should Own,The Motley Fool Canada,https://news.google.com/rss/articles/CBMiiwFBVV95cUxQMTYwcWtKVlgtbFNFelJidWhTUmU1LWpzSHJ5VzBTdTl6cnFjcG4zUXUzdlZsN2VQb1JTeEJoWlBydF9mc2dkX2ZWampPdnZKWkJsbmF4T042dWVhNzY3QVJoRHpndXBOR3ktVmN4bWZRWGRiX002QUdLVHlvVE5fbEhEdWNQYWZLeTdF?oc=5
CNQ.TO,2022-02-17,2 Vanguard ETFs Every Canadian Investor Should Own,Yahoo! Finance Canada,https://news.google.com/rss/articles/CBMihgFBVV95cUxNTlpYOEJkbFdFVWliTVdIaEJEQlNlNlZhQkVaNWJMSXIyWkxLRjNvb09EMlk4UkJHcEx2ekR0UE5OXzJkYWxaVzIzN0xjQVc3X0Q5X3RhMjdNVWQ4VEtpdE12X1JYLTR1MEhYaDliS2RqTGFfanB4VEdFenZkQUx1blV2VjlYdw?oc=5
CNQ.TO,2022-02-17,Is Enbridge (TSX:ENB) Better Than an Energy ETF if Oil Prices Retreat?,Yahoo! Finance Canada,https://news.google.com/rss/articles/CBMihgFBVV95cUxPVVoxa0FKMkdpeFNvT25VSExtQlh1YTI4TU8tQXNrd19pVXNoTUJIeGtVTUVNWXJsSnBGZ1FVR0twLUprWnJjZ0hXeVNfTHFIYnV6NEk4Nndrejd4Qk03RDNiVXN4aW51Z09GcUlGUDl1TFlEdFB2ZkdpazZHdzljYjNyQTlPQQ?oc=5
CNQ.TO,2022-02-20,Individual Energy Stocks vs ETFs: Which Is Better for Investors?,Yahoo! Finance Canada,https://news.google.com/rss/articles/CBMiiAFBVV95cUxQY2t4OHV0dnhoSjFKSFhxam12VWY5UHpmVkktaFF1SUt5SmtpRU9KOHZxaE0ybFdlQl9tSDdJNmJaZktoYUxIMTV2VmFuVEljUExZX1N1dFRxeGRqVXFnME54MXVHdk1pSUdhRnQ5cEl3eDFNYV9qTzRVbHZaeWhmUGdObV9MdUpr?oc=5
CNQ.TO,2022-02-24,Proposed Management Plan for the Steller Sea Lion (Eumetopias jubatus) in Canada 2010,canada.ca,https://news.google.com/rss/articles/CBMiiAJBVV95cUxPTjFON1daWWlfRXMydkppU1M5RlltUWVrTFpqRDRVYjlUNUw2NVVjT0d0VGxRREVCcFhHbzY1NEZNRXZidGh6VWJocmJQQkhTV09KNi1MSDBSbkNtT1c1VGJSa18tdU1aRFB1Y2E3RHZrQUpNaEJTSjl3WXgyclVSclJ6RkpDYjJURTJLcGhXV2dablo1M0N1UXlFdnMydjZoQk9mVTh4UHlFWE9YTTZqVUk2dVY0ZGg3a25tbi11cXdlaDYxc2xrWGVvV2VXaGhHWGZDSEtnNEdlbE8zakg3SWp2N3RmRUtKV3M0a0dEcTV5eGxWdTJFYlFWR01FUVVBb3h5bVdnYUM?oc=5
CNQ.TO,2022-02-24,"RBC sees first-quarter profit rise 6 per cent, but outlook is clouded by inflation and geopolitical upheaval",The Globe and Mail,https://news.google.com/rss/articles/CBMivAFBVV95cUxQa01Ca1ZGaGRkVGE3UmtuTXprcU1yUUthaFd3em1CUndkUW4wT1YteTIwTVNpcmVsRVBUdHRHX2hVYV80ZTZWbUVUeDZCeVZoWXVkaENjaXpyU3BoQkJNbU9HSUxMN0Nrb3Q5bEFVelI1RjhGaE43WWZRc0VhdXFSVzFaNXhuTXhDTmJPbWxjWG1NSUdLMjljZUwzSGxqNnJmb2tOUjNKR3NPRUNqQjVSUmE5U1FaZlVtRkZrcw?oc=5
CNQ.TO,2022-02-25,Retirees: Do You Have Half of Your Money in Canadian Bank Stocks?,Yahoo! Finance Canada,https://news.google.com/rss/articles/CBMiigFBVV95cUxPd3UzUjI5R0I0TEFzSlQwbXdXcFhQaUxCYXdDUXFPNDFCTWdqbVFsTmw2MUhTOFNtQ1I3X0tmZ3FuQ1RUWVN2UUhXYUZMbktpT0ZmV1BTY1B6a2owX0czOXdRUmx1bTJuYk1vWmJzWjZaNFRoQzl0dnk5alBLc3J5VWdaZUV2SHplRVE?oc=5
CNQ.TO,2022-03-01,Here’s Why Shopify (TSX:SHOP) Dropped 17.1% in 1 Day,Yahoo Lifestyle Canada,https://news.google.com/rss/articles/CBMiggFBVV95cUxPYjl6ZDJCV0xWYTR6eHF3bFJ4d2tuU0FDOGZac3pTcFllTktfQWxmdUd2SS1vY3VHTVpFQm9tUldZQl9UMVZFQm11SlJ5Mkszb1l4UW1lU3lGM0RsQVhlTTI0dFU5TEliVVV5d1E3QW5LSVJIU3UtNi1Ia2ZQemo1ZDdB?oc=5
CNQ.TO,2022-03-03,Canadian Natural Resources Stock Price Rises 5% on Surging Q4 Cash Flows,The Motley Fool Canada,https://news.google.com/rss/articles/CBMipgFBVV95cUxPdDFnNWtTYmtiMWZ1cVFobDRWUmZ3YzExSFkycDljZWhFTTRNeTBEckNnb0tRSE4tSHNtUkM0RVZiQlU0QXg1LXMyT0xZaG1WVGN4aERpMUxsYkZYM3I0NGxNTFQydTFjUWJONFpmSTRZVER5bS05VDVha1FBVnpqeG5CbnZFMEFfdnVpTkExMmxqT1lNd3dQeTJGZmNfbEZ3UUdtQm5B?oc=5
CNQ.TO,2022-03-03,"As world scrambles for oil, Canadian producers reluctant to spend on growth",reuters.com,https://news.google.com/rss/articles/CBMiswFBVV95cUxQSWdMMWJjVmhYT242NEFTM1IyclViMVJha1pIaHk4eE9zcUR0TXlFRnhKYzdEX25vWHEwVFBxZXQ0czM1NDc4eHNnUzk2SWthSnp2ZmpxbTRpeW1XQzlnLVdSMURyR2RjeHp1NXdrMUFpb0ZZZ0FPeDZVQjJoVXZxVFJrcFI0TGh0V3dBUW5uVFZaMVd4OWdOY1VkUGNPZEotZzVjSWlzcnk0eU9LUEtkcnZaWQ?oc=5
CNQ.TO,2022-03-04,TSX 60 vs TSX Composite: Which Is Better for Canadian Investors?,The Motley Fool Canada,https://news.google.com/rss/articles/CBMimgFBVV95cUxQcWppNEFsT1ljUWdTbUFRX1cxV01GZng0ak10UFlSU0dWZWJYa0xweXJUMlFXMndWR19vaDE1djQxcFVodU9Xa2xQdkNBcVlHbWtGMEpPWlNQVVgwaW0yN2ZpX0RJNkVuNUt5Rldya0dNTjVmN1RVQTNlQnZDUFlYQlQydHBhVkM3N3YydnNJTzJqcUQ1QlFPZGp3?oc=5
CNQ.TO,2022-03-08,Canadian Natural Resources Limited Announces Normal Course Issuer Bid,TMX Newsfile,https://news.google.com/rss/articles/CBMiswFBVV95cUxPSUJ2NVQ3cXpISlZyOEIxOUEtNXU3OXRnbkt1Tml3QjVSdTROSlR5bk9pa09QVEkwUmw5aENtUFZmdWpLN1NoNk5kbUhnUHhJYXlZenBfV0FTLWRkMkVQV0NoZlE1cUdWdFVFZllkWUQtdjl0M0w4MDBQY3NjaVE5T01KZDVjRkZfRFlScWFPdnB2S3o2Q1BpdnJiX1BZMm9ZS0NBSDFZR2lVS0haUFlUVkFLTQ?oc=5
CNQ.TO,2022-03-08,Tourmaline (TSX:TOU) Stock: Why I’m a Buyer!,The Motley Fool Canada,https://news.google.com/rss/articles/CBMiekFVX3lxTE1LU3JwSVJNcm1yWW9nbFNGWE1nUDFEZGdYSEl3ZHphVndZaUxxLVN1QTZXelNsVnZ4aTRDWW83VVZyekFFTVMyeDN2M0EySGpWck5ESVJyX1huOVlOSnNPVFJId1ZWWmtsT190YTZoZWdOd2tuaVJJWF9B?oc=5
CNQ.TO,2022-03-08,Want to invest in $100 oil? Commodities legend Rick Rule offers tips on natural resource investing,moneywise.com,https://news.google.com/rss/articles/CBMidkFVX3lxTE1UUXpJX2pXb09HWnJMUk5OYTlYTzZkclhBUXRMMWh4MEstNEd6TThoTU9JdDEtYlAzRE85cXFkOVRLYVJIbWR4LVpzcjlhMHJTZjBPTy1hZE1pTWptdmlHUFFlOF9ocjdWcGJaQ1M2cEI0VnFNMXc?oc=5
CNQ.TO,2022-03-09,Owner of Bitstream Mining to List on Nasdaq,Yahoo,https://news.google.com/rss/articles/CBMigwFBVV95cUxOZW5vS0pXNmREOE01amlMSHFlei1SWUVOVG5GWjY0XzdDSEFBYXp1UWpIbWdUeWxIRzI2NVpWOWhIZ2tiUGFzblBxZ3pUX3hqamQ0VUtDRjVaVXhEalZteFdGUGJLaWtfQ3AxRUVCaDFlSkNWaUZsTEU4NWN2V1N3aHJoTQ?oc=5
CNQ.TO,2022-03-09,Shell says force majeure issued at Scotford upgrader in western Canada,reuters.com,https://news.google.com/rss/articles/CBMitwFBVV95cUxPejFsSXlfTnVsOWpRR2VLMEFLNlZvOURVMC1Td3RpTFg3d00yaVFKY0tScXlLUzNwaDdqMl9kTkFGZTRnVDRiUFEyZlNNZDhRSXAtYk9qS3hldl9iQ2VVNWFXYVlhUkVOMU1NRTZRYzlYN3VyMVhNZ1dmVWkyUUhXcFM2ZHdNbmdGYzdHV1BLaHYwOE1CVkdzellkZ0hHZnUya1NNZU4yNVg1WTBOTXUteHhxcnZZYmc?oc=5
CNQ.TO,2022-03-11,ESG litigation and regulatory risks: Managing claims and liabilities for Canadian businesses,Borden Ladner Gervais LLP (BLG),https://news.google.com/rss/articles/CBMiqAFBVV95cUxPQjYwbkJsNEhiUlJBSUZyTTVMaWdrR3I2YmxBU3AxMTBtQ3dpRTZFR0JDTF9uaDludTFkaGJSV3JSaGNQVmhEaTBuR2VQeE1HQzVtdGVFUU95VHFhUGJXVXp1X01BTDE0T2pYbW42Rkoxc2MzU3JtRGFzd3Y5ZlJXY2UtT1hfSFlWUW9HRDM3anlIVXE2MW1IRmlCemU4NC1fSm9YdTVsc3I?oc=5
CNQ.TO,2022-03-13,"Chevron stock is now a relative sell after too much outperformance, analyst says",MarketWatch,https://news.google.com/rss/articles/CBMiwwFBVV95cUxPSmJfSzJiY1N1Nmg0cGVSUnRBRkZNYlNZbFZGbXphUVI4MjRFajlhMXE4OE15UUNCajZodzA0cWhYenBrVGQ5V3Z0VEt5eEExRlRwdXVCQXJFWS1fYlo3NzBIb3owM2QtQmU2RElOUE8tMWtfUkJXNTZfTm9GUlIyUHY5Mk5GYlZkMnRJYzRXM2xXLW1QWFdoQ1RlWG1SOWFjbWZxUkNZaWt3TXhCRERYSVNsRVNFaEFJU2ZRNGhrQzhQREk?oc=5
CNQ.TO,2022-03-15,The Best TSX Fertilizer and Potash Stock to Buy Amid Russia-Ukraine War,Yahoo! Finance Canada,https://news.google.com/rss/articles/CBMiiAFBVV95cUxOLUxEczZLc1IwNUVBaXhTbTJZaDJlY0tZR2FtTGJjcTVFanMzdjBnbVRfYjM5QktEU21YWGZUUkF6NC1manVhamtOVy1USVVZME04bkUtcVZZV3dYYmhZeFZpTHlBanNuR1c1MFNxbXl3NDN2MkhrdnFMSXAxXzB1WnhEOHExenFN?oc=5
CNQ.TO,2022-03-17,40 Best Stocks In Canada (Sep 2026): The Ultimate List,Wealth Awesome,https://news.google.com/rss/articles/CBMiW0FVX3lxTFBNU3VjYjJneHFRRm9YRTNnS3dTc1Yyay1iOUpYemc4MFJCYW0wcVhCSmhjZFBkRUVGVlNYN05IcWlxaTBnVmVHMllFdEVZRS1fYzlqYS1EZE9BWHM?oc=5
CNQ.TO,2022-03-17,Why Did TSX Stocks Surge after the U.S. Fed’s Interest Rate Hike?,Yahoo! Finance Canada,https://news.google.com/rss/articles/CBMifkFVX3lxTE9DQUsyRVRKUmNnb0NuVENtcFplN05zWVEtTGFEM1ZQZV8zcFl3SW5raWNwSjlaRXlPZWQ3amZ6WEUxeE9LY0dKOUs0dVdxUEJHakJnZDBGMXdNdklKTWhDdDBjSmZBeHN4RENUWFhORGIwSHdocWFhRm9UbjRyQQ?oc=5
CNQ.TO,2022-03-18,Why is Unilab crypto rising today after rapid decline?,kalkinemedia.com,https://news.google.com/rss/articles/CBMiowFBVV95cUxQT2ktc3VLazhUT2VSMkpuWmIwSVB0RVNhSEhfTl81YkRRTWNoTjRxMkNDVGljMzY5eGVKcVE5SFQ0YlFqM3ZZejFVQUFWVXBhWXdDdXkyQWZwRnZ0YjU1a01keWpCaEh0UHQzQVozZnExZko5enRreC03clh1aGlLZzNjdFZPM09BVS1GUUpIZUpmMHNJVk9GaDBrNlVmbGxDVWZV?oc=5
CNQ.TO,2022-03-22,Suncor’s Troubled Mining Unit Gains New Leader from LNG Canada,energynow.ca,https://news.google.com/rss/articles/CBMilgFBVV95cUxPTUI2bGN3MFlHOGRkZmNSd0RwTkRoSW12ZmtCTkduRmV3WENlQjZlaE84bUpsNk9wZjFKWE8tVkhubmtGQmFLMVNZV3g3NVdtN1JpNGdvbnAtQm9fUHpZQWc4SHNYOC1JRmJ2OGJnSWJTek1sWkZJQ09JT1V0QWpOQlZodHN6UVYzaS1KamhtZnJad2pTbHc?oc=5
CNQ.TO,2022-03-23,Oil Investor Who Made 390% Last Year Explains 3 Stock Picks,Barron's,https://news.google.com/rss/articles/CBMijgFBVV95cUxObHQwMnQzdW5obEo3c0tmZmNGWGVPVmpzbVZNNFdZWmxQR0FwNG0xNlZDMjZWLUZvMzA4WEtEMWZhWW5EQ0REVm5mRVB4dUUyZ1RpaUVQSkVxZTRjYkdsaGd4a1VVSE1nbzJ1cHVETDZGbFFVUUlNWGJpd3FId2V5dU82d3NfUGpzcGlwT0Nn?oc=5
CNQ.TO,2022-03-24,Canada can boost oil & gas exports by up to 300K barrels per day in 2022: Wilkinson,Yahoo! Finance Canada,https://news.google.com/rss/articles/CBMiygFBVV95cUxOUkU2NlpJU281cVB6UUhVbkdDY2xPeTc5OWxuS2NwQlF0ejUwQ05kX1dMQWtOemQtZzdyaERYaW5yOTVSdlBEblJLeU92TldodHc1SG9lNUtpWnVBVUhOWjVIN3ZTOWtxbXVTbDAxMTNCWGgyY0NGU1YwYm4wTWRYblF5TjBFanh0aThqQXVaN08tOEVPRTR1R3k1b3k1MGhVMEVTYndUR0Q3ZG15MTYzN3lxY0VMdlgzVUprZldZcDRrYWxTMG5wbGN3?oc=5
CNQ.TO,2022-03-28,2 High-Yield ETFs Every Dividend Growth Investor Should Own,The Motley Fool Canada,https://news.google.com/rss/articles/CBMilgFBVV95cUxNWkFzQW80SXcxOWY0TWZ0STZCMkIwdjdzMExlVmI4Vk1BVWQyMm90RGRIZmJfNWVWblZBbHNfdFZhN0l1c2RsNjFTYkU0RFF0RmZjZS1qQnpfX0NFMzhId0hzRVA3cVVleU1sdmgxOUQ0Wlc0R1dkRTlxWVlrQk9vdEh6T1VFUncyejhMUWZFWVMyMTR0cHc?oc=5
CNQ.TO,2022-03-29,TFSA Investors: 2 of the Best Canadian Dividend Stocks to Buy Right Now,Yahoo! Finance Canada,https://news.google.com/rss/articles/CBMihgFBVV95cUxOZFEtWUhoU092STVjQ010ejBtTmpydUhPNm9zZDZYcTI0WnFIaHNwWk5NcV96cXdPa0ZfYUhSMDE2bTRGdnZBVEZ2dGZEcDRXZ2h1bXN0dG04UXdhNjRycnNTYTRtUFFvOFpDYWRLRk56VXluV1RRbjdkYzU2RXRmMW83cWNTdw?oc=5
CNQ.TO,2022-03-30,The 3 Best Energy Stocks to Buy When They Correct,Yahoo! Finance Canada,https://news.google.com/rss/articles/CBMifkFVX3lxTE9fVnBNdXBrZHhaZ3ZPR3prTmt5NXphN1YyWERFM0ZOZDktM2VFVVFqWGJuNi1YRnlqLVYwQUVqZDB3b2hEZjZlcXZ5M1NMZFJPUG12cGRxVlllcnZxMUNJNlk5RWU2QmppcHJLNE9kRV9wS0oyYnh5Q2tyQnF2Zw?oc=5
CNQ.TO,2022-03-31,TOPAZ ENERGY CORP. ACQUIRES OIL-FOCUSED FEE MINERAL TITLE ACREAGE THROUGH THE ACQUISITION OF KEYSTONE ROYALTY CORP.,PR Newswire Canada,https://news.google.com/rss/articles/CBMi-wFBVV95cUxQY2t0WUdOblFyakhpcHlSZ21temtKQUN4U2dmMnZvUUFvTkxwN3k4Q25PaXhBc1dWLWplUC1CN0k2Qk1aWG1HeHNJUWZtSVZMcmV6M3IwVHRqLV9ockVBcHNCc3k4NG9EOHZrSnpLRHNaRVp3NnlRMGdGTG9BSzhucHM2NHNUUE9VbEJFdVEtTEFBcENncGRNUUYwZmFzVDF6ZlZ4OVFfMWtVOElWT0dQaTdxdkViLWttcEtIWXNWWVFsamJBeUNlUWRqdm1CNEV5OThJSXhzcE51NDMtUXdZVTNRTUZmcUdvN1NJUTdFdy02LTZtVWcwTEtSbw?oc=5
CNQ.TO,2022-04-06,Suncor Shares Go From First to Worst in Canada Oil-Sands Boom,Bloomberg.com,https://news.google.com/rss/articles/CBMisgFBVV95cUxQY3RhY1hHTWI0dW9YcXFIZS1hUjdHOUxDRW9OZ28tXzJtOHZFRkk0MzZHTGNEZ3VNVG1jM0hDS3N6enRKa0hpd19kZDRhdG0tWTNBVVVLWTRZcERNVGpMaUxDSFBnZDVGbVhZQVY5Z3B1bS1mdllzaUpjYWZSYzdLVWU5UlNXeWJwb1pnX1QtRVJ6cUdPZGdOdHA4aHpEMm9MQXFnVzZNRHVRbl9IRDVDbGZB?oc=5
CNQ.TO,2022-04-07,"Archived - Chapter 2: A Strong, Growing, and Resilient Economy | Budget 2022",budget.canada.ca,https://news.google.com/rss/articles/CBMib0FVX3lxTFBRQml6dDVtczBnVWt1WEhMdVFReTREWVpkRU5TdDE5ZnhKUVZHbWViMS1hRWFreThfZWNQbkY4OEhKVlFoTm1OdDZsc2dldjl6UmNEcExibXM2WjhQRm1hTTNSSW5yTXVPcl9CcjM5UQ?oc=5
CNQ.TO,2022-04-10,Canadian Investors: How to Buy U.S. Stocks With Zero Commissions or Currency-Conversion Fees,Yahoo! Finance Canada,https://news.google.com/rss/articles/CBMihwFBVV95cUxNbTk5dEJUYVVWek5pOUY2ZWVNYkVreFVyOTdMWWI4cnp2alJ5dnRDbl9XZHlnX3dtcUt0WEd5Tl8yd2U0Y3VPNHE0TWJkSXQwQnVSQkpCMjlrTmpUQjZjN1RiRl83ZzJoQWp4UFdhZHFfQUtnZXI2cEZXSFhYN0RWOEVJcEhyWms?oc=5
CNQ.TO,2022-04-17,ZEO vs. XEG: Which Energy Sector ETF Is the Better Buy for Canadian Investors?,Yahoo! Finance Canada,https://news.google.com/rss/articles/CBMifkFVX3lxTE8zMG5WUkM3ZGFoQk5IOHdXQnh6amppTFRHQTVFaGtrV1loZkE4Qk5wTVB1SjFvc19nS2lFZ0hoTXh2anVmeW9vZWotYWJuV001bk5GOEZ4eG5UT0tOc2c3T0daM2FuTTdwSlRNUGRtVzVjaXBOZThmTlFDTnR1UQ?oc=5
CNQ.TO,2022-04-17,The Cheapest Canadian Bank Stock You Can Buy Now,Yahoo! Finance Canada,https://news.google.com/rss/articles/CBMiiAFBVV95cUxQV0tuNDllNzZwUWZBTllITUVYZndnTEtGR1EtQjZiMmRid010dFl6Umc3V3Nrd3JVNl9JQW1xQlY2OUowbnJ5cEQ3Z2ZqYnM5aEFaclg3M0RnaTlENTdWWFFOMjRuZGxDRDd5MDYwLXNybm04SC1BdzQ4OGx5VHZUcDh1TGJtMHRD?oc=5
CNQ.TO,2022-04-28,"Energy investing has been a tough slog, but Rafi Tahmazian has an eye for winners in any market",The Globe and Mail,https://news.google.com/rss/articles/CBMiywFBVV95cUxONTJieVZzc0U5RHgxdkttRklpcThrR19DV0pGQ1QzUmhGMmllcVlYV3lKZUZJX1NHLWhtNkVmdk5vcHRyMG54RnhPNHRFOVhlWEFHRVVSTGV6ajA2dkR0VDZrbENwV3pLS0VPTHMyZnN0cThfemRXdGwzS1dzckdUSnN0NE15aUJCOXRTdmlzdUs1blEwdkJWTFBUYjdUdlNQelR0bURPZk5WOHZDTXpjbWc1d1I4ZlRfeEd4dW5vTmZLNDZGeGNDcjdFWQ?oc=5
CNQ.TO,2022-04-28,Elliott Management Targets Canada’s Suncor Energy for Shakeup,energynow.ca,https://news.google.com/rss/articles/CBMilAFBVV95cUxNR1BZTnVNTjk5T1lSbXdnSFQ2QUJzaGNTZTdwMGw0RWozWEx1V29uTUtiN1phbEx1Q2YyX2ZHbzBXemJpQXMtYzlYVWVTbkZ2aWZCU2hIR3NSRGJOLVM4dm9fNVJWMUE4cnkzeEsxVkcxRTlMY0JVS3NZYTlQUEptTmQyWi1aNE5XenNFbFJ3Qjhkd3BL?oc=5
CNQ.TO,2022-04-28,Activist investor Elliott Investment Management seeking changes at Suncor Energy,CBC,https://news.google.com/rss/articles/CBMisgFBVV95cUxNZFFObDdGRHp3ZlA4aVFNeHVZOWFvZVlHZ09KRlNFdzhNOE9kUjJteUcyVmtER19fY1g3RzEzQ29GeUc3b2ZueXhXTWV6bklOdEFfQl9IblM1Sk9rakphMlU3QVBEaTdjTGU2dHFDeEhua2kwc1RmX1djVzU0SFV6QXlCQUUyeVNGVndlQXVYUUdnX1ZHSnNzaFBHalJoLUdFUHF5bmlvWEE4UDh3WHJQOWp3?oc=5
CNQ.TO,2022-04-28,"Elliott calls for Suncor strategic review, board changes",reuters.com,https://news.google.com/rss/articles/CBMinAFBVV95cUxOdV9ESjF5TnVFeG1YQlppQ010Q3kzY1RQczV5Y1p4QUZvc2NVbllUX0czeG5lRnU3X0NyMU1lUVNVWlgyeG1PQWFSZEJNcDBDb19PUmtkVVNJUm9ka2NBWWtzSDdBS3BkSVotSjNYdjdYY3p4a0VFUGtyYXZUUjBnVmp3andtN2NMUk9JRElKcWY1c1NaSDRFZ0JqZ1M?oc=5
CNQ.TO,2022-04-29,How oil sands giant Suncor became vulnerable to a U.S. activist,The Globe and Mail,https://news.google.com/rss/articles/CBMisAFBVV95cUxNd0dsLUpGVF9HVjdUb1BVVlgtNjM3VXkzb2pPY0hSZ09Nb3ozSHdKUE5qc2ExUEsyT05WNjhtNlExM1pNVEg5TllDNnd0MTh6THdVVnpEYkJRcGR1Ym1kS2xlc1JSQmxzTnNoQkFiTGRRX1pNZXlZWldNRGM0am5IUkk3dXQzVGJmUjVyQ0hPSkVvb040WkVaVFZneE0tOHJhb3M3OEdVWUtVU1ZNRDVfTQ?oc=5
CNQ.TO,2022-05-02,Historic Tanco mine in Manitoba producing lithium again – but this time under China’s Sinomine,The Northern Miner,https://news.google.com/rss/articles/CBMi1AFBVV95cUxONXRqTHo4dnJEMmI5Z3VGYXJuNmVhMnZFUVh0bUZ0M1VEV2hwZElOQW01Y3M1YVJZSzdTQzhVczFLbUs2SHdJdjR2NnA4YU51bEVYcWZTQ05YdEdZaVc3ZHo0YXE3clBCVC12bWdfSTF1UXNHOVdwVG5INmNwV05jUVFtQjJVMUZlbnhFbFYtNUpVenNqbktCU3hMOFpoNjBrOU5wRUhVazA4MGVEcnl5enZSRWFtamJSY1pxQmsyZDJDMXlVR2tEZ2ZJMk1VczkzbV9MOQ?oc=5
CNQ.TO,2022-05-02,Suncor's safety record in the spotlight as activist investor calls for change,CBC,https://news.google.com/rss/articles/CBMihwFBVV95cUxPLXlPVTFLSF9EYWtXSGt6QmFZWS1DNWNOV1BZbWdMUW16RFExSS1PYUdMZzZBQ0pGQzMyTG5GUmdCMTdxcmkzZjJhbVVFaHEzMTRGczZUV19IdndBSjNreDFGZ3dsMzlJU1JYVjVMWDBoNVVMWC1iQ19NSVJwZEQxVkFWdHJGa1E?oc=5
CNQ.TO,2022-05-05,Canadian Natural Resources reports $3.1-billion quarterly net profit,The Globe and Mail,https://news.google.com/rss/articles/CBMikAFBVV95cUxNV3Mwc0EwTlNMczYtYXlOck5XeWN3dE5tclM1NTZuLVczSjZ3VzJEMEJEYU5aMXJDTkdvUFdOOFhiVHA0MURMTW1Rdzd4TU4tTHhDd3JrTnc1V0cwMXo0ZnRhUEZXMjZpSzZyTllrSzBBSFgxZGVhQmZsVmVQejNXdmRITjhvVV9GSTMxX2tDUTI?oc=5
CNQ.TO,2022-05-06,The 3 Best ETFs to Buy for Oversized Dividends,Yahoo! Finance Canada,https://news.google.com/rss/articles/CBMif0FVX3lxTE8wRXYwcTFWMV9mMExDeHhXeHBuaWF2SWJ5Y0dQVnZqSVFNT1ZEVXhqV1E3XzV4cFNOSEpmcS1abFFrLUswemgzVEZuemRLYjZ3aUx4YVJ1MExzNnpkVWE3ZFFBejFhT1ZwSGZIaTZZYS14WkIwWkxrR1lsRGFSTDA?oc=5
CNQ.TO,2022-05-08,3 Canadian Dividend Stocks You Can Buy for Under $10,Yahoo! Finance Canada,https://news.google.com/rss/articles/CBMihgFBVV95cUxPb2RadGM1UnNqbjhYUlB1ZXhmU3ZMemd0Y3ZETTR0WlBTN2k3dkxCMXVIMDFSaDQyelBpY0hRVmVjb1E3VllwZnJoWlNnMGJDRUNtRFV0dGlGVDgwOWNQZmNob0NCUlBfN2RIX0VwbWZvNmRHb2hUZHBlUkJfVlREZU1tOFR1UQ?oc=5
CNQ.TO,2022-05-11,Suncor looks to turn the corner amid American investor pressure,CBC,https://news.google.com/rss/articles/CBMif0FVX3lxTE5iNVpWSzN5a1ZuNUZkTVNLVFY0YkhlekFSaU9sWVJCTVlxZ0VHVzlHZ2tlVU1DckdqcWp2dG9JbElVTTF3alFOOXVMaTlUZ0xTWjVqSy1hOG1UMFl3Sl9IekxYQ3JPRkJHRWZjZ0J1cG9IWFdGOV9uQ0FTM2VyZWM?oc=5
CNQ.TO,2022-05-20,Three Ways To Generate Retirement Income Using Options,Investor's Business Daily,https://news.google.com/rss/articles/CBMimAFBVV95cUxOelJjTEZ6d3FndGc5STBxb3lnN0VseTBsNGxQYlJOLWtVSXVKdUV4YXliY1hMVlNhSmE2czdFVF9CTk5rVkpyY0FNZFBpS1RVaWNvNkVNNVEwSkMzcmxOQVJra3BqSmNCMUpJVG9TZHByY1BkbmwyejQ2RGU0YlNHaDlFdWNoY2QtWV9HczJ6aFJCMS1CdFNOZA?oc=5
CNQ.TO,2022-05-26,'At an impasse': Suncor's clash with U.S. activist fund has gone quiet,Yahoo! Finance Canada,https://news.google.com/rss/articles/CBMimgFBVV95cUxNZDE3UkJITF9IaVNCTE9uWEtSNWF6WnZ2UlEzYjEtOGxLMHRmUFh4c2NYcjBYRm44U2dvY0NodEpwbkphblJ4MXdFZjB4TmgxanpSX0hTa0dXdkFMSnJaQTVOenRLOUptS1lqT3VNY2R4a0NyRkdRYTk0cHVkcVVRU0Z5Uzkza09faS1jeTQ4djRYUEt3Qm9RdVNR?oc=5
CNQ.TO,2022-05-27,Mackenzie’s Benoit Gervais has figured out how to make resource funds ESG-friendly and make money,The Globe and Mail,https://news.google.com/rss/articles/CBMipgFBVV95cUxPWVhkc2g4cFFOOWJILWpidWQ4SEM0eFhsWS11LWRKWjNPSW1uM3ZlV1pWaTRQQ0FOeEJGNnowV2hBNjAtaVBLNlVDSWIzR3NEWF9OeUdkOUx0b3RCWElhRFEwZzM3TlNHXzNzcEUxVlMtVDUtRUxpeTN0NHYyS2RSSEFCamh1bzFGMU8wNFpVR0Jic3JoaC16Zm1zZ2ltYURUSmpna21B?oc=5
CNQ.TO,2022-05-29,Beyond Local: U.S. proposal could change the way oil companies report their carbon footprint,rmoutlook.com,https://news.google.com/rss/articles/CBMiwAFBVV95cUxPemRLU2MyeUFyY1liQ1ZhWVppYXVjeV83M1VIM3dfOC00eWE5em1JbUV4UWFTRTFnZEdYWTNLempFbHE1M0d6Mlg3ZlBWekt4ckVjV3ZqSnNFMldXQ2p2cUhPS21sUFBINkRrdi13NmZlX0FhelJ2Xzl3WDZtNzZMQ0U4VnM4TEtQaDM0akFTclFTQm5QbnNTUHhTOFF3b2w2VkpuRkNWM3h6REctQk5RcGdrdGlSeC1OWkQ4T1JReTY?oc=5
CNQ.TO,2022-05-30,Listen to This 9.0-Liter Twin-Turbo Viper ACR Make 2500 HP on the Dyno,Yahoo Lifestyle Canada,https://news.google.com/rss/articles/CBMicEFVX3lxTFAwTmdLSVdWWW5kSDJUWktKTElxZDRLU0VLMUZGVjVLNzJXSWRVZDJzajNhVVZ3ZjZKRnQxZEdnbHcxb3g4R2hvS3dEelhxZ2d3a0oybVRMdW10WXlCQ0ZoSm5vUGpvS1JEcmVmR19mRHY?oc=5
CNQ.TO,2022-05-30,TSX Energy Stocks for Income Investors: CNQ vs. Cenovus,Yahoo! Finance Canada,https://news.google.com/rss/articles/CBMiiwFBVV95cUxNc2ZrcUZxS3A5d3Njby13VlgwcTl2X3NkZlp4TTNEZE85dHhwRjkwY0JzaEowZUlBTm10RG01MTZOdE5QdjdMSVM2VTl0OVJVUmtydkFRMTdqa0pMX3hyMFdrYmdnS1k5WTNZakV3R2tJdnMzSWRCeDc0WDJ0QjhjS3BlOGVFWjNtd2FR?oc=5
CNQ.TO,2022-05-31,McGill announces C$6 million chair in architecture to develop turn-key solutions for mass building climate retrofits,McGill University,https://news.google.com/rss/articles/CBMi4AFBVV95cUxOOWlOSEJWOERXS2RGbGozVVFJTjk4ZTE4QjI3TjktSVJ4bXlwX2hqUXdqeUdUak94TTdySkpDbFNpLTVJVmR5NWpGZVBXc2pDTUlnbjFjT1FBU1N6NU1pUFJzRV9SenQ2Nzl6aE8wVS1zbEtGZHlMNGtMa2Z5Y21ia3JvOHhNR1FjR2tjQWZMV2V4QXRVUVh2eG9ZU2FPSFdkRTdONDllM1FMXzNJRERUVHVGMVdvdXJQQmdXT2MtUzB5bzU0dXBGZHRib2ZwZnNVVE1XNzgtUkh1ZlU3NnZJWQ?oc=5
CNQ.TO,2022-06-04,The 2 Best Natural Gas Stocks to Invest in Canada,Yahoo! Finance Canada,https://news.google.com/rss/articles/CBMif0FVX3lxTE0xaElsZmg0QmRpSkRRNXFZN2lpRjFEOEY5dzFZTTg3WHl0SXlybWJWSmZmZnhrdXdhSVpKOElRemZoa0FlcjVXN2NhdEZkaVBBYWtad0FXMDJLOVEzSVZseTNlMnk2UlFJbTR4OTI1bjVmbjFxVUZfR25GSHFXRm8?oc=5
CNQ.TO,2022-06-14,Prepare for Stagflation: 4 Stocks Offering Stable Monthly Income,Yahoo! Finance Canada,https://news.google.com/rss/articles/CBMijwFBVV95cUxOdFpyQmpnT241MmR3cGNuUTVOV2dMcDdNVXZ6cUhhajZvYnVzTHcyeWRvbFZ0X2hOYlZ5Vm9JbWtQVEhBMFpzVy1US1dpOXpPRHAwQU03SnJ6RTFMSDVCOV92QnYwTnNoZ3BIcUZpdndrQzFJWVFOZ0E5N3JiWDc3VHFyYUJSWm1lU2JLVk5Bdw?oc=5
CNQ.TO,2022-06-15,How to Buy TSX Stocks,Value The Markets,https://news.google.com/rss/articles/CBMicEFVX3lxTE5CSVJ3OXQ5eVNGTVcxdGJ3TVJiemZqX0VyMERKVG9xV3dmWUl2eF83NTBIZVpPaVMwdlEwOE50bnFnR2hVSnIzVTBSSWtER3dyTzlPbVExbHpBaS1ISlJRcjR5QlAzeUpFbTRTcFlFMmo?oc=5
CNQ.TO,2022-07-02,3 Top ETFs Canadians Can Buy Amid a Bear Market,Yahoo! Finance Canada,https://news.google.com/rss/articles/CBMifkFVX3lxTFBoV0dVc05EUE1xNlR5RVJobnZ2R2hVM1JGQ3hiYWZ4MXBoUUJlWWlOUmRyMFNqWEtwMks2VWk1RVRrUC13MDBJaGFTV2gtNHdEcWh3aV9XWDBXNVkxdWFxSHpwMml6NU5kOXRmbVZ4bzNIMEt1OHAzX0o1RjB6UQ?oc=5
CNQ.TO,2022-07-11,How Calgary’s Delta CleanTech is eyeing a boom in carbon-capture deals,The Logic,https://news.google.com/rss/articles/CBMimwFBVV95cUxQMGotaldZaEFuOEZDc01obnZ5TFZxZ2twMUZ6dHlsMHVtaWowZ3FJZU5ibmJYSHRUMWlXXzFwSHhQVmw3VEhDMzFhSnBuNGQ2TWRGczRTNjl6MXJMYUp0bUQwWTN4SGJqdVVxalhQZzgzVk9Ib0syQWxXa3hhOURISEhpcUFnR0QxbzJSTGs0cFg2ekFUdGQ2WGJ2UQ?oc=5
CNQ.TO,2022-07-11,Suncor CEO's abrupt resignation after worker fatality may signal broader executive shakeup,Financial Post,https://news.google.com/rss/articles/CBMitgFBVV95cUxNa21yME9OWTdMRm1aT3FwUVQ4c1A0Y2R6WFN6ZzF0OU9TWXgxT0l5eFlpRVQwc2hPU2lfX1pDeHFfZ2U4NXJNZjdnQTl0Z0F4a1JOMEVTZkJfbEVSTHUwOUNCMkowR2kwQTJKWVJySV9Xc1dUbEZmeFItaU9FTmozQWlzVjBGMnZ5OTc0V0FpMjJCa3ByVUhWbE04T3U3dzBtYXo1TUVSVXV0RUN5TndHUUlTRnNDZw?oc=5
CNQ.TO,2022-07-11,Binance Failed to Deliver on Money-Laundering Prevention Promises: Report,Yahoo Lifestyle Canada,https://news.google.com/rss/articles/CBMiiAFBVV95cUxOV2JHTGdXSnFZMDVaVDF6ZExRWXdjZ2JsZzV6UkVmTnIzdlVDLVlONllqSlRtQlU2YXZTNEdlM2FfQUxnb3dXOUxmcmlkeG9RMGJUT0pDTXVIVmZFODg0dFVuSnFDSVhrS1haVVNCelltU09IaWRJZklyQTdiMUJXY3VYZ0ZDSS1N?oc=5
CNQ.TO,2022-07-18,Suncor to explore Petro-Canada sale as part of corporate shakeup triggered by activist investor Elliott Investment,The Globe and Mail,https://news.google.com/rss/articles/CBMilgFBVV95cUxPOUhxeUcyZmJ1amMtZVJJRGJUcEc1RDhoRTREZHBKMjl5VFQ4ek1ycHVlakJYMngxSDhfcGpFcWlqVzRkdDV4bWFJQ2xyNTlOaGRoQ1NWSUhkeWpWWmswUi01NDhMdUFnQmV5RmlLMmdsZXlURTAtMmlYN0xfeThiLUF3ZmtYb0RmdEFaekprQ3hqZWxuQkE?oc=5
CNQ.TO,2022-07-21,Amazon starts delivering packages with Rivian-built EVs,ca.news.yahoo.com,https://news.google.com/rss/articles/CBMiiAFBVV95cUxPTDc4MFF1Z21jVU9BaHJWTWVXZTJDUktTOU1kMkthbk5DYXA3eWFfX0FkSFlJX2hIYk4tTFdXQVlLZXZKcncwS2luSDdSMWJqUWdWcmJSTWQzZktzRTZHQlJteDJkb0FXdmFFTXNRbVNJMUpCRE10LS1xajdIeUxPdTMtUHU5dXEz?oc=5
CNQ.TO,2022-07-21,Which 2 Top TSX Stocks To Explore?,kalkinemedia.com,https://news.google.com/rss/articles/CBMidkFVX3lxTE1xQ0NwN0Fxa3l5aS01dVhJWEpvWV9OMG1fT3Ridzh2alBLTnZpcHl2QVRpMkgycEpralA3S0dzb2xSUWoyZldzMWFubmlrUS1mdENVYmJwMTNTZncwX2hEOFdZOEw0YkdxZFJXckNfVF9MaERqbXc?oc=5
CNQ.TO,2022-07-21,Mexico denies energy policies unfair after Canada joins U.S. demand,Yahoo Lifestyle Canada,https://news.google.com/rss/articles/CBMihwFBVV95cUxNa0JyNWtXU2ZYR3ozcm5KUVhDWllOZzhHZnlaTFVXWXlpQU4zcmdVeXV3S1I0X21wZWtDb3BtMGFCTWhOMXoxQlIxZjZIMjJmRS1Nalhia0RuMFQ2Vko3VjNGZFoyX29ZT21STEhlcV8zLXp2M1dlLTc3UW9HQnpQZU5uTFJVODA?oc=5
CNQ.TO,2022-07-21,CP Rail's Keith Creel chugs to No. 1 as Calgary's top-paid executive,Calgary Herald,https://news.google.com/rss/articles/CBMiogFBVV95cUxOdjRvd0Z6dnhWSnpWem5JYnFRQjU3cUpNckNVNklsYloyRWNld29jeGhpZ0FOX1dVMWxGbGdUeTlFeVBmb0JaVkIzeTlOb01nWkVBdXFOTmRpZ0haamtHbzZJWnN4TGNUWDc2M204NzNoRVkwLWRkcnBXOEF5a2tCdFFzSHI3NjNPdU9peVRTUEVXNlR5VnFWVDZuZEprRW0yQlE?oc=5
CNQ.TO,2022-07-23,What is the current Price Target and Forecast for Canadian Natural Resources Limited (CNQ),Zacks Investment Research,https://news.google.com/rss/articles/CBMid0FVX3lxTE5PVHJHNlRtY1V6Q1M3QVM5T0x3YUNvdTdXUmVXZV9aeVVpcllPSl9tUm9NanRXejBXTG8tMk5DZTJFUVpwTlRWQmNMZzJ5Mk9DWUZLU2YwSndsazNTZGx0WkY1SG1wdTVYTGh6aERwbWJpbEE0cUZJ?oc=5
CNQ.TO,2022-07-29,The Shale Oil Play You Definitely Don't Want To Miss Out: It Is Not Permian (NYSEARCA:XOP),Seeking Alpha,https://news.google.com/rss/articles/CBMimwFBVV95cUxNckR1VEs1MW5DQ2g1aS05NzdmV19xNV9GMHVoTVdHMlZVWDBMRThVcUt0VkduNUpiWGI5ODB3Qm8yWURPRDZCbTVrcm9VbjBZQ2ZiaGg2bzNrb3J5eTBKSzdGdDc0QmE2Q25qRkZPcDR1QmRxN2RwT0ZqWVJnX2ZIclpKdTVmX0xSYjM4MDlDMmVvR3VYMUpaVDhDRQ?oc=5
CNQ.TO,2022-07-29,Canada's Enbridge to invest $1.5 billion in Pacific Energy's Woodfibre LNG project,Yahoo! Finance Canada,https://news.google.com/rss/articles/CBMiiwFBVV95cUxNQVppRk5Lc3piSVIzX0tJNWtOS01CaWFuOFFCSktpYTFEaU5kdW1mYXR3bzU5SUF1TTY2bkJQa2FjQjRjUWVTXzVXQmFpcVBSSFFXLU5ycFhBd2otMTNrcVhpcDRndFFYNDVUZTg2bmNxWG43WjVyRVBSOF9RWEdNUV9adDViNGRPS1h3?oc=5
CNQ.TO,2022-08-12,Why buying an oil and gas stock was a controversial decision for this money manager,The Globe and Mail,https://news.google.com/rss/articles/CBMingFBVV95cUxNX0c0MHNZalV3MW5mSGtwYlk2NXBaV1V3a2YxMTNjWlhIZV8wWTNwUlo2d2pOWlc4d0Z5SFduak02SE5COFM3MWdJWmF1VTQ3alFBTGtnNDAwb1pyLV9zeTR1MjZ6ZXdUQVh4Y1ZsdmVOcWFxc1laWUxQSjY5ZmVWVzBTNktWNXlRdk1NcjVXd0dVeXNkQkZBdnVGODd0UQ?oc=5
CNQ.TO,2022-08-14,Top 5 Canadian Mining Stocks to Buy in 2025,Million Dollar Journey,https://news.google.com/rss/articles/CBMib0FVX3lxTFBGQTNKOC02UWUyd3hfU09taHk2MlY4bTVPcXVaODRmZmRmVkhnNkpKZVhzbmR0cHk3SFRvU3Y0TmNMbHdJOGx1b2JCd1Q1ZEtncmg2a0ZfWmZyY2xfS2FuNU9PLWloUE0tbzlBcl8zUQ?oc=5
CNQ.TO,2022-08-16,Decapitalization: Weak Business Investment Threatens Canadian Prosperity,C.D. Howe Institute,https://news.google.com/rss/articles/CBMipgFBVV95cUxOMXdIRVVFVTVPdmlDcFRHdEdQTWV5WVpnNEVmLUhSQ1V4Q2haWjlrNWlUYlprWVlZSmxvU1FKczlMenkyM0k5YzRBY1UtLVVKUGZKaTNFaWpFZk9vZWtPcjFrVlZYdksyc0I3YllRWm5JSFlBdFVCY0lUbmZLVWtDVHFXaTU3eTFBTC04TEp4b0JsZnFBZGtKV19kNm4tdFVsUTJJeDhn?oc=5
CNQ.TO,2022-08-17,World demand for natural gas and LNG expected to rise,resourceworld.com,https://news.google.com/rss/articles/CBMihwFBVV95cUxONjg3SmNOcF9XdXMtMG5GYjBMWjNrQW00U2t2UDMyclpZOWk3VjA0LTl3YmpscWFXWFhkbUg0QjJfR0tBVjVCaXlRZy1oUVZFLXowempYLThKYzN3UG1fUFR1QW1oNnIxMUlMNnFiSVFXWngxd20wVnQyVFZIMDBDNVp6eVNpaE0?oc=5
CNQ.TO,2022-08-18,Canada's oilpatch is flush with cash — so what are they going to do with it?,CBC,https://news.google.com/rss/articles/CBMihAFBVV95cUxPTnh6SnN5clhKckx3Q3lnN1hwcER1azRENDZJNlMxWGowVUl5OXVwV05hOXBNcXVNMDl3NUU0U3JZb0JwMXhlYW5DVzIycDRXazFYODE5dWZaU3pNMnYtRm1JUHBBRkxUb1lLN1A0X2EtWHlkN2hxRUNRQ2VmWmhobjZjSGU?oc=5
CNQ.TO,2022-08-23,"Mercedes-Benz signs Memorandum of Understanding with Government of Canada to strengthen cooperation across the electric vehicle value chain, including natural resources development",PR Newswire Canada,https://news.google.com/rss/articles/CBMi0gJBVV95cUxOM1ozVGpPSEE4RjdOWkljdWFKc3FTOXUtd3BuLUVCRjBMWXBaZE9pQmdQS1o4cEZmUkRKSTVHR0txRFN2ZlRrdGVGX3hWcGhoS1QzZUZ5UmMxREl0b3dNUFZ4eklzM3JPRnBCYlpvUGZ6eUxhRzVCYUFDZmJoOFl4NjJIT2VieUNiN3A2Nm8zQVM3TWxFbG1lVEtGdXNlN19yRlRMZFJkSE9MSkVWVWNhbnRNbXZ1aVdnVmxlUWVobVBlQXVXbmlOUEhnMXVJSGZna3BKRUMyeDZ4RU5JS3JvSE52UVhFYzJ5aVIxazd4dFg1Z25UVnBpcVQyRzZFWG1GWVpEV3FJSzlXdzBnVXY2T19NdXhxamNnbFpmeWdlWDAtYXRMZU1odGJMMFJ0YVlGbW11UWh6TWxVSmEweGtuZGpkdTZUb1RVNFFPdk1LR1kydw?oc=5
CNQ.TO,2022-08-23,Whitecap Resources Stock: To Buy or Not to Buy in 2022?,The Motley Fool Canada,https://news.google.com/rss/articles/CBMijgFBVV95cUxPSGYyWGd1eWpzLU8tUkpYS3dYalFNMFJRWUlSVUwzLWY2bDdrUjhFTHU2MWNVeS1nNWt4aU1HMkhBUGpkamlpWHR2ZmFYeUlBOVQxNm9FRXJuNURXTDc4dnlYeUV6ZkRZNlE1THVIY0J0cTBPejZNaUYxUC1yNnVBMGJlNzB0RnRjcHBQSHdn?oc=5
CNQ.TO,2022-08-24,AltaGas (TSX:ALA): Should You Buy for the 3.6% Yield?,Yahoo! Finance Canada,https://news.google.com/rss/articles/CBMiekFVX3lxTE9nSVpIdko3NkhtR1NiUGUzSFpQcW5jZ0NsdnBLYWEtUldwRF9uUWk3b3p3Z0VQTUUtbnlJNFlNem9XeHRGd3JOSVNGN3EwTzhtb1JVSzBodWtLamhBSlBFZmh3VVowOUdoTURGNXZ0WU82dFdJWm5qcVpn?oc=5
CNQ.TO,2022-08-24,Researchers Discover Large Infestation Of Hemlock Pests In Ontario,Wood Business,https://news.google.com/rss/articles/CBMimwFBVV95cUxNczVjLW9nc2ZzNnBmdTk1Y2tfQ3lhbExuemh5bzJRQXVMa01XeUhBQ014Q2R3TW5TUkd6TWl0b0VVTkd4bHFyemZ4bGJvSGJfWHdfb3JFbE16NjBvSTcyWTZJRTRiNE1TcFlQU2JvVmtNNWtsOHR6YlNFODlSVkRkcTF1QjNyRHVFLXhGLVZ0bzVTc29CcjFqa2Rlaw?oc=5
CNQ.TO,2022-08-25,Winter is coming but Germany's Scholz leaves Canada with no promises for LNG,reuters.com,https://news.google.com/rss/articles/CBMiuwFBVV95cUxOZmYyc3VVX0k3NUgzRGxPLWFYWm1xX0oydGJMQURubzRlSGRIMzRBNEwzN2gzN0dycDhiOEMtcS1VY2FsdjQ3a2RNS3VBb0FobEZheWEybzdpRTRkbjNFMG1TN2xRN1NNYjRMNXV1ZExESlVhMkxtUmdyaGZhNlBTQ3NwSmM0QkxsOFJoSnhsWGlOMFc5R2ZyWWhRUUlOSlh1bjdfWmQ1bzN5ZTBUTkQ1cV9mdFVTdmI1WXl3?oc=5
CNQ.TO,2022-08-25,Trudeau called out for missing 'crystal clear' business case for LNG exports,Yahoo! Finance Canada,https://news.google.com/rss/articles/CBMiwAFBVV95cUxQbjZ5STJ0WkJBZzJhQzVPUDhKR1F6S2hkb0FsZTB2MC1fV2hKMG5qOVBnbmVSVnY1Nm9FUGdjaFFyRjcwRHo0MWZnS3FOYWdzSWh5VjI0a2dVWmpyWE5zMjAwa1hGcVhUQlk3VG1YXzRLTzd0MnlqOVJWbHpuekpPRjJleGdxWGRhTWJ5cjNSUzFxQU8wR0VrNTVaa3hRUzljM052MmpPTHdfc1ZXVEZfMjFXc1UzYjRXcUd4XzhYTXQ?oc=5
CNQ.TO,2022-08-26,9 luxury housewarming gifts that every new homeowner needs,Yahoo,https://news.google.com/rss/articles/CBMiggFBVV95cUxOSUFpalB3eHo4WUJhbWROU1ROWHBzNE52Y2Z1ai1XUUMyY3haWHhSVzliWG1nSHRCTS1PZWZiZlFqRm1WaWJWaUNJcE5abjdsdklxb0xQZ1hsVjhTRG5GNlQ1MGliMXpFRElrM0dDdV9wRnI4VkJxUFBFekd1NXdNS093?oc=5
CNQ.TO,2022-08-30,"Wingstop launches their own chicken sandwich, calls for consumers to 'split' from competitors",ca.news.yahoo.com,https://news.google.com/rss/articles/CBMihgFBVV95cUxNTU9Obk5vM0J6cGtfcmF0SkNMVnZrclNkcFZaS1pDNDJmWVFjOWVGcFozZW1XZ250VGdKSmFORy13YXJITTFhSjk3MGZ1OFFyOHNMSVYzZm41NWw5ck5KOExSVUZfOFVUeTRlbzhCeVduSVZKRGV0RDJKTFZ6Nm9BM2dVZzFwdw?oc=5
CNQ.TO,2022-09-04,Elon Musk Says the World Needs More Oil and Gas -- Here Are 3 Ways to Invest,The Motley Fool,https://news.google.com/rss/articles/CBMimAFBVV95cUxQOU5ldmtDcXhYMk83ZVc5T2cxUWprN2otazZBZjNpbldneTdqVHB6Q3QtOWl5Sm1EOFJKN3VaZzJDR0tkX0NrRUxGazA4VFgzeVFkTXNNZV85bzNRaWdpLTcyb3FqOWh3UjVXbFBUeFNMT2VENnVfc0IybmJJNUxEYWwxRVBpbUZJRkU2cDUybHQwZFBKb3hsTQ?oc=5
CNQ.TO,2022-09-05,Invasive insect discovered in southern Ontario could pose risk for hemlock trees,CBC,https://news.google.com/rss/articles/CBMieEFVX3lxTE9VWVhoM2dBVDFzXzVqUTN1T1JYY2llZTBKMDdDQWJuUGd2Y1AtM3RPQ3hka0oxTFI0YWxqdmE2Y19FY3hTT2kzdmVrNjRjTVpvaXZfblhyOG1nQ1dLSmFwRjlHSHRCMlFteUdhNDJxT1Y4VEpkYmx4Nw?oc=5
CNQ.TO,2022-09-08,Pason Energy Stock: Digitizing the Oil Patch,Yahoo! Finance Canada,https://news.google.com/rss/articles/CBMiigFBVV95cUxPZlVISU9JUUtoQ2l3cF9aOVRaTVc5MGJESDRRbkZOcXlkdHVWM0ZrWmZXZEhEc0E3cTBRSmdkbS1xMUltSGVkZFFPVDlLQkhMXzB0OUt0b0Q3YU5aV2xDcGtyNG91bm5YY3dMVVhwLUVJRVZvTkQ0MGdabVRWMERZc1ZyMWcwTUZ5ekE?oc=5
CNQ.TO,2022-09-12,Canada's largest natural gas producer expects 28% more cash flow in 2023,Yahoo! Finance Canada,https://news.google.com/rss/articles/CBMiuwFBVV95cUxOdW5OYWRJVFl3U21TNkVfbHhfMERHMmFwQ0Z3SHppeDZzZkZNbEpyYk1rajVVYzYwTTY2RUpCYVp4Y081enRhM0hyWl81VjJRRllEcXRYSzlDMVZQMmM3VkV4NU1acjhFOFJrMWgxbk9MTTF2TWhlbFMxWnI0c29ObVUyTzROVHcxY2tlT01fZ1hSM1FWUXJlb0V4ZktMclZwQkotWk5pYy1XOWE5aHFwOE1xUzdSTG04MjZz?oc=5
CNQ.TO,2022-09-14,N.W.T. forests absorb more carbon than territory emits — most of the time,CBC,https://news.google.com/rss/articles/CBMifkFVX3lxTE5oQjJlVUNCWVF6My0wM1VuS1dWdHQyYUlLWDRjX2ExQWoyUmE3QUcwbG40NWhCRHpkMU9iemlQS1FVTDRxeGRDcWg3SWh3ZDdKWkVtV2JIMzJXSWVWOF9vemtJX0hhZUNKcGpaSXR0UnNCc0wyc3R2NTh3ZF9UZw?oc=5
CNQ.TO,2022-09-20,TC Energy CEO François Poirier comments on global energy crisis and growing LNG demand,TC Energy,https://news.google.com/rss/articles/CBMizAFBVV95cUxPT0QycDVXWHdJSDU5d01JX3hkUUhRUk1zaGl2UGxiU2F1ZTA5VFRFdmpxMHhkdVV5RDRaaDY4YXVUVXhkXzBDODlhejBnbzZvXy1jNWVYbjN5M203T2JYem9US29ORG91ZnZ4dXFXcWZ4clRFNUxWRVRHZVRZTkhsczRWTDZZTnRLdG1WcVBER0dnTkJoNGFlMEJYcjg0RDc5UzdMZ3l3dTkyN0w1QW92UzAtNzBSVXlWMEdTV3VFQWYxOEFkNFd1SVpKc1Y?oc=5
CNQ.TO,2022-09-20,Only Hot Air? The Implications of Replacing Gas and Oil in Canadian Homes,C.D. Howe Institute,https://news.google.com/rss/articles/CBMimgFBVV95cUxObzBiNFcyeHp4OWxhZkN6NTJCWnE0dkZhNXNoZU1SRXlTelJnUE85RmNhbnI2VFd4ME96VHZ3RDRlWjdlRnRHN01rUUxLcjdPNEdpXy0xTXhKbjJROF9PQXlUekx1UnpkMC1QU3JoVzctdUtRaHFhWUwyTTJLNXZGRkwzN0JsVWlsZmlydHM4TEpidFhLRzhtdTBn?oc=5
CNQ.TO,2022-09-21,Toronto Stock Exchange TSX30 ranking showcases top performing companies in the last 3 years,Mugglehead Investment Magazine,https://news.google.com/rss/articles/CBMitgFBVV95cUxORkJmSS0xQU9PSUVsczUyUW5YOXprOVZGR21oeGFuc1RNdnhFaDRmTjlaOVpFM25KdUZYTzlPVlNoRUpZekpKZG52QWg3MnlaZ2tYNVV6RzlpV2FkSzNqRUt1RlR5eDVwVnhoRVhLdTQyVFFvSFNpbWhYRzBaWXhla05tWl81WjJjNFA3YVpqYlVkdFhTZ2lhWloxUHEyY2hrZExJYm92ZGNXd3J3eXNFb3VIMGF1Zw?oc=5
CNQ.TO,2022-09-23,Building a TFSA? 3 of the Best Canadian Stocks to Buy Now,Yahoo! Finance Canada,https://news.google.com/rss/articles/CBMihAFBVV95cUxNbWNVV25BMm15UWtmOVVkX3FaWDZWR3BPNkE2cTl3UFVCNmFFXzRtb0MwUTdRN2hpZmUzVEIyTzhfQkdJWWZWLWUxbExzYXNlZ0NjSXJ0RHd1V2NKaXRxTWpSSmNOcWRpeFpacW5qS3ltOHRxemszZGlmRFM3ZnZzWmFyNUI?oc=5
CNQ.TO,2022-09-26,Oil Stocks,GuruFocus,https://news.google.com/rss/articles/CBMiVEFVX3lxTE9OSHZYaW5MdXFFdlVzRkowOUZmX2dQNUlKbHNncmxnYVdPRFZTLUNEaVJQQVh0WklLeDhCUmEtVlBkMGVqM0I4bDR4dHkwVmRLczQ2LQ?oc=5
CNQ.TO,2022-09-27,"TFSA Wealth: How Top Dividend Stocks Can Turn $10,000 Into $185,000",Yahoo! Finance Canada,https://news.google.com/rss/articles/CBMihwFBVV95cUxQcEs1OVhPbGdpb3J6dEpZQXlkNXAybkhseUxxcEV5MnA1a2w4bGlEdjBHcHJYd21JQ29jdGwxdC1iQTNKaWQtSlhLSk1tNTc1WTVlLXhXZEZOTjFEcS1YcUlva3ljN2pnYlVWWHY1SzlRREZCZ0lraGFqVngwNlBsLTZZQnlyMkE?oc=5
CNQ.TO,2022-10-01,Own All Six Canadian Bank Stocks and Earn a 4% Dividend Yield With This ETF,Yahoo! Finance Canada,https://news.google.com/rss/articles/CBMigwFBVV95cUxPR1NfbV9QYndyQnBDQ2lRWmRyX3hQUzdWWENOMGhhSjlqM254NGE5U2I4SzRoR3AySi1oM28yUTl0dnlwRW1NR2syYlJDdmVWWldZSkdWdGozdS1yVjYyc21VNXUtYkxfbWYtbWY0OWNkT3RDMzlMTDQyN1VwTGd5Vy1hZw?oc=5
CNQ.TO,2022-10-02,3 Canadian Stocks Warren Buffett Has Owned: 1 Will Surprise You!,Yahoo! Finance Canada,https://news.google.com/rss/articles/CBMiiAFBVV95cUxNeFZnNWhva25oc292cFg2VGotNDlGWU1KZkdvc09fSnZTNktxbVZXRXFZTHZUTE92bDl6QXRSOXdrVjdFcHVLcmN5VWdxSlRrTnc2TVJ1NXVUSUlzaHNjWmc0X1dxaGM4UUVHZWFrTEJLdWNYQ1EydDEyLWNUdVVpZ1lSRXZ4ZEpH?oc=5
CNQ.TO,2022-10-04,Get Passive Income of $120 per Month With This TSX Stock,Yahoo! Finance Canada,https://news.google.com/rss/articles/CBMigwFBVV95cUxNdWNkSFRrTXlGZXNNWnJYeUFhM0M1M3FzQ21KY0otX01pbmxJZExuQnc5OEwwdi0zNEFMRF9za2wtZm1iVHp5Q09qcXo2RGEwU0pvc3E2OGg1Z3hsU3duOTZjazdFLWlSNDdmS21ZTVJ3andxZXNGbno1SUN6U3ZGQUgzWQ?oc=5
CNQ.TO,2022-10-07,2 Top TSX Energy Stocks to Buy Right Now,Yahoo! Finance Canada,https://news.google.com/rss/articles/CBMifEFVX3lxTFA1RzdRT2xLdDR5N3JFM0JGZS1JTVRsVllPY3NpWktEXzhvLU44NUhfTkVfM2dDSnlYcko1c2tMZGFXV0R4Y3FrRlBnTlRWeVp6VlcyaC1zTWVSSVFQS2VuUEV6dDc3YkNzUGtyR0xCZVpISXMxLVlJNVdTWEI?oc=5
CNQ.TO,2022-10-10,"VDY Canada ETF: High Yield, High Concentration",Seeking Alpha,https://news.google.com/rss/articles/CBMihAFBVV95cUxOanhBRkFrZnJBS3d2SElsbkhGNDlvTFRNV1laOVFjU3dfRnMtVmg1UlRGelkweUxtaGJ4b2hSTGQ3TktJVzZoUzZ5eTNmUUxBZTU2ck9SUVFVYi02UHBieXJ6bm13T2NsUEFzWk1QcW5ibzFtbkxsSDlUcXZrQ2ltZmpXOWk?oc=5
CNQ.TO,2022-10-23,Surge in Commodity Prices Brings Drilling Boom to Alberta,energynow.ca,https://news.google.com/rss/articles/CBMikAFBVV95cUxPSDRwQWRhc1U0SzYzaHpuOWZiVks3bnBXaFlHX1VBSzJja3E2eWZzRWFOcy0xS2pIYzNiaHp4RXF2NGYtUGRDbTkyWGZRdmpmSXhRQ3pheDNkeGhlTGtHOElYcFBiVzQyaWJERW90Tk5qX194VDBoZElaUC1vaUN3bV82amFSQXlnX3ZhWFA0a1Y?oc=5
CNQ.TO,2022-10-24,Telescope Announces Engagement with Natural Resources Canada to Develop Lithium Refinement Technology,TMX Newsfile,https://news.google.com/rss/articles/CBMi3gFBVV95cUxNeHozZGZCVHh4eE1EVE5JLTE2cjNhWE1adWIxeDFuNTMxZDQ3TW53T0s4T3VuS3FOZzlUR2F2MWJTRE1vVGgxNjBVX2xoSXczelAxMGJISFI2d1BvdHl6NjB5bm9zQUJiY3JYR3YtRlpTN0dnbW85WDV1UWZ3RGRoTV9fbW5FQlNveUowclY3MGVLVzZCZDNSalRfenVVWlhOOW5WbzNJMU5sWU5DUWJwLU1ZSnY3ZDM3Y2VKR0pQMDlFQ196eXV0cGlNQkNfUm9vMWhWY05ZcnpHQTc1UUE?oc=5
CNQ.TO,2022-10-25,"If I’d Invested in CNQ Stock at the Start of 2022, Here’s What I’d Have Now",Yahoo! Finance Canada,https://news.google.com/rss/articles/CBMigAFBVV95cUxNNGFNem1Tb2Y0V3FXdTJOeWhBWWVDOE5uZGc3MS05NmIzendSeFdIME1Yci05TEpqajZGZ2g3MXE3SHl5RnBUa1g3QjlYQVRJdWs4WjcxU0RKXzhtNXpob3hYNkpPTzRJVVY4Q2tUa2RMZGgyazFSS1JBbWtzSXZySg?oc=5
CNQ.TO,2022-10-26,Canadian resources coveted by Asian superpower,Business in Vancouver,https://news.google.com/rss/articles/CBMinwFBVV95cUxPUkVDakZ2QmRFRW9CNzRrSEdSSVRBWnI3RGlsTGotN1J0dXAxVjFzLXdxOW1pcjV3czJZUVFUc012Q1dENGxadkYySjNDUUhUdVFnN2Zqek9SNGhZRHJDcGVwYUcwTnp1YURKYWd3UTIxWWQ3OE9sRnNVNmdsY0hBX0xaemVLMVdMb2NjWWZlbkxfRlpHbUNodktxOTI4elU?oc=5
CNQ.TO,2022-10-28,Kalkine : Which 3 TSX stocks can retirees explore today?,kalkinemedia.com,https://news.google.com/rss/articles/CBMiowFBVV95cUxOY21fQ0Z4bVE2YzRyNzF6clFRM0EwLWZrZ1U2OUhIRUNwcE5KM0YyOHQ1WkJ0NXR5MF9FMmtsRl9uSjlyM2xQN2FTSVZEQkN1N1l6ZTFJbWdmdlgwY3dieW42NTFqSi1abGdWVmwxRE5xQXBjbkhEajNuLVByTDEwMlRNVVQ3SFhObWRBNTl3RGpTMC1paWsxUURwRHVsTnpJclQ0?oc=5
CNQ.TO,2022-11-01,Canadian natgas firms warn clock ticking on Montney shale deal with First Nations,reuters.com,https://news.google.com/rss/articles/CBMiygFBVV95cUxPaFBqUXVEbUJEWnJfUFRUUmoySjZDdkVUVkQyUUF4d1lqNTNPbXNNOWxRSnBEd0lEdE9KQlcyT19Nd1k1RGg2ek5UZlFuWWJYRGk4VkdTWjlTU0d1N081WUZGSGRCdEMzTnJKTTRxcjZmM1NnNWtKaDlCNGJ5SUNkSDYxOWtRUXZGeGNWTFdzM3V0cENHdkZNMjlkT21yX1dDcjUyVWZCb3JlTVdzX2pDN2FpQ05WMTV5ZWRuSy1mUVMxQ3JQd0tmcy13?oc=5
CNQ.TO,2022-11-02,2 Oil Royalty Stocks That Give You Full Growth Potential At Half The Risk,Seeking Alpha,https://news.google.com/rss/articles/CBMitAFBVV95cUxQQnVzSEhnOU1udVNuV3Z2SFh0dk1zTFdPU3JNeWNsQlFqZG9fN2hTLVlKME1ucnlyN0RoalJZQ2dsdEg3ZHZzVzR5X0tCOS1wQWtrVmZOcDJMVFJob0hLU1Q2SVdFTEt0cUhfcG5SZUFxUE5wSlpWVTQ2akJxY2YtWkJfQWJUaGVQUi1aY2J2eVNwU2JUb096cTJBV3RIQlZMRHRDVjE1OFI1MGFBc3Z5dlkwM1Y?oc=5
CNQ.TO,2022-11-03,"TSX Today: Why Canadian Stocks Could Fall on Thursday, November 3",The Motley Fool Canada,https://news.google.com/rss/articles/CBMimwFBVV95cUxPRWNsYXRRamdPcTF2LTJ4dWhyR3dKVWs2Z0RvZEx6SEhMUkdlZnpMNFhmV3pMSDNtY0RyZEY1d3dBVXpPcTN1V1Q2MXI5aUJxUHRHbEdHM29CS0tEZXp1OV9DMTh2OWNwNmppNmFPN19tZjZRa01ZWmhDTHFxeVI0OWJkV3A5T3RfeUV5anpGUVIxVEF1VGhhUklNdw?oc=5
CNQ.TO,2022-11-05,A tax on share buybacks will hit the oil and gas sector. Was that the whole point?,CBC,https://news.google.com/rss/articles/CBMijwFBVV95cUxPQzZqRkkyaGs4Vkk3aDBMSFQ1NUhBZHJISzNlTVhvWl90blA2YUlRSVdmZV9GVTZFMXlhb3JBMFI4ank1LUtkU3E5UzNwTTNyQUNOVThoT2FZUml4dE5kMTRrbWxaZWw0N2dRNFc5TG44Z18yUWxWQ2pSUV9uYkZ2SERNQ3BBLVo4NEppU2hBcw?oc=5
CNQ.TO,2022-11-07,"Top Canadian Stocks to Buy With $5,000 in November 2022",Yahoo! Finance Canada,https://news.google.com/rss/articles/CBMif0FVX3lxTE1FMWo1LWltQU12VzB5R2Q2aWtWWW9XdXJGdlI2NE5KSGxfOGppMUNwZUEtRDkyLWZtZF9ldFI5WlRrZGFrcjFfZzd2Q29qVEh6c1hMZm9lc3FkTG5USzcxNWdoMjlmZ09uZUpBNnA1ZDE4U2JTU0N3SWhHNzlQSXM?oc=5
CNQ.TO,2022-11-18,Kalkine : Why did TSX fall to a 9-day low on lower commodity prices?,kalkinemedia.com,https://news.google.com/rss/articles/CBMiswFBVV95cUxPQ2NwYWEySnZJUlFINTFBRGhJYmptcTBjVGpSSVl1Xzd3QXFqTW1tMmhBcTBkQzVtVk9ieGs1N2d4ODBIVHQzOUdTa1ZtWVNUTG5zcTJmVm5kR25lN2lEYzBnc05uWnFGYnF5OG0yQWlfWmlYckpuR3NOX1RUM0lreS1sczktWVVZakVwb1FVVGFXcDJOSTZ2ZHlnR2pMVFlmM3hBSEoyZkdWN091ajRvY2E5UQ?oc=5
CNQ.TO,2022-11-23,Aging chemical-warfare defence lab doing cutting-edge research in Alberta at risk of ‘catastrophic failure’,The Logic,https://news.google.com/rss/articles/CBMi0gFBVV95cUxPeDdEWlpaNEFEWE8tX3BsRno4OEF6c0xyQVJBWDFoazdod2xIeF9haVo3NlJ5ZnFOaUdPRTFqWnpodDZCelA1MGxKZ0FSa0JkNWdia0xFYUdUSTdkY1ZPSGd3TkxTdElFd1RNQTBrRnVHUF9YVFVHSlhDbHRza0ZoZzVlN0FSSnFsTGZpeFU0a0swank4Z08yd0lVczQ2TUQ3MHdGc1NXVEx4SXlhUXlCT05ES0VGMjR0cnVaV05LdkZPN096QmRYaWkzZEpFRkpWcXc?oc=5
CNQ.TO,2022-11-24,"9 high dividend-paying stocks to own right now, according to a company that ranks them",Business Insider,https://news.google.com/rss/articles/CBMikgFBVV95cUxPd09JZVNuQUpCM0ZUbzBGX1BrZmpWZkdBS3I3dFB2cXlUaVA3OEpkSjc2X1ZWZG5KbngxcHBBdUd5cTh4WG54MXdqY1JWM09XUkxScU5OY0RYS3VISWc2WkNoclA2RUhEUHhCcDc2QWtNZ19kNUNEVlY3azhLZ0d6cEtwT2pDdDFTV3lMbkNBdnhkZw?oc=5
CNQ.TO,2022-11-27,Oil Stocks Are Showing A Peculiar Disconnect From Crude Prices,Crude Oil Prices Today | OilPrice.com,https://news.google.com/rss/articles/CBMirwFBVV95cUxPam9RZWtma3dUZHNfSGtfQnV5X01OdmlTR2FuNTlobUFTTGVpa09hbkhWbmxOS2c5RlFpbF9uNnB1TEhHbkE4UEM3NGRLNFRweHRPQTZVMFp2TlFzbTE2emlBYlI0Zk1HMVEtVWc2Yl9KZ2FxTzhQSVU2dHNpcU5oekI0ZE9zWW1pZGhrWlk5Zkk4WVN4Wkw1UkppY2pXWU8xNFlNdlpuMVdTOFpLdlJB0gG0AUFVX3lxTE9wS3hpZ3NZTEtBcUxfaUxscmw0NnBHVHZ2NE0xWTltdnBJNGpZdHdxdW9oY0xTbVhvRGllWWFyYkxKNkhCZTBuUG8wNk1JTWtHSy1GZ01fd3B3RXkxMjVyLU8wVTNvVXJHa1k1NE5EVzBESG5uNzhnM1hkMldjeEY4T2dLV2Y0ZHh6dk5STUM0N0h5MEdnVmltZlowT1I3aEV5a05PS2ExaWI0VTN4a29CUzFJdg?oc=5
CNQ.TO,2022-11-28,Amazon Prime gets you exclusive Cyber Monday savings on the ThisWorx small car vacuum,Yahoo Lifestyle Canada,https://news.google.com/rss/articles/CBMigAFBVV95cUxON0xqaUxqb1RCRVZFaUlHek1qejVEZkpyQnREUEhxRFVRellQUTBja2ljZnc2LUphb25oWGpqXzI0bkx6b3lGTENtQ0FwTTNKbkpZN3FHOC1jNlRqSGUyeUpMZHNjd2xrdDBsMWRXb0hjUVJZZC1uVVIxelUydUoxSA?oc=5
CNQ.TO,2022-12-01,"Canadian Natural Resources Ltd. (CNQ) Profile, Company FAQs & Facts, Industry, Sector, Employee Strength",Stocktwits,https://news.google.com/rss/articles/CBMiUEFVX3lxTE9iUnd0eDRFendUTVNmU2RFUm1kd1lyR1Vsazd6eU15cFRCUHBJYkdpQ2RUSkZaeEYwWkJtcTRXNm1KZ1p6RjdNTEVVelcwREpS?oc=5
CNQ.TO,2022-12-04,3 things to know if Enbridge (ENB) stock is on your watchlist?,kalkinemedia.com,https://news.google.com/rss/articles/CBMiowFBVV95cUxPeTdQNS1STi1DVHdIUHU4QjlUNllhTm9jLWpuT05vaWRnSzJEeGQ3OUxpWkJIRTZOWUZINjVSX1NxTUdOSmx0LWhsTFlQdVN3QVFmd29uaWR6YzlRSVRtc0xiN3hhZzdYc3dnRXJYZGtRb3hpZWtiQ2RQcldQUDZSNGQxLVhhVlFKOTU3M2xqMHdFZEplV182OVhnaHVhZ2k3c1Vz?oc=5
CNQ.TO,2022-12-05,TC Energy wins approval for NGTL pipeline expansion but shares slide over ballooning Coastal GasLink costs,Financial Post,https://news.google.com/rss/articles/CBMi0AFBVV95cUxOMVRXNXBaNW00X2JnYV9LZzAzMnBSa2hXZWtTVmxTUnNTUjF1em5CZnB4V0R1bWJZSnhRS09lZHFXNjJQNVk1RUJ3LWxBOFF2SzlFVGRHMVZKa0M0SGNlb01pU3RFZTF6SDFjWjBZQXJTRHRGOGRBbzFiSGJOTmVFS3VZbktudGFaYW1IbVpGY0hGRWpXNlFnTGlfamRHNnhnU1BpMEowUWRIUk1GczFmU2t3SE1nUHdIYTdRQXpPU0JpN09Vb1Y1Q0hFQi1fcmRa?oc=5
CNQ.TO,2022-12-06,Canada's Cenovus forecasts 21% increase in 2023 capital spending,Yahoo! Finance Canada,https://news.google.com/rss/articles/CBMikgFBVV95cUxPVEdSejF5TlduQkxMbWNyTXZXN2JfVk9reXBzdWQ1MFhuMnFwOEs3ZFZtUnl6LV8wTm1nSVdVWTR6NHppVmpIYWdUTDNPWXNuS2FkclI5U0FPQy1tZnFRcExoVW1jMnkyM2JhMHR5OXkwWHJvNG1Rd05IcjQ1bHBJZzdxQW40UVdyRmM2UEVaTjJ4Zw?oc=5
CNQ.TO,2022-12-07,An independent study shows Binance has enough reserves to pay out all customers holding bitcoin,Yahoo Lifestyle Canada,https://news.google.com/rss/articles/CBMihwFBVV95cUxNdXoyLVh4QmdQNEJGdXB3MEJJTmZIM2dPMUh5Q2Jxb3Q4dGVvM1hJemFQWXVCcHV2Tm45X0YwOHNuNWRyejMtaHluSVg4MlVqM2RrY2FTM2duTEo2WlJuUkhKc1JaamgwYU9QT3VBemRlV2hGZmJWRGRGMEFjM3pyUTJxSk9BMkk?oc=5
CNQ.TO,2022-12-08,Disney+ launches its ad-supported tier to compete with Netflix,ca.news.yahoo.com,https://news.google.com/rss/articles/CBMif0FVX3lxTE1DTHFGZXo2aU1lQTVtc3hNN1JoVnRMa3UzSHAzMEhNc2MtOFZNLWd1aDgxYmlkb05ybHVva3FqNjhJRHZ2YVZaRy1yZDlzWkt0THg1N3NXWGc2VndVWGE5MTZvQllBajl0TzBjZTMtalFyUWdGcW9IdWF4NEFCVEE?oc=5
CNQ.TO,2022-12-09,Ottawa sends 'very clear signal to Chinese investors' with tightening of critical minerals policy,Financial Post,https://news.google.com/rss/articles/CBMimgFBVV95cUxORlFjZmN1RkU2aUpTeTlwWnBOb21uYjVIYUpPR3pYcmtxeE45Q2VvbS0zemgtbjh4aWFpTkhiSEl4dkZjVDd5d1ZMaUxQSzJlRE9qUWx0bmFxcWV0VEUxMmxUa0thOVhkamxITURhdGhEUlNkWmZwLUpyS1RLS0RHdHItTENMZzJqMkJJRDRXUUZKcVUxM25XR2lB?oc=5
CNQ.TO,2022-12-11,Better Buy for Rising Dividends: Royal Bank Stock or Enbridge?,Yahoo! Finance Canada,https://news.google.com/rss/articles/CBMiigFBVV95cUxNMUJyWFB3VWsycWNscV9YdTNTWW1LczVjc3lrSTh3UU42OVNyV2NxUGxJNTF0c3FYRlpmTmIzMG5MeDEtMWxVVE1YNGZGVG1BWDJ0Y3Q4dnN5NFdOOXRDZUdnWmxWV2hjWlg3VzllT0pYcU9ESG43MHpkYjhsdFpkM3hyYU1iMFN3SXc?oc=5
CNQ.TO,2022-12-12,"Canadians have lost $500 billion in paper wealth, but there's a silver lining",Yahoo! Finance Canada,https://news.google.com/rss/articles/CBMiiAFBVV95cUxNcUFTNFpnbmZwUEZ4b2xUNng1aUpDa212OTZHNVk4bE1sYmJZS2VFdDRKamRsbmJaT0R3S19UdmJOQW1ueWRaejVoOHRyNWRGUHVXbWN0QThCMjBVaWxHdkRzb2ZiMnpVRG5HZHZjSUZRNkR3RTNsN1pRVlU0Z2JYLUJZN05CaVdw?oc=5
CNQ.TO,2022-12-13,Tuesday’s analyst upgrades and downgrades,The Globe and Mail,https://news.google.com/rss/articles/CBMivgFBVV95cUxPaGtWN1VhbXBua29FWnAycERWN2VLWnhjbWZFdlM2NE1yUS1wWEEzVTl4dGRnMmZMQ0h1UzJqVFBwVlVkaVpVS1UxSVN0S25sZHB6dE1raDViUnYyQ1JpSnpIR3VzcjJxNS14a1padHJ6cHN5Y3d2by1neVZUTDN3QlBLWW0wRVp5MHowSEt6cEJfbzYyN0JJUlVJMnEteVpFZ2hoajNMUWMyQ1U0QzNTZkxuX2wtNWFPZ2RDUXFn?oc=5
CNQ.TO,2022-12-13,"GSY stock is a clear Buy, says Beacon",Cantech Letter,https://news.google.com/rss/articles/CBMifEFVX3lxTE5qM0l1UDRPY3F4a3EwYzB0V180MVhXUjlQSjNhVEdZWW15R09tdE9kZk4tT0FyamJPRmowTENJY01rUnlURVRzV2sxQjRmUFV5WFZsRTFxTUxNOEliR0JlQ3BOLTQxYjUzUFJGOFpJYUlxazdRc09fXzRMSjPSAYIBQVVfeXFMTTVCVkgtNmVwTlFYdXAzYzA2UWVrRWRXN1dFYnZQaHk4MDZZdnhUOTMyQmp0WVA0RUtoamk5WXZBQ1ZFZG1MSTlqZ3VyVERvUllmdmZDYWFZNjV4bUxtcHctbkExOWNBTmJZZmJqV0N6bjV4ekw3TUlGcjdEd3k2R0tJdw?oc=5
CNQ.TO,2022-12-14,Canada unveils critical mineral strategy,Metal Tech News,https://news.google.com/rss/articles/CBMirgFBVV95cUxQaE1XWU84S2RBbl8wbEc2R0tMRDVBdFJLemlZSmtlUkJtcEhZNkVOMU05VWppdkxOa2pxVVlra0duZmFNa3ZDVTZ6NmRlYkcwTU04UjA4dHdPZkRMMEZnakRKWmNVbmpRTmNXMDJIVDVLVVJDM2VBRlAxOXk0bTNqZnVlQzREanlmWUlWeUhFLVVyamRmcFB1bklDVDV3aGVUZnZLQnBIbXk1anNmZmc?oc=5
CNQ.TO,2022-12-20,Prairie Lithium Corporation Enters into Agreement to be Acquired by Arizona Lithium Limited,Business Wire,https://news.google.com/rss/articles/CBMi4gFBVV95cUxOV1FwTUlRbmx0TUxfSEtpdUtWY2YwMTNNUlYwOTRXdGVrSFZEYndQbHB2N2VET1pPSGZlbmtUQ0M4RWJ1WkwtaDhNVkNlU2FHa2hUN2JQdDgyaW5fMXQxdVpNOXA2Z3hXOF9hRUlTZFJxMm1BakpsbDBqeTZPa0RFSHd0UnhQQzZJbGthTGFmSUJJNWRNakMyMkVFdEwxSEE4S2xiM0U3WV9ncXNCbWdPTDk3Q19kd1QtQTZnUDlKdFdXWGl2VmtVU0ZkbXQzSzRDSG93T0JqOFpaeDhJZ1BVT0FB?oc=5
CNQ.TO,2022-12-21,How federal government departments are adjusting to new hybrid work rule,CBC,https://news.google.com/rss/articles/CBMimgFBVV95cUxPRjdZNDh6c3VrZ2w3U3M5dlY0VURieVN6NW1IaERBdWhFQ0JwSzNINEkxTlJDS0x1SWhUY2ltRGw0a2ZEa2R2dWlUaU5JQmNHS0JNanNoZWlNZVhRQklzY3VsQ1dXWGJhYjBKYnpKVThBbV9tUUtHd3ZsOFlBb0lrT0xjS1JVMjNxREJKZ3dCUHVUNFdlLU9kMTFB?oc=5
CNQ.TO,2022-12-22,FP Answers: Are Canadian depositary receipts safe for a retirement portfolio?,Yahoo! Finance Canada,https://news.google.com/rss/articles/CBMikgFBVV95cUxQMWtORGpYdXh3OEtLZEg0ZE01VUZSZEJPTmg2UDZ5cFdYZmYzMHlTQXktQkstUHc1OS1ZMTZ4WGV4NWlXWEZNSXFTX1hGaDdCZjk1ck44NFVMTHltTmNfYXBhWjJKNnhOZmlXOW5MeVMzRF9RSHdiMlJmQzh4azJYVVJ1TWxlTkgxOFN3SlRHaDFfUQ?oc=5
CNQ.TO,2022-12-28,How Canada’s Top 10 Oil & Gas Producers Are Working to Reduce Emissions,energynow.ca,https://news.google.com/rss/articles/CBMinwFBVV95cUxPSEttbVp1aDJFdkx0MGdOVUhMNVBlZ1N1d1dud2xkNUx4UFE2S3A4WXFYQnNMdnNhTXJSRGVlUmhCZHdPQXhraVVLczVLSVpNMkhwcFNyYkJVMWM4QlAzVDlVeDliRDYya0pGQmFxa0hEYVhFeGZUVERvWktIN0p2THFzZnM3X3d3SkdfMGU1SENFSTExUlV4S2czd0dMUVk?oc=5
CNQ.TO,2022-12-28,Natural resources comprise more than half of Canada’s exports compared to 1% for ‘clean tech’,Fraser Institute,https://news.google.com/rss/articles/CBMiuAFBVV95cUxON1l4a3YxcFRnNUVURU5ROFg1NzhRbUY2Z2RIOEFlNDBvaXAzc2EtQl8zeHhGM2xhUm9fUkVwVjdGcmxTalRacEwwdE12alNhR0VmaGZ2a1BzMGJwa2d5VXlBZEVkMVc5Z3NsMnIzeXlyYkkwNDNHa3FCRnk4dFpsVXFLSkwwUGpyOVJET3c3UkdXcTZ6aTBkRXRRYXo2UEthellyZ2RIbm11Q0JJNEJWd2RpaDZnUjBF?oc=5
CNQ.TO,2023-01-03,Eight Canadian stocks named to RBC’s ‘Top 30 Global Ideas for 2023′ list,The Globe and Mail,https://news.google.com/rss/articles/CBMi3wFBVV95cUxOMzBzSWM1ZFRvOGRFdUk1b2NwQVFzTWpWMUR1bGFlaTZLcXN2bXRSZDZmUFpDREtPTUN5RlZNWXJDSE83cGVxM0s2VkY4b3RQR0pzaTZ2cEsweHoyQVhST1VIbC1KbEpmWlpmbVhzYzBLc2V1SHBWd2R5Zm1pOUlJQkRwaURVNFRCMm4zWXhra0RXM0J4MFZDaUNqN1NnZFFsM3l6cWZQYzkzdEV2cU5LRzdkQzFBcGlYckN6NFF5V01SVW5acGlEZTY1Vzd0VmZveGpCSURuMnNYZzJVbGF3?oc=5
CNQ.TO,2023-01-04,Better Buy: Telus Stock vs. Canadian National Railway Stock,Yahoo! Finance Canada,https://news.google.com/rss/articles/CBMif0FVX3lxTE1xY21BcXYtZV84Uk0wVWFaUXZHanN6aG54UVNBUEtuUjVoNlQxNm5BeGFkWnczNWZQQW1mZlE1Tll0cTVaUERPZ1VyeW5JbXpWR0JMRWVuRERKVjBCeFRZd1RKbmh6MEFzNTdnaXE2M2VPbUdmRVlrSkdpMnpKbnc?oc=5
CNQ.TO,2023-01-09,Integrating carbon stocks and landscape connectivity for nature‐based climate solutions,Wiley Online Library,https://news.google.com/rss/articles/CBMiakFVX3lxTE1zN2g4dlowa3lEME56S3YxR2YwNC1SdV9xU3NwdEJjbElvNXEtNU5QUmNmSmxaMG1ZSkpLMlRYYW1hRU9QRjFqQURuZG9ST0Jzc0QxOGV1MkxHdnZ2RXk1YU1aaVBYeDVaMmc?oc=5
CNQ.TO,2023-01-09,3 Cheap Canadian Stocks to Buy Under $20,Yahoo! Finance Canada,https://news.google.com/rss/articles/CBMiggFBVV95cUxOOENaNElPakJNUHRaRzlVNWN2MGdPXy1ZTTVBQ1MxRU52WGItSE1GRzZ6RmJZVEhOc3ItYTAyNE81SlpYMEVYTWNKR19hSDRrcjgybWlGZ21uZE1yYlFUQWJ6MkRsaDAzNzR1dFltUE5IQW1EbW8yNEFocFc4V2ctMWF3?oc=5
CNQ.TO,2023-01-10,"Want $3,600 in Yearly Passive Income? Buy 1,000 Shares of This Canadian Stock Now",Yahoo! Finance Canada,https://news.google.com/rss/articles/CBMif0FVX3lxTE5NelRveE9NSWNyWTU5eEV5YVZ0OVhFTk1oSEZNTGNpMWRlSFBmVURFZHF1MWsxTnNobkdkeEs4cGZoMnF1SkFpOEFZODkyZzMyWEE4UEVzaExOWU50ZmFPMHRBMmJrV1BDNko4U1VSenZkVlJZVkZjTk5jb0tRTEE?oc=5
CNQ.TO,2023-01-12,Canada’s 100 highest paid CEOs were paid $1.4B in 2021,The Alberta Worker,https://news.google.com/rss/articles/CBMiiwFBVV95cUxNaVpIWjEzenlaQjVUY3dNQk1tcFNsN2kzTU1RR3NxWlF4SW1PVUNPNTNQVjlNdGtLRC1PMG41a21Tak04S1BONV9yN0FNTGZKNHVOX2VlZlVIdVFmTEZmTGYwdXlZSE1oTldMN3FVdU90anRwZzE1eXY5QXlTMThrdXNzQ0s0X3pKdnVj?oc=5
CNQ.TO,2023-01-16,Why Trade ARC Resources For Tourmaline (TSX:TOU:CA),Seeking Alpha,https://news.google.com/rss/articles/CBMijwFBVV95cUxNQWZsLWtJSjZjQkpCa1RBT0NFR0E0ZGRMdGwybGN5MkhyMDM4bk9lSFA1eFAwM2dtYWZLZ2t5X1pHQ3drLV91UkdIeWhCOWVxeFZFc0d1VUFVQnFqVzZGVFhUdGppSFBSVWw2dDQ0el9MTjVHSDN2aDVhTEcwdDNCaDNneWx3SVktNTdNQUprYw?oc=5
CNQ.TO,2023-01-18,Tourmaline Oil (TRMLF): A Buying Opportunity,Seeking Alpha,https://news.google.com/rss/articles/CBMif0FVX3lxTE1CRllMRDFGeC1yMWsxYU0xT2Noa1FsT2U1RFBhU0Z0MzVWejJXTHBQYXBrVHIzRnpsd1FVUEYxaXZ4VGRVODFZRkQ0NFlXbXlTajJScUJ5YjdvNzFnRlpFODRzZl9vbzJCTFdNMjhaQlhKMndsbmhJODQ2dFVqMVk?oc=5
CNQ.TO,2023-01-20,Twitter puts more emphasis on the bookmark feature on iOS,ca.news.yahoo.com,https://news.google.com/rss/articles/CBMiggFBVV95cUxOa3BWQVRVbTVaNzdLdzFGVWZfT3lFOU1JVkc1YmF4d3VaTUZ6V0prOHF1QVFQWGFjUmk5ekk1a1NqQ25OWEl5RGRFaWhGMW8teU1mNWg5a2hKSEVPLTNaZGVZQ182T3BZd0VmT3o5T0lzcTVZQWhUM2o0d200b3M4VlhB?oc=5
CNQ.TO,2023-01-23,XEI:CA ETF: Diversified Dividend Income With High Yield,Seeking Alpha,https://news.google.com/rss/articles/CBMijgFBVV95cUxOSnFNVzhUcUlEVkNkc245RUVEUkRWdmpxU1JtU3VNSktaXzZaaVBTWk5XV1JZZmQzRjNiZnJOaU1SRTVGc2ZqR1FJbkgtZjlLZF9aM2Y3VWxTLUM4dXM0V2FDQmpJRFFVRVpjdEdiMTlyVVlQazlWLTZiVkRoRFpHNFRtM293cl9HOGxGbUFn?oc=5
CNQ.TO,2023-01-31,3 Natural Gas Stocks To Watch As Prices Tank,Crude Oil Prices Today | OilPrice.com,https://news.google.com/rss/articles/CBMilwFBVV95cUxPc3pCVHFDdzROVWRMbmMwWVA3NmZiS2o4WTBFQkVlVFl1REd0b2RfWjQ2ZzNFRFV5QUdEcTUweXplRE1fSnVieFRWR3ZjRFFYTWtibTg4TVNZMUlmMk5qbmE2M0pJT2ViOHBKQlhyam55d3Bya09wQzhKeUhqVW1nVFpFVXJTTU83ZzBWMUNaZ3o0U1YxWUhV0gGcAUFVX3lxTE5zVU9oQU45Q2FUOVdMM1c2ejlFMHduNmlKTEozYnUyVUp2cjNUVVRBNHpMUE9LZHBpZkpwbjEzVVVwVTlCNlREN1NaMFhYNzdlSGhPcUxhOXpORUszYWo1NUpEWDFzcW1pQnAxdnNrN2tlWFVLcG9vOE1yTmJEZ1FWZE5ZQzZ1TlI3MlRkREdPLS1MSWpIcjA5b3k2Sg?oc=5
CNQ.TO,2023-02-08,TotalEnergies’ spinout of Alberta assets expected to be largest IPO on TSX since 2021,The Globe and Mail,https://news.google.com/rss/articles/CBMiigFBVV95cUxPSnlrQ2kzaTJJM29zVDIxU3d2UG4yTG5BNS1rU3N6WTdQVy0xUkFvcGM4ZXFPNm5qM2hjalBfQk4yMG44WGxzTV9CTkhSVnZRZFJMdDdEMF9BQ185dUwxb3dYQS00OHRiM3VLRzhLV1lxYnFMajlyTlZpVllxUzF4ZE9KM3VIeVVRMGc?oc=5
CNQ.TO,2023-02-09,Top Natural Resources Stocks to Buy in 2023,Yahoo! Finance Canada,https://news.google.com/rss/articles/CBMiiAFBVV95cUxOY2tPTDk2TmhvNWR2ZWRWYlBUbWVueVNlOXdYcEprRHp1MkhYZHluSEZFUDl3NnFQZmdDQWZ1eU12XzVlYXVOclpNVUxPeTRVWHNoVU5YZHQtUFFyVlpFYkR1OUJZYTZ0ekctNXBYRjNfS28zakJleEwwNTJSRU4wajMyRS1LazJi?oc=5
CNQ.TO,2023-02-10,Has Vermillion Energy Stock Finally Bottomed out?,Yahoo! Finance Canada,https://news.google.com/rss/articles/CBMikwFBVV95cUxNZE9QRDFsaUtQa1NrWmZHQV8zbjRLdkd0bGFTWi1ZbUFwVWtpcHFsN2dOZ05UWFIxMmNiYnE1a1pVRlBwd1ZwWUZLaGFyNDlIOGJRT3FrZjYxR1N2d3l3ZVg4bVFBZHd3V2ZTNVpEbm40T3gwYVFQQS1CN0trdEhjZG5KUDZKODdzb21Ya0ZOemxLNFE?oc=5
CNQ.TO,2023-02-11,"The new shareholder friendly energy company: Big on dividends, forget renewables",The Globe and Mail,https://news.google.com/rss/articles/CBMi3AFBVV95cUxNWXd4dXVQRmQzd2FmeWJURGdhSFpLYXNLUTZKZDhxalRLLTVGVkVxZHFIMkUwQld3TWJjTmpXcjV1VGpkNVlmek9haGFZbDdobFJCU1hnMTNFQ0RaSk9mOEdHZDJBRmhnLTRqQzY0Z3RGUUlZY3hhalVmbkdpRFNaOW9US1VZdHQ5VV9IenZVRTRyeV80MXZKVS1fYVI1RDVicU1jSk1kYlZ4XzVQRmJQNS1kUlNhMHZIRTRwUkNXRHJvc0ZGQjJjYnVNTW9aTWhMUGZYSnl4cGV0TmFX?oc=5
CNQ.TO,2023-02-13,"The highest-yielding stocks on the TSX, plus risk data",The Globe and Mail,https://news.google.com/rss/articles/CBMi2AFBVV95cUxNb2VlZ3gtYTJYMnJsZFl3bk84SV9QMExONzZsSm5oREpTLVdwV2pBazYxSHowNGI0aWlWY19FY0lWV0duc3FVUW9kb2o5NzQxdTJwWkFyd2hZM0dRd1JxWWdEZlRGTjlfX1BjdUJjcGZtMkxCckZDMXRVRVV3bTBTdVczRUxGbkVUdFBqbWROd1J3dWQxbXVOTG5tbFVyZEpjb0FTNlE5WmpuYnNMRzFaMDRmMjVmZVYxMjNDdGwzelVIeUtiTkU4UUd1YU9vMVpoVkp2VXAzdFg?oc=5
CNQ.TO,2023-02-16,Lack of electric vehicles hampers efforts to transition federal fleet,Canada's National Observer,https://news.google.com/rss/articles/CBMilgFBVV95cUxNVGo3MnkyV0hmaVB1RHNrYklxWEl1OHZqZ3AxYXVSLWlVby1Ud1VzcVljeDJ4WWU1UnFkN2c2SnU0RE5pdENNX2RtMWNUcTFfZHpsMzZzWTJQdUxHb2JvendUZmt1RVhTN2ZWMHh4YTI2TVJHS2FsblBYb05fZnk2Qlgzd1FXczJUSXUyMWxZbGxrZllhNXc?oc=5
CNQ.TO,2023-02-16,"IFS Global, a Software Solutions Provider for the Resource Industry, Goes Public on the NEO Exchange",Business Wire,https://news.google.com/rss/articles/CBMi6wFBVV95cUxNNDRDRG9rV3J3Q0lVbm90b0UtSHRxcmhabDVIcGI3TG9nYmZoX2czV1NCWTNWeThGZ3BEN3BlcUdpQW85R3U2dmpoaVd4V2VBdlplZ2xNVFBrbVlIbTJJVVk4cVhfdlJMNVNzRjItWHZROHRsSDdidEQtVnpOemk5YXo2OUhzbUxFa1hEWWNXTy15dUNUOGhmT0ZaWU1pbXN3U2JTNDJGV2xISUh3SHlZeUUtdkszYzRDUnlneTJDX19zTVpsYzBDWFlnbU01WHpQUmhINWh0M0hudWd6X3JUQWFfMHJ1eVNJc19Z?oc=5
CNQ.TO,2023-02-19,"Canadian executives sell millions of shares in a volatile year, analysis shows",The Globe and Mail,https://news.google.com/rss/articles/CBMihgFBVV95cUxNZGRrXzhJclE1MnJ5V093MjNra19Rd01NS0hFbGdadEtNWXpnUUFuZ0szUWNoNWFvZGdjaEp2OHNjVVVNQ1FLclNoWWt5My1uVXlXbmNHWEFCVmhWOHVZS2Z2WW5NZkdzV1JFU1ZoVGs3cDV3SGNya2xUUHROR1pvMmxadmpzdw?oc=5
CNQ.TO,2023-02-21,3 of the Safest Dividend Stocks in Canada,Yahoo! Finance Canada,https://news.google.com/rss/articles/CBMihwFBVV95cUxPWDMyczVIZXVGeXdlVTd5enp3dzB4ekpub05YSmc3YmViRmN2VnVLd1kyamdBMVRqTUlGNXhHWV94M2VkVER0TGhVRFhVbjUtUUhITlJpWHlBeHk2UDVJZU1adXZXZjl4MzdHOUJ3dmpib1VYSW1aTTJaNnczYXU4dER4NEMwN0k?oc=5
CNQ.TO,2023-02-22,Better Buy for Total Returns: CNR Stock or CNQ Stock?,The Motley Fool Canada,https://news.google.com/rss/articles/CBMiiwFBVV95cUxNbjN6WlZKai1BeTJXZERpUUdSdkNkZXBCVk52QzliRzQ0ZTE5SndSM29RTk51b0pJdTJUX2JabkNGTEhxSHV3TnFoYnZNcFdqSzJFdjlXbkpadW9XaWVMdFZhRHFVTDZrWTlVVExxZUFENnpLNml2aUJkaTVxYXMyZEtVcmxrUjdOT2dF?oc=5
CNQ.TO,2023-03-02,Canadian Natural joins oil sands peers in booking record 2022 profits,reuters.com,https://news.google.com/rss/articles/CBMisgFBVV95cUxQVk1CdVc1YVRkcXF5dGRJYXJ5eUZqRnU0S3JOMkpYZV9VZ1VjMXNzSGE4Wnp3dGI3M2d5dExMVmUwekwwOUZDdkt2Z1RRZ0hnVEJwR1FJc1hsOU9ZY3d5X0hLQl95MVc2V0tKc2FPc25yTF9ldzg4NkVpblpBS1B6cG9WLWJKWjJ2eTdoTTdXS2ZzVFhyV3VCR2kzR1BqQURhb2NYSERuTVRpempUY3VhbHF3?oc=5
CNQ.TO,2023-03-04,"TFSA: Invest $50,000 and Get Over $200/Month in Passive Income",Yahoo! Finance Canada,https://news.google.com/rss/articles/CBMifEFVX3lxTFBOOTFtRGt0blN4ZHZDSTNRQ2dxcG8wblJRbVlXUWowMVVvVFJIMXJmc1JOcnV3TE5Ya1FjaTE3b1BNNVpnX0g1aFkyOFlycXFyc3VraTNiZ0xvS1R1bjhsbkF3aVQtWmRSNzNzT1FGejkwYTF2UkdSMnM5YlM?oc=5
CNQ.TO,2023-03-06,UK and Canada sign agreement to boost green tech supply chains,GOV.UK,https://news.google.com/rss/articles/CBMingFBVV95cUxQTHo4WTBkU1RiV2pDdHRzQnEwLUo1eW5LN1Zra3BqamEteENqV1VRQ1gyTzYxeFdtNG00dkZ0OG5LME1KWDdkWVpFYmg1V1pxLTNnYzQzTzJGM0tybDJzM2ptM1JCNmluVUZEVHo5Y09QemdhR2EwdG42S2ZHNlNyUkZ5ZXZxMkdHUEpDa1E1Y04tYjFvRk9uYU5QQm1Ydw?oc=5
CNQ.TO,2023-03-07,E3 Lithium Awarded $3.5M in Funding from Government of Canada,PR Newswire Canada,https://news.google.com/rss/articles/CBMiswFBVV95cUxPdmJBRDFadEdLbGZLS2xHMVVLcEVpel9VOG5mcEt0aWRSTTM3RUU2NFowUjVOdGZ1SWRFaG41R0Vkdk1NdlJ4UFlwU2xudDZ5ekZOYXFsck9QT1d2VnJqakFiMWo2alU3c2JmeDB1OC1FM1h5Y1pZY2VGZTdFd0pzOFN3MnhERzhVYTM5S2JkNmdLb3M2WXdTSURFVjY4cEZFLXB2akdqd2NZQlFoaEliM2x2aw?oc=5
CNQ.TO,2023-03-08,"EXCLUSIVE: Canada will not force Chinese state investors to divest stakes in Teck, First Quantum",reuters.com,https://news.google.com/rss/articles/CBMiygFBVV95cUxOUTQ1cUdKOHhPaDl0YVZSb3lPTWpLdDVkN0xmQkdJcks2ZDBxTXFHX0xYSnBZcllLLXByUkQ0aEY2QjBjaldZZFVsMkEzY3V5eFRJMGVMdUluaENMMjFXLWttR0ZtUXl6dUVJQzRzSkl0ZjVvMVhidTJYbXVKeXNlZUlQXzBxeEQ3YzVReGFpSjFaeUdnTlNaY25WYzEtTnJlNnZseV9nUUhMWTJBLTQ2bjl5Qm1xV1I3OXhheHBLUGY2M3RLSDdoNzVR?oc=5
CNQ.TO,2023-03-10,3 Canadian ESG Stocks for Ethical Investors,Yahoo! Finance Canada,https://news.google.com/rss/articles/CBMihAFBVV95cUxOdnMwWHM1NUs2Z2lqUFhpajlvd3l2U2dJSWljenppMWRZTkVLQXlDbHJoYnpvSThkb1NSY2VFSmVXbldXYjZMZVFrbFNjWXRtSHNXVTN1a0FJS1ExQ3dwWjhld3REMFloN3FwN1FaMDBzY0lXR2lBdTNVYW5BSF94em93X2s?oc=5
CNQ.TO,2023-03-13,Deforestation Inc.: Investigation unravels B.C. forestry links to China,Business in Vancouver,https://news.google.com/rss/articles/CBMiuwFBVV95cUxOSmZLRWdackYtTmpNSS1KdEwwd1cyVWdfX04taWY2SEVzMm04SWVmTXo0ald0b2ZXZDB0OTRtVjJNVTFQWWNIV3lmclJvQ3ZqazRoQzZ0ay1qdG5Db0NIYXRaTGhjZmRhbnlTTTBuak5LekRleXk4a2FuR2ZnTE1Xb3FnMW55YnZsZkpYNEMzSnpLdGFidUhJeXBnOG1HMklhWEVCRmY2dzVnOWlZNXZSM1NBR0R1alVWaktZ?oc=5
CNQ.TO,2023-03-13,Will Canadian Western Bank Be the Next Silicon Valley Bank?,Yahoo! Finance Canada,https://news.google.com/rss/articles/CBMiiwFBVV95cUxPS2F1SDllQkpSdm1mMUpYYnRFZEVCdUVvOVFFREhVQWxpNFhjX2ZjZllnVmdSS2J1N2RPc1RoTDVsemwxeE1JdWg0XzZNMU43OTF5cGVzUWNKLTA5ZExfY2F5QVdIUTVOVVdxREYxVUlMUE1aUFF2azJfaHdCYjlldnotbUYzU0tPLW9v?oc=5
CNQ.TO,2023-03-13,Upway launches online marketplace for refurbished e-bikes in US,Yahoo Lifestyle Canada,https://news.google.com/rss/articles/CBMikAFBVV95cUxOYTYwRHgtWWJtcW5WVlVNZmlsaDJmUnVCS2M2aUh4Q2hfZ0pST1g2YnB5b0tSTkJUVEpRZ3ZHM3VXVHBkcEdNQklZRUFlZWNlbmtyZDJUQ0xjNUNkTW1ld2tFbnd6YzlJOWs4SDhZU2NjUDMtZ1BtLThaSFVRZzJod0dZTVFiZERGWmxaWk4tOVc?oc=5
CNQ.TO,2023-03-17,"Ontario mines minister says Ring of Fire could be worth $1 trillion, a figure critics call exaggerated",CBC,https://news.google.com/rss/articles/CBMikAFBVV95cUxQRXg2clBtMk9PMDk3WkUyU3JMdFRWckpoTGRBWWF4U2xEUC1yUmJKYTVWLWliMW9UZFNkXzZxOVBNQlRrWnN5V19nelBsXzBnYk85c0dhT2trVWF2Y2xvRE1GSXNPTklBX1dYY0R4NWtWRXBhUHNTdV91clpqVTlwYmpuM2xVXzdNZDdHT3h4aWs?oc=5
CNQ.TO,2023-03-17,Canada's B.C. province sets high emissions bar for new LNG projects,reuters.com,https://news.google.com/rss/articles/CBMisgFBVV95cUxQZUFvdmlLWFRnUk5jQUwtNEFpM0VQU3NFMUNTSzI5Vl9CUVgybFdQNTdTQmlWVnY0cU1xUzlhTnE1OWdORnF3ajNmRmJvalhWUEhUUVlpYzhTV2lQc28yUTdJSE81ZkNOeXF3ZXRpQ1Z5QlpKU0wtNE1vNnVqWnZhTktfT0RtNnRnYThaRExVV0RoY0hBRUdsZERCckpMNGhhNXJIaDd2dU5aaGVGbDJ4bmp3?oc=5
CNQ.TO,2023-03-17,"3 Stocks That Could Turn $5,000 Into $50,000 by 2030",Yahoo! Finance Canada,https://news.google.com/rss/articles/CBMiekFVX3lxTFBXRWxDTEhndkVwOHg3VWVacy1kT2UwSlF5YXJWSE43MTBDX3g3MmlobElZSk4wZGdCNDc3SEJ4b3lHWUpXMUJEZzYxRVVrNWdwcUExQm1DRHZuU0ZUYWFwLUthQWktN2lsLVFHd1NhMGY1dVY1V3FVbE13?oc=5
CNQ.TO,2023-03-24,"Opinion: Canada isn’t broken, but it will be if we don’t make the right decisions",The Globe and Mail,https://news.google.com/rss/articles/CBMimAFBVV95cUxPZ0FfdEUzZFZ0dW9TdUt1cFRCYVBDQjMxeGxUeXhWaVlvNkZxU0JWQjl5eG4zR3h4d29Wb0wzbDZ4ckV0dG1ob3JETmh2WmExa25UYlNqaWU1S04ySWlVS0JxTnEtWHhsTktEcm96MjRHVUpjRm5MZ0xOTmtvdmRoNWhtdFlwZzhya0ZVSy1nblFvYnU0LVU5Yw?oc=5
CNQ.TO,2023-03-27,"If You Invested $10,000 in Dollarama Stock 10 Years Ago, This Is How Much You Would Have Today",Yahoo! Finance Canada,https://news.google.com/rss/articles/CBMihwFBVV95cUxPZy1kRk1aWkZPREw3V2UteVpxVlRPQmdxLV9vUlNKbGtqandLeU5DeldWOFYzNW85SzloelhZbk1PV0V6ZExrRkhFU0dVaVNWenlITjI2d2RPUmUzTkFqY2ozOFVpdzJhRTRlYmlIY29TOEJuTmw3bjJHUklLdUJRcjUyeFNwVWc?oc=5
CNQ.TO,2023-03-27,Should You Be Worried About Your Canadian Bank Stocks’ Dividends?,Yahoo! Finance Canada,https://news.google.com/rss/articles/CBMikAFBVV95cUxPZnZQR1NnWlBVTng3dTRvOTFZSVFVSlhDd2VxdmZ1UldMQTlleklZZnVPSi1BZExHdC0zQkM3RFU0OUFwc2w2ZDdxQTRZSktoN1B4dTRfcUtTdXVqb2UtaWNROWxRNkVURm5TelVXS0ctcHVQaXBpZ2hiNzZLWHBscHFPWmNrR1luc2lhSGs2VHQ?oc=5
CNQ.TO,2023-03-28,Warehouse workers around the world are being told to kick bags of nickel to make sure they're not filled with stones like JPMorgan recently discovered,ca.news.yahoo.com,https://news.google.com/rss/articles/CBMigwFBVV95cUxQWkUxdjZXdGVXcWIxUGlKY244clJ3YzVxZW9zQVoxdHc2bEYza1pLMXgxRGJzaXJOd000bWVQSW5rZWx5V1pYaklKUWZKRG12MjVXUDdKcVQzbXhENmZKRV9QaWpKemxRak9uX0szSjctUXdlQ0hoeGVRZVlYNVF6d3k2RQ?oc=5
CNQ.TO,2023-03-29,A new gold rush? Mining waste with micro-organisms to extract metals,Mining.com,https://news.google.com/rss/articles/CBMilgFBVV95cUxNc0pXdm1JQU9DM2tETHlGcEtMMldXdUdxaXAtdEhaV2p2TG9VMVpLTWtUb1F2WEpUQUdxNTQ5MGRQUlpUdjJDREtNNGVveXIwTFN3cVZ5a25xWVh4dTNIUG1zNzBtN1ZhQWsxd3htWlZhNkF4WG9MNldsRlA3Ti1XRVVpN2t4c3E4aWxIN1NXSy14Zk91NFE?oc=5
CNQ.TO,2023-03-29,Lithium demand is projected to increase 500% by 2050,resourceworld.com,https://news.google.com/rss/articles/CBMihAFBVV95cUxPOEh2RzJDUTF5M0lnNU02MXdRQ1JVSjU3WVo4dHRyNW5faHJ5TnRzYmgzc05wUTZQRjQ4dTdqT3RWR24wTUdTSWctaXNlOWx0MHRCTTlUd3lSa0NpNG04aFdSZUZaMm50Q2JIUndvcnI4dElOQ1U1QXc3UWwwNmRVdDhSTzE?oc=5
CNQ.TO,2023-04-05,17 Oil Stocks With up to 180% Upside As OPEC Tightens Supply: BofA,Business Insider,https://news.google.com/rss/articles/CBMikwFBVV95cUxQNW45M2JOWjUtcDJVRVU5Q2NPakdWNmhtYWpkWFZNb3RMSVdNY1g4eHdNYkJ1bkhCM3E2d2RpX0o5Mnc2X1NucE12ZWdGWi05YWczbHItNTVTckRkMDN6SHZBYmtuNFRDZlpVTU14OS1aRWdVQzlTbjN6clROMU5NUkN3N05ZSVZtLVZXMUMwQ2pOWTA?oc=5
CNQ.TO,2023-04-06,Canadian natural gas poised to become a viable alternative to coal-fired power plants around the world,resourceworld.com,https://news.google.com/rss/articles/CBMiyAFBVV95cUxQSHJadllVLXBUejc0TFo2WVF1MVpRSnlQXzNZbVFnZzJKcmFQRFJYMXVSeHZoM2Rzb2ZmSnJjYk15WVVfT1V4ZVZTVUI4SGpoVk5mdkMwX184RnBrSTNQc1FiWGxsYy1ubzlNcVh2TkZrdENUNXBsRTYxa05CV1ZCU0NKREZRN0hkTDhtWnNXaG90YXBCeDBuRGtsSlNQQ0R3Q3hMMHpUUzZNWjJpWGFXRlhWc1owZ0hZS21JTmNZU2NneE5xUVhFSQ?oc=5
CNQ.TO,2023-04-06,"For $1,000 in Monthly Passive Income, Buy 3,334 Shares of This TSX Stock",Yahoo! Finance Canada,https://news.google.com/rss/articles/CBMigwFBVV95cUxNZXBuajNucWFQTXVtWHJXRzljOHVzbGIwbWh0My1TTFNaT0syTE42U0d4dkktRVdKaVV5cHFjdlVYTU9kekZmaW1ySy1RbHhOX0REMS1RMHJRdzdTZ2FQSndldXZTZjcyQm44amlWSk0zbGpJQVdfN19lTlhtNHpHRllqZw?oc=5
CNQ.TO,2023-04-07,Yellowknife emerging as EV metals hub,North of 60 Mining News,https://news.google.com/rss/articles/CBMiqAFBVV95cUxNSS11bmJzMUZ3M3pMWUxSMWZYVURHMlhpTkdhQ1kyZ0lOXzd2N0xtZG5hbExnbmtUUTVpUUdGckUxUUtZaHBkQWlRNVFnOFVhT19rd3JuWC1lNE9ndG1IelZXQURoUmhSLWpkQ0VaTTd0MkF1NllXMHhmdEY1Y3Z4a3FrZ2NxWXhqYlJWRFdGYkVwWi01YnBpTVB2Sy15dUxHV0J3a2FIVVY?oc=5
CNQ.TO,2023-04-12,Top Oil & Gas Penny Stocks for Q2 2023,Investopedia,https://news.google.com/rss/articles/CBMifkFVX3lxTE5ZX3NKRnRYWUR2SUMwcTdIQzhDcnA5WkhYdU1id1N0SnpqNUI4a3o3eVhOdnRmMVpIVzg5M1RQR29SWXk2dklzdU1UMWdOaV84MF9Cdl9Gb25jYU9iZ0RSYVlQTGlBZVA5c3ROTTBWMEgzOURHMXB6ZW16T3Nydw?oc=5
CNQ.TO,2023-04-15,Better Buy for Dividend Income: Canadian Natural Resources Stock or Royal Bank Stock?,The Motley Fool Canada,https://news.google.com/rss/articles/CBMitgFBVV95cUxPai1uOTNhMTJmTEJKNnVCblRwTjZWOF9pT1lCZjJMMkpwWTlqSEpqNjN5T1d5V0d2NFlkUnM2bVVwVzVVNVNCRE5PdDBoaWVFQ2FpdlI0ZE9UVTJVV2NIZ0xZOTc3Rk1HTnBZWW1OVUFqT2x2S2RSdUdYMXI0ME5GN3hSZHZoV09yaVpobVN4TjJmQzRBU2ZmZm1uNXlZVWZEZGYwbXZtTjhrUW9kWWtNeHA0b3pfdw?oc=5
CNQ.TO,2023-04-17,Better Buy: Hive Blockchain Stock vs. Hut 8,Yahoo! Finance Canada,https://news.google.com/rss/articles/CBMiiAFBVV95cUxPRzJjbFc4UkpJX3hoUS0zQlpyUWlTdElOV3NsempFazFZQU15allsNHl6NzlJTTFvYlQ3UHNKMEZkTFJTNWtrTmRRMjUzV0s2dENHcHc5MUhDZERmcHZZRV90a3piek1SQ21lVksySlRqRGF1MHRoX1pzV2ppbHp3SHRLN2Z3aUxm?oc=5
CNQ.TO,2023-04-17,3 Canadian Dividend Aristocrats That Pay Reliable Income,Yahoo! Finance Canada,https://news.google.com/rss/articles/CBMijAFBVV95cUxOQjFKVUhGQW9QdzZoZ3JacFlEU21mYWFLLVVFSEJmdktnbzMtSElVTkIxaVVvQ3dlbVozdTJxd19nUENaYWtOZWRzdHliWnltalFldHNSTTR2SWpZaGkwSXBPY3JxVHMzVkpRZWItNFloY2RTV3lic2dWRGlCaXg1T21ELTYwVGt6ZkRUWA?oc=5
CNQ.TO,2023-04-18,Toronto Exchange Fights to Keep Stock Listings in Canada Over US,energynow.ca,https://news.google.com/rss/articles/CBMimgFBVV95cUxQTlVUS1ZyeEFOcXVRWTdKaURleXdRODJlRWdsYnQ3S0x4NjE4SzJYb3o3X1ZQTTBXemhCTV9Rc2VkdlFVUmNjM1FFNHhTY294MjhWX1BGaDFWZmZmWTBKWExyMTR5dTlaV09hQlZjbk9hc1o0cDBmSzFzb3Q4TlNoUlJ3TElfY0xZQkl3N2xvZUd4Ul9MazgtblRR?oc=5
CNQ.TO,2023-04-19,Ginger foot pads are my trick for an easy wake-up—here's why you should try them,ca.news.yahoo.com,https://news.google.com/rss/articles/CBMid0FVX3lxTE9HOEU3dTRGNk13em9aVUpwOEFZNmFBenlNbmg0QnlHQmZNeUV0MVNMNWVkNUFJNnk3d0ptbTY0M2RlMzBZSGs1MjI4aHVvRjBCRjJDb1RodkdEb0ZFRnhYU3JRb1RCYkJERlhyZG9rZXhyQWJsVTNz?oc=5
CNQ.TO,2023-04-19,Top Mining Stocks for Q2 2023,Investopedia,https://news.google.com/rss/articles/CBMib0FVX3lxTE0yOUhPTlhSQU8wQ1hHdzRORTU0ZzRsNi1YOU5IQ24wYUtXZnVQTmxFNDJodlozWllxb0pPd3RIYWZHZ3hMWWdkMVlwMEx6SXRXWnJvOWVrMFBaXzJBZ0RJQUc4ajJEWmtvdjc4Z0d0Yw?oc=5
CNQ.TO,2023-04-20,Fosterville South signs term sheet to acquire Wild Dog Resources,Mining Technology,https://news.google.com/rss/articles/CBMidkFVX3lxTFBBVS1wd2NuQmU2SncwNER3Wm9NRklFM2FlREw5T2RXVktlSjBXMWN1X1dLSmhEOWgtcG95MVhPa1pFbFpkUXp3TTJFZlFCQzVzZ2NqTUhLb3RFb2tYazA4VDdGMU1ydzJYRmh5aEJLTktTRU5SYXc?oc=5
CNQ.TO,2023-04-20,Imperial Oil CEO best-paid in Canadian energy industry at $17.3-million,The Globe and Mail,https://news.google.com/rss/articles/CBMiuwFBVV95cUxPcWtUc25DR1lYaklvODBKbllCNG5VTUstSDI4bFdoWnk4YjRrUTFtbVVpVjc3Q1FicTJCRmx4MkpXWHV3elJHYjZ1bXdzdGNhZGx4dXgwS0k1dURtNWUwdHpNVmJEaTVsWEg0eUdRSjNPV1NnaG5qbHo3bGJjSWh1bzUza1hrWXJDbXFPcmNNNnpxUm9vRm5PV2thVFVwY29HTnVUSmlYMzd4ejExNUJRdk91blJQemp2RTlj?oc=5
CNQ.TO,2023-04-21,Here's how much of your portfolio should be in U.S. stocks,Yahoo! Finance Canada,https://news.google.com/rss/articles/CBMipwFBVV95cUxObjBpN1JndmY3UkM5ajl2aXFhdjA5T2g1cFhnLVBZSl96aktTRENpWUQtUzRLZUFTR1FYeDZCX2wzUzZMdnVQSzRUa3pmUlZid3R6b3kwME1TRmFtY2s0UV83T19melJrVUszam5xd295dlFxZUptdlhxZWh2NlphbEZVOVpxUmQ0eUQ1YnpzR3hTaWJGR3RkQjNEbWJ5d1JBbFFGb3Vfaw?oc=5
CNQ.TO,2023-04-23,"Warren Buffett’s Canadian investments, listed",Cantech Letter,https://news.google.com/rss/articles/CBMiigFBVV95cUxQT29ncGF6TWtwM0thVW5pbWYwUzF1d3JjZmJRN2M2YnFmb3RMc0EzUS01bmRLOGJHSjdVZDNGcVdRNWc1X0ttcVNxeEFzd09JTC1JZmpfdUtKZzJISWFMMVBCYzhTVWJuaXhLRmNhZm0yYS1jVUxPYjMtb05VNVZIQk9wdnR4QUZSVWfSAY8BQVVfeXFMUGFLeDNBRndHRUlfd0x0VERFSFdtNVlNNzZzMWRFczRpREZVc2NIeGJ6b0oxbGFOd1Z4dXZtS3BPTUNQU3E0Y0Vwd1JTVWlQSDZqUmV2d0tDbEpyTGJtR29oTE8tcUJfc2hSazVKTmNuMVRWaXdldk9LN3ZMQTZ2d0ZCTEdFSjZtZTdwVWUzcDg?oc=5
CNQ.TO,2023-04-23,"The ten richest people in Alberta, listed",Cantech Letter,https://news.google.com/rss/articles/CBMihgFBVV95cUxOTnc0eWNvYW9QMFpjM0RXRDV5WW8xWnV5WTFuTnRoNVVnRjFqb3k0dzRmMU8xNjF5eDdYSzFPS1NjNEp2dGlTa0dmNzJRaXZSZXFmdy12Wl9MV1laSEdmY1pWY0d1LU52MFRvVkU4N1BmdzVuQkxJS0dnQ2VDT2twTlN1T0JaUdIBiwFBVV95cUxQczZVQ0E4M3NraHJGclVoYXdFcWxTVkJiYm82NnFZeFAyRlJIcm5uaC1tVHZpMHd1VFE1bDVfNFM3elZvM2RJa1VMVngzWjJWbV9RdVk4SmlTTHNnc2w1UWdQVFJyNXQyaVBYbHF6TGVUQ0VvMERxc0xWTXZNS0FJM0N1S0EtYlRJb0lF?oc=5
CNQ.TO,2023-04-25,The ten biggest public works projects in Canadian history,Cantech Letter,https://news.google.com/rss/articles/CBMinAFBVV95cUxPdG1ld0dhMVZzWDZwVW0xNmxfMDhFWjRLVlBJVHZwYkt1MXI4OVM5a0NDNHpQd2RpUkpuLTVVUmRfemh3azhfeUh0SUZRMk05alozZFRuMlBnUWVhSXhyTG1UdElJUG9PRzdORWloSUJNZzZaOGtySW9MRGFoXzhVSEZGZ04zR3Y1Z0wxYlVHR1lnVmxoQ054YS1mNlXSAaIBQVVfeXFMTWt6akpqMlZQYnduMGNwMlR1Y2hxc1NXTll0SFBCT2p5M2hoWDUxUzFwWWlzU1NLN2xZMXJLbTgwcDFkdmRRd1Y4ZVNiMzhsbG5zSGhXYlFIVkJUekNuV253ZzlOd3NVb2tRX2pQN011cHN6aXl1OTB5QkN2bzFLYk5zaUZlM1VxVC1Uc211cU1pOUowVkExNDFLcmEzMDl2emtB?oc=5
CNQ.TO,2023-04-26,Better Buy for Passive Income: Enbridge Stock or CNQ Stock?,Yahoo! Finance Canada,https://news.google.com/rss/articles/CBMiiwFBVV95cUxQemNwUlVWVDV6YWhjcDM4Qjl2azJCd0NUQkp3WW4wT0J4MlNZcWd4b3IwdUxMS0Fjc3ZyN19wU0V2VU5MRG44WGlUQnRkdzRXbXJxOENoVjd2dzA2eVFUd3VuWEtyNlNMbkdIajNPRUhIWXpMVTJMU0xnSHlrWTNEYVZUaU5BQWMtaEJB?oc=5
CNQ.TO,2023-04-27,Canned Wendy’s chili: Famous menu item to hit grocery store shelves this spring,ca.news.yahoo.com,https://news.google.com/rss/articles/CBMie0FVX3lxTE1xZ0oxTjZyY1VBN041NEJKRFZxb0xyaUI0dEk1RHBoaUVsNzFtaUFzeDZaRGdDOGVrbW40ZGNLbWx6TnZZbFZqNnhkN3ZwZG45T1otME1hZnRrNlZlcVBWU25CX204VTZ0Q2RaVGdjMG0zSGM3ZnJySUlkaw?oc=5
CNQ.TO,2023-04-27,Christian Angermayer net worth | Evening Standard Tech Rich List,ca.news.yahoo.com,https://news.google.com/rss/articles/CBMihgFBVV95cUxQeTFzQW9sYUp4X0RER01JYzdCR0V5bGd0bFNvd2lDN0lCX2pnQk5sMUZOdUZSV3BMbDNYX2Fhamcwc2VsTTh0TVNEYWVQbE9pcm5rYzBUWHZ3QnptV2x1UzlJemZ5UUNXSVRQVXhhYWtWNjZlOElXZUZWM2RGdTBFbmVqNGlLQQ?oc=5
CNQ.TO,2023-05-01,"Beat the market with Allied Motion Technologies, says Roth",Cantech Letter,https://news.google.com/rss/articles/CBMinAFBVV95cUxOb0k3V1lSVXlVS3BYVHJ3amxwR2thWllucnBESmt0OWN4R3RjTkhEa3lhNWxYbzY0TFVvYUJGRVQ4M0ZLOGxscWZ2MHpwek1EcUFHVDBYUW94eTc2VWNsdVhQbmV2RWZNVmlManktU19DMEpmTEN4bHd5UDBwZ2llZ1JEWkxvODNyVV9lRlFNVVFhM3BQc0EyYVhnSDPSAaIBQVVfeXFMTk16RWo3UmVOZkw0aTBtZUt1b0lGcTQ1YkZyelJieHU1Tm03YmRfX0NFbzhFQnA3NndsRzJjOTJXcUFldlpwZFJQcTRHNHU0WFJfSDNLQzFVQjd0Vi1iazdrRU43YWc5WG12M1l6aHN6a0pzdTdEemNsczVPTjI5M0w1ZG8yV3k4RUt1MFV1WWtST2M5MDNnV2hGT1JDVHljUWp3?oc=5
CNQ.TO,2023-05-02,30 MPs each disclosed over $10K in oil and gas stocks,The Narwhal,https://news.google.com/rss/articles/CBMiZkFVX3lxTE5LRlc0SFZ0bUxBaFpLRktsVnQxeU1OYlVPQndaRVF5OVRZdHlVbDNOVHFfN1E3NW1jeU92cGJ0UHpZNHQxZ3loMUpyRzM3dWYxNm1NM1FGWm0wX0NhdjdlaVZJWHEtdw?oc=5
CNQ.TO,2023-05-04,Canada's Enbridge reaches Mainline toll agreement with oil shippers,reuters.com,https://news.google.com/rss/articles/CBMiswFBVV95cUxOM21KZzBLczBZXy1zNVB2MmtJdkxFeXZsNmo2Z1hvMHJOc2dpZFc5X3lZbXNCVDloY3dvLVZLNFZXVzA2VDg5dXlMMUlvU3ZPY0U2dlhhS0QyVGl1Zk94MkJRY0xZT1RjeWVKd19ETVg1elpVc0w4R1dKNDF5Q3ZvdGtXQm9OLTRCWXJleE51ajNWM0ZuV2Z4Tmk3ZmliUUR1WUNqNzhUTFdoVEZpVDZVWGxGQQ?oc=5
CNQ.TO,2023-05-05,Canada’s Modern Slavery Act: what businesses need to know,"Osler, Hoskin & Harcourt LLP",https://news.google.com/rss/articles/CBMipAFBVV95cUxQM1N5azRhbzNEeHV6U1JHVG5uV1dvejFDOG16RXgyRG5kZ3RnanJXcFY2RVBvZGg4VWdiTTMxei1rWkRVdm5iUUU3TTQtTngzb2hvLW5kai1Sa0w5VGdCVGgzNDlGLUNYTTEtQTVKbmxSY1MxUUctZGdwTlA2N0VtOEp6Y3drZUFRd2xuQ0dyQ0FzVlpuNWpUMFhzTFduV0plUF83ZA?oc=5
CNQ.TO,2023-05-09,Pacific Trader: Western Forest Products is in the deep (value) woods,BCBusiness,https://news.google.com/rss/articles/CBMitgFBVV95cUxOOTFEQnVDS1IxbFR1WVV2bmFnUHZ0TV81NUVISkpFaXdsb01LUE50MGpQT2xjLXVBUHNVdzEzS0ZjZkF1R1JpWWdBZlVIVjBVTl8xaUdrdm1vSGVOWnIzSFRoV2ZLYmZHckFjUlRzVldyOE1pSG94Ym1iQVlxTmFuVjNzZWtHUE0yTFBlYmJxTEIwZXZHanhJMFpRd3NwWTFKYkJCa1RkX2pnV3d5ZDZTUjJqTGxTdw?oc=5
CNQ.TO,2023-05-16,Better Buy: Franco-Nevada or Wheaton Precious Metals Stock?,Yahoo! Finance Canada,https://news.google.com/rss/articles/CBMiiAFBVV95cUxPWEEzNXJqdkx0c3dYWVdWSGpXRVU4eF9DV0NBOWNLYlQzQjJNYmQ5d1ZEUzhFdVJrUkl2Zm8ydzBMLXQ2azlBV3pCMEJzZGpYU1ZsQnlobmJxNVdRUXNHLXM0N0gzdnF3bFF2VHhPbEtXOUxnUUd1czJUYXNheG1GM21yOTVLVmFT?oc=5
CNQ.TO,2023-05-16,"High Rise, Low Carbon: Canada’s $40 billion Net Zero building challenge",rbc.com,https://news.google.com/rss/articles/CBMiugFBVV95cUxQYThqTVZRd00xMEJ1UjRFeW9BUEViLXlNZ25TckxodHZkeTFSNTlMdkhFMnRfX2JoUmFfeDlSOENNanY1ZTdJRXZRRHVlY1dMVDdDSTRmLS1xZzAzWWFpWjJJaThSU0t1Sk1YaTJaNnZQTWRnZTVyRi12enkzYmljSm50RzZsQndub003U0l6MVlXQ0ZuYmp1akc2MWhXeS1qRmRYUG9UUWZraS01S0dGcEpOMUpVcHNUX3c?oc=5
CNQ.TO,2023-05-16,Is Canadian Natural Resources (TSX:CNQ) Stock a Buy Today?,Yahoo! Finance Canada,https://news.google.com/rss/articles/CBMiiwFBVV95cUxOeFlUOGoyblg0U0JzMC0wb2ZmNVp3MXRKNGRBb0k2THR3SnVOLUVuSlA5RXVidHRZWnpqbjNIR0xPTDgtay16SF9TYkc1UExEUm1BRWZzNHY2RW1RNmVrWm12WUtxUE9LM2lYcW1fbm1WZUtGMkZsYk9MdXNSX1FLbEw0clBydzVLWkZF?oc=5
CNQ.TO,2023-05-18,Canadian forest fires are the latest costly climate disaster that public accounts fail to capture,CBC,https://news.google.com/rss/articles/CBMijgFBVV95cUxNdVBqSk5zb2lwZ3lvdHNSUjJWb3Y3NER4d1p3TTV1bHozVUhWNzVnX3R6bHBpc0F0cnh1c3dTRElxb25ubmxXU21SN0lSd242V3ZaeVJmeU4xT1B0cm5KOHhpMDB4Mko1U2RXZG50T2hjZ1ZrQkZXSGxVNHhBNktTU0RGaFpabTEtTjhiNEZR?oc=5
CNQ.TO,2023-05-23,Smart Money: Dan Dupont knows how to be a patient investor,The Globe and Mail,https://news.google.com/rss/articles/CBMioAFBVV95cUxNWXJRbFdjbHZndkk2c0ZqQk05eEhpclljOG12djZEcmFWa0NFTndRZGkzS0ZnamJkRmxZakJMT19VTFlFLVVwNjQtYjM3dmhpbWRKUk1XakhzVHBqUE1kaDZmd0lpcmctRXRPR3cydlhCOXBpZ3RhWnpNQ3Q1bVJTMk9FQXIyNUo5NURaelA3QkJ0VHRYdVhqT2FicTlxdnhv?oc=5
CNQ.TO,2023-05-29,What To Do With A $5 Million Windfall,Tawcan,https://news.google.com/rss/articles/CBMiZ0FVX3lxTE16M19Zb01lNnhuaDhSdVFhQTA0dGJWUzRvSEMzRmJZRnJ1ZlZfNFA2SWZVLWpCM3NKRktRZlFXUl9ReENGVTVSd2FsSUlEN3NvcW16V1cwNlpBMENpVWl3SjZYcVVqSmM?oc=5
CNQ.TO,2023-05-30,2 Best Canadian Stocks for Your FHSA,Yahoo! Finance Canada,https://news.google.com/rss/articles/CBMiggFBVV95cUxQRW9MQXZNWXo4cGpESVF3TGRQYnI4eTVFS3pJQUlnMmM2NG50QVZKWk9mTU5QZklsRkRVVDRRUUM2X1dZWUZCQ3paNmJ0eFdMMlZlbzBHekJ1bHRzT1ZVQWtZNmdBaldtLUEzNlo1X0dGZmF6bHhCLWdxTVF2VnBSV2NB?oc=5
CNQ.TO,2023-05-30,Better Dividend Buy: Enbridge Stock or CNQ Stock?,Yahoo! Finance Canada,https://news.google.com/rss/articles/CBMiiwFBVV95cUxPMHZvYkp6azR6UmJBTF9VNXpkeEpzdnRMVjBtT2hxV0tzamc0RC1ySlYxNGd6RlFUX3ZGV3JSOHRwMm5qSURQZGdCT3FheXdJYl9IcjZqSzFDeVZXVnZiUXI1Y3BpcHJUQ051enBYUno5R0ZaaFVLWW13WHI1aGFXUUlOdzZRU2FQdUt3?oc=5
CNQ.TO,2023-06-01,"Internal documents show Nova Scotia's Liberal government assumed Northern Pulp links to Asia Pulp & Paper, links Paper Excellence execs deny",halifaxexaminer.ca,https://news.google.com/rss/articles/CBMinwJBVV95cUxQUE5rd2tPTTFPb29FOGd6TUhDLUsxUjRMQkRRVHBkR0lTSXlGd2FaWi1zUy1QY1hJYV9ZRVExYktLN3QxN0JlTTVKcVY5UndmZXFfRXpOT3NnbXdzVXplZFdDMDVYb29iM0pjUFVpQkxHSDNTMmN3UHZhaVotc0FBVTloQm51VGNJSnV2cW1rckh6Snp4ZHE1V21idnczYnVveWxoSW11NV9UN2Y5blk2ekpYSWFkNHpTejVKd3VBNGNONjVoMUJKVjV0bS0tTHRaVHJpYTBBb0JHbWt3ejNjRzVDbkdDeTc4RFBIbFhNc3hWLWlGSUdJNnZKOWE1cExTWWFfcExxYTA2RzBDNXFnZDRXd1Q5aEZsWDJCVmNxOA?oc=5
CNQ.TO,2023-06-02,The war for hedge-fund talent has traders getting paid like star athletes,ca.news.yahoo.com,https://news.google.com/rss/articles/CBMiekFVX3lxTFBLdUJrOThHd3hHTllia2dYbVpVMDZsZGR2bFlDSm9oMWhBTmRTV01uUjNZZUNCdzNBUGRsSUN4QktvcHNtSXd1OU1tb1NWVmd3el9rMkktQjA5UmdCajk3LXIzT1NnQ3hINmhhZGFScEdJNy1MUTNqZEJR?oc=5
CNQ.TO,2023-06-06,These are the most popular stocks to buy for investors in Canada,Good Money Guide,https://news.google.com/rss/articles/CBMib0FVX3lxTFBteERDYWZqQ0VhSEFjRUFRR1IzX1hjb0JldVV0ZUZxRXhfVHRaejJUbmFwa25nTlhraHZYblVIY3NLbXRyMUQzNHpkSURPNVY0M3p0YUc2YzhuZ1dsZ0cxVEhUSFl2TnJvc2pJcTZYQQ?oc=5
CNQ.TO,2023-06-08,How did the wildfires start in Canada?,Business Insider,https://news.google.com/rss/articles/CBMifEFVX3lxTE8wMmhpVUdXRzVKdUpFRmplT1dWRlAwNDlVdEVnblA1U2FvSGxQaVoyS1NLbW1rOVpMMktGTG8wVGNMVms4SXhmdmotaTJFNHh4Y2JTZVNoUU9YVW9oNnhIUFVYdVZ0VG12czEzcXd1R095TVpDOVNGRWZnN2U?oc=5
CNQ.TO,2023-06-09,How to start investing with ETFs in your 20s,MoneySense,https://news.google.com/rss/articles/CBMihgFBVV95cUxOWGVrbzRweDZETUQ3SlBOeGQ3VEc2UE9uMFQzaXN5bVNGVF85QnZqUzRueWNPZ25wN20xUWluQVJUUVhzeFd2WVE1Nl9UX2dCSWYtc1hxbEF0Yi0tU1p1WE9aYWVVdTBaSXNVNVpnUUVqQURyQXBMNktBVHMtTmh5Nm5JMzltZw?oc=5
CNQ.TO,2023-06-12,"Canadian wildfires shutter sawmills, drive up lumber prices",reuters.com,https://news.google.com/rss/articles/CBMitgFBVV95cUxPQmJTaV9JX2lzRTRLWUZUUjJPb0NiOTdLTUtoZGo5NVlQcGxoWDBPaFpVUFhyQ1BlWXpTemxYTWJKNW5pZFlMMWhIczdObVNsTFhNS05oeUxyRWE2anlEMUJzQnRDUldFQjZoNlhoN2JXUkdpS0dYcjB3WmRjMXR2ZEhnNGQzUUVvcjZvX0thMHFHaEN3ZEh6TmVqY01EbFh1eXJIVGpnSUF2MDJrcm5vYk83eFl6Zw?oc=5
CNQ.TO,2023-06-12,The Top Stocks to Invest in Canadian Defence Contractors,Yahoo! Finance Canada,https://news.google.com/rss/articles/CBMiiwFBVV95cUxOaGJaVnRSOE9oZ0VBcFhUbExCcTJtT0VvOV9Na2Rmb0NPdWNXV21fbTlaQjJMM1I1V19fOTM5SzJ6MXZYQ3ZqaXJOYWppWU1NVElqdkpDOFFwV0c2eG9lVzQwY3pad0Zac21JZWRxVWdTT3JQUzFoNnhBa2NOWkNwbFVTMkZXaUlUMnNj?oc=5
CNQ.TO,2023-06-12,Will Canadian Wildfires Break the World’s Carbon Budget?,CarbonCredits.com,https://news.google.com/rss/articles/CBMiiAFBVV95cUxNZ2NTNi1Hc1ZyQTFxbGRGS1ExTV9yM3Q1UE13ekE2VlFuNFVxd0wwOTliLUJ5Y3g3ci1BS0FVVTRRS3UxYVNJXzNBaGdKd09QRDRVcEZxbmlhTVpLYnh5blkyYmVNR0NBbFpIeGh0SVd5amxzMVFMdkxMaVkxdFZDdTRscDVPRktv?oc=5
CNQ.TO,2023-06-13,"ATS Automation is a Buy, says Stifel",Cantech Letter,https://news.google.com/rss/articles/CBMiggFBVV95cUxPS2Y4LVUxZHk5WlZkOUVzVzJid3h1UXZ1YmJWdkZiREZON194X0pfV21nOWx1Tkk5cEFKM1I0M1ZqNjZ0YjdUUWRJeDZjOFJNaGFsanJHeEN2UDlXbGVQUE9oTHdDbnBQVlgyTlVJNVNNWkl2MXBlVU5PNkJuX3BjcGJR0gGHAUFVX3lxTE5DUV9wQ3VSelJQekpDXzhleWNrRmxfRG1HXzltYVloc3A4QjhrUk5wR2N1Xy1UZ1N6ajZoNWpBdzFoZzVkdXNGRmNIdFNnSmlfbDBiNG1oTjNVUll6S3docGx6X1NrVVFzcnNvN3QzNWtHS1o0YkNqUWtFYlBobGJOb3ZZQUY0OA?oc=5
CNQ.TO,2023-06-15,S&P/TSX Canadian Dividend Aristocrats Index components,Yahoo! Finance Canada,https://news.google.com/rss/articles/CBMiowFBVV95cUxQMWptTWR6V3pWemEtTWlzbldZOHJ3U2tIODNBSUthYVFMcEZuc19xR21jY0ZGcExaN2J0RUViTV9pY1lzbC1Qd1BPQ1YycUtQUFRWdENQS1NhOXhiZGxIcVhQSnJFZFdOblNiaThFdkZTaG1CMWpLdUsxMEk0a1B4OFJLSF9SREdRSVZtQm03YWRfTDBxdU9CMjhZSHUzNUhMN0NB?oc=5
CNQ.TO,2023-06-17,"Share Investing | Share Prices, Performance & Recommendations",intelligentinvestor.com.au,https://news.google.com/rss/articles/CBMimgFBVV95cUxNejlnOVdxNlA4MFNuN1M0cnJVdEY4UkZrUG9XREw2ZmFRWHp2ekI1eE5QUjV5dlVPekI0UkVVdnRZMDBRMjRaVWZBN0tnZkx1MlFTczlnSVBMeFV3VEJiZ2pqQ3otNk5Kd3B0dVhaU0hVSjdMVEtudHI1RXY3LXRXSWhMQnBUQ2R1MjZXUXJYTFNUS0hXdGc3RjRR?oc=5
CNQ.TO,2023-06-20,2 Canadian Real Estate Stocks for Stability and Growth Potential,Yahoo! Finance Canada,https://news.google.com/rss/articles/CBMihAFBVV95cUxQVDZmNlp5VE8zcXl4dDFNMHA3UExZR0FDNHdzYkk0cTNEUHN6SFFOSmxDeVBENTdYQnZVdDVQSnF1N2RiVHNlTTI0bmV1MFBxSDhsakUzcWpmdk9STWtDRGhGenZqdnczLVhjQmM5dEhmR3ktVkctVllEZlBtUEJTWDdEM3E?oc=5
CNQ.TO,2023-06-21,"Continental Resources, Inc.: Shareholders Board Members Managers and Company Profile | US2120151012",marketscreener.com,https://news.google.com/rss/articles/CBMiiwFBVV95cUxPcDh1Nm5kTk5sZ083V3haVnhtUzFkdEFLRmFhdUVJaFpISHM4UE1vdm1EQ3Qtb1RucHhqRW16NXM0S3FqS0duY2M3QzF2TDhfYm1IRGhNRXlURjBRd0NZd0NYLXpGLXB1WTQyVGpTODJYTUJaRS1WUHNuaUZCMnpieHBOZ0lLZ2h3MWFn?oc=5
CNQ.TO,2023-06-22,Better Buy: Bank of Montreal Stock or Canadian Imperial Bank of Commerce?,Yahoo! Finance Canada,https://news.google.com/rss/articles/CBMihgFBVV95cUxPYWlkcE9NeTNtNXBDbFJ6MHNCR0hVbXVlZWdIMHpQM0RyeW1Pd2JmSFFKdmNBNS1TWWUycjRFNzZfeF9qbjA0a0VCT1V4ZUtXNFExcjNLbnJlYXZubUtwdlNkUjlYeXNyeUJSeUk0NTRmWkdLbXRKNm91SWRvUm1uOW5Eb2VEQQ?oc=5
CNQ.TO,2023-06-24,"How To Build A Dividend Portfolio With $25,000 Among June's Top 30 Stocks",Seeking Alpha,https://news.google.com/rss/articles/CBMipAFBVV95cUxNWTBHOGxMMEZ0ZW9XNGhUY1FlY0czQ0JLTDA1YWZnNDJMbVZwaWs5ZHV2TVZSLVFqMDg0Q3E1MnFXM1RXQjZfUWQ4NmRfYmlHSWgzWUFXbVFSbW45MWlaMklLMWZSWXlpcmlpb0FXTGxLVE9DT3FMaVlaaFVxSWxqX2xoYUNyaFlkUXNkR3NZNG45VTNlZDAxdGRsd1hhZUZvMEdJRA?oc=5
CNQ.TO,2023-06-25,2 Canadian ESG Stocks for Ethical Investors,Yahoo! Finance Canada,https://news.google.com/rss/articles/CBMihAFBVV95cUxQMmVBWHpPdmo1Rzl5OTF3T2kxdGRnNVpWVzNuQVU5UnJnVVFUenUwUGx2RGVFUlpCUk5fNkVrRXA5NHJDTzUwNllwOVBwZTZpbFNpWUxRdTRra1lMZlBnam53S3JnZ243by03TTZCZkFHSVpFbDZVZmRLSENFZk5CUXA5cmk?oc=5
CNQ.TO,2023-06-27,Why is there no news coverage of Canadian wildfires?,MyStateline,https://news.google.com/rss/articles/CBMioAFBVV95cUxPLTZBTVViajd1Tk1kWmxDcWx3Z1FsdUpVYkNZUzBpZkVkZ1VNcms3MlBUQjY5dUcydklUWEZ3WE5KYXBKUzRIVEdzTzBwVGtiR2V1X0ZaRnBqSEh6cmV6eGw5VGNMY25hUHJqY095N3ZjdU0tVmtXQ2QzZ1ZLMVhkZWFoTWtOaDg3RGhSSEhna1hiZzYzQXQ4R1BQb3FNOU840gGmAUFVX3lxTFBOUERuMlEybW94OUpTczdPTFUwQXhkb19RVFBtWmIySnd4bnotcllrVWZzdkxEdDV0UjQ3WTBiWG9ITEE1U3lIZnhwMy16RzlWdnkxVlp0Zm1VVm1mWF9CN3Jjak0zYnpVWkFaUlQtQ3RNZjRmaE9mWnFOV2FxU19oRzVwYVdmOVJIUzJ2cUE1aThXRVNUeVRpS0VIQXhuaWVyeVE5MUE?oc=5
CNQ.TO,2023-06-27,3 Top Canadian Royalty Stocks With Dividend Yields of up to 8.2 Percent,Yahoo! Finance Canada,https://news.google.com/rss/articles/CBMihAFBVV95cUxNLVZHdTBkZDVQLTNZSzdqcDhCcjY5ZEVyTDg1STZjQ0Fid01OYlVZc1I1bm9IaVNlX21neEFaQ200Z0lIcnFyN2picEtpajdCajFhRVhCN3V1S0pWdmNubHVqLVMxVFM0UXpncjZhV2F1M0I4MjdBNXNvSEdGOHJGeW9nUmU?oc=5
CNQ.TO,2023-06-27,These Canadian Biotech Stocks Are Quietly Changing the Face of Healthcare,Yahoo! Finance Canada,https://news.google.com/rss/articles/CBMikwFBVV95cUxQWVNldkM5Z0dfUkhjRDZLME1TSTlrUnhRdU83MTVPM1gxeUJCMjNBUXlFS0VDNkN1ZGZWV3kxYVdYWnhNTnlrSFZwMlFRd0JqY1lfM01ybHkyclprSHpoc3o5VDMyb0ljTWNDLUh4eUxBb2VBTnJHQ19zMHFpN0Rla1c4eGVnRkNnRmtocjRaSVpldnM?oc=5
CNQ.TO,2023-06-30,"EXCLUSIVE: Alberta agency, China private equity fund ends partnership",reuters.com,https://news.google.com/rss/articles/CBMiuAFBVV95cUxOb0g3dE9rczZuM1dueWxjRnZiVXI2Z1BLQWxPRWJ6X1JJV0xhSlRVTjhUTmN6cjd4ZkppYmdRTmI2Q0NHb0N4ZmlPWVVFVVBGTU1zYjRrdVcycmVUQk42RUlFQTVQZkY1N3ZobzVNTDN5Y28xcGdtcmRCZm43TzJBZUlReXhBXzY5YTZCQ0tRX2Z0bTM3RVc1c3Vyc2JPcjNZckZXNU0zeWdrRDNIS0tKUUlHSzVZTXF2?oc=5
CNQ.TO,2023-07-04,3 Top Canadian Royalty Stocks With Dividend Yields of Up to 13.1%,Yahoo! Finance Canada,https://news.google.com/rss/articles/CBMihAFBVV95cUxQQ1ZWeWl5b3JGNkFnZDFSRlhGNTEyRVpBdXdDQmc2eWRfSzNzWnBJa21IWVpEbnpXLURTWGJZWk9GbVVwSE1mTkJ3YXZqUGxEbFlGVmQySW1QOGxXaEdnYmlkZXJUelgzSUl1N0tteENlTGNJUXNHbnNIcGdlUGtfamxIRWc?oc=5
CNQ.TO,2023-07-05,Breaking Barriers: Canadian Women-Led Stocks That Inspire,Yahoo! Finance Canada,https://news.google.com/rss/articles/CBMijgFBVV95cUxQVlplV1ZFZnpNM1hLaE5Rd2xyb0dKdWs5czlZYjcwczM4QTVpdXZjRXRYNlRob0h4d3k5Q3JNSHdoT1ZuMmhOSkswYlBpdnhQaTgtZHl1MGQwQ3RmMkw0cm54ZV81VUdZSElPQVVITjYzTk8wWFgyTVVFaG1ZXzNkVmJJM3M0Qi1GUUwxRzd3?oc=5
CNQ.TO,2023-07-06,2 Top Senior Living Stocks to Watch in 2023,Yahoo! Finance Canada,https://news.google.com/rss/articles/CBMigAFBVV95cUxPS3h5ZjYydGU0NjNQeXhGdDA3VEZoeEw0ZmJzOUNsNVBIVFB5OUo0TE1VZ0pVbVVHM1ZSVWg3NHB2Z2hFc1BMZG8wdVI3TU5NRVlRdGNoTDZ2eUpTZkxWQkFqUDRsNTJlcFlydS01TXBlTndScEVXYk5ENU1LS2lmYQ?oc=5
CNQ.TO,2023-07-06,Grimace plush toy went for $720. 'Vintage' McDonald's merch is selling at sky-high prices.,ca.news.yahoo.com,https://news.google.com/rss/articles/CBMidkFVX3lxTE1IeXd5TElHZlU5VS1RZkhncEhFVE9BR2pTMXBOOXdrbzJWNUEzb0Fra0hzZzNWWVI2TnBLeW5SaHlZOEx3cE5Kel9OVjh4THowVVA1NUllNXZjMXdVd2E2NmVRSzdvZ1N6ODgzcVc5WDFRMkNIc1E?oc=5
CNQ.TO,2023-07-14,"Oh, Canada! Homegrown Alternatives That Outshine SPY Stock for Canadian Investors",Yahoo! Finance Canada,https://news.google.com/rss/articles/CBMilAFBVV95cUxOb0xhQWxmU2J1WjN2NzZlZEVUamZsMFJVUm1tMkdWa0cxcy1tX1djSTEwREhFYlY2UVJ0aUdQQmhyV1FkcFREVEZtUHBCYURwWEpaS3JlaWx1QzI1RmpTNnNOT3VEODItSHhubnQxQnVyenY0MnVsVTFzUVNic0ZtaUE5Z253dFQxeWZxeFgtbnFxSy16?oc=5
CNQ.TO,2023-07-14,Beyond SPY Stock: How Canadian Investors Can Capture Greater Returns,Yahoo! Finance Canada,https://news.google.com/rss/articles/CBMijAFBVV95cUxOdXZTNjZMZThHMDF6UTRQM3k4WVlmX2twcGxUV2tkZ3BHSTdudi1RREFSRTNqQUo3NjFfQWFNZll0SWxqSTkxU3cxSGNfbUxsZGZlVm1HUDVEd2I5NnMxQkd5eGI0QXFRTXhjVnhqbWNEV2NlaEMycTBZU0tlYUZ6ZnpQcjNTSWU1dXRmcA?oc=5
CNQ.TO,2023-07-14,Readers’ Portfolio achieving ‘eye-popping’ returns in Globe Investing Club challenge,The Globe and Mail,https://news.google.com/rss/articles/CBMi2wFBVV95cUxNRTg0NkRyOXZybjBES1diaFR1dG1wU3BlWUNwM3RMeUpsLWQ2cWtiVjU1dGc3Qm9zeVM0TktFQURQQUh1cmREZE5BLXhJYkhlV1J2RlhHN3oyNmtrOWp2VXNma2xZa2VURmVtS0NQblliT0pTSjZCSkQ2OHg1LXVlWDM1TndTNkVEc2V3aW5VdmVTWEZHUi1xQUNSSlRXX3BJWHpvbEVpX1dRdDdWV3dhWVpPSzMweE9reDAxS3haVXlqSmhPa2tKQnhxTjJydzRKbTZCUTBielljeGs?oc=5
CNQ.TO,2023-07-15,Canada wildfires burn over 10 mn hectares this year,The Guardian Nigeria News,https://news.google.com/rss/articles/CBMiiwFBVV95cUxNZ1l6M0hFakFyWU9fM2lUNWZCbjJHeUVUb3ZQTmd1b1NrTmJEbEw5S05EaVZJQncyUzBKa1hCakoyV0VDbWhnRHBxaVZwdzhFYmlhRlg5czNrX29TVkVqSkF5bEVZejBWdUt6NnZIaHpCdm81QUhuT1lpNDlLeDl3TlRqSUpoZkRUWHZn?oc=5
CNQ.TO,2023-07-17,Here are the 150 most important people at BlackRock. Explore our exclusive org chart.,ca.news.yahoo.com,https://news.google.com/rss/articles/CBMigwFBVV95cUxPekZBQzhNUWEzMFpMcGVpaVo2WF9adWU2aG9WcHcwbnNpc3czNms4Y2tjSzByRHZqZGxYSEZjWF9GTHI1dnFKdlFFeHROWlZ5T3VmUzFDWlBadks3aHJVN2U2eTZsaFk2SHpIQkl2aVpfMTRmbUJCVGlIdGhvUXJUQWxmTQ?oc=5
CNQ.TO,2023-07-18,How to make your money last for generations,Sun Life,https://news.google.com/rss/articles/CBMi0AFBVV95cUxOcG9YN1d2a1k5RTFkQXF6dThPSjlhVEd3aG4wX2RVZ0Z3Z195aGl3NlRhWWMxX0pjQ201ZGtaLWNSR2l5MjVubGpXeVN0a1RjazFnTk5DM1R4cFpPaWFyVk8xQzRpNTVubWZkWmpRRV9lbmlQLVNNTk50ZUVHOXhTa29LSlFNbkZSMDdSbUozMUtUY29sZVFaZno3clhHLXBCc25IdWg3RGVBMFhySVpyd3pmRExkTEZCLWVCdTRrNlRKUENMMlgtZXJWbG5QeWJQ?oc=5
CNQ.TO,2023-07-19,Why Canada’s Wildfires Are So Bad This Year,NC State University,https://news.google.com/rss/articles/CBMidkFVX3lxTE82X2pncDJBUklZVnVFMnU0ZlR6ZzFWSjdGWUhhUEtUc1pXU19GOGd3UnlpMWJ0enFGTnVWYTJoSldCNTVLZ2RaQW9tUS1WdkRmQU1zWm9jNFhLbWtQb0tCMVlpLTBGR2VfME9kdzAxR3hnMmVmRkE?oc=5
CNQ.TO,2023-07-19,Project of the Century,Public Policy Forum,https://news.google.com/rss/articles/CBMieEFVX3lxTE4xOFhBaEhmWjJwOGo5ZXR3c1JRTXdiN2pWT1pVU24xWjdrZF9WaUZHM2RiYTdPeHlfeGhpaENRX2VXa18yOWM5Y3Y4T21xaFdNTlJGVnFnT3ZoMGE3am11bVlhVkpnZndJU0pKR1hib0R2OXNvN2pmTQ?oc=5
CNQ.TO,2023-07-19,Who is the owner of Walmart? Inside the Walton family and major shareholders.,ca.news.yahoo.com,https://news.google.com/rss/articles/CBMid0FVX3lxTE9rV2s0OWdsNm9OV01CNnVRNEZ0dkwzVnQzTHE4ZmV3RzhQRk9zVEdWRUNqeWg5YzdSem1NMmRWcHRCSTZuM1RRNEtWRHJmNkNfTFdUQ1VPbWdTVGtDZEI3cnRDY0tlQUU4Mk94ZS1JVDh6aVUtNy1r?oc=5
CNQ.TO,2023-07-20,Canadian Investors: How Apple Stock Can Be the Core of Your Portfolio,Yahoo! Finance Canada,https://news.google.com/rss/articles/CBMijAFBVV95cUxQZGNWZVJzMGdqOVhnSXJsbmpRTU5IUUhPb2VjYjBvQTFLRmlyMU5FWU12c2xQNk5JMU13aG9ZN3BBeDMwOEFqUGFXQzlxQUdEb1o3N2tfb24yYXBNSVBBdDNVa0tOMmF2R0JzN2RRNkFIcmdqUjFVRENNS3hkWnpYUXdVV1NBUkpzU1cxbQ?oc=5
CNQ.TO,2023-07-28,TC Energy shares sink on plans to spin off oil pipeline business,Yahoo! Finance Canada,https://news.google.com/rss/articles/CBMihAFBVV95cUxPZTJsZmV4V1gxMlFxM2gwNXNOZ3RPX0dnS1VLcVRvdXk1NFRxYTk3cXo2M1prcHdkRDZQd09USUc4eXg4ckYxSjdxUWxMbU1oVEFsdFNWX0dTRjJTWnFFZ0tLTnA2VEZobUUzTFpIVVAyTlFSWVJWaGNiWTZtaDZHTFRoUUw?oc=5
CNQ.TO,2023-07-28,Reducing barriers in Canada’s private rental housing with energy retrofits,McGill University,https://news.google.com/rss/articles/CBMid0FVX3lxTFBTR2pMU0ZQR0lqTzd1b3NldF9TME9XNUg1aFU3bndmVGF3RjQ2YXhPekxtdnNjZlJXajcwM3o3RzdSVUl2MzlYNURSMjZZWmJIdURObGlPd1hQWU1zTHp6bFViTFI0RnFWOVRROC1Oc1JNdXdVcDBV?oc=5
CNQ.TO,2023-07-28,Five Canadian water stocks you should know,Cantech Letter,https://news.google.com/rss/articles/CBMiiAFBVV95cUxNaXJvcG1WV1M3Rk96TnFNekVJWlZrZWkyLVFYaURsVU0xODdfaV8zcVhWam81YTc4Tk9kWTY1Y0o3WUlieFFJalM0ZkVMNkZUOEx4am9XcTNoU0ViTnNlZ25BZ2JqSTN6MVhuZ1lRb1Q2WDVBNmJmQVVaallfSkpwS0xHT1RuVDFK0gGOAUFVX3lxTE51VHdBazBvWUxEb1QyaTc1R3dvMUxSV1NRQ2hwOWRlekFyeGlQeDVvOFR3LTdWd01oQ0NNV2hzTlpKbDJFODZyR3JmMml1U2NyWmVpS0xJMTV5MllLdzJLQlRuQWNFTm9jTUdkekowQXdRSHJUMDhTZGVIU1ljcmprV010c1ZUblVxanpxTkE?oc=5
CNQ.TO,2023-08-01,"Varcoe: Strathcona Resources going public, after Pipestone deal creates $8.6B producer",Calgary Herald,https://news.google.com/rss/articles/CBMixwFBVV95cUxPemk2Q0NDQ2tRWlc4RlVqcUlTWTY5V0xWcXpwc1h4V0htbzlyNGd6d2dyLVg2QW93ME1ITlNHTjJQVm9TNHpfTElSUHZLQzRra1hqYW5TRzJnekVkN1VCX0xkRmpPN2F4MmZ1R3BnWUt5V2hub0wtYU1nc184V1R0dHRrRFJEWi1DaXh4LW01UjZyUkhDaXF3eksydldjelVYTGpSQnEyaHlhZmk3SHpTWjgwTEVkc19TbzM4U2ZQMkYyVkFJT3l3?oc=5
CNQ.TO,2023-08-01,Saving for a Home? Top 2 Stocks for FHSA Investors,Yahoo! Finance Canada,https://news.google.com/rss/articles/CBMifkFVX3lxTE5XRzQ4TmYwbUZZMkR3eF9JLVdpdUlGWENkdWlRWW5BRXBXb0luS3l1S3BEYW1zLVFyak5LVkNxVVlndkM0UWNSeVh3NDQxcUlNTHlud0RaUnJiT1ZBSE16NHBzR1N1LUFnczFwZS1uZy1xMXVOcUNxaTZ3bXB0UQ?oc=5
CNQ.TO,2023-08-01,Scientists Level New Critiques of Fisheries and Oceans Canada’s Scientific Rigor,Hakai Magazine,https://news.google.com/rss/articles/CBMisAFBVV95cUxQWk1UeWNuNXNtUmY4M1FDRUFRM1NjU3M3U19jcDBqUUhqMjFLYUpnQ2E5ZkxkVHR3X08yUFRiQ3hXVjFTU3ZtWlFoakxYTk96XzNRMDEwS1dDc0hTdkNLcmF3TU9NOWxZY2xsckpYWVNoR3FBWEpOdjhqaFhJbDNUZ3FtZEptMGEtaWRpY21jMHJtMzhQTFI0a2p5Uy1TdnNUa1ZIdHFOekNETE9ubE9ocg?oc=5
CNQ.TO,2023-08-01,"Strathcona Resources Ltd. to acquire Pipestone Energy, looks to go public",The Globe and Mail,https://news.google.com/rss/articles/CBMitAFBVV95cUxOcVFCRmhHMlgwZTJHRmViZjk5Mk5NeTZRamZ2SzE4ajNGQVhzY19HYUZ4RDladGt6a01mendMU2dsaXlkZ1ZxdlFHbjFQMERxV2VEOVY1amg1WS1jV0d6UUxLX0xCbnExdXgtOHN5T2hQa0hUTGc1eXVTUDhyWG43WHo1MmtZd3BhUEc4dDNLUTduX3JNSVZ5bjNLNF8zTnljbDEzYTQ5ei1DbEdtUXRKTHUzcXk?oc=5
CNQ.TO,2023-08-04,Canadian Natural Resources Is One Of The Best Oil Stocks Money Can Buy (NYSE:CNQ),Seeking Alpha,https://news.google.com/rss/articles/CBMisAFBVV95cUxNNEVWTXdlQTVTdWtzZy1PWjItWVM3bnROWnpvVXM0bnFBSTNVek5HTXJHTGJJRjBIajhZZmxaaFRrRnp2SlF1VEl2RmZ5bTBBMzBLOGk4NkJKQ1FDeHNSWGpLWUwzNDd6LUFhT1ZJcWNTTmFjcldIdDRwOVVzWFlTMUNrZWlldlJFWW5DZjQzM2pvWElWaEU2N2VwQmRWTGxKcGlNQm1fS3I2djh4UUlaeA?oc=5
CNQ.TO,2023-08-04,Before You Buy Suncor: Here Are 2 Energy Stocks I’d Buy First,Yahoo! Finance Canada,https://news.google.com/rss/articles/CBMigAFBVV95cUxPc1JTdzBXRnNNRXU3cjFHUXUxbE1ySjNTckU5bnNvUzVDMHJONDNncU45NVYyTWYtdGJiaHZud3pVU3JHUk5HV0pidEtpNGdjTDJpeXZTYTZKaVdYQlp0enVUc1dqamdacTByWTBTRzZmdEEtOUFvU2VONTlsNWQ1cg?oc=5
CNQ.TO,2023-08-04,Canadian oil-sands producers to raise production to fill Trans Mountain Pipeline,World Oil,https://news.google.com/rss/articles/CBMivAFBVV95cUxPdDNndFZnVmVHbnpnV1BiRVlfODhrYkNIUzl5eDNJMVQ0R3doeWI2cWNiRnBwV1psdDQ0SVBrc1lodlBFOFpyT1NBNFZVcmdQN0FJb3VQTjFZc2w4dXo5Z1otamt2SV9XODI1QmY3MFpQbTZVVkc4R0pISnRNbnFlY1ZVaDR1d2JwVzdoTVJ6dVFFRER0em5fTmZxbW90eHlPRnA1NTMtVk9NZDRhM0lRYk1pSGNJQ1JtQ05BdA?oc=5
CNQ.TO,2023-08-09,Helium Wars Why Are Tech Giants Fighting Over This Rare Gas,Crude Oil Prices Today | OilPrice.com,https://news.google.com/rss/articles/CBMiqwFBVV95cUxPU09GMXpuSnRWdF83TUdZVXUwVEVqSDJ5YWdDX2FjbnpfejZwb1hZeVBkZnZ1Z2RMa2VfWjgydmdNU0F5bmRfcGFtNG40U3piOGtyWmV6dUpvbWMwTFoxY0MtY1JqX182Z0RFalJGSXFoYTZiU2ZwNU94RFFjTmdJYWVNaTl4QWpfRC02SUNWY1JNZW9vNm43VC1seW5SRVZKZDREdGxfV0ZQdE3SAbABQVVfeXFMT0JEd2swM1FobnQ4TlZyZ0NqUldqRlFtSmtlb2VySFh3aHhtUnc3eDNqNGpwWk5jTWxoMlktWHpEVXU0aUJRTTVDVHNvcFh3WjN1NWtsN2JPZGdmRTEwQV9uRDBBbnBOMGdJQ1gzTHZtWnJKYTIzbW9PeHJCNmRmclNxODZYRThoODFxVFBZOUJSU09Wblc2WGFjVWVkRHdiaEhhOExQV0h5RWZyaUtIalI?oc=5
CNQ.TO,2023-08-10,5 Renewable Energy Stocks on the TSX,Investing News Network,https://news.google.com/rss/articles/CBMimwFBVV95cUxPN1FFMHI4YWdLX0JERkQwLWFsaFcybzVKcmFXbHVaQ295WlQ4cXFxT2MtZFUta25iY2pZTHNOZ3g0cjhhdlNhbEx3TDNVdUx6N2N5TkRYYXdILVFlcDR0R2d5ZU8wY1Fmb1NSTzRPVTRXRFZYMlR5WndnTkpwTHVZblhma3VGeTUtZjhUR3IzOWZENmlPX29WZDNDQQ?oc=5
CNQ.TO,2023-08-14,How Have the Most Expensive Funds Done in Canada?,Morningstar,https://news.google.com/rss/articles/CBMilgFBVV95cUxOdW8zNlBrR19vVU5ubi1KQmdkVjNMQlg0Q2ViVzdUT0JwZXUxZ0dJb0xTdWI5bUhMajFkTFI3Z3YwcVJHcGphMy1EU05Bc1dfVEdzcEIxS0ZUYWlURENOd09TSVBWSldvZDlHM1JDSGFZX1JMLU42UVhhLWJYUlYxcTNIMEFMeTg5VGVQRDVwZ195S1hENmc?oc=5
CNQ.TO,2023-08-15,These 2 Canadian Water Stocks Are Stellar Liquid Assets for Your Portfolio,Yahoo! Finance Canada,https://news.google.com/rss/articles/CBMihwFBVV95cUxNZWpGbFdXNmxJZlNrSGotVEZYMEpMaGZPdVd2cEtzblNwZHhDNmJlU3dpcEhBaDhBMGJweFowOG50dWdUeW9CNHN3bHBnb3IxekZTSEhVM2VEbHkyZHZqaEpLZWRrMEZ6LUZ0V0RyOGZfMHJ4YWNXcVc0bmMyNG9lS2lkVVFxNlU?oc=5
CNQ.TO,2023-08-15,Better Buy for Passive Income: Enbridge Stock or Fortis Stock?,Yahoo! Finance Canada,https://news.google.com/rss/articles/CBMiiwFBVV95cUxPOS1kVTVkMGozODBCaXNjZFgtdnpXSkJTRUp3T0xsNkM1TDFkdGFQNHFZSW9UaE9IMkhhbnRrZFFrR0EwV2lfSnVvMzdBTjcyR3VvUUFlX1hKVjctQS00bjNEaHVJQml0WjVRX1MtNWdIX042RTRtdXFvTVJMRXhHazI1R0NlTzVKV3JF?oc=5
CNQ.TO,2023-08-16,Carbon Engineering sold to US oil and gas company Occidental for $1.1 billion,BetaKit,https://news.google.com/rss/articles/CBMingFBVV95cUxQVml1UDYyYlR1eWF0SzllblVEa00wVWdiWnZqa0FHZDk3dkdxNnJRSDFadzE3N3hndkQxcm91RF9LMHJacVpyLWlfdUQyUTg5Sk9rcjBPbFk3LUdBcmI5RnBzTTRiSzBSSkh4V2h3T2tZczZpWlFqSzFpdEdMMUpyUTFGMVo5REI2VzBIeXR2a0g0d0V5Vy1rWVBlVG1FZw?oc=5
CNQ.TO,2023-08-18,"FHSA Investors, Rejoice! The Top 3 Stocks to Supercharge Your Home Savings",Yahoo! Finance Canada,https://news.google.com/rss/articles/CBMigwFBVV95cUxNTlRmYk1mdjUxSXB3eGx3YTBqWF9ZdnFiSER1MXlfNnFBaUpWVExVMjVwUzFPZ3E2aHpVQURLN2lYeFVQSWk0X2xfaHR4Tm0wLXlNaTJyVmNjRFBKS0gtVnBoNVplWHJXTV82S2g1RGFhMnU5NHFYa0VGaU1KT1JVbjNhOA?oc=5
CNQ.TO,2023-08-18,RRSP Investors: Should You Buy CNQ Stock or Fortis?,The Motley Fool Canada,https://news.google.com/rss/articles/CBMiiAFBVV95cUxQc2pYTVBvcW5kWDdrUkdJRjBLY2F5aDktajNTZUJtMWtGMHJWMHg1Z200Q21VR0NwRkhYTlhRYllmYjhqR3JNSmxCRE9qRXNaV0JCbUJucDdiQUNfVHp0NTFqd0tpck9CT3JVRWQ1TzVjTFVpTWt0T0xyMGN6bHFZdXEyNjlwU0RY?oc=5
CNQ.TO,2023-08-20,Wildfires in Canada,Geography Realm,https://news.google.com/rss/articles/CBMiXEFVX3lxTE4yVFFuVEJ6SjkwZ0tjLXFuLTNYT0RVeEdiZjVUZ3daM1gycDM2ZFItTU11dnBmWTFLWGFfdG5aekJZR2dDcGgwZm5fa3lrWnZtb1NXZC1qXzMyZnhp?oc=5
CNQ.TO,2023-08-22,Canada invests up to $74M in small modular reactors for Saskatchewan,Mugglehead Investment Magazine,https://news.google.com/rss/articles/CBMilgFBVV95cUxOVEdsbDdhY2RxS2JZb3BSN1VYUU5DMEpOSHpGd09OUWZ6cDBKX0VqYkYxTEhIZmZZZGdaanJGVzhmcmhoMjI2OElIeDRVQ2VlQS11WlJkRVdCajVHZmM2dlBfbVR3U3AyckxXUWlPXzZBajZYYjE1SXZGQ296WTh1bXFNZ0U0MkFXRDVQSDBPUWxyLXpNdUE?oc=5
CNQ.TO,2023-08-23,"Canada steps up pace of oil production growth, seen rising 8% in two years",reuters.com,https://news.google.com/rss/articles/CBMivwFBVV95cUxQSFROSHc2UUFzRzJWQV8teUtVY1otMFNzSU9JX2pzLTh4WWVOeXVuNkdfZTk1cDJZZlBIemRYaDc4aHcwVG5CZk16RFRYeU1lVjNMOGdydUYxLTJPakwtemxlWkVQYVE4Y0tPdGJ2ODlHWE8tLXdYZkd0V3NJcmVhM1BIRDZObF9nQ1VzemJhSVkzVEhab1doQlJUSlQ1ekN2aWw1TVJnNlBROTRSa1RhaTVrSU1TMzItQTBaV2djOA?oc=5
CNQ.TO,2023-08-28,Montreal Bike Share Pulls Pathways Alliance Ads Amid Greenwashing Controversy,DeSmog,https://news.google.com/rss/articles/CBMisgFBVV95cUxQT2J2a1JsQ0dWQVhxa3Fza0s5eVU4a1RyRUtFVzhiMDhnRzZfTGJRQy1ieURNZnE5eHZqNWZXOTZhT3V4eS1yMnQ4RmFaeTI0Qm9WTVpiZ1dXcG9MSW9UdWMyYmQ3WXhLTHAwa3JzTXlPWFpXY2lCa19zR3EzSDAydnZTRHdObjYtbUNMNnBXN3VzMzFmSGRvQk41eUM0NHdtSS10dnUzT1M3MjBNejQ3UXZR?oc=5
CNQ.TO,2023-08-30,How ‘class act’ PSP acquired outback land and hearts,The Weekly Times,https://news.google.com/rss/articles/CBMihAJBVV95cUxQZmt1M1NLRnBpVXk4ekgxY2ctY1hveDcyNHBibmxDaUhHbURNcmxfZmhHNDVkQnlVbV85UmVQU184cFloTmNCMDF3aEV6OEp4WmZpSDFWcHZpOHItY1h5VGZIdmYwU3NkbTlHZFVsRmpBcXVOX2lGVEgwdVJ6OUxSckFsOXFneGotMTRVSGt6MzROblZFai1iR2lqendOR1Y0RGdJZE5QajBMVzVLaEItNnZ1ckxpWml0eVZubXlJTzZocnB4MGNBMW5Wb2dFMjdEWUVUYnBVcmMyZnVLQkpRMlh1c180aG9YQzR1TnN6MDRGOTAyOFhjSUVtemE1UWRkaV82LdIBigJBVV95cUxObVZHWkM4N3BUUUVmOTRtLUtJNGtUTFF2alRMNU5FLWZaeC1lY2JPUkI3cmVLMElaQVhRb21GQzFWMTRYRmhYT3JHTjZTcGI2S2hDaEtqTnJzRks4MkdyaGpWNHM0eGctS3NjV3NCXzg1RFlZc2FVdHY0bjd4d3M3M0hkQ0VWY05nT1VBNjVtZ2VxS0tLMXBEa2Rid25KeUhJekcxZ1k4M0MwdXJMTmNtNWNvQi1DNVpZNEloMzhYM2pZYjRObWQydGt2MktydFFtYmQ4b2VGenRXaGxIMmJRUFdCc2M3WWZXQzU0bEpnaFZrazhEVTJ0MXVPVXZrV2N0TkJIT09aMXc4dw?oc=5
CNQ.TO,2023-09-02,One of Russia's richest oligarchs who now lives in Dubai says Putin's invasion of Ukraine made him a 'pariah',ca.news.yahoo.com,https://news.google.com/rss/articles/CBMif0FVX3lxTE1TRzd1a3FIMzZXcjNMY0NMQU92eW9BUVRpRnR3WHZvVm1FSmp0UWFES1BRTEVFaGltMGxYMUFCamFkUjRSb3hHazBZODNmWEVfWUF0bWlGSHlqMEtPcnJDQXFZdUIyQm5IVUVFUHhSQVY5WVVBZnZMNERLajVOS0E?oc=5
CNQ.TO,2023-09-04,Canadian Bank ETFs: An Easy Way to Invest in the Big 6,Yahoo! Finance Canada,https://news.google.com/rss/articles/CBMiggFBVV95cUxOZ2pLeHdjWGJqZjZRMW9aa2o2dEhNc2dseldrVWgzQ0RxLVh1bjFLZFpQbVFhczlaOGxjLXBvVXRMVDNiWklVOWs5ejBWbE9IejE5NnFWOWlJdTdXY1RGZ29Qc3lWa1k4S2lUa1FRNlA5LXEyeDRiWjUyUmNNX0M5TjlB?oc=5
CNQ.TO,2023-09-05,5 Energy Stocks With Low PE Ratios and Paying Dividends,GuruFocus,https://news.google.com/rss/articles/CBMimgFBVV95cUxNeHVZUERuaWFZaFVOc3dVTEt1NkRuM18tS0l0MmljOTdHQ29NYkV1RlJCZW5IaW1rQ05KMDA1bWRuSFBFeVdTV3BoaDVWOFRibDhpZVhOQjdkSnd1RWZWWUZZMkdXWkV4ZDhtd3NGdC1JSGhnVkpVV2kzdE9OaGZkYmpQWjBnLWUxZktYbmNfTnBxQm96LTNyYURR?oc=5
CNQ.TO,2023-09-05,Most heavy oil sites in Saskatchewan don’t measure pollution: scientist,The Narwhal,https://news.google.com/rss/articles/CBMicEFVX3lxTE92QkcyQ0c3Z0xkb0NuTldFbG1DSmZTbWpkbm5penFCSGgtVU9GRHhJRjJpaTVjdEQ1dkdkd05USXVrOGFpZ3RQTTFZX09PdXB5dl9GMlBVUDktYlZjX1Fab2R1RVNBamE3aE5LQmROdEE?oc=5
CNQ.TO,2023-09-06,Enbridge stock falls on US$14B deal to double gas utility business,Yahoo! Finance Canada,https://news.google.com/rss/articles/CBMitAFBVV95cUxOVHRJeS1nMFlKZC1vV2RyRkN3dk5obU13eGJiSm1ScTZ4ZVVQR3dDeU8wUXY1d2ZMRHBZaFlqOUpaLXE2QTJKdUdUOWg0b2ZxQlhUMHhWZEZnVmdTLVhHVHRzN2NHeHluYjZibUZJRlFrRmMwaHVkcElNdnZLOHJlcnF2NXBvbTZSV3VhZTh2UUZHN3U2SXpUdE5udU1rT1d5MVM5ZTNaSzM3REVRR2ppa3RuOHY?oc=5
CNQ.TO,2023-09-06,"From carbon sink to carbon source, Canada's boreal forest is at a tipping point",CBC,https://news.google.com/rss/articles/CBMilgFBVV95cUxNenFEZjlxTjNYek1BblVSc0FwXzJMa3JkcWFzVU4tc0JkdENWaGdacF9TMUFSdk96djlxX0tXNmdqc0NwUUdtQ3VUZ0lNbEZIU2VzQnlsSk9hcHo3RzNkZ1VBUjl6RHREZVN1dVNaRUs3dUZnblVHdGpMSnNVbWFSUW5PanFEN2g2bmFqVDlZamcwUG5OdlE?oc=5
CNQ.TO,2023-09-06,Factbox-How the EU's Digital Markets Act challenges Big Tech,Yahoo Lifestyle Canada,https://news.google.com/rss/articles/CBMihgFBVV95cUxOa2tFZ2xEUHUybVlxdk1wQVpfT0VDa25EMG9NWlM1bmVoekI2TlZPTlo4dHRaWTI4MWxmVWFCektlXzFxZUF6N1VPZTQzaEFMbEdYa3o2djI4UXlidlNMVUtJSTUyUmIyZWZXNVdUYkxjbFF0RkZOMnZvNE1RU0UzREdqa05Bdw?oc=5
CNQ.TO,2023-09-07,Canadian Natural expects Trans Mountain expansion project to be delayed,reuters.com,https://news.google.com/rss/articles/CBMiywFBVV95cUxPdWtuUmI3ZEJ0b0ZxNDkzZGtqQzgyM2R0c2QyNTkwOWdRLWMyanphQWw2VUlNOHpLRjQ3SDFZMkdSV1QwbDZzNlQzd3BIWXhLcHFVMnBRTnZFdm9obS10LS1LV29lREFVYlJWQ1lWSF9BREhxTUJjVFk3Q2V1MG0yZTJaZjB4NWs3bzY0QUVEVVJWYllZeUdjNnhEckxESTE2Ujdscm9nRVYzMlZ4TlY1eUtUNEp3bi1IdlRnX2E3S21iQk14SHhJTTk2Yw?oc=5
CNQ.TO,2023-09-14,Better Buy: Enbridge Stock or Pembina Pipeline?,Yahoo! Finance Canada,https://news.google.com/rss/articles/CBMiigFBVV95cUxQUnZlTHpoVU1MVzNaUHRIRTk2djM3YTQ5Nk40QVpzVFpEaHh6LW1QUUloN2FuUWZaZ3JUVkVDT1JYaXhiZ1BLbkVjNUZaS0ZkNGpiYWtYRHpaV3I5WlNRczhPNl9CUDFMUklJbXJOQWVRRktQd2xONWhXYWhNSXpBRmtvRTZPRUFVZ2c?oc=5
CNQ.TO,2023-09-18,Canada’s Gen Z and Millennials after side hustles according to BMO survey,kalkinemedia.com,https://news.google.com/rss/articles/CBMiqgFBVV95cUxPQWxIbDdYM0pVRVBEU080bmhWQmtXb3hjOXBGb2lubHgtV1FGQzZKU3dXVWx4NUViYWk3YTNMTFBLal9wQ0ZKWk5aSjlXd0ExaFYtQ3lvUFhlNnlMYlJPTzh4ZmV4WlA4UG1sOFRDbW9tVjEzYjJ6Sm5VMTFoUmo1b0xVdGUwN1cyOWUycVd0YXhJbTJuSW5MTW1BQTRoSXU5cHg3YlVmLXMwUQ?oc=5
CNQ.TO,2023-09-21,"Zillow Gone Wild features property listed for $1.5M: 'No, this home isn’t bleacher seats'",ca.news.yahoo.com,https://news.google.com/rss/articles/CBMigAFBVV95cUxQamQ2NzJhSjBIaDdkWnZNRDBUU29ONU9xT18xRDllVTlwZXdBUjNpTWVURXloNjRUOHNKblJPWU9lUWVHLVVzU29jcXZjdGpBMFlTZ1hMNGZ4aWduaW1NTWFlUkdCS0lYQlNMWjZOZ195WVR1cWlUUUVXQUNYRHFkLQ?oc=5
CNQ.TO,2023-09-29,Why this money manager is holding more cash than ever in a ‘very unstable’ market,The Globe and Mail,https://news.google.com/rss/articles/CBMi2gFBVV95cUxPeXJ3WUVjdEZoTDZmN3U3QVlIOFpNaG1ROFoxdWxEdEpfUGljY2kxZWxsMExBX0dqY2FmZWNfSUNPd1RwbzQtdXd2V24yZS1TbU5CTEJaSWM5ejNIeGdjXzJzMmxuUHdJVlY2WnZzOHludTRRUm4zZWtsTndkVlgzWEpLX3JJZjJibEFUeUFJaW9XdEdnQllTa3FWb3cyelhJZUI2X19DQjBmbVZGUFpXblk1VmMtbFAwSl93eU1kZnBMRy1VOW94OHJobmVkWjZyWDVOX09TT3pMdw?oc=5
CNQ.TO,2023-10-02,Where Will Enbridge Stock Be in 10 Years?,Yahoo! Finance Canada,https://news.google.com/rss/articles/CBMihAFBVV95cUxOSjZyZWdKTFlpY1R4VDRDcjlwZEcxU1J2TnQ4aVVnVVJXWmVYbHpYcjEzcDB3UHd0a2lzNVk0Wk5fdDFoWjNBZklpSXF3a0xQSVlaS2hSa0dNQk5mMFR4d3hCUkk5a3ExR0RXbU5QZ20yRGoxMDFPbVFkUExxNlJzSmFDd04?oc=5
CNQ.TO,2023-10-03,Strathcona Resources Ltd. announces closing of Pipestone Energy Corp. acquisition,energynow.ca,https://news.google.com/rss/articles/CBMirgFBVV95cUxPN2F1QUd0bG5nWlF0dHFMc0M4TUJZVE11bnJhdE9SQmR4dWpWMmJXVG9Kcmc3eGZfY2tDcTZ6RE1DSzBXcDA2Y3FoOFJBSE5TbndWUkhPX1U1dEdPOHBjVTZVcU1TeE93VENRQWRCaHp4VDdpUUNkUXFTXzREV2R5Qld5ZzlPa0pORmxITnVUa1J6UFJyWmltSW02RkhabHNwcDVGSDFVaEZQYi1NQ1E?oc=5
CNQ.TO,2023-10-04,Why Alimentation Couche-Tard Is a Better Buy Than Enbridge,Yahoo! Finance Canada,https://news.google.com/rss/articles/CBMijAFBVV95cUxPRG1LZGlJalRycmtOSkRRS3FuWXRPdFRsRVFnbmtnWVE5dVFldHVFUTVsdVQ2M3QyRzJhdXl1UUZ3N0JORDZVZU4yZTFYYkhWUTYtd2pCbEFwRXpwNzYwT2ZBaTEzWWd1OEdCMFVQZUR3TV92a0d2eU43azZoTkdWYzhUTmI2SjhvRjYwUQ?oc=5
CNQ.TO,2023-10-05,Royal Bank of Canada: The King of Dividends in the Banking Sector?,Yahoo! Finance Canada,https://news.google.com/rss/articles/CBMiiAFBVV95cUxOQW8wUHhVTG13WnV3TjRSbWtJWUZMVFNwTWo4QkpNWEFpRF82NjNiaGtpV2VKY1lLUzZoWDJFcjVDeGNPSURkVGNNU1Q3Sk9PemVIWGw4V3RNamdobnhkbnJmVmYzZzBUcTNwZjZ0Y0dKamllZGRxZDRhWkxLMWlRcXpXRWVtTllo?oc=5
CNQ.TO,2023-10-06,Trans Mountain to start line fill on Canada oil pipeline next quarter,reuters.com,https://news.google.com/rss/articles/CBMiuwFBVV95cUxOUW9rUVVpZjBqWFVSeHJaQlZnY09uNjVJeERQNEpzNXZHakM3UnpMREFjTWJMT25rMGs5MURTbzliS0NsNW1KeTdqaXdyU1hYRG1LREZkMENlSG5sdndlTjF2RFRPdGpndGNKTjJwLUxxbEFlcjQ1YUsyZDRKT0Y0NFZzdDZ2TVZ1RjFra21TejY2NURIckFmRExxNFc0eTZHelNHcnFiYWplX19ETm9qTjNkblFOTmR4Xy1B?oc=5
CNQ.TO,2023-10-09,2 Smart Ways to Invest With Rising Oil Prices,Yahoo! Finance Canada,https://news.google.com/rss/articles/CBMigAFBVV95cUxNUEF1RHFCNkZYTUptcFJ1QnZ0WUxGVG9WN1NLZEFBVkxUVWdrRUZzNklONVhiVWQ1SjRvakRpSG9QUHRTMkZpXzNRa1lGUUliLW9Yd0ljbG9qcmRXVE1KWUMtOTlHcGV2czhyYnowdVNidFVlQ09tU1otWHhBSUkwMg?oc=5
CNQ.TO,2023-10-11,Exxon secures lead in top US oilfield with $60 billion buy of shale rival Pioneer,reuters.com,https://news.google.com/rss/articles/CBMiqwFBVV95cUxPWUFSNVVsV1hlWkZwZUN5S2dvcE9uMWplMGN5dXZBbUdLNmhaRlhYeE1yeU1QOUFBQzM2LUZ0cVJ4VU8xakd6dXd4bjd2amp4RWJoRHZnSEo5S0ROV1MwYm5jYmE0QWt1S0hNNHhMeVM0VjQ4Y05LMVpiQTFwUEV4WTJZZ1lXM3FmZzNLY2gtSXczTmdpbkV4RG5tU29PLW5XLTNUeS1kSm9RRlk?oc=5
CNQ.TO,2023-10-11,ExxonMobil announces merger with Pioneer Natural Resources in an all-stock transaction,energynow.ca,https://news.google.com/rss/articles/CBMiugFBVV95cUxObFoyTG1qNDBJdFQzV3Fpa1dnSnpKWk1RREx6cDF4N0xfSU9NM1ZlbmViNkhWaThqcWw0c2ZqQ0xPNGszTS1iMjB2MXdiWWNIcThVM0NXZ2xKaGVwc2N2MGsyT1lQSlFXcmpLVkYxVFkwb2g4QlEwYmVVUnBLTFVjVHI1TjFzdDNVeC1UU3ZTR3FmUy1nMWVoNnExRXlsLTg1c3loeFpSZUw5TXJWQ1ZyVUhOeFhCeEdlTVE?oc=5
CNQ.TO,2023-10-11,"Revelstoke, B.C., To Host Bioheat Summit Next Week",Canadian Biomass Magazine,https://news.google.com/rss/articles/CBMikAFBVV95cUxORFN6STdXTVFOUHdLUk1HUUlXSVhSazlSdndleW5KRnZKUExWZDVkelpWbG9vZzA4UlA1b2JRZWtiWmhRSlRHeEdYaC1CbG81TUw5emVTUk84X0IwTkFJbnd4UEFycGRFSEFsS3REZ3JLWWFvT2sta3dEM0RtLTkxckNPRmlKNnpsOVVSN0NabW4?oc=5
CNQ.TO,2023-10-12,Better Buy: Nutrien Stock or Mosaic Stock?,Yahoo! Finance Canada,https://news.google.com/rss/articles/CBMihwFBVV95cUxPUHkxbW45WWlPc2hnMU5kN0tCOE10emw4cDRoMUV6Vk0yUGtIemdJZlR2VDFYR1RKR2JKQWo0MjhPcmUxX09YeEZ4Q1RmcXllRkxXN2dhRmd1VzFsRkdxcW5VWlpNbzV2Qi1vMFB0dWdUVDlqT3JqOXBheGdEWmFLMExmbWpfY2M?oc=5
CNQ.TO,2023-10-23,3 Dividend Stocks on Sale That You'll Want to Hold for the Long Term,kalkinemedia.com,https://news.google.com/rss/articles/CBMisAFBVV95cUxQUmwyNWNEVTN0QjMwVEp0VlZxZUk3ZW1oaEdqNllhdklydmVYNWRVY2VhSWJobnFZWjlhcGE4aUNRM1g3ay0xMjF1NmpGUW1ueW8tVzhqUTVSQVROT0tXVDctYm04bzNGdGM5S2NhSUFyYjBsMm5FSDU3RVcyTkllYlZGOHpBNW9KQTJQX2tlOGFobERCc1V5QTQ0dTFoSU0teVhFSWFhRmR1Wll2Y01pXw?oc=5
CNQ.TO,2023-10-23,2 Top Mining Stocks to Buy on the TSX Today,Yahoo! Finance Canada,https://news.google.com/rss/articles/CBMifEFVX3lxTE5GSlZ5VlZWRVlIMUZ4b2RwT3dLenBhdFFpWEhwVWR3R2lLbHhDXzBRZEFsd0I2MV9mVkloS3BDRTdpamhDbWFDdkJOeGRNMVRIZXg2U1l1YXVZUjBvRXk2ekJ2ZFlFYzdtcV9PUEk2Vk1tOUJDdTMzRXdXNmE?oc=5
CNQ.TO,2023-10-27,Timber Rising: How Wood Can Spur Canada’s Green Building Drive,rbc.com,https://news.google.com/rss/articles/CBMiugFBVV95cUxPVnlKSW5aMktRZF93b0FrZzQwV2ZMUjJ5R0NzaXRSTU0zYUN4VnVsZDhTNVFqcUtPOUtlRjk1QmpBZUpHOUdWcFA5X3ZlX0VobWpkc0VkVGxvS0VBT1ZNR0ZybkRWTEJnYVlpTS1CWDNCbEV3ZUtQU3huaWRNcWJBNUMyTEZnVTdpZFdXLXEwdFh5aXhoS2RuUk92cEF4T2ZVRHg2TjVHYzQxd0N1SjdFSkxudGhrX2gxTVE?oc=5
CNQ.TO,2023-11-01,The heir to Red Bull is Europe's richest millennial – and just banked another $615 million,ca.news.yahoo.com,https://news.google.com/rss/articles/CBMiekFVX3lxTFByQktqRnVzbnltNWgyU2RfeDhTQ0E3NTZhTUt5bnVTVHhBQnBOWThkcms3TTdpaVFnaG1FUlN5OVFjRkJrS2JYbDFUM2xSSEd0aWlWdG53SVVUOXh6RGhJTERRTFZjYXh5WllRVW16QzVaS2FudGdNZ0ln?oc=5
CNQ.TO,2023-11-01,RBC analyst makes three changes to his top stock ideas for global energy,The Globe and Mail,https://news.google.com/rss/articles/CBMi2gFBVV95cUxOS2pJUjQ0d3BleHFSMWNLWVhnUWg5SElZVDVXLXdOaF9KMGVTNE5wc2hGWmR6dTlxRzQxRC1vUDJhTkZpeC1ISDQtZ3FfMW1WcURPNVJhYUNjOGl1cXZqSVBadXNoVG1sckdBZjNQcE5WV3dWVDJpRWd6eDREZXpycEVWZ29zTmNMSmd0NlRtMFNyWk5jU3gzajNLOFdxRDNHSWFDR25jWThfd0dnaVhuSHdsbmJUWXRIeC14LWNOZzJSX0xpTmtHbm9NZVRYdnBpakpTOU9KbVQ3dw?oc=5
CNQ.TO,2023-11-02,There’s a Bear in There: Fin froths over new Canadian lithium find,stockhead.com.au,https://news.google.com/rss/articles/CBMiogFBVV95cUxQV3YwVHFFYkhwX2NvZXlNMW9ZRVRZSVp1NXFzMzhDd1VyUEFuTFRkeFN6b0hnM25lREIzREpiNUtobUhCM2IydEVMbEczWE9KR3EzRVBsZ2R2RzMycnl2d2txVXlkZUpQVEFkemNiS2dnaUYteENLS0ktc2JwVEg4RUxYdGFzQ1pLelhaRW9naTJuZmRwQUMwUG0yWGNyTW9GNVE?oc=5
CNQ.TO,2023-11-02,"CNRL president Tim McKay to retire, Scott Stauth to succeed him",CBC,https://news.google.com/rss/articles/CBMie0FVX3lxTE1wT0FIQ1F6ajBqQW92S2lYZ0JYQVVIcWw1eVBoYklJaWRXWWdLek1ONHZXTkhFSlNvUDdxbXBQejdVZHNqNDk4NnRHM0h4WEI3cUswTnN1MEtFWjRKX1N6SEt4R2kzYkh0RzdSUTFrZzY0M3JZYXdvT2xtaw?oc=5
CNQ.TO,2023-11-03,Vaclav Smil Tells Shell Canada President Carbon Capture Is ‘the Stupidest Solution’,DeSmog,https://news.google.com/rss/articles/CBMitwFBVV95cUxOUVJyZDVKdFJPbUFEcVFXekVFdXpTekpLVXFmdUk0N2RMckhJbU80RWxXUTBLOXlTbmNIcEp2MVFmakg5ZVRzd2tLdWZIaXQ3azFlVFR0VHVyWE5JU0JRVEk4bF9iaFRwcmpqQXNPTFg4ZENycUV1QU1jd3V6UGw5Z3Zjd3RCcEVoaURuYjFjSFU2QWZURVFMdF9EVEgzM3BXbWhfaVBFci1EWjU3emhTbnBJVmpmT00?oc=5
CNQ.TO,2023-11-07,"Monokei Standard Keyboard review: specs, performance, cost",Yahoo Lifestyle Canada,https://news.google.com/rss/articles/CBMihwFBVV95cUxQQzJvMk9QMkZvSk5qR21wSGhPdjk4NzlvbjJCQ1JYTVFtQnFjS1pVUmZGdG5BT0ZaVHBtWmE0VFNpTVBJY2JESmk1SUl5cWNQZGJNSy1EOUtSZXNLSmlNNUJqLUNUaDhXSGlBMVR1a09JOGFlcHR1MVkyc01XVFRuV0s1YVdjLTQ?oc=5
CNQ.TO,2023-11-07,Top Canadian Energy ETFs and Stocks,My Own Advisor,https://news.google.com/rss/articles/CBMickFVX3lxTE5NVThaQlhnaS05bUlFUk5qLUVUcWFqQk9WU3hCTFlFbHhkWWduZXNkZ0hBVlRkUTNUZFlvLWc1ck04N2lRZGhEQlJHelV3VE5QemI4RWlUNzR5dmlSOC1kX3VyVVFjckR0a0xORHJENWZMQQ?oc=5
CNQ.TO,2023-11-08,"Bridgewater spent $1 million renovating a 45-foot 'Rockstar Bus' to shuttle employees between the office, bars, and casinos, book says",ca.news.yahoo.com,https://news.google.com/rss/articles/CBMihgFBVV95cUxONXRNMjhKX0FIcnJZZm9yeElINFZ0aEpjRDlGYTlidlJIbnB1MG5MWWF1bmpWN2ZfNHU2R1RCTjkwcE9heXp1M2hIWjluXzYzWU1sU2pPTDVGZ2xjNXdCREdvUnNEd2liR3lyNzBIV3NPZmpCVDRyZFFIcmRXTHo1OWdOU19NUQ?oc=5
CNQ.TO,2023-11-09,2 Top Agriculture Stocks to Buy on the TSX Today,Yahoo! Finance Canada,https://news.google.com/rss/articles/CBMigwFBVV95cUxQRHoxMGdKWkFJdWxPN1dONEhZNWVKVzNSZTI4Q2t6aWMtbUlPWHpfMlFJZGphR0RDQ0ZjYkN5cXdSZ0NYVHRURnBCTHROZHJJV29pX1lfYlR2Wms1SnYzRXE0Tmw4dFJYYTlYTEF3QzlnbFNzdmFYekNWWjBYekZhMXIzWQ?oc=5
CNQ.TO,2023-11-10,China just bought 3 million metric tons of American soybeans,ca.news.yahoo.com,https://news.google.com/rss/articles/CBMid0FVX3lxTFBDaTdYQThXQkliSzl4RWRTd21xODNBcUpHaHBEMzJpTUVrTDlEZ3RQRUJ3V1M3eVhYQkhUajZ4cVRDZVFkZFZOUDlER01KRlExb1Exbld2Z1dNQUlCNFQ4MWZzYUdTd0JIdXVWU0Raem8wNnFJQTVV?oc=5
CNQ.TO,2023-11-14,These are the top 10 holdings of the Mormon Church's $47 billion stock portfolio,Yahoo,https://news.google.com/rss/articles/CBMifkFVX3lxTFBIZmlialAxWFpsTm4zRDhTc2lUa28wU0d6NUo2VUhjX1lrZ1BzSTJXVktLT0FMYk1wai10S2ZILTNpbUNWaWJwQkpoNlIycnRNUzF6cjFHOThmLVdZY0g2NDhMMHRkdlpfTGNnYXVTMTZic2lHUS1jdmNHNGtRdw?oc=5
CNQ.TO,2023-11-15,3 Canadian Small-Cap Stocks Packing Enormous Potential,Yahoo! Finance Canada,https://news.google.com/rss/articles/CBMiggFBVV95cUxPaC1rUHdkMHlsaWdGVnpXd0FuVWJFZDIzRXVKVmd5SEU4UmdEWWN6Y09VM0JLNV9Gdi1JRnpuQjNHQi1FQXhCblhoN1ZqY1kzbWFjQTFqeTQ1NWx0ZDdrUEtrazJOazV1MWtwSG9XQWEteV9nZWdiSk1YdGhsNEgyX3hB?oc=5
CNQ.TO,2023-11-15,How to bring Screen Mirroring back to the Control Center,Yahoo Lifestyle Canada,https://news.google.com/rss/articles/CBMigwFBVV95cUxQSU9FMTdXMzZIazZyYUNlQzBGYjJVVEtWMC0zeldDYkVqVjRPZWRTRWNrVUtVQVpnVjdmZFd6eVdhUVFtX0NoVHdDTS05S2RzMnBCUGF2Ry1wOXM2OGtFQzRJNmVlVlBXYkt4ZkxBRmtIV3pVSXkwVUNoRXpnRGNvWG9Vaw?oc=5
CNQ.TO,2023-11-20,Top five executives at Hammerhead Energy to get $70-million cash payday from Crescent Point takeover,The Globe and Mail,https://news.google.com/rss/articles/CBMivAFBVV95cUxNTzhoUjR6RkJDSGFEUlFuLTNWUm1wN3NyZnJlNmdfZEc2UjJyRTAxT05tOTZMdzRyNmJvQXY3Y3pEQjREUXVIcHRRaF9YaVBOaW8yZUk2YUY1VWFFYm1oeUcyMHNiQUdJNkNaMWo2YXZRSmxrYjZ6c2NZa2g4Yjg2Z1dXRnBtQWJPYWZQd25TNzBCdjFRS0xnWUF4RVhvRDFMdG1ib3pScjlWcnRmMU5NX2lDZTdERFJLdWFnVw?oc=5
CNQ.TO,2023-11-20,iPhone 16 Pro battery leak shows early-stage prototype,ca.news.yahoo.com,https://news.google.com/rss/articles/CBMidkFVX3lxTE03bEh5T2pKdHN2d2NJV1ZydThmMnNBa1VKTUtqbEpnbEs5SEpEc3RhQ1RMYjFLOEp0Mnl3aUVMSzRDTEE1dnBzaVpDdkx3eUpXTExBZ09IaHoxdTFVMy13eW10VG5hTVNXNm5pZnhpUTltdWtXTkE?oc=5
CNQ.TO,2023-11-20,Wall Street banks want AI to write performance reviews,Yahoo Lifestyle Canada,https://news.google.com/rss/articles/CBMidkFVX3lxTFBGcG1zMWZaSjEtOVpSUEwtRTdLWTlranZvMFUzZUVTX2pXOWVwbVcxTjJ4emRUdERaM2xxa0FFR3UySU1OMkc1YldtY1RZWmh3T1pEWG41ZWllaThESkVBOFl0MHRET0VIVnp6VHFyQjluNmczNlE?oc=5
CNQ.TO,2023-11-22,Consistent Dividend Payers: Canada’s Silent Wealth Builders,Yahoo! Finance Canada,https://news.google.com/rss/articles/CBMikwFBVV95cUxOSm5uTjNxTGM0T0l4aHhRdFJkaXlZQWlnSmxla2Z6YzBJdl80OFZlZzlVVjVfNWNNRlBwTGViUG9QdC16STFfR1pKRTR1WjFyem5XMnp5M2prWWNyWC1BWnFfdEV3MjZFbVFjR3VZZ3AtZ3l1bF95RmVrUDJhbTkyZW5qdm9COXhFazJVOWRaWG9xWms?oc=5
CNQ.TO,2023-11-23,3 Stocks Under $5 Ready to Break the TSX Mould,Yahoo! Finance Canada,https://news.google.com/rss/articles/CBMie0FVX3lxTFA1Qmh5bS14bzNrMUVPUktBdF9yS3MyRnRUN2RvMGdCeFdqckF6cGZOX1hTRGJaY211SmFMRTF0aEIycThLb3pVVWt5UlRVM3dSRWJwUmQtb3huNnE4RmhFcmMwdFFqUE9SVUYtaHZmYnJLUG0xczlVTHlQdw?oc=5
CNQ.TO,2023-11-24,Results,cer-rec.gc.ca,https://news.google.com/rss/articles/CBMigwFBVV95cUxQdFJjdDY2d0FVcDlNbmxSWmo0ZVA1N0FWNmlzVmZubzBhSmxMWUdVWVlBZHo5eGQ0Z2xVTE9nRXo5b0p0QjQzbnFwUVVlcWV2RDQ1RWdMdlI1aENoazRSU3ZzV01UZml6VThpVk5tYldXbmE0MWZJRnl4VWJDeThkLWptZw?oc=5
CNQ.TO,2023-11-27,Canada cultivating a resilient future in collaboration with European allies,kalkinemedia.com,https://news.google.com/rss/articles/CBMirgFBVV95cUxNeVNLb0YyY3BCemxBTEpkYUdjdHFDeXh5eklxOXlPOF9xTHVFQ2Y3XzR4WkFCeXhHLWxOQVp3RUJWTDR1amV4d19FbFhpQ0lNWlZ5T2FaVFFwN2ZkbjBSNVlROVpjT1hOaVNub1hUdXAwQ2pueEFDWE5SS3Vmc2xjM0ZWZ0xGa0pTdUEwZ2NVb0tJdFdnSWxjd3hOMEwwLW5Vc3BLS3JqZEw1d01XSkE?oc=5
CNQ.TO,2023-11-29,5 Canadian stocks that have been complete disasters — and what investors can learn from them,Yahoo! Finance Canada,https://news.google.com/rss/articles/CBMijgFBVV95cUxPQ3hrdWdlWmZQeXRBM01ZMERMSjJkUzdvNzBPRGJZLTR3VVdtMWhERXR5bE5NQ2NqeFpoeUYtaFVjUEozSzZBVUdXSlVnVDJHT2hYZWdVTXdsTDV6QlV6TDBibnhFN040OHBpUVVxQkN6X0pnUGFhUWwtQVgzdl90UHJuREdBbi1iTTVhOW1R?oc=5
CNQ.TO,2023-11-29,Cheniere Announces Long-Term Integrated Production Marketing Agreement with ARC Resources,"Cheniere Energy, Inc. | Investor Relations",https://news.google.com/rss/articles/CBMitgFBVV95cUxOVllrTjJEY1hsQUdtNVhLN0hHOHFIZS1xMlJHbFRsUkxoVGE1cHNUblk1ekdfWUdSNmJOYk9EZFZpY1lYazhsUFVXLXdGTDl0cVNkVUs0dHRHRXREdm9pWXZ1emFqckIwM0xXTkdxQl9rU250djMybXMyeERnLUxaQmd2c2tGeXZOTHRHT0JXcC1adGFYaUJPYjNFWHQ2XzZ5Q1ptbTlha2tSX3hVQ2ZtMEhvdjJ2UQ?oc=5
CNQ.TO,2023-11-29,"In death, Charlie Munger is loved by China",ca.news.yahoo.com,https://news.google.com/rss/articles/CBMifkFVX3lxTFBwY2JpQUFEN2hPVV9MY0JtcUFlSWpJVkRTSXZITjVwY045MWd5OXZMNFV5SW80LTE4bWRTNnJnZHdZbWVUczBvbFpRTXN4Vk1yQm91ZHJMaC14OGgyOWNFZlNOYmlNeUE5NFNDdUJ3bjhVTC05ZWFLVzZhWlpWUQ?oc=5
CNQ.TO,2023-11-29,Top 25 Natural Gas Producers in the US,Yahoo Finance,https://news.google.com/rss/articles/CBMif0FVX3lxTE9lUXpsUjZSVFprdlBZZFZvRndFQ25NWEl2WmxlOVBPSTRqWDhsTW9JMXlldjdGZjExalUwR0FUcW02UXEtT2dwRUxkblBsSjBBTkFzMTlhdzdHUkMtTVlBYmRxQ201bDFpeHV5em5FNmEtZHV5dDkzLWpydUE0aFU?oc=5
CNQ.TO,2023-11-30,Goehring & Rozencwajg Q3 2023 Natural Resource Market Commentary,Seeking Alpha,https://news.google.com/rss/articles/CBMiqwFBVV95cUxPZGR5NlM3S0xsMWpXUkQxQ3ZJVXo1SmVuRXllVWxxczdDSW9kRWc3d2cwbk81amw2ZDZGUmItSTd5VEVja3R1QzJfeG42Y182QWVHYWpESjlEZ0tnWkNUcHJIQ0VTOVpmNTUzLUp3V1YyUE83S3ZMdkphTFhyQVE5SmNrRW9WZFZwQ1NiWjNreXB4QzE3RmM4anVwU3NraXhfNHlsaFRLWGVqcXc?oc=5
CNQ.TO,2023-11-30,Canadian regulators approve preliminary interim tolls on expanded Trans Mountain pipeline,reuters.com,https://news.google.com/rss/articles/CBMiyAFBVV95cUxNZGJodDRwSkp3TXNfWkd1UWRWR2tqbWdNY29wbGJOd0c2TkJzUHZMaldmajZQYTlTZUQzbGszRzlsMVlZUDlHQ295UVQzZDczWktVYW1ZLTRYU1hQN1EyR3FsMEMzSGRDVlhpYVlaRnZrRGtwWW1vZkFWRDFxSkFLOVZHclp2Zlp5dVVlU283TXFJS2VWa0xaRzdXUW9hNE1MVTkzMm8yODZaT0FJWGNEeXA0NWJWTG9IR1dKM1JPSFUyU1l1N0twSw?oc=5
CNQ.TO,2023-12-01,Londoners will pay extra £35 million in heating bills because of 'big freeze',Yahoo Lifestyle Canada,https://news.google.com/rss/articles/CBMifEFVX3lxTE1RdkVCUHg5U2lTdE12TlFvVHUxaEV4bG81UjktYll3R3lzOWRmdVJmUUpfYXRqU2s3Rm92ZjNURzI3SW11Z1MxcTJORjNVcGRkdkd0X0xMeDFfZXhRZUlVMU1yekpoR0ZYWnFjTWxMb1pRX0FSTWRDUklvOWo?oc=5
CNQ.TO,2023-12-02,"Thames Water could run out of money by April, auditor warns",Yahoo Lifestyle Canada,https://news.google.com/rss/articles/CBMiekFVX3lxTE84TVcyRG51b1RTSE1hQlZIQWNpZjFkeHpWcUtHLUg1WVhXSHl2OVNsdE5pblhGdEJzWUlmdElKUFYyVXQ2OWlSN2lPMFA2OUpNOVRXbHN5UGR3ODlheXpNb0wwWFdPRzZMcjFsT2c4dnBqaS1OdnV0eXVR?oc=5
CNQ.TO,2023-12-04,"Prices of publicly-traded stocks listed by MPs in ethics disclosures rose by 6.2% since 2021 election, analysis shows",iPolitics,https://news.google.com/rss/articles/CBMi5wFBVV95cUxNZm4yMFFwaHRsbEtsQnB5MXN1TUpqbDhKd1ZRMlNaUlVPdUpqcFhoR0J3NXRoOUFWTzZNSmctWjJyTy1kOWRYQzB5enkzUHN1anVJcWN4b25BX05XZ3IwTXF6bG5MWjlmb2Y0WW42aU41dDZCZHN6NEluQ3BMNS16TGhwWFltekxuTkRIN2pYM0wtWk9iMTdzejhMaTM0dVdFV3dnMUZfWGVOQWwtd1oxOEJnRW8xZUlKUzItVkJtOFZYNWZ0Unlhc3R3RHpEZUFGOTlCUUdkNjZNdTdZbXJ2ODVzakJ0cjA?oc=5
CNQ.TO,2023-12-04,Which Is Better: A >7.5% Dividend Yield or Bond Yield?,Yahoo! Finance Canada,https://news.google.com/rss/articles/CBMif0FVX3lxTFBWUHdGRjRLYlJoY0YtQWdnMWRycDZucVZ4dUQ3MmloSzRmRW1BZEYzeFY4LXFHYXdTSEw3OU1JYVpIbUd3TkIwd2haSjB3WmtpUm02Q3Z3V0VLNnFTVThOSlZ3RFZQanU4ckxBUFAyTVNZWWViTXd2c3JVVlR6M1k?oc=5
CNQ.TO,2023-12-06,RBC quantitative analyst makes a pair of changes to his top 40 stock picks for December,The Globe and Mail,https://news.google.com/rss/articles/CBMi3gFBVV95cUxQNFczSkQ4SVVlUW9QRzE5SnBHNko0ajVaTVo1c2ZlTVR3b25lcU83dW1BdTVVVXpCaFYwZVVhNmpOd2xNTlNKZURFWUpHVkFrUDFwdjEya1ZLbF9XTnVOdzNUTjV2NTE5VjcwWWU4TTRaMWZEbXVQZ3BWY1pRNHlKUXpybEtTMWM5bGtGT3ctbGxSa1dfc0JQZWhONkJDN08wbHN2S21FOWFaVXRaWGNaTlJtY1hwZlk3ZmxMcGhMb3dFSEJFMzlWSlNhalZtRjAyenJESTZxdktWTWJCUGc?oc=5
CNQ.TO,2023-12-07,Canada’s Indo-Pacific Strategy: Taking Stock of Canada-Asia Foreign Direct Investment One Year Later,asiapacific.ca,https://news.google.com/rss/articles/CBMikwFBVV95cUxPcFZsQUU2c1Y1WXRmeWd5VHh1OEthUkUwdjBMeE51VTd3VzBpWGVCQjRxSzdSaGhVS0R0LVo5Y2lRTWk1UFVXQUlQM1kwSkpXQTdyRURaWlVNVk91WVIyX0lLVENBV2VMUnAxVUE5U0daamtwZGxzbndkU1hEWTBpLUdTVXpmUE04cU80NWFiT1ptVmc?oc=5
CNQ.TO,2023-12-07,RBC energy analysts’ top ideas for 2024 include ‘dark horse stocks’,The Globe and Mail,https://news.google.com/rss/articles/CBMi2AFBVV95cUxPdjFDRG5DMDJuSkpVNmw4S3J0UUF2alZzX2dvdlpLZ1lEbk9TMnhuM2ZKTmg2VElNTFgzclR5TVVsQm9RVjBLY1p1dFNheEpZY0Z2eVowNHRMWW02Si0zLW1SWU5fZVhMaE9JcVp4anpsQXE3cHhVYlJLMXdRNVZfN1VETW1ITUVmN3pUS0Y2dEpNSzZFYTB3WWZCMWE1eF9tampJeDNPeG1rRXRCWmRObTFsTlFWblBOMVN4Ny1ka09LQ0hqNUdXTTdVSlo0dElIbHZHZjU0Zno?oc=5
CNQ.TO,2023-12-08,2 Top Timber and Forest Stocks to Buy on the TSX Today,Yahoo! Finance Canada,https://news.google.com/rss/articles/CBMigAFBVV95cUxNbjZmUkxXSGdyTDJ0c0xIZlZNQkNSSm9SQlJWUWVFUm9FUDJHaEZQUFR2Q2hrOTVHY1BnaEgtLUthVml2ZFNwWkpSVVJwZWJLM0pkbWJqRmNvWVlVRThXaXFjZy1ZbEFwTGV3bXlmdzhLVG80cmFmV01kcVdBZmRmRQ?oc=5
CNQ.TO,2023-12-08,Canadian Natural Res: Stocks Undervalued by Analyst Consensus on TSX (CNQ),The Globe and Mail,https://news.google.com/rss/articles/CBMi7wFBVV95cUxPY3QxVjF1RzRPRlE2bHlFTVJQU3VQMGduZEVvNDNTOTdhVE50QjlZUDludmR1TU1HLWhORnpJdi1pcDJZODZ5THQtVHJrdnhNd29Ea2FfWDM1dEJUT3ZoRlBEcFNnNXl1dVhXYjUzOW9mOTJpc1VmdVVxeXdISER6N1lETm4yc19Cb29kN3NIWUIxak5VaVRTVXEtUVo5Yk5SaWZxT3RlYXZ0Vzd6N0k1VFhjaDBOdi1uTEx0dzNjcmdvZkZ1NVoyUWJGVE5GTjUyS2RWV1diU0pzOUV5eDU4LWV0bHh5YnBEb2JUMUdHRQ?oc=5
CNQ.TO,2023-12-09,SPY Stock Is Just the Tip of the Iceberg for Canadians Investing in the U.S.,Yahoo! Finance Canada,https://news.google.com/rss/articles/CBMigAFBVV95cUxQWTdOenJTekZwaTlKMFBScXZlQW9rZ09kbU91VHlCckx0MmMtdVVvemptQm5sUkxQMTYwMkJpckw1bi1HM3p0Y1dHMldENGsxajloVzRqR2gzb0FmWUJqLTdmTzJxZ09vc2puWFhWLWpkdVlfUUlSSzlueWxvZGNfNg?oc=5
CNQ.TO,2023-12-11,Dividend Stocks We're Considering For 2024 TFSA,Tawcan,https://news.google.com/rss/articles/CBMidEFVX3lxTE5tdnV1cl9NZG0wUDlnRFpQZWV3VThscUpXYXlzUl9LMjljVG5KOWNkWFZuNERKRm5PbHFkRFdiSWVmZG16cXR6Tm80TFd2cGpqa1JmRFpabHpjV2Fsd3hhTlFydXFRbDhrQWU5U1NiLWJKajFG?oc=5
CNQ.TO,2023-12-12,Mining,The Canadian Securities Exchange (CSE),https://news.google.com/rss/articles/CBMiS0FVX3lxTE5uNTExV2UzWi1RYzBUM3RzUG1ja1BOSWtiZGZudlJaSm5Dakh3a01wZl9YbjJYRjVDd09hWDVPTnZWb29qVGNTdVIyRQ?oc=5
CNQ.TO,2023-12-12,How to change default notification sound in iOS 17,ca.news.yahoo.com,https://news.google.com/rss/articles/CBMihAFBVV95cUxNei0zNWRuZ2lEYzNPTWJmS21ZS0JvbkJ1ZEVxdFBaenE5Z3BvcU1HcDVuQmU3N3N3WlViR2FTWTdQWW5uY3h4UzZ3elA1RlVfS3A1ZFZ4LUhlel9yQzMzUFZqbkpnRmQtQ2pyOV9PTHZheTRLVFJhVGw5NzJXRGdqYWQ1THU?oc=5
CNQ.TO,2023-12-13,Kiwetinohk Energy announces 2024 budget,energynow.ca,https://news.google.com/rss/articles/CBMieEFVX3lxTE1QU2NkSm9pV2F6TDdfUFVaVEstb0VYOG5mVDg5NGNDWDlOeFp4Qy1ONHZRa1JDbV92VXhIS25lVXBOZEVxWXRpRXhIYXVHbG91ZWEtRkJhRWMycmhGY3dneU1GOG9fSkJwLThvQVNPUm0zMjlnQ096MQ?oc=5
CNQ.TO,2023-12-13,Listuguj Mi'gmaq Government calls for moratorium on shrimp fishery in Gulf of St. Lawrence,CBC,https://news.google.com/rss/articles/CBMinAFBVV95cUxNaE1fb2hvMm4wdFYtRnlzenZOeXlWU0RrLVBkaFRsT0F3Q1E0VmRoNW83TjdxSmFBVlVUUXlGQ0lHc0RQcVhqWlNreTBIT1FEamotcld5WmNQSmdRZFBvWkF4SE1FY0JSSS1kaUd2YzhDakdwN2U1UDF0Z0d0VTJWaFMwbTg5Z1FGSVFSV3BBYkt0aFQwcUVNNEhHNFc?oc=5
CNQ.TO,2023-12-14,Canadian Natural Resources projects uptick in production in 2024,reuters.com,https://news.google.com/rss/articles/CBMirwFBVV95cUxPa3VqVGxpMjJQellPSkEyOVVHci1CWUJWOFpYNE54VFhIRkVlaXZlc19wbXlxcGVLZHZxQ3dFZmhiM01JQTZRVklxMFhBcnFRNU9XVG5YN1VOekhseDNJUlFlakJxcFE1cTBxOElTb1FydE1MLUF1Ym91NFpGYjQ3bXI3U3lPVm9WdFlwb0s5NFB6cFAzdGZYeDRfWVJ6T3pHNWhKWEZqY0QyQUVIaGww?oc=5
CNQ.TO,2023-12-14,4 BUY-rated high-yield stocks with at least 25% of upside,MarketBeat,https://news.google.com/rss/articles/CBMimAFBVV95cUxNMnZPWDBXZFozZEtUUndyd192ZU8wZ2ZnYmFNc2VFUzZTV2dRMUxzMEpVeElUa2hOT21CSW4tRG9yRnNkMDBhMEVqMFVpR2p5T0RXcGR2d1RDbnpjQUcycXIweVdqS29wUmhWSGYtU2YwTlM5ZXVxeGE2UjZyMVNCaDFoT1lMVERFaXpzQ0ttV1FJdEQ0Q1hpRw?oc=5
CNQ.TO,2023-12-18,Canada's Top 100 employers ranked by turnover,Canadian HR Reporter,https://news.google.com/rss/articles/CBMiqAFBVV95cUxQbmRGTjFmYW1WUl9NeVF4TUwzR3dwMlNMOTNZMG1TZHFPbWFjVF9hSUhYdElrY2tPVE8xczc3NHlyY0s0ci14TVhHMnA2cnVkeXFfclI4djJJTF90WFcyS2k3aHRhZXlBNnE5MjdiOGVRMzMxbnRZY1ZjQzJwUS1CQks0aXhKR2lLODVSdXF6NmVfbmlRODBObEJ0TGY1b3lKOWhBMS1IcmQ?oc=5
CNQ.TO,2023-12-18,Readers’ stock picks face new challenges: Good news and a bull market,The Globe and Mail,https://news.google.com/rss/articles/CBMi3AFBVV95cUxObDV3YjBjc3ZJeFZ4b2tSYTVHYm5jWjM1Y25ESGlHRVRrUjJ2dVF4N2dRdUhwMzNkYnJ1SDBobnY0UTF4cTM4MENUSVRSdHdLSExpT1diUndycXdua1o0QnFleGI2THFTWVo5blJDREdzckR5cVdYeXFlU1U4ZG5Eb3Ffb2kydEFvbGRsUnFTbWI4NG1XeXlQbERDbldoQXMwZ1lJU2RLTGJTN2dyVldVMWpOb1FfSHFWRmc3SnRhMGVpSHBMMFMtXzJhcUZhNU9XTVZpYVBKd3U2WjJq?oc=5
CNQ.TO,2023-12-19,DIAM Stock Price and Chart — TSX:DIAM,TradingView,https://news.google.com/rss/articles/CBMiWEFVX3lxTE8tc2d2OElNVG5mYkJuY0dyNl9mVXo0cHhHRFFZWC0xQ1hqRUlTcExfUlozYVN1c3N0bktQVlpUZVBRVDIxZHc5TzVsYnB5WS1kYWtMalNmMms?oc=5
CNQ.TO,2023-12-21,Retirees: Canadian Bank Preferred Shares Offer Copious Yield,Yahoo! Finance Canada,https://news.google.com/rss/articles/CBMikgFBVV95cUxQX1VfYmpacUJrUW5Ma01BaDRtckI3WUtNVDJ2QlhpRjBDQ3dOSUNXZmdzUHU5ZS03U1FJTzJmVk41LVpJeUQ2WmQ5YXF3c01zRGM5Z25PbkZxc0I2SEJrUW1ROTdlT2RRZGZYN0FfX1hlMHE1Ql9LVlgwNXlTR1MzQU1YcVVwZDZGbWVpQWVNM0w4dw?oc=5
CNQ.TO,2024-01-02,Canada’s new gilded age,Policy Alternatives,https://news.google.com/rss/articles/CBMie0FVX3lxTE9uOGY4RWRyWmd0MmdRbzFRODZHcU5NdTZvczB3U1A3djlheENlejg0YVJQYU5GNVlwX2l6TzRHUExYMGRYLW5wLUcwc2tOaHlDMW1mM0tfdmdDaEFxc0pQaDZyNUtFcUNETFN3b29kNU9UWThncGxJeEtNWQ?oc=5
CNQ.TO,2024-01-03,Canada's Suncor oil production surged in fourth quarter,reuters.com,https://news.google.com/rss/articles/CBMiogFBVV95cUxOcm5QYWN0bEJIVjI1WmpKVHctLUFrS1hMQ2ZkMWJIMjdDN2xQTkJBYWxweDBkUUhxOENGaHBMUWxyOGZxQVBTYndEYkZFLVZFUWwzR1lrZ2xXRThwMlcyN2VXOXVEVUVuZFJRV3ZKdlJlcnQ0REJ4RDE1YnJ5cnE5WnBISEJvb1o1ZVZ5eFNhdnpkU0djUnhZS1MzMFFDbm1XeEE?oc=5
CNQ.TO,2024-01-04,Canada’s 100 highest paid CEOs were paid $1.5B in 2022,The Alberta Worker,https://news.google.com/rss/articles/CBMiiwFBVV95cUxOY2RVU3hmUEFjMzF5QVA2eDNYOHV0Qnk2QXVSaUlwYUVZUDN4d1M1U3c0bXRYRDJ3WDJEdTU1eU45RWh1TUpXMTcwUGEyMXhtdEI0NUpET1RrcXhONkxpcDV6Z3M3TVFTLWMyLTJZdVpkX1ZUUTdmdi1yb1U5S1NxNHI2S05BVmZtek5r?oc=5
CNQ.TO,2024-01-11,You Don’t Need All of the Big 6 Bank Stocks — Just These 2,Yahoo! Finance Canada,https://news.google.com/rss/articles/CBMic0FVX3lxTE1yb2NFTFV4X0htNmE0NWhqRDFfVU9tdVByY3RDQlEyc2w4N3p0cW00MTB5TlBPNzcwRjVGWDQ4WXc0UWhLM3lpbS1nTUNCZnJwWnQwWEdtTU9pRnhyTDlqNjg4R1ZiaElna04xZVdDaHBHLUE?oc=5
CNQ.TO,2024-01-13,Is Royal Bank of Canada Stock a Buy Now?,Yahoo! Finance Canada,https://news.google.com/rss/articles/CBMiggFBVV95cUxPV01pcmpaNWE1OF9kRGRvREJuTi1EMFcxWGxPN1AzNkRFQ3kydGFEbFJJbFJ1TnlfQVV4ZjA1bTZtbUptZE5tTFBZZDNDY3MzaGJWU0VVakt5SVM1YjRnMFFnNVp0Z3RmYlVqclNnSjl4ZVNkRmkyVnEzazZHblpoSk9n?oc=5
CNQ.TO,2024-01-14,The Two-Minute Portfolio: Dividends plus index-beating results over the long term,The Globe and Mail,https://news.google.com/rss/articles/CBMi4AFBVV95cUxNaGZrMXQ1NEdXTTI2OEtpblN1NVJKWnlNU01kejBEYW1xSzZJQXFwY1ppNnZUWnkyTmp3aGIzOG5qRG1nZXl4N1dOSnd0aGJ4UUxwTEh5TW1JcWxCaDNQVXBJUjlpTjFxRE4yenUyak1MbjZuYW1GN1dhWFY3NUo3TDg5SnRBYUxfQk9UVDZGODIybHdmc3pVcVBPa0ZnMjM5Mm4zcTNkZzhHd3V2bXI3ZThMWkVzcFIzNEJ5bXN6SU9pSWk0RlE0WENtQjlCX0FaRTRWbkFHVE0tTU5FejZsZg?oc=5
CNQ.TO,2024-01-15,Top 10 major upcoming Oil & Gas and Electric Power & Communications construction projects - Canada - January 2024,constructconnect.com,https://news.google.com/rss/articles/CBMiigJBVV95cUxPT3RxSDAtN2htWmRJOTNWUnJ6aVpFaFhLREhldVp4Y3QxbmtUQU1XM1pwRVdHbTYxVHlBVzVnbjV6eVh0ZXRJZl96S0pCQzc5MC1GaE44ZHZIX2tvZURQRk1GcTR5eXA3VnFkTUpuNURLSnd4TS0wUGFzNGZHbUMtM0NXb1ZqWTgyZXlxU3BWWGJYcmtvMmdFZVlRdDBZZkY1dlI0WGFGcE04dUVCcTJ4SmhvVnpvWTI0RmV3enlEcVhCSGc1cjBIcXVOcTAtUkpNX0xqamVvbXA0M1liRElIN2xmdEQzNHNGLUQ0M05KbEliX0xFdWhXWUlxMUJXUndBNGxsUkRKY1hwZw?oc=5
CNQ.TO,2024-01-15,40(ish) larger-than-life personalities* who shaped Bay Street over four decades,The Globe and Mail,https://news.google.com/rss/articles/CBMiywFBVV95cUxPeGtWbkJZZ3N0OHlMZmpVQThLbkhYN2tQY1hXNV8zOUFiOFI4S1lJNmRXTzBRM0t4ektGR2lKQlItSEdPdTA2UkJXVUt3SGFtU0NLRFpEQzFUQjRCd2FXTW5meHktUXRuWG1jNUR1X25yT0NBQmMzNlVKcFRrN0ZBM2Q5TWhwU0ZQc2l6LTBzdFo4dzM4M1BHTEY4T3o5VU9EVWhEVzg3UUlQVVRudHRDeXdmaTZVekJOUVhGc01icFFfSWJYS0ZTeE5NOA?oc=5
CNQ.TO,2024-01-18,How are B.C. resource companies raising capital?,Business in Vancouver,https://news.google.com/rss/articles/CBMiogFBVV95cUxNYnI4RmZzaUNoek5qX2wxelNudVZBdTBzUzFVNm1BZmZJYkJoLW5MS1JuUDVPRk5NQ3dVVzhZM1YwME5NX1dwRXVvNE5MTnNtVUF6RzlJTWZ4elcwTi1PNFNKMjBxT01KbHNkNFE2TnhiT0ctME92d3dfaDVLX3gxQUN2UzkxM3dhUlN0R1hnV1laNGNMRVJrT0lLZDh0N05HZUE?oc=5
CNQ.TO,2024-01-18,Canada has some of the best natural resources on earth but is managed by ‘idiots’: Kevin O’Leary,Fox Business,https://news.google.com/rss/articles/CBMiW0FVX3lxTFBJZTM2TUtpbVhvaDBWMGQ2cGhzTi1CNEJiaTJlQU5pTWJKNVhwbThqeWVpd3Iwc005VWZ0ZTdMS0pIaDZFUzNBUWxLbFBPck1fZ0ozYlpsQkZySUE?oc=5
CNQ.TO,2024-01-19,"27 Best Stocks to Buy Now, According to Our Roundtable Investment Pros",Barron's,https://news.google.com/rss/articles/CBMilgFBVV95cUxPZlZqNU42T2Y5SEVUT0N2azk0VTdKVFliSFpRYnFLWGtyTkJvcVlXVU1Ca1hHVlJUMzlDUTJfMlRTUFltd1dfQzBLUDcwNkQ4R0FaSkdMbllDWFl1eldZRFVSTU8xeVI5T3VZMk1VVVBzeGtfSlFhVjdSMXoyM1RyMVN3cWFUb2xpVGtCQXlTeFdfVVJmcnc?oc=5
CNQ.TO,2024-01-20,ExxonMobil’s Acquisition of Pioneer and Climate Change,Forbes,https://news.google.com/rss/articles/CBMiyAFBVV95cUxQa0lnZ243NEsxdzIweUFWeVNTdjBIMUo5ZmJRMFpySl9ySFVsVmZsRUdCdXdpSmdwRGlia2lfMnFORER5U05qamFvUjFtTDkydHZDRXFGaTVFaFpJOXNqRnpmdzNqVlFWOXBjaEN6QzluZXBURVpzWkIxVEZLcWVNNUZOdUN6R1ZCYXlMVmlFZkQzRzNCbENDUVdwU1FvWm8yazFMc0RaczlnaHg3V29PSmVYWlFUTVkyMUlpY2NXUDZCdkZPY3FFbg?oc=5
CNQ.TO,2024-01-21,"3 Canadian Stocks That Could Turn $1,000 Into $5,000 by 2030",Yahoo! Finance Canada,https://news.google.com/rss/articles/CBMigwFBVV95cUxPT3haUW9kbXdTc0Jod2ZLdEloNTZSazNSUXN4d0JmMTZmMWx5bnEtYWI3MTQ5UVAwdHBsbW9iZWR6SHBoQS1OcEpISWtiYnZsa2sxWVBwajRtaHAyZHBfMDluSlVPOWhrSGRWa29ybVl4ZWNrdkdKZElJTW8wbXZ5S1RxWQ?oc=5
CNQ.TO,2024-01-29,"TSX posts gain Monday, U.S. markets also up ahead of earnings, interest rate meeting",St. Albert Gazette,https://news.google.com/rss/articles/CBMiywFBVV95cUxPRGpPMm0tendYMF9JbDJrTXJ3WWNDUFVnbEJSWWlzWTlQemhJd1Q3RVpFVjAzczJNVDBDRlJVaFZOSTZNM2ppcU9vREVfaXQ1LXNYV1JRWFdwdU5SSFY1NWVRc0xHRkwzd0VtMHd1dWVMTXdySUVKNF9qT2Y0cGZKUXN2RWVfeEhQZk5XS0podVNCdEd3MWNVdlJIcDZlQ3NCM0Njd2hwYXh1TTBadW9CY1ZSdnd3V2dDZ0FsNnZXS256QlE3SDJkZHZOcw?oc=5
CNQ.TO,2024-01-31,Ottawa urged to designate silver as a critical mineral in Canada,resourceworld.com,https://news.google.com/rss/articles/CBMilgFBVV95cUxNbk1BMkFwdVkwTC0wWkZfYkkxSmNSVmxMTEFKa1p1eGFWZUNEREE1N1VpcmlOY0RLZ2RLWWVNUkRMNXVqbnZmYmdsdVdEX1JaXzdMV2kyYkVGV0RELXBPQzFiRmJoRWpQOUZjMzFneUFtU3A3TmdhbGNOOGM3bk4yZlhTZUVhMHNhNnRFc3ZmdEJyNy1xbUE?oc=5
CNQ.TO,2024-02-04,Forestry in Canada: The 3 Logistical Keys for Exporting,MSC,https://news.google.com/rss/articles/CBMiiAFBVV95cUxNc0p3RU5ocDVQZzc1RDlBWTZSWmt1N0dMemtkY010SGVLRzVvb0ZoSmtnSTNRXzRYUVVvQm5kem85Znh3bXFGZGt5UHJTTE1lUEFWeHZQbE1TNDE1RFZ0Y3QzTVAtSUtyNm0zNUJwYmNXMkFfLWdRa05oTk5GTTBjOEo1RWI1YUtF?oc=5
CNQ.TO,2024-02-08,Vanguard FTSE Canada All Cap Index ETF (TSX:VCN) 2024 Review,Yahoo! Finance Canada,https://news.google.com/rss/articles/CBMihgFBVV95cUxNdTVqR2Ytb3pQMWVkS0FMby1VRW5UdGY1dnFBQjdrTTlKQk9GRVRnaXBHRDl2TmF1bjIzLXl3Wm5EVUlDYUwyb3Q5eU9PcGUyRjBlTzZPMDRkVDltSTBSQUxIeEVZeTF0ZHMxZnU5Y1ZvUk5Edm51djhLOXUtN3VGSUFmcUczUQ?oc=5
CNQ.TO,2024-02-09,The Non-Tech Stocks Boosting Active ETF TCAF,ETF Trends,https://news.google.com/rss/articles/CBMijwFBVV95cUxNWUFfOVp3WEJSaEhxZ191eUdKc1RJRi14NFNBOXhZUEUwWXZvNjhPZWtJX1lQOG9SMkdYTUY0WEM2TV9fcF9NYmxnQ0lPeVJDa0k5YjlqOUNmektHNjVBT1NPeDByZlNXU0dYeUt0TnhLQlZCVVV4a2ZFZFQ5S3lvNjl5Z09ncG1NVlZGcG5pd9IBmgFBVV95cUxQSE12RVpPWEJYZm9rOFZpczBiTEtweTZYZkxIOU44bExiNU5NS0JvOXFuNTBveVc5a3BmX3Q5d1QzUEV4N3BZd0VBVS1aTmFNZ3FXY1ZrZFpMTFBjV2U2SVdqSGV1U1c1WkNxN1JtQmdjTnVuVmJyNmVGRE92QnY3bDdmNHFTTkU3MlYyX2pfcXFwUEtuTVNxQURB?oc=5
CNQ.TO,2024-02-12,"Three stocks that will be the biggest winners from imminent TMX pipeline opening. Plus, why woke investing failed",The Globe and Mail,https://news.google.com/rss/articles/CBMiywFBVV95cUxORzVDeWhxb1I4NFRuN1VsaFdzdi00X1VGbnNoR1hjUnc3MHlhX1hTc2s0VE9QVFpiRGhvVFlNaUVUUDVId1pOZEZYb3lUMk5QcklINVcxLXpFQzEwYjJhQUxvSkM4VHZrbmNXVkdYWE43a0VoM3BYZWV1anlaQzJZR19Yd3JTVmNvNkNlU3BpbjJ5bS1PMDhtOGM0TWFsYkd6dE1sUXNIYUcybDhUeDkwa3FGNmFjUkZTb1dyaW80UFhoRG9JNURDUWZ5MA?oc=5
CNQ.TO,2024-02-22,Canada's Suncor looks to cut high oil sands mine operating costs,reuters.com,https://news.google.com/rss/articles/CBMisgFBVV95cUxQZTM4UE51bWpnMGdiMEgxWHFPY01lTUJrWmM0RDZIZDZ2Ti1DQUxBYkw5dzh3OW1EZVJ2eHNhLXpjZGRfcFJ4azJrb0FwMzNnTE1VMmJhMm5hdUdsYmMxMGRMM1paQzY2V0tIT3gzQXJ0ZDdjUDV2bXhranBIbml5SGRjWEx1RlROWm1BYmx0OWoxUlgxTGpDN0dXWmNoY3BxVloxZ3ZXM2JKVHh3MzhFNGln?oc=5
CNQ.TO,2024-02-28,Here’s Why Enbridge Stock Looks Like a Great Buy,Yahoo! Finance Canada,https://news.google.com/rss/articles/CBMihgFBVV95cUxQUnB2UkRDbHNINEtvQ2VUTlBwTGZCN08tdmV2cEtHNGhQZ0NxZXlBTzc0dmoxOW1aRENWY3o3VEt4NFF1Tk5FeVZ6UlNOcTRuWVliOVZndTBnVmdxLTBvdHBIdnBUQVFzaWtQT3E4bEd6RnBzTURWcGp0T1ZZUWJRUGlVdkt4Zw?oc=5
CNQ.TO,2024-02-29,3 Things About Enbridge Stock Every Smart Investor Knows,Yahoo! Finance Canada,https://news.google.com/rss/articles/CBMihAFBVV95cUxNZEJ6OERmRC1sSUxqTkJQcUlhVWczWVFPWTBVTEhrR2I5UWVGT3oyWm9CZFlDZTNuQUR6TjJlRnRhd3RaeWoxWGZ0TDY5M21JZFhJLTlvVUx2bmRXMlRHS3o4VDZZTkFQMzNvVEN6UnhoSGJmZmgySDFQSTE2MTVtTDVHZms?oc=5
CNQ.TO,2024-02-29,Vaalco Plans Baobab FPSO Upgrade Following Svenska Petroleum Acquisition,Offshore Engineer Magazine,https://news.google.com/rss/articles/CBMirwFBVV95cUxObmZpSUlfT3dPSFlvU21XODcyUW1tZlYxWkhMbU5DZXNCeDJFWTBLd3NBNzliRk5sTjlERGkyTUtOYUVJOWpjLVN6MXZxOUY5MDY4ai1oSjhzM1N2MGU4TEppR0pUQ3l1RFhKVHBMTGxVWGNXVDkxcHc5RUU1eTJsZWltRlYxcEtITW83UDQ1N2IyY0UzZlhqWk54bW1zUXJsS2NkZkU3NjZTWmMtenJR?oc=5
CNQ.TO,2024-03-01,RBC analyst makes two changes to his ‘Global Energy Best Ideas List’ of stock picks,The Globe and Mail,https://news.google.com/rss/articles/CBMi3wFBVV95cUxOWW5adi1vTXRDeVpTWFpkT3pBeWlPZmQ3VWJ3TG5adXVWR2YtalFlc3ZKZG5sRnhpazlvTWpscVZlb3Rud3RWdnBOVHZCR043cU1OckNOSHlGS1dLR3dvNWhjQ1F3cWswTFE3b19Rc0tkaF83YVVhUVNvSlpBWXNBVHQxTjdUaEpXRFVOWjE2bHFPb2RUNjg0Z2xhQUNHNWJ5VmhCNlNaejVLWEhoZTAzc3RRTVUyeHhVQWJlcUQtN0p2OS1yWmlLMWk4NnRWblJPMnBtUkFFRGFuOGFfYVZB?oc=5
CNQ.TO,2024-03-04,"Bank stocks ‘stuck between rate cuts and a hard place,’ says Scotiabank analyst",The Globe and Mail,https://news.google.com/rss/articles/CBMi3gFBVV95cUxPT0pXd1BBSmpiSE9iWWNpSzU1ZXhob1NHUW5Jems3d0RoblZ3ZWRZRy1NZTVpNjVSTmF0eWVxRlV4SzIyUkxiYlF4bzdkcmozd0N6RUxSNEpqR0ZyWi1vTnlDdjBqang5Nk1HOWMxbUlLMVhzdGFLWWdyUHRFS2JDN2trUk05NzNKTGFQZTRjU2RkX0JZQUdESVJrb01xUW4tSjBPb3gtVHotWGJnWXVGUGhLOXA4c3BNaUpWY1FIQnFjazI5SHl4UGRTMDQ5QkRwdk1GTWdDM3laWnljaUE?oc=5
CNQ.TO,2024-03-04,"Dennis da Silva's Top Picks: March 4, 2024",BNN Bloomberg,https://news.google.com/rss/articles/CBMikgFBVV95cUxOcjN3YjdfRHF6Yl9oVmY5TEVYZENSNl9BQmh5MXRYdUdGajFSb1BRenBpNkZ4ZzFKcVhodF9DZzFWNXF2OS1ZT0hTTjk4QmpXQkF2SHcxcjMzZ09ibE9iWXJRRzk2VUd1WmVIQlozdHdpLUJ1dHdxNGRwWnFhVnZ5WlhXM0ZXNGN1NXFOTlBnZVk0dw?oc=5
CNQ.TO,2024-03-04,"Some minerals are 'critical' to the digital economy, but current prices don't reflect that",CBC,https://news.google.com/rss/articles/CBMisAFBVV95cUxOdWlHcmFyVFhPWVpqYzVVV0hranZHX21weXhwdXZUYmNmbTh3TDluZDkyajExVDN6N0tkN1Ita05TRU9RV3RJNVpqN3ZTZGZJTTFyYk84b1FqT1F6RVhwMGxONEJVYmVnelBNUmdCM0t4cVBlVkdYMWhmS2E2SkhMT1RxazBfQ1I0LUJjaHF0WUJHR09mbzBVUG9ESHdzRFBvaTd5aVV6bkdrcmR2bVgzeg?oc=5
CNQ.TO,2024-03-06,"Density‐dependence and competition between Tranosema rostrale and Elachertus cacoeciae, two parasitoids of the spruce budworm",Wiley Online Library,https://news.google.com/rss/articles/CBMiakFVX3lxTE1rRU92MklUOW43NGc2bXI3ZVY4Z0F3Q0xhSTlwak9mSHUyRTAyRTU4bFhFUnlRX0NHNmZiRGdDR2J1WVo2dlpxQUloZ0tIOWQ5SFFJMUQ3YVNaTkxKRzFCeHFoVldKLWNsWGc?oc=5
CNQ.TO,2024-03-07,5 Canadian Stocks to Buy and Hold Forever in Your TFSA,Yahoo! Finance Canada,https://news.google.com/rss/articles/CBMigAFBVV95cUxPcUw2NEg1REJDclNva3g5MC1HSXNNMmQtb1BlbHVwNDlDQTVGblJ4MHhJXzFIUmNiNnJLbTFNYTE0ay03NDFpSG9Jdm8wY1VGa05OZ3VrT3MtQnZtM3pyWWJHNGE0Yzh0RlZFUXFyUUxOdktJNmZMOVNKckxoY0hzTA?oc=5
CNQ.TO,2024-03-07,Best Stock to Buy Now: Is TD Bank of Canada Stock a Buy After Earnings?,Yahoo! Finance Canada,https://news.google.com/rss/articles/CBMiekFVX3lxTE9TOElrRlBrMWFGTjBmY3ZlZzhjZTluVVVPb0JqOEl1UjhKNzRyVlpWZkdIWmo3QXphLVAzbjducEZLd2RjOGxSenFKbjhOM0hfQ05CZTR0eWFnX1EtLXZ6cE9QTnpzNHBnY0czYkI4WTVURzBkWU9ucjVn?oc=5
CNQ.TO,2024-03-08,12 Biggest Canadian Oil and Natural Gas Companies,Yahoo Finance,https://news.google.com/rss/articles/CBMigwFBVV95cUxPTVhMRWFMNC1kcDBSSU1XNDVTSEpqaVhYMGRvaXQwUXZuSXBzX0dWSHZUS3FEenlEUEFvb3gtalRLTUpmMENPd2JuLXh5UEpjU3l5N282OUdQRE9RZ3pPR3BvZFpkQjBRTU10dEotc2phTzRVUWpyZzAwYVlnUExNRnJtNA?oc=5
CNQ.TO,2024-03-13,Canadian Natural Resources Ltd's Dividend Analysis,Yahoo Finance,https://news.google.com/rss/articles/CBMijwFBVV95cUxNaHV4QlVxb0RsbkZtM2pCQWJGV2tiZHFKSUdkRlhqTl9LdFlRTkFnT1A5RG14OW56S1NwQ2VldnhjM2tlUWxJN1pXYnF4bjQ2VGdMUkN0NXlxdks4ajRGY3RCSENKT0ZSZnQ2cnd4MktFX3B0V0ZSOEExd2FEOTlfbzR4dzdkUi1tT2Z0VnlaQQ?oc=5
CNQ.TO,2024-03-13,"What we can learn from Canada's record wildfire season, as a new one approaches",CBC,https://news.google.com/rss/articles/CBMiekFVX3lxTFBzdzFpSkFyakxUaGwtQWNyb1FVU29MdDZGRGpzSXpyZ3RVeldxTTE0cmtwempIcll0ZXNvcUd5S3pEMXpBTmNGLWtVdjZKcFBLWkpPbGQyaEpuOE1VaHMxQlN2Z1JIcElwTnlMdWdlSzdfV1VoZXluWmpB?oc=5
CNQ.TO,2024-03-13,20 Biggest Natural Gas Companies in the World,Yahoo Finance,https://news.google.com/rss/articles/CBMihAFBVV95cUxNR21PVktFdlJZYVhwZG4xTlhzRmNYeENhMXR4c2owOFh2NWx2SlNmc3k0ZnBjRWNORHFkLWVVbUp6MjBCeTVqZUpweUs4M1lmTHF5WVB6TGtwcnMtZjZLa1BFel9URTNKczBHTTBxREhMcW9xZFpSNE5CckhUOXU2VVpNai0?oc=5
CNQ.TO,2024-03-14,TFSA: The Most Expensive Stock in Canada Is a Top Buy Today,Yahoo! Finance Canada,https://news.google.com/rss/articles/CBMiiAFBVV95cUxObDNPOTd3YW9uQ1A5dm90cWduRk9TMFlXTzcyczdqcElqZzEwdFJQdUxIV09KRElGLUdoLXR3TDk4OGNZRUhUaExrN0YwcUt4Y0Y4WUpIaGtSUlhKNVpPZXRZLW9KaUFJWWxXeXdWc1k0dWo1eTZINXFyVzFmM1BlTjcxTmJlWXNa?oc=5
CNQ.TO,2024-03-14,5 projects you need to know about as B.C.’s oil and gas sector heats up,The Narwhal,https://news.google.com/rss/articles/CBMiV0FVX3lxTE54OTBkbmRaM0U2YXVndkkwNjZkdWFpa0Y2NGxEYU1xT1NwMW91RjF2d29RSUQxcnZkdElEbTBTNFdnbEZ4MlZaTFpwaUFyWTdQZWhYa3B3OA?oc=5
CNQ.TO,2024-03-20,Down by 22.62%: Is Canadian Utilities Stock a Good Buy?,Yahoo! Finance Canada,https://news.google.com/rss/articles/CBMihAFBVV95cUxQd2NJUEFxd0hXY055aUVzN3lXS1dlalBXVk5keFJEWm92eTBsZGFtcjRxNUZyaGNoUDhIUWhkZUhyd2xFMjVIbklOdjJQcXk5MFFZSnVRbW5JUS1naVVPOE9ZUW9lS0VRQkZmWDBJLWpEc1M3X1Nobl82am1uNlRnQzlwX2U?oc=5
CNQ.TO,2024-03-25,The Average Canadian Stock Investor Owns This 1 Stock: Do You?,Yahoo! Finance Canada,https://news.google.com/rss/articles/CBMijgFBVV95cUxQLUVxTlFVTVlOWDhWV0FOYnpoa3BWLWZGaGlMazVFTzNmS1FiVHJUaGJSSEhxNHMyMmdfTVdnMk1jemh6TE85Zjc5azhSWGpGWXhaRWc4eGZGS212NkdzNkFnM3dDbk5ZajgwclNJZ09ja2hkTllOSmZQNDVPTTlsaDB0Uk1TN05uYi1IZFFB?oc=5
CNQ.TO,2024-03-25,Canadian Miners Need Capital – But Only China Is Stepping Up,thediplomat.com,https://news.google.com/rss/articles/CBMilwFBVV95cUxNQ3FUSEhQVG8zLVRaMG1qaG40ZE8zN2xoc0xnTVhITG5nM2hvemtJalczSHJtM214M2RGQnlUSjVlXzh5d3RJbzA0VlJsRlFVSG5LTVEyblRyVzJ0MUdFZTgxeGJBRngxSFhuNzRuMzc1THpLUy0ydklHbm5EaXJvZ1dxc1hoYl8xTkZxbFR0TmdvN1FRdHk0?oc=5
CNQ.TO,2024-03-26,"INFORMATION CIRCULAR – PROXY STATEMENT MARCH 26, 2024",wcap.ca,https://news.google.com/rss/articles/CBMihgFBVV95cUxQMlpaSWhvemVNemN0c0hmSjNPQUNZNG1nVm85N0ZXZVc2Ulc1Z0pvaE9hVFdiWGplSmtaZFEyQ1dkbnA2NW5BYkFkdzItUFFBN1F0VG9faFpmRFo3LVQyWG1mektrMXJ2Z2RtUkVBZl8yZUR6WnUtSTRjbHh2dFViUmRDSXhYZw?oc=5
CNQ.TO,2024-03-26,Advancing Natural Infrastructure 2024 Forum - Recap and Resources,International Institute for Sustainable Development,https://news.google.com/rss/articles/CBMikwFBVV95cUxPN244Zy1Pb2lXZlFSTTdiQW1iTWhMOUNFWHcyZE1aamNaMEp4OHdmalBfbGwxS0pGVGJ2dm9aclRJOUNQOUo4aUZ5ZEtVeDlYczV6d2UzZEh3NUlHcG5ZSDFmNS1TZVJTSW8zS3pnWE9pS0ZETFZfTk9sY2VFVWhfUjBreng0Vm1ZU0pIeENQYW5WaU0?oc=5
CNQ.TO,2024-03-29,3 Reasons to Buy Royal Bank Stock Like There’s No Tomorrow,Yahoo! Finance Canada,https://news.google.com/rss/articles/CBMifkFVX3lxTE9uR0VjMDJWd2dETVJWNU5kS2dPaWJLVk1vb05kTlEzaHBfLXRva05ZUkxLeVVEaDliaHB4NFcxU191M21KZ2x1QjlHcU1LbXVMR09MZkNUSWZBUEQwSDR6WWJKQjVaelprTE9fYThESnNacThSR3otaGdEa05RUQ?oc=5
CNQ.TO,2024-04-02,Power Of Value Investing: Insights From The Donald Yacktman Portfolio,Hedge Fund Alpha,https://news.google.com/rss/articles/CBMickFVX3lxTFAta2k3M2hYWXdjSlRPc1VtWG5rX2NRR3FXdUlqYjhuMU1DVUxmQmFLR2dHbG5ZRjRrTEU2bnFWNlB4T1BXNi1ITkRFSTh0WUZhS0d0enB3Nk5oZnRGUE1LSHJGclI2M05fd2swRFBVYWdnQQ?oc=5
CNQ.TO,2024-04-02,🔥3 Blue-Chip Stocks Every Canadian Should Own💎🚀,Moomoo,https://news.google.com/rss/articles/CBMinwFBVV95cUxOV1VoN19PYmJta25BdmtjZlkzaTVELWRvVThWVkc4UmVKcF8tRmpqZ3pSNEdYYzRnT082aXFLTjB5Y3JFNkNyQ25qSVVCTEZIZHZzbkFRWVpWVnVDVWFPSk5UWE85VTA0aDROMUlPRWNuWWdrUE5kUjNEaUVZMGRDVi0zTk9BLS1oVEtBejdBVDNEVHFEU2F2S1BiSjVxdzA?oc=5
CNQ.TO,2024-04-03,Stock markets signal a growing gap between Canadian and American clean tech firms,The Conversation,https://news.google.com/rss/articles/CBMitwFBVV95cUxNR0RONFNSSHpqTW15bmVnY0xTX2ZleDU4dHpLMmpXNnZCZlZLV0lxeWJDckowS2NlNGlocFJSeGlvVmVsdWNXRnRtRHZkV05vZkNCNEo2MG1JY3NhdXUzbnR5cmxpWG1DNEZ2WEgtOFY4RTl5RS1CX3JKWmtSVC1jZ01RZE91QVN6QW5yNExsVFVwSmNiNDMwUVh2dl9MV3dwN3ZBMkQtRnZrd1Jhb29USnpFRjlsSWs?oc=5
CNQ.TO,2024-04-09,"Messenger now lets you create shared albums, send HD photos and share larger files",ca.news.yahoo.com,https://news.google.com/rss/articles/CBMifkFVX3lxTFBDOEhBbWxpWG5jWjJERjZpcFdzZm9yeW5DNThicmJtMklzVFZuaVoxRGFvRlRtclhxV1gxM0ZfVXZLaDFiSFI1bzctNHN4cUF0NnpveHU2Tm0xS0pvM09kWkdjTEx3RWl6RWlfajh0TjI5M3d4MmR3M20ySldJUQ?oc=5
CNQ.TO,2024-04-11,"2023 Fisker Ocean Prices Slashed Dramatically, But Who Will Bite?",Le Guide de l'auto,https://news.google.com/rss/articles/CBMisAFBVV95cUxPLVRJeVJvR21tUHpoYWtmdmV6THF4WFhKSzlaTjE0M3NjOHRySEZQTzUyRUl0TXVDZVR5Vl9Nc0pYaUJrUGhQTUhpWWQxd3VsQmM2YWJwWEJaTmNRUUQ4NDZHVmE4VFBwZkZQaFE0M1JvMDlscEFjdVJLRnFZQXVRV3ZfTldpY0c4LUZ0d1ZUbXBjUkY1OU5UVW5sN3RkbVNYZnkwaklEZUFlMmZ5TzlKVQ?oc=5
CNQ.TO,2024-04-12,The Most Expensive Stock in Canada Is a Top Buy Today,Yahoo! Finance Canada,https://news.google.com/rss/articles/CBMihwFBVV95cUxPUy1sOUsySHVHclpGRmlFX0hzbXRtX1poZWxqUk96WUgwRWdINkYySE9JUnQ2VFk0R0FIc3RYbU9GZUE3U0x1SkF5Yks2R1JjYXNYM2haZk84dFRXU2N5UnRLZkVXM0w2ajYzYUpFUUtLeXAyMW9NSk1kOS1ZTDlxNGVubEdNeVk?oc=5
CNQ.TO,2024-04-12,Here It Is! My 20-Stock 6-Figure Market-Beating Dividend Portfolio,Seeking Alpha,https://news.google.com/rss/articles/CBMiqgFBVV95cUxQbWdkR1k2NjF4VE9OdW1xMUJ5eGk3VmlsbFNXLVMwSDNqTFMzb2VMZERJTFhMaExmTEUxWTd6ZGFEU05zSlNEM0JYbVBCTXpmNHBWc3Nicy1aYy1pZUxoT2VuMmJHa21VRFlnQ1FqdE5qUzc0ZnljMkJzVjE2UkpFMUNxWm10ZDloOUw0VVgtVUc0c2EtTmdoaWd5TUVJVXRtVGRDT050U3ZWdw?oc=5
CNQ.TO,2024-04-16,Canada unions brace for 2025 labor crunch in oil sands maintenance season,reuters.com,https://news.google.com/rss/articles/CBMivwFBVV95cUxQMVVWeGQ1R2N0NzBDVjZEMkczUlYyWGVPcGRnY0RXbDhKZ1lIelFRZVh6TEdwbEd0WHk2dFM4NEUtWE9NNDFTbjNoZ0FKMDZKQWw2VnhlQ1l2V0ctMFlwanpFX0RGQ1NLV2JKRm9yVFJvNXpCcnRKUUc1MVg4cVJwYmlPeURteE5ZSk5SNnVuOExUS2dNdjFlUG9rbkRMMnZCbFZqSWs5V3B0ZFZIQ0QwUjNEYnVSMGMyM1czV2xWcw?oc=5
CNQ.TO,2024-04-16,Opinion: Ottawa is doubling down on missing the mark,Business in Vancouver,https://news.google.com/rss/articles/CBMimwFBVV95cUxQS2JZdDl3NnBZOXVpcUlRSDRJVUVBOWkwR1lqVWJ4bmlpYm9QeFFySWd2WDZwdkhnV2VjU0wtNHg1ZmFKWVBHMnBpNThfZWZBU0kzWXljUFNtVV9yZk1CLXVsaFVhY2JJX05qSjRKZTJtUGx1VkEwTnUzdG9HYjVNdkF2LWxEejBxb3kxNnlZYVgyV0prNUxuTTlyQQ?oc=5
CNQ.TO,2024-04-17,Top 10: Copper Mining Companies in Chile,Mining Digital,https://news.google.com/rss/articles/CBMie0FVX3lxTE51WlZuRjVYdW9sU1NWeWZqZk5wQm1SbjBsd2l2UV9GMFNrLVAyR0dPS0o1akthZDhSNFNLWHNlRXExSU52X3M3aXY1ODBkbjlYN19DZDF6OWJ1eHdoNDIwOFY4NmxNQnZyZmtOWjhxSFdhS1FOOThNRWg4Yw?oc=5
CNQ.TO,2024-04-23,Canada faces another grim wildfire season,mronline.org,https://news.google.com/rss/articles/CBMif0FVX3lxTE1hTmtBNWlqejVEWnRwemJfeWlFdlRTbWlWRkM1dWtKS0lFOTZxWThKNXNwSVBmX3VwWWJRRVlxSFpQYVpuMEUxZWhSLUJfSFpac1ZYVUZpM2ZsVGk0NVNBSU1LRHV3MGsyRW5fTUtwMXNhLXYyUDNUNzEtem1ZVmc?oc=5
CNQ.TO,2024-04-24,Trans Mountain oil shippers raise concerns about risk of delay to full service,reuters.com,https://news.google.com/rss/articles/CBMixwFBVV95cUxNeWRrT0Q1M0lldkVLWU9KR1lKNWlvMVVfa2RIb0xrT01vYWZVRmFpTW0tVG1yVkhnTkhGVnhxUFpZbC1iMjNISnBLWTRtUlZncWVJWjgtSmhBZGcwbzdmci13dWN3Tl9XMzV2WnB4c29TQXc4OXdjRjR6UWl6Wk5TUjRqdFR5RVBsV29mMjlPRVNoUkpGQkVVTWMtODJNRlZXX2dxMV9mSVVUcC0zME5SN0l5ZFVPaF9sbExHVTBYZTBYWEV1RE13?oc=5
CNQ.TO,2024-04-25,Whitecap Resources: A New Record Production In Q1 And Healthy Funds Flow,Seeking Alpha,https://news.google.com/rss/articles/CBMiqgFBVV95cUxQc2JwZExMXzZDSllENUoweVhpVDU3V0IzTGFYcVpIeUMydUR5UUllM1RaYVRXT2tQUkFWNGZqdVlfd0JFVmRaSXlybllxam40ZVg0QVhSN2thQnJnSkh2LWxyQjhxcTlZbS1RMlgzUHVUbGx5RUEwVjNITE1Ya2xzNDN5QnJBWkRwbWtzZGRqajdaN0ZvckY5SzNmV1g5aWZ2YWFkUWw3NF9TQQ?oc=5
CNQ.TO,2024-04-26,New AMC Networks CEO Kristin Dolan’s 2023 Pay Reaches $14.5 Million,ca.news.yahoo.com,https://news.google.com/rss/articles/CBMie0FVX3lxTE1LZ2hvcVg2YUVHTkVsVzdrNGFLWDdTSFF5TzM2TW5uckJ1Qy1XMWxtVGpmQzVVMDBMVnUyeVZvM05wRHVKUTEtZEhaR2lxTWVDUHZkWDJodzB0dXNqbWFYYk5pNlZ3Q3NnT29id08wUUJDdy0zZXk5T1dKdw?oc=5
CNQ.TO,2024-04-29,JPMorgan vs. Royal Bank of Canada: Which Bank Stock Is Better Buy?,Yahoo! Finance Canada,https://news.google.com/rss/articles/CBMihAFBVV95cUxOSTJWRGh3VWl0ZDlfVEVYSzdPY3E3TU9EeGhqS2d5YUhQbnpxRmNvbDRYSDBYeUlBWWRRNC1MU0NTM2I4eVNnb1VNalppQ2pIVmRYVjhRREtXM1NxcUN3TjVOU3NrN3ozWTBKazlkMmx4WHVsVmJWeUdzaUU1OXR5dGpIVmg?oc=5
CNQ.TO,2024-04-29,"Explainer: With oil set to flow, what next for Canada's Trans Mountain pipeline expansion?",reuters.com,https://news.google.com/rss/articles/CBMiwwFBVV95cUxPU0tTOWhUMUFYZExaREVOV1JvY0pRa2dGaFFwaFZvM3dqVnVMeF9yZ0F0R0pfWUs0OXctZmZlNTVTVU1KU2hEREZKeTducG5BY1hSYng0N1NXYmFlZzI2SlkwSHZnNGkyUERlTG5HbEVBa01QczdFUU9XamtETUQwYXk3UHlPcXcwenJUdVF2aU5oZTVuMWE3bjAzMGVnaUdIQ2xrMHRpV2hYMllFeDRPWGJUc0ZQMWN6Ui1QbE90eVM1SWc?oc=5
CNQ.TO,2024-04-30,Opinion: Natural resources are more important to the economy than city-dwellers realize,The Globe and Mail,https://news.google.com/rss/articles/CBMiuwFBVV95cUxOd2hhVnhud1NUR0hyNm9aSkpGaEdZc21xYU53SzJBY2hBVENxUVpOUEl0Z3dyajIzR2swa3dhc1AzTks0d3F3TFlicnhOVy1yYjZRc0wyTFN5YWVoQWM2dGU2TnpCaDFXUEZOUHRaTFRZRDY3NEpGSVROaHNNczhFVXcxelc1Mmd6STUxQ2R4czNyY0YxRUZja2tEZkFfOWZFeVdHdEhLaVFXWlFfUTVhbnpuRFpDVDY1N2hv?oc=5
CNQ.TO,2024-05-02,Tracking Yacktman Asset Management Portfolio – Q1 2024 Update (MUTF:YACKX),Seeking Alpha,https://news.google.com/rss/articles/CBMilgFBVV95cUxNMHlNZ2RJMC1ZWXIxVE5TRktCcXI2TG1aZnBlSUxHbjdMcmpXQ2xjTzJodXBsNHZhZTZSU1dPSllQSXR5N1c5MnctcFAzOWJ2aU1uNTkzQzE3MGY5ZzdKWkxqYS0xczZhZUNSNkR3cDFMQXdNc1lQNkM0Q3hUdkoxME12WVZNQWdRVWlKVk9tQWlmVklkbnc?oc=5
CNQ.TO,2024-05-02,Canadian Natural Resources considering major expansion of Horizon oil sands mine,BOE Report,https://news.google.com/rss/articles/CBMitAFBVV95cUxNTjgyaGZYTkZtUkhLWk5IMUdYaV9NOENtNDZKQXJueDVVcEVlSnV1a3Z2SDZKTExLcTg3TDl1djJVcFZZQXVoS3hxRkhYS1RxOUhWR3llakJZR0M4RHktZHVreDE4X0RqMEt1TllHaVBmQUg1UWFMVDZGX1htYS1QSF81V3N6cnMza1JNV2hGeDRtMWo0enVKUVdJV20tV2FiYThOcnNRYkpaRHBseThpdmxWcDjSAboBQVVfeXFMUG5hbWFLR2t4RnlubGROdlBPRWo0aHJ2U3Rjb0o2am9KZmhONkdTbXlUcG1oYy1RWUpyX2d2cGRIWFZZeVU5ZWg4eGRBejZzUDBLMFVod1pzWElCU2RFaVZrZ3ZEVl8yUkJ6UFJRbjRiWWJ1MG56OWJVRUc3V0p0Yk9LcGo5YTZNMl8zZ0NxQ21mY2RtTGJISzlseWxoUFVRS0NVZW50Y1V5QTVsbmRXSkQ4N2xiX2stU1dR?oc=5
CNQ.TO,2024-05-02,"Schachter’s Eye on Energy: Large US Crude Inventory Build Drags WTI Less Than US$80 per Barrel. There Is An Inventory Excess Around The World, Even Lower Prices Expected In The Near Term.",energynow.ca,https://news.google.com/rss/articles/CBMimwFBVV95cUxQYmJvbkZodDQ0WkJiWVVFak1HOFh3VV9xT081bHdyREszYnlzdlY2NExwSElOLUNlSW9qd1dXYTI5b0t2TVMwRkJhSHpEQ0tqS24zaEEyVGFFZmJuSUY2M3NibVVCRDNJbDhYZUdIemk3UWk3NlVTNXAtbjZoWEViRzl6a1lXOVlXdVk2ckFIMkNqN2pJLU1oX1FoNA?oc=5
CNQ.TO,2024-05-03,Canadian Natural Resources Limited Announces Further Details Regarding Share Split,TMX Newsfile,https://news.google.com/rss/articles/CBMixAFBVV95cUxOLWZZZDZjQ2RSTHR0ZDJPVmFzUGlkR0R1T3lPcWQ2TXpKRl9XVFozMzdSQ2U3RmlkbEh0VU1GMmFVbEdkQkFCa3lDQU5LbjZObFctQnVrZFNhNUw0MG5OMlhkWm9qWFlHQ3N5UGkzM1VveFpsTXNRUjVWVlpuVGl0dC1tVTFjczdGaS1QNmhJZmdFb01xYmJQNFpXVHVJMEx0RnhvQkdfSHNsWWJMS2dKaEI3V3NhTVBtUFY2VnF1eGhGelVv?oc=5
CNQ.TO,2024-05-03,"Where to Invest $10,000 in May 2024",Yahoo! Finance Canada,https://news.google.com/rss/articles/CBMifEFVX3lxTFB3QktjODhuOXB1ZFBkTGNyTGM2MTZpd3NJWUtfeklqd2Vqd3A5NUNwLW9vX3d3SzduRHd5UVpNbW00WS1ZbllXYzhCMGdJdF9hUmJRRWpvYnpKTFE5ckgwUTk4eHlIc0tRQ1poX2FvQUtDVTlGa0JiN0lsUDM?oc=5
CNQ.TO,2024-05-06,Better Stock to Buy Now: Canadian Tire or Dollarama?,Yahoo! Finance Canada,https://news.google.com/rss/articles/CBMihAFBVV95cUxQSjByYXZUVHBYTEEzblM3OUxHbzhiWlhaS192Wk03TVFPRVJvNjVEcVFNOEhTOVhjTUJrYzZvMmUzcGxtOFlQNnFKWkNBOVhoN0JJcWFHSWo1RDZ4bVZCX01DSDhIZFplX3NVN0JOUzhXUXd4dDg4UTRnbE5rcGxuRlJvSFU?oc=5
CNQ.TO,2024-05-07,City of London Corporation honours Canadian Indigenous leaders with Freedom of the City,London Post,https://news.google.com/rss/articles/CBMitAFBVV95cUxNeXpxODEzQlBGd211cm5oZldVakFwMUVucnQwX21jZnBzNlotVzYyUkpUeHdaZ0NaN3JrbWw4eHBZekZ3OWxiOGxXZmZmTWJ0ZkFvZnMtS3d2ZWpheC1yMl9NTy1kODF5MjN5NXhKbXk3R0JNYWFfWm5ORkYxXzdSWlJONEM2bFU0bjVvZFAtTjNUYUI2UkFPMXEzOU4zZWVGaVV3WnA0UEJ6UVRUSkh4WXFmZFU?oc=5
CNQ.TO,2024-05-09,Canada pipeline squeeze set to return despite Trans Mountain start-up,reuters.com,https://news.google.com/rss/articles/CBMivwFBVV95cUxNdDBiemh4c09oQnl6MzltRlY4Q3IxRGQxaVVRTTNGbno5QVRqbTNkOEIzZ242cGRRSUhlZnBUM2JGRFFvRTA2b3M4dHJPekxleDNUMHJXczdpcmRnOWZKUWxjbXNKOVlqNENJR2JvTVlacUIzcjlkMEZuU2tnMm5UQTI5OFQ0ZVgzMWlQUWE3VUpnMklQR3h0ZW55aTNUM3Y4ZFZhWExTdVZIT1kwUXpYVGFxNDRXa0RMVHVxX3RjWQ?oc=5
CNQ.TO,2024-05-09,These are the stocks that had the biggest influence on the TSX Composite over the past three months,The Globe and Mail,https://news.google.com/rss/articles/CBMi1gFBVV95cUxPU01iWTQ1bmJBcEJGdlY3OXctVU5yQVE1RHhtLXBlNTFRd1VOVFY4cHYtNVFmQTJfRkhMdkNrRG0tSWJxa2s3UW1JYnVGMDRCQkIwdkRmYVdfYWdobUNRSTZlYy1tNE1LTWFnaS1QTjdFeWV5V3NBYUlPT1VBbmdmQmV5MGRDbUc5MVNXSS1Vb1hQSEZjdkNWLUV1Vk52dDJRVFVESGg1eHJEZldtY3J4a29CNW5RM2xhOXR4aXNKT2hHYW41VEl2WFBnX2hDbTVTYUF6S0Jn?oc=5
CNQ.TO,2024-05-10,Canada’s Gusher: Winners From a New Oil Pipeline,Barron's,https://news.google.com/rss/articles/CBMihwFBVV95cUxQQWJGQW9xYjFFTFV4LWp0d0ZiVkxESy1rcFp0VnQxQkY4ejJKcDBSTzNuemM2VjFLU1RWbnY2RkprM29YbUdkc3lrX2JTMjBic3ZIUGg2bmVNSmxTUzhFUlRnN3RTcGplRzE5VFE5SXJRQk1SamFOQ0MxZENpQ2YtR0E5ZEhpUVk?oc=5
CNQ.TO,2024-05-13,Stocks to play Canada’s ‘strong catch-up trade in the coming quarters’ according to BMO chief strategist,The Globe and Mail,https://news.google.com/rss/articles/CBMi3AFBVV95cUxNdG43cGRsYko3X29ZN0RnejhVSEN6RGFNTGJlU2xabGZHX0t4bVo1dXBycTFXc0Rjc3psVHpzOXJOQmFxdXFjSmVOOXJkVUxRTG1kMTRDSTR2anI1MG5iZ1Nsbi1waEZNeWV5RXVRSnRGVk5pUzFNektMa1MzNWtLRkVQVS1XRE1Yano4OUdlQ05nYzI1M3QwSXlzampCNmRBa3JCUmVRMFNvTnBVSWpQTDNCOGYyUXM4YWhCV1lUaElpTklER2cxdmZnSVZtb2tZNkYxWHEwbk1ZaGk3?oc=5
CNQ.TO,2024-05-21,"Executive turnover, shuffling at top resource companies costing shareholders millions, review finds",The Globe and Mail,https://news.google.com/rss/articles/CBMisgFBVV95cUxNd19fU3FJR1NEUkVtbDQtb3pJcnN5TEdEejZrd2M0NlVtdGg1eEcyWkZKbGN4NGhmd2IxWnhNMHJPYUw5V2toMVZCT1lROGFzQjhWcUxLQS1ySEpoN1NlblZDZ1NtUjNtbWZvem5VN1JtM3E1SXZHVE9UNzVRNC1OdXUtUXYtNl9WdDJKN0hreWswclB3a2Nyc2NQa2dGQ2p4a3VjTXVfY2lTNFNtRndNdGJ3?oc=5
CNQ.TO,2024-05-22,Elliott Notches Win With Suncor as Shares Rise to 16-Year High,energynow.ca,https://news.google.com/rss/articles/CBMilwFBVV95cUxPZWE5YndCREFnZHZVblBabC1HdjdqZEZyTlUyWmNRQWVpSTdCTnUzcTdMMDB2ZlRTYU5mNGN5RHItS1ZfZDhyUllWMFZVUE1UMWQxWUJxa183N2RvR3pfWXBYMnBrS0lMT04tY3VJRU5ZcjhDSzZhZlR1OFZKY3E3M3d1N05nQ3Q5TnQ2T3djS3FNTV83UEM4?oc=5
CNQ.TO,2024-05-23,Is CNQ a Buy Before its Upcoming Stock Split?,Yahoo! Finance Canada,https://news.google.com/rss/articles/CBMigwFBVV95cUxNYTZibXp3cXFFVHg0X3VIUkZCbHZBSHoxaS0tQ1hmT3ZnYWtVQkIxZ2JMU2JfYUkzX3Z2WVlYWjB3c29hQkpOdW94a0k0YnJuTnJMOEhYMWZ5ZUEtOXhfMmJWdUdmTEhzazg5YjRKZFpQTWNDQklSRWxoOTMxbHhqQXktRQ?oc=5
CNQ.TO,2024-05-23,"Eric Nuttall's Top Picks: May 23, 2024",BNN Bloomberg,https://news.google.com/rss/articles/CBMijAFBVV95cUxQWmpZaEhNWFBZYzl6Y3RSSVVrUEE5MFFjei1Ya2lIeGFmellkNHo5QU1UTGdPN24wWWYzRG9wcjVnOWZlMXd5ajZrRUxRZnJ0X05Id1NPVzI1eXNMTVFyUEhzMG91a1NkWWFjZXJLN2F5cGR6dnhhSEx3TjVhd3ZEM2VTQWtmMGU5OS0zTg?oc=5
CNQ.TO,2024-05-24,1 Magnificent Dividend Stock Down 15% to Buy and Hold Forever,Yahoo! Finance Canada,https://news.google.com/rss/articles/CBMiigFBVV95cUxNLXlxWmhPUnIzRzQ5Y3pUSzExMHJQQnQtVEZvMG5ueUQ0RVc5RU1tTTRZQlpYNUo3VFBSMldUZzBkVEJLSTR5cFViRDRRSUdYR2FGQmRvWDMzb2M5T0x5cjY1Ymd1dEFIUnM4VHVLMUJpZFhUWjFwYmxvcFZBei1JQVFmV0FXMGxOT0E?oc=5
CNQ.TO,2024-05-28,My Favorites! 3 Highly Attractive Stocks For The Natural Gas-Fueled AI Boom,Seeking Alpha,https://news.google.com/rss/articles/CBMitgFBVV95cUxNUGVHSnRHUEhudmY1LU9wTWY3SkszLWpUS05nUUFVRXVCVDVzblYyT0ZGZ2xCU0phQm5wajdlekFZNFBFU0lXSkhEbUs0MTJLSTZLUUVGenlJakpqWjBJbkpVS1d3U25ZZ1FiMHBnX3hwem9ZakNSNzVwRUNINHZqWXhLQmtkQ05WNW5qald4Mi00Y3d0VV9EWF9uWGdEaHFETnhMb0t3TUVsQ2sxdHVWVTNNd0lMUQ?oc=5
CNQ.TO,2024-05-30,5 Undervalued Energy Stocks to Play the AI Data Center Demand Boom,Morningstar,https://news.google.com/rss/articles/CBMimwFBVV95cUxON09wdEhydDlKVVVNUXVaLXhpcEt6VHpUY2dZWF9XYk5lMHFCOENzMlp1TDN4OFJKQWRtVXNoUlh3clF5WEJpNFhkT2lwancxY212U2RkeWJZb0lOVTJibnFkcDlRYXhqdHJHVGFfeUl4NmpPVkNQQS01VHZYaWhaa3pjb1RmejVxWUExcUQ0cTFMOWphb2E2VmI4Zw?oc=5
CNQ.TO,2024-05-31,"Ads Claiming LNG Exports Reduce Emissions Are Misleading, Says Regulator",DeSmog,https://news.google.com/rss/articles/CBMiqgFBVV95cUxQWUNMVEJJRmdtWWxtQko3TmpFQUdmbnpyQ3VOVWJkbDF0ZU1fZDlObFhHb3VoSGlSUDcyaXZtajc0a01mWDlwd2hFdk9LeUk4WG9za2xkalc3WDVHNm9yRVRxeFlYV1FoVXJNSEE0RXdCVVBxajlVNkFDZE9VU1ZWU1RRdkxtbGZnMVJKZkl6dGNxajViaUw3Mk9GdlE4X2xsbFlJQ2VwV0VRdw?oc=5
CNQ.TO,2024-05-31,Investing Club: Introducing the Readers’ Portfolio,The Globe and Mail,https://news.google.com/rss/articles/CBMirgFBVV95cUxQWGlfN3Zzb3UyNHpCTmc1akRySW1qUm10M3hNWE9aU1A1Z1NhQm9TQ1hhR0plVVduclMyc1BnY1p1RXo4ZndCakJmT1g1LTlqcVoxSmo0V0VwOWxSWTZ0NWNITlRXWnhoLS1CVUNoeHBpOFJXVDZMT1N3YTAxU2VtUy1Ja09vM1J6UTBqN2pOZzlPU1dqVzgxSWRlRjI4Skg3VlNOUG8tLXRNQ3Budnc?oc=5
CNQ.TO,2024-06-03,Celebrating T. Rowe Price's ETF Success,ETF Trends,https://news.google.com/rss/articles/CBMickFVX3lxTE1iWVRjTHlvelp4OGR0eDVEZ1VwbUNjXzB2TmtPTE5kT3VXSFNpZ0FlMVF5ZkdBcVJVT1FmUk1GRGtBVFR3UEUxRXl6T1Rnc2pUNzY1UlkxSWRFVGFHZTJKekJWRkxhcmlqSzh3VmFFRUxUQdIBd0FVX3lxTE1SdVBqS0tkRVBObU41UG1vaDhVRjEwcnFjWVpNcDJFZ2dCZmE4SWlIZHUwejVTd3RsNmpVeW5RUFNxSEZ2UVluNFlsN3R5aHdmdW13VmVScEVRNHdRamhyNThRa2JKTjBmeWFSZW1wZ0Y4cWVZZi1j?oc=5
CNQ.TO,2024-06-03,Chinese refiner Rongsheng buys its first Canadian TMX crude oil cargo,reuters.com,https://news.google.com/rss/articles/CBMiugFBVV95cUxPRzEwQWpCQ0M0RFhWQWdLam41S2dCRmM0WU95ckNYZ1YzTXJWZ2ZyakRXTXhBdlNYRXhiQ1ZwaWowT2diWUtXMFZqU3Uwb2xkRXhtU2VnejF1Y1ZiVy1LQld1VGE5bk50UGpwVTZBVG9obXZ6cGF6MDJaa2ZIY0xnakhoT05DdExFU2ZtM2szQldUTGFuTFNtdzZoNklnZWtCejJEbDc2MTk5QWdrQUFOUWp4SDJERmxWTVE?oc=5
CNQ.TO,2024-06-04,Canada’s Growth Challenge: Why the economy is stuck in neutral,rbc.com,https://news.google.com/rss/articles/CBMiyAFBVV95cUxOYVg0RXg1YUpqbFF4UXZ3aUZjMFpRSU9xTDVPSjI0NnRXTHRTbkZZRUpsZzFnS1BIUDZlekJuWjF6LWtEQUJoMnBJNkdkQy1nQnBsNTl4N1F5OU85YWh4cExPOHVORGhOMVJQNWxUY2FqeGtzcGNoWVJiejN5QWp4N0N1ZE9kdEt3dm0taXpQTjd3YTVfMTZBSld2V2ZYeWprTEh3UXV2WU1Wa1V4Ql8tWEswZnlUSkNPUzREaENoMlp5WFFBeWk5Xw?oc=5
CNQ.TO,2024-06-05,Goehring & Rozencwajg Q1 2024 Natural Resource Market Commentary,Seeking Alpha,https://news.google.com/rss/articles/CBMiqwFBVV95cUxNSl9JR3dmdV90N1c3emFQazUwbWsxdGFtWUxsbnl6aXE2WnU1ejNmcnhWbmFJWXJHTE11NlgzQ3I0ZkpPbWVyOGxsUlVPT0JwcWxkWlluTThfWGpwVWNvZUJnb293TW45ZktkM19Yemhoa0JCdkhHNkhJZzdrTFlEU3NFOUFSSkc3blNRVzNLM0QtOENOMURiNXBOR05jUE05ZFNrZXU2Mk9UMWs?oc=5
CNQ.TO,2024-06-05,"If You’d Invested $1,000 in Canadian Tire Stock in 2004, Here’s How Much You’d Have Today",Yahoo! Finance Canada,https://news.google.com/rss/articles/CBMif0FVX3lxTE5ZV3VsX1pTRlk3clVKV0NzREc3bTFJdFZNUUhNMjM2YU8wc1Zra1N4WnZyZGJWQU5GWnh3ZFZrcjFhMnI0MVA0ajE3MWdiSGR0T1dvbDBKTXExZFRHLUdjZnRiajdGMUlDdjI2b2p4TVBKUktVS0s2bDFpbzFrWWM?oc=5
CNQ.TO,2024-06-10,Electra awarded $5M from Canadian government,Recycling Today,https://news.google.com/rss/articles/CBMimwFBVV95cUxOUG14UXo1NHJyYVhid3ZmclNSMWFGSXhuUERqNnZsLTRjeENLLXo0LWpRNTBHUmRaWlB0NTkxYkcwMVNrQkNlWmRKdDg2XzdQOUwwU0NpNEduWnBuQ3JaM1JpZTkzZzUyQkpJdkotX1lkRUZLZHJORGtjZHFOdVRKNTI4MzA2X2tva2xWaEtjQy1vM01BZmZrM3JFNA?oc=5
CNQ.TO,2024-06-11,The World's Largest Oil Reserves by Country In 2024,WorldAtlas,https://news.google.com/rss/articles/CBMijwFBVV95cUxNM081c0Z3ZndOUjR3QTdtOHIyUWVNSjAwVzN6RXd6NldVQ1p1RkE0R3oySF92MnpRNjB6d1oxbm43ODhIVlVFYXNMVE5ic2wyTFVrQW5lWVRELVhwLWhmWkZlRFM3d1BCcDRkc19oS1RyMGlJSzZIYnpmNEFMc3hzM0FqdWljWlgwUHFjbTdhZw?oc=5
CNQ.TO,2024-06-11,Logging Roads in Canada are Contributing to Forest Degradation,NRDC,https://news.google.com/rss/articles/CBMiigFBVV95cUxPSDgtUzFPcXdkS0lTdXZoYmMzb0hTMzE5WWRsd3IxeVRxbF9ZTERkeWhaLWxmdDFhTEd0UHJDRXFQdTFlWlktc3hpYnpLbGxpUjFEeVlZNFJtUU9VeC1QUnl0bnFOSnZ6UExmYkROdnA0cHR3Mmx1aDUyeGlEbmpETHR2Umc1TWxnWmc?oc=5
CNQ.TO,2024-06-12,"If the Loonie Falls Against the U.S. Dollar, This Canadian Stock Could Gain",Yahoo! Finance Canada,https://news.google.com/rss/articles/CBMihAFBVV95cUxPRjAxNGdLMjJVa0R3MzgwUW5qNFB5aWJsZF9SblZ0RHBlT0ZBQVpNWXl2dC1kMXV0X1hkNkctd1BiQWJKalBERzZ5bDJQWGdqeUdoNW02SFVQdFN0ZnZ3dGFoOVJIcExLaGhBdWhKQlFiRWxMVTdHY1lOTFFkWk5jVWREWXE?oc=5
CNQ.TO,2024-06-12,Stephen Yiu: The biggest misconceptions about Blue Whale Growth,Portfolio Adviser,https://news.google.com/rss/articles/CBMimAFBVV95cUxOYVVLRnpTS2RweG53dTkxWGFZY1l5Q0dNX25QejNQaW1ROURwSW1hc2JtUmpKa1FvTWlCZ0dveW8za3BHWnVPaTdOM2tocEpyWVgyeTg1SVY0elFISXJ2cXZtWTd5ZG0yWHQzV2NaUzUxUk5xVE5Ba21OUm5WOFF3RENmMkc4emRRWktaZGJsRlJHV0w1Qm5yUQ?oc=5
CNQ.TO,2024-06-13,"Could Investing $10,000 in Enbridge Make You a Millionaire?",Yahoo! Finance Canada,https://news.google.com/rss/articles/CBMihwFBVV95cUxOUFcxdk1KeG5ZUlBvZjJRNkp1RFBoanFTUEdubDg1YlVSMkdsWTdYemkwWHFYZW4zRTgxWXcxTDRtYTg0YUE2U1FGcEJhWFhOSWRnTDVoQ1VIdTEwZ2doanlJYnhRM2wxMzlET2VCYUlTU1hQWV9abUlaSzhrZXZXWkdQQ0NiakU?oc=5
CNQ.TO,2024-06-20,"Federal gov't, Saskatchewan Research Council swipe sale of N.W.T. rare earth metals from Chinese buyer",CBC,https://news.google.com/rss/articles/CBMie0FVX3lxTFBGakFXZkdocWF1cWJHSF9ZNW92cmRkYXFoV19zLUtOeURQVDNsQWhxNjhzb0lhSVhRTkZ1SDNfb2V2aEdDNU12dTY5M1pKM0R0anZsTGMxa1IxSmRsZHpqSFlKUlZLaUNlNU9mMTR6V0V5c0luWGtqUDdvOA?oc=5
CNQ.TO,2024-06-20,"Resource stocks help drive S&P/TSX composite higher, U.S. markets mixed",CityNews Kitchener,https://news.google.com/rss/articles/CBMiuAFBVV95cUxNUmFsaXhWc09jbWMwcjVlbU1kWDZsdTdwOXhWQnhLTFhVUGhUMkVtLTJBdnA1eHg0LW5wUDktMlVoWjBTTkRET3A2X1dkRFlTN2dJcGlZbDlqbXV4WEVvNkxIX2RGZElfZFFUeFBqazM1T1o0SUNpRFJBLWJ0cXI1MV9sS2VTUXlzdHFjY20tdS1OUDFqbUk1UF81Rnd2YVM4QkpySHVwMjM1Z1h1a0J3V19FMkxqV00t?oc=5
CNQ.TO,2024-06-21,"Underground plan for Detour Lake, an end to coal power in Alberta and Canada blocks rare earth metals sale to China",magazine.cim.org,https://news.google.com/rss/articles/CBMie0FVX3lxTE02ZzNMNHFvOGxVZzJuY1N4WldxOFB3aEZYTUtpbXY5bks5OGRKd0ZRZTJRUFhKX0I4VDJUSFFFRmMyaWpYb3hZYy14VzVMRWdsdk00OE9rcENBYUVzWnNBWHJCWTZNWVlRSDloT1BJdmllZVN0eEFkUV9YZw?oc=5
CNQ.TO,2024-06-25,2024 Half-Year Recap | 10 Dividend-Monster Stocks in Canadian Market,Moomoo,https://news.google.com/rss/articles/CBMisgFBVV95cUxNWTB4MFdmLTQzMmVKdXRnQW1xdkgwcnFjckN4OG1FVWhWa2tkWHZhXzEyb3BDM1hrdU5tekV3Zkw4ZkJ2ZmNTUWpqZVZ5Nk1vb2RmTUNLTGphVVc3d1pxSlpURkZHQ19KRk4tVFRvT1FiT3BLeU8yNkFSTWdrbzkyS0h0Y0dvcVFSakJud2I5Q3g4V20waExXbVNoTXNuZnAtWU90cDZyc3JJa2ZvN2FwVU5R?oc=5
CNQ.TO,2024-06-25,Kevin O’Leary blasts Canada’s ‘weak leadership’ amid economic uncertainty,BNN Bloomberg,https://news.google.com/rss/articles/CBMixwFBVV95cUxNQmFEc250bW9LSHpHQlBLb1JPblhIcU9TWFREdUlGbk9KRi1GMW5pZFpWUi1IZkFhcVJ1N2t1amYzb2c5MmhLZUpQRnRNTVhPVmhkM1FaX2ZzRkhRMnlrNFA2NWZQd0ZkTDdpempJeTh4MV91anlTQnp6TnAzdDV2WU56X1RBWmc2dmhFV1ZaYzVJSkpBM19WbEFYTHpzUmc1THllSktLaFlWb3lMSkxHYUd3ZmtGa3NwVXJDMi1jblgwcEc1MEZn?oc=5
CNQ.TO,2024-06-26,Canadian downstream – Refining our hedge: Rory Johnston,The Macdonald-Laurier Institute,https://news.google.com/rss/articles/CBMiiAFBVV95cUxQVUtvc1dFcTJpQy1ld2JhTWx3NU9kZEowR2k0UnQwdUpfeUJLOE10aWJvWDNhVnR3NkNPeDdZYldhZEV3dkNOaG54SEF1Z1Q2QUU4NVlfWWFsWGFaNGV3dlBGYVpOcG5YUE9zSW9OQWxfekFwa2diS2wwTlo1RjU2ZVpWNmgyMGRv?oc=5
CNQ.TO,2024-06-27,Gold Stocks vs Oil Stocks: Where to Invest for the Remainder of 2024,Yahoo! Finance Canada,https://news.google.com/rss/articles/CBMif0FVX3lxTFB0RmFSR0oxWFB6LXBodTRJQk1mMzJXYlRONzB2Wk9vcnBNTVJJQWNMazd1dG5pckh2UzZDWnQ3Wmh6RVpmZy1OQ1gzUnF0XzhwQzFxa1ZCUHp4YVlLMWxCTUNFSEJ4bWd2TGpRaVl1U0pZVWJsVGNCMV9oeFItQTg?oc=5
CNQ.TO,2024-06-27,Canada's Trans Mountain bets on last-minute oil shippers on high-cost pipeline,reuters.com,https://news.google.com/rss/articles/CBMixgFBVV95cUxQMHVobkJFd2xfOXFKSEROQWdSclE0SjBOZ2pONW1tb3Iyb19kdW5zRnFEemRMYmpvZWNzMVI5QmsxVUtUSVJ5VDNteEUtT0tlX25keDB4RlpINUJDaWRiR1NBNWFIWUlJN3ZSUjZkR25KTk5wV00yQllBNkRqNXpzSUk3cTdlWC1iOTg3ZXZONk5DTVpBSEV4NlpqVjhGTlk0N0wxei1RRFRicVR4VlhsOEVoa2ZsZEVVaWtoZkI2ZnFmQnB5Wnc?oc=5
CNQ.TO,2024-06-27,"Canadian Western Bank Stock: Buy, Hold, or Sell After Buyout Offer?",Yahoo! Finance Canada,https://news.google.com/rss/articles/CBMihwFBVV95cUxPVkdFN204QWZBY1VmUk9WYjg4MW5LYUYwV0NMaFJDa0lLVVhFRGM3RUtpSl9vMC1pSktKSEVwWjF4WmQ5MXg1azN2Z2lJQlktMFF1SXdiRXpPTXV3aVZieWRhZmNuZUhNcG5hRXA2WG9QQlZzOVM5ckMtSU5lM2l4bWZMNDJWc2s?oc=5
CNQ.TO,2024-07-02,Uber Eats is launching a delivery service with Cartken's sidewalk robots in Japan,Yahoo Lifestyle Canada,https://news.google.com/rss/articles/CBMihgFBVV95cUxQWEJpdnlOM0Z3eTV1Znp6MkdNS3ZkeXZLd28zNEE3a3ZpbzBYNzRqS1p6X3lnTXlBcU9kLV9uYWtSa1hZMW1UMVlFUmRUYVZuTzRfakV5SlRpZ0lFYkNIcG8xSmhGX3Z6Ui02bnl4LU4zZ0hCSUx1MkVmNDU3VU5pVzRkdUVadw?oc=5
CNQ.TO,2024-07-03,ARCHIVED - Towards Net-Zero,cer-rec.gc.ca,https://news.google.com/rss/articles/CBMikgFBVV95cUxPTjRLVjBFSWhoclFsYUg5aFpDNkdoN1FRdDBwX0c4bUI3UWQ1NWRSNzlkR3k2NXdvVGZoVHV0d09nUzJLZDRwSjRPZzZxOUI0NXVCWVdxSW5hTVN5STlLT1VRcG1fSDlMMHNoWTYtSnVQZkVDekRwaWhzYVlzS3ZTb2RqT0JIalZYSmZ2T2ZxQlY3UQ?oc=5
CNQ.TO,2024-07-03,A Canadian stock is among Wells Fargo’s top tactical investment ideas for Q3,The Globe and Mail,https://news.google.com/rss/articles/CBMi3gFBVV95cUxPNkhJNHJGLTMxX2VGaXVMVG16NEY3WjkxYm9MR251dHVRQUdnVWFreWZuN3JEOHhjOWZRcXBvNFBOdGYxRmEyMGszYnpSdWFabDZid0Q2ODl0NGUxMWprbURvbEhId2RJSlYza0RleUgyTVlKSU1scGxUSFZqeURvZ3AxSll4ekNqenl4bnpQQ3RJNDJGWUpDZVk4MUZMZFhteFA2WnBSaDhTaHlGM1ZobXBFakZNOHBrdVRyNlpLalI5ZE41cVVhR2tJbldTT1E3YllManA2VzBmcUF0U1E?oc=5
CNQ.TO,2024-07-04,Trans Mountain Seen Boosting Canadian Oil Prices: Potential Beneficiaries Among Oil Stocks and ETFs,Moomoo,https://news.google.com/rss/articles/CBMiywFBVV95cUxNTGk2bEdLWVc1dHFManZhd29ZWURKbHo2N3V4Qmg3c3YwQ08wcjBmLUdSZzdaT2xGRnBlMmUxVzJFcVlNNXNnRHE2cVBmdk53TWdPajJEWURsYlZrNkl2dWRjODJJZmFLN2xfV2J5WTBPRkkzd2pOekZ2T1pVNU9Ha0R3RXgzSVBlempYSjZFRHprNnZDVldnd1dua3lRQTBPNXdrNnNwRlVSMGdCdFNEcHh3d3NpaVQ2V0stS0ZIcF9jVXpoUjN1RTdRRQ?oc=5
CNQ.TO,2024-07-05,These Stocks Offering Over 6% Are My Top Picks for Immediate Income,The Motley Fool Canada,https://news.google.com/rss/articles/CBMinwFBVV95cUxQZ0k0WnBkMVllV2thYmpBWjlPMDBaZy1GS2VCZGJ4bGl2X2Z6ajVIQmxqT0N0Q3BoSE1qRVhfZDRiT0o2bmZxbG5lSmFIdTVvVG9DNW91akF0RTJLdGtWbktvc3dTaVc4U040SmZRMW44Nlp0WUNuSmxWakYxZjIwN0ttanpQb1VoZjRCekdGNFhPVjUxMFBYQ2hwb1JFX0U?oc=5
CNQ.TO,2024-07-08,The 8 Richest People In Calgary for September 2026,Wealth Awesome,https://news.google.com/rss/articles/CBMiYEFVX3lxTE11eVNrQ2pQODJGRkI1VXhvUC04VmpNQkttQzFGUmNxUXVYLWJBSjBUWHpqZFItMExlZjJZVVZtTjBXLXBjS2dkZ01XYkVWOWRMN3BuNEdXelc1SlU3NUQ2bw?oc=5
CNQ.TO,2024-07-09,Should Fortis Stock Be on Your Buy List Today?,Yahoo! Finance Canada,https://news.google.com/rss/articles/CBMiggFBVV95cUxPTXdFbjJGa001Rm4waHJWWmhHNmRMMFhwZ1M3bnlMM2ZhMUtsN3BENzRXWjZfNEVGbjcwU21hZFlKMDhNY1BaazRJYkJVaWE3RkdnRW1RcDFEOTRYNGl3NVB3cEdOSHhlOTZBZ0pTNmMwVi1NYTYwV2hfUk1tQ3ktcUF3?oc=5
CNQ.TO,2024-07-09,The top-performing global funds that got there without Nvidia,Trustnet,https://news.google.com/rss/articles/CBMiogFBVV95cUxOOG1lN3lta3pENVFPaEVGSy1SVEdnMGlnYTd3Ukh5NFdZeUZFc3RHWkdUemdRcUllQVpMYnRtQ0J2Y3Z2WVZvM3VZcS1ueFpldWJOaWt3UGE3Wk1rek9fZktwd1RVM3RTNmtJa3hhWDBlTTlKUGVpQnp6M2loeUNjbzVXR1JHamRXVWU0ekEtcEVfUGFqblk1ZE1GSEtxRE9pX1E?oc=5
CNQ.TO,2024-07-10,"Opinion: Diversity trends, actions and results",Pulp and Paper Canada,https://news.google.com/rss/articles/CBMihwFBVV95cUxPRjNoYmZhSzFtclh6aXE0TnZyLTR1VXJzZlZVdjdEZFViNkxWbHFPR29fblRibl9vN0RmSjVkYWtZUUZYd2N2RW9MNGNOdnBDYU03Q1ZIdVlPdW1IRkRvMzJlVFdGZG5BcmppRUZNUTVWbW1mNTJJb2JjSzVhaVpsVjNkQ3B3bG8?oc=5
CNQ.TO,2024-07-10,10 Best-Performing Canadian Gold Stocks,Stockhouse,https://news.google.com/rss/articles/CBMikAFBVV95cUxNLVZmaUczaS1jVTI3QklWZXhtVlAxQTRvemZEZllOSWhodno4WVFNZFQyUnktYm5zdWc2S3pMQVBTamJFNmVoQVdfdW9ocGFZZFVzbC1HMUw2a3pzM21QZDQ1ZXFQeXJDbUNqMGxLLUhlTkR6QmlYdy0tRzVnejNxQzY5eHdPZ2RyRUR6TWRUcFg?oc=5
CNQ.TO,2024-07-10,Canadian General Investments: should you buy?,MoneyWeek,https://news.google.com/rss/articles/CBMimwFBVV95cUxOSmN0d1Vrc0xUTktfMnBwYUlLSlR6cUNlRUpFVUpXM193dWRtV1ZjMmtKVnVKaGwzblNSMHh6QjRJYl9fMkd1SThIeXJSVkNWYmw4dWhxR3RHZW91Z3haNTlPVFozQnI3N2x5bmhIdGJwdFhvdFRfdDh6S2ZwQ1hyWHU4eDZvVXlZN0t5NWs4UXk5NjZMdVNoT0hzSQ?oc=5
CNQ.TO,2024-07-10,Is Calgary a good place to live?,livabl.com,https://news.google.com/rss/articles/CBMiekFVX3lxTE40cllGczZMaUFGMkVzZnAzbkl4T2xrRXFlQkFLSUpHSVVSNU5nZFB6V0lFTjlfVC1zSUZoMkUxVUU1Y2o2NHZMZFYxanFrYndHS2hEcFF0NzNMOWJYaU1UVEFITnlGbWZMM1B1MTlEOS1haURMdFRYdHZR?oc=5
CNQ.TO,2024-07-12,Gold Stocks vs. Oil Stocks: Where to Invest for the Rest of 2024,Yahoo! Finance Canada,https://news.google.com/rss/articles/CBMif0FVX3lxTFBaSEFzMmJiaVg1MkVrMmpQd0Nrc0tGVXNIZXJCQXJxU2JLNFdVakVpZnBQR0VfQ3ZTRHFvd0p6YWR5RllMWDJLQ0RYV1haZDZZYU92NmhnUi1vbzBnNWJaQS15MG1LS0k1d3hqMDV0a3FyQktlZUhoVjJTQXBjeGs?oc=5
CNQ.TO,2024-07-16,TFSA: 5 Canadian Stocks to Buy and Hold Forever,Yahoo! Finance Canada,https://news.google.com/rss/articles/CBMigAFBVV95cUxOZ3pMT2tuNHRsOXRqZ2lBV3pLeWMwNU1BblJJVmxJUlY2REhoZ1VQdGNBZ2lPdFlsYWhFNW9IdmxPSEgxZkRjS0tkYlBwZXZTS2xjQnRYQjlDWE1EWWJHNFlzQjFheV9MbFFTR285RFVHNDhGa0p5cTl4eHB1ZEVyYg?oc=5
CNQ.TO,2024-07-16,How to Buy UiPath Stock in Canada,Yahoo! Finance Canada,https://news.google.com/rss/articles/CBMifEFVX3lxTFBqN3d6cFdhd2lEekRJQWV2Q1dZazNsV2xyb3FXNjRsREdNOWdfWjJrUXN5QWFrN3NEaVV3TUJkVTlHNWNmekw1dVFHN2R6ZkRuUWtLTDZMeU9Fa2xtYjNxbkFCb0hrdFVnUm1kVUFjUU9NQ1ctN0oxTXc3cGM?oc=5
CNQ.TO,2024-07-17,"Brianne Gardner’s Top Picks for July 17, 2024",BNN Bloomberg,https://news.google.com/rss/articles/CBMimAFBVV95cUxOQ2Jvc1ctekM3bWhWVlo1MEtDdXI3QmhpbE92U21ZUi1yTWowR0laaTA5YXpRbF9UYko4Vm9LZ3F2Zk9GMFBvRUVlUzhVeWNjYk4zNVM0aXVmR29qTlUwdDdGQi1hNC1taTlBbW9iZzFXNVUxMFdyaDhwWEJ6aTdMN1NOMUJDcFFtNmExVi1SdEt3QXRxVHJOUg?oc=5
CNQ.TO,2024-07-18,Why Vanguard thinks 30 per cent is the sweet spot for home bias,Wealth Professional,https://news.google.com/rss/articles/CBMivgFBVV95cUxQVm41Mktsb0xGY2lQTE1YNHJzUWVudllkb3dfVm90cUxjNnQ1dG95UUxKQlVnbkxpTDJBRGp3anRNTDhaTkdMZjlpSWxUalRXYWVMYklaVng3d1gyQ2JoTGhYX3B1ZVJnaWlLcG1McXJfVlU1Z2FTT1NTMGtiVWRXVEZwLWpwQUNRZHJPcFByU0J6VGtHcEM2NTlBTlFkZkh1RV9ZZ0xCTVpDUmRIWmluVzRGVmR0VXhZVG80TkhB?oc=5
CNQ.TO,2024-07-19,"Canadian Investors: Yes, You Should Buy U.S. Stocks",Yahoo! Finance Canada,https://news.google.com/rss/articles/CBMigwFBVV95cUxOQU5IM3poRVdWMlV1MFNwcFZ4cWlnQmdXX0llSEtzc0g0RFFjanJZZnRsZTRRbmhYSzJQVG9EbHF4a1hCTThpcWstUDlRMWpkeUlHaUFwbXdPVGxWTkt5TEZPQ0FmSVB1WVBMbXV1RUVQWEU4a2EzdmY4SGh4YWtuLWZPUQ?oc=5
CNQ.TO,2024-07-23,9 Phosphate Stocks to Watch,Investing News Network,https://news.google.com/rss/articles/CBMivAFBVV95cUxQRFNoOUZtTXB2bnViWHk4LXlLc2E1TWtVVmJ3bGRTZ3Zpc0s4OWdkaGNGVjhXTFdDeWNGaHJDbDJ6bi1FN1hTcDV6Y1h5ZV9KWEdPanlBNWRab19zOWczWFZXOUM0WXRuWWo5aTdtMmNxN1htNE5GaUk4RnhySktWT2FjelB1b1NITDN0RUl5a05FbVZtdEZ3U1ZZb1B6eElYb0tNaUl2TlBxT21jZTJVZjFrMjhSLWp3S2sxUw?oc=5
CNQ.TO,2024-07-23,3 Promising AI Stocks That Are Cheaper Than Nvidia,Yahoo! Finance Canada,https://news.google.com/rss/articles/CBMihAFBVV95cUxOT2tQY0xhSXg2Y3JWZDlFYVppWmhHdjBJUmFMSzBJazhIQzBwbzBQTUt3V0FadENEalg1ekg2T1pGNzBVaVlXMDUwaWNnY2dKMzJhMFp0UzFzLVZqUEhlOURmS3g1Z3VXN3Y1ZzFNUGU2ZmN0c1BudWFWQ25TU2k4cUg3dnY?oc=5
CNQ.TO,2024-07-25,Shift to performance-based compensation drove multimillion-dollar earnings for Alberta executives in 2023,Calgary Herald,https://news.google.com/rss/articles/CBMiwwFBVV95cUxNV0w4b0R5M1RYYTZKMDJkYTFMYTI4WDJfOE1PRnVzZzE2S0xRc3JlWURaSkQ3bExpYi00bXIwbVNtbDY5bmlfNTlrb0U2Zld4blVUdFVQTC1Ca20yeWhROUs5Nkt0cGRSSUpUQ3p4dkYyRXdvOWplaDFsQTMybVZmT0JZOGlESU03b2dnamlGV3VQVTliZGw2YVNaVlU2OE5ycjQzT3VGWmJMWUx2Uk10Z3hsekxOYVhqdmlnWHhyLWl1Zm8?oc=5
CNQ.TO,2024-07-25,"Lured out of retirement by a $36.8M package, Suncor's Rich Kruger was Alberta's top-paid executive in 2023",Calgary Herald,https://news.google.com/rss/articles/CBMijgFBVV95cUxPeVRZWkJPVHFmOE1XSGIwWmdTNWJKWDUzMTJSd1A0LXYxSEJQZTJSZ1ctbVRoODZQNFQtTk9Od2NOdmRyUTJlbG9ZVHdhWHBvdi1welhpZVlxd0VRb2lGamlRTlBCYkFENW9EYmdoSjNaUkRiUWZYVW56ZTRhc1dLNlFjR2VKSngtS0lOTmVR?oc=5
CNQ.TO,2024-07-30,Paramount Global Stations In Detroit & Miami To Become CW Affiliates In Renewal Agreement With Nexstar,ca.news.yahoo.com,https://news.google.com/rss/articles/CBMihwFBVV95cUxPOXEtSTh6THQzT3FrV0FPb3pmM3pEX09kOHlwRjNWR0lCdWxLaWFCb0xvR2RMWFNFM1h6LWtWcGM2enphakNUVGZTMm1mQ2dJRENYMjJVWHpKeGdocjlSREItSU9FMDRFMWNBRnVsV3NuRUFqLUw5SHpHbTVaMWRQMlpwb1ducjg?oc=5
CNQ.TO,2024-07-30,How much of your investment portfolio should be in Canadian stocks? Experts weigh in,Yahoo! Finance Canada,https://news.google.com/rss/articles/CBMizAFBVV95cUxObm1halZ1VzAwMC1BNzJad1ZqMDBlZm9OU3RYSGkxd09ZaUZuaWlGMVhDLVhMR1VCM2pFa0U4QVlDT2w1ZUZ1UERqY1k4SG9MLXk1dXczWDhzS2xuNUtrZER5Y0prNDd4Sm5xTS0waEl3NWMzeWp1cE9ESDM1aFZRRk02ZDhnbzFyN2RRb0tlSEdnOXhua3NjRU5EaFM5WUdNRW03NklIcTdqT0QyOGdPd2dETks3Vks4ZjU1dnF4ZGFyXzBqTW9sN1R6M0I?oc=5
CNQ.TO,2024-08-01,Great Bear Rainforest,Government of British Columbia,https://news.google.com/rss/articles/CBMingFBVV95cUxPSWk5MUtZQlcySHpVTnZuYTRjV2FMRGJIVFNRNi1SdFJwcFVPcktub0RwOWlzN2ZPVWFIS2k0ZEMtd3FMMlRYbWl0VlpVcHljNzB5dlRua1lNc0xIREN3T0daUy1XS3ZUVm82WWhFQ0dQNEgwdllQcDZiNGVNV3ZpLVdPOVBmQ0FlMnI1aTJjYjdrajZJejZLaVRGUTYtUQ?oc=5
CNQ.TO,2024-08-01,"Cenovus Energy's quarterly profit jumps on higher oil prices, production",reuters.com,https://news.google.com/rss/articles/CBMiuwFBVV95cUxOVVhPelRUTjlZdjhpVjVOdUVvbFBfSUpvVTNzcFhTaUxsa1d4aE03WUR6SGhRN080WmhJb1FTMExRSEJMMFFCeXpXRWNqVkFwQjdrWjJPeDVzNExvR0xLeTdZS2RNeXhGM2duU1gxQllxbGNJcXNiQ21SYVo0RWdMS2FpYnlBSHJnTko5NzRtUUxSS3o0T3U1T0FXaWxIcnZuUnR3Z0ZmcS0xUmd1UVM1ZnVJa2tJeG1mTVRZ?oc=5
CNQ.TO,2024-08-07,Canada to fund health study on how oil sands impact Indigenous communities,reuters.com,https://news.google.com/rss/articles/CBMi1wFBVV95cUxPZEluVFFVTG1nSjItRTBpVGhINGZrTGdQQ01tbXJyWFpkX2hYNnhrVzVXalhTSmtCUlpWV3ZQdjViLWI4X2ZSZ1E3MERWN1RQQ1YxaUExNnlaYTJ2eWtWSi0yd2RPNkJGNC1XNTR4OV9JajRxZ1JYaHJIYS0xUjBUSFFnNkZJOU9fMF9WNjVrVU4ybW5HMUE4cnZEc1MzaS04V0wzWklTZGYyN2tQLW5rcGtpNW11SXA0Z2RCeWtiZzUyUV9RbGVRaVExQlNwRVo2UmpUNTZSRQ?oc=5
CNQ.TO,2024-08-09,"Cartoon Network Website Shuts Down, Warner Bros. Discovery Kicks Visitors Over to Max",ca.news.yahoo.com,https://news.google.com/rss/articles/CBMigAFBVV95cUxPdTFicHB6X1NULTgyazRoSUpIWlNVTThNSEcxNGtSd0otUWtpaE5Ya1h2RDZlUVNTOVY1RVlHSjBveUFUNGt3MGtqWUM1QVQxTUFQMmVYeUFHekJvc0xHZkxURG4zM3l3VmVLUWdweGFvaXBTZHFLTUlSVXFDdzhZaQ?oc=5
CNQ.TO,2024-08-12,Crew Energy Inc. announces strategic transaction with Tourmaline Oil Corp.,BOE Report,https://news.google.com/rss/articles/CBMiqgFBVV95cUxQTTM1STlHY3V5UGZfaUZWa2R4WExWWFluT0xqUnR6SGhqTmdJNFNmTkl1ZDNZcHliUzcxT2ZsOFA3Ql9MNEI5cDMzSXhHZ3VvMmNjYS1CdmNtMVVyOUdvX0QwNXJNa2p5OEFOcXdwUXV0QzMzYk0xSTlCOEhDZlN5c2NxRklJR2xuRVFROEJObURwb0Q2U3JrbURYYlBiRXEyZS1fU2xSVkY4QdIBrwFBVV95cUxNRXFwVmF2dWptNDctaE1ZNzd4NVRpTjg3Yy0zQ3FpYUlLZjVwZzZLd2xvUUFrT09PSDZORnVtMVhmQmhrOU9OWDNDSGhCZE1XanlXdnlLbnBNeTdWRjJfZFFUMTZmUHdPME92al9zWWJGRXU4Z3BaQmVzRUlEVktUWklRQWw5Tk42WnBpYjNjZTR4OVJYNXRBS3VZY3I5c1BEbWZFZXlSdHpyZjJsMUdV?oc=5
CNQ.TO,2024-08-13,The Big Squeeze: Lessons from the Trans Mountain Pipeline about the Costs of Invisible Bottlenecks,C.D. Howe Institute,https://news.google.com/rss/articles/CBMingFBVV95cUxPck03UG5fUzY4U2lTbHZaV0h3YlllLTltSHd4MWoxLV80cUkxaG9YYkNSbXhGWTB0bXZzVXhTck5LNzdRQkw4eVo2cmxFRGhlM1JOd1JlZkdJNFlpMmkwcFpqRGNFZEVMOEk4d2pRR0h5blNKdGRzWGp1N1ZkTHBoQ3RZem1YU00tdDV1SExOVllOclRPSUpmYTRGdl9udw?oc=5
CNQ.TO,2024-08-13,Energy North: Tourmaline Oil to Buy Crew Energy in $947 Million Deal,EnergyNow.com,https://news.google.com/rss/articles/CBMijAFBVV95cUxOTmN4TXZ0UUZIejJWR3dxQkZPdGFkamtoNm0ydzA4SGVvRGoySFRkb3RERGo1SnFkNHZzdkF6V1hkMEtrc3ZGVTBDVVhmRDlQT1hra0JfZWdDeGVscko0NEhtX09IUnc5aFYxR3NJWUZLcV8wUTU3aDhoZnFkT2g0NVhCVnZ4RExoaElhMQ?oc=5
CNQ.TO,2024-08-19,"Druckenmiller’s Duquesne Family Office Cleaves Microsoft Position, Shakes up Other Holdings",Institutional Investor,https://news.google.com/rss/articles/CBMi_gFBVV95cUxNdENIMnZtYzB0dXJnQk5GQks0d3JHSG5iaDY1cDBNUzB5WWhSTjU2WkNBUmhMTU9mYkt5OVdSRGhldWd6SGhfa3d6OVpMQUVJYlZRVEJqQkY0SVVJZ2ZFYjJuOTRIV3ZONmZpMnFSZl9TbC1SUFlVRXhSUVRmZS05emFqUHNiU25ORk5OZ3BzT29JcDZrdVNuNE95RXUxU2pwRDh4QmNMbWtmRE1VSVRrSHVFSEh1UHFreFZ5bHpjQXBEZXEtekZYQWlUWWdSMThMSHNhMU1sWDhNVGdNMHVnWWVhUVNsT25PVDA1b2ZXRlAyOEQwZ2RpamxGVDd1Zw?oc=5
CNQ.TO,2024-08-19,Extending Canadian forest disturbance history maps prior to 1985 - Correia - 2024 - Ecosphere,ESA Journals,https://news.google.com/rss/articles/CBMic0FVX3lxTE1zNVB1aUJ2T0VmYzNBUFliREdsNFRLTjJRVWZxR2NoMHN6SEpzaXUxYTBBZlJZUUJ2V3NpOUpDaXMxUC1VREZyalNoeHg3Tjd5WktvbVFoR2EzRUR0MlNLTXJaWGFsM1N0S09QRHVBNkpPamc?oc=5
CNQ.TO,2024-08-19,"Brianne Gardner's Past Picks: : Canadian Natural Resources, Tourmaline Oil, and Merck & Co.",BNN Bloomberg,https://news.google.com/rss/articles/CBMi3wFBVV95cUxQbjd4R2dZUm1YSlQtbXlUS0d4cjYxYTd5eHVXeGdGY29pOWlNazhySmlMUVpjMFVQWUJrZkFDbzRzMUwzYWhSVmM2QlE3S3FBNVFxaDlxanBQZ0EwcTB2bkNITEgxekp2bDU5a25LMzZrem0wVkI2a2xySVNwWXNqUlo2VDdFeTlkUEVBQ0gtdzRSNThaUk1RYzA4UWpNY0V2dVNBWmtNR3pub2lQaGNJVE5uNmJZSWpPd3BCUzhrX2JIOXhybFFpcWx4UkZyM08wRzlWZXBsbEdtRzZmS1BN?oc=5
CNQ.TO,2024-08-19,DeepDive: Who benefits from surging immigration? Hint: it’s not Canadian workers,The Hub | More Signal. Less Noise.,https://news.google.com/rss/articles/CBMiqgFBVV95cUxOYjlXaWRWQ1M3ZmxRWnR3b3k1N1lQZmswNTZna3pDY1dfY2RYR2JBai0tQkNpamE0c2dBUVkxTnZrNzloeWJuMlIxb0R5d0tQZ0gwdDNsaUo1WURMc2ctaE1GcW1YYUFNZ21ka0dYbjhSMUpXMjdsNGFESDZkNml0TWhKTFNRNGloSWthd1hVLW03Q2MwM0dJdWNFQjVIQm4yUVF1THFJd1NHdw?oc=5
CNQ.TO,2024-08-19,"Lithium in Canada: Mining in two mines, Rio Tinto is also there",vreme.com,https://news.google.com/rss/articles/CBMijgFBVV95cUxOUk9wNlE1YjlPODF2WUVvS1lMcjZoX2lZb0l2R3g1YU1NWUFSZU5kNG8zOURGMW1SY3JnQUxNN0JjbDVISzZSak0zZTBWU1ZLZkxtOFM3UEhEOTRlRGFGRldWN2d1Y2pkbmNDcHR3WlM2dTJIX1RNVnpsUENPRXJlc3lIdmczYnNkNmYtNk13?oc=5
CNQ.TO,2024-08-19,"Theorist Media, Founded by MatPat and Stephanie Patrick, Signs With Talent-Management Firm Night",ca.news.yahoo.com,https://news.google.com/rss/articles/CBMihwFBVV95cUxQX0NfaVZwSzJYU1BDMVh0Y19OMndrVW5aM3RtSUFIX21RYWZLeUY0LU5sWXAxMzRROXhSaEItMVFvYThvb0tqalRUNkdYNEsyUWgtdUJUSGtSMi1nWGFTam1PeVEtbktnRXV0Z085azRFY0xUVlNpNXdwMVNrUHJJZG9PSERkdUE?oc=5
CNQ.TO,2024-08-20,Top 3 TSX Dividend Stocks To Enhance Your Portfolio,Yahoo Finance,https://news.google.com/rss/articles/CBMie0FVX3lxTE0tU0xGWUhqQW8wVjZJV01CVldhR3FQOVZVbEYwWk9rN1lneWNfVThBWlk1bmxvVWlJTnZfcHhpTFVfZ1BIelNvRzNSQTR5VktKUXNJSXJlQnVESWZaUVhUYXEyOWZUODJ5UVdCbjd5V0UyUWh0MWk1aWxsbw?oc=5
CNQ.TO,2024-08-20,Clearing the Air With Canada’s Oil & Gas Sector: The Interplay and Actions of Stakeholders on Greenwashing,Sustainalytics,https://news.google.com/rss/articles/CBMiigJBVV95cUxPbm9xS1FLU2NSSy12QUJiMkdYYlFUanBEV045cVZiZ0FIVlNEbVlObmtCOGdjUzBNVG9YeWRMZEl6R2RIcS1ZcktqUkVwM3BlNFdMdlpnM0poRWs1bmZCS2V3MGs1RjZzenRlMmZQTzBOMVF0M2hyNm1vRjEyLTFIVldvMW9KaVlyMDVkTEFJUEcwUHFGejVIYnJ2bUw5S2FTem5rVFEyaWprSGdTcFBQcEhZSGFWWFZydUVLYi1XYzlCZjNMZEVEU2hZa0tQQWc3bjR1NDBabTE1TDJPQmpzRWFpczVjd25hRXlnWkRSZUxLajlXQXloTXJFaGFXSWVGbzAzd0pZVzRyUQ?oc=5
CNQ.TO,2024-08-20,How to Buy AI Stocks in Canada,Yahoo! Finance Canada,https://news.google.com/rss/articles/CBMieEFVX3lxTFA5OTRVYnkyRkFHZlN4R1ZXSGJLVThZUUhjeHlnLUtWSEhiWVVoTXhxVWVSMHlXNmM5emRPN2JKdDdFNkdhbnlQMGFkamk3Tlg1ODgzNE1ONmNmRW1NSHE4dnVxeFViRUdLbFRQaUFUUGZGeXFjN2dPRQ?oc=5
CNQ.TO,2024-08-20,How to Buy Open AI Stock in Canada,Yahoo! Finance Canada,https://news.google.com/rss/articles/CBMifkFVX3lxTFBlYTB3dlZWWThUTzZzbENCX3N4bDZzRlBzQWdpaWwzdHEtUUVHMmdvLU9LOFREX0FLYjBNaWhWb1dQdE1nS1R3WWE2a3J5RnE0di1xZmk3Q0lMcUE0LU84Y083TjkzU2xmYXhLMEpjSDU4WHJ3VmdKSEF2ZWN5UQ?oc=5
CNQ.TO,2024-08-23,Where Are Methane Emissions Coming From? Mapping the Methane Emissions from Human Activities in Canada,University of Waterloo,https://news.google.com/rss/articles/CBMimwFBVV95cUxPY0FRNGd6WFlOLVJ3UWFpamxLNDJyR1FOSVBxcFdJTWVFaGgzWnVYRHB2anZwbmJoMko0UzU1MUlFZlFxVFh3aVpSWXdHZzJTakhDcnFYRVZyYnpBUXJDZFZwTTNHb0JwQmVnYXFsUGNFT1pEQnJkaklGeEFXZGtLRVBaU1lXVklXbHB1X1RDcG5pSVI4Z0hiQ0tDYw?oc=5
CNQ.TO,2024-08-26,Top five hydrogen stocks on the TSX | 2024-08-26 | Investing News,Stockhouse,https://news.google.com/rss/articles/CBMimAFBVV95cUxPT2dBR2pSb056TktXWHNHcUVhdGoyZ1EzN3pSWGlIUnluQi1HN3ZIY1p6OUVONmlEU0x4dVhqbGQzYmtzdWNuaDZITWliSTQ5UVFNOXZjby00SDF5Y1haSW03Y2l0cTl4U05VZXhVNTgyY2NJbUszMm9JYTVJRTNiRTFTbnlOQnJNelpJeEFleFJpX05FQ3huYQ?oc=5
CNQ.TO,2024-08-26,"With 76% institutional ownership, Canadian Natural Resources Limited (TSE:CNQ) is a favorite amongst the big guns",Yahoo Finance,https://news.google.com/rss/articles/CBMikwFBVV95cUxNakt2WFloYURGN3dtRzNWR3p4Z291X3ZWSjVreU00VnV4dnNNbG9ubEJ4NFFoTVprdWhPcERFY3JQRERNOTY3LUZRYnZ1QWpOeDNQY3F5R3pxWHpIUC1GWkpiTnJaamVJTEt5UUwyRHhGZ3JtdGZCQnMtMHJ2TUpiRS1qMm1nUkdGQVpVZm8xOThURk0?oc=5
CNQ.TO,2024-08-28,"Canada needs 679,000 public charging ports by 2040 to support Canadian EVs: report",electricautonomy.ca,https://news.google.com/rss/articles/CBMijwFBVV95cUxNeFdUNmtJTVAwbnY1d255MkFLMmhkOGFhRVFFYU5sYXhUZmNiV1BETktqeWloRi1rM3Z0SDFKMC1Bc0hyYzh3THphdGNuRGFoa2xfdGM2NXJsOGl6UWtHOV9Cc2RlZHVVZHdUVkhkRXJ0dzRXUEg4RDhIR0JmdHdzOFV0cWkzemlPckVhcVNkVQ?oc=5
CNQ.TO,2024-08-29,Parex stock plunges as the Canadian oil & gas firm faces challenges in Colombia,Yahoo! Finance Canada,https://news.google.com/rss/articles/CBMixgFBVV95cUxQUTNmWWFKYU5GUmRFa2paT3BCWlpxNXJGdUw5SUs0dDUxX1J0cG1VM28zQ3hsM3AtSnpLMGJnVGt2YmdGczZKNVVtLWVXaWZHMWw1WjlzVUY5TEhrRG5RazNqeXBfUVJQdGZqSVNxT2kwcHh3WkNpbjNjMnNpZktHNUplSlBJRjIxQmtkRzhJRUdBblBXeGJmRWtHbHNOZkRCZ1dyNEdIbEoxN2E5VnZieTRuaG5OLTd3TUlxRTUyTnFFRW9Kamc?oc=5
CNQ.TO,2024-09-02,Canada’s Best Locations 2024,Site Selection Magazine,https://news.google.com/rss/articles/CBMiZEFVX3lxTE5ZdWVxUGx0dUdCZ21mdWNPTXZpT2VTVnJTSFZHbVFyUTVkX3VuQkUxODJ5VFl6TGJPYlJ6eUhyTTlXRHdzUjBJTGg1X2hSWjJqQ3pxQWNnMHl2MVk2ZWtOZ2pwcUk?oc=5
CNQ.TO,2024-09-04,"David Burrows' Past Picks:Canadian Natural Resources, Teck Resources, and iShares MSCI Japan ETF",BNN Bloomberg,https://news.google.com/rss/articles/CBMi7AFBVV95cUxOaWM0dHZ6ZE9ZTFNVREJnN2VMWDhGQnJwY3hwSGIzbWRqMExId3pJOWJHVXRlN0drS0JNdHZxdzZ1UTJkNFBfQnBpS1I0Y0E4UXVPdVIybGFWOGltNVhLbC1GZFdrMzI4LUdhNFNtTGdhdnR6TE8tcUs3V3d2VU1CdzZ4eUo1a1RHN1NfMGJnYjJTQnZuTFBqb0YtWW1qOF96SlhPX3N0dlg5VlhLenlma1o5M25yc09fNTdrT05vNExLTUFyOGJIZmM3S2ttaG04UWt0RjZrUDZOaFZCNXRMZ09OVTY1Y3dMUlBZTA?oc=5
CNQ.TO,2024-09-04,"David Burrows’ Top Picks for September 4, 2024",BNN Bloomberg,https://news.google.com/rss/articles/CBMie0FVX3lxTE1pbmVSNG1jVXBBWUlJQks2Rno4LVM5LXViUmRRSWtLb0Jka1lEakI3aTltOWZ3WmRlcmEyVVJjb1BRNHFHUEZLbEkzUVA5Q0I4elNueVVtQk53SG54TFBuM0ttMVpOejcxSFNuYXNSVXB2OUV2SFItU3BDTQ?oc=5
CNQ.TO,2024-09-05,Top Canadian Royalty Stocks With Dividend Yields up to 8.2%,Yahoo! Finance Canada,https://news.google.com/rss/articles/CBMijgFBVV95cUxOd1hMZnJuNXFPcnRxSVZ2bjRJRXBwYVlodkZ1eDdnRkpYQ3dVOUZ1S2ZnZjlyVGN1elpmNVVaaHRJOEdMOHJ4Z3BOMlVJY3JnTFNkTUw3YjVuUl8tTENtRURWUk8zT3dRZHV4ejVMbkhFQ0NmY2RhRlVxZE56SW9kRWdRTmVBUVoxWTNGZWlB?oc=5
CNQ.TO,2024-09-09,Canadian Natural Resources Limited Bonds — Corporate Bond Rates,TradingView,https://news.google.com/rss/articles/CBMiX0FVX3lxTE80S1I5bkFETUZJM1VTZnFta2VmWjA3a3dqSHFyN3ZHSkFILWN1ckpCNzdOZC1uY0tqVElpX3JSZnFUSDc2R0lWR0UyVm42VXBoZ1V1ZWNMNjZLckRCSWJZ?oc=5
CNQ.TO,2024-09-09,Solaris Resources eyes Canada exit after failing to land China deal,Mining.com,https://news.google.com/rss/articles/CBMimwFBVV95cUxOYXJZN19vLVJ0OEpZT0R3eks5MS03bWo1TWxZMmV4Y0VMXzRBdGREN1QwMUhXRWZXWHE1aHd3S09KODR1SW5JTkFnTXdwbWxrLXRGMG9XajhkQ09nWm1USkh3d0tuM3hQZ3lySWNCTW9YWE1aZGpkQ05nVHJUWWdHXzlnbkQxRFJtbDJXSTRJLWNTck1VVzBCNG1GTQ?oc=5
CNQ.TO,2024-09-09,"TSX Today: What to Watch for in Stocks on Monday, September 9",The Motley Fool Canada,https://news.google.com/rss/articles/CBMilgFBVV95cUxQWE9ETkcxR1J5X2VwbE40SEpHVDgtYnM1dGNXaWdJcjVqQ3YyX3BOSmM4MV9wOUR3d1hFLU1tamNkdV8wVmZRU2YzaE9sWFpPdDNpdUt1LVRGcVZ3SDlKajAzQWswRGI2WFN2VkFLMXRENjJSRjlzd0xsWlpjYl9sa1BaN1YyYVpGUkVaQUdacXdleW9nR2c?oc=5
CNQ.TO,2024-09-09,"Canadian Natural Resources Ltd. stock rises Monday, still underperforms market",MarketWatch,https://news.google.com/rss/articles/CBMi0gFBVV95cUxOR2JLel9VRFZhTEFBQUp6TUE1MnpNR2FmNTJUa0NSVmU5dG9IYklUZlNQWWRacDV6OVBraFBvYUJWanhjYTYzMS1HZ3JNcDkwdWZMMVZPUFZuOU10VmF3Wmx3U0NNdllpMFotYjZJSTA3VVZmcW1PMjMtUGlTMVhkMzNDSHB4aXJLX1BKb1VENFIwWFEwLUp2VW8zYTNPZW1wRHlmZ21qVE9JYU12SE5KdUoyZW5JLXdXNUM1M0NJbHJpT01mSndxWVVrOG5uQ3k4M2c?oc=5
CNQ.TO,2024-09-10,"Investing in natural resources sector a solution to Canada’s productivity problem, report says",Canadian Chamber of Commerce,https://news.google.com/rss/articles/CBMiuAFBVV95cUxOWmJ6bm0yUDlRMElvTDZKWTg0a0I0QVV2SHc3ZDdrZTdvU0ptR2N3WVVOcFFPSk11YTVHTUozekcwLUdsOHdqNW51OE9WWHc2c0ZXYTBnaURJZWVSX0ZlNWtzMG9lTGpQYzlHUTk2bFprWWlGcHVKanlYcHNKUURUeVVOb0xRMEt4UGJoRmRyT1ZyVkd0bkxpd0UzeE1GNUVtei04S2h0dGtTSEV4RXlEanh4NnNzLTBU?oc=5
CNQ.TO,2024-09-11,RBC's Dave McKay says Canada is on the 'wrong path' and needs to strengthen ties with U.S.,Yahoo! Finance Canada,https://news.google.com/rss/articles/CBMiggFBVV95cUxQZThhX1dsR3NhWXZvWEhwVWw2eEIxTzRiblJsNkg4TVp2QUNncG1SdzF5Y2cyclhHcVFLWFNwamdqdW91bElpZjBUVHg0X2RwbkxrY1VsaXNrVHYtWFRYMmRBYUllX3Vyd096YTRiNURJSzBDV1h0ZFRmdUNBUXJkT0RR?oc=5
CNQ.TO,2024-09-12,Underequipped: How Weak Capital Investment Hurts Canadian Prosperity and What to Do about It,C.D. Howe Institute,https://news.google.com/rss/articles/CBMirAFBVV95cUxNOEE2SXZadUs2QlRMcTVIbTZrMlVlTFJudWRQVW04SFE4eGE1WEU3Z0NTbE5FMmlUaW1ObkRaSS1pTmw0RldvWXVZY015U3BUX3BzU3dUYkxlNWlEWldOSmgwYTZ1NUE0UGlzakJmQkRaa0pWSGh6NkZ4b0REcFdzbEdPUS1LemVjU1lncDU4a2c3eXdkQlA1Z0dWVFkwX0tGeFJ1S2lBd3o3WGxO?oc=5
CNQ.TO,2024-09-12,Top 10 Canadian Dividend stocks to Watch 2024,Moomoo,https://news.google.com/rss/articles/CBMijgFBVV95cUxQSE5LQUlVVXF0TWg5Rmw1dGJJMjMyaU0wUlRLVTVad3RmYW8tYlFNTTdydXRXT1ZGdEpRUUo0TzJlYUdKbmZsUUFjR3JNX1lYWDZSYzdha1NOaFYyajZEU0tKUFZhRjg3aXlvZWxyMUxFLWhadXhsMHJrVlFfOG5GUDlXWXB6c3pBNkdqWVdR?oc=5
CNQ.TO,2024-09-13,5 Stocks You Can Confidently Invest $500 in Right Now,Yahoo! Finance Canada,https://news.google.com/rss/articles/CBMihwFBVV95cUxPOW9ETDd2RFFnN3U5cUM4Z29uN1d5d0N0d19BT2RKNkEzd2s3VlZ0YVZzT2wyMlk2aWtTMy1zUXdSSkhKLXBBNzFGdmh6S3NXbE9DamtMTTZQMFVwUkxEOUZvN2pjYkNLZHo0OW1UTjFMRm5CZzRlWEpPTGpyYlBXM2M2M28ybms?oc=5
CNQ.TO,2024-09-13,RBC Stock’s Path to Doubling Your Investment: A Decade-Long Perspective,Yahoo! Finance Canada,https://news.google.com/rss/articles/CBMiiwFBVV95cUxQalZOd1E2am5LQWZGaXlFNUVYU2hZdHE1YXkyekhZSHZSYlNMQ3FuSGtRMm1fNTZ4SmJXdnVGck9xang1NWN0YjVUamEwNTBqakg4LVV6aXIyd2FiLV83MmRXN19jaWx3QXBjMmNsSWNCdG9mMk5wNWtjbW1jZUtLQUhmZDhjTWI5M0pr?oc=5
CNQ.TO,2024-09-13,Air Canada Faces Disruptions as Pilot Strike Deadline Approaches,kalkinemedia.com,https://news.google.com/rss/articles/CBMisgFBVV95cUxPNGhuWEVJLTZ2SnF6RHBDaTJVWVV5eFEwZF9QVDh4WGh2ajRPTWdpTmxMZ1FpcUVwUDRmaGJVbjRpSkJtbnNlQmVuN3Y3eklPcXg5b2xtZXNuMlRISnlaVFJtTGlCX1pJRF9lNFFuQ1B6X05pYjNHSklPaXJRSWhEaU1IdFpLQnQ0RlBWa2s4UFZCMVFiZ2paNVZxeXY5bTJIR1Nwb1M4TTNUdDBHYTd6YnZR?oc=5
CNQ.TO,2024-09-16,"Canada’s forestry sector - Born on third Base, hampered by policy: Heather Exner-Pirot for Policy Magazine",The Macdonald-Laurier Institute,https://news.google.com/rss/articles/CBMiygFBVV95cUxPeGJFQzV6bGFaWURRZ2h5dWx2V0VSd2ZtUjg3N25wNjI5ZEM0dURzT2gwVk1kOWhVb21NQ0FybjFLUmZUcU1ENC1FdEpuS2JKV3RLdGZkOGFQa0FVWTNvbHJ0VXdtY1pTV1RLcjd5Z01IbXhLOU1YN1AtUmN1dnpLdlpqNmhXXzJIdVRGaS1haDhXTVFJSV9RNlp5VlFNZEVFTWMxTUxZSGYtSFVKSG5kVmxGY3RHVGQ4U0xqMk1peGlmQ1FwcDBwOVh3?oc=5
CNQ.TO,2024-09-18,The U.S.-Canada energy relationship is underappreciated – and may now be under threat,Business Council of Canada,https://news.google.com/rss/articles/CBMiyAFBVV95cUxNa3drX3NlLWpfVVc3U3haMGhzVDRkcGl3NDhlb3F5c0ZaQ2swQ2dwTGZXZURUWGt2RnN3NFh2bGVaZXZHd0lHZkJtRFM5QTRsUHJWckI5VVFzcU5sRUF3blRMMHBOcDhJblV6S2tyYnJqZVB5QnFqc29GY1lFa29pZ2J1dE84QThia0VhS0g3T2MzWlo4VU9tSi1BUmFwRzJoQ21DdnhvbXlQN1N1T0RPQTNKVjFCbDZjSmFUTU5mMlNsRWl3UU4zcw?oc=5
CNQ.TO,2024-09-20,Gold Stocks vs Oil Stocks: Where Canadians Should Invest for the Rest of 2024,The Motley Fool Canada,https://news.google.com/rss/articles/CBMirAFBVV95cUxQUVR5d0xJdEtSN1UtU1V6UTk3NXlaLW96X1VMaTJEVVcwWTYzbTFPNjhKTi1YWmJ4b0ZwaVJCTTB2TmxqWnVJeXQ3N2YyREREekRkcDJNU0EzN2dkUDFVaDM5WnVraHJKNkVGd0VCbUZMckVvUW5QVTZmNXlNcjNlcXFQMGJkYm56ZUttMEZBWXpYREVaYnNxalYzNFlVVnlWZkxEYktwcThFT3pT?oc=5
CNQ.TO,2024-09-20,Barclays Appoints Two New Senior Leaders in Investment Banking for Canada,Barclays Group,https://news.google.com/rss/articles/CBMitgFBVV95cUxOM0Y5UHdqUWdtY2pQb1JCZUlleTBRaHJBWUNMbFRkLXRqR0lCSGw1ODg1RU1id0hHRlJhYWIzVzhfZkh4MUF1cDlFTGNIUXplMFFIS291XzZvSFFtU01VZ29Zd01ZNmh1aFliNTlXSHg1ZWhScHBValItSjRMS2RoaUtjamVTY2VVSDlnX1pkNDRvNXZVVmsyUjhKQTJqVURROFJHQ2hBX3dhSlhGbllFblp2aUFXdw?oc=5
CNQ.TO,2024-09-24,Cold Lake First Nations’ concerns about carbon storage hub are still not addressed,Alberta Native News,https://news.google.com/rss/articles/CBMitwFBVV95cUxNdmlEU3AxNGZwMEZpWFhtcUdQM1c0ekRuREptc1VtZUJBY3RPTHlZY1A2QkEwMEdrUEROaENnNDA5bVVRZHY0MUtqMUxRT19UbWQ1VUFFbGFkSmFMNldwTFBnakQwMm9mWHowS2Fib2pqQlN0b2t2UjBfbG0yS2JtdDF0b1RETEhzVW95NzBUQ2pEQjMtWHVJZGx2a1JlbEpBNjBiMFJ4LWdodmo0OXp6TDViT3YzaTA?oc=5
CNQ.TO,2024-09-25,"How Much to Invest to Earn an Extra $5,000/Year in Passive Income",Yahoo! Finance Canada,https://news.google.com/rss/articles/CBMifkFVX3lxTFBDYkhOZTV5b09TM2trRHhBLVZJZWh4Ukw0c1daNUI2ankzQ2ttSTJOX2FSQVUzVlZFVVZvUUFvNUoyZkNfeDNMbkVDSVdjbHZuSDVEQ3pqbzhHakJ0VWpmaW5La2xHa05pWmQ1VHFMa3BIdUdpMy1LU3FneFF2UQ?oc=5
CNQ.TO,2024-09-25,Reality check – Have you outperformed five-star Canadian managers?,The Globe and Mail,https://news.google.com/rss/articles/CBMi4AFBVV95cUxNTjF1VjRicE51VVlRWFBlUnVKQndwWjdRRWc4UVA0TGJRSlg5dkRYU1pycVI0R3V2RnN6QkJEdWttdHVwRzVmLTBHc2YtVm9TSU1HSDJwdjNfR2hYUmJlV1lQSmhHdjRwLVVUU1dDS1dld2djY3UyYlFuRGFnbHE2d3A4UnEwazVVWnJzTWxrVmhBcy1QRGJUZzdJTlRteWpSTXdsZlZMQlpNTTVteVJMcnJ1ejZ6UndPbGNsTlVvYmhzem9DRmJQQl9YcTFsTTN4bDc2Q2h6MGRwd19VRXFxWg?oc=5
CNQ.TO,2024-09-25,Top Indigenous stocks to watch | 2024-09-25 | Investing News,Stockhouse,https://news.google.com/rss/articles/CBMihAFBVV95cUxPR29raWp2czFYVTN1bUtSVFItY1JqVEZIYlhWSDJZdFBZalpBLUFOcGdLUF9aMW9yWTNrbHU0RG1NbVpFWTFraDA0c2gtazRiZlZtN2pvbnhvMGNKUlFuZ0g3dFM3LWVTdHZPQzE5ZHFJV3V2UTNWX0t6VVlDVTF3V0ZqUkQ?oc=5
CNQ.TO,2024-09-25,Loblaw Faces Challenges Amidst Robust Retail Performance,kalkinemedia.com,https://news.google.com/rss/articles/CBMinwFBVV95cUxPRDBtc3lmcVAxemwteExnakJBaGtucUtNMVdlNUxnZ1JBQmljMG1KcVBJWlZmT29abDkzcjFGOENJdUZReEZTUjhwdS1zOVFONG9meFpWX0I3M0pjb0o0blNObGQxRTVlQ09xQzBFcHd1bGgyZm4xQXJTVldTREJGa2RIcGZXUDJZUmtKX3dUSlRXN2FGclJxSHd4M0tYUEk?oc=5
CNQ.TO,2024-09-26,"Mild earthquake felt on Vancouver Island, Lower Mainland",CBC,https://news.google.com/rss/articles/CBMiggFBVV95cUxQZnlvVHRwdmZKRzVucHRTRlNscjBSa2ZUQlBjZWhMU01fOW5YU0J3amFRRDk4WGkyRGhaUFFxeC0yb1plMWp6X2p2cnJCclNvaFFaeGJyRDduRmU4Z0RnaFRxZzNPQlozT0NoZ1lSaWRaOHc5OEJXRXhpWGw4UGN0U3FR?oc=5
CNQ.TO,2024-09-26,Better Buy for Canadians: Aritzia vs. Lululemon Stock,Yahoo! Finance Canada,https://news.google.com/rss/articles/CBMihwFBVV95cUxOa0NJbGtMcndBLUI1SlN1X3Jpa1o3cjhubTlHeDZYV2N0S1V4MFZCbUZEcGFQNVJ6WEFGRjc4T29qQk9OR0YyLVg0YXJMOTZ6TWFfSmNCZUFnNEdmT1p3ZzZfc2k3cW5aSnJFaFdqQkh1YXNBYWkzbUxOQWxGUHo2bnowOXduM0U?oc=5
CNQ.TO,2024-09-26,Suncor CEO Rich Kruger is all in on oil. He’ll figure out the shift to renewables later,The Globe and Mail,https://news.google.com/rss/articles/CBMijgFBVV95cUxNNkQzcm4tQmgxZm9ocUdsUGdQNTktdGN1eTB5M2JlWk5JN0pyUlZ5TVVidl9GT1RDWmlhVDdhLXpQTGtZSVg1dXVIaFR6NmRqS2R2WHpzNjA4bVdaR0hnX21sWERLQmFYX0ZRZ1dlNkwtSkM5VDJWTEl6SV9VWjdYdlZxWFVWUkFPMFcxbW1R?oc=5
CNQ.TO,2024-09-26,These are the five largest lithium mines in Canada | 2024-09-26 | Investing News,Stockhouse,https://news.google.com/rss/articles/CBMilgFBVV95cUxQdFgxWEpHMDVoR0xDMGFtVkpCcGhPMU1SVGJyYmJHUFA2NEtnY01TV2M4OXktYVRDcFJlaHkxSE41QU1JN0hmTVRGdUxRc2ZUU0s0YjFBNmFlSzNDMFowLXBUNThyVlQ1NW1zUXRHTFVZaTNUbVVfbGJvSjNuZnJYbVFJTEpxYUpSZTRNbTJRSHhxMEROREE?oc=5
CNQ.TO,2024-09-26,"This teacher and his wife have guided their TFSAs to $2-million and tax-free dividends of $15,000 a month",The Globe and Mail,https://news.google.com/rss/articles/CBMi4AFBVV95cUxOak90Z01HeGdKMVNFT2RXcW04ZFIxbGxUd09JUUV0ckpuSFdZdnRJRUQ4OXAtRGZXZVlZRjFocGpUdUlfTzY2bm4zM252dnM0WnFSNmNnMEd1YmpZWnpUdVpSN0FvMVQyODdYQzVfUWFpYjBFUTRZOFFRRk16WXI0czJtUzU2Qnp2d0xKRTVDbE04NkZYNU9zZC1rWUlhYUVqcW9nanZsLV9zdmZBSWNxMzgyaXpkdk4zRzFOQlNjWVEyMWNNa2lmTkxUbTNaU0pNTzhWUjVxZTl1ZmxFeVExSw?oc=5
CNQ.TO,2024-09-27,Canadian Natural Resources Ltd: National Bank Cuts Valuation on Natural Gas Outlook,The Globe and Mail,https://news.google.com/rss/articles/CBMi-wFBVV95cUxOTEZudmhINkZtdk9rTXBsc0VCUlBVdmdoWXBvRUhaT09mc3FaR202a2IwODdwNlNZNndITnU3TzduRDdLQnItN3A1R2VWUmtBVlQyeWo0VGd3TzhCWTQwLTdYTi1MR3ZRQkVZQVRCMzhON1FKNS1pdTBqVUNtcHBxWFJ1VndqUmJDaDNVaWZLTWVsd21USWxMTUUwcWs2eTdTclJjLXljbGFsWjBpRjVmRzVDaENwTjJJRWdnOTBSUTVKeEI4S0x6RDNBX1dhMEJab19ubndjdGxyNFpRTWxlWm1BRXh1cmszRldJZG9aTktGWnFtYndrUzRBYw?oc=5
CNQ.TO,2024-09-30,Breaking The AI Bottleneck - 3 Energy Stocks With High Growth Potential,Seeking Alpha,https://news.google.com/rss/articles/CBMirwFBVV95cUxQdG1mcTFLUmhKX3ZqWUVCV29Tc1oydEtkeURoZHliZFZrZkpMVXBRZVJQel9TT3dxZ1pwTFZjMmlZYkZiMThPR2pIRnhDeFdhR21yN0llb0ExU2hFaHc0dFZaTXBMbnRScEh2dmpOZDEzQ3FiQjFWNlVoSl9WTEFvMHIxLUhyc1M0OEsxOUdyNkpuZVhOSUNJMGpjaHB3T0tJeUIwbl9XNWFrSWZTUU5Z?oc=5
CNQ.TO,2024-10-01,Canadian Dividend Aristocrats: 3 Stocks That Keep Paying Year After Year,Yahoo! Finance Canada,https://news.google.com/rss/articles/CBMikAFBVV95cUxQTE5UNWR0b2tCUVIyaG5lLUF5bWZ6cnl3SDBhSk9zM1FUeFJxZU9uWEp6VlB4VXpUVHAyODFqOW5rV2tJWEJkN1Y3RDhXd0l2T3J2VS1JRGRRcjZBVVRTakFTY3BHeHhOdkFYSDdXeVhjQV82REV0WXl1Z2cyVlBfN1FqbG01WVFzYTY0ZXVSZTI?oc=5
CNQ.TO,2024-10-03,Maximized CPP Benefits and TFSA Growth: How Canadians Can Get Both,Yahoo! Finance Canada,https://news.google.com/rss/articles/CBMiiwFBVV95cUxNczZQNHplVUNvbUJNRThZRnZ1WWFKZFFPZUwydjdmMXZOcDR3RmowM2VqQXRSbkYzUXRTOWlqX1IyUkRfY2hOUXRGWGUteVJXc0VfMEJBYnJadVpfTTNHNkhYUWg0bVlOVzUxMlBCQ0xCdEpYY0RxdGs1OWtKMWp5RDU3VTVOTm1Ed01J?oc=5
CNQ.TO,2024-10-03,2 TSX Golden Eggs That Investors Can Buy and Hold Forever,Yahoo! Finance Canada,https://news.google.com/rss/articles/CBMiggFBVV95cUxQd19MMnZpRFpJSlhkYVdjLW9CUUkxYU80bjFLNlFqUlRITk1vWkNZczdWOW5YaWl3Z2dYcF9tVkFpQjZXZml2M1MwSDJKd1FtdTBhal9oZ0luUzBELXJBb1F3OHJVNDhKRXhaNm1tTWIwZzl6Q0VyYkJ0Z2RSM2V2RXZn?oc=5
CNQ.TO,2024-10-04,Top Canadian Gold Stocks to Buy Now,Yahoo! Finance Canada,https://news.google.com/rss/articles/CBMigwFBVV95cUxQRHpYTTFxeUJnUjA5VUhxLW5FZk9HemxtRHVKckprRUh4WXNSYUloNXZoN0kwN254U2doanM1QTFDdWh5ZjRRYkNfR2VFWXR5UEJPZC1QQ1cxUU15LTZRUkpDX0dYN1lYNlVyMFhwdWpQQ0dRdWNab3dPZnQ2YzJHNWhYNA?oc=5
CNQ.TO,2024-10-07,Varcoe: Chevron exits Alberta after $8.8B deal with Canadian Natural,Calgary Herald,https://news.google.com/rss/articles/CBMiqAFBVV95cUxOQ2NBMXlkM0xYSHo1QUhuUktzSG95eWYwWWNrNDVmSEZaUzJWU3k5RDdsalpyTG4zemxJdGxXM3hNZnlWdEk5RHdnOHpFRGd3dURRS0ZVQTNiY0hMakI2TFlZQWZ6Z3huVDM0N0N0MElYeGxRenNtVGgwVXBvQVZPVGRCaVJydEFweWtKLVlPNC1iY2o1WlRONkxLazJaaWxxZ21JWVhTeG4?oc=5
CNQ.TO,2024-10-07,Canadian Natural Resources signs deal to buy Chevron’s Alberta assets for US$6.5-billion,The Globe and Mail,https://news.google.com/rss/articles/CBMiugFBVV95cUxQSU1RU1FkTHUtOWNuamJXVnFUYnlkY3U3RDgyaGR3RHpWN04xck9jV0Y3clBSejNYYW9nc3d3bU5LZG5fZG9aU05NdUFKbUpIaTNqU2I4WTJQakxiZERZQ2dyMXdxdzJ6YjlBVk9lVFhybUp4N2F3QXQxd0FrTzZoOVdjT1k3Q1dDc2F1RG9BdEVWTktCYXh5aWJKczJQUWpQTkNoMGtsdGlEZTNDUnlCNFlMVUpnR3V2dnc?oc=5
CNQ.TO,2024-10-07,Chevron to sell assets for $6.5 bln to Canadian Natural Resources,reuters.com,https://news.google.com/rss/articles/CBMiwgFBVV95cUxNU3dIU3BCaGJWcG1JZ3hwUklLWlpLU00zODZiUW5RNnRCbzQxaXAzbVRNZThKUUVOaXJMcTByanBoUE54NHhVTTQ0MVBPQ09pWnZpLUZpMnhxYnMtcVJENnhwa1U4NHJ5SlpYTWo1cFhEMTZvckdKcmZCN2Y0bnNGNVlkczc1b3lmRkpKRWtHUUdDUDRpanJoV1BkYUlickNHc2x0UHNKcERLejFWYUpvNFVVb0Z5Y2JkWlNKaFFqNFBuUQ?oc=5
CNQ.TO,2024-10-07,Canadian Natural Resources buying Chevron's Alberta assets for $6.5B US,CBC,https://news.google.com/rss/articles/CBMiiwFBVV95cUxQN1J2dWpJZFZTNUNMaDM4ZzNKcGw1VHNwb0ZvOXR3eTdYaDRsSFFuUDJaeF9BUHh6QlFRMVBRY0FQU0c4enpRWkNfOTV1ODVXb0dfYno3NzNLcHFveGk3WFVpSzdRbWlzc1pxb1cxQkZpVkRmb1BjYjBJUGlVYlBtQmFmRWE2QWU5c0w4?oc=5
CNQ.TO,2024-10-07,"Darren Sissons' Past Picks: British American Tobacco PLC,Canadian Natural Resources, and Johnson & Johnson",BNN Bloomberg,https://news.google.com/rss/articles/CBMi9wFBVV95cUxOdmpCRUphTWM0TDh1UHA3VkY5ZE9wdW9BWEZTT1A1MzlPWUxsS1E1dDc3eHYwSTNrdVJKei1Nc1V3TDRrakRlMmMwX2x1UEt2UTFoWGI2Y2piaWFGYmRJMEVNemNEODRYbVV4VTN6U21tX1BCaFVDNWhBdTRKa2RjTmdLcUJrdzJjUC1GOFNhNWUyRHo5NVJ6RHdEU3hiUk0zY1ozWFRUUGo1RE1KU3JtZGp4dS1DeFAwYThxR3VsYVlqeHdzVkZNby1halBqTnlNa3FTUUxhRndUcmxwbTc4WjRYem9LWjYyeHhKQkpORHNXamVTRlVR?oc=5
CNQ.TO,2024-10-07,Honda overtakes Hero MotoCorp in 2W retail sales ahead of festive season,Business Standard,https://news.google.com/rss/articles/CBMi2AFBVV95cUxOcEJrcEhuU0JfclBNa1hmRGIzZUo2R3dBVGNXTHhXNDBRNHU5dWJpaHF5d3BBMmVYMm8xZHItOFVCVmI3WE1ZeGZHVlZ3QkhoVk9XQTdpa2pSN0UxV01zanluSVRldkg1RGs0RnJoWnh3TllMdTA0NHF5dXVBSERqTVYxSkRlR0ZjZUU1OE4wWmZUUVVLY0Y5eERVSzE0V0ttQnBmb0RnLVRxT29lRklDb3dMLWJHcEtLUnlIRjFmRDlxOFFvZTh4dFpjWkRValpibTNYcmRzV3LSAd4BQVVfeXFMTjVDa1hkcFJMY0laczdadEFaMTdvRmdVQ0lPbUsyTFNtcEFabUpzT0NOSTJwTjAyRWwxbVBRR1JYSVhwdVZyVThGbjR1NFVnTkFXLXNIdHV3Nk0tdXE0OUxVblQ2SjVCOWdYeGplZHpqRXlUOXltbUFhSWFKajVMREVkLXRjVnBfQlZRQVpFY2prMy02THBjZFJsRHJOR3VXTE9EWnBiQXZQTzh1QnZtNGs0TS1saW9qLUVjWlFRdlQ0ODgzNVN4NHRFaXpfRkdreThpNlhUdk1fbTZ3QzNn?oc=5
CNQ.TO,2024-10-07,"Yulu turns Ebitda positive, aims to deploy 100K electric vehicles by 2025",Business Standard,https://news.google.com/rss/articles/CBMi2AFBVV95cUxNVllBWHIyTFJmSjNubzlOOWI2SDBfZjhjODZFZHJVMmFtWnI1YWZ4Q3gwcUUtV1BmLXJUVUN1M0xyczdqcEM1dHM0b01yTFJSbWRjZkdpRXc0RGkzMno0TFhIRXMtc3A5TUpZYnIzakJfSm1XU3J4N0JxdWhSRU92SWFiRVNLX0VOZnJuRHdxUzJMTUxxaXcwYkZ6QUl6YlBndlVITEp1eUZQaTNUSHF5cTZmUkhzRmNrbTBzUFd1N2FRcGNWQVZjbl9zSmk5UkFDbHhmTlMyU2fSAd4BQVVfeXFMTmpZc0MwSzN3eUNuazdNazdhbGJ6QVdadWR0Sl9ZbTljLTBaMk5NM2hQWkFNazZ2TnhrVGFzeS1YbHlZcmpEOUZMa2d4WFJSQVdRSFlOeXRMeExJaGlibHc5a054dTRFLW9EN08zTEZfZFhZd090VTdUYVcwalp0YU03YncxWjE3QnFXZjY5dEp6d2d0dG43T2ZmVDFwc2pMZHoyQ3N6MkpHRzZLMUI3eDNpRTRDUDl5WW95WmdFQWs1blZ1eEEyV29uTW9EblV5N00zUlFlVTVMZnFHVGpn?oc=5
CNQ.TO,2024-10-07,Kalyan Jewellers Q2 revenue up by 39% on robust same-store-sales growth,Business Standard,https://news.google.com/rss/articles/CBMi1gFBVV95cUxQaS1ZRzBVcjRKTF91V1pMeGZXdnhRaGJoMDJHbW92UTNqTmd0cUN0X3d4UDBWcF9kWk5lWTVHbllvb2xXSDc2c2FzRTRyMXpHMDNYcG03aGJ2VXVJUy1Vd0g0REx5M0dHSlhSRzMwVHg1S1Njb253Q3hib0J3eENLQnhRZUR5RE51ZVNIcmZtWDd4aG4xbUEzdUExY2kyaXRkZk1MSG80ZVMwOTdMZENaNGxxalhlMFR1OUQtcWczY0RoNnVzTE0xQmNSazlSSktHRzUtcmpR0gHbAUFVX3lxTFBEbEdJZzJ4ek1yeVlOdTZpSWU3al9JVEVRQnA5czV5b1duT0hyQTY1bkFCcnhFZDRoaWJ6MEhwelBzQktxU1Y4MDIxSDhDQ3JJaUtJOFB2SmxIWlotei1VdU80VGdoMWtabVY5RU12SlloeXR3R2xndTR1MDFjOVNERjJ3aHcxbGdmc0syOXlRUS11SWprZnpIRWVRaVVBUGlRTjNMU2xBRHYtdEliN2ptUlpkaV8zX01rMXY0N1phaEJqdUo2azNiSnZhVzFKZ1drYnJ0U01LdGh0TQ?oc=5
CNQ.TO,2024-10-07,What every Canadian investor needs to know today,The Globe and Mail,https://news.google.com/rss/articles/CBMi3wFBVV95cUxNeWZ5N0lPVGcxbl9kQXVCWGF6bTA3d29uVGllaEdERDB6UDhNd1BoRWZmeTVlSFB6bkNoYkszMGhtR1pNcFFlTEN0dmRqNTRNaFNwV2RhRTdwekpRRHhhQ0hhV1J4b2RmaXVSbm1vZGQ5V1Q4eXRib2ctQXo0NzhVdEFCZ3V5Qlh5dVlYZWtiZkQ0UnU1OGYxOFhvOURweFFjZk5Wb3VkUTR1RmQ5RUpkdzFNSVVnaV96dmhNWVhmX18zRF85T2RSYTNpWmRVWDRnSS1yWGtFeDJNV0dEZTBr?oc=5
CNQ.TO,2024-10-07,"AstraZeneca's Chennai, Bengaluru centres to drive 2030 global tech roadmap",Business Standard,https://news.google.com/rss/articles/CBMi2gFBVV95cUxPSS1OUUJ4YkNoQ2xvNi1XVHRXcXRwazYyNTc5NnBLV01rRzlGSEhnQ0R5LWxFTnA2aUw3ZjlYV2ZOaDdtU0xpdUdMdVltdkFCelRnZlpNTFFaSHVMRjI5LWptWGd5VEdfQ21TanlNcXNwem1xN0JFbjQwYkdtRThzR3ZWTXZfYjVnTDBMNHJLcHk3c2REbXA3MkpEQTFCQkRFRVJmZEJWcnhSdW9PZURoVVBHQmZWM2w1eHdTamdyXzFudGU1N21ZX1M4Y0g4bjFSQ3Q2MHJlX0tId9IB3wFBVV95cUxQT0lFNDNGNEdoU2lGMG1pZDBBVGdsN2M2WGdtSkFvYkpVSi0yLVEwQmw4bkM0Q1dCbHdJNWphRjZoc2FWZXpVak1tVFF6eDhVd09zaHpoSTJ3c1R5eHc3RFRVclR2OUVMVXp4RlhXSV9tbWRLN0syRHJXOTJxeXNQYTg5OVNXXy1ZbzJjOGtycm1mSGdIRGZ4X3hmdmVhckpScGVkNG5zdUQwUWZRalo1NXlETWt3azVxRndYMWlyMU1IalhhVy1VRF9STkx1UmVnOVRoUjNqZVRlZG83emdJ?oc=5
CNQ.TO,2024-10-08,COMMENTARY: Oil and Gas Companies Are Once Again the Top Performers on the TSX. Why Do People Still Listen to the Divestment Movement?,energynow.ca,https://news.google.com/rss/articles/CBMi7wFBVV95cUxQcmhPZ3Zadjg2VEFzRUFOZGswN2x5ZmtNaWpsRjV5VmgtZUtwQmpMTnJSc0M1WUxwcUF1R0tvWml0NTZCM3JYT0tTRFZRVzdPcUJudUVxZEg5OHVCSGgzWFljaXA1aUgtaGJkNDY3RmZUUzVpU20wcTh5UzNCSm1yd0JtNTQ5TlRuRnRqZFNRbVhpUGxGaFo5NjdFZDI2cmpCYWRpU08ta2JaaWg4VHdSdXBSR1VSd1dUaWdKRm51T0RVM3d1TUFTQ2VoQ0lYbzh0UWRHc3kxRzlEYS1TcmRIbm51ZWZDUC1zaGFyYUo1bw?oc=5
CNQ.TO,2024-10-08,Chevron agrees to sell assets to Canadian Natural Resources for $6.5bn,Offshore Technology,https://news.google.com/rss/articles/CBMioAFBVV95cUxPek5fVFN2MG95S0JfcHFzVk1KY2c2N05nX0sycHNPMlllOEhpTGVWUUktY1NRZjB6elFWQjRKS2kzdWdGbmQ2aTFKelJmRkdZdTdEbVlaRk5mekpDdlhVRDFMNnJrVHBGRW84S3EtcllkRGdoN3k0WHJCY1dnTTU2VEZrY2MwOGxYNEdzelFCZGZKajMxS3ZxVGhlRW9kU19Q?oc=5
CNQ.TO,2024-10-09,Guide to Canadian Stock Market Sectors,The Motley Fool Canada,https://news.google.com/rss/articles/CBMibEFVX3lxTE9LNFZYVmFRc3AtY1IwYTJkZXduU1FhSDRrUEd3V2sxZnoxVWFIeUN4bERMQXZkUmxiM3U0Q3Z2R3pOVW5LQXdFc2NDLU9OSy1CdG9KMW83MlFvb2pQRndKMmZiUkkzaDhHQnZfTw?oc=5
CNQ.TO,2024-10-10,Foreign companies are exiting the oilsands — and maybe investors too,Financial Post,https://news.google.com/rss/articles/CBMijAFBVV95cUxQSk4yUTFacnlJWDlEQTBsYTBxaElPVlBlUDNYSDByQ051S1l3ekxVMVRPYVRhNF9RbVF1WG03T09HOFFqb2xQSGxOTHVDTTRpT2FmX2xnRE5xQ3dtWU5yY1BDTFlCbFBLaWdrWjRKMGxVWTFFMW1yRFMzWkxVWURjTjRDUFRUM3ZhZjJLWg?oc=5
CNQ.TO,2024-10-11,Canadian natural gas firms eager for LNG boom swamp market with excess supply,reuters.com,https://news.google.com/rss/articles/CBMiwwFBVV95cUxPU1h4UW53RHAzbVp3S2hSMjlZQ2xFT1Rpa2dUMDZoZ19mZlBRejI0dHo2cGswQkdZV1g1MUJsVTZ3TTJqbkZsMGFwUi1MR25DUXR0dGVodGxoQnNESjZKY0tPLUx5LW02T1QyTWlLMFpfQUFTZ05lcmltOTluNXU5d1dCTWUxNFNzckVDdUwtU3pQakxvNE5QOTZ2MkdvWkdqNDFpRTZKSDVuNnFwQV9OcGxLZ2ZjV2hNVmtoMlNRWk82Mzg?oc=5
CNQ.TO,2024-10-15,Where Will CNQ Stock Be in 5 Years?,The Motley Fool Canada,https://news.google.com/rss/articles/CBMidEFVX3lxTE5rWEoyb2hpRFdWWnR4U0k3Q2FDNFVwZzk3RnZ5OUZTRkZpZFhzM0lUMmoxcHppRmZYUlFYUlRYVl81bk11anJwb0dhR09UeEJfcl9FaWVnaVBBaE1yRlFkTlBSWUNmNHA5OXJTcXlJeXk2UkVR?oc=5
CNQ.TO,2024-10-16,Best Stock to Buy Right Now: Canadian Natural Resources vs Cenovus?,Yahoo! Finance Canada,https://news.google.com/rss/articles/CBMiggFBVV95cUxQU3BaYmZHdUVQZnVJc1J5bHE0UUp5cmplWG5TeXd0VEhsSnFSOUZlQnJGSjZNS3JibE1IeTh1SFlVU01oNHpCNjljVVBmbXpzU29iMWNkcmxRQ2s2a2w4U21yNzkxVng2NlFNZkdKZ2dlZGlocnBYRDFCNmJsRG9QRzdB?oc=5
CNQ.TO,2024-10-17,3 Blue-Chip Stocks Every Canadian Should Own,Yahoo! Finance Canada,https://news.google.com/rss/articles/CBMifkFVX3lxTE5la0UxQ2k2cjBhODFmT09wM3Qtd25SMWxKR2NETU5GX3lNc2xpMm5vRWItOFZjTjgtcW1USlZHZ202eTNFOUtoQ2ZjRmhSOW8tdnY4UElyZUpiNHlyTEZzRmtiM3QwTkREcXVPS0QzelJRV0FYeW5Mb25yVW90UQ?oc=5
CNQ.TO,2024-10-22,11 Lithium Stocks Betting on Direct Lithium Extraction,Investing News Network,https://news.google.com/rss/articles/CBMiWEFVX3lxTE1wM2FTQUlCazNtbXJESDdxQlVFb0w1bklCMDRrSzZBb1VyS1dKUWZHOXpzT1pPOExfWEVhYkwwd1JSQjNIeEdfWmpVemRmZE1LaVZoZWxhNDA?oc=5
CNQ.TO,2024-10-23,Whitecap Resources: Another Quarter With Strong Operational Performance (OTCMKTS:SPGYF),Seeking Alpha,https://news.google.com/rss/articles/CBMisAFBVV95cUxPYU9TOTNueHplQXFBOFp6eGVXUTk1NC1USGEzSGQ1UGVjd0dOakd5emRLM0hYbFcwWXp3RUZZN0ViOUQ2NGhEbVU5UHRBZnB0dDAwbGhYbk5GZWplSmF1eHJRb3JQWERQMXZhaHdkYjhPWEp4aG1YUGdEYmRVM29qaGJqMzlZS2R6dS1YWW1TN0txdTBxMEJ0OXNQRlU4WEpiM3ZfM1IxbGpTUURvVjJOSA?oc=5
CNQ.TO,2024-10-25,Time to Say Goodbye - Chevron Trimming Non-Core Assets in Advance of Closing on Hess Deal,rbnenergy.com,https://news.google.com/rss/articles/CBMingFBVV95cUxNc2FVd1liVW05ZDhHaU1menJQZnRFVU54bjVyZ1lvbERDS0xhTnlGQnhiQTRTOW1IX0ZhXzlsQl95SlQxck9kSG9haHNOUUwxUmMxYW96dFVIbGVOdFZRMEJYSjE1bnE2N2U4b2xjOGY2OGxFTEN5YnE2N1dfWjk3dVQ2N0F4QXQzYTgyZUVkLTB2cV9hVFRmbGRjMGtmZw?oc=5
CNQ.TO,2024-10-26,Our Lobbyist Premier,albertaviews.ca,https://news.google.com/rss/articles/CBMiWEFVX3lxTE1DdjdKRmdnR1BjMGh3NkF1aGxJTHAwUUU4dlQ0cWV2UU53cEJSaVRkZTZYU2xUajBYb25peHpnNkFQZWliNk1VLUJmMGY1T1Q5MVd4OHFQVS0?oc=5
CNQ.TO,2024-10-27,Bell Copper: Top 25 Undervalued TSX Venture Exchange Stocks (BCU),The Globe and Mail,https://news.google.com/rss/articles/CBMi4wFBVV95cUxQejlnWlFzRTc4NnVUc3BpeFl6TzJCZTNRMmlwOE9xd0g0MkE1YVlfaTBmN2JMMW9qM1MyVkVQY0dMbzRXWWVFdGt2QkxScnBSWjU3QjNjTmVaMmotdG0tdEFpdTNCUWx4ZTZFQWxRaUs2bjhFS0kzQjF0d09Vb3ZaOTJyV2o2RnA2N2dmOHVnbVBEQkQwampkcUpXSEpZOXlmS3Z6dG9FYjF2TGJ0MlNsWVRaNlNmd3FSaVQ2V3pPbHV0VE1sVDFCN2FvVzkxMHZOMWFnRl9RYUNUbThYWjA4YUNYcw?oc=5
CNQ.TO,2024-10-29,My Six-Figure Dividend Portfolio: 23 Stocks That Fuel My Financial Freedom,Seeking Alpha,https://news.google.com/rss/articles/CBMitAFBVV95cUxPMVhHanA3MGRMbnAyaTdtcDYwdnpnUE9WQWl4NmFkUXAtWlc5TlRtbHJvVTZ2SXF3TnMxXzRxSmhDZWhaNHJObHRpQ1N1WVRSTGpCUy00ZXlyRm5zekF1SDhmbGNSdTFsQ1U2ZVo5MFBTNzZmUEpMdjZLMlZ0d0pGT2NxbVVfcjNGcGNsR0xWQW9nTzhZV0lYc1FXRTVOaDBzR08zT1pYNTkwZTdlR2VUWUJOOEQ?oc=5
CNQ.TO,2024-10-30,3 Canadian Infrastructure Stocks to Buy Now,Yahoo! Finance Canada,https://news.google.com/rss/articles/CBMijgFBVV95cUxQZTZ5SmE2aTZHT0dVNDlGWGh2T1VuTG84LWlkUVFwNllESTVnZkx2cjJLc2J6MFFuMzhfSnRVQVpHQ1BIbmRoTUdybmo0cHF1ZFc5ejNVMkk1Q2VQUGQyUWFpZ2pzVzloSHFJUDVqSXhuQWs4QzQ3dVhjRHk2bEgxWGg2eEV5SHFxVVNyY0Nn?oc=5
CNQ.TO,2024-10-30,Canadian Agricultural Stocks to Buy Now for Growth,Yahoo! Finance Canada,https://news.google.com/rss/articles/CBMijgFBVV95cUxPeTdNdkNpd2lYQXVXZ05OeWR4M2UwR3hjcWN2SDVMdlRLdy1XVTBvck1RMzRnWXlGb0xZSWdfZmdXTHFxc1hCOGtSdl9Cd21LNWMydDZaVkpQWTl0bVU4b1lVZ1VIR3hib3pEWFpXZVdqM1VneW51NWMyZjNtMm9yM2E0QjQtbkp4S0VSMUFn?oc=5
CNQ.TO,2024-10-30,The 10 Best Canadian Blue-Chip Stocks to Buy Now,Yahoo! Finance Canada,https://news.google.com/rss/articles/CBMigAFBVV95cUxPWXlqYjg4eDZDRUQ4N1l5QWJZNUNicnVsaTVKLVFONURVcHBoVTFBM2duZWxYSE1ncDhrVkNZQ0h0R1RpTThRblZnZ0l1ancyNzBDWC1IZnJ2YnJiQzRfN1BiWjFONUxGLW1udkcwOXdXcFB4VUVlU2pDcHF5RGozUA?oc=5
CNQ.TO,2024-10-30,2 Undervalued Canadian Stocks to Buy Now,Yahoo! Finance Canada,https://news.google.com/rss/articles/CBMiigFBVV95cUxOdHdkWTZsYTNWSEFmalNCdlhBTzlnWVNqenN4QXI2MVhYWGVuOFMtUW5JTGd6Y0paWGZIZzFUczZzdjFpeWgwUXB4bnc2SDkxcjJtNFpxNXU1bVdScXdBZGlIUE1NaWJaZ0NEOWsxa0ZTMlhxQlNFNzFEZ21CM1ZQcTVQTDJ2elc1U3c?oc=5
CNQ.TO,2024-10-31,Canadian Natural Resources to boost TMX usage as profit falls,Yahoo! Finance Canada,https://news.google.com/rss/articles/CBMiiAFBVV95cUxPel9NNHBIVGhOQndZZFRVZ3Z6a0toTDFvU0FkaktWMHdNZW1rWEJDQkVGenRPOEFKN2ZTamx0M184N25hNmpmRjlMaHlJelZ5VDFCSHRVUnVzS3NrdzBkSVZfNTFqY2tDWERiTWhOZlRLam9KYkJMem1WTlZZeVdpQWxodVdEUVRF?oc=5
CNQ.TO,2024-10-31,Cenovus stock falls after Q3 profit drops 56% year-over-year,Yahoo! Finance Canada,https://news.google.com/rss/articles/CBMirAFBVV95cUxQdG9TaGV1c0d2NW9LRWNURVY5a1RaQmtXX1dKOHVjOW0zcml5RTJWWnVEUF94dFZBSWhYLWVZMWFzLUJfWm44R1VzVFBXRVJBUXhyalJ2dlY4akVLaDVERnJjX0haV1pQcnExSkJuUnBLcGtUc2ViTTh0X01ZQzN2NXdDcjhjMTFXLTZBaVV0V3VMX1c1ZWtTenVhTVREemx0Tnd5cU5tTzNsOXlJ?oc=5
CNQ.TO,2024-10-31,Canadian Natural to drill fewer natural gas wells amid weak prices,reuters.com,https://news.google.com/rss/articles/CBMiugFBVV95cUxOTFZ0SXRucjlvSWZEbEhKUDBnaDNVSms3X0hFMjJWOUo4MUxCRVphcUc0LUU3azZGTVJSVnVQZ2pZVkVtTkQzN3BIenFTN0lmaXlueFkyQUhQWXRRV2JlU1gwbXlHZWpQV2FPZHZkY3Jwb0UteGxDNkZqZUREeVRZeHlRLTg3UFUxTUJFWEFHQ2RpY1prVWZPMnp5UDJLczFKR1NnVl9GTHhMUVpMdU1HZFVXdk5HOFRCcnc?oc=5
CNQ.TO,2024-11-01,"Canadian Natural Resources Ltd. stock falls Friday, underperforms market",MarketWatch,https://news.google.com/rss/articles/CBMiygFBVV95cUxNLTB4MXVBVTk5UEczMHBQNjk2clhDLUNHdUVuczFDQ1JRWFNhS3RKWnhDWEdOMVlVU2luRW9HbFF3MWtvUmxCTnlpQTQwbDdjTjJXQkFCQWlpbXhuLUx6azdueXNVQTJIMXNkOEMxemptbmNTZFB3eUpLc3FhN3liOUFtcV9QZlBmR3ZOUU1MZnhib1IwSkcwek51ZGs2cXhoWVNJR0o0WUVSVlRYZS1YVE1kMy1RX2tGQW9VNjhkanZpNzdRaV9rM0xB?oc=5
CNQ.TO,2024-11-04,A Global Helium Shortage: Why This Investment Opportunity is Heating Up,Investing News Network,https://news.google.com/rss/articles/CBMidEFVX3lxTE9SUkRNbTFWOV84VUhyQzNvcWdqVEltZTZTRGNXdXhEOERnZFdDWW1fTG9XRkEzd04tMHlBUU5TeFltMjRnWFE0c0JsOEZ0UTZZb3ZsdDJqTmRnX1FmWXlrVmhYUGI4RU53WW1MQXM4dEFYR3pt?oc=5
CNQ.TO,2024-11-04,Pressure on Canada to Export Water Will Be Immense,The Tyee,https://news.google.com/rss/articles/CBMiggFBVV95cUxQVzgxR0VxbEdDT3dqTEZGZHpUQktzS2xldkZWR3hDVDQ2MTNaQ0R5U3o4MTY4bVBWY2p6bmhlVTBaZlJkSWczZ1JfdTZ6RzJ6Z2xFUkZlemZCZVk3Rm1oS3FLNV9wcnJJMUprRXAzTjZzNC1IUVNSY0E1OHlwLWVyQkln?oc=5
CNQ.TO,2024-11-04,Should You Buy Freehold Royalties Stock for its 8% Yield?,The Motley Fool Canada,https://news.google.com/rss/articles/CBMikAFBVV95cUxQYjQ1S0M0UVVfN2wyZDczeUtOajJpci0tNlFITElWNWNrcGRYNVRUb3ZzNndpaS1pNGdWS0ZhQ0tDY0FrY2M2N21wNF95VHYwVHV4OEVHcUdKZDFrbHdsanBlbjVoVF9oN1RFV0l3RXBiTmlzbjhJOFg5WTk3eHJxY3drNW5XdTl3dFlabWRQY2M?oc=5
CNQ.TO,2024-11-05,These 2 Dividend ETFs Are a Retiree’s Best Friend,The Motley Fool Canada,https://news.google.com/rss/articles/CBMiigFBVV95cUxOWG50c1NUSDByMDY0ZzZkY3Bod1lXMjhjcnBaVGplUERQZUM1Rk95aWtRcEpxbjZGQmZFaE55d19DQUJocjZSSFY3WkZHVUF6ckk2dF9PdWhrb1M3OThfeWxDc09TVmtxOHRjYWZZbV9xRFQ5ZVRPMGQxME1FclF2TVMxdjlwYldKZWc?oc=5
CNQ.TO,2024-11-06,Investment Opportunities in SMRs: The Future of Nuclear Power,vaneck.com,https://news.google.com/rss/articles/CBMijgFBVV95cUxOYUlSNU9xV1JBYXR4SmhqQ0Q5M0RvbUMtOVduSHdnZVktU3ZHVXM0YXpfSWFSZzJvX1M5ZGNlb0I3bC1NRXJTRnFnQlEtUnZwSjBYRkpuOVdxSHJtTVlsX293enF0QW5wZzFIcXlmM0tHUmd4bWxrR3NPaHlrM2ZkaTNfUzRWN0d3ZlkwTjNn?oc=5
CNQ.TO,2024-11-06,Is Canadian Natural Resources Stock a Good Buy?,Yahoo! Finance Canada,https://news.google.com/rss/articles/CBMijwFBVV95cUxQelRYSE9McFhqSFAxUjZSX09ZejJFX28ta2poQWtoREstN1dNdTZEVEFhWFhlZDBRdjZibkRiYTRSWXRZU3pYemNIb19CYnBLZjFrR2daNFgwZUtRSzZaSldMWUdmRW93N3JPTm9RZzVMVVZiY0NLdTFwajlzNmlEUWRtb2hBTlFsTjlmLWtoZw?oc=5
CNQ.TO,2024-11-06,"David Burrows' Past Picks: Canadian Natural Resources, Teck Resources, and iShares MSCI Japan ETF",BNN Bloomberg,https://news.google.com/rss/articles/CBMi7gFBVV95cUxPWU5nRWJNUV9jMlhZSUtuMGd0R1NQRVBLWWVxSUwzQ213Y0hZZnJWM0dHYUEySEU2UFVtWUg2TUk4YkhvcnBZOGNBODBKVTFSOVBkTl9HNU54cnIwbmJuNkZBSG9aWjBiWW44Y0cxdnV1dE9UajY3MlMzVjlKLXZDbEs5b250cWNfTEZjVzNTWmNROUlaS3A3WElCdDBENHJpWFdKVGFkYmxGMy1SLUNSYm9aM0xFbWphRS1NRHdQc0NuamFkMkFvSi1iYXZZTkstcS1qY0RLWUdCSVI5SWVxbEE0ZHZhTlRzdGpzMkR3?oc=5
CNQ.TO,2024-11-07,Critical mineral mines tied to 111 violent incidents and protests on average a year,Global Witness,https://news.google.com/rss/articles/CBMi2wFBVV95cUxPWFA3NmxSc05ndERTY1dtV3JQZFlTQW1weDBIbXFJYnZHTVBKT3lWNDJBazBzWE1xOTRpek1DcktPVzlDRnp5YTVPZkcxRkgzOUctaXFVamY3NW9WUWJLVHBWeHdYc2h1YlZiai15S015RWF3R0YtLUpvZkdjSEs3S2xHU3JEQnF4enpuOHg3dWtGRURiYWhLMDJTSVFTVzNTWFFsRDZOYWJ2VkVQc185Z1BkSjktaXRmd2JxcVEzeGt5bkxQTWJvNWpqV2RYd0xSTDRrQUtzM0p0bWs?oc=5
CNQ.TO,2024-11-07,Ranked: Top 10 Countries by Value of All Their Natural Resources,Visual Capitalist,https://news.google.com/rss/articles/CBMingFBVV95cUxObGNTVG53TVpUdlB4N291enlTX1ZRSGxNUzdUeFl0MUZYZWNWQ3I3S3gyUlZ4cWZIbEVsd3RNWVFoVDJXMExjVExsbm51bUVaVGI4UUpMX29GVldPVlFTYWxtZXY0VFZPMUVoVUJBaGowdEd1UEVwWTlPWkdBdHIyMjdCcy0tRGZiQk5iMGI1UHMwd3RFY1NVeW5meXVNUQ?oc=5
CNQ.TO,2024-11-08,Top 10 Best Performing Canadian Dividend Stocks in 2024,Moomoo,https://news.google.com/rss/articles/CBMiiwFBVV95cUxPcnN1a3laeE5HbzNpem9UWkx4RDFBcEJZMEdYbVo5WEVTOXBhZDNCZVllQkpvNXBMelJxdWZCMDJTWGFPNWVqWGlfblF6Q1FScHJwcmFsTGJMdEdvekstX0lNWlVYU19UamdQQ1hZTTRPNmNWS0V5YTlxM1k5bzRxTC04VnRkWmF0M1pZ?oc=5
CNQ.TO,2024-11-08,Why Canada's Enbridge has an America-first investment strategy,Yahoo! Finance Canada,https://news.google.com/rss/articles/CBMirwFBVV95cUxQRlZDUVRjRU5XVGV2OUFfZDVqRVhXdkZZUk5GcXhwaG5PMEFYRDVBVElPVUcxMS10T21VTVUwbmNZLTgySjZWZDFrb1dYYmVXMDFLNWwxdWtvbGVRNWhEODNmOTNETjZGZW0yWklYWEViNEF2RG9lLURMNHZaMy1ENWl2QUdmbmxja0padFZPWkJYaDBIdGpMc212MWItVVNJN1JISVhmMTdYUm03NmVR?oc=5
CNQ.TO,2024-11-11,Where Will Suncor Stock Be in 1 Year?,Yahoo! Finance Canada,https://news.google.com/rss/articles/CBMieEFVX3lxTFBsR293WnBvSUluMW1rTnNaa25PQWVRdUlWaFVaQ1c0VVhDQWtiZ2VDUEZyUUtmZjdBMllHeHpQbEh6eE9KTFRZaWpCNVMzYVVOQnlaVnF2R3JxSVZpQ2tOWmN4SFNkeGNMT01kWEVnOUlVUmN2TFZndg?oc=5
CNQ.TO,2024-11-13,Canada's Suncor cements comeback from oil sands laggard to sector outperformer,reuters.com,https://news.google.com/rss/articles/CBMivgFBVV95cUxOU2lJaFVpSnpkOUtneEV4Uk5vbE9hZWJXam1maTY0WGQ1andXaFVmbzk4UUxQY09nUFItNXp1R1JVZkNVY0dDNTU0YnZPQ3ZZUklwencxUVZyRnkwS3BnOE9aQ0Z3Tng2R1p3aERFOE5kOWJsbkNKRC1ybGV4bzVXVmpXRWtFNVQtc1NUMlZmZjNGbWdHb1dHWjU0MnR3Tm1mbjAtam0tNGRfVjJrQmRURnJhTl9KYlpyNWE0NnBn?oc=5
CNQ.TO,2024-11-15,Can Canada’s Uranium Reserves Transform it into a Nuclear Superpower?,CarbonCredits.com,https://news.google.com/rss/articles/CBMimgFBVV95cUxPZHNRVTlIOVBMQTk1eWlucm9fWDAzT1NtUVo2NHdwWHE4Mk80aFh2dVlVUEp4aUYyazExTF9fdXZTNlY3RlVBMGIzV2tELVo0R1BoaTZONno0VjFLRmNoeExTbjhlRExZdURlemJpZ21xMFNsTHgzVzlxQ09aUmNYalVjakFxN3p5UnlOdUlRWkYyYkRmYXNZY093?oc=5
CNQ.TO,2024-11-18,The Co-Evolution of the Canada-U.S. Oil Industry and Possible Implications of Donald Trump’s Re-election,cgai.ca,https://news.google.com/rss/articles/CBMivAFBVV95cUxPZ3hkdzNSQXhxVGRndlNJanBaUjR1a3FGR3ZvVXVoNmhIdm04SjlpMXB3eFZ2Qy1Kdkc2aF9qWFZra0FXcURDOVNOOFdQc0Fjc2xwWTRTTDl2SEY4RHpvS21FOHQ3a3lKNWJvNDViLVVqV3RlRU8wVmYySXFOdVd6QkhEZ08xTnBKOFdLMlZpZ0tnQzFCblZDQm1BbzZ5QnhZbFg3RVJ1dWNDc0oxckFzY2ZJYkFYbXBjN19sYw?oc=5
CNQ.TO,2024-11-24,Canada - 10 safest countries to seek refuge if World War 3 breaks out,The Economic Times,https://news.google.com/rss/articles/CBMi1AFBVV95cUxOYjFvTDZaSjBLZTl2bzF0N1JjUzdPN0N2ZENVaFhXRVBNNGRaVGVSdExMNHRrWHRhZHRpbTc4bGJfMnZOTTRDQkVibDBMU0p2R0tJaUJKeUpFam85d2dsRVR2QTA3MDdaZ0hHSTEtajRrOWRaekI5QTVERjV3dHlrRVE4WGF0X0Z3SHd0QldGZ2J4S016R3ZXSVFtMFZtVW52MlJZemFvemU1N3Vic05hWWFrVTR2c1NPSzNMdzZNTWxBSVdFU0dHaDliTXQtUW1lbW03UQ?oc=5
CNQ.TO,2024-11-25,RBC vs. TD: Which Canadian Bank Stock Is the Better Buy?,Yahoo! Finance Canada,https://news.google.com/rss/articles/CBMifEFVX3lxTFBuSDhFT09BZjVZN3BKMWRaSWpvQnlEcVNKUXdYLUlpcE41MEhYY2t4dFI1ZmVhTEFEWF9mR0Y3ZkJQWkdYeVhvVGdkNUMydkI2T054YlJ4c2twYmVjM2ktR0NBamtCVnJBM0lvLVFraGdnMUczVGdhM09wTm4?oc=5
CNQ.TO,2024-11-26,Canadian Firm Takes Operatorship of South Africa’s Offshore Block,Offshore Engineer Magazine,https://news.google.com/rss/articles/CBMipgFBVV95cUxOX1JSdDZwVm51VldUSlZQTFJGM2xmOThMN3B3ZXk3RDhlQmZkVzRMLVIwMnc4ejdDZ0ZWdjlQRHJYSTVaOWdnYmdnVjA1d2t6NVNUYktVYUxITFN1bVJwenROWU1HWVpFV29iNG5Zby1PelZ2ZzNvLXdDa2JOLW5YYnk3Yk5MNWZWZ1RVdXVoZXRWWmVKek5Wak1seFItRW9nT2FVTXhB?oc=5
CNQ.TO,2024-11-27,These 3 Stocks Can Provide More Than $600 Every Month,Yahoo! Finance Canada,https://news.google.com/rss/articles/CBMifEFVX3lxTE9KT2sxTzUzOEY3WjlLN09wT3RxVS1qT2h2dGVwTjFaaWlMN3JtNGFBd1BKRVhWeGxRX1BUYmtwUW0wX01hbUM0SFU1dC1RSUQ4N05ZZjhIRVZHLVFkckl4V0x0NlZ3R1pYX0hnaVhzYTFEWXpYU3hWX21uYkI?oc=5
CNQ.TO,2024-11-28,"First Nations participating in major projects totalling $45B, says report",Business in Vancouver,https://news.google.com/rss/articles/CBMipwFBVV95cUxPODMxdGk2TWV6eWFEWnVSTnhBR2dsQVcyMTdtQlV1M2tsRHEyaHF2bXJIdXBFamNGNzlhb1RYOGJZSWhaNU1XOF95QmZUMXl2UDlibDlLMkYxRGpkM3V3TF9nWlFQWDJFNlFiVHJZdGZfTDd6ZGx3ajBmcEhnSU9MbnVLbjVHS2dZbXk4bnFra0dxOVd2OTVHWXpRZzRTUG54Y2F6TS1xWQ?oc=5
CNQ.TO,2024-11-28,Is Canadian Natural Resources a Good Investment? An In-Depth Analysis,The Globe and Mail,https://news.google.com/rss/articles/CBMi6AFBVV95cUxPOWtBcWFBWnp2SW5Fb3Q0QW84RXdsc242aFBJNXJLLXc4OGRvWmNfdTBCc2czd2NTZlR3VHRpRGtXQ0tUNE1yNTdvT0FZX3pjTk0tWHFpZlFGTTFRVlVaVjZJQjZublIzLXQ0NE9xUS10TWpVMEVxR2hSTWl4VDJxNG5ZM2Npd1RCUk1IeHYtcVM0Q3dIRFpybnNwSU9QRktxc2xDZmFwX0tXNEpERFQ5S0ZMYzBUdDRvdjd1RS15a3MwWmtFZHR0WGtscUZmMVJYTlVRQlFpTGZYX0ppWXJJNWJ0N2pLY0RT?oc=5
CNQ.TO,2024-12-02,Northland Announces International Energy Transition Executive Christine Healy as New President and CEO,Northland Power Inc.,https://news.google.com/rss/articles/CBMiygFBVV95cUxNY2E1VVpqanJQWWpqNGNyS2ZWQkM4a0cwQjVaUEFKUHNCUDg0Vl9QenNNd2xhZTk5bkN6Y20weC1qVFVOb09KUFRDanBydDRSN2p1NURneWdORXlHRFYwc016QnNja3dDV0w1MTZyTzZQQ2xrUklOUTFOMHE0Q2FUTUoyYTY2X25EVWsxMUhGM0o3bTQxbC15SnBBM3NCWXRkVnFZRnJoVUMxa1RRaVhIVTd3dHBJNWRZWnkwZTVzUWg3X1o4Z2hvbTFR?oc=5
CNQ.TO,2024-12-06,Canadian Natural Resources Limited Completes the Acquisition on Chevron’s Alberta Assets and Announces Timing of 2025 Budget Release,EnergyNow.com,https://news.google.com/rss/articles/CBMi9AFBVV95cUxNenFMUmVTSjZXa1l5VUxxaVBWa2hxUjR3U1AxZU9ybGQ0d1BtelNnd0R2Tl9yZ1hKOGhiR3gxYjZ1Qk1jOUMzbFhJSkhYX1hJUHRQeHQxcVcwUWZqM25pUFNiQkRhcENWMmlQalY4Mm5TaUMxYjFpaVpFMHV2OVBWMV9rNmVoOFhGbG5lV2p1STZIZ2tMZDQ2SUhzc1lPX2thN3hmU3pTdHRvNlFMRnRPN1NPZHBnZEpxOXhEb2xKWGM5NzlCbnprWkhvcEFEUFp0VmVOenhVOGZPVS1oTHpTenNIUzRPbFNrRHotVFh2Y1VkMk81?oc=5
CNQ.TO,2024-12-06,Top Canadian Retiree-Friendly Stocks to Own in 2025,Yahoo! Finance Canada,https://news.google.com/rss/articles/CBMijgFBVV95cUxNUjJtWWhXVTNaWlQ1UVFYM0xBQmhybi1qUnBDY3RobnJlX1pvblZ3bVpZa2Yyd3N1UlkzcUx5XzNKeV9hVW5PemFIakNveUQ4a281Sldvd0hUQkc2d1RhMXVXd0ExVXBkWVZUeTJiaUYxNHlEejRZa3RfSTI3S2ZMRlFqS3V4aU5YcTZCRk5R?oc=5
CNQ.TO,2024-12-06,"Organigram Acquires Motif, Becoming Canada’s Largest Cannabis Company by Market Share",Business Wire,https://news.google.com/rss/articles/CBMi1wFBVV95cUxPcUJiZk9FeVpTYjFXbEt1d2l3a1lfOGd4a0RoQ003UkVreHY5TXN6NVFOUU5vNExYdDNPUVFUMWRiVkxFQVZYNmd3S1VwWFkxQ3g2V2J4cjFLa2paTVNRY0tpRjdzQ0dWMGVhZkNEQ05WOHFrc1I4UWRFYXlIeTFtbUFpY3NvTVJtWEt2bDVUck83YTNlaFBIMXVjQVdXc2dJU2hjOHRWeks5VmU3TE9wb0p1YzR4cnFTdXpMdXJ5SWFtVEJNVENhMXY2VDFTS05SUVJHTkhmZw?oc=5
CNQ.TO,2024-12-10,"3 No-Brainer Oil Stocks to Buy With $1,000 Right Now",Yahoo! Finance Canada,https://news.google.com/rss/articles/CBMifEFVX3lxTE1rN2dGY3IweXpfblVZZ2xKZGI1NVZXdkh3OURScHF2ZmNKVEcydmg1RFVPV1M4QnRtUTBMdUQ2WFc2emdjZjM1alFHR2thQlVEREZVandrcUYwWk9uTlJRaW13U3pSN2x6eHp3M0ZmQWxjX3dpY3dBZEhnWG8?oc=5
CNQ.TO,2024-12-10,3 Dividend Aristocrats to Buy and Hold for Decades,Yahoo! Finance Canada,https://news.google.com/rss/articles/CBMihwFBVV95cUxPN0Y4V1FqVmdNcUpSQ2Y0ZnBVcklUVE16bDNPU2hJNXh6OFU2cnctd2hqRUN4VU4wNXFoQUgtV2pyUElUWV9DTHlvSzVMZW1LUmlySHlLWTVOMWRTU1k2UEl2VDFOUGNJNzNKTnFUckZQa1o5TU4zY05Kbks0MU83YzF1NzNyOGs?oc=5
CNQ.TO,2024-12-10,"BMO analyst recaps bank earnings, reiterates top picks",The Globe and Mail,https://news.google.com/rss/articles/CBMiygFBVV95cUxQcWVxakhxbS15S3RlMl9qU20ySWJQcTIzc0lqWnR2TWh6MlJsX2RPZjVVM0F2dlRUYXJpTEhOQ0ZwcndFUVJqVGFwcFpTSFBPa2pvVlczcFhOQmhLTE9KRjQ3cWphS0JISFNrd2RBZlRoWkpfbnlaTkxWbElDc3pCUFZ3T3ZGUktXbU1LbXdGa1pRalhjQkJHdmwyREZyQ2N5dEpKemRMeHFodGw2WjRsNW5Ed2JMNjcxSUhIRHpTYmlEdGs2anhibnF3?oc=5
CNQ.TO,2024-12-12,1 Top High-Yield Dividend ETF to Buy to Generate Passive Income,Yahoo! Finance Canada,https://news.google.com/rss/articles/CBMif0FVX3lxTE5FVG43TFRCMklXZ1ZHLWtSVEVaZllSeTFXNmZSX3pwMC1rZVJSckdobXd1OFZzS3BMRDY4SUtuX2oycjJoMG1kMXdaT292aXdjWUgzXzQ2Y1FKc0lTRjJIWHdqbnVtNDRKQnB1eGVQc3JVMGtUX19PcWxPcHgydzA?oc=5
CNQ.TO,2024-12-13,"BMO Capital Maintains Canadian Natural Resources(CNQ.US) With Buy Rating, Cuts Target Price to $40.74",Moomoo,https://news.google.com/rss/articles/CBMisgFBVV95cUxNOVlacG54MUZiZW5PS3EtckY1V2J4WUxyNUVpbU4xZ1dtWlVFMXRacHBfRUpYQlZRTFZrMVVzSUp3c1IyNmdyNnRJSlhqbEJmeFUxQ3BVZHd0bnlLa2NPSU5LWkJDWGhuV09FdTZlSzhhUWstQ0tZTDlkbkI3dkVBcnBlM0ZoYUFid3o4NjVYMzZxRUNyNFlFclNZMy1hcVcwWDR6MlB4anJtSHdzQkNuQS1B?oc=5
CNQ.TO,2024-12-13,Department of Defense Makes Investment to Strengthen the Tungsten Supply Chain,U.S. Department of War (.gov),https://news.google.com/rss/articles/CBMi0wFBVV95cUxQQ1pLUWV1SGFMVkhnZEd1aW53NGxucE5ya29oS2NSQXFTQkdMV3ZuOWtUZFB4Q3YtZjFIb2tWODFtOXVfU0s0MGo5eS13d01iVG5BZTNjb015SUhuTUt5eVhDTFd0aGpUQlZHMTVIM05BcGpMRmlPMUUtTmd3RWxwaUVPWXB3WGV2NS04Vml6RHFBNlMzWmtEVVhxYjFOQ1F1SnY1UmJic1JQcjRWdUU2WExqWWNaaE9FSnNvTFZDZE1vRnVmaDJaWldMVmlsRmVVOWdR?oc=5
CNQ.TO,2024-12-13,Is South Bow Stock a Buy After its Split From TC Energy?,Yahoo! Finance Canada,https://news.google.com/rss/articles/CBMif0FVX3lxTE9PM0Y2N0h3czItdkR3NjVORFh4RFQ3NFlkZmdSSjBieVozY3c2UE9fLUZOSFdja0c0TTdTUEp1THk0dGxsRnJiRzRUZGJtMUlZYU85dHdQTThjT1BXUFRQTWFlZTR4R1RhTW42VmFObm5naVVSWndUcXpVc0lFUVk?oc=5
CNQ.TO,2024-12-15,"How 2 Stocks Could Turn $10,000 Into $100,000 by 2030",Yahoo! Finance Canada,https://news.google.com/rss/articles/CBMie0FVX3lxTE00UjZxODB5OHg0N3cydXZzNjBWQmtzdVNFem4welFHcE9GaTR5ZTliaE5LQTB3c0tTMlJ4SDhwUUdCZHlTQTBNaVNOaUx2enhzR281Y202d0x1RjFURzRxemxuclhENWVVY1dFRnJ4eTZWQkhKcnRPcU5VYw?oc=5
CNQ.TO,2024-12-16,Zero Chance: The Costly Futility of Canada’s “Net-Zero Emissions” Electricity Grid,C2C Journal,https://news.google.com/rss/articles/CBMirgFBVV95cUxPbEkwYlRGclRYczBudEJnc240VE96Y2dMdmlfSWlyTF9wTkZXV0F4bHB0WTh2QTB4ekFtQTYwVnhCZUNNaGVLWlhJaWVUd2FFLU9mT0Vwd1FxLWRKNHlCYWJVMUtQSXdsSy1iaVk4UGNtVHZtY0lNOGN6V1B1eFhxY0s1dEUxemVtZGZ3eUd5a2dReGplYzZQWkdrRXBkM2UxM3h2QnpwNm5pYmQ0eVE?oc=5
CNQ.TO,2024-12-16,Canadian Stocks Just Might Beat U.S. Stocks in 2025: Here’s Why,Yahoo! Finance Canada,https://news.google.com/rss/articles/CBMihwFBVV95cUxPTGlwSFQ3TmhLcWtPQWR0MGpPV0l1bWZ0Z1g0YnV6azJKZkJ5NmluMHJDZ3lkQ2czdl9wTlhTMF95dkhJMmhoRDRzcVY1TzFmamozV0wtajlJczctZWQtdHNHakZmX0pUVnVkckZ2T20tVE9xMkFDR2tjZmR4cHNhS1N6VzlLcTA?oc=5
CNQ.TO,2024-12-17,Canada pushes out target for net-zero electricity grid by 15 years,Yahoo! Finance Canada,https://news.google.com/rss/articles/CBMihAFBVV95cUxOSE1TeVJ3RzFfNGxDQnh1dnduTVJ1LVNBTWpBMGF5bjJocnpzYXRpWXVpZm1KVks0dmpwTllJdHdNR2J6MXJ1STJfeTE0azVJMlVOVHVENVRGRm0zWV9GUnFTZkJEaHRCb296WDk2UjhpbVltd1Y2NWhWaXgtQ3h5UTN0SUU?oc=5
CNQ.TO,2024-12-18,Prediction: These Could Be the Best-Performing Value Stocks Through 2030,Yahoo! Finance Canada,https://news.google.com/rss/articles/CBMikAFBVV95cUxNWDAzZ3VFQWZ3ZmN6bVBGUmN3d3p4Z2x4NVEzUkwxeWY4cEkxaWpiOE00blg2R0taRUhDMzhzeDl1R0htMmM5cUt1b3B6Vi1xcVJmYlhnZ2dlQUJ6Z0NqZFF3Mllsa2Nfb0RxTVBjak1Rb1M4QTBfbklhN0dYcEg5bjNsX3lscUxPOV9NSEZNaUM?oc=5
CNQ.TO,2024-12-23,Better Energy Stock: Canadian Natural Resources vs. Suncor,Yahoo! Finance Canada,https://news.google.com/rss/articles/CBMijgFBVV95cUxQWG51azhTaktDVjNHeUhYWS1vV1FKRWNfNGFsZUx4Q1Q5bksxRm13bXg3Zjlpa3lwTHV5Z2dFeGFnWU5UdlhZUGdvMC1SNWpoYU9oaEl4enVOOEIzS2dDbURXOGdSaHNfZUdfbUxRdVpfOHZMQ2ZQdlVLZ05iUEN2d0pTcnN5dkN3RVY2S1hB?oc=5
CNQ.TO,2024-12-23,2024 Annual Recap | Which Canadian Sector Takes the Crown?,Moomoo,https://news.google.com/rss/articles/CBMirAFBVV95cUxNeTVkVThLRExYd1VnQ0pWRmtKaFQ3YW5FVXpBbTNwa1ZWelJpa2lpanBHWTlmaEY5c1RJR1VsVkV4OGdEWEJFNzNWbHlKeWxzMW5UbGlwSVIyMlFmR3NHSGdWaWdpNXpQQ2NleFJlZl9zem5PdEx4aU1Da05xeERNVzQxRHZRN1Z3RjQ2bDE4SDBGSFNsVUFzcVhYcHVrNUlHekJxbm9Ld3FBbnFV?oc=5
CNQ.TO,2024-12-23,Best Tech Sector Stocks for Canadian Investors in the New Year,Yahoo! Finance Canada,https://news.google.com/rss/articles/CBMiiAFBVV95cUxQZnpZZ1VDVnhYM2dwamphOGhrSUdLM0JFZEloem0wUU1NUkhzMzBHdVdQT1lFWXpDMXdvOTNyVzhkX083TkxraDVwWGVCZUNfVkZzOFgwOHNHNXQtSHZWbGpjRmhCUjVXNnlJREJ4czYxMHdzUFZGc21peE9CREtMcUd6NFdRR0Qw?oc=5
CNQ.TO,2024-12-23,Should You Buy CNQ Stock? Analyst Ratings & Market Insights Explained,The Globe and Mail,https://news.google.com/rss/articles/CBMi6AFBVV95cUxOVnFKeS1SS3R5VkdlSWNEN19oeUdWd0ZCVmx6dDR3Ukg0YU5jU2x4Z3hTZDNNQTUtWlNBMFE4ejFhVUFKT3cwOWRGdkNmQXdvbmtkWEtaTmtSY1UyajZQRFRJTUxudE5MMnpTSGpjTTVqZUpvY3lmb1dTdUlXTDRLYklOWm9VTHdNOFp6ekhUZ0ZOU2Jib3dhZDVIWUJJT1haT29lQnNMQW8ybHJFUDR2NWRQQlZZWXNvdkdGdHFya1V2a3FvenFDTlhrUzU1TG53TUNqcE10QTFxcVpQQ19hQXNGd1FtWHNv?oc=5
CNQ.TO,2025-01-02,Canada's top CEOs make 210 times more than the average worker,Canada's National Observer,https://news.google.com/rss/articles/CBMinAFBVV95cUxQM3R1Z3dSNHBsaDE3amtOQ0l6ZXFxZUJHdXcwUWVuMXhOQUpsVlZBakFOUm9TWkJZUlI4Q0MwWXRUQVVDMGJHQmZUWVJUX2ZRYmUxZy1PeHNnZHVkR1l0SXhzT0IzSC0zV1Q3SkpoVmp4ekMtay1Ja183Z0tfWV9GS09WYWxyWTFwQ2o2eWNWMmRlOUF0VUEwZnpaYWw?oc=5
CNQ.TO,2025-01-02,Canada's 100 highest-paid CEOs earned $13.2 million on average in 2023: report,rmoutlook.com,https://news.google.com/rss/articles/CBMiugFBVV95cUxOenVVM2s3QmlNTHdNWHpKV01jaTVWUGxKWWZCWW9UUGZseHdpUksteDBSOWM3VFh3QlZmcUptMW5JY2FSVDZTU1lRUnAzejR3RDAwU1dmV1lkdUN1UV9aTEg0MjhqdGNJam1WMldxSHlzUmJWRXFfT3FibjZiTWZSakIxbTh1WUc2MDF5SWVZbXNmUzV1MHJIZWxyYUFDcDZfTFR2UmpMckRxb0lWUS1UeEt0b1F4NXJJSXc?oc=5
CNQ.TO,2025-01-03,Why this money manager is buying Canadian Natural Resources and trimming Manulife,The Globe and Mail,https://news.google.com/rss/articles/CBMi2gFBVV95cUxPMjY4SktSckpPNDh1emFHeUNLdjNrdU1ZNmNHSjgtRTV6U1NTVzl1NmxoRnBFbjd1dlJHQXdVM05RQS1xOTBhRExmcHNSd1Blay02WWhwSHVBSm9HUk1CYkU4MVdxLS1vQTc4X1ZXMnh4ZGluZ3AxSmIzdXhTenl4ZXUtUXg4cnZGUkhEZzVWN3JXLUVYbzBiUURQWkNfOWRGTFpiYzJoS3BuU2dhOGU3ckVDeGNMOVVBS1FkWEY2M0VTTmU5Z29UWXZVTVRaXzRXbTg1Y09jbmYtZw?oc=5
CNQ.TO,2025-01-03,Just how big are oilsands CEO salaries?,The Narwhal,https://news.google.com/rss/articles/CBMiY0FVX3lxTFA5TjFQclZ5M2dvV183V2JERmVLZTZBblVuLWdsYjB1Q196VXBDWGlSam01U01zQWY2aWp3Z19RWVdSUzh1akZEVnEwd2dKNlFlYmNleWRWZUduYXRoYndjR214UQ?oc=5
CNQ.TO,2025-01-04,Canada’s 100 highest paid CEOs received $1.3B in 2023,The Alberta Worker,https://news.google.com/rss/articles/CBMiiwFBVV95cUxQWUdvSU5JMTVJemRuNFotTXFwMDF0VzFPMTZud2s4WGxzbUctYVlQUEhTVnU1ZC1EdFZBQlpVdUFRRlppTjA1anNtUmw2dEpoaEJ6UnlLMzZoZXJZRERVbTNlSXF3VTMzRURaQ3hhVGF0UVJjN2VJckI3WHhWNmgyZE1TQk4wOXQ0SDE0?oc=5
CNQ.TO,2025-01-06,New MLAs Reveal Surprising Financial Holdings,The Tyee,https://news.google.com/rss/articles/CBMif0FVX3lxTE04Qnhud1JxV2o0WDBVQ3N1V0tYV3BvWi13ODczRWc2NlV2c0piT1pLY2FOSUwwbUNHMUZLTUJzUEl3bmJ2a25BVHltczNsNDVTMGxjOXFIeV9Ia2kxbGZYeUVXUE5JVVlXUmpxdW9rdW9SMmZtMjd1aDdYT29pZms?oc=5
CNQ.TO,2025-01-09,Toronto stock market edges higher as mining shares climb,Yahoo! Finance Canada,https://news.google.com/rss/articles/CBMiiwFBVV95cUxNVS1GOERiZktpS0Q4OHY1c1dJRVc2RFZOWHdxR1Z3WnFpbS1LcF9jWlZYT25YaGpZTTdzc1dYNTdJVXdBMk8xbkhpRzdPeF9TUW1pbmh1aEFzV1QyZVB4UGRyb05aZ1c3TndUM2J0WjBXYW1tRmNZZGppajlhZEhuMGtHMlJzQmhXZkJB?oc=5
CNQ.TO,2025-01-10,Canadian Natural Resources Targets 12% Production Growth in 2025: Should You Buy?,The Globe and Mail,https://news.google.com/rss/articles/CBMi9gFBVV95cUxNY1VwSDhXQnpudEg5RkdoYXF4NXhkMkJlbVh6WEVkb19vZFhNOFB1SmRkUHdST01WVGNUMUtKSUluOTJqYWRxQTBzOHRWbkUwZUNReFV3NEJzMFlMaXl6WmcyVGxFUnFhMnl4OURoMGZZZy1uSDJOVkx6RVktUjhjNGVpNGduQV95cnNGbjlUYlNHbk5TTEEyODdMa2JxeWlBZmNqbFNnamVOcjI4bkFMa0ZpZElob3ZROGZxR3M1c3VGS1UzT1NwMDdJUVJ4ckJPLWE3ZlJ1cS1MNTRKRndvMFljb25Pd3ZoX0xKMkhTX1FqRnVmZlE?oc=5
CNQ.TO,2025-01-14,A proven strategy for investors who think it’s a win to lose less in down markets,The Globe and Mail,https://news.google.com/rss/articles/CBMi0AFBVV95cUxPZkxhT3RBbmVvMUF5WmVzdEhSazh2cHBOdkd3LUpuSWh1bE1vcy1acWUxNGwxR2FRcUZNTnFQR3FUZGtOblprY2lpUHZTUTFTbDV5LWppUVlFaUtfTG5RcndGNnZEQ0RXUU9BemV3RkNndWZ4dm96cVFuQ1JfX0plbXRmQlBQVVNxTVFDSW5DZlhqU0ZRSGxHc2JDdF9uTUVFV0JlWG1VRFJUMVM4NENMY1YyMXV3RGNKU3k0WFdCcGs1bkJSdkNIN2N2Y0xIbTFu?oc=5
CNQ.TO,2025-01-14,Where Will Enbridge Stock Be in 5 Years?,Yahoo! Finance Canada,https://news.google.com/rss/articles/CBMigwFBVV95cUxNX0xUc2FyTUM2Y0pCSk5weUhSVGMzUEJQMjFUOE1fbGRySGVGYjRaSEN1d0MtSVN3bUg2TFpONEk4WTFwS0dPT1N4MEduY2JnYmhRNEhxQkpnRWEzX2V2Z1VNZFVjRFBtMnl4UHVJSWEwb3pzWk9aTTVIMGtOUFdNOWZJRQ?oc=5
CNQ.TO,2025-01-15,"CAE Stock: Buy, Sell, or Hold in 2025?",Yahoo! Finance Canada,https://news.google.com/rss/articles/CBMifEFVX3lxTE42V2JldFNxLV9yeEo4Y2ktM0ZDWng1MWh6VnF3RWROUHlSWXl0QXFsOGREZjdZMXVlTWhvWEI5YXRSOENLSDItNmdCcU5FdTluMF9vVW1RdjhkSll1MVRkTTh3UUxxUnJZcko4OUZfOGtxMXNlaENNa0JrWHM?oc=5
CNQ.TO,2025-01-15,5 Canadian Mining Grants Open for Applications in 2025,Investing News Network,https://news.google.com/rss/articles/CBMiXkFVX3lxTE5FTklPOHgyNm5qd2hTQ3pIU1ByQ3VmZUEzZkhQcWthQnBXRl81eHlRM0tJdlZ2MWJYVjJYZ2o3bUhrNlI5SDlHTC1YNkZsdy1QeFNNSVppSzJPeFNSdFE?oc=5
CNQ.TO,2025-01-17,"Trump’s Second Term Will Bring Changes to Energy Stocks, What Should Investors Know?",NAI500,https://news.google.com/rss/articles/CBMitAFBVV95cUxQTGx2anZMQ1R0VUxDNElrNEs3ZEFpMmdWR1dTWEo5WVVVMDBORGtvUktLc3pWbEdkR0tyNHhybVNpMEN5dWtWMTF1d1Z5YS1nUGlOT2c2cm44TW8wMnpnWEY3emg4aC13TUdSUXVXY2tNRHFOb2pKNlMyeHFVSi1BZnlDbjIybDRJcjBRcF9EZ2E3czVLa0FwY2xQcTdFbGNhemdpTGo3UVA1V2JkYWZnM01PTE4?oc=5
CNQ.TO,2025-01-19,Better Pipeline Stock: Enbridge vs. TC Energy?,Yahoo! Finance Canada,https://news.google.com/rss/articles/CBMiigFBVV95cUxQUlBjOF9GT012bTVmQ0dhQzVuRG14N2MtSG9LdVlGdHhDaHBpQnpTU1IzMm94YTZoY3ItTlBORnV5Y09oUFd5ZFZfUGllSzYxMmF3cDRJNGR4bmY4ZlNjbVJ2WnYybE9fdU9pVWw1UmxkM2xTX0RNMEdNMzBna3hXbE0waWpTeFNFVmc?oc=5
CNQ.TO,2025-01-21,Pacific Trader: Can mining prodigy NGEx Minerals live up to sky-high expectations?,BCBusiness,https://news.google.com/rss/articles/CBMiygFBVV95cUxQcHdXOGRib1FzbTJfanZxeklVV0wxdEN6U1Uyb28wVDV5MWU0c192WlNaMk5KSXV6b25SVGN1bTF0OWlPWElWQWw5MmdrTDNTT2FnWGRLNEVLNV94QmtjN1dRMFB4RjZ0bWxWMXhiSGJ3NFNnbEpKeEJPamNqQkVpLUwzR1dmaU1HZUk3UUxSa0hrYTV2dEFHRkowbUJHTUU3WWZCYXpyZlFtTk9OVmFrcFd0d1R2RTNBY0NQcmRxakJxeG5maEFFdTVR?oc=5
CNQ.TO,2025-01-22,"Got $1,000? 3 Pipeline Stocks to Buy and Hold Forever",Yahoo! Finance Canada,https://news.google.com/rss/articles/CBMieEFVX3lxTE0zUGY3MVlCLUpHZ3VVMkdENFV5UjAzRkhRSzNCRnRObnAxeGpudmNVaUN1dnpKZG8yVFhkUG4wTGxQQXQtYmZYSUFJS0JaNWl3bmNwRjlTd1dwVzlMQ2p5NGFNUW11TzlOOC0xY2Y4bjA4cUhQamZXXw?oc=5
CNQ.TO,2025-01-23,Canada’s “Dividend All-stars” for 2026,MoneySense,https://news.google.com/rss/articles/CBMigwFBVV95cUxPck5sR05zN2tZcXNiSnZxXzl3X3EtRG1XMUp6RXlHdmRucU5Mck0xS1VpZ25jYmdYUWUyUXZ0S1VNMF9aOUM0UkpJeF9rZ1dHYTUybjd3Z3VhaTNRVUwwcVphNlpKYlJfSDNIZ0luSExxWkRjY1FxSUN0dkkyeGk1dnJ5TQ?oc=5
CNQ.TO,2025-01-23,Dividend All-stars past performance: How our 2025 picks performed,MoneySense,https://news.google.com/rss/articles/CBMijAFBVV95cUxNOTFFM2E0bkRLMnNlYlNhRlpFRHhjNlYwcE1qSFhyTklCQkJ1Y3pWbGNhWFRrdDYzZUd0YjkyM1VweTAyYzUwaHBoYWpPOXRMbEk2dFpFVTN5SWZhLUlNYmxHM2RfQVVfUzFoeUFfUDk3OGtWcFJmeVRaZ2xGSTZQSHF3Z092SDJ0N2JTSA?oc=5
CNQ.TO,2025-01-23,CNQ Forecast — Price Prediction for 2026. Should I Buy CNQ?,Intellectia AI,https://news.google.com/rss/articles/CBMiU0FVX3lxTE5zVkU1c21xZkJOWk9XTEc1N0tHSExQX2lCLU9iYWRLZFJfbUhOVGZQeU9wSnF0Q2p6WlhQd0R5ODZNdDJTampwQUVQZWctcW1sc2ZV?oc=5
CNQ.TO,2025-01-24,'We only have one card to play': Calling Trump's bluff on Canadian oil,Yahoo! Finance Canada,https://news.google.com/rss/articles/CBMigAFBVV95cUxOM1c1LWI4YWlIcGsyVVZCSURPLWJrdjJxWHBBcUtmLURRUEN6a3hBTXB2b1dUOFlXaGhXOGtNd0lXMFhkUldkZDZqYVRzNVk4aWk0dnROYTJNMElhd2RRZEFfdHM2VHdVV1ZWVTRTaHhxNUQtSmkwclpRbHk5Si0wSA?oc=5
CNQ.TO,2025-01-25,Canadian Dividend Calendar,Tawcan,https://news.google.com/rss/articles/CBMiWkFVX3lxTE9KWUdhSm9objN3Z1NuVmVKTXBqSTBnU3haWWdUQkdFcWV1QUM2aTYxZzlIa21NbEx2cmJZSUhCTjdaejg0bGY1SlJoRWU1YzEwM3N2ckx5UlNvZw?oc=5
CNQ.TO,2025-01-26,Why Trump Wants Greenland And Canada: Strategic And Economic Goals,Forbes,https://news.google.com/rss/articles/CBMiuwFBVV95cUxQTC1rRVV6LWFHUlQ0V0FYWTZFcm55aHc0WXQtVkF4ZVJ5YVNPQU1iT1JpYUxZanEyRGFWbTVKbEpkQ1FUUld6X2JRSUl2ZmRPZHktdjh1bEdSWURLeXhaYVptYWlQV3o0M21yRXpyNnUtYWpxNlZTZnhnVFdoUHFzdmNFSHhlV2JxQ0V6cC00VnpTelR2UlBSRE13bzRwSXQ1cVI4V3hLNElTel9qeU03T0k3QUItNm9HYWdj?oc=5
CNQ.TO,2025-01-27,"Top Canadian Stocks to Buy Right Now With $7,000",Yahoo! Finance Canada,https://news.google.com/rss/articles/CBMiggFBVV95cUxPcUY5YnJVaUlvQ0RnYnFaLWNJWE5VdG13aXpkR1pTMmE1R2R6SWNSX2JhQ1BWN2dwS2MzQ3g3b2owQ2h6dXE2RXN3aE5fZnFNYmZPT0t2TWczdlRwLUpXOGdJcE1tSnJ2NFp4SkxwRkwwdmdNRDdIeTczMHkxUWhVMDFR?oc=5
CNQ.TO,2025-01-28,The stocks owned by Alberta MLAs (2025 edition),The Alberta Worker,https://news.google.com/rss/articles/CBMiggFBVV95cUxQZnpFX3E4MDJTWEgyMkVQZFQ5dEZ6R0lSbkZSQnFteHVzM0VhMEphSHhxWjdMTnVmUnhqYmVaMXc3ZTBhZktPX2E0ZEZyNjlCeTJQOEl4SDJaMTRGZkx1SmlqczQ0SUNzUWFXUjdPZGJEQWFVMGZadEJ5TjVoUnBtNXBn?oc=5
CNQ.TO,2025-01-29,Shell increases interest in Scotford upgrader and Quest CCS facility and fully exits oil sands,Yahoo! Finance Canada,https://news.google.com/rss/articles/CBMilgFBVV95cUxQeFRRM3VsU0hkYUhGTU1IaTIwamtRSW53RWNodzRoeUdTZFJCdk5VcDJLeW42RDNSdjd4ZXMzWmNKQ1laSXMxVWVXdlVLbDN6SVFfWkNmQmcxNk1ib1VnVjdIdEpGaV9qM1ExcUJvYXk5M2lmV2lZSGZMZFFFWTVveDlyLVpxNWd2b0xUalNsN2tBTWc2eEE?oc=5
CNQ.TO,2025-01-29,Top Canadian Utility Stocks for Stability in 2025,Yahoo! Finance Canada,https://news.google.com/rss/articles/CBMijwFBVV95cUxNRXlaT1NWYXlhaHE0S3c3aVlMME1ZVUVRZlRDa05kbWFuSFMyR2NSeXRvd1NoXzI0TE5ld3FYcFQ1SnRqTXFPcWd0NmZWbFo0TVpmSnljTHRMeDJvUGRhMkxCb3hHcEVTWXhiWGtaSVp6aWVBaGNyZ3U2d1BZaWlXSDRfeVpBemg0M3RVMUYtTQ?oc=5
CNQ.TO,2025-01-30,"Birchcliff Delivers The Big Dividend Cut, But Problems Still Abound",Seeking Alpha,https://news.google.com/rss/articles/CBMiqwFBVV95cUxQN0JRazVGbllyLTlnR1hIbFhFZ1JvYWY4U0h1Z2hSMWMzSGJkZks3ZFZWa25LQ2hSR0ZFcU94cW14bnFQbjdTUjNyVUJXaGhndzg3NVdJbTNXY3VUMlpOMzkzMzFlYi1fQ2ZjdzVBTE8xbzNLclpNTEd6V2ljV2l1eXp1TzdXNF9oazd5ZndXbF82UmNKTjFOcnZEdG1GOTJLcEJVS2dEUVFkWTQ?oc=5
CNQ.TO,2025-01-31,TFSA Investing: Best Strategies to Maximize Your 2025 Returns,Yahoo! Finance Canada,https://news.google.com/rss/articles/CBMikgFBVV95cUxPRU9XbHg2Q1RoeURlRVhmUzRhMFdQVG1kbHd4STRWR2NjUWlCSC1Pb0oxSFdkNHAySW1FUzNYYWpsS1FXOTZlVWZKc29wcEFEMmlVOEw4TkE2UHBNZTlxdnRXSFFFdXA5MFVXMFdrZEV3MGE0VnlKZHA2blVQeEFEcDRrZ1dWbjk3dk1lSzFGTElKUQ?oc=5
CNQ.TO,2025-02-03,"Apotex enters the growing Canadian health and wellness sector through the acquisition of CanPrev, a leading Canadian natural health company",Yahoo! Finance Canada,https://news.google.com/rss/articles/CBMijwFBVV95cUxOM1dxOGRxSjVkdFVNbEJ0Nm95bkR6MmxJbkcxUGJvM3ZqV2dmWENBUXlObXpyaTZRd19Kb1B6OWRGMG9jcTBOX2pmeENwcVB3THBjUTlLd1BkUV9xS0loRE9iZW1ZTlBnWDQ5VEdnZldMNjJacERia1BwX3J4bXFaWEJCUk1odUdzZW9VczdLUQ?oc=5
CNQ.TO,2025-02-05,What to Know About Canadian Infrastructure Stocks for 2025,Yahoo! Finance Canada,https://news.google.com/rss/articles/CBMikwFBVV95cUxON1g2Sk04d0lxRk4yQzZkVEZRa1hYMU42NHVHOVY0dGtqaEk5NWRvVDNsSEdiVC1qZ2M2X0ZtMGo0ZjVlcGJ0cWRqN1lmSHpVY1BsLTBhTzlkclBpUDFJa0JNVmZ2WUZpcnJjRmRmQVZDZ21wcm5faVlMb2pxZW53YkxXQU91dHpoNmstUXNhUjhUWkU?oc=5
CNQ.TO,2025-02-06,Uniserve Communications (TSXV: USS) Closes Acquisition of Cyclone Systems Inc.,kalkinemedia.com,https://news.google.com/rss/articles/CBMiwAFBVV95cUxPUWhseUdxYUVxSFUzOVd5ZW16X2g4aFVoNDBwVERoUzh2cEczS1kyR3NwanMzREZ6bE1RM0xtdHZyU0I2NHMzSDZDZ3hrci1od3Nzd0NVS0FJZldLQ2hkWXJUV0Vjb2c2SVhIMEJrRWM5R1ZiWEF6WTBJa1hpZm8xc2lmb2JOQWRGaDV2U3BwU2ZqQ2RQcEFBaHFPTklESXRrTXdSeE81WmdFQy1TUnpEQjNNc21NT1V5dTJ0R3V6YkE?oc=5
CNQ.TO,2025-02-07,Could Trump’s Tariff Revenues Fund a New U.S. Sovereign Wealth Fund?,USFunds,https://news.google.com/rss/articles/CBMioAFBVV95cUxPaVNJYXBDSEh6YkhabzcySGhyVHVQM0h1ckZlbHg0RWo5ekNpM28xVHc4UWR4eEtBakhUTXVOMG94UnlRdTJ3M1RtSWY4RklqbTNDSTBoYnotZlhhemJ1T3k2RnI1V3JEb3h4R3cyc09MV0FWTktOUmo0bE9ubWp5bEhUdzV5al82Y2pJVUJlNTJZYkxWRU5Yc1BjLWhJcURI?oc=5
CNQ.TO,2025-02-07,Canada's first Indigenous-owned mining royalty company is eyeing northern Ontario,CBC,https://news.google.com/rss/articles/CBMinwFBVV95cUxOTDVRTnhubDdFZXA0OWhSSk5aczNrUmtlcFhfZkE0V0lna0trRko5aFpQZFhFc1FBRVc1bHJMZmZiMnlQVTVHRzJvbTFBRnljVkFOQnZmZ3NPOS1zRjdtVGljYTFOc1EzeHVaVTQ5X2lINm1RdnhTampWdHM1Qm5UTndWNHRDdC1Ua0dpZzcyNFIxa1lFOHpJQnAwU3hJcFU?oc=5
CNQ.TO,2025-02-07,B.C.-made critical mineral could be used as a 'reactive weapon' in trade war,Business in Vancouver,https://news.google.com/rss/articles/CBMiqgFBVV95cUxQVWZtWkhES3BINEdPLTBvakVDYTVPWlY4YnBsWHQwTDZZVUw0WW1UV1MwMXlIZGNiUEFaTjB0dVE4bzF0aTI4R2Rta1lyejJ4MUZFcjlyOExhTnc2RkF1ZU1XcnNjaUVsUnR4U20tR2d6RnhNU3dadzFtMmtqQjc5a29lV19ZM3lNMC1BWXFiSm80eUFYSVBpWU1RcUFrekJvZmxINUpCeGxuUQ?oc=5
CNQ.TO,2025-02-10,Monday’s Insider Report: Company leaders load up on these two penny stocks,The Globe and Mail,https://news.google.com/rss/articles/CBMi2gFBVV95cUxPQ1pRWGhjakhsZ0RsMUNEczREQk9ZeWY0bjJhS1Z5Y1hoQjhtS2hBTXZ2bTkwTEFFcTNfMHhTR1o4SnZKblgzdDhkX3JDSVUyRUctZGFUUUFKc1FwNnA0NmZWR25hWGUwakh5aXI4R3NIZTN3dVFmczBxOUVWZEZkRDQ5SGs2aDhmZUxPcHlRZDB0d2pfMnpEeGtvOEhPeGxPVUF0NVpjdjhDTEdEVl9leGlqWnEyZXpnc2ZTZjNQVEROVk5DelpoWHpRbGd4RmVYZnpsZGtFQkF3UQ?oc=5
CNQ.TO,2025-02-11,Top 10 Graphite-producing Countries,Investing News Network,https://news.google.com/rss/articles/CBMixwFBVV95cUxNSmZXZ3ptLWN6XzlIa2tsUlN6cmJVcElTSkVzS01SeXpQU2JBSnp2RG9NTWlrbkU0S1hkMmxpU1NjR2V1alJNckxaYmpnWDVwVHlUMHh2dTlNamtfREI1VnJzZ29laWloaldaZ25lTm5QdWlCTTRfeFBDRFZqbGFiVDBRLTczbS1zeGFoZGNXTy14UnIxZ29vdGxPck9Qd1ZPcGg3anB1bl9JTk92c1FRZnR3WDlMemljUnQxb3BNVlQtbE1Pc3F3?oc=5
CNQ.TO,2025-02-11,Outlook for Canadian Natural Resources Stock in 2025,Yahoo! Finance Canada,https://news.google.com/rss/articles/CBMikwFBVV95cUxPWU5QeTlqcjNhNExSTUtRZDdRaGpwWEZaM3Y0Y2N2NTBTXzBsMVdXSHdyZUhKLUszZ3U0WlloNVkzZWd6V0dENlZjT05oMTJDUWFGSjIyOWVTajc3V25wd2sxaHR0Zl9VeHBYOXFnLVNWcndvU05jc0JwYWxyOUMtLXR0dTdtakw5V3FLVlVUblE2cmc?oc=5
CNQ.TO,2025-02-13,3 Reasons to Buy Enbridge Stock Like There’s No Tomorrow,Yahoo! Finance Canada,https://news.google.com/rss/articles/CBMigwFBVV95cUxONzJaZl9UR2JLOFpvaXhRUi0wWWpVOFowZjhZSU9ETWEzS3hPSjhHcUF6cDRZYjJhajFXU3dGUEowcmZJMGk5TWxCbG4zSWo5eUFJWWRMUlQ4WF9wcEVYdUFRcVdTSkVkeVJ5SFM0ZEtQeVhjeFZON3ZkNzM5c3p6cUtRaw?oc=5
CNQ.TO,2025-02-18,Better Energy Stock: Suncor vs Canadian Natural Resources?,Yahoo! Finance Canada,https://news.google.com/rss/articles/CBMihAFBVV95cUxPZzlKSmhIdjdyTU1tMnM5M0R5bnVzMzhjOXhKVW1IcU5ETWhQdHQyM2JPWHZqS19pbHgwSC1uVmVSVXRYWmtQYzFyUEt2R0VyeFBjN3Q5T2lPOXNRSkdUTGJwMlA5MGJnZTVRaFZnYkdhTENTbEpaM3UtbUFqZzQ3aWFZYVc?oc=5
CNQ.TO,2025-02-18,3 of the Best Canadian Stocks to Buy for Conservative Growth,Yahoo! Finance Canada,https://news.google.com/rss/articles/CBMigAFBVV95cUxOUU1yeUdndU5RN2xTY2dqdl9wQjVCeUdBM1B0UHVwU0tLNXZwbzQweW5ncnE4Qm90YllVY29Hb1hBalVfUWM4ME9tYm1wbHMtVFB6Zjc0blRuSmVPbV9ZQ05OMVBMUkpWVFVERDE5TkhiUlVQcVBPWTdJdWZWMk5KZQ?oc=5
CNQ.TO,2025-02-18,Mining for Defense: Unlocking the Potential for U.S.-Canada Collaboration on Critical Minerals,CSIS | Center for Strategic and International Studies,https://news.google.com/rss/articles/CBMiV0FVX3lxTE1YaXpSNDluZllVVENMQmRHMi03QTh5c1RqLWYzT3o3TGJndlpsTFlMUFo4RVpaQnA3NmU2NG51eEpXelkwTnBINUMzSmtvZVVpTWdCMmdyNA?oc=5
CNQ.TO,2025-02-19,"Canadian Retirees: 4 Big CPP, GIS, and OAS Changes in 2025",Yahoo! Finance Canada,https://news.google.com/rss/articles/CBMiggFBVV95cUxOOXhwYzU5b0xPbEM3cnpKdjVoWkkyN3V0ZWxkUExudGNUc2N3U3c4TzZyWGdudFR2bVNvWWVESmJUS3E1UHNZVWlvOUlTYkVmLXFhWWdUVldqaW40SE9BUzNLWkVUQTdRd05HbGZzelBWaVVPWXdQNHRaTVUzdkZPekxB?oc=5
CNQ.TO,2025-02-19,How Rich is Canada in Natural Resources?,Visual Capitalist,https://news.google.com/rss/articles/CBMifkFVX3lxTE9hbUVUeUJqMXdpUnVxY01lNlR3Zk0tQW9wZzB2OUdCOXZSSXRlV2N4dlFBTUFqT1N6bXVYQVlkdzY0QlVXWm1yMEVHd2Q1SmNjaXp2LU42V3NaUHlGdGRIcy1wV3JBdEpaSUdOSXJvNk1KQTJMTS1NZDM2RjVVZw?oc=5
CNQ.TO,2025-02-25,Canada’s Mineral Exploration Tax Credit Facing Uncertain Future,Investing News Network,https://news.google.com/rss/articles/CBMickFVX3lxTE5EMVhHa0hWejJmd0lETTBDVXBSampxLWNjT1FmNlY2dTJ5MkF6Yy1VeFQyeG5JNjVkaURIMVFoaWJYVmg0SW1kRXVvUS1JZ2s3dV9wRXhsVkd1ajVNQ2lGczdYQlQ0UEw5MG9fSUxvWDhMdw?oc=5
CNQ.TO,2025-02-27,3 No-Brainer Energy Stocks to Buy Right Now for Less Than $100,Yahoo! Finance Canada,https://news.google.com/rss/articles/CBMigAFBVV95cUxPeW5NVXoya2dKb0JBMlJfRXVIdlNLMms2bzYtR1FUeW1Vc1YyU0pGRWdfbVVudjRTYTJTNE1INzBKT1I1TDNCRFIwX0VocXdfVzJBQXNiV1NfTHp1NFBFQnJmSUhjMElzRGt3eFFQakY1VEdWSl9TWW84TFFoUjNCTQ?oc=5
CNQ.TO,2025-03-01,"Trump won’t admit it, but Canadian potash fuels American agriculture",The Globe and Mail,https://news.google.com/rss/articles/CBMiwgFBVV95cUxQZGtpT2dCaWw0clctRFliaFkxNHh1dFZoQ1dxQXZMN3huTGpQQWpRV1NMVmVLNWRvOFVPLUNCVXNjdGRQX3FxWWtsZkZvS2RqWGk0UGljRlpIYzVEZ0pxX0U0N2JWMExPblZCTy1WQnlFVk5sQXFDdFlwUnNpT3U4SmNqTEd0N0laWVVxR1AzOHJxVlAzNnhjeUZLVWhvMndTUU15TlpwcHVHdHBSM1luNURGMm9qYjRGT1c2Z2czc01aZw?oc=5
CNQ.TO,2025-03-05,3 Top Financial Sector Stocks for Canadian Investors in 2025,Yahoo! Finance Canada,https://news.google.com/rss/articles/CBMihAFBVV95cUxPZ0VzRmt0N0Q2eGdhOVZHdGJtRjdNbzk5X2VnWjRDejRoeXlVRjlnOFA2cEduakdOTUs4NUwtN2dycE85bGZNclVQSUtJbGVwWGtjS2xSdGYwSVRaSFVRQjRtRnhBRVJ1STk4cndCanZfX0pZNVM1NGNOV21uN0dvbkpxeUU?oc=5
CNQ.TO,2025-03-05,"Facing the U.S. Tariff Stick, Canada Holds the “Critical Minerals” Trump Card",NAI500,https://news.google.com/rss/articles/CBMiqgFBVV95cUxQd1JoTEZDcG5DSkZHMC1oeXQySXNNNnptclJjaE5xSmhMb3kxTUFGaFBJTGRJQjVkQmM1eFExOTBFRXN4dXB2V2tUb0xmdzVaOFJFRGM5c1dNTG9waDJ6Tmt2NmdOZEhjUXNkZU5HYnpZY3dxNlBKS2t5TGJYXy1IanVGOTYzMFpuQTdDUVFrOXJENVRyNUs0UFVtOUFyLUhFZDF1b3QxanBfUQ?oc=5
CNQ.TO,2025-03-05,"3 No-Brainer Energy Stocks to Buy With $1,000 Right Now",Yahoo! Finance Canada,https://news.google.com/rss/articles/CBMigAFBVV95cUxPNEd6anJNMkt0NGhKMGNnd1JmcXNIbnlHdmdhdVFUS1UwSDF3VHM1NnBRZDRPTzNMREpCVk5MNEF2NThHdGdlaEx6NHFSTnk2cW5ULU40ME14STkwS3pKdlhlcGlLWnRWMlc0cTBIaVcyTUVHckYtTGt5bU55T09LXw?oc=5
CNQ.TO,2025-03-06,Canadian miners flocking to the ASX,Mining.com,https://news.google.com/rss/articles/CBMia0FVX3lxTE9fdTNJbVN0NWpES25CQ0s0Tmx6eVdYak1CMGJ0bjBBSXNXNUFOaXRJVy00MlRWb2l0d1plT1BEaWFDenN3MWJITEtfMENzazM1cDFTSVZRNGxFaVdjQ3VMVHBtMFIyRmxRdFlr?oc=5
CNQ.TO,2025-03-06,Canadian Natural Resources Stock: This Forever Asset Is On Sale (TSX:CNQ:CA),Seeking Alpha,https://news.google.com/rss/articles/CBMiogFBVV95cUxQdHJzSVl3TWtmc251UmRlOHRpS3BQWlFSa00zSjlNZjFOZ2ZtZTMzRXh0Q0FOdS15UjFiQ211aTJTOEt6WFByaUdHNTVTSC1yZ21sVUZzNm16U29LcVpHVWszb3puSU0zTlptbWQzdUlQSHFSQlJ3bUtudnh6T1VZa09IZUFCamFZT25wcmZmbVBuVjhnOVVkOEhZdTI1eFhLVkE?oc=5
CNQ.TO,2025-03-06,Canadian Natural Resources Limited Announces Quarterly Dividend,TMX Newsfile,https://news.google.com/rss/articles/CBMiqwFBVV95cUxPMVpuM3gwZUtTdHhzR1dfdGxMYkxiMUZvTHU0bkhyc0luajgyaFFsT25KY241UjVjeGs3ZkpSS0lLLU02UWNkcDd3a1duNVNlQ0dFT2JXUV9Xc3RBQTlLZDdNVktPbDhMaF9DLWhqRnBPdWU2WlNHRUhpVkZ6aFFzY213WHd1d1JpQVNHOEdQeWc5UFQxbHN5NE81elhIZUV1dzR0R2tzZkRWd3c?oc=5
CNQ.TO,2025-03-06,CNRL says tariffs not changing appetite for acquisitions,Global News,https://news.google.com/rss/articles/CBMijwFBVV95cUxNRU1ZRFBWSXB6UGZIbmdUaDc4QmxsTGhGR3FERnRqUFNibjlfUHhnMHBDaTJqR21xTzJDSVFGeVRMQm9uclZ4eXVmN3I3eTAwRk5lT3lXR1dQWlJRZkxiOHNLbWlNUHlFT05HcHMxZVZrSGlNb01FYlpjcGVvQ3dwSGlqMFNpX1Z3NmRocGhabw?oc=5
CNQ.TO,2025-03-07,Trump Tariffs: 2 Canadian Stocks That Could Profit From the Chaos,The Motley Fool Canada,https://news.google.com/rss/articles/CBMieEFVX3lxTFAySVZRNk1jNzNRazdwTUN1M0pyVTdFRFUtSzZSZ3F1eTZCQi1BQTdiaUszY0FUTnkzcjN2MTBjMmlfZ3VZYzkwcm9MRzhmTkUtRDNGTTJGeVBHUTlTaU84UXo2UTd0SjZZTVZpOUdQS2wzWXc1MFBQdQ?oc=5
CNQ.TO,2025-03-12,Texas-bound: Canadian politicians slam U.S. tariffs (politely) during visit to Lone Star state | RCI,Radio-Canada,https://news.google.com/rss/articles/CBMi1AFBVV95cUxNcVNDazU1RlpWUkY5Y0pyQ1BEOTRzT0hQM293ZTJBaXBmTHY0ZkJsSlRkRDdyUWVmVjRKTUI4YUhrcmJtWF9NUG0xcy1LYTlrN1ZEZHZ4OE9aTTh5YVZjU1p0ZEZKcmlNQ1VBOC1ORGxMZk5sS013SHJoTkpNTU40LUFpa1ZiWnIyWi0ySUJZbHhHb204aU1FMlBRWWloSks2WDZabDVraFY1SHNJYTd6djY0aDluTk9halZtVUVub0JicTVEVUJXUXV5VWxiQWhybEdScQ?oc=5
CNQ.TO,2025-03-14,3 Top Energy Sector Stocks for Canadian Investors in 2025,Yahoo! Finance Canada,https://news.google.com/rss/articles/CBMigAFBVV95cUxNQmdLOWV4Nm1WNDVLUEtSSldoaVYyMmEyV2QxbkF0ODJxZTBiQzc5NE1XZWhvZXB4UmZuc3h2NTdyakJHNE9WTTFDLWU5R2NHd2l1eENfYlNFb1paRDF1QlVkb3NlNUpjcHo1UUVlZG96TXMtNjJwelUxRjJSNjJ3RQ?oc=5
CNQ.TO,2025-03-14,"Rick Rule’s Top Picks for March 14, 2025",BNN Bloomberg,https://news.google.com/rss/articles/CBMikgFBVV95cUxQM2RRWlczaUxKdDVqamhmSVg2S1IyMV85WlEyNmVNdDdjUlRMb1FiU0RreTdjWGlYd1VOMEVvZzVpNUhvbHJKQ0xMaHFPTHNyQUdOeU9VU1hUS0ltbmJuVHlfYld1Y19yTy1jQk5oVUQtdlhkOXFtLXMzV014N1QyMTZLS05CR0RrWVhtTm81c1ZVZw?oc=5
CNQ.TO,2025-03-15,2 High-Dividend TSX Stocks to Buy for Increasing Payouts,Yahoo! Finance Canada,https://news.google.com/rss/articles/CBMigAFBVV95cUxQbkFwdkMwci1NOVJ4NGNNSmZqZE5jM3NrdjN1UTBZZl90b2REUzJBcTdoamRsWkttcmF6OXJnUlJyNEZPa2JBYkNRZ3BqSWJGYzFHQXlRaHRhTG9pZDZPRHBscmpDeVhPVWt0MFlxdzFRSW9mTG4wWkhQTV9zQmdZQw?oc=5
CNQ.TO,2025-03-17,"Unlock the Potential of Natural Gas Investing: Stocks, ETFs, and Futures",Investing News Network,https://news.google.com/rss/articles/CBMivAFBVV95cUxPakdRdVpETV9oa09MVW1za1g5QjlCcnBJUnhDd0R1ZS1SQlR3MUwyVVlkZnNBNWJiR0hVNU44ZTJlcjVWQlQxSmFwc0ItSERsUnh5a19wa0xXWkNZb20xZFBhXzhlWDRqakJpLVJrX0dmZmlDS3JsSUxraUtVYmFOWmNlZEY3RTR1OWFsNU9aa0NLWEFjeXcxM1hKbWVVNDBiT0V1N3E5TEUwR3picWJrUXEwdTBpYndVNUdzeg?oc=5
CNQ.TO,2025-03-17,Diversified Energy Completes $1.3B Maverick Acquisition,Yahoo Finance,https://news.google.com/rss/articles/CBMihgFBVV95cUxQZDZmeF91bnNqODhKcy1JQ0RZaTBwcHpRRjdFMXdSekF2aWtyZy1EZDF5WThJR0ZVYTF4YjVqN1EtbXlWWjk3cjJlMnQ1SUphdUlYM1k1MWMxVlowZHNkRWVfVzdkcVFlQTYxdGtpZ1E3REQteExaSG9Gc2tudUdZMWlWQ21Sdw?oc=5
CNQ.TO,2025-03-19,BUILD CANADA NOW: An Open Letter to the Leaders of Canada’s Political Parties,TC Energy,https://news.google.com/rss/articles/CBMiwAFBVV95cUxQOUVvUFJxSkNRcnZDNlpvUkV6ck9yb0xJQWkwNVc2V0xBSHVkU00yNjVYd3lCcjVlQk52RXRsS2RYdXVxWkZNOUotbDNvS0JKRld2dDBpalp3ZXNsNU9keUpKRFFXZFpmaG1BRElYVFV3bmVKcTZweTBVU0VOWFZCSXd2LUF1bzIxVXpOVGpLelBuMExaN3RHQkUwWU5naGNiT3hzQVpQTERjUXJ2dURSUG12cGY5WXd3bWgyUGdtcWE?oc=5
CNQ.TO,2025-03-20,APA Reduces Workforce as Part of Cost-Cutting Initiative,Yahoo Finance,https://news.google.com/rss/articles/CBMigwFBVV95cUxPcFRManVKZnJPTjR6TXlTU3hwd0hVNjVhMGpUZEdTWFpselVfSlAyanNhRTl3cDY2VWhtSUllalJmU1ZEZWc5bHcxX3IyN05kbkdxYkluTXNXNkZmczdXRDk4MUxCMFJSZ3BPV29BVURtQjNKVGFWVmdid0tvakYtUm51QQ?oc=5
CNQ.TO,2025-03-20,Autodesk Says Willing To Review Starboard Slate As Proxy War Heats Up: Retail Mood Worsens,Stocktwits,https://news.google.com/rss/articles/CBMizgFBVV95cUxPVE1OeGlhM0Z0ODI4MHNrT2h5TndLWE9oYXpPa2RSUHEtOUVCSFBQLUFnSUg1Ti1zWDJINlhNY2lPWXhudlk0UXc5cl9JZ2RqemJudDNNZlpManlpYW01NHoyOExFVjU3eWtQd3dsb0N3anBWU1VtYVQ4X0hQMHNnQ0RZekJUeDhKM3laaFUyWm5UVUdiTS1qdG1IQ1JCd0FJWWtZRG5hNWJXV3ZSNXBsY2JPbnZGd0FsZnFHNkdVRVJFYnBrMnZDQWhXOGp6Zw?oc=5
CNQ.TO,2025-03-22,Peyto Exploration (PEYUF): 8% Dividend Yield Might Double In Two Years,Seeking Alpha,https://news.google.com/rss/articles/CBMitgFBVV95cUxNWTNITEtmbDNSWnA0R2VLU3Q3cEhMcnZweHcyNUFibE1FWDJRN0pXNlhtdkw1QTAyVzkyamNMZ3JSalpHTHdDYUtFYzIwa3dzQnFZV0cwamRhWlBBM3dEazZRTXI4TWwyVFZDaHlLOXhFRWc5WlVXS2cxRlBGMkRSckZhazVDQm1QNVdvVWZTelZQQ1dyT1ZiZF80LXhuMEx5MVVQazRpTE5kRC1JTi1acHhEbXZhdw?oc=5
CNQ.TO,2025-03-22,Charted: Share of Freshwater Resources by Country,Visual Capitalist,https://news.google.com/rss/articles/CBMiigFBVV95cUxOSlJzbkw0SGZpc1lmYzdWSzJvNHBOb3lsRE1HS2syOGh2VGhOVE5ZWmRld3BGQ1o2T2hlb1A3SEZneW55MXhuSlBiQU1jc3QxTVVPaVdhZWpIcmxqT1hicFRlYlZTN0tWVVBwTy1xWlFkT280RnU3OVkwTnJWRGg2ZGVOOXNhSlhxRlE?oc=5
CNQ.TO,2025-03-24,Why foreign companies are driving Canadian LNG projects,Canadian Affairs,https://news.google.com/rss/articles/CBMiogFBVV95cUxQSzN1bUVnVnZNU0pIeWtPeXd4Ul9ISWxGSDBfdFBRTDJwXzdHUUlpeTI2UDk0elFvd0FjRHZXLUc0THV0eTk3V2NRMENvZHFYZ0JMSGFIUi1fZGd5YkZoVjNuaXhtUEZuazQ0ZVdkWGJLSkM1dVNLclh4dU5hcFNCZXkzMlY0ekNhcXFNWlAxbmM1a1VENHRrY3c3TWVjZzBWSXc?oc=5
CNQ.TO,2025-03-25,Better Pipeline Stock: Enbridge vs TC Energy?,Yahoo! Finance Canada,https://news.google.com/rss/articles/CBMiigFBVV95cUxOTnZ0ejdtLWtmbzNGdl9uSU5pUXotRkh2Q3laaGxBOEpIcnpwRVRscEpYX01tYzZMdjk4elQ4WVBYQXlkQW9DdG16eDZrZ1FxWGNjVFphM2RzN0xIQm4tTjg5bnBKWUdJRnl6bUozXzBMYV9RTVI4dUFyZWdGSWFVand0VlVqaEhFLVE?oc=5
CNQ.TO,2025-03-26,Bell Media Acquires Majority Stake In Sphere Abacus: Distribution Move Comes Alongside ‘Northern Lights’ Programming Push,ca.news.yahoo.com,https://news.google.com/rss/articles/CBMigAFBVV95cUxObFFXSkdsekdLQWU5YTFid19ERkJITUtUaGlLMnNaNEZTWEdMTnJjdU5PcDktbjdReGJBTWZKTVRzWHNTYW1feFZhc3JsU0YyeFlPa0xjUUxOcmNwcE5ZcFg2MHRVMGt1U1UtOE1WUWRPREtWT3c2eXlnaGFoYkJrUw?oc=5
CNQ.TO,2025-03-26,Top Canadian Consumer Staples Stocks for Uncertain Times,Yahoo! Finance Canada,https://news.google.com/rss/articles/CBMijgFBVV95cUxPWGpHeUUzRXlGb3FveUpveUJBRzE0aDdES09ZdGQtLU1GX2ZQZl9nYllfY0V0dVNGc1czcWdvUFpjMUFDVmFJdWZFdmY0SG5jLWNDc1RLb2lBUXk3TEgzaDcxLWY3ZWlWNHdNSTFLdEJpUDJpODJ2X0RrUTYtRUVWTzVfdmRKMEVDUTAxcWFR?oc=5
CNQ.TO,2025-03-26,Strathcona Resources (SCR:CA) Stock: Ever Heard Of Them?,Seeking Alpha,https://news.google.com/rss/articles/CBMihwFBVV95cUxPeUllVzI5eGs5Y3NuZEhaZXRHSExfYllXOGV4Nk5PUkpFR1VQNEptTW40cUFqajNEWFBNRVMwY1J5d0hTRVJhRnhYQ1FQS2cwbUZvc2JSYTlHNXgzMXRTdU9LR1FTZDZhbnJlVjBQdnFxQkpSRUhjYnJJYnlrOWVzeEZpOG5MOGc?oc=5
CNQ.TO,2025-03-27,Top 10 performing mutual funds in Canada to look at now,Wealth Professional,https://news.google.com/rss/articles/CBMivgFBVV95cUxPSGFrTTVjd2xtbGw3dTNMRms3MmVmQUlteHFkSVVfcm4zdUV6UHFjMUNqTm52LTlBNG9wTjhLLU9FbGs1eUNnZVF2STFwenkyRnlQTzhiTW01elRuYzJCZzNQQUYwWGs0NFp1TmxzN1VqdFZyaGxBNFVjSURyelJyR3hFX09ROEJBVzE2bzVLZml2ZjZTcDk4Y0FZcWl4M05wUEZyMGZ5ajFRRVdSakI4UzJWR3RxMEtEWjNyMGxR?oc=5
CNQ.TO,2025-03-27,Canadian Defensive Stocks to Buy Now for Stability,Yahoo! Finance Canada,https://news.google.com/rss/articles/CBMiigFBVV95cUxPTmhqU3dHM0JKUmJaTi1USjlZdlRwcGFEeGU5aUZ2ZkZ0LXh3YkdMVm5fQm40bTdzR3ZnbngyVUx3SXkyY1p1cnZNODREeXdiODN5cDdjdlVvd2lYeXV1S1ZRMm0wdnJlTklBbjVYQi12bzRhbjNUZlRUcVMzYjlrNmFCenpIZ19qakE?oc=5
CNQ.TO,2025-03-28,3 Canadian Oil and Gas Stocks to Watch for in 2025,Yahoo! Finance Canada,https://news.google.com/rss/articles/CBMif0FVX3lxTFBVQlhtQXdJemNSaXk2TUlxSlNHcDlNRkZkd2pjS1AySGVRX1Rza0NtUzNCcnV5TVRFYmFLSFhWdmpxdHNIaFZFM0ctSFpQQTdvQ2t2Y2NMSjgtVGh6NXFhWVpQM3FsTDJRcXhPT2pJb1o5YXRfRTRaZGFmdlpYS00?oc=5
CNQ.TO,2025-03-28,"China's Rongsheng Petchem opens Canada office, buys crude from Suncor",reuters.com,https://news.google.com/rss/articles/CBMiugFBVV95cUxPU0kxU0d1SnZVZndJb05SeWlqcTZHekUtY2h3OG5weEtSa2V6OThLck1kcjFPdGJlRWJkclVBaFY2b2RpSjBvTk1VbDJHazcyYjBNamU5YUJyaEJJMWFrN0ZVMk1IOGJQeHhnZUp5MWU1Vl95Qzd4eWR1LTJSQW0xTXVZLWZyOGt6Z2ZCVExRSFhqLURvTU42Y2NvUlpCVEh4c19WbTcxbDBiVktpT1BRVFdqYUM4cUhFaGc?oc=5
CNQ.TO,2025-03-28,Why Sudbury can be a critical minerals processing hub to the world,Northern Ontario Business,https://news.google.com/rss/articles/CBMi0gFBVV95cUxNNjlUVFdKVnlranNZekkybmozaEZWSDl4eWRPMXdxLXJRZzJ6ZWl0R05EM1ZVNXdMMGQyZmJvR0hQQlZYVW9DdEJGdUVWanREYWx3c0kzckQ0eWVwbUd2Nm1adkNtSVNGRnd1SlpJd0RyLXB2VGNSdVpsMVJDQmJjd2xIei11M3g1Sl9LOEJTTjNyT3FuWEs3WThLSUtkNnZua1gyTjVHcUplLVRSVHhIdGhPdXgzbFJ6UG5vdHNOYXRzWnFLY29RWU9JOExGTzlaQnc?oc=5
CNQ.TO,2025-03-28,Best Canadian Tobacco Stocks: Top Targets for 2025,timothysykes.com,https://news.google.com/rss/articles/CBMia0FVX3lxTE5CX2h2aVR4aUZseUJ4ZXRuZExpY2IzVUpWODZuUjE0XzZDRVU0cUtTU0U0bWl6cTA4akc1eHdGNnBNeG03a1RBWDdoNm5ZbUpNcDJmQTF3MkRITkNEQjFKTmNBMVdoN3Uzdlgw?oc=5
CNQ.TO,2025-03-31,Best Stock to Buy Right Now: Suncor vs Cenovus?,Yahoo! Finance Canada,https://news.google.com/rss/articles/CBMif0FVX3lxTE1mSlhLY0pFWmRJWS1IclNZdG9LNG1vRnlKbmg4MjhwTm91VDl4NVkxc3ZWMWtTdFpmR0NIN1RYOW0tOGpXNnUwRGZzd0g3NEpGRDVqWl9Wc2x2UXZFRmtFZUdiT3dxWGVkeXF3S0lXTnphLXAtTDVDQUpNS1NKNDA?oc=5
CNQ.TO,2025-03-31,Buy the Dip: 3 of the Best Canadian Stocks to Buy as Markets Fall,Yahoo! Finance Canada,https://news.google.com/rss/articles/CBMifEFVX3lxTE9kZ01iR250bFRCcmVjUkN6cDZzQTduUU5BV2J1eW82bmVKSE5Fa2RjSXJydWI4Z280ZDNsVEUzUlNoNV9xclNoMkN4SjFjbEFIaUdObWpmM1REemplM1dmbXBnbk56cGxSamdpSFprc3JiUjd0VVFWSS1ad0s?oc=5
CNQ.TO,2025-04-01,"Meta loses its AI research head, as billions in investments hang in the balance",ca.news.yahoo.com,https://news.google.com/rss/articles/CBMid0FVX3lxTE4yWG1naEVXY0VscEs3bkE5elFwaF91dlZZdHBza0Npa3poYnFtRXVwa1NjcVBCNWdwUGtKd0tsZFowcVZVRkZRZEItb0V1b3YtSVZxaEFOdWJrdmJiV1k5Wmk5cXpiMFljQ01YLUpzRjJFVmhwMDU4?oc=5
CNQ.TO,2025-04-02,"How I’d Build a $15,000 Portfolio for Income and Growth With Canadian Value Stocks",Yahoo! Finance Canada,https://news.google.com/rss/articles/CBMifkFVX3lxTE13OGo3bFBSQXN0MzFyMmZrdzRIU3ExdGZtSml0VFJndUpPQmZ4c3JRUXo1N1NqaHh0WmMwMFh4ODRlRU4wdVhUUFUtS2lOSW9PUHJhdDJQcUliRWRrcmNBeU1iMFJpd21NZUtGS2E1UnJpR2NhYkJCSURWMlBxdw?oc=5
CNQ.TO,2025-04-02,Uranium stocks dumped as market ‘paralysis’ intensifies,afr.com,https://news.google.com/rss/articles/CBMiuwFBVV95cUxQem51OGw3eXBoQVpaclhSRE9WMEtVYjdaRW9SLW1tQnNCYjU3MUVGRWNfU0JndjBzOUU2UmxBZll2OU1IbVY0aThoRm1VYlZtbDhDUE1yTDFUelJBUXZQMEw1U2tPeG1zTmtNc0hBRXBBMDlfUUJuSUN0TF82WE43d2d3ODJGVGQ2T3o1NjJTNnRreksyMUZ2ejRBcXZhenJEUlpYZFVPLVU1N1lla1Qtbms2eTd3Y2QzQjFF?oc=5
CNQ.TO,2025-04-03,Jurisdiction spotlight: Mining in Canada’s Northwest Territories,stockhead.com.au,https://news.google.com/rss/articles/CBMinwFBVV95cUxQVklWN1NsTXZqS2ZpdFA4ang4dlREN1lfY3BOWmxKVWNtUUU2R0Y4WWl0djAyMU9pMlliS3Z2dUdVTG42bDM1emlrN1lpRld0akNabU5JV0hsSEVrQWVIcWpsUnExaWlhdUxrNHhmLS1DR3VZNGN1WVBzTngxQTAtR3hwY01XX3R6QnlqSGdQa1Y3Qmk2aUN1RDNLcWd5a1k?oc=5
CNQ.TO,2025-04-05,3 Canadian REIT Stocks to Buy and Hold for the Next Quarter-Century,Yahoo! Finance Canada,https://news.google.com/rss/articles/CBMigAFBVV95cUxQMWtZT29HQmtxQXlNSE1aOVpCV1huSEpBbGZCSl9hNkpnc0RhVjNmYmU5UlM1WmhNdktFRnBaem5TdEdZeWlxLVlLcElscXR6SlNpYXRITmdGN2NKWGVZbHlYUjVRaDkzdXM5T0ladV8yZ0hkYXMtX08tR0Qxc2RfLQ?oc=5
CNQ.TO,2025-04-07,Carney lays out plan to help economy along amid Trump-induced market chaos,Radio-Canada,https://news.google.com/rss/articles/CBMivwFBVV95cUxQaXVWZEd4bkQ1QWRiZ3lIX1JvWWpFVG1HOVZRNkhtY0tNMmlWMWJYTGZBaXhnTDk0dDVqY2JKRGFiUzRKbWJMV2cxbjVubU9ndW9vR1RSaWNWSTNlWURYQ0ptLUYtYzlfazQwYWthTloyOW13WW9JYmJ2QjY5aDNVSm9JRWoycUlGeUNIU3pyS2pKRFRQWTB2QmNjekVFUms4d3JLOWl2NUtwdGlKT2NmeEhtWnhzWFFSRl8xM0VCQQ?oc=5
CNQ.TO,2025-04-08,Canadian oil and gas producers ‘looking through’ market volatility: CAPP CEO,BNN Bloomberg,https://news.google.com/rss/articles/CBMiwwFBVV95cUxPcGpTbU1nWXRsUzd4c3B4Y2dHYmxPRThXNDVFUVNPQ2xCSGRXQURCcjhjTWhmSGw1dDJxZmRacUljYU1PWXNXRVAzS2cwNF9iQVItM1RvaEdoWVBvNkp5Nng0ZlZKVE5fRWNQckszcWszTGlYdS1oZEJOcmZFbUlldzBqM1N1ZmdpdU9oREIyQWZSbkstN1o4QmZHY0FRbllGTTJ2TmlUTE00WU4xNVdxT0JMYjF0dTRrYnlBd1hXT2V5R2c?oc=5
CNQ.TO,2025-04-08,Canada’s Arctic: 3 surprising ways to cash in on the North,Yahoo! Finance Canada,https://news.google.com/rss/articles/CBMihwFBVV95cUxOUm50T3N4TU91dm16bERYcWpnNElQTWtGS3EwaGhTTHhmY015RkdvTUxtZ3o3dHZFd09uYVVid3Q3ak1SLU53YkdxV2FCRGVUdmMxM3RMX3BiWU1JVXhhbWZwSmFzWmRmSUdiWXVwOFpiX0JwOFBhSEtYR2w1bjV5M3JFbWRzOTA?oc=5
CNQ.TO,2025-04-08,"Building A $100,000 Dividend Portfolio: Enhancing SCHD With April's Top High-Yield Picks",Seeking Alpha,https://news.google.com/rss/articles/CBMiwwFBVV95cUxNMHBzb0pORHhSSnlkTDlqU2lpTndYeTZ2a0xncEQwN0t1b3JUUE9YampVWXZ5cmM4RjJnWDF4QzhnNnNwdVE4TzNOaDlaRC1UY2JvQ0RzQ3M0eVpSZ2NRR2pYNE82NTVXbzEtbFF4a3huRDNtc3BwTG9Ddnhsc05iS0pUaWlnY21VOThwbnFqbExqa1FadGd2LVNoWHotYjNzMWZnN2l3a1paclAxRnh2X3JsdUxSdHZzeFhaYXcwVDFWWVE?oc=5
CNQ.TO,2025-04-08,Why these 38 stocks getting trashed in the tariff crash are primed to outperform the S&P 500 over the next year: Evercore,Business Insider,https://news.google.com/rss/articles/CBMirAFBVV95cUxPOUNzdTJka0plandpWU5jMzNBdTk1MFZtYVRuTFYzcEc1OFZQdTNLVUxlQXY0aDBKeGZxWHRvdlJua1VlaUR5eFhVYjBlWGFRYnQzeWF3SC1XenZBTlJVelBqV29fcnROcjU1dFNIRE5TY3JOamI5RW1kZElYdGZxaUhESnVNNW9yTjFRUkVhVEhrWlRlVkhyNlk5V3BlWkNsMGFPNm94bGFBR1Bp?oc=5
CNQ.TO,2025-04-10,"How I’d Invest $20,000 in Canadian Stocks for Lasting Generational Wealth",Yahoo! Finance Canada,https://news.google.com/rss/articles/CBMifkFVX3lxTE5fUHhyX0MzaEtaT3h0elZaWVphSXlxNlFCUl96eGMwVk03MW0tbkhaUm1INTZ1ZG1takc3NDE0U1h1VW5nbHYwYTl1Ylg4MWFtTTQ2VW9HaFpPbUpvcTFaS3JTNXhmTUFxa0dqRklJM2pqYlcwRUlvNjBsaHUzZw?oc=5
CNQ.TO,2025-04-10,"CNQ Stock: Buy, Hold, or Sell Now?",Yahoo! Finance Canada,https://news.google.com/rss/articles/CBMifEFVX3lxTE1MTkMzbV9zendXMV9rSTNyZW50SkRKUFFIdEpaMFM4bkp1YVh6T3pxMEdwX1hKTjk4Z0dZZlNJd1QwZkpLN3hEdElYTm1TdER4MUpuWWJBcXR5NTlFX2V1U2pYRXl3LTdXcW1sQ1NSbklfSG5VUFZaZjBNdHI?oc=5
CNQ.TO,2025-04-12,Largest Energy Companies by Market Cap in 2026,AlphaSense,https://news.google.com/rss/articles/CBMidkFVX3lxTE9YTERpNW9NR29vcXZNTU5KanBRMTRxZkh6LVp6b2ZRcDZHU1NBSV9nTW5JbWVxcnNYR1o4djIycGQ4c0pHeU1NLWVLbThEMDVJclhMV2hBdnlNUUlaUEQ3YWljS3pVTlhoV1ZKendQLUN6VngxbUE?oc=5
CNQ.TO,2025-04-14,"Enbridge Stock: Buy, Hold, or Sell Now?",Yahoo! Finance Canada,https://news.google.com/rss/articles/CBMigwFBVV95cUxONXBlZjhGcFFPckJiajZDT0lrdUNVR1dFaDk4THBBNS1WREJibWdWM3ptdzNSam5RTmJ0dUkzZzE1Tl9VNmdQX1EyMlFGVEZTUHRxQ2NoMllLZ3QtWExROFdGd3hKUXJKWXVUQlBzOFVLajY2ek8zU21wcnotUk1oSlQ3SQ?oc=5
CNQ.TO,2025-04-14,"TSX Today: What to Watch for in Stocks on Monday, April 14",The Motley Fool Canada,https://news.google.com/rss/articles/CBMikgFBVV95cUxNU2NEQ2gzSnpfWFh0VGduWG91bU5hY3Zjc1N0ejNjUnFUX3pqTk1UcDNyVUpvcVVkSktVa3IzZzFKdHdCaG12djYzXzg2WFdtUmhUb28zYjZzeFA0UXY2THdGUjlSNUFZaUZQMVlkdk00NFZmb2FvSEFNMGZGcVQ0VjR4VUxsaU80REdNUGUwNzBhZw?oc=5
CNQ.TO,2025-04-15,3 Canadian Dividend Stocks to Build Wealth in Your RRSP,Yahoo! Finance Canada,https://news.google.com/rss/articles/CBMiiAFBVV95cUxNZVM0WHJ4MTYtNVBSS202UENCaFNLb1V5UmdjR0xReDJyLVZQbWx5ZnRYZFZBVWsyUWxTLUl6eGpWSGhKbDBXYkQtVFpQdW5Ed1FkQ0xUZlJRU2lrYWkxdVFrajNYNmFPOU5qWG9ONmkzQmFKNENxeTNwWjBXWlZrLVFCcTN0Z2lI?oc=5
CNQ.TO,2025-04-15,Capital Power to expand in PJM power market with US$2.2-billion deal,The Globe and Mail,https://news.google.com/rss/articles/CBMi1gFBVV95cUxQYkttWW9SUnVGQmQza21LUUpndFdpYmw5amhNaTNVMnV3ZTFTRktIdnJPN2g0cGdFU0FYemJ5N08xM3dwNmJlTWNXY2VPTjBMUkRBcTM3OEpUaEdoaDBEQVBaTThxNnpUamdDNUF3ODZKRlpWeDZGUVd6T3pJSlVJaXowdDNVY011dm9yUUppU1JQWGlWY1R3M3FqRE5Tdm9xVlhtWllCeEF1bkVWbjBJY2lWOVY3OUdlUGg4ajktM0FmNkJIa3ZXbUNqUVZWQ2RwWm1UUXV3?oc=5
CNQ.TO,2025-04-15,"Where to Invest $5,000 in Canadian Stocks in Today’s Market",Yahoo! Finance Canada,https://news.google.com/rss/articles/CBMiggFBVV95cUxQYWxzOHFHcjZ4YWxqTExlMlZKM0htOU1BRFVnaUlpLVdTUUVIRDRIbWFQbzFSeDR1ek5qRE9EWUVQWkRUemRCNG8xR1l5ZlNISTdtRFI0bDdOSEE5VGhBU2IxbVNnc1ZyTmR1SXJiNXkzX2xRSXBxZGlaTW1CT19seVpB?oc=5
CNQ.TO,2025-04-15,"Where I’d Invest $10,000 in 2 No-Brainer Canadian Stocks Under $70",Yahoo! Finance Canada,https://news.google.com/rss/articles/CBMiekFVX3lxTFBRd1NqSzVrdmI1RHJGUDdYTWZCS0E4NHR6c2NydU9iOGdzUzhLSTV3QTRybE5aemQzczhMTENpQzFtVTA4UkVKS3ZoZF9zQ1JfT1ZtaFZSOWJkOHMtb0RybFpTd0pid1pPT2xDN0k3cWJLdEVGZExaOEF3?oc=5
CNQ.TO,2025-04-15,"How I’d Invest $250,000 in Canadian Dividend Stocks to Never Worry About Money Again",Yahoo! Finance Canada,https://news.google.com/rss/articles/CBMif0FVX3lxTE9BN3Q3TGdOc0NmRXc1WURWNlRWUmhnT3cwTW4xa0lnWDc0SkxkaU1CTEZDaUgwMVh1NTd0dDVockJ0dkIxSFRaMlNkRjZiZkloVzlQVUVVdFBqZXNiYXJGdEJZTlFFZ29fX19La2hiTGZtSGF0WnlYMVNFbldiWXM?oc=5
CNQ.TO,2025-04-15,Canadian Natural Resources Limited Announces Amendment to Stock Option Plan,TMX Newsfile,https://news.google.com/rss/articles/CBMiuwFBVV95cUxNbWtCV3Z3ekNGLTludkZtSWVyVjZWS1MyWkRPYzBxUjJyTWZBNi1EWTZpclVqR0JiRThIZDZ1SmVaN2dHN3VmZFJqendQdWxPWGpHOGhlcVdrRlM4dXp6UXJSQzEwRTFwT2VyRWllQWRXOHJWWnNrN180aktTWV9QajBkcTNfOFFnQlc1V19RbjlRTWpPaFdFMy1nZmhOS21FcTNpY1VjbVNpMVhscDE2QnBlR29Za2NJS3RR?oc=5
CNQ.TO,2025-04-16,"Where to Invest $10,000 in Canadian Oil and Gas Stocks",Yahoo! Finance Canada,https://news.google.com/rss/articles/CBMigwFBVV95cUxOVE5id2doQTR2VzByWUNMelU3QXE2dl91YkI4QllZQms3dm5kOFgxWWtiQ093dGF5VlRPdnd4YnFPMFlIU0N3R2x5aXRXQWZfcUc1NFBJeGphSDRURDQxcDVoNEdObWROcUFHUmpIYWxoWVd6bWh4V3M0MzFMYnlnM0FPMA?oc=5
CNQ.TO,2025-04-16,First Nations in Manitoba Pushing for LNG Exports From Hudson’s Bay,energynow.ca,https://news.google.com/rss/articles/CBMinAFBVV95cUxPVmtGSVRVVnFWNUVSNzV5VmxlcEN0bHlSMzdWYTdTQTZzV1QzZS10dVNwWDBMSnVQX3gtNmpIWnZYZnhGRVMtMjVxQm5VczVRc28xUTZhekVrM3hkVWMwRFU3WTlGeXZYN1NUSExIWGF1ZWhLaEV3bmxsc0ZBZkdaWkpFXzEyOVhSNVExLXlUZU9pNEFxUHlodm45VTQ?oc=5
CNQ.TO,2025-04-16,Lexpert's 2025 Awards of Excellence for top deals,Lexpert,https://news.google.com/rss/articles/CBMimwFBVV95cUxQVUNSQllOcjlyaldMS09aUGt0NVdsOGlrSnM4QU42WW82Qng4eUZFN0otY0NnTE4yQUdYemJGYlV3RzlfcG14cFNCVms0cldCcE1fYnFycXFIN0FSZk5hU0RaNHZJOGpnb1BOdkF0TTVremliVm8zVEEzQUpqY1BMTEdDZ0Zza2c1b25ZQnR4MVBpR3c3MWhxZ3k5SQ?oc=5
CNQ.TO,2025-04-16,Revolutionary drone technology for battling wildfires takes major step forward with new partnership,PR Newswire Canada,https://news.google.com/rss/articles/CBMi5wFBVV95cUxPWVFJMTlhQUpVTWhkaGpNeVh3WHg2RmZ2U24xV3pYY29FUEhUc083bjNVQTFiMlpCVTZEbEc3dGdzNW5NalN3a1JEOGVLcnhXN09FN2s4OE1TMExuSjNhQjJ5YTBPMHRwalYxTXJJN2dTR0NQc2owbnFQNVFwemZMdWRZMWpiazBhY1h0Y0xlVlJpc0tBcTZaSXAwR21PU1hkT05SN3l2MVZ4YUhhSnptY0tnUS1kVC1jUGpsc1l5V0w1UmJuUENxRk0zRXVEcGxVRU5wU2VrNUtwd1BaUkxXbHhuR1piclk?oc=5
CNQ.TO,2025-04-17,One Piece at a Time - Upstream Consolidation in Western Canada Quickens With Whitecap/Veren Deal,rbnenergy.com,https://news.google.com/rss/articles/CBMipwFBVV95cUxOT05xa0VtNFZVNWVjcDJzRW45ZWEydG4ta2JyTUUxaXVzWVlfS2FRUElKVUZNNWhER0JPMElpcks3M01pNWxDcW8zcFpucjJwdk9vR1FxaGVVeC1zRVFvdnB4eFIwYlpLR2tFZ3IyOWZRLXFFV25NYnE1Y09ER21JdG5FMXIyNE14Zm9kd3ZFTV9VOW90eWNPajdaMzdRZ1F3Z3E3REE4SQ?oc=5
CNQ.TO,2025-04-17,Potash Stocks: Solid Defense for a Turbulent Market,Cabot Wealth Network,https://news.google.com/rss/articles/CBMilgFBVV95cUxOVl9teEVvV3YtamZvNWozcGRDV0pzT1FhYzJUbTdFQXNhdXJTQlQyVm40LWVMWG1LMHZYdlJ1a0xLeG1iZzNNdkIwTzY2emRVSGszUFBiTGFPc2tIOGhBaTBOMXFNLWN2ZVBGWnZDVnBzUnVnYlF1WXVKT18xSWhRMU5ZRXB3djlWNzM4OUl1NHIxelRJYkE?oc=5
CNQ.TO,2025-04-17,"Mining the Northwest: New federal leadership will make the Ring of Fire go, says Wyloo Canada CEO",Northern Ontario Business,https://news.google.com/rss/articles/CBMi-AFBVV95cUxQajNQZGdTY1lwanFvLWVBVlpnYjladUxXZ0oyVkZXMEhIQ2phZ0Z3RmEyZ09XNU5vdmFLNlRUc1J6T0ZlNThNcTJVTV82d09PSkctZ3Fva1NmMlZPQ0xTbGRnOGdJNUVQN2FzdjZZOHQ2b29seEllOUFoeDJrV3VoSW9sX0tpblFKWGFGZy12WFlGRmJ2cEJ6dkYyWm9CaHpKakJCZ3NUd3ZpYXU3aEZTZ09WUUVmZExsQ0xhanZsMVI4N3Y2Um1LOXBjTW03d0s1UkpoNkdGR1FCelpHb1JjUXRIOXU0MnlsSG9TWVViUE1razY5VmU0UA?oc=5
CNQ.TO,2025-04-18,"Invest $25,000 in These 3 Dividend Stocks for $150 in Monthly Income",Yahoo! Finance Canada,https://news.google.com/rss/articles/CBMifkFVX3lxTE9VNTM1bzBRSzVZVjhiaTVfczhreTQzS3FoTXlSU3JhOThrX0UzYV9fOHgxN1VHbEttcHh3ZkJfenI1aGlfTFhBZ28zNnFlVVdvUXNoZU5jbXQxZE5JTlpiTzJ2RDJ0bmhsaDZwbWZVdEVHdVZuVS1Mcy1LcjJWUQ?oc=5
CNQ.TO,2025-04-18,"How I’d Invest $20,000 in Canadian Utilities to Become Financially Independent",Yahoo! Finance Canada,https://news.google.com/rss/articles/CBMifkFVX3lxTE5QYWhqVTRtVkVpT216d1l4MVhQYkdnbDl6OFVBRFdfWGZxTFVYa0FQWE82bGpheERvaVVHYTVvODJpbXFNTjlOVGdWcEZHRldPUUc5aGZ0bDlvTHNreDJoOURsU0RoTHhrZ3M4UFdZYUIwNU1jMjV0Mzh4Ukt6UQ?oc=5
CNQ.TO,2025-04-19,Analyzing Dividend Sustainability of Freehold Royalties Ltd (TSX:FRU).,kalkinemedia.com,https://news.google.com/rss/articles/CBMirAFBVV95cUxOYWdLUXJoVnpicENXQmNXLWJnbDhBQmhkbnl1cmZic0d0RFM2dFYxTXRHYWU3bUtMQVpIUGhpTWMxLU5YNGt4d2gtV0ZQczJHMUc1UHl5cDNIUG9keTZZSm5ObGtXYUlCREV3M0tfTEdIVnEzNHBXNTNnS08yT2VLLUFXSy0tSXJRLXlxUTI5cXNwd0ZhSTFjc045R2tmUDNUYnp5V18tZFZFUE9D?oc=5
CNQ.TO,2025-04-21,The Elephant In The Room - March Dividend Income Report,Seeking Alpha,https://news.google.com/rss/articles/CBMilAFBVV95cUxNQXFfdHNlazhId1RDLWpGVlFma0ZqYVVVbjZEZWxkdjFSX1c4TlRyYmdvWXJmd0o1c3hWMkFoR3dRdjcwdmxUcmpldXBibDVUTXZ1VDdQN0NaU0YyQ3NpbGpWUzgwZnd2RGJkM0VwcnUtek10SkdpTVdjWFdaQ3BqTkQtaDd4Y2FpR29YYzhiajhyaXZM?oc=5
CNQ.TO,2025-04-23,Unlocking Canada’s mining potential,Canadian Mining Journal,https://news.google.com/rss/articles/CBMilAFBVV95cUxQdVVYcGdxSmRYalRMc05HcUV4U2NQSFBSX3JYQW50dHNPa0pYN1ZnZDdtUldqWjh2dFowRDhLZS1aRF9hV2ZVU0JwY3VnN3BLTDYwY2hKakFGZGFmYTdDajJPTk5ZZlI1eU0yZlRQMmJFVzBfcTh5dVY0eThfSlltMS1vcXhqZjRPNTZ6VWR2TzdDckZQ?oc=5
CNQ.TO,2025-04-23,Prediction: Here Are 2025’s Most Promising Canadian Stocks,Yahoo! Finance Canada,https://news.google.com/rss/articles/CBMikgFBVV95cUxPVzdEQ3hzNHA0NjhNTEdVbEhQUTdmdzdJMFVnc0diUTNFVS1qQjhkOEdka2NEeWtLcm9jcTJJS01VdUQxdEg3Q0JKSlU4V0Y0TXcyeGQ4WmNscEtqbFdyb1pRUnl1ZERZVG0xLVlTVTFidjRZMWkxVVhIT3JvWEFmZW1TdExyRW11elpGY2tPLXhQQQ?oc=5
CNQ.TO,2025-04-24,3 Canadian Energy Stocks to Buy and Hold for Decades of Passive Income,Yahoo! Finance Canada,https://news.google.com/rss/articles/CBMigwFBVV95cUxPYklaOWNZVWt3eXNDMkNhMHh2X19wS01Jb2R5VzJITWdhRndRWnk1S0c0NTc1bnZyNHVPLW9VaFNvMDRIMlE5NEN3NnYtTVdOTDRza096Q3lrcFB2ZExyT0RTMEZ6Yk5RUjE5N3BZbExNWUdxallzclI2RVZSemN0WHJIMA?oc=5
CNQ.TO,2025-04-24,Better Buy: Suncor or Canadian Natural Resources?,The Motley Fool Canada,https://news.google.com/rss/articles/CBMihgFBVV95cUxNRVMtR016OTBhd1RJcWdiOGJFT3ZvRlJrYi1FcXBGZUFyWjJmdUFucW5FWUI2bzNZU2FTWVZuRXVMT2VvWG9VT0lubE1Rb2tpeFFkZFRYYVZrSEFFMTdJM3pfTm91bTNxSjF5YWNHVkZTd2xNTTBERjg4b1JWclljVnhpZUc3QQ?oc=5
CNQ.TO,2025-04-25,Tourmaline Oil Stock: Canada’s Play On Global Natural Gas Arbitrage (TSX:TOU:CA),Seeking Alpha,https://news.google.com/rss/articles/CBMiogFBVV95cUxOaVp2R0FxTVk0VndxcTVNUVNuWGxSX1ZGVEN1NjdTTTFUQjg1SzhoOUYwUHJ3NFEzTXlZSkVFTjhjN3VSWFF5VXB2aXBSX2pyTDNDY3NWb2l5TF9MWmZmcWFWaDdWYkhqTjM0R0N2dklCcDVXSGtCVlZEZks3QWJmWGVVMXBpQnRuc1JDRGxCa2psS25yZ1JSTG9wdXk2bUoyX1E?oc=5
CNQ.TO,2025-04-25,LNG could help break Canada's dependence on the U.S. energy economy — but there are no guarantees,CBC,https://news.google.com/rss/articles/CBMivAFBVV95cUxQeW5ld241ZGJYYm00TjMzcWY1ZFBRTjJQWkUzd1pYczVOVDFxMVZFOHVyVDMtVXVGRGQxQ2NhamhOejRqMXlFUHVmSEJBVXA2eE5nZ1hJVkVZT0w4cHlYb2Q5dmhmN09icTFIbGc3cGVIeGswRjU0MmowUHBJVUZqMnoyY2lLRDRZNkloZkdwQVQzT18xWEt4SVNtTG9ncVVtM3ZmRUtVSm82TGZZV0w3YzZNbUtmbVFBZmxvOA?oc=5
CNQ.TO,2025-04-28,Oil Be Rich: My Favorite Energy Dividend Stocks Are A Steal Right Now,Seeking Alpha,https://news.google.com/rss/articles/CBMipgFBVV95cUxPeFg2RU9ydEJmdFNyXzNra1UzWVlaNWF3OVEwNmlYdy1vRk5OZGNEenExb2h2bnprbmp4U09Cei1UOU9HNkZxRm02OWt2TUFDZmoyQWVacTlDN2hiU1pkMll3a2x1dTNCWUZWWE1RSkE5NG4yeFZ0SzlnWHZpMHVBNzBuWFlwWVJaYnF2YWluX0xUSGJVa1Z2VE50dlllVHBGR1pvWjJn?oc=5
CNQ.TO,2025-04-29,"Canadian Natural Resources: Buy, Sell, or Hold in 2025?",Yahoo! Finance Canada,https://news.google.com/rss/articles/CBMijAFBVV95cUxPVWZlNlYxVmtiMXJ6b0EtcmFSUm5HXy1waVhXMG45TnRiX1lmbHlHS3BGbFdjWk5tZkZSZEU0NGg5SUt2LWlFYXNRbGRyVi0xOHpGUnJfRHE5UllsVVVOTWVxMWFMalBDdEtWbTh5OFVYSEEtTm5xeHZKam1SbHhWUzRsX0xIejl0X1c3eg?oc=5
CNQ.TO,2025-04-29,"Where I’d Put $10,000 in Consistently Well-performing TSX Stocks",Yahoo! Finance Canada,https://news.google.com/rss/articles/CBMidkFVX3lxTE4zNmtDU3BjZmVrdklXOEItMlRQWXlXOTF0Y19qR0dOeFFyNkg5cjNaeHlQd3dWcW4zS3l3TGdNNmU2UDZEbmtYZW5jTkJxNlpSY1d0eWVpblBBVVM5X2dqNE1MbGc2RVdLcVNzNlRvLWd6M3g2OHc?oc=5
CNQ.TO,2025-04-30,2 Canadian Oil and Gas Stocks to Buy and Hold Through Energy Transitions,Yahoo! Finance Canada,https://news.google.com/rss/articles/CBMif0FVX3lxTFBTZUZmeWQzSkRmYmVQN3FjcGdaQ1RKUG5McWRtbEF5T1NDZ01JYXJ3QTdSWDk4dnAwVHIzRlhrdEFmNkxacnNMOXZybFh5NktIR1JIbl9DdDRwOUYwbzh4X01OQ1N6TFk2cUdTdDRnbGNTUVVVOGtELWZuNl9pRms?oc=5
CNQ.TO,2025-04-30,Canada eyes bumper year for Aussie mining IPOs,afr.com,https://news.google.com/rss/articles/CBMiugFBVV95cUxOZHk3ckpaWHN4dzlTdnBpWnJablV5eEk1SjBkakRRNTM3NWlHQjI5NkVWazhxamRqRmpRUFl0WkpBN3hZWjFyWVBRV0gxUi1TX253UkIzY0JaSmR6MTlnZnZJNDYxUTJDN1JpT1VHWUdDbVJoMjFndEUxN2pZVW5aMkhSeTZ2VEdzb3JGVVVFbXRORjc4N2tzUXJ3MTF0dE5tY003OE1NbTZfU01nN0NWZGIta2laTlFmdmc?oc=5
CNQ.TO,2025-05-01,ARC Resources Ltd. reports first quarter 2025 results,energynow.ca,https://news.google.com/rss/articles/CBMiigFBVV95cUxORkdTQ3dkT2RNa09LTEtGMGVtTUROMHE5Z0xYNGt5UkpQbmRFRkgxdHZfQWhNRElIdUMtQXA3eWdiUllrQXd2TkpkR0l6SnJFVjlId2FoWjJJTjBBS2h6RG5RRUh4V3F1MWVkajRDOTZTSlpUNDh1UUFyb1RqRWtvUmVUMG10S0E5M1E?oc=5
CNQ.TO,2025-05-06,Build A 12%+ Yield On Cost By 2035 With May's Top 10 High-Yield Picks,Seeking Alpha,https://news.google.com/rss/articles/CBMivAFBVV95cUxOQ1hidXU0TXp4LVpNQ241MzcwU0x4TDZRd0o1VTYyd2NNc3dBM0lwaWM3aUlMNUlvUGpzUXV0dlJYMFhNZ0Z6a01VUEZxcUJmSEk5S3NSaWxPczB1cGlxUmVKekFJcldpdWJveTl5ZUFYem81R1JOSlFvNW0tR24zblVqbm9GMEdMTG5zQ1l3XzY3V0dvLWl2enpOMkRHUkdaTEdBUWtvRFpjZ3FmV0pfWG9fcWpEMjRjeEg3NA?oc=5
CNQ.TO,2025-05-07,Rep. Yassamin Ansari accuses Republican committee chair of 'corruption' over stock trades,azcentral.com and The Arizona Republic,https://news.google.com/rss/articles/CBMi4AFBVV95cUxQTl8yYm9OQTVCS3dtSW0weUdUS2NLYmFXWmZ1TjZGMjRXLUVnbjlTS1JnVXktRGlSdzNkZGJGUXlFdXNteXA1UFRQeUhOeFdwWXpvaWJVVW9KTjNGd09KNTdOZjUyLVVhSTdUQm1rWWZIWnRXbXcxdy1BSlJqUjNpY1VyQy1VcU5FOUtMU0VmLW9ueXZJSnpCdjZWamJYSFVXbDNmcVRrRFBGUFhreXMwa2FTc0o2UHNZcHFhWVZIcWVxOWRVcEI0RlVUNzhSTVdZaG5VRWw4QWJwTkJRX0Z0eA?oc=5
CNQ.TO,2025-05-07,Arizona lawmaker charges colleague with corruption over $1.6M stock trades,12News,https://news.google.com/rss/articles/CBMinAJBVV95cUxOd0NuM0FnbGZBMmNSSFdIOXE4N25fZUJ4Wjl0ZFFnRDh0VnR3TmNOWXdjRjlpVV9TeUloZmZYemhnQ3RlSG9hS0J5bFdINnNGcENveDJXV1hFLXUwUWRGZ182a1ktN2NpMm4wb1RDTUtPdTNnRGtrbmRBTm1wX1hmWGp3d0JfWmRMbTM5cjBHZU10NXZaTmdGZmhrWENKRlN2SU1XZWhNQk1iRUNrTFhOdkViLXNHSzFxQk12REllYXJ2dlpOdHJBdC1UcF9IcE8tY3lCVFZhT00waHNFMmJhRU5jT2lMdjFGM0lOdTY5aThmMlIycDkyT3RvbVlSbHNBY0hTb2J0WXVyTVQtSG1QYmJHeUlhZUxSN0E1cQ?oc=5
CNQ.TO,2025-05-08,Canada's largest natural gas producer just keeps getting larger,Financial Post,https://news.google.com/rss/articles/CBMinAFBVV95cUxQZ0cwbUlRc2dFUi02UE5qaUJKdVptSkhFWERXLVd2ajVUQndFamV5eXhtRzktbzZwZ2pNRlY4a185V3BuNXlBVW9KSjZDYW8zUWwwdk54dkJZNHFCUVlmSGRUXzlWMURXR2FENmxBVVRIaFhibGdxdmdMV3ZmYVlaZ19Gclg4LXEweXZ3NzM3TG9xbVJoUGY4VGFBLVg?oc=5
CNQ.TO,2025-05-09,Democratic lawmaker rips Westerman for buying stock in oil companies overseen by his congressional committee,arktimes.com,https://news.google.com/rss/articles/CBMi6gFBVV95cUxONmRXcjRxWU9LU3ZNT1p2dDVHdzZVZm02dE12anhPYlp4RXhLZjdzLXptVkQ5T3pfVUZod0VZdWlKVERLY0FpMlgzYTZBSjhZSWRmRWtETElIZFZMc2w3T1dUUUpoTnpRa0l6UE5Cc2hzX1l3MzZ4Q1A1aGY1enRIWDk0dTRkY2d3THpUaElhN1NNMWN5M0h5ZHk0VERZVWxvUTM1OU1ZaVhVYW1TVEFfZDlFbGx2b2pydmZsckMybXlmNjFBdzUxLUYyMzhnekZyczhqUTBWUVNrQjYtdEJhVThRWFl3S2FEeUE?oc=5
CNQ.TO,2025-05-09,TSX closes higher ahead of upcoming U.S.-China trade talks,Investing.com,https://news.google.com/rss/articles/CBMiugFBVV95cUxQcUdncEVYdE8tVkxLNXJDZHdjejJtRlFhRGJ6Zk41bHl3VjY5dWgycWxmNHVDeXJLSjhMRkd6VW56RFdmdlFRM0hucFF5bENOTHpuWXVOZ2pEZVFDV2dLM3dHX1B0MXNmUGd4REZXSG9IU0l4SnZ6eXdKbGYxWEVJYW1ZNHo2TFJoeUJ6cEVuT3VJekQ0YktLdDVyRkFfZ3BCMDFQWDhKN1cweXo1R19wWjhQZlFtaXpVWFE?oc=5
CNQ.TO,2025-05-09,Canadian Natural Resources Limited Reports Voting Results at Annual and Special Meeting,TMX Newsfile,https://news.google.com/rss/articles/CBMiywFBVV95cUxQUkxyaEFOTkp6VWtRMmJuZkFNdzkxdzh5UWF4RmpRczJwcmdFcW16cDZfUzhUSDhQM01MSVlndlViT19MTTNmaHVtZVBDX3lrU3AxZXVUUUY1dXBSajFRS0I3eHBuMG56NDFXNFhKNDZrUW8wSkNlTDhIQ242Y29UOWJmWkpFZ3Q5RGQyVWJ1V09BdXFyUnhKRWtjdlFZM1dMMnB0dDYwalNYLXNBdTVUSlRaeGRiOWJqdjNBZEhUN2o0REFMR25mNldyQQ?oc=5
CNQ.TO,2025-05-12,"WHITECAP RESOURCES INC. CLOSES THE VEREN COMBINATION CREATING A LEADING CANADIAN OIL AND NATURAL GAS PRODUCER, AND INCREASES PRODUCTION GUIDANCE",Yahoo Finance,https://news.google.com/rss/articles/CBMiiAFBVV95cUxOWWJpRDZOU3I4eG9PSmJURDlqeTFFenFSMDFQS0dtX0FIOFBKa21ZMlJRdjlfclBVT014bjY3Y3hMQUg5N05DZFpOQWhldmVSSWhJMTZQbXpraFl5LTVrdWJCT3FFRjJvV2J2RkwtWENBU0Nob2l0RjZBcHM1M2x4OG94OUp1cTZ4?oc=5
CNQ.TO,2025-05-14,STAMPER ANNOUNCES DEFINITIVE AGREEMENT TO ACQUIRE BISP EXPLORATION INC.,PR Newswire Canada,https://news.google.com/rss/articles/CBMiwgFBVV95cUxON25mbzdkNXhpc0FoZXJPbkpLMlhtMlhwVk5ZVE0xN0k1bk5LdmNxYnNEN2pjalZ2VXNlUmc0S0FHd190UjRXNlNsTTZWQUdEbHR0R0NhQWttRm1xaFo5TVEycnJOOXdCT2FRZmZOWFhSeVlQTU9fUXQ5cVNVcHZFZ29nUGhMODVrYTBnS3RNc0llejlaTmZMc1V6ZmRYZkpmb2NnallUc3hyX0g3Z3NmVVd0RmV0SzRQUXJOeFBkYUxIZw?oc=5
CNQ.TO,2025-05-14,"Canada Growth Fund announces strategic investment in Foran Mining, a Western Canadian-based critical minerals mining company",PR Newswire Canada,https://news.google.com/rss/articles/CBMihwJBVV95cUxQYlF0M1BzVEhYRTI2cXFUNUNYeDNiMjY5dHpFamc2MnlpUTc5Sk5iMHhVSkpLX3F3aVN0dVZpNWJxUURmVjNGczAwSEVjU2RfWnNiZEhuQktyNnh5emRyeEN1Q0JCQ1VUN1paNUxRQk5KYThqMEhPVWQ4enVfc2pFV1NyR3JsSlVyOEtpRXc1SmJhdmstRmcwTjhLYjJyVjRVWHM1dTdQazg2bXo5VE5nTF95bnRSeFZVaTM1cU5oeXE1Z0pvbEs2R1VyODhjUU9YeTJyMTZUdjdYcXZkcmVxN0RvYjc5RnBtRGx5TXlIci1zR09NR3l4d2FQQ2pkUk4yVXJqTlNlTQ?oc=5
CNQ.TO,2025-05-15,"Rebecca Teltscher’s Top Picks for May 15, 2025",BNN Bloomberg,https://news.google.com/rss/articles/CBMimgFBVV95cUxQSHJLWFVCV1ozZm1SY1JrRHZYNWlzS0FYbnZrZEQ1V0tfTThjZ3B5cmR2WGRpMmlMUUIyZ1hPbjlOLTJrWlE5QUZhRHViS0VMS0FEWGU2VE04dktzTXJmaFBOWDlJNDdCNUZOWWp3Q0lQQ1Y4VTM2YXFROFZMZy1zOUtpRU1jTzl2enA4STFXSXVVSXpHYm1Gei1B?oc=5
CNQ.TO,2025-05-15,Strathcona Shifts to Pure Heavy Oil Producer With $2 Billion Montney Sale,EnergyNow.com,https://news.google.com/rss/articles/CBMipgFBVV95cUxNNU1vQjBENWhkMGhNc1JYdGRtbGNNVDBUZThraTlTX0czZ1NxY1c5MHBnTEtJMTRlNkszd1hRMk4yY1FvX1dLR0FCSFRqZmJWZm4xVm15bVRIZTdENi1qbHhQekZXMDM3Rll6TnFFbXRrc2NBWHF0cHM3TTAydTlKbmUyM19pMHdhOU9zWmVZTE9aOUN0SGo3Y1R4YzQxMGlUYkRhQ1hR?oc=5
CNQ.TO,2025-05-15,VDY: This Canadian Dividend ETF Is A Compelling Total Return Opportunity (TSX:VDY:CA),Seeking Alpha,https://news.google.com/rss/articles/CBMijAFBVV95cUxOSjBVT3Zuc1J3TGx1REVfeFZmTWFiNklBaThNRUo1akQzNnZycktiTzFtUy11MDFqdDY2anBOTWdVbGxvcnZ3YVI5RW44d3ZoSDAySEpaNXhVUWFjYl9MYlNlRjJYN21Xd0NWcnpQbjVLNk5ySDM0Z2NKUFRESDBzOG8zT2xodkd5LXZkSA?oc=5
CNQ.TO,2025-05-16,Strathcona Resources aims to join oilsands 'doppelgangers' with MEG takeover bid,St. Albert Gazette,https://news.google.com/rss/articles/CBMizAFBVV95cUxNZGJwZTVXcWcxT0dlSG1JTGZVZ05qS2F0bDZzTUlDeHBGUEZ2X0E2NjJudEs1SFY0b1pfSVlOcVBBS2ZVLUt1SFZwQmdwMnM5NExBeEN0Y0tnUUJwbUN4TUpaSzR3bHE2LWRjakstSWpkQ1plcTFUbmxxVHk1NHA1bmRrMjdZaTJLWXFia25NaFVCaXptTElhc2xxZ0wtbGJXd09xQy1KZXd2M0dHdXM2YWhDdTNqdVhjSmhXYVJQcGhVMUZxNVlQNEhndlM?oc=5
CNQ.TO,2025-05-20,"Peak Shale, Prime Gains: 2 Oil Stocks I'd Bet The House On",Seeking Alpha,https://news.google.com/rss/articles/CBMikwFBVV95cUxQWlh1SDdTZzc1ZnF1NS0tOE85ekJGVzQ3ZjZsZjhUOXliVjF0UTV6UndFYUM1X2NYMTBxUTgxWHhiZXJaSU1lUlNnM2VwTFBSUDlVZjZBNjNwOVRiUEVkSU9WeWJtZDFGdHBOMmRNblhlTkpLbTRZTll2V1ZhcG5CNXlLbjVVcUFOYVlVR2FjUUt6Z3M?oc=5
CNQ.TO,2025-05-20,"Eric Nuttall’s Top Picks for May 20, 2025",BNN Bloomberg,https://news.google.com/rss/articles/CBMikwFBVV95cUxPSEk4TGYtOEV4VlVQZWJzRGdUTG1KWnJYZHVUM200X040UXV1eFM5ZXl6X0RrTUd3TnE1YW02MFNlZ2xJU2tEeEhTN1duYXRZSFRqNy1PR05SX1M4SkxKYmotUW1IWWJkSE95M3lvWlQtU3p1MGlsRk05SEVBNUZhMFhDQkl3b1FrMkszV0JodFI2cEU?oc=5
CNQ.TO,2025-05-21,Algonquin Power Stock Under $10: A Buy or Pass Decision?,Yahoo! Finance Canada,https://news.google.com/rss/articles/CBMihgFBVV95cUxPNVl4WEJSd2ZNWGhVd0JEaFhiT1pJdkZHTUJwMjFkZjlMUkJ1aWxaWE5jaDR6bUk0XzNUbHAtcWw4U1M0NTJFR3k2TnE2MFdhSnNJTy1HX1g5Y2dIWWd5MXh0bzhINXdnNXFxaVpMei1rWmpQbTlXLXh3emMwcUFWUHcxTFdoZw?oc=5
CNQ.TO,2025-05-21,2 Canadian Energy Stocks to Buy and Hold for Lifelong Income,Yahoo! Finance Canada,https://news.google.com/rss/articles/CBMigwFBVV95cUxQT2Q3RnEwVnJKWXVyLUJQTE1ZaHhFLUl4UHhpeW9EQTFIZzNkRUl2Q01rYklJVGFMbFAyU21kWW5oSkZ5OGFybVBEV0tZY1BGUXpBLV9BazBWNXVKLVc2NEg3WTBBbGNMRVc3bnVqYXVwNmE1UTBBNDMzNXQtaTYxbUo5Yw?oc=5
CNQ.TO,2025-05-21,Canadian Natural Resources: Stock Forecast & Analysis,The Globe and Mail,https://news.google.com/rss/articles/CBMi0AFBVV95cUxOaWszd2JzY0htMlcyNWxXeDZvZkdScmVPLWIxOXJkTF9NdXM5UmkyR1RWTWhqTW9OX0FDOHhacF8xWU1nOGZMOFNqYjl3bzcxZ1cxODBoNkVrY2s4bEpvTWZLVmowNTZFd1hXVVhlb29kQ19oelUzaTFWUUIyQzVCZ0pDWUs5RjhBQ1lrWTFGNmJsOVF0dmJmZEliQ2RlOWZ6TWpNVElrOGtjZmVNUjEwdDlCLU83S3h2RVNCSWhKUDRhRUxST1EtSWhSQ0V1LUlj?oc=5
CNQ.TO,2025-05-22,3 Strong Canadian Stocks That Could Actually Benefit in a Trade War,Yahoo! Finance Canada,https://news.google.com/rss/articles/CBMihgFBVV95cUxQWFFISjN0bTdNcG1NSlJQbWxMVnhXUThvZnNkR19GZ0FvUkJtR0xJbWtoTHZKWVFKTnVtUGRtSGVjZ05fTllvRjVqYllqdnBNeTQ4dm9SdVVaRjVfSlFaQmk3azA5NE5aNk11bGdyd3VjM1pNZk5QeGhwUDg1cVg2S0tXWTNSQQ?oc=5
CNQ.TO,2025-05-23,2 Canadian Stocks That Do the Work for You,Yahoo! Finance Canada,https://news.google.com/rss/articles/CBMidEFVX3lxTE5WdTFCWV9tdy1pTnNaamVVMnFCTmN3YTRDb2htbmgxY1pPTWtXWGlqVnhwaENRVXFDUi1Gcmh0WTFrWHdHckVDMFdFQ0x0ZzhGWWF0OERLVVB1Q2hTakZOMEdTYjRYZXV4MndpcVFVdFpiSk9P?oc=5
CNQ.TO,2025-05-26,"The Smartest Commodity Stock to Buy With $1,400 Right Now",Yahoo! Finance Canada,https://news.google.com/rss/articles/CBMihgFBVV95cUxNcGppRkVuVjhIS2dpeUNiOEpnVVlXSXFDcEZxUmVxYURFa3ZLazlaNFBJTXpGT1piM0xCWWpIRjl6bnhnclBfOHlqMENxdEZaYzBpWUJwUUstUVU3dmlYUnRwQkUycVA4ams4b2F1eF9lQjdwM3dmLXd6QVF6WThsb2FnOVZhQQ?oc=5
CNQ.TO,2025-05-28,Cheniere Signs Long-Term Integrated Production Marketing Agreement with Canadian Natural Resources Limited,"Cheniere Energy, Inc. | Investor Relations",https://news.google.com/rss/articles/CBMivgFBVV95cUxPcVMxbVlVNkNINndBMFVwNzZrTmdtdXpvWDRGRWc1YnluRl9WWGVNckVfeXVHS2tqSXl5TnVJSTlkR2h5cG5kRFhzVW9VbXNJclR1TzEzYl9aQTZ3UTB6bDNXbUJhbGxHdjAtT3pUWFh2SmNIbDQxeVFLMjhPTkhjNFF6dk1TZ1lxS2Y1eTlVZ3VidVpCM3NHYjlNTDNIc1EwUVNJREVaUmtVVHowMURtTTBFM21uQ2dpV2xJcUtR?oc=5
CNQ.TO,2025-06-01,Canadian Natural Resources: The Dividend Engine Hiding In Plain Sight (NYSE:CNQ),Seeking Alpha,https://news.google.com/rss/articles/CBMirgFBVV95cUxQUG9PZGV3QjR2WjE0NkFBUUM1SkhsS3JaSjctVi1GNkp5bzFXUnFaa1lsa3VwVkpTYWt5QVpWNy1Hbk42N2FHRk9Cc1FZd3hWNng4aEQwRVpxbWRCSkFYd2dEYnprYmppQmx0cDZPQndKZUdyUEtwdFZvbnZDVVJDQzE5S0pBUTQ2SWJsLVVpTVdZMmo4N1l6WXB3VFF5czVmMVNNZ2ZPYjN3TUF1WGc?oc=5
CNQ.TO,2025-06-02,TSX touches another record high as commodity prices rise,Yahoo! Finance Canada,https://news.google.com/rss/articles/CBMiigFBVV95cUxPNE00RnlsSS14NTl3bExELUg4SXVENVN0WnlPXzR2b1BHazJ4R19EUzJrWVNqNXRMVGE2RGU5czVXTGRkcVpTSVAtbFZwM3RnTkFuc0NISVZpTnFZcEpYZXJnYXE3NndQTU5LMWZMdTBBdFBPSGx4dk1IZnJQc19Tem0xTlU4OFVlUlE?oc=5
CNQ.TO,2025-06-02,June’s Top 10 High-Yield Stocks: Build A Path To A 10%+ Yield By 2035,Seeking Alpha,https://news.google.com/rss/articles/CBMiuwFBVV95cUxPUVZuT1FLUXhkaXMtdF8zQ0plWkpNa3NMek02NnhxWDRxcXhVcTROSGM5NU1ZMkM1V2NLQ1kwekxjZHNUTGJZUFNycXRLOWRNUXhvX3JfQ091SXd0OWRiQTdXUXVPa3JYbnhPelJ5eUtrSVBkMG1UMW42aG5WSjd4TzJFb3NVWUM5ei0yYXBNTTNnc0gwMHF6bVFBbzZWT3ZDU0VFNVM3WHZJVmVBN0tCenQxUUpIaFBySXFV?oc=5
CNQ.TO,2025-06-03,Top dividend picks: Global selection of attractive dividend stocks,Finanz und Wirtschaft,https://news.google.com/rss/articles/CBMingFBVV95cUxNVHEzbGtvbnRfMTNKUlpzc2lGTEoxMXlWOElKcG1PeDVaZ2laUTBGbWVJNEhaZkhpN2V3cTR3XzRzYWEwT2tRSjdKczlFMzNfV2hINVpzQ0FWXzZCSjJKMlFoMnE5TVFYRTBUSUhXSlZQWXhxRjI1c1BBWFdtWlAyNzJfNmVVU2RRTkt0QVRCUV9iVksxRFZiMzMzTDFqQQ?oc=5
CNQ.TO,2025-06-03,1 Magnificent Canadian Stock Down 34% to Buy and Hold Forever,Yahoo! Finance Canada,https://news.google.com/rss/articles/CBMiigFBVV95cUxPcVJFYlh1eUVRMER1bFRCT3M3Q3g3SDV6UzBQbDFLVnV3bGpEWWpmbFBIbGoyd09kV1I4NjVJcDBwejJiOGhIck9FamhteWpPdlluZWJrcDE4MnVRRWhGd01OT3VtMU1vRll6aXJ6QUs1WktyMkxraWZ5N1NCLThYOHdlLVpYbDkydGc?oc=5
CNQ.TO,2025-06-04,TSX pulls back from record high as energy stocks slide,Yahoo! Finance Canada,https://news.google.com/rss/articles/CBMiggFBVV95cUxQMEs1QzdCWXVNaU5FMWQzVzBpeVd5alFDbDliQldBNlNreVRaTjY0bzU5ZmlubzJwQUVxYVNXbGhHdzNBcjh6d09uekFUZTZ4dGZuaXNicXMwN1dLVDk1RmNYM3Fzb21mVkxXZjR5TnBmdl9HaUI5U2xveUR5TU5tamRB?oc=5
CNQ.TO,2025-06-04,"Oil Producers Suspend 350,000 bpd in Alberta Due to Wildfires",Investing News Network,https://news.google.com/rss/articles/CBMiZ0FVX3lxTE5CX1huTGVuT1JSbGhsQ2xKcUxvbmduWnNPdG1QS0VvTTRwWEFGUlk3RzZWSTRTUXZXY1pBSnJQY1NZU3FmLXBaVlh4NDdmdXl5eUV0MzJEZU0xSkVKT0tfSXBTaWVPRzQ?oc=5
CNQ.TO,2025-06-05,"How to Invest Your First $5,000 in the Stock Market as a Canadian",Yahoo! Finance Canada,https://news.google.com/rss/articles/CBMifkFVX3lxTE1IYWNWWU15VzVNX3pjZFBUcmhrTVZBSzJseUtxNXhUZWh0cHJVTktJeEZJTmNtWnVtWnhVY0NzeE8yY290UXEzN3h4djZHNHZka2djczhqZEw2THp0MTBhRVY3QXR0Skh5Z2RFVTNOU19Fb3BVZGJtTmp2a3BPdw?oc=5
CNQ.TO,2025-06-05,Kalkine: Could Advantage Energy Ltd (TSX:AAV) Be a Standout in the Top TSX Stocks to Buy Category?,kalkinemedia.com,https://news.google.com/rss/articles/CBMi0AFBVV95cUxQS0dIUFlZMkdTSFJZd2RnZHgxYjhmQmo0bGhDMUFZc25iUUdvMTBBc1FFRnN2cXZIQTJERE8ydG45ZDUyMTNuanZUbi1kSTVXbW1kLUQta0R2RW01WWdpMTRrTE85bGpOZW9mNnR1WWJUTXVDTHQza2FnR1dLMkFtMkpucWNBYnBlb2kza1pFNF9lRVFjazZwU3NOWUZCWGw1SkxCYmdjRHI5b0xtcVJEQ3JjR0x6QjFIc0d1TmNTVFktYm05SWFGaUFEX0JaeWlZ?oc=5
CNQ.TO,2025-06-09,"Building $75,000 Dividend Portfolio Enhancing SCHD June's High-Yield Picks (NYSEARCA:SCHD)",Seeking Alpha,https://news.google.com/rss/articles/CBMiwAFBVV95cUxNR1V1NHpQMTcxWjdMY0tpQkFzZG95YTgxeEUyaUhOOWcxMlRGblVmdWdSV2Y1ekpsYXVOMWdSR2M1bXlpeTgyMFNDdUxoUEJHcGJ0VkJaWXBFLVNPMkktNTI3dnRJY2FqNy01dHhfaDJkdFRuVUpIY0c2N2xtWUVwZXpkWW5reHJ4QUhGSnl1Ylp0N01pZFdBYjJ6OGN6UTRUeDd3Rmh6V2VhLUpXSVZKZ01kM0lwa0dRdVNKaXkyTXA?oc=5
CNQ.TO,2025-06-10,Kalkine: Is PrairieSky Royalty Ltd. (TSX:PSK) Adding Strength to Canada’s Landscape of Dividend Paying Stocks?,kalkinemedia.com,https://news.google.com/rss/articles/CBMi3gFBVV95cUxOR1NCQkl0RkR3eUhlWUhKV3NPVVRrRXNaWUttUlM0bVhhcUxiVE1MRWE1QmlKOC16VWV4d1RITjZ1cnR2dm5aOTB3R0JoaXA1V1dJRXVtZDc3dEwwZmZmOU9sYVRiZEt4RExWSUdEaWc5c2tJTDc4RVpqQ0VCOWtEX0hBcVI2TENnYmhGMm1hS1RhNjQzdDJTak1oUDBNazV5ek83V0tWbXJvdXprNXZfOWVEYjJWUTM5a2R3LUFUaHV5VU5vWGE2Z1pmU0FOUzV2eHpVR1NvVEtjd013NkE?oc=5
CNQ.TO,2025-06-10,"The $21,000 TFSA Portfolio Building Method for Long-Term Success",Yahoo! Finance Canada,https://news.google.com/rss/articles/CBMihgFBVV95cUxNc2IybElqbVRwNXNyRGRsT1plNUQ3Vm5Mal94Z2RQajlNdi1MZEZ1aTUtME0yc0gwT0FrS2NTN0hZUEdjazR0TkZKNl95WDk3dmpqSWZFWFhweTZVSTVmZTJ1ZVRoSVZxYVJjR20xUGtHMlV1elVTdmVuWEtnS2dSYm96UE04Zw?oc=5
CNQ.TO,2025-06-10,Kalkine: Is Canadian Natural Resources (TSX:CNQ) One of the Good Dividend Stocks to Watch?,kalkinemedia.com,https://news.google.com/rss/articles/CBMisgFBVV95cUxPVzR5NjhFQTVndjZoVTBHaFpTTkw2VXN6bEVsZWpSdFdIUGx6MHUtLWdLTGFpU2hIRGUwRklxRnNiUGhXc2l1US12TGQ2M2JZTjlaNy02ZTFkckV0a3VyWkJXYTJDNi01SmgyRVZhSDVOQ0k5Y1FpODM4U0dId2pRNHJhbXNNSG41WC1rdWtmbjBMdWNuN1k5NW42MExfYzkwWjR6MzNYSjBaWjZLR3lmU1Jn?oc=5
CNQ.TO,2025-06-10,Are These 2 TSX Stocks Smart Investments for Dividend Income?,Yahoo! Finance Canada,https://news.google.com/rss/articles/CBMihgFBVV95cUxOOUxnY2RVR3FoUDlHbzdYMGREenM0RlItR2F5bktlTkU2QUpfMWtRblhRaC12S1pzQzJ1SnM3SFc2TFhOWlEydGJ4dlVxTmh0dVhaQWEwMGE2U0I5QVNWY2dyS1ZSUGxQak8tc3BEdWJlLUZXVm85UTNOMGl2Y0ZwNHAxTHlaUQ?oc=5
CNQ.TO,2025-06-12,Should You Buy Cenovus Energy While It’s Below $20?,Yahoo! Finance Canada,https://news.google.com/rss/articles/CBMihgFBVV95cUxQbTdha3EtR0VUMndMcDAtZ2NjclN0bndEaFJCNFdqX19ZTU9tREVURDhtNHk4R3VSMGRnQ3A3NkhsVDViYVBINkM5bDlMMGVjdkd2SXlrSTV0NFA2ZmdwbmZqUmJzMjlFTW5iTVNsd0tka0lEOVBvanY5b1lYT1BSYl94eHRVdw?oc=5
CNQ.TO,2025-06-12,Top Canadian stocks with robust dividend yields,The Globe and Mail,https://news.google.com/rss/articles/CBMiywFBVV95cUxPWVh3TzdFSDVqTUpMWDJ3VmxOaExwXzhxaXZZb3lsY214N0lFZ0t2em1Kc3FmbUhVWjdiYWFjbnVaNUpLLWJ2N0NXM1dSMVZtV0VEcjZZa0tic0VaWF9kWVBnVWc0LVVsZ0t0c2ItUVBSZnZ2SmpJY1VmclVMaU12cExjbVVHRGZTN3pXQU1oOGIwUjM2SU5URTVndEloS3F0TUZLbFViU3hNWGRnLVlVbEYxMlctdUxwdDJfMk5wcHV2Sl9SZ25jSUtkbw?oc=5
CNQ.TO,2025-06-16,Canadian Natural Resources: A Core Energy Holding With Remaining Upside (NYSE:CNQ),Seeking Alpha,https://news.google.com/rss/articles/CBMirgFBVV95cUxOLU5JcEtnV1ZjUE5iQnJtUHNTcENFekFPVXI4R0g2ek0wTDQ1dUVYRE9ydGxaMHIzZVh0RXpsSENaTTQzbGhENENINExRamNjNXk3LWhuY3ZfMm9FaVlqYlVxNmw5b3NmQXpHcVpVSTREbU1kUVRtbTFwbFJPa1ZpUFVrOUJZR3lwc3RLbXAwMDhjaF9YN3VNU2pkbXNjbXZsaEllVnBKaFJnQ09BS0E?oc=5
CNQ.TO,2025-06-20,3 Reasons to Buy CNQ Stock Like There’s No Tomorrow,Yahoo! Finance Canada,https://news.google.com/rss/articles/CBMifEFVX3lxTE5xR3RNd2lCYnVjWUlZN1JBUUw1c0RXa3Y2UWNLOVdlT0xMa0dleExzbG5yclVuVXdfN3ZTdHQ4WF9zeExYZzAzUnB1cVlTUmNRWmJtanpsZGlZNHVScG1aVXRfQVFVSWx6WkhZQ19seG5ZTmJ1OGxRMlhfWG0?oc=5
CNQ.TO,2025-06-20,Canada’s Greenland Resources gets license to mine key defence mineral,The Logic,https://news.google.com/rss/articles/CBMinwFBVV95cUxPeENaTmNYcUU1SnZvX2hMWE1vZ3FnTHlYYWVKTjlFc1JZeV9EcWF3UlJmNGFVTzNZendWelFINjBXOFFGMENGZUE4RXJEaG1rSVZENi1NRWFFMXNyY2drVmpSUFVmemZzc2kyUC1MYlNnUnVLTjFaaVk2SkZ2d3ZHV3hudlZHbUZhRXh6SEpDUjJMcExwNDR6OFBsMjRvWEE?oc=5
CNQ.TO,2025-06-22,LNG Canada produces first liquefied natural gas for export,Yahoo! Finance Canada,https://news.google.com/rss/articles/CBMijAFBVV95cUxOTFg5QXhqNzZ2R2tGZ2NuWkdhS1EwZXc4VHBHYXNsQlZ0Z1hWbl9TLUNZNjR4LWdFNFNQUWZ6bmNxU01nNWVKcWdVY2JkTkNnbl8ta0tGZXdNTndXMVUzUWNqVzg3d2daeVU0ZVd0X0VSbXhiTkN1ZElDYng1X1RDZE9yT01vTmRQS2lGQw?oc=5
CNQ.TO,2025-06-23,"5 Canadian Stocks to Buy With $10,000 and Hold for the Next 5 Years",Yahoo! Finance Canada,https://news.google.com/rss/articles/CBMifkFVX3lxTE1tSmNlam4yUnJwYW5iQkQ5UjVuV3JiLUY5anFQbEFMcFBSckhPWGw1R3lGcmRfenFEc0RkRUpITU1EcVdWS3RiTWx0alB4RUZNeFVpbWtrRHRob2xjYTJXc2tRMWxjam9pSlBJY24zdy0yQmc3Zmd3LUxBa1Zndw?oc=5
CNQ.TO,2025-06-27,How Broad Is Canadian Natural Resources Ltd (TSX:CNQ) Geographic Exposure in Energy?,kalkinemedia.com,https://news.google.com/rss/articles/CBMivwFBVV95cUxOcXFCcG82X0o1NUtXdGJrZlNoSmlOU29wcG0waFpEazdfXzY1cGFVWmlVOE95WTFWX1JWN2txVlNWd1FYZENNbk5FakFwTjhVVlNqWXRBeTczX2V6QTFlMUxnaEdiN0lxNDNiVWttOFNWYVBheFpnN3hpWWpial9PZ1NUM29WOGZwMWI1dHdPSVFlbVNwX3poVXVKN0Z0bElVZ0toblFoVzBHb3M3ZExwamR0dzFTY05jMzZOcldsOA?oc=5
CNQ.TO,2025-07-07,The Stock to Buy Right Now: Canadian Natural Resources vs Imperial Oil?,Yahoo! Finance Canada,https://news.google.com/rss/articles/CBMihgFBVV95cUxPYTIyY0p6c3pzbGx5R1B3WHAtQV9xS1ZmdGM1ZE9lSk9VbVlzNzlEUWZfNHI4SlpXMzdpMmtyZlh5WUlVRGlkaWxVcHZhYlNRRnl6Z00wZndjbUxOTERLY1h3NWRzSERHeDdUQ0ZuUjkwR1U3MGpsM3FoZllKa1hoZzZwaGlWZw?oc=5
CNQ.TO,2025-07-07,"The Smartest Dividend Stocks to Buy With $1,000 Right Now",Yahoo! Finance Canada,https://news.google.com/rss/articles/CBMihgFBVV95cUxOLTExU2xpc2NlRXRJN2FPS2tzU002c091dC1DZ2NCUVZ2TEM3T1lHZjZlUVlGUEdMclVjRHQ1TWlNdmV3ODdTZ2s1MldPOUswM0JfOE9rN0ZpM25Tam85WmRFLVR4ZHNoRjlzLUUwekh0aW1SWkpMSkM1NGNNaG1uaFJXSXdPZw?oc=5
CNQ.TO,2025-07-07,Suncor Versus Canadian Natural Resources: The Energy Stock I’d Buy on Climbing Oil,Yahoo! Finance Canada,https://news.google.com/rss/articles/CBMikwFBVV95cUxQWG1jTlNxaDJkVlZqVG9BTTBDUWNLdDlwaGY4TGh3WDBfRlQtSVlvRFk5VmZVSGlsWXU0OENKeTE5b0JQamNwa2xnelVoN001dW9YNk1UUEd3V2RnNlkzd3k5NDVQemlnRkh4QXV5UWROd181UGEzX3ZCTE5POTU4cXJXbE5yMVBxSVNSUG1mX3pxamc?oc=5
CNQ.TO,2025-07-08,"Canada's gas market 'about to turn the corner,' say analysts eyeing up to 7 years of excess demand",Yahoo! Finance Canada,https://news.google.com/rss/articles/CBMi2wFBVV95cUxPTF9HNXhxUzQ5LWwzMk04VG9xcFV4ZE00MmtIQXphMkI4WTFwelhPLXJaMVNUTUZKQU9PYy1TRHIyVlZWdGdRaDFRWFJYNXBqbEU0M2VpLTRIY2h5eEhMcHhYZjlCWXcwSlU4UEVnWWQxaGUtcXV4bS1KWGNsb3NTNkNZVmlJSEI0V25vU3VjaTQ4bXJWVUNncFcyZFV2RXkwMnZ6SjdFNzJMRGJYNVhrWjBzRzZ1VFhzQ3NHZXluRTRKSWVMTGNHMGppczM5dHJwUXQ1ZVR2ZjY0UG8?oc=5
CNQ.TO,2025-07-11,Where have all the stock splits gone?,The Globe and Mail,https://news.google.com/rss/articles/CBMingFBVV95cUxOSXUxU01XeVpXVkw5ZFBzbHh3ZXA4alRSQS1TSFlNUUp6NVdxVkgtYWU3UXNiNENwNWhMM01TR0ZxeVc4blRWMWp6VVh6TjhKSDFMLVkzci13YTdLTWRoQmhSZWRtSGFYWjdDUV9uZmtoTWpJMGstS01hYUJCcmFXQ0FkQ043cXJ1RGQxWUlxczhVMjRfZi14empDWHAwUQ?oc=5
CNQ.TO,2025-07-11,3 TSX Energy Stocks Ready for the Next Oil Bull Market,Yahoo! Finance Canada,https://news.google.com/rss/articles/CBMif0FVX3lxTE9Pc1lsMy1mbWFUdW1MeUZZVDhzUVJPcWE4TmM1T2tzNGVfZEd4RFdjYS0yck1GN1dXV29sS2NUcGpWZUFHVVY1T3JYTjhYT185WlVwX1B1WnZ6R3BKSjR0TkJzNndSSUl1Ty1QV1pRWHZXYkJLRHFHS3N4TktyQm8?oc=5
CNQ.TO,2025-07-14,1 Magnificent Canadian Stock Down But Not Out to Buy Right Now,Yahoo! Finance Canada,https://news.google.com/rss/articles/CBMiigFBVV95cUxOMC16Z3c3TGJlSkFVM1A0Ymc4bkdGaUI1c3YxSlE1RVYxRjl0UDQ3Y0FmR2JpcFRkNkpBdVhYMzlScVFjc3U2dHdlc01LcmpPd3F6dEd1aDNIMFFRQUFwZVYwQWJDTUVrVUJubXZCVEN6RlBmWXhDMGNLc1JwZVpJaHFUaF8yZ25VOEE?oc=5
CNQ.TO,2025-07-14,2 Canadian Stocks With Ultra Safe Dividend Yields,Yahoo! Finance Canada,https://news.google.com/rss/articles/CBMigwFBVV95cUxQb3lFTnFGZzRabl81WnVsR2JsdTBNd2JETThicmZhdVlVdVFyVjBaTlc3enJGMERORUJ2SFJBUjFOTGNhYk1renV5TjJPVjUxbUF4STVTTTdqa29EU2lFQWhBbGNHa0pUMkdOSHFjekQxSXVhbnZmbmtmN2dIUXdBVTJOOA?oc=5
CNQ.TO,2025-07-14,1 Energy Stock Down 20% That Might Be Too Cheap to Ignore,Yahoo! Finance Canada,https://news.google.com/rss/articles/CBMie0FVX3lxTFB0anRPSm9kTnE1N0lEWWFabnFoem9uWGx0cE1kenNRYzIwUkg0c2Z4UjU1RGZlcTZ1TjNZU0hUcVVqaUNTVl92Z3lIX1hLTUxoR3Z4WVk4cW1rMnVYeHAtcmVCcU5XVFd1eVRiN2ZZY05IUUdXMVBIYlhHZw?oc=5
CNQ.TO,2025-07-15,4 Top Canadian Stocks That Yield 4% or More,Yahoo! Finance Canada,https://news.google.com/rss/articles/CBMiggFBVV95cUxNWWJzWmJxQUYtWkJ3M294dFk4ZkN3REY3bGRzZ1h1MTVtWGpaUnV6d1V0cV8ycGU4eDRiOXVIMzZETEl3S1hhTGNEemRFUjdmbk55cjFmTldHSWgwWk10UEQ5VjRWRGJmSHdHb05EWjZLZXFvTVBaWGxOMm9RR0NGYzdB?oc=5
CNQ.TO,2025-07-16,CNQ’s Dividend History: What Investors Should Know Before Buying,Yahoo Finance,https://news.google.com/rss/articles/CBMiiAFBVV95cUxPN3NQN0JiR3Q4VE1TWGdYOHdzRV8xZklnTlZYVl9udDN1Y20wd09UWjJzVUdyMVJvcjlSUzZUaWxSMG5SMEVUQWtVT01lU3JtaHZZNllZN1pHSHhUUVBZa1lXRWNMaHVGZjROekpIcTJQa1A3akp5UlpET3k5dHMybmtrNFc5cmdt?oc=5
CNQ.TO,2025-07-16,This 5.5% Dividend Stock Is a Cash Flow Machine,Yahoo! Finance Canada,https://news.google.com/rss/articles/CBMifEFVX3lxTE50WU5DRHBGZEhSZVd2Q1J1YUdzMXpxRWJJVjdyTGhXRjUtS1NoY2VlbVJheklFTWhfcFJCcEFpUG1HdmdpdFBRNzVCRjFXZk5Ja0VGR1BQU1VCN2ZseDhiNDBzQUtIT29WZHRFTXROSkFHZ3VUOEphdVBEMjE?oc=5
CNQ.TO,2025-07-18,3 No-Brainer Energy Stocks to Buy Right Now for Less Than $200,Yahoo! Finance Canada,https://news.google.com/rss/articles/CBMigAFBVV95cUxPNndFM0YtMEtJdDExeTRfRkhmZXBfek1lTnp0R3o0MmFCTnN0SUx4TS1tMlA4a2xRM05FOGhQelJJZVJndDZSTE9TOWZNdm1DUEVQQ1NWd2EtS1NvbHRjQzZmb1hfbGdfX2J4VnYxUm9UcElKc2p0TWszLU5BcmJ6cw?oc=5
CNQ.TO,2025-07-19,Canadian Natural Stock: See Already Impressive Margins Boosted By LNG Canada (NYSE:CNQ),Seeking Alpha,https://news.google.com/rss/articles/CBMiuwFBVV95cUxOa3RnNjJwcVd2VFhweDJGY3dHc3VfUVlmXzM2dHpidGl1V3hrTkRSazFkRnVYN19FZWgtOUtKRDBmUGs3N0tVdV8wMG9nTnM0ZUJmVEtCd2gzYWVZR2lYOTFqM0VEODJ5TDVKUWdDbXB0eENORUZ2QWVLUVNISGRvMmZISS1PZlBxZXVSNm5MUWNjUnIwcEZvdFFidjQ0QmZYd01Qdkt2SUtrWGlDNWdLMlVGS2pPWEJDOWNF?oc=5
CNQ.TO,2025-07-22,3 Undervalued Canadian Dividend Stocks to Buy Now and Hold for Years,Yahoo! Finance Canada,https://news.google.com/rss/articles/CBMikAFBVV95cUxNcFFSREg2UDRfOXBxN2VEOGlRYVl4SjBoMzUxRzA5VjZTeWRjUDN2NkZ0VEQwYVBjMW9CaVJoZzhwMl9pNk56aGpJSk1ROFVWblcxYlJpV0JJS0thNlpsYnFYdllhaG52a0NwVTZ1YkMxcE8waS1VOXNSdW1BcHNINkh6cDNnUG0zcEhSSzhBN1Y?oc=5
CNQ.TO,2025-07-22,"Here’s How Many Shares of Canadian Natural Resources You’d Need to Get $13,640 in Yearly Dividends",Yahoo! Finance Canada,https://news.google.com/rss/articles/CBMikAFBVV95cUxOWm9LU2hEVDRHZk9RdUJvQk5ZR3FGY1lwcG5mOE54bmF4WUdpTm1CNVVyMkJMYWI5LWFqa0lxamI2MG92UFVVdUU3WkxsYmZTVE15NDBZTk5ublRFQVd1MlRHMXBXdEdOdzdLVkE5UllFX3RKbm84cmhTcldDenVwREhHbmZsTy1qZDBfR09mN0Y?oc=5
CNQ.TO,2025-07-23,"How I’d Invest $250,000 in Canadian Dividend Stocks and Never Worry About Cash Flow Again",Yahoo! Finance Canada,https://news.google.com/rss/articles/CBMif0FVX3lxTFB1c1gwRzlHRFN1WXU5UWlHeDNKOFdRNVR1Xy1aLUNmWkg2REtZeElqMkk2eGZydFVmVUQzMFpzcXRDckJqRU1vVWFJN2NfeUgzWS1VaUdwemQzWmNhenhoVU9aTk5FTWU5Tms1TWlyMTlFbkI5Q0NWTGIzRGdvSmc?oc=5
CNQ.TO,2025-07-24,Top 10 biggest oil companies in the world,Capital.com,https://news.google.com/rss/articles/CBMiZ0FVX3lxTE5VQzFpX0swVHRLT3dlUmRmeHJBRThDTmF6eTE1a2dJTGxQVFduWEhYSTZXNmRnSVdKWjJKa3ZaY2VrVDJoMFdSREJLRG01c3RFRERkYnBzTjA5bjFhUV96MHB3V3cxODQ?oc=5
CNQ.TO,2025-07-25,Cenovus floated as potential competing bidder for hostile takeover target MEG Energy,Global News,https://news.google.com/rss/articles/CBMieEFVX3lxTE11TElBMVJuQUFpWnBtU0t5eXo0Ukd1M2lxaEVnYVVFZFVQZDROMFlhQzB6R2Y2N1FzWUx5SUlnWUU5TnI3YlIzczNRSHNzRVZfSUVRUFVOM2gtNUE3NEx6WFJlTmt0X1VueDFFN2FBTkxzNE92VktHVg?oc=5
CNQ.TO,2025-07-25,4 Canadian E&P Stocks That Stand Out in a Weak Oil Market,TradingView,https://news.google.com/rss/articles/CBMiswFBVV95cUxPX0lVUHUtTzkzeGdjZHNaZ1NzNHZHNDlzYy1zMGZVczNMOW5TMHJWVFJfNDZDSEJTV25KMGV0YjVnd1NUaVFBVTVXRHhlR3k3VWFqdHVpQ1NNRnE3Rzl3NDV6a1BPNGlGeFAyUWNlS1NUamhkTmNnLXdweWlhTkNrT1JkYV9jSXVzRWxtQkJWeDdTeVgtaUoyYlQ0ajRLRlQ5dWhQdDN1QWFHT0pVRjZYTUZyQQ?oc=5
CNQ.TO,2025-07-25,This Canadian Energy Stock Is Down 31% and Ready to Soar,Yahoo! Finance Canada,https://news.google.com/rss/articles/CBMihAFBVV95cUxOeUtFQ2NaREZKb0hfT3EwRjdDVTJoVGt2UW8wNlZEbEZFckRmMXJWWjc4SGRmdVE2MkFENm1XX0FHakxxOWpmcHpMRWZnZTVkSXBuWVozVVREdC1QV0tFMHVCN3pJSEJuand2NzdiRHh2NktjOUNtYnlFOXZMb0txeXQ5RzA?oc=5
CNQ.TO,2025-07-25,1 Magnificent Canadian Energy Stock Down 22% to Buy and Hold for Decades,Yahoo! Finance Canada,https://news.google.com/rss/articles/CBMijAFBVV95cUxQUm1lNHhiaGpsYkRqb0FzemlfR2ZTOExrdmdkbWxMalFWTl9KajY2eE01VVVTVEpiRGVkYXRwUHRJNDBBLTAwdmlYU3k3aUN1bE5BTDFYcWR2SDlWZjhYTVR0WG92WFF3VFdFc0FLOUpKcHhreVhIRzcxdEZzU3A5dXFjc0J4c2EwVUZFSg?oc=5
CNQ.TO,2025-07-25,Everyone’s Talking About Energy Stocks. Here’s a Smarter Way to Invest,Yahoo! Finance Canada,https://news.google.com/rss/articles/CBMikAFBVV95cUxQMDlqVjBYcWhfbkFmUkxZTFZKdWZfbzRDVkVmR1UwbkJORXk4eG1tWDNfX2h4eWpOZFVqcXdWUkc0Yi1xTHdCRng0Z1JZSnJiM05TamVGYlBvVFgwR1ZBbmFfVTk0elRTeEFkVWkzdV85a0VnU1YwQ3RsV1pSTDdSVVBZVGMxcDFFTmd5cjNyMEg?oc=5
CNQ.TO,2025-07-25,"TFSA: Invest $25,000 in Canadian Natural Resources Stock and Create $3,800 in Annual Passive Income",Yahoo! Finance Canada,https://news.google.com/rss/articles/CBMiggFBVV95cUxQOHhrdU1adV9WQTY4bGtabDZRajR0UDVhRTh2dF9PcFFhNTA1MjdxcFV3NFRLaGh2VkstcUxpX1d6Nks5OThrME5DTERZM1NqbUJzaW81bkgtYW9oRTNfcmVPY1hKX0dpRVRKOXdqZjJzU1k1ZHd5bTZUc21DWnU2eTV3?oc=5
CNQ.TO,2025-07-28,"U.S. companies, investors 'kicking tires' and quietly shopping in Canada's oilpatch",Financial Post,https://news.google.com/rss/articles/CBMiqgFBVV95cUxOajNqaVNKaFJ3VVdNT3Y4V2I1S0dPR2hVMnNSaWpuNVlFSEdhT0Q5bXJsekhUSDhjdmltcUFycHBOQ2JEVk11WDBBYk1BbUpFTnpGc2hIWXBkaktPWEZGeDRiM2t6LW82b1E2QlNfbTJOYkRhb20xUHJsN1g5RHZmZWRxc3BnYmM4dWxiTGZZdzd0YThXV0theThnYk4yUkNNMjEyVTFJU3N5UQ?oc=5
CNQ.TO,2025-07-28,Why We Highly Rate American Funds EUPAC,Morningstar,https://news.google.com/rss/articles/CBMifkFVX3lxTE9QN0JGZFlRTWFvU3RCek9VU1M4OTV3bkdYbnNMNEk1NXA5c2t0d1hNX3BiaWhpQ1JIeEdBeWlpM0JxdWlkeHlKeWNDam5heUctM1NueVRwLUk3VS01aXhITS1iVzMxUW02RDlzTEFYOFBxZGd4aFpCbmo4YkJUQQ?oc=5
CNQ.TO,2025-07-29,3 Canadian Stocks to Buy and Hold for a Lifetime,Yahoo! Finance Canada,https://news.google.com/rss/articles/CBMigAFBVV95cUxNUEdQdE8yZHU3ejlDVnJPbmo1al81V3JNc01ObWxyQ2V1ZFpmcS16bmNkaUJyZzkzSFVnWXAyZFQ3cVZ4c2V0TVFJSEJZS2t1VWZtNHNEc1c5cDdHbm1vbndLVm1kYlUwTW1JeE41andTMjc2SUxmZHY4NUdLSDNsYw?oc=5
CNQ.TO,2025-07-31,"Australia and Canada should cooperate, not compete, on critical minerals",The Strategist | ASPI's analysis and commentary site,https://news.google.com/rss/articles/CBMiqAFBVV95cUxOYl9VM0hrV2FHWGZPeGJmMDBOTmxONlpuSDBHQ242YnZod3ZuU1NybGM3aXpuempOblJEdVlEWEl4WURlRjUtbkFFUENMbkNhZDE5QmhVeWQwbFF4M3pCTGVXN0xaYUd1dEhEMjZNX1hkWmRzRmdwWTQ5WEdKS1BSb0dFVERTRkdqdDV0WFJzLVpTWnNGLWxIWEpSYURqVmdzM1ZmU1ppM2Q?oc=5
CNQ.TO,2025-07-31,"Chris Thom’s Top Picks for July 31, 2025",BNN Bloomberg,https://news.google.com/rss/articles/CBMijwFBVV95cUxOTi1jZ3pjRXlVa2NwbTM5X2VKcVdOeDlkQV9ZaGYzOHlRM2xydFVsMjVvNUlLRkVHVndqTDVQN2FLTENaT0tGcUtWcXJfY09fWjN2WFg5dkZ5d3dBdnRVTGxlSGsyVHhseGRMRHdRSm4wM1UyRXZvaHZxN1ZsQ2RVVkh5TW5PTUJkMnBxV1VZSQ?oc=5
CNQ.TO,2025-07-31,"Chris Thom's Top Picks: Lululemon, Teck Resources & Canadian Natural Resources",BNN Bloomberg,https://news.google.com/rss/articles/CBMi0wFBVV95cUxQbkN6eXV0UmFOdHQ0SzdUTHBzcXVYM3R4QjVBQzlxdHF2VEdHOTdwNHZ3ckFJTXl3dmxvalJJeWdGYzRrNjFUY2t1d2JmWk9sNjh1VWpoY2pVWmNMUnNSMmZuclViVnNwWHlwd3I4Ui1GVWZ4R09ocS0yS193aVR4b2JZQmNuMXNIb3Ziel9jUzVMdi1Xem14emNKNmJTTWFzX3R5Zm9nUVpTblczVHdvSEpKa3Q3eWJDZW1hX3Q4S0VwSjQ4SF9ySlBTTGFfajktT1FR?oc=5
CNQ.TO,2025-07-31,XLE: Everything You Need To Know About Leading Energy ETF (NYSEARCA:XLE),Seeking Alpha,https://news.google.com/rss/articles/CBMingFBVV95cUxQajZHM3JmemVDYktSLXNDcXhVdVVUd2d5M1FGTnktam5COU9lNVhlMVRMMHAxSUtxYTNrWVRLVHhqdTl5Q3h4cGZ4VFNjVmJFQVoyYmdOSlNFX2hiU3hxdFd1c000czNLTXB6b1FmQm1YNGlTNFBzM2tnSzdKaDlSSXdBNlVGbE5KdFFwZGtKcHlpUU9tZ3BuQ3lTOXpZUQ?oc=5
CNQ.TO,2025-08-03,13 Best Canadian Dividend Stocks For 2025,Tawcan,https://news.google.com/rss/articles/CBMiXkFVX3lxTE1pVDhjU0RaN1pEX2JnbklCRG9yeXJKMXhCY1hGRnNWT2tGYkI5XzlfZTgtNjVaTDJxT05DbVNPNjNLcjVpS0ZuTktReXJUQm13VDI2RUI4dmVrSUNWbFE?oc=5
CNQ.TO,2025-08-03,Top Canadian Dividend ETFs - Why We Don't Own Them,Tawcan,https://news.google.com/rss/articles/CBMiYEFVX3lxTFBLVXJKcGsyWHBlcmtreTNKVk1LdGNTbnN4V0FtT2NxVXRIckp1QmJFemFacVpDZGI4eGpBdVFXNGJ0Qk1iSDAzd1JnMlNuLWp3Wkx5dW9YbmhfMzVIVEZUNg?oc=5
CNQ.TO,2025-08-05,Scotiabank strategist believes his ‘Top 30 Dividend Payers’ list of stocks will outperform,The Globe and Mail,https://news.google.com/rss/articles/CBMi2gFBVV95cUxQcXdYR0NJVF96TERJS2Ryamt2c2dkdDFubFJmcUhDNEhYY2RPRzVWdEdWSW55NVlNQjNERmNPeWMxMDlkM0RxTFNkbEVFVFNicm5WeGZOUFRzd3VudXhlVjFYNUU2akdnRTgyWUVNazRXRGJKMEtBTG5rRVZwWmZyTUp0Q2dxM2VUOEhDam5HZDR2OEpHeXdPNVFnWE5VZTNVWTFsM2lfQ1VKVXFVYlc4WkJYUUNiMURnMTgzMmQzWWpBb0hJb0JlckFWaC15eGZ3aG5tMGpKVElfQQ?oc=5
CNQ.TO,2025-08-05,Blue chip stocks: Help your clients choose the best!,Wealth Professional,https://news.google.com/rss/articles/CBMirwFBVV95cUxNbWI5N2tEb0VsZHdLTzRpZXcwMVZJYkdBYXpnRlNwb1NENWpFUTMtdFZwWDB2OXpBekhqWXZMWmRnNElxWWNyY1Rfdk83YjlLTHI5bktITEpPdzdkTVhJOXRuZmlvV2xVbmktYVI4Y3Q5dlFUZjhiTjdzWm9jQkdEdWdwQ3RTYWZDTnRUZThCeEJJSlZUZWQ2WXNoeldUcEc2SXNROS1VUDMxWlRON3FZ?oc=5
CNQ.TO,2025-08-05,What Are Some Good Utility Stocks to Buy?,Yahoo! Finance Canada,https://news.google.com/rss/articles/CBMifEFVX3lxTE4xR3VXZ3NJQlh3TXhUNnllV1RpVHlTVkZHZVZVUGtoNHlBZlZ0S043UWdRYWRULUVGWktmQ3Jha3BDZ1FCWHgtSjJ3MXpNUXpJcko4ZGRadXBLVjhkVTF4WXR1WUJJUWJwb0UtRW5LZGRzd1pfcmNxWEtVZV8?oc=5
CNQ.TO,2025-08-05,AltaGas Stock Is Near Its 52-Week High: Should You Buy the Stock?,Yahoo! Finance Canada,https://news.google.com/rss/articles/CBMigAFBVV95cUxPSWZiUl9qTXIxSFJvbXRqNlJYd0tOaU9aeEg2YUlHdWJ2UU5yaTdWal9nclgyUmZlV3BjczZBckp1U09pRjlzWlNQb1JldmV2a1dWT0ZpbkxaUGxrblBhcUpKX3dybjQ4QjYtTEQ4U1J6X0tDWmpEdWVNc2FpS2ttQw?oc=5
CNQ.TO,2025-08-06,These Were the 2 Worst-Performing Stocks in the TSX in July 2025,Yahoo! Finance Canada,https://news.google.com/rss/articles/CBMihgFBVV95cUxOcnp1UFdNTVp2Zk9Yc0o5RVhrLVVEQ1RZdFhMMlVncmRJc1gwVGFaRHM0LUlubW8wVDdFazhoaFZXTXdrdWMwQ09hbmMxZEsyTWp2RkZMUE1uVXNWZUFkbHJMMmRDOUhvdTJEWU1DdDFHblVYbW9haWUzZHJfakc2SGN6V2RDZw?oc=5
CNQ.TO,2025-08-06,3 TSX Dividend Stocks for New RRSP Investors,Yahoo! Finance Canada,https://news.google.com/rss/articles/CBMigAFBVV95cUxPRldObUdRSWE2eHA0SU5YaXdPLU5OcTZoaHljVzYxT3d4MjN1UnhRTEhfanNhWjZ2cnNxcl8xanBoTFV6OVZqWDVVU1JjNnB6LWJBN19pTDdrRWNjeUpmTi11elRGYjBVVk93djEwWFEzQ3p3aDFyZEJ6dF9YYzNSQQ?oc=5
CNQ.TO,2025-08-06,Whitecap Resources Inc (TSX:WCP) TSX Smallcap Index Presence In Canadian Oil Development,kalkinemedia.com,https://news.google.com/rss/articles/CBMixgFBVV95cUxNY0ZYYlR1RkZhQ3lKOHpGbExpaC0yVk5rQ0ZHNVl2dV9YSGZ4R1JHemNMenRSODI0a0ZnWm85YjNScnZWRlU1b2RLTFFJY3RObUNfRTRHNXVNQUxxQmphaHI1VzhsN2Zzek05VXV5UTZCbmVOOXA0Mmd1MkhnZmU0SGZOWlRyc2EzZWJQaEFLTFZYbFk5Ql9YRWw1Y3FoQ1JneG1UUHhfc3dGQkpidzlCSDY3WDhJbzM1ZmJBOUVFUXY3Nl91OUE?oc=5
CNQ.TO,2025-08-07,Canadian Natural Resources Limited Announces 2025 Second Quarter Results,BOE Report,https://news.google.com/rss/articles/CBMiqgFBVV95cUxPOHFkUGNlbE9KNUU2Z0FpU3JwNDg1bW9BQ19xTHFIYjMzalRBZHVtNk01cVlsdkwyU2ZsSkhxZ29IX0RzaE5yakpnd0dScV9jelZVMkNfSDlWdWhwMHI3dm55SEpmVzJSRVpncHFXdE8tUGtXNTJhak9VMWNNeV9nMUtxYm9yNUowLWtodzJmM0M4NXU2aGJlT3o5Y1VUSGF3X2h5VlJWeXJ2QdIBrwFBVV95cUxOVmxYZ2NDMkpicnlOZW9rTlNFeWt3T1lQR0dPdWh2S1plYnI0TVFmV05pUmxIdUVUMmhpdklTdURaUEdWSVBJTjk3SmtCbDI0RWpsT0FOQ1BxTjlIZlR4dnZYSi1CX08zVHBCWU92bGx1ZzBJd214ZUZNT20xMm9sLWtyRXpfVHQ2RG4xWFlicmRTdzh2V2RmRWU2MnVYRUxFV01yWmYyNG91YTFITzdn?oc=5
CNQ.TO,2025-08-07,1 Canadian Dividend Champion Down 17% For Lifetime Income,Yahoo! Finance Canada,https://news.google.com/rss/articles/CBMiigFBVV95cUxOTjJNLW5xcnpXQkNicEhCNncyVTZpTmc5OFkwQXZTbl9ZalZJOTBFRkdGQkRSMXlsdUx1RkNUR2FqWVVTU2M0S3hLbmxOZVpiNEM4cmtHMVBuWWlCU2JVRnJnOVdTbWM0MHZMbEs5b0pUb0htNnBPRVJCVVJEc3VKYXB2LXRwekxYVkE?oc=5
CNQ.TO,2025-08-07,Whitecap Resources Stock Surged 15% Last Month: Is it a Buy?,Yahoo! Finance Canada,https://news.google.com/rss/articles/CBMiiwFBVV95cUxObEpnSGVjYVQ0OFFFU0ZIRnJUVFVBUThPLWJwLVF3bEJwMzJiWWhjczZGVExKY1l0UHo1NHY5Um85LXZCYlIxc1dsWUNBVU1kdGpXaTNJR2steWdMSWxoVExzbU5nTlBXbTNHSXc2eC1feThPQlpNalBrY2hEVjEtRjBsMTVZN0k1Tmg0?oc=5
CNQ.TO,2025-08-08,Four changes to RBC analyst’s top 40 Canadian stock picks list,The Globe and Mail,https://news.google.com/rss/articles/CBMi1AFBVV95cUxPcUFxTWcxdWtOVU85bk9Ic0FfcEdQdTFSMWZnUVQ3LWJwWHp0OU1OaFlPdWJjUGpJWDhSZ2NNMkRSZWltMTFBYXVmeXpJNFQ2SzktZk5tOEJES2pBamZ1dW80eTJtOXNybnU0OTNuQS1GTXRGZXZQakNCVlZpaUVPY2duOGQ5Zkg4UkQ2SElSS3VBb2M0RmM0SXZzbXJPM2NZS2xuZUd4eUlFSUJEUnRUc3pwNWFMSjhRMVFwOXRoU2k2Ml9hZUcyTFlYNHRoU1BhYnNCUQ?oc=5
CNQ.TO,2025-08-08,3 Green Energy Stocks to Buy and Hold Through 2030,Yahoo! Finance Canada,https://news.google.com/rss/articles/CBMif0FVX3lxTE80UEFPZDVkVHVjM0tKU05ONzFIS0VLUG41RjVtNGZrb0NHblpTUU41dFFDV0dBVjduaWRmZHdva1g3WnBiWWhnNDVJRU1HM04xU3hSRk1vdXhacWFxd3NnTUVjaEZUT1dySUxlT0xxdzROaDJKVGxxUE9LeXlXdGM?oc=5
CNQ.TO,2025-08-10,"Canada, US inject $29M into New Brunswick tungsten project",Mining.com,https://news.google.com/rss/articles/CBMihwFBVV95cUxOejFtVnBpalJGU1o3NjNNVWpDMVFxTmtVcWRaYXNEcktYbmIwbi16U2xZRGRfUjZHSEprVTJXc2pURjhOSWtObFYzYjd2ckJ6RVhWeGFUU1dFVDJ1M20wZ2Joelh4OVE3X09pbmhSdDhJRjJjcXNLMllkS215SkdKcEF3bml1cTA?oc=5
CNQ.TO,2025-08-11,"John Stephenson's Top Picks: Canadian Natural Resources, Headwater Exploration & Tamarack Valley",BNN Bloomberg,https://news.google.com/rss/articles/CBMi6wFBVV95cUxOdTVGejg1YXhaeS1zY3RWcElHem1SV1ZYcl9FdjR6MVMtMmlsOVExWU5CNURCNTVwbl91ZmcwV2RjQzlmbFdGZllPWnVyNTFFT1ZVU1NWbEQ5UUVYcDZsaklHb1UzSDRJcU1SWk4xVGV3bU4xTy1PTE11OWFxSkp5bGkyM01ic3lTUUVad1Y5c2NjTVp0QTNERFhNcGRoNC1wMFBBdzNiblR2VlNUQWNuYmRLLUI2QjJqT1lxRkJ0R09Bb05vSlFwdVppZkhKNXlSaVFvWEVFWjZkVGVPazlxUDNvQ2MtVGtkeG9v?oc=5
CNQ.TO,2025-08-11,"John Stephenson’s Top Picks for August 11, 2025",BNN Bloomberg,https://news.google.com/rss/articles/CBMimAFBVV95cUxPWEloZkw4blJ5SWpnYlNhcWZlSE94cWlKRmhuSnFUWlBmQjRPWU1BQnhwaEpiUTF5VlhpQlJESU1oOXBRZDd2OC1fd2pjN0lUZFhCTFh1X0RXVVhDbF9HSEo1aG5NQTJYeGU2ZV9XR3c3YzFnTk5XNm5ia2lzNThwZE5FT2dkVWVOYUhVZUdzZjJNVzAxZUNGZA?oc=5
CNQ.TO,2025-08-14,Redefining resilience with the Wildfire Resilience Consortium of Canada,Canadian Geographic,https://news.google.com/rss/articles/CBMisAFBVV95cUxQU2d5TXRabHRxdExmSW1KWXNpOHpVOEROZHhwR21DcGlueGh6Nnl4ejNDU3AyRWRoblh6SGFaRzB4c2lMOUgtNW5MMlQ3TmpURHRBdGp3QTF3MlE5M0tYbVI3ZnR6MTVoNkdBNVg0UXJrLU9UeFpTS0ZMOTZWSjZQQWs1ajRsNUt4ekxSRzR2V19RV0dESG5rTGNZekNSNmdjNHNiVEY5dXY3U2V3RWE5OQ?oc=5
CNQ.TO,2025-08-14,3 Canadian Dividend Stocks Practically Every Retiree Should Own,Yahoo! Finance Canada,https://news.google.com/rss/articles/CBMikAFBVV95cUxOSHJUcGZXdURFY1JwNXNDTHM2TG9NeVNGZ2h2M3JvaGZwUjRIdy1ob2NTdTFmN1RwaHBDbzl0UjJ5WXVLWmU2VHZ5MWpIN1NtcXVXZ2x4aUx2TTlncU1UNzlORTdDMUVfQnlHX2hDakFKZ0ktdDA1U05YMDYxWGt6WE5ZMTJiaEc5V1JncFFLSUo?oc=5
CNQ.TO,2025-08-15,10 best long-term stocks for steady growth,Wealth Professional,https://news.google.com/rss/articles/CBMipAFBVV95cUxOODUwNUUtdzFrd2NjYU1OVjlsTlU3dEh6WmU1RFVVZ09Gdy1NQWctb084Q05ZYzhadF9sUktjaDBjU2EyQm9RbVRVOEl3RzlvUVBIWXczSGJ2aFkwcE5uWUlCOVY3YUxuRlpjdEs1M2pnRlBFUmJ2ZkFYejVReVoxN1p6Wmlfek9Hek9RTEFRSEduWFZ5OU54cVBLLVo4YlJkTmowZg?oc=5
CNQ.TO,2025-08-18,Is Tourmaline Oil Stock a Buy?,Yahoo! Finance Canada,https://news.google.com/rss/articles/CBMifkFVX3lxTE1IZjlGMTVpQ1pYSlp5cUlYa0hlMWt3c3M3ZzhZZ0EyUVQ4SlE2UWxoaUJuSzdmaWxaY2Q1ZWU2S0FUUXBRR1hlNThQS09YT3o0d0ZpcHFzQXNWMUhLSHBoM2pZaHpnR1VBOS14TmlBU3BrOW1VSGFBSDU3UTlVQQ?oc=5
CNQ.TO,2025-08-18,Want to Invest in Energy Producers? 2 Stocks That Are Great Buys Right Now,Yahoo! Finance Canada,https://news.google.com/rss/articles/CBMihgFBVV95cUxPR2x2RjkzQlFoaXBQMm1zTHliZTRLLUtCUlNDZWQ3Y000dlFNM2xvS2MyaXNYRVNjcHhJeVVleTR1a2N1VHJBcm5vdU9CcUpIN0VuQUJfTWFqQ2ZMQzdMVDBGU0ZKeDlQZkFhSVU1NGFFeTlsN0UtN2syeUEtWTFaZERZUDN5Zw?oc=5
CNQ.TO,2025-08-18,"Building a Sovereign, Value-Added, and Sustainable Economy",Policy Alternatives,https://news.google.com/rss/articles/CBMiqAFBVV95cUxOMWpIeTA0QmtGTm1CdmpzYTZKU19XN21pNTB1eDZZbXp0N3Z0Wm92VlVmRTQtbVNHMklZOGhMUTl3MVB1ekY1M0hJc1JXQTZfOFZjXzc0bXhuNEtSTWRTNUJHNWFpdkNzbEl2a3ZSMEJ2MlVpWXNhTkgycnp3ODVkajd4d2xSQkJwdHUxZGhoS2w2WFdxVHR6UkwxeGZ0YWNtSThwNjVQc2g?oc=5
CNQ.TO,2025-08-19,1 Magnificent TSX Stock Down 27% to Buy and Hold Forever,Yahoo! Finance Canada,https://news.google.com/rss/articles/CBMigwFBVV95cUxOYjdkVjN3S0VjdzNWU2Z2MUg0eTNYeV9oVVdDQWpTamdUS0Zrczd6YVA5RGUyNUZNWFJkb1pDWXVUUndHNFhDOERpZHpyUm5YZW5FUnJJY3MwQktvZ0VMalVnMVRmRWpzVy1uSExoMk1zaGdBNGs2UF96cEFWeVdsNW92cw?oc=5
CNQ.TO,2025-08-20,Is Canada betting big on LNG at just the wrong time?,Canada's National Observer,https://news.google.com/rss/articles/CBMikgFBVV95cUxOa0NuQ1dpaENtNE1RVTl6VmNwc0VCZ0dVcWEzWmZpUFZZNXpQN2xEWU1ueThJYW45cEh0R1NnblctamxsZVE0Zk5NUUhibDJZRTV4MThQcFZHYWs4RE5pM1FDdng2cmI1TVc1aHdRQTgzWDYxeGFhTFNzbkJNUVdWUTZ5d1NFTkhHMXJYQnFkSXdsdw?oc=5
CNQ.TO,2025-08-21,Upgrading Canada's Homes: A path to net-zero,International Institute for Sustainable Development,https://news.google.com/rss/articles/CBMigwFBVV95cUxQSlk1dEk2RVZSdFRPS2ZnYURLcy1ENC1oYXp2S1RlcTl1Q3hZUE8xMzlybzZIcXl1a01iOFl4SDRZNF9FV1RYZjlsV1JKWnBpSlc1MDEzYTlIcjl2TURfOTR6ZkM0VXcxS1pQaU1ITVJXTmdOY3VJRV9VOWtWX3BtOTB3VQ?oc=5
CNQ.TO,2025-08-21,This Canadian Oil Explorer Might Be the Value Spot of 2025,Yahoo! Finance Canada,https://news.google.com/rss/articles/CBMiigFBVV95cUxPUDZ4eVVvWmRIZWNNemlhMkVKUi1wNVZKNkMtYkF6bEJVY05XZHluX2VEMWhsX0UwY2theXRUdWlnblVxMFg2SHZPUFNQUU9JZUsxdVE4NUxLZHkzSXUzcnhXY2ZDa3Jza0J6Z3E1NGhiMGI1NS05NVlOdzdHM2xtdmE2cUJ0c3NkeVE?oc=5
CNQ.TO,2025-08-22,Cenovus unveils $7.9-billion white-knight bid for MEG Energy,Financial Post,https://news.google.com/rss/articles/CBMigAFBVV95cUxPWk51ZTJ0RlMtX2VWZ1hWb29jSldzeUw3ZkRRZHJzZWUwRWlTQTNDQUhXN2daUG5qbkZadUhEVWFLMjFpMlR1X0pEQkxWVzFGalZBOXhkVnJCd2x0Ukt3NXdVUlY4NWhFQW96NWhqdHkzdVVSaWV6Qm9lTTlmQk5HeQ?oc=5
CNQ.TO,2025-08-23,4 CRA Traps That Could Reduce Your CPP Payments,The Motley Fool Canada,https://news.google.com/rss/articles/CBMihgFBVV95cUxOVWdaWjJtUWtWZ0UzY0RLQzQxVTJBNWM2LU9pRWg2VnVlTkdJLXdvdF9mVkR2MEgwNkpoc2x2U3N5MmZ0ZnhSaE1PWURBVXZiWkhjcDhpLUptMzRFZTloVTIzOVZtRjJEYlhGSmNKYzdRcmg2cWVqVHVaWGMxaG50TGg5Vnc0QQ?oc=5
CNQ.TO,2025-08-27,All-Time Highs Got You Worried? Where Smart Canadian Money Can Go Now,Yahoo! Finance Canada,https://news.google.com/rss/articles/CBMigwFBVV95cUxQLU1vX1RoMzNQTE9jajRGblBoR2pGQm82TlpVX0taUTNvRXNKMWthUzJEMzdENEF2MzFva0NtNklnUFByVzJ4dXdhbTROZlFXbktwaEV6YWdkdnBDeEpyVDFXaXJncXNNQUpyQ3hYRWhfenlBZk5PQkUtbG4zZnk0WWVvWQ?oc=5
CNQ.TO,2025-09-05,3 High-Yield Canadian Oil Stocks for Income Investors,Investing.com,https://news.google.com/rss/articles/CBMingFBVV95cUxPci14OFphQVdPejVzdVdrVE5XY0NZM1daV2ptVVRrTEtvTHZrMEI1Sk5XRV9QOTZWa2k3UEZCSEVrNjNPUXpHWFpKbnZPeUlZck1KTWRJbzJmNTBDQ1pNbkN5c2FHUGd1SW1LTXVfUUZCSG0xTTRxMThHdFJ3M0w5ajkyZkR3amRoUUlMMU13ekNYVXNsWWQ3RkRKZ1Bhdw?oc=5
CNQ.TO,2025-09-08,Canadian Natural Resources: Should You Buy the Pullback?,Yahoo! Finance Canada,https://news.google.com/rss/articles/CBMikgFBVV95cUxNcmF2UVVXTzc0ZEJ0ZGFnTUhSTmg2Y0g2SzliZE9IWEVLS3M2MFB0aTFjUEVGZ3ZsdTNOclp6N0JhSmwzaXVfLVNVLUF0ZGdJY3RRRnBwdmhWQ3lJLVdQbVpnbGtaSklQZHVGTVNWc05qQjY2QUN0T1N4MmdYSFN3dmx0dlVvcWdyWTdZTVhteHJsZw?oc=5
CNQ.TO,2025-09-09,20 Years of Passive Income: 2 Canadian Dividend Stocks to Buy Now,Yahoo! Finance Canada,https://news.google.com/rss/articles/CBMif0FVX3lxTFBXTzBJejFQYlhQbXdYVnlxU3FjS1hJNHRDN2dsbmVra1IzeV9IdGVqSlhLMi02eHlmRjN2SkVtbk1WMnJCNzEwdjhIMHo1dVFFemFma191N1JaQzlnajQwTVNEemk1RlUwQjhSSVhWXzBteE1rbXRoM05aVXZaX1U?oc=5
CNQ.TO,2025-09-10,Investing in a Green Future: 9 Hydrogen Stocks to Watch,Investing News Network,https://news.google.com/rss/articles/CBMiX0FVX3lxTE1GUm5UakFPUEZmMk9Obk9OUkloOHlvYllzb3M5eFhYdVhrZ3owUUJ2MFVpd2FLMDVHbjgtN2k4TDN1ZjV0bldWUC1qNlNxaFQ1akU2UXJ2TGN0aUNsM0dz?oc=5
CNQ.TO,2025-09-10,3 Canadian Stocks That Deliver Income and Potential Capital Gains,Yahoo! Finance Canada,https://news.google.com/rss/articles/CBMiiAFBVV95cUxONDRGelFlNlplU0NEUDlhRkl2RlNCSDR2N3BPMUo2bzV5aGRDT2M5NFpMcTRVYWpEQUs2Z2wzbTg3RFB4alMzQ2pHZmMxQ3BZcTRVTVBzNmVidERBS2RSUVhycFZ0LWRtWEZEdV84ZlM2V0xVN21VY1B4Q3Y4N0VfT3FneHU5VG9z?oc=5
CNQ.TO,2025-09-12,2 Magnificent TSX Dividend Stocks Trading at a Discount to Buy Now and Own Forever,Yahoo! Finance Canada,https://news.google.com/rss/articles/CBMiigFBVV95cUxQa2picWFLVlFVNVpJSENwY2M0TUQxQjRsbUZ2TG96bXpISDdLNW9ERkQ2MUFvX3ZUeGgwY3I0eW9jOVFTSEJraU5fOXZUN0lCZ29rZ2JhaXVTeWIxU2g4LTZqdV9OeXFYS2tOdGpFRjFNNlpQT0lsTE5jV0kyTGM0ZnBkbVZYa2Fud3c?oc=5
CNQ.TO,2025-09-12,3 Hidden Dividend Gems With Rock-Solid Payments,Yahoo! Finance Canada,https://news.google.com/rss/articles/CBMiggFBVV95cUxOMW4tZXZIZWgzN2luUy1BX0NWVXM0MlplSHBBUkhuSkdIVkJBamppUG5lUm5aWEZUSEx6d0UzYUMxZkZKQVNKOFR2a1RfNE5pVTRwaTdHbU5kZHQ3Q1dGWFJjTjRtVkg0Ym1lU2cxOFZ2eVowS1d4WkE4aFJFdmt5YUdB?oc=5
CNQ.TO,2025-09-13,"Enbridge Is Excellent, But I Prefer This Stock",Yahoo! Finance Canada,https://news.google.com/rss/articles/CBMihwFBVV95cUxNMzAwa3JKRmViU0VkUmp0dkJKeFRsMFlzOThIVnU2RVBheGxrdU1mWkpTT0lEeUY2cThuS2lZNUxSUFJNMzR6VjE5WFVCVmltd185SlZaWVFHbmlOeEppQTZuMHZFc1pGWkJYOHRLRHgtY2lsR3FMSlpkZ0xqbnhzTVM5RHVQNm8?oc=5
CNQ.TO,2025-09-16,Are renewable energy stocks bigger than Trump? The answer may surprise you,The Globe and Mail,https://news.google.com/rss/articles/CBMisAFBVV95cUxPMVd2ZEd5LWhQRHN4OWZGWldwU3dlTWFWVkVWSkh2NU5TVkhVeTlZTmlIVzZsc3h5aUgyOGRZN05XRmFqdXVjRDYzb3AzcUFLd0tocDFBRmZxNTFWRnVjX1FKRTBjRUI0a1pXLUlOOFFlaGstWDVYWHo3OEJsZmZEaVI0MlZDTDZQR3FmTE1uLVlQMEg5cjNXR3JtSGt2VTBoQ1RBZWpHR21TTG1IQkVSNg?oc=5
CNQ.TO,2025-09-16,2 Dividend Stocks to Buy for Lifetime Income,Yahoo! Finance Canada,https://news.google.com/rss/articles/CBMihgFBVV95cUxNNGFrTzctcl91Vm81SmFPb0NuSC1TZjhpZUdfNlU3RG1sR3g4TGNxUmQxV3JuZVlVelZlNERNNTdFWmVFQXF0R0c2M3lSZnR5ekRueWRoZ05pUElUQkhZUVVGWURXNGVPQmNQLXgxZ2FaRFMxZU01LVZIdG03MWpXUUUtRUUyUQ?oc=5
CNQ.TO,2025-09-17,The Canadian Energy Stock I’m Buying Now (Its a Steal!),Yahoo! Finance Canada,https://news.google.com/rss/articles/CBMihgFBVV95cUxQQkZhRU1uSEtxOWlXRlRCbWo1NnEtVlpqMl9jeUZDU2JEX2ZjNldIMldpR2lWempOUWtCRFBnM0FoRUZxM2JpVWREMkt6d0ZMWm40Y3AxbE1qT0tpenZqcUM2cThaQ0hOTVVqZHpuNkxWX2hVUVVTc2lYQU1BNjE3d3RGT0hZQQ?oc=5
CNQ.TO,2025-09-18,"Dividend Strategy: How Many Canadian Natural Shares Equal $2,000 in Yearly Income",Yahoo! Finance Canada,https://news.google.com/rss/articles/CBMikgFBVV95cUxObzcyUXotYlE2cU51RTNCS3hSTjNfSE9WdkhJbVBCNEJaM2NDbzdHVUJoTzdXV1dWSzZoQkd0TWpWNXRya2xuTEhmcXMzNnJtWkNGZDlCOGlhM3RGeWJXT3FUbXRfR2NLbXgzUVYyX2RmenVNLXo2ZGFGSTVGZWRkcWxTdGFUaGFMQ1NwNWNtWm1Gdw?oc=5
CNQ.TO,2025-09-18,Oregon Rep. Val Hoyle violated STOCK Act by missing deadlines to disclose 217 stock transactions,Oregon Capital Chronicle,https://news.google.com/rss/articles/CBMi2gFBVV95cUxNMkZZZG9yRHFwbXgtMHMtN3FGUDhzQm5aMk5ISXYzd1VRUEs1aEM0M2g1QV9UcS1za2dxVjJHcENGWTIzd2NhbnBXZlhQTU81TUM1YVhiWWMwd1h4eWZpY0d6Vk9mMzkwbDZUVGRQMXlQUHI3NTA2N2VpQ0x5cTg3RG5mendjdVVaOE5ZWnZqa2pSOFBueGhpX1IzM0NUOGIyZ1ZoZFhqMnZxdkh4RWY5ZkxYU01ob2xRQ0R0QWdURXBab1VZNlppbmIzTm9ES08weWpLQ1M0cUhVdw?oc=5
CNQ.TO,2025-09-19,Should Investors Buy Whitecap Resources Today?,Yahoo! Finance Canada,https://news.google.com/rss/articles/CBMikAFBVV95cUxQZTJPbmt2V0dVMWx0a2Jsc3N6Qjd6ZDBiQzVMX1pUdHBLRXFack91R2NYOXVTbGdoVXNrQ0tzM2lBeDRRV2d0TU02RUE4Mmg1blY1bm5aV0tjVTBxenBJYWhIWXFhY29fdWhLXzdOQy1abjEwaTZFMk1ORVdjdmRmZUxQa2N5YnZGUlJCZkRIaTA?oc=5
CNQ.TO,2025-09-23,ETFs Investing in Canadian Natural Resources Limited Stocks,TradingView,https://news.google.com/rss/articles/CBMiXkFVX3lxTE04djBPVFdaejQ3UkRrc3ZLR28yVUk0Ml95Qm04cWtaV2dTbHZtTHFtMHJGTXJuNEJYU1QtU1poMXN4ZGpjblpvZ3JVZVJhVWlEZ2NvUFFZSDhJYWFpVEE?oc=5
CNQ.TO,2025-09-25,How RBC’s Stu Kedwell mixes Canadian and U.S. stocks to beat market index,The Globe and Mail,https://news.google.com/rss/articles/CBMixgFBVV95cUxOWC1MVjdZX2JRc1JEWlgwN2lqcHNUUTRQbFBiTk5TdDVZWWNvb2otSmk5a2tYSndmZml6TGNuV3Y0NEFhRi1VZUxweGhGU1FJXzJkUHBORXNwNUUxRW5mOWNzN1QtUklvb2pBY2V2VmJRRW1BLUlualVDblk3aWNfdUpzSkxaOU0zaFNSdmpkeFVaLVZER2NOeFRaYTVYV0RWWTdRaFhwTEZPQ2lXSUtVT2dNV1hrbl9iREcxSjk0Nko3SGtfaFE?oc=5
CNQ.TO,2025-09-25,2 Canadian Dividend Stocks That Increase Payments Over Time,Yahoo! Finance Canada,https://news.google.com/rss/articles/CBMijAFBVV95cUxOamFiNU85ZzFJcjVuYmpZM0hjOFMwaER4Q3NvelM1WC1sbDRLck42cWlYbzYtVEhXLW9PYi1HWEplLUJDWWJLRWZuVGZEUUFTVGlkeHNJWnU3enRhb2JxNWhlalVTNFc3ZWtYbi14T1BkNFNBQUtaTkphVkJmVW5hRUxHeVNxcld1NkgwTg?oc=5
CNQ.TO,2025-09-26,"'The worst September': Natural gas prices fall below zero, forcing production closures",Yahoo! Finance Canada,https://news.google.com/rss/articles/CBMiiwFBVV95cUxQZC1wUThEaG9kdXNRX0RRclJFYVM1MjFyMS1ocFZxZGxTQ1BDTTZ4SkNSOVZTTjhXRjY5U2ZBcFNSbDdyX0swczM3MjRmMlJGR2dxRDFLdllJV3ZTT0wzM1RHVkxnVGQtdk5RaGdUNkZLLVRIaUU3cTI2OVBfMkxDSVoyZGxCbGd3Y1c4?oc=5
CNQ.TO,2025-09-30,2 Natural Gas Stocks for Both Dividend Income and Growth,Yahoo! Finance Canada,https://news.google.com/rss/articles/CBMif0FVX3lxTE1SNFhLVHlYTU5JR283dGZDTmFoMW5TQ25yNWdPbWtfRnhIdjZVY292MzIxTU90SmJWUU1sbU9kampUdEh0VjZDZ2lpUmFscTBrY1hRZDJjM1lhRmNXcjlyVGZjYXlERWR6SnFYLXFxWk1VMGlBa2M4cFZyNDJKbEU?oc=5
CNQ.TO,2025-10-01,Buffett Goes Big: 2 Canadian Energy Stocks to Watch Now,Yahoo! Finance Canada,https://news.google.com/rss/articles/CBMiggFBVV95cUxPRHBvbGowdkw0dzZHbnAzYWJzYjBxbGVWMUlJTWduZ1dLT1VJUlVwN1NOUGsxZzh3LUoyWHdQX09YU3R5dkE4bk8tUndqajVXa0FlcEpZRkl6U3FPSTJjbWdOaWdIMC1vbEZDblV3LVZjZFR2MHBLdzk2VzVMQlFBanZn?oc=5
CNQ.TO,2025-10-02,4 Dividend Stocks Built to Pay You for Life,Yahoo! Finance Canada,https://news.google.com/rss/articles/CBMiggFBVV95cUxNQV9CR3FHWjlYUENGWUdpZHhVQkxzN0JIZkhEdEF5V1pfQnlnZUdQZ1hrTGV3bkFybkRrSmVDcTNDRWc1RV8wOW80eUxwUlRmN3Q2V2JRd0NtNndUX1JFVEtGaEVIcmZibVNzUWdnZ0VuaTNxcDlPZmdFUm9nNVR4MnBB?oc=5
CNQ.TO,2025-10-06,Pembina to Secure Data Center Deal With Meta in Alberta,The Globe and Mail,https://news.google.com/rss/articles/CBMi2AFBVV95cUxNNm04RFRTV0JzUFVjTUVSSEJrOXJCVlZfSVdLc08tZWNvOHBSRm9QaFNmeHpyWW4tenpvQ3RWRER5VEhBei1hLUxLb1pNWlRDMmlWOEQ5cnA4a1hwQjY5cEJzZlQ1X25KU3RNQnRuVmh5M1dqVW1nczVodEdLdzY3RzZQTjJLbE5Kdzdrd2NRWXZMQmR4TVoxMU1MeFZzZGFwdXZDSThlZHRabXlsaVZXVDVuSElpQkNySXhDRWlwZ1ZEbm50WlNSM3RsMFJsTHFaMVpvbzdfMkg?oc=5
CNQ.TO,2025-10-09,Canadian Dividend Stocks Set to Cash In on Natural Gas Surge,Yahoo! Finance Canada,https://news.google.com/rss/articles/CBMiigFBVV95cUxOc19veHN2VFprUHR3U19uMHJZc0dxRUxYZzN6MVdDU3hmWVl2V09nUzExQlNhSE9GZ3dnT2duWmZvaW56SzlyYy1KdFZjbUk4alA5LTNwZ3RDU2RPS191ZTBfTGgxRmduQ05OdlM5VDlXd3hhWF9KWjVXMHg3cHVKX0lLbGRYb05UQ3c?oc=5
CNQ.TO,2025-10-10,How Canadian Resource Stocks Could Outperform in 2025,Yahoo! Finance Canada,https://news.google.com/rss/articles/CBMijwFBVV95cUxNcmliT1M4UW85YlhyTjZsU0VJNXQ2V2p5ajI2V3ltajNQS2kzMEN6eFNrN1E0YjNDVkFwd1kwbWFnVVd3d3AzaTFmOGduTVRsbHRGME9Tck44dWtvVS1rVUlBNlZ4dkxEcWdKdWxrdU5SV0NBNjhNLWdyS1lPeUNSVjd1NUMtbjMtOGd1b0w4RQ?oc=5
CNQ.TO,2025-10-10,3 of the Safest Dividend Stocks That Always Pay Out,Yahoo! Finance Canada,https://news.google.com/rss/articles/CBMihwFBVV95cUxPSkFRVVc4YWM0U1piVUJBVFBjbjhhdXNnXy1sSGpqbVJUMDl2VzdxdEZQVGx4M3JMeWZiN3dLLVRhd3dfLTk5dnA4VGJieVNqaTR0VGI0M3k1M3ZNNlpJX1VXTUp1M3RuTGlTYXZCQUNOWHRrYm1pdmdPLTQ4SS11ZUM1dk9PdU0?oc=5
CNQ.TO,2025-10-10,"Opinion: This stock turned $10,000 into $10 million tax-free in 25 years — and it’s still going strong",MarketWatch,https://news.google.com/rss/articles/CBMiywFBVV95cUxQUWZBcTBuQWJFYnVUSm5NNlFtcDRZR3A1aHNIYW0wNXB3eGRJX1o2UjU0cWZwOVluVkotd05YV3JUU0hVY3ZKOVREUEZBaTZERUp4RmhyRHZMc3dZSjZtWm9Nd0FsTG5WYUlxMnF1U3hjdHVrN0xsZC15U09vYW1hdlJaRzA2MVVQSXlxcVk4OW1XYk00Z2pDSWluWWZwQW0xNnF1eE5VTUIxeUlMd1B2Ym1nY1RMVDBPNTFtd2lyZkJrNlRYaEYyV1gxRQ?oc=5
CNQ.TO,2025-10-16,Market Outlook: Rising power demand sparks opportunity in utilities and energy names,BNN Bloomberg,https://news.google.com/rss/articles/CBMi6AFBVV95cUxPT1lldU1fVGc1VVl4WC1sQWZRVGRtZk1JZ3FVdS1kT2hDVFlaUDlLU3VnUndtVHZVM2RTaWFlMnlHYTI5MU9lS2RGd0JhNGZiUmdQSlFpZU1yNjBxQVR5RTBLNjd2ejRnV1V3bE0tZVdJdUNJd1VVcXI4OXdlQ194ckdwRGZXM3JSaXUyN2Q0Y1kwaTN2dFBhM3pFa2FWclpRMjhNaGdCdmFKbzNscGlWMThyMEdqNUlLVGpiYkRZRm45aXJmbWZpclpCZWw2RUd4N3FkSlhOUzFmaE5WOVlyVVRpaXIwN25l?oc=5
CNQ.TO,2025-10-17,"Ryan Bushell’s Top Picks for October 17, 2025",BNN Bloomberg,https://news.google.com/rss/articles/CBMilgFBVV95cUxPaUxaMTZIZG40MHNRWjhmYnF6a25WVGxKcFE1SUZneDVfeHQySG50MmMzNmlUYkg3bWJRTzcyN2VVM3Axai1jSll2cjZaT3E4NndRY0pWSGl1RGd0Z05EcktVaFc1ajYzVUU4c2Rzemt2djFzYTBfOHNyLW1HTGpMOG93YWY5N3BGRkRBbm9IRWVMeFpCX2c?oc=5
CNQ.TO,2025-10-17,Divesting from U.S. can still pay off for Canadian retirement investors: Dale Jackson,BNN Bloomberg,https://news.google.com/rss/articles/CBMi1wFBVV95cUxOTUpKdEZGaWc3UGxSOWZ5eWNicTZZXzh0anFfRmpnT2tKRHVuTDM2Z3MtOGFCR1h0MGxIUjY3U09pbjBhQV9hTHplUWNWeWlpRXgwZnRZTVNDdGRkaTdxM3pXVkk2OWRKVmRVSXFrc1lqUWNWVFhfejZWN091bDRhYUpIamh2VG9QOTlEb2NOX2xqaC1zekVjYmdsMWlFQ1Z2emhIWkRFZmhSLU56eU9hWHhZSDBDUDIxUTFaaWxEdE5FSzQtWVlGSy1DbldONG5MaFI0T3FIcw?oc=5
CNQ.TO,2025-10-17,"Ryan Bushell's Past Picks: BCE, Northland Power & Canadian Natural Resources",BNN Bloomberg,https://news.google.com/rss/articles/CBMi0AFBVV95cUxPdUpmSkdlVkNhRUVzazJuWjRNWGZ5MkVHU1B2a2Jvcnp5MV9rT3ppV3B4QTdfV2dLZTVWMXYwd0ltME9IRkNGdGsxbHg0YmpZeWRBdmZLbzI5WC1YcmhybmJ5N1RjOTFJVzE5NGdBUzczaEtONnFtX21NVkxlbngzTmpiNlB4Nk1lYjBydmJNdEhxcGtYOXZSc1A2SzJkeW42ZWR3T2hWY1Q1bUF4dFhfekFxcnVBenQ4SDdUX1pTMC1VODZJUGtGdmN6ZGlrVzhf?oc=5
CNQ.TO,2025-10-17,CNQ vs. SU: Which Canadian Oil Giant is Worth Buying Now?,The Globe and Mail,https://news.google.com/rss/articles/CBMi1AFBVV95cUxQVDNrSWRGcmZHZFNPQTVHa0hWLWIxOE1mcUNsY0x1dTk4eXZkaHQyMURQaTNLd3l2N3ZyY1lIQnVXZWNXNW11VGVMTmlRQVliUHJabEQ5MXplei15UVdXaVp0RVNSMUw1cVk2S3Bfck9sTEtGTGVxMkFyWmtWUm5zMkpiUVVIMUwxREtYRnpNemJ3MjJvUzNMc3BHek5GVlh5LW01TVNVZGVsdVZXYVJlajVtZXlsVHo3Yi1HdmpkTFJXdy1iQkZzbGFiMzRua21fSi1HbQ?oc=5
CNQ.TO,2025-10-20,1 Canadian Energy Stock You’ll Want to Hold Forever,Yahoo! Finance Canada,https://news.google.com/rss/articles/CBMigAFBVV95cUxOZnZzbjNuSXVua1owb3VRX2pPVUhBUmZIRmxXdkh4U3A2b01kcUlYNzFfMVRiU1FFTlRyTVVnR0NudXRUVkV5NlppMEVmZF9WMklkOVVRbC1VY044VXdEQlc0MnRraG13bjlrNjEtdlVVYjR4NjJzV1dOdWwtZVAwSg?oc=5
CNQ.TO,2025-10-21,PRESS RELEASE: New AFL report shows Alberta workers have been left behind in oil and gas boom,Alberta Federation of Labour,https://news.google.com/rss/articles/CBMirgFBVV95cUxNYW9EUjZBNTZvWEhoTk9GUWppUzlld0FuV0tsRjFfQ1hEOThJa0FCcUR4NEFIMmFqUkdpVXN5R2xxTkhaWW9ucVd4Sm9KRTVHR3FDVGI1MDBnbmJOdzhlemJ5aG5wYVRYUlRPT0hvVGVaZzZ4Z0F5aXpGUDZRQTdKNHFPdTVwMS11bExHOThlZE5pd1J3WW5LQXExQXdKblRLaklCYVRLaTZsRG93bnc?oc=5
CNQ.TO,2025-10-21,"TSX Today: What to Watch for in Stocks on Tuesday, October 21",The Motley Fool Canada,https://news.google.com/rss/articles/CBMilgFBVV95cUxNRnczQURTUmxBZGxwYzd4R1ByZ3JlZUF1dTBWa0gyenJXamxnNXdMOW9qQmNrRjVoX0pCUXpTUDY1ZlRKSWtOQlRULU0wUkJ5THJyMnF1VDluTmlDRmstbmNINU5LdGFwdFNZOWk4RHVsZl9mWVV0aTJUVkwyYTcwc2pYalJ6YWFPMzVEX3pPcDBxcWhLdlE?oc=5
CNQ.TO,2025-10-22,"How I’d Invest $50,000 in Canadian Dividend Stocks",Yahoo! Finance Canada,https://news.google.com/rss/articles/CBMifkFVX3lxTE0tVkNMb2RJMzRhQ2tKSmc4dHhsR0ktb05PSjd0NkVpeFZJZVBDVjg3VDFFWnV3dzdtcXJhMzc3LTJ4dHJYQlRTS21jVGxPNE1IbTFabG5vZzBpdElYcHQ4V2hQSW0yaFM1RDh5WW8xVi1wX0wzMERZRmlKSVhoUQ?oc=5
CNQ.TO,2025-10-22,Canada needs an economic supercharger and we have one ready to be unlocked,Financial Post,https://news.google.com/rss/articles/CBMiigFBVV95cUxOWDZqVnBwamgwQzdDNGhoZ3BXSG81SWhXZGx2M1lrYVVNUHBMOFlrVExpdXhPT0tYazdpSU5JYjJIb3E5LVhfcVc2TVRVSU9OaUc5aE1nLWVoNE9jZFJhdEFJT0FXZHRzM1dHWXdaRmdYN1BDTU4zSXNDU2dEUmItaTFwSjBzdE1FVGc?oc=5
CNQ.TO,2025-10-23,3 Rock-Solid Dividend Stocks I’d Happily Own Through at Least 2035,Yahoo! Finance Canada,https://news.google.com/rss/articles/CBMigwFBVV95cUxOR0c4S0hRZVdpSi0yNENCTzlGOHVDMGpuVTVDb2x3RnNlelVHRzZNa2Z4UlNuam52LVVxUGRYUUlPWklFR3preGdCRzA5TkNSOXk4eUtaZUZuR2txWldvRVkyd0VlbjJZanMwNWdoV2F0Ykh3dFQ4b3h5MkI0SVhxX1ZKbw?oc=5
CNQ.TO,2025-10-24,"Up 350% in the Past Decade, Is CNQ Stock Still a Good Buy Right Now?",tikr.com,https://news.google.com/rss/articles/CBMilgFBVV95cUxOM1BzWUp2QkRJNmI1Sm4yRDlfSkE4UnJQaV84THhMRnFSUUxOVmwtRkgwTkpnNGxXdVc4c0I3YkRnQW02M3ZoTjhDTlpQc3JCSmFtVF95RmJkaFozdWJMazRpUHVKWHBoUmFyYUlla0RPVzFPQTZYUU5oQmJuS0UtemFiOHdCMzNMdkQ4X2xmNXlaVXlxcGc?oc=5
CNQ.TO,2025-10-24,The Canadian Energy Stock I’m Buying Now: It’s a Steal,Yahoo! Finance Canada,https://news.google.com/rss/articles/CBMihgFBVV95cUxNNTBTTkxYaEdmTDhCVTZYS0FJUXBUbldTSWphVUJmX1htbzhqNHVkQUFQLUxvVEJaeE9DNHkzLU1vcUl5OGxEZ0JkWXVJTmZvclFaYV84cGdtemtYZm1tR1RZTld0d0gtRW8xZ3FKZjlwY2VQMTZKRzI1bkhTR0EyNTB6TUpzUQ?oc=5
CNQ.TO,2025-10-24,These 3 Dividend Stocks Are Worth a Good Look,Yahoo! Finance Canada,https://news.google.com/rss/articles/CBMigwFBVV95cUxPUDhRN0tNX0dEc3VhLTZRZG9waHdDZXZCb2Nxc0t1bzlWSmEtQkFSYkRUTVN0QXAxMVlQUldzYU4wTHpydUNMZ0c5WVU4d3hDYWsyM0p5Vmw5amZ2Z1JDbkdqS2FzSTVFTWp6UW1nUTRHcTBXQmlKV1JzVm44U1g5QzJNTQ?oc=5
CNQ.TO,2025-10-25,Canadian Natural Resources: Competitive Leadership And New Sanctions Create Conditions For Growth,Seeking Alpha,https://news.google.com/rss/articles/CBMi0wFBVV95cUxOSFJmVjR1MXJVM0VnTkhuazJrNElVMnBzUHotVjF1NXpZS09pTnJDMGlHYUlTVWRkT0o4MExVenhmRENLdnBxdEMzc0Nkc0hGZHhMTzZxeWFfTjFVNmw0SDlUeVpQak55MTdDRHhpS3RaOFJTdFNYYkFsRGsyTmQ0Z0F2U3ZDVHYwak92NkJ2Slk1dmlPMzliUC1DeTJhZ3pNQklCbkpka3VFODd0dFotT3ppSU5lR0o2ZV9ZeGV6X3ZqdTVneWNfUHkxUVVYcU5MWGd3?oc=5
CNQ.TO,2025-10-27,"Down 64% From Record Highs, Can Novo Nordisk Stock Recover in Q4 of 2025?",tikr.com,https://news.google.com/rss/articles/CBMinAFBVV95cUxOTGtQNkdlOWVUdDhLcVhsejFFVzF3ZHZCRkFyTVhLXy1EZ0U1dXI2UXEwUG5HSEM1V3M4M29HQkt0MERyQkdPVlNjcTBWdU9mVHBaQXJ0eUJJZ2pYRlNPTzJkRTRqR1Mxb1NMSkhYV0l0ZHlEb1lReWlyRUF3QlVoVVcyMWFwX1JlaHdKa0JyNk02Um1YQVlTbTdNS00?oc=5
CNQ.TO,2025-10-27,Why CNQ Stock Remains a Buy Despite a 10% Decline in a Year,The Globe and Mail,https://news.google.com/rss/articles/CBMi2gFBVV95cUxNWHJNZ1BLdk5vdm0xODZrSGdHS19oMTBZb0ZtbnV3b0RpcnNUSU9kczVmeHVQS1hBejZ1enFsU3lHZ0ZhcXdyazQ4bnQ1c05lSmZ6SFJCS0VXWDBtUWxtM0Q1TDNMOEZWOXp0VlR4N01KblhEczVEaEg2QUFaZldpY0JYMGpySjF4Z0FsQXBLck5BckFVWXFndjljc1RWdmdlOWlaUmg2TlBJaVppUVBTdEdsQ0I5eHpMaWlQX25oci1XaUtOMmhZaVA2UGt1aWx5QWdGVnVUWjFaQQ?oc=5
CNQ.TO,2025-10-28,Opinion: Adam Waterous’s oil sands shakeup is just getting started,The Globe and Mail,https://news.google.com/rss/articles/CBMiqgFBVV95cUxQUXFWTkVLN3pGMGk3dk5Qel9QenI5b2NjRDhSejdwYTJqRDliX3hrQlU3aURySGlpZ1gxcGsyc2JwR3lMQmlFY09pZ1Bva1JLX29WLU1BNUVuTjcxTnAySExLc3BLTDVrZjNtMFlPeEdwNE55NHo5bnlib1dXbmN0Y2xTSDJzMDRhNDJnOUpzQnpqeFpZY0dfeEtMU1V3WG5YNXZ6cnhjSy1Qdw?oc=5
CNQ.TO,2025-10-29,"How Investors Can Turn $20,000 Into Income That Just Keeps Coming",Yahoo! Finance Canada,https://news.google.com/rss/articles/CBMigwFBVV95cUxNbldFOWFXMWN0VVRHcEZEQy1CYUUwdTdEc040dGZjcUtiZjNoNUxINGtuVGJrUVpiVkVuUDhQMk15Wm9LU2pjVWlPMjR1aUNLUHpPOHZLTVVTUWVIWmV2XzZ3WktRY0doTVZfTjlOaVJDQmttQnJZU0lFbjhBYW14VlpIMA?oc=5
CNQ.TO,2025-10-29,3 Canadian Dividend Stocks to Own for Retirement Income,Yahoo! Finance Canada,https://news.google.com/rss/articles/CBMihgFBVV95cUxPS2dwcmRZZDdFVjJUTWNWSXhhVXUwUVk4dktCQnNYNURJUVE3N0Q3cUoyVDJtaTZ4ZEhIQVVURENCNklfdk1EMnhsMkgwWU5SWERpTHRBVUcxQkJKUDdNVkZEUF93bjRVWGNwSVBWcHBST01BaENnVm5tTjJOYVpOQldxeGgxQQ?oc=5
CNQ.TO,2025-10-31,Ucore Receives Conditional Approval from the Government of Canada for up to $36.3M for Canadian Rare Earth Processing,Investing News Network,https://news.google.com/rss/articles/CBMi2wFBVV95cUxPRkt5NU9Bd0c0SlViUnBteEV6akdQOVRuWXhxWGZndVRveVJQd1pkZlNKNXV0MEp1dzBJUHJFMlFTMmhTMDlCN1dScGJFemxQY2NBbWRQSU9QMnpDay1pMWtfaDVzdWkzbWZsTkFUQ2U2d0pXdkhtX1IxZzNSRElBdGZqYVh4R19HSmI1X3d2UjZlVElrMFhFVkwxRHlXeHpoTzJlam9sTVNrTHZiVkd6U3lIUnBuSXlITjlrS3dMRmJ0MGdRQTdVa28xX1hOVVprZ1hwQWNfZUNMLVU?oc=5
CNQ.TO,2025-10-31,Meet the Clean Energy Stocks Leading Canada’s Energy Transformation,Yahoo! Finance Canada,https://news.google.com/rss/articles/CBMiiAFBVV95cUxOUWZKLVcwdHV4UHEtUVV5QlRzRWxNb2NtUjNBXzZ6cjJLLWRHVTNqTDBWcnNNX2IyMXFENkYzVWxnaE5RSk9BRGlmZzlWM1I2WHk2bWFQQlJhS0hsTnVCVTZfRVVzdmJ6R0c4NDZCeVliQWhuVmZVaEpUSVZKMll0bTlvUXN1cUh0?oc=5
CNQ.TO,2025-11-03,Canadian Natural Resources Limited Announces Closing of AOSP Swap Transaction and Updated 2025 Guidance,TMX Newsfile,https://news.google.com/rss/articles/CBMi4AFBVV95cUxOVVE5UENlN1JsZjZ5LTk3alhhX1MzeFpNbEFpSE1ETktwaGd3anlRUWl1UzRCdkpxNmNaU0ZMd1VsRE1yRmxTamRDLUxNTTdfalBwVE1XNm11Q3ZTNWhxYjdDekNwUWJGbm96cFpsZDc3MmNnTkNlV2xlSjAyY0c4amVGNGNFWHNkMlg3bzdvT0pMYU1wZWpwa2U1Q3N5cFN3aFdBaVhGdFI1WVFoTVlqbkVQRGk0dUdZV1A3X3oyNWtvYWJxTmp0clFuTHYzRWtNcGpFOVIxellTcTFXdk1qZA?oc=5
CNQ.TO,2025-11-03,"Market Outlook: Aecon’s nuclear expansion, Berkshire’s cash build and CNQ’s dividend power stand out",BNN Bloomberg,https://news.google.com/rss/articles/CBMi7AFBVV95cUxQeUQ0OGRoaF9pQUtJMnB2TldpTGtDd1NySDVsTnMxT29DcC1ITGRKNVNPbFNaSWpwdGR3WFZpaUc4UzJoSWd0RkRTNWFuZ2JIVzR1UHdFR19udWtzdnU4SGRiemNObE52YW1WY182ZDFuVHJSMjdQd1pXbXdmZDA4NTlCNENqUG5TTk1iMkl1WG8ycE15VVJaTlpXNmhNRnNjeG5LR055UlFzQ3V2UXlGY2p1S1ktMzk5MmY4d3FWQzFHLUNSSnN5QmMwdWtVRXhyYllMRTRIaDUzRFBYTExlWHREN1c3ZWpOOU5qMw?oc=5
CNQ.TO,2025-11-03,Canada Natural Resources' our favorite oil company: Teltscher,BNN Bloomberg,https://news.google.com/rss/articles/CBMivAFBVV95cUxOZkg4RWxaQ1Z5dGhHaGp0dmpfTWd5dG5rMTVHN0Q5NkdVSTMwMndvNjZaY09sUWhyZ1d3T19zRDRxZnpRUmlBSXhONUU5djY0STFFcUU3cGlJT3ZualpNU1Iwd1haMDVnUFZ2RG9aSGx1ckdqeW4wSDh2bGFObXkxVUg4Z0puTmhTU1F0LVhFMzZqa2ktcElMNmJqVHJ3cVNRbjV5QXNfTERxLTViRk9VMjlEM24zdkNEWHBYaA?oc=5
CNQ.TO,2025-11-03,Australia and Canada Forge Ahead with Critical Minerals Collaboration!,Investing News Network,https://news.google.com/rss/articles/CBMigAFBVV95cUxQUGs3ZmFXenUwYmdVTURTc1VjQjg5cG5SWGp0dGxHTDhzQlFfeEhiS3FIQkV6OFBGVDZOQVo4bEVIZUFIUGp0WUtIXzU4X0lPTDVSUDVuRF9fdVpEYWFHa3lxRUtQSXZETDZJLXozYlF3SUlJcVNkN0FMQ1dlNmFVZg?oc=5
CNQ.TO,2025-11-04,Lithium Americas (TSX:LAC) Valuation Aligns With Uptrend In TSX Smallcap Index,kalkinemedia.com,https://news.google.com/rss/articles/CBMixgFBVV95cUxPWms2dldIMTBUbnpGZzFWazFneTlINjlDRGRndldwZG9xYTU1UkpRQmhFNUd6QjNTbmRfMUxXWW1Cb2x3TDR0QzYybFhyLV9qYjJVQ250SnVldDVreUxaNmkxTGRwT2hXbVVsUFFYWVFUQzhtWTZ4SzRVUUJHU0hxZ2FQckdjeTIwWlFmS1piaTBzTjl2Z1pIbGp4MVhGTkZRR0pmUkFTUWJnN2x0aUJxd2FUejh4bjVRbFN5bDFQdW14by1PdXc?oc=5
CNQ.TO,2025-11-05,Canadian ETF launches: A wide range of investment options arrive in October,The Globe and Mail,https://news.google.com/rss/articles/CBMiygFBVV95cUxNWjMzbExYRzVsaUk5ampMN2VaU2I4eG9ROHdmTEtFSVVIY2hndURJWG9rZFp5aDE1S1V3VWktblo3ZlJHR01XaHd1Nmg4QUNVLWRwc2xtNkR6OHRfNmFGMjZyWlp3ZjZ1MzZxOTBJZzIxMTM3VmltMDhQZkJPYmhVNGZ6c1hCRHQ0RU1iV29QN3dVeVplNXNIT01NblhsWFkyc0xESUFVWmc3ODlTYUg3ZFF5ZEdvWWVXeGlfdklXV01GS0hxenp3YjFn?oc=5
CNQ.TO,2025-11-05,Down 22% But Still a Perfect Buy for Long-Term Passive Income,Yahoo! Finance Canada,https://news.google.com/rss/articles/CBMif0FVX3lxTE1hWlMySFdLTXRjNHE4a0Q0SzRjcnZQdC1GNnZSTl9tVXlKbHBWZk16NXdYaHNCZE1CLTBoZl96UjFNek8tVTlIUnJSczRLc2Y5MmR4M25TNWpfdEE0TTVaLU9fNDVHLWVFYWdSckxadUN0MHdzcl9Ta0VCM05hdGs?oc=5
CNQ.TO,2025-11-06,Canadian Natural tops profit estimates as production strength offsets weak oil prices,The Globe and Mail,https://news.google.com/rss/articles/CBMi6gFBVV95cUxNN25uelVRU01SQ0hfN29Hbkx6SG5xM0NhYlFzdnJ5MmtQLWVGVFJJZktXM1NVd2NWZkZVXzJCYXp5WnZxYjhGWmwzUG9ZMXhRRlZHbDVla0U0VVlWaGM0TXh5NlNkZUl6d200NUF0RjNzaXNiZEN1SnptTVZBT1ZlMEp3QXZkcXQxR3ZkU2lDNUc0dVRwRUVaWGlaaWl5UUQ2c2luY25vLV94ZWFLa25GU19CRVVJUWZ4OGFXZ3NoTHo2YU9Ja2J2M0loVFFjVmI3bVVSWUE5aDVySzdsQkdsTFJoXzJCU2NiSXc?oc=5
CNQ.TO,2025-11-06,Canadian Natural Resources Limited Announces 2025 Third Quarter Results,BOE Report,https://news.google.com/rss/articles/CBMiqAFBVV95cUxOMXhLQkdfOEJZWjNfSkgtcnBQNnVNcHJWNmRQZVduQkNpTUM5am54b0dVMUZMSGNXdzRydDdwM0tpMzJwbjBCekdhU2VpTnZPbVNHRjFhbnVITVo5UmNtcDNtZGRYaUVKclAxeXFsWlBtdklEeUVpWXFzS1hKSDlKVEtYSW5oUk1pZV9CeDUwWWJzc3BiYi1Va2lmOXYxSGY2NFRPN2I3UlDSAa4BQVVfeXFMUC1OWXdMMlhLeHJXSDZyNjBjVnlfWXo1bFpBOVZCYzUtajBBSUhDaWVHREZZcTN2U3F4emlHSE1UOUl4eXhSeXZNYkJIRmczanNrRXBtSW9VZGNoMnFYek83WHBuQ1Z4RTAtYnhBYzZlcEttOERUaHhPSHNkeWxiLVFPV3YxT0ZUN0F5cjhQd29ZYVlzZXF4cnpiN1UwZnRucjY5R3BxN21TcE9xbXd3?oc=5
CNQ.TO,2025-11-06,More Canadian natural gas headed to Europe as Tourmaline inks supply deal with British Gas owner,Yahoo! Finance Canada,https://news.google.com/rss/articles/CBMiiAFBVV95cUxOc2ZTRkl1WW1HQ0o2aVZTc05SU1pOR0pIN0ktMVNoTldIVXh2WlFJZ2wzcFNBWFpxMFN5N2trVTU2eHYzYTFrd1o5emE1UkxnLTFjaHhnSWRCRG9QVlBtVHFuWnhaZ281YmdYMEY4TExwSkZ3VjhPZUxLOXdMVnJCeHFYS0l5OFd5?oc=5
CNQ.TO,2025-11-06,This Canadian Energy Stock Could Keep Paying Dividends for Years,Yahoo! Finance Canada,https://news.google.com/rss/articles/CBMiiAFBVV95cUxQeGd3UFVoRHN3UTZqM3E1UklNN2NxNGN3S1VOSFo0WGFCMmoxVW1wWVJBTlZZV2hveE52RUJkZXhkQVUyeXVvc0VuZ1ZKZFVTaTNqZmVGa0hJMk1VVkFGZUFyS0tVNl9lQlVhaUgtWlI4aFVwNTVFSi04VzBUYnRhZk12aXVPQVFp?oc=5
CNQ.TO,2025-11-09,3 Blue-Chip Dividend Stocks Every Canadian Should Own,Yahoo! Finance Canada,https://news.google.com/rss/articles/CBMiggFBVV95cUxPakE2X2dEOGZXODJkckQwQkJQSzAxVU0zei1xc0JMMURRZnFacExvZXNNbWZoUE9fUkxidnFVTGhIelh3N2I2RUo5bGZNaEhiMENOR3NOMXJIalRjY1dOM0pzN0dkaE13YkpobC1qTkpXdVpwWlhEM2hCRWstdXJ3U1FR?oc=5
CNQ.TO,2025-11-10,Affordable Stability: Large-Cap Stocks You Can Buy Under $50,Yahoo! Finance Canada,https://news.google.com/rss/articles/CBMijwFBVV95cUxQU0lpMlhpMnhWZWV1ZlljdWFhLVRnWWZHbUFOdlNsQ19jNkF2THhqWlFVY3lXYTBtR25TbnhHcnhrMlI2MDlOTk1qeUM2WGhBVmhxczFyTXNIWTNNN3ZoVDBjbXBfNXVXbjFjYTZQQi12UE1iaXYzNUN5b25uWnlrd2tFV3Byd0phcTdEempTYw?oc=5
CNQ.TO,2025-11-11,Canadian Natural Resources: Buy This Income Powerhouse While It's Undervalued (CNQ),Seeking Alpha,https://news.google.com/rss/articles/CBMisgFBVV95cUxOTV9qWjk1aWUwUXRUNE1pMGktM3VLaW15bFJEaUVRWGZrNllOaVNOVDNuVGwwU2ltX2ExTDFyQTViM2pmN0lScVIxOWozOVphMGhHdURRX1JNdm84VTBDSnhrWDFIYTBCUmlVc3JGU281alRJUUNQaU0xSDZXRVVuQkFCVWRFSEFaU2VhNGJmRE5kdXota0dmb2lrMkFocHA5NUtUbnNURVJPelY2X1ZWSm93?oc=5
CNQ.TO,2025-11-11,Investor Outlook: Cenovus overtakes Suncor as oilsands output leader after MEG deal,BNN Bloomberg,https://news.google.com/rss/articles/CBMi6wFBVV95cUxPVG5DeW5DWVJnbThBb3IzaU1rb2hHbGxkVm9iS0UtbkxJV3p3TGdIMGF3U2RKMkN3QnhaLVhYNlBiOG1VVzFlWDM5VU80dWVBekRDUjBXNkRkeWd5T3huRXl2Vkc1aFdDNXg3TkkyRmNZRGozamJlYkhHSE5kREpnZV84Xy1Ya1lqUzZyQ0FSSjNKSk5lZXpWWVJRYXc3bjR0UFZUWUYzQS1PYlBCWlhzOHpWMkV5TGswWm94S0NPbW13Z3ZOSUpDRF9kVjNKSWthelkxUFhIaU9BWFVOUkFxWlpnZUxXNXZ4ei00?oc=5
CNQ.TO,2025-11-11,The Top 5 Canadian Dividend Stocks I Think Belong in Everyone’s Portfolio,Yahoo! Finance Canada,https://news.google.com/rss/articles/CBMihgFBVV95cUxQWUgxMjQzUUtyeXZfT3hBNEtXTjRnYWxUeHFZTC1YSTlqLW9SeHRFaWY3NElNczI5WkwzUk83VGdObXI1QTZRektJUjk4ZHIzaHZLUDRZOGpXVi1lbVRHY211QXB2Wm5nT1YwS3JrVjBzel9yX0RpQ1NncE5tdWI3SzBPNmhVQQ?oc=5
CNQ.TO,2025-11-12,"New power projects, proposed data centres raising hope for Canada's natural gas industry",Yahoo! Finance Canada,https://news.google.com/rss/articles/CBMijgFBVV95cUxQLVJXMkRWWnNyeUFQTVV1VUE4M1dwVDB0cDRMN0FHOThSamJMeFBzRm02UGlTUDBXT21Ba0hzaUFSQnd3UWZTMVpmLWJibUhCRW8waTRVVTIxYkhSVTFHWnJ6OVJFU0ZWNU9oVy1yc2ZXTUx6V3phVU9FcUVVSTRScS0xZHNYR203alRPZGRB?oc=5
CNQ.TO,2025-11-13,A Dividend Giant I’d Buy Over Enbridge Stock Right Now,Yahoo! Finance Canada,https://news.google.com/rss/articles/CBMif0FVX3lxTFBJODdHaHpyY21vTk1TWG93MWxhUWJzSk43Zkc4YVZSNTFSdWxIajNfYmU4SUVLcDJwNlRCOTNpSG40SjVqWXkxZ2pGN2diaEJXdzZlazZGOXVXdmZYNDZkWnJOS1VSaGxwRmo4NnE1UFFxM3Rvb1NYR1NiZVVXX2c?oc=5
CNQ.TO,2025-11-13,The Canadian Stock That Hedge Fund Managers Can’t Get Enough of,Yahoo! Finance Canada,https://news.google.com/rss/articles/CBMiiwFBVV95cUxQd2tVb1V6NEQxLVV5UGM2T3p1c3lwSFFZX0lqcU9XNGVlbmNfTlM0aXJyaUxYMHVsaUhiVmpBYUFPdUlOczRNTVJ5SklhNGh1eDRoWnMwTk14MXJMQ2FNanFJd2VtUXJCWFpZVEdmMnBObHVMeDUxMG5iRjAxTlk4amFqQVB3ZHZiWjZz?oc=5
CNQ.TO,2025-11-14,"How to Build a Powerful Passive-Income Portfolio With $20,000",Yahoo! Finance Canada,https://news.google.com/rss/articles/CBMikgFBVV95cUxQcm9aVVY3bFROMnNxbG5ZeURvclJHaWZneVpQekh6NVp0dlhtZlZmWlF0bnFfcV8xRWJJQURBeWVyR3R2RjBBa0YyQ2Zpb3NpNnpVWC13eVFudkV3ZFh3VEkwTzdxNXR6bnJWU1ZZR25tLUJsNXFzdm1Hd1NNX0Zfc3hISUlpaVF1c3liamNaeXpBdw?oc=5
CNQ.TO,2025-11-14,Paramount Resources (TSX:POU) Rallies Boosting TSX Smallcap Index Activity,kalkinemedia.com,https://news.google.com/rss/articles/CBMiswFBVV95cUxPNDV1Z0YyNUY4NXQxNjEtSnFrOUFQN25UZHhGTWxSdkdEcUkzZUJuQi0yVEJObkhWbDVxY2FmZHplOU9ybHUyRG91Qm5WdFA1N3ZFWkdLdzZmekVtRTc5TDZOejk0Si04V3QyQVVUNlVmTGdqMnEtSGJvN1VYbHZiWjRnTzdpMXRVOXVEWGU3UkwyamI3dTZRaDhwVEh5LXlnV2JnRUJiNlRlclpaR0wxTGlBVQ?oc=5
CNQ.TO,2025-11-14,"In Face of 2025 Price Pain, Canadian Natural Gas Producers Ramp up to Meet Long-term Demand",Natural Gas Intelligence,https://news.google.com/rss/articles/CBMiwgFBVV95cUxNQ0FDd1N1Ni14bUo0MXp5TndPdHN4TzFERTRTQlBtb1p1MWFBZmpBSEN4VDVvODJ2eGJFY0dsWmt1RHpQV0JXTjhmSldCaFR5UFZWYmloeF81UjFaVHZ3cE5WTEM1RWRKcWJIR2RGV3NRMGFCRzhNVHRibkk3TldzeW9lX1NTUE5sTS1yb1IzUjljSFBENGtmSkZidFZQcnRwaWpaZmtFVEJZTFRuZUZmNTZKX2ZScHdTTU9NNkZ0TVkzdw?oc=5
CNQ.TO,2025-11-14,Canadian Pacific (TSX:CP) Examines Competitive Landscape of S&P 60 Railways,kalkinemedia.com,https://news.google.com/rss/articles/CBMiuAFBVV95cUxQWTFMb3BIWkt2eE1vb21HdmlJeUVhQnc0NjhRWEVFWUtUNlNVRnYzbXlWUFpPcU1Xd2d6Y0xlZTFvR3ZiajBYMjJ1ZmlwaXVWWUUwVXd5VlhUX3o3a2pJZjdvOWpEZnRIRndjaER5NkdENW9DM21iaFdYaFlrYUljRUtUVVpuWlV5MTd3bUUySjExU3VVRVp3bTQwWEFBM25Sb0IwWVdwSmJhWW9YUXBxeUN2TVlNMFB2?oc=5
CNQ.TO,2025-11-16,Buffett Big on Energy: 2 Canadian Energy Stocks to Watch Now,Yahoo! Finance Canada,https://news.google.com/rss/articles/CBMihAFBVV95cUxQWWhUcUFKek1pY1dsTWcyNjJIbUtmMkcwZjZMSXJVWHQzclRYdndyTnJ4bklfck9WOGtuQ3ZfdTZaVU1hLUZ1MmlncDJ5bWxRRTNtN2ZIeGdMaDg5SjRaV3pOWW8tUzc1R3NfUUxYN3BHUGhiOHJkRHVMZWV1M2Y3Mm0yTEU?oc=5
CNQ.TO,2025-11-16,4 Canadian Dividend Stocks I Think Everyone Should Own,Yahoo! Finance Canada,https://news.google.com/rss/articles/CBMiiAFBVV95cUxPMkFyV3Q4anpsV2ZaemFJbDdtRHZmekl0UzViU3RRS19uMV8xMmJkbmhwemhHMkNHYjlkcVpXQk81SjFiWDE3elR4WUNUZGlobnBvc0M3aTdjVXgyY2ltcUtvQ3NYV0NNUF85bVVNblJieERwZWRkMUZhd0diUDVNMnd0WngyamE3?oc=5
CNQ.TO,2025-11-17,"3 No Brainer Oil Stocks to Buy With $1,000 Right Now",Yahoo! Finance Canada,https://news.google.com/rss/articles/CBMifEFVX3lxTE5VcFl4bFhtSFhyYXB5eDZpSzdHWkdPV05RLWJRSUxSNW0wdjFZZFJ1b0tFY0p6dlJfUGpBSWNnSXVsTHZHTkc4SjFDc3REYm1PclBmaVJiSUZnUUJTZUtSNG1RbWhXRklhTUlWSjlKeWNwNHhIbXV0WnYxZGY?oc=5
CNQ.TO,2025-11-17,Why CNQ’s Cash Flow Strength Could Matter More in 2026,tikr.com,https://news.google.com/rss/articles/CBMihgFBVV95cUxOZDFvWGdNYUpoaDRRZlYzS3R5SXJ0RFgzZzFEVlRLZlFvLTVDZGc2dHhTUW1DbkRNLTRJNEgwN3FQQnZnMktfTzRSYkp2b1dzTnFNU2lOUzJscUFNcVd4amtfUEtnNVMtMGwwZ2N3b3lhYTEtVVZhbWNYSV9Dc24tUnRYUk1Qdw?oc=5
CNQ.TO,2025-11-19,A Dividend Giant I’d Buy Over Telus Stock Right Now,Yahoo! Finance Canada,https://news.google.com/rss/articles/CBMif0FVX3lxTE1EQXFsR25GY3hRcjktdFJ3X3JQN0wtR1lUMGU4N1Vub2RZTnFLOWY2c1phRTQzdFhRUU1qUWl5akstVnh4VmdYd2RJei13Ym1BZ0RsMlJrcFVuSmdzSFUwT3IxUTdjaTZUbHFhVTVDTjAxWHpTM3BxLUpGQURWUDA?oc=5
CNQ.TO,2025-11-20,Best Dividend Stocks to Buy Now for Canadian Investors,Yahoo! Finance Canada,https://news.google.com/rss/articles/CBMigwFBVV95cUxPZVpVR3lCM05nOUdONmFQUWxzc1k4NFdOdmw0LUJ1aVVfLXBuT0xySEJDcktub3RDdU1LWWhZMmg3OXVEaUtNdE95aHY3WVFtTHQ4VDR0MHNNTkI4VXFCMmduaDRROXZsQ0R1dmdMUThjNUFoTXkxWWhnNHlYajNNOWoxOA?oc=5
CNQ.TO,2025-11-20,5 Best Canadian Dividend Stocks to Buy in November,Yahoo! Finance Canada,https://news.google.com/rss/articles/CBMihwFBVV95cUxOMXlxQXp0ZFRKclVNaVNGN0tOX1lFT3BsajZzWXVPU3lBU2ZGMzNJLV9aOHNzenpiVXh2NFVmb2xiV2dMaElzdjV5dlhNM0NMWlhjQmRZNDAtd0FnYXRJN1U0RjRnb1NJazFJY3VhNjN3SmVyVVplSEQ2a1dydUFLUGdvX2VLMUE?oc=5
CNQ.TO,2025-11-21,"10 Years From Now, You’ll Be Glad You Bought These Magnificent TSX Dividend Stocks",Yahoo! Finance Canada,https://news.google.com/rss/articles/CBMieEFVX3lxTE4xS3RQdGJhN0IwUWgzZTZtWjlpd2U5d2ZCY1NfNFBabFJWcGZ2MjB2SjBrb1NaMUJmNTcxWUhPaWFQUVV1bTZ0U2hHU1RMa2xLMndYSTJadGREcEhoZjRXaklwMnp1alNZdUFVRlR0V2trZ1lFMmV1TA?oc=5
CNQ.TO,2025-11-24,Best Stock to Buy Right Now: Canadian Natural Resources vs. Cenovus?,Yahoo! Finance Canada,https://news.google.com/rss/articles/CBMiggFBVV95cUxQOHFEX3VBNXlzcTFVYTRQUmN5WnQ4NjdSQk5LazhUcm5Qa0N4Zk14eEpzeHI5aEUwR3JneGNtdWRQcjBNYWtSdXZtUTVieS1EellGc1FsSnVTMlU2V2pFNlUySWhQNEFLTnFpdEFNRnotZmVRWEpXNHpUdzJNWmU0ZjFR?oc=5
CNQ.TO,2025-11-25,Down 16% But Still a Perfect Buy for Long-Term Passive Income,Yahoo! Finance Canada,https://news.google.com/rss/articles/CBMif0FVX3lxTE1iSk9UckV4MEtSM0VFaGpoY1N1THFlNHNDWFJiYXUxa2pNLXJscWtWUUZhR1AyaF85cGpCWDdKVHZaenZmUDA2OXRpZWxRWE9OS2hFVERyNnNTQzctcnVBdWNaOGhwV2JNUk52dFZ2Sjc2R0NMajQycUJzN0pUZHM?oc=5
CNQ.TO,2025-11-25,3 Canadian Dividend Stocks Every Retiree Should Own,Yahoo! Finance Canada,https://news.google.com/rss/articles/CBMiiAFBVV95cUxPMVhsNWNDaXdfRWdmQ0hselpjN1NncldJYnZwMTdHZE84RnpsX0ZMUy1kRUpXbDVpbWZ6M29HX19YZ1QtekVHX0RMN0dYQlRncC1Hb2haSkJSRWdWWWppRThxYzNWSkV6a3RicTk5eEsyd08xZXZDd0FYQmdRMzhHX1JIcFVKalZL?oc=5
CNQ.TO,2025-11-26,Is Canadian Natural Resources Stock a Good Buy Right Now?,The Motley Fool Canada,https://news.google.com/rss/articles/CBMilAFBVV95cUxNM1FnTVNLOWZ0bXliODI2SHJYU3Rhc0VHTkluRWtNdlRJeHVpLUJlR1BVbS1sYWVPSnN4ZlpoT0ZRcmNaaVpTNDN6amQyblU0d25kSFc3eW1HTWlsbnBSMzVpVkR1MmNEOUhHNFc1cGllZnVlU0R0TTNEb01zaW1Xd1ZoWFMxbUd3b0pVZVlwVXFScnEz?oc=5
CNQ.TO,2025-11-27,Best Stock to Buy Right Now: Canadian Natural Resources vs. Suncor,Yahoo! Finance Canada,https://news.google.com/rss/articles/CBMiggFBVV95cUxNbWZyeUtVUVl4SFhXb1ZKNEJwa3JDV2dEMnExZEVCcjRGR1dvYkotZl9lTHFwMU5KTWY2MzVHcm1fQkVIYWRWMW05LUVWZDlKSk9FRWxTRFE3T2R3WUFtZm5MTG1rVFg0d2RXWm9KOGExVVdLWTFGR1VWXzJ0MU5oQnBB?oc=5
CNQ.TO,2025-11-28,Where Will CNQ Stock Be in 3 Years?,The Motley Fool Canada,https://news.google.com/rss/articles/CBMid0FVX3lxTE5pcDNfNXRGVlBtWi1mM2tPblhBSmlhbjVQbHFISHBFNDFHc0tSR2J4SXlNX1g2bkY3T2JCLXJaWkd4blo2YlZWMGJWNERBZG1pX2RlRm95aTR5dFNVb1BxOXBMS0hkVHpERUZwYlkzODZnemYyc2pZ?oc=5
CNQ.TO,2025-12-01,Set Your Portfolio for Success: Canadian Stock Picks for 2026,Yahoo! Finance Canada,https://news.google.com/rss/articles/CBMijgFBVV95cUxPUXo1ZHFCVW9jWXcyeWpySE1HWDF0WmxnWDVvVU5oVFQ3SjF3dDgydUJKNXVGcWctV21DaDNzOEVGb2xCTjlFanRDcTMyWDRtaVlfcGlSSUt5eW9lUGk3U3E3MXBXUFYxNGlSaURsYnhXVTV3Tlg4am1JcEp0dDBlYXZUMWFqbXM2LUI2bnBn?oc=5
CNQ.TO,2025-12-04,"Rebecca Teltscher's Past Picks: Canadian Natural Resources, Savaria & NFI Group",BNN Bloomberg,https://news.google.com/rss/articles/CBMi1AFBVV95cUxNcjVpUk1jd1J0UzJuODgwRVNicUlrbmpDY0Y5eHljMEpORS0tZ3UyMXFYRFJqTnd3Y3l1NWhMTW1aSFRGY2RyYWZhZVJSM3hqNVJYdWVPODNIN0ZQRU1VT3luNXB1Q0w5bnJhMXFkRVZfTlRPdTFBVTNPY0p4UjgzUnFGdWpsR0RIMWpTU3Y1MEJXSjNRLVhiblBxbzZqanJtbzdMUWpESEs0Q2swNS1qR3NDYmxHQi1wYkg4UWNFOGFVNlZON3RIUzVHLVZrUDNhS2dhTw?oc=5
CNQ.TO,2025-12-06,Should You Buy Suncor or Canadian Natural Resources Now?,Yahoo! Finance Canada,https://news.google.com/rss/articles/CBMijwFBVV95cUxPZVJGVG9wMnlDVW5takpUalQzYkU2am9GaHBGOHEyWndVWk9hM0cyZzJoYnRaWVVPdXhsYzBlTV9ZeFIwNW5mVmFySl9BdDdkQ2tNNDBLOWpTaGt6TmVIR1FIcF9zWmVNejlSX1h0bXItclREZWxHNV9VLWhKNVdpUFZRRU5MNnRFdG1BYXVMMA?oc=5
CNQ.TO,2025-12-08,1 No-Brainer Energy Stock to Buy With $500 Right Now,Yahoo! Finance Canada,https://news.google.com/rss/articles/CBMif0FVX3lxTE1HaXJQdVJFb1BTRmtFZE9BTklyaFc4S09DQU05MGlZUHk3ZzlKUVJmRjRJYWpGaFVqbHNlOWpwTmRGWG81azlHOVhfMnZlbFZpb20yY1dWd0xXbmlTVlVQc0tTeWw2T0JRWjBTaVhHWVVDbHMtVWlZX3JxMmZVZ0k?oc=5
CNQ.TO,2025-12-09,This Dividend Aristocrat Turned $100k Into $4 Million in 25 Years,24/7 Wall St.,https://news.google.com/rss/articles/CBMiqwFBVV95cUxPcy1ocTNqdExsM0RkdzhucDVpN3ZCUlNOMnZwYWt3WTdxeE45MnRNYWNoc3NBNlVqdkk3X0tjQmgxbWV2ZVpkcUlsQ0l3MlN2a0FhTldaVHhLNmZ5cmJHMVhCMk1renlfbjlweGdQbTJhNlVYdVZ1NGszTGsxdHZtS1NjUmpjVFhRTnotSXA1YU1DRk5oV0s3UU8tcTJvSlpLdEVkS0xXMXlkSkE?oc=5
CNQ.TO,2025-12-10,Should Investors Dump Enbridge Stock and Buy This Dividend Champ Instead?,The Motley Fool Canada,https://news.google.com/rss/articles/CBMipwFBVV95cUxPVUhsSV91eUdoWnVPWHd4M2dTa1d0T1UyLTcwVDdGSFFMU0JZWHpGVEZQazRoRjl3aWh3aUt4VHhNS0ZOYldLUV92TVNaSkduSFJvQ3lnX2t5NGFtX0t3ZXp2MENJa2xTcXA0RlhqQ0pJMG9WczRHbXpDQ2s1RTJXbWR4NUtPQlFPM3c0RVJUYk5QbnNPUld3LWR3VGpRQ2VDbERlZld1MA?oc=5
CNQ.TO,2025-12-11,Canadian energy stocks with strong profitability and renewed momentum,The Globe and Mail,https://news.google.com/rss/articles/CBMi3gFBVV95cUxNU2o1M1E4TGl4SjRQNUZuWEVuZG5PSmIyY0w2bVN3OTV4RlJTeTdZa0Rqb1J0TXNWLTJvMm1QUDVBN0xETktDNHQ1NHBnRm5nRm9ia1FtMUtVS3ZKSjRYbG1kQUdUQ1QxR01GQXBHcXRoV3g5V2xabFBzSnNhX2pQOHNkOHJQWDJpOWlFWUNudXVtdjMxYTFVUVZ3NE03S29JZ3pWeGlpX2VpQ2RNOHlZZUlqdGpvYlpBdzQxTktfdTI3QUMyTmZhTVppMXdTSTRaRldvU3VyNHBQTkd1MEE?oc=5
CNQ.TO,2025-12-12,4 Canadian Oil Stocks That Are Filling the Heavy Crude Gap,MarketBeat,https://news.google.com/rss/articles/CBMimwFBVV95cUxPQVRtRU5rNG1sMmFIY0Jzd09kdW95RTh2S0MzSXM3SE9va2pabUVkNGQ5Q1NIVXE4OWF2eF9TWWlRN3Z2QjI0SHI4N3ZJTHk5YWJZMTh6YV9Obk5taG5LekprR1EwZzJTQVhCV1ZPbWxZbHNtbFZVcWlhUWlOU1Z3bUJ4SHR1M0hUUlU4alA0cFhVOWE5eW5iNTAtYw?oc=5
CNQ.TO,2025-12-13,Canadian Natural Resources: Canada's 'Grand Bargain' Unlocks Major Long-Term Value (NYSE:CNQ),Seeking Alpha,https://news.google.com/rss/articles/CBMiuwFBVV95cUxOLXdxLUtSOTBHYms5VW1FYjlvbzRSVjhudUlzb2RUSlNtMG11aHRHODZOamxneEZLa0o4SVZDUlpuRDFnNU9jMDB3TnpHWFZNSU56TjFuaDhHUTcwX2w2c1p5LS1fS0hITTh3VWFmMnJINGhfbHd5ZkZpbUY2bFltWlpELUczNHZQdGZEZ1M5Q3B4RnhVVVVGNmxqVUhsU05rOXdOM1NOLW9fdmtYWldhdDNYZEJDdmhPMTI0?oc=5
CNQ.TO,2025-12-16,3 High-Yield Canadian Stocks for Worry-Free Passive Income,Yahoo! Finance Canada,https://news.google.com/rss/articles/CBMigwFBVV95cUxOX2Y4UU9IOV9feWkyWVhFbUNjcVNPdUl0bmxqSFQwYjdRcjdScEFvVXVoN3JnVXFCaVliQ1Z1RHJ6Y2ttRVBjWHQxTTFHMXh0cnN1R2pReGpENDJDUnptb21lTUlVbGJiWWZlT2dTY1JXWS1lNjVrLXdSTkZzZm5yN2FoQQ?oc=5
CNQ.TO,2025-12-17,Is Canadian Natural Resources (TSX:CNQ) Balancing Growth And Payouts With Its 2026 Capital Plan?,Yahoo Finance,https://news.google.com/rss/articles/CBMihwFBVV95cUxPZlBWSWljazc2S3o1cXFpM2pCUE9XMEI3d1REMERtX283UDFwQldYYkV4cU5DbFVWMlNVNHNZSnFhX2d2WGtrZjdpeVZiWWl4Z19aNzRqRm1HRHZSaVBNQ2JWSm1kWUNzcGlxWmZpQS1uZ0d5MUhkTnNOcmpQZW1LeDAyNHJLVFE?oc=5
CNQ.TO,2025-12-17,3 Dividend Stocks to Buy Now for Less Than $50,Yahoo! Finance Canada,https://news.google.com/rss/articles/CBMif0FVX3lxTE03c25UR2lxbU1nUkZoWVVlRzRhTllBM3QzM0ZQZ2F4WExpWGt6VndpUzVQaVZlYXRxMk1uM1ZtZi1yZklzRy1ncVF6U1lDWURKekstOW1RWEFvNFhPUXlBbUVmcEozUFE5bGJ6aThlU0tRT2ZLZjRld3Rod1Rad2M?oc=5
CNQ.TO,2025-12-22,Canadian Natural: Stock Fairly Valued After Recent Pullback in Oil prices,Morningstar,https://news.google.com/rss/articles/CBMitAFBVV95cUxOaDM3TXE0WThOS1QzN25hQ21lVmVhUmRJblV1bFNKeXJiVTZxS3Z1Z04yMTFKdGY0OXNhNjNGNXhOWGJJeG0zbUNTOVZoTzd5M1otMVU1NG5xU1JzYUdtNlYxSE9WNm5GLXB4c2pfTE9TMk80d2ZoNkVlM2hjUkQzbUxrMDl6LUdvYVNMZEpxM1I5Tmxic1Z2RUhwMHNzaTU2cVRBaGhhRjhad01RMVljbVc3UDQ?oc=5
CNQ.TO,2025-12-22,1 Magnificent Canadian Stock Down 20% to Buy and Hold Forever,Yahoo! Finance Canada,https://news.google.com/rss/articles/CBMiigFBVV95cUxQbjU1Vmx6cmR0TDk1bklWZDNfcEFjd3V5ckhJQnVUZ1g5UGh4SEIyUzI2cFZ6WWxidGMtYWQ2b1RNZDRyN19xLUozZURzUWhzbDBIVUpaSWV2ZnlxLVhzUFlwa0haZExLMVh2bnRxTm5DaFZyZ1pTVkExQ0ROa2lqT0lDN0NDN1RYOXc?oc=5
CNQ.TO,2025-12-22,"TFSA: 3 Top-Tier Dividend Stocks for That $7,000 Contribution",Yahoo! Finance Canada,https://news.google.com/rss/articles/CBMifkFVX3lxTE1fMWRhcW9va3ZQWkhjZ1ZhbFRiZ2tBS0VYWEhYdUliZkNfY1NiWnhqQVpaMExkOWhsNHZudUlETlNTR3YxZld2TWtRTFQ5TGNQbGhsUmNiaEw0NDM5b1RoR1JoV2hGbTBvRUcwTDNVUkVEQnlwd1VHNWFOVHpLdw?oc=5
CNQ.TO,2025-12-23,5 Dividend Stocks to Double Up on Right Now,Yahoo! Finance Canada,https://news.google.com/rss/articles/CBMigwFBVV95cUxQVHMyNTNJdkU1ZUlyYWdieDA1bm43c2FYMWw0SzlGaVNIMF9aMXAwOHhOZjFkaF9ZNlFCUGNJUFpYRk5wQjVrSTBDX2pkZHdJMXAtZFc0V3RhZzJJcGFGZVIzS3BrMGpObE1oeW14WG1sMHZra0VjN2d0N0hwcEVXczl2NA?oc=5
CNQ.TO,2025-12-29,Better Energy Stock: Canadian Natural Resources vs. Brookfield Renewable Partners,Yahoo! Finance Canada,https://news.google.com/rss/articles/CBMijgFBVV95cUxQdHVZNUJ0c1Y2MUlDcUc3N0xUdGdjZzd0UGY0VXEwZ3VrOXZ0Y3hVWXRjMjFxX3VpY2I4dHVHLVBEUXNYVS1VN0VjejQ2NGpGRTBlcDN4blRLOWk1OFJXQUMxSzN4WGdpOU1XaGhuNmhVVFh0SE9adkxJdlk1dXhsNWhtRmhVTVVHQmEzSEpR?oc=5
CNQ.TO,2025-12-29,Your Best Bets as Canadian Energy Stocks Get Their Chance to Shine,Yahoo! Finance Canada,https://news.google.com/rss/articles/CBMiiAFBVV95cUxQRFRSaWhkUnBJTjEwWHp4bDg3N3g0N3RsSE1kVmpTX2ROcGpla2NKQ0JBaVlzUjB6WTVOUWJXeldyMFRTT1hHSkJaYXAwS0ZsWElzVkhhMi0tM1psam12SG9aTEo3dUh0NmpncTZxLWFIcWR4N1VjR1V6WlNUT2Qzemk4djBFSl9Q?oc=5
CNQ.TO,2025-12-30,Is Canadian Natural Stock Still an Income Play for 2026?,Yahoo Finance,https://news.google.com/rss/articles/CBMiiAFBVV95cUxPNkE3TWNiUkNKOElyeU9Xc3gtNzJzb1daeVoyelJtd0RkYWNSMWstQXhUakxCV2o2NFNvNnlhVTFaQWZUUHR4RXNFMGpIcDZNVHdpLXZjZFE4YWVpN3ZZUmtXNnBsYlY2ZHlydXJOYmdkd1F0ZTN1a19ESlVaR0lscllJeGFXRWtD?oc=5
CNQ.TO,2025-12-30,Why I'm Waiting Several Months to Buy My No. 1 Income Stock,The Motley Fool,https://news.google.com/rss/articles/CBMilgFBVV95cUxPUGtLcTU4Z1p2U0F0bFl0LWxyRzVFMDlSZVhpa0RURFItdFVmN3c5VjRPdXFDeFdOQzhucE9aVEhaR1dINkVKMWwxWlhOU1FmZjVFcGIzYVRBNTJ1Ym1aZ3hIRU5WaWpaZFRrOWFTeXFLbGptV3NLWkczbU0zekNsX3hnMWFyOXFVR2pvSXpmbHZzckhHNFE?oc=5
CNQ.TO,2026-01-01,CNQ Stock: A Test of Conviction for Energy Investors,NAI500,https://news.google.com/rss/articles/CBMijAFBVV95cUxNNjlLdXNqcXkxcFlOd3p5ZnlZUUlid1o4UUFjUWJ2dFFfcGRfbFJCOXBvb0VZUVFaajJkZGQwWXNIUGxlYkwxLXVlbFBnZHVSakdKNF91THc0ZUU2cThLUTRHMGxXU0JoMi1OLWs1ejEwelVmMWRqdU1CeHd3RGtseG9JYmgzZng3WmlSVA?oc=5
CNQ.TO,2026-01-04,Is Canadian Natural Resources Still Attractive After Its Strong Multi Year Share Price Run?,Yahoo Finance,https://news.google.com/rss/articles/CBMikwFBVV95cUxPU0Nnem5SV25USUE4a3ZxQ0dzN1JtSVdMWjM1S1R3cFJwSERPS2c1VVZFT3ZhVVdXZkw4U1p1ZDM5aHY5UHA3REJDLUV3dEVVVDBKMzdhUkNJaWFicWlINzBTSlN2aDFyckY4ZjYyaWh5VUZlRmxSQmZGd1ZmOHRHeE9JRHNDeVJGZ2NTNDFicnU4TFU?oc=5
CNQ.TO,2026-01-05,U.S. designs for Venezuelan oil industry put pressure on Canadian oil stocks,BNN Bloomberg,https://news.google.com/rss/articles/CBMiuAFBVV95cUxOR29BRHRSNnloVk1VWjk4eHNPVHROQXduM1JmZEpDbV9lYjBvcU5iR19waGdXdXZha01RNlNTZXpteFlCQVhVMUF5UnNqd2hvcDZmZFdKaWVRdVpNQ3NfUjhQbVMzQTZOWWcwVzFMdW5xRHZGUFVIMlNCWk5ESGtZZjVtVFpzMFZTM2I1a2VPQWEtOVM1eFhNbzVjNm9GQnBPclFMajFiYzF0SzdBMFFyLWtKX0hmZkpx?oc=5
CNQ.TO,2026-01-05,Canadian Natural Resources (CNQ) Stock Drops Amid Venezuela Oil Concerns,GuruFocus,https://news.google.com/rss/articles/CBMirgFBVV95cUxNVE9hNjRRNEtmb1ZUeDFuQWd1a29haHZPT0MxOEUxbm9ueVc0UE5qdUlzNEx1NEpaRTBCWW05dVZJNWRNWDlWUlU2VGtUUllOeTdBTUZ5SnhibW1sWXpwOGVKbEZwUS1acDZlTlFrSVB4Sno3WVNTUWJ1d3BPNHA5Q2pWdE9DZlc0SnJ1UGFrY2o1U1hwdm5zVFQ2RTBneko3Rkc4c21nWlhUS0FWRXc?oc=5
CNQ.TO,2026-01-05,Canadian energy stocks tumble after U.S. incursion in Venezuela,CBC,https://news.google.com/rss/articles/CBMie0FVX3lxTE1kYndEenBlX1VmWXpVWHQ4NUpqLXRhUnhJb2tmZ3liemtMZEpyUXZUelJFZ2hOc0Zoc3NlQ21rVFcwX0VCeFpCX2ZhTTJBT1BXYS1GekNuZTRwaVRmR3VESjFFVmxyNEtMLWszVFQ5MTNwelc3VDhJLXBzTQ?oc=5
CNQ.TO,2026-01-05,The Least Sexy Stocks for 2026 (Don’t Even Think About Buying These Unless You Want to Make Money),Yahoo! Finance Canada,https://news.google.com/rss/articles/CBMigAFBVV95cUxNdDhpYWo3amlmTUxidkR4QXpCNUVvWXZMVS15VzdWMnppY19oSU9pT2I5RlZvUDktd2Y0amU0S1plRmJpMHkyLWlEM0ZmekJUd01SNkpWYlJYc29zVzVpZ3prcTBKbFBHTzZLUC1ZQzl6ZGhYbUxlMG9Sb0w2NV9SLQ?oc=5
CNQ.TO,2026-01-05,Trump’s push to revive Venezuela’s energy industry hits Canadian oilsands stocks,The Logic,https://news.google.com/rss/articles/CBMiZkFVX3lxTE10OUxIelJlSHdIczhzMUNCQWptUGc1ZFhKc0NVQTlMVW82YldrOHpHeUlTR2pFaVFVTmZHMm5USjRXbnVfZ2xwMS1mS1dod3BoWGhjUHp1eG9QRVA3V0h5d1p3d3NQZw?oc=5
CNQ.TO,2026-01-05,"Canadian oil stocks: Suncor, CNQ, Cenovus drop, while U.S. oil producers surge after Venezuela strike",Yahoo! Finance Canada,https://news.google.com/rss/articles/CBMi3AFBVV95cUxOa1h5RmtsSUhMSWpyYkU1Q1ZTUG9HeWx5SlQyZDBOaERSMy1ZV3RySnVoWHdOV0FFVndhZElmZGJHbk9PRVhjR0ZzUDB4dzc1cnl3QVdmV3Z5TWdodDRvNEhPWGtCcFR4NDNOLWRpcHk3eWxnd29VdnB6YjY2WmZnSC1QZ2RSdU80dEg2VWtpVGdUeURmOU5VdzJTNkdHalNrWm5qeGlRZl9iM3dDQ3NMTUpoRmhxdzJ4dEdsWlZqSEU4QjdONlFZYzBwV2x6dzl3Y2NtdmhaWnhiUzJf?oc=5
CNQ.TO,2026-01-05,Canadian oil stocks slip is a ‘massive overreaction’ to Venezuela: Eric Nuttall,BNN Bloomberg,https://news.google.com/rss/articles/CBMisgFBVV95cUxNdUJoUl9mSTNHX2JDUGctTUlfMVUyRzRzb2tRTnhTS0ZaUzJheklhM1hiclB1YzM4Y1ZHNzdKS0d1bTdTeHpoajFwU1dvSjYtenNFUVFZNmlpQWFHNEx3Y2ZObG9WMzF0SkdHeDB4R2xTWXNNWHpkQk1XNDZhOE0zOG14ZGlwV09lS29COS1wUF9NRGZRRThVVHlTVWZTSmdIUmYxR01vTVU0dzF0WXNoOW9B?oc=5
CNQ.TO,2026-01-05,"Canadian, U.S. markets rise after raid on Venezuela as oil market comes into focus",BNN Bloomberg,https://news.google.com/rss/articles/CBMiwAFBVV95cUxPaXZ5OGZTYzlpWmhJYzYwQnEwUGk1bU5hYzM4SndaUi1yV21RWmczdE1YOUlVZmFWdUJuRzhDUVlKUHItWFVzQ1VSb2ZQN1h0VGpDQm84U1NWbzI2VGg0MDl2czZEX3p3emJlVzFsY1IwV2k5SEFuNlF3M1hDUkZEV0VHV2JjS0FwNkdBaUdpSUxBRzg3YUszYzluWGJwSGhvU21tdDNpSzd6ZUFTUno4aXZfaTMwVUxsNHV6SVY5eEE?oc=5
CNQ.TO,2026-01-05,Short sales on the TSX: What bearish investors are betting against,The Globe and Mail,https://news.google.com/rss/articles/CBMi3gFBVV95cUxONU5CUXVWVmhEYVg2QzZoMGNKUWZIampFU2hYUS1jQTFEUmtPQmRKX2EwaEc5WEp0ckFoQ2d4VVVvQ1hCbzF1NFBEN3VIbkduVU1RZFJOV29FRHZlSW5NUEtBTklIOUtrU1FydjRJbmlvbFkwSGNtcERfTVRNN0lLcUdNclVJbEQ1ZUl0NmxBVWpXR1p2ZXA4VlBNX1J5TUViMWpDc3otc0pFOWtpeGhRV3JvbjhvRmdJLUl4YkZqaGh1U2hQd0owS0NqaVpNb2lMZGM0MzJDeXNfS0hYLWc?oc=5
CNQ.TO,2026-01-05,Canadian oil stocks down after U.S. forces capture Maduro,CityNews Calgary,https://news.google.com/rss/articles/CBMinAFBVV95cUxOcEVHT3pwbFpnbl9uN1FLam1DOFM1ejI5OHhwcGJrX0VDRUNOQ1ZlZEpXeTJWbVRIWk92WEE4WnVhU1J5RWtkSmswTm44TE5MNUg4cEp6RTRXVDRSQ0tNcF9SWU9TWFlvbHBXak4xVDhRNzZBNVBMQThVU3F6RTRKeEpHeEdEbEhqcTJ4cHM4ZF9TVFQ4X0xSaFVXckU?oc=5
CNQ.TO,2026-01-05,TFSA: 4 Canadian Stocks to Buy Now and Hold Forever,Yahoo! Finance Canada,https://news.google.com/rss/articles/CBMigAFBVV95cUxPN0xvSDhfRHhqRUdjYlR6cmpKUjRxM213VUlmaVVwY0d2dTdqVFpFeTUwQ1FpcnVGS0R0RmlpejB1RG1BMDU3Ums1b3VlYTBoMmFUelBDSEQ2RVhlTjF3dmJtSFVBZ0xHSGthbmMwMy12WjNrMW9MNDdsbjFzeXowYQ?oc=5
CNQ.TO,2026-01-06,The “Sleep-Well” TFSA Portfolio for 2026: 3 Blue-Chip Stocks to Buy in January,Yahoo! Finance Canada,https://news.google.com/rss/articles/CBMihgFBVV95cUxPMU1FN3FPcDBXUFlwWUlGZXAzeFpxd204ZTRQRkpMN0pmeFVWVVA4MS03N2l5UFdacnh5T2pNX2dyUmVDMVJVRGFDU2VZMDJ2N2VhTnhUNE4xUHhYOTJlaW5pcXowbElCZnlkYWxDRjc2eUE4eWhYVjE2TS1mUUJzcW5NbkRNUQ?oc=5
CNQ.TO,2026-01-06,Deloitte holds firm on Canadian oil price forecast after U.S. strike on Venezuela,Yahoo! Finance Canada,https://news.google.com/rss/articles/CBMixwFBVV95cUxNYXkzOEtUaXFvOTBiQXByT2Q2akdobTRtQURMLW81M1Z5a0lDSE9UbFpPY3FVeDV1UVZ1bTY3T1gwT25Ca1huc2NpNWEzLUpPS0ZsQ0NpSHowVXBaQW9yeXdJVHd3bzN5Y2lvUzdKekJaX0Z2cXNONGVmVUFtRUdvUGdvQ19XVzJWQlNROHptU2tBNFBVN1d5UlJtaTJqRHp6VHdQM1hxdE85VUhielNFZUU1aW9XT3ZXSjE2QmtXT0QyWEcta3lF?oc=5
CNQ.TO,2026-01-07,"Canadian crude price plunges, extending slide in Canadian oil stocks (CNQ:NYSE)",Seeking Alpha,https://news.google.com/rss/articles/CBMiqAFBVV95cUxOT3Q2MWVyUk8xT3VGQmdKZkF5RUg1THAybGNMTXJuTHluYzZyTW1vU2dnXzJYZmg1cHlaN3RwMHNBaUtteHpMYzdhb0xoN2lfaU5fQVlrY1BKblhnRjNuczgzd1JwaTMwamdCUFZXZTgyS0kyR2Z0bU5kR3BvR040WVFxOG1Na0FSbEdWYV9YaHIxTVFPZXpjakFva3RsdlppWlQ0ZGlHd0M?oc=5
CNQ.TO,2026-01-08,Canadian Energy Stocks Took a Big Hit to Start 2026: Should Investors Worry?,Yahoo! Finance Canada,https://news.google.com/rss/articles/CBMihwFBVV95cUxQQXpZZDE4VV9ianJsN0Y2eHFMcVE4S3FMeVAwRFg1OXBhai15R0xOcGpJNGIxcXdDSjgwd2ZSSE40THdGc3dvd2Q2NFNRUW16SjNnZDdBLUJ2Q3hnYUU0RXljdlBMWGVENzRvb0NqRlA5NUhMclNmYjdvQnNuVlIybmRndWJabEE?oc=5
CNQ.TO,2026-01-08,"Want Over $2,000 in Dividends Each Year? Invest $12,000 Each Into These 3 Stocks",The Motley Fool,https://news.google.com/rss/articles/CBMijAFBVV95cUxPaTJ2VzhTQWs2R2EweEZPY1hSeXBWbkVKdGkyNmNVV25HNWFfelhheWpSUTZiSEd2Xzd3VlpLQUI4dXRtNzJvcmNoUHFMRlpQZHVWUXIzd2FZdDdpbHQybzh5RDFmZ2pKNjJaWjZ6eU4wcUNZS3ptd0thaUlqdks4dGlUSmlhamJYUVFjRA?oc=5
CNQ.TO,2026-01-08,Canadian oilsands producers lose $8B of stock market value in 4 days,Calgary Herald,https://news.google.com/rss/articles/CBMiwwFBVV95cUxOcWlMN2REU1NGTXJMcDRMQVRVVHBoUEVOTTdvZFg1bVZHNnc3NXRpMHhQczNFQTdKcEZMblhqMDNVRXNGTXBWaDVBZDB3RTNiLTZjLXh6TEtIcUdEN2xBa2g4eDZsbHZlcmJpbzZMZDVxOWNYY21nR2hKaWV0MmJyLWpvYko0UVZtM09LX1VDZ2dweWlQdjlwa3RwMEFhV3RmSmdDa1BhcXZXQS13T2RXclJsbWs0YTZqMzh6RlN5UXN5S28?oc=5
CNQ.TO,2026-01-09,Canadian Investors: Should You Buy Canadian Natural Resources Stock While Under $45?,Yahoo! Finance Canada,https://news.google.com/rss/articles/CBMikgFBVV95cUxPdDdQc2hSUk5ZZmdJVHpETkVia0ZYU0hnWHhSbVpLVG9weEpUUGQxUXM1ZlJaaGZFZXgzaW5zLTdKbHdwWWdMTjVNUFdWRC1nOG1MNXRnbm9rNk9JcE5KdzBuemU4ZlBsaW9YRVRtN0ZnR3FadzFkenhLekhjUHZJellTaHhJNUlTc1kwZ1lJaE04QQ?oc=5
CNQ.TO,2026-01-09,Two High-Yield Dividend Stocks You Can Buy and Hold for a Decade,Yahoo! Finance Canada,https://news.google.com/rss/articles/CBMihgFBVV95cUxNdzEtRGl3X2k4UVJWWlllSl8tMURXZmloTkRmMHFwbVVqYUZzZmRxT2ZhRTBpbDdGeFdpVjVpeXdVbndsTDFqYWowZ3E0TFpqdDV6UFdsTHh1eVAtNVZLemMtNVExamV1VEtFNy1FV1VucTh0dHY1V1poX3lBWV9HN3Vxc2c2Zw?oc=5
CNQ.TO,2026-01-12,TSX 60 Growth Shift as Canadian Natural Resources (TSX:CNQ) Faces Venezuelan Heavy Crude,kalkinemedia.com,https://news.google.com/rss/articles/CBMixgFBVV95cUxNNHFzYmlPWXhSZjl0U21QYkxNRTFnbTc0QWNBYUVqNld5VVVnRTFOYW95aS1RYnMxZExkcmVGWFhpWE5yU0M1QzQ4Q3h1aXkxQkotSGtRaFdkeW5HSUR4SzBhSFluSEw3ZTVBcGNobVVpUTYtcW4xYjZBclFIdF9mLThuNE1nc1hwaU1IeVY3VW5OZ1cwUUliWDNHVGRCWnZiLTB6SFFDUEZUel93R3IxT3RQdkt0d20zdVR1djNSX3d0NGdIaVE?oc=5
CNQ.TO,2026-01-12,Outlook for Canadian Natural Resources Stock in 2026,Yahoo! Finance Canada,https://news.google.com/rss/articles/CBMikwFBVV95cUxPVkU5c0x2elBjRUNFRTdDNVBHRUJrc2YtZmQ0dlhoLXFtVFI0TUJrTXNNWFExNWhmQXVUUERMV1JZenlNZDcyVVhWRkdyOXN2V1pnYkNhcjRZajdEcG43SXdGMTZHdHR4MW0yQ1hVeUw0MldINGlTY0tZMjJ2VlJZUTZwRFNvb05yNWhuZk1uVG1ET0E?oc=5
CNQ.TO,2026-01-13,3 No-Brainer Stocks to Buy Under $50,Yahoo! Finance Canada,https://news.google.com/rss/articles/CBMifEFVX3lxTE15S19DV2pacDR3Q0xUYTZfUmdOTHJKcEt4S0hvMVZJb1RqQ2s0ZjZIdzJVQjlVRXh2UENQNU8wZ19xV3VFRGRINE9RMVN5Z3FvTC05YmhxQnBNNUZOX05IZmFvcFdJWTVxTzlMd1otb2JtTzhKS3Vod0tFcDg?oc=5
CNQ.TO,2026-01-13,"Canadian Natural Resources: Buy, Sell, or Hold in 2026?",Yahoo! Finance Canada,https://news.google.com/rss/articles/CBMijAFBVV95cUxPbW5RcjdMYk5Da3VBejNTakVmLXRDSXRuRVJ4eklSakdxOER4X2VKbmNRQVF5X3hrTkZDNkFMLU5JOFdrTW9lMVM4X09aaUtqeTYzT3VyWlg5MEl5cE95WFJCeU5QZHBVSDJNRXZMTnFKcDFnM1BFR3FSTkI5THZMdHdrWGFDLWg1Q3VnNQ?oc=5
CNQ.TO,2026-01-14,CNRL and Tourmaline seek competition bureau approval for oil-and-gas asset sale,Yahoo! Finance Canada,https://news.google.com/rss/articles/CBMikgFBVV95cUxOWmJ3Ti0zSXFpOU81N0o5Q2l6UG1hLU1iYk43NDRMZVduZUtMTzVua3YzN0NtRkRydG44QngwS29YV3dCVnB6a0tDMy1Tc2dHVVBnRVRKOS0wX09CLXZDa1lsdFk2TFBJdndmcUV4bl91Q1c3ME1ybTZJV29nR0dRQUZtQUtVd0lLdGNzVWE4SkRDQQ?oc=5
CNQ.TO,2026-01-14,"Canadian Natural Resources: Ignore The Fear, It's A Strong Buy (NYSE:CNQ)",Seeking Alpha,https://news.google.com/rss/articles/CBMiogFBVV95cUxOM3Jzbzk0MVp5OXE3OGN5c3h3YXQtMjllWXhlOE5uYU5DaGhnWGlrSlBCLVhYQUVadnBRV2hPaE0zUm9aZURaWW1lVGpaemhjQTJNOTkzQlBWa3VycmFydTJLY2pyUU9GSUs3UDhQem9weDE5TVFzcHZiTldyRXFRVnEyRGIyLWUteEk2UFM3OFFJZVhTWElfaUJlZVByWnR3aWc?oc=5
CNQ.TO,2026-01-15,4 Dividend Stocks to Double Up On Right Now,Yahoo! Finance Canada,https://news.google.com/rss/articles/CBMigwFBVV95cUxQMjhNMFJIVWxaeVgwclVidWctdUY5M3hEa21DLTVJd2h5WDRqc2F2c1FqY3BBYVhvVG1uZTJQVHRjUXV6cWI3WEJVR1pfRWQ2SlZ5OEFZVFB3NzRudzJRaWVEOUtlVE9wZTZTMkFVLV9HUkpIMlhQV2NnQXdJVmZJb3Jraw?oc=5
CNQ.TO,2026-01-15,The 6 Biggest Canadian Natural Gas Companies,Investopedia,https://news.google.com/rss/articles/CBMingFBVV95cUxQU0J2LXl4X21POUtrNWlDbTJmNm43YXBvUUhYVUtSMHVQMGFMZmFmYkR5REhBVS1meDRxd0hxdTlPVm9TZV9VVkp5ajNhckp3dmhfMlJCR3dBSlJhSGFkQld5dndGQnM0eDNocG1Gb0N1bkdZcEp5VnozZUFyOUFBN1Zadk5sczVuNnZ6VEJUMXV2X0dibTYtOFRGV3RsQQ?oc=5
CNQ.TO,2026-01-19,Canadian Natural Resources Ltd (TSX:CNQ) Valuation View Versus TSX Composite Index Strength,kalkinemedia.com,https://news.google.com/rss/articles/CBMiygFBVV95cUxOcXJoRFZ5cUFZeldqNkI0SHdOY0lJaTdQTHR2ZkpBazM1WlgwQ3drcWxQVnhlZWEzcEhnS3o0enF2dkdLS2xJOHpwRzhHZGpVSi1uZlo5b0xza2tKRXVWbU8xT0h0OTBfaHpKend0a2Jwc1c1TDNxUWoxY1BJTkJQeE40VGo5QjRnd1ZEQkMzeVVxRTdCZVdhczFkbXpOdWhpZ2ZCdnVsTG1JRU5tejRROGtwOVd1dWxhSHZ6VnRMRV9lZkJWYTNfTjJB?oc=5
CNQ.TO,2026-01-20,Top 5 Canadian Oil and Gas Dividend Stocks in 2026,Investing News Network,https://news.google.com/rss/articles/CBMixgFBVV95cUxNdVRrZXU4dHhyUmZXNFJxWEhYMExBdkZYb0x3QUdrSXEzMnN0X3YzUVdHRUxCRFlZNGNQb05sWDlvN2dBMmdyY2JNZDF3WXJna2d6MVpmUUxZMTNBVVQ2eG8xNmh6el9OeHAxYmVSZmV3UEtWNVlra0xWYWRNTVcxOTNsRzJzOUZyYVo4QW90Z1NyOWJNYVZ4TzVReUtFSkVUSG5oZEJTcUtNTlQ5aGkwcF8tX2ExcXFfSWpJOTl0TnZRaGF1bFE?oc=5
CNQ.TO,2026-01-21,Canadian Natural Resources (CNQ) in Talks to Acquire Natural Gas Properties from Tourmaline,Yahoo Finance,https://news.google.com/rss/articles/CBMiigFBVV95cUxNWEZYd1N1a3BfLUNObGVjeWNqZGdJcmgtdGI1V2JSUUROVHBTOTRuaURhQ1gxN3VnbVlZSmNXdFMtN1J3TGJ4WVh2M0VZM3Y1WVJJRU1wUGozbDdPQkZ0cS14emY4eWJzN0d6MEJnMWRobTFMcFl4LWdOTklEdHMyTzNQejlOTTREMVE?oc=5
CNQ.TO,2026-01-21,CVE Trades Near 52-Week High: Should Investors Still Buy the Stock?,Finviz,https://news.google.com/rss/articles/CBMinAFBVV95cUxPanEycW9SVlJSVUplcXZ2Z0tKMFFTd2FKM0dwQ0FrMVhjejRVV0xQTi0telgzWjRJUjg4X2c1UzNvSmwtb0c0RWl3am1acWNrd0F2czJXRVFXNUpmYTNreXMyR1RfNUNEQzNXejluNnFHX1NEaDEta0RuRVVFclNoOVpiOTdxeHdUN2JyQ0gzSVA0Zm1hTUUxSVZ2TWc?oc=5
CNQ.TO,2026-01-22,"Javed Mirza’s Top Picks for Jan. 22, 2026",BNN Bloomberg,https://news.google.com/rss/articles/CBMijwFBVV95cUxPMGhXd3JvUWh6YklmRVpZcTI0QzFPOVhaQV9LTWIxaW9VVDV6d2pTekVyUUlqWlIxVThEVFpXUG9xV2plc3dXOEE2TTN5Q2l2amMtZVFjTXFhaVUtVXhMQ1NWZGZJZ0hVOWF0MDJnY3BkcWdZQ01WV2t3RG9IN2tvd2d3eHA5MHhYTGl1aHIyRQ?oc=5
CNQ.TO,2026-01-23,"Canadian Natural Resources Ltd. stock rises Friday, outperforms market",MarketWatch,https://news.google.com/rss/articles/CBMixwFBVV95cUxNYldZNzdFRU5NcGZnekRrWExmYzBWcFBoMVdwVU4zSGJoRmdsRzFpVlRYMU9oRzhyWmYwNFRaaHVkSHFDazhZUmdUZGdNQzdJNnBoemhTNHRYUDBCUGJwQ0RJclRYdVdiTDRsbFFLV2N5Q00zaXFKUUdnM3k1R2RjZDBhQUJUdy1ObWhoNElpbDV1REdHNjNnbmZPRHprNnhyaU96SGRPTFozV3BDN3FYVEY0MGJIbGZCbE5xV0c0a0lRWUZMMkNN?oc=5
CNQ.TO,2026-01-26,"3 No-Brainer Dividend Stocks to Buy Right Now for Less Than $1,000",The Motley Fool Canada,https://news.google.com/rss/articles/CBMinwFBVV95cUxNTjQyUmNnb2VQNDgxVkRBNUFEakF3YjZzTVVkb01DcHJzUWtwWlFCOE5tVHRjbDhBTGlhTTNNd1JLTG5ocUVocnFRa21XRTJUWXV4cndsTXNVbk5Ud3dZZlB0X1NtN2czUG90YVFOalIyTm5zdUUwb21QTFl4LWUtYjVTeEdyWVl5X1dpMVRTXzNSY1cxWDB1S1pmM0s1aFk?oc=5
CNQ.TO,2026-01-28,5 Top Stocks With High Dividend Growth to Buy Now,The Motley Fool Canada,https://news.google.com/rss/articles/CBMiiwFBVV95cUxQSUlFaEdzemlHQkRZUGZpQ011YWhpcXd1TjlKdnFRT1RuQlVWYks3eEY5QjBoUnhlZlBOcHFIN1BZNnhJNERqZGFqdW1lMVpzTXllcXREN0xkeTFqX2VSV05TRml6ZWkzT25hRV9pRUtHTFdZXzIxcUpFajZHU2YzZUFTUnhzNjJhWUw0?oc=5
CNQ.TO,2026-01-28,Is Canadian Natural Resources (TSX:CNQ) A Key TSX 60 Energy Player?,kalkinemedia.com,https://news.google.com/rss/articles/CBMiqAFBVV95cUxPWG5wSHhEUVBUQUJ1YW1kY3UtajBLRzhtZGFSRmVuN1lCdnM1SnhWRnJNaDAxX2t5RVh3NEM0ZEU0VzAzbHBPOTVCMWQ1VTIwUU5uQ044TVNUYjZzRG1BbFVib3JIc3AydW9CaXNldzZvbkpKTXFTcEFCam8zOG0xVW5HTzg3WFNmLWlZVXl2SUN0Z1Z1M09VYU95ZnFaWVBDZVVETGhfRzI?oc=5
CNQ.TO,2026-01-29,How to Pick the Best 5%+ Dividends in the Canadian Energy Sector,Yahoo! Finance Canada,https://news.google.com/rss/articles/CBMihgFBVV95cUxNM3FrdmlLUGhNU0JuWVZNVmd0SkFYWi0tVXpXOW10d3VnQnIzOXNGRkFRX0diSWg3WlVZTkxGOF9OYmVkTHVveHJOTkhQazNoR0J1NjB2bU02VUV4WVQ1TU5UMU1Na2t6dE40ZXA2Y3JXeDQwdUs1Skg2eDFFS2NrcUItUTVxdw?oc=5
CNQ.TO,2026-02-03,2 Dividend Stocks Every Investor Should Own,The Motley Fool Canada,https://news.google.com/rss/articles/CBMigAFBVV95cUxNd1NnZUtVRVdmU3N2dmN5UWt2eVkxNm56a1M4Q09JOVZrT0dKSjBNUEpqM1RBUDhxUmFpZXVmLW9kVWhFNERQcUFxUXJGZDBVZllqbGFKVnB1WWI0cnNzblE3Z25BYW5jWEEwMjdhbktZTDdqeF9rRXZhTFBKeUxNWQ?oc=5
CNQ.TO,2026-02-04,Where Will Canadian Natural Resources Be in 5 Years?,The Motley Fool Canada,https://news.google.com/rss/articles/CBMiiwFBVV95cUxNd2pySkRLS3JxUzVCVkQ0dlpBOF9kaTRQaHZYU3VxUkhHWFBJeXR6Nnl3MmktRF9KSUpXbV9HdTgzOV96SVc4MEJ4dmMzMHRSSjJ1VXc2RXFteFdPVUhGd1BwQWhKWU56RWRucFNYMHhZWVhETm5ERFRHaVFmbnhvY2JFeWtHT1B1OExR?oc=5
CNQ.TO,2026-02-09,3 Blue-Chip Dividend Stocks for Canadian Investors,Yahoo! Finance Canada,https://news.google.com/rss/articles/CBMiggFBVV95cUxNZFRTUlBFMU9oOFpLNjUtY2E0NGN5VHVjUjUxUEcxMlFSeXVBN3hzRnhOSU9Kb3praW9zTV9KX0RQeXB3QkVTMlV6R0pkdHo3dElLQ25MNnRvTG80RXRfeHVCMGdVMWU3cVBXSjlDWjVZVnN1M1dFdUVoNjc1bmZSYlFB?oc=5
CNQ.TO,2026-02-09,3 Canadian ETFs to Buy and Hold Now in Your TFSA,Yahoo! Finance Canada,https://news.google.com/rss/articles/CBMifkFVX3lxTE5FdlpLVkNsUTFLamFzbU9KOVBoTWdUYVFJS2VkdmM2RXJiVVQxM19oVG5zSXhWV1g0QXRkUTQ5NUVEX0ZNVC1ncVFRcG1HNFk1ZVFfc2JnZTl0ekpsdkFpTnIzb0t5UVU1MkUtQ1B4a0E2NE53TjViaWRGRFhSdw?oc=5
CNQ.TO,2026-02-11,Canadian Natural Resources (TSX:CNQ) Hits Annual Peak on S&P/TSX,kalkinemedia.com,https://news.google.com/rss/articles/CBMiowFBVV95cUxNT0duaTczZE9PRkJYWFNMVVd5V2dfdW5KaklFdHk2SHRMdFROVGxIQU5VN0dKdGhVcEJka2ltTjBIUU52Qm81RkFGSnZxM0pXbTlzV1hRUGc0MnJZZlVpbk1BU01GVWNDaXlmSlVIbjUzQ2lFMDJyelh0YndlOGRiSWl3MFhKSV9zUE1HaWdnZ3JRZVhTZUE2Tl80c2R3UHBwUl93?oc=5
CNQ.TO,2026-02-13,What’s Ahead for Canadian Natural Resources Stock in 2026?,Yahoo! Finance Canada,https://news.google.com/rss/articles/CBMikAFBVV95cUxOSWxlOXNlaHc5UVJCQUY5M0JqZXFZUm9xSmFoQkpBVjVFVnJmMmdxMnVHVHhEb21ENDMzM0tZOTFvSnp5ZlRFX2lCQjFtWjExa0JFcmFfNFBOaW92RklmSm81a3BiVlFyNldKMEdySU9CcW4tT21zTjZXaXJmdjZBcFVSamR5MEVEQ2VxZS15WF8?oc=5
CNQ.TO,2026-02-14,"Invest $30,000 in 3 TSX Stocks and Create $1,262 in Dividend Income",The Motley Fool Canada,https://news.google.com/rss/articles/CBMimwFBVV95cUxNQ2ZXVHJjWTdIVGxFZkJ3ODVGRGYwV3NvcUZQM29jdE1LSldBLTJyc2ZJUE5iWFVrbFNYRVo5R0xIQjJQSHh4T2xRV1R4VlBhdU00LU1XYUc3ZzRMMkcwSmFEN0NYWGpkcnY1Ql8wVWJSckgyWTVBOFItNU52b21TZzJuWFVIRlQtZ2dNNGFNVFVwQlJHdzRTWmN3VQ?oc=5
CNQ.TO,2026-02-15,Income Investors: These Canadian Companies Are Raising Payouts Again,Yahoo! Finance Canada,https://news.google.com/rss/articles/CBMilwFBVV95cUxQaUtlUnNjSUZocUdxTDRMZ3NPNUNzMVdhbVdNQ2ZQMWVfMHV4eEVYSjVyR1pqVkJsUmJBNVJNejhmX1Z3d3E2VW5BdFRkTEZwQ1F2TGJEOTVMczJEeHUzajdraFoyejB4X3NaaVpMQUtaWUgtWlhlUmV1UHRyNUZMMnZQMktMWWRPV000RjYyMlFwX05LNk1N?oc=5
CNQ.TO,2026-02-17,"Top Canadian Stocks to Buy With $5,000 in 2026",Yahoo! Finance Canada,https://news.google.com/rss/articles/CBMif0FVX3lxTE1MZU83V1Q0YWxzTUw4aS1Jbng1aGYwcUxQU0RNRTZZa3c4b2NCUEVHZXlBVXQ2QUZNc1o1UmNyX3I2MmZlRFEwTzYyYnNJczRyaW10MHZYUmRzbTA2aU8yWWZnVkFBUE9DU2JvZFpBY3VLb3ZmR0RqQmlsUDlrUXM?oc=5
CNQ.TO,2026-02-17,Forget The Banks! These 5 Canadian Stocks Are Better,Nanalyze,https://news.google.com/rss/articles/CBMiiwFBVV95cUxNSFEtX1BkTDdFX1BialVIWW9QVTU2SVVhZ1FNWXhVSnFEREdlOVcwMmZJbjZwOU5WZy1HRVM5Y1cybThBZTFNeHprQVo1X0RvQ3hqbjAyNW9Fa2tSWnVyZTRwbFE5OGxab1NwRU5vX2pseXhtYjhUNGRxQkF3aHJOZllzX2JIaHNnZjgw?oc=5
CNQ.TO,2026-02-18,What Follows After Canadian Natural Resources (TSX:CNQ) Surge S&P 60?,kalkinemedia.com,https://news.google.com/rss/articles/CBMiqgFBVV95cUxNSW1fOUVvbVp3QTZMMEpsVVBlOC0wak9HZEJxTXdxZUhoZ3I4SHBRY19LWXNJbHk1d3ZyS0RTcTlZMzJQRXRRM2QtQTV0THZmdG1BMnYwbGlIZS1hS2Q5cnIyUTBlTjVnQlZ2bmp4cWJGb1hwd09FWnZib2V1TGR3RVlYVm5MMHhzYUlyVGJseG51dFNBNTlPYnFmWkN1NnpMbEVKVFRldVZOdw?oc=5
CNQ.TO,2026-02-18,This Dividend Stock Is Set to Beat the TSX Again and Again,Yahoo! Finance Canada,https://news.google.com/rss/articles/CBMiggFBVV95cUxNbGhudTNPTHpnM0lDamJ3VHI4TEg1MS1fakpSUHNlc0hZQnJQSFBoUU9xNG5UbFFiNjljc3RSenowVWR1S0I1dERJdTF3aHlueENVUlB2dGh3SjRPNDMtYUk5amE3ZFAza3hqUXFYV2hOMlpJZjZnSVRmRXJfdDAyUUJ3?oc=5
CNQ.TO,2026-02-19,Canadian Natural: A Great Long-Term Vision (NYSE:CNQ),Seeking Alpha,https://news.google.com/rss/articles/CBMiigFBVV95cUxONGRrSndLZGttbm1VTzM0UnVLR1pQdlc4YnItN3ROSmpTUnVQQkxaeXRHUTRadzB5alhkQ2VILVoycWRPTW9HcTl5LXM4dmtkQm03eU4xSUF6TE0tVWE3M0tjODJfcUVOakRzc3N4STFUaG1CRk9MbDJvaklGRzR6SmZ5YXBGb2xIb2c?oc=5
CNQ.TO,2026-02-20,3 Must-Own Blue-Chip Dividend Stocks for Canadians,Yahoo! Finance Canada,https://news.google.com/rss/articles/CBMieEFVX3lxTE5RLUhFckM1RUxQRGFRZmE3UEliN2N6VjlCNVdKdU9UM3FTbVowUTJVNGZaSldTM1lyTXJwcU85R3ljMnJZck5Nb0tFaTNPM2U0VkxRS3NONmdRbGZSbWVySEVZOWN5enJzbV83Z251dktDLUdZWk5NNw?oc=5
CNQ.TO,2026-02-20,Canadian Natural Resources Ltd. (CNQ:CA) Gerdes Research Downgrades to Neutral,The Globe and Mail,https://news.google.com/rss/articles/CBMi7gFBVV95cUxNWDZCcDdxbWp1QTFuRUZ4MDlkdFhINjBHbjFBLUVoZ1FKOUtsUHFrSC1tZHMwMVBmUkdCcnBkd0FPMk5VMlNLZGY5WDhoYk9oN05QS29HVzNuVU5rRnhMc0RKWDR2Zzg3SEtINzFRSFBhbWtCT2FxdkVvc2N5YTdFc1kxLUhQMmNXOTdhaDBsd3VxSHJHNV9WTHZNN0l0cjFjVThFQ2lLb1R0WHZUYnFiQnBFcDRyTHQyOFNpZ290VzVPRlUxZjducmpjZ2p3cDBXalVBeWFDQUtRM1FWQ0I4MkZBc1RSQWJ4UTNEMUdB?oc=5
CNQ.TO,2026-02-20,Should You Buy Cenovus Stock at a Premium or Step Away Now?,The Globe and Mail,https://news.google.com/rss/articles/CBMi1wFBVV95cUxPd3EtaWRUTy1pOGFJc1RNZTRWWUMtTUYzWGtidWp5SXAyUnotUGY1blFTX1pJVnhWVzdhNXNkMmdtWEZ0R2pTazBTaVdER0dFQWxuYjhCZVV0ZWhJbVctRmM1ZzJBRW9jRjFOc2liOEk1QUx6TG5PcW1WRjg4VWVqYnM0UmVXSUw1aVNlMzVPQS10TVJWWTROY0UyRHZhdG1Ba0NiNWs3bElYMTliOGdYLUhiNm5ncUJxdmttOEJ6eWVoR2hrMENrai1ES1ZwcGY4dEwyUW85NA?oc=5
CNQ.TO,2026-02-20,"Invest $30,000 in 3 Stocks for $1,280 in Passive Income",Yahoo! Finance Canada,https://news.google.com/rss/articles/CBMie0FVX3lxTE52SFl3ZVY5dXNpcWpiZXRramE2aXZBVmViNGRIMEMwOGtIcjlUWUpWLWxuMVJqRGNVanNVOFdzX0I3SHRPelNhZE1vanFja0ZEdVhmY05UQ0VwbEtJMW9QdHB5QkpscnFvVmIyeTlsdE4wbVBvY3lOTU16SQ?oc=5
CNQ.TO,2026-02-24,Canadian Natural Resources: A Fantastic Business At A Reasonable Price (NYSE:CNQ),Seeking Alpha,https://news.google.com/rss/articles/CBMirwFBVV95cUxQUzQtQzFCcjJEWVFfZ3hPYW5DRmpRa1NPUl9tRUl0cDI4XzE5TmRLYTZCTV80QklNSnNycjlwemRmMmp0bG93cnNHS3p1aFVnWGVuc3dNWkxPOXF5V0hmWUpTRE4wRW56aEItcFVzZDE3b0d2Y0dzVmg5anRoeWR5UTFubkRBRTE3ZWRBU1BRTklRYUllR1hheURoZEFQQkljUkFyZUs2aTNKbV9fZ0JV?oc=5
CNQ.TO,2026-02-25,Is It Too Late To Consider Canadian Natural Resources (TSX:CNQ) After Strong Recent Gains?,Yahoo Finance,https://news.google.com/rss/articles/CBMijgFBVV95cUxPVFhXWTVRTU1yamt4T0xuOC1jd3VLNm9kLUJmajhjR1l1ZEFGS2dxdkdUc1NxOEhxZnIwRmtxQ2dwTnJNMlVVY3lJWE5uYzZJYXk3T2t3LTRQTXRfSEI4TGNCSmdHUXF3UFF2VmFhWUwzSVlwTDNfMTROY1FKV0wyTFQ0NEJkUmJ0amNxYTNB?oc=5
CNQ.TO,2026-02-25,Top Canadian Energy Stocks of 2026,The Motley Fool Canada,https://news.google.com/rss/articles/CBMiaEFVX3lxTE5VVGwzMURqcTFTYzZaM0RkQlU3T2JtWl9GR180ZWs2ZDBfNGlHU29PenVzTlB5VkRZNS1hUXVHX1ZGZTdpNDVXTEpZRFJHLVVnaDRlTmhjcGFhS0hXSi01QlUxX05mbXRw?oc=5
CNQ.TO,2026-02-25,Top Canadian Basic Materials Stocks of 2026,The Motley Fool Canada,https://news.google.com/rss/articles/CBMibEFVX3lxTE51UHNYUXpMbm14TVpoUkhjb3Fqc1c3dENRNGNjQ2dFV2EzaFBoWWtRX2t5SHNGSzhMUWxjbWUycDI5ajUxNW9RLU5faE1ORmFZdXRSREplTWNjSmFyM2RZQk1HR1FyWE15NndOcQ?oc=5
CNQ.TO,2026-02-25,Best Canadian Stocks to Buy in 2026,The Motley Fool Canada,https://news.google.com/rss/articles/CBMiakFVX3lxTE8wOVhEMzZ0am5Kcm9PbWpOYXlydjdaRXJzR1lWWGxGckJPOUY0cUZ5dy1jOEI4aTVfNUVyMnFubTR1clhlSFFDcTQ4QW9VczBscEc5VGlRSTFIWkZmdU9yRmtkb3h5WnBQTmc?oc=5
CNQ.TO,2026-02-26,5 Canadian Stocks to Buy and Hold for the Next 5 Years,Yahoo! Finance Canada,https://news.google.com/rss/articles/CBMigAFBVV95cUxOdXRHS2c1WGJaMnpSWkpRRjZia0VrckxmSFk3SGlXNEJ0dHhuOEZ6QnNyYXh6Y2VtT0hxa0JjTlZoU2c5eDA1cTgtZERJWEMzQXR5Rk1sN3pYYVlxeDNIOWxIVzJBTm1fbmt3TTI4STlEZTMydlBEMmJzQ0lGRzhacQ?oc=5
CNQ.TO,2026-02-26,"Got $2,500? 2 Energy Stocks to Buy and Hold Forever",Yahoo! Finance Canada,https://news.google.com/rss/articles/CBMidkFVX3lxTE1odmtPVmM0cG5na2N2TzlDcGdqNEdubDZ5X25hS0VZOGNfX0ZWQkh2TjVFc2JjT3JHaGU0WHpjdXhqU0NkcGFiMnVHWkJlM2ZldHBPSUxFcnczNjR1VGIycDIwY2VKY1p4TFRGbXhOQ2pXcDBUd1E?oc=5
CNQ.TO,2026-02-27,Energy Stocks Could Be Canada’s Secret Weapon in 2026,Yahoo! Finance Canada,https://news.google.com/rss/articles/CBMiigFBVV95cUxQaUN6OXFLQUlrbTNFMFo2TUFKSW9HZUdZR09nZTlxeV9zWHZDQWQwU1BaRUhFdGVLeVpEQ3VqWDN5Z3lfMEdNQnMwZmlKeWQ2S205QlhnWjk4U1RkQXdnZUM0X1pjVE5YckMwWWcweWdVMTRuMS1RYlByamtRUWFPdjd2ZHduZWdkTEE?oc=5
CNQ.TO,2026-03-02,Why Canadian Natural Resources stands out amid oil spike,BNN Bloomberg,https://news.google.com/rss/articles/CBMiuwFBVV95cUxQWldRanhRX2NSX0ZTOV9ldDROdVBSTnhvZDFSdDJPS093LURyc0NLbkRFdmxSb2Z1MURvcTlIN3VWVENsaGJ1NEhGSDVTNkZQM0NjYUc0clFDYU5rczFPek9Lc1Nka1Mxc25CT2xrdWNLN0dMbl9pZnpmTUd5eE13WFZXNkg3Yi0wT0RCS2VQMWF4X3NzTWFBMnVvaWctajlueXFUSlM3d21aT3JYVGpVVVFDLU1nYzdFYTFV?oc=5
CNQ.TO,2026-03-02,Oil Sands Stocks: How Suncor and Canadian Natural Stack Up,Yahoo! Finance Canada,https://news.google.com/rss/articles/CBMiiAFBVV95cUxQVVlMTU40UnQ0YVhEcGtiSmtERWgwZXBCN3JZSU5zaERzdjRRYl9QRzlRaGRVdWcwdE5qSGdNc01mNTE1RXVuY3NVdTJLYmRTWFN0LTRMX3A5Y3d1blRUQy00ZUhsUlo4MTQzVFhUMGZ5YjF6NE42cy15OUxWd3hQTlJrN1JaWHJu?oc=5
CNQ.TO,2026-03-04,2 TSX Stocks I’d Back Up the Truck on When Markets Sell Off Again,The Motley Fool Canada,https://news.google.com/rss/articles/CBMinAFBVV95cUxQTlEtUTlBV3Ntb3ZEYUMzR0J6REdMbDhLUGZLSDlpWExHcmNTMjJoRmpkMGk2OGo2SS1QTXNyQkhpUkxkRmFFX2JUdmpKYUhPdnRFZ0lqcnQweFJMaWZOVDJwdkRhOHByclpfTmZ6amszTno4RklMQWhoRmExVUxvTklzaVY3TnRqT2RyTmhpV3c5dmhjUHZxWTN1YU8?oc=5
CNQ.TO,2026-03-04,Dividend Investors: Top Canadian Energy Stocks for March,Yahoo! Finance Canada,https://news.google.com/rss/articles/CBMikAFBVV95cUxOWnN4SDY1ZHBOUVFEVWR3RkpDSk0yUENLYVh5WF90Uk53eXNhajRDSHhERGFtZjlMcUx1Z2FmR0RVVXJpd0VkMnVpZ09HWGYzQ1lYaHMzeTdWem1QbnBXN2Q1OVA1a19Ibkk1M095S0w4TkFhLWZ1dTRnbkhDazdXTmxDbklpeWZXR1BOQVJobVE?oc=5
CNQ.TO,2026-03-04,Canadian Natural Resources earnings on deck amid oil price pressure,Investing.com,https://news.google.com/rss/articles/CBMivAFBVV95cUxNeFRLQ1FMNk5IWkZnYU5KcDc5ekJQZEl4c04zQy1pNFdXa3JiUzIwTmhua0l6UVBBQTVuWDZYUE1HYl9RbW5lYWkzZ3hqMTlPRi1fR1BnaXVqaXJMZV9jV3pxOTF0VnZZLWlRZU5oczdlaEpkRFFkTmNsOXB5QS1LamRXcFllalRjdk5tUFpoRmV4VW5TMnNUMFl3Q1pYLW1rX1dWV29yQUxzNm9aODlHZWF2dlExemhaMGR1MQ?oc=5
CNQ.TO,2026-03-04,How Worried Should Canadian Stock Investors Be About the Iran War?,Morningstar,https://news.google.com/rss/articles/CBMiqgFBVV95cUxPMnZBd3hDM3F5ME1pNGI5aXE4LWhHQmRZa0pkZVBRVllHUzdQeUc1aE5UZHZLVlVENVZPaUx5VnU2alMwZzNEMnZ4b21nOXNubXd2aEpkVTZ5Rkk3Q0ZCOWdfR2ZaM0FZNGE5Y1d2MWdWSHVLQl8zb09HXzlOTFJoNTdfS2hrMUp5Y2VkNS1ieURObXItYzl1akxpdXNybms2QmlrYkpQN1BZQQ?oc=5
CNQ.TO,2026-03-05,Canadian Natural Resources Limited Announces 2025 Fourth Quarter and Year End Results,TMX Newsfile,https://news.google.com/rss/articles/CBMixwFBVV95cUxNTTZueXVsMXJZZURYRDBLRkpaVEphYnh1MFcyWWJHU1Z2LWRyWWtvUzJxa1BDSjNWVWg1WjNaNnRlZjVhc3dmT1Q3QWZUZjV5bVcwZTQ2TEctclZVdk8tVHpSbXhxVExJNVJlSzZRSFl0eEI4QnI5eW81TlBhTG5oRUlSU05oTDhhMWptMk45S2w4SnhfTFNVbVljbElKa2hod0pVVXJabWlkMmNlcVJoT1Z1NUpjUWhxcWJpMFFwd0RHSzVHZFk4?oc=5
CNQ.TO,2026-03-05,"Canadian Natural defers $8.25B oilsands mine expansion, citing regulatory uncertainty",CBC,https://news.google.com/rss/articles/CBMinAFBVV95cUxQQ3Z5ZlFsaUkzdUEtd3hjSTRHYTVFY0gzUU05NGhqRmlQTjVYTWYxV3RYZGE3ak9WWjU0QXdvRWdBX1ExMmxCc2RnMnNvOXRjZmVtRld5MUdmVnNKT0s4OWJDblhBQnNDSmVaTlcwd3NqN2lfOGFvSFdEZm9rZVU3ckZmVVZ2Yk92XzVDQ2tMN2dUdURvRTVWMzV6UHU?oc=5
CNQ.TO,2026-03-05,1 Unstoppable Dividend Stock to Buy With $400 Right Now,Yahoo! Finance Canada,https://news.google.com/rss/articles/CBMiiAFBVV95cUxQbjltX00zVS1rTzA1UWh1Wl9lQVJGcWtiWVNrb2Z2b3BxeGh1RzBNVDNVRFJlR3ZTSHU3bkFyX2VzYWZCNF9xT2ZmMmpkR2o0ZUpXY1A1X2RMbHhxM1ZxZ2UzX3JrQUwyaXJRUHAzXy1fQ2VuUUZ5MU5rb2ExTTdxQ243dHVoamdL?oc=5
CNQ.TO,2026-03-05,Canadian Natural Resources Limited (CNQ) Releases Q4 2025 Earnings: Revenue Up but EPS Down,Quiver Quantitative,https://news.google.com/rss/articles/CBMiygFBVV95cUxPRzNUcEJqc3dDZjJEVHlTLVljRTFaVDlVN3QzVURSWTRrSTN4MElIUG01QjNZLUxtRklhWWFfNVdjeGNENGNLckYtMXROd3pIaGFtN0FBdWpld1pIZGIxT3lNVjBIcjA4SEYweHZWYmYzQW1MRmJfTU5saGUtbVRnR3ZiT25wYzdYZmJfckdSMWVBR25LZGswOUFfWnZvdnM4UENfOGRTTEViQmFMSFdsajcxUGxFRk4zYUs4c1BNMS1tT1VoTTVJRzJ3?oc=5
CNQ.TO,2026-03-06,Scotiabank raises Canadian Natural Resources stock price target on strong mining performance,Investing.com,https://news.google.com/rss/articles/CBMi5wFBVV95cUxOSUdQMkhFUXUtLWtabW1GaGUtbFdNQWcyc0loVG1VX2stTWlXWlNuYU90RmtuXzdYT2tiMGtramZ5dUxsNnZCYjlGbTBnV20yMUVkTkU3Q2hJZm9YZ3BIUF9ST3VZZHJsN0laU3dMSWRmaVN0Y1pheHI1ZjFLMWhVSXNWdWJlWDNocGItVHJOa2dwS2gyOVpuYXBTWmlqMHBMd2FSenRNLTVNUXVJYkZDOW9nM0xabkdRZTJfX2lRRTJ4NFFET2czdlNBZzA5NEExMHg5NDR0bUtuV2h3N05DbFNLNEtTdWc?oc=5
CNQ.TO,2026-03-06,Best Canadian Energy Dividend Stocks For 2026,Million Dollar Journey,https://news.google.com/rss/articles/CBMie0FVX3lxTE5wNjRDU3dLNzl0b0VEdHU5MEd6cGtlcjFrOHB6Qk9kOUdMU3JkUUMwN1VnV0lxYXpTdGZST0dfUk1iLWk5QWZrS2hQSEVSQkxwbVlOUUJMOG9DcnRYUl94OWdkV1dHcVdKSnNpaHV0RUVhcE1GSTF5aHU5OA?oc=5
CNQ.TO,2026-03-06,Stock news for investors: Canadian Natural boosts quarterly dividend after massive Q4 profit,MoneySense,https://news.google.com/rss/articles/CBMibEFVX3lxTFBhSWRSbmlUVlRRMkxhVWw1ZWZIcTZGaGJ2ZkR6bzd6SldHSWpFZXdIdmZMNVV6UHc3WTFyaUE5UHd1cHYxOWRScHlNWWJhbC1fLTMxZmd3UG1ubUpqdWRwVGRxcWp5M0VEbzkxYg?oc=5
CNQ.TO,2026-03-06,Canadian Natural Resources Earnings: Amended Debt Target Accelerates Shareholder Returns,Morningstar,https://news.google.com/rss/articles/CBMiywFBVV95cUxQSV9rQ0xUUVpBaG8zVmJ2X2ZwRU1OeHI5NzFWeGx2dDdqQVd1RXdNc1BtWkV1SjBLNlBzYlR1LUhuZi1uRnZuRzFQZG8yalBmTEUwbE1HQVlYcmRoYllQVEg3SWVkMnllc2MtOEVlelZJOUJJM2g0dTZWSHJ2eGJfakJYenZyeXN3ODFyUGtPbjUwenY1WTg0MkhOUXo0NXEzYmhZNndSdEt3bHhubWJMLTVoNVZleFR3cF81bTQ2R2RlSnB3WXhaZGVsUQ?oc=5
CNQ.TO,2026-03-09,Trade Tracker: Joe Terranova sells the OIH and buys Petrobras and Canadian Natural Resources,CNBC,https://news.google.com/rss/articles/CBMizwFBVV95cUxPeXhyaE1FZWpZUzNkMjluM3VMTUk0ZmstVjZFZWhPT0Y2MDBnXy1PaGx1czlLRmYzODFMQ253Y0tGOVRSMFk3Vks3ZWxvMk4zWjJaOFozZmxCQWdWekhaUC1oNzlXUzJtX2xnLWtueWY2SmFnQkMydW5fTUVOM0EyVnlKenZnZVY0djYybTZaR0loYzlOelhmTWZlaXJJYlJsdHROVUJqdlRsb2FuOG5iTmtNdzUwYmVTZHB1TkhwQW9XNEp2LUhQNUVVTVMxa3c?oc=5
CNQ.TO,2026-03-09,What Is One of the Best Energy Stocks to Own for the Next 10 Years?,The Motley Fool Canada,https://news.google.com/rss/articles/CBMinwFBVV95cUxQV2JGY1RJcDladXFlTDRiWHhMZDkyZDlXRDVqdHRGMk1kZk9jTzdZeWxZVUt3bVVOMnNscHRyVm5vU0kwZXFkMDlET3N6dGVFRTZDWWhhVzZyVU1peFE2cmx1T1NWUkZiM0h0WVNjZHNUelNHX1VyajFiVkhGT0pWdzc2M19ZeUpKVGpHUVJLWUs1N29pUDhlRkhTNm5JU2M?oc=5
CNQ.TO,2026-03-09,An Energy Stock Yielding 4% That Could Have a Breakout Year Ahead,Yahoo! Finance Canada,https://news.google.com/rss/articles/CBMihAFBVV95cUxPOXVNUnhZN0I1SFYxNVBKWEdzeDF0NVFmbkVxUnR0UnhPX2NHMGRNSi1TMkEwUWkzV2NObXEzdXZJUDhLNGluRFhxUXp1enQ3emtLcmJSWGVvdmt1ODVJZ0M4RS12U0toam5BWEhHX2Z5TDJsOGNMd0FLNjB6M1A2azZhUXA?oc=5
CNQ.TO,2026-03-09,The most oversold and overbought stocks on the TSX,The Globe and Mail,https://news.google.com/rss/articles/CBMiywFBVV95cUxPRE5vNFl2S2Eza09YRUhuZFpIY0JiY0g3dGVJMy1RV2hXTHkzX3lIY0czWTg0UFloNHFQZVNxOFVQN1BfUFZHQjFFMUM4Y2FsbndITU45LXhNU1p4d3hSbHhFWXltaDJ1cGtZbW1HOU9KTUxHcnVzYkpMeFJkZkFpZlkxSDU2VlhBYkd4SnUxTTdQYTdOQ0pHdXBGRjEzR1FhUlBoakc5bVAyNE1HX1pla0cyMGI5dUh5dmMzMzM2ay1YZE9lRGVETXdyVQ?oc=5
CNQ.TO,2026-03-09,"Canadian Natural Q4 Earnings Beat Estimates, Expenses Decrease Y/Y",The Globe and Mail,https://news.google.com/rss/articles/CBMi4AFBVV95cUxNSDRpbFo3dGpldllFLUNmWUlyMUNhOVdFWDZvQUM4dWprSVhFejdfRF81cHA1Y0F2UjBDX1p6cFFhOHFSdDE0ZUZMZzE0MTM5UXBUV2cyeWNHVlJPbFVNUUJ4b0xZX3d2S3czN0lhSlY5UllDc3BNc0NMS1hxYTdjNWhGSk5oYmRYT0dER2FHTVdSZTFnZlVCZTVtS3hkX3BhTUJBSWhTbzZpRUhJWmF1d19GWG5INUlBdWpjWVFhZUdJeHdsNGNpOHA1MGtMVTJ5WlpEYzE3ZjZCTXVfRFNmZQ?oc=5
CNQ.TO,2026-03-11,Canadian Natural (TSX:CNQ) Gains Attention Across The S&P/TSX,kalkinemedia.com,https://news.google.com/rss/articles/CBMinwFBVV95cUxQSVl2WmZSVC1uRW9VWWxSY0tfblVWckUyTXBhTC1rZHBQeE9Qa1BabktmRHFKelRmUVVFS2dFWGVtdmFYdkxOT3lYUXBBb1pfODhhNVlvVlZjelQ3TUxvUWZBN0pvd0QyUEI4blhtVzRwc1VDYkFQNUY1R19LWk02U214LTRUUFprVm42SFhVZmdwVUM4eWQ2X1F4SGh2X1U?oc=5
CNQ.TO,2026-03-11,Canadian oil companies expected to ‘benefit disproportionately’ during the war in Iran,BNN Bloomberg,https://news.google.com/rss/articles/CBMi2wFBVV95cUxPdUdVMk4tYzVBbHN4REF0ZzZ6d3djZ1hITjNIaGpmN1lVN2pGdnJ5cGJKNVFEYzRiV01KdmthR2RzVi1kT2NpeXN6bjRjNlhtaTcwMEFUZGYteldQWE12Q3Q1dWhzakdia2ZRaDBJOURsU05ucE5EQ19WMW13YV9tRUFQeVB5aGRWX1ZXYlRtZzdfTEJla1lKamMtcWVua2pfUWl1aUpHLW1rd3lYcEEwejVPcVhRdU5UVXFUaExyTTJfb3JSd1JMQ3hJYVExZGRlbDRWaG90ZGYzeWM?oc=5
CNQ.TO,2026-03-11,RBC Capital Raises Canadian Natural Resources (CNQ) Price Target on Leadership and Shareholder Alignment,Yahoo Finance,https://news.google.com/rss/articles/CBMiiAFBVV95cUxNWFNwUVJmTmFZYlNRQnZBU2x0WW5QSlRFWG0zUGN0eHBzdWx2N3hRMGg4c2R2bHNHbmZwaGk0Si1Jb0JOOU5jemdPbU45SXVtTE8yam1zMDl2YVdtWFcxQ2JyanFYbkQ1U1FHZVN0MktfVjVCamcxMXlMXzFsUmdYVzF0RFVGS0FF?oc=5
CNQ.TO,2026-03-12,Canadian Natural Resources (TSX:CNQ) Valuation Check After Strong Recent Share Price Momentum,Yahoo Finance,https://news.google.com/rss/articles/CBMihwFBVV95cUxPemNEcl8wMEs5bzJYOGdwa3Iyc1Nsd3JDQ1V2SEVLY21wRjJRb2p4SmdXS0Y4SzBReUY2TGZ6YXh4dHVfeG45R19Bc1diVnhuWE9CbF9LbmdFS1UxeUQzcUZ5S1hDcmUyWXgwVno4dXZnak5SMDVrTktDVkx1NEFJekFhTzJzbDg?oc=5
CNQ.TO,2026-03-12,8 Attractive Dividend Stocks For Global Diversification: One Yields More Than 6%,Seeking Alpha,https://news.google.com/rss/articles/CBMixgFBVV95cUxQSkgxcTNab2tvVC1aX1dXLXNIYXN3VXdja2Q1d2FYSy10dTV1d29Eb3ZNS3V6bmJVenRmTVVzWmJUZmJBdG5ONjh6VjNjODdOUUw1aVFSUVU3WnFHTVpZckUyYmE2bVY5akdGTDg0dWlSZ0czOHZnZ2tIWGpvN2FVR0I4bDhfYlZBZ05DVF84Vng3cDBaMVhjeU9Tc0QyS1p6SDhSalhwd2xaU3FkX0lDU09Dek90UUdFWTA5THBTUzNGZUlmUVE?oc=5
CNQ.TO,2026-03-13,Why Are Investors Piling into Canadian Natural Resources Today — Bullish Oil Market Signals Ahead?,kalkine.ca,https://news.google.com/rss/articles/CBMizAFBVV95cUxQODZCNDdLQ0x2andiczV2TWxobV9qbldoMnc1T09KOF9SMVJJSHBzTmE5V3J5WHZDMF9oSjFWYXoxZmoxWnN1dW40NkJiOWJFZGZCWS1vc1pKVzB1bUMxcUNxOUxBd0ZJam5naWpmOUNWZ1FfdE1sNWt0SkRjT2RmSnVieE13U09fTXg4RVNDME9ORVhPZFh6ZTFFSkRsX0JFa18wWksyZjVVNHg4bnliZXpSaWJqQjFSOVhRVlZROERzMnl0eUUxcE1BS3g?oc=5
CNQ.TO,2026-03-14,Canadian Natural Expands Share Buybacks Under New TSX-Approved Program,The Globe and Mail,https://news.google.com/rss/articles/CBMi6AFBVV95cUxPNXVWY2NIaVNLempBSDdObEo4azFkRWNybV83N3lHelkta1Q4Ny00R0dSMGQzTGJxbUJMVU5iWHZQZWVjOXNPRXdiZHFyaU9uRl9tZFFiU2wzUVo4NnpmNEhybWkwWlpmUmRXWWJDZkNWUVpMV2JMTXZzaUFObnN5SVdSN3VLRU5uZC1xb0tjNzF6MmNxOHhuaE5BU1JYOUtmX05tVWVvdXlhblg4OG56YzFKcUZEQ3BiVmlBRkliR2UzM1R4VmtLQWpGdGVCZmd1OWREQXpnZXlfMlZVTUZlZC1wb3pja0xl?oc=5
CNQ.TO,2026-03-15,2 Superb Canadian Stocks Set to Surge Into 2026,The Motley Fool Canada,https://news.google.com/rss/articles/CBMiiAFBVV95cUxPaksydjlRWUtJV0xzN2Fwc0VvR0puODJaRGtUTzBpRDI0a0VzZlJ6N0lYYkdSQnJtWGpDSkQ4czlZYzVFMjhaT0dWZ2xJZ2NJemo3djd6a052eU9ZeFpVbzZ1VUVET3BUS0EyZ3VRaFRmRF9qdUphbU1MN29ycmdpdVFKQnltMzVX?oc=5
CNQ.TO,2026-03-16,Canadian Natural Resources Faces Rising Risks: Hold or Sell the Stock?,TradingView,https://news.google.com/rss/articles/CBMiwgFBVV95cUxQUFRsLWZRQ0d2OGxMTEZPaXBvN1FUbzJncWFkTVRzaDU0M1duVUxRUzE0MU1JSDE5YldOQV81Q2lLTDB5Tlpkbml6WGluMXNTMVVUMlhMeXBNekU3YTBUcHJtY1NSOUVBRVpnc0xVVXdrYVdwck5NOUxlUXkwUGo2eUJsU2VrMUZ6MlAtWFlrT1ZoRWlQVnQ3OEpxS2gzWnpjZGw0SlUzTzR1QnB3T3NEbG91b2tCYXNEek1EQnJkV2Mxdw?oc=5
CNQ.TO,2026-03-16,"Canadian Natural Resources (TSE:CNQ) Stock Price Expected to Rise, Jefferies Financial Group Analyst Says",MarketBeat,https://news.google.com/rss/articles/CBMi6wFBVV95cUxNT2JBWWNYX0JzQzhJVHBoNFp1VENLSzRLVkdwSVlLNkJXY0NnRVM3UXQ1SnUwUVF5Rk1HbDFFVUFmRzVQMjYzdmFVRXVpYWZlSzJDVEtDa3ZNWk5xekpKa0UxUUZXaV93RlRYN003THIzNHhiaW1vNFV0eHhWT3h6ZTh0VF85Z0xqTEtBazdyUGUzUzJidnAxbThMUGdrbnltZjI2cXZSVHVHa2hTSU5YeTZNdUFzWUtCUWRQMU02QXdtQW04TTAyejBOWHlwaEJtM1hndW5lZGpuZTBmVGtFeTJKMlBtQlBGTzRj?oc=5
CNQ.TO,2026-03-16,Is It Too Late To Consider Canadian Natural Resources (TSX:CNQ) After Strong Recent Share Gains?,Yahoo Finance,https://news.google.com/rss/articles/CBMijgFBVV95cUxNcG9vX0tsaHJQT3Z1eFBYVlk1NjlneVZEeTdraUxoT0REbzUwalZoajhXUkF6R1dCUGRhSWZoTE1UUlBZbG4yYmVfMXo5WUxTUjlQZm1lNWJnUnZIYThMckJkSzJqSlUtZmZZb1FCeTJadV90NEFDOExmTlg0VXJ1VERZS3FObW96MWVKcm9n?oc=5
CNQ.TO,2026-03-16,How to Build a Bulletproof Canadian Portfolio: Pairing Fortis and Waste Connections with Sprott and CNQ,NAI500,https://news.google.com/rss/articles/CBMi0AFBVV95cUxOcEp2SEJvX0FHdWVTRzRWYlZTY2ZmSEo3aWo5UjJBMzkxcWJSVElCdkVJTDdvRFB5aHgwbTJKblozdlBsOHd0bFZCaFBoNWFfLW1aNmx4dGVRVHJjd2VhWFdqLUxHRVpzT0I2bktmbGJoMWhQMm1hTTVWcnlOQ01nTklsRU5aSHhPTHZjcTNsQW1xSVZOajk3VExuTVhReVlpRnk0VnRrVWZLX2NaSXdZMXRKbDJobjA4UDRMQ3V5MkU3aHNaaE5hUGxWTHZVTm54?oc=5
CNQ.TO,2026-03-16,These Stocks Won Big Last Month and Are Still Excellent Buys for 2026,The Motley Fool Canada,https://news.google.com/rss/articles/CBMipgFBVV95cUxQLWdoa3hRZU5zS0x0Z1NucV9ocTd6aEVMOURyWW9EbF9FbGhsSzdvN3lvcHVFYWNSejVlRUx3WlpUc1RBaXN5X2NrTmJtckVaRU16T1NVQVdJSWQ2SllqS2FkWlgya1ZlMG1yRVJmbWhSUGZYMDlwRkJiRU1WZEV5OWJlTTk3VXgyZnlONk92UGxCOXhBNjJUTF9VTUlDd1JFVUk4Z01n?oc=5
CNQ.TO,2026-03-16,5 Dividend Stocks That Belong in Almost Every Portfolio,Yahoo! Finance Canada,https://news.google.com/rss/articles/CBMihwFBVV95cUxQMkd4VmpaN08tcVY1VHR6S2Y5a0piZC1oMHBjSGNFMVREWTRtTlBfRW51MTF4MnN3Z3YxdllKU2laWk40WVlmOURybnVQdGh6TjJvQUlrbXEwTTAyRTczeFNnQjUzbTVERGlFSkxfOFlRMzJ3WHVWYVlVVUpTdmpYbUEySkc4VzA?oc=5
CNQ.TO,2026-03-17,Canadian Natural Resources (TSX:CNQ) Supports S&P 60 Energy Sector Growth Story,kalkinemedia.com,https://news.google.com/rss/articles/CBMiuAFBVV95cUxOOTNSUjlsSWRLUkNZVU5vazRCaEwwTWVmcHN4YXBEMU9FSENzck55UHd2dzNNV1ZPaGNHdUNLT25JWXo5LWdJd2htakpPc1NxVEFfSHgzZTZBbzV5VWhNSC1RalhhdFFJWUJEcEZYcDkyWEZCRVVxM0tfRTJmSzRUZVJJNGxpbFJtTEE0Q2lMVUlkSnZXR2lxMVQ5WDBvNkZERXUyVklQUmdRblhxeG1fWV8xcVczTFVk?oc=5
CNQ.TO,2026-03-17,Canadian Natural Launches New Share Buyback and Tightens Free Cash Flow Return Policy,The Globe and Mail,https://news.google.com/rss/articles/CBMi_AFBVV95cUxPWVJWcXBVVGdjaWlaNldpRTVzcW11aVZSYlBNVGxTWF9tb1o2bTNyT0JnRTc2eTZSZzBfekd5d0FoR1JLcEVzRjduYi1TX3cySlRvWFNTakh4b0lFX0xuZHVWR0d5UHpLLUZ3V2tIV3NqMWRPcjl0cWc5YUFRdUlkTGZzZmZtejRIM0doRnlDQnl1M2x6dDRDQ1FwekZHdmdQeFc5aW9ONzZ4WU8wWUM0Wi1YcDhmbjNoVV8yOU1oTzJBM0RjMGpmc0FvWDlhSXctNk1pMGROYWJuRF9zS1RaM0RjMFZQRTVGRUpEeGdYY1hsSXBJbjVaUVF3T2Q?oc=5
CNQ.TO,2026-03-17,3 Dividend Stocks to Double Up on Right Now,Yahoo! Finance Canada,https://news.google.com/rss/articles/CBMigwFBVV95cUxOQ3F5dnFJclVsbmVzM3l6SERnNnFZcXFUOHYxb0lDbDVCS3BCX2Z5Z1NOdzdXT2dEM1ZiV3gyNC1mazJMZEJ3YTRTT0dvYWYtM1dNb1VnM2ZEdzI1bl9vU09DeW51c2paa0JaZmtqN3liVF82LTAxZ295MFZHX2Q2SnplMA?oc=5
CNQ.TO,2026-03-17,Goldman Sachs Updates Canadian Natural (CNQ) View as Oil Price Forecasts Rise,Yahoo Finance,https://news.google.com/rss/articles/CBMijAFBVV95cUxOaFQyZ0RQX094MXBSS0Vub2dkODhLaDAzYzdDcmdIcXpySC1xdW1LZnZJOVhMSHZDajBhZWxuYXlIUVZVaUdDQUdYdWZUMVdUeXJJcUt3aHVkczdBelFSczA5OTNvM0JZTVVWdWM3aHpFQUJDdG1YbXJoeFQ1VklSV0NieUxZQ0hsTTBidg?oc=5
CNQ.TO,2026-03-18,"A Dependable Dividend Stock to Buy With $20,000 Right Now",Yahoo! Finance Canada,https://news.google.com/rss/articles/CBMiiAFBVV95cUxNbTdlWWlHSWkzUjJRbnJ5dlJKZ2s5SmIxRjlTY2dGcmtPVmpDV0FzTmp0ZUJzTllPQXE5UHN5X0hPYzVUM21hYWxCczluNkN6MnJkMzVQb1BzTHhMN2ZoQXptdF90NTZBMlhfOFNQOWwxSXJGa0dKeHVTMWtnemF3T1JQeE05bGs5?oc=5
CNQ.TO,2026-03-19,"Suncor, Enbridge, or Canadian Natural? Here’s Which Oil Stock Makes Sense for Your Portfolio",Yahoo! Finance Canada,https://news.google.com/rss/articles/CBMijgFBVV95cUxQalhvdWswNkxTbDNMbHZwbFFGUmVjbmE1OVI2Mkh4NU9heFZwM1FtYzFFbExSOTlsLTB3REU4OTBlel9GOXhBeUZCb2c3Sk5VeUd5UkE4T2EybGhPbUttRW1ZekxOb1Z3TkhIVTg1T2JWSTYtVkpEazhYQ2tfcUNWRlBIQkRaRXl4R1JwVlRR?oc=5
CNQ.TO,2026-03-19,Canadian Natural Resources Ltd Stock (CNQ) Moved Up by 4.39% on Mar 19: Facts Behind the Movement,TradingKey,https://news.google.com/rss/articles/CBMiigFBVV95cUxPdHd2MTIyVE5KRWRWZ0lHOXdZeEowb0JiRTVNanhHcnJJR1REcm94emVZN1VNckVVVEU4ay1JSGhhYXhPNWo3MnpBQ2NmZUd5WVhGZHlPUVQtVUZxLTRQNWdFUjVWdTVEVThfak9UdUpQSExZZE1jX216bmtaM3NxSERmR1RaYlEtT3c?oc=5
CNQ.TO,2026-03-19,Your First Canadian Stocks: How New Investors Can Start Strong in 2026,Yahoo! Finance Canada,https://news.google.com/rss/articles/CBMijwFBVV95cUxQb2FTd2ttb2QxYlBHc3ptQVRCOC1TSTZVODdiN1BNSmVZZlZCZWF3NDhLcDlfOVR2N1BEMUpWZjhiNXUzX1ZuQzFldkxQeWhNdkUyN25DUXlxUS1XOU1TV2JjMDVqZmkyZm95aGliRmdGMl90MmF2VUh1bHZhVnA4ck9TTHo1c1JsUDBpdjF1cw?oc=5
CNQ.TO,2026-03-19,3 Canadian Energy Stocks That Win When Oil Spikes and Hold Up When it Doesn’t,The Motley Fool Canada,https://news.google.com/rss/articles/CBMirAFBVV95cUxOVUJWM2pPSHF1LTIzdjV4SjZqRlBEcFhuWG03bFkwTGFRLThmMVRQOWhvVExCRUF1OFF2Wmg2OTdUbDlfQUlxZmc0ZmdDLUJ2dmlWVDZ6ZTFtOG5sRkFRTGpuVTBzZXNhZlgzQkVxdnljNnBTblZJYkw0aXAtOTJoNXA0Ry1hZkNBTVRUTW02UXJmTjA1QUJUNldpcTVqaVdpMDcyMm9zZXZfdXRU?oc=5
CNQ.TO,2026-03-20,2 Dividend Energy Stocks to Buy in March,Yahoo! Finance Canada,https://news.google.com/rss/articles/CBMigwFBVV95cUxOT0VOb1o1SURqd2otd3RXdXpkbUczZzdVbDNtTGd3M1BpSG8wZUdXYTVYZUFOT05vSmc5RkFNV3BNczFhQ2tuWWxoQ2VBU09YVTk3aTJGamhSVkpMVlNianJ2MFZYZnBwRjJzcTUwdFhzQTRSc0J2UUxaOEozaGJWbXJNOA?oc=5
CNQ.TO,2026-03-20,What is behind Canadian Natural Resources stock's recent drop in value today,Traders Union,https://news.google.com/rss/articles/CBMipwFBVV95cUxQWTlqdE1YQUlNQ3ZCaWZvTnBkZVhVc3Nzd3hPRHJONjRsTnY5amxRVzBRd0VHMC1ENkNPVXJ6WUsyak8zbENzdUpKUTdPZlliZTd6b2NDU2swUTFFU3VPbnJ1RXVPaTZhQ05NZjQ2UXBUZDIyYXJPN2tYRGpBVkN0SGIwaWdMVDNRY3FjV3gwdU42WFJsdVdQNzduWVdPWkdaX01OeHEtZw?oc=5
CNQ.TO,2026-03-21,"Oil Is Down Today, Up Tomorrow. Here's Why I'm Not Worried.",The Motley Fool,https://news.google.com/rss/articles/CBMimAFBVV95cUxQSTZJWS1UTXF6UFliVGktOF9kOGl1cl9uZm5PNGlycFJ5Wmh2YUpDNmMtekd0ekpXZ3V0VVpZb2U4cElJSGFNU0ZSS2tEWHJHUldBUUI4X0xzWk5VUEpSQW00SVpCbWVrWkJ1b2NXWkhsaVlJVUlwOXQ0cmNqS3ZZVTEteXBXVF9WYnhvbWl5QlpSVFFvT3EwMw?oc=5
CNQ.TO,2026-03-23,Top 3 reasons why Canada’s TSX Composite has crashed into a correction,TradingView,https://news.google.com/rss/articles/CBMixgFBVV95cUxQbVJ2WUN5d3JXRWo2cFJiY2tpTGNXYUlhaGl4VG1naDU3d0VlNHloLTcwYmVIY0FjYjZBLU1zNjhRak90Uy1FSHd0c0dMZDF4eTVoYVcwMnJRQjB6cjBZY09Va3ZENkM4Wng5aFRvR0hMX3VWcWUyVTQ4VmdkcGJ1TXJKSWlzUkRkZll4Yi1QR0kwZEN5VVZkRGYwWHUtUHB6azVPTEgwTi1aMnByanFUd2pTUDQyaVZGdmRSVnN0c0Zkb0pxSUE?oc=5
CNQ.TO,2026-03-24,Canadian Natural Resources shares jump as stock buying pressure builds,Traders Union,https://news.google.com/rss/articles/CBMipgFBVV95cUxNaGNqVkt1eXdndkVxdEJjODRpSWRiZjhKcElKLVpjRzQzaURNeUpmdGNrMklHQUFJZFJHOXJUeVBaWHFWLUVuQUU1c0h2ZXVfRG5MOW1Xa3h5RTI4RWI0U2YzTTUzLTRuR1Q2ckkzQ2k3NkZfdEZhc0pYelBXb1hDQ0s1MjJnZl9GbWxSUnVtUlBBVFhuWk5mV2hQT0YtSkJuTWtpSmxn?oc=5
CNQ.TO,2026-03-25,3 All-Weather Stocks Canadians Can Confidently Buy Today,The Motley Fool Canada,https://news.google.com/rss/articles/CBMilAFBVV95cUxPclJ4NDg3ZGxJZ0czdzk0cEFWejNkUGEtbWlJRExzMldZbWdBZkpidUZZaEt3Z2c5U196b2d5ZG9MZnktRWliTFAtUnJvRHh0aE1lT0U2eHE4R3ZabnlwVV9tOGlSVDE1WDlIWUFPSFVPR2luNTVLeE9YVGk0ZnVySmZOMTJ2a0QzakdLT2tvYlVERUp4?oc=5
CNQ.TO,2026-03-26,3 Stocks to Double Up on Right Now,Yahoo! Finance Canada,https://news.google.com/rss/articles/CBMid0FVX3lxTFBrb3UtQWRaR3M4UlgwX3dEdnlkcTFIdS1NVlZVLXp6SzRjVXhwVWhfQzJpbEVNUlpPTTRUaXYtbHNucU9BcjBCTXl6cHJfNmFjb0ZsLThnVElERkJ6dTZhUG9fdXprMnhLWDY1Uk9uelNiUjBQTkdn?oc=5
CNQ.TO,2026-03-26,Canadian Natural Resources (CNQ) Price Target Raised on Strong Production Results,Yahoo Finance,https://news.google.com/rss/articles/CBMiowFBVV95cUxNS1ZFSkRwaWJoNlI3TzJTNS05Y1p4QXdyNTlRa2ExWjdxUlVnVmltVTk0a2JPdTdtUkF3V2R4N3JSMkZhdHFsNm5ZbHBydGRtU29oWnhfeEl2bkIydDdfbmJmRDg1ZDVja0ZLNktDRmZsYmVxaW9Wa1pDXzI1RjZfRTFrUk84Q1FHdWJlU0lxX2d2dzdlTHdkenFPYWJzY2dHcS04?oc=5
CNQ.TO,2026-03-27,Canadian Natural Resources: 4 Reasons I Maintain A Strong Buy After Recent Rally (CNQ),Seeking Alpha,https://news.google.com/rss/articles/CBMiugFBVV95cUxQLUtyY01HTDhrRFlUdVVzc19sQW1QTl9IZFdnTkktMVZCWHRTZmp2M3pxRVFhcVB4T09nNGhfeXA0MkZmQmVIMEJ4R2dXYUJ5Rmx0UFc1c1V3UVc0aGljQjZLemliVGVQM0FSNTRWWml1RG5ELWVQZGpXV29QazVVRnRDeE9qMkpBeEtxZm1EcGhOby1GZmlyOGQyaEd1MkxsdElYTlpUV1B3dE5UXzBDaFUxTm05dGp0anc?oc=5
CNQ.TO,2026-03-30,Morgan Stanley Raises CNQ Target on Strong Oil and Refining Margins,Yahoo Finance,https://news.google.com/rss/articles/CBMingFBVV95cUxPcnNRUUlheHJHanQ0NWxFSzZpaWE3bmI2RlR4eGVlbXVpS3ZhSzJqTmRrUnhoN0sxclNhcHJud0ZsY084MHV6b2UwWVNFVFlhekpjYWh2UUhjOGZDUGIxZm1YRGl3TjhJbEV3dkdqTW1hYWtMc2REM0QySExwSEs4NkRpUXVzcmxIb2o5Qy1mU3NEUWU1UkhNYlZzLS11QQ?oc=5
CNQ.TO,2026-03-30,3 Top TSX Dividend Stocks Yielding Up To 7.4%,simplywall.st,https://news.google.com/rss/articles/CBMiwwFBVV95cUxQRFBnVGVRT2J3b1M1Yk9CUkZDVzdGcU1YTXZYZXF3clNsNmhOTHJsV3gySVFUX2V2ODdxNUttZ05hcjlfTXZkdGZRYWtzWE1tT1hxRmlERDNOLUtId0w3UFNGbUZCWk9GNi1pZDM2MEJLRXBLY3lIdHF6d2pIa0xVMGZET25RckZyUHl1elZaLUdVUWc1WVBoQjFDcmNqNHcwVkJUSzN1TG5VNTJnWERpTFpvNWZQRGlxRjJLbHA0YWhOeE3SAcgBQVVfeXFMUHRvaFYzT280NWRGYVhTQXFoa0l3R1dHb3k5T09UOUNEc1ZOZVFzbTBGZi1GYlptbTAxX2tmRDRWMzBTVjE4ZTFlSGFjNVNmS201NlAtRnIxSkRNanhsR3Q3eXR2aVBYdVp6eHluZEliNHRUNWNlVXFIWmt3NHg5VGIxUTdQMFZacktjVU55ak9YTUJ6NG1ZUjZqZUFaYVhIbVdKdHJYRU5Ic1F3azV2Z1N0Q3BLMzFwMGM0ZEFKbEhPSWpjcGZCNWc?oc=5
CNQ.TO,2026-04-01,"How Much Passive Income Can You Generate From $50,000 in Canadian Natural Resources?",The Motley Fool Canada,https://news.google.com/rss/articles/CBMiswFBVV95cUxONDZkYjRmdWJ6NUtXUzhOcnFUX1ItOEd3QWZ6ZHBxRGNBaUE3eGRvb3I3TzlIWEdCTE5lTDloNTNlQ2tqdzFDWVBEdzdib0JWQ0FBdXNERC1za3dhU0Q1bDNla2pjQlVMcTFEVUN1TUw2NzZKREhfM1g2aUJNb2NTVnNlVXdBTTA5cVZ2MlExVVJDOGZ4TEQ0eXBuZWk5Y3NXSW1wbk1tY2E2VGFBcTN5NURXNA?oc=5
CNQ.TO,2026-04-01,Canadian Natural Resources (CNQ) Downgraded at Raymond James,Yahoo Finance,https://news.google.com/rss/articles/CBMiqgFBVV95cUxONnBLVFFRWTNSa2dxYXpSRGR0dEZmdDk3cVlLcmkwNjZqbjB5UG5XSmpiVlVWeWR4anVLV3RQQkJhTFZ1cDEwZXF3cHB1c2JkVDNQbUZzY1FNam0tNDFFdEx1SkZnVzNMUmlWbE5pZ3J2SFM1RzV1Z1BXeHBoSno0c3FfZHhGMks3Tjl3WnFpU2JtekprdDRTU2FHY1VvQzhXbFlZQmF6cVJWdw?oc=5
CNQ.TO,2026-04-01,Is It Time To Reconsider Canadian Natural Resources (TSX:CNQ) After Its Strong Multi‑Year Rally?,Yahoo Finance,https://news.google.com/rss/articles/CBMiqwFBVV95cUxQTTVtOVRGSFVhV01rYW0taG9RVnFRQ1lEVEMtbk1vQlA4UUo1enVTb3I3R2VMQWFtUTI5bUJBV001OThXdXdqYjRDRE5QSjVMbUw5TkJOTjVqSm9RdEZ2TkcwQ1pha0QtLXgxa1ltU09LeUVmUUE0YTRyZmpJNlBULTgzakVvOHdoSlZwdzg2cTREb09tVFRBZjBuSWU1QXE2NHhHNGNpaHJpUTA?oc=5
CNQ.TO,2026-04-01,A Canadian Energy Stock Ready to Bring the Heat in 2026,Yahoo! Finance Canada,https://news.google.com/rss/articles/CBMiigFBVV95cUxNcXdXZmxLcXduaGdZaEU4UjBRb19qbnVzS2NsTXU0Q2tuQmxvOVNXZjhybEFjRVd6c0lNSl81MUx5UmlMZGhPbWhpdEQ3d1ZUM2laZFB0T3J4TTB0MlNxLUJfZ2NtRzlpUmxxMkpRbFo3RjVFbGhZNG9nMXRZSTdiU2VCOEtnMUtvZ3c?oc=5
CNQ.TO,2026-04-01,"Michael Sprung's Past Picks: Sun Life Financial, HudBay Minerals & Canadian Natural Resources",BNN Bloomberg,https://news.google.com/rss/articles/CBMi5wFBVV95cUxOb3BwYjdVb19rQ3JFeXVJWWpXOEc3WllsV2t2TFhiNjAzcEM4QnpRbjB3OVNXODVBTjhKRndNaWhIQUJWUC1sMExCTGtZZzNqVTllMTlqcEVZYjlFYTBwUng0VklnRk9zYVNFYWVKa1hnTGpHS2tqLTEwcXhVZ21ENWpwYklYLVhSaWJIMjYyZkU2RTBQcUhOQXZwX21ndDJZcThhVzBGVUN4RkRDOHg2TzExTXp4bkNnRE9fbjRxRW15N3FPYW85aDYwVGIwNW54TUlxbVktTm1OcnI0dE1hcTUwYWV5MFk?oc=5
CNQ.TO,2026-04-01,"TSX Today: What to Watch for in Stocks on Wednesday, April 1",The Motley Fool Canada,https://news.google.com/rss/articles/CBMilAFBVV95cUxQdERNNnZUUENCbmwxXzFrbXV6dkNBRWVTcjhyVWREZXRWWkpOUnBOQ0hxN2V0c3BHVXBNelB5cklwREZIem93OVRTRWE1RHJBeHQwR2w3bm1XMVJ1R2ZLTUtEbWlxN05iNUdPRnNpMXIxcUR1WERBY0FPTmdTNTVLT3RQNXNjazJHUW9XV292OW5ZU0ZW?oc=5
CNQ.TO,2026-04-01,-5.17% for Canadian Natural Resources stock as short-term volatility meets oversold conditions,Traders Union,https://news.google.com/rss/articles/CBMipgFBVV95cUxOenFXX1o5c2tQRXJpa3ZHZW5faks1N0pCamxEVkstaGd4VE9NMEdycTd0cGR0dUhlc25TRmtpNm44blk1ZW1HblhLQV9uMW1Bd0lsaHRsOE1VMFh0bDU4TnVXTHB0ckxUSlFGaW42eHF2WXV2a2NJOG9uZk5iQ3d2OTd5TjU4NF9NeFo3NTNEdzZxLVlGWThMcjlQODZyQVVJOWx6YkhR?oc=5
CNQ.TO,2026-04-02,"Canadian Natural Resources Stock: Detailed Overview, Market Drivers, and Investment Insights",Vocal,https://news.google.com/rss/articles/CBMitwFBVV95cUxOMWRDblE1UW5Mdy1YZmJxNHZxT2lRblBxNHl0WUtGeHprUXkteVVqSmdUbXNXTFY2WDJyREpXNW1wRk1tNWdPY3JZNW8yRjc5aHN3Q1dxdzVDUDRvOXdBYjZKeEQ5bUxkQUJ4LTRxbGNjWENmeFVFNl9xR0kzWExXVnpxYW1Yb0FiMVVySWt6SUw5N1AxTmMzWW5OeG1CSXJVbFVLR0M4VXYxTEE5a1dCWGJTekJoX00?oc=5
CNQ.TO,2026-04-06,Top Canadian Energy ETFs of 2026,The Motley Fool Canada,https://news.google.com/rss/articles/CBMiZkFVX3lxTE9NTF9nZVdiU1JjaW5YMlNwRm9jazdwbWZiMUJVVUxsUzJEdXNpaUhuMzYxT2lFRWFZbGZpWlVidVppS2oyZ3p0NjlVY0hQeEpHVFVxNmpseTVHLW1LMzdwNWliUmtSQQ?oc=5
CNQ.TO,2026-04-06,Top Canadian Natural Gas Stocks of 2026,The Motley Fool Canada,https://news.google.com/rss/articles/CBMib0FVX3lxTFBGRVExLU9pcVo3ZS1YdDhmdWxqSmdiQTVJVm9hU1NWTTl5WjZrWjY4SlJrSktCLU54MEJ2U3VTbVNWd0xpWVFja29oQS05WnE3VElTZW1sRUVYMlg1bmV0WUowd3JLM3VnNXdJTEpoMA?oc=5
CNQ.TO,2026-04-06,Vermilion Energy Up 67% in 3 Months: What's Driving the Stock?,TradingView,https://news.google.com/rss/articles/CBMitgFBVV95cUxOc2xxTnloUmxmZlk4MHJpbGdwVmFGNHFOV2JTYW0yVEowd2xac0U5UC1aT1g2eVlramdzSU13S01HRUhlUDViOVhLZ01WeUlORFdLNHU4ZVlITDkxdHlkcmlWU0NkQkRhVmhvRDlNWDZmeFRGTXVhUnBvQUZkN29tenNzX0RIWjVMc1RZVW5pdVlPTkM3SkVLaVl4R1V6VGFPdXgtOVZyX0lsT2oyS2l2X2d5RE1rQQ?oc=5
CNQ.TO,2026-04-07,Oil Sector Strength: Why Canadian Natural Resources Is Rising,kalkine.ca,https://news.google.com/rss/articles/CBMilgFBVV95cUxNZDZYVmJkcWpuQWtLbTMzS3dZVEU2ay10Z3pfc0Z6WW9HSFZFb1REb1JkOE1id1pSYW1tb0dZdDc5aDVoYl9fdFhnNzNVNGpKNFVaenZpWmh1eXRoYWxNWkNFcnFVcXlDMG4wRlNDVkQxTFdZaGdTRzZiaVJaLUpZcW9LZzFMZHZYM2d0NWZwTF8yRncxb2c?oc=5
CNQ.TO,2026-04-07,Canadian Natural Resources: Iran Rally Looks Like A Trap (Rating Downgrade),Seeking Alpha,https://news.google.com/rss/articles/CBMiswFBVV95cUxOYl9yMmFqdWp4YnhhakwtUUg4dXRrRFpwcFF1NjduQWZidDFobk9lQ29jM2w0c3VIRkFCQ1lSRm91WjR5Q0xhWmtXRWFKZEhZZmhIWVBhRDZjQW5CektHNjhiWnlORC0wWFJTOUN0U2x0NGplazRhNlJwSGI3MExDeVRTdVZXUXdOX0xibHViLWRaMFpMdWtMNTBTNGJYYUt2MjNWQzFtcTBBR0VzWko2dkRYcw?oc=5
CNQ.TO,2026-04-07,The 1 Stock I’d Keep Forever Inside a TFSA,The Motley Fool Canada,https://news.google.com/rss/articles/CBMigAFBVV95cUxPcm0xcDNiUHcybTlfR2JTYmN4RXZQUWR3VDBvMTdkSDRQUHRfRUgyai1sb0dBdXRIWG5oZWVFbXJDaE5UQVVMWTU1TTVGbV9TZGhiLXBNVUdYczMyWHJWeExYSzA0bDE3TzRYT0NEMTVoQVNCdGlmbVdPbmxVRnQ4cQ?oc=5
CNQ.TO,2026-04-08,2 Stocks I’d Happily Buy Today and Hold in My Portfolio Indefinitely,Yahoo! Finance Canada,https://news.google.com/rss/articles/CBMie0FVX3lxTE52R0lPV2d0cUZGQVcxOUE0YWhJZVdTOGY0YkMyOGxQaEZTV0dxZXo5RnQwc2JCODAzdG5QTEM2c0pScWRmcTFGNnJNSm1lNmphalhyd0tuekFKUDVOLTA5T2YzNk4wN1NIOGhRUVFZbG9rRFVGV2wtWmpzMA?oc=5
CNQ.TO,2026-04-08,Canadian Natural Resources (NYSE:CNQ) Shares Down 6.4% - Should You Sell?,MarketBeat,https://news.google.com/rss/articles/CBMiuwFBVV95cUxQbEFHVmNDWU13Q0pDVmh0REQtNDRjMVZmaVFYTkNaUTZleEdLb29kWVozMzk0SzVzU2Z2T0I5SVZyZU15cnFGNkV3NnFYWFF3YjdXdUNOOFpZWkFtLS1oOGNOZlhGc2h5UlN5SFJhMGstS29sMjFteHVnWVYtcmtxa0VkaHFlSkpPalpfVzNQVVhkZHVCcTd3VENiYkx4N0FwZVZZU1NLVnpzM0xDOGFqN0UwVW5XdVMzdnhn?oc=5
CNQ.TO,2026-04-08,Canadian Natural: The Gold Standard Of Canadian Energy (NYSE:CNQ),Seeking Alpha,https://news.google.com/rss/articles/CBMimgFBVV95cUxNYUFuRHRfMGpEdEMzdFBnWWh6M3lxVDlySldMLTRtaXU1MGZKUFRGRjU1ZXRXS2x6RWZyYk9iQ1dSWW1Yb2o0RERmd0RILWdTNV9yMnNaeVVQWHRBSWF6QkFYODBHaFZyb1h3UzQxcTJPa2V6MmVxSi04SG5BVE10d1FIZXhtb0lmMWVUODV5N0w3Zk1KVFZIWGdB?oc=5
CNQ.TO,2026-04-08,-6.61% for Canadian Natural Resources stock as traders face sharp intraday swings,Traders Union,https://news.google.com/rss/articles/CBMipgFBVV95cUxNVnZtWFhVUU9scVJTUG9IWVNOZ1ZkVVdtZ3lRNFUzWFJ0UzZqWGIwd3pQSmlyOHZWUzNYZ2hBQUZnakEtN3RzMFVseU5Qd1FNVFZpT3lYTE4xRmVIaWtFMjZPNlpUa0pKMTJDeDJUWWdJUzgtOE5IMjh1b2x4U2xicVgwaDh2RGpQSFg0YzJ6YmNkX0lJN2c1aGNmbC1PZzVnN2V3UzlB?oc=5
CNQ.TO,2026-04-08,1 Top Energy Stock to Buy and Hold Through the End of the Decade,The Motley Fool Canada,https://news.google.com/rss/articles/CBMinAFBVV95cUxQd1lCTlcxN2daNzAxWkhzOTA5UUh4Mnc4M1FPY2lXSGI4Uk9OUXF0MEVLSmlId2Z3TU5JaTJlZEcwR0JYY2VjMU55QzNlY1VXQy1XOVN0NnN0c1AtdnhLV0dpU3BWWW5qSWZrVjBFeFRxeXB6cnpBNE5XUGJVSmREaVZjNV9VTFdMT0JpVFRERjlYVFJxLWUwNFFXVHE?oc=5
CNQ.TO,2026-04-09,A Look At Canadian Natural Resources (TSX:CNQ) Valuation After Strong Long Term Shareholder Returns,Yahoo Finance,https://news.google.com/rss/articles/CBMiogFBVV95cUxObU41ODNqYV82Nk92dXplT2lraVRHQUxPZV96eUZnemFlUjFfZ01FWXVmN0lMWkJPdWh5bUxOM1pLaEhqci0zdk82Ynotb2pobmlPcWNUaF9MbnpYbXo2eHYzcTBjemJtaUViVnJ6QlBjb2ZWelYwNlJzZUt6Zl9FanIyckhORDZ0NHlPTWVIWUtDalZKOGQtQ3dpcUhaeFRJN0E?oc=5
CNQ.TO,2026-04-09,An Unstoppable Dividend Stock to Buy If There’s a Stock Market Sell-Off,The Motley Fool Canada,https://news.google.com/rss/articles/CBMipAFBVV95cUxOeS1FS2JEUWk5RkdCQ3FpOXZ1WEd0aUdJbEh3UmFiRV90NzEtYXJpNjZVTXdaOW4weVdCRkZzVWVQcmV0a205c0g5NVByZUd5QVQ3U2hQaHVPN0M3NnhacXJmRDZyb3dZQ3RERVhqTUl0NC1NZ2NDa1RiRWlwM005OG5TdFFncUdJbFowR2Mxd0FOWDVXX0d1MjRrYW1hcXU3akhCNw?oc=5
CNQ.TO,2026-04-10,"Zacks Industry Outlook Highlights Canadian Natural Resources, Baytex Energy and ARC Resources",Zacks Investment Research,https://news.google.com/rss/articles/CBMizgFBVV95cUxNeVZ2bFVvUVg4bUE1UWZUYlBvVXhrR1dkbUlQd0NSOTNiZjFVNHI5b2M5Z3EwLUNpRTZkTUpzT2RwN2xHVlFlb2NSOGJNeDlWVjZDV3EtbERBZDk4RFZRVXJYazlUYXNqakRoTlYxUk5vaTNzd0FPbngzVmJaWTRYellENExsT2RJa0FUYjRuQ1NTVjJVejZSbE41NWlZZzNuMFRvOHhvM0FvS1NqcmFGMTNqQVZLTllkZlNvUkJXZDM2aXdocTJPTGxMRzYwZw?oc=5
CNQ.TO,2026-04-10,This Canadian Stock Could Rule Them All in 2026,Yahoo! Finance Canada,https://news.google.com/rss/articles/CBMihgFBVV95cUxQTVRmQXFWbUxqcVBtQVYxN0czRzJTdGQydlBIX0RYTm82Q0J3Q21fNk83NkFRTU13S3pIZ2hWcVNmTEltRTg1UC1TTTZMVWE1OUcwMldZc1hSV0hZOWM1TGJnWlVieVZFYWViS1VmTVVYeGo5a1FVbDRIVG9mZktFc2lCVEVrdw?oc=5
CNQ.TO,2026-04-10,3 Canadian Dividend Stocks Whose Passive Income Continues to Grow Over Time,The Motley Fool Canada,https://news.google.com/rss/articles/CBMiqwFBVV95cUxPSjQwMVAwQ1FyVEhjcTFkVVlUbUhSR3FiWVRqdDBMc0lJRHlGVWR5bE53RHI4ZXFmN0htYnNWS0JLOWdhZUJJMVktaVJkUEYzekUzcTNvRkhJN0p4UnloOUpWLUNLUE91b3dYLXN2QlRaTTIwa0E5b3pWSlcxalZNZVczWEtUeFRpRWQzZVZ1akY3ZEJ1VWFDckNnY21weGlmOFhvaTJ2ZTdKeWs?oc=5
CNQ.TO,2026-04-10,Why Track TSX Composite Index For Canadian Natural Resources?,kalkinemedia.com,https://news.google.com/rss/articles/CBMipAFBVV95cUxPOVRHUmpMSmZVc2h6OWVLenk3QmlUMlRaRkUtMlplbEhyNlo4WWw1RXRoS2J1a1BYWUxvR2daR1A5dnFXdFhUdWRRWWMyeDdUNVlMcXVDWEpxeG5GM0VhbXVMb3RIQkdydTJDWnJmV3hIWVZZaU9nSFRZSk9ySC1GOUZEa19LRjdLLXZWWXRXOHBRLWhNYlFBVVNnTjFrSG1KM2h5VA?oc=5
CNQ.TO,2026-04-13,+1.29% for Canadian Natural Resources stock as shareholder returns increased after guidance update,Traders Union,https://news.google.com/rss/articles/CBMiogFBVV95cUxPdUIyWDNkLWtJOFBEUXNvQXFId3F1M0tZMmpaTGZaT01WOUJaaXQ3MmczNUJyMlZQenZ4bGZYemJ3d1hDTU5DMFBhNVNqamp1ZlczU0ZTN1d4VmNyc3lobmZ5U3dxRGNNSzVZRXZIOG5Nd2RtNHlaUzBCRlNTN28wcGU1SmF1Z0dwMkR5Sm5iX2c4Mnc3V1lVSlVFTXpvVkkyRkE?oc=5
CNQ.TO,2026-04-14,Analysts Offer Insights on Energy Companies: Canadian Natural (CNQ) and PBF Energy (PBF),The Globe and Mail,https://news.google.com/rss/articles/CBMi-wFBVV95cUxQQVBxcXpUYlYzSnR4aGtxX1FtUjEzWGN5dTFjQkpWeWh1RFc2RUdXMlR2Y3d6bnloTVZEZ3pWb080bDJya3JTbXZuOEozTWZXdXZncHlYQzYwUHk4Rjc3bDgyQmNTN201ZXktSGNvcmFRSkRVeTdsRTV2cmVlSThwdThwMUdrVjRoek51c014UnFfLTJMSkNnQkt1V3VQN3dja0I2NTBPUnZ2Nk5maDFIdTduVTJPYkFDZGlEZ2I0NTJUSDdIWWlBRjJZN2xiaVNYekloVlNxbzBYZVVSbmxFR0I5VkJqUnBhNnJxQzViOXA5YjBvSFpwVmZiaw?oc=5
CNQ.TO,2026-04-14,This Canadian Dividend Stock Is Down 8.9% — and Worth Holding for Decades,The Motley Fool Canada,https://news.google.com/rss/articles/CBMipAFBVV95cUxNR3k4TzRjQ2hMYUxSeWZiY21jTmhoQVA5NG1uQjBSQ1BIZG9aajhYU2R0SzVRdloyQ01lN3M3bDRXY0FFQnVmWXNySnNOY2F2QmJVZENQOW9wdnAwSzFVVDFGRVVoMkwzQzl2RUQ3dWlYd0N1NUdlakhVYnZOV1VFaTVKZWp5Nl9tc1hwc3VNZldkMkJBRm5SdHZ2YWtJODVHNmlYaw?oc=5
CNQ.TO,2026-04-14,2 Canadian Dividend Stocks Worth Snapping Up on Any Dip,Yahoo! Finance Canada,https://news.google.com/rss/articles/CBMiiAFBVV95cUxOdDRXbkFTMXFwSXFqcVJLWkxkUWE5NkJKamlxS2liSjRtTnBuZ04wNVdKTXVtNm9HMk84MnVrQlhWcVJXZ3Z0a3RpR0wxVTRtMjEwZGdaVGJKWkhNTU5kZGpGQmtxMkhma3BsQWxkRGNSWGoxa0lESDh3Q3hOYXdLdUc4N0xZenFv?oc=5
CNQ.TO,2026-04-15,Canadian Natural Resources stock holds steady as record oil production beats expectations,Traders Union,https://news.google.com/rss/articles/CBMiogFBVV95cUxQQmhYd1FUQ3NFN3BFMkpZQ204eFRGcFRFTW0yTWstb0xNNzRXRmJMdE9FZWU5V0NSc3RpQWpEcnVad1hUY0tseEN2MUZPeFhONHExbFAtWHk4ZW5yQ0I5N1ZLcVNxN0N3cUhtRjZsMlBLVE52QmV0N0txQTNEa0xER3UwSTFaNG5jeWphbzdHM2RRN1J4UERfeDZCcDBiZlpNdUE?oc=5
CNQ.TO,2026-04-15,"The Canadian Stocks I’d Consider Most If I Had $10,000 to Invest in 2026",The Motley Fool Canada,https://news.google.com/rss/articles/CBMiowFBVV95cUxQaUZsTl9PbUFlT0F2WTYxTGdhcWxxMWFOZGswcGlDekEtSzdaYkhWajFySGhYTV9pM2lFZlA0TWdZWTFtbkphRnNmRjc1QzhwU2lSMS1YU3ozblRLLWRXbXdfcXRxMElYcG5SMm5mY0FwaXRDY0JyeTFVTjlnNGRZZkNrOE1TdFY2NWxLUlN1aURHSWJIMWpRaWIxY05IWVhOOVZV?oc=5
CNQ.TO,2026-04-15,"Canadian Natural Resources Ltd. stock rises Wednesday, outperforms market",MarketWatch,https://news.google.com/rss/articles/CBMiywFBVV95cUxPNVFTMF9jblc4UGRQZ2xDY0dRYUhpSG1Jb0x5SnJGMWx4QVpQTkF2b09XQ3dNcEhVcV9xQ20tampBZnBFcFMtNUt5aTF3Q3NwQW5Fd3R4TWdraFkxRmdYN2kyTzFXcUdMbDFQbzdCQXl4YnBaeVVhc0ZyOWpoajExcXJjQ25PeW1BU0tQTFhMLUs0NS1HMl85a1RtZU5OTlF4RzFaVmFLeFZHNnZVRHpIaElUZGhDbzNnSTFxdU9SQzRVbDhoOGpJMzBzcw?oc=5
CNQ.TO,2026-04-15,2 Energy Dividend Stocks That Look Worth Picking Up Right Now,Yahoo! Finance Canada,https://news.google.com/rss/articles/CBMihAFBVV95cUxQekhtcEc2LUk3VEtjZU11NERhMVJpOVpNUFUwN1FsWWcwX1IyUXhuTzdBYk9uYkgySHJteXhqODM1N0tnU2pGR2JrMHJjOE9ucjJwQ0htcjMzM2lJMlBRZ3BIekJDZ3dldTRUeVljb1FJS1hSMjlZU2gyVWVSTmRtNzIxSDc?oc=5
CNQ.TO,2026-04-15,"Geopolitical Risks Trigger Pullback, Creating a Rare Entry Point for This Canadian Resource Stock",NAI500,https://news.google.com/rss/articles/CBMiyAFBVV95cUxQNlZzOHU3dUpoa1RSTzlXOWlnMW1JbnM3dmQtdVNhTWNqellveV85M1hfdWRfbXN4M1JHTkY2ZnMzQWZQVExIYVpIR2pDMmN4SW1NcnVjX1E0RjRIMHpPdEtkRXVhNFNzV1V1OTBWcExUOTE5U0FWVEJSQWVqLTljV2JBNWloR2pubUJPaHhRaVBObl9zWEhPSHlXRjk3NlJLdEJVcjBLZmFxbmlPOUFpT2Z4aFhzS3Nqc05KenF6TVY5Y0dMVTkyMA?oc=5
CNQ.TO,2026-04-16,"Ryan Bushell's Top Picks: Premium Brands, Canadian Natural Resources & Telus",BNN Bloomberg,https://news.google.com/rss/articles/CBMi0AFBVV95cUxQejBoTTJja2hEMk12aFJDc3Etbkg0Q3Y0dUlmOGM1SVpUbHRlZmVUSnZyZVU2aENRT0QtQXdVX0M1eUJWYWNqQnJJdFZqRm1wMkEyamIwOGlhUEp4OVpodWVjb0lqcUVTeVRDY3QwcHk4eFVOWU54Q2xoRWFKX0Q0cGNEWlpKSGQyTksycTRqaDJXLWJ2MVVUVkRJa1ZtR1VKOWxadlhNY09NT0ZIM3FYNW5sZ2xJTHJSMVNYSlF2VzdkT25GWFFRSi1jWGtiU2lI?oc=5
CNQ.TO,2026-04-16,"Ryan Bushell’s Top Picks for April 16, 2026",BNN Bloomberg,https://news.google.com/rss/articles/CBMikwFBVV95cUxQZTdvcTNpOTVBcXg2OC1CNkI2T2xRZnpZeXRKd2dyaG5wSWk5eU5ELTNJb0NWcnZMaEYyMTVFSGVpNEd6eTc3NW9QTG9iYjEzRHJvUGQ0T214Z2I2VUhlTEt4dVNBZ3ZLNkVOdzRET0tDQXd0WjNVVWt0RjlqQWdHSmZFclFoQVltTVFBUWpxSVhrekE?oc=5
CNQ.TO,2026-04-17,Canadian Natural Resources (NYSE:CNQ) Stock Price Down 7.6% - Here's What Happened,MarketBeat,https://news.google.com/rss/articles/CBMixwFBVV95cUxObWlCODVnNVZldEdFLVhNY0t4SWloSldrTUI1X2toYW5iSTY3MkFhd3JhYm1ZN1N4Q1ROVjlzc01TN25IVmhTTnFENGFRYi1RM0tMWFZfdTFQU29fWHljQlBzbEk0c3FEa01uckNaZHVoVUxwbkdzb3M0R3owQlNYQmZ5UnE4NnBoODVnU2VmRXpuSTdqNHNra0x0MTV5VzlEZ1lXamx5ZFdZSHRjRTd2dUZWUDRqUnlReHFrUnM2ZHFrclFmVktv?oc=5
CNQ.TO,2026-04-17,Canadian Natural Resources slides as oil prices plunge on Strait of Hormuz reopening headlines | CNQ Stock News,Quiver Quantitative,https://news.google.com/rss/articles/CBMixgFBVV95cUxPZHc3aXRPWTJOMFhHRzJmMGNLNjVGdlZmQ3lfUXVieGNTZGdNSzNYMFVYVEx1WFJhVnBTVVNuRGRCUG5fNW11QTd3T2lfZXROWWlGaUVIb1VLNXVWeVFqR0JOODNZR0lHWFNhVUNNelVyc1lkQ0hQc2VJaVNpYTJ2cTNhZndkV2FzSnlZcloxaTY0Q1N1bllySm9oQTdQNmN6SksxbFJ1NWc3NThUQ2tBRDU1ODItLU9QclhWZ2R5Q29mT3BLYnc?oc=5
CNQ.TO,2026-04-17,3 Dividend Stocks Worth Having in Every Canadian’s Portfolio,Yahoo! Finance Canada,https://news.google.com/rss/articles/CBMihgFBVV95cUxPQlkyald3bTVkZmVtdm1JUG1uZk12ZE5rM2YzdjByVXBnYURsbU9sQTZvOUQzcU1heUhYdWhqc0hkYmNUQ2RrU3hkTTJKMkM0SVJ1ZmtkbWFNbWUwOF9vV3VQclNhXzRDcnh6UGxvbWRoVlVHTDU0d1lHR0ZSa2pqUlhqcVpfZw?oc=5
CNQ.TO,2026-04-17,"David Driscoll's Top Picks: Canadian Natural Resources, Bird Construction & Diploma Plc",BNN Bloomberg,https://news.google.com/rss/articles/CBMi3wFBVV95cUxPSXFoaVBCanJfa3IxZXpYLVdzbE5NMGpFNEJfbXVEb181Q1BtbjRzTkM2NGVKTHhhOXQ1YXhrdENyY3ZrQm9ndE9oMFVsWU5ZYlJVWGZWM2JyZklraUxycnJFM1VzRUgxSGMyQXcxXy1zTWQ1R1BTTkhZOV8xUDY0X3gwSVJaZE14V3M1ZWgyeHBXQjBrUFlRNzJnZkFtRmZkN1pFWW8wMHlLTE9oNDFRTUZvM19DZEFVQlhUeHZ2bWcwc3Q5dWNkamVmZ0xOTzFSVWE5STUwVDY3SmpWMWlR?oc=5
CNQ.TO,2026-04-20,Energy Sector Dividends — Are TSX Oil & Gas Stocks Still Worth It?,kalkine.ca,https://news.google.com/rss/articles/CBMimAFBVV95cUxQajZKb3p6V2pSeXZVVU5DSzhReXVWVWpnNENFTDlkS0lJQWNjUU8tb3BCeFFBdWd4UVI1UGlwY3FtOTBZdjlxSlYxbUVVQ1dLTElJT2FYWTJ3UzFIZzQwd1IzX0JzUUdUNGdia0w1ZmV4UEpCMFE2S2pvc2paYW9jc1JLbUMtdjAzN3FXRk9FSUl3SDBNcEY5Rg?oc=5
CNQ.TO,2026-04-20,1 Dividend Stock That Looks Worth Adding More of Right Now,The Motley Fool Canada,https://news.google.com/rss/articles/CBMilAFBVV95cUxQczhHVzZudTRQMk9uX2U3VHhYOGJpbTZCMDRmbWRaQldkTFNCMDB1d0xXMjI4WjhEVGxQRXJzUndkOGQ1eTVZRmZNam80ZTFZS3pyY1hFY21sb1JUVE1LbzdxRklpanRHZ1VxbU4yaDAyR2tzbmJLMldWS0h3cjBjMzU3TFRvQkNManFHU2R1UUQtMlBQ?oc=5
CNQ.TO,2026-04-20,Can Canadian Natural Gas Stocks Surge as LNG Exports Expand in 2026?,kalkine.ca,https://news.google.com/rss/articles/CBMioAFBVV95cUxQTjNiSzBoWEdXcnY5SEpWSk1NZ1V6dDlvdW9oMUZEa05TeEtGRUJlT185VUdfcGxqWEdiYnpWZFhKSmtfb29KNXY0c3JGdGJoR0cxQjBrOFpMQWhOM2t1djNoUkF5MXk2a3gzVUpibnBsLUFHZDZzZHRXVmRPZVR0bkdabVEzWTF0LWM3UTlra0FpS0hERmtocEl0V25lS3RF?oc=5
CNQ.TO,2026-04-20,Canadian Natural Resources (CNQ) Price Target Boosted by C$14,Yahoo Finance,https://news.google.com/rss/articles/CBMiowFBVV95cUxQOXNfZURWMkxXeEpDR3BVLWtvR3BjVmVVNEpQUm1uRDZDVmtSZkpWaDJVR2taWXFnZVpQWVBudC1VQUpCX0szQnBfRzFwSEIxNzNvNXJDV2x4LXBGWXN6Tm12M1NyLVhsNUxMcnZvWGEyX0lveW9SbC0tQklTNVEzNVJhN0ozWXVsWEhnbnVIRHU4OC1tbnc1M1JEZllVM25lanRN?oc=5
CNQ.TO,2026-04-20,"Canadian Natural Resources Ltd. stock rises Monday, outperforms market",MarketWatch,https://news.google.com/rss/articles/CBMixwFBVV95cUxPYnl4dXpDaldiUWhFNmp3LUZwc3ZKMEpLOW5MQ2QtblR5aWF5VGF4MkRwLUJUTFFYdWtuNWNpX3VjR083b0l0OGRkZkNxbVA3M2MwYTEtMG1OVmZXMGlWalpZdnNaS1ZtZHZDYkh4aUJMY0pNcHpNX21mWG9GQXE4Q054UTdJOWg3d3JfQ0tFX2NZZjNLcXVzMFVCc21HRHVmV3YzdlhJMEh5Vmo4emxMSUpYZUZwNURkUTlWb2NoNVVZajJyTzJ3?oc=5
CNQ.TO,2026-04-21,"Canadian Natural Resources Ltd. stock rises Tuesday, outperforms market",MarketWatch,https://news.google.com/rss/articles/CBMiyAFBVV95cUxNSEw1aVAzZ0lJY1pDYktpVnZzXzdLSGQ0YkxkZ2NtZExMLTFiU0JON3BQWWRMMDQ2bm5VNUM4RnhyR19McjRscy11RFp3SUM2MS1CNHBnTnoyZE1nQ2NHLXlIbjVudFJNQ3BqRk81Tmd0dTBqakRmOVJGdDBTQmV0NkhQd1BxLWx5TmVFSmZTUTNCSWgxZGFKT0RoTE5wZEF3ZVpqYm9OMHlLbzhJRTE1ZXdMckxwNXh0ZFJBaEczc2prUzlSYlpWNg?oc=5
CNQ.TO,2026-04-21,3 Dividend Stocks That Could Offer Both Solid Income and Room to Grow,Yahoo! Finance Canada,https://news.google.com/rss/articles/CBMihAFBVV95cUxNOHllWGxhU0s2eXBzZzBVVmRJSWt5RHhYcGphMmxyVUI5TjVPR1h2YU1oZjA5b2kwVWNteElaWHdGQXhXSERERDh5VENQSWl2MFBXbVZDbnZ3bjQ1dHBRR19JNC1iZE5ETTZIWjNXWTMwMmk5M0hBbUlLNkFidTFTSDNIa2o?oc=5
CNQ.TO,2026-04-21,2 Canadian Dividend Stocks That Look Reasonably Priced Right Now,The Motley Fool Canada,https://news.google.com/rss/articles/CBMinAFBVV95cUxQMzJpRW9QTmdQZGhxU1ZsWVJTc0Q4OEtrTWNUdUhPYzdObnZGWWlNSmxMOWpkbGpCN1d5eURseXVROVg3V3A0MWdwdVpkRVZjaG5seWptQnFaSDhvRzR5SjAwUk1jMnRmaDVFU1NjbzkzV2pUV0FZeGJjY0ZMdDd6eUFXcDYxQVFqYjZvejllbFVDNExXbndVOHNFWFY?oc=5
CNQ.TO,2026-04-22,Is Canadian Natural Resources Stock a Safe Haven During Global Oil Supply Shocks?,kalkine.ca,https://news.google.com/rss/articles/CBMisAFBVV95cUxOR2J0N3RvOHZOUU9ZT3daUi1ielM2REkwTWNpbmhwMGY2cWUtQnhCUE90Nm9ISThyaHZPT2F0Nk5ueEV3TUxmbmQydmZhMVVxQUcyOEhrZXJzMWhzOTUxbXRwVmVIMFF3cUhxMFBDNER5T213YlFlSHh4OGVWRGZKNEd1TC1XUkxYNTV1ckpKdmU5NHRJVU0zLWVsVFJuWWVaSUVnQlZ6eExrUjhnajBFcw?oc=5
CNQ.TO,2026-04-23,2 Undervalued Canadian Dividend Stocks That Look Attractive in 2026,The Motley Fool Canada,https://news.google.com/rss/articles/CBMioAFBVV95cUxPbHZzRGdnSHhUOVZtWWxvY3pIX3lWa3lpSVJUVC01b0NxbnRFMEh6b0dCOTdZSzd0VmxrMzJYbl9QR2FuTUlpMS1kWGFKejB1LXFSYTlHeWZWN0djWW93Q25KaHlMQTFUUkw0RGpadzhTaGFVVG8wWGhoWmFjcGZVT0NMN1JSVURxeUMteXRvc194cEFXdW96SF8zMmtOODJV?oc=5
CNQ.TO,2026-04-24,The Canadian Energy Dividend Stocks Worth Watching Right Now,The Motley Fool Canada,https://news.google.com/rss/articles/CBMilwFBVV95cUxQQ1UwSzhjVUV6T1NaUkN3TXRkTllrTHo4WVAtN3ZaSHhSa21ueWtjV254cFdRUWI2Q2JGMVVaaGpyMy1Qd1AtLTdGNFNFX2ttaTFjWTdlWnBTT0hNaXdhREFWVEpnVDhETHRJN2Vya3ZyNmlmWUQ4Z0xyNGVkYVh0SHpGOVB1dnE0RUplWUdfNE9uaTUwRjVn?oc=5
CNQ.TO,2026-04-25,Canadian Natural Resources: Earnings Set To Reveal Massive Rewards (NYSE:CNQ),Seeking Alpha,https://news.google.com/rss/articles/CBMiqgFBVV95cUxOUFZfdWl1ZzB3RjdjdzN4OVhqYWpIdEEyVklGVHFuY3dha2lZNzl0QlByOEJmMkdxYXkyS1FxQ2d0Qy1pdFN0TUlYOU9HRlF4eENabkNxZGo3Sko0X0dYWS15UHpTT3Z6Si12Z0ctNVdUYVF4Y1NYZ1pBN3NXaDd2QVlEVnkydjJabFpmcVpRWTJmMC1abktMTERCajRER3JoVVVKVjRLWm9VZw?oc=5
CNQ.TO,2026-04-26,3 Stocks That Look Worth Adding More of at This Moment,The Globe and Mail,https://news.google.com/rss/articles/CBMizgFBVV95cUxNRFpQcVBMekVFQVF3cjZQdklVSkVCM2ZNVDJaMFBWc09rUWt4UUJPR05GWHhUWUJJNkRLcTk1ZDU3blhNYzBYMVMyS0ZiR0tETW55eXdBVGVKc3FqNklCQURqWFVWQ0ZodWtqU1hGbmNwcVJ5QXRCcVpYUVRSQTNyNUxxRE9jdng2cU5WbzJsc0Q3Vi1vZTBpdDBQOHFVb2htSlctOGVZWXFhYWxlREd6T0Nidy1JaHFiUjBsc2JlZV9LNGVXQ0xXOER2VHRtQQ?oc=5
CNQ.TO,2026-04-27,Canadian Natural Resources stock holds steady as oversold conditions limit further selling,Traders Union,https://news.google.com/rss/articles/CBMiogFBVV95cUxOMjFYS1Y3YUxsSWpOdHhOT3IwblFqTFNrVE81Wk40aGMwOVVaanlncVhBOVRLcjVfeXNYLWUteEVyNmY3NG1fZ1I0Yi0zQ2lzVmFUZmFQWW9OdUN5N2VIUzFOUVNEQzVpM3VaMXRKMWRzZ050dEQyc2M3bFllc3g0X1RmT3hzamlBRFlDTkZzN2NJUkUxTENjVjlnUEF6cFFocnc?oc=5
CNQ.TO,2026-04-27,Shell goes big on Canadian gas with $22B deal to buy ARC Resources,CBC,https://news.google.com/rss/articles/CBMihgFBVV95cUxQX3FxcmdJSkJRODIySGdBMEZGeHFsemZnMk9YemxmSlRCczdtVnVJLXZDd2oxV0VMbkYwMEItSUNpYzl4Ml9qTWw4QzFvbjl5czJRb05BbUhnZHhCZDlUZVJ5Zl9tQUJZcUdVMmF3VExpQzQ5M1Jzem13RlVVTkotMmlzcDZmQQ?oc=5
CNQ.TO,2026-04-27,Why Canadian Natural Resources Is Gaining S&P/TSX 60 Spotlight?,kalkinemedia.com,https://news.google.com/rss/articles/CBMipAFBVV95cUxOVkpDUWdmMHBrUDNIdDFDb1NtU09oU2NINlRxMzhENy1FdWhtOVBlTWNwbm5TRjVZcTVNWUJCb1cxR240Y19QSGJzRFdRZk9GMF9NU2pSTjRzd1RleDVGWHpYbU1Lc2RUT1NGMHRHQV9mc2RFTEwxci1BdzRIV2RDUnRUYzFhRzFfLWxhbVVaTTE1ZHRGUWFTcEdtaUIxVnlBenpvdg?oc=5
CNQ.TO,2026-04-27,"Shell reverses course in Canada and buys ARC Resources for $14 billion, doubling down on oil and gas",Fortune,https://news.google.com/rss/articles/CBMinwFBVV95cUxOMjdHRjNUR2VkOVRMeWIxaUJSM3B4dkI4TXVndDc5WGVMR2MwT3RjV3NHSFlJM1hPSEV5RmNTYTZRZUNLOUdGREZPRkQ3NF8xYXNvYm5aSU1mTnFXSjFUa1Uyb2tXc2tSdFR0NklpTmxKTEo3ZmNuOVNoWXdjX3FDaXl0emhwZ0t5c1hBbXQ2OU9jM0N0dTZzNEZTUkZ4MWs?oc=5
CNQ.TO,2026-04-27,Energy giant Shell to buy Canada's ARC Resources for $22 billion,Financial Post,https://news.google.com/rss/articles/CBMikAFBVV95cUxObnlHZDVSYkdKRmlQQnFqV09WVno4VXpMZHQ4SUt6Z3NOLWFmVnVPSVl2MXcwcmxEWWxaYzYyQ2xCNjA1VlRPcUtxT0xuLUdoZk9HNWJKdEQzZ3pELVN1Y01RRENRaTM2MHQzWFcycGhKYlNyaEoyNXdhZ3o0QkRqY05laFVRcnpaYkRsTU9teXU?oc=5
CNQ.TO,2026-04-29,"Suncor, Enbridge, or Canadian Natural — Which Oil Stock Fits Your Portfolio Best?",The Motley Fool Canada,https://news.google.com/rss/articles/CBMirAFBVV95cUxPNG1CaTNLR3dzX05jTzFCN3F2UERTUWhPWFNsaVJmNnZLNGNmUjl4WE51Uklhd0dDTEhZcVBXdjFZZW5SNlh2a1VuRDM3OGttT0gydGU1NmhnR1FBVlRyVEZ5ZGhBUWtVSFU5MFFOOGJlRXBXRVNqU2Npa1lCN0l5eVlXUUJoOU1YUGJrcC1uYXRWYTExaDVJS2UyWENCckozVnZjY241ck5wcUdC?oc=5
CNQ.TO,2026-04-30,Analysts Estimate Canadian Natural Resources (CNQ) to Report a Decline in Earnings: What to Look Out for,Yahoo Finance,https://news.google.com/rss/articles/CBMirgFBVV95cUxNcUZFWjBsRUNUbXZleVNISWJLdlI1bUx3YTNHMHotRnBvS0hMZHdxSGdnd29lVjNfa3lRUEdNZE5yMVJBRlZvV2tTUzl3RFJjN1d0QjRUbFhvTHJVRFJ6LVp3MTY4MTJiTG4yWDN4VkdwR0pUekFxWUJhT0t2MGljTHVzMVcyNnhIbHpwM3AwUjFaVmdONTJNREtVeUJjeFRHb0JxeXVKZnRsZ2dJR0E?oc=5
CNQ.TO,2026-04-30,1 Dividend Stock I’d Feel Confident Buying and Holding for a Decade,Yahoo! Finance Canada,https://news.google.com/rss/articles/CBMifEFVX3lxTE44NTNTNGdMMlI0YzUwbHdKaW1JNldSTVZwa1BLcm5qcW5fOUtKYUQtd2ROVzE5a1RtYTV1RnJqQW5NaGpMMl9jeTBhS0xNd1ZYd2c5dkVuY2hvSUdnRE5LUFpRN1ZxYld2bTR2SlNLTlJoZDRGMV9VeFR4UXY?oc=5
CNQ.TO,2026-04-30,Should You Invest in CNQ Stock for Dividends and Growth in 2026?,kalkine.ca,https://news.google.com/rss/articles/CBMiqgFBVV95cUxQS1lhMFJ4WFl4WHluNnp5OHd4MjNUbEpxOUNKY3JJNU9HX2Jybi1CbFkwa3hXRW53c3hzQXpVa2YwS3E0N1V3R1NacWVhUEFla1NVRXJzNFc3UFF1VnFPTjY3dEVjTGZqV2xTV3FEMTBPVW1HOVhvVzdQXzJfSEhPWXZ6X3VyR0F5bmxSZW41N2RwT3BOVXpkMTdlSmNjMVo0VVd5Z3pBZnB1dw?oc=5
CNQ.TO,2026-04-30,Is Canadian Natural Resources a Strong Dividend Stock?,kalkine.ca,https://news.google.com/rss/articles/CBMijgFBVV95cUxONWE0Z3BNMTU3X255LWl6MFU1SjZDMDZ2VGVoREdMTUVmUFlxcExNTFpCc3gtRTJndnFDNjMtUVFXMmlwQWVVRWREeEhsaHp2enhua1RFMU9sak9VQWplUVNHUUpUV2dLOG82cVlqMW5kSVFZSHZfSWhGX201SFhaXzdKdUhMU0F1cEN1bktR?oc=5
CNQ.TO,2026-04-30,CNQ Stocks Earnings Update Draws Focus Across S and P TSX Index,kalkinemedia.com,https://news.google.com/rss/articles/CBMiqAFBVV95cUxOajloRm5kTzJzRGJ5bWZZZHRoTFZvelR6LXZ3UTJIUXZwQU9mNWYtWmFDZEtZcEE0SmxFenpNamhNWk8yVXdESWxiVWZOZ1hKalM3ZlBmU3N4ZDc4X0JVZnBRaG5HUXpmbTE3S0s4OWxDeVRLSnp0bUpGNzg4VnJMXy16bWxncTN6Y0M3cWpBTUdhNHNIM0VFYTFpVWdwMEZJcGRmM1c5cks?oc=5
CNQ.TO,2026-05-01,Canadian Natural Resources Focus In S&P TSX Composite Index,kalkinemedia.com,https://news.google.com/rss/articles/CBMimgFBVV95cUxNMGlvcXltYnZ3X0Jjc1pCNE5mcURFSUdkWWUyQVJIR1VyMVV4ZzFudUl5Y3oydVgzcUtJTXU2YjhJb1B3c3hNQmNoTEJORjJXakl4a0ZvU09mT1pWOEsxN0tCOGdNZnZpanNTMjVNbU1IT011OFVXTzM4TERidzhVWlhMQjhETDhaNlMxd3NwTVFNbWZ6aEk5WVpn?oc=5
CNQ.TO,2026-05-04,3 of the Best Dividend Stocks to Buy in May 2026,The Globe and Mail,https://news.google.com/rss/articles/CBMizwFBVV95cUxOaDZfamp6aWlCS1hUTGVpTFpyOUNjUU1CcGstemFZdkxPMTdwRWhKbGgzTTZ0MGJFVUwyTmh5a2djclBPWEdEVm9iMzMxNW54QWgzenNRNG9RYlRmeDVBa1IyZDZ1V09zT1FrenRnSVhwVzBTZFBSUnQ3QW1OTnlPUXZfMl9UeHF1dFphQ09VUElRY1pBSmdzcEt4R29MTHhBMHRnajNfWEFwcHJUcFlPZmJKMWJGMHVTanNqZHJYTW82c2dsSmN2U1RIRW8yQm8?oc=5
CNQ.TO,2026-05-04,Market Outlook: Oil prices could stay high and lift Canadian energy stocks,BNN Bloomberg,https://news.google.com/rss/articles/CBMi1AFBVV95cUxQZk9RNzZkUlBabHVWLUcwMjJ0ZmkyRWxWRnRoa3ExMVB3OEdNSjF4TjVuQlBraWI4SmR1bEkxVmhsVDIwUFBpNjZwbnRtNzhmQ3FHRXY5a1pscnlOMEZCTTk5MFFNdWRUNmRXQmZOcmhWb3ZZY2tLc3V0cG1qSXN5a0UxcWl2SnltZnRKcVVXcWFvNTkzYlNLR3hlek1WTno3dElIRWdpUm9DMlJMcmMtelEwbjlsd3ZHYXBXZDhmeVY5eG4tdGoyZy1iZnMwVHExRmtyOQ?oc=5
CNQ.TO,2026-05-05,Analyst Upgrades and Dividend Streak Could Be A Game Changer For Canadian Natural Resources (TSX:CNQ),Yahoo Finance,https://news.google.com/rss/articles/CBMipgFBVV95cUxQVG5iNUJhSmstSmxmQTNCMmVXTjY2UVVnTzRZb09PS2tHVU5Qa19DSW1EdmdMbnZWQzRBY2RVRFhGLVVJR0R1VmVzR1dIYmcxNHQ1LUQzTjNwcFRla1cwOTd4MmhBeHI5WWNoUWdyTjhaUzFQNUZwM0hxSmV0SjVqY0NKbklyNzJoemxlWDJvbzR0bVd4RXMzcUg0MmwxeVRJZl93Zkdn?oc=5
CNQ.TO,2026-05-05,A Look At Canadian Natural Resources (TSX:CNQ) Valuation After Recent Share Price Momentum,Yahoo Finance,https://news.google.com/rss/articles/CBMiogFBVV95cUxQQ3lYcVhDRU96c3RGZ3N4Nk5RN2E0OXVXdW9XZVR4aURPbmM2VktOVm5aNmdDbnExYmNrX2RCWXA2cHRvNm9hckszblVubDZvbmlkZDJUclhiUVl0MDdQMERuVmJwZFJqR1RHS2ZoUi12TnhJMndtNHpZWUxDUTU4VTJTZ3hPR0xzV0Nad2JxSG05RjRUamlxY3g4V3lWdU5aQWc?oc=5
CNQ.TO,2026-05-05,Canadian Natural Resources (CNQ) Upgraded to Strong Buy: Here's Why,Yahoo Finance,https://news.google.com/rss/articles/CBMipwFBVV95cUxONHNYOU10cjNsNXhhd1ZrZFBxblhxVWNlbEd3bWhjdEpWNVlFd2JZUnJpMDhIVVVtVHZGUjRkOHZrV2dkUXQwRnBlV2VQOVhScXJwNjZNTlFRNVllNk9kb2dkNVNyUmRzRVRVZVpTb21PZEhnWGpTaGRxSXA4RXBGWDc1MDhZQkR4UVUybFJ1aEZQb0UyeThLcVkzVEJvOVB0Si1wemVXNA?oc=5
CNQ.TO,2026-05-05,Canadian Natural to Report Q1 Earnings: What's in the Offing?,Yahoo Finance,https://news.google.com/rss/articles/CBMiogFBVV95cUxQeThPMlM5ZXhsNHBsY3JDSXZRU2FTZHk3ZzZIS3U0T3l2YURBY3JwbDZKYW1LYWpPVzMwdjUxTlBiQjdPNnFQc2ktcUZGOVR2SDc5Q3o5aWdSV1AzMFJjOXVmb3phMVhSVVpJdmFXR1RqLVpWMVdRcWUwRW9qVDVWSDRQcFQ2NWxlcDBQZEdMSUdWNXQwanQxRFlHUXU4Q1VKWFE?oc=5
CNQ.TO,2026-05-06,Why Investors Should Expect a Slower Ride Higher for Canadian Stocks,Morningstar,https://news.google.com/rss/articles/CBMiqwFBVV95cUxQb2hoaktXZlV1b05HQ08yOUJWbnNFTUhSNldKZk5uZVJ2SDVTNWcwd1hjU3YtZEc3MDBZQkdlelk4U21OMDMxMU1KM2UyNXROTkNDc3Zoc3RTY1V4UmJtc3pMNVdpTktjX0pIY3BPWXRKM3NvNXpYLXhabmFwblhZaWl5UzJ4MGVTcEtXTG0xWG5SYUw0dFo4N2ViUkNqcWxPNkF3SHFrQm56SU0?oc=5
CNQ.TO,2026-05-06,Canadian Natural Resources earnings on deck amid oil surge,Investing.com,https://news.google.com/rss/articles/CBMisAFBVV95cUxPb19wX2JJY1JEcUJZa2I5N0pKMU02ejg3Um5mNDhVMnpNTTJ3N1g5WlRBakpkX05saGxBV1l5Um5iZWJ0NTlJQlhKc2dqUi1pcnNLMXp3YXJnZnNfRHdDT195QW9YU1otYXE4cm5aUl85V25tS05BLXZOYk9idGlqZkx2aUgyQ0VJZjFXR1lsTjRvU3UyMlM0OWk5N21fRnVURVYtNWM0Z2NUclYyS0I0LQ?oc=5
CNQ.TO,2026-05-06,Is Canadian Natural Resources Drawing Fresh Attention In S&P/TSX 60?,kalkinemedia.com,https://news.google.com/rss/articles/CBMiqwFBVV95cUxPUXhSSE9KcndWUmF1a1ZkVkxNcTRudEZxVGxEeFR5RWZBY2t6SXAzbkc1SXliQ2FnX0dWME51TW9qWWJhSXdINmw0cmRtQTR2ZllPbm1BNERkWnlaSUY0MFhpMTNJWDhad2RCWkphaFFRbXlHNEFtMnRTeEhZdlQ4NjRFSk9iQzF4eHQtbE1pU2o5OFJROGh5M2s5UU56SXplQ3hadnA3MmplZDA?oc=5
CNQ.TO,2026-05-07,"Canadian Natural Resources Declares C$0.625 Quarterly Dividend, Extends 26-Year Growth Streak",TipRanks,https://news.google.com/rss/articles/CBMi2wFBVV95cUxQUllUM2xmMzZvbjRjZTZuZDlZaHRORXluZ2pKbWdVUlIwaFNORndiR28tTUJfR0I2dlphdjN4bFljMlRlXzJDUURhXzhfU3lDR1IydDVNZkY4ZkUxMlVsT1J5SjdLUnk1MkcxVzR5Q3d5LWdsNHNZX3ZzaUdnTXhqYnZkNmZKVlJRNHdLM3dUQWFhN3pWRlgteXdKWXJibl8yOTRVNlFfU0pXajZSRGtKN0sxQnJKa1BiNXdzOFVfY1ZLMHhTLVIwYVg1QmZZdWRUZ2kyWG1NSUFqZjg?oc=5
CNQ.TO,2026-05-07,"Earnings call transcript: Canadian Natural beats Q1 2026 forecasts, stock dips",Investing.com,https://news.google.com/rss/articles/CBMizAFBVV95cUxNcl82MlZqalpLOWw5em9nR2dQblYtUVBrZ09pcTVhNTkyUlAzOGw0S2lLMV9zdVdvM1dNemZVVnRCb2RxZjJQWkpNVWVaelM4TVNkYzFfOUtnNVZTMlQta19XUVNPTU9UMDRSM2xQbkRNREc2QUdHQk13aDRKdFk1aW93NjBuSVg1Mm5yTmpNZ0hydjA4dVYxeEhTQWQ1UTB1ekREZ3VXcTVOWEcxMG1mQXppN2dWOU1XbTQtQ2RubkRvckJtLWlFMWZqOXg?oc=5
CNQ.TO,2026-05-07,Canadian Natural Resources president says oilsands growth dependent on new West Coast pipeline,BNN Bloomberg,https://news.google.com/rss/articles/CBMi3AFBVV95cUxNWlNjdnJOSk5nbGZWY2FUS01Wa1VKVHFsQ1N1U3VqZzJWMHU4V2RRd2RsX2FLaGtQTFBrYm9UbHhmOFNZd3JybktYVkRlT1lGdWdKcWliS3J5bjA5ay1sWU1qZ2tjMGsyWmd6aDRMQjlFTW1WS2UtTDJNUkVaZzhnMzJNdEk5cGRvQmJGd1pUTXpxeFN3Yl9ZTHBrbHB0UWl3TWpjTWJ2OUxsbS10LUY0VnMzVjRkSUFlc2YxZmtSR0VQc1pHb3RNMWpSeExLVnA2aDdNV0ZFUFF1ejFK?oc=5
CNQ.TO,2026-05-07,Raymond James upgrades Canadian Natural Resources stock rating on valuation,Investing.com,https://news.google.com/rss/articles/CBMi0AFBVV95cUxPSll0NWl2d284T0w3NGhwbV9XNGwyLU5IeWlWNTlLZkJHNmNILWVjb25PZ0t2V0VuQld2QWRHUUIySUQ3QkZkSFZrN1VfblFIdk11WU8xcGNzam9TSUc1VmU2Ql9ha24zYklFdlJyb0JpaGppMWJTemhGTktDLVVzNnVzMlFNbEFUREVpM3ZjX3Z0eFZYbmtLNjBaUzBJYzJHdlB2dVdSd25mRGpXd2h2dVA3V3ZKQ0VHRXVvVmt2dkk3Q3I1MmljMnluZk9nN1BP?oc=5
CNQ.TO,2026-05-07,Canadian Natural Resources (CNQ) Surpasses Q1 Earnings and Revenue Estimates,Yahoo Finance,https://news.google.com/rss/articles/CBMiqAFBVV95cUxPUmJkb3R0NUQ1MDU5YzJHODFNci13TWRCckd2cy1yQ0ZXM1p5Z0F1Z3hVT0RnN3JURWFLLWczM2hhNzY0X2k4M0FqcU0wOGVwcTFIZllpVnBITVFmVXl2VC1zWmdaa2g2UEJfU1RMUlhnczF0a09xbDhBR1FTQm5qcmVpRDZ6TE1TWUo2NzU5aXhJc0NvSWhLRXJQQ1VkZVFIU25teGZfTlI?oc=5
CNQ.TO,2026-05-07,Canadian Natural Resources Limited (CNQ) Stock Rises on Q1 2026 Earnings,Quiver Quantitative,https://news.google.com/rss/articles/CBMiqAFBVV95cUxORTlmaGF4M01WRFdPeWhQNnhwbHptSUNkUVltOHRDdWpLUHFMRXFIYjduSkFDM3k5WF9IN1h2bTBKbmZoTjhaVndza3lFbnJVdjBacmowSFVVTWV1WnB4WGhlQ0ROLU9qck5FY2g5YzRpVUNSNFlDbUdqYWdlRTZwVU1xTkZ0WDQwX0tteURCdDRpMFM3T2g2d2lBWi1LS0QxVVczazJtY0s?oc=5
CNQ.TO,2026-05-07,Canadian Natural Resources Limited Announces 2026 First Quarter Results,Yahoo Finance,https://news.google.com/rss/articles/CBMirgFBVV95cUxQUzA2U3FsM09aYjFwV09Gd0U3MTFZS2k1c3hvSW5BUklXR0h2b2Nyd29FTHVzUzgyNkxtbVFnQzU0V2owMm5JUE13TE1HcVItMEM3a2xhS2I1NU95bXdCdWo1SzJ4eWo4UjRON1VLVXFyd2V4Tnl4N2szN0ZlMWwwOUI4Ymk3UzZTZ0kydXViREtDRWhHODFvS1hJQndNNC1rUF9aUlZ4VW44a2EzMGc?oc=5
CNQ.TO,2026-05-07,Canadian Natural Resources Earnings: Deleveraging and Accelerating Returns,Morningstar,https://news.google.com/rss/articles/CBMiswFBVV95cUxQZFRXOUg0d2hfdXJBdUhSZ0xKMUF6RVRzSUxCRjV2VngxeHBqRlVITkxEUmxTQmM3Q2JYUjBsV3ppNzV5aUpTekxISGRrYTVVbVBOOG9ab2xEUkxfamxkZjlZT2pmOTI3a0E5X3R5bGhBNGpsSGI1SFpDTDVwZWYydjN4eWxMckJoeUU2YWZjOEZmTmhqb3BBQzctb1hHQ2Z5YUlWWkFJb2UzelVMZWdlSjNPMA?oc=5
CNQ.TO,2026-05-08,Canadian Natural Resources: Rising Shareholder Returns Support Further Upside (NYSE:CNQ),Seeking Alpha,https://news.google.com/rss/articles/CBMiuAFBVV95cUxQOW1zS1hTNi1OemlOYlN1VGFLUlhBVFlaMUNXR0hTUWNqekpFTXF5SWtiNVljYTRQVFVxZ3g0OHJ3WGV3eEJkc1FWQXJGUFR2c1FCdklPTU9WdFhTbUVkQTNieHY1MlkyYlUzMm9iQWxPWlVtTlhhLWx2ZlNFbkwxMm5VMUY3UUJuczk3SmVrX1laaUtmZjVYOFdSRkp4NGVvWV9zWlhpSzVRd2x1S2EtWE1qTVhnME1V?oc=5
CNQ.TO,2026-05-08,"Analysts Are Bullish on These Energy Stocks: Cenovus Energy (CVE), Whitecap Resources (WCPRF)",The Globe and Mail,https://news.google.com/rss/articles/CBMigAJBVV95cUxQLXJMQnlrVHBIT3dxeklaS19zY3poZVZrazNZclA3UUZlTVRfVUdnRk1QekNNSXhGWDdsYUxQRF9BY2pIbjVnMjUtOENZRlU4M0F5QVZoZzJwWC0yOG9SM016eXU0TVd4Vm5rNHB0TnFKRDlPM0hkQjlHVkUzdHcyTlpKVkJOazdYNmpGOTVpX184eFhzRDJfRHVYcGdTa3k0VTdHcC0xMVRSVXFFZmttLUlRdEhTTWtMTHVRNS02RjNON1FHR05vVUdzZnNlelJDQ0ZveW9XYTlxUXd0VHNwM3NVdjJIeWlleUxONk5PTkhuclk2UTh3VS1IM1ZtVDJS?oc=5
CNQ.TO,2026-05-08,Muted session for Canadian Natural Resources stock as net income drops 43.2% year-over-year,Traders Union,https://news.google.com/rss/articles/CBMiogFBVV95cUxOdXV2dW4wUU5uRGI4MnU1V2dhUnRxbFlPQmo4NUtHaDRocHB4YlNoU2dndWZXejdObk1DazR5NldfZzFwWkJRRlVHOElMY2hYRzdvT3R5U1VoOGRBaHU5SkhsZUZMMEFXSjR6V0l2Q25QU3dURVNkUUx3clVoYmRHckhGUEx4Ums3b1NkRUFBMVVCYS1JUGVfYUNndlQ5SmRpUGc?oc=5
CNQ.TO,2026-05-09,Canadian Natural Resources Q1 Earnings Call Highlights,Yahoo Finance,https://news.google.com/rss/articles/CBMipgFBVV95cUxPMUFjT3J6NEI1TmVfUTBJSEtQb252MjBvX3k0b21JN3NTVUlrVmh4cndyblpHRGNuZnhrYm1DdUtNeUtsZEg3M2xGbTZlY2JweHh2RHdBcEpmZUg1ZG5BMVg2RURET1RmSk9CLTNnV1dCRHFhV2RfYVVNNUhITjhSRENfN3l0UWozVW0zV09tRFlCbGxSemRTX0hnbkEzWGNtZ3JqUFZR?oc=5
CNQ.TO,2026-05-11,"Suncor, Enbridge, or Canadian Natural: Here's Which Oil Stock Makes Sense for Your Portfolio",The Motley Fool Canada,https://news.google.com/rss/articles/CBMivwFBVV95cUxOTXVMaU5wWEJrWFEweXRldDk2YkozTG01WmdTQjhUdFhCS3dFaGJoVXpCRGVFZHVMT0pWa1dSZDVDM005dG5ZNFFjRFhtVGp5LWc5emp1NFlYbWJtXzNLTFN5dWQtTmc2bThPazZObFFOY0REbmZJQTJYc0tBSXM1XzF3T2lYX25oSURfNHFXeElLNTQzakxPOGoydWxSdl9nTTIyWVJNQ2Z5ZE1GeERNVS1udXRPWFlETWZWSzE4dw?oc=5
CNQ.TO,2026-05-11,3 Dividend Stocks Every Canadian Should Own,The Motley Fool Canada,https://news.google.com/rss/articles/CBMigwFBVV95cUxNSThnajFvQ1NlQWlMX01LZ3pCVzBoWlFqS0N4NlY0ZWg3RFp3bjJLczFDTTcwb0tEUlprT21BbVdtWXJobjI5Q0cyXzZwMm9PcEtDZWFNbzBFOEthRE95VUtqakNySWdjWVU3WndYaW41RmFyazkxRUh2NlVMQ1dlQ29xWQ?oc=5
CNQ.TO,2026-05-11,"Canadian Natural Q1 Earnings & Revenues Beat Estimates, Increase YoY",Yahoo Finance,https://news.google.com/rss/articles/CBMipAFBVV95cUxPb3BWaVZHbGJnQ2xHNUxtVFJXbjlNZ2RkZGN3RTJKSFI2VTZmeVlaTEYwWWo4MXZJVDJKLXF1XzJURlBqUVZzSEV5X3lyLUtHMENpbUs5ZUpFN2ROUjlHNldabkVvcDJwVFJ3MVNFQkpyV3Y2RXdBVGIwdkRhTDFnODhmZ2trOWdhSzd0WXg0YXN5cUI1eHlsNHpEeFBGUUlHcHNWTg?oc=5
CNQ.TO,2026-05-11,2 Dividend Stocks I’d Be Comfortable Holding in an RRSP Indefinitely,The Motley Fool Canada,https://news.google.com/rss/articles/CBMioAFBVV95cUxNTUhlMDVYOFJ2WURKaUN1TjZIRXFmMC1HTEhfVjFqV01wakdVQk4wS0UyQ2RZcXNkZXgyVnNaTGpIV2pzV0ZfQXBNbmp4VDNPcm5VSHZDV05wdFR5MUlMeVQ2bENMeWhHMmV2M3pCT2tGZ0J6dDktTHdHenBNbDdyTU00OEZwWkJETVhJblVqZ2pfakVLaWI1ZFUwNk1RYk1V?oc=5
CNQ.TO,2026-05-11,Oil producer pushes back record date to qualify for C$0.625 dividend,Stock Titan,https://news.google.com/rss/articles/CBMivgFBVV95cUxOekpNRXZjNGhXbDRUVW1LYWktWFdaWjl3dWxGTGtsLTc0dlNySnNtN1FjQ1VzdWdON1R6Rm43MWNDaGUtQlJ6NDZ6VThycWRkcHNWNzY5V216WlVvZnJmYUw3SUhrZDBPbWdvOUZQZDhub3ByUnZHT05VcHZmdkZYWm5rMkZsY2d0THUtNk1ILXh0cXoxc2xBaVB0YjUzdzN4NVYtZWhGdV9vN3NjMVdyZ0t5NXFjRHB2RzBtSkdR?oc=5
CNQ.TO,2026-05-11,How The Canadian Natural Resources (TSX:CNQ) Investment Story Is Shifting With New Analyst Signals,Yahoo Finance,https://news.google.com/rss/articles/CBMioAFBVV95cUxQNXRCaU00b3JuMUVXckZsMWJoWGlmdkp5bFlLOE1XMEtBYnBTazlXcndTMDIzcHY3TjZUR2hrVXlPd2p5cTRBVjh3UjJ0SFI5Z1RXb2Q3YTVqOElNVWJNTUxGa29lX0djY1FMMFZ6MFRubXEtX2tXX0x3QXp5QVRSQl9KX2lNYjBSQ2hrUGdvRFpjQlZUaVlVY1p3V1BRR2ZF?oc=5
CNQ.TO,2026-05-11,Canadian Natural Resources (CNQ) and Enbridge (ENB): The Trade as Oil Oscillates Around US$100,kalkine.ca,https://news.google.com/rss/articles/CBMivAFBVV95cUxQd281ZlRZZngtR010T0F3ZjExWkVqVFphZy1vWXc3WWNMcnVsRGljVTZsUWl3b1pJQjczVDMyUTQxeWhyemFxT1ZtOTA4bnNmemJFZmpSSU9EbFotclROQVdaOXJjTFFUdk5yeUktQzk4cnpRbVBEMkNYX1ZlSGNWQW95cjZXQzdIbk5YOVZlRFBueHJacGo2dDZZazVFTDNNb2t6Y3BLV09xN1RZbmVpREd0QXFvSXBHWHp0NA?oc=5
CNQ.TO,2026-05-12,Is It Too Late To Reassess Canadian Natural Resources (TSX:CNQ) After Its Strong Multi Year Run,Yahoo Finance,https://news.google.com/rss/articles/CBMijgFBVV95cUxPb3dOdk9GU2RvdXZtRnYwMWRvSG9XN2xmeHhQeUJkVWNUT01yWjZYYWVWWUQ0ajI4U28wZHdWbGNGc25QcU9BcS1DaDNBbmRiYVpHU2gxbU1jT0EyOE5oUTROSy1OZzBoNnlwRHItaGNMeVQ0MTF0Vk5MLXdZTG12S0RBOGNWN0ozd3JJbzdn?oc=5
CNQ.TO,2026-05-12,Canadian Natural (NYSE: CNQ) confirms C$0.625 quarterly dividend and new record date,Stock Titan,https://news.google.com/rss/articles/CBMiwwFBVV95cUxOMGxQMlQzMWVxZzllMEU2cUZQazA3ZHh3OU9NZ1lzazhwSGJGb0ZpaVZTWXNGYVU1UkFENGRaVTNPaXNIREY2Ty1JVnlJMzdKd1VNVHBJVXNOYmxMNkVCM28zRDdGOHNsTWs4bzRqdWlUWUdDS2dtbVU3SUFXdFdxZnQ0Z2JRdzd5ZzZRZzktTEFwanlnZ2UydDMyenpTU0VNc1pPN1N0RUFlbWdNMUVuZDlKVkUyZ2E3Q25BaTV6WjBsV2M?oc=5
CNQ.TO,2026-05-12,+1.49% for Canadian Natural Resources stock as 26 consecutive years of dividend increases boost sentiment,Traders Union,https://news.google.com/rss/articles/CBMipgFBVV95cUxPZGdVLXUxczAwdmsxbDRDb0QtX3dsSWQ1WWowTU1zZ2hja2xUdHJ3LS1VTkRvWWdXSndhcUZxQzlORE4wMVF6RlMtaVRIMjVWVDc2U0tIeUxGdTd4MXI2dmt3TURKdFlSUlVMbDVTRTViNGdVOEU0QnRNcHZtd2dOUFlkR0g0cUNqRU5zWkl1UHQ0ai1VODEzWmFQa0JCbXE5WDF4OGNB?oc=5
CNQ.TO,2026-05-13,Industry Analysts Just Upgraded Their Canadian Natural Resources Limited (TSE:CNQ) Revenue Forecasts By 11%,simplywall.st,https://news.google.com/rss/articles/CBMi3wFBVV95cUxQUnMtS2cwekhVdmlrVUlPZ2kySVlsek5OX0VvX3k1ZDBMWGJyVWJQQU9QMDhLN3BUdzhrN2UxOGxiMHA1bHZURXhJWmp1TW4tdzZKcldXOVJKcmxwb3VERHRoNUN4bEd6UHl1U3BYaFBvRjk4U1d4eU92QW1xWVNVcGJHOUllTkVWdmp3QlZxZ2RFR2JPZTNhTFE0NlE0d1NVT2Yyd2ZfUWxzYlN4bUVMSmNoeDhtdUxyOFZDT0hVMWVRSUIzZ1Y0eE40dzdoR2tfd3ZReDZUaEF5N2VINmhJ0gHkAUFVX3lxTE5sd3l2ejZjeHdZWTNJUGItT0FYNzBxcmVibDczS1FyUlBrQ2xWU240Ty1KQ3F1TG9PN0diUTJSV3FOOW5FNmNPNFhlbWMzdi04VXR0UVF2YUJiN09qYUFoU2ZLUFRVTk9ESHJZSGNHRVB0TGViN3FlQWV0eVJMRDZXdW1EMXVmSU9FSG9rMXJ3WmRGTUFaeHlFM3NEZXlQTXo2UHdyWnFNb2dzYnltNDVsTFZqWjd6c0lGcFI0TkEtR2JoOWpjcGxLVlgxVmYxNURSUTlPQ1E3UFZ6RHRkTkplZTFJSQ?oc=5
CNQ.TO,2026-05-13,Can S&P/TSX 60 Energy Strength Lift Canadian Natural Resources?,kalkinemedia.com,https://news.google.com/rss/articles/CBMipAFBVV95cUxQUWtDdXdEajdSU1RacmpmZWNWbU1UTm9rUklxbFN6ZS1VVVRTUjRYQ080ckRjS3ZDNDN2WGZXaHh1Z3ZYSVEwd2dPOC1kX19ObmlPd0N5OTFGYUNrLUVobmdNdEdyeUx3dnNReFV4VXlBY1FvdGVwTU9KVkw1Z1c4b29FN1VYazlKVmQ3VDBsYWhzWXdQNmQ1NkItRjI5YXEwbkp2Wg?oc=5
CNQ.TO,2026-05-13,Canadian Natural Resources Forecast Upgrade Sparks TSX 60 Buzz,kalkinemedia.com,https://news.google.com/rss/articles/CBMipwFBVV95cUxOWFhhcGx6NzJkb01GOUEzSGFneHlzR1YtQU5GcmxDVWRXeVJtOUt4RmZ1cXplNGl1ZHdTUTVNM1JWRk0ta2xsbG51Zl9HT05xVDFVSFhWOExHR1dmY0JHdlBmT0M3SWlCM09pMEY3QVpscU80V0xVcFJoM0N6WEZ1bzY2c2ZzLWFRcm5wT2Z2akNOaWN1Q2JRUnM2TFlaRmJTX200NDQwOA?oc=5
CNQ.TO,2026-05-14,Canadian Natural Resources' (TSE:CNQ) Shareholders May Want To Dig Deeper Than Statutory Profit,Yahoo Finance,https://news.google.com/rss/articles/CBMioAFBVV95cUxQTXNJR0c4c1EwV1hyLVU1WHp6VUFic3Z0S21uZFdqdjN1RGNlblkyYzlvMHFTX0YwWWZqcm1IckhfRUZWcEJkYlZtT1ZPcVdXRmVLYnZwMVpXTmFYYnRwYWZFeUlRSWN0ajExN3B3WkVYSVdYSEFDNmgtbkNKM2tYSjl5Mk90dDFhUnVBNmVTQVZ2T3JRUGxSWmdfdnR3Tk5E?oc=5
CNQ.TO,2026-05-15,3 Energy Stocks With Fair Value Increases,Morningstar,https://news.google.com/rss/articles/CBMijgFBVV95cUxPRV93NnA2RHoxbi1ydFJUdzdFVGtycmFSUHl6WF9qTFV0SEZtRVpGekNIcHd0UkNhZHAyX0tfUnJpS1V4Um1iTldyQ1pWSkRSbWxaYURPQ21tU0swRDZWTEp6YTRDaVFUU1QtajR3WW1ZdFFBRi1xWmNHT0M1bnhpUno2bkRoM3VSMkwzQzdB?oc=5
CNQ.TO,2026-05-15,CVE Trades Near 52-Week High: Should Investors Buy the Stock Now?,The Globe and Mail,https://news.google.com/rss/articles/CBMi3wFBVV95cUxPS2FMWmh1VWJObEhuZFRwQmI3QVhsM2pYZ09EZWZNeUZGLUNWUmh5RldfNlpCMDRVb2M2cjJqa250YnZ6STdRbEg1V3Bsa0ZVajM5bUNHLVJDSHhPVHJnZkpvM1ZLNGc2S2Jhbi1fR3VKTHFtLTJtOU9EMjlKdVJ5ZTdkV0l5bmthNERjZmFTcGUyRVo2QllXajhaTWtFRzEzZ1RkT19JWHZaWWc4eHBmSEdSaUhwMDZmTUdkaWV0blFVbFNjdkEyWnd2Q0hfVTBibHRteGQtUjE5cmtDWlJv?oc=5
CNQ.TO,2026-05-15,Canadian Natural Resources stock holds steady as C$67.00 resistance remains in focus,Traders Union,https://news.google.com/rss/articles/CBMiogFBVV95cUxNYXVJOENCZF9nVC1TMm1DTjdUTnY1cDRLMjc3SFpVaGZrb2YtdV90UWhoZHpBVzFLTjN1aEpTOGlBSHZsdHRXekJBd19hMkpiNERhaXZYU0ozUm9Kbk9HQU9fdkFpS2lIVXdMS3VyYUh5ODhKUmQwMlV5c3I5eHNadUc4dllKZ3Nld3Fnc054YjNpRjhlZVc2dVY1TXBkSVgzOVE?oc=5
CNQ.TO,2026-05-17,Canadian Natural Resources (TSE:CNQ) Strong Profits May Be Masking Some Underlying Issues,simplywall.st,https://news.google.com/rss/articles/CBMi3wFBVV95cUxNSXpOdWN1bWxXTHBpRnhmWENGRzFYQmtwQ2Rfb3dIVS1yZkg0TWtVYV9zd01EN2JJa1RJRzJTcHl2Z0huQjU3UWJrZU5YNzJIaGh5UmRCalFfVjFQT2VTaF83dFd4MjUweHlmdTVCSDNlNzNiaUd3dXBEaXlmYndJOVpCbGx5a2wyaTRyUkJzeml4OXZFcmsweE95NmplbDNxZ3JvX01oZ3k0YlZfRUQxbGlkYzI1ejZ4Vms1ODl3NmVha2xXS2lsbDhNRXFWVldCbmpVRXhCS19FTVhfcFR30gHkAUFVX3lxTE80aVFuWnE2NWpTaUw1TjA5Xy13SGE2MXZGalVGMWhHNVFGcGFVQlEySDVNU2lrSjJjY3Q0aXA3YS1GM2Jjcmg4cnE4QVJvTFhRdVM1QjZQQ0s2NTZRWVlaZEZuMEIybUwzWHFQMmpseVA5MTVSNGdxUm9kSFdPMV9uVXNpVWJLbUpDbjYtMEkwbWpjNThYNkxuTWhyODFILWJvYlZSbWdjZU11ZU9xWWFFUjYxQ0o1Zks4Z1ZKSHFWT2RLRy00Zk5DTDdDVmJyXzhEbElZd3BGYnVKSW04dHdjVnowRg?oc=5
CNQ.TO,2026-05-18,TFSA Contribution Season Has Arrived: Here Are 3 Canadian Energy Stocks to Consider,Yahoo! Finance Canada,https://news.google.com/rss/articles/CBMiiwFBVV95cUxOZGROa3JNNlZDS1lTNEViTjItRGJSakMwNmU4VFZobGk0RW9VdElMai1Eek9xS2V3SUJhMEQ3YVU2N3JqazFUbG53SEhjd1c4V1oyS1E0dmJfVHJhTGRSNGdtRGhHUXhHWTROSko3NEwzbHVLQ0twZ1VfdTBfXzNlWDZrNHEtNTJfMHU4?oc=5
CNQ.TO,2026-05-18,Should You Add Canadian Natural Stock to Your Portfolio Now?,TradingView,https://news.google.com/rss/articles/CBMitgFBVV95cUxOSHhoVFp3aHpJVGtkbzdSUS1zRm9sbXRodXFIU0sxaHVobFhOa3p6d2pGMVp5US1oLWVVQ24yUktzTDEwdEhkbkUycEZNX1FsbmlIX21VRnc0UzZvaTZwVUYxSnRLNERnelVsTkhvR2w4cnczdWdFNWlmVGpKeHBjUEZiclNma3ZDNExDTFpvVENic0M3LWRHeHpibFAwQ0l6UHp3Y3FtSnh4MHdrR1lZZHRGeHdtdw?oc=5
CNQ.TO,2026-05-18,2 Dividend Stocks I’d Buy and Never Sell in an RRSP,The Motley Fool Canada,https://news.google.com/rss/articles/CBMijAFBVV95cUxNNzVuaGxhQmZXQzlScnQwTHppTHFEN2JNR182VUpmN3pBTWtFQ3U3OGRpM1NhRTROb2pSd1VRSk92RG5jV2tUTnVWYk5CUWVMMTExQUticmRlV3pTcndzUUczUEhDTHoxaGUzR1NnU1d2NG9BWkZ6eHFuaU9NcjdudTNqUVFPVnQ0OU0xYg?oc=5
CNQ.TO,2026-05-18,1 TSX Stock up 54% Looks Like an Ideal Forever Hold,The Motley Fool Canada,https://news.google.com/rss/articles/CBMiigFBVV95cUxQSXpSQ2F3X0h6ZXZpbnN5R1pRaTBESzVyN2FNU0VhMVBhN0V4VHBpb2lDdktJMlhJalhtdVhZaWs5aTdGTGRKcmdOUVdZRG15bXRjT3pOdVp4M0p6aHBOWkVMY05SVGwwWGxOcHRfR0N6bjk4VXJaZnNEN1JZQTdmYUtTRV9KU0JUZEE?oc=5
CNQ.TO,2026-05-19,Canadian Natural Resources: Earnings Revealed Massive Rewards Via Buybacks (NYSE:CNQ),Seeking Alpha,https://news.google.com/rss/articles/CBMitAFBVV95cUxObW4xRGdFUlRrOXh4OVJBV2ZoeDgwM2U4NDRaV3BrM1IxNVB3OXd0allSMUc5dXZ6ajNJYXRjN1U0OTZrMmZrLUJ0NlhGQTNzWWw1R2I1bWNONmNmeG5Id2tMQmtEQWlMcVlfMFl0WUtBMGJ1dUl2YWtGZGIxN1M0SVFvQ2tsRTA2aTlpUjhackRDVDJmNXFMdU4xdEE1eVd0Q09DY0dOdG1mSlJ5VjRhTTZGc3c?oc=5
CNQ.TO,2026-05-19,"Rebecca Teltscher's Past Picks: Canadian Natural Resources, K-Bro Linen & Pembina Pipelines",BNN Bloomberg,https://news.google.com/rss/articles/CBMi5AFBVV95cUxQTVFUVWN4TWtCcE5hZkJPOTNJZWdNazYzdFM3VmhrYU42dVVQMU96TlhFUVRYZU0tMm82WXVYT3FTQ1ZOdHVleEZGU1NtcThDZjFMSl8xM2paUlJaZU4wRW1EU0N0dXJkWkUwWDN0V0ZGMkVDdVoyODdkTGZOSjVmSEJCMmhuZVJrU3ZoZjIwdlpZcEhHZUxqVngzbENYQzBFU0tkamRCbHhiVWhxc0lBemRuaThxV0gtYTFsb2FqV1RPOFFIS2FiQTRsZ204TXNKNjB1SnlySVNjZFk1ODdpdkVXbVA?oc=5
CNQ.TO,2026-05-19,Market Outlook: Value stocks still stand out amid inflation concerns,BNN Bloomberg,https://news.google.com/rss/articles/CBMizAFBVV95cUxObXJUYmlnWGRfb0h5TzljQnc2a3pIYV84WlB2TG9IdUw0a3d0NGpFSTZqNURTeVRaT2ZnYm9CRFIydWVYRHNnaC1fYjNoUVRvWXZaTjNQVTkzT0FZdWpRdDdFU2tTX3lVUnR3X01BYTZTMkFlWjdZUzEtUG9xb2t3Q3lTbmhpaDFrUGdISGluSzBmay1pbjN4TlhueklWZGN6bVB2NXFFSko4aUc1Qk80TWl6WWNGMm96bDRMdzdnUjlSTm1LbHdYMUpVTDU?oc=5
CNQ.TO,2026-05-19,3 Strong Canadian Income Stocks That Raised Their Dividends Again,The Motley Fool Canada,https://news.google.com/rss/articles/CBMingFBVV95cUxQV19LZUh0Z0xsNENTN3lmVUdRVlVldHREZVJ0TWZQNTlMOEFnR3BvdXNYTTQ3b293NFZkSlFWRVp0U19WbzBxdnhTMnd2bTRHMllsM2ZlTFZFR2tSOGxxN0txV3paZDR2dVRDaEZXNG80SFRkUnFJSW43cWpFMExQOF8xVzhFbWRjYUo0eXpYSHNoVUdrOVpZR0t1bDdZdw?oc=5
CNQ.TO,2026-05-21,Why Are Investors Buying TSX:CNQ - Canadian Natural Resources Stock Today As Oil Prices Spike And Global Markets React?,kalkine.ca,https://news.google.com/rss/articles/CBMi3wFBVV95cUxObk1jbjJkUWduTEFZWDQ2TW1ubndjaVVqLWsxeVhZdnJDYS0ydHNMd2pXNTVpWFFZOUNFaGZodFRBUTZyZkJnUjl4OXFlcWo3cXZPU3Y5QTd1d3BlVDBudHJnZ3VXS3pXTFBmaFNRX3ZTV1IwalpCcm1wVVRLcVpobW43QnZmSHJXYjFUSTJscVltSW1zczhrRkphM2NKNkVEMDNfblVGUktMSWJqSkhycE9UaHR1UXdkQTlEMnRDZ2NKRXBadXhOdFdJTlA1aEU0V28tbVpEQUhOc24zQWlr?oc=5
CNQ.TO,2026-05-22,1 Canadian ETF Alternative: A Stock Portfolio in 3 Picks,The Motley Fool Canada,https://news.google.com/rss/articles/CBMikAFBVV95cUxPTjB0REUtdnRmWUJIVm5FcjQydWZ4TmdWSmhPVWFrNmFQYVczYllHejJOdGhwa1RnQjEwM1pobkhOSDRjcU5pUkQ1cER4U0Jra0haLUVmVjlSZEdnZVpVYWFXNHA3blVCbHZnaUdWNW16TDU0T1A5U1MxWGxnQ2hSXzRlazNVTDc0S1ZZbTRsbGQ?oc=5
CNQ.TO,2026-05-24,Here is why Canadian Natural Resources Limited (CNQ) is among the Best Natural Gas Stocks to Buy for Transitional Power,Yahoo Finance,https://news.google.com/rss/articles/CBMipgFBVV95cUxNN0RnSkFhektGUWxzekVnTkhzblJaNlB1MjZzUzlQcnhMMlAxcWhNbDZLekQyMEZnMWxZeXNhQkJ1MnJWMTZpSG1nb0hxaTU2Q3VIQ3N6UWxhZHZGZk8xbExCam1nb2duRm9XWG5GS21UVGtEeGJUcE5zc29OU1p2Wmt2Z3ZqNEI0d1pVTjNqT2hUaVBXTFA4ZXR2YTRQQkkzekJwVXRB?oc=5
CNQ.TO,2026-05-25,CNQ Stock Draws Attention on S&P/TSX Composite Index,kalkinemedia.com,https://news.google.com/rss/articles/CBMilwFBVV95cUxOYWdpOFNncUtRc1lrWUxNdkdOY1VERzBlb0J2Uk5UeUs4cjFaeG5ucFJnWW1jWUwwUGVLeU1xQ2N1cWxNOGZOVWhXZjNoUU1nczJEWC12YWZiY0x0R2NSZU9CcFJxOUF4dWNqTm5CYnFUckVxZjg0LWs0YnZTWloxMVJSWWRnb21URlJNd1F5eDFRY0Q4cGtV?oc=5
CNQ.TO,2026-05-25,Dividend Investors: Top Canadian Energy Stocks for May,The Motley Fool Canada,https://news.google.com/rss/articles/CBMikAFBVV95cUxNS2U5Q0J2blo3aXhRdDZrRl81S0treFpQVnFuR2trOGlRWUFjT2M2YXQ5bnBWd3NrTE4tMWNtZERBX2ZLOUV2b05VZEsteU9NOWkyRGt1NlMxS0FxdnVYVFR2bVY4UEZCSi1ibURLY01MdjNLMkJqWkF6bkpRU1kzMUFaamFfOUx4bkJFVnY3cGs?oc=5
CNQ.TO,2026-05-25,2 Great Canadian Stocks That Just Raised Their Payouts Again,The Motley Fool Canada,https://news.google.com/rss/articles/CBMilwFBVV95cUxPZXB1VFR0dzRJTm9nWDBGTEw4QkFYY3RkR0xNakVEVGRuOUQ1S21POTk5dDVDei15d1A5aTluYTk5R3RzdlE1TlJoN2pkdFVMdmZJVTRNWVJ2LUlTNFFCZFBYLUg4OEtTNFU2MUk2bDNBWXpCRGpVZzFFZzEtaWtfbnRidnEtYkJyc1d4Q0dYcW9ZVTFSaG1j?oc=5
CNQ.TO,2026-05-25,2 Canadian Stocks to Own as Inflation Stages a Comeback,Yahoo! Finance Canada,https://news.google.com/rss/articles/CBMihwFBVV95cUxNV3JLdV92R2xJbFJzTGRObTBjY0wzQTgtdnZOMHU1M1E5SC1zbVhEdE5YZ0Q4a2RSZGk1ZEx2d2ZKeHRhQVUxbkVrZk1HX2FhUmpFZXg5bU5yNmQ2ZUdKbzFVU2pGU3JaX2htTkJ4cTFVbEJYam11aG9RTUVnQjd6aGpvVi11OFk?oc=5
CNQ.TO,2026-05-25,Why CNQ Stock Is Leading S&P/TSX Composite Index Buzz?,kalkinemedia.com,https://news.google.com/rss/articles/CBMimAFBVV95cUxPSk9iaXp2dlFDbWM2dEdsS3NBZnY5SGVIbFMwUTgzU2YyMGxKWXc1b1U1eXJXR3pGQlNWSUlwM1VWTUhseHA5VF90WF9YUUowcFVBMXZ6Zzl5WlJkWHl6dGd3NjA2OFUyX1VfRWM1VUVpQVZyTndfNklkZHV3Tnd3b3NLcEJYN1B0Tzgwa0FGSXVYZVE4Q2haWQ?oc=5
CNQ.TO,2026-05-25,Middle East Conflict Lifted Canadian Natural Resources Limited (CNQ),Yahoo Finance,https://news.google.com/rss/articles/CBMiowFBVV95cUxQUG9CY01RazBDXzhQdVZNMWpUcHZJTUhVMlJybzlnWE1qclo5LXpKTFl5S1FDZE1IUVdCTXNYbUI1VXJGY1ZZaFNEU3BTN3RuSDhYNldUNDJJcmg3bjJraEgzRkpLcHhMU2tRSDdaTUpPcEZ2VmNtVDJzUFhoQ3B6ZTh5M2l3M3dObEZ4NEtVMWdhSXBQNW9aeFI3TzY4YjU1Vmtn?oc=5
CNQ.TO,2026-05-26,The Best Canadian Stock to Own if Volatility Returns,Yahoo! Finance Canada,https://news.google.com/rss/articles/CBMiiwFBVV95cUxQQ0hoR3hFcUt4MzZtZ1JydVo0R1hHN1M0MDgteVljT0l6X1dnWmZPeDhxUGp1eHd4enFvZzM1V2lyWTQxcy1pNUxYbVNuRjZXZGQydWsxS3F5V3NuRURPc2lkREQ4MVE0ajdxTTJwbzBrQU1NWmxCRFNhcG9Fam9rLUNsZm92TzB2RUNR?oc=5
CNQ.TO,2026-05-26,"Top Canadian Stocks to Buy With $20,000 in 2026",Yahoo! Finance Canada,https://news.google.com/rss/articles/CBMigAFBVV95cUxPZndyaVBBcmNuYnIxRk9YZnB1V2tIV0w3TkxnREs2WXRac1BvbGFTSWdiOXFqRVROWE11b1ZuSHhVcUZWenVqVmplOGRmTUk0bTFBWk5uemdQYjlkalZqamg0aDlqNk9NbFFCbXNjVTRqV0RmYWt1M2ZwUGdxWERRMw?oc=5
CNQ.TO,2026-05-26,Canadian Natural Gas Stocks Gain Fresh Catalyst From Upcoming Germany LNG Deal,NAI500,https://news.google.com/rss/articles/CBMisAFBVV95cUxQYk8wYmROdkN3Sm5yQjBNZVR5REdUTmkyRV8xNDdOVlE4Y2JCX25OeE9sa1FSeklhUFhaSndqRVdDNEFoczFkaXo0Z3Zsb3pVZnE0UFVHWEdpZ3ZSYkZOcEdSOUl4S3lDTGktMjNBX3RRaHkzSkZZUXpKOTJ4V05JZWJhV2ZmRmVaNUE0SjdzY3l0ZFZNWFE1Q1loeW0tVnUxVkVRRlFKZ2Flc0hRZkRxdg?oc=5
CNQ.TO,2026-05-26,3 Canadian Dividend Stocks Perfectly Suited for Retirees,The Motley Fool Canada,https://news.google.com/rss/articles/CBMilAFBVV95cUxQQmpjSkZFTGxZV0lIMExwOWlvVENKWnNkb0xKSXZhQXJZQXhueEJfTWhXeXdQR3dHNVVJMHJQckZlRm4xUEp0QlNMZ0RfU1AySUpVQWxpLU96dFRrMGlsYmZZYmc1SE8zRkp3d0FCZHdtdzRDX3pkcEhET2hiZWc5WXJtbGdkVmMxYXdYcGdHZHJzdWNZ?oc=5
CNQ.TO,2026-05-27,All-Weather TSX Stocks for Every Market Climate,The Motley Fool Canada,https://news.google.com/rss/articles/CBMiiAFBVV95cUxPQ2tqR0ZodUJEYzJqTkJ0aEFFYTh2TzhROS02clltZkU4VVcwVl9JSGozU1NRWkZHc1QtdklXWnZNM0VCNnlZdWhfSmxhdXJ1TXBILXZMR1JBQkdNdzBhdlhiekREbzI2NDVVM0dYU29Wb2kwOXVCX2c5SFZmSkNmUVVqQXFxYmRO?oc=5
CNQ.TO,2026-05-27,Canadian Natural Resources (CNQ) Slips 2.2% as Energy Sector Faces Selling Pressure - Fibonacci Extension,dars.gov.et,https://news.google.com/rss/articles/CBMiwAFBVV95cUxPZmk5T0lGVEpVaThtaVdkWkEtX2lCQjktUzVpNzJuanNsOU1rM09tQUFocm1HNDhMQnE5N0RBRjJnQkNNcXc2ODhPSGNZbHJnUFhnRmkzMk04VlkyYTN2OWNYNUstYUhhclhJRmZDazU1ZUlMZHNKcUxoMFdPa0pLM1VaQUtYT3FQTTZNSjV6MzRGMVZkQzF3QVNqQkZDRUw1TTlidUljZlhXUDVvSC1NZE9jN3otN0ZidF9KYWRtdjA?oc=5
CNQ.TO,2026-05-29,Canadian Natural Resources stock price forecast: CC$61.50 support as CNQ holds steady,Traders Union,https://news.google.com/rss/articles/CBMipgFBVV95cUxNRk5WX0tONTdVMmNSUGhTdEY4UmtmQTluX0trdlNKWnhIVXhqRXZYTm1YOEY2VWppMFhlaTc5dUdXbDZrZEhmVlFaT09QTTBfamdnWDliaG9kai1HUkNfREl6WVd5TlV1ZFQxS0Q3elY0SnF4MWFoUzZ1YlB3djZCT0JwcHZvMUtjb3NoaU5rdF9YejA2a1lsWk1QRUpCbF9TdVc1WGlB?oc=5
CNQ.TO,2026-05-29,Canadian Natural Resources vs. Enbridge: Which Dividend Stock Looks Better Today?,Yahoo! Finance Canada,https://news.google.com/rss/articles/CBMikAFBVV95cUxNOEZ5aGhZWk5aWkh5Rl9adVJQV0tFMHRRSWtCckQtckd2ZHhQcFhBUjMydTRGWTFRVFpxNXZhbnRBTjZNNkFwX1hKc2FHekM5MDQxb3l1bHR5RU1PQmhqbktiTDhQVno2SzQ1TERYZUhUakEzVVYtM0NxOHJSM1o2dEVpTmg4YUVfVTliRlJtOXc?oc=5
CNQ.TO,2026-05-29,"Analysts Are Bullish on These Energy Stocks: Canadian Natural (CNQ), California Resources Corp (CRC)",The Globe and Mail,https://news.google.com/rss/articles/CBMiigJBVV95cUxNRGt0Vi0wTkNzdGF2NWFiRE9xZU1UVHdYMHdEaEZvSWdpWGxxWWtjY0d5QlBuZ2dCT0t3SjdHOVhRYXBrSGViMzNmNGk4U3VHRElDZ3ZfdlJJNmV2ZW5hSXJiQzZTY0dvTVUzZUZlclVXQnVCVC1NMXhUVEVuMldDNUpWR1oydlhsb0ZiUzJ3N29WWmozTGFBOVZoWGZWMUI2QV9oNGcybk4zcUxDemhBRlFsQzZuWGFGaFJEZGVfTXFJQW5SSUpLeGp6STRKODZGdUxtM0M3a2pPNUU5Zm9yY2Z3NWtrYlFEUXNtaVhiMUM3SEU0bDBqOWlkN0k3Q2gzVExldE1KOFctZw?oc=5
CNQ.TO,2026-06-01,Canadian Natural Resources (CNQ) Rises 1.85% as Support Holds Firm - Low Volatility Picks,dars.gov.et,https://news.google.com/rss/articles/CBMiqgFBVV95cUxPeERTVzJMWDdFdjF5MmMtOWdvajJVUS1IejJBOFhkX19LTW8zR2xNNVNtVm9HOHVmR0hpUXJHN0N6QmhRRXo5U28zRmZjMHdudkpYMThNNmVZdUdnazJ6dUllNUs1VWl4U3pCUHQxbnprd3d0aDUyNHJpOWF6eGdMeS1mX1M5Y0lIbHFTQXl0VlIwdWNQREF1MW43cFR6eXVwVm5rZk01ZEd1UQ?oc=5
CNQ.TO,2026-06-03,Crude Oil Surge Powers TSX Oil and Gas Stocks Higher,kalkinemedia.com,https://news.google.com/rss/articles/CBMimwFBVV95cUxQbVVLZHJtWUJ4TzBBY09UUEx1SU5ZaU5hZG52Mk9SS3dZeVdFdUk5SG53UFkwV01fMHdDS3huaGxyMWVENUFPRG1tTm1feFhqMEJGNE44TjVrb1ZDaU1NNjdQdE41LWlUZjN1WERoeFktRklBTTlhSUJ3VHJlV29zWjBpSWl6RjdOd0o5Nm9BLTFGUHJHdmNsR1V1MA?oc=5
CNQ.TO,2026-06-04,Canadian Natural Resources Gains Momentum as Energy Tailwinds Strengthen Investor Confidence,kalkine.ca,https://news.google.com/rss/articles/CBMiwAFBVV95cUxONGtkQTFfbFp0UlA1dWdtUkJROWtVdTlZaG9FaHpwenByeE1rM0VFR042VmpOZHptSVdnXzNVX21HSTUxQWMyNmlzeE16aFlmUHJwU280VGdyQTNsY0FRNGo5c215YkswSkNUSTRKREpIMDJUM3ZSR1V4N1ZESUp0cmJSaUY5MGM4LVcwUEF1a1hmX2pGejlzamhkT0dneTdJRGxteE9Pa29mUzBTVVlhV1BLNVN2MmMtUjVKbE9qXzg?oc=5
CNQ.TO,2026-06-04,Best TSX Oil and Gas Stocks Themes Shaping The Market Cycle,kalkinemedia.com,https://news.google.com/rss/articles/CBMipAFBVV95cUxPbTFCTUVPNlJGdzVLcERsWER3WU82ZzFPalZFYWY0TnVkQl9yLTNhR3B2MV9BMWd5UlM0NW1WdFdkXzlpU0RFdHpFNi1YR1BOV1FnQjhNSUFFNndJTklRamM3Z0JGYl9sOG1VV1dtVTQ1aUZuTFozOUJMMWFCSXBIVjVrek5oa2JPS0RhbHMxMngxUXZSaXdwOWxyOG52NGxsZ1pzbw?oc=5
CNQ.TO,2026-06-05,Is It Too Late To Consider Canadian Natural Resources (TSX:CNQ) After Its 64% One Year Surge?,Yahoo Finance,https://news.google.com/rss/articles/CBMipwFBVV95cUxPb0ZZYU1DdVFqYjB5ajRLWklZZlNzY1R3OHVaRGtCNFAtVlg0aW53SEF2bUdRdk45NndfdkhSWjJpNW9vZ0VFT3pRVkhZUm5LMU5ZSjVfTW5lOFpnazV6ZmpYZVBjSWZ0cE1iS3B3TnJWU29yYkdUVlk2b3g0bTQ2WjhMMzc5LVdwRGRkbmdOc0hVNTYzVUdFOG43OFFZY0RodXU4eHpFQQ?oc=5
CNQ.TO,2026-06-05,Canadian Natural Resources vs. Enbridge: Which Dividend Stocks Looks Better Today?,The Motley Fool Canada,https://news.google.com/rss/articles/CBMisAFBVV95cUxORWE0bGpKcjM2emI2LVZBZHhZelVmNEdxNlY3eDA0SS1GM3daZmM3NGtmdG9sZXBjZjFSOWphLXFNR1dxS3ZoMXRCemJSbHV4UnlMWWs2VmhpeHU5OFRMR3RxSVg5YkxJSHJXZ0hvVmNCRl9hZEoyWUZ1VnhUX2pCcTlwZlVib0YtRXpCNmRWSmlLVFRMR3BDWUtWdmRWemsyWDVkRzJSSXcyOTN1Ukhrdw?oc=5
CNQ.TO,2026-06-05,3 Canadian Stocks Well Suited for a Long-Term Buy-and-Hold TFSA,Yahoo! Finance Canada,https://news.google.com/rss/articles/CBMihAFBVV95cUxQR3ZQQlJ4cnM3Wk1mcUZlbUhhUTRxS25fdG5ZQ3NuWUwyTTNSZDY1eXZUUG5XdzNueUIxZGtYNF9iMVlMQ3hxT3cyWENDbGpVMjdjWFlEVXdzdG1lRDRIZFZrd1hHRW9ldlY3R1AtNndmdUs4cHRvSG84bDNQdUNlbWdoME8?oc=5
CNQ.TO,2026-06-06,This 4.5% Dividend Stock Pays Cash Each and Every Month,The Motley Fool Canada,https://news.google.com/rss/articles/CBMijwFBVV95cUxQbjdzdG9raGg3ai1qVWw3N09LMXM2NExiVzVYMDV1TmpBUWF5MDVaWlVaOExwN2V6a01xUEhEazhhbmhIeW9nc1BjVlFWSWttM3RYcDZDRFQ4VXg3NnBQVzVRVlY0MGNCSGJIbGNnZ2dTQjV6S0R3dGFnYjNmYzc1cnREWWhURmpTYnhhTDFPZw?oc=5
CNQ.TO,2026-06-07,Gas Prices Are Rising Again: 3 Canadian Stocks That Could Benefit,The Motley Fool Canada,https://news.google.com/rss/articles/CBMinAFBVV95cUxOWmgtbkhDdHZpOThBQ0J5YVVvOElrS1pSdGU3b0JyTEs2dFNTV2VBSVZhZkxxbmxGemVIMUVfMkpidmdOajhNeWRrMDVVZHpSQXlHbjhTcVJBQUNvRlB2N0hVb1ZIN2tUMnBRZUNLbXlLOHZvRGlDZGZEZ1FHdkc4R1hIRXZPa1F6eXhBVzdnNkMxNkQ5T1VTT0NwNno?oc=5
CNQ.TO,2026-06-08,1 Magnificent TSX Dividend Stock Down 10% to Buy and Hold for Decades,Yahoo! Finance Canada,https://news.google.com/rss/articles/CBMiiAFBVV95cUxPckZDUmI4dUx5ZDAxVndtd3BYd3VNMl8wUFJVM0wzWHJYV2hGdFlCSldBdzdMcW1HOVlaMEF3MWRaTVR3WkhyY0xtckdIS3BJS0RXQ1NDTkNUNVhhaXhXNVh6a0FaYkZ3YnZQVTFpd09kRXdDQ01hR3ZwY2ZSRmUyOEdPb3JRT2h0?oc=5
CNQ.TO,2026-06-08,Are Oils-Energy Stocks Lagging Canadian Natural Resources Limited (CNQ) This Year?,Yahoo Finance,https://news.google.com/rss/articles/CBMiogFBVV95cUxOUDloUXllak50bUkzRm1FZFVlZ3ZzQ0hGSFgza1l2dzRXU01qOFlUMmdER2w0YjU1aUlqSjB4NHN1eXA0WTJIVzV1ci1BcDd0elYzeUNkZlpoUkJUck1xQUVzVjhGTnRwYTVWMlY5a0EwbjA1d0l3YVFfWnFidEk1VXR0cVc0UnJ2RUhjMWRTQ3JUeUNnczRxbVB4WktodWkwVUE?oc=5
CNQ.TO,2026-06-09,Cenovus Stock Outperforms Industry in a Year: Time to Buy?,The Globe and Mail,https://news.google.com/rss/articles/CBMi1gFBVV95cUxNS1ppN2UzcUNXTENBVHJtSDNUUU5JLWJXeEhzWEJrM2t0UEJzbkM1ZUU5ZmdmZ0Q0aHRmUkZxc1gyM3h5WTNGWTRuME5jZFZfSXc0Vy1oZV9xaVhXdERXeGhmUDdpdkI4R2RQdGdxTW91M0xjMzZ5WWpDVWpjeEhhQllOVGNhTWkzQzdfTnlGbEZ3R3I4anFTS0t0OVYyX1ZMRTNOQkt3TS1nWVdTczR1WmxHd0VuY0Y2aTg5UVZtRkdiXzZGUUtSbVVzZmtucmU2WEdCbjBn?oc=5
CNQ.TO,2026-06-09,Canadian Natural Resources Dividend Analysis 2026: Is CNQ Still Canada's Ultimate Dividend Growth Stock?,kalkine.ca,https://news.google.com/rss/articles/CBMi2AFBVV95cUxPQmllZnV5bGxId2VkcTNvQUpmYUZ4TTNLTmtoUHhFNGgyRHhoWERqT0NRMUhqYXJEbVEzVHVRWnlDcVRaNUs1aURjalNYUWUyc2FqNnY3R2dWZ0xBRmI5OFRrS3BaSUk1RXVjMV8tVV9qeE9tVnZaVVU2OEcwSnpMUUlmY3hHNHlDWURUaHduR2FQVC04UUYtTzd0S01lNW1iZTNmckdmN1ZGOVhVX0dGeVFYTG5UOEt0dUU3RTlJMVZpU09YRVRHM21LM3FveWJBbmt0TTBVX0M?oc=5
CNQ.TO,2026-06-10,Canadian Natural Resources: Great Buy As Iran War Escalates (Upgrade) (NYSE:CNQ),Seeking Alpha,https://news.google.com/rss/articles/CBMiqwFBVV95cUxQSXNObGN3dW9vd1V2RTRRSWZDRVMyQ3g3ckJEYkxWWDJGeU1SMjVaXzB0empoSExfZDkwazdvalUyV05XT3ZqbTRzR3I5ZGxLUVlIaGxhbVN3a2cxLUs2elYzdXU1b1hFaWczREEwemJVM1FWUzNUTFRjT2hKazYydXZ3ZnFJM2c3RkdJNU5USnhSUXU5TkRPVHZodmRYZEFfc3FlRVFCcHVVcTA?oc=5
CNQ.TO,2026-06-10,Canadian Natural Resources Is A Natural Buy Fueled By Fundamentals And Valuation,Seeking Alpha,https://news.google.com/rss/articles/CBMivwFBVV95cUxPMUR2ZXFsSU81Y0F4cGJvZ3I2TW1tWWpwNF9WSE5jeHp2MVhyamw0bnRMWjRlQ0RObVNvdFRiamxoZjU1LV9oX3d6bTFvZ01zVTdwR3dxNkZwdDE1UzZOU2FjSnl6bkpHeDV2RVduZzJpRnlINEZneXBOMUxndUNSR19iZU44RWwzZUNTaGNCbTNOR2FBaDFTSHRzQ1RDNHY2SEZKOXY2d2FzWi1NdUw4cjBvNHJnTWM0NTVqaVR5dw?oc=5
CNQ.TO,2026-06-10,3 Canadian Blue-Chip Stocks to Hold Through 2026 and Beyond,The Motley Fool Canada,https://news.google.com/rss/articles/CBMimAFBVV95cUxNUGQ1VDdUdjVZU2wtSnY5aEVKLXdtLVprNTRHOEhtSk5UVlRmS3pLWXlIR3p4Z1F0dDZMMTRpWUxNNlAzU0pMZ25nRWdXY19fUS1jdTBIU2M4VnVJbnQxX1FzcWxJUG5aZXJjOGtwd0JrTnk4ZjVJY0NmMklUbTBzdGYtU19mNXBFcGd6cExEMmx4OHJoOUsweA?oc=5
CNQ.TO,2026-06-10,Canadian Natural Resources: A Time For Patience,Seeking Alpha,https://news.google.com/rss/articles/CBMikAFBVV95cUxQblBVQnRKYkVZald5OHVRNEI3dEpaUjlqRTZ0Y1dkbmMzc1U2dE5zNlRRZGw0eGJkaDBLM1JJWW5LYWJLT21YQW5PMTl6YjhydWNLMWxIcjVCNzRoYUZXQkhSMXNaLUdBd0pMS094aWdEcC1RZm1tQjlxRnRqbVQxVHhVV0ZreTFPWlkwc0VwTDY?oc=5
CNQ.TO,2026-06-11,5 Dividend Stocks to Put in a Canadian Income Portfolio,The Motley Fool Canada,https://news.google.com/rss/articles/CBMikAFBVV95cUxPTVRSdTJtZVpKUkdRNmpldnFTLWJ2Y1pSZkM2c3prVzIyc0VlSHdPOXNyRjFWWk1oYWRnNUw5ZUVJamUtNUM0OXNSNDd6dWlqNnJ3d1c3RzRvRUtvSVpNeU5KbWVpd2p0b0xQUE1pXzdvb1RaSkRlaG9Mbkp0MzlhUXVPMDFFajFLVE1yR3N5Uks?oc=5
CNQ.TO,2026-06-11,2 Canadian Stocks That Just Raised Their Payouts Again,Yahoo! Finance Canada,https://news.google.com/rss/articles/CBMihAFBVV95cUxPMWJaMjdWV0J1dVZPRG14anlqUmlId2RtRFdlZnlQeHdsd3g3Z003UDIwNGxRWjNOZTZ4YXdXLTRxLTBleGxHRGFlT09BRFhTQ2FuZXpPVHdPMWdtYkhFU0NyUDhadUc2Sm9pTnJKSExpYTVlOHJyNEhuTG1jUjhfYUtMRlQ?oc=5
CNQ.TO,2026-06-12,Canadian Natural Resources (TSX:CNQ) Stock Valuation Check After Recent Mixed Performance,Yahoo Finance,https://news.google.com/rss/articles/CBMioAFBVV95cUxPUjJzZnhWR055LTBxUTJJbkQ5N0pjeXZ0aXEzTUJRNFFJRzBoMlE4VHpjVWNNUzI0NGkwSE1RUEVodDJoTTZHVTRrcnp3NGhXbnhZYVhVMWpfdENYemNfeFV0b0NhY2UtOVFzLUFUMXliRC1LUThLX0xBTGl0dnBsZXFPcnI1TGZZM2Rjdi00ZDJpMlo2blhqLWZNTkpBYlVW?oc=5
CNQ.TO,2026-06-12,Canadian Natural Resources Stock Watch: Is Valuation Still Compelling?,kalkinemedia.com,https://news.google.com/rss/articles/CBMirwFBVV95cUxQSHR1ZFdGbF9SZWJJNS0tVEZtWWFyejZDcUZhMk9uYVViUDBnZkdaVUtIT1BVdEZmNk5GcHYtYmU3RDlLSVF0OVctc29RT05KZjVPQzBDc3lTVUkzQVJ0LUZKNkJpeWdzZmhYZUNSanJXbF9TY2M3alNTbU9jdWlyWkpBZUlDbGpiSzVscVVxN05TbnNGTENIb1dQNURFeEp5X1dLVXZ6UHlUSEhqTWhn?oc=5
CNQ.TO,2026-06-15,Canadian Natural Resources (CNQ) slides as oil prices fall on US–Iran deal headlines | CNQ Stock News,Quiver Quantitative,https://news.google.com/rss/articles/CBMiyAFBVV95cUxQNUNrcDVKNGpobE15eWQ1dlVTdWo1ZHhVaG9PS1VwUzJSb2JXWHh5YmNOemRXamFBYzZtTkFMLUZzMEFVV3hxVFp6TDlRd0poN09oMWVhNWxrc24tYjVZaVhkalY4ZFdvVVlObVdTcDlwS0JjUmNDaG5oOUhzUjg2b2RnQ3hDTlUxenF3d3VrMkdiUTRLUHNaSFNZQVZkWmIxRFNRQVhiMlhVVmlDaS1TZzVuUU1HdTktOHBBdXlDelNteC1hMTMyZA?oc=5
CNQ.TO,2026-06-15,The Best TSX Stocks to Buy Now if You Want Both Income and Growth,The Motley Fool Canada,https://news.google.com/rss/articles/CBMioAFBVV95cUxNR3VoUXlTV09uaFE3QmREZ3F2OVl4VzZFMTAxSlR0cFg2M0llcTEtQ1d1VWxibmo4STM5bUNaalRMb19FLVVhYWVWbGREaGJXQWdUVzhGbm13WE4wQW13c3Jpd1QybDJ5VW5PODM2SFN3RG83SFZXV2pxeEJRYVgzWWpyN2RlZzNKYmxycWNWbVotalJrMkl5QUVtRHNPWkZX?oc=5
CNQ.TO,2026-06-16,Canadian Natural Resources Stock Faces Pressure as Energy Sector Volatility Weighs on Sentiment,kalkine.ca,https://news.google.com/rss/articles/CBMixAFBVV95cUxQcWtEaUlyZ2RpTmJuMkFscDFtVHJIX3JBemhZMERwUGFkUjZVOTJKWmExY2VVQkVXVHhBLS1acU5MZTNhWDRWY1dZeHRyVzRTQTF6TU5wUjU4am51VTdZb29kQWFYaXZfRUNiUjBKdS1aakpyc1NlMV8xZjBBYzRnM2tiLW1CZFFZQzlUVTd5eWJabjBxWlRkMHM5U0NMYndPV010UjJ0ZzBDUUJqUTA3TGx3Z0cwSV80bUkxQWxfRUJnbXhn?oc=5
CNQ.TO,2026-06-16,2 Canadian Dividend Stocks to Hold When Markets Get Bumpy,Yahoo! Finance Canada,https://news.google.com/rss/articles/CBMihwFBVV95cUxPSE9maC13ZUt1WGlDMnF0c3k2dTdxcmxWakRJd3dHeGFCa2ExLU1hODN0SkhkOW5rVkp3ZWJaVVVjTlMzUEdKWnNrQ0hFNk1lTzMxUXJibzRSNG8zVDNYUVdEM1hBNHZJOEJwTm9rcWp3SXZYMTl3VjZ6WkRWQWhXVDVwN2hQelU?oc=5
CNQ.TO,2026-06-17,4 Dividend Stocks to Buy and Hold for the Next 4 Years,Yahoo! Finance Canada,https://news.google.com/rss/articles/CBMigAFBVV95cUxNUFZGaTBCMTNJWkpFYW1lbWtkSHVEdUFoemxsbk1qR0JPcVh1dWVXSGhXZXJpMXhOdW5yUFNGNU96SnNRbG1iSlg0NFhnUXJ5QlNzSVEtV0dKMEc5eDFWUU90RThmZTVVR2xPTHhFdzdISV83UUZuMGJob0NWUVloYQ?oc=5
CNQ.TO,2026-06-17,Ovintiv Up 38% in 6 Months: Should Investors Chase or Wait?,The Globe and Mail,https://news.google.com/rss/articles/CBMi1wFBVV95cUxNTTVnN0l4Q25LaWtFX1pnN1ZmOFRSNDNkdHNxbXpZQThDdzRUeG0wWUYyRkViNUF1RDRHSGpLYmdCdzcyVFY0U0pENTktb1Z0RGk1cWJQOEc0ZEdhUVVzOXZBWFVFTktveU12aE5LTE1JMGVrZ1JsaEJQb3g4NE1lRXdhLU13dVEyV2JTdmthQUU1ZkpkUEdwNkgyUG9kdjhoekd3LU85SVlyc05VbzA3RVVvT2o5SjZMNlNINVVvY0xYUGFCSzNIQnl1anN6OUIwaXdSWmFHTQ?oc=5
CNQ.TO,2026-06-17,Canadian Natural Shows Scale Advantage In Oil Sands,kalkinemedia.com,https://news.google.com/rss/articles/CBMimgFBVV95cUxNT05lTUhuMy1oMnd0eG1iY0NUMnpLNy1xZGZoYXZMU3JKRW9JVzFQdXBNRGpLdmdRYk5sYjVwUmZsLTBJVUlXbG43SzFQd2xVZWo1VF9OaFVMSXUtdjROdks0eVhvQWFPcWh5eDJ5b090QmVTbnNwXzZEVVB4dGJzaEtUTlR0UHpvT1g4OC0xejNpZzBjS1g1WUNn?oc=5
CNQ.TO,2026-06-19,Beyond TELUS: A High-Yield Stock Perfect for Income Lovers,Yahoo! Finance Canada,https://news.google.com/rss/articles/CBMihAFBVV95cUxQM1dnS0hfX0gwd1hGUU1DbkQwMGxiUmlmaFdGbDZpcUREb0dHdFpxUTM3N3kwYW0tVzVtZW9kcXpQWFFzVkZCVk9TSHlhYktieE9uUFY4cUZvMktqeWNkS2NTQnBma05wbnNvUktSejVpOElpZEVpWW5jRTFYU0U4N2dQM0Y?oc=5
CNQ.TO,2026-06-19,Why Is Canadian Natural Resources (TSX:CNQ) Steady in TSX 60?,kalkinemedia.com,https://news.google.com/rss/articles/CBMioAFBVV95cUxQV1NFd3VLMUFOTmVDdmdhczg1UWhNdjFOUWw1eXU2VE50OEdUZDJEV2x2S3VuQk1sY0dEVTFOQmlGY1BDVVVEZGU5SGIzcGpGYm0taDN3c3ZuVnZxSU1MRHduX2xvVGM1N1VfWVVjMHhHTVJ2WThHMl94NWlHOVZlUVRiSi1JWU1YdHBkZ0llV2drYXV1cmNaRW0wV2Z2UTZz?oc=5
CNQ.TO,2026-06-21,3 Canadian ETFs Soaring Upwards to Buy Now for a TFSA,The Globe and Mail,https://news.google.com/rss/articles/CBMi1gFBVV95cUxNRzlsM2l2TVY5RklHSEYxUEtkQUczbFlYOEo3cGFQMVA3M2tuNHJrOFdqWkt2Q3FNZGpFT0o2NXlxUm1FX3I1S3BqZm1PMFpsTVdIV2lNd1N0WmY2LW1VZFg3dWFmQWJ4WjZxNW8zc1FwMnlHcmhIOGpFNlhFTXExc0p2WW5iVVZvN2szX0cyWkRFSGJ0bGRTYzVyZXkxYjd5aWZFUmRBQWpOdmZ6MDRXZVhTUld5VGJVLVUxN2ZkeEZpUkk0QVRnTHpMeVVTaW9XYjRkT2p3?oc=5
CNQ.TO,2026-06-22,Billionaires Are Dumping Tesla and Loading Up on This TSX Stock,Yahoo! Finance Canada,https://news.google.com/rss/articles/CBMikAFBVV95cUxQY2ppNFVPX21PUWhqamhyQzRNN1FvT2VhMFpvaGlhVk5uNDB5ZlhZWDJKVGNRNGVna3lON0FXd0tsTzBmREdwaW9maWx4OThpb1NUNmxHMnphbE4tWkJPWUszOHItWHZJblctR2xtU3FBdng0emRRRk1hZ1EzdnZUVlBUblVINjZpYng3LXRQSGs?oc=5
CNQ.TO,2026-06-22,Can S&P/TSX 60 Stability Support Canadian Natural (TSX:CNQ)?,kalkinemedia.com,https://news.google.com/rss/articles/CBMingFBVV95cUxQR3JSUzdBVy1JV1RuRDdnWnJnWXBEeWI5S1JiV2cyZmk4aVdGZkRSUWtrdXZqYlBvcG0zTW5VQ09BOVhGQVBtU0lBSGJDWEFEZ1RaTDBOUXgtY211b1ZmNzVoZ3ZPT0tpTGxFc18yYUpyakxLOXZtTnA0c25ZRGltMTNyamdDczNNaDhzOEpxOEQ2VDlhemtHU1FLc0o0UQ?oc=5
CNQ.TO,2026-06-22,A 4.3% Dividend Stock That’s Quietly Becoming a Top Pick for 2026,Yahoo! Finance Canada,https://news.google.com/rss/articles/CBMigAFBVV95cUxPYWFWV1R6MVNPdWVNY0ZhY2lvVnE0RHhzWEJrRk5QYjJQLXdQTm5vOXo3SHRDYjc2ZVhGbk83QWdPYm95dE5tdl81VnNibG5SaEVYaFJJUzJaeXoxVVl1bkZYU0xTQ3BfZnhzcENLY2txaHQyUkw2V1NOd3FRX0RCcA?oc=5
CNQ.TO,2026-06-22,3 Safer TSX Stocks to Buy as Oil Breaks $100 Again,Yahoo! Finance Canada,https://news.google.com/rss/articles/CBMie0FVX3lxTE1vM2pxMU1Bd1JtTWZzZldTajNFUjZGSnJrWkZsc19HNEVSYjlNbzhWd0hSVkhOdmJ2ZWFzSWdfUEtqb09QMGpsdHlyMlBpQlk0MC1EckQ4U0pJSTRLRE5aOHJ5cklFdlA5ZEo0ZURYZVVVRnF0alQ1VW1VUQ?oc=5
CNQ.TO,2026-06-23,1 Practically Perfect Canadian Stock Down 17% to Buy and Hold Forever,Yahoo! Finance Canada,https://news.google.com/rss/articles/CBMijgFBVV95cUxNM2phdmJ1Rm9BVENDZk13QnRSdzRZY3BYd1E3eTFvMjRzS185RER5Q25PenRDN3N6N19WVF9xOE9FcDdxcTNQZWd2X05xS2NTamFndTF5MHFhVkN1QmgzSVpMVnhZcWhEVmwyN1pWWTh0NUYwTTdVYlBOeWtDTHdSa3JhNWxBVnJfenVUUHp3?oc=5
CNQ.TO,2026-06-23,Why Canadian Natural Resources (TSX:CNQ) Stands Out In Energy Stocks?,kalkinemedia.com,https://news.google.com/rss/articles/CBMiqwFBVV95cUxQQkNxREg1THRWWUdoRFBzTEs5dnFTdTZ5TWxsUVdia1Z6LXBMZFVmMzNGTFNjTThqY2kzX0VHZ0YyRy1FLWpKNlNISTNWb2F6XzV0ZFJIeXB4NlpqVU5zTDZjb2kyNzVCTzh0Z25WTDFCSFg5aDNmYzhmOXlPaXVqbWdxRXBqWHhJbHBkeVhXWnBTS0hpdDg5YkxqUU9jV2VEYlJyZzM5cW43bFE?oc=5
CNQ.TO,2026-06-23,"Canadian Natural Resources Ltd. stock falls Tuesday, underperforms market",MarketWatch,https://news.google.com/rss/articles/CBMiywFBVV95cUxQY0htbTZYRDNLeURfbEVMb0JnbFRhOTEzOFdXN1F2QXJpaW9WZEg0TU9fYnVoYkNYdWJoSFhGSE5TVC1tZklNOE1rcVBxVEZnazFyVjFyQ3htejNZMDZyT1laT0dUaUdBT2tFcHc2Uk13MkhoRTY0aE1ZakpyZV9RRkNYUEtHT0hJR3Foc2thQWNYMm0wZ2w5RjZOZW5Ca1ZCaTBNVHl5ZmtMVVVfMlpFa29PQ1FmN2N5RENiN0NuR015enA4WlhRU21HQQ?oc=5
CNQ.TO,2026-06-23,"Shareholder Return Program Continues to Intensify, Pullback in Canadian Natural Resources Stock Creates Buying Opportunity",NAI500,https://news.google.com/rss/articles/CBMi6gFBVV95cUxQMDBrRjJuYjlhUGFDNVVqTlBpamxpSjNYR1p1bXZ3SEk3cGhaQ245UWZLMzkxakh3QW11NkxqaW1Vc19wRk5rZDJZZ19rVS1rc3NWemZ0YXExTG1tRHZCT3o1SkZrUWNsVWhsdXpVZEJ0UXdCaDlYRnEtUEIxMWVVWjNFRE1TSnpHczdiTGJpQWlFaDBZbWJ0a1ZNM3hDazZIelUtRGJfTGtmYnlmcVZQNHNsNHdkczFFblhMdTJ3LS1fUnhFTUFTX0pBbEJNVG1YRlFDVGVjOW4xTjVYdDNDX0YzYW56MVBJbXc?oc=5
CNQ.TO,2026-06-24,Canadian Natural Resources Ltd (CNQ) Stock Down 4.0% but Still O,GuruFocus,https://news.google.com/rss/articles/CBMiwAFBVV95cUxOZ2hGM3dWSXdCbEQ2T2xXVk5pWWhaV3pWUHc0b2tjb0FMYnhHb1lBNzE1amNxV0E3b1pYdGcxSG0xMGZZakVITTNzbU0xTFFDZFowZkxmNHBZSXBicXNvRDNLOFU5WTIzSnVxbTNqWHk1dVZtWC1WU0xxVGdIV05BMHFZZjRVZkFGQW1mU3FycEVMNzRTLU5VUUpOUWMzbVhKZloyQnREa0U4clhYTkJsMDZKdE9mM3hQZ3QzZWZ1S3E?oc=5
CNQ.TO,2026-06-25,Flat trading for Canadian Natural Resources stock as C$57.38 resistance caps gains,Traders Union,https://news.google.com/rss/articles/CBMipgFBVV95cUxPNE9fRUpweXBvb1ppT0EtdVRfY29sWnA0TXdNSXJGcFZxT2hadlNvTHZjckhMX1dERmRraWY1dHRacU1FdmNFR1JMVjJHd1RRTnZRX0liY0xXR3BSdFpOemdyQmtxTXk5eXlZLXFhcUFzemJYeGJ1UWlXUDF4d05GTUViT0kwOFkyR25Cak8yWTdkclB2UVFUZndCSl91MUdWdl9yYTVR?oc=5
CNQ.TO,2026-06-25,What Keeps (TSX:CNQ) Raising Dividends Year After Year?,kalkinemedia.com,https://news.google.com/rss/articles/CBMioAFBVV95cUxOX2xJWDVmdk15THF3cE54QmdEUjBpanJPMTVpRHZTMlR0OFd3ZVFxSFVHeDdPYXoxeHlJVnJwQmFQVE9sQ0FLQ3dpZUNRY3FyOGJNaXpGNFVxU2FPMm9TdmpOaUpuWmxuN01mZnd1UjY1bURUSlVhbnl2VHJUc1Jwb3FtYVRxUlpsY0J3WFhRbzJqTHppd1p1cHp2emd5T1Js?oc=5
CNQ.TO,2026-06-25,2 Canadian Energy Stocks That Still Look Cheap Today,The Motley Fool Canada,https://news.google.com/rss/articles/CBMijwFBVV95cUxPRkRNYnRSbkhIMTZxZVVFUlRWRjFUVnFDcFRqQ3pxSGRoNmpZNXVuUDIxVlVmaXI0ZGY3bmF0TExkUUFSdUFEdUhkcF9DMnhqa09PWU41YU9hMk9iX0loTnpJQkFsbEJ5TXlLSC12X3Jqa0NtOGNqcm9HQTVfTXg1YVNuemVHN2ZkZGprejQxMA?oc=5
CNQ.TO,2026-06-25,Canadian Natural Resources (TSX:CNQ) Keeps Dividend Streak Rolling,kalkinemedia.com,https://news.google.com/rss/articles/CBMiqwFBVV95cUxQR0ZZdC10Ql8xUDRWRDlmRXpJbzFGbGxJaFRZczV0b1hvd0FjYjdXWlBJbUZBeEZOSjd4SWhpbjBxTHo4M0diTHNIQW0xQ2hmWGlwLTV6MEt6ZHpYWGV5NlE3OEo5UmVzQ215UkNVLTFJSVhUWHFKd05kU29SVFdnbDFNVTVkYjA5cXlCUXlUYUdRTXZrS0xZQmdGUlUycUdZTTBUbHV6aDdpSDg?oc=5
CNQ.TO,2026-06-25,Why Did (TSX:CNQ) Raise Its Dividend Again Among S&P/TSX Stocks?,kalkinemedia.com,https://news.google.com/rss/articles/CBMiowFBVV95cUxOOEpmNnlkMHdIR2l4WVBqUmpad3JydGpOUDA5RmU2TGxlNkNVUFFmZmJSQ0JuaVpMRE5mc2dXTGswRXpLT3hCQk5kLTdxejI5QVM4SVJDTVVnTHc1YXNWaENGZ1FYUHhRZlFGSkoyb3FKbThVU3d3azFJSzl5ME4zQzlpbnN3dmRhNkV2OWxkRlVRaTVBUXlHdHdDNmduR3BWTFNN?oc=5
CNQ.TO,2026-06-27,Three Canadian Dividend Leaders Standing Out Across The TSX,kalkinemedia.com,https://news.google.com/rss/articles/CBMipgFBVV95cUxPT1RUSWlRb3lvblJkeEJhcElTZ2RPUjdPeG5nYkNZZ1BhakZ4LUoyZnlVOWpiSmNIVGVEM3J4SVFab3RWWVBrdjBiUkV1eWV4WHMwOHl0VGgta0dCSXphRlZvRTZIOXJCZnBUNm9mRFZlaG5tbjVHdUdubUhPeFFwVGExWkV6clNFS2pRa2tnUWhJZFh2VnE3ZkpOV1RSSTJTRDM4SlZR?oc=5
CNQ.TO,2026-06-29,Canadian Natural Resources' Stability Makes It a Wise Hold Right Now,Zacks Investment Research,https://news.google.com/rss/articles/CBMirAFBVV95cUxOYy1pREpfVTFXNEs2eHJRdHVuSTZHNlZ2Rk9PZ2NaZXZRdVBHbE03VlpuUDVld1pIWDliS1VCQy0zRnlFa0VXVHl3VjNiM3hWQXJCRWNnVm5iblNQWVRmbWNGMk5laXJ0cGZMS3RmOEh1RU5IenQ3OEEwWmZ4U2RrcV82REdac3UwRVhWQWdKcXlvYW04ajQyR2RBcUNUNnU1dWhmSVB4VFUybEk2?oc=5
CNQ.TO,2026-06-29,Canadian Natural Resources Ltd. stock outperforms market despite losses on the day,MarketWatch,https://news.google.com/rss/articles/CBMi2AFBVV95cUxOaTBhc01qREJxVmZkNHE3T2Q5TXhmM0lpM1B5dDZPcVJHdGhPZ0RXQUcyd1NaSDNjdzUwdmFBRXhub0wwcWE5LWVVUHAzZTNNMC1oc3VGanM2LVhmYW1FOVIxSENoV2N2LXJHdVpGZV9uNjhPbXBFdllBS0YwelEyOURTYmxDM041ZHByb0dNVUF1R1hGRndfazNHS3VDYkpVSWxhdE1hUllvblJqTTFBdUZUQ2I0Q1psSDJ3X2NnX1E1TTh2dVEwNzJ4ZGFwcVR0S0lkWDVRaXk?oc=5
CNQ.TO,2026-06-30,Is Canadian Natural Resources (CNQ) Among the Energy Stocks with Highest Dividends?,Yahoo Finance,https://news.google.com/rss/articles/CBMimAFBVV95cUxPRGgxTGZER1E5NXZ2VU1zdDVqbjVBOGpDbjFmMFlPRjB2ZlBfaWw0Vl8tRHkwam0zUFRySHFtQlA4aTJzLUpWREl3MzFvTTJMVVEzOEtEbXdVdXZvdk1hNXhDUDBVazBvTXd4bjIwN0RKbTJaM0tJNmVndHZxUG9uaWh0bkJrd09pVnFLOVh2NEFZMjVlUGdaMg?oc=5
CNQ.TO,2026-07-02,Canadian Natural Resources (TSX:CNQ) Returns Strategy Draws Market Attention,kalkinemedia.com,https://news.google.com/rss/articles/CBMitgFBVV95cUxNWEthYzh2NGZ5MDlhNGl6UnlIUWlsclVqX2ZDLU5LZk5nNlN5dDhrZGFhbWs4SDR3TkN0bDcxY281ajBqeE40cE5FRTRnM2FlYXNnN1EydXF3WE95UzNZQTNpMk4xSWJpZktzaVBfYXExZUFQMllyMzhOZmNTQkN5QmFiTVVoYV9pcUNGSW5jZV9DRVRNdWt2ano5RnhmdlRZUWZRZTdwQzhzZXJmREZTLVlWWUNmUQ?oc=5
CNQ.TO,2026-07-03,Will a new pipeline reinvigorate Canadian energy stocks?,The Globe and Mail,https://news.google.com/rss/articles/CBMixAFBVV95cUxNVmJOdTd2UWwxcmZlLUVkNUxubFRvNGVMYVh6SGRhbXJCM2xUdzQxQlBYTjNTWDhOaGVValhuTW81RTByckZ0TGFuS0NrM3pjZ19ZdUdrUlhxUXI2S2FBX013WUo2dEJaOE1QRVBKXzExWWRrWndyWkVMUDl3UThCSnlSVUk3SEE3SmE0Z09INFB0eFRaREVfYzZ2U19MOWxOMVFacnBUUGxVRjVJNERzREV5T2FCekVNS3ZjRUxtTXlqdldE?oc=5
CNQ.TO,2026-07-03,3 Top-Tier Canadian Stocks That Just Bumped Up Dividends Again,Yahoo! Finance Canada,https://news.google.com/rss/articles/CBMigAFBVV95cUxNbEl4RktPV084Y2ktLXBIczBmN18tb2FwSDQxN2VDVk1BcGJ3a0FPY3ZDaGx3NXd5MzdDZVhSYWdhZ2ZXeFhtRExPSXJZVlVsNW1wd2ZJNlZ2OGpTdDlBcWlEeEZrb2wyZmk0aXZYU3MtV0hQMUc5eWtOdTQ4U1dLWg?oc=5
CNQ.TO,2026-07-06,A 3-Stock TFSA Game Plan for the Rest of 2026,The Motley Fool Canada,https://news.google.com/rss/articles/CBMihgFBVV95cUxOclFyRmdGUS00T0lTZEk4T2RqR3hEZldQQ2pCUGMtaDN0a0lER2JHS0dOOE5TRXBSR0dPOVNnMjM2aXRJSnZSZEx6WW9TR1lUVElrYW5Dc1FPQVI0dTQ5VGxTcmJCRDJBN2twZkFOZ0V5R01scnpqVUpvRlFrV1hMMXFuMVJIdw?oc=5
CNQ.TO,2026-07-06,1 Canadian Dividend Stock Down 16% to Buy and Hold Forever,Yahoo! Finance Canada,https://news.google.com/rss/articles/CBMihgFBVV95cUxNWEVIZVFydlhseURLWVFpWXVINXdjMGU3SDRUT1J4XzkyWDBWU0g0NXk2NXBwcnNRMU9QWVVEaF85Y3VjdERLY2I1S2g3aGR3Rmc2QlZ3STJMQkFmZDdFVzJSREJxcWJSa3M1YU4tTHgxc0ljM2s3emEwVU1WWXpkWXdNTWZfQQ?oc=5
CNQ.TO,2026-07-06,Canadian Stocks to Own as Inflation Stages a Comeback,Yahoo! Finance Canada,https://news.google.com/rss/articles/CBMijgFBVV95cUxNcFpPZXgtMXNvTTZFN05CM09lV3JuZzhhOXVLcFR4WmlCZkJXNm00UFNwbVFwU1czTmRNMUt3OGlYUEpsbkpaa09YQkc2VmNtOE0wZEtUdFNMUUp5XzQyR1JtNUwtUEJJQ0NuWGhrUUlMYmUzTVBRcmNwWTlSd0JmVUViVjBROWZyRnNOMUZ3?oc=5
CNQ.TO,2026-07-06,What’s Behind Canadian Natural (TSX:CNQ) Dividend Milestone?,kalkinemedia.com,https://news.google.com/rss/articles/CBMinwFBVV95cUxPaWtVNFNrSHpOenZQOF8tSW5kV0pMMUhtUDRUSlJvOWlJRlBvZVZRd3U5YnBpT2cxNXZ4UDhHYS1iT09jbEg2QUdTRnk5MXkybEVzOEZJUkF5dGJOcU9RWDNvYzF4Xzc2VUJEYUxjRDF3Q1g5b2h3elJBWHV2UW1RT3hLSV9GVUo3YXRRTnl6ZS1pZnFxNzhKTGFRNnRLWkU?oc=5
CNQ.TO,2026-07-06,1 Canadian Dividend Stock Down 13% to Buy and Hold Forever,The Motley Fool Canada,https://news.google.com/rss/articles/CBMilgFBVV95cUxPck5Ka2dLblppQVRMUTAzdGtGLW81T3ZveDJlTndCVmRIRWtKZUhVUC1kVWdRaHI1R0xxaVdpZFZMeUZSRDBQckJNQUwybkZYVnVneGN5ZWxjNXBDOTB5VGNSZWZKbVNlT2RXM09lQ0RsdkF3RnhBYkN6NE90end5Zm9RODExZkU0STROZ3c3TU15dGtBNnc?oc=5
CNQ.TO,2026-07-07,5 Canadian Stocks Beginners Can Buy and Hold Forever,Yahoo! Finance Canada,https://news.google.com/rss/articles/CBMihwFBVV95cUxQdEpTZWZRM0U4WEpKT2pZS2hIb1RpRmQtN2RpUHg4QjlYTGtISlkybjc4bGsyY3BsSzNJX09pYi1rZEc3S3pBaHlWYmw1VVdjbkxPSGN6NzdhbndBUFZRaDFHaEliUnRCaXdhT0NNMktnY2duMzhEOVdxSVhtLUhKNkVvY21xZUk?oc=5
CNQ.TO,2026-07-07,2 TSX Stocks That Could Win Big From Canada’s Energy Advantage,Yahoo! Finance Canada,https://news.google.com/rss/articles/CBMie0FVX3lxTE9SNTZ5a25ZQWZBNVprQTNGd282bzZKdjY0TkhRbU9wNWJtV2J2b3RxRVFVaHRNT2JwdlRwVGpUMVhEVnNXRzdYZjV5ai0tYU9mVmtRU2ZWYnNiREs1WWoyaGdYR2ZLdkxwTklTZVc3bUpBOFFZZXhEUDFWOA?oc=5
CNQ.TO,2026-07-07,Canadian Natural Resources (TSX:CNQ) Charts New Energy Strategy,kalkinemedia.com,https://news.google.com/rss/articles/CBMipAFBVV95cUxOQ2tFUzhGSkZTMF96QWdMY01uVWlrZ3N1R1p5ZVpYV1d0bkZnSlFKSXBCbFFDUWI4NGVENjRkd21ja2k0TlBJX0RiY2VWYzFjb294dEJ2VWcweno3VUpPdTRXaWtTdXVIOTEyMy0yZ1dPOUd2VXVLVGlOcm5lLWhTTXJDakItNi1meHpMSWZsLUliWjhYd0c0MGtMdVVlVHBBRDFUOA?oc=5
CNQ.TO,2026-07-07,Oil And Gas Stocks Watch OPEC Supply Shift Closely,kalkinemedia.com,https://news.google.com/rss/articles/CBMimAFBVV95cUxNa1RlUW9HSzZXUnFSazJ4NE9taHF5Vk1rdTdCQUdKM1JLQkRmSlVkenZ4dTRGOExVX0VGOHRQcWoxRG05eFVTMkRQZHVTQ001SU13QnNQOWxDelE5a0hQaUNfLXdRM2FWZHU1SlVoeG4yUkNnaDVuWVNWb1dTR0ZpMlRUSUhLLTIza281SE9QN1BPcWZrVW9YMQ?oc=5
CNQ.TO,2026-07-08,"Rebecca Teltscher’s Top Picks for July 8, 2026",BNN Bloomberg,https://news.google.com/rss/articles/CBMilwFBVV95cUxPaHQ3MW5zR1MyQk9hYTFsdE9qV0pEYWRsam9XZlU3dXY1TTVfWkFjSlg3Y0NNd0pvM3REcEN2OUI2ZE8wS0lWMjBvcEk2RXJCOWN6TDdnbC0ycGU4a2lEcnVESlhNZEVGeVA2cEJFa21OelkwOEF1Q3RNMk9FQXRzeWwwdnF5M0ZIZm1UdXZXOFlINUJIa3lr?oc=5
CNQ.TO,2026-07-08,1 Ideal TSX Dividend Growth Stock Down 19% to Buy and Hold for a Lifetime,The Motley Fool Canada,https://news.google.com/rss/articles/CBMiqgFBVV95cUxONlJ2bklzNVhaWnRsTlprMDFrd1h1N2xNQks5ZHV6S2lQc0EwMF9SUG40ZzdRdjctc3l5RjlyUXgtT1ZmMHlueDRURzlpRjZrVlFYSEZlMGpvWnZieDRrVy1nTFljaGNKbUdSNkZYOThKMzZCdlZBYmZFSktpSW1BaVFheUJGRm9JWFNzR1hZQ2xad2FqZnI5NlNfUUgteWxFVE4xVlVzZEVYQQ?oc=5
CNQ.TO,2026-07-08,The Canadian Companies That Keep Raising Their Dividends Year After Year,The Globe and Mail,https://news.google.com/rss/articles/CBMi5gFBVV95cUxQRUtXRnNsNXZsT0ZpNUpRWWhNb19IMC1BQ19vUm1XTDBxZnNodS1fZ2REaGRFcTViQUdJZXdWQk5RN1VTY0tWSC1zc1ZqUi1vQTZxd2wxTS15b3NfTDNPZGhudEctVURWeEl2OXN1T1ZlcDU4aFBYRDlrZ2kwajVzNlZyaXMzVlBNS2UtV0llNF9nV2RyRmw2dk4wRHJuUHBzVEkzVWREWnRUOXB5eUwzQ05oRmtUSHVjM2Zzc210eDd2aXQ4WngySjdfNEJISzF4TmlrczQ4NU1LZURoVENpVFJ2YlRIdw?oc=5
CNQ.TO,2026-07-08,Canadian Natural Resources gains as oil prices rebound and cash-return story stays in focus,Quiver Quantitative,https://news.google.com/rss/articles/CBMiwgFBVV95cUxQN3V3U2FrVm01ZXR2Z1NDRXRIcVVpaTRkc3hfYVNoa2VMMmpDYXpxRGhCenUzN1hZSGNVYTVZSnprcnludmdLM3QyZkxHbWxCd3J3RFVIUVlkcl8xNGFtY0hPR0NlM1N5RUtwdGpfMEFHb3otT2hWd1hrYzg1OFpGOGZkclBjalFuQkJSemFXYnd1UmZCTHE1QVAtRG9MNzE5d1hvSXhZclR0c3MtT2lfRFRoblZ0eTl5QnNMalBsOE5odw?oc=5
CNQ.TO,2026-07-08,Canadian Natural Resources (CNQ:CA) Why Analysts See 18% Upside?,The Globe and Mail,https://news.google.com/rss/articles/CBMi2wFBVV95cUxQQ0FVVE9ZbTlpUWdiNk5FV1lQSGpqZXVwLV9JZzZsTUFMR0lnVWlxLXAxcG50RjBjblQtQ3N0TnNLZ2U5bzRtakxiNHBfOXV2bVFnaDlLbXdWZllsQkVPckJIb015UzJLemE2WjczWF93MnVOZjZ0ZllJcFNoNHpJMnh5aHM5a2hCQS14TFp6ZDVuOXc2b0RXeHpTVU9hNmJ5ZXlTUU1mdk5JbFNYak9rVTZjS1lCMmptVmxuS2kxaXZnWFpjYUpqM3FhN3FaOXhXeEdBUlBrMXI1cDQ?oc=5
CNQ.TO,2026-07-08,"Rebecca Teltscher's Top Picks: Tourmaline Oil, BCE & Canadian Natural Resources",BNN Bloomberg,https://news.google.com/rss/articles/CBMi1AFBVV95cUxOdW5EbDJPczFqaHVpSzctTjZtRlZwWE9SQTRmX1F0el9YQTdLVnVOcHJDVGFqOGVGenhSYVFnNjR0ak1ZRjJwYmJmOUpIUkRZaVJ2emNsSGNpMW5UZFJsbEd0bjJOenpVb0tNdHk4bjR3Rl92LVhfSzZLZWVrYmcyNkRCMDc1RS05MDBmTmNNUnB6blZDbHdMLUQtV2EwdFd4SXc4ZFNqN1RNdTM3LW8ycmZvNVpKLUtfaGowYkpYcTEyTzd5X2lia0NMaWVaY2drclFRNw?oc=5
CNQ.TO,2026-07-09,1 Canadian Energy Stock Positioning for a Big 2026,Yahoo! Finance Canada,https://news.google.com/rss/articles/CBMijAFBVV95cUxNeHNOUXZnazVNeE9XNnhtMjJ2WFpoMXdZb0R0RUxqRjItTzdfQll6dXVuNnlOel94SHktbkdxeWJ1akRvaVJKZzdpQ1VfRGR3MllQWUNTRS1ZcGhPR3JWM2tFRTZ6S3NEdVB6U21hYkxJMTNJSWJGTTZjNEpacGFvT0NVUXlSQkduY2stWA?oc=5
CNQ.TO,2026-07-09,Cenovus Surges 85.3% in a Year: Should You Buy the Stock Now?,The Globe and Mail,https://news.google.com/rss/articles/CBMi2wFBVV95cUxQdlBJc2k0M2lfYWVmNF9EN052c19EMjBMYkdEQ0ZOVFFKRnU1THkwX2dMQjVid1NNTEtYeVFPNWxqdENOTl96MENiXy1iRi1IWVRyM2t4dUM2N3RWR2Q1b3dPR1ZIeE8zZnV5ZEhnaHpYb3pFOUxlY01aUDhJYlRmZkNFWnZISzZWOEVjNEhkcWVZTktFQ3g5UlhCeFZxcW9qVmt4VjZ1NHZQb1JuMnFTUzBuMzd3ZldydDAwRkdSUlQtbUZ1czBobjNwRDF3LVhmem1hQ1Z1ZGRMWGs?oc=5
CNQ.TO,2026-07-12,Canadian Natural Resources: A Dividend Machine In A Volatile Oil Market,Seeking Alpha,https://news.google.com/rss/articles/CBMirgFBVV95cUxOdmozVWJoaFVJVVg5RGZqak1TV1JHck12LUc0Q2U5TXV6a3psNTdWRTdxVFpoREozd21YSVNpZDVDc0pKOFQyTy1KYlp6WDlfMEpkRWFnMXA4OHV2aG9sN1luNFJyM2xuZGtMLUExY3FtTFVvZkJEN0tEbDJ5M3dTUXk1S2Q2X3hQaExNd2VHWmppMHh5M0V6aFZrNGRONUV0VUVRYWxZaU1sSVc2U0E?oc=5
CNQ.TO,2026-07-12,Canadian Natural Resources (CNQ) Edges Lower Near Key Support Zone - IPO Entry Watch,dars.gov.et,https://news.google.com/rss/articles/CBMiqwFBVV95cUxNeDViME5DT0s1RWZfZV9EMzFKSF9QblhCbzdZa0tjOG9JUG9UUDFuNlcxSWNEZUtGRUlUclJxZFJnMVVjdnVpV2NlNjJxVVZtRnBrMzNubzA4U2k2UXV4b2xwWEU3ZDIwVDhFS0xKaDFSVDlvaDZPY1dwSjVIRG1fYnJQSjVROUthVllIc0lOUTlnaHZWT1lTdzl0TVh4SnFVbURWTDdTNHJ1ckE?oc=5
CNQ.TO,2026-07-13,"Canadian Natural Resources (CNQ) Jumps 2.97% as Energy Sector Momentum Builds, Approaching Key Resistance at $45.2 - Flat Correction",dars.gov.et,https://news.google.com/rss/articles/CBMi4gFBVV95cUxPbHRrbkp0LXNERTdZbVJIRGtRUE10UHZ2UGp6QUUxUmlyb1JYeW8zWWtmNzhxNGpBYXhVbW5HS0p3MDBrZlB6SXlORVNrYWpEUDlvSF9JcEFTT0t0dWdYMElVMEtKenNnYkxneVBtZFd5ZU9naENDNE94ZmdtOHpWNHRydEM2STN5WTJFU2IxTmtOU0c1OXFfZTZiVWcyV0c2bHpjd3RrcGY3YlVWVW5wclBud2FmNVJ1ZmZQNmdnWnBFTE9oOHd3bGtmU294VHRSOU9OcjJmRmlaSEpWc05XTWd3?oc=5
CNQ.TO,2026-07-13,"Canadian Natural Resources (CNQ) Jumps 2.97% as Energy Sector Momentum Builds, Approaching Key Resistance at $45.2 - ETH Profile",vinanet.vn,https://news.google.com/rss/articles/CBMi4AFBVV95cUxOcTJFeUhxcFE0VFYtNkwtS2NKYTZiV3lBNmxNbEhpb0xCOFppTmRKVEsxbVZkcktWRTVzQThVNVNvSjFhSnRHcTUxWU1WWUU5MjJJQ0phVUh4dXljU3FEQk9yY2Y2ZE1UMklZTkF0M3dFYVRLMFRHQnF6T0ZYSU9IcnJ2MUxOZnA2QjBsX0kxYmJ3RWstTE8yRTVYbHV1N2lKNGhHVEx4dUFfSlU1WXJCMkpscmxZWEJpenF1eUFLSGtmS3ZOdmgzUjl6UVBkTUVfVHVEUVp4TTBqNFpNLXZTaw?oc=5
CNQ.TO,2026-07-13,1 Dividend Stock That’s Been Quietly but Constantly Raising Its Dividend,The Motley Fool Canada,https://news.google.com/rss/articles/CBMiqAFBVV95cUxOdkJpeWJMM2p2MnlkY3NpLURVbl9YT0Z5eFh6bHVrZzZRd290QkpaNnNITjZJQWN3VkdIazlYbE5VbHRKWUNWaHZqbHRldDMwd05IMFF4M0FsUVBqUXdNTmRZbVVUV3Q3RERRTzBDdThNak9WOE16eEtadFNmWmIzZHlkbXlNa24zMk5zWVlNa0NVUGg1MWVzY21CZnkwSEVrTHdYQklzSm0?oc=5
CNQ.TO,2026-07-13,2 TSX Dividend Stocks I’d Hold for the Next Decade,Yahoo! Finance Canada,https://news.google.com/rss/articles/CBMifEFVX3lxTE1oOEp6SlI4SENnNGlVeHpvM1ducXQ0cWp4dWhYWmdMXzZQanpvNHFya3p6ZzNabVdfS1RJNUpMWnZJNkN1Q1FBa2hvWk1HRkxFTFBzZl94UXgwREdpWVFZNzRnMXNyd19tRy1QQTd2MV8yMEVmSWZTYjFPalc?oc=5
CNQ.TO,2026-07-13,Canadian Natural Resources Remains In Focus Among Energy Dividend Stocks,kalkinemedia.com,https://news.google.com/rss/articles/CBMitAFBVV95cUxQbktQRXlhcTlTRzJNQ1RnOXE5bmNNZWdXZW1WM2Z4MXAxZXNLaGdJMU1BU2lOSzlhVEpyanlWQmQxMktzM2RDblppWjNjS3VCTVRIdWszUl9OdDFKclhqMlZWTVlhZVllWGR0a28zM0FhX3l2R095M2paaHFMSVE3YVpfdXJoV1lsek9UVmZkVnBIU3Fjb3FqRndhMlBsZzhtdTk3dXJyV3FoTzV1dXREYkwzbU0?oc=5
CNQ.TO,2026-07-13,Canadian Natural Resources: Buy This Oil Giant Before Returns Accelerate (Downgrade) (CNQ),Seeking Alpha,https://news.google.com/rss/articles/CBMivwFBVV95cUxQUUZSRzhtS2E0MjJoYjN3NDUyNmZjU2FFS2xpMm5ZYV80MU93ZG1ZVnJjRks4M0ltYTEzTzdPbTgwNnE2MndSY3NmREFEUFdCQ1J3SUpXZUJFYjF6RXRSeGd0V1llMnNCZUdjRS0wYm95amJYU3JHa3hiNjBodTd2eWhPZnc1MkxiNGRtZ1g1R3ZKMl83MFM4ODByY1FJd1pTaGJmNmRhNU91SmM2LUMtdmVRWHpHQTQzM0NFNnZoaw?oc=5
CNQ.TO,2026-07-13,Why Canadian Natural Resources (TSX:CNQ) Oil And Gas Stock Stands Out?,kalkinemedia.com,https://news.google.com/rss/articles/CBMirgFBVV95cUxOMi0zUnBrMlVjWjE0dnczczFsTU1kNXBXbzhFTGlVdzRXM0NDS25JcTJERC1ORUxET0lQN3FURVpIa0pTb0pVZnpYaE1zTmo5NnNOZVl2R09WbjJwQUg3ZXNoM05YbURsWTZkalZhOWdjVTU1Z21aX2tFaHBQSjlxci1WUmhXZDM5cGNRQ2lyYUQ1X2tlU2U4UVdyakl6NlhMeGM3OG05MDNzN1RoRWc?oc=5
CNQ.TO,2026-07-14,2 Dividend Blue-Chip Giants Looking Ideal After a Recent Pullback,Yahoo! Finance Canada,https://news.google.com/rss/articles/CBMiggFBVV95cUxOeGhpeGc2dWxYOXY2OWtiTFhBeUpMY3dSVmFfSUlLOHFtaDZnRk1zNmFCQW0zeE11QldhOVItYW9CeEpFVkVWZmtZWFVremRKTkx6aU9oSkp2WlZXNEtFZi1mOU82MzhNSHRzZWhZQUZ0RWtTSmF3SlluNko3eUI2d3BB?oc=5
CNQ.TO,2026-07-14,Will Renewed Middle East Tensions Benefit Cenovus' Upstream Business?,TradingView,https://news.google.com/rss/articles/CBMiwAFBVV95cUxNVXdFZGJSU05wR2xPcWVjZEN0R2N1cElaTjZjbVJiakdXQzhSQ2hZVEhONUpweUg3RlJWQ3M4SXduUUJ5ak1FOTdIYnJSem9hY2JYWHlXel9VUk0tUm9rNWpWMmdRWXZCZ3pETDdmYkwzcVhWT1RiX21NR0Q5RnJFT2xJS3F6cm5yRXN3RjFMdnRHWmM0RUt5NDlEUlZpdWNYX2Zwd21IQlFCQWNPSW5SQlhsaDFrTmN3QmRpU0JfZnM?oc=5
CNQ.TO,2026-07-15,1 Canadian Dividend Stock Down 14% to Buy and Hold for Decades,Yahoo! Finance Canada,https://news.google.com/rss/articles/CBMihgFBVV95cUxQMkpUWW9iOVZYc3Mxem10RFI0TmVnamhSb2pDaHFyWUROaHVaUmh6NHZJZndBSWhTM2YzYnZFRXFTQ19YaHZWRlFsQS16UGZ6aUlZX0tTczVaZFRwekRlZXJsTEtOQW9DUnNzSGlabkVkX1pNSzlLcmUxdFVsWlF6b1VabTg1UQ?oc=5
CNQ.TO,2026-07-16,Three Canadian Stocks Supporting Reliable Dividend Distributions,kalkinemedia.com,https://news.google.com/rss/articles/CBMirAFBVV95cUxORkJiTWtmRGlpZk5vX2p4djFxb015QmxSNVA0MlRQaG5BYU5fdG9DRWZrNmhvam9TWGlOSHJwa2ZPeUc0RXdMRnBJVFdVSndtZUxVYlZMSk5QT1NFQVFKcGtBRHZiRnl5SWR5Zm5HejU3MF9vai1za1JJaGpLX29JbU1iWV9MeDRELURsZmNyZFJGaVdPTmdNYVFGOWtNaXlZdHh5U1E1djRpOU55?oc=5
CNQ.TO,2026-07-16,Oil And Gas Stocks Track Canadian Natural Resources (TSX:CNQ),kalkinemedia.com,https://news.google.com/rss/articles/CBMiowFBVV95cUxPcFhaRU9iUDltdTBMcFZjYzI0NFVyX1VCa0VudFpJVUdVX0ozMnA0dm1kTjVLbTFmZXAwd2o1NHVqcFJ6THliSk93NHBJOG0yYnhLdWhkOHlwT1pZWHpnamxkZk4xX1RRY2h2YXFpSnNPb29QZWtnSUstaFZlbWJQV1VDckM5d1ZlRTlrX2JPYU1RQnE3dDZEamdQMmFTaVpzS3Zr?oc=5
CNQ.TO,2026-07-17,Canadian Natural Resources (TSX:CNQ) Advances Oil Sands Performance,kalkinemedia.com,https://news.google.com/rss/articles/CBMiqwFBVV95cUxNQS04cmN6bFRKTnJqblRBUGZrSlZjSlBBRy1WYWNxS2FSbVlnbkpocFdrUzFtVmJvSkpfbnN0MXptUVNISEVpaHFDRlluZHFhNWZiRVRzTW1kQVNSZThPRWdYT3VnS21lQ0lfSWJ1Y1o0TzlPblRfS3ZCYzdRTm9ZdUZBR01hblJtX3lpdTRRZ2IxVlgwclVBOGlEUTYzY3lVVDVqS3RWdUd5Vmc?oc=5
CNQ.TO,2026-07-17,"How I’d Invest $50,000 in Canadian Dividend Stocks for Lifelong Income",The Globe and Mail,https://news.google.com/rss/articles/CBMi5gFBVV95cUxQdVZiQ0hpa3J6U0NPV2c0bGI3UW1kX0dVY1VmWEFpNWR4VmozM2d3bGRFajY3d2VFT0swZjZoODZFQW1IVVZYTlVPWVk2R0stQ0ZDV255QWZwXzlfX0Y0MzdnZXNBaTM0dnVFcE0xNTdPNWhKZFlxUWRxVFFUNmtVbEJCazluWVJnaG9XcXIwMFd6ODVlcDg3dzVtOUdBckRwQ0xQdmNMaGIyaFJyY0JmaDNMdXRwdkIyZkxmenJBR0VKa3lLN1QtSDRjQVRod19TV0NMbGQ1UDRlcjc4aFBmS1ViZ3Vidw?oc=5
CNQ.TO,2026-07-17,1 Canadian Dividend Stock Down 15% to Buy and Hold Forever,Yahoo! Finance Canada,https://news.google.com/rss/articles/CBMihgFBVV95cUxNd2EtNGVqM2MtYlJ2V21rX2ZfZlQwbjJ4TXUySjlJS053Ui1mcFBRaVpOclBCeTU5dEs2Unp5T3RpMjB6RjJmSEZfZmNBVlE5bTFtNWxDRE9DLXdSZEc2ajA1dDB5bUttTzFjWDRhcEpZR196RkpnOFAzMmhHaG0ycWlkb2JUdw?oc=5
CNQ.TO,2026-07-19,Why Canadian Energy Stocks Are Leading the TSX as Oil and Natural Gas Markets Stay in Focus,kalkine.ca,https://news.google.com/rss/articles/CBMivwFBVV95cUxObXRRYmpncmtPbmVDYTE5b1JmQmFHVnRQWEtZQ2JBTGxQeFVEMGx6cVhNYkRidHNtTno2OUNfMFc2QmVOaWVVZG5vNFZneDJ3cXo4X1BMb0pCZi1hcEYtOHh4M1ViNDRJVFYycWpYYnk3REVROWhxUkpNQVAzSFpqUnZyMnVqbGg4OUpNS09xWkFyWDAyVzJEcDVVUjNWM1hjNklGYS11NzMwRl83cTJvUGVPZnRJdW5XbFRYclZtWQ?oc=5
CNQ.TO,2026-07-20,3 Canadian Energy Stocks to Watch as Oil Headlines Heat Up,The Motley Fool Canada,https://news.google.com/rss/articles/CBMilwFBVV95cUxORV9WYlI5VlNiRFhNcUFDN3RYQk12aDY3bnQ0WjhCbnZHbWtrUnl2ckx3RWxXMDVUcmhhRDg4YXg3WXFISWJ3dnBUV3hxVzA2TFVpdkp0N1llWS13YlBTMUxHRnZWOFI0MFlBTzAzT2pkYlZqanlVd19PY2xZcUJIaGVZMUhpa1dmdGJ4Z1d1S2gyWVkxLUlr?oc=5
CNQ.TO,2026-07-20,Dividend Investors: 2 Blue-Chip Giants Looking Attractive After a Recent Pullback,Yahoo! Finance Canada,https://news.google.com/rss/articles/CBMihgFBVV95cUxNcU9xTFk4MGlpbUlMNVk2VWRaMXdOTTBtYUlPaGcxSUNGU2hSaW5RcnlZOUVHWkFwVXItUFdHRFRwMXY2blpqYXRKMFcwbXJMUThrRnUyMkR1Tk4wbEJ1RG5EdXNkUEZxLXNWV1BDa1IwOE9WaHhMODM3ZVcyNjB1MDJ5NURPZw?oc=5
CNQ.TO,2026-07-20,"TSX Today: What to Watch for in Stocks on Monday, July 20",The Motley Fool Canada,https://news.google.com/rss/articles/CBMikAFBVV95cUxNS2cxdlkzQmlOaEpscGFhLWUxYkEzbVRLOThsY2huT0prRmpZSU1vN29TZlZPellsakJtZHdtc1BYSHUzdHBGQURLWXptYmNsT056SkRkN3lZbjh4ZU5rM085RC1vdG9pU0tncW5fQUF1Y0gtM21BaXRhZU5VVFB3SnpKcVM4OFJ5dGVhV3BhQW0?oc=5
CNQ.TO,2026-07-21,Has Canadian Natural Resources Limited (CNQ) Outpaced Other Oils-Energy Stocks This Year?,Yahoo Finance,https://news.google.com/rss/articles/CBMipgFBVV95cUxQdXhxU0dIcWtaYnRDS2ktMmxyeTZ0dlNzUTlrREJ0V3QtNFNTdzJYdGhLeS1zbGRTaXA3akwtcF9iWXk2RDVOY3ZNQWN6MFc3eVZ2UnlMMElhSWs5R1JFS0JUVDFJcGF3Tk1SWVd0QmpDYjM3MUM5VGRWQnU4ZlRnQ2lXT0RxUFFodFUtRmpFTksxVjRQYzhtcjZDT3JhckRJNVlZNmhR?oc=5
CNQ.TO,2026-07-21,The Canadian Stocks I’d Be Most Comfortable Buying and Holding in a TFSA Forever,Yahoo! Finance Canada,https://news.google.com/rss/articles/CBMiiwFBVV95cUxQQWlucGRMWW9qWmdPMnNKa2Q5a2FwTWk5RDRqXzJDX3pEZDhnYkZYV3ZvSWFDUXVUc010MjM2d0R2NzJIRzFMSzRtSHd3OHoySldWZ3h5QWE0NUhOb080Vk8tWU56MGJQeEJEX1BRZ0M1RGtub3lxN3hNMjJFX2N3M0dPc29MTlFvajRZ?oc=5
CNQ.TO,2026-07-21,Top TSX Dividend Stocks To Watch In July 2026,simplywall.st,https://news.google.com/rss/articles/CBMiuwFBVV95cUxNNU1FSTc4ZGxkYlBlQUpjUkRwdG5iMWY4LUVYbW05OXBLZ0NxTmUzYnJjSEg5YUxlaWI1RlQ0TnhrOXVIbU13MTdmZGttUG0xbnRteWI5dW1qWm5QbVk0WVNpclJ1aWdNdXNBNnBMTjBJUzNMZVdsSHNfRkNnMlZoXzFaYVZGcEdKaWc1dmNyUDZoTjJjUmxReDVoQTcwcFpZeGNlVUFrRHhVdG1WZk15RTVTaWZEQjlJNFpn0gHAAUFVX3lxTE9uUGp4QjNXVTU5SjVfcVNjd0xOTlk5WHY4X1FBRXQ2blY4NEpESXpQQVYtRTF1TWV5SWtOazZyS3lFNGpER0E5T2tkaW1sV3hqV3JwODB0ZGpoSUZ3eFN5dGFUcnJyUnQtWG9WWnVGUjlMNTQxVFNyT0NvbFNicGpCMlJ6Wk5QUDBGN0RyR3hZbF9SRF8xU3VOTGhzQmdRdnRHZk5HUnlXTVQzcmNwRGRSSWVXUGNNTDBBdzhrRWhZQw?oc=5
CNQ.TO,2026-07-22,"John Stephenson's Past Picks: Canadian Natural Resources, Headwater Exploration & Tamarack Valley",BNN Bloomberg,https://news.google.com/rss/articles/CBMi7AFBVV95cUxOQ29MckZYbkpwRnlJN29EZGh4dkI0YVpHcXRtYmM5M1h4Z3VIT0lCMS1QX2JCQko1YVM3WGZXc2lxeXd0TjVNcDRDY0R1TWNWMGRGRUxZQkVsNW9RUnlNLTFrVWJmYjFUVUhGTG1qcTBOQWxfZ1dGeXd6OXNpbHFlQlNsZ1N4bTRmNUwzOTlDWXd2ZXRWc2RRcHFMWWZoOHhHRjdFcDdhRUtwR2d3ZUFYdDl1cU5sYUtMWkhKMk10Yl9pTWpDR3ROaDZPZ0x2X21mdWJkeXBhMktFeGpiWHBQZk9RNU9rU3BGX254dQ?oc=5
CNQ.TO,2026-07-22,Canadian Natural Resources (TSX:CNQ) Dividend Strength In Focus,kalkinemedia.com,https://news.google.com/rss/articles/CBMipwFBVV95cUxORTlaR0ZDZThWYWJCSjNRaFdaOHBjYlZtdzNaMnlMdG5mVmVfeXBYMGlZZVM5OFg0Um52UHR3OWlybUNfeGFDbE5vaUd2Mzh2UXVXcFhSX0pnUnMwQXpUMlpMeWFsT1I5dk05UENBOFV1WjQ2em5hR2RWZG5XUXRYLWdtMWU4VVRXNzNYMHRnMVRaaWFrNDBuNEQ4TGsxVXplVE9sa0JTNA?oc=5
CNQ.TO,2026-07-23,Canadian Natural Resources Stock Climbs 7.5% On A 6-Day Winning Streak,Trefis,https://news.google.com/rss/articles/CBMiyAFBVV95cUxPUkJGb3UtZ0sxMVBTajk1U2lSVEFOLWJZcVVncDNOaWV5MlRpbk84dEEyaFlDSkV6YXFtWVVJVHpkejJVUEFVNnF6X2RvbVR2Z05UdjJ4RldZb1pzaHRZV0JCNXViX0pxQWlYR0VKWkFqNEJVYVVEV3VtX0lXY3hIb05zM21PRkpNQnBzWnpkUjJCZzhiUjhIR3JxWFpOSmltd3hRSkpHd3NOVmE4YTY2UkFBNlFjUzRWeXB4MmFBX0FyMjBOb0pIaw?oc=5
CNQ.TO,2026-07-23,Suncor Energy (TSX:SU) Attracts Attention Across Canadian Energy Markets,kalkinemedia.com,https://news.google.com/rss/articles/CBMisAFBVV95cUxNTGN5ZWhQYWJxbWVCS3FaR002RWd4eW9VZThmdDNRLVhoY3Jqck54YU1kMjNrYi1JRGpxU244c09fZTFGa2swbFZOZFZlVTBqemlld25RbFVUYWZwcDdMS0xJZXRoS1lpamFURmRldzhWQk84M05mYXA0c2R4bVlxczlmRTdPNUNBSGlSbGRUWmtPYUxlbEMzdm9BSXBWZ1VXS2RsOVU1Ym1CMTBHcldRZQ?oc=5
CNQ.TO,2026-07-23,TFSA and RRSP Investors: 2 High-Yield Dividend Stocks to Own for the Next 10 Years,Yahoo! Finance Canada,https://news.google.com/rss/articles/CBMigAFBVV95cUxOQmZDZ3BySWxSVUNkRTM0QUFjdURSYm9PSEJ2UUh6V3VEVTZBbmhGaHpTemdyYmJDSGxwS1NyTEVYTHA5WENsLVlad2E2ZlJqTDhNdXdWdVAzX0pUeHdPTU1zZG1KWjhnSU13NWJ2eGUzQUNpYUhKZmY3N3pHQVk1MQ?oc=5
CNQ.TO,2026-07-23,Canadian Natural Resources News Today: Key Reasons Behind TSX:CNQ's Strong Performance,kalkine.ca,https://news.google.com/rss/articles/CBMitAFBVV95cUxPeDJXd0dHMDJzS2ZHb0drWk40Y01uMGxFWDNoZGdjTmZoSWpMOVpYdHQ0Z1NERkR4cTJNaXV6Q1hQMFRRYU9jS2VFclo3ZWdyYWNFTnJRcGJlVi1tSzctUDdmeEtWNVZ1d2k3SnVfMHktaEM0MDJXckkyUVNxZVdMNmJvQnZxSU1JaE41NkRJZzc1SHZ6YThrcWxZbkNHQ3JRSDRaZ3ZDZlJQd3FSdEd6OGFfUFU?oc=5
CNQ.TO,2026-07-23,How Much Does a Typical 45-Year-Old Alberta Resident Have Saved in a TFSA?,The Motley Fool Canada,https://news.google.com/rss/articles/CBMiqwFBVV95cUxNdHZBbHVNQ1hxQUdqb1g1ZnFIeEtqc25YQ1B4Y1hfelZYdWRKOTJYVExpQi1tNkhsSmVjRmxkd2NUVFlzT2h3dXVBaENhWXdRNHZlOXBaRzBFM3ZDTFRaYXkzRDlrQ3NMSldYYVJRMkZiLS1WNmR0LUhFZnV4RUJzak5zT2d5ZU9LeVdBeWVpQzA2QTJvLXVOR05maGllam96SmszQzQ3TkRzMWc?oc=5
CNQ.TO,2026-07-23,"Canadian Natural Resources Stock Surges 7.5%, With A 6-Day Winning Spree",Trefis,https://news.google.com/rss/articles/CBMi1gFBVV95cUxNbTVRcTd1ZTVWenNCSHV0aDZURFBEWFlmQ2Y3UWNsN0tPdzExV2dVbkZQVkh3ZjNFempPU3NSUU9hR0pRVG9HVEJ4TEJmdkV5UDJFeHBIdEZ0NVQ5VGp3VGdqNkxWSXIwZkxmYWQ5N3ZfRDQwZHUxOUQtSmJvem84MW81TTNVZ184ejBETDNOZUQ5UWtoaUpsUHp5azh1VThWSnpndlJaY0Flc1VqOEVaSm0wdWpac0p5OTRlcVk3bHJmamo4WXNGcm8ta1prSDVRdTRaeTVn?oc=5
CNQ.TO,2026-07-23,Canadian Natural Resources (TSX:CNQ) Benefits From Energy Tailwinds,kalkinemedia.com,https://news.google.com/rss/articles/CBMiqgFBVV95cUxNUVg4NDFDU1A2cTBOd0xrcEJOdXJqdFR3RWFOQmRGNjJqb1hUcm1OWjNRQm1jeGg1TmwtcFhpRWtlMnVWQjVwRFVXczFsdXdWUzV3Nkd0VE5DSmJSRTg0MFJZb3RNQmZ2Qjkxdm5HTlFVN054UTdFdkg1SW05UWE1eUtUbWF6bXpaMEZFNXljODE1ZGp2WmZsSWZybkxIX2t3VDNXS0JFVXBfQQ?oc=5
CNQ.TO,2026-07-23,Canadian Natural Resources (TSX:CNQ) Enters The Dividend Stocks Spotlight,kalkinemedia.com,https://news.google.com/rss/articles/CBMitAFBVV95cUxPSjRiOUltTmtITWR0eE1FTTJWU25TX2tFQnVLcFl2S29xSHRUc1YwZHNpNEVLMnduOXAtRUZzZ1FxV05aZTRBWEFmcHh4cG5Wc1FtREJyTGhMamo1Ty1tZDNJSlNIb2RnaVBjTFNjNmNTMGhrcXNMRm0yVXNXZllfUktzWjJ6a3JyaG51N2tVdzhBb0d6Z3JlX0VyNURXRzg2Q2d2TWJsN2hLX09FeXpOczUyQ0c?oc=5
CNQ.TO,2026-07-24,5 TSX Dividend Stocks for Steady Cash Flow in Any Market,The Globe and Mail,https://news.google.com/rss/articles/CBMi2gFBVV95cUxNejhlLXpnUndhb3JoZjRKXzhBX08wT1Rmd3NHeXpLWm1uQnBNdGJHb1Jqb1ktNmZ4MS1yNHN3dE5rZ1pfaFRYUWw4TUhCbmx3UW0tTjBVT0xiNmJGczdPQ2tjeDJxakRwclFYaDFhQWpHNmNNYlB4VExvNXlUV2xnclNsbkE1NzlKeGVRenlKUV9faWxKSWtrRHZINUVVV3M3LVhsYkRxeVBPMjlsdjBNb2lvLTlSbk5pTGtVMXV0bldSelhXdER1SVBBUHF1aHVKb3NGangtLTc5dw?oc=5
CNQ.TO,2026-07-24,Canadian Natural Resources (TSX:CNQ) Could Be 8% Below Fair Value As Buy Rating Lifts Interest,Yahoo Finance,https://news.google.com/rss/articles/CBMioAFBVV95cUxQaWdLQ2hlNjhGZzBNbFRKcTR5YW5FNGg0RGp3NkxLbUhwd0FGSlY1U1FNemVGM1NjcTF2NnZfRXNqVjFoZUhsYkR6ZjdOUmxfUmNoVkFCaGc3N3ZFOTViR19LcWFPQldTbTlJVmJ0MHhGd2RWOE5uMV9ScHFkaUJhd0JXT2gxc0ZBeHJsVDdlT0YyaHNNdFItMEVKWnhPMGFu?oc=5
CNQ.TO,2026-07-24,Canadian Natural Resources Stock Climbs 10% On A 7-Day Winning Streak,Trefis,https://news.google.com/rss/articles/CBMixwFBVV95cUxNeU1leHMzMmwwOEdfbHA2dUNLN1pEeVdReDUyYVBMdnhqNFNEZ041c29rVDAtTUJnLV9rQnNIdFVJQUJabjFiN21SYWVLY3NOVEVZNVQzcUJPWTUyb2FxSE8zRUt6YXh2a0hqeWtSR3NRbkVGYWp0NTNqektna3lDR05Lak51bncwNjZxTjJjYll0M0lodmhmRXJDNm9RS18zT0Z6eHVpTGJJT0trMkRIMS0tdEVkNEJsdkdOUlZNRVFwYXRsTHNz?oc=5
CNQ.TO,2026-07-24,2 Canadian Stocks That Look Ready to Break Out This Year,The Motley Fool Canada,https://news.google.com/rss/articles/CBMilAFBVV95cUxQaGFYV1FYSEJWc0E4TFdEdlRVOFd4ZGc1Yjd0MlRON2xnVndBTDNNWDNDZHZuNTJnMXhSdHQ3QlkzUVIybmRlZDBYZ3phQTVsbVVzeWVhbmhQTExRVDh0U1Q1am9IdWEydk5oRHZyeVRxY2VaRHp0SUpQOTVmWHJ1ck9hUkpwUEF6UHlYay1iRVcwdjhy?oc=5
CNQ.TO,2026-07-25,Canadian Natural Resources (TSX:CNQ) Stock Still Looks Below Fair Value After 308% Run,Yahoo Finance,https://news.google.com/rss/articles/CBMioAFBVV95cUxQRjJZOU82MjRmMS1HSzU4MTRyeVlMeGN6WDc4NmZYSV9nTWtnUkQzWEZGZ3VjOVpjYWVmN2dubkFaTFNydUJYR3RZRHFPR2FLMTVISGxZWWRuNWxMZ1ZyUldXRjlrRkV4Y1N0Nm8zb2d3UU1LaEVTQ191b0NnWWFuMElQTFpVbFlmTlVVYmJhQ3hNLW5Vc2lyZmZfSjlseGQ1?oc=5
CNQ.TO,2026-07-27,Canadian Natural (TSX:CNQ) Eyes A Deeper Push Into Gas,kalkinemedia.com,https://news.google.com/rss/articles/CBMimgFBVV95cUxNRDhWc0xpTHRzbDh4MW9xOWdORjVGY3VBdFNHMmJnWlpIQ0lURDZjRnRPU0dUUUVma3ZEazFSTG1SY3BOanR4SXo0alBSX29SYWZOdnVYNHRqYUFuLVNBam5xT05USElKdjlXUGFXbGhZM2pGTVFSSTVtNjEzQ0JIZS15R1RURFZnTG9ybkZOS3d0WkNuOC0wMkJn?oc=5
CNQ.TO,2026-07-27,Canadian Natural Resources Falls as Crude Pullback Weighs on Energy Names | CNQ Stock News,Quiver Quantitative,https://news.google.com/rss/articles/CBMiqgFBVV95cUxQTGRrNUlLYmtCdmZleXh0OTlzenhpVVpBZlRGV3lka19LYUxmaFI4RnYySE0xQU1CRTNnWnZic0VEaHpGTE8tZktBNHJwb195WV9RSGllYUZoNXdNLV9qMzlKb2R0Q3pkQmdCY29rQzgxOUJzRFZUNmpLZTR1YlRWbW5hQWpMVEJLbEdlM0pxQ2l5Y3RYVGw5SVh5cmVPZ3NabFhoYlZZdmloUQ?oc=5
CNQ.TO,2026-07-28,Canadian Natural Resources (TSX:CNQ) Emphasises Oil Sands Performance,kalkinemedia.com,https://news.google.com/rss/articles/CBMirgFBVV95cUxPTXFGNjFMT01JWEtyWlZjMmRWZlZaLW5HMjVjWGwzX01zSjVrSGtydjUxaGpvbUpNemNmaF9mQzhpUzhrV3pHY1Z3VldNVG5reUEwTGNXN3lmdmpCdS11S0tTajJUc1FiY0x3TGJiT3FPaG9DdG4xY0lzckdJcWNVU0JadXN5cTBNQ0kyaDFiaE5uSjQwZzBGQTVKX1V4azhpTVpTM09zYVREc0hrbUE?oc=5
CNQ.TO,2026-07-28,Canadian Natural Resources (TSX:CNQ) Retreats as Energy Market Volatility and Cautious Investor Sentiment Pressure the Stock,kalkine.ca,https://news.google.com/rss/articles/CBMi5wFBVV95cUxPR1NxWkFwUGRSczduaGk5Tk4tZl9HWXZ2VC13V2FfdURYY3gyT0NrdmpBQlZjUFFNSHFGNGVCeEpPZnROSndGQWlwREhTM2lXb3djd2hLSkdjeDBZU01IbURFX3h5VkY1ME50S1pxLS1heEN1bTdSUjNCU1p4YzktUU5sMkNLUnVSV0NrMHZsLTZNdUR5aDdabTJjSVlHQ3Yza0p1djlORjdEYWg3MHM5S3RDUG8xUjhfZ2Y0dnQ1amV3azF4djFSbkV0WXZFMUI4cTJMa1k4QlhfV3FaNEgtekVhdkVVZ2M?oc=5
CNQ.TO,2026-07-28,Why Did Canadian Natural Resources (TSX:CNQ) Stock Drop 3.39% on 27 July 2026?,kalkine.ca,https://news.google.com/rss/articles/CBMipgFBVV95cUxOM2lHal9MdnpsdC1NYzdQbDhVRVJCUXNmR2ZnMjRJV3JFOTdxeWctdENYREFIa1pYbFY1Sl9LTzczaHo0dTVMZ2tkME5mekxadVF0QjNocXRBYWlSV0NsalRIZTE0SVR5YVNDdTNJVEVpZnVXX3BKSEhhX3RTelpaY1prY1BLTmNOS19BaWh6NnNrcEQtRTZoZ3FiakdxbGVZaHlGNnpn?oc=5
CNQ.TO,2026-07-28,Enbridge (TSX:ENB) And Canadian Natural (TSX:CNQ) Diverge Sharply,kalkinemedia.com,https://news.google.com/rss/articles/CBMiowFBVV95cUxNOGdBb1JPUlRJQ0M1eTJpa3RKUXZxYVVCeDVDam90OHZocjEyUGxkLVB3RXBjNGd5S29tNU9MQXJLRUVTaVNzckRHVUJSeUVkT2ZjVDVMeHFwOVd0ckRnZW1YUU1CdnZEREJnNHl2dUxmZWtVTnhuUmlOYW8yT0FFRFhfSnZid1Jaemw0V3hCaXBlcVdLT0x6S2NMUFg1cWVXUlRj?oc=5
CNQ.TO,2026-07-29,A Canadian Dividend Pick Down 11%: A Forever Hold,The Motley Fool Canada,https://news.google.com/rss/articles/CBMihgFBVV95cUxPWkZGOEExb2hVS1RqdzFQOW1vWV9vanhZZnA5ekc4RjBlT2ZnWU5NT2MxZk9BVkpiMXozUE5FQVc2eTdIdC1YeExCZW1kNE9LYkN1S2t1N2E2LWlyejc5Nkc5Tk1vakRkRDE1TGRjNmJKVFBiVFlQZGtucjRoZHhQSnRhV0cwZw?oc=5
CNQ.TO,2026-07-29,3 Canadian Dividend Stocks Quietly Raising Payouts,The Globe and Mail,https://news.google.com/rss/articles/CBMi0gFBVV95cUxNTjlEVW9lZUd2QkRrV2xOeno2cjc5TWJTZ2tfWV9VeXJBNHVRT3hQaUZZNHF3T09BNzhkeGxRZmM1TjdseFp3eVFpaWZReTZsbGhKa2swRnlFMngyUDdKcWxYbHFWRzNoeTM1cmpJaVRzNkd3Q3J5bUdxVk9YajJ0ZTVraS0tM2JxWjZVLXVjLXViQnRCdmJGclI0NGg5bHlZbXpBQTdiN1dmRjBqUm5qb0Z1OEJQWkZzYldkd29vYnhMSjAwMUFJSlVWVVYzQWNHRWc?oc=5
CNQ.TO,2026-07-29,Canadian Natural Resources (TSX:CNQ) Reinforces TSX Bluechips Strength,kalkinemedia.com,https://news.google.com/rss/articles/CBMisAFBVV95cUxQZmZQNFhwTWI5SnhENWpFbjJuSEUxZWZHT0QtWXdIUjJWNnROTzlUbWRNTUZDcU5Td3FPSEpJZ3JReFJJSnVzRm5MNjlxX1hJQmZaNDNySkNUU21HTmlWOUNCWFRFeG9ycU1mVWMycHNJRzd1R1p0T0ptOVNTcUdEQ3h1WV9rRlpDd3AxV2J6Zmk2dnlvMEIwNDJRNVZNWmp6NUJuOWdlVjVKc0w2VlNmRA?oc=5
CNQ.TO,2026-07-30,Canadian Natural Resources (TSX:CNQ) Keeps Energy Stocks Firmly Focused,kalkinemedia.com,https://news.google.com/rss/articles/CBMirwFBVV95cUxOcG5HeDBTSV9SRVdrcTNoTzVWT09Fd2pHenctazRTTGRtaVNzdFBEQUVJb2JJa1hWcTVLcHl3Mzg0UWNLdG80R3BqTzJYVTc1bFRHaUpfNXQ3YTJXTTgwMGVOdlFGeV9SQjEtdno4dGxFeFFaZGluRjRScHc3VjF0Y1hxLUI0MERTYzVZVGlfTHdoVVdrcTNWZTB4dl9abmN6RnZ0cVFkUVhNUkFzYmFJ?oc=5
CNQ.TO,2026-07-30,"Analysts’ Top Energy Picks: Canadian Natural (CNQ), Tamarack Valley Energy (TNEYF)",The Globe and Mail,https://news.google.com/rss/articles/CBMi8AFBVV95cUxNT1dtR2V1Y3loaHNNd2VKV0kwSENvM1BPdEFHN3lmalNzSmtfa29LRGd1cGlHM2JCaVdMSlg2M01SeWNyaUlOeDF0VHlQZDRCdHZCYUp2VnZldGs5LUx3c0VBcmp4ZWk3T0pGb1NxMk5uQV9BLVRtM0cxTzlqN1NBS2FyTDNjNjFuRkFOU3NJUUs4Slp3NjJzMlI0akYyd21IUmVJNC03dUl2RzlnMV9KM1Zpb1d3S0FYN2dBQzFCb0VzNnl2WWJ1cGIzdDA4QmdobG13VEEyeTZoOXRXck5WZTd3ZWpxRVM5bnloUlhnYk4?oc=5
CNQ.TO,2026-07-30,3 Canadian Dividend Stocks to Buy Before Inflation Bites Again,The Motley Fool Canada,https://news.google.com/rss/articles/CBMinAFBVV95cUxONjlHOURqUTJBX1FndXJ2NHh4RklQWkV0YVMwS2h5bE5VTzNrOXdNYjdzNkVhZG5kWHVvQkpfOTk1UVBmcHRFdXRBMDFVWVpxd0JVSVBJQW1QRjdhOXFtNXVlVXhTSXBYNkVUbzZOZDU5OUtNZ2J1UGRPY0J0Z3NmLXVxeFZNSmhoMlVpSTdzaVNRblN1STVmV0F1ajU?oc=5
CNQ.TO,2026-07-30,Canadian Natural Resources (CNQ) Holds Steady Near $46 as Energy Sector Faces Mixed Signals - Price Target,vinanet.vn,https://news.google.com/rss/articles/CBMiyAFBVV95cUxOR2owSEtlT3NsS0pnbWtEZ1kxVFJjZEJsRHdRXzVpYjBBZ2Mwa2hnWmZxelJWM0FmS1N4ajVOMi02Z1dqSk13VFFSbW9menY0SU1LeEduellpamFId3FnVnhKcHp4eS1SVm41VUpmbHpFWFZyVDFyaTJOcmJ2YWNEUTgtRXBjM016eTFmWnYzRDRRTVpybEJ4YmcxQ0xDckREYmREMkFFT1NxSi1MbGdyc2l4VFQtRUVOTFFnOHRSa3dwU3ZSS0hyZg?oc=5
CNQ.TO,2026-07-30,Canadian Natural Resources (CNQ) Earnings Expected to Grow: What to Know Ahead of Next Week's Release,Yahoo Finance,https://news.google.com/rss/articles/CBMipwFBVV95cUxPclVRdnppUGhTM2d1WlNxYTc4U3Y4Njh4NmRJY0owNllYY2VRWDh4T1JURHhfR3pmLXhuZ2JhWkFjamNUM01SVlotWV9SY3YtZF9BM2dkU0RrSWYydlVWb3dwaEVaaDNpanZtWmhTaE05cjE2NG43TlhrcTk1ZzdneTY0OXl5dVhmTXlGbkZtWURGWjJoOGtUR1B0NXBFSGxfVjIyM0tkcw?oc=5
CNQ.TO,2026-07-31,Canadian Natural Resources (TSX:CNQ) Extends Oil Stocks Focus,kalkinemedia.com,https://news.google.com/rss/articles/CBMiowFBVV95cUxPbnRydUtGMWhQMWNVVlAtQUhkdUxndUMzZDNqVF8tX01fQkZGbXdjdlFJWlh0S2lac24xQkVZTW1neUlCRkdLVUZHOWE5Z1JKempFVWJGZUU2WXFMeGxzcm9EVnlJX1poTU52QWFIZGZXVnk3MzFucDJ5bnpoTGs2U29Fd2w5cUpZWDVaVC1sb1dSLUFsVElNQUxNUEZ3cVU2YWk0?oc=5
CNQ.TO,2026-07-31,Is Canadian Natural Resources (TSX:CNQ) Powering Energy Interest?,kalkinemedia.com,https://news.google.com/rss/articles/CBMipgFBVV95cUxORzZjNG5OdEg5Ny1Rbi12REh4bWNDYVhCNGoxcjZoM3RpRW5XTlF6UkhVclZ4WHdrM1lDeTJTdGpRVzdxVTcwajhzRFpZUnBSV0FOTnd2N1ZLa0x6NzNUX0FGeVc4NlBTQW9CT3NBVnFkTFFJT1I2bEpiUXBHdEExTExwMUZOSDdyWVJTZmtlVnVmU05wejl0WHZWUTY2SE1WYVpJbURB?oc=5
CNQ.TO,2026-07-31,Oil and Gas Stocks: Why Canadian Natural Resources (TSX:CNQ) Stands Out?,kalkinemedia.com,https://news.google.com/rss/articles/CBMirwFBVV95cUxNTlJZaTBjYnMybkswb29sOXA5LTZxeVBKcXlFWUlPR0dyWVAxV0gxR1liYWVqYXEwdEZzVkIxSldSbGdUOHhDd01ycmxSN3NCWXlDUzdzbTdyR2RBSV9fSzM5N0cyaXJ3YTZzWFpGSEJOdzVOSjhvRmdEWEdTMHdDVUJiandzYWVrbWlfV3FRSGx5bjJseHFoUW94OHdVR2FhbDZZSW9NUDM1ZWdZc1hv?oc=5
CNQ.TO,2026-07-31,Canadian Natural Resources (TSX:CNQ) Anchors TSX Bluechip Stocks Rally,kalkinemedia.com,https://news.google.com/rss/articles/CBMisAFBVV95cUxPVGVJeDVQMlpUQ1QwaFV3RndJci1pbmREa0w3clpqenB6djFVdzZlVTVkWjgyWWI2V1lHdFRTXzNRMlBCeHpmTEpVeE41dHVmcC1BWTdWeVQ2cnIzdUY1ZHRkYzZkSFMxZGNhblJpQTlGcHR3SEx5SGJmSTRFcEZTSVFqQXM2QmlXcmY4UWY5elpQdkkwc19uRzFHMzFpUFFoVXJoenAwUE9BNWM0NlhkOQ?oc=5
CNQ.TO,2026-07-31,"BlackRock, Inc. Adds to Canadian Natural Resources Ltd (CNQ) Sta",GuruFocus,https://news.google.com/rss/articles/CBMizAFBVV95cUxQTzV5ajZDTUp0Z0lieHdfWm16V0FxZTZJQ0hodzRkd0UwNTFXNmZISWJ4RkNmM2E2REdYbFZBRTZsYS1XWHdZODd6WnZkdHJEd3k2bVRaRDRoc1FJbVNFT1Z5emJseE1Oeng5Q1dpdDRkQUdsd1ExT3dCUmlSYnZGWjJnNmNScWc1RjNaN0dvYmpMWkl1SWRUZ3BSeWxGRE9EeGxkWmFjTEphcDc5TkU3UGxTREZKX3AxNm05MW52WFU0WTl5NEdBbzNZdFg?oc=5
CNQ.TO,2026-08-03,Insights Into Canadian Natural Resources (CNQ) Q2: Wall Street Projections for Key Metrics,Yahoo Finance,https://news.google.com/rss/articles/CBMipwFBVV95cUxQSXY3dGZKUDA2NGlmN0djWEs2VDczWllzNFdLUlJoUTJWUnQyN3h3T2Niem5hVHlMbWdXTGlyMEJMVnJqb3JkMWd5QkJYUnA3U2JLVkwtYUZKUHZ2ejdiTEFjZ3Rjb2EwbU9leFJMcXdlV25VNjZob0FPLTJUajV4ZFlOZDBROS01WnVvaG11cG8yZ0Rmck5KdmZoN0xFYjlxTVN1VFBHdw?oc=5
CNQ.TO,2026-08-03,Bluechip Stocks: Why Execution Signals Around Royal Bank Matter?,kalkinemedia.com,https://news.google.com/rss/articles/CBMiqgFBVV95cUxNLXZjbS1lTVA3b3FiODRReTFqaEZMZ1UtbE1qTzFLbGtmTVJqRllNYmo5bGY0TUp2N3RKbmtxTmwzY1RBUjg1TkVDb0FUaUxvUGtrN0ZsVnBUVUVzVDNEbVVGTVR0NUNpS0Y2MXM3QmYxRlZmQVEzb1JqdXV1UUxRb1JEdVpjRW95ZzcwTWltcGJZRHJ6SUVGTk5EWnJVTkFiQW9xalZLZG9PQQ?oc=5
CNQ.TO,2026-08-04,Advantage Energy Stock Climbs as Natural Gas Optimism Improves: Can Operational Strength Sustain the Rally?,kalkine.ca,https://news.google.com/rss/articles/CBMi0gFBVV95cUxQMk5NUVF1aDZJOUg3LS1teE9FVnlUZXpJVm13YWVLNGdFVTZaaTlJQWlyQ2xYQW1vejhadlpESnR0aklONkI0ajVZMXpBSjZUNXM4VnVPSnlUUk8zaUpvandvU3dMSjdnbWRUQ1pXUzQ1aW8yQ0xRazVCeU9YSk8yLW8zME5LckNQQ1lHVTJ2NnJQcHAwcHJWZHR2Tk9XUWViSGZBT0gxbUpyYnJjcENJTjJycXJ5R01kU3ZxM2xORWowYmN4eUlrdmxkT2VlM2RGWmc?oc=5
CNQ.TO,2026-08-04,Canadian Natural to Report Q2 Earnings: What's in the Offing?,Yahoo Finance,https://news.google.com/rss/articles/CBMiogFBVV95cUxOR2doRk9iMlhkWTZrenZjZUVhNFVJMXJYZ1JZS05Kd2N0VWJlUm9xeWItVE1HV1ppSkZ1Q1dicDVrZFhzY01PYW8wTFFjUkMyU1FLY0tOT3hfdVNmZ1ZJdkIxYk9LNGJhYVl2YURDR0gxcHFUcTVJN1hCY1RReWp2VEp4eGV5T0VFVktLMWZMTDdFeW1ya1RSLVFRVzNJcDc1RWc?oc=5
CNQ.TO,2026-08-06,"MOU could hold key to $8.25-billion oil sands expansion, Canadian Natural president says",The Globe and Mail,https://news.google.com/rss/articles/CBMioAFBVV95cUxQUDExdnlROVZ6VHhuLUhUVUs3V05DZi1ROGZCZVFiSmhqSk96SHAxRUZsaGpDaFVNRnFJd19QUFFaYkl3ZUM0eVBaeWd1Mk1iMy1sUGJlQUF4bWhoWnZfV0NDQndicl8tc1JrYXRoWXVaS0lVS0JiNkh5RXJOaG5UUjhmRmRROWo0NW4wZTREd2d4ZWt2UkJfSWVfV3hoU3BO?oc=5
CNQ.TO,2026-08-06,Canadian Natural Resources (CNQ) Q2 Earnings: Taking a Look at Key Metrics Versus Estimates,Yahoo Finance,https://news.google.com/rss/articles/CBMinwFBVV95cUxPdzJTS3hHT3NDdWxDMUhSdE4yZzU4TVRfSU8yTmoxZ2VTN2Y2MDBYUlBHY0M1YzRrYm9PTFE2LWdHaVcyVllxUmJqNHNQZzNVS3NaejJ3c183R0NuLVVISjZiQ01pdUttdVQ1eGZya1YtbGE4OXJtVURRc0lfU3FLLWhoQ1d1Ql9yVVNQWC1iczl3RzFQYndIeHBwYzNVcXM?oc=5
CNQ.TO,2026-08-06,Canadian Natural Resources (NYSE: CNQ) declares C$0.625 quarterly cash dividend,Stock Titan,https://news.google.com/rss/articles/CBMiwwFBVV95cUxPWU0yNngzTmY1R3pPRVBhUlVKUXh6M1g3YUhjMy1FT1lUemR3YzhJQUVEd2RsVDlOUmF1b2VmY3RCVzAzUmxwZHVHMzBkUHBvQndrNGhDZkgzQzAxZ2hIWHI3REd6SnFFcE01eHdDNGY3Ym42NUNpNmY4UHFJZ1lMLWtfVHE1UUE1Q0hjRFhRZEdiME4xcXBTTU1lNjdGZ28xZTNaM2hHRlJVb1BYRGY4OG1CVXhlQmNlaXUzVHJpN3h0Vzg?oc=5
CNQ.TO,2026-08-06,Canadian Natural Resources (CNQ) Earnings Date and Reports 2026 $CNQ,MarketBeat,https://news.google.com/rss/articles/CBMiYEFVX3lxTE1xd2VKUkFPTU9xUUtVZjBpanBZOXNkVmh2dGUyb1NSbkRMNHFxNFNZR1RHTWhQRUgwODN2ZTJLZTdfX0dmSDFHOU9FRUU2cXNHdmZ1Uy03TjY0LWxwQURDMw?oc=5
CNQ.TO,2026-08-06,Canadian Natural Resources (CNQ) Q2 Earnings and Revenues Top Estimates,Yahoo Finance,https://news.google.com/rss/articles/CBMinwFBVV95cUxQSllVRVBBTkZ5ZUVSYWdfSk85blRqeG12anpoSFl2VzA5SjFlTUtNbWd1RVhVaXVwMEZlWXhReGlDaHYyOGp6YmFkQ3RYSjM1Wm1EYU5mZzgyYW1NbXVBeDZuLVFIUjVfZGdZQ2VGeU43ejVac3kzUThTUHJmNEFicTJRcGpudXR0TFRMckprUFpRMHppOWhodHh6bGlLTkE?oc=5
CNQ.TO,2026-08-07,Canadian Natural Resources Extends 26-Year Dividend Growth Streak With New Quarterly Payout,The Globe and Mail,https://news.google.com/rss/articles/CBMihgJBVV95cUxNVXJhR3cyaHd1ZTZJRjk4aXNBM1V1Ni1Dc0RTQU1kR1ZsTEdodDJGQVVrdEsydzd2SngwWUtwNVl4Z2M2Tmx1X3VLeTFwTVZiSVBhT29pZENMbTFxaUJXTTg0alhNbW1pZDNVQ3JfZGZ2eklQYW9MSDM3cVJWRXBOYzdrcGFwc3ZublBhY1d4ellrODM3RHl0ZllMTFByMTJiRHNZejRGT0hGZDFXbk9kUmVqUC14QUhsQk1NZXNiTVExb3JNbjh3SHNjTXU1YmFQaUVqdWpub295MGZlYjhXVHhqbkdqY2VjNGZidEV5QnkxVUhTR3dKdENuSkpQcmpUZGswLU5n?oc=5
CNQ.TO,2026-08-09,Canadian Natural Resources (TSX:CNQ) Posts Record Q2 And Revisits Oil Sands Expansion,Yahoo Finance,https://news.google.com/rss/articles/CBMilgFBVV95cUxOLUJLMXFnQ0toWVBPQ09xLVhTMU9CVW1XU3dvMDdqdmNfNW9qTlNnYndnRHBwYjBsX3JhdzQ1M3RVdmhJTmJLWERGNk1zMGU1YnRXNlNwazlYc2tMYWhsU3ROWkFVZF8zeUdMaUFWZHpjcTdnRy00Tk1HVWxXMUctRWtRaks1SXRVWlRUcnpIVkhKbnVUd3c?oc=5
CNQ.TO,2026-08-09,Canadian Natural Resources (TSX:CNQ) Stock Still Looks Cheap As Its 294% Run Continues,Yahoo Finance,https://news.google.com/rss/articles/CBMioAFBVV95cUxNVTBmMTN2bDFIRmYzX2x0b3czX0JmbkJiRmRQRnJLNWMyNEt5MUVodUZua3hkZk0yb0hEcG8tZ19Yd2Ewd0hWeVBJQXlnVG05S0dHRG0yd3gwRGV6Y1ZVRERTMWRCc29BZ0tqZmM0aXk2SjNTR3BnYVZybnlTZ0Vjbzc1Y1ZRRTlaSkg3Y2ZjWjlVZzFUWUNBUkttcVJrVEZq?oc=5
CNQ.TO,2026-08-10,CNQ climbs over 3% after record quarter and dividend increase,Traders Union,https://news.google.com/rss/articles/CBMinAFBVV95cUxQZTVHS0dRUTNPTDM1aU51cEhTc1BfUXU2Z2pJNFFvckNhWDcwSF9XdnhTYkxGS0t5cUd4SUtRVDRHOUpydVlKTjI2b1JEajVhbnk3N040NGpRdzZnUHFucVBrZ3ppMU82NWtEQkt2M0dtRDhFd2UybWszMl9ubVdPTlN1Q1BDX01Sa0hvZTBxdmVBSzctREpwWFEzeWU?oc=5
CNQ.TO,2026-08-10,Can Canadian Natural Resources stock break resistance after dividend increases for 26 consecutive years?,Traders Union,https://news.google.com/rss/articles/CBMimwFBVV95cUxNU2Jra21YampXc0lPQXdHRkxkdmc0d2ZwSnJ5ZC1zTk1JV1Y2MFNGVENYZEt1ZXlxSlpuME5QTm1XbF9WOTV2XzZFOWVpV3VNSGpyU0YtWGhRSWswY1JuT3cycks0eFp5MGlOYWVZWFVsN3ZVd0FMWkt3NzZwM2xPUU9YS1BBVE45amZxUnpFWnFTSkxsb1F2WWRESQ?oc=5
CNQ.TO,2026-08-11,Suncor Boosts Buybacks as Record Cash Flow Supports Bigger Returns,The Globe and Mail,https://news.google.com/rss/articles/CBMi5AFBVV95cUxPZUZ3YnVfaVViUl9abXozMTFEWFdYOTVlRlVoNXVSZF9JVFFXbUJVVXF2ZXVDMUF5YUR5S2VDTVY5OTlyY2VJSWp3TnRWdGF0T21rblRPR25DYmo3OEdZV3haTlRjNnVVNmZLYzMtRmVRT2xxTWt4U0luaEtlZVVPNHJqc28tRHZ5T1MtclVRZmtNdHNWazNlVlM1QjkwY3pMT1V4ZV8wWjJqZHlJMEJnb3N2QkJTUkZ4ZzVidnFPb0pfOHVMSkxPNEFvbDVra0tCZmZqQ21Yd050RVFkaU1IdVA1Z1k?oc=5
CNQ.TO,2026-08-11,Why Did Canadian Natural Resources (TSX:CNQ) Surge 3.75% on 10 August 2026?,kalkine.ca,https://news.google.com/rss/articles/CBMiogFBVV95cUxQWTd4eWgzMzZBZk8tMEdjTFczQ2dZd240OERURmxPSkNVczgxNmlUMWtQZEJSUDlWbm5JZG9TdnVOdk9za0xOazdiNXQ0STdOTkhYWGpzYzg1dU5Odld3OUdOQzBYVU9wQWdST2dzRGxhSkRxTWhfLTJsSjRNV05MbVZ5eDJiTnFLSWtCcEtDcXBXSVNiZlk1ejViUGFIRkRJQXc?oc=5
CNQ.TO,2026-08-11,Tourmaline Oil Stock Climbs 1.69% as Natural Gas Strength and Production Growth Boost Investor Confidence,kalkine.ca,https://news.google.com/rss/articles/CBMizwFBVV95cUxNV1Rjam1sTlp4YUtEdzRqNU9zYV83MVJFN09zaWdKYlF3YlFUY2NwWGRuNUlpdDdvVTFCdk9nZ2RVWUtZbVR4LVRZMGlaWnhCQVZYd2VwN2s1VFgwdnJiRkdfUU90TVJlb0Yzak0zUFZIZGdkSEZmT29JdTdPLUZlVFctaWtNTkRkcXZXcE54X08xWHBPQUZpdmF1NzV2UjNrcU5BM1JGa0dxWjBGV2ttUzZQb3pHZWZOMzZLN0NxWFA5MW05R05maHY2ZlpGMEU?oc=5
CNQ.TO,2026-08-12,5 Stocks to Put in a Canadian Income Portfolio,The Globe and Mail,https://news.google.com/rss/articles/CBMizAFBVV95cUxPSVJqRjZsbDB3MlBZYVRFWEFOcEVEOTVsUWIxQ2NnUllNM0xIRHRZeTlxcm52RWE1MHNGS2o4MUJLUmxsNFZKNndodGk3b0NYb3M2SVBFLUpxM3duVTlOVmFtckRpcF9JR2ZNaDlVRTJ4NkVKejJDYnFEbGIxMDRvZUp4R1ZNZWlvdFZHc05tZlA0YUdoS1lpclE4YTE1bEt2OFZfQ29JLVk4RTN4Wm5fZ3dwbF9FWk5pam1wemlBaEhpVTlzclRIU1ZWOXo?oc=5
CNQ.TO,2026-08-13,CNQ or Enbridge? Here’s the Better Dividend Stock Right Now,Yahoo! Finance Canada,https://news.google.com/rss/articles/CBMiiwFBVV95cUxQcVBUUmNOcjlpamxMTHAzempCZ0tZWjY1ajQ5MlpEZDAwQUZjWExSLThJc3ZvN2N1RkN5cXM5dExvLUU1b2pLekszUzRVdGFKdmkxX3JfZjlFSC05RXlFc19zbjFiaGd4bmh1cU9haTlnUk9nMVh6amlKbG9RRjFTSmhTV2c4WWVEZlJV?oc=5
CNQ.TO,2026-08-13,What Is Driving Canadian Natural Resources (TSX:CNQ) Cash Generation?,kalkinemedia.com,https://news.google.com/rss/articles/CBMiqwFBVV95cUxQRUZkMVI0Y0d2Zzc5U1NFajJSRHVRNjdNMDZqVVhDOFlsVkc4ZHRvUnpNVXdnNm5MQ1BLRGpxT0xndWpfanFYV0FLVE1mSkM1bkx6bUxJMURVTi1XXzZuNzZNX1JmcGxMc2pRWEFZNG51TUx0T0IxTEJDa2tPVVlsZWlubVFCOHhEbkJzMHBSMDNzendBdTI0cTQ3enpPZElaWktlVlRlUmJnY28?oc=5
CNQ.TO,2026-08-13,Could Canadian Natural Resources (TSX:CNQ) Extend Energy Momentum?,kalkinemedia.com,https://news.google.com/rss/articles/CBMipwFBVV95cUxQWWwwcThaZDZHUUJUejlwZmIta0REaWI3SVBaMUMzcUVpbnJhaE02bG1nMUMzekZyWVhCTEoxZlhPYU10NXREdk9iR3EtT3p3c25Rdk1uVjlWNXdlRVcwcWlEY1Mtd042VG9WTUk4VXRCa0pnTEFCbVdhbHdJVUMzNnBtdmFvN2tqNzNTUWRVT3NyTHdRZGNHTkRwekplMU1SUUFrU2Rocw?oc=5
CNQ.TO,2026-08-14,Canadian Stocks to Watch: Canadian Natural Resources (TSX:CNQ),kalkinemedia.com,https://news.google.com/rss/articles/CBMiogFBVV95cUxOMTB0TUkwYlBnYUYzU0xxY2JGWVVOQUpTZHZlZHktWTREOWFVR1RKSXN4MDhrY1BLN19CcEY2MEN5SDVuWnZDajA4VGdfWmg5TmxSUFcyUS1qb0lmNU9wRlRzVGluQW9xQmRhNkktQTYxMm5kZnVSZDFvazI3Z09ET3Byd250enpPb3htNTFQTzMyZ3drd2lkYnlDazZlc1I1bFE?oc=5
CNQ.TO,2026-08-15,Canadian Natural Resources (CNQ) Climbs 0.78% to $47.97 as Energy Sector Holds Steady - Up Down Ratio,vinanet.vn,https://news.google.com/rss/articles/CBMivgFBVV95cUxOdWM0TVl4eXk3TGZuT0NjTktkSzgxc2pqeTNpMEpHekRqMGVNNjNkTV9Cc2x1N0l3OUNReEJFaEhicFdIRGROaEhZRWs1X1l1eTEyclBCd094QTMzNkRjM25aUEtSZ20zd1NBejlkUG1IN0s1VW9yUGxhZ2tHaHVIUDF5ZUZPUFA3bTZJdDdTQ0ZGeFRfX3ZsRkR1bUFtci1fQlE3VkhvYnJjZXRsQWkwMk53YXAyb3JuaHNQMXB3?oc=5
CNQ.TO,2026-08-15,The Best Canadian Dividend Stocks if You Want Passive Income,Yahoo! Finance Canada,https://news.google.com/rss/articles/CBMiiwFBVV95cUxOZ3M5YXVTZERxTmtfOXk4ZjF4UHhkTksxcTRVcERUSVVoWC0zd0plZktCMHdTVXlGYjlRdXctZExTNWZiWTlVMlF3RVQwYnJPREk2T1QxbnN2MUM3WlpTMTVEWE93eUtKQWFIV3JuaEhwbFZydFdka19hMTJ0VFppbHQ0UkxqLVpha3hV?oc=5
CNQ.TO,2026-08-17,Canadian Natural (TSX:CNQ) Can Upgraded Guidance Sustain Momentum?,kalkinemedia.com,https://news.google.com/rss/articles/CBMipwFBVV95cUxORUZkQVlMTEhfX1EtWEIwUjU0LWdiSmJpdEFrQ2xFbS1KVHNLcmZaRlFBbTYzV0VRcTJZX0NxSFlQR3JFQWRqdGJ1a2JBVlBIREQ5R2FWalJNS2xGY2c3M3RJdHZPS1k5V1NoTkJpbEdkem1ISW11c0x4dVlxeTZDeGM1dWtnd1RCcFY2bGVtZGxfRTZWN21PX2tqZ3ktMTE4M3lpVGZqUQ?oc=5
CNQ.TO,2026-08-18,Robinson Energy Stock Builds Bullish Pressure as Papua New Guinea Gas Strategy Draws Investor Attention,kalkine.ca,https://news.google.com/rss/articles/CBMizwFBVV95cUxNbWoyNHRLcTBhdHc2aS1WM3pxRGdTbl8xNzd1a2JrTnNwMXlJV0lSdXN2WVBZWHVKU1ptVmNxZ1lVNFNGWFdFY2ZSMXdTRl9FajFlODl4ZzliSGVWZkZiaWs1YXFVZGZKWXNPTExQS0oxbzE0R3FyUXhWdHN4VG9wRUlsZTdfRC1DYzNWRG1Ib3lvZWZmTC1jVkl3Um5ZdTBmWktnNGxxWlRSaEozM29pYThydDBJSmNiM2Y2bG1qc2hTY253b29LaEFuYnBXbVk?oc=5
CNQ.TO,2026-08-18,"Precision Drilling Stock Builds Bullish Pressure as Canadian Activity, U.S. Rig Recovery and Stronger Contract Visibility Fuel Optimism",kalkine.ca,https://news.google.com/rss/articles/CBMi9gFBVV95cUxQdlk4VjVqSV9YTWxYX2EzMndtVVl1WUxkTVkzVlJCMGYtdTRmdExOZ2FKaGllQlpidXpmNEZ2SG10Qmc1VGtjdmNnc0RyTV95TFBpYnlOMklUUHhlWE1xR19DQU5ESzZteUs3d0c2WUtDTmw5M0xBaVctM2JmSHpmUzVlMlplb1kxWHllS0VST0IxcmNYcDhjSTJKUDdDZjZ5amtRU0NZY09oZFI0eWFZZm5Fc0NmVFdLUnlxWWFsZGhEcDV5Zy1pVkVlX3YtWlYzeUQ1R1dTMGdMMi1mdUpPdFlDd1h3cXdrR3NmckZ2Zzl2eUFmekE?oc=5
CNQ.TO,2026-08-18,Higher Q2 production and earnings boost Canadian Natural Resources stock near C$70.33 resistance,Traders Union,https://news.google.com/rss/articles/CBMilwFBVV95cUxQTnhDTTlfZy1ZNWlzOTlWTmVjZXJNUGRETVpVelc3R21LTENaajdmN1VZS1RpZXlQWHVqeUFIdnJFRjBnQnMydUJVTGdzTTF6VGpFMHVENjVtMXg3N2tuVHFiRWxTaC1ubTNIZGNGS3IyMEZDSDRuYzNQY0lWRm9RZDJ2eVZBLWJocjBmUlN5anBsSVR6LVRz?oc=5
CNQ.TO,2026-08-18,Canadian Natural Resources: Returns May Be About To Soar (NYSE:CNQ),Seeking Alpha,https://news.google.com/rss/articles/CBMinAFBVV95cUxNVHFuLUR1Y3lWWGZKZFVkd052cWhwTURNc0plZFp2QU5UbFduOXI1djJKYmpDZTRwOXZ3MFRaZjd6dmlqYnBVdFVvYzFWTjlrOW43eFJueEtVTXFjbElnMXFhUXc4a3VZWkZZaG5SWHlVbHBYeldfUGdpRlRGXzNhZHltdTBRTldDN09rUWQxeno2TGF1b2lpcFhHeU4?oc=5
CNQ.TO,2026-08-18,Three fund managers share their top dividend aristocrat picks,The Globe and Mail,https://news.google.com/rss/articles/CBMi2AFBVV95cUxQQUlsZVlVVUY4emhHQlZaWXZLaWpUVmI4VDBQVEsyLXBEd0J6eGFlb2JLRDdKUFVsbVdCTzFuRXY1QklOZWJ4S1Rud211SEk4Wjc0YjdlSXE5ZWFlcl81ajVabmtUMk1DQXNwX25jZlExRkJTS0JNZkRkWWdSbEttaUpVTnFZemIyTlFRNmM3TDJpVTk0S1NxU1Ixd3Z6QW5fWGJhS2JPaDBycUpsalZwWVFRZVdUNHFVRV94cUU5dTV2dzZJbi11UDdpR281TnhEU1kyTnVPY1g?oc=5
CNQ.TO,2026-08-18,Can Canadian Natural Resources Sustain Its 4.20% Dividend While Driving Long-Term Shareholder Value?,kalkine.ca,https://news.google.com/rss/articles/CBMi1gFBVV95cUxOb1hMTFIxc0N6MGZ6b3gyZGM3TkZidUFYeE16TGJoN01kLU5zdHd3MGRFVksxU055WU9JVDBOVFI3Vzc2b1Z2bGxScjE4TmlzWktrYUtiT05lYjZ4YmI3NV9Xd3ZobE5nR1NBRTZhVDNCbUNGZGF0LVBud3h5ZnhYYjZkdDRGdWZSdjByYjYzZ0swZ3Z2Q0lYNGtERU1XVHVockJEZ19FYjh5b21JWGJOa3ltcUc3RHFhaWpZVmVBSjdJaWtrT0l2MWpfbVFCTEQwSmxnOTFn?oc=5
CNQ.TO,2026-08-18,Analysts Offer Insights on Energy Companies: Canadian Natural (CNQ) and Matador Resources (MTDR),The Globe and Mail,https://news.google.com/rss/articles/CBMihgJBVV95cUxOVV9wcFZHVzZSTHhWNXFlTHZDSFRSMmI2enUtTkVKUXFqWkpzRV9NMWxPWmNZSmJMbHp1SDE3OENhenlvcWp6eC1VZ0lIRFdKdzA5bmFuOTlHdkkxZHFKdk11N01hVTR1UjNhWXhRUmMwdFdpUUNWZEdNaW8yZWFQU1JnV1N1X01UWUxILVh1WHhXOGFYRnp5VDBDM2M3N1VONXVIYXJPLXJGTGh2bzZlRnZwLWhlNmxISEhZWG92Q2ZlWU8tLV9fLVI3Yy1CNk54Ny1ETFRtN0hHV1FIbEotWFo2clJCOTdqRDZPSHFtQ0F3eGlnaFBGWHVRaUxldnZCazRzdTh3?oc=5
CNQ.TO,2026-08-18,Canadian Natural Resources (TSX:CNQ) Advances On Stronger Energy Output,kalkinemedia.com,https://news.google.com/rss/articles/CBMirwFBVV95cUxNcmtudTVFSjVqSE4tS3RfNVI0djN3bVpNM0I0LWJLNnpPUkRwU2QzSXVBYkJkNjhnSG1VUFl4Njk2eklLOFctazhMR1o1X2pZR3RQUE9nUEVkNFA3N052SmMtXzBGQmNCdTNrWnBLbmxadDM2S3dETi1Fb0ZWNHhDU0VwX0ZBZXNMaHFPZWd4S1FaMzNoRWZJR1V6SzU1aE1WOXhFNVM4emVTUXRNSGpR?oc=5
CNQ.TO,2026-08-18,"Canadian Natural Resources Stock Rises 2.97% as Investors Weigh Oil Prices, Production Scale and Free Cash Flow",kalkine.ca,https://news.google.com/rss/articles/CBMi1gFBVV95cUxNT3hnUXRMOGZTRFpfQWVIc19Gcm5GcEY1ZWhqcGdvODIxcGZ0UktBcmxnT2FVNEh4RHQyWUlxZ2tUX3Q4Vkd6OUpiSk1FZXVGb195eXVlTEVvdk9TNWtJSWxOWEhDNzlEQjBPdGZmY2Rxa2NsQ0h0N2xtMjZwRVI3X3lGTkdWUE1WX1R5bkxzQWlFSnNCZEpBYW5iajJ3NkI2WXpHQmduWjZDYmlSVW8xZWhKbG84SjlMXzVKRjBRakNENnBjT0tkZzlSUGVWbzRiRlpwcER3?oc=5
CNQ.TO,2026-08-19,Vermilion Energy Stock: A Q2 Beat and Debt Progress Rekindle Interest,kalkine.ca,https://news.google.com/rss/articles/CBMioAFBVV95cUxQbjlObFAxZlVseDJrd1Q5QkxzU0pOVFczcjVVRS1rWUx4TTdpMllBT3NERlRnMFBWM25uT3ViWW9HWklWMzRKUjVwaFQwa1hFRk8wcXRPYjNQaUd4S1ZfWENNRWFkVlJkLWZhOXlVcG4tRGJUTHdWVVBoTEpzbEhTLWFnZFpvMHNzSlZMd1FrLUhJVXhITkJ2Zmk0LWUzVi13?oc=5
CNQ.TO,2026-08-19,McChip Resources Stock: A Boardroom Reset Sparks a Pivot Back to Investing,kalkine.ca,https://news.google.com/rss/articles/CBMiqwFBVV95cUxOSjlHTDNuR2pKc2JkMDUtLXJmQ1RDSzN2cWNSQS1HMjZiRVJ0OE9rMHNydTFxbHNzOFJCM1lHWFl5NE8zZVpNZ1U2UGJuam40a1ZWdnl6QVUxWnRnaENkSVVlRXJFTXFTenJZc2R6b2RENEpQSDlrWXBMbjU3RjlfX1pSZkFnUGFqcEtoTC1EV2dZMWJmZDdUTHZaMk9ESTZ0YUZyUXhOcjJtdzQ?oc=5
CNQ.TO,2026-08-19,3 Top Dividend Stocks On The TSX To Enhance Your Portfolio,simplywall.st,https://news.google.com/rss/articles/CBMi4gFBVV95cUxOeUt1Y09TQUZaMWNkeEV2NkNjV3NLS2VtaDRqMC1vRUd2VGVFWWN3UWQwN3dUcGVvVWVWTFpQVng1U3VpdUM2OHVDdThjdXJ1VXd3aGJrMmhsU053NUM4bzlwOXV3alR0a2NFM3NIb2dFUFJsMExiTVYtM21jUGE1dDZCUEY1OHVKdUlaSFA2QXVrdW00TElXRkstMnhuRWlzNWI3RlhTYl9DMG5MM184bVdYTDNTX3ZoYmlKSkFRSWRfQ25vUVprU1hidVlRVTUxMXVSb0lDaWlmNW82RWFlelJB0gHnAUFVX3lxTE9pRHNTSnpaQmxDLVMwcWlMTVoyODZMNWtiU1h4SnhHVjR5ajdYWVVPRVRFazBfLWpqaHdvZXlrTWwtMzBfZDloTjc4UElDQUFmYkpjZXFab3o2NE5pNER4dC1ueFRIMTVuV3FwQ0Q4Z1k2YURuTzh3R2YxMzBPbm9tSlRTdGxYbjdNd0owZkZhZDZ1c1Z3TGtmWnladWk3eVVoTkF6OW5wTkxTTnpyTzZ0akEzR1NLUTBpeHVQRUU3Y1FSNmhsODMwOE5qd1RVN1BRTGQwTUJTb1ZNR1JLdXNORm1BTWI3OA?oc=5
CNQ.TO,2026-08-19,"Keyera Stock Rises 1.24% as Midstream Infrastructure, Fee-Based Cash Flows and Dividend Growth Support Investor Interest",kalkine.ca,https://news.google.com/rss/articles/CBMi4gFBVV95cUxNektEV2JwXzBiNjFFYVZCWXF2SXdoUWVQMXUyTzF4Ulg3YmQzZ2dVUUpJWTh1bkVLODJqQjhIQ0NSdTVhX1pqYjNPMFQzdVl0SXcwZUxnOHRKbzdLQzVhRFpUaHdPLVVOZkhCSi0zMHZmcGF1dk1IalRUSHhhczk0cjlqdWF4a0dRZm15NjF2bTEzajJzZ2dpOHpQd3VsODNXNXhFcFRqZ04xb0tVXzF0eTFsSkxWbHlnUmowVVBTUGVfT0xuM0FLNXh0SWlCZGljU0RLcmlOdHNCTDFUelZlbWVR?oc=5
CNQ.TO,2026-08-19,Enbridge Surges 1.69% as $41-Billion Backlog and Steady Dividend Keep Investors Onside,kalkine.ca,https://news.google.com/rss/articles/CBMitAFBVV95cUxQS0ZXZFlENVB6dTdVdVQ3bWZJMUF1ZnVCX0JybDJuQ1MweklRak5wQTZTRWNsWDNPWTktTGFpSXlwREJJWW5WU0NPaFBvbGloc0dfdVBMVWIzcVhvTE4ycVZSV1VENGN2eGViMEY4TEdDMVFZR0lxZTdibG10clBiOW1RUThCUzVkX0hMME95MjVYLVBOdGdjUFNkOVotd1FqbUJKdlAyU2NDYm1UM25PU01KQlU?oc=5
CNQ.TO,2026-08-20,TSX edges down to two-week low as financial shares slide,reuters.com,https://news.google.com/rss/articles/CBMioAFBVV95cUxNSXVQR003UkQ5OHZXZ2tVcW1sdXFCZDUwS2hOZEdJZjZ6OTN5NjB4VFZxNDJCZFN2Q2R4ZEdsenhyQTVCLUhOZTNDYklMVkpSYUNxR3dQM0JjMjFSeW1aeDhtQ2hvY0EybV84YkxKMjJ0MWtGQ3hCMTdUYk0xMTIzSWRrZTM4c050V2ZSU0ljTl9qbXNmSE1EblhfLWctcXBO?oc=5
CNQ.TO,2026-08-20,Canadian Stocks Worth Watching - August 20th,MarketBeat,https://news.google.com/rss/articles/CBMinAFBVV95cUxOMzBUWnJwaWxwZ01mTWxXa3U5NWkwTEc4NzAyU0ExVG5WZXN3b3hkSE9lQzA5cEhlRVNQTGZoRXQtTVlEczlWQzBLd1RudU9uY2xNV1VVRFk2S1l5YzN6aDROQks4Y2tGcWxHcV9JZ2xXaGVIYTJkaU5aWDZ4S1NTcWItN3hCSGhZdnVkcWNjMnMxeUlFcWpQckhSemQ?oc=5
CNQ.TO,2026-08-20,3 of the Best Canadian Stocks to Buy and Hold in a TFSA,Yahoo! Finance Canada,https://news.google.com/rss/articles/CBMigAFBVV95cUxQY0hXS1NwWTBkc0o0S1RxSDFpX2lqQU9ETEJ5cWRER2FNbWxvZnVGVjd5dm52ek1yOXcwRVA2RTdWSk43LS1IakY1MU9Yc0NLb2hoUlRYbUpWYWtvQ1pUNGNBdk03UTVWdnNiaTg4cVhtaGRPeldhTE9yTlliSTZXRQ?oc=5
CNQ.TO,2026-08-20,Spartan Delta Stock Falls 2.13% as Energy Volatility and Commodity Risk Pressure TSX:SDE,kalkine.ca,https://news.google.com/rss/articles/CBMitwFBVV95cUxONlBDUFhvZFhNN1pMSGlESlZqQ19ENHFtRG1aM3A4MXNHNGg2ODNTQ05oWHlXck5ldExTZ0ZkeDJKNk5yajJKbHgyQ1VlTC1YeVNNTTBKZXZERzhyb1RDbHNPMGdGalBDaENCQnVyWUFGR0dycFRlYTlPT3RDdFhNR2hFSXJHSHJ6NF9sZU9CQkRFSFhSR0NlX2J2TjRUMjFha1JEV3gwUlc0aExmYW9MNkNWS2FGNTQ?oc=5
CNQ.TO,2026-08-20,Can Canadian Natural Resources (TSX:CNQ) Extend Its Momentum?,kalkinemedia.com,https://news.google.com/rss/articles/CBMioAFBVV95cUxPRjdfVDEzbVhMV2xTdXFjZGlxU1BtOGplVkpHZDNXSnNXY3kxN2VMemF1blAtdE1qa1hqdVliSzVKY29WYlREVlVRN0ZBUGNFQzJ5cXM3MTNLajNGamV6VGY1eFp3NU83aE5hNmZBbmJWWllNX2hNZ2JWX2RvQU5HMEhwN2pzQ0FFYllEWklSdW91YUtwaXpwbENOT1E4VTlN?oc=5
CNQ.TO,2026-08-21,Canadian Natural Resources (NYSE:CNQ) Sets New 52-Week High - Should You Buy?,MarketBeat,https://news.google.com/rss/articles/CBMiwwFBVV95cUxQWGVQUzZOWVZ5ZjlDb1IzUVYySkxfSlR6UzlvXzJ1OGMtSjlhN0M1ejRWTnMwMmRtZU5zTnlOajNJalZ5b01GVGdqMkN6TTV3ckhTWmJCekhYOGd4VHIwcG5SWS1yMHRLN1RCOVlEY1poeGNaQ2JIQXFyby0yWmt4R0dya042emtWdG8xZzY3XzZ6N05FTEtsNWhXU2dWOTRWaUs4YUJyQmdrdzllM3g4LWtoM040QjB1MkhtSW9XX09nUm8?oc=5
CNQ.TO,2026-08-21,3 TSX Dividend Stocks Retirees Can Buy and Hold for the Next Decade,The Globe and Mail,https://news.google.com/rss/articles/CBMi6AFBVV95cUxQTTdyQ0lZdnp5MmhCNU9MeTFldUhXelRmbmRTbmRuN0lsLUxXS2JNdVY3cnJUSDJGV0JyOU5xUDJQN1F2YTVsSHFEMXJEdTdDYnVuNFhjQjM1eDZvNUUxWl9CQm1DbGhQVUJrYVYtWlhldy01b18xT1VZSzZPRjU3WWEzQ3RBNzYtcThuNnZaR1VqZl9kTEMzdW9PdkxuRXpvRXZjc0lUcFVuMTZGM3hOTEV1UlNrYkNKMUlBZERfQ196YWd2ME11bmVjMWhCNXZaWld0Y1Y3czVPTEZ1OW9JcU9GT01Hd29T?oc=5
CNQ.TO,2026-08-21,"Canadian Natural Resources (NYSE:CNQ) Downgraded to ""Hold"" Rating by Zacks Research",MarketBeat,https://news.google.com/rss/articles/CBMizAFBVV95cUxQVk16cEZ1ZGZvN2IwV2xnLU5NckZoOC1hTFpHNnd3S1dYbjVGNnlTVjBlZnRQcUNmSlYyYXVEMnZ0eG11LVdZVFp4dElDWHNhYzdBRU1yZ3Z5aktjZHdCYkc3QTNPRldDNXVqTW1yM3lzSjUtdDJ0Z2swZ3pRWFc2Rmw1eE9OdTJ3UTdNVzgzNXI0VXpaUlhBbEI3V2hocVFhR1dEU1pLZmYyQUtIV1BoNUV1TDZHY1pZdHd1RHhOdXFPaHhsVjVUSUlPTXk?oc=5
CNQ.TO,2026-08-21,Canadian Natural Resources shares technical analysis: Consolidation near C$72.35 breakout level,Traders Union,https://news.google.com/rss/articles/CBMilwFBVV95cUxPekJ6bGg3OUg1NDNQa2JmeFppOUM1UlFIQWtYWU9JNGJQanhzUElGR1ZvZE9qOS12bEd4M3p2T0I2UXlKbE1oRm5lYXB6UEs1cHlvZmlGV0pPVmk0RFZidVEtSGtfQVNaWi1JZzZwa2lOd3h2eW5XbC1MdFRMVTNqblNlUFhkejZhYmYxNFdNZ2Rnc3ZiWml3?oc=5
CNQ.TO,2026-08-21,"Analysts Conflicted on These Energy Names: Canadian Natural (CNQ), Matador Resources (MTDR) and New Hope Corporation Limited (OtherNHPEF)",The Globe and Mail,https://news.google.com/rss/articles/CBMiuAJBVV95cUxQZzVFVk14VWVnSi1oWURQUm5hRkpLZDhVNDhPTDFpTUUtVjBNcjljVnhiNTRDa0c2Z0sxMHBhX3RVQjFWeExVeWJLc011MTRBdGFwd2pTUjduTHhtc3hjYWlWc2RiV09XaFpJQTdHUjVFZG1OV3g1N1FIcnVnelVNaGFNT1Jyem90SkF3eGNTN1FlY1U1Y1pQRURPZU9hcEx1UG5rdUFnMkpfbFFhQXhoX25RaWZNdEI3LVh1alNpQi1FWUVXc0tfWmtKalZxbEQxOXFNUlU3alYxNTgxNnBiNjNxX2xDMXVsZWVlN0N5c3lxdl82SjgzcjNDSVhBNEhrbTRFOGFkZ0lNYVI3RmUxVFhwWFBlNlQ5WWVrcGRPc0dLRjFxVGR2eE16emprQnlEMnUwMFIwRlQ?oc=5
CNQ.TO,2026-08-24,Promising Canadian Stocks To Follow Now - August 24th,MarketBeat,https://news.google.com/rss/articles/CBMiqAFBVV95cUxQVHE0akw3MTlMZWExQnlrMzE3eWhzTXpaOE53OUI4bnBqUEppOEIzYWNFWHJnR3ZiY0dkaURab1BtX0dxVjdCWnA0Tml0Z0hnV2l3NGI5M2tXdlMwNzlwaVExbHhWWjVlQ1dUUDdaaFhNQnlRcEtySEF1VVJ4b2tSZDBtbDZtMzhOQUdkMjZyNDhQRlBfdTVlME9ERjI0YzF6NHlpZDdhRXg?oc=5
CNQ.TO,2026-08-24,What Keeps Canadian Natural Resources (TSX:CNQ) Central To Oil And Gas Stocks?,kalkinemedia.com,https://news.google.com/rss/articles/CBMiuAFBVV95cUxOck1XZDlibmoxcEJjM25MQ2ZjcjlMNktYdkhtS0pzbmF5clhHTzFBY25NWnBGSmNBWEpPUnl6NjZ0eGRPekY1cmpqX2N3SzdJUXNhcDctcTVvZzVYXzEyU0FGbjhYYzd4QTdEOVZCdlcwNWYtU1lsNmRHLThIWmpCZUZRdmFNQU5ETDRnTkJJc2J3OVVZMElFc0FNclZoMnFtRF9aaHFmanRvU2pkUmdYSXRrYnZReS1B?oc=5
CNQ.TO,2026-08-24,Canadian Natural (TSX:CNQ) Focuses On Durable Oil Production,kalkinemedia.com,https://news.google.com/rss/articles/CBMioAFBVV95cUxPb0NRR2FZY1J2dDROUWxWQkI4Zkcxa19FVDdicEFsdWdRelNBaWJfRV8tak8tNjc4Q18wX0h2cUVGaVZrT2VRTHdXeGJpdE9Kd1dwdXlsZkZrWWktMENEUWdIb2Q3VEc3SHcwakx5a0FmZnpXLVlMNDViSmZwY0NhVlp1UHNEbjlVbjNvUG93Q0g4alcySjdUYmlVZ0lVcU1x?oc=5
CNQ.TO,2026-08-25,CNQE: 40.98% One-Year Rally Meets a 12.05% Screener Yield---Energy Income ETF Turns Heads,kalkine.ca,https://news.google.com/rss/articles/CBMixwFBVV95cUxOVGNVUFcyM0FOclFYRmRZa29YYVI1REhtMTFfOFVRamViYWtzZU5OS1dEcjA4dUREcVdGTVdUVVF6VFE1Y2xSV0g2SUNTdDFaWUN6VUFfQWl1MWNLcTdrQ1RBLUVUR2tLdkk5ZmVwYTRyUGI0SEJiTzE4X0RSWEdudXkxeFNkRWpfc0c4Q08wU05SUHZ6Yi1yYXJWUG9nUEhDQ01nYm0xeV83UTlXN0hiLVVfTEhHTWFfLWtlRF9YSS01MGs1aWVr?oc=5
CNQ.TO,2026-08-25,Best Canadian Stocks To Follow Today - August 25th,MarketBeat,https://news.google.com/rss/articles/CBMiqwFBVV95cUxQb1FMRktKWEdNM1J6LV9zZXBOZDNVRi1LbnJDQTN5Q3ItY0FDeW9xSm5WYnNhbUxWSzZuRjBlQnNKOVVrUTA4NjV6aVFxZUZxNVFnT1gtRUhSWTZiUU8wYXhFRVhvMEt1VXBEQUhOb1JzSkYyYzhmTGc1Ql9GOFc3QmZWQVppZFZUNXdTUm5yOE9pcWJINGxObm56S0V5OW1hWnRXTmRmVWN6VW8?oc=5
CNQ.TO,2026-08-25,I Compared CNQ and Enbridge: Here’s the Better Buy,Yahoo! Finance Canada,https://news.google.com/rss/articles/CBMiiAFBVV95cUxQTmZoOHktWG1HdnRvd1pyR0JwOC0yRGxlLUotUmhubjNlV3JENjNGOEtEa1JJZ3NhMjlSQUstQ3gtUnliaGJXSUF3dV9ZLW90UE1vZzRQTUp6M1BzMVhuUnpjVGxSaF9zRmZEOGIydnY0TUpaR2dFenVRTTYwR1V1U2RsUzYtYzZD?oc=5
CNQ.TO,2026-08-25,Canadian Natural Resources Stock And 2 Dividend Picks Built For Higher Bond Yields,simplywall.st,https://news.google.com/rss/articles/CBMi4gFBVV95cUxNNkRGTDhBcW5tYllaa1I5NWM1MURyMWNWaEtLT0ZrS0FGSVFjZDBHWHhncU15UXowS29xTmVaY3J1Wi1SWTFRdVgwZkhNSlNVWmdHN3JMMF9JZkZDZTdNLURyX0NPeVhNM3YwcUQ0R1Bjd0F4d3dLWE4xejUxOUptSF91eG9UTk1PQms2ZllwaDRER1BHWGJOMUtqYWJpRlV0X2VIbnloNFJZdVF6TFBiZkg1a3FiLUMzQWlGOU96MGsxS1N0MDZIOFVjQ0dyZnhuUWVmRDFBZnBib3RSM3ZlcmdR0gHnAUFVX3lxTE5oNzBJWkRBc2F1S2FueGx2R2NzbE1IZVd5LTNnX1pVWjBfQzA2alFmaGhkeW44dDNINDBMeV9keTE4ZzZ0aEJzRHRfVGNmUWdLMlhtMnFOZEVYQVB5NklCUmZmT3dwSjE3TFZsR1pRS1NVTU1rdDZUNGJ2MG05VkxKemVodGpJNnBpcF9EUlVsSlN1TlZaNm9Wb3luQVlWMVotTEhkLUVoS25BWGI1RjgxTlFoMjVxNllyU1YtZUZUbVlGNFl3UnpadmhFeFhOWldORVN0WFJ2dkMyLTJFTGhaVl9nRGFXSQ?oc=5
CNQ.TO,2026-08-26,Canadian Natural Resources Stock Faces Renewed Downside Pressure as Oil Volatility and Sector Risks Weigh on Sentiment,kalkine.ca,https://news.google.com/rss/articles/CBMi4wFBVV95cUxPZXRPcENxR2tPNXd0T1ZyNWE5U1dHN2dFcXRTenVZeE1kZ0FzVmNjQ0pJbEs4cloyQ3Jldm9CZFY4SllwdTBIU3JoQzR0djV4cXptb0Z0VFZHSjJNZVgxVVZLTGdZam92Mm9YUlBBQmpaM25zeml6LXNUT3lIRVNsWnVUNzFwXzU0bUNRa29zMEIwNXFtN19Fd0JiWTNQdmVBeUE0bVNKMDYxZjF1ck9kS2E4eVRBdnEtXzQzNDVvUE1EMHgyN0dCTkVoS1hDZjg4R0JnSU5mRG81SjhNdGtDZWpxRQ?oc=5
CNQ.TO,2026-08-27,Canadian Oil Executives’ Stock Holdings Increased by Over $1 Billion Amid War and Wildfires,DeSmog,https://news.google.com/rss/articles/CBMiwgFBVV95cUxOU18wSXlPTEJ6WkZJdWtJbVJKaUdPNFE3VTF6MGRyWDFsSlFOMWtsZWxSM08zU3R2UWxBNXl5eDNNaExYTnd2NHg0cHdoOU9Hd2RHODdSaGZydVRueTNXMWp0ek82RlV1MmFSMXc2MnA5bW05RWdSUVN0Vkg1VEl6Nmh0R1JoNmMzbV9lQXlMem5tejZKVUVyQ1VpN2FFUE9xeWJNaVVIQWdMa0tOdnc5TW0xQkx1dl9wSUpWSmNhVDFBQQ?oc=5
CNQ.TO,2026-08-27,Why is Canadian Natural Resources stock flat today? Dividend growth and resistance levels in focus,Traders Union,https://news.google.com/rss/articles/CBMimwFBVV95cUxNY2pKYTQtX0xBM05lTnA1SlVoRFhXYUFuNWcxMUJwR1pUVmQtbmRBZy1EemdNdkxxSjVIRDZHVEFSZlR3a0l3TWpGQmVGSEk2bHVHbnc1dEp1MXNUVU82Mk9pRW51Q0RTWHF0SVJWa0l6RFZBdE9PVXBTSGkyOTg5UnNwMUZvTFdNQlFka1czNUtOZ2hfRnAzcE9OSQ?oc=5
CNQ.TO,2026-08-27,Canadian Imperial Bank of Commerce Issues Positive Forecast for Canadian Natural Resources (TSE:CNQ) Stock Price,MarketBeat,https://news.google.com/rss/articles/CBMiggJBVV95cUxOLXdXVnJzSWNDWm5pYnk2TnVjWDVJRk54TUpiSGJFczRFdUlUMXViS1N6UUd6c2RwWlBQOEJ0UHZRaFJDd0tzM2lYTldpeDE2ZVkwbTBjY1JqWU1KQU1CeTU1ZUxPeTVkM2JaZlhyZ0RGUXNGUXRITFo5YVd4cUpBZG52b1hLUnczWkZuZlphYmdjdnkzbWY1RHJZcWItQmpZc0N2UTcwM1QxN3ZRaUdCTmk2cWhvZmFNVWhXU0VaZDlpMTlBUzJ3YVNYWmpxbHZoeEhMSHB1SXp5ZmV2Nm9PVHRwcmt5NFdsTkMzWnU2YnMtZmRhWFdLcmNjakM2VzQwcUE?oc=5
CNQ.TO,2026-08-27,Insider report: Murray Edwards cashes out $28-million from Canadian Natural Resources,The Globe and Mail,https://news.google.com/rss/articles/CBMi4AFBVV95cUxOS0VQNXBFRDJLOXBvS3lNSGtva0VjNks2R0FkUDQzZHFlNEhYb0R4OTEwaEs3emtmVThFWHJXUEEzeVVjQUhrZGxubnRoNC1WNXZ6VEVYNHpOVE5ZQ21JTkNlbkFwQ25HdERHbXU3ODIzTDBfbWF0Q2Q2TGNfTGhfM1RpM0xiUDhVWnU5MFI0eU9lWlYySU1XTEl4bmNldEdvQXZfLTFaemxtcWd0NUpKcUZmajFteWduVUR3OEYzR0hJeHdpQWotcFlKTWlSbF9JR05sd0JvWDhRS0NiWGNLSQ?oc=5
CNQ.TO,2026-08-27,Primary Hydrogen Corp. (TSXV:HDRO) Gains Momentum as Natural Hydrogen Exploration Potential Strengthens Clean Energy Growth Outlook,kalkine.ca,https://news.google.com/rss/articles/CBMi7wFBVV95cUxNMzB6eXg1WUNGTkx6Z3pDN0ROZFE3V0VfYjVzUnhVeEJocnhNb3Y3bldtLVRXNW5TaVcyLXdrQndSNHBmTEpmdklBMUI0Q0JDdG5TU3hzcEw0TWFJamF0RElIbHdBMmVjWGZETWdveUtpc0N0M1F3bXF4ckZ1ejFicHd1RVVnUzM4TEJLWkt1TnBUeWZuZTJUbVdrVXZSLWxmbWZreEphMDBHZ01mZ3NBdXgwajJWSDdDNkpid0JBVXNUa0I0SDZ6YnhlV3FpcmNUdnpUVElRdWJvcWdTWkRReEl0SHhJRE5oWGREYzFzWQ?oc=5
CNQ.TO,2026-08-27,Best Canadian Stocks To Add to Your Watchlist - August 27th,MarketBeat,https://news.google.com/rss/articles/CBMitwFBVV95cUxPTjdjbmN3a1BPQl9sVWFHT1psbmpuVERpVkZDdWdScy1HRjh2MFNqOC1Hc0d5UUZCSXEzTGRvNnJ3OTJpMW9uVlJaVVFGWHlBdm9yaV8tYVhhMlc4cmZfU2c5elJVQnNTT0Vza3FvYXFaMERaRnVCZ3drbTRieEIzVEsxZVAzX2RmZmNHdkNBWWhJMVVSb0c4T0RId2pIMEZjSUV1cHlFSzlOa1Q1dXJQYVNwVWxyQ1U?oc=5
CNQ.TO,2026-08-27,Canadian Natural Resources (TSX:CNQ) Dividend Outlook: Strong Cash Flow and Long-Life Assets Support Sustainable Income Growth,kalkine.ca,https://news.google.com/rss/articles/CBMi9AFBVV95cUxPRFVRQm5MT2FWQnJMYllmWlU4MnozQjhMM3VKdXdjUjJSeF84cVVPbmdMREE2VFhZLWhkV0RpXzU5Qk1SeVJCaTlRU1VtTnhPT1kwOHJudGl2dURBallmWUZlMmJVNnZ4a3hYQXdiQUszU1g4UmRFOXFEbk1FRzNhd3k4eFc3blVmc2g2M1VMWVR2OGhYWFhmRFJobUNRcWljMDUtWkhHS0R5ZjY2dTVhYkEzeEZSMDhDZGI1d1pwaEZlZTFland1TVlkSVJvVjhUTWo2TnJnRlZXdUdISVc1cExXa2JGdUctZkIxb2c1SG1PRkxD?oc=5
CNQ.TO,2026-08-28,Support pressure builds: Can CNQ hold above C$66.73 and avoid deeper losses?,Traders Union,https://news.google.com/rss/articles/CBMimgFBVV95cUxQTFZFMjQ0amxGei14ZUM5RmFIOXRWMGkzNWRwOS14M3BxdzR5QVA3bVRMa0ZBWFJZTWt0WGQ5bXlwWlNhR2otYTdGT3BGVGd5WFJiTExRQTRjWkNtMFVvbjJpQU53VUZWdDBiOEtROEtDVnJVdHc2R095dzBPd1VqRFZOOXkzMVJ6Y1h4dDJPaERYdlgzcnpsWXpR?oc=5
CNQ.TO,2026-08-28,Canadian Natural (CNQ) Receives a Buy from CIBC,The Globe and Mail,https://news.google.com/rss/articles/CBMiyAFBVV95cUxNdjFIMmczdGlPY0FKcERoZHBLaVhURHY3MTBVQThFWWpCNkU2ZnUyUEdxSWtXc3VzcFluejRna21MWE9fQ1hOVFJQRXlacURXUFUtRFJhSk1Za0NUb2pVOEJNcXNxYkNoSGV3TjRfVzlzSTlyaThOZHJ3cFRmZFFNY3NJdlRFeFJqTU9YbkFPN09oNmpGNTJpb3E0bElTMjVrc1dsSUIzeF9mS1VuUWx3VFVyT3plSVpxSGpKT2xELS1EdnpVTWtSaw?oc=5
CNQ.TO,2026-08-28,Eco Atlantic Oil & Gas Stock Under Pressure — Can Exploration Catalysts Overcome Rising Risk?,kalkine.ca,https://news.google.com/rss/articles/CBMiuwFBVV95cUxQQ19FSEs0cnV2LVVNd1lZd3owamk2Z3ZNYnkxYkRFdnlYTkE0ejMzOXdhblpULXg0TWlqc25ORWxrbG9Md2pUNnVMNEJtdWtacDdBX3FYWnZESlhyYVREbTZIZmh1clJ3a0xzRkMwQUcxY0dsVFRkdkNnTjhvZk1pbmpqcGtZbHJIMHBnOHNuXzk1dENlOVdLQjJNMTRRVW1waFFFT1JmaUU1bmlPWUlGX3NjSWtNT3N4MGZJ?oc=5
CNQ.TO,2026-08-29,Don’t Have a Pension? Here’s How Canadian Dividend Stocks Can Help,The Motley Fool Canada,https://news.google.com/rss/articles/CBMimwFBVV95cUxPZTlHTl9kcGlRZWdyQllyZVdad2FvSkdGZDd4eTZaLTJXOGcyZW1fNUMwbThMb0t3NU9yY01FU1FsQ3RYb3puNUg2Q29xamQ3RHpVY3N4ZEVIX2FhOHBQdkJLeUV3Qm9uMGJ5cHFyellSbzhqQmd3VzJZN3VqZ1VLeERIeUFoZ19WV2toLV9wOEdhMWpRVjdJS0ZuRQ?oc=5
CNQ.TO,2026-08-29,"60,189 Shares in Canadian Natural Resources Limited $CNQ Bought by Navellier & Associates Inc.",MarketBeat,https://news.google.com/rss/articles/CBMi5AFBVV95cUxNWnh6LVdqcW5EOHNBR01PZHB1VVlUTFN6V1ZkRk1abEdtTlBwYkpXX1ctQVVUSDl3Q3Mxekc1azZJNC1HMEZFTWZpVWZremRVQ3BfcUpNeWpoT2lkRXJzbmZhOW81SFF4dF9qcnAyNnpSRzNyb0tyNEJGZEFVOWJ1d2l0NmgwLWQ0MHV4OFI1WndRdUVWdmY5Zmp0di1KQ2xiVnoxeVRRNy0wTTR3Z1hQNFMzT19xa2ZKVklfdXBPTk9FYnByWkJ5dlFSV0E1bUxlUzF0SGRGYVNlR0FfX2JvOHhsS3A?oc=5
CNQ.TO,2026-08-29,"Public Employees Retirement System of Ohio Purchases Shares of 748,504 Canadian Natural Resources Limited $CNQ",MarketBeat,https://news.google.com/rss/articles/CBMi_gFBVV95cUxQTlVOZXdQQ2hvX0Y0RkFQSTdGTmRJT3Y4TFVjbFZFejNIVVI3NXFfYk1DdDA1Q2RENTJUR0V6WHFxN0FBMmNFa0ljSU5fWTVCbm1OaElaWW9DVDFzRUhrR0QzNWhPYVZfaEZiRE9yd1AzSUtmQnJlWnM3QzhLaGVqZUJBRTNGV2NKT1kwWEpscHdPN0I4MGphNXlsb1VYZl8zQXVYUnRUWGtlZHBycnlrMVR5Q0d6cU0xTTltMzNabDZERHAxODIwMmRmemtMdXN3Tmppb3ROUExuVG5iN3Exc3o3QUtpeWRxSEo2NUtrUTZIa2hpdm1HMTl0NGgxdw?oc=5
CNQ.TO,2026-08-29,The Best Canadian Dividend Stocks for Passive Income,Yahoo! Finance Canada,https://news.google.com/rss/articles/CBMijwFBVV95cUxNZGV1VHpsTzM0Zm93cDlfdVkyUG5oOFRKU0dsYWtNcU1lemd6WEg0d2NnenlCTzVQamtTdmpkb3psUmR5ODNjdlZfT2dmd3EwdlFhUjdPaHJudUE5cGxodkpnMEhhOGd4VXZSMF9TdTR6QTlxX19zWF93Qzd1MlRUeFZBQWxtV3VRdVFrLUpnNA?oc=5
CNQ.TO,2026-08-30,Canadian Stocks Worth Watching - August 30th,MarketBeat,https://news.google.com/rss/articles/CBMiowFBVV95cUxONzFkVzBQNUFLVWMzQ1FHNTV6U0FUUXlFQUNkak9FV2k3YjZZZEJoVTRPTWE4ZUNScWh3MWpWSl9oTWllbEFnZjVnQ3ItbWFMMmk2S1EwaGV6NEpERnYxTUdvQ1ZvQWI4ZUZFUWw2TzdsUjk3ODVieE5WN2pRV3k2Yl91VXdWNV9IclcwM1NRTjd3SG1ZanE2cHcxVHJnSnVWN004?oc=5
CNQ.TO,2026-08-31,Canadian Natural Resources stock rises over 2% as technical momentum drives fresh highs,Traders Union,https://news.google.com/rss/articles/CBMinAFBVV95cUxPZ2d4WHN1eXZQMmJLQi1VRGU0c3RkYlNmdXNZZXN5ZUx2Q1dxaHRnMmhHWjdET0xPLS1QQm1xSnBOU0Npc1ZNandVQS1tdkRsVzkteXg4bFVMWHQ1X1B0NnppcFdWTHJLQ1dYSGZ6TnZvUm9XeE9CamNheDRza0NHN29WM214QUJWRW9rdXUyeFcwcHNfV3ZlWUhjUVo?oc=5
CNQ.TO,2026-08-31,3 Canadian Stocks With Rising Targets,The Globe and Mail,https://news.google.com/rss/articles/CBMiwAFBVV95cUxOSW1YNXlvWVA3WEhHbkRoR1hoeXNtdXNSaEVnMGNNbVhTS2xPMXFaOUZGemFIRDhkLUZPd1hDcThkVklRTWdxaFc5N1ZJcDFfRnZWdndRcnotOTRHNVVmSkwzdVFfaFJjSkFNUVJjc2JSOHlMRkRvNUFKYmZHUElMSXJCb2NFaVlKZ29Dams0NmkxRGU0V0x4REFCekd2SmdnVE8wRGlNd0I4WE9QTlBZVjdpYlFVbTNfaUQxdDc0dTg?oc=5
CNQ.TO,2026-08-31,CNQ rallies as sellers dominate but oversold pressures persist,Traders Union,https://news.google.com/rss/articles/CBMilwFBVV95cUxOWHcyOVpxUWFmZ3pOLUwyakxXOGdvM2VhRUZrNFIyQjVkTWdCWFRmcmZOUmFGa0RJUTJ6bkRkR0N5d0pFc3RBZWlLMXc2ZjFDVVV2cVA1S0V5V210LTB2QlZXaV8yVUhWbkVvV3JXZjlud2lTaUN3Z21EczdGaWtlQ2tDWnZzdW1ocDZFSnZNLWt4cWY2aHBn?oc=5
CNQ.TO,2026-08-31,"Why Canadian Natural Resources TSX:CNQ Is Trending: Dividend Growth, Share Buybacks and Oil Sands Strength Drive Investor Attention",kalkine.ca,https://news.google.com/rss/articles/CBMi8AFBVV95cUxNaERNR1plVTJfYWVELURMRk1zUVJYNzZMa1hoNkRSOFFLbHR1eWphSmljY3c5ZDhPUzlpWGhWaFhnNmJyaEowUGZPdU51NS14eUM4M3didTA2Y2Z2UXF0OGlLcXV0ODcxZXZxVzNrQU56SjhfZHlEcDFTWTBaMGtkMWRwVE9rNGh5S092NG1kNnRnYmNaSzJmSklKMzA4YUhFMEM0d0U5MzZ0SmYtQ2xnTzBkTkVlcEV4OFpMNWhYa056UVBwc1RfekdjZ2JTaXJUcnJrbU5TR05Xa3Exc251TXc4SjhJOGx5Snc0bkZwdnY?oc=5
CNQ.TO,2026-08-31,"Kerrisdale Advisers LLC Sells 45,650 Shares of Canadian Natural Resources Limited $CNQ",MarketBeat,https://news.google.com/rss/articles/CBMi3gFBVV95cUxOODBWQW16U255Q0dvMDB0R3RJV3lweDdnZjZraHVobWhhUU9zdnhMd2RNT1U0clNWNEZzamF2MFJkMlVTWnRZSUZvOGdQOU5RUjc3ZTc3UV9vUm9GekFvNFg3YzA5VlRqY3I3S250NEFSbGlJRTN3eTNkdmtEdHd4TzJpeDZQRXlnMTlOZXBTbU1hNVltanNVaVpqWl95blM1aGV1V3ZwRzhMSG83UC1aY1JwaW9jNVhieWtSWUx4Nm5TTU5XOEhKSnk4ejdiWFhXeW9lLUtUbmJCRTVPVVE?oc=5
CNQ.TO,2026-08-31,"Susquehanna Fundamental Investments LLC Acquires 648,000 Shares of Canadian Natural Resources Limited $CNQ",MarketBeat,https://news.google.com/rss/articles/CBMi-AFBVV95cUxNVjE5aTJtbUhsNnhYaFUtaEZ6cXh6ZFRqVVJyaHlFb3pIdnJOTHFVWi1Zb1poVEh4NE1ta0lOM3Y4N0pmd2RKS2JUdW9Ddldkb05Ra3MzWnRZcVRtYnlONlZxM3lzWEwtRGpnSUFnWUUybzdrOURXZUtRT2x1YTFLWk5PQ29QXzhsX3BJeGg1N0pSbHhDcF9PUDVHeTJXYUotMi1zQ082S0tQT3RpblctTm44WjdNbHprQ0xELVhJY0lrMGFIeEhyelhpemotNE9NSHNRZ0luWWFwc3pWbGdjbmsxYlVKRzdrQmp3OTB4UzJ6OXhwMC1HRQ?oc=5
CNQ.TO,2026-08-31,Why is Canadian Natural Resources stock climbing today?,Investing.com,https://news.google.com/rss/articles/CBMitwFBVV95cUxOZm8tSV9VMkJtWGNkSDZvRW9ZdHViNndrbXowZXVUMl84R29yZmNzT0hxYXZvZUZZTXRuN1J0LTItVzcwMV9SMXY3VmphTm93TTMyUXVoMGxiUlRQVVBxR0x6ajlJNVBDazB4MmoycmZlR2g2Q1ZMM2tXR3RwZWx1bTlNbFRFU3N5RzFtb0VLZXZpMVNZRlVzZTVvWUEwZlpfcnRobkxYaVd4WG1JQkxLYzBzODc3bEk?oc=5
CNQ.TO,2026-08-31,Canadian Natural Resources leads TSX volume surge as energy stocks steal the show,Investing.com,https://news.google.com/rss/articles/CBMi2wFBVV95cUxOUUlSTEVISDVFbEE0bkdVSlAwN0F6YUMtTl82R3IxcjFGMTlxalRaSllCTW85bE94OXBOMFVPUEdGbFJnWHZUNG5zVHlzY1BpWUJzUXh5ZVh4SHFpWURtVmZ5TlhWc3psemdLendORUhjLTNXTE52NW52MVR5SU1mRml1NVNkaE9jcFVnSUpHdmtYbFI0UTZ1MkJPUWlXcV9sS0hyX2M2aTRBNmxmQmlOZGRxTkFKbldDNEtnSWQ4YkR6WVlJY0dqY1BVVDVwbms2bmtncXo1Q2NjTDQ?oc=5
CNQ.TO,2026-09-01,Canadian Natural Resources (TSX:CNQ) Maintains Production Excellence,kalkinemedia.com,https://news.google.com/rss/articles/CBMiqwFBVV95cUxPbTY4Q3hpY1JlbFhIY3pFeF9UQkFrci1xbUJrSGljbDBoZXRMaEJBS2prM0k2Z3NobTRxNGpwYUpuMHJSNHowNUl3QlVvdHZXSnhZMmE4ZDNqNU5hVDFVTkNreFFBckVaM25McGNDclJnLTYtS0VIQmgxQTZudXpiWEhxRG9vNEY1eFNIdl9uNldJQWtUNk5yX2RiT1ptSVhMNWFldXF1UHNyNms?oc=5
CNQ.TO,2026-09-01,Canadian Natural Resources shares technical analysis: Breakout attempt at C$71.83 resistance,Traders Union,https://news.google.com/rss/articles/CBMilwFBVV95cUxNU1FfUUhEOEpFTm05RG9McWhKYkFfbXE3Rld6cnlRdTRfZElzOUI3R29PT3o1VWJyWUVLWm5NTXNXX3F3dEZMYll1eVA0VUJOV1JWZVkta0VVa2QxTzV5OUt6ZXJRZFIwaDFLeTRScHhhUjNmaVNfajNqbGVaVklwT1BZQVhsVTVKZzFCd2NBd0tZb25taE44?oc=5
CNQ.TO,2026-09-01,What's behind Canadian Natural Resources's latest 2.1% stock surge?,Traders Union,https://news.google.com/rss/articles/CBMinAFBVV95cUxOX2ZCWkdLRGpQYUY2OUdhTGdPOW9Kcnl5dVNfeHI0OFFLUi13LXVlZUsySmlYNTcyZW5IVl9oM1R5elAtd1d2bEpTemZZZmY0RG9tUmpXcklwMXBkanBjSE0wS0lHV2ZVZWV4MVFlNzZIdjZpaXRCbXBMSlE5UTE3MkM3VjEzREJ0N3BoVmdhS2tWZXNjMVRhOHlZNHk?oc=5
CNQ.TO,2026-09-01,Canadian Dividend Stocks With Resilient Business Models,kalkinemedia.com,https://news.google.com/rss/articles/CBMioAFBVV95cUxNRHlRZ015WF96LUJyMWY2VUd6QkVyNzl4cFhGUHdzMnJOcERCbS1VOEFtR056a29fdXh4WEFfcE0zbk5sZFhfX0tSbnh5N3RrWE8zSTZqaVlFZmJrQ1R4TjlYRE9ibUJMUnlmOFhJS29IYzVSaE5rSEtNMlN5V1hQNzRva2x5dUNacG40UDdfRTFmZGw0eGs3RkVKZzBxT3M4?oc=5
CNQ.TO,2026-09-01,Will Canadian Natural Resources (TSX:CNQ) Keep Its Energy Rally Going?,kalkinemedia.com,https://news.google.com/rss/articles/CBMirAFBVV95cUxPOVRkbEl2Y0hJSEZJNlRZU1RrZjZOc0p0aWVWLVd3UDlfSGRNNmRoQUIzNTJTX0ZqU2lYS212MWJQTEtjWm5wdmQwQlNOX3Q3eGNtb0Z6dGJCUExIaE1HSkhxWWhOOWdTUDdZelIzNThCNDZxVzNFbG5GSHJLOWJLOFRMSHJBYUp4OURRX2lDcXBrYkQ2MG04WnQ2V3BBRkJIT2xlY1BlVkFvRUlJ?oc=5
CNQ.TO,2026-09-01,Mufg Securities Canada LTD. Increases Holdings in Canadian Natural Resources Limited $CNQ,MarketBeat,https://news.google.com/rss/articles/CBMi4gFBVV95cUxQRGVRdVFPRzRFXzdCMVYwMnlvR1NHakdGeHNtbVdGd3FlY2hGR0NRbkt3YVNrcncybGRmZDRpWU01RmdidUdjWFJYMWllUjlyQ1NZRE9aNmUwQTdtY2JQSDBqRzE2aldQUnpvWFp5N1ZNVi1rTXhwZTViZURMZlJkUDhxUnpKbWhtcFppd2ZRV1VMY2xCOS1wZm8tUVM2RFJidmhJcEtMWHVqbkVBY0lpR1d2QTFxYVpEYXNOeGgzZGFfRm96aFc1NXp4YlNrTFNxRVFvOFQyaEo2Z2p6elY5eEFR?oc=5
CNQ.TO,2026-09-01,Canadian Natural Resources stock holds firm as valuation debate intensifies,ad-hoc-news.de,https://news.google.com/rss/articles/CBMivwFBVV95cUxNS255bXpqNW9udHR1Z2pKaDRvVGxGSXA4TmFwYjAwdkpNWmV3bVhtTTFoVF9GdkZub3dURUpjWUx2dFJiNDYtRFlqSFBMcWg1WGFwYkM4MW0zSWY0QkZpT043R0tNTHhWMmt1TmVDQ0hOSVlBREwxNVBFbmNoNGZaX2hKTm53bzAyVGtMWkN5SXBkSUtGaDB4TmtWblF1MEN4UkpqMm1hWGprcjduQnpxei1iU3Qxb2hoRXI5UTZVZw?oc=5
CNQ.TO,2026-09-01,Canadian Natural Resources (TSE:CNQ) Sets New 1-Year High - Here's What Happened,MarketBeat,https://news.google.com/rss/articles/CBMi0AFBVV95cUxQTG1NQkVxWHlmcU1aU3VZVUVuUHRuRFdxYmV1MHIxU1hZM3VxbGRiT2FYR0VOa3czX2FrVkdCX0phSlRhRXBUVEpESG9aLVFxM0JHYXE3bEFSMjFZOG5naEZVMzNSejl3dXZ4WHA1UTd1czBya0dRYTV1ZDEyTW9tczcxTkpXTFc5azZ6Z3ZtZ1hrZkhvalo4SVQ2VldocVhlcVItTE9tcGJGdXplMkxYLW9IVFJfTDdndHowSlJNdGI1a1lFVEkwMXpzY0dfOW5p?oc=5
CNQ.TO,2026-09-01,Canadian Oil Stock Edges Into Buy Zone After 200% Earnings Growth,Investor's Business Daily,https://news.google.com/rss/articles/CBMi1gFBVV95cUxPaHR3RXRvN1FYM1hxcTZtQnZ6QW82UVhpdUlyMzF1c3FSbEFEQmpTbGViV1hZdzRWNkdMZlhHR2FhQ3lkV0FEbXVPT2RCQkFQMmhVM1RRQkkzOWlJYmtMNGxlLWNIMzR5RVV4MUtSczdGcDBrWDRhQzdHdHlIOFB2UXV1R2QxVURtNEFUTUc0TFcwQ3FSbXZ4elRfYXNhUTFabWVwak1ndzFBS2oydEFFUG9tblJVUFFmX0hxb19RUWhUVXotWlJsMUVJdEY0cHVKZkxiVktn?oc=5
CNQ.TO,2026-09-01,Here's Why a Hold Strategy Is Apt for Canadian Natural Stock Now,easternprogress.com,https://news.google.com/rss/articles/CBMi3gFBVV95cUxOaHpua2F2STNlb2NTVW5PeUc4cTRGT1NOTkhPaUFuc0ZOWWpzT0lhRlR5UmJGdWp4eHVhaVp3NjV4LUlDalpCTlo1OVVIVjVGRHJ5U3Nzc1FreTZVNzkxWWZuUmJTNnRzQ3VmNXB6OU80ZE1FSWpnbVE1aFVtVW14aGFnd2NHa2Qyd0lUNkxpcVJhRDRWRHZIdjU4QXNHbHg5NTBTRW1jNnZNa0szczdvVWNuV0ZYUVVwNUI0Y25ld2o4RTVYV0NqTTNtM3o2b2k3bFlROWszek90WXpEUUE?oc=5
CNQ.TO,2026-09-01,Why Canadian Natural Resources (CNQ) Stock Is Up Today,Quiver Quantitative,https://news.google.com/rss/articles/CBMilgFBVV95cUxOcFlDTV9LT0kxV0pmTVB5MmxFbmJJVXdjcXpaNmxBalRkRWhKY1hPZ3JIMDB6VjItVGlkcUluS04wWTNINEF2bHNIVDh0dm9FS20tSmJsZGY3dGRwQ244dVRYQkd4WUZqVkFVbVJOcGlQNVQyTERFSl9ILXppWVFCdm5HcEJ2V2xJX05KRDA5WkJyNXUtR0E?oc=5
CNQ.TO,2026-09-01,Promising Canadian Stocks Worth Watching - September 1st,MarketBeat,https://news.google.com/rss/articles/CBMiswFBVV95cUxNRG9TOVBBVVRjeUpSM3ZXY05sbS00amNMT1VjejFLN0YtZHJPRjNFOS1femtGLTZPQmxBNmpqLTBxdi00cXBfbUlGUnNCYXZRYmtldmh0SnFKd3NjVDRyZlpjUjdabXN4cWJUdzJUUGo1bkcya0FGaTZpRVBKNUJVcHk2MzM0QlFJT0V0QlZxMTFjMjh2LTBleDYxWUNMck1xSjdpMjZnOXZsZS1nTmcxb0V0dw?oc=5
CNQ.TO,2026-09-01,"45,200 Shares in Canadian Natural Resources Limited $CNQ Purchased by Quantitative Investment Management LLC",MarketBeat,https://news.google.com/rss/articles/CBMi-wFBVV95cUxOSmtUeFhCSkx5OFFQcGhlVlhWVW5EenRudWlFcVI2MDNoN1RhdjQ5YTFobEp3WDROX2NtNE5Ocmg5eXFKakV6RlRSNV9hMF8zVmgyXzBkTHpUZk93UGNkdFJLei1TMkpnam41UlI4VTJFZDRNU2t2OWdGQkk2YV9FWTdFWGY1ai0wUWV5RVVwSVdKc2M1RGMyUTR1amlhWmxuUzhhc3lDdnY1MVVJWnhhUVctenJ3c2dUNDF1MktqZlFGUDl5dWxJSnp4QzRRekpudDB6VUFuemx1WFJZbDFSNXk2ZXlkcjFreVlIOXJuUmVoU3VncUpSY2ZGZw?oc=5
CNQ.TO,2026-09-02,Canadian Natural Resources stock support test at C$69.92: Downside targets to watch,Traders Union,https://news.google.com/rss/articles/CBMinAFBVV95cUxNRVVuY0Zkc1JfSFdQRGVjRGVoQW4ySGtBRmdNNTBnal9fU3ExcVlVaE9WYUpFZlNfSnU2akRiZVBBeTh5VGVLZWdsNEphdUI0MUU0Zzh3djNIaEhQVUY2R01tbUNLOGk2Z2lxY3NDWTB6cVdsQlRmUXcxckdMbW5jZEV5cEkxZC1iZDFRdUpBRU5mdmRTMHhFb0cxNlU?oc=5
CNQ.TO,2026-09-02,"The Best $21,000 TFSA Approach for Canadian Investors",The Motley Fool Canada,https://news.google.com/rss/articles/CBMijgFBVV95cUxOR3QzYTRuSWg4eHZGekhMUjFQdm5EZlVQSEMwN1pSd29BWEs4SEo3NlRXYUIzZEpqWUZTM3NPWWZsT1hNTWxtQnpRWUY5NVoxQmVaakhJZTZ5U2c0NHAwc2dEcm5wZHcxemhUUGFzcmxWZV94VVhSMjZscUw3YXBCRXlyck1KbzVKbXJXeThB?oc=5
CNQ.TO,2026-09-02,Will Canadian Natural Resources (TSX:CNQ) Outperform Oil Stocks?,kalkinemedia.com,https://news.google.com/rss/articles/CBMipgFBVV95cUxOalcwdmM2eVJhUnZaVTV6dzBvVmdYUnZlcGRlTDJiU05KMG8yclhWTkdUR3FkTXVpUHJZS0NqYTlFa1BWNjhnYkE5bm4xbUVrN05GZEhuMm1pM1FFSXlHcjBLeTIxN0ZMSU5TZ09mYTlpc2RaQkd4bGY0N2QxSktDVUJ6OTJpOVhRWnUwSF9JbTJEakF0ZHJhMmF1UG9yb19BQjNob053?oc=5
CNQ.TO,2026-09-02,Canadian Natural Resources Limited (TSX:CNQ) Jumps 3.71% to a Fresh High as Record Production and Strong Oil Momentum Fuel Investor Optimism,kalkine.ca,https://news.google.com/rss/articles/CBMi-gFBVV95cUxOX0IyZ0IwQVRWMmFaVW9ENzFoQ0xCTlBWcmppR3lrZ2xwMWtoSHQzLVBpblExNm8wSk9YSll5MG5FX1g4ZnBNZFVtcW8ybkFPbjNZcktkMS1LRjNmRDhVdkl2TWN4aGpPWHBvdllHLS1fOXVreEpqQjU3Yjhpbld3cWs1eWloYTFxb09vR0xDelpkZGVGakE2cDVUcllEWlJuRzVDSXVzUUFPVWNiOXBzX1FyMDRTX1BHLVlleGNoYmpwYnBfNGh1VHZjMWs3eWxIdTltNjZhUnpJUl9lOVEwY19GVmlWaDNNcWlod2JHWEc2d1NqY2tmWGZB?oc=5
CNQ.TO,2026-09-02,Canadian Natural Resources offers a solid 4.20% yield—but can it keep the dividend flowing while building long-term value for investors?,kalkine.ca,https://news.google.com/rss/articles/CBMi9gFBVV95cUxNY0dhdHdUV3lSQ2MtS25HWGo5OGtUSzktbDd5WjJWRkhlUWVtLUFpdHIwSG1QdzFaTkRVNlRoMVpqLTdrOGRVR0VFTm1ldnlEQ1RtT0tUTWlPU3RMbmNrWjFQLUhVRUF4cURsYkVwYXdFUVFvaHlUMkhEaURjcXJIQ3BmVjZIYVBtdjN2NWVTMnQyTG5DWlVtdFlRb2l1bkpHT09CNHB6ZUxCREpvZkpGaTFTTkNmcm9fR2tGcE92MWVLLWhoN1Q2UnhHZVdDOVowTERtUnBXY19PbXgzcnhVeC0yb3NYd1AwcDlIOVEtNXVaQ3JBNnc?oc=5
CNQ.TO,2026-09-02,Is Canadian Natural Resources (TSX:CNQ) Still Rising?,kalkinemedia.com,https://news.google.com/rss/articles/CBMilgFBVV95cUxNRXNyWVRJT3ZzT25ZalBHQmVHS2I5TWJuX05pdWo1bnJQUjBWb0FNNHF1OFVSWVpsWXZQSVpRNWxNQTF0YnJGSnhQWWhEcHFHM2kxWFBrQjhQT1Vvc2hKNXdidHZISVpMUV9xTzJBRTQ5MlJXMHZVeWlHa3hsd0VFOXhKOGZBNmxWbkgydlJ0WElOQWUxSnc?oc=5
CNQ.TO,2026-09-03,"Canadian Natural Resources Limited (TSE:CNQ) Receives Average Recommendation of ""Moderate Buy"" from Analysts",MarketBeat,https://news.google.com/rss/articles/CBMi_AFBVV95cUxQUzdIYk0zSm1TT0JwcnVsMEIyWV9SamN4cFVvTjhodWlTNjlUZ1R6MnpBWGxDQU0wODZOWk4wbHd5MzN4dU4zRTJqTU9MRmhLQ1F4ZV9xSHpyUHUxYzlLeFoxOTc3dWxGdXFqTUJZcXJZcnJ6VERwam9hTS1Ea1lwYzRyMVVSdk5zRHZfc3lPWXFfM0QyQk5zRDN4RnlQYi1PN1hHWXlQZ3hHdDMtQmExS1hNM09vcGhEVkktWVNvdGVIdG40eWZROXM0QWxTd0ZQcTFjejUzdWZSZ2ZZUDV3TXU4UnZiVUxiRnIyR1llOXlra25GcV9IYWFrMGg?oc=5
CNQ.TO,2026-09-03,"Canadian Natural Resources Stock Slips 0.58% as Oil Volatility, Cost Pressures and Energy-Sector Caution Weigh on Sentiment",kalkine.ca,https://news.google.com/rss/articles/CBMi5gFBVV95cUxPZ2gxUTgxX2doYmpCMF9wQ1d6emVUWFMxSXk5aS1mczRQSktQNXRwX2lOblV1U3FOT0JIczRSUWJPNFFsOXAyRlo4U18tSzF2bkk0MDFHQUlaMUptdXJVb3EwNFpDMlMxa2hORUJLWVhXajlBVGJscHpvM3R5OVhmdzhHaUhqR3BmQVIyNEU0RVZfdDR5TUg0RXlOdXpLcHlQaE5PVEk5VTJfb2FNd3UzWktXWlJnTTZhdVhFc3F1ZWlPMENRakcyZzdmdjdfTm1HOGpPTm5NT1lfM1VZckRuQnJCNDE0dw?oc=5
CNQ.TO,2026-09-03,"Canadian Natural Resources Ltd. stock falls Thursday, underperforms market",MarketWatch,https://news.google.com/rss/articles/CBMizAFBVV95cUxOMzdYQkZmQlJuZWlnZ1BGNFRLRktHNDdVQTNJMFRDQ1I5ZkNnTHd6SWFZcmZhZjBqczZ6MTBlVGVJN016WHQ1LVRzbVlGbS1zdW5MbDlMelo2Y2tFN0s5Zm9KNjBkWlIxalVoVzNZSDJLcFExRS1VYmZmTktyRVVfMEc4WGhvN1VtWC1iZXplUEpEUXFwdEtsVi04S3RvcU5sQmdONVRtaEtQMEx4TWJLWEhET0NqaTRxQVFUdDNIWVhxeTNSbHZfc2FidVc?oc=5
CNQ.TO,2026-09-03,Is Canadian Natural Resources (TSX:CNQ) Still a Reliable Energy Name?,kalkinemedia.com,https://news.google.com/rss/articles/CBMiqwFBVV95cUxPU1RsYkRWTDBFMkdubGMxY3BTZGJFOXhTMzFlQllUSXNjLW9pSUdFN2xRWTJURUJURS10aVRBc25XcjI5ZXRKWXpSN1Q4U3RDMlBRdnV1aXZLVmpOQmlnOTF5ZXUwZDdYWjUxRGN1TnJjckVyd2gySl8ySVVIWmNlUDJldWxVajBLbVo4MnVlYnJjbW85SGJucXFFYlJyNlRfUWx4RUNkS3c5bTA?oc=5
CNQ.TO,2026-09-03,Canadian Natural Resources (TSX:CNQ): What's Driving Oil Stocks Now?,kalkinemedia.com,https://news.google.com/rss/articles/CBMiqAFBVV95cUxPb0dqLWxuZFRjOFZjcjNmUENsZ1FzTmJGaDVoT0xSaTE1cnh6NExoSDNJLW1PNldYbFpSM0hSVVdTZlNIYmhHWTRjR3YwNXRVUEh1Q3hTOVFpYTNiVTIxX3VBaHpfOVFiY1BMem5TRmRQb0ZvVWZTWTZkQkx6Nk5CbzVxeGZLbWlvdXJHQm5SMGJ3aFdtSGI3dUZPQkxZM3VzbmZjNllPbnI?oc=5
CNQ.TO,2026-09-04,4 Canadian Stocks That Keep Raising Their Dividends,Yahoo! Finance Canada,https://news.google.com/rss/articles/CBMihgFBVV95cUxPeDNXUDRNVkxwc3h2UWtnZUhWQi1nR2xVTzg5REtsNjhFeHROQlRnQ1RWcWVrWHdMaC03bnpHQWkxTmw5VlJmRzMwSjZLdXY0bzhELWdaVnVuRWFIM0JnWExwZDZjblpJZ1hwRXdXRFd2SDhWNlNxVXBXeE5LWG04dFM1bGRtUQ?oc=5
CNQ.TO,2026-09-07,Is Canadian Natural Resources (TSX:CNQ) The Name To Watch In Oil And Gas?,kalkinemedia.com,https://news.google.com/rss/articles/CBMisgFBVV95cUxQTzZQVkJjRFlIUFFPZnk3a29VeXIwbUI5dTlwYlNzQTVMeGstdVZvaU0zU0lURzloV3JmLTNTekJZN3N0czF1dlAtNEhtazJYWlc1cHRvRTBtX0FDclNmR2NLMi1jVURob21sQi1LMTdjNmJuMURQcUZLUURfdGZEdTNxRW1WeW9xSlpVNnpGd0FXZEUwLS10ZEgzNEdENGRJZmwyQ09LazlNSGxHU0NHZGVn?oc=5
CNQ.TO,2026-09-07,Canadian Natural Resources stock challenges C$68.13 support as weak momentum persists,Traders Union,https://news.google.com/rss/articles/CBMilwFBVV95cUxPQXRZTVBFZ0F2dEp2LXlmSlZtS2RIVWVNbm5rZDV3dXh2QTdybGVlZ2xZZlVEX0hCVTQ5QTIwMWtoS1V4VUdmR3FMcVBoWmpmNEpnU2xKOEI1WkJiUlBudndzYW9UOXp2Wmp6R1NvejE5OXAyRjRla3NuZ3Mwb01VTmZwblBNRmdrV1cwSE4tY000akNzVXA4?oc=5
CNQ.TO,2026-09-07,Could Canadian Natural Resources (TSX:CNQ) Become A Value Stocks Favorite?,kalkinemedia.com,https://news.google.com/rss/articles/CBMisAFBVV95cUxOMmJwTVV3XzYtcE83dW5CcmVMci1KeUdvRkVfM0s0RDNNd3NaU0lzWHgtMlpxcjFxTHFEMW44ZS1qRjlSa0JnV2ZVQkxTVkRRMEJLUEZZc3A3aUJsSk13cGRNUklvQzBNSUpNTHIwMVB3ZmRfQTFoTVVCUXpRX09TSXNXOEdxOXJuall6V0ZHRll2bGNVOEpKdVFQZzJzeFpqZ2lONE1oNGpoMU05RzJIaw?oc=5
CNQ.TO,2026-09-08,How Is Canadian Natural Resources Limited (TSX:CNQ) Positioned Now?,kalkinemedia.com,https://news.google.com/rss/articles/CBMiqAFBVV95cUxNMTRRYUlvY05FOTFJVUVJSEQweEFWVjZuY0FsMDRhVm4zRGdUcEp4a0VTczlUQlpTSm1TNzRtWWV1dzlhMmZVbzN6R01PWnl2bVpuc25mV2ZNZTN4U2pHTnBnUUZ4OVJ3NC1Bd2ZPS1Fka3d2bHpMTHNPaEVzd1ZnRkN3Z3FDUWJoWi1SeV9RTG5ERFAybEtMelNDRERmY3E1RFY5WXdGYXk?oc=5
CNQ.TO,2026-09-08,Canadian Natural Resources Limited $CNQ Shares Purchased by Amundi,MarketBeat,https://news.google.com/rss/articles/CBMixAFBVV95cUxQd1ctVmxjUWFIdGh2Sk01QXBjaFduYjBIWEJkcVhvZVMxOFlBMmV1MERzVGVZTy1jYXVpNWpiSUZoRC1mWTJkVGRmT0podXJkTXoxM2p1Rk5EVTVTTzljVW1CbVdkb29TVzdBdUZmTVV1WHZBV2NIVFhYcmtOcjJ6X19xam84eWt0QUNFWmM4NDZLT3ZpOGFaSXFtZmhYZDJwZHpxMWxjMDNjQ2ZzcVZaVEc3Y2wzUUFFNXhtelRtQTY5OTB5?oc=5
CNQ.TO,2026-09-08,What's Next For Canadian Natural Resources Limited (TSX:CNQ)?,kalkinemedia.com,https://news.google.com/rss/articles/CBMinwFBVV95cUxNaUdHRk9NUkJ3bEJIbmlTNmxYNXpJVGw2TjZsaWFrc1RUY3hOSS1OWUlxTDZJSi1tTFh6T1h0UFRnZHo5RzhEZFJYXzNFX01HZi1xSkNIdGx0cnF1YUhNUkszTXhMNHl4TEtKV2ZxbnNodWlyQzlmUkhBQzNHQ1U3LTlseldkbS1wMzVOaF90WDY4MkdINjhid1Y5OE5kOUE?oc=5
CNQ.TO,2026-09-08,Canadian Natural Resources (TSX:CNQ) Gains Focus Among Canadian Energy Stocks,kalkinemedia.com,https://news.google.com/rss/articles/CBMitwFBVV95cUxQbmFUdk1ySXVEM1lNZmZEMGNETUI3ZUpVelBEWXdOak9iaXh1M3hsMnFRcFR2Tmw3bEZEVkMxcW13bUdSZ3RIQlBJQlN0RGpVM0ZrejJnbFNCeV9RSzVwaTM1TU5XcDBKa0JHQnFhdERNT29JTkVjU3dKdU9OVXZ6WDFMLXhxS2x0cm96Q0xqejU2eFVRVG5JUExKVXVzOHo3dVpBOS03ZWtoZ0UyWDI2YnN0am5mQk0?oc=5
CNQ.TO,2026-09-08,What's behind Canadian Natural Resources's latest 2.0% stock surge?,Traders Union,https://news.google.com/rss/articles/CBMimwFBVV95cUxNUEhKZlljZ1BhSzlHSWRtYzdTRDJxMmlhcGs3SDF4R0FJaWY3OGNzTVFqMUYtdlRucDBjZlFxRjNfSFVRSlJhVEpQMUx4TDdzOGc1VlR5REhpVzFrWEFyVWJmNjRmQUlnbXA5dkZCN0ltclZGSEk3dnFIbFdxc2kwa1lLVllzZjhIMENjMkNydWpzVXgtV2RCamlLcw?oc=5
CNQ.TO,2026-09-08,Canadian Natural Resources Limited (TSX:CNQ) Offers a 3.5% Trailing Yield — Here's Why Income Investors May Be Watching,kalkine.ca,https://news.google.com/rss/articles/CBMi2gFBVV95cUxPTjhJUGxDU05Malp3cU50RzFESkMwNkpWeEtfbVpWaFFnb2pFSE5ENmM1enppRllCVGV4N1paTTUyYlFpcFdDSEc1Qm5MZUh4NmV5Qk5wXzVnbUJTOTd0TWc2cmY1cWRzaHVGanVWT0hqenVRNjZ4cnhyUUVzZ0trX1QzV2lTd3pYekxnMmQ5d3R0Vk5tWW5BX3p0QWpRUEE4dFpaVExXYzRScGtDMXB2RzlTRGRNaHFhMjlPZTJLUm1HMkplVnhwVjh2X2lwWmQtbU56ZFFnSHl6dw?oc=5
CNQ.TO,2026-09-08,Whitecap Resources Inc. (TSX:WCP) Is Yielding 4.1% — Is This Canadian Income Stock Too Tempting to Ignore?,kalkine.ca,https://news.google.com/rss/articles/CBMixwFBVV95cUxPSG1jY1VWUDNrRmR1NHhsZEJ4OFdiVDNteG11OW1ZZTBvNU5OY19xWWVZbU8xd2lMdEs0ajFaQXBsVkV4LXJoNWtsaE0xMVZnUF91cHAyeWFneVQyX0ZXektELWZFdlhqZ2diVVplZkNGdDNHbXRCRUd0NFppSEFrV3N0OGh3bkFoalZIZ1R0c01hX1U5eWZBVnVPTXBpWjhCYWNuRkZieDJVcHA5eldBQ3lCT2xSUWo4LWt5X2tmdl9kZldZbHN3?oc=5
CNQ.TO,2026-09-08,Why is Canadian Natural Resources stock up today? Amundi stake increase and resistance levels in focus,Traders Union,https://news.google.com/rss/articles/CBMilwFBVV95cUxNeE9zU3pDNFhlS2t6Rm4wZS1sSUxPNVdTdUxvaWNKcXhYdmE2Mk5iRy1zeFBXUlk0NkJoSXFXRDVKTklJNGQ3MVlXYi1MdXdWLTZ5ZndtYkt3amtVdzl5NU1oa2VYMXhqTWROaHhRZEFPaVM0UVRNYUpqRnBoX3htR2dDTGZSeHVnMC1NV1BQLVJTQVNiYWdv?oc=5
CNQ.TO,2026-09-08,Canadian Natural Resources Limited (TSX:CNQ): Why Are Oil Stocks Moving?,kalkinemedia.com,https://news.google.com/rss/articles/CBMirwFBVV95cUxNZU9tcUtNckVsdEZYcGhtNk9kVEl1YlVRZmR1WDRDQlh3QnpsTm9mbFhBNjFfd3lXalVwZ1Q0dTRlVkVtVEdhSXI0QkE2U2NqLW9OQ0lPUk1FckE4NVZZZUM4V1ZRSkVSXzNNTXRCMFJWWXN2Ukx2a25yS2x2ZmpFcXB2SEQyMDZybnB0TmVCQlF3cTZaUE9mZXlLMmhyUkxkcTF2SXQ4NHFIelZEdUxZ?oc=5
CNQ.TO,2026-09-09,Why is Canadian Natural Resources stock climbing today? By Investing.com,Investing.com South Africa,https://news.google.com/rss/articles/CBMitgFBVV95cUxPc3psaERDNDN5TlNjVldlUlVvWmVPYjV6c2FSSVE0WjBEREQ4Q1lIVzdqWjdvVERILTRNQVJWNXBrU21YTWFDeVBFeWZGRmw0ZGIxYldoWE1FSGdkb0lPbnRpaGF0UDE5SnFxNFBmTVZxSGFRWUtTd0FRdW5CZ2k1aW51Qm9sMjBNRlNpUnZvLTVpNDZEc2x1cUVjcGxHTVlJbkc3QlZwdHlnTldsRnlId1VxWFdkQQ?oc=5
CNQ.TO,2026-09-09,The Top Canadian Dividend Stock I’d Trust for My Nest Egg,The Motley Fool Canada,https://news.google.com/rss/articles/CBMilAFBVV95cUxQNllPVlpKVDlLUl91emNodWVPR0VCMU5Cem5xVFREb0lmRFo0MXdWOU56MEJQQTBrX29mVW1WYjF3eWJIbzhxaWVfcjlVcWdBUHRNdTU4SHpFNm1obDB5NWZtTWtKVkVUOHlyWHRFQWt6NlZXWkhxZFJid2NUeDQ5bmp6UnlTWG0tZlJlV003ZzFVWUV0?oc=5
CNQ.TO,2026-09-09,Canadian Natural Resources (TSX:CNQ) Energy Stock Full Update Today,kalkinemedia.com,https://news.google.com/rss/articles/CBMiqgFBVV95cUxNZkpLdjlYaVZEel9HMzZuTUpuZTVQblJad2ltU3QwRmNEN0kzbjRfcEhiQ1JidF8tMjIydDNDZzNRNmVwTnVJOV9GV1VxUjhCRFduVy0zWXczZkU2YlQwbFdwczVpelJxZWoycTVsUzJueXU2b0tUVV9INDkyMG1vZ2lONnVCeTZRSDJPNmxxd25SOVRzNTZHMHlyOGE0dXdhekZ4ckJVdUJOdw?oc=5
CNQ.TO,2026-09-09,Why Did Canadian Natural Resources (TSX:CNQ) Stock Rise 0.559% on 8 September 2026?,kalkine.ca,https://news.google.com/rss/articles/CBMirAFBVV95cUxNSUNmMkFJV1NGVTI4cXJKQnd0Z251OGhGZHJnYWpZM3M1M3QxcXhrUUpmTE5NMUdrLVlnLU9pRWIwelVEcDNZeEt6N2ozNWRvcVBrTkF5UnpqRVI5bkZvQWhFWF9oRVhIN0FSVjlDalhuT1ZMck80ejJjNU45bzh3cFZiR0RBR282VklWWlFVbkp0Rm5DZnk1bl9wc3cwalF3bnd6dEw2RDlBT21T?oc=5
CNQ.TO,2026-09-09,Canadian Natural Resources (NYSE:CNQ) Shows High Growth Momentum With a Bull Flag Breakout Setup,ChartMill,https://news.google.com/rss/articles/CBMi3AFBVV95cUxNcGd2aDc2ajRqd0tjdnhkemp0VTBZNkNXUE54RFNramtHS2pxMF94REZmV0kxNUY0a3lwWHdTdGVpZV9fRmZ2VHB6ZE9jVzZ5cFZYNE10YU1QbkFoY3pBTWs0LVlodDIxbWV4bW5rZmFXQ1hOa2pzd3EzT0pOeDVJWkJRMTAwOFkyWmcxUGdDVFhhbV92YnJaT3NFalVrTk10MElYQnAxT3ZrU0ZRaURDN1l1Q2ZQaDkwVlZUSkRBY3JfYlJIQjZYQUE1YnFXcGNjYi1PdE9JWGFGUHRC?oc=5
CNQ.TO,2026-09-09,Top Canadian Stocks To Watch Today - September 9th,MarketBeat,https://news.google.com/rss/articles/CBMiqwFBVV95cUxNdkF6SFlnekZqUUpsQl9DZlg4cDl0NWtTNXJscWp0alcwWDM4bXlnc1pQWjdFOUVNUTRyRUJjdmtOYWpkLWZFYnhwZzZfUW1wanFKa3VZVTEzRDJYX0psZ0lGb0pzZTJ6cDdQUlREQUxnNDFZV0RsWkt6RmlQSWdjX3Btb1hOQlFwVTl6NHhjNVNtTkM5Wlp0TTVQTlJaSVRySFpBUmd2Mm1SYUk?oc=5
CNQ.TO,2026-09-09,"Cidel Asset Management Inc. Buys 326,962 Shares of Canadian Natural Resources Limited $CNQ",MarketBeat,https://news.google.com/rss/articles/CBMi4gFBVV95cUxPTjdySnRvYzNUcHJOQWpXSjNYcExUTTlSYWEyZy10S21FSjJSblp6SGsyTk5LazQ2Tm42MUNCUG1ydXpGeFpDLVBxblRHVTlQMUg0QllaMGotMzFQcVdCd1dBQUdBU2JnYlZRSFRjUnQ5bTNiaFhGUjBXckNsRkJ1UERQZDZ6NnFMR0k2OHg4LUFLcUtmdTAxYzhLU2RpclJkMjNuOTdQWnhMbVFjUl9oVlk2WjJiN1ZQY002NjV0TnJZbmFNaEQycnZaOWNramxINVFRNk9pa2tXNzczOWh3YmhB?oc=5
CNQ.TO,2026-09-09,Canadian Natural Resources stock resistance test: Breakout levels to watch,Traders Union,https://news.google.com/rss/articles/CBMimwFBVV95cUxQckhhV05IaF9UWEt2YnlrbTJ3QV9HQndlMlZrTXJlX0pGRnZaZENHZjYtRmNya1JHVi1XREd2OGZabUY5bUd6Z2tTbmwxM2hOeTBzNGJpNGxyQkw1TlppWHlkckRITTVwUWE2UDhpTlZ4cEw1ZWJSMWhxN3RRWnBhblpkX2lXekY1V1VlTURWbkFxM0gwNEpEYmw1RQ?oc=5
CNQ.TO,2026-09-10,Oil Just Topped $100 a Barrel: 2 Canadian Energy Stocks to Buy Before the Rally Runs Further,The Motley Fool Canada,https://news.google.com/rss/articles/CBMivwFBVV95cUxNNUFqdXU4dERFcmE1MncySTFnaWFOUlJvdGx2ZTJTbTYtak5QMU9ud1dfOGdvQTJ4TDVlQUVCVVJxcHNUQThHRF9FY1JKMWNFYXVtVEZ4RjdfR0c3WXd2ZzA0VUhVMVRuOWw4dXFnc2M4eVVOVTlkUFNseG5MblZzNnBZVllEWUhKT2djcnludWhJZFBQTjFBZVJFMVhTNnlvX05GbTM3RE9hN1NESklOSk5kQWFrY3ZGQkUtZklVTQ?oc=5
CNQ.TO,2026-09-10,Canadian Natural Resources (TSX:CNQ) Energy Stock Latest Trends And Catalysts,kalkinemedia.com,https://news.google.com/rss/articles/CBMitwFBVV95cUxOWTRJVXhxQ1dRTm1jX2RXTnlmcWttNmNyX29lUFozVFQySkxocWktVjdEUjNvMW93OVhHdzdPMENfQUxQMWE5TDdnNmJRc2pCcEVRN0pVMk1oVVh4TXhBV0lHOUtIWF9UeXlhZlFETklVeG5yT05PdlNURlBEZTRXYVczNnVQa01jeUliUldBUUhaMkRnQW5ZaDRoZEtQTVFWRDhzcTZtUldzZFJoUmF5VHNkY2lUaFk?oc=5
CNQ.TO,2026-09-10,What's Going On With Canadian Natural Resources Ltd Stock Thursday?,Wealth Awesome,https://news.google.com/rss/articles/CBMipwFBVV95cUxQZG0yckhUelJWRkl2S1ZZcktiZnR4WnBJbVZEUTFkX2M3XzBKeDVLTnk5dU9uaVdlT2h3U0o1cXNLTnZ1Q0JpTFdYb3Z4blpMLTJaTlJfY0hKNEdDVDNVZUZPU21WVzlFQWVRMWdiOGpkX1dUTllGWTZtcV9WMjdjMUdvejl3M290RHYxWnYzTDF1am9ucEJYYURWN3BLMElxOExSTWplMA?oc=5
CNQ.TO,2026-09-10,Canadian Natural Resources stock tests C$69.33 support: Support levels in focus,Traders Union,https://news.google.com/rss/articles/CBMimgFBVV95cUxPbzJzZHo1RDlhWEFabjY5RFFEWnQ1ZjZjb3liRlJJcjFQWE9IRGNkaDhCMGtYbHR0cEJId29aWHgtRTFxWGZIZ2dvbEpWWjBYY09vYUF0YjJWakliSWNoVThRRUh6MU5GYnFvcS1NejAwbmR2ZHVJQm5kX3JUdVlnLUN4WWx4cWgyc3h3aXpJdmhsV1YwLXQ0RjNn?oc=5
CNQ.TO,2026-09-10,Is Canadian Natural Resources (TSX:CNQ) Fully Valued After Its Record Quarter?,kalkinemedia.com,https://news.google.com/rss/articles/CBMitwFBVV95cUxOVmFLZ21vN1VvM1lDUjVzWEZrOWcyVER6WjFtNEoyLW1NeEpRcjFLNlRkNTNfbU02RWpYaW11N1B3bjFuMDE2S09Za3BPZkprY3pFV3NIOVl2dHNRWkd4ZnJNU25CX1pjQUwzMnJxZUtyRWxLTzFMb252eng2Qk13ZTl5NU5hd0RIY1B0UFM1QzdLRnJ5VGkyUDRNQnlhN21EWEtvS3d1T3VIaGE2allrd19Lck9ubk0?oc=5
CNQ.TO,2026-09-10,Canadian Natural Resources Stock Rises as Oil Tops $100: Can CNQ Keep Climbing?,kalkine.ca,https://news.google.com/rss/articles/CBMiqwFBVV95cUxOdDYyb2kxR0ZOdzlsU3RxQ1RZTndVVFUtMnJrR1BsZm1HelFyVURaMVB1TUxZbVNyUzQtTmJCS0MtQ2g3RC1LdjBGMkF3X1B0ek5KWnhpYUt2SFZBamRLWkdmVGJIV0N2SFpLYmFlanZyTFFuMW1LZzQteXFTUnplR04yemtkNVE4QTY0T0VURXQyMUpJd0ZqaVV1bl8yQjZsaGJFQWVXYk9DcFU?oc=5
CNQ.TO,2026-09-10,Canadian Natural Resources (TSE:CNQ) Reaches New 12-Month High - Still a Buy?,MarketBeat,https://news.google.com/rss/articles/CBMizAFBVV95cUxOVmpBbEU4bXlxOEpnbjRrTjBCQ3ItZG13cDBkUGExOFJpQUxLZ3JZMm1FZktWUDRGWUhZNXJCcVNaUVJCR2NBNXRTUGdkNzVKQ2pfZl9tT0ZtUFB5bDFNQUh4TXlJTWRtOHp3YWphRjZJTkdJQ1h0MFM5UlNSZUZvWmxhVjBZeThfU1h0Z0l6VmR3VURHdzc4ZFhZaDNjbk1XcG9Ta1FESmpkNEdkU05RSDlGZnEteE1VUFBfNVpHeDFFMUJ0SFl6dTZMRnU?oc=5
CNQ.TO,2026-09-10,Canadian Natural Resources (NYSE:CNQ) Reaches New 1-Year High - Still a Buy?,MarketBeat,https://news.google.com/rss/articles/CBMiywFBVV95cUxONTg5UzkxaWFIVW9hd2J2QmJpRl83bVFwdXljM3ZJclVJb2h4RnNJbGt5Sk91TlgyZmJRVF9LTEVfRzZuTlZ5VnhrOU4yX1JKT0FfbGtCbTBoUkVDeVNnVkp2WnR0Uktub2J2UElObDcwZS1GaXdTb183YVVDd1dsend6RkRWSXhJU01IMHhOVDRPQ1R4NzUtTnBTZ2NjLXhoSHQ0YlczZDVQcThsRU0wXzVIUVZ5b21QdkFlcktpb3dJMFNwSm9fT2tGMA?oc=5
CNQ.TO,2026-09-10,Canadian Natural Resources (TSX:CNQ) Following Record Output And Strong Earnings Looks Fully Valued,simplywall.st,https://news.google.com/rss/articles/CBMi3wFBVV95cUxOdzZWSWZ6LXU1R1JlNTdmQWxQUlM0N0JZMGxQSnRVd0dvTWt0ZGxGQnVWYjR6M29WQ0FVX3pZZkx0cndFbHVsU0wwV0V3dUdvQ21jbl9QUUZtYmM5ajFVQnRNZUh1eGFldFFwMWRQSW9GOGNYX0pnTXZRZWJ1VkJLOXlra2tmUThDdTQzTlh4bHB1ZnFqY1ZKTjE3aHBxbUZnRmxoeDkzZllVbGtVNFUzakZ2LWZJd2VldVZXZ1VkOTVIT3lZWlNfVFJiVEM1VmIzSFZVdHh2ckFaSTNqMGpz0gHkAUFVX3lxTE5EWGlDRXUyVGo1MEdEX1JZdk94Q2RWWlZEelhkY3o5ekRuM1ZiMFBoZkRmdUZFQkZUTkNVeWd4dWlrNkZmblIyb3NCalBkbDNGeFZLblZRaGFjWnRFa0FCNGUxTmdfT2hBOUlGLVkxSlBTWVZmN1BtR2JTMUJ5RFdic1dRS29XVnBxRk1TTnJwSDhOeTJxWVQ5OFNjanN2RVN4YnJGd29faEpkTUhoMFg4MlZxRWF1QTNSVHczdDFDWnhyOHFzTlo4TVJ1cWZRcVItT2Rld1VRb2ZUZ1NaR21vWTBOZA?oc=5
CNQ.TO,2026-09-11,Tidal Investments LLC Decreases Stake in Canadian Natural Resources Limited $CNQ,MarketBeat,https://news.google.com/rss/articles/CBMi1wFBVV95cUxQakdpaXF4RE5tUkxtaWlHVVI2QW9sWU5mRXd2eldzVWloU0ZEVFdTVU5LdGlnYXFaUFRKSF85R0JhOEZqSDAxYzZPY3Z0UkozVUR2QU5TQUUzWm1FZWVwOFVGQXRBTkpieE5LWUZGaGJvbkR2TUc1TGtVU0lGNm0yUmczLVV1NllfM1ZWX1BaSE96aW5fLWtVaXlrS1VWeVZXSm1kbUcyUVdsLXBwVmVvM1BObjM4ZmpTRFdnVUhjaEVNdXNVNWFFcHoyZVdSTVhoOG1LLTVpcw?oc=5
CNQ.TO,2026-09-11,HighTower Advisors LLC Has $7.13 Million Stake in Canadian Natural Resources Limited $CNQ,MarketBeat,https://news.google.com/rss/articles/CBMi4AFBVV95cUxPc3RhYjRiTkE1ZTZvSmc4QVdkYno1QVRicTA0U2E4dUpYTlp5X2x4Z2ZnRkNpODEwSV9aR0N4eXVEb3RaYmFhU2dXVHZIUDZYZWFrZklTZms2dlRQTkRzV2NGOVB1Z0FfRzhhUkRlaUdPRmFjaFRPV1I4SFJsWnZ3aHd5UnpNdTRaSU9Yc3FyMEozR0JkLWFDYk43SktIX1EtZXZtYkVLVm5ZRHZWb1ZrNGgwTkNYSjNid0xxdWlpYUZweGFwblpPd3l6b3VHT0VpOU5KWF9Kd25Zd0QweGJpbg?oc=5
CNQ.TO,2026-09-11,"Canadian Natural Resources (CNQ:CA) Analysts Rate a “Buy”, with Technical Analysis Producing a “Sell” Signal",The Globe and Mail,https://news.google.com/rss/articles/CBMikgJBVV95cUxQYW9zMmNuZEk1RWU3OVhINUQwZFF0eXZuOVFpUGJ5WkxrRDVqbW1FR0FTY3JPdmdLSlhtdkZVdkZPQVc4T2h1VzgxLUx2M3Y5SHFNcmJHQ1pMcU96aWRkeDVHZWFJdWJ3b1dhTklSZmdHb1dfUHh0OVRzZVN2WTByS09uSmVHMm9jUFR6cnVFRUpuUURJd1RLVXRkbnBYUHc4c0NYb2V4ZENkUlZFVk5YMDRBQXZsVVFlaUJxd21pek96VVo2RTdtWDlaOVhCcUYzVWQ1aFlzRGdmeFdJWVVXZTZGTGJrVHd1R0NBeV94dFVHNnhDcENET0JDSGlnQVNHN19faXBzVERWb28wejRaNjBR?oc=5
CNQ.TO,2026-09-11,Top 5 Canadian Mining Stocks This Week: Perseverance Metals Gains 53 Percent,Investing News Network,https://news.google.com/rss/articles/CBMiVkFVX3lxTE1lOXdSczkwZ19VLWVZY0o3alpYS2t3Q2lxelZOUGVrQWdWNmc4cHZFSXd3d095cngtRFQ0OW5tOG1zc3pfRmhPZmVTRzVBMFlySllpb19R?oc=5
CNQ.TO,2026-09-11,Why Is Canadian Natural Resources (TSX:CNQ) Stock Slipping 0.93% on 10 September 2026?,kalkine.ca,https://news.google.com/rss/articles/CBMisAFBVV95cUxOakxubmN0Nm9VbWtpRDlTM1lZR2dBWDVRQ2NxeGFkOTBYX25SZVQ3UTUtb0x0R1R6NVQ4WXBhQm9hd0pEZDgwMUZ4aE1MTEJudlNYVXBCejFOY1hfaGRDRWswcWJVaWE0eXBQRXVKQXI3VTRILUkyc0pTWG04bUZnZDRRX0hKT3M4cXh4U3NubG4wWGFuT2VtWUNmZHJOOFFCczVDeWtoSzY1TGNKSllTYg?oc=5
CNQ.TO,2026-09-11,Canadian Natural Resources (TSX:CNQ) Climbs To Fresh Yearly High,kalkinemedia.com,https://news.google.com/rss/articles/CBMipgFBVV95cUxORFZJTFRaczRvSnpxSUp2d0ZiSzdjSDNQd0w4SzhmWmU3enI0VUNRM3ZjcThrREFIZXFpNHVkWTJ4emJxaFpET3kycDdJNDhkaVktMnJQWEJIbnRUQk5MU09QRGRiWm9INlNvZlJHQ3RmVWphbkhQdnlhLUdiN2JsbUlPTlV5ZWtkX3pEcUl5dndEVGNOTnJKdm5hZGJlcGZEUHVCNjdR?oc=5
CNQ.TO,2026-09-11,What's Driving The Buzz Around Canadian Natural Resources (TSX:CNQ)?,kalkinemedia.com,https://news.google.com/rss/articles/CBMiqgFBVV95cUxNS0FCZDVCNjc1S01RUmRCTno4RlpOZUN5enh0VTRCRU9nNldNMnR1LWp5QXVKdk5rOXJWMnNVNWRVSHA5eTMzVEhzMV80WTlzV1hxVktKNzJwQWRnS2F0RnVIWXF0SjdDckJrSVRaYXhTWTR6ZkU1MnFDOGJ6dGtIT09GUmUwclJBaUM4U0k5eUVPcy04WmtfSG5tZ2tCZURtMWFPY0Vub2Etdw?oc=5
CNQ.TO,2026-09-11,Two Calgary-based companies named among the world’s best for 2026,Daily Hive,https://news.google.com/rss/articles/CBMia0FVX3lxTE1sVFVJZXVqVTZKODRMaXZnTlFyRXA4ODlxVGUzOUMzdWFTbHNYRzZrNi1Xa0hncE1UNGRkMHpXN3FkZnRidlgyYXBISGhvdmFxbUxVRzMtUE1KVlk4UUZXcVNmOGJBaUVZTXNz?oc=5
CNQ.TO,2026-09-11,Why is Canadian Natural Resources stock down 2.1% today?,Traders Union,https://news.google.com/rss/articles/CBMinAFBVV95cUxOcGpiaWxVZWF1Rk1HY0JiQmJRRElVdndMano5N0hndjltSXg2WmlrNTRNQl9MSzJnRm1sZ3RwbFZBWnRxVnBNTDA4Z3VFcHZXWm1pemdjczQ2NE1xVURLTUZaUFBlcUlDREtLUGhwX2RvaVVkaUFJMk12SnNNNEVWenYzM1ZiejNBNEE0UXdTbkJWZm8yN0k0bUtBVTA?oc=5
CNQ.TO,2026-09-11,Will Canadian Natural Resources stock hold support as oversold conditions limit further selling?,Traders Union,https://news.google.com/rss/articles/CBMimwFBVV95cUxQbUR6SEoxclBkc3RBbmxyTTVMS2llcHlqd3F0WWkzN2xmdGtsRjUyM1FfNU9DTVh6YW1VanNuZGhrVDZHRE9TeEU0QUhCbzZkcmR1NDRmWkpod0ZXRDV0QkpNVWV4aTRfa01VRnlKWXNUdUtuMWtXbVBKQ2xJdHFKeU1Ocmc1bEVPZFp5ZmhMRHZ4MUF2ZEpvWkVabw?oc=5
CNQ.TO,2026-09-12,"Canadian Natural Resources Limited (NYSE:CNQ) Given Average Recommendation of ""Moderate Buy"" by Analysts",MarketBeat,https://news.google.com/rss/articles/CBMi9wFBVV95cUxQeV9rendEbFZEQlAtZU1oY1RyV2ZuR2czd2tIM2VPVjdyaTNheDlPVHZVY0ZnSDZVUnoyYTBrbEd6VEJFaFZFelZpMDJPNFJQaGFjNnB0X1hrREJtRUoyQ2d0ckw3anlaekc4SDE1NGFkdUQ2akVCdjN4RkJIUVpabDJoRTN2aW5QWDlQWGVNaFdKeWJGN0hXRGxHR3lhZDZhQTE3OGg1T085c1l6R1NWdU1LdXZGTERERjdCQkVpNTRUaFBvTjY1Q1BBTG50QzBXTHU1OUppeUttV3IzaTUwUlZlOUlJeWJwNHZGQTFGWkhyV0wyNm84?oc=5
CNQ.TO,2026-09-13,Canadian Natural Resources in Focus Across Canada’s Oil And Gas,kalkinemedia.com,https://news.google.com/rss/articles/CBMiqAFBVV95cUxPaWFxTURxTmlnbmstcVJMRmg1UHVEVGo2aE54X2d6S2xCLTFGcGdZODYxV1ctd20tUEtYSGk4YXEyMmlDZlFMQ3h1bmNXanRkTGVLUTlDcDB1bnJGQVJOUklack5oMjlTaEx2UC14UC1BNDVLa2ljNmVtemZpMzViZkY2dkJkN0VGUTdhYWl4UEVEWnpCREdaNnhEWFdPT3lhaUQxY1QzNDg?oc=5
CNQ.TO,2026-09-13,4 Canadian Stocks I’d Load Into My TFSA Without Hesitation,The Motley Fool Canada,https://news.google.com/rss/articles/CBMikwFBVV95cUxPX05DV0NzdHlFVWNFUnR1X1oxb1BhN2ZiWHBYV0VEcThEZzlpZmtVOXdNb0I0WVJKTXJMUHE1TzEteUl5eFdGOWc4XzVVVWhYa3h6SnVhZXJuLWZ0amtPYVZNdUlqWnFxcDdzLVNEcGE3Vng2bEdTY19nV0d6R2YtQ3hndUEyY3JUNS1NMVQ5WWtlVkE?oc=5
CNQ.TO,2026-09-14,Canadian Natural Resources (TSX:CNQ) Dividend Faces Fresh Catalyst,Kalkine Media,https://news.google.com/rss/articles/CBMiqwFBVV95cUxOaXBLOHRkZVMxYVRGV045T21qYVNOVU0xRVA2N2x2aGZINWIxbEdHa3d4QUVuZllOaFpJWjdXRG5JUnNOdDRPRnE1NEs1aWNSRTNsYjRwWENSYjZqMllZZG9oWXZDQnN2S0dxcXdkNWFZckFuMHd3UDFtd2RTOElYa2Q5M1hWWlJUOXFkLTZuZHo0bEJ5eXZmUk85XzhvNVp3dUJRSDkyenJNM2s?oc=5
CNQ.TO,2026-09-14,Hsbc Holdings PLC Makes New Investment in Canadian Natural Resources Limited $CNQ,MarketBeat,https://news.google.com/rss/articles/CBMi2AFBVV95cUxON2FOcnVCVXduWG40anlLOW1wN2tTbXdGSUJ5ZlZLdmRVRXJPdnh4YkdVYzdGd3ZqWGh2ZXY5WlpMRmhfRnR6ZlVBUXQtRm0wWk9WYU80dTBGUnlfZWZHQ3BENHpmbkNYa2FqU083SFBjTXNCa1ZVUEJVTy1WOU5IdmhvMjUtZWNSS0F0UlVsZ0FYdmZjaTRVc01aTGJFRmEtM01JdWtxNWlGMzB3MG1wZWxkc01KU3g1aGdOSXF4MlRlaDBobEFmV0RLMVV1aHZ2Ty0wN0NwN0c?oc=5
CNQ.TO,2026-09-14,Tariff Trouble: 2 Canadian Stocks to Maybe Avoid Right Now,Yahoo! Finance Canada,https://news.google.com/rss/articles/CBMiiAFBVV95cUxNeGZ0N1NuZGV6dnZVN09ncGdfa2RZTE9YTjlzazVDY2NKUEd0dUhZY1hJUnM3OWdueEdITjV4UWU0cnFwSVpsTWMwUXh4eEFMNUlwU2hQdldqRnhkWkRpZU1OdDhhbWlaOWFzYkFwMXNWZThhc1JrZFhFZFc0ZHFYbk9QSWI3aEh4?oc=5
CNQ.TO,2026-09-14,2 Reasons to Like CNR (and 1 Not So Much),Yahoo! Finance Canada,https://news.google.com/rss/articles/CBMid0FVX3lxTFBFU1dObHpfdkNFTjRpeWlVY1ZGeXBpZXN6RVlxSFVETWc1OGwtZE5BYWl1Si12VF9vR2tmOWxOdnR1YzdxMWFMT3JrekM1QjlucGZNdGlfMEdvU3pXSlJZenhfVTJOZUhncG5YYThMczh1dkZwOEJZ?oc=5
CNQ.TO,2026-09-14,Will Canadian Natural Resources stock break resistance as $4 billion Q2 shareholder return drives gains?,Traders Union,https://news.google.com/rss/articles/CBMimwFBVV95cUxPSmpfaTQyR1ZyRjhQUzI2SFZCQWJpN1BLWVNRYUhVcHQ3OHRTS01WMDRSajBWc29pVUF0YUN0ZWJNSHpzMmdUNktKNFg2YVUxTExRSk91WmN2dFR3SUlWc3FVTXVmRHo5ZzFGaDNvY2RsSHBENml1bk5sWDdocDR1eEpLb3h1ZmVuQ2RXaGlhdEFWbklPLTBBamZGVQ?oc=5
CNQ.TO,2026-09-14,5 Cybersecurity Stocks to Buy as AI Risks Explode,MarketWise,https://news.google.com/rss/articles/CBMirAFBVV95cUxQTlZSdjNCV3pBVlZfaG5FTzEySWl1TV9adENiNGdOc2FQbk9idDNmUmcyMUZxeDhZZ3NwYjE4TzJFMFRhWTgwRkVlaFg4SGxsUW9lYk5PQ1NXdXBjdFYyODJUTk1FN0UtazE2dHBsMGRjRlQ2UnlZWlI1R3FjQ1M2R3Y3UEtMTkhES0J0cXdNZTVReHdULWxFVzRaSk9ZWmRvUEFVVHBRZ2tzbXFX?oc=5
CNQ.TO,2026-09-14,Why Is Canadian Natural Resources (TSX:CNQ) Stock Sliding 1.32% on 11 September 2026?,kalkine.ca,https://news.google.com/rss/articles/CBMirwFBVV95cUxOcW1UX2pRVnpEdlFmd2VmQ1JhUjY0eDVJTjYwSHNIT2VJRkp0TWZaSDhSOTFBMmYtRDVkelQ5SmlkTjV2VWZqNHFKaGhDRmxpSWR4WGJST05UNFdXOFhtOEtZc0cxNjE2M0ZfekxUYzF0dGtRalZTZ0hmcGw5cVR3b1RfclZmaFRkUEFMV0RQbGozd1BnSWJtdFNSWTA2bWVnbE1qeTN3ck1zY3R3aGJn?oc=5
CNQ.TO,2026-09-14,Why Is Cenovus Energy (TSX:CVE) Stock Down 0.59% on 11 September 2026?,kalkine.ca,https://news.google.com/rss/articles/CBMimwFBVV95cUxQR1BSRFVkLTZpdklQclNvSS0yYVpzXzhjY2FmNWtDQm5Sc0NvdmQ0dVdlR092NlZoREZpdVdFUXZyUjdQTE1kZm8xTHU4TERCZFhDOXdkWFJtR09CazJveHp4d2hUVzQ5LS1ES1BYWnJobksxT25EalBtbl9iR2dZOFJCQVN1aEI4ZEtLQ2tHUTkxaUVtcU5jU1lTWQ?oc=5
CNQ.TO,2026-09-14,"Arizona Gold & Silver Inc. Awards 3,955,000 Stock Options at $0.76 to Key Personnel Amid Philadelphia Property Drilling",Kalkine Media,https://news.google.com/rss/articles/CBMi8AFBVV95cUxPUlM1SkQ3cDlHeXFiQkxqRy1BUTZqOTkxcG5RS2Rxek5WQ1dway1HeXQ4RFBsZ29JZEJUeHN6VC1wU3laNzFZM2pQX2R6OW95QmExNGlPc3FTMnRZNlduQldNVHpLMkJMX2JXaXlDdHQ2NGlkaFdxOUpjSEZCeU02THpHOV8wRGJNTXRvM0VlSkEybm1WR0xTMmhfZ3RFZ09iMUs4My1aZVFfcm1IdXVHbkZGZjVrc3M5VzNVRFA3YVlSVW0zbWFxa0JfQVd3Qk1IclRycnJuMUpYRnhPY2NJaWdkVjlVMXBteGFLbE40ZEs?oc=5
CNQ.TO,2026-09-14,CES Energy Solutions Corp. (TSX:CEU) Extends Bullish Momentum as Record Operating Performance Supports the Outlook,kalkine.ca,https://news.google.com/rss/articles/CBMi2AFBVV95cUxPSHU3d0VQWTVPaU5RYndrNktpMlRFTTFIcml1WndHby1NSjJYM0NqWDh1UG4yTmFmREhPTnp5bU9yLS1SUFdNMTg5YW83QmlYMldtQzB3ZjFtRzlkMHgxQjdMMW9jRXpuZndtNU44Z044bnhONnN2UkNOckIxY19palRPQmdzZDNzN1R5YlJQcFB0NDFsQXFkZ0ZvdkN1MXZ2d01oeE1hd19IZVAyM0lfUW0tQ0hmNFhBMUJNel9lSXFVTmtLMWFJU2NLTkdfUlVaRGY4MWVDU18?oc=5
CNQ.TO,2026-09-14,Max Power Mining Corp. (CN:MAXX) Gains Momentum as Lawson Natural Hydrogen Discovery Advances Toward Commercial Validation,kalkine.ca,https://news.google.com/rss/articles/CBMi4wFBVV95cUxNNGt2bjR0d1hOeXFlQWFXeDEwaHI0TS1HZHV3RmppRVY1SGJsNEpmZDk5VXZKZkdsSG9UWWNHOEF0UV9QYmdSZ3RrUDVwVWFOUUd6R090NWFBWGp0ZkNhQm5Ra2Fra2lJczM1a0w4NHIzaDJMSjEtclVPR0FSajQ2bHNuU3Y5d2FaSDkwR1RyTi11b1M1UXpIUzZhWmVfOG9adzNuMEVIblhreW9BVmpNbUl3SnA0aEN5cElsM1c5aXZDb2xhTloxT0tHQWpvc3J4QVl2UXFXZWFjS0VnVXJaTlBmRQ?oc=5
CNQ.TO,2026-09-14,Where Will Cenovus Stock Be in the Next 3 Years?,Yahoo! Finance Canada,https://news.google.com/rss/articles/CBMigAFBVV95cUxQVjRtQk5FWHlLeTZhMmVBWTdJNVNjQlRrcEV6OVdOMmZPV01iYUdLQ0FvM0pTeFB0VkxqZ0Z3MjNnNnlvMDJMMjdXRXlFMGRhazRmZENKU3U3ZmRxM2lLQmVQM0RoLXo0bTJTMXV3eDdqUDRSTnR3cmxoSG93Z0VTQQ?oc=5
CNQ.TO,2026-09-14,What Could Shape ARC Resources (TSX:ARX) Oil And Gas Story?,Kalkine Media,https://news.google.com/rss/articles/CBMinwFBVV95cUxOTW45bjJZVVN4X2ZqUlZnbTBlb2FYb2ZWN3lZdzhCUG9uZ190ZEFlcUpFYWNERkRiSlIycWpMZnRfeXQxOHowTkFPbmJyaUlwYUFKN1FBc21iSHRtdjR6U1phcjVaeDZmOWJUM0haeXVyNW1GS2UzWGVzVWE0eW9JUlRESk82dXF1eno0M05uOTBheTdINWpiWXNxZ0VhLVk?oc=5
CNQ.TO,2026-09-14,1 of The Best Dividend Stocks on the TSX Right Now,The Motley Fool Canada,https://news.google.com/rss/articles/CBMiigFBVV95cUxOcmV0aDRreUViYV9kbWtLbUdST2I4NXhkQW9LLU5MUzZHVzNvRUM2bVNZcHg3cUFpOUZyeWt4UVo4Vnd1NFhiZkFqNkFUNVFobXhUb2Rnbzhkbi1RTE9rRDY4cUE1Skc1V0VJYWRmNlhjWGhPZjhiekxyZzZuQ1VGTGdfMlBiUjVsLUE?oc=5
CNQ.TO,2026-09-14,Focus Graphite secures C$2M credit line to bridge funding gap,Investing.com Canada,https://news.google.com/rss/articles/CBMivgFBVV95cUxQN01uSlVkRGg5czRFVGlFUG9MalpGbWdqWEVpUElnVTJkUHpSc1BOWWJBekJQaWVxVWhnanB2TWpOdzRfMk96RFNKdnN2VzRmaERlMVI1dEJobjFtN0NoN09TQjRUckkzeVhiZE83NmkzaUlDS2RMOGpkYk9vdDVwR2liQXBXaHFoWTRHUkdVMHZrWERNWENQaWhEcXd4S3RzYUtDck9xbnFBTGxISk9YYU1QNEg1dExUSVpINGNR?oc=5
CNQ.TO,2026-09-14,What's Behind TC Energy Corporation (TSX:TRP) Stock's 1.542% Drop on 30 June 2026?,kalkine.ca,https://news.google.com/rss/articles/CBMiqAFBVV95cUxQT1QtLTRKdm03aVhBa0RvTV8tb2piWmtYRzEyY3VUUXViaWtBZlpmbzY3SnZjRVI5eFhXa2xFU0ZiUmtoVGRtd01lM2J0MDhBTndfeGhldGlKVVFUTFJFMDNicjFDMW5URC1oLUlxSkxsUFZTT3VxTFNzNVNhS0VySmpsMDdicDRTRUlwYVBQQ2pyLUFiT0tCRWZXRDY3ejFnVnJxOHRRaVA?oc=5
CNQ.TO,2026-09-14,"WHY Canadian Natural Resources (TSX:CNQ), Agnico Eagle Mines (TSX:AEM), Suncor Energy (TSX:SU), Canadian Pacific Kansas City (TSX:CP) and Canadian National Railway (TSX:CNR) Could Put the TSX 60 in Focus in September 2026",kalkine.ca,https://news.google.com/rss/articles/CBMi1gJBVV95cUxNZFRTSnhXNk83Uk9YQ1h2TEstak4wUVZDZGhCZnFKU25tcExpaFB5a3hIUjBudFQ3WWY5SFFPbFd4c1lUdDc4Q1JqV1lEbllVVmZtSmpfMFgxSzdUY0R6elRGVkJvekRwY2lvYWduMmFER0tzSVVpeGN6M3JtbDVoaER5UldOWl9GTm1aX1NxWk53UWwwQ1ZmbDUtTUMwS0h6bXloYjNHa1hBUVUzTXVIOGxPZUpBZVB0ckU1T2l5QVBSd3ltS1doZ2YtVFIwQ3RPbUp6ZzItV0N3c3FtOVZFTXZhamt6OXg2V0JuVjZIZVBjWjIycjF6bUtNcEM1VjA4eG82WjNDblFvNDhaWklHdUloNk8xeWVndUlPOE1LYXNwSFJGTFk1YXlNVURrNUpDaEJaZktWbWNNVzFHU3RycjRJT2twS2c4RUlqRkRjUGRSdTk1S0E?oc=5
CNQ.TO,2026-09-14,Why Did Suncor Energy (TSX:SU) Stock Suffer a 0.01% Dip on 11 September 2026?,kalkine.ca,https://news.google.com/rss/articles/CBMipAFBVV95cUxNNF9sR2dKb1RzVVZISWYyX2dENEZmSTBTdmdEUGVsb3lwX3pNSUhTZTJqQnVyRklMTENlQ1NTbGIwXzFlN0U0TU5icXNBYTViR1MzQVlaVzBRaS1saUFzQXNZc0VjOEdpcU0xMjVPVGg3XzlUUENRcHJ0M0I2WnhNMXpvdlpxLXBnR3poOTBmSTBab19fRFBmeWRIdnlmNEU0WHktYQ?oc=5
CNQ.TO,2026-09-14,What's Behind Tourmaline Oil (TSX:TOU) Stock's 1.57% Fall on 11 September 2026?,kalkine.ca,https://news.google.com/rss/articles/CBMipAFBVV95cUxNWllqdzlPRzFscnpmTWJ2aGdkdFlpcnBuSGNRel9sTndxT1RrelNKb3VBaDFPM0l5VXNIYVNrWm11dm1LVU04UElyNV9QVWhIMzAycFRjUnFhX2FIZnh6d3JGbUNRRnJjSWR0WW44U1EtRnQ3UVZaWXlnX1Bpc2FqM0JibW51V05IMmp3eExUejVKWFNabllTdmQ4RmtnX3RyQThzQw?oc=5
CNQ.TO,2026-09-14,Why Did Enbridge Inc. (TSX:ENB) Stock Slip 0.764% on 11 September 2026?,kalkine.ca,https://news.google.com/rss/articles/CBMimwFBVV95cUxQbzVUTDRJajFWU001b2dITWxFSlJXUGdrOWNpMU1IMmt4aTJvTVhKRzNNRWptV29wcDZPejBnN1BiNVBKVi1nczRNTkRnSENVZHdKZlcxMTRQc1hSMXdvSTFZOVN3MGRNWnJfOFllR3R3QWdlaFp6RnNRemVzcXdFVk8zTnU0TzZmb1RMQW1tdU9BamtGOUs3R1h3Zw?oc=5
CNQ.TO,2026-09-14,"TSX Today: What to Watch for in Stocks on Monday, September 14",The Motley Fool Canada,https://news.google.com/rss/articles/CBMilwFBVV95cUxQMmhIMEplRE5Ybmxha0lmSkpKdjNndl9XZjFWc1ctSjEzd2pDUUFMam9UaFAtZXdaZE5GQ1hiSzdScEljejh6TS1rYUdnbzMzaWV2SEZiQ3dXY29ab0owTWZZTmNxZzR1RWc1a0EyTkd4M1k5LUZYT0NvbDBJQ3hYRUZad3M3ZXhZaUhyWmprU0Zfd1VvQjhr?oc=5
CNQ.TO,2026-09-14,Canadian Natural Resources shares rise nearly 3% as optimism grows over cash flow and higher oil prices,Traders Union,https://news.google.com/rss/articles/CBMimwFBVV95cUxQSmxvWVhLLW9IMVozU1RzZExOalU0WkxHRHlta2xRLXpkRGJUNDZOMzdBQktRcEo0eFc4eFFCVk93Z2lENGp2SWNHQk5OYVdaM1dGRXRhQ1U5N2duNXBJMWdMaldIVExDWVRoXzVOTV9mcnVZWTE0dmVwaVNIUUtlVm11MUZxZnNuUjRjaFVkbXhVcUtRamh6N0d5QQ?oc=5
CNQ.TO,2026-09-14,Greenfire Resources Ltd. (TSX:GFR) Rebounds as Great Divide Expansion and Elevated Oil Markets Support Investor Optimism,kalkine.ca,https://news.google.com/rss/articles/CBMi4AFBVV95cUxQbnhXMGpJbFgteEVsajZ0ZDgtaVNQWF83M20wbHhvSUhCdHdGOGVnczNPT18tUW9Cc0FMZHEzZktUUWpFSkxMWEVoWWtjOFp1ckJnQ2pvdENNU09rWW05clQtMFJxZFE3SXRBX3R0Q2xDYlZxOUh4QV9BRzE5QzZESnRQRnljMW1SQWpQcm1BaFhwZjJwTmMzYVZIQVkxdjdZRVZJSGtCVEFnRVJQeGFNaElTdWlqMEpvQ1BnZ0xLenBLU29pUkxYck1tZ3FaU0xkVUJSMHVBdVhqeE1sR3RiZA?oc=5
CNQ.TO,2026-09-14,IsoEnergy Stock Faces Renewed Downside Pressure as Uranium Sentiment Turns Cautious,kalkine.ca,https://news.google.com/rss/articles/CBMitAFBVV95cUxQRnlfVHh4RW1BeGExb1lmMDZ4cFZlNWpBVXRkd0l4cEZqS1lqeGNUV3V6aXlmSTNhN1NCUTFxSWltUlJOejFwTTNQN1dxdUZseHlQTmZfamZ0MmhqYV9obWY3ODIwV1NRd2FBLUpCWVFlV2xhYnk4SVhXS0tOZzFSaC0wem5STzM4eTJQRnJ1dHZJTWhRVGxwNVRWN3dwMmJNeHVzM2VTV1NXWkthUHdRX2l2bjc?oc=5
CNQ.TO,2026-09-14,Focus Graphite Establishes C$2.0 Million Revolving Credit Facility with CIBC to Support Government-Funded Work Programs and Working Capital,The Globe and Mail,https://news.google.com/rss/articles/CBMixwJBVV95cUxQY0p3RXNOeGN4OF9vc2x3TWNCRVZmVkdkNk1lUjNYZlNwV010QUl3ZEZJZmZCMl9NeXV4ZmpERnlMMlFkeUphOXNyeTBIN3lzb0djWXdZZEhqU0lvZV8wWVhEYVNnRVBzd3FZSUVhbnI3eVpwRDVKUTZISFdyclFSYV9PV2NOVVUtLWFIUDBlOV92N3cybkhHT1RhZGJXWlZkZzlvNjRQMlRqLUV4WGRIT0YyVjhoV0VLRk1zWVlSUnVRZnRtanZxellLazMySUZpNDNZVnc3VUhhU0x3N1JKSzBsUzZlLWdrcTJaYk9SRzFJaF9qaGlqT2ZTNVlJNHlCdy0tMUZPcm1NcnIzU1ZFa1RaT0JVOGpTd3FYeFJxQXJNUmM2cjNEaVQ1ay1CNHRCQ3hHNW9RbWZtVXhXOUMyMXZsVFJzRXM?oc=5
CNQ.TO,2026-09-14,Why Is Pembina Pipeline (TSX:PPL) Stock Down 0.986% on 30 June 2026?,kalkine.ca,https://news.google.com/rss/articles/CBMimAFBVV95cUxOSktDaFkwR09ya2Z0eG0wMHMyejdoSjhzekJTN3NoUlQwYkU4TE4zZTFuOVFDSnVzZ3RoOU10TXM1cXljTi1JcWFwZktJTUZ3THJ6blVNYUtYVHNLd1RONTNvME1mS2x3bDRhX3EwdGpma0prSEdzSHQwNVdHd3k4TDNZSWt4Zl8zdFVKV2diY3hzLTFyWk9sdw?oc=5
CNQ.TO,2026-09-15,Janus Henderson Overseas ADR Managed Account Q2 2026 Commentary,Seeking Alpha,https://news.google.com/rss/articles/CBMipwFBVV95cUxOb2VDME9jbllDeVpTVFhfZnhKVXFHSTZ2M0JCcE1ScThGLTdneDNhRTByclBSa3ZnXzlmMS1iSElWTGhmMFpfSTNPR0NrNWRhd3hTWGVZNW9uM0RhUVEzZ3BjdU9vdXBtaFo2c0RWZm0zbm9Ka3RId0F4UTBLeERmMTR2RkJISkpyV01RblR1SW9WeWJVazVzYm5LajZnejhCaDlsc3M2OA?oc=5
CNQ.TO,2026-09-15,GETTING CLOSE: Canada-US Oil Pipeline Close to Reaching Commitment Requirement,EnergyNow.com,https://news.google.com/rss/articles/CBMirAFBVV95cUxNV3Q0RWxiSTJicEdQbkxXdEFTUkgtU0FtNncxZkdIOEM5QjExSmxHdEE3YmFseWdFWnFvWHFLMnJLTWNMTUJicE1vMVk3c3lmZmxPQ2lvVWRCdmRhVTZjbXpHdTdvVVVNR1VMb2t5R0pPdG84TkN6YlJPTERRbVVkUDRMRXJoWlRwTnBEb2xTcGE1YWo1Zk1OVjROXzhrVFhTcDkyMkd0VHpRZnZM?oc=5
CNQ.TO,2026-09-15,"$1 BILLION OR MORE: VARCOE: Decade-High Number of Canadian Petroleum Producers Valued at $1B or More, in Wake of Consolidation Wave",EnergyNow,https://news.google.com/rss/articles/CBMi1AFBVV95cUxNRHQwcXg1VmlyWUY1RHBmckgxR1RQaUxXcWJJejBZUXJyWHNaak93QnJLZUxITEk4LXZPNnVnRlg1ek1hMEJfa09KV01UMGd3eEFMbkh6VlhyVm9fcGxzQlA0dnVhTm02NXhOYllSZFV0MkZzR2FfMVlYUnZ0R09ScVRrS0tNMzZMd1YyN0ozS2swU1ZQanJ1eE9TWTN2RUl1bHlnYTE0SERjbTR6dkRCZ0RqOTh6cHZNVVo3OEZveTAtZEt6ZkxYdE9ObEo1NG9Ta2NZWg?oc=5
CNQ.TO,2026-09-15,Traction Uranium Stock Faces Fresh Downside Pressure as Investor Sentiment Turns Cautious,kalkine.ca,https://news.google.com/rss/articles/CBMivAFBVV95cUxNTzVFaWswaGFBZ1p6Mkk4eXZvS3c4alZiQk1YVENrdnItOXFvdE80dVhsa2xGQ2h0dkhKckdHaEdwUjFVNnBnd2VMQXlROEREa21TeVBETzJackZSMXpIYzlPX1pjTUxOUHlTLU1OT3JsbXpLT2p4YVlCVDZvX2dTeEQxdGhIU0Z2aGlETFZmUTRpbG50Y0ZCcjBCRk5mNzAzVV9fRjZCcWx3WFEwQ0hCMUo0Q1lZU0dVVGEwOQ?oc=5
CNQ.TO,2026-09-15,"TSX Today: What to Watch for in Stocks on Tuesday, September 15",The Motley Fool Canada,https://news.google.com/rss/articles/CBMimAFBVV95cUxOVzU4RHAyTUlUb01rTXJKY2tmbjlhcEdFZ3pTWm5QR21WMUxVVmJSNGpfRnNrS2ZVZnc5SFFWMi1LcWlBSGhCMi1lVTRqNHhPUG9rTmxRcHpmVTZkZ3dFNmhSOHNvRkV3WVdQVXk0RUZ5T1JpT3VZNlFPem1rWTlNSWRIZzJ4UEpvY0xta3JhMlpOMjBKQzZLLQ?oc=5
CNQ.TO,2026-09-15,REV Exploration Corp. (TSXV:REVX) Gains Momentum as Helium and Natural Hydrogen Strategy Strengthens Investor Optimism,kalkine.ca,https://news.google.com/rss/articles/CBMi3gFBVV95cUxQTDdmdDVwSGNQZTBZTVVFMUVWVUc2RWpTUEQxUmNRX1hmVkFnblJjMGtkS0s5MWUyZXRQTzk5SjhTWVQ4T0xrcXhLcDNZQjBpTlRUeFM0NFJ0eXlRdkE3dFlZdzV2b3c3ekRxaEYyUlc5bFdlVnN2NHFKd2xlT3A2UTdUUmFsbXJfeXNNaFh0dkFuVEFFZnFtQ1BsRWJra1hPWHhFN1VmTV9sdGVwTU4zUERrMEZkemM1QWhQLU1OZmZyUTRKUll0Z3l2TkxnekhzOHhFcmlCdmFqdkI1M0E?oc=5
CNQ.TO,2026-09-15,"GIC or Dividend Stock? Here’s Where I’d Put $10,000 for the Next 5 Years",The Motley Fool Canada,https://news.google.com/rss/articles/CBMioAFBVV95cUxQZ3N0Z191MzJ4LWdJb2JtTW9qVHlhZGU3T0NXRGJ6bTB6QmFUY2RXVmp6TlVqWk15TlF3Y3N2bUlidHp2TTNXelNZZllFSzd2dlpvUThDNmtoTlpZeDgwcDlLa1BUd0xaU3NvZ3JHTzdOcUROcFlGZGtkbFNwdlR6NDdaNFNMNldJRVljb0QtRXpnR2F3UGJneTFBQk16YTJ5?oc=5
CNQ.TO,2026-09-15,Drone warfare spikes diesel refining margins ov...,Pluang,https://news.google.com/rss/articles/CBMid0FVX3lxTE4zSzd3ekdPQVN4T1haTWpDZ01ZZjZhMks4ZVRvVDdBaDRROEtBb0xzblRqRzBTWTVDNmJzLU1ZRVZGTFNROElSSUd6RmpBb1VyMkUtNVBOaFp1MjJELWhkdG9fOVI2SUFMUjRfN0pxT2s1Y0QwNHlJ?oc=5
CNQ.TO,2026-09-15,NG Energy International Stock Under Pressure: Correction Risk Rises as Gas Market Uncertainty Tests Investor Confidence,kalkine.ca,https://news.google.com/rss/articles/CBMi4wFBVV95cUxQcW1SSW1oUDMtN2FaTy1DUnRsOTdHUjloWndVYm9VQVRKUjQ3SWh3QnFFR1ZpeEFxZ09fTWdEeFdnMEZ0X3E5eWk0OUxsREtXQ0JYRkJ4V0R2VnItZUdHbzJwbEJvTHdsUG5oZnByUUJUSHFzV2tkSWdlMXBCbHVNUUtwTGcySTJUWGoyTTlKTTJBclJfQ2tEemlWdUpVX041ejlhbVFqNU1aeVBubVplbnJrOGxqMmF0dU80VmlzblVvVVdWb3ZpX0VBR1o0cHlIbjlYa1BXUktYbVRLSkZ0Z0NUVQ?oc=5
CNQ.TO,2026-09-15,"Enbridge Stock: Buy, Hold, or Sell This September",Yahoo! Finance Canada,https://news.google.com/rss/articles/CBMigwFBVV95cUxQQ3dhbFFCcjk4S2xyLURWa0lDTWVpTW5JTjVYUmU3WnFGNEM5YmVVVVlraWpodTFkd2tzLUdpTjlpak9QMWxtd2IwcjV4SC01cVNQR2puSTRobDYyeGFuaEdUT3FJYWQzOVJxckNRaUE0aXJ2a0haSFhGb3BIUVdwS2daaw?oc=5
CNQ.TO,2026-09-15,enCore Energy Corp. (TSXV:EU) Slides 15.89%: Uranium Stock Faces Sharp Selling Pressure as Execution Concerns Weigh on Sentiment,kalkine.ca,https://news.google.com/rss/articles/CBMi5wFBVV95cUxPME8xTk1FQ2VCdWxIMm56aU5NbFF0dmt2dFlxOEtCTWQwWlM0M1FQd2RuZk12Q1E3SW45SUN6azY1NXl6UnpELUhocVdyREtWMllwNzVPbDVsYUt5VG9lbWN0aDNkdmVER0xLd2I5SXhRbjFlal9fRXB0MjRhX2J3dmtubC14bGM5anhSVG1WMWVqUnM5ODFRZjRvMzBqZlU2bHRoei1EbXhEVEhLLVFEb3BXd25KT3NTLUNoV3FhbnhTYnlZTElEWmRodXhDaG9yaWdZMTVySzVmaFZtYXY4dklYVEJEc2M?oc=5
CNQ.TO,2026-09-15,"Top Research Reports for S&P Global, Cloudflare & Canadian Natural",Yahoo Finance UK,https://news.google.com/rss/articles/CBMihAFBVV95cUxNbndwLWZfOF93YnhpRzNEUndITGFzbDh5OWsteGM3RjdDMllzNGc0Mi1fbGMzSXpqRVo1enVnS2tPMDdNc2ljMjVHdkF1MnVMbFdMMUVIbG5fUVpDb3cwUm05dTlVNVJENUpsSUJBTkJMV0w3Y3ZGWUp4Z0ZzZmNGVEVoM2k?oc=5
CNQ.TO,2026-09-15,This Canadian Dividend Stock is Down 15%: Should You Buy the Dip?,Yahoo! Finance Canada,https://news.google.com/rss/articles/CBMihwFBVV95cUxPdlFQR19hZ09fVXFtTS1lTlY5cFZFTGROUUxQUThsdVA3VlZydHMwZl9Hd3E1d2FBMDdMVXVZM3Q3YnVBZUJXSTlveUpFWVBpZXUxZUFIQXVydDMtWjhsQWM2QlpfeWZRWWRGX01KaUkyX1ZKeWdfNVpVQVZNalEyQzFDcnVCV0E?oc=5
CNQ.TO,2026-09-15,Canadian Natural Resources Limited $CNQ Shares Sold by Corient Private Wealth LP,MarketBeat,https://news.google.com/rss/articles/CBMi1wFBVV95cUxNSmZqTXlvZVdzdGhPd3lqVU9LaFlfY3hSZnBWd2dHM1VXdi1jRXNpNUhib1lDMkdEcjFaT3RzQ3pZckZGMEpacHp4YTF4bFRaTnVJbVFWaW9YZnBnWHhvMkJNNjhsbWFaRXpzd0lDMUxBNTJ5bUN6Y0VFU3NtcFpFLTh6MmFjLTdJU1ZUMmpJNHoxYkVRaFZ4QU01a182VkR5VzVXQzFFTnNxUTRKb2E5QUlrZi1ZNlUwcHhoYnpuWEZXUXlPS1ota1JCbm12amROVU9mRlNZMA?oc=5
CNQ.TO,2026-09-15,These 3 Canadian Dividend Stocks Are Great for Retirees,The Motley Fool Canada,https://news.google.com/rss/articles/CBMikwFBVV95cUxQNDFPZWRuY2FiVWVpal9QYkszN3EtdlRfLUlCcm5yT2hYLTJHcElKa3BTamg5UHJibTNOdFFZZ2JOSmFldXRDYmgxUTlUaVg2MHdQUFp1aC1QakFlRFBKckNwcTZTQ3ZmLU1LMkw1VVlVWkpGNTRfbmw1NWtFb1NNanBJV2xmTUVSdFBaQmpSeUtOa1U?oc=5
CNQ.TO,2026-09-15,Short Interest in Canadian Natural Resources Limited (NYSE:CNQ) Increases By 96.3%,MarketBeat,https://news.google.com/rss/articles/CBMi1wFBVV95cUxOZWdxQVh0N2hXdFpvbl9vZGlxbkgyR0xZUFk3NGRQTUR0czg4RVU5WkZJeWtlVk9EcW5IQVh2RFVWUEJtRVNCX0Zob2sxWGc1TGJ5WHpHRUIwekNfRUEyUGEzay1VdGRHU2NBRUpBZkhRV01sTUFUaU5YVjRLUE40OEkxamdHd1hjdzkxdHZ3OVZYbWlDS2xZUzdBNnpLWkR0bFd1TS0xQXpRS3NTZ1duZXBBMmxsQTBsUW5VYUZNYWVVdFpBNmpSeXhIZ0w1RXJ5aTJUeFFDWQ?oc=5
CNQ.TO,2026-09-15,Canadian Natural Resources shares rise over 2% as record earnings and dividend hike boost sentiment,Traders Union,https://news.google.com/rss/articles/CBMimwFBVV95cUxPblNEQTdiXy1sTkpSM2M3c25BcWFoVVBYbjlFVGVfZTFCVkF2a0RoTW1oeWYtRmV1eXk4dDR6Sk5IY2xjSFpnQzFPT3Z5a0VIaVdYRzRBUEZHMTBBekJ4N2FVSHJpUGtnM3BPNzZoOV9ReWpSX2VuanZ4eGhOVGdaSFU5aUtfb3BNZUYzSWpsNEdVVVZQeWVjZHBTQQ?oc=5
CNQ.TO,2026-09-15,Canadian Energy Stocks Eye First Record Since 2008 as Oil Soars,EnergyNow,https://news.google.com/rss/articles/CBMimAFBVV95cUxQOHU4RExSakRmYTZGMWJ6TDlIMUxXUENnODVRQXFmMlp6ZTJTTktqd3U3QklDNHVKaC1NMldmNnhjTGV4LXQtTmVoTlFBVnU1MFdLTXltUENKekJuNGU3QWZaYTBZaENqdzRhWmFzLU1IVEp2NTF1bFpYZ296LVNETXlZaWZXTXhFRU4tR2tKQ2RCcHhiYUF6TA?oc=5
CNQ.TO,2026-09-15,Canadian Export Stocks: Which Rail And Logistics Names Stand Out?,Kalkine Media,https://news.google.com/rss/articles/CBMisAFBVV95cUxPWWdVY3EzMGRYV0JUcFRVZTVxRFFSeks0MGd2NldCRUZrV041T1ZlRzBkS0Q1aFdBbzgzZDFqUXRvSjhod195MGczZGZheGZPMVMtSlFhNHV1V1FSU2RYWjZUM0VTZFZ1ZXRfb0x3WGdrUGNMajhQQUxlSTg0U3h5THgxRHk4TWR6ZlZEa0lBRkdVY0NiZGVaeFdHdFFqT2FfdWtlLUZraTBaZkRfeDBmeA?oc=5
CNQ.TO,2026-09-15,Record adjusted net earnings of $4.6B in Q2 2026: Can Canadian Natural Resources stock extend gains?,Traders Union,https://news.google.com/rss/articles/CBMimwFBVV95cUxNcHdjRGFfb1FPYmlYUTJOZUNMVFVtc0tnMXB3NHZYRXhaTlZxYmR5SF9wdVlSMVBweFNCOWY4U0I4TFJOcE9Hc1JFaEtnam80Z0k4bENpcm01ZlY1d2kteXVveTI5azJZVUlyVXg1NEJGaUpvNEZUZ0xkOHRTdzllaF9icE9MQVdJY2JKNHRFSVVSUUFSUnl4UTVKaw?oc=5
CNQ.TO,2026-09-15,"Torrent Gold Inc. (TGLD) Announces $360,000 Non-Brokered Private Placement at $0.15 Per Unit",Kalkine Media,https://news.google.com/rss/articles/CBMizAFBVV95cUxOS3k2eUthbHVkSHZtMjQ4aUsyZlp5R1Vucm1wbDhVOE9SSXBKaUNCa0FXdzUwMXVWdTI0X0h0UEhVaDFOdnItWHNmcUdpWlpHUmZQaHZIaFNpRVZoYmRIQWhLRVVPWDNzNGRJRGNkTWVUNXlPLVRuREI1a2dtUDdobHp1YjR5UjJmSTBUNGI0NjhvRkhJTFdoRGcxVVVidXNocmhfUEhybFB5NEN4dVY0Nk5UNWV2RE5VQnN3V0kzMWJxeXUtVkxHczJtVkU?oc=5
CNQ.TO,2026-09-15,A rare-earth project joins a Canadian showcase of 167 investment opportunities. It is Avalon's Nechalacho.,Stock Titan,https://news.google.com/rss/articles/CBMitgFBVV95cUxNLWhDbjR6QUptQTBETFZSRE9YRHZDX3BjVlBJalRqb3l4bE5iRjMzTndEbUZzVTM0amh1X2p2R1lObUtIX0dTTkJCaUhwWXlJNjFEMUpoT3dicmdVRVIwQ3NiMHVPSW12UkxOQzBQVm13U0JKVjdMU0FJTFdNLWxtQTRPblFXNUhFMjZ6WWdjYm43Ni1WWTlvRm5FdVJTQTRldUtMYk9XSXZfSHBmYWdPNFlhT0t6Zw?oc=5
CNQ.TO,2026-09-15,"Planet Ventures Inc. to Implement Five-for-One Share Consolidation on September 18, 2026",Kalkine Media,https://news.google.com/rss/articles/CBMizgFBVV95cUxPRVlRZ2ZLMTFMN004SWZlZnlsb2MxUTVVQTBmY2xiUkZxamFHRS05ZkhzUHdSOUNkYU1YelgzZkRQaTJVZUdzUEhhN0tfclBmV0FGQ3hWZUUzY1Z0bFpwaEJsTVd4aXY5S0hPRFVLUlVrSmRrQXhJTmYxc3UwbnYxNE9OQjVyVzhwM0JVMEZyd3ZRYVhQRUM1WW44RzlLMWk2Z0Jrai1xLXItUHA3dU1rNU1wSm1GWHgzYXNoZ1I0OVZ0eXU3Y0h4RDMzaExuUQ?oc=5
CNQ.TO,2026-09-15,Is Whitecap Resources (TSX:WCP) Just Getting Started?,Kalkine Media,https://news.google.com/rss/articles/CBMilgFBVV95cUxNNWJiektGN3FUS2hjUzJyd1l4bWc3QzR2UjRISGhyZl9fZkpnNXdXckNNVDBOalg5bW8wdXNRRmVYQmQ5Um9XMjdRYzBHQUsxQnZJTUUydkhVR3pqc04zMlNON2Q0R2xZSmdwRFlnZkdqNzZOaVU0eXFnV095T2NWelB4bnFUMWpySFBfRzk1czlGeFdvX1E?oc=5
CNQ.TO,2026-09-15,A hydrogen project is expected to cut power use about 8% for hydrogen-making equipment,Stock Titan,https://news.google.com/rss/articles/CBMiwgFBVV95cUxOU1JDWi1SdmNSOThCVVA0dzh1T3VHZnhodHFMejlOa0VfTjg3R1djLXdxUHo1TFE3LWFiMGplZ0hKNVNWSFlnNXNZNG9zNm9LT2YzcjMxWm5KVFpSbFhybU9xWXBfOGNwZGowemRiVTZicEZ4LTVlWFVMZ2Y1QlZpa242M1FVLV9RLWpFazQxMEpRa0RXRzVzVUctM1ZENE5KcF9ucmJmdEJueWhBQkdxOE9GS1czWkoxMk9DNFRhRVU2dw?oc=5
CNQ.TO,2026-09-15,Canadian Natural Resources Limited $CNQ Shares Acquired by NewEdge Advisors LLC,MarketBeat,https://news.google.com/rss/articles/CBMi1gFBVV95cUxOWlNpeXpXNnhoUXpFbnFnOXVMSHJlNFRZUEoteW9pVkx2WGJZSEpaN19fbHZoOW5wX2ZzWU9rVU0zSzhtVWJ4YkR0TzNFcTdlQm9ycDdqSW5QX2xtbF8za3ZMNVZGRnBNMXdnd1pNWDhLX2dDaFlGa1dFR0k3MVEyODNIM2VFem1yWG9lZEhWZXhCY1REellyWm8zZU92Zmt6eDFPN093cVNudUhvSGYxci1ta1VhZnVyTzBVc3R3bFhBMFd3enFVM1ZrRHFrQkRMNjVrWFdn?oc=5
CNQ.TO,2026-09-15,Why Is Canadian Natural Resources (TSX:CNQ) Power Demand Rising?,Kalkine Media,https://news.google.com/rss/articles/CBMipAFBVV95cUxQZlhZRFRjQUI3UGRIcmNUSFFZVFFmcUtQMWNWSTlrSmZDTFFiRUMxdmpZOHBFb3M3YmgwdXRVaHJUQ1B3aUFLT1N6NG1kRFU1dkp3V3AtNS0zdnE0NkloVWY1dkxzaUZNMkNHN1A5REprWThLUzhFaUVlU2hiN1dvM2o1RFJrTUxiSUc2dHVYRzZmMTdId3UyczB1dVVUSWxYQlRrMA?oc=5
CNQ.TO,2026-09-15,Cruz Battery Metals Corp. Announces 10-for-1 Stock Consolidation and Corporate Name Change Pending CSE Approval,Kalkine Media,https://news.google.com/rss/articles/CBMi7gFBVV95cUxQalRZcVhRNDFtczdoeDdYTlBfRmFWTXp5YVZJN00zV1MxUVYtQng2ZFdmUDR5NkpQaDRuRlEwc09lQ2xUQnBoXzZSR2QwOGhZcnBJZGNwVjB3dlgtdnY2M2V1Q0hNa2VNdDI2eVRoSjNXdUstN09Nd2JGWktXNDFFWEZOanNMd2xqdF9PWW51VEhIZVV1ZDBrVmhVNHQ4b0hKWVZha1h5c3dJM1c2aTZld0xnS0tBUGppamlNUVY3VTRmc3RiUjQ3YWc3dTdfT2NYUU85UkoyejBuTnNkRnNsSUZ2LVNoQlpsZHhWVHRB?oc=5
CNQ.TO,2026-09-15,4.20% Yield: Is Canadian Natural Resources Built for Long-Term Investors?,kalkine.ca,https://news.google.com/rss/articles/CBMiogFBVV95cUxON3cyYnNTOWpfNWo2SG9UR056RWRBSHJHS0l2OVBSTl9ZVERNM1VCVy1yZHRZNU5zWlNxOUF3cUYyTnBLdnNQNjdYZG9qTl90OUhsYlJMLVVmZWIzUnlZcmF6OWhpNFRCdDBWMV9aQnd4RURDcVpzMm9tT3YwUVZjaWh2OTNVVE9jMmd0bENVdnBjbE5rSlF2TXNBb21SV25ES2c?oc=5
CNQ.TO,2026-09-15,"BeWhere Holdings Awards 100,000 Stock Options to Director at $0.71 Exercise Price",Kalkine Media,https://news.google.com/rss/articles/CBMiwwFBVV95cUxQbU92ZllKOHItZUZVd29JSThiMHg1YTh2N0lkYWJxZGhDU2F1LUtyRG9pRlBMV2c5R1ptaDhrWEFEUWFfdTAyQ01saGpIM2dOVlBIaHNLdVJSak9PY3lMOFNNSzk3Yl8tQzk5OVViYWVoSUQyeElhS0xHdzZuWXQ5YkwzbVVHcFhGSFE4cE5SMTZSbHRIWndFNWtmRGZnb2JNdWRqTGN5U1RGSzRvNF93Rml0dTBOUlIwZVpfM3EyN0plVjA?oc=5
CNQ.TO,2026-09-15,"What $7,000 in Canadian Dividend Stocks Could Actually Pay You",moomoo.com,https://news.google.com/rss/articles/CBMipAFBVV95cUxQMjlVUGpHanVVLUZuM3J2QVNLeTh0eVJxVmNJRFZObDVTWjF1aEw0WUFJa3JtNmoxNmRYcFF3ZXUyX19nSUkxYzZXNjQzUkQ0R1hGYjhYT1VlS1dqOHMtU3ZKN1l1NWx1eDZCbE53YjlkZDVDWFJHbC1YUUZNaDMyUU4tem5LOWJnNm1RS2Vld1FxdF9lSFdDcjJqYlVpQjFEdy10ag?oc=5
CNQ.TO,2026-09-16,Canadian Natural Resources Offers a 4.20% Yield—but Can It Sustain the Dividend While Creating Long-Term Value for Investors?,kalkine.ca,https://news.google.com/rss/articles/CBMi5wFBVV95cUxNRkp2OHlRSElGQlFaSWxvaUdzQzNyb3ZjQnd4OFE3aWM3bTNKLXpvQXBCalBnazc2SndpXzlDVHJKM1BKNG90TG9GVkVqZGRxQmFNSGNhMllnLXdNZWhfbU1vTjVxbmlyaUFBM1hrcVhPQWhtMVN1YlpsN042VjhzRElMT2tKclJUTFJyTzg5NWJMeGtGY3dlYm13elJZVUdsSDNGNHpfM3dRVnh5WEJLOXNweFVlUXE5a1Fqb0UwN2FQYy1QbmxXbUZ6M3pEa3VvT0JyZ1Bjb2I2U1JQQkhRVmd6LV9fU1k?oc=5
CNQ.TO,2026-09-16,What's Driving Canadian Natural Resources (TSX:CNQ) Oil Stocks Today?,Kalkine Media,https://news.google.com/rss/articles/CBMiqwFBVV95cUxPekItaF9nVlprcV9KTHc1dmZsQ29SRkZiQlU5bGZLTWM4aEdHcTFic3pPZ1d4TlRua2M1ZFlWOWJoZ3A1Yk9CbGdSYklLMmp1ai03a2w5SjRIWUhWNTlRaTJqdmM5aFFTMEdNcE1HOUVVdDBfbDVKVFpwSVNMVWFQX3dDV2tZNHp2S2JKZ3pEVF9SRzBRbjNpb0VpRS1fU01tTGFpTXFnMDdCUzA?oc=5
CNQ.TO,2026-09-16,Why Imperial Oil (TSX:IMO) Remains a Key Canadian Energy Stock to Understand,kalkine.ca,https://news.google.com/rss/articles/CBMipwFBVV95cUxNYUFlMUluZmZ5STlUUjU3ZzdUZ3l4VTJoSmEtT2Rham9TelBGUmxqZVZjRDctQV9Sb0lkM0FKbWk5bHlCTF9PZkcxcDdlVW16NVpIY0lzUkticl94bXk5cHVhSndDZ2xkTVQwSGRGVEw1OUgxZ2ZsaXJXb3VFbTBjTUZlNDZzZ2RqaGd5TVE3QWRIaG1yZWU0T3BjbHFMZGV3RVVUQVRwMA?oc=5
CNQ.TO,2026-09-16,Here are 3 Canadian Blue Chip Stocks I Plan to Hold for Years – Here’s My Take,The Motley Fool Canada,https://news.google.com/rss/articles/CBMiqwFBVV95cUxPQzJRT3ZhdkJIbXVRM0h1M2R1dnliNGZYMkRETGJrZGMtbHVCbjBseHcxZ1FUS1hSNzdXVmVNOEFzdEx6UldNemVjV1Vkdl83R2s1WUYyeDdvS2RaS3hNTy1ITXlvUlJiNUNYTU5PZGhOcWN2OTBPckNjZFdRaGNaUWwyV3U3ZkU2cGdoUlZEWC1nVVhWVjZ3OUU5d21oaTRIdll4SlBpMFIwYlU?oc=5
CNQ.TO,2026-09-16,Why Canadian Natural Resources (TSX:CNQ) Remains a Key Stock in Canada's Energy Story,kalkine.ca,https://news.google.com/rss/articles/CBMisgFBVV95cUxOWU53OUt1SUN5UlBHWkRvTk9yVlZQM3lUU2lMNVA4QVpfN3FMbVducXc0VHBuZlNMYTF0Q0duNW5udllaQk9CbHlQRTlOT0NkaGNBbmFiVWt5cUxiR0M4OFJFMk0tc1FTblE0bDl5UGVxNWpCWUVZVG9pYWtsU2NmQm9WSGZSTHdUOUdCeG1fd0ZDamxKUm9fdEhvbm9oTFR0WG1TMGVJMFcwalR1U01mZ2ZB?oc=5
CNQ.TO,2026-09-16,Canadian Natural Resources (TSX:CNQ) Faces a New Market Test,Kalkine Media,https://news.google.com/rss/articles/CBMiogFBVV95cUxPZ1duT2QyMkZ4VG5UTHV6RDM3VGk1eXU4anZXQXE1Zjg1RENGYWJ1S1duWXZoQUcxVndwQlFTdDU4YWhxUFNRVzhPV2ZQamlnM2FnSXU4czU2LXB4TndfLThCM0ZObVZiWUhvdVpRUE5sQW5SRTZhMVYwVTRwVXZJc1lIOUVhbEt1akpXSEdFazRRcl9pNlBUblZHZUdEQ2ZrdlE?oc=5
CNQ.TO,2026-09-16,These Are the Dividend Stocks I’d Hold Through Any Economy,The Motley Fool Canada,https://news.google.com/rss/articles/CBMikwFBVV95cUxPZk1NM0xZUWhsSXdSRzVmdVJtVHdLWWRnWXhiTHFnMWtiN3EzOF9Wc3JCU1VmSkI2TXlSbEE4RDZuQ2djS19aa3VCZm5IV05idFRUR0hCc0hHQ2xJVFgydnlQeVJGSFBPZENKeWZOU05VaXg0TUE2NnZNOGVWRU00bzR1VG03SHQzSDlFUUcwQXo0OEE?oc=5
CNQ.TO,2026-09-16,What's behind Canadian Natural Resources's latest 2.5% stock pullback?,Traders Union,https://news.google.com/rss/articles/CBMilwFBVV95cUxNNzFXY1JLWEgwZVQ3Y1NFSTRnNXpjdXRpbTBGMnZlZmh3WHhVTHlMVU11UmU0Z0xCQ1Bxb2VkeWV4WE03VEQwTFFTZno3dFFqMnphUXBaOFhxd0l4c09ERzFsVzJzUTNWM0IxUV80ckU4OEYyWW9YeHZHRUQwdjZIamR0WDBUMnAxUmFYZEc4WEhmODNPc25F?oc=5
CNQ.TO,2026-09-16,"The Zacks Analyst Blog Highlights S&P Global, Cloudflare, Canadian Natural Resources, Star Group and Hour Loop",Yahoo Finance,https://news.google.com/rss/articles/CBMinAFBVV95cUxNOHcxRHRRcXIyWEVVZnlwTFJjNVBHS2ZzWFVyZkJLV2NIbXJFYy1rcHVyWWtBU1dQaUxvcHRrV0JjYl83UndvWkdWZmRQMFlacXBYYldQOW5YZ0h0b21NQmc5SGlFVFNPQUdac0N4S0lISlEyMTVGSmNOQ2w1VmtQaW4zeW5LWkg5UWpPc3FKZXpaTl9xSnZtSE1LT1I?oc=5
CNQ.TO,2026-09-16,Can Canadian Natural Resources stock avoid deeper losses as short-term exhaustion signals emerge?,Traders Union,https://news.google.com/rss/articles/CBMimwFBVV95cUxPNGI3eGdzT21HUjZINkVpRW40OThEWURUYzF4X1pQNlZPZm9EYmhDclFhR09WZWJWSE5RUTJPR29tN3ZoTlF0RzNVMjFiU2UtOHdzTnhySklCRnVYYmpVeWs5NjJ4a0pSRmZPbG1Hc2Zxc3lOTzVLa3dnX0ZoNHJxQ1h5OEh2bzRSVkpSbXlFRk5yVzVJSGJrTW02Yw?oc=5
CNQ.TO,2026-09-16,Canadian Natural Resources (TSE:CNQ) Price Target Raised to C$70.00,MarketBeat,https://news.google.com/rss/articles/CBMiwwFBVV95cUxOUXk1a1ZMSG93a05mSEVzQkFYc0pMdDhJZjdXVklSRVp1S1QzRFRrRzZfSWZSYlAydDZQVndWMTdfZFIzeFNXT3BBcXJWN1dPRUdEeE5BV1IxaVNaOUtjc2dELXBsQWVYNVdpd2d0N1NHMUQycXh3c0V2ODg3SkRpQW1kQU9mNk41QXpGdXhJQ2xEWHlqLVA4NGdZRHRaUmozenRwMG5OVzNEREZFeDUtRFdHeFpIMjVnTmR6MlJHZGJjSGM?oc=5
CNQ.TO,2026-09-16,What Is Shaping Sentiment Around Canadian Natural Resources (CNQ)?,Kalkine Media,https://news.google.com/rss/articles/CBMiqgFBVV95cUxPNEV4V2JzMkdQVU5RMlM4WnlqRi0xTG9kQndKblpwQlNGWWN6M2prb25BRjJNRGY5bXh1cmlDUHZJLWdRMGs2OXhMTDRmTk8xall3ZWxPcG8wcG1zT1FoS3FBeWRKSkNzd29CRGQ1ejlFeDBaV1ZGenh6blYxMjZRUzJrSUZBZmNqRzVRd3J5OVI3R2hSY2dpUzduazI5eHlDQk5HY0gwUGpHQQ?oc=5
CNQ.TO,2026-09-16,Did Record Output Just Shift Canadian Natural Resources Stock Investment Narrative?,simplywall.st,https://news.google.com/rss/articles/CBMi3wFBVV95cUxOUTVvdE9LajV6d0lTUkpHNWVJclVUcUx1UmwwS1BUc2oxMzVhcThKMzZ2Qk5xa1JYTERwNEZNMXdiNElVRmN3aS1YeWh3ejVnUVNWWkVYWFEtYUdINkt2OWo1UUVvM05EUkN6QkI4WTExYU5GOFY5UmVSOUd4VXlsUVA4QlBXck5HaUJUaFU0bld3YUJrVUltelVyXy1GTTRGbVpSZURPdHpjU3NSeHpiZG5zVWhaTW9Qd3g1TlJlOG5mdkFqbEI5ekR5eDZiWXlUaV9KMk5KSEV2cGRwVTY00gHkAUFVX3lxTE1ycTYwY3cwRjRJWE55aEpQbER2a1JCYUl3clpSVVBJQmFqTndWdzJWY2NNc2hQbHlGZjYtcUdtWW9fa25pcHhZM2pWUVVCaFd4bmZNSE9pc29UTzVBTG1pNmk5c1M1QXJZNWZGQlBUdklUYmZUWlY3TkNCZEdRX3k2VFE0OFhoM0tlLXpNbVEyUmhrWTdINFRmcG5zMGJzeHN2R3ROb29MN1ZfZlZxZDlseklxcGRmal85MUlwRVB2bmlRVHpCZjJXMEZLM01zRW1kaU1YQVdoTTVIU0doY3R2UXY0Ng?oc=5
CNQ.TO,2026-09-16,Canadian Natural Resources Ltd. Price Target Raised to C$70.00/Share From C$66.00 by Raymond James,Moomoo,https://news.google.com/rss/articles/CBMiogFBVV95cUxPN0pzczVVMU03b3UxUWNrakQ4b0xVajctQkRHeVdVWTJfSlJUN0NodFNDZ1IwSGZ6NVk1MF9pQVhGNzd4OVpJSF9UTm9uRDFSUzZOUkpxWXBGVWZsYWpYRDdrWjhRN3puc0NsS1M3aTJ5LVZ4c3AycGJxbnVnRHRkY0NzMG93OWVjTEtjU2VBNU5vb0k4eVZTSTlDaTlvY3RLU1E?oc=5
CNQ.TO,2026-09-17,"Canadian Analyst Updates: Sept 16th, 2026",The Globe and Mail,https://news.google.com/rss/articles/CBMiwgFBVV95cUxNOS0yZVV1eUJDMHB2VlhMVmp1aGNqemVSZ1hlNGVMcG1tQWw3NF9qaDRTNWJXM0cwNkZoazhWTkxXUFFzYkZFTjBrVnc4RDVaXzFfQ09kVnhvMWdwNUpXaDMxNlBSeGtXajlXcjJJekFXSGhNQmROS2pXY1NmczRSNU1DUEI4V0pNa3daNkFJQmgzVm55aUN0TUlWc3lWTHJKS3pFYU9oeGJvQzNmVTV6bVZoc25kY28wZC0tUXU3el9kZw?oc=5
CNQ.TO,2026-09-17,Canadian Natural Resource Is the Dividend Stock I'd Never Trade Away,Moomoo,https://news.google.com/rss/articles/CBMioAFBVV95cUxQaVNZQVdSd3ZkMkZqbFpkUDdJa2lxWXREREVFNHdhN1J5RjN6bFZCaFZPWFdyZ3BJNTJmVlRIclEzNWIxdW9IQkluWURvVmZ2SlBGZnFqckM2elZQQUJteVNqeTZuUG1BWkdsb3dPR2FoQ0tjX3lGNG9VejFwNnh6UW02SDhGY0M1U2hJVWpMekhoTU13cXpSelFEV2pfUWM1?oc=5
CNQ.TO,2026-09-17,Canadian Natural Resources stock outlook: Raised production guidance outlook keeps focus on resistance test,Traders Union,https://news.google.com/rss/articles/CBMilwFBVV95cUxOdl9OTm1YallQbmlHWTFOX0htVWlidElZYjRmZklQQTh4OF9fYUhKWEx0SnhMaDByV2Q5LUJySl81aGJJckkzakV3Q3E4ZmpPaU5oMmJPYUVCWndxcEVYYUZpLW9zYTMycmVfd2FmSW1qeV9ENWFxMlhKanduOUlQZkhVN0ZkdHJYdVhxSkswdmFaMTNpMFJj?oc=5
CNQ.TO,2026-09-17,"Enbridge Is Solid, But This Stock Offers More Upside",The Motley Fool Canada,https://news.google.com/rss/articles/CBMiiwFBVV95cUxNVnZ1VF8xR0pXRFlXTG53VlVYOWFaVWQ0QWFzd2NzTUNDcDlFZldGWlFWZ05fUDJrdjBkMDJMdi1aOXlBblNOT2VPb0wxdno2aXA0bWhKdkZ5SzFpS0l3bm80QV9IN0JWQmNEZlRTRmNtVUQyODhLX3dYajVzU3l3dXk3RFcxUUwyWHVz?oc=5
CNQ.TO,2026-09-17,Canadian Natural Resources Stock Is Up 59% in 2026: Is It Too Late to Buy?,Moomoo,https://news.google.com/rss/articles/CBMimgFBVV95cUxPQnJ3dFpTQllNcmVQdzZ2cXZjY1ZxUGFvZGwxN1lzZGlSMjN2MEMwbVVuSXFVR3NXUExBVXRLd3hPVTdPY2I2VmRXUEhOWm9oU0lRWWExd0ZqSGZ2NkVWbExmUjZTa1ZTQVpwQWg5YTY3bC1na1hXLURleDVfWTJLZkZaRkRTTktMSnVaRGN6YS1pNjcxSHd0NnBR?oc=5
CNQ.TO,2026-09-17,Canadian Natural Resources (TSX:CNQ) Stock May Be A Bargain On Cash Flow,Yahoo Finance,https://news.google.com/rss/articles/CBMioAFBVV95cUxOOVh5ZjdFM0ZSU1FsQWdkUDJ2Z0xabXMzVTVrS1lRZ293WEZpYThOVXY3X3ZveFYyOHV4YS1NWlBiRGRJNlRFNTBseXNseVQzMUJUa1ZmbDJUMVJDdzl6ZEd3ZzdQWkl4djdXdEcyR2VRcXRvN3FBSnNpWkREejg1LU9ZZGRqclMwNGtMaDZSMWFMZjcwMVJIWUh0UXhhS0Z0?oc=5
CNQ.TO,2026-09-17,What Makes Canadian Natural Resources (TSX:CNQ) an Interesting Name to Follow?,kalkine.ca,https://news.google.com/rss/articles/CBMisAFBVV95cUxNc2Q2Sk13c0prTUVHazRsd3d0QV9sNTFaazRZWkg1bzEwUzdKWDZ6ZHBGMHFiRGlxY0F2RS04UzNDWGFLVGVJU0hpbHlKZHA3TDllaTFaWUhCTWJwbXBHUFg2dW10LU8yR1R3NDM4LVdoanNnS1ItVi0xdlA2ZTRpaTZXNkNJenJJSExSTExuYzVaNllrdklvTW9GNERNOXJnUzZyVDJiZVJMTk5vV0RBdA?oc=5
CNQ.TO,2026-09-17,Canadian Natural Resource Is the Dividend Stock I’d Never Trade Away,The Globe and Mail,https://news.google.com/rss/articles/CBMi6AFBVV95cUxObUVkNld2RE5Zc1JyV1o5NDBqa2g3TXo5WEt2OU91SjhMQjZHRDNfR1lSXzZIQ1ZzSXFNcGVwTHBKeklaRENQZ1hZNWdfLUJ3TkV6am1IRkc2OE1KM2d1czBqb1o0NG1GejlpM3BuSXRhZ1o1end6WnFQNkZIcE1Bay1SZ2xfWWR1UFVvSDY2VnVIN3poVHRXY3FLbXI5OGJwcDA4Z2xvWl9vZ01nVjZ3a0l1dFFLYklSOGpFbHR1WURFRGd1c25WTlVhNXd6d2xIaVJzZm1PeXpNWVc0YnZtNG1VanBxcUtV?oc=5
CNQ.TO,2026-09-17,3 TSX Dividend Stocks Yielding Up To 7.0%,simplywall.st,https://news.google.com/rss/articles/CBMi6wFBVV95cUxNalhaWHFsdDlscWpiSWtRcjh0VDF0enFLZV96RDlCcklvS0xPQzUtdUwxYlhqdzJkdGdwNWhEcWMzZjc2b3QtSDZySkVFa2xjNkJwM1dCRmdCOUFoX3VDQ2ZDcUlCOXNORXo1aDRYWlNvUThvcU9wRWZuUmtxNXQtVlZNYUgtaFdKaWVVWk92bVZUMGZJak1ldF9wZ19Ic3JNTmgtTkhUblppOENZWlMxWjg5SWg0RUF3bk50clY4cEZ3ZDBPRzVKaVk2NzB2S1VVMTh5NUpQdUdnaUJ1SENfeVYyT1Vqb09CNzdv0gHwAUFVX3lxTE8yaVYwdkNjUW5mcDFGSG5sVTl5eVloZjdNRnozTW1aVXlRWGlsc2FtX2F6SGVPUUtvQlFmN3B4aHFkVW9SZDZqMEdOeVVILUYxWVB2WmswdkVlQnNTVHVSbVZ0V3VWcm8wU1ZvYWNOR3EyUFBkLWNBOU1OUHJDaEZKRll0NHRiSXB6SUluWW5UUmhRb2FqUzdGLXdoUkRxbXkzTHFmWVZfWUlsc21NbzhXU1UxeS04OTZyWXNOSnd6OWRCZlBGcWRmUXNKamFTbjY1TWdDRUtyYkxheW5yaUV4akNWenN5Q2hDR3p4d3Fxdg?oc=5
CNQ.TO,2026-09-17,Top TSX Companies That Haven’t Missed a Dividend Payment in Over 25 Years,The Globe and Mail,https://news.google.com/rss/articles/CBMi7wFBVV95cUxQZklQVGNLSll2c0Nxb2pEc21LWDJCYlVQbkx3Um9NY2d1S3VFTHpxYkFyYkt2TmxtQldCM2xMZHdZZzhLV2dJY3lFYVVHOV9aTHp3SFIwMVlPNXhJTVhYTmtCTXV6SVRlbWtMU2pWbnZaVEJxWnN1LUlESUNZc1dNY1RlLWJ2UHpPWjhrWUtWTnREWnpJajAxRTgzOW93ZU9SeFFyRFlYcEN3T2FRWGR6VXpRLWFkTGtMOGlJSEhPNHVMR0pzQUxMd3Blbm9yLUIyN1NnNW9oaXpMZF8yazZPQ2xqMGJWNmhkVXZvSHJBcw?oc=5
CNQ.TO,2026-09-17,Why Did Canadian Natural Resources (TSX:CNQ) Fall 2.259% on 16 September 2026?,kalkine.ca,https://news.google.com/rss/articles/CBMipgFBVV95cUxNM3BXNzl0WnYtX1FuejFKZEVnQUlEazJ2QmdzcHJiSUhZMDAtazZXNHpIN0xULUZyVTZMcndnWVM0b19ycEkwTFZNVDItM3YtQ3ZGS1NpSEFBMlBBNURudmVSelBDb0ViT2dZMGVCM3ROMjlxT2Z6U3pZTVdKUDRuMWtKWUVseHZMdW4wMzZRcDd0SlZHS2dUSF9GcVBvVE5GWXRFbEZB?oc=5
CNQ.TO,2026-09-17,Is Canadian Natural Resources (TSX:CNQ) Fairly Valued After Its Rally?,Kalkine Media,https://news.google.com/rss/articles/CBMirAFBVV95cUxNczhDMWw3blZkYUh5cHVzN2RRbkdDbkFhNjFBQk4zRDgwc3AweEN2TE9MQkxJakVEODUyalhscUFsZl94azI5N193V1ByYldQZ0VzR1hBXzNueGdtQUtxa0RoXzJfeGs5Smt0Yng5ckxQS1dFMWp0Nk5YSy01cEZnZDAwTDhQVS1XMENuN0owU0M0YVVMQzlWUXQ1S1BDUWNzR09IM0pWeU13NnVY?oc=5
CNQ.TO,2026-09-17,Canadian Natural Resources (TSX:CNQ): Is Confidence Building Again?,Kalkine Media,https://news.google.com/rss/articles/CBMipwFBVV95cUxPTjhveWVZM1ZXUEI2VTllSnAzUzVvaEIwY3lqVmI2cEVfSmxfN1BoMng4M2kxUW9hZXNYbVF2Y2MxNHFrVktuU1h1SkgybE9GdURiU21PN3J6ajVweEowZU5obEZMZEdWUVRDVWtGZXYwLUxvYnJqbG1QNjcxUkFKMG5mVXNaLW94UUpSYXo4LXhXajFnWFdvdDlJQlhNMVRnc1lSM1VDRQ?oc=5
CNQ.TO,2026-09-17,Canadian Natural Resources (TSX:CNQ) Looks Fairly Valued As Cost Cuts Support Its Case,Yahoo Finance,https://news.google.com/rss/articles/CBMioAFBVV95cUxQbGV2ZHBIOTdhbzlET3dqeWtMNTFnaDFIbVZVSWpJbGpxRkp4dWR4OGp0eXJrc0dvVFFuWnlFZFNabHliaXJVMldlLWZhcG1IT2lNLVBiZFdJNVZZZUZneVU0cmV2TUlzdFgwOS1ocTctSXYxNjZIRWIxdjUwUzJ0WTl2b0N5eG0xV1NVUUNRYTFydVdXaGU3R0ZIWUE3X0hD?oc=5
CNQ.TO,2026-09-18,Top 5 Canadian Mining Stocks This Week: Orosur Gains 63 Percent,Investing News Network,https://news.google.com/rss/articles/CBMiVkFVX3lxTE1lOXdSczkwZ19VLWVZY0o3alpYS2t3Q2lxelZOUGVrQWdWNmc4cHZFSXd3d095cngtRFQ0OW5tOG1zc3pfRmhPZmVTRzVBMFlySllpb19R?oc=5
CNQ.TO,2026-09-18,Canadian Natural Resources (TSX:CNQ) Draws Fresh Valuation Attention Following Lower Cost Growth,simplywall.st,https://news.google.com/rss/articles/CBMi3wFBVV95cUxPM2VNZzRyaE85dHphaUJLWlBrNnB3djBIYW44ZDhGU2dPLUwwc3Blam1RaWhHMEZkQURPNVg4emwwTF9CLXQ5b1liVnBYUU5IcVJodVZWeWhCUE1aTEtGejFVbWVSVTFIMUNWVjlGYWRuNlNoOE5aaXR3a19OeF9YSXNaRlVHaVZjOXEtR0FLZnFPdkJnd0c5bGZqUXgzUEt3Z2E3OWFHWWwySU1HV1M3WGhNaGtyTnVOY1pqanJ3WWF0TERhRDlBWW12NjlWZjNTYjkzWnhxendVRWVIMi1j0gHkAUFVX3lxTE9ibF92YVlMZUlKbnF5YUdvemN2bDdhRnZSZzZ6YjlQVjBPOEdwTExOVzcyS3RzbU5paUwxZ0R0Q1cwQmxmYTQ5ODlrNmFVTnl5U1FoMTRvZ3htOEtVN1ZTMGFEdEdmajNESENCY1NIZ0kxeG43VVZGY3lMNkI2M245NElFQm9BYUZYREtfVkEzb3lFYlU4UTVNdFdYcHFVQUlEWE5EbEpVRWIzUkRqZzMwWXVxT2Q4eUgyUlZZUmtoOGV3Qnp3ZHNLZjd1bW1YYm5peUtUYy0yRG4zRkpPeTNsUDNUcA?oc=5
CNQ.TO,2026-09-18,The 5 Best Stocks To Buy And Watch Right Now,Investor's Business Daily,https://news.google.com/rss/articles/CBMiakFVX3lxTE1tLV93b2FIV0wteHhQcDVTXzJCeE5pbG1GUm51TWtER3p6a2c1TGhoV1NZVUtwVGJyeGdfa01pbEpIa2N4M1lOMEZhMWVva2RaUTJWVEUxdm1fZW5yQVpfM2huOXYyWUVMQUE?oc=5
CNQ.TO,2026-09-18,Why Canadian Natural Resources' (CNQ) 26-Year Dividend-Growth Record Still Matters — S&P/TSX Composite Watch,kalkine.ca,https://news.google.com/rss/articles/CBMi1AFBVV95cUxQc0trdEE0SlBKOXRJMFRFLXp6SnhxdlpJSDNQZkVQOFd2eGQ4OW81SWg5cEwxeXlDZGFNZVlhOWlaV056WXZsZ2JybTNLSWhSUkJJTzJUaVdHazZOeS1ZRW5pdzFWdkp3YkhLYm5GcXRNc2prOGd5VEJtZlVjYjZjZGhpMHFFX2Zlb0dKNEhWdG1pRmFaMUxIODJ5RFVJQjZZVXF2V2VYUTdRMU1kTzVJZTIyUk9UeWpIZFhiR3U1UzMzQnNtUFNiWmtLTEhFSGRwWXR5dA?oc=5
CNQ.TO,2026-09-18,Canadian Natural Resources (NYSE:CNQ) Passes Minervini Trend Template and High Growth Momentum Screen,ChartMill,https://news.google.com/rss/articles/CBMi4wFBVV95cUxObWtxUEN5akJLNnh6TmQzcTZtb19EbzNoNFR6QXpac2VZbWZmcG83Mmg2SHNVTXJYTktBNUxKWFE1eTZsTW5QNUhGbkllaWJtS3QyTERseERob2NmdXVHS1hBdk9CcmFQOG96ZzlYUTg4WWxHLUVNRGtSWGxYejZ1TmoxTW9tVTRrVlZsdjBrWnBYcXZ2c3BRTUVPcUxvYWpKcTROYVp6bFF1aHdlYzlnY2FKUnE0N253bUcxS0JPR2tqU242eFhtNmVPT2ZSc29yUm90S19jVUQ1U3lIMmxnaVpmWQ?oc=5
CNQ.TO,2026-09-18,Will Canadian Natural Resources stock hold C$59.77 support as payout policy boosts returns?,Traders Union,https://news.google.com/rss/articles/CBMimgFBVV95cUxQRGE0NGRNcHRTWjlkRklGZlRHQUdFQmRVLTZMRklSTU4tSXYwcGUyLWloVHU1anM0MkRuRkpXZXFwbm9ab2pCODNFM1ZESUpmMmV5OEkzR2xNcEJxamtOOENnWkR3X0xrZGptVFJ6VnhDSy1aeUNIcnVpRDhvRlBZNVhqQk9kM29RYW1meVJEZzZmOF9melVmVHBR?oc=5
CNQ.TO,2026-09-19,How Does Canadian Natural Resources (TSX:CNQ) Fit the Latest Market Move?,Kalkine Media,https://news.google.com/rss/articles/CBMisAFBVV95cUxPR3RSc2ZnQlR1VmJXa1pOcWlROXBTVHFNNm03NWs4c09vekg3QUlVTkdIT3Z5WTMzaXRocEVoVng2UnZ2cURGUGV1WEFqR3lLLTJ3eGw5WjNKS0JTaFV5WU9FOXpMY2V6RWljaTRmYkZ4Ukh5dGlUN0tEUVBVOHJVc2JFRnVOX1JkYlJCdElfQkxFbWdlTnNzblZzQTlwbTFobzNFbko2anM0UUNfOWluQQ?oc=5
CNQ.TO,2026-09-20,Canadian Stocks To Follow Now - September 20th,MarketBeat,https://news.google.com/rss/articles/CBMipgFBVV95cUxNRV9jSW1mN280SmNxR2lqRnY2MHE2LXdnOTNmemd0T2VLQTUtcVYyTFJrdVZtZWVmMWx6NXBtdU9IWXdpbzlRakxHTkdKVEVZaHF6MEs0c1hxRDRHTFR0eXAzaHEtSy1HNnJPR2oyRk9IdVFQSDVPX1JGX3c0Yms0UHVwNllIRm00azRnQ0FMVGdYdDRyeVp4RC0tVGNocHR2WWRBcTBR?oc=5
CNQ.TO,2026-09-20,Canadian Natural Resources stock holds near its yearly high,AD HOC NEWS,https://news.google.com/rss/articles/CBMiugFBVV95cUxPV1E2Ym10MGVVZWVVVDFRU3NvSVJNTzRZWE5ndFl6elRKa19QelBfeFNhVHAtNk50S0FIaEJ3MlJheDVSSU5FOExKdm9qMWF5Q1FVcHhJM18wWUJMcGpDYVVDNEdHVkVLNC1KOEd6OU5nV3o4cTl3VTRJQ0M2dng5S3hpa2pwaWZrTnlpNVNqeGpTSXE4OEZJQzZnRXktY3VSUDV3dk91S2ZFUVI2UWJ4SVVjejFsVjJJcHc?oc=5
CNQ.TO,2026-09-21,Why Is Canadian Natural Resources (TSX:CNQ) Back in Focus?,Kalkine Media,https://news.google.com/rss/articles/CBMioAFBVV95cUxONjVlOTk5YjFkWl9tbEx4SmJWU3Jid3dqSGhUeG5paVVVbGUzU0hEWmhZMkVGSGswLWc2c3FCTlZZb055OXpuODhZVFhwcDgwRTBic2V5cEJKVFNJLUVoXzAtLXRfLWFJQ3BUZ3ZVaFRjdUcwNHpIU1NpeVhLWEVlRmNuNlFSXy11NTE3M2sxdkpmZlExLTBTajI4dkJtUnRv?oc=5
CNQ.TO,2026-09-22,Why Did Canadian Natural Resources (TSX:CNQ) Fall 2.234% on 21 September 2026?,kalkine.ca,https://news.google.com/rss/articles/CBMipgFBVV95cUxNU01kcHRvcU1HdE45aXFNc0J5YjhjcG44SlFWQ0tUVWdnSEVqSGZtRnktcEkwa2VHY1pReTNVSmg1NHdhM0hVdnR4VGdmTy1XOHBkMUhBTnhEczl6WlNjeC1KZWs5WENpaUpOZlNTS1JlLTJkOHNoYkNaekt4amMzVjY1Yjg4MUlwaTNoZ1Zoam5MYldLNkVQbTBIRGpyb09Rb0ZERGJ3?oc=5
CNQ.TO,2026-09-22,CNQ holds steady as seller pressure dominates short-term trend,Traders Union,https://news.google.com/rss/articles/CBMimwFBVV95cUxNNzIyNW0wRnhBRnlGNkFlVF9wSURaRFU4WW1ZemRYcVZzcjhWaHVySEdyTndoVHp4dllkZi04WFNiVDhTLUdGbTZQaWhsRm1jRHJ0eDhnRmxIYlpld0FoeExXUWxHT1lybTg0bWtReGdGRE5XcFBqR2lsM1dhM19Rd3ZCLWUzcmF3cmFTTFVVbE5meXJOVm9mZ003dw?oc=5
CNQ.TO,2026-09-22,3 Canadian Dividend Stocks With Yields Over 3%,Yahoo Finance,https://news.google.com/rss/articles/CBMinwFBVV95cUxNaEVsMFQ5T004N1Nia0JNRF9SU2o5UUVIYWx4TkFCQU8ySENFdVVRQUZxT3I1NWRKdTFrV1pKOTltY2U4WGJRYVFVVjc5MlNvOVhzNXpVdk5qS2NaVUNmZzBiWEd1M0h2dXpvbkJlMl9UZjlrVXJ6RjBmWlZhNzdLU3VvbzczOXY0LTNyaTdVNmJyekc2TVNnNnJFQzFlRjA?oc=5
CNQ.TO,2026-09-22,Canadian Natural Resources (TSX:CNQ): Lower-Priced Stock Dynamics On The TSX,Kalkine Media,https://news.google.com/rss/articles/CBMiswFBVV95cUxQRlcya1JVbVlmZXY2VnhMcm1zLXhpQS1MT01JajVGQmRJcXhHcWNkdDRLUEUxZnBUQ2M5VDZFVUR0SHpyVXNoMGVBTUlqVGpaZlpFc2NJeUtwX21BT05DYWFQdnYwbHltN0dtUDVLakd2bEc0NTB2d2ppZmFLeEtSYzdVT3FmcW1rMzQtT0tSc1hBMEhoZTRtUU5Sd19xWGp3Uk1XbFRfdVlSZ0J2VHQySmxPUQ?oc=5
CNQ.TO,2026-09-22,Here Are the Canadian Stocks I'd Feel Safest Holding Forever,Moomoo,https://news.google.com/rss/articles/CBMinAFBVV95cUxOei1qM2VKZW1JNjFoMzNxOHFWdC1JZjR4RGVZLVJBV0gxWmZkWTRCQ3h4QjhZVzE0eS1iOVFFeV9WVDkwNUFtamRVajl6ZmUxY2xXOHRQeTV0SnJMOTBUREdYZmtMZHpCMkFOZDU5MGNsTGtIQW1pQ3N5Y01YeVQwb05DblhMVERVb0gyb1FXcFVmQmNrakJxVmRLMkE?oc=5
CNQ.TO,2026-09-22,Canadian Stocks To Add to Your Watchlist - September 22nd,MarketBeat,https://news.google.com/rss/articles/CBMitAFBVV95cUxNbDZyNlRLMTJneThsSEdzaEVsSF8yNldEODZDWS1weW5MMFZ6cV9zS1ROUU1QM2x4MldrY1IzVlVYNl9KUVBreEdoX1hlZnF3NTJfTDk3VTBUOWVyQlVueFRKS3VRSVRrZThCMkJ2U3lQN0tDeFhYaGRRa3FFRTZ0bVdvb1V4UWpETlZlZnpfamh4czhYNUdoeXR3Vzlva0hqLVFyUlExOGt2WXNqSzZWb21mdGU?oc=5
CNQ.TO,2026-09-22,"Strathcona Resources Stock Under Pressure: Correction Risk, Valuation Sensitivity, and a Cautious Near-Term Outlook",kalkine.ca,https://news.google.com/rss/articles/CBMi2wFBVV95cUxNdmtYSFphcVJpejNiMDgxUTNkY1I2bFRpY1dVRl9NVzVmUVhrdEFOMmZpVmJzNzdQa0dMc2g5UlZmY3czaGc1ajdiOTRGbGpHMjRHcVd2MVVVZlMwM1FUeVc5S01VNVVRQlFuUTBGMExNVmUtVkNWREVwOEtCWldVNm9uNzlQRUVob3hySER5SlFpeExWd05tMUJpZGJfS3Rpbl9fXzZWTDJtV2pDNzlqODBZbDRBLVU5ZEItbXJpN0hiU251bGtCQm9ZUDNxWjVxSHpXMkdqTThYWHM?oc=5
CNQ.TO,2026-09-22,Here Are the Canadian Stocks I’d Feel Safest Holding Forever,The Globe and Mail,https://news.google.com/rss/articles/CBMi3gFBVV95cUxQVHpDVE1aMEViZHNNdkY3UlBGckZ2Z3BsTnpNWkhOQWp1NU1nRXQ3VktQZjJpM0xwX2xxdXQxYW12SkZmMDdDX1BVYXBUa3VOZDM5OXF5T1NzWU1IcWl3V3RCRFZ2OTZSVnlyLVE2TkVoUTU3WnItMHl2MG41aWxiNzg5OWRVcFJSaEd6WWtsZTFmcFRCNmpXN1ZWWDdPVklpck9nUlZEbkl2OGlsbUJxaGg2cmNXTkliWnFZeFhhTXN0M2hseU02Q2JvRDdEZHVTajRwalhKZUczLXVXWVE?oc=5
CNQ.TO,2026-09-23,"This Week in Canadian Stocks: Winners, Losers, and What’s Next for the TSX",The Motley Fool Canada,https://news.google.com/rss/articles/CBMipAFBVV95cUxONEltUUZ4WFRjMm9CT0drSzhXVlJwYzJsdnRoQmY3RjB1QWRzc3lXenBpOTZxTi1pTDFFeGVDRUpkUTJrTFF5cElnQ25xNmc0bWM2QmFoanF5MHdqdU91bUl0VlZoRWNWRnRRUU5vOFdXaVRsalpnQWdoRkdBajUteUtaLWVEMTFNVUhoWFlkUkU0c0JiLWRaSjFWWFB4MjRNOWhfaA?oc=5
CNQ.TO,2026-09-23,Canadian Natural Resources offers a 4.20% yield—but can it keep the dividend flowing while building long-term value?,kalkine.ca,https://news.google.com/rss/articles/CBMi2wFBVV95cUxQUHFFaW5la0Y4OFlmYXdEaGp6MWU3TkhYTVYtZUxpRno2bGZfOE5RcFhhZVZmZmRTWDZxcmpFcVp5WUJOS05EV1J2NmNPcVhJN1ZhNHFsSl9HTGJMci1pVGJyNmtQZmI3WUxqaHBxVGNTdm42dUVyN0dkQm40WjJBcVU0UlpsYXVxNlhCZ2QzTHEyOUxISU5BOGh1TFBITEoxaXEyS3VYNUo4c2kwM01hZWZFTVo0S2YxSW9pazI1a3BXUTY2VUhTaEsxNEQ0RGp5a0lHYTFCTlpNVWc?oc=5
CNQ.TO,2026-09-23,"Canadian Natural Resources Limited (TSX:CNQ) Shares Soften Amid Active Trading: Oil Sands Mining Operations, Heavy Oil Differentials, and Energy Market Sentiment Under Review",kalkine.ca,https://news.google.com/rss/articles/CBMipgJBVV95cUxNdnBEUFNNS2M4T0o3aHhBVEUzMEc0aHhaWWhqbHl6N3JPRWJkRHZ5Rzg1dUNFR2JlRVM1V1dTRGhpWFMydk9zV01jUkdERENNMkVlUVh4Q1l1RFd3VjAwWFVtYk9yVjJkZEgxMjNhdXc1RjJ6V1AyUDdSNVhER2hxbVAtOVFUdEUzWDBCMHEyZl9nQVlucnRZLWctWHJpNl9pOUxULU9VUER6MUU0SFM3bkRqRWZiMnRJZlo3N2VhWnFTZUZzU3dBdW90VTlfeDh5ZG9vZ3FPWlJtVGk2M1djMjVFdElYZ2NfUnktTzdMMXJRWEFWQ0t2eWNlRTJTWmpFbWhRakNSTVFETlAzVmVmM1FBblI2UEtlX25IX3ZjbnpqaGpLUGc?oc=5
CNQ.TO,2026-09-23,Canadian Natural Resources: What Changes After Today’s Market Shift?,Kalkine Media,https://news.google.com/rss/articles/CBMirgFBVV95cUxOcDA4RlZja3RveEI1LVc1UkhIR0xCbzBUdUc4Qzkwc25XeEhHLVUya0VsMmhFcy1wcUNLcGxDVGhkWExUakNrUTBoNzNnUzhmOHZFWG1xdjVySy1OZmxTTUtRZWNyRGhQeW1sc1czWEs1MDdGVmhWWTZpZkhiVGNwY0w2VlZWSkJZVVJfQzhERVluWW82dzZTblFDSUN6SUptTlRHdGVWNkFOTDlSMkE?oc=5
CNQ.TO,2026-09-23,Magna International Stock And 2 Canadian Dividend Stocks To Kickstart Your Portfolio,simplywall.st,https://news.google.com/rss/articles/CBMi2gFBVV95cUxPdkJrci1kZFNhSmxJTDFTSXV4dXd0eVNRbmNnUWM1SUlyS1BpZFM0NWtrdjVmZmkyalczSUhac0hsVnBlNl9qR2l6VGN6VzdCZ0RLdGZuQUQwRGRqaXBQdHZEcThldnBLOTc5d2w0anRwcVFRam1xYVFyX0dBdG95cHFxMTdXVk5rOUtNSGFGNHNXOFZ6WXRNbFRpY2F1b3NENWlsWEdRUU9iaktxTzhxZlo1MzlMa0Rld3VONFpLWHZNcDB0Z3BFOUtQV2lIR0dPcS1RZUtxSHpuQdIB3wFBVV95cUxQLVRSbWkxZE5aR1BGTWpNNG1qYWdmQllTNzFST294Wnc0NEF1MEJ1Vk82cmZvYXI3d2dtY0c1RS1LMU51NHV0UmV2U01YTWNSV1RDZGEyZFhzRU9peWY0bEZHMWVoTE1fT2Z0RWJWbkxXRFFEb2NOSTU5TkhnWDZWY2hZWDVVbERkSzlaSGxaSUV0YlNqalZ0S0kta2xKUGx1NXZCNUtDQTZralh3ZlFtZ0JuckJZRTlKQ2x1SnBON2R2Yll3clVmVEp1VTJ3TVp1V2hJNUlPUDVFX0NrbWRV?oc=5
CNQ.TO,2026-09-23,"Zacks Industry Outlook Highlights Baytex Energy, InPlay Oil and Canadian Natural Resources",Zacks Investment Research,https://news.google.com/rss/articles/CBMi-gFBVV95cUxQV0Vkb1UzWDdMWnlpSUgxTE1ZNzNKWmladXd3UE1idmdoQnpjVHg0WXQwZEtlSGU3OXhtTTFUdnZuOVBWVkx3SzU5aTNaZi02MnlJWW5CQnNZSTVNS29zc1JudVVfOV9fa2FlZmNwREdEcXJMcVBLMURKR0toNWhybnVTWDlQRm5rWXg2aFJQeHIyRnpDU3pXWjk1RW14MlA3dTBDZWp0ZV9YZkpNS3dWRDJjTWluWnJURWg2N0s3WUEzSVBtMVpWX2VmQklMQTdxZU9YSUNpRFR4NUFpbHdZcW93SkMxb3U5SmNwV21obE5KRGh6X2R5NjFB?oc=5
CNQ.TO,2026-09-23,Canadian Natural Resources stock breakout attempt: Upside targets to watch,Traders Union,https://news.google.com/rss/articles/CBMimwFBVV95cUxPM0JwR3otS3M2Ui1RZ0ROQVNJbmk2MXJGWS1BNlhPbHJaMEpkdW5qMzE3NVhuU2h4Snk0aFhmWU5KdW5qdUJZczMyOG4zR05hYkxNcklTTDl2NUFtWUh2UXFFVGstS0JfWFlVMlYtVko0bVQ4UWMtUUpiRkUyUWd5UkpKSmZ4NzN1a1hpSzFYVGkzTk5WMzdsMFVMOA?oc=5
CNQ.TO,2026-09-24,Canadian Natural Resources Limi (CNQ) Stock Forecasts,Yahoo Finance,https://news.google.com/rss/articles/CBMijwFBVV95cUxOeE45Y2hMZzJtdXVsWlFYVTYxUFpic2ZCUjJyME9iRndqVG5Zb1lmZ1ZJWThFbmhOakppb0k5b2tveUFQOW5uYWpNa2Q4S2pqd2NORnBvbWFIdmNibGpvZUFhU1M0MmdpdzdaTzd4RHhfNE1qN1JBMHdBS25MYnBPNHJXNkJpcEhVQUFyYzhMbw?oc=5
CNQ.TO,2026-09-24,How Could Canadian Natural (TSX:CNQ) Diversification Shape Oil & Gas Stocks?,Kalkine Media,https://news.google.com/rss/articles/CBMiswFBVV95cUxQUXJJc3owY3liZHNBeTduMnhSbXdZakNUTWlkUFhvMEN4NmdRbmxmMEhveFRod0VsWklmY1FqSzRmLXVla3A0R2dEeTN3T0V1S2ZYTUFZWnAyeTJsSzVQVnRKWi1lZ3ZsbnlUcEV0c05DbHNHbmFyUlFqUURkdXpSdm1CeGktX1d1RnR1dmZWa1dPRUJKdG5mU0R2d1FKVUxaWXNaeWxtdXdDQjBuWm9JNE1rQQ?oc=5
CNQ.TO,2026-09-24,Canadian Natural Resources (TSX:CNQ): Where Does It Stand In Energy?,Kalkine Media,https://news.google.com/rss/articles/CBMiqAFBVV95cUxPTWp4VmRPMDYxZUt0RVVadXhQNmh2ckFKNVRiVnYwbDFINWFyTl9xalJ6QV81d2laOTlBWGl5SXRObmZxYXdZSUNLemlMQkk1Qi1KckhwRDBGam5HcGpjMnVLajA0M2hoVVI4cVpScDdsbG9BQXptOXNjd1Z5dGhlYWFhZnVoaWdrT3J0UjVVaXRUVTNyMTZJZ0JENEF3WXVDd2FhdnllLXo?oc=5
CNQ.TO,2026-09-24,Canadian Natural Resources (TSX:CNQ): How Does It Grow Energy Production?,Kalkine Media,https://news.google.com/rss/articles/CBMisAFBVV95cUxPaDFTS0U2THkxUFRKQlJucVhxRFVycjNrRmlnVWQ4dXBHNnU3ZFdIWDUweUNfQ1c3QzJCLVlYUk9zcG1iWWIxeHBLMjhiMG9pNDBWUDJTWmlCZkFub2p4TWtYX0xpbkYxZGJzNE1PVmMwbHFXOFN1SERvUXdQd2o0Z0FLaVAwNFZ3V3Q1SlJWQkliQ2ZKcFo5OVJqMnRCalJyMGppc1BoNF9kNTI3QzF4SA?oc=5
CNQ.TO,2026-09-24,Why Is Canadian Natural Resources Limited (TSX:CNQ) Back in Focus?,Kalkine Media,https://news.google.com/rss/articles/CBMiqgFBVV95cUxQdFpzcTVQWkVHcFBjUmp4QzZrYk82S0V3TEVRWnNOUGp1cTFaM3Z6SlZCWTE1MTdmYnpLZl9UNktscjFKcEFVZUNocG13SWdUbVpiYWp0aEV0bF8zUTJJVGpzd3c0eUhRUXdnYXVrZGNFZ2ktWWRNd2szaV9KNUtST2lKMjItZzJVOW40YXNpTFg2ak9VV3VKdm5PM3VqMTdrMXp4OVhjWlFndw?oc=5
CNQ.TO,2026-09-24,Why Did Canadian Natural Resources (TSX:CNQ) Slip 0.253% on 23 September 2026?,kalkine.ca,https://news.google.com/rss/articles/CBMipgFBVV95cUxQWXdBSlowcE9YdU42OFdrUm1Tbi1TOTh1dXFnY3had19sLUxpY0xKRU1DNnpvUDM5NEctTTBoc0M5SnNMWGlZdTNFdGpzalVsMElkbjRrVmpTRXg0TVh6ZWRITDBoVjFER3dYQmJHVkl3VWFyODFlaUVvTG5UM1pGNDg5QndGajhrYmJMRUpVZDNyZk91QVhSY0pYZWtnRldPcFJQdFJ3?oc=5
CNQ.TO,2026-09-24,This Dividend Stock Just Dropped 7%: Is Now the Time to Buy?,The Motley Fool Canada,https://news.google.com/rss/articles/CBMikwFBVV95cUxPUzRod1pDUk45ZHJYMnl0MlJILW11YWs5RC13LTd0Ymx3TUVtNTNLMjRqREU3SmNEMXNDSFVpczUyOXZsNWNuRHg4QWNjOGh6SFVCTHktMnY1M2txV3czbEM5Zm14QVdvSFFlVDBwQ1BXSmRCbjVxa0lWdTlDTmRPZGlRX0JVRDdscHQ2b1dWcFczc1E?oc=5
CNQ.TO,2026-09-24,Stronger Oil And Gas Outlook Might Change The Case For Investing In Canadian Natural Resources Stock,simplywall.st,https://news.google.com/rss/articles/CBMi5AFBVV95cUxPX3lnYWdTNEJYZEc1a3JPeU5Ybjk2X242QnFpYmN4dDZUTU15V3lyaHg0b2VTR2lWU2lUMmJvb3BEUGFnRTRZRzVHd0dDa2VqaXd0ZWo2Tk84cXZXRS01eTBHNENHX1ZwMXQtbjJ4ZHYyUmxFWmlQa0xPc1lNWm9sZFBlUnBJUjRRdENrU3VScHB5UWw4Rzh1X1FvbWVvSUU1NGZaR2pMWFplcjRqNWxYclEwMVB3dTMyZHBMd2ZfMjdNUVFqVjdHVHE3M2hGY2NpYzg1b3Vqb0ozRDV0eHNjaS02WnDSAeQBQVVfeXFMT195Z2FnUzRCWGRHNWtyT3lOWG45Nl9uNkJxaWJjeHQ2VE1NeVd5cmh4NG9lU0dpVlNpVDJib29wRFBhZ0U0WUc1R3dHQ2tlaml3dGVqNk5POHF2V0UtNXkwRzRDR19WcDF0LW4yeGR2MlJsRVppUGtMT3NZTVpvbGRQZVJwSVI0UXRDa1N1UnBweVFsOEc4dV9Rb21lb0lFNTRmWkdqTFhaZXI0ajVsWHJRMDFQd3UzMmRwTHdmXzI3TVFRalY3R1RxNzNoRmNjaWM4NW91am9KM0Q1dHhzY2ktNlpw?oc=5
CNQ.TO,2026-09-24,Canadian Natural Resources (TSE:CNQ) Shares Pass Above 200 Day Moving Average - Time to Sell?,MarketBeat,https://news.google.com/rss/articles/CBMi4gFBVV95cUxOYk8xdkRhbXZoMXdQQk0wZ1FiMkhXOVhkZ1Bxd1I0dkgxY3JHZXhWQ0wzQ3BrSGRJYWFHVWgtLW02MlN2YXpUNzd4NjNocGlwaks2LTdvUGYyeFhHYXp3RTBUZUc1UFRSaFM3Vlo0TEh6bWp4dkM2dktpcnZmX0RUQ2pQWlppTThpMEVkVUk1U0JOT3QyM0tTcG56TkRLWUlLU0otam1yRUhNUXhqYzg5N2Nnakdyc3dZVmgweTlMUHB4c0pfQXFTRFRxZnNsWVpsbllCZE9aYmpKa0pCWV9naFJ3?oc=5
CNQ.TO,2026-09-24,Is Canadian Natural Resources (TSX:CNQ) Facing A Turning Point?,Kalkine Media,https://news.google.com/rss/articles/CBMiowFBVV95cUxNcFZJRU9FLTh1WVhKc1A3cXVwTzhtTmRZMFh5N2tXTFRTRWJfekNQV0xsSmdGQi1ZOGNJTGdWVFY4aFBZSUJ2ay1ZdjBDUUs4UkhhektRVVpENnFpaHBxSGUyZVBDeFVTeDdZVmE2TG5LSE13NV8zRzlUeVlmRE1mYUhTWUJwNlo5RmJJbHplZVFQZ25SXzlxNDJ2WjFvM2RsZ1lZ?oc=5
CNQ.TO,2026-09-24,Bank of Canada Says Inflation Will Probably Stay Elevated for a While: Where to Invest Now,The Globe and Mail,https://news.google.com/rss/articles/CBMihgJBVV95cUxOSXd0VGhacXlybm9ydTRKRjdRZ05KQnB3bFdUTUhaMjl4cmRrVjFEWWN5Q1l0Vk0td1NiTlB6QmM5Zkx2VzlzN0Q5TjZMajlpQUZBaXVjZXdKcDhWSW91OGxUTndBajlLa016REROLXR0b2FpZ2ZSQzl3QTlyOFphMDk2Wk4zMVdmakM0WUxFajVPelF2VzJPNUtaM2d0WnBXNXpLbUdhbHlLcWc5TjZLVDhubFhaWWpkSW9HQzFQcjBWam9oOUFUdWZnYXN1MUFEZkZxZ0kzR3FzY1ZoZWxEWWJYVjM3RlhLMHBFQy1lU2ZHYzNoZWlYazl4cm51dFdFWTM1NEdn?oc=5
CNQ.TO,2026-09-24,Why is Canadian Natural Resources stock rallying today?,Investing.com,https://news.google.com/rss/articles/CBMitwFBVV95cUxNVlJQV0s4QnFLc3phMnBuWUNLU0JqbVZHb2pZVURMWXF6WjlqQ21GT3pKT3pZd2pSeGltdmkyQ2VnS1VmU2VsdU1sU25pSnh0eEVtS1VYX3RJYnc4eG9lNEJlTmZ1cElIaE9hNGdMYk03OHhDa1gzT1dZenM1T3hqVUJQWFVWRDVhYUc5U3dob2FRVzNFZVZjRTdXT0hfUkwydU05VjlfLXlVNkRZRzRwWU5xd21iUHc?oc=5
CNQ.TO,2026-09-24,CNQ climbs over 2% after positive earnings revisions and stable financial outlook,Traders Union,https://news.google.com/rss/articles/CBMimwFBVV95cUxPZGk2Ml9CV1pQWXJmbTRTVTkwN1BJeDdtLTdsNnp0bEZUMmpwcXhLVkp1LTRDYjRTMTlRTV9PX1d2MncyM3FKVE5rV2pJR0kyWDEzU2pacmtldFJtWS1Dd0Z4RDEwbUV3NzlLbS0zRHpWRkZVeFc4azFrWmVielJNdGkyelJFSHpEcjEwQmZhVnp5UWl1OGRTa21KTQ?oc=5
CNQ.TO,2026-09-24,This Is the Dividend Stock I'd Never Trade Away,Moomoo,https://news.google.com/rss/articles/CBMilgFBVV95cUxQTWMyMGdjNGE1OU8tUXEtRUlkakVtdGo5LXlJR1IzenFhNW50WDlwdEVmU20xYUF1N1lnbWkwb2xoUGdWRGxjQzVyQ2wtT1B4Z2EzSFFVNl9RQVZJT0o0Tmxfek1xVTltWGpHSGNQV2t5ZU1KX0E1d2J3LTA3OW9FekZvTlUxa3IwN25raDQwUy1pSGVndkE?oc=5
CNQ.TO,2026-09-24,"Oil stocks drive TSX trading as energy shares extend gains, telecoms lag",Investing.com,https://news.google.com/rss/articles/CBMizgFBVV95cUxNODg2SWxfQWdxRzNxVUVhaE9WNzRTVTVzU08tQTJJc21iTHEyRWJab1VIVkc4eU44UXdaWXNyNkgtX0ZRSF9JeGFIUmg3QTJqajdzUGQ4dDdqSy1VRkF3cy1OWExsUUhMbkJtU1luanVneEQ5dGliaDhsTjBleFYtM3AyczB1Ym00ZjByVGhxTFFocEZCWEtMQ2NqVEN4WkpLemlya2llQkMwUUZWTEtmanNXSGpFczJ0aG5NQzFIM01pNGt6ZjlwNEViUHkwUQ?oc=5
CNQ.TO,2026-09-24,"Suncor Energy Inc. (SU) Stock Price, News, Quote & History",Yahoo! Finance Canada,https://news.google.com/rss/articles/CBMiT0FVX3lxTE9qTnA0M0JMVjA3enJ1aHBNa0xHdGR5UzRfSUs0VTNYM3RSUnc2aFVWQUlET3BXTWNFRXJTQmVIZlVxa1I5WWtSSlg0S1U3RkE?oc=5
CNQ.TO,2026-09-24,I Think These 3 Canadian Stocks Are Absolutely Best in Class for Dividends,The Motley Fool Canada,https://news.google.com/rss/articles/CBMiqgFBVV95cUxPRUFvRzAtMklwQjBxNHUyeTd6eDJGblk1Tl83b2h3ckhFS3B6UnczQlNKRDNUeUVrSXFSZmpyMDJIMWhCOVVzTmZXUkZMMDNEaFFMb2h4V09WZ2tCVlZjTF9ySzl5bU5RTXRNb1JHekZCQXMyOXRxSjhSNlNyVWprYXR2cHdEQWR0ZjgtbW1iN0c3M2JxUHk0ZURyUGwtUWtGaHpuTFJEWHM2dw?oc=5
CNQ.TO,2026-09-24,This Is the Dividend Stock I’d Never Trade Away,The Motley Fool Canada,https://news.google.com/rss/articles/CBMihAFBVV95cUxOTFo2M3FDa2VISkJWTHRtOWM1ZC1rOHJTSG9YYjJ5S2lPNXRjUTVZZGNxQXJDbG45bDdiUDVObjNVU2ZndlJxTTlBS1YzRVM1UUpMZTA2NWtRbHJIZ2N5b0FkTUhWenZBamRyT2FnbDRPQ1VaUXZ5UGZIZWVSV0dHbUc3cFY?oc=5
CNQ.TO,2026-09-24,"Canadian Natural Resources Ltd. stock rises Thursday, outperforms market",MarketWatch,https://news.google.com/rss/articles/CBMi4gFBVV95cUxQRGVxSngxdG1oRXZBcnZXZERlck52YjlpUjVUaGdKcXVkZXhPN1Z5NEd2OWRwWXN6LWJCOTFlMnBydjdIb05VN1A1dERZUmFJd0dJRkNvb3VyS0xhUzVVQkpwMmpFU1luVERVRGlKcllIRzl5VWZLLXZHSXFyc21YS1pqZlZaWFcxREUwd0JialZHZlpyZTdueXJLSXVLN05Bc0wxQ1g0R2kwMHV0cEs5VGo5VWJDamdweHp5M0h6ckxPSHZMZklFSE55b0diNm5vX2ZkSy1Ba2U0SFd3YlRsbGRB?oc=5
CNQ.TO,2026-09-25,Canadian Stocks To Add to Your Watchlist - September 25th,MarketBeat,https://news.google.com/rss/articles/CBMitAFBVV95cUxPSHlyMTNRT0NsUkxVelFpa0EyLU5pbFUyUkYxcXVOWGpHNXBlN25xNGpwNEhkRjV5UW41SHJPVC1sZ2lNMFBiSTBOYVhvamIyc0I2dFFsai1SY2FzWWtoYkkzVlVYRGtwdkkzZ29qZ0tvTDFiNzFtY3NXQWlxSGpOd0JTdTY1UWp5VnZIWC1lWkFKMmhLeEt2Rk9kWHBjNGhQbExBNnNaYmRhV2NVZGxKWkFKUy0?oc=5
CNQ.TO,2026-09-25,Canadian Natural Resources Ltd. Price Target Raised to C$73.00/Share From C$70.00 by Desjardins Securities,Moomoo,https://news.google.com/rss/articles/CBMipAFBVV95cUxPc0FlclgyazdCT3E4cVVnRlRqeXQ2RE5FQUZ1WEloR3pFMWFoRjBWNzNHMUIxd19pV1RSVDNkdjdCTW96dmpxYmltWnFQOVpIcDA4cjltVVBtbFlKMVNEMDF4TGZMOEpuZkhHM1ZOY0EtamtzcjExTkhOZ0pKYjVlVGJ6TUN3OXFXU0pwVmNHUEI0VlVjX3hZX0ZOdGk2TFhqYVpzTg?oc=5
CNQ.TO,2026-09-25,How Does Canadian Natural (TSX:CNQ) Navigate Energy Growth?,Kalkine Media,https://news.google.com/rss/articles/CBMingFBVV95cUxQUm9NbzEyV3hMcS1LRFcyUDN2TUE4NDlFV1Jfbzg1cTFCV0N3Vk5KTE9PM05TWEN4bTRDbXF2WHl1SUR5QWdneXBYcDc3XzEySFp5NUxGWmtyWlFyeXNZU3laamJ2U3ZIZkwzTHFNSW1SSWl5alRsYjhnQ0E0MEVheWJkY2p5d2V1bzlfZjNFWmE2YUM4d1FSbVRfd2RoZw?oc=5
CNQ.TO,2026-09-25,What Is Changing at Canadian Natural Resources (TSX:CNQ)?,Kalkine Media,https://news.google.com/rss/articles/CBMingFBVV95cUxNUllROEhJQm81a3VMZXFhRFpkVTJSZ0JiUXZzWFhqU2duMzZnVkxnUExQLUxrR2dMWXFyblprdnJHT1JHaDJ3MHpuU3lRcE10NzdVSWJUMVpEMlpxOE9TU0VxODVURTN2Z29XdFA1dldyby1UbXYya1JpWlBEMkpleHRTeGhPMWk5enQzVmFCTnhQbXVhblV6YXZNVVc4QQ?oc=5
CNQ.TO,2026-09-25,Support pressure: Can CNQ avoid deeper losses?,Traders Union,https://news.google.com/rss/articles/CBMimwFBVV95cUxOQU1LaVJBQmJQTlpRVFBKWTY1OEJENnkzcmxybG9id3FNQmlRa1EwX0JUZ3g1N21hdG9acnBJZG9WUWlHTFZGYlFrdXVFM3dxX1JDUlgxNnVLR04zV2w4cmpqY2VzaEFHa3lxckRPR3FhY2VQeWtVRHV3SzNqZ2xCVk4tNjlKR042b3NQSjdhdy1rSG1KX1REMGg3TQ?oc=5
