ticker,date,title,summary,url
YUMC,2018-05-02,Pizza Hut Needs More Than a Slice of Help From KFC in China,WSJ,https://news.google.com/rss/articles/CBMioAFBVV95cUxOaTB2YlF6X2piV1g0TmROdkk0Wlk1aklRTGRpM2dRYVM4SFQtWlhHX05PYWpzV2ZMaEMzVVdqZTQyRUJqWFprT3VWNm9MWDl4bkgyaTkyd294WVdWaV9kaTRhb0lianhNTklXVXdjLUV1c3d6ZXdlZ0wxbnQzT2VzYXlaSTdGaGFjOVlFS0p3REhHc1JoR0h4cllIaUNFeUZ1?oc=5
YUMC,2018-07-26,Yum China soars more than 16% after report Hillhouse Capital wants to buy fast-food company,CNBC,https://news.google.com/rss/articles/CBMiswFBVV95cUxORnBnUDRoYUdUUFVKRWpwM3E5QnV4RnN3QVVzMFlXUGxfQVMzSlYtRXFKMzFRZ1VzcW8wYllsZFpQSElRaGUtdzdlTzJVeVRibEVvMmxGUlJLMVdNdktrV3RHYkIyM1JHZTBTSDBiaUZvWEdVQk9ZcGYtc19DeFFmYmlWQ3ZyYlJwTGVtQVFDVFZoSUt1Zm9rcUdEN2RVUm5jQjhWdHN4Z0RJZVBoRm8xZUc5RdIBuAFBVV95cUxPSnBqWldkcE1tZkpUdE1SN3RpMEpldmNyRkhCMWRjUFI2ZzdkSjljN0I4TFB6OURsOGpna2cyRmRmaVpRbHRmTUFuS3RZQlhTN2MzYktkUEpfMjdiQ0VKRHpPWENvaUhkY2I2MnkzZ29TN2dTd0UxVHBBSkZQQW1JdmRQX0xydk9SbzZzcXZLSG9PTHlMdm9ZWXpoNnMySjdDZmNub3FLX1pTdi0xRlhBVjFaRHZDYXZ3?oc=5
YUMC,2018-07-26,This fund-management firm gained an edge with 202 on-site company meetings in 1 year,MarketWatch,https://news.google.com/rss/articles/CBMiywFBVV95cUxNM3FMQllWUHRpRlJsamFiYl9WZnhTWGwybDBMeHdnUmItUWJGTkg2ZFR2Y2xNRnBYNHF0MXRTMlZaeGM2a0VCR3lRdWRKU29TTHhuektESk51R2VBMUFwUDhiMjdOSWNYYlRjaFhYek1SX3oxWTVEQThkelMzMS1kbk5ETTM4LUtpUTNqNUt0RjBNaERITnFkczFLNnVSMjBPTXBmYVo0QVJ1S3lFUGxjWVZDLTl2OEtSYXFINzV5TTdnb202R19SSE5WWQ?oc=5
YUMC,2018-07-27,"Hillhouse, KKR Said to Weigh Deal for $14 Billion Yum China",Bloomberg.com,https://news.google.com/rss/articles/CBMisgFBVV95cUxPTUk2Y3RLZDZxWWFqZEl2WWZ3eU91QkJRaVM3Z1N6WUhncmJKOElfNzRER1FFY3FXNVBfUnJ3TE9XQi1MOUdwaTR3M05YWW9oRTgtVnBmU2dvQ0xkSk5ZbVZ1X3ZpQWF6YUpINnhuRVdPZ3prck9KbllxRGhBd3BJcVlTNVR1ZTQweTlMd1phLVBfamMzdWNidk55MS1ySTB1c0pEQVU4UGhXOGdRZEUyOVNn?oc=5
YUMC,2018-08-14,Investment firms explore buyout of fast-food giant Yum China - sources,yahoo.com,https://news.google.com/rss/articles/CBMirgFBVV95cUxPMHczVlpJZ3U3Nm5rY1drck14ZF9pS3FmYzBEQVNtMkNwamdwa1gyemZ5SkhXZGNRZnVTdDE2blZRWFZfVldsZXU4RUpUMnkteGVCQjROalpyMm5hNlhNTDNYREI4OHk0eGY0eHphYUw4amNWSG9PR1FiZ29UZEtOSElyZDNfV3dsUENCMHhaRUhJTjhhRm4xazlsMlI5c3lvd05SUFJLV3RLM0VrTVE?oc=5
YUMC,2018-08-17,Cava Buys Zoe's Kitchen As Restaurant Buyouts Are Still On Menu; Yum China Next?,Investor's Business Daily,https://news.google.com/rss/articles/CBMiiwFBVV95cUxQNlZuT0JDSWZqMGZpVmpZZ1Q4MVdacjlvMDZKenBhRkE1OHJqckJ0QWdrTWlsQ2ZfdUdIdEZ0dGZOdHVOVkJLYjVHQ0lESlBZNkEtbzh4RUtSbngya3JzZzUzYjhhcXU1Y0FJelRsT21HcW1zZXo1XzcxUjNIUTNNYXhHOFM0UjFTNUJB?oc=5
YUMC,2018-08-28,Restaurant operator Yum China rejects $17.6 billion Hillhouse-led offer: sources,reuters.com,https://news.google.com/rss/articles/CBMizgFBVV95cUxOM2UtSTNlczFtVGdJeVhxbDlkQ3dKbFUxdndCeVZ5ZkNDMktxbGJaLWxBMU1WbXhTcWhQSjVnZEhXc2paNE5rakJaMWpPc0lSSDNnZEZ5NlFxdnd1Tm5lZWF4b29YbXlMT0FiR1U0UDRmOWFaa3JNM1gyV0FGdkVBUkF3c1BSbnYyMGtiLTlVNFB6XzFsZG5sMks3Mm1leUowcEdyTElick9ReXZmWTRKZUU3M2ZQYWRzbEs4T1Y1SE9HN0VsbGVNdEpDTGVKUQ?oc=5
YUMC,2018-08-31,This Week’s Movers and Shakers,Caixin Global,https://news.google.com/rss/articles/CBMijAFBVV95cUxOVkw2RjZGREZUZUdxTHFZNHhFaGZ2SE1nUElXVFpybnhwSUtHcFVOcjNmQmN0Y3BoYUtYY1JCUGVzWWU0QmY3NVhHZFhsajczcHpnM3dvNmhSQVhIZ2FrWlFjVGlzNi1IWFNnN2tlU19vaTVYb2pENlgzWXdlWkdrRGxfaGdyY2JvTWZIaw?oc=5
YUMC,2018-09-03,"A Slice of Snails? Sluggish Demand Mires Pizza Hut, KFC in China",WSJ,https://news.google.com/rss/articles/CBMipAFBVV95cUxOM2ZuVV93UjVFNnJpVlZUMVEzWVlfYVVDWFYyb01PdC14VkhUM2tNZ2VVMFlvRFFrYVJpbVNobGpzNHBCVnlwQ3F1Uk9mc21RVWVqMWlTaTZKdFRSYmZOUDRyWFFHbk1OTGZpWTcxVV83dk5LRzR1Y2tTYlk2a0F0QUtZX3JBVEpWTkdJVmJKdFFMNHFqRmVqVDNrWG1YOG5tUlVCQQ?oc=5
YUMC,2018-09-11,China hotpot firm Haidilao tests investor appetite with $1 billion HK IPO,Yahoo News Singapore,https://news.google.com/rss/articles/CBMinAFBVV95cUxNOFdpcEV6OVNFU0FmOEtWUi16Z1hIeHB4ekRXUG84b0FmZzgta09ra3A0Ulo3OFlaVTdSWk1ROTV4ZGV6cjdaaXZZd0czQUZyaVFjUEpxMkdvUEFIVnRmX1lFSWdIaHZ3dUNLYmxKbVNDNzlDRE96bE9QR3VrbmEwVDNzUmR5ZDRDeHZHT3VTaXJaZF9yVHQwRy1ydzk?oc=5
YUMC,2018-09-19,China’s Hillhouse Capital Raises $10.6 Billion for a New Fund,WSJ,https://news.google.com/rss/articles/CBMioAFBVV95cUxNeUU3ZlAxYXF3MjI0VVpUNGw3b2RPdDBGUlVGSmx6b1dTcUh2dlpEVzNWb2o1Y3ZuRnl6WjdzcXVDc0pyQVktRG9oYXF6b0N4YWNOaEt0WWplWTdJRzZqZUw3ZVN0eVZ0RzhOMkZEX2M5Vkk5RG5nUXd3Wmprd3dzMkh5MHpoMi1tZWlURWE1MnFHRGVFMGJNVllCelBibUhx?oc=5
YUMC,2018-11-08,"Starbucks Is Buying the Dip in China, and So Should Investors",fool.com,https://news.google.com/rss/articles/CBMingFBVV95cUxNemlJaFB6QUZqUEt0U0hmakRoOE1PQVJ4NDItWkxNbGdNcHVUTzRmTGI1Um9nTHdfdmNpbUxXZjlNWFZ4ZGRuSmJ6eUdvLVppd19KOUVyYmNNWFRYQlRLV2tHRHhEdVlXSm5sV0JreEZlV05kS1FFSE9ianRVREQza3pTZEd4TmE3VXJsLWtuclduVVpwSjBOelVIVlYxdw?oc=5
YUMC,2018-12-06,CEO of world's largest restaurant company talks chasing growth with e-commerce technology,CNBC,https://news.google.com/rss/articles/CBMimAFBVV95cUxOSWc0TVNvSE0tdVFNcG5Qb2pidHMzOFpKT0ZSMExzMXA0ZTRmWS1SVW5SSVpkQXhRa2NUUWEyNFhGZzJRMElWUmg3QXlxN2tuVWgwcDZJRXNEVnV6T2Z4WndYVzdZWWVHX212ZUd1ZnMtaGxJaDV0NFN5YVdNamVfOUU4T2tIWWhkRl85UVlFVkEtbzVpTGw3ZNIBngFBVV95cUxNMEpUUTVaZzZwSlpFVEJyODhQNTdBZ3RxNjhsX0IzSEdqeTRFb0cyUTVkTlF6ajdJNWRlMF9nUGRxemJlelBWZkxZcnl4R3M0bm5iQkpsVGhES1JTWTRybFk4bHA5Q1NGMXlKOGlZWkZOODU3Y3ZtNTV3YXVac2c5cmtzdl9NZllrbC04bDA5OG5zNnZFekpfV256X2JGZw?oc=5
YUMC,2019-01-28,Yum Brands Opens Search for New CFO,WSJ,https://news.google.com/rss/articles/CBMiggFBVV95cUxNUWdEdkI1SWg5OG5iTWVHbUtDUm52ZnpGT0hFdnRDb3VTSWRTWXNEeTIxUm95X05MRDIxQWZwXzVYMEZQcEtyMTZyTjdjNGUzX0Y1UzlUQjR1S01EOWdObThWazhXWE1mVnViNXJMS0RZSTBjMG5wZXpqaVNxUl9HUUl3?oc=5
YUMC,2019-02-06,Meet The 'Force Of Nature' Propelling Yum China's Sales And Shares,Forbes,https://news.google.com/rss/articles/CBMirgFBVV95cUxPcTJkOFozQXo3a0dGMEd1OFBmWElvaDRCaHpsSGNtWUdiVFhHOWNoMEJlRFNPTmZONzY2dkVmallZVno4UTI1YWI4cDMtSUF4M3lycDVLaTNUYXZRbWV5ekh2c1U1SVM0UzU5eGI0VTRkNmhNVXRyRUNLMWJVWG16R3lvU1VUNVBNMWhqeHFReVp4SzQ3WTFocXFsTUt2RGxxZXVEVWx1VmpCc053a3c?oc=5
YUMC,2019-02-09,Chinese market drives sales growth of US fast food company in 2018,China Daily Global Edition,https://news.google.com/rss/articles/CBMigAFBVV95cUxNX3U5YmZhWE5oN1BXYklRekVFenNkd2xQU2t5azRCbDFHSEVvV1A4aUU4N2wwM2JpSk96Q3lNcW1wNEIyUnpUX0gzS09nUnh4dEk3NTloVmY3eHBRWDV1VkswVUV5dkRPNUZpRG9sdjFuY044VDBBbkt6R3pHVW00Sg?oc=5
YUMC,2019-03-03,Why 'Yum Yum' is the best name for Henderson Restaurant,Courier & Press,https://news.google.com/rss/articles/CBMirgFBVV95cUxOVkZNaFpoVExBNjJ2MW5lbExkUUFXUVFTLWpMLUp6WmdwMjh0ZGp2cG9ic2ZUbVlQWWFQcl94WWU0NDh1dlRwYU9Ibk9tZmRPSGx2bnRZb2txTVB5LU9LUzJkaFo0Tm5IYTJxRUdFc2R4djBCbEFIMUVYVFBpUkhlMjBsVVd0QUx5Ui1oeC1Kd0NDMEpRLTVXOVBXVzhqTG9kblpVZUlxTm1XUFp3bUE?oc=5
YUMC,2019-03-08,KFC is by far the most popular fast food chain in China and it's nothing like the US brand — here's what it's like,Business Insider,https://news.google.com/rss/articles/CBMikAFBVV95cUxOZHB3N2FRZTFNVkhvRXB1bXZDQTB1anNTTllmWUxQSzZLWi0yeVcydk80eHZWcHZOOC14ZDNQUm05OW41WVRNbEVWc2xRT1NVNTgzM1lQcXBrczdXQkhGeVFTYXpQTXQ5SmtUTUJ1dDdJQ3dRRzFSVXlpbWR5WWd1VWJrZ1pfZFFpdlcyMlBLWFI?oc=5
YUMC,2019-03-20,3 Things Yum China's Management Wants You to Know,fool.com,https://news.google.com/rss/articles/CBMimwFBVV95cUxPSHo1U3JmaVB1Y0l1RE1qZE1FQTdIcEhnNk41VFZ3LW5YTzVmamNPWVJSWU5yaVRPVjlnaTF4aWVPZGtGRkducnhRb1F5TGQ4UllOdGtmZTBJQUFveER2SzMySG5XNFpkNlFSc2VEdjJOOERnLTBpbUNFVjBqSWM1cTgxTHBEaTNraVVZb2VrWUp6Z2doT0dYb0k3Zw?oc=5
YUMC,2019-04-16,Spicy hotpot has made Chinese couple $7.8b richer this year,smh.com.au,https://news.google.com/rss/articles/CBMivgFBVV95cUxOZUtQc05zVk83dk1US01GbmRUdnRXQUlkbVFZamRTZkNtTDZGWnNmb3ZxUVNJQW5CMlFEN0V6VW1QOWJmT01hZVVTOHJDN3F0SnpiRHlFT2twNWc2UW9Ua3hPTlVGUUJwRVB1VmZtQUtwTkQ0NFM1UmxsaXVvNkFGc1pmRFIzY3l0cmtXckhYay1EMjhCd0h5M3BXazZ5MVYtQ1NpaFIwQ3N3ckloVGRPU3Jjd1dSM2I5WV9mZHR3?oc=5
YUMC,2019-04-30,Pizza Hut Is Tasty Again for Yum China,WSJ,https://news.google.com/rss/articles/CBMihgFBVV95cUxQR2s5U2g2eGNTUHpoZG9fUXBkUFdRZGFUdFlMbEZjUTFQLUh0LTVwZzBZY1g4V1BWOWM2X0dVWkZlelZPb2dNWHgxcTdjdEZNdU84RzhqMDFnRGFkSndVZi1OTC0zY2V6cXczU3lzTG02dzltQVZQVlhscXNaN3ZwT2p6TVNaUQ?oc=5
YUMC,2019-04-30,KFC sold pieces of chicken it's never used before to combat higher costs in China,Business Insider,https://news.google.com/rss/articles/CBMilgFBVV95cUxPbm5PbmdiNXlTQTFvcnZnXzVKSlR2aURFdFF1cnJQYXh3WUNfdHJ0MjNHNXVPc09GeTF5Z0ZmVnVzbUo2WHQtSkFaUGRHOTl2ZFFlZGg5VHdOeHkzZFduRHVjVEFQLXZONHNOaWkzd3VwYjJuM2FtMVNCdUJGRGtZeWNqaFgzeVJoT3NBVll0RmR3VXQxSkE?oc=5
YUMC,2019-04-30,Dow futures higher | GE pops 10% | Trump sues to block subpoenas,CNBC,https://news.google.com/rss/articles/CBMiiAFBVV95cUxNeWRjV2tVYTFodjlDYmhaanVPSDJ0WHpBV2p5c0FFTVJpbjAtQWJKS3VQUFpnWHBUMFRYVjhQaWQ5c2pLbWlYSzhOU0tzUE1KZ1FldkVaNWZSbm93Rjk1cS1RRkM0b0JkenliZmgzbE1UdGtQMHlJUDdrLWw1dHhTMmFObXdUSnJS0gGOAUFVX3lxTE9aeWF1d0dFNGVnbEl3dTM3NXlUT0cxN29mX3F1cjZDUUhGS0V3VTN6Sl9Zb3ZmYmhKbDA2QVdaZ0NCUVd0dGszUURsUGdMU2dQSXRpWGEyVUltTmZxcmFhelEwTTRFTHFBSEtKZk10YVdqdmp3RHB3clJ5OW92dENTMDM4YWVxNXJHQkFwMWc?oc=5
YUMC,2019-05-01,Yum Brands shares fall after Taco Bell and Pizza Hut same-store sales growth disappoints,CNBC,https://news.google.com/rss/articles/CBMickFVX3lxTE9vX0hTZDB4dmQ2Znk0QXZaQjNnSnFpWm9IbDgzMjYxekFERm95Q09BSmRDTHJUSlNVZFVmTjFXRTN0a2gwcjZaU3RYVWwzXzJrUDEwSTJzSV9aNjIwYUZ4YU9Sa3VfdmhXTnFRZ2Z3ZVh6UdIBd0FVX3lxTE9LY1FwdEpaWGIxTTQ3OE5tcjZRMTFNblk1U3U0UGJOeXkyTE5ORmdKaVhBNl9DUjlyRnVnWGdueEowOXMxQ2hNOEotUEJsWTFUNkxHWlllYjN5bXNzU2pUUk1OMnhUcXY0dDVwUzR2T1REcHVpeEI0?oc=5
YUMC,2019-05-13,YUMC Stock Price Chart,eToro,https://news.google.com/rss/articles/CBMiSkFVX3lxTE5VRHRpYXZQWEt6THBIRlBPem1QcTJKMF9tNU1ZYzFxNzN6VHFtWUZ4VnB5S3hwejktWU4zZkhNenFRN2p1LVBmNjdB?oc=5
YUMC,2019-09-12,The US-China trade war is still in flux. Here are the 12 companies that have the most riding on a successful resolution.,Business Insider,https://news.google.com/rss/articles/CBMilgFBVV95cUxNdGRUbXV5UFBPNml4Y09HbEdwTGd4NGZzeDBZME5HV0U4c1ZxUnNPNkNUbWhlRjBwWDFhOTFUSFZKTmJWRXlpV2dWM2Q1dllNM3p2TEsxSXoybUZDMUhmWHNfdVpEWGZWSmotYU5vbFpmMXgxenBJWEJ3a3R1VWdKQU5pWFI2c25lSGdFRVdGdFZIMTJfc2c?oc=5
YUMC,2019-10-11,These stocks could be the biggest winners if the US completes this phased trade deal with China,CNBC,https://news.google.com/rss/articles/CBMizAFBVV95cUxNcXM3R3BPS2l1Rmc4VXoxVDdHdFZ1Z29IRWQ3c3BvaHFxRTBqWkJBQThkT192TFM2ZUNEdTZ2eUhJNVhibEJKbkx2bWw0NTNsa1l6Qy1TdzkwRG9CWmFSWVRJLXJCcWtLcHlyMk1pZTVnODNLME1YWFB2OWt0d0ttTDZjTG1iY0RwU3h1XzRIRS1ISFZWcDg2c3Boc0VLOFk0dUNFWjlOeWRDY3FxalQycGZQWEE2YlZUU0M1X3lTMFlQb1Y4cTFMeVZXeFTSAdIBQVVfeXFMTU50QnNjY0pfN2NCR0ZZRGdKbEtoNjJWVHotUU9fdDdGV1Z0Q0dIOWJJMlF5cVNOZFI2bnhTc3huT1pIX0RoejNlSEFYakstQmRFcDlUSW1GWGF2dER3SlRUMkZ0SmkzNEp3MmxLOFNZbmhoY2lhOUh0WTc2aVVhbHpwRlF4bVRYWG1LWHc4dWprMWI2TlR1ckgzbDFQR3Z0Y1B4c2xzWFZudHpiel9PSXoyZmczVm0wWHRWWWFaOE9MbnhRcjJLTGtxQXdiX19LZE9n?oc=5
YUMC,2019-11-21,China’s private equity champion on winning with the Chinese consumer,Fortune,https://news.google.com/rss/articles/CBMiiwFBVV95cUxNQ2w0U1BUT1JncTVibWVhQjFFTFRGSy1DcTAtcEF5dHV3UDNYb1l4MzIwLUJRbGh4cmF0Wk9mM1JhRTdLaHF6V0o0ODFmX0tHRnY1U2U3eklJRGltZjM3TkU2dWRsdDFVMGF4V3d4NExoWTBHa2o0MTRIR3FyVE1telZ6RkU3UHRYcFo4?oc=5
YUMC,2019-12-05,Japan's Saizeriya takes slice of China's food scene with $3 pizza,Nikkei Asia,https://news.google.com/rss/articles/CBMisAFBVV95cUxQRU4zZ1VrT1JUbkp0NVBTWm8zbGFXSHNuem9pRFVDekxDYW1ZT1NvVWlVaC1qRXlrOTRpTjVOSnVwY3RJT1llQ3FxVXRBUGd2ZU9fSlhBTE40NUpDVDhJRnRRZDVfa1hib05CLWR4M0dIRTBnWVVFLUFGSFNyOWw0Znl1azU4cmI5WlJrZjBsU0tXS2k1S2xKaG1wZ19IYnIxcXZ6OUxTWHNGNmlrczZLRw?oc=5
YUMC,2020-01-06,"Yum! Brands to Acquire The Habit Restaurants, Inc.",Business Wire,https://news.google.com/rss/articles/CBMiqAFBVV95cUxQQjhPRnlFZ1p1MGJGVVQ4U0lHS042aE1nb0FWWkM1azIxYkFiOUYtendKWGtXeE9qMUJNdUVZNTdWaXRUdTRaRngwcndfRDJHRi1hZ09DbDdNR2dUbTZpR3htZ0dySF9IdGd2bTB5T0Exem9iUE1IemllTmotc19tZGNJMFM4MHFqSWp5elFONk9tRDM0LUZWWGUxamxYMDZpN3J1NWx1Q2Y?oc=5
YUMC,2020-01-06,Yum Brands is buying Habit Burger Grill for $375 million,Los Angeles Times,https://news.google.com/rss/articles/CBMikwFBVV95cUxPMVBILTdSaHlWU2t1eEF4VmFGaFJPWkI1bVJuUVh3S0pUV3JsUmd0NTFpc2taMlNUdnY5WVJ2ZDFydjNHc1Jfb2V3NzQ1YkRsM2pmU0lERE9uVXd6SnhYMU9Ld1dxZ2pMOXNxZFpIX3dIcEJ6bVlEVU1RcVNvRHE5LS1acXJJMkhWRDN4dEszemNTRjA?oc=5
YUMC,2020-01-09,The M&A History Of Yum Brands,Yahoo Finance,https://news.google.com/rss/articles/CBMidEFVX3lxTE96UzFiUmdJTXl2bGNSdklSc09URjJIc014SWxrMmFlLUdTVGhBdDlwaDBTR1FFVGxqVk10Q1NDdVNqTkp0MFFJZVRuRFM1djNGUjFfRnllejRTOEd1UTRwcUJ2RUVRb2UtUFI1QWdpMzVTbDhT?oc=5
YUMC,2020-01-23,"YUM China CEO says her over 450,000 employees are like a family that won't be replaced by automation",Business Insider,https://news.google.com/rss/articles/CBMinwFBVV95cUxQNXJPVEJ6bzVYWmNfRl9KZ21vcDVOd3g3Ul9aQm5pZ0hfaVY0eEw5Wms0Y3ctSnd2blQ2S0ZuRW1UTTJxaG5JZnVPQzF6ci1NTERCMER2Yk5aS2JCU056XzY1bWlZZDd6cUpmVllIak11S0tRMlduZmktZ0xSUHBKTHdJaGVDbkdJeUVMQjBfOWVfOTJQSHdGSTZrSDcyLVE?oc=5
YUMC,2020-01-23,Yum China CEO reveals why the company is tackling delivery in a completely different way from its rivals,Business Insider,https://news.google.com/rss/articles/CBMid0FVX3lxTE5mNWRtNkxhNldFUFR2X1VJY3YtUUU4RHc1NkI2YTROUFlUN25MS2ctYWZiRHEzWS1faDV2RWpoeV9ucXZ5MzBGdkRaWWQzQjB6YmRLUU1lYm9jVEV4dDgtUkhvRXk5OXlhaDVyR2lCOEk2Tzc4WmY4?oc=5
YUMC,2020-01-24,Yum China CEO reveals the biggest challenge she's worried about in 2020 — and how she plans to tackle it,Business Insider,https://news.google.com/rss/articles/CBMipAFBVV95cUxOQVpydnJ1YW9KbTF0UnRMYUozYXYtMnItbVNXQVUwSVZHbkFWTjV3TFpHeHJPYnlZcWFYVWJHV0Q3ZlFQMHFKY1lkbVF3MkVoWUdjLWtNdUJQeURXUk5TUTZjSHBJbUpuaWN6dUpsT2tCZGFiWDMwaDRjU0lYb19zdWFMandZRkF3SU5uTkktX0ZwZnp5MlE5U2kyNzZoVlBfVFFQRA?oc=5
YUMC,2020-01-31,"Stocks stumble into February, one of the weakest months for market",CNBC,https://news.google.com/rss/articles/CBMipAFBVV95cUxOcUEyMXRoc3d2SW5za010SnRPa211WURYQ1c1WmlpWjUwdXBFRjhwcC1Ib2FubGNiQjBJNDhBVXNsVlQwS3FYOVJPdDRKcndtcGw0RkxFeTBnT0dBSHJEbFdWY21YRlhreWwybzdEOHJaSWxGOUlMallLd3k4dW9rY1IxZzc5NU1jSVI0ZU1yNEZjSFJWTExhQUtEbG04b2xZUkhQVNIBqgFBVV95cUxPcmtRZ2JrTlFBaUYxQkVnczh1V0ZWMEgwczdVSkUwYzlCWnhQUU9zVjZLMDh4U05sOEp0MGF5Ukxkd0ttcnZUb01WNXRST1I4VGgxVEtteThQNHl5djA4endjd3p4TlhielFaeVhKM1R2RkVTeVl4YmQtZzlCM01FX01PV0w4OE4xV1pNenhrMFJ3X1IwS1F0ZUg1VDRubkJRc09Zb2kzM2ZfZw?oc=5
YUMC,2020-02-03,KFC and Pizza Hut have launched a contactless delivery service in China amid coronavirus fears,Business Insider,https://news.google.com/rss/articles/CBMikgFBVV95cUxPU2ZvX3dXTWJZUTJuQUdLZmdsWXg1ek03S21hZHdZTElOM2s0QmpXaUp6Z2xkSF83VjRpTFpFV1JmOVdvcWRBMkljblZXajZuY2VfQ0ZNaEMwaFZPMXNQR0VqZFNhTUkxUm9BNVFteHpYNGxfYUJza0hoVFNfMF9oZloyQVhwRi1YbHE5QV9ncmE5Zw?oc=5
YUMC,2020-02-07,Yum! Brands profit slumps on struggles at Pizza Hut,foodbusinessnews.net,https://news.google.com/rss/articles/CBMinwFBVV95cUxOXzVKMjN0am51T0JCcnhSc0kxblN2LVB6WTBrZXVLQTdUbkRiRmEzMFBRSTBtZW1wRXY1WmdXdXBMeTNFZlFGZVJVc2ZHdlNOZG9WX2swRlFiUktCak9odHRmTW4wYWlzdzNmSVhoRkM4RllwZlp3WWhhczRrUUI2RXAyc0FTNE5sOXZsVVV1M1piY0gzYVRhSHRGeTdQNEk?oc=5
YUMC,2020-02-09,"KFC Worker in China Infected With Coronavirus, Contactless Delivery",Business Insider,https://news.google.com/rss/articles/CBMiqAFBVV95cUxPNG0zVlJSNTQxem9UN21kNWIyRzdRdXNjLUJfNEk1aUJ6a3lCMV85R2RuWE5VUTkycVRqRFdFY0wtYnBkZm5ORXRBUENfZ2txR0JBYkxKTFNjRng4N0JBZjZmYXV4NmJtVEh2S29DTm5KaXFDcWtFUVFUaXMxUTFQTDctMEltT1U2N2h2bFU1dXdKRG9NYkoxUHlCYXRHNlFMZkJRQ1RWeVg?oc=5
YUMC,2020-02-18,Former CEO sells $9.2M stake in Yum Brands,bizjournals.com,https://news.google.com/rss/articles/CBMiowFBVV95cUxPSlZtcktIa01NUkhvWksxWWxpdWZ1T2xKVUFXX2p2SlVOUFI0U3FzNTc5MENyNmdWR09wb2ZZT3ItV041NXQ0NFRGcFZKLXFIeVNBVUZ3cWJObW1udWZVR0JfV0FPV3Q2VHM0eExvRjNJUE8xRld0eks5LURtdk4yc05uTEdTZ18tTWU0ck14Qi00cjFKZHVfcW9aX0hoeTgtLTFJ?oc=5
YUMC,2020-03-16,Corporate News - News & Publications - About HKJC - The Hong Kong Jockey Club,馬會知多少,https://news.google.com/rss/articles/CBMinAFBVV95cUxOTzdBaTVmcFFzUDZTWVJUdTE3WXp2Y0JORlhJYUllb28xOFFkc3BBV0ZHU0x6Mk9mWmRrUEMzNVA2VVZCNG5ycnlUX1FkcGxLcVlIcUQwWElfbGlwZlMzMWFoaUJKX2x3T3FwaWZOb0xRQzNIWi1EOXFiUFEtWHRSYVlUZ3RESzVfTHRDTXl0TGU4QXk3a3dESHFfYzE?oc=5
YUMC,2020-05-04,Lavazza opens flagship in China,Global Coffee Report,https://news.google.com/rss/articles/CBMiZkFVX3lxTE5CQjlRSkc3d19WOFZtZ0tPWmNXazJzNnZHczVoSjA5UzFFamsxOHI4RC1YMzloOXNmU2ptZVNFLTdtWFZqSExXRWNLazJwSUprZGtfWnZCNW00NDZlQU5zVXNoWk1mUQ?oc=5
YUMC,2020-05-27,"Dow 25,000? Get Real; Robinhood’s Most Wanted … Is Carnival?",Banyan Hill Publishing,https://news.google.com/rss/articles/CBMigwFBVV95cUxOaXhVWk13eGsxY1E1SXJMSlBhaE9jc3ZwU1JaaG53R3FxaXRMbGdMV2M3cHZPSjFFbkxxZk1BVW5GRklId205dndncVFmS1JycW05TS1VYXdNRy1pM1RYLUROUGpyQVhXVEtrMnFqSG82VFJlOEt2cFZVXzFmSEkxQ0Jvbw?oc=5
YUMC,2020-06-18,JD.com Bumps Up in Hong Kong Trading Debut,Caixin Global,https://news.google.com/rss/articles/CBMinAFBVV95cUxNeEozWldKWnVDUkRXUF8wWEd4eEljVmEtbU55OGtxa0pFS3hiZy1GVEtkbVlUajNTZElwb3gyYXc5QTBvMkxZVHhWNXVpSnlIVVdoOEF4Q1RWRG1uV2tRTGE1c2dGcEpNbUNSUHkwTmlkN2dTTnhsTldSNzRrcHZXc01qY2xtMjh1czgzWkxuN2lFMHVwdHFEYzlTci0?oc=5
YUMC,2020-06-22,LK Stock: Luckin Coffee May Be a Good Buy After All,InvestorPlace,https://news.google.com/rss/articles/CBMijgFBVV95cUxOVV9SU3AtcVZQeW1FbjkwRXFNUjdzbkstZkZSbmltVkN6N2tUU2ZYcnhjSnJoWmJJRERrV3gwVkY5bWh6TzJBaFNGakIwZ1djdkJzaVhlLThDOUNZRXJUWVp2UmdSR21aQWlYV3Nwa0FkVDI4TTZtbmZzQkRwRHNvUTRrQkprWTd6T2psVUd3?oc=5
YUMC,2020-06-29,US bill to delist Chinese stocks could backfire on American firms,South China Morning Post,https://news.google.com/rss/articles/CBMivAFBVV95cUxNYmtkQkJONk52MHhfc3E5aU9tcXctTFoxZXo2dy12VTkyODZoRVYxVFRjOXRaSENUYWplWXJ4VTVDaW10MUxLYzhBSUVkcUdSOHJkV2VYZDM4M3R1S08zTjd2N3JramIzZTZDTlVWY0I0Rm5wMlNnNTMwbVB5WkRBZUI2VDlqTktGWFdVdExHbjc1MXhmRFNpdlpTRDZOMjFLSEpDSUV6dlo5RVZNekpGaU9SeVM2LUttcjdFT9IBvAFBVV95cUxOU1dJem1URmZsUzljX1pkNmRKQ1Zwa2ptc2wyczdrWHNFdHctQ0M2MEdQX2VNVHoyOHozSjVhTVdVbGRQQk5JOWljTl9wcThZcldfZTd3R1pVQ3Q1eFlJeFdQcFljRXhvWkhNNWN5eXdjTXlPbGpyUTRKeEhkQm0ySnBZaDJPcmxxV2hvUGcyOUlRbEpwbmVCbHpMSlFmLVk0WC0wS0pCT3NXdl9aWENDdE1FTXZ2Z1BRSGpXcw?oc=5
YUMC,2020-07-15,Beyond Meat's International Push Continues in Brazil,fool.com,https://news.google.com/rss/articles/CBMingFBVV95cUxPQXB0WWd0aExvanJPZllYenE0N2h4c21mX1dpbHlOZmVQdTJLcXJEXzh2NnZlVkxrWS0zR2ZnbHFFdU5fZU54dDJFSDZqVUhXczN2dkpKRVB1MFlMR201Ri1wVHdqM2NGSnIxcWtNaDh1azFHT0dzbmtVZjVyMVE1MTZEX0lnMTZnTFJpbk1pSzllaFpYTTRFeWJvQzNxQQ?oc=5
YUMC,2020-08-06,Yum China Is Said to Target September for Hong Kong Listing,Bloomberg.com,https://news.google.com/rss/articles/CBMirwFBVV95cUxOMVhFM2RnS0I2LWFUSTIzYXZGYXJMdmxPeEpDQWhqdHNCbGRIX2ZDb1BVUHBVc3RTN0tIRlZfdm5fTVdKaUstWFM2UERsVmRNRzRMeVBJeHpvQ2VUV29KYmh3R0JpQ0FSN2E2MGhFVFJId0ZRS2k4TU1nenU1NzdvMVpWcDRaWndNVVJveXM4ZkYwY3l6clgxa05lY3p6dngyRVhCdG0zTGdDZ2V3dDVJ?oc=5
YUMC,2020-08-12,The Hong Kong Stock Exchange’s half-trillion-dollar opportunity,The China Project,https://news.google.com/rss/articles/CBMiowFBVV95cUxPMFpVeDg1SWhHVy1ya1g2ay1aYTBlZkxIalFlUW9vUUh2bzI0NGJreVVKbkJIRFViUWRyWlpVZWpMakY5RV82a2tEM1lxc2syelQxUkExSVRKQmVHUjhRQUR0YS1waGhfOHl3QkstT2o1QVVHMS1Zb1JpODRtd1gtTzdGSG55bTBBYTRjZGNFbGd6Q2NYeW1TT0tLbzgzRkF4MEJ3?oc=5
YUMC,2020-08-25,China Bottled Water Giant Seeks $1.1 Billion in One of Year’s Biggest Food and Beverage IPOs,Caixin Global,https://news.google.com/rss/articles/CBMi2AFBVV95cUxNbzFGb0ZlZ3dWb1lQdU90QkhDNFdrOWJMN0F4VWE4Tm5HZm9RaERPZXFQZzlPVHJZNjh0ODJxanYyQm9sUWx6MVRxRndkNUlxcHBCVEJ2Q0dyU2MwOEdaQzhITmoyakpmdTdiWTRlUHF2eHNnRFhHNGNxS1RlZlR0aHkwZFhXYklQQktzUV90aXJHeEpKSVlDMUMtZ2djSDZKQ0VWTV9TYm9WcmhVSDZ5NkRRNGY3dEJiT1FWMEJXMXNpOXpLN0RGSG5ncHRhUGxJbHVDQlM4c2k?oc=5
YUMC,2020-08-28,KFC operator gets approval for stock listing in Hong Kong,South China Morning Post,https://news.google.com/rss/articles/CBMiugFBVV95cUxON3oxWnRkcXgwRzlEVjZUSFA1dGtOZS1EZ3IyV0JjdHkzY01OTWVnaDBBTzBFakVIY3g4WEZYU1J1amF5Y0hqZHJtZXRYRExNWEs1bUVCem9zdG5UajF0c1l6WEMtQ3ZiS0FTVjNHZFR6eHBaVk9vallNdlExaTVUT3ZKSkRNUmxvQzhsMlg0TktZZXlkblRXVEVPZWFhbldscFhaTS1WMTN3ZzNMdWo1MWozbFVvbDd5R1HSAboBQVVfeXFMTjhsZG8taTNQY0FBZnRoVmw3Qko4cWl1djBJTnUzQ2hidzNUUXVKeWtCY0t4Q3Ytc0N3ZldoZnNsTS10RV9kTEYtOThteDN6V0J6cGJ0RzdRUWgxajJxUEVlb3dWTnY4ZjJNTkZJbDlhZ1p2dVJMX3UxSy1oVDFtV1gyZktkUWQycUVGaFhUWkpZSFI0c3k0S0dnR0YxNGZEWGxmTkMyVmwzbUJXUXFZVFJENS1PM3VyeWJR?oc=5
YUMC,2020-09-03,REFILE-Yum China to raise $2.2 billion in Hong Kong secondary listing-sources,reuters.com,https://news.google.com/rss/articles/CBMiuAFBVV95cUxOMVR6bTM2R1JsQklYMU9DOHFZTXk0dmt0Wjl2MUkxVWV0TEFOVWdLNVZzTWp0V2pzdmtsTHJJNjNuQTFSa1I1TzdBT2hhUU03T0hnWnFtN1VTQUtpLWVnVzF5TzRKcTlaQzJ0ak9hRXoxQk5tcGk0SUlaYU5XMm5iSUJQeHpMVG1aRzZoTndHczlfUVBMOHB2ZHlLV1VDRXB5YVZ3enpQM1F3VnlKSHJfSXFpcU55WGxu?oc=5
YUMC,2020-09-04,KFC operator Yum China to raise US$2.2 billion in Hong Kong listing,South China Morning Post,https://news.google.com/rss/articles/CBMisgFBVV95cUxQYWdiaFVzMVdlTXNYbEZCUW50bzh2c1Zib2VFX2RyTktPSkZkYVZkeXhIdjM1MkpTTktiUlpmeEtkV3I5OVNPcGNKQ243b05JR2Z1SThweGg1UjVQMjZvekZyR3FXYzA3ZXBxQ0dnRlNyMU5qX1M1V0JBM1Y4bmFxbzlzTlFXMFVwQ1huVTlXT2tpU1NIQVdQZ1U2M2tSV0Y2dDNmVmlFaGNxZDhUXzdWaUln0gGyAUFVX3lxTE9jaW12UlN1MDA5c0o2QzhQdEJQbkJ2Q2U1dEZ6OUNvcWhzbUlmRTcxeTJJY29ZQ2F5allpNldzR3U2T0dONUE5NGplNl9LRWlmazFDT1hab3pZZGZyNnlaUUkwRU1leWZ6ZERuaEhzQnJnd1R4TnZ2WEpPTnljUkVQOXhRWVJSakZ3ZVBBUllZUk04SVpDSlRYbWNiRnFfQVVJb01za25sdzNIU1dMQjNjWGc?oc=5
YUMC,2020-09-08,Nongfu Spring IPO turns owner into China's third-richest,Nikkei Asia,https://news.google.com/rss/articles/CBMingFBVV95cUxPZzl5eTgzMnY4OVBFcjllb3hZcWhBS0R3cUJGYjQ3OGozbWhFNWt1Q3JKeDhNWkFxM1Vod0dTRUxHR2o1ZWRyaExiU0RnUTJybVF1SlEwSTFCMzF6TXhwTGs0VHhjNXFOSVdjUWtqSGV4VUpLa2dmXzNDcDY0SGxsaFlvT3lMQkczRm4waTRxYzluUXBFdHpnZUtmc2FHZw?oc=5
YUMC,2020-09-08,China’s Leading Bottled Water-Maker Sparkles in Hong Kong IPO,Caixin Global,https://news.google.com/rss/articles/CBMitgFBVV95cUxQVDJtVUh0cy16Nlc1T1dtVVFXVDBGdWRvZ2Y3eUZPZktkakYtQW5lZTREZHdJeDgwTEZ0c09UOHBvOWg2RlR1cXUxdE9PdlNKdUZQamJDNjNQVEJwVmpnNmF3a2JTbC1xLXg4Y2s4NVpwSUNxOHVzU002dUdTZWllSWRjbXBVVHctVmkyOEE3czJSaDVveTJUSEJQVjNCU1o1NnhNVGhFclRmdHN6akhWRF9SWWhRZw?oc=5
YUMC,2020-09-09,KFC Operator Yum China’s Hong Kong IPO Oversubscribed Dozens of Times,Caixin Global,https://news.google.com/rss/articles/CBMiwAFBVV95cUxQeGpqbXVUQWZlUkljQU1Qb2ZNdFA3LTAtNTg1b1F4TDdxYmxEWVV2UHV4clVZZktyeGFMZldUdThmck83Wl9jd0tiMWtST21jajczNjZrNHp0UlNHUmE2ZVZyTmx3YXc0Z3UxN2NqYUtPeDQxWkpkZXFKRWJJT1VkaXA4OFdrUVU0eVhoUTdTMDlzbXlnVjJhbC1NNDV3VEJNbThtdy1QbUFGeG9MbEw2eHJnM1oyMnk3Y3FiTVV0TE0?oc=5
YUMC,2020-09-10,"YUM CHINA HOLDINGS, INC. (9987)",hkex.com.hk,https://news.google.com/rss/articles/CBMingFBVV95cUxQVWdmVUQ1WGxFdFhEaVM0cUxSa3E2Vl81aWw2Ui11MXpRc1VYS1JoNHREeTNkaDFDS3pkcEhyR09XOThSRERqUi16LUVzTVoyT3dnWU5ETnlsX0hWdmJoeFk0MTV4Qzk3cTNGT2JOWWNIVUUxZUF6Z2ZPU3hBUTVhVWxSMW5uWXZ2alNLTmtTVEVoLVJGNW13T3NOX19NUQ?oc=5
YUMC,2020-09-10,"Chinese operator of KFC, Pizza Hut flops in Hong Kong trading debut",South China Morning Post,https://news.google.com/rss/articles/CBMiugFBVV95cUxNbkRxZ3V2UzdrV2F6MFVkamtLTTdLblZvSHJFcDZpaGlGTlhSWVUzNTNBRExjRWkxUGpPMTJ4UHBKV2h5MVhLTnJFM0JtNG4wUTF6UEdwSVY2MFlhYUJNWUt2YmJCczdOTFZ1bXcxOHg4X2JnLXo5WHVhOE1WQ1p4VEJWSmJPSnc5UUJpRHBQWWdrVkR0c2FjdG9GbFIxOGJpaXJ0ZE5SZDdTY0o1Z3hYS1UyY2NMblJtMnfSAboBQVVfeXFMUE5oSDFRaHdOVXNQbHBPLS1yX3liX3FYdUN2bU5YNnFqR01Cc01vVDhadHdmdHRkd3pwdnZmV1IwTkhnWTZ4elZyakpRTFh0Vld3TGg1UFF6ZDRxSUpFS2tfNzdoYzVUWUk1aE1jMkNqYXctdFJwRzFFS0l4SFZySGJ3REc1ekI2QUxCZWpkSktvZkhHUThWUWVrclFZTFFrOHlLNnM4TFVsYmJHUUI4WGxLbEtMS2RhZ0RR?oc=5
YUMC,2020-09-10,Yum China's HK listing is the latest 'homecoming',BBC,https://news.google.com/rss/articles/CBMiVEFVX3lxTE9Fc0RobHJBRjNiNnBJa3d5VkZHRFhlQTV3cDlpTWU0RlpfQll6T3FBem5lSWF3X21SbnYtUGlsNmxmNW5BUW45RUJEMUJ6TWlWbU9ieg?oc=5
YUMC,2020-09-24,Legendary investor Mark Mobius told us his process for finding the most exciting bargains in far-flung markets around the world amid the COVID-19 crisis — and shared his 5 top stock picks right now,Business Insider,https://news.google.com/rss/articles/CBMiqAFBVV95cUxNUDFmX2huV2xJVkdabUpPSGlHYzZYRWhpWHhqd3hUTmZhcTFTc0JFdmp6TnZlWlRoODVwOG5ZN2tjTVl3Y2tWOC1KSjJabDVLNXpGeHVETHhSTVR0dFRLU1FuZ25xOTBmbDg5cGhLTzNHUDlnZTl2QzdyaXRVOVgtRDA4X0pPMXlQcnp2em12N0Q1MHotY2RTd0RvczRVM0FPNFdhNjZPOVA?oc=5
YUMC,2020-09-24,China’s new richest person is a bottled water tycoon,BBC,https://news.google.com/rss/articles/CBMiVEFVX3lxTE14c0R4Uy1FMmhfaVlmOXFFUDVSbnFLREdNNDFoZGQ4bDZtV0YydHdON252WURwTm1JcHV3UkdHa1NqaHJwR1Bqd1VJbUEwdWtGSXVwRw?oc=5
YUMC,2020-09-29,Chinese delivery firm ZTO Express jumps 9% in HK secondary listing,news.cgtn.com,https://news.google.com/rss/articles/CBMiwwFBVV95cUxQQ1llTF96Qk1ULTcwZ1lFemRoSXdoajZBVTVYNVc5eklva3ZXV2xBNmJzemZFX3dqUHBORExBeTJXS3p1aUU1czlCSWNXWEFxblRoY2NTZVpJNmZKTUhhV05mWmcxWExUZ3NReHYteTF4WHlQRHRVSW04azFSX2NpQXNVbU9XSnQzYjAxV05hVTJvUFlnSW9LM2wwUmRxc0x1TmhLbVpWZmNQSzJMUGZCVU93RFVURXY4ci12VVN0RzJ4SmvSAcgBQVVfeXFMUGRQb1prQ2p0Q1lCZ25DbTBMQjljNGRqZDFYQVotWDVsMlRxREg2c01zYy1QcWc4dnBHYjNxcmhiWHc3bVNWR2ZURndmaE1TLVVYR3hxYlJrbkhubmhQN3YxMjlib2g1RFhJX1pUVHZHR2JoWTRhM0dkRWpvOTRIZkNxWjk0THZ3eEx2R1NtOXBUMC1SUFdjRDJ3UFQxUmFzWWF5Vnd1c1JLWkROQjRCM1hvbWhoeHBYUzY0TVVSbHdKc19TenNpdUw?oc=5
YUMC,2020-10-05,How did Joey Wat become leader of China’s largest restaurant company?,South China Morning Post,https://news.google.com/rss/articles/CBMitwFBVV95cUxNZ1JWNnNtczl1QmFzaE83LUNSUl9nMGFkS0ZoYW9ESzlFTVh1LVM5WFRzMlFEN1o3YTJ1Rmc3UUhQUjJibU1MdFdoZ3pmZzRHaW1WQXVvOUxaZVZWWXNaYVhIbnc5SW5ISTZiV1FWV0c3dzlTbnRFcG56Vkp1SU1WWmNwS0pkS0dPT2VjSWpHQ2hLSjdfeU0yaThlUEw1eDVuR3llT3RjYnZxelZkRzg3OWhTWVNELU3SAbcBQVVfeXFMUFo0MDB4Y3MyU0lJdmFhOGpJV0VzM0o3M0xicjhhS2oyLUFrRlRjdFNNSlphdTFmTUxOX0N1ZG51dkJtbDhHQ3BocVE4eVBIdzJDb2U3U1ZHUFhjOVZNb25WLTUwV3J6bmlBeldvSi15N0l5SlJKM3BmMmFLbVpOYk5nOERzckFzR2haNVlPdXFnSFZKRzVJRGlhUGRRLXFhYzRCbHdGTjZ4Rlk5YlVJNm45cW1GSHA0?oc=5
YUMC,2020-10-12,Expansion of Plant-Based Burgers at China's KFC Stores,Dao Insights,https://news.google.com/rss/articles/CBMilAFBVV95cUxQNS1pc3ZxRElvUXQyd21oVHJPdDZqYVNRRHZmMWZCUy0xbWdiUjdUVGxXcEo1cE9ZaXh3Z1hoSFFQYTJ3S3d1YzZtZ1p6bXJEWmFIaHhQcGRqaEQ0ZXgzcFI5ZXBmSlJyYUlkNURTbDhFZHgtS0JYTEJaU0JFOHhjZmQ1VzEtY1dhOFlpLVhlZWVqWVgy?oc=5
YUMC,2020-10-20,Demand for HK dollars swells inflows to record levels,The Standard (HK),https://news.google.com/rss/articles/CBMiqwFBVV95cUxOcjdUX3hHRDBYS3Mxc2lYREltMk1reGozaWJYSlhJY2piMGoxRlFoYW9mOEpaWTNnX29yUkdQeklFdWdQWTJ1aWFEX1ZaaFFIeXBsQ3hiWk4yakQ5aVM0QkFVcEwxZXlGczAtTFJLZ1h6MGNkNUJOV2ZmSXQ0V1JOSmd6eUxTMHhWeTRHTThqTXdqXzZycUloVV9waU5Qc29sdEhKc25nc0VOX00?oc=5
YUMC,2020-10-30,Lufax CEO on why the Chinese fintech giant is listing in New York,South China Morning Post,https://news.google.com/rss/articles/CBMiuAFBVV95cUxQUVhjV1E3SEVaZTdtemNDQmRwcEwxbWN6WWNnY3ItbEhEVGU0Z1hiRFNVb01XX1lZWi16dWRod01yWWIzd2FQamZHSS02OUc5alg4VjczMld2OFYtMDFDSGstZFV4NEQtTjByNkdUcjk5OG10cW94ZnhCZ2lBLXlqTWFlWGxTTHR1TkNLLUl2ODZaRGhVQUIwV2FETWhvVFVjSHMxcUxHSHBuellaY3YtTUtWZlNCa1FY0gG4AUFVX3lxTFBYYThZNElvckJxM2hKU0FmdXVBZENHVkI2SF9YXzBJbi1uR0tPTVBjM040X0h2bkVRZlBVUWVtVE0yZzNuWlltekpLS18wTndSU2hGYnNyc1E4ZmRLNFZDdnA1OXMxS25ldFg4WjB2SFdRMzVoeDBUUnRUdE1QZTVKN2I4Vm1rTVF3VlBkZllDbDN3UVlPT1lHUUVkU25fSWRCMmZQZnk3ME9aQ3c3Q2lQVHZJMnphQlE?oc=5
YUMC,2020-11-10,Pizza Hut to launch Beyond Meat sausage topping in the U.S.,CNBC,https://news.google.com/rss/articles/CBMimgFBVV95cUxNRUlxdVBzSGZ0bU15UU9pZHRlVkFpdm5ibzEybEtjQ1RLTWY4ZmVtRm1aSG5CejJraFBzOEZqd1RPa0EtLWlBUkVaOHpKVGVMRi05LUs4dTEtUGJNOEdta0ZTMGY2dWZlSVlHcUZ6cXVRaGw3XzJQSmpqYTcxc0JzUW5mU1gzdVNjR1JfT3FXUDFqZ2lmV3pRNkl30gGfAUFVX3lxTFBkNU5tQVNRRXZVdi16TjJxZ0M3MkhlakxJWWVGZEoxLVdRVURvcmhleHFyZ3BIbmZfSnREQmY3QXBjY2lhRm1NeWZrOV83U3o0bjhhd0NDRVFGLVVDQVNwTmI4a1RGQ2ZyMGZodDVhelFKWHkxRUpQb0hGTnlvUXRVOXFrUVdfcTltVDVuOThiSUFKWkdnZHY4aVlGZExwQQ?oc=5
YUMC,2020-11-20,Impressive stock picks by South Africa’s top analysts,MyBroadband,https://news.google.com/rss/articles/CBMipwFBVV95cUxOa1ZYNk9WV2pQVGZiU0ZsUDhYMlhoTGhrSFQ2NUtMYWMxLUhYcENQMUcyM0hqS1lwbWtEZDJCaW82ODNuY2RlUHNtN1VnUmhTV2dyXzQxeVh6Rk9NczZlWnpYYlRncGJsZURLR1ZpbV8taFZhR2ZjaVN5NHVrbDBSam8tV2NoNmx4TjdKMEZIc1pPZ2ZtMnhqc2F0RkJiNEVfZ1d4MUc2bw?oc=5
YUMC,2020-12-08,JD Health soars on stock market debut,BBC,https://news.google.com/rss/articles/CBMiVEFVX3lxTE1xM0xQUmhXSHBiWEwyRDNsVHdGVi10WmFtRTVRUlhLdHZNUXZoYV9lamRJR3dXMktXeU0yTHdMOXJXWUFpR1UxZFdMRTZyUmIzV3hYcw?oc=5
YUMC,2020-12-08,JD Health shares jump 60% after becoming Hong Kong’s largest IPO of 2020,Fortune,https://news.google.com/rss/articles/CBMigAFBVV95cUxPWDlHX0FxTmpjTHV5S3FEbFUzUjVZV2tjTVE2d1hNbVhpcDNmSm9qa2g3bzhTMnJsVmptcUdqNHhiVWc1bFJQZW1JSmhjY1Y5TFFzdXBQUjlvUWt6bjZrTTJLYkpZMXU2dXRuRFZEX1h5QjlXYm94dVJyMEdQOWdxNg?oc=5
YUMC,2021-01-25,What Fast Food Tells Us About the World,Home ❧ Current Affairs,https://news.google.com/rss/articles/CBMiiwFBVV95cUxQSGVDMTNsNWpTNnlIS0NDcnAtYlFqWF8yMGxxVVA3NU9NVG1HSzV2RUg4WjJwYm1fVWRtV29PVE1JN3Vza01NLWlwREUtS0hkVDJtUlNveGxkTWxJa09qX0lGMEt1OXk5STZMU1VnVEYybXF0bVdGZXZjSWJrRTlxekk1LWFvOFdKemFj?oc=5
YUMC,2021-02-05,CX Daily: Short Video Pioneer Kuaishou Primed for Biggest Tech IPO Since Uber,Caixin Global,https://news.google.com/rss/articles/CBMiywFBVV95cUxQa2ZYSzhfNzhhMDF4Xy13V012RGZWT2haTTdtOU1pOTJ4TEdmNzdjcF85bC0tNEM4SHdmN0pqb2NsbXlhUnByaDZQYS1WcTlwYUxoU1lCc2xhNU9xOXk1TUZhRUItNHcwT25acnduUW1sb2xfN214OVJfN1dGb3EweFg0UDBPYlNRZXlXNEdxZFFlMG1DWUF4SkNSUEtwWUEzSkRxRFdwbVIxMUZWTnh6R2R4T3lJMTU4S3VoZEV5R1dsaU81QVQ2UUgydw?oc=5
YUMC,2021-02-11,3 Reasons China's KFC and Pizza Hut Franchisee Is a Buy For 2021,fool.com,https://news.google.com/rss/articles/CBMilAFBVV95cUxQVno1WnNmSlZlN1lpelNUTHVhak1vb3BMNGhYVWRLbzExanBLYjlXcDUwa0lQb05feXhyRFdCcWtnWVZaMENEbEFXZTdRREVBdFNSRmpreDFfTTNZalJLd2tXYkdhTThxcXZyWmRqcm1tczJyUXVkWnB5R0I4TlR4UGMwX19lanZhMHkyekh2N05la0Z5?oc=5
YUMC,2021-02-12,"Emerging Markets Will Outperform After Covid, Longtime Investor Mark Mobius Says",Barron's,https://news.google.com/rss/articles/CBMirAFBVV95cUxPYjJBbGhoYVpPbXVWVF9BMEh0LUZlZjU1UFZYVlE4OFRyZEx4VzlUVllRTXNKZk42SmhFV25oanYwdExtSzY5QjFGQnV2bzFkVmRWR1JkM0xRMUpuYkpLM01CZl84YUVXQ0ZqQl9STDBIajJmb3Q5LXRyT1JCamd2SGtXWGtSdmt0UGhWN19xWk5zWVRDdnlVc2ZVbUl6cFJIREhRSl9UcFJycWpI?oc=5
YUMC,2021-03-03,Ting Hsin Weighing $800 Million IPO of KFC’s Chinese Rival,Caixin Global,https://news.google.com/rss/articles/CBMisAFBVV95cUxPS0k3OWw4YVF0d3pPVVhwMmI5VTJjZnBrRXdBenNhUzk0SWJsUWZuVmhpX0ZCckVBQ3BXTGl0SGxtT1U3dlJ0aTYzZU9GekhjdTlqemlUdm1JT2FiZ0xjc2I3N2NsRjBfOGZkdDZ1bmtadzRucjZkUzQycTdZMzB5R2E1b0lQcVVTNFBEb3I2MzE0RGRfdmxPRGxxVGlCZ1VYMXVIa2ROQTJENWJCRm9rRQ?oc=5
YUMC,2021-03-05,Ranked: The Performance of Restaurant Stocks on the NYSE,Visual Capitalist,https://news.google.com/rss/articles/CBMikwFBVV95cUxPT0FyZTlZNml3eWVwRWEtUGtWczBxWnlia3gtT3FZVmY2OS1aTUVsNHJXWjIxZWJMalF2a0dKc2VBSTZJWUVMQ3JlV2lfTGFidjlOQTFfLWt4N2RnZHhLUEI5U1lRSVdhaXRVS2xqUWoybmdyY2M2VXBiNl81Wk04N0Z5LWdOeWJOYW1EbDZYcFkwa1U?oc=5
YUMC,2021-03-29,China's answer to YouTube slumps on market debut,BBC,https://news.google.com/rss/articles/CBMiV0FVX3lxTE5hWDVLa0xJVENIQVFPMDdTNkZsOGRjdS1SaHYxZVhQMWFvdURaZzA3WUFnNXVJb2hGVllpZXlnNTYwSG4yRnhIODVvcjBfUnZSbVZQdjhJdw?oc=5
YUMC,2021-03-29,Alibaba-backed video site Bilibili slumps in Hong Kong debut,Al Jazeera,https://news.google.com/rss/articles/CBMipwFBVV95cUxQUktNNEtLdDNVUUJaVkl3bXRJb1VpVmFSUWx5TTVGWHdYM3E3U1ktdmdRYnJmOXU3QVZaaWNRU0FpMnowa3ZzemhRQUNYajFzaW9WdW9WUnIzZ2lnak5oZVpaTEpZYW1UMnZjT3hVX3JEVzNCclJVYTRGNnphT1pNVkVHeHJoMThDZkYwRnVQLS1JTlkyTjBTZUk2SFFTZ3l3RVM3Mk51TdIBrAFBVV95cUxPeDlQaU9LNGctb0hzcHJJNWR6MEpZYmZLTFg4MDBGZ2ZlaWdROC1jcHFRaVRndW94cGlYcGxIbVMyWlE0YkUxSmFzUFpkQ0pvaTJLR3NVQllrS3A4VnVnTXZjQTlCREZhakU4UXpkQlA0c1liSUxmT25jRjFQYlQyWW5XdHJKX1dqbTlrVzN5NWdQLXpnNm5HdmF5Y3d0RDZQNFA3MFc4UXRrdmxF?oc=5
YUMC,2021-04-22,"Les Élites, the Upscaled Pizza Hut, Takes On Fine Dining",SmartShanghai,https://news.google.com/rss/articles/CBMieEFVX3lxTE9xVzBLb2NwNkdVclgzWHUtV2x4c2I3b3VPQ3VmYkZOU2EwNWJScjFqLXVBUUx4N1Y2ZEEwQnZOaFJQMHdiYmltb2xtb2wwT1pNT3ZWQW5JNFhwMVY4NlA2bzBaNkZtRzRMN2JCV0dWS1pFdmo0UGNlUg?oc=5
YUMC,2021-05-05,The 9 most globally influential Chinese companies from Time’s 100 Most Influential Companies 2021 list,Daxue Consulting,https://news.google.com/rss/articles/CBMic0FVX3lxTE1ZejdNd2VEeTVzSFd6SUs1SEJJd1FReXRSOVB0NkJ2aFNqX3pUWmtWeG85akpYQ29WNzhLOEJWZ1p2TC1qNjh6c1hyV1dxSExQOXpESUZ1QVh4YTNfR2trQlJyb2FadWtkcHptYmNLUnBfc0k?oc=5
YUMC,2021-06-08,Newly Merged Internet Giant GoTo Appoints Veteran Finance Chief Ahead of Planned IPO,Caixin Global,https://news.google.com/rss/articles/CBMi1gFBVV95cUxNcWxhTzBRWnVjWV9qVWZ5YlJaUDVrTW82RUQ1MGhNbTl2UVgtWkpsTTVGNDQ4VFNna2EtU2pOQ1A4OWZMX3pscVZZRTZYTHZ1ZWxkdFJJUFhHOHY2UzBrU2tzT0ZQZGZmY3N4bnJub0c2R3NJN3hfeG85dktKS0NnUU54cHNic0JadXVIem54RWE4RmNONnBuel9ObWx2cFJHaW5Fcmx3ODlPTkhSaU42dnU0NF90X3lOc2tHX3JsSi1ZYWdiT1NlcEgtdW8zdVNFRm5rb3Vn?oc=5
YUMC,2021-06-08,Former OneConnect CFO Joins Indonesia Tech Giant,finews.asia,https://news.google.com/rss/articles/CBMiogFBVV95cUxNa05QZDFTenJnT3FaNjR0S0szYlhfSWpmYU53Unc3LXZmeFJ3UjdxcVc5OG1aRGw2em5mbFBfeExlNTk2RVJSMWNwTHV6SHpKTTZJNGVxT0lmcmlOZ0xJcGluZERNOEJaQURqRzBwWW1tckx3V3FTOGVoSmQxR2NiY3BzYy1rUnpod2F5REctUnhidUd1dklwdHUyU3dJR1NkMVE?oc=5
YUMC,2021-07-25,The Shanghai lab making fake pork dumplings and helping China go beyond meat,CNBC,https://news.google.com/rss/articles/CBMingFBVV95cUxOM3c2ek41NVI4OHZyTXp0S0JTREJ3SnVqdGtiSlRBQ0U3VnVwRGJZWmE4UlNGc2tzWUVORGlTcm1FU0p3WHNCeEIyTFljUml0aTJUeFpLMVRFY3ZGT3JaM3ZkSEx4X0VLSW9VQ0tDOTVZSXRmNGJYRlJsTXNyTzM3b2hTTXdmV0JZa1diaUtlcTFhcF90M2FkOGwwbS12UdIBowFBVV95cUxObVBHbEJmLVdaZXlVRDRNN2hLVTFNSFY4bl9Qa0NZTzdaeDZTVldIci1Ccmh1VzJtZnl5WGpBbDNSejBqcDdWZElhRTZJMDRLSVhZSGlydzZ3cEthWEFmSkxqdWw5VWlpNDhtQkpNWWt6Y3JhY05LVFBDNTJyWjJzS3dtU3RSYlZiMFp6eTV6UUo2Y3N4MEw4dFY5MHphdndqM0Zr?oc=5
YUMC,2021-07-27,The Untold Truth Of Yum Brands,Mashed,https://news.google.com/rss/articles/CBMibkFVX3lxTFBMdm56anJxN0kwaVNscEowZC15bzRKLWQ0OVFQdlN1QmI1NXR1eUtBdGFrZnJrNUl4Q0tkY1cxcmRXVWxETEdUY1I1RURaX0pha3JZQ0lESHlFcHNQRWUzaVA0blBZRTBUXzUyZmVB?oc=5
YUMC,2021-08-05,10 Best Coffee Stocks to Invest In,Yahoo Finance,https://news.google.com/rss/articles/CBMif0FVX3lxTE1MMFlFN3YxRmNwQm9RMklIWHV4VVl6TTFQdXEzeVptWDR4X1ZPd0NLdU1CWGJQeGM3b0JsT0NWUDByeDNKeTBZRFFVS1VBUnJmaEFCSHllMGlIY3ZVdlFPdEtXdllOMFNQOVk0UTd2MDlxY2I3a21KMVpjekEzdXc?oc=5
YUMC,2021-08-09,The largest Chinese investors you’ve never heard of,The China Project,https://news.google.com/rss/articles/CBMilAFBVV95cUxOSFhXRDB3NDFtRVhkT1B3T2JDWms0bFIyREhxVVFDUkZMb0REMWVTY2k1cUFWU04tYWxMTlhYajBpMzlldzN6ZE1NRFdWS1V5ZnVucEliZ0xmU3dYc3otTFBNZW9aaXRSeDI0NjZLcElRRGlkWGtGcks3MjVPNlVYUVE0RnBBV0RrS2d2QU1tVkRKMC1r?oc=5
YUMC,2021-08-13,Former Yum CEO on Crystal Pepsi: every leader has an ‘epic fail’,Yahoo Finance,https://news.google.com/rss/articles/CBMipwFBVV95cUxQN3VXc0pxNWpvOXZDRk1PWVBaQ0hnNC1ERDNfX2ZmZUJ0WjM0cnp6WS10NWFOMll2YUhPbW9NelNkYTVaV3ktWDFscjlEblNla2VTUF9ndTVuay1BVk5zUWh3bVJKdWpQOEwzTkRuS0hzSGhTenEwS2FHXzJpV1lrQW9MY3A4SFdFWm1QS2JwdG9YSFRFdDktd25BQ0lFTmJHanlReEJXQQ?oc=5
YUMC,2021-09-16,Top Dutch Bros (BROS) Competitors 2026,MarketBeat,https://news.google.com/rss/articles/CBMifkFVX3lxTFBBMXlUeTRoRHBMNk5iZzRqOTBWaVlna3hvdnNSeENKTE9vck14MGRDWmdkYjFOQklTQ2RJbWxwa3Znckk4T3NKTWxEb0pzLXJTWU5TdlBHeE9yQ1Z0OVlucEtLNllyRGprME9nOTYyVWlxZFJJWFloa0V2ZFJQUQ?oc=5
YUMC,2021-10-29,KFC Operator Yum China’s Third-Quarter Profit Plunges as Outbreak Curbs Hit Sales,Caixin Global,https://news.google.com/rss/articles/CBMi0AFBVV95cUxOU0tPTy1NYjRqenhoSDFqMGk4alVkOFZHU18xbVZlMmRJSEFBRWNRM25SSGRjWHZQV3JiWXlLRlRpZmR6SVFkRWkxQkhqQU9SMzdqZDh3Zk1MN0NUbEVjeW9YYXVudTc5YnpqLTl1X2tNX3BJLWdZaWhQNTdTd29jdHBLN2paRmo0ZG9wd1ZWdG9aQ2ZtUkdwdllKQWdWNnBEVVNPNzllcXBKNV9kMkU5d3U4WDh3SWFzN1lPbUVUcjh2eDhRclpCZk5VSkZreUNT?oc=5
YUMC,2021-10-29,Scandal-Ridden Luckin in Nascent Coffee Comeback. But Will Investors Take a Sip?,thebambooworks.com,https://news.google.com/rss/articles/CBMiqgFBVV95cUxOX3lvWlZmbF8tbW1hRHpNMVVRdkFTbUN0NGJFc0hhTHhiMV9KR2RRWk1vZUp5WGMtQ04yaFYxN2lJNnhyUUtDRFY4MDE4RjFFb28yTDNCZm9yNGdhMEZMeEhqSG40OF9ydG80dkd3N290dUg2UWFHaURjZzFyZXNaU1ZPVkNrZHVsSEdPWmp0dUZtZVZ6UmNvMUxveWJJNU1TMUpGZ3h6WUN1UQ?oc=5
YUMC,2021-12-13,Here are the 10 U.S.-listed Chinese stocks with the greatest American ownership — and Alibaba's not one of them,CNBC,https://news.google.com/rss/articles/CBMijAFBVV95cUxQSnpGQVAwRVpmU3pHM0tLaDZaM3AyNVJJZUVEenY1VDYwN2U5OC0wYXRTeEw1UkJsS2owenp2TXNYOW9YRUFXUk1Ka0lyb1VrdzNQTHlJcE12SkNxNE5OTFhuT1AxQ2wtdGdVTjdRdjRuX0NuUUtwbVhvUXZubEppcE1YaDE0dFFPVGhra9IBkgFBVV95cUxOenRtY2xKR19FRzNScWpFMjUzTFE2dFgtUk5vcXVQYXN3UUc3VmJIVFlwMldIRTh1dDlYTHdoaE9ubGNTOG51SHRMQ09DdHVfellNZlhXdk8zNW1oYl9GeU9vVldxNnJ5ZFowVHNfN04xQ2Y4a1h5OEFPQUZnOVd5Vlg2TVU4TVFGVHlKVzhBMEgwZw?oc=5
YUMC,2022-01-13,KFC faces boycott in China over meal toy promotion,BBC,https://news.google.com/rss/articles/CBMiVEFVX3lxTE5nVmJia1NrSUZWMmhmNTNKTlFGbWFPclRPMmYybUVERkljLTJBQUtiWDBkeWVXZnRORGQ1SjNXd1VBVDA3YkE1TE84Vm9hcXNCWE9KeA?oc=5
YUMC,2022-01-18,Yum China Caters to Local Tastes with Regional Menu Items,PR Newswire,https://news.google.com/rss/articles/CBMiswFBVV95cUxPS0g5X3RqVUlMQksydzlfa0NRc2dWeFBDZkRTSFJVVk9FT0xEVzhpRHFKem5pbnY0RUpoVEZ4c1Z0Ykxmek1PSWt3UHYxQkEzUk9QUTQyOEtabDM1NWZwRUxiOUQ1SG16YlJLMGJVWmFoUS1YMEpsU3pLWUlJaTNEaXhEZmZVZVRuZ3paaTRMUHlDNFdpMjNlV1hGSmxDcko1LVZvR2FILXd3Z09aWTZHRzM2WQ?oc=5
YUMC,2022-01-25,How the State Created Fast Food,Home ❧ Current Affairs,https://news.google.com/rss/articles/CBMigAFBVV95cUxQSG9RR3JHd0R2ZGVuSGR1VFhyYjNkVlROTDdRcVVDamdFY2RtTmNCc2doY28taFBjRlJYZDZCempGQkg3aUhWeThsUmhrLXUxdEppSGZtNUJQYjl6THMybTc0d3cydjJGU2NKamhaOFZqQVNkUU9sQ3B3WWRDX21YZQ?oc=5
YUMC,2022-02-14,Chinese Billionaire’s 24-Year-Old Daughter Joins Huabao Board Amid Gov’t Probe,Forbes,https://news.google.com/rss/articles/CBMizgFBVV95cUxOTGFUQ0Y2a3pCODRta0xXbjFFbElmUENEckVTdVdQX1Q3a1M5TVQ5ZkZWa2RNOHlodGdwUTNET3ZBbGJlOHJfLUdSZFhwdTAyTy1ELUdlc1lUR1VsbVVwTHdLR1RYX2FOdDRUQ0JDSjl6bU92MEdyc240ZUE0Q3NPa3FTR0FhOXBXZUt3VnpLbVVmc1BNZVVucFdEYmg1bW5BVUpTYUZEbFloMjdsdmxnbU5wS0lHU0ZrVkQ5X084R0RXVnRhS1Rzb2dNdzNGQQ?oc=5
YUMC,2022-02-22,"Dutch Bros. Coffee, KFC chains set grand opening for Barstow locations",Victorville Daily Press,https://news.google.com/rss/articles/CBMi0gFBVV95cUxQVnFWa3ZJUE5fZnFPSDNIMFlOMjFRYVd3QXdEZEc4cGU5RnZQZlQ3SEtFNXlMX1h6OUpHalozWW84V3NGNVdQVW5MTmRwNHh3UzdVcVR0czFTME9pcERFNFBicFcxTk5xbGhOME1jYzJKamdHVWpZLXVNSURDTUtxcTBYWllNWlg2Q01nQ0FmWnNKUE56dThtbEk4b2ZIM1otb19rUzMzd1pMWkFPRkExeVFEc2k0c2haUXFqR21oR01vWHNURWxONmRsTEI3SndKc2c?oc=5
YUMC,2022-03-07,KFC’s Chinese operator shuts struggling East Dawning fast-food chain,South China Morning Post,https://news.google.com/rss/articles/CBMiuwFBVV95cUxPQkZzM1pQNjdNS3ZmamdjZ3padlUxa1c0dko5cG4yTkdvNHRSMUJJUDZkRnJZOGpSUHIxNmhGMW1VaGgwRlFqbEF3STNjaUlObkpKbnNXWjhGU0dIQmxoalJmUkJvN25sOFgxaDE1akc5LTRuS3U0VmhUZkZYMjc5THhHVmJDS3QwdFRGb0p1UUdpTEhMR0VUZEVUTDkxa2xUdmZ0Y2hGQ0FuREVmS1RIYmtFVzlzR0Jzd1pn0gG7AUFVX3lxTE1tVENkcG0yZmRLSlR2WDFvUVR4d3NkVGdYTFFVOHFGQmtBQlNvWWMteU8zRHRLdTZxeEwyVGVYcHpld0NzOFJia0sydU9ES3JzdkRHZkhIaVZUa3NSLVY4V0k2akdRUzZ4YXI5Ri1nTjgwbTFYRnZpQnpHVGlTSE9JODNWWVAtaU4zR1F6SmhZdUY4RWF4NnNpOG9HSVpmTXNyMlN2T3BLcC1pOG9sTV9DSFJUMHBhR2hWVUE?oc=5
YUMC,2022-03-17,10 Chinese stocks that have become deep value plays,Dr Wealth,https://news.google.com/rss/articles/CBMiYkFVX3lxTE5BbjJOZ21xRHhoSlhmSTJZTDlNQ09EUjhZZ0RGUVFJRGtGXzA3UmxrR3pkZ0FuQnVqYWJ1R3MwSDRwSFFSUHByS0JBWVM3N2hhOWJRbXZCUHdjZ1VhQTkxMXBn?oc=5
YUMC,2022-03-24,China's Weibo to evaluate options after delisting risk in the U.S.,reuters.com,https://news.google.com/rss/articles/CBMivgFBVV95cUxOdThEbXNKVmY5OVpiUVA4REVqSXlQNkRqN3p1d0p3b0xEZE1hT0tOZGFuWklHN3l0a3dUejdWeFkzNllnb2EtNlRkSUNDVVJiZ3hORnZ5LUZIN2Nnd2dIYlJzWHdNQUNXbGd3STV3YkdQejgySjFySUZjejFWU18zdDduYnZwbUI5Tk5CbUsyYmNCMkRUaFFlREpLcDJPakV4eS1lcXRQekN0aHJlSHExV20xdWhPcnEwY09yY1Nn?oc=5
YUMC,2022-03-26,"Weibo in a spot in US, weighs 'options'",China Daily Global Edition,https://news.google.com/rss/articles/CBMiggFBVV95cUxQV2lDOE9EekN1MFIyYWhUNnhPcTJTNVZxN2pCTkROdkFzOV9yTDZCeWVBQmRka0RXOHdsRnFPa01WV1A0eEpPSmhDUDl1MWJHc2U1dFo3ZmY1QnFQMU45cWNxd1RjeGlfRmlTaUhRODFCUjRaMm1pWVpJaGN3RFRtdkF3?oc=5
YUMC,2022-03-31,Domino’s China Operator DPC Dash Delivers Hong Kong IPO,thebambooworks.com,https://news.google.com/rss/articles/CBMiigFBVV95cUxQdUpOY2tleEdkY09uLWhXX0pYUkFhZEVleXhTX1N5dUkxNmVhbTJRczZ0SC04bHA3U3l1SXdTZU9xT0UyelFzbG1hZUtMZXJGWUsxV3NDX2ltYjQ2ZVVaWHFLMmotdTBoRVBEQnltU3ctQ2VHNnBpZlA1U1FwSjNjeVp1V1R3SzcycWc?oc=5
YUMC,2022-04-05,McDonald’s Stock: King Of Fast Food Is Here To Stay (NYSE:MCD),Seeking Alpha,https://news.google.com/rss/articles/CBMijAFBVV95cUxPWThtZXRmSnZ1SHJlaVNmRDc4UWVxSkprRFpXcE1Xd3ZZYmwtU1VCZEItN2lFRHBobXFyeEwtQVhNYzlhNUVWVkZKWlVmMGFLME9BTXNhMzcyVUI3bEo3cDA1N3hUM1d0cEV4MGh3U01HUGNFOVcyQ2laS2hMclZzRng4YW82d0VsMXo3MQ?oc=5
YUMC,2022-04-09,China’s regulator goes on charm offensive to lift market confidence,South China Morning Post,https://news.google.com/rss/articles/CBMitwFBVV95cUxNUk9qemtCdzI3S1R4bjM0YXVMVFJ4OWZJVDhCRU9lU3pCUWxDVHA1SkZEVFBSa0loVG1XU2h6OWdPampUSDUxUTZHTmFTMndVdTUzTjlUTFFKNEhwY0cxeHBPSXRaTjBYNHctQ3NPdmpXRklMVmhZRTQyLVMtSERUYUhHSm81b3JsMGk0cmdYdjkyRVk2NjNzZHdxaEh5UkxvalUxQ3YtazhhdXVPbFo5aFlUM29vSmfSAbcBQVVfeXFMTi1sRGlfdHA5LTVWWUVfRC1ISmk3QVdXRV9aNi1iT3FsOWprS1FHSG5SQTJtTTJ6NHJEaEpSTUFQamlDdkRqZ1R4S2xHSUp1SjlrY1JxQ2haVkpmYjB6Z3RpNlBMOVRhdVJIN2dybUduOFhXNWpTODFvZG5LUFFGX1dwMzg3bXdENk1CYkwyR3ZuY0g1dzh0amo0ZkdaTEN5OTFXbmJrNGx4OWlLNVZ5VnRkSFZYMlZR?oc=5
YUMC,2022-04-15,Brunner: What we find Yum about problematic China,Citywire,https://news.google.com/rss/articles/CBMirAFBVV95cUxPd2c0c3Jqb0FfSUc3VG9wX0tDWnJZWDV1d1JsakFNQzl6VHFTMmlvd2p0c3YxdzZ5VkM2QWxtVjRJLXFxdURvWGpQaUJfbU40NHdPR29lb0JqYXh1Y05pby1BeWxMS2c4bmdneDUxUGl5V0pkUnVUWC0wb2ZLTjVwQmx6SUJvS0F3alRxRmRMbDFBWURGWjVhZlZuTWlWRVpnYlFoTnM0emE3X1JQ?oc=5
YUMC,2022-04-28,Display-module maker soars in first US listing of Chinese firm in two months,South China Morning Post,https://news.google.com/rss/articles/CBMiswFBVV95cUxOS29Na1RHb1BMZDBRMEd3RnRBcjhPMmlqZXRBbTBIUENJWWFDamVjblI0NlZ1Vjl4VFZ3M1N4eU9pUExRNVR6aUYxbGp3ZE9ZUkk3UTBRZl9pbENfS2JEZEM5WW1OZG9qS1ZreGhUUzY0Vjl5X2xzejRrODVYYzNIWWNPbWx2VWNUWkVKeDZYaEdjdTRzUFVvMW1mMjZjMkt2aDA5TnZOOUY3SDI1dlZ1b2tDUdIBswFBVV95cUxPMU04NzdIMHNBN0ZXNGVGZnlrVnBINVVYRmo4c1ZTNlhvYU9QOXdSaHZqY3EzLUpEWUt6R2NUNk5mcEV6Wi1HWFdSQlktc3dpa0o3Qm1VOTdEZ1BiOWNJVkkyQmp2UWFpc2RlVDJpMW5DdXJPN3dJT0l3U1NRX09OZzJLVmljb2xpUmVIdEdMcWIzWThQZnBoejhycTVxTGJvRnIxLUJhV1Z5OTRuaThZT2tRVQ?oc=5
YUMC,2022-05-05,China's Covid lockdowns are hitting more than just Shanghai and Beijing,CNBC,https://news.google.com/rss/articles/CBMiqwFBVV95cUxONjFBSUwxLWo1YXNzNWZwOGlxOGllcGswZFlIRGZiMTlUSFBkYnBLcURtMnEtWmtvYlFnN0U2Y0k2NWIwdGt4SjZwUW9WYTZMbmwwTVZBcThGWWVDdHd6TWRQSmhSUFYxenZuTkJjeVkyYXBhcjhTeU0wbEE5OW9UYkhMZVM3WkNxMEwyYzJjREQxUnFFSVJuTnJwb0NHcUxScHJTVkprSlF3OFnSAbABQVVfeXFMTzllRVBJd2xMMHpiRDFXR0hWVFR0OFlsSDlTb3dRdnRfekVkNEtjWm52M1Zvbzlwbjh4bUJ4WkJxM1h5MDBzQzljX0pMd3Z4eEF2QUN3T3BiYkM1dGJhWEIyamJSdUh3c05yMmtybWNkU2xKV0dfTUZmeF8tMlFUUmZrZTM5VXhqRVBmUVhxYlhvdXZBcVE0Y3loV2c5NEFXenZYclpKZVA1dFpLMUpOemg?oc=5
YUMC,2022-05-12,What should you do if you own US-listed Chinese stocks ordered by SEC to delist?,Dr Wealth,https://news.google.com/rss/articles/CBMiowFBVV95cUxOMHFiaVpCbUZvUHhvZjFTM0V3LWdUT01kMnJVeHZMNkxRTkdQaG1pclRDeTZ0Tm9lLU9pbU9KZE4zQlFwaW1XelZRZjcyZktLWWxWQmF6a3J4MHJPenpocmtsVGFGc2NtUXVmeVRKY2IxOVdycUw2MVNMYzdCMTIwMEp6MzhYb0NjU1k2NjJJT1hNMFJ1RkF0STNnTjlWaERYWk1Z?oc=5
YUMC,2022-05-24,"KFC’s Psyduck toy makes waves online, with prices surging in second-hand market in China",Global Times,https://news.google.com/rss/articles/CBMiYkFVX3lxTE1EM2hRQVgzcUFQOGdUQXVKV1Nma2FBUnA0NWdMb1FEMXZaYlhhUmtFaHRoekVVakZIa3FoQkRDTUo0SDlPN2pSUXl6TzVCcXFra0dOd0FCUXlxNjc3TE5kR2RB?oc=5
YUMC,2022-06-19,"You May Love Eating At Haidilao, But How About Investing In Its Stock?",DollarsAndSense.sg,https://news.google.com/rss/articles/CBMinAFBVV95cUxOU3JOQ1dQdFd3OTRUZVlFck9JUUVhcl9FalVxRmNzeURKT2tTQURPY1hSMTU3cTIwX09IbmF2TEFlajZnR2I1UExTN1p5OHQzaDZmbEEtYzZnY1ZnN05qQVdIbm9hcEdBdHFqbEFiY2hmVlowQjZSZkE5a3dSdmVYSmZOTFh3Y2RDNDE5MkhxVjF2cTdtdnFqX3VtdVA?oc=5
YUMC,2022-07-21,Yum China Announces Groundbreaking of New Supply Chain Management Center in Shanghai,PR Newswire,https://news.google.com/rss/articles/CBMi1wFBVV95cUxQektQQmxGa3FmUm83X0dQU29uaGJqNklLZjFON3lqQXBmNWt6Unlla29WWEQwdzRsVGZnaWZFaWRuRHBLVUU1SGFKOVRpV2hScnQxaFlZd0JIU0VNWUdJamtualRXbndnX05Sa202N1FmeFluS1ZtQ0g2enVWUXRfLXhGX1NmZm9WbFdtVXROZm0yWUI5bmJfOC1GV2ZOVzVDUF95OC1Kd2otczVVS3VxNmxoMXltRzZkajdZbjJVd0Q4dG1KaW85ckxLNUIxaWNpdEx6bFBUaw?oc=5
YUMC,2022-07-29,"Alibaba added to SEC's delisting watchlist, shares fall",reuters.com,https://news.google.com/rss/articles/CBMinwFBVV95cUxOUi1rSGlsaE1hQWV3Q0tqbU5nTE1XdEh3cXpJMF9yeFpXbTlodnpyRjhXOW9fZk5NcWJ6TUNvdzlQVWx0SnBvZGJJSzJMdXRaRlUtNEVEZDRQWi1vNFFPYnR0bjJJcDhSMmNKS0tpRlVrZGdXRExmZm1YY2oyTkxMV2R5cHRYaGh5elEtNFVneDFyd2RnNkN6c0Zza002UnM?oc=5
YUMC,2022-08-01,Alibaba had the U.S.'s largest IPO. The SEC might now delist it,Fortune,https://news.google.com/rss/articles/CBMikgFBVV95cUxOc2NMTHhoTGRQaGlQLS16M2ozd2lSSjBMOUNmUjZORUFzQjVrYnBwQkhLUkVSTG1TQ1BWcVdZczBta2pyVWJ3dkRfaHFVLVBQUkpNWmRQTExLVG9hR2NXd3RXNngtX3ZEbi00Wlg3bDZPU0otRXBrLWh4Z1dKR2hsN2twX1JRaWItZGZBNmVWNVNWQQ?oc=5
YUMC,2022-08-02,How has Covid-19 affected the coffee industry in Shanghai?,Perfect Daily Grind,https://news.google.com/rss/articles/CBMiT0FVX3lxTE1oLUh1STIyNUZQb2RBVHZMNDZxdVVVVS02cDl6aHZPNkE5bVEyZFNnck9NUnEzaVlLWGhqenRwblY5Z0dhbHVGOHBWVVRUV2s?oc=5
YUMC,2022-08-06,KFC starts selling chicken feet and necks in China to battle soaring costs,Business Insider,https://news.google.com/rss/articles/CBMipwFBVV95cUxPaDJiNmRVTV9FUDR5OHdPbDd3Z092TmNRMVhsU2xmZnNLV2RpRENWYmc3YWVKNW1rWnU1NTdGa2t2Wkk4MDRVYVZuUkxDcEtZWnd2QlZ6MzlweW4zYWljeVNBSm1rSEJqRTNoSENiTERWamN6aVRtX0JyWFN4UW5ZajVQMUZLYUFEQXpaTnplYk9LNmg3V3NkZWxyUW5HZDJPbU1DMm9rMA?oc=5
YUMC,2022-08-08,Yum! Brands (YUM) has what it takes to satisfy investor appetite,news.alphastreet.com,https://news.google.com/rss/articles/CBMilgFBVV95cUxQRTREMWE1U3g1T1lBY2w4YlRlbHJ5empJVmt5M1Jfc3FCZVc4eGh0UXN1QTVRclM2MGZaeGVLckFHUHY5UGpTYVN2aXV3OUhnRXNMcmt1Q0JtYTdpeW93VnpJOTZ4SFktZks5LWpIOGt3dGJaMFFGMzBwWjl2U2phT0VHY1JPMEdvR3k0THFpWUhBZ3RuM0HSAZsBQVVfeXFMTjdtQU5YWmdKMXRwS1N6d1B1QXQtMHMyY0k5aHNYclQ0dTdnd1JOZGxRMUxZQU1YUEdZVWk0eGlwbGVZRG1SZzNQUHdHMlNuOG9FS01rTkt3RXN6T05JRzZJSkx4ZGRha1ZuXzBGWU9fb19uckNOQXM1c0JsZG4wLXZQOHhRZFZDaDg2REZwYVRHQ25icndTNkY3dUU?oc=5
YUMC,2022-08-11,"Luckin Brews Up Hot Results on Rapid Expansion, Diversified Footprint",thebambooworks.com,https://news.google.com/rss/articles/CBMinAFBVV95cUxQaG9RVGpkVDh6cUpIdmhRYVBYSDJiTUVQN2lhTkZTcG0xZ3haaVJHXzFHQlZZakE3LXhTTUc4RjZycXZJeGtXUUZHSnA4UTBOVzFwcjBtRWtXcHBhSUVyS0ZucWlKRFpyUFlRcUw2LUtKU1gwT0RpaC1Md25mdWotdmxCdmpDa2JqVFItUldhWlM0UzQtVjRfOUdnYlk?oc=5
YUMC,2022-08-16,"More Chinese state-owned firms will delist from US, analysts say",South China Morning Post,https://news.google.com/rss/articles/CBMitgFBVV95cUxPSktpRlFENkhUU1FLQWpyRDA5YVI3V2Z3blYyekJBT2t4WGtsZ292SGxXYjFSaDl5WUExLUZxd2VrUUx1dmk5Y1JoT1REbVE1T05rTnMzWlZSa2hzX2VqWlh6UEkwUFRJRG5rcGc5a1ZPd243bktEN01GVUhPcDY5Y3RvRGwwUUlzam1lbTRQSlpmcWFIVzRfUksySmttMXo3VmJ6Q1JUZHNQSVR4eXFqdjM5UWxIUdIBtgFBVV95cUxNUGp5TFlLZXMtakRGLVZjOEl0OFhvYVdfeUFteFBweGhLemlVSmdZdmhjOHRSNzRyU19DWUhaNmRhXzNVOVV1M0prRVlkVzVLM1hFMDFWSTByMEpSaXBmQ0ZkM2wxb2NhLVgzY2xKRUJwV1FJOWZuVzZOakRwUTA5dFI4MGJYWl84VGFTcHlhYmFEbHFoN2VWZkNCRC1hNWR2eFRETmNIU0RFaVFxOTRMRzU1QWpCQQ?oc=5
YUMC,2022-08-17,Yum China seeks primary listing in HKEX,Retail Asia,https://news.google.com/rss/articles/CBMidkFVX3lxTFBobWdZVEJ0N283bDg4Rm44TjlDLXBXN1hEZ1ZxUWlLTmhjVUZBUVM1aXJrNnhPVmwwR3VuQVhNVTBmZktwWERJM0E0NDRmQ3gzbFlEcTBEajh5amVCYWNRRjkzS3lialVfUkpobkFROEN4LUlCTnc?oc=5
YUMC,2022-08-18,Chinese Firms Leaving New York Stock Exchange Could Be First of Many,VOA - Voice of America English News,https://news.google.com/rss/articles/CBMirAFBVV95cUxQOTQ1cm5PY0xDRHhJMG0ybTlXamhEc3I1c1E4SExFcDZFNkI5NHByOFAzRDBwLXBfVTBsVDhDSnV4ZlRnT1NFN0lUUUFJVlp6aGxwcnpFTGVvTEY0Y0o2ZVo0bUlKYU1vX1YwSEtyZ1NNVFo5ZjZIQUFLNE9nTVV3ZVA1b0w0cm0xWXJoZFlSdTRmOGdXYVZZTXJnaG1vOHBTZFFzdGxUaWlTQTZG0gGvAUFVX3lxTE9qcDdndFJaSmVBTURKZGdEVW9WVUJLclVsdTlNejU4SUMteXQ5ZTE1OS1uSHNoV1p6WnEyS2NxMUJ6ZXlYY1lwUE1JY0ZhNUxJUUJObzByb3RMTWtfWWtJMm90UHFZdTZCSTc4V0gwbUJ4YTAzcXJSckFzSTBZTUFXVFU0QUxzYzcyVFQ1OHdFd0JMMFh6VEVhZlVabVB3Ymo5dFpmb1hDMVEzVURGV0E?oc=5
YUMC,2022-08-26,U.S. and China Announce Deal to Share Audits of U.S.-Listed Chinese Firms (Published 2022),The New York Times,https://news.google.com/rss/articles/CBMid0FVX3lxTE1XZ3Mya1ZPR0tuV3NEM2RrTFFLdDFNVlI1UVRsTVdhdUt2bW5feVpROExySU9IVi14RGR4aFhCcHVWZ1hnQXNGX202X3ZZQmg4R2xfNGh5aFlZUzRiOXhVNVp6LVoxZDYzb1VjaHJ4NFlBSy1sUzJN?oc=5
YUMC,2022-08-31,"EXCLUSIVE U.S. regulators to vet Alibaba, JD.com, other Chinese firms' audits -sources",reuters.com,https://news.google.com/rss/articles/CBMitgFBVV95cUxQbzQ0UUMxMHRLRW5rRFNaRHE1YmlKX3ZfWlN0U25KZ1RxMmR5TFRDc3lZekhsa1NycFNzRjlRTjhEb0duWFUzdkhWajh5bDJjeWFGMlh2YWJxUldXWldhcGtRWTN2TGI0ck9DOEpIWHE2dGltbUdha3RVa3ptZGczekI0cFlfVDZuNnBNTmRYcHBkOXNqVDF1QWJVY1dUN0R3b0h0UTBtQ1o5N3htTUtjOFBBbE5kZw?oc=5
YUMC,2022-09-09,Northwestern names new trustees,Northwestern Now News,https://news.google.com/rss/articles/CBMickFVX3lxTFBqaXF0Q2VuVWVOVEpHVUFNeXpEMEVla3JJcDIwbWdKZ1V5WWtMbWZZVWNqNjgwdzdKWDctWUVTVWtXSXlxMmhJRkZTM1k3NUFXMG5BQzI1VnRPcDNSSHh0UGYzdFRzQWt5cTd0RW4zSDk2QQ?oc=5
YUMC,2022-10-08,China to include eligible dual-listed shares in Stock Connect scheme,reuters.com,https://news.google.com/rss/articles/CBMiswFBVV95cUxPN3ZiUHVFb1cwcEpadC1jdUpBVmQ5UGVmNzZ5ZTk1ZGhCUVhVQ2lXZE9qdDFMLVdMTzZxQVZBc21NdXRYWmRrZDd2VDZ6WW5keTYyRUVSN1I0WWhTZlpObmZIME1teEM1eHdJRGVHV3l4Y0lKMXRSV2wxQ3o1VXdaTEE5eFNkTzBIOS16VUJvTW8tY3hxaHlGN0l1VG1iTTRjYUwyRlcyWTU2RlRLbVZYTFNwSQ?oc=5
YUMC,2022-10-08,Shenzhen bourse welcomes eligible HK-listed shares to Stock Connect,news.cgtn.com,https://news.google.com/rss/articles/CBMixwFBVV95cUxNNThscHVFOWE3SUN1blZvNzlLV2hWTGlISHhUYXBjZi1jYzdZbnBfTVhzN0tSY2RyRV9KQmh6LVBIUkxta0hRLUt6akw0NF96Njk3aVBDT0NLakt6VVBRWlBWcFVCQWpqRkx4Q1l6ekg5OVVvUWdCTUM0OUxhbmhtTVNTZWJNNi11M1ZMQy1pVzI2RHg3eUZ1eGhZdFh6bDhfVmVlNzlWUU84WjdYai1uNkp0NWVHMVJDVlpBelVzR1gycjlWbEFB?oc=5
YUMC,2022-10-21,Domino’s China Operator Makes Second Toss at Hong Kong IPO,thebambooworks.com,https://news.google.com/rss/articles/CBMijgFBVV95cUxNZVU5U0tGN0FOLU9hOW96VDIwU2R1MHFxR2wzbEtveW54ejVCRnd2Ti16bXAwc0JnU2hXNWpONkFOX04xSVZldTJEN1pRUlQtcVdPQlJlZHhERWtrWklmWU1zekpXU1ItZkJqbEJ2V1hSMWNQS2VoNXk1LVRnbTY2Smd6eEZJZUhzZmwxUTdR?oc=5
YUMC,2022-11-14,Fast food operator cooks up IPO plan,The Standard (HK),https://news.google.com/rss/articles/CBMikwFBVV95cUxPc0ZlS2c3M2FKVDQxbVFma2pwZjh6TUxFME15cTdhMDlMM1FDWFZiR2FjVXZfSTU2NWdrbW5zSUpDcGFDOGpqZzhnSVQybE1QaE5VbVBYSUQ5RnRveUhxMHUtMG1SQkU2UUduQlZLN1djRjFSV0U4ZjktbWRyMmJVbWRoaHlJbkNHUFl1T0FieEd3SVE?oc=5
YUMC,2022-11-15,Buffett vs Temasek: who is right on the prospects of chip maker TSMC?,South China Morning Post,https://news.google.com/rss/articles/CBMi4wFBVV95cUxQZXd6QVVnSGNnZHRhQU1ZWXU2QnBsRWtsVmV6TUhlQWpmWnlmc0p6R2xPY2dfRFphTmVobUx1eFdaYmJjbmczSW15RjBKZWJNU0l6SzZpWU1LTEVMa2I2OVlMbmk2QUJfRWZsYU1WSEVyT1NFTnJScHBsWTdoengxak5ZRHRmRWl1bmhjQTRDbGtTWlF1ZDU3U2dNdjVyQlpWaWtUUnFlbHFua0JDdjM0UU1hLWduOXVsMnJGaWphUnV4c2l2RnhxWlJMTmVRREVmTTFRV0ZfOWJkSHVSSy1XeWVya9IB4wFBVV95cUxQR2Z1UFVFVjZPN2wxTUNuOEhJckR2dlc1d2M2U3VxNFJ2ekZaNHNQUVh3QlYzd3JfVXdWZ3IyZ1lnQjluV0V4b1JVX2lDejk2NUF0OG96NDRiejdnUnlBXzY5SE5kQzRZQVpoU0d6Zk1RRnVSSk94bkdxWXZTR3lyTnFzMFFVdG02dDZNRi1CNElFYUt5U1VQRndTRkgtUjYzRlBXMGVSa0JjZXljckNLYnZJV2JQMFV6Um5OYmhzOHlGRVZsVkhhMWRTX21BaFVMbms0R0kwYk5maEVadWp3ampwYw?oc=5
YUMC,2022-12-15,U.S. Regulator Says It Has Access to Audit Papers of Chinese Companies,WSJ,https://news.google.com/rss/articles/CBMirwFBVV95cUxQYkZSajRDbkVpdy1WWmN2WmczSFY1RmtIaHFSN3pHelNnTEp5b2VrdURXVmxUYjl2bWNaano5UWZ1dWRtRlZ6LVNtSGk4eU1iQzZ6SGpPLUR4M1FUWWZiRGE4bHh6UUlXbGV1dkFsOW5GS0xLN0o0RElDbVIyRG9lQTVqWHk2SHFUYnRpNExKM1pVTG5FaloyeXIwVTU1MDRoSTlCOTV5bFhRMHItY2dR?oc=5
YUMC,2023-02-08,"‘Worst is over’: Pizza Hut operator Yum China to open up to 1,300 stores",South China Morning Post,https://news.google.com/rss/articles/CBMi4wFBVV95cUxOM0dobUlMV21qWG5NMUpxQ3dFczExUjFqN01YU1hRWW1Bd1UyRUdrZU9jal9TODBIRTZqMDNvRHB0c2huQkp4eHFkeFU1NlVqWWxNYUVRNlo1b2F5b1NaVExycEZGMGVaSEgyQzJQcHpqSGR1ekVBVFgxYnp0bFI4THF5TmRJdU02UVh0UWFPbFVwV09yeC1LeHkxNDlVWlIwLVlRWWs2bVJQYnNXM3ZIUlNhYzdaSkNINGFWUmFneUUwbHdob0ZkWThUOF9LVVVOWEZSSUEtTk5ubHlGT05EbnlrZ9IB4wFBVV95cUxOSjdhYy10cDl4OXVsa2hQNDZwYkdWVWdnWjBvYzFEUTFJbzZDaFFmNEdoVlMwckZRLVcxejc0dko2a2VQZ2hldWxHLU1jLTBfNHJseEZPaWFESDRka3Fta21OSGxoWXNxS05tdU5wVkcya2Zyb2tnOVp3ZnhRM1p5Vmh2QXFHUllNd3lvSWJUbjRQX3l2TEN4VlR3cTU1UjExcl9Wb1Zsei1LZ1dNaDJYNmhlX1l5SmwwdS1rR1FDcDNVbHl0ck9kY3p5ejZCQ01fWUFlLUVRS2Q3RWFXX2t6RXVEdw?oc=5
YUMC,2023-02-10,CX Daily: China’s Slumping Office Rental Market Faces a Steep Climb in 2023,Caixin Global,https://news.google.com/rss/articles/CBMixwFBVV95cUxNOUVwUVZyRm9XYmgwNWdPOGRLUlpvOUlmYTRGa0FfTnBWWXBUU0M2YVZvOFJTZklSRXBPaVFQWWxOMDhVRUlJU3p3WW9yXzROcDJwNmVoQnZuLXdMbnI2eU5oSDhRRjhYYXhkSS13SXlQNUFCUTBBNi1ZQzRzWEp4UTFDajlVOUpFRDlrZzhfTXgzV01JWUJKaWp2NGR0cm13WEhLcDJnVEpHTTJsd25ZYnZzQ0JBM3hidFQ2V2MyLVJtcWVaWEM4?oc=5
YUMC,2023-02-10,Tim Hortons Gobbles Up Popeyes in China,thebambooworks.com,https://news.google.com/rss/articles/CBMidkFVX3lxTE50eUVOaUhJaXUyTERFaGpsVmIteko1SzBWQ0JxYzNRdTc5Qmh5NnlfV1lKVlkzVjVPa0xXWFkyTkJEUERLLUlxdE9DRG9sbUhuWXU0aHROR2JoN1lVcm1KVHVycm1NUzRUUWZ3VzZEY0xuWnp2ckE?oc=5
YUMC,2023-02-15,Why Boring Businesses Are Recession-Proof: Stock Market Strategy,Business Insider,https://news.google.com/rss/articles/CBMiuAFBVV95cUxPa3BBc0twVzlrNzBEVTFZS3RYSlF5bmYtRkQxS3JKcjNqXzA0MFphYnlkSlhUZlZUclgwNmk2TURZRDRMcWZkd2pIaW1EVUlRQUNld2ZiMzNXNmFTdXRtc2ZJM250VG9Cay1YMmtXZGdwNW5jSUlnelB3X3U0OWc1dE8yWWZEYTVSdkVOQzU1bjFCdzZKR0VLa2hFNXR1TDhlc1Qzdm5iZTFya2k1QURMVzRIWXRiN1ZW?oc=5
YUMC,2023-02-15,Ray Dalio’s Bridgewater dialled down most Chinese stock holdings last quarter,South China Morning Post,https://news.google.com/rss/articles/CBMi8gFBVV95cUxQaEpqUWc2U3BZZG5JeVhUcGtZWlhYMlBZOEVoTFpZMDdmM01JeVQ2SndBaGpwbWlGT1JZSUVTLTF3VW5EdnhZakNYT0NuV3hqRFpmMUlaNjhNc2VQZDJSTVNEVDk2Y1JDNkZyRDlLTDZOQzNCMklKcHh3b2FZRVNOeUtDblphanZVUzY4V3MzdktHNGpKeUJvWVQtZDdRa3hxTVJaUXNuTW9hZGh6LUxoOThWb0VONGx5NHQ1OEh6ZlRnY3Iyc1RYS1VVQ3pUelpsaUsxNVdCOGlGRUJiQks1TEZwQzZVMTE2cHpTRnd3bUlIUdIB8gFBVV95cUxNY2ZzYmgzVTdsSFpDQ1VNaEpnUmF0cE9lTGo5VENEZ3FRVFk3TllKU1Q3enJoY2I5a0sxaFlJQ3VTVXlsT2FaYlRmZlhwR2pfR2lUVnZxZHNXRUVsWVczNjNBdnVRc0hFWVNoYUhBdlVCX2ZVdHUySWtFMkdoSkhveFRocXQ3UWRXLUt5ZTBJdzhIdE1TaWxQTnhoYTdEVGNUcnpwWl9fVFBxaXVxT0JHTUdMWWpGSW1UaHgtZlp5QzNsZVROQktTbWtxZk9PNWxrRWxnQkRWeGF5UXlwWnRYOTNvTlB0SmV2TmI0Q3VkN3lJQQ?oc=5
YUMC,2023-02-16,Singapore’s Temasek bulks up stake in JD.com as Didi drops out of official list,South China Morning Post,https://news.google.com/rss/articles/CBMi5AFBVV95cUxOTDRnYV9LRzFtN2tVZjdDU0ZLcFRrZndRU1FQdUtpWDNNeVZlZS1jQzQ5a2VlWE00M1NDMUpVQmExZW45T0ZaaFdOUko0UDBCbWFESm5ZdU5veGJWbnJBRUpIVTBUWU9IS0RPQnpjRTUySW9kenFiNmxpbTQ4d1lha1FLWXRLMEplTzFXQnJ0ZDVBQ3ZNVlVETll4TVdLSjlFNTl4bXJhTElqeXcyb1ZBakIxekRjX0dIcGdVSG03b2VwQkVZT2Z5TExtWnVfcGhpMDV5QlNiNEFXbklQUG5KRHZlVjfSAeQBQVVfeXFMUE92SW5Hc1pVMnVZWkIwNjd4bC16bzNLWVZqTExxS1ZJZE9VMXNTMlRwRlBEZGpzWkhENkZ5NmVQQ3AzUzFVRXM5T2ZpOGhsdXdQSHVyZlVLRjNZMDN1RE9YSTZ4VGVxNzFNNlZmNi12UlpISnVrQWFnNWplRnFRUWtnVVg1NVZQcmU3eXQ1NV9GcEVrR0FwdFh5Wm44T19nVElzazRwajl4Sy1CYlRXeWo0MnVKYXdwNlJnTGo1UUFMVmpUUTZPZ015Q1FIcjRGNlkyQlJvMmQtNldzN1Z4NGlCNWFK?oc=5
YUMC,2023-03-07,"Ginni Rometty's memoir recounts her father leaving, deciding to not have kids, and weight struggles",Fortune,https://news.google.com/rss/articles/CBMiiAFBVV95cUxNX0ZERnBCbVJzMjlyaXg5X3RPbHF6OGltR2dlc2lCWW9xdjRCUWFvM003cnhBdElXc1ZleVRYV2tqZkxoNi1VR1pDSnBhaUN4MzFpTVlNbk9Md2FjSWY2MkppY0pheHI3SG1mT1otSTRxblowWmtwSEFrdDcyXzRKMnBjMVZPRlgy?oc=5
YUMC,2023-03-14,Chick-fil-A Heads to China,24/7 Wall St.,https://news.google.com/rss/articles/CBMieEFVX3lxTE40VmdteTBtR3hlM3FGTllkTC0ybEZYd1I5VFlEaUdCeERmRFNwMkt3VjFlbFpBaGV3OE11RTRnVjBHUUJnYmxoWWczTWswb0V2ZHJxQ0ktdDN3M3Z4WU9rVzE1c1ROY1pBUjNJSjRQR1ZkTWtjRTZVQw?oc=5
YUMC,2023-03-30,The 2023 Power 50: Scott Catlett - Louisville Business First,bizjournals.com,https://news.google.com/rss/articles/CBMiigFBVV95cUxQNnRRQXpkYTVIZ2lwc18tNmp2UUw5QWctX2ZpcEJXSmdlYUlETEdGU25OSDEyYnJHQjgtMzE2d2NTZE5NYUdpWlM3TmJ2NG9meFhHQzhoazVGV2hXNUFGQ1RIQVhDZDZfVE01Rnc1Q3REdDhTX3NudGJtblE4LWQ5TzZlX3g1RWVaSWc?oc=5
YUMC,2023-05-08,Domino’s China franchisee DPC Dash turns up the heat in aggressive expansion,thebambooworks.com,https://news.google.com/rss/articles/CBMipgFBVV95cUxOT2MwV3dZUFIxSkVENmtZVExRS21NeENGZEFtMGM0bnJoQ1VTenpwTG1OQWVpWERCYnJlOVdHemN4N19jeEw2dXVYMUlMWEpsZkdkYzBrWGlia0tyNkU2ZHlQSmVJcEFjNFhRcXlNVE1YTE5rS2ltdlA0S3BabnVCeWlGcFV5UlNJamZMWHNKbGQ5WE1xbG5UMGo3ay1zYlVoZ0xhRlFB?oc=5
YUMC,2023-05-17,Jollibee SWOT Analysis (2026),Business Model Analyst,https://news.google.com/rss/articles/CBMiZ0FVX3lxTE5Ib3NVMEl0OHNfYXlRMVZoMUx2RzUtMUdiLU5BWXNWcWhWMUJPWjdRQ0VfSGtWcUxKTk5wMDNjUjVFZnRiSUdIOHI3V0dTdVk1SzNQaUotdW5kQ3FVZVlYeFU1NGVIVHc?oc=5
YUMC,2023-05-24,12 Best Chinese Stocks to Buy Now,Yahoo Finance,https://news.google.com/rss/articles/CBMifEFVX3lxTE1nNWZVQ2lhZTJZQVJnNXVUU0RYZGVsX3JudEhfRkVHZ3R2N2pzNzdKRzhKeGRrc0s1MlE0UUJ2N25MS1BpVWtFZUNiRng5OFZUaHJUZTA2RXJjTkdjTE5Cb05jeU00MkMxZmdtU3IxNGhpVGoyM2hrVGctZE4?oc=5
YUMC,2023-06-04,Morningstar says buy these 10 cheap stocks that will generate steady cash flows well into the future,Business Insider,https://news.google.com/rss/articles/CBMingFBVV95cUxOaGkwLURvcUYycXBFZVphU3FNZlRoZDZZZUFrd2hqYi1UQVR6MWJEaFVMMWRJX2F2cDJTTTFXTXE1d19mcEl2U0QxYW84R2V3S0NqSkNiU19XRzd5T2ltd245MlBuVC12OXhJRGpEZDRpMm9LMDF0Mk5Hb1VsX3pMTXNzTGVRSE1CNVQ4b29kLWNwQnI1SXptdGN1ZDhDUQ?oc=5
YUMC,2023-06-05,"How the ‘Amazon of Asia,’ founded by a Harvard Business School dropout, landed on the Fortune 500 for the first time",Fortune,https://news.google.com/rss/articles/CBMijgFBVV95cUxOdGY1NHZEUUs0bk9LdXpNRjJTQ3BFdHZwMFI1enFNdGl2MFZoYVA0YTY2aHNlN1VkcW0tS0xTd2Zkc3NCM1hNd29naE9lZmZEc2xZWWFRSEJZOS1ic0ZkVDRMTGR4bXBNSkplNFhicTZKM2s5MDNrMkt6S2F5ZHh2UkR6UkZaTkFDZ3BMV1RR?oc=5
YUMC,2023-07-12,KFC China Celebrates its 500th Store in Shanghai,PR Newswire,https://news.google.com/rss/articles/CBMipwFBVV95cUxOdlpqUTlOUTQ5TFRpY3RnZzNpUDlkWFBXQ0V2aDcyTExnOTN0ekdfRlZaZ294dzNxZFpwUlh5MTFod1lfaTlwem5VRXVmVEtHSVBfUm9xbVNSSG1HaUFCS2pVMzU2YkI1NFRTcF9HVG45dVRGV1paZlctS2Q4dUIwVHJrN1FlTFFqcnJTVFAtdWlyUWtuVm1Gb2M1T2tRemhMQmhGS0tNbw?oc=5
YUMC,2023-07-17,McDonald’s China owners seek fresh funds to support Golden Arches expansion,thebambooworks.com,https://news.google.com/rss/articles/CBMipAFBVV95cUxOempCWFlVNXBEYUlrajNOT1BYcERTOEVMZTRRYTZiZmxmV1AzamNrT3pYVEpQWWpKYmRfcy1IUFRRdmVQbTZmTHFIVlRPZnA5Q1ZzR3BDZ3lybUM1NlRwd1RvTWhUUlRQUzNQcWl3MVc1bEl1Q2lyRHR5SHIxN3RvU1RGeFd6bDljcmsyclJQOTd5Y2ViTkRhT3A3eEpYb3ZqeUpRZg?oc=5
YUMC,2023-08-04,"Digital sales, new restaurant development benefiting Yum! Brands",foodbusinessnews.net,https://news.google.com/rss/articles/CBMirwFBVV95cUxQWUdGcE52YTJrbjBpT1ZjcXk4OUFScWkydWpKUVc0Z3BRZjdaUWVoMFZNelFyQ1cwMHRkUGtPRzB4WExBTV93WktXQV9VUG5ERkF2d3JLYnprS2VWU3NMeHFZWmNhYmpZTktuRjRtR0Itcm5NZzVlX0NOUjdkR19KWHgwU09LTG9pX0NBSXV6Tm1vYXE3M0M0UDJTT2tpb3lmMENHeTZJeWo5ZGxvaURV?oc=5
YUMC,2023-08-21,"Market Highlights: Here's a broker who's bullish on China, and did SpaceX actually 'sell' its US$373m Bitcoin?",Stockhead,https://news.google.com/rss/articles/CBMizgFBVV95cUxOSzFsempMSnpJUEhORkk0SUtuUFRUSldsRUNNQWdCNnJ0Y0MwUkdxY3lwRUdVZTA5VHdPbGhvSGhpUlZNTUptaEJXamZFbFJwOC1zT3B0WVlEVVp2RXg0TUc0RUZSWTY4aEZiSkg0V2FwY29memE4ZzBwU016TmJUSzFhOGxXQ2dkOFRJNGVneUE5OG1aaEJET2tLQ3ZXcGRrWXctYjY2aHNzTnBwMWVSTGJLRmt0RDd6dE85X1FKdTcyWGdLSUE0NlU0eF9ZQQ?oc=5
YUMC,2023-08-24,AI is so hot even KFC and Williams-Sonoma execs are talking about it,The Washington Post,https://news.google.com/rss/articles/CBMie0FVX3lxTFBNTG5TeGdpMWdGZ1pUcUYxazVlNkZRemxpN1lXdEl5VW1TS0ZPem13LWhmSG1idnFBWEZQNVZxNENvYVEtNWVoenVIQUttYk03WmNDU3JoTGZVMkEzeWE4Q0lYa2VfbkgyX2d0Q2swenlzQXJmSVdEYzMwcw?oc=5
YUMC,2023-08-25,5 Undervalued Chinese Stocks With Moats,Morningstar,https://news.google.com/rss/articles/CBMigAFBVV95cUxNNk9zdWRkbzBWazc3R091X0dTZDBTOVVucmdtcGpjc3V2VVI5YmhGZldCM3Z3RWZFTXlLUXc2ZTJJZ2lEUGdxVVhBTTZIMUZqS3dwWkdWSkJ2WC12ZEdUOW1ha3B3Vzc2TXFPTnAyZkh6QzllZHdjb09hTjZnZGt6RA?oc=5
YUMC,2023-09-07,China is in Trouble. Are Chinese Stocks Investable?,TipRanks,https://news.google.com/rss/articles/CBMikAFBVV95cUxNYm5wcjZ4RXNHemd2RXltR3ZobFl4dGVoT0w4VlBBSTVMUExHSWhwMTBPRG1aRDhKR05zc3hodmtnalNQeTc5SmdTbTB1OW5lcnM5d0dySnhSMTJoZnRxVzBhWV9VTmFFSjZOZWVkeVJEdk1MN3Fhblp2dzVINGltZVdEdDVFaWZSZndCdU1RZzY?oc=5
YUMC,2023-09-15,Yum China says tech investments let it open more stores without needing more staff,CNBC,https://news.google.com/rss/articles/CBMipAFBVV95cUxNanlndmppUnB3U3h3cTkwbnhxZGEwdm1kUEFHd19vb0NuUktvSHNaOE55b0xVd2RsTnhySkxEYTc4Y25Za1ItMWFvcExGZzdMZjV3a0I1Y1NnbEQ1VmpVVWpvU2JCRGJJQ2MwamdOYTNsYTBIT2lwNDRVVWU2ZWlVWVkxOURSbmJUMFNXaG9ob1Q5YVI4RzNkQ0h1YUY1N1BET3FvQtIBqgFBVV95cUxPRF9SdVhtMFoyVzlhUDVNdkhNTnJIbWR1MlFmblN6c1pCMzdRLXo5TXNsM3RIVnMzUDlmbDVqVlgtTTNSSXhVS3pNYkdsZ05SQXJXcDRGZWtSeUJ1d0J5ckhPYUlBWUhMZkdEOW11U1VzY3JsQ0hGZVItR3VjRmM1ZUloeEE2YU5rN0dFa085aFdOWTlYSHFiTmhBck9CTGhmZFQyNkpPd3RqUQ?oc=5
YUMC,2023-09-15,Pizza takes slice of fast-food sector,chinadailyhk,https://news.google.com/rss/articles/CBMiWkFVX3lxTFBwR2lTbWNLOVlKSmdscDMxYUFGeVZ4UGluOU9hYU1UcnlZaTlCS21SN3p3Y1BqVjR3cjBwUEVRaVhGS0xscUFmVFUxV2lsYXdLZE1PeVBtdG41Zw?oc=5
YUMC,2023-09-18,Yum China Gets Bigger in Coffee,STiR Coffee and Tea Magazine,https://news.google.com/rss/articles/CBMiggFBVV95cUxQRXJmMFBXTHVsNzZoeHNNenZTWEo0MTJkSXhmYUFaRUdwYlJ6U3A2NHFqUlVwdm5lYzA4RVR2M1ZFRWJoVVRILWJDSDFrdUxKaWhMLUlZM1VDTU5CeWtRMWVWaC1fZTJHRWhMWHpkSVlCWDVaUDJEUE9CNXlWWllaLXJR?oc=5
YUMC,2023-09-25,"Monday's Top Wall Street Analyst Upgrades and Downgrades: Arm, Costco, Deere, Home Depot, Walmart, Wayfair and More",24/7 Wall St.,https://news.google.com/rss/articles/CBMiswJBVV95cUxOOF93UzBiZWlobUhVbUNPQWVXbko3Y2RJbFZZX1Q4dTl3czdhcHZaUnlOak1pVlNGdGdabXhsTDlNdnE4XzBna3lQeDJNZkp4MkMwRzBLbFg4VEw1NXJTNkZJdE83S0FsTjItUVJ6N0hBdGY5UmRIY3N6U2RCWGJTb01peW5WaUFfcTdlRnNXUU1KWjhZZDN4ek5La203RlJKMzdHbjVra296RFpBdlc4VDVIOXl5VVZnWTdOLWs3MmgzVkt4WkNqTUJkajU3SU1XUk9UYTZ2TElNRDhzSkhiQnV2ZkJrMmthZGtaV1lGQS1ROVNBLTgzcUJIQm80ZWNxandTeE80LV8tWkN0ZGZnMHRsdjdRaE5Dd3VwYnl2YTYwNVVnbkFvUy1McGVaVnloZmdR?oc=5
YUMC,2023-09-25,Still Huge Growth Potential For KFC In China,valuewalk.com,https://news.google.com/rss/articles/CBMie0FVX3lxTFBOQ3F2QUZPdVdpOExEY3VDbzZDdEdzM0xndUlRMFRRcWNfQnBXcUtYaC1VcFVha0E0S3FlbjJjWTFTUkZYYjdIVUNRYVhSaWtaYlR3cVY1Q2FzaTBPMnJxTXB2TmVpRHZaeVp3a3VieHYyQmU5VXd4cUdwTQ?oc=5
YUMC,2023-09-27,"Nio most shorted Chinese ADR in Sept, says Morgan Stanley",CnEVPost,https://news.google.com/rss/articles/CBMieEFVX3lxTE9BUzVfZF8xQ2NXeV9janllT1NlWC11WGhiV3VVbUVXcVZMMDBWQWg3dGhqaW1qZEtTUjlGZnRMM29jVFJ0TnBkYlEzdVBnYzR5ZXdkTDM1bGJCdTZtQ2RyRElBT1Vnb0EyWk4zTmdnVTVFU1lmX3ZxQQ?oc=5
YUMC,2023-10-03,Hard Iced Tea Surges,STiR Coffee and Tea Magazine,https://news.google.com/rss/articles/CBMic0FVX3lxTE9CQklyaURncy1KSDF6SUpYQW1OMWZtVkdUQW9nV19TOHFqSVh3ZjVENGp3c2R2ZWxNbnIzaV9VLTNYc2pyei1mcFQxRkR5OEZWYmRnQ1lNRmtoOTJvQ1VZd2VPNHpnQ19ud2djWU5nTW00TnM?oc=5
YUMC,2023-10-22,Top 15 Chinese Companies on US Exchanges,Yahoo Finance,https://news.google.com/rss/articles/CBMifkFVX3lxTFBidVF2dEhRS3lwMWwtTFROUnBKLVR4SVBLQk1xTjJ5eDJMUTVTdEJGQV9xcFZyTjNKVkpvOEVLYjZ5UFVIaHFqbmVXVmFFejhJM3dRcHJPVktaaTNiQ1JVQlQ5S3dxUGhpY1IwVU9udUZUQUxKblNBc1ZaOUdnUQ?oc=5
YUMC,2023-11-02,Pizza Hut’s U.S. Sales Are Flat. Will Later Hours Save the Day?,PMQ Pizza,https://news.google.com/rss/articles/CBMiaEFVX3lxTE44X1VQRC1uVGJTOXhKVUtkMU1CNmNpTENoSldIQUNrOGNnQm9pU1VBSUJkblk0QXJSaW1weS1qQVRQd1ZoYmZhSklmcUkxSVNUQXloZThqMXU1NVVnUXZ0R2Z2SllWWUFp?oc=5
YUMC,2023-11-14,"Bridgewater sold Xpeng, Yum, TSMC last quarter as hedge funds cut China bets",South China Morning Post,https://news.google.com/rss/articles/CBMi5wFBVV95cUxQbTRXMTRZSkQxMmlXSnNLck5ya2VhX2Q1Ymhpb2J2cFU0ZkROZG5DN284LTBLQUxURDFrQjR6bUZqTER3U0dGemtRbTVDNU1aaGdEcF8yVzJBcTA3VDZzMmxRbVY3YXoxNDFFZVQ2M1JmQW5tNy00a3luZ0EyOVdJNUYwcU03SGhyUmlaaFF1OE1pZlEzdVdMeThCc0JTTEdOajE1Q3JhaElBRG9qR2VqZ1VZTWJNTFF3SWJ0YXFrRnFITzNnWnNjaGJyRktZR210ckw5SzEwWnI1V3lwUm1jejcxMkJJMmfSAecBQVVfeXFMTVZtOHl1SzEtOTZwQ0pGTjhFWDd2S2pkbXZaLWZUMlJwb0N0WFo1c0R3Tm9sSHc5MVFKN0FxeWc2V2IxQ3R5X2hlY3FiWUxUaVNFSHhUTUdVX0VBSWFTWGU2MjNpdi1waTl0UUEyWDd0M3RkYUJ4c0VKVmMyRjBsM3QySFVPTklQLWVpSjZncGRFQVZkTDhqWUNoWFR6dHdaNGhwbFJ4eU1LRU1VNjhwaXVnQXg0Q1Vaa2J6ZFFlOW81QzBFTWx3VXgtaDJTQ3JadURGNGJXb0FFN295aHhYRmhZVzE5VUc0?oc=5
YUMC,2023-11-15,"Singapore’s Temasek, Saudi’s PIF back China’s consumption stocks, filings show",South China Morning Post,https://news.google.com/rss/articles/CBMi5AFBVV95cUxONlNDMTEtYXNPZ0JoSVpndm92bEZ2bUN3QTVzNENrSnczZ0paUS1fakdZcHplMHNoRGI2eFdNYXFvMlhEUXRJVFJoWFNqX2VUNHU2OWZ2d2NOSHFYakMxeXBkajJyUzBJRkE3cWlUT0hIZTRpdXRmbm1ZUnZ2cWZhcHhTX3hBRVRVY1BFTWRrUldjbzFxakg1S1RDd0pEbE1jRGNBVmxLRTZFUGpNR0xpbDVfTUd3MnBiZEhUalVybGVqQmlMZEVhcFhudmdFVWk3clNteWllT05uSGRER0RmNk16ajPSAeQBQVVfeXFMTTJsRi14aHRSM2hlRWVZd0k4RTlvUDU1SkpySzc1RlFKWGNkVXdKQTB4cXJmMXFtSHFpckZLd2lidVIweGYzUGRfSmhDQ1ExMXo0aTVwWjhld3JTa3VDcEw2VS1zUV9UeGotSjEtU19QemM2ZG5iaGVZbUdxOTVJZV9BM1VpWHBxSWVreVFxWEJEVWhiQ21ya3pjZFF3dGRSMnBGMDRWWS1YY2Nta0Y2UTNRV3AwcE56U0hJd2U3TGZtU0poWmRMd2I0SFk0Nk5ySW9nRVhmbk1sM0R1US1iLU5FZ0ZQ?oc=5
YUMC,2023-11-29,FLCH: This China ETF is a Hidden Gem,TipRanks,https://news.google.com/rss/articles/CBMifkFVX3lxTE5qMlUxRVZQTjhzdV9rYXk1T2k3X1pONklQaFI5Wm4zdVE1RkVaSWwyNU0zTEtKaDYzczZycHJzdmZnSVUzNEtUTDRmRktmcExQVUxmMmxNalJ4VU1HMDk5UmpLRlo4dlo3UkpCcE9PQjQ4a3lLWE4yM0RucmpYdw?oc=5
YUMC,2023-11-29,"Joey Wat, CEO of KFC China owner, explains China consumer spending slump",Fortune,https://news.google.com/rss/articles/CBMingFBVV95cUxNcFVjLVBTb1ZFSURoNXVuQWxHaEdHcjFhTFFxc2poWU9tRXNzeDJtQVlqQkxtb2F5VGppNl93YmZfRXlpbkt4cndLc1JWN05XVURrdWhPOUw1cm9YTHZNT203dElkM1VfWUZ3YVE5V1NTX1J1RnU4c1lUMFE5NzNMY0o3cXRjQkxSaVZ1RUUtWUY2ZUVFclcyYkhxUjA5QQ?oc=5
YUMC,2023-12-06,"McDonald's plans to add 10,000 new locations by 2027",qz.com,https://news.google.com/rss/articles/CBMiakFVX3lxTFBSclFuRGJEVUtBTGNHdnFmTVM1bU4yLTJhWkJwS2p5NVZpcHlyY2VtY2pCLTBsWVVKWnlrQUhIekNTTVpSRDZHNHNyM3p0TXZCUkVpc01qN1dFVDlqbmdoM1h6b2QtVngzVXc?oc=5
YUMC,2023-12-06,"Leadership Next: Yum China CEO, Joey Wat",Fortune,https://news.google.com/rss/articles/CBMicEFVX3lxTFBDQjlmSEZrblJzUDdzWlZHdWlXMU0tUWlFR2dtQWZfdHNta2VSa21UVU5oekRmV1psUXNMN3gzMnhfeF8xSTVhdVpvWGhYQnU3NE9wbFVRX0JzazBBUmZjRmVMTGFHall5MlR4Mjc1STI?oc=5
YUMC,2023-12-17,11 Recent Spin-off Companies That Hedge Funds Are Piling Into,Yahoo Finance,https://news.google.com/rss/articles/CBMif0FVX3lxTE00cktOOTNWeGUzcGhUYUZtb1lGZE1Wbkk2MzUxUUpaX2ZwSnU0QUhfdkxFTDhBNG55UUdrejd1V3g2OTI0Z05sS3kzR2V6bklsbzgtWXBYYy1uUUdhRzNWVl9LV2QzYmZxYlFjQUhRRzEzNTJJNi02N3VwVElLdjQ?oc=5
YUMC,2023-12-20,Yum China’s CEO on Chinese consumers’ incredible hunger for foreign brands,Fortune,https://news.google.com/rss/articles/CBMinwFBVV95cUxQX044ZVQzWDR6c1MzWWVuXzRyaVR1UEQwd3V3WGtGejNVX1pYNHJ5QkVFWXI3M0p6cWg1cUI1ZTVfWmlwazFhZjhlM0tnZ1R6a180SzlVTF9aMDhxV3RUMHJCMG4xT1k1X2Q1V0JjU3lRRXF6Q1VFMW9xUFZONEh6RlNTMXFFeDJ2NnhsUkxKQTVoRTkwTnRWaVNKaXFDYU0?oc=5
YUMC,2024-01-09,Fast Food Industry in China: Yum’s Expansion in China,Daxue Consulting,https://news.google.com/rss/articles/CBMiT0FVX3lxTE1mMlBzdU9peE1mSF8tY1F3N3ZhaVJDYjFKQUUzb2NvSG1Vb1JLWHpXV2w1V1dQXzFUbVZHWV9fS0ZJN1JuMW9UOV9OX0RqYjQ?oc=5
YUMC,2024-01-11,How China became KFC's most important market,CNBC,https://news.google.com/rss/articles/CBMijwFBVV95cUxOaG1rOXo1aWF3TTlab043UHdwejhoQjdIVlB4dkNMeUIxTzA3UWRTNE80WEtjTVFER0JpZjhBUGJaY1FnaWZUUUdUaUJETFBROThJb0h1TlhNWjdlTWVSOTE4Yjl0ZUZndUVGdVo4eWVOZnFkVWM4WGRhQndZNGJBUWF1Smladng2WlBqOS1JZw?oc=5
YUMC,2024-01-11,How KFC won over China,CNBC,https://news.google.com/rss/articles/CBMia0FVX3lxTE41TDdEUEJDUVdjc0ZHMGJoMXp5WGQ0OW81MmVCZDh4a2FvTmswVzhvOFcwa1I3UU9TQV9hUHphSGpOeWdPd3B3d2FESlRBbVJaUjdXVGk5M1kwUFVoeUk5ZDlUWVpINGVtbkxn0gFwQVVfeXFMT1MtNDJvUTRkbUMzcmpOd0pCSWFqY3BXSkJtUUdhZXZlLVQ0UjdsNkVIeVpQOXUxQk1CRUFvSGpuNkNpc0ZVTE1KUW9nd2tNWS1FTTZYTkVNMUpLU2U4SHdxV0U5Y0ZFUGJUSjEybm5scA?oc=5
YUMC,2024-01-12,"TH International reaches Popeyes goal, but falls short on Tim Hortons",thebambooworks.com,https://news.google.com/rss/articles/CBMinAFBVV95cUxONW94ZVNxU2Nac2JhejBaX29vbDZmNTgycjNzNDI5Z3JPUFAxLW1TTy1nckRtZnFNcmh1TjlzVUlMeDRDVVVISlJWOTk4YzNlR3A1SkdwdVVsMWRDUE9IMGYyMmVaY1lETmJfblJUWGtybWd6LTU1TVJDdlJqUWU3bFJIMUdhMnI1b0ljck45QTFIUFd4Q2ppSFlwOTA?oc=5
YUMC,2024-01-22,The CEO behind KFC and Taco Bell in China says Chinese customers still want American brands,Yahoo Finance,https://news.google.com/rss/articles/CBMiekFVX3lxTE9pemh2cnBSMlZ4OC1DeXVRQWpjQ0w0WHRZcEdpSXl0NnhJV3BrVUJ2cWNjSkRDa0gzUHRXVUp2LU9Kb2V6OEJMcE83RjduMHViR2FVTGFQY2QwMmRtM2hvUlVxYnhfLUowb1R3Y2liMjNPcmZ5ZXBpZ1FR?oc=5
YUMC,2024-01-25,Best Fast Food Stocks (2026): Top Restaurant Companies,Bullish Bears,https://news.google.com/rss/articles/CBMiVEFVX3lxTE1xSGc5UXZjNlJaN2NOTENCNVRmeXhMZkRmX0x6UEtvUUYzckRFczJzTXB1Mnc1cFIzd3VCLU9zdnloT293dFV3STQ3a2JoR2tMQmM2bA?oc=5
YUMC,2024-02-05,"Yum China, Haidilao are top picks at Morningstar, Essence on consumption play",South China Morning Post,https://news.google.com/rss/articles/CBMi8gFBVV95cUxQRy1abHdURmIxZWxrLTJVTVNwUlRIN1lsUGl6UUlvR1diWXFfWm9hTFFaWG0xNml6QXZ5LWtrMUlkeTZydFZVd3BSeHhPeGJKWlhmR2ZGQVJnNVhkakR4RkNtTDByZU56WHZianJrZU5SU01RenRVOG9GckR2MTI0VnFTTUluQmY0TjdwMjRoUktmQzFGZlktWnlOeERMdHdYUGFNNUdweFZKX2tVdzMxQmczX0RGaXdUZ0dWUmVEbWwzMHRpZWJJRmlMaHgtX0VMZ2huMzk5bE9pUUpiT011M1N1cmQ5OHdDODVMNk15Q0tZQdIB8gFBVV95cUxPRHVKQ3NQNmdMRjhweU9STlRvVEpNV3I5VDBmTVNKN1ZJN05sT1JrdmlDSHI3UUlNUDdlejVTcE0zSlB2OHpuVy1CbzEyd2FuVjlYVVVIVVlJd0s3NGl1aUpwWFdUc0JfMDZmZjJ0NXFEQXJ4X1JQYVYxdEpVZ0ROajVoVnNrU09rUGVyU0hjMFYxeEJxZEtPbGFoUTE5TW10dG5fVlRTZWVLcjc4bnlMcVc0RVlUZkxNb1g1SHBILXhoRUNNMlJZSkMzb1hjYlpQbXZtZWNDZWQ1d2V6a3JGYVhQYk8zYU9zcU9hQ3BtYnlUQQ?oc=5
YUMC,2024-02-05,Asia’s foodservice landscape is transforming with AI,Food & Beverage Industry News,https://news.google.com/rss/articles/CBMihgFBVV95cUxNeWt1WlhaNkRZR0w0Z01KNVVmX3loMmNjc2VPQ3FWWEplZlBsRS1uclBZSURiVnJ4dG5PeTRZNG5INWtpSGJsQnF0YkhPcHVXQkJJNU9LWlZuOHRhUEVhYzZOZ282aEFqTFhZZGs2TW1kTFQ4OGNjMlBpQ2RYUXkwdjFSVmU4Zw?oc=5
YUMC,2024-02-06,A mega restaurant chain is on a mission to get half of China to eat KFC and Pizza Hut by 2026,Business Insider,https://news.google.com/rss/articles/CBMijAFBVV95cUxQbVNrelphamoxcmdwS0NsbXRidno2T3pGajJvakJPeVc1eHhUVmEwa3JEX2xBaEJNNlRsVVdKLWIzbmpxcUxIUzV1Mjg4czBLelRXeEx2S0Z3TVIyVkFTSm10dVM3ZG8zZEc5amFvLVpPdWczRHVBQWJpQlVyLXVnN0UxUXk3M01LNjZLaQ?oc=5
YUMC,2024-02-07,Hong Kong stocks slip from 3-week high before Alibaba earnings report,South China Morning Post,https://news.google.com/rss/articles/CBMi8AFBVV95cUxOX1hjMHJPWl9COF9wNURLVjdDaW1KQVZ2M0ZSWm9VUEdiVmhnYnBEUnpUYjBRb1V5MmhJSEdUMEdmeFFmR1I1S09qcnMtWVFrcnU1YlkybjYwQXNLNTJ4TjQzbTF1QWtuWkZGRTFSaUJPYU9BYXpNaFlTMGM3aUNYY0JoUmJKUXp1c0ItUW9Lc1Z6VFF2TDJMblNoS1BUc3dTUWFHd1hTNFlnck1zUnFCODR1dkNuS3QzdzFvNzBqN21Cb2FrQmtMSkFDb3pKd3JUU29XQkhiNlNWMHpyUzNHakJpZVpCbllqd1FkQS12RkLSAfABQVVfeXFMTjFDT3BrSmxCWElOdUt2UVVzblhJY3ZFWXY5WVlaa1ZIMHFYRWxuS1lmamgtUkd2aXJFelVkT1pUNUFjOU5kSkVNV0V1WHU5RjJrTl91eFczaDh6R3JWZGxWMk9OX01HcmZYc3ZLcDZfNmdULTBGYjVUTEFXV2IyeHlFVzlhbUEwWlJ5NHk1c1dHeXpsbkJYdmtPNGkxM2NPVjVKOXNTcjBtYVdrUkZoQ2JRdFZNNEtFUy1JUkJTWDVPSllRZ0pkWXF2cWdtRllWM3A3S0s1Umw4VkFoWW1lLTBSNmRrc0hwMjJZeFZNckZv?oc=5
YUMC,2024-02-16,"Alibaba, JD.com, and PDD Stand as Primary Chinese Investments Among Fund Managers",Growth Dragons,https://news.google.com/rss/articles/CBMifEFVX3lxTE9rTXp4X1ZPa2VPNm9iT2p2Nm1xNHVLS0VhTUZhOGo3dlB5dVp1bUEzU1R3ZUk1SDhzZG42SC1fSjhDTjM3bFdhOGtoRFNoVmh6cDBXTnk5WDJVUFpnQjBCMmJFRlRtYldoZjI2M0hKbGNhZW5tVThpQ1F1SEI?oc=5
YUMC,2024-02-19,Yum Brands Inc's Dividend Analysis,Yahoo Finance,https://news.google.com/rss/articles/CBMihgFBVV95cUxNb2t2S01kYld6MzdPbl9zcHlsald3NWVDd2NBQkdwbWJNMmFvZGxXa0ZUZ0VZNXBuc2JyRTQ2QkFUYUF0d3BvSjVYUVhscmRyU01acjNEUG81eGRkYmhqeXdGMEg4ZnlULWJJdklvMVJYNXdxS01WSndUUDVVV0lPSl9tXzU5dw?oc=5
YUMC,2024-02-29,Haidilao tastes profit success with budget hotpot chain,thebambooworks.com,https://news.google.com/rss/articles/CBMiiwFBVV95cUxOcmJqUkxzWWlVbE9FMDhYVHd3Y1JvblNRektWQnRzXzh3b2ZxdHE2ZGVFalIwMmpPTkpNYnZKTVRpVklMQmswRERNd2ZiLTJVWEx3VWxjU3N1UDlSQ3VLLWhaZElOdDg5bjE4Wi1mNmE3NW1hUU50TEc1THA0dlBMUHUxRktZR0Y3dWM0?oc=5
YUMC,2024-03-22,No Pizza Hut Stock? Best Restaurant Stocks to Buy Instead (2026),Bullish Bears,https://news.google.com/rss/articles/CBMiU0FVX3lxTFBfeGNIdHJYN3hULUk5UmZKaUUxS0FtZGppWmI5YS11elJoM2ktWEdPV1M3OHpEVl9kcUsycERjWGlGVDVfR19JQjl2SllJb1BSRFVZ?oc=5
YUMC,2024-03-25,3 Wide-Moat Stocks That Could Triple By 2030,InvestorPlace,https://news.google.com/rss/articles/CBMihgFBVV95cUxNdS1VRXVZdS0xQzlsZDB6SHlRY2FKMXg3dEhwemRUNEtOeDQyTmllT1I4ZHo5UHlYNExFeFNEOUZNWGJEaGR1SVM1U29ydlJ1djhRN1VwWlJsYmxNMWRxclktUzhUMzVCX0hFaGFmNXgwaVRHR19ZME5LdjlpY0l3QnlrbGhxdw?oc=5
YUMC,2024-04-05,4 female CEOs share the 1 decision that made the difference in their careers,Fortune,https://news.google.com/rss/articles/CBMisgFBVV95cUxPVC1mR05KbnZxRXZDNEpBVEtVdU1zSDlJckdRUzNBRjl1YTBUYm9Pb214Sk9CTW9UQ0NISmVabl9ZbEtuX0syNWVZZEZlLUdhcW93QmVIcHNSS3MzdEVLRmRJN2ZvLUg1enZsSE9HbDMxNkp2c2JoQVZ3R0lNUVJfTUVsWHg4QWR2UExvd0hRd2JiSWJicGFoQU9KMGRVWEhVYzNVUFh4b1lCOVY4enNremZn?oc=5
YUMC,2024-04-18,Where Will Starbucks Stock Be in 5 Years?,The Motley Fool,https://news.google.com/rss/articles/CBMiiwFBVV95cUxQemlpRHU2eGRudDVLYVExRVBpZlJoQW5QOFNVMFprOG9BbmhzUWMtdTVKSmRQbDE3N1VQSTJ2OEoxZ1hFb18yelN1a1g4OFRLUG5zNWgxTDdGWG1MYk1oWDUzQnNiS3dIX2lBWHJSMG1Nb0pKeUFyaEhROEdJeUVXcERaeUxibUJlSW0w?oc=5
YUMC,2024-05-08,International Wide-Moat Stocks On Sale – The May 2024 Heat Map,Seeking Alpha,https://news.google.com/rss/articles/CBMiowFBVV95cUxQYmtFQkM0bFVtUjBKYVpYT2R2NE1RQmFhM3VCWEIzV3BMNTlmbjhaMGtfN3hLS0dBajBtN1BEaExhd1B3bDRta2pqTkZTNFkxbUVJMTE3cFNLZVA2Z01ZS3JoRGJ0Mlk1TWZWQTFUV011WEFfVkdONnNON2RzSU5hUUl0OHp1aHhyUUY1YjBSdG5DTlM3MWFGcVF0ekZmZURTQjg0?oc=5
YUMC,2024-05-14,McDonald’s Apologizes Over Reports of China Food Safety Violations,Caixin Global,https://news.google.com/rss/articles/CBMivAFBVV95cUxORHVQanhfRk1zSUF3ZS1aMFZLQTFqeFpqYWlnZ29IN0tpV1Fsa0JGU3NRQW9PSngwejJBYVNKNE0tSHdNZUFQTTRETl9HRFNqdGRhVFB6STZSd2ZtTy1qVzZBdG1obm9ZRlRsZnNOanJCa3VJQktWWTk5Qkl5UWhZNUpNcERHWGo4ck5BMWdzckhiTTR0Y2lQTkhIQXpzbTJhd3hfSVF6d0xpZ2dFbEE0MWh3MWJPTXdzZXVBeA?oc=5
YUMC,2024-05-15,"Bad timing? Hedge fund Bridgewater misses bull run, ditching Chinese stocks",South China Morning Post,https://news.google.com/rss/articles/CBMi6AFBVV95cUxOVExvLTFZNEVnSENGWlFHOW81alEzOXQ0c0RKMmh1bnE1c05LRGM2NkJQbExmdTdjd213ckhJeFJPVXdhTG52TEVCbDBib25PRlp4cklxYTlBR1l4UlNVNWZVR2x6cGtzQkFmNUJibnk4WjNGZXdQM0FLTE8xUUM4RTl4bkw0YnQ5ZzQyMTlEckJNdjZBLXkwc3V3RmhtZXZneFlNLUJSeFYycF9YMVR1Y2gydTVqeFBibUc2UXg2c2wzT1pJWGd4UVFvZm9ZQmxqQko2VDdGSGFZUjJlSnZWZmJ2SVlyM1Jm0gHoAUFVX3lxTE5vZDk0UFJBX1Y5TVlydVEtRTJhelNpQ0F5TXZEWHFZYWhQdU14Nm1VYlhIMVUzQ0JGSVJyd2Q5LUtpMlpEcEkyYzl6dHJ5VXJGWjBsVnEtdzJvU194S1VnWU5LLUpPUE9tdGpxYXVrWjJiZmtycDlXVHlfRGRyZU1qV2NSSDIwZGFOUGpZQTdEbEFNWGxibEJaeUQyLWs0WGc0cVZvYjVlQm1nU3JFcWZ4VmRPYk80SEpHWGdBb0t3SUdGVVBGZWRTQXVHdXQtTUxzTmNlUVRsS0s5RldteTRCZ2NJcGV3M3c?oc=5
YUMC,2024-05-20,Australian investors snag Hong Kong bargains as share prices surge,AFR,https://news.google.com/rss/articles/CBMirAFBVV95cUxOSUpqX0tJOGY3QkRUMVhSdmp5VnBtVzR2eUd0U2VqNG05TEdGTjJIRmVodEZUWkNDXzdqNEV3SHVSZmxtNjR2OER0dGdYbWlyVDZnR1l1THhTRFprWjlEOWYzTGNvM00xUFdHQ3V6amlqWkQyS0hLSVJEZTJLYXNQSjM1QWZHaHh0V0ZrZlIxTGRFSTlMV2x4ZUgzdF81TXNFUHh5bExXcndOX3c3?oc=5
YUMC,2024-06-06,Chinese fast-food insurgents are beating McDonald’s and KFC,The Economist,https://news.google.com/rss/articles/CBMipwFBVV95cUxPbThKTnQzamRyMEozYjdSbW5mcU1XYXdyX212dGxrQkc1NU9PcUxmZjJqSUF1WkFSbDB4SGxPSmFhZHlhZ1oxU1poQ2xKLTdJVFNuaVljZUFsdTRnRkdfNlNCSHNTUWZWQ05VVjd0ZG5CY1JvSTRZajJUdzRNbTBEN0RkazMwWXFPV2MtclBkNmtGQnEwa1I5NVgxUVYyZV9PUTgySTlsdw?oc=5
YUMC,2024-06-11,Jollibee 'not writing China off' despite slowing mainland economy,InsiderPH,https://news.google.com/rss/articles/CBMijgFBVV95cUxNQVlaZVloTm5KMGdJMDR4M3dPQ215QXpDYmFfeE5OVW1pdFFRUk1ZWlBHX3phakV4UVltNTEyVUNyWUxUVU9PNzQ0ZUxWazhHWFpGWHVhaVRKWXZDRGNGdDZjTnBjMndvbVJUZ0hVZlFpUmhsMEhRUHlWNWt3T2dwbnBXMDVhcW84TmF3aE93?oc=5
YUMC,2024-06-18,Exclusive | Bridgewater’s Dalio urges portfolio diversity amid US-China rivalry,South China Morning Post,https://news.google.com/rss/articles/CBMizAFBVV95cUxOY1JfXzdzLVhFbFNDTE9ZTzlFb2xBUHRWVVVZT0JhS3AyRnk2TzlRTF9NZ3NZMC04RndiOUs2Zl9ZMFpMVE9fUzhxYzNzVkotemUtTnB5cV81TW5NUmg4S0xVWi1oaGFDWWpaRUxhc1c5bGdCbTZGZTI1QklOWmhsTm40SDgxazRYalRjemVIV1FYWFY0Qkk1dFNCcW83X3AtbWsxb3RRcnFNeURGNW9UNnlTZFZ1OFREcUU0TmxvVE4zNHlyRnB4VkVGMkPSAcwBQVVfeXFMTUR5Q0xXZVMySF9SSk1RZndxRWVtaU1qODhwVGt5WHFzYU8yM29DTW8yTThDVGx5eWNLMmtDd0tqRXBQX2JWd3l1UFlEOTdrd3pnNTYtZ3RSdlRYWWV4Q1ByTFJyOEIyd0dvend6eDhVQUdrZDFNUUdVX2puRVZ0NmNCOTJXczJnekREVnFOd2NZTVI5UHN4bzBOSDFndE1zUnY5S2haTHFnNHIxZEoyeTlRczRfSlNMaWttMUhkaTFUQ3JHeHZUSGtTZnA1?oc=5
YUMC,2024-07-01,Restaurant stocks begin the third quarter with another drop,Seeking Alpha,https://news.google.com/rss/articles/CBMingFBVV95cUxOejBHT3hHV0tkOG5kWVY4WWZaYklYaEhTR3VubXVjYjVpSF95eERDOEw1TzlINnNCcEt3NUMyUE1oLTZoUEgydlBHQS1VOEMyWWVuLWd5M1p0LXhENHc4bERFR2xOb3NVUWFfN1NlNHFpdGM4MU9VZDJHRzhFZm9hQ2RBRlVNb1V1dDFZX3RELXprc0NGbjJ5Y090Y0FCZw?oc=5
YUMC,2024-07-02,Yum China's (YUMC) K-COFFEE Opens its 200th Store in China,Yahoo Finance,https://news.google.com/rss/articles/CBMiekFVX3lxTE9SbTlmZ0o5MVgwajlOdjdNR25HOGY5Q200dnJEMzkzT0tzYlFWYXhGVG9WcXNrOG1zdXBIaFl3WXZobHJnZGwtRkZiQi11MXQ1QTJub1AyVzgzNGVIVEJ2d0syZDJLaGw1di1mcXZYUVBlUHVoX25UcW9B?oc=5
YUMC,2024-07-09,TH International dumps Popeyes to focus on struggling Tim Hortons,thebambooworks.com,https://news.google.com/rss/articles/CBMimAFBVV95cUxOVUpqM2h0bU9WUy00WVlxdmI5X1ZHaE94TnFQSmZzbms2WnpFUHhsRzExRmRtVTJnTGp2QTRPaXRZak93eVRuRWZyTHlHUVE0dDdvRlBDaHROZS1VVi16MV9XZHV2Sm5fU1FQellVbnlfYkxqRXM3RG8wc1ZNSGl3cTAwazQ4cWlMTHFUWFFNT3ppbE9QU1VjVA?oc=5
YUMC,2024-07-18,China Isn’t Done Tormenting Nike or Starbucks. Global Brands Hit Local Competition.,Barron's,https://news.google.com/rss/articles/CBMif0FVX3lxTE9tVlRVQUp1SlRsbmNHRDdCZWJKb1o5TFhsS2pSRFl4Z3RaeWwzaFRULXZhNEdYY2tSUXZEUkFVZmRRbGxoLWtJcmhOVkhLX2xmc0t3WWl3dlpsZ0ZKUUxXUXcwbTF2TC1TWExjVHVwVm5Zbnhiei1YXzZERXVCSmM?oc=5
YUMC,2024-07-25,3 China Stocks to Buy on the Dip: July 2024,InvestorPlace,https://news.google.com/rss/articles/CBMigwFBVV95cUxPeG52bmZoNEltX2taV1RTa09XNjJwMVFPSGVteFF1ZFduT0FlMHlFYkRySFVmRkhwR2ttQzRvNjkzU0Rqb1JpblZPemk1REt6djRtblRzUW1vSFozY29tbVhra2V5ZFJ1eWs0OUkxanRKaXpWUzBhZzloTlRyekVPM0Vxdw?oc=5
YUMC,2024-08-05,"YUMC Stock Earnings: Yum China Holdings Beats EPS, Misses Revenue for Q2 2024",TradingView,https://news.google.com/rss/articles/CBMi1gFBVV95cUxQZ3BNOHlwRGVDRDBRVGxhX01JLV9pYy15SERXYktmV3luNm1mX0dxWml5d0I1WWV4ZHphaXVXMzdtek1mUXJWRUxTcGlNaUpxV1MybHh5VWxJSkN1UUtVOUVLd2ZkcHZVUkJkSGs3UFlPNGpkV1hfWDhTSHR6LVExRHVkWGhaN09mX3hIZ01ueENOd2tpZGVQSDN0akVZYm1xYlVnTnMwcjBEa055a3l2cFJfYkRHNjB1aWhsRlg5cV9XejMwNFZycXh6Si12WkZ3UzhHV0d3?oc=5
YUMC,2024-08-06,"Stocks making the biggest moves premarket: Palantir, Caterpillar, Yum China, CrowdStrike and more",CNBC,https://news.google.com/rss/articles/CBMiygFBVV95cUxPeUdyQjM4blhQQnRSV2EwWnEzT3pOekJ1MEZtVVdidmxFSExmYXFOeVlrVHdXRkxUaUsyd2ZFby1jSThSdmgtWnlsREI1U0tqR3RKQVZVb3NRYzVsWG9NQ1lzcVYxdW4zb2pNRGY0UkxfYnZKOHlKS09oUHM3Q1g5ajNhUkNqR21iMDVwdzBXaHlfOXdPbWs4UDFIMzZ3M2NvNktzcmRpRnVMVEQtT3gxY0xubi1GR1VFSlBPYnQ4aWNrNnRaY1dYN1NB?oc=5
YUMC,2024-08-07,This CFO plans to surpass $1 billion in full-year revenue by digitizing the construction industry,Fortune,https://news.google.com/rss/articles/CBMimgFBVV95cUxQQm12WU1fa295X21NcU9tLUFyV29YXzhvcHJhVEhMWnA5Zll2bC0xaEFnUkFDTURHb2Mwa29yQnZHYmZWSlVreHNfR1ZaWnV6NTRfQ0JnRmJ5RjVpTm5yc2VYdFRNaGlpd1VRWVRjTVU2dnUxVzJxbmQ4U2pMS3RjZnBPSHZKV2J2RHJUeVFxZDUxeGlKd3FaYWhn?oc=5
YUMC,2024-08-09,"Yum China serves up profit, margin growth despite challenging consumer landscape",thebambooworks.com,https://news.google.com/rss/articles/CBMiqwFBVV95cUxQTmU4RjcyM2JWR1puSGVtMVZvUmF1MHVBUlhqRVZaTHZoYmxVRzhEQzhJaGJpZmtaeC1fR0RPODlhSkpQalFRbV9wWkhnZE95Z3RKSm1ucmtNUlY0bUtfWjJKVnJUcXMyUW43YTduS3pqaWhham5Qbm1TWkItZFVMYnE3Z0U3MVE1akFJSHd6bXVaWDlCa2ZpQkZXXzVoZVh1T1M2YXIyQUlxSEU?oc=5
YUMC,2024-08-14,"Chris Blumas Past Picks: TD Bank, Yum China, and CGI",BNN Bloomberg,https://news.google.com/rss/articles/CBMiswFBVV95cUxQVjJQb2ZMZktDcTBsZjRMYzFYalRxNW1MSWt3TGJCNXFQTlJ4TUluRmdodlJUYmhzaHVULWtwcHJxUXpWeVp1OUJWai1QbTNncGVSSWF0VTdrSkZlZ2swSHZvLWpzbFBhRU1jdFBSakliampvMC1MQUoxM28wWFBHejNNSGRuVUJjQ2Z2bWE3d21pQ0lCc0lPNE5Va3NfY2t5RHRXcHdhX0gyR0FKdW9KdzA2OA?oc=5
YUMC,2024-08-16,McDonald’s vs Yum! Brands: Which Fast Food Stock Should You Buy?,Yahoo Finance Singapore,https://news.google.com/rss/articles/CBMiggFBVV95cUxNUFdubEFjUEV4YjdLYnhuampUdFB2ci1ndndtY09GM3RuRUJWU01JZ01KT3RGUXFlVlVUTWU5ZDU1bjV5amVubU55RzhZeTRCZ3RqNTlJTjAyS0ItckVLZDlac0NCNmdFVjRaZ3RJc3NJMEZ6RTFmM25GRVU5TWJ6SVNn?oc=5
YUMC,2024-08-29,Tim Hortons' sales take a big hit in China,Restaurant Business,https://news.google.com/rss/articles/CBMiiwFBVV95cUxPZU5qc3RCOU9JdjRnenJhQWdxclVoM09mRXNLNm9NNUdxWHBuQkF3cy1rc0luRl9vZXV3UUd2UGV3cGhDNDMxREt2dHZMbjlzM21fRml3SVZtcURyMDBDdGRNSXBiZ1B4YXhwYks4dnl1Z196LVFzNFY5eDdoeUZ6OFM0VnZ6S2J2aDhF?oc=5
YUMC,2024-09-04,DPC Dash finds savory growth in China’s underserved markets,thebambooworks.com,https://news.google.com/rss/articles/CBMijwFBVV95cUxPQnMyRHZpQzJuNDdROTk0cDdGUThLN1VOOEpOSjl3eWZ3bUlNaG8wczdsVmpsaXlkdHBIcTVhUy1zd1pORDk5eFhmTmRhM0pfRlFhMWVvdGN0STNwMTZ0OW42UTgzak1tWjFuNGZyMFoxdWlUNlRkSVgzOWFvc0VzZlNIRzVlYk5qVzJFM25Rdw?oc=5
YUMC,2024-09-06,Pizza Hut adapts to China's sluggish economy by opening cheaper stores,Business Standard,https://news.google.com/rss/articles/CBMi0AFBVV95cUxPTURrdGVZSFc2Tms2Y1FwaHRkM2IwQnFKOUNGWE5mR3ljekpsQkUtdlM1Zmp0V05rTng5Rm5uRGJCbkNodTBkTFZlZVRGQ2d3alFtWXZQdXh0MUpBNmNUWlhVQmFwRDZWVFpkcm5MQUZmbVBVOFE3ZWZTQUVYWG1xcFVJNlZBdnY4MEFjb2VGTXpGbzV5cW1BX2czOW5XcUY2U2RMYVBPQndGa1o0Z2JjOEd1UHlDSFJsU0hoYWZJRUtTRElGcjdxenZnYjBITWhi0gHWAUFVX3lxTFBpMVBsTUJLa0MzZmFoaXc2SFZ2N3FRMVlXNUxHdVlHRnNkMDNJaVQ2NURKRkE3M1BnQjVkeHB4T2Q3UnZSd2NjN3U4RFhEMEFtSGUyNXgyX1NvbzNSQkE5c3hOcDZ4MUlEREtfajVKYkpjcDlpOUtLbTJXQk5reWNZVFZfWkdZZktxdTdiY2VLcXVHUTBpMFV0Y1lSc204bGZaZ3A4ZEZtek1obXU3WEQyb0EzUThWT0dPZVQ1Ykc4ZS1VX1haOGdaSE16RWVMTXVtbkxIN1E?oc=5
YUMC,2024-09-09,Six issues Brian Niccol will have to fix at Starbucks as he takes over as CEO,CNBC,https://news.google.com/rss/articles/CBMiqAFBVV95cUxPUnllZGw3aGg2V3FnTHhQdFFwRE1DamowY1A1b0syOWxfTk51UjA4eEI4MVVtRFd0N0RycHhhZFlPdnVRdWZoRnprUjB6a3FIelBJZkVKaV9xbWlyc2xGbm1ObURxbERwa2hqTmNXTm14S1NBWHJDZXN3bWhqSGk3dmgxQTZmZ1ktQnVzOG1od1Q1cmVEOWZKM0VPLVF1YTBPTGFxbDVMMDjSAa4BQVVfeXFMUEMzeDhrQUtRU1FKTExDVlFJQTAtUi14b09EYnZMZ2hwbXhEYVBUQ0VVcjBVWWdUdFNfckpyTUFfX290X1oyMEpOS2R0SWtodzJncUtHdTlFMk81bmJiUXVuOW00RDBzR1hWVjVDOVpkb1ptcmt5dUR6UXN4THlzeUtJRWVIRWFrTUpRQ3lUWnZ4dUVWb3YxWnlfYkpDLWtzUi0xQi1KSlRnSXZRVGx3?oc=5
YUMC,2024-09-10,Western Brands Are Leaving China. American Fast Food Is Going All in.,Business Insider,https://news.google.com/rss/articles/CBMioAFBVV95cUxPNzhCUEFuZ1cwZEdtdWpRejFYSGtrWXhYUWtrektOdk9QMGllQ1l2MV9aQUJ5M1RWUi1qT0M2M21lYU94d01GellRTHlURjl2eUVqMmpTNWRjTUZsbjVEMEN3Q3pQbWdSNVh4bDdqdjhGcEpRbnBMSVNxazUydnpSNzNZU2Y4OGprSm5qYXNaLURBRXdVczZMNGpzd040WVFN?oc=5
YUMC,2024-09-30,How Long Can US-Listed Chinese Stocks Keep Climbing Under Stimulus Policies? Key Stocks to Watch,Moomoo,https://news.google.com/rss/articles/CBMisAFBVV95cUxOcFN3eE96cFoyaThHLUZqT0VRNlNsVHFKNGlSZHBlRk5NTGh6N0p6YUs0bXNiWXNDQmJQSHFaYTNaRlNXUXRRQU5UMFo1NWdqOGZPNmhkX21JdFBTaGQ2Vmp3Z0poMkFjQUViVmNwU2dVdVJIdEVNdnRwYjVrUC11eElSQ09ZU0RESE03ZEswTGRQNjh5RU1SR213dWRPWUVxYjlmZHhGQTJZRkVSMzNxNQ?oc=5
YUMC,2024-09-30,Tencent: This Cheap Stock Is Still a Buy Even After 50% Rally,Morningstar,https://news.google.com/rss/articles/CBMijAFBVV95cUxPaDk1SUx0Z0Y1ZGJpQy1BXzNxbnhnZlg4QTlUTUxJbklSSUs0QVEtMVJvZ2FOb1FadjEwWGJPS3VPV2JRR19ybVZUWG1CYjhScWNVaktZR2xXclZFVmRXUm03enhiR191enlOZWJjZHZYSDhRalBlZ2dTRm9CSGNBak9ubTdTcThrdDZEWA?oc=5
YUMC,2024-10-13,Budget brands are winning in China as people turn to cheap food and fashion,Business Insider,https://news.google.com/rss/articles/CBMimwFBVV95cUxNMGExLUFlWW1zZjJYZER5aURaT3FaU19fU1JGc1NmRzd3ODdMQ2UxWExvaks3SXlveEpaM2dCblM1cEFsdHZBT3NMcUlPX3o1czA5bzRUMDBGWkhOdWtRX0U5NzZ3Q0JrRkM2al9yZmxTVlE2cXhkODhmdE1rOEM0VWF0MjhfdzloLUdWN0xhOU9rMmxhY3k3TklfSQ?oc=5
YUMC,2024-10-18,"EXCLUSIVE: Scott Catlett, top Yum Brands exec in Louisville, leaving company",bizjournals.com,https://news.google.com/rss/articles/CBMilwFBVV95cUxPUFAzZnJkWi0ySTI2ZDlKejJPOEhYdEU4X0xXcUM1eFNGaGxUSUtTZTJnUUtKT3ZDX2t1eE84RkhVbE56VE5xNC02OGhwc3g4RmtONHBqZ3lPWWxHOW5aN1BTY1hiVGhlTjFGVTJaa0tIcWc2Tjl1b0s2MVRHTUVTTVYyTXJDRXh3am1zYVJFaUZSU3dnTzFV?oc=5
YUMC,2024-10-28,Build-A-Bear taps millennial nostalgia to send the $486 million company’s stock soaring to a record high,Fortune,https://news.google.com/rss/articles/CBMizwFBVV95cUxQYTg3bkRCUVE1R2JGTlEwY2hnZUxFYjZuNU5WbFJjd2sxaE1Ob1F6SHhyMmlrZFRib1B4NUhCb2FVRXdWTlhhZFplSFBudnJuQ2hWWHpTODhHLUh5WjBBSnBXUWVwc285Y0tKM0l3Qk1jX2lkQVdfV2stdGJxUGc1bWFlVkI0Q1ZJc1NxTG9iT0R2eXRnZ2g3UU5uNWJMZGdjNEswenVoNTlndDJHNEhDUFh6dFF6bFUwNllsRTdTZXBwaGJvZUR6VDVjU25jR28?oc=5
YUMC,2024-11-04,"Locked in overheated battle with its clone at home, Luckin eyes expansion in U.S.",thebambooworks.com,https://news.google.com/rss/articles/CBMiqwFBVV95cUxNNzcxSGVmVTF0bVFmeUcxNmthLU5GUkJOVWU0dUh1TjFRMXFBS1plUkUxSFAwUWxXVDF1YkhoSDR4YW9EOGdUeThkVG1yWDlaZjlyT3ZHbmhleTUxWHVVNG12UUZobzlXUVpFUWV0NV9VU01OSUlNYWNmVEthVTN5Nl9GQ3g1ZHBwZU1HLUNkUGJrbEYwTGxTZy1VZllUZEUtVTdYZ21ORENoX3M?oc=5
YUMC,2024-11-05,"Yum Brands earnings miss estimates as KFC, Pizza Hut report same-store sales declines",CNBC,https://news.google.com/rss/articles/CBMid0FVX3lxTE9aeUxiZ1BfX2lZbE42SWRZV0kzampQY2dnUF9sa3F6ZXFyTXUyUlVuMWpkWXpSb2w0Z2gzOFNEVGlVMTRmNUowS1hnY1ZiMG5JRFZENDhHQ2pSZzZuMkZ6UldmbGhMS21rZ0FXcWNPamdkbWRnMXNV0gF8QVVfeXFMTTBBN29nSlJVMHpWWjdpOWp3RzE5VndURHljY2daT0I2Wlh4VlFCVGJidzVPZXdQU1I5SEM1aGh1U2VTNi13ZTg0akI5aHJ1T3RSTjgzRTRuQXc4S01fd0c0QTVSN1BiWDF6V25PU0pkYmYzRkEwVk14TnNMaw?oc=5
YUMC,2024-11-05,China is so crazy about durian that it's now Pizza Hut's best-selling pizza ingredient in the country,Business Insider,https://news.google.com/rss/articles/CBMihgFBVV95cUxQNjB0R2wtemJLLXdlRUc4Tnd2RnhJNy1Mb1U4VXFsR3lRUVh6b1FUZUZTY25HZFJPX1k5TnExVnJpZ0VJODQ2M1ZpdkpPMk53WHNHd05MMzl0YmJET2YyNXV6T0VQQkNaSXZ1WVQ3bHN2bEhqekJyOWxYeU43ZHNFRWVzSGVqdw?oc=5
YUMC,2024-11-16,Trump presidency's potential impact on stocks of 6 companies doing big business in China,CNBC,https://news.google.com/rss/articles/CBMisAFBVV95cUxNWDY0TzdGQU5HckdPUnBmNFFyMllSMWc1WTV4akZ4cm1uU1BFcE9NaWNsaDJwYnd1WFNvbDVRRm9WdG9rUVMwcnRuN3h2OXBUdnV0RGtKSGp3N2tjc1pELWJYQjFKUndocTQzbl9XQmpsQ2pzX3hPRm9lZTRLaDh5dXVKTTdCbzFUQmVtOGRwdU9neVlSVDQ5YjFXV3pDTXh1NU5JUnBtWW1HVWFPWmdILQ?oc=5
YUMC,2024-11-17,China's KFC and Pizza Hut CEO said she spends hours watching her customers eat,Business Insider,https://news.google.com/rss/articles/CBMirwFBVV95cUxOalZoSFBGMExZRms1ZlRKelZlclNkb1IxT3gtYzVCRTdZRWhndjM1cWdPVURMZGVQV01HOV9yY0J1Y1VBT0VUNGt6RUdHMUVHVTR1SGszWmhtc0dQbnU2dUVmU1hYbV9kYW5ULUZlWFJxWVo2ZEdBLVhEVXVpLWxBeG13LXNtOW9NS2ZYcm1vNjhfSW0yd3RmVTUxeU8zY0ZwWnQ4Z1RLLUl3MXB0YnUw?oc=5
YUMC,2024-11-18,"Martha Stewart, insider trading, and political ambition",Fortune,https://news.google.com/rss/articles/CBMijgFBVV95cUxPUDJDenRPUkltQTBocTFBR3g2Wm40em5TMUJXbjJFVnprSWRraGQzRlNwQm5UTkFIUGV5MWlYN3NzYTlMdFJxSzRsZkZEdWpqSktBdEtsLXdqMU5vR2ZvTVg2a01lYnluZjNDTFpla0ZXbjlMZS1LRWhEOXpGblJCNVgtOENQOUF4U1NkVFBn?oc=5
YUMC,2024-11-19,KFC celebrates 1K stores in Guangzhou,QSR Web,https://news.google.com/rss/articles/CBMidEFVX3lxTE0wV1pSRTh3YzlsLVJEbFJSQTRWV01RcS1pNm4zeENfTkF5MnIxWEJnRl9nTEVEeFZPdGExR1g3U0R1eUIxM2J4RDlaWXcwZ0tJTzc0Tk9YR0lueVI5WmpoVkZfUHE2ZjdQZ2ZoRWlmc2h6SlJO?oc=5
YUMC,2024-11-21,Yum China CEO: Innovating to offer customers 'emotional value',CNBC,https://news.google.com/rss/articles/CBMipAFBVV95cUxNNV9rdFhmZ1BObURncXVkTmlsQmlRck5sRTl3Sm1MS0JxWFZ6a3E0V3lDNWx6Q0xTdzlWU0c4X1V2WkZadk9vWUlMUlM4UzN1aWo3TWFvNUJNWEt1aUE1dFdVcThaQkxWMzBKanp3VWlUWTJ3RDd3bnQ2X3p4b0c0eWt2bHBmNS0wZTZSVko2Mmt5ZWplTUtoNS14YTlYeUJ4NFJlYw?oc=5
YUMC,2024-11-21,PSC LIVE London Global Summit – Yum China’s Howard Huang,Supply Chain Digital,https://news.google.com/rss/articles/CBMimgFBVV95cUxQcldKb1d6cXkwdFhwdnRfRkZ3WElER3pjWUsyb1k0SnhiSFFsQURuVUd2QkdoZ1FGcW1oYUlsOHZpd2wzc0gxTVExQVdmaVRTaW85MVpQbllMbmwwNmw2a1hPZThHVkppQ194WXk4UG43MUNsZDJtSUJqWjlvaDMxYUhVZHI2bVBsMk1EZVhtbFEwd2VuYVRib1JR?oc=5
YUMC,2024-11-23,Fortune 1000 Say-on-Pay: An Analysis of Shareholder Engagement in Response to Adverse Votes,The Harvard Law School Forum on Corporate Governance,https://news.google.com/rss/articles/CBMizwFBVV95cUxNaUs0cFNSWm1iSE1pMi1aMllJeHQzV3ZNLTl6YXA1V3BDSGJ6N2xZbkVBMms5T3l6cDd0dERTemJVNDVyVmFibm90VzdTbVFqa19oaDFyYUR1SF9ST0NURUNqMWZHMmMxTlAzOXpYZ0x4TnRMTGFUUzU1T3doLTFJQURMWkdnM3E5cDA5cTZsc2s4Wmo0bXZxaW0xZFVZVlNEdzlsX1NKQ1RUdnAtOVhwajFqN0Q1SEU4VEhIdE9EWlExVGp1Yl92NjVvX002UUU?oc=5
YUMC,2024-12-13,KFC Marketing Strategy (2026): How the Chicken Pioneer Is Fighting Its Way Back,Business Model Analyst,https://news.google.com/rss/articles/CBMiZ0FVX3lxTE5nM05mbzN6SnhieUR3SUNNR285V0UtZmtTVTFrNFpjUHZDa0F2OFJ3TjExT0I1eWR3ZmZlM0NMY2pDODBkbHpDLVU1Tzlvc1J0djJmeUhZc2FfbDBNOWxzTHlSbVZOVGs?oc=5
YUMC,2024-12-17,Will China’s Policy Shifts Finally Deliver for Investors in 2025?,Saxo,https://news.google.com/rss/articles/CBMixAFBVV95cUxNbW1lRkZJd3Q3UnV3TnkzTms2Y2FZT2xuanM1ckVjcm9PRzV6SlRiMS01aEtLNzN0b0dSb3JyRVlldVE4RUxWVElaRzBoODVJNS0tQjZGTFVwN28yX2dyTDJBYmFOdFpMdFBrZVVuZVVsT3FnVjRRbXY5SnlaU2N6UThyMFl4U1Q0NWhTd05CMTRxbDRIc0J0WV84QnoyRnE3M0V1QlVsalpNZ0lLdDlVMFdWa0xDNG9QdmEwTHZscmhyU3BX?oc=5
YUMC,2024-12-17,Top 20 Starbucks Competitors & Alternatives,Business Strategy Hub,https://news.google.com/rss/articles/CBMibEFVX3lxTE1uakl6ckZ1NU1ScjhJZ2hxc3YwRnNqZ1BHZHVOcVhWMVB5RzAxS0dRbTNnelhEQzVaXzJEdkJ5QVBvazlEMUs1dU9BTzdDUU9GbXpDU0gxdUdMQ0o2VHBnTlAzQ3A1dHhVRjFxWg?oc=5
YUMC,2024-12-22,Opinion | The SEC Needs to Hold Chinese Companies Accountable,WSJ,https://news.google.com/rss/articles/CBMirwFBVV95cUxPNUhwWFBpNGhvQVdZTjlRX3dhbVo0ZnA0SVJHdmxvNWZlY091SkhXb0xDT0tTYzA0UXFPUzhwRlhKNmpWdkFKa1V3eXdKcVNMMUxET1JveGlldWJhZ3hjVlRBTHBZdXRablhSWUpXUmV1ZTdDLVF2TmI1dV91US11TUZoanBfTWtKeDl3YXFySWJ1TS1JRFpNX21PeFl2cHA2dTBfcGVJc2FWRlpna05R?oc=5
YUMC,2025-01-07,Starbucks Has a Pumpkin Spice Latte Problem in China (Published 2024),The New York Times,https://news.google.com/rss/articles/CBMickFVX3lxTE9MWjk0MlJkYWpQdEtOczJOMDRHZHFqVmFpd05JSTQ4M1BpbzJ0RThsb1pQTEdGUGVXSk56WU5ld1NIYldBMlBpSG14YkZnX2hfbTh2LWtIY2ZjcnlHcXAyV1Vtb2ZSVW5OU3NkcFVaelp5QQ?oc=5
YUMC,2025-02-04,Chicken challenger Ting-Qiao preps for Hong Kong IPO,thebambooworks.com,https://news.google.com/rss/articles/CBMihwFBVV95cUxPOGJDSHhXN3hSdzZleWZ6SmsxenVaMUpDTGI5R1dNSWxLNm5maDFmcDBNaUFycEtQd3Vtb2hMNWtGMDVUdC1RamlqX1NXdENZQ0NtRFc3SlVxSTFMd29Hck1JVW42QzFMUXpPcTZQbmlmOU9POUgwMzl4dGE5WlJZclVMYlNkeGs?oc=5
YUMC,2025-02-07,Pizza Hut Is Winning Big in China by Betting on $7 Pizzas,Business Insider,https://news.google.com/rss/articles/CBMimAFBVV95cUxQZFBJRHhWbzM2ZDV3Q0FVVXpPQy1TQS1HUnhRY3NhSHBsV0RCNF9NVW4xZE9OR3JDZXdkTWVQRy1VLXlFdTJkM2xIMXZ1MnFSczR1anRMX1ZmbnEtZV9obFBsaDlzRjgtUVo2TmtMaXlLR0JsbkxqWE1hOEdjRWI4dVhfNERqYS1wSWUzTFVQRC02bkp0SHlXcg?oc=5
YUMC,2025-02-08,TH International: Tim Hortons' Rocky Road In China (NASDAQ:THCH),Seeking Alpha,https://news.google.com/rss/articles/CBMikwFBVV95cUxQS0Fic1dKWDN1RWdSU0c2NTkxWTY4RUxRQUZGSXpqWi11cWNyZEhIN3lYTm9yZDJiaWFFOU1sX2VRLUtBT1JPQURjQkJLbXJrY1IxYjJDQlZ3Y3E3RWdWalN3OUtMd3NUYmdNOGZGekJLM2tUVW40UEpuT3dMWjZBUGJMc3dJbEFhbmtrWXF3RTZlRm8?oc=5
YUMC,2025-02-09,McDonald's Earnings: What To Look For From MCD,The Globe and Mail,https://news.google.com/rss/articles/CBMiyAFBVV95cUxNR0Z5WUJUN3d5YVFOZTZlb0dDYVczaXN2d2dCSkZJU0FuLWlQRGIwUUc2SEFFUExQLWI0OFFEY2dJcUFQUnlHM0RBTGVLTGxBR3ZvcVpicFZKajhGQ2tLTXRFWFU0WUZNbHNGV1dOMmpmRXlGRzI1U3VrUTlSQVNlVWVFV291U09nT1doamw3S05nNmZXRTU5cGtVMGlwZGJKbVBldnpjekhMYmxfaEpLVWlKSGVNYmFZUzFFTll1dkRQQThLc29RRw?oc=5
YUMC,2025-02-10,Taco Bell helps lift Yum! Brands results in 2024,foodbusinessnews.net,https://news.google.com/rss/articles/CBMimwFBVV95cUxOQ290blc5UmxGS2Q2WGVhSHlGWm1RVGVtOWtNYjRtb2NldHdKUUNRMkM0MVlOXzRkcDRzbWozQ1JnMjl1dVFKOUhSclBqeWRqY1RBTHRRazlTTUpEbVQwSUh4dFRKVENvUzNVMm13S2tHZVowU1dNMS1VSVZLVWRPR3JpbHJLMzhHRWNFREdLbWwxNkNmRVVKMHAwSQ?oc=5
YUMC,2025-02-18,Who Are China's AI Winners Post-DeepSeek? Goldman Sachs Picks 30 Firms,moomoo.com,https://news.google.com/rss/articles/CBMiqwFBVV95cUxQNlU4YnRSVE5lYWg5bGdWU09ma1d4d1RPSDVpNjJhbExyYlEtbGNNVUk4SGRDTTI5bm5ZX2xQak93dnBRUnJpdTZFWV93bEktY2ZsSXYxS3BsNlRxanNpZWg0NndOdDQzcDZZbl9TMWs3bUE5eUE1V0doWU11NXdSY2NMazFUN1FReWdZM19ndUdCbUstNk1vRWQ4UGdoWVNWZ1A3WnljX0NkY0E?oc=5
YUMC,2025-02-24,Joey Wat,CNBC,https://news.google.com/rss/articles/CBMicEFVX3lxTE5PcW80UzV5cHVrb2ZFZzR2R1Q1R2FMRFpmRzBUVjg1RDN3djYzaFRBaUdGbjRsdHNCOThfYV96VlRiTTlkd1YzbnU5QXpnS202MGI1REFNU3FYaVdUd3RvTGxTMXhaUzFsQ0s0ZzExWm_SAXZBVV95cUxQMzNWMk9JQzJSRE80ZlFlTTVmYmktYks1b1JoSS1vMUVoYk94dnBFejlJSk00UVBWaVo1ZmtPQXc4SzlhemNlTXZaQWZWYS1mb1pDRUFXSUljcWZWX1FrM2ZiQTJ0SkNGQzVRT0xtX1h3SVB0R3pR?oc=5
YUMC,2025-03-03,Domino’s Pizza aims for larger market share,The Star,https://news.google.com/rss/articles/CBMipgFBVV95cUxPa3NsVU1fM3liUzVMd001MHFpYzdsUGU5ajVQcmI1VDB0bGx1RVZKTTJfX3FCXzlMVENxQzM0dERUM0plZkN3TXZ6Z3RGWWRHbVdqZ3pvVV9aZ0xyODVqVWJMQjFneXRiWFBJZEtCaEV6TGhJWVMyTjNQRndUVjFtdWI3UEtuOHRqM0NocmF1OEkxdjZhR185SlJWdFNST3Zlb3ZSYkpB?oc=5
YUMC,2025-03-04,Disruptive Theme of the Week: China ETFs Rallying YTD,ETF Trends,https://news.google.com/rss/articles/CBMipAFBVV95cUxPWFh5UlU5S3YyZ0k4Y2xYaldPTEc1MUhTcUw1Tzk4a3RLQTkxNnNWOGlkeDcyTDFTT3RQTXNQTUVIcWI3ODlQaGFobTR5SmtlREZRV3JUT1drNXJHOXFCZ3dBNEYtY0tvaC1KRW41NVpWUF9JbjdaTU1wZHY0ZEg5MF9YWVpPcFE3RG9tWUlYTzlJNUlNQWYtSVkxekZJWG9qWDBEcdIBrwFBVV95cUxNS3BvbkJ1WW51NUdEUWRNUno5VTFiNVZDR2VOZTBYRzhJTGhITlJSSFZPMDJQV0tmNEZqUzUtVG5rYVRpZ1phcVdMMWpjY21CRWJzb3hrMXd2ZFY1NXJldEo2bGpnelR4VFVTQ3V6TmNrYVpmNXJfekJwSXUydU5PTmtsR3BjemRObEtxRGlqb1hzdGdJUUktWm92UVJobWI2b2tsN3FGOVFjdDBPT3Fr?oc=5
YUMC,2025-03-14,Dollar General CFO says shoplifting problem is ‘well in our control’—after taking this step,Fortune,https://news.google.com/rss/articles/CBMimgFBVV95cUxNWGVnd2h2aUJSS3Nob1VSdVNobk1HdGsxb2ZjRm9oX21URWhpYWxVME9YSWVMYW1HcHBVc3RidnBFN1FTU0JzM2JzRm9qdUNRQVY0aGpjYWQweVhRQ09PSlRiZU5qajl4RGk4bi1pU21xamZZazVQSUFIUlluQXNadzdWbzdxN0lVUnN5MEdURU95RjItYkEwLS1R?oc=5
YUMC,2025-03-28,5 Best Chinese Stocks to Buy,Kiplinger,https://news.google.com/rss/articles/CBMijgFBVV95cUxNZDE2aDd3a1hReG8wYnJrN01ZdjdpcURGTTdxZUhVbmtPdmxWb0JiSFRsRExXc1FfM3l5RmYteUFTODNZSVBXb2ZKa0g1OFBJbmxMVmE3TkZ0NElERXdWWHJUc0cxNHI2d1g2ckJjVzBiQjJUZnlXZzl1bXVBV3NCbExKQUFZYjhQTGFnbjJR?oc=5
YUMC,2025-03-31,David Gibbs to retire as CEO of Taco Bell owner Yum Brands,Restaurant Business,https://news.google.com/rss/articles/CBMingFBVV95cUxPSno1NzJuOTEtRmRmbElyWFVNYkJhdktTYllqTGFiS05uLXV6cWJyQVJWdkpWdGFsU0xUNUxfdUN5OHBnNC1pWW9aSjJ2ME41MGRzZEQ2dThpdThjZnpzUHpBX0xFZHNsem9ETHFkcXFKU3lQZ3lmZW8tdWR5UnRHc29CR2g1cVc5WHFfUkN0MFM4TlVYX09HUFlMazZQQQ?oc=5
YUMC,2025-04-01,DPC Dash serves up banner 2024 topped with milestones,thebambooworks.com,https://news.google.com/rss/articles/CBMiiAFBVV95cUxOUGFCNER3bUhGQjlURnJZTHNPZklXOS1BMzZkREpZdEg5ejJUT0F6THFjdGM4T2tSQVVVd0tiRVVmYzg3N3hpV09HNE11VGhRZ0FteWk2eHIyVk13dEZ3SE41VEFESjdJcEpoQWdVcU5xMGtIcHhLVXM3WF9lVDdWajJUTlIxNUQt?oc=5
YUMC,2025-04-02,"CMG Financials: Revenue Breakdown, Margins & Competitor Comparison",Intellectia AI,https://news.google.com/rss/articles/CBMiVkFVX3lxTE9EWjM3UlZzWVVpM194X3ZQZnl3QXR0ZmVFZmpiUzFldmU1MUluT2JTakdmSnNjalBJOXpBY2VqN0FGNk5GRUY4RWc4ZW1MUEpRZGZtdTd3?oc=5
YUMC,2025-04-03,DPC Dash: Domino’s Is Hot In China (DPCDF),Seeking Alpha,https://news.google.com/rss/articles/CBMifkFVX3lxTE12RXBrM0JFU0h3M2FmeDNqU0hvWDdtanF6LXJoVWRJdHpuc2hOeW91M3lSeHBrbWlNZzJLazlSZUxpVFVNRFBGdHBGY3NjTHg2ai1sVzE3UDllQklsVGp1VEhvb25xNTd3VUpYTDQ1dkl5SkJlMzJEc2xSMHZwUQ?oc=5
YUMC,2025-04-08,"McDonald's, Starbucks, and other US chains could face anti-American pushback, Wall Street fears",Yahoo Finance,https://news.google.com/rss/articles/CBMi0wFBVV95cUxOSmk4SEw0VjlQOHhjb052OXVlWHAydS1GM1BFRkY5Sy1sNE9EdHhEQkgzUU9VZjY1dVk5YktsVjNPQTMxOEhUQlVDcGpPcHptZ2luTXNYVUdkZW1uRW1fUHpuMDBseFl5Q3I4OXE5enU5c2JocnI5a3l6VGpRcVJ3ZXZ4OU1xNGFpejd5bVh0UldNNEdQQklSVXdCc0ZkM3NhN0plX2M4U1k2UGxVek5YV0xRbzNUQXhERTRMUDJCaE5OTy1LQmtkSlA2dnhwNEZkTGFr?oc=5
YUMC,2025-04-17,Delisting Chinese Stocks Like Alibaba and Baidu Is a Real Possibility for Trump,Barron's,https://news.google.com/rss/articles/CBMiigFBVV95cUxPeUJZdEJzSlBFZzVyRmM0R0RxeFFvVWdEbmpqbHE3dzlKb200eFNMMmFZbXFxanBPYllFTFNSc0ptQWhYYi0yMmlJVVRHb1I4d2ZpM2JqSVp4eDhxblVvbWt5Y3Bsb0E0VmhTYm9DbklrZkhMRktwN25WLVcwWmdpZENXNnAwYkZETUE?oc=5
YUMC,2025-04-28,The Best Chinese Stocks to Buy,Morningstar,https://news.google.com/rss/articles/CBMiakFVX3lxTE9FOWFENlk2NUI0TVY0MExscGdleG1qc2NES19RM1V2M1V4dzlKUmRIcUN6NThEcEZZaG50TWp0V1lRTnp2d3JWd0hnWEdwNTFqRjhFLV9ndkl6SGdzUnVENjdsUTBNcXlSeFE?oc=5
YUMC,2025-04-28,The Best Chinese Stocks to Buy | Morningstar Nordics,Morningstar,https://news.google.com/rss/articles/CBMidkFVX3lxTE9ZX0drcjdnYllWZjgtNUxWM21Ta1RKd19iWC1ndk5oODRIRW1rcTAtcnZTSk5Rb3QtWTh0NFpNUWFFdjJXUlpFWmJkUzAyUnRDT1VVcndpZkE1bFdLSlhUa1haMG55cmdBb3lsNlZSazcxSGU0Y1E?oc=5
YUMC,2025-04-30,Why Yum China (YUMC) Shares Are Falling Today,Yahoo Finance,https://news.google.com/rss/articles/CBMie0FVX3lxTE1mYUUzMXdqbC1aWUxSYU00RVY0dkZ2NG5CZ3dtTHlXMk9Mang0Z3djQkplQlAtM3RGOER6bTFjaUYwWGlUR21sYmNnUFlQelk3Y1g3eUJJREk2OXRQelEyNEpKZ3RuTUJEYm9rYkVRNW96VmxGVFJkZXc2RQ?oc=5
YUMC,2025-04-30,Yum Brands revenue misses as Pizza Hut's same-store sales fall 2%,CNBC,https://news.google.com/rss/articles/CBMid0FVX3lxTE5rQTBZdU1jUUJlZkZQVEpxOUhKNnhWLW5oeUhBQU1pRjBEUDgtckhLSU9nc0xGN1F2YS1YVVFQdzRSa3E1bFJ5cmh5MENIeXFBNDEyWHRoRkVLRmJYWUY3QkpkaF9mUVdSMXkyN1FBQjkzc3lvYmJz0gF8QVVfeXFMTUZXUW1yYU5uVHBHQ0V4RlFCZDBpVXBBcDBXdUxYX1R5QzM0NFd5MVlrS241T3o5YmtMWUg3SzlreTJUTVRWMS1SbmFzdjhNV1QzZkZ1c2NxaTJkWDFGWjNxNTZlRmFEcmdGRjNRVjhsc0ZlQ1p0ejl3YTRwLQ?oc=5
YUMC,2025-05-07,A Slice of Victory: Why Domino’s Has Won Investors’ Hearts and Appetites?,TradingKey,https://news.google.com/rss/articles/CBMi1AFBVV95cUxPT3I2LUdtTnJyeWJmdDZRZFlzSkNPalc0RnFJQjNRVmN6akZ0VmpvU2MxR2pkeXlfd2pyc3ZPaEhYOVZ2aXVQbmNvQW40ZnBWYW9lRWlOd0lYUzhGNFIxYVRqNkJvaDhWX183QXU3WjgxYk52dHA1UTItRFNLSVVpTVozeFNuNjZaNDd1dGlaQ2paMldvNHdlN2RRTU4ycWlKaDZzRXRZMU1SVUZCSlFySl9tYmw3RkNqZTVWVElRQW00WnBQT0RyS25vdUx4YkUzNnpDMQ?oc=5
YUMC,2025-05-12,Ranked: Top 30 Chinese Companies Listed in the U.S.,Visual Capitalist,https://news.google.com/rss/articles/CBMiiwFBVV95cUxQM0p5ZWJLS2tySWRzbWZhdlZERXVDWVYtcmVScHdIWm9UUzdfOE1tSUZjTGdkTlV4MkpQUHFpUHF5RlMwU3hIT3ppckJJdWJ5NEV6TVduN3FvaUpjZkRQNlpxaXVqWXZ5Rm9DeXhValF6QjFLenU5aGhhMFV1SVZfcWgxazZnVVZON3BZ?oc=5
YUMC,2025-05-19,Why Yum China (YUMC) Stock Could Surge 34% in the Next Two Years,TIKR.com,https://news.google.com/rss/articles/CBMilwFBVV95cUxOb3JST3dpelE4NXJjaHo3UWVkWEdvdE1pbVFBU0UwbjVwanYycWZvck11dWM2Nl9JN3JNVUdoNHpkSHdxUEVaQkpvQVhWYVJ1TGl1a3RkNTVwNlFtZ0lJdDExM0lPQjNJRDVwbjdHaWQxU2VRRnh0c3V4amNxeDAyanBkamlVYjB2VnR2T0plX2JEYlBraDdj?oc=5
YUMC,2025-05-28,Former Goldman Investment Banker Joins Yum China Board Of Directors,Forbes,https://news.google.com/rss/articles/CBMivAFBVV95cUxPOEx0dW5mNThaaU5vMzZpWGRkUFJZTnZnRnM4aXY4WThhSF9oNjdnNkNxTDROTEVRYURWR0JicXViSVRhTTBXOHBYMjBjcFFGXzlHUWdfYndQbE9EQWl4dlRtNFgwd0Jfb3hlRU1GaE1VX3loZDVwbGdIXzc1ZXY5djZudU9TR1ZZV3htMm95eTB1RVNxVERwa2lVNEE5WXRVVF8wdF85cWpVV0pSTDRuLVNnTkNlU2lrSUdZSQ?oc=5
YUMC,2025-05-30,MCD vs. YUM: Which Restaurant Stock is Better Positioned Now?,Yahoo Finance,https://news.google.com/rss/articles/CBMifkFVX3lxTFBtdkxsS1Jid1Jsa3otX3FiN29BS1hEYVdqYUdLa19Ea0p6R3lsZVdFaDB0eXd0MmtkTzhGTk5QRWxMX2w0bnNqcjh0QmZXZ2dSQjJPTTNvVmpELURKa0ZHYWFUbmYwejhJWTZETG5lZ1c3SlZCWlcyazY3Mm5MUQ?oc=5
YUMC,2025-07-03,The 10 best US companies to invest in now,Morningstar Australia,https://news.google.com/rss/articles/CBMieEFVX3lxTE1qMVdUcTRKZk43UnlWb0tFald4c2ZuS3JSbFRWUjZWa2dHQmRZR2VndEExYl9MMkN6U0pBbTlGdFNrbjFrODl0ZzBiSEp1Yk5KZjFvVkRfRWg4U1JxVEVpZldhakdIdEZtVUF0RF9Ld3BuQXU4LU53cg?oc=5
YUMC,2025-07-04,"Yum Brands in talks to facilitate merger of its two Indian partners, ET reports",reuters.com,https://news.google.com/rss/articles/CBMivAFBVV95cUxObmxuaHJsZmFUSEpTZU1oQ0NWYW5FVjZXbzI5cEJqWkFKbG5kTzA0UWdCb21kOU5MNldoZVE5d19GeGJfaWJMQVNXZkFkVDF4ZjFQN3hUd3ktTG1TUVBpVTQyM1BCV01va0dPRGR5N0tIZzFjUktjbE1rTzBLcE94YXZSNEFSQ2dHbGcwYmo0Sjh0ZHlodkU5T3ktR0ptTHlLY1dzdEpCeE12dDhwMmptRVV6OG4wM0JaUXRzbA?oc=5
YUMC,2025-07-05,Best Undervalued Stocks: 10 Global Picks for 2025,Industry Leaders Magazine,https://news.google.com/rss/articles/CBMikwFBVV95cUxOalMzVnhPeDUwcUdUVzBORFBORGZQV2h0dDNqTnZ5U2pueFJlSUhXYkNONGJiWUpodnNCOGRSMV9CbmV1VjRKWkpXdjJlZm45OVVjUWx1YW5hUm50cHo5c2FIRHZ5ZUR2eDJNZmVRQUxYVjFYaUZ0NG5BUkhsem9KaXJmYlJGUW13aGt6SjBVS2lqS3M?oc=5
YUMC,2025-07-06,"KFC, Pizza Hut operator Yum China adopts AI to spur efficiency, profitability",South China Morning Post,https://news.google.com/rss/articles/CBMi0gFBVV95cUxOVmR3aVp5OExYcks0NU5QMzZvMFNyNXZuQTFDQkh5REEzQWM3elRvaTRUSnBaTWtCM0dldXIyV2hpT3NYSklqdmV1REJTb1pRVFhrdmRNTmtUTXpIRWZmaHNwWEtTbFJJc2hCMDg2enZ1Q3hva1htbFhwQTFBLWlPaHJQMDBCSWRIUFhpSTNrTGREbkhoUnVqdnczNGpwZnhzTTVXcDE0NkwzSXZSM3JmOE1VQVkxSjB4Wlp5QmpIXzlnSkhvUnZYRlJFNHJ6S29kMEHSAdIBQVVfeXFMUGduaXktSGlaU3ROdzVmUV96N0prWVNoR01PdHR1YktVMzNic0ZPbzEtNGkweXY3QldLM1N5VW1ScWhTbzl2WVBzQWVEWkZ3VDNsY3FmcWpBdUQ3SEk3NU91MzFhQ05Ka1p1X0NDTXpoWXRiMUZ2UlNqVXBwVnRKUTZuYzJNZlN1X1J5eDlmR21pT043TXdSQVA0Ql96S21GVVB5eTBWd1RhcnZuTk9sTGtReDRyVTByMzlhak95emN2cWYzRDNqTHNBV0pEUFQ4RmF3?oc=5
YUMC,2025-07-09,"Temasek’s Net Portfolio Value Grows to Record High of S$434 billion, up S$45 billion from Last Year",Temasek,https://news.google.com/rss/articles/CBMizAFBVV95cUxPcUhUVkJZUE54RFh5Ym8yNlV5NWhIWng2VmlYN1ZyemVNeVEzREt4NjJkakxINzYyV29WVVRUdnIteWItQ3BEVWg5WWxtNzA2a0I2M0h6SlNTMTBzSjZpMW0yLWo4MGxlTUNxUDFXa3c1ODIzVzRSV0MxNkRYZ1pDLXhkeDRmbXl0OFVUTlRNSWlJN1k1UEwyekpYcnAzQ3NTRURoZ1oyem9tckFqS3YyQWd0eTlqUEsyLVR0Wkt6SXJEdkx0T0hTZ1FJN3o?oc=5
YUMC,2025-07-17,"[Exclusive] Temasek Remains Bullish on China’s AI and Consumer Sectors, China Head Says",一财全球Yicai Global,https://news.google.com/rss/articles/CBMitwFBVV95cUxOUThIX0ZDanplY09fVVctYUNPdmVoVmtnd3JQdEtyMjE0c01jZ013QUR1LUVyWFlYSkI1REZLalVxQ3dVTWdPdHAyLXhwTzIzSTg0dURaa1VnZUpncm9sa2tLY2l1VEhQRG9fSmRHYVpZalE3ZlZSOWU5Y24xLXV2WWFnY29iZEJib0hUdDRiVWRwbVZONlpob3BJUHlLaG9hdDg5M3ZnVDNNc2RKM3ZjUnRhN3Y5dFU?oc=5
YUMC,2025-07-19,"Buy these five stocks ahead of earnings, Morgan Stanley says",CNBC,https://news.google.com/rss/articles/CBMilwFBVV95cUxONzFNZHJOYUd4TFRfWS1EUWlBQjc5OUtYVmRfZENKRUJfWE1vLXRMU01zMW9JRzVKWmdCLU12Z1prczZoTnFJRHZLRC0tMVJ0V1M5UVVfQmdZTUlUOV9yUWl4OWtOeVk3YmgzWmRpSm16VGY4cE84UnJRZ0hEUkkyR0pYZDh2VmVOMjdjcnZGTUlOaTlneWtn?oc=5
YUMC,2025-07-29,NUS students from Arts and Social Sciences and Business clinch top prize at 2025 UBS Finance Challenge in Shanghai,NUS - National University of Singapore,https://news.google.com/rss/articles/CBMijAFBVV95cUxPTk1FdHZGQUxYb2NRT2JhU3VRR1kwcy1ZVTJqTDhpNzdpNTh5TkRVdkhXcTZrYllvVHdZZnVKVGFTdFpYamtxUWRxMjBqdWZfcDF4UjNWaG9FN05jcVJMbXp6UUNTZDRXb3RmMjNpeFphZVNQU0ZaV2ZzNDdVb2JiUEFqS3ZzbVRtbHl6eA?oc=5
YUMC,2025-07-31,Asia ex-Japan equities: Fidelity versus Schroders,Fund Selector Asia,https://news.google.com/rss/articles/CBMihAFBVV95cUxPbE5xZEF0V2tRT2d0cGxDSGVNNWZyNG9lSkdlSWtvOWozVHlhdHhUbVhaaUZ2YkM5Y1R1UTdPY0ExMEY4R1loNnFLMXIwS25ZTlJEWVNUNkVRRGJtRTM1SlpLVVpzVHhOSldJR2p4ZXRvTmlaN0xDdzR5OGFRTUpaRTFCSW8?oc=5
YUMC,2025-08-05,Yum China continues rapid expansion,reuters.com,https://news.google.com/rss/articles/CBMijAFBVV95cUxOMkFoQXByWW1xN0ZSOW85bm4tVlRBOVBsVGFaSGlwU3FfSzRxOWtrOXlfY1V1ckQ3MWhOc282Ykd4QjZSMlNCd052NF9yNVdOTWk0dVpmdnVQZUo3Y21aLWNZbWplbjNmdml2aGpyNmpGeUxxRDdaVHJaTDVCS2V4NktNTDZHUERyU3dCbQ?oc=5
YUMC,2025-08-05,"Yum Brands earnings miss estimates as Pizza Hut, KFC struggle in the U.S.",CNBC,https://news.google.com/rss/articles/CBMid0FVX3lxTE9FV0p0SHpuVVBRSkxrZVV4Zk1lVzdUMVZDY2pCRGJhMV9PWFV0SHlIalV3eEdneFQ2d3E3OFNIRjExSGZRd3Q5VUxacW1PWDdyeElLV3RBV1JFblpJMWd5UXVCZldqVlNidDFSUUwxN29tSUhtM2dR0gF8QVVfeXFMTThvNEhLbjlMbmtKdzFGbkZXOWREcHRaak1zY1p0OUdUeTNzRnlVQi1WREVRcWp6UUllWlVLMXVsNlkwZVZTRDgwTEFiSmx3SlgxSEJ1R29aaTRxVlljUlA4UHo1WUpSRFFRNF96R2U1bWNNY05fMEpqNWxiLQ?oc=5
YUMC,2025-08-05,Yum China Reports Second Quarter 2025 Results,The Manila Times,https://news.google.com/rss/articles/CBMiuAFBVV95cUxOemVmTGFYTEJGZnpXVkNlYndlR19JNWxUX2EzRERUUDhLYnM3eW9ZSHNwdmszRktEcnA4THJxV1dLcWV6WDI2QUlUZXZUYmtST3dEOU5Ebl9EMkotb2lTbkF3N2dUajdvb1RQdnVqNVh2OHFhZDA3UDRNTGtIZVZteUktdWNmTnJmMjFPSmdRWG1ocnpSLXhyZ0R4blFOZXJ2bUhfZ2NtRDVJU2hNdFc2Z1l1WTZ6M0Zt0gG-AUFVX3lxTFBBT0tXVVNqaUdESUt5OWNKOEp4T21ZVkE1SVNiRjJTSUhyMF9Va0tta3llUkxlOXhFOE1Wc1FTbld1YVVJTll3bEVLZ2hjbHA5ZVBvdmNlSXZ6ZU8xVlZfZFBpcDdSTkdvcUtFd1gzWlE0OFQ4QXI0cnVSY0prZmpSeHgwMU9yQU14akxWWnBfd3Utd2phVmZmUWZ4NnpYcndZaURnaU0wQmtQYVNFWi16RVpjUDlfY2Uzb1pTMmc?oc=5
YUMC,2025-08-05,"Yum Brands misses earnings mark, Pizza Hut, KFC struggling in U.S.",QSR Web,https://news.google.com/rss/articles/CBMilgFBVV95cUxPTU14V1B5dzBfSUx6cXQyaVd0T1JNcHdXeUJqRGxSZWR0VHZWcVdvOF9uelYycGJOU0gtNzlmcWlVWjlkbU12UlBPNnE3cGtMZkdSeWdOZklDdUwtbE9ydWpmY3p0dVJJSkhwZzRwcTM5bkNFSmtiZGJ0NThQbFFwcWFTSVBKdHR0aVpRZ0RkWmpLYmVESFE?oc=5
YUMC,2025-08-06,"Yum Brands Stock Slides After Q2 Miss — But Analysts, Retail Investors Laud Global Resilience",Stocktwits,https://news.google.com/rss/articles/CBMi6gFBVV95cUxPLXAyWFczUGI5V0c1aHRpVjJUVEZ5a1FISFotQWpIXzdBeWxtRHFzY3MzdGFKRS1tc2U4ZjRCM3pyRVJPYkl2RmFpUVhZMVVVWFVEX21BcF8wOG02UmUtWTRrN3dkRUlYNUdmVHJzSWMyUXBCV180djBMOEptY3JSV0ZybEZGODBhMlhGZkJmRFpJV1JHR2lQRndQTXZNUlVBOW9KNjdyOW9kdV9UUGxqUVJNb0xseThkTkdIaGFwaGZSMVdDYTRJSTl6NG1DbTRjQXlmRkNGb2JGVm1lcFN0LXJNYm04T3d4eXc?oc=5
YUMC,2025-08-08,"Yum China’s sales keep growing, but a fierce food-delivery price war may be weighing on investor sentiment",Fortune,https://news.google.com/rss/articles/CBMilgFBVV95cUxPNHF3cGdWVDNfRGFKYWJ4dlZPVlB2YmhRLU5JMWxSTEhxSHJpSTFmRVFBZWhJT1l5SGI1UTUtMTVBWmJxU21QZjhiMzkxMkp3cFJXWFh3MDdHeFFTOWw1cEpDamdtcjFVYjkxcWNzZHlBd1dvNFhKNXdpdE1lTHpXLWF3T2hLZnRjdVI4eDJHVEY1UEtXalE?oc=5
YUMC,2025-08-14,"Bridgewater sells all shares in China, focuses investment on US tech",IDNFinancials,https://news.google.com/rss/articles/CBMirAFBVV95cUxObDFNc000eDBHdkFrWldKRGtwemVTdUswdzc5b1lMcmhocVNvWjB3cVB2X2lzdk96NWdSMFNvTlZOVkVKbWFraWcxMXhLU2J5LXhTMUNZOHZaaUNPa3FmZ05CaGFTMHgxeEQ1Zl9GdlZPZnhra2VJVTUxZUEwLVJTd20wMFlYSThvSWU5M2h4T0Y0VmpxSzVvN1RTcEp5LWdMWmxLS3BqRS1rbFRa?oc=5
YUMC,2025-08-14,World’s top hedge fund Bridgewater dumps all China stocks,South China Morning Post,https://news.google.com/rss/articles/CBMivwFBVV95cUxOZHpPZGRsU2ZGdXdwRUZqM3ZmU1MxOEgwaU9jRVRfWFRabW9tVFJmQi14NXFJbzBqUEt2ekVlaXhFXzVMeUF1RGdzRUh0MTJrUV9uYTU2T0JnbjRJNzR0MUJLNUhYbE9HRk9CZlFLZVk2Q2hvZlkxTTlqM3RJazdLMzdJYjJxaGotOVNNU29fNk1JUk12NUg5amNEa3ByVHZWVUdxdzB1MEhGNjQ2ZDVVNk5xcWxsdEdhRGZCUm1nONIBvwFBVV95cUxPMklEeDRfdkozTDNweHdJSE95TW85akdMcllaRG5BXzk5SzlXTU81ZFVSUjhjYXJJQmJyZGtzZ3R2ZmJadDZwclRiR2JLbkxqOVZYeV8ybzRkbUpDQ0pxemhaQ1Fuc3A0c3dGSVlqc3FIT1ZvaFFNOWJuTkItNFo1dUhnQzhmY3dKN2lnOEZQMTlfY0FtLW9iVUJZU2IxRHFrcXhhMGc2X2lFNmMtUHNLM0JtTjBSZEYyZGN3ZmJGMA?oc=5
YUMC,2025-08-15,"Hedge fund giant Bridgewater pares China bets, offloading stakes in Alibaba and Baidu",CNBC,https://news.google.com/rss/articles/CBMinAFBVV95cUxPQ1ZWT21BOWdNSC0xQ28zT3hDazFXOEozMk9RbFJBMU02R2ItTjRTQXFWM0tlSWVMZUJJVEFFNFhneGQ2aXR6RUt2Rm9fckVHUnVzSmQ0aUFsNXVmbXhMT2RpOVJFYTRxQmdmRE5ZZXhraGx2aENRUXJaMXo4NlJ3OVdKX0xyY0FRdlRqWkczZmpJSmRJcEs1SFo0YmfSAaIBQVVfeXFMUDJpaUNzckJVU09lMEl1VURHc0Vrb2xhUXlScDN0TW10Ri14Q0RXQk5Ta29LMkkwWEJWWDM3ZGE2aXRQZllacGpMYnJJVlJ4aExGOXM2NUhuZllwTEJ1R1BiSDBmLUJSWWxCMk5RN2tzOVkyMHZkSHZjOWNQdnY0RFhmQVFUWmhfSmtVSWxoWDdwNzVUTGRfSExiM2NoTE1acG93?oc=5
YUMC,2025-08-15,"Temasek cuts Chinese tech stocks, goes long on consumer companies",South China Morning Post,https://news.google.com/rss/articles/CBMi2wFBVV95cUxObWtoV3dwNy1VRE5Qc2djTms0eG5ZbmIxRGJ4LXZCVmhtN1JMOVZEY3J6SmlZYks0SGRhRXZ0SGRVbGRDTlZpWTdSNDVHQlhRLUdlaXBHN1VOVFFiaFpLNGRiQVpYSTRYeHlYZVBGc2lPb1ZMME9scHBpSl9vcE9xd1RzMks2ajh3ZUZGb0NIa2Zzbm1vV21ha0R0R09WMHoyU011ZFFZdVd3clJZdUh0c2VacGlUcU5LOGtpNjhnSmR3Y0VUY1E0SXNqR28wY2Rwa1lELVJrV1FKVkXSAdsBQVVfeXFMTjZwak9MTkFUOGFBNVNESEplUkhsSDdJV2ZLamdDaHdkVzVzRXNYRV91UV9Hbmk1S0w5Rk9Ya2lSNThvR0FhcWRNR3VheVViLVl4RGN4VWNBeURPRXVwdnhOV1l3THZBTnZpQkNBVUxNd3B1Qkc2MGNQSlJpYWRNNTFDd0NVdmlENGNGcnhRdXltX3JNZjFjcExmU3ZNZFJGWWd2QUJqcFlnUzhjYjlBMTY2VzhVM1hpTU1wM1RkdFd4RzlKRWNXbzNTeUtVTm5WT3FJSXlySWxkbzg4?oc=5
YUMC,2025-08-17,Temasek slashes Chinese tech stakes as others exit stocks,Tech in Asia,https://news.google.com/rss/articles/CBMikwFBVV95cUxOeVgwU3F3ZmY1YnJLTS02WEdQWW9qTzlVZHI5MUo0Mm9GM1I1TjVBRzlfY05zZnQyUWk5cnp2UzU2Q25BMWZnanhMZFIxczM3MXp6SmZveUpXZjg1Rk9rdHlSaktoRlRhRU1TQWlRdHVNbUhuVjIyRW1MdHBJZFBfRG1WYkdPS1RYT2FHVFVSZFNUTFk?oc=5
YUMC,2025-09-06,Some of the Top China Stocks Reside in This ETF - VettaFi - Commentaries,Advisor Perspectives,https://news.google.com/rss/articles/CBMirgFBVV95cUxNNkk4RmFYRHNBZFBNRS0wUkRMZ3VHQXU1MGNqeVNPamNyU0ZCbzduS2ZGLVE3M3ZnN0FOcFRTZEhiUk5lSC1UMm9tR0hDRC15ci1VZnh4U3ZsU3dLcUV2b1BwRE9meTNnYm9DN3JIYU1FWUdhbWV1TFhmU1FWS1RKdWdiWTllb2hBS051Sno3aEtpX3NXakFWVHZUMnRoVnRYZFBpNEVva3VRQzZ0WkE?oc=5
YUMC,2025-09-22,How I Got Here: Jennifer Green ’12,Columbia Law School,https://news.google.com/rss/articles/CBMif0FVX3lxTE5FS3hLYmY1N3JCel9kTzRoLVR1SEk1M185eHV4VkZmTVpyWFhjRVJWZzZUZko3ODBGYWlFdlVWR0NBWk15YUpWLTRIX0hVVXhLV1lwbXdGVHR0S3U3eEdRVHFIcnNETDNOTlFOa1A5ZmczSVQ5T0l1S2VWM3dGSzA?oc=5
YUMC,2025-09-23,The Best Chinese Stocks to Buy | Morningstar UK,Morningstar,https://news.google.com/rss/articles/CBMidkFVX3lxTE9FME1Sc20tWHIxY29TSnVXWWU4WWJrTkdjMi02Q01CLTlQRk9PYUV4LXRWekNWMUpRNVA1MDBoMkdtMFFUN29SamEydjNPT0h4UnBZcVNMMU44eGtrekZHQTJ6MG5KUlFiSnVUSk9LdmVjMTA3T2c?oc=5
YUMC,2025-09-29,Best Stocks to Buy Now,Forbes,https://news.google.com/rss/articles/CBMidkFVX3lxTE1mUnA0Vkx0bnhKa2p5VnI4MzBFaXlHdGdmM0o4aVNZbDFDRjFVVTNTR3o2WE90dzhQel91UDF0ZnFkeThkcFdtUjc0WU5acWRPWXp2Q2Z1VEJjOWVSdnFEZV9JZTROWFNMaVRTd3BpWFpTcDdHRVE?oc=5
YUMC,2025-10-08,Yum! Brands Stock Prediction: Where Analysts See the Stock Going by 2027,TIKR.com,https://news.google.com/rss/articles/CBMinAFBVV95cUxOdmJ6N2dtOWFtaWxSSFB1dUJhTi1KbDE4YXVxODBqUkZQc1ZaNmtlVHpqbGs0TmJ5Y1M2elBzZ2p5TFdCVDFHZTBIR0F0NnVQZnZGT0J6YThoRFlGN28xLXduWHlCckhpLV8zcGVCY19TSmNIVkpaU0UzMkhXT3FsQVVudU5PNWdrT05HMGlXLVVTVWRwejZEcG5iRE4?oc=5
YUMC,2025-10-10,Roll out the trolleys for Melbourne's best yum cha,delicious.com.au,https://news.google.com/rss/articles/CBMiggFBVV95cUxNNmRpaFpxWnhWLTRZbW5QeFJlcDJIT1dtOHhCR0EwbU1PWVR4Y09lUWQxR1I4MmZhWnN3cUUxVDNLRGF0T0t6Z1pjNVdOc0pBSFVPU3N5Mno4dXJOX2dVLTdObGE2blZnenVJZmFSLW9BOFdKbnN3WHVaX19ELWxyS1lB?oc=5
YUMC,2025-10-12,Fortune Archives: How McKinsey stays on top,Fortune,https://news.google.com/rss/articles/CBMif0FVX3lxTE5vZHlWTm5HOERVdmt4ak1Zcy03NmQxam5QY1pKNnRqRWxoUi1CMTlFRF8zVFl3QUlNWFM1RXFjeVJHUHgtY3dnUXA0YXJwd1FPTkhlWTAwWVkyQkIxYklfN3BRQllLOTlOY0h3NjhfQVlQQ0tIeEpqZUo3bEFPak0?oc=5
YUMC,2025-11-01,10 Biggest Restaurant Companies,Investopedia,https://news.google.com/rss/articles/CBMioAFBVV95cUxQR01GUklHMzVMUTVJcmM3WjBROG1Pc1ZrMVRfRTBWSDVqVEdJOW1SZ2tHTnAwWnpTNFY2QWZUVlZYWXNFU0hoRFU2TUxRTldTUVBPWjlHX29scFhOdThMR0l1MTgwM2RwdVd3YVBDTnhTejdNRVU4eXN2T1RDeWFLM0FtM0JfMWtPdHRJU3lSMVZMSWZ1anYzODJKenAzTEJw?oc=5
YUMC,2025-11-03,Who's selling? Starbucks and other US companies trimming China exposure,reuters.com,https://news.google.com/rss/articles/CBMi3wFBVV95cUxPYjN1OGoxMkZuWDlrdHpjVHhtM29QZFI0MVRua1doUmRSSmlfNUpXOTBqR29lV0pFTU5yQ1o4dk1ITENydUJ0cTBMT21BWWtFUkdTdkFQeFV0QnlsSVFMT28zUWVtcElRbUNkUTk1Uk1uS1U4LXM2Tk9kR0JXU1pnUzBneDl0dXQ3TEZ4YnRPbmJ1c1lDTWtKd29CWEpwcHFhWWFUcFlyVy03ZzJTZnhxYnMwSkhGVmxoVk1FTndhendBaGtpSjlHWVdIYW9pWVV3Ql9nVHAzcUhub0JIRzE4?oc=5
YUMC,2025-11-04,"Yum Brands to review strategic options for Pizza Hut, opening the door to a sale",CNBC,https://news.google.com/rss/articles/CBMihwFBVV95cUxNcmVUNnBLbGlPbVpZX3M5cVpvUmphVjFzRDkzd016UGRsWXBaSnhJSnRNTmdlVkpsYVlWbmtScmxLYVZFbk9JVnY5emJzY3ZvV2Fxb2lOb2FtNlFtSkFlcGVlcUgwUHBlMmQweXVCa1ZnVHE2cXpzV3U0SFlhbk9FaGxNcFEyVWPSAYwBQVVfeXFMTTg4dWdrMFVaeGtIbEZJVU5jaWlTLUlGNl92UUI4aWZpakdTYXNVQVhqc2V2MmlqZ3FhS2w4ZWc2UjZqMXhBNEhreWNBd3RxR1FPY2VHOTRaaVBIY0FLRnFOdU9MN0xMVUQ5NGNSbHlMQVZvZXFJQ1ZRYnIzV1Vvc1VVUVd6UkJTcUdGWGI?oc=5
YUMC,2025-11-04,Yum! Brands Explores Sale of Pizza Hut. The Stock Rises.,Barron's,https://news.google.com/rss/articles/CBMijgFBVV95cUxPRHo0QXJPTGZGNmJWMV9EdGxGOUlXR2JIMGNxXzFHdGhoWGllakFEbHpJSmNfWmZEdTRVQTB0MjBxcWRxckF0UEZjY1ZBWVBGdWZ1TFpOLXVQSFdRUnlSeGQxNnRjdUo2Nk1kNE9BOGdSM1JBMlRZWl9NX0ladk5JTHZFd0ozT2w1UG51YnF3?oc=5
YUMC,2025-11-04,Starbucks to sell majority stake in China business,BBC,https://news.google.com/rss/articles/CBMiWkFVX3lxTFBjRG9hWTR0N0FON1JLUlZhcHRFb01UTzg1eUhFcmFkYldIWVIzZTRqalJuVzlWbkNIOVQ2dkVJQlJqMHhhSk5pY0QwNEpia2h5TTJBNlBMOHUtUQ?oc=5
YUMC,2025-11-04,"Yum Brands quarterly revenue rises 8%, fueled by Taco Bell and KFC",CNBC,https://news.google.com/rss/articles/CBMid0FVX3lxTE9aM1lfanVLcWN2RUJFdkI1T25Zbkd4U3BVLVkxN0ZSM0tvRTc0YkR2Y0oyYnZhNVE5UlJyTXNhUWdHTHVlcXJjSlJVOENycTh0aTJrZHk5dVJxNGMtU3FOdHp5ZXFUQ0h3eEtnQjRhUzBEaXJKN0RR0gF8QVVfeXFMTmV6MlBzTGlKcFVhRHl2bjZRd2FJcGs2c3dqUm9vNWdnSElteVVZNkhKLWJ2Q1BuMXlxeUFaNUNNdFRnMlNoSUtNS1l2TnQ2SHF5NnVocDUyRlZXM3JnWGNVVk5xV3FSNFRVT2p3OWJzekxrcTRIN0RKTDB1Qg?oc=5
YUMC,2025-11-04,"Yum Brands says it's reviewing options, may sell Pizza Hut chain",Business Standard,https://news.google.com/rss/articles/CBMizAFBVV95cUxONFZYWFVUWGpHZ1R0X3IxdzVYVmJXRUxSaXpGSlhoem8yenJBaGFveXZYRVVHbHR3V01VTXlCUDIwbV9pX3JzLWw0M29MNUNpRjBoMHJJSEpzZmhZVmhEZ2RBUm9KdFRIaFRZbktQMGdkTWswN3l1MnIzV3M4SmxlQm5iQS1OZkxVUThwczk0blY1bDE5T05YcnFpR2cxbWN2TDIydEFab2Rsa21FVUZZQjc5eUV3S3J4QmFheGhqNUxqWW1RbUxaX2toZm3SAdIBQVVfeXFMTWppdjFjLXl3c3FsQlcxNThIN0pIOEJrdnZZdURhbFk4RVZFLUVfYWRocFdkWXVGQWlZeFNaM0I3MDhzbXlYY0RYalU2WjZvRWRtdzJqT0RXRzNnWlJMLWRYbVZiUlJFbkpWLTJ1dGxiVGxIT0c2OVFKUmREOWV1U0JBMXhMLXd3WUFKZkFQX2RhS0dBTTdFdjZMd1l0aWk4cFd1TDZOeEVQOTFDc2JLM1NZaExrOTBFQ0xXb0h4djZLRUFEeUpPM2hhTC1yTnJiaExB?oc=5
YUMC,2025-11-06,"Starbucks sells major China business stake, why? What’s next?",Global Times,https://news.google.com/rss/articles/CBMiYkFVX3lxTE5vZ21zUTIwdGU1S2RGWTU1ajlkdWhzS3h6U09JZms5WHE0U0o0V1VEVHBNMUdyeDZpWmFrWEJickpXcHFHaV9OczhKYVJKVTB5Z2xWeS03WHpiNG5kTDhEQnZR?oc=5
YUMC,2025-11-07,Starbucks Bids Adieu to China. Why It Could Boost the Stock.,Barron's,https://news.google.com/rss/articles/CBMihAFBVV95cUxPWGIwVUU4M3NzWV94ZzZ4eURNYnRkemlfdFBCTVlGUktIYU5hbjRRN1EyOHZpOXFpRjY4YzZoSGNGaDh3dzVJbmpic29vVVZIQzkzWmJBMVBhOUliX2dYRWpETkFYSUFsU0pLcDlJUUZwNVVMU3ktcW5PUTd1T2NXdnVDWDM?oc=5
YUMC,2025-11-07,"As Yum! Brands Mulls Pizza Hut Sale, China Licensee Says It Won’t Impact Daily Operations",一财全球Yicai Global,https://news.google.com/rss/articles/CBMiyAFBVV95cUxPcndNbkVvMWdMZjZLempvdTF5RTRBNjNGRnVHTmVZZ2NTYkEtYjNFeGVPSU9rZ0p3b3paLUNYTFB1ZzNSSDB4UEZKWm5vNmZEYTBKTmRSejBwZ2ZMS0owTS10dF9QV2ZnQUtOWDJQbFF4R0wycGIzUGZMcnJjS0tFTWxVWDh6TDdXODVoLWk2R3U1SVhIdk9Fb1k3V0Z0SGRXdEJFVXdONUk5Mjhhb2cyQk96Q1p0MFk0dkV6QVZZeE5UZXRoR2p3bg?oc=5
YUMC,2025-11-07,Yum China CEO wields innovation and emotion to profit in bad times,Nikkei Asia,https://news.google.com/rss/articles/CBMitgFBVV95cUxPUVZ0RWQtQTlfQUJ4cVJqWm9nbFZsSk1RR3JkckZ6WDFoUGFMcWlhRU5ad0V4SFM2S3poTV9ERlA1eEtPX2M4eG5zbWpmcFVIWlRYT25JRU5BYjQtNjJqQnR2VG5kVXlVTDZEMU5hMmliQXpmWHVMRnRXSWNLazJvWWVfQ0M0MHhkaGwzTi1qYVRPUDl3TjRtR2N0ZXFfWmoyR1llUG9Xa21mNHZoQlpMSzczbThHUQ?oc=5
YUMC,2025-11-11,3 Reasons to Avoid YUMC and 1 Stock to Buy Instead,Yahoo Finance,https://news.google.com/rss/articles/CBMid0FVX3lxTE1TYVB0aXM2d1JfYTctRkMwSzBNVWI1RVBOMUpGNjlBLTFaeEM0VVU1akJFSWtIcFlsVzdSZXJDdkhjd2h6NEV5VEhidUlVSzBmQUpYX1puVS1RbUhSLXFlN0plUjFqZ1pTc0R3LUMwNHZSeGZxbHRz?oc=5
YUMC,2025-11-15,US funds tread carefully on China as Oaktree and Appaloosa adjust bets,South China Morning Post,https://news.google.com/rss/articles/CBMi0AFBVV95cUxQeW8wd3pScVNONWpKSE8zLUx1ZnNiYmcxR283VFJuaGpmYTFpLXBDNFdmOFBfWkRFa0RWX1Vtb3RXVDRHRzREeXNydi1LTzRJdU45YnZfN0pMdnQtaWJXRmxIckY1UWx0aXNjUmxUdDNMTXZjaVExd3R1SG01RmVBTUFBWjY2eVpCblZNRUpjVkxEV3QwbVB0eUJnNC1nRnN4TXE5dDRZaXhQWGtWODRmc1NGNE13Y1FNRnlDSnRocl9MMjcwZWVZeFpWOVNuVng50gHQAUFVX3lxTE52TEppME8wY3VibVZZY0x1cGlXSndUMng1UmxYYXB5TVhkVTR6RjR5YXRENHhlV21aNVBGNmJlME1kVjhZei1zaGVoOVFpTjVyT1JEb3VsdU9zZEJuaG5FM1JEN0ZPQTRuX19GWjNwQ1hGNEs3dUpWQUhkQ2tPYklDci15UWdEZFNTdlFLRlN1SXg1TUVaWDZEZXduRGVuVE9ubkxVZHBKX0tyblY1QnZTR21KdUpvZWxNdEVmR2tmbFFCQkt0bjhIdDhsYU1vdXQ?oc=5
YUMC,2025-11-17,"China's KFC, Pizza Hut operator sets 30,000 store goal for 2030, up 71%",Nikkei Asia,https://news.google.com/rss/articles/CBMisAFBVV95cUxQZWI4U1RWWTNRZ2dGMkpZc1pBTXFvWGZmRzBQVXk4NWFPRHA4Rkl2RnVnUXZMbVluSks5ZVJZVFdVMTZUcmN3OGRPRllYYVdCel9pX3pERVVJR1lKYTA0NW1XTWU0MkxNOXVJM1k3Y1FzakU2dktoaFpUeW4wRDVodVJZN0VKamlmLUV1R1ZkejNYbHA5ZFQ2cWhCaDVrNUxjS2tfajdaRUlvY2l2NlNDNA?oc=5
YUMC,2025-11-20,"Yum China CEO: Business still has room for growth, tier 1 and 2 cities not saturated yet",CNBC,https://news.google.com/rss/articles/CBMisAFBVV95cUxNRDh3aTBOcFdzbVoxdHRvSGdCbkFDXzhMZGp4RGpsQzZSZk1mZnJvN2NjTkQzT1JJQ2UwenlTXzZmdS1CUkRNZHZPOThBaThreU1mZFJQTXR6cmg0N0NPdFVUbzczRlR3cm5xNmN3WGhQQTFoLS1lM1JGWmxoYmRZa0tLRU1VLXhjWFVQdHVZUWhEbjJUTjNrRHBTeEhBZUR1LTRQNkR5TG0xQjVqNlpVQg?oc=5
YUMC,2025-11-21,"How Singapore Investors Can Approach China Stocks: Themes, Risks and Notable Names",Syfe,https://news.google.com/rss/articles/CBMihwFBVV95cUxQV2xIRmIwVldMbTZQZ0daM3dDeHVLdGs3VDdNbTE1c2ZZT2liV2QzMlZHT3lZSWxNS2g0aTI1d2RkNllzYUhnS25MNXp2cVVCUUJwcnpqNWNYR1FvNUNMRG8wSXRJMFE3cmswMVM5ZTVGSk1wZ3pEcFU1b0JfOW1NVmNGc3o0MGs?oc=5
YUMC,2025-11-21,"Innovent, first Chinese firm to market weight-loss drug, joins Hang Seng Index",South China Morning Post,https://news.google.com/rss/articles/CBMi2gFBVV95cUxQU0V5YjNRemxPa09YUHJYcEV1aTdjbGRfNnhQZ1hHRTlaUDVxcXAwbjBnLUlJQzk1Q0RWSGhxOW9BMGpqYkkzS3J2T2Q2ZkVvTG1Kcm43cjVHdzJQRlM5ejZoUUh2MFp5NkxxYXBxOW9iSUctbjVOeWV0MXVjRmZ0T1NDdXlXQnRCS3Y0MFpNVkFHcnFLcE04LXdkOXExNEMxUmxua3N3NjRjaG9PYURDVXVlSkdsV3ZEUHRzc3hrVGdybm90TTVMQlBiMGd3bFdFYzdnMm5NZ2pUZ9IB2gFBVV95cUxPc04yYm0wYXlqSUdkUENCYVZLNHJ0ckRfa2tHTF9rU1M2bWEzZmUzOTZKMFBXald4OXlnamJiRmlxSGVJT1lVd0VuMHZ1NGpHX041bmU4eUZZT0JyVV9rQ3E1OTVVQlE3TFR3eXdhY0xfUG9BSnBpMlZFZHBEVmdmdFNpeWJWcHd2bzdOeDhqNWR6emFqLThRVXd4cU5nWkl4RzRRZkh4dUZOTFVDaEhpalQxV3R5dGhoM1R1ZzJoNDI5bUJQdWR3UmE1R2kyYXlabFA1anpUUnFzZw?oc=5
YUMC,2025-11-26,CNBC's The China Connection newsletter: Foreign investors warm to China’s cheaper AI valuations despite fears of a U.S. bubble,CNBC,https://news.google.com/rss/articles/CBMi0AFBVV95cUxQeVFMMG9HNDhVcWNWNm9KTU5GS01mOElYRjlZQW9LLWlCb25XbW43RTY1aU9hcE43NGtKOEtGaU5SWHRTVTdORmtWMjRIN0dUY1N1dHVra25yT3VTNmJsVTZ5Tm1yb3lKaFhfQXFIcG5HVXM2QUV5RS1pdkZVYlRkd0VuUG0xRUp2R0JocU5TRGFSLTZKTWs4RVFxVVlwZ3VjbHk0SFBtTE1LVUlCOEd4MHV4dnNidFdEMWhoM2RVaGtZLV9TWkpsT1lKaUtnSnk00gHWAUFVX3lxTE9UTTBFQWVHME1tUlRoTEo3UnY4RzVMa1pWNWJtX2J4OW8xVnYtaXJoTHVZSzFIMDVMN0dVUmtKYW4wd05EVUNsT0cxYTR6bDZBeWVzYm9UWjFaaV9sVjYtN1JxZTlnMHVxeWpTN2R1Z1pZT2Z4RFFiLV9aYjJ2UDFtdHNGa1hxWmtJRWRRVHFKRmxtbVRoMWNqN2JodjN1azg1U3E3bEJQZjhSY2VYTnBsTFNkTS0yMndTSW84ZGdWLTF5d2UxYkRRYUg2QUxxb0w5c2oxb3c?oc=5
YUMC,2025-12-16,Which Restaurant Stock Could Be the Breakout Star of 2026?,Yahoo Finance,https://news.google.com/rss/articles/CBMiigFBVV95cUxQNEJXUWpHTVlwR3ZjdmNuTUF2aWFfak5Jak9ic201Y0ZLTm53R2pac0ZNWEpQOW85STlTTWU5cjd2aVMwT20zOXRBTkVqTnRCTVRxaVg4b2ZmU2tPQnY3cFp2bGduZDVzRk8xWVdVQngtUGt5WURBNHVDbXpiQmNxdW5UeVVTbW1mX3c?oc=5
YUMC,2025-12-16,"With 85% ownership in Yum! Brands, Inc. (NYSE:YUM), institutional investors have a lot riding on the business",Yahoo Finance,https://news.google.com/rss/articles/CBMifkFVX3lxTFAzWVNvdEJiaWFUVm1pdnphMGlHS0N4ZWpodGQ5SnVna01JSjNocnVjWnlBS3JvMEhDb1B1U0xDQ1FiZjc5VXpRdU5YMXdaV2czM1U5UmZ2TlJNRlRobERVeEZHLWg2a2ZMUEVvZ1RFTWFzRlJuajA1WlotOVFYUQ?oc=5
YUMC,2025-12-26,"Luckin Coffee: Still Growing, Still Profitable, Still A Buy (OTCMKTS:LKNCY)",Seeking Alpha,https://news.google.com/rss/articles/CBMingFBVV95cUxOQ1RQRVdoSVBobjVMekduMXhuM3lTUGp4OUpMSHZaQTdtd3NsYklOZE5NdGJtSVE4RERlcTlJUkVRa1d2R2piQnd6NS1pUWt4cjNiSG1xZFk2b29jRDVwY3cwOEpCcU0zczlJT2Z1bVZWRWM4NXhqQW5IWjVJeUJIQU91ZENrRHlmVzZIdkFobVBxOXhOUWJhWUxNMlF1Zw?oc=5
YUMC,2025-12-30,"XY Capital Dumps 419,000 JD.com Shares in $13.7 Million Exit",The Motley Fool,https://news.google.com/rss/articles/CBMipwFBVV95cUxPb3FCS0dINzlNZW9SNzh4STJtcTMyMTUwLWVtU3VqNFpIV0plOTFMTEdNak10RGVUU2ZicGphXy1RajhjblExYjlKYVFEeURIWVg2WExqY1BQdEZjWDhWOFJJdG9yOTkxVmh1aU1jNjVmSTZUdnVmOWxWYVByVTZ5c1FHYTA4UlJzUnpJTkVyaUpTTmhGSUpFT2lGNEJ5RHl4UlN1Ynp0cw?oc=5
YUMC,2026-01-02,Yum China: Favorable Prospects Justify A 'Buy' (NYSE:YUMC),Seeking Alpha,https://news.google.com/rss/articles/CBMijAFBVV95cUxOOUU5NDdGbnc1VEptVUJ0SG4zclJiLTZlakhycjhHempteHM0WnF4cU1kSzgtaC1tbkNTUktFakprWTFMcHBOV3lCVmJfZjJsWWw0d01UdlNmcHo5bTY1X0YweUNybHNyS0hsajl4eUNLME1GQjBUaU5ESXJDNUxKNDhsSC1Uamd6NUpPbQ?oc=5
YUMC,2026-01-02,Shares of KFC and Pizza Hut Indian operator Devyani jump on merger with rival franchisee Sapphire,CNBC,https://news.google.com/rss/articles/CBMirgFBVV95cUxOUEF4NVAyTmQyZE9vMWN5QkowYUwzNjFwb0NrS0VBMjEwaXgydS1VYndhOG1haG5TdTdPRkV0RkpjZWVGbWlPR2thX1R2Uy1Dbi1JdGxmS3g5bDJNc3hlV3E5WFZvQXRYZ3JkLUExM0JDYVFZSTMxTjlLTXJ3RWwzTXNzZlpWbjBZcW0zOE1SZWtCZlhqNlBqR2hyZ2RBSGVKamFkaERJSE5TbTFKdXfSAbMBQVVfeXFMTzNBUnhNS3gxaFJBVzlHZG84X1lDSXlMUmZacmFLcmV5UkhpS3FNSkFBM2gyenNPZHRndU9lakdFRDZKTXNEakdVZDYtLXNTbldHak03R2U3Q3k4TldubjV0bVZ4a2pnQnNvS1FJLUxGN3V5TnVwemtTMXc5OFo1NGpIcDBnNnQ1Qno4aUh2WnRJSVFCeUVxeFlaTWVmQW9keXhGUFRPOGNPS3JzLWhHLXBhTjA?oc=5
YUMC,2026-01-08,U.S. investors will get a crack at another chicken chain in Jollibee,Restaurant Business,https://news.google.com/rss/articles/CBMiqAFBVV95cUxPN045TGVscTZSM3QwUFlVdU8xcEJXLVZET0JiQXoyQWhMVlRwdmdNaUI0czhVY2xENlo4cW1tbmt4RFdYTEowRWRGRTJFRS1kZVp0M3lfQTRGTGhMMDFHRm4tbXdYc09teHRwUEVCdFpBQjlVR3ROZGcxNXpLZHhjdjBpTElDMXJZWWU5cXdRZ0NjdEdVbEoyQWJUdU1ESU5xOHpMbFN4bEY?oc=5
YUMC,2026-01-09,How to Buy KFC Stock (YUM),The Motley Fool,https://news.google.com/rss/articles/CBMihgFBVV95cUxQV2tNeUNHc19BMnJPNDdDN3FwQ2p5azdFdTlNM1Qxc25TUWMxaTZwckNjLUtndzhmWmVfR1dIT2E2VWM2UDB1Q01penZXX3ZvZk10eC1hM2YyQWlpVWUwMVRBejVlQVRlWl9LT1Z2NF80djNlcEN0VkQxVU9oX05wR2pGdGpvUQ?oc=5
YUMC,2026-01-11,Where stock analysts predict China’s consumers will spend in 2026,CNBC,https://news.google.com/rss/articles/CBMiowFBVV95cUxPMm9tWlpQX1ZjX0JJV1ZEOU56U3VaSUVEbU1DcFlUdEJMT2NtMEJfZkQ3U2dWLWIwSkE3Q1RnWkJtZXJ1SUptV2Z5SDRyS2lPNGoybWZvX3d6Ynl2eU45MFRYbmZ2ZTBBdnJqRXFyalJQaF9vekFBS3Zyb3hJbnpOanc4MGpmOTBHMk5lWExlT2QxemtsX1J2dW9SZWZvX3RRc0Vr?oc=5
YUMC,2026-01-13,"Move over, burger joints. Yuen Kee dishes up China-flavored fast-food IPO",thebambooworks.com,https://news.google.com/rss/articles/CBMioAFBVV95cUxOdFhSbmwyaDFvbkNoNHFnazU5SV96T3B6a3hTNlVfU0NobXZQR3g4M093LTZQanBfc0ZTTU1wTWltUXJGV2FpSm1SVXpnRjJVV3BTZTh5VzlzckJMWmlxcW5fYnAyUF92N0pGby1UQ2ZoeTZpMG5EVHI4R2ppSURLUWpqMXVqVWF2aGpIZHhDMDV5Vm5CcjNfZ0J6cU1UdkZS?oc=5
YUMC,2026-01-20,Yum China: Recent Same Store Sales Shows Meaningful Improvement (NYSE:YUMC),Seeking Alpha,https://news.google.com/rss/articles/CBMirgFBVV95cUxONm9CekJwMWRmcGNyWFdmdERhVkNaQ0lTT3dVZUtBUWJKMURIZklxRlRYY3h4eVFmOVRnRHEzaThmMWNaVXpIVEszUWlqeFNublI3VnJ4LS1QUFdhbU9MZU5kLUlvMnc0UEtjVzRTMXduVTExLXhlMTJrMHpZQk9YN3JNdWw0WVppQzRmT1dZN1U2cjY1Z1ViWmZCbUd6ZTdmTWhqYXc0VkQ2MzExS2c?oc=5
YUMC,2026-01-20,Big Catering hopes investors warm to its Chinese-style pizzas,thebambooworks.com,https://news.google.com/rss/articles/CBMikwFBVV95cUxNRElOOTdXUHE0SHRnbk9ScGhwdlU1aThoOUNLdGdpbXl3VEZVbjdQdjUtdzNENWFDTi1TbXBvQTNmQi1jUFhnYm5oLUxVUEc1akpteXB3TlRuQjJRaTIwZ0tqbElJdTFkbUI0VUI2TmNEaUF3YjN4aHlVc0RGbFdIZFdkOEtPUkM4bkZDaVNkZnowME0?oc=5
YUMC,2026-01-20,People are seriously confused about what 'neeps' actually are,FOODbible,https://news.google.com/rss/articles/CBMikgFBVV95cUxQR0phbTBrQU01UHkzVTRJNG9hc3NLdFE3RVVzUGRDZ2dkdmRyRUp4NEV3V2FKVVJ1bEUzdFV4RDM1eWdfNllZUnRDSTMyam5lUENnU1owV1dYTVRzWEg4MG02MVlTcHd0UW5WdTJTdVl3eFlUeHFET21mRVlXRUY5NDg1ai0zZlBacVZVczgxNWRFQQ?oc=5
YUMC,2026-01-21,18 of the Best Stocks and ETFs to Buy Based on 2026 Expert Forecasts,Morningstar,https://news.google.com/rss/articles/CBMinAFBVV95cUxOSldiN3lVamt5bFRQaWIwTGxHT0NpLXZZdzFTUTdtU0tjeUFqcVhGMnR0dHA4R2J1eEVlQmxCT3VLY3VZQ0VsbkNjSTFHbTlRQ1NwM0hjXzM0MTJaN0J4V3ItdXBXeUZGUG9SYXlvUThsaTdpNXp1SlNRVnpmU0JMWVg5WURiR1gwRHVvX3dUdzlrMFZuVmxUWGcxekQ?oc=5
YUMC,2026-01-21,"Pre-market Overview of U.S. Stocks | Major futures indices decline ahead of Trump's Davos speech; Gold and silver stocks show strong pre-market performance, with Hycroft Mining surging over 9%; Bessent: Unfazed by U.S. Treasury bond sell-off",富途牛牛,https://news.google.com/rss/articles/CBMipgFBVV95cUxQU3NRcEl2ZzdGMVUtVEplOXF6T2g3X2lOU3Ffazc0V3ZOYUlwV3NsRDU5VE4tdUJoR2hYRTNIVTAtZHFhZDdQaE1tWkx6eURvNk9TZjFiVzR2RlhsNndjZ2t0cEhHSU5XMGtaYUhpbEIwcDlaeV9ya2oyUlNfZTZDWVZqRFNrN3o5YmIyV1MtaEJNb29yOVZCX3Vrb1VaaVY2QlpkZnZB?oc=5
YUMC,2026-01-22,PGJ: One Of The Less-Appealing Chinese ETFs,Seeking Alpha,https://news.google.com/rss/articles/CBMie0FVX3lxTE52UVBOSWI4a1VKUWp5UTBVMmd2TEcxUXNmdlZoMEI1cU1pZW9Say1jZS1vZTR3VzFtR09ubmpCODRfR3JxekFoRXd5OUxva2M2OVRKa1c3M19fd3MyOXdjTmtZX2xnRlNIMHl5b3hKd3ZFVkZYaFJpaVJSWQ?oc=5
YUMC,2026-02-05,Hang Seng Index opens lower as tech shares lead decline,Dimsum Daily,https://news.google.com/rss/articles/CBMiiwFBVV95cUxNNkRIdEVlck1nUnZKbFYwYmpXMlllbVFOREdDN3pnejJFdk9STy1kZnJ5V1ROa3phUDM1M3hObGlVTjZENU5rOWh3b2dVdVhvYjJaQ3ZYUXFzbnBOZmN6RWdRUGQ0ZnhZby1FUzZEY1FsbHlqWlY4X294RGEwT1NBSlEySU1lU0hqZjRB?oc=5
YUMC,2026-02-05,Pizza Hut closing 250 US stores as parent company considers selling the brand,Yahoo Finance,https://news.google.com/rss/articles/CBMiekFVX3lxTE5BRXhlcGhnck5PR2trajkwc0l2dl9hMUY4VVdyTDM3cjBwb1JwM1lmVW9VZWNyY2tPOFRCbTlLZFdGUkt6SS05cURLUTdUdGY3dk9lU0s0endSWVFNS19hUkJOMjJWVGRsNHNsUDhrbnZjYnlZeVBqdW93?oc=5
YUMC,2026-02-06,CP Group-backed Muyuan eyes global expansion with $1.4bn Hong Kong listing,Nikkei Asia,https://news.google.com/rss/articles/CBMiugFBVV95cUxPMXh5UHNYUHZINEZ4cDhVUXRVWjZxVFBfUHpiR20zS0drZVl1Rk9GMVNxTWkzN3pnZC16cHhDVXVEbzdqc2tpNGZTS3ZJbEVRWk56eTg3RlNwc1ZNT0VaczJndTNVSU1ObmFvdGpXeHc5Ynd3a3paVkVjbE5kNjNKZ196NDNiMjkwSFFMYUpMakJPb0t5dXk4cUljLUk4VTVaeV81UUtFN3h0SWJ4TXB5czREWGphZW9tcnc?oc=5
YUMC,2026-02-09,Yum! Brands: The 'Taco Bell-ification' Of KFC (Rating Downgrade),Seeking Alpha,https://news.google.com/rss/articles/CBMioAFBVV95cUxNR3dIeDV3aFhlMFFSejVwYVM3T2NIYl96N2hjcHBwZmtnZHZ4a2ZTSUtmUnFTcWhsUzNOQWpSZVQwdkZaQ2FaZ1JXazBhSEw1Y2oycVJ0SXNWUk9wMUY3VWxGTkp6WEJzYjlqa21vZnA1YTdVWFYzemVZTW5OLWxEcE9ITGVFNzdncXdUN1BMWFF0dndVS0RoeS16VjN6UVA5?oc=5
YUMC,2026-02-09,"Yum! Brands: Despite Taco Bell Success, Don’t Pay A Premium (Upgrade) (NYSE:YUM)",Seeking Alpha,https://news.google.com/rss/articles/CBMipwFBVV95cUxNSTIzZWFTbWFNbTA5cm5qWkxfeHl1Q0JqUTk4NnZMdnJZbUFmVzRuYk94NzRJbnhzYUZzUVlqUjdmeHpSUGd6ZTcwWWZlTlhVZS1DM0NaUU8tUnFZaFF4azVOWGZfMTVoeDdmdkl4cHljOFlSa3lkZDhIZDh5a202VDU2Qk5VYk1MN3VQS292WXdQcjFoaGlJZ2s3dUVvTHRRYzlMOHM0Zw?oc=5
YUMC,2026-02-11,Wendy's (WEN) To Report Earnings Tomorrow: Here Is What To Expect,StockStory,https://news.google.com/rss/articles/CBMivgFBVV95cUxPU1prc29WSzNNeFlXWWtEU3lGanZmV2dqdGR4MnVaSEw2aWRFUElkUXF5alVWc3VBTzd0emhzaTF1bVBfaWRPd05HQ2d0Y0FMa1kyU3VYSXBDUW1QTmxXZ2dwNTZoX0xkZUdMakpwcU9BSFVEbzl0a29lN3NmeGRwNXRlcms5d2R1NENWQ19FZzlfcEE3eExLdnM1TjBoYUNYODQtdV9GcmxzNjZiNV9HRUJqYjJHT3dwX283Z293?oc=5
YUMC,2026-02-11,McDonald’s vs. Yum! Brands: Which Wins the Battle for India as US Growth Slows?,24/7 Wall St.,https://news.google.com/rss/articles/CBMiugFBVV95cUxOaGo1QnNPWWFzX21sdnVCSjZCb1lNa3ZvbHNHN1pIOFp1QThNSmR3MGtRNkV2b0hJUTF6YzIzUEZjM3J1VjkzcG40QzRLV19Ca0tqSGFwcDFUNm10QV9PWUtrbGhMUF9XRjZYMnI5S3hpNFJqdDl3Y2tkYXRKMGdVU2dEYnptbHdWUi1fYkoyX0puV3RVX05xS2o4dUJlbTQ2VGxuX0VhMGxtLWhIYzB3S2cyVDNsbk00U0E?oc=5
YUMC,2026-02-12,Is WalMart de Mexico (WMMVY) Outperforming Other Retail-Wholesale Stocks This Year?,Yahoo Finance,https://news.google.com/rss/articles/CBMijwFBVV95cUxQZkJmdmxfeU1oTFVGc3hQcXl4bDJ2OWJOd1ZUOHNLV2ZieVVpVkdENXNpd3B0amx5c1RPZ2hldHhDNHVmenZ4dk50eEFwRjJjUTRYVWU4X1hUSDZrU1EwV3l6T004QWtZd251SlllUUJfZ0IxSld5d2RzSVVGV3VHTlJ0VWl6V1BOSHRlVTVGYw?oc=5
YUMC,2026-02-16,Yum China Holdings: Quarter And FYE Results Were Tasty Indeed! Reiterating A Strong Buy,Seeking Alpha,https://news.google.com/rss/articles/CBMivAFBVV95cUxOLThvWlY0RWF0YVBMVFhzNWV1bEhUb255RW5OZDNzbkdEeE5EVlZMUTFEZGxIUUhTa2JwSTllV1pJZ0k4RHdVVEEzZHFuZlg1OE5sNjZmdGU0cUN6YkN1ODJfcjJ3dVdhczRFUGJ2SzFFc1dqLXBxempRc2xuS0xVR1ZzMEpzLXVaQ3BkVF9LUWN3VzVJXzQzQXN2eE1rZkp0V3RuRThnWUItY0lTNGUxV01jMXRNblNQTU4wbw?oc=5
YUMC,2026-02-21,Earnings To Watch: Domino's (DPZ) Reports Q4 Results Tomorrow,StockStory,https://news.google.com/rss/articles/CBMitgFBVV95cUxNSTRDLWFac0IyTk15MGtYMnoyR1QySnNtaWN1ZEFRM3R6X3Mwa3FrSldNQUtmT29hem9PXzM5VmY3bjVRUHlVMU1XU3U1aVREUHFnUnp3aGVPNXQ3eGtSZzNaZjRGcTIxSHRBV2dQTVlHWFVvS1prVk1nUDE3bnFWQWlVMk9HTWdrU3hNdl9XY05SVDlIZ3d5YnF3Z3pPbU9RdUpzUFV2SXlZOHBKWXdfY0hZdkQ0UQ?oc=5
YUMC,2026-02-23,3 More Stocks to Invest In Before They’re No Longer Bargains,Morningstar,https://news.google.com/rss/articles/CBMingFBVV95cUxPd1c3X3lXX0NPRWVrX3BCNmJ2UWl1QXVlenM2Yi11S1dxUm5JdS1oZ2REcWJPbFFzXzZGeVJzZ0N0Z054STlKZko4dndCNzJQa25CYzl0ZVlUQkk0TzFzVGxCR2pad1lvbGhGYkRuaVVuUEI0SGY0X0NwLXFrLW9MVnBCNmNKdWd6M0hlWGtuVjlnQW5GSnd2dGt5OGNxdw?oc=5
YUMC,2026-03-02,"Yum China Holdings CEO Sells Over 100,000 Shares for $5 Million",The Motley Fool,https://news.google.com/rss/articles/CBMitgFBVV95cUxORFFac0tYZFpjTmp3N2g3bjN6ZzZIeWVGQThmSEY4ZHpXQ3VseWhTV09YSXdjb1pMS2Q2ekpBa1E2U3lkMnFCVVFXaGdVRUo1UU9RN1hrRjA5SDNHMGI5b1JQS1Y2MGdkS21qa1ZrV3k2WW5NRzA1a21pdGNWSzNvQ3VqM1N4WThoLWRnT1o4Uk1SZWMtY1c3MGpPb096amlKRWZTUFZqZ0F4Z19WNUdOWnVpUHFCdw?oc=5
YUMC,2026-03-05,Oversold Chinese stocks: Alibaba leads low-RSI pack as Beijing targets 4.5-5% growth (BABA:NYSE),Seeking Alpha,https://news.google.com/rss/articles/CBMiuwFBVV95cUxPT1J0TjZkREpqMzFoSXNxeHJ6Z0V6RDdqeS1DZHViOVJKYkxXRnVOM09rZ0N5X2N5X29GZUVqTkg4Y1VEYmlVS2ZOVV9GMll1cGZpeWZvUVZzeHpvaEFmU3RsVnFTdmJfaEQtQlNBVmlsS1NMN2xRY0JyZHQ2QktxbjNaUGROVnAxNmYtQ0JON2dKVHNxTWF2ZHlBc3pQRDFHREhKNnpLM2FyUklxTTVXWUYwVmo4RUJDWU9F?oc=5
YUMC,2026-03-08,1 Profitable Stock Worth Investigating and 2 We Find Risky,StockStory,https://news.google.com/rss/articles/CBMivAFBVV95cUxQNV9SRW5KLWYtV2dsQ2hqNW11dEpEMGFlcDdKcjVwaGRHLXMwdi1WQU5RZzZmc1hIUjIzRjNCcHNEcTFub3lQN3JySjRwMUppLWdlbFltc01yMklKbklqcUViR2lCSFhxX2EtelBHell5MlRqWWJrd1BmajVtVkRzNENMaDBBc0ZhOTZUblVzTzVMSGNvRXVvQXgybW5KV3pQVXp0RG80VXdIQ0RpeUdMdFNTTkVrQ0pqZ05vNg?oc=5
YUMC,2026-03-09,Yum! Brands stock reacts to $1.5 billion Pizza Hut sale and latest earnings,AD HOC NEWS,https://news.google.com/rss/articles/CBMixgFBVV95cUxPYlRGdGlBdlJoRTFOSEdLUEhRRE5EZUVxOVlDUGYxZFd2b2RfUUVrR0pmZXBPbDU2ZHY2RlUxVUI2dXVmM3BKR2sxdHY0S0wtQk5QU3hOa1VfWXdzQ1QwQW0telM2enp4b0JtRHVJVG9Zc2hKamVpWHA2SXd2dGRtdmFkQ1BBenpIMnVmQVRUYVo4MWFaZmZhMWd4WjlJOExrUjdWTlQya1dpa3pELTd4RWRBLVhUQ2p1Y3JGdmI0TlhOWXZEVUE?oc=5
YUMC,2026-03-09,Yum China stock reacts to Pizza Hut deal as Q2 2026 growth impresses,AD HOC NEWS,https://news.google.com/rss/articles/CBMixgFBVV95cUxNU2tObE93cFNBWHVoOXB4M2x2anVfMzZwOF9Ld3ZuaW80cjdQZG0xS3VJcWNnazBQdC16aE1ZTXNxNzQwWVhJTGV4UHM5VE9wLTY4alVUQmFmSTNlX2Fld2ZWNVFxRnExc0pvWFhjU2owUHBabDM1QkVGcXR6ejY2blZSZlNSYkRHd0d4Ny1nclI5YThYT3lMd0h3eFdySklPZXkxNjAtY0dnR0NKdnRSUmpvLTNlZExhZjU5d1hJNEQzc2dyb2c?oc=5
YUMC,2026-03-11,Ranked: World’s Largest Fast Food Chain,Voronoi by Visual Capitalist,https://news.google.com/rss/articles/CBMihAFBVV95cUxPSG9YUFo4TGE4YVczWGc0VjJ0NUxZdDFTWWllQmRZSHczWC1tczFOZ3dNTEZtTHZhX0lmV0hMTURBb3FLM1djNWhINUNDSmFxaDRoOXdidWVHb092b09XV29NTE1WU3QzcExXaEZqNURFQ3VJMVlWSkJPVzVKVTdUOEhLSFM?oc=5
YUMC,2026-03-15,TradFi stock listing: 50 stock CFDs now live on Bybit TradFi!,Bybit,https://news.google.com/rss/articles/CBMiwgFBVV95cUxPaFB6S241XzJ2ZHEwRjUtQ01NNi1PQUVHQ19ISGZjSm1qVEhDRXZVbHpoT1NGZFo2N0tIX1RvTWtkV2VzYW51YmVqTGNtcVJVeHA0TkR0TlIxTzZiWDZ0MzM2c2prRUgzdmo5a2ZnOWw0RmZaZWU3VGowMU9lODJjWW1NWXdBUnVaMER6dFhHdmprejdRNWJFLWkxakhFY1JWLUFtZkdVcWljbGtLemJKUW82MXQ3MVFPcE00S1RhbWZKQQ?oc=5
YUMC,2026-03-16,China ETF News: Retail Sales Beat Estimates,KraneShares,https://news.google.com/rss/articles/CBMidkFVX3lxTE1qMlptTmpVc3JEeWNrczE0MzQ4SWpGTGR0SlJyMjBNbHlITFNaZ2lqaTk2SkRVdDZ2M0JUYmVDLTRHR212R1A3VVZGS0xtaE4zWEQzOFhpSi1LN19LTmhaUmhqUUVIOXJMcm1qTE1HX1JTQWNUM1E?oc=5
YUMC,2026-03-17,"China ETF News: Trump Delays China Trip, Tencent Reports Earnings Tomorrow",KraneShares,https://news.google.com/rss/articles/CBMiigFBVV95cUxOYlljNXVBRFYwa2dTUTVZeTV2N3dJTUxuSkZJYlpINFZXODlfNmZuMWVYeGdPUXN4ay1NaVZUdVJjX1FodUxLU201elVkUksxQmNtR1FDYmQ3cTB0M2pGLURZSnBEOVhuNURZaUpXaUw1YjZRUFFvYjEyLUIzNFFYT0ZxaXZWckJpaUE?oc=5
YUMC,2026-03-18,China ETF News: Tencent Results In Line As Free Cash Flow Increases 6X,KraneShares,https://news.google.com/rss/articles/CBMimgFBVV95cUxQUXg0VEJrcW1kMWRiZlFZZ1NhcUQ4QXNrUFNYc2ViYWNkT1ZJeEhNMVktUU4yd2FqTDRvMWgzQ3RCZFJ3V2JhS1djNmUzbXhLdWZTNWxFVzBEX29HU3Z1bkQ3TjZEd3h6ZzJlVXp6UW5zSzV0dDdWVFFuNXVRdHZRZk9jNDlCZzM3VURPT3gwUmE3RjNWM2E5WXFn?oc=5
YUMC,2026-03-20,"China ETF News: Risk Off Despite Strong Earnings In Consumer Sectors, Week in Review",KraneShares,https://news.google.com/rss/articles/CBMiqwFBVV95cUxPVU05RXE0SmxKZDF4bGdrRFpNbnFCSU05N2pIaUJFd09Kd240TUJZUEtfWVMxYk01UVNEQWUwT29TWHZRMFNtOW5DUXhEeThvLUtYMlhmM013NFFrZXR5Tm83RThEbFMwazhMeVdfN0FWX2dwaGR6b195TmtkSTNRRnlSOXlxNzlxSWJlZmZtN1VNTVliTGs5dzVvZEtZTy1NME9tZVJWUlNQTE0?oc=5
YUMC,2026-03-22,Q4 Earnings Highlights: Starbucks (NASDAQ:SBUX) Vs The Rest Of The Traditional Fast Food Stocks,StockStory,https://news.google.com/rss/articles/CBMi5wFBVV95cUxNa2F6RzE1YTFMWDNVTXpfVDktdjZDWUtTczIzUnd4R0dwa0tocGhiS29ZbWhIMmtJVEhVM2RqSWxFeTFGREV2R3Y3RlNqMmR2dFVWTVI1dGdRd3RkUDV3bU5iTkJySjdvSDZ6VUN5RnZ0aHNrdGJSZjEwZ1dYbUpfV2pRSFhQb3lNQ1BZeU1sd2dNU3lWWnQ5dmN5Szk2QVozbnpNdkZsQzNNUzB6RmNFaThhbjNSU0J4aTV6cTJ5c2VVeW1oZVNhMXJ5WWFCTlhyQnZXc2lEU3I4UXBSVjRaU0x0TXoybkk?oc=5
YUMC,2026-03-23,China ETF News: Mainland Investors Buy Hong Kong Stocks On Weakness,KraneShares,https://news.google.com/rss/articles/CBMilgFBVV95cUxNTG5qb0hWNlhiczNhczJJeTgtYUYyVnNrb0c1YTFtZ0J4WnFnRk16emVsUUEwdEhwNUZiVkJhd0E5cGpWeXNjdk54V1VNVFRMbzI4bjR0S0w4alluVjZpbVJTSjdQblVNWG9sTmZNZzRlZVhhbnR1NWJ5VHVMOTJiTldLT3JrNUlGWTVNTHBveU0tMzZIRnc?oc=5
YUMC,2026-03-24,"The case for HUL, Nestle India spinoffs from their European heritage",Livemint,https://news.google.com/rss/articles/CBMi2wFBVV95cUxNbk1Pcmg3LUo3ZExrUFo3RHB6M3o3akNVd1hHbEVxeEl5b2RPVHNPSklKM3NxQ3lKQi1zSFpBUW1EU0V5V3ROcnVRdldJUzR3MlpkWnQxby1vOVBZZXpucVhCa0lDQTI5U1Z3czNYRnBMNHBFcmpoVW9VTjhERTdvcHMtWFJhU0c0SVdfeVB2OEY4bWdNV0xGTldPVzVNOG9oUDFsdFdjYXJKcmxIeUdDeGc5cnVwUzcxNm9DMHF3OXUzUTRHMEpkc1J0T2RlZlVtNHBPUnZ3Yzk4R2fSAeABQVVfeXFMTUhXMktuWF9LZ01KNHduRVEwUXhYejVFeE42N09GbVRUT1RNNzM0TWhYdmtCWDlvaGI4RTVHTTIwRXAtNlVFZlFjazkwZWxONGM2ajdabmZCUXRkZXZhN25sWEFmQTVGUlRGV19NMWEyNUhBVlY0S2VQTFhrVUVHcktfNXZtYVE2SWNqRVNLcXFuTmc2bk1Sd0RkRVRQQ1NUY1kwemlhNXU0cVBsMmdXOVE2aDVGRFd6RlRNMm1EUFZGWmNFYWNWNm1HWm5hWTB3WEZhSjBUMXVYQmsweGwycGY?oc=5
YUMC,2026-03-25,"China ETF News: Alibaba, JD, & Meituan Rocket On “The Takeout War Is Over”",KraneShares,https://news.google.com/rss/articles/CBMilwFBVV95cUxPNjJ3bFBpSFNUeXdtNXIxanFDSm5hTF82ZGk5RWwxOGtkU2NpVGVhMXFDTFJwZFVvdm1ySTU5a0UySm5sSjgzdU0yV1o4YnFQNldXalhIWjVUMUNvWGFRbWNORHAxbG5kZ0h2U3ZCVUhoanEtdm1pMGhnSW5rQ0UtODUzVld5allUeU1GUzk2VHlzb1VPd1c0?oc=5
YUMC,2026-03-26,China ETF News: Risk Off as SAMR Holds First Company Meeting on Fair Competition,KraneShares,https://news.google.com/rss/articles/CBMimgFBVV95cUxOTE1sUTNjVUFkS0dXMHBmcjdqZmJQbl9UR1NGclJnS0VBdjZaZFNWSWVUTzFtYkVFcVIwU1kxYi1yTHpwc3p3bmI1aEVYNG5HZFFJbkpDVGQtQ2ZjSmE2c3pkQ3djcVhzWHpKZHpaQXdrdU9GZDUzMlZNM3J2amNHWDU3dUF0U1FEZGEta0lCZWdGTHVYbzlsWE13?oc=5
YUMC,2026-03-28,Does Yum China Holdings (YUMC) Look Attractive After Recent Share Price Weakness,Yahoo Finance,https://news.google.com/rss/articles/CBMimAFBVV95cUxPaFdPcV9qZXZQcWNGWFFoWnFkeWViVGplRG1HczdoSi0tc1dqX1FJckxGVHIwTUMxRDZ0WFBaVmhYM0NSenRKdU8zcDlRMUZOOTMtXzJUV3daRGltLWNNRWQxMHkxZGJOMzNwR08tWjBidjFncHl2ZmZlVWcxclVRblJTVFBxNV9GMUpJV1Q3bGxoalJiSEZScA?oc=5
YUMC,2026-04-08,"Chipotle and Yum China Shares Skyrocket, What You Need To Know",TradingView,https://news.google.com/rss/articles/CBMivwFBVV95cUxPa0R2YlRUVElrSnMyNkVCVDRDTm1PTnFrRXFSRkRaTnhDY2R3MDVxS09yUXIyNEc2VlI4R2hLbXhXVWRiMHhMeWV0UmZSLXNtMHpOZWtTQVUya3M3bmlOdGd0c2dacGh6REFvU1VpVlVjYTYxVWxUcG9jZ3NpaDBzN3pPREYtQVMtVFdPbDlyT1NhWElfanlPcFBYanhHenh5N1YxUmVSbGZBcnpqaEJMT0g3bHNOcm5xQl92Q3JuYw?oc=5
YUMC,2026-04-08,Lavazza shares full 2025 financial results,Global Coffee Report,https://news.google.com/rss/articles/CBMidEFVX3lxTE1ETnlHX1lUSzQ1WVNWVll5MEJKTl9NWDNpR2djRVFaRFRHTldTMWZNSHpoUXBIaU8tdlJnN2YtYUNNM21QeFlmQk96ejFveFJudjJ1Uk55T3FTNThldWd3RmpXUXRqeE1yRnF1Q2xKSlQ0UjAw?oc=5
YUMC,2026-04-09,"Fast food, faster charging? BYD and KFC China collaborate to offer 9-minute refueling stations",CNBC,https://news.google.com/rss/articles/CBMiqgFBVV95cUxNYm1YLXZZTWlWSTdMRjQ4NXhCLXdlajRGUHVqMko2bEdUa2dtRjVfd1pDUzhnZ0ZJbzNqLWx6NDdjdGJrblZCc1d1dldLWl9TNGNnWXVoRVdKQ0ZSbVpMcG5PU3hzeGZqMk45U0l5TGR0YlI3MnF2SXBaS1d6eGlLWnhsZTRRbmhNc0pCX0s1RnJSSWFGcDctTlkyak9IdGUzUkhGOXZKR25yd9IBrwFBVV95cUxNaHg1X01CY2dwSnZoVEpWVGdERnYySExnS3V1ai1FaGh3bzlic0dDY01Tckc4UXNWdkRGQjFBT3dzNDJpQUdrdE96aGZaMl9KcW5IVWg4QmFhWHA2MC1mY0FBUEJXczZkTnlNUTJmTDc1VklRQXN4M2FraHVmN29vX0QyaTlkMjQtajhrYlJUUWNrSUx6c0pMM0dyRDFNTE5qYlpIeE1hZHJtQ2lrQ1M0?oc=5
YUMC,2026-04-09,YUMC or CMG: Which Is the Better Value Stock Right Now?,qz.com,https://news.google.com/rss/articles/CBMid0FVX3lxTE9KaGVIV0NQNk5QQ3NPRkJXSjNWckxzUkNYLWllNkRILWU0N0E4b1N2V1RyODZzQVdsQWRHSmJBTjJQWm9CZC1VeWhIVlMxbkRRZFFRUExoRWMxUjFtYWR0T1Z3Wm9JSWs2RGs2a1FFNGVqYi1Dd1R3?oc=5
YUMC,2026-04-09,How The Yum China (YUMC) Story Is Shifting As Analyst Views And Valuation Models Evolve,Yahoo Finance,https://news.google.com/rss/articles/CBMimgFBVV95cUxNSFNNb0hKSmhlYjZCZ3RkMGNkTTlDVkJSSGc0WWFTMUZ1YXp3WkhSVHRKQml3RVB3T3hiRjkwZk1kVmI1Z0dDS1NrZFVVN2RUV2dtWjU2VG9rY1lfRGZBQm1VVkJCZjVaRE8yQUxGVngyc2dYazJQLWQyQzdTVHlnWG0yM1RRb1VmbHJ5Z0JWbWFRVDlTVUtJTVVn?oc=5
YUMC,2026-04-10,Traditional Fast Food Stocks Q4 Results: Benchmarking McDonald's (NYSE:MCD),TradingView,https://news.google.com/rss/articles/CBMizgFBVV95cUxPVGs1NzRfNkJRQTBKQUpxQmx5ZFZNdnVhOUhWYUVOZzBhREpXWmFNdG8tbEhLUlZmcV9ReU10TVQ1ZzRQRXIyeGF0eEt5V0JhU25BZDF4U0dGNEZBbEhmbkZzakJMdEYtaXllS1pWQXY3elhuZExjX2VNQS1iNFM4UkFmRV9IVGt4N0xqUUc4MHEwOW8yelF6dkpfLU80SGE1VmM1b1VJRGZPVHlaSlRyb2ZJUkpTU004ZWkzQm5FT0ZzQ1FPY0hqSE5keW5tZw?oc=5
YUMC,2026-04-10,3 Restaurant Stocks We Steer Clear Of,Yahoo Finance,https://news.google.com/rss/articles/CBMinAFBVV95cUxPMlpSLXUxeFJqSWFFcUZGQkJrbzdleDBraVZjVm5NdDlmSzFUVmlYczVpa1pvX0psVmtzU2NkRExYQnROTnJSTmE0NFdib3VyUDBGS0lsWTludllTZmh4QzJTNVgtRDRkZ2dVQkgyUzRBcUNwbDhyUk9SWWt1a2FvWXdTaFRsTWlrNUdwV01XWDV4NEl3LTRYNUtaQXU?oc=5
YUMC,2026-04-11,YUM China Holdings Inc (NYSE:YUMC) Passes Key Quality Investing Filters,ChartMill,https://news.google.com/rss/articles/CBMivAFBVV95cUxQZ2tvZlNYWVJ4RzBLVVhFOHVxY3lxUFZTRW9NbUQ5NGhFWnRrNkpFQTlTZFNMZDFCVEZWYng1cHVITzRMWFdPcDYxcjlfTXo3UHRhMnBwYl92UHR4OGY0WlFabEVfT1lVZFZJQnktNmNxTnRqTmZnOHlFS2pFRXk0V3ZjRXMybWM2b3hMZVZyZm9ZQUpRd2w0OTNTZFNxMVRxNFlvMlJSYXdiNDh6YjdidDhjWDhZRmZ1X3ZmaQ?oc=5
YUMC,2026-04-13,Starbucks' China franchise deal improves visibility into turnaround -- Jefferies (SBUX:NASDAQ),Seeking Alpha,https://news.google.com/rss/articles/CBMitwFBVV95cUxPdER5dmJUUlJGS0ZlbXZKN3ZCMS1aSlVxczIxcGpKYkkwM0RoOXdLMmFMMmJoekdGTkFySEt6YjFGVkJ4RUI0UTFVempWZzh2UHNLdVdIVXh5LTl4RVJpNFhiWUpmbU5jeU1IWlhkeGJvQjd0SUEzZlBYb0JYTng0QmR4Z0hITkZhNFA5cWw1MjYzVmU3RmNqSDZteXVrVUxiUDVMLS1ZeTFlU2dSQ216bkV6cHpRcWs?oc=5
YUMC,2026-04-15,QSR Stock Hits 52-Week High: Should You Buy Now or Wait for a Dip?,Yahoo Finance,https://news.google.com/rss/articles/CBMikAFBVV95cUxOVnNpQXNTeWFBdmR6ZTE1dks0SlpCTFJYTFMzS3RVbWNUMDVEMGM2ZFFWWTJZbEJvZjFSdHpnNnkwclJKOXZ0VHZvQjZGbE9vMkpwdHZOUUQ1dF9CTjhLSENaX3RPQmhWMk1xbUhQbkFma08zNk0wRl8zM0hZV3ozd2N6Xzhwdng4aUNMSFFiNEU?oc=5
YUMC,2026-04-16,Yum China Announces Disclosure under Hong Kong Stock Exchange Rules in Relation to a Possible Quarterly Dividend,Yahoo Finance,https://news.google.com/rss/articles/CBMiowFBVV95cUxQdFlOVWR3ZlRERnI2NGxvMHQ1UHFlcEJmU3FjZmpNVGEyWUppcW95bmNaRTYxRW5ZemlFLW5hTmd1RTNDSDM5VXI0OVJFZVRYX194NW1xbGpWLWd6dWJ3N1NGTnAwcXZkeFBWbUl6TFVmYlFwUnVoZTR6LTFlM2hmSHA4QjRHaHlicHRsSmQ0Y2F3OHc2QVI3cWsybkNpMGJNV1Fv?oc=5
YUMC,2026-04-16,Winners And Losers Of Q4: Yum China (NYSE:YUMC) Vs The Rest Of The Traditional Fast Food Stocks,Yahoo Finance,https://news.google.com/rss/articles/CBMilwFBVV95cUxQNjdIYTczVm9JT3YySlBOczBiZWVEWVZPMEVpRDJQZFctU3JhbDNfUFpIcUVwc3ktVjZlYmNoaGc0dUR2NjN1Z0h0UjRmU2wtRExDRUNqZlVqWWNDT0xsd0x1MzJjS1J3bzNOZGI5TlhpU0p2dHRmVkxGUFRDOExCakFzbURIaWo3S1VSMzZiRW5Fb19Ic0FN?oc=5
YUMC,2026-04-20,"Zacks Industry Outlook Highlights Starbucks, Yum China and Dutch Bros",Yahoo Finance,https://news.google.com/rss/articles/CBMirAFBVV95cUxPLTZTbm5SdUFqWjR3TDhKN2VOUUtqRkxmQ1IyT1NJeFFNZjg2NE5yTW9nc0NVZm14WDNMTmRoZTlZZDROUzNsbDZ6R3FBRmU5Y0Via0V6Zk10c2hjMXc1RVZHUkg0TE5oSkZXWnMyYzl2RFI3QlQwekdvaGEzbG1CaUhmRWJSeXVDbzhKUDFvbHh0eFdPYWE0bHo1WHhOQm91MVloRGh3bFNfVGht?oc=5
YUMC,2026-04-20,"Zacks.com featured highlights include TD SYNNEX, Petroleo Brasileiro, Petrobas, Venture Global and ConocoPhillips",Zacks Investment Research,https://news.google.com/rss/articles/CBMi5AFBVV95cUxNNm03V3B0LUtGdDM1UXZzVXFROUN6ZDhNUFdBclVEX2dGZGdoZXFXRHlnR1VodWFPcVlHSFVWZjd5Y2lWVTF5T0pMQ1puenN2RVZjd2x0UThsU3VkOXgxRk9hcWN0WEtxazAxV0cwVTY2TFZFaUJVOTgzdU9GU1BoajU1QWloRzZWUG1YNEZBdFhKYmJlclBpNlp0TDV3UmxoV2xMSXNTejVXNEVUX2ZhVGFPc1hiVW5tX2hNbzF5ZGx1OTlIa21BSWllUzBQU284U21RWFI5R1c3NHI0NmxGS282YlI?oc=5
YUMC,2026-04-20,China ETF News: Robot Wins Beijing Half Marathon,KraneShares,https://news.google.com/rss/articles/CBMifEFVX3lxTE9SdC1DSFJzMUQwanppYVk4ZGVnSncxQ2xMME1FaEhOYjh2c1o5bGRYMHZibjA2eTl3U0xCNzA4WFBRLUszSkU4YlpUY3RsaEwtOUV0R0pLNnVpTm44MUpBa1hBc0FiTnMzZTBRNVlqRGhhTUl4akl3S244MDM?oc=5
YUMC,2026-04-22,Is There Now An Opportunity In Yum China Holdings (YUMC) After Recent Share Price Weakness,Yahoo Finance,https://news.google.com/rss/articles/CBMioAFBVV95cUxQRTM0WDdaN3BVeGQ0ZGVha2UwTXZ0RmhwVzZIYVg5OEpfbE83ZXNhUnpCN21kbFZ1TXctUWhNNC1fUmdEWmczQUFfaVVoNndyN2htVEw2ZVhreUdLT1BKcmlSRGpPUnIzYUpFV0hsZjZaQzZjNTd3aEdZTXJ0Z2RZZ0FiWHBHUXJWd2hJajlVVzRmVEhEQlNDOUxBQ1ppWHdY?oc=5
YUMC,2026-04-23,Firing on All Cylinders: Krispy Kreme (NASDAQ:DNUT) Q4 Earnings Lead the Way,Yahoo Finance,https://news.google.com/rss/articles/CBMiowFBVV95cUxPMUVlVmtFYzBzNmFiWkxZSjZWSnpFdzhPSy1EVFZyV1o5WkFJMUNSNEUwVjJmcjBTYVN0R3BtVzN1R1Iyd2F4Q2M3a29TQkd4a1VzSkdvZ3N5RFpkSVBpUjFVZmhsME9YbzQxNTJqRXVnS3NxcUk1THFicDhqbEQ4SGpPalNJZXpjNnpGWGoxWkZUbmtZSzdVSkx4bmRpVlFpTXlB?oc=5
YUMC,2026-04-23,"Pizza Hut needs a bold change, and a sale of the business is on the table",Yahoo Finance,https://news.google.com/rss/articles/CBMiugFBVV95cUxObXE4eFRQVlV3SjZlVzBGT2JqX3ZjaEQyWjQxRzhnSFpFUXJ3WVpxTWNYa3plV2hlMnJvbEpraENFc280V3JwM05jR0ZPMkNjUzNnb0hnM004Z3hwa3ZMR3RNdDAyV0dQT1g5cWJ4dl83XzJYb0Zxek5Hb3Y1VXEwUEpQMFgtdUV1ektQbEF3RzBHeEJ3UzdWdV9xOVN5bjhKS3JyNTZaUmpTZTNPQ2VTcDNrNEZ1aDFZa2c?oc=5
YUMC,2026-04-25,"China, Gulf Ahead in AI Adoption. These Stocks Could Be Poised for Gains.",Barron's,https://news.google.com/rss/articles/CBMickFVX3lxTFBObnlEYk00cHdTSnV4NVdhQWEtYnVwWURmQ3YtRU42UHk1MzhaLVA3dVVTTGJzZ0pmR3IzejgtMW5fdEE3cGxHWkgzbjNvNWxwV1FMVVBkX3lKeEhWTzg1RU5BUlVFMTRxUmlBdU9ienpzZw?oc=5
YUMC,2026-04-27,Yum China (YUMC) Q1 Earnings: What To Expect,TradingView,https://news.google.com/rss/articles/CBMipAFBVV95cUxPWUgxM25LTURoVFFLaEpBa1l2bVdXZnU4YmRoX2VNcmdVRE5nUnNLejdHUnpwTGZ1TW1ta1gwSU9nLVdkTEZrMWRtb2FObW1BSjFBN0JiVFhTSTZoWVNTOGhFVE5XYUIzX2R2ZlhNTVFnd0tibXJCNHRWeXpXYzlUZU53Zk9CdjJaSDRjYVpRSl8zWWFRRHhvdG80ZmxMeUJKeDdDUA?oc=5
YUMC,2026-04-29,Taco Bell-parent Yum tops quarterly estimates as value deals fuel demand,reuters.com,https://news.google.com/rss/articles/CBMitAFBVV95cUxOdEMzVFE4VlpiY19GY25EeDFlRmVpU2IyUkVrN2E2SUI5TGFDUjZYMkNEbzZwN1pFWkY3bUd0clo3LTY2Y2FHbm9sUU9ZbF9oVXJPODBxeWlqajI2V2kxZFJDY1Q3TFhDYldobnZ2Sk1ZdEFjZ0xSVEoxZzkyUXZLaGRVNWdUQm54eWVoR0N1TzJfa012V19KNktOWW0za0htTU5uR09hX3FZMWVLeUx5NFVjdDM?oc=5
YUMC,2026-04-29,Mondrian Dumps 5.5 Million Yum China Shares Worth $284.6 Million,The Motley Fool,https://news.google.com/rss/articles/CBMitwFBVV95cUxOOHpOdVFEYUF1dC1PV3pxelU1dDZBQkRRX2tuR2pxc3VpN3NWY0QteGYwLVhGdDg0VzhVMjVNYXhUM1NVSmlnMmJxcTVYdmdOZUdydmR2OGx2NDd4VzYzWGpCRVRfdzlsVkNNNzZxRjItUDJkTG5VdEtSUnUxaXlpUnNGMGM5aXFDNWdQejhjbEZJZDJOejNTZzFrWHpKd0JnS0tBaHFEUnRYQUlhMW1rTnFFXzkzTjQ?oc=5
YUMC,2026-04-29,Yum China Q1 Earnings Call Highlights,Yahoo Finance,https://news.google.com/rss/articles/CBMilgFBVV95cUxNSFZRM0xoWVFzcXNnMU1wZm5rSDJINDItakk5OGJXbTg2UjBjYkRSYzZOLS1ERnhnMVdELWVIR1dWQ0ZSbzU4SFdMUmdBRkwxYTZEOEtfTkxHNlVZM0dRT2MxWm1SNU9La3pZdGdNZ3dVSnFYZ2lka3NiOGdHZnNaLUlPQnNqaU5hbE0zTmV5RmduOU9UaWc?oc=5
YUMC,2026-04-30,YUMC vs. BROS: Which Stock Is the Better Value Option?,Yahoo Finance,https://news.google.com/rss/articles/CBMilAFBVV95cUxPeUgya3hGQ0hNNUQ5dE1md2p3aFNpb2RLeTlfRlFUVng4dG9aTVpkVFhaVlVvaXAzYmZMUzZubHFDaHROSVZRMFVxYUswOUwtUThnckwydFY4cktHYjFGa1BHQm8wN3NPM0x5Q1AycFEtUUM3V09qQ3lQUnJOSGFfYTBmemhoNWVjMm5QRTctUm9XUG9H?oc=5
YUMC,2026-05-01,Top 25 High-Growth Dividend Stocks For May 2026,Seeking Alpha,https://news.google.com/rss/articles/CBMikgFBVV95cUxNMFV2VUhvMDVGYW9rRVNrWHpDTC16Q2RRU3pSOV9jWVo4dzdFS1J2aWNwQ2xubDIwd24ycS1BSDY3YmtZR1FVVFk2ajVpSFp2bVVBdGVZWVc3dFVTaXhZZ0VRbzlJVEpvRGpCb1R2bExsYzZ6LXFhQ1FfcUotMjc2dUNuai1rZGhrdnhGXzlwbDhGQQ?oc=5
YUMC,2026-05-03,A Look At Yum China (YUMC) Valuation After Record Q1 Beat And Reaffirmed Dividend,Yahoo Finance,https://news.google.com/rss/articles/CBMimgFBVV95cUxOWUlWa0tvVnNEQldSMTBhSXhIaGhXN1ZGcUE5SHZYQzBwRDhpOEM1bm9ka0liWGpZQ2tBeVl4Mm1NYXVzVWpMX2txNlVJSXRUR3RTdXZURWNDbGlqYU42cnJnLVFESWYtT1Q3QTNpVXFEbGhHN0lfcUFjWDNDRlVxS09RM0s2YUZKT1lJaEdrMHdIajJNeEJvcjdR?oc=5
YUMC,2026-05-04,Matthews Just Slashed Its Futu Position -- Here’s Why That Matters,The Motley Fool,https://news.google.com/rss/articles/CBMiswFBVV95cUxNQ2ZZM3N2MDVaM05GU25BRTBmRDdhWW5tRzJRS2F5dENLSXZyeXFCRG93blR5MzhFbVFPM3NaZ2w5aFcwT01HRnFnZXJLRzlRQlJ0cDhBNjlFd1N3R1EzWDd5YVNqdVlYeDNEV2ZpbFpGTFRBdm52NmFSXzdzc0YzQjJmWW5YOG5JVEJfamQ2RnZaS1BESFFqazI5R0dsb0NpNzVFVVV1eXBoN0NRX1JlOE4xTQ?oc=5
YUMC,2026-05-05,3 Stocks Under $50 We Approach with Caution,Yahoo Finance,https://news.google.com/rss/articles/CBMilgFBVV95cUxOX1BhNTExRkxpZWNxLUxQSWlLRUh4Y2FQLUFkYW5DUmdESFhsRVR0UXY3UldmOGQ0R25IR0NkcU83NjFBM0FaY0pldTE0cUQtUXJSTVN3bndDQUZEZ002dG5zYU9OYlIzVjc4cnFXdWVGQ2R4aVJ4b1o0d01LZzUzaWJ1QVRJYU11bTA2U0hkdFF6eGpyOXc?oc=5
YUMC,2026-05-11,Yum China: High-Quality Operator In The QSR Space (YUMC),Seeking Alpha,https://news.google.com/rss/articles/CBMiigFBVV95cUxPN040MVQxRmtBNmFfd0RtZlVYUXoyWFB0UmQ2elZoZnhheUpvMlNXUVZXQmV6UldBdGZGMWpTX3pLY2pwVjdTdk94Y1NhWi1tckNmVjBkb1hKYldlVm9tUGVZZ1d1NEJkN19sb2owaXVwVnBXNTFBTDFpbnIxUE91WDdVOUNZdWF6T3c?oc=5
YUMC,2026-05-12,Carlyle and Yum China in race to acquire Jardine Matheson’s restaurant unit,Yahoo Finance,https://news.google.com/rss/articles/CBMimwFBVV95cUxQQ19KX3drSGc3VkdUemg5Q3FlSWNnbHZjaHBmSW0tV1FuY3d3UkFwMFh1QTY5c1VBcmlNM3FqOFpGZnc0SjFDaVF5c0JWZld6ZXdHeWphU0RMb0E0QXliUmdtVnB3enBhVHZOb3puVGttLVRzSFd5R2JTeTNKdmpnaVVVNGNFQTRQWWhyc3NCY2wzM1hCTjVpMkR2dw?oc=5
YUMC,2026-05-12,"Carlyle, Yum China among suitors for Jardines' KFC, Pizza Hut chains in Asia, sources say",The Standard (HK),https://news.google.com/rss/articles/CBMi1gFBVV95cUxQTDVpaXJEYkVtbjNRdEhWQXQ2QWpJR2VzTm11RjB1ZHRJcXZzcnNtUmVOUXVGRW5OVlpEYlBDWkZtMFF4Q1E5THpfcUdBbHRTN19xeVJoWE5TOWpqQ19NeUd4REp0UWlNRTkzT0UzcUlYcGhZWmNFR0ZReXdWQmZzMjIwNER6c2xhLXQ0dzdLTU1Rc0ZJdTNqS285NEt6NzdlT0RabFplUWZ4dldDTk5EdzN3TEEwTTVIQkh4NHlqMnhWYkZkYkhsdkZSWEdxU2NhTUF3TjNB?oc=5
YUMC,2026-05-13,"Rob Vinall’s (RV CAPITAL) Top Holdings, Trades & Investment Strategy",The Acquirer's Multiple,https://news.google.com/rss/articles/CBMiowFBVV95cUxQTHJVb21WYnNWeFNjcTdyekdiUnZBSzNuRnMzV01wZ2o1WkZIa2tLT3pzWVN3SnozZlNfa2RieTVWdGpPRXhQU09RNmxiVld2T3p3ZDhVREN1aEJ4T3d4VHlBQkpEZmhuZFZzWEl4NUdvUEFKc0RoMktrSmFZTndEU1o5SlQyNGpMeWJoMW1XQjYtblM0d04wbmpjWFRUbmZibUM4?oc=5
YUMC,2026-05-14,"Carlyle and Yum China Eye Jardine's KFC, Pizza Hut Operations in Asia",StockInvest.us,https://news.google.com/rss/articles/CBMingFBVV95cUxQM0xxMV9ZdVBPRkdjMzRaYkdDUGdBSXpZR2F2RnBOQlRUNnZzNjhWSm1LeHB2Rl9jZVRTdjRMSzRRX3BoZU9fWnZsM3dRLXBCUUhNVkFrMFl2UmNsLTFzTGZZTHB2WlZySmc3VE81UEk3NXJEUXFZUzFBWllublpWWUtQbHE0cWYyR2ZZb0UxODQwNFNESmNvbDNXM01WZw?oc=5
YUMC,2026-05-18,"Target Upgraded, Pfizer Downgraded: Updated Rankings on Top Blue-Chip Stocks",InvestorPlace,https://news.google.com/rss/articles/CBMiiwFBVV95cUxNMVoyZnV3SFo0YkpqWjVCTkhMUHYxLUdlSVJtUGRQU2NsN3diN0twMWlHS3dsMk5pRF93YmJ3NERfR0lCaXYwN1BaVnRLeWlPRFFaQkJGa2JLZGpnbnNjY1F6NFBtdjhsSVdaTGlydjE1c0V2c2pwRlhETWJsRXV5YUVFX3JidUF3SkJj?oc=5
YUMC,2026-05-24,Is It Too Late To Consider Yum! Brands (YUM) After Recent Share Price Moves?,Yahoo Finance,https://news.google.com/rss/articles/CBMilwFBVV95cUxQMzBjU25rOW81RURUQ1M4NUlnVHU0SXRTWmIyb1JPOU5rWTBKZUliZnp4TDlENktIbDJwTHktMkxDcWJMZHFDdW5xeS1hRUsxMXNKa21BNzBQbVlwR2RaaHF2Y1huMGdQN0JnWUd5UmoySXE0TzJqVndaYTA3SzRoZWpqMEh0bVE0SUtJMzVNMENaYTZwSG5n?oc=5
YUMC,2026-05-28,Tech Frenzy Sparks Shake-Up at China’s Troubled Consumer Funds,Bloomberg.com,https://news.google.com/rss/articles/CBMiswFBVV95cUxPQi14ZG9KMEtGOXZfMEJWTlNNN3R5ZVRkTGJjWjJuOHkwZkFKZ3dzREFyLUhlWGJWZ1dfcXNTSlM5VmF3OVVRNjU4ZGdfWWsteUJRT2dKb3FRVDdtSUhXV2tIUmstU2xDdGFUZ21hc0dVdmVudS1qWjh1WkdjS1dDQTFXeVRub19QQklwWW00MHJkanFEVXpXWVB1QVhlWXZldDBhZGo2d0ZSQVhmbTNvSXFSMA?oc=5
YUMC,2026-05-28,A Look Back at Traditional Fast Food Stocks’ Q1 Earnings: Yum China (NYSE:YUMC) Vs The Rest Of The Pack,TradingView,https://news.google.com/rss/articles/CBMi8gFBVV95cUxPZHFRT25YVkxKSHFmZ1JXcWdtNDZObUJJZm04VXNuYXVDU3ZBbDZkaHJGV2FqTnB3V3RBZmhEYm5xUjFiWHNlVUpwOHRNWDBhVENyMGZTX21qakR1ZUNVWFNraVVWTnNCcUk3Zm9pRkM1R0pHVVhkQ1VENEpzR0NOemlyV1RKZVpMWnhwbDZYa296Y01lN3YwQVFzNjRoSUhxd3BtX0ZDU2hkUEM0RkdWVUx3OUhMbTdoOHlOam96c0NWaWZUVjBLaGdoUjdfem9PMkJWNzl6QWlfeEtFVW9HQ0tYZ00wOUFDSWVNOEszanhMUQ?oc=5
YUMC,2026-05-29,Why Is Yum China (YUMC) Down 11.2% Since Last Earnings Report?,Yahoo Finance,https://news.google.com/rss/articles/CBMikgFBVV95cUxPNExtSVJYU3VIQ1lQRzRCUVc0VEdtUGFCcmFyZlVGeDFPUGFLby1JQTJrSy0zbGdRNmwwV08ya3ZoRkhuaW1qbGJ2ZEt3eUlacDZWQm4tLTZBY0dERkhiVlY4U0FHWmZpa0VKc3FBbERxZDBta191aDZ4azZkZmxNZ1UybTlBdTJnQWhOZmxkdWZIQQ?oc=5
YUMC,2026-06-03,"Yum China Holdings (YUMC): Company Profile, Stock Price, News, Rankings",Fortune,https://news.google.com/rss/articles/CBMiW0FVX3lxTE9VVzg5X09VY2NBVmw5TWNFNVNDd3BpTnFadGN6QlQtTlBzaktOTmZjV0VnbnhtZTd5aTQ3cFhRUFBxQnAtTWVxRktiaXBkbk8wbUhBWG9Ec0RkbTQ?oc=5
YUMC,2026-06-03,1 Oversold Stock Ready to Bounce Back and 2 We Find Risky,StockStory,https://news.google.com/rss/articles/CBMiuAFBVV95cUxNY0c0SVZVc1BRTU1CZDEybW0yWE43SG5XcUdUU1BDTkdENk83R045eFpjWjcyOFotY2hvVEhNVHBxNGd3Q29Od00zRWktS2VWQkNubjhMcjZwZHU0eUxOUkdnTzVEcHRjZzNFdkJFZWl3bmR1aTNleVVnTy1EUU91N1Z4cVoyemxsVnl2Ym1aUW5rYXRLUlhhUXFiT0xfNjRDeGpvT1U2MkRnZWxudTlhd3FrS25XRWdI?oc=5
YUMC,2026-06-05,Yum China (YUMC) Says KPRO Surpasses 300 Stores in China,Yahoo Finance,https://news.google.com/rss/articles/CBMikwFBVV95cUxNZ3lBLVJkM2NRLW5CRzZCVGdtc254dU1oX0hicjZpVThoa1Z5OE5Bc0pfZXhpdERlcDd5ZVhjQUc1c1YzSEdsUmFsazRaSUN4R3h3UXJ4NEhleW5hTmFSNjhwT2swV2JKMUF3UmNpWFdGYUMyRWo2MXZZZFl6RVZEZXhJclFiWGxFQlF4QUcydHJxYW8?oc=5
YUMC,2026-06-08,"Yum! Brands' Fire Sale: Former Pizza King Pizza Hut Valued at Just $3.5 Billion, Set to Be Taken Over by Private Equity",finance.biggo.com,https://news.google.com/rss/articles/CBMiYEFVX3lxTFBLeUFiMjF4V1U2bE9oTDlmRFZ4RW9rTnFCZGZoNUJld0xfMEd0eXZuanhkcEJXcFVLRk81ckdoQnVWdEhQclpFb3Y5Z2ExalJkNFZGNEt6SXg0QUx1VXRDOQ?oc=5
YUMC,2026-06-09,Yum! Brands in Talks to Sell Pizza Hut Global Business; China Unit Unaffected and Expanding,finance.biggo.com,https://news.google.com/rss/articles/CBMiYEFVX3lxTFA2MEkwQkl1S3FqSklrTXkxVE9lOFc1N1pCZGEwc1N1WFU0SzREaG1NRDRIdWxkem1VOGZaWklXU3FMOWkwVFhYVG1lYWl0Q1BSbXJCS3IzU3VVQzRYLWJUSw?oc=5
YUMC,2026-06-10,"Kura Sushi and Yum China Stocks Trade Up, What You Need To Know",StockStory,https://news.google.com/rss/articles/CBMiwgFBVV95cUxPSzlRWEN5cGJWWkFoWTVxUGRDaE11SGtvbHlJeFNJVG1kbmwxbnljTnFYSTJBdHhkUWR2QThhQkcwQllLS0dlNlFySHdxRXNicWNwQ3ExNUIzZ2pEX1VfdDRJSkVnaGswOWpuYTdreTc3TkRmUjRGYWh1bDZYbFZzMm1yT29NbHdWS21DZmEyRUwzU1JqbUIyRFMyMXIteVFoQ3VyNGN5UWtfTS1JUEw4NXdaUy1QaXFnU1Rxel9waTFIQQ?oc=5
YUMC,2026-06-10,3 Value Stocks with Warning Signs,StockStory,https://news.google.com/rss/articles/CBMimwFBVV95cUxPUWh4LW9NYnZhX1pHNEtGNGt0QUFKeldWTjk3VC1JYi01V0hxTDVtbFdRVVdZWGpwRWV4cGo4MjhLZUNoa2ZjV1RPUE4zcGFlMnB2aUJVLVRaUTdGbWNzdzNkQ2VFbjMyX0VMZ0NheEJrYTlGMDJEMDZJT0RpUTB3VTlhSUdvQjBtY3NFTWYwRmFzMEc1THl2T3hLWQ?oc=5
YUMC,2026-06-11,Q1 Earnings Outperformers: Yum! Brands (NYSE:YUM) And The Rest Of The Traditional Fast Food Stocks,Yahoo Finance,https://news.google.com/rss/articles/CBMiowFBVV95cUxPS2QtanhUN2J5M0FrVVF0RlNRbXF2SXhPZy1SUGtmS05sYjRrX2hOY3o4VzAtX3ZSRmxYMmRnNXZpOF9UcDBoMk5kbzMyNEtEN1pQaVhtS3BLQTg5V1RfRGlyQnRBN1lSaWNwb0tWMVlMS19HM1otSnEyM1lVbXdwLTJPWmlhbXdSNHB6Z181VXRsYWxwaURvR29ocm1fUlc5ejVF?oc=5
YUMC,2026-06-16,Pizza Hut Sold to Two Firms for $2.7 Billion,The New York Times,https://news.google.com/rss/articles/CBMif0FVX3lxTE4wTkZ6OXNyRlUyUzBxQlAwSU5TMzZsRUl0YktfaUtBcElSWlBuZHBzNmRmLXEzdzBZd3pJVzhIb3pZNzcxb192blR1QUp0OVREWkllbFRQNWdkaDNuSHc5TE9QaXNRNzdQbkVQNHpORHNocUlTMzJhNk40NTJQTms?oc=5
YUMC,2026-06-16,YUM Stock Gains — Yum Brands Offloads Pizza Hut Chain In Massive $2.7B Divestiture,TradingView,https://news.google.com/rss/articles/CBMi1gFBVV95cUxNQ21NNmNnMTdGbHl0cEwtdUxBcTB3VG94V19MTVBpRkFkT2Q2X1NnR1QwM3JVa0lKdFZMNks2MTFiZ3FieW9RVUs5WVBVOFVQbWs0LUF4Z3d2N0JadExBX2NDYU9lc2w3dUJiVF9VSkwzNG5OR0lHV1VfSzBrRTJUTV85aFFVLW05YWVjaXJGcFJDQlRIS05oT1VnSEF1UzRDQXFvMWEzQUZKSFV4SlZob3FRVWdNWEZybWx1cWtCWE94ZERNSDVqeXFGLVFzYjc3elUtWnN3?oc=5
YUMC,2026-06-16,"Yum! Brands, Inc. enters into agreements to sell Pizza Hut for $2.7 billion",Yum! Brands,https://news.google.com/rss/articles/CBMi2wFBVV95cUxQWUEySWMzZ1lZUjAwSm8tSHZiZk5GWVZWSGp6RV9KSURPekdDZ1RySjQyMzNOQ1RRancxdmptTDZDSEFZb0tIeFcyendrUE00UHBwdUwzbTJPNG9ZQXF1Q2pDaFFmckFjV3drYWtBQ0s0QVc0eFVWeGxsbGpDTFFXeUt5dXJPMUVobFA4T1BMMHpwNE90ZlpJeWtYUVdpT3FWcFd1VS1tUU1TNS1yc1VaOVBZSEZLR09Wd3JfWS1wMUdsMk9OdGxPUUdUdUZxRXBpLUFpalQtY1lWa0U?oc=5
YUMC,2026-06-16,Why Yum! Brands just sold the iconic Pizza Hut chain to LongRange Capital and Yum China,Yahoo Finance,https://news.google.com/rss/articles/CBMi5AFBVV95cUxPNXltSlExZmI2SlI2ZTVFUnhoSDluRDl4azlaekRpUGhkenNDUnlwaEJGRFIzN0hzbHNlaUt1VXI3cUMyRlp4VTAyRDdKWi1wWXpXT2p1eGtJUDg4OGNKR2VoNnJLNkVhNlR4c3A5amxKOC04Vkd4YXdsc2VFeHZuT0NiOWtGODh5Mk5rdzNSbFpkRDhYbFhwQnIxWHdUWUhQMHU2N3Z2d3hyN2EzdVZrTWhGd0Fha2I1TFdpX0J5TjZSLXVSRWt2c0V6eDFIVlZmSi1XSFN0aUswUFJTUTVNM3RYSEc?oc=5
YUMC,2026-06-16,Yum Brands Slices Off Pizza Hut For $2.3 Billion. Shares Rise.,Investor's Business Daily,https://news.google.com/rss/articles/CBMitAFBVV95cUxOQ2xidUZuWHhKMm9aMTBSaUJ2S3ZlR1hiSlRyWGlDWWp0ZHdwR3JuLUNPdVRaTnF0aUVqamFxajlSYXU5bnVHRDhmdlFCNWUwN0ZBU0IyX1dkOUF1SEcwZTl3Q3NTYmpTUFUtdHIwdjB2OUVNZV9KMjRlbkxUMm43SGZGaW9paWNWM3lEanpfTGlhVjRqd0hHRWdOTExmYThUVXhwcW4zb1c2OEdrM1BraVhTa3k?oc=5
YUMC,2026-06-16,What's Going On With Yum China Stock Tuesday? - Yum China Holdings (NYSE:YUMC),Benzinga,https://news.google.com/rss/articles/CBMingFBVV95cUxQa3ZyQmRMVnVycUVXcnczM21faGpMUEZRT2txenFYZmRuaHVTVHVxcURXVy12cEwxSjc3cGRKNWswbDVRWkpoMTBHQndKcGM3dllhc2V0UUowaUY4enZaUUNwcHBjeE1ZM1RNYTNGYTVjWlR6TmpVdVVST21nXy13LUlnRENuLUM4QTlPbzJxeTFUbW9PeVUxZ3JuMmdHZw?oc=5
YUMC,2026-06-16,Yum strikes two deals to sell Pizza Hut for $2.7 billion in tale of diverging fortunes,reuters.com,https://news.google.com/rss/articles/CBMirwFBVV95cUxNbXlSYlctdTZ4eDQ0dVBnb3lLX2VDRWF6OWl0blVsVzNNVkdIdW9pNzhEWURZbXZQTF9rMllVa0tOWTdJQ2hvbTMzSTFwSEdLMGpTTFZEUHlxaklWMzVqamt6SW5zMzhqUE56empXbHZxcnVIN1UxcDBHNWhnN01ZRERCS2dEa1B5UjBqVEpBR2YxbHFXQ0FEeEhYOHhaX2JBWVR4QUZ5a1BIUDBaeUFR?oc=5
YUMC,2026-06-16,Struggling Pizza Hut restaurant chain will be sold for $2.7 billion,6abc Philadelphia,https://news.google.com/rss/articles/CBMilAFBVV95cUxQOEc0LUx2a2ZtQjdKVEEyeFBzTC1HSWtyYm13dFFkRy1TZG5oUFFUMzcxTFBfMlN2VXFrZlRzOWQ3QU1wQnk4NWN4QVcwYmJ6d0tZdW9wMFRWZks4cDh1Uks5UVRXWkZaT0o3SGlLczBzR05JMlRUdXMzeXhpaTF5RV9MZFl6Y09CRUE3UDZ3TWdsODYw0gGaAUFVX3lxTE1NMk1hX1RnX3ZHYlVUSWlWX2lWcmxkQ3B1S1ZsTEpURkl4VVJneGtaWmhla0RGbFlRTm9yQWxDRWluUng0OFFzVXJaMElacC1sWmYwZUUzV01jTEFJSzhpdWItQ2xzZUpLNUItVmZmOHN4WmJXNzJGQnRkMzlYc0s4RC1TSWpndWlCdC05cTFpRmVoQmhtSndNX1E?oc=5
YUMC,2026-06-16,YUM Stock Retail Traders Turn Bullish After CEO Touts Pizza Hut Sale As ‘Big Bold Action’,TradingView,https://news.google.com/rss/articles/CBMi4gFBVV95cUxNOElqYTBDQUpiN0ZkcXJyRENJLUF2NlNMekIyYjdkMTM3NkMxZ3BsaUNEZkdtVU1GWkRfR0NBamZ0ODlFSkJUVXBTVzUxSURBVmRCand4OG9wR2h0QmtFZEFTR19WM2NNQlk1a0xvbUs0VC0zY1ZoQ3FNMi1DeHpBeEZ6c1poa3FqY2cta2JfdklWNlJ3R3M2YmhUSnVPXzA2bGt3RHhsb29tM0lIT3cyUVdNSWlINmpyanVDUlpBYzJKLUVxMEhpUHBUby01VndIeHJZMVhSWWF6d200cnBYQ29R?oc=5
YUMC,2026-06-16,The $2.7 billion breakup of Pizza Hut,Business Insider,https://news.google.com/rss/articles/CBMiqAFBVV95cUxPQ2VsVXJYU2RDSzhUU3hiVkxQaUx2cnh0OFRRTld2ejVnbFZuMFpVVllzLVd5UlgtVVhOQm93Z19URzlhTHZxY0RuZ01rSUV4bzFtbk1MMlhzQ1pBR2NfbFJubDZobm1iZmlnQ2FyWUxWSlJSbEtEVlpSbnJxcm94SlBFTjFwaTlTYVVGOEh0Yko5UVQ0N1A1eS16WUJSQ0p2MG5rb1dfVk0?oc=5
YUMC,2026-06-16,Watch Yum to Sell Pizza Hut; Dave & Buster’s Sinks | Stock Movers,Bloomberg.com,https://news.google.com/rss/articles/CBMipwFBVV95cUxOX3BHbkNuYnNKSWE2M29WTl9wWTRrUDV0dW9iSGE5bk5scW5teWlsNFJqdExHMVB3bFdTVWFhMHR0elFBMTZxR2FFVnM2aWp1SnZzYldwaTg4MV9FZ2U0LW1DT3k0aGJWNmtnSHRvV2J6M2pEYy1ONWJ0eGxraUdVWklqaDQxYWU1MWdlMnVILUlWakxfMmh4UHFoMlpNRkxWLXI2QmYzOA?oc=5
YUMC,2026-06-16,Yum Brands sells Pizza Hut to private equity firm LongRange Capital and Yum China for $2.7 billion,CNBC,https://news.google.com/rss/articles/CBMiwgFBVV95cUxQcGlWMHlYeFU1WDhkMm9RZE5qeTBrTGhWVnE0dmhwRG9GQmduQW42bllqdlFSM25oZFRwQVIxYmNTalMwVzN3SFNDRzk3cFpYekM1MUpiZmh1YnNpSExJNW4wZEtIbmlaX21meE04UjZ2SjlULWw1Q2RCUlp1MjR2Ri1RWUoteGd0SGpWalZTVU4yQkhnVFUzaGZTVmtlTHhzejJ3OGVwX01GT0EwWV9NZFpRcE92ZUpIcWpGZFlqbHVYUdIBxwFBVV95cUxPRGJKaENjcERNR1hSV2VXdUM3dDVMYnNINkV4dkJiVkF6c2JRU2ltbnMtQWtETm9EazhxN2tPNGlqQ1FkZ3lBSjEySFBkRW5RRC1ldnNfLUdXb0FESzZ1NTJNVlZmQjBtSGxyWEFVd1JsVS1oRkc2UmkzU245bXVuNnU3dVFEc1FrRmhrQTZWT0s2NV9XTVNvb0VoXzNwYkpZRUhMZmRrVWtTMkgxM0FFU216NURZekdUUkJDZy1ic2d5bTFVM2hZ?oc=5
YUMC,2026-06-16,Analysts see upside for Yum China after Pizza Hut deal (YUMC:NYSE),Seeking Alpha,https://news.google.com/rss/articles/CBMilwFBVV95cUxNX2NuZ0l3czBicjE5U0JaTzJleU9TQVJvaVlMU2RobTJMd0lON1hzU2tHVFRhM3RFb21MdGxsZkQ0MjlVXzV3RlJ4Z1Zya0oxb3I0cHVBdzRXM2MwMEIwUjJTM1JSU0ZDTTY1OEJBWE8ycW00N29DU20yNE5rbWxUTThPUENpOEVmTHNjWFB1T2ptdjhIbUJF?oc=5
YUMC,2026-06-16,"Diners Aren’t as Into Pizza, but Private Equity Is",WSJ,https://news.google.com/rss/articles/CBMikgFBVV95cUxQUVQ2V2FQdWF6VEl0dW1Va2Itdlh5ZGZraFBfRFpialZsVFFQbUhaaUhQcnRWNVVBUFhvOUwxSGNSRkFhcWNtZkx5T0pfcTZXTHk0cUxlR2tQRHlKOEdDN2FFVkN1RGo2a2YtS0EwTjYtRmZhbG5EQXFWa3Y5bmdXckVUYURROHV2Z2lqaEt5bzhNZw?oc=5
YUMC,2026-06-16,Yum Brands Agrees to Sell Pizza Hut in Two Separate Transactions Totaling $2.7 Billion,Shopping Center Business,https://news.google.com/rss/articles/CBMivgFBVV95cUxNUW1IeGVLdU9WY1FNU21TV2w5bWF5SGlISjU1cDlEcWtKTXlKeHFmdnRJQjB5SkZ0OU1ZclZVcXJwMndFNlAySFhxNW0tRkdPVmNkSTZJVXlJRExsTXhIYUlHNlNWMzBEek1GWlczOXRReFY0dE0xSWlfS0ZCYnp0QnRJcWVfX1NYM2hfeUxtYm1Xbjh4MGtaREJkWXJ3WHpuSlhEZWNvVVpTaHlWUENaMXhKZ2tGNURwMXA4RmFR?oc=5
YUMC,2026-06-16,Yum Brands to sell Pizza Hut chain for $2.7 billion to PE firm LongRange Capital,Moneycontrol.com,https://news.google.com/rss/articles/CBMiugFBVV95cUxNVGlMN19nWFY0OU1zMEhKazEtRTRTYURCMWhMZ3RYR2hidlZkZXcwUndtcGlBekRIYjAzUWFRdE5Jclc3ektoSFVOa0xNWWtsZS10akhhd1BMSGVWSDR4dHJIRmxMRkdrczJuV0lxc2Q3SWZiMEV4eVd5dnUzSXlIWENqRW5Bdl80M0MzMGlKZmlBLVVVMnRoelQyRERCRTB2UHpXWk02b1dUMnFSUXpZLUdYTzk5bVdUdHfSAb8BQVVfeXFMUDlyZGp3WUZlMkFmdDhTcWtqaWNiQ1VMMFRoZ2NuUEJ1WEhwRGNkcGFLWjlyLU1Rek9pSERZMXU1VnlVcXVxQmY4d0lyTXlGS1hiV09xMWVaVFFGRXhzTE9uYUtSbUFEWlFuYU1jbEUwbTBKSUl2YnhRQzA0WkZDaEZzelItajIwdW5IdUFVMEFlbC1JcWlRN0paLXBSVGdXVjB2QjY4cFhuV19uUllEd0RrQ29PZkZzUnd2Rmc4bm8?oc=5
YUMC,2026-06-16,"Pizza Hut's new owner also runs gyms and sells caskets, which is either a coincidence or the most complete business plan ever written",24/7 Wall St.,https://news.google.com/rss/articles/CBMihgJBVV95cUxNc210d3pIeDZta3prTXUzSnEtWnJxYWFKb0pqQTlqWlJ6c1R6OU5sc0xabWhhekhjWkJyQ0hzVGhMb1Awb2NucFBnN1JRVmRtbWJ5OXFkaU1tNzdDZS15RzlmX2RvVFVnN1RldFB5LWowVGdwT3Y2VkszR0JfSTdfLXp5TVA2dF9ocU02N3QzdEtJRFA4NTlMZmNLMExVTHR1MUFLa2xBblR5WksyS2dOYmpxMEpZNXFkc0tNOUZ0S2lwMW1zMGdrMnM2RHRucFBDd19GSzJkbzJoR3RMNzVNX1Y2UFFDSWNwdEwxWWxRY2tKaTRieEFYV3pjR1E0T0M1cmt4YnFR?oc=5
YUMC,2026-06-16,Yum China rolls out the dough for mainland’s Pizza Huts in US$1.2b deal,South China Morning Post,https://news.google.com/rss/articles/CBMivgFBVV95cUxORWRPM1BQa0NqMFNzQ1ViTlF2VGZZTGtYeDFTMERPeV9QUW94MURWMlp6bWtBUkptdkhLQnJGNXkyYjN2dTNxWHYyaGJXc0tHcDdVc2pwdk0yTDJ0U2tDUnpzbGhYN3hrbTNjOVJaeDdsdUt3U1ZoNnZZSF9sNW55QmNtajVnQVBQMWV6cm9qdG9Fa3RpSzFkYV9HYWhPR2xKX2UyQU4tYWhselk4bkJLQnpraEZZNlFnbjAxLS1n0gG-AUFVX3lxTE5pUjQ5OUIwd0pjNE5oNHgwTEtsZm9zTFZnN2tEanlVN1llSVhpSENreDBZTTFtUkhOd0ZRdEhsZzlUUS1zSXY0MWxDSUM4YnFxa0FQdS1Eb0VYb21NOUJ3S2dCQzF4dl9KMVRmUDhybWRIOVEwSVczVVA2dFRFeUZKYU1BYXRDQWUtcC1DUHdiWlQzRnpldDAyYjhxN0VqaHJRQy1GQ2YzNjhKRGJicGZQTzZhRXNGMFRjSTcyR3c?oc=5
YUMC,2026-06-16,He Saved Arby’s. Now He’s Betting $1.5 Billion That He Can Rescue Pizza Hut,inc.com,https://news.google.com/rss/articles/CBMirwFBVV95cUxPRDk2ZXhPaXVfZVhXamllbG5WXzA3UFh6cnRkRTJLS1dIWEpDcFdmWVhSemNuT2VqMmVRMmVrQmFya24zdXhyRmdqMzZNT1N4WVpRNF9SR2dBaHZQUExXYl9sYy03cVFLc2taeGZ0Zmp1d20wZlNST3BzY25lNy10NzFVTmI3cnI5a1RTa2Q0My12RWhzdVZxNU5kVTNXRkZJZFh2emhHc1F0QWx5YWQw?oc=5
YUMC,2026-06-16,Yum sells Pizza Hut operations to private equity firm,Pizza Marketplace,https://news.google.com/rss/articles/CBMijgFBVV95cUxPeWxZODI1R1dLdExZTHJ4WTR4U3VhMWJTSkwxQjU4ZFNrTk9YY1QycTM2NTRkRk5iXzRzcXgwcUE3dXBNWVViWUNNOVhkMW5XLTJsaTRpcDlRTTcyMk5XQ0JYS0RqaHNPRTRTYU45U2NxcWcyd2ZxdV94bFRmTUx3ZUt4U2VUM1k0MmZLaW9n?oc=5
YUMC,2026-06-16,"The man who saved Arby's is betting $2.7 billion on Pizza Hut, 'a beloved global brand with a rich heritage and a loyal customer base'",Fortune,https://news.google.com/rss/articles/CBMihwFBVV95cUxOZFk3X3h4VlV3Ni1Uem1CY0YxMUJ0UEJYc2hVSDhxVTA0ZDFCQS1QTXYtYXdOajhNd2RnUHA1d3NMVFVPM2RDQUtkWm1sYWo4ZG1icWtKS1hhbHd4N0F3V3JZQWFKeHk1ZUZCZXRsSDNKZlZiSlIyUTFBaVdqbkxxd3hJXzVxSEE?oc=5
YUMC,2026-06-16,"Yum! Brands To Sell Pizza Hut In $2.7 Bln Deal, Plans $4 Bln Buyback; Shares Up",rttnews.com,https://news.google.com/rss/articles/CBMisAFBVV95cUxQWF9KdUhKMGw0M3QtWHdLLW1lNE5SZTlJZXVIS0tQcFFUTElkSlFMdGM2NzRRVlVFeW8tVjJHZEF5U0xkUXVlN3FacDR6NmJHSWZSS1NSLVJETTZCOW9ONjJKclN5NUYtY2FTeHlDTmhFeVRrUy1LR3RwQnNlZzhHdVBKSFVqcy1sc3NxNkZodER2M0J6ZWg4bWtxVHljdy1XdVJkWEJrX2xUMWNRZjljRw?oc=5
YUMC,2026-06-16,"Private equity is buying Pizza Hut, but it’s not getting the whole pie",fastcompany.com,https://news.google.com/rss/articles/CBMilgFBVV95cUxPYTZub3lERDNROVZVd1hqcGVaYnRhSXMwTHhZUFVEckp4QmY4QzdlMm1WdDlZaUZwWWd0cFowNDl3Ul9kV1BQTlVlX0Vha0p0ZF81YTFuYk8yZVZqYmliN1ZtZloyZkxZT0ZIUk42bTctUWRTenppTEJVUFgyTU9vM0k3WkhUdG5ETEFPdlNodlNVN0kzTVE?oc=5
YUMC,2026-06-16,Yum Brands to sell Pizza Hut for $2.7B. Here's what that means,The Courier-Journal,https://news.google.com/rss/articles/CBMi0wFBVV95cUxPX2x4S2RiczRhWW5MWWhnNUk2cmM1bFZCeGtxVmZQUC11WWNnWEtXak5wa1A2OVM4aEl6ZGlocFlmSm1leDJnbFQ1T1ZIalRjVW1xV0ZnaWlOeGd4OVZEVnVucDNDbjlHSFV4VUdIenRUYVdLUHRPaUtlVkN5ZWdxTktOUHoxT01QQXlRS2gtVlF4dVZWNVBKWkdJQ1BCRm0xeVFoUHQ1M0FKYjMwNHlGUEFqRVZxMFhyb2VZRUxGWk0yV05kcm1YQnZkSm90VW9qb3Jj?oc=5
YUMC,2026-06-16,Yum Brands sells Pizza Hut for $2.7B to private equity firm and Yum China,bizjournals.com,https://news.google.com/rss/articles/CBMikgFBVV95cUxPSUJtV0RNTUZtbjhGakRpQVV1NUhZVXlMbWVaSlN0d0oyVURiMXpPeEtHNS1vYTNuLTBfb2ZMNzJZTC1fMFNoRjBJQkltQi1YN1pBZ3RQOEZPQ3NlYVI5Qk1WM1ZDWGlpTDdJczE2aS04OEVyMi1YVEw0WmtJZlRhQ211dkJRUW9FeEFyS0EyX0RFQQ?oc=5
YUMC,2026-06-16,Yum Brands sells struggling Pizza Hut in bet on faster-growing businesses,Financial Times,https://news.google.com/rss/articles/CBMihAFBVV95cUxPWHlHdVd6Y0VsQ1FzMTJEUmN3MUktXzdnZ0FGS2JhUVJUaDhxRHpCT0hqbFhVUl9lMTYwcmV5a2xzcXVTOXlWTmp5bm5vV0FtVzF4M3JtZFA5R2dPeVZ5dy1LZlI1VHdFc201dUVSUllSQWxjelhIV0t4SkRIT21sZ3lGbi0?oc=5
YUMC,2026-06-16,Yum! Brands stock rises after $2.7B Pizza Hut sale deal,Investing.com Nigeria,https://news.google.com/rss/articles/CBMiswFBVV95cUxQM0Rta0FESXFCejM4d2RCN2FVOUxjYUR3bENlWDg4UjZoaUJCM2JUSjZGSExaV0YxTk83d0pGQTFaWUc5ODN5RjFCdVZFZHBfOVVnQm1UZ2F5by1ZaTBtdUxsRE5OYks3WjUwcVJTOElhSkIzODNmU0JBbmlaMUZQcHpIRGY5TkpCOFc0dmRmd3JJNzh4MENCRE9mNEpUWXZrRnRuVm81ZTJWVk1TODBMQVFsVQ?oc=5
YUMC,2026-06-16,Unrivaled Supply Chain and Accelerated Franchising Drive Market Share Gains for Yum China,Morningstar,https://news.google.com/rss/articles/CBMi2AFBVV95cUxOZE5oZlNOS3VpODZQMWlzcy13elcwb0dVUWhFbGoyZnk3VkVxaDZPcWw3VTVySW1yUHBuRVJtclNEVTVrZ2Zhc3NoQUpDLUw5X3g4bkIySVA4dlBXdVFpQWZIZXAzV1laWlI3UFdESVh5RnlsUG93NmhCTlhlSDBKX1h6RWxIZlNTNDFaTVR0bTkwcTVSSEpUT2ZOcHZRVlY0bTdzVkNubnBfdWdhSThBUFBZQ0ltN3puazhXM21nbnRZRGw1QWRzelMxQWR0MnJwUVotSWk5OVU?oc=5
YUMC,2026-06-17,Will Yum! Brands' $2.7 Billion Pizza Hut Sale Unlock More Value?,TradingView,https://news.google.com/rss/articles/CBMitwFBVV95cUxOcGItZFlkdjhJcXVPdldLRWJfcTdOX1RnajZveGk1LXJMWFdiOEYtZVM0d1RyTW9tejVyaGkwQ0I0ajNxQU5YZnZrNnl3TGo3SVBvS3VTSE1ob25WXzg3SGZrWGMxWkQ5NHNsaEp4Vm0xaFc1UmxIajB1U19mM1paQWpyQ3FwOXBQRV95UzJ5TzFra2ZEbmUza0JkSU9SS1JMTks5ZXh4c09SdlNDNGtJMFI1MkRUNUU?oc=5
YUMC,2026-06-17,Yum China Holdings (YUMC) Stock Could Be 29.2% Undervalued on Its Expansion Narrative,Yahoo Finance,https://news.google.com/rss/articles/CBMimgFBVV95cUxNOGlOUExMelpNVS1IT2VyRnpaRWFJaWxiNVM1X2VQVUpIMUMzUmJzUlAxRTNGTi1GRFVXcnFQR1Y3blN5Y2dxZkM2S09ncDM4U0pZY1BrX04zLVpsek9IQnNXN2JRZmc2OUw4UkRjZTJkZ09scVZhU2RsM2ViRnRUS0RLei0ySXMxRk0zVThDSDdnTFc3SHgyZWR3?oc=5
YUMC,2026-06-17,Yum! Brands Stock: Pizza Hut Is Off The Menu (Rating Downgrade) (NYSE:YUM),Seeking Alpha,https://news.google.com/rss/articles/CBMimgFBVV95cUxORDRpbXkyUTNDdFh3Z1VMRXVKTUdBQURVYzJDQ1o5cnM0VjBmWFBhOUtoLVRFNEJSYXVUUTlnazdfeU51bVlYczdBWUhocUExYWxVYVV3dXVqQnhQUGNUZnk2VGE0RFVobzZuYXNSTzJWRm1DQVFPVjhTUGtuYmt0ZDNkZ1BabTFienNSZXh1UElCZWxHcl9lXzd3?oc=5
YUMC,2026-06-17,Pizza Hut sold to LongRange Capital and Yum China for $2.7 billion,Business Standard,https://news.google.com/rss/articles/CBMiygFBVV95cUxPVjJyV0NRQUhFVk5LY2RCWXFaTWhzUEpLNlNRRVJxc3I0MjhfQUJuQkI0aXRpSkFrbWE3TFdhSlhHZ0hGbXRVbDk1eENvZThNZDFfZFRXcGQ3MUcycXdjOXQ5dWdLXzZHRDRObWdnMjVwOEREekRKc0R5Wi1zYXNycDlPRTBtWDZ0TEF6ZU5QY3VocDBidE1iVVRsY0FLZVNHWndYRHc3aTRUZ0xsWWN2cGE2Y2lxQS1TQ3ZDZU00V1F3MlktM1F0RkhR0gHPAUFVX3lxTE5rUGx6elhpVVJCSlhFR3VRaWtxMXUyTzhKQ1hqYnZtYkZoUm5CWnZROHFHYzJYT245VHc2WTRfcFNIdWplYWNfSjh2cHlBYzVLbDNXSDRtTGpxOVdpVWNzX0hFN0lzd3pFUU1kWU5rcVpCdldyRHdLYVFFaTNfMzhwclRFdUJzS1NhWjVhR29FenRzSGF2Z1FVLV9zNFktU2ZxNVlseXRvYTQzaWlGbGZaNTdIaWxQTnBRSjA1emxmRGpoSjZ0T3hRbkpHY3VMWQ?oc=5
YUMC,2026-06-18,Yum! Brands (YUM) Sells Pizza Hut In $2.7 Billion Deal To Refocus Its Portfolio,Yahoo Finance,https://news.google.com/rss/articles/CBMilgFBVV95cUxOLU5UOGE5MkZNR3lsbkhqamZaM0NKaWdZSF81UUY3M2I2cjdVeG51NTF5SVc5RDJGa2toYk9DTGQ2cDNDQWJqTmh5LTlDOWtiSmM2dlZfeXdid1o5c0FCekJ3V3M4RUw4eUdRelBzT3VjdjdBcXdhUlE5a2lDWmRBOUV4YlBZM19DcWtEQ3hsaHhWSzRVY0E?oc=5
YUMC,2026-06-18,UBS reiterates Yum! Brands stock rating citing brand momentum,Investing.com,https://news.google.com/rss/articles/CBMivAFBVV95cUxPYU8tT29MdGFnaTBRMFI0RFU0aFFNZFZEcmpRNVpxNThHUlRuenV4Ulk2d3RaakFFQkxUUU05cGU4RFdZNEwwUTE3SEs0VHZDX2RjOTlyNVo4bmVRRHlDdmM1R3VrQ2tNM08tTF8wYjJERkZqSFFKS1hueXo3Z0JjX2hxMDZXT3VvTUYzc3BIblpnTDRPSzljR0pQNERGY1hSYlN0akFEWFQ4dS15TF91RE1yMjJ6bGlvZUF1Tw?oc=5
YUMC,2026-06-18,Yum Brands’ Pizza Hut Deal Is a Loud Warning for the Industry,The Food Institute,https://news.google.com/rss/articles/CBMijAFBVV95cUxPNmFKSDJ0UVVUWkZzU2k3QVpOOEFkcXM2Qm93Z1FDX29WX1h5eHVzMUNpN2NyODBzcGE3ZGxIQkxybzBUUmkzdXgyUVpVb0lTR1ZNWHZmWDN4RTBpdW0wZVdXZUU1UXhHOFNERXJIV01mTUF6UXpMa2ZBcWo3aFJ0bTJWcGJ2UXZtS2xwQQ?oc=5
YUMC,2026-06-18,Yum China to Take Over Pizza Hut Business,Retail & Leisure International,https://news.google.com/rss/articles/CBMic0FVX3lxTE5hZlhFejRyN0JJZzBYMWJZWE95MXh0d0QwYWxyVGFfY2NZRF9xeTFoTk1ySVpnSGFGLWQ2WXRpWTY0dEpQaXJtai01SFZRVFA5WXJCVHFkQ3hVaUNqNm1hQ1B0cU5CX2Q0V2s0TVlobUU4RG8?oc=5
YUMC,2026-06-19,Yum! Brands Spins Off Pizza Hut for $2.7 Billion To Private Equity,D Magazine,https://news.google.com/rss/articles/CBMitwFBVV95cUxPQjRvU0VJSjNwaW05UzJTQ0FHZ0d4TUZVZHNGMkZONC1sZWoxekpULWNaV1Z0T251MGhEZk1KY0wzNnN6c1VBT0N5WG14ZnlFb1B1Y2tzOHlWa25lYkU3NWV1dGxCUGhrRVNpcTg0cjNOc1ZZN1NDYjVWZEdmeTVibFdObm0yQlhXamRVQ25WeUlXSjExYnNreXhYOVpyU1VFVnhrWVZSUGJFcXNBRlhTd2xHaG1IUkk?oc=5
YUMC,2026-06-19,"Jim Cramer on Yum!: “KFC Has Been Solid. Taco Bell’s Terrific, But Pizza Has Been a Drag”",Yahoo Finance,https://news.google.com/rss/articles/CBMikwFBVV95cUxPbWJTTDNhSjNXNTI0NG1UQjJGbGE1Q01jNkcxOHFFT2daR1NkaU5McmYwRlF1d1ZoX0x1NzhobnR4eGd4M2o1WkxTUnJoU200UWZUUDVOZmFvWDZydzFadUlzLWkybkVGN2FtUnhxaU9relN4VHZialBXTERZV1A2dXZ5VlJlUnplbDJRQkFJSlgzcGc?oc=5
YUMC,2026-06-19,"AI Stocks Soar, MSCI China Drops 20% Into Bear Territory",Growth Dragons,https://news.google.com/rss/articles/CBMifkFVX3lxTE14QXBfTEowcnRsbzNZVnNKZjdBb1JsajB0TEFJNWJyVTlRRUlWT3NWVTZ1SWtIMWw2WGp0M3Y0QUVGamM4SHNpQ0Q0TjRrNjJnUXVYOHZjaWpmM1Q5emJpRFhkN05tRWxRODFyRDRxNnhpajZwZ2s2aTFzT01MUQ?oc=5
YUMC,2026-06-20,Yum! Brands Sells Pizza Hut For $2.7 Billion. Here's Why Investors Should Be Concerned,The Motley Fool,https://news.google.com/rss/articles/CBMimAFBVV95cUxPREtYR2VfcmhhTW1DVFN1VjZwbkNsSGNDRGhtS1UzcXd1aG9CNThYQlVWSTlmV216LXRScTg0TWlNZGtERFZ1QnlQdnNtUTNwMnRtVE1NcjRzQ0M3d1JPV3k0VU0tenpTZ0NGSDNXZ2xRWTRYTllFSmVLbUFQTjFjdmZieW5kLUdDNEpEN1laWHJuU19Sc21kQg?oc=5
YUMC,2026-06-20,Pizza Hut to Be Sold in $2.7 Billion Deal by Parent Company Yum! Brands,USA Herald,https://news.google.com/rss/articles/CBMiXkFVX3lxTE53bnRxN1NGSGd6amhDc0RETVFHbUR1ZzhMQmFwOThEREtvd0c5ZXBQZ1BuNEh1b21zTi1sWml6VkZBWUhVT18xTnpwQ2FMXzJKZGRvaEV1WE10Tm9CN2c?oc=5
YUMC,2026-06-20,"Top Stock Market Highlights of the Week: Fox-Roku, Yum Brands, Oil Prices and Bank Indonesia",The Smart Investor,https://news.google.com/rss/articles/CBMivwFBVV95cUxNdXoxUXozUS1hOFBNOE5rcktUUi1vT0FiV0xmQVBOR2ZabEFESXNYVVhzR0FYeXVPbnZvdzMxWnV3eVhuaDdiMWpfem5TbVcyNHFITDhvVkFnYTlNQXdzbmpGT09kWkRyTEthLWVOT200VTFWdzBwUmt0YnY2MWc3UnBJS1IxVVN4dnJOX0RSa1BMQktlamR4cjVURmNubWJjamFIYXEwME1fdm82R3phSm5sRnd3WFg2MGR1WVpkRQ?oc=5
YUMC,2026-06-22,How to Play Yum! Brands Stock on Reports It Will Sell Pizza Hut for $2.7 Billion,Yahoo Finance,https://news.google.com/rss/articles/CBMimgFBVV95cUxPamxrNlc3a3NvWWxLLTJMOXFYcll4ejBELWJBcUlMakR0UEFfcWRnci10ellhdmxZU054QUVvVXhMQkdTNEZ5MjJ1bVZZSEtwaVhWSjVVZ3ZZdTlZTVBsSWJrZWRDV0MzMVZFODJwVVFpM3BVS25hN0o4bzhocENnYnU4YkdiWGV4X1I0NlRMTWE4d0V2OG1PZ0tB?oc=5
YUMC,2026-06-23,Pizza Hut started small in Kansas and is now selling for $2.7 billion,The Topeka Capital-Journal,https://news.google.com/rss/articles/CBMiuAFBVV95cUxOaHMwd3pfbjZsZGgyeTd1NU9SVFFZTGhZd1BDa2pLWkZWQ3NBS0lEeE1QeXZmbVNESUR1dVBxcXNTckJxdzU0M011RUFSRExqN3d6cHlNUGtsZlI0cElqSzRNTkhESXMzMWtqaDdaalRGNFd0NEhVVjg5YTU0ZjhDUU50ZHNid0Y3LUZ0NFUtZ244ckZ1ZkdQbG8ya2ZwQUluODlDanA0ZVI2dnQzWUJ4ZXQ5b1U1V1A4?oc=5
YUMC,2026-06-24,Yum! Brands Is Selling Pizza Hut. Investors Should Be Cautiously Optimistic.,The Motley Fool,https://news.google.com/rss/articles/CBMimAFBVV95cUxPekR3N2FuUlA3LXBXSm5ISVR0Vi11Z0hOZGwtanVRY0x1V1p0MU9GeFlnY1pTMTZuVlhBQUhKSHRhNHlrTktYYlFxa0w1bjJrZWdXRnA4UHFleEdtc2o1TmNHMDBsZWFXM3dZNXltNXBHLWY4ZHR5SXd2by1NYlMxLW9QclhkS1FQalFGc0l1dFpsNjIycGRBRA?oc=5
YUMC,2026-06-25,Yum! Brands (YUM) Stock Gets Fair Value Trim After Pizza Hut Deal Commentary,Yahoo Finance,https://news.google.com/rss/articles/CBMilAFBVV95cUxPZUpodnhkb2g3bV8xX1BfSkp0aGFSY0xPUlRyNXlUX3lQb3gzMmE4S2R5SkY5US1kbmxsVnlmbVpzMndITlJrMDJXTG80NmloU05hYmR1X3JSdks3MkRVUkQ4RlZ3b2R4ZnA4LXZzMEc5ZEczX3ZuWDVVQjlCVUpzN0RuY1pkUjJHZ1ZjNno0bExHenh6?oc=5
YUMC,2026-06-25,Yum China unveils 'AI plus robotics operating system' to overhaul food supply chain,China.org.cn,https://news.google.com/rss/articles/CBMiakFVX3lxTE1NU0dCZnN2bWc5UGxWZ0djQWliTTF6SVQ4M0l0LW94REpvNDhRNVRXMmRkRl9SNUJoY1lrTk4xYVRmMUtweHFfUEVra0tVSnhlUndseTdsaUI2UnNlV1hwWWxDRVhsSm5rMkE?oc=5
YUMC,2026-06-29,"Is Yum China Holdings, Inc. (YUMC) A Good Stock To Buy Now?",Yahoo Finance,https://news.google.com/rss/articles/CBMilwFBVV95cUxNME9yOFVSNzBuYWtrc2FIcmNmdGxfcHdLbVlHN2dodTZqblJEZlozX1NPRzc1WWhSVmtPTEc5NnZMODBrbkZxb1JDQ3NOMGNVUG5CRFQ1amMySE0zSTBXRnVTVzJUbjAtYXdoQkJtMDJ2LUljclc2b3hLc0pjWUFUaVdHeE5hTXl4OXd3cUFfajhsNV9za0Vv?oc=5
YUMC,2026-07-07,Yum! Brands stock hits all-time high at 169.71 USD,Investing.com,https://news.google.com/rss/articles/CBMipwFBVV95cUxOMjlRbVRzRVhqaDNzWHRaMVVjT2JGckU4R2xubnVXcmRvdTJYX1pLWnlXQ3hYWTNQRmZBVUxURjBqVUZSOVAwZWkyTUZiQWRJaU9TeG8tdmFhVGJpQVhHRUs5bGZQR0hMWUxfOXFiZGwxRndfblQ1OGs4em1VQ1RGTGF2TTc0SlhiVlhxc1ZNYmNTaGFqd0VTWnFQaDVkalhzZ2d6T2FmRQ?oc=5
YUMC,2026-07-10,Yum China to Report Second Quarter 2026 Financial Results,TradingView,https://news.google.com/rss/articles/CBMiugFBVV95cUxPNUM3cUhsNjJfMWRfOF9Tem54OHJxT0w2aGlrNFFMSWF5V1lkaGhMakpHdHFnaTFaYkdIRUxNSHBacndUU3RKOUVjX093b2RPY21nTTBST2tVRFhhY0RDZkdZT2FWaVh2SjZZTFNqN1JuSlkyUjlkbGcwc2xKQmJEUnBVYzhIUElET2MwNEUtVXFpYzdhdXFaR0sxNjBoVHptRWh6MDU5aGczXzQtNE82alVxQ21EMU0tYlE?oc=5
YUMC,2026-07-12,3 Stocks Under $50 We’re Skeptical Of,StockStory,https://news.google.com/rss/articles/CBMipgFBVV95cUxNa24yUlJzVTZFMVZKRG4zZEhpWnlBdEVVLUkxc1l2OWtzako3M1B6MmRCMUhidW8yOTc1WmZfdkVheFB5a0g0TWxlcXVvNlZmLXhWdEZVYm5NNE9WdXB5VUw1VXd6Y2QwRHVfMnMtaDZFc09Ob3Y5c2V1dERlT2lieldGZjFOZktjSEJhOUNIemtlT2ZCeFJEaWI1c3BXOFUyeDB3N0dn?oc=5
YUMC,2026-07-14,Yum China Stock Faces Pressure as Price Slips to $43.3 – Key Support in Focus - Factor Timing,careplusvn.com,https://news.google.com/rss/articles/CBMiuwFBVV95cUxObDFYbW1BMmJ4UlFKUW8xR0duQUVCS3VfTmJsU21lVldYT1RVaTI1VHhDSVZoaU1KN2lWMno5bmJ3WmloWEtzVXpFVk42blltWDFTdl9WclZFX2ZxaUd2WkhFTkJyOHdQUUR0U2FNUkpNb2ZwSVpacTNUTUxyVHJGS0NQeF9pVmdCenpjWmhqN2l6cXp4YUJjZExLc1R6TXd4WGFJak9PV05pdXp3Zjc1dmxCQWVvUVBBY2x3?oc=5
YUMC,2026-07-14,Yum China Stock Faces Pressure as Price Slips to $43.3 – Key Support in Focus - Skew Index,dars.gov.et,https://news.google.com/rss/articles/CBMiuAFBVV95cUxPRnIyY2dvekJaTk04S2czNzdnNG9fNERTb08ybXNzQ3E5THVTQjJ3ZV9CR1A4b1dWYjlVRXFla19fWUdzYWFIRUU3cER2akc2akdiRGQwREJjTTY0bFNYN1NEdnVxRWZYX3pKN3Q5M0poOTE1d2V3b081NGFIbDFuTTJaZGhObDhwZ0h0UkVwQWEzOWI1TFY1OXJMc0l1Q1pYZU5IME9iYjM4MlhTMXZKeERJWGVYNFJD?oc=5
YUMC,2026-07-14,Yum China Holdings (YUMC) Faces Headwinds as Stock Slips to $43.38 - MA Crossover,dars.gov.et,https://news.google.com/rss/articles/CBMipwFBVV95cUxPU0lRRXB6ZW1JeFJxVDV0cXZqQVpMb05XenpFQzhidmN5dGhyQ3R3YWQ0YjBReGN2ZHFwV09CVS1Gb3FVM1NMcm9qNGdMRkJEd25WT0NBME9SU2V6M19Odk9HT2NHTVI0Q3FnRXMxeGJhcFhCaGhEdE5fX2hJR1lOTXZwN21RZ0dtbDY1Y2FsdWxocmZFQ1VodnF6dTN4UlBxeFVNR3NTWQ?oc=5
YUMC,2026-07-16,Yum! Brands Announces Q2 2026 Earnings and Conference Call Details,Yahoo Finance,https://news.google.com/rss/articles/CBMimAFBVV95cUxPaEdMVlJNQUhaM1FBTl9xYkg4SDFsVEdncENZMVFieDJ3b0liT3lsbnpYRmJ0TzR0VUx4dHZKNnJKNzlTWnVZRHZKYUVDZ283TlpUX0Z1SkVGRklpcTRnc0J5dGR0MVlNYTAtRXktaEluTTR6OVVyWVQ3NmlNc29zc0gzdjZ5VkZXQ1l5S3I2QnNWMHdPLWRWWA?oc=5
YUMC,2026-07-16,10 Best Value Stocks to Buy for the Long Term,Morningstar,https://news.google.com/rss/articles/CBMieEFVX3lxTFBGUlBOSmhKMWJ6TzNCVVIwdGVYVXdZelNHbkZSU3FUZVlkUzlWRS1Kd2dtNFk3VW9BZkxQT3VycTc5UW13TVdTUWQyLTduNXVZaDdyTFplUld0d2d3TlZlQnp5a2YtWGhKdzJTRFZxVElYSVpOY2VSWA?oc=5
YUMC,2026-07-16,Is Yum China (YUMC) Stock Undervalued Right Now?,Yahoo Finance,https://news.google.com/rss/articles/CBMingFBVV95cUxPaDZpRjJJUWFDc0pvY0RWc0VTcTJVQ1R5OHM0bDczOTlhNGpraEJPT1FrZmVWRDI1ZmxYLUE1UHA0SVY4T3BPcWN3clRUX0dLSUdRbnlzUTRfTE1QSXlOSVk0a2VlM2l5aFJfdmR4VF9UMlVwcjJ4WENWVXJJcjlHMEYzY1Jqc0JtOVZFSTA3UFlXY01nRnNrenE2bTZOdw?oc=5
YUMC,2026-07-16,Here is Why Growth Investors Should Buy Yum China (YUMC) Now,Yahoo Finance,https://news.google.com/rss/articles/CBMimAFBVV95cUxPbGc1WmlGTGh5TFZvaDM2QTRQUUJ0TklySU5CVzNReHhqWDFxLXNBZEJHSEVHdlFTalA0Y2JRYVJhYUo5ci1YS2VRWUlROGF0U0wzRXQzRHZDT3VOSnBnYW9ORDkyUURoY1hVd2l2WHpRUXBSeUd3N29YelFVaE1jbFN5dm1iSjhqeTQ5MkxweHBpV0RVTExYZA?oc=5
YUMC,2026-07-17,YUMC Q1 2026 Earnings: EPS Misses Estimates Amid Operational Headwinds - EPS Growth Rate,careplusvn.com,https://news.google.com/rss/articles/CBMitgFBVV95cUxORmJGTi1VOEJOX3RZZi14cXZWWXBxQXlSYUxyYVRIVlJVNHlqaml4RUZKYmdxTklhVGtwQUxlR0ZCYW5GRUMzNHBDTEMxLS1Ybm1kelRzeXR1TWlDN0hGeHR4aWJzZUNNTzhMZHpham1Hall5bG9nRkYwc0dvZi1UbG1rNWgwZFF4cUNuaDF3UWRWeGpieURTOHlSMzE0bHJUUEhZUXI2Y2w1ZlBVOWJNenlGQU9LZw?oc=5
YUMC,2026-07-19,Traditional Fast Food Stocks Q1 Highlights: Dutch Bros (NYSE:BROS),StockStory,https://news.google.com/rss/articles/CBMivgFBVV95cUxOdXE2RVEzY245NU8xVmhIOWZFRElEMUFJVGRHdFZ3YzZ5MFo3V2VSbkl2QXBWdm5rbHdzaUs3bDdBU0hzU0NrUDFVTWpIZ1VwMExOV2g0Q21HbVNaQktVUVJpdy1JeGlyVG42SzJ6RllFMS1odHhQQUowam5tRnlQVVJrZ2xEU0FfZGxrVGw5WXdIQ0I3S3k2a3hPUVh5WEtHMmxGMXZqb0c3QlhTbzdrVW1TRGZHMGFiQVRIS3pR?oc=5
YUMC,2026-07-19,Yum China Q2 Preview: Pizza Hut Catalyst Balanced By Macro Headwinds (Rating Downgrade),Seeking Alpha,https://news.google.com/rss/articles/CBMirAFBVV95cUxNMS01U05UaHBfMVI5TGhmV2R2YmxmQ2FrNkhpZ1NkbEMwX1pVbGZxaC1NZWxnMlBId3RyVE5PbUdMQjdTUjNWLVUyblZWOEUwQTc1c1hlSGpOd0dVR2VFUXN0a3huR3RHaGNHTEZuWEZZTi1CSjR1QklQQ25MdG16MHZzZXhwVjhablJiaTUwNGN6TXVEa1lzZkI0T2ptNkRoNThFb3lYQXA3andR?oc=5
YUMC,2026-07-19,DLR Q1 2026 Earnings: Narrow EPS Beat Amidst Quiet Revenue Disclosure - Forward EPS Estimate,careplusvn.com,https://news.google.com/rss/articles/CBMitAFBVV95cUxQcDROdTl4Z3RIdUZ2ZUwzRXVmQlk3bk1pR1F4Mk0ySDQ0LU12bFpDZWhUZmxoVkgzMzNrLUVuMTlYaG1TTW5tWExYX2FyQVAtWHh5RWpWUlpXT2JnSEE0ZWFxYUtfRmxDcWhQQlZTeGw2aHEtWE4xRy1qNVBLQTdPLThyc29yRXQxNE1mdHhOeGVadXpPMnBpMmQtWUZaeUtxOW9QY0tvNXdrUFZQN3NOR3luRzk?oc=5
YUMC,2026-07-20,BJ's Restaurants (BJRI) Moves 8.0% Higher: Will This Strength Last?,Yahoo Finance,https://news.google.com/rss/articles/CBMimAFBVV95cUxObmZ0R0N0UjlHQTA2OHVQMXQ5Q1JKU290YUZfMmw4dTMxeTVTWVF5Y3VMODZiZ2lUR1lxdENhd1FQa0Q0MXdLaVlPMmNJNnNTV3RLSmtvUnBjZ05FR2VPWkhseEh3S3h3Qi0yQlEtZUZtTGo0bW9wX1ZadzJiUE9kdzJNeXd3RS1OQkdicktGdXJib3d6dFZ0Wg?oc=5
YUMC,2026-07-21,"2025 Latest Position Adjustments of Top Star Public Fund Managers: Zhang Kun Reduces Baijiu Holdings, Li Xiaoxing Targets High-Growth Sectors",eu.36kr.com,https://news.google.com/rss/articles/CBMiU0FVX3lxTE1Vc0lxUk1mSmg1ZVJ5dUpySFdtVXdwTGJ5NWFaYVMxcFI4YlpMWTBkSnM3bTQzUzRUTThsRnBwN1E3X3YtWlpBLWZ6S183ajFuMUpr?oc=5
YUMC,2026-07-21,"SA analyst upgrades/downgrades: SNDK, TSM, NFLX, YUMC",Seeking Alpha,https://news.google.com/rss/articles/CBMikAFBVV95cUxNNjZEc3plUkxtQXJ1NFh2RDAtZEhPSGNEcU8yM2J4VU5UOG1hek9XZU16cFV3b0hoVkFId2hOR1hqc21NanpFUEFJM2ZjZW5tdXpRS1BxNmFYS0EzcGhBUEthVFlpeTd0NG9RNWROYjVoQkRKTTNjaWQ3eGFOdEdWRVpBbmFSbWJwTHhwbDZ5bWE?oc=5
YUMC,2026-07-21,10 Undervalued Stocks Poised to Surprise This Earnings Season,Investing.com,https://news.google.com/rss/articles/CBMiqgFBVV95cUxPS0JHYUlNaWNEeDcwTWF0ZlZVaGpxZ25jdUoyT0VlZlhpQnNVZ2VvY0g1ckhOT1lZQmJ2Q0ZVU2lZcXFjek5CaGFkSmdSQzVPUDVxWmVjVkJjN1VtS09XMXBGY1JGd2o1ZGpGakJCX1dTVlZma0VpaUcyN0N1bDVjaG1CWkREWDJkSG5mZzVIWXJHQUJYUWc4OHF1RGNDeXFrTWxRTHN3VEQzQQ?oc=5
YUMC,2026-07-21,4 Restaurant Stocks to Grab as Sales Soar Amid Higher Gasoline Prices,Yahoo Finance,https://news.google.com/rss/articles/CBMimwFBVV95cUxQbzNXNWNVejh5LTdXd3l5R3BHWXJid2N6M1oxZ1dSb3JXeGpOVTNpQTA0Y0htR1hwYmdCMzFELWR6RHpoNklhcS1QS3VXOFdPNnFpNWFaa2duMkNzbVVuMzlCM3ZFZFhpS3Qzc3lFYm84SmVkTC00MmNhaVp5QWF2bUdYRFhZelNFTmhuNmg1SE5rZ3Y4Q2luN3dTNA?oc=5
YUMC,2026-07-23,Taoping Inc. (TAOP) Slumps 20.82%: Key Support at $0.92 in Focus - Initial Balance,dars.gov.et,https://news.google.com/rss/articles/CBMingFBVV95cUxPME1LTUE2RUVJVDRPb2lqbS1TTFk0U0VJMmxDSUFWaVN5YmdHTEtqUFo0S3FRRXo1NFZvV0NGVWVNajdNeVpwN3pPRW1mMlFBU3oyRGNNNzBYSkQ1S2Z4NlAtaHQ2QTJIeEJVc2p2SzEtWjE5VE1XTzBVQnFybWdDUzRsWTQydlV1U2ZlVGp6cGxJWUVBcGxTUzNteFZtdw?oc=5
YUMC,2026-07-24,"Yum China Holdings, Inc. Revenue Breakdown – NYSE:YUMC",TradingView,https://news.google.com/rss/articles/CBMidEFVX3lxTE1wMW1nc09JYXFFQlpNTzFLVzA3R2VYTWE0eXUyR1pWcjhnbGx5TFZ6TXdzaDRLZTRrTU5DWTI0Z2ZmT2RuYnoxQ2ZaLTV4WXlYNmRCcVYwQmNXbHJWSEhRLWM0eDBUMDZuejlnczYxNEg1ZzdQ?oc=5
YUMC,2026-07-25,Lantheus Holdings Q1 2026 Earnings: EPS Surpasses Estimates by Nearly 16% - Analyst Earnings Estimate,dars.gov.et,https://news.google.com/rss/articles/CBMitAFBVV95cUxPbE5nZV9MakF2T0ZtNi1OcUU3TElWV1B0LUE4VkE1NjUxSjlpM0VYVzhLcXg2U0ZMT2F0eUVId3JrNF9yZzZ2SEE4SlVtODdQemgyeUdpckZ6NGlnSnhwTkZCQUpBb2k2UXh1TVUtSkdCakdocG8tOHZiSllkeGhBNlpPc2E5VEwwSHZzalBhemRmT1FEdkZQa2ktLVhfUVhvbjBzYTY1X2luNHcyQ1RfNkdxZTQ?oc=5
YUMC,2026-07-29,Yum China (YUMC) Q2 Earnings Report Preview: What To Look For,Yahoo Finance,https://news.google.com/rss/articles/CBMilgFBVV95cUxNYlV1Sk5QLUZXTUpyQnFKTFByZzAySUZQRTNTM1A4bjFnMGZ6OU9rMXJBU1RzTHZzeWw0Mzl6aDVuQ2FKSFkzRmZ6WlNnNjZzYlY0Z3RmY0RxSkpTUy1va0ZuMFhJaEFiQTJ0NUVnQ3Job29QQ1ZTQUR1YnRqQk1LbWg3Y3V3TkhoeEZPR3g3TUJNSkc2R0E?oc=5
YUMC,2026-07-29,"YUM, YUMC & BJRI: Which Restaurant Stock Will Shine in Q2 Earnings?",Yahoo Finance,https://news.google.com/rss/articles/CBMimwFBVV95cUxOc2lSamVRa2hhbE1iTlJsdVJOSG5ldHNTWElvWVdzeHZqVGtnLTVBaS1iSTZpSjExQWo0V1JiSnliNU9YTWNmSmk5ZnVLcG00aVNVMXJrSkI0ZEN1Sm9rY2M4Y3kzSTZrOUJlMGFxY29QOERraUM2TV9sOVk4Z0RnM19ZTmx6empFTjIwNXYyaktEaUR5RWNELTJoWQ?oc=5
YUMC,2026-07-30,"Yum Brands shares up in premarket trade on Q2 profit beat, Pizza Hut sale",Investing.com Nigeria,https://news.google.com/rss/articles/CBMiuwFBVV95cUxOOVpBRTUxa3FHZ3lnNHpscmR3SU9ZWTFTckdkc0NtYWVBbHhBczVPcHpyRW5QME8yU1QzdmtWLUJocHhnZWpRMWd6ZjRkZG84czRVRDJaZ0hfeXRXY2hleEMzYkJMRWdRV2ZHLTBEYkRGNUV6OHo1OHotNzl3dWdRSlo3TEpqbmRaTzNrZTc1cXBtYlFadTd5ak9YVVFlRk4yZmw5VEVlcWhLeDRHU0NPT214X0x6WUFTdUJN?oc=5
YUMC,2026-07-30,Yum China Shares Gain After Second-Quarter Results Top Expectations,Yahoo Finance,https://news.google.com/rss/articles/CBMimAFBVV95cUxPb081dHktSFN0R19FRWlWTEhwdXBTQ1ZIRFBxcC1Ra0YyeFRyNHRZcTYySmxoSEdnUEVLcEZ4U1FTdTVXRTlVbmM0cGxjYkJYOHpKNW5uY3QzQTNwcF9NSnRxM0V6MWFBQVRpS2RidzVxQmg0TEZDTmNZOTQ0aWhBOERJTzlUaWtnTWgyU3l6VVlGSkloY3N5SQ?oc=5
YUMC,2026-07-30,Yum Brands' Strategic Reset Runs Into Taco Bell Trouble,TradingView,https://news.google.com/rss/articles/CBMitAFBVV95cUxQVEtrcXJFa2FOdVZONWItblVVQzlhLW1ZTzFMTFptTEQ5VTVpaWRpbHg1X3B3ZWk4QThqaGctcy1rTy1yOVh5VDFNU1pjOFZjYjFOZHU5dElsNGFxMG1VRVA3RGVBaXVRN2NJZzg3cDlwWHNyaVdQaV9NTS1HZ2otcmdmS0s3NnRGOTB5bjQwODFEVmpUUVdqWmV3QkRoOTZucXJuQnhZWmYyNG1RQ0VsdGYxUmo?oc=5
YUMC,2026-07-30,"Yum China Holdings, Inc. Stock 12‑Month Price Target Raised to $60.24, Implies 31% Upside",TradingView,https://news.google.com/rss/articles/CBMi3wFBVV95cUxPOVFGR29wY3B3bnVUV0p0RUNfUXdpSlR0akNHRVVZSWFJcWk3WnduZHJGc0ZRNF9PMnZFLUFNdUJZNUtYOUJOc1pZXzRPYW8xQ0VJb1hoS0s3eUJUeEgxX1dxYkFUR2g5WmFFcEJybzNPQ1IxbklXRE4yWG1xUVpQODQtVzhJVzlYcFJPVWoyZDlieEJJVkgteFdoZXFfMXJhUFJPVDhYaGZfU05STGt6bDhLX2xPRDZtYnNlclg4Q1hYS1FhYUltZ0J1UUZRdDNCYnNxQ3RoSHc2MGpET093?oc=5
YUMC,2026-07-30,"Cyclospora outbreak has hurt Taco Bell but sales are already improving, Yum Brands CEO says",CNBC,https://news.google.com/rss/articles/CBMid0FVX3lxTE1JNWdnTjFKR2puRUx0eUEwOHB2bjJ3MGduVU1USmJfT0FPUXdCOHVMWGJEVE1fNVhsWld5QXNzMVJ0MWdaV3h6M0tsdFFzMjBmX18zSGszSUlhNjh4Z0FjZTVWVUxQeTNxazJNOXlOLXJTcXJldjdv0gF8QVVfeXFMT3NoWnFFY2s1VGQtbjI1SHZweVRneHc2azVvV0l1NnZkWVA0MmxzdVA3eUVpMFZIV2FPdE9FaWx1ZVlUSVZnbWtTLWthWTRoVWJxMHZ5WTdOaENMRXJDMFV3UUJqOFJxVXdoR3MyTjFEWDdEdEc2OFZnbmY4OA?oc=5
YUMC,2026-07-30,Earnings call transcript: Yum China beats Q2 2026 estimates as stock edges higher,Investing.com,https://news.google.com/rss/articles/CBMi0gFBVV95cUxPazgwTC1RcFNQa20zSFZwdzJoRmplZHZBRVd3cUkzSy13TlNtaGRreXE0TWxBTVNqOS1Zck1QUkhIMVBrZk9sMGNWaVU1UjFzeUJoSm5XSWMxeE9xM1VVbE5pczMzRnQ0Q3lESGZ1WGNzOUdkQmFNdlBSYW5kSWxFeWI4YlZJZGtseXhnbjlWZHQ1MDl2Y1lKM1piZ2ZNVTM2dzJBbUxVaXRVOVBDZVBoazk4anZsQ1BzaGVCZXotdzFvamkzUTV2bTJ3cTY4enZTLUE?oc=5
YUMC,2026-07-30,Yum China (NYSE:YUMC) Reports Upbeat Q2 CY2026,TradingView,https://news.google.com/rss/articles/CBMiqAFBVV95cUxPNmg5aGF6SWUyN0FPek04a3AxSmRSaGU1Q3o2eHFMWmtQbjZrRzRKTnp3elNBTHVIRHBrUWpmZWR0U2psbm82MTNPWEJDX0p3NC01TzRkMmd2Z1hnQTg4dE14VUwxc3U4U1JOYldnN1J1QzJaMEQyYTdDQkFya2lYOTlNTjg0MjFlVmtlUks3ZHB4UmdNRnhLRGZFWjlZalhQY1NSaGJwcXU?oc=5
YUMC,2026-07-30,Yum China Holdings (YUMC) Surpasses Q2 Earnings and Revenue Estimates,Yahoo Finance,https://news.google.com/rss/articles/CBMinwFBVV95cUxNVzVVXzdVRk41S2FkaTBiVmI4cHRhSFhVQll4YkltVVdkYnI5czhvQzhTVDdjWkxBMkx2THgxZFRFVXdjQ28zbjNSbFBGLTJuUFBScXVMaXBYZGtPVW5yRUNFWjA2R29vdEJ5c0pEZzVHenFFdEJmOGc5TXd6R3ZheUVNN0Rzbnc4bEE4aFE0TlR4N2dHMlJXQ3c4djZ5eVU?oc=5
YUMC,2026-07-30,Yum China (YUMC) Q2 Earnings: How Key Metrics Compare to Wall Street Estimates,Yahoo Finance,https://news.google.com/rss/articles/CBMilgFBVV95cUxOVktpZDVzRDgtcTEwVWloUmk3YzNlNjU4aURFTkE4dTdoZ2JOWlU0WEtXb1hvQlRPekdzVFVzM25VQ25tdmFicl90UWtUb254bWlEaWZaVmR5UFZpWi1Md1J2MVZFR2diMkcxWE1HN0NFbDB0QXpoNDBXNE1iaVhFanJHM2VLUnhCQ0psVzY1bTFjUHFXWGc?oc=5
YUMC,2026-07-30,YUMC vs. CMG: Which Stock Is the Better Value Option?,Yahoo Finance,https://news.google.com/rss/articles/CBMikwFBVV95cUxOdm42b0gtUWg1bXlKbW9qbkdvb0pKWGdVdlFXZFdaQW5aUFpjZ1VwdEJNYmJSWk5Wak8tREQzMVl5ZVhwX2dlcnNDSFlVOTdxN1VRbDBTaE1lWEhRX1F0QWt2SzAxellUbE5yeVFKQ3NzRHhZY3JfcXdzSzdQbmVYRTducDFSUnVvaHAtWmdxYmE0b00?oc=5
YUMC,2026-07-31,Is YUMC Stock Attractive After Earnings Growth and a Low Valuation?,Yahoo Finance,https://news.google.com/rss/articles/CBMipAFBVV95cUxNRDhEU3hOLVRKUnlJM3NnZHI1VGNjNDdBNV92OVpRRUlJRmhaYkM0T2Zsa2k4Y2VDdjFJc3dUOFppZ25XT3F3M0xManlOLWpMbHhXOWpfRm9taFUtcUxNMnVyQmRzTDlPR0lqZkIyQkdWaDVrY1haQnE2eXFhSUlWcEhpS3dSakFPTGNlUjF3UkdsdVV3ckNtaVUxMUlvZTJTX2dFXw?oc=5
YUMC,2026-07-31,Yum China Holdings (YUMC) Could Be 21% Undervalued As Q2 Beat Fuels Optimism,Yahoo Finance,https://news.google.com/rss/articles/CBMimgFBVV95cUxNVXliX1IxX1RGSWtnNGZiZTZxSFdUQlF4MGdHUEZCYXNYTVpwTi1naHNURTZwazJpUDEtQmRBemVIdFBhWDA0Q1V3Sjk0S29rc3pBZDBISFlXcGEwYXBPaU53OVlFemlYZFRrYVRhNkRaTVZMWFlFSk9OS0hFb3BTemVGOUVXNGRkeExMb0cwZ1ZzOWZfM3hhYU9B?oc=5
YUMC,2026-07-31,Yum China Growth Drivers After a Strong Q2 Earnings Beat,Yahoo Finance,https://news.google.com/rss/articles/CBMinAFBVV95cUxQZ0UxNHE2eFdHR1ZUOHc0YnBqRlNFYVd2Smw2UlRXRjVBcjdxQkgtRHljMlB1SlVfeDBYWkdpZXFxbm9GNkZ6TFlQOVluaFl4OXhlYUhleEV6UmFHRmlPQlBGN0Z4dFNCWnVoZkVLWjJqVXlNZ3BFeHhTWUxWaU90Z3U2M0xvc3FOS0JVRkhZSElDUWpka2Q2TWdleGs?oc=5
YUMC,2026-07-31,How Much Upside is Left in Yum China (YUMC)? Wall Street Analysts Think 26.21%,Yahoo Finance,https://news.google.com/rss/articles/CBMilgFBVV95cUxOTHJXMFJJaTItQkRYaG5MUUxVS2RIRklveHhlMzNpeExjeDcyX2p5TVhhc0t6OVVIbW11UUxVVW1ubXFFX1JfVG5jZ2sxMG1aUEt3WV9CQVdSSVZUTGVjdm1jRHRveDhNcURqeFR1dG1oY0xzZFV4SDJtYU9vcUNfUUgxczZJYklrMDBEWUlleEpLUWhQVHc?oc=5
YUMC,2026-07-31,"Yum China (09987) repurchased 21,500 shares on July 30 at a cost of HK$7.8546 million.",moomoo.com,https://news.google.com/rss/articles/CBMinAFBVV95cUxQTTdVWlotNURiZHcwVFlnejZGdG9jWjdkc2FhRXZCQzB3b1JiVE56UklqX1dZUXZJVndSUGNNUFNqVmQzV25kc1pFYktBdlVOMm8zWFJQRzFNQlZCTWZuTHdOaGNWT3FsUEV3UUtncmFWckNWcmxPeXRkcGVRdld5V2ozejI1cWJDdEFyaE9RakpTWWhPdFpIbEpjbWU?oc=5
YUMC,2026-07-31,Stock Market Today: Live Updates 31.07.2026,ts2.tech,https://news.google.com/rss/articles/CBMiX0FVX3lxTFBmeTJOYVBwSVkwX3h2bTBLMEJ3LVpPcFFyYzBRSWwwUGNNVGFOVGZid3FXemZRWkNUQ2pOak1IMEFQU3BnUGExZGJxbGdZN1VkMk1RMElkdndnOVVaVm9B?oc=5
YUMC,2026-08-02,HK Stock Market Movement | Yum China (09987) Rises Over 4% Intraday on Improved Same-Store Sales and Margins in Q2 2026; Acquisition of Pizza Hut Brand Imminent,moomoo.com,https://news.google.com/rss/articles/CBMimwFBVV95cUxNcG9FWVdkVks5V2NhNHNhQUVFQXhWYUZrbDhKTU10N0ZQank3NTVjdFo3OVFXS1kyWVFaSDU3X0pXRHRLOEFKNUJDUFY4RXctNTRiSHNfZ251bm8xbXJ0VHhmYUJwdGxaSnJqN0ZtWHhfUmZpS2ZFUl92OFpiZHgzMjNOak9ISUpPNTl3Vm4xOHhIZDQ1R1ExRjllZw?oc=5
YUMC,2026-08-02,Taco Bell outbreak deals blow to parent company’s finances,thestreet.com,https://news.google.com/rss/articles/CBMinwFBVV95cUxPQlBKY3JwZHpMYUItdzlwanRaNU41SHhzRk9fdlJxT2tNZnIwa21fZ29oQXYxU3JqaExQdkkyRFFmYjNHTkE4dm5MWkJuaGRMTGwtRl93NVM3b3hPMjc1NTFEb0pHNGlBYjg4LWlWT1NEeUdJVzZocENEZmYwZVVmS2pzVVNIOTM3dHBwbVJidTNnQXVXUU1NLVhfYWFaMDg?oc=5
YUMC,2026-08-03,"Yum China Shares Climb To Three-Month High On Earnings, Pizza Hut Plan",Forbes,https://news.google.com/rss/articles/CBMixAFBVV95cUxNbl9tTXRTd1VQVDRxUTMwWEJPNkw0Qjd3MXpoLTJsdmdmUi1UVUR4clRfM3N5MWt4eVlXVW0yMFZrajVLdllSRmNjYjR5UjR4RVQwdnoyQVJuVzBTenAxSTFiN2dYeDVscnNPOWhmcGMtb2pyMHNqdUFadFJadmxJNGU5ZTdzMnpNNEs2ekxBWURmOEVNNVZFYkxmMnJZRlU1ci1jVnVGZl91OTBRekJILUVlQ1lUNERkNXhYVGlHb01Mc3kx?oc=5
YUMC,2026-08-03,3 Reasons Growth Investors Will Love Yum China (YUMC),Yahoo Finance,https://news.google.com/rss/articles/CBMinAFBVV95cUxQMUZJNWJ4WC1DVkRHZ01tU2pvdVdOa2FoVDNzU3Q0RVY2TTQ3SzAwcFhnaTFhZERXVjFpSXdRTzNlN2J1cW9paV83Qy16WjBxRWRqODJnc3FRSmZpWm8tMzZyOXplU05henZiVk9kOVpvSW9oaXJHekM2Z2dDeTF5OW02OTY0cFk2T3hYMjhkN2NEV1d6LVh3a0EyVVU?oc=5
YUMC,2026-08-03,What To Expect From Dutch Bros’s (BROS) Q2 Earnings,TradingView,https://news.google.com/rss/articles/CBMirwFBVV95cUxNOXlxR2doMFVwMmlRYUJVaUNJdmFkX2JhM3EybkpxTlNoSW1kQTJoXzRpMFBSb1VTdmhPaDFnUzBIYmYyN1JiYmNFOTNOSmZlR1JqTkpwTnZBYmQ0YWNWaWw2bHNmc3YyaVk4bS0tVjBLVE9nWnBjYzQwcVNBcEtJOWhJSENkaEZiT1kybURhS3drVTBRRXBkRVhrUVBWZEVJcDlQT2ZQckpfSVZRLWpZ?oc=5
YUMC,2026-08-03,FXI: Time To Take China Seriously. Start By Knowing This ETF. (NYSEARCA:FXI),Seeking Alpha,https://news.google.com/rss/articles/CBMioAFBVV95cUxPTG9tdXNJZzVxc3BQeC1FSzNfQ2JRWVZFelI4NWNJdTViRGxRanFNaUR6dkpCeFBmdVk3LVh2QU1pOEM2aUNxUW14S21vODFYanpXbS1MUUtIOUM1MGNsMjBYNE9CUGt6a1ZPYmFwNi1yUS00U1hNTDh4R19kOHVKVGhSbXA0RVk0QjRBa3AxNFNLV3Y5QVNRWjltVE00Slk0?oc=5
YUMC,2026-08-07,Yum! Brands Completes Sale of Pizza Hut China to Yum China Holdings,Yahoo Finance,https://news.google.com/rss/articles/CBMinAFBVV95cUxOUUpscEZVTlFmUk0tU2tLdEpuaUdFYVJ2RUs3aE9yQ2l3NUdfS3BLRUNOS3RzcnRxVlJWVnNzbUFvVU05VmZqSDJWcXZhWnVCeEtKMUdlOTNEem1YRlBMWUJMZnYzeW8zQ1o0Skx4TTlnRlRybHQzYzB0SFlnaUc1VWxmVlI0bkx0enZWMjhwemVRRlY5Yk5kSDlSMjU?oc=5
YUMC,2026-08-10,Yum China completes $1.2bn acquisition of Pizza Hut brand in China,Yahoo Finance,https://news.google.com/rss/articles/CBMilAFBVV95cUxObVVoY2pvcExUOUdZVjRmVFZ0UW1iTlFWV0lZQmNPUDNLMUJSR0RoOU13NXVmLTFoRTR2aW9xcGVBd0pCRHFrdGpucnhmMnNqTFR0SXFucVhEN3lUSDc3a1B4bmYzT0lOMWlxalUyQWRtcGl4cmNHeHhMZXNEUFRrS3lPQTE4SnlqUExpUERlSVJMSl9B?oc=5
YUMC,2026-08-10,Yum China officially takes ownership of Pizza Hut China,Yahoo Finance,https://news.google.com/rss/articles/CBMiowFBVV95cUxPNnBJSmdFRFVYQXFrT28tSFhvU3B1cGhsQzQ0V2xPMDVGV2VCejlncElBaVVLWEF3T2VwdXAwZHpZWWRIUmp6dmd6OUNlTFhxMHBMZWd3RHdkREx0TndoRnhJVVZHcVZfMjBLOVdaTTJVbXZYZzZGeTA2ZnZNQjFQNktKcFBPdGlDV2NNSmNsQWl0MlZWOHVTWFVlZzc4Vk1BYXRV?oc=5
YUMC,2026-08-11,Mondelez Shares (MDLZ) Tick Up Amid Oreo Momentum in China Highlighting Higher Volumes,ts2.tech,https://news.google.com/rss/articles/CBMingFBVV95cUxNT0xOeUtrVkQ2dVo2NnFiZWtXU2czOWljdlFpcUxjQ1JlX3R1RXl2eS1fQnhrei1zOGFUQkQ1bTFlZjFfS0NPQzRtY2E2UlJaVUtIOXgySEtUT2RNaVc1aF8waGZUSHViTVd0MnFBaGdWUkF3YUJnZUozdk9ncjJWQWtjbnJ4dUxSMnlmRjZDd2VfZEdINExWWVZmbEx3dw?oc=5
YUMC,2026-08-13,YUMC Q2 2026 Earnings: EPS Slightly Misses Consensus as Shares Edge Higher - Analyst Drop Coverage,careplusvn.com,https://news.google.com/rss/articles/CBMivAFBVV95cUxNR2M5TlBnVFJBSWxDR0dsekVnLUFpSGVWbHBjd3ZZVGEtOE0yWTNJMWEtZldmTWtodHRjYm9xdUJJNFkxb1FZNkp2ZFhPLTdFd0VmdkQwdno3dk8xQXdEUDVuS1c4MVRHRGdrVjFYY3dNSG40UHA4MWhMZGFqNWVfQ1hoVkNNMTRtSVBXTnotTXlnVzVaSGFNQmZQWWhYNXhITjQ3UktBby01SkFPLVF5ZlRLQjVlMjdUMVlnQw?oc=5
YUMC,2026-08-16,1 Cash-Producing Stock for Long-Term Investors and 2 We Question,Yahoo Finance,https://news.google.com/rss/articles/CBMilwFBVV95cUxNSFc4RWNmZUZvZFdVU0E2TFNidU5xNXRFTnh6R0RFaFBSQUdtZWJEeDV4bDYtMjZORGhQSTVSXzlNcjJvYzd0SzJxa1JJZ1ZaZ2RraFBfZFVqZFUyV3N3MEJjZXNqOUhyajgzdHRYT3JBc19WTTg1b2x5OUdEVlh2dUdHQlg1TS1sRWNLS2taS0k5MGRuZGlB?oc=5
YUMC,2026-08-18,China’s Favorite Budget Meal? Burgers,Yahoo Finance,https://news.google.com/rss/articles/CBMioAFBVV95cUxPWkVtWFIwanlodzlseG5aVXBpVFF6VmstSDhDY2R5YmlldUxFLXhUdWtNSHpQOVdsZHdzLWNzWU5pRjhmN2g2X0F3cXdueUxXdlNyS3NCTzgzWFNjd3FHSjNNeWIxdkFJWmhwUmlTRTNZR003NjdZd3l6R1JVa2hTdmRsNXBkRTdtd2c0SFB3SUpabjFPcmtrSWdleTBnM3Rf?oc=5
YUMC,2026-08-18,Yum (YUMC) Price Update: Finishes 0.59% Down at $46.86 at the Close; Technical Position: the $44.52 to $49.20 Range Remains in Focus in the Latest Reading - Volatility Surface,dars.gov.et,https://news.google.com/rss/articles/CBMikgJBVV95cUxQNEFjNTFLY3FiTFNkNkx5YncxYS1Ycl9PQ042T0xuS2VrdUpGVGJGYUJjN0JJeHBUVk1NVVpBQ0I0dDI4Qkd4TlZuVTdOejhTWFRHRDZ1SEdVdHE2UHA4V1hhcHNTZnE2ZXBRV09meUhTRG1iYkR4OGFuRkhpNVZFXzlXZnNkWXdzNFV1eXByTVRlY1FJLWFERUpsVG4zZ3ljeUxEQnozZHZkUld2WjE0MTRPYWZqS2FOYjJYTTNqVXdhZzBMZEhJOUJRNGxNN19pTks4M3ZRM2c5SDM1UzI2QkhVZk1nVno0d3cyaUgtWi1ybDFOYmNLeEdPLWxHSGdOV3dVRnNmV25xS2JoVGZnRmhn?oc=5
YUMC,2026-08-20,"Yum China Holdings (YUMC) Resets China Brand Licenses, Is It Still A Bargain?",Yahoo Finance,https://news.google.com/rss/articles/CBMimwFBVV95cUxNS1FKVTFSMldPR0JxYWoydXAtVWltVVkwWHhpVXE0QmhKOEQyWDdWWGxzWW1ULXVkUWRndm9QcXNLRmRaY2ViN19YQXU3ZG9mbWM1STlQSHRqbWFvcV9wcjl0X2JhZEJ5UFJpOEF0RVprNUNnQ2NBVjR5NmxCVXVtalFWZ296QTRWakN4ZEN1bTZaazV3TmdNeGw4cw?oc=5
YUMC,2026-08-21,Yum China (YUMC) Stock May Be 28% Undervalued As Burger Bar Expansion Grows,Yahoo Finance,https://news.google.com/rss/articles/CBMikwFBVV95cUxQeXhtQVkzQ3ViRlMwUlAtREpHRGx1QzIzVElVcmxpZ1FseHB2Q1VjcEwxa1duODgzX0x5MGRRMmpzOHlrbF9MRHREYXRTS1dGallMUXZuVnlkZlRvMDZWdExSUG5vZ096SFBYQlVGdFlqR3lIN0M5dDZJekltWUY2YUF5Y3JSYldIOFVWelozUm5ZbVk?oc=5
YUMC,2026-08-23,Yum (YUMC): Rises 1.31% to $49.52 in the Latest Reading; Chart View,careplusvn.com,https://news.google.com/rss/articles/CBMilAJBVV95cUxNRElQaDlqRV85NWNCLS1ZTldEQWk2VWJvbnV4T2lpU0V5NnBUaWsyTTVVWjJ3cDdLN2FIRFNBMGdRY3FLcjZncWhjUFlqV1RWaTlBZmFOVUljRHVJT1VrekxQM29CajBTb0V6M204bEdnaVFHYktTR2pyQUcybndNbFE4dElWQmZxdExWcnRWemNjQnpQeURacGdlaUJnd1VWbzY1SGxRTDE0Zk1ZZ2VIMVNGMFNZUWR4Mmoydk01VkM0dFdIUTRIRE5tUGo0S1NtcTFraE5BTk1YTHZ1eEJVYTFORlc2R0lqVHVVR05ZbHRXLUxtQXpCcDhlMms1Z0Q4R0p6dVByOTRraVVXT3pMamp1Ung?oc=5
YUMC,2026-08-24,"Bank of New York Mellon Corp Acquires Shares of 3,592,503 Yum China $YUMC",MarketBeat,https://news.google.com/rss/articles/CBMiywFBVV95cUxQTURRTnBEOW1jeHBjMXZvby1FeHdyTWx6empERnZVdTZIek1ZZGtDd0VJUzRpRDA5WnJXTW1qNUtvSERWVXRCam54NnlpSXBmRXg4LU9ON182dzFTWW9CT25CcWpQeFlwZm8tN19GTmRsWnRrVENOenVjSE1GVkRiMl91N2dJTWhNcWRMa2k2U0o4YXE3S2VvQldLWnNEX1AwdXotcWhvck14aW9vczNaMURFSlkwR08yVWRCSXFONnlzNG9NcFR3LUdDOA?oc=5
YUMC,2026-08-24,Pizza Hut’s NFL Rebrand Tests Buyers While Yum Banks $2.3 Billion,ts2.tech,https://news.google.com/rss/articles/CBMijAFBVV95cUxPRS1SVlFMNGhTUzBpa1RCeHZmYUJGM0x1ampkcTYwUUd3OVZWSmNGMldOVTdkVzFjSTFIZUdCTE9mejJvQVE2cEdMV2lQUVpBRlNrV01hYm5YemFKeEwwVDNhd3BWeWxrdEZxUmNDd0hwbnFKYmNhSFJCVVBFZ2liS2J3U245Qjl4RklDTw?oc=5
YUMC,2026-08-25,"Connor Clark & Lunn Investment Management Ltd. Buys Shares of 798,350 Yum China $YUMC",MarketBeat,https://news.google.com/rss/articles/CBMi2AFBVV95cUxNbmR2c2JzaW0wSEhaUWpNQzNzZTV2ZWJTblkyRXppUTBIc1hvQ1hHQktsQXF4dnFxSC03cDBUTkxic0E5aEduYXVzN3U5ZXJ1X1FBenRNWW5zcTFocU9EcDl1ZVpCS1cyemJUU2YxMnJCRFFQVkNzSVF0U0E5M3N3TmJtTUVWZVk2V3hMTkM5alExdmpDbHM2UWpSXzI5M0JzUW9FcW50LXY3blVzWks0N202XzJXdW9JLWFXSnZGQ21rOTdHR2VPYTBDckRsRmhxOG1kT1diTHQ?oc=5
YUMC,2026-08-25,Yum China (YUMC) is an Incredible Growth Stock: 3 Reasons Why,Yahoo Finance,https://news.google.com/rss/articles/CBMingFBVV95cUxPOUZqbGR3ckZ5ZVhDRzRCQjVncHRiVVFWdVhxTjVEd2RqSHFIUkcxWVQ1RFBxaVFCc3R4TjhlV0M3VjVBdEtmV3JWQ2xYanlJZVRKcktpY0pSNWlkem05ay1Pc0ZoV3ZVLVlBcXZoQldrZjZYczhnT2NpN0U0b2tvRXJIa1NUX0JzOXpLYjh2LXctQW5ZaE5mYWRTYzZLZw?oc=5
YUMC,2026-08-25,"244,306 Shares in Yum China $YUMC Bought by Cibc World Market Inc.",MarketBeat,https://news.google.com/rss/articles/CBMiwgFBVV95cUxNSEtkajJNR2hrd0VXdDBWdkZwNkNhYUpUejVKNWE5bTdMVlQ4a25RMmt6N2JfSXpRVE9FWjlEZC1Ldk5Wbjg3UTF0TVFLV3Y0R1Jya1I2MG9iaHJ0OWoxZXM5NHFXQzdXVHVwQTFTcS13ZXJWVkFoLXFab2FQRzRVWHNOVnlRWnB6LTlxbVpibDRXbEdWYzhKQzExc3lVTkVwMUtvZXdMR25zV1I3b2hfN2VrVGtaWTZpZ01fUDBNN3g4UQ?oc=5
YUMC,2026-08-26,Commerce Bank Takes $1.71 Million Position in Yum China $YUMC,MarketBeat,https://news.google.com/rss/articles/CBMiuwFBVV95cUxNcElycU9uZ1lPeVpScGxiOVFtajdYLVZ2QnJCaUl5VEN3RUpoRUV5Zjg5YUVvUlp4eVlUSDdXQ3ZnaEVaa01UdmZMYlZNZVdaRGFscVJEV090ZkJSU2JaaVdvY2NCem13NnZtY2x1VUFnNWpBOF84TnlGMFRLQVhPTi1ERHBCODktRVNiMHhPUW9WdzZpZmRjdVBXc05vdmhIRGdQdThjaHBKWFRETXNFZUNZM3dlSDV5SHFn?oc=5
YUMC,2026-08-27,Man Group plc Buys New Shares in Yum China $YUMC,MarketBeat,https://news.google.com/rss/articles/CBMirAFBVV95cUxQYkpGaG1SaklaY1FPSHBpSVFFSm9tbFhZaFFQRnVOOHFQeE9oVngzOUh0cER2RTdtZ0FNOFJpNm4xQmRpVy1HRkMxVjhsMDE4OWE2bHl1M0lILXhmR0FVUjU2eUV3d1NkNUd4QTl3YzhIa3E5Nnl0US1iUHhWZFFTWXFxYlhadlpIcjFMeGpYMGczQzl1NmJjSWRKbnZ3a25WLWNjYVQtM1ZLY0tD?oc=5
YUMC,2026-08-27,Wall Street Analysts Predict a 25.63% Upside in Yum China (YUMC): Here's What You Should Know,Eastern Progress,https://news.google.com/rss/articles/CBMi7wFBVV95cUxQVGoxd0RfTDRScGFXWE5wSXR3OE1XX3kzUXk1WFg1bHJRUFN0azBUM1RiZU5YZW1PTDVKcjJjTElVb0VHSm1ZMnBkazNsM3dBR3ZoSFptV1JPazRUbFJhT1hBbVo1d1M1ZHoyWXhWejdhNWlOZ1FHS2xiU3dzVzIxMU5pbURJREFHVVp0bkwwREFIOVdCeEZHUkVCQ1dOckgwQzY0OV9SSlRweEtab1N2X3JJU2p2S2ZjejdhajlpX2kzMXNES0l3TkxMNWhqUWhuOWJMUDdaWVY4T1ZvNHdCQnVVOEhaTTNTSUtIY1cxSQ?oc=5
YUMC,2026-08-27,Is Yum China Holdings Inc (YUMC) a Bargain After 4.8% Drop? GF V,GuruFocus,https://news.google.com/rss/articles/CBMiuwFBVV95cUxNdVBwTXJXbW1HTVZzRllkQ1FneGhfWXVCS1dUVnp1UFZFWXJ4bG9GbmtvTC1NeHpKMG1XV0R5NFg3al9zNkstalFIeWVlbmtNa1o1YnBPd1JfNHNucHdfMHE0S1VCb2lrdUhZZ3owYnJrV2NRbDBTUEJnOGN1UFFhZHduSjZsWTk3eFdDdnBnbnM5eUY5Mzg1bjNWVmg5X2JjY0k0ZVhZVVphSUlUU2xTSWRqV3NUNnFkUUVF?oc=5
YUMC,2026-08-27,Yum China (NYSE:YUMC) Trading Down 4.2% - Here's What Happened,MarketBeat,https://news.google.com/rss/articles/CBMitgFBVV95cUxOOGJuazZPcDF1SXpSWFRjWDRLRjZJdENnM09ienFSbnpmWktMak5ZdU5wSlBObDEtallNN2JWdWs4ZTI3eHZjRzVIRlNhQlZMWWl3RUozeTVzaGNRcnhYVEFmTEI5YzNnV0RtenhsTnVtNlR5NDNKekkxWnM0eENEOXcyNjJaLUNMQ1R3c0l0aDMySktYRXJvc2FJUERMVTViWXBXZ3JYeXkzTU05c1d6Z29GeENLUQ?oc=5
YUMC,2026-08-28,"1,868,625 Shares in Yum China $YUMC Bought by Legal & General Group Plc",MarketBeat,https://news.google.com/rss/articles/CBMixgFBVV95cUxQdU5wbmhRQmtQSGJjVmptUndkUjNsYnFsVTlPY0lNcUhyOXlCT3BadEs2OVB0R1hQdkVEbVlucnk0M2E4RUVfU0FNcUFKNExoamhyTnJ0b2c0UEpjRUwta3hwYUp0akc0X0JjcXNpME5Wc05vWUg0aEZpVjhfckREblo0c1FMY1h0VjNRaFpVbW94bkJ6WmNqTVFEczhKOEVjb3RaNlRvdVllUFpCY3RINy1FaW92Vjd3cHR4aUdKWkpDR2NQTlE?oc=5
YUMC,2026-08-29,"Yum China (NYSE:YUMC) Given Average Recommendation of ""Moderate Buy"" by Analysts",MarketBeat,https://news.google.com/rss/articles/CBMi1wFBVV95cUxNSzNmM2U2UE5USlNyZWxKajVLOGdxVW9XM1RZQmozd0ZrZTNnVWhFNFN4LXBjR2VDZlo1ckdhNWFLWGdWcDdyVVJhTkdqZm9jWFpudVJoRjg2Qk5GbjhKNUV6ZHowYS00RGZkYzE2dEVadWk2My1uNlFxZmdFMGhTMGI1Uk13cWpqUjVVTExMbXFpa3V2bUFkZmxMM0RpNXc3TTFtS01GcklYWDk5Zk54TEx6MHJrMzh3dzljYzhqRjJsbnJXTnM3eUt6Q25nMlJDZXhpYzRvMA?oc=5
YUMC,2026-08-30,Caisse de depot et placement du Quebec Takes Position in Yum China $YUMC,MarketBeat,https://news.google.com/rss/articles/CBMizAFBVV95cUxONG5iMEEzMEhKdGxERU5aSVlHcUlfT1hzT3hCeGtVdDk5c2lmTUNDekpJaVJhQ0pubWtwcFBQWEFxRzJUekdRb1MwZlRvQmpxeVZ2OTFQWml0azRDZFRmZ3paRFlENm9HeElNRkMtVTBtU3UzNFZhU0l2NDdQc1pJYVoxZEtYejRWcFVmc21oNDF6dUR1cFVlVUtqTHpzWGlvWG9oM1VjSEJlVXNqYmFCRC1LNzRkRVM0UDBsWEIzck5pQmVESVUwVDBBOEM?oc=5
YUMC,2026-08-30,Yum! Brands Inc. (YUM) Peer Comparison – Compare with Others,Value Research,https://news.google.com/rss/articles/CBMijgFBVV95cUxQMVpPTmlkeHlwTGxvTjhuOHhiWUM1b1U4LUpwUG1mMTU4elV3cThMV2psYW03X2JsRU1fS0RHZFhMX3d1R2dQTGJwaEZkZ3J4Y3FFY0Y3VEFZV2o1X3p2YzluZDlZdUJKZ3N0NV9sRTFmNmp5UUhJOWl5ZVVlTVVxcDFza0F3T0FjbzVMbHdB?oc=5
YUMC,2026-09-01,Top 25 Dividend Stock Opportunities For September 2026,Seeking Alpha,https://news.google.com/rss/articles/CBMimwFBVV95cUxNVFBmbXZ1UjJRNHMzZElYWU1uUmctZVI4c1l5SEozYk42R290Y1N3T3RhUjFWZEJ5SVVobkMwZFVOUjhrQTA5YURlUEFOSXY2U01LRWZIUGhhLXdHcGtXMVl6TTQ3VnFKd1o5c3ctYXZlb1NLU0d0UUwwYnN0alhoblRuQTZlaVVxaHFXZjBqbldZWjM5TWwtV05hRQ?oc=5
YUMC,2026-09-01,Pizza Hut leaves Yum! Brands in two sales totaling $2.7 billion.,Stock Titan,https://news.google.com/rss/articles/CBMiqgFBVV95cUxPamtJZzNnX3NCbkhhM1FmMjhlUHhOU0UzWjFxb2hWdEVIQUpYLVpZMmpOa1RfbzdMZ0lNMHY1OGxMUkZXM29ycWRMU2ZGMWRIUjNXUjI4SkgxbHl1eDQtdWJBNnVyNk1BbWJsazVyeHdGc2VOTlY1OHdUYUF0V25EUmNJanlFR3A0ZXBBbkd1VkFEbk93WU0yNzZLcElWVXhRdldYZFRSWXBTUQ?oc=5
YUMC,2026-09-01,Scott Mezvinsky Sells 268 Shares of Yum! Brands (NYSE:YUM) Stock,MarketBeat,https://news.google.com/rss/articles/CBMiwAFBVV95cUxQSzF6UjFSNl80VDh0WjFlWlVtVU1KekoxWktHTGlrSlZOa09PRGlMUTNjM1hqeEFtemFMN2llOFpEb2d0VjhRMjdUbHM5V0dwOG9Kbjd3Y2VPR181RGlaQXJIZFhJQVZMNm9lZnpsUWdXeHpYNTZWOU1xVGZCN3hEMXBpLUZEZDRScEdIcTZjYXJQbnNxUXlaMkdrR0EtdE5RbGp6Nlhwc0lObHdBWGkwX2VZSk1aMXRPbnpXaXVXWnY?oc=5
YUMC,2026-09-02,Yum China $YUMC Shares Sold by Wellington Management Group LLP,MarketBeat,https://news.google.com/rss/articles/CBMivwFBVV95cUxPTTZKblJvdDU3Y1ViT05zVTJNXzhTc1E3YmJCenpNR2FlTWw4Mlptb0lBZ3h6T2ZSVFJJVkNFX20yamZIRkEydjB2YUFSakFvYmhpZDI1cVNfWFRDazdMWkVpWnVrNW9fYlc2Zmw3TnVfdF9FZFNFeE9QQzVJUkE2LWRLM2JEcEFTUmdFTFNCMEJNaTJyV3hlWnoyTE03NjVPdGpNTzJZUnJXTlBoLUJFS2s1T1gwaGNYbEN5X3lQMA?oc=5
YUMC,2026-09-02,Q2 Earnings Outperformers: Yum China (NYSE:YUMC) And The Rest Of The Traditional Fast Food Stocks,Yahoo Finance,https://news.google.com/rss/articles/CBMiogFBVV95cUxPeGQyVlpPejJaQ0hLS2hCcTF6OXA4bHZqWk9TRHVwYWQzUWpRY0NhV3JQNnZ5ZG5ydmhxdnJGclZ1S3kxb3duSmVLSmJGSEtnWjI0UFNQR2pGMGV3ZHJUUGNkdXd3MkwzRzJ4OF9uZVV6c2NaOG5GYXNPRzlKekI1S2xtRE9LekFoRUk5bi1lcHRqWjJqV3VOZ1V2dzBsRVBJLWc?oc=5
YUMC,2026-09-02,Can Yum China (YUMC) Turn Pizza Hut Burger Bars Into a Scalable Growth Engine in China?,simplywall.st,https://news.google.com/rss/articles/CBMi3AFBVV95cUxOZ3ZlemNNdWx4TlRhU2V4ek1Zczk3cHZ4NDl6bTFEeXVSZVFJZHFJbDM3OHhMRk1sbGJjSUh5eDVpTU9BcUtrY3Y4a01naDNrdmx2ZUxiYTU2ZzRWREwzV0l0U0lZRDhhaHBQSHowWDNnRTlaQ2hQV2ZKd0UwNllqY0VZUTdyX3dUTGNyR0hPdnVGcm5KdXoyR0JKZkNJam5kNEt6OUhTclI4T3k1QWhkdE1zT0puanc3OE1CeDF6VEViNGotbHEyVUp5TTl4a3pleEtoemJWTlZjcGR60gHiAUFVX3lxTE52QUo4SHhCOG53bU1FRE1FdlRDMlRPc0hWOUZUUzhsUXJTaGVrcnh5OENxcEZROS1RZU01MWs1WEtiRWFHYjNQWFN4LXFVUVFMOTROZ2dEUHNZQzhEZTVnM01HOFNWb1JfMndyeUVQSHVjUFNyVUNEX2tINkdQZTlwd2trZTlqczEyYU03NEhRRmdNUWZDczlmbkMtNzJMU2JFTHBLZk9WOEJSMkNZQy15M2ZEYmxNVEtDZ0MwYkI4X2Yyek83NHRhVnZiWklXdUhzUkpJaTlWaUFEVGQ2dlRiOVE?oc=5
YUMC,2026-09-03,Are Investors Undervaluing Yum China (YUMC) Right Now?,Yahoo Finance,https://news.google.com/rss/articles/CBMipAFBVV95cUxNV1NabzJzN1FnY3p4VF9SN3AycERhZDJlUy00Q2xlN1lxdVVLcVp3VGI2bm1SR0tkTHRtQ3FobS1LbDFOWlJvdVh6SnFQQVd5SWItYUNHVjl1aFItTkFFRFBWek9rTVk0MlhycEJFeGJoMEVqS0tya3VJaTVsQ2tEc20zdDcybEE4VlFiSUxYRGxESG1EUGdrZHRudkNjTFkxRUlTZA?oc=5
YUMC,2026-09-03,Public Employees Retirement System of Ohio Buys New Shares in Yum China $YUMC,MarketBeat,https://news.google.com/rss/articles/CBMi0wFBVV95cUxQLWV5aElKMTIyYmlXS3VzdmRxdy1XalFEQVVjU3F3VGhjVTJ3ajRIWDdaX2xTR0RxbnBsUDRKSzkzaS1Hem5XZDVIekl3dWhWMHkteG1vU0swcFVqWHBMQkk0Wk84Q0JUamNnZEJITXFHMVU5YlFYX1FjU1RGRmhvNEdHNlNXTkdSZlhqYmV1eHEtcXBQZk9NTlpsNzg5YzUzT0xGbC1sQ3ZiY1R3N0IwbmNPUVAtRFA0MEZNM3h4ZFdUN0RRdGpVYnRuNXZDTktmUHNN?oc=5
YUMC,2026-09-03,"Yum China (NYSE: YUMC) exec turns RSUs into shares, uses 594 to cover taxes",Stock Titan,https://news.google.com/rss/articles/CBMitwFBVV95cUxNWGI1Mm9oc2QxMXVwOGk5eElNNlRLTUJPbTk4RldSQWFjUGNhREhQb1BsSnY0RmVLMWtCSlVqMUQ4V05TTDY1a0hwSjA5Zmt5ekxPT0xpWHhScTJya0FhYzd4OXI0c0QwNHc3NllMRGluNmxrWl91cy14c21DYnBxNmFSd0oycnhWQnpnVDBWLTgyd09yM2VrRHZmR0U4UjNZX2w5Z3c0OUN1bU1NM2k3NHduYVBKOFU?oc=5
YUMC,2026-09-04,"36,409 Shares in Yum China $YUMC Purchased by Corient Private Wealth LP",MarketBeat,https://news.google.com/rss/articles/CBMiygFBVV95cUxObGpsNGRaZVdpTTVGR2hacUI2bUNxdENLdGtRU0Q1dE9vU0M3UTFpemFSTlFWU0hEX1o2Skp1YUVIdFp5dEpNZXBna0hGMTFmRERWakRkMDVwV0ROZFI4d3RHQV9JUGNocnlkZ3ZHeDllVEsyMDhFaGFtY3dHNTZTN2JTdmo1cXN6cXA5WVNwWnhiOWxEa3FEQ0JzRUgzcFQzckplb2NmZlRVQzNYZVBld3RpaDBVbTFrVWRSYXI1dEJJcFktVU1fU2d3?oc=5
YUMC,2026-09-04,"442,625 Shares in Yum China $YUMC Purchased by BlackRock Inc.",MarketBeat,https://news.google.com/rss/articles/CBMiuwFBVV95cUxPNmJZU0c5NG1zZFdUT0pfcWtEVG1KRlE5alJEcGlUN0ZGRER3MmlEZE50X0RIRkdqYWl2MmRNekFDQ3BUVXJqaFZraFVsajV3aFV2M3hScFdCR0ZOVTBIb0NlRlI1elFiVnduQUdwV1dHTUJRX25Jb1JaZ1NGbHNsQjJrYUNHQnBtaHR2eFMtRjN0YWJGVE52QlNzUDJMN0NBb2JBcWlFQlRjN0F4dkdZV09RRU0zVzRxa05z?oc=5
YUMC,2026-09-04,The 10 Best Companies to Invest in Now,Morningstar,https://news.google.com/rss/articles/CBMicEFVX3lxTE5yVFU2Q0VPQU9JSXU2b0NyQzBSMnZMYmdPNmdWa1ZmQy00ZUcwX09iOVcwREVXZWZrZU9oOHc1ME9ub0dFbEFlak9TazB1cENHWU52bkNfMkIxVEdydnphTGhSMERuV09lMWJwVmhhd0k?oc=5
YUMC,2026-09-06,Nykredit A S Takes $7.15 Million Position in Yum China $YUMC,MarketBeat,https://news.google.com/rss/articles/CBMiugFBVV95cUxOZTJkNE02ZUFRSENGb0JBZmticmw3T1dKYlpJRGhiX3pBS2pzMTlNMERIV2JzQkRmcENmTUNnWU5COGp5ZGlEeEp5RjlkbEVLQmlOVVF6bnd0NWttWlpSZjBydjVCeWhZNFhJMTFuU2tXVzJQQ3B6ZHFPVWJFS1E3dm9fT092amJkUnE2NDRVVXkzVkdwZEE4QThJVDlQa0pobkZkMl9wQlVxNXVsVWNYZjJGRGtvUkRBZ0E?oc=5
YUMC,2026-09-08,1 Restaurant Stock to Consider Right Now and 2 That Underwhelm,Yahoo Finance,https://news.google.com/rss/articles/CBMinAFBVV95cUxQb21uLVZNUHdsOXJSaXR2ckx1RjlGejJRYnFnb1hodHNSRjVxemgxaWRYc2s5Vm1HNnlHUm53TjlrSTl0aEZydUE4QzI5ZzRDQzl3YlljVUM0azEtZXAtOFROZkZlamF4dUR1dlNxRWZSemZZbkU4YnJnR1ZWaEp3by1UZTBRaHNjM056bDBCNnBrcm9rTU5yUUttMDA?oc=5
YUMC,2026-09-09,Is Yum China Holdings (YUMC) Undervalued Or Is Its Discount Telling A Different Story?,simplywall.st,https://news.google.com/rss/articles/CBMi3AFBVV95cUxQdDE2WnJyQnlHeTdiS0cwQ3diRUUtYnlRVGZEZExSbFIzbjBMLWI3OUdjZkJnTGtvWnVWWU8yS0RPNFZQREVaNTZLZW9CbWF1YWE0SExOTHlPb19kamF6ZUI2SlhhQkZTb01uaWQ5UC1ZbUFvQzRvcmFjcms2U1lGUWFSTC12Y094ZTRKWkcyekdhQW05aHloUE1fRl9VUnhFc2dQNmJKeDVlQXhuYm83RjNPNjFheFRaZzcxTmRsRzVtdGsySlB4OThaUng2Y3JmWmZab0Z0R1B6endT0gHiAUFVX3lxTFBmTTdSdUhLVnVMVFZVYS00RGdIX3VUMDlEd191cnpUY0dRaUYyaUl0czVrUDhxM1hpb1d1RFRBMXhkbjJxX0pjMHdUYm9mdXR3ajRGUUtCSVlEc1BUMUtsdWowUmVhZThLX20tNUhZMjRuTFQ0cTZjcDZmZWtSUExLdFoyU3RxRS05X1lXWEM2b21ONWtwaENkcVJULWVQeWw5Ym5HWUxSRmp5TC14QnFDdjNPaGhTSld3VWFyRVp2M282ZkcycF8xZzhFdWtEU2RaQl9ac0N1UElGZjRmOFR1M0E?oc=5
YUMC,2026-09-10,YUMC Q2 2026 Earnings: Narrow EPS Miss Sends Shares Down 1.75% - Geographic Revenue Trends,dars.gov.et,https://news.google.com/rss/articles/CBMipAFBVV95cUxQNXpXVFZVMVVXNHJXRGlrT3pFbEVqenBXaU5uODcybHFVT0JDWDh0SEdjTjRrZUVaMnlRT2xYTjZKOURlYUV4LUphZ1FMZXFIRlk4OTFNUndZZUxmSjVlZUcwRDJxeXl3UGhSSDc0eUVRajg3RjduQVNVUHVFNVlWeHFsdTJJYU5NdURKNk50blBVenQ1TDNoYnQxQ21qR1pscTZ5bQ?oc=5
YUMC,2026-09-10,"Is Yum China (YUMC) a Solid Growth Stock? 3 Reasons to Think ""Yes""",Yahoo Finance,https://news.google.com/rss/articles/CBMilwFBVV95cUxPekIwckUyeWxTZF9tWl90LWY4RWNRNTFfM2tLMzNOblZhTU0yQlNTb3dsQ3FodW9xZXFkbENkbXZodVd0VTQ2WkQtMUVnbnN6LTNrUnpzVXdzX092NDlUZUI3dlZYQUVBX3MzT0MzRVlCTGFSU1RlZ1FMM1REUko1ZTExQ1ROZzBwdjhrVzlEMHAwWHhOZVlV?oc=5
YUMC,2026-09-10,YUMC Q2 2026 Earnings: Narrow EPS Miss Sends Shares Down 1.75% - Return On Equity,careplusvn.com,https://news.google.com/rss/articles/CBMiqgFBVV95cUxNUGt2WWlNSVk5b0FnVnBqWWRUclpNd1ZWX1M3TEhsNlJUVnZ6dFFFaXU1S0FQWGsxSV9jZEk3aTA4TXcwSWx2QmpBSEdOMzNsMmRNbEVnVlduODVhSkc2c2lzN3RKcVFsdUN4NlNkRkFQb2tzRWJCSVhEZkFmRVdoVXhuN21Xb0ViakdjWHUtTGZIT0o5bS1yTlVRQjhXUU01YVFGdFdkTEJjUQ?oc=5
YUMC,2026-09-12,"HighTower Advisors LLC Buys 31,348 Shares of Yum China $YUMC",MarketBeat,https://news.google.com/rss/articles/CBMiuwFBVV95cUxPWTNMYWxCNlE5QkcyNFRpeWgySFdLZ0ZGaTRXZzBGN1JiV2p6ZU5heWl3T1ZOdk1GNlptVWZHUWlXenUtM0o2bXZxT2xNcWdkRDlFNWx3T0xReWhHMjdjdl9hd0tiNG9seE9RdnN6S3pPYUxHU21MdTk2VHQ2aW5sRXdRZjIwS2hncVZfT2FtQnJfNmJIaC1RRDhNRzc2WE1KUjM5Q2paM1ZrSVVmYUlQTHM3c1pmUzRGMGh3?oc=5
YUMC,2026-09-13,Yum China (YUMC) Stock Could Be Cheap On Cash Flow And Earnings,simplywall.st,https://news.google.com/rss/articles/CBMi3AFBVV95cUxPNXZrSndBZkFRLVN6enFsVzhIZlVSaERwbkR6RFN6UDhqdlIxSFZoenEzcVhJSFVPak5FVjBBbUxlaVpCb1ZheW43blNxblBTYVlGakxnMTI4RVVTT2ppTmtJQnU5XzR1UmozRWhIbk9jcWJzTlR6VmtfbUhnSzRJbnRWaGdTZXY1MlRLRFhwMzZsa2lidktJLXJKaGhsdHd2N1Y4b1hFMHBLWUtlXzdXYWl4TGYzZTJGanE0VFJPenRSVE5lZGExR0FwZWxRd2xtS2hxYzI4VHgxTzYx0gHiAUFVX3lxTE8tcXNCSUxVZFlmd3hZaTRsR2ZYelhaNHFJRUQzNnpBam9WTjlSU2tPb0tUMGp6Mkc5QVpYMHEwckNUQkxGVlFoaWxZQXd6QWxFUG5mcUtNLWVwb2g5ZElWQzRXZHRvTEcwYWVRZDVOd1A3anRBQi1nODBVZmtCRVU3YkNvQ28zWXZCNDVOa3JNN295cHI3Xy1vY09uUVRRT2JfQktlSFdlakNOVlg2V0JnVzNXa0ZCUlhtYmtsN21FRFd0ck9KdURxb3ZGN19DQ2N1aDFIWlhnMXZhbFZHVWZFblE?oc=5
YUMC,2026-09-14,Yum China $YUMC Shares Sold by Squarepoint Ops LLC,MarketBeat,https://news.google.com/rss/articles/CBMirwFBVV95cUxNdmU4Tnpqd0luTFdsZHFMZUs2Q3EyRWxvUXIyc1FRZWFWSHVmYjdmQjc2THpESFFZM0lmdW50SHZGOWdkVnZaZXdKMWxOTXVLWTUtMVVXZ08wcVpsSDNTdEVkd2JmaW00N3pIbWdUUHZzQjBqel9QOTRPaDRJTF9JNnhKRVJCcldnVVJENGVHUkhfVWJ4YTY5MGxMY0ZfaEdOUEgzVklObW0yVlplaUZB?oc=5
YUMC,2026-09-14,"Yum China (YUMC) Loses 11% in 4 Weeks, Here's Why a Trend Reversal May be Around the Corner",Yahoo Finance,https://news.google.com/rss/articles/CBMikgFBVV95cUxNQmFiUTlTTGVWaHFGU1l3bTBhblNPNkxjUGYtcjloblc3X0xNQ3F2MEZhNm96MjdJV19vb1BKUzJ2azNGV1c5WjFTUUQxWTJKNHNZbmg4THBDcEJxUkdGbzBEM3lXdGF4dEtEdjlHMWhMWDZNUGttNDRrLVU2VWlmVWVkampWVXFSTkc4d0hrQXdxZw?oc=5
YUMC,2026-09-15,The Bull Case For Yum China Holdings (YUMC) Could Change Following Analyst Upgrades Amid Oversold Signals,Yahoo Finance,https://news.google.com/rss/articles/CBMimAFBVV95cUxPTzgxZm1tbjZ2MG1tR2hhV0pLbFBMVUVJT19lNk8xRmtweF91RWd0YzNBbHRqNFliTnVRekw5dE5rMkI1ZjhCZjhNMGFhcTRlclZYNHZ6ZVlRaTdyQUNDNzUwZ0FhdWg1aDBvbFNLN1d6SHoxMUZoNFFjVmtTTTRkV3BheElDSGYxbm9vMmNnSUpaaUJ1RFFQag?oc=5
YUMC,2026-09-16,Tidal Investments LLC Takes $3.19 Million Position in Yum China $YUMC,MarketBeat,https://news.google.com/rss/articles/CBMixgFBVV95cUxOeGczT0ZGaTdZeWt2Ti1PcXBIWlUwN1RWSHUtajEwVEFDQzlFM1FoOUtfN1NvZktLSGpYOFh3Vm1RbWFZZzVtVm1ZQ20tYnM5VlBfVS1TbTU5WVRiTW45SE8wb0owSVVKRkZqZGs3b1JCQXFWeUZYMENkaU1TWEhBTG5sdXdhTUpUdF9pUnk5RlJoeXNhS1JHY1R1X21NS0VHMUVpWXd5c09CbWFPZHJqS3Jzb09jUm1xM0ZYZHZqemh3bkpvT3c?oc=5
YUMC,2026-09-16,"Bear of the Day: Yum! Brands, Inc. (YUM)",The Globe and Mail,https://news.google.com/rss/articles/CBMiugFBVV95cUxNY0UyVHFZSEFBb0JZTVlQV1I0S2xDS0RaOUNGdXR3cmVTX1FRU2lud3Frc2Q4N0tRV1lTaWJ4Q2xURDVQeDZ2S3JINlBnZkRFM0dyYTdvdkJVSE9GWFhZeUZpM0gxV09ONnBNbjhzb2s3VGJDTk42X3dUeDg4TnNaYkc0dkhhX0lSeEp6N0RFU3FGTWVway1pZTRyTTZVY0lPN0FLWXNBTUNma01RS1lSb1VrYkxBWU54Wnc?oc=5
YUMC,2026-09-16,Arista Networks highlighted as Zacks Bull and Yum! Brands Bear of the Day,TradingView,https://news.google.com/rss/articles/CBMixwFBVV95cUxOZ0EzdnBFZl9xRHpmbEFKLTlzcE5mZDEtR1dWVXFrbzg1ZEE0c1hDdi04NVoyYkxKeWhmQ1ZDZmdtLXNhZEN3SzVhSDYzSmlsVGM3bDZnNVdoREkxSW5GOC1BUG91VEltX1laQ0M3R2JhYzR2MnY3bW9DSTQyVGxiZ0FacEkwa3NpVmJpcWhqTmY5b1NfSTJ6ZXlzdEJlM0JBUzFIb1hheDQ5QTBteUQweUdpZ01vN0RMWmRCSjVsek82MC10MExR?oc=5
YUMC,2026-09-16,1 Mid-Cap Stock with Exciting Potential and 2 We Question,The Globe and Mail,https://news.google.com/rss/articles/CBMi2gFBVV95cUxNeElMdXdmLTlZTXdXTGtjNmxnNnFIUHc5VXdrTklLVjVqX0F3bUdLaFgtU1ZTTF9KbTJaTlVKRWpkUDNDRGVkanlDUkhvTWl2VWNIRmZvZmJ2RkF3akViWmxWNHhnOUFtcHpaU2xpelg5RWVHQjZVLVROX2VlOUhHRUxCSDZMRXhBTlNJRzdjdzNESzd3dHZPdEVQdDZlbkRNR083UzZnYzk4cWhkT3pYTWR5N3lYZkJ6VjdheW5vdEpXU0VVUVBYV0FlN0l3VkJwRWJadmNNNUxsdw?oc=5
YUMC,2026-09-17,Morningstar experts picked 10 undervalued stocks to invest in now – some will surprise you,Business Post,https://news.google.com/rss/articles/CBMiwwFBVV95cUxQa1pEeHBzblJFRnI5MXQ2NmFXYWpJSExyNVRUZUgwU3lYMnNpTXdOLXNYaXhzeDUxWDdrQ2FsYVBFUDlIaHFWY0hJejQ0WnJFa2JZT01MN1BBajd1UWRiNmlFZ1hUSE1TTnVlUi1xMEZmOUs2RVZRaDhtTUU4dHdmYXBid0Y5ZTJtM2V6ZEJhQUZuczdXc0NtSUNrMXFuQUV1WFlIaWUtend3c2NPTzVZY3pxa3Q5b01hNW1BSVpaeE1tOFU?oc=5
YUMC,2026-09-17,Yum China Stock Slides 22% in 6 Months: Should Investors Buy the Dip?,TradingView,https://news.google.com/rss/articles/CBMivwFBVV95cUxPZmFsTzBBR1k5U1Q0cXV6ZEhfa2psSlppemg2MkZuWTR5SzRoT0M3TG13YWZSYmNsc1JfY3NiM0lPbTJ5S3lwblU1VWtCUkpFYUJ0RjFlR1c2N0xDdVktd0EzTzBvOHlLemUzRXhmMVNzOTZpOVFfdnRjcHY2Zkozd3U1M1BSc2w2OW1sbTJ3OWpMMk0wNFVwR0tvcWhhcTVwVkpUdGNMWkc4SnZ0alJUN2d4Ui13RXZpdzBtVVkwcw?oc=5
YUMC,2026-09-17,How Investors May Respond To Yum China Stock After Earnings Upgrades,simplywall.st,https://news.google.com/rss/articles/CBMi2wFBVV95cUxOa2h4elRsdUVWWmhoaDhtYmVncU5UV09BdEt3RTRmbGVON2x4NVZsZ0U2SjJrY005QlNraWM5cVJvQVU5U25DS0t0dGlKT2RNdTJ6cFg1OTZiSVNBR0pvOFdnUk1Va0Rud21Pa1NMVEpHS2tuejBzYm1DNTFRVnNnak13QWZjcC1xZDZ4R0RaQzF2ZkhIR1VXOXBOU0x6UFlHUFV3T1NxQ3RSaGdzMVJsb2FURk05cWQ2bjBVTHZTSDNrTlBsdUgyOUx5WWZsaThqZVdBUktTOWRhdjTSAeABQVVfeXFMTlRIcmFHODVHV2lJRjhtNVpnQ01zM2lEdWxTbV9kUjViNlpTNVVvY1lXa1o5a0pSTTJ1eW84bGZBdzlJeC0tMEZKYkFwbUJBNTVocFZqbjJvMno5bHhONDhSd0hkZzFhVWV1a1JINkFzOU5JOFVJSzkwU2dqalFvZVE3OWFrakVSN1F4OVIwcmFrQXFIYkt6eG5aRmNub2pnbHZDZVZRT05xLVpGQmlWVVBGcTlDSmthMUdoVzNkbjdFc0lmN2kzblZIdDBmd0FwZ05Za1JLZkFrdFhkSjlDZ1c?oc=5
YUMC,2026-09-18,Yum China’s Rally Falters as Investors Hit the Brakes,TipRanks,https://news.google.com/rss/articles/CBMilgFBVV95cUxOQTJ0SF9fNW1ZN3FCanBVYXBjNUpYdV80US1VUkxsa1ZLMm11d2hWRDBmeDM1cFdZdThhNmVUMHp4N2oxZFBDV21wSHhMYVVpMEViZ0RnN3I2SHNBV3NmaGRBVGk3Q1ZOT0lQWFJhWnZ4cXQ1VDVyZTVVbG5NV0dTUmNaMFhIREdaZkcyLTE1aVBMUzhzRnc?oc=5
YUMC,2026-09-19,Bank of America Corp DE Takes $96.25 Million Position in Yum China $YUMC,MarketBeat,https://news.google.com/rss/articles/CBMiygFBVV95cUxOVnpaQmRfLXBfZlVSeGFhQThqcnJWekpwM3MzOHJEeUpBRzZpMHYyTUlGRVhjYWNvUnhLV0FnVGlpMG1SZHFlY1lGTG9YTGFiUUxDYldTMkxhdW10czV1ZUd0THIwZFg3TjZjNUUwbHJZMllPdUp6bUhsc1JNUFRKMmRXd2hKRzFlNlZXeGRHT21MbmJFb3JOOWdseGZVNmNtWU1BaHVjT2JzcUN5cUtDc1hlakJtUEVPU0owQ3pvQjFnbUt1bndDT0p3?oc=5
YUMC,2026-09-20,Yum China stock gains on fresh share buybacks and recent earnings strength,AD HOC NEWS,https://news.google.com/rss/articles/CBMizgFBVV95cUxQZHlycW9nYVExWFd0YzJhSWhEMDVkYVFnWFVTaGdmNHNUX0hlYzh3WDJiUWg3RnlqcU9PTFZ0Z3lvOENVUUxDbEwwbmpqLVUxd0pvX0FCMHdSMzhwalJnVGt5WG1hTy1XeHNIQ0FhRmdvVGw4alZqRE9tSE1PaTdUaG5pWHRrNXM0cm9mZFljelgyS2VocEVoZXhNYlhOX0ktZ3JLSktSc1FXS1RCOTF2Z1pyb0dfQUhfYzlJb1J0a1d6SlZuN2s3cGtxVGZ0UQ?oc=5
YUMC,2026-09-21,Yum China’s Pizza Hut GM Jeff Kuai Receives Dividend Equivalent RSU Grants,Kalkine Media,https://news.google.com/rss/articles/CBMivAFBVV95cUxORXVSRmNibTQwQXhZQnduREVlaGdwaEEwRUZFVGNCdm1OZXBxcnRzT19XdXVUZ0hFMldxQkFrX2Y0amR5NEo3SXNSd1RQNlYweWdFeVR1ZjZvamwzWEg3VFFFUnZJM3RtUXlUTjdEVGdYRUtIWHI1N3VnWHN1a1V1LXpJU1RYd1U5bFl2b1VEN25Mc1JGSERMN21KU0RGQ3ZPbm1Zdi1iTXhDVndzdHo0Sklla3VIVEFvcHh1cQ?oc=5
YUMC,2026-09-21,Dividend stock units boost Yum China (NYSE: YUMC) legal chief's compensation,Stock Titan,https://news.google.com/rss/articles/CBMitwFBVV95cUxQOEdvdVpSQmR4dHc0QVRzbkNTblF4b0l3cWhIM2ZfTDN6UURDV3ktWkNJYWIxbk14MUd5NTJNUTF2cEdyTUFpZ0UtQmJNanlaRkdQTmNOOEw5RmZkRjcxaTBOQVgzaGRyQzZlVTRpaGFHOWdMcUhQVTFNUnNoNjdNZGRRQTZtU1JnRnpCeEtEQ1ZXZjI3bWpOdkdaTEYwaUNqMjRpYTBQN0t3VHplT01kZlFMck5rdW8?oc=5
YUMC,2026-09-21,Yum China (NYSE: YUMC) grants CEO new dividend-linked stock units,Stock Titan,https://news.google.com/rss/articles/CBMitwFBVV95cUxPY01TdS1JY2t3Q1pzcG5HWG1Mc3Z3VzVVbTByVmdWNlJqd2hBTkRmUTI2Mzh2MmxqVFljYUZ2QjZRbVN0cTh2TmlqdTZJem1xbV9fQVE5Sld1MV8zalU1ZG9zQklkTFJEaFAxMU9OWFNJSGtYdFp6dk1DQ0ZBT3Zoc2ppbThOYnJLSndFSWxGeGE4NFkxajlzN2JuQXhXbnB5cmp4SDBSRnA5ZHM3bjFSZTVqb1FMRm8?oc=5
YUMC,2026-09-21,CFO at Yum China (YUMC) granted 244 stock units,Stock Titan,https://news.google.com/rss/articles/CBMitwFBVV95cUxPSFJreTFFeXhUMmxLdW8zTGxIcngwRkc5QjdkYnpOWk9vRFExcHpVYTlHWWhaTXVkZlhnaDJ4LWZ3bmdIb3VoZkRKa3RQcjJab0JDajlfU2xyRTNGVUVGd056cnJTSTNnTFpjOWFPN2RXdjdtRXE0ZHJ6eUVIRGVyR1hmbldFN01rbHZNUC1NMnY1cUdITGNRN3k0UGVtblFhNHBPSEoyclpFazdQQ1JNekxrT2gxMFk?oc=5
YUMC,2026-09-21,Yum China (NYSE: YUMC) grants dividend RSUs to KFC head,Stock Titan,https://news.google.com/rss/articles/CBMitwFBVV95cUxPeUdjOXBoal9KcG5QeU1WcnBmV0E1SWxCNzVTQWtXNG5ydFJkeFAtcnRqZGxfdHBXcmlDSE03UUxTaExHc1RGbWI2VXl6UnQwMzBkMmx6djR2dUtXaWhnSkUyZGR5UWpEcjhoWEM4VVk1TXNWZjFzVGdFejRMVE55VWRzZVUwNHZvVlNoVHlvLWNmSEE2TEJRZXd0UHlnU3ZyaWlSLUpuSnIzVXZPOFl1dzFNclpTOHM?oc=5
YUMC,2026-09-22,Nykredit A S Makes New Investment in Yum China $YUMC,MarketBeat,https://news.google.com/rss/articles/CBMisgFBVV95cUxPTnprWlJvWDB2Mi0wTWh2dXFBR1lnTEVYU0tPQXlkNkJCSUR0c0tzUy0xalBtZVozMDNPcjBPUDkyVFlYSmdPNEtBUWlLXzQ2c1o0UnFuT2pnSHJDQnpSLWVSWjZJbkFXV3ZDRTJYUXdlZjRrWGFqb0U2UE9pb08zbHpvMnVBUHJxUVpvNmdfclp0S0FfS3hKUlVFME9Qc0lPSWdnTkJHVE9OQ080MTN6M0VB?oc=5
YUMC,2026-09-22,Best Stocks To Buy Now In Australia,Forbes,https://news.google.com/rss/articles/CBMidkFVX3lxTE1mUnA0Vkx0bnhKa2p5VnI4MzBFaXlHdGdmM0o4aVNZbDFDRjFVVTNTR3o2WE90dzhQel91UDF0ZnFkeThkcFdtUjc0WU5acWRPWXp2Q2Z1VEJjOWVSdnFEZV9JZTROWFNMaVRTd3BpWFpTcDdHRVE?oc=5
YUMC,2026-09-22,Yum China (NYSE: YUMC) HR chief logs new RSU perks and 9-share boost,Stock Titan,https://news.google.com/rss/articles/CBMitwFBVV95cUxQVkZJTkd1WnM3VzRJMXAwalF0YVp6dEVBRVZsdzFtZlREZzE0bWFLUXBYcnQ2ekpCSzdRTWtULTMtaUYzb1dKdTl5bmEzUWdjWlZEWDVpcjFsNndrOUV6NkhRODEtZURXakNoSHJJWi1DdzBwcmItYTJXTHlLZXNtNnAtYjVEUWRtc2owanNhdXlfcnRSYXhuOHF1Z0NnSE9YRVQ1NHkxdEo2bDVjMTVhVHVlX2NWVDQ?oc=5
YUMC,2026-09-22,Should Value Investors Buy Yum China (YUMC) Stock?,Yahoo Finance,https://news.google.com/rss/articles/CBMimgFBVV95cUxPMmhPUjN0VUxVZVFsWmM4ZENOdktDckpPOWdqZEV2azE3TmlEdjRxcmFtaktYbndIb3hLckFaTjBXS25tcGZSUklvMEZ3NTFnZUV5Y1dQQW4zQ1FjVHdnVlBqVmROM2o0Sm5BeFhKZlNyVTI1OGxzQUtyZU1kb0oxRGRyeHlSUFV1VzFza29nYmtfSDVEa19Xaldn?oc=5
YUMC,2026-09-22,3 of Wall Street’s Favorite Stocks We Keep Off Our Radar,StockStory,https://news.google.com/rss/articles/CBMitAFBVV95cUxQb0p6MEVNWEpWUUpwRHVzQUswaU8yS1gwWHNMR3ctd1Zid2dxMUVHWF9YcVdmRlJzOHpCUmZ0Sjg4cE9iVWN3c3lkMmg4OFNZZHp0MVVhY1E1VUlkNHlUcEh4SW9aU2d6RUhLdUVFNC01V0diTDlPVHN6a3RrU2VncmJhdTZid1B3MHZSb2tETmJtaFZMVlh4ZmU2d2hhcXBLa1VLUlRTV2U2M3dKS3ZTX0ZrSzk?oc=5
YUMC,2026-09-23,1 Value Stock with Impressive Fundamentals and 2 Facing Headwinds,The Globe and Mail,https://news.google.com/rss/articles/CBMi5AFBVV95cUxPdEw1eDRtcDhGLUV2TnR4SE9yTGRscHFQRnVLSkRPbHdnVkloSG5keXV6ckZJLXNDUzJLY2NtNkZkVDZCU3FKQVBpd3pqXzZEbzNZMFpXOEIyam92SUpEcmYzTDBWTHQ3b1hiMzJ2dHRyOVY2UWh0UDZqUnJnVU11Qzk3UlE3Qnh3SnMzTUlCQ3JIMjlLcEZmTnk4aU5jTERzX0djWEkyVWJzUVhOUV8xUUxUX1VZbFhoVUVFNW5ST2cwMnFJY0R5T1FDRHN3WmNIVkNYUzFvZl9Ndy1GR3kyd0xyLUk?oc=5
YUMC,2026-09-23,Yum China stock trades near its 52 week low,AD HOC NEWS,https://news.google.com/rss/articles/CBMipAFBVV95cUxNN1VyTmhXX292VXhHRmFJMTFENlNJbE5SU1hLcjhCQU9JMGlNS3FwWXd2cExJLXkybDhkQVphbHp6YXVpc0NVc01EZWNMOGFyemJiWVZGTGFMZ3FpX01Xdy1ZLWpSOFlHZ09DUHNNSGFGVUlzR1g4Y2thVEtMeV9fWURvLWdkVjdwWlMtSG03Sk5nR2dfUW53aGlhYnRtYlJpcWxpRQ?oc=5
YUMC,2026-09-23,"Yum China (NYSE:YUMC) Given Consensus Recommendation of ""Moderate Buy"" by Analysts",MarketBeat,https://news.google.com/rss/articles/CBMi2gFBVV95cUxNMzFPUFNpa292OFVlMkR5dXlCRVVfRmVXdF9CQ2FRRGF2LUZEM1dTaTY1Wm82Q2JlU0lFVUE4akotTU9SOXR4QzNsZnhYTVNqMzc3SU54eGJFWFZ4TU4xME9rMlB0ZFlQc1NuVFk2aWZybHJTYjJlQmpORGwzazVrSG12ZEkyUHdXeVkwV1dCUktqMjM4UkJqVVZ2SFI3cE9sZEdVbUd5azFTeGpSWS01aGtSZmtTTTFrem14VEJTcnMxWGtYbGdzbXBacjZzb1BrT2VSdVAyTUtVUQ?oc=5
YUMC,2026-09-23,Yum China Stock Is Statistically Terrible. Here’s What Wall Street Isn’t Telling You.,Yahoo Finance,https://news.google.com/rss/articles/CBMipgFBVV95cUxPdmVUc2E4MV9rTWkzRVRBOWtRbGVMaTIxUWRzcElOWTNYVzNIVXFJZ2VQWUtoRWU1bDg3OTVZYWN3bVBQZEhNTFBoMFZlazB0OEwzSVdTY1Y5a2tRU2lzU251cTU2eGQwOFUzQ1haRHhyMDFrRXlRZGRleWhTcUxmaV9WRHRpNlA0YTRQaExZT05vMHNla1hjandnSjJNS3NGMG9FQ25n?oc=5
YUMC,2026-09-24,"Restaurant Brands International Inc. (QSR) Stock Price, News, Quote & History",Yahoo! Finance Canada,https://news.google.com/rss/articles/CBMiUEFVX3lxTE5vQU1hSVdlY3ZaY3V1MTExUmhvVnFhY0p1enRGQklQVGF5c29KLW9rSW5vNURBOC1nUWJ5ZHlwUGw1bmh5LWxlU0hBOTlDWjh3?oc=5
YUMC,2026-09-24,"Darden Restaurants, Inc. (DRI) latest stock news and headlines",Yahoo Finance UK,https://news.google.com/rss/articles/CBMiV0FVX3lxTFBUbnlKTVNMZUlEU2g2UDJocV9ILXVkTjZsb3BJSjBTTERhWTBtNTh5bzIzdGlGbkFveEhIaXNYYlhZQlRJQzdhSldMWFFhNF92Qm5PRUJWSQ?oc=5
YUMC,2026-09-24,Is Yum China Holdings (YUMC) Undervalued After Its Technical Selloff?,simplywall.st,https://news.google.com/rss/articles/CBMi3AFBVV95cUxOVkszWFNFZlUxc20wUGR2b1NKNFNDVkZhZllveGtLc0ZGenBYd1hzV3BYN1BselpyQWFmSjJXMmxZZ2t5SXBkNmJCM0dIaVBTTkZUcjBxSjZJYXFRUERuSHFvbEtNZVZMejhBSU0xZHZfd0dwR09DRGlPdEd6U21jOGhNYWlCeFk4bFM5UVdUQkFxc3BRSzNaR1dkQ0FHNi1PbDRFWW1rWVBKRTZIQktZX0tFWjNhcHNpZVpSS0J6Y3M3NXNjN2VjNlAtU0Rtd3R5TDFYSzg5QXRmOGpm0gHiAUFVX3lxTE9SNXgzaDNKSHc2WUpmM1FXNlNCNDhienVzVHp2ZzNCd0xaSHhXUUF4WDdQVjR6ZkhEVjVJNXR5R2l5QjRBdGpPM0djUTE3NnR5MXZyRGNXdXB3RnlKQ2oycV9HWlMxb1dGZm5PRFRkbzlPaE9WMGlKR1k1N1RYZ1FjQ3I5ZnJTd1lfY0VXRlV1eHVwclZpc1pOeDE1YlRieWtFNE1LUWk4cW9JdzgzVHRiNXlKTkFDZGhpbjhtR1cweDlzdDlydFJwV1ZTMnlLM291VnJLUU9wYjFjb2dzankwM1E?oc=5
YUMC,2026-09-24,"Yum! Brands, Inc. (YUM) Stock Price, News, Quote & History",Yahoo! Finance Canada,https://news.google.com/rss/articles/CBMiUEFVX3lxTE1CdUpyLUtGdV84MEFjTkhHdGVBaFJVdDBRRUhISklXMGhqVE0wYjZVR0hIZm1xR0ZtS2hDcFlCT1hRNFdlTXloSU15Wm50SWNG?oc=5
YUMC,2026-09-24,"Yum! Brands, Inc. (YUM) stock price, news, quote and history",Yahoo Finance Singapore,https://news.google.com/rss/articles/CBMiUEFVX3lxTE9BQ2g0TG91VFJQTkFST1lWenExenVrTHlfRHVHVlVXdkhkRjkwWWxHTDBFdGo0MkRWRWRZLTMyVTdNOFdONEVMdkJQZWsxTlZ0?oc=5
YUMC,2026-09-25,Unusual Options Activity in Microsoft Stock Is Already Paying Off (and 3 Other Stocks to Watch),inkl,https://news.google.com/rss/articles/CBMiuwFBVV95cUxQdzB3RERqY29TdHZGanFKalhQVjBHZ2hxaGZaRWdmcW1odkNrTHNHOUM1Njk0NUFIV01oY3NNWWFiajVMVDBmVUpZcGYzaGtEQ2pGRjhVTnQ3blM5ODlOZW9SRXYtU3d4VWFJT0VHc1p2VEd3ZUR0MmFBaDZGZnpPTzFzRFR5akJhYkhqeXRaWm9RaDQ3QU4wZHNNcUI1eG1tYnh0OVF0TEtVQ3FUOGJTa2std1d3WFkzWHJZ?oc=5
